[2026-08-22 11:17:52.487 Model_Service_0] [PAPER-LOAD-V4] worker 0/6 host page-lock: {'Qwen/Qwen2.5-1.5B-Instruct': {'locked': 199, 'already_locked': 0, 'failed': 0, 'seconds': 1.9387064189650118}}
[2026-08-22 11:17:52.488 Model_Service_0] [PAPER-LOAD-V4] peer access: {'0->1': True, '1->0': True} p2p=True
[2026-08-22 11:17:57.495 Model_Service_0] Model service 0 input queue is empty, waiting for next request
[2026-08-22 11:18:02.737 Model_Service_0] Model service 0 input queue is empty, waiting for next request
[2026-08-22 11:18:04.772 Model_Service_1] [PAPER-LOAD-V4] worker 1/6 host page-lock: {'Qwen/Qwen2.5-3B-Instruct': {'locked': 255, 'already_locked': 0, 'failed': 0, 'seconds': 3.9213843811303377}}
[2026-08-22 11:18:04.772 Model_Service_1] [PAPER-LOAD-V4] peer access: {'0->1': True, '1->0': True} p2p=True
[2026-08-22 11:18:07.972 Model_Service_0] Model service 0 input queue is empty, waiting for next request
[2026-08-22 11:18:09.780 Model_Service_1] Model service 1 input queue is empty, waiting for next request
[2026-08-22 11:18:13.208 Model_Service_0] Model service 0 input queue is empty, waiting for next request
[2026-08-22 11:18:15.058 Model_Service_1] Model service 1 input queue is empty, waiting for next request
[2026-08-22 11:18:18.445 Model_Service_0] Model service 0 input queue is empty, waiting for next request
[2026-08-22 11:18:20.302 Model_Service_1] Model service 1 input queue is empty, waiting for next request
[2026-08-22 11:18:20.380 Model_Service_2] [PAPER-LOAD-V4] worker 2/6 host page-lock: {'Qwen/Qwen2.5-7B-Instruct': {'locked': 199, 'already_locked': 0, 'failed': 0, 'seconds': 7.21785483811982}}
[2026-08-22 11:18:20.380 Model_Service_2] [PAPER-LOAD-V4] peer access: {'0->1': True, '1->0': True} p2p=True
[2026-08-22 11:18:23.671 Model_Service_0] Model service 0 input queue is empty, waiting for next request
[2026-08-22 11:18:25.389 Model_Service_2] Model service 2 input queue is empty, waiting for next request
[2026-08-22 11:18:25.552 Model_Service_1] Model service 1 input queue is empty, waiting for next request
[2026-08-22 11:18:28.906 Model_Service_0] Model service 0 input queue is empty, waiting for next request
[2026-08-22 11:18:30.793 Model_Service_1] Model service 1 input queue is empty, waiting for next request
[2026-08-22 11:18:30.881 Model_Service_2] Model service 2 input queue is empty, waiting for next request
[2026-08-22 11:18:34.160 Model_Service_0] Model service 0 input queue is empty, waiting for next request
[2026-08-22 11:18:36.038 Model_Service_1] Model service 1 input queue is empty, waiting for next request
[2026-08-22 11:18:36.318 Model_Service_2] Model service 2 input queue is empty, waiting for next request
[2026-08-22 11:18:36.578 Model_Service_3] [PAPER-LOAD-V4] worker 3/6 host page-lock: {'meta-llama/Llama-3.1-8B': {'locked': 195, 'already_locked': 0, 'failed': 0, 'seconds': 7.945997747126967}}
[2026-08-22 11:18:36.580 Model_Service_3] [PAPER-LOAD-V4] peer access: {'0->1': True, '1->0': True} p2p=True
[2026-08-22 11:18:39.398 Model_Service_0] Model service 0 input queue is empty, waiting for next request
[2026-08-22 11:18:41.282 Model_Service_1] Model service 1 input queue is empty, waiting for next request
[2026-08-22 11:18:41.574 Model_Service_2] Model service 2 input queue is empty, waiting for next request
[2026-08-22 11:18:41.586 Model_Service_3] Model service 3 input queue is empty, waiting for next request
[2026-08-22 11:18:44.645 Model_Service_0] Model service 0 input queue is empty, waiting for next request
[2026-08-22 11:18:46.229 Model_Service_4] [PAPER-LOAD-V4] worker 4/6 host page-lock: {'meta-llama/Llama-3.2-1B': {'locked': 98, 'already_locked': 1, 'failed': 0, 'seconds': 1.12395144905895}}
[2026-08-22 11:18:46.229 Model_Service_4] [PAPER-LOAD-V4] peer access: {'0->1': True, '1->0': True} p2p=True
[2026-08-22 11:18:46.526 Model_Service_1] Model service 1 input queue is empty, waiting for next request
[2026-08-22 11:18:46.844 Model_Service_3] Model service 3 input queue is empty, waiting for next request
[2026-08-22 11:18:46.901 Model_Service_2] Model service 2 input queue is empty, waiting for next request
[2026-08-22 11:18:49.894 Model_Service_0] Model service 0 input queue is empty, waiting for next request
[2026-08-22 11:18:51.236 Model_Service_4] Model service 4 input queue is empty, waiting for next request
[2026-08-22 11:18:51.779 Model_Service_1] Model service 1 input queue is empty, waiting for next request
[2026-08-22 11:18:52.105 Model_Service_3] Model service 3 input queue is empty, waiting for next request
[2026-08-22 11:18:52.164 Model_Service_2] Model service 2 input queue is empty, waiting for next request
[2026-08-22 11:18:55.133 Model_Service_0] Model service 0 input queue is empty, waiting for next request
[2026-08-22 11:18:56.470 Model_Service_4] Model service 4 input queue is empty, waiting for next request
[2026-08-22 11:18:57.015 Model_Service_1] Model service 1 input queue is empty, waiting for next request
[2026-08-22 11:18:57.360 Model_Service_3] Model service 3 input queue is empty, waiting for next request
[2026-08-22 11:18:57.495 Model_Service_2] Model service 2 input queue is empty, waiting for next request
[2026-08-22 11:18:57.597 Model_Service_5] [PAPER-LOAD-V4] worker 5/6 host page-lock: {'meta-llama/Llama-3.2-3B': {'locked': 170, 'already_locked': 1, 'failed': 0, 'seconds': 3.1975053490605205}}
[2026-08-22 11:18:57.598 Model_Service_5] [PAPER-LOAD-V4] peer access: {'0->1': True, '1->0': True} p2p=True
[2026-08-22 11:19:00.374 Model_Service_0] Model service 0 input queue is empty, waiting for next request
[2026-08-22 11:19:01.710 Model_Service_4] Model service 4 input queue is empty, waiting for next request
[2026-08-22 11:19:02.247 Model_Service_1] Model service 1 input queue is empty, waiting for next request
[2026-08-22 11:19:02.590 Model_Service_3] Model service 3 input queue is empty, waiting for next request
[2026-08-22 11:19:02.606 Model_Service_5] Model service 5 input queue is empty, waiting for next request
[2026-08-22 11:19:02.747 Model_Service_2] Model service 2 input queue is empty, waiting for next request
[2026-08-22 11:19:05.630 Model_Service_0] Model service 0 input queue is empty, waiting for next request
[2026-08-22 11:19:06.978 Model_Service_4] Model service 4 input queue is empty, waiting for next request
[2026-08-22 11:19:07.481 Model_Service_1] Model service 1 input queue is empty, waiting for next request
[2026-08-22 11:19:07.845 Model_Service_3] Model service 3 input queue is empty, waiting for next request
[2026-08-22 11:19:08.034 Model_Service_2] Model service 2 input queue is empty, waiting for next request
[2026-08-22 11:19:08.059 Model_Service_5] Model service 5 input queue is empty, waiting for next request
[2026-08-22 11:19:10.966 Model_Service_0] Model service 0 input queue is empty, waiting for next request
[2026-08-22 11:19:12.234 Model_Service_4] Model service 4 input queue is empty, waiting for next request
[2026-08-22 11:19:12.770 Model_Service_1] Model service 1 input queue is empty, waiting for next request
[2026-08-22 11:19:13.091 Model_Service_3] Model service 3 input queue is empty, waiting for next request
[2026-08-22 11:19:13.454 Model_Service_2] Model service 2 input queue is empty, waiting for next request
[2026-08-22 11:19:13.486 Model_Service_5] Model service 5 input queue is empty, waiting for next request
[2026-08-22 11:19:16.226 Model_Service_0] Model service 0 input queue is empty, waiting for next request
[2026-08-22 11:19:17.502 Model_Service_4] Model service 4 input queue is empty, waiting for next request
[2026-08-22 11:19:18.030 Model_Service_1] Model service 1 input queue is empty, waiting for next request
[2026-08-22 11:19:18.342 Model_Service_3] Model service 3 input queue is empty, waiting for next request
[2026-08-22 11:19:18.721 Model_Service_2] Model service 2 input queue is empty, waiting for next request
[2026-08-22 11:19:18.748 Model_Service_5] Model service 5 input queue is empty, waiting for next request
[2026-08-22 11:19:21.532 Model_Service_0] Model service 0 input queue is empty, waiting for next request
[2026-08-22 11:19:22.745 Model_Service_4] Model service 4 input queue is empty, waiting for next request
[2026-08-22 11:19:23.292 Model_Service_1] Model service 1 input queue is empty, waiting for next request
[2026-08-22 11:19:23.612 Model_Service_3] Model service 3 input queue is empty, waiting for next request
[2026-08-22 11:19:23.985 Model_Service_2] Model service 2 input queue is empty, waiting for next request
[2026-08-22 11:19:24.030 Model_Service_5] Model service 5 input queue is empty, waiting for next request
[2026-08-22 11:19:26.774 Model_Service_0] Model service 0 input queue is empty, waiting for next request
[2026-08-22 11:19:27.986 Model_Service_4] Model service 4 input queue is empty, waiting for next request
[2026-08-22 11:19:28.533 Model_Service_1] Model service 1 input queue is empty, waiting for next request
[2026-08-22 11:19:28.849 Model_Service_3] Model service 3 input queue is empty, waiting for next request
[2026-08-22 11:19:29.274 Model_Service_2] Model service 2 input queue is empty, waiting for next request
[2026-08-22 11:19:29.310 Model_Service_5] Model service 5 input queue is empty, waiting for next request
[2026-08-22 11:19:32.016 Model_Service_0] Model service 0 input queue is empty, waiting for next request
[2026-08-22 11:19:33.229 Model_Service_4] Model service 4 input queue is empty, waiting for next request
[2026-08-22 11:19:33.773 Model_Service_1] Model service 1 input queue is empty, waiting for next request
[2026-08-22 11:19:34.092 Model_Service_3] Model service 3 input queue is empty, waiting for next request
[2026-08-22 11:19:34.566 Model_Service_2] Model service 2 input queue is empty, waiting for next request
[2026-08-22 11:19:34.575 Model_Service_5] Model service 5 input queue is empty, waiting for next request
[2026-08-22 11:19:37.266 Model_Service_0] Model service 0 input queue is empty, waiting for next request
[2026-08-22 11:19:38.474 Model_Service_4] Model service 4 input queue is empty, waiting for next request
[2026-08-22 11:19:39.010 Model_Service_1] Model service 1 input queue is empty, waiting for next request
[2026-08-22 11:19:39.333 Model_Service_3] Model service 3 input queue is empty, waiting for next request
[2026-08-22 11:19:39.802 Model_Service_2] Model service 2 input queue is empty, waiting for next request
[2026-08-22 11:19:39.831 Model_Service_5] Model service 5 input queue is empty, waiting for next request
[2026-08-22 11:19:42.514 Model_Service_0] Model service 0 input queue is empty, waiting for next request
[2026-08-22 11:19:43.739 Model_Service_4] Model service 4 input queue is empty, waiting for next request
[2026-08-22 11:19:44.249 Model_Service_1] Model service 1 input queue is empty, waiting for next request
[2026-08-22 11:19:44.579 Model_Service_3] Model service 3 input queue is empty, waiting for next request
[2026-08-22 11:19:45.047 Model_Service_2] Model service 2 input queue is empty, waiting for next request
[2026-08-22 11:19:45.077 Model_Service_5] Model service 5 input queue is empty, waiting for next request
[2026-08-22 11:19:47.760 Model_Service_0] Model service 0 input queue is empty, waiting for next request
[2026-08-22 11:19:48.986 Model_Service_4] Model service 4 input queue is empty, waiting for next request
[2026-08-22 11:19:49.485 Model_Service_1] Model service 1 input queue is empty, waiting for next request
[2026-08-22 11:19:49.823 Model_Service_3] Model service 3 input queue is empty, waiting for next request
[2026-08-22 11:19:50.286 Model_Service_2] Model service 2 input queue is empty, waiting for next request
[2026-08-22 11:19:50.319 Model_Service_5] Model service 5 input queue is empty, waiting for next request
[2026-08-22 11:19:50.553 Model_Service_4] Model key: meta-llama/Llama-3.2-1B, engine id: 0_0, target gpu id: 0
[2026-08-22 11:19:50.962 Model_Service_4] [PAPER-LOAD-V4] {"tag": "meta-llama/Llama-3.2-1B|engine=0_0|src=None", "start_time": 1787397590.5554953, "end_time": 1787397590.962003, "policy": "paper", "split": 2, "pipeline_depth": null, "target_gpu": 0, "gpu_ids": [0, 1], "source": "cpu", "host_registered": true, "slices": 198, "payload_bytes": 2996965376, "bytes_h2d_direct": 1498482688, "bytes_h2d_helper": 1498482688, "bytes_p2p": 1498482688, "seconds": 0.40650607412680984, "payload_gbps": 7.372498387478202, "transfer_path": "host-to-device + helper-gpu-p2p"}
[2026-08-22 11:19:50.963 Model_Service_4] Time taken to copy model to GPU 0, service 4, engine 0_0, model meta-llama/Llama-3.2-1B: 0.4096 seconds
[2026-08-22 11:19:51.978 Model_Service_3] Model key: meta-llama/Llama-3.1-8B, engine id: 0_2, target gpu id: 0
[2026-08-22 11:19:51.979 Model_Service_1] Model key: Qwen/Qwen2.5-3B-Instruct, engine id: 0_1, target gpu id: 0
[2026-08-22 11:19:52.040 Model_Service_4] [PAPER-KV-V6] fetch meta-llama/Llama-3.2-1B -> None requests
[2026-08-22 11:19:52.051 Model_Service_4] [PAPER-KV-V6] fetch meta-llama/Llama-3.2-1B -> None requests
[2026-08-22 11:19:52.061 Model_Service_4] [PAPER-KV-V6] fetch meta-llama/Llama-3.2-1B -> None requests
[2026-08-22 11:19:52.072 Model_Service_4] [PAPER-KV-V6] fetch meta-llama/Llama-3.2-1B -> None requests
[2026-08-22 11:19:52.083 Model_Service_4] [PAPER-KV-V6] fetch meta-llama/Llama-3.2-1B -> None requests
[2026-08-22 11:19:52.093 Model_Service_4] [PAPER-KV-V6] fetch meta-llama/Llama-3.2-1B -> None requests
[2026-08-22 11:19:52.104 Model_Service_4] [PAPER-KV-V6] fetch meta-llama/Llama-3.2-1B -> None requests
[2026-08-22 11:19:52.115 Model_Service_4] [PAPER-KV-V6] fetch meta-llama/Llama-3.2-1B -> None requests
[2026-08-22 11:19:52.125 Model_Service_4] [PAPER-KV-V6] fetch meta-llama/Llama-3.2-1B -> None requests
[2026-08-22 11:19:52.136 Model_Service_4] [PAPER-KV-V6] fetch meta-llama/Llama-3.2-1B -> None requests
[2026-08-22 11:19:52.147 Model_Service_4] [PAPER-KV-V6] fetch meta-llama/Llama-3.2-1B -> None requests
[2026-08-22 11:19:52.157 Model_Service_4] [PAPER-KV-V6] fetch meta-llama/Llama-3.2-1B -> None requests
[2026-08-22 11:19:52.168 Model_Service_4] [PAPER-KV-V6] fetch meta-llama/Llama-3.2-1B -> None requests
[2026-08-22 11:19:52.179 Model_Service_4] [PAPER-KV-V6] fetch meta-llama/Llama-3.2-1B -> None requests
[2026-08-22 11:19:52.189 Model_Service_4] [PAPER-KV-V6] fetch meta-llama/Llama-3.2-1B -> None requests
[2026-08-22 11:19:52.200 Model_Service_4] [PAPER-KV-V6] fetch meta-llama/Llama-3.2-1B -> None requests
[2026-08-22 11:19:52.211 Model_Service_4] [PAPER-KV-V6] fetch meta-llama/Llama-3.2-1B -> None requests
[2026-08-22 11:19:52.221 Model_Service_4] [PAPER-KV-V6] fetch meta-llama/Llama-3.2-1B -> None requests
[2026-08-22 11:19:52.232 Model_Service_4] [PAPER-KV-V6] fetch meta-llama/Llama-3.2-1B -> None requests
[2026-08-22 11:19:52.243 Model_Service_4] [PAPER-KV-V6] fetch meta-llama/Llama-3.2-1B -> None requests
[2026-08-22 11:19:52.254 Model_Service_4] [PAPER-KV-V6] fetch meta-llama/Llama-3.2-1B -> None requests
[2026-08-22 11:19:52.265 Model_Service_4] [PAPER-KV-V6] fetch meta-llama/Llama-3.2-1B -> None requests
[2026-08-22 11:19:52.275 Model_Service_4] [PAPER-KV-V6] fetch meta-llama/Llama-3.2-1B -> None requests
[2026-08-22 11:19:52.286 Model_Service_4] [PAPER-KV-V6] fetch meta-llama/Llama-3.2-1B -> None requests
[2026-08-22 11:19:52.297 Model_Service_4] [PAPER-KV-V6] fetch meta-llama/Llama-3.2-1B -> None requests
[2026-08-22 11:19:52.308 Model_Service_4] [PAPER-KV-V6] fetch meta-llama/Llama-3.2-1B -> None requests
[2026-08-22 11:19:52.318 Model_Service_4] [PAPER-KV-V6] fetch meta-llama/Llama-3.2-1B -> None requests
[2026-08-22 11:19:52.329 Model_Service_4] [PAPER-KV-V6] fetch meta-llama/Llama-3.2-1B -> None requests
[2026-08-22 11:19:52.340 Model_Service_4] [PAPER-KV-V6] fetch meta-llama/Llama-3.2-1B -> None requests
[2026-08-22 11:19:52.351 Model_Service_4] [PAPER-KV-V6] fetch meta-llama/Llama-3.2-1B -> None requests
[2026-08-22 11:19:52.361 Model_Service_4] [PAPER-KV-V6] fetch meta-llama/Llama-3.2-1B -> None requests
[2026-08-22 11:19:52.372 Model_Service_4] [PAPER-KV-V6] fetch meta-llama/Llama-3.2-1B -> None requests
[2026-08-22 11:19:52.383 Model_Service_4] [PAPER-KV-V6] fetch meta-llama/Llama-3.2-1B -> None requests
[2026-08-22 11:19:52.393 Model_Service_4] [PAPER-KV-V6] fetch meta-llama/Llama-3.2-1B -> None requests
[2026-08-22 11:19:52.404 Model_Service_4] [PAPER-KV-V6] fetch meta-llama/Llama-3.2-1B -> None requests
[2026-08-22 11:19:52.415 Model_Service_4] [PAPER-KV-V6] fetch meta-llama/Llama-3.2-1B -> None requests
[2026-08-22 11:19:52.425 Model_Service_4] [PAPER-KV-V6] fetch meta-llama/Llama-3.2-1B -> None requests
[2026-08-22 11:19:52.436 Model_Service_4] [PAPER-KV-V6] fetch meta-llama/Llama-3.2-1B -> None requests
[2026-08-22 11:19:52.446 Model_Service_4] [PAPER-KV-V6] fetch meta-llama/Llama-3.2-1B -> None requests
[2026-08-22 11:19:52.457 Model_Service_4] [PAPER-KV-V6] fetch meta-llama/Llama-3.2-1B -> None requests
[2026-08-22 11:19:52.468 Model_Service_4] [PAPER-KV-V6] fetch meta-llama/Llama-3.2-1B -> None requests
[2026-08-22 11:19:52.478 Model_Service_4] [PAPER-KV-V6] fetch meta-llama/Llama-3.2-1B -> None requests
[2026-08-22 11:19:52.489 Model_Service_4] [PAPER-KV-V6] fetch meta-llama/Llama-3.2-1B -> None requests
[2026-08-22 11:19:52.500 Model_Service_4] [PAPER-KV-V6] fetch meta-llama/Llama-3.2-1B -> None requests
[2026-08-22 11:19:52.510 Model_Service_4] [PAPER-KV-V6] fetch meta-llama/Llama-3.2-1B -> None requests
[2026-08-22 11:19:52.521 Model_Service_4] [PAPER-KV-V6] fetch meta-llama/Llama-3.2-1B -> None requests
[2026-08-22 11:19:52.531 Model_Service_4] [PAPER-KV-V6] fetch meta-llama/Llama-3.2-1B -> None requests
[2026-08-22 11:19:52.542 Model_Service_4] [PAPER-KV-V6] fetch meta-llama/Llama-3.2-1B -> None requests
[2026-08-22 11:19:52.552 Model_Service_4] [PAPER-KV-V6] fetch meta-llama/Llama-3.2-1B -> None requests
[2026-08-22 11:19:52.563 Model_Service_4] [PAPER-KV-V6] fetch meta-llama/Llama-3.2-1B -> None requests
[2026-08-22 11:19:52.573 Model_Service_4] [PAPER-KV-V6] fetch meta-llama/Llama-3.2-1B -> None requests
[2026-08-22 11:19:52.584 Model_Service_4] [PAPER-KV-V6] fetch meta-llama/Llama-3.2-1B -> None requests
[2026-08-22 11:19:52.594 Model_Service_4] [PAPER-KV-V6] fetch meta-llama/Llama-3.2-1B -> None requests
[2026-08-22 11:19:52.605 Model_Service_4] [PAPER-KV-V6] fetch meta-llama/Llama-3.2-1B -> None requests
[2026-08-22 11:19:52.615 Model_Service_4] [PAPER-KV-V6] fetch meta-llama/Llama-3.2-1B -> None requests
[2026-08-22 11:19:52.626 Model_Service_4] [PAPER-KV-V6] fetch meta-llama/Llama-3.2-1B -> None requests
[2026-08-22 11:19:52.637 Model_Service_4] [PAPER-KV-V6] fetch meta-llama/Llama-3.2-1B -> None requests
[2026-08-22 11:19:52.647 Model_Service_4] [PAPER-KV-V6] fetch meta-llama/Llama-3.2-1B -> None requests
[2026-08-22 11:19:52.657 Model_Service_4] [PAPER-KV-V6] fetch meta-llama/Llama-3.2-1B -> None requests
[2026-08-22 11:19:52.668 Model_Service_4] [PAPER-KV-V6] fetch meta-llama/Llama-3.2-1B -> None requests
[2026-08-22 11:19:52.678 Model_Service_4] [PAPER-KV-V6] fetch meta-llama/Llama-3.2-1B -> None requests
[2026-08-22 11:19:52.689 Model_Service_4] [PAPER-KV-V6] fetch meta-llama/Llama-3.2-1B -> None requests
[2026-08-22 11:19:52.699 Model_Service_4] [PAPER-KV-V6] fetch meta-llama/Llama-3.2-1B -> None requests
[2026-08-22 11:19:52.710 Model_Service_4] [PAPER-KV-V6] fetch meta-llama/Llama-3.2-1B -> None requests
[2026-08-22 11:19:52.721 Model_Service_4] [PAPER-KV-V6] fetch meta-llama/Llama-3.2-1B -> None requests
[2026-08-22 11:19:52.731 Model_Service_4] [PAPER-KV-V6] fetch meta-llama/Llama-3.2-1B -> None requests
[2026-08-22 11:19:52.741 Model_Service_4] [PAPER-KV-V6] fetch meta-llama/Llama-3.2-1B -> None requests
[2026-08-22 11:19:52.752 Model_Service_4] [PAPER-KV-V6] fetch meta-llama/Llama-3.2-1B -> None requests
[2026-08-22 11:19:52.762 Model_Service_4] [PAPER-KV-V6] fetch meta-llama/Llama-3.2-1B -> None requests
[2026-08-22 11:19:52.773 Model_Service_4] [PAPER-KV-V6] fetch meta-llama/Llama-3.2-1B -> None requests
[2026-08-22 11:19:52.783 Model_Service_4] [PAPER-KV-V6] fetch meta-llama/Llama-3.2-1B -> None requests
[2026-08-22 11:19:52.794 Model_Service_4] [PAPER-KV-V6] fetch meta-llama/Llama-3.2-1B -> None requests
[2026-08-22 11:19:52.805 Model_Service_4] [PAPER-KV-V6] fetch meta-llama/Llama-3.2-1B -> None requests
[2026-08-22 11:19:52.815 Model_Service_4] [PAPER-KV-V6] fetch meta-llama/Llama-3.2-1B -> None requests
[2026-08-22 11:19:52.825 Model_Service_4] [PAPER-KV-V6] fetch meta-llama/Llama-3.2-1B -> None requests
[2026-08-22 11:19:52.836 Model_Service_4] [PAPER-KV-V6] fetch meta-llama/Llama-3.2-1B -> None requests
[2026-08-22 11:19:52.846 Model_Service_4] [PAPER-KV-V6] fetch meta-llama/Llama-3.2-1B -> None requests
[2026-08-22 11:19:52.857 Model_Service_4] [PAPER-KV-V6] fetch meta-llama/Llama-3.2-1B -> None requests
[2026-08-22 11:19:52.867 Model_Service_4] [PAPER-KV-V6] fetch meta-llama/Llama-3.2-1B -> None requests
[2026-08-22 11:19:52.878 Model_Service_4] [PAPER-KV-V6] fetch meta-llama/Llama-3.2-1B -> None requests
[2026-08-22 11:19:52.889 Model_Service_4] [PAPER-KV-V6] fetch meta-llama/Llama-3.2-1B -> None requests
[2026-08-22 11:19:52.899 Model_Service_4] [PAPER-KV-V6] fetch meta-llama/Llama-3.2-1B -> None requests
[2026-08-22 11:19:52.910 Model_Service_4] [PAPER-KV-V6] fetch meta-llama/Llama-3.2-1B -> None requests
[2026-08-22 11:19:52.921 Model_Service_4] [PAPER-KV-V6] fetch meta-llama/Llama-3.2-1B -> None requests
[2026-08-22 11:19:52.931 Model_Service_4] [PAPER-KV-V6] fetch meta-llama/Llama-3.2-1B -> None requests
[2026-08-22 11:19:52.941 Model_Service_4] [PAPER-KV-V6] fetch meta-llama/Llama-3.2-1B -> None requests
[2026-08-22 11:19:52.952 Model_Service_4] [PAPER-KV-V6] fetch meta-llama/Llama-3.2-1B -> None requests
[2026-08-22 11:19:52.963 Model_Service_4] [PAPER-KV-V6] fetch meta-llama/Llama-3.2-1B -> None requests
[2026-08-22 11:19:52.973 Model_Service_4] [PAPER-KV-V6] fetch meta-llama/Llama-3.2-1B -> None requests
[2026-08-22 11:19:52.983 Model_Service_4] [PAPER-KV-V6] fetch meta-llama/Llama-3.2-1B -> None requests
[2026-08-22 11:19:52.994 Model_Service_4] [PAPER-KV-V6] fetch meta-llama/Llama-3.2-1B -> None requests
[2026-08-22 11:19:53.001 Model_Service_0] Model service 0 input queue is empty, waiting for next request
[2026-08-22 11:19:53.005 Model_Service_4] [PAPER-KV-V6] fetch meta-llama/Llama-3.2-1B -> None requests
[2026-08-22 11:19:53.015 Model_Service_4] [PAPER-KV-V6] fetch meta-llama/Llama-3.2-1B -> None requests
[2026-08-22 11:19:53.025 Model_Service_4] [PAPER-KV-V6] fetch meta-llama/Llama-3.2-1B -> None requests
[2026-08-22 11:19:53.032 Model_Service_1] [PAPER-LOAD-V4] {"tag": "Qwen/Qwen2.5-3B-Instruct|engine=0_1|src=None", "start_time": 1787397591.983258, "end_time": 1787397593.0323293, "policy": "paper", "split": 2, "pipeline_depth": null, "target_gpu": 0, "gpu_ids": [0, 1], "source": "cpu", "host_registered": true, "slices": 510, "payload_bytes": 6794207232, "bytes_h2d_direct": 3397103616, "bytes_h2d_helper": 3397103616, "bytes_p2p": 3397103616, "seconds": 1.0490696940105408, "payload_gbps": 6.476411691987867, "transfer_path": "host-to-device + helper-gpu-p2p"}
[2026-08-22 11:19:53.035 Model_Service_1] Time taken to copy model to GPU 0, service 1, engine 0_1, model Qwen/Qwen2.5-3B-Instruct: 1.0558 seconds
[2026-08-22 11:19:53.036 Model_Service_4] [PAPER-KV-V6] fetch meta-llama/Llama-3.2-1B -> None requests
[2026-08-22 11:19:53.046 Model_Service_4] [PAPER-KV-V6] fetch meta-llama/Llama-3.2-1B -> None requests
[2026-08-22 11:19:53.057 Model_Service_4] [PAPER-KV-V6] fetch meta-llama/Llama-3.2-1B -> None requests
[2026-08-22 11:19:53.067 Model_Service_4] [PAPER-KV-V6] fetch meta-llama/Llama-3.2-1B -> None requests
[2026-08-22 11:19:53.078 Model_Service_4] [PAPER-KV-V6] fetch meta-llama/Llama-3.2-1B -> None requests
[2026-08-22 11:19:53.089 Model_Service_4] [PAPER-KV-V6] fetch meta-llama/Llama-3.2-1B -> None requests
[2026-08-22 11:19:53.099 Model_Service_4] [PAPER-KV-V6] fetch meta-llama/Llama-3.2-1B -> None requests
[2026-08-22 11:19:53.110 Model_Service_4] [PAPER-KV-V6] fetch meta-llama/Llama-3.2-1B -> None requests
[2026-08-22 11:19:53.120 Model_Service_4] [PAPER-KV-V6] fetch meta-llama/Llama-3.2-1B -> None requests
[2026-08-22 11:19:53.131 Model_Service_4] [PAPER-KV-V6] fetch meta-llama/Llama-3.2-1B -> None requests
[2026-08-22 11:19:53.142 Model_Service_4] [PAPER-KV-V6] fetch meta-llama/Llama-3.2-1B -> None requests
[2026-08-22 11:19:53.153 Model_Service_4] [PAPER-KV-V6] fetch meta-llama/Llama-3.2-1B -> None requests
[2026-08-22 11:19:53.165 Model_Service_4] [PAPER-KV-V6] fetch meta-llama/Llama-3.2-1B -> None requests
[2026-08-22 11:19:53.175 Model_Service_4] [PAPER-KV-V6] fetch meta-llama/Llama-3.2-1B -> None requests
[2026-08-22 11:19:53.187 Model_Service_4] [PAPER-KV-V6] fetch meta-llama/Llama-3.2-1B -> None requests
[2026-08-22 11:19:53.197 Model_Service_4] [PAPER-KV-V6] fetch meta-llama/Llama-3.2-1B -> None requests
[2026-08-22 11:19:53.208 Model_Service_4] [PAPER-KV-V6] fetch meta-llama/Llama-3.2-1B -> None requests
[2026-08-22 11:19:53.219 Model_Service_4] [PAPER-KV-V6] fetch meta-llama/Llama-3.2-1B -> None requests
[2026-08-22 11:19:53.229 Model_Service_4] [PAPER-KV-V6] fetch meta-llama/Llama-3.2-1B -> None requests
[2026-08-22 11:19:53.240 Model_Service_4] [PAPER-KV-V6] fetch meta-llama/Llama-3.2-1B -> None requests
[2026-08-22 11:19:53.251 Model_Service_4] [PAPER-KV-V6] fetch meta-llama/Llama-3.2-1B -> None requests
[2026-08-22 11:19:53.261 Model_Service_4] [PAPER-KV-V6] fetch meta-llama/Llama-3.2-1B -> None requests
[2026-08-22 11:19:53.272 Model_Service_4] [PAPER-KV-V6] fetch meta-llama/Llama-3.2-1B -> None requests
[2026-08-22 11:19:53.282 Model_Service_4] [PAPER-KV-V6] fetch meta-llama/Llama-3.2-1B -> None requests
[2026-08-22 11:19:53.293 Model_Service_4] [PAPER-KV-V6] fetch meta-llama/Llama-3.2-1B -> None requests
[2026-08-22 11:19:53.304 Model_Service_4] [PAPER-KV-V6] fetch meta-llama/Llama-3.2-1B -> None requests
[2026-08-22 11:19:53.315 Model_Service_4] [PAPER-KV-V6] fetch meta-llama/Llama-3.2-1B -> None requests
[2026-08-22 11:19:53.326 Model_Service_4] [PAPER-KV-V6] fetch meta-llama/Llama-3.2-1B -> None requests
[2026-08-22 11:19:53.336 Model_Service_4] [PAPER-KV-V6] fetch meta-llama/Llama-3.2-1B -> None requests
[2026-08-22 11:19:53.347 Model_Service_4] [PAPER-KV-V6] fetch meta-llama/Llama-3.2-1B -> None requests
[2026-08-22 11:19:53.357 Model_Service_4] [PAPER-KV-V6] fetch meta-llama/Llama-3.2-1B -> None requests
[2026-08-22 11:19:53.367 Model_Service_4] [PAPER-KV-V6] fetch meta-llama/Llama-3.2-1B -> None requests
[2026-08-22 11:19:53.378 Model_Service_4] [PAPER-KV-V6] fetch meta-llama/Llama-3.2-1B -> None requests
[2026-08-22 11:19:53.388 Model_Service_4] [PAPER-KV-V6] fetch meta-llama/Llama-3.2-1B -> None requests
[2026-08-22 11:19:53.398 Model_Service_4] [PAPER-KV-V6] fetch meta-llama/Llama-3.2-1B -> None requests
[2026-08-22 11:19:53.409 Model_Service_4] [PAPER-KV-V6] fetch meta-llama/Llama-3.2-1B -> None requests
[2026-08-22 11:19:53.419 Model_Service_4] [PAPER-KV-V6] fetch meta-llama/Llama-3.2-1B -> None requests
[2026-08-22 11:19:53.429 Model_Service_4] [PAPER-KV-V6] fetch meta-llama/Llama-3.2-1B -> None requests
[2026-08-22 11:19:53.439 Model_Service_4] [PAPER-KV-V6] fetch meta-llama/Llama-3.2-1B -> None requests
[2026-08-22 11:19:53.450 Model_Service_4] [PAPER-KV-V6] fetch meta-llama/Llama-3.2-1B -> None requests
[2026-08-22 11:19:53.460 Model_Service_4] [PAPER-KV-V6] fetch meta-llama/Llama-3.2-1B -> None requests
[2026-08-22 11:19:53.470 Model_Service_4] [PAPER-KV-V6] fetch meta-llama/Llama-3.2-1B -> None requests
[2026-08-22 11:19:53.480 Model_Service_4] [PAPER-KV-V6] fetch meta-llama/Llama-3.2-1B -> None requests
[2026-08-22 11:19:53.491 Model_Service_4] [PAPER-KV-V6] fetch meta-llama/Llama-3.2-1B -> None requests
[2026-08-22 11:19:53.501 Model_Service_4] [PAPER-KV-V6] fetch meta-llama/Llama-3.2-1B -> None requests
[2026-08-22 11:19:53.511 Model_Service_4] [PAPER-KV-V6] fetch meta-llama/Llama-3.2-1B -> None requests
[2026-08-22 11:19:53.521 Model_Service_4] [PAPER-KV-V6] fetch meta-llama/Llama-3.2-1B -> None requests
[2026-08-22 11:19:53.532 Model_Service_4] [PAPER-KV-V6] fetch meta-llama/Llama-3.2-1B -> None requests
[2026-08-22 11:19:53.540 Model_Service_1] [PAPER-KV-V6] fetch Qwen/Qwen2.5-3B-Instruct -> None requests
[2026-08-22 11:19:53.542 Model_Service_4] [PAPER-KV-V6] fetch meta-llama/Llama-3.2-1B -> None requests
[2026-08-22 11:19:53.551 Model_Service_1] [PAPER-KV-V6] fetch Qwen/Qwen2.5-3B-Instruct -> None requests
[2026-08-22 11:19:53.552 Model_Service_4] [PAPER-KV-V6] fetch meta-llama/Llama-3.2-1B -> None requests
[2026-08-22 11:19:53.562 Model_Service_1] [PAPER-KV-V6] fetch Qwen/Qwen2.5-3B-Instruct -> None requests
[2026-08-22 11:19:53.563 Model_Service_4] [PAPER-KV-V6] fetch meta-llama/Llama-3.2-1B -> None requests
[2026-08-22 11:19:53.572 Model_Service_1] [PAPER-KV-V6] fetch Qwen/Qwen2.5-3B-Instruct -> None requests
[2026-08-22 11:19:53.573 Model_Service_4] [PAPER-KV-V6] fetch meta-llama/Llama-3.2-1B -> None requests
[2026-08-22 11:19:53.583 Model_Service_1] [PAPER-KV-V6] fetch Qwen/Qwen2.5-3B-Instruct -> None requests
[2026-08-22 11:19:53.583 Model_Service_4] [PAPER-KV-V6] fetch meta-llama/Llama-3.2-1B -> None requests
[2026-08-22 11:19:53.594 Model_Service_4] [PAPER-KV-V6] fetch meta-llama/Llama-3.2-1B -> None requests
[2026-08-22 11:19:53.594 Model_Service_1] [PAPER-KV-V6] fetch Qwen/Qwen2.5-3B-Instruct -> None requests
[2026-08-22 11:19:53.604 Model_Service_4] [PAPER-KV-V6] fetch meta-llama/Llama-3.2-1B -> None requests
[2026-08-22 11:19:53.605 Model_Service_1] [PAPER-KV-V6] fetch Qwen/Qwen2.5-3B-Instruct -> None requests
[2026-08-22 11:19:53.614 Model_Service_4] [PAPER-KV-V6] fetch meta-llama/Llama-3.2-1B -> None requests
[2026-08-22 11:19:53.616 Model_Service_1] [PAPER-KV-V6] fetch Qwen/Qwen2.5-3B-Instruct -> None requests
[2026-08-22 11:19:53.625 Model_Service_4] [PAPER-KV-V6] fetch meta-llama/Llama-3.2-1B -> None requests
[2026-08-22 11:19:53.626 Model_Service_1] [PAPER-KV-V6] fetch Qwen/Qwen2.5-3B-Instruct -> None requests
[2026-08-22 11:19:53.635 Model_Service_4] [PAPER-KV-V6] fetch meta-llama/Llama-3.2-1B -> None requests
[2026-08-22 11:19:53.637 Model_Service_1] [PAPER-KV-V6] fetch Qwen/Qwen2.5-3B-Instruct -> None requests
[2026-08-22 11:19:53.645 Model_Service_4] [PAPER-KV-V6] fetch meta-llama/Llama-3.2-1B -> None requests
[2026-08-22 11:19:53.648 Model_Service_1] [PAPER-KV-V6] fetch Qwen/Qwen2.5-3B-Instruct -> None requests
[2026-08-22 11:19:53.656 Model_Service_4] [PAPER-KV-V6] fetch meta-llama/Llama-3.2-1B -> None requests
[2026-08-22 11:19:53.659 Model_Service_1] [PAPER-KV-V6] fetch Qwen/Qwen2.5-3B-Instruct -> None requests
[2026-08-22 11:19:53.666 Model_Service_4] [PAPER-KV-V6] fetch meta-llama/Llama-3.2-1B -> None requests
[2026-08-22 11:19:53.669 Model_Service_1] [PAPER-KV-V6] fetch Qwen/Qwen2.5-3B-Instruct -> None requests
[2026-08-22 11:19:53.677 Model_Service_4] [PAPER-KV-V6] fetch meta-llama/Llama-3.2-1B -> None requests
[2026-08-22 11:19:53.680 Model_Service_1] [PAPER-KV-V6] fetch Qwen/Qwen2.5-3B-Instruct -> None requests
[2026-08-22 11:19:53.687 Model_Service_4] [PAPER-KV-V6] fetch meta-llama/Llama-3.2-1B -> None requests
[2026-08-22 11:19:53.691 Model_Service_1] [PAPER-KV-V6] fetch Qwen/Qwen2.5-3B-Instruct -> None requests
[2026-08-22 11:19:53.698 Model_Service_4] [PAPER-KV-V6] fetch meta-llama/Llama-3.2-1B -> None requests
[2026-08-22 11:19:53.702 Model_Service_1] [PAPER-KV-V6] fetch Qwen/Qwen2.5-3B-Instruct -> None requests
[2026-08-22 11:19:53.709 Model_Service_4] [PAPER-KV-V6] fetch meta-llama/Llama-3.2-1B -> None requests
[2026-08-22 11:19:53.713 Model_Service_1] [PAPER-KV-V6] fetch Qwen/Qwen2.5-3B-Instruct -> None requests
[2026-08-22 11:19:53.719 Model_Service_4] [PAPER-KV-V6] fetch meta-llama/Llama-3.2-1B -> None requests
[2026-08-22 11:19:53.724 Model_Service_1] [PAPER-KV-V6] fetch Qwen/Qwen2.5-3B-Instruct -> None requests
[2026-08-22 11:19:53.730 Model_Service_4] [PAPER-KV-V6] fetch meta-llama/Llama-3.2-1B -> None requests
[2026-08-22 11:19:53.734 Model_Service_1] [PAPER-KV-V6] fetch Qwen/Qwen2.5-3B-Instruct -> None requests
[2026-08-22 11:19:53.740 Model_Service_4] [PAPER-KV-V6] fetch meta-llama/Llama-3.2-1B -> None requests
[2026-08-22 11:19:53.745 Model_Service_1] [PAPER-KV-V6] fetch Qwen/Qwen2.5-3B-Instruct -> None requests
[2026-08-22 11:19:53.751 Model_Service_4] [PAPER-KV-V6] fetch meta-llama/Llama-3.2-1B -> None requests
[2026-08-22 11:19:53.756 Model_Service_1] [PAPER-KV-V6] fetch Qwen/Qwen2.5-3B-Instruct -> None requests
[2026-08-22 11:19:53.761 Model_Service_4] [PAPER-KV-V6] fetch meta-llama/Llama-3.2-1B -> None requests
[2026-08-22 11:19:53.767 Model_Service_1] [PAPER-KV-V6] fetch Qwen/Qwen2.5-3B-Instruct -> None requests
[2026-08-22 11:19:53.771 Model_Service_4] [PAPER-KV-V6] fetch meta-llama/Llama-3.2-1B -> None requests
[2026-08-22 11:19:53.778 Model_Service_1] [PAPER-KV-V6] fetch Qwen/Qwen2.5-3B-Instruct -> None requests
[2026-08-22 11:19:53.782 Model_Service_4] [PAPER-KV-V6] fetch meta-llama/Llama-3.2-1B -> None requests
[2026-08-22 11:19:53.788 Model_Service_1] [PAPER-KV-V6] fetch Qwen/Qwen2.5-3B-Instruct -> None requests
[2026-08-22 11:19:53.792 Model_Service_4] [PAPER-KV-V6] fetch meta-llama/Llama-3.2-1B -> None requests
[2026-08-22 11:19:53.799 Model_Service_1] [PAPER-KV-V6] fetch Qwen/Qwen2.5-3B-Instruct -> None requests
[2026-08-22 11:19:53.802 Model_Service_4] [PAPER-KV-V6] fetch meta-llama/Llama-3.2-1B -> None requests
[2026-08-22 11:19:53.810 Model_Service_1] [PAPER-KV-V6] fetch Qwen/Qwen2.5-3B-Instruct -> None requests
[2026-08-22 11:19:53.813 Model_Service_4] [PAPER-KV-V6] fetch meta-llama/Llama-3.2-1B -> None requests
[2026-08-22 11:19:53.821 Model_Service_1] [PAPER-KV-V6] fetch Qwen/Qwen2.5-3B-Instruct -> None requests
[2026-08-22 11:19:53.823 Model_Service_4] [PAPER-KV-V6] fetch meta-llama/Llama-3.2-1B -> None requests
[2026-08-22 11:19:53.831 Model_Service_1] [PAPER-KV-V6] fetch Qwen/Qwen2.5-3B-Instruct -> None requests
[2026-08-22 11:19:53.833 Model_Service_4] [PAPER-KV-V6] fetch meta-llama/Llama-3.2-1B -> None requests
[2026-08-22 11:19:53.842 Model_Service_1] [PAPER-KV-V6] fetch Qwen/Qwen2.5-3B-Instruct -> None requests
[2026-08-22 11:19:53.844 Model_Service_4] [PAPER-KV-V6] fetch meta-llama/Llama-3.2-1B -> None requests
[2026-08-22 11:19:53.853 Model_Service_1] [PAPER-KV-V6] fetch Qwen/Qwen2.5-3B-Instruct -> None requests
[2026-08-22 11:19:53.854 Model_Service_4] [PAPER-KV-V6] fetch meta-llama/Llama-3.2-1B -> None requests
[2026-08-22 11:19:53.864 Model_Service_1] [PAPER-KV-V6] fetch Qwen/Qwen2.5-3B-Instruct -> None requests
[2026-08-22 11:19:53.864 Model_Service_4] [PAPER-KV-V6] fetch meta-llama/Llama-3.2-1B -> None requests
[2026-08-22 11:19:53.874 Model_Service_4] [PAPER-KV-V6] fetch meta-llama/Llama-3.2-1B -> None requests
[2026-08-22 11:19:53.875 Model_Service_1] [PAPER-KV-V6] fetch Qwen/Qwen2.5-3B-Instruct -> None requests
[2026-08-22 11:19:53.885 Model_Service_4] [PAPER-KV-V6] fetch meta-llama/Llama-3.2-1B -> None requests
[2026-08-22 11:19:53.886 Model_Service_1] [PAPER-KV-V6] fetch Qwen/Qwen2.5-3B-Instruct -> None requests
[2026-08-22 11:19:53.895 Model_Service_4] [PAPER-KV-V6] fetch meta-llama/Llama-3.2-1B -> None requests
[2026-08-22 11:19:53.897 Model_Service_1] [PAPER-KV-V6] fetch Qwen/Qwen2.5-3B-Instruct -> None requests
[2026-08-22 11:19:53.905 Model_Service_4] [PAPER-KV-V6] fetch meta-llama/Llama-3.2-1B -> None requests
[2026-08-22 11:19:53.907 Model_Service_1] [PAPER-KV-V6] fetch Qwen/Qwen2.5-3B-Instruct -> None requests
[2026-08-22 11:19:53.916 Model_Service_4] [PAPER-KV-V6] fetch meta-llama/Llama-3.2-1B -> None requests
[2026-08-22 11:19:53.919 Model_Service_1] [PAPER-KV-V6] fetch Qwen/Qwen2.5-3B-Instruct -> None requests
[2026-08-22 11:19:53.926 Model_Service_4] [PAPER-KV-V6] fetch meta-llama/Llama-3.2-1B -> None requests
[2026-08-22 11:19:53.929 Model_Service_1] [PAPER-KV-V6] fetch Qwen/Qwen2.5-3B-Instruct -> None requests
[2026-08-22 11:19:53.936 Model_Service_4] [PAPER-KV-V6] fetch meta-llama/Llama-3.2-1B -> None requests
[2026-08-22 11:19:53.940 Model_Service_1] [PAPER-KV-V6] fetch Qwen/Qwen2.5-3B-Instruct -> None requests
[2026-08-22 11:19:53.947 Model_Service_4] [PAPER-KV-V6] fetch meta-llama/Llama-3.2-1B -> None requests
[2026-08-22 11:19:53.951 Model_Service_1] [PAPER-KV-V6] fetch Qwen/Qwen2.5-3B-Instruct -> None requests
[2026-08-22 11:19:53.957 Model_Service_4] [PAPER-KV-V6] fetch meta-llama/Llama-3.2-1B -> None requests
[2026-08-22 11:19:53.962 Model_Service_1] [PAPER-KV-V6] fetch Qwen/Qwen2.5-3B-Instruct -> None requests
[2026-08-22 11:19:53.967 Model_Service_4] [PAPER-KV-V6] fetch meta-llama/Llama-3.2-1B -> None requests
[2026-08-22 11:19:53.972 Model_Service_1] [PAPER-KV-V6] fetch Qwen/Qwen2.5-3B-Instruct -> None requests
[2026-08-22 11:19:53.977 Model_Service_4] [PAPER-KV-V6] fetch meta-llama/Llama-3.2-1B -> None requests
[2026-08-22 11:19:53.983 Model_Service_1] [PAPER-KV-V6] fetch Qwen/Qwen2.5-3B-Instruct -> None requests
[2026-08-22 11:19:53.988 Model_Service_4] [PAPER-KV-V6] fetch meta-llama/Llama-3.2-1B -> None requests
[2026-08-22 11:19:53.994 Model_Service_1] [PAPER-KV-V6] fetch Qwen/Qwen2.5-3B-Instruct -> None requests
[2026-08-22 11:19:53.998 Model_Service_4] [PAPER-KV-V6] fetch meta-llama/Llama-3.2-1B -> None requests
[2026-08-22 11:19:54.005 Model_Service_1] [PAPER-KV-V6] fetch Qwen/Qwen2.5-3B-Instruct -> None requests
[2026-08-22 11:19:54.008 Model_Service_4] [PAPER-KV-V6] fetch meta-llama/Llama-3.2-1B -> None requests
[2026-08-22 11:19:54.016 Model_Service_1] [PAPER-KV-V6] fetch Qwen/Qwen2.5-3B-Instruct -> None requests
[2026-08-22 11:19:54.019 Model_Service_4] [PAPER-KV-V6] fetch meta-llama/Llama-3.2-1B -> None requests
[2026-08-22 11:19:54.026 Model_Service_1] [PAPER-KV-V6] fetch Qwen/Qwen2.5-3B-Instruct -> None requests
[2026-08-22 11:19:54.029 Model_Service_4] [PAPER-KV-V6] fetch meta-llama/Llama-3.2-1B -> None requests
[2026-08-22 11:19:54.037 Model_Service_1] [PAPER-KV-V6] fetch Qwen/Qwen2.5-3B-Instruct -> None requests
[2026-08-22 11:19:54.039 Model_Service_4] [PAPER-KV-V6] fetch meta-llama/Llama-3.2-1B -> None requests
[2026-08-22 11:19:54.048 Model_Service_1] [PAPER-KV-V6] fetch Qwen/Qwen2.5-3B-Instruct -> None requests
[2026-08-22 11:19:54.049 Model_Service_3] [PAPER-LOAD-V4] {"tag": "meta-llama/Llama-3.1-8B|engine=0_2|src=None", "start_time": 1787397591.9809558, "end_time": 1787397594.0490062, "policy": "paper", "split": 2, "pipeline_depth": null, "target_gpu": 0, "gpu_ids": [0, 1], "source": "cpu", "host_registered": true, "slices": 390, "payload_bytes": 16060522496, "bytes_h2d_direct": 8030261248, "bytes_h2d_helper": 8030261248, "bytes_p2p": 8030261248, "seconds": 2.0680439178831875, "payload_gbps": 7.766045177821591, "transfer_path": "host-to-device + helper-gpu-p2p"}
[2026-08-22 11:19:54.049 Model_Service_4] [PAPER-KV-V6] fetch meta-llama/Llama-3.2-1B -> None requests
[2026-08-22 11:19:54.052 Model_Service_3] Time taken to copy model to GPU 0, service 3, engine 0_2, model meta-llama/Llama-3.1-8B: 2.0743 seconds
[2026-08-22 11:19:54.058 Model_Service_1] [PAPER-KV-V6] fetch Qwen/Qwen2.5-3B-Instruct -> None requests
[2026-08-22 11:19:54.060 Model_Service_4] [PAPER-KV-V6] fetch meta-llama/Llama-3.2-1B -> None requests
[2026-08-22 11:19:54.069 Model_Service_1] [PAPER-KV-V6] fetch Qwen/Qwen2.5-3B-Instruct -> None requests
[2026-08-22 11:19:54.070 Model_Service_4] [PAPER-KV-V6] fetch meta-llama/Llama-3.2-1B -> None requests
[2026-08-22 11:19:54.079 Model_Service_1] [PAPER-KV-V6] fetch Qwen/Qwen2.5-3B-Instruct -> None requests
[2026-08-22 11:19:54.080 Model_Service_4] [PAPER-KV-V6] fetch meta-llama/Llama-3.2-1B -> None requests
[2026-08-22 11:19:54.090 Model_Service_1] [PAPER-KV-V6] fetch Qwen/Qwen2.5-3B-Instruct -> None requests
[2026-08-22 11:19:54.091 Model_Service_4] [PAPER-KV-V6] fetch meta-llama/Llama-3.2-1B -> None requests
[2026-08-22 11:19:54.101 Model_Service_1] [PAPER-KV-V6] fetch Qwen/Qwen2.5-3B-Instruct -> None requests
[2026-08-22 11:19:54.101 Model_Service_4] [PAPER-KV-V6] fetch meta-llama/Llama-3.2-1B -> None requests
[2026-08-22 11:19:54.111 Model_Service_4] [PAPER-KV-V6] fetch meta-llama/Llama-3.2-1B -> None requests
[2026-08-22 11:19:54.111 Model_Service_1] [PAPER-KV-V6] fetch Qwen/Qwen2.5-3B-Instruct -> None requests
[2026-08-22 11:19:54.122 Model_Service_4] [PAPER-KV-V6] fetch meta-llama/Llama-3.2-1B -> None requests
[2026-08-22 11:19:54.122 Model_Service_1] [PAPER-KV-V6] fetch Qwen/Qwen2.5-3B-Instruct -> None requests
[2026-08-22 11:19:54.132 Model_Service_4] [PAPER-KV-V6] fetch meta-llama/Llama-3.2-1B -> None requests
[2026-08-22 11:19:54.133 Model_Service_1] [PAPER-KV-V6] fetch Qwen/Qwen2.5-3B-Instruct -> None requests
[2026-08-22 11:19:54.142 Model_Service_4] [PAPER-KV-V6] fetch meta-llama/Llama-3.2-1B -> None requests
[2026-08-22 11:19:54.143 Model_Service_1] [PAPER-KV-V6] fetch Qwen/Qwen2.5-3B-Instruct -> None requests
[2026-08-22 11:19:54.152 Model_Service_4] [PAPER-KV-V6] fetch meta-llama/Llama-3.2-1B -> None requests
[2026-08-22 11:19:54.154 Model_Service_1] [PAPER-KV-V6] fetch Qwen/Qwen2.5-3B-Instruct -> None requests
[2026-08-22 11:19:54.163 Model_Service_4] [PAPER-KV-V6] fetch meta-llama/Llama-3.2-1B -> None requests
[2026-08-22 11:19:54.165 Model_Service_1] [PAPER-KV-V6] fetch Qwen/Qwen2.5-3B-Instruct -> None requests
[2026-08-22 11:19:54.173 Model_Service_4] [PAPER-KV-V6] fetch meta-llama/Llama-3.2-1B -> None requests
[2026-08-22 11:19:54.175 Model_Service_1] [PAPER-KV-V6] fetch Qwen/Qwen2.5-3B-Instruct -> None requests
[2026-08-22 11:19:54.184 Model_Service_4] [PAPER-KV-V6] fetch meta-llama/Llama-3.2-1B -> None requests
[2026-08-22 11:19:54.186 Model_Service_1] [PAPER-KV-V6] fetch Qwen/Qwen2.5-3B-Instruct -> None requests
[2026-08-22 11:19:54.194 Model_Service_4] [PAPER-KV-V6] fetch meta-llama/Llama-3.2-1B -> None requests
[2026-08-22 11:19:54.197 Model_Service_1] [PAPER-KV-V6] fetch Qwen/Qwen2.5-3B-Instruct -> None requests
[2026-08-22 11:19:54.204 Model_Service_4] [PAPER-KV-V6] fetch meta-llama/Llama-3.2-1B -> None requests
[2026-08-22 11:19:54.207 Model_Service_1] [PAPER-KV-V6] fetch Qwen/Qwen2.5-3B-Instruct -> None requests
[2026-08-22 11:19:54.215 Model_Service_4] [PAPER-KV-V6] fetch meta-llama/Llama-3.2-1B -> None requests
[2026-08-22 11:19:54.218 Model_Service_1] [PAPER-KV-V6] fetch Qwen/Qwen2.5-3B-Instruct -> None requests
[2026-08-22 11:19:54.225 Model_Service_4] [PAPER-KV-V6] fetch meta-llama/Llama-3.2-1B -> None requests
[2026-08-22 11:19:54.229 Model_Service_1] [PAPER-KV-V6] fetch Qwen/Qwen2.5-3B-Instruct -> None requests
[2026-08-22 11:19:54.235 Model_Service_4] [PAPER-KV-V6] fetch meta-llama/Llama-3.2-1B -> None requests
[2026-08-22 11:19:54.239 Model_Service_1] [PAPER-KV-V6] fetch Qwen/Qwen2.5-3B-Instruct -> None requests
[2026-08-22 11:19:54.246 Model_Service_4] [PAPER-KV-V6] fetch meta-llama/Llama-3.2-1B -> None requests
[2026-08-22 11:19:54.249 Model_Service_1] [PAPER-KV-V6] fetch Qwen/Qwen2.5-3B-Instruct -> None requests
[2026-08-22 11:19:54.256 Model_Service_4] [PAPER-KV-V6] fetch meta-llama/Llama-3.2-1B -> None requests
[2026-08-22 11:19:54.260 Model_Service_1] [PAPER-KV-V6] fetch Qwen/Qwen2.5-3B-Instruct -> None requests
[2026-08-22 11:19:54.267 Model_Service_4] [PAPER-KV-V6] fetch meta-llama/Llama-3.2-1B -> None requests
[2026-08-22 11:19:54.270 Model_Service_1] [PAPER-KV-V6] fetch Qwen/Qwen2.5-3B-Instruct -> None requests
[2026-08-22 11:19:54.277 Model_Service_4] [PAPER-KV-V6] fetch meta-llama/Llama-3.2-1B -> None requests
[2026-08-22 11:19:54.281 Model_Service_1] [PAPER-KV-V6] fetch Qwen/Qwen2.5-3B-Instruct -> None requests
[2026-08-22 11:19:54.288 Model_Service_4] [PAPER-KV-V6] fetch meta-llama/Llama-3.2-1B -> None requests
[2026-08-22 11:19:54.291 Model_Service_1] [PAPER-KV-V6] fetch Qwen/Qwen2.5-3B-Instruct -> None requests
[2026-08-22 11:19:54.298 Model_Service_4] [PAPER-KV-V6] fetch meta-llama/Llama-3.2-1B -> None requests
[2026-08-22 11:19:54.302 Model_Service_1] [PAPER-KV-V6] fetch Qwen/Qwen2.5-3B-Instruct -> None requests
[2026-08-22 11:19:54.309 Model_Service_4] [PAPER-KV-V6] fetch meta-llama/Llama-3.2-1B -> None requests
[2026-08-22 11:19:54.313 Model_Service_1] [PAPER-KV-V6] fetch Qwen/Qwen2.5-3B-Instruct -> None requests
[2026-08-22 11:19:54.319 Model_Service_4] [PAPER-KV-V6] fetch meta-llama/Llama-3.2-1B -> None requests
[2026-08-22 11:19:54.323 Model_Service_1] [PAPER-KV-V6] fetch Qwen/Qwen2.5-3B-Instruct -> None requests
[2026-08-22 11:19:54.329 Model_Service_4] [PAPER-KV-V6] fetch meta-llama/Llama-3.2-1B -> None requests
[2026-08-22 11:19:54.334 Model_Service_1] [PAPER-KV-V6] fetch Qwen/Qwen2.5-3B-Instruct -> None requests
[2026-08-22 11:19:54.340 Model_Service_4] [PAPER-KV-V6] fetch meta-llama/Llama-3.2-1B -> None requests
[2026-08-22 11:19:54.345 Model_Service_1] [PAPER-KV-V6] fetch Qwen/Qwen2.5-3B-Instruct -> None requests
[2026-08-22 11:19:54.350 Model_Service_4] [PAPER-KV-V6] fetch meta-llama/Llama-3.2-1B -> None requests
[2026-08-22 11:19:54.355 Model_Service_1] [PAPER-KV-V6] fetch Qwen/Qwen2.5-3B-Instruct -> None requests
[2026-08-22 11:19:54.361 Model_Service_4] [PAPER-KV-V6] fetch meta-llama/Llama-3.2-1B -> None requests
[2026-08-22 11:19:54.366 Model_Service_1] [PAPER-KV-V6] fetch Qwen/Qwen2.5-3B-Instruct -> None requests
[2026-08-22 11:19:54.371 Model_Service_4] [PAPER-KV-V6] fetch meta-llama/Llama-3.2-1B -> None requests
[2026-08-22 11:19:54.376 Model_Service_1] [PAPER-KV-V6] fetch Qwen/Qwen2.5-3B-Instruct -> None requests
[2026-08-22 11:19:54.381 Model_Service_4] [PAPER-KV-V6] fetch meta-llama/Llama-3.2-1B -> None requests
[2026-08-22 11:19:54.387 Model_Service_1] [PAPER-KV-V6] fetch Qwen/Qwen2.5-3B-Instruct -> None requests
[2026-08-22 11:19:54.392 Model_Service_4] [PAPER-KV-V6] fetch meta-llama/Llama-3.2-1B -> None requests
[2026-08-22 11:19:54.397 Model_Service_1] [PAPER-KV-V6] fetch Qwen/Qwen2.5-3B-Instruct -> None requests
[2026-08-22 11:19:54.402 Model_Service_4] [PAPER-KV-V6] fetch meta-llama/Llama-3.2-1B -> None requests
[2026-08-22 11:19:54.408 Model_Service_1] [PAPER-KV-V6] fetch Qwen/Qwen2.5-3B-Instruct -> None requests
[2026-08-22 11:19:54.413 Model_Service_4] [PAPER-KV-V6] fetch meta-llama/Llama-3.2-1B -> None requests
[2026-08-22 11:19:54.418 Model_Service_1] [PAPER-KV-V6] fetch Qwen/Qwen2.5-3B-Instruct -> None requests
[2026-08-22 11:19:54.423 Model_Service_4] [PAPER-KV-V6] fetch meta-llama/Llama-3.2-1B -> None requests
[2026-08-22 11:19:54.429 Model_Service_1] [PAPER-KV-V6] fetch Qwen/Qwen2.5-3B-Instruct -> None requests
[2026-08-22 11:19:54.433 Model_Service_4] [PAPER-KV-V6] fetch meta-llama/Llama-3.2-1B -> None requests
[2026-08-22 11:19:54.440 Model_Service_1] [PAPER-KV-V6] fetch Qwen/Qwen2.5-3B-Instruct -> None requests
[2026-08-22 11:19:54.444 Model_Service_4] [PAPER-KV-V6] fetch meta-llama/Llama-3.2-1B -> None requests
[2026-08-22 11:19:54.450 Model_Service_1] [PAPER-KV-V6] fetch Qwen/Qwen2.5-3B-Instruct -> None requests
[2026-08-22 11:19:54.454 Model_Service_4] [PAPER-KV-V6] fetch meta-llama/Llama-3.2-1B -> None requests
[2026-08-22 11:19:54.461 Model_Service_1] [PAPER-KV-V6] fetch Qwen/Qwen2.5-3B-Instruct -> None requests
[2026-08-22 11:19:54.465 Model_Service_4] [PAPER-KV-V6] fetch meta-llama/Llama-3.2-1B -> None requests
[2026-08-22 11:19:54.471 Model_Service_1] [PAPER-KV-V6] fetch Qwen/Qwen2.5-3B-Instruct -> None requests
[2026-08-22 11:19:54.475 Model_Service_4] [PAPER-KV-V6] fetch meta-llama/Llama-3.2-1B -> None requests
[2026-08-22 11:19:54.482 Model_Service_1] [PAPER-KV-V6] fetch Qwen/Qwen2.5-3B-Instruct -> None requests
[2026-08-22 11:19:54.485 Model_Service_4] [PAPER-KV-V6] fetch meta-llama/Llama-3.2-1B -> None requests
[2026-08-22 11:19:54.493 Model_Service_1] [PAPER-KV-V6] fetch Qwen/Qwen2.5-3B-Instruct -> None requests
[2026-08-22 11:19:54.496 Model_Service_4] [PAPER-KV-V6] fetch meta-llama/Llama-3.2-1B -> None requests
[2026-08-22 11:19:54.503 Model_Service_1] [PAPER-KV-V6] fetch Qwen/Qwen2.5-3B-Instruct -> None requests
[2026-08-22 11:19:54.506 Model_Service_4] [PAPER-KV-V6] fetch meta-llama/Llama-3.2-1B -> None requests
[2026-08-22 11:19:54.515 Model_Service_1] [PAPER-KV-V6] fetch Qwen/Qwen2.5-3B-Instruct -> None requests
[2026-08-22 11:19:54.517 Model_Service_4] [PAPER-KV-V6] fetch meta-llama/Llama-3.2-1B -> None requests
[2026-08-22 11:19:54.525 Model_Service_1] [PAPER-KV-V6] fetch Qwen/Qwen2.5-3B-Instruct -> None requests
[2026-08-22 11:19:54.527 Model_Service_4] [PAPER-KV-V6] fetch meta-llama/Llama-3.2-1B -> None requests
[2026-08-22 11:19:54.536 Model_Service_1] [PAPER-KV-V6] fetch Qwen/Qwen2.5-3B-Instruct -> None requests
[2026-08-22 11:19:54.537 Model_Service_4] [PAPER-KV-V6] fetch meta-llama/Llama-3.2-1B -> None requests
[2026-08-22 11:19:54.546 Model_Service_1] [PAPER-KV-V6] fetch Qwen/Qwen2.5-3B-Instruct -> None requests
[2026-08-22 11:19:54.548 Model_Service_4] [PAPER-KV-V6] fetch meta-llama/Llama-3.2-1B -> None requests
[2026-08-22 11:19:54.557 Model_Service_1] [PAPER-KV-V6] fetch Qwen/Qwen2.5-3B-Instruct -> None requests
[2026-08-22 11:19:54.558 Model_Service_4] [PAPER-KV-V6] fetch meta-llama/Llama-3.2-1B -> None requests
[2026-08-22 11:19:54.567 Model_Service_1] [PAPER-KV-V6] fetch Qwen/Qwen2.5-3B-Instruct -> None requests
[2026-08-22 11:19:54.569 Model_Service_4] [PAPER-KV-V6] fetch meta-llama/Llama-3.2-1B -> None requests
[2026-08-22 11:19:54.578 Model_Service_1] [PAPER-KV-V6] fetch Qwen/Qwen2.5-3B-Instruct -> None requests
[2026-08-22 11:19:54.579 Model_Service_4] [PAPER-KV-V6] fetch meta-llama/Llama-3.2-1B -> None requests
[2026-08-22 11:19:54.589 Model_Service_1] [PAPER-KV-V6] fetch Qwen/Qwen2.5-3B-Instruct -> None requests
[2026-08-22 11:19:54.591 Model_Service_4] [PAPER-KV-V6] fetch meta-llama/Llama-3.2-1B -> None requests
[2026-08-22 11:19:54.599 Model_Service_1] [PAPER-KV-V6] fetch Qwen/Qwen2.5-3B-Instruct -> None requests
[2026-08-22 11:19:54.601 Model_Service_4] [PAPER-KV-V6] fetch meta-llama/Llama-3.2-1B -> None requests
[2026-08-22 11:19:54.610 Model_Service_1] [PAPER-KV-V6] fetch Qwen/Qwen2.5-3B-Instruct -> None requests
[2026-08-22 11:19:54.612 Model_Service_4] [PAPER-KV-V6] fetch meta-llama/Llama-3.2-1B -> None requests
[2026-08-22 11:19:54.621 Model_Service_1] [PAPER-KV-V6] fetch Qwen/Qwen2.5-3B-Instruct -> None requests
[2026-08-22 11:19:54.622 Model_Service_4] [PAPER-KV-V6] fetch meta-llama/Llama-3.2-1B -> None requests
[2026-08-22 11:19:54.631 Model_Service_1] [PAPER-KV-V6] fetch Qwen/Qwen2.5-3B-Instruct -> None requests
[2026-08-22 11:19:54.633 Model_Service_4] [PAPER-KV-V6] fetch meta-llama/Llama-3.2-1B -> None requests
[2026-08-22 11:19:54.642 Model_Service_1] [PAPER-KV-V6] fetch Qwen/Qwen2.5-3B-Instruct -> None requests
[2026-08-22 11:19:54.644 Model_Service_4] [PAPER-KV-V6] fetch meta-llama/Llama-3.2-1B -> None requests
[2026-08-22 11:19:54.650 Model_Service_3] [PAPER-KV-V6] fetch meta-llama/Llama-3.1-8B -> None requests
[2026-08-22 11:19:54.652 Model_Service_1] [PAPER-KV-V6] fetch Qwen/Qwen2.5-3B-Instruct -> None requests
[2026-08-22 11:19:54.654 Model_Service_4] [PAPER-KV-V6] fetch meta-llama/Llama-3.2-1B -> None requests
[2026-08-22 11:19:54.661 Model_Service_3] [PAPER-KV-V6] fetch meta-llama/Llama-3.1-8B -> None requests
[2026-08-22 11:19:54.663 Model_Service_1] [PAPER-KV-V6] fetch Qwen/Qwen2.5-3B-Instruct -> None requests
[2026-08-22 11:19:54.665 Model_Service_4] [PAPER-KV-V6] fetch meta-llama/Llama-3.2-1B -> None requests
[2026-08-22 11:19:54.672 Model_Service_3] [PAPER-KV-V6] fetch meta-llama/Llama-3.1-8B -> None requests
[2026-08-22 11:19:54.674 Model_Service_1] [PAPER-KV-V6] fetch Qwen/Qwen2.5-3B-Instruct -> None requests
[2026-08-22 11:19:54.676 Model_Service_4] [PAPER-KV-V6] fetch meta-llama/Llama-3.2-1B -> None requests
[2026-08-22 11:19:54.682 Model_Service_3] [PAPER-KV-V6] fetch meta-llama/Llama-3.1-8B -> None requests
[2026-08-22 11:19:54.684 Model_Service_1] [PAPER-KV-V6] fetch Qwen/Qwen2.5-3B-Instruct -> None requests
[2026-08-22 11:19:54.686 Model_Service_4] [PAPER-KV-V6] fetch meta-llama/Llama-3.2-1B -> None requests
[2026-08-22 11:19:54.692 Model_Service_3] [PAPER-KV-V6] fetch meta-llama/Llama-3.1-8B -> None requests
[2026-08-22 11:19:54.695 Model_Service_1] [PAPER-KV-V6] fetch Qwen/Qwen2.5-3B-Instruct -> None requests
[2026-08-22 11:19:54.697 Model_Service_4] [PAPER-KV-V6] fetch meta-llama/Llama-3.2-1B -> None requests
[2026-08-22 11:19:54.703 Model_Service_3] [PAPER-KV-V6] fetch meta-llama/Llama-3.1-8B -> None requests
[2026-08-22 11:19:54.706 Model_Service_1] [PAPER-KV-V6] fetch Qwen/Qwen2.5-3B-Instruct -> None requests
[2026-08-22 11:19:54.708 Model_Service_4] [PAPER-KV-V6] fetch meta-llama/Llama-3.2-1B -> None requests
[2026-08-22 11:19:54.713 Model_Service_3] [PAPER-KV-V6] fetch meta-llama/Llama-3.1-8B -> None requests
[2026-08-22 11:19:54.717 Model_Service_1] [PAPER-KV-V6] fetch Qwen/Qwen2.5-3B-Instruct -> None requests
[2026-08-22 11:19:54.719 Model_Service_4] [PAPER-KV-V6] fetch meta-llama/Llama-3.2-1B -> None requests
[2026-08-22 11:19:54.723 Model_Service_3] [PAPER-KV-V6] fetch meta-llama/Llama-3.1-8B -> None requests
[2026-08-22 11:19:54.727 Model_Service_1] [PAPER-KV-V6] fetch Qwen/Qwen2.5-3B-Instruct -> None requests
[2026-08-22 11:19:54.730 Model_Service_4] [PAPER-KV-V6] fetch meta-llama/Llama-3.2-1B -> None requests
[2026-08-22 11:19:54.734 Model_Service_3] [PAPER-KV-V6] fetch meta-llama/Llama-3.1-8B -> None requests
[2026-08-22 11:19:54.738 Model_Service_1] [PAPER-KV-V6] fetch Qwen/Qwen2.5-3B-Instruct -> None requests
[2026-08-22 11:19:54.740 Model_Service_4] [PAPER-KV-V6] fetch meta-llama/Llama-3.2-1B -> None requests
[2026-08-22 11:19:54.744 Model_Service_3] [PAPER-KV-V6] fetch meta-llama/Llama-3.1-8B -> None requests
[2026-08-22 11:19:54.749 Model_Service_1] [PAPER-KV-V6] fetch Qwen/Qwen2.5-3B-Instruct -> None requests
[2026-08-22 11:19:54.751 Model_Service_4] [PAPER-KV-V6] fetch meta-llama/Llama-3.2-1B -> None requests
[2026-08-22 11:19:54.755 Model_Service_3] [PAPER-KV-V6] fetch meta-llama/Llama-3.1-8B -> None requests
[2026-08-22 11:19:54.759 Model_Service_1] [PAPER-KV-V6] fetch Qwen/Qwen2.5-3B-Instruct -> None requests
[2026-08-22 11:19:54.762 Model_Service_4] [PAPER-KV-V6] fetch meta-llama/Llama-3.2-1B -> None requests
[2026-08-22 11:19:54.765 Model_Service_3] [PAPER-KV-V6] fetch meta-llama/Llama-3.1-8B -> None requests
[2026-08-22 11:19:54.770 Model_Service_1] [PAPER-KV-V6] fetch Qwen/Qwen2.5-3B-Instruct -> None requests
[2026-08-22 11:19:54.772 Model_Service_4] [PAPER-KV-V6] fetch meta-llama/Llama-3.2-1B -> None requests
[2026-08-22 11:19:54.776 Model_Service_3] [PAPER-KV-V6] fetch meta-llama/Llama-3.1-8B -> None requests
[2026-08-22 11:19:54.781 Model_Service_1] [PAPER-KV-V6] fetch Qwen/Qwen2.5-3B-Instruct -> None requests
[2026-08-22 11:19:54.783 Model_Service_4] [PAPER-KV-V6] fetch meta-llama/Llama-3.2-1B -> None requests
[2026-08-22 11:19:54.786 Model_Service_3] [PAPER-KV-V6] fetch meta-llama/Llama-3.1-8B -> None requests
[2026-08-22 11:19:54.791 Model_Service_1] [PAPER-KV-V6] fetch Qwen/Qwen2.5-3B-Instruct -> None requests
[2026-08-22 11:19:54.794 Model_Service_4] [PAPER-KV-V6] fetch meta-llama/Llama-3.2-1B -> None requests
[2026-08-22 11:19:54.797 Model_Service_3] [PAPER-KV-V6] fetch meta-llama/Llama-3.1-8B -> None requests
[2026-08-22 11:19:54.802 Model_Service_1] [PAPER-KV-V6] fetch Qwen/Qwen2.5-3B-Instruct -> None requests
[2026-08-22 11:19:54.804 Model_Service_4] [PAPER-KV-V6] fetch meta-llama/Llama-3.2-1B -> None requests
[2026-08-22 11:19:54.807 Model_Service_3] [PAPER-KV-V6] fetch meta-llama/Llama-3.1-8B -> None requests
[2026-08-22 11:19:54.813 Model_Service_1] [PAPER-KV-V6] fetch Qwen/Qwen2.5-3B-Instruct -> None requests
[2026-08-22 11:19:54.815 Model_Service_4] [PAPER-KV-V6] fetch meta-llama/Llama-3.2-1B -> None requests
[2026-08-22 11:19:54.818 Model_Service_3] [PAPER-KV-V6] fetch meta-llama/Llama-3.1-8B -> None requests
[2026-08-22 11:19:54.823 Model_Service_1] [PAPER-KV-V6] fetch Qwen/Qwen2.5-3B-Instruct -> None requests
[2026-08-22 11:19:54.826 Model_Service_4] [PAPER-KV-V6] fetch meta-llama/Llama-3.2-1B -> None requests
[2026-08-22 11:19:54.828 Model_Service_3] [PAPER-KV-V6] fetch meta-llama/Llama-3.1-8B -> None requests
[2026-08-22 11:19:54.834 Model_Service_1] [PAPER-KV-V6] fetch Qwen/Qwen2.5-3B-Instruct -> None requests
[2026-08-22 11:19:54.836 Model_Service_4] [PAPER-KV-V6] fetch meta-llama/Llama-3.2-1B -> None requests
[2026-08-22 11:19:54.839 Model_Service_3] [PAPER-KV-V6] fetch meta-llama/Llama-3.1-8B -> None requests
[2026-08-22 11:19:54.845 Model_Service_1] [PAPER-KV-V6] fetch Qwen/Qwen2.5-3B-Instruct -> None requests
[2026-08-22 11:19:54.847 Model_Service_4] [PAPER-KV-V6] fetch meta-llama/Llama-3.2-1B -> None requests
[2026-08-22 11:19:54.849 Model_Service_3] [PAPER-KV-V6] fetch meta-llama/Llama-3.1-8B -> None requests
[2026-08-22 11:19:54.855 Model_Service_1] [PAPER-KV-V6] fetch Qwen/Qwen2.5-3B-Instruct -> None requests
[2026-08-22 11:19:54.858 Model_Service_4] [PAPER-KV-V6] fetch meta-llama/Llama-3.2-1B -> None requests
[2026-08-22 11:19:54.860 Model_Service_3] [PAPER-KV-V6] fetch meta-llama/Llama-3.1-8B -> None requests
[2026-08-22 11:19:54.866 Model_Service_1] [PAPER-KV-V6] fetch Qwen/Qwen2.5-3B-Instruct -> None requests
[2026-08-22 11:19:54.869 Model_Service_4] [PAPER-KV-V6] fetch meta-llama/Llama-3.2-1B -> None requests
[2026-08-22 11:19:54.870 Model_Service_3] [PAPER-KV-V6] fetch meta-llama/Llama-3.1-8B -> None requests
[2026-08-22 11:19:54.877 Model_Service_1] [PAPER-KV-V6] fetch Qwen/Qwen2.5-3B-Instruct -> None requests
[2026-08-22 11:19:54.880 Model_Service_4] [PAPER-KV-V6] fetch meta-llama/Llama-3.2-1B -> None requests
[2026-08-22 11:19:54.881 Model_Service_3] [PAPER-KV-V6] fetch meta-llama/Llama-3.1-8B -> None requests
[2026-08-22 11:19:54.887 Model_Service_1] [PAPER-KV-V6] fetch Qwen/Qwen2.5-3B-Instruct -> None requests
[2026-08-22 11:19:54.890 Model_Service_4] [PAPER-KV-V6] fetch meta-llama/Llama-3.2-1B -> None requests
[2026-08-22 11:19:54.891 Model_Service_3] [PAPER-KV-V6] fetch meta-llama/Llama-3.1-8B -> None requests
[2026-08-22 11:19:54.898 Model_Service_1] [PAPER-KV-V6] fetch Qwen/Qwen2.5-3B-Instruct -> None requests
[2026-08-22 11:19:54.901 Model_Service_4] [PAPER-KV-V6] fetch meta-llama/Llama-3.2-1B -> None requests
[2026-08-22 11:19:54.902 Model_Service_3] [PAPER-KV-V6] fetch meta-llama/Llama-3.1-8B -> None requests
[2026-08-22 11:19:54.909 Model_Service_1] [PAPER-KV-V6] fetch Qwen/Qwen2.5-3B-Instruct -> None requests
[2026-08-22 11:19:54.912 Model_Service_4] [PAPER-KV-V6] fetch meta-llama/Llama-3.2-1B -> None requests
[2026-08-22 11:19:54.912 Model_Service_3] [PAPER-KV-V6] fetch meta-llama/Llama-3.1-8B -> None requests
[2026-08-22 11:19:54.919 Model_Service_1] [PAPER-KV-V6] fetch Qwen/Qwen2.5-3B-Instruct -> None requests
[2026-08-22 11:19:54.923 Model_Service_4] [PAPER-KV-V6] fetch meta-llama/Llama-3.2-1B -> None requests
[2026-08-22 11:19:54.923 Model_Service_3] [PAPER-KV-V6] fetch meta-llama/Llama-3.1-8B -> None requests
[2026-08-22 11:19:54.930 Model_Service_1] [PAPER-KV-V6] fetch Qwen/Qwen2.5-3B-Instruct -> None requests
[2026-08-22 11:19:54.933 Model_Service_3] [PAPER-KV-V6] fetch meta-llama/Llama-3.1-8B -> None requests
[2026-08-22 11:19:54.933 Model_Service_4] [PAPER-KV-V6] fetch meta-llama/Llama-3.2-1B -> None requests
[2026-08-22 11:19:54.941 Model_Service_1] [PAPER-KV-V6] fetch Qwen/Qwen2.5-3B-Instruct -> None requests
[2026-08-22 11:19:54.944 Model_Service_3] [PAPER-KV-V6] fetch meta-llama/Llama-3.1-8B -> None requests
[2026-08-22 11:19:54.944 Model_Service_4] [PAPER-KV-V6] fetch meta-llama/Llama-3.2-1B -> None requests
[2026-08-22 11:19:54.951 Model_Service_1] [PAPER-KV-V6] fetch Qwen/Qwen2.5-3B-Instruct -> None requests
[2026-08-22 11:19:54.954 Model_Service_3] [PAPER-KV-V6] fetch meta-llama/Llama-3.1-8B -> None requests
[2026-08-22 11:19:54.955 Model_Service_4] [PAPER-KV-V6] fetch meta-llama/Llama-3.2-1B -> None requests
[2026-08-22 11:19:54.962 Model_Service_1] [PAPER-KV-V6] fetch Qwen/Qwen2.5-3B-Instruct -> None requests
[2026-08-22 11:19:54.964 Model_Service_3] [PAPER-KV-V6] fetch meta-llama/Llama-3.1-8B -> None requests
[2026-08-22 11:19:54.965 Model_Service_4] [PAPER-KV-V6] fetch meta-llama/Llama-3.2-1B -> None requests
[2026-08-22 11:19:54.973 Model_Service_1] [PAPER-KV-V6] fetch Qwen/Qwen2.5-3B-Instruct -> None requests
[2026-08-22 11:19:54.975 Model_Service_3] [PAPER-KV-V6] fetch meta-llama/Llama-3.1-8B -> None requests
[2026-08-22 11:19:54.976 Model_Service_4] [PAPER-KV-V6] fetch meta-llama/Llama-3.2-1B -> None requests
[2026-08-22 11:19:54.983 Model_Service_1] [PAPER-KV-V6] fetch Qwen/Qwen2.5-3B-Instruct -> None requests
[2026-08-22 11:19:54.985 Model_Service_3] [PAPER-KV-V6] fetch meta-llama/Llama-3.1-8B -> None requests
[2026-08-22 11:19:54.987 Model_Service_4] [PAPER-KV-V6] fetch meta-llama/Llama-3.2-1B -> None requests
[2026-08-22 11:19:54.994 Model_Service_1] [PAPER-KV-V6] fetch Qwen/Qwen2.5-3B-Instruct -> None requests
[2026-08-22 11:19:54.996 Model_Service_3] [PAPER-KV-V6] fetch meta-llama/Llama-3.1-8B -> None requests
[2026-08-22 11:19:54.997 Model_Service_4] [PAPER-KV-V6] fetch meta-llama/Llama-3.2-1B -> None requests
[2026-08-22 11:19:55.005 Model_Service_1] [PAPER-KV-V6] fetch Qwen/Qwen2.5-3B-Instruct -> None requests
[2026-08-22 11:19:55.006 Model_Service_3] [PAPER-KV-V6] fetch meta-llama/Llama-3.1-8B -> None requests
[2026-08-22 11:19:55.008 Model_Service_4] [PAPER-KV-V6] fetch meta-llama/Llama-3.2-1B -> None requests
[2026-08-22 11:19:55.015 Model_Service_1] [PAPER-KV-V6] fetch Qwen/Qwen2.5-3B-Instruct -> None requests
[2026-08-22 11:19:55.016 Model_Service_3] [PAPER-KV-V6] fetch meta-llama/Llama-3.1-8B -> None requests
[2026-08-22 11:19:55.019 Model_Service_4] [PAPER-KV-V6] fetch meta-llama/Llama-3.2-1B -> None requests
[2026-08-22 11:19:55.026 Model_Service_1] [PAPER-KV-V6] fetch Qwen/Qwen2.5-3B-Instruct -> None requests
[2026-08-22 11:19:55.027 Model_Service_3] [PAPER-KV-V6] fetch meta-llama/Llama-3.1-8B -> None requests
[2026-08-22 11:19:55.030 Model_Service_4] [PAPER-KV-V6] fetch meta-llama/Llama-3.2-1B -> None requests
[2026-08-22 11:19:55.037 Model_Service_1] [PAPER-KV-V6] fetch Qwen/Qwen2.5-3B-Instruct -> None requests
[2026-08-22 11:19:55.037 Model_Service_3] [PAPER-KV-V6] fetch meta-llama/Llama-3.1-8B -> None requests
[2026-08-22 11:19:55.040 Model_Service_4] [PAPER-KV-V6] fetch meta-llama/Llama-3.2-1B -> None requests
[2026-08-22 11:19:55.048 Model_Service_1] [PAPER-KV-V6] fetch Qwen/Qwen2.5-3B-Instruct -> None requests
[2026-08-22 11:19:55.048 Model_Service_3] [PAPER-KV-V6] fetch meta-llama/Llama-3.1-8B -> None requests
[2026-08-22 11:19:55.051 Model_Service_4] [PAPER-KV-V6] fetch meta-llama/Llama-3.2-1B -> None requests
[2026-08-22 11:19:55.058 Model_Service_1] [PAPER-KV-V6] fetch Qwen/Qwen2.5-3B-Instruct -> None requests
[2026-08-22 11:19:55.058 Model_Service_3] [PAPER-KV-V6] fetch meta-llama/Llama-3.1-8B -> None requests
[2026-08-22 11:19:55.062 Model_Service_4] [PAPER-KV-V6] fetch meta-llama/Llama-3.2-1B -> None requests
[2026-08-22 11:19:55.069 Model_Service_3] [PAPER-KV-V6] fetch meta-llama/Llama-3.1-8B -> None requests
[2026-08-22 11:19:55.069 Model_Service_1] [PAPER-KV-V6] fetch Qwen/Qwen2.5-3B-Instruct -> None requests
[2026-08-22 11:19:55.072 Model_Service_4] [PAPER-KV-V6] fetch meta-llama/Llama-3.2-1B -> None requests
[2026-08-22 11:19:55.079 Model_Service_3] [PAPER-KV-V6] fetch meta-llama/Llama-3.1-8B -> None requests
[2026-08-22 11:19:55.080 Model_Service_1] [PAPER-KV-V6] fetch Qwen/Qwen2.5-3B-Instruct -> None requests
[2026-08-22 11:19:55.083 Model_Service_4] [PAPER-KV-V6] fetch meta-llama/Llama-3.2-1B -> None requests
[2026-08-22 11:19:55.090 Model_Service_3] [PAPER-KV-V6] fetch meta-llama/Llama-3.1-8B -> None requests
[2026-08-22 11:19:55.090 Model_Service_1] [PAPER-KV-V6] fetch Qwen/Qwen2.5-3B-Instruct -> None requests
[2026-08-22 11:19:55.093 Model_Service_4] [PAPER-KV-V6] fetch meta-llama/Llama-3.2-1B -> None requests
[2026-08-22 11:19:55.100 Model_Service_3] [PAPER-KV-V6] fetch meta-llama/Llama-3.1-8B -> None requests
[2026-08-22 11:19:55.101 Model_Service_1] [PAPER-KV-V6] fetch Qwen/Qwen2.5-3B-Instruct -> None requests
[2026-08-22 11:19:55.103 Model_Service_4] [PAPER-KV-V6] fetch meta-llama/Llama-3.2-1B -> None requests
[2026-08-22 11:19:55.111 Model_Service_3] [PAPER-KV-V6] fetch meta-llama/Llama-3.1-8B -> None requests
[2026-08-22 11:19:55.112 Model_Service_1] [PAPER-KV-V6] fetch Qwen/Qwen2.5-3B-Instruct -> None requests
[2026-08-22 11:19:55.114 Model_Service_4] [PAPER-KV-V6] fetch meta-llama/Llama-3.2-1B -> None requests
[2026-08-22 11:19:55.121 Model_Service_3] [PAPER-KV-V6] fetch meta-llama/Llama-3.1-8B -> None requests
[2026-08-22 11:19:55.123 Model_Service_1] [PAPER-KV-V6] fetch Qwen/Qwen2.5-3B-Instruct -> None requests
[2026-08-22 11:19:55.124 Model_Service_4] [PAPER-KV-V6] fetch meta-llama/Llama-3.2-1B -> None requests
[2026-08-22 11:19:55.132 Model_Service_3] [PAPER-KV-V6] fetch meta-llama/Llama-3.1-8B -> None requests
[2026-08-22 11:19:55.133 Model_Service_1] [PAPER-KV-V6] fetch Qwen/Qwen2.5-3B-Instruct -> None requests
[2026-08-22 11:19:55.134 Model_Service_4] [PAPER-KV-V6] fetch meta-llama/Llama-3.2-1B -> None requests
[2026-08-22 11:19:55.142 Model_Service_3] [PAPER-KV-V6] fetch meta-llama/Llama-3.1-8B -> None requests
[2026-08-22 11:19:55.144 Model_Service_1] [PAPER-KV-V6] fetch Qwen/Qwen2.5-3B-Instruct -> None requests
[2026-08-22 11:19:55.145 Model_Service_4] [PAPER-KV-V6] fetch meta-llama/Llama-3.2-1B -> None requests
[2026-08-22 11:19:55.153 Model_Service_3] [PAPER-KV-V6] fetch meta-llama/Llama-3.1-8B -> None requests
[2026-08-22 11:19:55.155 Model_Service_1] [PAPER-KV-V6] fetch Qwen/Qwen2.5-3B-Instruct -> None requests
[2026-08-22 11:19:55.155 Model_Service_4] [PAPER-KV-V6] fetch meta-llama/Llama-3.2-1B -> None requests
[2026-08-22 11:19:55.163 Model_Service_3] [PAPER-KV-V6] fetch meta-llama/Llama-3.1-8B -> None requests
[2026-08-22 11:19:55.165 Model_Service_1] [PAPER-KV-V6] fetch Qwen/Qwen2.5-3B-Instruct -> None requests
[2026-08-22 11:19:55.166 Model_Service_4] [PAPER-KV-V6] fetch meta-llama/Llama-3.2-1B -> None requests
[2026-08-22 11:19:55.174 Model_Service_3] [PAPER-KV-V6] fetch meta-llama/Llama-3.1-8B -> None requests
[2026-08-22 11:19:55.176 Model_Service_4] [PAPER-KV-V6] fetch meta-llama/Llama-3.2-1B -> None requests
[2026-08-22 11:19:55.176 Model_Service_1] [PAPER-KV-V6] fetch Qwen/Qwen2.5-3B-Instruct -> None requests
[2026-08-22 11:19:55.185 Model_Service_3] [PAPER-KV-V6] fetch meta-llama/Llama-3.1-8B -> None requests
[2026-08-22 11:19:55.186 Model_Service_4] [PAPER-KV-V6] fetch meta-llama/Llama-3.2-1B -> None requests
[2026-08-22 11:19:55.187 Model_Service_1] [PAPER-KV-V6] fetch Qwen/Qwen2.5-3B-Instruct -> None requests
[2026-08-22 11:19:55.195 Model_Service_3] [PAPER-KV-V6] fetch meta-llama/Llama-3.1-8B -> None requests
[2026-08-22 11:19:55.197 Model_Service_4] [PAPER-KV-V6] fetch meta-llama/Llama-3.2-1B -> None requests
[2026-08-22 11:19:55.198 Model_Service_1] [PAPER-KV-V6] fetch Qwen/Qwen2.5-3B-Instruct -> None requests
[2026-08-22 11:19:55.206 Model_Service_3] [PAPER-KV-V6] fetch meta-llama/Llama-3.1-8B -> None requests
[2026-08-22 11:19:55.207 Model_Service_4] [PAPER-KV-V6] fetch meta-llama/Llama-3.2-1B -> None requests
[2026-08-22 11:19:55.208 Model_Service_1] [PAPER-KV-V6] fetch Qwen/Qwen2.5-3B-Instruct -> None requests
[2026-08-22 11:19:55.216 Model_Service_3] [PAPER-KV-V6] fetch meta-llama/Llama-3.1-8B -> None requests
[2026-08-22 11:19:55.218 Model_Service_4] [PAPER-KV-V6] fetch meta-llama/Llama-3.2-1B -> None requests
[2026-08-22 11:19:55.219 Model_Service_1] [PAPER-KV-V6] fetch Qwen/Qwen2.5-3B-Instruct -> None requests
[2026-08-22 11:19:55.227 Model_Service_3] [PAPER-KV-V6] fetch meta-llama/Llama-3.1-8B -> None requests
[2026-08-22 11:19:55.228 Model_Service_4] [PAPER-KV-V6] fetch meta-llama/Llama-3.2-1B -> None requests
[2026-08-22 11:19:55.230 Model_Service_1] [PAPER-KV-V6] fetch Qwen/Qwen2.5-3B-Instruct -> None requests
[2026-08-22 11:19:55.237 Model_Service_3] [PAPER-KV-V6] fetch meta-llama/Llama-3.1-8B -> None requests
[2026-08-22 11:19:55.238 Model_Service_4] [PAPER-KV-V6] fetch meta-llama/Llama-3.2-1B -> None requests
[2026-08-22 11:19:55.241 Model_Service_1] [PAPER-KV-V6] fetch Qwen/Qwen2.5-3B-Instruct -> None requests
[2026-08-22 11:19:55.248 Model_Service_3] [PAPER-KV-V6] fetch meta-llama/Llama-3.1-8B -> None requests
[2026-08-22 11:19:55.249 Model_Service_4] [PAPER-KV-V6] fetch meta-llama/Llama-3.2-1B -> None requests
[2026-08-22 11:19:55.251 Model_Service_1] [PAPER-KV-V6] fetch Qwen/Qwen2.5-3B-Instruct -> None requests
[2026-08-22 11:19:55.259 Model_Service_3] [PAPER-KV-V6] fetch meta-llama/Llama-3.1-8B -> None requests
[2026-08-22 11:19:55.259 Model_Service_4] [PAPER-KV-V6] fetch meta-llama/Llama-3.2-1B -> None requests
[2026-08-22 11:19:55.262 Model_Service_1] [PAPER-KV-V6] fetch Qwen/Qwen2.5-3B-Instruct -> None requests
[2026-08-22 11:19:55.269 Model_Service_3] [PAPER-KV-V6] fetch meta-llama/Llama-3.1-8B -> None requests
[2026-08-22 11:19:55.269 Model_Service_4] [PAPER-KV-V6] fetch meta-llama/Llama-3.2-1B -> None requests
[2026-08-22 11:19:55.273 Model_Service_1] [PAPER-KV-V6] fetch Qwen/Qwen2.5-3B-Instruct -> None requests
[2026-08-22 11:19:55.280 Model_Service_3] [PAPER-KV-V6] fetch meta-llama/Llama-3.1-8B -> None requests
[2026-08-22 11:19:55.280 Model_Service_4] [PAPER-KV-V6] fetch meta-llama/Llama-3.2-1B -> None requests
[2026-08-22 11:19:55.284 Model_Service_1] [PAPER-KV-V6] fetch Qwen/Qwen2.5-3B-Instruct -> None requests
[2026-08-22 11:19:55.290 Model_Service_3] [PAPER-KV-V6] fetch meta-llama/Llama-3.1-8B -> None requests
[2026-08-22 11:19:55.290 Model_Service_4] [PAPER-KV-V6] fetch meta-llama/Llama-3.2-1B -> None requests
[2026-08-22 11:19:55.294 Model_Service_1] [PAPER-KV-V6] fetch Qwen/Qwen2.5-3B-Instruct -> None requests
[2026-08-22 11:19:55.300 Model_Service_4] [PAPER-KV-V6] fetch meta-llama/Llama-3.2-1B -> None requests
[2026-08-22 11:19:55.301 Model_Service_3] [PAPER-KV-V6] fetch meta-llama/Llama-3.1-8B -> None requests
[2026-08-22 11:19:55.305 Model_Service_1] [PAPER-KV-V6] fetch Qwen/Qwen2.5-3B-Instruct -> None requests
[2026-08-22 11:19:55.311 Model_Service_4] [PAPER-KV-V6] fetch meta-llama/Llama-3.2-1B -> None requests
[2026-08-22 11:19:55.311 Model_Service_3] [PAPER-KV-V6] fetch meta-llama/Llama-3.1-8B -> None requests
[2026-08-22 11:19:55.316 Model_Service_1] [PAPER-KV-V6] fetch Qwen/Qwen2.5-3B-Instruct -> None requests
[2026-08-22 11:19:55.321 Model_Service_4] [PAPER-KV-V6] fetch meta-llama/Llama-3.2-1B -> None requests
[2026-08-22 11:19:55.322 Model_Service_3] [PAPER-KV-V6] fetch meta-llama/Llama-3.1-8B -> None requests
[2026-08-22 11:19:55.327 Model_Service_1] [PAPER-KV-V6] fetch Qwen/Qwen2.5-3B-Instruct -> None requests
[2026-08-22 11:19:55.331 Model_Service_4] [PAPER-KV-V6] fetch meta-llama/Llama-3.2-1B -> None requests
[2026-08-22 11:19:55.332 Model_Service_3] [PAPER-KV-V6] fetch meta-llama/Llama-3.1-8B -> None requests
[2026-08-22 11:19:55.338 Model_Service_1] [PAPER-KV-V6] fetch Qwen/Qwen2.5-3B-Instruct -> None requests
[2026-08-22 11:19:55.342 Model_Service_4] [PAPER-KV-V6] fetch meta-llama/Llama-3.2-1B -> None requests
[2026-08-22 11:19:55.343 Model_Service_3] [PAPER-KV-V6] fetch meta-llama/Llama-3.1-8B -> None requests
[2026-08-22 11:19:55.348 Model_Service_1] [PAPER-KV-V6] fetch Qwen/Qwen2.5-3B-Instruct -> None requests
[2026-08-22 11:19:55.352 Model_Service_4] [PAPER-KV-V6] fetch meta-llama/Llama-3.2-1B -> None requests
[2026-08-22 11:19:55.353 Model_Service_3] [PAPER-KV-V6] fetch meta-llama/Llama-3.1-8B -> None requests
[2026-08-22 11:19:55.359 Model_Service_1] [PAPER-KV-V6] fetch Qwen/Qwen2.5-3B-Instruct -> None requests
[2026-08-22 11:19:55.363 Model_Service_4] [PAPER-KV-V6] fetch meta-llama/Llama-3.2-1B -> None requests
[2026-08-22 11:19:55.364 Model_Service_3] [PAPER-KV-V6] fetch meta-llama/Llama-3.1-8B -> None requests
[2026-08-22 11:19:55.370 Model_Service_1] [PAPER-KV-V6] fetch Qwen/Qwen2.5-3B-Instruct -> None requests
[2026-08-22 11:19:55.373 Model_Service_4] [PAPER-KV-V6] fetch meta-llama/Llama-3.2-1B -> None requests
[2026-08-22 11:19:55.374 Model_Service_3] [PAPER-KV-V6] fetch meta-llama/Llama-3.1-8B -> None requests
[2026-08-22 11:19:55.381 Model_Service_1] [PAPER-KV-V6] fetch Qwen/Qwen2.5-3B-Instruct -> None requests
[2026-08-22 11:19:55.383 Model_Service_4] [PAPER-KV-V6] fetch meta-llama/Llama-3.2-1B -> None requests
[2026-08-22 11:19:55.385 Model_Service_3] [PAPER-KV-V6] fetch meta-llama/Llama-3.1-8B -> None requests
[2026-08-22 11:19:55.392 Model_Service_1] [PAPER-KV-V6] fetch Qwen/Qwen2.5-3B-Instruct -> None requests
[2026-08-22 11:19:55.394 Model_Service_4] [PAPER-KV-V6] fetch meta-llama/Llama-3.2-1B -> None requests
[2026-08-22 11:19:55.395 Model_Service_3] [PAPER-KV-V6] fetch meta-llama/Llama-3.1-8B -> None requests
[2026-08-22 11:19:55.402 Model_Service_1] [PAPER-KV-V6] fetch Qwen/Qwen2.5-3B-Instruct -> None requests
[2026-08-22 11:19:55.404 Model_Service_4] [PAPER-KV-V6] fetch meta-llama/Llama-3.2-1B -> None requests
[2026-08-22 11:19:55.406 Model_Service_3] [PAPER-KV-V6] fetch meta-llama/Llama-3.1-8B -> None requests
[2026-08-22 11:19:55.413 Model_Service_1] [PAPER-KV-V6] fetch Qwen/Qwen2.5-3B-Instruct -> None requests
[2026-08-22 11:19:55.415 Model_Service_4] [PAPER-KV-V6] fetch meta-llama/Llama-3.2-1B -> None requests
[2026-08-22 11:19:55.417 Model_Service_3] [PAPER-KV-V6] fetch meta-llama/Llama-3.1-8B -> None requests
[2026-08-22 11:19:55.424 Model_Service_1] [PAPER-KV-V6] fetch Qwen/Qwen2.5-3B-Instruct -> None requests
[2026-08-22 11:19:55.425 Model_Service_4] [PAPER-KV-V6] fetch meta-llama/Llama-3.2-1B -> None requests
[2026-08-22 11:19:55.427 Model_Service_3] [PAPER-KV-V6] fetch meta-llama/Llama-3.1-8B -> None requests
[2026-08-22 11:19:55.434 Model_Service_1] [PAPER-KV-V6] fetch Qwen/Qwen2.5-3B-Instruct -> None requests
[2026-08-22 11:19:55.435 Model_Service_4] [PAPER-KV-V6] fetch meta-llama/Llama-3.2-1B -> None requests
[2026-08-22 11:19:55.438 Model_Service_3] [PAPER-KV-V6] fetch meta-llama/Llama-3.1-8B -> None requests
[2026-08-22 11:19:55.445 Model_Service_1] [PAPER-KV-V6] fetch Qwen/Qwen2.5-3B-Instruct -> None requests
[2026-08-22 11:19:55.446 Model_Service_4] [PAPER-KV-V6] fetch meta-llama/Llama-3.2-1B -> None requests
[2026-08-22 11:19:55.448 Model_Service_3] [PAPER-KV-V6] fetch meta-llama/Llama-3.1-8B -> None requests
[2026-08-22 11:19:55.456 Model_Service_1] [PAPER-KV-V6] fetch Qwen/Qwen2.5-3B-Instruct -> None requests
[2026-08-22 11:19:55.456 Model_Service_4] [PAPER-KV-V6] fetch meta-llama/Llama-3.2-1B -> None requests
[2026-08-22 11:19:55.459 Model_Service_3] [PAPER-KV-V6] fetch meta-llama/Llama-3.1-8B -> None requests
[2026-08-22 11:19:55.466 Model_Service_4] [PAPER-KV-V6] fetch meta-llama/Llama-3.2-1B -> None requests
[2026-08-22 11:19:55.466 Model_Service_1] [PAPER-KV-V6] fetch Qwen/Qwen2.5-3B-Instruct -> None requests
[2026-08-22 11:19:55.470 Model_Service_3] [PAPER-KV-V6] fetch meta-llama/Llama-3.1-8B -> None requests
[2026-08-22 11:19:55.476 Model_Service_4] [PAPER-KV-V6] fetch meta-llama/Llama-3.2-1B -> None requests
[2026-08-22 11:19:55.477 Model_Service_1] [PAPER-KV-V6] fetch Qwen/Qwen2.5-3B-Instruct -> None requests
[2026-08-22 11:19:55.480 Model_Service_3] [PAPER-KV-V6] fetch meta-llama/Llama-3.1-8B -> None requests
[2026-08-22 11:19:55.487 Model_Service_4] [PAPER-KV-V6] fetch meta-llama/Llama-3.2-1B -> None requests
[2026-08-22 11:19:55.488 Model_Service_1] [PAPER-KV-V6] fetch Qwen/Qwen2.5-3B-Instruct -> None requests
[2026-08-22 11:19:55.491 Model_Service_3] [PAPER-KV-V6] fetch meta-llama/Llama-3.1-8B -> None requests
[2026-08-22 11:19:55.497 Model_Service_4] [PAPER-KV-V6] fetch meta-llama/Llama-3.2-1B -> None requests
[2026-08-22 11:19:55.498 Model_Service_1] [PAPER-KV-V6] fetch Qwen/Qwen2.5-3B-Instruct -> None requests
[2026-08-22 11:19:55.501 Model_Service_3] [PAPER-KV-V6] fetch meta-llama/Llama-3.1-8B -> None requests
[2026-08-22 11:19:55.507 Model_Service_4] [PAPER-KV-V6] fetch meta-llama/Llama-3.2-1B -> None requests
[2026-08-22 11:19:55.509 Model_Service_1] [PAPER-KV-V6] fetch Qwen/Qwen2.5-3B-Instruct -> None requests
[2026-08-22 11:19:55.512 Model_Service_3] [PAPER-KV-V6] fetch meta-llama/Llama-3.1-8B -> None requests
[2026-08-22 11:19:55.518 Model_Service_4] [PAPER-KV-V6] fetch meta-llama/Llama-3.2-1B -> None requests
[2026-08-22 11:19:55.520 Model_Service_1] [PAPER-KV-V6] fetch Qwen/Qwen2.5-3B-Instruct -> None requests
[2026-08-22 11:19:55.522 Model_Service_3] [PAPER-KV-V6] fetch meta-llama/Llama-3.1-8B -> None requests
[2026-08-22 11:19:55.528 Model_Service_4] [PAPER-KV-V6] fetch meta-llama/Llama-3.2-1B -> None requests
[2026-08-22 11:19:55.530 Model_Service_1] [PAPER-KV-V6] fetch Qwen/Qwen2.5-3B-Instruct -> None requests
[2026-08-22 11:19:55.533 Model_Service_3] [PAPER-KV-V6] fetch meta-llama/Llama-3.1-8B -> None requests
[2026-08-22 11:19:55.539 Model_Service_4] [PAPER-KV-V6] fetch meta-llama/Llama-3.2-1B -> None requests
[2026-08-22 11:19:55.541 Model_Service_1] [PAPER-KV-V6] fetch Qwen/Qwen2.5-3B-Instruct -> None requests
[2026-08-22 11:19:55.544 Model_Service_3] [PAPER-KV-V6] fetch meta-llama/Llama-3.1-8B -> None requests
[2026-08-22 11:19:55.549 Model_Service_4] [PAPER-KV-V6] fetch meta-llama/Llama-3.2-1B -> None requests
[2026-08-22 11:19:55.552 Model_Service_1] [PAPER-KV-V6] fetch Qwen/Qwen2.5-3B-Instruct -> None requests
[2026-08-22 11:19:55.555 Model_Service_3] [PAPER-KV-V6] fetch meta-llama/Llama-3.1-8B -> None requests
[2026-08-22 11:19:55.559 Model_Service_4] [PAPER-KV-V6] fetch meta-llama/Llama-3.2-1B -> None requests
[2026-08-22 11:19:55.562 Model_Service_1] [PAPER-KV-V6] fetch Qwen/Qwen2.5-3B-Instruct -> None requests
[2026-08-22 11:19:55.565 Model_Service_3] [PAPER-KV-V6] fetch meta-llama/Llama-3.1-8B -> None requests
[2026-08-22 11:19:55.568 Model_Service_2] Model service 2 input queue is empty, waiting for next request
[2026-08-22 11:19:55.570 Model_Service_4] [PAPER-KV-V6] fetch meta-llama/Llama-3.2-1B -> None requests
[2026-08-22 11:19:55.571 Model_Service_5] Model service 5 input queue is empty, waiting for next request
[2026-08-22 11:19:55.573 Model_Service_1] [PAPER-KV-V6] fetch Qwen/Qwen2.5-3B-Instruct -> None requests
[2026-08-22 11:19:55.576 Model_Service_3] [PAPER-KV-V6] fetch meta-llama/Llama-3.1-8B -> None requests
[2026-08-22 11:19:55.580 Model_Service_4] [PAPER-KV-V6] fetch meta-llama/Llama-3.2-1B -> None requests
[2026-08-22 11:19:55.583 Model_Service_1] [PAPER-KV-V6] fetch Qwen/Qwen2.5-3B-Instruct -> None requests
[2026-08-22 11:19:55.587 Model_Service_3] [PAPER-KV-V6] fetch meta-llama/Llama-3.1-8B -> None requests
[2026-08-22 11:19:55.591 Model_Service_4] [PAPER-KV-V6] fetch meta-llama/Llama-3.2-1B -> None requests
[2026-08-22 11:19:55.594 Model_Service_1] [PAPER-KV-V6] fetch Qwen/Qwen2.5-3B-Instruct -> None requests
[2026-08-22 11:19:55.598 Model_Service_3] [PAPER-KV-V6] fetch meta-llama/Llama-3.1-8B -> None requests
[2026-08-22 11:19:55.601 Model_Service_4] [PAPER-KV-V6] fetch meta-llama/Llama-3.2-1B -> None requests
[2026-08-22 11:19:55.605 Model_Service_1] [PAPER-KV-V6] fetch Qwen/Qwen2.5-3B-Instruct -> None requests
[2026-08-22 11:19:55.608 Model_Service_3] [PAPER-KV-V6] fetch meta-llama/Llama-3.1-8B -> None requests
[2026-08-22 11:19:55.611 Model_Service_4] [PAPER-KV-V6] fetch meta-llama/Llama-3.2-1B -> None requests
[2026-08-22 11:19:55.615 Model_Service_1] [PAPER-KV-V6] fetch Qwen/Qwen2.5-3B-Instruct -> None requests
[2026-08-22 11:19:55.619 Model_Service_3] [PAPER-KV-V6] fetch meta-llama/Llama-3.1-8B -> None requests
[2026-08-22 11:19:55.622 Model_Service_4] [PAPER-KV-V6] fetch meta-llama/Llama-3.2-1B -> None requests
[2026-08-22 11:19:55.626 Model_Service_1] [PAPER-KV-V6] fetch Qwen/Qwen2.5-3B-Instruct -> None requests
[2026-08-22 11:19:55.629 Model_Service_3] [PAPER-KV-V6] fetch meta-llama/Llama-3.1-8B -> None requests
[2026-08-22 11:19:55.632 Model_Service_4] [PAPER-KV-V6] fetch meta-llama/Llama-3.2-1B -> None requests
[2026-08-22 11:19:55.637 Model_Service_1] [PAPER-KV-V6] fetch Qwen/Qwen2.5-3B-Instruct -> None requests
[2026-08-22 11:19:55.640 Model_Service_3] [PAPER-KV-V6] fetch meta-llama/Llama-3.1-8B -> None requests
[2026-08-22 11:19:55.642 Model_Service_4] [PAPER-KV-V6] fetch meta-llama/Llama-3.2-1B -> None requests
[2026-08-22 11:19:55.647 Model_Service_1] [PAPER-KV-V6] fetch Qwen/Qwen2.5-3B-Instruct -> None requests
[2026-08-22 11:19:55.650 Model_Service_3] [PAPER-KV-V6] fetch meta-llama/Llama-3.1-8B -> None requests
[2026-08-22 11:19:55.652 Model_Service_4] [PAPER-KV-V6] fetch meta-llama/Llama-3.2-1B -> None requests
[2026-08-22 11:19:55.658 Model_Service_1] [PAPER-KV-V6] fetch Qwen/Qwen2.5-3B-Instruct -> None requests
[2026-08-22 11:19:55.661 Model_Service_3] [PAPER-KV-V6] fetch meta-llama/Llama-3.1-8B -> None requests
[2026-08-22 11:19:55.663 Model_Service_4] [PAPER-KV-V6] fetch meta-llama/Llama-3.2-1B -> None requests
[2026-08-22 11:19:55.669 Model_Service_1] [PAPER-KV-V6] fetch Qwen/Qwen2.5-3B-Instruct -> None requests
[2026-08-22 11:19:55.672 Model_Service_3] [PAPER-KV-V6] fetch meta-llama/Llama-3.1-8B -> None requests
[2026-08-22 11:19:55.673 Model_Service_4] [PAPER-KV-V6] fetch meta-llama/Llama-3.2-1B -> None requests
[2026-08-22 11:19:55.679 Model_Service_1] [PAPER-KV-V6] fetch Qwen/Qwen2.5-3B-Instruct -> None requests
[2026-08-22 11:19:55.682 Model_Service_3] [PAPER-KV-V6] fetch meta-llama/Llama-3.1-8B -> None requests
[2026-08-22 11:19:55.683 Model_Service_4] [PAPER-KV-V6] fetch meta-llama/Llama-3.2-1B -> None requests
[2026-08-22 11:19:55.690 Model_Service_1] [PAPER-KV-V6] fetch Qwen/Qwen2.5-3B-Instruct -> None requests
[2026-08-22 11:19:55.693 Model_Service_3] [PAPER-KV-V6] fetch meta-llama/Llama-3.1-8B -> None requests
[2026-08-22 11:19:55.694 Model_Service_4] [PAPER-KV-V6] fetch meta-llama/Llama-3.2-1B -> None requests
[2026-08-22 11:19:55.701 Model_Service_1] [PAPER-KV-V6] fetch Qwen/Qwen2.5-3B-Instruct -> None requests
[2026-08-22 11:19:55.703 Model_Service_3] [PAPER-KV-V6] fetch meta-llama/Llama-3.1-8B -> None requests
[2026-08-22 11:19:55.704 Model_Service_4] [PAPER-KV-V6] fetch meta-llama/Llama-3.2-1B -> None requests
[2026-08-22 11:19:55.712 Model_Service_1] [PAPER-KV-V6] fetch Qwen/Qwen2.5-3B-Instruct -> None requests
[2026-08-22 11:19:55.715 Model_Service_4] [PAPER-KV-V6] fetch meta-llama/Llama-3.2-1B -> None requests
[2026-08-22 11:19:55.715 Model_Service_3] [PAPER-KV-V6] fetch meta-llama/Llama-3.1-8B -> None requests
[2026-08-22 11:19:55.722 Model_Service_1] [PAPER-KV-V6] fetch Qwen/Qwen2.5-3B-Instruct -> None requests
[2026-08-22 11:19:55.725 Model_Service_4] [PAPER-KV-V6] fetch meta-llama/Llama-3.2-1B -> None requests
[2026-08-22 11:19:55.725 Model_Service_3] [PAPER-KV-V6] fetch meta-llama/Llama-3.1-8B -> None requests
[2026-08-22 11:19:55.733 Model_Service_1] [PAPER-KV-V6] fetch Qwen/Qwen2.5-3B-Instruct -> None requests
[2026-08-22 11:19:55.735 Model_Service_4] [PAPER-KV-V6] fetch meta-llama/Llama-3.2-1B -> None requests
[2026-08-22 11:19:55.736 Model_Service_3] [PAPER-KV-V6] fetch meta-llama/Llama-3.1-8B -> None requests
[2026-08-22 11:19:55.744 Model_Service_1] [PAPER-KV-V6] fetch Qwen/Qwen2.5-3B-Instruct -> None requests
[2026-08-22 11:19:55.746 Model_Service_4] [PAPER-KV-V6] fetch meta-llama/Llama-3.2-1B -> None requests
[2026-08-22 11:19:55.747 Model_Service_3] [PAPER-KV-V6] fetch meta-llama/Llama-3.1-8B -> None requests
[2026-08-22 11:19:55.754 Model_Service_1] [PAPER-KV-V6] fetch Qwen/Qwen2.5-3B-Instruct -> None requests
[2026-08-22 11:19:55.756 Model_Service_4] [PAPER-KV-V6] fetch meta-llama/Llama-3.2-1B -> None requests
[2026-08-22 11:19:55.757 Model_Service_3] [PAPER-KV-V6] fetch meta-llama/Llama-3.1-8B -> None requests
[2026-08-22 11:19:55.765 Model_Service_1] [PAPER-KV-V6] fetch Qwen/Qwen2.5-3B-Instruct -> None requests
[2026-08-22 11:19:55.767 Model_Service_4] [PAPER-KV-V6] fetch meta-llama/Llama-3.2-1B -> None requests
[2026-08-22 11:19:55.768 Model_Service_3] [PAPER-KV-V6] fetch meta-llama/Llama-3.1-8B -> None requests
[2026-08-22 11:19:55.776 Model_Service_1] [PAPER-KV-V6] fetch Qwen/Qwen2.5-3B-Instruct -> None requests
[2026-08-22 11:19:55.777 Model_Service_4] [PAPER-KV-V6] fetch meta-llama/Llama-3.2-1B -> None requests
[2026-08-22 11:19:55.778 Model_Service_3] [PAPER-KV-V6] fetch meta-llama/Llama-3.1-8B -> None requests
[2026-08-22 11:19:55.786 Model_Service_1] [PAPER-KV-V6] fetch Qwen/Qwen2.5-3B-Instruct -> None requests
[2026-08-22 11:19:55.787 Model_Service_4] [PAPER-KV-V6] fetch meta-llama/Llama-3.2-1B -> None requests
[2026-08-22 11:19:55.789 Model_Service_3] [PAPER-KV-V6] fetch meta-llama/Llama-3.1-8B -> None requests
[2026-08-22 11:19:55.797 Model_Service_1] [PAPER-KV-V6] fetch Qwen/Qwen2.5-3B-Instruct -> None requests
[2026-08-22 11:19:55.798 Model_Service_4] [PAPER-KV-V6] fetch meta-llama/Llama-3.2-1B -> None requests
[2026-08-22 11:19:55.799 Model_Service_3] [PAPER-KV-V6] fetch meta-llama/Llama-3.1-8B -> None requests
[2026-08-22 11:19:55.807 Model_Service_1] [PAPER-KV-V6] fetch Qwen/Qwen2.5-3B-Instruct -> None requests
[2026-08-22 11:19:55.808 Model_Service_4] [PAPER-KV-V6] fetch meta-llama/Llama-3.2-1B -> None requests
[2026-08-22 11:19:55.810 Model_Service_3] [PAPER-KV-V6] fetch meta-llama/Llama-3.1-8B -> None requests
[2026-08-22 11:19:55.818 Model_Service_1] [PAPER-KV-V6] fetch Qwen/Qwen2.5-3B-Instruct -> None requests
[2026-08-22 11:19:55.819 Model_Service_4] [PAPER-KV-V6] fetch meta-llama/Llama-3.2-1B -> None requests
[2026-08-22 11:19:55.821 Model_Service_3] [PAPER-KV-V6] fetch meta-llama/Llama-3.1-8B -> None requests
[2026-08-22 11:19:55.829 Model_Service_1] [PAPER-KV-V6] fetch Qwen/Qwen2.5-3B-Instruct -> None requests
[2026-08-22 11:19:55.830 Model_Service_4] [PAPER-KV-V6] fetch meta-llama/Llama-3.2-1B -> None requests
[2026-08-22 11:19:55.831 Model_Service_3] [PAPER-KV-V6] fetch meta-llama/Llama-3.1-8B -> None requests
[2026-08-22 11:19:55.839 Model_Service_1] [PAPER-KV-V6] fetch Qwen/Qwen2.5-3B-Instruct -> None requests
[2026-08-22 11:19:55.840 Model_Service_4] [PAPER-KV-V6] fetch meta-llama/Llama-3.2-1B -> None requests
[2026-08-22 11:19:55.842 Model_Service_3] [PAPER-KV-V6] fetch meta-llama/Llama-3.1-8B -> None requests
[2026-08-22 11:19:55.850 Model_Service_1] [PAPER-KV-V6] fetch Qwen/Qwen2.5-3B-Instruct -> None requests
[2026-08-22 11:19:55.851 Model_Service_4] [PAPER-KV-V6] fetch meta-llama/Llama-3.2-1B -> None requests
[2026-08-22 11:19:55.853 Model_Service_3] [PAPER-KV-V6] fetch meta-llama/Llama-3.1-8B -> None requests
[2026-08-22 11:19:55.861 Model_Service_1] [PAPER-KV-V6] fetch Qwen/Qwen2.5-3B-Instruct -> None requests
[2026-08-22 11:19:55.861 Model_Service_4] [PAPER-KV-V6] fetch meta-llama/Llama-3.2-1B -> None requests
[2026-08-22 11:19:55.863 Model_Service_3] [PAPER-KV-V6] fetch meta-llama/Llama-3.1-8B -> None requests
[2026-08-22 11:19:55.871 Model_Service_1] [PAPER-KV-V6] fetch Qwen/Qwen2.5-3B-Instruct -> None requests
[2026-08-22 11:19:55.872 Model_Service_4] [PAPER-KV-V6] fetch meta-llama/Llama-3.2-1B -> None requests
[2026-08-22 11:19:55.874 Model_Service_3] [PAPER-KV-V6] fetch meta-llama/Llama-3.1-8B -> None requests
[2026-08-22 11:19:55.882 Model_Service_1] [PAPER-KV-V6] fetch Qwen/Qwen2.5-3B-Instruct -> None requests
[2026-08-22 11:19:55.883 Model_Service_4] [PAPER-KV-V6] fetch meta-llama/Llama-3.2-1B -> None requests
[2026-08-22 11:19:55.885 Model_Service_3] [PAPER-KV-V6] fetch meta-llama/Llama-3.1-8B -> None requests
[2026-08-22 11:19:55.893 Model_Service_1] [PAPER-KV-V6] fetch Qwen/Qwen2.5-3B-Instruct -> None requests
[2026-08-22 11:19:55.893 Model_Service_4] [PAPER-KV-V6] fetch meta-llama/Llama-3.2-1B -> None requests
[2026-08-22 11:19:55.896 Model_Service_3] [PAPER-KV-V6] fetch meta-llama/Llama-3.1-8B -> None requests
[2026-08-22 11:19:55.904 Model_Service_1] [PAPER-KV-V6] fetch Qwen/Qwen2.5-3B-Instruct -> None requests
[2026-08-22 11:19:55.904 Model_Service_4] [PAPER-KV-V6] fetch meta-llama/Llama-3.2-1B -> None requests
[2026-08-22 11:19:55.906 Model_Service_3] [PAPER-KV-V6] fetch meta-llama/Llama-3.1-8B -> None requests
[2026-08-22 11:19:55.914 Model_Service_1] [PAPER-KV-V6] fetch Qwen/Qwen2.5-3B-Instruct -> None requests
[2026-08-22 11:19:55.915 Model_Service_4] [PAPER-KV-V6] fetch meta-llama/Llama-3.2-1B -> None requests
[2026-08-22 11:19:55.917 Model_Service_3] [PAPER-KV-V6] fetch meta-llama/Llama-3.1-8B -> None requests
[2026-08-22 11:19:55.925 Model_Service_1] [PAPER-KV-V6] fetch Qwen/Qwen2.5-3B-Instruct -> None requests
[2026-08-22 11:19:55.925 Model_Service_4] [PAPER-KV-V6] fetch meta-llama/Llama-3.2-1B -> None requests
[2026-08-22 11:19:55.928 Model_Service_3] [PAPER-KV-V6] fetch meta-llama/Llama-3.1-8B -> None requests
[2026-08-22 11:19:55.936 Model_Service_1] [PAPER-KV-V6] fetch Qwen/Qwen2.5-3B-Instruct -> None requests
[2026-08-22 11:19:55.936 Model_Service_4] [PAPER-KV-V6] fetch meta-llama/Llama-3.2-1B -> None requests
[2026-08-22 11:19:55.939 Model_Service_3] [PAPER-KV-V6] fetch meta-llama/Llama-3.1-8B -> None requests
[2026-08-22 11:19:55.947 Model_Service_1] [PAPER-KV-V6] fetch Qwen/Qwen2.5-3B-Instruct -> None requests
[2026-08-22 11:19:55.947 Model_Service_4] [PAPER-KV-V6] fetch meta-llama/Llama-3.2-1B -> None requests
[2026-08-22 11:19:55.950 Model_Service_3] [PAPER-KV-V6] fetch meta-llama/Llama-3.1-8B -> None requests
[2026-08-22 11:19:55.957 Model_Service_1] [PAPER-KV-V6] fetch Qwen/Qwen2.5-3B-Instruct -> None requests
[2026-08-22 11:19:55.957 Model_Service_4] [PAPER-KV-V6] fetch meta-llama/Llama-3.2-1B -> None requests
[2026-08-22 11:19:55.961 Model_Service_3] [PAPER-KV-V6] fetch meta-llama/Llama-3.1-8B -> None requests
[2026-08-22 11:19:55.968 Model_Service_1] [PAPER-KV-V6] fetch Qwen/Qwen2.5-3B-Instruct -> None requests
[2026-08-22 11:19:55.968 Model_Service_4] [PAPER-KV-V6] fetch meta-llama/Llama-3.2-1B -> None requests
[2026-08-22 11:19:55.971 Model_Service_3] [PAPER-KV-V6] fetch meta-llama/Llama-3.1-8B -> None requests
[2026-08-22 11:19:55.979 Model_Service_1] [PAPER-KV-V6] fetch Qwen/Qwen2.5-3B-Instruct -> None requests
[2026-08-22 11:19:55.979 Model_Service_4] [PAPER-KV-V6] fetch meta-llama/Llama-3.2-1B -> None requests
[2026-08-22 11:19:55.982 Model_Service_3] [PAPER-KV-V6] fetch meta-llama/Llama-3.1-8B -> None requests
[2026-08-22 11:19:55.990 Model_Service_1] [PAPER-KV-V6] fetch Qwen/Qwen2.5-3B-Instruct -> None requests
[2026-08-22 11:19:55.990 Model_Service_4] [PAPER-KV-V6] fetch meta-llama/Llama-3.2-1B -> None requests
[2026-08-22 11:19:55.993 Model_Service_3] [PAPER-KV-V6] fetch meta-llama/Llama-3.1-8B -> None requests
[2026-08-22 11:19:56.000 Model_Service_1] [PAPER-KV-V6] fetch Qwen/Qwen2.5-3B-Instruct -> None requests
[2026-08-22 11:19:56.000 Model_Service_4] [PAPER-KV-V6] fetch meta-llama/Llama-3.2-1B -> None requests
[2026-08-22 11:19:56.004 Model_Service_3] [PAPER-KV-V6] fetch meta-llama/Llama-3.1-8B -> None requests
[2026-08-22 11:19:56.011 Model_Service_1] [PAPER-KV-V6] fetch Qwen/Qwen2.5-3B-Instruct -> None requests
[2026-08-22 11:19:56.011 Model_Service_4] [PAPER-KV-V6] fetch meta-llama/Llama-3.2-1B -> None requests
[2026-08-22 11:19:56.015 Model_Service_3] [PAPER-KV-V6] fetch meta-llama/Llama-3.1-8B -> None requests
[2026-08-22 11:19:56.022 Model_Service_1] [PAPER-KV-V6] fetch Qwen/Qwen2.5-3B-Instruct -> None requests
[2026-08-22 11:19:56.022 Model_Service_4] [PAPER-KV-V6] fetch meta-llama/Llama-3.2-1B -> None requests
[2026-08-22 11:19:56.026 Model_Service_3] [PAPER-KV-V6] fetch meta-llama/Llama-3.1-8B -> None requests
[2026-08-22 11:19:56.033 Model_Service_1] [PAPER-KV-V6] fetch Qwen/Qwen2.5-3B-Instruct -> None requests
[2026-08-22 11:19:56.033 Model_Service_4] [PAPER-KV-V6] fetch meta-llama/Llama-3.2-1B -> None requests
[2026-08-22 11:19:56.036 Model_Service_3] [PAPER-KV-V6] fetch meta-llama/Llama-3.1-8B -> None requests
[2026-08-22 11:19:56.044 Model_Service_1] [PAPER-KV-V6] fetch Qwen/Qwen2.5-3B-Instruct -> None requests
[2026-08-22 11:19:56.044 Model_Service_4] [PAPER-KV-V6] fetch meta-llama/Llama-3.2-1B -> None requests
[2026-08-22 11:19:56.047 Model_Service_3] [PAPER-KV-V6] fetch meta-llama/Llama-3.1-8B -> None requests
[2026-08-22 11:19:56.054 Model_Service_1] [PAPER-KV-V6] fetch Qwen/Qwen2.5-3B-Instruct -> None requests
[2026-08-22 11:19:56.054 Model_Service_4] [PAPER-KV-V6] fetch meta-llama/Llama-3.2-1B -> None requests
[2026-08-22 11:19:56.058 Model_Service_3] [PAPER-KV-V6] fetch meta-llama/Llama-3.1-8B -> None requests
[2026-08-22 11:19:56.065 Model_Service_1] [PAPER-KV-V6] fetch Qwen/Qwen2.5-3B-Instruct -> None requests
[2026-08-22 11:19:56.065 Model_Service_4] [PAPER-KV-V6] fetch meta-llama/Llama-3.2-1B -> None requests
[2026-08-22 11:19:56.068 Model_Service_3] [PAPER-KV-V6] fetch meta-llama/Llama-3.1-8B -> None requests
[2026-08-22 11:19:56.076 Model_Service_1] [PAPER-KV-V6] fetch Qwen/Qwen2.5-3B-Instruct -> None requests
[2026-08-22 11:19:56.076 Model_Service_4] [PAPER-KV-V6] fetch meta-llama/Llama-3.2-1B -> None requests
[2026-08-22 11:19:56.079 Model_Service_3] [PAPER-KV-V6] fetch meta-llama/Llama-3.1-8B -> None requests
[2026-08-22 11:19:56.086 Model_Service_4] [PAPER-KV-V6] fetch meta-llama/Llama-3.2-1B -> None requests
[2026-08-22 11:19:56.086 Model_Service_1] [PAPER-KV-V6] fetch Qwen/Qwen2.5-3B-Instruct -> None requests
[2026-08-22 11:19:56.090 Model_Service_3] [PAPER-KV-V6] fetch meta-llama/Llama-3.1-8B -> None requests
[2026-08-22 11:19:56.097 Model_Service_4] [PAPER-KV-V6] fetch meta-llama/Llama-3.2-1B -> None requests
[2026-08-22 11:19:56.097 Model_Service_1] [PAPER-KV-V6] fetch Qwen/Qwen2.5-3B-Instruct -> None requests
[2026-08-22 11:19:56.100 Model_Service_3] [PAPER-KV-V6] fetch meta-llama/Llama-3.1-8B -> None requests
[2026-08-22 11:19:56.108 Model_Service_4] [PAPER-KV-V6] fetch meta-llama/Llama-3.2-1B -> None requests
[2026-08-22 11:19:56.108 Model_Service_1] [PAPER-KV-V6] fetch Qwen/Qwen2.5-3B-Instruct -> None requests
[2026-08-22 11:19:56.111 Model_Service_3] [PAPER-KV-V6] fetch meta-llama/Llama-3.1-8B -> None requests
[2026-08-22 11:19:56.119 Model_Service_4] [PAPER-KV-V6] fetch meta-llama/Llama-3.2-1B -> None requests
[2026-08-22 11:19:56.119 Model_Service_1] [PAPER-KV-V6] fetch Qwen/Qwen2.5-3B-Instruct -> None requests
[2026-08-22 11:19:56.122 Model_Service_3] [PAPER-KV-V6] fetch meta-llama/Llama-3.1-8B -> None requests
[2026-08-22 11:19:56.129 Model_Service_4] [PAPER-KV-V6] fetch meta-llama/Llama-3.2-1B -> None requests
[2026-08-22 11:19:56.129 Model_Service_1] [PAPER-KV-V6] fetch Qwen/Qwen2.5-3B-Instruct -> None requests
[2026-08-22 11:19:56.133 Model_Service_3] [PAPER-KV-V6] fetch meta-llama/Llama-3.1-8B -> None requests
[2026-08-22 11:19:56.140 Model_Service_4] [PAPER-KV-V6] fetch meta-llama/Llama-3.2-1B -> None requests
[2026-08-22 11:19:56.140 Model_Service_1] [PAPER-KV-V6] fetch Qwen/Qwen2.5-3B-Instruct -> None requests
[2026-08-22 11:19:56.143 Model_Service_3] [PAPER-KV-V6] fetch meta-llama/Llama-3.1-8B -> None requests
[2026-08-22 11:19:56.151 Model_Service_4] [PAPER-KV-V6] fetch meta-llama/Llama-3.2-1B -> None requests
[2026-08-22 11:19:56.151 Model_Service_1] [PAPER-KV-V6] fetch Qwen/Qwen2.5-3B-Instruct -> None requests
[2026-08-22 11:19:56.154 Model_Service_3] [PAPER-KV-V6] fetch meta-llama/Llama-3.1-8B -> None requests
[2026-08-22 11:19:56.161 Model_Service_4] [PAPER-KV-V6] fetch meta-llama/Llama-3.2-1B -> None requests
[2026-08-22 11:19:56.161 Model_Service_1] [PAPER-KV-V6] fetch Qwen/Qwen2.5-3B-Instruct -> None requests
[2026-08-22 11:19:56.165 Model_Service_3] [PAPER-KV-V6] fetch meta-llama/Llama-3.1-8B -> None requests
[2026-08-22 11:19:56.172 Model_Service_4] [PAPER-KV-V6] fetch meta-llama/Llama-3.2-1B -> None requests
[2026-08-22 11:19:56.172 Model_Service_1] [PAPER-KV-V6] fetch Qwen/Qwen2.5-3B-Instruct -> None requests
[2026-08-22 11:19:56.176 Model_Service_3] [PAPER-KV-V6] fetch meta-llama/Llama-3.1-8B -> None requests
[2026-08-22 11:19:56.183 Model_Service_4] [PAPER-KV-V6] fetch meta-llama/Llama-3.2-1B -> None requests
[2026-08-22 11:19:56.183 Model_Service_1] [PAPER-KV-V6] fetch Qwen/Qwen2.5-3B-Instruct -> None requests
[2026-08-22 11:19:56.186 Model_Service_3] [PAPER-KV-V6] fetch meta-llama/Llama-3.1-8B -> None requests
[2026-08-22 11:19:56.193 Model_Service_4] [PAPER-KV-V6] fetch meta-llama/Llama-3.2-1B -> None requests
[2026-08-22 11:19:56.193 Model_Service_1] [PAPER-KV-V6] fetch Qwen/Qwen2.5-3B-Instruct -> None requests
[2026-08-22 11:19:56.197 Model_Service_3] [PAPER-KV-V6] fetch meta-llama/Llama-3.1-8B -> None requests
[2026-08-22 11:19:56.204 Model_Service_4] [PAPER-KV-V6] fetch meta-llama/Llama-3.2-1B -> None requests
[2026-08-22 11:19:56.207 Model_Service_1] [PAPER-KV-V6] fetch Qwen/Qwen2.5-3B-Instruct -> None requests
[2026-08-22 11:19:56.208 Model_Service_3] [PAPER-KV-V6] fetch meta-llama/Llama-3.1-8B -> None requests
[2026-08-22 11:19:56.215 Model_Service_4] [PAPER-KV-V6] fetch meta-llama/Llama-3.2-1B -> None requests
[2026-08-22 11:19:56.218 Model_Service_1] [PAPER-KV-V6] fetch Qwen/Qwen2.5-3B-Instruct -> None requests
[2026-08-22 11:19:56.219 Model_Service_3] [PAPER-KV-V6] fetch meta-llama/Llama-3.1-8B -> None requests
[2026-08-22 11:19:56.225 Model_Service_4] [PAPER-KV-V6] fetch meta-llama/Llama-3.2-1B -> None requests
[2026-08-22 11:19:56.229 Model_Service_1] [PAPER-KV-V6] fetch Qwen/Qwen2.5-3B-Instruct -> None requests
[2026-08-22 11:19:56.230 Model_Service_3] [PAPER-KV-V6] fetch meta-llama/Llama-3.1-8B -> None requests
[2026-08-22 11:19:56.236 Model_Service_4] [PAPER-KV-V6] fetch meta-llama/Llama-3.2-1B -> None requests
[2026-08-22 11:19:56.239 Model_Service_1] [PAPER-KV-V6] fetch Qwen/Qwen2.5-3B-Instruct -> None requests
[2026-08-22 11:19:56.240 Model_Service_3] [PAPER-KV-V6] fetch meta-llama/Llama-3.1-8B -> None requests
[2026-08-22 11:19:56.247 Model_Service_4] [PAPER-KV-V6] fetch meta-llama/Llama-3.2-1B -> None requests
[2026-08-22 11:19:56.250 Model_Service_1] [PAPER-KV-V6] fetch Qwen/Qwen2.5-3B-Instruct -> None requests
[2026-08-22 11:19:56.251 Model_Service_3] [PAPER-KV-V6] fetch meta-llama/Llama-3.1-8B -> None requests
[2026-08-22 11:19:56.257 Model_Service_4] [PAPER-KV-V6] fetch meta-llama/Llama-3.2-1B -> None requests
[2026-08-22 11:19:56.261 Model_Service_1] [PAPER-KV-V6] fetch Qwen/Qwen2.5-3B-Instruct -> None requests
[2026-08-22 11:19:56.262 Model_Service_3] [PAPER-KV-V6] fetch meta-llama/Llama-3.1-8B -> None requests
[2026-08-22 11:19:56.268 Model_Service_4] [PAPER-KV-V6] fetch meta-llama/Llama-3.2-1B -> None requests
[2026-08-22 11:19:56.271 Model_Service_1] [PAPER-KV-V6] fetch Qwen/Qwen2.5-3B-Instruct -> None requests
[2026-08-22 11:19:56.273 Model_Service_3] [PAPER-KV-V6] fetch meta-llama/Llama-3.1-8B -> None requests
[2026-08-22 11:19:56.279 Model_Service_4] [PAPER-KV-V6] fetch meta-llama/Llama-3.2-1B -> None requests
[2026-08-22 11:19:56.282 Model_Service_1] [PAPER-KV-V6] fetch Qwen/Qwen2.5-3B-Instruct -> None requests
[2026-08-22 11:19:56.283 Model_Service_3] [PAPER-KV-V6] fetch meta-llama/Llama-3.1-8B -> None requests
[2026-08-22 11:19:56.290 Model_Service_4] [PAPER-KV-V6] fetch meta-llama/Llama-3.2-1B -> None requests
[2026-08-22 11:19:56.293 Model_Service_1] [PAPER-KV-V6] fetch Qwen/Qwen2.5-3B-Instruct -> None requests
[2026-08-22 11:19:56.294 Model_Service_3] [PAPER-KV-V6] fetch meta-llama/Llama-3.1-8B -> None requests
[2026-08-22 11:19:56.300 Model_Service_4] [PAPER-KV-V6] fetch meta-llama/Llama-3.2-1B -> None requests
[2026-08-22 11:19:56.303 Model_Service_1] [PAPER-KV-V6] fetch Qwen/Qwen2.5-3B-Instruct -> None requests
[2026-08-22 11:19:56.305 Model_Service_3] [PAPER-KV-V6] fetch meta-llama/Llama-3.1-8B -> None requests
[2026-08-22 11:19:56.311 Model_Service_4] [PAPER-KV-V6] fetch meta-llama/Llama-3.2-1B -> None requests
[2026-08-22 11:19:56.314 Model_Service_1] [PAPER-KV-V6] fetch Qwen/Qwen2.5-3B-Instruct -> None requests
[2026-08-22 11:19:56.316 Model_Service_3] [PAPER-KV-V6] fetch meta-llama/Llama-3.1-8B -> None requests
[2026-08-22 11:19:56.322 Model_Service_4] [PAPER-KV-V6] fetch meta-llama/Llama-3.2-1B -> None requests
[2026-08-22 11:19:56.325 Model_Service_1] [PAPER-KV-V6] fetch Qwen/Qwen2.5-3B-Instruct -> None requests
[2026-08-22 11:19:56.326 Model_Service_3] [PAPER-KV-V6] fetch meta-llama/Llama-3.1-8B -> None requests
[2026-08-22 11:19:56.332 Model_Service_4] [PAPER-KV-V6] fetch meta-llama/Llama-3.2-1B -> None requests
[2026-08-22 11:19:56.335 Model_Service_1] [PAPER-KV-V6] fetch Qwen/Qwen2.5-3B-Instruct -> None requests
[2026-08-22 11:19:56.337 Model_Service_3] [PAPER-KV-V6] fetch meta-llama/Llama-3.1-8B -> None requests
[2026-08-22 11:19:56.343 Model_Service_4] [PAPER-KV-V6] fetch meta-llama/Llama-3.2-1B -> None requests
[2026-08-22 11:19:56.346 Model_Service_1] [PAPER-KV-V6] fetch Qwen/Qwen2.5-3B-Instruct -> None requests
[2026-08-22 11:19:56.348 Model_Service_3] [PAPER-KV-V6] fetch meta-llama/Llama-3.1-8B -> None requests
[2026-08-22 11:19:56.353 Model_Service_4] [PAPER-KV-V6] fetch meta-llama/Llama-3.2-1B -> None requests
[2026-08-22 11:19:56.357 Model_Service_1] [PAPER-KV-V6] fetch Qwen/Qwen2.5-3B-Instruct -> None requests
[2026-08-22 11:19:56.359 Model_Service_3] [PAPER-KV-V6] fetch meta-llama/Llama-3.1-8B -> None requests
[2026-08-22 11:19:56.364 Model_Service_4] [PAPER-KV-V6] fetch meta-llama/Llama-3.2-1B -> None requests
[2026-08-22 11:19:56.367 Model_Service_1] [PAPER-KV-V6] fetch Qwen/Qwen2.5-3B-Instruct -> None requests
[2026-08-22 11:19:56.369 Model_Service_3] [PAPER-KV-V6] fetch meta-llama/Llama-3.1-8B -> None requests
[2026-08-22 11:19:56.374 Model_Service_4] [PAPER-KV-V6] fetch meta-llama/Llama-3.2-1B -> None requests
[2026-08-22 11:19:56.378 Model_Service_1] [PAPER-KV-V6] fetch Qwen/Qwen2.5-3B-Instruct -> None requests
[2026-08-22 11:19:56.380 Model_Service_3] [PAPER-KV-V6] fetch meta-llama/Llama-3.1-8B -> None requests
[2026-08-22 11:19:56.385 Model_Service_4] [PAPER-KV-V6] fetch meta-llama/Llama-3.2-1B -> None requests
[2026-08-22 11:19:56.389 Model_Service_1] [PAPER-KV-V6] fetch Qwen/Qwen2.5-3B-Instruct -> None requests
[2026-08-22 11:19:56.391 Model_Service_3] [PAPER-KV-V6] fetch meta-llama/Llama-3.1-8B -> None requests
[2026-08-22 11:19:56.396 Model_Service_4] [PAPER-KV-V6] fetch meta-llama/Llama-3.2-1B -> None requests
[2026-08-22 11:19:56.399 Model_Service_1] [PAPER-KV-V6] fetch Qwen/Qwen2.5-3B-Instruct -> None requests
[2026-08-22 11:19:56.401 Model_Service_3] [PAPER-KV-V6] fetch meta-llama/Llama-3.1-8B -> None requests
[2026-08-22 11:19:56.407 Model_Service_4] [PAPER-KV-V6] fetch meta-llama/Llama-3.2-1B -> None requests
[2026-08-22 11:19:56.410 Model_Service_1] [PAPER-KV-V6] fetch Qwen/Qwen2.5-3B-Instruct -> None requests
[2026-08-22 11:19:56.412 Model_Service_3] [PAPER-KV-V6] fetch meta-llama/Llama-3.1-8B -> None requests
[2026-08-22 11:19:56.417 Model_Service_4] [PAPER-KV-V6] fetch meta-llama/Llama-3.2-1B -> None requests
[2026-08-22 11:19:56.421 Model_Service_1] [PAPER-KV-V6] fetch Qwen/Qwen2.5-3B-Instruct -> None requests
[2026-08-22 11:19:56.423 Model_Service_3] [PAPER-KV-V6] fetch meta-llama/Llama-3.1-8B -> None requests
[2026-08-22 11:19:56.428 Model_Service_4] [PAPER-KV-V6] fetch meta-llama/Llama-3.2-1B -> None requests
[2026-08-22 11:19:56.431 Model_Service_1] [PAPER-KV-V6] fetch Qwen/Qwen2.5-3B-Instruct -> None requests
[2026-08-22 11:19:56.434 Model_Service_3] [PAPER-KV-V6] fetch meta-llama/Llama-3.1-8B -> None requests
[2026-08-22 11:19:56.439 Model_Service_4] [PAPER-KV-V6] fetch meta-llama/Llama-3.2-1B -> None requests
[2026-08-22 11:19:56.442 Model_Service_1] [PAPER-KV-V6] fetch Qwen/Qwen2.5-3B-Instruct -> None requests
[2026-08-22 11:19:56.444 Model_Service_3] [PAPER-KV-V6] fetch meta-llama/Llama-3.1-8B -> None requests
[2026-08-22 11:19:56.449 Model_Service_4] [PAPER-KV-V6] fetch meta-llama/Llama-3.2-1B -> None requests
[2026-08-22 11:19:56.453 Model_Service_1] [PAPER-KV-V6] fetch Qwen/Qwen2.5-3B-Instruct -> None requests
[2026-08-22 11:19:56.455 Model_Service_3] [PAPER-KV-V6] fetch meta-llama/Llama-3.1-8B -> None requests
[2026-08-22 11:19:56.460 Model_Service_4] [PAPER-KV-V6] fetch meta-llama/Llama-3.2-1B -> None requests
[2026-08-22 11:19:56.463 Model_Service_1] [PAPER-KV-V6] fetch Qwen/Qwen2.5-3B-Instruct -> None requests
[2026-08-22 11:19:56.466 Model_Service_3] [PAPER-KV-V6] fetch meta-llama/Llama-3.1-8B -> None requests
[2026-08-22 11:19:56.470 Model_Service_4] [PAPER-KV-V6] fetch meta-llama/Llama-3.2-1B -> None requests
[2026-08-22 11:19:56.474 Model_Service_1] [PAPER-KV-V6] fetch Qwen/Qwen2.5-3B-Instruct -> None requests
[2026-08-22 11:19:56.476 Model_Service_3] [PAPER-KV-V6] fetch meta-llama/Llama-3.1-8B -> None requests
[2026-08-22 11:19:56.481 Model_Service_4] [PAPER-KV-V6] fetch meta-llama/Llama-3.2-1B -> None requests
[2026-08-22 11:19:56.485 Model_Service_1] [PAPER-KV-V6] fetch Qwen/Qwen2.5-3B-Instruct -> None requests
[2026-08-22 11:19:56.487 Model_Service_3] [PAPER-KV-V6] fetch meta-llama/Llama-3.1-8B -> None requests
[2026-08-22 11:19:56.491 Model_Service_4] [PAPER-KV-V6] fetch meta-llama/Llama-3.2-1B -> None requests
[2026-08-22 11:19:56.495 Model_Service_1] [PAPER-KV-V6] fetch Qwen/Qwen2.5-3B-Instruct -> None requests
[2026-08-22 11:19:56.498 Model_Service_3] [PAPER-KV-V6] fetch meta-llama/Llama-3.1-8B -> None requests
[2026-08-22 11:19:56.502 Model_Service_4] [PAPER-KV-V6] fetch meta-llama/Llama-3.2-1B -> None requests
[2026-08-22 11:19:56.506 Model_Service_1] [PAPER-KV-V6] fetch Qwen/Qwen2.5-3B-Instruct -> None requests
[2026-08-22 11:19:56.509 Model_Service_3] [PAPER-KV-V6] fetch meta-llama/Llama-3.1-8B -> None requests
[2026-08-22 11:19:56.513 Model_Service_4] [PAPER-KV-V6] fetch meta-llama/Llama-3.2-1B -> None requests
[2026-08-22 11:19:56.517 Model_Service_1] [PAPER-KV-V6] fetch Qwen/Qwen2.5-3B-Instruct -> None requests
[2026-08-22 11:19:56.520 Model_Service_3] [PAPER-KV-V6] fetch meta-llama/Llama-3.1-8B -> None requests
[2026-08-22 11:19:56.523 Model_Service_4] [PAPER-KV-V6] fetch meta-llama/Llama-3.2-1B -> None requests
[2026-08-22 11:19:56.527 Model_Service_1] [PAPER-KV-V6] fetch Qwen/Qwen2.5-3B-Instruct -> None requests
[2026-08-22 11:19:56.530 Model_Service_3] [PAPER-KV-V6] fetch meta-llama/Llama-3.1-8B -> None requests
[2026-08-22 11:19:56.534 Model_Service_4] [PAPER-KV-V6] fetch meta-llama/Llama-3.2-1B -> None requests
[2026-08-22 11:19:56.538 Model_Service_1] [PAPER-KV-V6] fetch Qwen/Qwen2.5-3B-Instruct -> None requests
[2026-08-22 11:19:56.541 Model_Service_3] [PAPER-KV-V6] fetch meta-llama/Llama-3.1-8B -> None requests
[2026-08-22 11:19:56.545 Model_Service_4] [PAPER-KV-V6] fetch meta-llama/Llama-3.2-1B -> None requests
[2026-08-22 11:19:56.549 Model_Service_1] [PAPER-KV-V6] fetch Qwen/Qwen2.5-3B-Instruct -> None requests
[2026-08-22 11:19:56.552 Model_Service_3] [PAPER-KV-V6] fetch meta-llama/Llama-3.1-8B -> None requests
[2026-08-22 11:19:56.555 Model_Service_4] [PAPER-KV-V6] fetch meta-llama/Llama-3.2-1B -> None requests
[2026-08-22 11:19:56.559 Model_Service_1] [PAPER-KV-V6] fetch Qwen/Qwen2.5-3B-Instruct -> None requests
[2026-08-22 11:19:56.562 Model_Service_3] [PAPER-KV-V6] fetch meta-llama/Llama-3.1-8B -> None requests
[2026-08-22 11:19:56.566 Model_Service_4] [PAPER-KV-V6] fetch meta-llama/Llama-3.2-1B -> None requests
[2026-08-22 11:19:56.570 Model_Service_1] [PAPER-KV-V6] fetch Qwen/Qwen2.5-3B-Instruct -> None requests
[2026-08-22 11:19:56.573 Model_Service_3] [PAPER-KV-V6] fetch meta-llama/Llama-3.1-8B -> None requests
[2026-08-22 11:19:56.577 Model_Service_4] [PAPER-KV-V6] fetch meta-llama/Llama-3.2-1B -> None requests
[2026-08-22 11:19:56.581 Model_Service_1] [PAPER-KV-V6] fetch Qwen/Qwen2.5-3B-Instruct -> None requests
[2026-08-22 11:19:56.584 Model_Service_3] [PAPER-KV-V6] fetch meta-llama/Llama-3.1-8B -> None requests
[2026-08-22 11:19:56.587 Model_Service_4] [PAPER-KV-V6] fetch meta-llama/Llama-3.2-1B -> None requests
[2026-08-22 11:19:56.591 Model_Service_1] [PAPER-KV-V6] fetch Qwen/Qwen2.5-3B-Instruct -> None requests
[2026-08-22 11:19:56.595 Model_Service_3] [PAPER-KV-V6] fetch meta-llama/Llama-3.1-8B -> None requests
[2026-08-22 11:19:56.598 Model_Service_4] [PAPER-KV-V6] fetch meta-llama/Llama-3.2-1B -> None requests
[2026-08-22 11:19:56.602 Model_Service_1] [PAPER-KV-V6] fetch Qwen/Qwen2.5-3B-Instruct -> None requests
[2026-08-22 11:19:56.605 Model_Service_3] [PAPER-KV-V6] fetch meta-llama/Llama-3.1-8B -> None requests
[2026-08-22 11:19:56.609 Model_Service_4] [PAPER-KV-V6] fetch meta-llama/Llama-3.2-1B -> None requests
[2026-08-22 11:19:56.613 Model_Service_1] [PAPER-KV-V6] fetch Qwen/Qwen2.5-3B-Instruct -> None requests
[2026-08-22 11:19:56.616 Model_Service_3] [PAPER-KV-V6] fetch meta-llama/Llama-3.1-8B -> None requests
[2026-08-22 11:19:56.619 Model_Service_4] [PAPER-KV-V6] fetch meta-llama/Llama-3.2-1B -> None requests
[2026-08-22 11:19:56.623 Model_Service_1] [PAPER-KV-V6] fetch Qwen/Qwen2.5-3B-Instruct -> None requests
[2026-08-22 11:19:56.627 Model_Service_3] [PAPER-KV-V6] fetch meta-llama/Llama-3.1-8B -> None requests
[2026-08-22 11:19:56.630 Model_Service_4] [PAPER-KV-V6] fetch meta-llama/Llama-3.2-1B -> None requests
[2026-08-22 11:19:56.634 Model_Service_1] [PAPER-KV-V6] fetch Qwen/Qwen2.5-3B-Instruct -> None requests
[2026-08-22 11:19:56.637 Model_Service_3] [PAPER-KV-V6] fetch meta-llama/Llama-3.1-8B -> None requests
[2026-08-22 11:19:56.641 Model_Service_4] [PAPER-KV-V6] fetch meta-llama/Llama-3.2-1B -> None requests
[2026-08-22 11:19:56.645 Model_Service_1] [PAPER-KV-V6] fetch Qwen/Qwen2.5-3B-Instruct -> None requests
[2026-08-22 11:19:56.648 Model_Service_3] [PAPER-KV-V6] fetch meta-llama/Llama-3.1-8B -> None requests
[2026-08-22 11:19:56.651 Model_Service_4] [PAPER-KV-V6] fetch meta-llama/Llama-3.2-1B -> None requests
[2026-08-22 11:19:56.655 Model_Service_1] [PAPER-KV-V6] fetch Qwen/Qwen2.5-3B-Instruct -> None requests
[2026-08-22 11:19:56.659 Model_Service_3] [PAPER-KV-V6] fetch meta-llama/Llama-3.1-8B -> None requests
[2026-08-22 11:19:56.662 Model_Service_4] [PAPER-KV-V6] fetch meta-llama/Llama-3.2-1B -> None requests
[2026-08-22 11:19:56.666 Model_Service_1] [PAPER-KV-V6] fetch Qwen/Qwen2.5-3B-Instruct -> None requests
[2026-08-22 11:19:56.670 Model_Service_3] [PAPER-KV-V6] fetch meta-llama/Llama-3.1-8B -> None requests
[2026-08-22 11:19:56.673 Model_Service_4] [PAPER-KV-V6] fetch meta-llama/Llama-3.2-1B -> None requests
[2026-08-22 11:19:56.677 Model_Service_1] [PAPER-KV-V6] fetch Qwen/Qwen2.5-3B-Instruct -> None requests
[2026-08-22 11:19:56.681 Model_Service_3] [PAPER-KV-V6] fetch meta-llama/Llama-3.1-8B -> None requests
[2026-08-22 11:19:56.683 Model_Service_4] [PAPER-KV-V6] fetch meta-llama/Llama-3.2-1B -> None requests
[2026-08-22 11:19:56.687 Model_Service_1] [PAPER-KV-V6] fetch Qwen/Qwen2.5-3B-Instruct -> None requests
[2026-08-22 11:19:56.691 Model_Service_3] [PAPER-KV-V6] fetch meta-llama/Llama-3.1-8B -> None requests
[2026-08-22 11:19:56.694 Model_Service_4] [PAPER-KV-V6] fetch meta-llama/Llama-3.2-1B -> None requests
[2026-08-22 11:19:56.698 Model_Service_1] [PAPER-KV-V6] fetch Qwen/Qwen2.5-3B-Instruct -> None requests
[2026-08-22 11:19:56.702 Model_Service_3] [PAPER-KV-V6] fetch meta-llama/Llama-3.1-8B -> None requests
[2026-08-22 11:19:56.705 Model_Service_4] [PAPER-KV-V6] fetch meta-llama/Llama-3.2-1B -> None requests
[2026-08-22 11:19:56.709 Model_Service_1] [PAPER-KV-V6] fetch Qwen/Qwen2.5-3B-Instruct -> None requests
[2026-08-22 11:19:56.713 Model_Service_3] [PAPER-KV-V6] fetch meta-llama/Llama-3.1-8B -> None requests
[2026-08-22 11:19:56.715 Model_Service_4] [PAPER-KV-V6] fetch meta-llama/Llama-3.2-1B -> None requests
[2026-08-22 11:19:56.719 Model_Service_1] [PAPER-KV-V6] fetch Qwen/Qwen2.5-3B-Instruct -> None requests
[2026-08-22 11:19:56.723 Model_Service_3] [PAPER-KV-V6] fetch meta-llama/Llama-3.1-8B -> None requests
[2026-08-22 11:19:56.726 Model_Service_4] [PAPER-KV-V6] fetch meta-llama/Llama-3.2-1B -> None requests
[2026-08-22 11:19:56.730 Model_Service_1] [PAPER-KV-V6] fetch Qwen/Qwen2.5-3B-Instruct -> None requests
[2026-08-22 11:19:56.734 Model_Service_3] [PAPER-KV-V6] fetch meta-llama/Llama-3.1-8B -> None requests
[2026-08-22 11:19:56.737 Model_Service_4] [PAPER-KV-V6] fetch meta-llama/Llama-3.2-1B -> None requests
[2026-08-22 11:19:56.741 Model_Service_1] [PAPER-KV-V6] fetch Qwen/Qwen2.5-3B-Instruct -> None requests
[2026-08-22 11:19:56.745 Model_Service_3] [PAPER-KV-V6] fetch meta-llama/Llama-3.1-8B -> None requests
[2026-08-22 11:19:56.747 Model_Service_4] [PAPER-KV-V6] fetch meta-llama/Llama-3.2-1B -> None requests
[2026-08-22 11:19:56.751 Model_Service_1] [PAPER-KV-V6] fetch Qwen/Qwen2.5-3B-Instruct -> None requests
[2026-08-22 11:19:56.755 Model_Service_3] [PAPER-KV-V6] fetch meta-llama/Llama-3.1-8B -> None requests
[2026-08-22 11:19:56.758 Model_Service_4] [PAPER-KV-V6] fetch meta-llama/Llama-3.2-1B -> None requests
[2026-08-22 11:19:56.762 Model_Service_1] [PAPER-KV-V6] fetch Qwen/Qwen2.5-3B-Instruct -> None requests
[2026-08-22 11:19:56.766 Model_Service_3] [PAPER-KV-V6] fetch meta-llama/Llama-3.1-8B -> None requests
[2026-08-22 11:19:56.768 Model_Service_4] [PAPER-KV-V6] fetch meta-llama/Llama-3.2-1B -> None requests
[2026-08-22 11:19:56.773 Model_Service_1] [PAPER-KV-V6] fetch Qwen/Qwen2.5-3B-Instruct -> None requests
[2026-08-22 11:19:56.777 Model_Service_3] [PAPER-KV-V6] fetch meta-llama/Llama-3.1-8B -> None requests
[2026-08-22 11:19:56.779 Model_Service_4] [PAPER-KV-V6] fetch meta-llama/Llama-3.2-1B -> None requests
[2026-08-22 11:19:56.783 Model_Service_1] [PAPER-KV-V6] fetch Qwen/Qwen2.5-3B-Instruct -> None requests
[2026-08-22 11:19:56.788 Model_Service_3] [PAPER-KV-V6] fetch meta-llama/Llama-3.1-8B -> None requests
[2026-08-22 11:19:56.790 Model_Service_4] [PAPER-KV-V6] fetch meta-llama/Llama-3.2-1B -> None requests
[2026-08-22 11:19:56.794 Model_Service_1] [PAPER-KV-V6] fetch Qwen/Qwen2.5-3B-Instruct -> None requests
[2026-08-22 11:19:56.798 Model_Service_3] [PAPER-KV-V6] fetch meta-llama/Llama-3.1-8B -> None requests
[2026-08-22 11:19:56.801 Model_Service_4] [PAPER-KV-V6] fetch meta-llama/Llama-3.2-1B -> None requests
[2026-08-22 11:19:56.805 Model_Service_1] [PAPER-KV-V6] fetch Qwen/Qwen2.5-3B-Instruct -> None requests
[2026-08-22 11:19:56.809 Model_Service_3] [PAPER-KV-V6] fetch meta-llama/Llama-3.1-8B -> None requests
[2026-08-22 11:19:56.811 Model_Service_4] [PAPER-KV-V6] fetch meta-llama/Llama-3.2-1B -> None requests
[2026-08-22 11:19:56.815 Model_Service_1] [PAPER-KV-V6] fetch Qwen/Qwen2.5-3B-Instruct -> None requests
[2026-08-22 11:19:56.819 Model_Service_3] [PAPER-KV-V6] fetch meta-llama/Llama-3.1-8B -> None requests
[2026-08-22 11:19:56.822 Model_Service_4] [PAPER-KV-V6] fetch meta-llama/Llama-3.2-1B -> None requests
[2026-08-22 11:19:56.826 Model_Service_1] [PAPER-KV-V6] fetch Qwen/Qwen2.5-3B-Instruct -> None requests
[2026-08-22 11:19:56.830 Model_Service_3] [PAPER-KV-V6] fetch meta-llama/Llama-3.1-8B -> None requests
[2026-08-22 11:19:56.833 Model_Service_4] [PAPER-KV-V6] fetch meta-llama/Llama-3.2-1B -> None requests
[2026-08-22 11:19:56.837 Model_Service_1] [PAPER-KV-V6] fetch Qwen/Qwen2.5-3B-Instruct -> None requests
[2026-08-22 11:19:56.841 Model_Service_3] [PAPER-KV-V6] fetch meta-llama/Llama-3.1-8B -> None requests
[2026-08-22 11:19:56.843 Model_Service_4] [PAPER-KV-V6] fetch meta-llama/Llama-3.2-1B -> None requests
[2026-08-22 11:19:56.847 Model_Service_1] [PAPER-KV-V6] fetch Qwen/Qwen2.5-3B-Instruct -> None requests
[2026-08-22 11:19:56.851 Model_Service_3] [PAPER-KV-V6] fetch meta-llama/Llama-3.1-8B -> None requests
[2026-08-22 11:19:56.853 Model_Service_4] [PAPER-KV-V6] fetch meta-llama/Llama-3.2-1B -> None requests
[2026-08-22 11:19:56.858 Model_Service_1] [PAPER-KV-V6] fetch Qwen/Qwen2.5-3B-Instruct -> None requests
[2026-08-22 11:19:56.862 Model_Service_3] [PAPER-KV-V6] fetch meta-llama/Llama-3.1-8B -> None requests
[2026-08-22 11:19:56.864 Model_Service_4] [PAPER-KV-V6] fetch meta-llama/Llama-3.2-1B -> None requests
[2026-08-22 11:19:56.869 Model_Service_1] [PAPER-KV-V6] fetch Qwen/Qwen2.5-3B-Instruct -> None requests
[2026-08-22 11:19:56.872 Model_Service_3] [PAPER-KV-V6] fetch meta-llama/Llama-3.1-8B -> None requests
[2026-08-22 11:19:56.874 Model_Service_4] [PAPER-KV-V6] fetch meta-llama/Llama-3.2-1B -> None requests
[2026-08-22 11:19:56.879 Model_Service_1] [PAPER-KV-V6] fetch Qwen/Qwen2.5-3B-Instruct -> None requests
[2026-08-22 11:19:56.883 Model_Service_3] [PAPER-KV-V6] fetch meta-llama/Llama-3.1-8B -> None requests
[2026-08-22 11:19:56.885 Model_Service_4] [PAPER-KV-V6] fetch meta-llama/Llama-3.2-1B -> None requests
[2026-08-22 11:19:56.891 Model_Service_1] [PAPER-KV-V6] fetch Qwen/Qwen2.5-3B-Instruct -> None requests
[2026-08-22 11:19:56.894 Model_Service_3] [PAPER-KV-V6] fetch meta-llama/Llama-3.1-8B -> None requests
[2026-08-22 11:19:56.895 Model_Service_4] [PAPER-KV-V6] fetch meta-llama/Llama-3.2-1B -> None requests
[2026-08-22 11:19:56.901 Model_Service_1] [PAPER-KV-V6] fetch Qwen/Qwen2.5-3B-Instruct -> None requests
[2026-08-22 11:19:56.905 Model_Service_3] [PAPER-KV-V6] fetch meta-llama/Llama-3.1-8B -> None requests
[2026-08-22 11:19:56.906 Model_Service_4] [PAPER-KV-V6] fetch meta-llama/Llama-3.2-1B -> None requests
[2026-08-22 11:19:56.912 Model_Service_1] [PAPER-KV-V6] fetch Qwen/Qwen2.5-3B-Instruct -> None requests
[2026-08-22 11:19:56.915 Model_Service_3] [PAPER-KV-V6] fetch meta-llama/Llama-3.1-8B -> None requests
[2026-08-22 11:19:56.916 Model_Service_4] [PAPER-KV-V6] fetch meta-llama/Llama-3.2-1B -> None requests
[2026-08-22 11:19:56.923 Model_Service_1] [PAPER-KV-V6] fetch Qwen/Qwen2.5-3B-Instruct -> None requests
[2026-08-22 11:19:56.926 Model_Service_3] [PAPER-KV-V6] fetch meta-llama/Llama-3.1-8B -> None requests
[2026-08-22 11:19:56.927 Model_Service_4] [PAPER-KV-V6] fetch meta-llama/Llama-3.2-1B -> None requests
[2026-08-22 11:19:56.933 Model_Service_1] [PAPER-KV-V6] fetch Qwen/Qwen2.5-3B-Instruct -> None requests
[2026-08-22 11:19:56.936 Model_Service_3] [PAPER-KV-V6] fetch meta-llama/Llama-3.1-8B -> None requests
[2026-08-22 11:19:56.937 Model_Service_4] [PAPER-KV-V6] fetch meta-llama/Llama-3.2-1B -> None requests
[2026-08-22 11:19:56.947 Model_Service_3] [PAPER-KV-V6] fetch meta-llama/Llama-3.1-8B -> None requests
[2026-08-22 11:19:56.947 Model_Service_1] [PAPER-KV-V6] fetch Qwen/Qwen2.5-3B-Instruct -> None requests
[2026-08-22 11:19:56.948 Model_Service_4] [PAPER-KV-V6] fetch meta-llama/Llama-3.2-1B -> None requests
[2026-08-22 11:19:56.958 Model_Service_3] [PAPER-KV-V6] fetch meta-llama/Llama-3.1-8B -> None requests
[2026-08-22 11:19:56.958 Model_Service_1] [PAPER-KV-V6] fetch Qwen/Qwen2.5-3B-Instruct -> None requests
[2026-08-22 11:19:56.958 Model_Service_4] [PAPER-KV-V6] fetch meta-llama/Llama-3.2-1B -> None requests
[2026-08-22 11:19:56.969 Model_Service_3] [PAPER-KV-V6] fetch meta-llama/Llama-3.1-8B -> None requests
[2026-08-22 11:19:56.969 Model_Service_1] [PAPER-KV-V6] fetch Qwen/Qwen2.5-3B-Instruct -> None requests
[2026-08-22 11:19:56.969 Model_Service_4] [PAPER-KV-V6] fetch meta-llama/Llama-3.2-1B -> None requests
[2026-08-22 11:19:56.979 Model_Service_4] [PAPER-KV-V6] fetch meta-llama/Llama-3.2-1B -> None requests
[2026-08-22 11:19:56.979 Model_Service_3] [PAPER-KV-V6] fetch meta-llama/Llama-3.1-8B -> None requests
[2026-08-22 11:19:56.979 Model_Service_1] [PAPER-KV-V6] fetch Qwen/Qwen2.5-3B-Instruct -> None requests
[2026-08-22 11:19:56.990 Model_Service_4] [PAPER-KV-V6] fetch meta-llama/Llama-3.2-1B -> None requests
[2026-08-22 11:19:56.990 Model_Service_3] [PAPER-KV-V6] fetch meta-llama/Llama-3.1-8B -> None requests
[2026-08-22 11:19:56.990 Model_Service_1] [PAPER-KV-V6] fetch Qwen/Qwen2.5-3B-Instruct -> None requests
[2026-08-22 11:19:57.000 Model_Service_4] [PAPER-KV-V6] fetch meta-llama/Llama-3.2-1B -> None requests
[2026-08-22 11:19:57.001 Model_Service_3] [PAPER-KV-V6] fetch meta-llama/Llama-3.1-8B -> None requests
[2026-08-22 11:19:57.001 Model_Service_1] [PAPER-KV-V6] fetch Qwen/Qwen2.5-3B-Instruct -> None requests
[2026-08-22 11:19:57.011 Model_Service_4] [PAPER-KV-V6] fetch meta-llama/Llama-3.2-1B -> None requests
[2026-08-22 11:19:57.012 Model_Service_3] [PAPER-KV-V6] fetch meta-llama/Llama-3.1-8B -> None requests
[2026-08-22 11:19:57.012 Model_Service_1] [PAPER-KV-V6] fetch Qwen/Qwen2.5-3B-Instruct -> None requests
[2026-08-22 11:19:57.021 Model_Service_4] [PAPER-KV-V6] fetch meta-llama/Llama-3.2-1B -> None requests
[2026-08-22 11:19:57.022 Model_Service_3] [PAPER-KV-V6] fetch meta-llama/Llama-3.1-8B -> None requests
[2026-08-22 11:19:57.022 Model_Service_1] [PAPER-KV-V6] fetch Qwen/Qwen2.5-3B-Instruct -> None requests
[2026-08-22 11:19:57.032 Model_Service_4] [PAPER-KV-V6] fetch meta-llama/Llama-3.2-1B -> None requests
[2026-08-22 11:19:57.033 Model_Service_3] [PAPER-KV-V6] fetch meta-llama/Llama-3.1-8B -> None requests
[2026-08-22 11:19:57.033 Model_Service_1] [PAPER-KV-V6] fetch Qwen/Qwen2.5-3B-Instruct -> None requests
[2026-08-22 11:19:57.043 Model_Service_4] [PAPER-KV-V6] fetch meta-llama/Llama-3.2-1B -> None requests
[2026-08-22 11:19:57.044 Model_Service_3] [PAPER-KV-V6] fetch meta-llama/Llama-3.1-8B -> None requests
[2026-08-22 11:19:57.044 Model_Service_1] [PAPER-KV-V6] fetch Qwen/Qwen2.5-3B-Instruct -> None requests
[2026-08-22 11:19:57.055 Model_Service_3] [PAPER-KV-V6] fetch meta-llama/Llama-3.1-8B -> None requests
[2026-08-22 11:19:57.055 Model_Service_1] [PAPER-KV-V6] fetch Qwen/Qwen2.5-3B-Instruct -> None requests
[2026-08-22 11:19:57.065 Model_Service_3] [PAPER-KV-V6] fetch meta-llama/Llama-3.1-8B -> None requests
[2026-08-22 11:19:57.066 Model_Service_1] [PAPER-KV-V6] fetch Qwen/Qwen2.5-3B-Instruct -> None requests
[2026-08-22 11:19:57.076 Model_Service_3] [PAPER-KV-V6] fetch meta-llama/Llama-3.1-8B -> None requests
[2026-08-22 11:19:57.076 Model_Service_1] [PAPER-KV-V6] fetch Qwen/Qwen2.5-3B-Instruct -> None requests
[2026-08-22 11:19:57.087 Model_Service_3] [PAPER-KV-V6] fetch meta-llama/Llama-3.1-8B -> None requests
[2026-08-22 11:19:57.087 Model_Service_1] [PAPER-KV-V6] fetch Qwen/Qwen2.5-3B-Instruct -> None requests
[2026-08-22 11:19:57.098 Model_Service_3] [PAPER-KV-V6] fetch meta-llama/Llama-3.1-8B -> None requests
[2026-08-22 11:19:57.098 Model_Service_1] [PAPER-KV-V6] fetch Qwen/Qwen2.5-3B-Instruct -> None requests
[2026-08-22 11:19:57.108 Model_Service_3] [PAPER-KV-V6] fetch meta-llama/Llama-3.1-8B -> None requests
[2026-08-22 11:19:57.109 Model_Service_1] [PAPER-KV-V6] fetch Qwen/Qwen2.5-3B-Instruct -> None requests
[2026-08-22 11:19:57.119 Model_Service_3] [PAPER-KV-V6] fetch meta-llama/Llama-3.1-8B -> None requests
[2026-08-22 11:19:57.119 Model_Service_1] [PAPER-KV-V6] fetch Qwen/Qwen2.5-3B-Instruct -> None requests
[2026-08-22 11:19:57.130 Model_Service_3] [PAPER-KV-V6] fetch meta-llama/Llama-3.1-8B -> None requests
[2026-08-22 11:19:57.130 Model_Service_1] [PAPER-KV-V6] fetch Qwen/Qwen2.5-3B-Instruct -> None requests
[2026-08-22 11:19:57.140 Model_Service_3] [PAPER-KV-V6] fetch meta-llama/Llama-3.1-8B -> None requests
[2026-08-22 11:19:57.141 Model_Service_1] [PAPER-KV-V6] fetch Qwen/Qwen2.5-3B-Instruct -> None requests
[2026-08-22 11:19:57.151 Model_Service_3] [PAPER-KV-V6] fetch meta-llama/Llama-3.1-8B -> None requests
[2026-08-22 11:19:57.152 Model_Service_1] [PAPER-KV-V6] fetch Qwen/Qwen2.5-3B-Instruct -> None requests
[2026-08-22 11:19:57.162 Model_Service_3] [PAPER-KV-V6] fetch meta-llama/Llama-3.1-8B -> None requests
[2026-08-22 11:19:57.162 Model_Service_1] [PAPER-KV-V6] fetch Qwen/Qwen2.5-3B-Instruct -> None requests
[2026-08-22 11:19:57.173 Model_Service_3] [PAPER-KV-V6] fetch meta-llama/Llama-3.1-8B -> None requests
[2026-08-22 11:19:57.173 Model_Service_1] [PAPER-KV-V6] fetch Qwen/Qwen2.5-3B-Instruct -> None requests
[2026-08-22 11:19:57.184 Model_Service_3] [PAPER-KV-V6] fetch meta-llama/Llama-3.1-8B -> None requests
[2026-08-22 11:19:57.184 Model_Service_1] [PAPER-KV-V6] fetch Qwen/Qwen2.5-3B-Instruct -> None requests
[2026-08-22 11:19:57.194 Model_Service_3] [PAPER-KV-V6] fetch meta-llama/Llama-3.1-8B -> None requests
[2026-08-22 11:19:57.195 Model_Service_1] [PAPER-KV-V6] fetch Qwen/Qwen2.5-3B-Instruct -> None requests
[2026-08-22 11:19:57.205 Model_Service_3] [PAPER-KV-V6] fetch meta-llama/Llama-3.1-8B -> None requests
[2026-08-22 11:19:57.206 Model_Service_1] [PAPER-KV-V6] fetch Qwen/Qwen2.5-3B-Instruct -> None requests
[2026-08-22 11:19:57.216 Model_Service_3] [PAPER-KV-V6] fetch meta-llama/Llama-3.1-8B -> None requests
[2026-08-22 11:19:57.217 Model_Service_1] [PAPER-KV-V6] fetch Qwen/Qwen2.5-3B-Instruct -> None requests
[2026-08-22 11:19:57.227 Model_Service_3] [PAPER-KV-V6] fetch meta-llama/Llama-3.1-8B -> None requests
[2026-08-22 11:19:57.227 Model_Service_1] [PAPER-KV-V6] fetch Qwen/Qwen2.5-3B-Instruct -> None requests
[2026-08-22 11:19:57.237 Model_Service_3] [PAPER-KV-V6] fetch meta-llama/Llama-3.1-8B -> None requests
[2026-08-22 11:19:57.238 Model_Service_1] [PAPER-KV-V6] fetch Qwen/Qwen2.5-3B-Instruct -> None requests
[2026-08-22 11:19:57.248 Model_Service_3] [PAPER-KV-V6] fetch meta-llama/Llama-3.1-8B -> None requests
[2026-08-22 11:19:57.249 Model_Service_1] [PAPER-KV-V6] fetch Qwen/Qwen2.5-3B-Instruct -> None requests
[2026-08-22 11:19:57.259 Model_Service_3] [PAPER-KV-V6] fetch meta-llama/Llama-3.1-8B -> None requests
[2026-08-22 11:19:57.260 Model_Service_1] [PAPER-KV-V6] fetch Qwen/Qwen2.5-3B-Instruct -> None requests
[2026-08-22 11:19:57.270 Model_Service_3] [PAPER-KV-V6] fetch meta-llama/Llama-3.1-8B -> None requests
[2026-08-22 11:19:57.271 Model_Service_1] [PAPER-KV-V6] fetch Qwen/Qwen2.5-3B-Instruct -> None requests
[2026-08-22 11:19:57.281 Model_Service_3] [PAPER-KV-V6] fetch meta-llama/Llama-3.1-8B -> None requests
[2026-08-22 11:19:57.281 Model_Service_1] [PAPER-KV-V6] fetch Qwen/Qwen2.5-3B-Instruct -> None requests
[2026-08-22 11:19:57.292 Model_Service_3] [PAPER-KV-V6] fetch meta-llama/Llama-3.1-8B -> None requests
[2026-08-22 11:19:57.292 Model_Service_1] [PAPER-KV-V6] fetch Qwen/Qwen2.5-3B-Instruct -> None requests
[2026-08-22 11:19:57.302 Model_Service_3] [PAPER-KV-V6] fetch meta-llama/Llama-3.1-8B -> None requests
[2026-08-22 11:19:57.303 Model_Service_1] [PAPER-KV-V6] fetch Qwen/Qwen2.5-3B-Instruct -> None requests
[2026-08-22 11:19:57.313 Model_Service_3] [PAPER-KV-V6] fetch meta-llama/Llama-3.1-8B -> None requests
[2026-08-22 11:19:57.313 Model_Service_1] [PAPER-KV-V6] fetch Qwen/Qwen2.5-3B-Instruct -> None requests
[2026-08-22 11:19:57.324 Model_Service_1] [PAPER-KV-V6] fetch Qwen/Qwen2.5-3B-Instruct -> None requests
[2026-08-22 11:19:57.324 Model_Service_3] [PAPER-KV-V6] fetch meta-llama/Llama-3.1-8B -> None requests
[2026-08-22 11:19:57.335 Model_Service_1] [PAPER-KV-V6] fetch Qwen/Qwen2.5-3B-Instruct -> None requests
[2026-08-22 11:19:57.335 Model_Service_3] [PAPER-KV-V6] fetch meta-llama/Llama-3.1-8B -> None requests
[2026-08-22 11:19:57.345 Model_Service_1] [PAPER-KV-V6] fetch Qwen/Qwen2.5-3B-Instruct -> None requests
[2026-08-22 11:19:57.346 Model_Service_3] [PAPER-KV-V6] fetch meta-llama/Llama-3.1-8B -> None requests
[2026-08-22 11:19:57.356 Model_Service_1] [PAPER-KV-V6] fetch Qwen/Qwen2.5-3B-Instruct -> None requests
[2026-08-22 11:19:57.356 Model_Service_3] [PAPER-KV-V6] fetch meta-llama/Llama-3.1-8B -> None requests
[2026-08-22 11:19:57.366 Model_Service_1] [PAPER-KV-V6] fetch Qwen/Qwen2.5-3B-Instruct -> None requests
[2026-08-22 11:19:57.367 Model_Service_3] [PAPER-KV-V6] fetch meta-llama/Llama-3.1-8B -> None requests
[2026-08-22 11:19:57.377 Model_Service_1] [PAPER-KV-V6] fetch Qwen/Qwen2.5-3B-Instruct -> None requests
[2026-08-22 11:19:57.378 Model_Service_3] [PAPER-KV-V6] fetch meta-llama/Llama-3.1-8B -> None requests
[2026-08-22 11:19:57.388 Model_Service_1] [PAPER-KV-V6] fetch Qwen/Qwen2.5-3B-Instruct -> None requests
[2026-08-22 11:19:57.389 Model_Service_3] [PAPER-KV-V6] fetch meta-llama/Llama-3.1-8B -> None requests
[2026-08-22 11:19:57.399 Model_Service_1] [PAPER-KV-V6] fetch Qwen/Qwen2.5-3B-Instruct -> None requests
[2026-08-22 11:19:57.399 Model_Service_3] [PAPER-KV-V6] fetch meta-llama/Llama-3.1-8B -> None requests
[2026-08-22 11:19:57.409 Model_Service_1] [PAPER-KV-V6] fetch Qwen/Qwen2.5-3B-Instruct -> None requests
[2026-08-22 11:19:57.410 Model_Service_3] [PAPER-KV-V6] fetch meta-llama/Llama-3.1-8B -> None requests
[2026-08-22 11:19:57.420 Model_Service_1] [PAPER-KV-V6] fetch Qwen/Qwen2.5-3B-Instruct -> None requests
[2026-08-22 11:19:57.421 Model_Service_3] [PAPER-KV-V6] fetch meta-llama/Llama-3.1-8B -> None requests
[2026-08-22 11:19:57.431 Model_Service_1] [PAPER-KV-V6] fetch Qwen/Qwen2.5-3B-Instruct -> None requests
[2026-08-22 11:19:57.432 Model_Service_3] [PAPER-KV-V6] fetch meta-llama/Llama-3.1-8B -> None requests
[2026-08-22 11:19:57.441 Model_Service_1] [PAPER-KV-V6] fetch Qwen/Qwen2.5-3B-Instruct -> None requests
[2026-08-22 11:19:57.443 Model_Service_3] [PAPER-KV-V6] fetch meta-llama/Llama-3.1-8B -> None requests
[2026-08-22 11:19:57.452 Model_Service_1] [PAPER-KV-V6] fetch Qwen/Qwen2.5-3B-Instruct -> None requests
[2026-08-22 11:19:57.453 Model_Service_3] [PAPER-KV-V6] fetch meta-llama/Llama-3.1-8B -> None requests
[2026-08-22 11:19:57.462 Model_Service_1] [PAPER-KV-V6] fetch Qwen/Qwen2.5-3B-Instruct -> None requests
[2026-08-22 11:19:57.465 Model_Service_3] [PAPER-KV-V6] fetch meta-llama/Llama-3.1-8B -> None requests
[2026-08-22 11:19:57.473 Model_Service_1] [PAPER-KV-V6] fetch Qwen/Qwen2.5-3B-Instruct -> None requests
[2026-08-22 11:19:57.475 Model_Service_3] [PAPER-KV-V6] fetch meta-llama/Llama-3.1-8B -> None requests
[2026-08-22 11:19:57.484 Model_Service_1] [PAPER-KV-V6] fetch Qwen/Qwen2.5-3B-Instruct -> None requests
[2026-08-22 11:19:57.486 Model_Service_3] [PAPER-KV-V6] fetch meta-llama/Llama-3.1-8B -> None requests
[2026-08-22 11:19:57.494 Model_Service_1] [PAPER-KV-V6] fetch Qwen/Qwen2.5-3B-Instruct -> None requests
[2026-08-22 11:19:57.497 Model_Service_3] [PAPER-KV-V6] fetch meta-llama/Llama-3.1-8B -> None requests
[2026-08-22 11:19:57.505 Model_Service_1] [PAPER-KV-V6] fetch Qwen/Qwen2.5-3B-Instruct -> None requests
[2026-08-22 11:19:57.508 Model_Service_3] [PAPER-KV-V6] fetch meta-llama/Llama-3.1-8B -> None requests
[2026-08-22 11:19:57.516 Model_Service_1] [PAPER-KV-V6] fetch Qwen/Qwen2.5-3B-Instruct -> None requests
[2026-08-22 11:19:57.518 Model_Service_3] [PAPER-KV-V6] fetch meta-llama/Llama-3.1-8B -> None requests
[2026-08-22 11:19:57.526 Model_Service_1] [PAPER-KV-V6] fetch Qwen/Qwen2.5-3B-Instruct -> None requests
[2026-08-22 11:19:57.529 Model_Service_3] [PAPER-KV-V6] fetch meta-llama/Llama-3.1-8B -> None requests
[2026-08-22 11:19:57.537 Model_Service_1] [PAPER-KV-V6] fetch Qwen/Qwen2.5-3B-Instruct -> None requests
[2026-08-22 11:19:57.540 Model_Service_3] [PAPER-KV-V6] fetch meta-llama/Llama-3.1-8B -> None requests
[2026-08-22 11:19:57.547 Model_Service_1] [PAPER-KV-V6] fetch Qwen/Qwen2.5-3B-Instruct -> None requests
[2026-08-22 11:19:57.551 Model_Service_3] [PAPER-KV-V6] fetch meta-llama/Llama-3.1-8B -> None requests
[2026-08-22 11:19:57.558 Model_Service_1] [PAPER-KV-V6] fetch Qwen/Qwen2.5-3B-Instruct -> None requests
[2026-08-22 11:19:57.561 Model_Service_3] [PAPER-KV-V6] fetch meta-llama/Llama-3.1-8B -> None requests
[2026-08-22 11:19:57.569 Model_Service_1] [PAPER-KV-V6] fetch Qwen/Qwen2.5-3B-Instruct -> None requests
[2026-08-22 11:19:57.572 Model_Service_3] [PAPER-KV-V6] fetch meta-llama/Llama-3.1-8B -> None requests
[2026-08-22 11:19:57.579 Model_Service_1] [PAPER-KV-V6] fetch Qwen/Qwen2.5-3B-Instruct -> None requests
[2026-08-22 11:19:57.583 Model_Service_3] [PAPER-KV-V6] fetch meta-llama/Llama-3.1-8B -> None requests
[2026-08-22 11:19:57.590 Model_Service_1] [PAPER-KV-V6] fetch Qwen/Qwen2.5-3B-Instruct -> None requests
[2026-08-22 11:19:57.594 Model_Service_3] [PAPER-KV-V6] fetch meta-llama/Llama-3.1-8B -> None requests
[2026-08-22 11:19:57.601 Model_Service_1] [PAPER-KV-V6] fetch Qwen/Qwen2.5-3B-Instruct -> None requests
[2026-08-22 11:19:57.604 Model_Service_3] [PAPER-KV-V6] fetch meta-llama/Llama-3.1-8B -> None requests
[2026-08-22 11:19:57.611 Model_Service_1] [PAPER-KV-V6] fetch Qwen/Qwen2.5-3B-Instruct -> None requests
[2026-08-22 11:19:57.615 Model_Service_3] [PAPER-KV-V6] fetch meta-llama/Llama-3.1-8B -> None requests
[2026-08-22 11:19:57.622 Model_Service_1] [PAPER-KV-V6] fetch Qwen/Qwen2.5-3B-Instruct -> None requests
[2026-08-22 11:19:57.626 Model_Service_3] [PAPER-KV-V6] fetch meta-llama/Llama-3.1-8B -> None requests
[2026-08-22 11:19:57.633 Model_Service_1] [PAPER-KV-V6] fetch Qwen/Qwen2.5-3B-Instruct -> None requests
[2026-08-22 11:19:57.637 Model_Service_3] [PAPER-KV-V6] fetch meta-llama/Llama-3.1-8B -> None requests
[2026-08-22 11:19:57.643 Model_Service_1] [PAPER-KV-V6] fetch Qwen/Qwen2.5-3B-Instruct -> None requests
[2026-08-22 11:19:57.647 Model_Service_3] [PAPER-KV-V6] fetch meta-llama/Llama-3.1-8B -> None requests
[2026-08-22 11:19:57.654 Model_Service_1] [PAPER-KV-V6] fetch Qwen/Qwen2.5-3B-Instruct -> None requests
[2026-08-22 11:19:57.658 Model_Service_3] [PAPER-KV-V6] fetch meta-llama/Llama-3.1-8B -> None requests
[2026-08-22 11:19:57.665 Model_Service_1] [PAPER-KV-V6] fetch Qwen/Qwen2.5-3B-Instruct -> None requests
[2026-08-22 11:19:57.669 Model_Service_3] [PAPER-KV-V6] fetch meta-llama/Llama-3.1-8B -> None requests
[2026-08-22 11:19:57.675 Model_Service_1] [PAPER-KV-V6] fetch Qwen/Qwen2.5-3B-Instruct -> None requests
[2026-08-22 11:19:57.680 Model_Service_3] [PAPER-KV-V6] fetch meta-llama/Llama-3.1-8B -> None requests
[2026-08-22 11:19:57.686 Model_Service_1] [PAPER-KV-V6] fetch Qwen/Qwen2.5-3B-Instruct -> None requests
[2026-08-22 11:19:57.690 Model_Service_3] [PAPER-KV-V6] fetch meta-llama/Llama-3.1-8B -> None requests
[2026-08-22 11:19:57.697 Model_Service_1] [PAPER-KV-V6] fetch Qwen/Qwen2.5-3B-Instruct -> None requests
[2026-08-22 11:19:57.701 Model_Service_3] [PAPER-KV-V6] fetch meta-llama/Llama-3.1-8B -> None requests
[2026-08-22 11:19:57.707 Model_Service_1] [PAPER-KV-V6] fetch Qwen/Qwen2.5-3B-Instruct -> None requests
[2026-08-22 11:19:57.712 Model_Service_3] [PAPER-KV-V6] fetch meta-llama/Llama-3.1-8B -> None requests
[2026-08-22 11:19:57.718 Model_Service_1] [PAPER-KV-V6] fetch Qwen/Qwen2.5-3B-Instruct -> None requests
[2026-08-22 11:19:57.723 Model_Service_3] [PAPER-KV-V6] fetch meta-llama/Llama-3.1-8B -> None requests
[2026-08-22 11:19:57.728 Model_Service_1] [PAPER-KV-V6] fetch Qwen/Qwen2.5-3B-Instruct -> None requests
[2026-08-22 11:19:57.733 Model_Service_3] [PAPER-KV-V6] fetch meta-llama/Llama-3.1-8B -> None requests
[2026-08-22 11:19:57.739 Model_Service_1] [PAPER-KV-V6] fetch Qwen/Qwen2.5-3B-Instruct -> None requests
[2026-08-22 11:19:57.744 Model_Service_3] [PAPER-KV-V6] fetch meta-llama/Llama-3.1-8B -> None requests
[2026-08-22 11:19:57.750 Model_Service_1] [PAPER-KV-V6] fetch Qwen/Qwen2.5-3B-Instruct -> None requests
[2026-08-22 11:19:57.755 Model_Service_3] [PAPER-KV-V6] fetch meta-llama/Llama-3.1-8B -> None requests
[2026-08-22 11:19:57.760 Model_Service_1] [PAPER-KV-V6] fetch Qwen/Qwen2.5-3B-Instruct -> None requests
[2026-08-22 11:19:57.766 Model_Service_3] [PAPER-KV-V6] fetch meta-llama/Llama-3.1-8B -> None requests
[2026-08-22 11:19:57.771 Model_Service_1] [PAPER-KV-V6] fetch Qwen/Qwen2.5-3B-Instruct -> None requests
[2026-08-22 11:19:57.776 Model_Service_3] [PAPER-KV-V6] fetch meta-llama/Llama-3.1-8B -> None requests
[2026-08-22 11:19:57.782 Model_Service_1] [PAPER-KV-V6] fetch Qwen/Qwen2.5-3B-Instruct -> None requests
[2026-08-22 11:19:57.787 Model_Service_3] [PAPER-KV-V6] fetch meta-llama/Llama-3.1-8B -> None requests
[2026-08-22 11:19:57.792 Model_Service_1] [PAPER-KV-V6] fetch Qwen/Qwen2.5-3B-Instruct -> None requests
[2026-08-22 11:19:57.798 Model_Service_3] [PAPER-KV-V6] fetch meta-llama/Llama-3.1-8B -> None requests
[2026-08-22 11:19:57.803 Model_Service_1] [PAPER-KV-V6] fetch Qwen/Qwen2.5-3B-Instruct -> None requests
[2026-08-22 11:19:57.808 Model_Service_3] [PAPER-KV-V6] fetch meta-llama/Llama-3.1-8B -> None requests
[2026-08-22 11:19:57.814 Model_Service_1] [PAPER-KV-V6] fetch Qwen/Qwen2.5-3B-Instruct -> None requests
[2026-08-22 11:19:57.819 Model_Service_3] [PAPER-KV-V6] fetch meta-llama/Llama-3.1-8B -> None requests
[2026-08-22 11:19:57.825 Model_Service_1] [PAPER-KV-V6] fetch Qwen/Qwen2.5-3B-Instruct -> None requests
[2026-08-22 11:19:57.830 Model_Service_3] [PAPER-KV-V6] fetch meta-llama/Llama-3.1-8B -> None requests
[2026-08-22 11:19:57.835 Model_Service_1] [PAPER-KV-V6] fetch Qwen/Qwen2.5-3B-Instruct -> None requests
[2026-08-22 11:19:57.841 Model_Service_3] [PAPER-KV-V6] fetch meta-llama/Llama-3.1-8B -> None requests
[2026-08-22 11:19:57.846 Model_Service_1] [PAPER-KV-V6] fetch Qwen/Qwen2.5-3B-Instruct -> None requests
[2026-08-22 11:19:57.851 Model_Service_3] [PAPER-KV-V6] fetch meta-llama/Llama-3.1-8B -> None requests
[2026-08-22 11:19:57.857 Model_Service_1] [PAPER-KV-V6] fetch Qwen/Qwen2.5-3B-Instruct -> None requests
[2026-08-22 11:19:57.862 Model_Service_3] [PAPER-KV-V6] fetch meta-llama/Llama-3.1-8B -> None requests
[2026-08-22 11:19:57.867 Model_Service_1] [PAPER-KV-V6] fetch Qwen/Qwen2.5-3B-Instruct -> None requests
[2026-08-22 11:19:57.873 Model_Service_3] [PAPER-KV-V6] fetch meta-llama/Llama-3.1-8B -> None requests
[2026-08-22 11:19:57.878 Model_Service_1] [PAPER-KV-V6] fetch Qwen/Qwen2.5-3B-Instruct -> None requests
[2026-08-22 11:19:57.883 Model_Service_3] [PAPER-KV-V6] fetch meta-llama/Llama-3.1-8B -> None requests
[2026-08-22 11:19:57.888 Model_Service_1] [PAPER-KV-V6] fetch Qwen/Qwen2.5-3B-Instruct -> None requests
[2026-08-22 11:19:57.894 Model_Service_3] [PAPER-KV-V6] fetch meta-llama/Llama-3.1-8B -> None requests
[2026-08-22 11:19:57.899 Model_Service_1] [PAPER-KV-V6] fetch Qwen/Qwen2.5-3B-Instruct -> None requests
[2026-08-22 11:19:57.905 Model_Service_3] [PAPER-KV-V6] fetch meta-llama/Llama-3.1-8B -> None requests
[2026-08-22 11:19:57.910 Model_Service_1] [PAPER-KV-V6] fetch Qwen/Qwen2.5-3B-Instruct -> None requests
[2026-08-22 11:19:57.916 Model_Service_3] [PAPER-KV-V6] fetch meta-llama/Llama-3.1-8B -> None requests
[2026-08-22 11:19:57.920 Model_Service_1] [PAPER-KV-V6] fetch Qwen/Qwen2.5-3B-Instruct -> None requests
[2026-08-22 11:19:57.927 Model_Service_3] [PAPER-KV-V6] fetch meta-llama/Llama-3.1-8B -> None requests
[2026-08-22 11:19:57.931 Model_Service_1] [PAPER-KV-V6] fetch Qwen/Qwen2.5-3B-Instruct -> None requests
[2026-08-22 11:19:57.937 Model_Service_3] [PAPER-KV-V6] fetch meta-llama/Llama-3.1-8B -> None requests
[2026-08-22 11:19:57.942 Model_Service_1] [PAPER-KV-V6] fetch Qwen/Qwen2.5-3B-Instruct -> None requests
[2026-08-22 11:19:57.948 Model_Service_3] [PAPER-KV-V6] fetch meta-llama/Llama-3.1-8B -> None requests
[2026-08-22 11:19:57.952 Model_Service_1] [PAPER-KV-V6] fetch Qwen/Qwen2.5-3B-Instruct -> None requests
[2026-08-22 11:19:57.959 Model_Service_3] [PAPER-KV-V6] fetch meta-llama/Llama-3.1-8B -> None requests
[2026-08-22 11:19:57.963 Model_Service_1] [PAPER-KV-V6] fetch Qwen/Qwen2.5-3B-Instruct -> None requests
[2026-08-22 11:19:57.969 Model_Service_3] [PAPER-KV-V6] fetch meta-llama/Llama-3.1-8B -> None requests
[2026-08-22 11:19:57.974 Model_Service_1] [PAPER-KV-V6] fetch Qwen/Qwen2.5-3B-Instruct -> None requests
[2026-08-22 11:19:57.980 Model_Service_3] [PAPER-KV-V6] fetch meta-llama/Llama-3.1-8B -> None requests
[2026-08-22 11:19:57.984 Model_Service_1] [PAPER-KV-V6] fetch Qwen/Qwen2.5-3B-Instruct -> None requests
[2026-08-22 11:19:57.991 Model_Service_3] [PAPER-KV-V6] fetch meta-llama/Llama-3.1-8B -> None requests
[2026-08-22 11:19:57.995 Model_Service_1] [PAPER-KV-V6] fetch Qwen/Qwen2.5-3B-Instruct -> None requests
[2026-08-22 11:19:58.002 Model_Service_3] [PAPER-KV-V6] fetch meta-llama/Llama-3.1-8B -> None requests
[2026-08-22 11:19:58.006 Model_Service_1] [PAPER-KV-V6] fetch Qwen/Qwen2.5-3B-Instruct -> None requests
[2026-08-22 11:19:58.012 Model_Service_3] [PAPER-KV-V6] fetch meta-llama/Llama-3.1-8B -> None requests
[2026-08-22 11:19:58.017 Model_Service_1] [PAPER-KV-V6] fetch Qwen/Qwen2.5-3B-Instruct -> None requests
[2026-08-22 11:19:58.023 Model_Service_3] [PAPER-KV-V6] fetch meta-llama/Llama-3.1-8B -> None requests
[2026-08-22 11:19:58.028 Model_Service_1] [PAPER-KV-V6] fetch Qwen/Qwen2.5-3B-Instruct -> None requests
[2026-08-22 11:19:58.034 Model_Service_3] [PAPER-KV-V6] fetch meta-llama/Llama-3.1-8B -> None requests
[2026-08-22 11:19:58.038 Model_Service_1] [PAPER-KV-V6] fetch Qwen/Qwen2.5-3B-Instruct -> None requests
[2026-08-22 11:19:58.045 Model_Service_3] [PAPER-KV-V6] fetch meta-llama/Llama-3.1-8B -> None requests
[2026-08-22 11:19:58.049 Model_Service_1] [PAPER-KV-V6] fetch Qwen/Qwen2.5-3B-Instruct -> None requests
[2026-08-22 11:19:58.056 Model_Service_3] [PAPER-KV-V6] fetch meta-llama/Llama-3.1-8B -> None requests
[2026-08-22 11:19:58.060 Model_Service_1] [PAPER-KV-V6] fetch Qwen/Qwen2.5-3B-Instruct -> None requests
[2026-08-22 11:19:58.066 Model_Service_3] [PAPER-KV-V6] fetch meta-llama/Llama-3.1-8B -> None requests
[2026-08-22 11:19:58.070 Model_Service_1] [PAPER-KV-V6] fetch Qwen/Qwen2.5-3B-Instruct -> None requests
[2026-08-22 11:19:58.077 Model_Service_3] [PAPER-KV-V6] fetch meta-llama/Llama-3.1-8B -> None requests
[2026-08-22 11:19:58.081 Model_Service_1] [PAPER-KV-V6] fetch Qwen/Qwen2.5-3B-Instruct -> None requests
[2026-08-22 11:19:58.088 Model_Service_3] [PAPER-KV-V6] fetch meta-llama/Llama-3.1-8B -> None requests
[2026-08-22 11:19:58.092 Model_Service_1] [PAPER-KV-V6] fetch Qwen/Qwen2.5-3B-Instruct -> None requests
[2026-08-22 11:19:58.098 Model_Service_3] [PAPER-KV-V6] fetch meta-llama/Llama-3.1-8B -> None requests
[2026-08-22 11:19:58.102 Model_Service_1] [PAPER-KV-V6] fetch Qwen/Qwen2.5-3B-Instruct -> None requests
[2026-08-22 11:19:58.109 Model_Service_3] [PAPER-KV-V6] fetch meta-llama/Llama-3.1-8B -> None requests
[2026-08-22 11:19:58.113 Model_Service_1] [PAPER-KV-V6] fetch Qwen/Qwen2.5-3B-Instruct -> None requests
[2026-08-22 11:19:58.120 Model_Service_3] [PAPER-KV-V6] fetch meta-llama/Llama-3.1-8B -> None requests
[2026-08-22 11:19:58.124 Model_Service_1] [PAPER-KV-V6] fetch Qwen/Qwen2.5-3B-Instruct -> None requests
[2026-08-22 11:19:58.130 Model_Service_3] [PAPER-KV-V6] fetch meta-llama/Llama-3.1-8B -> None requests
[2026-08-22 11:19:58.135 Model_Service_1] [PAPER-KV-V6] fetch Qwen/Qwen2.5-3B-Instruct -> None requests
[2026-08-22 11:19:58.141 Model_Service_3] [PAPER-KV-V6] fetch meta-llama/Llama-3.1-8B -> None requests
[2026-08-22 11:19:58.145 Model_Service_1] [PAPER-KV-V6] fetch Qwen/Qwen2.5-3B-Instruct -> None requests
[2026-08-22 11:19:58.152 Model_Service_3] [PAPER-KV-V6] fetch meta-llama/Llama-3.1-8B -> None requests
[2026-08-22 11:19:58.156 Model_Service_1] [PAPER-KV-V6] fetch Qwen/Qwen2.5-3B-Instruct -> None requests
[2026-08-22 11:19:58.163 Model_Service_3] [PAPER-KV-V6] fetch meta-llama/Llama-3.1-8B -> None requests
[2026-08-22 11:19:58.167 Model_Service_1] [PAPER-KV-V6] fetch Qwen/Qwen2.5-3B-Instruct -> None requests
[2026-08-22 11:19:58.173 Model_Service_3] [PAPER-KV-V6] fetch meta-llama/Llama-3.1-8B -> None requests
[2026-08-22 11:19:58.178 Model_Service_1] [PAPER-KV-V6] fetch Qwen/Qwen2.5-3B-Instruct -> None requests
[2026-08-22 11:19:58.184 Model_Service_3] [PAPER-KV-V6] fetch meta-llama/Llama-3.1-8B -> None requests
[2026-08-22 11:19:58.188 Model_Service_1] [PAPER-KV-V6] fetch Qwen/Qwen2.5-3B-Instruct -> None requests
[2026-08-22 11:19:58.195 Model_Service_3] [PAPER-KV-V6] fetch meta-llama/Llama-3.1-8B -> None requests
[2026-08-22 11:19:58.199 Model_Service_1] [PAPER-KV-V6] fetch Qwen/Qwen2.5-3B-Instruct -> None requests
[2026-08-22 11:19:58.206 Model_Service_3] [PAPER-KV-V6] fetch meta-llama/Llama-3.1-8B -> None requests
[2026-08-22 11:19:58.210 Model_Service_1] [PAPER-KV-V6] fetch Qwen/Qwen2.5-3B-Instruct -> None requests
[2026-08-22 11:19:58.216 Model_Service_3] [PAPER-KV-V6] fetch meta-llama/Llama-3.1-8B -> None requests
[2026-08-22 11:19:58.220 Model_Service_1] [PAPER-KV-V6] fetch Qwen/Qwen2.5-3B-Instruct -> None requests
[2026-08-22 11:19:58.227 Model_Service_3] [PAPER-KV-V6] fetch meta-llama/Llama-3.1-8B -> None requests
[2026-08-22 11:19:58.231 Model_Service_1] [PAPER-KV-V6] fetch Qwen/Qwen2.5-3B-Instruct -> None requests
[2026-08-22 11:19:58.238 Model_Service_3] [PAPER-KV-V6] fetch meta-llama/Llama-3.1-8B -> None requests
[2026-08-22 11:19:58.241 Model_Service_1] [PAPER-KV-V6] fetch Qwen/Qwen2.5-3B-Instruct -> None requests
[2026-08-22 11:19:58.249 Model_Service_3] [PAPER-KV-V6] fetch meta-llama/Llama-3.1-8B -> None requests
[2026-08-22 11:19:58.252 Model_Service_1] [PAPER-KV-V6] fetch Qwen/Qwen2.5-3B-Instruct -> None requests
[2026-08-22 11:19:58.258 Model_Service_0] Model service 0 input queue is empty, waiting for next request
[2026-08-22 11:19:58.259 Model_Service_3] [PAPER-KV-V6] fetch meta-llama/Llama-3.1-8B -> None requests
[2026-08-22 11:19:58.263 Model_Service_1] [PAPER-KV-V6] fetch Qwen/Qwen2.5-3B-Instruct -> None requests
[2026-08-22 11:19:58.270 Model_Service_3] [PAPER-KV-V6] fetch meta-llama/Llama-3.1-8B -> None requests
[2026-08-22 11:19:58.273 Model_Service_1] [PAPER-KV-V6] fetch Qwen/Qwen2.5-3B-Instruct -> None requests
[2026-08-22 11:19:58.281 Model_Service_3] [PAPER-KV-V6] fetch meta-llama/Llama-3.1-8B -> None requests
[2026-08-22 11:19:58.285 Model_Service_1] [PAPER-KV-V6] fetch Qwen/Qwen2.5-3B-Instruct -> None requests
[2026-08-22 11:19:58.292 Model_Service_3] [PAPER-KV-V6] fetch meta-llama/Llama-3.1-8B -> None requests
[2026-08-22 11:19:58.295 Model_Service_1] [PAPER-KV-V6] fetch Qwen/Qwen2.5-3B-Instruct -> None requests
[2026-08-22 11:19:58.303 Model_Service_3] [PAPER-KV-V6] fetch meta-llama/Llama-3.1-8B -> None requests
[2026-08-22 11:19:58.306 Model_Service_1] [PAPER-KV-V6] fetch Qwen/Qwen2.5-3B-Instruct -> None requests
[2026-08-22 11:19:58.313 Model_Service_3] [PAPER-KV-V6] fetch meta-llama/Llama-3.1-8B -> None requests
[2026-08-22 11:19:58.317 Model_Service_1] [PAPER-KV-V6] fetch Qwen/Qwen2.5-3B-Instruct -> None requests
[2026-08-22 11:19:58.324 Model_Service_3] [PAPER-KV-V6] fetch meta-llama/Llama-3.1-8B -> None requests
[2026-08-22 11:19:58.328 Model_Service_1] [PAPER-KV-V6] fetch Qwen/Qwen2.5-3B-Instruct -> None requests
[2026-08-22 11:19:58.335 Model_Service_3] [PAPER-KV-V6] fetch meta-llama/Llama-3.1-8B -> None requests
[2026-08-22 11:19:58.338 Model_Service_1] [PAPER-KV-V6] fetch Qwen/Qwen2.5-3B-Instruct -> None requests
[2026-08-22 11:19:58.346 Model_Service_3] [PAPER-KV-V6] fetch meta-llama/Llama-3.1-8B -> None requests
[2026-08-22 11:19:58.349 Model_Service_1] [PAPER-KV-V6] fetch Qwen/Qwen2.5-3B-Instruct -> None requests
[2026-08-22 11:19:58.356 Model_Service_3] [PAPER-KV-V6] fetch meta-llama/Llama-3.1-8B -> None requests
[2026-08-22 11:19:58.361 Model_Service_1] [PAPER-KV-V6] fetch Qwen/Qwen2.5-3B-Instruct -> None requests
[2026-08-22 11:19:58.367 Model_Service_3] [PAPER-KV-V6] fetch meta-llama/Llama-3.1-8B -> None requests
[2026-08-22 11:19:58.372 Model_Service_1] [PAPER-KV-V6] fetch Qwen/Qwen2.5-3B-Instruct -> None requests
[2026-08-22 11:19:58.378 Model_Service_3] [PAPER-KV-V6] fetch meta-llama/Llama-3.1-8B -> None requests
[2026-08-22 11:19:58.382 Model_Service_1] [PAPER-KV-V6] fetch Qwen/Qwen2.5-3B-Instruct -> None requests
[2026-08-22 11:19:58.389 Model_Service_3] [PAPER-KV-V6] fetch meta-llama/Llama-3.1-8B -> None requests
[2026-08-22 11:19:58.393 Model_Service_1] [PAPER-KV-V6] fetch Qwen/Qwen2.5-3B-Instruct -> None requests
[2026-08-22 11:19:58.400 Model_Service_3] [PAPER-KV-V6] fetch meta-llama/Llama-3.1-8B -> None requests
[2026-08-22 11:19:58.404 Model_Service_1] [PAPER-KV-V6] fetch Qwen/Qwen2.5-3B-Instruct -> None requests
[2026-08-22 11:19:58.411 Model_Service_3] [PAPER-KV-V6] fetch meta-llama/Llama-3.1-8B -> None requests
[2026-08-22 11:19:58.415 Model_Service_1] [PAPER-KV-V6] fetch Qwen/Qwen2.5-3B-Instruct -> None requests
[2026-08-22 11:19:58.422 Model_Service_3] [PAPER-KV-V6] fetch meta-llama/Llama-3.1-8B -> None requests
[2026-08-22 11:19:58.426 Model_Service_1] [PAPER-KV-V6] fetch Qwen/Qwen2.5-3B-Instruct -> None requests
[2026-08-22 11:19:58.432 Model_Service_3] [PAPER-KV-V6] fetch meta-llama/Llama-3.1-8B -> None requests
[2026-08-22 11:19:58.436 Model_Service_1] [PAPER-KV-V6] fetch Qwen/Qwen2.5-3B-Instruct -> None requests
[2026-08-22 11:19:58.443 Model_Service_3] [PAPER-KV-V6] fetch meta-llama/Llama-3.1-8B -> None requests
[2026-08-22 11:19:58.447 Model_Service_1] [PAPER-KV-V6] fetch Qwen/Qwen2.5-3B-Instruct -> None requests
[2026-08-22 11:19:58.454 Model_Service_3] [PAPER-KV-V6] fetch meta-llama/Llama-3.1-8B -> None requests
[2026-08-22 11:19:58.458 Model_Service_1] [PAPER-KV-V6] fetch Qwen/Qwen2.5-3B-Instruct -> None requests
[2026-08-22 11:19:58.465 Model_Service_3] [PAPER-KV-V6] fetch meta-llama/Llama-3.1-8B -> None requests
[2026-08-22 11:19:58.469 Model_Service_1] [PAPER-KV-V6] fetch Qwen/Qwen2.5-3B-Instruct -> None requests
[2026-08-22 11:19:58.475 Model_Service_3] [PAPER-KV-V6] fetch meta-llama/Llama-3.1-8B -> None requests
[2026-08-22 11:19:58.480 Model_Service_1] [PAPER-KV-V6] fetch Qwen/Qwen2.5-3B-Instruct -> None requests
[2026-08-22 11:19:58.486 Model_Service_3] [PAPER-KV-V6] fetch meta-llama/Llama-3.1-8B -> None requests
[2026-08-22 11:19:58.490 Model_Service_1] [PAPER-KV-V6] fetch Qwen/Qwen2.5-3B-Instruct -> None requests
[2026-08-22 11:19:58.497 Model_Service_3] [PAPER-KV-V6] fetch meta-llama/Llama-3.1-8B -> None requests
[2026-08-22 11:19:58.501 Model_Service_1] [PAPER-KV-V6] fetch Qwen/Qwen2.5-3B-Instruct -> None requests
[2026-08-22 11:19:58.508 Model_Service_3] [PAPER-KV-V6] fetch meta-llama/Llama-3.1-8B -> None requests
[2026-08-22 11:19:58.512 Model_Service_1] [PAPER-KV-V6] fetch Qwen/Qwen2.5-3B-Instruct -> None requests
[2026-08-22 11:19:58.518 Model_Service_3] [PAPER-KV-V6] fetch meta-llama/Llama-3.1-8B -> None requests
[2026-08-22 11:19:58.522 Model_Service_1] [PAPER-KV-V6] fetch Qwen/Qwen2.5-3B-Instruct -> None requests
[2026-08-22 11:19:58.529 Model_Service_3] [PAPER-KV-V6] fetch meta-llama/Llama-3.1-8B -> None requests
[2026-08-22 11:19:58.533 Model_Service_1] [PAPER-KV-V6] fetch Qwen/Qwen2.5-3B-Instruct -> None requests
[2026-08-22 11:19:58.540 Model_Service_3] [PAPER-KV-V6] fetch meta-llama/Llama-3.1-8B -> None requests
[2026-08-22 11:19:58.543 Model_Service_1] [PAPER-KV-V6] fetch Qwen/Qwen2.5-3B-Instruct -> None requests
[2026-08-22 11:19:58.551 Model_Service_3] [PAPER-KV-V6] fetch meta-llama/Llama-3.1-8B -> None requests
[2026-08-22 11:19:58.562 Model_Service_3] [PAPER-KV-V6] fetch meta-llama/Llama-3.1-8B -> None requests
[2026-08-22 11:19:58.572 Model_Service_3] [PAPER-KV-V6] fetch meta-llama/Llama-3.1-8B -> None requests
[2026-08-22 11:19:58.583 Model_Service_3] [PAPER-KV-V6] fetch meta-llama/Llama-3.1-8B -> None requests
[2026-08-22 11:19:58.594 Model_Service_3] [PAPER-KV-V6] fetch meta-llama/Llama-3.1-8B -> None requests
[2026-08-22 11:19:58.605 Model_Service_3] [PAPER-KV-V6] fetch meta-llama/Llama-3.1-8B -> None requests
[2026-08-22 11:19:58.615 Model_Service_3] [PAPER-KV-V6] fetch meta-llama/Llama-3.1-8B -> None requests
[2026-08-22 11:19:58.626 Model_Service_3] [PAPER-KV-V6] fetch meta-llama/Llama-3.1-8B -> None requests
[2026-08-22 11:19:58.637 Model_Service_3] [PAPER-KV-V6] fetch meta-llama/Llama-3.1-8B -> None requests
[2026-08-22 11:19:58.648 Model_Service_3] [PAPER-KV-V6] fetch meta-llama/Llama-3.1-8B -> None requests
[2026-08-22 11:19:58.659 Model_Service_3] [PAPER-KV-V6] fetch meta-llama/Llama-3.1-8B -> None requests
[2026-08-22 11:19:58.670 Model_Service_3] [PAPER-KV-V6] fetch meta-llama/Llama-3.1-8B -> None requests
[2026-08-22 11:19:58.680 Model_Service_3] [PAPER-KV-V6] fetch meta-llama/Llama-3.1-8B -> None requests
[2026-08-22 11:19:58.691 Model_Service_3] [PAPER-KV-V6] fetch meta-llama/Llama-3.1-8B -> None requests
[2026-08-22 11:19:58.702 Model_Service_3] [PAPER-KV-V6] fetch meta-llama/Llama-3.1-8B -> None requests
[2026-08-22 11:19:58.713 Model_Service_3] [PAPER-KV-V6] fetch meta-llama/Llama-3.1-8B -> None requests
[2026-08-22 11:19:58.723 Model_Service_3] [PAPER-KV-V6] fetch meta-llama/Llama-3.1-8B -> None requests
[2026-08-22 11:19:58.734 Model_Service_3] [PAPER-KV-V6] fetch meta-llama/Llama-3.1-8B -> None requests
[2026-08-22 11:19:58.745 Model_Service_3] [PAPER-KV-V6] fetch meta-llama/Llama-3.1-8B -> None requests
[2026-08-22 11:19:58.755 Model_Service_3] [PAPER-KV-V6] fetch meta-llama/Llama-3.1-8B -> None requests
[2026-08-22 11:19:58.766 Model_Service_3] [PAPER-KV-V6] fetch meta-llama/Llama-3.1-8B -> None requests
[2026-08-22 11:19:58.777 Model_Service_3] [PAPER-KV-V6] fetch meta-llama/Llama-3.1-8B -> None requests
[2026-08-22 11:19:58.788 Model_Service_3] [PAPER-KV-V6] fetch meta-llama/Llama-3.1-8B -> None requests
[2026-08-22 11:19:58.799 Model_Service_3] [PAPER-KV-V6] fetch meta-llama/Llama-3.1-8B -> None requests
[2026-08-22 11:19:58.809 Model_Service_3] [PAPER-KV-V6] fetch meta-llama/Llama-3.1-8B -> None requests
[2026-08-22 11:19:58.820 Model_Service_3] [PAPER-KV-V6] fetch meta-llama/Llama-3.1-8B -> None requests
[2026-08-22 11:19:58.831 Model_Service_3] [PAPER-KV-V6] fetch meta-llama/Llama-3.1-8B -> None requests
[2026-08-22 11:19:58.842 Model_Service_3] [PAPER-KV-V6] fetch meta-llama/Llama-3.1-8B -> None requests
[2026-08-22 11:19:58.853 Model_Service_3] [PAPER-KV-V6] fetch meta-llama/Llama-3.1-8B -> None requests
[2026-08-22 11:19:58.863 Model_Service_3] [PAPER-KV-V6] fetch meta-llama/Llama-3.1-8B -> None requests
[2026-08-22 11:19:58.874 Model_Service_3] [PAPER-KV-V6] fetch meta-llama/Llama-3.1-8B -> None requests
[2026-08-22 11:19:58.885 Model_Service_3] [PAPER-KV-V6] fetch meta-llama/Llama-3.1-8B -> None requests
[2026-08-22 11:19:58.896 Model_Service_3] [PAPER-KV-V6] fetch meta-llama/Llama-3.1-8B -> None requests
[2026-08-22 11:19:58.907 Model_Service_3] [PAPER-KV-V6] fetch meta-llama/Llama-3.1-8B -> None requests
[2026-08-22 11:19:58.917 Model_Service_3] [PAPER-KV-V6] fetch meta-llama/Llama-3.1-8B -> None requests
[2026-08-22 11:19:58.928 Model_Service_3] [PAPER-KV-V6] fetch meta-llama/Llama-3.1-8B -> None requests
[2026-08-22 11:19:58.939 Model_Service_3] [PAPER-KV-V6] fetch meta-llama/Llama-3.1-8B -> None requests
[2026-08-22 11:19:58.950 Model_Service_3] [PAPER-KV-V6] fetch meta-llama/Llama-3.1-8B -> None requests
[2026-08-22 11:19:58.961 Model_Service_3] [PAPER-KV-V6] fetch meta-llama/Llama-3.1-8B -> None requests
[2026-08-22 11:19:58.971 Model_Service_3] [PAPER-KV-V6] fetch meta-llama/Llama-3.1-8B -> None requests
[2026-08-22 11:19:58.982 Model_Service_3] [PAPER-KV-V6] fetch meta-llama/Llama-3.1-8B -> None requests
[2026-08-22 11:19:58.993 Model_Service_3] [PAPER-KV-V6] fetch meta-llama/Llama-3.1-8B -> None requests
[2026-08-22 11:19:59.004 Model_Service_3] [PAPER-KV-V6] fetch meta-llama/Llama-3.1-8B -> None requests
[2026-08-22 11:19:59.014 Model_Service_3] [PAPER-KV-V6] fetch meta-llama/Llama-3.1-8B -> None requests
[2026-08-22 11:19:59.025 Model_Service_3] [PAPER-KV-V6] fetch meta-llama/Llama-3.1-8B -> None requests
[2026-08-22 11:19:59.036 Model_Service_3] [PAPER-KV-V6] fetch meta-llama/Llama-3.1-8B -> None requests
[2026-08-22 11:19:59.046 Model_Service_3] [PAPER-KV-V6] fetch meta-llama/Llama-3.1-8B -> None requests
[2026-08-22 11:19:59.057 Model_Service_3] [PAPER-KV-V6] fetch meta-llama/Llama-3.1-8B -> None requests
[2026-08-22 11:19:59.068 Model_Service_3] [PAPER-KV-V6] fetch meta-llama/Llama-3.1-8B -> None requests
[2026-08-22 11:19:59.079 Model_Service_3] [PAPER-KV-V6] fetch meta-llama/Llama-3.1-8B -> None requests
[2026-08-22 11:19:59.089 Model_Service_3] [PAPER-KV-V6] fetch meta-llama/Llama-3.1-8B -> None requests
[2026-08-22 11:19:59.100 Model_Service_3] [PAPER-KV-V6] fetch meta-llama/Llama-3.1-8B -> None requests
[2026-08-22 11:19:59.111 Model_Service_3] [PAPER-KV-V6] fetch meta-llama/Llama-3.1-8B -> None requests
[2026-08-22 11:19:59.122 Model_Service_3] [PAPER-KV-V6] fetch meta-llama/Llama-3.1-8B -> None requests
[2026-08-22 11:19:59.132 Model_Service_3] [PAPER-KV-V6] fetch meta-llama/Llama-3.1-8B -> None requests
[2026-08-22 11:19:59.143 Model_Service_3] [PAPER-KV-V6] fetch meta-llama/Llama-3.1-8B -> None requests
[2026-08-22 11:19:59.154 Model_Service_3] [PAPER-KV-V6] fetch meta-llama/Llama-3.1-8B -> None requests
[2026-08-22 11:19:59.164 Model_Service_3] [PAPER-KV-V6] fetch meta-llama/Llama-3.1-8B -> None requests
[2026-08-22 11:19:59.175 Model_Service_3] [PAPER-KV-V6] fetch meta-llama/Llama-3.1-8B -> None requests
[2026-08-22 11:19:59.186 Model_Service_3] [PAPER-KV-V6] fetch meta-llama/Llama-3.1-8B -> None requests
[2026-08-22 11:19:59.197 Model_Service_3] [PAPER-KV-V6] fetch meta-llama/Llama-3.1-8B -> None requests
[2026-08-22 11:19:59.207 Model_Service_3] [PAPER-KV-V6] fetch meta-llama/Llama-3.1-8B -> None requests
[2026-08-22 11:19:59.218 Model_Service_3] [PAPER-KV-V6] fetch meta-llama/Llama-3.1-8B -> None requests
[2026-08-22 11:19:59.229 Model_Service_3] [PAPER-KV-V6] fetch meta-llama/Llama-3.1-8B -> None requests
[2026-08-22 11:19:59.240 Model_Service_3] [PAPER-KV-V6] fetch meta-llama/Llama-3.1-8B -> None requests
[2026-08-22 11:19:59.250 Model_Service_3] [PAPER-KV-V6] fetch meta-llama/Llama-3.1-8B -> None requests
[2026-08-22 11:19:59.261 Model_Service_3] [PAPER-KV-V6] fetch meta-llama/Llama-3.1-8B -> None requests
[2026-08-22 11:19:59.271 Model_Service_3] [PAPER-KV-V6] fetch meta-llama/Llama-3.1-8B -> None requests
[2026-08-22 11:19:59.282 Model_Service_3] [PAPER-KV-V6] fetch meta-llama/Llama-3.1-8B -> None requests
[2026-08-22 11:19:59.293 Model_Service_3] [PAPER-KV-V6] fetch meta-llama/Llama-3.1-8B -> None requests
[2026-08-22 11:19:59.304 Model_Service_3] [PAPER-KV-V6] fetch meta-llama/Llama-3.1-8B -> None requests
[2026-08-22 11:19:59.314 Model_Service_3] [PAPER-KV-V6] fetch meta-llama/Llama-3.1-8B -> None requests
[2026-08-22 11:19:59.325 Model_Service_3] [PAPER-KV-V6] fetch meta-llama/Llama-3.1-8B -> None requests
[2026-08-22 11:19:59.336 Model_Service_3] [PAPER-KV-V6] fetch meta-llama/Llama-3.1-8B -> None requests
[2026-08-22 11:19:59.346 Model_Service_3] [PAPER-KV-V6] fetch meta-llama/Llama-3.1-8B -> None requests
[2026-08-22 11:19:59.357 Model_Service_3] [PAPER-KV-V6] fetch meta-llama/Llama-3.1-8B -> None requests
[2026-08-22 11:19:59.368 Model_Service_3] [PAPER-KV-V6] fetch meta-llama/Llama-3.1-8B -> None requests
[2026-08-22 11:19:59.379 Model_Service_3] [PAPER-KV-V6] fetch meta-llama/Llama-3.1-8B -> None requests
[2026-08-22 11:19:59.389 Model_Service_3] [PAPER-KV-V6] fetch meta-llama/Llama-3.1-8B -> None requests
[2026-08-22 11:19:59.400 Model_Service_3] [PAPER-KV-V6] fetch meta-llama/Llama-3.1-8B -> None requests
[2026-08-22 11:19:59.411 Model_Service_3] [PAPER-KV-V6] fetch meta-llama/Llama-3.1-8B -> None requests
[2026-08-22 11:19:59.422 Model_Service_3] [PAPER-KV-V6] fetch meta-llama/Llama-3.1-8B -> None requests
[2026-08-22 11:19:59.432 Model_Service_3] [PAPER-KV-V6] fetch meta-llama/Llama-3.1-8B -> None requests
[2026-08-22 11:19:59.443 Model_Service_3] [PAPER-KV-V6] fetch meta-llama/Llama-3.1-8B -> None requests
[2026-08-22 11:19:59.454 Model_Service_3] [PAPER-KV-V6] fetch meta-llama/Llama-3.1-8B -> None requests
[2026-08-22 11:19:59.465 Model_Service_3] [PAPER-KV-V6] fetch meta-llama/Llama-3.1-8B -> None requests
[2026-08-22 11:19:59.475 Model_Service_3] [PAPER-KV-V6] fetch meta-llama/Llama-3.1-8B -> None requests
[2026-08-22 11:19:59.486 Model_Service_3] [PAPER-KV-V6] fetch meta-llama/Llama-3.1-8B -> None requests
[2026-08-22 11:19:59.497 Model_Service_3] [PAPER-KV-V6] fetch meta-llama/Llama-3.1-8B -> None requests
[2026-08-22 11:19:59.508 Model_Service_3] [PAPER-KV-V6] fetch meta-llama/Llama-3.1-8B -> None requests
[2026-08-22 11:19:59.518 Model_Service_3] [PAPER-KV-V6] fetch meta-llama/Llama-3.1-8B -> None requests
[2026-08-22 11:19:59.529 Model_Service_3] [PAPER-KV-V6] fetch meta-llama/Llama-3.1-8B -> None requests
[2026-08-22 11:19:59.540 Model_Service_3] [PAPER-KV-V6] fetch meta-llama/Llama-3.1-8B -> None requests
[2026-08-22 11:19:59.550 Model_Service_3] [PAPER-KV-V6] fetch meta-llama/Llama-3.1-8B -> None requests
[2026-08-22 11:19:59.561 Model_Service_3] [PAPER-KV-V6] fetch meta-llama/Llama-3.1-8B -> None requests
[2026-08-22 11:19:59.572 Model_Service_3] [PAPER-KV-V6] fetch meta-llama/Llama-3.1-8B -> None requests
[2026-08-22 11:19:59.583 Model_Service_3] [PAPER-KV-V6] fetch meta-llama/Llama-3.1-8B -> None requests
[2026-08-22 11:19:59.593 Model_Service_3] [PAPER-KV-V6] fetch meta-llama/Llama-3.1-8B -> None requests
[2026-08-22 11:19:59.604 Model_Service_3] [PAPER-KV-V6] fetch meta-llama/Llama-3.1-8B -> None requests
[2026-08-22 11:19:59.615 Model_Service_3] [PAPER-KV-V6] fetch meta-llama/Llama-3.1-8B -> None requests
[2026-08-22 11:19:59.626 Model_Service_3] [PAPER-KV-V6] fetch meta-llama/Llama-3.1-8B -> None requests
[2026-08-22 11:19:59.642 Model_Service_3] [PAPER-KV-V6] fetch meta-llama/Llama-3.1-8B -> None requests
[2026-08-22 11:19:59.653 Model_Service_3] [PAPER-KV-V6] fetch meta-llama/Llama-3.1-8B -> None requests
[2026-08-22 11:20:00.818 Model_Service_5] Model service 5 input queue is empty, waiting for next request
[2026-08-22 11:20:00.850 Model_Service_2] Model service 2 input queue is empty, waiting for next request
[2026-08-22 11:20:02.046 Model_Service_4] Model service 4 input queue is empty, waiting for next request
[2026-08-22 11:20:03.499 Model_Service_0] Model service 0 input queue is empty, waiting for next request
[2026-08-22 11:20:03.549 Model_Service_1] Model service 1 input queue is empty, waiting for next request
[2026-08-22 11:20:04.658 Model_Service_3] Model service 3 input queue is empty, waiting for next request
[2026-08-22 11:20:06.102 Model_Service_2] Model service 2 input queue is empty, waiting for next request
[2026-08-22 11:20:06.102 Model_Service_5] Model service 5 input queue is empty, waiting for next request
[2026-08-22 11:20:07.490 Model_Service_4] Model service 4 input queue is empty, waiting for next request
[2026-08-22 11:20:08.740 Model_Service_0] Model service 0 input queue is empty, waiting for next request
[2026-08-22 11:20:08.857 Model_Service_1] Model service 1 input queue is empty, waiting for next request
[2026-08-22 11:20:09.973 Model_Service_3] Model service 3 input queue is empty, waiting for next request
[2026-08-22 11:20:10.315 Model_Service_0] Model key: Qwen/Qwen2.5-1.5B-Instruct, engine id: 1_0, target gpu id: 1
[2026-08-22 11:20:10.372 Model_Service_2] Model key: Qwen/Qwen2.5-7B-Instruct, engine id: 1_2, target gpu id: 1
[2026-08-22 11:20:10.377 Model_Service_5] Model key: meta-llama/Llama-3.2-3B, engine id: 1_1, target gpu id: 1
[2026-08-22 11:20:11.079 Model_Service_0] [PAPER-LOAD-V4] {"tag": "Qwen/Qwen2.5-1.5B-Instruct|engine=1_0|src=None", "start_time": 1787397610.3182263, "end_time": 1787397611.0793273, "policy": "paper", "split": 2, "pipeline_depth": null, "target_gpu": 1, "gpu_ids": [0, 1], "source": "cpu", "host_registered": true, "slices": 398, "payload_bytes": 3554176000, "bytes_h2d_direct": 1777088000, "bytes_h2d_helper": 1777088000, "bytes_p2p": 1777088000, "seconds": 0.761099501978606, "payload_gbps": 4.669791519716308, "transfer_path": "host-to-device + helper-gpu-p2p"}
[2026-08-22 11:20:11.081 Model_Service_0] Time taken to copy model to GPU 1, service 0, engine 1_0, model Qwen/Qwen2.5-1.5B-Instruct: 0.7657 seconds
[2026-08-22 11:20:11.559 Model_Service_5] [PAPER-LOAD-V4] {"tag": "meta-llama/Llama-3.2-3B|engine=1_1|src=None", "start_time": 1787397610.381007, "end_time": 1787397611.5598156, "policy": "paper", "split": 2, "pipeline_depth": null, "target_gpu": 1, "gpu_ids": [0, 1], "source": "cpu", "host_registered": true, "slices": 342, "payload_bytes": 7213504512, "bytes_h2d_direct": 3606752256, "bytes_h2d_helper": 3606752256, "bytes_p2p": 3606752256, "seconds": 1.1788080290425569, "payload_gbps": 6.119320817537103, "transfer_path": "host-to-device + helper-gpu-p2p"}
[2026-08-22 11:20:11.561 Model_Service_5] Time taken to copy model to GPU 1, service 5, engine 1_1, model meta-llama/Llama-3.2-3B: 1.1841 seconds
[2026-08-22 11:20:11.810 Model_Service_0] [PAPER-KV-V6] fetch Qwen/Qwen2.5-1.5B-Instruct -> None requests
[2026-08-22 11:20:11.821 Model_Service_0] [PAPER-KV-V6] fetch Qwen/Qwen2.5-1.5B-Instruct -> None requests
[2026-08-22 11:20:11.832 Model_Service_0] [PAPER-KV-V6] fetch Qwen/Qwen2.5-1.5B-Instruct -> None requests
[2026-08-22 11:20:11.842 Model_Service_0] [PAPER-KV-V6] fetch Qwen/Qwen2.5-1.5B-Instruct -> None requests
[2026-08-22 11:20:11.853 Model_Service_0] [PAPER-KV-V6] fetch Qwen/Qwen2.5-1.5B-Instruct -> None requests
[2026-08-22 11:20:11.863 Model_Service_0] [PAPER-KV-V6] fetch Qwen/Qwen2.5-1.5B-Instruct -> None requests
[2026-08-22 11:20:11.874 Model_Service_0] [PAPER-KV-V6] fetch Qwen/Qwen2.5-1.5B-Instruct -> None requests
[2026-08-22 11:20:11.884 Model_Service_0] [PAPER-KV-V6] fetch Qwen/Qwen2.5-1.5B-Instruct -> None requests
[2026-08-22 11:20:11.894 Model_Service_0] [PAPER-KV-V6] fetch Qwen/Qwen2.5-1.5B-Instruct -> None requests
[2026-08-22 11:20:11.905 Model_Service_0] [PAPER-KV-V6] fetch Qwen/Qwen2.5-1.5B-Instruct -> None requests
[2026-08-22 11:20:11.915 Model_Service_0] [PAPER-KV-V6] fetch Qwen/Qwen2.5-1.5B-Instruct -> None requests
[2026-08-22 11:20:11.925 Model_Service_0] [PAPER-KV-V6] fetch Qwen/Qwen2.5-1.5B-Instruct -> None requests
[2026-08-22 11:20:11.936 Model_Service_0] [PAPER-KV-V6] fetch Qwen/Qwen2.5-1.5B-Instruct -> None requests
[2026-08-22 11:20:11.946 Model_Service_0] [PAPER-KV-V6] fetch Qwen/Qwen2.5-1.5B-Instruct -> None requests
[2026-08-22 11:20:11.957 Model_Service_0] [PAPER-KV-V6] fetch Qwen/Qwen2.5-1.5B-Instruct -> None requests
[2026-08-22 11:20:11.967 Model_Service_0] [PAPER-KV-V6] fetch Qwen/Qwen2.5-1.5B-Instruct -> None requests
[2026-08-22 11:20:11.978 Model_Service_0] [PAPER-KV-V6] fetch Qwen/Qwen2.5-1.5B-Instruct -> None requests
[2026-08-22 11:20:11.989 Model_Service_0] [PAPER-KV-V6] fetch Qwen/Qwen2.5-1.5B-Instruct -> None requests
[2026-08-22 11:20:11.999 Model_Service_0] [PAPER-KV-V6] fetch Qwen/Qwen2.5-1.5B-Instruct -> None requests
[2026-08-22 11:20:12.010 Model_Service_0] [PAPER-KV-V6] fetch Qwen/Qwen2.5-1.5B-Instruct -> None requests
[2026-08-22 11:20:12.011 Model_Service_2] [PAPER-LOAD-V4] {"tag": "Qwen/Qwen2.5-7B-Instruct|engine=1_2|src=None", "start_time": 1787397610.3764915, "end_time": 1787397612.0118263, "policy": "paper", "split": 2, "pipeline_depth": null, "target_gpu": 1, "gpu_ids": [0, 1], "source": "cpu", "host_registered": true, "slices": 398, "payload_bytes": 15231233024, "bytes_h2d_direct": 7615616512, "bytes_h2d_helper": 7615616512, "bytes_p2p": 7615616512, "seconds": 1.635333881014958, "payload_gbps": 9.313836887270291, "transfer_path": "host-to-device + helper-gpu-p2p"}
[2026-08-22 11:20:12.013 Model_Service_2] Time taken to copy model to GPU 1, service 2, engine 1_2, model Qwen/Qwen2.5-7B-Instruct: 1.6415 seconds
[2026-08-22 11:20:12.020 Model_Service_0] [PAPER-KV-V6] fetch Qwen/Qwen2.5-1.5B-Instruct -> None requests
[2026-08-22 11:20:12.030 Model_Service_0] [PAPER-KV-V6] fetch Qwen/Qwen2.5-1.5B-Instruct -> None requests
[2026-08-22 11:20:12.041 Model_Service_0] [PAPER-KV-V6] fetch Qwen/Qwen2.5-1.5B-Instruct -> None requests
[2026-08-22 11:20:12.051 Model_Service_0] [PAPER-KV-V6] fetch Qwen/Qwen2.5-1.5B-Instruct -> None requests
[2026-08-22 11:20:12.061 Model_Service_0] [PAPER-KV-V6] fetch Qwen/Qwen2.5-1.5B-Instruct -> None requests
[2026-08-22 11:20:12.072 Model_Service_0] [PAPER-KV-V6] fetch Qwen/Qwen2.5-1.5B-Instruct -> None requests
[2026-08-22 11:20:12.082 Model_Service_0] [PAPER-KV-V6] fetch Qwen/Qwen2.5-1.5B-Instruct -> None requests
[2026-08-22 11:20:12.092 Model_Service_0] [PAPER-KV-V6] fetch Qwen/Qwen2.5-1.5B-Instruct -> None requests
[2026-08-22 11:20:12.103 Model_Service_0] [PAPER-KV-V6] fetch Qwen/Qwen2.5-1.5B-Instruct -> None requests
[2026-08-22 11:20:12.113 Model_Service_0] [PAPER-KV-V6] fetch Qwen/Qwen2.5-1.5B-Instruct -> None requests
[2026-08-22 11:20:12.124 Model_Service_0] [PAPER-KV-V6] fetch Qwen/Qwen2.5-1.5B-Instruct -> None requests
[2026-08-22 11:20:12.134 Model_Service_0] [PAPER-KV-V6] fetch Qwen/Qwen2.5-1.5B-Instruct -> None requests
[2026-08-22 11:20:12.145 Model_Service_0] [PAPER-KV-V6] fetch Qwen/Qwen2.5-1.5B-Instruct -> None requests
[2026-08-22 11:20:12.146 Model_Service_5] [PAPER-KV-V6] fetch meta-llama/Llama-3.2-3B -> None requests
[2026-08-22 11:20:12.155 Model_Service_0] [PAPER-KV-V6] fetch Qwen/Qwen2.5-1.5B-Instruct -> None requests
[2026-08-22 11:20:12.157 Model_Service_5] [PAPER-KV-V6] fetch meta-llama/Llama-3.2-3B -> None requests
[2026-08-22 11:20:12.166 Model_Service_0] [PAPER-KV-V6] fetch Qwen/Qwen2.5-1.5B-Instruct -> None requests
[2026-08-22 11:20:12.168 Model_Service_5] [PAPER-KV-V6] fetch meta-llama/Llama-3.2-3B -> None requests
[2026-08-22 11:20:12.177 Model_Service_0] [PAPER-KV-V6] fetch Qwen/Qwen2.5-1.5B-Instruct -> None requests
[2026-08-22 11:20:12.178 Model_Service_5] [PAPER-KV-V6] fetch meta-llama/Llama-3.2-3B -> None requests
[2026-08-22 11:20:12.188 Model_Service_0] [PAPER-KV-V6] fetch Qwen/Qwen2.5-1.5B-Instruct -> None requests
[2026-08-22 11:20:12.189 Model_Service_5] [PAPER-KV-V6] fetch meta-llama/Llama-3.2-3B -> None requests
[2026-08-22 11:20:12.198 Model_Service_0] [PAPER-KV-V6] fetch Qwen/Qwen2.5-1.5B-Instruct -> None requests
[2026-08-22 11:20:12.200 Model_Service_5] [PAPER-KV-V6] fetch meta-llama/Llama-3.2-3B -> None requests
[2026-08-22 11:20:12.209 Model_Service_0] [PAPER-KV-V6] fetch Qwen/Qwen2.5-1.5B-Instruct -> None requests
[2026-08-22 11:20:12.211 Model_Service_5] [PAPER-KV-V6] fetch meta-llama/Llama-3.2-3B -> None requests
[2026-08-22 11:20:12.219 Model_Service_0] [PAPER-KV-V6] fetch Qwen/Qwen2.5-1.5B-Instruct -> None requests
[2026-08-22 11:20:12.222 Model_Service_5] [PAPER-KV-V6] fetch meta-llama/Llama-3.2-3B -> None requests
[2026-08-22 11:20:12.230 Model_Service_0] [PAPER-KV-V6] fetch Qwen/Qwen2.5-1.5B-Instruct -> None requests
[2026-08-22 11:20:12.233 Model_Service_5] [PAPER-KV-V6] fetch meta-llama/Llama-3.2-3B -> None requests
[2026-08-22 11:20:12.241 Model_Service_0] [PAPER-KV-V6] fetch Qwen/Qwen2.5-1.5B-Instruct -> None requests
[2026-08-22 11:20:12.243 Model_Service_5] [PAPER-KV-V6] fetch meta-llama/Llama-3.2-3B -> None requests
[2026-08-22 11:20:12.251 Model_Service_0] [PAPER-KV-V6] fetch Qwen/Qwen2.5-1.5B-Instruct -> None requests
[2026-08-22 11:20:12.254 Model_Service_5] [PAPER-KV-V6] fetch meta-llama/Llama-3.2-3B -> None requests
[2026-08-22 11:20:12.262 Model_Service_0] [PAPER-KV-V6] fetch Qwen/Qwen2.5-1.5B-Instruct -> None requests
[2026-08-22 11:20:12.265 Model_Service_5] [PAPER-KV-V6] fetch meta-llama/Llama-3.2-3B -> None requests
[2026-08-22 11:20:12.273 Model_Service_0] [PAPER-KV-V6] fetch Qwen/Qwen2.5-1.5B-Instruct -> None requests
[2026-08-22 11:20:12.275 Model_Service_5] [PAPER-KV-V6] fetch meta-llama/Llama-3.2-3B -> None requests
[2026-08-22 11:20:12.283 Model_Service_0] [PAPER-KV-V6] fetch Qwen/Qwen2.5-1.5B-Instruct -> None requests
[2026-08-22 11:20:12.286 Model_Service_5] [PAPER-KV-V6] fetch meta-llama/Llama-3.2-3B -> None requests
[2026-08-22 11:20:12.294 Model_Service_0] [PAPER-KV-V6] fetch Qwen/Qwen2.5-1.5B-Instruct -> None requests
[2026-08-22 11:20:12.297 Model_Service_5] [PAPER-KV-V6] fetch meta-llama/Llama-3.2-3B -> None requests
[2026-08-22 11:20:12.304 Model_Service_0] [PAPER-KV-V6] fetch Qwen/Qwen2.5-1.5B-Instruct -> None requests
[2026-08-22 11:20:12.308 Model_Service_5] [PAPER-KV-V6] fetch meta-llama/Llama-3.2-3B -> None requests
[2026-08-22 11:20:12.315 Model_Service_0] [PAPER-KV-V6] fetch Qwen/Qwen2.5-1.5B-Instruct -> None requests
[2026-08-22 11:20:12.318 Model_Service_5] [PAPER-KV-V6] fetch meta-llama/Llama-3.2-3B -> None requests
[2026-08-22 11:20:12.325 Model_Service_0] [PAPER-KV-V6] fetch Qwen/Qwen2.5-1.5B-Instruct -> None requests
[2026-08-22 11:20:12.329 Model_Service_5] [PAPER-KV-V6] fetch meta-llama/Llama-3.2-3B -> None requests
[2026-08-22 11:20:12.335 Model_Service_0] [PAPER-KV-V6] fetch Qwen/Qwen2.5-1.5B-Instruct -> None requests
[2026-08-22 11:20:12.339 Model_Service_5] [PAPER-KV-V6] fetch meta-llama/Llama-3.2-3B -> None requests
[2026-08-22 11:20:12.346 Model_Service_0] [PAPER-KV-V6] fetch Qwen/Qwen2.5-1.5B-Instruct -> None requests
[2026-08-22 11:20:12.350 Model_Service_5] [PAPER-KV-V6] fetch meta-llama/Llama-3.2-3B -> None requests
[2026-08-22 11:20:12.356 Model_Service_0] [PAPER-KV-V6] fetch Qwen/Qwen2.5-1.5B-Instruct -> None requests
[2026-08-22 11:20:12.361 Model_Service_5] [PAPER-KV-V6] fetch meta-llama/Llama-3.2-3B -> None requests
[2026-08-22 11:20:12.367 Model_Service_0] [PAPER-KV-V6] fetch Qwen/Qwen2.5-1.5B-Instruct -> None requests
[2026-08-22 11:20:12.371 Model_Service_5] [PAPER-KV-V6] fetch meta-llama/Llama-3.2-3B -> None requests
[2026-08-22 11:20:12.377 Model_Service_0] [PAPER-KV-V6] fetch Qwen/Qwen2.5-1.5B-Instruct -> None requests
[2026-08-22 11:20:12.382 Model_Service_5] [PAPER-KV-V6] fetch meta-llama/Llama-3.2-3B -> None requests
[2026-08-22 11:20:12.388 Model_Service_0] [PAPER-KV-V6] fetch Qwen/Qwen2.5-1.5B-Instruct -> None requests
[2026-08-22 11:20:12.393 Model_Service_5] [PAPER-KV-V6] fetch meta-llama/Llama-3.2-3B -> None requests
[2026-08-22 11:20:12.398 Model_Service_0] [PAPER-KV-V6] fetch Qwen/Qwen2.5-1.5B-Instruct -> None requests
[2026-08-22 11:20:12.404 Model_Service_5] [PAPER-KV-V6] fetch meta-llama/Llama-3.2-3B -> None requests
[2026-08-22 11:20:12.409 Model_Service_0] [PAPER-KV-V6] fetch Qwen/Qwen2.5-1.5B-Instruct -> None requests
[2026-08-22 11:20:12.414 Model_Service_5] [PAPER-KV-V6] fetch meta-llama/Llama-3.2-3B -> None requests
[2026-08-22 11:20:12.420 Model_Service_0] [PAPER-KV-V6] fetch Qwen/Qwen2.5-1.5B-Instruct -> None requests
[2026-08-22 11:20:12.425 Model_Service_5] [PAPER-KV-V6] fetch meta-llama/Llama-3.2-3B -> None requests
[2026-08-22 11:20:12.430 Model_Service_0] [PAPER-KV-V6] fetch Qwen/Qwen2.5-1.5B-Instruct -> None requests
[2026-08-22 11:20:12.435 Model_Service_5] [PAPER-KV-V6] fetch meta-llama/Llama-3.2-3B -> None requests
[2026-08-22 11:20:12.441 Model_Service_0] [PAPER-KV-V6] fetch Qwen/Qwen2.5-1.5B-Instruct -> None requests
[2026-08-22 11:20:12.446 Model_Service_5] [PAPER-KV-V6] fetch meta-llama/Llama-3.2-3B -> None requests
[2026-08-22 11:20:12.452 Model_Service_0] [PAPER-KV-V6] fetch Qwen/Qwen2.5-1.5B-Instruct -> None requests
[2026-08-22 11:20:12.457 Model_Service_5] [PAPER-KV-V6] fetch meta-llama/Llama-3.2-3B -> None requests
[2026-08-22 11:20:12.462 Model_Service_0] [PAPER-KV-V6] fetch Qwen/Qwen2.5-1.5B-Instruct -> None requests
[2026-08-22 11:20:12.467 Model_Service_5] [PAPER-KV-V6] fetch meta-llama/Llama-3.2-3B -> None requests
[2026-08-22 11:20:12.473 Model_Service_0] [PAPER-KV-V6] fetch Qwen/Qwen2.5-1.5B-Instruct -> None requests
[2026-08-22 11:20:12.478 Model_Service_5] [PAPER-KV-V6] fetch meta-llama/Llama-3.2-3B -> None requests
[2026-08-22 11:20:12.483 Model_Service_0] [PAPER-KV-V6] fetch Qwen/Qwen2.5-1.5B-Instruct -> None requests
[2026-08-22 11:20:12.489 Model_Service_5] [PAPER-KV-V6] fetch meta-llama/Llama-3.2-3B -> None requests
[2026-08-22 11:20:12.494 Model_Service_0] [PAPER-KV-V6] fetch Qwen/Qwen2.5-1.5B-Instruct -> None requests
[2026-08-22 11:20:12.500 Model_Service_5] [PAPER-KV-V6] fetch meta-llama/Llama-3.2-3B -> None requests
[2026-08-22 11:20:12.505 Model_Service_0] [PAPER-KV-V6] fetch Qwen/Qwen2.5-1.5B-Instruct -> None requests
[2026-08-22 11:20:12.510 Model_Service_5] [PAPER-KV-V6] fetch meta-llama/Llama-3.2-3B -> None requests
[2026-08-22 11:20:12.515 Model_Service_0] [PAPER-KV-V6] fetch Qwen/Qwen2.5-1.5B-Instruct -> None requests
[2026-08-22 11:20:12.521 Model_Service_5] [PAPER-KV-V6] fetch meta-llama/Llama-3.2-3B -> None requests
[2026-08-22 11:20:12.526 Model_Service_0] [PAPER-KV-V6] fetch Qwen/Qwen2.5-1.5B-Instruct -> None requests
[2026-08-22 11:20:12.533 Model_Service_5] [PAPER-KV-V6] fetch meta-llama/Llama-3.2-3B -> None requests
[2026-08-22 11:20:12.537 Model_Service_0] [PAPER-KV-V6] fetch Qwen/Qwen2.5-1.5B-Instruct -> None requests
[2026-08-22 11:20:12.543 Model_Service_5] [PAPER-KV-V6] fetch meta-llama/Llama-3.2-3B -> None requests
[2026-08-22 11:20:12.547 Model_Service_0] [PAPER-KV-V6] fetch Qwen/Qwen2.5-1.5B-Instruct -> None requests
[2026-08-22 11:20:12.554 Model_Service_5] [PAPER-KV-V6] fetch meta-llama/Llama-3.2-3B -> None requests
[2026-08-22 11:20:12.558 Model_Service_0] [PAPER-KV-V6] fetch Qwen/Qwen2.5-1.5B-Instruct -> None requests
[2026-08-22 11:20:12.565 Model_Service_5] [PAPER-KV-V6] fetch meta-llama/Llama-3.2-3B -> None requests
[2026-08-22 11:20:12.569 Model_Service_0] [PAPER-KV-V6] fetch Qwen/Qwen2.5-1.5B-Instruct -> None requests
[2026-08-22 11:20:12.576 Model_Service_5] [PAPER-KV-V6] fetch meta-llama/Llama-3.2-3B -> None requests
[2026-08-22 11:20:12.579 Model_Service_0] [PAPER-KV-V6] fetch Qwen/Qwen2.5-1.5B-Instruct -> None requests
[2026-08-22 11:20:12.586 Model_Service_5] [PAPER-KV-V6] fetch meta-llama/Llama-3.2-3B -> None requests
[2026-08-22 11:20:12.590 Model_Service_0] [PAPER-KV-V6] fetch Qwen/Qwen2.5-1.5B-Instruct -> None requests
[2026-08-22 11:20:12.597 Model_Service_5] [PAPER-KV-V6] fetch meta-llama/Llama-3.2-3B -> None requests
[2026-08-22 11:20:12.601 Model_Service_0] [PAPER-KV-V6] fetch Qwen/Qwen2.5-1.5B-Instruct -> None requests
[2026-08-22 11:20:12.608 Model_Service_5] [PAPER-KV-V6] fetch meta-llama/Llama-3.2-3B -> None requests
[2026-08-22 11:20:12.611 Model_Service_0] [PAPER-KV-V6] fetch Qwen/Qwen2.5-1.5B-Instruct -> None requests
[2026-08-22 11:20:12.618 Model_Service_5] [PAPER-KV-V6] fetch meta-llama/Llama-3.2-3B -> None requests
[2026-08-22 11:20:12.622 Model_Service_0] [PAPER-KV-V6] fetch Qwen/Qwen2.5-1.5B-Instruct -> None requests
[2026-08-22 11:20:12.629 Model_Service_5] [PAPER-KV-V6] fetch meta-llama/Llama-3.2-3B -> None requests
[2026-08-22 11:20:12.633 Model_Service_0] [PAPER-KV-V6] fetch Qwen/Qwen2.5-1.5B-Instruct -> None requests
[2026-08-22 11:20:12.639 Model_Service_5] [PAPER-KV-V6] fetch meta-llama/Llama-3.2-3B -> None requests
[2026-08-22 11:20:12.643 Model_Service_0] [PAPER-KV-V6] fetch Qwen/Qwen2.5-1.5B-Instruct -> None requests
[2026-08-22 11:20:12.651 Model_Service_5] [PAPER-KV-V6] fetch meta-llama/Llama-3.2-3B -> None requests
[2026-08-22 11:20:12.654 Model_Service_0] [PAPER-KV-V6] fetch Qwen/Qwen2.5-1.5B-Instruct -> None requests
[2026-08-22 11:20:12.661 Model_Service_5] [PAPER-KV-V6] fetch meta-llama/Llama-3.2-3B -> None requests
[2026-08-22 11:20:12.665 Model_Service_0] [PAPER-KV-V6] fetch Qwen/Qwen2.5-1.5B-Instruct -> None requests
[2026-08-22 11:20:12.672 Model_Service_5] [PAPER-KV-V6] fetch meta-llama/Llama-3.2-3B -> None requests
[2026-08-22 11:20:12.675 Model_Service_0] [PAPER-KV-V6] fetch Qwen/Qwen2.5-1.5B-Instruct -> None requests
[2026-08-22 11:20:12.683 Model_Service_5] [PAPER-KV-V6] fetch meta-llama/Llama-3.2-3B -> None requests
[2026-08-22 11:20:12.686 Model_Service_0] [PAPER-KV-V6] fetch Qwen/Qwen2.5-1.5B-Instruct -> None requests
[2026-08-22 11:20:12.693 Model_Service_5] [PAPER-KV-V6] fetch meta-llama/Llama-3.2-3B -> None requests
[2026-08-22 11:20:12.697 Model_Service_0] [PAPER-KV-V6] fetch Qwen/Qwen2.5-1.5B-Instruct -> None requests
[2026-08-22 11:20:12.704 Model_Service_5] [PAPER-KV-V6] fetch meta-llama/Llama-3.2-3B -> None requests
[2026-08-22 11:20:12.707 Model_Service_0] [PAPER-KV-V6] fetch Qwen/Qwen2.5-1.5B-Instruct -> None requests
[2026-08-22 11:20:12.715 Model_Service_5] [PAPER-KV-V6] fetch meta-llama/Llama-3.2-3B -> None requests
[2026-08-22 11:20:12.718 Model_Service_0] [PAPER-KV-V6] fetch Qwen/Qwen2.5-1.5B-Instruct -> None requests
[2026-08-22 11:20:12.725 Model_Service_5] [PAPER-KV-V6] fetch meta-llama/Llama-3.2-3B -> None requests
[2026-08-22 11:20:12.729 Model_Service_0] [PAPER-KV-V6] fetch Qwen/Qwen2.5-1.5B-Instruct -> None requests
[2026-08-22 11:20:12.736 Model_Service_5] [PAPER-KV-V6] fetch meta-llama/Llama-3.2-3B -> None requests
[2026-08-22 11:20:12.739 Model_Service_0] [PAPER-KV-V6] fetch Qwen/Qwen2.5-1.5B-Instruct -> None requests
[2026-08-22 11:20:12.746 Model_Service_5] [PAPER-KV-V6] fetch meta-llama/Llama-3.2-3B -> None requests
[2026-08-22 11:20:12.750 Model_Service_0] [PAPER-KV-V6] fetch Qwen/Qwen2.5-1.5B-Instruct -> None requests
[2026-08-22 11:20:12.757 Model_Service_5] [PAPER-KV-V6] fetch meta-llama/Llama-3.2-3B -> None requests
[2026-08-22 11:20:12.761 Model_Service_0] [PAPER-KV-V6] fetch Qwen/Qwen2.5-1.5B-Instruct -> None requests
[2026-08-22 11:20:12.768 Model_Service_5] [PAPER-KV-V6] fetch meta-llama/Llama-3.2-3B -> None requests
[2026-08-22 11:20:12.772 Model_Service_0] [PAPER-KV-V6] fetch Qwen/Qwen2.5-1.5B-Instruct -> None requests
[2026-08-22 11:20:12.778 Model_Service_5] [PAPER-KV-V6] fetch meta-llama/Llama-3.2-3B -> None requests
[2026-08-22 11:20:12.782 Model_Service_0] [PAPER-KV-V6] fetch Qwen/Qwen2.5-1.5B-Instruct -> None requests
[2026-08-22 11:20:12.789 Model_Service_5] [PAPER-KV-V6] fetch meta-llama/Llama-3.2-3B -> None requests
[2026-08-22 11:20:12.793 Model_Service_0] [PAPER-KV-V6] fetch Qwen/Qwen2.5-1.5B-Instruct -> None requests
[2026-08-22 11:20:12.796 Model_Service_4] Model service 4 input queue is empty, waiting for next request
[2026-08-22 11:20:12.800 Model_Service_5] [PAPER-KV-V6] fetch meta-llama/Llama-3.2-3B -> None requests
[2026-08-22 11:20:12.804 Model_Service_0] [PAPER-KV-V6] fetch Qwen/Qwen2.5-1.5B-Instruct -> None requests
[2026-08-22 11:20:12.810 Model_Service_5] [PAPER-KV-V6] fetch meta-llama/Llama-3.2-3B -> None requests
[2026-08-22 11:20:12.815 Model_Service_0] [PAPER-KV-V6] fetch Qwen/Qwen2.5-1.5B-Instruct -> None requests
[2026-08-22 11:20:12.821 Model_Service_5] [PAPER-KV-V6] fetch meta-llama/Llama-3.2-3B -> None requests
[2026-08-22 11:20:12.826 Model_Service_0] [PAPER-KV-V6] fetch Qwen/Qwen2.5-1.5B-Instruct -> None requests
[2026-08-22 11:20:12.832 Model_Service_5] [PAPER-KV-V6] fetch meta-llama/Llama-3.2-3B -> None requests
[2026-08-22 11:20:12.837 Model_Service_0] [PAPER-KV-V6] fetch Qwen/Qwen2.5-1.5B-Instruct -> None requests
[2026-08-22 11:20:12.842 Model_Service_5] [PAPER-KV-V6] fetch meta-llama/Llama-3.2-3B -> None requests
[2026-08-22 11:20:12.847 Model_Service_0] [PAPER-KV-V6] fetch Qwen/Qwen2.5-1.5B-Instruct -> None requests
[2026-08-22 11:20:12.853 Model_Service_5] [PAPER-KV-V6] fetch meta-llama/Llama-3.2-3B -> None requests
[2026-08-22 11:20:12.858 Model_Service_0] [PAPER-KV-V6] fetch Qwen/Qwen2.5-1.5B-Instruct -> None requests
[2026-08-22 11:20:12.864 Model_Service_5] [PAPER-KV-V6] fetch meta-llama/Llama-3.2-3B -> None requests
[2026-08-22 11:20:12.869 Model_Service_0] [PAPER-KV-V6] fetch Qwen/Qwen2.5-1.5B-Instruct -> None requests
[2026-08-22 11:20:12.874 Model_Service_5] [PAPER-KV-V6] fetch meta-llama/Llama-3.2-3B -> None requests
[2026-08-22 11:20:12.880 Model_Service_0] [PAPER-KV-V6] fetch Qwen/Qwen2.5-1.5B-Instruct -> None requests
[2026-08-22 11:20:12.885 Model_Service_5] [PAPER-KV-V6] fetch meta-llama/Llama-3.2-3B -> None requests
[2026-08-22 11:20:12.890 Model_Service_0] [PAPER-KV-V6] fetch Qwen/Qwen2.5-1.5B-Instruct -> None requests
[2026-08-22 11:20:12.896 Model_Service_5] [PAPER-KV-V6] fetch meta-llama/Llama-3.2-3B -> None requests
[2026-08-22 11:20:12.901 Model_Service_0] [PAPER-KV-V6] fetch Qwen/Qwen2.5-1.5B-Instruct -> None requests
[2026-08-22 11:20:12.907 Model_Service_5] [PAPER-KV-V6] fetch meta-llama/Llama-3.2-3B -> None requests
[2026-08-22 11:20:12.912 Model_Service_0] [PAPER-KV-V6] fetch Qwen/Qwen2.5-1.5B-Instruct -> None requests
[2026-08-22 11:20:12.917 Model_Service_5] [PAPER-KV-V6] fetch meta-llama/Llama-3.2-3B -> None requests
[2026-08-22 11:20:12.923 Model_Service_0] [PAPER-KV-V6] fetch Qwen/Qwen2.5-1.5B-Instruct -> None requests
[2026-08-22 11:20:12.928 Model_Service_5] [PAPER-KV-V6] fetch meta-llama/Llama-3.2-3B -> None requests
[2026-08-22 11:20:12.933 Model_Service_0] [PAPER-KV-V6] fetch Qwen/Qwen2.5-1.5B-Instruct -> None requests
[2026-08-22 11:20:12.939 Model_Service_5] [PAPER-KV-V6] fetch meta-llama/Llama-3.2-3B -> None requests
[2026-08-22 11:20:12.944 Model_Service_0] [PAPER-KV-V6] fetch Qwen/Qwen2.5-1.5B-Instruct -> None requests
[2026-08-22 11:20:12.949 Model_Service_5] [PAPER-KV-V6] fetch meta-llama/Llama-3.2-3B -> None requests
[2026-08-22 11:20:12.955 Model_Service_0] [PAPER-KV-V6] fetch Qwen/Qwen2.5-1.5B-Instruct -> None requests
[2026-08-22 11:20:12.960 Model_Service_5] [PAPER-KV-V6] fetch meta-llama/Llama-3.2-3B -> None requests
[2026-08-22 11:20:12.965 Model_Service_0] [PAPER-KV-V6] fetch Qwen/Qwen2.5-1.5B-Instruct -> None requests
[2026-08-22 11:20:12.970 Model_Service_5] [PAPER-KV-V6] fetch meta-llama/Llama-3.2-3B -> None requests
[2026-08-22 11:20:12.976 Model_Service_0] [PAPER-KV-V6] fetch Qwen/Qwen2.5-1.5B-Instruct -> None requests
[2026-08-22 11:20:12.981 Model_Service_5] [PAPER-KV-V6] fetch meta-llama/Llama-3.2-3B -> None requests
[2026-08-22 11:20:12.987 Model_Service_0] [PAPER-KV-V6] fetch Qwen/Qwen2.5-1.5B-Instruct -> None requests
[2026-08-22 11:20:12.991 Model_Service_5] [PAPER-KV-V6] fetch meta-llama/Llama-3.2-3B -> None requests
[2026-08-22 11:20:12.998 Model_Service_0] [PAPER-KV-V6] fetch Qwen/Qwen2.5-1.5B-Instruct -> None requests
[2026-08-22 11:20:13.002 Model_Service_5] [PAPER-KV-V6] fetch meta-llama/Llama-3.2-3B -> None requests
[2026-08-22 11:20:13.009 Model_Service_0] [PAPER-KV-V6] fetch Qwen/Qwen2.5-1.5B-Instruct -> None requests
[2026-08-22 11:20:13.013 Model_Service_5] [PAPER-KV-V6] fetch meta-llama/Llama-3.2-3B -> None requests
[2026-08-22 11:20:13.019 Model_Service_0] [PAPER-KV-V6] fetch Qwen/Qwen2.5-1.5B-Instruct -> None requests
[2026-08-22 11:20:13.023 Model_Service_5] [PAPER-KV-V6] fetch meta-llama/Llama-3.2-3B -> None requests
[2026-08-22 11:20:13.030 Model_Service_0] [PAPER-KV-V6] fetch Qwen/Qwen2.5-1.5B-Instruct -> None requests
[2026-08-22 11:20:13.034 Model_Service_5] [PAPER-KV-V6] fetch meta-llama/Llama-3.2-3B -> None requests
[2026-08-22 11:20:13.041 Model_Service_0] [PAPER-KV-V6] fetch Qwen/Qwen2.5-1.5B-Instruct -> None requests
[2026-08-22 11:20:13.044 Model_Service_5] [PAPER-KV-V6] fetch meta-llama/Llama-3.2-3B -> None requests
[2026-08-22 11:20:13.052 Model_Service_0] [PAPER-KV-V6] fetch Qwen/Qwen2.5-1.5B-Instruct -> None requests
[2026-08-22 11:20:13.055 Model_Service_5] [PAPER-KV-V6] fetch meta-llama/Llama-3.2-3B -> None requests
[2026-08-22 11:20:13.062 Model_Service_0] [PAPER-KV-V6] fetch Qwen/Qwen2.5-1.5B-Instruct -> None requests
[2026-08-22 11:20:13.065 Model_Service_5] [PAPER-KV-V6] fetch meta-llama/Llama-3.2-3B -> None requests
[2026-08-22 11:20:13.073 Model_Service_0] [PAPER-KV-V6] fetch Qwen/Qwen2.5-1.5B-Instruct -> None requests
[2026-08-22 11:20:13.076 Model_Service_5] [PAPER-KV-V6] fetch meta-llama/Llama-3.2-3B -> None requests
[2026-08-22 11:20:13.084 Model_Service_0] [PAPER-KV-V6] fetch Qwen/Qwen2.5-1.5B-Instruct -> None requests
[2026-08-22 11:20:13.086 Model_Service_5] [PAPER-KV-V6] fetch meta-llama/Llama-3.2-3B -> None requests
[2026-08-22 11:20:13.094 Model_Service_0] [PAPER-KV-V6] fetch Qwen/Qwen2.5-1.5B-Instruct -> None requests
[2026-08-22 11:20:13.097 Model_Service_5] [PAPER-KV-V6] fetch meta-llama/Llama-3.2-3B -> None requests
[2026-08-22 11:20:13.105 Model_Service_0] [PAPER-KV-V6] fetch Qwen/Qwen2.5-1.5B-Instruct -> None requests
[2026-08-22 11:20:13.108 Model_Service_5] [PAPER-KV-V6] fetch meta-llama/Llama-3.2-3B -> None requests
[2026-08-22 11:20:13.115 Model_Service_0] [PAPER-KV-V6] fetch Qwen/Qwen2.5-1.5B-Instruct -> None requests
[2026-08-22 11:20:13.118 Model_Service_5] [PAPER-KV-V6] fetch meta-llama/Llama-3.2-3B -> None requests
[2026-08-22 11:20:13.126 Model_Service_0] [PAPER-KV-V6] fetch Qwen/Qwen2.5-1.5B-Instruct -> None requests
[2026-08-22 11:20:13.129 Model_Service_5] [PAPER-KV-V6] fetch meta-llama/Llama-3.2-3B -> None requests
[2026-08-22 11:20:13.137 Model_Service_0] [PAPER-KV-V6] fetch Qwen/Qwen2.5-1.5B-Instruct -> None requests
[2026-08-22 11:20:13.139 Model_Service_5] [PAPER-KV-V6] fetch meta-llama/Llama-3.2-3B -> None requests
[2026-08-22 11:20:13.147 Model_Service_0] [PAPER-KV-V6] fetch Qwen/Qwen2.5-1.5B-Instruct -> None requests
[2026-08-22 11:20:13.149 Model_Service_2] [PAPER-KV-V6] fetch Qwen/Qwen2.5-7B-Instruct -> None requests
[2026-08-22 11:20:13.150 Model_Service_5] [PAPER-KV-V6] fetch meta-llama/Llama-3.2-3B -> None requests
[2026-08-22 11:20:13.158 Model_Service_0] [PAPER-KV-V6] fetch Qwen/Qwen2.5-1.5B-Instruct -> None requests
[2026-08-22 11:20:13.160 Model_Service_2] [PAPER-KV-V6] fetch Qwen/Qwen2.5-7B-Instruct -> None requests
[2026-08-22 11:20:13.160 Model_Service_5] [PAPER-KV-V6] fetch meta-llama/Llama-3.2-3B -> None requests
[2026-08-22 11:20:13.168 Model_Service_0] [PAPER-KV-V6] fetch Qwen/Qwen2.5-1.5B-Instruct -> None requests
[2026-08-22 11:20:13.170 Model_Service_2] [PAPER-KV-V6] fetch Qwen/Qwen2.5-7B-Instruct -> None requests
[2026-08-22 11:20:13.171 Model_Service_5] [PAPER-KV-V6] fetch meta-llama/Llama-3.2-3B -> None requests
[2026-08-22 11:20:13.179 Model_Service_0] [PAPER-KV-V6] fetch Qwen/Qwen2.5-1.5B-Instruct -> None requests
[2026-08-22 11:20:13.181 Model_Service_2] [PAPER-KV-V6] fetch Qwen/Qwen2.5-7B-Instruct -> None requests
[2026-08-22 11:20:13.181 Model_Service_5] [PAPER-KV-V6] fetch meta-llama/Llama-3.2-3B -> None requests
[2026-08-22 11:20:13.189 Model_Service_0] [PAPER-KV-V6] fetch Qwen/Qwen2.5-1.5B-Instruct -> None requests
[2026-08-22 11:20:13.191 Model_Service_2] [PAPER-KV-V6] fetch Qwen/Qwen2.5-7B-Instruct -> None requests
[2026-08-22 11:20:13.192 Model_Service_5] [PAPER-KV-V6] fetch meta-llama/Llama-3.2-3B -> None requests
[2026-08-22 11:20:13.200 Model_Service_0] [PAPER-KV-V6] fetch Qwen/Qwen2.5-1.5B-Instruct -> None requests
[2026-08-22 11:20:13.202 Model_Service_2] [PAPER-KV-V6] fetch Qwen/Qwen2.5-7B-Instruct -> None requests
[2026-08-22 11:20:13.202 Model_Service_5] [PAPER-KV-V6] fetch meta-llama/Llama-3.2-3B -> None requests
[2026-08-22 11:20:13.210 Model_Service_0] [PAPER-KV-V6] fetch Qwen/Qwen2.5-1.5B-Instruct -> None requests
[2026-08-22 11:20:13.212 Model_Service_2] [PAPER-KV-V6] fetch Qwen/Qwen2.5-7B-Instruct -> None requests
[2026-08-22 11:20:13.213 Model_Service_5] [PAPER-KV-V6] fetch meta-llama/Llama-3.2-3B -> None requests
[2026-08-22 11:20:13.220 Model_Service_0] [PAPER-KV-V6] fetch Qwen/Qwen2.5-1.5B-Instruct -> None requests
[2026-08-22 11:20:13.223 Model_Service_2] [PAPER-KV-V6] fetch Qwen/Qwen2.5-7B-Instruct -> None requests
[2026-08-22 11:20:13.223 Model_Service_5] [PAPER-KV-V6] fetch meta-llama/Llama-3.2-3B -> None requests
[2026-08-22 11:20:13.231 Model_Service_0] [PAPER-KV-V6] fetch Qwen/Qwen2.5-1.5B-Instruct -> None requests
[2026-08-22 11:20:13.233 Model_Service_2] [PAPER-KV-V6] fetch Qwen/Qwen2.5-7B-Instruct -> None requests
[2026-08-22 11:20:13.234 Model_Service_5] [PAPER-KV-V6] fetch meta-llama/Llama-3.2-3B -> None requests
[2026-08-22 11:20:13.241 Model_Service_0] [PAPER-KV-V6] fetch Qwen/Qwen2.5-1.5B-Instruct -> None requests
[2026-08-22 11:20:13.243 Model_Service_2] [PAPER-KV-V6] fetch Qwen/Qwen2.5-7B-Instruct -> None requests
[2026-08-22 11:20:13.244 Model_Service_5] [PAPER-KV-V6] fetch meta-llama/Llama-3.2-3B -> None requests
[2026-08-22 11:20:13.252 Model_Service_0] [PAPER-KV-V6] fetch Qwen/Qwen2.5-1.5B-Instruct -> None requests
[2026-08-22 11:20:13.254 Model_Service_2] [PAPER-KV-V6] fetch Qwen/Qwen2.5-7B-Instruct -> None requests
[2026-08-22 11:20:13.254 Model_Service_5] [PAPER-KV-V6] fetch meta-llama/Llama-3.2-3B -> None requests
[2026-08-22 11:20:13.262 Model_Service_0] [PAPER-KV-V6] fetch Qwen/Qwen2.5-1.5B-Instruct -> None requests
[2026-08-22 11:20:13.264 Model_Service_2] [PAPER-KV-V6] fetch Qwen/Qwen2.5-7B-Instruct -> None requests
[2026-08-22 11:20:13.265 Model_Service_5] [PAPER-KV-V6] fetch meta-llama/Llama-3.2-3B -> None requests
[2026-08-22 11:20:13.272 Model_Service_0] [PAPER-KV-V6] fetch Qwen/Qwen2.5-1.5B-Instruct -> None requests
[2026-08-22 11:20:13.274 Model_Service_2] [PAPER-KV-V6] fetch Qwen/Qwen2.5-7B-Instruct -> None requests
[2026-08-22 11:20:13.275 Model_Service_5] [PAPER-KV-V6] fetch meta-llama/Llama-3.2-3B -> None requests
[2026-08-22 11:20:13.283 Model_Service_0] [PAPER-KV-V6] fetch Qwen/Qwen2.5-1.5B-Instruct -> None requests
[2026-08-22 11:20:13.285 Model_Service_2] [PAPER-KV-V6] fetch Qwen/Qwen2.5-7B-Instruct -> None requests
[2026-08-22 11:20:13.286 Model_Service_5] [PAPER-KV-V6] fetch meta-llama/Llama-3.2-3B -> None requests
[2026-08-22 11:20:13.293 Model_Service_0] [PAPER-KV-V6] fetch Qwen/Qwen2.5-1.5B-Instruct -> None requests
[2026-08-22 11:20:13.295 Model_Service_2] [PAPER-KV-V6] fetch Qwen/Qwen2.5-7B-Instruct -> None requests
[2026-08-22 11:20:13.296 Model_Service_5] [PAPER-KV-V6] fetch meta-llama/Llama-3.2-3B -> None requests
[2026-08-22 11:20:13.303 Model_Service_0] [PAPER-KV-V6] fetch Qwen/Qwen2.5-1.5B-Instruct -> None requests
[2026-08-22 11:20:13.305 Model_Service_2] [PAPER-KV-V6] fetch Qwen/Qwen2.5-7B-Instruct -> None requests
[2026-08-22 11:20:13.306 Model_Service_5] [PAPER-KV-V6] fetch meta-llama/Llama-3.2-3B -> None requests
[2026-08-22 11:20:13.314 Model_Service_0] [PAPER-KV-V6] fetch Qwen/Qwen2.5-1.5B-Instruct -> None requests
[2026-08-22 11:20:13.316 Model_Service_2] [PAPER-KV-V6] fetch Qwen/Qwen2.5-7B-Instruct -> None requests
[2026-08-22 11:20:13.317 Model_Service_5] [PAPER-KV-V6] fetch meta-llama/Llama-3.2-3B -> None requests
[2026-08-22 11:20:13.324 Model_Service_0] [PAPER-KV-V6] fetch Qwen/Qwen2.5-1.5B-Instruct -> None requests
[2026-08-22 11:20:13.326 Model_Service_2] [PAPER-KV-V6] fetch Qwen/Qwen2.5-7B-Instruct -> None requests
[2026-08-22 11:20:13.327 Model_Service_5] [PAPER-KV-V6] fetch meta-llama/Llama-3.2-3B -> None requests
[2026-08-22 11:20:13.334 Model_Service_0] [PAPER-KV-V6] fetch Qwen/Qwen2.5-1.5B-Instruct -> None requests
[2026-08-22 11:20:13.337 Model_Service_2] [PAPER-KV-V6] fetch Qwen/Qwen2.5-7B-Instruct -> None requests
[2026-08-22 11:20:13.338 Model_Service_5] [PAPER-KV-V6] fetch meta-llama/Llama-3.2-3B -> None requests
[2026-08-22 11:20:13.345 Model_Service_0] [PAPER-KV-V6] fetch Qwen/Qwen2.5-1.5B-Instruct -> None requests
[2026-08-22 11:20:13.347 Model_Service_2] [PAPER-KV-V6] fetch Qwen/Qwen2.5-7B-Instruct -> None requests
[2026-08-22 11:20:13.348 Model_Service_5] [PAPER-KV-V6] fetch meta-llama/Llama-3.2-3B -> None requests
[2026-08-22 11:20:13.355 Model_Service_0] [PAPER-KV-V6] fetch Qwen/Qwen2.5-1.5B-Instruct -> None requests
[2026-08-22 11:20:13.358 Model_Service_2] [PAPER-KV-V6] fetch Qwen/Qwen2.5-7B-Instruct -> None requests
[2026-08-22 11:20:13.359 Model_Service_5] [PAPER-KV-V6] fetch meta-llama/Llama-3.2-3B -> None requests
[2026-08-22 11:20:13.366 Model_Service_0] [PAPER-KV-V6] fetch Qwen/Qwen2.5-1.5B-Instruct -> None requests
[2026-08-22 11:20:13.368 Model_Service_2] [PAPER-KV-V6] fetch Qwen/Qwen2.5-7B-Instruct -> None requests
[2026-08-22 11:20:13.369 Model_Service_5] [PAPER-KV-V6] fetch meta-llama/Llama-3.2-3B -> None requests
[2026-08-22 11:20:13.376 Model_Service_0] [PAPER-KV-V6] fetch Qwen/Qwen2.5-1.5B-Instruct -> None requests
[2026-08-22 11:20:13.379 Model_Service_2] [PAPER-KV-V6] fetch Qwen/Qwen2.5-7B-Instruct -> None requests
[2026-08-22 11:20:13.380 Model_Service_5] [PAPER-KV-V6] fetch meta-llama/Llama-3.2-3B -> None requests
[2026-08-22 11:20:13.386 Model_Service_0] [PAPER-KV-V6] fetch Qwen/Qwen2.5-1.5B-Instruct -> None requests
[2026-08-22 11:20:13.389 Model_Service_2] [PAPER-KV-V6] fetch Qwen/Qwen2.5-7B-Instruct -> None requests
[2026-08-22 11:20:13.390 Model_Service_5] [PAPER-KV-V6] fetch meta-llama/Llama-3.2-3B -> None requests
[2026-08-22 11:20:13.397 Model_Service_0] [PAPER-KV-V6] fetch Qwen/Qwen2.5-1.5B-Instruct -> None requests
[2026-08-22 11:20:13.400 Model_Service_2] [PAPER-KV-V6] fetch Qwen/Qwen2.5-7B-Instruct -> None requests
[2026-08-22 11:20:13.401 Model_Service_5] [PAPER-KV-V6] fetch meta-llama/Llama-3.2-3B -> None requests
[2026-08-22 11:20:13.407 Model_Service_0] [PAPER-KV-V6] fetch Qwen/Qwen2.5-1.5B-Instruct -> None requests
[2026-08-22 11:20:13.411 Model_Service_2] [PAPER-KV-V6] fetch Qwen/Qwen2.5-7B-Instruct -> None requests
[2026-08-22 11:20:13.411 Model_Service_5] [PAPER-KV-V6] fetch meta-llama/Llama-3.2-3B -> None requests
[2026-08-22 11:20:13.417 Model_Service_0] [PAPER-KV-V6] fetch Qwen/Qwen2.5-1.5B-Instruct -> None requests
[2026-08-22 11:20:13.421 Model_Service_2] [PAPER-KV-V6] fetch Qwen/Qwen2.5-7B-Instruct -> None requests
[2026-08-22 11:20:13.422 Model_Service_5] [PAPER-KV-V6] fetch meta-llama/Llama-3.2-3B -> None requests
[2026-08-22 11:20:13.428 Model_Service_0] [PAPER-KV-V6] fetch Qwen/Qwen2.5-1.5B-Instruct -> None requests
[2026-08-22 11:20:13.432 Model_Service_2] [PAPER-KV-V6] fetch Qwen/Qwen2.5-7B-Instruct -> None requests
[2026-08-22 11:20:13.433 Model_Service_5] [PAPER-KV-V6] fetch meta-llama/Llama-3.2-3B -> None requests
[2026-08-22 11:20:13.438 Model_Service_0] [PAPER-KV-V6] fetch Qwen/Qwen2.5-1.5B-Instruct -> None requests
[2026-08-22 11:20:13.442 Model_Service_2] [PAPER-KV-V6] fetch Qwen/Qwen2.5-7B-Instruct -> None requests
[2026-08-22 11:20:13.443 Model_Service_5] [PAPER-KV-V6] fetch meta-llama/Llama-3.2-3B -> None requests
[2026-08-22 11:20:13.449 Model_Service_0] [PAPER-KV-V6] fetch Qwen/Qwen2.5-1.5B-Instruct -> None requests
[2026-08-22 11:20:13.453 Model_Service_2] [PAPER-KV-V6] fetch Qwen/Qwen2.5-7B-Instruct -> None requests
[2026-08-22 11:20:13.454 Model_Service_5] [PAPER-KV-V6] fetch meta-llama/Llama-3.2-3B -> None requests
[2026-08-22 11:20:13.459 Model_Service_0] [PAPER-KV-V6] fetch Qwen/Qwen2.5-1.5B-Instruct -> None requests
[2026-08-22 11:20:13.463 Model_Service_2] [PAPER-KV-V6] fetch Qwen/Qwen2.5-7B-Instruct -> None requests
[2026-08-22 11:20:13.465 Model_Service_5] [PAPER-KV-V6] fetch meta-llama/Llama-3.2-3B -> None requests
[2026-08-22 11:20:13.469 Model_Service_0] [PAPER-KV-V6] fetch Qwen/Qwen2.5-1.5B-Instruct -> None requests
[2026-08-22 11:20:13.474 Model_Service_2] [PAPER-KV-V6] fetch Qwen/Qwen2.5-7B-Instruct -> None requests
[2026-08-22 11:20:13.476 Model_Service_5] [PAPER-KV-V6] fetch meta-llama/Llama-3.2-3B -> None requests
[2026-08-22 11:20:13.480 Model_Service_0] [PAPER-KV-V6] fetch Qwen/Qwen2.5-1.5B-Instruct -> None requests
[2026-08-22 11:20:13.485 Model_Service_2] [PAPER-KV-V6] fetch Qwen/Qwen2.5-7B-Instruct -> None requests
[2026-08-22 11:20:13.486 Model_Service_5] [PAPER-KV-V6] fetch meta-llama/Llama-3.2-3B -> None requests
[2026-08-22 11:20:13.490 Model_Service_0] [PAPER-KV-V6] fetch Qwen/Qwen2.5-1.5B-Instruct -> None requests
[2026-08-22 11:20:13.495 Model_Service_2] [PAPER-KV-V6] fetch Qwen/Qwen2.5-7B-Instruct -> None requests
[2026-08-22 11:20:13.497 Model_Service_5] [PAPER-KV-V6] fetch meta-llama/Llama-3.2-3B -> None requests
[2026-08-22 11:20:13.501 Model_Service_0] [PAPER-KV-V6] fetch Qwen/Qwen2.5-1.5B-Instruct -> None requests
[2026-08-22 11:20:13.506 Model_Service_2] [PAPER-KV-V6] fetch Qwen/Qwen2.5-7B-Instruct -> None requests
[2026-08-22 11:20:13.507 Model_Service_5] [PAPER-KV-V6] fetch meta-llama/Llama-3.2-3B -> None requests
[2026-08-22 11:20:13.511 Model_Service_0] [PAPER-KV-V6] fetch Qwen/Qwen2.5-1.5B-Instruct -> None requests
[2026-08-22 11:20:13.517 Model_Service_2] [PAPER-KV-V6] fetch Qwen/Qwen2.5-7B-Instruct -> None requests
[2026-08-22 11:20:13.518 Model_Service_5] [PAPER-KV-V6] fetch meta-llama/Llama-3.2-3B -> None requests
[2026-08-22 11:20:13.522 Model_Service_0] [PAPER-KV-V6] fetch Qwen/Qwen2.5-1.5B-Instruct -> None requests
[2026-08-22 11:20:13.527 Model_Service_2] [PAPER-KV-V6] fetch Qwen/Qwen2.5-7B-Instruct -> None requests
[2026-08-22 11:20:13.529 Model_Service_5] [PAPER-KV-V6] fetch meta-llama/Llama-3.2-3B -> None requests
[2026-08-22 11:20:13.532 Model_Service_0] [PAPER-KV-V6] fetch Qwen/Qwen2.5-1.5B-Instruct -> None requests
[2026-08-22 11:20:13.537 Model_Service_2] [PAPER-KV-V6] fetch Qwen/Qwen2.5-7B-Instruct -> None requests
[2026-08-22 11:20:13.539 Model_Service_5] [PAPER-KV-V6] fetch meta-llama/Llama-3.2-3B -> None requests
[2026-08-22 11:20:13.543 Model_Service_0] [PAPER-KV-V6] fetch Qwen/Qwen2.5-1.5B-Instruct -> None requests
[2026-08-22 11:20:13.548 Model_Service_2] [PAPER-KV-V6] fetch Qwen/Qwen2.5-7B-Instruct -> None requests
[2026-08-22 11:20:13.550 Model_Service_5] [PAPER-KV-V6] fetch meta-llama/Llama-3.2-3B -> None requests
[2026-08-22 11:20:13.553 Model_Service_0] [PAPER-KV-V6] fetch Qwen/Qwen2.5-1.5B-Instruct -> None requests
[2026-08-22 11:20:13.559 Model_Service_2] [PAPER-KV-V6] fetch Qwen/Qwen2.5-7B-Instruct -> None requests
[2026-08-22 11:20:13.562 Model_Service_5] [PAPER-KV-V6] fetch meta-llama/Llama-3.2-3B -> None requests
[2026-08-22 11:20:13.563 Model_Service_0] [PAPER-KV-V6] fetch Qwen/Qwen2.5-1.5B-Instruct -> None requests
[2026-08-22 11:20:13.569 Model_Service_2] [PAPER-KV-V6] fetch Qwen/Qwen2.5-7B-Instruct -> None requests
[2026-08-22 11:20:13.572 Model_Service_5] [PAPER-KV-V6] fetch meta-llama/Llama-3.2-3B -> None requests
[2026-08-22 11:20:13.573 Model_Service_0] [PAPER-KV-V6] fetch Qwen/Qwen2.5-1.5B-Instruct -> None requests
[2026-08-22 11:20:13.579 Model_Service_2] [PAPER-KV-V6] fetch Qwen/Qwen2.5-7B-Instruct -> None requests
[2026-08-22 11:20:13.583 Model_Service_5] [PAPER-KV-V6] fetch meta-llama/Llama-3.2-3B -> None requests
[2026-08-22 11:20:13.584 Model_Service_0] [PAPER-KV-V6] fetch Qwen/Qwen2.5-1.5B-Instruct -> None requests
[2026-08-22 11:20:13.590 Model_Service_2] [PAPER-KV-V6] fetch Qwen/Qwen2.5-7B-Instruct -> None requests
[2026-08-22 11:20:13.594 Model_Service_5] [PAPER-KV-V6] fetch meta-llama/Llama-3.2-3B -> None requests
[2026-08-22 11:20:13.594 Model_Service_0] [PAPER-KV-V6] fetch Qwen/Qwen2.5-1.5B-Instruct -> None requests
[2026-08-22 11:20:13.600 Model_Service_2] [PAPER-KV-V6] fetch Qwen/Qwen2.5-7B-Instruct -> None requests
[2026-08-22 11:20:13.604 Model_Service_0] [PAPER-KV-V6] fetch Qwen/Qwen2.5-1.5B-Instruct -> None requests
[2026-08-22 11:20:13.605 Model_Service_5] [PAPER-KV-V6] fetch meta-llama/Llama-3.2-3B -> None requests
[2026-08-22 11:20:13.611 Model_Service_2] [PAPER-KV-V6] fetch Qwen/Qwen2.5-7B-Instruct -> None requests
[2026-08-22 11:20:13.615 Model_Service_0] [PAPER-KV-V6] fetch Qwen/Qwen2.5-1.5B-Instruct -> None requests
[2026-08-22 11:20:13.616 Model_Service_5] [PAPER-KV-V6] fetch meta-llama/Llama-3.2-3B -> None requests
[2026-08-22 11:20:13.622 Model_Service_2] [PAPER-KV-V6] fetch Qwen/Qwen2.5-7B-Instruct -> None requests
[2026-08-22 11:20:13.625 Model_Service_0] [PAPER-KV-V6] fetch Qwen/Qwen2.5-1.5B-Instruct -> None requests
[2026-08-22 11:20:13.627 Model_Service_5] [PAPER-KV-V6] fetch meta-llama/Llama-3.2-3B -> None requests
[2026-08-22 11:20:13.632 Model_Service_2] [PAPER-KV-V6] fetch Qwen/Qwen2.5-7B-Instruct -> None requests
[2026-08-22 11:20:13.635 Model_Service_0] [PAPER-KV-V6] fetch Qwen/Qwen2.5-1.5B-Instruct -> None requests
[2026-08-22 11:20:13.637 Model_Service_5] [PAPER-KV-V6] fetch meta-llama/Llama-3.2-3B -> None requests
[2026-08-22 11:20:13.643 Model_Service_2] [PAPER-KV-V6] fetch Qwen/Qwen2.5-7B-Instruct -> None requests
[2026-08-22 11:20:13.646 Model_Service_0] [PAPER-KV-V6] fetch Qwen/Qwen2.5-1.5B-Instruct -> None requests
[2026-08-22 11:20:13.648 Model_Service_5] [PAPER-KV-V6] fetch meta-llama/Llama-3.2-3B -> None requests
[2026-08-22 11:20:13.653 Model_Service_2] [PAPER-KV-V6] fetch Qwen/Qwen2.5-7B-Instruct -> None requests
[2026-08-22 11:20:13.656 Model_Service_0] [PAPER-KV-V6] fetch Qwen/Qwen2.5-1.5B-Instruct -> None requests
[2026-08-22 11:20:13.658 Model_Service_5] [PAPER-KV-V6] fetch meta-llama/Llama-3.2-3B -> None requests
[2026-08-22 11:20:13.664 Model_Service_2] [PAPER-KV-V6] fetch Qwen/Qwen2.5-7B-Instruct -> None requests
[2026-08-22 11:20:13.666 Model_Service_0] [PAPER-KV-V6] fetch Qwen/Qwen2.5-1.5B-Instruct -> None requests
[2026-08-22 11:20:13.669 Model_Service_5] [PAPER-KV-V6] fetch meta-llama/Llama-3.2-3B -> None requests
[2026-08-22 11:20:13.674 Model_Service_2] [PAPER-KV-V6] fetch Qwen/Qwen2.5-7B-Instruct -> None requests
[2026-08-22 11:20:13.676 Model_Service_0] [PAPER-KV-V6] fetch Qwen/Qwen2.5-1.5B-Instruct -> None requests
[2026-08-22 11:20:13.679 Model_Service_5] [PAPER-KV-V6] fetch meta-llama/Llama-3.2-3B -> None requests
[2026-08-22 11:20:13.685 Model_Service_2] [PAPER-KV-V6] fetch Qwen/Qwen2.5-7B-Instruct -> None requests
[2026-08-22 11:20:13.687 Model_Service_0] [PAPER-KV-V6] fetch Qwen/Qwen2.5-1.5B-Instruct -> None requests
[2026-08-22 11:20:13.690 Model_Service_5] [PAPER-KV-V6] fetch meta-llama/Llama-3.2-3B -> None requests
[2026-08-22 11:20:13.695 Model_Service_2] [PAPER-KV-V6] fetch Qwen/Qwen2.5-7B-Instruct -> None requests
[2026-08-22 11:20:13.697 Model_Service_0] [PAPER-KV-V6] fetch Qwen/Qwen2.5-1.5B-Instruct -> None requests
[2026-08-22 11:20:13.701 Model_Service_5] [PAPER-KV-V6] fetch meta-llama/Llama-3.2-3B -> None requests
[2026-08-22 11:20:13.706 Model_Service_2] [PAPER-KV-V6] fetch Qwen/Qwen2.5-7B-Instruct -> None requests
[2026-08-22 11:20:13.707 Model_Service_0] [PAPER-KV-V6] fetch Qwen/Qwen2.5-1.5B-Instruct -> None requests
[2026-08-22 11:20:13.711 Model_Service_5] [PAPER-KV-V6] fetch meta-llama/Llama-3.2-3B -> None requests
[2026-08-22 11:20:13.717 Model_Service_2] [PAPER-KV-V6] fetch Qwen/Qwen2.5-7B-Instruct -> None requests
[2026-08-22 11:20:13.718 Model_Service_0] [PAPER-KV-V6] fetch Qwen/Qwen2.5-1.5B-Instruct -> None requests
[2026-08-22 11:20:13.722 Model_Service_5] [PAPER-KV-V6] fetch meta-llama/Llama-3.2-3B -> None requests
[2026-08-22 11:20:13.727 Model_Service_2] [PAPER-KV-V6] fetch Qwen/Qwen2.5-7B-Instruct -> None requests
[2026-08-22 11:20:13.728 Model_Service_0] [PAPER-KV-V6] fetch Qwen/Qwen2.5-1.5B-Instruct -> None requests
[2026-08-22 11:20:13.733 Model_Service_5] [PAPER-KV-V6] fetch meta-llama/Llama-3.2-3B -> None requests
[2026-08-22 11:20:13.737 Model_Service_2] [PAPER-KV-V6] fetch Qwen/Qwen2.5-7B-Instruct -> None requests
[2026-08-22 11:20:13.738 Model_Service_0] [PAPER-KV-V6] fetch Qwen/Qwen2.5-1.5B-Instruct -> None requests
[2026-08-22 11:20:13.744 Model_Service_5] [PAPER-KV-V6] fetch meta-llama/Llama-3.2-3B -> None requests
[2026-08-22 11:20:13.748 Model_Service_2] [PAPER-KV-V6] fetch Qwen/Qwen2.5-7B-Instruct -> None requests
[2026-08-22 11:20:13.749 Model_Service_0] [PAPER-KV-V6] fetch Qwen/Qwen2.5-1.5B-Instruct -> None requests
[2026-08-22 11:20:13.754 Model_Service_5] [PAPER-KV-V6] fetch meta-llama/Llama-3.2-3B -> None requests
[2026-08-22 11:20:13.758 Model_Service_2] [PAPER-KV-V6] fetch Qwen/Qwen2.5-7B-Instruct -> None requests
[2026-08-22 11:20:13.759 Model_Service_0] [PAPER-KV-V6] fetch Qwen/Qwen2.5-1.5B-Instruct -> None requests
[2026-08-22 11:20:13.765 Model_Service_5] [PAPER-KV-V6] fetch meta-llama/Llama-3.2-3B -> None requests
[2026-08-22 11:20:13.769 Model_Service_2] [PAPER-KV-V6] fetch Qwen/Qwen2.5-7B-Instruct -> None requests
[2026-08-22 11:20:13.769 Model_Service_0] [PAPER-KV-V6] fetch Qwen/Qwen2.5-1.5B-Instruct -> None requests
[2026-08-22 11:20:13.776 Model_Service_5] [PAPER-KV-V6] fetch meta-llama/Llama-3.2-3B -> None requests
[2026-08-22 11:20:13.779 Model_Service_2] [PAPER-KV-V6] fetch Qwen/Qwen2.5-7B-Instruct -> None requests
[2026-08-22 11:20:13.780 Model_Service_0] [PAPER-KV-V6] fetch Qwen/Qwen2.5-1.5B-Instruct -> None requests
[2026-08-22 11:20:13.787 Model_Service_5] [PAPER-KV-V6] fetch meta-llama/Llama-3.2-3B -> None requests
[2026-08-22 11:20:13.790 Model_Service_2] [PAPER-KV-V6] fetch Qwen/Qwen2.5-7B-Instruct -> None requests
[2026-08-22 11:20:13.790 Model_Service_0] [PAPER-KV-V6] fetch Qwen/Qwen2.5-1.5B-Instruct -> None requests
[2026-08-22 11:20:13.797 Model_Service_5] [PAPER-KV-V6] fetch meta-llama/Llama-3.2-3B -> None requests
[2026-08-22 11:20:13.800 Model_Service_2] [PAPER-KV-V6] fetch Qwen/Qwen2.5-7B-Instruct -> None requests
[2026-08-22 11:20:13.801 Model_Service_0] [PAPER-KV-V6] fetch Qwen/Qwen2.5-1.5B-Instruct -> None requests
[2026-08-22 11:20:13.808 Model_Service_5] [PAPER-KV-V6] fetch meta-llama/Llama-3.2-3B -> None requests
[2026-08-22 11:20:13.811 Model_Service_2] [PAPER-KV-V6] fetch Qwen/Qwen2.5-7B-Instruct -> None requests
[2026-08-22 11:20:13.811 Model_Service_0] [PAPER-KV-V6] fetch Qwen/Qwen2.5-1.5B-Instruct -> None requests
[2026-08-22 11:20:13.819 Model_Service_5] [PAPER-KV-V6] fetch meta-llama/Llama-3.2-3B -> None requests
[2026-08-22 11:20:13.821 Model_Service_2] [PAPER-KV-V6] fetch Qwen/Qwen2.5-7B-Instruct -> None requests
[2026-08-22 11:20:13.821 Model_Service_0] [PAPER-KV-V6] fetch Qwen/Qwen2.5-1.5B-Instruct -> None requests
[2026-08-22 11:20:13.830 Model_Service_5] [PAPER-KV-V6] fetch meta-llama/Llama-3.2-3B -> None requests
[2026-08-22 11:20:13.831 Model_Service_0] [PAPER-KV-V6] fetch Qwen/Qwen2.5-1.5B-Instruct -> None requests
[2026-08-22 11:20:13.832 Model_Service_2] [PAPER-KV-V6] fetch Qwen/Qwen2.5-7B-Instruct -> None requests
[2026-08-22 11:20:13.841 Model_Service_5] [PAPER-KV-V6] fetch meta-llama/Llama-3.2-3B -> None requests
[2026-08-22 11:20:13.842 Model_Service_0] [PAPER-KV-V6] fetch Qwen/Qwen2.5-1.5B-Instruct -> None requests
[2026-08-22 11:20:13.842 Model_Service_2] [PAPER-KV-V6] fetch Qwen/Qwen2.5-7B-Instruct -> None requests
[2026-08-22 11:20:13.851 Model_Service_5] [PAPER-KV-V6] fetch meta-llama/Llama-3.2-3B -> None requests
[2026-08-22 11:20:13.852 Model_Service_0] [PAPER-KV-V6] fetch Qwen/Qwen2.5-1.5B-Instruct -> None requests
[2026-08-22 11:20:13.853 Model_Service_2] [PAPER-KV-V6] fetch Qwen/Qwen2.5-7B-Instruct -> None requests
[2026-08-22 11:20:13.862 Model_Service_5] [PAPER-KV-V6] fetch meta-llama/Llama-3.2-3B -> None requests
[2026-08-22 11:20:13.862 Model_Service_0] [PAPER-KV-V6] fetch Qwen/Qwen2.5-1.5B-Instruct -> None requests
[2026-08-22 11:20:13.863 Model_Service_2] [PAPER-KV-V6] fetch Qwen/Qwen2.5-7B-Instruct -> None requests
[2026-08-22 11:20:13.872 Model_Service_0] [PAPER-KV-V6] fetch Qwen/Qwen2.5-1.5B-Instruct -> None requests
[2026-08-22 11:20:13.872 Model_Service_5] [PAPER-KV-V6] fetch meta-llama/Llama-3.2-3B -> None requests
[2026-08-22 11:20:13.874 Model_Service_2] [PAPER-KV-V6] fetch Qwen/Qwen2.5-7B-Instruct -> None requests
[2026-08-22 11:20:13.883 Model_Service_0] [PAPER-KV-V6] fetch Qwen/Qwen2.5-1.5B-Instruct -> None requests
[2026-08-22 11:20:13.883 Model_Service_5] [PAPER-KV-V6] fetch meta-llama/Llama-3.2-3B -> None requests
[2026-08-22 11:20:13.884 Model_Service_2] [PAPER-KV-V6] fetch Qwen/Qwen2.5-7B-Instruct -> None requests
[2026-08-22 11:20:13.893 Model_Service_0] [PAPER-KV-V6] fetch Qwen/Qwen2.5-1.5B-Instruct -> None requests
[2026-08-22 11:20:13.894 Model_Service_5] [PAPER-KV-V6] fetch meta-llama/Llama-3.2-3B -> None requests
[2026-08-22 11:20:13.895 Model_Service_2] [PAPER-KV-V6] fetch Qwen/Qwen2.5-7B-Instruct -> None requests
[2026-08-22 11:20:13.903 Model_Service_0] [PAPER-KV-V6] fetch Qwen/Qwen2.5-1.5B-Instruct -> None requests
[2026-08-22 11:20:13.904 Model_Service_5] [PAPER-KV-V6] fetch meta-llama/Llama-3.2-3B -> None requests
[2026-08-22 11:20:13.905 Model_Service_2] [PAPER-KV-V6] fetch Qwen/Qwen2.5-7B-Instruct -> None requests
[2026-08-22 11:20:13.913 Model_Service_0] [PAPER-KV-V6] fetch Qwen/Qwen2.5-1.5B-Instruct -> None requests
[2026-08-22 11:20:13.915 Model_Service_5] [PAPER-KV-V6] fetch meta-llama/Llama-3.2-3B -> None requests
[2026-08-22 11:20:13.916 Model_Service_2] [PAPER-KV-V6] fetch Qwen/Qwen2.5-7B-Instruct -> None requests
[2026-08-22 11:20:13.924 Model_Service_0] [PAPER-KV-V6] fetch Qwen/Qwen2.5-1.5B-Instruct -> None requests
[2026-08-22 11:20:13.925 Model_Service_5] [PAPER-KV-V6] fetch meta-llama/Llama-3.2-3B -> None requests
[2026-08-22 11:20:13.926 Model_Service_2] [PAPER-KV-V6] fetch Qwen/Qwen2.5-7B-Instruct -> None requests
[2026-08-22 11:20:13.934 Model_Service_0] [PAPER-KV-V6] fetch Qwen/Qwen2.5-1.5B-Instruct -> None requests
[2026-08-22 11:20:13.936 Model_Service_5] [PAPER-KV-V6] fetch meta-llama/Llama-3.2-3B -> None requests
[2026-08-22 11:20:13.937 Model_Service_2] [PAPER-KV-V6] fetch Qwen/Qwen2.5-7B-Instruct -> None requests
[2026-08-22 11:20:13.944 Model_Service_0] [PAPER-KV-V6] fetch Qwen/Qwen2.5-1.5B-Instruct -> None requests
[2026-08-22 11:20:13.947 Model_Service_5] [PAPER-KV-V6] fetch meta-llama/Llama-3.2-3B -> None requests
[2026-08-22 11:20:13.947 Model_Service_2] [PAPER-KV-V6] fetch Qwen/Qwen2.5-7B-Instruct -> None requests
[2026-08-22 11:20:13.955 Model_Service_0] [PAPER-KV-V6] fetch Qwen/Qwen2.5-1.5B-Instruct -> None requests
[2026-08-22 11:20:13.957 Model_Service_5] [PAPER-KV-V6] fetch meta-llama/Llama-3.2-3B -> None requests
[2026-08-22 11:20:13.957 Model_Service_2] [PAPER-KV-V6] fetch Qwen/Qwen2.5-7B-Instruct -> None requests
[2026-08-22 11:20:13.965 Model_Service_0] [PAPER-KV-V6] fetch Qwen/Qwen2.5-1.5B-Instruct -> None requests
[2026-08-22 11:20:13.968 Model_Service_5] [PAPER-KV-V6] fetch meta-llama/Llama-3.2-3B -> None requests
[2026-08-22 11:20:13.968 Model_Service_2] [PAPER-KV-V6] fetch Qwen/Qwen2.5-7B-Instruct -> None requests
[2026-08-22 11:20:13.975 Model_Service_0] [PAPER-KV-V6] fetch Qwen/Qwen2.5-1.5B-Instruct -> None requests
[2026-08-22 11:20:13.978 Model_Service_5] [PAPER-KV-V6] fetch meta-llama/Llama-3.2-3B -> None requests
[2026-08-22 11:20:13.979 Model_Service_2] [PAPER-KV-V6] fetch Qwen/Qwen2.5-7B-Instruct -> None requests
[2026-08-22 11:20:13.986 Model_Service_0] [PAPER-KV-V6] fetch Qwen/Qwen2.5-1.5B-Instruct -> None requests
[2026-08-22 11:20:13.989 Model_Service_5] [PAPER-KV-V6] fetch meta-llama/Llama-3.2-3B -> None requests
[2026-08-22 11:20:13.989 Model_Service_2] [PAPER-KV-V6] fetch Qwen/Qwen2.5-7B-Instruct -> None requests
[2026-08-22 11:20:13.996 Model_Service_0] [PAPER-KV-V6] fetch Qwen/Qwen2.5-1.5B-Instruct -> None requests
[2026-08-22 11:20:14.000 Model_Service_2] [PAPER-KV-V6] fetch Qwen/Qwen2.5-7B-Instruct -> None requests
[2026-08-22 11:20:14.000 Model_Service_5] [PAPER-KV-V6] fetch meta-llama/Llama-3.2-3B -> None requests
[2026-08-22 11:20:14.006 Model_Service_0] [PAPER-KV-V6] fetch Qwen/Qwen2.5-1.5B-Instruct -> None requests
[2026-08-22 11:20:14.011 Model_Service_2] [PAPER-KV-V6] fetch Qwen/Qwen2.5-7B-Instruct -> None requests
[2026-08-22 11:20:14.011 Model_Service_5] [PAPER-KV-V6] fetch meta-llama/Llama-3.2-3B -> None requests
[2026-08-22 11:20:14.017 Model_Service_0] [PAPER-KV-V6] fetch Qwen/Qwen2.5-1.5B-Instruct -> None requests
[2026-08-22 11:20:14.021 Model_Service_2] [PAPER-KV-V6] fetch Qwen/Qwen2.5-7B-Instruct -> None requests
[2026-08-22 11:20:14.021 Model_Service_5] [PAPER-KV-V6] fetch meta-llama/Llama-3.2-3B -> None requests
[2026-08-22 11:20:14.027 Model_Service_0] [PAPER-KV-V6] fetch Qwen/Qwen2.5-1.5B-Instruct -> None requests
[2026-08-22 11:20:14.032 Model_Service_2] [PAPER-KV-V6] fetch Qwen/Qwen2.5-7B-Instruct -> None requests
[2026-08-22 11:20:14.032 Model_Service_5] [PAPER-KV-V6] fetch meta-llama/Llama-3.2-3B -> None requests
[2026-08-22 11:20:14.038 Model_Service_0] [PAPER-KV-V6] fetch Qwen/Qwen2.5-1.5B-Instruct -> None requests
[2026-08-22 11:20:14.042 Model_Service_2] [PAPER-KV-V6] fetch Qwen/Qwen2.5-7B-Instruct -> None requests
[2026-08-22 11:20:14.043 Model_Service_5] [PAPER-KV-V6] fetch meta-llama/Llama-3.2-3B -> None requests
[2026-08-22 11:20:14.048 Model_Service_0] [PAPER-KV-V6] fetch Qwen/Qwen2.5-1.5B-Instruct -> None requests
[2026-08-22 11:20:14.052 Model_Service_2] [PAPER-KV-V6] fetch Qwen/Qwen2.5-7B-Instruct -> None requests
[2026-08-22 11:20:14.053 Model_Service_5] [PAPER-KV-V6] fetch meta-llama/Llama-3.2-3B -> None requests
[2026-08-22 11:20:14.058 Model_Service_0] [PAPER-KV-V6] fetch Qwen/Qwen2.5-1.5B-Instruct -> None requests
[2026-08-22 11:20:14.063 Model_Service_2] [PAPER-KV-V6] fetch Qwen/Qwen2.5-7B-Instruct -> None requests
[2026-08-22 11:20:14.064 Model_Service_5] [PAPER-KV-V6] fetch meta-llama/Llama-3.2-3B -> None requests
[2026-08-22 11:20:14.069 Model_Service_0] [PAPER-KV-V6] fetch Qwen/Qwen2.5-1.5B-Instruct -> None requests
[2026-08-22 11:20:14.073 Model_Service_2] [PAPER-KV-V6] fetch Qwen/Qwen2.5-7B-Instruct -> None requests
[2026-08-22 11:20:14.074 Model_Service_5] [PAPER-KV-V6] fetch meta-llama/Llama-3.2-3B -> None requests
[2026-08-22 11:20:14.079 Model_Service_0] [PAPER-KV-V6] fetch Qwen/Qwen2.5-1.5B-Instruct -> None requests
[2026-08-22 11:20:14.084 Model_Service_2] [PAPER-KV-V6] fetch Qwen/Qwen2.5-7B-Instruct -> None requests
[2026-08-22 11:20:14.085 Model_Service_5] [PAPER-KV-V6] fetch meta-llama/Llama-3.2-3B -> None requests
[2026-08-22 11:20:14.090 Model_Service_0] [PAPER-KV-V6] fetch Qwen/Qwen2.5-1.5B-Instruct -> None requests
[2026-08-22 11:20:14.095 Model_Service_2] [PAPER-KV-V6] fetch Qwen/Qwen2.5-7B-Instruct -> None requests
[2026-08-22 11:20:14.096 Model_Service_5] [PAPER-KV-V6] fetch meta-llama/Llama-3.2-3B -> None requests
[2026-08-22 11:20:14.100 Model_Service_0] [PAPER-KV-V6] fetch Qwen/Qwen2.5-1.5B-Instruct -> None requests
[2026-08-22 11:20:14.106 Model_Service_2] [PAPER-KV-V6] fetch Qwen/Qwen2.5-7B-Instruct -> None requests
[2026-08-22 11:20:14.106 Model_Service_5] [PAPER-KV-V6] fetch meta-llama/Llama-3.2-3B -> None requests
[2026-08-22 11:20:14.110 Model_Service_0] [PAPER-KV-V6] fetch Qwen/Qwen2.5-1.5B-Instruct -> None requests
[2026-08-22 11:20:14.116 Model_Service_2] [PAPER-KV-V6] fetch Qwen/Qwen2.5-7B-Instruct -> None requests
[2026-08-22 11:20:14.117 Model_Service_5] [PAPER-KV-V6] fetch meta-llama/Llama-3.2-3B -> None requests
[2026-08-22 11:20:14.120 Model_Service_1] Model service 1 input queue is empty, waiting for next request
[2026-08-22 11:20:14.121 Model_Service_0] [PAPER-KV-V6] fetch Qwen/Qwen2.5-1.5B-Instruct -> None requests
[2026-08-22 11:20:14.127 Model_Service_2] [PAPER-KV-V6] fetch Qwen/Qwen2.5-7B-Instruct -> None requests
[2026-08-22 11:20:14.127 Model_Service_5] [PAPER-KV-V6] fetch meta-llama/Llama-3.2-3B -> None requests
[2026-08-22 11:20:14.131 Model_Service_0] [PAPER-KV-V6] fetch Qwen/Qwen2.5-1.5B-Instruct -> None requests
[2026-08-22 11:20:14.137 Model_Service_2] [PAPER-KV-V6] fetch Qwen/Qwen2.5-7B-Instruct -> None requests
[2026-08-22 11:20:14.138 Model_Service_5] [PAPER-KV-V6] fetch meta-llama/Llama-3.2-3B -> None requests
[2026-08-22 11:20:14.142 Model_Service_0] [PAPER-KV-V6] fetch Qwen/Qwen2.5-1.5B-Instruct -> None requests
[2026-08-22 11:20:14.148 Model_Service_2] [PAPER-KV-V6] fetch Qwen/Qwen2.5-7B-Instruct -> None requests
[2026-08-22 11:20:14.148 Model_Service_5] [PAPER-KV-V6] fetch meta-llama/Llama-3.2-3B -> None requests
[2026-08-22 11:20:14.152 Model_Service_0] [PAPER-KV-V6] fetch Qwen/Qwen2.5-1.5B-Instruct -> None requests
[2026-08-22 11:20:14.158 Model_Service_2] [PAPER-KV-V6] fetch Qwen/Qwen2.5-7B-Instruct -> None requests
[2026-08-22 11:20:14.159 Model_Service_5] [PAPER-KV-V6] fetch meta-llama/Llama-3.2-3B -> None requests
[2026-08-22 11:20:14.162 Model_Service_0] [PAPER-KV-V6] fetch Qwen/Qwen2.5-1.5B-Instruct -> None requests
[2026-08-22 11:20:14.169 Model_Service_2] [PAPER-KV-V6] fetch Qwen/Qwen2.5-7B-Instruct -> None requests
[2026-08-22 11:20:14.170 Model_Service_5] [PAPER-KV-V6] fetch meta-llama/Llama-3.2-3B -> None requests
[2026-08-22 11:20:14.173 Model_Service_0] [PAPER-KV-V6] fetch Qwen/Qwen2.5-1.5B-Instruct -> None requests
[2026-08-22 11:20:14.180 Model_Service_2] [PAPER-KV-V6] fetch Qwen/Qwen2.5-7B-Instruct -> None requests
[2026-08-22 11:20:14.180 Model_Service_5] [PAPER-KV-V6] fetch meta-llama/Llama-3.2-3B -> None requests
[2026-08-22 11:20:14.183 Model_Service_0] [PAPER-KV-V6] fetch Qwen/Qwen2.5-1.5B-Instruct -> None requests
[2026-08-22 11:20:14.190 Model_Service_2] [PAPER-KV-V6] fetch Qwen/Qwen2.5-7B-Instruct -> None requests
[2026-08-22 11:20:14.191 Model_Service_5] [PAPER-KV-V6] fetch meta-llama/Llama-3.2-3B -> None requests
[2026-08-22 11:20:14.193 Model_Service_0] [PAPER-KV-V6] fetch Qwen/Qwen2.5-1.5B-Instruct -> None requests
[2026-08-22 11:20:14.201 Model_Service_2] [PAPER-KV-V6] fetch Qwen/Qwen2.5-7B-Instruct -> None requests
[2026-08-22 11:20:14.201 Model_Service_5] [PAPER-KV-V6] fetch meta-llama/Llama-3.2-3B -> None requests
[2026-08-22 11:20:14.203 Model_Service_0] [PAPER-KV-V6] fetch Qwen/Qwen2.5-1.5B-Instruct -> None requests
[2026-08-22 11:20:14.212 Model_Service_2] [PAPER-KV-V6] fetch Qwen/Qwen2.5-7B-Instruct -> None requests
[2026-08-22 11:20:14.212 Model_Service_5] [PAPER-KV-V6] fetch meta-llama/Llama-3.2-3B -> None requests
[2026-08-22 11:20:14.214 Model_Service_0] [PAPER-KV-V6] fetch Qwen/Qwen2.5-1.5B-Instruct -> None requests
[2026-08-22 11:20:14.222 Model_Service_2] [PAPER-KV-V6] fetch Qwen/Qwen2.5-7B-Instruct -> None requests
[2026-08-22 11:20:14.223 Model_Service_5] [PAPER-KV-V6] fetch meta-llama/Llama-3.2-3B -> None requests
[2026-08-22 11:20:14.224 Model_Service_0] [PAPER-KV-V6] fetch Qwen/Qwen2.5-1.5B-Instruct -> None requests
[2026-08-22 11:20:14.233 Model_Service_2] [PAPER-KV-V6] fetch Qwen/Qwen2.5-7B-Instruct -> None requests
[2026-08-22 11:20:14.233 Model_Service_5] [PAPER-KV-V6] fetch meta-llama/Llama-3.2-3B -> None requests
[2026-08-22 11:20:14.235 Model_Service_0] [PAPER-KV-V6] fetch Qwen/Qwen2.5-1.5B-Instruct -> None requests
[2026-08-22 11:20:14.244 Model_Service_2] [PAPER-KV-V6] fetch Qwen/Qwen2.5-7B-Instruct -> None requests
[2026-08-22 11:20:14.244 Model_Service_5] [PAPER-KV-V6] fetch meta-llama/Llama-3.2-3B -> None requests
[2026-08-22 11:20:14.245 Model_Service_0] [PAPER-KV-V6] fetch Qwen/Qwen2.5-1.5B-Instruct -> None requests
[2026-08-22 11:20:14.254 Model_Service_2] [PAPER-KV-V6] fetch Qwen/Qwen2.5-7B-Instruct -> None requests
[2026-08-22 11:20:14.254 Model_Service_5] [PAPER-KV-V6] fetch meta-llama/Llama-3.2-3B -> None requests
[2026-08-22 11:20:14.255 Model_Service_0] [PAPER-KV-V6] fetch Qwen/Qwen2.5-1.5B-Instruct -> None requests
[2026-08-22 11:20:14.265 Model_Service_2] [PAPER-KV-V6] fetch Qwen/Qwen2.5-7B-Instruct -> None requests
[2026-08-22 11:20:14.265 Model_Service_5] [PAPER-KV-V6] fetch meta-llama/Llama-3.2-3B -> None requests
[2026-08-22 11:20:14.265 Model_Service_0] [PAPER-KV-V6] fetch Qwen/Qwen2.5-1.5B-Instruct -> None requests
[2026-08-22 11:20:14.276 Model_Service_0] [PAPER-KV-V6] fetch Qwen/Qwen2.5-1.5B-Instruct -> None requests
[2026-08-22 11:20:14.276 Model_Service_2] [PAPER-KV-V6] fetch Qwen/Qwen2.5-7B-Instruct -> None requests
[2026-08-22 11:20:14.276 Model_Service_5] [PAPER-KV-V6] fetch meta-llama/Llama-3.2-3B -> None requests
[2026-08-22 11:20:14.286 Model_Service_0] [PAPER-KV-V6] fetch Qwen/Qwen2.5-1.5B-Instruct -> None requests
[2026-08-22 11:20:14.287 Model_Service_2] [PAPER-KV-V6] fetch Qwen/Qwen2.5-7B-Instruct -> None requests
[2026-08-22 11:20:14.287 Model_Service_5] [PAPER-KV-V6] fetch meta-llama/Llama-3.2-3B -> None requests
[2026-08-22 11:20:14.296 Model_Service_0] [PAPER-KV-V6] fetch Qwen/Qwen2.5-1.5B-Instruct -> None requests
[2026-08-22 11:20:14.297 Model_Service_2] [PAPER-KV-V6] fetch Qwen/Qwen2.5-7B-Instruct -> None requests
[2026-08-22 11:20:14.298 Model_Service_5] [PAPER-KV-V6] fetch meta-llama/Llama-3.2-3B -> None requests
[2026-08-22 11:20:14.306 Model_Service_0] [PAPER-KV-V6] fetch Qwen/Qwen2.5-1.5B-Instruct -> None requests
[2026-08-22 11:20:14.308 Model_Service_2] [PAPER-KV-V6] fetch Qwen/Qwen2.5-7B-Instruct -> None requests
[2026-08-22 11:20:14.309 Model_Service_5] [PAPER-KV-V6] fetch meta-llama/Llama-3.2-3B -> None requests
[2026-08-22 11:20:14.317 Model_Service_0] [PAPER-KV-V6] fetch Qwen/Qwen2.5-1.5B-Instruct -> None requests
[2026-08-22 11:20:14.319 Model_Service_2] [PAPER-KV-V6] fetch Qwen/Qwen2.5-7B-Instruct -> None requests
[2026-08-22 11:20:14.319 Model_Service_5] [PAPER-KV-V6] fetch meta-llama/Llama-3.2-3B -> None requests
[2026-08-22 11:20:14.327 Model_Service_0] [PAPER-KV-V6] fetch Qwen/Qwen2.5-1.5B-Instruct -> None requests
[2026-08-22 11:20:14.329 Model_Service_2] [PAPER-KV-V6] fetch Qwen/Qwen2.5-7B-Instruct -> None requests
[2026-08-22 11:20:14.330 Model_Service_5] [PAPER-KV-V6] fetch meta-llama/Llama-3.2-3B -> None requests
[2026-08-22 11:20:14.337 Model_Service_0] [PAPER-KV-V6] fetch Qwen/Qwen2.5-1.5B-Instruct -> None requests
[2026-08-22 11:20:14.340 Model_Service_2] [PAPER-KV-V6] fetch Qwen/Qwen2.5-7B-Instruct -> None requests
[2026-08-22 11:20:14.341 Model_Service_5] [PAPER-KV-V6] fetch meta-llama/Llama-3.2-3B -> None requests
[2026-08-22 11:20:14.347 Model_Service_0] [PAPER-KV-V6] fetch Qwen/Qwen2.5-1.5B-Instruct -> None requests
[2026-08-22 11:20:14.351 Model_Service_2] [PAPER-KV-V6] fetch Qwen/Qwen2.5-7B-Instruct -> None requests
[2026-08-22 11:20:14.352 Model_Service_5] [PAPER-KV-V6] fetch meta-llama/Llama-3.2-3B -> None requests
[2026-08-22 11:20:14.358 Model_Service_0] [PAPER-KV-V6] fetch Qwen/Qwen2.5-1.5B-Instruct -> None requests
[2026-08-22 11:20:14.361 Model_Service_2] [PAPER-KV-V6] fetch Qwen/Qwen2.5-7B-Instruct -> None requests
[2026-08-22 11:20:14.362 Model_Service_5] [PAPER-KV-V6] fetch meta-llama/Llama-3.2-3B -> None requests
[2026-08-22 11:20:14.368 Model_Service_0] [PAPER-KV-V6] fetch Qwen/Qwen2.5-1.5B-Instruct -> None requests
[2026-08-22 11:20:14.372 Model_Service_2] [PAPER-KV-V6] fetch Qwen/Qwen2.5-7B-Instruct -> None requests
[2026-08-22 11:20:14.373 Model_Service_5] [PAPER-KV-V6] fetch meta-llama/Llama-3.2-3B -> None requests
[2026-08-22 11:20:14.378 Model_Service_0] [PAPER-KV-V6] fetch Qwen/Qwen2.5-1.5B-Instruct -> None requests
[2026-08-22 11:20:14.382 Model_Service_2] [PAPER-KV-V6] fetch Qwen/Qwen2.5-7B-Instruct -> None requests
[2026-08-22 11:20:14.384 Model_Service_5] [PAPER-KV-V6] fetch meta-llama/Llama-3.2-3B -> None requests
[2026-08-22 11:20:14.389 Model_Service_0] [PAPER-KV-V6] fetch Qwen/Qwen2.5-1.5B-Instruct -> None requests
[2026-08-22 11:20:14.393 Model_Service_2] [PAPER-KV-V6] fetch Qwen/Qwen2.5-7B-Instruct -> None requests
[2026-08-22 11:20:14.394 Model_Service_5] [PAPER-KV-V6] fetch meta-llama/Llama-3.2-3B -> None requests
[2026-08-22 11:20:14.399 Model_Service_0] [PAPER-KV-V6] fetch Qwen/Qwen2.5-1.5B-Instruct -> None requests
[2026-08-22 11:20:14.404 Model_Service_2] [PAPER-KV-V6] fetch Qwen/Qwen2.5-7B-Instruct -> None requests
[2026-08-22 11:20:14.404 Model_Service_5] [PAPER-KV-V6] fetch meta-llama/Llama-3.2-3B -> None requests
[2026-08-22 11:20:14.410 Model_Service_0] [PAPER-KV-V6] fetch Qwen/Qwen2.5-1.5B-Instruct -> None requests
[2026-08-22 11:20:14.414 Model_Service_2] [PAPER-KV-V6] fetch Qwen/Qwen2.5-7B-Instruct -> None requests
[2026-08-22 11:20:14.415 Model_Service_5] [PAPER-KV-V6] fetch meta-llama/Llama-3.2-3B -> None requests
[2026-08-22 11:20:14.420 Model_Service_0] [PAPER-KV-V6] fetch Qwen/Qwen2.5-1.5B-Instruct -> None requests
[2026-08-22 11:20:14.425 Model_Service_2] [PAPER-KV-V6] fetch Qwen/Qwen2.5-7B-Instruct -> None requests
[2026-08-22 11:20:14.426 Model_Service_5] [PAPER-KV-V6] fetch meta-llama/Llama-3.2-3B -> None requests
[2026-08-22 11:20:14.430 Model_Service_0] [PAPER-KV-V6] fetch Qwen/Qwen2.5-1.5B-Instruct -> None requests
[2026-08-22 11:20:14.435 Model_Service_2] [PAPER-KV-V6] fetch Qwen/Qwen2.5-7B-Instruct -> None requests
[2026-08-22 11:20:14.436 Model_Service_5] [PAPER-KV-V6] fetch meta-llama/Llama-3.2-3B -> None requests
[2026-08-22 11:20:14.441 Model_Service_0] [PAPER-KV-V6] fetch Qwen/Qwen2.5-1.5B-Instruct -> None requests
[2026-08-22 11:20:14.446 Model_Service_2] [PAPER-KV-V6] fetch Qwen/Qwen2.5-7B-Instruct -> None requests
[2026-08-22 11:20:14.447 Model_Service_5] [PAPER-KV-V6] fetch meta-llama/Llama-3.2-3B -> None requests
[2026-08-22 11:20:14.451 Model_Service_0] [PAPER-KV-V6] fetch Qwen/Qwen2.5-1.5B-Instruct -> None requests
[2026-08-22 11:20:14.457 Model_Service_2] [PAPER-KV-V6] fetch Qwen/Qwen2.5-7B-Instruct -> None requests
[2026-08-22 11:20:14.457 Model_Service_5] [PAPER-KV-V6] fetch meta-llama/Llama-3.2-3B -> None requests
[2026-08-22 11:20:14.462 Model_Service_0] [PAPER-KV-V6] fetch Qwen/Qwen2.5-1.5B-Instruct -> None requests
[2026-08-22 11:20:14.468 Model_Service_2] [PAPER-KV-V6] fetch Qwen/Qwen2.5-7B-Instruct -> None requests
[2026-08-22 11:20:14.468 Model_Service_5] [PAPER-KV-V6] fetch meta-llama/Llama-3.2-3B -> None requests
[2026-08-22 11:20:14.472 Model_Service_0] [PAPER-KV-V6] fetch Qwen/Qwen2.5-1.5B-Instruct -> None requests
[2026-08-22 11:20:14.479 Model_Service_2] [PAPER-KV-V6] fetch Qwen/Qwen2.5-7B-Instruct -> None requests
[2026-08-22 11:20:14.479 Model_Service_5] [PAPER-KV-V6] fetch meta-llama/Llama-3.2-3B -> None requests
[2026-08-22 11:20:14.483 Model_Service_0] [PAPER-KV-V6] fetch Qwen/Qwen2.5-1.5B-Instruct -> None requests
[2026-08-22 11:20:14.490 Model_Service_2] [PAPER-KV-V6] fetch Qwen/Qwen2.5-7B-Instruct -> None requests
[2026-08-22 11:20:14.490 Model_Service_5] [PAPER-KV-V6] fetch meta-llama/Llama-3.2-3B -> None requests
[2026-08-22 11:20:14.493 Model_Service_0] [PAPER-KV-V6] fetch Qwen/Qwen2.5-1.5B-Instruct -> None requests
[2026-08-22 11:20:14.500 Model_Service_2] [PAPER-KV-V6] fetch Qwen/Qwen2.5-7B-Instruct -> None requests
[2026-08-22 11:20:14.500 Model_Service_5] [PAPER-KV-V6] fetch meta-llama/Llama-3.2-3B -> None requests
[2026-08-22 11:20:14.504 Model_Service_0] [PAPER-KV-V6] fetch Qwen/Qwen2.5-1.5B-Instruct -> None requests
[2026-08-22 11:20:14.511 Model_Service_2] [PAPER-KV-V6] fetch Qwen/Qwen2.5-7B-Instruct -> None requests
[2026-08-22 11:20:14.511 Model_Service_5] [PAPER-KV-V6] fetch meta-llama/Llama-3.2-3B -> None requests
[2026-08-22 11:20:14.514 Model_Service_0] [PAPER-KV-V6] fetch Qwen/Qwen2.5-1.5B-Instruct -> None requests
[2026-08-22 11:20:14.521 Model_Service_2] [PAPER-KV-V6] fetch Qwen/Qwen2.5-7B-Instruct -> None requests
[2026-08-22 11:20:14.521 Model_Service_5] [PAPER-KV-V6] fetch meta-llama/Llama-3.2-3B -> None requests
[2026-08-22 11:20:14.524 Model_Service_0] [PAPER-KV-V6] fetch Qwen/Qwen2.5-1.5B-Instruct -> None requests
[2026-08-22 11:20:14.532 Model_Service_5] [PAPER-KV-V6] fetch meta-llama/Llama-3.2-3B -> None requests
[2026-08-22 11:20:14.532 Model_Service_2] [PAPER-KV-V6] fetch Qwen/Qwen2.5-7B-Instruct -> None requests
[2026-08-22 11:20:14.535 Model_Service_0] [PAPER-KV-V6] fetch Qwen/Qwen2.5-1.5B-Instruct -> None requests
[2026-08-22 11:20:14.543 Model_Service_5] [PAPER-KV-V6] fetch meta-llama/Llama-3.2-3B -> None requests
[2026-08-22 11:20:14.543 Model_Service_2] [PAPER-KV-V6] fetch Qwen/Qwen2.5-7B-Instruct -> None requests
[2026-08-22 11:20:14.545 Model_Service_0] [PAPER-KV-V6] fetch Qwen/Qwen2.5-1.5B-Instruct -> None requests
[2026-08-22 11:20:14.554 Model_Service_5] [PAPER-KV-V6] fetch meta-llama/Llama-3.2-3B -> None requests
[2026-08-22 11:20:14.554 Model_Service_2] [PAPER-KV-V6] fetch Qwen/Qwen2.5-7B-Instruct -> None requests
[2026-08-22 11:20:14.555 Model_Service_0] [PAPER-KV-V6] fetch Qwen/Qwen2.5-1.5B-Instruct -> None requests
[2026-08-22 11:20:14.564 Model_Service_5] [PAPER-KV-V6] fetch meta-llama/Llama-3.2-3B -> None requests
[2026-08-22 11:20:14.565 Model_Service_2] [PAPER-KV-V6] fetch Qwen/Qwen2.5-7B-Instruct -> None requests
[2026-08-22 11:20:14.566 Model_Service_0] [PAPER-KV-V6] fetch Qwen/Qwen2.5-1.5B-Instruct -> None requests
[2026-08-22 11:20:14.575 Model_Service_5] [PAPER-KV-V6] fetch meta-llama/Llama-3.2-3B -> None requests
[2026-08-22 11:20:14.575 Model_Service_2] [PAPER-KV-V6] fetch Qwen/Qwen2.5-7B-Instruct -> None requests
[2026-08-22 11:20:14.576 Model_Service_0] [PAPER-KV-V6] fetch Qwen/Qwen2.5-1.5B-Instruct -> None requests
[2026-08-22 11:20:14.586 Model_Service_5] [PAPER-KV-V6] fetch meta-llama/Llama-3.2-3B -> None requests
[2026-08-22 11:20:14.586 Model_Service_0] [PAPER-KV-V6] fetch Qwen/Qwen2.5-1.5B-Instruct -> None requests
[2026-08-22 11:20:14.586 Model_Service_2] [PAPER-KV-V6] fetch Qwen/Qwen2.5-7B-Instruct -> None requests
[2026-08-22 11:20:14.596 Model_Service_0] [PAPER-KV-V6] fetch Qwen/Qwen2.5-1.5B-Instruct -> None requests
[2026-08-22 11:20:14.596 Model_Service_5] [PAPER-KV-V6] fetch meta-llama/Llama-3.2-3B -> None requests
[2026-08-22 11:20:14.597 Model_Service_2] [PAPER-KV-V6] fetch Qwen/Qwen2.5-7B-Instruct -> None requests
[2026-08-22 11:20:14.607 Model_Service_0] [PAPER-KV-V6] fetch Qwen/Qwen2.5-1.5B-Instruct -> None requests
[2026-08-22 11:20:14.607 Model_Service_5] [PAPER-KV-V6] fetch meta-llama/Llama-3.2-3B -> None requests
[2026-08-22 11:20:14.608 Model_Service_2] [PAPER-KV-V6] fetch Qwen/Qwen2.5-7B-Instruct -> None requests
[2026-08-22 11:20:14.617 Model_Service_0] [PAPER-KV-V6] fetch Qwen/Qwen2.5-1.5B-Instruct -> None requests
[2026-08-22 11:20:14.618 Model_Service_5] [PAPER-KV-V6] fetch meta-llama/Llama-3.2-3B -> None requests
[2026-08-22 11:20:14.619 Model_Service_2] [PAPER-KV-V6] fetch Qwen/Qwen2.5-7B-Instruct -> None requests
[2026-08-22 11:20:14.627 Model_Service_0] [PAPER-KV-V6] fetch Qwen/Qwen2.5-1.5B-Instruct -> None requests
[2026-08-22 11:20:14.629 Model_Service_5] [PAPER-KV-V6] fetch meta-llama/Llama-3.2-3B -> None requests
[2026-08-22 11:20:14.629 Model_Service_2] [PAPER-KV-V6] fetch Qwen/Qwen2.5-7B-Instruct -> None requests
[2026-08-22 11:20:14.637 Model_Service_0] [PAPER-KV-V6] fetch Qwen/Qwen2.5-1.5B-Instruct -> None requests
[2026-08-22 11:20:14.639 Model_Service_5] [PAPER-KV-V6] fetch meta-llama/Llama-3.2-3B -> None requests
[2026-08-22 11:20:14.640 Model_Service_2] [PAPER-KV-V6] fetch Qwen/Qwen2.5-7B-Instruct -> None requests
[2026-08-22 11:20:14.648 Model_Service_0] [PAPER-KV-V6] fetch Qwen/Qwen2.5-1.5B-Instruct -> None requests
[2026-08-22 11:20:14.650 Model_Service_5] [PAPER-KV-V6] fetch meta-llama/Llama-3.2-3B -> None requests
[2026-08-22 11:20:14.651 Model_Service_2] [PAPER-KV-V6] fetch Qwen/Qwen2.5-7B-Instruct -> None requests
[2026-08-22 11:20:14.658 Model_Service_0] [PAPER-KV-V6] fetch Qwen/Qwen2.5-1.5B-Instruct -> None requests
[2026-08-22 11:20:14.661 Model_Service_5] [PAPER-KV-V6] fetch meta-llama/Llama-3.2-3B -> None requests
[2026-08-22 11:20:14.661 Model_Service_2] [PAPER-KV-V6] fetch Qwen/Qwen2.5-7B-Instruct -> None requests
[2026-08-22 11:20:14.668 Model_Service_0] [PAPER-KV-V6] fetch Qwen/Qwen2.5-1.5B-Instruct -> None requests
[2026-08-22 11:20:14.671 Model_Service_5] [PAPER-KV-V6] fetch meta-llama/Llama-3.2-3B -> None requests
[2026-08-22 11:20:14.672 Model_Service_2] [PAPER-KV-V6] fetch Qwen/Qwen2.5-7B-Instruct -> None requests
[2026-08-22 11:20:14.679 Model_Service_0] [PAPER-KV-V6] fetch Qwen/Qwen2.5-1.5B-Instruct -> None requests
[2026-08-22 11:20:14.682 Model_Service_5] [PAPER-KV-V6] fetch meta-llama/Llama-3.2-3B -> None requests
[2026-08-22 11:20:14.683 Model_Service_2] [PAPER-KV-V6] fetch Qwen/Qwen2.5-7B-Instruct -> None requests
[2026-08-22 11:20:14.689 Model_Service_0] [PAPER-KV-V6] fetch Qwen/Qwen2.5-1.5B-Instruct -> None requests
[2026-08-22 11:20:14.693 Model_Service_5] [PAPER-KV-V6] fetch meta-llama/Llama-3.2-3B -> None requests
[2026-08-22 11:20:14.693 Model_Service_2] [PAPER-KV-V6] fetch Qwen/Qwen2.5-7B-Instruct -> None requests
[2026-08-22 11:20:14.699 Model_Service_0] [PAPER-KV-V6] fetch Qwen/Qwen2.5-1.5B-Instruct -> None requests
[2026-08-22 11:20:14.703 Model_Service_5] [PAPER-KV-V6] fetch meta-llama/Llama-3.2-3B -> None requests
[2026-08-22 11:20:14.704 Model_Service_2] [PAPER-KV-V6] fetch Qwen/Qwen2.5-7B-Instruct -> None requests
[2026-08-22 11:20:14.709 Model_Service_0] [PAPER-KV-V6] fetch Qwen/Qwen2.5-1.5B-Instruct -> None requests
[2026-08-22 11:20:14.714 Model_Service_5] [PAPER-KV-V6] fetch meta-llama/Llama-3.2-3B -> None requests
[2026-08-22 11:20:14.715 Model_Service_2] [PAPER-KV-V6] fetch Qwen/Qwen2.5-7B-Instruct -> None requests
[2026-08-22 11:20:14.720 Model_Service_0] [PAPER-KV-V6] fetch Qwen/Qwen2.5-1.5B-Instruct -> None requests
[2026-08-22 11:20:14.725 Model_Service_5] [PAPER-KV-V6] fetch meta-llama/Llama-3.2-3B -> None requests
[2026-08-22 11:20:14.725 Model_Service_2] [PAPER-KV-V6] fetch Qwen/Qwen2.5-7B-Instruct -> None requests
[2026-08-22 11:20:14.730 Model_Service_0] [PAPER-KV-V6] fetch Qwen/Qwen2.5-1.5B-Instruct -> None requests
[2026-08-22 11:20:14.736 Model_Service_5] [PAPER-KV-V6] fetch meta-llama/Llama-3.2-3B -> None requests
[2026-08-22 11:20:14.736 Model_Service_2] [PAPER-KV-V6] fetch Qwen/Qwen2.5-7B-Instruct -> None requests
[2026-08-22 11:20:14.740 Model_Service_0] [PAPER-KV-V6] fetch Qwen/Qwen2.5-1.5B-Instruct -> None requests
[2026-08-22 11:20:14.747 Model_Service_2] [PAPER-KV-V6] fetch Qwen/Qwen2.5-7B-Instruct -> None requests
[2026-08-22 11:20:14.747 Model_Service_5] [PAPER-KV-V6] fetch meta-llama/Llama-3.2-3B -> None requests
[2026-08-22 11:20:14.751 Model_Service_0] [PAPER-KV-V6] fetch Qwen/Qwen2.5-1.5B-Instruct -> None requests
[2026-08-22 11:20:14.757 Model_Service_2] [PAPER-KV-V6] fetch Qwen/Qwen2.5-7B-Instruct -> None requests
[2026-08-22 11:20:14.758 Model_Service_5] [PAPER-KV-V6] fetch meta-llama/Llama-3.2-3B -> None requests
[2026-08-22 11:20:14.761 Model_Service_0] [PAPER-KV-V6] fetch Qwen/Qwen2.5-1.5B-Instruct -> None requests
[2026-08-22 11:20:14.768 Model_Service_2] [PAPER-KV-V6] fetch Qwen/Qwen2.5-7B-Instruct -> None requests
[2026-08-22 11:20:14.769 Model_Service_5] [PAPER-KV-V6] fetch meta-llama/Llama-3.2-3B -> None requests
[2026-08-22 11:20:14.771 Model_Service_0] [PAPER-KV-V6] fetch Qwen/Qwen2.5-1.5B-Instruct -> None requests
[2026-08-22 11:20:14.779 Model_Service_2] [PAPER-KV-V6] fetch Qwen/Qwen2.5-7B-Instruct -> None requests
[2026-08-22 11:20:14.779 Model_Service_5] [PAPER-KV-V6] fetch meta-llama/Llama-3.2-3B -> None requests
[2026-08-22 11:20:14.782 Model_Service_0] [PAPER-KV-V6] fetch Qwen/Qwen2.5-1.5B-Instruct -> None requests
[2026-08-22 11:20:14.789 Model_Service_2] [PAPER-KV-V6] fetch Qwen/Qwen2.5-7B-Instruct -> None requests
[2026-08-22 11:20:14.790 Model_Service_5] [PAPER-KV-V6] fetch meta-llama/Llama-3.2-3B -> None requests
[2026-08-22 11:20:14.793 Model_Service_0] [PAPER-KV-V6] fetch Qwen/Qwen2.5-1.5B-Instruct -> None requests
[2026-08-22 11:20:14.801 Model_Service_2] [PAPER-KV-V6] fetch Qwen/Qwen2.5-7B-Instruct -> None requests
[2026-08-22 11:20:14.801 Model_Service_5] [PAPER-KV-V6] fetch meta-llama/Llama-3.2-3B -> None requests
[2026-08-22 11:20:14.803 Model_Service_0] [PAPER-KV-V6] fetch Qwen/Qwen2.5-1.5B-Instruct -> None requests
[2026-08-22 11:20:14.812 Model_Service_2] [PAPER-KV-V6] fetch Qwen/Qwen2.5-7B-Instruct -> None requests
[2026-08-22 11:20:14.812 Model_Service_5] [PAPER-KV-V6] fetch meta-llama/Llama-3.2-3B -> None requests
[2026-08-22 11:20:14.813 Model_Service_0] [PAPER-KV-V6] fetch Qwen/Qwen2.5-1.5B-Instruct -> None requests
[2026-08-22 11:20:14.822 Model_Service_2] [PAPER-KV-V6] fetch Qwen/Qwen2.5-7B-Instruct -> None requests
[2026-08-22 11:20:14.823 Model_Service_5] [PAPER-KV-V6] fetch meta-llama/Llama-3.2-3B -> None requests
[2026-08-22 11:20:14.824 Model_Service_0] [PAPER-KV-V6] fetch Qwen/Qwen2.5-1.5B-Instruct -> None requests
[2026-08-22 11:20:14.833 Model_Service_2] [PAPER-KV-V6] fetch Qwen/Qwen2.5-7B-Instruct -> None requests
[2026-08-22 11:20:14.834 Model_Service_5] [PAPER-KV-V6] fetch meta-llama/Llama-3.2-3B -> None requests
[2026-08-22 11:20:14.834 Model_Service_0] [PAPER-KV-V6] fetch Qwen/Qwen2.5-1.5B-Instruct -> None requests
[2026-08-22 11:20:14.844 Model_Service_2] [PAPER-KV-V6] fetch Qwen/Qwen2.5-7B-Instruct -> None requests
[2026-08-22 11:20:14.844 Model_Service_5] [PAPER-KV-V6] fetch meta-llama/Llama-3.2-3B -> None requests
[2026-08-22 11:20:14.845 Model_Service_0] [PAPER-KV-V6] fetch Qwen/Qwen2.5-1.5B-Instruct -> None requests
[2026-08-22 11:20:14.855 Model_Service_2] [PAPER-KV-V6] fetch Qwen/Qwen2.5-7B-Instruct -> None requests
[2026-08-22 11:20:14.855 Model_Service_0] [PAPER-KV-V6] fetch Qwen/Qwen2.5-1.5B-Instruct -> None requests
[2026-08-22 11:20:14.855 Model_Service_5] [PAPER-KV-V6] fetch meta-llama/Llama-3.2-3B -> None requests
[2026-08-22 11:20:14.865 Model_Service_0] [PAPER-KV-V6] fetch Qwen/Qwen2.5-1.5B-Instruct -> None requests
[2026-08-22 11:20:14.866 Model_Service_2] [PAPER-KV-V6] fetch Qwen/Qwen2.5-7B-Instruct -> None requests
[2026-08-22 11:20:14.866 Model_Service_5] [PAPER-KV-V6] fetch meta-llama/Llama-3.2-3B -> None requests
[2026-08-22 11:20:14.875 Model_Service_0] [PAPER-KV-V6] fetch Qwen/Qwen2.5-1.5B-Instruct -> None requests
[2026-08-22 11:20:14.877 Model_Service_2] [PAPER-KV-V6] fetch Qwen/Qwen2.5-7B-Instruct -> None requests
[2026-08-22 11:20:14.877 Model_Service_5] [PAPER-KV-V6] fetch meta-llama/Llama-3.2-3B -> None requests
[2026-08-22 11:20:14.886 Model_Service_0] [PAPER-KV-V6] fetch Qwen/Qwen2.5-1.5B-Instruct -> None requests
[2026-08-22 11:20:14.887 Model_Service_2] [PAPER-KV-V6] fetch Qwen/Qwen2.5-7B-Instruct -> None requests
[2026-08-22 11:20:14.888 Model_Service_5] [PAPER-KV-V6] fetch meta-llama/Llama-3.2-3B -> None requests
[2026-08-22 11:20:14.896 Model_Service_0] [PAPER-KV-V6] fetch Qwen/Qwen2.5-1.5B-Instruct -> None requests
[2026-08-22 11:20:14.899 Model_Service_2] [PAPER-KV-V6] fetch Qwen/Qwen2.5-7B-Instruct -> None requests
[2026-08-22 11:20:14.899 Model_Service_5] [PAPER-KV-V6] fetch meta-llama/Llama-3.2-3B -> None requests
[2026-08-22 11:20:14.906 Model_Service_0] [PAPER-KV-V6] fetch Qwen/Qwen2.5-1.5B-Instruct -> None requests
[2026-08-22 11:20:14.910 Model_Service_2] [PAPER-KV-V6] fetch Qwen/Qwen2.5-7B-Instruct -> None requests
[2026-08-22 11:20:14.910 Model_Service_5] [PAPER-KV-V6] fetch meta-llama/Llama-3.2-3B -> None requests
[2026-08-22 11:20:14.917 Model_Service_0] [PAPER-KV-V6] fetch Qwen/Qwen2.5-1.5B-Instruct -> None requests
[2026-08-22 11:20:14.921 Model_Service_2] [PAPER-KV-V6] fetch Qwen/Qwen2.5-7B-Instruct -> None requests
[2026-08-22 11:20:14.921 Model_Service_5] [PAPER-KV-V6] fetch meta-llama/Llama-3.2-3B -> None requests
[2026-08-22 11:20:14.927 Model_Service_0] [PAPER-KV-V6] fetch Qwen/Qwen2.5-1.5B-Instruct -> None requests
[2026-08-22 11:20:14.932 Model_Service_2] [PAPER-KV-V6] fetch Qwen/Qwen2.5-7B-Instruct -> None requests
[2026-08-22 11:20:14.932 Model_Service_5] [PAPER-KV-V6] fetch meta-llama/Llama-3.2-3B -> None requests
[2026-08-22 11:20:14.937 Model_Service_0] [PAPER-KV-V6] fetch Qwen/Qwen2.5-1.5B-Instruct -> None requests
[2026-08-22 11:20:14.942 Model_Service_2] [PAPER-KV-V6] fetch Qwen/Qwen2.5-7B-Instruct -> None requests
[2026-08-22 11:20:14.942 Model_Service_5] [PAPER-KV-V6] fetch meta-llama/Llama-3.2-3B -> None requests
[2026-08-22 11:20:14.948 Model_Service_0] [PAPER-KV-V6] fetch Qwen/Qwen2.5-1.5B-Instruct -> None requests
[2026-08-22 11:20:14.953 Model_Service_2] [PAPER-KV-V6] fetch Qwen/Qwen2.5-7B-Instruct -> None requests
[2026-08-22 11:20:14.953 Model_Service_5] [PAPER-KV-V6] fetch meta-llama/Llama-3.2-3B -> None requests
[2026-08-22 11:20:14.958 Model_Service_0] [PAPER-KV-V6] fetch Qwen/Qwen2.5-1.5B-Instruct -> None requests
[2026-08-22 11:20:14.964 Model_Service_2] [PAPER-KV-V6] fetch Qwen/Qwen2.5-7B-Instruct -> None requests
[2026-08-22 11:20:14.964 Model_Service_5] [PAPER-KV-V6] fetch meta-llama/Llama-3.2-3B -> None requests
[2026-08-22 11:20:14.969 Model_Service_0] [PAPER-KV-V6] fetch Qwen/Qwen2.5-1.5B-Instruct -> None requests
[2026-08-22 11:20:14.975 Model_Service_2] [PAPER-KV-V6] fetch Qwen/Qwen2.5-7B-Instruct -> None requests
[2026-08-22 11:20:14.975 Model_Service_5] [PAPER-KV-V6] fetch meta-llama/Llama-3.2-3B -> None requests
[2026-08-22 11:20:14.979 Model_Service_0] [PAPER-KV-V6] fetch Qwen/Qwen2.5-1.5B-Instruct -> None requests
[2026-08-22 11:20:14.986 Model_Service_2] [PAPER-KV-V6] fetch Qwen/Qwen2.5-7B-Instruct -> None requests
[2026-08-22 11:20:14.986 Model_Service_5] [PAPER-KV-V6] fetch meta-llama/Llama-3.2-3B -> None requests
[2026-08-22 11:20:14.989 Model_Service_0] [PAPER-KV-V6] fetch Qwen/Qwen2.5-1.5B-Instruct -> None requests
[2026-08-22 11:20:14.997 Model_Service_2] [PAPER-KV-V6] fetch Qwen/Qwen2.5-7B-Instruct -> None requests
[2026-08-22 11:20:14.997 Model_Service_5] [PAPER-KV-V6] fetch meta-llama/Llama-3.2-3B -> None requests
[2026-08-22 11:20:15.000 Model_Service_0] [PAPER-KV-V6] fetch Qwen/Qwen2.5-1.5B-Instruct -> None requests
[2026-08-22 11:20:15.007 Model_Service_2] [PAPER-KV-V6] fetch Qwen/Qwen2.5-7B-Instruct -> None requests
[2026-08-22 11:20:15.008 Model_Service_5] [PAPER-KV-V6] fetch meta-llama/Llama-3.2-3B -> None requests
[2026-08-22 11:20:15.010 Model_Service_0] [PAPER-KV-V6] fetch Qwen/Qwen2.5-1.5B-Instruct -> None requests
[2026-08-22 11:20:15.018 Model_Service_2] [PAPER-KV-V6] fetch Qwen/Qwen2.5-7B-Instruct -> None requests
[2026-08-22 11:20:15.018 Model_Service_5] [PAPER-KV-V6] fetch meta-llama/Llama-3.2-3B -> None requests
[2026-08-22 11:20:15.020 Model_Service_0] [PAPER-KV-V6] fetch Qwen/Qwen2.5-1.5B-Instruct -> None requests
[2026-08-22 11:20:15.029 Model_Service_2] [PAPER-KV-V6] fetch Qwen/Qwen2.5-7B-Instruct -> None requests
[2026-08-22 11:20:15.029 Model_Service_5] [PAPER-KV-V6] fetch meta-llama/Llama-3.2-3B -> None requests
[2026-08-22 11:20:15.031 Model_Service_0] [PAPER-KV-V6] fetch Qwen/Qwen2.5-1.5B-Instruct -> None requests
[2026-08-22 11:20:15.039 Model_Service_2] [PAPER-KV-V6] fetch Qwen/Qwen2.5-7B-Instruct -> None requests
[2026-08-22 11:20:15.040 Model_Service_5] [PAPER-KV-V6] fetch meta-llama/Llama-3.2-3B -> None requests
[2026-08-22 11:20:15.041 Model_Service_0] [PAPER-KV-V6] fetch Qwen/Qwen2.5-1.5B-Instruct -> None requests
[2026-08-22 11:20:15.050 Model_Service_2] [PAPER-KV-V6] fetch Qwen/Qwen2.5-7B-Instruct -> None requests
[2026-08-22 11:20:15.050 Model_Service_5] [PAPER-KV-V6] fetch meta-llama/Llama-3.2-3B -> None requests
[2026-08-22 11:20:15.051 Model_Service_0] [PAPER-KV-V6] fetch Qwen/Qwen2.5-1.5B-Instruct -> None requests
[2026-08-22 11:20:15.061 Model_Service_2] [PAPER-KV-V6] fetch Qwen/Qwen2.5-7B-Instruct -> None requests
[2026-08-22 11:20:15.062 Model_Service_5] [PAPER-KV-V6] fetch meta-llama/Llama-3.2-3B -> None requests
[2026-08-22 11:20:15.062 Model_Service_0] [PAPER-KV-V6] fetch Qwen/Qwen2.5-1.5B-Instruct -> None requests
[2026-08-22 11:20:15.072 Model_Service_2] [PAPER-KV-V6] fetch Qwen/Qwen2.5-7B-Instruct -> None requests
[2026-08-22 11:20:15.072 Model_Service_5] [PAPER-KV-V6] fetch meta-llama/Llama-3.2-3B -> None requests
[2026-08-22 11:20:15.073 Model_Service_0] [PAPER-KV-V6] fetch Qwen/Qwen2.5-1.5B-Instruct -> None requests
[2026-08-22 11:20:15.083 Model_Service_2] [PAPER-KV-V6] fetch Qwen/Qwen2.5-7B-Instruct -> None requests
[2026-08-22 11:20:15.083 Model_Service_0] [PAPER-KV-V6] fetch Qwen/Qwen2.5-1.5B-Instruct -> None requests
[2026-08-22 11:20:15.083 Model_Service_5] [PAPER-KV-V6] fetch meta-llama/Llama-3.2-3B -> None requests
[2026-08-22 11:20:15.093 Model_Service_0] [PAPER-KV-V6] fetch Qwen/Qwen2.5-1.5B-Instruct -> None requests
[2026-08-22 11:20:15.093 Model_Service_2] [PAPER-KV-V6] fetch Qwen/Qwen2.5-7B-Instruct -> None requests
[2026-08-22 11:20:15.094 Model_Service_5] [PAPER-KV-V6] fetch meta-llama/Llama-3.2-3B -> None requests
[2026-08-22 11:20:15.103 Model_Service_0] [PAPER-KV-V6] fetch Qwen/Qwen2.5-1.5B-Instruct -> None requests
[2026-08-22 11:20:15.104 Model_Service_2] [PAPER-KV-V6] fetch Qwen/Qwen2.5-7B-Instruct -> None requests
[2026-08-22 11:20:15.104 Model_Service_5] [PAPER-KV-V6] fetch meta-llama/Llama-3.2-3B -> None requests
[2026-08-22 11:20:15.114 Model_Service_0] [PAPER-KV-V6] fetch Qwen/Qwen2.5-1.5B-Instruct -> None requests
[2026-08-22 11:20:15.115 Model_Service_2] [PAPER-KV-V6] fetch Qwen/Qwen2.5-7B-Instruct -> None requests
[2026-08-22 11:20:15.115 Model_Service_5] [PAPER-KV-V6] fetch meta-llama/Llama-3.2-3B -> None requests
[2026-08-22 11:20:15.124 Model_Service_0] [PAPER-KV-V6] fetch Qwen/Qwen2.5-1.5B-Instruct -> None requests
[2026-08-22 11:20:15.125 Model_Service_2] [PAPER-KV-V6] fetch Qwen/Qwen2.5-7B-Instruct -> None requests
[2026-08-22 11:20:15.126 Model_Service_5] [PAPER-KV-V6] fetch meta-llama/Llama-3.2-3B -> None requests
[2026-08-22 11:20:15.134 Model_Service_0] [PAPER-KV-V6] fetch Qwen/Qwen2.5-1.5B-Instruct -> None requests
[2026-08-22 11:20:15.136 Model_Service_2] [PAPER-KV-V6] fetch Qwen/Qwen2.5-7B-Instruct -> None requests
[2026-08-22 11:20:15.136 Model_Service_5] [PAPER-KV-V6] fetch meta-llama/Llama-3.2-3B -> None requests
[2026-08-22 11:20:15.144 Model_Service_0] [PAPER-KV-V6] fetch Qwen/Qwen2.5-1.5B-Instruct -> None requests
[2026-08-22 11:20:15.147 Model_Service_2] [PAPER-KV-V6] fetch Qwen/Qwen2.5-7B-Instruct -> None requests
[2026-08-22 11:20:15.147 Model_Service_5] [PAPER-KV-V6] fetch meta-llama/Llama-3.2-3B -> None requests
[2026-08-22 11:20:15.155 Model_Service_0] [PAPER-KV-V6] fetch Qwen/Qwen2.5-1.5B-Instruct -> None requests
[2026-08-22 11:20:15.157 Model_Service_2] [PAPER-KV-V6] fetch Qwen/Qwen2.5-7B-Instruct -> None requests
[2026-08-22 11:20:15.158 Model_Service_5] [PAPER-KV-V6] fetch meta-llama/Llama-3.2-3B -> None requests
[2026-08-22 11:20:15.165 Model_Service_0] [PAPER-KV-V6] fetch Qwen/Qwen2.5-1.5B-Instruct -> None requests
[2026-08-22 11:20:15.167 Model_Service_2] [PAPER-KV-V6] fetch Qwen/Qwen2.5-7B-Instruct -> None requests
[2026-08-22 11:20:15.169 Model_Service_5] [PAPER-KV-V6] fetch meta-llama/Llama-3.2-3B -> None requests
[2026-08-22 11:20:15.175 Model_Service_0] [PAPER-KV-V6] fetch Qwen/Qwen2.5-1.5B-Instruct -> None requests
[2026-08-22 11:20:15.178 Model_Service_2] [PAPER-KV-V6] fetch Qwen/Qwen2.5-7B-Instruct -> None requests
[2026-08-22 11:20:15.180 Model_Service_5] [PAPER-KV-V6] fetch meta-llama/Llama-3.2-3B -> None requests
[2026-08-22 11:20:15.185 Model_Service_0] [PAPER-KV-V6] fetch Qwen/Qwen2.5-1.5B-Instruct -> None requests
[2026-08-22 11:20:15.189 Model_Service_2] [PAPER-KV-V6] fetch Qwen/Qwen2.5-7B-Instruct -> None requests
[2026-08-22 11:20:15.191 Model_Service_5] [PAPER-KV-V6] fetch meta-llama/Llama-3.2-3B -> None requests
[2026-08-22 11:20:15.196 Model_Service_0] [PAPER-KV-V6] fetch Qwen/Qwen2.5-1.5B-Instruct -> None requests
[2026-08-22 11:20:15.199 Model_Service_2] [PAPER-KV-V6] fetch Qwen/Qwen2.5-7B-Instruct -> None requests
[2026-08-22 11:20:15.201 Model_Service_5] [PAPER-KV-V6] fetch meta-llama/Llama-3.2-3B -> None requests
[2026-08-22 11:20:15.206 Model_Service_0] [PAPER-KV-V6] fetch Qwen/Qwen2.5-1.5B-Instruct -> None requests
[2026-08-22 11:20:15.210 Model_Service_2] [PAPER-KV-V6] fetch Qwen/Qwen2.5-7B-Instruct -> None requests
[2026-08-22 11:20:15.212 Model_Service_5] [PAPER-KV-V6] fetch meta-llama/Llama-3.2-3B -> None requests
[2026-08-22 11:20:15.216 Model_Service_0] [PAPER-KV-V6] fetch Qwen/Qwen2.5-1.5B-Instruct -> None requests
[2026-08-22 11:20:15.220 Model_Service_2] [PAPER-KV-V6] fetch Qwen/Qwen2.5-7B-Instruct -> None requests
[2026-08-22 11:20:15.223 Model_Service_5] [PAPER-KV-V6] fetch meta-llama/Llama-3.2-3B -> None requests
[2026-08-22 11:20:15.224 Model_Service_3] Model service 3 input queue is empty, waiting for next request
[2026-08-22 11:20:15.227 Model_Service_0] [PAPER-KV-V6] fetch Qwen/Qwen2.5-1.5B-Instruct -> None requests
[2026-08-22 11:20:15.231 Model_Service_2] [PAPER-KV-V6] fetch Qwen/Qwen2.5-7B-Instruct -> None requests
[2026-08-22 11:20:15.233 Model_Service_5] [PAPER-KV-V6] fetch meta-llama/Llama-3.2-3B -> None requests
[2026-08-22 11:20:15.237 Model_Service_0] [PAPER-KV-V6] fetch Qwen/Qwen2.5-1.5B-Instruct -> None requests
[2026-08-22 11:20:15.241 Model_Service_2] [PAPER-KV-V6] fetch Qwen/Qwen2.5-7B-Instruct -> None requests
[2026-08-22 11:20:15.244 Model_Service_5] [PAPER-KV-V6] fetch meta-llama/Llama-3.2-3B -> None requests
[2026-08-22 11:20:15.247 Model_Service_0] [PAPER-KV-V6] fetch Qwen/Qwen2.5-1.5B-Instruct -> None requests
[2026-08-22 11:20:15.252 Model_Service_2] [PAPER-KV-V6] fetch Qwen/Qwen2.5-7B-Instruct -> None requests
[2026-08-22 11:20:15.255 Model_Service_5] [PAPER-KV-V6] fetch meta-llama/Llama-3.2-3B -> None requests
[2026-08-22 11:20:15.257 Model_Service_0] [PAPER-KV-V6] fetch Qwen/Qwen2.5-1.5B-Instruct -> None requests
[2026-08-22 11:20:15.262 Model_Service_2] [PAPER-KV-V6] fetch Qwen/Qwen2.5-7B-Instruct -> None requests
[2026-08-22 11:20:15.266 Model_Service_5] [PAPER-KV-V6] fetch meta-llama/Llama-3.2-3B -> None requests
[2026-08-22 11:20:15.268 Model_Service_0] [PAPER-KV-V6] fetch Qwen/Qwen2.5-1.5B-Instruct -> None requests
[2026-08-22 11:20:15.273 Model_Service_2] [PAPER-KV-V6] fetch Qwen/Qwen2.5-7B-Instruct -> None requests
[2026-08-22 11:20:15.277 Model_Service_5] [PAPER-KV-V6] fetch meta-llama/Llama-3.2-3B -> None requests
[2026-08-22 11:20:15.278 Model_Service_0] [PAPER-KV-V6] fetch Qwen/Qwen2.5-1.5B-Instruct -> None requests
[2026-08-22 11:20:15.283 Model_Service_2] [PAPER-KV-V6] fetch Qwen/Qwen2.5-7B-Instruct -> None requests
[2026-08-22 11:20:15.287 Model_Service_5] [PAPER-KV-V6] fetch meta-llama/Llama-3.2-3B -> None requests
[2026-08-22 11:20:15.288 Model_Service_0] [PAPER-KV-V6] fetch Qwen/Qwen2.5-1.5B-Instruct -> None requests
[2026-08-22 11:20:15.294 Model_Service_2] [PAPER-KV-V6] fetch Qwen/Qwen2.5-7B-Instruct -> None requests
[2026-08-22 11:20:15.298 Model_Service_5] [PAPER-KV-V6] fetch meta-llama/Llama-3.2-3B -> None requests
[2026-08-22 11:20:15.299 Model_Service_0] [PAPER-KV-V6] fetch Qwen/Qwen2.5-1.5B-Instruct -> None requests
[2026-08-22 11:20:15.305 Model_Service_2] [PAPER-KV-V6] fetch Qwen/Qwen2.5-7B-Instruct -> None requests
[2026-08-22 11:20:15.309 Model_Service_5] [PAPER-KV-V6] fetch meta-llama/Llama-3.2-3B -> None requests
[2026-08-22 11:20:15.309 Model_Service_0] [PAPER-KV-V6] fetch Qwen/Qwen2.5-1.5B-Instruct -> None requests
[2026-08-22 11:20:15.316 Model_Service_2] [PAPER-KV-V6] fetch Qwen/Qwen2.5-7B-Instruct -> None requests
[2026-08-22 11:20:15.319 Model_Service_0] [PAPER-KV-V6] fetch Qwen/Qwen2.5-1.5B-Instruct -> None requests
[2026-08-22 11:20:15.319 Model_Service_5] [PAPER-KV-V6] fetch meta-llama/Llama-3.2-3B -> None requests
[2026-08-22 11:20:15.326 Model_Service_2] [PAPER-KV-V6] fetch Qwen/Qwen2.5-7B-Instruct -> None requests
[2026-08-22 11:20:15.329 Model_Service_0] [PAPER-KV-V6] fetch Qwen/Qwen2.5-1.5B-Instruct -> None requests
[2026-08-22 11:20:15.330 Model_Service_5] [PAPER-KV-V6] fetch meta-llama/Llama-3.2-3B -> None requests
[2026-08-22 11:20:15.337 Model_Service_2] [PAPER-KV-V6] fetch Qwen/Qwen2.5-7B-Instruct -> None requests
[2026-08-22 11:20:15.340 Model_Service_0] [PAPER-KV-V6] fetch Qwen/Qwen2.5-1.5B-Instruct -> None requests
[2026-08-22 11:20:15.341 Model_Service_5] [PAPER-KV-V6] fetch meta-llama/Llama-3.2-3B -> None requests
[2026-08-22 11:20:15.347 Model_Service_2] [PAPER-KV-V6] fetch Qwen/Qwen2.5-7B-Instruct -> None requests
[2026-08-22 11:20:15.350 Model_Service_0] [PAPER-KV-V6] fetch Qwen/Qwen2.5-1.5B-Instruct -> None requests
[2026-08-22 11:20:15.352 Model_Service_5] [PAPER-KV-V6] fetch meta-llama/Llama-3.2-3B -> None requests
[2026-08-22 11:20:15.358 Model_Service_2] [PAPER-KV-V6] fetch Qwen/Qwen2.5-7B-Instruct -> None requests
[2026-08-22 11:20:15.360 Model_Service_0] [PAPER-KV-V6] fetch Qwen/Qwen2.5-1.5B-Instruct -> None requests
[2026-08-22 11:20:15.363 Model_Service_5] [PAPER-KV-V6] fetch meta-llama/Llama-3.2-3B -> None requests
[2026-08-22 11:20:15.369 Model_Service_2] [PAPER-KV-V6] fetch Qwen/Qwen2.5-7B-Instruct -> None requests
[2026-08-22 11:20:15.371 Model_Service_0] [PAPER-KV-V6] fetch Qwen/Qwen2.5-1.5B-Instruct -> None requests
[2026-08-22 11:20:15.373 Model_Service_5] [PAPER-KV-V6] fetch meta-llama/Llama-3.2-3B -> None requests
[2026-08-22 11:20:15.379 Model_Service_2] [PAPER-KV-V6] fetch Qwen/Qwen2.5-7B-Instruct -> None requests
[2026-08-22 11:20:15.381 Model_Service_0] [PAPER-KV-V6] fetch Qwen/Qwen2.5-1.5B-Instruct -> None requests
[2026-08-22 11:20:15.384 Model_Service_5] [PAPER-KV-V6] fetch meta-llama/Llama-3.2-3B -> None requests
[2026-08-22 11:20:15.390 Model_Service_2] [PAPER-KV-V6] fetch Qwen/Qwen2.5-7B-Instruct -> None requests
[2026-08-22 11:20:15.391 Model_Service_0] [PAPER-KV-V6] fetch Qwen/Qwen2.5-1.5B-Instruct -> None requests
[2026-08-22 11:20:15.395 Model_Service_5] [PAPER-KV-V6] fetch meta-llama/Llama-3.2-3B -> None requests
[2026-08-22 11:20:15.401 Model_Service_2] [PAPER-KV-V6] fetch Qwen/Qwen2.5-7B-Instruct -> None requests
[2026-08-22 11:20:15.401 Model_Service_0] [PAPER-KV-V6] fetch Qwen/Qwen2.5-1.5B-Instruct -> None requests
[2026-08-22 11:20:15.406 Model_Service_5] [PAPER-KV-V6] fetch meta-llama/Llama-3.2-3B -> None requests
[2026-08-22 11:20:15.411 Model_Service_2] [PAPER-KV-V6] fetch Qwen/Qwen2.5-7B-Instruct -> None requests
[2026-08-22 11:20:15.412 Model_Service_0] [PAPER-KV-V6] fetch Qwen/Qwen2.5-1.5B-Instruct -> None requests
[2026-08-22 11:20:15.417 Model_Service_5] [PAPER-KV-V6] fetch meta-llama/Llama-3.2-3B -> None requests
[2026-08-22 11:20:15.422 Model_Service_0] [PAPER-KV-V6] fetch Qwen/Qwen2.5-1.5B-Instruct -> None requests
[2026-08-22 11:20:15.422 Model_Service_2] [PAPER-KV-V6] fetch Qwen/Qwen2.5-7B-Instruct -> None requests
[2026-08-22 11:20:15.427 Model_Service_5] [PAPER-KV-V6] fetch meta-llama/Llama-3.2-3B -> None requests
[2026-08-22 11:20:15.432 Model_Service_0] [PAPER-KV-V6] fetch Qwen/Qwen2.5-1.5B-Instruct -> None requests
[2026-08-22 11:20:15.433 Model_Service_2] [PAPER-KV-V6] fetch Qwen/Qwen2.5-7B-Instruct -> None requests
[2026-08-22 11:20:15.438 Model_Service_5] [PAPER-KV-V6] fetch meta-llama/Llama-3.2-3B -> None requests
[2026-08-22 11:20:15.443 Model_Service_0] [PAPER-KV-V6] fetch Qwen/Qwen2.5-1.5B-Instruct -> None requests
[2026-08-22 11:20:15.444 Model_Service_2] [PAPER-KV-V6] fetch Qwen/Qwen2.5-7B-Instruct -> None requests
[2026-08-22 11:20:15.449 Model_Service_5] [PAPER-KV-V6] fetch meta-llama/Llama-3.2-3B -> None requests
[2026-08-22 11:20:15.453 Model_Service_0] [PAPER-KV-V6] fetch Qwen/Qwen2.5-1.5B-Instruct -> None requests
[2026-08-22 11:20:15.454 Model_Service_2] [PAPER-KV-V6] fetch Qwen/Qwen2.5-7B-Instruct -> None requests
[2026-08-22 11:20:15.460 Model_Service_5] [PAPER-KV-V6] fetch meta-llama/Llama-3.2-3B -> None requests
[2026-08-22 11:20:15.463 Model_Service_0] [PAPER-KV-V6] fetch Qwen/Qwen2.5-1.5B-Instruct -> None requests
[2026-08-22 11:20:15.465 Model_Service_2] [PAPER-KV-V6] fetch Qwen/Qwen2.5-7B-Instruct -> None requests
[2026-08-22 11:20:15.470 Model_Service_5] [PAPER-KV-V6] fetch meta-llama/Llama-3.2-3B -> None requests
[2026-08-22 11:20:15.474 Model_Service_0] [PAPER-KV-V6] fetch Qwen/Qwen2.5-1.5B-Instruct -> None requests
[2026-08-22 11:20:15.475 Model_Service_2] [PAPER-KV-V6] fetch Qwen/Qwen2.5-7B-Instruct -> None requests
[2026-08-22 11:20:15.481 Model_Service_5] [PAPER-KV-V6] fetch meta-llama/Llama-3.2-3B -> None requests
[2026-08-22 11:20:15.484 Model_Service_0] [PAPER-KV-V6] fetch Qwen/Qwen2.5-1.5B-Instruct -> None requests
[2026-08-22 11:20:15.486 Model_Service_2] [PAPER-KV-V6] fetch Qwen/Qwen2.5-7B-Instruct -> None requests
[2026-08-22 11:20:15.492 Model_Service_5] [PAPER-KV-V6] fetch meta-llama/Llama-3.2-3B -> None requests
[2026-08-22 11:20:15.495 Model_Service_0] [PAPER-KV-V6] fetch Qwen/Qwen2.5-1.5B-Instruct -> None requests
[2026-08-22 11:20:15.497 Model_Service_2] [PAPER-KV-V6] fetch Qwen/Qwen2.5-7B-Instruct -> None requests
[2026-08-22 11:20:15.502 Model_Service_5] [PAPER-KV-V6] fetch meta-llama/Llama-3.2-3B -> None requests
[2026-08-22 11:20:15.505 Model_Service_0] [PAPER-KV-V6] fetch Qwen/Qwen2.5-1.5B-Instruct -> None requests
[2026-08-22 11:20:15.507 Model_Service_2] [PAPER-KV-V6] fetch Qwen/Qwen2.5-7B-Instruct -> None requests
[2026-08-22 11:20:15.514 Model_Service_5] [PAPER-KV-V6] fetch meta-llama/Llama-3.2-3B -> None requests
[2026-08-22 11:20:15.515 Model_Service_0] [PAPER-KV-V6] fetch Qwen/Qwen2.5-1.5B-Instruct -> None requests
[2026-08-22 11:20:15.518 Model_Service_2] [PAPER-KV-V6] fetch Qwen/Qwen2.5-7B-Instruct -> None requests
[2026-08-22 11:20:15.525 Model_Service_5] [PAPER-KV-V6] fetch meta-llama/Llama-3.2-3B -> None requests
[2026-08-22 11:20:15.526 Model_Service_0] [PAPER-KV-V6] fetch Qwen/Qwen2.5-1.5B-Instruct -> None requests
[2026-08-22 11:20:15.529 Model_Service_2] [PAPER-KV-V6] fetch Qwen/Qwen2.5-7B-Instruct -> None requests
[2026-08-22 11:20:15.536 Model_Service_5] [PAPER-KV-V6] fetch meta-llama/Llama-3.2-3B -> None requests
[2026-08-22 11:20:15.536 Model_Service_0] [PAPER-KV-V6] fetch Qwen/Qwen2.5-1.5B-Instruct -> None requests
[2026-08-22 11:20:15.539 Model_Service_2] [PAPER-KV-V6] fetch Qwen/Qwen2.5-7B-Instruct -> None requests
[2026-08-22 11:20:15.546 Model_Service_5] [PAPER-KV-V6] fetch meta-llama/Llama-3.2-3B -> None requests
[2026-08-22 11:20:15.547 Model_Service_0] [PAPER-KV-V6] fetch Qwen/Qwen2.5-1.5B-Instruct -> None requests
[2026-08-22 11:20:15.550 Model_Service_2] [PAPER-KV-V6] fetch Qwen/Qwen2.5-7B-Instruct -> None requests
[2026-08-22 11:20:15.557 Model_Service_0] [PAPER-KV-V6] fetch Qwen/Qwen2.5-1.5B-Instruct -> None requests
[2026-08-22 11:20:15.557 Model_Service_5] [PAPER-KV-V6] fetch meta-llama/Llama-3.2-3B -> None requests
[2026-08-22 11:20:15.561 Model_Service_2] [PAPER-KV-V6] fetch Qwen/Qwen2.5-7B-Instruct -> None requests
[2026-08-22 11:20:15.567 Model_Service_0] [PAPER-KV-V6] fetch Qwen/Qwen2.5-1.5B-Instruct -> None requests
[2026-08-22 11:20:15.568 Model_Service_5] [PAPER-KV-V6] fetch meta-llama/Llama-3.2-3B -> None requests
[2026-08-22 11:20:15.571 Model_Service_2] [PAPER-KV-V6] fetch Qwen/Qwen2.5-7B-Instruct -> None requests
[2026-08-22 11:20:15.578 Model_Service_0] [PAPER-KV-V6] fetch Qwen/Qwen2.5-1.5B-Instruct -> None requests
[2026-08-22 11:20:15.579 Model_Service_5] [PAPER-KV-V6] fetch meta-llama/Llama-3.2-3B -> None requests
[2026-08-22 11:20:15.582 Model_Service_2] [PAPER-KV-V6] fetch Qwen/Qwen2.5-7B-Instruct -> None requests
[2026-08-22 11:20:15.588 Model_Service_0] [PAPER-KV-V6] fetch Qwen/Qwen2.5-1.5B-Instruct -> None requests
[2026-08-22 11:20:15.589 Model_Service_5] [PAPER-KV-V6] fetch meta-llama/Llama-3.2-3B -> None requests
[2026-08-22 11:20:15.592 Model_Service_2] [PAPER-KV-V6] fetch Qwen/Qwen2.5-7B-Instruct -> None requests
[2026-08-22 11:20:15.598 Model_Service_0] [PAPER-KV-V6] fetch Qwen/Qwen2.5-1.5B-Instruct -> None requests
[2026-08-22 11:20:15.600 Model_Service_5] [PAPER-KV-V6] fetch meta-llama/Llama-3.2-3B -> None requests
[2026-08-22 11:20:15.603 Model_Service_2] [PAPER-KV-V6] fetch Qwen/Qwen2.5-7B-Instruct -> None requests
[2026-08-22 11:20:15.609 Model_Service_0] [PAPER-KV-V6] fetch Qwen/Qwen2.5-1.5B-Instruct -> None requests
[2026-08-22 11:20:15.611 Model_Service_5] [PAPER-KV-V6] fetch meta-llama/Llama-3.2-3B -> None requests
[2026-08-22 11:20:15.613 Model_Service_2] [PAPER-KV-V6] fetch Qwen/Qwen2.5-7B-Instruct -> None requests
[2026-08-22 11:20:15.619 Model_Service_0] [PAPER-KV-V6] fetch Qwen/Qwen2.5-1.5B-Instruct -> None requests
[2026-08-22 11:20:15.621 Model_Service_5] [PAPER-KV-V6] fetch meta-llama/Llama-3.2-3B -> None requests
[2026-08-22 11:20:15.624 Model_Service_2] [PAPER-KV-V6] fetch Qwen/Qwen2.5-7B-Instruct -> None requests
[2026-08-22 11:20:15.629 Model_Service_0] [PAPER-KV-V6] fetch Qwen/Qwen2.5-1.5B-Instruct -> None requests
[2026-08-22 11:20:15.632 Model_Service_5] [PAPER-KV-V6] fetch meta-llama/Llama-3.2-3B -> None requests
[2026-08-22 11:20:15.635 Model_Service_2] [PAPER-KV-V6] fetch Qwen/Qwen2.5-7B-Instruct -> None requests
[2026-08-22 11:20:15.639 Model_Service_0] [PAPER-KV-V6] fetch Qwen/Qwen2.5-1.5B-Instruct -> None requests
[2026-08-22 11:20:15.643 Model_Service_5] [PAPER-KV-V6] fetch meta-llama/Llama-3.2-3B -> None requests
[2026-08-22 11:20:15.645 Model_Service_2] [PAPER-KV-V6] fetch Qwen/Qwen2.5-7B-Instruct -> None requests
[2026-08-22 11:20:15.650 Model_Service_0] [PAPER-KV-V6] fetch Qwen/Qwen2.5-1.5B-Instruct -> None requests
[2026-08-22 11:20:15.653 Model_Service_5] [PAPER-KV-V6] fetch meta-llama/Llama-3.2-3B -> None requests
[2026-08-22 11:20:15.656 Model_Service_2] [PAPER-KV-V6] fetch Qwen/Qwen2.5-7B-Instruct -> None requests
[2026-08-22 11:20:15.660 Model_Service_0] [PAPER-KV-V6] fetch Qwen/Qwen2.5-1.5B-Instruct -> None requests
[2026-08-22 11:20:15.664 Model_Service_5] [PAPER-KV-V6] fetch meta-llama/Llama-3.2-3B -> None requests
[2026-08-22 11:20:15.667 Model_Service_2] [PAPER-KV-V6] fetch Qwen/Qwen2.5-7B-Instruct -> None requests
[2026-08-22 11:20:15.671 Model_Service_0] [PAPER-KV-V6] fetch Qwen/Qwen2.5-1.5B-Instruct -> None requests
[2026-08-22 11:20:15.675 Model_Service_5] [PAPER-KV-V6] fetch meta-llama/Llama-3.2-3B -> None requests
[2026-08-22 11:20:15.677 Model_Service_2] [PAPER-KV-V6] fetch Qwen/Qwen2.5-7B-Instruct -> None requests
[2026-08-22 11:20:15.681 Model_Service_0] [PAPER-KV-V6] fetch Qwen/Qwen2.5-1.5B-Instruct -> None requests
[2026-08-22 11:20:15.685 Model_Service_5] [PAPER-KV-V6] fetch meta-llama/Llama-3.2-3B -> None requests
[2026-08-22 11:20:15.688 Model_Service_2] [PAPER-KV-V6] fetch Qwen/Qwen2.5-7B-Instruct -> None requests
[2026-08-22 11:20:15.691 Model_Service_0] [PAPER-KV-V6] fetch Qwen/Qwen2.5-1.5B-Instruct -> None requests
[2026-08-22 11:20:15.696 Model_Service_5] [PAPER-KV-V6] fetch meta-llama/Llama-3.2-3B -> None requests
[2026-08-22 11:20:15.698 Model_Service_2] [PAPER-KV-V6] fetch Qwen/Qwen2.5-7B-Instruct -> None requests
[2026-08-22 11:20:15.702 Model_Service_0] [PAPER-KV-V6] fetch Qwen/Qwen2.5-1.5B-Instruct -> None requests
[2026-08-22 11:20:15.707 Model_Service_5] [PAPER-KV-V6] fetch meta-llama/Llama-3.2-3B -> None requests
[2026-08-22 11:20:15.709 Model_Service_2] [PAPER-KV-V6] fetch Qwen/Qwen2.5-7B-Instruct -> None requests
[2026-08-22 11:20:15.712 Model_Service_0] [PAPER-KV-V6] fetch Qwen/Qwen2.5-1.5B-Instruct -> None requests
[2026-08-22 11:20:15.718 Model_Service_5] [PAPER-KV-V6] fetch meta-llama/Llama-3.2-3B -> None requests
[2026-08-22 11:20:15.720 Model_Service_2] [PAPER-KV-V6] fetch Qwen/Qwen2.5-7B-Instruct -> None requests
[2026-08-22 11:20:15.723 Model_Service_0] [PAPER-KV-V6] fetch Qwen/Qwen2.5-1.5B-Instruct -> None requests
[2026-08-22 11:20:15.728 Model_Service_5] [PAPER-KV-V6] fetch meta-llama/Llama-3.2-3B -> None requests
[2026-08-22 11:20:15.730 Model_Service_2] [PAPER-KV-V6] fetch Qwen/Qwen2.5-7B-Instruct -> None requests
[2026-08-22 11:20:15.733 Model_Service_0] [PAPER-KV-V6] fetch Qwen/Qwen2.5-1.5B-Instruct -> None requests
[2026-08-22 11:20:15.739 Model_Service_5] [PAPER-KV-V6] fetch meta-llama/Llama-3.2-3B -> None requests
[2026-08-22 11:20:15.741 Model_Service_2] [PAPER-KV-V6] fetch Qwen/Qwen2.5-7B-Instruct -> None requests
[2026-08-22 11:20:15.743 Model_Service_0] [PAPER-KV-V6] fetch Qwen/Qwen2.5-1.5B-Instruct -> None requests
[2026-08-22 11:20:15.750 Model_Service_5] [PAPER-KV-V6] fetch meta-llama/Llama-3.2-3B -> None requests
[2026-08-22 11:20:15.751 Model_Service_2] [PAPER-KV-V6] fetch Qwen/Qwen2.5-7B-Instruct -> None requests
[2026-08-22 11:20:15.754 Model_Service_0] [PAPER-KV-V6] fetch Qwen/Qwen2.5-1.5B-Instruct -> None requests
[2026-08-22 11:20:15.761 Model_Service_5] [PAPER-KV-V6] fetch meta-llama/Llama-3.2-3B -> None requests
[2026-08-22 11:20:15.762 Model_Service_2] [PAPER-KV-V6] fetch Qwen/Qwen2.5-7B-Instruct -> None requests
[2026-08-22 11:20:15.764 Model_Service_0] [PAPER-KV-V6] fetch Qwen/Qwen2.5-1.5B-Instruct -> None requests
[2026-08-22 11:20:15.771 Model_Service_5] [PAPER-KV-V6] fetch meta-llama/Llama-3.2-3B -> None requests
[2026-08-22 11:20:15.773 Model_Service_2] [PAPER-KV-V6] fetch Qwen/Qwen2.5-7B-Instruct -> None requests
[2026-08-22 11:20:15.774 Model_Service_0] [PAPER-KV-V6] fetch Qwen/Qwen2.5-1.5B-Instruct -> None requests
[2026-08-22 11:20:15.782 Model_Service_5] [PAPER-KV-V6] fetch meta-llama/Llama-3.2-3B -> None requests
[2026-08-22 11:20:15.783 Model_Service_2] [PAPER-KV-V6] fetch Qwen/Qwen2.5-7B-Instruct -> None requests
[2026-08-22 11:20:15.785 Model_Service_0] [PAPER-KV-V6] fetch Qwen/Qwen2.5-1.5B-Instruct -> None requests
[2026-08-22 11:20:15.793 Model_Service_5] [PAPER-KV-V6] fetch meta-llama/Llama-3.2-3B -> None requests
[2026-08-22 11:20:15.794 Model_Service_2] [PAPER-KV-V6] fetch Qwen/Qwen2.5-7B-Instruct -> None requests
[2026-08-22 11:20:15.795 Model_Service_0] [PAPER-KV-V6] fetch Qwen/Qwen2.5-1.5B-Instruct -> None requests
[2026-08-22 11:20:15.803 Model_Service_5] [PAPER-KV-V6] fetch meta-llama/Llama-3.2-3B -> None requests
[2026-08-22 11:20:15.804 Model_Service_2] [PAPER-KV-V6] fetch Qwen/Qwen2.5-7B-Instruct -> None requests
[2026-08-22 11:20:15.805 Model_Service_0] [PAPER-KV-V6] fetch Qwen/Qwen2.5-1.5B-Instruct -> None requests
[2026-08-22 11:20:15.814 Model_Service_5] [PAPER-KV-V6] fetch meta-llama/Llama-3.2-3B -> None requests
[2026-08-22 11:20:15.815 Model_Service_2] [PAPER-KV-V6] fetch Qwen/Qwen2.5-7B-Instruct -> None requests
[2026-08-22 11:20:15.816 Model_Service_0] [PAPER-KV-V6] fetch Qwen/Qwen2.5-1.5B-Instruct -> None requests
[2026-08-22 11:20:15.825 Model_Service_5] [PAPER-KV-V6] fetch meta-llama/Llama-3.2-3B -> None requests
[2026-08-22 11:20:15.826 Model_Service_2] [PAPER-KV-V6] fetch Qwen/Qwen2.5-7B-Instruct -> None requests
[2026-08-22 11:20:15.826 Model_Service_0] [PAPER-KV-V6] fetch Qwen/Qwen2.5-1.5B-Instruct -> None requests
[2026-08-22 11:20:15.835 Model_Service_5] [PAPER-KV-V6] fetch meta-llama/Llama-3.2-3B -> None requests
[2026-08-22 11:20:15.836 Model_Service_2] [PAPER-KV-V6] fetch Qwen/Qwen2.5-7B-Instruct -> None requests
[2026-08-22 11:20:15.837 Model_Service_0] [PAPER-KV-V6] fetch Qwen/Qwen2.5-1.5B-Instruct -> None requests
[2026-08-22 11:20:15.846 Model_Service_5] [PAPER-KV-V6] fetch meta-llama/Llama-3.2-3B -> None requests
[2026-08-22 11:20:15.847 Model_Service_2] [PAPER-KV-V6] fetch Qwen/Qwen2.5-7B-Instruct -> None requests
[2026-08-22 11:20:15.847 Model_Service_0] [PAPER-KV-V6] fetch Qwen/Qwen2.5-1.5B-Instruct -> None requests
[2026-08-22 11:20:15.857 Model_Service_5] [PAPER-KV-V6] fetch meta-llama/Llama-3.2-3B -> None requests
[2026-08-22 11:20:15.858 Model_Service_0] [PAPER-KV-V6] fetch Qwen/Qwen2.5-1.5B-Instruct -> None requests
[2026-08-22 11:20:15.858 Model_Service_2] [PAPER-KV-V6] fetch Qwen/Qwen2.5-7B-Instruct -> None requests
[2026-08-22 11:20:15.867 Model_Service_5] [PAPER-KV-V6] fetch meta-llama/Llama-3.2-3B -> None requests
[2026-08-22 11:20:15.868 Model_Service_0] [PAPER-KV-V6] fetch Qwen/Qwen2.5-1.5B-Instruct -> None requests
[2026-08-22 11:20:15.869 Model_Service_2] [PAPER-KV-V6] fetch Qwen/Qwen2.5-7B-Instruct -> None requests
[2026-08-22 11:20:15.878 Model_Service_5] [PAPER-KV-V6] fetch meta-llama/Llama-3.2-3B -> None requests
[2026-08-22 11:20:15.879 Model_Service_0] [PAPER-KV-V6] fetch Qwen/Qwen2.5-1.5B-Instruct -> None requests
[2026-08-22 11:20:15.879 Model_Service_2] [PAPER-KV-V6] fetch Qwen/Qwen2.5-7B-Instruct -> None requests
[2026-08-22 11:20:15.888 Model_Service_5] [PAPER-KV-V6] fetch meta-llama/Llama-3.2-3B -> None requests
[2026-08-22 11:20:15.890 Model_Service_0] [PAPER-KV-V6] fetch Qwen/Qwen2.5-1.5B-Instruct -> None requests
[2026-08-22 11:20:15.890 Model_Service_2] [PAPER-KV-V6] fetch Qwen/Qwen2.5-7B-Instruct -> None requests
[2026-08-22 11:20:15.899 Model_Service_5] [PAPER-KV-V6] fetch meta-llama/Llama-3.2-3B -> None requests
[2026-08-22 11:20:15.900 Model_Service_0] [PAPER-KV-V6] fetch Qwen/Qwen2.5-1.5B-Instruct -> None requests
[2026-08-22 11:20:15.901 Model_Service_2] [PAPER-KV-V6] fetch Qwen/Qwen2.5-7B-Instruct -> None requests
[2026-08-22 11:20:15.910 Model_Service_5] [PAPER-KV-V6] fetch meta-llama/Llama-3.2-3B -> None requests
[2026-08-22 11:20:15.910 Model_Service_0] [PAPER-KV-V6] fetch Qwen/Qwen2.5-1.5B-Instruct -> None requests
[2026-08-22 11:20:15.912 Model_Service_2] [PAPER-KV-V6] fetch Qwen/Qwen2.5-7B-Instruct -> None requests
[2026-08-22 11:20:15.921 Model_Service_0] [PAPER-KV-V6] fetch Qwen/Qwen2.5-1.5B-Instruct -> None requests
[2026-08-22 11:20:15.921 Model_Service_5] [PAPER-KV-V6] fetch meta-llama/Llama-3.2-3B -> None requests
[2026-08-22 11:20:15.922 Model_Service_2] [PAPER-KV-V6] fetch Qwen/Qwen2.5-7B-Instruct -> None requests
[2026-08-22 11:20:15.931 Model_Service_0] [PAPER-KV-V6] fetch Qwen/Qwen2.5-1.5B-Instruct -> None requests
[2026-08-22 11:20:15.932 Model_Service_5] [PAPER-KV-V6] fetch meta-llama/Llama-3.2-3B -> None requests
[2026-08-22 11:20:15.933 Model_Service_2] [PAPER-KV-V6] fetch Qwen/Qwen2.5-7B-Instruct -> None requests
[2026-08-22 11:20:15.942 Model_Service_0] [PAPER-KV-V6] fetch Qwen/Qwen2.5-1.5B-Instruct -> None requests
[2026-08-22 11:20:15.942 Model_Service_5] [PAPER-KV-V6] fetch meta-llama/Llama-3.2-3B -> None requests
[2026-08-22 11:20:15.944 Model_Service_2] [PAPER-KV-V6] fetch Qwen/Qwen2.5-7B-Instruct -> None requests
[2026-08-22 11:20:15.953 Model_Service_0] [PAPER-KV-V6] fetch Qwen/Qwen2.5-1.5B-Instruct -> None requests
[2026-08-22 11:20:15.953 Model_Service_5] [PAPER-KV-V6] fetch meta-llama/Llama-3.2-3B -> None requests
[2026-08-22 11:20:15.955 Model_Service_2] [PAPER-KV-V6] fetch Qwen/Qwen2.5-7B-Instruct -> None requests
[2026-08-22 11:20:15.963 Model_Service_0] [PAPER-KV-V6] fetch Qwen/Qwen2.5-1.5B-Instruct -> None requests
[2026-08-22 11:20:15.964 Model_Service_5] [PAPER-KV-V6] fetch meta-llama/Llama-3.2-3B -> None requests
[2026-08-22 11:20:15.965 Model_Service_2] [PAPER-KV-V6] fetch Qwen/Qwen2.5-7B-Instruct -> None requests
[2026-08-22 11:20:15.973 Model_Service_0] [PAPER-KV-V6] fetch Qwen/Qwen2.5-1.5B-Instruct -> None requests
[2026-08-22 11:20:15.975 Model_Service_5] [PAPER-KV-V6] fetch meta-llama/Llama-3.2-3B -> None requests
[2026-08-22 11:20:15.976 Model_Service_2] [PAPER-KV-V6] fetch Qwen/Qwen2.5-7B-Instruct -> None requests
[2026-08-22 11:20:15.984 Model_Service_0] [PAPER-KV-V6] fetch Qwen/Qwen2.5-1.5B-Instruct -> None requests
[2026-08-22 11:20:15.985 Model_Service_5] [PAPER-KV-V6] fetch meta-llama/Llama-3.2-3B -> None requests
[2026-08-22 11:20:15.987 Model_Service_2] [PAPER-KV-V6] fetch Qwen/Qwen2.5-7B-Instruct -> None requests
[2026-08-22 11:20:15.994 Model_Service_0] [PAPER-KV-V6] fetch Qwen/Qwen2.5-1.5B-Instruct -> None requests
[2026-08-22 11:20:15.996 Model_Service_5] [PAPER-KV-V6] fetch meta-llama/Llama-3.2-3B -> None requests
[2026-08-22 11:20:15.997 Model_Service_2] [PAPER-KV-V6] fetch Qwen/Qwen2.5-7B-Instruct -> None requests
[2026-08-22 11:20:16.005 Model_Service_0] [PAPER-KV-V6] fetch Qwen/Qwen2.5-1.5B-Instruct -> None requests
[2026-08-22 11:20:16.007 Model_Service_5] [PAPER-KV-V6] fetch meta-llama/Llama-3.2-3B -> None requests
[2026-08-22 11:20:16.008 Model_Service_2] [PAPER-KV-V6] fetch Qwen/Qwen2.5-7B-Instruct -> None requests
[2026-08-22 11:20:16.015 Model_Service_0] [PAPER-KV-V6] fetch Qwen/Qwen2.5-1.5B-Instruct -> None requests
[2026-08-22 11:20:16.017 Model_Service_5] [PAPER-KV-V6] fetch meta-llama/Llama-3.2-3B -> None requests
[2026-08-22 11:20:16.019 Model_Service_2] [PAPER-KV-V6] fetch Qwen/Qwen2.5-7B-Instruct -> None requests
[2026-08-22 11:20:16.025 Model_Service_0] [PAPER-KV-V6] fetch Qwen/Qwen2.5-1.5B-Instruct -> None requests
[2026-08-22 11:20:16.028 Model_Service_5] [PAPER-KV-V6] fetch meta-llama/Llama-3.2-3B -> None requests
[2026-08-22 11:20:16.030 Model_Service_2] [PAPER-KV-V6] fetch Qwen/Qwen2.5-7B-Instruct -> None requests
[2026-08-22 11:20:16.036 Model_Service_0] [PAPER-KV-V6] fetch Qwen/Qwen2.5-1.5B-Instruct -> None requests
[2026-08-22 11:20:16.039 Model_Service_5] [PAPER-KV-V6] fetch meta-llama/Llama-3.2-3B -> None requests
[2026-08-22 11:20:16.041 Model_Service_2] [PAPER-KV-V6] fetch Qwen/Qwen2.5-7B-Instruct -> None requests
[2026-08-22 11:20:16.046 Model_Service_0] [PAPER-KV-V6] fetch Qwen/Qwen2.5-1.5B-Instruct -> None requests
[2026-08-22 11:20:16.049 Model_Service_5] [PAPER-KV-V6] fetch meta-llama/Llama-3.2-3B -> None requests
[2026-08-22 11:20:16.051 Model_Service_2] [PAPER-KV-V6] fetch Qwen/Qwen2.5-7B-Instruct -> None requests
[2026-08-22 11:20:16.056 Model_Service_0] [PAPER-KV-V6] fetch Qwen/Qwen2.5-1.5B-Instruct -> None requests
[2026-08-22 11:20:16.060 Model_Service_5] [PAPER-KV-V6] fetch meta-llama/Llama-3.2-3B -> None requests
[2026-08-22 11:20:16.062 Model_Service_2] [PAPER-KV-V6] fetch Qwen/Qwen2.5-7B-Instruct -> None requests
[2026-08-22 11:20:16.067 Model_Service_0] [PAPER-KV-V6] fetch Qwen/Qwen2.5-1.5B-Instruct -> None requests
[2026-08-22 11:20:16.071 Model_Service_5] [PAPER-KV-V6] fetch meta-llama/Llama-3.2-3B -> None requests
[2026-08-22 11:20:16.073 Model_Service_2] [PAPER-KV-V6] fetch Qwen/Qwen2.5-7B-Instruct -> None requests
[2026-08-22 11:20:16.077 Model_Service_0] [PAPER-KV-V6] fetch Qwen/Qwen2.5-1.5B-Instruct -> None requests
[2026-08-22 11:20:16.081 Model_Service_5] [PAPER-KV-V6] fetch meta-llama/Llama-3.2-3B -> None requests
[2026-08-22 11:20:16.083 Model_Service_2] [PAPER-KV-V6] fetch Qwen/Qwen2.5-7B-Instruct -> None requests
[2026-08-22 11:20:16.087 Model_Service_0] [PAPER-KV-V6] fetch Qwen/Qwen2.5-1.5B-Instruct -> None requests
[2026-08-22 11:20:16.092 Model_Service_5] [PAPER-KV-V6] fetch meta-llama/Llama-3.2-3B -> None requests
[2026-08-22 11:20:16.094 Model_Service_2] [PAPER-KV-V6] fetch Qwen/Qwen2.5-7B-Instruct -> None requests
[2026-08-22 11:20:16.098 Model_Service_0] [PAPER-KV-V6] fetch Qwen/Qwen2.5-1.5B-Instruct -> None requests
[2026-08-22 11:20:16.103 Model_Service_5] [PAPER-KV-V6] fetch meta-llama/Llama-3.2-3B -> None requests
[2026-08-22 11:20:16.105 Model_Service_2] [PAPER-KV-V6] fetch Qwen/Qwen2.5-7B-Instruct -> None requests
[2026-08-22 11:20:16.108 Model_Service_0] [PAPER-KV-V6] fetch Qwen/Qwen2.5-1.5B-Instruct -> None requests
[2026-08-22 11:20:16.114 Model_Service_5] [PAPER-KV-V6] fetch meta-llama/Llama-3.2-3B -> None requests
[2026-08-22 11:20:16.116 Model_Service_2] [PAPER-KV-V6] fetch Qwen/Qwen2.5-7B-Instruct -> None requests
[2026-08-22 11:20:16.118 Model_Service_0] [PAPER-KV-V6] fetch Qwen/Qwen2.5-1.5B-Instruct -> None requests
[2026-08-22 11:20:16.124 Model_Service_5] [PAPER-KV-V6] fetch meta-llama/Llama-3.2-3B -> None requests
[2026-08-22 11:20:16.126 Model_Service_2] [PAPER-KV-V6] fetch Qwen/Qwen2.5-7B-Instruct -> None requests
[2026-08-22 11:20:16.129 Model_Service_0] [PAPER-KV-V6] fetch Qwen/Qwen2.5-1.5B-Instruct -> None requests
[2026-08-22 11:20:16.135 Model_Service_5] [PAPER-KV-V6] fetch meta-llama/Llama-3.2-3B -> None requests
[2026-08-22 11:20:16.137 Model_Service_2] [PAPER-KV-V6] fetch Qwen/Qwen2.5-7B-Instruct -> None requests
[2026-08-22 11:20:16.139 Model_Service_0] [PAPER-KV-V6] fetch Qwen/Qwen2.5-1.5B-Instruct -> None requests
[2026-08-22 11:20:16.146 Model_Service_5] [PAPER-KV-V6] fetch meta-llama/Llama-3.2-3B -> None requests
[2026-08-22 11:20:16.148 Model_Service_2] [PAPER-KV-V6] fetch Qwen/Qwen2.5-7B-Instruct -> None requests
[2026-08-22 11:20:16.150 Model_Service_0] [PAPER-KV-V6] fetch Qwen/Qwen2.5-1.5B-Instruct -> None requests
[2026-08-22 11:20:16.157 Model_Service_5] [PAPER-KV-V6] fetch meta-llama/Llama-3.2-3B -> None requests
[2026-08-22 11:20:16.158 Model_Service_2] [PAPER-KV-V6] fetch Qwen/Qwen2.5-7B-Instruct -> None requests
[2026-08-22 11:20:16.160 Model_Service_0] [PAPER-KV-V6] fetch Qwen/Qwen2.5-1.5B-Instruct -> None requests
[2026-08-22 11:20:16.167 Model_Service_5] [PAPER-KV-V6] fetch meta-llama/Llama-3.2-3B -> None requests
[2026-08-22 11:20:16.169 Model_Service_2] [PAPER-KV-V6] fetch Qwen/Qwen2.5-7B-Instruct -> None requests
[2026-08-22 11:20:16.171 Model_Service_0] [PAPER-KV-V6] fetch Qwen/Qwen2.5-1.5B-Instruct -> None requests
[2026-08-22 11:20:16.178 Model_Service_5] [PAPER-KV-V6] fetch meta-llama/Llama-3.2-3B -> None requests
[2026-08-22 11:20:16.180 Model_Service_2] [PAPER-KV-V6] fetch Qwen/Qwen2.5-7B-Instruct -> None requests
[2026-08-22 11:20:16.181 Model_Service_0] [PAPER-KV-V6] fetch Qwen/Qwen2.5-1.5B-Instruct -> None requests
[2026-08-22 11:20:16.189 Model_Service_5] [PAPER-KV-V6] fetch meta-llama/Llama-3.2-3B -> None requests
[2026-08-22 11:20:16.190 Model_Service_2] [PAPER-KV-V6] fetch Qwen/Qwen2.5-7B-Instruct -> None requests
[2026-08-22 11:20:16.192 Model_Service_0] [PAPER-KV-V6] fetch Qwen/Qwen2.5-1.5B-Instruct -> None requests
[2026-08-22 11:20:16.199 Model_Service_5] [PAPER-KV-V6] fetch meta-llama/Llama-3.2-3B -> None requests
[2026-08-22 11:20:16.201 Model_Service_2] [PAPER-KV-V6] fetch Qwen/Qwen2.5-7B-Instruct -> None requests
[2026-08-22 11:20:16.202 Model_Service_0] [PAPER-KV-V6] fetch Qwen/Qwen2.5-1.5B-Instruct -> None requests
[2026-08-22 11:20:16.210 Model_Service_5] [PAPER-KV-V6] fetch meta-llama/Llama-3.2-3B -> None requests
[2026-08-22 11:20:16.212 Model_Service_2] [PAPER-KV-V6] fetch Qwen/Qwen2.5-7B-Instruct -> None requests
[2026-08-22 11:20:16.213 Model_Service_0] [PAPER-KV-V6] fetch Qwen/Qwen2.5-1.5B-Instruct -> None requests
[2026-08-22 11:20:16.221 Model_Service_5] [PAPER-KV-V6] fetch meta-llama/Llama-3.2-3B -> None requests
[2026-08-22 11:20:16.222 Model_Service_2] [PAPER-KV-V6] fetch Qwen/Qwen2.5-7B-Instruct -> None requests
[2026-08-22 11:20:16.224 Model_Service_0] [PAPER-KV-V6] fetch Qwen/Qwen2.5-1.5B-Instruct -> None requests
[2026-08-22 11:20:16.231 Model_Service_5] [PAPER-KV-V6] fetch meta-llama/Llama-3.2-3B -> None requests
[2026-08-22 11:20:16.233 Model_Service_2] [PAPER-KV-V6] fetch Qwen/Qwen2.5-7B-Instruct -> None requests
[2026-08-22 11:20:16.234 Model_Service_0] [PAPER-KV-V6] fetch Qwen/Qwen2.5-1.5B-Instruct -> None requests
[2026-08-22 11:20:16.242 Model_Service_5] [PAPER-KV-V6] fetch meta-llama/Llama-3.2-3B -> None requests
[2026-08-22 11:20:16.244 Model_Service_2] [PAPER-KV-V6] fetch Qwen/Qwen2.5-7B-Instruct -> None requests
[2026-08-22 11:20:16.244 Model_Service_0] [PAPER-KV-V6] fetch Qwen/Qwen2.5-1.5B-Instruct -> None requests
[2026-08-22 11:20:16.252 Model_Service_5] [PAPER-KV-V6] fetch meta-llama/Llama-3.2-3B -> None requests
[2026-08-22 11:20:16.254 Model_Service_2] [PAPER-KV-V6] fetch Qwen/Qwen2.5-7B-Instruct -> None requests
[2026-08-22 11:20:16.255 Model_Service_0] [PAPER-KV-V6] fetch Qwen/Qwen2.5-1.5B-Instruct -> None requests
[2026-08-22 11:20:16.263 Model_Service_5] [PAPER-KV-V6] fetch meta-llama/Llama-3.2-3B -> None requests
[2026-08-22 11:20:16.265 Model_Service_2] [PAPER-KV-V6] fetch Qwen/Qwen2.5-7B-Instruct -> None requests
[2026-08-22 11:20:16.266 Model_Service_0] [PAPER-KV-V6] fetch Qwen/Qwen2.5-1.5B-Instruct -> None requests
[2026-08-22 11:20:16.273 Model_Service_5] [PAPER-KV-V6] fetch meta-llama/Llama-3.2-3B -> None requests
[2026-08-22 11:20:16.276 Model_Service_2] [PAPER-KV-V6] fetch Qwen/Qwen2.5-7B-Instruct -> None requests
[2026-08-22 11:20:16.277 Model_Service_0] [PAPER-KV-V6] fetch Qwen/Qwen2.5-1.5B-Instruct -> None requests
[2026-08-22 11:20:16.284 Model_Service_5] [PAPER-KV-V6] fetch meta-llama/Llama-3.2-3B -> None requests
[2026-08-22 11:20:16.286 Model_Service_2] [PAPER-KV-V6] fetch Qwen/Qwen2.5-7B-Instruct -> None requests
[2026-08-22 11:20:16.287 Model_Service_0] [PAPER-KV-V6] fetch Qwen/Qwen2.5-1.5B-Instruct -> None requests
[2026-08-22 11:20:16.295 Model_Service_5] [PAPER-KV-V6] fetch meta-llama/Llama-3.2-3B -> None requests
[2026-08-22 11:20:16.297 Model_Service_2] [PAPER-KV-V6] fetch Qwen/Qwen2.5-7B-Instruct -> None requests
[2026-08-22 11:20:16.298 Model_Service_0] [PAPER-KV-V6] fetch Qwen/Qwen2.5-1.5B-Instruct -> None requests
[2026-08-22 11:20:16.305 Model_Service_5] [PAPER-KV-V6] fetch meta-llama/Llama-3.2-3B -> None requests
[2026-08-22 11:20:16.308 Model_Service_2] [PAPER-KV-V6] fetch Qwen/Qwen2.5-7B-Instruct -> None requests
[2026-08-22 11:20:16.308 Model_Service_0] [PAPER-KV-V6] fetch Qwen/Qwen2.5-1.5B-Instruct -> None requests
[2026-08-22 11:20:16.316 Model_Service_5] [PAPER-KV-V6] fetch meta-llama/Llama-3.2-3B -> None requests
[2026-08-22 11:20:16.318 Model_Service_0] [PAPER-KV-V6] fetch Qwen/Qwen2.5-1.5B-Instruct -> None requests
[2026-08-22 11:20:16.318 Model_Service_2] [PAPER-KV-V6] fetch Qwen/Qwen2.5-7B-Instruct -> None requests
[2026-08-22 11:20:16.327 Model_Service_5] [PAPER-KV-V6] fetch meta-llama/Llama-3.2-3B -> None requests
[2026-08-22 11:20:16.329 Model_Service_0] [PAPER-KV-V6] fetch Qwen/Qwen2.5-1.5B-Instruct -> None requests
[2026-08-22 11:20:16.329 Model_Service_2] [PAPER-KV-V6] fetch Qwen/Qwen2.5-7B-Instruct -> None requests
[2026-08-22 11:20:16.337 Model_Service_5] [PAPER-KV-V6] fetch meta-llama/Llama-3.2-3B -> None requests
[2026-08-22 11:20:16.339 Model_Service_0] [PAPER-KV-V6] fetch Qwen/Qwen2.5-1.5B-Instruct -> None requests
[2026-08-22 11:20:16.340 Model_Service_2] [PAPER-KV-V6] fetch Qwen/Qwen2.5-7B-Instruct -> None requests
[2026-08-22 11:20:16.348 Model_Service_5] [PAPER-KV-V6] fetch meta-llama/Llama-3.2-3B -> None requests
[2026-08-22 11:20:16.350 Model_Service_0] [PAPER-KV-V6] fetch Qwen/Qwen2.5-1.5B-Instruct -> None requests
[2026-08-22 11:20:16.351 Model_Service_2] [PAPER-KV-V6] fetch Qwen/Qwen2.5-7B-Instruct -> None requests
[2026-08-22 11:20:16.358 Model_Service_5] [PAPER-KV-V6] fetch meta-llama/Llama-3.2-3B -> None requests
[2026-08-22 11:20:16.360 Model_Service_0] [PAPER-KV-V6] fetch Qwen/Qwen2.5-1.5B-Instruct -> None requests
[2026-08-22 11:20:16.361 Model_Service_2] [PAPER-KV-V6] fetch Qwen/Qwen2.5-7B-Instruct -> None requests
[2026-08-22 11:20:16.369 Model_Service_5] [PAPER-KV-V6] fetch meta-llama/Llama-3.2-3B -> None requests
[2026-08-22 11:20:16.371 Model_Service_0] [PAPER-KV-V6] fetch Qwen/Qwen2.5-1.5B-Instruct -> None requests
[2026-08-22 11:20:16.372 Model_Service_2] [PAPER-KV-V6] fetch Qwen/Qwen2.5-7B-Instruct -> None requests
[2026-08-22 11:20:16.380 Model_Service_5] [PAPER-KV-V6] fetch meta-llama/Llama-3.2-3B -> None requests
[2026-08-22 11:20:16.381 Model_Service_0] [PAPER-KV-V6] fetch Qwen/Qwen2.5-1.5B-Instruct -> None requests
[2026-08-22 11:20:16.383 Model_Service_2] [PAPER-KV-V6] fetch Qwen/Qwen2.5-7B-Instruct -> None requests
[2026-08-22 11:20:16.390 Model_Service_5] [PAPER-KV-V6] fetch meta-llama/Llama-3.2-3B -> None requests
[2026-08-22 11:20:16.392 Model_Service_0] [PAPER-KV-V6] fetch Qwen/Qwen2.5-1.5B-Instruct -> None requests
[2026-08-22 11:20:16.393 Model_Service_2] [PAPER-KV-V6] fetch Qwen/Qwen2.5-7B-Instruct -> None requests
[2026-08-22 11:20:16.401 Model_Service_5] [PAPER-KV-V6] fetch meta-llama/Llama-3.2-3B -> None requests
[2026-08-22 11:20:16.402 Model_Service_0] [PAPER-KV-V6] fetch Qwen/Qwen2.5-1.5B-Instruct -> None requests
[2026-08-22 11:20:16.404 Model_Service_2] [PAPER-KV-V6] fetch Qwen/Qwen2.5-7B-Instruct -> None requests
[2026-08-22 11:20:16.412 Model_Service_5] [PAPER-KV-V6] fetch meta-llama/Llama-3.2-3B -> None requests
[2026-08-22 11:20:16.413 Model_Service_0] [PAPER-KV-V6] fetch Qwen/Qwen2.5-1.5B-Instruct -> None requests
[2026-08-22 11:20:16.415 Model_Service_2] [PAPER-KV-V6] fetch Qwen/Qwen2.5-7B-Instruct -> None requests
[2026-08-22 11:20:16.423 Model_Service_5] [PAPER-KV-V6] fetch meta-llama/Llama-3.2-3B -> None requests
[2026-08-22 11:20:16.423 Model_Service_0] [PAPER-KV-V6] fetch Qwen/Qwen2.5-1.5B-Instruct -> None requests
[2026-08-22 11:20:16.425 Model_Service_2] [PAPER-KV-V6] fetch Qwen/Qwen2.5-7B-Instruct -> None requests
[2026-08-22 11:20:16.433 Model_Service_5] [PAPER-KV-V6] fetch meta-llama/Llama-3.2-3B -> None requests
[2026-08-22 11:20:16.433 Model_Service_0] [PAPER-KV-V6] fetch Qwen/Qwen2.5-1.5B-Instruct -> None requests
[2026-08-22 11:20:16.436 Model_Service_2] [PAPER-KV-V6] fetch Qwen/Qwen2.5-7B-Instruct -> None requests
[2026-08-22 11:20:16.444 Model_Service_5] [PAPER-KV-V6] fetch meta-llama/Llama-3.2-3B -> None requests
[2026-08-22 11:20:16.444 Model_Service_0] [PAPER-KV-V6] fetch Qwen/Qwen2.5-1.5B-Instruct -> None requests
[2026-08-22 11:20:16.447 Model_Service_2] [PAPER-KV-V6] fetch Qwen/Qwen2.5-7B-Instruct -> None requests
[2026-08-22 11:20:16.454 Model_Service_0] [PAPER-KV-V6] fetch Qwen/Qwen2.5-1.5B-Instruct -> None requests
[2026-08-22 11:20:16.454 Model_Service_5] [PAPER-KV-V6] fetch meta-llama/Llama-3.2-3B -> None requests
[2026-08-22 11:20:16.458 Model_Service_2] [PAPER-KV-V6] fetch Qwen/Qwen2.5-7B-Instruct -> None requests
[2026-08-22 11:20:16.465 Model_Service_0] [PAPER-KV-V6] fetch Qwen/Qwen2.5-1.5B-Instruct -> None requests
[2026-08-22 11:20:16.465 Model_Service_5] [PAPER-KV-V6] fetch meta-llama/Llama-3.2-3B -> None requests
[2026-08-22 11:20:16.468 Model_Service_2] [PAPER-KV-V6] fetch Qwen/Qwen2.5-7B-Instruct -> None requests
[2026-08-22 11:20:16.475 Model_Service_0] [PAPER-KV-V6] fetch Qwen/Qwen2.5-1.5B-Instruct -> None requests
[2026-08-22 11:20:16.475 Model_Service_5] [PAPER-KV-V6] fetch meta-llama/Llama-3.2-3B -> None requests
[2026-08-22 11:20:16.479 Model_Service_2] [PAPER-KV-V6] fetch Qwen/Qwen2.5-7B-Instruct -> None requests
[2026-08-22 11:20:16.485 Model_Service_0] [PAPER-KV-V6] fetch Qwen/Qwen2.5-1.5B-Instruct -> None requests
[2026-08-22 11:20:16.486 Model_Service_5] [PAPER-KV-V6] fetch meta-llama/Llama-3.2-3B -> None requests
[2026-08-22 11:20:16.490 Model_Service_2] [PAPER-KV-V6] fetch Qwen/Qwen2.5-7B-Instruct -> None requests
[2026-08-22 11:20:16.496 Model_Service_0] [PAPER-KV-V6] fetch Qwen/Qwen2.5-1.5B-Instruct -> None requests
[2026-08-22 11:20:16.497 Model_Service_5] [PAPER-KV-V6] fetch meta-llama/Llama-3.2-3B -> None requests
[2026-08-22 11:20:16.500 Model_Service_2] [PAPER-KV-V6] fetch Qwen/Qwen2.5-7B-Instruct -> None requests
[2026-08-22 11:20:16.506 Model_Service_0] [PAPER-KV-V6] fetch Qwen/Qwen2.5-1.5B-Instruct -> None requests
[2026-08-22 11:20:16.507 Model_Service_5] [PAPER-KV-V6] fetch meta-llama/Llama-3.2-3B -> None requests
[2026-08-22 11:20:16.511 Model_Service_2] [PAPER-KV-V6] fetch Qwen/Qwen2.5-7B-Instruct -> None requests
[2026-08-22 11:20:16.517 Model_Service_0] [PAPER-KV-V6] fetch Qwen/Qwen2.5-1.5B-Instruct -> None requests
[2026-08-22 11:20:16.518 Model_Service_5] [PAPER-KV-V6] fetch meta-llama/Llama-3.2-3B -> None requests
[2026-08-22 11:20:16.522 Model_Service_2] [PAPER-KV-V6] fetch Qwen/Qwen2.5-7B-Instruct -> None requests
[2026-08-22 11:20:16.527 Model_Service_0] [PAPER-KV-V6] fetch Qwen/Qwen2.5-1.5B-Instruct -> None requests
[2026-08-22 11:20:16.529 Model_Service_5] [PAPER-KV-V6] fetch meta-llama/Llama-3.2-3B -> None requests
[2026-08-22 11:20:16.532 Model_Service_2] [PAPER-KV-V6] fetch Qwen/Qwen2.5-7B-Instruct -> None requests
[2026-08-22 11:20:16.537 Model_Service_0] [PAPER-KV-V6] fetch Qwen/Qwen2.5-1.5B-Instruct -> None requests
[2026-08-22 11:20:16.539 Model_Service_5] [PAPER-KV-V6] fetch meta-llama/Llama-3.2-3B -> None requests
[2026-08-22 11:20:16.543 Model_Service_2] [PAPER-KV-V6] fetch Qwen/Qwen2.5-7B-Instruct -> None requests
[2026-08-22 11:20:16.547 Model_Service_0] [PAPER-KV-V6] fetch Qwen/Qwen2.5-1.5B-Instruct -> None requests
[2026-08-22 11:20:16.550 Model_Service_5] [PAPER-KV-V6] fetch meta-llama/Llama-3.2-3B -> None requests
[2026-08-22 11:20:16.554 Model_Service_2] [PAPER-KV-V6] fetch Qwen/Qwen2.5-7B-Instruct -> None requests
[2026-08-22 11:20:16.558 Model_Service_0] [PAPER-KV-V6] fetch Qwen/Qwen2.5-1.5B-Instruct -> None requests
[2026-08-22 11:20:16.560 Model_Service_5] [PAPER-KV-V6] fetch meta-llama/Llama-3.2-3B -> None requests
[2026-08-22 11:20:16.565 Model_Service_2] [PAPER-KV-V6] fetch Qwen/Qwen2.5-7B-Instruct -> None requests
[2026-08-22 11:20:16.569 Model_Service_0] [PAPER-KV-V6] fetch Qwen/Qwen2.5-1.5B-Instruct -> None requests
[2026-08-22 11:20:16.571 Model_Service_5] [PAPER-KV-V6] fetch meta-llama/Llama-3.2-3B -> None requests
[2026-08-22 11:20:16.576 Model_Service_2] [PAPER-KV-V6] fetch Qwen/Qwen2.5-7B-Instruct -> None requests
[2026-08-22 11:20:16.579 Model_Service_0] [PAPER-KV-V6] fetch Qwen/Qwen2.5-1.5B-Instruct -> None requests
[2026-08-22 11:20:16.581 Model_Service_5] [PAPER-KV-V6] fetch meta-llama/Llama-3.2-3B -> None requests
[2026-08-22 11:20:16.586 Model_Service_2] [PAPER-KV-V6] fetch Qwen/Qwen2.5-7B-Instruct -> None requests
[2026-08-22 11:20:16.589 Model_Service_0] [PAPER-KV-V6] fetch Qwen/Qwen2.5-1.5B-Instruct -> None requests
[2026-08-22 11:20:16.592 Model_Service_5] [PAPER-KV-V6] fetch meta-llama/Llama-3.2-3B -> None requests
[2026-08-22 11:20:16.597 Model_Service_2] [PAPER-KV-V6] fetch Qwen/Qwen2.5-7B-Instruct -> None requests
[2026-08-22 11:20:16.600 Model_Service_0] [PAPER-KV-V6] fetch Qwen/Qwen2.5-1.5B-Instruct -> None requests
[2026-08-22 11:20:16.603 Model_Service_5] [PAPER-KV-V6] fetch meta-llama/Llama-3.2-3B -> None requests
[2026-08-22 11:20:16.608 Model_Service_2] [PAPER-KV-V6] fetch Qwen/Qwen2.5-7B-Instruct -> None requests
[2026-08-22 11:20:16.610 Model_Service_0] [PAPER-KV-V6] fetch Qwen/Qwen2.5-1.5B-Instruct -> None requests
[2026-08-22 11:20:16.613 Model_Service_5] [PAPER-KV-V6] fetch meta-llama/Llama-3.2-3B -> None requests
[2026-08-22 11:20:16.618 Model_Service_2] [PAPER-KV-V6] fetch Qwen/Qwen2.5-7B-Instruct -> None requests
[2026-08-22 11:20:16.620 Model_Service_0] [PAPER-KV-V6] fetch Qwen/Qwen2.5-1.5B-Instruct -> None requests
[2026-08-22 11:20:16.624 Model_Service_5] [PAPER-KV-V6] fetch meta-llama/Llama-3.2-3B -> None requests
[2026-08-22 11:20:16.629 Model_Service_2] [PAPER-KV-V6] fetch Qwen/Qwen2.5-7B-Instruct -> None requests
[2026-08-22 11:20:16.631 Model_Service_0] [PAPER-KV-V6] fetch Qwen/Qwen2.5-1.5B-Instruct -> None requests
[2026-08-22 11:20:16.634 Model_Service_5] [PAPER-KV-V6] fetch meta-llama/Llama-3.2-3B -> None requests
[2026-08-22 11:20:16.640 Model_Service_2] [PAPER-KV-V6] fetch Qwen/Qwen2.5-7B-Instruct -> None requests
[2026-08-22 11:20:16.641 Model_Service_0] [PAPER-KV-V6] fetch Qwen/Qwen2.5-1.5B-Instruct -> None requests
[2026-08-22 11:20:16.645 Model_Service_5] [PAPER-KV-V6] fetch meta-llama/Llama-3.2-3B -> None requests
[2026-08-22 11:20:16.650 Model_Service_2] [PAPER-KV-V6] fetch Qwen/Qwen2.5-7B-Instruct -> None requests
[2026-08-22 11:20:16.651 Model_Service_0] [PAPER-KV-V6] fetch Qwen/Qwen2.5-1.5B-Instruct -> None requests
[2026-08-22 11:20:16.656 Model_Service_5] [PAPER-KV-V6] fetch meta-llama/Llama-3.2-3B -> None requests
[2026-08-22 11:20:16.661 Model_Service_2] [PAPER-KV-V6] fetch Qwen/Qwen2.5-7B-Instruct -> None requests
[2026-08-22 11:20:16.662 Model_Service_0] [PAPER-KV-V6] fetch Qwen/Qwen2.5-1.5B-Instruct -> None requests
[2026-08-22 11:20:16.666 Model_Service_5] [PAPER-KV-V6] fetch meta-llama/Llama-3.2-3B -> None requests
[2026-08-22 11:20:16.672 Model_Service_2] [PAPER-KV-V6] fetch Qwen/Qwen2.5-7B-Instruct -> None requests
[2026-08-22 11:20:16.672 Model_Service_0] [PAPER-KV-V6] fetch Qwen/Qwen2.5-1.5B-Instruct -> None requests
[2026-08-22 11:20:16.677 Model_Service_5] [PAPER-KV-V6] fetch meta-llama/Llama-3.2-3B -> None requests
[2026-08-22 11:20:16.682 Model_Service_0] [PAPER-KV-V6] fetch Qwen/Qwen2.5-1.5B-Instruct -> None requests
[2026-08-22 11:20:16.682 Model_Service_2] [PAPER-KV-V6] fetch Qwen/Qwen2.5-7B-Instruct -> None requests
[2026-08-22 11:20:16.687 Model_Service_5] [PAPER-KV-V6] fetch meta-llama/Llama-3.2-3B -> None requests
[2026-08-22 11:20:16.692 Model_Service_0] [PAPER-KV-V6] fetch Qwen/Qwen2.5-1.5B-Instruct -> None requests
[2026-08-22 11:20:16.693 Model_Service_2] [PAPER-KV-V6] fetch Qwen/Qwen2.5-7B-Instruct -> None requests
[2026-08-22 11:20:16.698 Model_Service_5] [PAPER-KV-V6] fetch meta-llama/Llama-3.2-3B -> None requests
[2026-08-22 11:20:16.703 Model_Service_0] [PAPER-KV-V6] fetch Qwen/Qwen2.5-1.5B-Instruct -> None requests
[2026-08-22 11:20:16.704 Model_Service_2] [PAPER-KV-V6] fetch Qwen/Qwen2.5-7B-Instruct -> None requests
[2026-08-22 11:20:16.709 Model_Service_5] [PAPER-KV-V6] fetch meta-llama/Llama-3.2-3B -> None requests
[2026-08-22 11:20:16.713 Model_Service_0] [PAPER-KV-V6] fetch Qwen/Qwen2.5-1.5B-Instruct -> None requests
[2026-08-22 11:20:16.714 Model_Service_2] [PAPER-KV-V6] fetch Qwen/Qwen2.5-7B-Instruct -> None requests
[2026-08-22 11:20:16.719 Model_Service_5] [PAPER-KV-V6] fetch meta-llama/Llama-3.2-3B -> None requests
[2026-08-22 11:20:16.724 Model_Service_0] [PAPER-KV-V6] fetch Qwen/Qwen2.5-1.5B-Instruct -> None requests
[2026-08-22 11:20:16.725 Model_Service_2] [PAPER-KV-V6] fetch Qwen/Qwen2.5-7B-Instruct -> None requests
[2026-08-22 11:20:16.730 Model_Service_5] [PAPER-KV-V6] fetch meta-llama/Llama-3.2-3B -> None requests
[2026-08-22 11:20:16.734 Model_Service_0] [PAPER-KV-V6] fetch Qwen/Qwen2.5-1.5B-Instruct -> None requests
[2026-08-22 11:20:16.736 Model_Service_2] [PAPER-KV-V6] fetch Qwen/Qwen2.5-7B-Instruct -> None requests
[2026-08-22 11:20:16.740 Model_Service_5] [PAPER-KV-V6] fetch meta-llama/Llama-3.2-3B -> None requests
[2026-08-22 11:20:16.745 Model_Service_0] [PAPER-KV-V6] fetch Qwen/Qwen2.5-1.5B-Instruct -> None requests
[2026-08-22 11:20:16.746 Model_Service_2] [PAPER-KV-V6] fetch Qwen/Qwen2.5-7B-Instruct -> None requests
[2026-08-22 11:20:16.751 Model_Service_5] [PAPER-KV-V6] fetch meta-llama/Llama-3.2-3B -> None requests
[2026-08-22 11:20:16.755 Model_Service_0] [PAPER-KV-V6] fetch Qwen/Qwen2.5-1.5B-Instruct -> None requests
[2026-08-22 11:20:16.757 Model_Service_2] [PAPER-KV-V6] fetch Qwen/Qwen2.5-7B-Instruct -> None requests
[2026-08-22 11:20:16.762 Model_Service_5] [PAPER-KV-V6] fetch meta-llama/Llama-3.2-3B -> None requests
[2026-08-22 11:20:16.765 Model_Service_0] [PAPER-KV-V6] fetch Qwen/Qwen2.5-1.5B-Instruct -> None requests
[2026-08-22 11:20:16.768 Model_Service_2] [PAPER-KV-V6] fetch Qwen/Qwen2.5-7B-Instruct -> None requests
[2026-08-22 11:20:16.773 Model_Service_5] [PAPER-KV-V6] fetch meta-llama/Llama-3.2-3B -> None requests
[2026-08-22 11:20:16.776 Model_Service_0] [PAPER-KV-V6] fetch Qwen/Qwen2.5-1.5B-Instruct -> None requests
[2026-08-22 11:20:16.779 Model_Service_2] [PAPER-KV-V6] fetch Qwen/Qwen2.5-7B-Instruct -> None requests
[2026-08-22 11:20:16.783 Model_Service_5] [PAPER-KV-V6] fetch meta-llama/Llama-3.2-3B -> None requests
[2026-08-22 11:20:16.786 Model_Service_0] [PAPER-KV-V6] fetch Qwen/Qwen2.5-1.5B-Instruct -> None requests
[2026-08-22 11:20:16.789 Model_Service_2] [PAPER-KV-V6] fetch Qwen/Qwen2.5-7B-Instruct -> None requests
[2026-08-22 11:20:16.794 Model_Service_5] [PAPER-KV-V6] fetch meta-llama/Llama-3.2-3B -> None requests
[2026-08-22 11:20:16.797 Model_Service_0] [PAPER-KV-V6] fetch Qwen/Qwen2.5-1.5B-Instruct -> None requests
[2026-08-22 11:20:16.800 Model_Service_2] [PAPER-KV-V6] fetch Qwen/Qwen2.5-7B-Instruct -> None requests
[2026-08-22 11:20:16.804 Model_Service_5] [PAPER-KV-V6] fetch meta-llama/Llama-3.2-3B -> None requests
[2026-08-22 11:20:16.807 Model_Service_0] [PAPER-KV-V6] fetch Qwen/Qwen2.5-1.5B-Instruct -> None requests
[2026-08-22 11:20:16.811 Model_Service_2] [PAPER-KV-V6] fetch Qwen/Qwen2.5-7B-Instruct -> None requests
[2026-08-22 11:20:16.815 Model_Service_5] [PAPER-KV-V6] fetch meta-llama/Llama-3.2-3B -> None requests
[2026-08-22 11:20:16.817 Model_Service_0] [PAPER-KV-V6] fetch Qwen/Qwen2.5-1.5B-Instruct -> None requests
[2026-08-22 11:20:16.822 Model_Service_2] [PAPER-KV-V6] fetch Qwen/Qwen2.5-7B-Instruct -> None requests
[2026-08-22 11:20:16.825 Model_Service_5] [PAPER-KV-V6] fetch meta-llama/Llama-3.2-3B -> None requests
[2026-08-22 11:20:16.832 Model_Service_2] [PAPER-KV-V6] fetch Qwen/Qwen2.5-7B-Instruct -> None requests
[2026-08-22 11:20:16.836 Model_Service_5] [PAPER-KV-V6] fetch meta-llama/Llama-3.2-3B -> None requests
[2026-08-22 11:20:16.843 Model_Service_2] [PAPER-KV-V6] fetch Qwen/Qwen2.5-7B-Instruct -> None requests
[2026-08-22 11:20:16.847 Model_Service_5] [PAPER-KV-V6] fetch meta-llama/Llama-3.2-3B -> None requests
[2026-08-22 11:20:16.854 Model_Service_2] [PAPER-KV-V6] fetch Qwen/Qwen2.5-7B-Instruct -> None requests
[2026-08-22 11:20:16.857 Model_Service_5] [PAPER-KV-V6] fetch meta-llama/Llama-3.2-3B -> None requests
[2026-08-22 11:20:16.865 Model_Service_2] [PAPER-KV-V6] fetch Qwen/Qwen2.5-7B-Instruct -> None requests
[2026-08-22 11:20:16.868 Model_Service_5] [PAPER-KV-V6] fetch meta-llama/Llama-3.2-3B -> None requests
[2026-08-22 11:20:16.875 Model_Service_2] [PAPER-KV-V6] fetch Qwen/Qwen2.5-7B-Instruct -> None requests
[2026-08-22 11:20:16.878 Model_Service_5] [PAPER-KV-V6] fetch meta-llama/Llama-3.2-3B -> None requests
[2026-08-22 11:20:16.886 Model_Service_2] [PAPER-KV-V6] fetch Qwen/Qwen2.5-7B-Instruct -> None requests
[2026-08-22 11:20:16.889 Model_Service_5] [PAPER-KV-V6] fetch meta-llama/Llama-3.2-3B -> None requests
[2026-08-22 11:20:16.897 Model_Service_2] [PAPER-KV-V6] fetch Qwen/Qwen2.5-7B-Instruct -> None requests
[2026-08-22 11:20:16.899 Model_Service_5] [PAPER-KV-V6] fetch meta-llama/Llama-3.2-3B -> None requests
[2026-08-22 11:20:16.907 Model_Service_2] [PAPER-KV-V6] fetch Qwen/Qwen2.5-7B-Instruct -> None requests
[2026-08-22 11:20:16.910 Model_Service_5] [PAPER-KV-V6] fetch meta-llama/Llama-3.2-3B -> None requests
[2026-08-22 11:20:16.918 Model_Service_2] [PAPER-KV-V6] fetch Qwen/Qwen2.5-7B-Instruct -> None requests
[2026-08-22 11:20:16.920 Model_Service_5] [PAPER-KV-V6] fetch meta-llama/Llama-3.2-3B -> None requests
[2026-08-22 11:20:16.928 Model_Service_2] [PAPER-KV-V6] fetch Qwen/Qwen2.5-7B-Instruct -> None requests
[2026-08-22 11:20:16.931 Model_Service_5] [PAPER-KV-V6] fetch meta-llama/Llama-3.2-3B -> None requests
[2026-08-22 11:20:16.939 Model_Service_2] [PAPER-KV-V6] fetch Qwen/Qwen2.5-7B-Instruct -> None requests
[2026-08-22 11:20:16.941 Model_Service_5] [PAPER-KV-V6] fetch meta-llama/Llama-3.2-3B -> None requests
[2026-08-22 11:20:16.950 Model_Service_2] [PAPER-KV-V6] fetch Qwen/Qwen2.5-7B-Instruct -> None requests
[2026-08-22 11:20:16.952 Model_Service_5] [PAPER-KV-V6] fetch meta-llama/Llama-3.2-3B -> None requests
[2026-08-22 11:20:16.961 Model_Service_2] [PAPER-KV-V6] fetch Qwen/Qwen2.5-7B-Instruct -> None requests
[2026-08-22 11:20:16.963 Model_Service_5] [PAPER-KV-V6] fetch meta-llama/Llama-3.2-3B -> None requests
[2026-08-22 11:20:16.971 Model_Service_2] [PAPER-KV-V6] fetch Qwen/Qwen2.5-7B-Instruct -> None requests
[2026-08-22 11:20:16.973 Model_Service_5] [PAPER-KV-V6] fetch meta-llama/Llama-3.2-3B -> None requests
[2026-08-22 11:20:16.982 Model_Service_2] [PAPER-KV-V6] fetch Qwen/Qwen2.5-7B-Instruct -> None requests
[2026-08-22 11:20:16.984 Model_Service_5] [PAPER-KV-V6] fetch meta-llama/Llama-3.2-3B -> None requests
[2026-08-22 11:20:16.993 Model_Service_2] [PAPER-KV-V6] fetch Qwen/Qwen2.5-7B-Instruct -> None requests
[2026-08-22 11:20:16.994 Model_Service_5] [PAPER-KV-V6] fetch meta-llama/Llama-3.2-3B -> None requests
[2026-08-22 11:20:17.003 Model_Service_2] [PAPER-KV-V6] fetch Qwen/Qwen2.5-7B-Instruct -> None requests
[2026-08-22 11:20:17.005 Model_Service_5] [PAPER-KV-V6] fetch meta-llama/Llama-3.2-3B -> None requests
[2026-08-22 11:20:17.014 Model_Service_2] [PAPER-KV-V6] fetch Qwen/Qwen2.5-7B-Instruct -> None requests
[2026-08-22 11:20:17.016 Model_Service_5] [PAPER-KV-V6] fetch meta-llama/Llama-3.2-3B -> None requests
[2026-08-22 11:20:17.025 Model_Service_2] [PAPER-KV-V6] fetch Qwen/Qwen2.5-7B-Instruct -> None requests
[2026-08-22 11:20:17.026 Model_Service_5] [PAPER-KV-V6] fetch meta-llama/Llama-3.2-3B -> None requests
[2026-08-22 11:20:17.036 Model_Service_2] [PAPER-KV-V6] fetch Qwen/Qwen2.5-7B-Instruct -> None requests
[2026-08-22 11:20:17.037 Model_Service_5] [PAPER-KV-V6] fetch meta-llama/Llama-3.2-3B -> None requests
[2026-08-22 11:20:17.046 Model_Service_2] [PAPER-KV-V6] fetch Qwen/Qwen2.5-7B-Instruct -> None requests
[2026-08-22 11:20:17.048 Model_Service_5] [PAPER-KV-V6] fetch meta-llama/Llama-3.2-3B -> None requests
[2026-08-22 11:20:17.057 Model_Service_2] [PAPER-KV-V6] fetch Qwen/Qwen2.5-7B-Instruct -> None requests
[2026-08-22 11:20:17.058 Model_Service_5] [PAPER-KV-V6] fetch meta-llama/Llama-3.2-3B -> None requests
[2026-08-22 11:20:17.068 Model_Service_2] [PAPER-KV-V6] fetch Qwen/Qwen2.5-7B-Instruct -> None requests
[2026-08-22 11:20:17.069 Model_Service_5] [PAPER-KV-V6] fetch meta-llama/Llama-3.2-3B -> None requests
[2026-08-22 11:20:17.079 Model_Service_2] [PAPER-KV-V6] fetch Qwen/Qwen2.5-7B-Instruct -> None requests
[2026-08-22 11:20:17.080 Model_Service_5] [PAPER-KV-V6] fetch meta-llama/Llama-3.2-3B -> None requests
[2026-08-22 11:20:17.089 Model_Service_2] [PAPER-KV-V6] fetch Qwen/Qwen2.5-7B-Instruct -> None requests
[2026-08-22 11:20:17.091 Model_Service_5] [PAPER-KV-V6] fetch meta-llama/Llama-3.2-3B -> None requests
[2026-08-22 11:20:17.100 Model_Service_2] [PAPER-KV-V6] fetch Qwen/Qwen2.5-7B-Instruct -> None requests
[2026-08-22 11:20:17.101 Model_Service_5] [PAPER-KV-V6] fetch meta-llama/Llama-3.2-3B -> None requests
[2026-08-22 11:20:17.111 Model_Service_2] [PAPER-KV-V6] fetch Qwen/Qwen2.5-7B-Instruct -> None requests
[2026-08-22 11:20:17.112 Model_Service_5] [PAPER-KV-V6] fetch meta-llama/Llama-3.2-3B -> None requests
[2026-08-22 11:20:17.121 Model_Service_2] [PAPER-KV-V6] fetch Qwen/Qwen2.5-7B-Instruct -> None requests
[2026-08-22 11:20:17.123 Model_Service_5] [PAPER-KV-V6] fetch meta-llama/Llama-3.2-3B -> None requests
[2026-08-22 11:20:17.132 Model_Service_2] [PAPER-KV-V6] fetch Qwen/Qwen2.5-7B-Instruct -> None requests
[2026-08-22 11:20:17.133 Model_Service_5] [PAPER-KV-V6] fetch meta-llama/Llama-3.2-3B -> None requests
[2026-08-22 11:20:17.142 Model_Service_2] [PAPER-KV-V6] fetch Qwen/Qwen2.5-7B-Instruct -> None requests
[2026-08-22 11:20:17.144 Model_Service_5] [PAPER-KV-V6] fetch meta-llama/Llama-3.2-3B -> None requests
[2026-08-22 11:20:17.153 Model_Service_2] [PAPER-KV-V6] fetch Qwen/Qwen2.5-7B-Instruct -> None requests
[2026-08-22 11:20:17.164 Model_Service_2] [PAPER-KV-V6] fetch Qwen/Qwen2.5-7B-Instruct -> None requests
[2026-08-22 11:20:17.174 Model_Service_2] [PAPER-KV-V6] fetch Qwen/Qwen2.5-7B-Instruct -> None requests
[2026-08-22 11:20:17.185 Model_Service_2] [PAPER-KV-V6] fetch Qwen/Qwen2.5-7B-Instruct -> None requests
[2026-08-22 11:20:17.196 Model_Service_2] [PAPER-KV-V6] fetch Qwen/Qwen2.5-7B-Instruct -> None requests
[2026-08-22 11:20:17.206 Model_Service_2] [PAPER-KV-V6] fetch Qwen/Qwen2.5-7B-Instruct -> None requests
[2026-08-22 11:20:17.217 Model_Service_2] [PAPER-KV-V6] fetch Qwen/Qwen2.5-7B-Instruct -> None requests
[2026-08-22 11:20:17.228 Model_Service_2] [PAPER-KV-V6] fetch Qwen/Qwen2.5-7B-Instruct -> None requests
[2026-08-22 11:20:17.238 Model_Service_2] [PAPER-KV-V6] fetch Qwen/Qwen2.5-7B-Instruct -> None requests
[2026-08-22 11:20:17.249 Model_Service_2] [PAPER-KV-V6] fetch Qwen/Qwen2.5-7B-Instruct -> None requests
[2026-08-22 11:20:17.259 Model_Service_2] [PAPER-KV-V6] fetch Qwen/Qwen2.5-7B-Instruct -> None requests
[2026-08-22 11:20:17.270 Model_Service_2] [PAPER-KV-V6] fetch Qwen/Qwen2.5-7B-Instruct -> None requests
[2026-08-22 11:20:17.280 Model_Service_2] [PAPER-KV-V6] fetch Qwen/Qwen2.5-7B-Instruct -> None requests
[2026-08-22 11:20:17.291 Model_Service_2] [PAPER-KV-V6] fetch Qwen/Qwen2.5-7B-Instruct -> None requests
[2026-08-22 11:20:17.301 Model_Service_2] [PAPER-KV-V6] fetch Qwen/Qwen2.5-7B-Instruct -> None requests
[2026-08-22 11:20:17.312 Model_Service_2] [PAPER-KV-V6] fetch Qwen/Qwen2.5-7B-Instruct -> None requests
[2026-08-22 11:20:17.322 Model_Service_2] [PAPER-KV-V6] fetch Qwen/Qwen2.5-7B-Instruct -> None requests
[2026-08-22 11:20:17.333 Model_Service_2] [PAPER-KV-V6] fetch Qwen/Qwen2.5-7B-Instruct -> None requests
[2026-08-22 11:20:17.343 Model_Service_2] [PAPER-KV-V6] fetch Qwen/Qwen2.5-7B-Instruct -> None requests
[2026-08-22 11:20:17.354 Model_Service_2] [PAPER-KV-V6] fetch Qwen/Qwen2.5-7B-Instruct -> None requests
[2026-08-22 11:20:17.364 Model_Service_2] [PAPER-KV-V6] fetch Qwen/Qwen2.5-7B-Instruct -> None requests
[2026-08-22 11:20:17.375 Model_Service_2] [PAPER-KV-V6] fetch Qwen/Qwen2.5-7B-Instruct -> None requests
[2026-08-22 11:20:17.385 Model_Service_2] [PAPER-KV-V6] fetch Qwen/Qwen2.5-7B-Instruct -> None requests
[2026-08-22 11:20:17.396 Model_Service_2] [PAPER-KV-V6] fetch Qwen/Qwen2.5-7B-Instruct -> None requests
[2026-08-22 11:20:17.406 Model_Service_2] [PAPER-KV-V6] fetch Qwen/Qwen2.5-7B-Instruct -> None requests
[2026-08-22 11:20:17.417 Model_Service_2] [PAPER-KV-V6] fetch Qwen/Qwen2.5-7B-Instruct -> None requests
[2026-08-22 11:20:17.427 Model_Service_2] [PAPER-KV-V6] fetch Qwen/Qwen2.5-7B-Instruct -> None requests
[2026-08-22 11:20:17.438 Model_Service_2] [PAPER-KV-V6] fetch Qwen/Qwen2.5-7B-Instruct -> None requests
[2026-08-22 11:20:17.448 Model_Service_2] [PAPER-KV-V6] fetch Qwen/Qwen2.5-7B-Instruct -> None requests
[2026-08-22 11:20:17.459 Model_Service_2] [PAPER-KV-V6] fetch Qwen/Qwen2.5-7B-Instruct -> None requests
[2026-08-22 11:20:17.469 Model_Service_2] [PAPER-KV-V6] fetch Qwen/Qwen2.5-7B-Instruct -> None requests
[2026-08-22 11:20:17.480 Model_Service_2] [PAPER-KV-V6] fetch Qwen/Qwen2.5-7B-Instruct -> None requests
[2026-08-22 11:20:17.490 Model_Service_2] [PAPER-KV-V6] fetch Qwen/Qwen2.5-7B-Instruct -> None requests
[2026-08-22 11:20:17.501 Model_Service_2] [PAPER-KV-V6] fetch Qwen/Qwen2.5-7B-Instruct -> None requests
[2026-08-22 11:20:17.512 Model_Service_2] [PAPER-KV-V6] fetch Qwen/Qwen2.5-7B-Instruct -> None requests
[2026-08-22 11:20:17.522 Model_Service_2] [PAPER-KV-V6] fetch Qwen/Qwen2.5-7B-Instruct -> None requests
[2026-08-22 11:20:17.533 Model_Service_2] [PAPER-KV-V6] fetch Qwen/Qwen2.5-7B-Instruct -> None requests
[2026-08-22 11:20:17.543 Model_Service_2] [PAPER-KV-V6] fetch Qwen/Qwen2.5-7B-Instruct -> None requests
[2026-08-22 11:20:17.554 Model_Service_2] [PAPER-KV-V6] fetch Qwen/Qwen2.5-7B-Instruct -> None requests
[2026-08-22 11:20:17.564 Model_Service_2] [PAPER-KV-V6] fetch Qwen/Qwen2.5-7B-Instruct -> None requests
[2026-08-22 11:20:17.575 Model_Service_2] [PAPER-KV-V6] fetch Qwen/Qwen2.5-7B-Instruct -> None requests
[2026-08-22 11:20:17.585 Model_Service_2] [PAPER-KV-V6] fetch Qwen/Qwen2.5-7B-Instruct -> None requests
[2026-08-22 11:20:17.596 Model_Service_2] [PAPER-KV-V6] fetch Qwen/Qwen2.5-7B-Instruct -> None requests
[2026-08-22 11:20:17.606 Model_Service_2] [PAPER-KV-V6] fetch Qwen/Qwen2.5-7B-Instruct -> None requests
[2026-08-22 11:20:17.617 Model_Service_2] [PAPER-KV-V6] fetch Qwen/Qwen2.5-7B-Instruct -> None requests
[2026-08-22 11:20:17.627 Model_Service_2] [PAPER-KV-V6] fetch Qwen/Qwen2.5-7B-Instruct -> None requests
[2026-08-22 11:20:17.638 Model_Service_2] [PAPER-KV-V6] fetch Qwen/Qwen2.5-7B-Instruct -> None requests
[2026-08-22 11:20:17.648 Model_Service_2] [PAPER-KV-V6] fetch Qwen/Qwen2.5-7B-Instruct -> None requests
[2026-08-22 11:20:17.659 Model_Service_2] [PAPER-KV-V6] fetch Qwen/Qwen2.5-7B-Instruct -> None requests
[2026-08-22 11:20:17.669 Model_Service_2] [PAPER-KV-V6] fetch Qwen/Qwen2.5-7B-Instruct -> None requests
[2026-08-22 11:20:17.680 Model_Service_2] [PAPER-KV-V6] fetch Qwen/Qwen2.5-7B-Instruct -> None requests
[2026-08-22 11:20:17.691 Model_Service_2] [PAPER-KV-V6] fetch Qwen/Qwen2.5-7B-Instruct -> None requests
[2026-08-22 11:20:17.701 Model_Service_2] [PAPER-KV-V6] fetch Qwen/Qwen2.5-7B-Instruct -> None requests
[2026-08-22 11:20:17.712 Model_Service_2] [PAPER-KV-V6] fetch Qwen/Qwen2.5-7B-Instruct -> None requests
[2026-08-22 11:20:17.722 Model_Service_2] [PAPER-KV-V6] fetch Qwen/Qwen2.5-7B-Instruct -> None requests
[2026-08-22 11:20:17.733 Model_Service_2] [PAPER-KV-V6] fetch Qwen/Qwen2.5-7B-Instruct -> None requests
[2026-08-22 11:20:17.743 Model_Service_2] [PAPER-KV-V6] fetch Qwen/Qwen2.5-7B-Instruct -> None requests
[2026-08-22 11:20:17.754 Model_Service_2] [PAPER-KV-V6] fetch Qwen/Qwen2.5-7B-Instruct -> None requests
[2026-08-22 11:20:17.764 Model_Service_2] [PAPER-KV-V6] fetch Qwen/Qwen2.5-7B-Instruct -> None requests
[2026-08-22 11:20:17.775 Model_Service_2] [PAPER-KV-V6] fetch Qwen/Qwen2.5-7B-Instruct -> None requests
[2026-08-22 11:20:17.785 Model_Service_2] [PAPER-KV-V6] fetch Qwen/Qwen2.5-7B-Instruct -> None requests
[2026-08-22 11:20:17.796 Model_Service_2] [PAPER-KV-V6] fetch Qwen/Qwen2.5-7B-Instruct -> None requests
[2026-08-22 11:20:17.806 Model_Service_2] [PAPER-KV-V6] fetch Qwen/Qwen2.5-7B-Instruct -> None requests
[2026-08-22 11:20:17.817 Model_Service_2] [PAPER-KV-V6] fetch Qwen/Qwen2.5-7B-Instruct -> None requests
[2026-08-22 11:20:17.828 Model_Service_2] [PAPER-KV-V6] fetch Qwen/Qwen2.5-7B-Instruct -> None requests
[2026-08-22 11:20:17.838 Model_Service_2] [PAPER-KV-V6] fetch Qwen/Qwen2.5-7B-Instruct -> None requests
[2026-08-22 11:20:17.849 Model_Service_2] [PAPER-KV-V6] fetch Qwen/Qwen2.5-7B-Instruct -> None requests
[2026-08-22 11:20:17.859 Model_Service_2] [PAPER-KV-V6] fetch Qwen/Qwen2.5-7B-Instruct -> None requests
[2026-08-22 11:20:17.870 Model_Service_2] [PAPER-KV-V6] fetch Qwen/Qwen2.5-7B-Instruct -> None requests
[2026-08-22 11:20:17.880 Model_Service_2] [PAPER-KV-V6] fetch Qwen/Qwen2.5-7B-Instruct -> None requests
[2026-08-22 11:20:17.891 Model_Service_2] [PAPER-KV-V6] fetch Qwen/Qwen2.5-7B-Instruct -> None requests
[2026-08-22 11:20:17.901 Model_Service_2] [PAPER-KV-V6] fetch Qwen/Qwen2.5-7B-Instruct -> None requests
[2026-08-22 11:20:17.912 Model_Service_2] [PAPER-KV-V6] fetch Qwen/Qwen2.5-7B-Instruct -> None requests
[2026-08-22 11:20:17.922 Model_Service_2] [PAPER-KV-V6] fetch Qwen/Qwen2.5-7B-Instruct -> None requests
[2026-08-22 11:20:17.933 Model_Service_2] [PAPER-KV-V6] fetch Qwen/Qwen2.5-7B-Instruct -> None requests
[2026-08-22 11:20:17.943 Model_Service_2] [PAPER-KV-V6] fetch Qwen/Qwen2.5-7B-Instruct -> None requests
[2026-08-22 11:20:17.954 Model_Service_2] [PAPER-KV-V6] fetch Qwen/Qwen2.5-7B-Instruct -> None requests
[2026-08-22 11:20:17.964 Model_Service_2] [PAPER-KV-V6] fetch Qwen/Qwen2.5-7B-Instruct -> None requests
[2026-08-22 11:20:17.975 Model_Service_2] [PAPER-KV-V6] fetch Qwen/Qwen2.5-7B-Instruct -> None requests
[2026-08-22 11:20:17.985 Model_Service_2] [PAPER-KV-V6] fetch Qwen/Qwen2.5-7B-Instruct -> None requests
[2026-08-22 11:20:17.996 Model_Service_2] [PAPER-KV-V6] fetch Qwen/Qwen2.5-7B-Instruct -> None requests
[2026-08-22 11:20:18.006 Model_Service_2] [PAPER-KV-V6] fetch Qwen/Qwen2.5-7B-Instruct -> None requests
[2026-08-22 11:20:18.017 Model_Service_2] [PAPER-KV-V6] fetch Qwen/Qwen2.5-7B-Instruct -> None requests
[2026-08-22 11:20:18.027 Model_Service_2] [PAPER-KV-V6] fetch Qwen/Qwen2.5-7B-Instruct -> None requests
[2026-08-22 11:20:18.038 Model_Service_2] [PAPER-KV-V6] fetch Qwen/Qwen2.5-7B-Instruct -> None requests
[2026-08-22 11:20:18.048 Model_Service_2] [PAPER-KV-V6] fetch Qwen/Qwen2.5-7B-Instruct -> None requests
[2026-08-22 11:20:18.058 Model_Service_4] Model service 4 input queue is empty, waiting for next request
[2026-08-22 11:20:18.059 Model_Service_2] [PAPER-KV-V6] fetch Qwen/Qwen2.5-7B-Instruct -> None requests
[2026-08-22 11:20:18.069 Model_Service_2] [PAPER-KV-V6] fetch Qwen/Qwen2.5-7B-Instruct -> None requests
[2026-08-22 11:20:18.080 Model_Service_2] [PAPER-KV-V6] fetch Qwen/Qwen2.5-7B-Instruct -> None requests
[2026-08-22 11:20:18.090 Model_Service_2] [PAPER-KV-V6] fetch Qwen/Qwen2.5-7B-Instruct -> None requests
[2026-08-22 11:20:18.101 Model_Service_2] [PAPER-KV-V6] fetch Qwen/Qwen2.5-7B-Instruct -> None requests
[2026-08-22 11:20:18.111 Model_Service_2] [PAPER-KV-V6] fetch Qwen/Qwen2.5-7B-Instruct -> None requests
[2026-08-22 11:20:18.122 Model_Service_2] [PAPER-KV-V6] fetch Qwen/Qwen2.5-7B-Instruct -> None requests
[2026-08-22 11:20:18.133 Model_Service_2] [PAPER-KV-V6] fetch Qwen/Qwen2.5-7B-Instruct -> None requests
[2026-08-22 11:20:18.143 Model_Service_2] [PAPER-KV-V6] fetch Qwen/Qwen2.5-7B-Instruct -> None requests
[2026-08-22 11:20:18.154 Model_Service_2] [PAPER-KV-V6] fetch Qwen/Qwen2.5-7B-Instruct -> None requests
[2026-08-22 11:20:19.446 Model_Service_1] Model service 1 input queue is empty, waiting for next request
[2026-08-22 11:20:20.546 Model_Service_3] Model service 3 input queue is empty, waiting for next request
[2026-08-22 11:20:21.823 Model_Service_0] Model service 0 input queue is empty, waiting for next request
[2026-08-22 11:20:22.148 Model_Service_5] Model service 5 input queue is empty, waiting for next request
[2026-08-22 11:20:23.159 Model_Service_2] Model service 2 input queue is empty, waiting for next request
[2026-08-22 11:20:23.373 Model_Service_4] Model service 4 input queue is empty, waiting for next request
[2026-08-22 11:20:24.744 Model_Service_1] Model service 1 input queue is empty, waiting for next request
[2026-08-22 11:20:25.795 Model_Service_3] Model service 3 input queue is empty, waiting for next request
[2026-08-22 11:20:27.162 Model_Service_0] Model service 0 input queue is empty, waiting for next request
[2026-08-22 11:20:27.388 Model_Service_5] Model service 5 input queue is empty, waiting for next request
[2026-08-22 11:20:28.433 Model_Service_2] Model service 2 input queue is empty, waiting for next request
[2026-08-22 11:20:28.616 Model_Service_4] Model service 4 input queue is empty, waiting for next request
[2026-08-22 11:20:30.083 Model_Service_1] Model service 1 input queue is empty, waiting for next request
[2026-08-22 11:20:31.042 Model_Service_3] Model service 3 input queue is empty, waiting for next request
[2026-08-22 11:20:32.466 Model_Service_0] Model service 0 input queue is empty, waiting for next request
[2026-08-22 11:20:32.623 Model_Service_5] Model service 5 input queue is empty, waiting for next request
[2026-08-22 11:20:33.677 Model_Service_2] Model service 2 input queue is empty, waiting for next request
[2026-08-22 11:20:33.950 Model_Service_4] Model service 4 input queue is empty, waiting for next request
[2026-08-22 11:20:35.338 Model_Service_1] Model service 1 input queue is empty, waiting for next request
[2026-08-22 11:20:36.355 Model_Service_3] Model service 3 input queue is empty, waiting for next request
[2026-08-22 11:20:37.721 Model_Service_0] Model service 0 input queue is empty, waiting for next request
[2026-08-22 11:20:37.858 Model_Service_5] Model service 5 input queue is empty, waiting for next request
[2026-08-22 11:20:38.983 Model_Service_2] Model service 2 input queue is empty, waiting for next request
[2026-08-22 11:20:39.198 Model_Service_4] Model service 4 input queue is empty, waiting for next request
[2026-08-22 11:20:40.611 Model_Service_1] Model service 1 input queue is empty, waiting for next request
[2026-08-22 11:20:41.618 Model_Service_3] Model service 3 input queue is empty, waiting for next request
[2026-08-22 11:20:43.046 Model_Service_0] Model service 0 input queue is empty, waiting for next request
[2026-08-22 11:20:43.094 Model_Service_5] Model service 5 input queue is empty, waiting for next request
[2026-08-22 11:20:44.237 Model_Service_2] Model service 2 input queue is empty, waiting for next request
[2026-08-22 11:20:44.446 Model_Service_4] Model service 4 input queue is empty, waiting for next request
[2026-08-22 11:20:45.930 Model_Service_1] Model service 1 input queue is empty, waiting for next request
[2026-08-22 11:20:46.863 Model_Service_3] Model service 3 input queue is empty, waiting for next request
[2026-08-22 11:20:48.301 Model_Service_0] Model service 0 input queue is empty, waiting for next request
[2026-08-22 11:20:48.340 Model_Service_5] Model service 5 input queue is empty, waiting for next request
[2026-08-22 11:20:49.482 Model_Service_2] Model service 2 input queue is empty, waiting for next request
[2026-08-22 11:20:49.760 Model_Service_4] Model service 4 input queue is empty, waiting for next request
[2026-08-22 11:20:51.181 Model_Service_1] Model service 1 input queue is empty, waiting for next request
[2026-08-22 11:20:52.141 Model_Service_3] Model service 3 input queue is empty, waiting for next request
[2026-08-22 11:20:53.601 Model_Service_5] Model service 5 input queue is empty, waiting for next request
[2026-08-22 11:20:53.631 Model_Service_0] Model service 0 input queue is empty, waiting for next request
[2026-08-22 11:20:54.728 Model_Service_2] Model service 2 input queue is empty, waiting for next request
[2026-08-22 11:20:55.018 Model_Service_4] Model service 4 input queue is empty, waiting for next request
[2026-08-22 11:20:56.440 Model_Service_1] Model service 1 input queue is empty, waiting for next request
[2026-08-22 11:20:57.443 Model_Service_3] Model service 3 input queue is empty, waiting for next request
[2026-08-22 11:20:58.842 Model_Service_5] Model service 5 input queue is empty, waiting for next request
[2026-08-22 11:20:58.887 Model_Service_0] Model service 0 input queue is empty, waiting for next request
[2026-08-22 11:20:59.981 Model_Service_2] Model service 2 input queue is empty, waiting for next request
[2026-08-22 11:21:00.267 Model_Service_4] Model service 4 input queue is empty, waiting for next request
[2026-08-22 11:21:01.766 Model_Service_1] Model service 1 input queue is empty, waiting for next request
[2026-08-22 11:21:02.702 Model_Service_3] Model service 3 input queue is empty, waiting for next request
[2026-08-22 11:21:04.139 Model_Service_5] Model service 5 input queue is empty, waiting for next request
[2026-08-22 11:21:04.151 Model_Service_0] Model service 0 input queue is empty, waiting for next request
[2026-08-22 11:21:04.227 Model_Service_2] [PAPER-KV-V6] clear Qwen/Qwen2.5-7B-Instruct dropped=0
[2026-08-22 11:21:04.494 Model_Service_2] Model key: Qwen/Qwen2.5-7B-Instruct, engine id: 0_3, target gpu id: 0
[2026-08-22 11:21:05.531 Model_Service_4] Model service 4 input queue is empty, waiting for next request
[2026-08-22 11:21:05.768 Model_Service_2] [PAPER-LOAD-V4] {"tag": "Qwen/Qwen2.5-7B-Instruct|engine=0_3|src=1", "start_time": 1787397664.4975214, "end_time": 1787397665.768523, "policy": "paper", "split": 2, "pipeline_depth": null, "target_gpu": 0, "gpu_ids": [0, 1], "source": "gpu", "host_registered": true, "slices": 398, "payload_bytes": 15231233024, "bytes_h2d_direct": 0, "bytes_h2d_helper": 0, "bytes_p2p": 15231233024, "seconds": 1.2710005592089146, "payload_gbps": 11.983655643298926, "transfer_path": "gpu-to-gpu-p2p"}
[2026-08-22 11:21:06.025 Model_Service_2] Time taken to copy model to GPU 0, service 2, engine 0_3, model Qwen/Qwen2.5-7B-Instruct: 1.5308 seconds
[2026-08-22 11:21:07.033 Model_Service_1] Model service 1 input queue is empty, waiting for next request
[2026-08-22 11:21:07.947 Model_Service_3] Model service 3 input queue is empty, waiting for next request
[2026-08-22 11:21:08.508 Model_Service_2] [PAPER-KV-V6] relay-clone Qwen/Qwen2.5-7B-Instruct (18 requests)
[2026-08-22 11:21:08.508 Model_Service_2] [PAPER-KV-V6] stash Qwen/Qwen2.5-7B-Instruct from gpu 1 (18 requests)
[2026-08-22 11:21:08.906 Model_Service_2] [PAPER-LOAD-V4] release Qwen/Qwen2.5-7B-Instruct gpu 1 engine=1_2 held=0 held_engine=0_3 dropped=False
[2026-08-22 11:21:09.379 Model_Service_5] Model service 5 input queue is empty, waiting for next request
[2026-08-22 11:21:09.446 Model_Service_0] Model service 0 input queue is empty, waiting for next request
[2026-08-22 11:21:10.608 Model_Service_2] [PAPER-KV-V6] fetch Qwen/Qwen2.5-7B-Instruct -> 18 requests
[2026-08-22 11:21:10.834 Model_Service_4] Model service 4 input queue is empty, waiting for next request
[2026-08-22 11:21:12.287 Model_Service_1] Model service 1 input queue is empty, waiting for next request
[2026-08-22 11:21:13.188 Model_Service_3] Model service 3 input queue is empty, waiting for next request
[2026-08-22 11:21:14.615 Model_Service_5] Model service 5 input queue is empty, waiting for next request
[2026-08-22 11:21:14.691 Model_Service_0] Model service 0 input queue is empty, waiting for next request
[2026-08-22 11:21:16.076 Model_Service_4] Model service 4 input queue is empty, waiting for next request
[2026-08-22 11:21:16.090 Model_Service_2] Model service 2 input queue is empty, waiting for next request
[2026-08-22 11:21:17.569 Model_Service_1] Model service 1 input queue is empty, waiting for next request
[2026-08-22 11:21:18.470 Model_Service_3] Model service 3 input queue is empty, waiting for next request
[2026-08-22 11:21:19.854 Model_Service_5] Model service 5 input queue is empty, waiting for next request
[2026-08-22 11:21:19.927 Model_Service_0] Model service 0 input queue is empty, waiting for next request
[2026-08-22 11:21:21.337 Model_Service_4] Model service 4 input queue is empty, waiting for next request
[2026-08-22 11:21:21.345 Model_Service_2] Model service 2 input queue is empty, waiting for next request
[2026-08-22 11:21:22.871 Model_Service_1] Model service 1 input queue is empty, waiting for next request
[2026-08-22 11:21:23.763 Model_Service_3] Model service 3 input queue is empty, waiting for next request
[2026-08-22 11:21:25.092 Model_Service_5] Model service 5 input queue is empty, waiting for next request
[2026-08-22 11:21:25.191 Model_Service_0] Model service 0 input queue is empty, waiting for next request
[2026-08-22 11:21:26.578 Model_Service_4] Model service 4 input queue is empty, waiting for next request
[2026-08-22 11:21:26.652 Model_Service_2] Model service 2 input queue is empty, waiting for next request
[2026-08-22 11:21:28.137 Model_Service_1] Model service 1 input queue is empty, waiting for next request
[2026-08-22 11:21:29.014 Model_Service_3] Model service 3 input queue is empty, waiting for next request
[2026-08-22 11:21:30.334 Model_Service_5] Model service 5 input queue is empty, waiting for next request
[2026-08-22 11:21:30.482 Model_Service_0] Model service 0 input queue is empty, waiting for next request
[2026-08-22 11:21:31.850 Model_Service_4] Model service 4 input queue is empty, waiting for next request
[2026-08-22 11:21:31.922 Model_Service_2] Model service 2 input queue is empty, waiting for next request
[2026-08-22 11:21:33.391 Model_Service_1] Model service 1 input queue is empty, waiting for next request
[2026-08-22 11:21:34.260 Model_Service_3] Model service 3 input queue is empty, waiting for next request
[2026-08-22 11:21:35.568 Model_Service_5] Model service 5 input queue is empty, waiting for next request
[2026-08-22 11:21:35.732 Model_Service_0] Model service 0 input queue is empty, waiting for next request
[2026-08-22 11:21:36.322 Model_Service_2] [PAPER-KV-V6] clear Qwen/Qwen2.5-7B-Instruct dropped=0
[2026-08-22 11:21:37.132 Model_Service_4] Model service 4 input queue is empty, waiting for next request
[2026-08-22 11:21:37.799 Model_Service_2] Model key: Qwen/Qwen2.5-7B-Instruct, engine id: 1_3, target gpu id: 1
[2026-08-22 11:21:38.640 Model_Service_1] Model service 1 input queue is empty, waiting for next request
[2026-08-22 11:21:38.710 Model_Service_2] [PAPER-LOAD-V4] {"tag": "Qwen/Qwen2.5-7B-Instruct|engine=1_3|src=0", "start_time": 1787397697.8232143, "end_time": 1787397698.7098117, "policy": "paper", "split": 2, "pipeline_depth": null, "target_gpu": 1, "gpu_ids": [0, 1], "source": "gpu", "host_registered": true, "slices": 398, "payload_bytes": 15231233024, "bytes_h2d_direct": 0, "bytes_h2d_helper": 0, "bytes_p2p": 15231233024, "seconds": 0.8865952251944691, "payload_gbps": 17.179466560581943, "transfer_path": "gpu-to-gpu-p2p"}
[2026-08-22 11:21:38.966 Model_Service_2] Time taken to copy model to GPU 1, service 2, engine 1_3, model Qwen/Qwen2.5-7B-Instruct: 1.1666 seconds
[2026-08-22 11:21:39.444 Model_Service_2] [PAPER-KV-V6] relay-clone Qwen/Qwen2.5-7B-Instruct (3 requests)
[2026-08-22 11:21:39.444 Model_Service_2] [PAPER-KV-V6] stash Qwen/Qwen2.5-7B-Instruct from gpu 0 (3 requests)
[2026-08-22 11:21:39.512 Model_Service_3] Model service 3 input queue is empty, waiting for next request
[2026-08-22 11:21:39.814 Model_Service_2] [PAPER-LOAD-V4] release Qwen/Qwen2.5-7B-Instruct gpu 0 engine=0_3 held=1 held_engine=1_3 dropped=False
[2026-08-22 11:21:40.814 Model_Service_5] Model service 5 input queue is empty, waiting for next request
[2026-08-22 11:21:40.970 Model_Service_0] Model service 0 input queue is empty, waiting for next request
[2026-08-22 11:21:41.133 Model_Service_2] [PAPER-KV-V6] fetch Qwen/Qwen2.5-7B-Instruct -> 3 requests
[2026-08-22 11:21:42.374 Model_Service_4] Model service 4 input queue is empty, waiting for next request
[2026-08-22 11:21:43.902 Model_Service_1] Model service 1 input queue is empty, waiting for next request
[2026-08-22 11:21:44.756 Model_Service_3] Model service 3 input queue is empty, waiting for next request
[2026-08-22 11:21:46.090 Model_Service_5] Model service 5 input queue is empty, waiting for next request
[2026-08-22 11:21:46.139 Model_Service_2] Model service 2 input queue is empty, waiting for next request
[2026-08-22 11:21:46.208 Model_Service_0] Model service 0 input queue is empty, waiting for next request
[2026-08-22 11:21:47.610 Model_Service_4] Model service 4 input queue is empty, waiting for next request
[2026-08-22 11:21:49.191 Model_Service_1] Model service 1 input queue is empty, waiting for next request
[2026-08-22 11:21:50.033 Model_Service_3] Model service 3 input queue is empty, waiting for next request
[2026-08-22 11:21:51.334 Model_Service_5] Model service 5 input queue is empty, waiting for next request
[2026-08-22 11:21:51.463 Model_Service_2] Model service 2 input queue is empty, waiting for next request
[2026-08-22 11:21:51.490 Model_Service_0] Model service 0 input queue is empty, waiting for next request
[2026-08-22 11:21:52.866 Model_Service_4] Model service 4 input queue is empty, waiting for next request
[2026-08-22 11:21:54.439 Model_Service_1] Model service 1 input queue is empty, waiting for next request
[2026-08-22 11:21:55.313 Model_Service_3] Model service 3 input queue is empty, waiting for next request
[2026-08-22 11:21:55.337 Model_Service_2] [PAPER-KV-V6] relay-clone Qwen/Qwen2.5-7B-Instruct (0 requests)
[2026-08-22 11:21:55.337 Model_Service_2] [PAPER-KV-V6] stash Qwen/Qwen2.5-7B-Instruct from gpu 1 (0 requests)
[2026-08-22 11:21:56.279 Model_Service_2] [PAPER-LOAD-V4] release Qwen/Qwen2.5-7B-Instruct gpu 1 engine=1_3 held=1 held_engine=1_3 dropped=True
[2026-08-22 11:21:56.569 Model_Service_5] Model service 5 input queue is empty, waiting for next request
[2026-08-22 11:21:56.782 Model_Service_0] Model service 0 input queue is empty, waiting for next request
[2026-08-22 11:21:58.098 Model_Service_4] Model service 4 input queue is empty, waiting for next request
[2026-08-22 11:21:59.674 Model_Service_1] Model service 1 input queue is empty, waiting for next request
[2026-08-22 11:22:00.575 Model_Service_3] Model service 3 input queue is empty, waiting for next request
[2026-08-22 11:22:01.285 Model_Service_2] Model service 2 input queue is empty, waiting for next request
[2026-08-22 11:22:01.864 Model_Service_5] Model service 5 input queue is empty, waiting for next request
[2026-08-22 11:22:02.014 Model_Service_0] Model service 0 input queue is empty, waiting for next request
[2026-08-22 11:22:03.342 Model_Service_4] Model service 4 input queue is empty, waiting for next request
[2026-08-22 11:22:04.916 Model_Service_1] Model service 1 input queue is empty, waiting for next request
[2026-08-22 11:22:05.819 Model_Service_3] Model service 3 input queue is empty, waiting for next request
[2026-08-22 11:22:06.534 Model_Service_2] Model service 2 input queue is empty, waiting for next request
[2026-08-22 11:22:07.094 Model_Service_5] Model service 5 input queue is empty, waiting for next request
[2026-08-22 11:22:07.267 Model_Service_0] Model service 0 input queue is empty, waiting for next request
[2026-08-22 11:22:08.611 Model_Service_4] Model service 4 input queue is empty, waiting for next request
[2026-08-22 11:22:10.153 Model_Service_1] Model service 1 input queue is empty, waiting for next request
[2026-08-22 11:22:10.937 Model_Service_4] [PAPER-KV-V6] clear meta-llama/Llama-3.2-1B dropped=0
[2026-08-22 11:22:11.022 Model_Service_4] Model key: meta-llama/Llama-3.2-1B, engine id: 1_2, target gpu id: 1
[2026-08-22 11:22:11.059 Model_Service_3] Model service 3 input queue is empty, waiting for next request
[2026-08-22 11:22:11.209 Model_Service_4] [PAPER-LOAD-V4] {"tag": "meta-llama/Llama-3.2-1B|engine=1_2|src=0", "start_time": 1787397731.0251381, "end_time": 1787397731.2097716, "policy": "paper", "split": 2, "pipeline_depth": null, "target_gpu": 1, "gpu_ids": [0, 1], "source": "gpu", "host_registered": true, "slices": 198, "payload_bytes": 2996965376, "bytes_h2d_direct": 0, "bytes_h2d_helper": 0, "bytes_p2p": 2996965376, "seconds": 0.18463149201124907, "payload_gbps": 16.232146224639745, "transfer_path": "gpu-to-gpu-p2p"}
[2026-08-22 11:22:11.733 Model_Service_4] Time taken to copy model to GPU 1, service 4, engine 1_2, model meta-llama/Llama-3.2-1B: 0.7109 seconds
[2026-08-22 11:22:11.795 Model_Service_2] Model service 2 input queue is empty, waiting for next request
[2026-08-22 11:22:12.327 Model_Service_5] Model service 5 input queue is empty, waiting for next request
[2026-08-22 11:22:12.512 Model_Service_0] Model service 0 input queue is empty, waiting for next request
[2026-08-22 11:22:15.425 Model_Service_1] Model service 1 input queue is empty, waiting for next request
[2026-08-22 11:22:15.435 Model_Service_4] [PAPER-KV-V6] relay-clone meta-llama/Llama-3.2-1B (79 requests)
[2026-08-22 11:22:15.436 Model_Service_4] [PAPER-KV-V6] stash meta-llama/Llama-3.2-1B from gpu 0 (79 requests)
[2026-08-22 11:22:16.314 Model_Service_3] Model service 3 input queue is empty, waiting for next request
[2026-08-22 11:22:17.055 Model_Service_2] Model service 2 input queue is empty, waiting for next request
[2026-08-22 11:22:17.232 Model_Service_4] [PAPER-LOAD-V4] release meta-llama/Llama-3.2-1B gpu 0 engine=0_0 held=1 held_engine=1_2 dropped=False
[2026-08-22 11:22:17.558 Model_Service_5] Model service 5 input queue is empty, waiting for next request
[2026-08-22 11:22:17.781 Model_Service_0] Model service 0 input queue is empty, waiting for next request
[2026-08-22 11:22:18.014 Model_Service_4] [PAPER-KV-V6] fetch meta-llama/Llama-3.2-1B -> 79 requests
[2026-08-22 11:22:20.708 Model_Service_1] Model service 1 input queue is empty, waiting for next request
[2026-08-22 11:22:21.564 Model_Service_3] Model service 3 input queue is empty, waiting for next request
[2026-08-22 11:22:22.302 Model_Service_2] Model service 2 input queue is empty, waiting for next request
[2026-08-22 11:22:22.792 Model_Service_5] Model service 5 input queue is empty, waiting for next request
[2026-08-22 11:22:23.026 Model_Service_4] Model service 4 input queue is empty, waiting for next request
[2026-08-22 11:22:23.032 Model_Service_0] Model service 0 input queue is empty, waiting for next request
[2026-08-22 11:22:25.551 Model_Service_2] Model key: Qwen/Qwen2.5-7B-Instruct, engine id: 1_3, target gpu id: 1
[2026-08-22 11:22:25.958 Model_Service_1] Model service 1 input queue is empty, waiting for next request
[2026-08-22 11:22:26.094 Model_Service_2] [PAPER-LOAD-V4] {"tag": "Qwen/Qwen2.5-7B-Instruct|engine=1_3|src=None", "start_time": 1787397745.602728, "end_time": 1787397746.093852, "policy": "paper", "split": 2, "pipeline_depth": null, "target_gpu": 1, "gpu_ids": [0, 1], "source": "cpu", "host_registered": true, "slices": 398, "payload_bytes": 15231233024, "bytes_h2d_direct": 7615616512, "bytes_h2d_helper": 7615616512, "bytes_p2p": 7615616512, "seconds": 0.49111682805232704, "payload_gbps": 31.013461877093647, "transfer_path": "host-to-device + helper-gpu-p2p"}
[2026-08-22 11:22:26.098 Model_Service_2] Time taken to copy model to GPU 1, service 2, engine 1_3, model Qwen/Qwen2.5-7B-Instruct: 0.5475 seconds
[2026-08-22 11:22:26.818 Model_Service_3] Model service 3 input queue is empty, waiting for next request
[2026-08-22 11:22:28.024 Model_Service_5] Model service 5 input queue is empty, waiting for next request
[2026-08-22 11:22:28.233 Model_Service_2] [PAPER-KV-V6] fetch Qwen/Qwen2.5-7B-Instruct -> 0 requests
[2026-08-22 11:22:28.293 Model_Service_4] Model service 4 input queue is empty, waiting for next request
[2026-08-22 11:22:28.331 Model_Service_0] Model service 0 input queue is empty, waiting for next request
[2026-08-22 11:22:31.218 Model_Service_1] Model service 1 input queue is empty, waiting for next request
[2026-08-22 11:22:32.080 Model_Service_3] Model service 3 input queue is empty, waiting for next request
[2026-08-22 11:22:33.239 Model_Service_2] Model service 2 input queue is empty, waiting for next request
[2026-08-22 11:22:33.258 Model_Service_5] Model service 5 input queue is empty, waiting for next request
[2026-08-22 11:22:33.580 Model_Service_0] Model service 0 input queue is empty, waiting for next request
[2026-08-22 11:22:33.638 Model_Service_4] Model service 4 input queue is empty, waiting for next request
[2026-08-22 11:22:36.457 Model_Service_1] Model service 1 input queue is empty, waiting for next request
[2026-08-22 11:22:37.330 Model_Service_3] Model service 3 input queue is empty, waiting for next request
[2026-08-22 11:22:38.492 Model_Service_5] Model service 5 input queue is empty, waiting for next request
[2026-08-22 11:22:38.825 Model_Service_0] Model service 0 input queue is empty, waiting for next request
[2026-08-22 11:22:38.901 Model_Service_4] Model service 4 input queue is empty, waiting for next request
[2026-08-22 11:22:38.913 Model_Service_2] Model service 2 input queue is empty, waiting for next request
[2026-08-22 11:22:40.990 Model_Service_4] [PAPER-KV-V6] clear meta-llama/Llama-3.2-1B dropped=0
[2026-08-22 11:22:41.094 Model_Service_4] Model key: meta-llama/Llama-3.2-1B, engine id: 0_3, target gpu id: 0
[2026-08-22 11:22:41.431 Model_Service_4] [PAPER-LOAD-V4] {"tag": "meta-llama/Llama-3.2-1B|engine=0_3|src=1", "start_time": 1787397761.1097872, "end_time": 1787397761.431128, "policy": "paper", "split": 2, "pipeline_depth": null, "target_gpu": 0, "gpu_ids": [0, 1], "source": "gpu", "host_registered": true, "slices": 198, "payload_bytes": 2996965376, "bytes_h2d_direct": 0, "bytes_h2d_helper": 0, "bytes_p2p": 2996965376, "seconds": 0.3213400710374117, "payload_gbps": 9.326460177607546, "transfer_path": "gpu-to-gpu-p2p"}
[2026-08-22 11:22:41.702 Model_Service_1] Model service 1 input queue is empty, waiting for next request
[2026-08-22 11:22:41.964 Model_Service_4] Time taken to copy model to GPU 0, service 4, engine 0_3, model meta-llama/Llama-3.2-1B: 0.8703 seconds
[2026-08-22 11:22:42.624 Model_Service_3] Model service 3 input queue is empty, waiting for next request
[2026-08-22 11:22:43.722 Model_Service_5] Model service 5 input queue is empty, waiting for next request
[2026-08-22 11:22:44.071 Model_Service_0] Model service 0 input queue is empty, waiting for next request
[2026-08-22 11:22:44.141 Model_Service_4] [PAPER-KV-V6] relay-clone meta-llama/Llama-3.2-1B (10 requests)
[2026-08-22 11:22:44.141 Model_Service_4] [PAPER-KV-V6] stash meta-llama/Llama-3.2-1B from gpu 1 (10 requests)
[2026-08-22 11:22:44.235 Model_Service_2] Model service 2 input queue is empty, waiting for next request
[2026-08-22 11:22:44.536 Model_Service_4] [PAPER-LOAD-V4] release meta-llama/Llama-3.2-1B gpu 1 engine=1_2 held=0 held_engine=0_3 dropped=False
[2026-08-22 11:22:45.800 Model_Service_4] [PAPER-KV-V6] fetch meta-llama/Llama-3.2-1B -> 10 requests
[2026-08-22 11:22:46.967 Model_Service_1] Model service 1 input queue is empty, waiting for next request
[2026-08-22 11:22:47.872 Model_Service_3] Model service 3 input queue is empty, waiting for next request
[2026-08-22 11:22:48.949 Model_Service_5] Model service 5 input queue is empty, waiting for next request
[2026-08-22 11:22:49.317 Model_Service_0] Model service 0 input queue is empty, waiting for next request
[2026-08-22 11:22:49.494 Model_Service_2] Model service 2 input queue is empty, waiting for next request
[2026-08-22 11:22:50.840 Model_Service_4] Model service 4 input queue is empty, waiting for next request
[2026-08-22 11:22:52.243 Model_Service_1] Model service 1 input queue is empty, waiting for next request
[2026-08-22 11:22:53.111 Model_Service_3] Model service 3 input queue is empty, waiting for next request
[2026-08-22 11:22:54.202 Model_Service_5] Model service 5 input queue is empty, waiting for next request
[2026-08-22 11:22:54.589 Model_Service_0] Model service 0 input queue is empty, waiting for next request
[2026-08-22 11:22:54.806 Model_Service_2] Model service 2 input queue is empty, waiting for next request
[2026-08-22 11:22:57.241 Model_Service_4] Model service 4 input queue is empty, waiting for next request
[2026-08-22 11:22:57.544 Model_Service_1] Model service 1 input queue is empty, waiting for next request
[2026-08-22 11:22:58.360 Model_Service_3] Model service 3 input queue is empty, waiting for next request
[2026-08-22 11:22:59.438 Model_Service_5] Model service 5 input queue is empty, waiting for next request
[2026-08-22 11:22:59.834 Model_Service_0] Model service 0 input queue is empty, waiting for next request
[2026-08-22 11:23:00.059 Model_Service_2] Model service 2 input queue is empty, waiting for next request
[2026-08-22 11:23:02.511 Model_Service_4] Model service 4 input queue is empty, waiting for next request
[2026-08-22 11:23:02.790 Model_Service_1] Model service 1 input queue is empty, waiting for next request
[2026-08-22 11:23:03.358 Model_Service_0] [PAPER-KV-V6] relay-clone Qwen/Qwen2.5-1.5B-Instruct (0 requests)
[2026-08-22 11:23:03.358 Model_Service_0] [PAPER-KV-V6] stash Qwen/Qwen2.5-1.5B-Instruct from gpu 1 (0 requests)
[2026-08-22 11:23:03.597 Model_Service_3] Model service 3 input queue is empty, waiting for next request
[2026-08-22 11:23:04.680 Model_Service_5] Model service 5 input queue is empty, waiting for next request
[2026-08-22 11:23:05.145 Model_Service_0] [PAPER-LOAD-V4] release Qwen/Qwen2.5-1.5B-Instruct gpu 1 engine=1_0 held=1 held_engine=1_0 dropped=True
[2026-08-22 11:23:05.304 Model_Service_2] Model service 2 input queue is empty, waiting for next request
[2026-08-22 11:23:07.828 Model_Service_4] Model service 4 input queue is empty, waiting for next request
[2026-08-22 11:23:08.027 Model_Service_1] Model service 1 input queue is empty, waiting for next request
[2026-08-22 11:23:08.754 Model_Service_4] [PAPER-KV-V6] relay-clone meta-llama/Llama-3.2-1B (0 requests)
[2026-08-22 11:23:08.755 Model_Service_4] [PAPER-KV-V6] stash meta-llama/Llama-3.2-1B from gpu 0 (0 requests)
[2026-08-22 11:23:08.755 Model_Service_1] [PAPER-KV-V6] relay-clone Qwen/Qwen2.5-3B-Instruct (0 requests)
[2026-08-22 11:23:08.756 Model_Service_1] [PAPER-KV-V6] stash Qwen/Qwen2.5-3B-Instruct from gpu 0 (0 requests)
[2026-08-22 11:23:08.840 Model_Service_3] Model service 3 input queue is empty, waiting for next request
[2026-08-22 11:23:09.232 Model_Service_4] [PAPER-LOAD-V4] release meta-llama/Llama-3.2-1B gpu 0 engine=0_3 held=0 held_engine=0_3 dropped=True
[2026-08-22 11:23:09.424 Model_Service_1] [PAPER-LOAD-V4] release Qwen/Qwen2.5-3B-Instruct gpu 0 engine=0_1 held=0 held_engine=0_1 dropped=True
[2026-08-22 11:23:09.916 Model_Service_5] Model service 5 input queue is empty, waiting for next request
[2026-08-22 11:23:10.147 Model_Service_0] Model service 0 input queue is empty, waiting for next request
[2026-08-22 11:23:10.597 Model_Service_2] Model service 2 input queue is empty, waiting for next request
[2026-08-22 11:23:14.117 Model_Service_3] Model service 3 input queue is empty, waiting for next request
[2026-08-22 11:23:14.237 Model_Service_4] Model service 4 input queue is empty, waiting for next request
[2026-08-22 11:23:14.428 Model_Service_1] Model service 1 input queue is empty, waiting for next request
[2026-08-22 11:23:14.859 Model_Service_0] Model key: Qwen/Qwen2.5-1.5B-Instruct, engine id: 1_2, target gpu id: 1
[2026-08-22 11:23:15.191 Model_Service_5] Model service 5 input queue is empty, waiting for next request
[2026-08-22 11:23:15.546 Model_Service_0] [PAPER-LOAD-V4] {"tag": "Qwen/Qwen2.5-1.5B-Instruct|engine=1_2|src=None", "start_time": 1787397794.8623958, "end_time": 1787397795.5468652, "policy": "paper", "split": 2, "pipeline_depth": null, "target_gpu": 1, "gpu_ids": [0, 1], "source": "cpu", "host_registered": true, "slices": 398, "payload_bytes": 3554176000, "bytes_h2d_direct": 1777088000, "bytes_h2d_helper": 1777088000, "bytes_p2p": 1777088000, "seconds": 0.6844678579363972, "payload_gbps": 5.192611981394552, "transfer_path": "host-to-device + helper-gpu-p2p"}
[2026-08-22 11:23:15.549 Model_Service_0] Time taken to copy model to GPU 1, service 0, engine 1_2, model Qwen/Qwen2.5-1.5B-Instruct: 0.6899 seconds
[2026-08-22 11:23:15.885 Model_Service_2] Model service 2 input queue is empty, waiting for next request
[2026-08-22 11:23:16.413 Model_Service_0] [PAPER-KV-V6] fetch Qwen/Qwen2.5-1.5B-Instruct -> 0 requests
[2026-08-22 11:23:16.426 Model_Service_2] [PAPER-KV-V6] clear Qwen/Qwen2.5-7B-Instruct dropped=0
[2026-08-22 11:23:16.677 Model_Service_2] Model key: Qwen/Qwen2.5-7B-Instruct, engine id: 0_0, target gpu id: 0
[2026-08-22 11:23:17.854 Model_Service_2] [PAPER-LOAD-V4] {"tag": "Qwen/Qwen2.5-7B-Instruct|engine=0_0|src=1", "start_time": 1787397796.6808615, "end_time": 1787397797.8534234, "policy": "paper", "split": 2, "pipeline_depth": null, "target_gpu": 0, "gpu_ids": [0, 1], "source": "gpu", "host_registered": true, "slices": 398, "payload_bytes": 15231233024, "bytes_h2d_direct": 0, "bytes_h2d_helper": 0, "bytes_p2p": 15231233024, "seconds": 1.1725542589556426, "payload_gbps": 12.989789519476892, "transfer_path": "gpu-to-gpu-p2p"}
[2026-08-22 11:23:18.200 Model_Service_2] Time taken to copy model to GPU 0, service 2, engine 0_0, model Qwen/Qwen2.5-7B-Instruct: 1.5231 seconds
[2026-08-22 11:23:19.356 Model_Service_3] Model service 3 input queue is empty, waiting for next request
[2026-08-22 11:23:19.546 Model_Service_4] Model service 4 input queue is empty, waiting for next request
[2026-08-22 11:23:19.686 Model_Service_1] Model service 1 input queue is empty, waiting for next request
[2026-08-22 11:23:20.453 Model_Service_5] Model service 5 input queue is empty, waiting for next request
[2026-08-22 11:23:21.418 Model_Service_0] Model service 0 input queue is empty, waiting for next request
[2026-08-22 11:23:22.512 Model_Service_2] [PAPER-KV-V6] relay-clone Qwen/Qwen2.5-7B-Instruct (47 requests)
[2026-08-22 11:23:22.513 Model_Service_2] [PAPER-KV-V6] stash Qwen/Qwen2.5-7B-Instruct from gpu 1 (47 requests)
[2026-08-22 11:23:23.108 Model_Service_2] [PAPER-LOAD-V4] release Qwen/Qwen2.5-7B-Instruct gpu 1 engine=1_3 held=0 held_engine=0_0 dropped=False
[2026-08-22 11:23:24.149 Model_Service_2] [PAPER-KV-V6] fetch Qwen/Qwen2.5-7B-Instruct -> 47 requests
[2026-08-22 11:23:24.653 Model_Service_3] Model service 3 input queue is empty, waiting for next request
[2026-08-22 11:23:24.786 Model_Service_4] Model service 4 input queue is empty, waiting for next request
[2026-08-22 11:23:24.974 Model_Service_1] Model service 1 input queue is empty, waiting for next request
[2026-08-22 11:23:25.686 Model_Service_5] Model service 5 input queue is empty, waiting for next request
[2026-08-22 11:23:26.742 Model_Service_0] Model service 0 input queue is empty, waiting for next request
[2026-08-22 11:23:29.158 Model_Service_2] Model service 2 input queue is empty, waiting for next request
[2026-08-22 11:23:29.894 Model_Service_3] Model service 3 input queue is empty, waiting for next request
[2026-08-22 11:23:30.046 Model_Service_4] Model service 4 input queue is empty, waiting for next request
[2026-08-22 11:23:30.286 Model_Service_1] Model service 1 input queue is empty, waiting for next request
[2026-08-22 11:23:30.917 Model_Service_5] Model service 5 input queue is empty, waiting for next request
[2026-08-22 11:23:31.998 Model_Service_0] Model service 0 input queue is empty, waiting for next request
[2026-08-22 11:23:34.436 Model_Service_2] Model service 2 input queue is empty, waiting for next request
[2026-08-22 11:23:35.135 Model_Service_3] Model service 3 input queue is empty, waiting for next request
[2026-08-22 11:23:35.364 Model_Service_4] Model service 4 input queue is empty, waiting for next request
[2026-08-22 11:23:35.530 Model_Service_1] Model service 1 input queue is empty, waiting for next request
[2026-08-22 11:23:36.157 Model_Service_5] Model service 5 input queue is empty, waiting for next request
[2026-08-22 11:23:37.329 Model_Service_0] Model service 0 input queue is empty, waiting for next request
[2026-08-22 11:23:39.602 Model_Service_4] Model key: meta-llama/Llama-3.2-1B, engine id: 1_0, target gpu id: 1
[2026-08-22 11:23:39.748 Model_Service_4] [PAPER-LOAD-V4] {"tag": "meta-llama/Llama-3.2-1B|engine=1_0|src=None", "start_time": 1787397819.619556, "end_time": 1787397819.7487972, "policy": "paper", "split": 2, "pipeline_depth": null, "target_gpu": 1, "gpu_ids": [0, 1], "source": "cpu", "host_registered": true, "slices": 198, "payload_bytes": 2996965376, "bytes_h2d_direct": 1498482688, "bytes_h2d_helper": 1498482688, "bytes_p2p": 1498482688, "seconds": 0.12923993216827512, "payload_gbps": 23.18915930795941, "transfer_path": "host-to-device + helper-gpu-p2p"}
[2026-08-22 11:23:39.750 Model_Service_4] Time taken to copy model to GPU 1, service 4, engine 1_0, model meta-llama/Llama-3.2-1B: 0.1471 seconds
[2026-08-22 11:23:39.754 Model_Service_2] Model service 2 input queue is empty, waiting for next request
[2026-08-22 11:23:40.128 Model_Service_4] [PAPER-KV-V6] fetch meta-llama/Llama-3.2-1B -> 0 requests
[2026-08-22 11:23:40.375 Model_Service_3] Model service 3 input queue is empty, waiting for next request
[2026-08-22 11:23:40.835 Model_Service_1] Model service 1 input queue is empty, waiting for next request
[2026-08-22 11:23:41.395 Model_Service_5] Model service 5 input queue is empty, waiting for next request
[2026-08-22 11:23:42.592 Model_Service_0] Model service 0 input queue is empty, waiting for next request
[2026-08-22 11:23:45.045 Model_Service_2] Model service 2 input queue is empty, waiting for next request
[2026-08-22 11:23:45.133 Model_Service_4] Model service 4 input queue is empty, waiting for next request
[2026-08-22 11:23:45.614 Model_Service_3] Model service 3 input queue is empty, waiting for next request
[2026-08-22 11:23:46.129 Model_Service_1] Model service 1 input queue is empty, waiting for next request
[2026-08-22 11:23:46.633 Model_Service_5] Model service 5 input queue is empty, waiting for next request
[2026-08-22 11:23:47.859 Model_Service_0] Model service 0 input queue is empty, waiting for next request
[2026-08-22 11:23:49.195 Model_Service_0] [PAPER-KV-V6] clear Qwen/Qwen2.5-1.5B-Instruct dropped=0
[2026-08-22 11:23:49.463 Model_Service_0] Model key: Qwen/Qwen2.5-1.5B-Instruct, engine id: 0_3, target gpu id: 0
[2026-08-22 11:23:49.746 Model_Service_0] [PAPER-LOAD-V4] {"tag": "Qwen/Qwen2.5-1.5B-Instruct|engine=0_3|src=1", "start_time": 1787397829.4664533, "end_time": 1787397829.7463903, "policy": "paper", "split": 2, "pipeline_depth": null, "target_gpu": 0, "gpu_ids": [0, 1], "source": "gpu", "host_registered": true, "slices": 398, "payload_bytes": 3554176000, "bytes_h2d_direct": 0, "bytes_h2d_helper": 0, "bytes_p2p": 3554176000, "seconds": 0.27993610920384526, "payload_gbps": 12.696382792874722, "transfer_path": "gpu-to-gpu-p2p"}
[2026-08-22 11:23:49.985 Model_Service_0] Time taken to copy model to GPU 0, service 0, engine 0_3, model Qwen/Qwen2.5-1.5B-Instruct: 0.5221 seconds
[2026-08-22 11:23:50.355 Model_Service_2] Model service 2 input queue is empty, waiting for next request
[2026-08-22 11:23:50.859 Model_Service_3] Model service 3 input queue is empty, waiting for next request
[2026-08-22 11:23:50.891 Model_Service_4] Model service 4 input queue is empty, waiting for next request
[2026-08-22 11:23:51.381 Model_Service_1] Model service 1 input queue is empty, waiting for next request
[2026-08-22 11:23:51.886 Model_Service_5] Model service 5 input queue is empty, waiting for next request
[2026-08-22 11:23:53.881 Model_Service_0] [PAPER-KV-V6] relay-clone Qwen/Qwen2.5-1.5B-Instruct (60 requests)
[2026-08-22 11:23:53.881 Model_Service_0] [PAPER-KV-V6] stash Qwen/Qwen2.5-1.5B-Instruct from gpu 1 (60 requests)
[2026-08-22 11:23:55.598 Model_Service_2] Model service 2 input queue is empty, waiting for next request
[2026-08-22 11:23:55.878 Model_Service_0] [PAPER-LOAD-V4] release Qwen/Qwen2.5-1.5B-Instruct gpu 1 engine=1_2 held=0 held_engine=0_3 dropped=False
[2026-08-22 11:23:56.097 Model_Service_3] Model service 3 input queue is empty, waiting for next request
[2026-08-22 11:23:56.190 Model_Service_4] Model service 4 input queue is empty, waiting for next request
[2026-08-22 11:23:56.649 Model_Service_1] Model service 1 input queue is empty, waiting for next request
[2026-08-22 11:23:57.030 Model_Service_0] [PAPER-KV-V6] fetch Qwen/Qwen2.5-1.5B-Instruct -> 60 requests
[2026-08-22 11:23:57.126 Model_Service_5] Model service 5 input queue is empty, waiting for next request
[2026-08-22 11:24:00.870 Model_Service_2] Model service 2 input queue is empty, waiting for next request
[2026-08-22 11:24:01.335 Model_Service_3] Model service 3 input queue is empty, waiting for next request
[2026-08-22 11:24:01.466 Model_Service_4] Model service 4 input queue is empty, waiting for next request
[2026-08-22 11:24:01.960 Model_Service_1] Model service 1 input queue is empty, waiting for next request
[2026-08-22 11:24:02.041 Model_Service_0] Model service 0 input queue is empty, waiting for next request
[2026-08-22 11:24:02.366 Model_Service_5] Model service 5 input queue is empty, waiting for next request
[2026-08-22 11:24:06.169 Model_Service_2] Model service 2 input queue is empty, waiting for next request
[2026-08-22 11:24:06.566 Model_Service_3] Model service 3 input queue is empty, waiting for next request
[2026-08-22 11:24:06.718 Model_Service_4] Model service 4 input queue is empty, waiting for next request
[2026-08-22 11:24:07.206 Model_Service_1] Model service 1 input queue is empty, waiting for next request
[2026-08-22 11:24:07.298 Model_Service_0] Model service 0 input queue is empty, waiting for next request
[2026-08-22 11:24:07.604 Model_Service_5] Model service 5 input queue is empty, waiting for next request
[2026-08-22 11:24:11.408 Model_Service_2] Model service 2 input queue is empty, waiting for next request
[2026-08-22 11:24:11.814 Model_Service_3] Model service 3 input queue is empty, waiting for next request
[2026-08-22 11:24:11.972 Model_Service_4] Model service 4 input queue is empty, waiting for next request
[2026-08-22 11:24:12.457 Model_Service_1] Model service 1 input queue is empty, waiting for next request
[2026-08-22 11:24:12.630 Model_Service_0] Model service 0 input queue is empty, waiting for next request
[2026-08-22 11:24:12.849 Model_Service_5] Model service 5 input queue is empty, waiting for next request
[2026-08-22 11:24:16.657 Model_Service_2] Model service 2 input queue is empty, waiting for next request
[2026-08-22 11:24:17.082 Model_Service_3] Model service 3 input queue is empty, waiting for next request
[2026-08-22 11:24:17.241 Model_Service_4] Model service 4 input queue is empty, waiting for next request
[2026-08-22 11:24:17.733 Model_Service_1] Model service 1 input queue is empty, waiting for next request
[2026-08-22 11:24:17.915 Model_Service_0] Model service 0 input queue is empty, waiting for next request
[2026-08-22 11:24:18.086 Model_Service_5] Model service 5 input queue is empty, waiting for next request
[2026-08-22 11:24:19.311 Model_Service_0] [PAPER-KV-V6] clear Qwen/Qwen2.5-1.5B-Instruct dropped=0
[2026-08-22 11:24:20.120 Model_Service_0] Model key: Qwen/Qwen2.5-1.5B-Instruct, engine id: 1_3, target gpu id: 1
[2026-08-22 11:24:20.399 Model_Service_0] [PAPER-LOAD-V4] {"tag": "Qwen/Qwen2.5-1.5B-Instruct|engine=1_3|src=0", "start_time": 1787397860.1401703, "end_time": 1787397860.3996897, "policy": "paper", "split": 2, "pipeline_depth": null, "target_gpu": 1, "gpu_ids": [0, 1], "source": "gpu", "host_registered": true, "slices": 398, "payload_bytes": 3554176000, "bytes_h2d_direct": 0, "bytes_h2d_helper": 0, "bytes_p2p": 3554176000, "seconds": 0.25951843010261655, "payload_gbps": 13.69527396799772, "transfer_path": "gpu-to-gpu-p2p"}
[2026-08-22 11:24:20.656 Model_Service_0] Time taken to copy model to GPU 1, service 0, engine 1_3, model Qwen/Qwen2.5-1.5B-Instruct: 0.5355 seconds
[2026-08-22 11:24:21.951 Model_Service_2] Model service 2 input queue is empty, waiting for next request
[2026-08-22 11:24:22.322 Model_Service_3] Model service 3 input queue is empty, waiting for next request
[2026-08-22 11:24:22.542 Model_Service_4] Model service 4 input queue is empty, waiting for next request
[2026-08-22 11:24:23.034 Model_Service_1] Model service 1 input queue is empty, waiting for next request
[2026-08-22 11:24:23.351 Model_Service_5] Model service 5 input queue is empty, waiting for next request
[2026-08-22 11:24:25.275 Model_Service_0] [PAPER-KV-V6] relay-clone Qwen/Qwen2.5-1.5B-Instruct (79 requests)
[2026-08-22 11:24:25.276 Model_Service_0] [PAPER-KV-V6] stash Qwen/Qwen2.5-1.5B-Instruct from gpu 0 (79 requests)
[2026-08-22 11:24:26.661 Model_Service_0] [PAPER-LOAD-V4] release Qwen/Qwen2.5-1.5B-Instruct gpu 0 engine=0_3 held=1 held_engine=1_3 dropped=False
[2026-08-22 11:24:27.258 Model_Service_2] Model service 2 input queue is empty, waiting for next request
[2026-08-22 11:24:27.558 Model_Service_3] Model service 3 input queue is empty, waiting for next request
[2026-08-22 11:24:27.796 Model_Service_4] Model service 4 input queue is empty, waiting for next request
[2026-08-22 11:24:27.972 Model_Service_0] [PAPER-KV-V6] fetch Qwen/Qwen2.5-1.5B-Instruct -> 79 requests
[2026-08-22 11:24:28.282 Model_Service_1] Model service 1 input queue is empty, waiting for next request
[2026-08-22 11:24:28.595 Model_Service_5] Model service 5 input queue is empty, waiting for next request
[2026-08-22 11:24:32.504 Model_Service_2] Model service 2 input queue is empty, waiting for next request
[2026-08-22 11:24:32.792 Model_Service_3] Model service 3 input queue is empty, waiting for next request
[2026-08-22 11:24:32.979 Model_Service_0] Model service 0 input queue is empty, waiting for next request
[2026-08-22 11:24:33.036 Model_Service_4] Model service 4 input queue is empty, waiting for next request
[2026-08-22 11:24:33.526 Model_Service_1] Model service 1 input queue is empty, waiting for next request
[2026-08-22 11:24:33.834 Model_Service_5] Model service 5 input queue is empty, waiting for next request
[2026-08-22 11:24:37.751 Model_Service_2] Model service 2 input queue is empty, waiting for next request
[2026-08-22 11:24:38.078 Model_Service_3] Model service 3 input queue is empty, waiting for next request
[2026-08-22 11:24:38.282 Model_Service_4] Model service 4 input queue is empty, waiting for next request
[2026-08-22 11:24:38.770 Model_Service_1] Model service 1 input queue is empty, waiting for next request
[2026-08-22 11:24:39.074 Model_Service_5] Model service 5 input queue is empty, waiting for next request
[2026-08-22 11:24:39.335 Model_Service_0] Model service 0 input queue is empty, waiting for next request
[2026-08-22 11:24:40.546 Model_Service_1] Model key: Qwen/Qwen2.5-3B-Instruct, engine id: 1_2, target gpu id: 1
[2026-08-22 11:24:41.129 Model_Service_1] [PAPER-LOAD-V4] {"tag": "Qwen/Qwen2.5-3B-Instruct|engine=1_2|src=None", "start_time": 1787397880.5494964, "end_time": 1787397881.1295135, "policy": "paper", "split": 2, "pipeline_depth": null, "target_gpu": 1, "gpu_ids": [0, 1], "source": "cpu", "host_registered": true, "slices": 510, "payload_bytes": 6794207232, "bytes_h2d_direct": 3397103616, "bytes_h2d_helper": 3397103616, "bytes_p2p": 3397103616, "seconds": 0.5800161880906671, "payload_gbps": 11.713823461316808, "transfer_path": "host-to-device + helper-gpu-p2p"}
[2026-08-22 11:24:41.131 Model_Service_1] Time taken to copy model to GPU 1, service 1, engine 1_2, model Qwen/Qwen2.5-3B-Instruct: 0.5853 seconds
[2026-08-22 11:24:42.113 Model_Service_1] [PAPER-KV-V6] fetch Qwen/Qwen2.5-3B-Instruct -> 0 requests
[2026-08-22 11:24:43.023 Model_Service_2] Model service 2 input queue is empty, waiting for next request
[2026-08-22 11:24:43.314 Model_Service_3] Model service 3 input queue is empty, waiting for next request
[2026-08-22 11:24:43.542 Model_Service_4] Model service 4 input queue is empty, waiting for next request
[2026-08-22 11:24:44.313 Model_Service_5] Model service 5 input queue is empty, waiting for next request
[2026-08-22 11:24:44.672 Model_Service_0] Model service 0 input queue is empty, waiting for next request
[2026-08-22 11:24:47.118 Model_Service_1] Model service 1 input queue is empty, waiting for next request
[2026-08-22 11:24:48.291 Model_Service_2] Model service 2 input queue is empty, waiting for next request
[2026-08-22 11:24:48.546 Model_Service_3] Model service 3 input queue is empty, waiting for next request
[2026-08-22 11:24:48.826 Model_Service_4] Model service 4 input queue is empty, waiting for next request
[2026-08-22 11:24:49.593 Model_Service_5] Model service 5 input queue is empty, waiting for next request
[2026-08-22 11:24:49.934 Model_Service_0] Model service 0 input queue is empty, waiting for next request
[2026-08-22 11:24:52.410 Model_Service_1] Model service 1 input queue is empty, waiting for next request
[2026-08-22 11:24:53.603 Model_Service_2] Model service 2 input queue is empty, waiting for next request
[2026-08-22 11:24:53.778 Model_Service_3] Model service 3 input queue is empty, waiting for next request
[2026-08-22 11:24:54.122 Model_Service_4] Model service 4 input queue is empty, waiting for next request
[2026-08-22 11:24:54.852 Model_Service_5] Model service 5 input queue is empty, waiting for next request
[2026-08-22 11:24:55.262 Model_Service_0] Model service 0 input queue is empty, waiting for next request
[2026-08-22 11:24:57.666 Model_Service_1] Model service 1 input queue is empty, waiting for next request
[2026-08-22 11:24:58.860 Model_Service_2] Model service 2 input queue is empty, waiting for next request
[2026-08-22 11:24:59.010 Model_Service_3] Model service 3 input queue is empty, waiting for next request
[2026-08-22 11:24:59.382 Model_Service_4] Model service 4 input queue is empty, waiting for next request
[2026-08-22 11:25:00.094 Model_Service_5] Model service 5 input queue is empty, waiting for next request
[2026-08-22 11:25:00.545 Model_Service_0] Model service 0 input queue is empty, waiting for next request
[2026-08-22 11:25:02.911 Model_Service_1] Model service 1 input queue is empty, waiting for next request
[2026-08-22 11:25:04.116 Model_Service_2] Model service 2 input queue is empty, waiting for next request
[2026-08-22 11:25:04.243 Model_Service_3] Model service 3 input queue is empty, waiting for next request
[2026-08-22 11:25:04.626 Model_Service_4] Model service 4 input queue is empty, waiting for next request
[2026-08-22 11:25:05.336 Model_Service_5] Model service 5 input queue is empty, waiting for next request
[2026-08-22 11:25:05.822 Model_Service_0] Model service 0 input queue is empty, waiting for next request
[2026-08-22 11:25:06.071 Model_Service_4] [PAPER-KV-V6] clear meta-llama/Llama-3.2-1B dropped=0
[2026-08-22 11:25:06.188 Model_Service_4] Model key: meta-llama/Llama-3.2-1B, engine id: 0_1, target gpu id: 0
[2026-08-22 11:25:06.504 Model_Service_4] [PAPER-LOAD-V4] {"tag": "meta-llama/Llama-3.2-1B|engine=0_1|src=1", "start_time": 1787397906.1901515, "end_time": 1787397906.503911, "policy": "paper", "split": 2, "pipeline_depth": null, "target_gpu": 0, "gpu_ids": [0, 1], "source": "gpu", "host_registered": true, "slices": 198, "payload_bytes": 2996965376, "bytes_h2d_direct": 0, "bytes_h2d_helper": 0, "bytes_p2p": 2996965376, "seconds": 0.31373773515224457, "payload_gbps": 9.552454296088072, "transfer_path": "gpu-to-gpu-p2p"}
[2026-08-22 11:25:06.755 Model_Service_4] Time taken to copy model to GPU 0, service 4, engine 0_1, model meta-llama/Llama-3.2-1B: 0.5674 seconds
[2026-08-22 11:25:07.513 Model_Service_4] [PAPER-KV-V6] relay-clone meta-llama/Llama-3.2-1B (0 requests)
[2026-08-22 11:25:07.513 Model_Service_4] [PAPER-KV-V6] stash meta-llama/Llama-3.2-1B from gpu 1 (0 requests)
[2026-08-22 11:25:07.925 Model_Service_4] [PAPER-LOAD-V4] release meta-llama/Llama-3.2-1B gpu 1 engine=1_0 held=0 held_engine=0_1 dropped=False
[2026-08-22 11:25:08.162 Model_Service_1] Model service 1 input queue is empty, waiting for next request
[2026-08-22 11:25:09.049 Model_Service_4] [PAPER-KV-V6] fetch meta-llama/Llama-3.2-1B -> 0 requests
[2026-08-22 11:25:09.378 Model_Service_2] Model service 2 input queue is empty, waiting for next request
[2026-08-22 11:25:09.478 Model_Service_3] Model service 3 input queue is empty, waiting for next request
[2026-08-22 11:25:10.589 Model_Service_5] Model service 5 input queue is empty, waiting for next request
[2026-08-22 11:25:11.134 Model_Service_0] Model service 0 input queue is empty, waiting for next request
[2026-08-22 11:25:13.402 Model_Service_1] Model service 1 input queue is empty, waiting for next request
[2026-08-22 11:25:14.055 Model_Service_4] Model service 4 input queue is empty, waiting for next request
[2026-08-22 11:25:14.639 Model_Service_2] Model service 2 input queue is empty, waiting for next request
[2026-08-22 11:25:14.721 Model_Service_3] Model service 3 input queue is empty, waiting for next request
[2026-08-22 11:25:15.822 Model_Service_5] Model service 5 input queue is empty, waiting for next request
[2026-08-22 11:25:16.402 Model_Service_0] Model service 0 input queue is empty, waiting for next request
[2026-08-22 11:25:16.861 Model_Service_4] [PAPER-KV-V6] relay-clone meta-llama/Llama-3.2-1B (0 requests)
[2026-08-22 11:25:16.862 Model_Service_4] [PAPER-KV-V6] stash meta-llama/Llama-3.2-1B from gpu 0 (0 requests)
[2026-08-22 11:25:17.479 Model_Service_4] [PAPER-LOAD-V4] release meta-llama/Llama-3.2-1B gpu 0 engine=0_1 held=0 held_engine=0_1 dropped=True
[2026-08-22 11:25:18.669 Model_Service_1] Model service 1 input queue is empty, waiting for next request
[2026-08-22 11:25:19.930 Model_Service_2] Model service 2 input queue is empty, waiting for next request
[2026-08-22 11:25:19.969 Model_Service_3] Model service 3 input queue is empty, waiting for next request
[2026-08-22 11:25:21.054 Model_Service_5] Model service 5 input queue is empty, waiting for next request
[2026-08-22 11:25:21.719 Model_Service_0] Model service 0 input queue is empty, waiting for next request
[2026-08-22 11:25:22.484 Model_Service_4] Model service 4 input queue is empty, waiting for next request
[2026-08-22 11:25:23.972 Model_Service_1] Model service 1 input queue is empty, waiting for next request
[2026-08-22 11:25:25.220 Model_Service_3] Model service 3 input queue is empty, waiting for next request
[2026-08-22 11:25:25.248 Model_Service_2] Model service 2 input queue is empty, waiting for next request
[2026-08-22 11:25:26.309 Model_Service_5] Model service 5 input queue is empty, waiting for next request
[2026-08-22 11:25:26.984 Model_Service_0] Model service 0 input queue is empty, waiting for next request
[2026-08-22 11:25:27.801 Model_Service_4] Model service 4 input queue is empty, waiting for next request
[2026-08-22 11:25:29.241 Model_Service_1] Model service 1 input queue is empty, waiting for next request
[2026-08-22 11:25:30.472 Model_Service_3] Model service 3 input queue is empty, waiting for next request
[2026-08-22 11:25:30.506 Model_Service_2] Model service 2 input queue is empty, waiting for next request
[2026-08-22 11:25:31.544 Model_Service_5] Model service 5 input queue is empty, waiting for next request
[2026-08-22 11:25:32.232 Model_Service_0] Model service 0 input queue is empty, waiting for next request
[2026-08-22 11:25:33.071 Model_Service_4] Model service 4 input queue is empty, waiting for next request
[2026-08-22 11:25:34.483 Model_Service_1] Model service 1 input queue is empty, waiting for next request
[2026-08-22 11:25:35.724 Model_Service_3] Model service 3 input queue is empty, waiting for next request
[2026-08-22 11:25:35.765 Model_Service_2] Model service 2 input queue is empty, waiting for next request
[2026-08-22 11:25:36.774 Model_Service_5] Model service 5 input queue is empty, waiting for next request
[2026-08-22 11:25:37.321 Model_Service_0] [PAPER-KV-V6] clear Qwen/Qwen2.5-1.5B-Instruct dropped=0
[2026-08-22 11:25:37.459 Model_Service_0] Model key: Qwen/Qwen2.5-1.5B-Instruct, engine id: 0_3, target gpu id: 0
[2026-08-22 11:25:37.771 Model_Service_0] [PAPER-LOAD-V4] {"tag": "Qwen/Qwen2.5-1.5B-Instruct|engine=0_3|src=1", "start_time": 1787397937.4884567, "end_time": 1787397937.7715406, "policy": "paper", "split": 2, "pipeline_depth": null, "target_gpu": 0, "gpu_ids": [0, 1], "source": "gpu", "host_registered": true, "slices": 398, "payload_bytes": 3554176000, "bytes_h2d_direct": 0, "bytes_h2d_helper": 0, "bytes_p2p": 3554176000, "seconds": 0.283082181122154, "payload_gbps": 12.555279833972744, "transfer_path": "gpu-to-gpu-p2p"}
[2026-08-22 11:25:38.121 Model_Service_0] Time taken to copy model to GPU 0, service 0, engine 0_3, model Qwen/Qwen2.5-1.5B-Instruct: 0.6622 seconds
[2026-08-22 11:25:38.394 Model_Service_4] Model service 4 input queue is empty, waiting for next request
[2026-08-22 11:25:39.544 Model_Service_0] [PAPER-KV-V6] relay-clone Qwen/Qwen2.5-1.5B-Instruct (20 requests)
[2026-08-22 11:25:39.544 Model_Service_0] [PAPER-KV-V6] stash Qwen/Qwen2.5-1.5B-Instruct from gpu 1 (20 requests)
[2026-08-22 11:25:39.729 Model_Service_1] Model service 1 input queue is empty, waiting for next request
[2026-08-22 11:25:41.008 Model_Service_3] Model service 3 input queue is empty, waiting for next request
[2026-08-22 11:25:41.024 Model_Service_2] Model service 2 input queue is empty, waiting for next request
[2026-08-22 11:25:41.131 Model_Service_0] [PAPER-LOAD-V4] release Qwen/Qwen2.5-1.5B-Instruct gpu 1 engine=1_3 held=0 held_engine=0_3 dropped=False
[2026-08-22 11:25:42.008 Model_Service_5] Model service 5 input queue is empty, waiting for next request
[2026-08-22 11:25:42.261 Model_Service_0] [PAPER-KV-V6] fetch Qwen/Qwen2.5-1.5B-Instruct -> 20 requests
[2026-08-22 11:25:43.643 Model_Service_4] Model service 4 input queue is empty, waiting for next request
[2026-08-22 11:25:44.975 Model_Service_1] Model service 1 input queue is empty, waiting for next request
[2026-08-22 11:25:46.250 Model_Service_3] Model service 3 input queue is empty, waiting for next request
[2026-08-22 11:25:46.273 Model_Service_2] Model service 2 input queue is empty, waiting for next request
[2026-08-22 11:25:47.246 Model_Service_5] Model service 5 input queue is empty, waiting for next request
[2026-08-22 11:25:47.266 Model_Service_0] Model service 0 input queue is empty, waiting for next request
[2026-08-22 11:25:48.918 Model_Service_4] Model service 4 input queue is empty, waiting for next request
[2026-08-22 11:25:50.242 Model_Service_1] Model service 1 input queue is empty, waiting for next request
[2026-08-22 11:25:51.490 Model_Service_3] Model service 3 input queue is empty, waiting for next request
[2026-08-22 11:25:51.543 Model_Service_2] Model service 2 input queue is empty, waiting for next request
[2026-08-22 11:25:52.484 Model_Service_5] Model service 5 input queue is empty, waiting for next request
[2026-08-22 11:25:53.943 Model_Service_0] Model service 0 input queue is empty, waiting for next request
[2026-08-22 11:25:54.242 Model_Service_4] Model service 4 input queue is empty, waiting for next request
[2026-08-22 11:25:55.499 Model_Service_1] Model service 1 input queue is empty, waiting for next request
[2026-08-22 11:25:56.746 Model_Service_3] Model service 3 input queue is empty, waiting for next request
[2026-08-22 11:25:56.797 Model_Service_2] Model service 2 input queue is empty, waiting for next request
[2026-08-22 11:25:57.720 Model_Service_5] Model service 5 input queue is empty, waiting for next request
[2026-08-22 11:25:59.310 Model_Service_0] Model service 0 input queue is empty, waiting for next request
[2026-08-22 11:25:59.489 Model_Service_4] Model service 4 input queue is empty, waiting for next request
[2026-08-22 11:26:00.789 Model_Service_1] Model service 1 input queue is empty, waiting for next request
[2026-08-22 11:26:02.042 Model_Service_2] Model service 2 input queue is empty, waiting for next request
[2026-08-22 11:26:02.044 Model_Service_3] Model service 3 input queue is empty, waiting for next request
[2026-08-22 11:26:02.954 Model_Service_5] Model service 5 input queue is empty, waiting for next request
[2026-08-22 11:26:03.285 Model_Service_4] Model key: meta-llama/Llama-3.2-1B, engine id: 1_0, target gpu id: 1
[2026-08-22 11:26:03.699 Model_Service_4] [PAPER-LOAD-V4] {"tag": "meta-llama/Llama-3.2-1B|engine=1_0|src=None", "start_time": 1787397963.2983782, "end_time": 1787397963.698872, "policy": "paper", "split": 2, "pipeline_depth": null, "target_gpu": 1, "gpu_ids": [0, 1], "source": "cpu", "host_registered": true, "slices": 198, "payload_bytes": 2996965376, "bytes_h2d_direct": 1498482688, "bytes_h2d_helper": 1498482688, "bytes_p2p": 1498482688, "seconds": 0.4004922320600599, "payload_gbps": 7.483204756766816, "transfer_path": "host-to-device + helper-gpu-p2p"}
[2026-08-22 11:26:03.700 Model_Service_4] Time taken to copy model to GPU 1, service 4, engine 1_0, model meta-llama/Llama-3.2-1B: 0.4146 seconds
[2026-08-22 11:26:04.634 Model_Service_0] Model service 0 input queue is empty, waiting for next request
[2026-08-22 11:26:04.770 Model_Service_4] [PAPER-KV-V6] fetch meta-llama/Llama-3.2-1B -> 0 requests
[2026-08-22 11:26:06.041 Model_Service_1] Model service 1 input queue is empty, waiting for next request
[2026-08-22 11:26:07.282 Model_Service_3] Model service 3 input queue is empty, waiting for next request
[2026-08-22 11:26:07.344 Model_Service_2] Model service 2 input queue is empty, waiting for next request
[2026-08-22 11:26:08.184 Model_Service_5] Model service 5 input queue is empty, waiting for next request
[2026-08-22 11:26:08.290 Model_Service_1] [PAPER-KV-V6] clear Qwen/Qwen2.5-3B-Instruct dropped=0
[2026-08-22 11:26:09.307 Model_Service_1] Model key: Qwen/Qwen2.5-3B-Instruct, engine id: 0_1, target gpu id: 0
[2026-08-22 11:26:09.776 Model_Service_4] Model service 4 input queue is empty, waiting for next request
[2026-08-22 11:26:09.882 Model_Service_0] Model service 0 input queue is empty, waiting for next request
[2026-08-22 11:26:09.929 Model_Service_1] [PAPER-LOAD-V4] {"tag": "Qwen/Qwen2.5-3B-Instruct|engine=0_1|src=1", "start_time": 1787397969.3111637, "end_time": 1787397969.9296005, "policy": "paper", "split": 2, "pipeline_depth": null, "target_gpu": 0, "gpu_ids": [0, 1], "source": "gpu", "host_registered": true, "slices": 510, "payload_bytes": 6794207232, "bytes_h2d_direct": 0, "bytes_h2d_helper": 0, "bytes_p2p": 6794207232, "seconds": 0.6184352489653975, "payload_gbps": 10.986125456733381, "transfer_path": "gpu-to-gpu-p2p"}
[2026-08-22 11:26:10.258 Model_Service_1] Time taken to copy model to GPU 0, service 1, engine 0_1, model Qwen/Qwen2.5-3B-Instruct: 0.9501 seconds
[2026-08-22 11:26:12.520 Model_Service_3] Model service 3 input queue is empty, waiting for next request
[2026-08-22 11:26:12.593 Model_Service_2] Model service 2 input queue is empty, waiting for next request
[2026-08-22 11:26:13.417 Model_Service_5] Model service 5 input queue is empty, waiting for next request
[2026-08-22 11:26:13.680 Model_Service_1] [PAPER-KV-V6] relay-clone Qwen/Qwen2.5-3B-Instruct (33 requests)
[2026-08-22 11:26:13.680 Model_Service_1] [PAPER-KV-V6] stash Qwen/Qwen2.5-3B-Instruct from gpu 1 (33 requests)
[2026-08-22 11:26:14.200 Model_Service_1] [PAPER-LOAD-V4] release Qwen/Qwen2.5-3B-Instruct gpu 1 engine=1_2 held=0 held_engine=0_1 dropped=False
[2026-08-22 11:26:15.095 Model_Service_4] Model service 4 input queue is empty, waiting for next request
[2026-08-22 11:26:15.220 Model_Service_0] Model service 0 input queue is empty, waiting for next request
[2026-08-22 11:26:15.295 Model_Service_1] [PAPER-KV-V6] fetch Qwen/Qwen2.5-3B-Instruct -> 33 requests
[2026-08-22 11:26:17.754 Model_Service_3] Model service 3 input queue is empty, waiting for next request
[2026-08-22 11:26:17.837 Model_Service_2] Model service 2 input queue is empty, waiting for next request
[2026-08-22 11:26:18.659 Model_Service_5] Model service 5 input queue is empty, waiting for next request
[2026-08-22 11:26:20.308 Model_Service_1] Model service 1 input queue is empty, waiting for next request
[2026-08-22 11:26:20.345 Model_Service_4] Model service 4 input queue is empty, waiting for next request
[2026-08-22 11:26:20.474 Model_Service_0] Model service 0 input queue is empty, waiting for next request
[2026-08-22 11:26:22.990 Model_Service_3] Model service 3 input queue is empty, waiting for next request
[2026-08-22 11:26:23.086 Model_Service_2] Model service 2 input queue is empty, waiting for next request
[2026-08-22 11:26:23.915 Model_Service_5] Model service 5 input queue is empty, waiting for next request
[2026-08-22 11:26:25.549 Model_Service_1] Model service 1 input queue is empty, waiting for next request
[2026-08-22 11:26:25.602 Model_Service_4] Model service 4 input queue is empty, waiting for next request
[2026-08-22 11:26:25.722 Model_Service_0] Model service 0 input queue is empty, waiting for next request
[2026-08-22 11:26:28.238 Model_Service_3] Model service 3 input queue is empty, waiting for next request
[2026-08-22 11:26:28.330 Model_Service_2] Model service 2 input queue is empty, waiting for next request
[2026-08-22 11:26:29.143 Model_Service_5] Model service 5 input queue is empty, waiting for next request
[2026-08-22 11:26:30.806 Model_Service_1] Model service 1 input queue is empty, waiting for next request
[2026-08-22 11:26:30.891 Model_Service_4] Model service 4 input queue is empty, waiting for next request
[2026-08-22 11:26:31.044 Model_Service_0] Model service 0 input queue is empty, waiting for next request
[2026-08-22 11:26:33.470 Model_Service_3] Model service 3 input queue is empty, waiting for next request
[2026-08-22 11:26:33.574 Model_Service_2] Model service 2 input queue is empty, waiting for next request
[2026-08-22 11:26:34.374 Model_Service_5] Model service 5 input queue is empty, waiting for next request
[2026-08-22 11:26:36.115 Model_Service_1] Model service 1 input queue is empty, waiting for next request
[2026-08-22 11:26:36.182 Model_Service_4] Model service 4 input queue is empty, waiting for next request
[2026-08-22 11:26:36.317 Model_Service_0] Model service 0 input queue is empty, waiting for next request
[2026-08-22 11:26:38.709 Model_Service_3] Model service 3 input queue is empty, waiting for next request
[2026-08-22 11:26:38.820 Model_Service_2] Model service 2 input queue is empty, waiting for next request
[2026-08-22 11:26:39.605 Model_Service_5] Model service 5 input queue is empty, waiting for next request
[2026-08-22 11:26:39.635 Model_Service_2] [PAPER-KV-V6] clear Qwen/Qwen2.5-7B-Instruct dropped=0
[2026-08-22 11:26:41.362 Model_Service_1] Model service 1 input queue is empty, waiting for next request
[2026-08-22 11:26:41.431 Model_Service_4] Model service 4 input queue is empty, waiting for next request
[2026-08-22 11:26:41.565 Model_Service_0] Model service 0 input queue is empty, waiting for next request
[2026-08-22 11:26:42.754 Model_Service_2] Model key: Qwen/Qwen2.5-7B-Instruct, engine id: 1_3, target gpu id: 1
[2026-08-22 11:26:43.670 Model_Service_2] [PAPER-LOAD-V4] {"tag": "Qwen/Qwen2.5-7B-Instruct|engine=1_3|src=0", "start_time": 1787398002.8276458, "end_time": 1787398003.6700768, "policy": "paper", "split": 2, "pipeline_depth": null, "target_gpu": 1, "gpu_ids": [0, 1], "source": "gpu", "host_registered": true, "slices": 398, "payload_bytes": 15231233024, "bytes_h2d_direct": 0, "bytes_h2d_helper": 0, "bytes_p2p": 15231233024, "seconds": 0.8424295159056783, "payload_gbps": 18.080127460426432, "transfer_path": "gpu-to-gpu-p2p"}
[2026-08-22 11:26:43.958 Model_Service_3] Model service 3 input queue is empty, waiting for next request
[2026-08-22 11:26:44.007 Model_Service_2] Time taken to copy model to GPU 1, service 2, engine 1_3, model Qwen/Qwen2.5-7B-Instruct: 1.2526 seconds
[2026-08-22 11:26:44.834 Model_Service_5] Model service 5 input queue is empty, waiting for next request
[2026-08-22 11:26:44.952 Model_Service_2] [PAPER-KV-V6] relay-clone Qwen/Qwen2.5-7B-Instruct (0 requests)
[2026-08-22 11:26:44.953 Model_Service_2] [PAPER-KV-V6] stash Qwen/Qwen2.5-7B-Instruct from gpu 0 (0 requests)
[2026-08-22 11:26:46.454 Model_Service_2] [PAPER-LOAD-V4] release Qwen/Qwen2.5-7B-Instruct gpu 0 engine=0_0 held=1 held_engine=1_3 dropped=False
[2026-08-22 11:26:46.612 Model_Service_1] Model service 1 input queue is empty, waiting for next request
[2026-08-22 11:26:46.676 Model_Service_4] Model service 4 input queue is empty, waiting for next request
[2026-08-22 11:26:46.834 Model_Service_0] Model service 0 input queue is empty, waiting for next request
[2026-08-22 11:26:47.731 Model_Service_2] [PAPER-KV-V6] fetch Qwen/Qwen2.5-7B-Instruct -> 0 requests
[2026-08-22 11:26:49.197 Model_Service_3] Model service 3 input queue is empty, waiting for next request
[2026-08-22 11:26:50.086 Model_Service_5] Model service 5 input queue is empty, waiting for next request
[2026-08-22 11:26:51.934 Model_Service_1] Model service 1 input queue is empty, waiting for next request
[2026-08-22 11:26:51.947 Model_Service_4] Model service 4 input queue is empty, waiting for next request
[2026-08-22 11:26:52.138 Model_Service_0] Model service 0 input queue is empty, waiting for next request
[2026-08-22 11:26:52.738 Model_Service_2] Model service 2 input queue is empty, waiting for next request
[2026-08-22 11:26:53.173 Model_Service_5] [PAPER-KV-V6] relay-clone meta-llama/Llama-3.2-3B (0 requests)
[2026-08-22 11:26:53.174 Model_Service_5] [PAPER-KV-V6] stash meta-llama/Llama-3.2-3B from gpu 1 (0 requests)
[2026-08-22 11:26:54.436 Model_Service_3] Model service 3 input queue is empty, waiting for next request
[2026-08-22 11:26:54.899 Model_Service_5] [PAPER-LOAD-V4] release meta-llama/Llama-3.2-3B gpu 1 engine=1_1 held=1 held_engine=1_1 dropped=True
[2026-08-22 11:26:57.218 Model_Service_1] Model service 1 input queue is empty, waiting for next request
[2026-08-22 11:26:57.237 Model_Service_4] Model service 4 input queue is empty, waiting for next request
[2026-08-22 11:26:57.412 Model_Service_0] Model service 0 input queue is empty, waiting for next request
[2026-08-22 11:26:58.722 Model_Service_2] Model service 2 input queue is empty, waiting for next request
[2026-08-22 11:26:59.677 Model_Service_3] Model service 3 input queue is empty, waiting for next request
[2026-08-22 11:26:59.904 Model_Service_5] Model service 5 input queue is empty, waiting for next request
[2026-08-22 11:27:02.472 Model_Service_1] Model service 1 input queue is empty, waiting for next request
[2026-08-22 11:27:02.507 Model_Service_4] Model service 4 input queue is empty, waiting for next request
[2026-08-22 11:27:02.658 Model_Service_0] Model service 0 input queue is empty, waiting for next request
[2026-08-22 11:27:04.050 Model_Service_2] Model service 2 input queue is empty, waiting for next request
[2026-08-22 11:27:04.947 Model_Service_3] Model service 3 input queue is empty, waiting for next request
[2026-08-22 11:27:05.163 Model_Service_5] Model service 5 input queue is empty, waiting for next request
[2026-08-22 11:27:07.726 Model_Service_1] Model service 1 input queue is empty, waiting for next request
[2026-08-22 11:27:07.760 Model_Service_4] Model service 4 input queue is empty, waiting for next request
[2026-08-22 11:27:07.904 Model_Service_0] Model service 0 input queue is empty, waiting for next request
[2026-08-22 11:27:09.339 Model_Service_2] Model service 2 input queue is empty, waiting for next request
[2026-08-22 11:27:10.186 Model_Service_3] Model service 3 input queue is empty, waiting for next request
[2026-08-22 11:27:10.402 Model_Service_5] Model service 5 input queue is empty, waiting for next request
[2026-08-22 11:27:13.006 Model_Service_4] Model service 4 input queue is empty, waiting for next request
[2026-08-22 11:27:13.020 Model_Service_1] Model service 1 input queue is empty, waiting for next request
[2026-08-22 11:27:13.186 Model_Service_0] Model service 0 input queue is empty, waiting for next request
[2026-08-22 11:27:14.624 Model_Service_2] Model service 2 input queue is empty, waiting for next request
[2026-08-22 11:27:15.431 Model_Service_3] Model service 3 input queue is empty, waiting for next request
[2026-08-22 11:27:15.634 Model_Service_5] Model service 5 input queue is empty, waiting for next request
[2026-08-22 11:27:18.262 Model_Service_4] Model service 4 input queue is empty, waiting for next request
[2026-08-22 11:27:18.295 Model_Service_1] Model service 1 input queue is empty, waiting for next request
[2026-08-22 11:27:18.496 Model_Service_0] Model service 0 input queue is empty, waiting for next request
[2026-08-22 11:27:19.547 Model_Service_0] [PAPER-KV-V6] clear Qwen/Qwen2.5-1.5B-Instruct dropped=0
[2026-08-22 11:27:19.778 Model_Service_0] Model key: Qwen/Qwen2.5-1.5B-Instruct, engine id: 1_2, target gpu id: 1
[2026-08-22 11:27:19.858 Model_Service_2] Model service 2 input queue is empty, waiting for next request
[2026-08-22 11:27:20.071 Model_Service_0] [PAPER-LOAD-V4] {"tag": "Qwen/Qwen2.5-1.5B-Instruct|engine=1_2|src=0", "start_time": 1787398039.80978, "end_time": 1787398040.0706387, "policy": "paper", "split": 2, "pipeline_depth": null, "target_gpu": 1, "gpu_ids": [0, 1], "source": "gpu", "host_registered": true, "slices": 398, "payload_bytes": 3554176000, "bytes_h2d_direct": 0, "bytes_h2d_helper": 0, "bytes_p2p": 3554176000, "seconds": 0.26085722586140037, "payload_gbps": 13.6249858069426, "transfer_path": "gpu-to-gpu-p2p"}
[2026-08-22 11:27:20.669 Model_Service_3] Model service 3 input queue is empty, waiting for next request
[2026-08-22 11:27:20.693 Model_Service_0] Time taken to copy model to GPU 1, service 0, engine 1_2, model Qwen/Qwen2.5-1.5B-Instruct: 0.9142 seconds
[2026-08-22 11:27:20.874 Model_Service_5] Model service 5 input queue is empty, waiting for next request
[2026-08-22 11:27:22.563 Model_Service_0] [PAPER-KV-V6] relay-clone Qwen/Qwen2.5-1.5B-Instruct (20 requests)
[2026-08-22 11:27:22.563 Model_Service_0] [PAPER-KV-V6] stash Qwen/Qwen2.5-1.5B-Instruct from gpu 0 (20 requests)
[2026-08-22 11:27:23.086 Model_Service_0] [PAPER-LOAD-V4] release Qwen/Qwen2.5-1.5B-Instruct gpu 0 engine=0_3 held=1 held_engine=1_2 dropped=False
[2026-08-22 11:27:23.540 Model_Service_4] Model service 4 input queue is empty, waiting for next request
[2026-08-22 11:27:23.546 Model_Service_1] Model service 1 input queue is empty, waiting for next request
[2026-08-22 11:27:24.011 Model_Service_0] [PAPER-KV-V6] fetch Qwen/Qwen2.5-1.5B-Instruct -> 20 requests
[2026-08-22 11:27:25.176 Model_Service_2] Model service 2 input queue is empty, waiting for next request
[2026-08-22 11:27:25.965 Model_Service_3] Model service 3 input queue is empty, waiting for next request
[2026-08-22 11:27:26.110 Model_Service_5] Model service 5 input queue is empty, waiting for next request
[2026-08-22 11:27:28.795 Model_Service_1] Model service 1 input queue is empty, waiting for next request
[2026-08-22 11:27:28.831 Model_Service_4] Model service 4 input queue is empty, waiting for next request
[2026-08-22 11:27:29.022 Model_Service_0] Model service 0 input queue is empty, waiting for next request
[2026-08-22 11:27:30.427 Model_Service_2] Model service 2 input queue is empty, waiting for next request
[2026-08-22 11:27:31.198 Model_Service_3] Model service 3 input queue is empty, waiting for next request
[2026-08-22 11:27:31.362 Model_Service_5] Model service 5 input queue is empty, waiting for next request
[2026-08-22 11:27:34.075 Model_Service_1] Model service 1 input queue is empty, waiting for next request
[2026-08-22 11:27:34.089 Model_Service_4] Model service 4 input queue is empty, waiting for next request
[2026-08-22 11:27:34.764 Model_Service_0] Model service 0 input queue is empty, waiting for next request
[2026-08-22 11:27:35.667 Model_Service_2] Model service 2 input queue is empty, waiting for next request
[2026-08-22 11:27:36.442 Model_Service_3] Model service 3 input queue is empty, waiting for next request
[2026-08-22 11:27:36.607 Model_Service_5] Model service 5 input queue is empty, waiting for next request
[2026-08-22 11:27:39.343 Model_Service_4] Model service 4 input queue is empty, waiting for next request
[2026-08-22 11:27:39.386 Model_Service_1] Model service 1 input queue is empty, waiting for next request
[2026-08-22 11:27:40.018 Model_Service_0] Model service 0 input queue is empty, waiting for next request
[2026-08-22 11:27:40.941 Model_Service_2] Model service 2 input queue is empty, waiting for next request
[2026-08-22 11:27:41.685 Model_Service_3] Model service 3 input queue is empty, waiting for next request
[2026-08-22 11:27:41.849 Model_Service_5] Model service 5 input queue is empty, waiting for next request
[2026-08-22 11:27:44.592 Model_Service_4] Model service 4 input queue is empty, waiting for next request
[2026-08-22 11:27:44.646 Model_Service_1] Model service 1 input queue is empty, waiting for next request
[2026-08-22 11:27:45.340 Model_Service_0] Model service 0 input queue is empty, waiting for next request
[2026-08-22 11:27:46.244 Model_Service_2] Model service 2 input queue is empty, waiting for next request
[2026-08-22 11:27:46.926 Model_Service_3] Model service 3 input queue is empty, waiting for next request
[2026-08-22 11:27:47.088 Model_Service_5] Model service 5 input queue is empty, waiting for next request
[2026-08-22 11:27:49.837 Model_Service_4] Model service 4 input queue is empty, waiting for next request
[2026-08-22 11:27:49.895 Model_Service_1] Model service 1 input queue is empty, waiting for next request
[2026-08-22 11:27:50.614 Model_Service_0] Model service 0 input queue is empty, waiting for next request
[2026-08-22 11:27:51.496 Model_Service_2] Model service 2 input queue is empty, waiting for next request
[2026-08-22 11:27:52.166 Model_Service_3] Model service 3 input queue is empty, waiting for next request
[2026-08-22 11:27:52.326 Model_Service_5] Model service 5 input queue is empty, waiting for next request
[2026-08-22 11:27:55.105 Model_Service_4] Model service 4 input queue is empty, waiting for next request
[2026-08-22 11:27:55.151 Model_Service_1] Model service 1 input queue is empty, waiting for next request
[2026-08-22 11:27:55.878 Model_Service_0] Model service 0 input queue is empty, waiting for next request
[2026-08-22 11:27:56.737 Model_Service_2] Model service 2 input queue is empty, waiting for next request
[2026-08-22 11:27:57.396 Model_Service_3] Model service 3 input queue is empty, waiting for next request
[2026-08-22 11:27:57.566 Model_Service_5] Model service 5 input queue is empty, waiting for next request
[2026-08-22 11:28:00.361 Model_Service_4] Model service 4 input queue is empty, waiting for next request
[2026-08-22 11:28:00.402 Model_Service_1] Model service 1 input queue is empty, waiting for next request
[2026-08-22 11:28:01.134 Model_Service_0] Model service 0 input queue is empty, waiting for next request
[2026-08-22 11:28:01.975 Model_Service_2] Model service 2 input queue is empty, waiting for next request
[2026-08-22 11:28:02.638 Model_Service_3] Model service 3 input queue is empty, waiting for next request
[2026-08-22 11:28:02.801 Model_Service_5] Model service 5 input queue is empty, waiting for next request
[2026-08-22 11:28:05.666 Model_Service_4] Model service 4 input queue is empty, waiting for next request
[2026-08-22 11:28:05.683 Model_Service_1] Model service 1 input queue is empty, waiting for next request
[2026-08-22 11:28:06.436 Model_Service_0] Model service 0 input queue is empty, waiting for next request
[2026-08-22 11:28:07.244 Model_Service_2] Model service 2 input queue is empty, waiting for next request
[2026-08-22 11:28:07.880 Model_Service_3] Model service 3 input queue is empty, waiting for next request
[2026-08-22 11:28:08.037 Model_Service_5] Model service 5 input queue is empty, waiting for next request
[2026-08-22 11:28:10.489 Model_Service_1] [PAPER-KV-V6] clear Qwen/Qwen2.5-3B-Instruct dropped=0
[2026-08-22 11:28:10.688 Model_Service_1] Model key: Qwen/Qwen2.5-3B-Instruct, engine id: 1_1, target gpu id: 1
[2026-08-22 11:28:10.930 Model_Service_4] Model service 4 input queue is empty, waiting for next request
[2026-08-22 11:28:11.338 Model_Service_1] [PAPER-LOAD-V4] {"tag": "Qwen/Qwen2.5-3B-Instruct|engine=1_1|src=0", "start_time": 1787398090.7073228, "end_time": 1787398091.3382452, "policy": "paper", "split": 2, "pipeline_depth": null, "target_gpu": 1, "gpu_ids": [0, 1], "source": "gpu", "host_registered": true, "slices": 510, "payload_bytes": 6794207232, "bytes_h2d_direct": 0, "bytes_h2d_helper": 0, "bytes_p2p": 6794207232, "seconds": 0.6309199831448495, "payload_gbps": 10.768730446821422, "transfer_path": "gpu-to-gpu-p2p"}
[2026-08-22 11:28:11.592 Model_Service_1] Time taken to copy model to GPU 1, service 1, engine 1_1, model Qwen/Qwen2.5-3B-Instruct: 0.9039 seconds
[2026-08-22 11:28:11.699 Model_Service_0] Model service 0 input queue is empty, waiting for next request
[2026-08-22 11:28:12.034 Model_Service_1] [PAPER-KV-V6] relay-clone Qwen/Qwen2.5-3B-Instruct (0 requests)
[2026-08-22 11:28:12.034 Model_Service_1] [PAPER-KV-V6] stash Qwen/Qwen2.5-3B-Instruct from gpu 0 (0 requests)
[2026-08-22 11:28:12.477 Model_Service_1] [PAPER-LOAD-V4] release Qwen/Qwen2.5-3B-Instruct gpu 0 engine=0_1 held=1 held_engine=1_1 dropped=False
[2026-08-22 11:28:12.554 Model_Service_2] Model service 2 input queue is empty, waiting for next request
[2026-08-22 11:28:13.119 Model_Service_3] Model service 3 input queue is empty, waiting for next request
[2026-08-22 11:28:13.279 Model_Service_5] Model service 5 input queue is empty, waiting for next request
[2026-08-22 11:28:13.522 Model_Service_1] [PAPER-KV-V6] fetch Qwen/Qwen2.5-3B-Instruct -> 0 requests
[2026-08-22 11:28:16.030 Model_Service_1] [PAPER-KV-V6] relay-clone Qwen/Qwen2.5-3B-Instruct (0 requests)
[2026-08-22 11:28:16.030 Model_Service_1] [PAPER-KV-V6] stash Qwen/Qwen2.5-3B-Instruct from gpu 1 (0 requests)
[2026-08-22 11:28:16.030 Model_Service_4] [PAPER-KV-V6] relay-clone meta-llama/Llama-3.2-1B (0 requests)
[2026-08-22 11:28:16.031 Model_Service_4] [PAPER-KV-V6] stash meta-llama/Llama-3.2-1B from gpu 1 (0 requests)
[2026-08-22 11:28:16.033 Model_Service_2] [PAPER-KV-V6] relay-clone Qwen/Qwen2.5-7B-Instruct (0 requests)
[2026-08-22 11:28:16.033 Model_Service_2] [PAPER-KV-V6] stash Qwen/Qwen2.5-7B-Instruct from gpu 1 (0 requests)
[2026-08-22 11:28:16.033 Model_Service_0] [PAPER-KV-V6] relay-clone Qwen/Qwen2.5-1.5B-Instruct (0 requests)
[2026-08-22 11:28:16.033 Model_Service_0] [PAPER-KV-V6] stash Qwen/Qwen2.5-1.5B-Instruct from gpu 1 (0 requests)
[2026-08-22 11:28:17.952 Model_Service_4] [PAPER-LOAD-V4] release meta-llama/Llama-3.2-1B gpu 1 engine=1_0 held=1 held_engine=1_0 dropped=True
[2026-08-22 11:28:17.963 Model_Service_0] [PAPER-LOAD-V4] release Qwen/Qwen2.5-1.5B-Instruct gpu 1 engine=1_2 held=1 held_engine=1_2 dropped=True
[2026-08-22 11:28:17.992 Model_Service_2] [PAPER-LOAD-V4] release Qwen/Qwen2.5-7B-Instruct gpu 1 engine=1_3 held=1 held_engine=1_3 dropped=True
[2026-08-22 11:28:18.000 Model_Service_1] [PAPER-LOAD-V4] release Qwen/Qwen2.5-3B-Instruct gpu 1 engine=1_1 held=1 held_engine=1_1 dropped=True
[2026-08-22 11:28:18.357 Model_Service_3] Model service 3 input queue is empty, waiting for next request
[2026-08-22 11:28:18.514 Model_Service_5] Model service 5 input queue is empty, waiting for next request
[2026-08-22 11:28:22.958 Model_Service_4] Model service 4 input queue is empty, waiting for next request
[2026-08-22 11:28:22.968 Model_Service_0] Model service 0 input queue is empty, waiting for next request
[2026-08-22 11:28:22.994 Model_Service_2] Model service 2 input queue is empty, waiting for next request
[2026-08-22 11:28:23.002 Model_Service_1] Model service 1 input queue is empty, waiting for next request
[2026-08-22 11:28:23.592 Model_Service_3] Model service 3 input queue is empty, waiting for next request
[2026-08-22 11:28:23.750 Model_Service_5] Model service 5 input queue is empty, waiting for next request
[2026-08-22 11:28:28.206 Model_Service_4] Model service 4 input queue is empty, waiting for next request
[2026-08-22 11:28:28.251 Model_Service_2] Model service 2 input queue is empty, waiting for next request
[2026-08-22 11:28:28.259 Model_Service_1] Model service 1 input queue is empty, waiting for next request
[2026-08-22 11:28:28.274 Model_Service_0] Model service 0 input queue is empty, waiting for next request
[2026-08-22 11:28:28.861 Model_Service_3] Model service 3 input queue is empty, waiting for next request
[2026-08-22 11:28:28.987 Model_Service_5] Model service 5 input queue is empty, waiting for next request
[2026-08-22 11:28:33.446 Model_Service_4] Model service 4 input queue is empty, waiting for next request
[2026-08-22 11:28:33.511 Model_Service_1] Model service 1 input queue is empty, waiting for next request
[2026-08-22 11:28:33.514 Model_Service_2] Model service 2 input queue is empty, waiting for next request
[2026-08-22 11:28:33.534 Model_Service_0] Model service 0 input queue is empty, waiting for next request
[2026-08-22 11:28:34.098 Model_Service_3] Model service 3 input queue is empty, waiting for next request
[2026-08-22 11:28:34.237 Model_Service_5] Model service 5 input queue is empty, waiting for next request
[2026-08-22 11:28:38.726 Model_Service_4] Model service 4 input queue is empty, waiting for next request
[2026-08-22 11:28:38.775 Model_Service_2] Model service 2 input queue is empty, waiting for next request
[2026-08-22 11:28:38.778 Model_Service_1] Model service 1 input queue is empty, waiting for next request
[2026-08-22 11:28:38.786 Model_Service_0] Model service 0 input queue is empty, waiting for next request
[2026-08-22 11:28:39.344 Model_Service_3] Model service 3 input queue is empty, waiting for next request
[2026-08-22 11:28:39.471 Model_Service_5] Model service 5 input queue is empty, waiting for next request
[2026-08-22 11:28:43.970 Model_Service_4] Model service 4 input queue is empty, waiting for next request
[2026-08-22 11:28:44.034 Model_Service_0] Model service 0 input queue is empty, waiting for next request
[2026-08-22 11:28:44.041 Model_Service_1] Model service 1 input queue is empty, waiting for next request
[2026-08-22 11:28:44.076 Model_Service_2] Model service 2 input queue is empty, waiting for next request
[2026-08-22 11:28:44.582 Model_Service_3] Model service 3 input queue is empty, waiting for next request
[2026-08-22 11:28:44.708 Model_Service_5] Model service 5 input queue is empty, waiting for next request
[2026-08-22 11:28:49.272 Model_Service_4] Model service 4 input queue is empty, waiting for next request
[2026-08-22 11:28:49.333 Model_Service_2] Model service 2 input queue is empty, waiting for next request
[2026-08-22 11:28:49.350 Model_Service_1] Model service 1 input queue is empty, waiting for next request
[2026-08-22 11:28:49.366 Model_Service_0] Model service 0 input queue is empty, waiting for next request
[2026-08-22 11:28:49.876 Model_Service_3] Model service 3 input queue is empty, waiting for next request
[2026-08-22 11:28:49.953 Model_Service_5] Model service 5 input queue is empty, waiting for next request
[2026-08-22 11:28:54.510 Model_Service_4] Model service 4 input queue is empty, waiting for next request
[2026-08-22 11:28:54.580 Model_Service_2] Model service 2 input queue is empty, waiting for next request
[2026-08-22 11:28:54.607 Model_Service_1] Model service 1 input queue is empty, waiting for next request
[2026-08-22 11:28:54.630 Model_Service_0] Model service 0 input queue is empty, waiting for next request
[2026-08-22 11:28:55.120 Model_Service_3] Model service 3 input queue is empty, waiting for next request
[2026-08-22 11:28:55.199 Model_Service_5] Model service 5 input queue is empty, waiting for next request
[2026-08-22 11:28:59.748 Model_Service_4] Model service 4 input queue is empty, waiting for next request
[2026-08-22 11:28:59.826 Model_Service_2] Model service 2 input queue is empty, waiting for next request
[2026-08-22 11:28:59.865 Model_Service_1] Model service 1 input queue is empty, waiting for next request
[2026-08-22 11:28:59.883 Model_Service_0] Model service 0 input queue is empty, waiting for next request
[2026-08-22 11:29:00.360 Model_Service_3] Model service 3 input queue is empty, waiting for next request
[2026-08-22 11:29:00.434 Model_Service_5] Model service 5 input queue is empty, waiting for next request
