[2026-08-22 11:41:11.812 Model_Service_0] [PAPER-LOAD-V4] worker 0/6 host page-lock: {'Qwen/Qwen2.5-1.5B-Instruct': {'locked': 199, 'already_locked': 0, 'failed': 0, 'seconds': 2.0100436829961836}}
[2026-08-22 11:41:11.813 Model_Service_0] [PAPER-LOAD-V4] peer access: {'0->1': True, '1->0': True} p2p=True
[2026-08-22 11:41:16.820 Model_Service_0] Model service 0 input queue is empty, waiting for next request
[2026-08-22 11:41:22.059 Model_Service_0] Model service 0 input queue is empty, waiting for next request
[2026-08-22 11:41:23.705 Model_Service_1] [PAPER-LOAD-V4] worker 1/6 host page-lock: {'Qwen/Qwen2.5-3B-Instruct': {'locked': 255, 'already_locked': 0, 'failed': 0, 'seconds': 3.7911221149843186}}
[2026-08-22 11:41:23.705 Model_Service_1] [PAPER-LOAD-V4] peer access: {'0->1': True, '1->0': True} p2p=True
[2026-08-22 11:41:27.298 Model_Service_0] Model service 0 input queue is empty, waiting for next request
[2026-08-22 11:41:28.710 Model_Service_1] Model service 1 input queue is empty, waiting for next request
[2026-08-22 11:41:32.537 Model_Service_0] Model service 0 input queue is empty, waiting for next request
[2026-08-22 11:41:33.958 Model_Service_1] Model service 1 input queue is empty, waiting for next request
[2026-08-22 11:41:37.775 Model_Service_0] Model service 0 input queue is empty, waiting for next request
[2026-08-22 11:41:39.192 Model_Service_1] Model service 1 input queue is empty, waiting for next request
[2026-08-22 11:41:39.253 Model_Service_2] [PAPER-LOAD-V4] worker 2/6 host page-lock: {'Qwen/Qwen2.5-7B-Instruct': {'locked': 199, 'already_locked': 0, 'failed': 0, 'seconds': 7.008912150049582}}
[2026-08-22 11:41:39.254 Model_Service_2] [PAPER-LOAD-V4] peer access: {'0->1': True, '1->0': True} p2p=True
[2026-08-22 11:41:43.014 Model_Service_0] Model service 0 input queue is empty, waiting for next request
[2026-08-22 11:41:44.261 Model_Service_2] Model service 2 input queue is empty, waiting for next request
[2026-08-22 11:41:44.435 Model_Service_1] Model service 1 input queue is empty, waiting for next request
[2026-08-22 11:41:48.254 Model_Service_0] Model service 0 input queue is empty, waiting for next request
[2026-08-22 11:41:49.511 Model_Service_2] Model service 2 input queue is empty, waiting for next request
[2026-08-22 11:41:49.669 Model_Service_1] Model service 1 input queue is empty, waiting for next request
[2026-08-22 11:41:53.493 Model_Service_0] Model service 0 input queue is empty, waiting for next request
[2026-08-22 11:41:54.744 Model_Service_2] Model service 2 input queue is empty, waiting for next request
[2026-08-22 11:41:54.901 Model_Service_1] Model service 1 input queue is empty, waiting for next request
[2026-08-22 11:41:55.823 Model_Service_3] [PAPER-LOAD-V4] worker 3/6 host page-lock: {'meta-llama/Llama-3.1-8B': {'locked': 195, 'already_locked': 0, 'failed': 0, 'seconds': 7.644719547126442}}
[2026-08-22 11:41:55.823 Model_Service_3] [PAPER-LOAD-V4] peer access: {'0->1': True, '1->0': True} p2p=True
[2026-08-22 11:41:58.731 Model_Service_0] Model service 0 input queue is empty, waiting for next request
[2026-08-22 11:41:59.972 Model_Service_2] Model service 2 input queue is empty, waiting for next request
[2026-08-22 11:42:00.138 Model_Service_1] Model service 1 input queue is empty, waiting for next request
[2026-08-22 11:42:00.831 Model_Service_3] Model service 3 input queue is empty, waiting for next request
[2026-08-22 11:42:03.972 Model_Service_0] Model service 0 input queue is empty, waiting for next request
[2026-08-22 11:42:05.206 Model_Service_2] Model service 2 input queue is empty, waiting for next request
[2026-08-22 11:42:05.371 Model_Service_1] Model service 1 input queue is empty, waiting for next request
[2026-08-22 11:42:06.062 Model_Service_3] Model service 3 input queue is empty, waiting for next request
[2026-08-22 11:42:07.492 Model_Service_4] [PAPER-LOAD-V4] worker 4/6 host page-lock: {'meta-llama/Llama-3.2-1B': {'locked': 98, 'already_locked': 1, 'failed': 0, 'seconds': 1.2164261220023036}}
[2026-08-22 11:42:07.492 Model_Service_4] [PAPER-LOAD-V4] peer access: {'0->1': True, '1->0': True} p2p=True
[2026-08-22 11:42:09.211 Model_Service_0] Model service 0 input queue is empty, waiting for next request
[2026-08-22 11:42:10.446 Model_Service_2] Model service 2 input queue is empty, waiting for next request
[2026-08-22 11:42:10.607 Model_Service_1] Model service 1 input queue is empty, waiting for next request
[2026-08-22 11:42:11.316 Model_Service_3] Model service 3 input queue is empty, waiting for next request
[2026-08-22 11:42:12.500 Model_Service_4] Model service 4 input queue is empty, waiting for next request
[2026-08-22 11:42:14.452 Model_Service_0] Model service 0 input queue is empty, waiting for next request
[2026-08-22 11:42:15.684 Model_Service_2] Model service 2 input queue is empty, waiting for next request
[2026-08-22 11:42:15.841 Model_Service_1] Model service 1 input queue is empty, waiting for next request
[2026-08-22 11:42:16.550 Model_Service_3] Model service 3 input queue is empty, waiting for next request
[2026-08-22 11:42:17.733 Model_Service_4] Model service 4 input queue is empty, waiting for next request
[2026-08-22 11:42:19.739 Model_Service_0] Model service 0 input queue is empty, waiting for next request
[2026-08-22 11:42:19.933 Model_Service_5] [PAPER-LOAD-V4] worker 5/6 host page-lock: {'meta-llama/Llama-3.2-3B': {'locked': 170, 'already_locked': 1, 'failed': 0, 'seconds': 3.130522266961634}}
[2026-08-22 11:42:19.933 Model_Service_5] [PAPER-LOAD-V4] peer access: {'0->1': True, '1->0': True} p2p=True
[2026-08-22 11:42:20.912 Model_Service_2] Model service 2 input queue is empty, waiting for next request
[2026-08-22 11:42:21.074 Model_Service_1] Model service 1 input queue is empty, waiting for next request
[2026-08-22 11:42:21.802 Model_Service_3] Model service 3 input queue is empty, waiting for next request
[2026-08-22 11:42:22.966 Model_Service_4] Model service 4 input queue is empty, waiting for next request
[2026-08-22 11:42:24.942 Model_Service_5] Model service 5 input queue is empty, waiting for next request
[2026-08-22 11:42:24.982 Model_Service_0] Model service 0 input queue is empty, waiting for next request
[2026-08-22 11:42:26.159 Model_Service_2] Model service 2 input queue is empty, waiting for next request
[2026-08-22 11:42:26.310 Model_Service_1] Model service 1 input queue is empty, waiting for next request
[2026-08-22 11:42:27.058 Model_Service_3] Model service 3 input queue is empty, waiting for next request
[2026-08-22 11:42:28.223 Model_Service_4] Model service 4 input queue is empty, waiting for next request
[2026-08-22 11:42:30.242 Model_Service_0] Model service 0 input queue is empty, waiting for next request
[2026-08-22 11:42:30.246 Model_Service_5] Model service 5 input queue is empty, waiting for next request
[2026-08-22 11:42:31.410 Model_Service_2] Model service 2 input queue is empty, waiting for next request
[2026-08-22 11:42:31.558 Model_Service_1] Model service 1 input queue is empty, waiting for next request
[2026-08-22 11:42:32.302 Model_Service_3] Model service 3 input queue is empty, waiting for next request
[2026-08-22 11:42:33.658 Model_Service_4] Model service 4 input queue is empty, waiting for next request
[2026-08-22 11:42:35.674 Model_Service_5] Model service 5 input queue is empty, waiting for next request
[2026-08-22 11:42:35.676 Model_Service_0] Model service 0 input queue is empty, waiting for next request
[2026-08-22 11:42:36.762 Model_Service_2] Model service 2 input queue is empty, waiting for next request
[2026-08-22 11:42:36.946 Model_Service_1] Model service 1 input queue is empty, waiting for next request
[2026-08-22 11:42:37.566 Model_Service_3] Model service 3 input queue is empty, waiting for next request
[2026-08-22 11:42:38.922 Model_Service_4] Model service 4 input queue is empty, waiting for next request
[2026-08-22 11:42:40.922 Model_Service_0] Model service 0 input queue is empty, waiting for next request
[2026-08-22 11:42:40.924 Model_Service_5] Model service 5 input queue is empty, waiting for next request
[2026-08-22 11:42:42.005 Model_Service_2] Model service 2 input queue is empty, waiting for next request
[2026-08-22 11:42:42.638 Model_Service_1] Model service 1 input queue is empty, waiting for next request
[2026-08-22 11:42:42.820 Model_Service_3] Model service 3 input queue is empty, waiting for next request
[2026-08-22 11:42:44.222 Model_Service_4] Model service 4 input queue is empty, waiting for next request
[2026-08-22 11:42:46.180 Model_Service_5] Model service 5 input queue is empty, waiting for next request
[2026-08-22 11:42:46.184 Model_Service_0] Model service 0 input queue is empty, waiting for next request
[2026-08-22 11:42:47.241 Model_Service_2] Model service 2 input queue is empty, waiting for next request
[2026-08-22 11:42:47.902 Model_Service_1] Model service 1 input queue is empty, waiting for next request
[2026-08-22 11:42:48.072 Model_Service_3] Model service 3 input queue is empty, waiting for next request
[2026-08-22 11:42:49.474 Model_Service_4] Model service 4 input queue is empty, waiting for next request
[2026-08-22 11:42:51.422 Model_Service_0] Model service 0 input queue is empty, waiting for next request
[2026-08-22 11:42:51.438 Model_Service_5] Model service 5 input queue is empty, waiting for next request
[2026-08-22 11:42:52.481 Model_Service_2] Model service 2 input queue is empty, waiting for next request
[2026-08-22 11:42:53.214 Model_Service_1] Model service 1 input queue is empty, waiting for next request
[2026-08-22 11:42:53.305 Model_Service_3] Model service 3 input queue is empty, waiting for next request
[2026-08-22 11:42:54.719 Model_Service_4] Model service 4 input queue is empty, waiting for next request
[2026-08-22 11:42:56.663 Model_Service_0] Model service 0 input queue is empty, waiting for next request
[2026-08-22 11:42:56.674 Model_Service_5] Model service 5 input queue is empty, waiting for next request
[2026-08-22 11:42:57.720 Model_Service_2] Model service 2 input queue is empty, waiting for next request
[2026-08-22 11:42:58.454 Model_Service_1] Model service 1 input queue is empty, waiting for next request
[2026-08-22 11:42:58.537 Model_Service_3] Model service 3 input queue is empty, waiting for next request
[2026-08-22 11:42:59.962 Model_Service_4] Model service 4 input queue is empty, waiting for next request
[2026-08-22 11:43:01.902 Model_Service_0] Model service 0 input queue is empty, waiting for next request
[2026-08-22 11:43:01.910 Model_Service_5] Model service 5 input queue is empty, waiting for next request
[2026-08-22 11:43:02.959 Model_Service_2] Model service 2 input queue is empty, waiting for next request
[2026-08-22 11:43:03.727 Model_Service_1] Model service 1 input queue is empty, waiting for next request
[2026-08-22 11:43:03.941 Model_Service_3] Model service 3 input queue is empty, waiting for next request
[2026-08-22 11:43:05.246 Model_Service_4] Model service 4 input queue is empty, waiting for next request
[2026-08-22 11:43:07.143 Model_Service_0] Model service 0 input queue is empty, waiting for next request
[2026-08-22 11:43:07.202 Model_Service_5] Model service 5 input queue is empty, waiting for next request
[2026-08-22 11:43:08.200 Model_Service_2] Model service 2 input queue is empty, waiting for next request
[2026-08-22 11:43:09.022 Model_Service_1] Model service 1 input queue is empty, waiting for next request
[2026-08-22 11:43:09.406 Model_Service_3] Model service 3 input queue is empty, waiting for next request
[2026-08-22 11:43:10.510 Model_Service_4] Model service 4 input queue is empty, waiting for next request
[2026-08-22 11:43:12.389 Model_Service_0] Model service 0 input queue is empty, waiting for next request
[2026-08-22 11:43:12.450 Model_Service_5] Model service 5 input queue is empty, waiting for next request
[2026-08-22 11:43:13.424 Model_Service_4] Model key: meta-llama/Llama-3.2-1B, engine id: 0_0, target gpu id: 0
[2026-08-22 11:43:13.438 Model_Service_2] Model service 2 input queue is empty, waiting for next request
[2026-08-22 11:43:13.734 Model_Service_4] [PAPER-LOAD-V4] {"tag": "meta-llama/Llama-3.2-1B|engine=0_0|src=None", "start_time": 1787398993.4264092, "end_time": 1787398993.7340918, "policy": "paper", "split": 2, "pipeline_depth": null, "target_gpu": 0, "gpu_ids": [0, 1], "source": "cpu", "host_registered": true, "slices": 198, "payload_bytes": 2996965376, "bytes_h2d_direct": 1498482688, "bytes_h2d_helper": 1498482688, "bytes_p2p": 1498482688, "seconds": 0.30768069508485496, "payload_gbps": 9.740505088151435, "transfer_path": "host-to-device + helper-gpu-p2p"}
[2026-08-22 11:43:13.735 Model_Service_4] Time taken to copy model to GPU 0, service 4, engine 0_0, model meta-llama/Llama-3.2-1B: 0.3108 seconds
[2026-08-22 11:43:14.260 Model_Service_1] Model service 1 input queue is empty, waiting for next request
[2026-08-22 11:43:14.589 Model_Service_3] Model key: meta-llama/Llama-3.1-8B, engine id: 0_2, target gpu id: 0
[2026-08-22 11:43:14.591 Model_Service_1] Model key: Qwen/Qwen2.5-3B-Instruct, engine id: 0_1, target gpu id: 0
[2026-08-22 11:43:14.617 Model_Service_4] [PAPER-KV-V6] fetch meta-llama/Llama-3.2-1B -> None requests
[2026-08-22 11:43:14.628 Model_Service_4] [PAPER-KV-V6] fetch meta-llama/Llama-3.2-1B -> None requests
[2026-08-22 11:43:14.638 Model_Service_4] [PAPER-KV-V6] fetch meta-llama/Llama-3.2-1B -> None requests
[2026-08-22 11:43:14.648 Model_Service_4] [PAPER-KV-V6] fetch meta-llama/Llama-3.2-1B -> None requests
[2026-08-22 11:43:14.659 Model_Service_4] [PAPER-KV-V6] fetch meta-llama/Llama-3.2-1B -> None requests
[2026-08-22 11:43:14.669 Model_Service_4] [PAPER-KV-V6] fetch meta-llama/Llama-3.2-1B -> None requests
[2026-08-22 11:43:14.679 Model_Service_4] [PAPER-KV-V6] fetch meta-llama/Llama-3.2-1B -> None requests
[2026-08-22 11:43:14.690 Model_Service_4] [PAPER-KV-V6] fetch meta-llama/Llama-3.2-1B -> None requests
[2026-08-22 11:43:14.700 Model_Service_4] [PAPER-KV-V6] fetch meta-llama/Llama-3.2-1B -> None requests
[2026-08-22 11:43:14.710 Model_Service_4] [PAPER-KV-V6] fetch meta-llama/Llama-3.2-1B -> None requests
[2026-08-22 11:43:14.721 Model_Service_4] [PAPER-KV-V6] fetch meta-llama/Llama-3.2-1B -> None requests
[2026-08-22 11:43:14.731 Model_Service_4] [PAPER-KV-V6] fetch meta-llama/Llama-3.2-1B -> None requests
[2026-08-22 11:43:14.741 Model_Service_4] [PAPER-KV-V6] fetch meta-llama/Llama-3.2-1B -> None requests
[2026-08-22 11:43:14.752 Model_Service_4] [PAPER-KV-V6] fetch meta-llama/Llama-3.2-1B -> None requests
[2026-08-22 11:43:14.762 Model_Service_4] [PAPER-KV-V6] fetch meta-llama/Llama-3.2-1B -> None requests
[2026-08-22 11:43:14.773 Model_Service_4] [PAPER-KV-V6] fetch meta-llama/Llama-3.2-1B -> None requests
[2026-08-22 11:43:14.784 Model_Service_4] [PAPER-KV-V6] fetch meta-llama/Llama-3.2-1B -> None requests
[2026-08-22 11:43:14.794 Model_Service_4] [PAPER-KV-V6] fetch meta-llama/Llama-3.2-1B -> None requests
[2026-08-22 11:43:14.805 Model_Service_4] [PAPER-KV-V6] fetch meta-llama/Llama-3.2-1B -> None requests
[2026-08-22 11:43:14.815 Model_Service_4] [PAPER-KV-V6] fetch meta-llama/Llama-3.2-1B -> None requests
[2026-08-22 11:43:14.826 Model_Service_4] [PAPER-KV-V6] fetch meta-llama/Llama-3.2-1B -> None requests
[2026-08-22 11:43:14.837 Model_Service_4] [PAPER-KV-V6] fetch meta-llama/Llama-3.2-1B -> None requests
[2026-08-22 11:43:14.847 Model_Service_4] [PAPER-KV-V6] fetch meta-llama/Llama-3.2-1B -> None requests
[2026-08-22 11:43:14.858 Model_Service_4] [PAPER-KV-V6] fetch meta-llama/Llama-3.2-1B -> None requests
[2026-08-22 11:43:14.868 Model_Service_4] [PAPER-KV-V6] fetch meta-llama/Llama-3.2-1B -> None requests
[2026-08-22 11:43:14.879 Model_Service_4] [PAPER-KV-V6] fetch meta-llama/Llama-3.2-1B -> None requests
[2026-08-22 11:43:14.889 Model_Service_4] [PAPER-KV-V6] fetch meta-llama/Llama-3.2-1B -> None requests
[2026-08-22 11:43:14.900 Model_Service_4] [PAPER-KV-V6] fetch meta-llama/Llama-3.2-1B -> None requests
[2026-08-22 11:43:14.910 Model_Service_4] [PAPER-KV-V6] fetch meta-llama/Llama-3.2-1B -> None requests
[2026-08-22 11:43:14.921 Model_Service_4] [PAPER-KV-V6] fetch meta-llama/Llama-3.2-1B -> None requests
[2026-08-22 11:43:14.931 Model_Service_4] [PAPER-KV-V6] fetch meta-llama/Llama-3.2-1B -> None requests
[2026-08-22 11:43:14.942 Model_Service_4] [PAPER-KV-V6] fetch meta-llama/Llama-3.2-1B -> None requests
[2026-08-22 11:43:14.953 Model_Service_4] [PAPER-KV-V6] fetch meta-llama/Llama-3.2-1B -> None requests
[2026-08-22 11:43:14.963 Model_Service_4] [PAPER-KV-V6] fetch meta-llama/Llama-3.2-1B -> None requests
[2026-08-22 11:43:14.974 Model_Service_4] [PAPER-KV-V6] fetch meta-llama/Llama-3.2-1B -> None requests
[2026-08-22 11:43:14.984 Model_Service_4] [PAPER-KV-V6] fetch meta-llama/Llama-3.2-1B -> None requests
[2026-08-22 11:43:14.995 Model_Service_4] [PAPER-KV-V6] fetch meta-llama/Llama-3.2-1B -> None requests
[2026-08-22 11:43:15.005 Model_Service_4] [PAPER-KV-V6] fetch meta-llama/Llama-3.2-1B -> None requests
[2026-08-22 11:43:15.016 Model_Service_4] [PAPER-KV-V6] fetch meta-llama/Llama-3.2-1B -> None requests
[2026-08-22 11:43:15.026 Model_Service_4] [PAPER-KV-V6] fetch meta-llama/Llama-3.2-1B -> None requests
[2026-08-22 11:43:15.036 Model_Service_4] [PAPER-KV-V6] fetch meta-llama/Llama-3.2-1B -> None requests
[2026-08-22 11:43:15.047 Model_Service_4] [PAPER-KV-V6] fetch meta-llama/Llama-3.2-1B -> None requests
[2026-08-22 11:43:15.057 Model_Service_4] [PAPER-KV-V6] fetch meta-llama/Llama-3.2-1B -> None requests
[2026-08-22 11:43:15.068 Model_Service_4] [PAPER-KV-V6] fetch meta-llama/Llama-3.2-1B -> None requests
[2026-08-22 11:43:15.078 Model_Service_4] [PAPER-KV-V6] fetch meta-llama/Llama-3.2-1B -> None requests
[2026-08-22 11:43:15.089 Model_Service_4] [PAPER-KV-V6] fetch meta-llama/Llama-3.2-1B -> None requests
[2026-08-22 11:43:15.099 Model_Service_4] [PAPER-KV-V6] fetch meta-llama/Llama-3.2-1B -> None requests
[2026-08-22 11:43:15.110 Model_Service_4] [PAPER-KV-V6] fetch meta-llama/Llama-3.2-1B -> None requests
[2026-08-22 11:43:15.120 Model_Service_4] [PAPER-KV-V6] fetch meta-llama/Llama-3.2-1B -> None requests
[2026-08-22 11:43:15.130 Model_Service_4] [PAPER-KV-V6] fetch meta-llama/Llama-3.2-1B -> None requests
[2026-08-22 11:43:15.141 Model_Service_4] [PAPER-KV-V6] fetch meta-llama/Llama-3.2-1B -> None requests
[2026-08-22 11:43:15.151 Model_Service_4] [PAPER-KV-V6] fetch meta-llama/Llama-3.2-1B -> None requests
[2026-08-22 11:43:15.161 Model_Service_4] [PAPER-KV-V6] fetch meta-llama/Llama-3.2-1B -> None requests
[2026-08-22 11:43:15.172 Model_Service_4] [PAPER-KV-V6] fetch meta-llama/Llama-3.2-1B -> None requests
[2026-08-22 11:43:15.182 Model_Service_4] [PAPER-KV-V6] fetch meta-llama/Llama-3.2-1B -> None requests
[2026-08-22 11:43:15.192 Model_Service_4] [PAPER-KV-V6] fetch meta-llama/Llama-3.2-1B -> None requests
[2026-08-22 11:43:15.203 Model_Service_4] [PAPER-KV-V6] fetch meta-llama/Llama-3.2-1B -> None requests
[2026-08-22 11:43:15.213 Model_Service_4] [PAPER-KV-V6] fetch meta-llama/Llama-3.2-1B -> None requests
[2026-08-22 11:43:15.223 Model_Service_4] [PAPER-KV-V6] fetch meta-llama/Llama-3.2-1B -> None requests
[2026-08-22 11:43:15.234 Model_Service_4] [PAPER-KV-V6] fetch meta-llama/Llama-3.2-1B -> None requests
[2026-08-22 11:43:15.244 Model_Service_4] [PAPER-KV-V6] fetch meta-llama/Llama-3.2-1B -> None requests
[2026-08-22 11:43:15.255 Model_Service_4] [PAPER-KV-V6] fetch meta-llama/Llama-3.2-1B -> None requests
[2026-08-22 11:43:15.265 Model_Service_4] [PAPER-KV-V6] fetch meta-llama/Llama-3.2-1B -> None requests
[2026-08-22 11:43:15.275 Model_Service_4] [PAPER-KV-V6] fetch meta-llama/Llama-3.2-1B -> None requests
[2026-08-22 11:43:15.286 Model_Service_4] [PAPER-KV-V6] fetch meta-llama/Llama-3.2-1B -> None requests
[2026-08-22 11:43:15.296 Model_Service_4] [PAPER-KV-V6] fetch meta-llama/Llama-3.2-1B -> None requests
[2026-08-22 11:43:15.306 Model_Service_4] [PAPER-KV-V6] fetch meta-llama/Llama-3.2-1B -> None requests
[2026-08-22 11:43:15.317 Model_Service_4] [PAPER-KV-V6] fetch meta-llama/Llama-3.2-1B -> None requests
[2026-08-22 11:43:15.327 Model_Service_4] [PAPER-KV-V6] fetch meta-llama/Llama-3.2-1B -> None requests
[2026-08-22 11:43:15.337 Model_Service_4] [PAPER-KV-V6] fetch meta-llama/Llama-3.2-1B -> None requests
[2026-08-22 11:43:15.348 Model_Service_4] [PAPER-KV-V6] fetch meta-llama/Llama-3.2-1B -> None requests
[2026-08-22 11:43:15.358 Model_Service_4] [PAPER-KV-V6] fetch meta-llama/Llama-3.2-1B -> None requests
[2026-08-22 11:43:15.368 Model_Service_4] [PAPER-KV-V6] fetch meta-llama/Llama-3.2-1B -> None requests
[2026-08-22 11:43:15.379 Model_Service_4] [PAPER-KV-V6] fetch meta-llama/Llama-3.2-1B -> None requests
[2026-08-22 11:43:15.389 Model_Service_4] [PAPER-KV-V6] fetch meta-llama/Llama-3.2-1B -> None requests
[2026-08-22 11:43:15.399 Model_Service_4] [PAPER-KV-V6] fetch meta-llama/Llama-3.2-1B -> None requests
[2026-08-22 11:43:15.410 Model_Service_4] [PAPER-KV-V6] fetch meta-llama/Llama-3.2-1B -> None requests
[2026-08-22 11:43:15.420 Model_Service_4] [PAPER-KV-V6] fetch meta-llama/Llama-3.2-1B -> None requests
[2026-08-22 11:43:15.431 Model_Service_4] [PAPER-KV-V6] fetch meta-llama/Llama-3.2-1B -> None requests
[2026-08-22 11:43:15.441 Model_Service_4] [PAPER-KV-V6] fetch meta-llama/Llama-3.2-1B -> None requests
[2026-08-22 11:43:15.451 Model_Service_4] [PAPER-KV-V6] fetch meta-llama/Llama-3.2-1B -> None requests
[2026-08-22 11:43:15.462 Model_Service_4] [PAPER-KV-V6] fetch meta-llama/Llama-3.2-1B -> None requests
[2026-08-22 11:43:15.472 Model_Service_4] [PAPER-KV-V6] fetch meta-llama/Llama-3.2-1B -> None requests
[2026-08-22 11:43:15.482 Model_Service_4] [PAPER-KV-V6] fetch meta-llama/Llama-3.2-1B -> None requests
[2026-08-22 11:43:15.493 Model_Service_4] [PAPER-KV-V6] fetch meta-llama/Llama-3.2-1B -> None requests
[2026-08-22 11:43:15.503 Model_Service_4] [PAPER-KV-V6] fetch meta-llama/Llama-3.2-1B -> None requests
[2026-08-22 11:43:15.513 Model_Service_4] [PAPER-KV-V6] fetch meta-llama/Llama-3.2-1B -> None requests
[2026-08-22 11:43:15.524 Model_Service_4] [PAPER-KV-V6] fetch meta-llama/Llama-3.2-1B -> None requests
[2026-08-22 11:43:15.534 Model_Service_4] [PAPER-KV-V6] fetch meta-llama/Llama-3.2-1B -> None requests
[2026-08-22 11:43:15.544 Model_Service_4] [PAPER-KV-V6] fetch meta-llama/Llama-3.2-1B -> None requests
[2026-08-22 11:43:15.555 Model_Service_4] [PAPER-KV-V6] fetch meta-llama/Llama-3.2-1B -> None requests
[2026-08-22 11:43:15.565 Model_Service_4] [PAPER-KV-V6] fetch meta-llama/Llama-3.2-1B -> None requests
[2026-08-22 11:43:15.575 Model_Service_4] [PAPER-KV-V6] fetch meta-llama/Llama-3.2-1B -> None requests
[2026-08-22 11:43:15.586 Model_Service_4] [PAPER-KV-V6] fetch meta-llama/Llama-3.2-1B -> None requests
[2026-08-22 11:43:15.596 Model_Service_4] [PAPER-KV-V6] fetch meta-llama/Llama-3.2-1B -> None requests
[2026-08-22 11:43:15.606 Model_Service_4] [PAPER-KV-V6] fetch meta-llama/Llama-3.2-1B -> None requests
[2026-08-22 11:43:15.617 Model_Service_4] [PAPER-KV-V6] fetch meta-llama/Llama-3.2-1B -> None requests
[2026-08-22 11:43:15.627 Model_Service_4] [PAPER-KV-V6] fetch meta-llama/Llama-3.2-1B -> None requests
[2026-08-22 11:43:15.638 Model_Service_4] [PAPER-KV-V6] fetch meta-llama/Llama-3.2-1B -> None requests
[2026-08-22 11:43:15.648 Model_Service_4] [PAPER-KV-V6] fetch meta-llama/Llama-3.2-1B -> None requests
[2026-08-22 11:43:15.658 Model_Service_4] [PAPER-KV-V6] fetch meta-llama/Llama-3.2-1B -> None requests
[2026-08-22 11:43:15.668 Model_Service_4] [PAPER-KV-V6] fetch meta-llama/Llama-3.2-1B -> None requests
[2026-08-22 11:43:15.679 Model_Service_4] [PAPER-KV-V6] fetch meta-llama/Llama-3.2-1B -> None requests
[2026-08-22 11:43:15.689 Model_Service_4] [PAPER-KV-V6] fetch meta-llama/Llama-3.2-1B -> None requests
[2026-08-22 11:43:15.699 Model_Service_4] [PAPER-KV-V6] fetch meta-llama/Llama-3.2-1B -> None requests
[2026-08-22 11:43:15.710 Model_Service_4] [PAPER-KV-V6] fetch meta-llama/Llama-3.2-1B -> None requests
[2026-08-22 11:43:15.720 Model_Service_4] [PAPER-KV-V6] fetch meta-llama/Llama-3.2-1B -> None requests
[2026-08-22 11:43:15.730 Model_Service_4] [PAPER-KV-V6] fetch meta-llama/Llama-3.2-1B -> None requests
[2026-08-22 11:43:15.733 Model_Service_1] [PAPER-LOAD-V4] {"tag": "Qwen/Qwen2.5-3B-Instruct|engine=0_1|src=None", "start_time": 1787398994.5946567, "end_time": 1787398995.7335305, "policy": "paper", "split": 2, "pipeline_depth": null, "target_gpu": 0, "gpu_ids": [0, 1], "source": "cpu", "host_registered": true, "slices": 510, "payload_bytes": 6794207232, "bytes_h2d_direct": 3397103616, "bytes_h2d_helper": 3397103616, "bytes_p2p": 3397103616, "seconds": 1.1388727170415223, "payload_gbps": 5.965730085842674, "transfer_path": "host-to-device + helper-gpu-p2p"}
[2026-08-22 11:43:15.735 Model_Service_1] Time taken to copy model to GPU 0, service 1, engine 0_1, model Qwen/Qwen2.5-3B-Instruct: 1.1443 seconds
[2026-08-22 11:43:15.741 Model_Service_4] [PAPER-KV-V6] fetch meta-llama/Llama-3.2-1B -> None requests
[2026-08-22 11:43:15.751 Model_Service_4] [PAPER-KV-V6] fetch meta-llama/Llama-3.2-1B -> None requests
[2026-08-22 11:43:15.761 Model_Service_4] [PAPER-KV-V6] fetch meta-llama/Llama-3.2-1B -> None requests
[2026-08-22 11:43:15.771 Model_Service_4] [PAPER-KV-V6] fetch meta-llama/Llama-3.2-1B -> None requests
[2026-08-22 11:43:15.782 Model_Service_4] [PAPER-KV-V6] fetch meta-llama/Llama-3.2-1B -> None requests
[2026-08-22 11:43:15.792 Model_Service_4] [PAPER-KV-V6] fetch meta-llama/Llama-3.2-1B -> None requests
[2026-08-22 11:43:15.802 Model_Service_4] [PAPER-KV-V6] fetch meta-llama/Llama-3.2-1B -> None requests
[2026-08-22 11:43:15.813 Model_Service_4] [PAPER-KV-V6] fetch meta-llama/Llama-3.2-1B -> None requests
[2026-08-22 11:43:15.823 Model_Service_4] [PAPER-KV-V6] fetch meta-llama/Llama-3.2-1B -> None requests
[2026-08-22 11:43:15.833 Model_Service_4] [PAPER-KV-V6] fetch meta-llama/Llama-3.2-1B -> None requests
[2026-08-22 11:43:15.843 Model_Service_4] [PAPER-KV-V6] fetch meta-llama/Llama-3.2-1B -> None requests
[2026-08-22 11:43:15.854 Model_Service_4] [PAPER-KV-V6] fetch meta-llama/Llama-3.2-1B -> None requests
[2026-08-22 11:43:15.864 Model_Service_4] [PAPER-KV-V6] fetch meta-llama/Llama-3.2-1B -> None requests
[2026-08-22 11:43:15.874 Model_Service_4] [PAPER-KV-V6] fetch meta-llama/Llama-3.2-1B -> None requests
[2026-08-22 11:43:15.885 Model_Service_4] [PAPER-KV-V6] fetch meta-llama/Llama-3.2-1B -> None requests
[2026-08-22 11:43:15.895 Model_Service_4] [PAPER-KV-V6] fetch meta-llama/Llama-3.2-1B -> None requests
[2026-08-22 11:43:15.906 Model_Service_4] [PAPER-KV-V6] fetch meta-llama/Llama-3.2-1B -> None requests
[2026-08-22 11:43:15.916 Model_Service_4] [PAPER-KV-V6] fetch meta-llama/Llama-3.2-1B -> None requests
[2026-08-22 11:43:15.926 Model_Service_4] [PAPER-KV-V6] fetch meta-llama/Llama-3.2-1B -> None requests
[2026-08-22 11:43:15.937 Model_Service_4] [PAPER-KV-V6] fetch meta-llama/Llama-3.2-1B -> None requests
[2026-08-22 11:43:15.947 Model_Service_4] [PAPER-KV-V6] fetch meta-llama/Llama-3.2-1B -> None requests
[2026-08-22 11:43:15.958 Model_Service_4] [PAPER-KV-V6] fetch meta-llama/Llama-3.2-1B -> None requests
[2026-08-22 11:43:15.968 Model_Service_4] [PAPER-KV-V6] fetch meta-llama/Llama-3.2-1B -> None requests
[2026-08-22 11:43:15.979 Model_Service_4] [PAPER-KV-V6] fetch meta-llama/Llama-3.2-1B -> None requests
[2026-08-22 11:43:15.989 Model_Service_4] [PAPER-KV-V6] fetch meta-llama/Llama-3.2-1B -> None requests
[2026-08-22 11:43:16.000 Model_Service_4] [PAPER-KV-V6] fetch meta-llama/Llama-3.2-1B -> None requests
[2026-08-22 11:43:16.011 Model_Service_4] [PAPER-KV-V6] fetch meta-llama/Llama-3.2-1B -> None requests
[2026-08-22 11:43:16.022 Model_Service_4] [PAPER-KV-V6] fetch meta-llama/Llama-3.2-1B -> None requests
[2026-08-22 11:43:16.032 Model_Service_4] [PAPER-KV-V6] fetch meta-llama/Llama-3.2-1B -> None requests
[2026-08-22 11:43:16.043 Model_Service_4] [PAPER-KV-V6] fetch meta-llama/Llama-3.2-1B -> None requests
[2026-08-22 11:43:16.053 Model_Service_4] [PAPER-KV-V6] fetch meta-llama/Llama-3.2-1B -> None requests
[2026-08-22 11:43:16.064 Model_Service_4] [PAPER-KV-V6] fetch meta-llama/Llama-3.2-1B -> None requests
[2026-08-22 11:43:16.075 Model_Service_4] [PAPER-KV-V6] fetch meta-llama/Llama-3.2-1B -> None requests
[2026-08-22 11:43:16.086 Model_Service_4] [PAPER-KV-V6] fetch meta-llama/Llama-3.2-1B -> None requests
[2026-08-22 11:43:16.096 Model_Service_4] [PAPER-KV-V6] fetch meta-llama/Llama-3.2-1B -> None requests
[2026-08-22 11:43:16.106 Model_Service_4] [PAPER-KV-V6] fetch meta-llama/Llama-3.2-1B -> None requests
[2026-08-22 11:43:16.117 Model_Service_4] [PAPER-KV-V6] fetch meta-llama/Llama-3.2-1B -> None requests
[2026-08-22 11:43:16.127 Model_Service_4] [PAPER-KV-V6] fetch meta-llama/Llama-3.2-1B -> None requests
[2026-08-22 11:43:16.137 Model_Service_4] [PAPER-KV-V6] fetch meta-llama/Llama-3.2-1B -> None requests
[2026-08-22 11:43:16.148 Model_Service_4] [PAPER-KV-V6] fetch meta-llama/Llama-3.2-1B -> None requests
[2026-08-22 11:43:16.158 Model_Service_4] [PAPER-KV-V6] fetch meta-llama/Llama-3.2-1B -> None requests
[2026-08-22 11:43:16.169 Model_Service_4] [PAPER-KV-V6] fetch meta-llama/Llama-3.2-1B -> None requests
[2026-08-22 11:43:16.179 Model_Service_4] [PAPER-KV-V6] fetch meta-llama/Llama-3.2-1B -> None requests
[2026-08-22 11:43:16.190 Model_Service_4] [PAPER-KV-V6] fetch meta-llama/Llama-3.2-1B -> None requests
[2026-08-22 11:43:16.201 Model_Service_4] [PAPER-KV-V6] fetch meta-llama/Llama-3.2-1B -> None requests
[2026-08-22 11:43:16.211 Model_Service_4] [PAPER-KV-V6] fetch meta-llama/Llama-3.2-1B -> None requests
[2026-08-22 11:43:16.222 Model_Service_4] [PAPER-KV-V6] fetch meta-llama/Llama-3.2-1B -> None requests
[2026-08-22 11:43:16.233 Model_Service_4] [PAPER-KV-V6] fetch meta-llama/Llama-3.2-1B -> None requests
[2026-08-22 11:43:16.243 Model_Service_4] [PAPER-KV-V6] fetch meta-llama/Llama-3.2-1B -> None requests
[2026-08-22 11:43:16.254 Model_Service_4] [PAPER-KV-V6] fetch meta-llama/Llama-3.2-1B -> None requests
[2026-08-22 11:43:16.264 Model_Service_4] [PAPER-KV-V6] fetch meta-llama/Llama-3.2-1B -> None requests
[2026-08-22 11:43:16.275 Model_Service_4] [PAPER-KV-V6] fetch meta-llama/Llama-3.2-1B -> None requests
[2026-08-22 11:43:16.286 Model_Service_4] [PAPER-KV-V6] fetch meta-llama/Llama-3.2-1B -> None requests
[2026-08-22 11:43:16.298 Model_Service_4] [PAPER-KV-V6] fetch meta-llama/Llama-3.2-1B -> None requests
[2026-08-22 11:43:16.308 Model_Service_4] [PAPER-KV-V6] fetch meta-llama/Llama-3.2-1B -> None requests
[2026-08-22 11:43:16.319 Model_Service_4] [PAPER-KV-V6] fetch meta-llama/Llama-3.2-1B -> None requests
[2026-08-22 11:43:16.329 Model_Service_4] [PAPER-KV-V6] fetch meta-llama/Llama-3.2-1B -> None requests
[2026-08-22 11:43:16.340 Model_Service_4] [PAPER-KV-V6] fetch meta-llama/Llama-3.2-1B -> None requests
[2026-08-22 11:43:16.350 Model_Service_4] [PAPER-KV-V6] fetch meta-llama/Llama-3.2-1B -> None requests
[2026-08-22 11:43:16.361 Model_Service_4] [PAPER-KV-V6] fetch meta-llama/Llama-3.2-1B -> None requests
[2026-08-22 11:43:16.365 Model_Service_1] [PAPER-KV-V6] fetch Qwen/Qwen2.5-3B-Instruct -> None requests
[2026-08-22 11:43:16.371 Model_Service_4] [PAPER-KV-V6] fetch meta-llama/Llama-3.2-1B -> None requests
[2026-08-22 11:43:16.376 Model_Service_1] [PAPER-KV-V6] fetch Qwen/Qwen2.5-3B-Instruct -> None requests
[2026-08-22 11:43:16.382 Model_Service_4] [PAPER-KV-V6] fetch meta-llama/Llama-3.2-1B -> None requests
[2026-08-22 11:43:16.386 Model_Service_1] [PAPER-KV-V6] fetch Qwen/Qwen2.5-3B-Instruct -> None requests
[2026-08-22 11:43:16.392 Model_Service_4] [PAPER-KV-V6] fetch meta-llama/Llama-3.2-1B -> None requests
[2026-08-22 11:43:16.397 Model_Service_1] [PAPER-KV-V6] fetch Qwen/Qwen2.5-3B-Instruct -> None requests
[2026-08-22 11:43:16.402 Model_Service_4] [PAPER-KV-V6] fetch meta-llama/Llama-3.2-1B -> None requests
[2026-08-22 11:43:16.407 Model_Service_1] [PAPER-KV-V6] fetch Qwen/Qwen2.5-3B-Instruct -> None requests
[2026-08-22 11:43:16.413 Model_Service_4] [PAPER-KV-V6] fetch meta-llama/Llama-3.2-1B -> None requests
[2026-08-22 11:43:16.418 Model_Service_1] [PAPER-KV-V6] fetch Qwen/Qwen2.5-3B-Instruct -> None requests
[2026-08-22 11:43:16.423 Model_Service_4] [PAPER-KV-V6] fetch meta-llama/Llama-3.2-1B -> None requests
[2026-08-22 11:43:16.428 Model_Service_1] [PAPER-KV-V6] fetch Qwen/Qwen2.5-3B-Instruct -> None requests
[2026-08-22 11:43:16.434 Model_Service_4] [PAPER-KV-V6] fetch meta-llama/Llama-3.2-1B -> None requests
[2026-08-22 11:43:16.438 Model_Service_1] [PAPER-KV-V6] fetch Qwen/Qwen2.5-3B-Instruct -> None requests
[2026-08-22 11:43:16.444 Model_Service_4] [PAPER-KV-V6] fetch meta-llama/Llama-3.2-1B -> None requests
[2026-08-22 11:43:16.449 Model_Service_1] [PAPER-KV-V6] fetch Qwen/Qwen2.5-3B-Instruct -> None requests
[2026-08-22 11:43:16.455 Model_Service_4] [PAPER-KV-V6] fetch meta-llama/Llama-3.2-1B -> None requests
[2026-08-22 11:43:16.459 Model_Service_1] [PAPER-KV-V6] fetch Qwen/Qwen2.5-3B-Instruct -> None requests
[2026-08-22 11:43:16.465 Model_Service_4] [PAPER-KV-V6] fetch meta-llama/Llama-3.2-1B -> None requests
[2026-08-22 11:43:16.469 Model_Service_1] [PAPER-KV-V6] fetch Qwen/Qwen2.5-3B-Instruct -> None requests
[2026-08-22 11:43:16.476 Model_Service_4] [PAPER-KV-V6] fetch meta-llama/Llama-3.2-1B -> None requests
[2026-08-22 11:43:16.480 Model_Service_1] [PAPER-KV-V6] fetch Qwen/Qwen2.5-3B-Instruct -> None requests
[2026-08-22 11:43:16.486 Model_Service_4] [PAPER-KV-V6] fetch meta-llama/Llama-3.2-1B -> None requests
[2026-08-22 11:43:16.490 Model_Service_1] [PAPER-KV-V6] fetch Qwen/Qwen2.5-3B-Instruct -> None requests
[2026-08-22 11:43:16.497 Model_Service_4] [PAPER-KV-V6] fetch meta-llama/Llama-3.2-1B -> None requests
[2026-08-22 11:43:16.500 Model_Service_1] [PAPER-KV-V6] fetch Qwen/Qwen2.5-3B-Instruct -> None requests
[2026-08-22 11:43:16.507 Model_Service_4] [PAPER-KV-V6] fetch meta-llama/Llama-3.2-1B -> None requests
[2026-08-22 11:43:16.511 Model_Service_1] [PAPER-KV-V6] fetch Qwen/Qwen2.5-3B-Instruct -> None requests
[2026-08-22 11:43:16.518 Model_Service_4] [PAPER-KV-V6] fetch meta-llama/Llama-3.2-1B -> None requests
[2026-08-22 11:43:16.521 Model_Service_1] [PAPER-KV-V6] fetch Qwen/Qwen2.5-3B-Instruct -> None requests
[2026-08-22 11:43:16.529 Model_Service_4] [PAPER-KV-V6] fetch meta-llama/Llama-3.2-1B -> None requests
[2026-08-22 11:43:16.532 Model_Service_1] [PAPER-KV-V6] fetch Qwen/Qwen2.5-3B-Instruct -> None requests
[2026-08-22 11:43:16.535 Model_Service_3] [PAPER-LOAD-V4] {"tag": "meta-llama/Llama-3.1-8B|engine=0_2|src=None", "start_time": 1787398994.5931187, "end_time": 1787398996.5351498, "policy": "paper", "split": 2, "pipeline_depth": null, "target_gpu": 0, "gpu_ids": [0, 1], "source": "cpu", "host_registered": true, "slices": 390, "payload_bytes": 16060522496, "bytes_h2d_direct": 8030261248, "bytes_h2d_helper": 8030261248, "bytes_p2p": 8030261248, "seconds": 1.9420299180783331, "payload_gbps": 8.26996656770979, "transfer_path": "host-to-device + helper-gpu-p2p"}
[2026-08-22 11:43:16.538 Model_Service_3] Time taken to copy model to GPU 0, service 3, engine 0_2, model meta-llama/Llama-3.1-8B: 1.9481 seconds
[2026-08-22 11:43:16.539 Model_Service_4] [PAPER-KV-V6] fetch meta-llama/Llama-3.2-1B -> None requests
[2026-08-22 11:43:16.542 Model_Service_1] [PAPER-KV-V6] fetch Qwen/Qwen2.5-3B-Instruct -> None requests
[2026-08-22 11:43:16.550 Model_Service_4] [PAPER-KV-V6] fetch meta-llama/Llama-3.2-1B -> None requests
[2026-08-22 11:43:16.553 Model_Service_1] [PAPER-KV-V6] fetch Qwen/Qwen2.5-3B-Instruct -> None requests
[2026-08-22 11:43:16.560 Model_Service_4] [PAPER-KV-V6] fetch meta-llama/Llama-3.2-1B -> None requests
[2026-08-22 11:43:16.563 Model_Service_1] [PAPER-KV-V6] fetch Qwen/Qwen2.5-3B-Instruct -> None requests
[2026-08-22 11:43:16.571 Model_Service_4] [PAPER-KV-V6] fetch meta-llama/Llama-3.2-1B -> None requests
[2026-08-22 11:43:16.574 Model_Service_1] [PAPER-KV-V6] fetch Qwen/Qwen2.5-3B-Instruct -> None requests
[2026-08-22 11:43:16.581 Model_Service_4] [PAPER-KV-V6] fetch meta-llama/Llama-3.2-1B -> None requests
[2026-08-22 11:43:16.584 Model_Service_1] [PAPER-KV-V6] fetch Qwen/Qwen2.5-3B-Instruct -> None requests
[2026-08-22 11:43:16.593 Model_Service_4] [PAPER-KV-V6] fetch meta-llama/Llama-3.2-1B -> None requests
[2026-08-22 11:43:16.594 Model_Service_1] [PAPER-KV-V6] fetch Qwen/Qwen2.5-3B-Instruct -> None requests
[2026-08-22 11:43:16.603 Model_Service_4] [PAPER-KV-V6] fetch meta-llama/Llama-3.2-1B -> None requests
[2026-08-22 11:43:16.606 Model_Service_1] [PAPER-KV-V6] fetch Qwen/Qwen2.5-3B-Instruct -> None requests
[2026-08-22 11:43:16.614 Model_Service_4] [PAPER-KV-V6] fetch meta-llama/Llama-3.2-1B -> None requests
[2026-08-22 11:43:16.616 Model_Service_1] [PAPER-KV-V6] fetch Qwen/Qwen2.5-3B-Instruct -> None requests
[2026-08-22 11:43:16.625 Model_Service_4] [PAPER-KV-V6] fetch meta-llama/Llama-3.2-1B -> None requests
[2026-08-22 11:43:16.626 Model_Service_1] [PAPER-KV-V6] fetch Qwen/Qwen2.5-3B-Instruct -> None requests
[2026-08-22 11:43:16.635 Model_Service_4] [PAPER-KV-V6] fetch meta-llama/Llama-3.2-1B -> None requests
[2026-08-22 11:43:16.637 Model_Service_1] [PAPER-KV-V6] fetch Qwen/Qwen2.5-3B-Instruct -> None requests
[2026-08-22 11:43:16.646 Model_Service_4] [PAPER-KV-V6] fetch meta-llama/Llama-3.2-1B -> None requests
[2026-08-22 11:43:16.648 Model_Service_1] [PAPER-KV-V6] fetch Qwen/Qwen2.5-3B-Instruct -> None requests
[2026-08-22 11:43:16.656 Model_Service_4] [PAPER-KV-V6] fetch meta-llama/Llama-3.2-1B -> None requests
[2026-08-22 11:43:16.658 Model_Service_1] [PAPER-KV-V6] fetch Qwen/Qwen2.5-3B-Instruct -> None requests
[2026-08-22 11:43:16.667 Model_Service_4] [PAPER-KV-V6] fetch meta-llama/Llama-3.2-1B -> None requests
[2026-08-22 11:43:16.668 Model_Service_1] [PAPER-KV-V6] fetch Qwen/Qwen2.5-3B-Instruct -> None requests
[2026-08-22 11:43:16.677 Model_Service_4] [PAPER-KV-V6] fetch meta-llama/Llama-3.2-1B -> None requests
[2026-08-22 11:43:16.679 Model_Service_1] [PAPER-KV-V6] fetch Qwen/Qwen2.5-3B-Instruct -> None requests
[2026-08-22 11:43:16.688 Model_Service_4] [PAPER-KV-V6] fetch meta-llama/Llama-3.2-1B -> None requests
[2026-08-22 11:43:16.690 Model_Service_1] [PAPER-KV-V6] fetch Qwen/Qwen2.5-3B-Instruct -> None requests
[2026-08-22 11:43:16.699 Model_Service_4] [PAPER-KV-V6] fetch meta-llama/Llama-3.2-1B -> None requests
[2026-08-22 11:43:16.700 Model_Service_1] [PAPER-KV-V6] fetch Qwen/Qwen2.5-3B-Instruct -> None requests
[2026-08-22 11:43:16.709 Model_Service_4] [PAPER-KV-V6] fetch meta-llama/Llama-3.2-1B -> None requests
[2026-08-22 11:43:16.710 Model_Service_1] [PAPER-KV-V6] fetch Qwen/Qwen2.5-3B-Instruct -> None requests
[2026-08-22 11:43:16.720 Model_Service_4] [PAPER-KV-V6] fetch meta-llama/Llama-3.2-1B -> None requests
[2026-08-22 11:43:16.721 Model_Service_1] [PAPER-KV-V6] fetch Qwen/Qwen2.5-3B-Instruct -> None requests
[2026-08-22 11:43:16.731 Model_Service_4] [PAPER-KV-V6] fetch meta-llama/Llama-3.2-1B -> None requests
[2026-08-22 11:43:16.731 Model_Service_1] [PAPER-KV-V6] fetch Qwen/Qwen2.5-3B-Instruct -> None requests
[2026-08-22 11:43:16.741 Model_Service_4] [PAPER-KV-V6] fetch meta-llama/Llama-3.2-1B -> None requests
[2026-08-22 11:43:16.742 Model_Service_1] [PAPER-KV-V6] fetch Qwen/Qwen2.5-3B-Instruct -> None requests
[2026-08-22 11:43:16.752 Model_Service_4] [PAPER-KV-V6] fetch meta-llama/Llama-3.2-1B -> None requests
[2026-08-22 11:43:16.752 Model_Service_1] [PAPER-KV-V6] fetch Qwen/Qwen2.5-3B-Instruct -> None requests
[2026-08-22 11:43:16.763 Model_Service_4] [PAPER-KV-V6] fetch meta-llama/Llama-3.2-1B -> None requests
[2026-08-22 11:43:16.763 Model_Service_1] [PAPER-KV-V6] fetch Qwen/Qwen2.5-3B-Instruct -> None requests
[2026-08-22 11:43:16.773 Model_Service_4] [PAPER-KV-V6] fetch meta-llama/Llama-3.2-1B -> None requests
[2026-08-22 11:43:16.773 Model_Service_1] [PAPER-KV-V6] fetch Qwen/Qwen2.5-3B-Instruct -> None requests
[2026-08-22 11:43:16.784 Model_Service_4] [PAPER-KV-V6] fetch meta-llama/Llama-3.2-1B -> None requests
[2026-08-22 11:43:16.784 Model_Service_1] [PAPER-KV-V6] fetch Qwen/Qwen2.5-3B-Instruct -> None requests
[2026-08-22 11:43:16.795 Model_Service_4] [PAPER-KV-V6] fetch meta-llama/Llama-3.2-1B -> None requests
[2026-08-22 11:43:16.795 Model_Service_1] [PAPER-KV-V6] fetch Qwen/Qwen2.5-3B-Instruct -> None requests
[2026-08-22 11:43:16.806 Model_Service_1] [PAPER-KV-V6] fetch Qwen/Qwen2.5-3B-Instruct -> None requests
[2026-08-22 11:43:16.806 Model_Service_4] [PAPER-KV-V6] fetch meta-llama/Llama-3.2-1B -> None requests
[2026-08-22 11:43:16.816 Model_Service_1] [PAPER-KV-V6] fetch Qwen/Qwen2.5-3B-Instruct -> None requests
[2026-08-22 11:43:16.816 Model_Service_4] [PAPER-KV-V6] fetch meta-llama/Llama-3.2-1B -> None requests
[2026-08-22 11:43:16.827 Model_Service_1] [PAPER-KV-V6] fetch Qwen/Qwen2.5-3B-Instruct -> None requests
[2026-08-22 11:43:16.827 Model_Service_4] [PAPER-KV-V6] fetch meta-llama/Llama-3.2-1B -> None requests
[2026-08-22 11:43:16.837 Model_Service_1] [PAPER-KV-V6] fetch Qwen/Qwen2.5-3B-Instruct -> None requests
[2026-08-22 11:43:16.839 Model_Service_4] [PAPER-KV-V6] fetch meta-llama/Llama-3.2-1B -> None requests
[2026-08-22 11:43:16.848 Model_Service_1] [PAPER-KV-V6] fetch Qwen/Qwen2.5-3B-Instruct -> None requests
[2026-08-22 11:43:16.850 Model_Service_4] [PAPER-KV-V6] fetch meta-llama/Llama-3.2-1B -> None requests
[2026-08-22 11:43:16.858 Model_Service_1] [PAPER-KV-V6] fetch Qwen/Qwen2.5-3B-Instruct -> None requests
[2026-08-22 11:43:16.860 Model_Service_4] [PAPER-KV-V6] fetch meta-llama/Llama-3.2-1B -> None requests
[2026-08-22 11:43:16.869 Model_Service_1] [PAPER-KV-V6] fetch Qwen/Qwen2.5-3B-Instruct -> None requests
[2026-08-22 11:43:16.871 Model_Service_4] [PAPER-KV-V6] fetch meta-llama/Llama-3.2-1B -> None requests
[2026-08-22 11:43:16.879 Model_Service_1] [PAPER-KV-V6] fetch Qwen/Qwen2.5-3B-Instruct -> None requests
[2026-08-22 11:43:16.882 Model_Service_4] [PAPER-KV-V6] fetch meta-llama/Llama-3.2-1B -> None requests
[2026-08-22 11:43:16.890 Model_Service_1] [PAPER-KV-V6] fetch Qwen/Qwen2.5-3B-Instruct -> None requests
[2026-08-22 11:43:16.893 Model_Service_4] [PAPER-KV-V6] fetch meta-llama/Llama-3.2-1B -> None requests
[2026-08-22 11:43:16.901 Model_Service_1] [PAPER-KV-V6] fetch Qwen/Qwen2.5-3B-Instruct -> None requests
[2026-08-22 11:43:16.904 Model_Service_4] [PAPER-KV-V6] fetch meta-llama/Llama-3.2-1B -> None requests
[2026-08-22 11:43:16.911 Model_Service_1] [PAPER-KV-V6] fetch Qwen/Qwen2.5-3B-Instruct -> None requests
[2026-08-22 11:43:16.915 Model_Service_4] [PAPER-KV-V6] fetch meta-llama/Llama-3.2-1B -> None requests
[2026-08-22 11:43:16.922 Model_Service_1] [PAPER-KV-V6] fetch Qwen/Qwen2.5-3B-Instruct -> None requests
[2026-08-22 11:43:16.925 Model_Service_4] [PAPER-KV-V6] fetch meta-llama/Llama-3.2-1B -> None requests
[2026-08-22 11:43:16.933 Model_Service_1] [PAPER-KV-V6] fetch Qwen/Qwen2.5-3B-Instruct -> None requests
[2026-08-22 11:43:16.936 Model_Service_4] [PAPER-KV-V6] fetch meta-llama/Llama-3.2-1B -> None requests
[2026-08-22 11:43:16.943 Model_Service_1] [PAPER-KV-V6] fetch Qwen/Qwen2.5-3B-Instruct -> None requests
[2026-08-22 11:43:16.947 Model_Service_4] [PAPER-KV-V6] fetch meta-llama/Llama-3.2-1B -> None requests
[2026-08-22 11:43:16.954 Model_Service_1] [PAPER-KV-V6] fetch Qwen/Qwen2.5-3B-Instruct -> None requests
[2026-08-22 11:43:16.957 Model_Service_4] [PAPER-KV-V6] fetch meta-llama/Llama-3.2-1B -> None requests
[2026-08-22 11:43:16.965 Model_Service_1] [PAPER-KV-V6] fetch Qwen/Qwen2.5-3B-Instruct -> None requests
[2026-08-22 11:43:16.968 Model_Service_4] [PAPER-KV-V6] fetch meta-llama/Llama-3.2-1B -> None requests
[2026-08-22 11:43:16.976 Model_Service_1] [PAPER-KV-V6] fetch Qwen/Qwen2.5-3B-Instruct -> None requests
[2026-08-22 11:43:16.979 Model_Service_4] [PAPER-KV-V6] fetch meta-llama/Llama-3.2-1B -> None requests
[2026-08-22 11:43:16.986 Model_Service_1] [PAPER-KV-V6] fetch Qwen/Qwen2.5-3B-Instruct -> None requests
[2026-08-22 11:43:16.989 Model_Service_4] [PAPER-KV-V6] fetch meta-llama/Llama-3.2-1B -> None requests
[2026-08-22 11:43:16.997 Model_Service_1] [PAPER-KV-V6] fetch Qwen/Qwen2.5-3B-Instruct -> None requests
[2026-08-22 11:43:17.001 Model_Service_4] [PAPER-KV-V6] fetch meta-llama/Llama-3.2-1B -> None requests
[2026-08-22 11:43:17.007 Model_Service_1] [PAPER-KV-V6] fetch Qwen/Qwen2.5-3B-Instruct -> None requests
[2026-08-22 11:43:17.011 Model_Service_4] [PAPER-KV-V6] fetch meta-llama/Llama-3.2-1B -> None requests
[2026-08-22 11:43:17.018 Model_Service_1] [PAPER-KV-V6] fetch Qwen/Qwen2.5-3B-Instruct -> None requests
[2026-08-22 11:43:17.022 Model_Service_4] [PAPER-KV-V6] fetch meta-llama/Llama-3.2-1B -> None requests
[2026-08-22 11:43:17.029 Model_Service_1] [PAPER-KV-V6] fetch Qwen/Qwen2.5-3B-Instruct -> None requests
[2026-08-22 11:43:17.033 Model_Service_4] [PAPER-KV-V6] fetch meta-llama/Llama-3.2-1B -> None requests
[2026-08-22 11:43:17.039 Model_Service_1] [PAPER-KV-V6] fetch Qwen/Qwen2.5-3B-Instruct -> None requests
[2026-08-22 11:43:17.044 Model_Service_4] [PAPER-KV-V6] fetch meta-llama/Llama-3.2-1B -> None requests
[2026-08-22 11:43:17.050 Model_Service_1] [PAPER-KV-V6] fetch Qwen/Qwen2.5-3B-Instruct -> None requests
[2026-08-22 11:43:17.054 Model_Service_4] [PAPER-KV-V6] fetch meta-llama/Llama-3.2-1B -> None requests
[2026-08-22 11:43:17.061 Model_Service_1] [PAPER-KV-V6] fetch Qwen/Qwen2.5-3B-Instruct -> None requests
[2026-08-22 11:43:17.066 Model_Service_4] [PAPER-KV-V6] fetch meta-llama/Llama-3.2-1B -> None requests
[2026-08-22 11:43:17.071 Model_Service_1] [PAPER-KV-V6] fetch Qwen/Qwen2.5-3B-Instruct -> None requests
[2026-08-22 11:43:17.076 Model_Service_4] [PAPER-KV-V6] fetch meta-llama/Llama-3.2-1B -> None requests
[2026-08-22 11:43:17.082 Model_Service_1] [PAPER-KV-V6] fetch Qwen/Qwen2.5-3B-Instruct -> None requests
[2026-08-22 11:43:17.087 Model_Service_4] [PAPER-KV-V6] fetch meta-llama/Llama-3.2-1B -> None requests
[2026-08-22 11:43:17.093 Model_Service_1] [PAPER-KV-V6] fetch Qwen/Qwen2.5-3B-Instruct -> None requests
[2026-08-22 11:43:17.098 Model_Service_4] [PAPER-KV-V6] fetch meta-llama/Llama-3.2-1B -> None requests
[2026-08-22 11:43:17.103 Model_Service_1] [PAPER-KV-V6] fetch Qwen/Qwen2.5-3B-Instruct -> None requests
[2026-08-22 11:43:17.109 Model_Service_4] [PAPER-KV-V6] fetch meta-llama/Llama-3.2-1B -> None requests
[2026-08-22 11:43:17.114 Model_Service_1] [PAPER-KV-V6] fetch Qwen/Qwen2.5-3B-Instruct -> None requests
[2026-08-22 11:43:17.119 Model_Service_4] [PAPER-KV-V6] fetch meta-llama/Llama-3.2-1B -> None requests
[2026-08-22 11:43:17.124 Model_Service_1] [PAPER-KV-V6] fetch Qwen/Qwen2.5-3B-Instruct -> None requests
[2026-08-22 11:43:17.130 Model_Service_4] [PAPER-KV-V6] fetch meta-llama/Llama-3.2-1B -> None requests
[2026-08-22 11:43:17.135 Model_Service_1] [PAPER-KV-V6] fetch Qwen/Qwen2.5-3B-Instruct -> None requests
[2026-08-22 11:43:17.141 Model_Service_4] [PAPER-KV-V6] fetch meta-llama/Llama-3.2-1B -> None requests
[2026-08-22 11:43:17.145 Model_Service_1] [PAPER-KV-V6] fetch Qwen/Qwen2.5-3B-Instruct -> None requests
[2026-08-22 11:43:17.151 Model_Service_4] [PAPER-KV-V6] fetch meta-llama/Llama-3.2-1B -> None requests
[2026-08-22 11:43:17.156 Model_Service_1] [PAPER-KV-V6] fetch Qwen/Qwen2.5-3B-Instruct -> None requests
[2026-08-22 11:43:17.162 Model_Service_4] [PAPER-KV-V6] fetch meta-llama/Llama-3.2-1B -> None requests
[2026-08-22 11:43:17.166 Model_Service_1] [PAPER-KV-V6] fetch Qwen/Qwen2.5-3B-Instruct -> None requests
[2026-08-22 11:43:17.173 Model_Service_4] [PAPER-KV-V6] fetch meta-llama/Llama-3.2-1B -> None requests
[2026-08-22 11:43:17.177 Model_Service_1] [PAPER-KV-V6] fetch Qwen/Qwen2.5-3B-Instruct -> None requests
[2026-08-22 11:43:17.184 Model_Service_4] [PAPER-KV-V6] fetch meta-llama/Llama-3.2-1B -> None requests
[2026-08-22 11:43:17.187 Model_Service_1] [PAPER-KV-V6] fetch Qwen/Qwen2.5-3B-Instruct -> None requests
[2026-08-22 11:43:17.195 Model_Service_4] [PAPER-KV-V6] fetch meta-llama/Llama-3.2-1B -> None requests
[2026-08-22 11:43:17.198 Model_Service_1] [PAPER-KV-V6] fetch Qwen/Qwen2.5-3B-Instruct -> None requests
[2026-08-22 11:43:17.206 Model_Service_4] [PAPER-KV-V6] fetch meta-llama/Llama-3.2-1B -> None requests
[2026-08-22 11:43:17.209 Model_Service_1] [PAPER-KV-V6] fetch Qwen/Qwen2.5-3B-Instruct -> None requests
[2026-08-22 11:43:17.216 Model_Service_4] [PAPER-KV-V6] fetch meta-llama/Llama-3.2-1B -> None requests
[2026-08-22 11:43:17.219 Model_Service_1] [PAPER-KV-V6] fetch Qwen/Qwen2.5-3B-Instruct -> None requests
[2026-08-22 11:43:17.227 Model_Service_4] [PAPER-KV-V6] fetch meta-llama/Llama-3.2-1B -> None requests
[2026-08-22 11:43:17.230 Model_Service_1] [PAPER-KV-V6] fetch Qwen/Qwen2.5-3B-Instruct -> None requests
[2026-08-22 11:43:17.238 Model_Service_4] [PAPER-KV-V6] fetch meta-llama/Llama-3.2-1B -> None requests
[2026-08-22 11:43:17.240 Model_Service_1] [PAPER-KV-V6] fetch Qwen/Qwen2.5-3B-Instruct -> None requests
[2026-08-22 11:43:17.249 Model_Service_4] [PAPER-KV-V6] fetch meta-llama/Llama-3.2-1B -> None requests
[2026-08-22 11:43:17.251 Model_Service_1] [PAPER-KV-V6] fetch Qwen/Qwen2.5-3B-Instruct -> None requests
[2026-08-22 11:43:17.259 Model_Service_4] [PAPER-KV-V6] fetch meta-llama/Llama-3.2-1B -> None requests
[2026-08-22 11:43:17.261 Model_Service_1] [PAPER-KV-V6] fetch Qwen/Qwen2.5-3B-Instruct -> None requests
[2026-08-22 11:43:17.269 Model_Service_4] [PAPER-KV-V6] fetch meta-llama/Llama-3.2-1B -> None requests
[2026-08-22 11:43:17.271 Model_Service_1] [PAPER-KV-V6] fetch Qwen/Qwen2.5-3B-Instruct -> None requests
[2026-08-22 11:43:17.279 Model_Service_4] [PAPER-KV-V6] fetch meta-llama/Llama-3.2-1B -> None requests
[2026-08-22 11:43:17.282 Model_Service_1] [PAPER-KV-V6] fetch Qwen/Qwen2.5-3B-Instruct -> None requests
[2026-08-22 11:43:17.290 Model_Service_4] [PAPER-KV-V6] fetch meta-llama/Llama-3.2-1B -> None requests
[2026-08-22 11:43:17.292 Model_Service_1] [PAPER-KV-V6] fetch Qwen/Qwen2.5-3B-Instruct -> None requests
[2026-08-22 11:43:17.300 Model_Service_4] [PAPER-KV-V6] fetch meta-llama/Llama-3.2-1B -> None requests
[2026-08-22 11:43:17.303 Model_Service_1] [PAPER-KV-V6] fetch Qwen/Qwen2.5-3B-Instruct -> None requests
[2026-08-22 11:43:17.310 Model_Service_4] [PAPER-KV-V6] fetch meta-llama/Llama-3.2-1B -> None requests
[2026-08-22 11:43:17.314 Model_Service_1] [PAPER-KV-V6] fetch Qwen/Qwen2.5-3B-Instruct -> None requests
[2026-08-22 11:43:17.321 Model_Service_4] [PAPER-KV-V6] fetch meta-llama/Llama-3.2-1B -> None requests
[2026-08-22 11:43:17.324 Model_Service_1] [PAPER-KV-V6] fetch Qwen/Qwen2.5-3B-Instruct -> None requests
[2026-08-22 11:43:17.331 Model_Service_4] [PAPER-KV-V6] fetch meta-llama/Llama-3.2-1B -> None requests
[2026-08-22 11:43:17.334 Model_Service_1] [PAPER-KV-V6] fetch Qwen/Qwen2.5-3B-Instruct -> None requests
[2026-08-22 11:43:17.341 Model_Service_4] [PAPER-KV-V6] fetch meta-llama/Llama-3.2-1B -> None requests
[2026-08-22 11:43:17.345 Model_Service_1] [PAPER-KV-V6] fetch Qwen/Qwen2.5-3B-Instruct -> None requests
[2026-08-22 11:43:17.348 Model_Service_3] [PAPER-KV-V6] fetch meta-llama/Llama-3.1-8B -> None requests
[2026-08-22 11:43:17.352 Model_Service_4] [PAPER-KV-V6] fetch meta-llama/Llama-3.2-1B -> None requests
[2026-08-22 11:43:17.355 Model_Service_1] [PAPER-KV-V6] fetch Qwen/Qwen2.5-3B-Instruct -> None requests
[2026-08-22 11:43:17.358 Model_Service_3] [PAPER-KV-V6] fetch meta-llama/Llama-3.1-8B -> None requests
[2026-08-22 11:43:17.363 Model_Service_4] [PAPER-KV-V6] fetch meta-llama/Llama-3.2-1B -> None requests
[2026-08-22 11:43:17.365 Model_Service_1] [PAPER-KV-V6] fetch Qwen/Qwen2.5-3B-Instruct -> None requests
[2026-08-22 11:43:17.369 Model_Service_3] [PAPER-KV-V6] fetch meta-llama/Llama-3.1-8B -> None requests
[2026-08-22 11:43:17.374 Model_Service_4] [PAPER-KV-V6] fetch meta-llama/Llama-3.2-1B -> None requests
[2026-08-22 11:43:17.376 Model_Service_1] [PAPER-KV-V6] fetch Qwen/Qwen2.5-3B-Instruct -> None requests
[2026-08-22 11:43:17.379 Model_Service_3] [PAPER-KV-V6] fetch meta-llama/Llama-3.1-8B -> None requests
[2026-08-22 11:43:17.384 Model_Service_4] [PAPER-KV-V6] fetch meta-llama/Llama-3.2-1B -> None requests
[2026-08-22 11:43:17.387 Model_Service_1] [PAPER-KV-V6] fetch Qwen/Qwen2.5-3B-Instruct -> None requests
[2026-08-22 11:43:17.390 Model_Service_3] [PAPER-KV-V6] fetch meta-llama/Llama-3.1-8B -> None requests
[2026-08-22 11:43:17.395 Model_Service_4] [PAPER-KV-V6] fetch meta-llama/Llama-3.2-1B -> None requests
[2026-08-22 11:43:17.397 Model_Service_1] [PAPER-KV-V6] fetch Qwen/Qwen2.5-3B-Instruct -> None requests
[2026-08-22 11:43:17.400 Model_Service_3] [PAPER-KV-V6] fetch meta-llama/Llama-3.1-8B -> None requests
[2026-08-22 11:43:17.406 Model_Service_4] [PAPER-KV-V6] fetch meta-llama/Llama-3.2-1B -> None requests
[2026-08-22 11:43:17.407 Model_Service_1] [PAPER-KV-V6] fetch Qwen/Qwen2.5-3B-Instruct -> None requests
[2026-08-22 11:43:17.410 Model_Service_3] [PAPER-KV-V6] fetch meta-llama/Llama-3.1-8B -> None requests
[2026-08-22 11:43:17.416 Model_Service_4] [PAPER-KV-V6] fetch meta-llama/Llama-3.2-1B -> None requests
[2026-08-22 11:43:17.419 Model_Service_1] [PAPER-KV-V6] fetch Qwen/Qwen2.5-3B-Instruct -> None requests
[2026-08-22 11:43:17.421 Model_Service_3] [PAPER-KV-V6] fetch meta-llama/Llama-3.1-8B -> None requests
[2026-08-22 11:43:17.427 Model_Service_4] [PAPER-KV-V6] fetch meta-llama/Llama-3.2-1B -> None requests
[2026-08-22 11:43:17.429 Model_Service_1] [PAPER-KV-V6] fetch Qwen/Qwen2.5-3B-Instruct -> None requests
[2026-08-22 11:43:17.431 Model_Service_3] [PAPER-KV-V6] fetch meta-llama/Llama-3.1-8B -> None requests
[2026-08-22 11:43:17.438 Model_Service_4] [PAPER-KV-V6] fetch meta-llama/Llama-3.2-1B -> None requests
[2026-08-22 11:43:17.440 Model_Service_1] [PAPER-KV-V6] fetch Qwen/Qwen2.5-3B-Instruct -> None requests
[2026-08-22 11:43:17.442 Model_Service_3] [PAPER-KV-V6] fetch meta-llama/Llama-3.1-8B -> None requests
[2026-08-22 11:43:17.448 Model_Service_4] [PAPER-KV-V6] fetch meta-llama/Llama-3.2-1B -> None requests
[2026-08-22 11:43:17.451 Model_Service_1] [PAPER-KV-V6] fetch Qwen/Qwen2.5-3B-Instruct -> None requests
[2026-08-22 11:43:17.452 Model_Service_3] [PAPER-KV-V6] fetch meta-llama/Llama-3.1-8B -> None requests
[2026-08-22 11:43:17.459 Model_Service_4] [PAPER-KV-V6] fetch meta-llama/Llama-3.2-1B -> None requests
[2026-08-22 11:43:17.461 Model_Service_1] [PAPER-KV-V6] fetch Qwen/Qwen2.5-3B-Instruct -> None requests
[2026-08-22 11:43:17.463 Model_Service_3] [PAPER-KV-V6] fetch meta-llama/Llama-3.1-8B -> None requests
[2026-08-22 11:43:17.469 Model_Service_4] [PAPER-KV-V6] fetch meta-llama/Llama-3.2-1B -> None requests
[2026-08-22 11:43:17.472 Model_Service_1] [PAPER-KV-V6] fetch Qwen/Qwen2.5-3B-Instruct -> None requests
[2026-08-22 11:43:17.473 Model_Service_3] [PAPER-KV-V6] fetch meta-llama/Llama-3.1-8B -> None requests
[2026-08-22 11:43:17.480 Model_Service_4] [PAPER-KV-V6] fetch meta-llama/Llama-3.2-1B -> None requests
[2026-08-22 11:43:17.482 Model_Service_1] [PAPER-KV-V6] fetch Qwen/Qwen2.5-3B-Instruct -> None requests
[2026-08-22 11:43:17.484 Model_Service_3] [PAPER-KV-V6] fetch meta-llama/Llama-3.1-8B -> None requests
[2026-08-22 11:43:17.490 Model_Service_4] [PAPER-KV-V6] fetch meta-llama/Llama-3.2-1B -> None requests
[2026-08-22 11:43:17.493 Model_Service_1] [PAPER-KV-V6] fetch Qwen/Qwen2.5-3B-Instruct -> None requests
[2026-08-22 11:43:17.494 Model_Service_3] [PAPER-KV-V6] fetch meta-llama/Llama-3.1-8B -> None requests
[2026-08-22 11:43:17.501 Model_Service_4] [PAPER-KV-V6] fetch meta-llama/Llama-3.2-1B -> None requests
[2026-08-22 11:43:17.504 Model_Service_1] [PAPER-KV-V6] fetch Qwen/Qwen2.5-3B-Instruct -> None requests
[2026-08-22 11:43:17.505 Model_Service_3] [PAPER-KV-V6] fetch meta-llama/Llama-3.1-8B -> None requests
[2026-08-22 11:43:17.511 Model_Service_4] [PAPER-KV-V6] fetch meta-llama/Llama-3.2-1B -> None requests
[2026-08-22 11:43:17.514 Model_Service_1] [PAPER-KV-V6] fetch Qwen/Qwen2.5-3B-Instruct -> None requests
[2026-08-22 11:43:17.515 Model_Service_3] [PAPER-KV-V6] fetch meta-llama/Llama-3.1-8B -> None requests
[2026-08-22 11:43:17.522 Model_Service_4] [PAPER-KV-V6] fetch meta-llama/Llama-3.2-1B -> None requests
[2026-08-22 11:43:17.525 Model_Service_1] [PAPER-KV-V6] fetch Qwen/Qwen2.5-3B-Instruct -> None requests
[2026-08-22 11:43:17.526 Model_Service_3] [PAPER-KV-V6] fetch meta-llama/Llama-3.1-8B -> None requests
[2026-08-22 11:43:17.533 Model_Service_4] [PAPER-KV-V6] fetch meta-llama/Llama-3.2-1B -> None requests
[2026-08-22 11:43:17.536 Model_Service_1] [PAPER-KV-V6] fetch Qwen/Qwen2.5-3B-Instruct -> None requests
[2026-08-22 11:43:17.536 Model_Service_3] [PAPER-KV-V6] fetch meta-llama/Llama-3.1-8B -> None requests
[2026-08-22 11:43:17.543 Model_Service_4] [PAPER-KV-V6] fetch meta-llama/Llama-3.2-1B -> None requests
[2026-08-22 11:43:17.546 Model_Service_1] [PAPER-KV-V6] fetch Qwen/Qwen2.5-3B-Instruct -> None requests
[2026-08-22 11:43:17.547 Model_Service_3] [PAPER-KV-V6] fetch meta-llama/Llama-3.1-8B -> None requests
[2026-08-22 11:43:17.554 Model_Service_4] [PAPER-KV-V6] fetch meta-llama/Llama-3.2-1B -> None requests
[2026-08-22 11:43:17.557 Model_Service_1] [PAPER-KV-V6] fetch Qwen/Qwen2.5-3B-Instruct -> None requests
[2026-08-22 11:43:17.557 Model_Service_3] [PAPER-KV-V6] fetch meta-llama/Llama-3.1-8B -> None requests
[2026-08-22 11:43:17.564 Model_Service_4] [PAPER-KV-V6] fetch meta-llama/Llama-3.2-1B -> None requests
[2026-08-22 11:43:17.567 Model_Service_1] [PAPER-KV-V6] fetch Qwen/Qwen2.5-3B-Instruct -> None requests
[2026-08-22 11:43:17.568 Model_Service_3] [PAPER-KV-V6] fetch meta-llama/Llama-3.1-8B -> None requests
[2026-08-22 11:43:17.575 Model_Service_4] [PAPER-KV-V6] fetch meta-llama/Llama-3.2-1B -> None requests
[2026-08-22 11:43:17.578 Model_Service_1] [PAPER-KV-V6] fetch Qwen/Qwen2.5-3B-Instruct -> None requests
[2026-08-22 11:43:17.578 Model_Service_3] [PAPER-KV-V6] fetch meta-llama/Llama-3.1-8B -> None requests
[2026-08-22 11:43:17.586 Model_Service_4] [PAPER-KV-V6] fetch meta-llama/Llama-3.2-1B -> None requests
[2026-08-22 11:43:17.588 Model_Service_1] [PAPER-KV-V6] fetch Qwen/Qwen2.5-3B-Instruct -> None requests
[2026-08-22 11:43:17.589 Model_Service_3] [PAPER-KV-V6] fetch meta-llama/Llama-3.1-8B -> None requests
[2026-08-22 11:43:17.596 Model_Service_4] [PAPER-KV-V6] fetch meta-llama/Llama-3.2-1B -> None requests
[2026-08-22 11:43:17.599 Model_Service_1] [PAPER-KV-V6] fetch Qwen/Qwen2.5-3B-Instruct -> None requests
[2026-08-22 11:43:17.599 Model_Service_3] [PAPER-KV-V6] fetch meta-llama/Llama-3.1-8B -> None requests
[2026-08-22 11:43:17.607 Model_Service_4] [PAPER-KV-V6] fetch meta-llama/Llama-3.2-1B -> None requests
[2026-08-22 11:43:17.609 Model_Service_1] [PAPER-KV-V6] fetch Qwen/Qwen2.5-3B-Instruct -> None requests
[2026-08-22 11:43:17.610 Model_Service_3] [PAPER-KV-V6] fetch meta-llama/Llama-3.1-8B -> None requests
[2026-08-22 11:43:17.617 Model_Service_4] [PAPER-KV-V6] fetch meta-llama/Llama-3.2-1B -> None requests
[2026-08-22 11:43:17.620 Model_Service_1] [PAPER-KV-V6] fetch Qwen/Qwen2.5-3B-Instruct -> None requests
[2026-08-22 11:43:17.621 Model_Service_3] [PAPER-KV-V6] fetch meta-llama/Llama-3.1-8B -> None requests
[2026-08-22 11:43:17.628 Model_Service_4] [PAPER-KV-V6] fetch meta-llama/Llama-3.2-1B -> None requests
[2026-08-22 11:43:17.630 Model_Service_1] [PAPER-KV-V6] fetch Qwen/Qwen2.5-3B-Instruct -> None requests
[2026-08-22 11:43:17.631 Model_Service_3] [PAPER-KV-V6] fetch meta-llama/Llama-3.1-8B -> None requests
[2026-08-22 11:43:17.634 Model_Service_0] Model service 0 input queue is empty, waiting for next request
[2026-08-22 11:43:17.639 Model_Service_4] [PAPER-KV-V6] fetch meta-llama/Llama-3.2-1B -> None requests
[2026-08-22 11:43:17.641 Model_Service_1] [PAPER-KV-V6] fetch Qwen/Qwen2.5-3B-Instruct -> None requests
[2026-08-22 11:43:17.642 Model_Service_3] [PAPER-KV-V6] fetch meta-llama/Llama-3.1-8B -> None requests
[2026-08-22 11:43:17.649 Model_Service_4] [PAPER-KV-V6] fetch meta-llama/Llama-3.2-1B -> None requests
[2026-08-22 11:43:17.651 Model_Service_1] [PAPER-KV-V6] fetch Qwen/Qwen2.5-3B-Instruct -> None requests
[2026-08-22 11:43:17.652 Model_Service_3] [PAPER-KV-V6] fetch meta-llama/Llama-3.1-8B -> None requests
[2026-08-22 11:43:17.660 Model_Service_4] [PAPER-KV-V6] fetch meta-llama/Llama-3.2-1B -> None requests
[2026-08-22 11:43:17.662 Model_Service_1] [PAPER-KV-V6] fetch Qwen/Qwen2.5-3B-Instruct -> None requests
[2026-08-22 11:43:17.663 Model_Service_3] [PAPER-KV-V6] fetch meta-llama/Llama-3.1-8B -> None requests
[2026-08-22 11:43:17.671 Model_Service_4] [PAPER-KV-V6] fetch meta-llama/Llama-3.2-1B -> None requests
[2026-08-22 11:43:17.672 Model_Service_1] [PAPER-KV-V6] fetch Qwen/Qwen2.5-3B-Instruct -> None requests
[2026-08-22 11:43:17.673 Model_Service_3] [PAPER-KV-V6] fetch meta-llama/Llama-3.1-8B -> None requests
[2026-08-22 11:43:17.681 Model_Service_4] [PAPER-KV-V6] fetch meta-llama/Llama-3.2-1B -> None requests
[2026-08-22 11:43:17.683 Model_Service_1] [PAPER-KV-V6] fetch Qwen/Qwen2.5-3B-Instruct -> None requests
[2026-08-22 11:43:17.684 Model_Service_3] [PAPER-KV-V6] fetch meta-llama/Llama-3.1-8B -> None requests
[2026-08-22 11:43:17.691 Model_Service_5] Model service 5 input queue is empty, waiting for next request
[2026-08-22 11:43:17.692 Model_Service_4] [PAPER-KV-V6] fetch meta-llama/Llama-3.2-1B -> None requests
[2026-08-22 11:43:17.694 Model_Service_1] [PAPER-KV-V6] fetch Qwen/Qwen2.5-3B-Instruct -> None requests
[2026-08-22 11:43:17.695 Model_Service_3] [PAPER-KV-V6] fetch meta-llama/Llama-3.1-8B -> None requests
[2026-08-22 11:43:17.703 Model_Service_4] [PAPER-KV-V6] fetch meta-llama/Llama-3.2-1B -> None requests
[2026-08-22 11:43:17.704 Model_Service_1] [PAPER-KV-V6] fetch Qwen/Qwen2.5-3B-Instruct -> None requests
[2026-08-22 11:43:17.705 Model_Service_3] [PAPER-KV-V6] fetch meta-llama/Llama-3.1-8B -> None requests
[2026-08-22 11:43:17.713 Model_Service_4] [PAPER-KV-V6] fetch meta-llama/Llama-3.2-1B -> None requests
[2026-08-22 11:43:17.715 Model_Service_1] [PAPER-KV-V6] fetch Qwen/Qwen2.5-3B-Instruct -> None requests
[2026-08-22 11:43:17.716 Model_Service_3] [PAPER-KV-V6] fetch meta-llama/Llama-3.1-8B -> None requests
[2026-08-22 11:43:17.724 Model_Service_4] [PAPER-KV-V6] fetch meta-llama/Llama-3.2-1B -> None requests
[2026-08-22 11:43:17.725 Model_Service_1] [PAPER-KV-V6] fetch Qwen/Qwen2.5-3B-Instruct -> None requests
[2026-08-22 11:43:17.726 Model_Service_3] [PAPER-KV-V6] fetch meta-llama/Llama-3.1-8B -> None requests
[2026-08-22 11:43:17.735 Model_Service_4] [PAPER-KV-V6] fetch meta-llama/Llama-3.2-1B -> None requests
[2026-08-22 11:43:17.736 Model_Service_1] [PAPER-KV-V6] fetch Qwen/Qwen2.5-3B-Instruct -> None requests
[2026-08-22 11:43:17.737 Model_Service_3] [PAPER-KV-V6] fetch meta-llama/Llama-3.1-8B -> None requests
[2026-08-22 11:43:17.745 Model_Service_4] [PAPER-KV-V6] fetch meta-llama/Llama-3.2-1B -> None requests
[2026-08-22 11:43:17.746 Model_Service_1] [PAPER-KV-V6] fetch Qwen/Qwen2.5-3B-Instruct -> None requests
[2026-08-22 11:43:17.747 Model_Service_3] [PAPER-KV-V6] fetch meta-llama/Llama-3.1-8B -> None requests
[2026-08-22 11:43:17.755 Model_Service_4] [PAPER-KV-V6] fetch meta-llama/Llama-3.2-1B -> None requests
[2026-08-22 11:43:17.756 Model_Service_1] [PAPER-KV-V6] fetch Qwen/Qwen2.5-3B-Instruct -> None requests
[2026-08-22 11:43:17.758 Model_Service_3] [PAPER-KV-V6] fetch meta-llama/Llama-3.1-8B -> None requests
[2026-08-22 11:43:17.766 Model_Service_4] [PAPER-KV-V6] fetch meta-llama/Llama-3.2-1B -> None requests
[2026-08-22 11:43:17.767 Model_Service_1] [PAPER-KV-V6] fetch Qwen/Qwen2.5-3B-Instruct -> None requests
[2026-08-22 11:43:17.769 Model_Service_3] [PAPER-KV-V6] fetch meta-llama/Llama-3.1-8B -> None requests
[2026-08-22 11:43:17.777 Model_Service_4] [PAPER-KV-V6] fetch meta-llama/Llama-3.2-1B -> None requests
[2026-08-22 11:43:17.777 Model_Service_1] [PAPER-KV-V6] fetch Qwen/Qwen2.5-3B-Instruct -> None requests
[2026-08-22 11:43:17.779 Model_Service_3] [PAPER-KV-V6] fetch meta-llama/Llama-3.1-8B -> None requests
[2026-08-22 11:43:17.787 Model_Service_4] [PAPER-KV-V6] fetch meta-llama/Llama-3.2-1B -> None requests
[2026-08-22 11:43:17.788 Model_Service_1] [PAPER-KV-V6] fetch Qwen/Qwen2.5-3B-Instruct -> None requests
[2026-08-22 11:43:17.790 Model_Service_3] [PAPER-KV-V6] fetch meta-llama/Llama-3.1-8B -> None requests
[2026-08-22 11:43:17.797 Model_Service_4] [PAPER-KV-V6] fetch meta-llama/Llama-3.2-1B -> None requests
[2026-08-22 11:43:17.798 Model_Service_1] [PAPER-KV-V6] fetch Qwen/Qwen2.5-3B-Instruct -> None requests
[2026-08-22 11:43:17.800 Model_Service_3] [PAPER-KV-V6] fetch meta-llama/Llama-3.1-8B -> None requests
[2026-08-22 11:43:17.808 Model_Service_4] [PAPER-KV-V6] fetch meta-llama/Llama-3.2-1B -> None requests
[2026-08-22 11:43:17.808 Model_Service_1] [PAPER-KV-V6] fetch Qwen/Qwen2.5-3B-Instruct -> None requests
[2026-08-22 11:43:17.810 Model_Service_3] [PAPER-KV-V6] fetch meta-llama/Llama-3.1-8B -> None requests
[2026-08-22 11:43:17.818 Model_Service_4] [PAPER-KV-V6] fetch meta-llama/Llama-3.2-1B -> None requests
[2026-08-22 11:43:17.819 Model_Service_1] [PAPER-KV-V6] fetch Qwen/Qwen2.5-3B-Instruct -> None requests
[2026-08-22 11:43:17.821 Model_Service_3] [PAPER-KV-V6] fetch meta-llama/Llama-3.1-8B -> None requests
[2026-08-22 11:43:17.828 Model_Service_4] [PAPER-KV-V6] fetch meta-llama/Llama-3.2-1B -> None requests
[2026-08-22 11:43:17.829 Model_Service_1] [PAPER-KV-V6] fetch Qwen/Qwen2.5-3B-Instruct -> None requests
[2026-08-22 11:43:17.831 Model_Service_3] [PAPER-KV-V6] fetch meta-llama/Llama-3.1-8B -> None requests
[2026-08-22 11:43:17.839 Model_Service_4] [PAPER-KV-V6] fetch meta-llama/Llama-3.2-1B -> None requests
[2026-08-22 11:43:17.839 Model_Service_1] [PAPER-KV-V6] fetch Qwen/Qwen2.5-3B-Instruct -> None requests
[2026-08-22 11:43:17.842 Model_Service_3] [PAPER-KV-V6] fetch meta-llama/Llama-3.1-8B -> None requests
[2026-08-22 11:43:17.849 Model_Service_4] [PAPER-KV-V6] fetch meta-llama/Llama-3.2-1B -> None requests
[2026-08-22 11:43:17.849 Model_Service_1] [PAPER-KV-V6] fetch Qwen/Qwen2.5-3B-Instruct -> None requests
[2026-08-22 11:43:17.852 Model_Service_3] [PAPER-KV-V6] fetch meta-llama/Llama-3.1-8B -> None requests
[2026-08-22 11:43:17.859 Model_Service_4] [PAPER-KV-V6] fetch meta-llama/Llama-3.2-1B -> None requests
[2026-08-22 11:43:17.860 Model_Service_1] [PAPER-KV-V6] fetch Qwen/Qwen2.5-3B-Instruct -> None requests
[2026-08-22 11:43:17.862 Model_Service_3] [PAPER-KV-V6] fetch meta-llama/Llama-3.1-8B -> None requests
[2026-08-22 11:43:17.870 Model_Service_4] [PAPER-KV-V6] fetch meta-llama/Llama-3.2-1B -> None requests
[2026-08-22 11:43:17.870 Model_Service_1] [PAPER-KV-V6] fetch Qwen/Qwen2.5-3B-Instruct -> None requests
[2026-08-22 11:43:17.873 Model_Service_3] [PAPER-KV-V6] fetch meta-llama/Llama-3.1-8B -> None requests
[2026-08-22 11:43:17.880 Model_Service_4] [PAPER-KV-V6] fetch meta-llama/Llama-3.2-1B -> None requests
[2026-08-22 11:43:17.880 Model_Service_1] [PAPER-KV-V6] fetch Qwen/Qwen2.5-3B-Instruct -> None requests
[2026-08-22 11:43:17.883 Model_Service_3] [PAPER-KV-V6] fetch meta-llama/Llama-3.1-8B -> None requests
[2026-08-22 11:43:17.890 Model_Service_4] [PAPER-KV-V6] fetch meta-llama/Llama-3.2-1B -> None requests
[2026-08-22 11:43:17.890 Model_Service_1] [PAPER-KV-V6] fetch Qwen/Qwen2.5-3B-Instruct -> None requests
[2026-08-22 11:43:17.893 Model_Service_3] [PAPER-KV-V6] fetch meta-llama/Llama-3.1-8B -> None requests
[2026-08-22 11:43:17.901 Model_Service_1] [PAPER-KV-V6] fetch Qwen/Qwen2.5-3B-Instruct -> None requests
[2026-08-22 11:43:17.901 Model_Service_4] [PAPER-KV-V6] fetch meta-llama/Llama-3.2-1B -> None requests
[2026-08-22 11:43:17.904 Model_Service_3] [PAPER-KV-V6] fetch meta-llama/Llama-3.1-8B -> None requests
[2026-08-22 11:43:17.911 Model_Service_1] [PAPER-KV-V6] fetch Qwen/Qwen2.5-3B-Instruct -> None requests
[2026-08-22 11:43:17.911 Model_Service_4] [PAPER-KV-V6] fetch meta-llama/Llama-3.2-1B -> None requests
[2026-08-22 11:43:17.914 Model_Service_3] [PAPER-KV-V6] fetch meta-llama/Llama-3.1-8B -> None requests
[2026-08-22 11:43:17.921 Model_Service_1] [PAPER-KV-V6] fetch Qwen/Qwen2.5-3B-Instruct -> None requests
[2026-08-22 11:43:17.922 Model_Service_4] [PAPER-KV-V6] fetch meta-llama/Llama-3.2-1B -> None requests
[2026-08-22 11:43:17.924 Model_Service_3] [PAPER-KV-V6] fetch meta-llama/Llama-3.1-8B -> None requests
[2026-08-22 11:43:17.931 Model_Service_1] [PAPER-KV-V6] fetch Qwen/Qwen2.5-3B-Instruct -> None requests
[2026-08-22 11:43:17.932 Model_Service_4] [PAPER-KV-V6] fetch meta-llama/Llama-3.2-1B -> None requests
[2026-08-22 11:43:17.935 Model_Service_3] [PAPER-KV-V6] fetch meta-llama/Llama-3.1-8B -> None requests
[2026-08-22 11:43:17.942 Model_Service_1] [PAPER-KV-V6] fetch Qwen/Qwen2.5-3B-Instruct -> None requests
[2026-08-22 11:43:17.942 Model_Service_4] [PAPER-KV-V6] fetch meta-llama/Llama-3.2-1B -> None requests
[2026-08-22 11:43:17.945 Model_Service_3] [PAPER-KV-V6] fetch meta-llama/Llama-3.1-8B -> None requests
[2026-08-22 11:43:17.952 Model_Service_1] [PAPER-KV-V6] fetch Qwen/Qwen2.5-3B-Instruct -> None requests
[2026-08-22 11:43:17.953 Model_Service_4] [PAPER-KV-V6] fetch meta-llama/Llama-3.2-1B -> None requests
[2026-08-22 11:43:17.955 Model_Service_3] [PAPER-KV-V6] fetch meta-llama/Llama-3.1-8B -> None requests
[2026-08-22 11:43:17.962 Model_Service_1] [PAPER-KV-V6] fetch Qwen/Qwen2.5-3B-Instruct -> None requests
[2026-08-22 11:43:17.963 Model_Service_4] [PAPER-KV-V6] fetch meta-llama/Llama-3.2-1B -> None requests
[2026-08-22 11:43:17.965 Model_Service_3] [PAPER-KV-V6] fetch meta-llama/Llama-3.1-8B -> None requests
[2026-08-22 11:43:17.972 Model_Service_1] [PAPER-KV-V6] fetch Qwen/Qwen2.5-3B-Instruct -> None requests
[2026-08-22 11:43:17.973 Model_Service_4] [PAPER-KV-V6] fetch meta-llama/Llama-3.2-1B -> None requests
[2026-08-22 11:43:17.976 Model_Service_3] [PAPER-KV-V6] fetch meta-llama/Llama-3.1-8B -> None requests
[2026-08-22 11:43:17.983 Model_Service_1] [PAPER-KV-V6] fetch Qwen/Qwen2.5-3B-Instruct -> None requests
[2026-08-22 11:43:17.984 Model_Service_4] [PAPER-KV-V6] fetch meta-llama/Llama-3.2-1B -> None requests
[2026-08-22 11:43:17.986 Model_Service_3] [PAPER-KV-V6] fetch meta-llama/Llama-3.1-8B -> None requests
[2026-08-22 11:43:17.994 Model_Service_1] [PAPER-KV-V6] fetch Qwen/Qwen2.5-3B-Instruct -> None requests
[2026-08-22 11:43:17.994 Model_Service_4] [PAPER-KV-V6] fetch meta-llama/Llama-3.2-1B -> None requests
[2026-08-22 11:43:17.997 Model_Service_3] [PAPER-KV-V6] fetch meta-llama/Llama-3.1-8B -> None requests
[2026-08-22 11:43:18.004 Model_Service_1] [PAPER-KV-V6] fetch Qwen/Qwen2.5-3B-Instruct -> None requests
[2026-08-22 11:43:18.004 Model_Service_4] [PAPER-KV-V6] fetch meta-llama/Llama-3.2-1B -> None requests
[2026-08-22 11:43:18.008 Model_Service_3] [PAPER-KV-V6] fetch meta-llama/Llama-3.1-8B -> None requests
[2026-08-22 11:43:18.014 Model_Service_1] [PAPER-KV-V6] fetch Qwen/Qwen2.5-3B-Instruct -> None requests
[2026-08-22 11:43:18.014 Model_Service_4] [PAPER-KV-V6] fetch meta-llama/Llama-3.2-1B -> None requests
[2026-08-22 11:43:18.018 Model_Service_3] [PAPER-KV-V6] fetch meta-llama/Llama-3.1-8B -> None requests
[2026-08-22 11:43:18.024 Model_Service_1] [PAPER-KV-V6] fetch Qwen/Qwen2.5-3B-Instruct -> None requests
[2026-08-22 11:43:18.025 Model_Service_4] [PAPER-KV-V6] fetch meta-llama/Llama-3.2-1B -> None requests
[2026-08-22 11:43:18.028 Model_Service_3] [PAPER-KV-V6] fetch meta-llama/Llama-3.1-8B -> None requests
[2026-08-22 11:43:18.035 Model_Service_1] [PAPER-KV-V6] fetch Qwen/Qwen2.5-3B-Instruct -> None requests
[2026-08-22 11:43:18.035 Model_Service_4] [PAPER-KV-V6] fetch meta-llama/Llama-3.2-1B -> None requests
[2026-08-22 11:43:18.038 Model_Service_3] [PAPER-KV-V6] fetch meta-llama/Llama-3.1-8B -> None requests
[2026-08-22 11:43:18.045 Model_Service_1] [PAPER-KV-V6] fetch Qwen/Qwen2.5-3B-Instruct -> None requests
[2026-08-22 11:43:18.045 Model_Service_4] [PAPER-KV-V6] fetch meta-llama/Llama-3.2-1B -> None requests
[2026-08-22 11:43:18.049 Model_Service_3] [PAPER-KV-V6] fetch meta-llama/Llama-3.1-8B -> None requests
[2026-08-22 11:43:18.055 Model_Service_1] [PAPER-KV-V6] fetch Qwen/Qwen2.5-3B-Instruct -> None requests
[2026-08-22 11:43:18.056 Model_Service_4] [PAPER-KV-V6] fetch meta-llama/Llama-3.2-1B -> None requests
[2026-08-22 11:43:18.059 Model_Service_3] [PAPER-KV-V6] fetch meta-llama/Llama-3.1-8B -> None requests
[2026-08-22 11:43:18.066 Model_Service_1] [PAPER-KV-V6] fetch Qwen/Qwen2.5-3B-Instruct -> None requests
[2026-08-22 11:43:18.066 Model_Service_4] [PAPER-KV-V6] fetch meta-llama/Llama-3.2-1B -> None requests
[2026-08-22 11:43:18.069 Model_Service_3] [PAPER-KV-V6] fetch meta-llama/Llama-3.1-8B -> None requests
[2026-08-22 11:43:18.076 Model_Service_1] [PAPER-KV-V6] fetch Qwen/Qwen2.5-3B-Instruct -> None requests
[2026-08-22 11:43:18.076 Model_Service_4] [PAPER-KV-V6] fetch meta-llama/Llama-3.2-1B -> None requests
[2026-08-22 11:43:18.080 Model_Service_3] [PAPER-KV-V6] fetch meta-llama/Llama-3.1-8B -> None requests
[2026-08-22 11:43:18.086 Model_Service_1] [PAPER-KV-V6] fetch Qwen/Qwen2.5-3B-Instruct -> None requests
[2026-08-22 11:43:18.086 Model_Service_4] [PAPER-KV-V6] fetch meta-llama/Llama-3.2-1B -> None requests
[2026-08-22 11:43:18.090 Model_Service_3] [PAPER-KV-V6] fetch meta-llama/Llama-3.1-8B -> None requests
[2026-08-22 11:43:18.096 Model_Service_1] [PAPER-KV-V6] fetch Qwen/Qwen2.5-3B-Instruct -> None requests
[2026-08-22 11:43:18.097 Model_Service_4] [PAPER-KV-V6] fetch meta-llama/Llama-3.2-1B -> None requests
[2026-08-22 11:43:18.100 Model_Service_3] [PAPER-KV-V6] fetch meta-llama/Llama-3.1-8B -> None requests
[2026-08-22 11:43:18.107 Model_Service_1] [PAPER-KV-V6] fetch Qwen/Qwen2.5-3B-Instruct -> None requests
[2026-08-22 11:43:18.107 Model_Service_4] [PAPER-KV-V6] fetch meta-llama/Llama-3.2-1B -> None requests
[2026-08-22 11:43:18.111 Model_Service_3] [PAPER-KV-V6] fetch meta-llama/Llama-3.1-8B -> None requests
[2026-08-22 11:43:18.117 Model_Service_1] [PAPER-KV-V6] fetch Qwen/Qwen2.5-3B-Instruct -> None requests
[2026-08-22 11:43:18.117 Model_Service_4] [PAPER-KV-V6] fetch meta-llama/Llama-3.2-1B -> None requests
[2026-08-22 11:43:18.121 Model_Service_3] [PAPER-KV-V6] fetch meta-llama/Llama-3.1-8B -> None requests
[2026-08-22 11:43:18.127 Model_Service_1] [PAPER-KV-V6] fetch Qwen/Qwen2.5-3B-Instruct -> None requests
[2026-08-22 11:43:18.128 Model_Service_4] [PAPER-KV-V6] fetch meta-llama/Llama-3.2-1B -> None requests
[2026-08-22 11:43:18.131 Model_Service_3] [PAPER-KV-V6] fetch meta-llama/Llama-3.1-8B -> None requests
[2026-08-22 11:43:18.138 Model_Service_1] [PAPER-KV-V6] fetch Qwen/Qwen2.5-3B-Instruct -> None requests
[2026-08-22 11:43:18.138 Model_Service_4] [PAPER-KV-V6] fetch meta-llama/Llama-3.2-1B -> None requests
[2026-08-22 11:43:18.142 Model_Service_3] [PAPER-KV-V6] fetch meta-llama/Llama-3.1-8B -> None requests
[2026-08-22 11:43:18.148 Model_Service_1] [PAPER-KV-V6] fetch Qwen/Qwen2.5-3B-Instruct -> None requests
[2026-08-22 11:43:18.148 Model_Service_4] [PAPER-KV-V6] fetch meta-llama/Llama-3.2-1B -> None requests
[2026-08-22 11:43:18.152 Model_Service_3] [PAPER-KV-V6] fetch meta-llama/Llama-3.1-8B -> None requests
[2026-08-22 11:43:18.158 Model_Service_1] [PAPER-KV-V6] fetch Qwen/Qwen2.5-3B-Instruct -> None requests
[2026-08-22 11:43:18.159 Model_Service_4] [PAPER-KV-V6] fetch meta-llama/Llama-3.2-1B -> None requests
[2026-08-22 11:43:18.162 Model_Service_3] [PAPER-KV-V6] fetch meta-llama/Llama-3.1-8B -> None requests
[2026-08-22 11:43:18.168 Model_Service_1] [PAPER-KV-V6] fetch Qwen/Qwen2.5-3B-Instruct -> None requests
[2026-08-22 11:43:18.169 Model_Service_4] [PAPER-KV-V6] fetch meta-llama/Llama-3.2-1B -> None requests
[2026-08-22 11:43:18.173 Model_Service_3] [PAPER-KV-V6] fetch meta-llama/Llama-3.1-8B -> None requests
[2026-08-22 11:43:18.179 Model_Service_1] [PAPER-KV-V6] fetch Qwen/Qwen2.5-3B-Instruct -> None requests
[2026-08-22 11:43:18.179 Model_Service_4] [PAPER-KV-V6] fetch meta-llama/Llama-3.2-1B -> None requests
[2026-08-22 11:43:18.183 Model_Service_3] [PAPER-KV-V6] fetch meta-llama/Llama-3.1-8B -> None requests
[2026-08-22 11:43:18.189 Model_Service_1] [PAPER-KV-V6] fetch Qwen/Qwen2.5-3B-Instruct -> None requests
[2026-08-22 11:43:18.189 Model_Service_4] [PAPER-KV-V6] fetch meta-llama/Llama-3.2-1B -> None requests
[2026-08-22 11:43:18.193 Model_Service_3] [PAPER-KV-V6] fetch meta-llama/Llama-3.1-8B -> None requests
[2026-08-22 11:43:18.199 Model_Service_1] [PAPER-KV-V6] fetch Qwen/Qwen2.5-3B-Instruct -> None requests
[2026-08-22 11:43:18.200 Model_Service_4] [PAPER-KV-V6] fetch meta-llama/Llama-3.2-1B -> None requests
[2026-08-22 11:43:18.204 Model_Service_3] [PAPER-KV-V6] fetch meta-llama/Llama-3.1-8B -> None requests
[2026-08-22 11:43:18.210 Model_Service_1] [PAPER-KV-V6] fetch Qwen/Qwen2.5-3B-Instruct -> None requests
[2026-08-22 11:43:18.210 Model_Service_4] [PAPER-KV-V6] fetch meta-llama/Llama-3.2-1B -> None requests
[2026-08-22 11:43:18.214 Model_Service_3] [PAPER-KV-V6] fetch meta-llama/Llama-3.1-8B -> None requests
[2026-08-22 11:43:18.220 Model_Service_1] [PAPER-KV-V6] fetch Qwen/Qwen2.5-3B-Instruct -> None requests
[2026-08-22 11:43:18.220 Model_Service_4] [PAPER-KV-V6] fetch meta-llama/Llama-3.2-1B -> None requests
[2026-08-22 11:43:18.225 Model_Service_3] [PAPER-KV-V6] fetch meta-llama/Llama-3.1-8B -> None requests
[2026-08-22 11:43:18.230 Model_Service_1] [PAPER-KV-V6] fetch Qwen/Qwen2.5-3B-Instruct -> None requests
[2026-08-22 11:43:18.231 Model_Service_4] [PAPER-KV-V6] fetch meta-llama/Llama-3.2-1B -> None requests
[2026-08-22 11:43:18.235 Model_Service_3] [PAPER-KV-V6] fetch meta-llama/Llama-3.1-8B -> None requests
[2026-08-22 11:43:18.240 Model_Service_1] [PAPER-KV-V6] fetch Qwen/Qwen2.5-3B-Instruct -> None requests
[2026-08-22 11:43:18.241 Model_Service_4] [PAPER-KV-V6] fetch meta-llama/Llama-3.2-1B -> None requests
[2026-08-22 11:43:18.246 Model_Service_3] [PAPER-KV-V6] fetch meta-llama/Llama-3.1-8B -> None requests
[2026-08-22 11:43:18.251 Model_Service_1] [PAPER-KV-V6] fetch Qwen/Qwen2.5-3B-Instruct -> None requests
[2026-08-22 11:43:18.251 Model_Service_4] [PAPER-KV-V6] fetch meta-llama/Llama-3.2-1B -> None requests
[2026-08-22 11:43:18.256 Model_Service_3] [PAPER-KV-V6] fetch meta-llama/Llama-3.1-8B -> None requests
[2026-08-22 11:43:18.261 Model_Service_1] [PAPER-KV-V6] fetch Qwen/Qwen2.5-3B-Instruct -> None requests
[2026-08-22 11:43:18.262 Model_Service_4] [PAPER-KV-V6] fetch meta-llama/Llama-3.2-1B -> None requests
[2026-08-22 11:43:18.267 Model_Service_3] [PAPER-KV-V6] fetch meta-llama/Llama-3.1-8B -> None requests
[2026-08-22 11:43:18.271 Model_Service_1] [PAPER-KV-V6] fetch Qwen/Qwen2.5-3B-Instruct -> None requests
[2026-08-22 11:43:18.272 Model_Service_4] [PAPER-KV-V6] fetch meta-llama/Llama-3.2-1B -> None requests
[2026-08-22 11:43:18.277 Model_Service_3] [PAPER-KV-V6] fetch meta-llama/Llama-3.1-8B -> None requests
[2026-08-22 11:43:18.282 Model_Service_1] [PAPER-KV-V6] fetch Qwen/Qwen2.5-3B-Instruct -> None requests
[2026-08-22 11:43:18.282 Model_Service_4] [PAPER-KV-V6] fetch meta-llama/Llama-3.2-1B -> None requests
[2026-08-22 11:43:18.288 Model_Service_3] [PAPER-KV-V6] fetch meta-llama/Llama-3.1-8B -> None requests
[2026-08-22 11:43:18.292 Model_Service_1] [PAPER-KV-V6] fetch Qwen/Qwen2.5-3B-Instruct -> None requests
[2026-08-22 11:43:18.292 Model_Service_4] [PAPER-KV-V6] fetch meta-llama/Llama-3.2-1B -> None requests
[2026-08-22 11:43:18.298 Model_Service_3] [PAPER-KV-V6] fetch meta-llama/Llama-3.1-8B -> None requests
[2026-08-22 11:43:18.302 Model_Service_1] [PAPER-KV-V6] fetch Qwen/Qwen2.5-3B-Instruct -> None requests
[2026-08-22 11:43:18.303 Model_Service_4] [PAPER-KV-V6] fetch meta-llama/Llama-3.2-1B -> None requests
[2026-08-22 11:43:18.309 Model_Service_3] [PAPER-KV-V6] fetch meta-llama/Llama-3.1-8B -> None requests
[2026-08-22 11:43:18.312 Model_Service_1] [PAPER-KV-V6] fetch Qwen/Qwen2.5-3B-Instruct -> None requests
[2026-08-22 11:43:18.313 Model_Service_4] [PAPER-KV-V6] fetch meta-llama/Llama-3.2-1B -> None requests
[2026-08-22 11:43:18.319 Model_Service_3] [PAPER-KV-V6] fetch meta-llama/Llama-3.1-8B -> None requests
[2026-08-22 11:43:18.323 Model_Service_1] [PAPER-KV-V6] fetch Qwen/Qwen2.5-3B-Instruct -> None requests
[2026-08-22 11:43:18.323 Model_Service_4] [PAPER-KV-V6] fetch meta-llama/Llama-3.2-1B -> None requests
[2026-08-22 11:43:18.330 Model_Service_3] [PAPER-KV-V6] fetch meta-llama/Llama-3.1-8B -> None requests
[2026-08-22 11:43:18.333 Model_Service_1] [PAPER-KV-V6] fetch Qwen/Qwen2.5-3B-Instruct -> None requests
[2026-08-22 11:43:18.334 Model_Service_4] [PAPER-KV-V6] fetch meta-llama/Llama-3.2-1B -> None requests
[2026-08-22 11:43:18.340 Model_Service_3] [PAPER-KV-V6] fetch meta-llama/Llama-3.1-8B -> None requests
[2026-08-22 11:43:18.343 Model_Service_1] [PAPER-KV-V6] fetch Qwen/Qwen2.5-3B-Instruct -> None requests
[2026-08-22 11:43:18.344 Model_Service_4] [PAPER-KV-V6] fetch meta-llama/Llama-3.2-1B -> None requests
[2026-08-22 11:43:18.350 Model_Service_3] [PAPER-KV-V6] fetch meta-llama/Llama-3.1-8B -> None requests
[2026-08-22 11:43:18.354 Model_Service_1] [PAPER-KV-V6] fetch Qwen/Qwen2.5-3B-Instruct -> None requests
[2026-08-22 11:43:18.354 Model_Service_4] [PAPER-KV-V6] fetch meta-llama/Llama-3.2-1B -> None requests
[2026-08-22 11:43:18.361 Model_Service_3] [PAPER-KV-V6] fetch meta-llama/Llama-3.1-8B -> None requests
[2026-08-22 11:43:18.364 Model_Service_1] [PAPER-KV-V6] fetch Qwen/Qwen2.5-3B-Instruct -> None requests
[2026-08-22 11:43:18.365 Model_Service_4] [PAPER-KV-V6] fetch meta-llama/Llama-3.2-1B -> None requests
[2026-08-22 11:43:18.371 Model_Service_3] [PAPER-KV-V6] fetch meta-llama/Llama-3.1-8B -> None requests
[2026-08-22 11:43:18.374 Model_Service_1] [PAPER-KV-V6] fetch Qwen/Qwen2.5-3B-Instruct -> None requests
[2026-08-22 11:43:18.375 Model_Service_4] [PAPER-KV-V6] fetch meta-llama/Llama-3.2-1B -> None requests
[2026-08-22 11:43:18.381 Model_Service_3] [PAPER-KV-V6] fetch meta-llama/Llama-3.1-8B -> None requests
[2026-08-22 11:43:18.384 Model_Service_1] [PAPER-KV-V6] fetch Qwen/Qwen2.5-3B-Instruct -> None requests
[2026-08-22 11:43:18.385 Model_Service_4] [PAPER-KV-V6] fetch meta-llama/Llama-3.2-1B -> None requests
[2026-08-22 11:43:18.392 Model_Service_3] [PAPER-KV-V6] fetch meta-llama/Llama-3.1-8B -> None requests
[2026-08-22 11:43:18.395 Model_Service_1] [PAPER-KV-V6] fetch Qwen/Qwen2.5-3B-Instruct -> None requests
[2026-08-22 11:43:18.395 Model_Service_4] [PAPER-KV-V6] fetch meta-llama/Llama-3.2-1B -> None requests
[2026-08-22 11:43:18.402 Model_Service_3] [PAPER-KV-V6] fetch meta-llama/Llama-3.1-8B -> None requests
[2026-08-22 11:43:18.405 Model_Service_1] [PAPER-KV-V6] fetch Qwen/Qwen2.5-3B-Instruct -> None requests
[2026-08-22 11:43:18.406 Model_Service_4] [PAPER-KV-V6] fetch meta-llama/Llama-3.2-1B -> None requests
[2026-08-22 11:43:18.413 Model_Service_3] [PAPER-KV-V6] fetch meta-llama/Llama-3.1-8B -> None requests
[2026-08-22 11:43:18.415 Model_Service_1] [PAPER-KV-V6] fetch Qwen/Qwen2.5-3B-Instruct -> None requests
[2026-08-22 11:43:18.416 Model_Service_4] [PAPER-KV-V6] fetch meta-llama/Llama-3.2-1B -> None requests
[2026-08-22 11:43:18.423 Model_Service_3] [PAPER-KV-V6] fetch meta-llama/Llama-3.1-8B -> None requests
[2026-08-22 11:43:18.426 Model_Service_1] [PAPER-KV-V6] fetch Qwen/Qwen2.5-3B-Instruct -> None requests
[2026-08-22 11:43:18.426 Model_Service_4] [PAPER-KV-V6] fetch meta-llama/Llama-3.2-1B -> None requests
[2026-08-22 11:43:18.433 Model_Service_3] [PAPER-KV-V6] fetch meta-llama/Llama-3.1-8B -> None requests
[2026-08-22 11:43:18.436 Model_Service_1] [PAPER-KV-V6] fetch Qwen/Qwen2.5-3B-Instruct -> None requests
[2026-08-22 11:43:18.437 Model_Service_4] [PAPER-KV-V6] fetch meta-llama/Llama-3.2-1B -> None requests
[2026-08-22 11:43:18.444 Model_Service_3] [PAPER-KV-V6] fetch meta-llama/Llama-3.1-8B -> None requests
[2026-08-22 11:43:18.446 Model_Service_1] [PAPER-KV-V6] fetch Qwen/Qwen2.5-3B-Instruct -> None requests
[2026-08-22 11:43:18.447 Model_Service_4] [PAPER-KV-V6] fetch meta-llama/Llama-3.2-1B -> None requests
[2026-08-22 11:43:18.454 Model_Service_3] [PAPER-KV-V6] fetch meta-llama/Llama-3.1-8B -> None requests
[2026-08-22 11:43:18.457 Model_Service_1] [PAPER-KV-V6] fetch Qwen/Qwen2.5-3B-Instruct -> None requests
[2026-08-22 11:43:18.457 Model_Service_4] [PAPER-KV-V6] fetch meta-llama/Llama-3.2-1B -> None requests
[2026-08-22 11:43:18.464 Model_Service_3] [PAPER-KV-V6] fetch meta-llama/Llama-3.1-8B -> None requests
[2026-08-22 11:43:18.467 Model_Service_1] [PAPER-KV-V6] fetch Qwen/Qwen2.5-3B-Instruct -> None requests
[2026-08-22 11:43:18.467 Model_Service_4] [PAPER-KV-V6] fetch meta-llama/Llama-3.2-1B -> None requests
[2026-08-22 11:43:18.475 Model_Service_3] [PAPER-KV-V6] fetch meta-llama/Llama-3.1-8B -> None requests
[2026-08-22 11:43:18.477 Model_Service_1] [PAPER-KV-V6] fetch Qwen/Qwen2.5-3B-Instruct -> None requests
[2026-08-22 11:43:18.478 Model_Service_4] [PAPER-KV-V6] fetch meta-llama/Llama-3.2-1B -> None requests
[2026-08-22 11:43:18.485 Model_Service_3] [PAPER-KV-V6] fetch meta-llama/Llama-3.1-8B -> None requests
[2026-08-22 11:43:18.487 Model_Service_1] [PAPER-KV-V6] fetch Qwen/Qwen2.5-3B-Instruct -> None requests
[2026-08-22 11:43:18.488 Model_Service_4] [PAPER-KV-V6] fetch meta-llama/Llama-3.2-1B -> None requests
[2026-08-22 11:43:18.495 Model_Service_3] [PAPER-KV-V6] fetch meta-llama/Llama-3.1-8B -> None requests
[2026-08-22 11:43:18.498 Model_Service_1] [PAPER-KV-V6] fetch Qwen/Qwen2.5-3B-Instruct -> None requests
[2026-08-22 11:43:18.498 Model_Service_4] [PAPER-KV-V6] fetch meta-llama/Llama-3.2-1B -> None requests
[2026-08-22 11:43:18.506 Model_Service_3] [PAPER-KV-V6] fetch meta-llama/Llama-3.1-8B -> None requests
[2026-08-22 11:43:18.508 Model_Service_1] [PAPER-KV-V6] fetch Qwen/Qwen2.5-3B-Instruct -> None requests
[2026-08-22 11:43:18.509 Model_Service_4] [PAPER-KV-V6] fetch meta-llama/Llama-3.2-1B -> None requests
[2026-08-22 11:43:18.516 Model_Service_3] [PAPER-KV-V6] fetch meta-llama/Llama-3.1-8B -> None requests
[2026-08-22 11:43:18.518 Model_Service_1] [PAPER-KV-V6] fetch Qwen/Qwen2.5-3B-Instruct -> None requests
[2026-08-22 11:43:18.519 Model_Service_4] [PAPER-KV-V6] fetch meta-llama/Llama-3.2-1B -> None requests
[2026-08-22 11:43:18.526 Model_Service_3] [PAPER-KV-V6] fetch meta-llama/Llama-3.1-8B -> None requests
[2026-08-22 11:43:18.529 Model_Service_1] [PAPER-KV-V6] fetch Qwen/Qwen2.5-3B-Instruct -> None requests
[2026-08-22 11:43:18.529 Model_Service_4] [PAPER-KV-V6] fetch meta-llama/Llama-3.2-1B -> None requests
[2026-08-22 11:43:18.537 Model_Service_3] [PAPER-KV-V6] fetch meta-llama/Llama-3.1-8B -> None requests
[2026-08-22 11:43:18.539 Model_Service_1] [PAPER-KV-V6] fetch Qwen/Qwen2.5-3B-Instruct -> None requests
[2026-08-22 11:43:18.539 Model_Service_4] [PAPER-KV-V6] fetch meta-llama/Llama-3.2-1B -> None requests
[2026-08-22 11:43:18.547 Model_Service_3] [PAPER-KV-V6] fetch meta-llama/Llama-3.1-8B -> None requests
[2026-08-22 11:43:18.549 Model_Service_1] [PAPER-KV-V6] fetch Qwen/Qwen2.5-3B-Instruct -> None requests
[2026-08-22 11:43:18.550 Model_Service_4] [PAPER-KV-V6] fetch meta-llama/Llama-3.2-1B -> None requests
[2026-08-22 11:43:18.557 Model_Service_3] [PAPER-KV-V6] fetch meta-llama/Llama-3.1-8B -> None requests
[2026-08-22 11:43:18.559 Model_Service_1] [PAPER-KV-V6] fetch Qwen/Qwen2.5-3B-Instruct -> None requests
[2026-08-22 11:43:18.560 Model_Service_4] [PAPER-KV-V6] fetch meta-llama/Llama-3.2-1B -> None requests
[2026-08-22 11:43:18.568 Model_Service_3] [PAPER-KV-V6] fetch meta-llama/Llama-3.1-8B -> None requests
[2026-08-22 11:43:18.570 Model_Service_1] [PAPER-KV-V6] fetch Qwen/Qwen2.5-3B-Instruct -> None requests
[2026-08-22 11:43:18.570 Model_Service_4] [PAPER-KV-V6] fetch meta-llama/Llama-3.2-1B -> None requests
[2026-08-22 11:43:18.578 Model_Service_3] [PAPER-KV-V6] fetch meta-llama/Llama-3.1-8B -> None requests
[2026-08-22 11:43:18.580 Model_Service_1] [PAPER-KV-V6] fetch Qwen/Qwen2.5-3B-Instruct -> None requests
[2026-08-22 11:43:18.581 Model_Service_4] [PAPER-KV-V6] fetch meta-llama/Llama-3.2-1B -> None requests
[2026-08-22 11:43:18.588 Model_Service_3] [PAPER-KV-V6] fetch meta-llama/Llama-3.1-8B -> None requests
[2026-08-22 11:43:18.590 Model_Service_1] [PAPER-KV-V6] fetch Qwen/Qwen2.5-3B-Instruct -> None requests
[2026-08-22 11:43:18.591 Model_Service_4] [PAPER-KV-V6] fetch meta-llama/Llama-3.2-1B -> None requests
[2026-08-22 11:43:18.599 Model_Service_3] [PAPER-KV-V6] fetch meta-llama/Llama-3.1-8B -> None requests
[2026-08-22 11:43:18.601 Model_Service_1] [PAPER-KV-V6] fetch Qwen/Qwen2.5-3B-Instruct -> None requests
[2026-08-22 11:43:18.601 Model_Service_4] [PAPER-KV-V6] fetch meta-llama/Llama-3.2-1B -> None requests
[2026-08-22 11:43:18.609 Model_Service_3] [PAPER-KV-V6] fetch meta-llama/Llama-3.1-8B -> None requests
[2026-08-22 11:43:18.611 Model_Service_1] [PAPER-KV-V6] fetch Qwen/Qwen2.5-3B-Instruct -> None requests
[2026-08-22 11:43:18.612 Model_Service_4] [PAPER-KV-V6] fetch meta-llama/Llama-3.2-1B -> None requests
[2026-08-22 11:43:18.619 Model_Service_3] [PAPER-KV-V6] fetch meta-llama/Llama-3.1-8B -> None requests
[2026-08-22 11:43:18.621 Model_Service_1] [PAPER-KV-V6] fetch Qwen/Qwen2.5-3B-Instruct -> None requests
[2026-08-22 11:43:18.622 Model_Service_4] [PAPER-KV-V6] fetch meta-llama/Llama-3.2-1B -> None requests
[2026-08-22 11:43:18.630 Model_Service_3] [PAPER-KV-V6] fetch meta-llama/Llama-3.1-8B -> None requests
[2026-08-22 11:43:18.632 Model_Service_1] [PAPER-KV-V6] fetch Qwen/Qwen2.5-3B-Instruct -> None requests
[2026-08-22 11:43:18.632 Model_Service_4] [PAPER-KV-V6] fetch meta-llama/Llama-3.2-1B -> None requests
[2026-08-22 11:43:18.640 Model_Service_3] [PAPER-KV-V6] fetch meta-llama/Llama-3.1-8B -> None requests
[2026-08-22 11:43:18.642 Model_Service_1] [PAPER-KV-V6] fetch Qwen/Qwen2.5-3B-Instruct -> None requests
[2026-08-22 11:43:18.643 Model_Service_4] [PAPER-KV-V6] fetch meta-llama/Llama-3.2-1B -> None requests
[2026-08-22 11:43:18.651 Model_Service_3] [PAPER-KV-V6] fetch meta-llama/Llama-3.1-8B -> None requests
[2026-08-22 11:43:18.653 Model_Service_1] [PAPER-KV-V6] fetch Qwen/Qwen2.5-3B-Instruct -> None requests
[2026-08-22 11:43:18.653 Model_Service_4] [PAPER-KV-V6] fetch meta-llama/Llama-3.2-1B -> None requests
[2026-08-22 11:43:18.661 Model_Service_3] [PAPER-KV-V6] fetch meta-llama/Llama-3.1-8B -> None requests
[2026-08-22 11:43:18.663 Model_Service_1] [PAPER-KV-V6] fetch Qwen/Qwen2.5-3B-Instruct -> None requests
[2026-08-22 11:43:18.664 Model_Service_4] [PAPER-KV-V6] fetch meta-llama/Llama-3.2-1B -> None requests
[2026-08-22 11:43:18.672 Model_Service_3] [PAPER-KV-V6] fetch meta-llama/Llama-3.1-8B -> None requests
[2026-08-22 11:43:18.673 Model_Service_1] [PAPER-KV-V6] fetch Qwen/Qwen2.5-3B-Instruct -> None requests
[2026-08-22 11:43:18.674 Model_Service_4] [PAPER-KV-V6] fetch meta-llama/Llama-3.2-1B -> None requests
[2026-08-22 11:43:18.682 Model_Service_3] [PAPER-KV-V6] fetch meta-llama/Llama-3.1-8B -> None requests
[2026-08-22 11:43:18.684 Model_Service_1] [PAPER-KV-V6] fetch Qwen/Qwen2.5-3B-Instruct -> None requests
[2026-08-22 11:43:18.685 Model_Service_4] [PAPER-KV-V6] fetch meta-llama/Llama-3.2-1B -> None requests
[2026-08-22 11:43:18.692 Model_Service_2] Model service 2 input queue is empty, waiting for next request
[2026-08-22 11:43:18.693 Model_Service_3] [PAPER-KV-V6] fetch meta-llama/Llama-3.1-8B -> None requests
[2026-08-22 11:43:18.694 Model_Service_1] [PAPER-KV-V6] fetch Qwen/Qwen2.5-3B-Instruct -> None requests
[2026-08-22 11:43:18.695 Model_Service_4] [PAPER-KV-V6] fetch meta-llama/Llama-3.2-1B -> None requests
[2026-08-22 11:43:18.703 Model_Service_3] [PAPER-KV-V6] fetch meta-llama/Llama-3.1-8B -> None requests
[2026-08-22 11:43:18.704 Model_Service_1] [PAPER-KV-V6] fetch Qwen/Qwen2.5-3B-Instruct -> None requests
[2026-08-22 11:43:18.706 Model_Service_4] [PAPER-KV-V6] fetch meta-llama/Llama-3.2-1B -> None requests
[2026-08-22 11:43:18.714 Model_Service_3] [PAPER-KV-V6] fetch meta-llama/Llama-3.1-8B -> None requests
[2026-08-22 11:43:18.715 Model_Service_1] [PAPER-KV-V6] fetch Qwen/Qwen2.5-3B-Instruct -> None requests
[2026-08-22 11:43:18.716 Model_Service_4] [PAPER-KV-V6] fetch meta-llama/Llama-3.2-1B -> None requests
[2026-08-22 11:43:18.724 Model_Service_3] [PAPER-KV-V6] fetch meta-llama/Llama-3.1-8B -> None requests
[2026-08-22 11:43:18.725 Model_Service_1] [PAPER-KV-V6] fetch Qwen/Qwen2.5-3B-Instruct -> None requests
[2026-08-22 11:43:18.726 Model_Service_4] [PAPER-KV-V6] fetch meta-llama/Llama-3.2-1B -> None requests
[2026-08-22 11:43:18.734 Model_Service_3] [PAPER-KV-V6] fetch meta-llama/Llama-3.1-8B -> None requests
[2026-08-22 11:43:18.735 Model_Service_1] [PAPER-KV-V6] fetch Qwen/Qwen2.5-3B-Instruct -> None requests
[2026-08-22 11:43:18.737 Model_Service_4] [PAPER-KV-V6] fetch meta-llama/Llama-3.2-1B -> None requests
[2026-08-22 11:43:18.745 Model_Service_3] [PAPER-KV-V6] fetch meta-llama/Llama-3.1-8B -> None requests
[2026-08-22 11:43:18.746 Model_Service_1] [PAPER-KV-V6] fetch Qwen/Qwen2.5-3B-Instruct -> None requests
[2026-08-22 11:43:18.747 Model_Service_4] [PAPER-KV-V6] fetch meta-llama/Llama-3.2-1B -> None requests
[2026-08-22 11:43:18.755 Model_Service_3] [PAPER-KV-V6] fetch meta-llama/Llama-3.1-8B -> None requests
[2026-08-22 11:43:18.756 Model_Service_1] [PAPER-KV-V6] fetch Qwen/Qwen2.5-3B-Instruct -> None requests
[2026-08-22 11:43:18.757 Model_Service_4] [PAPER-KV-V6] fetch meta-llama/Llama-3.2-1B -> None requests
[2026-08-22 11:43:18.765 Model_Service_3] [PAPER-KV-V6] fetch meta-llama/Llama-3.1-8B -> None requests
[2026-08-22 11:43:18.766 Model_Service_1] [PAPER-KV-V6] fetch Qwen/Qwen2.5-3B-Instruct -> None requests
[2026-08-22 11:43:18.768 Model_Service_4] [PAPER-KV-V6] fetch meta-llama/Llama-3.2-1B -> None requests
[2026-08-22 11:43:18.776 Model_Service_3] [PAPER-KV-V6] fetch meta-llama/Llama-3.1-8B -> None requests
[2026-08-22 11:43:18.777 Model_Service_1] [PAPER-KV-V6] fetch Qwen/Qwen2.5-3B-Instruct -> None requests
[2026-08-22 11:43:18.778 Model_Service_4] [PAPER-KV-V6] fetch meta-llama/Llama-3.2-1B -> None requests
[2026-08-22 11:43:18.787 Model_Service_3] [PAPER-KV-V6] fetch meta-llama/Llama-3.1-8B -> None requests
[2026-08-22 11:43:18.787 Model_Service_1] [PAPER-KV-V6] fetch Qwen/Qwen2.5-3B-Instruct -> None requests
[2026-08-22 11:43:18.788 Model_Service_4] [PAPER-KV-V6] fetch meta-llama/Llama-3.2-1B -> None requests
[2026-08-22 11:43:18.797 Model_Service_3] [PAPER-KV-V6] fetch meta-llama/Llama-3.1-8B -> None requests
[2026-08-22 11:43:18.798 Model_Service_1] [PAPER-KV-V6] fetch Qwen/Qwen2.5-3B-Instruct -> None requests
[2026-08-22 11:43:18.799 Model_Service_4] [PAPER-KV-V6] fetch meta-llama/Llama-3.2-1B -> None requests
[2026-08-22 11:43:18.808 Model_Service_3] [PAPER-KV-V6] fetch meta-llama/Llama-3.1-8B -> None requests
[2026-08-22 11:43:18.808 Model_Service_1] [PAPER-KV-V6] fetch Qwen/Qwen2.5-3B-Instruct -> None requests
[2026-08-22 11:43:18.809 Model_Service_4] [PAPER-KV-V6] fetch meta-llama/Llama-3.2-1B -> None requests
[2026-08-22 11:43:18.819 Model_Service_1] [PAPER-KV-V6] fetch Qwen/Qwen2.5-3B-Instruct -> None requests
[2026-08-22 11:43:18.819 Model_Service_3] [PAPER-KV-V6] fetch meta-llama/Llama-3.1-8B -> None requests
[2026-08-22 11:43:18.820 Model_Service_4] [PAPER-KV-V6] fetch meta-llama/Llama-3.2-1B -> None requests
[2026-08-22 11:43:18.829 Model_Service_1] [PAPER-KV-V6] fetch Qwen/Qwen2.5-3B-Instruct -> None requests
[2026-08-22 11:43:18.830 Model_Service_3] [PAPER-KV-V6] fetch meta-llama/Llama-3.1-8B -> None requests
[2026-08-22 11:43:18.830 Model_Service_4] [PAPER-KV-V6] fetch meta-llama/Llama-3.2-1B -> None requests
[2026-08-22 11:43:18.840 Model_Service_1] [PAPER-KV-V6] fetch Qwen/Qwen2.5-3B-Instruct -> None requests
[2026-08-22 11:43:18.840 Model_Service_3] [PAPER-KV-V6] fetch meta-llama/Llama-3.1-8B -> None requests
[2026-08-22 11:43:18.841 Model_Service_4] [PAPER-KV-V6] fetch meta-llama/Llama-3.2-1B -> None requests
[2026-08-22 11:43:18.850 Model_Service_1] [PAPER-KV-V6] fetch Qwen/Qwen2.5-3B-Instruct -> None requests
[2026-08-22 11:43:18.851 Model_Service_3] [PAPER-KV-V6] fetch meta-llama/Llama-3.1-8B -> None requests
[2026-08-22 11:43:18.851 Model_Service_4] [PAPER-KV-V6] fetch meta-llama/Llama-3.2-1B -> None requests
[2026-08-22 11:43:18.860 Model_Service_1] [PAPER-KV-V6] fetch Qwen/Qwen2.5-3B-Instruct -> None requests
[2026-08-22 11:43:18.861 Model_Service_4] [PAPER-KV-V6] fetch meta-llama/Llama-3.2-1B -> None requests
[2026-08-22 11:43:18.861 Model_Service_3] [PAPER-KV-V6] fetch meta-llama/Llama-3.1-8B -> None requests
[2026-08-22 11:43:18.870 Model_Service_1] [PAPER-KV-V6] fetch Qwen/Qwen2.5-3B-Instruct -> None requests
[2026-08-22 11:43:18.872 Model_Service_4] [PAPER-KV-V6] fetch meta-llama/Llama-3.2-1B -> None requests
[2026-08-22 11:43:18.872 Model_Service_3] [PAPER-KV-V6] fetch meta-llama/Llama-3.1-8B -> None requests
[2026-08-22 11:43:18.881 Model_Service_1] [PAPER-KV-V6] fetch Qwen/Qwen2.5-3B-Instruct -> None requests
[2026-08-22 11:43:18.882 Model_Service_4] [PAPER-KV-V6] fetch meta-llama/Llama-3.2-1B -> None requests
[2026-08-22 11:43:18.882 Model_Service_3] [PAPER-KV-V6] fetch meta-llama/Llama-3.1-8B -> None requests
[2026-08-22 11:43:18.891 Model_Service_1] [PAPER-KV-V6] fetch Qwen/Qwen2.5-3B-Instruct -> None requests
[2026-08-22 11:43:18.892 Model_Service_4] [PAPER-KV-V6] fetch meta-llama/Llama-3.2-1B -> None requests
[2026-08-22 11:43:18.893 Model_Service_3] [PAPER-KV-V6] fetch meta-llama/Llama-3.1-8B -> None requests
[2026-08-22 11:43:18.901 Model_Service_1] [PAPER-KV-V6] fetch Qwen/Qwen2.5-3B-Instruct -> None requests
[2026-08-22 11:43:18.902 Model_Service_4] [PAPER-KV-V6] fetch meta-llama/Llama-3.2-1B -> None requests
[2026-08-22 11:43:18.903 Model_Service_3] [PAPER-KV-V6] fetch meta-llama/Llama-3.1-8B -> None requests
[2026-08-22 11:43:18.911 Model_Service_1] [PAPER-KV-V6] fetch Qwen/Qwen2.5-3B-Instruct -> None requests
[2026-08-22 11:43:18.913 Model_Service_4] [PAPER-KV-V6] fetch meta-llama/Llama-3.2-1B -> None requests
[2026-08-22 11:43:18.913 Model_Service_3] [PAPER-KV-V6] fetch meta-llama/Llama-3.1-8B -> None requests
[2026-08-22 11:43:18.922 Model_Service_1] [PAPER-KV-V6] fetch Qwen/Qwen2.5-3B-Instruct -> None requests
[2026-08-22 11:43:18.923 Model_Service_4] [PAPER-KV-V6] fetch meta-llama/Llama-3.2-1B -> None requests
[2026-08-22 11:43:18.924 Model_Service_3] [PAPER-KV-V6] fetch meta-llama/Llama-3.1-8B -> None requests
[2026-08-22 11:43:18.932 Model_Service_1] [PAPER-KV-V6] fetch Qwen/Qwen2.5-3B-Instruct -> None requests
[2026-08-22 11:43:18.933 Model_Service_4] [PAPER-KV-V6] fetch meta-llama/Llama-3.2-1B -> None requests
[2026-08-22 11:43:18.934 Model_Service_3] [PAPER-KV-V6] fetch meta-llama/Llama-3.1-8B -> None requests
[2026-08-22 11:43:18.943 Model_Service_1] [PAPER-KV-V6] fetch Qwen/Qwen2.5-3B-Instruct -> None requests
[2026-08-22 11:43:18.944 Model_Service_4] [PAPER-KV-V6] fetch meta-llama/Llama-3.2-1B -> None requests
[2026-08-22 11:43:18.945 Model_Service_3] [PAPER-KV-V6] fetch meta-llama/Llama-3.1-8B -> None requests
[2026-08-22 11:43:18.953 Model_Service_1] [PAPER-KV-V6] fetch Qwen/Qwen2.5-3B-Instruct -> None requests
[2026-08-22 11:43:18.955 Model_Service_4] [PAPER-KV-V6] fetch meta-llama/Llama-3.2-1B -> None requests
[2026-08-22 11:43:18.955 Model_Service_3] [PAPER-KV-V6] fetch meta-llama/Llama-3.1-8B -> None requests
[2026-08-22 11:43:18.964 Model_Service_1] [PAPER-KV-V6] fetch Qwen/Qwen2.5-3B-Instruct -> None requests
[2026-08-22 11:43:18.965 Model_Service_4] [PAPER-KV-V6] fetch meta-llama/Llama-3.2-1B -> None requests
[2026-08-22 11:43:18.966 Model_Service_3] [PAPER-KV-V6] fetch meta-llama/Llama-3.1-8B -> None requests
[2026-08-22 11:43:18.974 Model_Service_1] [PAPER-KV-V6] fetch Qwen/Qwen2.5-3B-Instruct -> None requests
[2026-08-22 11:43:18.976 Model_Service_4] [PAPER-KV-V6] fetch meta-llama/Llama-3.2-1B -> None requests
[2026-08-22 11:43:18.976 Model_Service_3] [PAPER-KV-V6] fetch meta-llama/Llama-3.1-8B -> None requests
[2026-08-22 11:43:18.984 Model_Service_1] [PAPER-KV-V6] fetch Qwen/Qwen2.5-3B-Instruct -> None requests
[2026-08-22 11:43:18.987 Model_Service_4] [PAPER-KV-V6] fetch meta-llama/Llama-3.2-1B -> None requests
[2026-08-22 11:43:18.987 Model_Service_3] [PAPER-KV-V6] fetch meta-llama/Llama-3.1-8B -> None requests
[2026-08-22 11:43:18.995 Model_Service_1] [PAPER-KV-V6] fetch Qwen/Qwen2.5-3B-Instruct -> None requests
[2026-08-22 11:43:18.997 Model_Service_4] [PAPER-KV-V6] fetch meta-llama/Llama-3.2-1B -> None requests
[2026-08-22 11:43:18.998 Model_Service_3] [PAPER-KV-V6] fetch meta-llama/Llama-3.1-8B -> None requests
[2026-08-22 11:43:19.005 Model_Service_1] [PAPER-KV-V6] fetch Qwen/Qwen2.5-3B-Instruct -> None requests
[2026-08-22 11:43:19.008 Model_Service_4] [PAPER-KV-V6] fetch meta-llama/Llama-3.2-1B -> None requests
[2026-08-22 11:43:19.008 Model_Service_3] [PAPER-KV-V6] fetch meta-llama/Llama-3.1-8B -> None requests
[2026-08-22 11:43:19.016 Model_Service_1] [PAPER-KV-V6] fetch Qwen/Qwen2.5-3B-Instruct -> None requests
[2026-08-22 11:43:19.018 Model_Service_4] [PAPER-KV-V6] fetch meta-llama/Llama-3.2-1B -> None requests
[2026-08-22 11:43:19.019 Model_Service_3] [PAPER-KV-V6] fetch meta-llama/Llama-3.1-8B -> None requests
[2026-08-22 11:43:19.026 Model_Service_1] [PAPER-KV-V6] fetch Qwen/Qwen2.5-3B-Instruct -> None requests
[2026-08-22 11:43:19.029 Model_Service_4] [PAPER-KV-V6] fetch meta-llama/Llama-3.2-1B -> None requests
[2026-08-22 11:43:19.029 Model_Service_3] [PAPER-KV-V6] fetch meta-llama/Llama-3.1-8B -> None requests
[2026-08-22 11:43:19.037 Model_Service_1] [PAPER-KV-V6] fetch Qwen/Qwen2.5-3B-Instruct -> None requests
[2026-08-22 11:43:19.039 Model_Service_4] [PAPER-KV-V6] fetch meta-llama/Llama-3.2-1B -> None requests
[2026-08-22 11:43:19.040 Model_Service_3] [PAPER-KV-V6] fetch meta-llama/Llama-3.1-8B -> None requests
[2026-08-22 11:43:19.047 Model_Service_1] [PAPER-KV-V6] fetch Qwen/Qwen2.5-3B-Instruct -> None requests
[2026-08-22 11:43:19.050 Model_Service_4] [PAPER-KV-V6] fetch meta-llama/Llama-3.2-1B -> None requests
[2026-08-22 11:43:19.051 Model_Service_3] [PAPER-KV-V6] fetch meta-llama/Llama-3.1-8B -> None requests
[2026-08-22 11:43:19.058 Model_Service_1] [PAPER-KV-V6] fetch Qwen/Qwen2.5-3B-Instruct -> None requests
[2026-08-22 11:43:19.061 Model_Service_4] [PAPER-KV-V6] fetch meta-llama/Llama-3.2-1B -> None requests
[2026-08-22 11:43:19.061 Model_Service_3] [PAPER-KV-V6] fetch meta-llama/Llama-3.1-8B -> None requests
[2026-08-22 11:43:19.068 Model_Service_1] [PAPER-KV-V6] fetch Qwen/Qwen2.5-3B-Instruct -> None requests
[2026-08-22 11:43:19.071 Model_Service_4] [PAPER-KV-V6] fetch meta-llama/Llama-3.2-1B -> None requests
[2026-08-22 11:43:19.072 Model_Service_3] [PAPER-KV-V6] fetch meta-llama/Llama-3.1-8B -> None requests
[2026-08-22 11:43:19.078 Model_Service_1] [PAPER-KV-V6] fetch Qwen/Qwen2.5-3B-Instruct -> None requests
[2026-08-22 11:43:19.082 Model_Service_3] [PAPER-KV-V6] fetch meta-llama/Llama-3.1-8B -> None requests
[2026-08-22 11:43:19.083 Model_Service_4] [PAPER-KV-V6] fetch meta-llama/Llama-3.2-1B -> None requests
[2026-08-22 11:43:19.089 Model_Service_1] [PAPER-KV-V6] fetch Qwen/Qwen2.5-3B-Instruct -> None requests
[2026-08-22 11:43:19.093 Model_Service_3] [PAPER-KV-V6] fetch meta-llama/Llama-3.1-8B -> None requests
[2026-08-22 11:43:19.093 Model_Service_4] [PAPER-KV-V6] fetch meta-llama/Llama-3.2-1B -> None requests
[2026-08-22 11:43:19.099 Model_Service_1] [PAPER-KV-V6] fetch Qwen/Qwen2.5-3B-Instruct -> None requests
[2026-08-22 11:43:19.103 Model_Service_3] [PAPER-KV-V6] fetch meta-llama/Llama-3.1-8B -> None requests
[2026-08-22 11:43:19.104 Model_Service_4] [PAPER-KV-V6] fetch meta-llama/Llama-3.2-1B -> None requests
[2026-08-22 11:43:19.110 Model_Service_1] [PAPER-KV-V6] fetch Qwen/Qwen2.5-3B-Instruct -> None requests
[2026-08-22 11:43:19.114 Model_Service_3] [PAPER-KV-V6] fetch meta-llama/Llama-3.1-8B -> None requests
[2026-08-22 11:43:19.115 Model_Service_4] [PAPER-KV-V6] fetch meta-llama/Llama-3.2-1B -> None requests
[2026-08-22 11:43:19.120 Model_Service_1] [PAPER-KV-V6] fetch Qwen/Qwen2.5-3B-Instruct -> None requests
[2026-08-22 11:43:19.125 Model_Service_3] [PAPER-KV-V6] fetch meta-llama/Llama-3.1-8B -> None requests
[2026-08-22 11:43:19.125 Model_Service_4] [PAPER-KV-V6] fetch meta-llama/Llama-3.2-1B -> None requests
[2026-08-22 11:43:19.131 Model_Service_1] [PAPER-KV-V6] fetch Qwen/Qwen2.5-3B-Instruct -> None requests
[2026-08-22 11:43:19.135 Model_Service_3] [PAPER-KV-V6] fetch meta-llama/Llama-3.1-8B -> None requests
[2026-08-22 11:43:19.136 Model_Service_4] [PAPER-KV-V6] fetch meta-llama/Llama-3.2-1B -> None requests
[2026-08-22 11:43:19.141 Model_Service_1] [PAPER-KV-V6] fetch Qwen/Qwen2.5-3B-Instruct -> None requests
[2026-08-22 11:43:19.146 Model_Service_3] [PAPER-KV-V6] fetch meta-llama/Llama-3.1-8B -> None requests
[2026-08-22 11:43:19.147 Model_Service_4] [PAPER-KV-V6] fetch meta-llama/Llama-3.2-1B -> None requests
[2026-08-22 11:43:19.152 Model_Service_1] [PAPER-KV-V6] fetch Qwen/Qwen2.5-3B-Instruct -> None requests
[2026-08-22 11:43:19.156 Model_Service_3] [PAPER-KV-V6] fetch meta-llama/Llama-3.1-8B -> None requests
[2026-08-22 11:43:19.157 Model_Service_4] [PAPER-KV-V6] fetch meta-llama/Llama-3.2-1B -> None requests
[2026-08-22 11:43:19.162 Model_Service_1] [PAPER-KV-V6] fetch Qwen/Qwen2.5-3B-Instruct -> None requests
[2026-08-22 11:43:19.167 Model_Service_3] [PAPER-KV-V6] fetch meta-llama/Llama-3.1-8B -> None requests
[2026-08-22 11:43:19.168 Model_Service_4] [PAPER-KV-V6] fetch meta-llama/Llama-3.2-1B -> None requests
[2026-08-22 11:43:19.173 Model_Service_1] [PAPER-KV-V6] fetch Qwen/Qwen2.5-3B-Instruct -> None requests
[2026-08-22 11:43:19.177 Model_Service_3] [PAPER-KV-V6] fetch meta-llama/Llama-3.1-8B -> None requests
[2026-08-22 11:43:19.179 Model_Service_4] [PAPER-KV-V6] fetch meta-llama/Llama-3.2-1B -> None requests
[2026-08-22 11:43:19.183 Model_Service_1] [PAPER-KV-V6] fetch Qwen/Qwen2.5-3B-Instruct -> None requests
[2026-08-22 11:43:19.188 Model_Service_3] [PAPER-KV-V6] fetch meta-llama/Llama-3.1-8B -> None requests
[2026-08-22 11:43:19.189 Model_Service_4] [PAPER-KV-V6] fetch meta-llama/Llama-3.2-1B -> None requests
[2026-08-22 11:43:19.193 Model_Service_1] [PAPER-KV-V6] fetch Qwen/Qwen2.5-3B-Instruct -> None requests
[2026-08-22 11:43:19.198 Model_Service_3] [PAPER-KV-V6] fetch meta-llama/Llama-3.1-8B -> None requests
[2026-08-22 11:43:19.200 Model_Service_4] [PAPER-KV-V6] fetch meta-llama/Llama-3.2-1B -> None requests
[2026-08-22 11:43:19.204 Model_Service_1] [PAPER-KV-V6] fetch Qwen/Qwen2.5-3B-Instruct -> None requests
[2026-08-22 11:43:19.209 Model_Service_3] [PAPER-KV-V6] fetch meta-llama/Llama-3.1-8B -> None requests
[2026-08-22 11:43:19.210 Model_Service_4] [PAPER-KV-V6] fetch meta-llama/Llama-3.2-1B -> None requests
[2026-08-22 11:43:19.214 Model_Service_1] [PAPER-KV-V6] fetch Qwen/Qwen2.5-3B-Instruct -> None requests
[2026-08-22 11:43:19.219 Model_Service_3] [PAPER-KV-V6] fetch meta-llama/Llama-3.1-8B -> None requests
[2026-08-22 11:43:19.221 Model_Service_4] [PAPER-KV-V6] fetch meta-llama/Llama-3.2-1B -> None requests
[2026-08-22 11:43:19.224 Model_Service_1] [PAPER-KV-V6] fetch Qwen/Qwen2.5-3B-Instruct -> None requests
[2026-08-22 11:43:19.229 Model_Service_3] [PAPER-KV-V6] fetch meta-llama/Llama-3.1-8B -> None requests
[2026-08-22 11:43:19.231 Model_Service_4] [PAPER-KV-V6] fetch meta-llama/Llama-3.2-1B -> None requests
[2026-08-22 11:43:19.235 Model_Service_1] [PAPER-KV-V6] fetch Qwen/Qwen2.5-3B-Instruct -> None requests
[2026-08-22 11:43:19.240 Model_Service_3] [PAPER-KV-V6] fetch meta-llama/Llama-3.1-8B -> None requests
[2026-08-22 11:43:19.242 Model_Service_4] [PAPER-KV-V6] fetch meta-llama/Llama-3.2-1B -> None requests
[2026-08-22 11:43:19.245 Model_Service_1] [PAPER-KV-V6] fetch Qwen/Qwen2.5-3B-Instruct -> None requests
[2026-08-22 11:43:19.250 Model_Service_3] [PAPER-KV-V6] fetch meta-llama/Llama-3.1-8B -> None requests
[2026-08-22 11:43:19.252 Model_Service_4] [PAPER-KV-V6] fetch meta-llama/Llama-3.2-1B -> None requests
[2026-08-22 11:43:19.255 Model_Service_1] [PAPER-KV-V6] fetch Qwen/Qwen2.5-3B-Instruct -> None requests
[2026-08-22 11:43:19.260 Model_Service_3] [PAPER-KV-V6] fetch meta-llama/Llama-3.1-8B -> None requests
[2026-08-22 11:43:19.263 Model_Service_4] [PAPER-KV-V6] fetch meta-llama/Llama-3.2-1B -> None requests
[2026-08-22 11:43:19.266 Model_Service_1] [PAPER-KV-V6] fetch Qwen/Qwen2.5-3B-Instruct -> None requests
[2026-08-22 11:43:19.271 Model_Service_3] [PAPER-KV-V6] fetch meta-llama/Llama-3.1-8B -> None requests
[2026-08-22 11:43:19.273 Model_Service_4] [PAPER-KV-V6] fetch meta-llama/Llama-3.2-1B -> None requests
[2026-08-22 11:43:19.276 Model_Service_1] [PAPER-KV-V6] fetch Qwen/Qwen2.5-3B-Instruct -> None requests
[2026-08-22 11:43:19.281 Model_Service_3] [PAPER-KV-V6] fetch meta-llama/Llama-3.1-8B -> None requests
[2026-08-22 11:43:19.284 Model_Service_4] [PAPER-KV-V6] fetch meta-llama/Llama-3.2-1B -> None requests
[2026-08-22 11:43:19.286 Model_Service_1] [PAPER-KV-V6] fetch Qwen/Qwen2.5-3B-Instruct -> None requests
[2026-08-22 11:43:19.292 Model_Service_3] [PAPER-KV-V6] fetch meta-llama/Llama-3.1-8B -> None requests
[2026-08-22 11:43:19.295 Model_Service_4] [PAPER-KV-V6] fetch meta-llama/Llama-3.2-1B -> None requests
[2026-08-22 11:43:19.297 Model_Service_1] [PAPER-KV-V6] fetch Qwen/Qwen2.5-3B-Instruct -> None requests
[2026-08-22 11:43:19.302 Model_Service_3] [PAPER-KV-V6] fetch meta-llama/Llama-3.1-8B -> None requests
[2026-08-22 11:43:19.306 Model_Service_4] [PAPER-KV-V6] fetch meta-llama/Llama-3.2-1B -> None requests
[2026-08-22 11:43:19.307 Model_Service_1] [PAPER-KV-V6] fetch Qwen/Qwen2.5-3B-Instruct -> None requests
[2026-08-22 11:43:19.313 Model_Service_3] [PAPER-KV-V6] fetch meta-llama/Llama-3.1-8B -> None requests
[2026-08-22 11:43:19.317 Model_Service_4] [PAPER-KV-V6] fetch meta-llama/Llama-3.2-1B -> None requests
[2026-08-22 11:43:19.318 Model_Service_1] [PAPER-KV-V6] fetch Qwen/Qwen2.5-3B-Instruct -> None requests
[2026-08-22 11:43:19.323 Model_Service_3] [PAPER-KV-V6] fetch meta-llama/Llama-3.1-8B -> None requests
[2026-08-22 11:43:19.328 Model_Service_4] [PAPER-KV-V6] fetch meta-llama/Llama-3.2-1B -> None requests
[2026-08-22 11:43:19.328 Model_Service_1] [PAPER-KV-V6] fetch Qwen/Qwen2.5-3B-Instruct -> None requests
[2026-08-22 11:43:19.334 Model_Service_3] [PAPER-KV-V6] fetch meta-llama/Llama-3.1-8B -> None requests
[2026-08-22 11:43:19.338 Model_Service_4] [PAPER-KV-V6] fetch meta-llama/Llama-3.2-1B -> None requests
[2026-08-22 11:43:19.339 Model_Service_1] [PAPER-KV-V6] fetch Qwen/Qwen2.5-3B-Instruct -> None requests
[2026-08-22 11:43:19.344 Model_Service_3] [PAPER-KV-V6] fetch meta-llama/Llama-3.1-8B -> None requests
[2026-08-22 11:43:19.349 Model_Service_1] [PAPER-KV-V6] fetch Qwen/Qwen2.5-3B-Instruct -> None requests
[2026-08-22 11:43:19.349 Model_Service_4] [PAPER-KV-V6] fetch meta-llama/Llama-3.2-1B -> None requests
[2026-08-22 11:43:19.355 Model_Service_3] [PAPER-KV-V6] fetch meta-llama/Llama-3.1-8B -> None requests
[2026-08-22 11:43:19.360 Model_Service_1] [PAPER-KV-V6] fetch Qwen/Qwen2.5-3B-Instruct -> None requests
[2026-08-22 11:43:19.360 Model_Service_4] [PAPER-KV-V6] fetch meta-llama/Llama-3.2-1B -> None requests
[2026-08-22 11:43:19.365 Model_Service_3] [PAPER-KV-V6] fetch meta-llama/Llama-3.1-8B -> None requests
[2026-08-22 11:43:19.370 Model_Service_1] [PAPER-KV-V6] fetch Qwen/Qwen2.5-3B-Instruct -> None requests
[2026-08-22 11:43:19.371 Model_Service_4] [PAPER-KV-V6] fetch meta-llama/Llama-3.2-1B -> None requests
[2026-08-22 11:43:19.376 Model_Service_3] [PAPER-KV-V6] fetch meta-llama/Llama-3.1-8B -> None requests
[2026-08-22 11:43:19.381 Model_Service_1] [PAPER-KV-V6] fetch Qwen/Qwen2.5-3B-Instruct -> None requests
[2026-08-22 11:43:19.382 Model_Service_4] [PAPER-KV-V6] fetch meta-llama/Llama-3.2-1B -> None requests
[2026-08-22 11:43:19.386 Model_Service_3] [PAPER-KV-V6] fetch meta-llama/Llama-3.1-8B -> None requests
[2026-08-22 11:43:19.392 Model_Service_1] [PAPER-KV-V6] fetch Qwen/Qwen2.5-3B-Instruct -> None requests
[2026-08-22 11:43:19.392 Model_Service_4] [PAPER-KV-V6] fetch meta-llama/Llama-3.2-1B -> None requests
[2026-08-22 11:43:19.397 Model_Service_3] [PAPER-KV-V6] fetch meta-llama/Llama-3.1-8B -> None requests
[2026-08-22 11:43:19.402 Model_Service_1] [PAPER-KV-V6] fetch Qwen/Qwen2.5-3B-Instruct -> None requests
[2026-08-22 11:43:19.403 Model_Service_4] [PAPER-KV-V6] fetch meta-llama/Llama-3.2-1B -> None requests
[2026-08-22 11:43:19.407 Model_Service_3] [PAPER-KV-V6] fetch meta-llama/Llama-3.1-8B -> None requests
[2026-08-22 11:43:19.413 Model_Service_1] [PAPER-KV-V6] fetch Qwen/Qwen2.5-3B-Instruct -> None requests
[2026-08-22 11:43:19.414 Model_Service_4] [PAPER-KV-V6] fetch meta-llama/Llama-3.2-1B -> None requests
[2026-08-22 11:43:19.418 Model_Service_3] [PAPER-KV-V6] fetch meta-llama/Llama-3.1-8B -> None requests
[2026-08-22 11:43:19.423 Model_Service_1] [PAPER-KV-V6] fetch Qwen/Qwen2.5-3B-Instruct -> None requests
[2026-08-22 11:43:19.424 Model_Service_4] [PAPER-KV-V6] fetch meta-llama/Llama-3.2-1B -> None requests
[2026-08-22 11:43:19.428 Model_Service_3] [PAPER-KV-V6] fetch meta-llama/Llama-3.1-8B -> None requests
[2026-08-22 11:43:19.433 Model_Service_1] [PAPER-KV-V6] fetch Qwen/Qwen2.5-3B-Instruct -> None requests
[2026-08-22 11:43:19.434 Model_Service_4] [PAPER-KV-V6] fetch meta-llama/Llama-3.2-1B -> None requests
[2026-08-22 11:43:19.438 Model_Service_3] [PAPER-KV-V6] fetch meta-llama/Llama-3.1-8B -> None requests
[2026-08-22 11:43:19.444 Model_Service_1] [PAPER-KV-V6] fetch Qwen/Qwen2.5-3B-Instruct -> None requests
[2026-08-22 11:43:19.445 Model_Service_4] [PAPER-KV-V6] fetch meta-llama/Llama-3.2-1B -> None requests
[2026-08-22 11:43:19.449 Model_Service_3] [PAPER-KV-V6] fetch meta-llama/Llama-3.1-8B -> None requests
[2026-08-22 11:43:19.454 Model_Service_1] [PAPER-KV-V6] fetch Qwen/Qwen2.5-3B-Instruct -> None requests
[2026-08-22 11:43:19.455 Model_Service_4] [PAPER-KV-V6] fetch meta-llama/Llama-3.2-1B -> None requests
[2026-08-22 11:43:19.459 Model_Service_3] [PAPER-KV-V6] fetch meta-llama/Llama-3.1-8B -> None requests
[2026-08-22 11:43:19.464 Model_Service_1] [PAPER-KV-V6] fetch Qwen/Qwen2.5-3B-Instruct -> None requests
[2026-08-22 11:43:19.466 Model_Service_4] [PAPER-KV-V6] fetch meta-llama/Llama-3.2-1B -> None requests
[2026-08-22 11:43:19.469 Model_Service_3] [PAPER-KV-V6] fetch meta-llama/Llama-3.1-8B -> None requests
[2026-08-22 11:43:19.475 Model_Service_1] [PAPER-KV-V6] fetch Qwen/Qwen2.5-3B-Instruct -> None requests
[2026-08-22 11:43:19.476 Model_Service_4] [PAPER-KV-V6] fetch meta-llama/Llama-3.2-1B -> None requests
[2026-08-22 11:43:19.480 Model_Service_3] [PAPER-KV-V6] fetch meta-llama/Llama-3.1-8B -> None requests
[2026-08-22 11:43:19.485 Model_Service_1] [PAPER-KV-V6] fetch Qwen/Qwen2.5-3B-Instruct -> None requests
[2026-08-22 11:43:19.487 Model_Service_4] [PAPER-KV-V6] fetch meta-llama/Llama-3.2-1B -> None requests
[2026-08-22 11:43:19.490 Model_Service_3] [PAPER-KV-V6] fetch meta-llama/Llama-3.1-8B -> None requests
[2026-08-22 11:43:19.496 Model_Service_1] [PAPER-KV-V6] fetch Qwen/Qwen2.5-3B-Instruct -> None requests
[2026-08-22 11:43:19.497 Model_Service_4] [PAPER-KV-V6] fetch meta-llama/Llama-3.2-1B -> None requests
[2026-08-22 11:43:19.500 Model_Service_3] [PAPER-KV-V6] fetch meta-llama/Llama-3.1-8B -> None requests
[2026-08-22 11:43:19.506 Model_Service_1] [PAPER-KV-V6] fetch Qwen/Qwen2.5-3B-Instruct -> None requests
[2026-08-22 11:43:19.508 Model_Service_4] [PAPER-KV-V6] fetch meta-llama/Llama-3.2-1B -> None requests
[2026-08-22 11:43:19.511 Model_Service_3] [PAPER-KV-V6] fetch meta-llama/Llama-3.1-8B -> None requests
[2026-08-22 11:43:19.517 Model_Service_1] [PAPER-KV-V6] fetch Qwen/Qwen2.5-3B-Instruct -> None requests
[2026-08-22 11:43:19.519 Model_Service_4] [PAPER-KV-V6] fetch meta-llama/Llama-3.2-1B -> None requests
[2026-08-22 11:43:19.521 Model_Service_3] [PAPER-KV-V6] fetch meta-llama/Llama-3.1-8B -> None requests
[2026-08-22 11:43:19.528 Model_Service_1] [PAPER-KV-V6] fetch Qwen/Qwen2.5-3B-Instruct -> None requests
[2026-08-22 11:43:19.529 Model_Service_4] [PAPER-KV-V6] fetch meta-llama/Llama-3.2-1B -> None requests
[2026-08-22 11:43:19.531 Model_Service_3] [PAPER-KV-V6] fetch meta-llama/Llama-3.1-8B -> None requests
[2026-08-22 11:43:19.538 Model_Service_1] [PAPER-KV-V6] fetch Qwen/Qwen2.5-3B-Instruct -> None requests
[2026-08-22 11:43:19.539 Model_Service_4] [PAPER-KV-V6] fetch meta-llama/Llama-3.2-1B -> None requests
[2026-08-22 11:43:19.541 Model_Service_3] [PAPER-KV-V6] fetch meta-llama/Llama-3.1-8B -> None requests
[2026-08-22 11:43:19.548 Model_Service_1] [PAPER-KV-V6] fetch Qwen/Qwen2.5-3B-Instruct -> None requests
[2026-08-22 11:43:19.550 Model_Service_4] [PAPER-KV-V6] fetch meta-llama/Llama-3.2-1B -> None requests
[2026-08-22 11:43:19.552 Model_Service_3] [PAPER-KV-V6] fetch meta-llama/Llama-3.1-8B -> None requests
[2026-08-22 11:43:19.559 Model_Service_1] [PAPER-KV-V6] fetch Qwen/Qwen2.5-3B-Instruct -> None requests
[2026-08-22 11:43:19.561 Model_Service_4] [PAPER-KV-V6] fetch meta-llama/Llama-3.2-1B -> None requests
[2026-08-22 11:43:19.562 Model_Service_3] [PAPER-KV-V6] fetch meta-llama/Llama-3.1-8B -> None requests
[2026-08-22 11:43:19.569 Model_Service_1] [PAPER-KV-V6] fetch Qwen/Qwen2.5-3B-Instruct -> None requests
[2026-08-22 11:43:19.571 Model_Service_4] [PAPER-KV-V6] fetch meta-llama/Llama-3.2-1B -> None requests
[2026-08-22 11:43:19.572 Model_Service_3] [PAPER-KV-V6] fetch meta-llama/Llama-3.1-8B -> None requests
[2026-08-22 11:43:19.579 Model_Service_1] [PAPER-KV-V6] fetch Qwen/Qwen2.5-3B-Instruct -> None requests
[2026-08-22 11:43:19.581 Model_Service_4] [PAPER-KV-V6] fetch meta-llama/Llama-3.2-1B -> None requests
[2026-08-22 11:43:19.583 Model_Service_3] [PAPER-KV-V6] fetch meta-llama/Llama-3.1-8B -> None requests
[2026-08-22 11:43:19.589 Model_Service_1] [PAPER-KV-V6] fetch Qwen/Qwen2.5-3B-Instruct -> None requests
[2026-08-22 11:43:19.592 Model_Service_4] [PAPER-KV-V6] fetch meta-llama/Llama-3.2-1B -> None requests
[2026-08-22 11:43:19.593 Model_Service_3] [PAPER-KV-V6] fetch meta-llama/Llama-3.1-8B -> None requests
[2026-08-22 11:43:19.600 Model_Service_1] [PAPER-KV-V6] fetch Qwen/Qwen2.5-3B-Instruct -> None requests
[2026-08-22 11:43:19.603 Model_Service_4] [PAPER-KV-V6] fetch meta-llama/Llama-3.2-1B -> None requests
[2026-08-22 11:43:19.603 Model_Service_3] [PAPER-KV-V6] fetch meta-llama/Llama-3.1-8B -> None requests
[2026-08-22 11:43:19.610 Model_Service_1] [PAPER-KV-V6] fetch Qwen/Qwen2.5-3B-Instruct -> None requests
[2026-08-22 11:43:19.613 Model_Service_4] [PAPER-KV-V6] fetch meta-llama/Llama-3.2-1B -> None requests
[2026-08-22 11:43:19.614 Model_Service_3] [PAPER-KV-V6] fetch meta-llama/Llama-3.1-8B -> None requests
[2026-08-22 11:43:19.620 Model_Service_1] [PAPER-KV-V6] fetch Qwen/Qwen2.5-3B-Instruct -> None requests
[2026-08-22 11:43:19.624 Model_Service_4] [PAPER-KV-V6] fetch meta-llama/Llama-3.2-1B -> None requests
[2026-08-22 11:43:19.624 Model_Service_3] [PAPER-KV-V6] fetch meta-llama/Llama-3.1-8B -> None requests
[2026-08-22 11:43:19.631 Model_Service_1] [PAPER-KV-V6] fetch Qwen/Qwen2.5-3B-Instruct -> None requests
[2026-08-22 11:43:19.635 Model_Service_3] [PAPER-KV-V6] fetch meta-llama/Llama-3.1-8B -> None requests
[2026-08-22 11:43:19.641 Model_Service_1] [PAPER-KV-V6] fetch Qwen/Qwen2.5-3B-Instruct -> None requests
[2026-08-22 11:43:19.645 Model_Service_3] [PAPER-KV-V6] fetch meta-llama/Llama-3.1-8B -> None requests
[2026-08-22 11:43:19.651 Model_Service_1] [PAPER-KV-V6] fetch Qwen/Qwen2.5-3B-Instruct -> None requests
[2026-08-22 11:43:19.655 Model_Service_3] [PAPER-KV-V6] fetch meta-llama/Llama-3.1-8B -> None requests
[2026-08-22 11:43:19.662 Model_Service_1] [PAPER-KV-V6] fetch Qwen/Qwen2.5-3B-Instruct -> None requests
[2026-08-22 11:43:19.666 Model_Service_3] [PAPER-KV-V6] fetch meta-llama/Llama-3.1-8B -> None requests
[2026-08-22 11:43:19.672 Model_Service_1] [PAPER-KV-V6] fetch Qwen/Qwen2.5-3B-Instruct -> None requests
[2026-08-22 11:43:19.676 Model_Service_3] [PAPER-KV-V6] fetch meta-llama/Llama-3.1-8B -> None requests
[2026-08-22 11:43:19.682 Model_Service_1] [PAPER-KV-V6] fetch Qwen/Qwen2.5-3B-Instruct -> None requests
[2026-08-22 11:43:19.686 Model_Service_3] [PAPER-KV-V6] fetch meta-llama/Llama-3.1-8B -> None requests
[2026-08-22 11:43:19.693 Model_Service_1] [PAPER-KV-V6] fetch Qwen/Qwen2.5-3B-Instruct -> None requests
[2026-08-22 11:43:19.697 Model_Service_3] [PAPER-KV-V6] fetch meta-llama/Llama-3.1-8B -> None requests
[2026-08-22 11:43:19.703 Model_Service_1] [PAPER-KV-V6] fetch Qwen/Qwen2.5-3B-Instruct -> None requests
[2026-08-22 11:43:19.707 Model_Service_3] [PAPER-KV-V6] fetch meta-llama/Llama-3.1-8B -> None requests
[2026-08-22 11:43:19.713 Model_Service_1] [PAPER-KV-V6] fetch Qwen/Qwen2.5-3B-Instruct -> None requests
[2026-08-22 11:43:19.718 Model_Service_3] [PAPER-KV-V6] fetch meta-llama/Llama-3.1-8B -> None requests
[2026-08-22 11:43:19.724 Model_Service_1] [PAPER-KV-V6] fetch Qwen/Qwen2.5-3B-Instruct -> None requests
[2026-08-22 11:43:19.728 Model_Service_3] [PAPER-KV-V6] fetch meta-llama/Llama-3.1-8B -> None requests
[2026-08-22 11:43:19.734 Model_Service_1] [PAPER-KV-V6] fetch Qwen/Qwen2.5-3B-Instruct -> None requests
[2026-08-22 11:43:19.738 Model_Service_3] [PAPER-KV-V6] fetch meta-llama/Llama-3.1-8B -> None requests
[2026-08-22 11:43:19.744 Model_Service_1] [PAPER-KV-V6] fetch Qwen/Qwen2.5-3B-Instruct -> None requests
[2026-08-22 11:43:19.749 Model_Service_3] [PAPER-KV-V6] fetch meta-llama/Llama-3.1-8B -> None requests
[2026-08-22 11:43:19.755 Model_Service_1] [PAPER-KV-V6] fetch Qwen/Qwen2.5-3B-Instruct -> None requests
[2026-08-22 11:43:19.759 Model_Service_3] [PAPER-KV-V6] fetch meta-llama/Llama-3.1-8B -> None requests
[2026-08-22 11:43:19.765 Model_Service_1] [PAPER-KV-V6] fetch Qwen/Qwen2.5-3B-Instruct -> None requests
[2026-08-22 11:43:19.770 Model_Service_3] [PAPER-KV-V6] fetch meta-llama/Llama-3.1-8B -> None requests
[2026-08-22 11:43:19.776 Model_Service_1] [PAPER-KV-V6] fetch Qwen/Qwen2.5-3B-Instruct -> None requests
[2026-08-22 11:43:19.781 Model_Service_3] [PAPER-KV-V6] fetch meta-llama/Llama-3.1-8B -> None requests
[2026-08-22 11:43:19.786 Model_Service_1] [PAPER-KV-V6] fetch Qwen/Qwen2.5-3B-Instruct -> None requests
[2026-08-22 11:43:19.791 Model_Service_3] [PAPER-KV-V6] fetch meta-llama/Llama-3.1-8B -> None requests
[2026-08-22 11:43:19.796 Model_Service_1] [PAPER-KV-V6] fetch Qwen/Qwen2.5-3B-Instruct -> None requests
[2026-08-22 11:43:19.802 Model_Service_3] [PAPER-KV-V6] fetch meta-llama/Llama-3.1-8B -> None requests
[2026-08-22 11:43:19.807 Model_Service_1] [PAPER-KV-V6] fetch Qwen/Qwen2.5-3B-Instruct -> None requests
[2026-08-22 11:43:19.812 Model_Service_3] [PAPER-KV-V6] fetch meta-llama/Llama-3.1-8B -> None requests
[2026-08-22 11:43:19.817 Model_Service_1] [PAPER-KV-V6] fetch Qwen/Qwen2.5-3B-Instruct -> None requests
[2026-08-22 11:43:19.822 Model_Service_3] [PAPER-KV-V6] fetch meta-llama/Llama-3.1-8B -> None requests
[2026-08-22 11:43:19.827 Model_Service_1] [PAPER-KV-V6] fetch Qwen/Qwen2.5-3B-Instruct -> None requests
[2026-08-22 11:43:19.833 Model_Service_3] [PAPER-KV-V6] fetch meta-llama/Llama-3.1-8B -> None requests
[2026-08-22 11:43:19.838 Model_Service_1] [PAPER-KV-V6] fetch Qwen/Qwen2.5-3B-Instruct -> None requests
[2026-08-22 11:43:19.843 Model_Service_3] [PAPER-KV-V6] fetch meta-llama/Llama-3.1-8B -> None requests
[2026-08-22 11:43:19.848 Model_Service_1] [PAPER-KV-V6] fetch Qwen/Qwen2.5-3B-Instruct -> None requests
[2026-08-22 11:43:19.854 Model_Service_3] [PAPER-KV-V6] fetch meta-llama/Llama-3.1-8B -> None requests
[2026-08-22 11:43:19.859 Model_Service_1] [PAPER-KV-V6] fetch Qwen/Qwen2.5-3B-Instruct -> None requests
[2026-08-22 11:43:19.864 Model_Service_3] [PAPER-KV-V6] fetch meta-llama/Llama-3.1-8B -> None requests
[2026-08-22 11:43:19.869 Model_Service_1] [PAPER-KV-V6] fetch Qwen/Qwen2.5-3B-Instruct -> None requests
[2026-08-22 11:43:19.874 Model_Service_3] [PAPER-KV-V6] fetch meta-llama/Llama-3.1-8B -> None requests
[2026-08-22 11:43:19.879 Model_Service_1] [PAPER-KV-V6] fetch Qwen/Qwen2.5-3B-Instruct -> None requests
[2026-08-22 11:43:19.885 Model_Service_3] [PAPER-KV-V6] fetch meta-llama/Llama-3.1-8B -> None requests
[2026-08-22 11:43:19.890 Model_Service_1] [PAPER-KV-V6] fetch Qwen/Qwen2.5-3B-Instruct -> None requests
[2026-08-22 11:43:19.896 Model_Service_3] [PAPER-KV-V6] fetch meta-llama/Llama-3.1-8B -> None requests
[2026-08-22 11:43:19.901 Model_Service_1] [PAPER-KV-V6] fetch Qwen/Qwen2.5-3B-Instruct -> None requests
[2026-08-22 11:43:19.906 Model_Service_3] [PAPER-KV-V6] fetch meta-llama/Llama-3.1-8B -> None requests
[2026-08-22 11:43:19.911 Model_Service_1] [PAPER-KV-V6] fetch Qwen/Qwen2.5-3B-Instruct -> None requests
[2026-08-22 11:43:19.917 Model_Service_3] [PAPER-KV-V6] fetch meta-llama/Llama-3.1-8B -> None requests
[2026-08-22 11:43:19.922 Model_Service_1] [PAPER-KV-V6] fetch Qwen/Qwen2.5-3B-Instruct -> None requests
[2026-08-22 11:43:19.927 Model_Service_3] [PAPER-KV-V6] fetch meta-llama/Llama-3.1-8B -> None requests
[2026-08-22 11:43:19.932 Model_Service_1] [PAPER-KV-V6] fetch Qwen/Qwen2.5-3B-Instruct -> None requests
[2026-08-22 11:43:19.938 Model_Service_3] [PAPER-KV-V6] fetch meta-llama/Llama-3.1-8B -> None requests
[2026-08-22 11:43:19.943 Model_Service_1] [PAPER-KV-V6] fetch Qwen/Qwen2.5-3B-Instruct -> None requests
[2026-08-22 11:43:19.948 Model_Service_3] [PAPER-KV-V6] fetch meta-llama/Llama-3.1-8B -> None requests
[2026-08-22 11:43:19.953 Model_Service_1] [PAPER-KV-V6] fetch Qwen/Qwen2.5-3B-Instruct -> None requests
[2026-08-22 11:43:19.959 Model_Service_3] [PAPER-KV-V6] fetch meta-llama/Llama-3.1-8B -> None requests
[2026-08-22 11:43:19.963 Model_Service_1] [PAPER-KV-V6] fetch Qwen/Qwen2.5-3B-Instruct -> None requests
[2026-08-22 11:43:19.969 Model_Service_3] [PAPER-KV-V6] fetch meta-llama/Llama-3.1-8B -> None requests
[2026-08-22 11:43:19.974 Model_Service_1] [PAPER-KV-V6] fetch Qwen/Qwen2.5-3B-Instruct -> None requests
[2026-08-22 11:43:19.980 Model_Service_3] [PAPER-KV-V6] fetch meta-llama/Llama-3.1-8B -> None requests
[2026-08-22 11:43:19.985 Model_Service_1] [PAPER-KV-V6] fetch Qwen/Qwen2.5-3B-Instruct -> None requests
[2026-08-22 11:43:19.990 Model_Service_3] [PAPER-KV-V6] fetch meta-llama/Llama-3.1-8B -> None requests
[2026-08-22 11:43:19.995 Model_Service_1] [PAPER-KV-V6] fetch Qwen/Qwen2.5-3B-Instruct -> None requests
[2026-08-22 11:43:20.001 Model_Service_3] [PAPER-KV-V6] fetch meta-llama/Llama-3.1-8B -> None requests
[2026-08-22 11:43:20.005 Model_Service_1] [PAPER-KV-V6] fetch Qwen/Qwen2.5-3B-Instruct -> None requests
[2026-08-22 11:43:20.011 Model_Service_3] [PAPER-KV-V6] fetch meta-llama/Llama-3.1-8B -> None requests
[2026-08-22 11:43:20.016 Model_Service_1] [PAPER-KV-V6] fetch Qwen/Qwen2.5-3B-Instruct -> None requests
[2026-08-22 11:43:20.021 Model_Service_3] [PAPER-KV-V6] fetch meta-llama/Llama-3.1-8B -> None requests
[2026-08-22 11:43:20.027 Model_Service_1] [PAPER-KV-V6] fetch Qwen/Qwen2.5-3B-Instruct -> None requests
[2026-08-22 11:43:20.032 Model_Service_3] [PAPER-KV-V6] fetch meta-llama/Llama-3.1-8B -> None requests
[2026-08-22 11:43:20.037 Model_Service_1] [PAPER-KV-V6] fetch Qwen/Qwen2.5-3B-Instruct -> None requests
[2026-08-22 11:43:20.042 Model_Service_3] [PAPER-KV-V6] fetch meta-llama/Llama-3.1-8B -> None requests
[2026-08-22 11:43:20.048 Model_Service_1] [PAPER-KV-V6] fetch Qwen/Qwen2.5-3B-Instruct -> None requests
[2026-08-22 11:43:20.053 Model_Service_3] [PAPER-KV-V6] fetch meta-llama/Llama-3.1-8B -> None requests
[2026-08-22 11:43:20.059 Model_Service_1] [PAPER-KV-V6] fetch Qwen/Qwen2.5-3B-Instruct -> None requests
[2026-08-22 11:43:20.063 Model_Service_3] [PAPER-KV-V6] fetch meta-llama/Llama-3.1-8B -> None requests
[2026-08-22 11:43:20.070 Model_Service_1] [PAPER-KV-V6] fetch Qwen/Qwen2.5-3B-Instruct -> None requests
[2026-08-22 11:43:20.074 Model_Service_3] [PAPER-KV-V6] fetch meta-llama/Llama-3.1-8B -> None requests
[2026-08-22 11:43:20.081 Model_Service_1] [PAPER-KV-V6] fetch Qwen/Qwen2.5-3B-Instruct -> None requests
[2026-08-22 11:43:20.084 Model_Service_3] [PAPER-KV-V6] fetch meta-llama/Llama-3.1-8B -> None requests
[2026-08-22 11:43:20.091 Model_Service_1] [PAPER-KV-V6] fetch Qwen/Qwen2.5-3B-Instruct -> None requests
[2026-08-22 11:43:20.095 Model_Service_3] [PAPER-KV-V6] fetch meta-llama/Llama-3.1-8B -> None requests
[2026-08-22 11:43:20.102 Model_Service_1] [PAPER-KV-V6] fetch Qwen/Qwen2.5-3B-Instruct -> None requests
[2026-08-22 11:43:20.105 Model_Service_3] [PAPER-KV-V6] fetch meta-llama/Llama-3.1-8B -> None requests
[2026-08-22 11:43:20.112 Model_Service_1] [PAPER-KV-V6] fetch Qwen/Qwen2.5-3B-Instruct -> None requests
[2026-08-22 11:43:20.116 Model_Service_3] [PAPER-KV-V6] fetch meta-llama/Llama-3.1-8B -> None requests
[2026-08-22 11:43:20.123 Model_Service_1] [PAPER-KV-V6] fetch Qwen/Qwen2.5-3B-Instruct -> None requests
[2026-08-22 11:43:20.127 Model_Service_3] [PAPER-KV-V6] fetch meta-llama/Llama-3.1-8B -> None requests
[2026-08-22 11:43:20.133 Model_Service_1] [PAPER-KV-V6] fetch Qwen/Qwen2.5-3B-Instruct -> None requests
[2026-08-22 11:43:20.138 Model_Service_3] [PAPER-KV-V6] fetch meta-llama/Llama-3.1-8B -> None requests
[2026-08-22 11:43:20.144 Model_Service_1] [PAPER-KV-V6] fetch Qwen/Qwen2.5-3B-Instruct -> None requests
[2026-08-22 11:43:20.148 Model_Service_3] [PAPER-KV-V6] fetch meta-llama/Llama-3.1-8B -> None requests
[2026-08-22 11:43:20.154 Model_Service_1] [PAPER-KV-V6] fetch Qwen/Qwen2.5-3B-Instruct -> None requests
[2026-08-22 11:43:20.159 Model_Service_3] [PAPER-KV-V6] fetch meta-llama/Llama-3.1-8B -> None requests
[2026-08-22 11:43:20.165 Model_Service_1] [PAPER-KV-V6] fetch Qwen/Qwen2.5-3B-Instruct -> None requests
[2026-08-22 11:43:20.169 Model_Service_3] [PAPER-KV-V6] fetch meta-llama/Llama-3.1-8B -> None requests
[2026-08-22 11:43:20.175 Model_Service_1] [PAPER-KV-V6] fetch Qwen/Qwen2.5-3B-Instruct -> None requests
[2026-08-22 11:43:20.180 Model_Service_3] [PAPER-KV-V6] fetch meta-llama/Llama-3.1-8B -> None requests
[2026-08-22 11:43:20.186 Model_Service_1] [PAPER-KV-V6] fetch Qwen/Qwen2.5-3B-Instruct -> None requests
[2026-08-22 11:43:20.190 Model_Service_3] [PAPER-KV-V6] fetch meta-llama/Llama-3.1-8B -> None requests
[2026-08-22 11:43:20.197 Model_Service_1] [PAPER-KV-V6] fetch Qwen/Qwen2.5-3B-Instruct -> None requests
[2026-08-22 11:43:20.201 Model_Service_3] [PAPER-KV-V6] fetch meta-llama/Llama-3.1-8B -> None requests
[2026-08-22 11:43:20.207 Model_Service_1] [PAPER-KV-V6] fetch Qwen/Qwen2.5-3B-Instruct -> None requests
[2026-08-22 11:43:20.212 Model_Service_3] [PAPER-KV-V6] fetch meta-llama/Llama-3.1-8B -> None requests
[2026-08-22 11:43:20.218 Model_Service_1] [PAPER-KV-V6] fetch Qwen/Qwen2.5-3B-Instruct -> None requests
[2026-08-22 11:43:20.222 Model_Service_3] [PAPER-KV-V6] fetch meta-llama/Llama-3.1-8B -> None requests
[2026-08-22 11:43:20.228 Model_Service_1] [PAPER-KV-V6] fetch Qwen/Qwen2.5-3B-Instruct -> None requests
[2026-08-22 11:43:20.233 Model_Service_3] [PAPER-KV-V6] fetch meta-llama/Llama-3.1-8B -> None requests
[2026-08-22 11:43:20.239 Model_Service_1] [PAPER-KV-V6] fetch Qwen/Qwen2.5-3B-Instruct -> None requests
[2026-08-22 11:43:20.243 Model_Service_3] [PAPER-KV-V6] fetch meta-llama/Llama-3.1-8B -> None requests
[2026-08-22 11:43:20.249 Model_Service_1] [PAPER-KV-V6] fetch Qwen/Qwen2.5-3B-Instruct -> None requests
[2026-08-22 11:43:20.254 Model_Service_3] [PAPER-KV-V6] fetch meta-llama/Llama-3.1-8B -> None requests
[2026-08-22 11:43:20.260 Model_Service_1] [PAPER-KV-V6] fetch Qwen/Qwen2.5-3B-Instruct -> None requests
[2026-08-22 11:43:20.264 Model_Service_3] [PAPER-KV-V6] fetch meta-llama/Llama-3.1-8B -> None requests
[2026-08-22 11:43:20.270 Model_Service_1] [PAPER-KV-V6] fetch Qwen/Qwen2.5-3B-Instruct -> None requests
[2026-08-22 11:43:20.275 Model_Service_3] [PAPER-KV-V6] fetch meta-llama/Llama-3.1-8B -> None requests
[2026-08-22 11:43:20.281 Model_Service_1] [PAPER-KV-V6] fetch Qwen/Qwen2.5-3B-Instruct -> None requests
[2026-08-22 11:43:20.285 Model_Service_3] [PAPER-KV-V6] fetch meta-llama/Llama-3.1-8B -> None requests
[2026-08-22 11:43:20.292 Model_Service_1] [PAPER-KV-V6] fetch Qwen/Qwen2.5-3B-Instruct -> None requests
[2026-08-22 11:43:20.296 Model_Service_3] [PAPER-KV-V6] fetch meta-llama/Llama-3.1-8B -> None requests
[2026-08-22 11:43:20.302 Model_Service_1] [PAPER-KV-V6] fetch Qwen/Qwen2.5-3B-Instruct -> None requests
[2026-08-22 11:43:20.306 Model_Service_3] [PAPER-KV-V6] fetch meta-llama/Llama-3.1-8B -> None requests
[2026-08-22 11:43:20.313 Model_Service_1] [PAPER-KV-V6] fetch Qwen/Qwen2.5-3B-Instruct -> None requests
[2026-08-22 11:43:20.317 Model_Service_3] [PAPER-KV-V6] fetch meta-llama/Llama-3.1-8B -> None requests
[2026-08-22 11:43:20.323 Model_Service_1] [PAPER-KV-V6] fetch Qwen/Qwen2.5-3B-Instruct -> None requests
[2026-08-22 11:43:20.327 Model_Service_3] [PAPER-KV-V6] fetch meta-llama/Llama-3.1-8B -> None requests
[2026-08-22 11:43:20.334 Model_Service_1] [PAPER-KV-V6] fetch Qwen/Qwen2.5-3B-Instruct -> None requests
[2026-08-22 11:43:20.338 Model_Service_3] [PAPER-KV-V6] fetch meta-llama/Llama-3.1-8B -> None requests
[2026-08-22 11:43:20.344 Model_Service_1] [PAPER-KV-V6] fetch Qwen/Qwen2.5-3B-Instruct -> None requests
[2026-08-22 11:43:20.348 Model_Service_3] [PAPER-KV-V6] fetch meta-llama/Llama-3.1-8B -> None requests
[2026-08-22 11:43:20.355 Model_Service_1] [PAPER-KV-V6] fetch Qwen/Qwen2.5-3B-Instruct -> None requests
[2026-08-22 11:43:20.359 Model_Service_3] [PAPER-KV-V6] fetch meta-llama/Llama-3.1-8B -> None requests
[2026-08-22 11:43:20.365 Model_Service_1] [PAPER-KV-V6] fetch Qwen/Qwen2.5-3B-Instruct -> None requests
[2026-08-22 11:43:20.369 Model_Service_3] [PAPER-KV-V6] fetch meta-llama/Llama-3.1-8B -> None requests
[2026-08-22 11:43:20.376 Model_Service_1] [PAPER-KV-V6] fetch Qwen/Qwen2.5-3B-Instruct -> None requests
[2026-08-22 11:43:20.380 Model_Service_3] [PAPER-KV-V6] fetch meta-llama/Llama-3.1-8B -> None requests
[2026-08-22 11:43:20.386 Model_Service_1] [PAPER-KV-V6] fetch Qwen/Qwen2.5-3B-Instruct -> None requests
[2026-08-22 11:43:20.390 Model_Service_3] [PAPER-KV-V6] fetch meta-llama/Llama-3.1-8B -> None requests
[2026-08-22 11:43:20.397 Model_Service_1] [PAPER-KV-V6] fetch Qwen/Qwen2.5-3B-Instruct -> None requests
[2026-08-22 11:43:20.401 Model_Service_3] [PAPER-KV-V6] fetch meta-llama/Llama-3.1-8B -> None requests
[2026-08-22 11:43:20.407 Model_Service_1] [PAPER-KV-V6] fetch Qwen/Qwen2.5-3B-Instruct -> None requests
[2026-08-22 11:43:20.411 Model_Service_3] [PAPER-KV-V6] fetch meta-llama/Llama-3.1-8B -> None requests
[2026-08-22 11:43:20.418 Model_Service_1] [PAPER-KV-V6] fetch Qwen/Qwen2.5-3B-Instruct -> None requests
[2026-08-22 11:43:20.422 Model_Service_3] [PAPER-KV-V6] fetch meta-llama/Llama-3.1-8B -> None requests
[2026-08-22 11:43:20.428 Model_Service_1] [PAPER-KV-V6] fetch Qwen/Qwen2.5-3B-Instruct -> None requests
[2026-08-22 11:43:20.432 Model_Service_3] [PAPER-KV-V6] fetch meta-llama/Llama-3.1-8B -> None requests
[2026-08-22 11:43:20.439 Model_Service_1] [PAPER-KV-V6] fetch Qwen/Qwen2.5-3B-Instruct -> None requests
[2026-08-22 11:43:20.443 Model_Service_3] [PAPER-KV-V6] fetch meta-llama/Llama-3.1-8B -> None requests
[2026-08-22 11:43:20.449 Model_Service_1] [PAPER-KV-V6] fetch Qwen/Qwen2.5-3B-Instruct -> None requests
[2026-08-22 11:43:20.453 Model_Service_3] [PAPER-KV-V6] fetch meta-llama/Llama-3.1-8B -> None requests
[2026-08-22 11:43:20.460 Model_Service_1] [PAPER-KV-V6] fetch Qwen/Qwen2.5-3B-Instruct -> None requests
[2026-08-22 11:43:20.464 Model_Service_3] [PAPER-KV-V6] fetch meta-llama/Llama-3.1-8B -> None requests
[2026-08-22 11:43:20.470 Model_Service_1] [PAPER-KV-V6] fetch Qwen/Qwen2.5-3B-Instruct -> None requests
[2026-08-22 11:43:20.474 Model_Service_3] [PAPER-KV-V6] fetch meta-llama/Llama-3.1-8B -> None requests
[2026-08-22 11:43:20.481 Model_Service_1] [PAPER-KV-V6] fetch Qwen/Qwen2.5-3B-Instruct -> None requests
[2026-08-22 11:43:20.485 Model_Service_3] [PAPER-KV-V6] fetch meta-llama/Llama-3.1-8B -> None requests
[2026-08-22 11:43:20.491 Model_Service_1] [PAPER-KV-V6] fetch Qwen/Qwen2.5-3B-Instruct -> None requests
[2026-08-22 11:43:20.495 Model_Service_3] [PAPER-KV-V6] fetch meta-llama/Llama-3.1-8B -> None requests
[2026-08-22 11:43:20.502 Model_Service_1] [PAPER-KV-V6] fetch Qwen/Qwen2.5-3B-Instruct -> None requests
[2026-08-22 11:43:20.506 Model_Service_3] [PAPER-KV-V6] fetch meta-llama/Llama-3.1-8B -> None requests
[2026-08-22 11:43:20.512 Model_Service_1] [PAPER-KV-V6] fetch Qwen/Qwen2.5-3B-Instruct -> None requests
[2026-08-22 11:43:20.516 Model_Service_3] [PAPER-KV-V6] fetch meta-llama/Llama-3.1-8B -> None requests
[2026-08-22 11:43:20.523 Model_Service_1] [PAPER-KV-V6] fetch Qwen/Qwen2.5-3B-Instruct -> None requests
[2026-08-22 11:43:20.527 Model_Service_3] [PAPER-KV-V6] fetch meta-llama/Llama-3.1-8B -> None requests
[2026-08-22 11:43:20.533 Model_Service_1] [PAPER-KV-V6] fetch Qwen/Qwen2.5-3B-Instruct -> None requests
[2026-08-22 11:43:20.537 Model_Service_3] [PAPER-KV-V6] fetch meta-llama/Llama-3.1-8B -> None requests
[2026-08-22 11:43:20.543 Model_Service_1] [PAPER-KV-V6] fetch Qwen/Qwen2.5-3B-Instruct -> None requests
[2026-08-22 11:43:20.547 Model_Service_3] [PAPER-KV-V6] fetch meta-llama/Llama-3.1-8B -> None requests
[2026-08-22 11:43:20.554 Model_Service_1] [PAPER-KV-V6] fetch Qwen/Qwen2.5-3B-Instruct -> None requests
[2026-08-22 11:43:20.558 Model_Service_3] [PAPER-KV-V6] fetch meta-llama/Llama-3.1-8B -> None requests
[2026-08-22 11:43:20.564 Model_Service_1] [PAPER-KV-V6] fetch Qwen/Qwen2.5-3B-Instruct -> None requests
[2026-08-22 11:43:20.568 Model_Service_3] [PAPER-KV-V6] fetch meta-llama/Llama-3.1-8B -> None requests
[2026-08-22 11:43:20.574 Model_Service_1] [PAPER-KV-V6] fetch Qwen/Qwen2.5-3B-Instruct -> None requests
[2026-08-22 11:43:20.578 Model_Service_3] [PAPER-KV-V6] fetch meta-llama/Llama-3.1-8B -> None requests
[2026-08-22 11:43:20.585 Model_Service_1] [PAPER-KV-V6] fetch Qwen/Qwen2.5-3B-Instruct -> None requests
[2026-08-22 11:43:20.589 Model_Service_3] [PAPER-KV-V6] fetch meta-llama/Llama-3.1-8B -> None requests
[2026-08-22 11:43:20.595 Model_Service_1] [PAPER-KV-V6] fetch Qwen/Qwen2.5-3B-Instruct -> None requests
[2026-08-22 11:43:20.599 Model_Service_3] [PAPER-KV-V6] fetch meta-llama/Llama-3.1-8B -> None requests
[2026-08-22 11:43:20.606 Model_Service_1] [PAPER-KV-V6] fetch Qwen/Qwen2.5-3B-Instruct -> None requests
[2026-08-22 11:43:20.609 Model_Service_3] [PAPER-KV-V6] fetch meta-llama/Llama-3.1-8B -> None requests
[2026-08-22 11:43:20.616 Model_Service_1] [PAPER-KV-V6] fetch Qwen/Qwen2.5-3B-Instruct -> None requests
[2026-08-22 11:43:20.620 Model_Service_3] [PAPER-KV-V6] fetch meta-llama/Llama-3.1-8B -> None requests
[2026-08-22 11:43:20.626 Model_Service_1] [PAPER-KV-V6] fetch Qwen/Qwen2.5-3B-Instruct -> None requests
[2026-08-22 11:43:20.630 Model_Service_3] [PAPER-KV-V6] fetch meta-llama/Llama-3.1-8B -> None requests
[2026-08-22 11:43:20.637 Model_Service_1] [PAPER-KV-V6] fetch Qwen/Qwen2.5-3B-Instruct -> None requests
[2026-08-22 11:43:20.640 Model_Service_3] [PAPER-KV-V6] fetch meta-llama/Llama-3.1-8B -> None requests
[2026-08-22 11:43:20.647 Model_Service_1] [PAPER-KV-V6] fetch Qwen/Qwen2.5-3B-Instruct -> None requests
[2026-08-22 11:43:20.651 Model_Service_3] [PAPER-KV-V6] fetch meta-llama/Llama-3.1-8B -> None requests
[2026-08-22 11:43:20.657 Model_Service_1] [PAPER-KV-V6] fetch Qwen/Qwen2.5-3B-Instruct -> None requests
[2026-08-22 11:43:20.661 Model_Service_3] [PAPER-KV-V6] fetch meta-llama/Llama-3.1-8B -> None requests
[2026-08-22 11:43:20.668 Model_Service_1] [PAPER-KV-V6] fetch Qwen/Qwen2.5-3B-Instruct -> None requests
[2026-08-22 11:43:20.671 Model_Service_3] [PAPER-KV-V6] fetch meta-llama/Llama-3.1-8B -> None requests
[2026-08-22 11:43:20.678 Model_Service_1] [PAPER-KV-V6] fetch Qwen/Qwen2.5-3B-Instruct -> None requests
[2026-08-22 11:43:20.682 Model_Service_3] [PAPER-KV-V6] fetch meta-llama/Llama-3.1-8B -> None requests
[2026-08-22 11:43:20.688 Model_Service_1] [PAPER-KV-V6] fetch Qwen/Qwen2.5-3B-Instruct -> None requests
[2026-08-22 11:43:20.692 Model_Service_3] [PAPER-KV-V6] fetch meta-llama/Llama-3.1-8B -> None requests
[2026-08-22 11:43:20.698 Model_Service_1] [PAPER-KV-V6] fetch Qwen/Qwen2.5-3B-Instruct -> None requests
[2026-08-22 11:43:20.702 Model_Service_3] [PAPER-KV-V6] fetch meta-llama/Llama-3.1-8B -> None requests
[2026-08-22 11:43:20.709 Model_Service_1] [PAPER-KV-V6] fetch Qwen/Qwen2.5-3B-Instruct -> None requests
[2026-08-22 11:43:20.713 Model_Service_3] [PAPER-KV-V6] fetch meta-llama/Llama-3.1-8B -> None requests
[2026-08-22 11:43:20.719 Model_Service_1] [PAPER-KV-V6] fetch Qwen/Qwen2.5-3B-Instruct -> None requests
[2026-08-22 11:43:20.723 Model_Service_3] [PAPER-KV-V6] fetch meta-llama/Llama-3.1-8B -> None requests
[2026-08-22 11:43:20.729 Model_Service_1] [PAPER-KV-V6] fetch Qwen/Qwen2.5-3B-Instruct -> None requests
[2026-08-22 11:43:20.733 Model_Service_3] [PAPER-KV-V6] fetch meta-llama/Llama-3.1-8B -> None requests
[2026-08-22 11:43:20.740 Model_Service_1] [PAPER-KV-V6] fetch Qwen/Qwen2.5-3B-Instruct -> None requests
[2026-08-22 11:43:20.744 Model_Service_3] [PAPER-KV-V6] fetch meta-llama/Llama-3.1-8B -> None requests
[2026-08-22 11:43:20.750 Model_Service_1] [PAPER-KV-V6] fetch Qwen/Qwen2.5-3B-Instruct -> None requests
[2026-08-22 11:43:20.754 Model_Service_3] [PAPER-KV-V6] fetch meta-llama/Llama-3.1-8B -> None requests
[2026-08-22 11:43:20.761 Model_Service_1] [PAPER-KV-V6] fetch Qwen/Qwen2.5-3B-Instruct -> None requests
[2026-08-22 11:43:20.764 Model_Service_3] [PAPER-KV-V6] fetch meta-llama/Llama-3.1-8B -> None requests
[2026-08-22 11:43:20.772 Model_Service_1] [PAPER-KV-V6] fetch Qwen/Qwen2.5-3B-Instruct -> None requests
[2026-08-22 11:43:20.775 Model_Service_3] [PAPER-KV-V6] fetch meta-llama/Llama-3.1-8B -> None requests
[2026-08-22 11:43:20.782 Model_Service_1] [PAPER-KV-V6] fetch Qwen/Qwen2.5-3B-Instruct -> None requests
[2026-08-22 11:43:20.785 Model_Service_3] [PAPER-KV-V6] fetch meta-llama/Llama-3.1-8B -> None requests
[2026-08-22 11:43:20.792 Model_Service_1] [PAPER-KV-V6] fetch Qwen/Qwen2.5-3B-Instruct -> None requests
[2026-08-22 11:43:20.795 Model_Service_3] [PAPER-KV-V6] fetch meta-llama/Llama-3.1-8B -> None requests
[2026-08-22 11:43:20.803 Model_Service_1] [PAPER-KV-V6] fetch Qwen/Qwen2.5-3B-Instruct -> None requests
[2026-08-22 11:43:20.806 Model_Service_3] [PAPER-KV-V6] fetch meta-llama/Llama-3.1-8B -> None requests
[2026-08-22 11:43:20.813 Model_Service_1] [PAPER-KV-V6] fetch Qwen/Qwen2.5-3B-Instruct -> None requests
[2026-08-22 11:43:20.816 Model_Service_3] [PAPER-KV-V6] fetch meta-llama/Llama-3.1-8B -> None requests
[2026-08-22 11:43:20.823 Model_Service_1] [PAPER-KV-V6] fetch Qwen/Qwen2.5-3B-Instruct -> None requests
[2026-08-22 11:43:20.827 Model_Service_3] [PAPER-KV-V6] fetch meta-llama/Llama-3.1-8B -> None requests
[2026-08-22 11:43:20.834 Model_Service_1] [PAPER-KV-V6] fetch Qwen/Qwen2.5-3B-Instruct -> None requests
[2026-08-22 11:43:20.837 Model_Service_3] [PAPER-KV-V6] fetch meta-llama/Llama-3.1-8B -> None requests
[2026-08-22 11:43:20.844 Model_Service_1] [PAPER-KV-V6] fetch Qwen/Qwen2.5-3B-Instruct -> None requests
[2026-08-22 11:43:20.847 Model_Service_3] [PAPER-KV-V6] fetch meta-llama/Llama-3.1-8B -> None requests
[2026-08-22 11:43:20.854 Model_Service_1] [PAPER-KV-V6] fetch Qwen/Qwen2.5-3B-Instruct -> None requests
[2026-08-22 11:43:20.858 Model_Service_3] [PAPER-KV-V6] fetch meta-llama/Llama-3.1-8B -> None requests
[2026-08-22 11:43:20.865 Model_Service_1] [PAPER-KV-V6] fetch Qwen/Qwen2.5-3B-Instruct -> None requests
[2026-08-22 11:43:20.868 Model_Service_3] [PAPER-KV-V6] fetch meta-llama/Llama-3.1-8B -> None requests
[2026-08-22 11:43:20.875 Model_Service_1] [PAPER-KV-V6] fetch Qwen/Qwen2.5-3B-Instruct -> None requests
[2026-08-22 11:43:20.878 Model_Service_3] [PAPER-KV-V6] fetch meta-llama/Llama-3.1-8B -> None requests
[2026-08-22 11:43:20.885 Model_Service_1] [PAPER-KV-V6] fetch Qwen/Qwen2.5-3B-Instruct -> None requests
[2026-08-22 11:43:20.889 Model_Service_3] [PAPER-KV-V6] fetch meta-llama/Llama-3.1-8B -> None requests
[2026-08-22 11:43:20.895 Model_Service_1] [PAPER-KV-V6] fetch Qwen/Qwen2.5-3B-Instruct -> None requests
[2026-08-22 11:43:20.899 Model_Service_3] [PAPER-KV-V6] fetch meta-llama/Llama-3.1-8B -> None requests
[2026-08-22 11:43:20.906 Model_Service_1] [PAPER-KV-V6] fetch Qwen/Qwen2.5-3B-Instruct -> None requests
[2026-08-22 11:43:20.909 Model_Service_3] [PAPER-KV-V6] fetch meta-llama/Llama-3.1-8B -> None requests
[2026-08-22 11:43:20.916 Model_Service_1] [PAPER-KV-V6] fetch Qwen/Qwen2.5-3B-Instruct -> None requests
[2026-08-22 11:43:20.919 Model_Service_3] [PAPER-KV-V6] fetch meta-llama/Llama-3.1-8B -> None requests
[2026-08-22 11:43:20.926 Model_Service_1] [PAPER-KV-V6] fetch Qwen/Qwen2.5-3B-Instruct -> None requests
[2026-08-22 11:43:20.930 Model_Service_3] [PAPER-KV-V6] fetch meta-llama/Llama-3.1-8B -> None requests
[2026-08-22 11:43:20.936 Model_Service_1] [PAPER-KV-V6] fetch Qwen/Qwen2.5-3B-Instruct -> None requests
[2026-08-22 11:43:20.940 Model_Service_3] [PAPER-KV-V6] fetch meta-llama/Llama-3.1-8B -> None requests
[2026-08-22 11:43:20.947 Model_Service_1] [PAPER-KV-V6] fetch Qwen/Qwen2.5-3B-Instruct -> None requests
[2026-08-22 11:43:20.950 Model_Service_3] [PAPER-KV-V6] fetch meta-llama/Llama-3.1-8B -> None requests
[2026-08-22 11:43:20.957 Model_Service_1] [PAPER-KV-V6] fetch Qwen/Qwen2.5-3B-Instruct -> None requests
[2026-08-22 11:43:20.961 Model_Service_3] [PAPER-KV-V6] fetch meta-llama/Llama-3.1-8B -> None requests
[2026-08-22 11:43:20.967 Model_Service_1] [PAPER-KV-V6] fetch Qwen/Qwen2.5-3B-Instruct -> None requests
[2026-08-22 11:43:20.971 Model_Service_3] [PAPER-KV-V6] fetch meta-llama/Llama-3.1-8B -> None requests
[2026-08-22 11:43:20.978 Model_Service_1] [PAPER-KV-V6] fetch Qwen/Qwen2.5-3B-Instruct -> None requests
[2026-08-22 11:43:20.982 Model_Service_3] [PAPER-KV-V6] fetch meta-llama/Llama-3.1-8B -> None requests
[2026-08-22 11:43:20.988 Model_Service_1] [PAPER-KV-V6] fetch Qwen/Qwen2.5-3B-Instruct -> None requests
[2026-08-22 11:43:20.992 Model_Service_3] [PAPER-KV-V6] fetch meta-llama/Llama-3.1-8B -> None requests
[2026-08-22 11:43:20.998 Model_Service_1] [PAPER-KV-V6] fetch Qwen/Qwen2.5-3B-Instruct -> None requests
[2026-08-22 11:43:21.003 Model_Service_3] [PAPER-KV-V6] fetch meta-llama/Llama-3.1-8B -> None requests
[2026-08-22 11:43:21.009 Model_Service_1] [PAPER-KV-V6] fetch Qwen/Qwen2.5-3B-Instruct -> None requests
[2026-08-22 11:43:21.013 Model_Service_3] [PAPER-KV-V6] fetch meta-llama/Llama-3.1-8B -> None requests
[2026-08-22 11:43:21.019 Model_Service_1] [PAPER-KV-V6] fetch Qwen/Qwen2.5-3B-Instruct -> None requests
[2026-08-22 11:43:21.023 Model_Service_3] [PAPER-KV-V6] fetch meta-llama/Llama-3.1-8B -> None requests
[2026-08-22 11:43:21.029 Model_Service_1] [PAPER-KV-V6] fetch Qwen/Qwen2.5-3B-Instruct -> None requests
[2026-08-22 11:43:21.034 Model_Service_3] [PAPER-KV-V6] fetch meta-llama/Llama-3.1-8B -> None requests
[2026-08-22 11:43:21.040 Model_Service_1] [PAPER-KV-V6] fetch Qwen/Qwen2.5-3B-Instruct -> None requests
[2026-08-22 11:43:21.044 Model_Service_3] [PAPER-KV-V6] fetch meta-llama/Llama-3.1-8B -> None requests
[2026-08-22 11:43:21.050 Model_Service_1] [PAPER-KV-V6] fetch Qwen/Qwen2.5-3B-Instruct -> None requests
[2026-08-22 11:43:21.055 Model_Service_3] [PAPER-KV-V6] fetch meta-llama/Llama-3.1-8B -> None requests
[2026-08-22 11:43:21.060 Model_Service_1] [PAPER-KV-V6] fetch Qwen/Qwen2.5-3B-Instruct -> None requests
[2026-08-22 11:43:21.065 Model_Service_3] [PAPER-KV-V6] fetch meta-llama/Llama-3.1-8B -> None requests
[2026-08-22 11:43:21.070 Model_Service_1] [PAPER-KV-V6] fetch Qwen/Qwen2.5-3B-Instruct -> None requests
[2026-08-22 11:43:21.075 Model_Service_3] [PAPER-KV-V6] fetch meta-llama/Llama-3.1-8B -> None requests
[2026-08-22 11:43:21.081 Model_Service_1] [PAPER-KV-V6] fetch Qwen/Qwen2.5-3B-Instruct -> None requests
[2026-08-22 11:43:21.086 Model_Service_3] [PAPER-KV-V6] fetch meta-llama/Llama-3.1-8B -> None requests
[2026-08-22 11:43:21.091 Model_Service_1] [PAPER-KV-V6] fetch Qwen/Qwen2.5-3B-Instruct -> None requests
[2026-08-22 11:43:21.097 Model_Service_3] [PAPER-KV-V6] fetch meta-llama/Llama-3.1-8B -> None requests
[2026-08-22 11:43:21.102 Model_Service_1] [PAPER-KV-V6] fetch Qwen/Qwen2.5-3B-Instruct -> None requests
[2026-08-22 11:43:21.107 Model_Service_3] [PAPER-KV-V6] fetch meta-llama/Llama-3.1-8B -> None requests
[2026-08-22 11:43:21.112 Model_Service_1] [PAPER-KV-V6] fetch Qwen/Qwen2.5-3B-Instruct -> None requests
[2026-08-22 11:43:21.118 Model_Service_3] [PAPER-KV-V6] fetch meta-llama/Llama-3.1-8B -> None requests
[2026-08-22 11:43:21.122 Model_Service_1] [PAPER-KV-V6] fetch Qwen/Qwen2.5-3B-Instruct -> None requests
[2026-08-22 11:43:21.129 Model_Service_3] [PAPER-KV-V6] fetch meta-llama/Llama-3.1-8B -> None requests
[2026-08-22 11:43:21.133 Model_Service_1] [PAPER-KV-V6] fetch Qwen/Qwen2.5-3B-Instruct -> None requests
[2026-08-22 11:43:21.139 Model_Service_3] [PAPER-KV-V6] fetch meta-llama/Llama-3.1-8B -> None requests
[2026-08-22 11:43:21.143 Model_Service_1] [PAPER-KV-V6] fetch Qwen/Qwen2.5-3B-Instruct -> None requests
[2026-08-22 11:43:21.150 Model_Service_3] [PAPER-KV-V6] fetch meta-llama/Llama-3.1-8B -> None requests
[2026-08-22 11:43:21.153 Model_Service_1] [PAPER-KV-V6] fetch Qwen/Qwen2.5-3B-Instruct -> None requests
[2026-08-22 11:43:21.160 Model_Service_3] [PAPER-KV-V6] fetch meta-llama/Llama-3.1-8B -> None requests
[2026-08-22 11:43:21.164 Model_Service_1] [PAPER-KV-V6] fetch Qwen/Qwen2.5-3B-Instruct -> None requests
[2026-08-22 11:43:21.170 Model_Service_3] [PAPER-KV-V6] fetch meta-llama/Llama-3.1-8B -> None requests
[2026-08-22 11:43:21.174 Model_Service_1] [PAPER-KV-V6] fetch Qwen/Qwen2.5-3B-Instruct -> None requests
[2026-08-22 11:43:21.181 Model_Service_3] [PAPER-KV-V6] fetch meta-llama/Llama-3.1-8B -> None requests
[2026-08-22 11:43:21.184 Model_Service_1] [PAPER-KV-V6] fetch Qwen/Qwen2.5-3B-Instruct -> None requests
[2026-08-22 11:43:21.191 Model_Service_3] [PAPER-KV-V6] fetch meta-llama/Llama-3.1-8B -> None requests
[2026-08-22 11:43:21.195 Model_Service_1] [PAPER-KV-V6] fetch Qwen/Qwen2.5-3B-Instruct -> None requests
[2026-08-22 11:43:21.201 Model_Service_3] [PAPER-KV-V6] fetch meta-llama/Llama-3.1-8B -> None requests
[2026-08-22 11:43:21.205 Model_Service_1] [PAPER-KV-V6] fetch Qwen/Qwen2.5-3B-Instruct -> None requests
[2026-08-22 11:43:21.212 Model_Service_3] [PAPER-KV-V6] fetch meta-llama/Llama-3.1-8B -> None requests
[2026-08-22 11:43:21.215 Model_Service_1] [PAPER-KV-V6] fetch Qwen/Qwen2.5-3B-Instruct -> None requests
[2026-08-22 11:43:21.222 Model_Service_3] [PAPER-KV-V6] fetch meta-llama/Llama-3.1-8B -> None requests
[2026-08-22 11:43:21.226 Model_Service_1] [PAPER-KV-V6] fetch Qwen/Qwen2.5-3B-Instruct -> None requests
[2026-08-22 11:43:21.232 Model_Service_3] [PAPER-KV-V6] fetch meta-llama/Llama-3.1-8B -> None requests
[2026-08-22 11:43:21.236 Model_Service_1] [PAPER-KV-V6] fetch Qwen/Qwen2.5-3B-Instruct -> None requests
[2026-08-22 11:43:21.243 Model_Service_3] [PAPER-KV-V6] fetch meta-llama/Llama-3.1-8B -> None requests
[2026-08-22 11:43:21.246 Model_Service_1] [PAPER-KV-V6] fetch Qwen/Qwen2.5-3B-Instruct -> None requests
[2026-08-22 11:43:21.253 Model_Service_3] [PAPER-KV-V6] fetch meta-llama/Llama-3.1-8B -> None requests
[2026-08-22 11:43:21.257 Model_Service_1] [PAPER-KV-V6] fetch Qwen/Qwen2.5-3B-Instruct -> None requests
[2026-08-22 11:43:21.264 Model_Service_3] [PAPER-KV-V6] fetch meta-llama/Llama-3.1-8B -> None requests
[2026-08-22 11:43:21.267 Model_Service_1] [PAPER-KV-V6] fetch Qwen/Qwen2.5-3B-Instruct -> None requests
[2026-08-22 11:43:21.274 Model_Service_3] [PAPER-KV-V6] fetch meta-llama/Llama-3.1-8B -> None requests
[2026-08-22 11:43:21.277 Model_Service_1] [PAPER-KV-V6] fetch Qwen/Qwen2.5-3B-Instruct -> None requests
[2026-08-22 11:43:21.284 Model_Service_3] [PAPER-KV-V6] fetch meta-llama/Llama-3.1-8B -> None requests
[2026-08-22 11:43:21.288 Model_Service_1] [PAPER-KV-V6] fetch Qwen/Qwen2.5-3B-Instruct -> None requests
[2026-08-22 11:43:21.295 Model_Service_3] [PAPER-KV-V6] fetch meta-llama/Llama-3.1-8B -> None requests
[2026-08-22 11:43:21.298 Model_Service_1] [PAPER-KV-V6] fetch Qwen/Qwen2.5-3B-Instruct -> None requests
[2026-08-22 11:43:21.305 Model_Service_3] [PAPER-KV-V6] fetch meta-llama/Llama-3.1-8B -> None requests
[2026-08-22 11:43:21.308 Model_Service_1] [PAPER-KV-V6] fetch Qwen/Qwen2.5-3B-Instruct -> None requests
[2026-08-22 11:43:21.316 Model_Service_3] [PAPER-KV-V6] fetch meta-llama/Llama-3.1-8B -> None requests
[2026-08-22 11:43:21.319 Model_Service_1] [PAPER-KV-V6] fetch Qwen/Qwen2.5-3B-Instruct -> None requests
[2026-08-22 11:43:21.326 Model_Service_3] [PAPER-KV-V6] fetch meta-llama/Llama-3.1-8B -> None requests
[2026-08-22 11:43:21.329 Model_Service_1] [PAPER-KV-V6] fetch Qwen/Qwen2.5-3B-Instruct -> None requests
[2026-08-22 11:43:21.337 Model_Service_3] [PAPER-KV-V6] fetch meta-llama/Llama-3.1-8B -> None requests
[2026-08-22 11:43:21.339 Model_Service_1] [PAPER-KV-V6] fetch Qwen/Qwen2.5-3B-Instruct -> None requests
[2026-08-22 11:43:21.347 Model_Service_3] [PAPER-KV-V6] fetch meta-llama/Llama-3.1-8B -> None requests
[2026-08-22 11:43:21.350 Model_Service_1] [PAPER-KV-V6] fetch Qwen/Qwen2.5-3B-Instruct -> None requests
[2026-08-22 11:43:21.358 Model_Service_3] [PAPER-KV-V6] fetch meta-llama/Llama-3.1-8B -> None requests
[2026-08-22 11:43:21.360 Model_Service_1] [PAPER-KV-V6] fetch Qwen/Qwen2.5-3B-Instruct -> None requests
[2026-08-22 11:43:21.368 Model_Service_3] [PAPER-KV-V6] fetch meta-llama/Llama-3.1-8B -> None requests
[2026-08-22 11:43:21.370 Model_Service_1] [PAPER-KV-V6] fetch Qwen/Qwen2.5-3B-Instruct -> None requests
[2026-08-22 11:43:21.379 Model_Service_3] [PAPER-KV-V6] fetch meta-llama/Llama-3.1-8B -> None requests
[2026-08-22 11:43:21.389 Model_Service_3] [PAPER-KV-V6] fetch meta-llama/Llama-3.1-8B -> None requests
[2026-08-22 11:43:21.400 Model_Service_3] [PAPER-KV-V6] fetch meta-llama/Llama-3.1-8B -> None requests
[2026-08-22 11:43:21.411 Model_Service_3] [PAPER-KV-V6] fetch meta-llama/Llama-3.1-8B -> None requests
[2026-08-22 11:43:21.421 Model_Service_3] [PAPER-KV-V6] fetch meta-llama/Llama-3.1-8B -> None requests
[2026-08-22 11:43:21.432 Model_Service_3] [PAPER-KV-V6] fetch meta-llama/Llama-3.1-8B -> None requests
[2026-08-22 11:43:21.442 Model_Service_3] [PAPER-KV-V6] fetch meta-llama/Llama-3.1-8B -> None requests
[2026-08-22 11:43:21.453 Model_Service_3] [PAPER-KV-V6] fetch meta-llama/Llama-3.1-8B -> None requests
[2026-08-22 11:43:21.464 Model_Service_3] [PAPER-KV-V6] fetch meta-llama/Llama-3.1-8B -> None requests
[2026-08-22 11:43:21.475 Model_Service_3] [PAPER-KV-V6] fetch meta-llama/Llama-3.1-8B -> None requests
[2026-08-22 11:43:21.486 Model_Service_3] [PAPER-KV-V6] fetch meta-llama/Llama-3.1-8B -> None requests
[2026-08-22 11:43:21.496 Model_Service_3] [PAPER-KV-V6] fetch meta-llama/Llama-3.1-8B -> None requests
[2026-08-22 11:43:21.507 Model_Service_3] [PAPER-KV-V6] fetch meta-llama/Llama-3.1-8B -> None requests
[2026-08-22 11:43:21.518 Model_Service_3] [PAPER-KV-V6] fetch meta-llama/Llama-3.1-8B -> None requests
[2026-08-22 11:43:21.529 Model_Service_3] [PAPER-KV-V6] fetch meta-llama/Llama-3.1-8B -> None requests
[2026-08-22 11:43:21.539 Model_Service_3] [PAPER-KV-V6] fetch meta-llama/Llama-3.1-8B -> None requests
[2026-08-22 11:43:21.550 Model_Service_3] [PAPER-KV-V6] fetch meta-llama/Llama-3.1-8B -> None requests
[2026-08-22 11:43:21.561 Model_Service_3] [PAPER-KV-V6] fetch meta-llama/Llama-3.1-8B -> None requests
[2026-08-22 11:43:21.572 Model_Service_3] [PAPER-KV-V6] fetch meta-llama/Llama-3.1-8B -> None requests
[2026-08-22 11:43:21.583 Model_Service_3] [PAPER-KV-V6] fetch meta-llama/Llama-3.1-8B -> None requests
[2026-08-22 11:43:21.593 Model_Service_3] [PAPER-KV-V6] fetch meta-llama/Llama-3.1-8B -> None requests
[2026-08-22 11:43:21.604 Model_Service_3] [PAPER-KV-V6] fetch meta-llama/Llama-3.1-8B -> None requests
[2026-08-22 11:43:21.615 Model_Service_3] [PAPER-KV-V6] fetch meta-llama/Llama-3.1-8B -> None requests
[2026-08-22 11:43:21.626 Model_Service_3] [PAPER-KV-V6] fetch meta-llama/Llama-3.1-8B -> None requests
[2026-08-22 11:43:21.636 Model_Service_3] [PAPER-KV-V6] fetch meta-llama/Llama-3.1-8B -> None requests
[2026-08-22 11:43:21.648 Model_Service_3] [PAPER-KV-V6] fetch meta-llama/Llama-3.1-8B -> None requests
[2026-08-22 11:43:21.658 Model_Service_3] [PAPER-KV-V6] fetch meta-llama/Llama-3.1-8B -> None requests
[2026-08-22 11:43:21.669 Model_Service_3] [PAPER-KV-V6] fetch meta-llama/Llama-3.1-8B -> None requests
[2026-08-22 11:43:21.680 Model_Service_3] [PAPER-KV-V6] fetch meta-llama/Llama-3.1-8B -> None requests
[2026-08-22 11:43:21.691 Model_Service_3] [PAPER-KV-V6] fetch meta-llama/Llama-3.1-8B -> None requests
[2026-08-22 11:43:21.701 Model_Service_3] [PAPER-KV-V6] fetch meta-llama/Llama-3.1-8B -> None requests
[2026-08-22 11:43:21.712 Model_Service_3] [PAPER-KV-V6] fetch meta-llama/Llama-3.1-8B -> None requests
[2026-08-22 11:43:21.723 Model_Service_3] [PAPER-KV-V6] fetch meta-llama/Llama-3.1-8B -> None requests
[2026-08-22 11:43:21.733 Model_Service_3] [PAPER-KV-V6] fetch meta-llama/Llama-3.1-8B -> None requests
[2026-08-22 11:43:21.744 Model_Service_3] [PAPER-KV-V6] fetch meta-llama/Llama-3.1-8B -> None requests
[2026-08-22 11:43:21.755 Model_Service_3] [PAPER-KV-V6] fetch meta-llama/Llama-3.1-8B -> None requests
[2026-08-22 11:43:21.766 Model_Service_3] [PAPER-KV-V6] fetch meta-llama/Llama-3.1-8B -> None requests
[2026-08-22 11:43:21.776 Model_Service_3] [PAPER-KV-V6] fetch meta-llama/Llama-3.1-8B -> None requests
[2026-08-22 11:43:21.787 Model_Service_3] [PAPER-KV-V6] fetch meta-llama/Llama-3.1-8B -> None requests
[2026-08-22 11:43:21.798 Model_Service_3] [PAPER-KV-V6] fetch meta-llama/Llama-3.1-8B -> None requests
[2026-08-22 11:43:21.809 Model_Service_3] [PAPER-KV-V6] fetch meta-llama/Llama-3.1-8B -> None requests
[2026-08-22 11:43:21.819 Model_Service_3] [PAPER-KV-V6] fetch meta-llama/Llama-3.1-8B -> None requests
[2026-08-22 11:43:21.830 Model_Service_3] [PAPER-KV-V6] fetch meta-llama/Llama-3.1-8B -> None requests
[2026-08-22 11:43:21.841 Model_Service_3] [PAPER-KV-V6] fetch meta-llama/Llama-3.1-8B -> None requests
[2026-08-22 11:43:21.852 Model_Service_3] [PAPER-KV-V6] fetch meta-llama/Llama-3.1-8B -> None requests
[2026-08-22 11:43:21.862 Model_Service_3] [PAPER-KV-V6] fetch meta-llama/Llama-3.1-8B -> None requests
[2026-08-22 11:43:21.873 Model_Service_3] [PAPER-KV-V6] fetch meta-llama/Llama-3.1-8B -> None requests
[2026-08-22 11:43:21.884 Model_Service_3] [PAPER-KV-V6] fetch meta-llama/Llama-3.1-8B -> None requests
[2026-08-22 11:43:21.895 Model_Service_3] [PAPER-KV-V6] fetch meta-llama/Llama-3.1-8B -> None requests
[2026-08-22 11:43:21.905 Model_Service_3] [PAPER-KV-V6] fetch meta-llama/Llama-3.1-8B -> None requests
[2026-08-22 11:43:21.916 Model_Service_3] [PAPER-KV-V6] fetch meta-llama/Llama-3.1-8B -> None requests
[2026-08-22 11:43:21.927 Model_Service_3] [PAPER-KV-V6] fetch meta-llama/Llama-3.1-8B -> None requests
[2026-08-22 11:43:21.938 Model_Service_3] [PAPER-KV-V6] fetch meta-llama/Llama-3.1-8B -> None requests
[2026-08-22 11:43:21.948 Model_Service_3] [PAPER-KV-V6] fetch meta-llama/Llama-3.1-8B -> None requests
[2026-08-22 11:43:21.959 Model_Service_3] [PAPER-KV-V6] fetch meta-llama/Llama-3.1-8B -> None requests
[2026-08-22 11:43:21.970 Model_Service_3] [PAPER-KV-V6] fetch meta-llama/Llama-3.1-8B -> None requests
[2026-08-22 11:43:21.981 Model_Service_3] [PAPER-KV-V6] fetch meta-llama/Llama-3.1-8B -> None requests
[2026-08-22 11:43:21.992 Model_Service_3] [PAPER-KV-V6] fetch meta-llama/Llama-3.1-8B -> None requests
[2026-08-22 11:43:22.002 Model_Service_3] [PAPER-KV-V6] fetch meta-llama/Llama-3.1-8B -> None requests
[2026-08-22 11:43:22.013 Model_Service_3] [PAPER-KV-V6] fetch meta-llama/Llama-3.1-8B -> None requests
[2026-08-22 11:43:22.024 Model_Service_3] [PAPER-KV-V6] fetch meta-llama/Llama-3.1-8B -> None requests
[2026-08-22 11:43:22.034 Model_Service_3] [PAPER-KV-V6] fetch meta-llama/Llama-3.1-8B -> None requests
[2026-08-22 11:43:22.045 Model_Service_3] [PAPER-KV-V6] fetch meta-llama/Llama-3.1-8B -> None requests
[2026-08-22 11:43:22.056 Model_Service_3] [PAPER-KV-V6] fetch meta-llama/Llama-3.1-8B -> None requests
[2026-08-22 11:43:22.067 Model_Service_3] [PAPER-KV-V6] fetch meta-llama/Llama-3.1-8B -> None requests
[2026-08-22 11:43:22.077 Model_Service_3] [PAPER-KV-V6] fetch meta-llama/Llama-3.1-8B -> None requests
[2026-08-22 11:43:22.088 Model_Service_3] [PAPER-KV-V6] fetch meta-llama/Llama-3.1-8B -> None requests
[2026-08-22 11:43:22.099 Model_Service_3] [PAPER-KV-V6] fetch meta-llama/Llama-3.1-8B -> None requests
[2026-08-22 11:43:22.109 Model_Service_3] [PAPER-KV-V6] fetch meta-llama/Llama-3.1-8B -> None requests
[2026-08-22 11:43:22.121 Model_Service_3] [PAPER-KV-V6] fetch meta-llama/Llama-3.1-8B -> None requests
[2026-08-22 11:43:22.131 Model_Service_3] [PAPER-KV-V6] fetch meta-llama/Llama-3.1-8B -> None requests
[2026-08-22 11:43:22.142 Model_Service_3] [PAPER-KV-V6] fetch meta-llama/Llama-3.1-8B -> None requests
[2026-08-22 11:43:22.153 Model_Service_3] [PAPER-KV-V6] fetch meta-llama/Llama-3.1-8B -> None requests
[2026-08-22 11:43:22.164 Model_Service_3] [PAPER-KV-V6] fetch meta-llama/Llama-3.1-8B -> None requests
[2026-08-22 11:43:22.174 Model_Service_3] [PAPER-KV-V6] fetch meta-llama/Llama-3.1-8B -> None requests
[2026-08-22 11:43:22.185 Model_Service_3] [PAPER-KV-V6] fetch meta-llama/Llama-3.1-8B -> None requests
[2026-08-22 11:43:22.196 Model_Service_3] [PAPER-KV-V6] fetch meta-llama/Llama-3.1-8B -> None requests
[2026-08-22 11:43:22.207 Model_Service_3] [PAPER-KV-V6] fetch meta-llama/Llama-3.1-8B -> None requests
[2026-08-22 11:43:22.217 Model_Service_3] [PAPER-KV-V6] fetch meta-llama/Llama-3.1-8B -> None requests
[2026-08-22 11:43:22.228 Model_Service_3] [PAPER-KV-V6] fetch meta-llama/Llama-3.1-8B -> None requests
[2026-08-22 11:43:22.239 Model_Service_3] [PAPER-KV-V6] fetch meta-llama/Llama-3.1-8B -> None requests
[2026-08-22 11:43:22.250 Model_Service_3] [PAPER-KV-V6] fetch meta-llama/Llama-3.1-8B -> None requests
[2026-08-22 11:43:22.260 Model_Service_3] [PAPER-KV-V6] fetch meta-llama/Llama-3.1-8B -> None requests
[2026-08-22 11:43:22.271 Model_Service_3] [PAPER-KV-V6] fetch meta-llama/Llama-3.1-8B -> None requests
[2026-08-22 11:43:22.282 Model_Service_3] [PAPER-KV-V6] fetch meta-llama/Llama-3.1-8B -> None requests
[2026-08-22 11:43:22.292 Model_Service_3] [PAPER-KV-V6] fetch meta-llama/Llama-3.1-8B -> None requests
[2026-08-22 11:43:22.303 Model_Service_3] [PAPER-KV-V6] fetch meta-llama/Llama-3.1-8B -> None requests
[2026-08-22 11:43:22.314 Model_Service_3] [PAPER-KV-V6] fetch meta-llama/Llama-3.1-8B -> None requests
[2026-08-22 11:43:22.325 Model_Service_3] [PAPER-KV-V6] fetch meta-llama/Llama-3.1-8B -> None requests
[2026-08-22 11:43:22.335 Model_Service_3] [PAPER-KV-V6] fetch meta-llama/Llama-3.1-8B -> None requests
[2026-08-22 11:43:22.346 Model_Service_3] [PAPER-KV-V6] fetch meta-llama/Llama-3.1-8B -> None requests
[2026-08-22 11:43:22.874 Model_Service_0] Model service 0 input queue is empty, waiting for next request
[2026-08-22 11:43:22.938 Model_Service_5] Model service 5 input queue is empty, waiting for next request
[2026-08-22 11:43:23.932 Model_Service_2] Model service 2 input queue is empty, waiting for next request
[2026-08-22 11:43:24.629 Model_Service_4] Model service 4 input queue is empty, waiting for next request
[2026-08-22 11:43:26.376 Model_Service_1] Model service 1 input queue is empty, waiting for next request
[2026-08-22 11:43:27.350 Model_Service_3] Model service 3 input queue is empty, waiting for next request
[2026-08-22 11:43:28.114 Model_Service_0] Model service 0 input queue is empty, waiting for next request
[2026-08-22 11:43:28.186 Model_Service_5] Model service 5 input queue is empty, waiting for next request
[2026-08-22 11:43:29.172 Model_Service_2] Model service 2 input queue is empty, waiting for next request
[2026-08-22 11:43:29.878 Model_Service_4] Model service 4 input queue is empty, waiting for next request
[2026-08-22 11:43:30.751 Model_Service_5] Model key: meta-llama/Llama-3.2-3B, engine id: 1_1, target gpu id: 1
[2026-08-22 11:43:30.757 Model_Service_2] Model key: Qwen/Qwen2.5-7B-Instruct, engine id: 1_2, target gpu id: 1
[2026-08-22 11:43:30.761 Model_Service_0] Model key: Qwen/Qwen2.5-1.5B-Instruct, engine id: 1_0, target gpu id: 1
[2026-08-22 11:43:31.468 Model_Service_0] [PAPER-LOAD-V4] {"tag": "Qwen/Qwen2.5-1.5B-Instruct|engine=1_0|src=None", "start_time": 1787399010.767305, "end_time": 1787399011.4687192, "policy": "paper", "split": 2, "pipeline_depth": null, "target_gpu": 1, "gpu_ids": [0, 1], "source": "cpu", "host_registered": true, "slices": 398, "payload_bytes": 3554176000, "bytes_h2d_direct": 1777088000, "bytes_h2d_helper": 1777088000, "bytes_p2p": 1777088000, "seconds": 0.7014134139753878, "payload_gbps": 5.067162858856752, "transfer_path": "host-to-device + helper-gpu-p2p"}
[2026-08-22 11:43:31.470 Model_Service_0] Time taken to copy model to GPU 1, service 0, engine 1_0, model Qwen/Qwen2.5-1.5B-Instruct: 0.7086 seconds
[2026-08-22 11:43:31.631 Model_Service_1] Model service 1 input queue is empty, waiting for next request
[2026-08-22 11:43:31.886 Model_Service_0] [PAPER-KV-V6] fetch Qwen/Qwen2.5-1.5B-Instruct -> None requests
[2026-08-22 11:43:31.897 Model_Service_0] [PAPER-KV-V6] fetch Qwen/Qwen2.5-1.5B-Instruct -> None requests
[2026-08-22 11:43:31.907 Model_Service_0] [PAPER-KV-V6] fetch Qwen/Qwen2.5-1.5B-Instruct -> None requests
[2026-08-22 11:43:31.917 Model_Service_0] [PAPER-KV-V6] fetch Qwen/Qwen2.5-1.5B-Instruct -> None requests
[2026-08-22 11:43:31.928 Model_Service_0] [PAPER-KV-V6] fetch Qwen/Qwen2.5-1.5B-Instruct -> None requests
[2026-08-22 11:43:31.938 Model_Service_0] [PAPER-KV-V6] fetch Qwen/Qwen2.5-1.5B-Instruct -> None requests
[2026-08-22 11:43:31.949 Model_Service_0] [PAPER-KV-V6] fetch Qwen/Qwen2.5-1.5B-Instruct -> None requests
[2026-08-22 11:43:31.959 Model_Service_0] [PAPER-KV-V6] fetch Qwen/Qwen2.5-1.5B-Instruct -> None requests
[2026-08-22 11:43:31.969 Model_Service_0] [PAPER-KV-V6] fetch Qwen/Qwen2.5-1.5B-Instruct -> None requests
[2026-08-22 11:43:31.973 Model_Service_5] [PAPER-LOAD-V4] {"tag": "meta-llama/Llama-3.2-3B|engine=1_1|src=None", "start_time": 1787399010.75388, "end_time": 1787399011.973342, "policy": "paper", "split": 2, "pipeline_depth": null, "target_gpu": 1, "gpu_ids": [0, 1], "source": "cpu", "host_registered": true, "slices": 342, "payload_bytes": 7213504512, "bytes_h2d_direct": 3606752256, "bytes_h2d_helper": 3606752256, "bytes_p2p": 3606752256, "seconds": 1.2194601350929588, "payload_gbps": 5.915326220524723, "transfer_path": "host-to-device + helper-gpu-p2p"}
[2026-08-22 11:43:31.975 Model_Service_5] Time taken to copy model to GPU 1, service 5, engine 1_1, model meta-llama/Llama-3.2-3B: 1.2240 seconds
[2026-08-22 11:43:31.980 Model_Service_0] [PAPER-KV-V6] fetch Qwen/Qwen2.5-1.5B-Instruct -> None requests
[2026-08-22 11:43:31.990 Model_Service_0] [PAPER-KV-V6] fetch Qwen/Qwen2.5-1.5B-Instruct -> None requests
[2026-08-22 11:43:32.000 Model_Service_0] [PAPER-KV-V6] fetch Qwen/Qwen2.5-1.5B-Instruct -> None requests
[2026-08-22 11:43:32.011 Model_Service_0] [PAPER-KV-V6] fetch Qwen/Qwen2.5-1.5B-Instruct -> None requests
[2026-08-22 11:43:32.021 Model_Service_0] [PAPER-KV-V6] fetch Qwen/Qwen2.5-1.5B-Instruct -> None requests
[2026-08-22 11:43:32.031 Model_Service_0] [PAPER-KV-V6] fetch Qwen/Qwen2.5-1.5B-Instruct -> None requests
[2026-08-22 11:43:32.042 Model_Service_0] [PAPER-KV-V6] fetch Qwen/Qwen2.5-1.5B-Instruct -> None requests
[2026-08-22 11:43:32.052 Model_Service_0] [PAPER-KV-V6] fetch Qwen/Qwen2.5-1.5B-Instruct -> None requests
[2026-08-22 11:43:32.063 Model_Service_0] [PAPER-KV-V6] fetch Qwen/Qwen2.5-1.5B-Instruct -> None requests
[2026-08-22 11:43:32.073 Model_Service_0] [PAPER-KV-V6] fetch Qwen/Qwen2.5-1.5B-Instruct -> None requests
[2026-08-22 11:43:32.083 Model_Service_0] [PAPER-KV-V6] fetch Qwen/Qwen2.5-1.5B-Instruct -> None requests
[2026-08-22 11:43:32.094 Model_Service_0] [PAPER-KV-V6] fetch Qwen/Qwen2.5-1.5B-Instruct -> None requests
[2026-08-22 11:43:32.104 Model_Service_0] [PAPER-KV-V6] fetch Qwen/Qwen2.5-1.5B-Instruct -> None requests
[2026-08-22 11:43:32.114 Model_Service_0] [PAPER-KV-V6] fetch Qwen/Qwen2.5-1.5B-Instruct -> None requests
[2026-08-22 11:43:32.124 Model_Service_0] [PAPER-KV-V6] fetch Qwen/Qwen2.5-1.5B-Instruct -> None requests
[2026-08-22 11:43:32.134 Model_Service_0] [PAPER-KV-V6] fetch Qwen/Qwen2.5-1.5B-Instruct -> None requests
[2026-08-22 11:43:32.145 Model_Service_0] [PAPER-KV-V6] fetch Qwen/Qwen2.5-1.5B-Instruct -> None requests
[2026-08-22 11:43:32.155 Model_Service_0] [PAPER-KV-V6] fetch Qwen/Qwen2.5-1.5B-Instruct -> None requests
[2026-08-22 11:43:32.165 Model_Service_0] [PAPER-KV-V6] fetch Qwen/Qwen2.5-1.5B-Instruct -> None requests
[2026-08-22 11:43:32.175 Model_Service_0] [PAPER-KV-V6] fetch Qwen/Qwen2.5-1.5B-Instruct -> None requests
[2026-08-22 11:43:32.186 Model_Service_0] [PAPER-KV-V6] fetch Qwen/Qwen2.5-1.5B-Instruct -> None requests
[2026-08-22 11:43:32.196 Model_Service_0] [PAPER-KV-V6] fetch Qwen/Qwen2.5-1.5B-Instruct -> None requests
[2026-08-22 11:43:32.206 Model_Service_0] [PAPER-KV-V6] fetch Qwen/Qwen2.5-1.5B-Instruct -> None requests
[2026-08-22 11:43:32.216 Model_Service_0] [PAPER-KV-V6] fetch Qwen/Qwen2.5-1.5B-Instruct -> None requests
[2026-08-22 11:43:32.227 Model_Service_0] [PAPER-KV-V6] fetch Qwen/Qwen2.5-1.5B-Instruct -> None requests
[2026-08-22 11:43:32.237 Model_Service_0] [PAPER-KV-V6] fetch Qwen/Qwen2.5-1.5B-Instruct -> None requests
[2026-08-22 11:43:32.247 Model_Service_0] [PAPER-KV-V6] fetch Qwen/Qwen2.5-1.5B-Instruct -> None requests
[2026-08-22 11:43:32.258 Model_Service_0] [PAPER-KV-V6] fetch Qwen/Qwen2.5-1.5B-Instruct -> None requests
[2026-08-22 11:43:32.268 Model_Service_0] [PAPER-KV-V6] fetch Qwen/Qwen2.5-1.5B-Instruct -> None requests
[2026-08-22 11:43:32.278 Model_Service_0] [PAPER-KV-V6] fetch Qwen/Qwen2.5-1.5B-Instruct -> None requests
[2026-08-22 11:43:32.288 Model_Service_0] [PAPER-KV-V6] fetch Qwen/Qwen2.5-1.5B-Instruct -> None requests
[2026-08-22 11:43:32.299 Model_Service_0] [PAPER-KV-V6] fetch Qwen/Qwen2.5-1.5B-Instruct -> None requests
[2026-08-22 11:43:32.309 Model_Service_0] [PAPER-KV-V6] fetch Qwen/Qwen2.5-1.5B-Instruct -> None requests
[2026-08-22 11:43:32.319 Model_Service_0] [PAPER-KV-V6] fetch Qwen/Qwen2.5-1.5B-Instruct -> None requests
[2026-08-22 11:43:32.330 Model_Service_0] [PAPER-KV-V6] fetch Qwen/Qwen2.5-1.5B-Instruct -> None requests
[2026-08-22 11:43:32.340 Model_Service_0] [PAPER-KV-V6] fetch Qwen/Qwen2.5-1.5B-Instruct -> None requests
[2026-08-22 11:43:32.350 Model_Service_0] [PAPER-KV-V6] fetch Qwen/Qwen2.5-1.5B-Instruct -> None requests
[2026-08-22 11:43:32.361 Model_Service_0] [PAPER-KV-V6] fetch Qwen/Qwen2.5-1.5B-Instruct -> None requests
[2026-08-22 11:43:32.371 Model_Service_0] [PAPER-KV-V6] fetch Qwen/Qwen2.5-1.5B-Instruct -> None requests
[2026-08-22 11:43:32.381 Model_Service_0] [PAPER-KV-V6] fetch Qwen/Qwen2.5-1.5B-Instruct -> None requests
[2026-08-22 11:43:32.392 Model_Service_0] [PAPER-KV-V6] fetch Qwen/Qwen2.5-1.5B-Instruct -> None requests
[2026-08-22 11:43:32.402 Model_Service_0] [PAPER-KV-V6] fetch Qwen/Qwen2.5-1.5B-Instruct -> None requests
[2026-08-22 11:43:32.412 Model_Service_0] [PAPER-KV-V6] fetch Qwen/Qwen2.5-1.5B-Instruct -> None requests
[2026-08-22 11:43:32.423 Model_Service_0] [PAPER-KV-V6] fetch Qwen/Qwen2.5-1.5B-Instruct -> None requests
[2026-08-22 11:43:32.433 Model_Service_0] [PAPER-KV-V6] fetch Qwen/Qwen2.5-1.5B-Instruct -> None requests
[2026-08-22 11:43:32.443 Model_Service_2] [PAPER-LOAD-V4] {"tag": "Qwen/Qwen2.5-7B-Instruct|engine=1_2|src=None", "start_time": 1787399010.7613158, "end_time": 1787399012.4436944, "policy": "paper", "split": 2, "pipeline_depth": null, "target_gpu": 1, "gpu_ids": [0, 1], "source": "cpu", "host_registered": true, "slices": 398, "payload_bytes": 15231233024, "bytes_h2d_direct": 7615616512, "bytes_h2d_helper": 7615616512, "bytes_p2p": 7615616512, "seconds": 1.6823771309573203, "payload_gbps": 9.053399944477965, "transfer_path": "host-to-device + helper-gpu-p2p"}
[2026-08-22 11:43:32.443 Model_Service_0] [PAPER-KV-V6] fetch Qwen/Qwen2.5-1.5B-Instruct -> None requests
[2026-08-22 11:43:32.445 Model_Service_2] Time taken to copy model to GPU 1, service 2, engine 1_2, model Qwen/Qwen2.5-7B-Instruct: 1.6884 seconds
[2026-08-22 11:43:32.454 Model_Service_0] [PAPER-KV-V6] fetch Qwen/Qwen2.5-1.5B-Instruct -> None requests
[2026-08-22 11:43:32.464 Model_Service_0] [PAPER-KV-V6] fetch Qwen/Qwen2.5-1.5B-Instruct -> None requests
[2026-08-22 11:43:32.475 Model_Service_0] [PAPER-KV-V6] fetch Qwen/Qwen2.5-1.5B-Instruct -> None requests
[2026-08-22 11:43:32.485 Model_Service_0] [PAPER-KV-V6] fetch Qwen/Qwen2.5-1.5B-Instruct -> None requests
[2026-08-22 11:43:32.495 Model_Service_0] [PAPER-KV-V6] fetch Qwen/Qwen2.5-1.5B-Instruct -> None requests
[2026-08-22 11:43:32.506 Model_Service_0] [PAPER-KV-V6] fetch Qwen/Qwen2.5-1.5B-Instruct -> None requests
[2026-08-22 11:43:32.517 Model_Service_0] [PAPER-KV-V6] fetch Qwen/Qwen2.5-1.5B-Instruct -> None requests
[2026-08-22 11:43:32.527 Model_Service_0] [PAPER-KV-V6] fetch Qwen/Qwen2.5-1.5B-Instruct -> None requests
[2026-08-22 11:43:32.538 Model_Service_0] [PAPER-KV-V6] fetch Qwen/Qwen2.5-1.5B-Instruct -> None requests
[2026-08-22 11:43:32.548 Model_Service_0] [PAPER-KV-V6] fetch Qwen/Qwen2.5-1.5B-Instruct -> None requests
[2026-08-22 11:43:32.559 Model_Service_0] [PAPER-KV-V6] fetch Qwen/Qwen2.5-1.5B-Instruct -> None requests
[2026-08-22 11:43:32.569 Model_Service_0] [PAPER-KV-V6] fetch Qwen/Qwen2.5-1.5B-Instruct -> None requests
[2026-08-22 11:43:32.580 Model_Service_0] [PAPER-KV-V6] fetch Qwen/Qwen2.5-1.5B-Instruct -> None requests
[2026-08-22 11:43:32.590 Model_Service_0] [PAPER-KV-V6] fetch Qwen/Qwen2.5-1.5B-Instruct -> None requests
[2026-08-22 11:43:32.601 Model_Service_0] [PAPER-KV-V6] fetch Qwen/Qwen2.5-1.5B-Instruct -> None requests
[2026-08-22 11:43:32.607 Model_Service_3] Model service 3 input queue is empty, waiting for next request
[2026-08-22 11:43:32.611 Model_Service_0] [PAPER-KV-V6] fetch Qwen/Qwen2.5-1.5B-Instruct -> None requests
[2026-08-22 11:43:32.621 Model_Service_0] [PAPER-KV-V6] fetch Qwen/Qwen2.5-1.5B-Instruct -> None requests
[2026-08-22 11:43:32.632 Model_Service_0] [PAPER-KV-V6] fetch Qwen/Qwen2.5-1.5B-Instruct -> None requests
[2026-08-22 11:43:32.642 Model_Service_0] [PAPER-KV-V6] fetch Qwen/Qwen2.5-1.5B-Instruct -> None requests
[2026-08-22 11:43:32.652 Model_Service_0] [PAPER-KV-V6] fetch Qwen/Qwen2.5-1.5B-Instruct -> None requests
[2026-08-22 11:43:32.663 Model_Service_0] [PAPER-KV-V6] fetch Qwen/Qwen2.5-1.5B-Instruct -> None requests
[2026-08-22 11:43:32.673 Model_Service_0] [PAPER-KV-V6] fetch Qwen/Qwen2.5-1.5B-Instruct -> None requests
[2026-08-22 11:43:32.684 Model_Service_0] [PAPER-KV-V6] fetch Qwen/Qwen2.5-1.5B-Instruct -> None requests
[2026-08-22 11:43:32.694 Model_Service_0] [PAPER-KV-V6] fetch Qwen/Qwen2.5-1.5B-Instruct -> None requests
[2026-08-22 11:43:32.705 Model_Service_0] [PAPER-KV-V6] fetch Qwen/Qwen2.5-1.5B-Instruct -> None requests
[2026-08-22 11:43:32.715 Model_Service_0] [PAPER-KV-V6] fetch Qwen/Qwen2.5-1.5B-Instruct -> None requests
[2026-08-22 11:43:32.725 Model_Service_0] [PAPER-KV-V6] fetch Qwen/Qwen2.5-1.5B-Instruct -> None requests
[2026-08-22 11:43:32.736 Model_Service_0] [PAPER-KV-V6] fetch Qwen/Qwen2.5-1.5B-Instruct -> None requests
[2026-08-22 11:43:32.746 Model_Service_0] [PAPER-KV-V6] fetch Qwen/Qwen2.5-1.5B-Instruct -> None requests
[2026-08-22 11:43:32.757 Model_Service_0] [PAPER-KV-V6] fetch Qwen/Qwen2.5-1.5B-Instruct -> None requests
[2026-08-22 11:43:32.767 Model_Service_0] [PAPER-KV-V6] fetch Qwen/Qwen2.5-1.5B-Instruct -> None requests
[2026-08-22 11:43:32.777 Model_Service_0] [PAPER-KV-V6] fetch Qwen/Qwen2.5-1.5B-Instruct -> None requests
[2026-08-22 11:43:32.788 Model_Service_0] [PAPER-KV-V6] fetch Qwen/Qwen2.5-1.5B-Instruct -> None requests
[2026-08-22 11:43:32.798 Model_Service_0] [PAPER-KV-V6] fetch Qwen/Qwen2.5-1.5B-Instruct -> None requests
[2026-08-22 11:43:32.808 Model_Service_0] [PAPER-KV-V6] fetch Qwen/Qwen2.5-1.5B-Instruct -> None requests
[2026-08-22 11:43:32.819 Model_Service_0] [PAPER-KV-V6] fetch Qwen/Qwen2.5-1.5B-Instruct -> None requests
[2026-08-22 11:43:32.829 Model_Service_0] [PAPER-KV-V6] fetch Qwen/Qwen2.5-1.5B-Instruct -> None requests
[2026-08-22 11:43:32.839 Model_Service_0] [PAPER-KV-V6] fetch Qwen/Qwen2.5-1.5B-Instruct -> None requests
[2026-08-22 11:43:32.850 Model_Service_0] [PAPER-KV-V6] fetch Qwen/Qwen2.5-1.5B-Instruct -> None requests
[2026-08-22 11:43:32.860 Model_Service_0] [PAPER-KV-V6] fetch Qwen/Qwen2.5-1.5B-Instruct -> None requests
[2026-08-22 11:43:32.871 Model_Service_0] [PAPER-KV-V6] fetch Qwen/Qwen2.5-1.5B-Instruct -> None requests
[2026-08-22 11:43:32.881 Model_Service_0] [PAPER-KV-V6] fetch Qwen/Qwen2.5-1.5B-Instruct -> None requests
[2026-08-22 11:43:32.891 Model_Service_0] [PAPER-KV-V6] fetch Qwen/Qwen2.5-1.5B-Instruct -> None requests
[2026-08-22 11:43:32.902 Model_Service_0] [PAPER-KV-V6] fetch Qwen/Qwen2.5-1.5B-Instruct -> None requests
[2026-08-22 11:43:32.913 Model_Service_0] [PAPER-KV-V6] fetch Qwen/Qwen2.5-1.5B-Instruct -> None requests
[2026-08-22 11:43:32.924 Model_Service_0] [PAPER-KV-V6] fetch Qwen/Qwen2.5-1.5B-Instruct -> None requests
[2026-08-22 11:43:32.934 Model_Service_0] [PAPER-KV-V6] fetch Qwen/Qwen2.5-1.5B-Instruct -> None requests
[2026-08-22 11:43:32.945 Model_Service_0] [PAPER-KV-V6] fetch Qwen/Qwen2.5-1.5B-Instruct -> None requests
[2026-08-22 11:43:32.955 Model_Service_0] [PAPER-KV-V6] fetch Qwen/Qwen2.5-1.5B-Instruct -> None requests
[2026-08-22 11:43:32.966 Model_Service_0] [PAPER-KV-V6] fetch Qwen/Qwen2.5-1.5B-Instruct -> None requests
[2026-08-22 11:43:32.976 Model_Service_0] [PAPER-KV-V6] fetch Qwen/Qwen2.5-1.5B-Instruct -> None requests
[2026-08-22 11:43:32.987 Model_Service_0] [PAPER-KV-V6] fetch Qwen/Qwen2.5-1.5B-Instruct -> None requests
[2026-08-22 11:43:32.998 Model_Service_0] [PAPER-KV-V6] fetch Qwen/Qwen2.5-1.5B-Instruct -> None requests
[2026-08-22 11:43:33.008 Model_Service_0] [PAPER-KV-V6] fetch Qwen/Qwen2.5-1.5B-Instruct -> None requests
[2026-08-22 11:43:33.015 Model_Service_5] [PAPER-KV-V6] fetch meta-llama/Llama-3.2-3B -> None requests
[2026-08-22 11:43:33.019 Model_Service_0] [PAPER-KV-V6] fetch Qwen/Qwen2.5-1.5B-Instruct -> None requests
[2026-08-22 11:43:33.026 Model_Service_5] [PAPER-KV-V6] fetch meta-llama/Llama-3.2-3B -> None requests
[2026-08-22 11:43:33.030 Model_Service_0] [PAPER-KV-V6] fetch Qwen/Qwen2.5-1.5B-Instruct -> None requests
[2026-08-22 11:43:33.036 Model_Service_2] [PAPER-KV-V6] fetch Qwen/Qwen2.5-7B-Instruct -> None requests
[2026-08-22 11:43:33.036 Model_Service_5] [PAPER-KV-V6] fetch meta-llama/Llama-3.2-3B -> None requests
[2026-08-22 11:43:33.040 Model_Service_0] [PAPER-KV-V6] fetch Qwen/Qwen2.5-1.5B-Instruct -> None requests
[2026-08-22 11:43:33.046 Model_Service_2] [PAPER-KV-V6] fetch Qwen/Qwen2.5-7B-Instruct -> None requests
[2026-08-22 11:43:33.047 Model_Service_5] [PAPER-KV-V6] fetch meta-llama/Llama-3.2-3B -> None requests
[2026-08-22 11:43:33.051 Model_Service_0] [PAPER-KV-V6] fetch Qwen/Qwen2.5-1.5B-Instruct -> None requests
[2026-08-22 11:43:33.057 Model_Service_2] [PAPER-KV-V6] fetch Qwen/Qwen2.5-7B-Instruct -> None requests
[2026-08-22 11:43:33.057 Model_Service_5] [PAPER-KV-V6] fetch meta-llama/Llama-3.2-3B -> None requests
[2026-08-22 11:43:33.061 Model_Service_0] [PAPER-KV-V6] fetch Qwen/Qwen2.5-1.5B-Instruct -> None requests
[2026-08-22 11:43:33.067 Model_Service_2] [PAPER-KV-V6] fetch Qwen/Qwen2.5-7B-Instruct -> None requests
[2026-08-22 11:43:33.068 Model_Service_5] [PAPER-KV-V6] fetch meta-llama/Llama-3.2-3B -> None requests
[2026-08-22 11:43:33.072 Model_Service_0] [PAPER-KV-V6] fetch Qwen/Qwen2.5-1.5B-Instruct -> None requests
[2026-08-22 11:43:33.077 Model_Service_2] [PAPER-KV-V6] fetch Qwen/Qwen2.5-7B-Instruct -> None requests
[2026-08-22 11:43:33.079 Model_Service_5] [PAPER-KV-V6] fetch meta-llama/Llama-3.2-3B -> None requests
[2026-08-22 11:43:33.082 Model_Service_0] [PAPER-KV-V6] fetch Qwen/Qwen2.5-1.5B-Instruct -> None requests
[2026-08-22 11:43:33.088 Model_Service_2] [PAPER-KV-V6] fetch Qwen/Qwen2.5-7B-Instruct -> None requests
[2026-08-22 11:43:33.090 Model_Service_5] [PAPER-KV-V6] fetch meta-llama/Llama-3.2-3B -> None requests
[2026-08-22 11:43:33.093 Model_Service_0] [PAPER-KV-V6] fetch Qwen/Qwen2.5-1.5B-Instruct -> None requests
[2026-08-22 11:43:33.098 Model_Service_2] [PAPER-KV-V6] fetch Qwen/Qwen2.5-7B-Instruct -> None requests
[2026-08-22 11:43:33.100 Model_Service_5] [PAPER-KV-V6] fetch meta-llama/Llama-3.2-3B -> None requests
[2026-08-22 11:43:33.104 Model_Service_0] [PAPER-KV-V6] fetch Qwen/Qwen2.5-1.5B-Instruct -> None requests
[2026-08-22 11:43:33.109 Model_Service_2] [PAPER-KV-V6] fetch Qwen/Qwen2.5-7B-Instruct -> None requests
[2026-08-22 11:43:33.111 Model_Service_5] [PAPER-KV-V6] fetch meta-llama/Llama-3.2-3B -> None requests
[2026-08-22 11:43:33.114 Model_Service_0] [PAPER-KV-V6] fetch Qwen/Qwen2.5-1.5B-Instruct -> None requests
[2026-08-22 11:43:33.119 Model_Service_2] [PAPER-KV-V6] fetch Qwen/Qwen2.5-7B-Instruct -> None requests
[2026-08-22 11:43:33.122 Model_Service_5] [PAPER-KV-V6] fetch meta-llama/Llama-3.2-3B -> None requests
[2026-08-22 11:43:33.125 Model_Service_0] [PAPER-KV-V6] fetch Qwen/Qwen2.5-1.5B-Instruct -> None requests
[2026-08-22 11:43:33.130 Model_Service_2] [PAPER-KV-V6] fetch Qwen/Qwen2.5-7B-Instruct -> None requests
[2026-08-22 11:43:33.133 Model_Service_5] [PAPER-KV-V6] fetch meta-llama/Llama-3.2-3B -> None requests
[2026-08-22 11:43:33.136 Model_Service_0] [PAPER-KV-V6] fetch Qwen/Qwen2.5-1.5B-Instruct -> None requests
[2026-08-22 11:43:33.140 Model_Service_2] [PAPER-KV-V6] fetch Qwen/Qwen2.5-7B-Instruct -> None requests
[2026-08-22 11:43:33.143 Model_Service_5] [PAPER-KV-V6] fetch meta-llama/Llama-3.2-3B -> None requests
[2026-08-22 11:43:33.146 Model_Service_0] [PAPER-KV-V6] fetch Qwen/Qwen2.5-1.5B-Instruct -> None requests
[2026-08-22 11:43:33.151 Model_Service_2] [PAPER-KV-V6] fetch Qwen/Qwen2.5-7B-Instruct -> None requests
[2026-08-22 11:43:33.154 Model_Service_5] [PAPER-KV-V6] fetch meta-llama/Llama-3.2-3B -> None requests
[2026-08-22 11:43:33.157 Model_Service_0] [PAPER-KV-V6] fetch Qwen/Qwen2.5-1.5B-Instruct -> None requests
[2026-08-22 11:43:33.162 Model_Service_2] [PAPER-KV-V6] fetch Qwen/Qwen2.5-7B-Instruct -> None requests
[2026-08-22 11:43:33.165 Model_Service_5] [PAPER-KV-V6] fetch meta-llama/Llama-3.2-3B -> None requests
[2026-08-22 11:43:33.168 Model_Service_0] [PAPER-KV-V6] fetch Qwen/Qwen2.5-1.5B-Instruct -> None requests
[2026-08-22 11:43:33.172 Model_Service_2] [PAPER-KV-V6] fetch Qwen/Qwen2.5-7B-Instruct -> None requests
[2026-08-22 11:43:33.175 Model_Service_5] [PAPER-KV-V6] fetch meta-llama/Llama-3.2-3B -> None requests
[2026-08-22 11:43:33.178 Model_Service_0] [PAPER-KV-V6] fetch Qwen/Qwen2.5-1.5B-Instruct -> None requests
[2026-08-22 11:43:33.183 Model_Service_2] [PAPER-KV-V6] fetch Qwen/Qwen2.5-7B-Instruct -> None requests
[2026-08-22 11:43:33.186 Model_Service_5] [PAPER-KV-V6] fetch meta-llama/Llama-3.2-3B -> None requests
[2026-08-22 11:43:33.189 Model_Service_0] [PAPER-KV-V6] fetch Qwen/Qwen2.5-1.5B-Instruct -> None requests
[2026-08-22 11:43:33.194 Model_Service_2] [PAPER-KV-V6] fetch Qwen/Qwen2.5-7B-Instruct -> None requests
[2026-08-22 11:43:33.197 Model_Service_5] [PAPER-KV-V6] fetch meta-llama/Llama-3.2-3B -> None requests
[2026-08-22 11:43:33.200 Model_Service_0] [PAPER-KV-V6] fetch Qwen/Qwen2.5-1.5B-Instruct -> None requests
[2026-08-22 11:43:33.205 Model_Service_2] [PAPER-KV-V6] fetch Qwen/Qwen2.5-7B-Instruct -> None requests
[2026-08-22 11:43:33.208 Model_Service_5] [PAPER-KV-V6] fetch meta-llama/Llama-3.2-3B -> None requests
[2026-08-22 11:43:33.211 Model_Service_0] [PAPER-KV-V6] fetch Qwen/Qwen2.5-1.5B-Instruct -> None requests
[2026-08-22 11:43:33.215 Model_Service_2] [PAPER-KV-V6] fetch Qwen/Qwen2.5-7B-Instruct -> None requests
[2026-08-22 11:43:33.218 Model_Service_5] [PAPER-KV-V6] fetch meta-llama/Llama-3.2-3B -> None requests
[2026-08-22 11:43:33.221 Model_Service_0] [PAPER-KV-V6] fetch Qwen/Qwen2.5-1.5B-Instruct -> None requests
[2026-08-22 11:43:33.226 Model_Service_2] [PAPER-KV-V6] fetch Qwen/Qwen2.5-7B-Instruct -> None requests
[2026-08-22 11:43:33.229 Model_Service_5] [PAPER-KV-V6] fetch meta-llama/Llama-3.2-3B -> None requests
[2026-08-22 11:43:33.232 Model_Service_0] [PAPER-KV-V6] fetch Qwen/Qwen2.5-1.5B-Instruct -> None requests
[2026-08-22 11:43:33.236 Model_Service_2] [PAPER-KV-V6] fetch Qwen/Qwen2.5-7B-Instruct -> None requests
[2026-08-22 11:43:33.240 Model_Service_5] [PAPER-KV-V6] fetch meta-llama/Llama-3.2-3B -> None requests
[2026-08-22 11:43:33.243 Model_Service_0] [PAPER-KV-V6] fetch Qwen/Qwen2.5-1.5B-Instruct -> None requests
[2026-08-22 11:43:33.247 Model_Service_2] [PAPER-KV-V6] fetch Qwen/Qwen2.5-7B-Instruct -> None requests
[2026-08-22 11:43:33.250 Model_Service_5] [PAPER-KV-V6] fetch meta-llama/Llama-3.2-3B -> None requests
[2026-08-22 11:43:33.253 Model_Service_0] [PAPER-KV-V6] fetch Qwen/Qwen2.5-1.5B-Instruct -> None requests
[2026-08-22 11:43:33.257 Model_Service_2] [PAPER-KV-V6] fetch Qwen/Qwen2.5-7B-Instruct -> None requests
[2026-08-22 11:43:33.261 Model_Service_5] [PAPER-KV-V6] fetch meta-llama/Llama-3.2-3B -> None requests
[2026-08-22 11:43:33.264 Model_Service_0] [PAPER-KV-V6] fetch Qwen/Qwen2.5-1.5B-Instruct -> None requests
[2026-08-22 11:43:33.268 Model_Service_2] [PAPER-KV-V6] fetch Qwen/Qwen2.5-7B-Instruct -> None requests
[2026-08-22 11:43:33.272 Model_Service_5] [PAPER-KV-V6] fetch meta-llama/Llama-3.2-3B -> None requests
[2026-08-22 11:43:33.275 Model_Service_0] [PAPER-KV-V6] fetch Qwen/Qwen2.5-1.5B-Instruct -> None requests
[2026-08-22 11:43:33.278 Model_Service_2] [PAPER-KV-V6] fetch Qwen/Qwen2.5-7B-Instruct -> None requests
[2026-08-22 11:43:33.283 Model_Service_5] [PAPER-KV-V6] fetch meta-llama/Llama-3.2-3B -> None requests
[2026-08-22 11:43:33.286 Model_Service_0] [PAPER-KV-V6] fetch Qwen/Qwen2.5-1.5B-Instruct -> None requests
[2026-08-22 11:43:33.289 Model_Service_2] [PAPER-KV-V6] fetch Qwen/Qwen2.5-7B-Instruct -> None requests
[2026-08-22 11:43:33.293 Model_Service_5] [PAPER-KV-V6] fetch meta-llama/Llama-3.2-3B -> None requests
[2026-08-22 11:43:33.297 Model_Service_0] [PAPER-KV-V6] fetch Qwen/Qwen2.5-1.5B-Instruct -> None requests
[2026-08-22 11:43:33.300 Model_Service_2] [PAPER-KV-V6] fetch Qwen/Qwen2.5-7B-Instruct -> None requests
[2026-08-22 11:43:33.304 Model_Service_5] [PAPER-KV-V6] fetch meta-llama/Llama-3.2-3B -> None requests
[2026-08-22 11:43:33.308 Model_Service_0] [PAPER-KV-V6] fetch Qwen/Qwen2.5-1.5B-Instruct -> None requests
[2026-08-22 11:43:33.310 Model_Service_2] [PAPER-KV-V6] fetch Qwen/Qwen2.5-7B-Instruct -> None requests
[2026-08-22 11:43:33.315 Model_Service_5] [PAPER-KV-V6] fetch meta-llama/Llama-3.2-3B -> None requests
[2026-08-22 11:43:33.319 Model_Service_0] [PAPER-KV-V6] fetch Qwen/Qwen2.5-1.5B-Instruct -> None requests
[2026-08-22 11:43:33.321 Model_Service_2] [PAPER-KV-V6] fetch Qwen/Qwen2.5-7B-Instruct -> None requests
[2026-08-22 11:43:33.326 Model_Service_5] [PAPER-KV-V6] fetch meta-llama/Llama-3.2-3B -> None requests
[2026-08-22 11:43:33.329 Model_Service_0] [PAPER-KV-V6] fetch Qwen/Qwen2.5-1.5B-Instruct -> None requests
[2026-08-22 11:43:33.332 Model_Service_2] [PAPER-KV-V6] fetch Qwen/Qwen2.5-7B-Instruct -> None requests
[2026-08-22 11:43:33.337 Model_Service_5] [PAPER-KV-V6] fetch meta-llama/Llama-3.2-3B -> None requests
[2026-08-22 11:43:33.340 Model_Service_0] [PAPER-KV-V6] fetch Qwen/Qwen2.5-1.5B-Instruct -> None requests
[2026-08-22 11:43:33.343 Model_Service_2] [PAPER-KV-V6] fetch Qwen/Qwen2.5-7B-Instruct -> None requests
[2026-08-22 11:43:33.347 Model_Service_5] [PAPER-KV-V6] fetch meta-llama/Llama-3.2-3B -> None requests
[2026-08-22 11:43:33.351 Model_Service_0] [PAPER-KV-V6] fetch Qwen/Qwen2.5-1.5B-Instruct -> None requests
[2026-08-22 11:43:33.354 Model_Service_2] [PAPER-KV-V6] fetch Qwen/Qwen2.5-7B-Instruct -> None requests
[2026-08-22 11:43:33.358 Model_Service_5] [PAPER-KV-V6] fetch meta-llama/Llama-3.2-3B -> None requests
[2026-08-22 11:43:33.361 Model_Service_0] [PAPER-KV-V6] fetch Qwen/Qwen2.5-1.5B-Instruct -> None requests
[2026-08-22 11:43:33.365 Model_Service_2] [PAPER-KV-V6] fetch Qwen/Qwen2.5-7B-Instruct -> None requests
[2026-08-22 11:43:33.369 Model_Service_5] [PAPER-KV-V6] fetch meta-llama/Llama-3.2-3B -> None requests
[2026-08-22 11:43:33.373 Model_Service_0] [PAPER-KV-V6] fetch Qwen/Qwen2.5-1.5B-Instruct -> None requests
[2026-08-22 11:43:33.376 Model_Service_2] [PAPER-KV-V6] fetch Qwen/Qwen2.5-7B-Instruct -> None requests
[2026-08-22 11:43:33.379 Model_Service_5] [PAPER-KV-V6] fetch meta-llama/Llama-3.2-3B -> None requests
[2026-08-22 11:43:33.384 Model_Service_0] [PAPER-KV-V6] fetch Qwen/Qwen2.5-1.5B-Instruct -> None requests
[2026-08-22 11:43:33.387 Model_Service_2] [PAPER-KV-V6] fetch Qwen/Qwen2.5-7B-Instruct -> None requests
[2026-08-22 11:43:33.390 Model_Service_5] [PAPER-KV-V6] fetch meta-llama/Llama-3.2-3B -> None requests
[2026-08-22 11:43:33.395 Model_Service_0] [PAPER-KV-V6] fetch Qwen/Qwen2.5-1.5B-Instruct -> None requests
[2026-08-22 11:43:33.397 Model_Service_2] [PAPER-KV-V6] fetch Qwen/Qwen2.5-7B-Instruct -> None requests
[2026-08-22 11:43:33.401 Model_Service_5] [PAPER-KV-V6] fetch meta-llama/Llama-3.2-3B -> None requests
[2026-08-22 11:43:33.406 Model_Service_0] [PAPER-KV-V6] fetch Qwen/Qwen2.5-1.5B-Instruct -> None requests
[2026-08-22 11:43:33.408 Model_Service_2] [PAPER-KV-V6] fetch Qwen/Qwen2.5-7B-Instruct -> None requests
[2026-08-22 11:43:33.412 Model_Service_5] [PAPER-KV-V6] fetch meta-llama/Llama-3.2-3B -> None requests
[2026-08-22 11:43:33.416 Model_Service_0] [PAPER-KV-V6] fetch Qwen/Qwen2.5-1.5B-Instruct -> None requests
[2026-08-22 11:43:33.419 Model_Service_2] [PAPER-KV-V6] fetch Qwen/Qwen2.5-7B-Instruct -> None requests
[2026-08-22 11:43:33.422 Model_Service_5] [PAPER-KV-V6] fetch meta-llama/Llama-3.2-3B -> None requests
[2026-08-22 11:43:33.427 Model_Service_0] [PAPER-KV-V6] fetch Qwen/Qwen2.5-1.5B-Instruct -> None requests
[2026-08-22 11:43:33.430 Model_Service_2] [PAPER-KV-V6] fetch Qwen/Qwen2.5-7B-Instruct -> None requests
[2026-08-22 11:43:33.433 Model_Service_5] [PAPER-KV-V6] fetch meta-llama/Llama-3.2-3B -> None requests
[2026-08-22 11:43:33.438 Model_Service_0] [PAPER-KV-V6] fetch Qwen/Qwen2.5-1.5B-Instruct -> None requests
[2026-08-22 11:43:33.441 Model_Service_2] [PAPER-KV-V6] fetch Qwen/Qwen2.5-7B-Instruct -> None requests
[2026-08-22 11:43:33.444 Model_Service_5] [PAPER-KV-V6] fetch meta-llama/Llama-3.2-3B -> None requests
[2026-08-22 11:43:33.449 Model_Service_0] [PAPER-KV-V6] fetch Qwen/Qwen2.5-1.5B-Instruct -> None requests
[2026-08-22 11:43:33.452 Model_Service_2] [PAPER-KV-V6] fetch Qwen/Qwen2.5-7B-Instruct -> None requests
[2026-08-22 11:43:33.454 Model_Service_5] [PAPER-KV-V6] fetch meta-llama/Llama-3.2-3B -> None requests
[2026-08-22 11:43:33.460 Model_Service_0] [PAPER-KV-V6] fetch Qwen/Qwen2.5-1.5B-Instruct -> None requests
[2026-08-22 11:43:33.462 Model_Service_2] [PAPER-KV-V6] fetch Qwen/Qwen2.5-7B-Instruct -> None requests
[2026-08-22 11:43:33.465 Model_Service_5] [PAPER-KV-V6] fetch meta-llama/Llama-3.2-3B -> None requests
[2026-08-22 11:43:33.470 Model_Service_0] [PAPER-KV-V6] fetch Qwen/Qwen2.5-1.5B-Instruct -> None requests
[2026-08-22 11:43:33.473 Model_Service_2] [PAPER-KV-V6] fetch Qwen/Qwen2.5-7B-Instruct -> None requests
[2026-08-22 11:43:33.475 Model_Service_5] [PAPER-KV-V6] fetch meta-llama/Llama-3.2-3B -> None requests
[2026-08-22 11:43:33.481 Model_Service_0] [PAPER-KV-V6] fetch Qwen/Qwen2.5-1.5B-Instruct -> None requests
[2026-08-22 11:43:33.484 Model_Service_2] [PAPER-KV-V6] fetch Qwen/Qwen2.5-7B-Instruct -> None requests
[2026-08-22 11:43:33.486 Model_Service_5] [PAPER-KV-V6] fetch meta-llama/Llama-3.2-3B -> None requests
[2026-08-22 11:43:33.492 Model_Service_0] [PAPER-KV-V6] fetch Qwen/Qwen2.5-1.5B-Instruct -> None requests
[2026-08-22 11:43:33.494 Model_Service_2] [PAPER-KV-V6] fetch Qwen/Qwen2.5-7B-Instruct -> None requests
[2026-08-22 11:43:33.497 Model_Service_5] [PAPER-KV-V6] fetch meta-llama/Llama-3.2-3B -> None requests
[2026-08-22 11:43:33.503 Model_Service_0] [PAPER-KV-V6] fetch Qwen/Qwen2.5-1.5B-Instruct -> None requests
[2026-08-22 11:43:33.505 Model_Service_2] [PAPER-KV-V6] fetch Qwen/Qwen2.5-7B-Instruct -> None requests
[2026-08-22 11:43:33.507 Model_Service_5] [PAPER-KV-V6] fetch meta-llama/Llama-3.2-3B -> None requests
[2026-08-22 11:43:33.514 Model_Service_0] [PAPER-KV-V6] fetch Qwen/Qwen2.5-1.5B-Instruct -> None requests
[2026-08-22 11:43:33.516 Model_Service_2] [PAPER-KV-V6] fetch Qwen/Qwen2.5-7B-Instruct -> None requests
[2026-08-22 11:43:33.518 Model_Service_5] [PAPER-KV-V6] fetch meta-llama/Llama-3.2-3B -> None requests
[2026-08-22 11:43:33.525 Model_Service_0] [PAPER-KV-V6] fetch Qwen/Qwen2.5-1.5B-Instruct -> None requests
[2026-08-22 11:43:33.527 Model_Service_2] [PAPER-KV-V6] fetch Qwen/Qwen2.5-7B-Instruct -> None requests
[2026-08-22 11:43:33.529 Model_Service_5] [PAPER-KV-V6] fetch meta-llama/Llama-3.2-3B -> None requests
[2026-08-22 11:43:33.536 Model_Service_0] [PAPER-KV-V6] fetch Qwen/Qwen2.5-1.5B-Instruct -> None requests
[2026-08-22 11:43:33.538 Model_Service_2] [PAPER-KV-V6] fetch Qwen/Qwen2.5-7B-Instruct -> None requests
[2026-08-22 11:43:33.540 Model_Service_5] [PAPER-KV-V6] fetch meta-llama/Llama-3.2-3B -> None requests
[2026-08-22 11:43:33.546 Model_Service_0] [PAPER-KV-V6] fetch Qwen/Qwen2.5-1.5B-Instruct -> None requests
[2026-08-22 11:43:33.549 Model_Service_2] [PAPER-KV-V6] fetch Qwen/Qwen2.5-7B-Instruct -> None requests
[2026-08-22 11:43:33.550 Model_Service_5] [PAPER-KV-V6] fetch meta-llama/Llama-3.2-3B -> None requests
[2026-08-22 11:43:33.557 Model_Service_0] [PAPER-KV-V6] fetch Qwen/Qwen2.5-1.5B-Instruct -> None requests
[2026-08-22 11:43:33.560 Model_Service_2] [PAPER-KV-V6] fetch Qwen/Qwen2.5-7B-Instruct -> None requests
[2026-08-22 11:43:33.561 Model_Service_5] [PAPER-KV-V6] fetch meta-llama/Llama-3.2-3B -> None requests
[2026-08-22 11:43:33.568 Model_Service_0] [PAPER-KV-V6] fetch Qwen/Qwen2.5-1.5B-Instruct -> None requests
[2026-08-22 11:43:33.570 Model_Service_2] [PAPER-KV-V6] fetch Qwen/Qwen2.5-7B-Instruct -> None requests
[2026-08-22 11:43:33.572 Model_Service_5] [PAPER-KV-V6] fetch meta-llama/Llama-3.2-3B -> None requests
[2026-08-22 11:43:33.579 Model_Service_0] [PAPER-KV-V6] fetch Qwen/Qwen2.5-1.5B-Instruct -> None requests
[2026-08-22 11:43:33.581 Model_Service_2] [PAPER-KV-V6] fetch Qwen/Qwen2.5-7B-Instruct -> None requests
[2026-08-22 11:43:33.583 Model_Service_5] [PAPER-KV-V6] fetch meta-llama/Llama-3.2-3B -> None requests
[2026-08-22 11:43:33.590 Model_Service_0] [PAPER-KV-V6] fetch Qwen/Qwen2.5-1.5B-Instruct -> None requests
[2026-08-22 11:43:33.592 Model_Service_2] [PAPER-KV-V6] fetch Qwen/Qwen2.5-7B-Instruct -> None requests
[2026-08-22 11:43:33.593 Model_Service_5] [PAPER-KV-V6] fetch meta-llama/Llama-3.2-3B -> None requests
[2026-08-22 11:43:33.601 Model_Service_0] [PAPER-KV-V6] fetch Qwen/Qwen2.5-1.5B-Instruct -> None requests
[2026-08-22 11:43:33.602 Model_Service_2] [PAPER-KV-V6] fetch Qwen/Qwen2.5-7B-Instruct -> None requests
[2026-08-22 11:43:33.604 Model_Service_5] [PAPER-KV-V6] fetch meta-llama/Llama-3.2-3B -> None requests
[2026-08-22 11:43:33.612 Model_Service_0] [PAPER-KV-V6] fetch Qwen/Qwen2.5-1.5B-Instruct -> None requests
[2026-08-22 11:43:33.613 Model_Service_2] [PAPER-KV-V6] fetch Qwen/Qwen2.5-7B-Instruct -> None requests
[2026-08-22 11:43:33.615 Model_Service_5] [PAPER-KV-V6] fetch meta-llama/Llama-3.2-3B -> None requests
[2026-08-22 11:43:33.623 Model_Service_0] [PAPER-KV-V6] fetch Qwen/Qwen2.5-1.5B-Instruct -> None requests
[2026-08-22 11:43:33.624 Model_Service_2] [PAPER-KV-V6] fetch Qwen/Qwen2.5-7B-Instruct -> None requests
[2026-08-22 11:43:33.625 Model_Service_5] [PAPER-KV-V6] fetch meta-llama/Llama-3.2-3B -> None requests
[2026-08-22 11:43:33.634 Model_Service_0] [PAPER-KV-V6] fetch Qwen/Qwen2.5-1.5B-Instruct -> None requests
[2026-08-22 11:43:33.634 Model_Service_2] [PAPER-KV-V6] fetch Qwen/Qwen2.5-7B-Instruct -> None requests
[2026-08-22 11:43:33.636 Model_Service_5] [PAPER-KV-V6] fetch meta-llama/Llama-3.2-3B -> None requests
[2026-08-22 11:43:33.644 Model_Service_0] [PAPER-KV-V6] fetch Qwen/Qwen2.5-1.5B-Instruct -> None requests
[2026-08-22 11:43:33.645 Model_Service_2] [PAPER-KV-V6] fetch Qwen/Qwen2.5-7B-Instruct -> None requests
[2026-08-22 11:43:33.647 Model_Service_5] [PAPER-KV-V6] fetch meta-llama/Llama-3.2-3B -> None requests
[2026-08-22 11:43:33.655 Model_Service_0] [PAPER-KV-V6] fetch Qwen/Qwen2.5-1.5B-Instruct -> None requests
[2026-08-22 11:43:33.655 Model_Service_2] [PAPER-KV-V6] fetch Qwen/Qwen2.5-7B-Instruct -> None requests
[2026-08-22 11:43:33.658 Model_Service_5] [PAPER-KV-V6] fetch meta-llama/Llama-3.2-3B -> None requests
[2026-08-22 11:43:33.666 Model_Service_0] [PAPER-KV-V6] fetch Qwen/Qwen2.5-1.5B-Instruct -> None requests
[2026-08-22 11:43:33.666 Model_Service_2] [PAPER-KV-V6] fetch Qwen/Qwen2.5-7B-Instruct -> None requests
[2026-08-22 11:43:33.668 Model_Service_5] [PAPER-KV-V6] fetch meta-llama/Llama-3.2-3B -> None requests
[2026-08-22 11:43:33.677 Model_Service_0] [PAPER-KV-V6] fetch Qwen/Qwen2.5-1.5B-Instruct -> None requests
[2026-08-22 11:43:33.677 Model_Service_2] [PAPER-KV-V6] fetch Qwen/Qwen2.5-7B-Instruct -> None requests
[2026-08-22 11:43:33.679 Model_Service_5] [PAPER-KV-V6] fetch meta-llama/Llama-3.2-3B -> None requests
[2026-08-22 11:43:33.688 Model_Service_2] [PAPER-KV-V6] fetch Qwen/Qwen2.5-7B-Instruct -> None requests
[2026-08-22 11:43:33.688 Model_Service_0] [PAPER-KV-V6] fetch Qwen/Qwen2.5-1.5B-Instruct -> None requests
[2026-08-22 11:43:33.690 Model_Service_5] [PAPER-KV-V6] fetch meta-llama/Llama-3.2-3B -> None requests
[2026-08-22 11:43:33.698 Model_Service_2] [PAPER-KV-V6] fetch Qwen/Qwen2.5-7B-Instruct -> None requests
[2026-08-22 11:43:33.699 Model_Service_0] [PAPER-KV-V6] fetch Qwen/Qwen2.5-1.5B-Instruct -> None requests
[2026-08-22 11:43:33.701 Model_Service_5] [PAPER-KV-V6] fetch meta-llama/Llama-3.2-3B -> None requests
[2026-08-22 11:43:33.709 Model_Service_2] [PAPER-KV-V6] fetch Qwen/Qwen2.5-7B-Instruct -> None requests
[2026-08-22 11:43:33.710 Model_Service_0] [PAPER-KV-V6] fetch Qwen/Qwen2.5-1.5B-Instruct -> None requests
[2026-08-22 11:43:33.711 Model_Service_5] [PAPER-KV-V6] fetch meta-llama/Llama-3.2-3B -> None requests
[2026-08-22 11:43:33.720 Model_Service_2] [PAPER-KV-V6] fetch Qwen/Qwen2.5-7B-Instruct -> None requests
[2026-08-22 11:43:33.720 Model_Service_0] [PAPER-KV-V6] fetch Qwen/Qwen2.5-1.5B-Instruct -> None requests
[2026-08-22 11:43:33.722 Model_Service_5] [PAPER-KV-V6] fetch meta-llama/Llama-3.2-3B -> None requests
[2026-08-22 11:43:33.730 Model_Service_2] [PAPER-KV-V6] fetch Qwen/Qwen2.5-7B-Instruct -> None requests
[2026-08-22 11:43:33.731 Model_Service_0] [PAPER-KV-V6] fetch Qwen/Qwen2.5-1.5B-Instruct -> None requests
[2026-08-22 11:43:33.733 Model_Service_5] [PAPER-KV-V6] fetch meta-llama/Llama-3.2-3B -> None requests
[2026-08-22 11:43:33.741 Model_Service_2] [PAPER-KV-V6] fetch Qwen/Qwen2.5-7B-Instruct -> None requests
[2026-08-22 11:43:33.742 Model_Service_0] [PAPER-KV-V6] fetch Qwen/Qwen2.5-1.5B-Instruct -> None requests
[2026-08-22 11:43:33.744 Model_Service_5] [PAPER-KV-V6] fetch meta-llama/Llama-3.2-3B -> None requests
[2026-08-22 11:43:33.751 Model_Service_2] [PAPER-KV-V6] fetch Qwen/Qwen2.5-7B-Instruct -> None requests
[2026-08-22 11:43:33.753 Model_Service_0] [PAPER-KV-V6] fetch Qwen/Qwen2.5-1.5B-Instruct -> None requests
[2026-08-22 11:43:33.754 Model_Service_5] [PAPER-KV-V6] fetch meta-llama/Llama-3.2-3B -> None requests
[2026-08-22 11:43:33.762 Model_Service_2] [PAPER-KV-V6] fetch Qwen/Qwen2.5-7B-Instruct -> None requests
[2026-08-22 11:43:33.763 Model_Service_0] [PAPER-KV-V6] fetch Qwen/Qwen2.5-1.5B-Instruct -> None requests
[2026-08-22 11:43:33.765 Model_Service_5] [PAPER-KV-V6] fetch meta-llama/Llama-3.2-3B -> None requests
[2026-08-22 11:43:33.773 Model_Service_2] [PAPER-KV-V6] fetch Qwen/Qwen2.5-7B-Instruct -> None requests
[2026-08-22 11:43:33.774 Model_Service_0] [PAPER-KV-V6] fetch Qwen/Qwen2.5-1.5B-Instruct -> None requests
[2026-08-22 11:43:33.776 Model_Service_5] [PAPER-KV-V6] fetch meta-llama/Llama-3.2-3B -> None requests
[2026-08-22 11:43:33.783 Model_Service_2] [PAPER-KV-V6] fetch Qwen/Qwen2.5-7B-Instruct -> None requests
[2026-08-22 11:43:33.785 Model_Service_0] [PAPER-KV-V6] fetch Qwen/Qwen2.5-1.5B-Instruct -> None requests
[2026-08-22 11:43:33.786 Model_Service_5] [PAPER-KV-V6] fetch meta-llama/Llama-3.2-3B -> None requests
[2026-08-22 11:43:33.794 Model_Service_2] [PAPER-KV-V6] fetch Qwen/Qwen2.5-7B-Instruct -> None requests
[2026-08-22 11:43:33.795 Model_Service_0] [PAPER-KV-V6] fetch Qwen/Qwen2.5-1.5B-Instruct -> None requests
[2026-08-22 11:43:33.797 Model_Service_5] [PAPER-KV-V6] fetch meta-llama/Llama-3.2-3B -> None requests
[2026-08-22 11:43:33.805 Model_Service_2] [PAPER-KV-V6] fetch Qwen/Qwen2.5-7B-Instruct -> None requests
[2026-08-22 11:43:33.806 Model_Service_0] [PAPER-KV-V6] fetch Qwen/Qwen2.5-1.5B-Instruct -> None requests
[2026-08-22 11:43:33.808 Model_Service_5] [PAPER-KV-V6] fetch meta-llama/Llama-3.2-3B -> None requests
[2026-08-22 11:43:33.816 Model_Service_2] [PAPER-KV-V6] fetch Qwen/Qwen2.5-7B-Instruct -> None requests
[2026-08-22 11:43:33.817 Model_Service_0] [PAPER-KV-V6] fetch Qwen/Qwen2.5-1.5B-Instruct -> None requests
[2026-08-22 11:43:33.818 Model_Service_5] [PAPER-KV-V6] fetch meta-llama/Llama-3.2-3B -> None requests
[2026-08-22 11:43:33.826 Model_Service_2] [PAPER-KV-V6] fetch Qwen/Qwen2.5-7B-Instruct -> None requests
[2026-08-22 11:43:33.828 Model_Service_0] [PAPER-KV-V6] fetch Qwen/Qwen2.5-1.5B-Instruct -> None requests
[2026-08-22 11:43:33.829 Model_Service_5] [PAPER-KV-V6] fetch meta-llama/Llama-3.2-3B -> None requests
[2026-08-22 11:43:33.837 Model_Service_2] [PAPER-KV-V6] fetch Qwen/Qwen2.5-7B-Instruct -> None requests
[2026-08-22 11:43:33.838 Model_Service_0] [PAPER-KV-V6] fetch Qwen/Qwen2.5-1.5B-Instruct -> None requests
[2026-08-22 11:43:33.840 Model_Service_5] [PAPER-KV-V6] fetch meta-llama/Llama-3.2-3B -> None requests
[2026-08-22 11:43:33.847 Model_Service_2] [PAPER-KV-V6] fetch Qwen/Qwen2.5-7B-Instruct -> None requests
[2026-08-22 11:43:33.849 Model_Service_0] [PAPER-KV-V6] fetch Qwen/Qwen2.5-1.5B-Instruct -> None requests
[2026-08-22 11:43:33.850 Model_Service_5] [PAPER-KV-V6] fetch meta-llama/Llama-3.2-3B -> None requests
[2026-08-22 11:43:33.857 Model_Service_2] [PAPER-KV-V6] fetch Qwen/Qwen2.5-7B-Instruct -> None requests
[2026-08-22 11:43:33.860 Model_Service_0] [PAPER-KV-V6] fetch Qwen/Qwen2.5-1.5B-Instruct -> None requests
[2026-08-22 11:43:33.861 Model_Service_5] [PAPER-KV-V6] fetch meta-llama/Llama-3.2-3B -> None requests
[2026-08-22 11:43:33.868 Model_Service_2] [PAPER-KV-V6] fetch Qwen/Qwen2.5-7B-Instruct -> None requests
[2026-08-22 11:43:33.870 Model_Service_0] [PAPER-KV-V6] fetch Qwen/Qwen2.5-1.5B-Instruct -> None requests
[2026-08-22 11:43:33.872 Model_Service_5] [PAPER-KV-V6] fetch meta-llama/Llama-3.2-3B -> None requests
[2026-08-22 11:43:33.878 Model_Service_2] [PAPER-KV-V6] fetch Qwen/Qwen2.5-7B-Instruct -> None requests
[2026-08-22 11:43:33.881 Model_Service_0] [PAPER-KV-V6] fetch Qwen/Qwen2.5-1.5B-Instruct -> None requests
[2026-08-22 11:43:33.882 Model_Service_5] [PAPER-KV-V6] fetch meta-llama/Llama-3.2-3B -> None requests
[2026-08-22 11:43:33.889 Model_Service_2] [PAPER-KV-V6] fetch Qwen/Qwen2.5-7B-Instruct -> None requests
[2026-08-22 11:43:33.891 Model_Service_0] [PAPER-KV-V6] fetch Qwen/Qwen2.5-1.5B-Instruct -> None requests
[2026-08-22 11:43:33.893 Model_Service_5] [PAPER-KV-V6] fetch meta-llama/Llama-3.2-3B -> None requests
[2026-08-22 11:43:33.899 Model_Service_2] [PAPER-KV-V6] fetch Qwen/Qwen2.5-7B-Instruct -> None requests
[2026-08-22 11:43:33.902 Model_Service_0] [PAPER-KV-V6] fetch Qwen/Qwen2.5-1.5B-Instruct -> None requests
[2026-08-22 11:43:33.904 Model_Service_5] [PAPER-KV-V6] fetch meta-llama/Llama-3.2-3B -> None requests
[2026-08-22 11:43:33.910 Model_Service_2] [PAPER-KV-V6] fetch Qwen/Qwen2.5-7B-Instruct -> None requests
[2026-08-22 11:43:33.913 Model_Service_0] [PAPER-KV-V6] fetch Qwen/Qwen2.5-1.5B-Instruct -> None requests
[2026-08-22 11:43:33.914 Model_Service_5] [PAPER-KV-V6] fetch meta-llama/Llama-3.2-3B -> None requests
[2026-08-22 11:43:33.920 Model_Service_2] [PAPER-KV-V6] fetch Qwen/Qwen2.5-7B-Instruct -> None requests
[2026-08-22 11:43:33.924 Model_Service_0] [PAPER-KV-V6] fetch Qwen/Qwen2.5-1.5B-Instruct -> None requests
[2026-08-22 11:43:33.925 Model_Service_5] [PAPER-KV-V6] fetch meta-llama/Llama-3.2-3B -> None requests
[2026-08-22 11:43:33.930 Model_Service_2] [PAPER-KV-V6] fetch Qwen/Qwen2.5-7B-Instruct -> None requests
[2026-08-22 11:43:33.934 Model_Service_0] [PAPER-KV-V6] fetch Qwen/Qwen2.5-1.5B-Instruct -> None requests
[2026-08-22 11:43:33.936 Model_Service_5] [PAPER-KV-V6] fetch meta-llama/Llama-3.2-3B -> None requests
[2026-08-22 11:43:33.941 Model_Service_2] [PAPER-KV-V6] fetch Qwen/Qwen2.5-7B-Instruct -> None requests
[2026-08-22 11:43:33.945 Model_Service_0] [PAPER-KV-V6] fetch Qwen/Qwen2.5-1.5B-Instruct -> None requests
[2026-08-22 11:43:33.946 Model_Service_5] [PAPER-KV-V6] fetch meta-llama/Llama-3.2-3B -> None requests
[2026-08-22 11:43:33.951 Model_Service_2] [PAPER-KV-V6] fetch Qwen/Qwen2.5-7B-Instruct -> None requests
[2026-08-22 11:43:33.956 Model_Service_0] [PAPER-KV-V6] fetch Qwen/Qwen2.5-1.5B-Instruct -> None requests
[2026-08-22 11:43:33.957 Model_Service_5] [PAPER-KV-V6] fetch meta-llama/Llama-3.2-3B -> None requests
[2026-08-22 11:43:33.961 Model_Service_2] [PAPER-KV-V6] fetch Qwen/Qwen2.5-7B-Instruct -> None requests
[2026-08-22 11:43:33.967 Model_Service_0] [PAPER-KV-V6] fetch Qwen/Qwen2.5-1.5B-Instruct -> None requests
[2026-08-22 11:43:33.968 Model_Service_5] [PAPER-KV-V6] fetch meta-llama/Llama-3.2-3B -> None requests
[2026-08-22 11:43:33.971 Model_Service_2] [PAPER-KV-V6] fetch Qwen/Qwen2.5-7B-Instruct -> None requests
[2026-08-22 11:43:33.977 Model_Service_0] [PAPER-KV-V6] fetch Qwen/Qwen2.5-1.5B-Instruct -> None requests
[2026-08-22 11:43:33.978 Model_Service_5] [PAPER-KV-V6] fetch meta-llama/Llama-3.2-3B -> None requests
[2026-08-22 11:43:33.982 Model_Service_2] [PAPER-KV-V6] fetch Qwen/Qwen2.5-7B-Instruct -> None requests
[2026-08-22 11:43:33.988 Model_Service_0] [PAPER-KV-V6] fetch Qwen/Qwen2.5-1.5B-Instruct -> None requests
[2026-08-22 11:43:33.989 Model_Service_5] [PAPER-KV-V6] fetch meta-llama/Llama-3.2-3B -> None requests
[2026-08-22 11:43:33.992 Model_Service_2] [PAPER-KV-V6] fetch Qwen/Qwen2.5-7B-Instruct -> None requests
[2026-08-22 11:43:33.998 Model_Service_0] [PAPER-KV-V6] fetch Qwen/Qwen2.5-1.5B-Instruct -> None requests
[2026-08-22 11:43:34.000 Model_Service_5] [PAPER-KV-V6] fetch meta-llama/Llama-3.2-3B -> None requests
[2026-08-22 11:43:34.002 Model_Service_2] [PAPER-KV-V6] fetch Qwen/Qwen2.5-7B-Instruct -> None requests
[2026-08-22 11:43:34.009 Model_Service_0] [PAPER-KV-V6] fetch Qwen/Qwen2.5-1.5B-Instruct -> None requests
[2026-08-22 11:43:34.010 Model_Service_5] [PAPER-KV-V6] fetch meta-llama/Llama-3.2-3B -> None requests
[2026-08-22 11:43:34.013 Model_Service_2] [PAPER-KV-V6] fetch Qwen/Qwen2.5-7B-Instruct -> None requests
[2026-08-22 11:43:34.020 Model_Service_0] [PAPER-KV-V6] fetch Qwen/Qwen2.5-1.5B-Instruct -> None requests
[2026-08-22 11:43:34.021 Model_Service_5] [PAPER-KV-V6] fetch meta-llama/Llama-3.2-3B -> None requests
[2026-08-22 11:43:34.023 Model_Service_2] [PAPER-KV-V6] fetch Qwen/Qwen2.5-7B-Instruct -> None requests
[2026-08-22 11:43:34.031 Model_Service_0] [PAPER-KV-V6] fetch Qwen/Qwen2.5-1.5B-Instruct -> None requests
[2026-08-22 11:43:34.032 Model_Service_5] [PAPER-KV-V6] fetch meta-llama/Llama-3.2-3B -> None requests
[2026-08-22 11:43:34.033 Model_Service_2] [PAPER-KV-V6] fetch Qwen/Qwen2.5-7B-Instruct -> None requests
[2026-08-22 11:43:34.042 Model_Service_0] [PAPER-KV-V6] fetch Qwen/Qwen2.5-1.5B-Instruct -> None requests
[2026-08-22 11:43:34.042 Model_Service_5] [PAPER-KV-V6] fetch meta-llama/Llama-3.2-3B -> None requests
[2026-08-22 11:43:34.044 Model_Service_2] [PAPER-KV-V6] fetch Qwen/Qwen2.5-7B-Instruct -> None requests
[2026-08-22 11:43:34.052 Model_Service_0] [PAPER-KV-V6] fetch Qwen/Qwen2.5-1.5B-Instruct -> None requests
[2026-08-22 11:43:34.053 Model_Service_5] [PAPER-KV-V6] fetch meta-llama/Llama-3.2-3B -> None requests
[2026-08-22 11:43:34.054 Model_Service_2] [PAPER-KV-V6] fetch Qwen/Qwen2.5-7B-Instruct -> None requests
[2026-08-22 11:43:34.063 Model_Service_0] [PAPER-KV-V6] fetch Qwen/Qwen2.5-1.5B-Instruct -> None requests
[2026-08-22 11:43:34.064 Model_Service_5] [PAPER-KV-V6] fetch meta-llama/Llama-3.2-3B -> None requests
[2026-08-22 11:43:34.064 Model_Service_2] [PAPER-KV-V6] fetch Qwen/Qwen2.5-7B-Instruct -> None requests
[2026-08-22 11:43:34.074 Model_Service_0] [PAPER-KV-V6] fetch Qwen/Qwen2.5-1.5B-Instruct -> None requests
[2026-08-22 11:43:34.074 Model_Service_5] [PAPER-KV-V6] fetch meta-llama/Llama-3.2-3B -> None requests
[2026-08-22 11:43:34.075 Model_Service_2] [PAPER-KV-V6] fetch Qwen/Qwen2.5-7B-Instruct -> None requests
[2026-08-22 11:43:34.085 Model_Service_0] [PAPER-KV-V6] fetch Qwen/Qwen2.5-1.5B-Instruct -> None requests
[2026-08-22 11:43:34.085 Model_Service_2] [PAPER-KV-V6] fetch Qwen/Qwen2.5-7B-Instruct -> None requests
[2026-08-22 11:43:34.085 Model_Service_5] [PAPER-KV-V6] fetch meta-llama/Llama-3.2-3B -> None requests
[2026-08-22 11:43:34.095 Model_Service_2] [PAPER-KV-V6] fetch Qwen/Qwen2.5-7B-Instruct -> None requests
[2026-08-22 11:43:34.095 Model_Service_0] [PAPER-KV-V6] fetch Qwen/Qwen2.5-1.5B-Instruct -> None requests
[2026-08-22 11:43:34.096 Model_Service_5] [PAPER-KV-V6] fetch meta-llama/Llama-3.2-3B -> None requests
[2026-08-22 11:43:34.105 Model_Service_2] [PAPER-KV-V6] fetch Qwen/Qwen2.5-7B-Instruct -> None requests
[2026-08-22 11:43:34.106 Model_Service_0] [PAPER-KV-V6] fetch Qwen/Qwen2.5-1.5B-Instruct -> None requests
[2026-08-22 11:43:34.107 Model_Service_5] [PAPER-KV-V6] fetch meta-llama/Llama-3.2-3B -> None requests
[2026-08-22 11:43:34.116 Model_Service_2] [PAPER-KV-V6] fetch Qwen/Qwen2.5-7B-Instruct -> None requests
[2026-08-22 11:43:34.116 Model_Service_0] [PAPER-KV-V6] fetch Qwen/Qwen2.5-1.5B-Instruct -> None requests
[2026-08-22 11:43:34.117 Model_Service_5] [PAPER-KV-V6] fetch meta-llama/Llama-3.2-3B -> None requests
[2026-08-22 11:43:34.126 Model_Service_2] [PAPER-KV-V6] fetch Qwen/Qwen2.5-7B-Instruct -> None requests
[2026-08-22 11:43:34.127 Model_Service_0] [PAPER-KV-V6] fetch Qwen/Qwen2.5-1.5B-Instruct -> None requests
[2026-08-22 11:43:34.128 Model_Service_5] [PAPER-KV-V6] fetch meta-llama/Llama-3.2-3B -> None requests
[2026-08-22 11:43:34.137 Model_Service_2] [PAPER-KV-V6] fetch Qwen/Qwen2.5-7B-Instruct -> None requests
[2026-08-22 11:43:34.138 Model_Service_0] [PAPER-KV-V6] fetch Qwen/Qwen2.5-1.5B-Instruct -> None requests
[2026-08-22 11:43:34.139 Model_Service_5] [PAPER-KV-V6] fetch meta-llama/Llama-3.2-3B -> None requests
[2026-08-22 11:43:34.147 Model_Service_2] [PAPER-KV-V6] fetch Qwen/Qwen2.5-7B-Instruct -> None requests
[2026-08-22 11:43:34.148 Model_Service_0] [PAPER-KV-V6] fetch Qwen/Qwen2.5-1.5B-Instruct -> None requests
[2026-08-22 11:43:34.149 Model_Service_5] [PAPER-KV-V6] fetch meta-llama/Llama-3.2-3B -> None requests
[2026-08-22 11:43:34.158 Model_Service_2] [PAPER-KV-V6] fetch Qwen/Qwen2.5-7B-Instruct -> None requests
[2026-08-22 11:43:34.159 Model_Service_0] [PAPER-KV-V6] fetch Qwen/Qwen2.5-1.5B-Instruct -> None requests
[2026-08-22 11:43:34.160 Model_Service_5] [PAPER-KV-V6] fetch meta-llama/Llama-3.2-3B -> None requests
[2026-08-22 11:43:34.168 Model_Service_2] [PAPER-KV-V6] fetch Qwen/Qwen2.5-7B-Instruct -> None requests
[2026-08-22 11:43:34.170 Model_Service_0] [PAPER-KV-V6] fetch Qwen/Qwen2.5-1.5B-Instruct -> None requests
[2026-08-22 11:43:34.171 Model_Service_5] [PAPER-KV-V6] fetch meta-llama/Llama-3.2-3B -> None requests
[2026-08-22 11:43:34.179 Model_Service_2] [PAPER-KV-V6] fetch Qwen/Qwen2.5-7B-Instruct -> None requests
[2026-08-22 11:43:34.180 Model_Service_0] [PAPER-KV-V6] fetch Qwen/Qwen2.5-1.5B-Instruct -> None requests
[2026-08-22 11:43:34.182 Model_Service_5] [PAPER-KV-V6] fetch meta-llama/Llama-3.2-3B -> None requests
[2026-08-22 11:43:34.189 Model_Service_2] [PAPER-KV-V6] fetch Qwen/Qwen2.5-7B-Instruct -> None requests
[2026-08-22 11:43:34.191 Model_Service_0] [PAPER-KV-V6] fetch Qwen/Qwen2.5-1.5B-Instruct -> None requests
[2026-08-22 11:43:34.192 Model_Service_5] [PAPER-KV-V6] fetch meta-llama/Llama-3.2-3B -> None requests
[2026-08-22 11:43:34.200 Model_Service_2] [PAPER-KV-V6] fetch Qwen/Qwen2.5-7B-Instruct -> None requests
[2026-08-22 11:43:34.202 Model_Service_0] [PAPER-KV-V6] fetch Qwen/Qwen2.5-1.5B-Instruct -> None requests
[2026-08-22 11:43:34.203 Model_Service_5] [PAPER-KV-V6] fetch meta-llama/Llama-3.2-3B -> None requests
[2026-08-22 11:43:34.210 Model_Service_2] [PAPER-KV-V6] fetch Qwen/Qwen2.5-7B-Instruct -> None requests
[2026-08-22 11:43:34.212 Model_Service_0] [PAPER-KV-V6] fetch Qwen/Qwen2.5-1.5B-Instruct -> None requests
[2026-08-22 11:43:34.214 Model_Service_5] [PAPER-KV-V6] fetch meta-llama/Llama-3.2-3B -> None requests
[2026-08-22 11:43:34.220 Model_Service_2] [PAPER-KV-V6] fetch Qwen/Qwen2.5-7B-Instruct -> None requests
[2026-08-22 11:43:34.223 Model_Service_0] [PAPER-KV-V6] fetch Qwen/Qwen2.5-1.5B-Instruct -> None requests
[2026-08-22 11:43:34.224 Model_Service_5] [PAPER-KV-V6] fetch meta-llama/Llama-3.2-3B -> None requests
[2026-08-22 11:43:34.230 Model_Service_2] [PAPER-KV-V6] fetch Qwen/Qwen2.5-7B-Instruct -> None requests
[2026-08-22 11:43:34.234 Model_Service_0] [PAPER-KV-V6] fetch Qwen/Qwen2.5-1.5B-Instruct -> None requests
[2026-08-22 11:43:34.235 Model_Service_5] [PAPER-KV-V6] fetch meta-llama/Llama-3.2-3B -> None requests
[2026-08-22 11:43:34.241 Model_Service_2] [PAPER-KV-V6] fetch Qwen/Qwen2.5-7B-Instruct -> None requests
[2026-08-22 11:43:34.244 Model_Service_0] [PAPER-KV-V6] fetch Qwen/Qwen2.5-1.5B-Instruct -> None requests
[2026-08-22 11:43:34.246 Model_Service_5] [PAPER-KV-V6] fetch meta-llama/Llama-3.2-3B -> None requests
[2026-08-22 11:43:34.251 Model_Service_2] [PAPER-KV-V6] fetch Qwen/Qwen2.5-7B-Instruct -> None requests
[2026-08-22 11:43:34.255 Model_Service_0] [PAPER-KV-V6] fetch Qwen/Qwen2.5-1.5B-Instruct -> None requests
[2026-08-22 11:43:34.257 Model_Service_5] [PAPER-KV-V6] fetch meta-llama/Llama-3.2-3B -> None requests
[2026-08-22 11:43:34.261 Model_Service_2] [PAPER-KV-V6] fetch Qwen/Qwen2.5-7B-Instruct -> None requests
[2026-08-22 11:43:34.266 Model_Service_0] [PAPER-KV-V6] fetch Qwen/Qwen2.5-1.5B-Instruct -> None requests
[2026-08-22 11:43:34.267 Model_Service_5] [PAPER-KV-V6] fetch meta-llama/Llama-3.2-3B -> None requests
[2026-08-22 11:43:34.272 Model_Service_2] [PAPER-KV-V6] fetch Qwen/Qwen2.5-7B-Instruct -> None requests
[2026-08-22 11:43:34.276 Model_Service_0] [PAPER-KV-V6] fetch Qwen/Qwen2.5-1.5B-Instruct -> None requests
[2026-08-22 11:43:34.278 Model_Service_5] [PAPER-KV-V6] fetch meta-llama/Llama-3.2-3B -> None requests
[2026-08-22 11:43:34.282 Model_Service_2] [PAPER-KV-V6] fetch Qwen/Qwen2.5-7B-Instruct -> None requests
[2026-08-22 11:43:34.287 Model_Service_0] [PAPER-KV-V6] fetch Qwen/Qwen2.5-1.5B-Instruct -> None requests
[2026-08-22 11:43:34.289 Model_Service_5] [PAPER-KV-V6] fetch meta-llama/Llama-3.2-3B -> None requests
[2026-08-22 11:43:34.292 Model_Service_2] [PAPER-KV-V6] fetch Qwen/Qwen2.5-7B-Instruct -> None requests
[2026-08-22 11:43:34.298 Model_Service_0] [PAPER-KV-V6] fetch Qwen/Qwen2.5-1.5B-Instruct -> None requests
[2026-08-22 11:43:34.299 Model_Service_5] [PAPER-KV-V6] fetch meta-llama/Llama-3.2-3B -> None requests
[2026-08-22 11:43:34.303 Model_Service_2] [PAPER-KV-V6] fetch Qwen/Qwen2.5-7B-Instruct -> None requests
[2026-08-22 11:43:34.309 Model_Service_0] [PAPER-KV-V6] fetch Qwen/Qwen2.5-1.5B-Instruct -> None requests
[2026-08-22 11:43:34.310 Model_Service_5] [PAPER-KV-V6] fetch meta-llama/Llama-3.2-3B -> None requests
[2026-08-22 11:43:34.313 Model_Service_2] [PAPER-KV-V6] fetch Qwen/Qwen2.5-7B-Instruct -> None requests
[2026-08-22 11:43:34.319 Model_Service_0] [PAPER-KV-V6] fetch Qwen/Qwen2.5-1.5B-Instruct -> None requests
[2026-08-22 11:43:34.321 Model_Service_5] [PAPER-KV-V6] fetch meta-llama/Llama-3.2-3B -> None requests
[2026-08-22 11:43:34.324 Model_Service_2] [PAPER-KV-V6] fetch Qwen/Qwen2.5-7B-Instruct -> None requests
[2026-08-22 11:43:34.330 Model_Service_0] [PAPER-KV-V6] fetch Qwen/Qwen2.5-1.5B-Instruct -> None requests
[2026-08-22 11:43:34.332 Model_Service_5] [PAPER-KV-V6] fetch meta-llama/Llama-3.2-3B -> None requests
[2026-08-22 11:43:34.334 Model_Service_2] [PAPER-KV-V6] fetch Qwen/Qwen2.5-7B-Instruct -> None requests
[2026-08-22 11:43:34.341 Model_Service_0] [PAPER-KV-V6] fetch Qwen/Qwen2.5-1.5B-Instruct -> None requests
[2026-08-22 11:43:34.342 Model_Service_5] [PAPER-KV-V6] fetch meta-llama/Llama-3.2-3B -> None requests
[2026-08-22 11:43:34.344 Model_Service_2] [PAPER-KV-V6] fetch Qwen/Qwen2.5-7B-Instruct -> None requests
[2026-08-22 11:43:34.351 Model_Service_0] [PAPER-KV-V6] fetch Qwen/Qwen2.5-1.5B-Instruct -> None requests
[2026-08-22 11:43:34.353 Model_Service_5] [PAPER-KV-V6] fetch meta-llama/Llama-3.2-3B -> None requests
[2026-08-22 11:43:34.355 Model_Service_2] [PAPER-KV-V6] fetch Qwen/Qwen2.5-7B-Instruct -> None requests
[2026-08-22 11:43:34.362 Model_Service_0] [PAPER-KV-V6] fetch Qwen/Qwen2.5-1.5B-Instruct -> None requests
[2026-08-22 11:43:34.364 Model_Service_5] [PAPER-KV-V6] fetch meta-llama/Llama-3.2-3B -> None requests
[2026-08-22 11:43:34.366 Model_Service_2] [PAPER-KV-V6] fetch Qwen/Qwen2.5-7B-Instruct -> None requests
[2026-08-22 11:43:34.373 Model_Service_0] [PAPER-KV-V6] fetch Qwen/Qwen2.5-1.5B-Instruct -> None requests
[2026-08-22 11:43:34.374 Model_Service_5] [PAPER-KV-V6] fetch meta-llama/Llama-3.2-3B -> None requests
[2026-08-22 11:43:34.376 Model_Service_2] [PAPER-KV-V6] fetch Qwen/Qwen2.5-7B-Instruct -> None requests
[2026-08-22 11:43:34.383 Model_Service_0] [PAPER-KV-V6] fetch Qwen/Qwen2.5-1.5B-Instruct -> None requests
[2026-08-22 11:43:34.385 Model_Service_5] [PAPER-KV-V6] fetch meta-llama/Llama-3.2-3B -> None requests
[2026-08-22 11:43:34.387 Model_Service_2] [PAPER-KV-V6] fetch Qwen/Qwen2.5-7B-Instruct -> None requests
[2026-08-22 11:43:34.394 Model_Service_0] [PAPER-KV-V6] fetch Qwen/Qwen2.5-1.5B-Instruct -> None requests
[2026-08-22 11:43:34.396 Model_Service_5] [PAPER-KV-V6] fetch meta-llama/Llama-3.2-3B -> None requests
[2026-08-22 11:43:34.397 Model_Service_2] [PAPER-KV-V6] fetch Qwen/Qwen2.5-7B-Instruct -> None requests
[2026-08-22 11:43:34.405 Model_Service_0] [PAPER-KV-V6] fetch Qwen/Qwen2.5-1.5B-Instruct -> None requests
[2026-08-22 11:43:34.407 Model_Service_5] [PAPER-KV-V6] fetch meta-llama/Llama-3.2-3B -> None requests
[2026-08-22 11:43:34.407 Model_Service_2] [PAPER-KV-V6] fetch Qwen/Qwen2.5-7B-Instruct -> None requests
[2026-08-22 11:43:34.415 Model_Service_0] [PAPER-KV-V6] fetch Qwen/Qwen2.5-1.5B-Instruct -> None requests
[2026-08-22 11:43:34.417 Model_Service_5] [PAPER-KV-V6] fetch meta-llama/Llama-3.2-3B -> None requests
[2026-08-22 11:43:34.418 Model_Service_2] [PAPER-KV-V6] fetch Qwen/Qwen2.5-7B-Instruct -> None requests
[2026-08-22 11:43:34.426 Model_Service_0] [PAPER-KV-V6] fetch Qwen/Qwen2.5-1.5B-Instruct -> None requests
[2026-08-22 11:43:34.428 Model_Service_5] [PAPER-KV-V6] fetch meta-llama/Llama-3.2-3B -> None requests
[2026-08-22 11:43:34.428 Model_Service_2] [PAPER-KV-V6] fetch Qwen/Qwen2.5-7B-Instruct -> None requests
[2026-08-22 11:43:34.437 Model_Service_0] [PAPER-KV-V6] fetch Qwen/Qwen2.5-1.5B-Instruct -> None requests
[2026-08-22 11:43:34.439 Model_Service_5] [PAPER-KV-V6] fetch meta-llama/Llama-3.2-3B -> None requests
[2026-08-22 11:43:34.439 Model_Service_2] [PAPER-KV-V6] fetch Qwen/Qwen2.5-7B-Instruct -> None requests
[2026-08-22 11:43:34.447 Model_Service_0] [PAPER-KV-V6] fetch Qwen/Qwen2.5-1.5B-Instruct -> None requests
[2026-08-22 11:43:34.449 Model_Service_5] [PAPER-KV-V6] fetch meta-llama/Llama-3.2-3B -> None requests
[2026-08-22 11:43:34.449 Model_Service_2] [PAPER-KV-V6] fetch Qwen/Qwen2.5-7B-Instruct -> None requests
[2026-08-22 11:43:34.458 Model_Service_0] [PAPER-KV-V6] fetch Qwen/Qwen2.5-1.5B-Instruct -> None requests
[2026-08-22 11:43:34.460 Model_Service_5] [PAPER-KV-V6] fetch meta-llama/Llama-3.2-3B -> None requests
[2026-08-22 11:43:34.460 Model_Service_2] [PAPER-KV-V6] fetch Qwen/Qwen2.5-7B-Instruct -> None requests
[2026-08-22 11:43:34.469 Model_Service_0] [PAPER-KV-V6] fetch Qwen/Qwen2.5-1.5B-Instruct -> None requests
[2026-08-22 11:43:34.470 Model_Service_5] [PAPER-KV-V6] fetch meta-llama/Llama-3.2-3B -> None requests
[2026-08-22 11:43:34.471 Model_Service_2] [PAPER-KV-V6] fetch Qwen/Qwen2.5-7B-Instruct -> None requests
[2026-08-22 11:43:34.480 Model_Service_0] [PAPER-KV-V6] fetch Qwen/Qwen2.5-1.5B-Instruct -> None requests
[2026-08-22 11:43:34.481 Model_Service_2] [PAPER-KV-V6] fetch Qwen/Qwen2.5-7B-Instruct -> None requests
[2026-08-22 11:43:34.481 Model_Service_5] [PAPER-KV-V6] fetch meta-llama/Llama-3.2-3B -> None requests
[2026-08-22 11:43:34.491 Model_Service_0] [PAPER-KV-V6] fetch Qwen/Qwen2.5-1.5B-Instruct -> None requests
[2026-08-22 11:43:34.492 Model_Service_2] [PAPER-KV-V6] fetch Qwen/Qwen2.5-7B-Instruct -> None requests
[2026-08-22 11:43:34.492 Model_Service_5] [PAPER-KV-V6] fetch meta-llama/Llama-3.2-3B -> None requests
[2026-08-22 11:43:34.502 Model_Service_0] [PAPER-KV-V6] fetch Qwen/Qwen2.5-1.5B-Instruct -> None requests
[2026-08-22 11:43:34.502 Model_Service_2] [PAPER-KV-V6] fetch Qwen/Qwen2.5-7B-Instruct -> None requests
[2026-08-22 11:43:34.503 Model_Service_5] [PAPER-KV-V6] fetch meta-llama/Llama-3.2-3B -> None requests
[2026-08-22 11:43:34.513 Model_Service_0] [PAPER-KV-V6] fetch Qwen/Qwen2.5-1.5B-Instruct -> None requests
[2026-08-22 11:43:34.513 Model_Service_2] [PAPER-KV-V6] fetch Qwen/Qwen2.5-7B-Instruct -> None requests
[2026-08-22 11:43:34.513 Model_Service_5] [PAPER-KV-V6] fetch meta-llama/Llama-3.2-3B -> None requests
[2026-08-22 11:43:34.523 Model_Service_0] [PAPER-KV-V6] fetch Qwen/Qwen2.5-1.5B-Instruct -> None requests
[2026-08-22 11:43:34.524 Model_Service_2] [PAPER-KV-V6] fetch Qwen/Qwen2.5-7B-Instruct -> None requests
[2026-08-22 11:43:34.524 Model_Service_5] [PAPER-KV-V6] fetch meta-llama/Llama-3.2-3B -> None requests
[2026-08-22 11:43:34.534 Model_Service_0] [PAPER-KV-V6] fetch Qwen/Qwen2.5-1.5B-Instruct -> None requests
[2026-08-22 11:43:34.534 Model_Service_2] [PAPER-KV-V6] fetch Qwen/Qwen2.5-7B-Instruct -> None requests
[2026-08-22 11:43:34.535 Model_Service_5] [PAPER-KV-V6] fetch meta-llama/Llama-3.2-3B -> None requests
[2026-08-22 11:43:34.545 Model_Service_0] [PAPER-KV-V6] fetch Qwen/Qwen2.5-1.5B-Instruct -> None requests
[2026-08-22 11:43:34.545 Model_Service_2] [PAPER-KV-V6] fetch Qwen/Qwen2.5-7B-Instruct -> None requests
[2026-08-22 11:43:34.546 Model_Service_5] [PAPER-KV-V6] fetch meta-llama/Llama-3.2-3B -> None requests
[2026-08-22 11:43:34.556 Model_Service_0] [PAPER-KV-V6] fetch Qwen/Qwen2.5-1.5B-Instruct -> None requests
[2026-08-22 11:43:34.556 Model_Service_2] [PAPER-KV-V6] fetch Qwen/Qwen2.5-7B-Instruct -> None requests
[2026-08-22 11:43:34.556 Model_Service_5] [PAPER-KV-V6] fetch meta-llama/Llama-3.2-3B -> None requests
[2026-08-22 11:43:34.567 Model_Service_2] [PAPER-KV-V6] fetch Qwen/Qwen2.5-7B-Instruct -> None requests
[2026-08-22 11:43:34.567 Model_Service_0] [PAPER-KV-V6] fetch Qwen/Qwen2.5-1.5B-Instruct -> None requests
[2026-08-22 11:43:34.567 Model_Service_5] [PAPER-KV-V6] fetch meta-llama/Llama-3.2-3B -> None requests
[2026-08-22 11:43:34.578 Model_Service_5] [PAPER-KV-V6] fetch meta-llama/Llama-3.2-3B -> None requests
[2026-08-22 11:43:34.578 Model_Service_0] [PAPER-KV-V6] fetch Qwen/Qwen2.5-1.5B-Instruct -> None requests
[2026-08-22 11:43:34.578 Model_Service_2] [PAPER-KV-V6] fetch Qwen/Qwen2.5-7B-Instruct -> None requests
[2026-08-22 11:43:34.589 Model_Service_5] [PAPER-KV-V6] fetch meta-llama/Llama-3.2-3B -> None requests
[2026-08-22 11:43:34.589 Model_Service_2] [PAPER-KV-V6] fetch Qwen/Qwen2.5-7B-Instruct -> None requests
[2026-08-22 11:43:34.589 Model_Service_0] [PAPER-KV-V6] fetch Qwen/Qwen2.5-1.5B-Instruct -> None requests
[2026-08-22 11:43:34.599 Model_Service_5] [PAPER-KV-V6] fetch meta-llama/Llama-3.2-3B -> None requests
[2026-08-22 11:43:34.601 Model_Service_2] [PAPER-KV-V6] fetch Qwen/Qwen2.5-7B-Instruct -> None requests
[2026-08-22 11:43:34.601 Model_Service_0] [PAPER-KV-V6] fetch Qwen/Qwen2.5-1.5B-Instruct -> None requests
[2026-08-22 11:43:34.610 Model_Service_5] [PAPER-KV-V6] fetch meta-llama/Llama-3.2-3B -> None requests
[2026-08-22 11:43:34.611 Model_Service_2] [PAPER-KV-V6] fetch Qwen/Qwen2.5-7B-Instruct -> None requests
[2026-08-22 11:43:34.611 Model_Service_0] [PAPER-KV-V6] fetch Qwen/Qwen2.5-1.5B-Instruct -> None requests
[2026-08-22 11:43:34.621 Model_Service_5] [PAPER-KV-V6] fetch meta-llama/Llama-3.2-3B -> None requests
[2026-08-22 11:43:34.622 Model_Service_2] [PAPER-KV-V6] fetch Qwen/Qwen2.5-7B-Instruct -> None requests
[2026-08-22 11:43:34.622 Model_Service_0] [PAPER-KV-V6] fetch Qwen/Qwen2.5-1.5B-Instruct -> None requests
[2026-08-22 11:43:34.632 Model_Service_5] [PAPER-KV-V6] fetch meta-llama/Llama-3.2-3B -> None requests
[2026-08-22 11:43:34.633 Model_Service_2] [PAPER-KV-V6] fetch Qwen/Qwen2.5-7B-Instruct -> None requests
[2026-08-22 11:43:34.633 Model_Service_0] [PAPER-KV-V6] fetch Qwen/Qwen2.5-1.5B-Instruct -> None requests
[2026-08-22 11:43:34.642 Model_Service_5] [PAPER-KV-V6] fetch meta-llama/Llama-3.2-3B -> None requests
[2026-08-22 11:43:34.643 Model_Service_2] [PAPER-KV-V6] fetch Qwen/Qwen2.5-7B-Instruct -> None requests
[2026-08-22 11:43:34.644 Model_Service_0] [PAPER-KV-V6] fetch Qwen/Qwen2.5-1.5B-Instruct -> None requests
[2026-08-22 11:43:34.653 Model_Service_5] [PAPER-KV-V6] fetch meta-llama/Llama-3.2-3B -> None requests
[2026-08-22 11:43:34.654 Model_Service_2] [PAPER-KV-V6] fetch Qwen/Qwen2.5-7B-Instruct -> None requests
[2026-08-22 11:43:34.655 Model_Service_0] [PAPER-KV-V6] fetch Qwen/Qwen2.5-1.5B-Instruct -> None requests
[2026-08-22 11:43:34.664 Model_Service_5] [PAPER-KV-V6] fetch meta-llama/Llama-3.2-3B -> None requests
[2026-08-22 11:43:34.665 Model_Service_2] [PAPER-KV-V6] fetch Qwen/Qwen2.5-7B-Instruct -> None requests
[2026-08-22 11:43:34.666 Model_Service_0] [PAPER-KV-V6] fetch Qwen/Qwen2.5-1.5B-Instruct -> None requests
[2026-08-22 11:43:34.674 Model_Service_5] [PAPER-KV-V6] fetch meta-llama/Llama-3.2-3B -> None requests
[2026-08-22 11:43:34.676 Model_Service_2] [PAPER-KV-V6] fetch Qwen/Qwen2.5-7B-Instruct -> None requests
[2026-08-22 11:43:34.676 Model_Service_0] [PAPER-KV-V6] fetch Qwen/Qwen2.5-1.5B-Instruct -> None requests
[2026-08-22 11:43:34.685 Model_Service_5] [PAPER-KV-V6] fetch meta-llama/Llama-3.2-3B -> None requests
[2026-08-22 11:43:34.686 Model_Service_2] [PAPER-KV-V6] fetch Qwen/Qwen2.5-7B-Instruct -> None requests
[2026-08-22 11:43:34.687 Model_Service_0] [PAPER-KV-V6] fetch Qwen/Qwen2.5-1.5B-Instruct -> None requests
[2026-08-22 11:43:34.696 Model_Service_5] [PAPER-KV-V6] fetch meta-llama/Llama-3.2-3B -> None requests
[2026-08-22 11:43:34.697 Model_Service_2] [PAPER-KV-V6] fetch Qwen/Qwen2.5-7B-Instruct -> None requests
[2026-08-22 11:43:34.698 Model_Service_0] [PAPER-KV-V6] fetch Qwen/Qwen2.5-1.5B-Instruct -> None requests
[2026-08-22 11:43:34.706 Model_Service_5] [PAPER-KV-V6] fetch meta-llama/Llama-3.2-3B -> None requests
[2026-08-22 11:43:34.708 Model_Service_2] [PAPER-KV-V6] fetch Qwen/Qwen2.5-7B-Instruct -> None requests
[2026-08-22 11:43:34.709 Model_Service_0] [PAPER-KV-V6] fetch Qwen/Qwen2.5-1.5B-Instruct -> None requests
[2026-08-22 11:43:34.717 Model_Service_5] [PAPER-KV-V6] fetch meta-llama/Llama-3.2-3B -> None requests
[2026-08-22 11:43:34.718 Model_Service_2] [PAPER-KV-V6] fetch Qwen/Qwen2.5-7B-Instruct -> None requests
[2026-08-22 11:43:34.719 Model_Service_0] [PAPER-KV-V6] fetch Qwen/Qwen2.5-1.5B-Instruct -> None requests
[2026-08-22 11:43:34.728 Model_Service_5] [PAPER-KV-V6] fetch meta-llama/Llama-3.2-3B -> None requests
[2026-08-22 11:43:34.729 Model_Service_2] [PAPER-KV-V6] fetch Qwen/Qwen2.5-7B-Instruct -> None requests
[2026-08-22 11:43:34.730 Model_Service_0] [PAPER-KV-V6] fetch Qwen/Qwen2.5-1.5B-Instruct -> None requests
[2026-08-22 11:43:34.738 Model_Service_5] [PAPER-KV-V6] fetch meta-llama/Llama-3.2-3B -> None requests
[2026-08-22 11:43:34.740 Model_Service_2] [PAPER-KV-V6] fetch Qwen/Qwen2.5-7B-Instruct -> None requests
[2026-08-22 11:43:34.741 Model_Service_0] [PAPER-KV-V6] fetch Qwen/Qwen2.5-1.5B-Instruct -> None requests
[2026-08-22 11:43:34.749 Model_Service_5] [PAPER-KV-V6] fetch meta-llama/Llama-3.2-3B -> None requests
[2026-08-22 11:43:34.750 Model_Service_2] [PAPER-KV-V6] fetch Qwen/Qwen2.5-7B-Instruct -> None requests
[2026-08-22 11:43:34.752 Model_Service_0] [PAPER-KV-V6] fetch Qwen/Qwen2.5-1.5B-Instruct -> None requests
[2026-08-22 11:43:34.760 Model_Service_5] [PAPER-KV-V6] fetch meta-llama/Llama-3.2-3B -> None requests
[2026-08-22 11:43:34.761 Model_Service_2] [PAPER-KV-V6] fetch Qwen/Qwen2.5-7B-Instruct -> None requests
[2026-08-22 11:43:34.762 Model_Service_0] [PAPER-KV-V6] fetch Qwen/Qwen2.5-1.5B-Instruct -> None requests
[2026-08-22 11:43:34.770 Model_Service_5] [PAPER-KV-V6] fetch meta-llama/Llama-3.2-3B -> None requests
[2026-08-22 11:43:34.772 Model_Service_2] [PAPER-KV-V6] fetch Qwen/Qwen2.5-7B-Instruct -> None requests
[2026-08-22 11:43:34.773 Model_Service_0] [PAPER-KV-V6] fetch Qwen/Qwen2.5-1.5B-Instruct -> None requests
[2026-08-22 11:43:34.781 Model_Service_5] [PAPER-KV-V6] fetch meta-llama/Llama-3.2-3B -> None requests
[2026-08-22 11:43:34.782 Model_Service_2] [PAPER-KV-V6] fetch Qwen/Qwen2.5-7B-Instruct -> None requests
[2026-08-22 11:43:34.784 Model_Service_0] [PAPER-KV-V6] fetch Qwen/Qwen2.5-1.5B-Instruct -> None requests
[2026-08-22 11:43:34.791 Model_Service_5] [PAPER-KV-V6] fetch meta-llama/Llama-3.2-3B -> None requests
[2026-08-22 11:43:34.793 Model_Service_2] [PAPER-KV-V6] fetch Qwen/Qwen2.5-7B-Instruct -> None requests
[2026-08-22 11:43:34.795 Model_Service_0] [PAPER-KV-V6] fetch Qwen/Qwen2.5-1.5B-Instruct -> None requests
[2026-08-22 11:43:34.802 Model_Service_5] [PAPER-KV-V6] fetch meta-llama/Llama-3.2-3B -> None requests
[2026-08-22 11:43:34.804 Model_Service_2] [PAPER-KV-V6] fetch Qwen/Qwen2.5-7B-Instruct -> None requests
[2026-08-22 11:43:34.805 Model_Service_0] [PAPER-KV-V6] fetch Qwen/Qwen2.5-1.5B-Instruct -> None requests
[2026-08-22 11:43:34.812 Model_Service_5] [PAPER-KV-V6] fetch meta-llama/Llama-3.2-3B -> None requests
[2026-08-22 11:43:34.815 Model_Service_2] [PAPER-KV-V6] fetch Qwen/Qwen2.5-7B-Instruct -> None requests
[2026-08-22 11:43:34.816 Model_Service_0] [PAPER-KV-V6] fetch Qwen/Qwen2.5-1.5B-Instruct -> None requests
[2026-08-22 11:43:34.823 Model_Service_5] [PAPER-KV-V6] fetch meta-llama/Llama-3.2-3B -> None requests
[2026-08-22 11:43:34.825 Model_Service_2] [PAPER-KV-V6] fetch Qwen/Qwen2.5-7B-Instruct -> None requests
[2026-08-22 11:43:34.827 Model_Service_0] [PAPER-KV-V6] fetch Qwen/Qwen2.5-1.5B-Instruct -> None requests
[2026-08-22 11:43:34.833 Model_Service_5] [PAPER-KV-V6] fetch meta-llama/Llama-3.2-3B -> None requests
[2026-08-22 11:43:34.836 Model_Service_2] [PAPER-KV-V6] fetch Qwen/Qwen2.5-7B-Instruct -> None requests
[2026-08-22 11:43:34.837 Model_Service_0] [PAPER-KV-V6] fetch Qwen/Qwen2.5-1.5B-Instruct -> None requests
[2026-08-22 11:43:34.844 Model_Service_5] [PAPER-KV-V6] fetch meta-llama/Llama-3.2-3B -> None requests
[2026-08-22 11:43:34.847 Model_Service_2] [PAPER-KV-V6] fetch Qwen/Qwen2.5-7B-Instruct -> None requests
[2026-08-22 11:43:34.848 Model_Service_0] [PAPER-KV-V6] fetch Qwen/Qwen2.5-1.5B-Instruct -> None requests
[2026-08-22 11:43:34.854 Model_Service_5] [PAPER-KV-V6] fetch meta-llama/Llama-3.2-3B -> None requests
[2026-08-22 11:43:34.857 Model_Service_2] [PAPER-KV-V6] fetch Qwen/Qwen2.5-7B-Instruct -> None requests
[2026-08-22 11:43:34.858 Model_Service_0] [PAPER-KV-V6] fetch Qwen/Qwen2.5-1.5B-Instruct -> None requests
[2026-08-22 11:43:34.865 Model_Service_5] [PAPER-KV-V6] fetch meta-llama/Llama-3.2-3B -> None requests
[2026-08-22 11:43:34.868 Model_Service_2] [PAPER-KV-V6] fetch Qwen/Qwen2.5-7B-Instruct -> None requests
[2026-08-22 11:43:34.869 Model_Service_0] [PAPER-KV-V6] fetch Qwen/Qwen2.5-1.5B-Instruct -> None requests
[2026-08-22 11:43:34.875 Model_Service_5] [PAPER-KV-V6] fetch meta-llama/Llama-3.2-3B -> None requests
[2026-08-22 11:43:34.879 Model_Service_2] [PAPER-KV-V6] fetch Qwen/Qwen2.5-7B-Instruct -> None requests
[2026-08-22 11:43:34.879 Model_Service_0] [PAPER-KV-V6] fetch Qwen/Qwen2.5-1.5B-Instruct -> None requests
[2026-08-22 11:43:34.886 Model_Service_5] [PAPER-KV-V6] fetch meta-llama/Llama-3.2-3B -> None requests
[2026-08-22 11:43:34.889 Model_Service_2] [PAPER-KV-V6] fetch Qwen/Qwen2.5-7B-Instruct -> None requests
[2026-08-22 11:43:34.890 Model_Service_0] [PAPER-KV-V6] fetch Qwen/Qwen2.5-1.5B-Instruct -> None requests
[2026-08-22 11:43:34.896 Model_Service_5] [PAPER-KV-V6] fetch meta-llama/Llama-3.2-3B -> None requests
[2026-08-22 11:43:34.900 Model_Service_2] [PAPER-KV-V6] fetch Qwen/Qwen2.5-7B-Instruct -> None requests
[2026-08-22 11:43:34.901 Model_Service_0] [PAPER-KV-V6] fetch Qwen/Qwen2.5-1.5B-Instruct -> None requests
[2026-08-22 11:43:34.907 Model_Service_5] [PAPER-KV-V6] fetch meta-llama/Llama-3.2-3B -> None requests
[2026-08-22 11:43:34.911 Model_Service_2] [PAPER-KV-V6] fetch Qwen/Qwen2.5-7B-Instruct -> None requests
[2026-08-22 11:43:34.911 Model_Service_0] [PAPER-KV-V6] fetch Qwen/Qwen2.5-1.5B-Instruct -> None requests
[2026-08-22 11:43:34.917 Model_Service_5] [PAPER-KV-V6] fetch meta-llama/Llama-3.2-3B -> None requests
[2026-08-22 11:43:34.921 Model_Service_2] [PAPER-KV-V6] fetch Qwen/Qwen2.5-7B-Instruct -> None requests
[2026-08-22 11:43:34.922 Model_Service_0] [PAPER-KV-V6] fetch Qwen/Qwen2.5-1.5B-Instruct -> None requests
[2026-08-22 11:43:34.928 Model_Service_5] [PAPER-KV-V6] fetch meta-llama/Llama-3.2-3B -> None requests
[2026-08-22 11:43:34.932 Model_Service_2] [PAPER-KV-V6] fetch Qwen/Qwen2.5-7B-Instruct -> None requests
[2026-08-22 11:43:34.932 Model_Service_0] [PAPER-KV-V6] fetch Qwen/Qwen2.5-1.5B-Instruct -> None requests
[2026-08-22 11:43:34.938 Model_Service_5] [PAPER-KV-V6] fetch meta-llama/Llama-3.2-3B -> None requests
[2026-08-22 11:43:34.942 Model_Service_2] [PAPER-KV-V6] fetch Qwen/Qwen2.5-7B-Instruct -> None requests
[2026-08-22 11:43:34.943 Model_Service_0] [PAPER-KV-V6] fetch Qwen/Qwen2.5-1.5B-Instruct -> None requests
[2026-08-22 11:43:34.949 Model_Service_5] [PAPER-KV-V6] fetch meta-llama/Llama-3.2-3B -> None requests
[2026-08-22 11:43:34.953 Model_Service_2] [PAPER-KV-V6] fetch Qwen/Qwen2.5-7B-Instruct -> None requests
[2026-08-22 11:43:34.953 Model_Service_0] [PAPER-KV-V6] fetch Qwen/Qwen2.5-1.5B-Instruct -> None requests
[2026-08-22 11:43:34.960 Model_Service_5] [PAPER-KV-V6] fetch meta-llama/Llama-3.2-3B -> None requests
[2026-08-22 11:43:34.964 Model_Service_2] [PAPER-KV-V6] fetch Qwen/Qwen2.5-7B-Instruct -> None requests
[2026-08-22 11:43:34.964 Model_Service_0] [PAPER-KV-V6] fetch Qwen/Qwen2.5-1.5B-Instruct -> None requests
[2026-08-22 11:43:34.970 Model_Service_5] [PAPER-KV-V6] fetch meta-llama/Llama-3.2-3B -> None requests
[2026-08-22 11:43:34.975 Model_Service_0] [PAPER-KV-V6] fetch Qwen/Qwen2.5-1.5B-Instruct -> None requests
[2026-08-22 11:43:34.975 Model_Service_2] [PAPER-KV-V6] fetch Qwen/Qwen2.5-7B-Instruct -> None requests
[2026-08-22 11:43:34.981 Model_Service_5] [PAPER-KV-V6] fetch meta-llama/Llama-3.2-3B -> None requests
[2026-08-22 11:43:34.986 Model_Service_0] [PAPER-KV-V6] fetch Qwen/Qwen2.5-1.5B-Instruct -> None requests
[2026-08-22 11:43:34.986 Model_Service_2] [PAPER-KV-V6] fetch Qwen/Qwen2.5-7B-Instruct -> None requests
[2026-08-22 11:43:34.991 Model_Service_5] [PAPER-KV-V6] fetch meta-llama/Llama-3.2-3B -> None requests
[2026-08-22 11:43:34.996 Model_Service_0] [PAPER-KV-V6] fetch Qwen/Qwen2.5-1.5B-Instruct -> None requests
[2026-08-22 11:43:34.997 Model_Service_2] [PAPER-KV-V6] fetch Qwen/Qwen2.5-7B-Instruct -> None requests
[2026-08-22 11:43:35.002 Model_Service_5] [PAPER-KV-V6] fetch meta-llama/Llama-3.2-3B -> None requests
[2026-08-22 11:43:35.007 Model_Service_0] [PAPER-KV-V6] fetch Qwen/Qwen2.5-1.5B-Instruct -> None requests
[2026-08-22 11:43:35.007 Model_Service_2] [PAPER-KV-V6] fetch Qwen/Qwen2.5-7B-Instruct -> None requests
[2026-08-22 11:43:35.012 Model_Service_5] [PAPER-KV-V6] fetch meta-llama/Llama-3.2-3B -> None requests
[2026-08-22 11:43:35.018 Model_Service_0] [PAPER-KV-V6] fetch Qwen/Qwen2.5-1.5B-Instruct -> None requests
[2026-08-22 11:43:35.018 Model_Service_2] [PAPER-KV-V6] fetch Qwen/Qwen2.5-7B-Instruct -> None requests
[2026-08-22 11:43:35.023 Model_Service_5] [PAPER-KV-V6] fetch meta-llama/Llama-3.2-3B -> None requests
[2026-08-22 11:43:35.028 Model_Service_0] [PAPER-KV-V6] fetch Qwen/Qwen2.5-1.5B-Instruct -> None requests
[2026-08-22 11:43:35.029 Model_Service_2] [PAPER-KV-V6] fetch Qwen/Qwen2.5-7B-Instruct -> None requests
[2026-08-22 11:43:35.033 Model_Service_5] [PAPER-KV-V6] fetch meta-llama/Llama-3.2-3B -> None requests
[2026-08-22 11:43:35.039 Model_Service_0] [PAPER-KV-V6] fetch Qwen/Qwen2.5-1.5B-Instruct -> None requests
[2026-08-22 11:43:35.040 Model_Service_2] [PAPER-KV-V6] fetch Qwen/Qwen2.5-7B-Instruct -> None requests
[2026-08-22 11:43:35.044 Model_Service_5] [PAPER-KV-V6] fetch meta-llama/Llama-3.2-3B -> None requests
[2026-08-22 11:43:35.049 Model_Service_0] [PAPER-KV-V6] fetch Qwen/Qwen2.5-1.5B-Instruct -> None requests
[2026-08-22 11:43:35.050 Model_Service_2] [PAPER-KV-V6] fetch Qwen/Qwen2.5-7B-Instruct -> None requests
[2026-08-22 11:43:35.054 Model_Service_5] [PAPER-KV-V6] fetch meta-llama/Llama-3.2-3B -> None requests
[2026-08-22 11:43:35.060 Model_Service_0] [PAPER-KV-V6] fetch Qwen/Qwen2.5-1.5B-Instruct -> None requests
[2026-08-22 11:43:35.061 Model_Service_2] [PAPER-KV-V6] fetch Qwen/Qwen2.5-7B-Instruct -> None requests
[2026-08-22 11:43:35.065 Model_Service_5] [PAPER-KV-V6] fetch meta-llama/Llama-3.2-3B -> None requests
[2026-08-22 11:43:35.071 Model_Service_0] [PAPER-KV-V6] fetch Qwen/Qwen2.5-1.5B-Instruct -> None requests
[2026-08-22 11:43:35.072 Model_Service_2] [PAPER-KV-V6] fetch Qwen/Qwen2.5-7B-Instruct -> None requests
[2026-08-22 11:43:35.075 Model_Service_5] [PAPER-KV-V6] fetch meta-llama/Llama-3.2-3B -> None requests
[2026-08-22 11:43:35.081 Model_Service_0] [PAPER-KV-V6] fetch Qwen/Qwen2.5-1.5B-Instruct -> None requests
[2026-08-22 11:43:35.082 Model_Service_2] [PAPER-KV-V6] fetch Qwen/Qwen2.5-7B-Instruct -> None requests
[2026-08-22 11:43:35.086 Model_Service_5] [PAPER-KV-V6] fetch meta-llama/Llama-3.2-3B -> None requests
[2026-08-22 11:43:35.092 Model_Service_0] [PAPER-KV-V6] fetch Qwen/Qwen2.5-1.5B-Instruct -> None requests
[2026-08-22 11:43:35.093 Model_Service_2] [PAPER-KV-V6] fetch Qwen/Qwen2.5-7B-Instruct -> None requests
[2026-08-22 11:43:35.096 Model_Service_5] [PAPER-KV-V6] fetch meta-llama/Llama-3.2-3B -> None requests
[2026-08-22 11:43:35.103 Model_Service_0] [PAPER-KV-V6] fetch Qwen/Qwen2.5-1.5B-Instruct -> None requests
[2026-08-22 11:43:35.104 Model_Service_2] [PAPER-KV-V6] fetch Qwen/Qwen2.5-7B-Instruct -> None requests
[2026-08-22 11:43:35.107 Model_Service_5] [PAPER-KV-V6] fetch meta-llama/Llama-3.2-3B -> None requests
[2026-08-22 11:43:35.113 Model_Service_0] [PAPER-KV-V6] fetch Qwen/Qwen2.5-1.5B-Instruct -> None requests
[2026-08-22 11:43:35.115 Model_Service_2] [PAPER-KV-V6] fetch Qwen/Qwen2.5-7B-Instruct -> None requests
[2026-08-22 11:43:35.117 Model_Service_5] [PAPER-KV-V6] fetch meta-llama/Llama-3.2-3B -> None requests
[2026-08-22 11:43:35.120 Model_Service_4] Model service 4 input queue is empty, waiting for next request
[2026-08-22 11:43:35.124 Model_Service_0] [PAPER-KV-V6] fetch Qwen/Qwen2.5-1.5B-Instruct -> None requests
[2026-08-22 11:43:35.125 Model_Service_2] [PAPER-KV-V6] fetch Qwen/Qwen2.5-7B-Instruct -> None requests
[2026-08-22 11:43:35.128 Model_Service_5] [PAPER-KV-V6] fetch meta-llama/Llama-3.2-3B -> None requests
[2026-08-22 11:43:35.134 Model_Service_0] [PAPER-KV-V6] fetch Qwen/Qwen2.5-1.5B-Instruct -> None requests
[2026-08-22 11:43:35.136 Model_Service_2] [PAPER-KV-V6] fetch Qwen/Qwen2.5-7B-Instruct -> None requests
[2026-08-22 11:43:35.139 Model_Service_5] [PAPER-KV-V6] fetch meta-llama/Llama-3.2-3B -> None requests
[2026-08-22 11:43:35.145 Model_Service_0] [PAPER-KV-V6] fetch Qwen/Qwen2.5-1.5B-Instruct -> None requests
[2026-08-22 11:43:35.146 Model_Service_2] [PAPER-KV-V6] fetch Qwen/Qwen2.5-7B-Instruct -> None requests
[2026-08-22 11:43:35.149 Model_Service_5] [PAPER-KV-V6] fetch meta-llama/Llama-3.2-3B -> None requests
[2026-08-22 11:43:35.156 Model_Service_0] [PAPER-KV-V6] fetch Qwen/Qwen2.5-1.5B-Instruct -> None requests
[2026-08-22 11:43:35.157 Model_Service_2] [PAPER-KV-V6] fetch Qwen/Qwen2.5-7B-Instruct -> None requests
[2026-08-22 11:43:35.160 Model_Service_5] [PAPER-KV-V6] fetch meta-llama/Llama-3.2-3B -> None requests
[2026-08-22 11:43:35.166 Model_Service_0] [PAPER-KV-V6] fetch Qwen/Qwen2.5-1.5B-Instruct -> None requests
[2026-08-22 11:43:35.168 Model_Service_2] [PAPER-KV-V6] fetch Qwen/Qwen2.5-7B-Instruct -> None requests
[2026-08-22 11:43:35.170 Model_Service_5] [PAPER-KV-V6] fetch meta-llama/Llama-3.2-3B -> None requests
[2026-08-22 11:43:35.177 Model_Service_0] [PAPER-KV-V6] fetch Qwen/Qwen2.5-1.5B-Instruct -> None requests
[2026-08-22 11:43:35.178 Model_Service_2] [PAPER-KV-V6] fetch Qwen/Qwen2.5-7B-Instruct -> None requests
[2026-08-22 11:43:35.181 Model_Service_5] [PAPER-KV-V6] fetch meta-llama/Llama-3.2-3B -> None requests
[2026-08-22 11:43:35.187 Model_Service_0] [PAPER-KV-V6] fetch Qwen/Qwen2.5-1.5B-Instruct -> None requests
[2026-08-22 11:43:35.189 Model_Service_2] [PAPER-KV-V6] fetch Qwen/Qwen2.5-7B-Instruct -> None requests
[2026-08-22 11:43:35.191 Model_Service_5] [PAPER-KV-V6] fetch meta-llama/Llama-3.2-3B -> None requests
[2026-08-22 11:43:35.198 Model_Service_0] [PAPER-KV-V6] fetch Qwen/Qwen2.5-1.5B-Instruct -> None requests
[2026-08-22 11:43:35.200 Model_Service_2] [PAPER-KV-V6] fetch Qwen/Qwen2.5-7B-Instruct -> None requests
[2026-08-22 11:43:35.202 Model_Service_5] [PAPER-KV-V6] fetch meta-llama/Llama-3.2-3B -> None requests
[2026-08-22 11:43:35.209 Model_Service_0] [PAPER-KV-V6] fetch Qwen/Qwen2.5-1.5B-Instruct -> None requests
[2026-08-22 11:43:35.211 Model_Service_2] [PAPER-KV-V6] fetch Qwen/Qwen2.5-7B-Instruct -> None requests
[2026-08-22 11:43:35.212 Model_Service_5] [PAPER-KV-V6] fetch meta-llama/Llama-3.2-3B -> None requests
[2026-08-22 11:43:35.219 Model_Service_0] [PAPER-KV-V6] fetch Qwen/Qwen2.5-1.5B-Instruct -> None requests
[2026-08-22 11:43:35.221 Model_Service_2] [PAPER-KV-V6] fetch Qwen/Qwen2.5-7B-Instruct -> None requests
[2026-08-22 11:43:35.223 Model_Service_5] [PAPER-KV-V6] fetch meta-llama/Llama-3.2-3B -> None requests
[2026-08-22 11:43:35.230 Model_Service_0] [PAPER-KV-V6] fetch Qwen/Qwen2.5-1.5B-Instruct -> None requests
[2026-08-22 11:43:35.232 Model_Service_2] [PAPER-KV-V6] fetch Qwen/Qwen2.5-7B-Instruct -> None requests
[2026-08-22 11:43:35.234 Model_Service_5] [PAPER-KV-V6] fetch meta-llama/Llama-3.2-3B -> None requests
[2026-08-22 11:43:35.241 Model_Service_0] [PAPER-KV-V6] fetch Qwen/Qwen2.5-1.5B-Instruct -> None requests
[2026-08-22 11:43:35.243 Model_Service_2] [PAPER-KV-V6] fetch Qwen/Qwen2.5-7B-Instruct -> None requests
[2026-08-22 11:43:35.244 Model_Service_5] [PAPER-KV-V6] fetch meta-llama/Llama-3.2-3B -> None requests
[2026-08-22 11:43:35.251 Model_Service_0] [PAPER-KV-V6] fetch Qwen/Qwen2.5-1.5B-Instruct -> None requests
[2026-08-22 11:43:35.253 Model_Service_2] [PAPER-KV-V6] fetch Qwen/Qwen2.5-7B-Instruct -> None requests
[2026-08-22 11:43:35.255 Model_Service_5] [PAPER-KV-V6] fetch meta-llama/Llama-3.2-3B -> None requests
[2026-08-22 11:43:35.262 Model_Service_0] [PAPER-KV-V6] fetch Qwen/Qwen2.5-1.5B-Instruct -> None requests
[2026-08-22 11:43:35.264 Model_Service_2] [PAPER-KV-V6] fetch Qwen/Qwen2.5-7B-Instruct -> None requests
[2026-08-22 11:43:35.265 Model_Service_5] [PAPER-KV-V6] fetch meta-llama/Llama-3.2-3B -> None requests
[2026-08-22 11:43:35.272 Model_Service_0] [PAPER-KV-V6] fetch Qwen/Qwen2.5-1.5B-Instruct -> None requests
[2026-08-22 11:43:35.274 Model_Service_2] [PAPER-KV-V6] fetch Qwen/Qwen2.5-7B-Instruct -> None requests
[2026-08-22 11:43:35.276 Model_Service_5] [PAPER-KV-V6] fetch meta-llama/Llama-3.2-3B -> None requests
[2026-08-22 11:43:35.283 Model_Service_0] [PAPER-KV-V6] fetch Qwen/Qwen2.5-1.5B-Instruct -> None requests
[2026-08-22 11:43:35.285 Model_Service_2] [PAPER-KV-V6] fetch Qwen/Qwen2.5-7B-Instruct -> None requests
[2026-08-22 11:43:35.286 Model_Service_5] [PAPER-KV-V6] fetch meta-llama/Llama-3.2-3B -> None requests
[2026-08-22 11:43:35.294 Model_Service_0] [PAPER-KV-V6] fetch Qwen/Qwen2.5-1.5B-Instruct -> None requests
[2026-08-22 11:43:35.296 Model_Service_2] [PAPER-KV-V6] fetch Qwen/Qwen2.5-7B-Instruct -> None requests
[2026-08-22 11:43:35.297 Model_Service_5] [PAPER-KV-V6] fetch meta-llama/Llama-3.2-3B -> None requests
[2026-08-22 11:43:35.304 Model_Service_0] [PAPER-KV-V6] fetch Qwen/Qwen2.5-1.5B-Instruct -> None requests
[2026-08-22 11:43:35.306 Model_Service_2] [PAPER-KV-V6] fetch Qwen/Qwen2.5-7B-Instruct -> None requests
[2026-08-22 11:43:35.307 Model_Service_5] [PAPER-KV-V6] fetch meta-llama/Llama-3.2-3B -> None requests
[2026-08-22 11:43:35.315 Model_Service_0] [PAPER-KV-V6] fetch Qwen/Qwen2.5-1.5B-Instruct -> None requests
[2026-08-22 11:43:35.317 Model_Service_2] [PAPER-KV-V6] fetch Qwen/Qwen2.5-7B-Instruct -> None requests
[2026-08-22 11:43:35.318 Model_Service_5] [PAPER-KV-V6] fetch meta-llama/Llama-3.2-3B -> None requests
[2026-08-22 11:43:35.326 Model_Service_0] [PAPER-KV-V6] fetch Qwen/Qwen2.5-1.5B-Instruct -> None requests
[2026-08-22 11:43:35.328 Model_Service_2] [PAPER-KV-V6] fetch Qwen/Qwen2.5-7B-Instruct -> None requests
[2026-08-22 11:43:35.328 Model_Service_5] [PAPER-KV-V6] fetch meta-llama/Llama-3.2-3B -> None requests
[2026-08-22 11:43:35.337 Model_Service_0] [PAPER-KV-V6] fetch Qwen/Qwen2.5-1.5B-Instruct -> None requests
[2026-08-22 11:43:35.338 Model_Service_2] [PAPER-KV-V6] fetch Qwen/Qwen2.5-7B-Instruct -> None requests
[2026-08-22 11:43:35.339 Model_Service_5] [PAPER-KV-V6] fetch meta-llama/Llama-3.2-3B -> None requests
[2026-08-22 11:43:35.348 Model_Service_0] [PAPER-KV-V6] fetch Qwen/Qwen2.5-1.5B-Instruct -> None requests
[2026-08-22 11:43:35.349 Model_Service_2] [PAPER-KV-V6] fetch Qwen/Qwen2.5-7B-Instruct -> None requests
[2026-08-22 11:43:35.350 Model_Service_5] [PAPER-KV-V6] fetch meta-llama/Llama-3.2-3B -> None requests
[2026-08-22 11:43:35.358 Model_Service_0] [PAPER-KV-V6] fetch Qwen/Qwen2.5-1.5B-Instruct -> None requests
[2026-08-22 11:43:35.360 Model_Service_2] [PAPER-KV-V6] fetch Qwen/Qwen2.5-7B-Instruct -> None requests
[2026-08-22 11:43:35.360 Model_Service_5] [PAPER-KV-V6] fetch meta-llama/Llama-3.2-3B -> None requests
[2026-08-22 11:43:35.369 Model_Service_0] [PAPER-KV-V6] fetch Qwen/Qwen2.5-1.5B-Instruct -> None requests
[2026-08-22 11:43:35.371 Model_Service_5] [PAPER-KV-V6] fetch meta-llama/Llama-3.2-3B -> None requests
[2026-08-22 11:43:35.371 Model_Service_2] [PAPER-KV-V6] fetch Qwen/Qwen2.5-7B-Instruct -> None requests
[2026-08-22 11:43:35.380 Model_Service_0] [PAPER-KV-V6] fetch Qwen/Qwen2.5-1.5B-Instruct -> None requests
[2026-08-22 11:43:35.381 Model_Service_5] [PAPER-KV-V6] fetch meta-llama/Llama-3.2-3B -> None requests
[2026-08-22 11:43:35.381 Model_Service_2] [PAPER-KV-V6] fetch Qwen/Qwen2.5-7B-Instruct -> None requests
[2026-08-22 11:43:35.391 Model_Service_0] [PAPER-KV-V6] fetch Qwen/Qwen2.5-1.5B-Instruct -> None requests
[2026-08-22 11:43:35.392 Model_Service_5] [PAPER-KV-V6] fetch meta-llama/Llama-3.2-3B -> None requests
[2026-08-22 11:43:35.392 Model_Service_2] [PAPER-KV-V6] fetch Qwen/Qwen2.5-7B-Instruct -> None requests
[2026-08-22 11:43:35.401 Model_Service_0] [PAPER-KV-V6] fetch Qwen/Qwen2.5-1.5B-Instruct -> None requests
[2026-08-22 11:43:35.402 Model_Service_5] [PAPER-KV-V6] fetch meta-llama/Llama-3.2-3B -> None requests
[2026-08-22 11:43:35.403 Model_Service_2] [PAPER-KV-V6] fetch Qwen/Qwen2.5-7B-Instruct -> None requests
[2026-08-22 11:43:35.412 Model_Service_0] [PAPER-KV-V6] fetch Qwen/Qwen2.5-1.5B-Instruct -> None requests
[2026-08-22 11:43:35.413 Model_Service_5] [PAPER-KV-V6] fetch meta-llama/Llama-3.2-3B -> None requests
[2026-08-22 11:43:35.414 Model_Service_2] [PAPER-KV-V6] fetch Qwen/Qwen2.5-7B-Instruct -> None requests
[2026-08-22 11:43:35.423 Model_Service_0] [PAPER-KV-V6] fetch Qwen/Qwen2.5-1.5B-Instruct -> None requests
[2026-08-22 11:43:35.423 Model_Service_5] [PAPER-KV-V6] fetch meta-llama/Llama-3.2-3B -> None requests
[2026-08-22 11:43:35.424 Model_Service_2] [PAPER-KV-V6] fetch Qwen/Qwen2.5-7B-Instruct -> None requests
[2026-08-22 11:43:35.433 Model_Service_0] [PAPER-KV-V6] fetch Qwen/Qwen2.5-1.5B-Instruct -> None requests
[2026-08-22 11:43:35.434 Model_Service_5] [PAPER-KV-V6] fetch meta-llama/Llama-3.2-3B -> None requests
[2026-08-22 11:43:35.435 Model_Service_2] [PAPER-KV-V6] fetch Qwen/Qwen2.5-7B-Instruct -> None requests
[2026-08-22 11:43:35.444 Model_Service_0] [PAPER-KV-V6] fetch Qwen/Qwen2.5-1.5B-Instruct -> None requests
[2026-08-22 11:43:35.444 Model_Service_5] [PAPER-KV-V6] fetch meta-llama/Llama-3.2-3B -> None requests
[2026-08-22 11:43:35.446 Model_Service_2] [PAPER-KV-V6] fetch Qwen/Qwen2.5-7B-Instruct -> None requests
[2026-08-22 11:43:35.455 Model_Service_0] [PAPER-KV-V6] fetch Qwen/Qwen2.5-1.5B-Instruct -> None requests
[2026-08-22 11:43:35.455 Model_Service_5] [PAPER-KV-V6] fetch meta-llama/Llama-3.2-3B -> None requests
[2026-08-22 11:43:35.456 Model_Service_2] [PAPER-KV-V6] fetch Qwen/Qwen2.5-7B-Instruct -> None requests
[2026-08-22 11:43:35.465 Model_Service_5] [PAPER-KV-V6] fetch meta-llama/Llama-3.2-3B -> None requests
[2026-08-22 11:43:35.465 Model_Service_0] [PAPER-KV-V6] fetch Qwen/Qwen2.5-1.5B-Instruct -> None requests
[2026-08-22 11:43:35.467 Model_Service_2] [PAPER-KV-V6] fetch Qwen/Qwen2.5-7B-Instruct -> None requests
[2026-08-22 11:43:35.476 Model_Service_5] [PAPER-KV-V6] fetch meta-llama/Llama-3.2-3B -> None requests
[2026-08-22 11:43:35.476 Model_Service_0] [PAPER-KV-V6] fetch Qwen/Qwen2.5-1.5B-Instruct -> None requests
[2026-08-22 11:43:35.478 Model_Service_2] [PAPER-KV-V6] fetch Qwen/Qwen2.5-7B-Instruct -> None requests
[2026-08-22 11:43:35.486 Model_Service_5] [PAPER-KV-V6] fetch meta-llama/Llama-3.2-3B -> None requests
[2026-08-22 11:43:35.487 Model_Service_0] [PAPER-KV-V6] fetch Qwen/Qwen2.5-1.5B-Instruct -> None requests
[2026-08-22 11:43:35.489 Model_Service_2] [PAPER-KV-V6] fetch Qwen/Qwen2.5-7B-Instruct -> None requests
[2026-08-22 11:43:35.497 Model_Service_5] [PAPER-KV-V6] fetch meta-llama/Llama-3.2-3B -> None requests
[2026-08-22 11:43:35.498 Model_Service_0] [PAPER-KV-V6] fetch Qwen/Qwen2.5-1.5B-Instruct -> None requests
[2026-08-22 11:43:35.500 Model_Service_2] [PAPER-KV-V6] fetch Qwen/Qwen2.5-7B-Instruct -> None requests
[2026-08-22 11:43:35.507 Model_Service_5] [PAPER-KV-V6] fetch meta-llama/Llama-3.2-3B -> None requests
[2026-08-22 11:43:35.508 Model_Service_0] [PAPER-KV-V6] fetch Qwen/Qwen2.5-1.5B-Instruct -> None requests
[2026-08-22 11:43:35.511 Model_Service_2] [PAPER-KV-V6] fetch Qwen/Qwen2.5-7B-Instruct -> None requests
[2026-08-22 11:43:35.518 Model_Service_5] [PAPER-KV-V6] fetch meta-llama/Llama-3.2-3B -> None requests
[2026-08-22 11:43:35.519 Model_Service_0] [PAPER-KV-V6] fetch Qwen/Qwen2.5-1.5B-Instruct -> None requests
[2026-08-22 11:43:35.521 Model_Service_2] [PAPER-KV-V6] fetch Qwen/Qwen2.5-7B-Instruct -> None requests
[2026-08-22 11:43:35.528 Model_Service_5] [PAPER-KV-V6] fetch meta-llama/Llama-3.2-3B -> None requests
[2026-08-22 11:43:35.530 Model_Service_0] [PAPER-KV-V6] fetch Qwen/Qwen2.5-1.5B-Instruct -> None requests
[2026-08-22 11:43:35.532 Model_Service_2] [PAPER-KV-V6] fetch Qwen/Qwen2.5-7B-Instruct -> None requests
[2026-08-22 11:43:35.539 Model_Service_5] [PAPER-KV-V6] fetch meta-llama/Llama-3.2-3B -> None requests
[2026-08-22 11:43:35.541 Model_Service_0] [PAPER-KV-V6] fetch Qwen/Qwen2.5-1.5B-Instruct -> None requests
[2026-08-22 11:43:35.543 Model_Service_2] [PAPER-KV-V6] fetch Qwen/Qwen2.5-7B-Instruct -> None requests
[2026-08-22 11:43:35.550 Model_Service_5] [PAPER-KV-V6] fetch meta-llama/Llama-3.2-3B -> None requests
[2026-08-22 11:43:35.551 Model_Service_0] [PAPER-KV-V6] fetch Qwen/Qwen2.5-1.5B-Instruct -> None requests
[2026-08-22 11:43:35.553 Model_Service_2] [PAPER-KV-V6] fetch Qwen/Qwen2.5-7B-Instruct -> None requests
[2026-08-22 11:43:35.560 Model_Service_5] [PAPER-KV-V6] fetch meta-llama/Llama-3.2-3B -> None requests
[2026-08-22 11:43:35.562 Model_Service_0] [PAPER-KV-V6] fetch Qwen/Qwen2.5-1.5B-Instruct -> None requests
[2026-08-22 11:43:35.564 Model_Service_2] [PAPER-KV-V6] fetch Qwen/Qwen2.5-7B-Instruct -> None requests
[2026-08-22 11:43:35.571 Model_Service_5] [PAPER-KV-V6] fetch meta-llama/Llama-3.2-3B -> None requests
[2026-08-22 11:43:35.573 Model_Service_0] [PAPER-KV-V6] fetch Qwen/Qwen2.5-1.5B-Instruct -> None requests
[2026-08-22 11:43:35.575 Model_Service_2] [PAPER-KV-V6] fetch Qwen/Qwen2.5-7B-Instruct -> None requests
[2026-08-22 11:43:35.581 Model_Service_5] [PAPER-KV-V6] fetch meta-llama/Llama-3.2-3B -> None requests
[2026-08-22 11:43:35.583 Model_Service_0] [PAPER-KV-V6] fetch Qwen/Qwen2.5-1.5B-Instruct -> None requests
[2026-08-22 11:43:35.585 Model_Service_2] [PAPER-KV-V6] fetch Qwen/Qwen2.5-7B-Instruct -> None requests
[2026-08-22 11:43:35.592 Model_Service_5] [PAPER-KV-V6] fetch meta-llama/Llama-3.2-3B -> None requests
[2026-08-22 11:43:35.594 Model_Service_0] [PAPER-KV-V6] fetch Qwen/Qwen2.5-1.5B-Instruct -> None requests
[2026-08-22 11:43:35.596 Model_Service_2] [PAPER-KV-V6] fetch Qwen/Qwen2.5-7B-Instruct -> None requests
[2026-08-22 11:43:35.602 Model_Service_5] [PAPER-KV-V6] fetch meta-llama/Llama-3.2-3B -> None requests
[2026-08-22 11:43:35.605 Model_Service_0] [PAPER-KV-V6] fetch Qwen/Qwen2.5-1.5B-Instruct -> None requests
[2026-08-22 11:43:35.607 Model_Service_2] [PAPER-KV-V6] fetch Qwen/Qwen2.5-7B-Instruct -> None requests
[2026-08-22 11:43:35.613 Model_Service_5] [PAPER-KV-V6] fetch meta-llama/Llama-3.2-3B -> None requests
[2026-08-22 11:43:35.616 Model_Service_0] [PAPER-KV-V6] fetch Qwen/Qwen2.5-1.5B-Instruct -> None requests
[2026-08-22 11:43:35.617 Model_Service_2] [PAPER-KV-V6] fetch Qwen/Qwen2.5-7B-Instruct -> None requests
[2026-08-22 11:43:35.623 Model_Service_5] [PAPER-KV-V6] fetch meta-llama/Llama-3.2-3B -> None requests
[2026-08-22 11:43:35.627 Model_Service_0] [PAPER-KV-V6] fetch Qwen/Qwen2.5-1.5B-Instruct -> None requests
[2026-08-22 11:43:35.628 Model_Service_2] [PAPER-KV-V6] fetch Qwen/Qwen2.5-7B-Instruct -> None requests
[2026-08-22 11:43:35.634 Model_Service_5] [PAPER-KV-V6] fetch meta-llama/Llama-3.2-3B -> None requests
[2026-08-22 11:43:35.638 Model_Service_0] [PAPER-KV-V6] fetch Qwen/Qwen2.5-1.5B-Instruct -> None requests
[2026-08-22 11:43:35.639 Model_Service_2] [PAPER-KV-V6] fetch Qwen/Qwen2.5-7B-Instruct -> None requests
[2026-08-22 11:43:35.644 Model_Service_5] [PAPER-KV-V6] fetch meta-llama/Llama-3.2-3B -> None requests
[2026-08-22 11:43:35.648 Model_Service_0] [PAPER-KV-V6] fetch Qwen/Qwen2.5-1.5B-Instruct -> None requests
[2026-08-22 11:43:35.649 Model_Service_2] [PAPER-KV-V6] fetch Qwen/Qwen2.5-7B-Instruct -> None requests
[2026-08-22 11:43:35.655 Model_Service_5] [PAPER-KV-V6] fetch meta-llama/Llama-3.2-3B -> None requests
[2026-08-22 11:43:35.659 Model_Service_0] [PAPER-KV-V6] fetch Qwen/Qwen2.5-1.5B-Instruct -> None requests
[2026-08-22 11:43:35.660 Model_Service_2] [PAPER-KV-V6] fetch Qwen/Qwen2.5-7B-Instruct -> None requests
[2026-08-22 11:43:35.665 Model_Service_5] [PAPER-KV-V6] fetch meta-llama/Llama-3.2-3B -> None requests
[2026-08-22 11:43:35.669 Model_Service_0] [PAPER-KV-V6] fetch Qwen/Qwen2.5-1.5B-Instruct -> None requests
[2026-08-22 11:43:35.670 Model_Service_2] [PAPER-KV-V6] fetch Qwen/Qwen2.5-7B-Instruct -> None requests
[2026-08-22 11:43:35.675 Model_Service_5] [PAPER-KV-V6] fetch meta-llama/Llama-3.2-3B -> None requests
[2026-08-22 11:43:35.680 Model_Service_0] [PAPER-KV-V6] fetch Qwen/Qwen2.5-1.5B-Instruct -> None requests
[2026-08-22 11:43:35.681 Model_Service_2] [PAPER-KV-V6] fetch Qwen/Qwen2.5-7B-Instruct -> None requests
[2026-08-22 11:43:35.686 Model_Service_5] [PAPER-KV-V6] fetch meta-llama/Llama-3.2-3B -> None requests
[2026-08-22 11:43:35.690 Model_Service_0] [PAPER-KV-V6] fetch Qwen/Qwen2.5-1.5B-Instruct -> None requests
[2026-08-22 11:43:35.691 Model_Service_2] [PAPER-KV-V6] fetch Qwen/Qwen2.5-7B-Instruct -> None requests
[2026-08-22 11:43:35.696 Model_Service_5] [PAPER-KV-V6] fetch meta-llama/Llama-3.2-3B -> None requests
[2026-08-22 11:43:35.701 Model_Service_0] [PAPER-KV-V6] fetch Qwen/Qwen2.5-1.5B-Instruct -> None requests
[2026-08-22 11:43:35.702 Model_Service_2] [PAPER-KV-V6] fetch Qwen/Qwen2.5-7B-Instruct -> None requests
[2026-08-22 11:43:35.706 Model_Service_5] [PAPER-KV-V6] fetch meta-llama/Llama-3.2-3B -> None requests
[2026-08-22 11:43:35.711 Model_Service_0] [PAPER-KV-V6] fetch Qwen/Qwen2.5-1.5B-Instruct -> None requests
[2026-08-22 11:43:35.712 Model_Service_2] [PAPER-KV-V6] fetch Qwen/Qwen2.5-7B-Instruct -> None requests
[2026-08-22 11:43:35.716 Model_Service_5] [PAPER-KV-V6] fetch meta-llama/Llama-3.2-3B -> None requests
[2026-08-22 11:43:35.722 Model_Service_0] [PAPER-KV-V6] fetch Qwen/Qwen2.5-1.5B-Instruct -> None requests
[2026-08-22 11:43:35.722 Model_Service_2] [PAPER-KV-V6] fetch Qwen/Qwen2.5-7B-Instruct -> None requests
[2026-08-22 11:43:35.727 Model_Service_5] [PAPER-KV-V6] fetch meta-llama/Llama-3.2-3B -> None requests
[2026-08-22 11:43:35.732 Model_Service_0] [PAPER-KV-V6] fetch Qwen/Qwen2.5-1.5B-Instruct -> None requests
[2026-08-22 11:43:35.733 Model_Service_2] [PAPER-KV-V6] fetch Qwen/Qwen2.5-7B-Instruct -> None requests
[2026-08-22 11:43:35.737 Model_Service_5] [PAPER-KV-V6] fetch meta-llama/Llama-3.2-3B -> None requests
[2026-08-22 11:43:35.742 Model_Service_0] [PAPER-KV-V6] fetch Qwen/Qwen2.5-1.5B-Instruct -> None requests
[2026-08-22 11:43:35.743 Model_Service_2] [PAPER-KV-V6] fetch Qwen/Qwen2.5-7B-Instruct -> None requests
[2026-08-22 11:43:35.747 Model_Service_5] [PAPER-KV-V6] fetch meta-llama/Llama-3.2-3B -> None requests
[2026-08-22 11:43:35.753 Model_Service_0] [PAPER-KV-V6] fetch Qwen/Qwen2.5-1.5B-Instruct -> None requests
[2026-08-22 11:43:35.754 Model_Service_2] [PAPER-KV-V6] fetch Qwen/Qwen2.5-7B-Instruct -> None requests
[2026-08-22 11:43:35.757 Model_Service_5] [PAPER-KV-V6] fetch meta-llama/Llama-3.2-3B -> None requests
[2026-08-22 11:43:35.763 Model_Service_0] [PAPER-KV-V6] fetch Qwen/Qwen2.5-1.5B-Instruct -> None requests
[2026-08-22 11:43:35.764 Model_Service_2] [PAPER-KV-V6] fetch Qwen/Qwen2.5-7B-Instruct -> None requests
[2026-08-22 11:43:35.768 Model_Service_5] [PAPER-KV-V6] fetch meta-llama/Llama-3.2-3B -> None requests
[2026-08-22 11:43:35.774 Model_Service_0] [PAPER-KV-V6] fetch Qwen/Qwen2.5-1.5B-Instruct -> None requests
[2026-08-22 11:43:35.774 Model_Service_2] [PAPER-KV-V6] fetch Qwen/Qwen2.5-7B-Instruct -> None requests
[2026-08-22 11:43:35.778 Model_Service_5] [PAPER-KV-V6] fetch meta-llama/Llama-3.2-3B -> None requests
[2026-08-22 11:43:35.784 Model_Service_0] [PAPER-KV-V6] fetch Qwen/Qwen2.5-1.5B-Instruct -> None requests
[2026-08-22 11:43:35.785 Model_Service_2] [PAPER-KV-V6] fetch Qwen/Qwen2.5-7B-Instruct -> None requests
[2026-08-22 11:43:35.789 Model_Service_5] [PAPER-KV-V6] fetch meta-llama/Llama-3.2-3B -> None requests
[2026-08-22 11:43:35.795 Model_Service_0] [PAPER-KV-V6] fetch Qwen/Qwen2.5-1.5B-Instruct -> None requests
[2026-08-22 11:43:35.795 Model_Service_2] [PAPER-KV-V6] fetch Qwen/Qwen2.5-7B-Instruct -> None requests
[2026-08-22 11:43:35.799 Model_Service_5] [PAPER-KV-V6] fetch meta-llama/Llama-3.2-3B -> None requests
[2026-08-22 11:43:35.805 Model_Service_2] [PAPER-KV-V6] fetch Qwen/Qwen2.5-7B-Instruct -> None requests
[2026-08-22 11:43:35.805 Model_Service_0] [PAPER-KV-V6] fetch Qwen/Qwen2.5-1.5B-Instruct -> None requests
[2026-08-22 11:43:35.810 Model_Service_5] [PAPER-KV-V6] fetch meta-llama/Llama-3.2-3B -> None requests
[2026-08-22 11:43:35.815 Model_Service_2] [PAPER-KV-V6] fetch Qwen/Qwen2.5-7B-Instruct -> None requests
[2026-08-22 11:43:35.816 Model_Service_0] [PAPER-KV-V6] fetch Qwen/Qwen2.5-1.5B-Instruct -> None requests
[2026-08-22 11:43:35.821 Model_Service_5] [PAPER-KV-V6] fetch meta-llama/Llama-3.2-3B -> None requests
[2026-08-22 11:43:35.826 Model_Service_2] [PAPER-KV-V6] fetch Qwen/Qwen2.5-7B-Instruct -> None requests
[2026-08-22 11:43:35.826 Model_Service_0] [PAPER-KV-V6] fetch Qwen/Qwen2.5-1.5B-Instruct -> None requests
[2026-08-22 11:43:35.831 Model_Service_5] [PAPER-KV-V6] fetch meta-llama/Llama-3.2-3B -> None requests
[2026-08-22 11:43:35.836 Model_Service_2] [PAPER-KV-V6] fetch Qwen/Qwen2.5-7B-Instruct -> None requests
[2026-08-22 11:43:35.837 Model_Service_0] [PAPER-KV-V6] fetch Qwen/Qwen2.5-1.5B-Instruct -> None requests
[2026-08-22 11:43:35.842 Model_Service_5] [PAPER-KV-V6] fetch meta-llama/Llama-3.2-3B -> None requests
[2026-08-22 11:43:35.846 Model_Service_2] [PAPER-KV-V6] fetch Qwen/Qwen2.5-7B-Instruct -> None requests
[2026-08-22 11:43:35.847 Model_Service_0] [PAPER-KV-V6] fetch Qwen/Qwen2.5-1.5B-Instruct -> None requests
[2026-08-22 11:43:35.852 Model_Service_5] [PAPER-KV-V6] fetch meta-llama/Llama-3.2-3B -> None requests
[2026-08-22 11:43:35.857 Model_Service_2] [PAPER-KV-V6] fetch Qwen/Qwen2.5-7B-Instruct -> None requests
[2026-08-22 11:43:35.858 Model_Service_0] [PAPER-KV-V6] fetch Qwen/Qwen2.5-1.5B-Instruct -> None requests
[2026-08-22 11:43:35.863 Model_Service_5] [PAPER-KV-V6] fetch meta-llama/Llama-3.2-3B -> None requests
[2026-08-22 11:43:35.867 Model_Service_2] [PAPER-KV-V6] fetch Qwen/Qwen2.5-7B-Instruct -> None requests
[2026-08-22 11:43:35.869 Model_Service_0] [PAPER-KV-V6] fetch Qwen/Qwen2.5-1.5B-Instruct -> None requests
[2026-08-22 11:43:35.873 Model_Service_5] [PAPER-KV-V6] fetch meta-llama/Llama-3.2-3B -> None requests
[2026-08-22 11:43:35.877 Model_Service_2] [PAPER-KV-V6] fetch Qwen/Qwen2.5-7B-Instruct -> None requests
[2026-08-22 11:43:35.879 Model_Service_0] [PAPER-KV-V6] fetch Qwen/Qwen2.5-1.5B-Instruct -> None requests
[2026-08-22 11:43:35.884 Model_Service_5] [PAPER-KV-V6] fetch meta-llama/Llama-3.2-3B -> None requests
[2026-08-22 11:43:35.887 Model_Service_2] [PAPER-KV-V6] fetch Qwen/Qwen2.5-7B-Instruct -> None requests
[2026-08-22 11:43:35.890 Model_Service_0] [PAPER-KV-V6] fetch Qwen/Qwen2.5-1.5B-Instruct -> None requests
[2026-08-22 11:43:35.895 Model_Service_5] [PAPER-KV-V6] fetch meta-llama/Llama-3.2-3B -> None requests
[2026-08-22 11:43:35.898 Model_Service_2] [PAPER-KV-V6] fetch Qwen/Qwen2.5-7B-Instruct -> None requests
[2026-08-22 11:43:35.900 Model_Service_0] [PAPER-KV-V6] fetch Qwen/Qwen2.5-1.5B-Instruct -> None requests
[2026-08-22 11:43:35.906 Model_Service_5] [PAPER-KV-V6] fetch meta-llama/Llama-3.2-3B -> None requests
[2026-08-22 11:43:35.908 Model_Service_2] [PAPER-KV-V6] fetch Qwen/Qwen2.5-7B-Instruct -> None requests
[2026-08-22 11:43:35.911 Model_Service_0] [PAPER-KV-V6] fetch Qwen/Qwen2.5-1.5B-Instruct -> None requests
[2026-08-22 11:43:35.916 Model_Service_5] [PAPER-KV-V6] fetch meta-llama/Llama-3.2-3B -> None requests
[2026-08-22 11:43:35.918 Model_Service_2] [PAPER-KV-V6] fetch Qwen/Qwen2.5-7B-Instruct -> None requests
[2026-08-22 11:43:35.921 Model_Service_0] [PAPER-KV-V6] fetch Qwen/Qwen2.5-1.5B-Instruct -> None requests
[2026-08-22 11:43:35.927 Model_Service_5] [PAPER-KV-V6] fetch meta-llama/Llama-3.2-3B -> None requests
[2026-08-22 11:43:35.929 Model_Service_2] [PAPER-KV-V6] fetch Qwen/Qwen2.5-7B-Instruct -> None requests
[2026-08-22 11:43:35.932 Model_Service_0] [PAPER-KV-V6] fetch Qwen/Qwen2.5-1.5B-Instruct -> None requests
[2026-08-22 11:43:35.938 Model_Service_5] [PAPER-KV-V6] fetch meta-llama/Llama-3.2-3B -> None requests
[2026-08-22 11:43:35.939 Model_Service_2] [PAPER-KV-V6] fetch Qwen/Qwen2.5-7B-Instruct -> None requests
[2026-08-22 11:43:35.942 Model_Service_0] [PAPER-KV-V6] fetch Qwen/Qwen2.5-1.5B-Instruct -> None requests
[2026-08-22 11:43:35.948 Model_Service_5] [PAPER-KV-V6] fetch meta-llama/Llama-3.2-3B -> None requests
[2026-08-22 11:43:35.950 Model_Service_2] [PAPER-KV-V6] fetch Qwen/Qwen2.5-7B-Instruct -> None requests
[2026-08-22 11:43:35.953 Model_Service_0] [PAPER-KV-V6] fetch Qwen/Qwen2.5-1.5B-Instruct -> None requests
[2026-08-22 11:43:35.959 Model_Service_5] [PAPER-KV-V6] fetch meta-llama/Llama-3.2-3B -> None requests
[2026-08-22 11:43:35.960 Model_Service_2] [PAPER-KV-V6] fetch Qwen/Qwen2.5-7B-Instruct -> None requests
[2026-08-22 11:43:35.963 Model_Service_0] [PAPER-KV-V6] fetch Qwen/Qwen2.5-1.5B-Instruct -> None requests
[2026-08-22 11:43:35.969 Model_Service_5] [PAPER-KV-V6] fetch meta-llama/Llama-3.2-3B -> None requests
[2026-08-22 11:43:35.971 Model_Service_2] [PAPER-KV-V6] fetch Qwen/Qwen2.5-7B-Instruct -> None requests
[2026-08-22 11:43:35.974 Model_Service_0] [PAPER-KV-V6] fetch Qwen/Qwen2.5-1.5B-Instruct -> None requests
[2026-08-22 11:43:35.980 Model_Service_5] [PAPER-KV-V6] fetch meta-llama/Llama-3.2-3B -> None requests
[2026-08-22 11:43:35.981 Model_Service_2] [PAPER-KV-V6] fetch Qwen/Qwen2.5-7B-Instruct -> None requests
[2026-08-22 11:43:35.984 Model_Service_0] [PAPER-KV-V6] fetch Qwen/Qwen2.5-1.5B-Instruct -> None requests
[2026-08-22 11:43:35.991 Model_Service_5] [PAPER-KV-V6] fetch meta-llama/Llama-3.2-3B -> None requests
[2026-08-22 11:43:35.991 Model_Service_2] [PAPER-KV-V6] fetch Qwen/Qwen2.5-7B-Instruct -> None requests
[2026-08-22 11:43:35.995 Model_Service_0] [PAPER-KV-V6] fetch Qwen/Qwen2.5-1.5B-Instruct -> None requests
[2026-08-22 11:43:36.001 Model_Service_5] [PAPER-KV-V6] fetch meta-llama/Llama-3.2-3B -> None requests
[2026-08-22 11:43:36.002 Model_Service_2] [PAPER-KV-V6] fetch Qwen/Qwen2.5-7B-Instruct -> None requests
[2026-08-22 11:43:36.005 Model_Service_0] [PAPER-KV-V6] fetch Qwen/Qwen2.5-1.5B-Instruct -> None requests
[2026-08-22 11:43:36.012 Model_Service_5] [PAPER-KV-V6] fetch meta-llama/Llama-3.2-3B -> None requests
[2026-08-22 11:43:36.012 Model_Service_2] [PAPER-KV-V6] fetch Qwen/Qwen2.5-7B-Instruct -> None requests
[2026-08-22 11:43:36.016 Model_Service_0] [PAPER-KV-V6] fetch Qwen/Qwen2.5-1.5B-Instruct -> None requests
[2026-08-22 11:43:36.022 Model_Service_5] [PAPER-KV-V6] fetch meta-llama/Llama-3.2-3B -> None requests
[2026-08-22 11:43:36.023 Model_Service_2] [PAPER-KV-V6] fetch Qwen/Qwen2.5-7B-Instruct -> None requests
[2026-08-22 11:43:36.027 Model_Service_0] [PAPER-KV-V6] fetch Qwen/Qwen2.5-1.5B-Instruct -> None requests
[2026-08-22 11:43:36.033 Model_Service_2] [PAPER-KV-V6] fetch Qwen/Qwen2.5-7B-Instruct -> None requests
[2026-08-22 11:43:36.033 Model_Service_5] [PAPER-KV-V6] fetch meta-llama/Llama-3.2-3B -> None requests
[2026-08-22 11:43:36.037 Model_Service_0] [PAPER-KV-V6] fetch Qwen/Qwen2.5-1.5B-Instruct -> None requests
[2026-08-22 11:43:36.043 Model_Service_2] [PAPER-KV-V6] fetch Qwen/Qwen2.5-7B-Instruct -> None requests
[2026-08-22 11:43:36.044 Model_Service_5] [PAPER-KV-V6] fetch meta-llama/Llama-3.2-3B -> None requests
[2026-08-22 11:43:36.048 Model_Service_0] [PAPER-KV-V6] fetch Qwen/Qwen2.5-1.5B-Instruct -> None requests
[2026-08-22 11:43:36.054 Model_Service_2] [PAPER-KV-V6] fetch Qwen/Qwen2.5-7B-Instruct -> None requests
[2026-08-22 11:43:36.054 Model_Service_5] [PAPER-KV-V6] fetch meta-llama/Llama-3.2-3B -> None requests
[2026-08-22 11:43:36.058 Model_Service_0] [PAPER-KV-V6] fetch Qwen/Qwen2.5-1.5B-Instruct -> None requests
[2026-08-22 11:43:36.064 Model_Service_2] [PAPER-KV-V6] fetch Qwen/Qwen2.5-7B-Instruct -> None requests
[2026-08-22 11:43:36.065 Model_Service_5] [PAPER-KV-V6] fetch meta-llama/Llama-3.2-3B -> None requests
[2026-08-22 11:43:36.069 Model_Service_0] [PAPER-KV-V6] fetch Qwen/Qwen2.5-1.5B-Instruct -> None requests
[2026-08-22 11:43:36.074 Model_Service_2] [PAPER-KV-V6] fetch Qwen/Qwen2.5-7B-Instruct -> None requests
[2026-08-22 11:43:36.075 Model_Service_5] [PAPER-KV-V6] fetch meta-llama/Llama-3.2-3B -> None requests
[2026-08-22 11:43:36.079 Model_Service_0] [PAPER-KV-V6] fetch Qwen/Qwen2.5-1.5B-Instruct -> None requests
[2026-08-22 11:43:36.085 Model_Service_2] [PAPER-KV-V6] fetch Qwen/Qwen2.5-7B-Instruct -> None requests
[2026-08-22 11:43:36.086 Model_Service_5] [PAPER-KV-V6] fetch meta-llama/Llama-3.2-3B -> None requests
[2026-08-22 11:43:36.090 Model_Service_0] [PAPER-KV-V6] fetch Qwen/Qwen2.5-1.5B-Instruct -> None requests
[2026-08-22 11:43:36.095 Model_Service_2] [PAPER-KV-V6] fetch Qwen/Qwen2.5-7B-Instruct -> None requests
[2026-08-22 11:43:36.097 Model_Service_5] [PAPER-KV-V6] fetch meta-llama/Llama-3.2-3B -> None requests
[2026-08-22 11:43:36.101 Model_Service_0] [PAPER-KV-V6] fetch Qwen/Qwen2.5-1.5B-Instruct -> None requests
[2026-08-22 11:43:36.106 Model_Service_2] [PAPER-KV-V6] fetch Qwen/Qwen2.5-7B-Instruct -> None requests
[2026-08-22 11:43:36.107 Model_Service_5] [PAPER-KV-V6] fetch meta-llama/Llama-3.2-3B -> None requests
[2026-08-22 11:43:36.111 Model_Service_0] [PAPER-KV-V6] fetch Qwen/Qwen2.5-1.5B-Instruct -> None requests
[2026-08-22 11:43:36.116 Model_Service_2] [PAPER-KV-V6] fetch Qwen/Qwen2.5-7B-Instruct -> None requests
[2026-08-22 11:43:36.117 Model_Service_5] [PAPER-KV-V6] fetch meta-llama/Llama-3.2-3B -> None requests
[2026-08-22 11:43:36.122 Model_Service_0] [PAPER-KV-V6] fetch Qwen/Qwen2.5-1.5B-Instruct -> None requests
[2026-08-22 11:43:36.126 Model_Service_2] [PAPER-KV-V6] fetch Qwen/Qwen2.5-7B-Instruct -> None requests
[2026-08-22 11:43:36.128 Model_Service_5] [PAPER-KV-V6] fetch meta-llama/Llama-3.2-3B -> None requests
[2026-08-22 11:43:36.132 Model_Service_0] [PAPER-KV-V6] fetch Qwen/Qwen2.5-1.5B-Instruct -> None requests
[2026-08-22 11:43:36.137 Model_Service_2] [PAPER-KV-V6] fetch Qwen/Qwen2.5-7B-Instruct -> None requests
[2026-08-22 11:43:36.138 Model_Service_5] [PAPER-KV-V6] fetch meta-llama/Llama-3.2-3B -> None requests
[2026-08-22 11:43:36.143 Model_Service_0] [PAPER-KV-V6] fetch Qwen/Qwen2.5-1.5B-Instruct -> None requests
[2026-08-22 11:43:36.147 Model_Service_2] [PAPER-KV-V6] fetch Qwen/Qwen2.5-7B-Instruct -> None requests
[2026-08-22 11:43:36.149 Model_Service_5] [PAPER-KV-V6] fetch meta-llama/Llama-3.2-3B -> None requests
[2026-08-22 11:43:36.153 Model_Service_0] [PAPER-KV-V6] fetch Qwen/Qwen2.5-1.5B-Instruct -> None requests
[2026-08-22 11:43:36.157 Model_Service_2] [PAPER-KV-V6] fetch Qwen/Qwen2.5-7B-Instruct -> None requests
[2026-08-22 11:43:36.159 Model_Service_5] [PAPER-KV-V6] fetch meta-llama/Llama-3.2-3B -> None requests
[2026-08-22 11:43:36.164 Model_Service_0] [PAPER-KV-V6] fetch Qwen/Qwen2.5-1.5B-Instruct -> None requests
[2026-08-22 11:43:36.168 Model_Service_2] [PAPER-KV-V6] fetch Qwen/Qwen2.5-7B-Instruct -> None requests
[2026-08-22 11:43:36.169 Model_Service_5] [PAPER-KV-V6] fetch meta-llama/Llama-3.2-3B -> None requests
[2026-08-22 11:43:36.174 Model_Service_0] [PAPER-KV-V6] fetch Qwen/Qwen2.5-1.5B-Instruct -> None requests
[2026-08-22 11:43:36.178 Model_Service_2] [PAPER-KV-V6] fetch Qwen/Qwen2.5-7B-Instruct -> None requests
[2026-08-22 11:43:36.180 Model_Service_5] [PAPER-KV-V6] fetch meta-llama/Llama-3.2-3B -> None requests
[2026-08-22 11:43:36.185 Model_Service_0] [PAPER-KV-V6] fetch Qwen/Qwen2.5-1.5B-Instruct -> None requests
[2026-08-22 11:43:36.188 Model_Service_2] [PAPER-KV-V6] fetch Qwen/Qwen2.5-7B-Instruct -> None requests
[2026-08-22 11:43:36.190 Model_Service_5] [PAPER-KV-V6] fetch meta-llama/Llama-3.2-3B -> None requests
[2026-08-22 11:43:36.195 Model_Service_0] [PAPER-KV-V6] fetch Qwen/Qwen2.5-1.5B-Instruct -> None requests
[2026-08-22 11:43:36.199 Model_Service_2] [PAPER-KV-V6] fetch Qwen/Qwen2.5-7B-Instruct -> None requests
[2026-08-22 11:43:36.201 Model_Service_5] [PAPER-KV-V6] fetch meta-llama/Llama-3.2-3B -> None requests
[2026-08-22 11:43:36.205 Model_Service_0] [PAPER-KV-V6] fetch Qwen/Qwen2.5-1.5B-Instruct -> None requests
[2026-08-22 11:43:36.209 Model_Service_2] [PAPER-KV-V6] fetch Qwen/Qwen2.5-7B-Instruct -> None requests
[2026-08-22 11:43:36.211 Model_Service_5] [PAPER-KV-V6] fetch meta-llama/Llama-3.2-3B -> None requests
[2026-08-22 11:43:36.216 Model_Service_0] [PAPER-KV-V6] fetch Qwen/Qwen2.5-1.5B-Instruct -> None requests
[2026-08-22 11:43:36.220 Model_Service_2] [PAPER-KV-V6] fetch Qwen/Qwen2.5-7B-Instruct -> None requests
[2026-08-22 11:43:36.221 Model_Service_5] [PAPER-KV-V6] fetch meta-llama/Llama-3.2-3B -> None requests
[2026-08-22 11:43:36.226 Model_Service_0] [PAPER-KV-V6] fetch Qwen/Qwen2.5-1.5B-Instruct -> None requests
[2026-08-22 11:43:36.230 Model_Service_2] [PAPER-KV-V6] fetch Qwen/Qwen2.5-7B-Instruct -> None requests
[2026-08-22 11:43:36.232 Model_Service_5] [PAPER-KV-V6] fetch meta-llama/Llama-3.2-3B -> None requests
[2026-08-22 11:43:36.237 Model_Service_0] [PAPER-KV-V6] fetch Qwen/Qwen2.5-1.5B-Instruct -> None requests
[2026-08-22 11:43:36.241 Model_Service_2] [PAPER-KV-V6] fetch Qwen/Qwen2.5-7B-Instruct -> None requests
[2026-08-22 11:43:36.242 Model_Service_5] [PAPER-KV-V6] fetch meta-llama/Llama-3.2-3B -> None requests
[2026-08-22 11:43:36.247 Model_Service_0] [PAPER-KV-V6] fetch Qwen/Qwen2.5-1.5B-Instruct -> None requests
[2026-08-22 11:43:36.251 Model_Service_2] [PAPER-KV-V6] fetch Qwen/Qwen2.5-7B-Instruct -> None requests
[2026-08-22 11:43:36.252 Model_Service_5] [PAPER-KV-V6] fetch meta-llama/Llama-3.2-3B -> None requests
[2026-08-22 11:43:36.258 Model_Service_0] [PAPER-KV-V6] fetch Qwen/Qwen2.5-1.5B-Instruct -> None requests
[2026-08-22 11:43:36.262 Model_Service_2] [PAPER-KV-V6] fetch Qwen/Qwen2.5-7B-Instruct -> None requests
[2026-08-22 11:43:36.263 Model_Service_5] [PAPER-KV-V6] fetch meta-llama/Llama-3.2-3B -> None requests
[2026-08-22 11:43:36.268 Model_Service_0] [PAPER-KV-V6] fetch Qwen/Qwen2.5-1.5B-Instruct -> None requests
[2026-08-22 11:43:36.272 Model_Service_2] [PAPER-KV-V6] fetch Qwen/Qwen2.5-7B-Instruct -> None requests
[2026-08-22 11:43:36.273 Model_Service_5] [PAPER-KV-V6] fetch meta-llama/Llama-3.2-3B -> None requests
[2026-08-22 11:43:36.279 Model_Service_0] [PAPER-KV-V6] fetch Qwen/Qwen2.5-1.5B-Instruct -> None requests
[2026-08-22 11:43:36.282 Model_Service_2] [PAPER-KV-V6] fetch Qwen/Qwen2.5-7B-Instruct -> None requests
[2026-08-22 11:43:36.283 Model_Service_5] [PAPER-KV-V6] fetch meta-llama/Llama-3.2-3B -> None requests
[2026-08-22 11:43:36.289 Model_Service_0] [PAPER-KV-V6] fetch Qwen/Qwen2.5-1.5B-Instruct -> None requests
[2026-08-22 11:43:36.293 Model_Service_2] [PAPER-KV-V6] fetch Qwen/Qwen2.5-7B-Instruct -> None requests
[2026-08-22 11:43:36.294 Model_Service_5] [PAPER-KV-V6] fetch meta-llama/Llama-3.2-3B -> None requests
[2026-08-22 11:43:36.299 Model_Service_0] [PAPER-KV-V6] fetch Qwen/Qwen2.5-1.5B-Instruct -> None requests
[2026-08-22 11:43:36.303 Model_Service_2] [PAPER-KV-V6] fetch Qwen/Qwen2.5-7B-Instruct -> None requests
[2026-08-22 11:43:36.304 Model_Service_5] [PAPER-KV-V6] fetch meta-llama/Llama-3.2-3B -> None requests
[2026-08-22 11:43:36.310 Model_Service_0] [PAPER-KV-V6] fetch Qwen/Qwen2.5-1.5B-Instruct -> None requests
[2026-08-22 11:43:36.313 Model_Service_2] [PAPER-KV-V6] fetch Qwen/Qwen2.5-7B-Instruct -> None requests
[2026-08-22 11:43:36.315 Model_Service_5] [PAPER-KV-V6] fetch meta-llama/Llama-3.2-3B -> None requests
[2026-08-22 11:43:36.320 Model_Service_0] [PAPER-KV-V6] fetch Qwen/Qwen2.5-1.5B-Instruct -> None requests
[2026-08-22 11:43:36.324 Model_Service_2] [PAPER-KV-V6] fetch Qwen/Qwen2.5-7B-Instruct -> None requests
[2026-08-22 11:43:36.325 Model_Service_5] [PAPER-KV-V6] fetch meta-llama/Llama-3.2-3B -> None requests
[2026-08-22 11:43:36.331 Model_Service_0] [PAPER-KV-V6] fetch Qwen/Qwen2.5-1.5B-Instruct -> None requests
[2026-08-22 11:43:36.334 Model_Service_2] [PAPER-KV-V6] fetch Qwen/Qwen2.5-7B-Instruct -> None requests
[2026-08-22 11:43:36.335 Model_Service_5] [PAPER-KV-V6] fetch meta-llama/Llama-3.2-3B -> None requests
[2026-08-22 11:43:36.341 Model_Service_0] [PAPER-KV-V6] fetch Qwen/Qwen2.5-1.5B-Instruct -> None requests
[2026-08-22 11:43:36.345 Model_Service_2] [PAPER-KV-V6] fetch Qwen/Qwen2.5-7B-Instruct -> None requests
[2026-08-22 11:43:36.346 Model_Service_5] [PAPER-KV-V6] fetch meta-llama/Llama-3.2-3B -> None requests
[2026-08-22 11:43:36.351 Model_Service_0] [PAPER-KV-V6] fetch Qwen/Qwen2.5-1.5B-Instruct -> None requests
[2026-08-22 11:43:36.355 Model_Service_2] [PAPER-KV-V6] fetch Qwen/Qwen2.5-7B-Instruct -> None requests
[2026-08-22 11:43:36.356 Model_Service_5] [PAPER-KV-V6] fetch meta-llama/Llama-3.2-3B -> None requests
[2026-08-22 11:43:36.362 Model_Service_0] [PAPER-KV-V6] fetch Qwen/Qwen2.5-1.5B-Instruct -> None requests
[2026-08-22 11:43:36.366 Model_Service_2] [PAPER-KV-V6] fetch Qwen/Qwen2.5-7B-Instruct -> None requests
[2026-08-22 11:43:36.366 Model_Service_5] [PAPER-KV-V6] fetch meta-llama/Llama-3.2-3B -> None requests
[2026-08-22 11:43:36.372 Model_Service_0] [PAPER-KV-V6] fetch Qwen/Qwen2.5-1.5B-Instruct -> None requests
[2026-08-22 11:43:36.376 Model_Service_2] [PAPER-KV-V6] fetch Qwen/Qwen2.5-7B-Instruct -> None requests
[2026-08-22 11:43:36.377 Model_Service_5] [PAPER-KV-V6] fetch meta-llama/Llama-3.2-3B -> None requests
[2026-08-22 11:43:36.383 Model_Service_0] [PAPER-KV-V6] fetch Qwen/Qwen2.5-1.5B-Instruct -> None requests
[2026-08-22 11:43:36.387 Model_Service_2] [PAPER-KV-V6] fetch Qwen/Qwen2.5-7B-Instruct -> None requests
[2026-08-22 11:43:36.387 Model_Service_5] [PAPER-KV-V6] fetch meta-llama/Llama-3.2-3B -> None requests
[2026-08-22 11:43:36.393 Model_Service_0] [PAPER-KV-V6] fetch Qwen/Qwen2.5-1.5B-Instruct -> None requests
[2026-08-22 11:43:36.397 Model_Service_2] [PAPER-KV-V6] fetch Qwen/Qwen2.5-7B-Instruct -> None requests
[2026-08-22 11:43:36.398 Model_Service_5] [PAPER-KV-V6] fetch meta-llama/Llama-3.2-3B -> None requests
[2026-08-22 11:43:36.403 Model_Service_0] [PAPER-KV-V6] fetch Qwen/Qwen2.5-1.5B-Instruct -> None requests
[2026-08-22 11:43:36.408 Model_Service_5] [PAPER-KV-V6] fetch meta-llama/Llama-3.2-3B -> None requests
[2026-08-22 11:43:36.408 Model_Service_2] [PAPER-KV-V6] fetch Qwen/Qwen2.5-7B-Instruct -> None requests
[2026-08-22 11:43:36.414 Model_Service_0] [PAPER-KV-V6] fetch Qwen/Qwen2.5-1.5B-Instruct -> None requests
[2026-08-22 11:43:36.418 Model_Service_5] [PAPER-KV-V6] fetch meta-llama/Llama-3.2-3B -> None requests
[2026-08-22 11:43:36.418 Model_Service_2] [PAPER-KV-V6] fetch Qwen/Qwen2.5-7B-Instruct -> None requests
[2026-08-22 11:43:36.424 Model_Service_0] [PAPER-KV-V6] fetch Qwen/Qwen2.5-1.5B-Instruct -> None requests
[2026-08-22 11:43:36.429 Model_Service_5] [PAPER-KV-V6] fetch meta-llama/Llama-3.2-3B -> None requests
[2026-08-22 11:43:36.429 Model_Service_2] [PAPER-KV-V6] fetch Qwen/Qwen2.5-7B-Instruct -> None requests
[2026-08-22 11:43:36.434 Model_Service_0] [PAPER-KV-V6] fetch Qwen/Qwen2.5-1.5B-Instruct -> None requests
[2026-08-22 11:43:36.439 Model_Service_5] [PAPER-KV-V6] fetch meta-llama/Llama-3.2-3B -> None requests
[2026-08-22 11:43:36.439 Model_Service_2] [PAPER-KV-V6] fetch Qwen/Qwen2.5-7B-Instruct -> None requests
[2026-08-22 11:43:36.445 Model_Service_0] [PAPER-KV-V6] fetch Qwen/Qwen2.5-1.5B-Instruct -> None requests
[2026-08-22 11:43:36.449 Model_Service_5] [PAPER-KV-V6] fetch meta-llama/Llama-3.2-3B -> None requests
[2026-08-22 11:43:36.450 Model_Service_2] [PAPER-KV-V6] fetch Qwen/Qwen2.5-7B-Instruct -> None requests
[2026-08-22 11:43:36.455 Model_Service_0] [PAPER-KV-V6] fetch Qwen/Qwen2.5-1.5B-Instruct -> None requests
[2026-08-22 11:43:36.460 Model_Service_5] [PAPER-KV-V6] fetch meta-llama/Llama-3.2-3B -> None requests
[2026-08-22 11:43:36.460 Model_Service_2] [PAPER-KV-V6] fetch Qwen/Qwen2.5-7B-Instruct -> None requests
[2026-08-22 11:43:36.466 Model_Service_0] [PAPER-KV-V6] fetch Qwen/Qwen2.5-1.5B-Instruct -> None requests
[2026-08-22 11:43:36.470 Model_Service_5] [PAPER-KV-V6] fetch meta-llama/Llama-3.2-3B -> None requests
[2026-08-22 11:43:36.470 Model_Service_2] [PAPER-KV-V6] fetch Qwen/Qwen2.5-7B-Instruct -> None requests
[2026-08-22 11:43:36.477 Model_Service_0] [PAPER-KV-V6] fetch Qwen/Qwen2.5-1.5B-Instruct -> None requests
[2026-08-22 11:43:36.480 Model_Service_5] [PAPER-KV-V6] fetch meta-llama/Llama-3.2-3B -> None requests
[2026-08-22 11:43:36.481 Model_Service_2] [PAPER-KV-V6] fetch Qwen/Qwen2.5-7B-Instruct -> None requests
[2026-08-22 11:43:36.487 Model_Service_0] [PAPER-KV-V6] fetch Qwen/Qwen2.5-1.5B-Instruct -> None requests
[2026-08-22 11:43:36.491 Model_Service_5] [PAPER-KV-V6] fetch meta-llama/Llama-3.2-3B -> None requests
[2026-08-22 11:43:36.491 Model_Service_2] [PAPER-KV-V6] fetch Qwen/Qwen2.5-7B-Instruct -> None requests
[2026-08-22 11:43:36.498 Model_Service_0] [PAPER-KV-V6] fetch Qwen/Qwen2.5-1.5B-Instruct -> None requests
[2026-08-22 11:43:36.501 Model_Service_5] [PAPER-KV-V6] fetch meta-llama/Llama-3.2-3B -> None requests
[2026-08-22 11:43:36.501 Model_Service_2] [PAPER-KV-V6] fetch Qwen/Qwen2.5-7B-Instruct -> None requests
[2026-08-22 11:43:36.508 Model_Service_0] [PAPER-KV-V6] fetch Qwen/Qwen2.5-1.5B-Instruct -> None requests
[2026-08-22 11:43:36.511 Model_Service_5] [PAPER-KV-V6] fetch meta-llama/Llama-3.2-3B -> None requests
[2026-08-22 11:43:36.512 Model_Service_2] [PAPER-KV-V6] fetch Qwen/Qwen2.5-7B-Instruct -> None requests
[2026-08-22 11:43:36.519 Model_Service_0] [PAPER-KV-V6] fetch Qwen/Qwen2.5-1.5B-Instruct -> None requests
[2026-08-22 11:43:36.522 Model_Service_5] [PAPER-KV-V6] fetch meta-llama/Llama-3.2-3B -> None requests
[2026-08-22 11:43:36.522 Model_Service_2] [PAPER-KV-V6] fetch Qwen/Qwen2.5-7B-Instruct -> None requests
[2026-08-22 11:43:36.529 Model_Service_0] [PAPER-KV-V6] fetch Qwen/Qwen2.5-1.5B-Instruct -> None requests
[2026-08-22 11:43:36.532 Model_Service_5] [PAPER-KV-V6] fetch meta-llama/Llama-3.2-3B -> None requests
[2026-08-22 11:43:36.533 Model_Service_2] [PAPER-KV-V6] fetch Qwen/Qwen2.5-7B-Instruct -> None requests
[2026-08-22 11:43:36.539 Model_Service_0] [PAPER-KV-V6] fetch Qwen/Qwen2.5-1.5B-Instruct -> None requests
[2026-08-22 11:43:36.542 Model_Service_5] [PAPER-KV-V6] fetch meta-llama/Llama-3.2-3B -> None requests
[2026-08-22 11:43:36.543 Model_Service_2] [PAPER-KV-V6] fetch Qwen/Qwen2.5-7B-Instruct -> None requests
[2026-08-22 11:43:36.550 Model_Service_0] [PAPER-KV-V6] fetch Qwen/Qwen2.5-1.5B-Instruct -> None requests
[2026-08-22 11:43:36.553 Model_Service_5] [PAPER-KV-V6] fetch meta-llama/Llama-3.2-3B -> None requests
[2026-08-22 11:43:36.553 Model_Service_2] [PAPER-KV-V6] fetch Qwen/Qwen2.5-7B-Instruct -> None requests
[2026-08-22 11:43:36.560 Model_Service_0] [PAPER-KV-V6] fetch Qwen/Qwen2.5-1.5B-Instruct -> None requests
[2026-08-22 11:43:36.563 Model_Service_5] [PAPER-KV-V6] fetch meta-llama/Llama-3.2-3B -> None requests
[2026-08-22 11:43:36.564 Model_Service_2] [PAPER-KV-V6] fetch Qwen/Qwen2.5-7B-Instruct -> None requests
[2026-08-22 11:43:36.571 Model_Service_0] [PAPER-KV-V6] fetch Qwen/Qwen2.5-1.5B-Instruct -> None requests
[2026-08-22 11:43:36.574 Model_Service_5] [PAPER-KV-V6] fetch meta-llama/Llama-3.2-3B -> None requests
[2026-08-22 11:43:36.574 Model_Service_2] [PAPER-KV-V6] fetch Qwen/Qwen2.5-7B-Instruct -> None requests
[2026-08-22 11:43:36.581 Model_Service_0] [PAPER-KV-V6] fetch Qwen/Qwen2.5-1.5B-Instruct -> None requests
[2026-08-22 11:43:36.584 Model_Service_5] [PAPER-KV-V6] fetch meta-llama/Llama-3.2-3B -> None requests
[2026-08-22 11:43:36.585 Model_Service_2] [PAPER-KV-V6] fetch Qwen/Qwen2.5-7B-Instruct -> None requests
[2026-08-22 11:43:36.592 Model_Service_0] [PAPER-KV-V6] fetch Qwen/Qwen2.5-1.5B-Instruct -> None requests
[2026-08-22 11:43:36.594 Model_Service_5] [PAPER-KV-V6] fetch meta-llama/Llama-3.2-3B -> None requests
[2026-08-22 11:43:36.596 Model_Service_2] [PAPER-KV-V6] fetch Qwen/Qwen2.5-7B-Instruct -> None requests
[2026-08-22 11:43:36.602 Model_Service_0] [PAPER-KV-V6] fetch Qwen/Qwen2.5-1.5B-Instruct -> None requests
[2026-08-22 11:43:36.605 Model_Service_5] [PAPER-KV-V6] fetch meta-llama/Llama-3.2-3B -> None requests
[2026-08-22 11:43:36.607 Model_Service_2] [PAPER-KV-V6] fetch Qwen/Qwen2.5-7B-Instruct -> None requests
[2026-08-22 11:43:36.613 Model_Service_0] [PAPER-KV-V6] fetch Qwen/Qwen2.5-1.5B-Instruct -> None requests
[2026-08-22 11:43:36.615 Model_Service_5] [PAPER-KV-V6] fetch meta-llama/Llama-3.2-3B -> None requests
[2026-08-22 11:43:36.617 Model_Service_2] [PAPER-KV-V6] fetch Qwen/Qwen2.5-7B-Instruct -> None requests
[2026-08-22 11:43:36.623 Model_Service_0] [PAPER-KV-V6] fetch Qwen/Qwen2.5-1.5B-Instruct -> None requests
[2026-08-22 11:43:36.625 Model_Service_5] [PAPER-KV-V6] fetch meta-llama/Llama-3.2-3B -> None requests
[2026-08-22 11:43:36.628 Model_Service_2] [PAPER-KV-V6] fetch Qwen/Qwen2.5-7B-Instruct -> None requests
[2026-08-22 11:43:36.634 Model_Service_0] [PAPER-KV-V6] fetch Qwen/Qwen2.5-1.5B-Instruct -> None requests
[2026-08-22 11:43:36.636 Model_Service_5] [PAPER-KV-V6] fetch meta-llama/Llama-3.2-3B -> None requests
[2026-08-22 11:43:36.638 Model_Service_2] [PAPER-KV-V6] fetch Qwen/Qwen2.5-7B-Instruct -> None requests
[2026-08-22 11:43:36.645 Model_Service_0] [PAPER-KV-V6] fetch Qwen/Qwen2.5-1.5B-Instruct -> None requests
[2026-08-22 11:43:36.646 Model_Service_5] [PAPER-KV-V6] fetch meta-llama/Llama-3.2-3B -> None requests
[2026-08-22 11:43:36.649 Model_Service_2] [PAPER-KV-V6] fetch Qwen/Qwen2.5-7B-Instruct -> None requests
[2026-08-22 11:43:36.655 Model_Service_0] [PAPER-KV-V6] fetch Qwen/Qwen2.5-1.5B-Instruct -> None requests
[2026-08-22 11:43:36.656 Model_Service_5] [PAPER-KV-V6] fetch meta-llama/Llama-3.2-3B -> None requests
[2026-08-22 11:43:36.660 Model_Service_2] [PAPER-KV-V6] fetch Qwen/Qwen2.5-7B-Instruct -> None requests
[2026-08-22 11:43:36.666 Model_Service_0] [PAPER-KV-V6] fetch Qwen/Qwen2.5-1.5B-Instruct -> None requests
[2026-08-22 11:43:36.667 Model_Service_5] [PAPER-KV-V6] fetch meta-llama/Llama-3.2-3B -> None requests
[2026-08-22 11:43:36.671 Model_Service_2] [PAPER-KV-V6] fetch Qwen/Qwen2.5-7B-Instruct -> None requests
[2026-08-22 11:43:36.676 Model_Service_0] [PAPER-KV-V6] fetch Qwen/Qwen2.5-1.5B-Instruct -> None requests
[2026-08-22 11:43:36.677 Model_Service_5] [PAPER-KV-V6] fetch meta-llama/Llama-3.2-3B -> None requests
[2026-08-22 11:43:36.681 Model_Service_2] [PAPER-KV-V6] fetch Qwen/Qwen2.5-7B-Instruct -> None requests
[2026-08-22 11:43:36.687 Model_Service_0] [PAPER-KV-V6] fetch Qwen/Qwen2.5-1.5B-Instruct -> None requests
[2026-08-22 11:43:36.687 Model_Service_5] [PAPER-KV-V6] fetch meta-llama/Llama-3.2-3B -> None requests
[2026-08-22 11:43:36.692 Model_Service_2] [PAPER-KV-V6] fetch Qwen/Qwen2.5-7B-Instruct -> None requests
[2026-08-22 11:43:36.698 Model_Service_5] [PAPER-KV-V6] fetch meta-llama/Llama-3.2-3B -> None requests
[2026-08-22 11:43:36.698 Model_Service_0] [PAPER-KV-V6] fetch Qwen/Qwen2.5-1.5B-Instruct -> None requests
[2026-08-22 11:43:36.703 Model_Service_2] [PAPER-KV-V6] fetch Qwen/Qwen2.5-7B-Instruct -> None requests
[2026-08-22 11:43:36.708 Model_Service_5] [PAPER-KV-V6] fetch meta-llama/Llama-3.2-3B -> None requests
[2026-08-22 11:43:36.709 Model_Service_0] [PAPER-KV-V6] fetch Qwen/Qwen2.5-1.5B-Instruct -> None requests
[2026-08-22 11:43:36.713 Model_Service_2] [PAPER-KV-V6] fetch Qwen/Qwen2.5-7B-Instruct -> None requests
[2026-08-22 11:43:36.719 Model_Service_5] [PAPER-KV-V6] fetch meta-llama/Llama-3.2-3B -> None requests
[2026-08-22 11:43:36.719 Model_Service_0] [PAPER-KV-V6] fetch Qwen/Qwen2.5-1.5B-Instruct -> None requests
[2026-08-22 11:43:36.724 Model_Service_2] [PAPER-KV-V6] fetch Qwen/Qwen2.5-7B-Instruct -> None requests
[2026-08-22 11:43:36.729 Model_Service_5] [PAPER-KV-V6] fetch meta-llama/Llama-3.2-3B -> None requests
[2026-08-22 11:43:36.730 Model_Service_0] [PAPER-KV-V6] fetch Qwen/Qwen2.5-1.5B-Instruct -> None requests
[2026-08-22 11:43:36.735 Model_Service_2] [PAPER-KV-V6] fetch Qwen/Qwen2.5-7B-Instruct -> None requests
[2026-08-22 11:43:36.739 Model_Service_5] [PAPER-KV-V6] fetch meta-llama/Llama-3.2-3B -> None requests
[2026-08-22 11:43:36.741 Model_Service_0] [PAPER-KV-V6] fetch Qwen/Qwen2.5-1.5B-Instruct -> None requests
[2026-08-22 11:43:36.746 Model_Service_2] [PAPER-KV-V6] fetch Qwen/Qwen2.5-7B-Instruct -> None requests
[2026-08-22 11:43:36.750 Model_Service_5] [PAPER-KV-V6] fetch meta-llama/Llama-3.2-3B -> None requests
[2026-08-22 11:43:36.751 Model_Service_0] [PAPER-KV-V6] fetch Qwen/Qwen2.5-1.5B-Instruct -> None requests
[2026-08-22 11:43:36.757 Model_Service_2] [PAPER-KV-V6] fetch Qwen/Qwen2.5-7B-Instruct -> None requests
[2026-08-22 11:43:36.760 Model_Service_5] [PAPER-KV-V6] fetch meta-llama/Llama-3.2-3B -> None requests
[2026-08-22 11:43:36.762 Model_Service_0] [PAPER-KV-V6] fetch Qwen/Qwen2.5-1.5B-Instruct -> None requests
[2026-08-22 11:43:36.767 Model_Service_2] [PAPER-KV-V6] fetch Qwen/Qwen2.5-7B-Instruct -> None requests
[2026-08-22 11:43:36.770 Model_Service_5] [PAPER-KV-V6] fetch meta-llama/Llama-3.2-3B -> None requests
[2026-08-22 11:43:36.773 Model_Service_0] [PAPER-KV-V6] fetch Qwen/Qwen2.5-1.5B-Instruct -> None requests
[2026-08-22 11:43:36.778 Model_Service_2] [PAPER-KV-V6] fetch Qwen/Qwen2.5-7B-Instruct -> None requests
[2026-08-22 11:43:36.781 Model_Service_5] [PAPER-KV-V6] fetch meta-llama/Llama-3.2-3B -> None requests
[2026-08-22 11:43:36.783 Model_Service_0] [PAPER-KV-V6] fetch Qwen/Qwen2.5-1.5B-Instruct -> None requests
[2026-08-22 11:43:36.789 Model_Service_2] [PAPER-KV-V6] fetch Qwen/Qwen2.5-7B-Instruct -> None requests
[2026-08-22 11:43:36.791 Model_Service_5] [PAPER-KV-V6] fetch meta-llama/Llama-3.2-3B -> None requests
[2026-08-22 11:43:36.794 Model_Service_0] [PAPER-KV-V6] fetch Qwen/Qwen2.5-1.5B-Instruct -> None requests
[2026-08-22 11:43:36.800 Model_Service_2] [PAPER-KV-V6] fetch Qwen/Qwen2.5-7B-Instruct -> None requests
[2026-08-22 11:43:36.801 Model_Service_5] [PAPER-KV-V6] fetch meta-llama/Llama-3.2-3B -> None requests
[2026-08-22 11:43:36.805 Model_Service_0] [PAPER-KV-V6] fetch Qwen/Qwen2.5-1.5B-Instruct -> None requests
[2026-08-22 11:43:36.811 Model_Service_2] [PAPER-KV-V6] fetch Qwen/Qwen2.5-7B-Instruct -> None requests
[2026-08-22 11:43:36.812 Model_Service_5] [PAPER-KV-V6] fetch meta-llama/Llama-3.2-3B -> None requests
[2026-08-22 11:43:36.815 Model_Service_0] [PAPER-KV-V6] fetch Qwen/Qwen2.5-1.5B-Instruct -> None requests
[2026-08-22 11:43:36.821 Model_Service_2] [PAPER-KV-V6] fetch Qwen/Qwen2.5-7B-Instruct -> None requests
[2026-08-22 11:43:36.822 Model_Service_5] [PAPER-KV-V6] fetch meta-llama/Llama-3.2-3B -> None requests
[2026-08-22 11:43:36.826 Model_Service_0] [PAPER-KV-V6] fetch Qwen/Qwen2.5-1.5B-Instruct -> None requests
[2026-08-22 11:43:36.832 Model_Service_2] [PAPER-KV-V6] fetch Qwen/Qwen2.5-7B-Instruct -> None requests
[2026-08-22 11:43:36.832 Model_Service_5] [PAPER-KV-V6] fetch meta-llama/Llama-3.2-3B -> None requests
[2026-08-22 11:43:36.838 Model_Service_0] [PAPER-KV-V6] fetch Qwen/Qwen2.5-1.5B-Instruct -> None requests
[2026-08-22 11:43:36.843 Model_Service_5] [PAPER-KV-V6] fetch meta-llama/Llama-3.2-3B -> None requests
[2026-08-22 11:43:36.843 Model_Service_2] [PAPER-KV-V6] fetch Qwen/Qwen2.5-7B-Instruct -> None requests
[2026-08-22 11:43:36.848 Model_Service_0] [PAPER-KV-V6] fetch Qwen/Qwen2.5-1.5B-Instruct -> None requests
[2026-08-22 11:43:36.853 Model_Service_5] [PAPER-KV-V6] fetch meta-llama/Llama-3.2-3B -> None requests
[2026-08-22 11:43:36.853 Model_Service_2] [PAPER-KV-V6] fetch Qwen/Qwen2.5-7B-Instruct -> None requests
[2026-08-22 11:43:36.859 Model_Service_0] [PAPER-KV-V6] fetch Qwen/Qwen2.5-1.5B-Instruct -> None requests
[2026-08-22 11:43:36.863 Model_Service_5] [PAPER-KV-V6] fetch meta-llama/Llama-3.2-3B -> None requests
[2026-08-22 11:43:36.864 Model_Service_2] [PAPER-KV-V6] fetch Qwen/Qwen2.5-7B-Instruct -> None requests
[2026-08-22 11:43:36.869 Model_Service_0] [PAPER-KV-V6] fetch Qwen/Qwen2.5-1.5B-Instruct -> None requests
[2026-08-22 11:43:36.874 Model_Service_5] [PAPER-KV-V6] fetch meta-llama/Llama-3.2-3B -> None requests
[2026-08-22 11:43:36.875 Model_Service_2] [PAPER-KV-V6] fetch Qwen/Qwen2.5-7B-Instruct -> None requests
[2026-08-22 11:43:36.880 Model_Service_0] [PAPER-KV-V6] fetch Qwen/Qwen2.5-1.5B-Instruct -> None requests
[2026-08-22 11:43:36.884 Model_Service_5] [PAPER-KV-V6] fetch meta-llama/Llama-3.2-3B -> None requests
[2026-08-22 11:43:36.885 Model_Service_2] [PAPER-KV-V6] fetch Qwen/Qwen2.5-7B-Instruct -> None requests
[2026-08-22 11:43:36.890 Model_Service_0] [PAPER-KV-V6] fetch Qwen/Qwen2.5-1.5B-Instruct -> None requests
[2026-08-22 11:43:36.894 Model_Service_5] [PAPER-KV-V6] fetch meta-llama/Llama-3.2-3B -> None requests
[2026-08-22 11:43:36.896 Model_Service_2] [PAPER-KV-V6] fetch Qwen/Qwen2.5-7B-Instruct -> None requests
[2026-08-22 11:43:36.905 Model_Service_5] [PAPER-KV-V6] fetch meta-llama/Llama-3.2-3B -> None requests
[2026-08-22 11:43:36.907 Model_Service_2] [PAPER-KV-V6] fetch Qwen/Qwen2.5-7B-Instruct -> None requests
[2026-08-22 11:43:36.915 Model_Service_5] [PAPER-KV-V6] fetch meta-llama/Llama-3.2-3B -> None requests
[2026-08-22 11:43:36.917 Model_Service_2] [PAPER-KV-V6] fetch Qwen/Qwen2.5-7B-Instruct -> None requests
[2026-08-22 11:43:36.926 Model_Service_5] [PAPER-KV-V6] fetch meta-llama/Llama-3.2-3B -> None requests
[2026-08-22 11:43:36.928 Model_Service_2] [PAPER-KV-V6] fetch Qwen/Qwen2.5-7B-Instruct -> None requests
[2026-08-22 11:43:36.930 Model_Service_1] Model service 1 input queue is empty, waiting for next request
[2026-08-22 11:43:36.936 Model_Service_5] [PAPER-KV-V6] fetch meta-llama/Llama-3.2-3B -> None requests
[2026-08-22 11:43:36.939 Model_Service_2] [PAPER-KV-V6] fetch Qwen/Qwen2.5-7B-Instruct -> None requests
[2026-08-22 11:43:36.947 Model_Service_5] [PAPER-KV-V6] fetch meta-llama/Llama-3.2-3B -> None requests
[2026-08-22 11:43:36.949 Model_Service_2] [PAPER-KV-V6] fetch Qwen/Qwen2.5-7B-Instruct -> None requests
[2026-08-22 11:43:36.957 Model_Service_5] [PAPER-KV-V6] fetch meta-llama/Llama-3.2-3B -> None requests
[2026-08-22 11:43:36.960 Model_Service_2] [PAPER-KV-V6] fetch Qwen/Qwen2.5-7B-Instruct -> None requests
[2026-08-22 11:43:36.968 Model_Service_5] [PAPER-KV-V6] fetch meta-llama/Llama-3.2-3B -> None requests
[2026-08-22 11:43:36.971 Model_Service_2] [PAPER-KV-V6] fetch Qwen/Qwen2.5-7B-Instruct -> None requests
[2026-08-22 11:43:36.979 Model_Service_5] [PAPER-KV-V6] fetch meta-llama/Llama-3.2-3B -> None requests
[2026-08-22 11:43:36.981 Model_Service_2] [PAPER-KV-V6] fetch Qwen/Qwen2.5-7B-Instruct -> None requests
[2026-08-22 11:43:36.989 Model_Service_5] [PAPER-KV-V6] fetch meta-llama/Llama-3.2-3B -> None requests
[2026-08-22 11:43:36.992 Model_Service_2] [PAPER-KV-V6] fetch Qwen/Qwen2.5-7B-Instruct -> None requests
[2026-08-22 11:43:37.000 Model_Service_5] [PAPER-KV-V6] fetch meta-llama/Llama-3.2-3B -> None requests
[2026-08-22 11:43:37.003 Model_Service_2] [PAPER-KV-V6] fetch Qwen/Qwen2.5-7B-Instruct -> None requests
[2026-08-22 11:43:37.011 Model_Service_5] [PAPER-KV-V6] fetch meta-llama/Llama-3.2-3B -> None requests
[2026-08-22 11:43:37.013 Model_Service_2] [PAPER-KV-V6] fetch Qwen/Qwen2.5-7B-Instruct -> None requests
[2026-08-22 11:43:37.021 Model_Service_5] [PAPER-KV-V6] fetch meta-llama/Llama-3.2-3B -> None requests
[2026-08-22 11:43:37.024 Model_Service_2] [PAPER-KV-V6] fetch Qwen/Qwen2.5-7B-Instruct -> None requests
[2026-08-22 11:43:37.032 Model_Service_5] [PAPER-KV-V6] fetch meta-llama/Llama-3.2-3B -> None requests
[2026-08-22 11:43:37.035 Model_Service_2] [PAPER-KV-V6] fetch Qwen/Qwen2.5-7B-Instruct -> None requests
[2026-08-22 11:43:37.043 Model_Service_5] [PAPER-KV-V6] fetch meta-llama/Llama-3.2-3B -> None requests
[2026-08-22 11:43:37.047 Model_Service_2] [PAPER-KV-V6] fetch Qwen/Qwen2.5-7B-Instruct -> None requests
[2026-08-22 11:43:37.054 Model_Service_5] [PAPER-KV-V6] fetch meta-llama/Llama-3.2-3B -> None requests
[2026-08-22 11:43:37.057 Model_Service_2] [PAPER-KV-V6] fetch Qwen/Qwen2.5-7B-Instruct -> None requests
[2026-08-22 11:43:37.065 Model_Service_5] [PAPER-KV-V6] fetch meta-llama/Llama-3.2-3B -> None requests
[2026-08-22 11:43:37.068 Model_Service_2] [PAPER-KV-V6] fetch Qwen/Qwen2.5-7B-Instruct -> None requests
[2026-08-22 11:43:37.075 Model_Service_5] [PAPER-KV-V6] fetch meta-llama/Llama-3.2-3B -> None requests
[2026-08-22 11:43:37.079 Model_Service_2] [PAPER-KV-V6] fetch Qwen/Qwen2.5-7B-Instruct -> None requests
[2026-08-22 11:43:37.086 Model_Service_5] [PAPER-KV-V6] fetch meta-llama/Llama-3.2-3B -> None requests
[2026-08-22 11:43:37.090 Model_Service_2] [PAPER-KV-V6] fetch Qwen/Qwen2.5-7B-Instruct -> None requests
[2026-08-22 11:43:37.097 Model_Service_5] [PAPER-KV-V6] fetch meta-llama/Llama-3.2-3B -> None requests
[2026-08-22 11:43:37.100 Model_Service_2] [PAPER-KV-V6] fetch Qwen/Qwen2.5-7B-Instruct -> None requests
[2026-08-22 11:43:37.108 Model_Service_5] [PAPER-KV-V6] fetch meta-llama/Llama-3.2-3B -> None requests
[2026-08-22 11:43:37.111 Model_Service_2] [PAPER-KV-V6] fetch Qwen/Qwen2.5-7B-Instruct -> None requests
[2026-08-22 11:43:37.118 Model_Service_5] [PAPER-KV-V6] fetch meta-llama/Llama-3.2-3B -> None requests
[2026-08-22 11:43:37.122 Model_Service_2] [PAPER-KV-V6] fetch Qwen/Qwen2.5-7B-Instruct -> None requests
[2026-08-22 11:43:37.129 Model_Service_5] [PAPER-KV-V6] fetch meta-llama/Llama-3.2-3B -> None requests
[2026-08-22 11:43:37.132 Model_Service_2] [PAPER-KV-V6] fetch Qwen/Qwen2.5-7B-Instruct -> None requests
[2026-08-22 11:43:37.140 Model_Service_5] [PAPER-KV-V6] fetch meta-llama/Llama-3.2-3B -> None requests
[2026-08-22 11:43:37.143 Model_Service_2] [PAPER-KV-V6] fetch Qwen/Qwen2.5-7B-Instruct -> None requests
[2026-08-22 11:43:37.151 Model_Service_5] [PAPER-KV-V6] fetch meta-llama/Llama-3.2-3B -> None requests
[2026-08-22 11:43:37.154 Model_Service_2] [PAPER-KV-V6] fetch Qwen/Qwen2.5-7B-Instruct -> None requests
[2026-08-22 11:43:37.161 Model_Service_5] [PAPER-KV-V6] fetch meta-llama/Llama-3.2-3B -> None requests
[2026-08-22 11:43:37.165 Model_Service_2] [PAPER-KV-V6] fetch Qwen/Qwen2.5-7B-Instruct -> None requests
[2026-08-22 11:43:37.172 Model_Service_5] [PAPER-KV-V6] fetch meta-llama/Llama-3.2-3B -> None requests
[2026-08-22 11:43:37.175 Model_Service_2] [PAPER-KV-V6] fetch Qwen/Qwen2.5-7B-Instruct -> None requests
[2026-08-22 11:43:37.183 Model_Service_5] [PAPER-KV-V6] fetch meta-llama/Llama-3.2-3B -> None requests
[2026-08-22 11:43:37.186 Model_Service_2] [PAPER-KV-V6] fetch Qwen/Qwen2.5-7B-Instruct -> None requests
[2026-08-22 11:43:37.194 Model_Service_5] [PAPER-KV-V6] fetch meta-llama/Llama-3.2-3B -> None requests
[2026-08-22 11:43:37.197 Model_Service_2] [PAPER-KV-V6] fetch Qwen/Qwen2.5-7B-Instruct -> None requests
[2026-08-22 11:43:37.204 Model_Service_5] [PAPER-KV-V6] fetch meta-llama/Llama-3.2-3B -> None requests
[2026-08-22 11:43:37.207 Model_Service_2] [PAPER-KV-V6] fetch Qwen/Qwen2.5-7B-Instruct -> None requests
[2026-08-22 11:43:37.215 Model_Service_5] [PAPER-KV-V6] fetch meta-llama/Llama-3.2-3B -> None requests
[2026-08-22 11:43:37.218 Model_Service_2] [PAPER-KV-V6] fetch Qwen/Qwen2.5-7B-Instruct -> None requests
[2026-08-22 11:43:37.226 Model_Service_5] [PAPER-KV-V6] fetch meta-llama/Llama-3.2-3B -> None requests
[2026-08-22 11:43:37.229 Model_Service_2] [PAPER-KV-V6] fetch Qwen/Qwen2.5-7B-Instruct -> None requests
[2026-08-22 11:43:37.237 Model_Service_5] [PAPER-KV-V6] fetch meta-llama/Llama-3.2-3B -> None requests
[2026-08-22 11:43:37.240 Model_Service_2] [PAPER-KV-V6] fetch Qwen/Qwen2.5-7B-Instruct -> None requests
[2026-08-22 11:43:37.247 Model_Service_5] [PAPER-KV-V6] fetch meta-llama/Llama-3.2-3B -> None requests
[2026-08-22 11:43:37.250 Model_Service_2] [PAPER-KV-V6] fetch Qwen/Qwen2.5-7B-Instruct -> None requests
[2026-08-22 11:43:37.258 Model_Service_5] [PAPER-KV-V6] fetch meta-llama/Llama-3.2-3B -> None requests
[2026-08-22 11:43:37.261 Model_Service_2] [PAPER-KV-V6] fetch Qwen/Qwen2.5-7B-Instruct -> None requests
[2026-08-22 11:43:37.269 Model_Service_5] [PAPER-KV-V6] fetch meta-llama/Llama-3.2-3B -> None requests
[2026-08-22 11:43:37.272 Model_Service_2] [PAPER-KV-V6] fetch Qwen/Qwen2.5-7B-Instruct -> None requests
[2026-08-22 11:43:37.280 Model_Service_5] [PAPER-KV-V6] fetch meta-llama/Llama-3.2-3B -> None requests
[2026-08-22 11:43:37.282 Model_Service_2] [PAPER-KV-V6] fetch Qwen/Qwen2.5-7B-Instruct -> None requests
[2026-08-22 11:43:37.290 Model_Service_5] [PAPER-KV-V6] fetch meta-llama/Llama-3.2-3B -> None requests
[2026-08-22 11:43:37.293 Model_Service_2] [PAPER-KV-V6] fetch Qwen/Qwen2.5-7B-Instruct -> None requests
[2026-08-22 11:43:37.301 Model_Service_5] [PAPER-KV-V6] fetch meta-llama/Llama-3.2-3B -> None requests
[2026-08-22 11:43:37.304 Model_Service_2] [PAPER-KV-V6] fetch Qwen/Qwen2.5-7B-Instruct -> None requests
[2026-08-22 11:43:37.312 Model_Service_5] [PAPER-KV-V6] fetch meta-llama/Llama-3.2-3B -> None requests
[2026-08-22 11:43:37.314 Model_Service_2] [PAPER-KV-V6] fetch Qwen/Qwen2.5-7B-Instruct -> None requests
[2026-08-22 11:43:37.323 Model_Service_5] [PAPER-KV-V6] fetch meta-llama/Llama-3.2-3B -> None requests
[2026-08-22 11:43:37.325 Model_Service_2] [PAPER-KV-V6] fetch Qwen/Qwen2.5-7B-Instruct -> None requests
[2026-08-22 11:43:37.333 Model_Service_5] [PAPER-KV-V6] fetch meta-llama/Llama-3.2-3B -> None requests
[2026-08-22 11:43:37.336 Model_Service_2] [PAPER-KV-V6] fetch Qwen/Qwen2.5-7B-Instruct -> None requests
[2026-08-22 11:43:37.344 Model_Service_5] [PAPER-KV-V6] fetch meta-llama/Llama-3.2-3B -> None requests
[2026-08-22 11:43:37.346 Model_Service_2] [PAPER-KV-V6] fetch Qwen/Qwen2.5-7B-Instruct -> None requests
[2026-08-22 11:43:37.355 Model_Service_5] [PAPER-KV-V6] fetch meta-llama/Llama-3.2-3B -> None requests
[2026-08-22 11:43:37.357 Model_Service_2] [PAPER-KV-V6] fetch Qwen/Qwen2.5-7B-Instruct -> None requests
[2026-08-22 11:43:37.365 Model_Service_5] [PAPER-KV-V6] fetch meta-llama/Llama-3.2-3B -> None requests
[2026-08-22 11:43:37.368 Model_Service_2] [PAPER-KV-V6] fetch Qwen/Qwen2.5-7B-Instruct -> None requests
[2026-08-22 11:43:37.376 Model_Service_5] [PAPER-KV-V6] fetch meta-llama/Llama-3.2-3B -> None requests
[2026-08-22 11:43:37.379 Model_Service_2] [PAPER-KV-V6] fetch Qwen/Qwen2.5-7B-Instruct -> None requests
[2026-08-22 11:43:37.387 Model_Service_5] [PAPER-KV-V6] fetch meta-llama/Llama-3.2-3B -> None requests
[2026-08-22 11:43:37.389 Model_Service_2] [PAPER-KV-V6] fetch Qwen/Qwen2.5-7B-Instruct -> None requests
[2026-08-22 11:43:37.398 Model_Service_5] [PAPER-KV-V6] fetch meta-llama/Llama-3.2-3B -> None requests
[2026-08-22 11:43:37.400 Model_Service_2] [PAPER-KV-V6] fetch Qwen/Qwen2.5-7B-Instruct -> None requests
[2026-08-22 11:43:37.408 Model_Service_5] [PAPER-KV-V6] fetch meta-llama/Llama-3.2-3B -> None requests
[2026-08-22 11:43:37.411 Model_Service_2] [PAPER-KV-V6] fetch Qwen/Qwen2.5-7B-Instruct -> None requests
[2026-08-22 11:43:37.419 Model_Service_5] [PAPER-KV-V6] fetch meta-llama/Llama-3.2-3B -> None requests
[2026-08-22 11:43:37.422 Model_Service_2] [PAPER-KV-V6] fetch Qwen/Qwen2.5-7B-Instruct -> None requests
[2026-08-22 11:43:37.430 Model_Service_5] [PAPER-KV-V6] fetch meta-llama/Llama-3.2-3B -> None requests
[2026-08-22 11:43:37.432 Model_Service_2] [PAPER-KV-V6] fetch Qwen/Qwen2.5-7B-Instruct -> None requests
[2026-08-22 11:43:37.440 Model_Service_5] [PAPER-KV-V6] fetch meta-llama/Llama-3.2-3B -> None requests
[2026-08-22 11:43:37.443 Model_Service_2] [PAPER-KV-V6] fetch Qwen/Qwen2.5-7B-Instruct -> None requests
[2026-08-22 11:43:37.451 Model_Service_5] [PAPER-KV-V6] fetch meta-llama/Llama-3.2-3B -> None requests
[2026-08-22 11:43:37.454 Model_Service_2] [PAPER-KV-V6] fetch Qwen/Qwen2.5-7B-Instruct -> None requests
[2026-08-22 11:43:37.461 Model_Service_5] [PAPER-KV-V6] fetch meta-llama/Llama-3.2-3B -> None requests
[2026-08-22 11:43:37.464 Model_Service_2] [PAPER-KV-V6] fetch Qwen/Qwen2.5-7B-Instruct -> None requests
[2026-08-22 11:43:37.472 Model_Service_5] [PAPER-KV-V6] fetch meta-llama/Llama-3.2-3B -> None requests
[2026-08-22 11:43:37.475 Model_Service_2] [PAPER-KV-V6] fetch Qwen/Qwen2.5-7B-Instruct -> None requests
[2026-08-22 11:43:37.483 Model_Service_5] [PAPER-KV-V6] fetch meta-llama/Llama-3.2-3B -> None requests
[2026-08-22 11:43:37.486 Model_Service_2] [PAPER-KV-V6] fetch Qwen/Qwen2.5-7B-Instruct -> None requests
[2026-08-22 11:43:37.493 Model_Service_5] [PAPER-KV-V6] fetch meta-llama/Llama-3.2-3B -> None requests
[2026-08-22 11:43:37.497 Model_Service_2] [PAPER-KV-V6] fetch Qwen/Qwen2.5-7B-Instruct -> None requests
[2026-08-22 11:43:37.503 Model_Service_5] [PAPER-KV-V6] fetch meta-llama/Llama-3.2-3B -> None requests
[2026-08-22 11:43:37.508 Model_Service_2] [PAPER-KV-V6] fetch Qwen/Qwen2.5-7B-Instruct -> None requests
[2026-08-22 11:43:37.514 Model_Service_5] [PAPER-KV-V6] fetch meta-llama/Llama-3.2-3B -> None requests
[2026-08-22 11:43:37.519 Model_Service_2] [PAPER-KV-V6] fetch Qwen/Qwen2.5-7B-Instruct -> None requests
[2026-08-22 11:43:37.524 Model_Service_5] [PAPER-KV-V6] fetch meta-llama/Llama-3.2-3B -> None requests
[2026-08-22 11:43:37.529 Model_Service_2] [PAPER-KV-V6] fetch Qwen/Qwen2.5-7B-Instruct -> None requests
[2026-08-22 11:43:37.535 Model_Service_5] [PAPER-KV-V6] fetch meta-llama/Llama-3.2-3B -> None requests
[2026-08-22 11:43:37.540 Model_Service_2] [PAPER-KV-V6] fetch Qwen/Qwen2.5-7B-Instruct -> None requests
[2026-08-22 11:43:37.545 Model_Service_5] [PAPER-KV-V6] fetch meta-llama/Llama-3.2-3B -> None requests
[2026-08-22 11:43:37.551 Model_Service_2] [PAPER-KV-V6] fetch Qwen/Qwen2.5-7B-Instruct -> None requests
[2026-08-22 11:43:37.555 Model_Service_5] [PAPER-KV-V6] fetch meta-llama/Llama-3.2-3B -> None requests
[2026-08-22 11:43:37.561 Model_Service_2] [PAPER-KV-V6] fetch Qwen/Qwen2.5-7B-Instruct -> None requests
[2026-08-22 11:43:37.566 Model_Service_5] [PAPER-KV-V6] fetch meta-llama/Llama-3.2-3B -> None requests
[2026-08-22 11:43:37.572 Model_Service_2] [PAPER-KV-V6] fetch Qwen/Qwen2.5-7B-Instruct -> None requests
[2026-08-22 11:43:37.576 Model_Service_5] [PAPER-KV-V6] fetch meta-llama/Llama-3.2-3B -> None requests
[2026-08-22 11:43:37.583 Model_Service_2] [PAPER-KV-V6] fetch Qwen/Qwen2.5-7B-Instruct -> None requests
[2026-08-22 11:43:37.587 Model_Service_5] [PAPER-KV-V6] fetch meta-llama/Llama-3.2-3B -> None requests
[2026-08-22 11:43:37.594 Model_Service_2] [PAPER-KV-V6] fetch Qwen/Qwen2.5-7B-Instruct -> None requests
[2026-08-22 11:43:37.597 Model_Service_5] [PAPER-KV-V6] fetch meta-llama/Llama-3.2-3B -> None requests
[2026-08-22 11:43:37.604 Model_Service_2] [PAPER-KV-V6] fetch Qwen/Qwen2.5-7B-Instruct -> None requests
[2026-08-22 11:43:37.607 Model_Service_5] [PAPER-KV-V6] fetch meta-llama/Llama-3.2-3B -> None requests
[2026-08-22 11:43:37.615 Model_Service_2] [PAPER-KV-V6] fetch Qwen/Qwen2.5-7B-Instruct -> None requests
[2026-08-22 11:43:37.618 Model_Service_5] [PAPER-KV-V6] fetch meta-llama/Llama-3.2-3B -> None requests
[2026-08-22 11:43:37.626 Model_Service_2] [PAPER-KV-V6] fetch Qwen/Qwen2.5-7B-Instruct -> None requests
[2026-08-22 11:43:37.628 Model_Service_5] [PAPER-KV-V6] fetch meta-llama/Llama-3.2-3B -> None requests
[2026-08-22 11:43:37.637 Model_Service_2] [PAPER-KV-V6] fetch Qwen/Qwen2.5-7B-Instruct -> None requests
[2026-08-22 11:43:37.638 Model_Service_5] [PAPER-KV-V6] fetch meta-llama/Llama-3.2-3B -> None requests
[2026-08-22 11:43:37.648 Model_Service_2] [PAPER-KV-V6] fetch Qwen/Qwen2.5-7B-Instruct -> None requests
[2026-08-22 11:43:37.649 Model_Service_5] [PAPER-KV-V6] fetch meta-llama/Llama-3.2-3B -> None requests
[2026-08-22 11:43:37.659 Model_Service_2] [PAPER-KV-V6] fetch Qwen/Qwen2.5-7B-Instruct -> None requests
[2026-08-22 11:43:37.659 Model_Service_5] [PAPER-KV-V6] fetch meta-llama/Llama-3.2-3B -> None requests
[2026-08-22 11:43:37.669 Model_Service_2] [PAPER-KV-V6] fetch Qwen/Qwen2.5-7B-Instruct -> None requests
[2026-08-22 11:43:37.670 Model_Service_5] [PAPER-KV-V6] fetch meta-llama/Llama-3.2-3B -> None requests
[2026-08-22 11:43:37.680 Model_Service_2] [PAPER-KV-V6] fetch Qwen/Qwen2.5-7B-Instruct -> None requests
[2026-08-22 11:43:37.680 Model_Service_5] [PAPER-KV-V6] fetch meta-llama/Llama-3.2-3B -> None requests
[2026-08-22 11:43:37.690 Model_Service_5] [PAPER-KV-V6] fetch meta-llama/Llama-3.2-3B -> None requests
[2026-08-22 11:43:37.690 Model_Service_2] [PAPER-KV-V6] fetch Qwen/Qwen2.5-7B-Instruct -> None requests
[2026-08-22 11:43:37.701 Model_Service_5] [PAPER-KV-V6] fetch meta-llama/Llama-3.2-3B -> None requests
[2026-08-22 11:43:37.701 Model_Service_2] [PAPER-KV-V6] fetch Qwen/Qwen2.5-7B-Instruct -> None requests
[2026-08-22 11:43:37.711 Model_Service_5] [PAPER-KV-V6] fetch meta-llama/Llama-3.2-3B -> None requests
[2026-08-22 11:43:37.712 Model_Service_2] [PAPER-KV-V6] fetch Qwen/Qwen2.5-7B-Instruct -> None requests
[2026-08-22 11:43:37.721 Model_Service_5] [PAPER-KV-V6] fetch meta-llama/Llama-3.2-3B -> None requests
[2026-08-22 11:43:37.723 Model_Service_2] [PAPER-KV-V6] fetch Qwen/Qwen2.5-7B-Instruct -> None requests
[2026-08-22 11:43:37.732 Model_Service_5] [PAPER-KV-V6] fetch meta-llama/Llama-3.2-3B -> None requests
[2026-08-22 11:43:37.733 Model_Service_2] [PAPER-KV-V6] fetch Qwen/Qwen2.5-7B-Instruct -> None requests
[2026-08-22 11:43:37.742 Model_Service_5] [PAPER-KV-V6] fetch meta-llama/Llama-3.2-3B -> None requests
[2026-08-22 11:43:37.744 Model_Service_2] [PAPER-KV-V6] fetch Qwen/Qwen2.5-7B-Instruct -> None requests
[2026-08-22 11:43:37.752 Model_Service_5] [PAPER-KV-V6] fetch meta-llama/Llama-3.2-3B -> None requests
[2026-08-22 11:43:37.755 Model_Service_2] [PAPER-KV-V6] fetch Qwen/Qwen2.5-7B-Instruct -> None requests
[2026-08-22 11:43:37.763 Model_Service_5] [PAPER-KV-V6] fetch meta-llama/Llama-3.2-3B -> None requests
[2026-08-22 11:43:37.766 Model_Service_2] [PAPER-KV-V6] fetch Qwen/Qwen2.5-7B-Instruct -> None requests
[2026-08-22 11:43:37.773 Model_Service_5] [PAPER-KV-V6] fetch meta-llama/Llama-3.2-3B -> None requests
[2026-08-22 11:43:37.777 Model_Service_2] [PAPER-KV-V6] fetch Qwen/Qwen2.5-7B-Instruct -> None requests
[2026-08-22 11:43:37.783 Model_Service_5] [PAPER-KV-V6] fetch meta-llama/Llama-3.2-3B -> None requests
[2026-08-22 11:43:37.788 Model_Service_2] [PAPER-KV-V6] fetch Qwen/Qwen2.5-7B-Instruct -> None requests
[2026-08-22 11:43:37.794 Model_Service_5] [PAPER-KV-V6] fetch meta-llama/Llama-3.2-3B -> None requests
[2026-08-22 11:43:37.798 Model_Service_2] [PAPER-KV-V6] fetch Qwen/Qwen2.5-7B-Instruct -> None requests
[2026-08-22 11:43:37.804 Model_Service_5] [PAPER-KV-V6] fetch meta-llama/Llama-3.2-3B -> None requests
[2026-08-22 11:43:37.809 Model_Service_2] [PAPER-KV-V6] fetch Qwen/Qwen2.5-7B-Instruct -> None requests
[2026-08-22 11:43:37.815 Model_Service_5] [PAPER-KV-V6] fetch meta-llama/Llama-3.2-3B -> None requests
[2026-08-22 11:43:37.820 Model_Service_2] [PAPER-KV-V6] fetch Qwen/Qwen2.5-7B-Instruct -> None requests
[2026-08-22 11:43:37.825 Model_Service_5] [PAPER-KV-V6] fetch meta-llama/Llama-3.2-3B -> None requests
[2026-08-22 11:43:37.831 Model_Service_2] [PAPER-KV-V6] fetch Qwen/Qwen2.5-7B-Instruct -> None requests
[2026-08-22 11:43:37.835 Model_Service_5] [PAPER-KV-V6] fetch meta-llama/Llama-3.2-3B -> None requests
[2026-08-22 11:43:37.841 Model_Service_2] [PAPER-KV-V6] fetch Qwen/Qwen2.5-7B-Instruct -> None requests
[2026-08-22 11:43:37.846 Model_Service_5] [PAPER-KV-V6] fetch meta-llama/Llama-3.2-3B -> None requests
[2026-08-22 11:43:37.852 Model_Service_2] [PAPER-KV-V6] fetch Qwen/Qwen2.5-7B-Instruct -> None requests
[2026-08-22 11:43:37.856 Model_Service_5] [PAPER-KV-V6] fetch meta-llama/Llama-3.2-3B -> None requests
[2026-08-22 11:43:37.863 Model_Service_2] [PAPER-KV-V6] fetch Qwen/Qwen2.5-7B-Instruct -> None requests
[2026-08-22 11:43:37.867 Model_Service_5] [PAPER-KV-V6] fetch meta-llama/Llama-3.2-3B -> None requests
[2026-08-22 11:43:37.874 Model_Service_2] [PAPER-KV-V6] fetch Qwen/Qwen2.5-7B-Instruct -> None requests
[2026-08-22 11:43:37.877 Model_Service_5] [PAPER-KV-V6] fetch meta-llama/Llama-3.2-3B -> None requests
[2026-08-22 11:43:37.884 Model_Service_2] [PAPER-KV-V6] fetch Qwen/Qwen2.5-7B-Instruct -> None requests
[2026-08-22 11:43:37.888 Model_Service_5] [PAPER-KV-V6] fetch meta-llama/Llama-3.2-3B -> None requests
[2026-08-22 11:43:37.895 Model_Service_2] [PAPER-KV-V6] fetch Qwen/Qwen2.5-7B-Instruct -> None requests
[2026-08-22 11:43:37.898 Model_Service_5] [PAPER-KV-V6] fetch meta-llama/Llama-3.2-3B -> None requests
[2026-08-22 11:43:37.906 Model_Service_2] [PAPER-KV-V6] fetch Qwen/Qwen2.5-7B-Instruct -> None requests
[2026-08-22 11:43:37.908 Model_Service_5] [PAPER-KV-V6] fetch meta-llama/Llama-3.2-3B -> None requests
[2026-08-22 11:43:37.917 Model_Service_2] [PAPER-KV-V6] fetch Qwen/Qwen2.5-7B-Instruct -> None requests
[2026-08-22 11:43:37.919 Model_Service_5] [PAPER-KV-V6] fetch meta-llama/Llama-3.2-3B -> None requests
[2026-08-22 11:43:37.922 Model_Service_3] Model service 3 input queue is empty, waiting for next request
[2026-08-22 11:43:37.928 Model_Service_2] [PAPER-KV-V6] fetch Qwen/Qwen2.5-7B-Instruct -> None requests
[2026-08-22 11:43:37.929 Model_Service_5] [PAPER-KV-V6] fetch meta-llama/Llama-3.2-3B -> None requests
[2026-08-22 11:43:37.938 Model_Service_2] [PAPER-KV-V6] fetch Qwen/Qwen2.5-7B-Instruct -> None requests
[2026-08-22 11:43:37.939 Model_Service_5] [PAPER-KV-V6] fetch meta-llama/Llama-3.2-3B -> None requests
[2026-08-22 11:43:37.948 Model_Service_2] [PAPER-KV-V6] fetch Qwen/Qwen2.5-7B-Instruct -> None requests
[2026-08-22 11:43:37.950 Model_Service_5] [PAPER-KV-V6] fetch meta-llama/Llama-3.2-3B -> None requests
[2026-08-22 11:43:37.959 Model_Service_2] [PAPER-KV-V6] fetch Qwen/Qwen2.5-7B-Instruct -> None requests
[2026-08-22 11:43:37.960 Model_Service_5] [PAPER-KV-V6] fetch meta-llama/Llama-3.2-3B -> None requests
[2026-08-22 11:43:37.969 Model_Service_2] [PAPER-KV-V6] fetch Qwen/Qwen2.5-7B-Instruct -> None requests
[2026-08-22 11:43:37.971 Model_Service_5] [PAPER-KV-V6] fetch meta-llama/Llama-3.2-3B -> None requests
[2026-08-22 11:43:37.979 Model_Service_2] [PAPER-KV-V6] fetch Qwen/Qwen2.5-7B-Instruct -> None requests
[2026-08-22 11:43:37.981 Model_Service_5] [PAPER-KV-V6] fetch meta-llama/Llama-3.2-3B -> None requests
[2026-08-22 11:43:37.990 Model_Service_2] [PAPER-KV-V6] fetch Qwen/Qwen2.5-7B-Instruct -> None requests
[2026-08-22 11:43:37.991 Model_Service_5] [PAPER-KV-V6] fetch meta-llama/Llama-3.2-3B -> None requests
[2026-08-22 11:43:38.000 Model_Service_2] [PAPER-KV-V6] fetch Qwen/Qwen2.5-7B-Instruct -> None requests
[2026-08-22 11:43:38.002 Model_Service_5] [PAPER-KV-V6] fetch meta-llama/Llama-3.2-3B -> None requests
[2026-08-22 11:43:38.010 Model_Service_2] [PAPER-KV-V6] fetch Qwen/Qwen2.5-7B-Instruct -> None requests
[2026-08-22 11:43:38.013 Model_Service_5] [PAPER-KV-V6] fetch meta-llama/Llama-3.2-3B -> None requests
[2026-08-22 11:43:38.021 Model_Service_2] [PAPER-KV-V6] fetch Qwen/Qwen2.5-7B-Instruct -> None requests
[2026-08-22 11:43:38.031 Model_Service_2] [PAPER-KV-V6] fetch Qwen/Qwen2.5-7B-Instruct -> None requests
[2026-08-22 11:43:38.041 Model_Service_2] [PAPER-KV-V6] fetch Qwen/Qwen2.5-7B-Instruct -> None requests
[2026-08-22 11:43:40.383 Model_Service_4] Model service 4 input queue is empty, waiting for next request
[2026-08-22 11:43:41.896 Model_Service_0] Model service 0 input queue is empty, waiting for next request
[2026-08-22 11:43:42.183 Model_Service_1] Model service 1 input queue is empty, waiting for next request
[2026-08-22 11:43:43.018 Model_Service_5] Model service 5 input queue is empty, waiting for next request
[2026-08-22 11:43:43.047 Model_Service_2] Model service 2 input queue is empty, waiting for next request
[2026-08-22 11:43:43.180 Model_Service_3] Model service 3 input queue is empty, waiting for next request
[2026-08-22 11:43:45.625 Model_Service_4] Model service 4 input queue is empty, waiting for next request
[2026-08-22 11:43:47.156 Model_Service_0] Model service 0 input queue is empty, waiting for next request
[2026-08-22 11:43:47.496 Model_Service_1] Model service 1 input queue is empty, waiting for next request
[2026-08-22 11:43:48.271 Model_Service_5] Model service 5 input queue is empty, waiting for next request
[2026-08-22 11:43:48.295 Model_Service_2] Model service 2 input queue is empty, waiting for next request
[2026-08-22 11:43:48.431 Model_Service_3] Model service 3 input queue is empty, waiting for next request
[2026-08-22 11:43:50.928 Model_Service_4] Model service 4 input queue is empty, waiting for next request
[2026-08-22 11:43:52.394 Model_Service_0] Model service 0 input queue is empty, waiting for next request
[2026-08-22 11:43:52.736 Model_Service_1] Model service 1 input queue is empty, waiting for next request
[2026-08-22 11:43:53.505 Model_Service_5] Model service 5 input queue is empty, waiting for next request
[2026-08-22 11:43:53.532 Model_Service_2] Model service 2 input queue is empty, waiting for next request
[2026-08-22 11:43:53.738 Model_Service_3] Model service 3 input queue is empty, waiting for next request
[2026-08-22 11:43:56.168 Model_Service_4] Model service 4 input queue is empty, waiting for next request
[2026-08-22 11:43:57.640 Model_Service_0] Model service 0 input queue is empty, waiting for next request
[2026-08-22 11:43:57.979 Model_Service_1] Model service 1 input queue is empty, waiting for next request
[2026-08-22 11:43:58.752 Model_Service_5] Model service 5 input queue is empty, waiting for next request
[2026-08-22 11:43:58.772 Model_Service_2] Model service 2 input queue is empty, waiting for next request
[2026-08-22 11:43:58.998 Model_Service_3] Model service 3 input queue is empty, waiting for next request
[2026-08-22 11:44:01.421 Model_Service_4] Model service 4 input queue is empty, waiting for next request
[2026-08-22 11:44:02.879 Model_Service_0] Model service 0 input queue is empty, waiting for next request
[2026-08-22 11:44:03.237 Model_Service_1] Model service 1 input queue is empty, waiting for next request
[2026-08-22 11:44:03.993 Model_Service_5] Model service 5 input queue is empty, waiting for next request
[2026-08-22 11:44:04.018 Model_Service_2] Model service 2 input queue is empty, waiting for next request
[2026-08-22 11:44:04.254 Model_Service_3] Model service 3 input queue is empty, waiting for next request
[2026-08-22 11:44:06.667 Model_Service_4] Model service 4 input queue is empty, waiting for next request
[2026-08-22 11:44:08.123 Model_Service_0] Model service 0 input queue is empty, waiting for next request
[2026-08-22 11:44:08.169 Model_Service_5] [PAPER-KV-V6] clear meta-llama/Llama-3.2-3B dropped=0
[2026-08-22 11:44:08.414 Model_Service_5] Model key: meta-llama/Llama-3.2-3B, engine id: 0_3, target gpu id: 0
[2026-08-22 11:44:08.516 Model_Service_1] Model service 1 input queue is empty, waiting for next request
[2026-08-22 11:44:08.960 Model_Service_5] [PAPER-LOAD-V4] {"tag": "meta-llama/Llama-3.2-3B|engine=0_3|src=1", "start_time": 1787399048.4171798, "end_time": 1787399048.9599545, "policy": "paper", "split": 2, "pipeline_depth": null, "target_gpu": 0, "gpu_ids": [0, 1], "source": "gpu", "host_registered": true, "slices": 342, "payload_bytes": 7213504512, "bytes_h2d_direct": 0, "bytes_h2d_helper": 0, "bytes_p2p": 7213504512, "seconds": 0.5427739201113582, "payload_gbps": 13.290072062637133, "transfer_path": "gpu-to-gpu-p2p"}
[2026-08-22 11:44:09.221 Model_Service_5] Time taken to copy model to GPU 0, service 5, engine 0_3, model meta-llama/Llama-3.2-3B: 0.8069 seconds
[2026-08-22 11:44:09.253 Model_Service_2] Model service 2 input queue is empty, waiting for next request
[2026-08-22 11:44:09.530 Model_Service_3] Model service 3 input queue is empty, waiting for next request
[2026-08-22 11:44:11.135 Model_Service_5] [PAPER-KV-V6] relay-clone meta-llama/Llama-3.2-3B (16 requests)
[2026-08-22 11:44:11.135 Model_Service_5] [PAPER-KV-V6] stash meta-llama/Llama-3.2-3B from gpu 1 (16 requests)
[2026-08-22 11:44:11.600 Model_Service_5] [PAPER-LOAD-V4] release meta-llama/Llama-3.2-3B gpu 1 engine=1_1 held=0 held_engine=0_3 dropped=False
[2026-08-22 11:44:11.911 Model_Service_4] Model service 4 input queue is empty, waiting for next request
[2026-08-22 11:44:12.341 Model_Service_5] [PAPER-KV-V6] fetch meta-llama/Llama-3.2-3B -> 16 requests
[2026-08-22 11:44:13.458 Model_Service_0] Model service 0 input queue is empty, waiting for next request
[2026-08-22 11:44:13.806 Model_Service_1] Model service 1 input queue is empty, waiting for next request
[2026-08-22 11:44:14.496 Model_Service_2] Model service 2 input queue is empty, waiting for next request
[2026-08-22 11:44:14.818 Model_Service_3] Model service 3 input queue is empty, waiting for next request
[2026-08-22 11:44:17.145 Model_Service_4] Model service 4 input queue is empty, waiting for next request
[2026-08-22 11:44:17.346 Model_Service_5] Model service 5 input queue is empty, waiting for next request
[2026-08-22 11:44:18.951 Model_Service_0] Model service 0 input queue is empty, waiting for next request
[2026-08-22 11:44:19.054 Model_Service_1] Model service 1 input queue is empty, waiting for next request
[2026-08-22 11:44:19.729 Model_Service_2] Model service 2 input queue is empty, waiting for next request
[2026-08-22 11:44:20.070 Model_Service_3] Model service 3 input queue is empty, waiting for next request
[2026-08-22 11:44:22.381 Model_Service_4] Model service 4 input queue is empty, waiting for next request
[2026-08-22 11:44:22.590 Model_Service_5] Model service 5 input queue is empty, waiting for next request
[2026-08-22 11:44:24.219 Model_Service_0] Model service 0 input queue is empty, waiting for next request
[2026-08-22 11:44:24.302 Model_Service_1] Model service 1 input queue is empty, waiting for next request
[2026-08-22 11:44:24.967 Model_Service_2] Model service 2 input queue is empty, waiting for next request
[2026-08-22 11:44:25.306 Model_Service_3] Model service 3 input queue is empty, waiting for next request
[2026-08-22 11:44:27.632 Model_Service_4] Model service 4 input queue is empty, waiting for next request
[2026-08-22 11:44:27.918 Model_Service_5] Model service 5 input queue is empty, waiting for next request
[2026-08-22 11:44:29.533 Model_Service_0] Model service 0 input queue is empty, waiting for next request
[2026-08-22 11:44:29.546 Model_Service_1] Model service 1 input queue is empty, waiting for next request
[2026-08-22 11:44:30.210 Model_Service_2] Model service 2 input queue is empty, waiting for next request
[2026-08-22 11:44:30.571 Model_Service_3] Model service 3 input queue is empty, waiting for next request
[2026-08-22 11:44:32.908 Model_Service_4] Model service 4 input queue is empty, waiting for next request
[2026-08-22 11:44:33.190 Model_Service_5] Model service 5 input queue is empty, waiting for next request
[2026-08-22 11:44:34.781 Model_Service_0] Model service 0 input queue is empty, waiting for next request
[2026-08-22 11:44:34.796 Model_Service_1] Model service 1 input queue is empty, waiting for next request
[2026-08-22 11:44:35.449 Model_Service_2] Model service 2 input queue is empty, waiting for next request
[2026-08-22 11:44:35.843 Model_Service_3] Model service 3 input queue is empty, waiting for next request
[2026-08-22 11:44:38.165 Model_Service_4] Model service 4 input queue is empty, waiting for next request
[2026-08-22 11:44:38.432 Model_Service_4] [PAPER-KV-V6] clear meta-llama/Llama-3.2-1B dropped=0
[2026-08-22 11:44:38.459 Model_Service_5] Model service 5 input queue is empty, waiting for next request
[2026-08-22 11:44:38.738 Model_Service_4] Model key: meta-llama/Llama-3.2-1B, engine id: 1_3, target gpu id: 1
[2026-08-22 11:44:38.927 Model_Service_4] [PAPER-LOAD-V4] {"tag": "meta-llama/Llama-3.2-1B|engine=1_3|src=0", "start_time": 1787399078.7404652, "end_time": 1787399078.927737, "policy": "paper", "split": 2, "pipeline_depth": null, "target_gpu": 1, "gpu_ids": [0, 1], "source": "gpu", "host_registered": true, "slices": 198, "payload_bytes": 2996965376, "bytes_h2d_direct": 0, "bytes_h2d_helper": 0, "bytes_p2p": 2996965376, "seconds": 0.1872712268959731, "payload_gbps": 16.003341387114308, "transfer_path": "gpu-to-gpu-p2p"}
[2026-08-22 11:44:39.258 Model_Service_4] Time taken to copy model to GPU 1, service 4, engine 1_3, model meta-llama/Llama-3.2-1B: 0.5196 seconds
[2026-08-22 11:44:40.066 Model_Service_0] Model service 0 input queue is empty, waiting for next request
[2026-08-22 11:44:40.080 Model_Service_1] Model service 1 input queue is empty, waiting for next request
[2026-08-22 11:44:40.689 Model_Service_2] Model service 2 input queue is empty, waiting for next request
[2026-08-22 11:44:41.088 Model_Service_3] Model service 3 input queue is empty, waiting for next request
[2026-08-22 11:44:43.475 Model_Service_4] [PAPER-KV-V6] relay-clone meta-llama/Llama-3.2-1B (50 requests)
[2026-08-22 11:44:43.475 Model_Service_4] [PAPER-KV-V6] stash meta-llama/Llama-3.2-1B from gpu 0 (50 requests)
[2026-08-22 11:44:43.764 Model_Service_5] Model service 5 input queue is empty, waiting for next request
[2026-08-22 11:44:45.360 Model_Service_0] Model service 0 input queue is empty, waiting for next request
[2026-08-22 11:44:45.367 Model_Service_1] Model service 1 input queue is empty, waiting for next request
[2026-08-22 11:44:45.697 Model_Service_4] [PAPER-LOAD-V4] release meta-llama/Llama-3.2-1B gpu 0 engine=0_0 held=1 held_engine=1_3 dropped=False
[2026-08-22 11:44:45.927 Model_Service_2] Model service 2 input queue is empty, waiting for next request
[2026-08-22 11:44:46.385 Model_Service_3] Model service 3 input queue is empty, waiting for next request
[2026-08-22 11:44:48.077 Model_Service_4] [PAPER-KV-V6] fetch meta-llama/Llama-3.2-1B -> 50 requests
[2026-08-22 11:44:49.011 Model_Service_5] Model service 5 input queue is empty, waiting for next request
[2026-08-22 11:44:50.604 Model_Service_0] Model service 0 input queue is empty, waiting for next request
[2026-08-22 11:44:50.636 Model_Service_1] Model service 1 input queue is empty, waiting for next request
[2026-08-22 11:44:51.181 Model_Service_2] Model service 2 input queue is empty, waiting for next request
[2026-08-22 11:44:51.621 Model_Service_3] Model service 3 input queue is empty, waiting for next request
[2026-08-22 11:44:53.086 Model_Service_4] Model service 4 input queue is empty, waiting for next request
[2026-08-22 11:44:54.283 Model_Service_5] Model service 5 input queue is empty, waiting for next request
[2026-08-22 11:44:55.879 Model_Service_0] Model service 0 input queue is empty, waiting for next request
[2026-08-22 11:44:55.881 Model_Service_1] Model service 1 input queue is empty, waiting for next request
[2026-08-22 11:44:56.423 Model_Service_2] Model service 2 input queue is empty, waiting for next request
[2026-08-22 11:44:56.861 Model_Service_3] Model service 3 input queue is empty, waiting for next request
[2026-08-22 11:44:58.351 Model_Service_4] Model service 4 input queue is empty, waiting for next request
[2026-08-22 11:44:59.578 Model_Service_5] Model service 5 input queue is empty, waiting for next request
[2026-08-22 11:45:01.125 Model_Service_1] Model service 1 input queue is empty, waiting for next request
[2026-08-22 11:45:01.173 Model_Service_0] Model service 0 input queue is empty, waiting for next request
[2026-08-22 11:45:01.660 Model_Service_2] Model service 2 input queue is empty, waiting for next request
[2026-08-22 11:45:02.104 Model_Service_3] Model service 3 input queue is empty, waiting for next request
[2026-08-22 11:45:03.673 Model_Service_4] Model service 4 input queue is empty, waiting for next request
[2026-08-22 11:45:04.820 Model_Service_5] Model service 5 input queue is empty, waiting for next request
[2026-08-22 11:45:06.372 Model_Service_1] Model service 1 input queue is empty, waiting for next request
[2026-08-22 11:45:06.414 Model_Service_0] Model service 0 input queue is empty, waiting for next request
[2026-08-22 11:45:06.909 Model_Service_2] Model service 2 input queue is empty, waiting for next request
[2026-08-22 11:45:07.342 Model_Service_3] Model service 3 input queue is empty, waiting for next request
[2026-08-22 11:45:08.933 Model_Service_4] Model service 4 input queue is empty, waiting for next request
[2026-08-22 11:45:10.086 Model_Service_5] Model service 5 input queue is empty, waiting for next request
[2026-08-22 11:45:11.616 Model_Service_1] Model service 1 input queue is empty, waiting for next request
[2026-08-22 11:45:11.677 Model_Service_0] Model service 0 input queue is empty, waiting for next request
[2026-08-22 11:45:12.166 Model_Service_2] Model service 2 input queue is empty, waiting for next request
[2026-08-22 11:45:12.614 Model_Service_3] Model service 3 input queue is empty, waiting for next request
[2026-08-22 11:45:13.040 Model_Service_1] [PAPER-KV-V6] clear Qwen/Qwen2.5-3B-Instruct dropped=0
[2026-08-22 11:45:13.236 Model_Service_1] Model key: Qwen/Qwen2.5-3B-Instruct, engine id: 1_1, target gpu id: 1
[2026-08-22 11:45:13.675 Model_Service_1] [PAPER-LOAD-V4] {"tag": "Qwen/Qwen2.5-3B-Instruct|engine=1_1|src=0", "start_time": 1787399113.2402585, "end_time": 1787399113.67506, "policy": "paper", "split": 2, "pipeline_depth": null, "target_gpu": 1, "gpu_ids": [0, 1], "source": "gpu", "host_registered": true, "slices": 510, "payload_bytes": 6794207232, "bytes_h2d_direct": 0, "bytes_h2d_helper": 0, "bytes_p2p": 6794207232, "seconds": 0.43479906185530126, "payload_gbps": 15.62608530710463, "transfer_path": "gpu-to-gpu-p2p"}
[2026-08-22 11:45:13.933 Model_Service_1] Time taken to copy model to GPU 1, service 1, engine 1_1, model Qwen/Qwen2.5-3B-Instruct: 0.6961 seconds
[2026-08-22 11:45:14.249 Model_Service_4] Model service 4 input queue is empty, waiting for next request
[2026-08-22 11:45:14.842 Model_Service_2] [PAPER-KV-V6] relay-clone Qwen/Qwen2.5-7B-Instruct (0 requests)
[2026-08-22 11:45:14.842 Model_Service_2] [PAPER-KV-V6] stash Qwen/Qwen2.5-7B-Instruct from gpu 1 (0 requests)
[2026-08-22 11:45:15.396 Model_Service_5] Model service 5 input queue is empty, waiting for next request
[2026-08-22 11:45:16.247 Model_Service_2] [PAPER-LOAD-V4] release Qwen/Qwen2.5-7B-Instruct gpu 1 engine=1_2 held=1 held_engine=1_2 dropped=True
[2026-08-22 11:45:16.944 Model_Service_0] Model service 0 input queue is empty, waiting for next request
[2026-08-22 11:45:17.846 Model_Service_3] Model service 3 input queue is empty, waiting for next request
[2026-08-22 11:45:19.490 Model_Service_4] Model service 4 input queue is empty, waiting for next request
[2026-08-22 11:45:20.647 Model_Service_5] Model service 5 input queue is empty, waiting for next request
[2026-08-22 11:45:21.253 Model_Service_2] Model service 2 input queue is empty, waiting for next request
[2026-08-22 11:45:22.140 Model_Service_1] [PAPER-KV-V6] relay-clone Qwen/Qwen2.5-3B-Instruct (114 requests)
[2026-08-22 11:45:22.140 Model_Service_1] [PAPER-KV-V6] stash Qwen/Qwen2.5-3B-Instruct from gpu 0 (114 requests)
[2026-08-22 11:45:22.242 Model_Service_0] Model service 0 input queue is empty, waiting for next request
[2026-08-22 11:45:22.680 Model_Service_1] [PAPER-LOAD-V4] release Qwen/Qwen2.5-3B-Instruct gpu 0 engine=0_1 held=1 held_engine=1_1 dropped=False
[2026-08-22 11:45:23.136 Model_Service_3] Model service 3 input queue is empty, waiting for next request
[2026-08-22 11:45:23.857 Model_Service_1] [PAPER-KV-V6] fetch Qwen/Qwen2.5-3B-Instruct -> 114 requests
[2026-08-22 11:45:24.760 Model_Service_4] Model service 4 input queue is empty, waiting for next request
[2026-08-22 11:45:25.890 Model_Service_5] Model service 5 input queue is empty, waiting for next request
[2026-08-22 11:45:26.491 Model_Service_2] Model service 2 input queue is empty, waiting for next request
[2026-08-22 11:45:27.497 Model_Service_0] Model service 0 input queue is empty, waiting for next request
[2026-08-22 11:45:28.366 Model_Service_3] Model service 3 input queue is empty, waiting for next request
[2026-08-22 11:45:28.868 Model_Service_1] Model service 1 input queue is empty, waiting for next request
[2026-08-22 11:45:30.051 Model_Service_4] Model service 4 input queue is empty, waiting for next request
[2026-08-22 11:45:31.167 Model_Service_5] Model service 5 input queue is empty, waiting for next request
[2026-08-22 11:45:31.772 Model_Service_2] Model service 2 input queue is empty, waiting for next request
[2026-08-22 11:45:32.741 Model_Service_0] Model service 0 input queue is empty, waiting for next request
[2026-08-22 11:45:33.602 Model_Service_3] Model service 3 input queue is empty, waiting for next request
[2026-08-22 11:45:34.118 Model_Service_1] Model service 1 input queue is empty, waiting for next request
[2026-08-22 11:45:35.290 Model_Service_4] Model service 4 input queue is empty, waiting for next request
[2026-08-22 11:45:36.470 Model_Service_5] Model service 5 input queue is empty, waiting for next request
[2026-08-22 11:45:37.021 Model_Service_2] Model service 2 input queue is empty, waiting for next request
[2026-08-22 11:45:38.018 Model_Service_0] Model service 0 input queue is empty, waiting for next request
[2026-08-22 11:45:38.837 Model_Service_3] Model service 3 input queue is empty, waiting for next request
[2026-08-22 11:45:39.397 Model_Service_1] Model service 1 input queue is empty, waiting for next request
[2026-08-22 11:45:40.542 Model_Service_4] Model service 4 input queue is empty, waiting for next request
[2026-08-22 11:45:41.722 Model_Service_5] Model service 5 input queue is empty, waiting for next request
[2026-08-22 11:45:42.259 Model_Service_2] Model service 2 input queue is empty, waiting for next request
[2026-08-22 11:45:43.274 Model_Service_0] Model service 0 input queue is empty, waiting for next request
[2026-08-22 11:45:44.087 Model_Service_3] Model service 3 input queue is empty, waiting for next request
[2026-08-22 11:45:44.715 Model_Service_1] Model service 1 input queue is empty, waiting for next request
[2026-08-22 11:45:44.741 Model_Service_5] [PAPER-KV-V6] clear meta-llama/Llama-3.2-3B dropped=0
[2026-08-22 11:45:45.812 Model_Service_4] Model service 4 input queue is empty, waiting for next request
[2026-08-22 11:45:45.877 Model_Service_5] Model key: meta-llama/Llama-3.2-3B, engine id: 1_2, target gpu id: 1
[2026-08-22 11:45:46.606 Model_Service_5] [PAPER-LOAD-V4] {"tag": "meta-llama/Llama-3.2-3B|engine=1_2|src=0", "start_time": 1787399145.8990996, "end_time": 1787399146.6058686, "policy": "paper", "split": 2, "pipeline_depth": null, "target_gpu": 1, "gpu_ids": [0, 1], "source": "gpu", "host_registered": true, "slices": 342, "payload_bytes": 7213504512, "bytes_h2d_direct": 0, "bytes_h2d_helper": 0, "bytes_p2p": 7213504512, "seconds": 0.7067667939700186, "payload_gbps": 10.206343271279946, "transfer_path": "gpu-to-gpu-p2p"}
[2026-08-22 11:45:46.848 Model_Service_5] Time taken to copy model to GPU 1, service 5, engine 1_2, model meta-llama/Llama-3.2-3B: 0.9707 seconds
[2026-08-22 11:45:47.498 Model_Service_2] Model service 2 input queue is empty, waiting for next request
[2026-08-22 11:45:48.574 Model_Service_0] Model service 0 input queue is empty, waiting for next request
[2026-08-22 11:45:49.335 Model_Service_3] Model service 3 input queue is empty, waiting for next request
[2026-08-22 11:45:49.982 Model_Service_1] Model service 1 input queue is empty, waiting for next request
[2026-08-22 11:45:51.090 Model_Service_4] Model service 4 input queue is empty, waiting for next request
[2026-08-22 11:45:52.077 Model_Service_5] Model service 5 input queue is empty, waiting for next request
[2026-08-22 11:45:52.756 Model_Service_2] Model service 2 input queue is empty, waiting for next request
[2026-08-22 11:45:53.845 Model_Service_0] Model service 0 input queue is empty, waiting for next request
[2026-08-22 11:45:54.580 Model_Service_3] Model service 3 input queue is empty, waiting for next request
[2026-08-22 11:45:55.234 Model_Service_1] Model service 1 input queue is empty, waiting for next request
[2026-08-22 11:45:56.329 Model_Service_4] Model service 4 input queue is empty, waiting for next request
[2026-08-22 11:45:58.009 Model_Service_2] Model service 2 input queue is empty, waiting for next request
[2026-08-22 11:45:59.090 Model_Service_0] Model service 0 input queue is empty, waiting for next request
[2026-08-22 11:45:59.639 Model_Service_5] [PAPER-KV-V6] relay-clone meta-llama/Llama-3.2-3B (161 requests)
[2026-08-22 11:45:59.640 Model_Service_5] [PAPER-KV-V6] stash meta-llama/Llama-3.2-3B from gpu 0 (161 requests)
[2026-08-22 11:45:59.831 Model_Service_3] Model service 3 input queue is empty, waiting for next request
[2026-08-22 11:46:00.514 Model_Service_1] Model service 1 input queue is empty, waiting for next request
[2026-08-22 11:46:01.583 Model_Service_4] Model service 4 input queue is empty, waiting for next request
[2026-08-22 11:46:02.264 Model_Service_5] [PAPER-LOAD-V4] release meta-llama/Llama-3.2-3B gpu 0 engine=0_3 held=1 held_engine=1_2 dropped=False
[2026-08-22 11:46:03.247 Model_Service_2] Model service 2 input queue is empty, waiting for next request
[2026-08-22 11:46:04.330 Model_Service_0] Model service 0 input queue is empty, waiting for next request
[2026-08-22 11:46:05.061 Model_Service_3] Model service 3 input queue is empty, waiting for next request
[2026-08-22 11:46:05.834 Model_Service_1] Model service 1 input queue is empty, waiting for next request
[2026-08-22 11:46:06.858 Model_Service_4] Model service 4 input queue is empty, waiting for next request
[2026-08-22 11:46:07.266 Model_Service_5] Model service 5 input queue is empty, waiting for next request
[2026-08-22 11:46:07.552 Model_Service_5] [PAPER-KV-V6] fetch meta-llama/Llama-3.2-3B -> 161 requests
[2026-08-22 11:46:08.487 Model_Service_2] Model service 2 input queue is empty, waiting for next request
[2026-08-22 11:46:09.597 Model_Service_0] Model service 0 input queue is empty, waiting for next request
[2026-08-22 11:46:10.336 Model_Service_3] Model service 3 input queue is empty, waiting for next request
[2026-08-22 11:46:11.081 Model_Service_1] Model service 1 input queue is empty, waiting for next request
[2026-08-22 11:46:12.166 Model_Service_4] Model service 4 input queue is empty, waiting for next request
[2026-08-22 11:46:12.560 Model_Service_5] Model service 5 input queue is empty, waiting for next request
[2026-08-22 11:46:13.731 Model_Service_2] Model service 2 input queue is empty, waiting for next request
[2026-08-22 11:46:14.857 Model_Service_0] Model service 0 input queue is empty, waiting for next request
[2026-08-22 11:46:15.578 Model_Service_3] Model service 3 input queue is empty, waiting for next request
[2026-08-22 11:46:16.322 Model_Service_1] Model service 1 input queue is empty, waiting for next request
[2026-08-22 11:46:17.425 Model_Service_4] Model service 4 input queue is empty, waiting for next request
[2026-08-22 11:46:18.074 Model_Service_5] Model service 5 input queue is empty, waiting for next request
[2026-08-22 11:46:18.978 Model_Service_2] Model service 2 input queue is empty, waiting for next request
[2026-08-22 11:46:20.136 Model_Service_0] Model service 0 input queue is empty, waiting for next request
[2026-08-22 11:46:20.810 Model_Service_3] Model service 3 input queue is empty, waiting for next request
[2026-08-22 11:46:21.574 Model_Service_1] Model service 1 input queue is empty, waiting for next request
[2026-08-22 11:46:22.668 Model_Service_4] Model service 4 input queue is empty, waiting for next request
[2026-08-22 11:46:23.408 Model_Service_5] Model service 5 input queue is empty, waiting for next request
[2026-08-22 11:46:24.220 Model_Service_2] Model service 2 input queue is empty, waiting for next request
[2026-08-22 11:46:24.816 Model_Service_0] [PAPER-KV-V6] relay-clone Qwen/Qwen2.5-1.5B-Instruct (0 requests)
[2026-08-22 11:46:24.816 Model_Service_0] [PAPER-KV-V6] stash Qwen/Qwen2.5-1.5B-Instruct from gpu 1 (0 requests)
[2026-08-22 11:46:25.251 Model_Service_0] [PAPER-LOAD-V4] release Qwen/Qwen2.5-1.5B-Instruct gpu 1 engine=1_0 held=1 held_engine=1_0 dropped=True
[2026-08-22 11:46:26.044 Model_Service_3] Model service 3 input queue is empty, waiting for next request
[2026-08-22 11:46:26.911 Model_Service_1] Model service 1 input queue is empty, waiting for next request
[2026-08-22 11:46:27.926 Model_Service_4] Model service 4 input queue is empty, waiting for next request
[2026-08-22 11:46:28.654 Model_Service_5] Model service 5 input queue is empty, waiting for next request
[2026-08-22 11:46:29.458 Model_Service_2] Model service 2 input queue is empty, waiting for next request
[2026-08-22 11:46:29.813 Model_Service_4] [PAPER-KV-V6] relay-clone meta-llama/Llama-3.2-1B (0 requests)
[2026-08-22 11:46:29.814 Model_Service_4] [PAPER-KV-V6] stash meta-llama/Llama-3.2-1B from gpu 1 (0 requests)
[2026-08-22 11:46:29.814 Model_Service_1] [PAPER-KV-V6] relay-clone Qwen/Qwen2.5-3B-Instruct (0 requests)
[2026-08-22 11:46:29.814 Model_Service_1] [PAPER-KV-V6] stash Qwen/Qwen2.5-3B-Instruct from gpu 1 (0 requests)
[2026-08-22 11:46:30.254 Model_Service_0] Model service 0 input queue is empty, waiting for next request
[2026-08-22 11:46:30.368 Model_Service_4] [PAPER-LOAD-V4] release meta-llama/Llama-3.2-1B gpu 1 engine=1_3 held=1 held_engine=1_3 dropped=True
[2026-08-22 11:46:30.435 Model_Service_1] [PAPER-LOAD-V4] release Qwen/Qwen2.5-3B-Instruct gpu 1 engine=1_1 held=1 held_engine=1_1 dropped=True
[2026-08-22 11:46:31.278 Model_Service_3] Model service 3 input queue is empty, waiting for next request
[2026-08-22 11:46:33.930 Model_Service_5] Model service 5 input queue is empty, waiting for next request
[2026-08-22 11:46:34.711 Model_Service_2] Model service 2 input queue is empty, waiting for next request
[2026-08-22 11:46:34.968 Model_Service_4] Model key: meta-llama/Llama-3.2-1B, engine id: 1_0, target gpu id: 1
[2026-08-22 11:46:35.215 Model_Service_4] [PAPER-LOAD-V4] {"tag": "meta-llama/Llama-3.2-1B|engine=1_0|src=None", "start_time": 1787399194.98762, "end_time": 1787399195.2156599, "policy": "paper", "split": 2, "pipeline_depth": null, "target_gpu": 1, "gpu_ids": [0, 1], "source": "cpu", "host_registered": true, "slices": 198, "payload_bytes": 2996965376, "bytes_h2d_direct": 1498482688, "bytes_h2d_helper": 1498482688, "bytes_p2p": 1498482688, "seconds": 0.22803841903805733, "payload_gbps": 13.142370433202471, "transfer_path": "host-to-device + helper-gpu-p2p"}
[2026-08-22 11:46:35.216 Model_Service_4] Time taken to copy model to GPU 1, service 4, engine 1_0, model meta-llama/Llama-3.2-1B: 0.2486 seconds
[2026-08-22 11:46:35.436 Model_Service_1] Model service 1 input queue is empty, waiting for next request
[2026-08-22 11:46:35.503 Model_Service_0] Model service 0 input queue is empty, waiting for next request
[2026-08-22 11:46:36.026 Model_Service_4] [PAPER-KV-V6] fetch meta-llama/Llama-3.2-1B -> 0 requests
[2026-08-22 11:46:36.175 Model_Service_0] Model key: Qwen/Qwen2.5-1.5B-Instruct, engine id: 1_3, target gpu id: 1
[2026-08-22 11:46:36.512 Model_Service_3] Model service 3 input queue is empty, waiting for next request
[2026-08-22 11:46:36.612 Model_Service_0] [PAPER-LOAD-V4] {"tag": "Qwen/Qwen2.5-1.5B-Instruct|engine=1_3|src=None", "start_time": 1787399196.1788442, "end_time": 1787399196.6120055, "policy": "paper", "split": 2, "pipeline_depth": null, "target_gpu": 1, "gpu_ids": [0, 1], "source": "cpu", "host_registered": true, "slices": 398, "payload_bytes": 3554176000, "bytes_h2d_direct": 1777088000, "bytes_h2d_helper": 1777088000, "bytes_p2p": 1777088000, "seconds": 0.433160139946267, "payload_gbps": 8.205224055105559, "transfer_path": "host-to-device + helper-gpu-p2p"}
[2026-08-22 11:46:36.613 Model_Service_0] Time taken to copy model to GPU 1, service 0, engine 1_3, model Qwen/Qwen2.5-1.5B-Instruct: 0.4379 seconds
[2026-08-22 11:46:37.611 Model_Service_0] [PAPER-KV-V6] fetch Qwen/Qwen2.5-1.5B-Instruct -> 0 requests
[2026-08-22 11:46:39.279 Model_Service_5] Model service 5 input queue is empty, waiting for next request
[2026-08-22 11:46:39.974 Model_Service_2] Model service 2 input queue is empty, waiting for next request
[2026-08-22 11:46:40.737 Model_Service_1] Model service 1 input queue is empty, waiting for next request
[2026-08-22 11:46:41.031 Model_Service_4] Model service 4 input queue is empty, waiting for next request
[2026-08-22 11:46:41.786 Model_Service_3] Model service 3 input queue is empty, waiting for next request
[2026-08-22 11:46:42.614 Model_Service_0] Model service 0 input queue is empty, waiting for next request
[2026-08-22 11:46:44.527 Model_Service_5] Model service 5 input queue is empty, waiting for next request
[2026-08-22 11:46:45.208 Model_Service_2] Model service 2 input queue is empty, waiting for next request
[2026-08-22 11:46:45.991 Model_Service_1] Model service 1 input queue is empty, waiting for next request
[2026-08-22 11:46:47.030 Model_Service_4] Model service 4 input queue is empty, waiting for next request
[2026-08-22 11:46:47.036 Model_Service_3] Model service 3 input queue is empty, waiting for next request
[2026-08-22 11:46:47.874 Model_Service_0] Model service 0 input queue is empty, waiting for next request
[2026-08-22 11:46:49.665 Model_Service_2] Model key: Qwen/Qwen2.5-7B-Instruct, engine id: 0_0, target gpu id: 0
[2026-08-22 11:46:49.802 Model_Service_5] Model service 5 input queue is empty, waiting for next request
[2026-08-22 11:46:50.241 Model_Service_2] [PAPER-LOAD-V4] {"tag": "Qwen/Qwen2.5-7B-Instruct|engine=0_0|src=None", "start_time": 1787399209.6682935, "end_time": 1787399210.2409978, "policy": "paper", "split": 2, "pipeline_depth": null, "target_gpu": 0, "gpu_ids": [0, 1], "source": "cpu", "host_registered": true, "slices": 398, "payload_bytes": 15231233024, "bytes_h2d_direct": 7615616512, "bytes_h2d_helper": 7615616512, "bytes_p2p": 7615616512, "seconds": 0.57270348793827, "payload_gbps": 26.59532086810292, "transfer_path": "host-to-device + helper-gpu-p2p"}
[2026-08-22 11:46:50.242 Model_Service_2] Time taken to copy model to GPU 0, service 2, engine 0_0, model Qwen/Qwen2.5-7B-Instruct: 0.5768 seconds
[2026-08-22 11:46:51.093 Model_Service_2] [PAPER-KV-V6] fetch Qwen/Qwen2.5-7B-Instruct -> 0 requests
[2026-08-22 11:46:51.318 Model_Service_1] Model service 1 input queue is empty, waiting for next request
[2026-08-22 11:46:52.291 Model_Service_3] Model service 3 input queue is empty, waiting for next request
[2026-08-22 11:46:52.346 Model_Service_4] Model service 4 input queue is empty, waiting for next request
[2026-08-22 11:46:53.196 Model_Service_0] Model service 0 input queue is empty, waiting for next request
[2026-08-22 11:46:55.124 Model_Service_5] Model service 5 input queue is empty, waiting for next request
[2026-08-22 11:46:56.098 Model_Service_2] Model service 2 input queue is empty, waiting for next request
[2026-08-22 11:46:56.579 Model_Service_1] Model service 1 input queue is empty, waiting for next request
[2026-08-22 11:46:57.537 Model_Service_3] Model service 3 input queue is empty, waiting for next request
[2026-08-22 11:46:57.674 Model_Service_4] Model service 4 input queue is empty, waiting for next request
[2026-08-22 11:46:58.438 Model_Service_0] Model service 0 input queue is empty, waiting for next request
[2026-08-22 11:47:00.377 Model_Service_5] Model service 5 input queue is empty, waiting for next request
[2026-08-22 11:47:01.333 Model_Service_2] Model service 2 input queue is empty, waiting for next request
[2026-08-22 11:47:01.826 Model_Service_1] Model service 1 input queue is empty, waiting for next request
[2026-08-22 11:47:02.823 Model_Service_3] Model service 3 input queue is empty, waiting for next request
[2026-08-22 11:47:02.928 Model_Service_4] Model service 4 input queue is empty, waiting for next request
[2026-08-22 11:47:03.702 Model_Service_0] Model service 0 input queue is empty, waiting for next request
[2026-08-22 11:47:05.629 Model_Service_5] Model service 5 input queue is empty, waiting for next request
[2026-08-22 11:47:06.616 Model_Service_2] Model service 2 input queue is empty, waiting for next request
[2026-08-22 11:47:07.109 Model_Service_1] Model service 1 input queue is empty, waiting for next request
[2026-08-22 11:47:08.054 Model_Service_3] Model service 3 input queue is empty, waiting for next request
[2026-08-22 11:47:08.214 Model_Service_4] Model service 4 input queue is empty, waiting for next request
[2026-08-22 11:47:09.012 Model_Service_0] Model service 0 input queue is empty, waiting for next request
[2026-08-22 11:47:10.906 Model_Service_5] Model service 5 input queue is empty, waiting for next request
[2026-08-22 11:47:11.869 Model_Service_2] Model service 2 input queue is empty, waiting for next request
[2026-08-22 11:47:12.421 Model_Service_1] Model service 1 input queue is empty, waiting for next request
[2026-08-22 11:47:13.298 Model_Service_3] Model service 3 input queue is empty, waiting for next request
[2026-08-22 11:47:13.514 Model_Service_4] Model service 4 input queue is empty, waiting for next request
[2026-08-22 11:47:14.255 Model_Service_0] Model service 0 input queue is empty, waiting for next request
[2026-08-22 11:47:16.238 Model_Service_5] Model service 5 input queue is empty, waiting for next request
[2026-08-22 11:47:17.113 Model_Service_2] Model service 2 input queue is empty, waiting for next request
[2026-08-22 11:47:17.666 Model_Service_1] Model service 1 input queue is empty, waiting for next request
[2026-08-22 11:47:18.550 Model_Service_3] Model service 3 input queue is empty, waiting for next request
[2026-08-22 11:47:18.755 Model_Service_4] Model service 4 input queue is empty, waiting for next request
[2026-08-22 11:47:19.596 Model_Service_0] Model service 0 input queue is empty, waiting for next request
[2026-08-22 11:47:21.495 Model_Service_5] Model service 5 input queue is empty, waiting for next request
[2026-08-22 11:47:22.351 Model_Service_2] Model service 2 input queue is empty, waiting for next request
[2026-08-22 11:47:22.923 Model_Service_1] Model service 1 input queue is empty, waiting for next request
[2026-08-22 11:47:23.799 Model_Service_3] Model service 3 input queue is empty, waiting for next request
[2026-08-22 11:47:24.022 Model_Service_4] Model service 4 input queue is empty, waiting for next request
[2026-08-22 11:47:24.870 Model_Service_0] Model service 0 input queue is empty, waiting for next request
[2026-08-22 11:47:26.747 Model_Service_5] Model service 5 input queue is empty, waiting for next request
[2026-08-22 11:47:27.590 Model_Service_2] Model service 2 input queue is empty, waiting for next request
[2026-08-22 11:47:28.200 Model_Service_1] Model service 1 input queue is empty, waiting for next request
[2026-08-22 11:47:29.034 Model_Service_3] Model service 3 input queue is empty, waiting for next request
[2026-08-22 11:47:29.320 Model_Service_4] Model service 4 input queue is empty, waiting for next request
[2026-08-22 11:47:30.114 Model_Service_0] Model service 0 input queue is empty, waiting for next request
[2026-08-22 11:47:32.012 Model_Service_5] Model service 5 input queue is empty, waiting for next request
[2026-08-22 11:47:32.840 Model_Service_2] Model service 2 input queue is empty, waiting for next request
[2026-08-22 11:47:33.514 Model_Service_1] Model service 1 input queue is empty, waiting for next request
[2026-08-22 11:47:34.266 Model_Service_3] Model service 3 input queue is empty, waiting for next request
[2026-08-22 11:47:34.566 Model_Service_4] Model service 4 input queue is empty, waiting for next request
[2026-08-22 11:47:35.386 Model_Service_0] Model service 0 input queue is empty, waiting for next request
[2026-08-22 11:47:37.290 Model_Service_5] Model service 5 input queue is empty, waiting for next request
[2026-08-22 11:47:38.088 Model_Service_2] Model service 2 input queue is empty, waiting for next request
[2026-08-22 11:47:38.766 Model_Service_1] Model service 1 input queue is empty, waiting for next request
[2026-08-22 11:47:39.510 Model_Service_3] Model service 3 input queue is empty, waiting for next request
[2026-08-22 11:47:39.810 Model_Service_4] Model service 4 input queue is empty, waiting for next request
[2026-08-22 11:47:40.677 Model_Service_0] Model service 0 input queue is empty, waiting for next request
[2026-08-22 11:47:42.594 Model_Service_5] Model service 5 input queue is empty, waiting for next request
[2026-08-22 11:47:43.336 Model_Service_2] Model service 2 input queue is empty, waiting for next request
[2026-08-22 11:47:44.015 Model_Service_1] Model service 1 input queue is empty, waiting for next request
[2026-08-22 11:47:44.750 Model_Service_3] Model service 3 input queue is empty, waiting for next request
[2026-08-22 11:47:45.076 Model_Service_4] Model service 4 input queue is empty, waiting for next request
[2026-08-22 11:47:45.914 Model_Service_0] Model service 0 input queue is empty, waiting for next request
[2026-08-22 11:47:47.852 Model_Service_5] Model service 5 input queue is empty, waiting for next request
[2026-08-22 11:47:48.573 Model_Service_2] Model service 2 input queue is empty, waiting for next request
[2026-08-22 11:47:49.270 Model_Service_1] Model service 1 input queue is empty, waiting for next request
[2026-08-22 11:47:49.982 Model_Service_3] Model service 3 input queue is empty, waiting for next request
[2026-08-22 11:47:50.328 Model_Service_4] Model service 4 input queue is empty, waiting for next request
[2026-08-22 11:47:51.159 Model_Service_0] Model service 0 input queue is empty, waiting for next request
[2026-08-22 11:47:53.114 Model_Service_5] Model service 5 input queue is empty, waiting for next request
[2026-08-22 11:47:53.818 Model_Service_2] Model service 2 input queue is empty, waiting for next request
[2026-08-22 11:47:54.542 Model_Service_1] Model service 1 input queue is empty, waiting for next request
[2026-08-22 11:47:55.235 Model_Service_3] Model service 3 input queue is empty, waiting for next request
[2026-08-22 11:47:55.626 Model_Service_4] Model service 4 input queue is empty, waiting for next request
[2026-08-22 11:47:56.429 Model_Service_0] Model service 0 input queue is empty, waiting for next request
[2026-08-22 11:47:58.378 Model_Service_5] Model service 5 input queue is empty, waiting for next request
[2026-08-22 11:47:59.077 Model_Service_2] Model service 2 input queue is empty, waiting for next request
[2026-08-22 11:47:59.798 Model_Service_1] Model service 1 input queue is empty, waiting for next request
[2026-08-22 11:48:00.491 Model_Service_3] Model service 3 input queue is empty, waiting for next request
[2026-08-22 11:48:00.866 Model_Service_4] Model service 4 input queue is empty, waiting for next request
[2026-08-22 11:48:01.745 Model_Service_0] Model service 0 input queue is empty, waiting for next request
[2026-08-22 11:48:03.663 Model_Service_5] Model service 5 input queue is empty, waiting for next request
[2026-08-22 11:48:04.314 Model_Service_2] Model service 2 input queue is empty, waiting for next request
[2026-08-22 11:48:05.116 Model_Service_1] Model service 1 input queue is empty, waiting for next request
[2026-08-22 11:48:05.725 Model_Service_3] Model service 3 input queue is empty, waiting for next request
[2026-08-22 11:48:06.108 Model_Service_4] Model service 4 input queue is empty, waiting for next request
[2026-08-22 11:48:06.998 Model_Service_0] Model service 0 input queue is empty, waiting for next request
[2026-08-22 11:48:08.981 Model_Service_5] Model service 5 input queue is empty, waiting for next request
[2026-08-22 11:48:09.567 Model_Service_2] Model service 2 input queue is empty, waiting for next request
[2026-08-22 11:48:10.362 Model_Service_1] Model service 1 input queue is empty, waiting for next request
[2026-08-22 11:48:10.962 Model_Service_3] Model service 3 input queue is empty, waiting for next request
[2026-08-22 11:48:11.356 Model_Service_4] Model service 4 input queue is empty, waiting for next request
[2026-08-22 11:48:12.244 Model_Service_0] Model service 0 input queue is empty, waiting for next request
[2026-08-22 11:48:14.248 Model_Service_5] Model service 5 input queue is empty, waiting for next request
[2026-08-22 11:48:14.826 Model_Service_2] Model service 2 input queue is empty, waiting for next request
[2026-08-22 11:48:15.609 Model_Service_1] Model service 1 input queue is empty, waiting for next request
[2026-08-22 11:48:16.226 Model_Service_3] Model service 3 input queue is empty, waiting for next request
[2026-08-22 11:48:16.640 Model_Service_4] Model service 4 input queue is empty, waiting for next request
[2026-08-22 11:48:17.488 Model_Service_0] Model service 0 input queue is empty, waiting for next request
[2026-08-22 11:48:19.504 Model_Service_5] Model service 5 input queue is empty, waiting for next request
[2026-08-22 11:48:20.078 Model_Service_2] Model service 2 input queue is empty, waiting for next request
[2026-08-22 11:48:20.862 Model_Service_1] Model service 1 input queue is empty, waiting for next request
[2026-08-22 11:48:21.490 Model_Service_3] Model service 3 input queue is empty, waiting for next request
[2026-08-22 11:48:21.919 Model_Service_4] Model service 4 input queue is empty, waiting for next request
[2026-08-22 11:48:22.745 Model_Service_0] Model service 0 input queue is empty, waiting for next request
[2026-08-22 11:48:24.753 Model_Service_5] Model service 5 input queue is empty, waiting for next request
[2026-08-22 11:48:25.317 Model_Service_2] Model service 2 input queue is empty, waiting for next request
[2026-08-22 11:48:26.116 Model_Service_1] Model service 1 input queue is empty, waiting for next request
[2026-08-22 11:48:26.722 Model_Service_3] Model service 3 input queue is empty, waiting for next request
[2026-08-22 11:48:27.203 Model_Service_4] Model service 4 input queue is empty, waiting for next request
[2026-08-22 11:48:28.009 Model_Service_0] Model service 0 input queue is empty, waiting for next request
[2026-08-22 11:48:30.011 Model_Service_5] Model service 5 input queue is empty, waiting for next request
[2026-08-22 11:48:30.600 Model_Service_2] Model service 2 input queue is empty, waiting for next request
[2026-08-22 11:48:31.391 Model_Service_1] Model service 1 input queue is empty, waiting for next request
[2026-08-22 11:48:31.954 Model_Service_3] Model service 3 input queue is empty, waiting for next request
[2026-08-22 11:48:32.440 Model_Service_4] Model service 4 input queue is empty, waiting for next request
[2026-08-22 11:48:33.290 Model_Service_0] Model service 0 input queue is empty, waiting for next request
[2026-08-22 11:48:35.292 Model_Service_5] Model service 5 input queue is empty, waiting for next request
[2026-08-22 11:48:35.876 Model_Service_2] Model service 2 input queue is empty, waiting for next request
[2026-08-22 11:48:36.648 Model_Service_1] Model service 1 input queue is empty, waiting for next request
[2026-08-22 11:48:37.194 Model_Service_3] Model service 3 input queue is empty, waiting for next request
[2026-08-22 11:48:37.670 Model_Service_4] Model service 4 input queue is empty, waiting for next request
[2026-08-22 11:48:38.539 Model_Service_0] Model service 0 input queue is empty, waiting for next request
[2026-08-22 11:48:40.547 Model_Service_5] Model service 5 input queue is empty, waiting for next request
[2026-08-22 11:48:41.115 Model_Service_2] Model service 2 input queue is empty, waiting for next request
[2026-08-22 11:48:41.963 Model_Service_1] Model service 1 input queue is empty, waiting for next request
[2026-08-22 11:48:42.436 Model_Service_3] Model service 3 input queue is empty, waiting for next request
[2026-08-22 11:48:42.907 Model_Service_4] Model service 4 input queue is empty, waiting for next request
[2026-08-22 11:48:43.778 Model_Service_0] Model service 0 input queue is empty, waiting for next request
[2026-08-22 11:48:45.881 Model_Service_5] Model service 5 input queue is empty, waiting for next request
[2026-08-22 11:48:46.355 Model_Service_2] Model service 2 input queue is empty, waiting for next request
[2026-08-22 11:48:47.208 Model_Service_1] Model service 1 input queue is empty, waiting for next request
[2026-08-22 11:48:47.666 Model_Service_3] Model service 3 input queue is empty, waiting for next request
[2026-08-22 11:48:48.146 Model_Service_4] Model service 4 input queue is empty, waiting for next request
[2026-08-22 11:48:49.027 Model_Service_0] Model service 0 input queue is empty, waiting for next request
[2026-08-22 11:48:51.136 Model_Service_5] Model service 5 input queue is empty, waiting for next request
[2026-08-22 11:48:51.592 Model_Service_2] Model service 2 input queue is empty, waiting for next request
[2026-08-22 11:48:52.454 Model_Service_1] Model service 1 input queue is empty, waiting for next request
[2026-08-22 11:48:52.902 Model_Service_3] Model service 3 input queue is empty, waiting for next request
[2026-08-22 11:48:53.408 Model_Service_4] Model service 4 input queue is empty, waiting for next request
[2026-08-22 11:48:54.270 Model_Service_0] Model service 0 input queue is empty, waiting for next request
[2026-08-22 11:48:56.402 Model_Service_5] Model service 5 input queue is empty, waiting for next request
[2026-08-22 11:48:56.834 Model_Service_2] Model service 2 input queue is empty, waiting for next request
[2026-08-22 11:48:57.702 Model_Service_1] Model service 1 input queue is empty, waiting for next request
[2026-08-22 11:48:58.136 Model_Service_3] Model service 3 input queue is empty, waiting for next request
[2026-08-22 11:48:58.653 Model_Service_4] Model service 4 input queue is empty, waiting for next request
[2026-08-22 11:48:59.550 Model_Service_0] Model service 0 input queue is empty, waiting for next request
[2026-08-22 11:49:01.650 Model_Service_5] Model service 5 input queue is empty, waiting for next request
[2026-08-22 11:49:02.082 Model_Service_2] Model service 2 input queue is empty, waiting for next request
[2026-08-22 11:49:02.953 Model_Service_1] Model service 1 input queue is empty, waiting for next request
[2026-08-22 11:49:03.370 Model_Service_3] Model service 3 input queue is empty, waiting for next request
[2026-08-22 11:49:03.916 Model_Service_4] Model service 4 input queue is empty, waiting for next request
[2026-08-22 11:49:04.807 Model_Service_0] Model service 0 input queue is empty, waiting for next request
[2026-08-22 11:49:06.919 Model_Service_5] Model service 5 input queue is empty, waiting for next request
[2026-08-22 11:49:07.323 Model_Service_2] Model service 2 input queue is empty, waiting for next request
[2026-08-22 11:49:08.202 Model_Service_1] Model service 1 input queue is empty, waiting for next request
[2026-08-22 11:49:08.603 Model_Service_3] Model service 3 input queue is empty, waiting for next request
[2026-08-22 11:49:09.176 Model_Service_4] Model service 4 input queue is empty, waiting for next request
[2026-08-22 11:49:10.100 Model_Service_0] Model service 0 input queue is empty, waiting for next request
[2026-08-22 11:49:12.190 Model_Service_5] Model service 5 input queue is empty, waiting for next request
[2026-08-22 11:49:12.574 Model_Service_2] Model service 2 input queue is empty, waiting for next request
[2026-08-22 11:49:13.460 Model_Service_1] Model service 1 input queue is empty, waiting for next request
[2026-08-22 11:49:13.833 Model_Service_3] Model service 3 input queue is empty, waiting for next request
[2026-08-22 11:49:14.426 Model_Service_4] Model service 4 input queue is empty, waiting for next request
[2026-08-22 11:49:15.351 Model_Service_0] Model service 0 input queue is empty, waiting for next request
[2026-08-22 11:49:17.472 Model_Service_5] Model service 5 input queue is empty, waiting for next request
[2026-08-22 11:49:17.820 Model_Service_2] Model service 2 input queue is empty, waiting for next request
[2026-08-22 11:49:18.738 Model_Service_1] Model service 1 input queue is empty, waiting for next request
[2026-08-22 11:49:19.083 Model_Service_3] Model service 3 input queue is empty, waiting for next request
[2026-08-22 11:49:19.673 Model_Service_4] Model service 4 input queue is empty, waiting for next request
[2026-08-22 11:49:20.616 Model_Service_0] Model service 0 input queue is empty, waiting for next request
[2026-08-22 11:49:22.745 Model_Service_5] Model service 5 input queue is empty, waiting for next request
[2026-08-22 11:49:23.062 Model_Service_2] Model service 2 input queue is empty, waiting for next request
[2026-08-22 11:49:23.984 Model_Service_1] Model service 1 input queue is empty, waiting for next request
[2026-08-22 11:49:24.337 Model_Service_3] Model service 3 input queue is empty, waiting for next request
[2026-08-22 11:49:24.903 Model_Service_4] Model service 4 input queue is empty, waiting for next request
[2026-08-22 11:49:25.858 Model_Service_0] Model service 0 input queue is empty, waiting for next request
[2026-08-22 11:49:28.065 Model_Service_5] Model service 5 input queue is empty, waiting for next request
[2026-08-22 11:49:28.301 Model_Service_2] Model service 2 input queue is empty, waiting for next request
[2026-08-22 11:49:29.266 Model_Service_1] Model service 1 input queue is empty, waiting for next request
[2026-08-22 11:49:29.562 Model_Service_3] Model service 3 input queue is empty, waiting for next request
[2026-08-22 11:49:30.145 Model_Service_4] Model service 4 input queue is empty, waiting for next request
[2026-08-22 11:49:31.103 Model_Service_0] Model service 0 input queue is empty, waiting for next request
[2026-08-22 11:49:33.330 Model_Service_5] Model service 5 input queue is empty, waiting for next request
[2026-08-22 11:49:33.543 Model_Service_2] Model service 2 input queue is empty, waiting for next request
[2026-08-22 11:49:34.547 Model_Service_1] Model service 1 input queue is empty, waiting for next request
[2026-08-22 11:49:34.794 Model_Service_3] Model service 3 input queue is empty, waiting for next request
[2026-08-22 11:49:35.382 Model_Service_4] Model service 4 input queue is empty, waiting for next request
[2026-08-22 11:49:36.359 Model_Service_0] Model service 0 input queue is empty, waiting for next request
[2026-08-22 11:49:38.578 Model_Service_5] Model service 5 input queue is empty, waiting for next request
[2026-08-22 11:49:38.809 Model_Service_2] Model service 2 input queue is empty, waiting for next request
[2026-08-22 11:49:39.814 Model_Service_1] Model service 1 input queue is empty, waiting for next request
[2026-08-22 11:49:40.063 Model_Service_3] Model service 3 input queue is empty, waiting for next request
[2026-08-22 11:49:40.616 Model_Service_4] Model service 4 input queue is empty, waiting for next request
[2026-08-22 11:49:41.624 Model_Service_0] Model service 0 input queue is empty, waiting for next request
[2026-08-22 11:49:43.822 Model_Service_5] Model service 5 input queue is empty, waiting for next request
[2026-08-22 11:49:44.055 Model_Service_2] Model service 2 input queue is empty, waiting for next request
[2026-08-22 11:49:45.060 Model_Service_1] Model service 1 input queue is empty, waiting for next request
[2026-08-22 11:49:45.329 Model_Service_3] Model service 3 input queue is empty, waiting for next request
[2026-08-22 11:49:45.885 Model_Service_4] Model service 4 input queue is empty, waiting for next request
[2026-08-22 11:49:46.899 Model_Service_0] Model service 0 input queue is empty, waiting for next request
[2026-08-22 11:49:49.076 Model_Service_5] Model service 5 input queue is empty, waiting for next request
[2026-08-22 11:49:49.302 Model_Service_2] Model service 2 input queue is empty, waiting for next request
[2026-08-22 11:49:50.304 Model_Service_1] Model service 1 input queue is empty, waiting for next request
[2026-08-22 11:49:50.568 Model_Service_3] Model service 3 input queue is empty, waiting for next request
[2026-08-22 11:49:51.123 Model_Service_4] Model service 4 input queue is empty, waiting for next request
[2026-08-22 11:49:52.141 Model_Service_0] Model service 0 input queue is empty, waiting for next request
[2026-08-22 11:49:54.322 Model_Service_5] Model service 5 input queue is empty, waiting for next request
[2026-08-22 11:49:54.542 Model_Service_2] Model service 2 input queue is empty, waiting for next request
[2026-08-22 11:49:55.551 Model_Service_1] Model service 1 input queue is empty, waiting for next request
[2026-08-22 11:49:55.802 Model_Service_3] Model service 3 input queue is empty, waiting for next request
[2026-08-22 11:49:56.357 Model_Service_4] Model service 4 input queue is empty, waiting for next request
[2026-08-22 11:49:57.430 Model_Service_0] Model service 0 input queue is empty, waiting for next request
[2026-08-22 11:49:59.564 Model_Service_5] Model service 5 input queue is empty, waiting for next request
[2026-08-22 11:49:59.833 Model_Service_2] Model service 2 input queue is empty, waiting for next request
[2026-08-22 11:50:00.433 Model_Service_1] Model key: Qwen/Qwen2.5-3B-Instruct, engine id: 1_1, target gpu id: 1
[2026-08-22 11:50:00.767 Model_Service_1] [PAPER-LOAD-V4] {"tag": "Qwen/Qwen2.5-3B-Instruct|engine=1_1|src=None", "start_time": 1787399400.4575765, "end_time": 1787399400.7677271, "policy": "paper", "split": 2, "pipeline_depth": null, "target_gpu": 1, "gpu_ids": [0, 1], "source": "cpu", "host_registered": true, "slices": 510, "payload_bytes": 6794207232, "bytes_h2d_direct": 3397103616, "bytes_h2d_helper": 3397103616, "bytes_p2p": 3397103616, "seconds": 0.3101495651062578, "payload_gbps": 21.90622846648936, "transfer_path": "host-to-device + helper-gpu-p2p"}
[2026-08-22 11:50:00.770 Model_Service_1] Time taken to copy model to GPU 1, service 1, engine 1_1, model Qwen/Qwen2.5-3B-Instruct: 0.3366 seconds
[2026-08-22 11:50:01.034 Model_Service_3] Model service 3 input queue is empty, waiting for next request
[2026-08-22 11:50:01.642 Model_Service_4] Model service 4 input queue is empty, waiting for next request
[2026-08-22 11:50:01.793 Model_Service_1] [PAPER-KV-V6] fetch Qwen/Qwen2.5-3B-Instruct -> 0 requests
[2026-08-22 11:50:02.674 Model_Service_0] Model service 0 input queue is empty, waiting for next request
[2026-08-22 11:50:04.838 Model_Service_5] Model service 5 input queue is empty, waiting for next request
[2026-08-22 11:50:05.090 Model_Service_2] Model service 2 input queue is empty, waiting for next request
[2026-08-22 11:50:06.287 Model_Service_3] Model service 3 input queue is empty, waiting for next request
[2026-08-22 11:50:06.798 Model_Service_1] Model service 1 input queue is empty, waiting for next request
[2026-08-22 11:50:06.883 Model_Service_4] Model service 4 input queue is empty, waiting for next request
[2026-08-22 11:50:07.914 Model_Service_0] Model service 0 input queue is empty, waiting for next request
[2026-08-22 11:50:10.086 Model_Service_5] Model service 5 input queue is empty, waiting for next request
[2026-08-22 11:50:10.345 Model_Service_2] Model service 2 input queue is empty, waiting for next request
[2026-08-22 11:50:11.530 Model_Service_3] Model service 3 input queue is empty, waiting for next request
[2026-08-22 11:50:12.127 Model_Service_4] Model service 4 input queue is empty, waiting for next request
[2026-08-22 11:50:12.516 Model_Service_5] [PAPER-KV-V6] relay-clone meta-llama/Llama-3.2-3B (0 requests)
[2026-08-22 11:50:12.516 Model_Service_5] [PAPER-KV-V6] stash meta-llama/Llama-3.2-3B from gpu 1 (0 requests)
[2026-08-22 11:50:12.518 Model_Service_2] [PAPER-KV-V6] relay-clone Qwen/Qwen2.5-7B-Instruct (0 requests)
[2026-08-22 11:50:12.518 Model_Service_2] [PAPER-KV-V6] stash Qwen/Qwen2.5-7B-Instruct from gpu 0 (0 requests)
[2026-08-22 11:50:13.156 Model_Service_0] Model service 0 input queue is empty, waiting for next request
[2026-08-22 11:50:13.198 Model_Service_1] Model service 1 input queue is empty, waiting for next request
[2026-08-22 11:50:13.354 Model_Service_2] [PAPER-LOAD-V4] release Qwen/Qwen2.5-7B-Instruct gpu 0 engine=0_0 held=0 held_engine=0_0 dropped=True
[2026-08-22 11:50:13.576 Model_Service_5] [PAPER-LOAD-V4] release meta-llama/Llama-3.2-3B gpu 1 engine=1_2 held=1 held_engine=1_2 dropped=True
[2026-08-22 11:50:16.767 Model_Service_3] Model service 3 input queue is empty, waiting for next request
[2026-08-22 11:50:17.358 Model_Service_4] Model service 4 input queue is empty, waiting for next request
[2026-08-22 11:50:18.360 Model_Service_2] Model service 2 input queue is empty, waiting for next request
[2026-08-22 11:50:18.410 Model_Service_0] Model service 0 input queue is empty, waiting for next request
[2026-08-22 11:50:18.545 Model_Service_1] Model service 1 input queue is empty, waiting for next request
[2026-08-22 11:50:18.578 Model_Service_5] Model service 5 input queue is empty, waiting for next request
[2026-08-22 11:50:22.009 Model_Service_3] Model service 3 input queue is empty, waiting for next request
[2026-08-22 11:50:22.594 Model_Service_4] Model service 4 input queue is empty, waiting for next request
[2026-08-22 11:50:23.592 Model_Service_2] Model service 2 input queue is empty, waiting for next request
[2026-08-22 11:50:23.650 Model_Service_0] Model service 0 input queue is empty, waiting for next request
[2026-08-22 11:50:23.811 Model_Service_1] Model service 1 input queue is empty, waiting for next request
[2026-08-22 11:50:23.898 Model_Service_5] Model service 5 input queue is empty, waiting for next request
[2026-08-22 11:50:27.245 Model_Service_3] Model service 3 input queue is empty, waiting for next request
[2026-08-22 11:50:27.828 Model_Service_4] Model service 4 input queue is empty, waiting for next request
[2026-08-22 11:50:28.825 Model_Service_2] Model service 2 input queue is empty, waiting for next request
[2026-08-22 11:50:28.910 Model_Service_0] Model service 0 input queue is empty, waiting for next request
[2026-08-22 11:50:29.124 Model_Service_1] Model service 1 input queue is empty, waiting for next request
[2026-08-22 11:50:29.174 Model_Service_5] Model service 5 input queue is empty, waiting for next request
[2026-08-22 11:50:32.472 Model_Service_3] Model service 3 input queue is empty, waiting for next request
[2026-08-22 11:50:33.065 Model_Service_4] Model service 4 input queue is empty, waiting for next request
[2026-08-22 11:50:34.069 Model_Service_2] Model service 2 input queue is empty, waiting for next request
[2026-08-22 11:50:34.150 Model_Service_0] Model service 0 input queue is empty, waiting for next request
[2026-08-22 11:50:34.368 Model_Service_1] Model service 1 input queue is empty, waiting for next request
[2026-08-22 11:50:34.522 Model_Service_5] Model service 5 input queue is empty, waiting for next request
[2026-08-22 11:50:37.733 Model_Service_3] Model service 3 input queue is empty, waiting for next request
[2026-08-22 11:50:38.299 Model_Service_4] Model service 4 input queue is empty, waiting for next request
[2026-08-22 11:50:38.970 Model_Service_2] Model key: Qwen/Qwen2.5-7B-Instruct, engine id: 1_2, target gpu id: 1
[2026-08-22 11:50:39.392 Model_Service_0] Model service 0 input queue is empty, waiting for next request
[2026-08-22 11:50:39.622 Model_Service_1] Model service 1 input queue is empty, waiting for next request
[2026-08-22 11:50:39.623 Model_Service_2] [PAPER-LOAD-V4] {"tag": "Qwen/Qwen2.5-7B-Instruct|engine=1_2|src=None", "start_time": 1787399438.9729805, "end_time": 1787399439.62374, "policy": "paper", "split": 2, "pipeline_depth": null, "target_gpu": 1, "gpu_ids": [0, 1], "source": "cpu", "host_registered": true, "slices": 398, "payload_bytes": 15231233024, "bytes_h2d_direct": 7615616512, "bytes_h2d_helper": 7615616512, "bytes_p2p": 7615616512, "seconds": 0.6507581670302898, "payload_gbps": 23.405365918813057, "transfer_path": "host-to-device + helper-gpu-p2p"}
[2026-08-22 11:50:39.625 Model_Service_2] Time taken to copy model to GPU 1, service 2, engine 1_2, model Qwen/Qwen2.5-7B-Instruct: 0.6550 seconds
[2026-08-22 11:50:39.778 Model_Service_5] Model service 5 input queue is empty, waiting for next request
[2026-08-22 11:50:40.484 Model_Service_2] [PAPER-KV-V6] fetch Qwen/Qwen2.5-7B-Instruct -> 0 requests
[2026-08-22 11:50:42.994 Model_Service_3] Model service 3 input queue is empty, waiting for next request
[2026-08-22 11:50:43.542 Model_Service_4] Model service 4 input queue is empty, waiting for next request
[2026-08-22 11:50:44.684 Model_Service_0] Model service 0 input queue is empty, waiting for next request
[2026-08-22 11:50:44.944 Model_Service_1] Model service 1 input queue is empty, waiting for next request
[2026-08-22 11:50:45.089 Model_Service_5] Model service 5 input queue is empty, waiting for next request
[2026-08-22 11:50:45.489 Model_Service_2] Model service 2 input queue is empty, waiting for next request
[2026-08-22 11:50:48.235 Model_Service_3] Model service 3 input queue is empty, waiting for next request
[2026-08-22 11:50:48.784 Model_Service_4] Model service 4 input queue is empty, waiting for next request
[2026-08-22 11:50:49.924 Model_Service_0] Model service 0 input queue is empty, waiting for next request
[2026-08-22 11:50:50.222 Model_Service_1] Model service 1 input queue is empty, waiting for next request
[2026-08-22 11:50:50.378 Model_Service_5] Model service 5 input queue is empty, waiting for next request
[2026-08-22 11:50:50.730 Model_Service_2] Model service 2 input queue is empty, waiting for next request
[2026-08-22 11:50:53.471 Model_Service_3] Model service 3 input queue is empty, waiting for next request
[2026-08-22 11:50:54.072 Model_Service_4] Model service 4 input queue is empty, waiting for next request
[2026-08-22 11:50:55.168 Model_Service_0] Model service 0 input queue is empty, waiting for next request
[2026-08-22 11:50:55.474 Model_Service_1] Model service 1 input queue is empty, waiting for next request
[2026-08-22 11:50:55.626 Model_Service_5] Model service 5 input queue is empty, waiting for next request
[2026-08-22 11:50:55.968 Model_Service_2] Model service 2 input queue is empty, waiting for next request
[2026-08-22 11:50:58.711 Model_Service_3] Model service 3 input queue is empty, waiting for next request
[2026-08-22 11:50:59.314 Model_Service_4] Model service 4 input queue is empty, waiting for next request
[2026-08-22 11:51:00.463 Model_Service_0] Model service 0 input queue is empty, waiting for next request
[2026-08-22 11:51:00.725 Model_Service_1] Model service 1 input queue is empty, waiting for next request
[2026-08-22 11:51:00.903 Model_Service_5] Model service 5 input queue is empty, waiting for next request
[2026-08-22 11:51:01.203 Model_Service_2] Model service 2 input queue is empty, waiting for next request
[2026-08-22 11:51:03.994 Model_Service_3] Model service 3 input queue is empty, waiting for next request
[2026-08-22 11:51:04.550 Model_Service_4] Model service 4 input queue is empty, waiting for next request
[2026-08-22 11:51:05.705 Model_Service_0] Model service 0 input queue is empty, waiting for next request
[2026-08-22 11:51:06.002 Model_Service_1] Model service 1 input queue is empty, waiting for next request
[2026-08-22 11:51:06.240 Model_Service_5] Model service 5 input queue is empty, waiting for next request
[2026-08-22 11:51:06.656 Model_Service_2] Model service 2 input queue is empty, waiting for next request
[2026-08-22 11:51:09.241 Model_Service_3] Model service 3 input queue is empty, waiting for next request
[2026-08-22 11:51:09.786 Model_Service_4] Model service 4 input queue is empty, waiting for next request
[2026-08-22 11:51:10.945 Model_Service_0] Model service 0 input queue is empty, waiting for next request
[2026-08-22 11:51:11.323 Model_Service_1] Model service 1 input queue is empty, waiting for next request
[2026-08-22 11:51:11.506 Model_Service_5] Model service 5 input queue is empty, waiting for next request
[2026-08-22 11:51:11.899 Model_Service_2] Model service 2 input queue is empty, waiting for next request
[2026-08-22 11:51:14.478 Model_Service_3] Model service 3 input queue is empty, waiting for next request
[2026-08-22 11:51:15.102 Model_Service_4] Model service 4 input queue is empty, waiting for next request
[2026-08-22 11:51:16.186 Model_Service_0] Model service 0 input queue is empty, waiting for next request
[2026-08-22 11:51:16.602 Model_Service_1] Model service 1 input queue is empty, waiting for next request
[2026-08-22 11:51:16.764 Model_Service_5] Model service 5 input queue is empty, waiting for next request
[2026-08-22 11:51:17.135 Model_Service_2] Model service 2 input queue is empty, waiting for next request
[2026-08-22 11:51:19.738 Model_Service_3] Model service 3 input queue is empty, waiting for next request
[2026-08-22 11:51:20.347 Model_Service_4] Model service 4 input queue is empty, waiting for next request
[2026-08-22 11:51:21.442 Model_Service_0] Model service 0 input queue is empty, waiting for next request
[2026-08-22 11:51:21.846 Model_Service_1] Model service 1 input queue is empty, waiting for next request
[2026-08-22 11:51:22.045 Model_Service_5] Model service 5 input queue is empty, waiting for next request
[2026-08-22 11:51:22.370 Model_Service_2] Model service 2 input queue is empty, waiting for next request
[2026-08-22 11:51:24.976 Model_Service_3] Model service 3 input queue is empty, waiting for next request
[2026-08-22 11:51:25.585 Model_Service_4] Model service 4 input queue is empty, waiting for next request
[2026-08-22 11:51:26.676 Model_Service_0] Model service 0 input queue is empty, waiting for next request
[2026-08-22 11:51:27.099 Model_Service_1] Model service 1 input queue is empty, waiting for next request
[2026-08-22 11:51:27.355 Model_Service_5] Model service 5 input queue is empty, waiting for next request
[2026-08-22 11:51:27.653 Model_Service_2] Model service 2 input queue is empty, waiting for next request
[2026-08-22 11:51:30.218 Model_Service_3] Model service 3 input queue is empty, waiting for next request
[2026-08-22 11:51:30.826 Model_Service_4] Model service 4 input queue is empty, waiting for next request
[2026-08-22 11:51:31.441 Model_Service_4] [PAPER-KV-V6] relay-clone meta-llama/Llama-3.2-1B (0 requests)
[2026-08-22 11:51:31.442 Model_Service_4] [PAPER-KV-V6] stash meta-llama/Llama-3.2-1B from gpu 1 (0 requests)
[2026-08-22 11:51:31.443 Model_Service_3] [PAPER-KV-V6] relay-clone meta-llama/Llama-3.1-8B (0 requests)
[2026-08-22 11:51:31.443 Model_Service_3] [PAPER-KV-V6] stash meta-llama/Llama-3.1-8B from gpu 0 (0 requests)
[2026-08-22 11:51:31.443 Model_Service_0] [PAPER-KV-V6] relay-clone Qwen/Qwen2.5-1.5B-Instruct (0 requests)
[2026-08-22 11:51:31.443 Model_Service_0] [PAPER-KV-V6] stash Qwen/Qwen2.5-1.5B-Instruct from gpu 1 (0 requests)
[2026-08-22 11:51:31.961 Model_Service_4] [PAPER-LOAD-V4] release meta-llama/Llama-3.2-1B gpu 1 engine=1_0 held=1 held_engine=1_0 dropped=True
[2026-08-22 11:51:32.087 Model_Service_3] [PAPER-LOAD-V4] release meta-llama/Llama-3.1-8B gpu 0 engine=0_2 held=0 held_engine=0_2 dropped=True
[2026-08-22 11:51:32.087 Model_Service_0] [PAPER-LOAD-V4] release Qwen/Qwen2.5-1.5B-Instruct gpu 1 engine=1_3 held=1 held_engine=1_3 dropped=True
[2026-08-22 11:51:32.361 Model_Service_1] Model service 1 input queue is empty, waiting for next request
[2026-08-22 11:51:32.601 Model_Service_5] Model service 5 input queue is empty, waiting for next request
[2026-08-22 11:51:32.908 Model_Service_2] Model service 2 input queue is empty, waiting for next request
