[2026-08-22 11:43:10.097 GPU_Scheduler_0] starting GPU scheduler for GPU 0
[2026-08-22 11:43:10.099 GPU_Scheduler_0] Model states init: {'model_1': 'deactivated', 'model_2': 'deactivated', 'model_3': 'deactivated', 'model_4': 'deactivated', 'model_5': 'deactivated', 'model_6': 'deactivated'}
[2026-08-22 11:43:10.099 GPU_Scheduler_0] [PAPER-TP] WorkerPool gpu=0 owned=[0, 1, 2, 3] shadow=[] {0: 1, 1: 1, 2: 1, 3: 1}
[2026-08-22 11:43:11.104 GPU_Scheduler_0] Assign worker 0 to model_1. Current model_to_worker: {'model_1': 0}
[2026-08-22 11:43:11.105 GPU_Scheduler_0] Assign worker 1 to model_4. Current model_to_worker: {'model_1': 0, 'model_4': 1}
[2026-08-22 11:43:11.105 GPU_Scheduler_0] Assign worker 2 to model_5. Current model_to_worker: {'model_1': 0, 'model_4': 1, 'model_5': 2}
[2026-08-22 11:43:11.107 GPU_Scheduler_0] Waiting for models to be activated: {'model_1': 'activating', 'model_2': 'deactivated', 'model_3': 'deactivated', 'model_4': 'activating', 'model_5': 'activating', 'model_6': 'deactivated'}
[2026-08-22 11:43:11.118 GPU_Scheduler_0] Waiting for models to be activated: {'model_1': 'activating', 'model_2': 'deactivated', 'model_3': 'deactivated', 'model_4': 'activating', 'model_5': 'activating', 'model_6': 'deactivated'}
[2026-08-22 11:43:11.129 GPU_Scheduler_0] Waiting for models to be activated: {'model_1': 'activating', 'model_2': 'deactivated', 'model_3': 'deactivated', 'model_4': 'activating', 'model_5': 'activating', 'model_6': 'deactivated'}
[2026-08-22 11:43:11.139 GPU_Scheduler_0] Waiting for models to be activated: {'model_1': 'activating', 'model_2': 'deactivated', 'model_3': 'deactivated', 'model_4': 'activating', 'model_5': 'activating', 'model_6': 'deactivated'}
[2026-08-22 11:43:11.150 GPU_Scheduler_0] Waiting for models to be activated: {'model_1': 'activating', 'model_2': 'deactivated', 'model_3': 'deactivated', 'model_4': 'activating', 'model_5': 'activating', 'model_6': 'deactivated'}
[2026-08-22 11:43:11.160 GPU_Scheduler_0] Waiting for models to be activated: {'model_1': 'activating', 'model_2': 'deactivated', 'model_3': 'deactivated', 'model_4': 'activating', 'model_5': 'activating', 'model_6': 'deactivated'}
[2026-08-22 11:43:11.171 GPU_Scheduler_0] Waiting for models to be activated: {'model_1': 'activating', 'model_2': 'deactivated', 'model_3': 'deactivated', 'model_4': 'activating', 'model_5': 'activating', 'model_6': 'deactivated'}
[2026-08-22 11:43:11.181 GPU_Scheduler_0] Waiting for models to be activated: {'model_1': 'activating', 'model_2': 'deactivated', 'model_3': 'deactivated', 'model_4': 'activating', 'model_5': 'activating', 'model_6': 'deactivated'}
[2026-08-22 11:43:11.191 GPU_Scheduler_0] Waiting for models to be activated: {'model_1': 'activating', 'model_2': 'deactivated', 'model_3': 'deactivated', 'model_4': 'activating', 'model_5': 'activating', 'model_6': 'deactivated'}
[2026-08-22 11:43:11.202 GPU_Scheduler_0] Waiting for models to be activated: {'model_1': 'activating', 'model_2': 'deactivated', 'model_3': 'deactivated', 'model_4': 'activating', 'model_5': 'activating', 'model_6': 'deactivated'}
[2026-08-22 11:43:11.212 GPU_Scheduler_0] Waiting for models to be activated: {'model_1': 'activating', 'model_2': 'deactivated', 'model_3': 'deactivated', 'model_4': 'activating', 'model_5': 'activating', 'model_6': 'deactivated'}
[2026-08-22 11:43:11.222 GPU_Scheduler_0] Waiting for models to be activated: {'model_1': 'activating', 'model_2': 'deactivated', 'model_3': 'deactivated', 'model_4': 'activating', 'model_5': 'activating', 'model_6': 'deactivated'}
[2026-08-22 11:43:11.232 GPU_Scheduler_0] Waiting for models to be activated: {'model_1': 'activating', 'model_2': 'deactivated', 'model_3': 'deactivated', 'model_4': 'activating', 'model_5': 'activating', 'model_6': 'deactivated'}
[2026-08-22 11:43:11.243 GPU_Scheduler_0] Waiting for models to be activated: {'model_1': 'activating', 'model_2': 'deactivated', 'model_3': 'deactivated', 'model_4': 'activating', 'model_5': 'activating', 'model_6': 'deactivated'}
[2026-08-22 11:43:11.253 GPU_Scheduler_0] Waiting for models to be activated: {'model_1': 'activating', 'model_2': 'deactivated', 'model_3': 'deactivated', 'model_4': 'activating', 'model_5': 'activating', 'model_6': 'deactivated'}
[2026-08-22 11:43:11.263 GPU_Scheduler_0] Waiting for models to be activated: {'model_1': 'activating', 'model_2': 'deactivated', 'model_3': 'deactivated', 'model_4': 'activating', 'model_5': 'activating', 'model_6': 'deactivated'}
[2026-08-22 11:43:11.273 GPU_Scheduler_0] Waiting for models to be activated: {'model_1': 'activating', 'model_2': 'deactivated', 'model_3': 'deactivated', 'model_4': 'activating', 'model_5': 'activating', 'model_6': 'deactivated'}
[2026-08-22 11:43:11.284 GPU_Scheduler_0] Waiting for models to be activated: {'model_1': 'activating', 'model_2': 'deactivated', 'model_3': 'deactivated', 'model_4': 'activating', 'model_5': 'activating', 'model_6': 'deactivated'}
[2026-08-22 11:43:11.294 GPU_Scheduler_0] Waiting for models to be activated: {'model_1': 'activating', 'model_2': 'deactivated', 'model_3': 'deactivated', 'model_4': 'activating', 'model_5': 'activating', 'model_6': 'deactivated'}
[2026-08-22 11:43:11.305 GPU_Scheduler_0] Waiting for models to be activated: {'model_1': 'activating', 'model_2': 'deactivated', 'model_3': 'deactivated', 'model_4': 'activating', 'model_5': 'activating', 'model_6': 'deactivated'}
[2026-08-22 11:43:11.315 GPU_Scheduler_0] Waiting for models to be activated: {'model_1': 'activating', 'model_2': 'deactivated', 'model_3': 'deactivated', 'model_4': 'activating', 'model_5': 'activating', 'model_6': 'deactivated'}
[2026-08-22 11:43:11.325 GPU_Scheduler_0] Waiting for models to be activated: {'model_1': 'activating', 'model_2': 'deactivated', 'model_3': 'deactivated', 'model_4': 'activating', 'model_5': 'activating', 'model_6': 'deactivated'}
[2026-08-22 11:43:11.336 GPU_Scheduler_0] Waiting for models to be activated: {'model_1': 'activating', 'model_2': 'deactivated', 'model_3': 'deactivated', 'model_4': 'activating', 'model_5': 'activating', 'model_6': 'deactivated'}
[2026-08-22 11:43:11.346 GPU_Scheduler_0] Waiting for models to be activated: {'model_1': 'activating', 'model_2': 'deactivated', 'model_3': 'deactivated', 'model_4': 'activating', 'model_5': 'activating', 'model_6': 'deactivated'}
[2026-08-22 11:43:11.356 GPU_Scheduler_0] Waiting for models to be activated: {'model_1': 'activating', 'model_2': 'deactivated', 'model_3': 'deactivated', 'model_4': 'activating', 'model_5': 'activating', 'model_6': 'deactivated'}
[2026-08-22 11:43:11.367 GPU_Scheduler_0] Waiting for models to be activated: {'model_1': 'activating', 'model_2': 'deactivated', 'model_3': 'deactivated', 'model_4': 'activating', 'model_5': 'activating', 'model_6': 'deactivated'}
[2026-08-22 11:43:11.377 GPU_Scheduler_0] Waiting for models to be activated: {'model_1': 'activating', 'model_2': 'deactivated', 'model_3': 'deactivated', 'model_4': 'activating', 'model_5': 'activating', 'model_6': 'deactivated'}
[2026-08-22 11:43:11.388 GPU_Scheduler_0] Waiting for models to be activated: {'model_1': 'activating', 'model_2': 'deactivated', 'model_3': 'deactivated', 'model_4': 'activating', 'model_5': 'activating', 'model_6': 'deactivated'}
[2026-08-22 11:43:11.398 GPU_Scheduler_0] Waiting for models to be activated: {'model_1': 'activating', 'model_2': 'deactivated', 'model_3': 'deactivated', 'model_4': 'activating', 'model_5': 'activating', 'model_6': 'deactivated'}
[2026-08-22 11:43:11.408 GPU_Scheduler_0] Waiting for models to be activated: {'model_1': 'activating', 'model_2': 'deactivated', 'model_3': 'deactivated', 'model_4': 'activating', 'model_5': 'activating', 'model_6': 'deactivated'}
[2026-08-22 11:43:11.419 GPU_Scheduler_0] Waiting for models to be activated: {'model_1': 'activating', 'model_2': 'deactivated', 'model_3': 'deactivated', 'model_4': 'activating', 'model_5': 'activating', 'model_6': 'deactivated'}
[2026-08-22 11:43:11.429 GPU_Scheduler_0] Waiting for models to be activated: {'model_1': 'activating', 'model_2': 'deactivated', 'model_3': 'deactivated', 'model_4': 'activating', 'model_5': 'activating', 'model_6': 'deactivated'}
[2026-08-22 11:43:11.439 GPU_Scheduler_0] Waiting for models to be activated: {'model_1': 'activating', 'model_2': 'deactivated', 'model_3': 'deactivated', 'model_4': 'activating', 'model_5': 'activating', 'model_6': 'deactivated'}
[2026-08-22 11:43:11.450 GPU_Scheduler_0] Waiting for models to be activated: {'model_1': 'activating', 'model_2': 'deactivated', 'model_3': 'deactivated', 'model_4': 'activating', 'model_5': 'activating', 'model_6': 'deactivated'}
[2026-08-22 11:43:11.460 GPU_Scheduler_0] Waiting for models to be activated: {'model_1': 'activating', 'model_2': 'deactivated', 'model_3': 'deactivated', 'model_4': 'activating', 'model_5': 'activating', 'model_6': 'deactivated'}
[2026-08-22 11:43:11.471 GPU_Scheduler_0] Waiting for models to be activated: {'model_1': 'activating', 'model_2': 'deactivated', 'model_3': 'deactivated', 'model_4': 'activating', 'model_5': 'activating', 'model_6': 'deactivated'}
[2026-08-22 11:43:11.481 GPU_Scheduler_0] Waiting for models to be activated: {'model_1': 'activating', 'model_2': 'deactivated', 'model_3': 'deactivated', 'model_4': 'activating', 'model_5': 'activating', 'model_6': 'deactivated'}
[2026-08-22 11:43:11.492 GPU_Scheduler_0] Waiting for models to be activated: {'model_1': 'activating', 'model_2': 'deactivated', 'model_3': 'deactivated', 'model_4': 'activating', 'model_5': 'activating', 'model_6': 'deactivated'}
[2026-08-22 11:43:11.502 GPU_Scheduler_0] Waiting for models to be activated: {'model_1': 'activating', 'model_2': 'deactivated', 'model_3': 'deactivated', 'model_4': 'activating', 'model_5': 'activating', 'model_6': 'deactivated'}
[2026-08-22 11:43:11.513 GPU_Scheduler_0] Waiting for models to be activated: {'model_1': 'activating', 'model_2': 'deactivated', 'model_3': 'deactivated', 'model_4': 'activating', 'model_5': 'activating', 'model_6': 'deactivated'}
[2026-08-22 11:43:11.523 GPU_Scheduler_0] Waiting for models to be activated: {'model_1': 'activating', 'model_2': 'deactivated', 'model_3': 'deactivated', 'model_4': 'activating', 'model_5': 'activating', 'model_6': 'deactivated'}
[2026-08-22 11:43:11.534 GPU_Scheduler_0] Waiting for models to be activated: {'model_1': 'activating', 'model_2': 'deactivated', 'model_3': 'deactivated', 'model_4': 'activating', 'model_5': 'activating', 'model_6': 'deactivated'}
[2026-08-22 11:43:11.545 GPU_Scheduler_0] Waiting for models to be activated: {'model_1': 'activating', 'model_2': 'deactivated', 'model_3': 'deactivated', 'model_4': 'activating', 'model_5': 'activating', 'model_6': 'deactivated'}
[2026-08-22 11:43:11.556 GPU_Scheduler_0] Waiting for models to be activated: {'model_1': 'activating', 'model_2': 'deactivated', 'model_3': 'deactivated', 'model_4': 'activating', 'model_5': 'activating', 'model_6': 'deactivated'}
[2026-08-22 11:43:11.566 GPU_Scheduler_0] Waiting for models to be activated: {'model_1': 'activating', 'model_2': 'deactivated', 'model_3': 'deactivated', 'model_4': 'activating', 'model_5': 'activating', 'model_6': 'deactivated'}
[2026-08-22 11:43:11.577 GPU_Scheduler_0] Waiting for models to be activated: {'model_1': 'activating', 'model_2': 'deactivated', 'model_3': 'deactivated', 'model_4': 'activating', 'model_5': 'activating', 'model_6': 'deactivated'}
[2026-08-22 11:43:11.587 GPU_Scheduler_0] Waiting for models to be activated: {'model_1': 'activating', 'model_2': 'deactivated', 'model_3': 'deactivated', 'model_4': 'activating', 'model_5': 'activating', 'model_6': 'deactivated'}
[2026-08-22 11:43:11.598 GPU_Scheduler_0] Waiting for models to be activated: {'model_1': 'activating', 'model_2': 'deactivated', 'model_3': 'deactivated', 'model_4': 'activating', 'model_5': 'activating', 'model_6': 'deactivated'}
[2026-08-22 11:43:11.609 GPU_Scheduler_0] Waiting for models to be activated: {'model_1': 'activating', 'model_2': 'deactivated', 'model_3': 'deactivated', 'model_4': 'activating', 'model_5': 'activating', 'model_6': 'deactivated'}
[2026-08-22 11:43:11.620 GPU_Scheduler_0] Waiting for models to be activated: {'model_1': 'activating', 'model_2': 'deactivated', 'model_3': 'deactivated', 'model_4': 'activating', 'model_5': 'activating', 'model_6': 'deactivated'}
[2026-08-22 11:43:11.631 GPU_Scheduler_0] Waiting for models to be activated: {'model_1': 'activating', 'model_2': 'deactivated', 'model_3': 'deactivated', 'model_4': 'activating', 'model_5': 'activating', 'model_6': 'deactivated'}
[2026-08-22 11:43:11.641 GPU_Scheduler_0] Waiting for models to be activated: {'model_1': 'activating', 'model_2': 'deactivated', 'model_3': 'deactivated', 'model_4': 'activating', 'model_5': 'activating', 'model_6': 'deactivated'}
[2026-08-22 11:43:11.652 GPU_Scheduler_0] Waiting for models to be activated: {'model_1': 'activating', 'model_2': 'deactivated', 'model_3': 'deactivated', 'model_4': 'activating', 'model_5': 'activating', 'model_6': 'deactivated'}
[2026-08-22 11:43:11.662 GPU_Scheduler_0] Waiting for models to be activated: {'model_1': 'activating', 'model_2': 'deactivated', 'model_3': 'deactivated', 'model_4': 'activating', 'model_5': 'activating', 'model_6': 'deactivated'}
[2026-08-22 11:43:11.673 GPU_Scheduler_0] Waiting for models to be activated: {'model_1': 'activating', 'model_2': 'deactivated', 'model_3': 'deactivated', 'model_4': 'activating', 'model_5': 'activating', 'model_6': 'deactivated'}
[2026-08-22 11:43:11.683 GPU_Scheduler_0] Waiting for models to be activated: {'model_1': 'activating', 'model_2': 'deactivated', 'model_3': 'deactivated', 'model_4': 'activating', 'model_5': 'activating', 'model_6': 'deactivated'}
[2026-08-22 11:43:11.694 GPU_Scheduler_0] Waiting for models to be activated: {'model_1': 'activating', 'model_2': 'deactivated', 'model_3': 'deactivated', 'model_4': 'activating', 'model_5': 'activating', 'model_6': 'deactivated'}
[2026-08-22 11:43:11.705 GPU_Scheduler_0] Waiting for models to be activated: {'model_1': 'activating', 'model_2': 'deactivated', 'model_3': 'deactivated', 'model_4': 'activating', 'model_5': 'activating', 'model_6': 'deactivated'}
[2026-08-22 11:43:11.715 GPU_Scheduler_0] Waiting for models to be activated: {'model_1': 'activating', 'model_2': 'deactivated', 'model_3': 'deactivated', 'model_4': 'activating', 'model_5': 'activating', 'model_6': 'deactivated'}
[2026-08-22 11:43:11.726 GPU_Scheduler_0] Waiting for models to be activated: {'model_1': 'activating', 'model_2': 'deactivated', 'model_3': 'deactivated', 'model_4': 'activating', 'model_5': 'activating', 'model_6': 'deactivated'}
[2026-08-22 11:43:11.736 GPU_Scheduler_0] Waiting for models to be activated: {'model_1': 'activating', 'model_2': 'deactivated', 'model_3': 'deactivated', 'model_4': 'activating', 'model_5': 'activating', 'model_6': 'deactivated'}
[2026-08-22 11:43:11.747 GPU_Scheduler_0] Waiting for models to be activated: {'model_1': 'activating', 'model_2': 'deactivated', 'model_3': 'deactivated', 'model_4': 'activating', 'model_5': 'activating', 'model_6': 'deactivated'}
[2026-08-22 11:43:11.757 GPU_Scheduler_0] Waiting for models to be activated: {'model_1': 'activating', 'model_2': 'deactivated', 'model_3': 'deactivated', 'model_4': 'activating', 'model_5': 'activating', 'model_6': 'deactivated'}
[2026-08-22 11:43:11.768 GPU_Scheduler_0] Waiting for models to be activated: {'model_1': 'activating', 'model_2': 'deactivated', 'model_3': 'deactivated', 'model_4': 'activating', 'model_5': 'activating', 'model_6': 'deactivated'}
[2026-08-22 11:43:11.779 GPU_Scheduler_0] Waiting for models to be activated: {'model_1': 'activating', 'model_2': 'deactivated', 'model_3': 'deactivated', 'model_4': 'activating', 'model_5': 'activating', 'model_6': 'deactivated'}
[2026-08-22 11:43:11.789 GPU_Scheduler_0] Waiting for models to be activated: {'model_1': 'activating', 'model_2': 'deactivated', 'model_3': 'deactivated', 'model_4': 'activating', 'model_5': 'activating', 'model_6': 'deactivated'}
[2026-08-22 11:43:11.800 GPU_Scheduler_0] Waiting for models to be activated: {'model_1': 'activating', 'model_2': 'deactivated', 'model_3': 'deactivated', 'model_4': 'activating', 'model_5': 'activating', 'model_6': 'deactivated'}
[2026-08-22 11:43:11.810 GPU_Scheduler_0] Waiting for models to be activated: {'model_1': 'activating', 'model_2': 'deactivated', 'model_3': 'deactivated', 'model_4': 'activating', 'model_5': 'activating', 'model_6': 'deactivated'}
[2026-08-22 11:43:11.823 GPU_Scheduler_0] Waiting for models to be activated: {'model_1': 'activating', 'model_2': 'deactivated', 'model_3': 'deactivated', 'model_4': 'activating', 'model_5': 'activating', 'model_6': 'deactivated'}
[2026-08-22 11:43:11.834 GPU_Scheduler_0] Waiting for models to be activated: {'model_1': 'activating', 'model_2': 'deactivated', 'model_3': 'deactivated', 'model_4': 'activating', 'model_5': 'activating', 'model_6': 'deactivated'}
[2026-08-22 11:43:11.845 GPU_Scheduler_0] Waiting for models to be activated: {'model_1': 'activating', 'model_2': 'deactivated', 'model_3': 'deactivated', 'model_4': 'activating', 'model_5': 'activating', 'model_6': 'deactivated'}
[2026-08-22 11:43:11.856 GPU_Scheduler_0] Waiting for models to be activated: {'model_1': 'activating', 'model_2': 'deactivated', 'model_3': 'deactivated', 'model_4': 'activating', 'model_5': 'activating', 'model_6': 'deactivated'}
[2026-08-22 11:43:11.866 GPU_Scheduler_0] Waiting for models to be activated: {'model_1': 'activating', 'model_2': 'deactivated', 'model_3': 'deactivated', 'model_4': 'activating', 'model_5': 'activating', 'model_6': 'deactivated'}
[2026-08-22 11:43:11.877 GPU_Scheduler_0] Waiting for models to be activated: {'model_1': 'activating', 'model_2': 'deactivated', 'model_3': 'deactivated', 'model_4': 'activating', 'model_5': 'activating', 'model_6': 'deactivated'}
[2026-08-22 11:43:11.887 GPU_Scheduler_0] Waiting for models to be activated: {'model_1': 'activating', 'model_2': 'deactivated', 'model_3': 'deactivated', 'model_4': 'activating', 'model_5': 'activating', 'model_6': 'deactivated'}
[2026-08-22 11:43:11.897 GPU_Scheduler_0] Waiting for models to be activated: {'model_1': 'activating', 'model_2': 'deactivated', 'model_3': 'deactivated', 'model_4': 'activating', 'model_5': 'activating', 'model_6': 'deactivated'}
[2026-08-22 11:43:11.908 GPU_Scheduler_0] Waiting for models to be activated: {'model_1': 'activating', 'model_2': 'deactivated', 'model_3': 'deactivated', 'model_4': 'activating', 'model_5': 'activating', 'model_6': 'deactivated'}
[2026-08-22 11:43:11.918 GPU_Scheduler_0] Waiting for models to be activated: {'model_1': 'activating', 'model_2': 'deactivated', 'model_3': 'deactivated', 'model_4': 'activating', 'model_5': 'activating', 'model_6': 'deactivated'}
[2026-08-22 11:43:11.928 GPU_Scheduler_0] Waiting for models to be activated: {'model_1': 'activating', 'model_2': 'deactivated', 'model_3': 'deactivated', 'model_4': 'activating', 'model_5': 'activating', 'model_6': 'deactivated'}
[2026-08-22 11:43:11.939 GPU_Scheduler_0] Waiting for models to be activated: {'model_1': 'activating', 'model_2': 'deactivated', 'model_3': 'deactivated', 'model_4': 'activating', 'model_5': 'activating', 'model_6': 'deactivated'}
[2026-08-22 11:43:11.949 GPU_Scheduler_0] Waiting for models to be activated: {'model_1': 'activating', 'model_2': 'deactivated', 'model_3': 'deactivated', 'model_4': 'activating', 'model_5': 'activating', 'model_6': 'deactivated'}
[2026-08-22 11:43:11.959 GPU_Scheduler_0] Waiting for models to be activated: {'model_1': 'activating', 'model_2': 'deactivated', 'model_3': 'deactivated', 'model_4': 'activating', 'model_5': 'activating', 'model_6': 'deactivated'}
[2026-08-22 11:43:11.970 GPU_Scheduler_0] Waiting for models to be activated: {'model_1': 'activating', 'model_2': 'deactivated', 'model_3': 'deactivated', 'model_4': 'activating', 'model_5': 'activating', 'model_6': 'deactivated'}
[2026-08-22 11:43:11.980 GPU_Scheduler_0] Waiting for models to be activated: {'model_1': 'activating', 'model_2': 'deactivated', 'model_3': 'deactivated', 'model_4': 'activating', 'model_5': 'activating', 'model_6': 'deactivated'}
[2026-08-22 11:43:11.990 GPU_Scheduler_0] Waiting for models to be activated: {'model_1': 'activating', 'model_2': 'deactivated', 'model_3': 'deactivated', 'model_4': 'activating', 'model_5': 'activating', 'model_6': 'deactivated'}
[2026-08-22 11:43:12.001 GPU_Scheduler_0] Waiting for models to be activated: {'model_1': 'activating', 'model_2': 'deactivated', 'model_3': 'deactivated', 'model_4': 'activating', 'model_5': 'activating', 'model_6': 'deactivated'}
[2026-08-22 11:43:12.011 GPU_Scheduler_0] Waiting for models to be activated: {'model_1': 'activating', 'model_2': 'deactivated', 'model_3': 'deactivated', 'model_4': 'activating', 'model_5': 'activating', 'model_6': 'deactivated'}
[2026-08-22 11:43:12.021 GPU_Scheduler_0] Waiting for models to be activated: {'model_1': 'activating', 'model_2': 'deactivated', 'model_3': 'deactivated', 'model_4': 'activating', 'model_5': 'activating', 'model_6': 'deactivated'}
[2026-08-22 11:43:12.032 GPU_Scheduler_0] Waiting for models to be activated: {'model_1': 'activating', 'model_2': 'deactivated', 'model_3': 'deactivated', 'model_4': 'activating', 'model_5': 'activating', 'model_6': 'deactivated'}
[2026-08-22 11:43:12.042 GPU_Scheduler_0] Waiting for models to be activated: {'model_1': 'activating', 'model_2': 'deactivated', 'model_3': 'deactivated', 'model_4': 'activating', 'model_5': 'activating', 'model_6': 'deactivated'}
[2026-08-22 11:43:12.053 GPU_Scheduler_0] Waiting for models to be activated: {'model_1': 'activating', 'model_2': 'deactivated', 'model_3': 'deactivated', 'model_4': 'activating', 'model_5': 'activating', 'model_6': 'deactivated'}
[2026-08-22 11:43:12.063 GPU_Scheduler_0] Waiting for models to be activated: {'model_1': 'activating', 'model_2': 'deactivated', 'model_3': 'deactivated', 'model_4': 'activating', 'model_5': 'activating', 'model_6': 'deactivated'}
[2026-08-22 11:43:12.074 GPU_Scheduler_0] Waiting for models to be activated: {'model_1': 'activating', 'model_2': 'deactivated', 'model_3': 'deactivated', 'model_4': 'activating', 'model_5': 'activating', 'model_6': 'deactivated'}
[2026-08-22 11:43:12.084 GPU_Scheduler_0] Waiting for models to be activated: {'model_1': 'activating', 'model_2': 'deactivated', 'model_3': 'deactivated', 'model_4': 'activating', 'model_5': 'activating', 'model_6': 'deactivated'}
[2026-08-22 11:43:12.094 GPU_Scheduler_0] Waiting for models to be activated: {'model_1': 'activating', 'model_2': 'deactivated', 'model_3': 'deactivated', 'model_4': 'activating', 'model_5': 'activating', 'model_6': 'deactivated'}
[2026-08-22 11:43:12.105 GPU_Scheduler_0] Waiting for models to be activated: {'model_1': 'activating', 'model_2': 'deactivated', 'model_3': 'deactivated', 'model_4': 'activating', 'model_5': 'activating', 'model_6': 'deactivated'}
[2026-08-22 11:43:12.115 GPU_Scheduler_0] Waiting for models to be activated: {'model_1': 'activating', 'model_2': 'deactivated', 'model_3': 'deactivated', 'model_4': 'activating', 'model_5': 'activating', 'model_6': 'deactivated'}
[2026-08-22 11:43:12.125 GPU_Scheduler_0] Waiting for models to be activated: {'model_1': 'activating', 'model_2': 'deactivated', 'model_3': 'deactivated', 'model_4': 'activating', 'model_5': 'activating', 'model_6': 'deactivated'}
[2026-08-22 11:43:12.136 GPU_Scheduler_0] Waiting for models to be activated: {'model_1': 'activating', 'model_2': 'deactivated', 'model_3': 'deactivated', 'model_4': 'activating', 'model_5': 'activating', 'model_6': 'deactivated'}
[2026-08-22 11:43:12.146 GPU_Scheduler_0] Waiting for models to be activated: {'model_1': 'activating', 'model_2': 'deactivated', 'model_3': 'deactivated', 'model_4': 'activating', 'model_5': 'activating', 'model_6': 'deactivated'}
[2026-08-22 11:43:12.157 GPU_Scheduler_0] Waiting for models to be activated: {'model_1': 'activating', 'model_2': 'deactivated', 'model_3': 'deactivated', 'model_4': 'activating', 'model_5': 'activating', 'model_6': 'deactivated'}
[2026-08-22 11:43:12.167 GPU_Scheduler_0] Waiting for models to be activated: {'model_1': 'activating', 'model_2': 'deactivated', 'model_3': 'deactivated', 'model_4': 'activating', 'model_5': 'activating', 'model_6': 'deactivated'}
[2026-08-22 11:43:12.177 GPU_Scheduler_0] Waiting for models to be activated: {'model_1': 'activating', 'model_2': 'deactivated', 'model_3': 'deactivated', 'model_4': 'activating', 'model_5': 'activating', 'model_6': 'deactivated'}
[2026-08-22 11:43:12.188 GPU_Scheduler_0] Waiting for models to be activated: {'model_1': 'activating', 'model_2': 'deactivated', 'model_3': 'deactivated', 'model_4': 'activating', 'model_5': 'activating', 'model_6': 'deactivated'}
[2026-08-22 11:43:12.198 GPU_Scheduler_0] Waiting for models to be activated: {'model_1': 'activating', 'model_2': 'deactivated', 'model_3': 'deactivated', 'model_4': 'activating', 'model_5': 'activating', 'model_6': 'deactivated'}
[2026-08-22 11:43:12.209 GPU_Scheduler_0] Waiting for models to be activated: {'model_1': 'activating', 'model_2': 'deactivated', 'model_3': 'deactivated', 'model_4': 'activating', 'model_5': 'activating', 'model_6': 'deactivated'}
[2026-08-22 11:43:12.219 GPU_Scheduler_0] Waiting for models to be activated: {'model_1': 'activating', 'model_2': 'deactivated', 'model_3': 'deactivated', 'model_4': 'activating', 'model_5': 'activating', 'model_6': 'deactivated'}
[2026-08-22 11:43:12.230 GPU_Scheduler_0] Waiting for models to be activated: {'model_1': 'activating', 'model_2': 'deactivated', 'model_3': 'deactivated', 'model_4': 'activating', 'model_5': 'activating', 'model_6': 'deactivated'}
[2026-08-22 11:43:12.240 GPU_Scheduler_0] Waiting for models to be activated: {'model_1': 'activating', 'model_2': 'deactivated', 'model_3': 'deactivated', 'model_4': 'activating', 'model_5': 'activating', 'model_6': 'deactivated'}
[2026-08-22 11:43:12.251 GPU_Scheduler_0] Waiting for models to be activated: {'model_1': 'activating', 'model_2': 'deactivated', 'model_3': 'deactivated', 'model_4': 'activating', 'model_5': 'activating', 'model_6': 'deactivated'}
[2026-08-22 11:43:12.261 GPU_Scheduler_0] Waiting for models to be activated: {'model_1': 'activating', 'model_2': 'deactivated', 'model_3': 'deactivated', 'model_4': 'activating', 'model_5': 'activating', 'model_6': 'deactivated'}
[2026-08-22 11:43:12.271 GPU_Scheduler_0] Waiting for models to be activated: {'model_1': 'activating', 'model_2': 'deactivated', 'model_3': 'deactivated', 'model_4': 'activating', 'model_5': 'activating', 'model_6': 'deactivated'}
[2026-08-22 11:43:12.282 GPU_Scheduler_0] Waiting for models to be activated: {'model_1': 'activating', 'model_2': 'deactivated', 'model_3': 'deactivated', 'model_4': 'activating', 'model_5': 'activating', 'model_6': 'deactivated'}
[2026-08-22 11:43:12.293 GPU_Scheduler_0] Waiting for models to be activated: {'model_1': 'activating', 'model_2': 'deactivated', 'model_3': 'deactivated', 'model_4': 'activating', 'model_5': 'activating', 'model_6': 'deactivated'}
[2026-08-22 11:43:12.303 GPU_Scheduler_0] Waiting for models to be activated: {'model_1': 'activating', 'model_2': 'deactivated', 'model_3': 'deactivated', 'model_4': 'activating', 'model_5': 'activating', 'model_6': 'deactivated'}
[2026-08-22 11:43:12.314 GPU_Scheduler_0] Waiting for models to be activated: {'model_1': 'activating', 'model_2': 'deactivated', 'model_3': 'deactivated', 'model_4': 'activating', 'model_5': 'activating', 'model_6': 'deactivated'}
[2026-08-22 11:43:12.324 GPU_Scheduler_0] Waiting for models to be activated: {'model_1': 'activating', 'model_2': 'deactivated', 'model_3': 'deactivated', 'model_4': 'activating', 'model_5': 'activating', 'model_6': 'deactivated'}
[2026-08-22 11:43:12.335 GPU_Scheduler_0] Waiting for models to be activated: {'model_1': 'activating', 'model_2': 'deactivated', 'model_3': 'deactivated', 'model_4': 'activating', 'model_5': 'activating', 'model_6': 'deactivated'}
[2026-08-22 11:43:12.345 GPU_Scheduler_0] Waiting for models to be activated: {'model_1': 'activating', 'model_2': 'deactivated', 'model_3': 'deactivated', 'model_4': 'activating', 'model_5': 'activating', 'model_6': 'deactivated'}
[2026-08-22 11:43:12.355 GPU_Scheduler_0] Waiting for models to be activated: {'model_1': 'activating', 'model_2': 'deactivated', 'model_3': 'deactivated', 'model_4': 'activating', 'model_5': 'activating', 'model_6': 'deactivated'}
[2026-08-22 11:43:12.366 GPU_Scheduler_0] Waiting for models to be activated: {'model_1': 'activating', 'model_2': 'deactivated', 'model_3': 'deactivated', 'model_4': 'activating', 'model_5': 'activating', 'model_6': 'deactivated'}
[2026-08-22 11:43:12.377 GPU_Scheduler_0] Waiting for models to be activated: {'model_1': 'activating', 'model_2': 'deactivated', 'model_3': 'deactivated', 'model_4': 'activating', 'model_5': 'activating', 'model_6': 'deactivated'}
[2026-08-22 11:43:12.387 GPU_Scheduler_0] Waiting for models to be activated: {'model_1': 'activating', 'model_2': 'deactivated', 'model_3': 'deactivated', 'model_4': 'activating', 'model_5': 'activating', 'model_6': 'deactivated'}
[2026-08-22 11:43:12.398 GPU_Scheduler_0] Waiting for models to be activated: {'model_1': 'activating', 'model_2': 'deactivated', 'model_3': 'deactivated', 'model_4': 'activating', 'model_5': 'activating', 'model_6': 'deactivated'}
[2026-08-22 11:43:12.408 GPU_Scheduler_0] Waiting for models to be activated: {'model_1': 'activating', 'model_2': 'deactivated', 'model_3': 'deactivated', 'model_4': 'activating', 'model_5': 'activating', 'model_6': 'deactivated'}
[2026-08-22 11:43:12.419 GPU_Scheduler_0] Waiting for models to be activated: {'model_1': 'activating', 'model_2': 'deactivated', 'model_3': 'deactivated', 'model_4': 'activating', 'model_5': 'activating', 'model_6': 'deactivated'}
[2026-08-22 11:43:12.429 GPU_Scheduler_0] Waiting for models to be activated: {'model_1': 'activating', 'model_2': 'deactivated', 'model_3': 'deactivated', 'model_4': 'activating', 'model_5': 'activating', 'model_6': 'deactivated'}
[2026-08-22 11:43:12.440 GPU_Scheduler_0] Waiting for models to be activated: {'model_1': 'activating', 'model_2': 'deactivated', 'model_3': 'deactivated', 'model_4': 'activating', 'model_5': 'activating', 'model_6': 'deactivated'}
[2026-08-22 11:43:12.450 GPU_Scheduler_0] Waiting for models to be activated: {'model_1': 'activating', 'model_2': 'deactivated', 'model_3': 'deactivated', 'model_4': 'activating', 'model_5': 'activating', 'model_6': 'deactivated'}
[2026-08-22 11:43:12.461 GPU_Scheduler_0] Waiting for models to be activated: {'model_1': 'activating', 'model_2': 'deactivated', 'model_3': 'deactivated', 'model_4': 'activating', 'model_5': 'activating', 'model_6': 'deactivated'}
[2026-08-22 11:43:12.471 GPU_Scheduler_0] Waiting for models to be activated: {'model_1': 'activating', 'model_2': 'deactivated', 'model_3': 'deactivated', 'model_4': 'activating', 'model_5': 'activating', 'model_6': 'deactivated'}
[2026-08-22 11:43:12.482 GPU_Scheduler_0] Waiting for models to be activated: {'model_1': 'activating', 'model_2': 'deactivated', 'model_3': 'deactivated', 'model_4': 'activating', 'model_5': 'activating', 'model_6': 'deactivated'}
[2026-08-22 11:43:12.493 GPU_Scheduler_0] Waiting for models to be activated: {'model_1': 'activating', 'model_2': 'deactivated', 'model_3': 'deactivated', 'model_4': 'activating', 'model_5': 'activating', 'model_6': 'deactivated'}
[2026-08-22 11:43:12.503 GPU_Scheduler_0] Waiting for models to be activated: {'model_1': 'activating', 'model_2': 'deactivated', 'model_3': 'deactivated', 'model_4': 'activating', 'model_5': 'activating', 'model_6': 'deactivated'}
[2026-08-22 11:43:12.514 GPU_Scheduler_0] Waiting for models to be activated: {'model_1': 'activating', 'model_2': 'deactivated', 'model_3': 'deactivated', 'model_4': 'activating', 'model_5': 'activating', 'model_6': 'deactivated'}
[2026-08-22 11:43:12.525 GPU_Scheduler_0] Waiting for models to be activated: {'model_1': 'activating', 'model_2': 'deactivated', 'model_3': 'deactivated', 'model_4': 'activating', 'model_5': 'activating', 'model_6': 'deactivated'}
[2026-08-22 11:43:12.535 GPU_Scheduler_0] Waiting for models to be activated: {'model_1': 'activating', 'model_2': 'deactivated', 'model_3': 'deactivated', 'model_4': 'activating', 'model_5': 'activating', 'model_6': 'deactivated'}
[2026-08-22 11:43:12.546 GPU_Scheduler_0] Waiting for models to be activated: {'model_1': 'activating', 'model_2': 'deactivated', 'model_3': 'deactivated', 'model_4': 'activating', 'model_5': 'activating', 'model_6': 'deactivated'}
[2026-08-22 11:43:12.556 GPU_Scheduler_0] Waiting for models to be activated: {'model_1': 'activating', 'model_2': 'deactivated', 'model_3': 'deactivated', 'model_4': 'activating', 'model_5': 'activating', 'model_6': 'deactivated'}
[2026-08-22 11:43:12.567 GPU_Scheduler_0] Waiting for models to be activated: {'model_1': 'activating', 'model_2': 'deactivated', 'model_3': 'deactivated', 'model_4': 'activating', 'model_5': 'activating', 'model_6': 'deactivated'}
[2026-08-22 11:43:12.578 GPU_Scheduler_0] Waiting for models to be activated: {'model_1': 'activating', 'model_2': 'deactivated', 'model_3': 'deactivated', 'model_4': 'activating', 'model_5': 'activating', 'model_6': 'deactivated'}
[2026-08-22 11:43:12.588 GPU_Scheduler_0] Waiting for models to be activated: {'model_1': 'activating', 'model_2': 'deactivated', 'model_3': 'deactivated', 'model_4': 'activating', 'model_5': 'activating', 'model_6': 'deactivated'}
[2026-08-22 11:43:12.599 GPU_Scheduler_0] Waiting for models to be activated: {'model_1': 'activating', 'model_2': 'deactivated', 'model_3': 'deactivated', 'model_4': 'activating', 'model_5': 'activating', 'model_6': 'deactivated'}
[2026-08-22 11:43:12.609 GPU_Scheduler_0] Waiting for models to be activated: {'model_1': 'activating', 'model_2': 'deactivated', 'model_3': 'deactivated', 'model_4': 'activating', 'model_5': 'activating', 'model_6': 'deactivated'}
[2026-08-22 11:43:12.620 GPU_Scheduler_0] Waiting for models to be activated: {'model_1': 'activating', 'model_2': 'deactivated', 'model_3': 'deactivated', 'model_4': 'activating', 'model_5': 'activating', 'model_6': 'deactivated'}
[2026-08-22 11:43:12.631 GPU_Scheduler_0] Waiting for models to be activated: {'model_1': 'activating', 'model_2': 'deactivated', 'model_3': 'deactivated', 'model_4': 'activating', 'model_5': 'activating', 'model_6': 'deactivated'}
[2026-08-22 11:43:12.641 GPU_Scheduler_0] Waiting for models to be activated: {'model_1': 'activating', 'model_2': 'deactivated', 'model_3': 'deactivated', 'model_4': 'activating', 'model_5': 'activating', 'model_6': 'deactivated'}
[2026-08-22 11:43:12.652 GPU_Scheduler_0] Waiting for models to be activated: {'model_1': 'activating', 'model_2': 'deactivated', 'model_3': 'deactivated', 'model_4': 'activating', 'model_5': 'activating', 'model_6': 'deactivated'}
[2026-08-22 11:43:12.662 GPU_Scheduler_0] Waiting for models to be activated: {'model_1': 'activating', 'model_2': 'deactivated', 'model_3': 'deactivated', 'model_4': 'activating', 'model_5': 'activating', 'model_6': 'deactivated'}
[2026-08-22 11:43:12.673 GPU_Scheduler_0] Waiting for models to be activated: {'model_1': 'activating', 'model_2': 'deactivated', 'model_3': 'deactivated', 'model_4': 'activating', 'model_5': 'activating', 'model_6': 'deactivated'}
[2026-08-22 11:43:12.684 GPU_Scheduler_0] Waiting for models to be activated: {'model_1': 'activating', 'model_2': 'deactivated', 'model_3': 'deactivated', 'model_4': 'activating', 'model_5': 'activating', 'model_6': 'deactivated'}
[2026-08-22 11:43:12.694 GPU_Scheduler_0] Waiting for models to be activated: {'model_1': 'activating', 'model_2': 'deactivated', 'model_3': 'deactivated', 'model_4': 'activating', 'model_5': 'activating', 'model_6': 'deactivated'}
[2026-08-22 11:43:12.705 GPU_Scheduler_0] Waiting for models to be activated: {'model_1': 'activating', 'model_2': 'deactivated', 'model_3': 'deactivated', 'model_4': 'activating', 'model_5': 'activating', 'model_6': 'deactivated'}
[2026-08-22 11:43:12.716 GPU_Scheduler_0] Waiting for models to be activated: {'model_1': 'activating', 'model_2': 'deactivated', 'model_3': 'deactivated', 'model_4': 'activating', 'model_5': 'activating', 'model_6': 'deactivated'}
[2026-08-22 11:43:12.726 GPU_Scheduler_0] Waiting for models to be activated: {'model_1': 'activating', 'model_2': 'deactivated', 'model_3': 'deactivated', 'model_4': 'activating', 'model_5': 'activating', 'model_6': 'deactivated'}
[2026-08-22 11:43:12.738 GPU_Scheduler_0] Waiting for models to be activated: {'model_1': 'activating', 'model_2': 'deactivated', 'model_3': 'deactivated', 'model_4': 'activating', 'model_5': 'activating', 'model_6': 'deactivated'}
[2026-08-22 11:43:12.748 GPU_Scheduler_0] Waiting for models to be activated: {'model_1': 'activating', 'model_2': 'deactivated', 'model_3': 'deactivated', 'model_4': 'activating', 'model_5': 'activating', 'model_6': 'deactivated'}
[2026-08-22 11:43:12.759 GPU_Scheduler_0] Waiting for models to be activated: {'model_1': 'activating', 'model_2': 'deactivated', 'model_3': 'deactivated', 'model_4': 'activating', 'model_5': 'activating', 'model_6': 'deactivated'}
[2026-08-22 11:43:12.769 GPU_Scheduler_0] Waiting for models to be activated: {'model_1': 'activating', 'model_2': 'deactivated', 'model_3': 'deactivated', 'model_4': 'activating', 'model_5': 'activating', 'model_6': 'deactivated'}
[2026-08-22 11:43:12.780 GPU_Scheduler_0] Waiting for models to be activated: {'model_1': 'activating', 'model_2': 'deactivated', 'model_3': 'deactivated', 'model_4': 'activating', 'model_5': 'activating', 'model_6': 'deactivated'}
[2026-08-22 11:43:12.791 GPU_Scheduler_0] Waiting for models to be activated: {'model_1': 'activating', 'model_2': 'deactivated', 'model_3': 'deactivated', 'model_4': 'activating', 'model_5': 'activating', 'model_6': 'deactivated'}
[2026-08-22 11:43:12.801 GPU_Scheduler_0] Waiting for models to be activated: {'model_1': 'activating', 'model_2': 'deactivated', 'model_3': 'deactivated', 'model_4': 'activating', 'model_5': 'activating', 'model_6': 'deactivated'}
[2026-08-22 11:43:12.812 GPU_Scheduler_0] Waiting for models to be activated: {'model_1': 'activating', 'model_2': 'deactivated', 'model_3': 'deactivated', 'model_4': 'activating', 'model_5': 'activating', 'model_6': 'deactivated'}
[2026-08-22 11:43:12.822 GPU_Scheduler_0] Waiting for models to be activated: {'model_1': 'activating', 'model_2': 'deactivated', 'model_3': 'deactivated', 'model_4': 'activating', 'model_5': 'activating', 'model_6': 'deactivated'}
[2026-08-22 11:43:12.833 GPU_Scheduler_0] Waiting for models to be activated: {'model_1': 'activating', 'model_2': 'deactivated', 'model_3': 'deactivated', 'model_4': 'activating', 'model_5': 'activating', 'model_6': 'deactivated'}
[2026-08-22 11:43:12.844 GPU_Scheduler_0] Waiting for models to be activated: {'model_1': 'activating', 'model_2': 'deactivated', 'model_3': 'deactivated', 'model_4': 'activating', 'model_5': 'activating', 'model_6': 'deactivated'}
[2026-08-22 11:43:12.854 GPU_Scheduler_0] Waiting for models to be activated: {'model_1': 'activating', 'model_2': 'deactivated', 'model_3': 'deactivated', 'model_4': 'activating', 'model_5': 'activating', 'model_6': 'deactivated'}
[2026-08-22 11:43:12.865 GPU_Scheduler_0] Waiting for models to be activated: {'model_1': 'activating', 'model_2': 'deactivated', 'model_3': 'deactivated', 'model_4': 'activating', 'model_5': 'activating', 'model_6': 'deactivated'}
[2026-08-22 11:43:12.875 GPU_Scheduler_0] Waiting for models to be activated: {'model_1': 'activating', 'model_2': 'deactivated', 'model_3': 'deactivated', 'model_4': 'activating', 'model_5': 'activating', 'model_6': 'deactivated'}
[2026-08-22 11:43:12.886 GPU_Scheduler_0] Waiting for models to be activated: {'model_1': 'activating', 'model_2': 'deactivated', 'model_3': 'deactivated', 'model_4': 'activating', 'model_5': 'activating', 'model_6': 'deactivated'}
[2026-08-22 11:43:12.898 GPU_Scheduler_0] Waiting for models to be activated: {'model_1': 'activating', 'model_2': 'deactivated', 'model_3': 'deactivated', 'model_4': 'activating', 'model_5': 'activating', 'model_6': 'deactivated'}
[2026-08-22 11:43:12.908 GPU_Scheduler_0] Waiting for models to be activated: {'model_1': 'activating', 'model_2': 'deactivated', 'model_3': 'deactivated', 'model_4': 'activating', 'model_5': 'activating', 'model_6': 'deactivated'}
[2026-08-22 11:43:12.919 GPU_Scheduler_0] Waiting for models to be activated: {'model_1': 'activating', 'model_2': 'deactivated', 'model_3': 'deactivated', 'model_4': 'activating', 'model_5': 'activating', 'model_6': 'deactivated'}
[2026-08-22 11:43:12.930 GPU_Scheduler_0] Waiting for models to be activated: {'model_1': 'activating', 'model_2': 'deactivated', 'model_3': 'deactivated', 'model_4': 'activating', 'model_5': 'activating', 'model_6': 'deactivated'}
[2026-08-22 11:43:12.940 GPU_Scheduler_0] Waiting for models to be activated: {'model_1': 'activating', 'model_2': 'deactivated', 'model_3': 'deactivated', 'model_4': 'activating', 'model_5': 'activating', 'model_6': 'deactivated'}
[2026-08-22 11:43:12.951 GPU_Scheduler_0] Waiting for models to be activated: {'model_1': 'activating', 'model_2': 'deactivated', 'model_3': 'deactivated', 'model_4': 'activating', 'model_5': 'activating', 'model_6': 'deactivated'}
[2026-08-22 11:43:12.962 GPU_Scheduler_0] Waiting for models to be activated: {'model_1': 'activating', 'model_2': 'deactivated', 'model_3': 'deactivated', 'model_4': 'activating', 'model_5': 'activating', 'model_6': 'deactivated'}
[2026-08-22 11:43:12.972 GPU_Scheduler_0] Waiting for models to be activated: {'model_1': 'activating', 'model_2': 'deactivated', 'model_3': 'deactivated', 'model_4': 'activating', 'model_5': 'activating', 'model_6': 'deactivated'}
[2026-08-22 11:43:12.983 GPU_Scheduler_0] Waiting for models to be activated: {'model_1': 'activating', 'model_2': 'deactivated', 'model_3': 'deactivated', 'model_4': 'activating', 'model_5': 'activating', 'model_6': 'deactivated'}
[2026-08-22 11:43:12.994 GPU_Scheduler_0] Waiting for models to be activated: {'model_1': 'activating', 'model_2': 'deactivated', 'model_3': 'deactivated', 'model_4': 'activating', 'model_5': 'activating', 'model_6': 'deactivated'}
[2026-08-22 11:43:13.004 GPU_Scheduler_0] Waiting for models to be activated: {'model_1': 'activating', 'model_2': 'deactivated', 'model_3': 'deactivated', 'model_4': 'activating', 'model_5': 'activating', 'model_6': 'deactivated'}
[2026-08-22 11:43:13.015 GPU_Scheduler_0] Waiting for models to be activated: {'model_1': 'activating', 'model_2': 'deactivated', 'model_3': 'deactivated', 'model_4': 'activating', 'model_5': 'activating', 'model_6': 'deactivated'}
[2026-08-22 11:43:13.025 GPU_Scheduler_0] Waiting for models to be activated: {'model_1': 'activating', 'model_2': 'deactivated', 'model_3': 'deactivated', 'model_4': 'activating', 'model_5': 'activating', 'model_6': 'deactivated'}
[2026-08-22 11:43:13.036 GPU_Scheduler_0] Waiting for models to be activated: {'model_1': 'activating', 'model_2': 'deactivated', 'model_3': 'deactivated', 'model_4': 'activating', 'model_5': 'activating', 'model_6': 'deactivated'}
[2026-08-22 11:43:13.047 GPU_Scheduler_0] Waiting for models to be activated: {'model_1': 'activating', 'model_2': 'deactivated', 'model_3': 'deactivated', 'model_4': 'activating', 'model_5': 'activating', 'model_6': 'deactivated'}
[2026-08-22 11:43:13.058 GPU_Scheduler_0] Waiting for models to be activated: {'model_1': 'activating', 'model_2': 'deactivated', 'model_3': 'deactivated', 'model_4': 'activating', 'model_5': 'activating', 'model_6': 'deactivated'}
[2026-08-22 11:43:13.069 GPU_Scheduler_0] Waiting for models to be activated: {'model_1': 'activating', 'model_2': 'deactivated', 'model_3': 'deactivated', 'model_4': 'activating', 'model_5': 'activating', 'model_6': 'deactivated'}
[2026-08-22 11:43:13.079 GPU_Scheduler_0] Waiting for models to be activated: {'model_1': 'activating', 'model_2': 'deactivated', 'model_3': 'deactivated', 'model_4': 'activating', 'model_5': 'activating', 'model_6': 'deactivated'}
[2026-08-22 11:43:13.090 GPU_Scheduler_0] Waiting for models to be activated: {'model_1': 'activating', 'model_2': 'deactivated', 'model_3': 'deactivated', 'model_4': 'activating', 'model_5': 'activating', 'model_6': 'deactivated'}
[2026-08-22 11:43:13.101 GPU_Scheduler_0] Waiting for models to be activated: {'model_1': 'activating', 'model_2': 'deactivated', 'model_3': 'deactivated', 'model_4': 'activating', 'model_5': 'activating', 'model_6': 'deactivated'}
[2026-08-22 11:43:13.111 GPU_Scheduler_0] Waiting for models to be activated: {'model_1': 'activating', 'model_2': 'deactivated', 'model_3': 'deactivated', 'model_4': 'activating', 'model_5': 'activating', 'model_6': 'deactivated'}
[2026-08-22 11:43:13.122 GPU_Scheduler_0] Waiting for models to be activated: {'model_1': 'activating', 'model_2': 'deactivated', 'model_3': 'deactivated', 'model_4': 'activating', 'model_5': 'activating', 'model_6': 'deactivated'}
[2026-08-22 11:43:13.133 GPU_Scheduler_0] Waiting for models to be activated: {'model_1': 'activating', 'model_2': 'deactivated', 'model_3': 'deactivated', 'model_4': 'activating', 'model_5': 'activating', 'model_6': 'deactivated'}
[2026-08-22 11:43:13.144 GPU_Scheduler_0] Waiting for models to be activated: {'model_1': 'activating', 'model_2': 'deactivated', 'model_3': 'deactivated', 'model_4': 'activating', 'model_5': 'activating', 'model_6': 'deactivated'}
[2026-08-22 11:43:13.155 GPU_Scheduler_0] Waiting for models to be activated: {'model_1': 'activating', 'model_2': 'deactivated', 'model_3': 'deactivated', 'model_4': 'activating', 'model_5': 'activating', 'model_6': 'deactivated'}
[2026-08-22 11:43:13.165 GPU_Scheduler_0] Waiting for models to be activated: {'model_1': 'activating', 'model_2': 'deactivated', 'model_3': 'deactivated', 'model_4': 'activating', 'model_5': 'activating', 'model_6': 'deactivated'}
[2026-08-22 11:43:13.176 GPU_Scheduler_0] Waiting for models to be activated: {'model_1': 'activating', 'model_2': 'deactivated', 'model_3': 'deactivated', 'model_4': 'activating', 'model_5': 'activating', 'model_6': 'deactivated'}
[2026-08-22 11:43:13.187 GPU_Scheduler_0] Waiting for models to be activated: {'model_1': 'activating', 'model_2': 'deactivated', 'model_3': 'deactivated', 'model_4': 'activating', 'model_5': 'activating', 'model_6': 'deactivated'}
[2026-08-22 11:43:13.198 GPU_Scheduler_0] Waiting for models to be activated: {'model_1': 'activating', 'model_2': 'deactivated', 'model_3': 'deactivated', 'model_4': 'activating', 'model_5': 'activating', 'model_6': 'deactivated'}
[2026-08-22 11:43:13.209 GPU_Scheduler_0] Waiting for models to be activated: {'model_1': 'activating', 'model_2': 'deactivated', 'model_3': 'deactivated', 'model_4': 'activating', 'model_5': 'activating', 'model_6': 'deactivated'}
[2026-08-22 11:43:13.219 GPU_Scheduler_0] Waiting for models to be activated: {'model_1': 'activating', 'model_2': 'deactivated', 'model_3': 'deactivated', 'model_4': 'activating', 'model_5': 'activating', 'model_6': 'deactivated'}
[2026-08-22 11:43:13.230 GPU_Scheduler_0] Waiting for models to be activated: {'model_1': 'activating', 'model_2': 'deactivated', 'model_3': 'deactivated', 'model_4': 'activating', 'model_5': 'activating', 'model_6': 'deactivated'}
[2026-08-22 11:43:13.240 GPU_Scheduler_0] Waiting for models to be activated: {'model_1': 'activating', 'model_2': 'deactivated', 'model_3': 'deactivated', 'model_4': 'activating', 'model_5': 'activating', 'model_6': 'deactivated'}
[2026-08-22 11:43:13.250 GPU_Scheduler_0] Waiting for models to be activated: {'model_1': 'activating', 'model_2': 'deactivated', 'model_3': 'deactivated', 'model_4': 'activating', 'model_5': 'activating', 'model_6': 'deactivated'}
[2026-08-22 11:43:13.261 GPU_Scheduler_0] Waiting for models to be activated: {'model_1': 'activating', 'model_2': 'deactivated', 'model_3': 'deactivated', 'model_4': 'activating', 'model_5': 'activating', 'model_6': 'deactivated'}
[2026-08-22 11:43:13.272 GPU_Scheduler_0] Waiting for models to be activated: {'model_1': 'activating', 'model_2': 'deactivated', 'model_3': 'deactivated', 'model_4': 'activating', 'model_5': 'activating', 'model_6': 'deactivated'}
[2026-08-22 11:43:13.282 GPU_Scheduler_0] Waiting for models to be activated: {'model_1': 'activating', 'model_2': 'deactivated', 'model_3': 'deactivated', 'model_4': 'activating', 'model_5': 'activating', 'model_6': 'deactivated'}
[2026-08-22 11:43:13.293 GPU_Scheduler_0] Waiting for models to be activated: {'model_1': 'activating', 'model_2': 'deactivated', 'model_3': 'deactivated', 'model_4': 'activating', 'model_5': 'activating', 'model_6': 'deactivated'}
[2026-08-22 11:43:13.303 GPU_Scheduler_0] Waiting for models to be activated: {'model_1': 'activating', 'model_2': 'deactivated', 'model_3': 'deactivated', 'model_4': 'activating', 'model_5': 'activating', 'model_6': 'deactivated'}
[2026-08-22 11:43:13.314 GPU_Scheduler_0] Waiting for models to be activated: {'model_1': 'activating', 'model_2': 'deactivated', 'model_3': 'deactivated', 'model_4': 'activating', 'model_5': 'activating', 'model_6': 'deactivated'}
[2026-08-22 11:43:13.325 GPU_Scheduler_0] Waiting for models to be activated: {'model_1': 'activating', 'model_2': 'deactivated', 'model_3': 'deactivated', 'model_4': 'activating', 'model_5': 'activating', 'model_6': 'deactivated'}
[2026-08-22 11:43:13.335 GPU_Scheduler_0] Waiting for models to be activated: {'model_1': 'activating', 'model_2': 'deactivated', 'model_3': 'deactivated', 'model_4': 'activating', 'model_5': 'activating', 'model_6': 'deactivated'}
[2026-08-22 11:43:13.346 GPU_Scheduler_0] Waiting for models to be activated: {'model_1': 'activating', 'model_2': 'deactivated', 'model_3': 'deactivated', 'model_4': 'activating', 'model_5': 'activating', 'model_6': 'deactivated'}
[2026-08-22 11:43:13.356 GPU_Scheduler_0] Waiting for models to be activated: {'model_1': 'activating', 'model_2': 'deactivated', 'model_3': 'deactivated', 'model_4': 'activating', 'model_5': 'activating', 'model_6': 'deactivated'}
[2026-08-22 11:43:13.366 GPU_Scheduler_0] Waiting for models to be activated: {'model_1': 'activating', 'model_2': 'deactivated', 'model_3': 'deactivated', 'model_4': 'activating', 'model_5': 'activating', 'model_6': 'deactivated'}
[2026-08-22 11:43:13.377 GPU_Scheduler_0] Waiting for models to be activated: {'model_1': 'activating', 'model_2': 'deactivated', 'model_3': 'deactivated', 'model_4': 'activating', 'model_5': 'activating', 'model_6': 'deactivated'}
[2026-08-22 11:43:13.387 GPU_Scheduler_0] Waiting for models to be activated: {'model_1': 'activating', 'model_2': 'deactivated', 'model_3': 'deactivated', 'model_4': 'activating', 'model_5': 'activating', 'model_6': 'deactivated'}
[2026-08-22 11:43:13.397 GPU_Scheduler_0] Waiting for models to be activated: {'model_1': 'activating', 'model_2': 'deactivated', 'model_3': 'deactivated', 'model_4': 'activating', 'model_5': 'activating', 'model_6': 'deactivated'}
[2026-08-22 11:43:13.408 GPU_Scheduler_0] Waiting for models to be activated: {'model_1': 'activating', 'model_2': 'deactivated', 'model_3': 'deactivated', 'model_4': 'activating', 'model_5': 'activating', 'model_6': 'deactivated'}
[2026-08-22 11:43:13.418 GPU_Scheduler_0] Waiting for models to be activated: {'model_1': 'activating', 'model_2': 'deactivated', 'model_3': 'deactivated', 'model_4': 'activating', 'model_5': 'activating', 'model_6': 'deactivated'}
[2026-08-22 11:43:13.428 GPU_Scheduler_0] Waiting for models to be activated: {'model_1': 'activating', 'model_2': 'deactivated', 'model_3': 'deactivated', 'model_4': 'activating', 'model_5': 'activating', 'model_6': 'deactivated'}
[2026-08-22 11:43:13.439 GPU_Scheduler_0] Waiting for models to be activated: {'model_1': 'activating', 'model_2': 'deactivated', 'model_3': 'deactivated', 'model_4': 'activating', 'model_5': 'activating', 'model_6': 'deactivated'}
[2026-08-22 11:43:13.449 GPU_Scheduler_0] Waiting for models to be activated: {'model_1': 'activating', 'model_2': 'deactivated', 'model_3': 'deactivated', 'model_4': 'activating', 'model_5': 'activating', 'model_6': 'deactivated'}
[2026-08-22 11:43:13.459 GPU_Scheduler_0] Waiting for models to be activated: {'model_1': 'activating', 'model_2': 'deactivated', 'model_3': 'deactivated', 'model_4': 'activating', 'model_5': 'activating', 'model_6': 'deactivated'}
[2026-08-22 11:43:13.470 GPU_Scheduler_0] Waiting for models to be activated: {'model_1': 'activating', 'model_2': 'deactivated', 'model_3': 'deactivated', 'model_4': 'activating', 'model_5': 'activating', 'model_6': 'deactivated'}
[2026-08-22 11:43:13.480 GPU_Scheduler_0] Waiting for models to be activated: {'model_1': 'activating', 'model_2': 'deactivated', 'model_3': 'deactivated', 'model_4': 'activating', 'model_5': 'activating', 'model_6': 'deactivated'}
[2026-08-22 11:43:13.490 GPU_Scheduler_0] Waiting for models to be activated: {'model_1': 'activating', 'model_2': 'deactivated', 'model_3': 'deactivated', 'model_4': 'activating', 'model_5': 'activating', 'model_6': 'deactivated'}
[2026-08-22 11:43:13.501 GPU_Scheduler_0] Waiting for models to be activated: {'model_1': 'activating', 'model_2': 'deactivated', 'model_3': 'deactivated', 'model_4': 'activating', 'model_5': 'activating', 'model_6': 'deactivated'}
[2026-08-22 11:43:13.511 GPU_Scheduler_0] Waiting for models to be activated: {'model_1': 'activating', 'model_2': 'deactivated', 'model_3': 'deactivated', 'model_4': 'activating', 'model_5': 'activating', 'model_6': 'deactivated'}
[2026-08-22 11:43:13.521 GPU_Scheduler_0] Waiting for models to be activated: {'model_1': 'activating', 'model_2': 'deactivated', 'model_3': 'deactivated', 'model_4': 'activating', 'model_5': 'activating', 'model_6': 'deactivated'}
[2026-08-22 11:43:13.532 GPU_Scheduler_0] Waiting for models to be activated: {'model_1': 'activating', 'model_2': 'deactivated', 'model_3': 'deactivated', 'model_4': 'activating', 'model_5': 'activating', 'model_6': 'deactivated'}
[2026-08-22 11:43:13.542 GPU_Scheduler_0] Waiting for models to be activated: {'model_1': 'activating', 'model_2': 'deactivated', 'model_3': 'deactivated', 'model_4': 'activating', 'model_5': 'activating', 'model_6': 'deactivated'}
[2026-08-22 11:43:13.552 GPU_Scheduler_0] Waiting for models to be activated: {'model_1': 'activating', 'model_2': 'deactivated', 'model_3': 'deactivated', 'model_4': 'activating', 'model_5': 'activating', 'model_6': 'deactivated'}
[2026-08-22 11:43:13.562 GPU_Scheduler_0] Waiting for models to be activated: {'model_1': 'activating', 'model_2': 'deactivated', 'model_3': 'deactivated', 'model_4': 'activating', 'model_5': 'activating', 'model_6': 'deactivated'}
[2026-08-22 11:43:13.573 GPU_Scheduler_0] Waiting for models to be activated: {'model_1': 'activating', 'model_2': 'deactivated', 'model_3': 'deactivated', 'model_4': 'activating', 'model_5': 'activating', 'model_6': 'deactivated'}
[2026-08-22 11:43:13.583 GPU_Scheduler_0] Waiting for models to be activated: {'model_1': 'activating', 'model_2': 'deactivated', 'model_3': 'deactivated', 'model_4': 'activating', 'model_5': 'activating', 'model_6': 'deactivated'}
[2026-08-22 11:43:13.593 GPU_Scheduler_0] Waiting for models to be activated: {'model_1': 'activating', 'model_2': 'deactivated', 'model_3': 'deactivated', 'model_4': 'activating', 'model_5': 'activating', 'model_6': 'deactivated'}
[2026-08-22 11:43:13.603 GPU_Scheduler_0] Waiting for models to be activated: {'model_1': 'activating', 'model_2': 'deactivated', 'model_3': 'deactivated', 'model_4': 'activating', 'model_5': 'activating', 'model_6': 'deactivated'}
[2026-08-22 11:43:13.613 GPU_Scheduler_0] Waiting for models to be activated: {'model_1': 'activating', 'model_2': 'deactivated', 'model_3': 'deactivated', 'model_4': 'activating', 'model_5': 'activating', 'model_6': 'deactivated'}
[2026-08-22 11:43:13.624 GPU_Scheduler_0] Waiting for models to be activated: {'model_1': 'activating', 'model_2': 'deactivated', 'model_3': 'deactivated', 'model_4': 'activating', 'model_5': 'activating', 'model_6': 'deactivated'}
[2026-08-22 11:43:13.634 GPU_Scheduler_0] Waiting for models to be activated: {'model_1': 'activating', 'model_2': 'deactivated', 'model_3': 'deactivated', 'model_4': 'activating', 'model_5': 'activating', 'model_6': 'deactivated'}
[2026-08-22 11:43:13.644 GPU_Scheduler_0] Waiting for models to be activated: {'model_1': 'activating', 'model_2': 'deactivated', 'model_3': 'deactivated', 'model_4': 'activating', 'model_5': 'activating', 'model_6': 'deactivated'}
[2026-08-22 11:43:13.655 GPU_Scheduler_0] Waiting for models to be activated: {'model_1': 'activating', 'model_2': 'deactivated', 'model_3': 'deactivated', 'model_4': 'activating', 'model_5': 'activating', 'model_6': 'deactivated'}
[2026-08-22 11:43:13.665 GPU_Scheduler_0] Waiting for models to be activated: {'model_1': 'activating', 'model_2': 'deactivated', 'model_3': 'deactivated', 'model_4': 'activating', 'model_5': 'activating', 'model_6': 'deactivated'}
[2026-08-22 11:43:13.675 GPU_Scheduler_0] Waiting for models to be activated: {'model_1': 'activating', 'model_2': 'deactivated', 'model_3': 'deactivated', 'model_4': 'activating', 'model_5': 'activating', 'model_6': 'deactivated'}
[2026-08-22 11:43:13.686 GPU_Scheduler_0] Waiting for models to be activated: {'model_1': 'activating', 'model_2': 'deactivated', 'model_3': 'deactivated', 'model_4': 'activating', 'model_5': 'activating', 'model_6': 'deactivated'}
[2026-08-22 11:43:13.696 GPU_Scheduler_0] Waiting for models to be activated: {'model_1': 'activating', 'model_2': 'deactivated', 'model_3': 'deactivated', 'model_4': 'activating', 'model_5': 'activating', 'model_6': 'deactivated'}
[2026-08-22 11:43:13.707 GPU_Scheduler_0] Waiting for models to be activated: {'model_1': 'activating', 'model_2': 'deactivated', 'model_3': 'deactivated', 'model_4': 'activating', 'model_5': 'activating', 'model_6': 'deactivated'}
[2026-08-22 11:43:13.717 GPU_Scheduler_0] Waiting for models to be activated: {'model_1': 'activating', 'model_2': 'deactivated', 'model_3': 'deactivated', 'model_4': 'activating', 'model_5': 'activating', 'model_6': 'deactivated'}
[2026-08-22 11:43:13.727 GPU_Scheduler_0] Waiting for models to be activated: {'model_1': 'activating', 'model_2': 'deactivated', 'model_3': 'deactivated', 'model_4': 'activating', 'model_5': 'activating', 'model_6': 'deactivated'}
[2026-08-22 11:43:13.738 GPU_Scheduler_0] Waiting for models to be activated: {'model_1': 'activating', 'model_2': 'deactivated', 'model_3': 'deactivated', 'model_4': 'activating', 'model_5': 'activating', 'model_6': 'deactivated'}
[2026-08-22 11:43:13.748 GPU_Scheduler_0] Waiting for models to be activated: {'model_1': 'activating', 'model_2': 'deactivated', 'model_3': 'deactivated', 'model_4': 'activating', 'model_5': 'activating', 'model_6': 'deactivated'}
[2026-08-22 11:43:13.758 GPU_Scheduler_0] Waiting for models to be activated: {'model_1': 'activating', 'model_2': 'deactivated', 'model_3': 'deactivated', 'model_4': 'activating', 'model_5': 'activating', 'model_6': 'deactivated'}
[2026-08-22 11:43:13.769 GPU_Scheduler_0] Waiting for models to be activated: {'model_1': 'activating', 'model_2': 'deactivated', 'model_3': 'deactivated', 'model_4': 'activating', 'model_5': 'activating', 'model_6': 'deactivated'}
[2026-08-22 11:43:13.779 GPU_Scheduler_0] Waiting for models to be activated: {'model_1': 'activating', 'model_2': 'deactivated', 'model_3': 'deactivated', 'model_4': 'activating', 'model_5': 'activating', 'model_6': 'deactivated'}
[2026-08-22 11:43:13.789 GPU_Scheduler_0] Waiting for models to be activated: {'model_1': 'activating', 'model_2': 'deactivated', 'model_3': 'deactivated', 'model_4': 'activating', 'model_5': 'activating', 'model_6': 'deactivated'}
[2026-08-22 11:43:13.800 GPU_Scheduler_0] Waiting for models to be activated: {'model_1': 'activating', 'model_2': 'deactivated', 'model_3': 'deactivated', 'model_4': 'activating', 'model_5': 'activating', 'model_6': 'deactivated'}
[2026-08-22 11:43:13.810 GPU_Scheduler_0] Waiting for models to be activated: {'model_1': 'activating', 'model_2': 'deactivated', 'model_3': 'deactivated', 'model_4': 'activating', 'model_5': 'activating', 'model_6': 'deactivated'}
[2026-08-22 11:43:13.820 GPU_Scheduler_0] Waiting for models to be activated: {'model_1': 'activating', 'model_2': 'deactivated', 'model_3': 'deactivated', 'model_4': 'activating', 'model_5': 'activating', 'model_6': 'deactivated'}
[2026-08-22 11:43:13.831 GPU_Scheduler_0] Waiting for models to be activated: {'model_1': 'activating', 'model_2': 'deactivated', 'model_3': 'deactivated', 'model_4': 'activating', 'model_5': 'activating', 'model_6': 'deactivated'}
[2026-08-22 11:43:13.841 GPU_Scheduler_0] Waiting for models to be activated: {'model_1': 'activating', 'model_2': 'deactivated', 'model_3': 'deactivated', 'model_4': 'activating', 'model_5': 'activating', 'model_6': 'deactivated'}
[2026-08-22 11:43:13.852 GPU_Scheduler_0] Waiting for models to be activated: {'model_1': 'activating', 'model_2': 'deactivated', 'model_3': 'deactivated', 'model_4': 'activating', 'model_5': 'activating', 'model_6': 'deactivated'}
[2026-08-22 11:43:13.862 GPU_Scheduler_0] Waiting for models to be activated: {'model_1': 'activating', 'model_2': 'deactivated', 'model_3': 'deactivated', 'model_4': 'activating', 'model_5': 'activating', 'model_6': 'deactivated'}
[2026-08-22 11:43:13.872 GPU_Scheduler_0] Waiting for models to be activated: {'model_1': 'activating', 'model_2': 'deactivated', 'model_3': 'deactivated', 'model_4': 'activating', 'model_5': 'activating', 'model_6': 'deactivated'}
[2026-08-22 11:43:13.883 GPU_Scheduler_0] Waiting for models to be activated: {'model_1': 'activating', 'model_2': 'deactivated', 'model_3': 'deactivated', 'model_4': 'activating', 'model_5': 'activating', 'model_6': 'deactivated'}
[2026-08-22 11:43:13.893 GPU_Scheduler_0] Waiting for models to be activated: {'model_1': 'activating', 'model_2': 'deactivated', 'model_3': 'deactivated', 'model_4': 'activating', 'model_5': 'activating', 'model_6': 'deactivated'}
[2026-08-22 11:43:13.903 GPU_Scheduler_0] Waiting for models to be activated: {'model_1': 'activating', 'model_2': 'deactivated', 'model_3': 'deactivated', 'model_4': 'activating', 'model_5': 'activating', 'model_6': 'deactivated'}
[2026-08-22 11:43:13.914 GPU_Scheduler_0] Waiting for models to be activated: {'model_1': 'activating', 'model_2': 'deactivated', 'model_3': 'deactivated', 'model_4': 'activating', 'model_5': 'activating', 'model_6': 'deactivated'}
[2026-08-22 11:43:13.925 GPU_Scheduler_0] Waiting for models to be activated: {'model_1': 'activating', 'model_2': 'deactivated', 'model_3': 'deactivated', 'model_4': 'activating', 'model_5': 'activating', 'model_6': 'deactivated'}
[2026-08-22 11:43:13.935 GPU_Scheduler_0] Waiting for models to be activated: {'model_1': 'activating', 'model_2': 'deactivated', 'model_3': 'deactivated', 'model_4': 'activating', 'model_5': 'activating', 'model_6': 'deactivated'}
[2026-08-22 11:43:13.946 GPU_Scheduler_0] Waiting for models to be activated: {'model_1': 'activating', 'model_2': 'deactivated', 'model_3': 'deactivated', 'model_4': 'activating', 'model_5': 'activating', 'model_6': 'deactivated'}
[2026-08-22 11:43:13.956 GPU_Scheduler_0] Waiting for models to be activated: {'model_1': 'activating', 'model_2': 'deactivated', 'model_3': 'deactivated', 'model_4': 'activating', 'model_5': 'activating', 'model_6': 'deactivated'}
[2026-08-22 11:43:13.966 GPU_Scheduler_0] Waiting for models to be activated: {'model_1': 'activating', 'model_2': 'deactivated', 'model_3': 'deactivated', 'model_4': 'activating', 'model_5': 'activating', 'model_6': 'deactivated'}
[2026-08-22 11:43:13.977 GPU_Scheduler_0] Waiting for models to be activated: {'model_1': 'activating', 'model_2': 'deactivated', 'model_3': 'deactivated', 'model_4': 'activating', 'model_5': 'activating', 'model_6': 'deactivated'}
[2026-08-22 11:43:13.988 GPU_Scheduler_0] Waiting for models to be activated: {'model_1': 'activating', 'model_2': 'deactivated', 'model_3': 'deactivated', 'model_4': 'activating', 'model_5': 'activating', 'model_6': 'deactivated'}
[2026-08-22 11:43:13.998 GPU_Scheduler_0] Waiting for models to be activated: {'model_1': 'activating', 'model_2': 'deactivated', 'model_3': 'deactivated', 'model_4': 'activating', 'model_5': 'activating', 'model_6': 'deactivated'}
[2026-08-22 11:43:14.008 GPU_Scheduler_0] Waiting for models to be activated: {'model_1': 'activating', 'model_2': 'deactivated', 'model_3': 'deactivated', 'model_4': 'activating', 'model_5': 'activating', 'model_6': 'deactivated'}
[2026-08-22 11:43:14.019 GPU_Scheduler_0] Waiting for models to be activated: {'model_1': 'activating', 'model_2': 'deactivated', 'model_3': 'deactivated', 'model_4': 'activating', 'model_5': 'activating', 'model_6': 'deactivated'}
[2026-08-22 11:43:14.029 GPU_Scheduler_0] Waiting for models to be activated: {'model_1': 'activating', 'model_2': 'deactivated', 'model_3': 'deactivated', 'model_4': 'activating', 'model_5': 'activating', 'model_6': 'deactivated'}
[2026-08-22 11:43:14.039 GPU_Scheduler_0] Waiting for models to be activated: {'model_1': 'activating', 'model_2': 'deactivated', 'model_3': 'deactivated', 'model_4': 'activating', 'model_5': 'activating', 'model_6': 'deactivated'}
[2026-08-22 11:43:14.049 GPU_Scheduler_0] Waiting for models to be activated: {'model_1': 'activating', 'model_2': 'deactivated', 'model_3': 'deactivated', 'model_4': 'activating', 'model_5': 'activating', 'model_6': 'deactivated'}
[2026-08-22 11:43:14.060 GPU_Scheduler_0] Waiting for models to be activated: {'model_1': 'activating', 'model_2': 'deactivated', 'model_3': 'deactivated', 'model_4': 'activating', 'model_5': 'activating', 'model_6': 'deactivated'}
[2026-08-22 11:43:14.070 GPU_Scheduler_0] Waiting for models to be activated: {'model_1': 'activating', 'model_2': 'deactivated', 'model_3': 'deactivated', 'model_4': 'activating', 'model_5': 'activating', 'model_6': 'deactivated'}
[2026-08-22 11:43:14.080 GPU_Scheduler_0] Waiting for models to be activated: {'model_1': 'activating', 'model_2': 'deactivated', 'model_3': 'deactivated', 'model_4': 'activating', 'model_5': 'activating', 'model_6': 'deactivated'}
[2026-08-22 11:43:14.091 GPU_Scheduler_0] Waiting for models to be activated: {'model_1': 'activating', 'model_2': 'deactivated', 'model_3': 'deactivated', 'model_4': 'activating', 'model_5': 'activating', 'model_6': 'deactivated'}
[2026-08-22 11:43:14.101 GPU_Scheduler_0] Waiting for models to be activated: {'model_1': 'activating', 'model_2': 'deactivated', 'model_3': 'deactivated', 'model_4': 'activating', 'model_5': 'activating', 'model_6': 'deactivated'}
[2026-08-22 11:43:14.111 GPU_Scheduler_0] Waiting for models to be activated: {'model_1': 'activating', 'model_2': 'deactivated', 'model_3': 'deactivated', 'model_4': 'activating', 'model_5': 'activating', 'model_6': 'deactivated'}
[2026-08-22 11:43:14.122 GPU_Scheduler_0] Waiting for models to be activated: {'model_1': 'activating', 'model_2': 'deactivated', 'model_3': 'deactivated', 'model_4': 'activating', 'model_5': 'activating', 'model_6': 'deactivated'}
[2026-08-22 11:43:14.132 GPU_Scheduler_0] Waiting for models to be activated: {'model_1': 'activating', 'model_2': 'deactivated', 'model_3': 'deactivated', 'model_4': 'activating', 'model_5': 'activating', 'model_6': 'deactivated'}
[2026-08-22 11:43:14.143 GPU_Scheduler_0] Waiting for models to be activated: {'model_1': 'activating', 'model_2': 'deactivated', 'model_3': 'deactivated', 'model_4': 'activating', 'model_5': 'activating', 'model_6': 'deactivated'}
[2026-08-22 11:43:14.153 GPU_Scheduler_0] Waiting for models to be activated: {'model_1': 'activating', 'model_2': 'deactivated', 'model_3': 'deactivated', 'model_4': 'activating', 'model_5': 'activating', 'model_6': 'deactivated'}
[2026-08-22 11:43:14.163 GPU_Scheduler_0] Waiting for models to be activated: {'model_1': 'activating', 'model_2': 'deactivated', 'model_3': 'deactivated', 'model_4': 'activating', 'model_5': 'activating', 'model_6': 'deactivated'}
[2026-08-22 11:43:14.174 GPU_Scheduler_0] Waiting for models to be activated: {'model_1': 'activating', 'model_2': 'deactivated', 'model_3': 'deactivated', 'model_4': 'activating', 'model_5': 'activating', 'model_6': 'deactivated'}
[2026-08-22 11:43:14.184 GPU_Scheduler_0] Waiting for models to be activated: {'model_1': 'activating', 'model_2': 'deactivated', 'model_3': 'deactivated', 'model_4': 'activating', 'model_5': 'activating', 'model_6': 'deactivated'}
[2026-08-22 11:43:14.194 GPU_Scheduler_0] Waiting for models to be activated: {'model_1': 'activating', 'model_2': 'deactivated', 'model_3': 'deactivated', 'model_4': 'activating', 'model_5': 'activating', 'model_6': 'deactivated'}
[2026-08-22 11:43:14.205 GPU_Scheduler_0] Waiting for models to be activated: {'model_1': 'activating', 'model_2': 'deactivated', 'model_3': 'deactivated', 'model_4': 'activating', 'model_5': 'activating', 'model_6': 'deactivated'}
[2026-08-22 11:43:14.215 GPU_Scheduler_0] Waiting for models to be activated: {'model_1': 'activating', 'model_2': 'deactivated', 'model_3': 'deactivated', 'model_4': 'activating', 'model_5': 'activating', 'model_6': 'deactivated'}
[2026-08-22 11:43:14.226 GPU_Scheduler_0] Waiting for models to be activated: {'model_1': 'activating', 'model_2': 'deactivated', 'model_3': 'deactivated', 'model_4': 'activating', 'model_5': 'activating', 'model_6': 'deactivated'}
[2026-08-22 11:43:14.236 GPU_Scheduler_0] Waiting for models to be activated: {'model_1': 'activating', 'model_2': 'deactivated', 'model_3': 'deactivated', 'model_4': 'activating', 'model_5': 'activating', 'model_6': 'deactivated'}
[2026-08-22 11:43:14.247 GPU_Scheduler_0] Waiting for models to be activated: {'model_1': 'activating', 'model_2': 'deactivated', 'model_3': 'deactivated', 'model_4': 'activating', 'model_5': 'activating', 'model_6': 'deactivated'}
[2026-08-22 11:43:14.257 GPU_Scheduler_0] Waiting for models to be activated: {'model_1': 'activating', 'model_2': 'deactivated', 'model_3': 'deactivated', 'model_4': 'activating', 'model_5': 'activating', 'model_6': 'deactivated'}
[2026-08-22 11:43:14.267 GPU_Scheduler_0] Waiting for models to be activated: {'model_1': 'activating', 'model_2': 'deactivated', 'model_3': 'deactivated', 'model_4': 'activating', 'model_5': 'activating', 'model_6': 'deactivated'}
[2026-08-22 11:43:14.277 GPU_Scheduler_0] Waiting for models to be activated: {'model_1': 'activating', 'model_2': 'deactivated', 'model_3': 'deactivated', 'model_4': 'activating', 'model_5': 'activating', 'model_6': 'deactivated'}
[2026-08-22 11:43:14.288 GPU_Scheduler_0] Waiting for models to be activated: {'model_1': 'activating', 'model_2': 'deactivated', 'model_3': 'deactivated', 'model_4': 'activating', 'model_5': 'activating', 'model_6': 'deactivated'}
[2026-08-22 11:43:14.298 GPU_Scheduler_0] Waiting for models to be activated: {'model_1': 'activating', 'model_2': 'deactivated', 'model_3': 'deactivated', 'model_4': 'activating', 'model_5': 'activating', 'model_6': 'deactivated'}
[2026-08-22 11:43:14.308 GPU_Scheduler_0] Waiting for models to be activated: {'model_1': 'activating', 'model_2': 'deactivated', 'model_3': 'deactivated', 'model_4': 'activating', 'model_5': 'activating', 'model_6': 'deactivated'}
[2026-08-22 11:43:14.319 GPU_Scheduler_0] Waiting for models to be activated: {'model_1': 'activating', 'model_2': 'deactivated', 'model_3': 'deactivated', 'model_4': 'activating', 'model_5': 'activating', 'model_6': 'deactivated'}
[2026-08-22 11:43:14.329 GPU_Scheduler_0] Waiting for models to be activated: {'model_1': 'activating', 'model_2': 'deactivated', 'model_3': 'deactivated', 'model_4': 'activating', 'model_5': 'activating', 'model_6': 'deactivated'}
[2026-08-22 11:43:14.339 GPU_Scheduler_0] Waiting for models to be activated: {'model_1': 'activating', 'model_2': 'deactivated', 'model_3': 'deactivated', 'model_4': 'activating', 'model_5': 'activating', 'model_6': 'deactivated'}
[2026-08-22 11:43:14.349 GPU_Scheduler_0] Waiting for models to be activated: {'model_1': 'activating', 'model_2': 'deactivated', 'model_3': 'deactivated', 'model_4': 'activating', 'model_5': 'activating', 'model_6': 'deactivated'}
[2026-08-22 11:43:14.360 GPU_Scheduler_0] Waiting for models to be activated: {'model_1': 'activating', 'model_2': 'deactivated', 'model_3': 'deactivated', 'model_4': 'activating', 'model_5': 'activating', 'model_6': 'deactivated'}
[2026-08-22 11:43:14.370 GPU_Scheduler_0] Waiting for models to be activated: {'model_1': 'activating', 'model_2': 'deactivated', 'model_3': 'deactivated', 'model_4': 'activating', 'model_5': 'activating', 'model_6': 'deactivated'}
[2026-08-22 11:43:14.380 GPU_Scheduler_0] Waiting for models to be activated: {'model_1': 'activating', 'model_2': 'deactivated', 'model_3': 'deactivated', 'model_4': 'activating', 'model_5': 'activating', 'model_6': 'deactivated'}
[2026-08-22 11:43:14.390 GPU_Scheduler_0] Waiting for models to be activated: {'model_1': 'activating', 'model_2': 'deactivated', 'model_3': 'deactivated', 'model_4': 'activating', 'model_5': 'activating', 'model_6': 'deactivated'}
[2026-08-22 11:43:14.401 GPU_Scheduler_0] Waiting for models to be activated: {'model_1': 'activating', 'model_2': 'deactivated', 'model_3': 'deactivated', 'model_4': 'activating', 'model_5': 'activating', 'model_6': 'deactivated'}
[2026-08-22 11:43:14.411 GPU_Scheduler_0] Waiting for models to be activated: {'model_1': 'activating', 'model_2': 'deactivated', 'model_3': 'deactivated', 'model_4': 'activating', 'model_5': 'activating', 'model_6': 'deactivated'}
[2026-08-22 11:43:14.421 GPU_Scheduler_0] Waiting for models to be activated: {'model_1': 'activating', 'model_2': 'deactivated', 'model_3': 'deactivated', 'model_4': 'activating', 'model_5': 'activating', 'model_6': 'deactivated'}
[2026-08-22 11:43:14.431 GPU_Scheduler_0] Waiting for models to be activated: {'model_1': 'activating', 'model_2': 'deactivated', 'model_3': 'deactivated', 'model_4': 'activating', 'model_5': 'activating', 'model_6': 'deactivated'}
[2026-08-22 11:43:14.442 GPU_Scheduler_0] Waiting for models to be activated: {'model_1': 'activating', 'model_2': 'deactivated', 'model_3': 'deactivated', 'model_4': 'activating', 'model_5': 'activating', 'model_6': 'deactivated'}
[2026-08-22 11:43:14.452 GPU_Scheduler_0] Waiting for models to be activated: {'model_1': 'activating', 'model_2': 'deactivated', 'model_3': 'deactivated', 'model_4': 'activating', 'model_5': 'activating', 'model_6': 'deactivated'}
[2026-08-22 11:43:14.462 GPU_Scheduler_0] Waiting for models to be activated: {'model_1': 'activating', 'model_2': 'deactivated', 'model_3': 'deactivated', 'model_4': 'activating', 'model_5': 'activating', 'model_6': 'deactivated'}
[2026-08-22 11:43:14.472 GPU_Scheduler_0] Waiting for models to be activated: {'model_1': 'activating', 'model_2': 'deactivated', 'model_3': 'deactivated', 'model_4': 'activating', 'model_5': 'activating', 'model_6': 'deactivated'}
[2026-08-22 11:43:14.483 GPU_Scheduler_0] Waiting for models to be activated: {'model_1': 'activating', 'model_2': 'deactivated', 'model_3': 'deactivated', 'model_4': 'activating', 'model_5': 'activating', 'model_6': 'deactivated'}
[2026-08-22 11:43:14.493 GPU_Scheduler_0] Waiting for models to be activated: {'model_1': 'activating', 'model_2': 'deactivated', 'model_3': 'deactivated', 'model_4': 'activating', 'model_5': 'activating', 'model_6': 'deactivated'}
[2026-08-22 11:43:14.503 GPU_Scheduler_0] Waiting for models to be activated: {'model_1': 'activating', 'model_2': 'deactivated', 'model_3': 'deactivated', 'model_4': 'activating', 'model_5': 'activating', 'model_6': 'deactivated'}
[2026-08-22 11:43:14.514 GPU_Scheduler_0] Waiting for models to be activated: {'model_1': 'activating', 'model_2': 'deactivated', 'model_3': 'deactivated', 'model_4': 'activating', 'model_5': 'activating', 'model_6': 'deactivated'}
[2026-08-22 11:43:14.524 GPU_Scheduler_0] Waiting for models to be activated: {'model_1': 'activating', 'model_2': 'deactivated', 'model_3': 'deactivated', 'model_4': 'activating', 'model_5': 'activating', 'model_6': 'deactivated'}
[2026-08-22 11:43:14.534 GPU_Scheduler_0] Waiting for models to be activated: {'model_1': 'activating', 'model_2': 'deactivated', 'model_3': 'deactivated', 'model_4': 'activating', 'model_5': 'activating', 'model_6': 'deactivated'}
[2026-08-22 11:43:14.545 GPU_Scheduler_0] Waiting for models to be activated: {'model_1': 'activating', 'model_2': 'deactivated', 'model_3': 'deactivated', 'model_4': 'activating', 'model_5': 'activating', 'model_6': 'deactivated'}
[2026-08-22 11:43:14.555 GPU_Scheduler_0] Waiting for models to be activated: {'model_1': 'activating', 'model_2': 'deactivated', 'model_3': 'deactivated', 'model_4': 'activating', 'model_5': 'activating', 'model_6': 'deactivated'}
[2026-08-22 11:43:14.565 GPU_Scheduler_0] Waiting for models to be activated: {'model_1': 'activating', 'model_2': 'deactivated', 'model_3': 'deactivated', 'model_4': 'activating', 'model_5': 'activating', 'model_6': 'deactivated'}
[2026-08-22 11:43:14.576 GPU_Scheduler_0] Waiting for models to be activated: {'model_1': 'activating', 'model_2': 'deactivated', 'model_3': 'deactivated', 'model_4': 'activating', 'model_5': 'activating', 'model_6': 'deactivated'}
[2026-08-22 11:43:14.586 GPU_Scheduler_0] Waiting for models to be activated: {'model_1': 'activating', 'model_2': 'deactivated', 'model_3': 'deactivated', 'model_4': 'activating', 'model_5': 'activating', 'model_6': 'deactivated'}
[2026-08-22 11:43:14.596 GPU_Scheduler_0] Waiting for models to be activated: {'model_1': 'activating', 'model_2': 'deactivated', 'model_3': 'deactivated', 'model_4': 'activating', 'model_5': 'activating', 'model_6': 'deactivated'}
[2026-08-22 11:43:14.607 GPU_Scheduler_0] Waiting for models to be activated: {'model_1': 'activating', 'model_2': 'deactivated', 'model_3': 'deactivated', 'model_4': 'activating', 'model_5': 'activating', 'model_6': 'deactivated'}
[2026-08-22 11:43:14.617 GPU_Scheduler_0] Waiting for models to be activated: {'model_1': 'activating', 'model_2': 'deactivated', 'model_3': 'deactivated', 'model_4': 'activating', 'model_5': 'activating', 'model_6': 'deactivated'}
[2026-08-22 11:43:14.627 GPU_Scheduler_0] Waiting for models to be activated: {'model_1': 'activating', 'model_2': 'deactivated', 'model_3': 'deactivated', 'model_4': 'activating', 'model_5': 'activating', 'model_6': 'deactivated'}
[2026-08-22 11:43:14.638 GPU_Scheduler_0] Waiting for models to be activated: {'model_1': 'activating', 'model_2': 'deactivated', 'model_3': 'deactivated', 'model_4': 'activating', 'model_5': 'activating', 'model_6': 'deactivated'}
[2026-08-22 11:43:14.648 GPU_Scheduler_0] Waiting for models to be activated: {'model_1': 'activating', 'model_2': 'deactivated', 'model_3': 'deactivated', 'model_4': 'activating', 'model_5': 'activating', 'model_6': 'deactivated'}
[2026-08-22 11:43:14.659 GPU_Scheduler_0] Waiting for models to be activated: {'model_1': 'activating', 'model_2': 'deactivated', 'model_3': 'deactivated', 'model_4': 'activating', 'model_5': 'activating', 'model_6': 'deactivated'}
[2026-08-22 11:43:14.669 GPU_Scheduler_0] Waiting for models to be activated: {'model_1': 'activating', 'model_2': 'deactivated', 'model_3': 'deactivated', 'model_4': 'activating', 'model_5': 'activating', 'model_6': 'deactivated'}
[2026-08-22 11:43:14.680 GPU_Scheduler_0] Waiting for models to be activated: {'model_1': 'activating', 'model_2': 'deactivated', 'model_3': 'deactivated', 'model_4': 'activating', 'model_5': 'activating', 'model_6': 'deactivated'}
[2026-08-22 11:43:14.690 GPU_Scheduler_0] Waiting for models to be activated: {'model_1': 'activating', 'model_2': 'deactivated', 'model_3': 'deactivated', 'model_4': 'activating', 'model_5': 'activating', 'model_6': 'deactivated'}
[2026-08-22 11:43:14.700 GPU_Scheduler_0] Waiting for models to be activated: {'model_1': 'activating', 'model_2': 'deactivated', 'model_3': 'deactivated', 'model_4': 'activating', 'model_5': 'activating', 'model_6': 'deactivated'}
[2026-08-22 11:43:14.711 GPU_Scheduler_0] Waiting for models to be activated: {'model_1': 'activating', 'model_2': 'deactivated', 'model_3': 'deactivated', 'model_4': 'activating', 'model_5': 'activating', 'model_6': 'deactivated'}
[2026-08-22 11:43:14.721 GPU_Scheduler_0] Waiting for models to be activated: {'model_1': 'activating', 'model_2': 'deactivated', 'model_3': 'deactivated', 'model_4': 'activating', 'model_5': 'activating', 'model_6': 'deactivated'}
[2026-08-22 11:43:14.731 GPU_Scheduler_0] Waiting for models to be activated: {'model_1': 'activating', 'model_2': 'deactivated', 'model_3': 'deactivated', 'model_4': 'activating', 'model_5': 'activating', 'model_6': 'deactivated'}
[2026-08-22 11:43:14.742 GPU_Scheduler_0] Waiting for models to be activated: {'model_1': 'activating', 'model_2': 'deactivated', 'model_3': 'deactivated', 'model_4': 'activating', 'model_5': 'activating', 'model_6': 'deactivated'}
[2026-08-22 11:43:14.752 GPU_Scheduler_0] Waiting for models to be activated: {'model_1': 'activating', 'model_2': 'deactivated', 'model_3': 'deactivated', 'model_4': 'activating', 'model_5': 'activating', 'model_6': 'deactivated'}
[2026-08-22 11:43:14.762 GPU_Scheduler_0] Waiting for models to be activated: {'model_1': 'activating', 'model_2': 'deactivated', 'model_3': 'deactivated', 'model_4': 'activating', 'model_5': 'activating', 'model_6': 'deactivated'}
[2026-08-22 11:43:14.773 GPU_Scheduler_0] Waiting for models to be activated: {'model_1': 'activating', 'model_2': 'deactivated', 'model_3': 'deactivated', 'model_4': 'activating', 'model_5': 'activating', 'model_6': 'deactivated'}
[2026-08-22 11:43:14.783 GPU_Scheduler_0] Waiting for models to be activated: {'model_1': 'activating', 'model_2': 'deactivated', 'model_3': 'deactivated', 'model_4': 'activating', 'model_5': 'activating', 'model_6': 'deactivated'}
[2026-08-22 11:43:14.793 GPU_Scheduler_0] Waiting for models to be activated: {'model_1': 'activating', 'model_2': 'deactivated', 'model_3': 'deactivated', 'model_4': 'activating', 'model_5': 'activating', 'model_6': 'deactivated'}
[2026-08-22 11:43:14.803 GPU_Scheduler_0] Waiting for models to be activated: {'model_1': 'activating', 'model_2': 'deactivated', 'model_3': 'deactivated', 'model_4': 'activating', 'model_5': 'activating', 'model_6': 'deactivated'}
[2026-08-22 11:43:14.814 GPU_Scheduler_0] Waiting for models to be activated: {'model_1': 'activating', 'model_2': 'deactivated', 'model_3': 'deactivated', 'model_4': 'activating', 'model_5': 'activating', 'model_6': 'deactivated'}
[2026-08-22 11:43:14.825 GPU_Scheduler_0] Waiting for models to be activated: {'model_1': 'activating', 'model_2': 'deactivated', 'model_3': 'deactivated', 'model_4': 'activating', 'model_5': 'activating', 'model_6': 'deactivated'}
[2026-08-22 11:43:14.835 GPU_Scheduler_0] Waiting for models to be activated: {'model_1': 'activating', 'model_2': 'deactivated', 'model_3': 'deactivated', 'model_4': 'activating', 'model_5': 'activating', 'model_6': 'deactivated'}
[2026-08-22 11:43:14.845 GPU_Scheduler_0] Waiting for models to be activated: {'model_1': 'activating', 'model_2': 'deactivated', 'model_3': 'deactivated', 'model_4': 'activating', 'model_5': 'activating', 'model_6': 'deactivated'}
[2026-08-22 11:43:14.856 GPU_Scheduler_0] Waiting for models to be activated: {'model_1': 'activating', 'model_2': 'deactivated', 'model_3': 'deactivated', 'model_4': 'activating', 'model_5': 'activating', 'model_6': 'deactivated'}
[2026-08-22 11:43:14.866 GPU_Scheduler_0] Waiting for models to be activated: {'model_1': 'activating', 'model_2': 'deactivated', 'model_3': 'deactivated', 'model_4': 'activating', 'model_5': 'activating', 'model_6': 'deactivated'}
[2026-08-22 11:43:14.876 GPU_Scheduler_0] Waiting for models to be activated: {'model_1': 'activating', 'model_2': 'deactivated', 'model_3': 'deactivated', 'model_4': 'activating', 'model_5': 'activating', 'model_6': 'deactivated'}
[2026-08-22 11:43:14.887 GPU_Scheduler_0] Waiting for models to be activated: {'model_1': 'activating', 'model_2': 'deactivated', 'model_3': 'deactivated', 'model_4': 'activating', 'model_5': 'activating', 'model_6': 'deactivated'}
[2026-08-22 11:43:14.897 GPU_Scheduler_0] Waiting for models to be activated: {'model_1': 'activating', 'model_2': 'deactivated', 'model_3': 'deactivated', 'model_4': 'activating', 'model_5': 'activating', 'model_6': 'deactivated'}
[2026-08-22 11:43:14.907 GPU_Scheduler_0] Waiting for models to be activated: {'model_1': 'activating', 'model_2': 'deactivated', 'model_3': 'deactivated', 'model_4': 'activating', 'model_5': 'activating', 'model_6': 'deactivated'}
[2026-08-22 11:43:14.917 GPU_Scheduler_0] Waiting for models to be activated: {'model_1': 'activating', 'model_2': 'deactivated', 'model_3': 'deactivated', 'model_4': 'activating', 'model_5': 'activating', 'model_6': 'deactivated'}
[2026-08-22 11:43:14.928 GPU_Scheduler_0] Waiting for models to be activated: {'model_1': 'activating', 'model_2': 'deactivated', 'model_3': 'deactivated', 'model_4': 'activating', 'model_5': 'activating', 'model_6': 'deactivated'}
[2026-08-22 11:43:14.938 GPU_Scheduler_0] Waiting for models to be activated: {'model_1': 'activating', 'model_2': 'deactivated', 'model_3': 'deactivated', 'model_4': 'activating', 'model_5': 'activating', 'model_6': 'deactivated'}
[2026-08-22 11:43:14.948 GPU_Scheduler_0] Waiting for models to be activated: {'model_1': 'activating', 'model_2': 'deactivated', 'model_3': 'deactivated', 'model_4': 'activating', 'model_5': 'activating', 'model_6': 'deactivated'}
[2026-08-22 11:43:14.959 GPU_Scheduler_0] Waiting for models to be activated: {'model_1': 'activating', 'model_2': 'deactivated', 'model_3': 'deactivated', 'model_4': 'activating', 'model_5': 'activating', 'model_6': 'deactivated'}
[2026-08-22 11:43:14.969 GPU_Scheduler_0] Waiting for models to be activated: {'model_1': 'activating', 'model_2': 'deactivated', 'model_3': 'deactivated', 'model_4': 'activating', 'model_5': 'activating', 'model_6': 'deactivated'}
[2026-08-22 11:43:14.979 GPU_Scheduler_0] Waiting for models to be activated: {'model_1': 'activating', 'model_2': 'deactivated', 'model_3': 'deactivated', 'model_4': 'activating', 'model_5': 'activating', 'model_6': 'deactivated'}
[2026-08-22 11:43:14.990 GPU_Scheduler_0] Waiting for models to be activated: {'model_1': 'activating', 'model_2': 'deactivated', 'model_3': 'deactivated', 'model_4': 'activating', 'model_5': 'activating', 'model_6': 'deactivated'}
[2026-08-22 11:43:15.000 GPU_Scheduler_0] Waiting for models to be activated: {'model_1': 'activating', 'model_2': 'deactivated', 'model_3': 'deactivated', 'model_4': 'activating', 'model_5': 'activating', 'model_6': 'deactivated'}
[2026-08-22 11:43:15.010 GPU_Scheduler_0] Waiting for models to be activated: {'model_1': 'activating', 'model_2': 'deactivated', 'model_3': 'deactivated', 'model_4': 'activating', 'model_5': 'activating', 'model_6': 'deactivated'}
[2026-08-22 11:43:15.021 GPU_Scheduler_0] Waiting for models to be activated: {'model_1': 'activating', 'model_2': 'deactivated', 'model_3': 'deactivated', 'model_4': 'activating', 'model_5': 'activating', 'model_6': 'deactivated'}
[2026-08-22 11:43:15.031 GPU_Scheduler_0] Waiting for models to be activated: {'model_1': 'activating', 'model_2': 'deactivated', 'model_3': 'deactivated', 'model_4': 'activating', 'model_5': 'activating', 'model_6': 'deactivated'}
[2026-08-22 11:43:15.041 GPU_Scheduler_0] Waiting for models to be activated: {'model_1': 'activating', 'model_2': 'deactivated', 'model_3': 'deactivated', 'model_4': 'activating', 'model_5': 'activating', 'model_6': 'deactivated'}
[2026-08-22 11:43:15.052 GPU_Scheduler_0] Waiting for models to be activated: {'model_1': 'activating', 'model_2': 'deactivated', 'model_3': 'deactivated', 'model_4': 'activating', 'model_5': 'activating', 'model_6': 'deactivated'}
[2026-08-22 11:43:15.062 GPU_Scheduler_0] Waiting for models to be activated: {'model_1': 'activating', 'model_2': 'deactivated', 'model_3': 'deactivated', 'model_4': 'activating', 'model_5': 'activating', 'model_6': 'deactivated'}
[2026-08-22 11:43:15.073 GPU_Scheduler_0] Waiting for models to be activated: {'model_1': 'activating', 'model_2': 'deactivated', 'model_3': 'deactivated', 'model_4': 'activating', 'model_5': 'activating', 'model_6': 'deactivated'}
[2026-08-22 11:43:15.083 GPU_Scheduler_0] Waiting for models to be activated: {'model_1': 'activating', 'model_2': 'deactivated', 'model_3': 'deactivated', 'model_4': 'activating', 'model_5': 'activating', 'model_6': 'deactivated'}
[2026-08-22 11:43:15.093 GPU_Scheduler_0] Waiting for models to be activated: {'model_1': 'activating', 'model_2': 'deactivated', 'model_3': 'deactivated', 'model_4': 'activating', 'model_5': 'activating', 'model_6': 'deactivated'}
[2026-08-22 11:43:15.104 GPU_Scheduler_0] Waiting for models to be activated: {'model_1': 'activating', 'model_2': 'deactivated', 'model_3': 'deactivated', 'model_4': 'activating', 'model_5': 'activating', 'model_6': 'deactivated'}
[2026-08-22 11:43:15.114 GPU_Scheduler_0] Waiting for models to be activated: {'model_1': 'activating', 'model_2': 'deactivated', 'model_3': 'deactivated', 'model_4': 'activating', 'model_5': 'activating', 'model_6': 'deactivated'}
[2026-08-22 11:43:15.124 GPU_Scheduler_0] Waiting for models to be activated: {'model_1': 'activating', 'model_2': 'deactivated', 'model_3': 'deactivated', 'model_4': 'activating', 'model_5': 'activating', 'model_6': 'deactivated'}
[2026-08-22 11:43:15.135 GPU_Scheduler_0] Waiting for models to be activated: {'model_1': 'activating', 'model_2': 'deactivated', 'model_3': 'deactivated', 'model_4': 'activating', 'model_5': 'activating', 'model_6': 'deactivated'}
[2026-08-22 11:43:15.145 GPU_Scheduler_0] Waiting for models to be activated: {'model_1': 'activating', 'model_2': 'deactivated', 'model_3': 'deactivated', 'model_4': 'activating', 'model_5': 'activating', 'model_6': 'deactivated'}
[2026-08-22 11:43:15.155 GPU_Scheduler_0] Waiting for models to be activated: {'model_1': 'activating', 'model_2': 'deactivated', 'model_3': 'deactivated', 'model_4': 'activating', 'model_5': 'activating', 'model_6': 'deactivated'}
[2026-08-22 11:43:15.166 GPU_Scheduler_0] Waiting for models to be activated: {'model_1': 'activating', 'model_2': 'deactivated', 'model_3': 'deactivated', 'model_4': 'activating', 'model_5': 'activating', 'model_6': 'deactivated'}
[2026-08-22 11:43:15.176 GPU_Scheduler_0] Waiting for models to be activated: {'model_1': 'activating', 'model_2': 'deactivated', 'model_3': 'deactivated', 'model_4': 'activating', 'model_5': 'activating', 'model_6': 'deactivated'}
[2026-08-22 11:43:15.186 GPU_Scheduler_0] Waiting for models to be activated: {'model_1': 'activating', 'model_2': 'deactivated', 'model_3': 'deactivated', 'model_4': 'activating', 'model_5': 'activating', 'model_6': 'deactivated'}
[2026-08-22 11:43:15.197 GPU_Scheduler_0] Waiting for models to be activated: {'model_1': 'activating', 'model_2': 'deactivated', 'model_3': 'deactivated', 'model_4': 'activating', 'model_5': 'activating', 'model_6': 'deactivated'}
[2026-08-22 11:43:15.207 GPU_Scheduler_0] Waiting for models to be activated: {'model_1': 'activating', 'model_2': 'deactivated', 'model_3': 'deactivated', 'model_4': 'activating', 'model_5': 'activating', 'model_6': 'deactivated'}
[2026-08-22 11:43:15.217 GPU_Scheduler_0] Waiting for models to be activated: {'model_1': 'activating', 'model_2': 'deactivated', 'model_3': 'deactivated', 'model_4': 'activating', 'model_5': 'activating', 'model_6': 'deactivated'}
[2026-08-22 11:43:15.228 GPU_Scheduler_0] Waiting for models to be activated: {'model_1': 'activating', 'model_2': 'deactivated', 'model_3': 'deactivated', 'model_4': 'activating', 'model_5': 'activating', 'model_6': 'deactivated'}
[2026-08-22 11:43:15.238 GPU_Scheduler_0] Waiting for models to be activated: {'model_1': 'activating', 'model_2': 'deactivated', 'model_3': 'deactivated', 'model_4': 'activating', 'model_5': 'activating', 'model_6': 'deactivated'}
[2026-08-22 11:43:15.248 GPU_Scheduler_0] Waiting for models to be activated: {'model_1': 'activating', 'model_2': 'deactivated', 'model_3': 'deactivated', 'model_4': 'activating', 'model_5': 'activating', 'model_6': 'deactivated'}
[2026-08-22 11:43:15.259 GPU_Scheduler_0] Waiting for models to be activated: {'model_1': 'activating', 'model_2': 'deactivated', 'model_3': 'deactivated', 'model_4': 'activating', 'model_5': 'activating', 'model_6': 'deactivated'}
[2026-08-22 11:43:15.269 GPU_Scheduler_0] Waiting for models to be activated: {'model_1': 'activating', 'model_2': 'deactivated', 'model_3': 'deactivated', 'model_4': 'activating', 'model_5': 'activating', 'model_6': 'deactivated'}
[2026-08-22 11:43:15.279 GPU_Scheduler_0] Waiting for models to be activated: {'model_1': 'activating', 'model_2': 'deactivated', 'model_3': 'deactivated', 'model_4': 'activating', 'model_5': 'activating', 'model_6': 'deactivated'}
[2026-08-22 11:43:15.290 GPU_Scheduler_0] Waiting for models to be activated: {'model_1': 'activating', 'model_2': 'deactivated', 'model_3': 'deactivated', 'model_4': 'activating', 'model_5': 'activating', 'model_6': 'deactivated'}
[2026-08-22 11:43:15.300 GPU_Scheduler_0] Waiting for models to be activated: {'model_1': 'activating', 'model_2': 'deactivated', 'model_3': 'deactivated', 'model_4': 'activating', 'model_5': 'activating', 'model_6': 'deactivated'}
[2026-08-22 11:43:15.310 GPU_Scheduler_0] Waiting for models to be activated: {'model_1': 'activating', 'model_2': 'deactivated', 'model_3': 'deactivated', 'model_4': 'activating', 'model_5': 'activating', 'model_6': 'deactivated'}
[2026-08-22 11:43:15.321 GPU_Scheduler_0] Waiting for models to be activated: {'model_1': 'activating', 'model_2': 'deactivated', 'model_3': 'deactivated', 'model_4': 'activating', 'model_5': 'activating', 'model_6': 'deactivated'}
[2026-08-22 11:43:15.331 GPU_Scheduler_0] Waiting for models to be activated: {'model_1': 'activating', 'model_2': 'deactivated', 'model_3': 'deactivated', 'model_4': 'activating', 'model_5': 'activating', 'model_6': 'deactivated'}
[2026-08-22 11:43:15.341 GPU_Scheduler_0] Waiting for models to be activated: {'model_1': 'activating', 'model_2': 'deactivated', 'model_3': 'deactivated', 'model_4': 'activating', 'model_5': 'activating', 'model_6': 'deactivated'}
[2026-08-22 11:43:15.352 GPU_Scheduler_0] Waiting for models to be activated: {'model_1': 'activating', 'model_2': 'deactivated', 'model_3': 'deactivated', 'model_4': 'activating', 'model_5': 'activating', 'model_6': 'deactivated'}
[2026-08-22 11:43:15.362 GPU_Scheduler_0] Waiting for models to be activated: {'model_1': 'activating', 'model_2': 'deactivated', 'model_3': 'deactivated', 'model_4': 'activating', 'model_5': 'activating', 'model_6': 'deactivated'}
[2026-08-22 11:43:15.372 GPU_Scheduler_0] Waiting for models to be activated: {'model_1': 'activating', 'model_2': 'deactivated', 'model_3': 'deactivated', 'model_4': 'activating', 'model_5': 'activating', 'model_6': 'deactivated'}
[2026-08-22 11:43:15.383 GPU_Scheduler_0] Waiting for models to be activated: {'model_1': 'activating', 'model_2': 'deactivated', 'model_3': 'deactivated', 'model_4': 'activating', 'model_5': 'activating', 'model_6': 'deactivated'}
[2026-08-22 11:43:15.393 GPU_Scheduler_0] Waiting for models to be activated: {'model_1': 'activating', 'model_2': 'deactivated', 'model_3': 'deactivated', 'model_4': 'activating', 'model_5': 'activating', 'model_6': 'deactivated'}
[2026-08-22 11:43:15.403 GPU_Scheduler_0] Waiting for models to be activated: {'model_1': 'activating', 'model_2': 'deactivated', 'model_3': 'deactivated', 'model_4': 'activating', 'model_5': 'activating', 'model_6': 'deactivated'}
[2026-08-22 11:43:15.413 GPU_Scheduler_0] Waiting for models to be activated: {'model_1': 'activating', 'model_2': 'deactivated', 'model_3': 'deactivated', 'model_4': 'activating', 'model_5': 'activating', 'model_6': 'deactivated'}
[2026-08-22 11:43:15.424 GPU_Scheduler_0] Waiting for models to be activated: {'model_1': 'activating', 'model_2': 'deactivated', 'model_3': 'deactivated', 'model_4': 'activating', 'model_5': 'activating', 'model_6': 'deactivated'}
[2026-08-22 11:43:15.434 GPU_Scheduler_0] Waiting for models to be activated: {'model_1': 'activating', 'model_2': 'deactivated', 'model_3': 'deactivated', 'model_4': 'activating', 'model_5': 'activating', 'model_6': 'deactivated'}
[2026-08-22 11:43:15.444 GPU_Scheduler_0] Waiting for models to be activated: {'model_1': 'activating', 'model_2': 'deactivated', 'model_3': 'deactivated', 'model_4': 'activating', 'model_5': 'activating', 'model_6': 'deactivated'}
[2026-08-22 11:43:15.455 GPU_Scheduler_0] Waiting for models to be activated: {'model_1': 'activating', 'model_2': 'deactivated', 'model_3': 'deactivated', 'model_4': 'activating', 'model_5': 'activating', 'model_6': 'deactivated'}
[2026-08-22 11:43:15.465 GPU_Scheduler_0] Waiting for models to be activated: {'model_1': 'activating', 'model_2': 'deactivated', 'model_3': 'deactivated', 'model_4': 'activating', 'model_5': 'activating', 'model_6': 'deactivated'}
[2026-08-22 11:43:15.475 GPU_Scheduler_0] Waiting for models to be activated: {'model_1': 'activating', 'model_2': 'deactivated', 'model_3': 'deactivated', 'model_4': 'activating', 'model_5': 'activating', 'model_6': 'deactivated'}
[2026-08-22 11:43:15.486 GPU_Scheduler_0] Waiting for models to be activated: {'model_1': 'activating', 'model_2': 'deactivated', 'model_3': 'deactivated', 'model_4': 'activating', 'model_5': 'activating', 'model_6': 'deactivated'}
[2026-08-22 11:43:15.496 GPU_Scheduler_0] Waiting for models to be activated: {'model_1': 'activating', 'model_2': 'deactivated', 'model_3': 'deactivated', 'model_4': 'activating', 'model_5': 'activating', 'model_6': 'deactivated'}
[2026-08-22 11:43:15.506 GPU_Scheduler_0] Waiting for models to be activated: {'model_1': 'activating', 'model_2': 'deactivated', 'model_3': 'deactivated', 'model_4': 'activating', 'model_5': 'activating', 'model_6': 'deactivated'}
[2026-08-22 11:43:15.517 GPU_Scheduler_0] Waiting for models to be activated: {'model_1': 'activating', 'model_2': 'deactivated', 'model_3': 'deactivated', 'model_4': 'activating', 'model_5': 'activating', 'model_6': 'deactivated'}
[2026-08-22 11:43:15.527 GPU_Scheduler_0] Waiting for models to be activated: {'model_1': 'activating', 'model_2': 'deactivated', 'model_3': 'deactivated', 'model_4': 'activating', 'model_5': 'activating', 'model_6': 'deactivated'}
[2026-08-22 11:43:15.537 GPU_Scheduler_0] Waiting for models to be activated: {'model_1': 'activating', 'model_2': 'deactivated', 'model_3': 'deactivated', 'model_4': 'activating', 'model_5': 'activating', 'model_6': 'deactivated'}
[2026-08-22 11:43:15.548 GPU_Scheduler_0] Waiting for models to be activated: {'model_1': 'activating', 'model_2': 'deactivated', 'model_3': 'deactivated', 'model_4': 'activating', 'model_5': 'activating', 'model_6': 'deactivated'}
[2026-08-22 11:43:15.558 GPU_Scheduler_0] Waiting for models to be activated: {'model_1': 'activating', 'model_2': 'deactivated', 'model_3': 'deactivated', 'model_4': 'activating', 'model_5': 'activating', 'model_6': 'deactivated'}
[2026-08-22 11:43:15.569 GPU_Scheduler_0] Waiting for models to be activated: {'model_1': 'activating', 'model_2': 'deactivated', 'model_3': 'deactivated', 'model_4': 'activating', 'model_5': 'activating', 'model_6': 'deactivated'}
[2026-08-22 11:43:15.579 GPU_Scheduler_0] Waiting for models to be activated: {'model_1': 'activating', 'model_2': 'deactivated', 'model_3': 'deactivated', 'model_4': 'activating', 'model_5': 'activating', 'model_6': 'deactivated'}
[2026-08-22 11:43:15.589 GPU_Scheduler_0] Waiting for models to be activated: {'model_1': 'activating', 'model_2': 'deactivated', 'model_3': 'deactivated', 'model_4': 'activating', 'model_5': 'activating', 'model_6': 'deactivated'}
[2026-08-22 11:43:15.600 GPU_Scheduler_0] Waiting for models to be activated: {'model_1': 'activating', 'model_2': 'deactivated', 'model_3': 'deactivated', 'model_4': 'activating', 'model_5': 'activating', 'model_6': 'deactivated'}
[2026-08-22 11:43:15.610 GPU_Scheduler_0] Waiting for models to be activated: {'model_1': 'activating', 'model_2': 'deactivated', 'model_3': 'deactivated', 'model_4': 'activating', 'model_5': 'activating', 'model_6': 'deactivated'}
[2026-08-22 11:43:15.621 GPU_Scheduler_0] Waiting for models to be activated: {'model_1': 'activating', 'model_2': 'deactivated', 'model_3': 'deactivated', 'model_4': 'activating', 'model_5': 'activating', 'model_6': 'deactivated'}
[2026-08-22 11:43:15.631 GPU_Scheduler_0] Waiting for models to be activated: {'model_1': 'activating', 'model_2': 'deactivated', 'model_3': 'deactivated', 'model_4': 'activating', 'model_5': 'activating', 'model_6': 'deactivated'}
[2026-08-22 11:43:15.641 GPU_Scheduler_0] Waiting for models to be activated: {'model_1': 'activating', 'model_2': 'deactivated', 'model_3': 'deactivated', 'model_4': 'activating', 'model_5': 'activating', 'model_6': 'deactivated'}
[2026-08-22 11:43:15.652 GPU_Scheduler_0] Waiting for models to be activated: {'model_1': 'activating', 'model_2': 'deactivated', 'model_3': 'deactivated', 'model_4': 'activating', 'model_5': 'activating', 'model_6': 'deactivated'}
[2026-08-22 11:43:15.662 GPU_Scheduler_0] Waiting for models to be activated: {'model_1': 'activating', 'model_2': 'deactivated', 'model_3': 'deactivated', 'model_4': 'activating', 'model_5': 'activating', 'model_6': 'deactivated'}
[2026-08-22 11:43:15.673 GPU_Scheduler_0] Waiting for models to be activated: {'model_1': 'activating', 'model_2': 'deactivated', 'model_3': 'deactivated', 'model_4': 'activating', 'model_5': 'activating', 'model_6': 'deactivated'}
[2026-08-22 11:43:15.683 GPU_Scheduler_0] Waiting for models to be activated: {'model_1': 'activating', 'model_2': 'deactivated', 'model_3': 'deactivated', 'model_4': 'activating', 'model_5': 'activating', 'model_6': 'deactivated'}
[2026-08-22 11:43:15.693 GPU_Scheduler_0] Waiting for models to be activated: {'model_1': 'activating', 'model_2': 'deactivated', 'model_3': 'deactivated', 'model_4': 'activating', 'model_5': 'activating', 'model_6': 'deactivated'}
[2026-08-22 11:43:15.703 GPU_Scheduler_0] Waiting for models to be activated: {'model_1': 'activating', 'model_2': 'deactivated', 'model_3': 'deactivated', 'model_4': 'activating', 'model_5': 'activating', 'model_6': 'deactivated'}
[2026-08-22 11:43:15.714 GPU_Scheduler_0] Waiting for models to be activated: {'model_1': 'activating', 'model_2': 'deactivated', 'model_3': 'deactivated', 'model_4': 'activating', 'model_5': 'activating', 'model_6': 'deactivated'}
[2026-08-22 11:43:15.724 GPU_Scheduler_0] Waiting for models to be activated: {'model_1': 'activating', 'model_2': 'deactivated', 'model_3': 'deactivated', 'model_4': 'activating', 'model_5': 'activating', 'model_6': 'deactivated'}
[2026-08-22 11:43:15.734 GPU_Scheduler_0] Waiting for models to be activated: {'model_1': 'activating', 'model_2': 'deactivated', 'model_3': 'deactivated', 'model_4': 'activating', 'model_5': 'activating', 'model_6': 'deactivated'}
[2026-08-22 11:43:15.745 GPU_Scheduler_0] Waiting for models to be activated: {'model_1': 'activating', 'model_2': 'deactivated', 'model_3': 'deactivated', 'model_4': 'activating', 'model_5': 'activating', 'model_6': 'deactivated'}
[2026-08-22 11:43:15.755 GPU_Scheduler_0] Waiting for models to be activated: {'model_1': 'activating', 'model_2': 'deactivated', 'model_3': 'deactivated', 'model_4': 'activating', 'model_5': 'activating', 'model_6': 'deactivated'}
[2026-08-22 11:43:15.765 GPU_Scheduler_0] Waiting for models to be activated: {'model_1': 'activating', 'model_2': 'deactivated', 'model_3': 'deactivated', 'model_4': 'activating', 'model_5': 'activating', 'model_6': 'deactivated'}
[2026-08-22 11:43:15.776 GPU_Scheduler_0] Waiting for models to be activated: {'model_1': 'activating', 'model_2': 'deactivated', 'model_3': 'deactivated', 'model_4': 'activating', 'model_5': 'activating', 'model_6': 'deactivated'}
[2026-08-22 11:43:15.786 GPU_Scheduler_0] Waiting for models to be activated: {'model_1': 'activating', 'model_2': 'deactivated', 'model_3': 'deactivated', 'model_4': 'activating', 'model_5': 'activating', 'model_6': 'deactivated'}
[2026-08-22 11:43:15.796 GPU_Scheduler_0] Waiting for models to be activated: {'model_1': 'activating', 'model_2': 'deactivated', 'model_3': 'deactivated', 'model_4': 'activating', 'model_5': 'activating', 'model_6': 'deactivated'}
[2026-08-22 11:43:15.807 GPU_Scheduler_0] Waiting for models to be activated: {'model_1': 'activating', 'model_2': 'deactivated', 'model_3': 'deactivated', 'model_4': 'activating', 'model_5': 'activating', 'model_6': 'deactivated'}
[2026-08-22 11:43:15.817 GPU_Scheduler_0] Waiting for models to be activated: {'model_1': 'activating', 'model_2': 'deactivated', 'model_3': 'deactivated', 'model_4': 'activating', 'model_5': 'activating', 'model_6': 'deactivated'}
[2026-08-22 11:43:15.828 GPU_Scheduler_0] Waiting for models to be activated: {'model_1': 'activating', 'model_2': 'deactivated', 'model_3': 'deactivated', 'model_4': 'activating', 'model_5': 'activating', 'model_6': 'deactivated'}
[2026-08-22 11:43:15.838 GPU_Scheduler_0] Waiting for models to be activated: {'model_1': 'activating', 'model_2': 'deactivated', 'model_3': 'deactivated', 'model_4': 'activating', 'model_5': 'activating', 'model_6': 'deactivated'}
[2026-08-22 11:43:15.849 GPU_Scheduler_0] Waiting for models to be activated: {'model_1': 'activating', 'model_2': 'deactivated', 'model_3': 'deactivated', 'model_4': 'activating', 'model_5': 'activating', 'model_6': 'deactivated'}
[2026-08-22 11:43:15.859 GPU_Scheduler_0] Waiting for models to be activated: {'model_1': 'activating', 'model_2': 'deactivated', 'model_3': 'deactivated', 'model_4': 'activating', 'model_5': 'activating', 'model_6': 'deactivated'}
[2026-08-22 11:43:15.870 GPU_Scheduler_0] Waiting for models to be activated: {'model_1': 'activating', 'model_2': 'deactivated', 'model_3': 'deactivated', 'model_4': 'activating', 'model_5': 'activating', 'model_6': 'deactivated'}
[2026-08-22 11:43:15.881 GPU_Scheduler_0] Waiting for models to be activated: {'model_1': 'activating', 'model_2': 'deactivated', 'model_3': 'deactivated', 'model_4': 'activating', 'model_5': 'activating', 'model_6': 'deactivated'}
[2026-08-22 11:43:15.891 GPU_Scheduler_0] Waiting for models to be activated: {'model_1': 'activating', 'model_2': 'deactivated', 'model_3': 'deactivated', 'model_4': 'activating', 'model_5': 'activating', 'model_6': 'deactivated'}
[2026-08-22 11:43:15.902 GPU_Scheduler_0] Waiting for models to be activated: {'model_1': 'activating', 'model_2': 'deactivated', 'model_3': 'deactivated', 'model_4': 'activating', 'model_5': 'activating', 'model_6': 'deactivated'}
[2026-08-22 11:43:15.913 GPU_Scheduler_0] Waiting for models to be activated: {'model_1': 'activating', 'model_2': 'deactivated', 'model_3': 'deactivated', 'model_4': 'activating', 'model_5': 'activating', 'model_6': 'deactivated'}
[2026-08-22 11:43:15.923 GPU_Scheduler_0] Waiting for models to be activated: {'model_1': 'activating', 'model_2': 'deactivated', 'model_3': 'deactivated', 'model_4': 'activating', 'model_5': 'activating', 'model_6': 'deactivated'}
[2026-08-22 11:43:15.934 GPU_Scheduler_0] Waiting for models to be activated: {'model_1': 'activating', 'model_2': 'deactivated', 'model_3': 'deactivated', 'model_4': 'activating', 'model_5': 'activating', 'model_6': 'deactivated'}
[2026-08-22 11:43:15.945 GPU_Scheduler_0] Waiting for models to be activated: {'model_1': 'activating', 'model_2': 'deactivated', 'model_3': 'deactivated', 'model_4': 'activating', 'model_5': 'activating', 'model_6': 'deactivated'}
[2026-08-22 11:43:15.955 GPU_Scheduler_0] Waiting for models to be activated: {'model_1': 'activating', 'model_2': 'deactivated', 'model_3': 'deactivated', 'model_4': 'activating', 'model_5': 'activating', 'model_6': 'deactivated'}
[2026-08-22 11:43:15.966 GPU_Scheduler_0] Waiting for models to be activated: {'model_1': 'activating', 'model_2': 'deactivated', 'model_3': 'deactivated', 'model_4': 'activating', 'model_5': 'activating', 'model_6': 'deactivated'}
[2026-08-22 11:43:15.976 GPU_Scheduler_0] Waiting for models to be activated: {'model_1': 'activating', 'model_2': 'deactivated', 'model_3': 'deactivated', 'model_4': 'activating', 'model_5': 'activating', 'model_6': 'deactivated'}
[2026-08-22 11:43:15.987 GPU_Scheduler_0] Waiting for models to be activated: {'model_1': 'activating', 'model_2': 'deactivated', 'model_3': 'deactivated', 'model_4': 'activating', 'model_5': 'activating', 'model_6': 'deactivated'}
[2026-08-22 11:43:15.998 GPU_Scheduler_0] Waiting for models to be activated: {'model_1': 'activating', 'model_2': 'deactivated', 'model_3': 'deactivated', 'model_4': 'activating', 'model_5': 'activating', 'model_6': 'deactivated'}
[2026-08-22 11:43:16.009 GPU_Scheduler_0] Waiting for models to be activated: {'model_1': 'activating', 'model_2': 'deactivated', 'model_3': 'deactivated', 'model_4': 'activating', 'model_5': 'activating', 'model_6': 'deactivated'}
[2026-08-22 11:43:16.019 GPU_Scheduler_0] Waiting for models to be activated: {'model_1': 'activating', 'model_2': 'deactivated', 'model_3': 'deactivated', 'model_4': 'activating', 'model_5': 'activating', 'model_6': 'deactivated'}
[2026-08-22 11:43:16.030 GPU_Scheduler_0] Waiting for models to be activated: {'model_1': 'activating', 'model_2': 'deactivated', 'model_3': 'deactivated', 'model_4': 'activating', 'model_5': 'activating', 'model_6': 'deactivated'}
[2026-08-22 11:43:16.041 GPU_Scheduler_0] Waiting for models to be activated: {'model_1': 'activating', 'model_2': 'deactivated', 'model_3': 'deactivated', 'model_4': 'activating', 'model_5': 'activating', 'model_6': 'deactivated'}
[2026-08-22 11:43:16.052 GPU_Scheduler_0] Waiting for models to be activated: {'model_1': 'activating', 'model_2': 'deactivated', 'model_3': 'deactivated', 'model_4': 'activating', 'model_5': 'activating', 'model_6': 'deactivated'}
[2026-08-22 11:43:16.062 GPU_Scheduler_0] Waiting for models to be activated: {'model_1': 'activating', 'model_2': 'deactivated', 'model_3': 'deactivated', 'model_4': 'activating', 'model_5': 'activating', 'model_6': 'deactivated'}
[2026-08-22 11:43:16.073 GPU_Scheduler_0] Waiting for models to be activated: {'model_1': 'activating', 'model_2': 'deactivated', 'model_3': 'deactivated', 'model_4': 'activating', 'model_5': 'activating', 'model_6': 'deactivated'}
[2026-08-22 11:43:16.083 GPU_Scheduler_0] Waiting for models to be activated: {'model_1': 'activating', 'model_2': 'deactivated', 'model_3': 'deactivated', 'model_4': 'activating', 'model_5': 'activating', 'model_6': 'deactivated'}
[2026-08-22 11:43:16.094 GPU_Scheduler_0] Waiting for models to be activated: {'model_1': 'activating', 'model_2': 'deactivated', 'model_3': 'deactivated', 'model_4': 'activating', 'model_5': 'activating', 'model_6': 'deactivated'}
[2026-08-22 11:43:16.104 GPU_Scheduler_0] Waiting for models to be activated: {'model_1': 'activating', 'model_2': 'deactivated', 'model_3': 'deactivated', 'model_4': 'activating', 'model_5': 'activating', 'model_6': 'deactivated'}
[2026-08-22 11:43:16.115 GPU_Scheduler_0] Waiting for models to be activated: {'model_1': 'activating', 'model_2': 'deactivated', 'model_3': 'deactivated', 'model_4': 'activating', 'model_5': 'activating', 'model_6': 'deactivated'}
[2026-08-22 11:43:16.125 GPU_Scheduler_0] Waiting for models to be activated: {'model_1': 'activating', 'model_2': 'deactivated', 'model_3': 'deactivated', 'model_4': 'activating', 'model_5': 'activating', 'model_6': 'deactivated'}
[2026-08-22 11:43:16.135 GPU_Scheduler_0] Waiting for models to be activated: {'model_1': 'activating', 'model_2': 'deactivated', 'model_3': 'deactivated', 'model_4': 'activating', 'model_5': 'activating', 'model_6': 'deactivated'}
[2026-08-22 11:43:16.146 GPU_Scheduler_0] Waiting for models to be activated: {'model_1': 'activating', 'model_2': 'deactivated', 'model_3': 'deactivated', 'model_4': 'activating', 'model_5': 'activating', 'model_6': 'deactivated'}
[2026-08-22 11:43:16.156 GPU_Scheduler_0] Waiting for models to be activated: {'model_1': 'activating', 'model_2': 'deactivated', 'model_3': 'deactivated', 'model_4': 'activating', 'model_5': 'activating', 'model_6': 'deactivated'}
[2026-08-22 11:43:16.167 GPU_Scheduler_0] Waiting for models to be activated: {'model_1': 'activating', 'model_2': 'deactivated', 'model_3': 'deactivated', 'model_4': 'activating', 'model_5': 'activating', 'model_6': 'deactivated'}
[2026-08-22 11:43:16.177 GPU_Scheduler_0] Waiting for models to be activated: {'model_1': 'activating', 'model_2': 'deactivated', 'model_3': 'deactivated', 'model_4': 'activating', 'model_5': 'activating', 'model_6': 'deactivated'}
[2026-08-22 11:43:16.188 GPU_Scheduler_0] Waiting for models to be activated: {'model_1': 'activating', 'model_2': 'deactivated', 'model_3': 'deactivated', 'model_4': 'activating', 'model_5': 'activating', 'model_6': 'deactivated'}
[2026-08-22 11:43:16.198 GPU_Scheduler_0] Waiting for models to be activated: {'model_1': 'activating', 'model_2': 'deactivated', 'model_3': 'deactivated', 'model_4': 'activating', 'model_5': 'activating', 'model_6': 'deactivated'}
[2026-08-22 11:43:16.209 GPU_Scheduler_0] Waiting for models to be activated: {'model_1': 'activating', 'model_2': 'deactivated', 'model_3': 'deactivated', 'model_4': 'activating', 'model_5': 'activating', 'model_6': 'deactivated'}
[2026-08-22 11:43:16.219 GPU_Scheduler_0] Waiting for models to be activated: {'model_1': 'activating', 'model_2': 'deactivated', 'model_3': 'deactivated', 'model_4': 'activating', 'model_5': 'activating', 'model_6': 'deactivated'}
[2026-08-22 11:43:16.229 GPU_Scheduler_0] Waiting for models to be activated: {'model_1': 'activating', 'model_2': 'deactivated', 'model_3': 'deactivated', 'model_4': 'activating', 'model_5': 'activating', 'model_6': 'deactivated'}
[2026-08-22 11:43:16.240 GPU_Scheduler_0] Waiting for models to be activated: {'model_1': 'activating', 'model_2': 'deactivated', 'model_3': 'deactivated', 'model_4': 'activating', 'model_5': 'activating', 'model_6': 'deactivated'}
[2026-08-22 11:43:16.250 GPU_Scheduler_0] Waiting for models to be activated: {'model_1': 'activating', 'model_2': 'deactivated', 'model_3': 'deactivated', 'model_4': 'activating', 'model_5': 'activating', 'model_6': 'deactivated'}
[2026-08-22 11:43:16.260 GPU_Scheduler_0] Waiting for models to be activated: {'model_1': 'activating', 'model_2': 'deactivated', 'model_3': 'deactivated', 'model_4': 'activating', 'model_5': 'activating', 'model_6': 'deactivated'}
[2026-08-22 11:43:16.271 GPU_Scheduler_0] Waiting for models to be activated: {'model_1': 'activating', 'model_2': 'deactivated', 'model_3': 'deactivated', 'model_4': 'activating', 'model_5': 'activating', 'model_6': 'deactivated'}
[2026-08-22 11:43:16.281 GPU_Scheduler_0] Waiting for models to be activated: {'model_1': 'activating', 'model_2': 'deactivated', 'model_3': 'deactivated', 'model_4': 'activating', 'model_5': 'activating', 'model_6': 'deactivated'}
[2026-08-22 11:43:16.292 GPU_Scheduler_0] Waiting for models to be activated: {'model_1': 'activating', 'model_2': 'deactivated', 'model_3': 'deactivated', 'model_4': 'activating', 'model_5': 'activating', 'model_6': 'deactivated'}
[2026-08-22 11:43:16.302 GPU_Scheduler_0] Waiting for models to be activated: {'model_1': 'activating', 'model_2': 'deactivated', 'model_3': 'deactivated', 'model_4': 'activating', 'model_5': 'activating', 'model_6': 'deactivated'}
[2026-08-22 11:43:16.313 GPU_Scheduler_0] Waiting for models to be activated: {'model_1': 'activating', 'model_2': 'deactivated', 'model_3': 'deactivated', 'model_4': 'activating', 'model_5': 'activating', 'model_6': 'deactivated'}
[2026-08-22 11:43:16.323 GPU_Scheduler_0] Waiting for models to be activated: {'model_1': 'activating', 'model_2': 'deactivated', 'model_3': 'deactivated', 'model_4': 'activating', 'model_5': 'activating', 'model_6': 'deactivated'}
[2026-08-22 11:43:16.334 GPU_Scheduler_0] Waiting for models to be activated: {'model_1': 'activating', 'model_2': 'deactivated', 'model_3': 'deactivated', 'model_4': 'activating', 'model_5': 'activating', 'model_6': 'deactivated'}
[2026-08-22 11:43:16.344 GPU_Scheduler_0] Waiting for models to be activated: {'model_1': 'activating', 'model_2': 'deactivated', 'model_3': 'deactivated', 'model_4': 'activating', 'model_5': 'activating', 'model_6': 'deactivated'}
[2026-08-22 11:43:16.355 GPU_Scheduler_0] Waiting for models to be activated: {'model_1': 'activating', 'model_2': 'deactivated', 'model_3': 'deactivated', 'model_4': 'activating', 'model_5': 'activating', 'model_6': 'deactivated'}
[2026-08-22 11:43:16.365 GPU_Scheduler_0] Waiting for models to be activated: {'model_1': 'activating', 'model_2': 'deactivated', 'model_3': 'deactivated', 'model_4': 'activating', 'model_5': 'activating', 'model_6': 'deactivated'}
[2026-08-22 11:43:16.376 GPU_Scheduler_0] Waiting for models to be activated: {'model_1': 'activating', 'model_2': 'deactivated', 'model_3': 'deactivated', 'model_4': 'activating', 'model_5': 'activating', 'model_6': 'deactivated'}
[2026-08-22 11:43:16.386 GPU_Scheduler_0] Waiting for models to be activated: {'model_1': 'activating', 'model_2': 'deactivated', 'model_3': 'deactivated', 'model_4': 'activating', 'model_5': 'activating', 'model_6': 'deactivated'}
[2026-08-22 11:43:16.397 GPU_Scheduler_0] Waiting for models to be activated: {'model_1': 'activating', 'model_2': 'deactivated', 'model_3': 'deactivated', 'model_4': 'activating', 'model_5': 'activating', 'model_6': 'deactivated'}
[2026-08-22 11:43:16.408 GPU_Scheduler_0] Waiting for models to be activated: {'model_1': 'activating', 'model_2': 'deactivated', 'model_3': 'deactivated', 'model_4': 'activating', 'model_5': 'activating', 'model_6': 'deactivated'}
[2026-08-22 11:43:16.418 GPU_Scheduler_0] Waiting for models to be activated: {'model_1': 'activating', 'model_2': 'deactivated', 'model_3': 'deactivated', 'model_4': 'activating', 'model_5': 'activating', 'model_6': 'deactivated'}
[2026-08-22 11:43:16.429 GPU_Scheduler_0] Waiting for models to be activated: {'model_1': 'activating', 'model_2': 'deactivated', 'model_3': 'deactivated', 'model_4': 'activating', 'model_5': 'activating', 'model_6': 'deactivated'}
[2026-08-22 11:43:16.439 GPU_Scheduler_0] Waiting for models to be activated: {'model_1': 'activating', 'model_2': 'deactivated', 'model_3': 'deactivated', 'model_4': 'activating', 'model_5': 'activating', 'model_6': 'deactivated'}
[2026-08-22 11:43:16.450 GPU_Scheduler_0] Waiting for models to be activated: {'model_1': 'activating', 'model_2': 'deactivated', 'model_3': 'deactivated', 'model_4': 'activating', 'model_5': 'activating', 'model_6': 'deactivated'}
[2026-08-22 11:43:16.460 GPU_Scheduler_0] Waiting for models to be activated: {'model_1': 'activating', 'model_2': 'deactivated', 'model_3': 'deactivated', 'model_4': 'activating', 'model_5': 'activating', 'model_6': 'deactivated'}
[2026-08-22 11:43:16.470 GPU_Scheduler_0] Waiting for models to be activated: {'model_1': 'activating', 'model_2': 'deactivated', 'model_3': 'deactivated', 'model_4': 'activating', 'model_5': 'activating', 'model_6': 'deactivated'}
[2026-08-22 11:43:16.481 GPU_Scheduler_0] Waiting for models to be activated: {'model_1': 'activating', 'model_2': 'deactivated', 'model_3': 'deactivated', 'model_4': 'activating', 'model_5': 'activating', 'model_6': 'deactivated'}
[2026-08-22 11:43:16.491 GPU_Scheduler_0] Waiting for models to be activated: {'model_1': 'activating', 'model_2': 'deactivated', 'model_3': 'deactivated', 'model_4': 'activating', 'model_5': 'activating', 'model_6': 'deactivated'}
[2026-08-22 11:43:16.502 GPU_Scheduler_0] Waiting for models to be activated: {'model_1': 'activating', 'model_2': 'deactivated', 'model_3': 'deactivated', 'model_4': 'activating', 'model_5': 'activating', 'model_6': 'deactivated'}
[2026-08-22 11:43:16.512 GPU_Scheduler_0] Waiting for models to be activated: {'model_1': 'activating', 'model_2': 'deactivated', 'model_3': 'deactivated', 'model_4': 'activating', 'model_5': 'activating', 'model_6': 'deactivated'}
[2026-08-22 11:43:16.522 GPU_Scheduler_0] Waiting for models to be activated: {'model_1': 'activating', 'model_2': 'deactivated', 'model_3': 'deactivated', 'model_4': 'activating', 'model_5': 'activating', 'model_6': 'deactivated'}
[2026-08-22 11:43:16.533 GPU_Scheduler_0] Waiting for models to be activated: {'model_1': 'activating', 'model_2': 'deactivated', 'model_3': 'deactivated', 'model_4': 'activating', 'model_5': 'activating', 'model_6': 'deactivated'}
[2026-08-22 11:43:16.543 GPU_Scheduler_0] Waiting for models to be activated: {'model_1': 'activating', 'model_2': 'deactivated', 'model_3': 'deactivated', 'model_4': 'activating', 'model_5': 'activating', 'model_6': 'deactivated'}
[2026-08-22 11:43:16.553 GPU_Scheduler_0] Waiting for models to be activated: {'model_1': 'activating', 'model_2': 'deactivated', 'model_3': 'deactivated', 'model_4': 'activating', 'model_5': 'activating', 'model_6': 'deactivated'}
[2026-08-22 11:43:16.564 GPU_Scheduler_0] Waiting for models to be activated: {'model_1': 'activating', 'model_2': 'deactivated', 'model_3': 'deactivated', 'model_4': 'activating', 'model_5': 'activating', 'model_6': 'deactivated'}
[2026-08-22 11:43:16.574 GPU_Scheduler_0] Waiting for models to be activated: {'model_1': 'activating', 'model_2': 'deactivated', 'model_3': 'deactivated', 'model_4': 'activating', 'model_5': 'activating', 'model_6': 'deactivated'}
[2026-08-22 11:43:16.584 GPU_Scheduler_0] Waiting for models to be activated: {'model_1': 'activating', 'model_2': 'deactivated', 'model_3': 'deactivated', 'model_4': 'activating', 'model_5': 'activating', 'model_6': 'deactivated'}
[2026-08-22 11:43:16.595 GPU_Scheduler_0] Waiting for models to be activated: {'model_1': 'activating', 'model_2': 'deactivated', 'model_3': 'deactivated', 'model_4': 'activating', 'model_5': 'activating', 'model_6': 'deactivated'}
[2026-08-22 11:43:16.606 GPU_Scheduler_0] Waiting for models to be activated: {'model_1': 'activating', 'model_2': 'deactivated', 'model_3': 'deactivated', 'model_4': 'activating', 'model_5': 'activating', 'model_6': 'deactivated'}
[2026-08-22 11:43:16.616 GPU_Scheduler_0] Waiting for models to be activated: {'model_1': 'activating', 'model_2': 'deactivated', 'model_3': 'deactivated', 'model_4': 'activating', 'model_5': 'activating', 'model_6': 'deactivated'}
[2026-08-22 11:43:16.626 GPU_Scheduler_0] Waiting for models to be activated: {'model_1': 'activating', 'model_2': 'deactivated', 'model_3': 'deactivated', 'model_4': 'activating', 'model_5': 'activating', 'model_6': 'deactivated'}
[2026-08-22 11:43:16.637 GPU_Scheduler_0] Waiting for models to be activated: {'model_1': 'activating', 'model_2': 'deactivated', 'model_3': 'deactivated', 'model_4': 'activating', 'model_5': 'activating', 'model_6': 'deactivated'}
[2026-08-22 11:43:16.648 GPU_Scheduler_0] Waiting for models to be activated: {'model_1': 'activating', 'model_2': 'deactivated', 'model_3': 'deactivated', 'model_4': 'activating', 'model_5': 'activating', 'model_6': 'deactivated'}
[2026-08-22 11:43:16.658 GPU_Scheduler_0] Waiting for models to be activated: {'model_1': 'activating', 'model_2': 'deactivated', 'model_3': 'deactivated', 'model_4': 'activating', 'model_5': 'activating', 'model_6': 'deactivated'}
[2026-08-22 11:43:16.668 GPU_Scheduler_0] Waiting for models to be activated: {'model_1': 'activating', 'model_2': 'deactivated', 'model_3': 'deactivated', 'model_4': 'activating', 'model_5': 'activating', 'model_6': 'deactivated'}
[2026-08-22 11:43:16.679 GPU_Scheduler_0] Waiting for models to be activated: {'model_1': 'activating', 'model_2': 'deactivated', 'model_3': 'deactivated', 'model_4': 'activating', 'model_5': 'activating', 'model_6': 'deactivated'}
[2026-08-22 11:43:16.689 GPU_Scheduler_0] Waiting for models to be activated: {'model_1': 'activating', 'model_2': 'deactivated', 'model_3': 'deactivated', 'model_4': 'activating', 'model_5': 'activating', 'model_6': 'deactivated'}
[2026-08-22 11:43:16.699 GPU_Scheduler_0] Waiting for models to be activated: {'model_1': 'activating', 'model_2': 'deactivated', 'model_3': 'deactivated', 'model_4': 'activating', 'model_5': 'activating', 'model_6': 'deactivated'}
[2026-08-22 11:43:16.710 GPU_Scheduler_0] Waiting for models to be activated: {'model_1': 'activating', 'model_2': 'deactivated', 'model_3': 'deactivated', 'model_4': 'activating', 'model_5': 'activating', 'model_6': 'deactivated'}
[2026-08-22 11:43:16.721 GPU_Scheduler_0] Waiting for models to be activated: {'model_1': 'activating', 'model_2': 'deactivated', 'model_3': 'deactivated', 'model_4': 'activating', 'model_5': 'activating', 'model_6': 'deactivated'}
[2026-08-22 11:43:16.731 GPU_Scheduler_0] Waiting for models to be activated: {'model_1': 'activating', 'model_2': 'deactivated', 'model_3': 'deactivated', 'model_4': 'activating', 'model_5': 'activating', 'model_6': 'deactivated'}
[2026-08-22 11:43:16.742 GPU_Scheduler_0] Waiting for models to be activated: {'model_1': 'activating', 'model_2': 'deactivated', 'model_3': 'deactivated', 'model_4': 'activating', 'model_5': 'activating', 'model_6': 'deactivated'}
[2026-08-22 11:43:16.752 GPU_Scheduler_0] Waiting for models to be activated: {'model_1': 'activating', 'model_2': 'deactivated', 'model_3': 'deactivated', 'model_4': 'activating', 'model_5': 'activating', 'model_6': 'deactivated'}
[2026-08-22 11:43:16.763 GPU_Scheduler_0] Waiting for models to be activated: {'model_1': 'activating', 'model_2': 'deactivated', 'model_3': 'deactivated', 'model_4': 'activating', 'model_5': 'activating', 'model_6': 'deactivated'}
[2026-08-22 11:43:16.773 GPU_Scheduler_0] Waiting for models to be activated: {'model_1': 'activating', 'model_2': 'deactivated', 'model_3': 'deactivated', 'model_4': 'activating', 'model_5': 'activating', 'model_6': 'deactivated'}
[2026-08-22 11:43:16.783 GPU_Scheduler_0] Waiting for models to be activated: {'model_1': 'activating', 'model_2': 'deactivated', 'model_3': 'deactivated', 'model_4': 'activating', 'model_5': 'activating', 'model_6': 'deactivated'}
[2026-08-22 11:43:16.794 GPU_Scheduler_0] Waiting for models to be activated: {'model_1': 'activating', 'model_2': 'deactivated', 'model_3': 'deactivated', 'model_4': 'activating', 'model_5': 'activating', 'model_6': 'deactivated'}
[2026-08-22 11:43:16.804 GPU_Scheduler_0] Waiting for models to be activated: {'model_1': 'activating', 'model_2': 'deactivated', 'model_3': 'deactivated', 'model_4': 'activating', 'model_5': 'activating', 'model_6': 'deactivated'}
[2026-08-22 11:43:16.814 GPU_Scheduler_0] Waiting for models to be activated: {'model_1': 'activating', 'model_2': 'deactivated', 'model_3': 'deactivated', 'model_4': 'activating', 'model_5': 'activating', 'model_6': 'deactivated'}
[2026-08-22 11:43:16.824 GPU_Scheduler_0] Waiting for models to be activated: {'model_1': 'activating', 'model_2': 'deactivated', 'model_3': 'deactivated', 'model_4': 'activating', 'model_5': 'activating', 'model_6': 'deactivated'}
[2026-08-22 11:43:16.835 GPU_Scheduler_0] Waiting for models to be activated: {'model_1': 'activating', 'model_2': 'deactivated', 'model_3': 'deactivated', 'model_4': 'activating', 'model_5': 'activating', 'model_6': 'deactivated'}
[2026-08-22 11:43:16.845 GPU_Scheduler_0] Waiting for models to be activated: {'model_1': 'activating', 'model_2': 'deactivated', 'model_3': 'deactivated', 'model_4': 'activating', 'model_5': 'activating', 'model_6': 'deactivated'}
[2026-08-22 11:43:16.856 GPU_Scheduler_0] Waiting for models to be activated: {'model_1': 'activating', 'model_2': 'deactivated', 'model_3': 'deactivated', 'model_4': 'activating', 'model_5': 'activating', 'model_6': 'deactivated'}
[2026-08-22 11:43:16.866 GPU_Scheduler_0] Waiting for models to be activated: {'model_1': 'activating', 'model_2': 'deactivated', 'model_3': 'deactivated', 'model_4': 'activating', 'model_5': 'activating', 'model_6': 'deactivated'}
[2026-08-22 11:43:16.877 GPU_Scheduler_0] Waiting for models to be activated: {'model_1': 'activating', 'model_2': 'deactivated', 'model_3': 'deactivated', 'model_4': 'activating', 'model_5': 'activating', 'model_6': 'deactivated'}
[2026-08-22 11:43:16.887 GPU_Scheduler_0] Waiting for models to be activated: {'model_1': 'activating', 'model_2': 'deactivated', 'model_3': 'deactivated', 'model_4': 'activating', 'model_5': 'activating', 'model_6': 'deactivated'}
[2026-08-22 11:43:16.898 GPU_Scheduler_0] Waiting for models to be activated: {'model_1': 'activating', 'model_2': 'deactivated', 'model_3': 'deactivated', 'model_4': 'activating', 'model_5': 'activating', 'model_6': 'deactivated'}
[2026-08-22 11:43:16.908 GPU_Scheduler_0] Waiting for models to be activated: {'model_1': 'activating', 'model_2': 'deactivated', 'model_3': 'deactivated', 'model_4': 'activating', 'model_5': 'activating', 'model_6': 'deactivated'}
[2026-08-22 11:43:16.919 GPU_Scheduler_0] Waiting for models to be activated: {'model_1': 'activating', 'model_2': 'deactivated', 'model_3': 'deactivated', 'model_4': 'activating', 'model_5': 'activating', 'model_6': 'deactivated'}
[2026-08-22 11:43:16.929 GPU_Scheduler_0] Waiting for models to be activated: {'model_1': 'activating', 'model_2': 'deactivated', 'model_3': 'deactivated', 'model_4': 'activating', 'model_5': 'activating', 'model_6': 'deactivated'}
[2026-08-22 11:43:16.940 GPU_Scheduler_0] Waiting for models to be activated: {'model_1': 'activating', 'model_2': 'deactivated', 'model_3': 'deactivated', 'model_4': 'activating', 'model_5': 'activating', 'model_6': 'deactivated'}
[2026-08-22 11:43:16.950 GPU_Scheduler_0] Waiting for models to be activated: {'model_1': 'activating', 'model_2': 'deactivated', 'model_3': 'deactivated', 'model_4': 'activating', 'model_5': 'activating', 'model_6': 'deactivated'}
[2026-08-22 11:43:16.961 GPU_Scheduler_0] Waiting for models to be activated: {'model_1': 'activating', 'model_2': 'deactivated', 'model_3': 'deactivated', 'model_4': 'activating', 'model_5': 'activating', 'model_6': 'deactivated'}
[2026-08-22 11:43:16.972 GPU_Scheduler_0] Waiting for models to be activated: {'model_1': 'activating', 'model_2': 'deactivated', 'model_3': 'deactivated', 'model_4': 'activating', 'model_5': 'activating', 'model_6': 'deactivated'}
[2026-08-22 11:43:16.982 GPU_Scheduler_0] Waiting for models to be activated: {'model_1': 'activating', 'model_2': 'deactivated', 'model_3': 'deactivated', 'model_4': 'activating', 'model_5': 'activating', 'model_6': 'deactivated'}
[2026-08-22 11:43:16.993 GPU_Scheduler_0] Waiting for models to be activated: {'model_1': 'activating', 'model_2': 'deactivated', 'model_3': 'deactivated', 'model_4': 'activating', 'model_5': 'activating', 'model_6': 'deactivated'}
[2026-08-22 11:43:17.004 GPU_Scheduler_0] Waiting for models to be activated: {'model_1': 'activating', 'model_2': 'deactivated', 'model_3': 'deactivated', 'model_4': 'activating', 'model_5': 'activating', 'model_6': 'deactivated'}
[2026-08-22 11:43:17.014 GPU_Scheduler_0] Waiting for models to be activated: {'model_1': 'activating', 'model_2': 'deactivated', 'model_3': 'deactivated', 'model_4': 'activating', 'model_5': 'activating', 'model_6': 'deactivated'}
[2026-08-22 11:43:17.025 GPU_Scheduler_0] Waiting for models to be activated: {'model_1': 'activating', 'model_2': 'deactivated', 'model_3': 'deactivated', 'model_4': 'activating', 'model_5': 'activating', 'model_6': 'deactivated'}
[2026-08-22 11:43:17.036 GPU_Scheduler_0] Waiting for models to be activated: {'model_1': 'activating', 'model_2': 'deactivated', 'model_3': 'deactivated', 'model_4': 'activating', 'model_5': 'activating', 'model_6': 'deactivated'}
[2026-08-22 11:43:17.046 GPU_Scheduler_0] Waiting for models to be activated: {'model_1': 'activating', 'model_2': 'deactivated', 'model_3': 'deactivated', 'model_4': 'activating', 'model_5': 'activating', 'model_6': 'deactivated'}
[2026-08-22 11:43:17.057 GPU_Scheduler_0] Waiting for models to be activated: {'model_1': 'activating', 'model_2': 'deactivated', 'model_3': 'deactivated', 'model_4': 'activating', 'model_5': 'activating', 'model_6': 'deactivated'}
[2026-08-22 11:43:17.067 GPU_Scheduler_0] Waiting for models to be activated: {'model_1': 'activating', 'model_2': 'deactivated', 'model_3': 'deactivated', 'model_4': 'activating', 'model_5': 'activating', 'model_6': 'deactivated'}
[2026-08-22 11:43:17.078 GPU_Scheduler_0] Waiting for models to be activated: {'model_1': 'activating', 'model_2': 'deactivated', 'model_3': 'deactivated', 'model_4': 'activating', 'model_5': 'activating', 'model_6': 'deactivated'}
[2026-08-22 11:43:17.089 GPU_Scheduler_0] Waiting for models to be activated: {'model_1': 'activating', 'model_2': 'deactivated', 'model_3': 'deactivated', 'model_4': 'activating', 'model_5': 'activating', 'model_6': 'deactivated'}
[2026-08-22 11:43:17.099 GPU_Scheduler_0] Waiting for models to be activated: {'model_1': 'activating', 'model_2': 'deactivated', 'model_3': 'deactivated', 'model_4': 'activating', 'model_5': 'activating', 'model_6': 'deactivated'}
[2026-08-22 11:43:17.110 GPU_Scheduler_0] Waiting for models to be activated: {'model_1': 'activating', 'model_2': 'deactivated', 'model_3': 'deactivated', 'model_4': 'activating', 'model_5': 'activating', 'model_6': 'deactivated'}
[2026-08-22 11:43:17.120 GPU_Scheduler_0] Waiting for models to be activated: {'model_1': 'activating', 'model_2': 'deactivated', 'model_3': 'deactivated', 'model_4': 'activating', 'model_5': 'activating', 'model_6': 'deactivated'}
[2026-08-22 11:43:17.131 GPU_Scheduler_0] Waiting for models to be activated: {'model_1': 'activating', 'model_2': 'deactivated', 'model_3': 'deactivated', 'model_4': 'activating', 'model_5': 'activating', 'model_6': 'deactivated'}
[2026-08-22 11:43:17.141 GPU_Scheduler_0] Waiting for models to be activated: {'model_1': 'activating', 'model_2': 'deactivated', 'model_3': 'deactivated', 'model_4': 'activating', 'model_5': 'activating', 'model_6': 'deactivated'}
[2026-08-22 11:43:17.152 GPU_Scheduler_0] Waiting for models to be activated: {'model_1': 'activating', 'model_2': 'deactivated', 'model_3': 'deactivated', 'model_4': 'activating', 'model_5': 'activating', 'model_6': 'deactivated'}
[2026-08-22 11:43:17.163 GPU_Scheduler_0] Waiting for models to be activated: {'model_1': 'activating', 'model_2': 'deactivated', 'model_3': 'deactivated', 'model_4': 'activating', 'model_5': 'activating', 'model_6': 'deactivated'}
[2026-08-22 11:43:17.174 GPU_Scheduler_0] Waiting for models to be activated: {'model_1': 'activating', 'model_2': 'deactivated', 'model_3': 'deactivated', 'model_4': 'activating', 'model_5': 'activating', 'model_6': 'deactivated'}
[2026-08-22 11:43:17.184 GPU_Scheduler_0] Waiting for models to be activated: {'model_1': 'activating', 'model_2': 'deactivated', 'model_3': 'deactivated', 'model_4': 'activating', 'model_5': 'activating', 'model_6': 'deactivated'}
[2026-08-22 11:43:17.195 GPU_Scheduler_0] Waiting for models to be activated: {'model_1': 'activating', 'model_2': 'deactivated', 'model_3': 'deactivated', 'model_4': 'activating', 'model_5': 'activating', 'model_6': 'deactivated'}
[2026-08-22 11:43:17.206 GPU_Scheduler_0] Waiting for models to be activated: {'model_1': 'activating', 'model_2': 'deactivated', 'model_3': 'deactivated', 'model_4': 'activating', 'model_5': 'activating', 'model_6': 'deactivated'}
[2026-08-22 11:43:17.217 GPU_Scheduler_0] Waiting for models to be activated: {'model_1': 'activating', 'model_2': 'deactivated', 'model_3': 'deactivated', 'model_4': 'activating', 'model_5': 'activating', 'model_6': 'deactivated'}
[2026-08-22 11:43:17.227 GPU_Scheduler_0] Waiting for models to be activated: {'model_1': 'activating', 'model_2': 'deactivated', 'model_3': 'deactivated', 'model_4': 'activating', 'model_5': 'activating', 'model_6': 'deactivated'}
[2026-08-22 11:43:17.238 GPU_Scheduler_0] Waiting for models to be activated: {'model_1': 'activating', 'model_2': 'deactivated', 'model_3': 'deactivated', 'model_4': 'activating', 'model_5': 'activating', 'model_6': 'deactivated'}
[2026-08-22 11:43:17.249 GPU_Scheduler_0] Waiting for models to be activated: {'model_1': 'activating', 'model_2': 'deactivated', 'model_3': 'deactivated', 'model_4': 'activating', 'model_5': 'activating', 'model_6': 'deactivated'}
[2026-08-22 11:43:17.259 GPU_Scheduler_0] Waiting for models to be activated: {'model_1': 'activating', 'model_2': 'deactivated', 'model_3': 'deactivated', 'model_4': 'activating', 'model_5': 'activating', 'model_6': 'deactivated'}
[2026-08-22 11:43:17.269 GPU_Scheduler_0] Waiting for models to be activated: {'model_1': 'activating', 'model_2': 'deactivated', 'model_3': 'deactivated', 'model_4': 'activating', 'model_5': 'activating', 'model_6': 'deactivated'}
[2026-08-22 11:43:17.279 GPU_Scheduler_0] Waiting for models to be activated: {'model_1': 'activating', 'model_2': 'deactivated', 'model_3': 'deactivated', 'model_4': 'activating', 'model_5': 'activating', 'model_6': 'deactivated'}
[2026-08-22 11:43:17.290 GPU_Scheduler_0] Waiting for models to be activated: {'model_1': 'activating', 'model_2': 'deactivated', 'model_3': 'deactivated', 'model_4': 'activating', 'model_5': 'activating', 'model_6': 'deactivated'}
[2026-08-22 11:43:17.300 GPU_Scheduler_0] Waiting for models to be activated: {'model_1': 'activating', 'model_2': 'deactivated', 'model_3': 'deactivated', 'model_4': 'activating', 'model_5': 'activating', 'model_6': 'deactivated'}
[2026-08-22 11:43:17.310 GPU_Scheduler_0] Waiting for models to be activated: {'model_1': 'activating', 'model_2': 'deactivated', 'model_3': 'deactivated', 'model_4': 'activating', 'model_5': 'activating', 'model_6': 'deactivated'}
[2026-08-22 11:43:17.321 GPU_Scheduler_0] Waiting for models to be activated: {'model_1': 'activating', 'model_2': 'deactivated', 'model_3': 'deactivated', 'model_4': 'activating', 'model_5': 'activating', 'model_6': 'deactivated'}
[2026-08-22 11:43:17.331 GPU_Scheduler_0] Waiting for models to be activated: {'model_1': 'activating', 'model_2': 'deactivated', 'model_3': 'deactivated', 'model_4': 'activating', 'model_5': 'activating', 'model_6': 'deactivated'}
[2026-08-22 11:43:17.341 GPU_Scheduler_0] Waiting for models to be activated: {'model_1': 'activating', 'model_2': 'deactivated', 'model_3': 'deactivated', 'model_4': 'activating', 'model_5': 'activating', 'model_6': 'deactivated'}
[2026-08-22 11:43:17.352 GPU_Scheduler_0] Waiting for models to be activated: {'model_1': 'activating', 'model_2': 'deactivated', 'model_3': 'deactivated', 'model_4': 'activating', 'model_5': 'activating', 'model_6': 'deactivated'}
[2026-08-22 11:43:17.363 GPU_Scheduler_0] Waiting for models to be activated: {'model_1': 'activating', 'model_2': 'deactivated', 'model_3': 'deactivated', 'model_4': 'activating', 'model_5': 'activating', 'model_6': 'deactivated'}
[2026-08-22 11:43:17.374 GPU_Scheduler_0] Waiting for models to be activated: {'model_1': 'activating', 'model_2': 'deactivated', 'model_3': 'deactivated', 'model_4': 'activating', 'model_5': 'activating', 'model_6': 'deactivated'}
[2026-08-22 11:43:17.384 GPU_Scheduler_0] Waiting for models to be activated: {'model_1': 'activating', 'model_2': 'deactivated', 'model_3': 'deactivated', 'model_4': 'activating', 'model_5': 'activating', 'model_6': 'deactivated'}
[2026-08-22 11:43:17.395 GPU_Scheduler_0] Waiting for models to be activated: {'model_1': 'activating', 'model_2': 'deactivated', 'model_3': 'deactivated', 'model_4': 'activating', 'model_5': 'activating', 'model_6': 'deactivated'}
[2026-08-22 11:43:17.405 GPU_Scheduler_0] Waiting for models to be activated: {'model_1': 'activating', 'model_2': 'deactivated', 'model_3': 'deactivated', 'model_4': 'activating', 'model_5': 'activating', 'model_6': 'deactivated'}
[2026-08-22 11:43:17.416 GPU_Scheduler_0] Waiting for models to be activated: {'model_1': 'activating', 'model_2': 'deactivated', 'model_3': 'deactivated', 'model_4': 'activating', 'model_5': 'activating', 'model_6': 'deactivated'}
[2026-08-22 11:43:17.427 GPU_Scheduler_0] Waiting for models to be activated: {'model_1': 'activating', 'model_2': 'deactivated', 'model_3': 'deactivated', 'model_4': 'activating', 'model_5': 'activating', 'model_6': 'deactivated'}
[2026-08-22 11:43:17.437 GPU_Scheduler_0] Waiting for models to be activated: {'model_1': 'activating', 'model_2': 'deactivated', 'model_3': 'deactivated', 'model_4': 'activating', 'model_5': 'activating', 'model_6': 'deactivated'}
[2026-08-22 11:43:17.448 GPU_Scheduler_0] Waiting for models to be activated: {'model_1': 'activating', 'model_2': 'deactivated', 'model_3': 'deactivated', 'model_4': 'activating', 'model_5': 'activating', 'model_6': 'deactivated'}
[2026-08-22 11:43:17.458 GPU_Scheduler_0] Waiting for models to be activated: {'model_1': 'activating', 'model_2': 'deactivated', 'model_3': 'deactivated', 'model_4': 'activating', 'model_5': 'activating', 'model_6': 'deactivated'}
[2026-08-22 11:43:17.469 GPU_Scheduler_0] Waiting for models to be activated: {'model_1': 'activating', 'model_2': 'deactivated', 'model_3': 'deactivated', 'model_4': 'activating', 'model_5': 'activating', 'model_6': 'deactivated'}
[2026-08-22 11:43:17.479 GPU_Scheduler_0] Waiting for models to be activated: {'model_1': 'activating', 'model_2': 'deactivated', 'model_3': 'deactivated', 'model_4': 'activating', 'model_5': 'activating', 'model_6': 'deactivated'}
[2026-08-22 11:43:17.489 GPU_Scheduler_0] Waiting for models to be activated: {'model_1': 'activating', 'model_2': 'deactivated', 'model_3': 'deactivated', 'model_4': 'activating', 'model_5': 'activating', 'model_6': 'deactivated'}
[2026-08-22 11:43:17.500 GPU_Scheduler_0] Waiting for models to be activated: {'model_1': 'activating', 'model_2': 'deactivated', 'model_3': 'deactivated', 'model_4': 'activating', 'model_5': 'activating', 'model_6': 'deactivated'}
[2026-08-22 11:43:17.510 GPU_Scheduler_0] Waiting for models to be activated: {'model_1': 'activating', 'model_2': 'deactivated', 'model_3': 'deactivated', 'model_4': 'activating', 'model_5': 'activating', 'model_6': 'deactivated'}
[2026-08-22 11:43:17.521 GPU_Scheduler_0] Waiting for models to be activated: {'model_1': 'activating', 'model_2': 'deactivated', 'model_3': 'deactivated', 'model_4': 'activating', 'model_5': 'activating', 'model_6': 'deactivated'}
[2026-08-22 11:43:17.531 GPU_Scheduler_0] Waiting for models to be activated: {'model_1': 'activating', 'model_2': 'deactivated', 'model_3': 'deactivated', 'model_4': 'activating', 'model_5': 'activating', 'model_6': 'deactivated'}
[2026-08-22 11:43:17.542 GPU_Scheduler_0] Waiting for models to be activated: {'model_1': 'activating', 'model_2': 'deactivated', 'model_3': 'deactivated', 'model_4': 'activating', 'model_5': 'activating', 'model_6': 'deactivated'}
[2026-08-22 11:43:17.552 GPU_Scheduler_0] Waiting for models to be activated: {'model_1': 'activating', 'model_2': 'deactivated', 'model_3': 'deactivated', 'model_4': 'activating', 'model_5': 'activating', 'model_6': 'deactivated'}
[2026-08-22 11:43:17.563 GPU_Scheduler_0] Waiting for models to be activated: {'model_1': 'activating', 'model_2': 'deactivated', 'model_3': 'deactivated', 'model_4': 'activating', 'model_5': 'activating', 'model_6': 'deactivated'}
[2026-08-22 11:43:17.573 GPU_Scheduler_0] Waiting for models to be activated: {'model_1': 'activating', 'model_2': 'deactivated', 'model_3': 'deactivated', 'model_4': 'activating', 'model_5': 'activating', 'model_6': 'deactivated'}
[2026-08-22 11:43:17.584 GPU_Scheduler_0] Waiting for models to be activated: {'model_1': 'activating', 'model_2': 'deactivated', 'model_3': 'deactivated', 'model_4': 'activating', 'model_5': 'activating', 'model_6': 'deactivated'}
[2026-08-22 11:43:17.595 GPU_Scheduler_0] Waiting for models to be activated: {'model_1': 'activating', 'model_2': 'deactivated', 'model_3': 'deactivated', 'model_4': 'activating', 'model_5': 'activating', 'model_6': 'deactivated'}
[2026-08-22 11:43:17.605 GPU_Scheduler_0] Waiting for models to be activated: {'model_1': 'activating', 'model_2': 'deactivated', 'model_3': 'deactivated', 'model_4': 'activating', 'model_5': 'activating', 'model_6': 'deactivated'}
[2026-08-22 11:43:17.616 GPU_Scheduler_0] Waiting for models to be activated: {'model_1': 'activating', 'model_2': 'deactivated', 'model_3': 'deactivated', 'model_4': 'activating', 'model_5': 'activating', 'model_6': 'deactivated'}
[2026-08-22 11:43:17.626 GPU_Scheduler_0] Waiting for models to be activated: {'model_1': 'activating', 'model_2': 'deactivated', 'model_3': 'deactivated', 'model_4': 'activating', 'model_5': 'activating', 'model_6': 'deactivated'}
[2026-08-22 11:43:17.637 GPU_Scheduler_0] Waiting for models to be activated: {'model_1': 'activating', 'model_2': 'deactivated', 'model_3': 'deactivated', 'model_4': 'activating', 'model_5': 'activating', 'model_6': 'deactivated'}
[2026-08-22 11:43:17.647 GPU_Scheduler_0] Waiting for models to be activated: {'model_1': 'activating', 'model_2': 'deactivated', 'model_3': 'deactivated', 'model_4': 'activating', 'model_5': 'activating', 'model_6': 'deactivated'}
[2026-08-22 11:43:17.658 GPU_Scheduler_0] Waiting for models to be activated: {'model_1': 'activating', 'model_2': 'deactivated', 'model_3': 'deactivated', 'model_4': 'activating', 'model_5': 'activating', 'model_6': 'deactivated'}
[2026-08-22 11:43:17.669 GPU_Scheduler_0] Waiting for models to be activated: {'model_1': 'activating', 'model_2': 'deactivated', 'model_3': 'deactivated', 'model_4': 'activating', 'model_5': 'activating', 'model_6': 'deactivated'}
[2026-08-22 11:43:17.679 GPU_Scheduler_0] Waiting for models to be activated: {'model_1': 'activating', 'model_2': 'deactivated', 'model_3': 'deactivated', 'model_4': 'activating', 'model_5': 'activating', 'model_6': 'deactivated'}
[2026-08-22 11:43:17.690 GPU_Scheduler_0] Waiting for models to be activated: {'model_1': 'activating', 'model_2': 'deactivated', 'model_3': 'deactivated', 'model_4': 'activating', 'model_5': 'activating', 'model_6': 'deactivated'}
[2026-08-22 11:43:17.700 GPU_Scheduler_0] Waiting for models to be activated: {'model_1': 'activating', 'model_2': 'deactivated', 'model_3': 'deactivated', 'model_4': 'activating', 'model_5': 'activating', 'model_6': 'deactivated'}
[2026-08-22 11:43:17.711 GPU_Scheduler_0] Waiting for models to be activated: {'model_1': 'activating', 'model_2': 'deactivated', 'model_3': 'deactivated', 'model_4': 'activating', 'model_5': 'activating', 'model_6': 'deactivated'}
[2026-08-22 11:43:17.721 GPU_Scheduler_0] Waiting for models to be activated: {'model_1': 'activating', 'model_2': 'deactivated', 'model_3': 'deactivated', 'model_4': 'activating', 'model_5': 'activating', 'model_6': 'deactivated'}
[2026-08-22 11:43:17.732 GPU_Scheduler_0] Waiting for models to be activated: {'model_1': 'activating', 'model_2': 'deactivated', 'model_3': 'deactivated', 'model_4': 'activating', 'model_5': 'activating', 'model_6': 'deactivated'}
[2026-08-22 11:43:17.742 GPU_Scheduler_0] Waiting for models to be activated: {'model_1': 'activating', 'model_2': 'deactivated', 'model_3': 'deactivated', 'model_4': 'activating', 'model_5': 'activating', 'model_6': 'deactivated'}
[2026-08-22 11:43:17.753 GPU_Scheduler_0] Waiting for models to be activated: {'model_1': 'activating', 'model_2': 'deactivated', 'model_3': 'deactivated', 'model_4': 'activating', 'model_5': 'activating', 'model_6': 'deactivated'}
[2026-08-22 11:43:17.763 GPU_Scheduler_0] Waiting for models to be activated: {'model_1': 'activating', 'model_2': 'deactivated', 'model_3': 'deactivated', 'model_4': 'activating', 'model_5': 'activating', 'model_6': 'deactivated'}
[2026-08-22 11:43:17.773 GPU_Scheduler_0] Waiting for models to be activated: {'model_1': 'activating', 'model_2': 'deactivated', 'model_3': 'deactivated', 'model_4': 'activating', 'model_5': 'activating', 'model_6': 'deactivated'}
[2026-08-22 11:43:17.784 GPU_Scheduler_0] Waiting for models to be activated: {'model_1': 'activating', 'model_2': 'deactivated', 'model_3': 'deactivated', 'model_4': 'activating', 'model_5': 'activating', 'model_6': 'deactivated'}
[2026-08-22 11:43:17.794 GPU_Scheduler_0] Waiting for models to be activated: {'model_1': 'activating', 'model_2': 'deactivated', 'model_3': 'deactivated', 'model_4': 'activating', 'model_5': 'activating', 'model_6': 'deactivated'}
[2026-08-22 11:43:17.805 GPU_Scheduler_0] Waiting for models to be activated: {'model_1': 'activating', 'model_2': 'deactivated', 'model_3': 'deactivated', 'model_4': 'activating', 'model_5': 'activating', 'model_6': 'deactivated'}
[2026-08-22 11:43:17.815 GPU_Scheduler_0] Waiting for models to be activated: {'model_1': 'activating', 'model_2': 'deactivated', 'model_3': 'deactivated', 'model_4': 'activating', 'model_5': 'activating', 'model_6': 'deactivated'}
[2026-08-22 11:43:17.826 GPU_Scheduler_0] Waiting for models to be activated: {'model_1': 'activating', 'model_2': 'deactivated', 'model_3': 'deactivated', 'model_4': 'activating', 'model_5': 'activating', 'model_6': 'deactivated'}
[2026-08-22 11:43:17.837 GPU_Scheduler_0] Waiting for models to be activated: {'model_1': 'activating', 'model_2': 'deactivated', 'model_3': 'deactivated', 'model_4': 'activating', 'model_5': 'activating', 'model_6': 'deactivated'}
[2026-08-22 11:43:17.848 GPU_Scheduler_0] Waiting for models to be activated: {'model_1': 'activating', 'model_2': 'deactivated', 'model_3': 'deactivated', 'model_4': 'activating', 'model_5': 'activating', 'model_6': 'deactivated'}
[2026-08-22 11:43:17.858 GPU_Scheduler_0] Waiting for models to be activated: {'model_1': 'activating', 'model_2': 'deactivated', 'model_3': 'deactivated', 'model_4': 'activating', 'model_5': 'activating', 'model_6': 'deactivated'}
[2026-08-22 11:43:17.869 GPU_Scheduler_0] Waiting for models to be activated: {'model_1': 'activating', 'model_2': 'deactivated', 'model_3': 'deactivated', 'model_4': 'activating', 'model_5': 'activating', 'model_6': 'deactivated'}
[2026-08-22 11:43:17.880 GPU_Scheduler_0] Waiting for models to be activated: {'model_1': 'activating', 'model_2': 'deactivated', 'model_3': 'deactivated', 'model_4': 'activating', 'model_5': 'activating', 'model_6': 'deactivated'}
[2026-08-22 11:43:17.891 GPU_Scheduler_0] Waiting for models to be activated: {'model_1': 'activating', 'model_2': 'deactivated', 'model_3': 'deactivated', 'model_4': 'activating', 'model_5': 'activating', 'model_6': 'deactivated'}
[2026-08-22 11:43:17.901 GPU_Scheduler_0] Waiting for models to be activated: {'model_1': 'activating', 'model_2': 'deactivated', 'model_3': 'deactivated', 'model_4': 'activating', 'model_5': 'activating', 'model_6': 'deactivated'}
[2026-08-22 11:43:17.912 GPU_Scheduler_0] Waiting for models to be activated: {'model_1': 'activating', 'model_2': 'deactivated', 'model_3': 'deactivated', 'model_4': 'activating', 'model_5': 'activating', 'model_6': 'deactivated'}
[2026-08-22 11:43:17.922 GPU_Scheduler_0] Waiting for models to be activated: {'model_1': 'activating', 'model_2': 'deactivated', 'model_3': 'deactivated', 'model_4': 'activating', 'model_5': 'activating', 'model_6': 'deactivated'}
[2026-08-22 11:43:17.933 GPU_Scheduler_0] Waiting for models to be activated: {'model_1': 'activating', 'model_2': 'deactivated', 'model_3': 'deactivated', 'model_4': 'activating', 'model_5': 'activating', 'model_6': 'deactivated'}
[2026-08-22 11:43:17.943 GPU_Scheduler_0] Waiting for models to be activated: {'model_1': 'activating', 'model_2': 'deactivated', 'model_3': 'deactivated', 'model_4': 'activating', 'model_5': 'activating', 'model_6': 'deactivated'}
[2026-08-22 11:43:17.954 GPU_Scheduler_0] Waiting for models to be activated: {'model_1': 'activating', 'model_2': 'deactivated', 'model_3': 'deactivated', 'model_4': 'activating', 'model_5': 'activating', 'model_6': 'deactivated'}
[2026-08-22 11:43:17.965 GPU_Scheduler_0] Waiting for models to be activated: {'model_1': 'activating', 'model_2': 'deactivated', 'model_3': 'deactivated', 'model_4': 'activating', 'model_5': 'activating', 'model_6': 'deactivated'}
[2026-08-22 11:43:17.975 GPU_Scheduler_0] Waiting for models to be activated: {'model_1': 'activating', 'model_2': 'deactivated', 'model_3': 'deactivated', 'model_4': 'activating', 'model_5': 'activating', 'model_6': 'deactivated'}
[2026-08-22 11:43:17.986 GPU_Scheduler_0] Waiting for models to be activated: {'model_1': 'activating', 'model_2': 'deactivated', 'model_3': 'deactivated', 'model_4': 'activating', 'model_5': 'activating', 'model_6': 'deactivated'}
[2026-08-22 11:43:17.997 GPU_Scheduler_0] Waiting for models to be activated: {'model_1': 'activating', 'model_2': 'deactivated', 'model_3': 'deactivated', 'model_4': 'activating', 'model_5': 'activating', 'model_6': 'deactivated'}
[2026-08-22 11:43:18.008 GPU_Scheduler_0] Waiting for models to be activated: {'model_1': 'activating', 'model_2': 'deactivated', 'model_3': 'deactivated', 'model_4': 'activating', 'model_5': 'activating', 'model_6': 'deactivated'}
[2026-08-22 11:43:18.018 GPU_Scheduler_0] Waiting for models to be activated: {'model_1': 'activating', 'model_2': 'deactivated', 'model_3': 'deactivated', 'model_4': 'activating', 'model_5': 'activating', 'model_6': 'deactivated'}
[2026-08-22 11:43:18.029 GPU_Scheduler_0] Waiting for models to be activated: {'model_1': 'activating', 'model_2': 'deactivated', 'model_3': 'deactivated', 'model_4': 'activating', 'model_5': 'activating', 'model_6': 'deactivated'}
[2026-08-22 11:43:18.039 GPU_Scheduler_0] Waiting for models to be activated: {'model_1': 'activating', 'model_2': 'deactivated', 'model_3': 'deactivated', 'model_4': 'activating', 'model_5': 'activating', 'model_6': 'deactivated'}
[2026-08-22 11:43:18.050 GPU_Scheduler_0] Waiting for models to be activated: {'model_1': 'activating', 'model_2': 'deactivated', 'model_3': 'deactivated', 'model_4': 'activating', 'model_5': 'activating', 'model_6': 'deactivated'}
[2026-08-22 11:43:18.060 GPU_Scheduler_0] Waiting for models to be activated: {'model_1': 'activating', 'model_2': 'deactivated', 'model_3': 'deactivated', 'model_4': 'activating', 'model_5': 'activating', 'model_6': 'deactivated'}
[2026-08-22 11:43:18.071 GPU_Scheduler_0] Waiting for models to be activated: {'model_1': 'activating', 'model_2': 'deactivated', 'model_3': 'deactivated', 'model_4': 'activating', 'model_5': 'activating', 'model_6': 'deactivated'}
[2026-08-22 11:43:18.082 GPU_Scheduler_0] Waiting for models to be activated: {'model_1': 'activating', 'model_2': 'deactivated', 'model_3': 'deactivated', 'model_4': 'activating', 'model_5': 'activating', 'model_6': 'deactivated'}
[2026-08-22 11:43:18.093 GPU_Scheduler_0] Waiting for models to be activated: {'model_1': 'activating', 'model_2': 'deactivated', 'model_3': 'deactivated', 'model_4': 'activating', 'model_5': 'activating', 'model_6': 'deactivated'}
[2026-08-22 11:43:18.103 GPU_Scheduler_0] Waiting for models to be activated: {'model_1': 'activating', 'model_2': 'deactivated', 'model_3': 'deactivated', 'model_4': 'activating', 'model_5': 'activating', 'model_6': 'deactivated'}
[2026-08-22 11:43:18.114 GPU_Scheduler_0] Waiting for models to be activated: {'model_1': 'activating', 'model_2': 'deactivated', 'model_3': 'deactivated', 'model_4': 'activating', 'model_5': 'activating', 'model_6': 'deactivated'}
[2026-08-22 11:43:18.124 GPU_Scheduler_0] Waiting for models to be activated: {'model_1': 'activating', 'model_2': 'deactivated', 'model_3': 'deactivated', 'model_4': 'activating', 'model_5': 'activating', 'model_6': 'deactivated'}
[2026-08-22 11:43:18.135 GPU_Scheduler_0] Waiting for models to be activated: {'model_1': 'activating', 'model_2': 'deactivated', 'model_3': 'deactivated', 'model_4': 'activating', 'model_5': 'activating', 'model_6': 'deactivated'}
[2026-08-22 11:43:18.145 GPU_Scheduler_0] Waiting for models to be activated: {'model_1': 'activating', 'model_2': 'deactivated', 'model_3': 'deactivated', 'model_4': 'activating', 'model_5': 'activating', 'model_6': 'deactivated'}
[2026-08-22 11:43:18.156 GPU_Scheduler_0] Waiting for models to be activated: {'model_1': 'activating', 'model_2': 'deactivated', 'model_3': 'deactivated', 'model_4': 'activating', 'model_5': 'activating', 'model_6': 'deactivated'}
[2026-08-22 11:43:18.167 GPU_Scheduler_0] Waiting for models to be activated: {'model_1': 'activating', 'model_2': 'deactivated', 'model_3': 'deactivated', 'model_4': 'activating', 'model_5': 'activating', 'model_6': 'deactivated'}
[2026-08-22 11:43:18.177 GPU_Scheduler_0] Waiting for models to be activated: {'model_1': 'activating', 'model_2': 'deactivated', 'model_3': 'deactivated', 'model_4': 'activating', 'model_5': 'activating', 'model_6': 'deactivated'}
[2026-08-22 11:43:18.188 GPU_Scheduler_0] Waiting for models to be activated: {'model_1': 'activating', 'model_2': 'deactivated', 'model_3': 'deactivated', 'model_4': 'activating', 'model_5': 'activating', 'model_6': 'deactivated'}
[2026-08-22 11:43:18.198 GPU_Scheduler_0] Waiting for models to be activated: {'model_1': 'activating', 'model_2': 'deactivated', 'model_3': 'deactivated', 'model_4': 'activating', 'model_5': 'activating', 'model_6': 'deactivated'}
[2026-08-22 11:43:18.209 GPU_Scheduler_0] Waiting for models to be activated: {'model_1': 'activating', 'model_2': 'deactivated', 'model_3': 'deactivated', 'model_4': 'activating', 'model_5': 'activating', 'model_6': 'deactivated'}
[2026-08-22 11:43:18.219 GPU_Scheduler_0] Waiting for models to be activated: {'model_1': 'activating', 'model_2': 'deactivated', 'model_3': 'deactivated', 'model_4': 'activating', 'model_5': 'activating', 'model_6': 'deactivated'}
[2026-08-22 11:43:18.230 GPU_Scheduler_0] Waiting for models to be activated: {'model_1': 'activating', 'model_2': 'deactivated', 'model_3': 'deactivated', 'model_4': 'activating', 'model_5': 'activating', 'model_6': 'deactivated'}
[2026-08-22 11:43:18.241 GPU_Scheduler_0] Waiting for models to be activated: {'model_1': 'activating', 'model_2': 'deactivated', 'model_3': 'deactivated', 'model_4': 'activating', 'model_5': 'activating', 'model_6': 'deactivated'}
[2026-08-22 11:43:18.252 GPU_Scheduler_0] Waiting for models to be activated: {'model_1': 'activating', 'model_2': 'deactivated', 'model_3': 'deactivated', 'model_4': 'activating', 'model_5': 'activating', 'model_6': 'deactivated'}
[2026-08-22 11:43:18.263 GPU_Scheduler_0] Waiting for models to be activated: {'model_1': 'activating', 'model_2': 'deactivated', 'model_3': 'deactivated', 'model_4': 'activating', 'model_5': 'activating', 'model_6': 'deactivated'}
[2026-08-22 11:43:18.274 GPU_Scheduler_0] Waiting for models to be activated: {'model_1': 'activating', 'model_2': 'deactivated', 'model_3': 'deactivated', 'model_4': 'activating', 'model_5': 'activating', 'model_6': 'deactivated'}
[2026-08-22 11:43:18.284 GPU_Scheduler_0] Waiting for models to be activated: {'model_1': 'activating', 'model_2': 'deactivated', 'model_3': 'deactivated', 'model_4': 'activating', 'model_5': 'activating', 'model_6': 'deactivated'}
[2026-08-22 11:43:18.295 GPU_Scheduler_0] Waiting for models to be activated: {'model_1': 'activating', 'model_2': 'deactivated', 'model_3': 'deactivated', 'model_4': 'activating', 'model_5': 'activating', 'model_6': 'deactivated'}
[2026-08-22 11:43:18.306 GPU_Scheduler_0] Waiting for models to be activated: {'model_1': 'activating', 'model_2': 'deactivated', 'model_3': 'deactivated', 'model_4': 'activating', 'model_5': 'activating', 'model_6': 'deactivated'}
[2026-08-22 11:43:18.316 GPU_Scheduler_0] Waiting for models to be activated: {'model_1': 'activating', 'model_2': 'deactivated', 'model_3': 'deactivated', 'model_4': 'activating', 'model_5': 'activating', 'model_6': 'deactivated'}
[2026-08-22 11:43:18.327 GPU_Scheduler_0] Waiting for models to be activated: {'model_1': 'activating', 'model_2': 'deactivated', 'model_3': 'deactivated', 'model_4': 'activating', 'model_5': 'activating', 'model_6': 'deactivated'}
[2026-08-22 11:43:18.338 GPU_Scheduler_0] Waiting for models to be activated: {'model_1': 'activating', 'model_2': 'deactivated', 'model_3': 'deactivated', 'model_4': 'activating', 'model_5': 'activating', 'model_6': 'deactivated'}
[2026-08-22 11:43:18.348 GPU_Scheduler_0] Waiting for models to be activated: {'model_1': 'activating', 'model_2': 'deactivated', 'model_3': 'deactivated', 'model_4': 'activating', 'model_5': 'activating', 'model_6': 'deactivated'}
[2026-08-22 11:43:18.359 GPU_Scheduler_0] Waiting for models to be activated: {'model_1': 'activating', 'model_2': 'deactivated', 'model_3': 'deactivated', 'model_4': 'activating', 'model_5': 'activating', 'model_6': 'deactivated'}
[2026-08-22 11:43:18.369 GPU_Scheduler_0] Waiting for models to be activated: {'model_1': 'activating', 'model_2': 'deactivated', 'model_3': 'deactivated', 'model_4': 'activating', 'model_5': 'activating', 'model_6': 'deactivated'}
[2026-08-22 11:43:18.380 GPU_Scheduler_0] Waiting for models to be activated: {'model_1': 'activating', 'model_2': 'deactivated', 'model_3': 'deactivated', 'model_4': 'activating', 'model_5': 'activating', 'model_6': 'deactivated'}
[2026-08-22 11:43:18.390 GPU_Scheduler_0] Waiting for models to be activated: {'model_1': 'activating', 'model_2': 'deactivated', 'model_3': 'deactivated', 'model_4': 'activating', 'model_5': 'activating', 'model_6': 'deactivated'}
[2026-08-22 11:43:18.400 GPU_Scheduler_0] Waiting for models to be activated: {'model_1': 'activating', 'model_2': 'deactivated', 'model_3': 'deactivated', 'model_4': 'activating', 'model_5': 'activating', 'model_6': 'deactivated'}
[2026-08-22 11:43:18.411 GPU_Scheduler_0] Waiting for models to be activated: {'model_1': 'activating', 'model_2': 'deactivated', 'model_3': 'deactivated', 'model_4': 'activating', 'model_5': 'activating', 'model_6': 'deactivated'}
[2026-08-22 11:43:18.421 GPU_Scheduler_0] Waiting for models to be activated: {'model_1': 'activating', 'model_2': 'deactivated', 'model_3': 'deactivated', 'model_4': 'activating', 'model_5': 'activating', 'model_6': 'deactivated'}
[2026-08-22 11:43:18.431 GPU_Scheduler_0] Waiting for models to be activated: {'model_1': 'activating', 'model_2': 'deactivated', 'model_3': 'deactivated', 'model_4': 'activating', 'model_5': 'activating', 'model_6': 'deactivated'}
[2026-08-22 11:43:18.442 GPU_Scheduler_0] Waiting for models to be activated: {'model_1': 'activating', 'model_2': 'deactivated', 'model_3': 'deactivated', 'model_4': 'activating', 'model_5': 'activating', 'model_6': 'deactivated'}
[2026-08-22 11:43:18.453 GPU_Scheduler_0] Waiting for models to be activated: {'model_1': 'activating', 'model_2': 'deactivated', 'model_3': 'deactivated', 'model_4': 'activating', 'model_5': 'activating', 'model_6': 'deactivated'}
[2026-08-22 11:43:18.463 GPU_Scheduler_0] Waiting for models to be activated: {'model_1': 'activating', 'model_2': 'deactivated', 'model_3': 'deactivated', 'model_4': 'activating', 'model_5': 'activating', 'model_6': 'deactivated'}
[2026-08-22 11:43:18.473 GPU_Scheduler_0] Waiting for models to be activated: {'model_1': 'activating', 'model_2': 'deactivated', 'model_3': 'deactivated', 'model_4': 'activating', 'model_5': 'activating', 'model_6': 'deactivated'}
[2026-08-22 11:43:18.484 GPU_Scheduler_0] Waiting for models to be activated: {'model_1': 'activating', 'model_2': 'deactivated', 'model_3': 'deactivated', 'model_4': 'activating', 'model_5': 'activating', 'model_6': 'deactivated'}
[2026-08-22 11:43:18.494 GPU_Scheduler_0] Waiting for models to be activated: {'model_1': 'activating', 'model_2': 'deactivated', 'model_3': 'deactivated', 'model_4': 'activating', 'model_5': 'activating', 'model_6': 'deactivated'}
[2026-08-22 11:43:18.505 GPU_Scheduler_0] Waiting for models to be activated: {'model_1': 'activating', 'model_2': 'deactivated', 'model_3': 'deactivated', 'model_4': 'activating', 'model_5': 'activating', 'model_6': 'deactivated'}
[2026-08-22 11:43:18.515 GPU_Scheduler_0] Waiting for models to be activated: {'model_1': 'activating', 'model_2': 'deactivated', 'model_3': 'deactivated', 'model_4': 'activating', 'model_5': 'activating', 'model_6': 'deactivated'}
[2026-08-22 11:43:18.526 GPU_Scheduler_0] Waiting for models to be activated: {'model_1': 'activating', 'model_2': 'deactivated', 'model_3': 'deactivated', 'model_4': 'activating', 'model_5': 'activating', 'model_6': 'deactivated'}
[2026-08-22 11:43:18.536 GPU_Scheduler_0] Waiting for models to be activated: {'model_1': 'activating', 'model_2': 'deactivated', 'model_3': 'deactivated', 'model_4': 'activating', 'model_5': 'activating', 'model_6': 'deactivated'}
[2026-08-22 11:43:18.546 GPU_Scheduler_0] Waiting for models to be activated: {'model_1': 'activating', 'model_2': 'deactivated', 'model_3': 'deactivated', 'model_4': 'activating', 'model_5': 'activating', 'model_6': 'deactivated'}
[2026-08-22 11:43:18.557 GPU_Scheduler_0] Waiting for models to be activated: {'model_1': 'activating', 'model_2': 'deactivated', 'model_3': 'deactivated', 'model_4': 'activating', 'model_5': 'activating', 'model_6': 'deactivated'}
[2026-08-22 11:43:18.567 GPU_Scheduler_0] Waiting for models to be activated: {'model_1': 'activating', 'model_2': 'deactivated', 'model_3': 'deactivated', 'model_4': 'activating', 'model_5': 'activating', 'model_6': 'deactivated'}
[2026-08-22 11:43:18.577 GPU_Scheduler_0] Waiting for models to be activated: {'model_1': 'activating', 'model_2': 'deactivated', 'model_3': 'deactivated', 'model_4': 'activating', 'model_5': 'activating', 'model_6': 'deactivated'}
[2026-08-22 11:43:18.588 GPU_Scheduler_0] Waiting for models to be activated: {'model_1': 'activating', 'model_2': 'deactivated', 'model_3': 'deactivated', 'model_4': 'activating', 'model_5': 'activating', 'model_6': 'deactivated'}
[2026-08-22 11:43:18.598 GPU_Scheduler_0] Waiting for models to be activated: {'model_1': 'activating', 'model_2': 'deactivated', 'model_3': 'deactivated', 'model_4': 'activating', 'model_5': 'activating', 'model_6': 'deactivated'}
[2026-08-22 11:43:18.608 GPU_Scheduler_0] Waiting for models to be activated: {'model_1': 'activating', 'model_2': 'deactivated', 'model_3': 'deactivated', 'model_4': 'activating', 'model_5': 'activating', 'model_6': 'deactivated'}
[2026-08-22 11:43:18.619 GPU_Scheduler_0] Waiting for models to be activated: {'model_1': 'activating', 'model_2': 'deactivated', 'model_3': 'deactivated', 'model_4': 'activating', 'model_5': 'activating', 'model_6': 'deactivated'}
[2026-08-22 11:43:18.629 GPU_Scheduler_0] Waiting for models to be activated: {'model_1': 'activating', 'model_2': 'deactivated', 'model_3': 'deactivated', 'model_4': 'activating', 'model_5': 'activating', 'model_6': 'deactivated'}
[2026-08-22 11:43:18.639 GPU_Scheduler_0] Waiting for models to be activated: {'model_1': 'activating', 'model_2': 'deactivated', 'model_3': 'deactivated', 'model_4': 'activating', 'model_5': 'activating', 'model_6': 'deactivated'}
[2026-08-22 11:43:18.649 GPU_Scheduler_0] Waiting for models to be activated: {'model_1': 'activating', 'model_2': 'deactivated', 'model_3': 'deactivated', 'model_4': 'activating', 'model_5': 'activating', 'model_6': 'deactivated'}
[2026-08-22 11:43:18.660 GPU_Scheduler_0] Waiting for models to be activated: {'model_1': 'activating', 'model_2': 'deactivated', 'model_3': 'deactivated', 'model_4': 'activating', 'model_5': 'activating', 'model_6': 'deactivated'}
[2026-08-22 11:43:18.670 GPU_Scheduler_0] Waiting for models to be activated: {'model_1': 'activating', 'model_2': 'deactivated', 'model_3': 'deactivated', 'model_4': 'activating', 'model_5': 'activating', 'model_6': 'deactivated'}
[2026-08-22 11:43:18.681 GPU_Scheduler_0] Waiting for models to be activated: {'model_1': 'activating', 'model_2': 'deactivated', 'model_3': 'deactivated', 'model_4': 'activating', 'model_5': 'activating', 'model_6': 'deactivated'}
[2026-08-22 11:43:18.691 GPU_Scheduler_0] Waiting for models to be activated: {'model_1': 'activating', 'model_2': 'deactivated', 'model_3': 'deactivated', 'model_4': 'activating', 'model_5': 'activating', 'model_6': 'deactivated'}
[2026-08-22 11:43:18.702 GPU_Scheduler_0] Waiting for models to be activated: {'model_1': 'activating', 'model_2': 'deactivated', 'model_3': 'deactivated', 'model_4': 'activating', 'model_5': 'activating', 'model_6': 'deactivated'}
[2026-08-22 11:43:18.713 GPU_Scheduler_0] Waiting for models to be activated: {'model_1': 'activating', 'model_2': 'deactivated', 'model_3': 'deactivated', 'model_4': 'activating', 'model_5': 'activating', 'model_6': 'deactivated'}
[2026-08-22 11:43:18.724 GPU_Scheduler_0] Waiting for models to be activated: {'model_1': 'activating', 'model_2': 'deactivated', 'model_3': 'deactivated', 'model_4': 'activating', 'model_5': 'activating', 'model_6': 'deactivated'}
[2026-08-22 11:43:18.734 GPU_Scheduler_0] Waiting for models to be activated: {'model_1': 'activating', 'model_2': 'deactivated', 'model_3': 'deactivated', 'model_4': 'activating', 'model_5': 'activating', 'model_6': 'deactivated'}
[2026-08-22 11:43:18.745 GPU_Scheduler_0] Waiting for models to be activated: {'model_1': 'activating', 'model_2': 'deactivated', 'model_3': 'deactivated', 'model_4': 'activating', 'model_5': 'activating', 'model_6': 'deactivated'}
[2026-08-22 11:43:18.755 GPU_Scheduler_0] Waiting for models to be activated: {'model_1': 'activating', 'model_2': 'deactivated', 'model_3': 'deactivated', 'model_4': 'activating', 'model_5': 'activating', 'model_6': 'deactivated'}
[2026-08-22 11:43:18.766 GPU_Scheduler_0] Waiting for models to be activated: {'model_1': 'activating', 'model_2': 'deactivated', 'model_3': 'deactivated', 'model_4': 'activating', 'model_5': 'activating', 'model_6': 'deactivated'}
[2026-08-22 11:43:18.777 GPU_Scheduler_0] Waiting for models to be activated: {'model_1': 'activating', 'model_2': 'deactivated', 'model_3': 'deactivated', 'model_4': 'activating', 'model_5': 'activating', 'model_6': 'deactivated'}
[2026-08-22 11:43:18.787 GPU_Scheduler_0] Waiting for models to be activated: {'model_1': 'activating', 'model_2': 'deactivated', 'model_3': 'deactivated', 'model_4': 'activating', 'model_5': 'activating', 'model_6': 'deactivated'}
[2026-08-22 11:43:18.798 GPU_Scheduler_0] Waiting for models to be activated: {'model_1': 'activating', 'model_2': 'deactivated', 'model_3': 'deactivated', 'model_4': 'activating', 'model_5': 'activating', 'model_6': 'deactivated'}
[2026-08-22 11:43:18.809 GPU_Scheduler_0] Waiting for models to be activated: {'model_1': 'activating', 'model_2': 'deactivated', 'model_3': 'deactivated', 'model_4': 'activating', 'model_5': 'activating', 'model_6': 'deactivated'}
[2026-08-22 11:43:18.819 GPU_Scheduler_0] Waiting for models to be activated: {'model_1': 'activating', 'model_2': 'deactivated', 'model_3': 'deactivated', 'model_4': 'activating', 'model_5': 'activating', 'model_6': 'deactivated'}
[2026-08-22 11:43:18.830 GPU_Scheduler_0] Waiting for models to be activated: {'model_1': 'activating', 'model_2': 'deactivated', 'model_3': 'deactivated', 'model_4': 'activating', 'model_5': 'activating', 'model_6': 'deactivated'}
[2026-08-22 11:43:18.841 GPU_Scheduler_0] Waiting for models to be activated: {'model_1': 'activating', 'model_2': 'deactivated', 'model_3': 'deactivated', 'model_4': 'activating', 'model_5': 'activating', 'model_6': 'deactivated'}
[2026-08-22 11:43:18.851 GPU_Scheduler_0] Waiting for models to be activated: {'model_1': 'activating', 'model_2': 'deactivated', 'model_3': 'deactivated', 'model_4': 'activating', 'model_5': 'activating', 'model_6': 'deactivated'}
[2026-08-22 11:43:18.862 GPU_Scheduler_0] Waiting for models to be activated: {'model_1': 'activating', 'model_2': 'deactivated', 'model_3': 'deactivated', 'model_4': 'activating', 'model_5': 'activating', 'model_6': 'deactivated'}
[2026-08-22 11:43:18.873 GPU_Scheduler_0] Waiting for models to be activated: {'model_1': 'activating', 'model_2': 'deactivated', 'model_3': 'deactivated', 'model_4': 'activating', 'model_5': 'activating', 'model_6': 'deactivated'}
[2026-08-22 11:43:18.883 GPU_Scheduler_0] Waiting for models to be activated: {'model_1': 'activating', 'model_2': 'deactivated', 'model_3': 'deactivated', 'model_4': 'activating', 'model_5': 'activating', 'model_6': 'deactivated'}
[2026-08-22 11:43:18.894 GPU_Scheduler_0] Waiting for models to be activated: {'model_1': 'activating', 'model_2': 'deactivated', 'model_3': 'deactivated', 'model_4': 'activating', 'model_5': 'activating', 'model_6': 'deactivated'}
[2026-08-22 11:43:18.904 GPU_Scheduler_0] Waiting for models to be activated: {'model_1': 'activating', 'model_2': 'deactivated', 'model_3': 'deactivated', 'model_4': 'activating', 'model_5': 'activating', 'model_6': 'deactivated'}
[2026-08-22 11:43:18.915 GPU_Scheduler_0] Waiting for models to be activated: {'model_1': 'activating', 'model_2': 'deactivated', 'model_3': 'deactivated', 'model_4': 'activating', 'model_5': 'activating', 'model_6': 'deactivated'}
[2026-08-22 11:43:18.926 GPU_Scheduler_0] Waiting for models to be activated: {'model_1': 'activating', 'model_2': 'deactivated', 'model_3': 'deactivated', 'model_4': 'activating', 'model_5': 'activating', 'model_6': 'deactivated'}
[2026-08-22 11:43:18.936 GPU_Scheduler_0] Waiting for models to be activated: {'model_1': 'activating', 'model_2': 'deactivated', 'model_3': 'deactivated', 'model_4': 'activating', 'model_5': 'activating', 'model_6': 'deactivated'}
[2026-08-22 11:43:18.947 GPU_Scheduler_0] Waiting for models to be activated: {'model_1': 'activating', 'model_2': 'deactivated', 'model_3': 'deactivated', 'model_4': 'activating', 'model_5': 'activating', 'model_6': 'deactivated'}
[2026-08-22 11:43:18.957 GPU_Scheduler_0] Waiting for models to be activated: {'model_1': 'activating', 'model_2': 'deactivated', 'model_3': 'deactivated', 'model_4': 'activating', 'model_5': 'activating', 'model_6': 'deactivated'}
[2026-08-22 11:43:18.968 GPU_Scheduler_0] Waiting for models to be activated: {'model_1': 'activating', 'model_2': 'deactivated', 'model_3': 'deactivated', 'model_4': 'activating', 'model_5': 'activating', 'model_6': 'deactivated'}
[2026-08-22 11:43:18.979 GPU_Scheduler_0] Waiting for models to be activated: {'model_1': 'activating', 'model_2': 'deactivated', 'model_3': 'deactivated', 'model_4': 'activating', 'model_5': 'activating', 'model_6': 'deactivated'}
[2026-08-22 11:43:18.989 GPU_Scheduler_0] Waiting for models to be activated: {'model_1': 'activating', 'model_2': 'deactivated', 'model_3': 'deactivated', 'model_4': 'activating', 'model_5': 'activating', 'model_6': 'deactivated'}
[2026-08-22 11:43:19.000 GPU_Scheduler_0] Waiting for models to be activated: {'model_1': 'activating', 'model_2': 'deactivated', 'model_3': 'deactivated', 'model_4': 'activating', 'model_5': 'activating', 'model_6': 'deactivated'}
[2026-08-22 11:43:19.010 GPU_Scheduler_0] Waiting for models to be activated: {'model_1': 'activating', 'model_2': 'deactivated', 'model_3': 'deactivated', 'model_4': 'activating', 'model_5': 'activating', 'model_6': 'deactivated'}
[2026-08-22 11:43:19.021 GPU_Scheduler_0] Waiting for models to be activated: {'model_1': 'activating', 'model_2': 'deactivated', 'model_3': 'deactivated', 'model_4': 'activating', 'model_5': 'activating', 'model_6': 'deactivated'}
[2026-08-22 11:43:19.031 GPU_Scheduler_0] Waiting for models to be activated: {'model_1': 'activating', 'model_2': 'deactivated', 'model_3': 'deactivated', 'model_4': 'activating', 'model_5': 'activating', 'model_6': 'deactivated'}
[2026-08-22 11:43:19.042 GPU_Scheduler_0] Waiting for models to be activated: {'model_1': 'activating', 'model_2': 'deactivated', 'model_3': 'deactivated', 'model_4': 'activating', 'model_5': 'activating', 'model_6': 'deactivated'}
[2026-08-22 11:43:19.053 GPU_Scheduler_0] Waiting for models to be activated: {'model_1': 'activating', 'model_2': 'deactivated', 'model_3': 'deactivated', 'model_4': 'activating', 'model_5': 'activating', 'model_6': 'deactivated'}
[2026-08-22 11:43:19.063 GPU_Scheduler_0] Waiting for models to be activated: {'model_1': 'activating', 'model_2': 'deactivated', 'model_3': 'deactivated', 'model_4': 'activating', 'model_5': 'activating', 'model_6': 'deactivated'}
[2026-08-22 11:43:19.074 GPU_Scheduler_0] Waiting for models to be activated: {'model_1': 'activating', 'model_2': 'deactivated', 'model_3': 'deactivated', 'model_4': 'activating', 'model_5': 'activating', 'model_6': 'deactivated'}
[2026-08-22 11:43:19.084 GPU_Scheduler_0] Waiting for models to be activated: {'model_1': 'activating', 'model_2': 'deactivated', 'model_3': 'deactivated', 'model_4': 'activating', 'model_5': 'activating', 'model_6': 'deactivated'}
[2026-08-22 11:43:19.095 GPU_Scheduler_0] Waiting for models to be activated: {'model_1': 'activating', 'model_2': 'deactivated', 'model_3': 'deactivated', 'model_4': 'activating', 'model_5': 'activating', 'model_6': 'deactivated'}
[2026-08-22 11:43:19.106 GPU_Scheduler_0] Waiting for models to be activated: {'model_1': 'activating', 'model_2': 'deactivated', 'model_3': 'deactivated', 'model_4': 'activating', 'model_5': 'activating', 'model_6': 'deactivated'}
[2026-08-22 11:43:19.116 GPU_Scheduler_0] Waiting for models to be activated: {'model_1': 'activating', 'model_2': 'deactivated', 'model_3': 'deactivated', 'model_4': 'activating', 'model_5': 'activating', 'model_6': 'deactivated'}
[2026-08-22 11:43:19.126 GPU_Scheduler_0] Waiting for models to be activated: {'model_1': 'activating', 'model_2': 'deactivated', 'model_3': 'deactivated', 'model_4': 'activating', 'model_5': 'activating', 'model_6': 'deactivated'}
[2026-08-22 11:43:19.137 GPU_Scheduler_0] Waiting for models to be activated: {'model_1': 'activating', 'model_2': 'deactivated', 'model_3': 'deactivated', 'model_4': 'activating', 'model_5': 'activating', 'model_6': 'deactivated'}
[2026-08-22 11:43:19.147 GPU_Scheduler_0] Waiting for models to be activated: {'model_1': 'activating', 'model_2': 'deactivated', 'model_3': 'deactivated', 'model_4': 'activating', 'model_5': 'activating', 'model_6': 'deactivated'}
[2026-08-22 11:43:19.158 GPU_Scheduler_0] Waiting for models to be activated: {'model_1': 'activating', 'model_2': 'deactivated', 'model_3': 'deactivated', 'model_4': 'activating', 'model_5': 'activating', 'model_6': 'deactivated'}
[2026-08-22 11:43:19.168 GPU_Scheduler_0] Waiting for models to be activated: {'model_1': 'activating', 'model_2': 'deactivated', 'model_3': 'deactivated', 'model_4': 'activating', 'model_5': 'activating', 'model_6': 'deactivated'}
[2026-08-22 11:43:19.179 GPU_Scheduler_0] Waiting for models to be activated: {'model_1': 'activating', 'model_2': 'deactivated', 'model_3': 'deactivated', 'model_4': 'activating', 'model_5': 'activating', 'model_6': 'deactivated'}
[2026-08-22 11:43:19.190 GPU_Scheduler_0] Waiting for models to be activated: {'model_1': 'activating', 'model_2': 'deactivated', 'model_3': 'deactivated', 'model_4': 'activating', 'model_5': 'activating', 'model_6': 'deactivated'}
[2026-08-22 11:43:19.200 GPU_Scheduler_0] Waiting for models to be activated: {'model_1': 'activating', 'model_2': 'deactivated', 'model_3': 'deactivated', 'model_4': 'activating', 'model_5': 'activating', 'model_6': 'deactivated'}
[2026-08-22 11:43:19.211 GPU_Scheduler_0] Waiting for models to be activated: {'model_1': 'activating', 'model_2': 'deactivated', 'model_3': 'deactivated', 'model_4': 'activating', 'model_5': 'activating', 'model_6': 'deactivated'}
[2026-08-22 11:43:19.221 GPU_Scheduler_0] Waiting for models to be activated: {'model_1': 'activating', 'model_2': 'deactivated', 'model_3': 'deactivated', 'model_4': 'activating', 'model_5': 'activating', 'model_6': 'deactivated'}
[2026-08-22 11:43:19.232 GPU_Scheduler_0] Waiting for models to be activated: {'model_1': 'activating', 'model_2': 'deactivated', 'model_3': 'deactivated', 'model_4': 'activating', 'model_5': 'activating', 'model_6': 'deactivated'}
[2026-08-22 11:43:19.242 GPU_Scheduler_0] Waiting for models to be activated: {'model_1': 'activating', 'model_2': 'deactivated', 'model_3': 'deactivated', 'model_4': 'activating', 'model_5': 'activating', 'model_6': 'deactivated'}
[2026-08-22 11:43:19.253 GPU_Scheduler_0] Waiting for models to be activated: {'model_1': 'activating', 'model_2': 'deactivated', 'model_3': 'deactivated', 'model_4': 'activating', 'model_5': 'activating', 'model_6': 'deactivated'}
[2026-08-22 11:43:19.264 GPU_Scheduler_0] Waiting for models to be activated: {'model_1': 'activating', 'model_2': 'deactivated', 'model_3': 'deactivated', 'model_4': 'activating', 'model_5': 'activating', 'model_6': 'deactivated'}
[2026-08-22 11:43:19.274 GPU_Scheduler_0] Waiting for models to be activated: {'model_1': 'activating', 'model_2': 'deactivated', 'model_3': 'deactivated', 'model_4': 'activating', 'model_5': 'activating', 'model_6': 'deactivated'}
[2026-08-22 11:43:19.285 GPU_Scheduler_0] Waiting for models to be activated: {'model_1': 'activating', 'model_2': 'deactivated', 'model_3': 'deactivated', 'model_4': 'activating', 'model_5': 'activating', 'model_6': 'deactivated'}
[2026-08-22 11:43:19.295 GPU_Scheduler_0] Waiting for models to be activated: {'model_1': 'activating', 'model_2': 'deactivated', 'model_3': 'deactivated', 'model_4': 'activating', 'model_5': 'activating', 'model_6': 'deactivated'}
[2026-08-22 11:43:19.306 GPU_Scheduler_0] Waiting for models to be activated: {'model_1': 'activating', 'model_2': 'deactivated', 'model_3': 'deactivated', 'model_4': 'activating', 'model_5': 'activating', 'model_6': 'deactivated'}
[2026-08-22 11:43:19.317 GPU_Scheduler_0] Waiting for models to be activated: {'model_1': 'activating', 'model_2': 'deactivated', 'model_3': 'deactivated', 'model_4': 'activating', 'model_5': 'activating', 'model_6': 'deactivated'}
[2026-08-22 11:43:19.328 GPU_Scheduler_0] Waiting for models to be activated: {'model_1': 'activating', 'model_2': 'deactivated', 'model_3': 'deactivated', 'model_4': 'activating', 'model_5': 'activating', 'model_6': 'deactivated'}
[2026-08-22 11:43:19.338 GPU_Scheduler_0] Waiting for models to be activated: {'model_1': 'activating', 'model_2': 'deactivated', 'model_3': 'deactivated', 'model_4': 'activating', 'model_5': 'activating', 'model_6': 'deactivated'}
[2026-08-22 11:43:19.349 GPU_Scheduler_0] Waiting for models to be activated: {'model_1': 'activating', 'model_2': 'deactivated', 'model_3': 'deactivated', 'model_4': 'activating', 'model_5': 'activating', 'model_6': 'deactivated'}
[2026-08-22 11:43:19.359 GPU_Scheduler_0] Waiting for models to be activated: {'model_1': 'activating', 'model_2': 'deactivated', 'model_3': 'deactivated', 'model_4': 'activating', 'model_5': 'activating', 'model_6': 'deactivated'}
[2026-08-22 11:43:19.370 GPU_Scheduler_0] Waiting for models to be activated: {'model_1': 'activating', 'model_2': 'deactivated', 'model_3': 'deactivated', 'model_4': 'activating', 'model_5': 'activating', 'model_6': 'deactivated'}
[2026-08-22 11:43:19.381 GPU_Scheduler_0] Waiting for models to be activated: {'model_1': 'activating', 'model_2': 'deactivated', 'model_3': 'deactivated', 'model_4': 'activating', 'model_5': 'activating', 'model_6': 'deactivated'}
[2026-08-22 11:43:19.392 GPU_Scheduler_0] Waiting for models to be activated: {'model_1': 'activating', 'model_2': 'deactivated', 'model_3': 'deactivated', 'model_4': 'activating', 'model_5': 'activating', 'model_6': 'deactivated'}
[2026-08-22 11:43:19.402 GPU_Scheduler_0] Waiting for models to be activated: {'model_1': 'activating', 'model_2': 'deactivated', 'model_3': 'deactivated', 'model_4': 'activating', 'model_5': 'activating', 'model_6': 'deactivated'}
[2026-08-22 11:43:19.413 GPU_Scheduler_0] Waiting for models to be activated: {'model_1': 'activating', 'model_2': 'deactivated', 'model_3': 'deactivated', 'model_4': 'activating', 'model_5': 'activating', 'model_6': 'deactivated'}
[2026-08-22 11:43:19.423 GPU_Scheduler_0] Waiting for models to be activated: {'model_1': 'activating', 'model_2': 'deactivated', 'model_3': 'deactivated', 'model_4': 'activating', 'model_5': 'activating', 'model_6': 'deactivated'}
[2026-08-22 11:43:19.434 GPU_Scheduler_0] Waiting for models to be activated: {'model_1': 'activating', 'model_2': 'deactivated', 'model_3': 'deactivated', 'model_4': 'activating', 'model_5': 'activating', 'model_6': 'deactivated'}
[2026-08-22 11:43:19.444 GPU_Scheduler_0] Waiting for models to be activated: {'model_1': 'activating', 'model_2': 'deactivated', 'model_3': 'deactivated', 'model_4': 'activating', 'model_5': 'activating', 'model_6': 'deactivated'}
[2026-08-22 11:43:19.455 GPU_Scheduler_0] Waiting for models to be activated: {'model_1': 'activating', 'model_2': 'deactivated', 'model_3': 'deactivated', 'model_4': 'activating', 'model_5': 'activating', 'model_6': 'deactivated'}
[2026-08-22 11:43:19.465 GPU_Scheduler_0] Waiting for models to be activated: {'model_1': 'activating', 'model_2': 'deactivated', 'model_3': 'deactivated', 'model_4': 'activating', 'model_5': 'activating', 'model_6': 'deactivated'}
[2026-08-22 11:43:19.476 GPU_Scheduler_0] Waiting for models to be activated: {'model_1': 'activating', 'model_2': 'deactivated', 'model_3': 'deactivated', 'model_4': 'activating', 'model_5': 'activating', 'model_6': 'deactivated'}
[2026-08-22 11:43:19.487 GPU_Scheduler_0] Waiting for models to be activated: {'model_1': 'activating', 'model_2': 'deactivated', 'model_3': 'deactivated', 'model_4': 'activating', 'model_5': 'activating', 'model_6': 'deactivated'}
[2026-08-22 11:43:19.497 GPU_Scheduler_0] Waiting for models to be activated: {'model_1': 'activating', 'model_2': 'deactivated', 'model_3': 'deactivated', 'model_4': 'activating', 'model_5': 'activating', 'model_6': 'deactivated'}
[2026-08-22 11:43:19.508 GPU_Scheduler_0] Waiting for models to be activated: {'model_1': 'activating', 'model_2': 'deactivated', 'model_3': 'deactivated', 'model_4': 'activating', 'model_5': 'activating', 'model_6': 'deactivated'}
[2026-08-22 11:43:19.519 GPU_Scheduler_0] Waiting for models to be activated: {'model_1': 'activating', 'model_2': 'deactivated', 'model_3': 'deactivated', 'model_4': 'activating', 'model_5': 'activating', 'model_6': 'deactivated'}
[2026-08-22 11:43:19.530 GPU_Scheduler_0] Waiting for models to be activated: {'model_1': 'activating', 'model_2': 'deactivated', 'model_3': 'deactivated', 'model_4': 'activating', 'model_5': 'activating', 'model_6': 'deactivated'}
[2026-08-22 11:43:19.540 GPU_Scheduler_0] Waiting for models to be activated: {'model_1': 'activating', 'model_2': 'deactivated', 'model_3': 'deactivated', 'model_4': 'activating', 'model_5': 'activating', 'model_6': 'deactivated'}
[2026-08-22 11:43:19.551 GPU_Scheduler_0] Waiting for models to be activated: {'model_1': 'activating', 'model_2': 'deactivated', 'model_3': 'deactivated', 'model_4': 'activating', 'model_5': 'activating', 'model_6': 'deactivated'}
[2026-08-22 11:43:19.561 GPU_Scheduler_0] Waiting for models to be activated: {'model_1': 'activating', 'model_2': 'deactivated', 'model_3': 'deactivated', 'model_4': 'activating', 'model_5': 'activating', 'model_6': 'deactivated'}
[2026-08-22 11:43:19.572 GPU_Scheduler_0] Waiting for models to be activated: {'model_1': 'activating', 'model_2': 'deactivated', 'model_3': 'deactivated', 'model_4': 'activating', 'model_5': 'activating', 'model_6': 'deactivated'}
[2026-08-22 11:43:19.583 GPU_Scheduler_0] Waiting for models to be activated: {'model_1': 'activating', 'model_2': 'deactivated', 'model_3': 'deactivated', 'model_4': 'activating', 'model_5': 'activating', 'model_6': 'deactivated'}
[2026-08-22 11:43:19.593 GPU_Scheduler_0] Waiting for models to be activated: {'model_1': 'activating', 'model_2': 'deactivated', 'model_3': 'deactivated', 'model_4': 'activating', 'model_5': 'activating', 'model_6': 'deactivated'}
[2026-08-22 11:43:19.604 GPU_Scheduler_0] Waiting for models to be activated: {'model_1': 'activating', 'model_2': 'deactivated', 'model_3': 'deactivated', 'model_4': 'activating', 'model_5': 'activating', 'model_6': 'deactivated'}
[2026-08-22 11:43:19.614 GPU_Scheduler_0] Waiting for models to be activated: {'model_1': 'activating', 'model_2': 'deactivated', 'model_3': 'deactivated', 'model_4': 'activating', 'model_5': 'activating', 'model_6': 'deactivated'}
[2026-08-22 11:43:19.625 GPU_Scheduler_0] Waiting for models to be activated: {'model_1': 'activating', 'model_2': 'deactivated', 'model_3': 'deactivated', 'model_4': 'activating', 'model_5': 'activating', 'model_6': 'deactivated'}
[2026-08-22 11:43:19.636 GPU_Scheduler_0] Model model_1 (instance 0) activation succeeded on GPU 0
[2026-08-22 11:43:19.636 GPU_Scheduler_0] Waiting for models to be activated: {'model_1': 'activated', 'model_2': 'deactivated', 'model_3': 'deactivated', 'model_4': 'activating', 'model_5': 'activating', 'model_6': 'deactivated'}
[2026-08-22 11:43:19.647 GPU_Scheduler_0] Waiting for models to be activated: {'model_1': 'activated', 'model_2': 'deactivated', 'model_3': 'deactivated', 'model_4': 'activating', 'model_5': 'activating', 'model_6': 'deactivated'}
[2026-08-22 11:43:19.658 GPU_Scheduler_0] Waiting for models to be activated: {'model_1': 'activated', 'model_2': 'deactivated', 'model_3': 'deactivated', 'model_4': 'activating', 'model_5': 'activating', 'model_6': 'deactivated'}
[2026-08-22 11:43:19.668 GPU_Scheduler_0] Waiting for models to be activated: {'model_1': 'activated', 'model_2': 'deactivated', 'model_3': 'deactivated', 'model_4': 'activating', 'model_5': 'activating', 'model_6': 'deactivated'}
[2026-08-22 11:43:19.679 GPU_Scheduler_0] Waiting for models to be activated: {'model_1': 'activated', 'model_2': 'deactivated', 'model_3': 'deactivated', 'model_4': 'activating', 'model_5': 'activating', 'model_6': 'deactivated'}
[2026-08-22 11:43:19.690 GPU_Scheduler_0] Waiting for models to be activated: {'model_1': 'activated', 'model_2': 'deactivated', 'model_3': 'deactivated', 'model_4': 'activating', 'model_5': 'activating', 'model_6': 'deactivated'}
[2026-08-22 11:43:19.701 GPU_Scheduler_0] Waiting for models to be activated: {'model_1': 'activated', 'model_2': 'deactivated', 'model_3': 'deactivated', 'model_4': 'activating', 'model_5': 'activating', 'model_6': 'deactivated'}
[2026-08-22 11:43:19.711 GPU_Scheduler_0] Waiting for models to be activated: {'model_1': 'activated', 'model_2': 'deactivated', 'model_3': 'deactivated', 'model_4': 'activating', 'model_5': 'activating', 'model_6': 'deactivated'}
[2026-08-22 11:43:19.722 GPU_Scheduler_0] Waiting for models to be activated: {'model_1': 'activated', 'model_2': 'deactivated', 'model_3': 'deactivated', 'model_4': 'activating', 'model_5': 'activating', 'model_6': 'deactivated'}
[2026-08-22 11:43:19.732 GPU_Scheduler_0] Waiting for models to be activated: {'model_1': 'activated', 'model_2': 'deactivated', 'model_3': 'deactivated', 'model_4': 'activating', 'model_5': 'activating', 'model_6': 'deactivated'}
[2026-08-22 11:43:19.743 GPU_Scheduler_0] Waiting for models to be activated: {'model_1': 'activated', 'model_2': 'deactivated', 'model_3': 'deactivated', 'model_4': 'activating', 'model_5': 'activating', 'model_6': 'deactivated'}
[2026-08-22 11:43:19.753 GPU_Scheduler_0] Waiting for models to be activated: {'model_1': 'activated', 'model_2': 'deactivated', 'model_3': 'deactivated', 'model_4': 'activating', 'model_5': 'activating', 'model_6': 'deactivated'}
[2026-08-22 11:43:19.764 GPU_Scheduler_0] Waiting for models to be activated: {'model_1': 'activated', 'model_2': 'deactivated', 'model_3': 'deactivated', 'model_4': 'activating', 'model_5': 'activating', 'model_6': 'deactivated'}
[2026-08-22 11:43:19.774 GPU_Scheduler_0] Waiting for models to be activated: {'model_1': 'activated', 'model_2': 'deactivated', 'model_3': 'deactivated', 'model_4': 'activating', 'model_5': 'activating', 'model_6': 'deactivated'}
[2026-08-22 11:43:19.785 GPU_Scheduler_0] Waiting for models to be activated: {'model_1': 'activated', 'model_2': 'deactivated', 'model_3': 'deactivated', 'model_4': 'activating', 'model_5': 'activating', 'model_6': 'deactivated'}
[2026-08-22 11:43:19.795 GPU_Scheduler_0] Waiting for models to be activated: {'model_1': 'activated', 'model_2': 'deactivated', 'model_3': 'deactivated', 'model_4': 'activating', 'model_5': 'activating', 'model_6': 'deactivated'}
[2026-08-22 11:43:19.806 GPU_Scheduler_0] Waiting for models to be activated: {'model_1': 'activated', 'model_2': 'deactivated', 'model_3': 'deactivated', 'model_4': 'activating', 'model_5': 'activating', 'model_6': 'deactivated'}
[2026-08-22 11:43:19.816 GPU_Scheduler_0] Waiting for models to be activated: {'model_1': 'activated', 'model_2': 'deactivated', 'model_3': 'deactivated', 'model_4': 'activating', 'model_5': 'activating', 'model_6': 'deactivated'}
[2026-08-22 11:43:19.827 GPU_Scheduler_0] Waiting for models to be activated: {'model_1': 'activated', 'model_2': 'deactivated', 'model_3': 'deactivated', 'model_4': 'activating', 'model_5': 'activating', 'model_6': 'deactivated'}
[2026-08-22 11:43:19.837 GPU_Scheduler_0] Waiting for models to be activated: {'model_1': 'activated', 'model_2': 'deactivated', 'model_3': 'deactivated', 'model_4': 'activating', 'model_5': 'activating', 'model_6': 'deactivated'}
[2026-08-22 11:43:19.848 GPU_Scheduler_0] Waiting for models to be activated: {'model_1': 'activated', 'model_2': 'deactivated', 'model_3': 'deactivated', 'model_4': 'activating', 'model_5': 'activating', 'model_6': 'deactivated'}
[2026-08-22 11:43:19.858 GPU_Scheduler_0] Waiting for models to be activated: {'model_1': 'activated', 'model_2': 'deactivated', 'model_3': 'deactivated', 'model_4': 'activating', 'model_5': 'activating', 'model_6': 'deactivated'}
[2026-08-22 11:43:19.869 GPU_Scheduler_0] Waiting for models to be activated: {'model_1': 'activated', 'model_2': 'deactivated', 'model_3': 'deactivated', 'model_4': 'activating', 'model_5': 'activating', 'model_6': 'deactivated'}
[2026-08-22 11:43:19.879 GPU_Scheduler_0] Waiting for models to be activated: {'model_1': 'activated', 'model_2': 'deactivated', 'model_3': 'deactivated', 'model_4': 'activating', 'model_5': 'activating', 'model_6': 'deactivated'}
[2026-08-22 11:43:19.890 GPU_Scheduler_0] Waiting for models to be activated: {'model_1': 'activated', 'model_2': 'deactivated', 'model_3': 'deactivated', 'model_4': 'activating', 'model_5': 'activating', 'model_6': 'deactivated'}
[2026-08-22 11:43:19.901 GPU_Scheduler_0] Waiting for models to be activated: {'model_1': 'activated', 'model_2': 'deactivated', 'model_3': 'deactivated', 'model_4': 'activating', 'model_5': 'activating', 'model_6': 'deactivated'}
[2026-08-22 11:43:19.911 GPU_Scheduler_0] Waiting for models to be activated: {'model_1': 'activated', 'model_2': 'deactivated', 'model_3': 'deactivated', 'model_4': 'activating', 'model_5': 'activating', 'model_6': 'deactivated'}
[2026-08-22 11:43:19.922 GPU_Scheduler_0] Waiting for models to be activated: {'model_1': 'activated', 'model_2': 'deactivated', 'model_3': 'deactivated', 'model_4': 'activating', 'model_5': 'activating', 'model_6': 'deactivated'}
[2026-08-22 11:43:19.933 GPU_Scheduler_0] Waiting for models to be activated: {'model_1': 'activated', 'model_2': 'deactivated', 'model_3': 'deactivated', 'model_4': 'activating', 'model_5': 'activating', 'model_6': 'deactivated'}
[2026-08-22 11:43:19.944 GPU_Scheduler_0] Waiting for models to be activated: {'model_1': 'activated', 'model_2': 'deactivated', 'model_3': 'deactivated', 'model_4': 'activating', 'model_5': 'activating', 'model_6': 'deactivated'}
[2026-08-22 11:43:19.954 GPU_Scheduler_0] Waiting for models to be activated: {'model_1': 'activated', 'model_2': 'deactivated', 'model_3': 'deactivated', 'model_4': 'activating', 'model_5': 'activating', 'model_6': 'deactivated'}
[2026-08-22 11:43:19.965 GPU_Scheduler_0] Waiting for models to be activated: {'model_1': 'activated', 'model_2': 'deactivated', 'model_3': 'deactivated', 'model_4': 'activating', 'model_5': 'activating', 'model_6': 'deactivated'}
[2026-08-22 11:43:19.975 GPU_Scheduler_0] Waiting for models to be activated: {'model_1': 'activated', 'model_2': 'deactivated', 'model_3': 'deactivated', 'model_4': 'activating', 'model_5': 'activating', 'model_6': 'deactivated'}
[2026-08-22 11:43:19.986 GPU_Scheduler_0] Waiting for models to be activated: {'model_1': 'activated', 'model_2': 'deactivated', 'model_3': 'deactivated', 'model_4': 'activating', 'model_5': 'activating', 'model_6': 'deactivated'}
[2026-08-22 11:43:19.996 GPU_Scheduler_0] Waiting for models to be activated: {'model_1': 'activated', 'model_2': 'deactivated', 'model_3': 'deactivated', 'model_4': 'activating', 'model_5': 'activating', 'model_6': 'deactivated'}
[2026-08-22 11:43:20.006 GPU_Scheduler_0] Waiting for models to be activated: {'model_1': 'activated', 'model_2': 'deactivated', 'model_3': 'deactivated', 'model_4': 'activating', 'model_5': 'activating', 'model_6': 'deactivated'}
[2026-08-22 11:43:20.017 GPU_Scheduler_0] Waiting for models to be activated: {'model_1': 'activated', 'model_2': 'deactivated', 'model_3': 'deactivated', 'model_4': 'activating', 'model_5': 'activating', 'model_6': 'deactivated'}
[2026-08-22 11:43:20.027 GPU_Scheduler_0] Waiting for models to be activated: {'model_1': 'activated', 'model_2': 'deactivated', 'model_3': 'deactivated', 'model_4': 'activating', 'model_5': 'activating', 'model_6': 'deactivated'}
[2026-08-22 11:43:20.038 GPU_Scheduler_0] Waiting for models to be activated: {'model_1': 'activated', 'model_2': 'deactivated', 'model_3': 'deactivated', 'model_4': 'activating', 'model_5': 'activating', 'model_6': 'deactivated'}
[2026-08-22 11:43:20.048 GPU_Scheduler_0] Waiting for models to be activated: {'model_1': 'activated', 'model_2': 'deactivated', 'model_3': 'deactivated', 'model_4': 'activating', 'model_5': 'activating', 'model_6': 'deactivated'}
[2026-08-22 11:43:20.059 GPU_Scheduler_0] Waiting for models to be activated: {'model_1': 'activated', 'model_2': 'deactivated', 'model_3': 'deactivated', 'model_4': 'activating', 'model_5': 'activating', 'model_6': 'deactivated'}
[2026-08-22 11:43:20.070 GPU_Scheduler_0] Waiting for models to be activated: {'model_1': 'activated', 'model_2': 'deactivated', 'model_3': 'deactivated', 'model_4': 'activating', 'model_5': 'activating', 'model_6': 'deactivated'}
[2026-08-22 11:43:20.081 GPU_Scheduler_0] Waiting for models to be activated: {'model_1': 'activated', 'model_2': 'deactivated', 'model_3': 'deactivated', 'model_4': 'activating', 'model_5': 'activating', 'model_6': 'deactivated'}
[2026-08-22 11:43:20.091 GPU_Scheduler_0] Waiting for models to be activated: {'model_1': 'activated', 'model_2': 'deactivated', 'model_3': 'deactivated', 'model_4': 'activating', 'model_5': 'activating', 'model_6': 'deactivated'}
[2026-08-22 11:43:20.101 GPU_Scheduler_0] Waiting for models to be activated: {'model_1': 'activated', 'model_2': 'deactivated', 'model_3': 'deactivated', 'model_4': 'activating', 'model_5': 'activating', 'model_6': 'deactivated'}
[2026-08-22 11:43:20.112 GPU_Scheduler_0] Waiting for models to be activated: {'model_1': 'activated', 'model_2': 'deactivated', 'model_3': 'deactivated', 'model_4': 'activating', 'model_5': 'activating', 'model_6': 'deactivated'}
[2026-08-22 11:43:20.122 GPU_Scheduler_0] Waiting for models to be activated: {'model_1': 'activated', 'model_2': 'deactivated', 'model_3': 'deactivated', 'model_4': 'activating', 'model_5': 'activating', 'model_6': 'deactivated'}
[2026-08-22 11:43:20.133 GPU_Scheduler_0] Waiting for models to be activated: {'model_1': 'activated', 'model_2': 'deactivated', 'model_3': 'deactivated', 'model_4': 'activating', 'model_5': 'activating', 'model_6': 'deactivated'}
[2026-08-22 11:43:20.144 GPU_Scheduler_0] Waiting for models to be activated: {'model_1': 'activated', 'model_2': 'deactivated', 'model_3': 'deactivated', 'model_4': 'activating', 'model_5': 'activating', 'model_6': 'deactivated'}
[2026-08-22 11:43:20.155 GPU_Scheduler_0] Waiting for models to be activated: {'model_1': 'activated', 'model_2': 'deactivated', 'model_3': 'deactivated', 'model_4': 'activating', 'model_5': 'activating', 'model_6': 'deactivated'}
[2026-08-22 11:43:20.166 GPU_Scheduler_0] Waiting for models to be activated: {'model_1': 'activated', 'model_2': 'deactivated', 'model_3': 'deactivated', 'model_4': 'activating', 'model_5': 'activating', 'model_6': 'deactivated'}
[2026-08-22 11:43:20.176 GPU_Scheduler_0] Waiting for models to be activated: {'model_1': 'activated', 'model_2': 'deactivated', 'model_3': 'deactivated', 'model_4': 'activating', 'model_5': 'activating', 'model_6': 'deactivated'}
[2026-08-22 11:43:20.187 GPU_Scheduler_0] Waiting for models to be activated: {'model_1': 'activated', 'model_2': 'deactivated', 'model_3': 'deactivated', 'model_4': 'activating', 'model_5': 'activating', 'model_6': 'deactivated'}
[2026-08-22 11:43:20.197 GPU_Scheduler_0] Waiting for models to be activated: {'model_1': 'activated', 'model_2': 'deactivated', 'model_3': 'deactivated', 'model_4': 'activating', 'model_5': 'activating', 'model_6': 'deactivated'}
[2026-08-22 11:43:20.208 GPU_Scheduler_0] Waiting for models to be activated: {'model_1': 'activated', 'model_2': 'deactivated', 'model_3': 'deactivated', 'model_4': 'activating', 'model_5': 'activating', 'model_6': 'deactivated'}
[2026-08-22 11:43:20.218 GPU_Scheduler_0] Waiting for models to be activated: {'model_1': 'activated', 'model_2': 'deactivated', 'model_3': 'deactivated', 'model_4': 'activating', 'model_5': 'activating', 'model_6': 'deactivated'}
[2026-08-22 11:43:20.229 GPU_Scheduler_0] Waiting for models to be activated: {'model_1': 'activated', 'model_2': 'deactivated', 'model_3': 'deactivated', 'model_4': 'activating', 'model_5': 'activating', 'model_6': 'deactivated'}
[2026-08-22 11:43:20.240 GPU_Scheduler_0] Waiting for models to be activated: {'model_1': 'activated', 'model_2': 'deactivated', 'model_3': 'deactivated', 'model_4': 'activating', 'model_5': 'activating', 'model_6': 'deactivated'}
[2026-08-22 11:43:20.250 GPU_Scheduler_0] Waiting for models to be activated: {'model_1': 'activated', 'model_2': 'deactivated', 'model_3': 'deactivated', 'model_4': 'activating', 'model_5': 'activating', 'model_6': 'deactivated'}
[2026-08-22 11:43:20.261 GPU_Scheduler_0] Waiting for models to be activated: {'model_1': 'activated', 'model_2': 'deactivated', 'model_3': 'deactivated', 'model_4': 'activating', 'model_5': 'activating', 'model_6': 'deactivated'}
[2026-08-22 11:43:20.271 GPU_Scheduler_0] Waiting for models to be activated: {'model_1': 'activated', 'model_2': 'deactivated', 'model_3': 'deactivated', 'model_4': 'activating', 'model_5': 'activating', 'model_6': 'deactivated'}
[2026-08-22 11:43:20.282 GPU_Scheduler_0] Waiting for models to be activated: {'model_1': 'activated', 'model_2': 'deactivated', 'model_3': 'deactivated', 'model_4': 'activating', 'model_5': 'activating', 'model_6': 'deactivated'}
[2026-08-22 11:43:20.292 GPU_Scheduler_0] Waiting for models to be activated: {'model_1': 'activated', 'model_2': 'deactivated', 'model_3': 'deactivated', 'model_4': 'activating', 'model_5': 'activating', 'model_6': 'deactivated'}
[2026-08-22 11:43:20.303 GPU_Scheduler_0] Waiting for models to be activated: {'model_1': 'activated', 'model_2': 'deactivated', 'model_3': 'deactivated', 'model_4': 'activating', 'model_5': 'activating', 'model_6': 'deactivated'}
[2026-08-22 11:43:20.313 GPU_Scheduler_0] Waiting for models to be activated: {'model_1': 'activated', 'model_2': 'deactivated', 'model_3': 'deactivated', 'model_4': 'activating', 'model_5': 'activating', 'model_6': 'deactivated'}
[2026-08-22 11:43:20.324 GPU_Scheduler_0] Waiting for models to be activated: {'model_1': 'activated', 'model_2': 'deactivated', 'model_3': 'deactivated', 'model_4': 'activating', 'model_5': 'activating', 'model_6': 'deactivated'}
[2026-08-22 11:43:20.335 GPU_Scheduler_0] Waiting for models to be activated: {'model_1': 'activated', 'model_2': 'deactivated', 'model_3': 'deactivated', 'model_4': 'activating', 'model_5': 'activating', 'model_6': 'deactivated'}
[2026-08-22 11:43:20.345 GPU_Scheduler_0] Waiting for models to be activated: {'model_1': 'activated', 'model_2': 'deactivated', 'model_3': 'deactivated', 'model_4': 'activating', 'model_5': 'activating', 'model_6': 'deactivated'}
[2026-08-22 11:43:20.356 GPU_Scheduler_0] Waiting for models to be activated: {'model_1': 'activated', 'model_2': 'deactivated', 'model_3': 'deactivated', 'model_4': 'activating', 'model_5': 'activating', 'model_6': 'deactivated'}
[2026-08-22 11:43:20.366 GPU_Scheduler_0] Waiting for models to be activated: {'model_1': 'activated', 'model_2': 'deactivated', 'model_3': 'deactivated', 'model_4': 'activating', 'model_5': 'activating', 'model_6': 'deactivated'}
[2026-08-22 11:43:20.377 GPU_Scheduler_0] Waiting for models to be activated: {'model_1': 'activated', 'model_2': 'deactivated', 'model_3': 'deactivated', 'model_4': 'activating', 'model_5': 'activating', 'model_6': 'deactivated'}
[2026-08-22 11:43:20.387 GPU_Scheduler_0] Waiting for models to be activated: {'model_1': 'activated', 'model_2': 'deactivated', 'model_3': 'deactivated', 'model_4': 'activating', 'model_5': 'activating', 'model_6': 'deactivated'}
[2026-08-22 11:43:20.398 GPU_Scheduler_0] Waiting for models to be activated: {'model_1': 'activated', 'model_2': 'deactivated', 'model_3': 'deactivated', 'model_4': 'activating', 'model_5': 'activating', 'model_6': 'deactivated'}
[2026-08-22 11:43:20.408 GPU_Scheduler_0] Waiting for models to be activated: {'model_1': 'activated', 'model_2': 'deactivated', 'model_3': 'deactivated', 'model_4': 'activating', 'model_5': 'activating', 'model_6': 'deactivated'}
[2026-08-22 11:43:20.419 GPU_Scheduler_0] Waiting for models to be activated: {'model_1': 'activated', 'model_2': 'deactivated', 'model_3': 'deactivated', 'model_4': 'activating', 'model_5': 'activating', 'model_6': 'deactivated'}
[2026-08-22 11:43:20.429 GPU_Scheduler_0] Waiting for models to be activated: {'model_1': 'activated', 'model_2': 'deactivated', 'model_3': 'deactivated', 'model_4': 'activating', 'model_5': 'activating', 'model_6': 'deactivated'}
[2026-08-22 11:43:20.440 GPU_Scheduler_0] Waiting for models to be activated: {'model_1': 'activated', 'model_2': 'deactivated', 'model_3': 'deactivated', 'model_4': 'activating', 'model_5': 'activating', 'model_6': 'deactivated'}
[2026-08-22 11:43:20.450 GPU_Scheduler_0] Waiting for models to be activated: {'model_1': 'activated', 'model_2': 'deactivated', 'model_3': 'deactivated', 'model_4': 'activating', 'model_5': 'activating', 'model_6': 'deactivated'}
[2026-08-22 11:43:20.461 GPU_Scheduler_0] Waiting for models to be activated: {'model_1': 'activated', 'model_2': 'deactivated', 'model_3': 'deactivated', 'model_4': 'activating', 'model_5': 'activating', 'model_6': 'deactivated'}
[2026-08-22 11:43:20.471 GPU_Scheduler_0] Waiting for models to be activated: {'model_1': 'activated', 'model_2': 'deactivated', 'model_3': 'deactivated', 'model_4': 'activating', 'model_5': 'activating', 'model_6': 'deactivated'}
[2026-08-22 11:43:20.481 GPU_Scheduler_0] Waiting for models to be activated: {'model_1': 'activated', 'model_2': 'deactivated', 'model_3': 'deactivated', 'model_4': 'activating', 'model_5': 'activating', 'model_6': 'deactivated'}
[2026-08-22 11:43:20.492 GPU_Scheduler_0] Waiting for models to be activated: {'model_1': 'activated', 'model_2': 'deactivated', 'model_3': 'deactivated', 'model_4': 'activating', 'model_5': 'activating', 'model_6': 'deactivated'}
[2026-08-22 11:43:20.502 GPU_Scheduler_0] Waiting for models to be activated: {'model_1': 'activated', 'model_2': 'deactivated', 'model_3': 'deactivated', 'model_4': 'activating', 'model_5': 'activating', 'model_6': 'deactivated'}
[2026-08-22 11:43:20.512 GPU_Scheduler_0] Waiting for models to be activated: {'model_1': 'activated', 'model_2': 'deactivated', 'model_3': 'deactivated', 'model_4': 'activating', 'model_5': 'activating', 'model_6': 'deactivated'}
[2026-08-22 11:43:20.523 GPU_Scheduler_0] Waiting for models to be activated: {'model_1': 'activated', 'model_2': 'deactivated', 'model_3': 'deactivated', 'model_4': 'activating', 'model_5': 'activating', 'model_6': 'deactivated'}
[2026-08-22 11:43:20.533 GPU_Scheduler_0] Waiting for models to be activated: {'model_1': 'activated', 'model_2': 'deactivated', 'model_3': 'deactivated', 'model_4': 'activating', 'model_5': 'activating', 'model_6': 'deactivated'}
[2026-08-22 11:43:20.543 GPU_Scheduler_0] Waiting for models to be activated: {'model_1': 'activated', 'model_2': 'deactivated', 'model_3': 'deactivated', 'model_4': 'activating', 'model_5': 'activating', 'model_6': 'deactivated'}
[2026-08-22 11:43:20.554 GPU_Scheduler_0] Waiting for models to be activated: {'model_1': 'activated', 'model_2': 'deactivated', 'model_3': 'deactivated', 'model_4': 'activating', 'model_5': 'activating', 'model_6': 'deactivated'}
[2026-08-22 11:43:20.564 GPU_Scheduler_0] Waiting for models to be activated: {'model_1': 'activated', 'model_2': 'deactivated', 'model_3': 'deactivated', 'model_4': 'activating', 'model_5': 'activating', 'model_6': 'deactivated'}
[2026-08-22 11:43:20.574 GPU_Scheduler_0] Waiting for models to be activated: {'model_1': 'activated', 'model_2': 'deactivated', 'model_3': 'deactivated', 'model_4': 'activating', 'model_5': 'activating', 'model_6': 'deactivated'}
[2026-08-22 11:43:20.585 GPU_Scheduler_0] Waiting for models to be activated: {'model_1': 'activated', 'model_2': 'deactivated', 'model_3': 'deactivated', 'model_4': 'activating', 'model_5': 'activating', 'model_6': 'deactivated'}
[2026-08-22 11:43:20.595 GPU_Scheduler_0] Waiting for models to be activated: {'model_1': 'activated', 'model_2': 'deactivated', 'model_3': 'deactivated', 'model_4': 'activating', 'model_5': 'activating', 'model_6': 'deactivated'}
[2026-08-22 11:43:20.605 GPU_Scheduler_0] Waiting for models to be activated: {'model_1': 'activated', 'model_2': 'deactivated', 'model_3': 'deactivated', 'model_4': 'activating', 'model_5': 'activating', 'model_6': 'deactivated'}
[2026-08-22 11:43:20.615 GPU_Scheduler_0] Waiting for models to be activated: {'model_1': 'activated', 'model_2': 'deactivated', 'model_3': 'deactivated', 'model_4': 'activating', 'model_5': 'activating', 'model_6': 'deactivated'}
[2026-08-22 11:43:20.626 GPU_Scheduler_0] Waiting for models to be activated: {'model_1': 'activated', 'model_2': 'deactivated', 'model_3': 'deactivated', 'model_4': 'activating', 'model_5': 'activating', 'model_6': 'deactivated'}
[2026-08-22 11:43:20.636 GPU_Scheduler_0] Waiting for models to be activated: {'model_1': 'activated', 'model_2': 'deactivated', 'model_3': 'deactivated', 'model_4': 'activating', 'model_5': 'activating', 'model_6': 'deactivated'}
[2026-08-22 11:43:20.646 GPU_Scheduler_0] Waiting for models to be activated: {'model_1': 'activated', 'model_2': 'deactivated', 'model_3': 'deactivated', 'model_4': 'activating', 'model_5': 'activating', 'model_6': 'deactivated'}
[2026-08-22 11:43:20.657 GPU_Scheduler_0] Waiting for models to be activated: {'model_1': 'activated', 'model_2': 'deactivated', 'model_3': 'deactivated', 'model_4': 'activating', 'model_5': 'activating', 'model_6': 'deactivated'}
[2026-08-22 11:43:20.667 GPU_Scheduler_0] Waiting for models to be activated: {'model_1': 'activated', 'model_2': 'deactivated', 'model_3': 'deactivated', 'model_4': 'activating', 'model_5': 'activating', 'model_6': 'deactivated'}
[2026-08-22 11:43:20.678 GPU_Scheduler_0] Waiting for models to be activated: {'model_1': 'activated', 'model_2': 'deactivated', 'model_3': 'deactivated', 'model_4': 'activating', 'model_5': 'activating', 'model_6': 'deactivated'}
[2026-08-22 11:43:20.688 GPU_Scheduler_0] Waiting for models to be activated: {'model_1': 'activated', 'model_2': 'deactivated', 'model_3': 'deactivated', 'model_4': 'activating', 'model_5': 'activating', 'model_6': 'deactivated'}
[2026-08-22 11:43:20.698 GPU_Scheduler_0] Waiting for models to be activated: {'model_1': 'activated', 'model_2': 'deactivated', 'model_3': 'deactivated', 'model_4': 'activating', 'model_5': 'activating', 'model_6': 'deactivated'}
[2026-08-22 11:43:20.709 GPU_Scheduler_0] Waiting for models to be activated: {'model_1': 'activated', 'model_2': 'deactivated', 'model_3': 'deactivated', 'model_4': 'activating', 'model_5': 'activating', 'model_6': 'deactivated'}
[2026-08-22 11:43:20.719 GPU_Scheduler_0] Waiting for models to be activated: {'model_1': 'activated', 'model_2': 'deactivated', 'model_3': 'deactivated', 'model_4': 'activating', 'model_5': 'activating', 'model_6': 'deactivated'}
[2026-08-22 11:43:20.729 GPU_Scheduler_0] Waiting for models to be activated: {'model_1': 'activated', 'model_2': 'deactivated', 'model_3': 'deactivated', 'model_4': 'activating', 'model_5': 'activating', 'model_6': 'deactivated'}
[2026-08-22 11:43:20.740 GPU_Scheduler_0] Waiting for models to be activated: {'model_1': 'activated', 'model_2': 'deactivated', 'model_3': 'deactivated', 'model_4': 'activating', 'model_5': 'activating', 'model_6': 'deactivated'}
[2026-08-22 11:43:20.750 GPU_Scheduler_0] Waiting for models to be activated: {'model_1': 'activated', 'model_2': 'deactivated', 'model_3': 'deactivated', 'model_4': 'activating', 'model_5': 'activating', 'model_6': 'deactivated'}
[2026-08-22 11:43:20.761 GPU_Scheduler_0] Waiting for models to be activated: {'model_1': 'activated', 'model_2': 'deactivated', 'model_3': 'deactivated', 'model_4': 'activating', 'model_5': 'activating', 'model_6': 'deactivated'}
[2026-08-22 11:43:20.772 GPU_Scheduler_0] Waiting for models to be activated: {'model_1': 'activated', 'model_2': 'deactivated', 'model_3': 'deactivated', 'model_4': 'activating', 'model_5': 'activating', 'model_6': 'deactivated'}
[2026-08-22 11:43:20.782 GPU_Scheduler_0] Waiting for models to be activated: {'model_1': 'activated', 'model_2': 'deactivated', 'model_3': 'deactivated', 'model_4': 'activating', 'model_5': 'activating', 'model_6': 'deactivated'}
[2026-08-22 11:43:20.793 GPU_Scheduler_0] Waiting for models to be activated: {'model_1': 'activated', 'model_2': 'deactivated', 'model_3': 'deactivated', 'model_4': 'activating', 'model_5': 'activating', 'model_6': 'deactivated'}
[2026-08-22 11:43:20.803 GPU_Scheduler_0] Waiting for models to be activated: {'model_1': 'activated', 'model_2': 'deactivated', 'model_3': 'deactivated', 'model_4': 'activating', 'model_5': 'activating', 'model_6': 'deactivated'}
[2026-08-22 11:43:20.813 GPU_Scheduler_0] Waiting for models to be activated: {'model_1': 'activated', 'model_2': 'deactivated', 'model_3': 'deactivated', 'model_4': 'activating', 'model_5': 'activating', 'model_6': 'deactivated'}
[2026-08-22 11:43:20.824 GPU_Scheduler_0] Waiting for models to be activated: {'model_1': 'activated', 'model_2': 'deactivated', 'model_3': 'deactivated', 'model_4': 'activating', 'model_5': 'activating', 'model_6': 'deactivated'}
[2026-08-22 11:43:20.834 GPU_Scheduler_0] Waiting for models to be activated: {'model_1': 'activated', 'model_2': 'deactivated', 'model_3': 'deactivated', 'model_4': 'activating', 'model_5': 'activating', 'model_6': 'deactivated'}
[2026-08-22 11:43:20.844 GPU_Scheduler_0] Waiting for models to be activated: {'model_1': 'activated', 'model_2': 'deactivated', 'model_3': 'deactivated', 'model_4': 'activating', 'model_5': 'activating', 'model_6': 'deactivated'}
[2026-08-22 11:43:20.855 GPU_Scheduler_0] Waiting for models to be activated: {'model_1': 'activated', 'model_2': 'deactivated', 'model_3': 'deactivated', 'model_4': 'activating', 'model_5': 'activating', 'model_6': 'deactivated'}
[2026-08-22 11:43:20.865 GPU_Scheduler_0] Waiting for models to be activated: {'model_1': 'activated', 'model_2': 'deactivated', 'model_3': 'deactivated', 'model_4': 'activating', 'model_5': 'activating', 'model_6': 'deactivated'}
[2026-08-22 11:43:20.875 GPU_Scheduler_0] Waiting for models to be activated: {'model_1': 'activated', 'model_2': 'deactivated', 'model_3': 'deactivated', 'model_4': 'activating', 'model_5': 'activating', 'model_6': 'deactivated'}
[2026-08-22 11:43:20.886 GPU_Scheduler_0] Waiting for models to be activated: {'model_1': 'activated', 'model_2': 'deactivated', 'model_3': 'deactivated', 'model_4': 'activating', 'model_5': 'activating', 'model_6': 'deactivated'}
[2026-08-22 11:43:20.896 GPU_Scheduler_0] Waiting for models to be activated: {'model_1': 'activated', 'model_2': 'deactivated', 'model_3': 'deactivated', 'model_4': 'activating', 'model_5': 'activating', 'model_6': 'deactivated'}
[2026-08-22 11:43:20.906 GPU_Scheduler_0] Waiting for models to be activated: {'model_1': 'activated', 'model_2': 'deactivated', 'model_3': 'deactivated', 'model_4': 'activating', 'model_5': 'activating', 'model_6': 'deactivated'}
[2026-08-22 11:43:20.917 GPU_Scheduler_0] Waiting for models to be activated: {'model_1': 'activated', 'model_2': 'deactivated', 'model_3': 'deactivated', 'model_4': 'activating', 'model_5': 'activating', 'model_6': 'deactivated'}
[2026-08-22 11:43:20.927 GPU_Scheduler_0] Waiting for models to be activated: {'model_1': 'activated', 'model_2': 'deactivated', 'model_3': 'deactivated', 'model_4': 'activating', 'model_5': 'activating', 'model_6': 'deactivated'}
[2026-08-22 11:43:20.937 GPU_Scheduler_0] Waiting for models to be activated: {'model_1': 'activated', 'model_2': 'deactivated', 'model_3': 'deactivated', 'model_4': 'activating', 'model_5': 'activating', 'model_6': 'deactivated'}
[2026-08-22 11:43:20.948 GPU_Scheduler_0] Waiting for models to be activated: {'model_1': 'activated', 'model_2': 'deactivated', 'model_3': 'deactivated', 'model_4': 'activating', 'model_5': 'activating', 'model_6': 'deactivated'}
[2026-08-22 11:43:20.958 GPU_Scheduler_0] Waiting for models to be activated: {'model_1': 'activated', 'model_2': 'deactivated', 'model_3': 'deactivated', 'model_4': 'activating', 'model_5': 'activating', 'model_6': 'deactivated'}
[2026-08-22 11:43:20.968 GPU_Scheduler_0] Waiting for models to be activated: {'model_1': 'activated', 'model_2': 'deactivated', 'model_3': 'deactivated', 'model_4': 'activating', 'model_5': 'activating', 'model_6': 'deactivated'}
[2026-08-22 11:43:20.979 GPU_Scheduler_0] Waiting for models to be activated: {'model_1': 'activated', 'model_2': 'deactivated', 'model_3': 'deactivated', 'model_4': 'activating', 'model_5': 'activating', 'model_6': 'deactivated'}
[2026-08-22 11:43:20.989 GPU_Scheduler_0] Waiting for models to be activated: {'model_1': 'activated', 'model_2': 'deactivated', 'model_3': 'deactivated', 'model_4': 'activating', 'model_5': 'activating', 'model_6': 'deactivated'}
[2026-08-22 11:43:20.999 GPU_Scheduler_0] Waiting for models to be activated: {'model_1': 'activated', 'model_2': 'deactivated', 'model_3': 'deactivated', 'model_4': 'activating', 'model_5': 'activating', 'model_6': 'deactivated'}
[2026-08-22 11:43:21.010 GPU_Scheduler_0] Waiting for models to be activated: {'model_1': 'activated', 'model_2': 'deactivated', 'model_3': 'deactivated', 'model_4': 'activating', 'model_5': 'activating', 'model_6': 'deactivated'}
[2026-08-22 11:43:21.021 GPU_Scheduler_0] Waiting for models to be activated: {'model_1': 'activated', 'model_2': 'deactivated', 'model_3': 'deactivated', 'model_4': 'activating', 'model_5': 'activating', 'model_6': 'deactivated'}
[2026-08-22 11:43:21.031 GPU_Scheduler_0] Waiting for models to be activated: {'model_1': 'activated', 'model_2': 'deactivated', 'model_3': 'deactivated', 'model_4': 'activating', 'model_5': 'activating', 'model_6': 'deactivated'}
[2026-08-22 11:43:21.041 GPU_Scheduler_0] Waiting for models to be activated: {'model_1': 'activated', 'model_2': 'deactivated', 'model_3': 'deactivated', 'model_4': 'activating', 'model_5': 'activating', 'model_6': 'deactivated'}
[2026-08-22 11:43:21.052 GPU_Scheduler_0] Waiting for models to be activated: {'model_1': 'activated', 'model_2': 'deactivated', 'model_3': 'deactivated', 'model_4': 'activating', 'model_5': 'activating', 'model_6': 'deactivated'}
[2026-08-22 11:43:21.062 GPU_Scheduler_0] Waiting for models to be activated: {'model_1': 'activated', 'model_2': 'deactivated', 'model_3': 'deactivated', 'model_4': 'activating', 'model_5': 'activating', 'model_6': 'deactivated'}
[2026-08-22 11:43:21.072 GPU_Scheduler_0] Waiting for models to be activated: {'model_1': 'activated', 'model_2': 'deactivated', 'model_3': 'deactivated', 'model_4': 'activating', 'model_5': 'activating', 'model_6': 'deactivated'}
[2026-08-22 11:43:21.083 GPU_Scheduler_0] Waiting for models to be activated: {'model_1': 'activated', 'model_2': 'deactivated', 'model_3': 'deactivated', 'model_4': 'activating', 'model_5': 'activating', 'model_6': 'deactivated'}
[2026-08-22 11:43:21.093 GPU_Scheduler_0] Waiting for models to be activated: {'model_1': 'activated', 'model_2': 'deactivated', 'model_3': 'deactivated', 'model_4': 'activating', 'model_5': 'activating', 'model_6': 'deactivated'}
[2026-08-22 11:43:21.103 GPU_Scheduler_0] Waiting for models to be activated: {'model_1': 'activated', 'model_2': 'deactivated', 'model_3': 'deactivated', 'model_4': 'activating', 'model_5': 'activating', 'model_6': 'deactivated'}
[2026-08-22 11:43:21.113 GPU_Scheduler_0] Waiting for models to be activated: {'model_1': 'activated', 'model_2': 'deactivated', 'model_3': 'deactivated', 'model_4': 'activating', 'model_5': 'activating', 'model_6': 'deactivated'}
[2026-08-22 11:43:21.124 GPU_Scheduler_0] Waiting for models to be activated: {'model_1': 'activated', 'model_2': 'deactivated', 'model_3': 'deactivated', 'model_4': 'activating', 'model_5': 'activating', 'model_6': 'deactivated'}
[2026-08-22 11:43:21.134 GPU_Scheduler_0] Waiting for models to be activated: {'model_1': 'activated', 'model_2': 'deactivated', 'model_3': 'deactivated', 'model_4': 'activating', 'model_5': 'activating', 'model_6': 'deactivated'}
[2026-08-22 11:43:21.144 GPU_Scheduler_0] Waiting for models to be activated: {'model_1': 'activated', 'model_2': 'deactivated', 'model_3': 'deactivated', 'model_4': 'activating', 'model_5': 'activating', 'model_6': 'deactivated'}
[2026-08-22 11:43:21.155 GPU_Scheduler_0] Waiting for models to be activated: {'model_1': 'activated', 'model_2': 'deactivated', 'model_3': 'deactivated', 'model_4': 'activating', 'model_5': 'activating', 'model_6': 'deactivated'}
[2026-08-22 11:43:21.165 GPU_Scheduler_0] Waiting for models to be activated: {'model_1': 'activated', 'model_2': 'deactivated', 'model_3': 'deactivated', 'model_4': 'activating', 'model_5': 'activating', 'model_6': 'deactivated'}
[2026-08-22 11:43:21.175 GPU_Scheduler_0] Waiting for models to be activated: {'model_1': 'activated', 'model_2': 'deactivated', 'model_3': 'deactivated', 'model_4': 'activating', 'model_5': 'activating', 'model_6': 'deactivated'}
[2026-08-22 11:43:21.186 GPU_Scheduler_0] Waiting for models to be activated: {'model_1': 'activated', 'model_2': 'deactivated', 'model_3': 'deactivated', 'model_4': 'activating', 'model_5': 'activating', 'model_6': 'deactivated'}
[2026-08-22 11:43:21.196 GPU_Scheduler_0] Waiting for models to be activated: {'model_1': 'activated', 'model_2': 'deactivated', 'model_3': 'deactivated', 'model_4': 'activating', 'model_5': 'activating', 'model_6': 'deactivated'}
[2026-08-22 11:43:21.206 GPU_Scheduler_0] Waiting for models to be activated: {'model_1': 'activated', 'model_2': 'deactivated', 'model_3': 'deactivated', 'model_4': 'activating', 'model_5': 'activating', 'model_6': 'deactivated'}
[2026-08-22 11:43:21.216 GPU_Scheduler_0] Waiting for models to be activated: {'model_1': 'activated', 'model_2': 'deactivated', 'model_3': 'deactivated', 'model_4': 'activating', 'model_5': 'activating', 'model_6': 'deactivated'}
[2026-08-22 11:43:21.227 GPU_Scheduler_0] Waiting for models to be activated: {'model_1': 'activated', 'model_2': 'deactivated', 'model_3': 'deactivated', 'model_4': 'activating', 'model_5': 'activating', 'model_6': 'deactivated'}
[2026-08-22 11:43:21.237 GPU_Scheduler_0] Waiting for models to be activated: {'model_1': 'activated', 'model_2': 'deactivated', 'model_3': 'deactivated', 'model_4': 'activating', 'model_5': 'activating', 'model_6': 'deactivated'}
[2026-08-22 11:43:21.247 GPU_Scheduler_0] Waiting for models to be activated: {'model_1': 'activated', 'model_2': 'deactivated', 'model_3': 'deactivated', 'model_4': 'activating', 'model_5': 'activating', 'model_6': 'deactivated'}
[2026-08-22 11:43:21.258 GPU_Scheduler_0] Waiting for models to be activated: {'model_1': 'activated', 'model_2': 'deactivated', 'model_3': 'deactivated', 'model_4': 'activating', 'model_5': 'activating', 'model_6': 'deactivated'}
[2026-08-22 11:43:21.268 GPU_Scheduler_0] Waiting for models to be activated: {'model_1': 'activated', 'model_2': 'deactivated', 'model_3': 'deactivated', 'model_4': 'activating', 'model_5': 'activating', 'model_6': 'deactivated'}
[2026-08-22 11:43:21.278 GPU_Scheduler_0] Waiting for models to be activated: {'model_1': 'activated', 'model_2': 'deactivated', 'model_3': 'deactivated', 'model_4': 'activating', 'model_5': 'activating', 'model_6': 'deactivated'}
[2026-08-22 11:43:21.288 GPU_Scheduler_0] Waiting for models to be activated: {'model_1': 'activated', 'model_2': 'deactivated', 'model_3': 'deactivated', 'model_4': 'activating', 'model_5': 'activating', 'model_6': 'deactivated'}
[2026-08-22 11:43:21.299 GPU_Scheduler_0] Waiting for models to be activated: {'model_1': 'activated', 'model_2': 'deactivated', 'model_3': 'deactivated', 'model_4': 'activating', 'model_5': 'activating', 'model_6': 'deactivated'}
[2026-08-22 11:43:21.309 GPU_Scheduler_0] Waiting for models to be activated: {'model_1': 'activated', 'model_2': 'deactivated', 'model_3': 'deactivated', 'model_4': 'activating', 'model_5': 'activating', 'model_6': 'deactivated'}
[2026-08-22 11:43:21.319 GPU_Scheduler_0] Waiting for models to be activated: {'model_1': 'activated', 'model_2': 'deactivated', 'model_3': 'deactivated', 'model_4': 'activating', 'model_5': 'activating', 'model_6': 'deactivated'}
[2026-08-22 11:43:21.330 GPU_Scheduler_0] Waiting for models to be activated: {'model_1': 'activated', 'model_2': 'deactivated', 'model_3': 'deactivated', 'model_4': 'activating', 'model_5': 'activating', 'model_6': 'deactivated'}
[2026-08-22 11:43:21.341 GPU_Scheduler_0] Waiting for models to be activated: {'model_1': 'activated', 'model_2': 'deactivated', 'model_3': 'deactivated', 'model_4': 'activating', 'model_5': 'activating', 'model_6': 'deactivated'}
[2026-08-22 11:43:21.351 GPU_Scheduler_0] Waiting for models to be activated: {'model_1': 'activated', 'model_2': 'deactivated', 'model_3': 'deactivated', 'model_4': 'activating', 'model_5': 'activating', 'model_6': 'deactivated'}
[2026-08-22 11:43:21.361 GPU_Scheduler_0] Waiting for models to be activated: {'model_1': 'activated', 'model_2': 'deactivated', 'model_3': 'deactivated', 'model_4': 'activating', 'model_5': 'activating', 'model_6': 'deactivated'}
[2026-08-22 11:43:21.372 GPU_Scheduler_0] Waiting for models to be activated: {'model_1': 'activated', 'model_2': 'deactivated', 'model_3': 'deactivated', 'model_4': 'activating', 'model_5': 'activating', 'model_6': 'deactivated'}
[2026-08-22 11:43:21.382 GPU_Scheduler_0] Model model_4 (instance 0) activation succeeded on GPU 0
[2026-08-22 11:43:21.382 GPU_Scheduler_0] Waiting for models to be activated: {'model_1': 'activated', 'model_2': 'deactivated', 'model_3': 'deactivated', 'model_4': 'activated', 'model_5': 'activating', 'model_6': 'deactivated'}
[2026-08-22 11:43:21.392 GPU_Scheduler_0] Waiting for models to be activated: {'model_1': 'activated', 'model_2': 'deactivated', 'model_3': 'deactivated', 'model_4': 'activated', 'model_5': 'activating', 'model_6': 'deactivated'}
[2026-08-22 11:43:21.403 GPU_Scheduler_0] Waiting for models to be activated: {'model_1': 'activated', 'model_2': 'deactivated', 'model_3': 'deactivated', 'model_4': 'activated', 'model_5': 'activating', 'model_6': 'deactivated'}
[2026-08-22 11:43:21.413 GPU_Scheduler_0] Waiting for models to be activated: {'model_1': 'activated', 'model_2': 'deactivated', 'model_3': 'deactivated', 'model_4': 'activated', 'model_5': 'activating', 'model_6': 'deactivated'}
[2026-08-22 11:43:21.423 GPU_Scheduler_0] Waiting for models to be activated: {'model_1': 'activated', 'model_2': 'deactivated', 'model_3': 'deactivated', 'model_4': 'activated', 'model_5': 'activating', 'model_6': 'deactivated'}
[2026-08-22 11:43:21.434 GPU_Scheduler_0] Waiting for models to be activated: {'model_1': 'activated', 'model_2': 'deactivated', 'model_3': 'deactivated', 'model_4': 'activated', 'model_5': 'activating', 'model_6': 'deactivated'}
[2026-08-22 11:43:21.444 GPU_Scheduler_0] Waiting for models to be activated: {'model_1': 'activated', 'model_2': 'deactivated', 'model_3': 'deactivated', 'model_4': 'activated', 'model_5': 'activating', 'model_6': 'deactivated'}
[2026-08-22 11:43:21.454 GPU_Scheduler_0] Waiting for models to be activated: {'model_1': 'activated', 'model_2': 'deactivated', 'model_3': 'deactivated', 'model_4': 'activated', 'model_5': 'activating', 'model_6': 'deactivated'}
[2026-08-22 11:43:21.465 GPU_Scheduler_0] Waiting for models to be activated: {'model_1': 'activated', 'model_2': 'deactivated', 'model_3': 'deactivated', 'model_4': 'activated', 'model_5': 'activating', 'model_6': 'deactivated'}
[2026-08-22 11:43:21.475 GPU_Scheduler_0] Waiting for models to be activated: {'model_1': 'activated', 'model_2': 'deactivated', 'model_3': 'deactivated', 'model_4': 'activated', 'model_5': 'activating', 'model_6': 'deactivated'}
[2026-08-22 11:43:21.486 GPU_Scheduler_0] Waiting for models to be activated: {'model_1': 'activated', 'model_2': 'deactivated', 'model_3': 'deactivated', 'model_4': 'activated', 'model_5': 'activating', 'model_6': 'deactivated'}
[2026-08-22 11:43:21.496 GPU_Scheduler_0] Waiting for models to be activated: {'model_1': 'activated', 'model_2': 'deactivated', 'model_3': 'deactivated', 'model_4': 'activated', 'model_5': 'activating', 'model_6': 'deactivated'}
[2026-08-22 11:43:21.506 GPU_Scheduler_0] Waiting for models to be activated: {'model_1': 'activated', 'model_2': 'deactivated', 'model_3': 'deactivated', 'model_4': 'activated', 'model_5': 'activating', 'model_6': 'deactivated'}
[2026-08-22 11:43:21.516 GPU_Scheduler_0] Waiting for models to be activated: {'model_1': 'activated', 'model_2': 'deactivated', 'model_3': 'deactivated', 'model_4': 'activated', 'model_5': 'activating', 'model_6': 'deactivated'}
[2026-08-22 11:43:21.527 GPU_Scheduler_0] Waiting for models to be activated: {'model_1': 'activated', 'model_2': 'deactivated', 'model_3': 'deactivated', 'model_4': 'activated', 'model_5': 'activating', 'model_6': 'deactivated'}
[2026-08-22 11:43:21.537 GPU_Scheduler_0] Waiting for models to be activated: {'model_1': 'activated', 'model_2': 'deactivated', 'model_3': 'deactivated', 'model_4': 'activated', 'model_5': 'activating', 'model_6': 'deactivated'}
[2026-08-22 11:43:21.548 GPU_Scheduler_0] Waiting for models to be activated: {'model_1': 'activated', 'model_2': 'deactivated', 'model_3': 'deactivated', 'model_4': 'activated', 'model_5': 'activating', 'model_6': 'deactivated'}
[2026-08-22 11:43:21.558 GPU_Scheduler_0] Waiting for models to be activated: {'model_1': 'activated', 'model_2': 'deactivated', 'model_3': 'deactivated', 'model_4': 'activated', 'model_5': 'activating', 'model_6': 'deactivated'}
[2026-08-22 11:43:21.569 GPU_Scheduler_0] Waiting for models to be activated: {'model_1': 'activated', 'model_2': 'deactivated', 'model_3': 'deactivated', 'model_4': 'activated', 'model_5': 'activating', 'model_6': 'deactivated'}
[2026-08-22 11:43:21.579 GPU_Scheduler_0] Waiting for models to be activated: {'model_1': 'activated', 'model_2': 'deactivated', 'model_3': 'deactivated', 'model_4': 'activated', 'model_5': 'activating', 'model_6': 'deactivated'}
[2026-08-22 11:43:21.590 GPU_Scheduler_0] Waiting for models to be activated: {'model_1': 'activated', 'model_2': 'deactivated', 'model_3': 'deactivated', 'model_4': 'activated', 'model_5': 'activating', 'model_6': 'deactivated'}
[2026-08-22 11:43:21.600 GPU_Scheduler_0] Waiting for models to be activated: {'model_1': 'activated', 'model_2': 'deactivated', 'model_3': 'deactivated', 'model_4': 'activated', 'model_5': 'activating', 'model_6': 'deactivated'}
[2026-08-22 11:43:21.611 GPU_Scheduler_0] Waiting for models to be activated: {'model_1': 'activated', 'model_2': 'deactivated', 'model_3': 'deactivated', 'model_4': 'activated', 'model_5': 'activating', 'model_6': 'deactivated'}
[2026-08-22 11:43:21.621 GPU_Scheduler_0] Waiting for models to be activated: {'model_1': 'activated', 'model_2': 'deactivated', 'model_3': 'deactivated', 'model_4': 'activated', 'model_5': 'activating', 'model_6': 'deactivated'}
[2026-08-22 11:43:21.632 GPU_Scheduler_0] Waiting for models to be activated: {'model_1': 'activated', 'model_2': 'deactivated', 'model_3': 'deactivated', 'model_4': 'activated', 'model_5': 'activating', 'model_6': 'deactivated'}
[2026-08-22 11:43:21.642 GPU_Scheduler_0] Waiting for models to be activated: {'model_1': 'activated', 'model_2': 'deactivated', 'model_3': 'deactivated', 'model_4': 'activated', 'model_5': 'activating', 'model_6': 'deactivated'}
[2026-08-22 11:43:21.653 GPU_Scheduler_0] Waiting for models to be activated: {'model_1': 'activated', 'model_2': 'deactivated', 'model_3': 'deactivated', 'model_4': 'activated', 'model_5': 'activating', 'model_6': 'deactivated'}
[2026-08-22 11:43:21.664 GPU_Scheduler_0] Waiting for models to be activated: {'model_1': 'activated', 'model_2': 'deactivated', 'model_3': 'deactivated', 'model_4': 'activated', 'model_5': 'activating', 'model_6': 'deactivated'}
[2026-08-22 11:43:21.674 GPU_Scheduler_0] Waiting for models to be activated: {'model_1': 'activated', 'model_2': 'deactivated', 'model_3': 'deactivated', 'model_4': 'activated', 'model_5': 'activating', 'model_6': 'deactivated'}
[2026-08-22 11:43:21.685 GPU_Scheduler_0] Waiting for models to be activated: {'model_1': 'activated', 'model_2': 'deactivated', 'model_3': 'deactivated', 'model_4': 'activated', 'model_5': 'activating', 'model_6': 'deactivated'}
[2026-08-22 11:43:21.695 GPU_Scheduler_0] Waiting for models to be activated: {'model_1': 'activated', 'model_2': 'deactivated', 'model_3': 'deactivated', 'model_4': 'activated', 'model_5': 'activating', 'model_6': 'deactivated'}
[2026-08-22 11:43:21.706 GPU_Scheduler_0] Waiting for models to be activated: {'model_1': 'activated', 'model_2': 'deactivated', 'model_3': 'deactivated', 'model_4': 'activated', 'model_5': 'activating', 'model_6': 'deactivated'}
[2026-08-22 11:43:21.716 GPU_Scheduler_0] Waiting for models to be activated: {'model_1': 'activated', 'model_2': 'deactivated', 'model_3': 'deactivated', 'model_4': 'activated', 'model_5': 'activating', 'model_6': 'deactivated'}
[2026-08-22 11:43:21.727 GPU_Scheduler_0] Waiting for models to be activated: {'model_1': 'activated', 'model_2': 'deactivated', 'model_3': 'deactivated', 'model_4': 'activated', 'model_5': 'activating', 'model_6': 'deactivated'}
[2026-08-22 11:43:21.737 GPU_Scheduler_0] Waiting for models to be activated: {'model_1': 'activated', 'model_2': 'deactivated', 'model_3': 'deactivated', 'model_4': 'activated', 'model_5': 'activating', 'model_6': 'deactivated'}
[2026-08-22 11:43:21.748 GPU_Scheduler_0] Waiting for models to be activated: {'model_1': 'activated', 'model_2': 'deactivated', 'model_3': 'deactivated', 'model_4': 'activated', 'model_5': 'activating', 'model_6': 'deactivated'}
[2026-08-22 11:43:21.758 GPU_Scheduler_0] Waiting for models to be activated: {'model_1': 'activated', 'model_2': 'deactivated', 'model_3': 'deactivated', 'model_4': 'activated', 'model_5': 'activating', 'model_6': 'deactivated'}
[2026-08-22 11:43:21.769 GPU_Scheduler_0] Waiting for models to be activated: {'model_1': 'activated', 'model_2': 'deactivated', 'model_3': 'deactivated', 'model_4': 'activated', 'model_5': 'activating', 'model_6': 'deactivated'}
[2026-08-22 11:43:21.779 GPU_Scheduler_0] Waiting for models to be activated: {'model_1': 'activated', 'model_2': 'deactivated', 'model_3': 'deactivated', 'model_4': 'activated', 'model_5': 'activating', 'model_6': 'deactivated'}
[2026-08-22 11:43:21.790 GPU_Scheduler_0] Waiting for models to be activated: {'model_1': 'activated', 'model_2': 'deactivated', 'model_3': 'deactivated', 'model_4': 'activated', 'model_5': 'activating', 'model_6': 'deactivated'}
[2026-08-22 11:43:21.800 GPU_Scheduler_0] Waiting for models to be activated: {'model_1': 'activated', 'model_2': 'deactivated', 'model_3': 'deactivated', 'model_4': 'activated', 'model_5': 'activating', 'model_6': 'deactivated'}
[2026-08-22 11:43:21.811 GPU_Scheduler_0] Waiting for models to be activated: {'model_1': 'activated', 'model_2': 'deactivated', 'model_3': 'deactivated', 'model_4': 'activated', 'model_5': 'activating', 'model_6': 'deactivated'}
[2026-08-22 11:43:21.821 GPU_Scheduler_0] Waiting for models to be activated: {'model_1': 'activated', 'model_2': 'deactivated', 'model_3': 'deactivated', 'model_4': 'activated', 'model_5': 'activating', 'model_6': 'deactivated'}
[2026-08-22 11:43:21.832 GPU_Scheduler_0] Waiting for models to be activated: {'model_1': 'activated', 'model_2': 'deactivated', 'model_3': 'deactivated', 'model_4': 'activated', 'model_5': 'activating', 'model_6': 'deactivated'}
[2026-08-22 11:43:21.842 GPU_Scheduler_0] Waiting for models to be activated: {'model_1': 'activated', 'model_2': 'deactivated', 'model_3': 'deactivated', 'model_4': 'activated', 'model_5': 'activating', 'model_6': 'deactivated'}
[2026-08-22 11:43:21.853 GPU_Scheduler_0] Waiting for models to be activated: {'model_1': 'activated', 'model_2': 'deactivated', 'model_3': 'deactivated', 'model_4': 'activated', 'model_5': 'activating', 'model_6': 'deactivated'}
[2026-08-22 11:43:21.863 GPU_Scheduler_0] Waiting for models to be activated: {'model_1': 'activated', 'model_2': 'deactivated', 'model_3': 'deactivated', 'model_4': 'activated', 'model_5': 'activating', 'model_6': 'deactivated'}
[2026-08-22 11:43:21.874 GPU_Scheduler_0] Waiting for models to be activated: {'model_1': 'activated', 'model_2': 'deactivated', 'model_3': 'deactivated', 'model_4': 'activated', 'model_5': 'activating', 'model_6': 'deactivated'}
[2026-08-22 11:43:21.884 GPU_Scheduler_0] Waiting for models to be activated: {'model_1': 'activated', 'model_2': 'deactivated', 'model_3': 'deactivated', 'model_4': 'activated', 'model_5': 'activating', 'model_6': 'deactivated'}
[2026-08-22 11:43:21.895 GPU_Scheduler_0] Waiting for models to be activated: {'model_1': 'activated', 'model_2': 'deactivated', 'model_3': 'deactivated', 'model_4': 'activated', 'model_5': 'activating', 'model_6': 'deactivated'}
[2026-08-22 11:43:21.905 GPU_Scheduler_0] Waiting for models to be activated: {'model_1': 'activated', 'model_2': 'deactivated', 'model_3': 'deactivated', 'model_4': 'activated', 'model_5': 'activating', 'model_6': 'deactivated'}
[2026-08-22 11:43:21.916 GPU_Scheduler_0] Waiting for models to be activated: {'model_1': 'activated', 'model_2': 'deactivated', 'model_3': 'deactivated', 'model_4': 'activated', 'model_5': 'activating', 'model_6': 'deactivated'}
[2026-08-22 11:43:21.926 GPU_Scheduler_0] Waiting for models to be activated: {'model_1': 'activated', 'model_2': 'deactivated', 'model_3': 'deactivated', 'model_4': 'activated', 'model_5': 'activating', 'model_6': 'deactivated'}
[2026-08-22 11:43:21.937 GPU_Scheduler_0] Waiting for models to be activated: {'model_1': 'activated', 'model_2': 'deactivated', 'model_3': 'deactivated', 'model_4': 'activated', 'model_5': 'activating', 'model_6': 'deactivated'}
[2026-08-22 11:43:21.947 GPU_Scheduler_0] Waiting for models to be activated: {'model_1': 'activated', 'model_2': 'deactivated', 'model_3': 'deactivated', 'model_4': 'activated', 'model_5': 'activating', 'model_6': 'deactivated'}
[2026-08-22 11:43:21.958 GPU_Scheduler_0] Waiting for models to be activated: {'model_1': 'activated', 'model_2': 'deactivated', 'model_3': 'deactivated', 'model_4': 'activated', 'model_5': 'activating', 'model_6': 'deactivated'}
[2026-08-22 11:43:21.968 GPU_Scheduler_0] Waiting for models to be activated: {'model_1': 'activated', 'model_2': 'deactivated', 'model_3': 'deactivated', 'model_4': 'activated', 'model_5': 'activating', 'model_6': 'deactivated'}
[2026-08-22 11:43:21.979 GPU_Scheduler_0] Waiting for models to be activated: {'model_1': 'activated', 'model_2': 'deactivated', 'model_3': 'deactivated', 'model_4': 'activated', 'model_5': 'activating', 'model_6': 'deactivated'}
[2026-08-22 11:43:21.990 GPU_Scheduler_0] Waiting for models to be activated: {'model_1': 'activated', 'model_2': 'deactivated', 'model_3': 'deactivated', 'model_4': 'activated', 'model_5': 'activating', 'model_6': 'deactivated'}
[2026-08-22 11:43:22.000 GPU_Scheduler_0] Waiting for models to be activated: {'model_1': 'activated', 'model_2': 'deactivated', 'model_3': 'deactivated', 'model_4': 'activated', 'model_5': 'activating', 'model_6': 'deactivated'}
[2026-08-22 11:43:22.011 GPU_Scheduler_0] Waiting for models to be activated: {'model_1': 'activated', 'model_2': 'deactivated', 'model_3': 'deactivated', 'model_4': 'activated', 'model_5': 'activating', 'model_6': 'deactivated'}
[2026-08-22 11:43:22.021 GPU_Scheduler_0] Waiting for models to be activated: {'model_1': 'activated', 'model_2': 'deactivated', 'model_3': 'deactivated', 'model_4': 'activated', 'model_5': 'activating', 'model_6': 'deactivated'}
[2026-08-22 11:43:22.032 GPU_Scheduler_0] Waiting for models to be activated: {'model_1': 'activated', 'model_2': 'deactivated', 'model_3': 'deactivated', 'model_4': 'activated', 'model_5': 'activating', 'model_6': 'deactivated'}
[2026-08-22 11:43:22.042 GPU_Scheduler_0] Waiting for models to be activated: {'model_1': 'activated', 'model_2': 'deactivated', 'model_3': 'deactivated', 'model_4': 'activated', 'model_5': 'activating', 'model_6': 'deactivated'}
[2026-08-22 11:43:22.053 GPU_Scheduler_0] Waiting for models to be activated: {'model_1': 'activated', 'model_2': 'deactivated', 'model_3': 'deactivated', 'model_4': 'activated', 'model_5': 'activating', 'model_6': 'deactivated'}
[2026-08-22 11:43:22.064 GPU_Scheduler_0] Waiting for models to be activated: {'model_1': 'activated', 'model_2': 'deactivated', 'model_3': 'deactivated', 'model_4': 'activated', 'model_5': 'activating', 'model_6': 'deactivated'}
[2026-08-22 11:43:22.074 GPU_Scheduler_0] Waiting for models to be activated: {'model_1': 'activated', 'model_2': 'deactivated', 'model_3': 'deactivated', 'model_4': 'activated', 'model_5': 'activating', 'model_6': 'deactivated'}
[2026-08-22 11:43:22.085 GPU_Scheduler_0] Waiting for models to be activated: {'model_1': 'activated', 'model_2': 'deactivated', 'model_3': 'deactivated', 'model_4': 'activated', 'model_5': 'activating', 'model_6': 'deactivated'}
[2026-08-22 11:43:22.095 GPU_Scheduler_0] Waiting for models to be activated: {'model_1': 'activated', 'model_2': 'deactivated', 'model_3': 'deactivated', 'model_4': 'activated', 'model_5': 'activating', 'model_6': 'deactivated'}
[2026-08-22 11:43:22.106 GPU_Scheduler_0] Waiting for models to be activated: {'model_1': 'activated', 'model_2': 'deactivated', 'model_3': 'deactivated', 'model_4': 'activated', 'model_5': 'activating', 'model_6': 'deactivated'}
[2026-08-22 11:43:22.116 GPU_Scheduler_0] Waiting for models to be activated: {'model_1': 'activated', 'model_2': 'deactivated', 'model_3': 'deactivated', 'model_4': 'activated', 'model_5': 'activating', 'model_6': 'deactivated'}
[2026-08-22 11:43:22.127 GPU_Scheduler_0] Waiting for models to be activated: {'model_1': 'activated', 'model_2': 'deactivated', 'model_3': 'deactivated', 'model_4': 'activated', 'model_5': 'activating', 'model_6': 'deactivated'}
[2026-08-22 11:43:22.138 GPU_Scheduler_0] Waiting for models to be activated: {'model_1': 'activated', 'model_2': 'deactivated', 'model_3': 'deactivated', 'model_4': 'activated', 'model_5': 'activating', 'model_6': 'deactivated'}
[2026-08-22 11:43:22.148 GPU_Scheduler_0] Waiting for models to be activated: {'model_1': 'activated', 'model_2': 'deactivated', 'model_3': 'deactivated', 'model_4': 'activated', 'model_5': 'activating', 'model_6': 'deactivated'}
[2026-08-22 11:43:22.159 GPU_Scheduler_0] Waiting for models to be activated: {'model_1': 'activated', 'model_2': 'deactivated', 'model_3': 'deactivated', 'model_4': 'activated', 'model_5': 'activating', 'model_6': 'deactivated'}
[2026-08-22 11:43:22.169 GPU_Scheduler_0] Waiting for models to be activated: {'model_1': 'activated', 'model_2': 'deactivated', 'model_3': 'deactivated', 'model_4': 'activated', 'model_5': 'activating', 'model_6': 'deactivated'}
[2026-08-22 11:43:22.180 GPU_Scheduler_0] Waiting for models to be activated: {'model_1': 'activated', 'model_2': 'deactivated', 'model_3': 'deactivated', 'model_4': 'activated', 'model_5': 'activating', 'model_6': 'deactivated'}
[2026-08-22 11:43:22.190 GPU_Scheduler_0] Waiting for models to be activated: {'model_1': 'activated', 'model_2': 'deactivated', 'model_3': 'deactivated', 'model_4': 'activated', 'model_5': 'activating', 'model_6': 'deactivated'}
[2026-08-22 11:43:22.201 GPU_Scheduler_0] Waiting for models to be activated: {'model_1': 'activated', 'model_2': 'deactivated', 'model_3': 'deactivated', 'model_4': 'activated', 'model_5': 'activating', 'model_6': 'deactivated'}
[2026-08-22 11:43:22.212 GPU_Scheduler_0] Waiting for models to be activated: {'model_1': 'activated', 'model_2': 'deactivated', 'model_3': 'deactivated', 'model_4': 'activated', 'model_5': 'activating', 'model_6': 'deactivated'}
[2026-08-22 11:43:22.222 GPU_Scheduler_0] Waiting for models to be activated: {'model_1': 'activated', 'model_2': 'deactivated', 'model_3': 'deactivated', 'model_4': 'activated', 'model_5': 'activating', 'model_6': 'deactivated'}
[2026-08-22 11:43:22.233 GPU_Scheduler_0] Waiting for models to be activated: {'model_1': 'activated', 'model_2': 'deactivated', 'model_3': 'deactivated', 'model_4': 'activated', 'model_5': 'activating', 'model_6': 'deactivated'}
[2026-08-22 11:43:22.243 GPU_Scheduler_0] Waiting for models to be activated: {'model_1': 'activated', 'model_2': 'deactivated', 'model_3': 'deactivated', 'model_4': 'activated', 'model_5': 'activating', 'model_6': 'deactivated'}
[2026-08-22 11:43:22.254 GPU_Scheduler_0] Waiting for models to be activated: {'model_1': 'activated', 'model_2': 'deactivated', 'model_3': 'deactivated', 'model_4': 'activated', 'model_5': 'activating', 'model_6': 'deactivated'}
[2026-08-22 11:43:22.265 GPU_Scheduler_0] Waiting for models to be activated: {'model_1': 'activated', 'model_2': 'deactivated', 'model_3': 'deactivated', 'model_4': 'activated', 'model_5': 'activating', 'model_6': 'deactivated'}
[2026-08-22 11:43:22.275 GPU_Scheduler_0] Waiting for models to be activated: {'model_1': 'activated', 'model_2': 'deactivated', 'model_3': 'deactivated', 'model_4': 'activated', 'model_5': 'activating', 'model_6': 'deactivated'}
[2026-08-22 11:43:22.286 GPU_Scheduler_0] Waiting for models to be activated: {'model_1': 'activated', 'model_2': 'deactivated', 'model_3': 'deactivated', 'model_4': 'activated', 'model_5': 'activating', 'model_6': 'deactivated'}
[2026-08-22 11:43:22.296 GPU_Scheduler_0] Waiting for models to be activated: {'model_1': 'activated', 'model_2': 'deactivated', 'model_3': 'deactivated', 'model_4': 'activated', 'model_5': 'activating', 'model_6': 'deactivated'}
[2026-08-22 11:43:22.307 GPU_Scheduler_0] Waiting for models to be activated: {'model_1': 'activated', 'model_2': 'deactivated', 'model_3': 'deactivated', 'model_4': 'activated', 'model_5': 'activating', 'model_6': 'deactivated'}
[2026-08-22 11:43:22.318 GPU_Scheduler_0] Waiting for models to be activated: {'model_1': 'activated', 'model_2': 'deactivated', 'model_3': 'deactivated', 'model_4': 'activated', 'model_5': 'activating', 'model_6': 'deactivated'}
[2026-08-22 11:43:22.328 GPU_Scheduler_0] Waiting for models to be activated: {'model_1': 'activated', 'model_2': 'deactivated', 'model_3': 'deactivated', 'model_4': 'activated', 'model_5': 'activating', 'model_6': 'deactivated'}
[2026-08-22 11:43:22.339 GPU_Scheduler_0] Waiting for models to be activated: {'model_1': 'activated', 'model_2': 'deactivated', 'model_3': 'deactivated', 'model_4': 'activated', 'model_5': 'activating', 'model_6': 'deactivated'}
[2026-08-22 11:43:22.349 GPU_Scheduler_0] Waiting for models to be activated: {'model_1': 'activated', 'model_2': 'deactivated', 'model_3': 'deactivated', 'model_4': 'activated', 'model_5': 'activating', 'model_6': 'deactivated'}
[2026-08-22 11:43:22.360 GPU_Scheduler_0] Model model_5 (instance 0) activation succeeded on GPU 0
[2026-08-22 11:43:22.364 GPU_Scheduler_0] net_available: inf, queue_len: 0
[2026-08-22 11:43:23.367 GPU_Scheduler_0] net_available: inf, queue_len: 0
[2026-08-22 11:43:24.371 GPU_Scheduler_0] net_available: inf, queue_len: 0
[2026-08-22 11:43:25.372 GPU_Scheduler_0] net_available: inf, queue_len: 0
[2026-08-22 11:43:26.381 GPU_Scheduler_0] net_available: inf, queue_len: 0
[2026-08-22 11:43:27.367 GPU_Scheduler_0] [V5-LOOP] {"iters": 442, "t_mem": 0.007486514514312148, "t_redis": 0.33122235513292253, "t_admit": 0.004283003741875291, "t_send": 0.0008860877715051174, "t_iter": 0.3438779611606151, "admitted": 0, "iter_max": 0.0029415790922939777, "gpu_id": 0, "window_s": 5.006227970123291}
[2026-08-22 11:43:27.389 GPU_Scheduler_0] net_available: inf, queue_len: 0
[2026-08-22 11:43:28.394 GPU_Scheduler_0] net_available: inf, queue_len: 0
[2026-08-22 11:43:29.398 GPU_Scheduler_0] net_available: inf, queue_len: 0
[2026-08-22 11:43:30.405 GPU_Scheduler_0] net_available: inf, queue_len: 0
[2026-08-22 11:43:30.484 GPU_Scheduler_1] starting GPU scheduler for GPU 1
[2026-08-22 11:43:30.488 GPU_Scheduler_1] Model states init: {'model_1': 'deactivated', 'model_2': 'deactivated', 'model_3': 'deactivated', 'model_4': 'deactivated', 'model_5': 'deactivated', 'model_6': 'deactivated'}
[2026-08-22 11:43:30.488 GPU_Scheduler_1] [PAPER-TP] WorkerPool gpu=1 owned=[0, 1, 2, 3] shadow=[] {0: 1, 1: 1, 2: 1, 3: 1}
[2026-08-22 11:43:30.537 GPU_Scheduler_1] Assign worker 0 to model_2. Current model_to_worker: {'model_2': 0}
[2026-08-22 11:43:30.537 GPU_Scheduler_1] Assign worker 1 to model_3. Current model_to_worker: {'model_2': 0, 'model_3': 1}
[2026-08-22 11:43:30.537 GPU_Scheduler_1] Assign worker 2 to model_6. Current model_to_worker: {'model_2': 0, 'model_3': 1, 'model_6': 2}
[2026-08-22 11:43:30.539 GPU_Scheduler_1] Waiting for models to be activated: {'model_1': 'deactivated', 'model_2': 'activating', 'model_3': 'activating', 'model_4': 'deactivated', 'model_5': 'deactivated', 'model_6': 'activating'}
[2026-08-22 11:43:30.549 GPU_Scheduler_1] Waiting for models to be activated: {'model_1': 'deactivated', 'model_2': 'activating', 'model_3': 'activating', 'model_4': 'deactivated', 'model_5': 'deactivated', 'model_6': 'activating'}
[2026-08-22 11:43:30.559 GPU_Scheduler_1] Waiting for models to be activated: {'model_1': 'deactivated', 'model_2': 'activating', 'model_3': 'activating', 'model_4': 'deactivated', 'model_5': 'deactivated', 'model_6': 'activating'}
[2026-08-22 11:43:30.570 GPU_Scheduler_1] Waiting for models to be activated: {'model_1': 'deactivated', 'model_2': 'activating', 'model_3': 'activating', 'model_4': 'deactivated', 'model_5': 'deactivated', 'model_6': 'activating'}
[2026-08-22 11:43:30.580 GPU_Scheduler_1] Waiting for models to be activated: {'model_1': 'deactivated', 'model_2': 'activating', 'model_3': 'activating', 'model_4': 'deactivated', 'model_5': 'deactivated', 'model_6': 'activating'}
[2026-08-22 11:43:30.590 GPU_Scheduler_1] Waiting for models to be activated: {'model_1': 'deactivated', 'model_2': 'activating', 'model_3': 'activating', 'model_4': 'deactivated', 'model_5': 'deactivated', 'model_6': 'activating'}
[2026-08-22 11:43:30.600 GPU_Scheduler_1] Waiting for models to be activated: {'model_1': 'deactivated', 'model_2': 'activating', 'model_3': 'activating', 'model_4': 'deactivated', 'model_5': 'deactivated', 'model_6': 'activating'}
[2026-08-22 11:43:30.611 GPU_Scheduler_1] Waiting for models to be activated: {'model_1': 'deactivated', 'model_2': 'activating', 'model_3': 'activating', 'model_4': 'deactivated', 'model_5': 'deactivated', 'model_6': 'activating'}
[2026-08-22 11:43:30.621 GPU_Scheduler_1] Waiting for models to be activated: {'model_1': 'deactivated', 'model_2': 'activating', 'model_3': 'activating', 'model_4': 'deactivated', 'model_5': 'deactivated', 'model_6': 'activating'}
[2026-08-22 11:43:30.631 GPU_Scheduler_1] Waiting for models to be activated: {'model_1': 'deactivated', 'model_2': 'activating', 'model_3': 'activating', 'model_4': 'deactivated', 'model_5': 'deactivated', 'model_6': 'activating'}
[2026-08-22 11:43:30.641 GPU_Scheduler_1] Waiting for models to be activated: {'model_1': 'deactivated', 'model_2': 'activating', 'model_3': 'activating', 'model_4': 'deactivated', 'model_5': 'deactivated', 'model_6': 'activating'}
[2026-08-22 11:43:30.652 GPU_Scheduler_1] Waiting for models to be activated: {'model_1': 'deactivated', 'model_2': 'activating', 'model_3': 'activating', 'model_4': 'deactivated', 'model_5': 'deactivated', 'model_6': 'activating'}
[2026-08-22 11:43:30.662 GPU_Scheduler_1] Waiting for models to be activated: {'model_1': 'deactivated', 'model_2': 'activating', 'model_3': 'activating', 'model_4': 'deactivated', 'model_5': 'deactivated', 'model_6': 'activating'}
[2026-08-22 11:43:30.672 GPU_Scheduler_1] Waiting for models to be activated: {'model_1': 'deactivated', 'model_2': 'activating', 'model_3': 'activating', 'model_4': 'deactivated', 'model_5': 'deactivated', 'model_6': 'activating'}
[2026-08-22 11:43:30.682 GPU_Scheduler_1] Waiting for models to be activated: {'model_1': 'deactivated', 'model_2': 'activating', 'model_3': 'activating', 'model_4': 'deactivated', 'model_5': 'deactivated', 'model_6': 'activating'}
[2026-08-22 11:43:30.693 GPU_Scheduler_1] Waiting for models to be activated: {'model_1': 'deactivated', 'model_2': 'activating', 'model_3': 'activating', 'model_4': 'deactivated', 'model_5': 'deactivated', 'model_6': 'activating'}
[2026-08-22 11:43:30.703 GPU_Scheduler_1] Waiting for models to be activated: {'model_1': 'deactivated', 'model_2': 'activating', 'model_3': 'activating', 'model_4': 'deactivated', 'model_5': 'deactivated', 'model_6': 'activating'}
[2026-08-22 11:43:30.713 GPU_Scheduler_1] Waiting for models to be activated: {'model_1': 'deactivated', 'model_2': 'activating', 'model_3': 'activating', 'model_4': 'deactivated', 'model_5': 'deactivated', 'model_6': 'activating'}
[2026-08-22 11:43:30.723 GPU_Scheduler_1] Waiting for models to be activated: {'model_1': 'deactivated', 'model_2': 'activating', 'model_3': 'activating', 'model_4': 'deactivated', 'model_5': 'deactivated', 'model_6': 'activating'}
[2026-08-22 11:43:30.734 GPU_Scheduler_1] Waiting for models to be activated: {'model_1': 'deactivated', 'model_2': 'activating', 'model_3': 'activating', 'model_4': 'deactivated', 'model_5': 'deactivated', 'model_6': 'activating'}
[2026-08-22 11:43:30.744 GPU_Scheduler_1] Waiting for models to be activated: {'model_1': 'deactivated', 'model_2': 'activating', 'model_3': 'activating', 'model_4': 'deactivated', 'model_5': 'deactivated', 'model_6': 'activating'}
[2026-08-22 11:43:30.754 GPU_Scheduler_1] Waiting for models to be activated: {'model_1': 'deactivated', 'model_2': 'activating', 'model_3': 'activating', 'model_4': 'deactivated', 'model_5': 'deactivated', 'model_6': 'activating'}
[2026-08-22 11:43:30.764 GPU_Scheduler_1] Waiting for models to be activated: {'model_1': 'deactivated', 'model_2': 'activating', 'model_3': 'activating', 'model_4': 'deactivated', 'model_5': 'deactivated', 'model_6': 'activating'}
[2026-08-22 11:43:30.775 GPU_Scheduler_1] Waiting for models to be activated: {'model_1': 'deactivated', 'model_2': 'activating', 'model_3': 'activating', 'model_4': 'deactivated', 'model_5': 'deactivated', 'model_6': 'activating'}
[2026-08-22 11:43:30.785 GPU_Scheduler_1] Waiting for models to be activated: {'model_1': 'deactivated', 'model_2': 'activating', 'model_3': 'activating', 'model_4': 'deactivated', 'model_5': 'deactivated', 'model_6': 'activating'}
[2026-08-22 11:43:30.795 GPU_Scheduler_1] Waiting for models to be activated: {'model_1': 'deactivated', 'model_2': 'activating', 'model_3': 'activating', 'model_4': 'deactivated', 'model_5': 'deactivated', 'model_6': 'activating'}
[2026-08-22 11:43:30.805 GPU_Scheduler_1] Waiting for models to be activated: {'model_1': 'deactivated', 'model_2': 'activating', 'model_3': 'activating', 'model_4': 'deactivated', 'model_5': 'deactivated', 'model_6': 'activating'}
[2026-08-22 11:43:30.816 GPU_Scheduler_1] Waiting for models to be activated: {'model_1': 'deactivated', 'model_2': 'activating', 'model_3': 'activating', 'model_4': 'deactivated', 'model_5': 'deactivated', 'model_6': 'activating'}
[2026-08-22 11:43:30.826 GPU_Scheduler_1] Waiting for models to be activated: {'model_1': 'deactivated', 'model_2': 'activating', 'model_3': 'activating', 'model_4': 'deactivated', 'model_5': 'deactivated', 'model_6': 'activating'}
[2026-08-22 11:43:30.836 GPU_Scheduler_1] Waiting for models to be activated: {'model_1': 'deactivated', 'model_2': 'activating', 'model_3': 'activating', 'model_4': 'deactivated', 'model_5': 'deactivated', 'model_6': 'activating'}
[2026-08-22 11:43:30.847 GPU_Scheduler_1] Waiting for models to be activated: {'model_1': 'deactivated', 'model_2': 'activating', 'model_3': 'activating', 'model_4': 'deactivated', 'model_5': 'deactivated', 'model_6': 'activating'}
[2026-08-22 11:43:30.857 GPU_Scheduler_1] Waiting for models to be activated: {'model_1': 'deactivated', 'model_2': 'activating', 'model_3': 'activating', 'model_4': 'deactivated', 'model_5': 'deactivated', 'model_6': 'activating'}
[2026-08-22 11:43:30.867 GPU_Scheduler_1] Waiting for models to be activated: {'model_1': 'deactivated', 'model_2': 'activating', 'model_3': 'activating', 'model_4': 'deactivated', 'model_5': 'deactivated', 'model_6': 'activating'}
[2026-08-22 11:43:30.877 GPU_Scheduler_1] Waiting for models to be activated: {'model_1': 'deactivated', 'model_2': 'activating', 'model_3': 'activating', 'model_4': 'deactivated', 'model_5': 'deactivated', 'model_6': 'activating'}
[2026-08-22 11:43:30.887 GPU_Scheduler_1] Waiting for models to be activated: {'model_1': 'deactivated', 'model_2': 'activating', 'model_3': 'activating', 'model_4': 'deactivated', 'model_5': 'deactivated', 'model_6': 'activating'}
[2026-08-22 11:43:30.898 GPU_Scheduler_1] Waiting for models to be activated: {'model_1': 'deactivated', 'model_2': 'activating', 'model_3': 'activating', 'model_4': 'deactivated', 'model_5': 'deactivated', 'model_6': 'activating'}
[2026-08-22 11:43:30.908 GPU_Scheduler_1] Waiting for models to be activated: {'model_1': 'deactivated', 'model_2': 'activating', 'model_3': 'activating', 'model_4': 'deactivated', 'model_5': 'deactivated', 'model_6': 'activating'}
[2026-08-22 11:43:30.918 GPU_Scheduler_1] Waiting for models to be activated: {'model_1': 'deactivated', 'model_2': 'activating', 'model_3': 'activating', 'model_4': 'deactivated', 'model_5': 'deactivated', 'model_6': 'activating'}
[2026-08-22 11:43:30.929 GPU_Scheduler_1] Waiting for models to be activated: {'model_1': 'deactivated', 'model_2': 'activating', 'model_3': 'activating', 'model_4': 'deactivated', 'model_5': 'deactivated', 'model_6': 'activating'}
[2026-08-22 11:43:30.939 GPU_Scheduler_1] Waiting for models to be activated: {'model_1': 'deactivated', 'model_2': 'activating', 'model_3': 'activating', 'model_4': 'deactivated', 'model_5': 'deactivated', 'model_6': 'activating'}
[2026-08-22 11:43:30.949 GPU_Scheduler_1] Waiting for models to be activated: {'model_1': 'deactivated', 'model_2': 'activating', 'model_3': 'activating', 'model_4': 'deactivated', 'model_5': 'deactivated', 'model_6': 'activating'}
[2026-08-22 11:43:30.959 GPU_Scheduler_1] Waiting for models to be activated: {'model_1': 'deactivated', 'model_2': 'activating', 'model_3': 'activating', 'model_4': 'deactivated', 'model_5': 'deactivated', 'model_6': 'activating'}
[2026-08-22 11:43:30.970 GPU_Scheduler_1] Waiting for models to be activated: {'model_1': 'deactivated', 'model_2': 'activating', 'model_3': 'activating', 'model_4': 'deactivated', 'model_5': 'deactivated', 'model_6': 'activating'}
[2026-08-22 11:43:30.980 GPU_Scheduler_1] Waiting for models to be activated: {'model_1': 'deactivated', 'model_2': 'activating', 'model_3': 'activating', 'model_4': 'deactivated', 'model_5': 'deactivated', 'model_6': 'activating'}
[2026-08-22 11:43:30.990 GPU_Scheduler_1] Waiting for models to be activated: {'model_1': 'deactivated', 'model_2': 'activating', 'model_3': 'activating', 'model_4': 'deactivated', 'model_5': 'deactivated', 'model_6': 'activating'}
[2026-08-22 11:43:31.000 GPU_Scheduler_1] Waiting for models to be activated: {'model_1': 'deactivated', 'model_2': 'activating', 'model_3': 'activating', 'model_4': 'deactivated', 'model_5': 'deactivated', 'model_6': 'activating'}
[2026-08-22 11:43:31.011 GPU_Scheduler_1] Waiting for models to be activated: {'model_1': 'deactivated', 'model_2': 'activating', 'model_3': 'activating', 'model_4': 'deactivated', 'model_5': 'deactivated', 'model_6': 'activating'}
[2026-08-22 11:43:31.021 GPU_Scheduler_1] Waiting for models to be activated: {'model_1': 'deactivated', 'model_2': 'activating', 'model_3': 'activating', 'model_4': 'deactivated', 'model_5': 'deactivated', 'model_6': 'activating'}
[2026-08-22 11:43:31.031 GPU_Scheduler_1] Waiting for models to be activated: {'model_1': 'deactivated', 'model_2': 'activating', 'model_3': 'activating', 'model_4': 'deactivated', 'model_5': 'deactivated', 'model_6': 'activating'}
[2026-08-22 11:43:31.041 GPU_Scheduler_1] Waiting for models to be activated: {'model_1': 'deactivated', 'model_2': 'activating', 'model_3': 'activating', 'model_4': 'deactivated', 'model_5': 'deactivated', 'model_6': 'activating'}
[2026-08-22 11:43:31.052 GPU_Scheduler_1] Waiting for models to be activated: {'model_1': 'deactivated', 'model_2': 'activating', 'model_3': 'activating', 'model_4': 'deactivated', 'model_5': 'deactivated', 'model_6': 'activating'}
[2026-08-22 11:43:31.062 GPU_Scheduler_1] Waiting for models to be activated: {'model_1': 'deactivated', 'model_2': 'activating', 'model_3': 'activating', 'model_4': 'deactivated', 'model_5': 'deactivated', 'model_6': 'activating'}
[2026-08-22 11:43:31.072 GPU_Scheduler_1] Waiting for models to be activated: {'model_1': 'deactivated', 'model_2': 'activating', 'model_3': 'activating', 'model_4': 'deactivated', 'model_5': 'deactivated', 'model_6': 'activating'}
[2026-08-22 11:43:31.083 GPU_Scheduler_1] Waiting for models to be activated: {'model_1': 'deactivated', 'model_2': 'activating', 'model_3': 'activating', 'model_4': 'deactivated', 'model_5': 'deactivated', 'model_6': 'activating'}
[2026-08-22 11:43:31.093 GPU_Scheduler_1] Waiting for models to be activated: {'model_1': 'deactivated', 'model_2': 'activating', 'model_3': 'activating', 'model_4': 'deactivated', 'model_5': 'deactivated', 'model_6': 'activating'}
[2026-08-22 11:43:31.103 GPU_Scheduler_1] Waiting for models to be activated: {'model_1': 'deactivated', 'model_2': 'activating', 'model_3': 'activating', 'model_4': 'deactivated', 'model_5': 'deactivated', 'model_6': 'activating'}
[2026-08-22 11:43:31.113 GPU_Scheduler_1] Waiting for models to be activated: {'model_1': 'deactivated', 'model_2': 'activating', 'model_3': 'activating', 'model_4': 'deactivated', 'model_5': 'deactivated', 'model_6': 'activating'}
[2026-08-22 11:43:31.124 GPU_Scheduler_1] Waiting for models to be activated: {'model_1': 'deactivated', 'model_2': 'activating', 'model_3': 'activating', 'model_4': 'deactivated', 'model_5': 'deactivated', 'model_6': 'activating'}
[2026-08-22 11:43:31.134 GPU_Scheduler_1] Waiting for models to be activated: {'model_1': 'deactivated', 'model_2': 'activating', 'model_3': 'activating', 'model_4': 'deactivated', 'model_5': 'deactivated', 'model_6': 'activating'}
[2026-08-22 11:43:31.144 GPU_Scheduler_1] Waiting for models to be activated: {'model_1': 'deactivated', 'model_2': 'activating', 'model_3': 'activating', 'model_4': 'deactivated', 'model_5': 'deactivated', 'model_6': 'activating'}
[2026-08-22 11:43:31.155 GPU_Scheduler_1] Waiting for models to be activated: {'model_1': 'deactivated', 'model_2': 'activating', 'model_3': 'activating', 'model_4': 'deactivated', 'model_5': 'deactivated', 'model_6': 'activating'}
[2026-08-22 11:43:31.165 GPU_Scheduler_1] Waiting for models to be activated: {'model_1': 'deactivated', 'model_2': 'activating', 'model_3': 'activating', 'model_4': 'deactivated', 'model_5': 'deactivated', 'model_6': 'activating'}
[2026-08-22 11:43:31.175 GPU_Scheduler_1] Waiting for models to be activated: {'model_1': 'deactivated', 'model_2': 'activating', 'model_3': 'activating', 'model_4': 'deactivated', 'model_5': 'deactivated', 'model_6': 'activating'}
[2026-08-22 11:43:31.185 GPU_Scheduler_1] Waiting for models to be activated: {'model_1': 'deactivated', 'model_2': 'activating', 'model_3': 'activating', 'model_4': 'deactivated', 'model_5': 'deactivated', 'model_6': 'activating'}
[2026-08-22 11:43:31.196 GPU_Scheduler_1] Waiting for models to be activated: {'model_1': 'deactivated', 'model_2': 'activating', 'model_3': 'activating', 'model_4': 'deactivated', 'model_5': 'deactivated', 'model_6': 'activating'}
[2026-08-22 11:43:31.206 GPU_Scheduler_1] Waiting for models to be activated: {'model_1': 'deactivated', 'model_2': 'activating', 'model_3': 'activating', 'model_4': 'deactivated', 'model_5': 'deactivated', 'model_6': 'activating'}
[2026-08-22 11:43:31.217 GPU_Scheduler_1] Waiting for models to be activated: {'model_1': 'deactivated', 'model_2': 'activating', 'model_3': 'activating', 'model_4': 'deactivated', 'model_5': 'deactivated', 'model_6': 'activating'}
[2026-08-22 11:43:31.227 GPU_Scheduler_1] Waiting for models to be activated: {'model_1': 'deactivated', 'model_2': 'activating', 'model_3': 'activating', 'model_4': 'deactivated', 'model_5': 'deactivated', 'model_6': 'activating'}
[2026-08-22 11:43:31.237 GPU_Scheduler_1] Waiting for models to be activated: {'model_1': 'deactivated', 'model_2': 'activating', 'model_3': 'activating', 'model_4': 'deactivated', 'model_5': 'deactivated', 'model_6': 'activating'}
[2026-08-22 11:43:31.247 GPU_Scheduler_1] Waiting for models to be activated: {'model_1': 'deactivated', 'model_2': 'activating', 'model_3': 'activating', 'model_4': 'deactivated', 'model_5': 'deactivated', 'model_6': 'activating'}
[2026-08-22 11:43:31.258 GPU_Scheduler_1] Waiting for models to be activated: {'model_1': 'deactivated', 'model_2': 'activating', 'model_3': 'activating', 'model_4': 'deactivated', 'model_5': 'deactivated', 'model_6': 'activating'}
[2026-08-22 11:43:31.268 GPU_Scheduler_1] Waiting for models to be activated: {'model_1': 'deactivated', 'model_2': 'activating', 'model_3': 'activating', 'model_4': 'deactivated', 'model_5': 'deactivated', 'model_6': 'activating'}
[2026-08-22 11:43:31.278 GPU_Scheduler_1] Waiting for models to be activated: {'model_1': 'deactivated', 'model_2': 'activating', 'model_3': 'activating', 'model_4': 'deactivated', 'model_5': 'deactivated', 'model_6': 'activating'}
[2026-08-22 11:43:31.289 GPU_Scheduler_1] Waiting for models to be activated: {'model_1': 'deactivated', 'model_2': 'activating', 'model_3': 'activating', 'model_4': 'deactivated', 'model_5': 'deactivated', 'model_6': 'activating'}
[2026-08-22 11:43:31.299 GPU_Scheduler_1] Waiting for models to be activated: {'model_1': 'deactivated', 'model_2': 'activating', 'model_3': 'activating', 'model_4': 'deactivated', 'model_5': 'deactivated', 'model_6': 'activating'}
[2026-08-22 11:43:31.309 GPU_Scheduler_1] Waiting for models to be activated: {'model_1': 'deactivated', 'model_2': 'activating', 'model_3': 'activating', 'model_4': 'deactivated', 'model_5': 'deactivated', 'model_6': 'activating'}
[2026-08-22 11:43:31.319 GPU_Scheduler_1] Waiting for models to be activated: {'model_1': 'deactivated', 'model_2': 'activating', 'model_3': 'activating', 'model_4': 'deactivated', 'model_5': 'deactivated', 'model_6': 'activating'}
[2026-08-22 11:43:31.330 GPU_Scheduler_1] Waiting for models to be activated: {'model_1': 'deactivated', 'model_2': 'activating', 'model_3': 'activating', 'model_4': 'deactivated', 'model_5': 'deactivated', 'model_6': 'activating'}
[2026-08-22 11:43:31.340 GPU_Scheduler_1] Waiting for models to be activated: {'model_1': 'deactivated', 'model_2': 'activating', 'model_3': 'activating', 'model_4': 'deactivated', 'model_5': 'deactivated', 'model_6': 'activating'}
[2026-08-22 11:43:31.350 GPU_Scheduler_1] Waiting for models to be activated: {'model_1': 'deactivated', 'model_2': 'activating', 'model_3': 'activating', 'model_4': 'deactivated', 'model_5': 'deactivated', 'model_6': 'activating'}
[2026-08-22 11:43:31.361 GPU_Scheduler_1] Waiting for models to be activated: {'model_1': 'deactivated', 'model_2': 'activating', 'model_3': 'activating', 'model_4': 'deactivated', 'model_5': 'deactivated', 'model_6': 'activating'}
[2026-08-22 11:43:31.371 GPU_Scheduler_1] Waiting for models to be activated: {'model_1': 'deactivated', 'model_2': 'activating', 'model_3': 'activating', 'model_4': 'deactivated', 'model_5': 'deactivated', 'model_6': 'activating'}
[2026-08-22 11:43:31.381 GPU_Scheduler_1] Waiting for models to be activated: {'model_1': 'deactivated', 'model_2': 'activating', 'model_3': 'activating', 'model_4': 'deactivated', 'model_5': 'deactivated', 'model_6': 'activating'}
[2026-08-22 11:43:31.391 GPU_Scheduler_1] Waiting for models to be activated: {'model_1': 'deactivated', 'model_2': 'activating', 'model_3': 'activating', 'model_4': 'deactivated', 'model_5': 'deactivated', 'model_6': 'activating'}
[2026-08-22 11:43:31.402 GPU_Scheduler_1] Waiting for models to be activated: {'model_1': 'deactivated', 'model_2': 'activating', 'model_3': 'activating', 'model_4': 'deactivated', 'model_5': 'deactivated', 'model_6': 'activating'}
[2026-08-22 11:43:31.406 GPU_Scheduler_0] net_available: inf, queue_len: 0
[2026-08-22 11:43:31.412 GPU_Scheduler_1] Waiting for models to be activated: {'model_1': 'deactivated', 'model_2': 'activating', 'model_3': 'activating', 'model_4': 'deactivated', 'model_5': 'deactivated', 'model_6': 'activating'}
[2026-08-22 11:43:31.422 GPU_Scheduler_1] Waiting for models to be activated: {'model_1': 'deactivated', 'model_2': 'activating', 'model_3': 'activating', 'model_4': 'deactivated', 'model_5': 'deactivated', 'model_6': 'activating'}
[2026-08-22 11:43:31.433 GPU_Scheduler_1] Waiting for models to be activated: {'model_1': 'deactivated', 'model_2': 'activating', 'model_3': 'activating', 'model_4': 'deactivated', 'model_5': 'deactivated', 'model_6': 'activating'}
[2026-08-22 11:43:31.443 GPU_Scheduler_1] Waiting for models to be activated: {'model_1': 'deactivated', 'model_2': 'activating', 'model_3': 'activating', 'model_4': 'deactivated', 'model_5': 'deactivated', 'model_6': 'activating'}
[2026-08-22 11:43:31.453 GPU_Scheduler_1] Waiting for models to be activated: {'model_1': 'deactivated', 'model_2': 'activating', 'model_3': 'activating', 'model_4': 'deactivated', 'model_5': 'deactivated', 'model_6': 'activating'}
[2026-08-22 11:43:31.464 GPU_Scheduler_1] Waiting for models to be activated: {'model_1': 'deactivated', 'model_2': 'activating', 'model_3': 'activating', 'model_4': 'deactivated', 'model_5': 'deactivated', 'model_6': 'activating'}
[2026-08-22 11:43:31.474 GPU_Scheduler_1] Waiting for models to be activated: {'model_1': 'deactivated', 'model_2': 'activating', 'model_3': 'activating', 'model_4': 'deactivated', 'model_5': 'deactivated', 'model_6': 'activating'}
[2026-08-22 11:43:31.484 GPU_Scheduler_1] Waiting for models to be activated: {'model_1': 'deactivated', 'model_2': 'activating', 'model_3': 'activating', 'model_4': 'deactivated', 'model_5': 'deactivated', 'model_6': 'activating'}
[2026-08-22 11:43:31.494 GPU_Scheduler_1] Waiting for models to be activated: {'model_1': 'deactivated', 'model_2': 'activating', 'model_3': 'activating', 'model_4': 'deactivated', 'model_5': 'deactivated', 'model_6': 'activating'}
[2026-08-22 11:43:31.505 GPU_Scheduler_1] Waiting for models to be activated: {'model_1': 'deactivated', 'model_2': 'activating', 'model_3': 'activating', 'model_4': 'deactivated', 'model_5': 'deactivated', 'model_6': 'activating'}
[2026-08-22 11:43:31.515 GPU_Scheduler_1] Waiting for models to be activated: {'model_1': 'deactivated', 'model_2': 'activating', 'model_3': 'activating', 'model_4': 'deactivated', 'model_5': 'deactivated', 'model_6': 'activating'}
[2026-08-22 11:43:31.525 GPU_Scheduler_1] Waiting for models to be activated: {'model_1': 'deactivated', 'model_2': 'activating', 'model_3': 'activating', 'model_4': 'deactivated', 'model_5': 'deactivated', 'model_6': 'activating'}
[2026-08-22 11:43:31.536 GPU_Scheduler_1] Waiting for models to be activated: {'model_1': 'deactivated', 'model_2': 'activating', 'model_3': 'activating', 'model_4': 'deactivated', 'model_5': 'deactivated', 'model_6': 'activating'}
[2026-08-22 11:43:31.546 GPU_Scheduler_1] Waiting for models to be activated: {'model_1': 'deactivated', 'model_2': 'activating', 'model_3': 'activating', 'model_4': 'deactivated', 'model_5': 'deactivated', 'model_6': 'activating'}
[2026-08-22 11:43:31.556 GPU_Scheduler_1] Waiting for models to be activated: {'model_1': 'deactivated', 'model_2': 'activating', 'model_3': 'activating', 'model_4': 'deactivated', 'model_5': 'deactivated', 'model_6': 'activating'}
[2026-08-22 11:43:31.566 GPU_Scheduler_1] Waiting for models to be activated: {'model_1': 'deactivated', 'model_2': 'activating', 'model_3': 'activating', 'model_4': 'deactivated', 'model_5': 'deactivated', 'model_6': 'activating'}
[2026-08-22 11:43:31.577 GPU_Scheduler_1] Waiting for models to be activated: {'model_1': 'deactivated', 'model_2': 'activating', 'model_3': 'activating', 'model_4': 'deactivated', 'model_5': 'deactivated', 'model_6': 'activating'}
[2026-08-22 11:43:31.587 GPU_Scheduler_1] Waiting for models to be activated: {'model_1': 'deactivated', 'model_2': 'activating', 'model_3': 'activating', 'model_4': 'deactivated', 'model_5': 'deactivated', 'model_6': 'activating'}
[2026-08-22 11:43:31.597 GPU_Scheduler_1] Waiting for models to be activated: {'model_1': 'deactivated', 'model_2': 'activating', 'model_3': 'activating', 'model_4': 'deactivated', 'model_5': 'deactivated', 'model_6': 'activating'}
[2026-08-22 11:43:31.608 GPU_Scheduler_1] Waiting for models to be activated: {'model_1': 'deactivated', 'model_2': 'activating', 'model_3': 'activating', 'model_4': 'deactivated', 'model_5': 'deactivated', 'model_6': 'activating'}
[2026-08-22 11:43:31.618 GPU_Scheduler_1] Waiting for models to be activated: {'model_1': 'deactivated', 'model_2': 'activating', 'model_3': 'activating', 'model_4': 'deactivated', 'model_5': 'deactivated', 'model_6': 'activating'}
[2026-08-22 11:43:31.628 GPU_Scheduler_1] Waiting for models to be activated: {'model_1': 'deactivated', 'model_2': 'activating', 'model_3': 'activating', 'model_4': 'deactivated', 'model_5': 'deactivated', 'model_6': 'activating'}
[2026-08-22 11:43:31.639 GPU_Scheduler_1] Waiting for models to be activated: {'model_1': 'deactivated', 'model_2': 'activating', 'model_3': 'activating', 'model_4': 'deactivated', 'model_5': 'deactivated', 'model_6': 'activating'}
[2026-08-22 11:43:31.649 GPU_Scheduler_1] Waiting for models to be activated: {'model_1': 'deactivated', 'model_2': 'activating', 'model_3': 'activating', 'model_4': 'deactivated', 'model_5': 'deactivated', 'model_6': 'activating'}
[2026-08-22 11:43:31.659 GPU_Scheduler_1] Waiting for models to be activated: {'model_1': 'deactivated', 'model_2': 'activating', 'model_3': 'activating', 'model_4': 'deactivated', 'model_5': 'deactivated', 'model_6': 'activating'}
[2026-08-22 11:43:31.669 GPU_Scheduler_1] Waiting for models to be activated: {'model_1': 'deactivated', 'model_2': 'activating', 'model_3': 'activating', 'model_4': 'deactivated', 'model_5': 'deactivated', 'model_6': 'activating'}
[2026-08-22 11:43:31.680 GPU_Scheduler_1] Waiting for models to be activated: {'model_1': 'deactivated', 'model_2': 'activating', 'model_3': 'activating', 'model_4': 'deactivated', 'model_5': 'deactivated', 'model_6': 'activating'}
[2026-08-22 11:43:31.690 GPU_Scheduler_1] Waiting for models to be activated: {'model_1': 'deactivated', 'model_2': 'activating', 'model_3': 'activating', 'model_4': 'deactivated', 'model_5': 'deactivated', 'model_6': 'activating'}
[2026-08-22 11:43:31.700 GPU_Scheduler_1] Waiting for models to be activated: {'model_1': 'deactivated', 'model_2': 'activating', 'model_3': 'activating', 'model_4': 'deactivated', 'model_5': 'deactivated', 'model_6': 'activating'}
[2026-08-22 11:43:31.711 GPU_Scheduler_1] Waiting for models to be activated: {'model_1': 'deactivated', 'model_2': 'activating', 'model_3': 'activating', 'model_4': 'deactivated', 'model_5': 'deactivated', 'model_6': 'activating'}
[2026-08-22 11:43:31.721 GPU_Scheduler_1] Waiting for models to be activated: {'model_1': 'deactivated', 'model_2': 'activating', 'model_3': 'activating', 'model_4': 'deactivated', 'model_5': 'deactivated', 'model_6': 'activating'}
[2026-08-22 11:43:31.731 GPU_Scheduler_1] Waiting for models to be activated: {'model_1': 'deactivated', 'model_2': 'activating', 'model_3': 'activating', 'model_4': 'deactivated', 'model_5': 'deactivated', 'model_6': 'activating'}
[2026-08-22 11:43:31.741 GPU_Scheduler_1] Waiting for models to be activated: {'model_1': 'deactivated', 'model_2': 'activating', 'model_3': 'activating', 'model_4': 'deactivated', 'model_5': 'deactivated', 'model_6': 'activating'}
[2026-08-22 11:43:31.752 GPU_Scheduler_1] Waiting for models to be activated: {'model_1': 'deactivated', 'model_2': 'activating', 'model_3': 'activating', 'model_4': 'deactivated', 'model_5': 'deactivated', 'model_6': 'activating'}
[2026-08-22 11:43:31.762 GPU_Scheduler_1] Waiting for models to be activated: {'model_1': 'deactivated', 'model_2': 'activating', 'model_3': 'activating', 'model_4': 'deactivated', 'model_5': 'deactivated', 'model_6': 'activating'}
[2026-08-22 11:43:31.773 GPU_Scheduler_1] Waiting for models to be activated: {'model_1': 'deactivated', 'model_2': 'activating', 'model_3': 'activating', 'model_4': 'deactivated', 'model_5': 'deactivated', 'model_6': 'activating'}
[2026-08-22 11:43:31.783 GPU_Scheduler_1] Waiting for models to be activated: {'model_1': 'deactivated', 'model_2': 'activating', 'model_3': 'activating', 'model_4': 'deactivated', 'model_5': 'deactivated', 'model_6': 'activating'}
[2026-08-22 11:43:31.793 GPU_Scheduler_1] Waiting for models to be activated: {'model_1': 'deactivated', 'model_2': 'activating', 'model_3': 'activating', 'model_4': 'deactivated', 'model_5': 'deactivated', 'model_6': 'activating'}
[2026-08-22 11:43:31.803 GPU_Scheduler_1] Waiting for models to be activated: {'model_1': 'deactivated', 'model_2': 'activating', 'model_3': 'activating', 'model_4': 'deactivated', 'model_5': 'deactivated', 'model_6': 'activating'}
[2026-08-22 11:43:31.814 GPU_Scheduler_1] Waiting for models to be activated: {'model_1': 'deactivated', 'model_2': 'activating', 'model_3': 'activating', 'model_4': 'deactivated', 'model_5': 'deactivated', 'model_6': 'activating'}
[2026-08-22 11:43:31.824 GPU_Scheduler_1] Waiting for models to be activated: {'model_1': 'deactivated', 'model_2': 'activating', 'model_3': 'activating', 'model_4': 'deactivated', 'model_5': 'deactivated', 'model_6': 'activating'}
[2026-08-22 11:43:31.834 GPU_Scheduler_1] Waiting for models to be activated: {'model_1': 'deactivated', 'model_2': 'activating', 'model_3': 'activating', 'model_4': 'deactivated', 'model_5': 'deactivated', 'model_6': 'activating'}
[2026-08-22 11:43:31.845 GPU_Scheduler_1] Waiting for models to be activated: {'model_1': 'deactivated', 'model_2': 'activating', 'model_3': 'activating', 'model_4': 'deactivated', 'model_5': 'deactivated', 'model_6': 'activating'}
[2026-08-22 11:43:31.855 GPU_Scheduler_1] Waiting for models to be activated: {'model_1': 'deactivated', 'model_2': 'activating', 'model_3': 'activating', 'model_4': 'deactivated', 'model_5': 'deactivated', 'model_6': 'activating'}
[2026-08-22 11:43:31.865 GPU_Scheduler_1] Waiting for models to be activated: {'model_1': 'deactivated', 'model_2': 'activating', 'model_3': 'activating', 'model_4': 'deactivated', 'model_5': 'deactivated', 'model_6': 'activating'}
[2026-08-22 11:43:31.876 GPU_Scheduler_1] Waiting for models to be activated: {'model_1': 'deactivated', 'model_2': 'activating', 'model_3': 'activating', 'model_4': 'deactivated', 'model_5': 'deactivated', 'model_6': 'activating'}
[2026-08-22 11:43:31.886 GPU_Scheduler_1] Waiting for models to be activated: {'model_1': 'deactivated', 'model_2': 'activating', 'model_3': 'activating', 'model_4': 'deactivated', 'model_5': 'deactivated', 'model_6': 'activating'}
[2026-08-22 11:43:31.896 GPU_Scheduler_1] Waiting for models to be activated: {'model_1': 'deactivated', 'model_2': 'activating', 'model_3': 'activating', 'model_4': 'deactivated', 'model_5': 'deactivated', 'model_6': 'activating'}
[2026-08-22 11:43:31.906 GPU_Scheduler_1] Waiting for models to be activated: {'model_1': 'deactivated', 'model_2': 'activating', 'model_3': 'activating', 'model_4': 'deactivated', 'model_5': 'deactivated', 'model_6': 'activating'}
[2026-08-22 11:43:31.917 GPU_Scheduler_1] Waiting for models to be activated: {'model_1': 'deactivated', 'model_2': 'activating', 'model_3': 'activating', 'model_4': 'deactivated', 'model_5': 'deactivated', 'model_6': 'activating'}
[2026-08-22 11:43:31.927 GPU_Scheduler_1] Waiting for models to be activated: {'model_1': 'deactivated', 'model_2': 'activating', 'model_3': 'activating', 'model_4': 'deactivated', 'model_5': 'deactivated', 'model_6': 'activating'}
[2026-08-22 11:43:31.937 GPU_Scheduler_1] Waiting for models to be activated: {'model_1': 'deactivated', 'model_2': 'activating', 'model_3': 'activating', 'model_4': 'deactivated', 'model_5': 'deactivated', 'model_6': 'activating'}
[2026-08-22 11:43:31.948 GPU_Scheduler_1] Waiting for models to be activated: {'model_1': 'deactivated', 'model_2': 'activating', 'model_3': 'activating', 'model_4': 'deactivated', 'model_5': 'deactivated', 'model_6': 'activating'}
[2026-08-22 11:43:31.958 GPU_Scheduler_1] Waiting for models to be activated: {'model_1': 'deactivated', 'model_2': 'activating', 'model_3': 'activating', 'model_4': 'deactivated', 'model_5': 'deactivated', 'model_6': 'activating'}
[2026-08-22 11:43:31.968 GPU_Scheduler_1] Waiting for models to be activated: {'model_1': 'deactivated', 'model_2': 'activating', 'model_3': 'activating', 'model_4': 'deactivated', 'model_5': 'deactivated', 'model_6': 'activating'}
[2026-08-22 11:43:31.979 GPU_Scheduler_1] Waiting for models to be activated: {'model_1': 'deactivated', 'model_2': 'activating', 'model_3': 'activating', 'model_4': 'deactivated', 'model_5': 'deactivated', 'model_6': 'activating'}
[2026-08-22 11:43:31.989 GPU_Scheduler_1] Waiting for models to be activated: {'model_1': 'deactivated', 'model_2': 'activating', 'model_3': 'activating', 'model_4': 'deactivated', 'model_5': 'deactivated', 'model_6': 'activating'}
[2026-08-22 11:43:31.999 GPU_Scheduler_1] Waiting for models to be activated: {'model_1': 'deactivated', 'model_2': 'activating', 'model_3': 'activating', 'model_4': 'deactivated', 'model_5': 'deactivated', 'model_6': 'activating'}
[2026-08-22 11:43:32.009 GPU_Scheduler_1] Waiting for models to be activated: {'model_1': 'deactivated', 'model_2': 'activating', 'model_3': 'activating', 'model_4': 'deactivated', 'model_5': 'deactivated', 'model_6': 'activating'}
[2026-08-22 11:43:32.020 GPU_Scheduler_1] Waiting for models to be activated: {'model_1': 'deactivated', 'model_2': 'activating', 'model_3': 'activating', 'model_4': 'deactivated', 'model_5': 'deactivated', 'model_6': 'activating'}
[2026-08-22 11:43:32.030 GPU_Scheduler_1] Waiting for models to be activated: {'model_1': 'deactivated', 'model_2': 'activating', 'model_3': 'activating', 'model_4': 'deactivated', 'model_5': 'deactivated', 'model_6': 'activating'}
[2026-08-22 11:43:32.040 GPU_Scheduler_1] Waiting for models to be activated: {'model_1': 'deactivated', 'model_2': 'activating', 'model_3': 'activating', 'model_4': 'deactivated', 'model_5': 'deactivated', 'model_6': 'activating'}
[2026-08-22 11:43:32.050 GPU_Scheduler_1] Waiting for models to be activated: {'model_1': 'deactivated', 'model_2': 'activating', 'model_3': 'activating', 'model_4': 'deactivated', 'model_5': 'deactivated', 'model_6': 'activating'}
[2026-08-22 11:43:32.061 GPU_Scheduler_1] Waiting for models to be activated: {'model_1': 'deactivated', 'model_2': 'activating', 'model_3': 'activating', 'model_4': 'deactivated', 'model_5': 'deactivated', 'model_6': 'activating'}
[2026-08-22 11:43:32.071 GPU_Scheduler_1] Waiting for models to be activated: {'model_1': 'deactivated', 'model_2': 'activating', 'model_3': 'activating', 'model_4': 'deactivated', 'model_5': 'deactivated', 'model_6': 'activating'}
[2026-08-22 11:43:32.081 GPU_Scheduler_1] Waiting for models to be activated: {'model_1': 'deactivated', 'model_2': 'activating', 'model_3': 'activating', 'model_4': 'deactivated', 'model_5': 'deactivated', 'model_6': 'activating'}
[2026-08-22 11:43:32.092 GPU_Scheduler_1] Waiting for models to be activated: {'model_1': 'deactivated', 'model_2': 'activating', 'model_3': 'activating', 'model_4': 'deactivated', 'model_5': 'deactivated', 'model_6': 'activating'}
[2026-08-22 11:43:32.102 GPU_Scheduler_1] Waiting for models to be activated: {'model_1': 'deactivated', 'model_2': 'activating', 'model_3': 'activating', 'model_4': 'deactivated', 'model_5': 'deactivated', 'model_6': 'activating'}
[2026-08-22 11:43:32.112 GPU_Scheduler_1] Waiting for models to be activated: {'model_1': 'deactivated', 'model_2': 'activating', 'model_3': 'activating', 'model_4': 'deactivated', 'model_5': 'deactivated', 'model_6': 'activating'}
[2026-08-22 11:43:32.123 GPU_Scheduler_1] Waiting for models to be activated: {'model_1': 'deactivated', 'model_2': 'activating', 'model_3': 'activating', 'model_4': 'deactivated', 'model_5': 'deactivated', 'model_6': 'activating'}
[2026-08-22 11:43:32.133 GPU_Scheduler_1] Waiting for models to be activated: {'model_1': 'deactivated', 'model_2': 'activating', 'model_3': 'activating', 'model_4': 'deactivated', 'model_5': 'deactivated', 'model_6': 'activating'}
[2026-08-22 11:43:32.143 GPU_Scheduler_1] Waiting for models to be activated: {'model_1': 'deactivated', 'model_2': 'activating', 'model_3': 'activating', 'model_4': 'deactivated', 'model_5': 'deactivated', 'model_6': 'activating'}
[2026-08-22 11:43:32.153 GPU_Scheduler_1] Waiting for models to be activated: {'model_1': 'deactivated', 'model_2': 'activating', 'model_3': 'activating', 'model_4': 'deactivated', 'model_5': 'deactivated', 'model_6': 'activating'}
[2026-08-22 11:43:32.164 GPU_Scheduler_1] Waiting for models to be activated: {'model_1': 'deactivated', 'model_2': 'activating', 'model_3': 'activating', 'model_4': 'deactivated', 'model_5': 'deactivated', 'model_6': 'activating'}
[2026-08-22 11:43:32.174 GPU_Scheduler_1] Waiting for models to be activated: {'model_1': 'deactivated', 'model_2': 'activating', 'model_3': 'activating', 'model_4': 'deactivated', 'model_5': 'deactivated', 'model_6': 'activating'}
[2026-08-22 11:43:32.184 GPU_Scheduler_1] Waiting for models to be activated: {'model_1': 'deactivated', 'model_2': 'activating', 'model_3': 'activating', 'model_4': 'deactivated', 'model_5': 'deactivated', 'model_6': 'activating'}
[2026-08-22 11:43:32.195 GPU_Scheduler_1] Waiting for models to be activated: {'model_1': 'deactivated', 'model_2': 'activating', 'model_3': 'activating', 'model_4': 'deactivated', 'model_5': 'deactivated', 'model_6': 'activating'}
[2026-08-22 11:43:32.205 GPU_Scheduler_1] Waiting for models to be activated: {'model_1': 'deactivated', 'model_2': 'activating', 'model_3': 'activating', 'model_4': 'deactivated', 'model_5': 'deactivated', 'model_6': 'activating'}
[2026-08-22 11:43:32.215 GPU_Scheduler_1] Waiting for models to be activated: {'model_1': 'deactivated', 'model_2': 'activating', 'model_3': 'activating', 'model_4': 'deactivated', 'model_5': 'deactivated', 'model_6': 'activating'}
[2026-08-22 11:43:32.225 GPU_Scheduler_1] Waiting for models to be activated: {'model_1': 'deactivated', 'model_2': 'activating', 'model_3': 'activating', 'model_4': 'deactivated', 'model_5': 'deactivated', 'model_6': 'activating'}
[2026-08-22 11:43:32.236 GPU_Scheduler_1] Waiting for models to be activated: {'model_1': 'deactivated', 'model_2': 'activating', 'model_3': 'activating', 'model_4': 'deactivated', 'model_5': 'deactivated', 'model_6': 'activating'}
[2026-08-22 11:43:32.246 GPU_Scheduler_1] Waiting for models to be activated: {'model_1': 'deactivated', 'model_2': 'activating', 'model_3': 'activating', 'model_4': 'deactivated', 'model_5': 'deactivated', 'model_6': 'activating'}
[2026-08-22 11:43:32.256 GPU_Scheduler_1] Waiting for models to be activated: {'model_1': 'deactivated', 'model_2': 'activating', 'model_3': 'activating', 'model_4': 'deactivated', 'model_5': 'deactivated', 'model_6': 'activating'}
[2026-08-22 11:43:32.267 GPU_Scheduler_1] Waiting for models to be activated: {'model_1': 'deactivated', 'model_2': 'activating', 'model_3': 'activating', 'model_4': 'deactivated', 'model_5': 'deactivated', 'model_6': 'activating'}
[2026-08-22 11:43:32.277 GPU_Scheduler_1] Waiting for models to be activated: {'model_1': 'deactivated', 'model_2': 'activating', 'model_3': 'activating', 'model_4': 'deactivated', 'model_5': 'deactivated', 'model_6': 'activating'}
[2026-08-22 11:43:32.287 GPU_Scheduler_1] Waiting for models to be activated: {'model_1': 'deactivated', 'model_2': 'activating', 'model_3': 'activating', 'model_4': 'deactivated', 'model_5': 'deactivated', 'model_6': 'activating'}
[2026-08-22 11:43:32.297 GPU_Scheduler_1] Waiting for models to be activated: {'model_1': 'deactivated', 'model_2': 'activating', 'model_3': 'activating', 'model_4': 'deactivated', 'model_5': 'deactivated', 'model_6': 'activating'}
[2026-08-22 11:43:32.308 GPU_Scheduler_1] Waiting for models to be activated: {'model_1': 'deactivated', 'model_2': 'activating', 'model_3': 'activating', 'model_4': 'deactivated', 'model_5': 'deactivated', 'model_6': 'activating'}
[2026-08-22 11:43:32.318 GPU_Scheduler_1] Waiting for models to be activated: {'model_1': 'deactivated', 'model_2': 'activating', 'model_3': 'activating', 'model_4': 'deactivated', 'model_5': 'deactivated', 'model_6': 'activating'}
[2026-08-22 11:43:32.328 GPU_Scheduler_1] Waiting for models to be activated: {'model_1': 'deactivated', 'model_2': 'activating', 'model_3': 'activating', 'model_4': 'deactivated', 'model_5': 'deactivated', 'model_6': 'activating'}
[2026-08-22 11:43:32.338 GPU_Scheduler_1] Waiting for models to be activated: {'model_1': 'deactivated', 'model_2': 'activating', 'model_3': 'activating', 'model_4': 'deactivated', 'model_5': 'deactivated', 'model_6': 'activating'}
[2026-08-22 11:43:32.349 GPU_Scheduler_1] Waiting for models to be activated: {'model_1': 'deactivated', 'model_2': 'activating', 'model_3': 'activating', 'model_4': 'deactivated', 'model_5': 'deactivated', 'model_6': 'activating'}
[2026-08-22 11:43:32.359 GPU_Scheduler_1] Waiting for models to be activated: {'model_1': 'deactivated', 'model_2': 'activating', 'model_3': 'activating', 'model_4': 'deactivated', 'model_5': 'deactivated', 'model_6': 'activating'}
[2026-08-22 11:43:32.369 GPU_Scheduler_1] Waiting for models to be activated: {'model_1': 'deactivated', 'model_2': 'activating', 'model_3': 'activating', 'model_4': 'deactivated', 'model_5': 'deactivated', 'model_6': 'activating'}
[2026-08-22 11:43:32.377 GPU_Scheduler_0] [V5-LOOP] {"iters": 462, "t_mem": 0.006425164639949799, "t_redis": 0.29158591921441257, "t_admit": 0.003776883939281106, "t_send": 0.0008305269293487072, "t_iter": 0.3026184947229922, "admitted": 0, "iter_max": 0.0033741421066224575, "gpu_id": 0, "window_s": 5.009092569351196}
[2026-08-22 11:43:32.380 GPU_Scheduler_1] Waiting for models to be activated: {'model_1': 'deactivated', 'model_2': 'activating', 'model_3': 'activating', 'model_4': 'deactivated', 'model_5': 'deactivated', 'model_6': 'activating'}
[2026-08-22 11:43:32.390 GPU_Scheduler_1] Waiting for models to be activated: {'model_1': 'deactivated', 'model_2': 'activating', 'model_3': 'activating', 'model_4': 'deactivated', 'model_5': 'deactivated', 'model_6': 'activating'}
[2026-08-22 11:43:32.400 GPU_Scheduler_1] Waiting for models to be activated: {'model_1': 'deactivated', 'model_2': 'activating', 'model_3': 'activating', 'model_4': 'deactivated', 'model_5': 'deactivated', 'model_6': 'activating'}
[2026-08-22 11:43:32.409 GPU_Scheduler_0] net_available: inf, queue_len: 0
[2026-08-22 11:43:32.410 GPU_Scheduler_1] Waiting for models to be activated: {'model_1': 'deactivated', 'model_2': 'activating', 'model_3': 'activating', 'model_4': 'deactivated', 'model_5': 'deactivated', 'model_6': 'activating'}
[2026-08-22 11:43:32.421 GPU_Scheduler_1] Waiting for models to be activated: {'model_1': 'deactivated', 'model_2': 'activating', 'model_3': 'activating', 'model_4': 'deactivated', 'model_5': 'deactivated', 'model_6': 'activating'}
[2026-08-22 11:43:32.431 GPU_Scheduler_1] Waiting for models to be activated: {'model_1': 'deactivated', 'model_2': 'activating', 'model_3': 'activating', 'model_4': 'deactivated', 'model_5': 'deactivated', 'model_6': 'activating'}
[2026-08-22 11:43:32.441 GPU_Scheduler_1] Waiting for models to be activated: {'model_1': 'deactivated', 'model_2': 'activating', 'model_3': 'activating', 'model_4': 'deactivated', 'model_5': 'deactivated', 'model_6': 'activating'}
[2026-08-22 11:43:32.451 GPU_Scheduler_1] Waiting for models to be activated: {'model_1': 'deactivated', 'model_2': 'activating', 'model_3': 'activating', 'model_4': 'deactivated', 'model_5': 'deactivated', 'model_6': 'activating'}
[2026-08-22 11:43:32.462 GPU_Scheduler_1] Waiting for models to be activated: {'model_1': 'deactivated', 'model_2': 'activating', 'model_3': 'activating', 'model_4': 'deactivated', 'model_5': 'deactivated', 'model_6': 'activating'}
[2026-08-22 11:43:32.472 GPU_Scheduler_1] Waiting for models to be activated: {'model_1': 'deactivated', 'model_2': 'activating', 'model_3': 'activating', 'model_4': 'deactivated', 'model_5': 'deactivated', 'model_6': 'activating'}
[2026-08-22 11:43:32.482 GPU_Scheduler_1] Waiting for models to be activated: {'model_1': 'deactivated', 'model_2': 'activating', 'model_3': 'activating', 'model_4': 'deactivated', 'model_5': 'deactivated', 'model_6': 'activating'}
[2026-08-22 11:43:32.492 GPU_Scheduler_1] Waiting for models to be activated: {'model_1': 'deactivated', 'model_2': 'activating', 'model_3': 'activating', 'model_4': 'deactivated', 'model_5': 'deactivated', 'model_6': 'activating'}
[2026-08-22 11:43:32.502 GPU_Scheduler_1] Waiting for models to be activated: {'model_1': 'deactivated', 'model_2': 'activating', 'model_3': 'activating', 'model_4': 'deactivated', 'model_5': 'deactivated', 'model_6': 'activating'}
[2026-08-22 11:43:32.513 GPU_Scheduler_1] Waiting for models to be activated: {'model_1': 'deactivated', 'model_2': 'activating', 'model_3': 'activating', 'model_4': 'deactivated', 'model_5': 'deactivated', 'model_6': 'activating'}
[2026-08-22 11:43:32.523 GPU_Scheduler_1] Waiting for models to be activated: {'model_1': 'deactivated', 'model_2': 'activating', 'model_3': 'activating', 'model_4': 'deactivated', 'model_5': 'deactivated', 'model_6': 'activating'}
[2026-08-22 11:43:32.533 GPU_Scheduler_1] Waiting for models to be activated: {'model_1': 'deactivated', 'model_2': 'activating', 'model_3': 'activating', 'model_4': 'deactivated', 'model_5': 'deactivated', 'model_6': 'activating'}
[2026-08-22 11:43:32.543 GPU_Scheduler_1] Waiting for models to be activated: {'model_1': 'deactivated', 'model_2': 'activating', 'model_3': 'activating', 'model_4': 'deactivated', 'model_5': 'deactivated', 'model_6': 'activating'}
[2026-08-22 11:43:32.554 GPU_Scheduler_1] Waiting for models to be activated: {'model_1': 'deactivated', 'model_2': 'activating', 'model_3': 'activating', 'model_4': 'deactivated', 'model_5': 'deactivated', 'model_6': 'activating'}
[2026-08-22 11:43:32.564 GPU_Scheduler_1] Waiting for models to be activated: {'model_1': 'deactivated', 'model_2': 'activating', 'model_3': 'activating', 'model_4': 'deactivated', 'model_5': 'deactivated', 'model_6': 'activating'}
[2026-08-22 11:43:32.574 GPU_Scheduler_1] Waiting for models to be activated: {'model_1': 'deactivated', 'model_2': 'activating', 'model_3': 'activating', 'model_4': 'deactivated', 'model_5': 'deactivated', 'model_6': 'activating'}
[2026-08-22 11:43:32.584 GPU_Scheduler_1] Waiting for models to be activated: {'model_1': 'deactivated', 'model_2': 'activating', 'model_3': 'activating', 'model_4': 'deactivated', 'model_5': 'deactivated', 'model_6': 'activating'}
[2026-08-22 11:43:32.595 GPU_Scheduler_1] Waiting for models to be activated: {'model_1': 'deactivated', 'model_2': 'activating', 'model_3': 'activating', 'model_4': 'deactivated', 'model_5': 'deactivated', 'model_6': 'activating'}
[2026-08-22 11:43:32.605 GPU_Scheduler_1] Waiting for models to be activated: {'model_1': 'deactivated', 'model_2': 'activating', 'model_3': 'activating', 'model_4': 'deactivated', 'model_5': 'deactivated', 'model_6': 'activating'}
[2026-08-22 11:43:32.615 GPU_Scheduler_1] Waiting for models to be activated: {'model_1': 'deactivated', 'model_2': 'activating', 'model_3': 'activating', 'model_4': 'deactivated', 'model_5': 'deactivated', 'model_6': 'activating'}
[2026-08-22 11:43:32.625 GPU_Scheduler_1] Waiting for models to be activated: {'model_1': 'deactivated', 'model_2': 'activating', 'model_3': 'activating', 'model_4': 'deactivated', 'model_5': 'deactivated', 'model_6': 'activating'}
[2026-08-22 11:43:32.635 GPU_Scheduler_1] Waiting for models to be activated: {'model_1': 'deactivated', 'model_2': 'activating', 'model_3': 'activating', 'model_4': 'deactivated', 'model_5': 'deactivated', 'model_6': 'activating'}
[2026-08-22 11:43:32.646 GPU_Scheduler_1] Waiting for models to be activated: {'model_1': 'deactivated', 'model_2': 'activating', 'model_3': 'activating', 'model_4': 'deactivated', 'model_5': 'deactivated', 'model_6': 'activating'}
[2026-08-22 11:43:32.656 GPU_Scheduler_1] Waiting for models to be activated: {'model_1': 'deactivated', 'model_2': 'activating', 'model_3': 'activating', 'model_4': 'deactivated', 'model_5': 'deactivated', 'model_6': 'activating'}
[2026-08-22 11:43:32.666 GPU_Scheduler_1] Waiting for models to be activated: {'model_1': 'deactivated', 'model_2': 'activating', 'model_3': 'activating', 'model_4': 'deactivated', 'model_5': 'deactivated', 'model_6': 'activating'}
[2026-08-22 11:43:32.676 GPU_Scheduler_1] Waiting for models to be activated: {'model_1': 'deactivated', 'model_2': 'activating', 'model_3': 'activating', 'model_4': 'deactivated', 'model_5': 'deactivated', 'model_6': 'activating'}
[2026-08-22 11:43:32.687 GPU_Scheduler_1] Waiting for models to be activated: {'model_1': 'deactivated', 'model_2': 'activating', 'model_3': 'activating', 'model_4': 'deactivated', 'model_5': 'deactivated', 'model_6': 'activating'}
[2026-08-22 11:43:32.697 GPU_Scheduler_1] Waiting for models to be activated: {'model_1': 'deactivated', 'model_2': 'activating', 'model_3': 'activating', 'model_4': 'deactivated', 'model_5': 'deactivated', 'model_6': 'activating'}
[2026-08-22 11:43:32.707 GPU_Scheduler_1] Waiting for models to be activated: {'model_1': 'deactivated', 'model_2': 'activating', 'model_3': 'activating', 'model_4': 'deactivated', 'model_5': 'deactivated', 'model_6': 'activating'}
[2026-08-22 11:43:32.717 GPU_Scheduler_1] Waiting for models to be activated: {'model_1': 'deactivated', 'model_2': 'activating', 'model_3': 'activating', 'model_4': 'deactivated', 'model_5': 'deactivated', 'model_6': 'activating'}
[2026-08-22 11:43:32.728 GPU_Scheduler_1] Waiting for models to be activated: {'model_1': 'deactivated', 'model_2': 'activating', 'model_3': 'activating', 'model_4': 'deactivated', 'model_5': 'deactivated', 'model_6': 'activating'}
[2026-08-22 11:43:32.738 GPU_Scheduler_1] Waiting for models to be activated: {'model_1': 'deactivated', 'model_2': 'activating', 'model_3': 'activating', 'model_4': 'deactivated', 'model_5': 'deactivated', 'model_6': 'activating'}
[2026-08-22 11:43:32.748 GPU_Scheduler_1] Waiting for models to be activated: {'model_1': 'deactivated', 'model_2': 'activating', 'model_3': 'activating', 'model_4': 'deactivated', 'model_5': 'deactivated', 'model_6': 'activating'}
[2026-08-22 11:43:32.759 GPU_Scheduler_1] Waiting for models to be activated: {'model_1': 'deactivated', 'model_2': 'activating', 'model_3': 'activating', 'model_4': 'deactivated', 'model_5': 'deactivated', 'model_6': 'activating'}
[2026-08-22 11:43:32.769 GPU_Scheduler_1] Waiting for models to be activated: {'model_1': 'deactivated', 'model_2': 'activating', 'model_3': 'activating', 'model_4': 'deactivated', 'model_5': 'deactivated', 'model_6': 'activating'}
[2026-08-22 11:43:32.779 GPU_Scheduler_1] Waiting for models to be activated: {'model_1': 'deactivated', 'model_2': 'activating', 'model_3': 'activating', 'model_4': 'deactivated', 'model_5': 'deactivated', 'model_6': 'activating'}
[2026-08-22 11:43:32.789 GPU_Scheduler_1] Waiting for models to be activated: {'model_1': 'deactivated', 'model_2': 'activating', 'model_3': 'activating', 'model_4': 'deactivated', 'model_5': 'deactivated', 'model_6': 'activating'}
[2026-08-22 11:43:32.800 GPU_Scheduler_1] Waiting for models to be activated: {'model_1': 'deactivated', 'model_2': 'activating', 'model_3': 'activating', 'model_4': 'deactivated', 'model_5': 'deactivated', 'model_6': 'activating'}
[2026-08-22 11:43:32.810 GPU_Scheduler_1] Waiting for models to be activated: {'model_1': 'deactivated', 'model_2': 'activating', 'model_3': 'activating', 'model_4': 'deactivated', 'model_5': 'deactivated', 'model_6': 'activating'}
[2026-08-22 11:43:32.820 GPU_Scheduler_1] Waiting for models to be activated: {'model_1': 'deactivated', 'model_2': 'activating', 'model_3': 'activating', 'model_4': 'deactivated', 'model_5': 'deactivated', 'model_6': 'activating'}
[2026-08-22 11:43:32.831 GPU_Scheduler_1] Waiting for models to be activated: {'model_1': 'deactivated', 'model_2': 'activating', 'model_3': 'activating', 'model_4': 'deactivated', 'model_5': 'deactivated', 'model_6': 'activating'}
[2026-08-22 11:43:32.841 GPU_Scheduler_1] Waiting for models to be activated: {'model_1': 'deactivated', 'model_2': 'activating', 'model_3': 'activating', 'model_4': 'deactivated', 'model_5': 'deactivated', 'model_6': 'activating'}
[2026-08-22 11:43:32.851 GPU_Scheduler_1] Waiting for models to be activated: {'model_1': 'deactivated', 'model_2': 'activating', 'model_3': 'activating', 'model_4': 'deactivated', 'model_5': 'deactivated', 'model_6': 'activating'}
[2026-08-22 11:43:32.861 GPU_Scheduler_1] Waiting for models to be activated: {'model_1': 'deactivated', 'model_2': 'activating', 'model_3': 'activating', 'model_4': 'deactivated', 'model_5': 'deactivated', 'model_6': 'activating'}
[2026-08-22 11:43:32.871 GPU_Scheduler_1] Waiting for models to be activated: {'model_1': 'deactivated', 'model_2': 'activating', 'model_3': 'activating', 'model_4': 'deactivated', 'model_5': 'deactivated', 'model_6': 'activating'}
[2026-08-22 11:43:32.882 GPU_Scheduler_1] Waiting for models to be activated: {'model_1': 'deactivated', 'model_2': 'activating', 'model_3': 'activating', 'model_4': 'deactivated', 'model_5': 'deactivated', 'model_6': 'activating'}
[2026-08-22 11:43:32.892 GPU_Scheduler_1] Waiting for models to be activated: {'model_1': 'deactivated', 'model_2': 'activating', 'model_3': 'activating', 'model_4': 'deactivated', 'model_5': 'deactivated', 'model_6': 'activating'}
[2026-08-22 11:43:32.902 GPU_Scheduler_1] Waiting for models to be activated: {'model_1': 'deactivated', 'model_2': 'activating', 'model_3': 'activating', 'model_4': 'deactivated', 'model_5': 'deactivated', 'model_6': 'activating'}
[2026-08-22 11:43:32.913 GPU_Scheduler_1] Waiting for models to be activated: {'model_1': 'deactivated', 'model_2': 'activating', 'model_3': 'activating', 'model_4': 'deactivated', 'model_5': 'deactivated', 'model_6': 'activating'}
[2026-08-22 11:43:32.923 GPU_Scheduler_1] Waiting for models to be activated: {'model_1': 'deactivated', 'model_2': 'activating', 'model_3': 'activating', 'model_4': 'deactivated', 'model_5': 'deactivated', 'model_6': 'activating'}
[2026-08-22 11:43:32.933 GPU_Scheduler_1] Waiting for models to be activated: {'model_1': 'deactivated', 'model_2': 'activating', 'model_3': 'activating', 'model_4': 'deactivated', 'model_5': 'deactivated', 'model_6': 'activating'}
[2026-08-22 11:43:32.943 GPU_Scheduler_1] Waiting for models to be activated: {'model_1': 'deactivated', 'model_2': 'activating', 'model_3': 'activating', 'model_4': 'deactivated', 'model_5': 'deactivated', 'model_6': 'activating'}
[2026-08-22 11:43:32.954 GPU_Scheduler_1] Waiting for models to be activated: {'model_1': 'deactivated', 'model_2': 'activating', 'model_3': 'activating', 'model_4': 'deactivated', 'model_5': 'deactivated', 'model_6': 'activating'}
[2026-08-22 11:43:32.964 GPU_Scheduler_1] Waiting for models to be activated: {'model_1': 'deactivated', 'model_2': 'activating', 'model_3': 'activating', 'model_4': 'deactivated', 'model_5': 'deactivated', 'model_6': 'activating'}
[2026-08-22 11:43:32.974 GPU_Scheduler_1] Waiting for models to be activated: {'model_1': 'deactivated', 'model_2': 'activating', 'model_3': 'activating', 'model_4': 'deactivated', 'model_5': 'deactivated', 'model_6': 'activating'}
[2026-08-22 11:43:32.984 GPU_Scheduler_1] Waiting for models to be activated: {'model_1': 'deactivated', 'model_2': 'activating', 'model_3': 'activating', 'model_4': 'deactivated', 'model_5': 'deactivated', 'model_6': 'activating'}
[2026-08-22 11:43:32.995 GPU_Scheduler_1] Waiting for models to be activated: {'model_1': 'deactivated', 'model_2': 'activating', 'model_3': 'activating', 'model_4': 'deactivated', 'model_5': 'deactivated', 'model_6': 'activating'}
[2026-08-22 11:43:33.005 GPU_Scheduler_1] Waiting for models to be activated: {'model_1': 'deactivated', 'model_2': 'activating', 'model_3': 'activating', 'model_4': 'deactivated', 'model_5': 'deactivated', 'model_6': 'activating'}
[2026-08-22 11:43:33.015 GPU_Scheduler_1] Waiting for models to be activated: {'model_1': 'deactivated', 'model_2': 'activating', 'model_3': 'activating', 'model_4': 'deactivated', 'model_5': 'deactivated', 'model_6': 'activating'}
[2026-08-22 11:43:33.026 GPU_Scheduler_1] Waiting for models to be activated: {'model_1': 'deactivated', 'model_2': 'activating', 'model_3': 'activating', 'model_4': 'deactivated', 'model_5': 'deactivated', 'model_6': 'activating'}
[2026-08-22 11:43:33.036 GPU_Scheduler_1] Waiting for models to be activated: {'model_1': 'deactivated', 'model_2': 'activating', 'model_3': 'activating', 'model_4': 'deactivated', 'model_5': 'deactivated', 'model_6': 'activating'}
[2026-08-22 11:43:33.046 GPU_Scheduler_1] Waiting for models to be activated: {'model_1': 'deactivated', 'model_2': 'activating', 'model_3': 'activating', 'model_4': 'deactivated', 'model_5': 'deactivated', 'model_6': 'activating'}
[2026-08-22 11:43:33.057 GPU_Scheduler_1] Waiting for models to be activated: {'model_1': 'deactivated', 'model_2': 'activating', 'model_3': 'activating', 'model_4': 'deactivated', 'model_5': 'deactivated', 'model_6': 'activating'}
[2026-08-22 11:43:33.067 GPU_Scheduler_1] Waiting for models to be activated: {'model_1': 'deactivated', 'model_2': 'activating', 'model_3': 'activating', 'model_4': 'deactivated', 'model_5': 'deactivated', 'model_6': 'activating'}
[2026-08-22 11:43:33.077 GPU_Scheduler_1] Waiting for models to be activated: {'model_1': 'deactivated', 'model_2': 'activating', 'model_3': 'activating', 'model_4': 'deactivated', 'model_5': 'deactivated', 'model_6': 'activating'}
[2026-08-22 11:43:33.087 GPU_Scheduler_1] Waiting for models to be activated: {'model_1': 'deactivated', 'model_2': 'activating', 'model_3': 'activating', 'model_4': 'deactivated', 'model_5': 'deactivated', 'model_6': 'activating'}
[2026-08-22 11:43:33.098 GPU_Scheduler_1] Waiting for models to be activated: {'model_1': 'deactivated', 'model_2': 'activating', 'model_3': 'activating', 'model_4': 'deactivated', 'model_5': 'deactivated', 'model_6': 'activating'}
[2026-08-22 11:43:33.108 GPU_Scheduler_1] Waiting for models to be activated: {'model_1': 'deactivated', 'model_2': 'activating', 'model_3': 'activating', 'model_4': 'deactivated', 'model_5': 'deactivated', 'model_6': 'activating'}
[2026-08-22 11:43:33.118 GPU_Scheduler_1] Waiting for models to be activated: {'model_1': 'deactivated', 'model_2': 'activating', 'model_3': 'activating', 'model_4': 'deactivated', 'model_5': 'deactivated', 'model_6': 'activating'}
[2026-08-22 11:43:33.129 GPU_Scheduler_1] Waiting for models to be activated: {'model_1': 'deactivated', 'model_2': 'activating', 'model_3': 'activating', 'model_4': 'deactivated', 'model_5': 'deactivated', 'model_6': 'activating'}
[2026-08-22 11:43:33.139 GPU_Scheduler_1] Waiting for models to be activated: {'model_1': 'deactivated', 'model_2': 'activating', 'model_3': 'activating', 'model_4': 'deactivated', 'model_5': 'deactivated', 'model_6': 'activating'}
[2026-08-22 11:43:33.149 GPU_Scheduler_1] Waiting for models to be activated: {'model_1': 'deactivated', 'model_2': 'activating', 'model_3': 'activating', 'model_4': 'deactivated', 'model_5': 'deactivated', 'model_6': 'activating'}
[2026-08-22 11:43:33.160 GPU_Scheduler_1] Waiting for models to be activated: {'model_1': 'deactivated', 'model_2': 'activating', 'model_3': 'activating', 'model_4': 'deactivated', 'model_5': 'deactivated', 'model_6': 'activating'}
[2026-08-22 11:43:33.170 GPU_Scheduler_1] Waiting for models to be activated: {'model_1': 'deactivated', 'model_2': 'activating', 'model_3': 'activating', 'model_4': 'deactivated', 'model_5': 'deactivated', 'model_6': 'activating'}
[2026-08-22 11:43:33.181 GPU_Scheduler_1] Waiting for models to be activated: {'model_1': 'deactivated', 'model_2': 'activating', 'model_3': 'activating', 'model_4': 'deactivated', 'model_5': 'deactivated', 'model_6': 'activating'}
[2026-08-22 11:43:33.191 GPU_Scheduler_1] Waiting for models to be activated: {'model_1': 'deactivated', 'model_2': 'activating', 'model_3': 'activating', 'model_4': 'deactivated', 'model_5': 'deactivated', 'model_6': 'activating'}
[2026-08-22 11:43:33.202 GPU_Scheduler_1] Waiting for models to be activated: {'model_1': 'deactivated', 'model_2': 'activating', 'model_3': 'activating', 'model_4': 'deactivated', 'model_5': 'deactivated', 'model_6': 'activating'}
[2026-08-22 11:43:33.212 GPU_Scheduler_1] Waiting for models to be activated: {'model_1': 'deactivated', 'model_2': 'activating', 'model_3': 'activating', 'model_4': 'deactivated', 'model_5': 'deactivated', 'model_6': 'activating'}
[2026-08-22 11:43:33.223 GPU_Scheduler_1] Waiting for models to be activated: {'model_1': 'deactivated', 'model_2': 'activating', 'model_3': 'activating', 'model_4': 'deactivated', 'model_5': 'deactivated', 'model_6': 'activating'}
[2026-08-22 11:43:33.233 GPU_Scheduler_1] Waiting for models to be activated: {'model_1': 'deactivated', 'model_2': 'activating', 'model_3': 'activating', 'model_4': 'deactivated', 'model_5': 'deactivated', 'model_6': 'activating'}
[2026-08-22 11:43:33.243 GPU_Scheduler_1] Waiting for models to be activated: {'model_1': 'deactivated', 'model_2': 'activating', 'model_3': 'activating', 'model_4': 'deactivated', 'model_5': 'deactivated', 'model_6': 'activating'}
[2026-08-22 11:43:33.254 GPU_Scheduler_1] Waiting for models to be activated: {'model_1': 'deactivated', 'model_2': 'activating', 'model_3': 'activating', 'model_4': 'deactivated', 'model_5': 'deactivated', 'model_6': 'activating'}
[2026-08-22 11:43:33.264 GPU_Scheduler_1] Waiting for models to be activated: {'model_1': 'deactivated', 'model_2': 'activating', 'model_3': 'activating', 'model_4': 'deactivated', 'model_5': 'deactivated', 'model_6': 'activating'}
[2026-08-22 11:43:33.274 GPU_Scheduler_1] Waiting for models to be activated: {'model_1': 'deactivated', 'model_2': 'activating', 'model_3': 'activating', 'model_4': 'deactivated', 'model_5': 'deactivated', 'model_6': 'activating'}
[2026-08-22 11:43:33.285 GPU_Scheduler_1] Waiting for models to be activated: {'model_1': 'deactivated', 'model_2': 'activating', 'model_3': 'activating', 'model_4': 'deactivated', 'model_5': 'deactivated', 'model_6': 'activating'}
[2026-08-22 11:43:33.295 GPU_Scheduler_1] Waiting for models to be activated: {'model_1': 'deactivated', 'model_2': 'activating', 'model_3': 'activating', 'model_4': 'deactivated', 'model_5': 'deactivated', 'model_6': 'activating'}
[2026-08-22 11:43:33.305 GPU_Scheduler_1] Waiting for models to be activated: {'model_1': 'deactivated', 'model_2': 'activating', 'model_3': 'activating', 'model_4': 'deactivated', 'model_5': 'deactivated', 'model_6': 'activating'}
[2026-08-22 11:43:33.316 GPU_Scheduler_1] Waiting for models to be activated: {'model_1': 'deactivated', 'model_2': 'activating', 'model_3': 'activating', 'model_4': 'deactivated', 'model_5': 'deactivated', 'model_6': 'activating'}
[2026-08-22 11:43:33.326 GPU_Scheduler_1] Waiting for models to be activated: {'model_1': 'deactivated', 'model_2': 'activating', 'model_3': 'activating', 'model_4': 'deactivated', 'model_5': 'deactivated', 'model_6': 'activating'}
[2026-08-22 11:43:33.337 GPU_Scheduler_1] Waiting for models to be activated: {'model_1': 'deactivated', 'model_2': 'activating', 'model_3': 'activating', 'model_4': 'deactivated', 'model_5': 'deactivated', 'model_6': 'activating'}
[2026-08-22 11:43:33.347 GPU_Scheduler_1] Waiting for models to be activated: {'model_1': 'deactivated', 'model_2': 'activating', 'model_3': 'activating', 'model_4': 'deactivated', 'model_5': 'deactivated', 'model_6': 'activating'}
[2026-08-22 11:43:33.357 GPU_Scheduler_1] Waiting for models to be activated: {'model_1': 'deactivated', 'model_2': 'activating', 'model_3': 'activating', 'model_4': 'deactivated', 'model_5': 'deactivated', 'model_6': 'activating'}
[2026-08-22 11:43:33.367 GPU_Scheduler_1] Waiting for models to be activated: {'model_1': 'deactivated', 'model_2': 'activating', 'model_3': 'activating', 'model_4': 'deactivated', 'model_5': 'deactivated', 'model_6': 'activating'}
[2026-08-22 11:43:33.378 GPU_Scheduler_1] Waiting for models to be activated: {'model_1': 'deactivated', 'model_2': 'activating', 'model_3': 'activating', 'model_4': 'deactivated', 'model_5': 'deactivated', 'model_6': 'activating'}
[2026-08-22 11:43:33.388 GPU_Scheduler_1] Waiting for models to be activated: {'model_1': 'deactivated', 'model_2': 'activating', 'model_3': 'activating', 'model_4': 'deactivated', 'model_5': 'deactivated', 'model_6': 'activating'}
[2026-08-22 11:43:33.398 GPU_Scheduler_1] Waiting for models to be activated: {'model_1': 'deactivated', 'model_2': 'activating', 'model_3': 'activating', 'model_4': 'deactivated', 'model_5': 'deactivated', 'model_6': 'activating'}
[2026-08-22 11:43:33.408 GPU_Scheduler_1] Waiting for models to be activated: {'model_1': 'deactivated', 'model_2': 'activating', 'model_3': 'activating', 'model_4': 'deactivated', 'model_5': 'deactivated', 'model_6': 'activating'}
[2026-08-22 11:43:33.414 GPU_Scheduler_0] net_available: inf, queue_len: 0
[2026-08-22 11:43:33.419 GPU_Scheduler_1] Waiting for models to be activated: {'model_1': 'deactivated', 'model_2': 'activating', 'model_3': 'activating', 'model_4': 'deactivated', 'model_5': 'deactivated', 'model_6': 'activating'}
[2026-08-22 11:43:33.429 GPU_Scheduler_1] Waiting for models to be activated: {'model_1': 'deactivated', 'model_2': 'activating', 'model_3': 'activating', 'model_4': 'deactivated', 'model_5': 'deactivated', 'model_6': 'activating'}
[2026-08-22 11:43:33.439 GPU_Scheduler_1] Waiting for models to be activated: {'model_1': 'deactivated', 'model_2': 'activating', 'model_3': 'activating', 'model_4': 'deactivated', 'model_5': 'deactivated', 'model_6': 'activating'}
[2026-08-22 11:43:33.449 GPU_Scheduler_1] Waiting for models to be activated: {'model_1': 'deactivated', 'model_2': 'activating', 'model_3': 'activating', 'model_4': 'deactivated', 'model_5': 'deactivated', 'model_6': 'activating'}
[2026-08-22 11:43:33.460 GPU_Scheduler_1] Waiting for models to be activated: {'model_1': 'deactivated', 'model_2': 'activating', 'model_3': 'activating', 'model_4': 'deactivated', 'model_5': 'deactivated', 'model_6': 'activating'}
[2026-08-22 11:43:33.470 GPU_Scheduler_1] Waiting for models to be activated: {'model_1': 'deactivated', 'model_2': 'activating', 'model_3': 'activating', 'model_4': 'deactivated', 'model_5': 'deactivated', 'model_6': 'activating'}
[2026-08-22 11:43:33.480 GPU_Scheduler_1] Waiting for models to be activated: {'model_1': 'deactivated', 'model_2': 'activating', 'model_3': 'activating', 'model_4': 'deactivated', 'model_5': 'deactivated', 'model_6': 'activating'}
[2026-08-22 11:43:33.490 GPU_Scheduler_1] Waiting for models to be activated: {'model_1': 'deactivated', 'model_2': 'activating', 'model_3': 'activating', 'model_4': 'deactivated', 'model_5': 'deactivated', 'model_6': 'activating'}
[2026-08-22 11:43:33.500 GPU_Scheduler_1] Waiting for models to be activated: {'model_1': 'deactivated', 'model_2': 'activating', 'model_3': 'activating', 'model_4': 'deactivated', 'model_5': 'deactivated', 'model_6': 'activating'}
[2026-08-22 11:43:33.511 GPU_Scheduler_1] Waiting for models to be activated: {'model_1': 'deactivated', 'model_2': 'activating', 'model_3': 'activating', 'model_4': 'deactivated', 'model_5': 'deactivated', 'model_6': 'activating'}
[2026-08-22 11:43:33.521 GPU_Scheduler_1] Waiting for models to be activated: {'model_1': 'deactivated', 'model_2': 'activating', 'model_3': 'activating', 'model_4': 'deactivated', 'model_5': 'deactivated', 'model_6': 'activating'}
[2026-08-22 11:43:33.531 GPU_Scheduler_1] Waiting for models to be activated: {'model_1': 'deactivated', 'model_2': 'activating', 'model_3': 'activating', 'model_4': 'deactivated', 'model_5': 'deactivated', 'model_6': 'activating'}
[2026-08-22 11:43:33.541 GPU_Scheduler_1] Waiting for models to be activated: {'model_1': 'deactivated', 'model_2': 'activating', 'model_3': 'activating', 'model_4': 'deactivated', 'model_5': 'deactivated', 'model_6': 'activating'}
[2026-08-22 11:43:33.552 GPU_Scheduler_1] Waiting for models to be activated: {'model_1': 'deactivated', 'model_2': 'activating', 'model_3': 'activating', 'model_4': 'deactivated', 'model_5': 'deactivated', 'model_6': 'activating'}
[2026-08-22 11:43:33.562 GPU_Scheduler_1] Waiting for models to be activated: {'model_1': 'deactivated', 'model_2': 'activating', 'model_3': 'activating', 'model_4': 'deactivated', 'model_5': 'deactivated', 'model_6': 'activating'}
[2026-08-22 11:43:33.572 GPU_Scheduler_1] Waiting for models to be activated: {'model_1': 'deactivated', 'model_2': 'activating', 'model_3': 'activating', 'model_4': 'deactivated', 'model_5': 'deactivated', 'model_6': 'activating'}
[2026-08-22 11:43:33.582 GPU_Scheduler_1] Waiting for models to be activated: {'model_1': 'deactivated', 'model_2': 'activating', 'model_3': 'activating', 'model_4': 'deactivated', 'model_5': 'deactivated', 'model_6': 'activating'}
[2026-08-22 11:43:33.592 GPU_Scheduler_1] Waiting for models to be activated: {'model_1': 'deactivated', 'model_2': 'activating', 'model_3': 'activating', 'model_4': 'deactivated', 'model_5': 'deactivated', 'model_6': 'activating'}
[2026-08-22 11:43:33.603 GPU_Scheduler_1] Waiting for models to be activated: {'model_1': 'deactivated', 'model_2': 'activating', 'model_3': 'activating', 'model_4': 'deactivated', 'model_5': 'deactivated', 'model_6': 'activating'}
[2026-08-22 11:43:33.613 GPU_Scheduler_1] Waiting for models to be activated: {'model_1': 'deactivated', 'model_2': 'activating', 'model_3': 'activating', 'model_4': 'deactivated', 'model_5': 'deactivated', 'model_6': 'activating'}
[2026-08-22 11:43:33.623 GPU_Scheduler_1] Waiting for models to be activated: {'model_1': 'deactivated', 'model_2': 'activating', 'model_3': 'activating', 'model_4': 'deactivated', 'model_5': 'deactivated', 'model_6': 'activating'}
[2026-08-22 11:43:33.633 GPU_Scheduler_1] Waiting for models to be activated: {'model_1': 'deactivated', 'model_2': 'activating', 'model_3': 'activating', 'model_4': 'deactivated', 'model_5': 'deactivated', 'model_6': 'activating'}
[2026-08-22 11:43:33.644 GPU_Scheduler_1] Waiting for models to be activated: {'model_1': 'deactivated', 'model_2': 'activating', 'model_3': 'activating', 'model_4': 'deactivated', 'model_5': 'deactivated', 'model_6': 'activating'}
[2026-08-22 11:43:33.654 GPU_Scheduler_1] Waiting for models to be activated: {'model_1': 'deactivated', 'model_2': 'activating', 'model_3': 'activating', 'model_4': 'deactivated', 'model_5': 'deactivated', 'model_6': 'activating'}
[2026-08-22 11:43:33.664 GPU_Scheduler_1] Waiting for models to be activated: {'model_1': 'deactivated', 'model_2': 'activating', 'model_3': 'activating', 'model_4': 'deactivated', 'model_5': 'deactivated', 'model_6': 'activating'}
[2026-08-22 11:43:33.674 GPU_Scheduler_1] Waiting for models to be activated: {'model_1': 'deactivated', 'model_2': 'activating', 'model_3': 'activating', 'model_4': 'deactivated', 'model_5': 'deactivated', 'model_6': 'activating'}
[2026-08-22 11:43:33.684 GPU_Scheduler_1] Waiting for models to be activated: {'model_1': 'deactivated', 'model_2': 'activating', 'model_3': 'activating', 'model_4': 'deactivated', 'model_5': 'deactivated', 'model_6': 'activating'}
[2026-08-22 11:43:33.695 GPU_Scheduler_1] Waiting for models to be activated: {'model_1': 'deactivated', 'model_2': 'activating', 'model_3': 'activating', 'model_4': 'deactivated', 'model_5': 'deactivated', 'model_6': 'activating'}
[2026-08-22 11:43:33.705 GPU_Scheduler_1] Waiting for models to be activated: {'model_1': 'deactivated', 'model_2': 'activating', 'model_3': 'activating', 'model_4': 'deactivated', 'model_5': 'deactivated', 'model_6': 'activating'}
[2026-08-22 11:43:33.715 GPU_Scheduler_1] Waiting for models to be activated: {'model_1': 'deactivated', 'model_2': 'activating', 'model_3': 'activating', 'model_4': 'deactivated', 'model_5': 'deactivated', 'model_6': 'activating'}
[2026-08-22 11:43:33.726 GPU_Scheduler_1] Waiting for models to be activated: {'model_1': 'deactivated', 'model_2': 'activating', 'model_3': 'activating', 'model_4': 'deactivated', 'model_5': 'deactivated', 'model_6': 'activating'}
[2026-08-22 11:43:33.736 GPU_Scheduler_1] Waiting for models to be activated: {'model_1': 'deactivated', 'model_2': 'activating', 'model_3': 'activating', 'model_4': 'deactivated', 'model_5': 'deactivated', 'model_6': 'activating'}
[2026-08-22 11:43:33.746 GPU_Scheduler_1] Waiting for models to be activated: {'model_1': 'deactivated', 'model_2': 'activating', 'model_3': 'activating', 'model_4': 'deactivated', 'model_5': 'deactivated', 'model_6': 'activating'}
[2026-08-22 11:43:33.756 GPU_Scheduler_1] Waiting for models to be activated: {'model_1': 'deactivated', 'model_2': 'activating', 'model_3': 'activating', 'model_4': 'deactivated', 'model_5': 'deactivated', 'model_6': 'activating'}
[2026-08-22 11:43:33.766 GPU_Scheduler_1] Waiting for models to be activated: {'model_1': 'deactivated', 'model_2': 'activating', 'model_3': 'activating', 'model_4': 'deactivated', 'model_5': 'deactivated', 'model_6': 'activating'}
[2026-08-22 11:43:33.777 GPU_Scheduler_1] Waiting for models to be activated: {'model_1': 'deactivated', 'model_2': 'activating', 'model_3': 'activating', 'model_4': 'deactivated', 'model_5': 'deactivated', 'model_6': 'activating'}
[2026-08-22 11:43:33.787 GPU_Scheduler_1] Waiting for models to be activated: {'model_1': 'deactivated', 'model_2': 'activating', 'model_3': 'activating', 'model_4': 'deactivated', 'model_5': 'deactivated', 'model_6': 'activating'}
[2026-08-22 11:43:33.797 GPU_Scheduler_1] Waiting for models to be activated: {'model_1': 'deactivated', 'model_2': 'activating', 'model_3': 'activating', 'model_4': 'deactivated', 'model_5': 'deactivated', 'model_6': 'activating'}
[2026-08-22 11:43:33.808 GPU_Scheduler_1] Waiting for models to be activated: {'model_1': 'deactivated', 'model_2': 'activating', 'model_3': 'activating', 'model_4': 'deactivated', 'model_5': 'deactivated', 'model_6': 'activating'}
[2026-08-22 11:43:33.818 GPU_Scheduler_1] Waiting for models to be activated: {'model_1': 'deactivated', 'model_2': 'activating', 'model_3': 'activating', 'model_4': 'deactivated', 'model_5': 'deactivated', 'model_6': 'activating'}
[2026-08-22 11:43:33.829 GPU_Scheduler_1] Waiting for models to be activated: {'model_1': 'deactivated', 'model_2': 'activating', 'model_3': 'activating', 'model_4': 'deactivated', 'model_5': 'deactivated', 'model_6': 'activating'}
[2026-08-22 11:43:33.839 GPU_Scheduler_1] Waiting for models to be activated: {'model_1': 'deactivated', 'model_2': 'activating', 'model_3': 'activating', 'model_4': 'deactivated', 'model_5': 'deactivated', 'model_6': 'activating'}
[2026-08-22 11:43:33.849 GPU_Scheduler_1] Waiting for models to be activated: {'model_1': 'deactivated', 'model_2': 'activating', 'model_3': 'activating', 'model_4': 'deactivated', 'model_5': 'deactivated', 'model_6': 'activating'}
[2026-08-22 11:43:33.860 GPU_Scheduler_1] Waiting for models to be activated: {'model_1': 'deactivated', 'model_2': 'activating', 'model_3': 'activating', 'model_4': 'deactivated', 'model_5': 'deactivated', 'model_6': 'activating'}
[2026-08-22 11:43:33.870 GPU_Scheduler_1] Waiting for models to be activated: {'model_1': 'deactivated', 'model_2': 'activating', 'model_3': 'activating', 'model_4': 'deactivated', 'model_5': 'deactivated', 'model_6': 'activating'}
[2026-08-22 11:43:33.881 GPU_Scheduler_1] Waiting for models to be activated: {'model_1': 'deactivated', 'model_2': 'activating', 'model_3': 'activating', 'model_4': 'deactivated', 'model_5': 'deactivated', 'model_6': 'activating'}
[2026-08-22 11:43:33.891 GPU_Scheduler_1] Waiting for models to be activated: {'model_1': 'deactivated', 'model_2': 'activating', 'model_3': 'activating', 'model_4': 'deactivated', 'model_5': 'deactivated', 'model_6': 'activating'}
[2026-08-22 11:43:33.901 GPU_Scheduler_1] Waiting for models to be activated: {'model_1': 'deactivated', 'model_2': 'activating', 'model_3': 'activating', 'model_4': 'deactivated', 'model_5': 'deactivated', 'model_6': 'activating'}
[2026-08-22 11:43:33.911 GPU_Scheduler_1] Waiting for models to be activated: {'model_1': 'deactivated', 'model_2': 'activating', 'model_3': 'activating', 'model_4': 'deactivated', 'model_5': 'deactivated', 'model_6': 'activating'}
[2026-08-22 11:43:33.922 GPU_Scheduler_1] Waiting for models to be activated: {'model_1': 'deactivated', 'model_2': 'activating', 'model_3': 'activating', 'model_4': 'deactivated', 'model_5': 'deactivated', 'model_6': 'activating'}
[2026-08-22 11:43:33.932 GPU_Scheduler_1] Waiting for models to be activated: {'model_1': 'deactivated', 'model_2': 'activating', 'model_3': 'activating', 'model_4': 'deactivated', 'model_5': 'deactivated', 'model_6': 'activating'}
[2026-08-22 11:43:33.942 GPU_Scheduler_1] Waiting for models to be activated: {'model_1': 'deactivated', 'model_2': 'activating', 'model_3': 'activating', 'model_4': 'deactivated', 'model_5': 'deactivated', 'model_6': 'activating'}
[2026-08-22 11:43:33.952 GPU_Scheduler_1] Waiting for models to be activated: {'model_1': 'deactivated', 'model_2': 'activating', 'model_3': 'activating', 'model_4': 'deactivated', 'model_5': 'deactivated', 'model_6': 'activating'}
[2026-08-22 11:43:33.963 GPU_Scheduler_1] Waiting for models to be activated: {'model_1': 'deactivated', 'model_2': 'activating', 'model_3': 'activating', 'model_4': 'deactivated', 'model_5': 'deactivated', 'model_6': 'activating'}
[2026-08-22 11:43:33.973 GPU_Scheduler_1] Waiting for models to be activated: {'model_1': 'deactivated', 'model_2': 'activating', 'model_3': 'activating', 'model_4': 'deactivated', 'model_5': 'deactivated', 'model_6': 'activating'}
[2026-08-22 11:43:33.983 GPU_Scheduler_1] Waiting for models to be activated: {'model_1': 'deactivated', 'model_2': 'activating', 'model_3': 'activating', 'model_4': 'deactivated', 'model_5': 'deactivated', 'model_6': 'activating'}
[2026-08-22 11:43:33.994 GPU_Scheduler_1] Waiting for models to be activated: {'model_1': 'deactivated', 'model_2': 'activating', 'model_3': 'activating', 'model_4': 'deactivated', 'model_5': 'deactivated', 'model_6': 'activating'}
[2026-08-22 11:43:34.004 GPU_Scheduler_1] Waiting for models to be activated: {'model_1': 'deactivated', 'model_2': 'activating', 'model_3': 'activating', 'model_4': 'deactivated', 'model_5': 'deactivated', 'model_6': 'activating'}
[2026-08-22 11:43:34.014 GPU_Scheduler_1] Waiting for models to be activated: {'model_1': 'deactivated', 'model_2': 'activating', 'model_3': 'activating', 'model_4': 'deactivated', 'model_5': 'deactivated', 'model_6': 'activating'}
[2026-08-22 11:43:34.024 GPU_Scheduler_1] Waiting for models to be activated: {'model_1': 'deactivated', 'model_2': 'activating', 'model_3': 'activating', 'model_4': 'deactivated', 'model_5': 'deactivated', 'model_6': 'activating'}
[2026-08-22 11:43:34.035 GPU_Scheduler_1] Waiting for models to be activated: {'model_1': 'deactivated', 'model_2': 'activating', 'model_3': 'activating', 'model_4': 'deactivated', 'model_5': 'deactivated', 'model_6': 'activating'}
[2026-08-22 11:43:34.045 GPU_Scheduler_1] Waiting for models to be activated: {'model_1': 'deactivated', 'model_2': 'activating', 'model_3': 'activating', 'model_4': 'deactivated', 'model_5': 'deactivated', 'model_6': 'activating'}
[2026-08-22 11:43:34.055 GPU_Scheduler_1] Waiting for models to be activated: {'model_1': 'deactivated', 'model_2': 'activating', 'model_3': 'activating', 'model_4': 'deactivated', 'model_5': 'deactivated', 'model_6': 'activating'}
[2026-08-22 11:43:34.065 GPU_Scheduler_1] Waiting for models to be activated: {'model_1': 'deactivated', 'model_2': 'activating', 'model_3': 'activating', 'model_4': 'deactivated', 'model_5': 'deactivated', 'model_6': 'activating'}
[2026-08-22 11:43:34.076 GPU_Scheduler_1] Waiting for models to be activated: {'model_1': 'deactivated', 'model_2': 'activating', 'model_3': 'activating', 'model_4': 'deactivated', 'model_5': 'deactivated', 'model_6': 'activating'}
[2026-08-22 11:43:34.086 GPU_Scheduler_1] Waiting for models to be activated: {'model_1': 'deactivated', 'model_2': 'activating', 'model_3': 'activating', 'model_4': 'deactivated', 'model_5': 'deactivated', 'model_6': 'activating'}
[2026-08-22 11:43:34.096 GPU_Scheduler_1] Waiting for models to be activated: {'model_1': 'deactivated', 'model_2': 'activating', 'model_3': 'activating', 'model_4': 'deactivated', 'model_5': 'deactivated', 'model_6': 'activating'}
[2026-08-22 11:43:34.106 GPU_Scheduler_1] Waiting for models to be activated: {'model_1': 'deactivated', 'model_2': 'activating', 'model_3': 'activating', 'model_4': 'deactivated', 'model_5': 'deactivated', 'model_6': 'activating'}
[2026-08-22 11:43:34.117 GPU_Scheduler_1] Waiting for models to be activated: {'model_1': 'deactivated', 'model_2': 'activating', 'model_3': 'activating', 'model_4': 'deactivated', 'model_5': 'deactivated', 'model_6': 'activating'}
[2026-08-22 11:43:34.127 GPU_Scheduler_1] Waiting for models to be activated: {'model_1': 'deactivated', 'model_2': 'activating', 'model_3': 'activating', 'model_4': 'deactivated', 'model_5': 'deactivated', 'model_6': 'activating'}
[2026-08-22 11:43:34.137 GPU_Scheduler_1] Waiting for models to be activated: {'model_1': 'deactivated', 'model_2': 'activating', 'model_3': 'activating', 'model_4': 'deactivated', 'model_5': 'deactivated', 'model_6': 'activating'}
[2026-08-22 11:43:34.147 GPU_Scheduler_1] Waiting for models to be activated: {'model_1': 'deactivated', 'model_2': 'activating', 'model_3': 'activating', 'model_4': 'deactivated', 'model_5': 'deactivated', 'model_6': 'activating'}
[2026-08-22 11:43:34.158 GPU_Scheduler_1] Waiting for models to be activated: {'model_1': 'deactivated', 'model_2': 'activating', 'model_3': 'activating', 'model_4': 'deactivated', 'model_5': 'deactivated', 'model_6': 'activating'}
[2026-08-22 11:43:34.168 GPU_Scheduler_1] Waiting for models to be activated: {'model_1': 'deactivated', 'model_2': 'activating', 'model_3': 'activating', 'model_4': 'deactivated', 'model_5': 'deactivated', 'model_6': 'activating'}
[2026-08-22 11:43:34.178 GPU_Scheduler_1] Waiting for models to be activated: {'model_1': 'deactivated', 'model_2': 'activating', 'model_3': 'activating', 'model_4': 'deactivated', 'model_5': 'deactivated', 'model_6': 'activating'}
[2026-08-22 11:43:34.188 GPU_Scheduler_1] Waiting for models to be activated: {'model_1': 'deactivated', 'model_2': 'activating', 'model_3': 'activating', 'model_4': 'deactivated', 'model_5': 'deactivated', 'model_6': 'activating'}
[2026-08-22 11:43:34.198 GPU_Scheduler_1] Waiting for models to be activated: {'model_1': 'deactivated', 'model_2': 'activating', 'model_3': 'activating', 'model_4': 'deactivated', 'model_5': 'deactivated', 'model_6': 'activating'}
[2026-08-22 11:43:34.209 GPU_Scheduler_1] Waiting for models to be activated: {'model_1': 'deactivated', 'model_2': 'activating', 'model_3': 'activating', 'model_4': 'deactivated', 'model_5': 'deactivated', 'model_6': 'activating'}
[2026-08-22 11:43:34.219 GPU_Scheduler_1] Waiting for models to be activated: {'model_1': 'deactivated', 'model_2': 'activating', 'model_3': 'activating', 'model_4': 'deactivated', 'model_5': 'deactivated', 'model_6': 'activating'}
[2026-08-22 11:43:34.229 GPU_Scheduler_1] Waiting for models to be activated: {'model_1': 'deactivated', 'model_2': 'activating', 'model_3': 'activating', 'model_4': 'deactivated', 'model_5': 'deactivated', 'model_6': 'activating'}
[2026-08-22 11:43:34.239 GPU_Scheduler_1] Waiting for models to be activated: {'model_1': 'deactivated', 'model_2': 'activating', 'model_3': 'activating', 'model_4': 'deactivated', 'model_5': 'deactivated', 'model_6': 'activating'}
[2026-08-22 11:43:34.249 GPU_Scheduler_1] Waiting for models to be activated: {'model_1': 'deactivated', 'model_2': 'activating', 'model_3': 'activating', 'model_4': 'deactivated', 'model_5': 'deactivated', 'model_6': 'activating'}
[2026-08-22 11:43:34.260 GPU_Scheduler_1] Waiting for models to be activated: {'model_1': 'deactivated', 'model_2': 'activating', 'model_3': 'activating', 'model_4': 'deactivated', 'model_5': 'deactivated', 'model_6': 'activating'}
[2026-08-22 11:43:34.270 GPU_Scheduler_1] Waiting for models to be activated: {'model_1': 'deactivated', 'model_2': 'activating', 'model_3': 'activating', 'model_4': 'deactivated', 'model_5': 'deactivated', 'model_6': 'activating'}
[2026-08-22 11:43:34.280 GPU_Scheduler_1] Waiting for models to be activated: {'model_1': 'deactivated', 'model_2': 'activating', 'model_3': 'activating', 'model_4': 'deactivated', 'model_5': 'deactivated', 'model_6': 'activating'}
[2026-08-22 11:43:34.290 GPU_Scheduler_1] Waiting for models to be activated: {'model_1': 'deactivated', 'model_2': 'activating', 'model_3': 'activating', 'model_4': 'deactivated', 'model_5': 'deactivated', 'model_6': 'activating'}
[2026-08-22 11:43:34.301 GPU_Scheduler_1] Waiting for models to be activated: {'model_1': 'deactivated', 'model_2': 'activating', 'model_3': 'activating', 'model_4': 'deactivated', 'model_5': 'deactivated', 'model_6': 'activating'}
[2026-08-22 11:43:34.311 GPU_Scheduler_1] Waiting for models to be activated: {'model_1': 'deactivated', 'model_2': 'activating', 'model_3': 'activating', 'model_4': 'deactivated', 'model_5': 'deactivated', 'model_6': 'activating'}
[2026-08-22 11:43:34.321 GPU_Scheduler_1] Waiting for models to be activated: {'model_1': 'deactivated', 'model_2': 'activating', 'model_3': 'activating', 'model_4': 'deactivated', 'model_5': 'deactivated', 'model_6': 'activating'}
[2026-08-22 11:43:34.331 GPU_Scheduler_1] Waiting for models to be activated: {'model_1': 'deactivated', 'model_2': 'activating', 'model_3': 'activating', 'model_4': 'deactivated', 'model_5': 'deactivated', 'model_6': 'activating'}
[2026-08-22 11:43:34.342 GPU_Scheduler_1] Waiting for models to be activated: {'model_1': 'deactivated', 'model_2': 'activating', 'model_3': 'activating', 'model_4': 'deactivated', 'model_5': 'deactivated', 'model_6': 'activating'}
[2026-08-22 11:43:34.352 GPU_Scheduler_1] Waiting for models to be activated: {'model_1': 'deactivated', 'model_2': 'activating', 'model_3': 'activating', 'model_4': 'deactivated', 'model_5': 'deactivated', 'model_6': 'activating'}
[2026-08-22 11:43:34.362 GPU_Scheduler_1] Waiting for models to be activated: {'model_1': 'deactivated', 'model_2': 'activating', 'model_3': 'activating', 'model_4': 'deactivated', 'model_5': 'deactivated', 'model_6': 'activating'}
[2026-08-22 11:43:34.372 GPU_Scheduler_1] Waiting for models to be activated: {'model_1': 'deactivated', 'model_2': 'activating', 'model_3': 'activating', 'model_4': 'deactivated', 'model_5': 'deactivated', 'model_6': 'activating'}
[2026-08-22 11:43:34.383 GPU_Scheduler_1] Waiting for models to be activated: {'model_1': 'deactivated', 'model_2': 'activating', 'model_3': 'activating', 'model_4': 'deactivated', 'model_5': 'deactivated', 'model_6': 'activating'}
[2026-08-22 11:43:34.393 GPU_Scheduler_1] Waiting for models to be activated: {'model_1': 'deactivated', 'model_2': 'activating', 'model_3': 'activating', 'model_4': 'deactivated', 'model_5': 'deactivated', 'model_6': 'activating'}
[2026-08-22 11:43:34.403 GPU_Scheduler_1] Waiting for models to be activated: {'model_1': 'deactivated', 'model_2': 'activating', 'model_3': 'activating', 'model_4': 'deactivated', 'model_5': 'deactivated', 'model_6': 'activating'}
[2026-08-22 11:43:34.413 GPU_Scheduler_1] Waiting for models to be activated: {'model_1': 'deactivated', 'model_2': 'activating', 'model_3': 'activating', 'model_4': 'deactivated', 'model_5': 'deactivated', 'model_6': 'activating'}
[2026-08-22 11:43:34.416 GPU_Scheduler_0] net_available: inf, queue_len: 0
[2026-08-22 11:43:34.423 GPU_Scheduler_1] Waiting for models to be activated: {'model_1': 'deactivated', 'model_2': 'activating', 'model_3': 'activating', 'model_4': 'deactivated', 'model_5': 'deactivated', 'model_6': 'activating'}
[2026-08-22 11:43:34.434 GPU_Scheduler_1] Waiting for models to be activated: {'model_1': 'deactivated', 'model_2': 'activating', 'model_3': 'activating', 'model_4': 'deactivated', 'model_5': 'deactivated', 'model_6': 'activating'}
[2026-08-22 11:43:34.444 GPU_Scheduler_1] Waiting for models to be activated: {'model_1': 'deactivated', 'model_2': 'activating', 'model_3': 'activating', 'model_4': 'deactivated', 'model_5': 'deactivated', 'model_6': 'activating'}
[2026-08-22 11:43:34.454 GPU_Scheduler_1] Waiting for models to be activated: {'model_1': 'deactivated', 'model_2': 'activating', 'model_3': 'activating', 'model_4': 'deactivated', 'model_5': 'deactivated', 'model_6': 'activating'}
[2026-08-22 11:43:34.465 GPU_Scheduler_1] Waiting for models to be activated: {'model_1': 'deactivated', 'model_2': 'activating', 'model_3': 'activating', 'model_4': 'deactivated', 'model_5': 'deactivated', 'model_6': 'activating'}
[2026-08-22 11:43:34.475 GPU_Scheduler_1] Waiting for models to be activated: {'model_1': 'deactivated', 'model_2': 'activating', 'model_3': 'activating', 'model_4': 'deactivated', 'model_5': 'deactivated', 'model_6': 'activating'}
[2026-08-22 11:43:34.485 GPU_Scheduler_1] Waiting for models to be activated: {'model_1': 'deactivated', 'model_2': 'activating', 'model_3': 'activating', 'model_4': 'deactivated', 'model_5': 'deactivated', 'model_6': 'activating'}
[2026-08-22 11:43:34.495 GPU_Scheduler_1] Waiting for models to be activated: {'model_1': 'deactivated', 'model_2': 'activating', 'model_3': 'activating', 'model_4': 'deactivated', 'model_5': 'deactivated', 'model_6': 'activating'}
[2026-08-22 11:43:34.506 GPU_Scheduler_1] Waiting for models to be activated: {'model_1': 'deactivated', 'model_2': 'activating', 'model_3': 'activating', 'model_4': 'deactivated', 'model_5': 'deactivated', 'model_6': 'activating'}
[2026-08-22 11:43:34.516 GPU_Scheduler_1] Waiting for models to be activated: {'model_1': 'deactivated', 'model_2': 'activating', 'model_3': 'activating', 'model_4': 'deactivated', 'model_5': 'deactivated', 'model_6': 'activating'}
[2026-08-22 11:43:34.526 GPU_Scheduler_1] Waiting for models to be activated: {'model_1': 'deactivated', 'model_2': 'activating', 'model_3': 'activating', 'model_4': 'deactivated', 'model_5': 'deactivated', 'model_6': 'activating'}
[2026-08-22 11:43:34.536 GPU_Scheduler_1] Waiting for models to be activated: {'model_1': 'deactivated', 'model_2': 'activating', 'model_3': 'activating', 'model_4': 'deactivated', 'model_5': 'deactivated', 'model_6': 'activating'}
[2026-08-22 11:43:34.547 GPU_Scheduler_1] Waiting for models to be activated: {'model_1': 'deactivated', 'model_2': 'activating', 'model_3': 'activating', 'model_4': 'deactivated', 'model_5': 'deactivated', 'model_6': 'activating'}
[2026-08-22 11:43:34.557 GPU_Scheduler_1] Waiting for models to be activated: {'model_1': 'deactivated', 'model_2': 'activating', 'model_3': 'activating', 'model_4': 'deactivated', 'model_5': 'deactivated', 'model_6': 'activating'}
[2026-08-22 11:43:34.567 GPU_Scheduler_1] Waiting for models to be activated: {'model_1': 'deactivated', 'model_2': 'activating', 'model_3': 'activating', 'model_4': 'deactivated', 'model_5': 'deactivated', 'model_6': 'activating'}
[2026-08-22 11:43:34.578 GPU_Scheduler_1] Waiting for models to be activated: {'model_1': 'deactivated', 'model_2': 'activating', 'model_3': 'activating', 'model_4': 'deactivated', 'model_5': 'deactivated', 'model_6': 'activating'}
[2026-08-22 11:43:34.588 GPU_Scheduler_1] Waiting for models to be activated: {'model_1': 'deactivated', 'model_2': 'activating', 'model_3': 'activating', 'model_4': 'deactivated', 'model_5': 'deactivated', 'model_6': 'activating'}
[2026-08-22 11:43:34.598 GPU_Scheduler_1] Waiting for models to be activated: {'model_1': 'deactivated', 'model_2': 'activating', 'model_3': 'activating', 'model_4': 'deactivated', 'model_5': 'deactivated', 'model_6': 'activating'}
[2026-08-22 11:43:34.609 GPU_Scheduler_1] Waiting for models to be activated: {'model_1': 'deactivated', 'model_2': 'activating', 'model_3': 'activating', 'model_4': 'deactivated', 'model_5': 'deactivated', 'model_6': 'activating'}
[2026-08-22 11:43:34.619 GPU_Scheduler_1] Waiting for models to be activated: {'model_1': 'deactivated', 'model_2': 'activating', 'model_3': 'activating', 'model_4': 'deactivated', 'model_5': 'deactivated', 'model_6': 'activating'}
[2026-08-22 11:43:34.629 GPU_Scheduler_1] Waiting for models to be activated: {'model_1': 'deactivated', 'model_2': 'activating', 'model_3': 'activating', 'model_4': 'deactivated', 'model_5': 'deactivated', 'model_6': 'activating'}
[2026-08-22 11:43:34.639 GPU_Scheduler_1] Waiting for models to be activated: {'model_1': 'deactivated', 'model_2': 'activating', 'model_3': 'activating', 'model_4': 'deactivated', 'model_5': 'deactivated', 'model_6': 'activating'}
[2026-08-22 11:43:34.650 GPU_Scheduler_1] Waiting for models to be activated: {'model_1': 'deactivated', 'model_2': 'activating', 'model_3': 'activating', 'model_4': 'deactivated', 'model_5': 'deactivated', 'model_6': 'activating'}
[2026-08-22 11:43:34.660 GPU_Scheduler_1] Waiting for models to be activated: {'model_1': 'deactivated', 'model_2': 'activating', 'model_3': 'activating', 'model_4': 'deactivated', 'model_5': 'deactivated', 'model_6': 'activating'}
[2026-08-22 11:43:34.670 GPU_Scheduler_1] Waiting for models to be activated: {'model_1': 'deactivated', 'model_2': 'activating', 'model_3': 'activating', 'model_4': 'deactivated', 'model_5': 'deactivated', 'model_6': 'activating'}
[2026-08-22 11:43:34.680 GPU_Scheduler_1] Waiting for models to be activated: {'model_1': 'deactivated', 'model_2': 'activating', 'model_3': 'activating', 'model_4': 'deactivated', 'model_5': 'deactivated', 'model_6': 'activating'}
[2026-08-22 11:43:34.691 GPU_Scheduler_1] Waiting for models to be activated: {'model_1': 'deactivated', 'model_2': 'activating', 'model_3': 'activating', 'model_4': 'deactivated', 'model_5': 'deactivated', 'model_6': 'activating'}
[2026-08-22 11:43:34.701 GPU_Scheduler_1] Waiting for models to be activated: {'model_1': 'deactivated', 'model_2': 'activating', 'model_3': 'activating', 'model_4': 'deactivated', 'model_5': 'deactivated', 'model_6': 'activating'}
[2026-08-22 11:43:34.711 GPU_Scheduler_1] Waiting for models to be activated: {'model_1': 'deactivated', 'model_2': 'activating', 'model_3': 'activating', 'model_4': 'deactivated', 'model_5': 'deactivated', 'model_6': 'activating'}
[2026-08-22 11:43:34.721 GPU_Scheduler_1] Waiting for models to be activated: {'model_1': 'deactivated', 'model_2': 'activating', 'model_3': 'activating', 'model_4': 'deactivated', 'model_5': 'deactivated', 'model_6': 'activating'}
[2026-08-22 11:43:34.731 GPU_Scheduler_1] Waiting for models to be activated: {'model_1': 'deactivated', 'model_2': 'activating', 'model_3': 'activating', 'model_4': 'deactivated', 'model_5': 'deactivated', 'model_6': 'activating'}
[2026-08-22 11:43:34.742 GPU_Scheduler_1] Waiting for models to be activated: {'model_1': 'deactivated', 'model_2': 'activating', 'model_3': 'activating', 'model_4': 'deactivated', 'model_5': 'deactivated', 'model_6': 'activating'}
[2026-08-22 11:43:34.752 GPU_Scheduler_1] Waiting for models to be activated: {'model_1': 'deactivated', 'model_2': 'activating', 'model_3': 'activating', 'model_4': 'deactivated', 'model_5': 'deactivated', 'model_6': 'activating'}
[2026-08-22 11:43:34.762 GPU_Scheduler_1] Waiting for models to be activated: {'model_1': 'deactivated', 'model_2': 'activating', 'model_3': 'activating', 'model_4': 'deactivated', 'model_5': 'deactivated', 'model_6': 'activating'}
[2026-08-22 11:43:34.773 GPU_Scheduler_1] Waiting for models to be activated: {'model_1': 'deactivated', 'model_2': 'activating', 'model_3': 'activating', 'model_4': 'deactivated', 'model_5': 'deactivated', 'model_6': 'activating'}
[2026-08-22 11:43:34.783 GPU_Scheduler_1] Waiting for models to be activated: {'model_1': 'deactivated', 'model_2': 'activating', 'model_3': 'activating', 'model_4': 'deactivated', 'model_5': 'deactivated', 'model_6': 'activating'}
[2026-08-22 11:43:34.793 GPU_Scheduler_1] Waiting for models to be activated: {'model_1': 'deactivated', 'model_2': 'activating', 'model_3': 'activating', 'model_4': 'deactivated', 'model_5': 'deactivated', 'model_6': 'activating'}
[2026-08-22 11:43:34.803 GPU_Scheduler_1] Waiting for models to be activated: {'model_1': 'deactivated', 'model_2': 'activating', 'model_3': 'activating', 'model_4': 'deactivated', 'model_5': 'deactivated', 'model_6': 'activating'}
[2026-08-22 11:43:34.814 GPU_Scheduler_1] Waiting for models to be activated: {'model_1': 'deactivated', 'model_2': 'activating', 'model_3': 'activating', 'model_4': 'deactivated', 'model_5': 'deactivated', 'model_6': 'activating'}
[2026-08-22 11:43:34.824 GPU_Scheduler_1] Waiting for models to be activated: {'model_1': 'deactivated', 'model_2': 'activating', 'model_3': 'activating', 'model_4': 'deactivated', 'model_5': 'deactivated', 'model_6': 'activating'}
[2026-08-22 11:43:34.834 GPU_Scheduler_1] Waiting for models to be activated: {'model_1': 'deactivated', 'model_2': 'activating', 'model_3': 'activating', 'model_4': 'deactivated', 'model_5': 'deactivated', 'model_6': 'activating'}
[2026-08-22 11:43:34.845 GPU_Scheduler_1] Waiting for models to be activated: {'model_1': 'deactivated', 'model_2': 'activating', 'model_3': 'activating', 'model_4': 'deactivated', 'model_5': 'deactivated', 'model_6': 'activating'}
[2026-08-22 11:43:34.855 GPU_Scheduler_1] Waiting for models to be activated: {'model_1': 'deactivated', 'model_2': 'activating', 'model_3': 'activating', 'model_4': 'deactivated', 'model_5': 'deactivated', 'model_6': 'activating'}
[2026-08-22 11:43:34.865 GPU_Scheduler_1] Waiting for models to be activated: {'model_1': 'deactivated', 'model_2': 'activating', 'model_3': 'activating', 'model_4': 'deactivated', 'model_5': 'deactivated', 'model_6': 'activating'}
[2026-08-22 11:43:34.876 GPU_Scheduler_1] Waiting for models to be activated: {'model_1': 'deactivated', 'model_2': 'activating', 'model_3': 'activating', 'model_4': 'deactivated', 'model_5': 'deactivated', 'model_6': 'activating'}
[2026-08-22 11:43:34.886 GPU_Scheduler_1] Waiting for models to be activated: {'model_1': 'deactivated', 'model_2': 'activating', 'model_3': 'activating', 'model_4': 'deactivated', 'model_5': 'deactivated', 'model_6': 'activating'}
[2026-08-22 11:43:34.896 GPU_Scheduler_1] Waiting for models to be activated: {'model_1': 'deactivated', 'model_2': 'activating', 'model_3': 'activating', 'model_4': 'deactivated', 'model_5': 'deactivated', 'model_6': 'activating'}
[2026-08-22 11:43:34.906 GPU_Scheduler_1] Waiting for models to be activated: {'model_1': 'deactivated', 'model_2': 'activating', 'model_3': 'activating', 'model_4': 'deactivated', 'model_5': 'deactivated', 'model_6': 'activating'}
[2026-08-22 11:43:34.917 GPU_Scheduler_1] Waiting for models to be activated: {'model_1': 'deactivated', 'model_2': 'activating', 'model_3': 'activating', 'model_4': 'deactivated', 'model_5': 'deactivated', 'model_6': 'activating'}
[2026-08-22 11:43:34.927 GPU_Scheduler_1] Waiting for models to be activated: {'model_1': 'deactivated', 'model_2': 'activating', 'model_3': 'activating', 'model_4': 'deactivated', 'model_5': 'deactivated', 'model_6': 'activating'}
[2026-08-22 11:43:34.937 GPU_Scheduler_1] Waiting for models to be activated: {'model_1': 'deactivated', 'model_2': 'activating', 'model_3': 'activating', 'model_4': 'deactivated', 'model_5': 'deactivated', 'model_6': 'activating'}
[2026-08-22 11:43:34.948 GPU_Scheduler_1] Waiting for models to be activated: {'model_1': 'deactivated', 'model_2': 'activating', 'model_3': 'activating', 'model_4': 'deactivated', 'model_5': 'deactivated', 'model_6': 'activating'}
[2026-08-22 11:43:34.958 GPU_Scheduler_1] Waiting for models to be activated: {'model_1': 'deactivated', 'model_2': 'activating', 'model_3': 'activating', 'model_4': 'deactivated', 'model_5': 'deactivated', 'model_6': 'activating'}
[2026-08-22 11:43:34.968 GPU_Scheduler_1] Waiting for models to be activated: {'model_1': 'deactivated', 'model_2': 'activating', 'model_3': 'activating', 'model_4': 'deactivated', 'model_5': 'deactivated', 'model_6': 'activating'}
[2026-08-22 11:43:34.979 GPU_Scheduler_1] Waiting for models to be activated: {'model_1': 'deactivated', 'model_2': 'activating', 'model_3': 'activating', 'model_4': 'deactivated', 'model_5': 'deactivated', 'model_6': 'activating'}
[2026-08-22 11:43:34.989 GPU_Scheduler_1] Waiting for models to be activated: {'model_1': 'deactivated', 'model_2': 'activating', 'model_3': 'activating', 'model_4': 'deactivated', 'model_5': 'deactivated', 'model_6': 'activating'}
[2026-08-22 11:43:34.999 GPU_Scheduler_1] Waiting for models to be activated: {'model_1': 'deactivated', 'model_2': 'activating', 'model_3': 'activating', 'model_4': 'deactivated', 'model_5': 'deactivated', 'model_6': 'activating'}
[2026-08-22 11:43:35.009 GPU_Scheduler_1] Waiting for models to be activated: {'model_1': 'deactivated', 'model_2': 'activating', 'model_3': 'activating', 'model_4': 'deactivated', 'model_5': 'deactivated', 'model_6': 'activating'}
[2026-08-22 11:43:35.020 GPU_Scheduler_1] Waiting for models to be activated: {'model_1': 'deactivated', 'model_2': 'activating', 'model_3': 'activating', 'model_4': 'deactivated', 'model_5': 'deactivated', 'model_6': 'activating'}
[2026-08-22 11:43:35.030 GPU_Scheduler_1] Waiting for models to be activated: {'model_1': 'deactivated', 'model_2': 'activating', 'model_3': 'activating', 'model_4': 'deactivated', 'model_5': 'deactivated', 'model_6': 'activating'}
[2026-08-22 11:43:35.040 GPU_Scheduler_1] Waiting for models to be activated: {'model_1': 'deactivated', 'model_2': 'activating', 'model_3': 'activating', 'model_4': 'deactivated', 'model_5': 'deactivated', 'model_6': 'activating'}
[2026-08-22 11:43:35.051 GPU_Scheduler_1] Waiting for models to be activated: {'model_1': 'deactivated', 'model_2': 'activating', 'model_3': 'activating', 'model_4': 'deactivated', 'model_5': 'deactivated', 'model_6': 'activating'}
[2026-08-22 11:43:35.061 GPU_Scheduler_1] Waiting for models to be activated: {'model_1': 'deactivated', 'model_2': 'activating', 'model_3': 'activating', 'model_4': 'deactivated', 'model_5': 'deactivated', 'model_6': 'activating'}
[2026-08-22 11:43:35.071 GPU_Scheduler_1] Waiting for models to be activated: {'model_1': 'deactivated', 'model_2': 'activating', 'model_3': 'activating', 'model_4': 'deactivated', 'model_5': 'deactivated', 'model_6': 'activating'}
[2026-08-22 11:43:35.081 GPU_Scheduler_1] Waiting for models to be activated: {'model_1': 'deactivated', 'model_2': 'activating', 'model_3': 'activating', 'model_4': 'deactivated', 'model_5': 'deactivated', 'model_6': 'activating'}
[2026-08-22 11:43:35.092 GPU_Scheduler_1] Waiting for models to be activated: {'model_1': 'deactivated', 'model_2': 'activating', 'model_3': 'activating', 'model_4': 'deactivated', 'model_5': 'deactivated', 'model_6': 'activating'}
[2026-08-22 11:43:35.102 GPU_Scheduler_1] Waiting for models to be activated: {'model_1': 'deactivated', 'model_2': 'activating', 'model_3': 'activating', 'model_4': 'deactivated', 'model_5': 'deactivated', 'model_6': 'activating'}
[2026-08-22 11:43:35.112 GPU_Scheduler_1] Waiting for models to be activated: {'model_1': 'deactivated', 'model_2': 'activating', 'model_3': 'activating', 'model_4': 'deactivated', 'model_5': 'deactivated', 'model_6': 'activating'}
[2026-08-22 11:43:35.122 GPU_Scheduler_1] Waiting for models to be activated: {'model_1': 'deactivated', 'model_2': 'activating', 'model_3': 'activating', 'model_4': 'deactivated', 'model_5': 'deactivated', 'model_6': 'activating'}
[2026-08-22 11:43:35.133 GPU_Scheduler_1] Waiting for models to be activated: {'model_1': 'deactivated', 'model_2': 'activating', 'model_3': 'activating', 'model_4': 'deactivated', 'model_5': 'deactivated', 'model_6': 'activating'}
[2026-08-22 11:43:35.143 GPU_Scheduler_1] Waiting for models to be activated: {'model_1': 'deactivated', 'model_2': 'activating', 'model_3': 'activating', 'model_4': 'deactivated', 'model_5': 'deactivated', 'model_6': 'activating'}
[2026-08-22 11:43:35.154 GPU_Scheduler_1] Waiting for models to be activated: {'model_1': 'deactivated', 'model_2': 'activating', 'model_3': 'activating', 'model_4': 'deactivated', 'model_5': 'deactivated', 'model_6': 'activating'}
[2026-08-22 11:43:35.164 GPU_Scheduler_1] Waiting for models to be activated: {'model_1': 'deactivated', 'model_2': 'activating', 'model_3': 'activating', 'model_4': 'deactivated', 'model_5': 'deactivated', 'model_6': 'activating'}
[2026-08-22 11:43:35.174 GPU_Scheduler_1] Waiting for models to be activated: {'model_1': 'deactivated', 'model_2': 'activating', 'model_3': 'activating', 'model_4': 'deactivated', 'model_5': 'deactivated', 'model_6': 'activating'}
[2026-08-22 11:43:35.185 GPU_Scheduler_1] Waiting for models to be activated: {'model_1': 'deactivated', 'model_2': 'activating', 'model_3': 'activating', 'model_4': 'deactivated', 'model_5': 'deactivated', 'model_6': 'activating'}
[2026-08-22 11:43:35.195 GPU_Scheduler_1] Waiting for models to be activated: {'model_1': 'deactivated', 'model_2': 'activating', 'model_3': 'activating', 'model_4': 'deactivated', 'model_5': 'deactivated', 'model_6': 'activating'}
[2026-08-22 11:43:35.205 GPU_Scheduler_1] Waiting for models to be activated: {'model_1': 'deactivated', 'model_2': 'activating', 'model_3': 'activating', 'model_4': 'deactivated', 'model_5': 'deactivated', 'model_6': 'activating'}
[2026-08-22 11:43:35.216 GPU_Scheduler_1] Waiting for models to be activated: {'model_1': 'deactivated', 'model_2': 'activating', 'model_3': 'activating', 'model_4': 'deactivated', 'model_5': 'deactivated', 'model_6': 'activating'}
[2026-08-22 11:43:35.226 GPU_Scheduler_1] Waiting for models to be activated: {'model_1': 'deactivated', 'model_2': 'activating', 'model_3': 'activating', 'model_4': 'deactivated', 'model_5': 'deactivated', 'model_6': 'activating'}
[2026-08-22 11:43:35.236 GPU_Scheduler_1] Waiting for models to be activated: {'model_1': 'deactivated', 'model_2': 'activating', 'model_3': 'activating', 'model_4': 'deactivated', 'model_5': 'deactivated', 'model_6': 'activating'}
[2026-08-22 11:43:35.247 GPU_Scheduler_1] Waiting for models to be activated: {'model_1': 'deactivated', 'model_2': 'activating', 'model_3': 'activating', 'model_4': 'deactivated', 'model_5': 'deactivated', 'model_6': 'activating'}
[2026-08-22 11:43:35.257 GPU_Scheduler_1] Waiting for models to be activated: {'model_1': 'deactivated', 'model_2': 'activating', 'model_3': 'activating', 'model_4': 'deactivated', 'model_5': 'deactivated', 'model_6': 'activating'}
[2026-08-22 11:43:35.267 GPU_Scheduler_1] Waiting for models to be activated: {'model_1': 'deactivated', 'model_2': 'activating', 'model_3': 'activating', 'model_4': 'deactivated', 'model_5': 'deactivated', 'model_6': 'activating'}
[2026-08-22 11:43:35.277 GPU_Scheduler_1] Waiting for models to be activated: {'model_1': 'deactivated', 'model_2': 'activating', 'model_3': 'activating', 'model_4': 'deactivated', 'model_5': 'deactivated', 'model_6': 'activating'}
[2026-08-22 11:43:35.288 GPU_Scheduler_1] Waiting for models to be activated: {'model_1': 'deactivated', 'model_2': 'activating', 'model_3': 'activating', 'model_4': 'deactivated', 'model_5': 'deactivated', 'model_6': 'activating'}
[2026-08-22 11:43:35.298 GPU_Scheduler_1] Waiting for models to be activated: {'model_1': 'deactivated', 'model_2': 'activating', 'model_3': 'activating', 'model_4': 'deactivated', 'model_5': 'deactivated', 'model_6': 'activating'}
[2026-08-22 11:43:35.308 GPU_Scheduler_1] Waiting for models to be activated: {'model_1': 'deactivated', 'model_2': 'activating', 'model_3': 'activating', 'model_4': 'deactivated', 'model_5': 'deactivated', 'model_6': 'activating'}
[2026-08-22 11:43:35.318 GPU_Scheduler_1] Waiting for models to be activated: {'model_1': 'deactivated', 'model_2': 'activating', 'model_3': 'activating', 'model_4': 'deactivated', 'model_5': 'deactivated', 'model_6': 'activating'}
[2026-08-22 11:43:35.329 GPU_Scheduler_1] Waiting for models to be activated: {'model_1': 'deactivated', 'model_2': 'activating', 'model_3': 'activating', 'model_4': 'deactivated', 'model_5': 'deactivated', 'model_6': 'activating'}
[2026-08-22 11:43:35.339 GPU_Scheduler_1] Waiting for models to be activated: {'model_1': 'deactivated', 'model_2': 'activating', 'model_3': 'activating', 'model_4': 'deactivated', 'model_5': 'deactivated', 'model_6': 'activating'}
[2026-08-22 11:43:35.349 GPU_Scheduler_1] Waiting for models to be activated: {'model_1': 'deactivated', 'model_2': 'activating', 'model_3': 'activating', 'model_4': 'deactivated', 'model_5': 'deactivated', 'model_6': 'activating'}
[2026-08-22 11:43:35.359 GPU_Scheduler_1] Waiting for models to be activated: {'model_1': 'deactivated', 'model_2': 'activating', 'model_3': 'activating', 'model_4': 'deactivated', 'model_5': 'deactivated', 'model_6': 'activating'}
[2026-08-22 11:43:35.370 GPU_Scheduler_1] Waiting for models to be activated: {'model_1': 'deactivated', 'model_2': 'activating', 'model_3': 'activating', 'model_4': 'deactivated', 'model_5': 'deactivated', 'model_6': 'activating'}
[2026-08-22 11:43:35.380 GPU_Scheduler_1] Waiting for models to be activated: {'model_1': 'deactivated', 'model_2': 'activating', 'model_3': 'activating', 'model_4': 'deactivated', 'model_5': 'deactivated', 'model_6': 'activating'}
[2026-08-22 11:43:35.390 GPU_Scheduler_1] Waiting for models to be activated: {'model_1': 'deactivated', 'model_2': 'activating', 'model_3': 'activating', 'model_4': 'deactivated', 'model_5': 'deactivated', 'model_6': 'activating'}
[2026-08-22 11:43:35.400 GPU_Scheduler_1] Waiting for models to be activated: {'model_1': 'deactivated', 'model_2': 'activating', 'model_3': 'activating', 'model_4': 'deactivated', 'model_5': 'deactivated', 'model_6': 'activating'}
[2026-08-22 11:43:35.411 GPU_Scheduler_1] Waiting for models to be activated: {'model_1': 'deactivated', 'model_2': 'activating', 'model_3': 'activating', 'model_4': 'deactivated', 'model_5': 'deactivated', 'model_6': 'activating'}
[2026-08-22 11:43:35.421 GPU_Scheduler_1] Waiting for models to be activated: {'model_1': 'deactivated', 'model_2': 'activating', 'model_3': 'activating', 'model_4': 'deactivated', 'model_5': 'deactivated', 'model_6': 'activating'}
[2026-08-22 11:43:35.422 GPU_Scheduler_0] net_available: inf, queue_len: 0
[2026-08-22 11:43:35.431 GPU_Scheduler_1] Waiting for models to be activated: {'model_1': 'deactivated', 'model_2': 'activating', 'model_3': 'activating', 'model_4': 'deactivated', 'model_5': 'deactivated', 'model_6': 'activating'}
[2026-08-22 11:43:35.441 GPU_Scheduler_1] Waiting for models to be activated: {'model_1': 'deactivated', 'model_2': 'activating', 'model_3': 'activating', 'model_4': 'deactivated', 'model_5': 'deactivated', 'model_6': 'activating'}
[2026-08-22 11:43:35.451 GPU_Scheduler_1] Waiting for models to be activated: {'model_1': 'deactivated', 'model_2': 'activating', 'model_3': 'activating', 'model_4': 'deactivated', 'model_5': 'deactivated', 'model_6': 'activating'}
[2026-08-22 11:43:35.462 GPU_Scheduler_1] Waiting for models to be activated: {'model_1': 'deactivated', 'model_2': 'activating', 'model_3': 'activating', 'model_4': 'deactivated', 'model_5': 'deactivated', 'model_6': 'activating'}
[2026-08-22 11:43:35.472 GPU_Scheduler_1] Waiting for models to be activated: {'model_1': 'deactivated', 'model_2': 'activating', 'model_3': 'activating', 'model_4': 'deactivated', 'model_5': 'deactivated', 'model_6': 'activating'}
[2026-08-22 11:43:35.482 GPU_Scheduler_1] Waiting for models to be activated: {'model_1': 'deactivated', 'model_2': 'activating', 'model_3': 'activating', 'model_4': 'deactivated', 'model_5': 'deactivated', 'model_6': 'activating'}
[2026-08-22 11:43:35.492 GPU_Scheduler_1] Waiting for models to be activated: {'model_1': 'deactivated', 'model_2': 'activating', 'model_3': 'activating', 'model_4': 'deactivated', 'model_5': 'deactivated', 'model_6': 'activating'}
[2026-08-22 11:43:35.503 GPU_Scheduler_1] Waiting for models to be activated: {'model_1': 'deactivated', 'model_2': 'activating', 'model_3': 'activating', 'model_4': 'deactivated', 'model_5': 'deactivated', 'model_6': 'activating'}
[2026-08-22 11:43:35.513 GPU_Scheduler_1] Waiting for models to be activated: {'model_1': 'deactivated', 'model_2': 'activating', 'model_3': 'activating', 'model_4': 'deactivated', 'model_5': 'deactivated', 'model_6': 'activating'}
[2026-08-22 11:43:35.523 GPU_Scheduler_1] Waiting for models to be activated: {'model_1': 'deactivated', 'model_2': 'activating', 'model_3': 'activating', 'model_4': 'deactivated', 'model_5': 'deactivated', 'model_6': 'activating'}
[2026-08-22 11:43:35.533 GPU_Scheduler_1] Waiting for models to be activated: {'model_1': 'deactivated', 'model_2': 'activating', 'model_3': 'activating', 'model_4': 'deactivated', 'model_5': 'deactivated', 'model_6': 'activating'}
[2026-08-22 11:43:35.543 GPU_Scheduler_1] Waiting for models to be activated: {'model_1': 'deactivated', 'model_2': 'activating', 'model_3': 'activating', 'model_4': 'deactivated', 'model_5': 'deactivated', 'model_6': 'activating'}
[2026-08-22 11:43:35.554 GPU_Scheduler_1] Waiting for models to be activated: {'model_1': 'deactivated', 'model_2': 'activating', 'model_3': 'activating', 'model_4': 'deactivated', 'model_5': 'deactivated', 'model_6': 'activating'}
[2026-08-22 11:43:35.564 GPU_Scheduler_1] Waiting for models to be activated: {'model_1': 'deactivated', 'model_2': 'activating', 'model_3': 'activating', 'model_4': 'deactivated', 'model_5': 'deactivated', 'model_6': 'activating'}
[2026-08-22 11:43:35.574 GPU_Scheduler_1] Waiting for models to be activated: {'model_1': 'deactivated', 'model_2': 'activating', 'model_3': 'activating', 'model_4': 'deactivated', 'model_5': 'deactivated', 'model_6': 'activating'}
[2026-08-22 11:43:35.584 GPU_Scheduler_1] Waiting for models to be activated: {'model_1': 'deactivated', 'model_2': 'activating', 'model_3': 'activating', 'model_4': 'deactivated', 'model_5': 'deactivated', 'model_6': 'activating'}
[2026-08-22 11:43:35.595 GPU_Scheduler_1] Waiting for models to be activated: {'model_1': 'deactivated', 'model_2': 'activating', 'model_3': 'activating', 'model_4': 'deactivated', 'model_5': 'deactivated', 'model_6': 'activating'}
[2026-08-22 11:43:35.605 GPU_Scheduler_1] Waiting for models to be activated: {'model_1': 'deactivated', 'model_2': 'activating', 'model_3': 'activating', 'model_4': 'deactivated', 'model_5': 'deactivated', 'model_6': 'activating'}
[2026-08-22 11:43:35.615 GPU_Scheduler_1] Waiting for models to be activated: {'model_1': 'deactivated', 'model_2': 'activating', 'model_3': 'activating', 'model_4': 'deactivated', 'model_5': 'deactivated', 'model_6': 'activating'}
[2026-08-22 11:43:35.625 GPU_Scheduler_1] Waiting for models to be activated: {'model_1': 'deactivated', 'model_2': 'activating', 'model_3': 'activating', 'model_4': 'deactivated', 'model_5': 'deactivated', 'model_6': 'activating'}
[2026-08-22 11:43:35.635 GPU_Scheduler_1] Waiting for models to be activated: {'model_1': 'deactivated', 'model_2': 'activating', 'model_3': 'activating', 'model_4': 'deactivated', 'model_5': 'deactivated', 'model_6': 'activating'}
[2026-08-22 11:43:35.646 GPU_Scheduler_1] Waiting for models to be activated: {'model_1': 'deactivated', 'model_2': 'activating', 'model_3': 'activating', 'model_4': 'deactivated', 'model_5': 'deactivated', 'model_6': 'activating'}
[2026-08-22 11:43:35.656 GPU_Scheduler_1] Waiting for models to be activated: {'model_1': 'deactivated', 'model_2': 'activating', 'model_3': 'activating', 'model_4': 'deactivated', 'model_5': 'deactivated', 'model_6': 'activating'}
[2026-08-22 11:43:35.666 GPU_Scheduler_1] Waiting for models to be activated: {'model_1': 'deactivated', 'model_2': 'activating', 'model_3': 'activating', 'model_4': 'deactivated', 'model_5': 'deactivated', 'model_6': 'activating'}
[2026-08-22 11:43:35.677 GPU_Scheduler_1] Waiting for models to be activated: {'model_1': 'deactivated', 'model_2': 'activating', 'model_3': 'activating', 'model_4': 'deactivated', 'model_5': 'deactivated', 'model_6': 'activating'}
[2026-08-22 11:43:35.687 GPU_Scheduler_1] Waiting for models to be activated: {'model_1': 'deactivated', 'model_2': 'activating', 'model_3': 'activating', 'model_4': 'deactivated', 'model_5': 'deactivated', 'model_6': 'activating'}
[2026-08-22 11:43:35.697 GPU_Scheduler_1] Waiting for models to be activated: {'model_1': 'deactivated', 'model_2': 'activating', 'model_3': 'activating', 'model_4': 'deactivated', 'model_5': 'deactivated', 'model_6': 'activating'}
[2026-08-22 11:43:35.707 GPU_Scheduler_1] Waiting for models to be activated: {'model_1': 'deactivated', 'model_2': 'activating', 'model_3': 'activating', 'model_4': 'deactivated', 'model_5': 'deactivated', 'model_6': 'activating'}
[2026-08-22 11:43:35.718 GPU_Scheduler_1] Waiting for models to be activated: {'model_1': 'deactivated', 'model_2': 'activating', 'model_3': 'activating', 'model_4': 'deactivated', 'model_5': 'deactivated', 'model_6': 'activating'}
[2026-08-22 11:43:35.728 GPU_Scheduler_1] Waiting for models to be activated: {'model_1': 'deactivated', 'model_2': 'activating', 'model_3': 'activating', 'model_4': 'deactivated', 'model_5': 'deactivated', 'model_6': 'activating'}
[2026-08-22 11:43:35.738 GPU_Scheduler_1] Waiting for models to be activated: {'model_1': 'deactivated', 'model_2': 'activating', 'model_3': 'activating', 'model_4': 'deactivated', 'model_5': 'deactivated', 'model_6': 'activating'}
[2026-08-22 11:43:35.748 GPU_Scheduler_1] Waiting for models to be activated: {'model_1': 'deactivated', 'model_2': 'activating', 'model_3': 'activating', 'model_4': 'deactivated', 'model_5': 'deactivated', 'model_6': 'activating'}
[2026-08-22 11:43:35.759 GPU_Scheduler_1] Waiting for models to be activated: {'model_1': 'deactivated', 'model_2': 'activating', 'model_3': 'activating', 'model_4': 'deactivated', 'model_5': 'deactivated', 'model_6': 'activating'}
[2026-08-22 11:43:35.769 GPU_Scheduler_1] Waiting for models to be activated: {'model_1': 'deactivated', 'model_2': 'activating', 'model_3': 'activating', 'model_4': 'deactivated', 'model_5': 'deactivated', 'model_6': 'activating'}
[2026-08-22 11:43:35.779 GPU_Scheduler_1] Waiting for models to be activated: {'model_1': 'deactivated', 'model_2': 'activating', 'model_3': 'activating', 'model_4': 'deactivated', 'model_5': 'deactivated', 'model_6': 'activating'}
[2026-08-22 11:43:35.789 GPU_Scheduler_1] Waiting for models to be activated: {'model_1': 'deactivated', 'model_2': 'activating', 'model_3': 'activating', 'model_4': 'deactivated', 'model_5': 'deactivated', 'model_6': 'activating'}
[2026-08-22 11:43:35.800 GPU_Scheduler_1] Waiting for models to be activated: {'model_1': 'deactivated', 'model_2': 'activating', 'model_3': 'activating', 'model_4': 'deactivated', 'model_5': 'deactivated', 'model_6': 'activating'}
[2026-08-22 11:43:35.810 GPU_Scheduler_1] Waiting for models to be activated: {'model_1': 'deactivated', 'model_2': 'activating', 'model_3': 'activating', 'model_4': 'deactivated', 'model_5': 'deactivated', 'model_6': 'activating'}
[2026-08-22 11:43:35.820 GPU_Scheduler_1] Waiting for models to be activated: {'model_1': 'deactivated', 'model_2': 'activating', 'model_3': 'activating', 'model_4': 'deactivated', 'model_5': 'deactivated', 'model_6': 'activating'}
[2026-08-22 11:43:35.830 GPU_Scheduler_1] Waiting for models to be activated: {'model_1': 'deactivated', 'model_2': 'activating', 'model_3': 'activating', 'model_4': 'deactivated', 'model_5': 'deactivated', 'model_6': 'activating'}
[2026-08-22 11:43:35.841 GPU_Scheduler_1] Waiting for models to be activated: {'model_1': 'deactivated', 'model_2': 'activating', 'model_3': 'activating', 'model_4': 'deactivated', 'model_5': 'deactivated', 'model_6': 'activating'}
[2026-08-22 11:43:35.851 GPU_Scheduler_1] Waiting for models to be activated: {'model_1': 'deactivated', 'model_2': 'activating', 'model_3': 'activating', 'model_4': 'deactivated', 'model_5': 'deactivated', 'model_6': 'activating'}
[2026-08-22 11:43:35.861 GPU_Scheduler_1] Waiting for models to be activated: {'model_1': 'deactivated', 'model_2': 'activating', 'model_3': 'activating', 'model_4': 'deactivated', 'model_5': 'deactivated', 'model_6': 'activating'}
[2026-08-22 11:43:35.871 GPU_Scheduler_1] Waiting for models to be activated: {'model_1': 'deactivated', 'model_2': 'activating', 'model_3': 'activating', 'model_4': 'deactivated', 'model_5': 'deactivated', 'model_6': 'activating'}
[2026-08-22 11:43:35.882 GPU_Scheduler_1] Waiting for models to be activated: {'model_1': 'deactivated', 'model_2': 'activating', 'model_3': 'activating', 'model_4': 'deactivated', 'model_5': 'deactivated', 'model_6': 'activating'}
[2026-08-22 11:43:35.892 GPU_Scheduler_1] Waiting for models to be activated: {'model_1': 'deactivated', 'model_2': 'activating', 'model_3': 'activating', 'model_4': 'deactivated', 'model_5': 'deactivated', 'model_6': 'activating'}
[2026-08-22 11:43:35.902 GPU_Scheduler_1] Waiting for models to be activated: {'model_1': 'deactivated', 'model_2': 'activating', 'model_3': 'activating', 'model_4': 'deactivated', 'model_5': 'deactivated', 'model_6': 'activating'}
[2026-08-22 11:43:35.912 GPU_Scheduler_1] Waiting for models to be activated: {'model_1': 'deactivated', 'model_2': 'activating', 'model_3': 'activating', 'model_4': 'deactivated', 'model_5': 'deactivated', 'model_6': 'activating'}
[2026-08-22 11:43:35.923 GPU_Scheduler_1] Waiting for models to be activated: {'model_1': 'deactivated', 'model_2': 'activating', 'model_3': 'activating', 'model_4': 'deactivated', 'model_5': 'deactivated', 'model_6': 'activating'}
[2026-08-22 11:43:35.933 GPU_Scheduler_1] Waiting for models to be activated: {'model_1': 'deactivated', 'model_2': 'activating', 'model_3': 'activating', 'model_4': 'deactivated', 'model_5': 'deactivated', 'model_6': 'activating'}
[2026-08-22 11:43:35.943 GPU_Scheduler_1] Waiting for models to be activated: {'model_1': 'deactivated', 'model_2': 'activating', 'model_3': 'activating', 'model_4': 'deactivated', 'model_5': 'deactivated', 'model_6': 'activating'}
[2026-08-22 11:43:35.953 GPU_Scheduler_1] Waiting for models to be activated: {'model_1': 'deactivated', 'model_2': 'activating', 'model_3': 'activating', 'model_4': 'deactivated', 'model_5': 'deactivated', 'model_6': 'activating'}
[2026-08-22 11:43:35.964 GPU_Scheduler_1] Waiting for models to be activated: {'model_1': 'deactivated', 'model_2': 'activating', 'model_3': 'activating', 'model_4': 'deactivated', 'model_5': 'deactivated', 'model_6': 'activating'}
[2026-08-22 11:43:35.974 GPU_Scheduler_1] Waiting for models to be activated: {'model_1': 'deactivated', 'model_2': 'activating', 'model_3': 'activating', 'model_4': 'deactivated', 'model_5': 'deactivated', 'model_6': 'activating'}
[2026-08-22 11:43:35.984 GPU_Scheduler_1] Waiting for models to be activated: {'model_1': 'deactivated', 'model_2': 'activating', 'model_3': 'activating', 'model_4': 'deactivated', 'model_5': 'deactivated', 'model_6': 'activating'}
[2026-08-22 11:43:35.995 GPU_Scheduler_1] Waiting for models to be activated: {'model_1': 'deactivated', 'model_2': 'activating', 'model_3': 'activating', 'model_4': 'deactivated', 'model_5': 'deactivated', 'model_6': 'activating'}
[2026-08-22 11:43:36.005 GPU_Scheduler_1] Waiting for models to be activated: {'model_1': 'deactivated', 'model_2': 'activating', 'model_3': 'activating', 'model_4': 'deactivated', 'model_5': 'deactivated', 'model_6': 'activating'}
[2026-08-22 11:43:36.015 GPU_Scheduler_1] Waiting for models to be activated: {'model_1': 'deactivated', 'model_2': 'activating', 'model_3': 'activating', 'model_4': 'deactivated', 'model_5': 'deactivated', 'model_6': 'activating'}
[2026-08-22 11:43:36.025 GPU_Scheduler_1] Waiting for models to be activated: {'model_1': 'deactivated', 'model_2': 'activating', 'model_3': 'activating', 'model_4': 'deactivated', 'model_5': 'deactivated', 'model_6': 'activating'}
[2026-08-22 11:43:36.036 GPU_Scheduler_1] Waiting for models to be activated: {'model_1': 'deactivated', 'model_2': 'activating', 'model_3': 'activating', 'model_4': 'deactivated', 'model_5': 'deactivated', 'model_6': 'activating'}
[2026-08-22 11:43:36.046 GPU_Scheduler_1] Waiting for models to be activated: {'model_1': 'deactivated', 'model_2': 'activating', 'model_3': 'activating', 'model_4': 'deactivated', 'model_5': 'deactivated', 'model_6': 'activating'}
[2026-08-22 11:43:36.056 GPU_Scheduler_1] Waiting for models to be activated: {'model_1': 'deactivated', 'model_2': 'activating', 'model_3': 'activating', 'model_4': 'deactivated', 'model_5': 'deactivated', 'model_6': 'activating'}
[2026-08-22 11:43:36.067 GPU_Scheduler_1] Waiting for models to be activated: {'model_1': 'deactivated', 'model_2': 'activating', 'model_3': 'activating', 'model_4': 'deactivated', 'model_5': 'deactivated', 'model_6': 'activating'}
[2026-08-22 11:43:36.077 GPU_Scheduler_1] Waiting for models to be activated: {'model_1': 'deactivated', 'model_2': 'activating', 'model_3': 'activating', 'model_4': 'deactivated', 'model_5': 'deactivated', 'model_6': 'activating'}
[2026-08-22 11:43:36.087 GPU_Scheduler_1] Waiting for models to be activated: {'model_1': 'deactivated', 'model_2': 'activating', 'model_3': 'activating', 'model_4': 'deactivated', 'model_5': 'deactivated', 'model_6': 'activating'}
[2026-08-22 11:43:36.097 GPU_Scheduler_1] Waiting for models to be activated: {'model_1': 'deactivated', 'model_2': 'activating', 'model_3': 'activating', 'model_4': 'deactivated', 'model_5': 'deactivated', 'model_6': 'activating'}
[2026-08-22 11:43:36.108 GPU_Scheduler_1] Waiting for models to be activated: {'model_1': 'deactivated', 'model_2': 'activating', 'model_3': 'activating', 'model_4': 'deactivated', 'model_5': 'deactivated', 'model_6': 'activating'}
[2026-08-22 11:43:36.118 GPU_Scheduler_1] Waiting for models to be activated: {'model_1': 'deactivated', 'model_2': 'activating', 'model_3': 'activating', 'model_4': 'deactivated', 'model_5': 'deactivated', 'model_6': 'activating'}
[2026-08-22 11:43:36.128 GPU_Scheduler_1] Waiting for models to be activated: {'model_1': 'deactivated', 'model_2': 'activating', 'model_3': 'activating', 'model_4': 'deactivated', 'model_5': 'deactivated', 'model_6': 'activating'}
[2026-08-22 11:43:36.139 GPU_Scheduler_1] Waiting for models to be activated: {'model_1': 'deactivated', 'model_2': 'activating', 'model_3': 'activating', 'model_4': 'deactivated', 'model_5': 'deactivated', 'model_6': 'activating'}
[2026-08-22 11:43:36.149 GPU_Scheduler_1] Waiting for models to be activated: {'model_1': 'deactivated', 'model_2': 'activating', 'model_3': 'activating', 'model_4': 'deactivated', 'model_5': 'deactivated', 'model_6': 'activating'}
[2026-08-22 11:43:36.159 GPU_Scheduler_1] Waiting for models to be activated: {'model_1': 'deactivated', 'model_2': 'activating', 'model_3': 'activating', 'model_4': 'deactivated', 'model_5': 'deactivated', 'model_6': 'activating'}
[2026-08-22 11:43:36.170 GPU_Scheduler_1] Waiting for models to be activated: {'model_1': 'deactivated', 'model_2': 'activating', 'model_3': 'activating', 'model_4': 'deactivated', 'model_5': 'deactivated', 'model_6': 'activating'}
[2026-08-22 11:43:36.180 GPU_Scheduler_1] Waiting for models to be activated: {'model_1': 'deactivated', 'model_2': 'activating', 'model_3': 'activating', 'model_4': 'deactivated', 'model_5': 'deactivated', 'model_6': 'activating'}
[2026-08-22 11:43:36.190 GPU_Scheduler_1] Waiting for models to be activated: {'model_1': 'deactivated', 'model_2': 'activating', 'model_3': 'activating', 'model_4': 'deactivated', 'model_5': 'deactivated', 'model_6': 'activating'}
[2026-08-22 11:43:36.201 GPU_Scheduler_1] Waiting for models to be activated: {'model_1': 'deactivated', 'model_2': 'activating', 'model_3': 'activating', 'model_4': 'deactivated', 'model_5': 'deactivated', 'model_6': 'activating'}
[2026-08-22 11:43:36.211 GPU_Scheduler_1] Waiting for models to be activated: {'model_1': 'deactivated', 'model_2': 'activating', 'model_3': 'activating', 'model_4': 'deactivated', 'model_5': 'deactivated', 'model_6': 'activating'}
[2026-08-22 11:43:36.221 GPU_Scheduler_1] Waiting for models to be activated: {'model_1': 'deactivated', 'model_2': 'activating', 'model_3': 'activating', 'model_4': 'deactivated', 'model_5': 'deactivated', 'model_6': 'activating'}
[2026-08-22 11:43:36.232 GPU_Scheduler_1] Waiting for models to be activated: {'model_1': 'deactivated', 'model_2': 'activating', 'model_3': 'activating', 'model_4': 'deactivated', 'model_5': 'deactivated', 'model_6': 'activating'}
[2026-08-22 11:43:36.243 GPU_Scheduler_1] Waiting for models to be activated: {'model_1': 'deactivated', 'model_2': 'activating', 'model_3': 'activating', 'model_4': 'deactivated', 'model_5': 'deactivated', 'model_6': 'activating'}
[2026-08-22 11:43:36.253 GPU_Scheduler_1] Waiting for models to be activated: {'model_1': 'deactivated', 'model_2': 'activating', 'model_3': 'activating', 'model_4': 'deactivated', 'model_5': 'deactivated', 'model_6': 'activating'}
[2026-08-22 11:43:36.263 GPU_Scheduler_1] Waiting for models to be activated: {'model_1': 'deactivated', 'model_2': 'activating', 'model_3': 'activating', 'model_4': 'deactivated', 'model_5': 'deactivated', 'model_6': 'activating'}
[2026-08-22 11:43:36.273 GPU_Scheduler_1] Waiting for models to be activated: {'model_1': 'deactivated', 'model_2': 'activating', 'model_3': 'activating', 'model_4': 'deactivated', 'model_5': 'deactivated', 'model_6': 'activating'}
[2026-08-22 11:43:36.284 GPU_Scheduler_1] Waiting for models to be activated: {'model_1': 'deactivated', 'model_2': 'activating', 'model_3': 'activating', 'model_4': 'deactivated', 'model_5': 'deactivated', 'model_6': 'activating'}
[2026-08-22 11:43:36.294 GPU_Scheduler_1] Waiting for models to be activated: {'model_1': 'deactivated', 'model_2': 'activating', 'model_3': 'activating', 'model_4': 'deactivated', 'model_5': 'deactivated', 'model_6': 'activating'}
[2026-08-22 11:43:36.305 GPU_Scheduler_1] Waiting for models to be activated: {'model_1': 'deactivated', 'model_2': 'activating', 'model_3': 'activating', 'model_4': 'deactivated', 'model_5': 'deactivated', 'model_6': 'activating'}
[2026-08-22 11:43:36.316 GPU_Scheduler_1] Waiting for models to be activated: {'model_1': 'deactivated', 'model_2': 'activating', 'model_3': 'activating', 'model_4': 'deactivated', 'model_5': 'deactivated', 'model_6': 'activating'}
[2026-08-22 11:43:36.326 GPU_Scheduler_1] Waiting for models to be activated: {'model_1': 'deactivated', 'model_2': 'activating', 'model_3': 'activating', 'model_4': 'deactivated', 'model_5': 'deactivated', 'model_6': 'activating'}
[2026-08-22 11:43:36.336 GPU_Scheduler_1] Waiting for models to be activated: {'model_1': 'deactivated', 'model_2': 'activating', 'model_3': 'activating', 'model_4': 'deactivated', 'model_5': 'deactivated', 'model_6': 'activating'}
[2026-08-22 11:43:36.347 GPU_Scheduler_1] Waiting for models to be activated: {'model_1': 'deactivated', 'model_2': 'activating', 'model_3': 'activating', 'model_4': 'deactivated', 'model_5': 'deactivated', 'model_6': 'activating'}
[2026-08-22 11:43:36.358 GPU_Scheduler_1] Waiting for models to be activated: {'model_1': 'deactivated', 'model_2': 'activating', 'model_3': 'activating', 'model_4': 'deactivated', 'model_5': 'deactivated', 'model_6': 'activating'}
[2026-08-22 11:43:36.368 GPU_Scheduler_1] Waiting for models to be activated: {'model_1': 'deactivated', 'model_2': 'activating', 'model_3': 'activating', 'model_4': 'deactivated', 'model_5': 'deactivated', 'model_6': 'activating'}
[2026-08-22 11:43:36.378 GPU_Scheduler_1] Waiting for models to be activated: {'model_1': 'deactivated', 'model_2': 'activating', 'model_3': 'activating', 'model_4': 'deactivated', 'model_5': 'deactivated', 'model_6': 'activating'}
[2026-08-22 11:43:36.389 GPU_Scheduler_1] Waiting for models to be activated: {'model_1': 'deactivated', 'model_2': 'activating', 'model_3': 'activating', 'model_4': 'deactivated', 'model_5': 'deactivated', 'model_6': 'activating'}
[2026-08-22 11:43:36.399 GPU_Scheduler_1] Waiting for models to be activated: {'model_1': 'deactivated', 'model_2': 'activating', 'model_3': 'activating', 'model_4': 'deactivated', 'model_5': 'deactivated', 'model_6': 'activating'}
[2026-08-22 11:43:36.409 GPU_Scheduler_1] Waiting for models to be activated: {'model_1': 'deactivated', 'model_2': 'activating', 'model_3': 'activating', 'model_4': 'deactivated', 'model_5': 'deactivated', 'model_6': 'activating'}
[2026-08-22 11:43:36.419 GPU_Scheduler_1] Waiting for models to be activated: {'model_1': 'deactivated', 'model_2': 'activating', 'model_3': 'activating', 'model_4': 'deactivated', 'model_5': 'deactivated', 'model_6': 'activating'}
[2026-08-22 11:43:36.426 GPU_Scheduler_0] net_available: inf, queue_len: 0
[2026-08-22 11:43:36.430 GPU_Scheduler_1] Waiting for models to be activated: {'model_1': 'deactivated', 'model_2': 'activating', 'model_3': 'activating', 'model_4': 'deactivated', 'model_5': 'deactivated', 'model_6': 'activating'}
[2026-08-22 11:43:36.440 GPU_Scheduler_1] Waiting for models to be activated: {'model_1': 'deactivated', 'model_2': 'activating', 'model_3': 'activating', 'model_4': 'deactivated', 'model_5': 'deactivated', 'model_6': 'activating'}
[2026-08-22 11:43:36.450 GPU_Scheduler_1] Waiting for models to be activated: {'model_1': 'deactivated', 'model_2': 'activating', 'model_3': 'activating', 'model_4': 'deactivated', 'model_5': 'deactivated', 'model_6': 'activating'}
[2026-08-22 11:43:36.460 GPU_Scheduler_1] Waiting for models to be activated: {'model_1': 'deactivated', 'model_2': 'activating', 'model_3': 'activating', 'model_4': 'deactivated', 'model_5': 'deactivated', 'model_6': 'activating'}
[2026-08-22 11:43:36.471 GPU_Scheduler_1] Waiting for models to be activated: {'model_1': 'deactivated', 'model_2': 'activating', 'model_3': 'activating', 'model_4': 'deactivated', 'model_5': 'deactivated', 'model_6': 'activating'}
[2026-08-22 11:43:36.481 GPU_Scheduler_1] Waiting for models to be activated: {'model_1': 'deactivated', 'model_2': 'activating', 'model_3': 'activating', 'model_4': 'deactivated', 'model_5': 'deactivated', 'model_6': 'activating'}
[2026-08-22 11:43:36.491 GPU_Scheduler_1] Waiting for models to be activated: {'model_1': 'deactivated', 'model_2': 'activating', 'model_3': 'activating', 'model_4': 'deactivated', 'model_5': 'deactivated', 'model_6': 'activating'}
[2026-08-22 11:43:36.502 GPU_Scheduler_1] Waiting for models to be activated: {'model_1': 'deactivated', 'model_2': 'activating', 'model_3': 'activating', 'model_4': 'deactivated', 'model_5': 'deactivated', 'model_6': 'activating'}
[2026-08-22 11:43:36.512 GPU_Scheduler_1] Waiting for models to be activated: {'model_1': 'deactivated', 'model_2': 'activating', 'model_3': 'activating', 'model_4': 'deactivated', 'model_5': 'deactivated', 'model_6': 'activating'}
[2026-08-22 11:43:36.522 GPU_Scheduler_1] Waiting for models to be activated: {'model_1': 'deactivated', 'model_2': 'activating', 'model_3': 'activating', 'model_4': 'deactivated', 'model_5': 'deactivated', 'model_6': 'activating'}
[2026-08-22 11:43:36.533 GPU_Scheduler_1] Waiting for models to be activated: {'model_1': 'deactivated', 'model_2': 'activating', 'model_3': 'activating', 'model_4': 'deactivated', 'model_5': 'deactivated', 'model_6': 'activating'}
[2026-08-22 11:43:36.543 GPU_Scheduler_1] Waiting for models to be activated: {'model_1': 'deactivated', 'model_2': 'activating', 'model_3': 'activating', 'model_4': 'deactivated', 'model_5': 'deactivated', 'model_6': 'activating'}
[2026-08-22 11:43:36.553 GPU_Scheduler_1] Waiting for models to be activated: {'model_1': 'deactivated', 'model_2': 'activating', 'model_3': 'activating', 'model_4': 'deactivated', 'model_5': 'deactivated', 'model_6': 'activating'}
[2026-08-22 11:43:36.564 GPU_Scheduler_1] Waiting for models to be activated: {'model_1': 'deactivated', 'model_2': 'activating', 'model_3': 'activating', 'model_4': 'deactivated', 'model_5': 'deactivated', 'model_6': 'activating'}
[2026-08-22 11:43:36.574 GPU_Scheduler_1] Waiting for models to be activated: {'model_1': 'deactivated', 'model_2': 'activating', 'model_3': 'activating', 'model_4': 'deactivated', 'model_5': 'deactivated', 'model_6': 'activating'}
[2026-08-22 11:43:36.585 GPU_Scheduler_1] Waiting for models to be activated: {'model_1': 'deactivated', 'model_2': 'activating', 'model_3': 'activating', 'model_4': 'deactivated', 'model_5': 'deactivated', 'model_6': 'activating'}
[2026-08-22 11:43:36.595 GPU_Scheduler_1] Waiting for models to be activated: {'model_1': 'deactivated', 'model_2': 'activating', 'model_3': 'activating', 'model_4': 'deactivated', 'model_5': 'deactivated', 'model_6': 'activating'}
[2026-08-22 11:43:36.605 GPU_Scheduler_1] Waiting for models to be activated: {'model_1': 'deactivated', 'model_2': 'activating', 'model_3': 'activating', 'model_4': 'deactivated', 'model_5': 'deactivated', 'model_6': 'activating'}
[2026-08-22 11:43:36.616 GPU_Scheduler_1] Waiting for models to be activated: {'model_1': 'deactivated', 'model_2': 'activating', 'model_3': 'activating', 'model_4': 'deactivated', 'model_5': 'deactivated', 'model_6': 'activating'}
[2026-08-22 11:43:36.626 GPU_Scheduler_1] Waiting for models to be activated: {'model_1': 'deactivated', 'model_2': 'activating', 'model_3': 'activating', 'model_4': 'deactivated', 'model_5': 'deactivated', 'model_6': 'activating'}
[2026-08-22 11:43:36.636 GPU_Scheduler_1] Waiting for models to be activated: {'model_1': 'deactivated', 'model_2': 'activating', 'model_3': 'activating', 'model_4': 'deactivated', 'model_5': 'deactivated', 'model_6': 'activating'}
[2026-08-22 11:43:36.646 GPU_Scheduler_1] Waiting for models to be activated: {'model_1': 'deactivated', 'model_2': 'activating', 'model_3': 'activating', 'model_4': 'deactivated', 'model_5': 'deactivated', 'model_6': 'activating'}
[2026-08-22 11:43:36.657 GPU_Scheduler_1] Waiting for models to be activated: {'model_1': 'deactivated', 'model_2': 'activating', 'model_3': 'activating', 'model_4': 'deactivated', 'model_5': 'deactivated', 'model_6': 'activating'}
[2026-08-22 11:43:36.667 GPU_Scheduler_1] Waiting for models to be activated: {'model_1': 'deactivated', 'model_2': 'activating', 'model_3': 'activating', 'model_4': 'deactivated', 'model_5': 'deactivated', 'model_6': 'activating'}
[2026-08-22 11:43:36.677 GPU_Scheduler_1] Waiting for models to be activated: {'model_1': 'deactivated', 'model_2': 'activating', 'model_3': 'activating', 'model_4': 'deactivated', 'model_5': 'deactivated', 'model_6': 'activating'}
[2026-08-22 11:43:36.687 GPU_Scheduler_1] Waiting for models to be activated: {'model_1': 'deactivated', 'model_2': 'activating', 'model_3': 'activating', 'model_4': 'deactivated', 'model_5': 'deactivated', 'model_6': 'activating'}
[2026-08-22 11:43:36.698 GPU_Scheduler_1] Waiting for models to be activated: {'model_1': 'deactivated', 'model_2': 'activating', 'model_3': 'activating', 'model_4': 'deactivated', 'model_5': 'deactivated', 'model_6': 'activating'}
[2026-08-22 11:43:36.708 GPU_Scheduler_1] Waiting for models to be activated: {'model_1': 'deactivated', 'model_2': 'activating', 'model_3': 'activating', 'model_4': 'deactivated', 'model_5': 'deactivated', 'model_6': 'activating'}
[2026-08-22 11:43:36.719 GPU_Scheduler_1] Waiting for models to be activated: {'model_1': 'deactivated', 'model_2': 'activating', 'model_3': 'activating', 'model_4': 'deactivated', 'model_5': 'deactivated', 'model_6': 'activating'}
[2026-08-22 11:43:36.729 GPU_Scheduler_1] Waiting for models to be activated: {'model_1': 'deactivated', 'model_2': 'activating', 'model_3': 'activating', 'model_4': 'deactivated', 'model_5': 'deactivated', 'model_6': 'activating'}
[2026-08-22 11:43:36.739 GPU_Scheduler_1] Waiting for models to be activated: {'model_1': 'deactivated', 'model_2': 'activating', 'model_3': 'activating', 'model_4': 'deactivated', 'model_5': 'deactivated', 'model_6': 'activating'}
[2026-08-22 11:43:36.750 GPU_Scheduler_1] Waiting for models to be activated: {'model_1': 'deactivated', 'model_2': 'activating', 'model_3': 'activating', 'model_4': 'deactivated', 'model_5': 'deactivated', 'model_6': 'activating'}
[2026-08-22 11:43:36.760 GPU_Scheduler_1] Waiting for models to be activated: {'model_1': 'deactivated', 'model_2': 'activating', 'model_3': 'activating', 'model_4': 'deactivated', 'model_5': 'deactivated', 'model_6': 'activating'}
[2026-08-22 11:43:36.770 GPU_Scheduler_1] Waiting for models to be activated: {'model_1': 'deactivated', 'model_2': 'activating', 'model_3': 'activating', 'model_4': 'deactivated', 'model_5': 'deactivated', 'model_6': 'activating'}
[2026-08-22 11:43:36.781 GPU_Scheduler_1] Waiting for models to be activated: {'model_1': 'deactivated', 'model_2': 'activating', 'model_3': 'activating', 'model_4': 'deactivated', 'model_5': 'deactivated', 'model_6': 'activating'}
[2026-08-22 11:43:36.791 GPU_Scheduler_1] Waiting for models to be activated: {'model_1': 'deactivated', 'model_2': 'activating', 'model_3': 'activating', 'model_4': 'deactivated', 'model_5': 'deactivated', 'model_6': 'activating'}
[2026-08-22 11:43:36.801 GPU_Scheduler_1] Waiting for models to be activated: {'model_1': 'deactivated', 'model_2': 'activating', 'model_3': 'activating', 'model_4': 'deactivated', 'model_5': 'deactivated', 'model_6': 'activating'}
[2026-08-22 11:43:36.811 GPU_Scheduler_1] Waiting for models to be activated: {'model_1': 'deactivated', 'model_2': 'activating', 'model_3': 'activating', 'model_4': 'deactivated', 'model_5': 'deactivated', 'model_6': 'activating'}
[2026-08-22 11:43:36.822 GPU_Scheduler_1] Waiting for models to be activated: {'model_1': 'deactivated', 'model_2': 'activating', 'model_3': 'activating', 'model_4': 'deactivated', 'model_5': 'deactivated', 'model_6': 'activating'}
[2026-08-22 11:43:36.832 GPU_Scheduler_1] Waiting for models to be activated: {'model_1': 'deactivated', 'model_2': 'activating', 'model_3': 'activating', 'model_4': 'deactivated', 'model_5': 'deactivated', 'model_6': 'activating'}
[2026-08-22 11:43:36.842 GPU_Scheduler_1] Waiting for models to be activated: {'model_1': 'deactivated', 'model_2': 'activating', 'model_3': 'activating', 'model_4': 'deactivated', 'model_5': 'deactivated', 'model_6': 'activating'}
[2026-08-22 11:43:36.853 GPU_Scheduler_1] Waiting for models to be activated: {'model_1': 'deactivated', 'model_2': 'activating', 'model_3': 'activating', 'model_4': 'deactivated', 'model_5': 'deactivated', 'model_6': 'activating'}
[2026-08-22 11:43:36.864 GPU_Scheduler_1] Waiting for models to be activated: {'model_1': 'deactivated', 'model_2': 'activating', 'model_3': 'activating', 'model_4': 'deactivated', 'model_5': 'deactivated', 'model_6': 'activating'}
[2026-08-22 11:43:36.874 GPU_Scheduler_1] Waiting for models to be activated: {'model_1': 'deactivated', 'model_2': 'activating', 'model_3': 'activating', 'model_4': 'deactivated', 'model_5': 'deactivated', 'model_6': 'activating'}
[2026-08-22 11:43:36.884 GPU_Scheduler_1] Waiting for models to be activated: {'model_1': 'deactivated', 'model_2': 'activating', 'model_3': 'activating', 'model_4': 'deactivated', 'model_5': 'deactivated', 'model_6': 'activating'}
[2026-08-22 11:43:36.895 GPU_Scheduler_1] Waiting for models to be activated: {'model_1': 'deactivated', 'model_2': 'activating', 'model_3': 'activating', 'model_4': 'deactivated', 'model_5': 'deactivated', 'model_6': 'activating'}
[2026-08-22 11:43:36.906 GPU_Scheduler_1] Model model_2 (instance 1) activation succeeded on GPU 1
[2026-08-22 11:43:36.906 GPU_Scheduler_1] Waiting for models to be activated: {'model_1': 'deactivated', 'model_2': 'activated', 'model_3': 'activating', 'model_4': 'deactivated', 'model_5': 'deactivated', 'model_6': 'activating'}
[2026-08-22 11:43:36.916 GPU_Scheduler_1] Waiting for models to be activated: {'model_1': 'deactivated', 'model_2': 'activated', 'model_3': 'activating', 'model_4': 'deactivated', 'model_5': 'deactivated', 'model_6': 'activating'}
[2026-08-22 11:43:36.927 GPU_Scheduler_1] Waiting for models to be activated: {'model_1': 'deactivated', 'model_2': 'activated', 'model_3': 'activating', 'model_4': 'deactivated', 'model_5': 'deactivated', 'model_6': 'activating'}
[2026-08-22 11:43:36.937 GPU_Scheduler_1] Waiting for models to be activated: {'model_1': 'deactivated', 'model_2': 'activated', 'model_3': 'activating', 'model_4': 'deactivated', 'model_5': 'deactivated', 'model_6': 'activating'}
[2026-08-22 11:43:36.947 GPU_Scheduler_1] Waiting for models to be activated: {'model_1': 'deactivated', 'model_2': 'activated', 'model_3': 'activating', 'model_4': 'deactivated', 'model_5': 'deactivated', 'model_6': 'activating'}
[2026-08-22 11:43:36.957 GPU_Scheduler_1] Waiting for models to be activated: {'model_1': 'deactivated', 'model_2': 'activated', 'model_3': 'activating', 'model_4': 'deactivated', 'model_5': 'deactivated', 'model_6': 'activating'}
[2026-08-22 11:43:36.968 GPU_Scheduler_1] Waiting for models to be activated: {'model_1': 'deactivated', 'model_2': 'activated', 'model_3': 'activating', 'model_4': 'deactivated', 'model_5': 'deactivated', 'model_6': 'activating'}
[2026-08-22 11:43:36.978 GPU_Scheduler_1] Waiting for models to be activated: {'model_1': 'deactivated', 'model_2': 'activated', 'model_3': 'activating', 'model_4': 'deactivated', 'model_5': 'deactivated', 'model_6': 'activating'}
[2026-08-22 11:43:36.988 GPU_Scheduler_1] Waiting for models to be activated: {'model_1': 'deactivated', 'model_2': 'activated', 'model_3': 'activating', 'model_4': 'deactivated', 'model_5': 'deactivated', 'model_6': 'activating'}
[2026-08-22 11:43:36.999 GPU_Scheduler_1] Waiting for models to be activated: {'model_1': 'deactivated', 'model_2': 'activated', 'model_3': 'activating', 'model_4': 'deactivated', 'model_5': 'deactivated', 'model_6': 'activating'}
[2026-08-22 11:43:37.009 GPU_Scheduler_1] Waiting for models to be activated: {'model_1': 'deactivated', 'model_2': 'activated', 'model_3': 'activating', 'model_4': 'deactivated', 'model_5': 'deactivated', 'model_6': 'activating'}
[2026-08-22 11:43:37.019 GPU_Scheduler_1] Waiting for models to be activated: {'model_1': 'deactivated', 'model_2': 'activated', 'model_3': 'activating', 'model_4': 'deactivated', 'model_5': 'deactivated', 'model_6': 'activating'}
[2026-08-22 11:43:37.029 GPU_Scheduler_1] Waiting for models to be activated: {'model_1': 'deactivated', 'model_2': 'activated', 'model_3': 'activating', 'model_4': 'deactivated', 'model_5': 'deactivated', 'model_6': 'activating'}
[2026-08-22 11:43:37.040 GPU_Scheduler_1] Waiting for models to be activated: {'model_1': 'deactivated', 'model_2': 'activated', 'model_3': 'activating', 'model_4': 'deactivated', 'model_5': 'deactivated', 'model_6': 'activating'}
[2026-08-22 11:43:37.050 GPU_Scheduler_1] Waiting for models to be activated: {'model_1': 'deactivated', 'model_2': 'activated', 'model_3': 'activating', 'model_4': 'deactivated', 'model_5': 'deactivated', 'model_6': 'activating'}
[2026-08-22 11:43:37.061 GPU_Scheduler_1] Waiting for models to be activated: {'model_1': 'deactivated', 'model_2': 'activated', 'model_3': 'activating', 'model_4': 'deactivated', 'model_5': 'deactivated', 'model_6': 'activating'}
[2026-08-22 11:43:37.071 GPU_Scheduler_1] Waiting for models to be activated: {'model_1': 'deactivated', 'model_2': 'activated', 'model_3': 'activating', 'model_4': 'deactivated', 'model_5': 'deactivated', 'model_6': 'activating'}
[2026-08-22 11:43:37.081 GPU_Scheduler_1] Waiting for models to be activated: {'model_1': 'deactivated', 'model_2': 'activated', 'model_3': 'activating', 'model_4': 'deactivated', 'model_5': 'deactivated', 'model_6': 'activating'}
[2026-08-22 11:43:37.091 GPU_Scheduler_1] Waiting for models to be activated: {'model_1': 'deactivated', 'model_2': 'activated', 'model_3': 'activating', 'model_4': 'deactivated', 'model_5': 'deactivated', 'model_6': 'activating'}
[2026-08-22 11:43:37.102 GPU_Scheduler_1] Waiting for models to be activated: {'model_1': 'deactivated', 'model_2': 'activated', 'model_3': 'activating', 'model_4': 'deactivated', 'model_5': 'deactivated', 'model_6': 'activating'}
[2026-08-22 11:43:37.112 GPU_Scheduler_1] Waiting for models to be activated: {'model_1': 'deactivated', 'model_2': 'activated', 'model_3': 'activating', 'model_4': 'deactivated', 'model_5': 'deactivated', 'model_6': 'activating'}
[2026-08-22 11:43:37.122 GPU_Scheduler_1] Waiting for models to be activated: {'model_1': 'deactivated', 'model_2': 'activated', 'model_3': 'activating', 'model_4': 'deactivated', 'model_5': 'deactivated', 'model_6': 'activating'}
[2026-08-22 11:43:37.133 GPU_Scheduler_1] Waiting for models to be activated: {'model_1': 'deactivated', 'model_2': 'activated', 'model_3': 'activating', 'model_4': 'deactivated', 'model_5': 'deactivated', 'model_6': 'activating'}
[2026-08-22 11:43:37.143 GPU_Scheduler_1] Waiting for models to be activated: {'model_1': 'deactivated', 'model_2': 'activated', 'model_3': 'activating', 'model_4': 'deactivated', 'model_5': 'deactivated', 'model_6': 'activating'}
[2026-08-22 11:43:37.153 GPU_Scheduler_1] Waiting for models to be activated: {'model_1': 'deactivated', 'model_2': 'activated', 'model_3': 'activating', 'model_4': 'deactivated', 'model_5': 'deactivated', 'model_6': 'activating'}
[2026-08-22 11:43:37.164 GPU_Scheduler_1] Waiting for models to be activated: {'model_1': 'deactivated', 'model_2': 'activated', 'model_3': 'activating', 'model_4': 'deactivated', 'model_5': 'deactivated', 'model_6': 'activating'}
[2026-08-22 11:43:37.175 GPU_Scheduler_1] Waiting for models to be activated: {'model_1': 'deactivated', 'model_2': 'activated', 'model_3': 'activating', 'model_4': 'deactivated', 'model_5': 'deactivated', 'model_6': 'activating'}
[2026-08-22 11:43:37.186 GPU_Scheduler_1] Waiting for models to be activated: {'model_1': 'deactivated', 'model_2': 'activated', 'model_3': 'activating', 'model_4': 'deactivated', 'model_5': 'deactivated', 'model_6': 'activating'}
[2026-08-22 11:43:37.196 GPU_Scheduler_1] Waiting for models to be activated: {'model_1': 'deactivated', 'model_2': 'activated', 'model_3': 'activating', 'model_4': 'deactivated', 'model_5': 'deactivated', 'model_6': 'activating'}
[2026-08-22 11:43:37.206 GPU_Scheduler_1] Waiting for models to be activated: {'model_1': 'deactivated', 'model_2': 'activated', 'model_3': 'activating', 'model_4': 'deactivated', 'model_5': 'deactivated', 'model_6': 'activating'}
[2026-08-22 11:43:37.217 GPU_Scheduler_1] Waiting for models to be activated: {'model_1': 'deactivated', 'model_2': 'activated', 'model_3': 'activating', 'model_4': 'deactivated', 'model_5': 'deactivated', 'model_6': 'activating'}
[2026-08-22 11:43:37.227 GPU_Scheduler_1] Waiting for models to be activated: {'model_1': 'deactivated', 'model_2': 'activated', 'model_3': 'activating', 'model_4': 'deactivated', 'model_5': 'deactivated', 'model_6': 'activating'}
[2026-08-22 11:43:37.238 GPU_Scheduler_1] Waiting for models to be activated: {'model_1': 'deactivated', 'model_2': 'activated', 'model_3': 'activating', 'model_4': 'deactivated', 'model_5': 'deactivated', 'model_6': 'activating'}
[2026-08-22 11:43:37.249 GPU_Scheduler_1] Waiting for models to be activated: {'model_1': 'deactivated', 'model_2': 'activated', 'model_3': 'activating', 'model_4': 'deactivated', 'model_5': 'deactivated', 'model_6': 'activating'}
[2026-08-22 11:43:37.259 GPU_Scheduler_1] Waiting for models to be activated: {'model_1': 'deactivated', 'model_2': 'activated', 'model_3': 'activating', 'model_4': 'deactivated', 'model_5': 'deactivated', 'model_6': 'activating'}
[2026-08-22 11:43:37.270 GPU_Scheduler_1] Waiting for models to be activated: {'model_1': 'deactivated', 'model_2': 'activated', 'model_3': 'activating', 'model_4': 'deactivated', 'model_5': 'deactivated', 'model_6': 'activating'}
[2026-08-22 11:43:37.280 GPU_Scheduler_1] Waiting for models to be activated: {'model_1': 'deactivated', 'model_2': 'activated', 'model_3': 'activating', 'model_4': 'deactivated', 'model_5': 'deactivated', 'model_6': 'activating'}
[2026-08-22 11:43:37.290 GPU_Scheduler_1] Waiting for models to be activated: {'model_1': 'deactivated', 'model_2': 'activated', 'model_3': 'activating', 'model_4': 'deactivated', 'model_5': 'deactivated', 'model_6': 'activating'}
[2026-08-22 11:43:37.300 GPU_Scheduler_1] Waiting for models to be activated: {'model_1': 'deactivated', 'model_2': 'activated', 'model_3': 'activating', 'model_4': 'deactivated', 'model_5': 'deactivated', 'model_6': 'activating'}
[2026-08-22 11:43:37.311 GPU_Scheduler_1] Waiting for models to be activated: {'model_1': 'deactivated', 'model_2': 'activated', 'model_3': 'activating', 'model_4': 'deactivated', 'model_5': 'deactivated', 'model_6': 'activating'}
[2026-08-22 11:43:37.321 GPU_Scheduler_1] Waiting for models to be activated: {'model_1': 'deactivated', 'model_2': 'activated', 'model_3': 'activating', 'model_4': 'deactivated', 'model_5': 'deactivated', 'model_6': 'activating'}
[2026-08-22 11:43:37.331 GPU_Scheduler_1] Waiting for models to be activated: {'model_1': 'deactivated', 'model_2': 'activated', 'model_3': 'activating', 'model_4': 'deactivated', 'model_5': 'deactivated', 'model_6': 'activating'}
[2026-08-22 11:43:37.342 GPU_Scheduler_1] Waiting for models to be activated: {'model_1': 'deactivated', 'model_2': 'activated', 'model_3': 'activating', 'model_4': 'deactivated', 'model_5': 'deactivated', 'model_6': 'activating'}
[2026-08-22 11:43:37.352 GPU_Scheduler_1] Waiting for models to be activated: {'model_1': 'deactivated', 'model_2': 'activated', 'model_3': 'activating', 'model_4': 'deactivated', 'model_5': 'deactivated', 'model_6': 'activating'}
[2026-08-22 11:43:37.362 GPU_Scheduler_1] Waiting for models to be activated: {'model_1': 'deactivated', 'model_2': 'activated', 'model_3': 'activating', 'model_4': 'deactivated', 'model_5': 'deactivated', 'model_6': 'activating'}
[2026-08-22 11:43:37.372 GPU_Scheduler_1] Waiting for models to be activated: {'model_1': 'deactivated', 'model_2': 'activated', 'model_3': 'activating', 'model_4': 'deactivated', 'model_5': 'deactivated', 'model_6': 'activating'}
[2026-08-22 11:43:37.382 GPU_Scheduler_0] [V5-LOOP] {"iters": 465, "t_mem": 0.006928061367943883, "t_redis": 0.30239212885499, "t_admit": 0.0044609063770622015, "t_send": 0.0008817731868475676, "t_iter": 0.31466286978684366, "admitted": 0, "iter_max": 0.0021575039718300104, "gpu_id": 0, "window_s": 5.004993438720703}
[2026-08-22 11:43:37.383 GPU_Scheduler_1] Waiting for models to be activated: {'model_1': 'deactivated', 'model_2': 'activated', 'model_3': 'activating', 'model_4': 'deactivated', 'model_5': 'deactivated', 'model_6': 'activating'}
[2026-08-22 11:43:37.393 GPU_Scheduler_1] Waiting for models to be activated: {'model_1': 'deactivated', 'model_2': 'activated', 'model_3': 'activating', 'model_4': 'deactivated', 'model_5': 'deactivated', 'model_6': 'activating'}
[2026-08-22 11:43:37.403 GPU_Scheduler_1] Waiting for models to be activated: {'model_1': 'deactivated', 'model_2': 'activated', 'model_3': 'activating', 'model_4': 'deactivated', 'model_5': 'deactivated', 'model_6': 'activating'}
[2026-08-22 11:43:37.414 GPU_Scheduler_1] Waiting for models to be activated: {'model_1': 'deactivated', 'model_2': 'activated', 'model_3': 'activating', 'model_4': 'deactivated', 'model_5': 'deactivated', 'model_6': 'activating'}
[2026-08-22 11:43:37.424 GPU_Scheduler_1] Waiting for models to be activated: {'model_1': 'deactivated', 'model_2': 'activated', 'model_3': 'activating', 'model_4': 'deactivated', 'model_5': 'deactivated', 'model_6': 'activating'}
[2026-08-22 11:43:37.435 GPU_Scheduler_1] Waiting for models to be activated: {'model_1': 'deactivated', 'model_2': 'activated', 'model_3': 'activating', 'model_4': 'deactivated', 'model_5': 'deactivated', 'model_6': 'activating'}
[2026-08-22 11:43:37.436 GPU_Scheduler_0] net_available: inf, queue_len: 0
[2026-08-22 11:43:37.445 GPU_Scheduler_1] Waiting for models to be activated: {'model_1': 'deactivated', 'model_2': 'activated', 'model_3': 'activating', 'model_4': 'deactivated', 'model_5': 'deactivated', 'model_6': 'activating'}
[2026-08-22 11:43:37.455 GPU_Scheduler_1] Waiting for models to be activated: {'model_1': 'deactivated', 'model_2': 'activated', 'model_3': 'activating', 'model_4': 'deactivated', 'model_5': 'deactivated', 'model_6': 'activating'}
[2026-08-22 11:43:37.466 GPU_Scheduler_1] Waiting for models to be activated: {'model_1': 'deactivated', 'model_2': 'activated', 'model_3': 'activating', 'model_4': 'deactivated', 'model_5': 'deactivated', 'model_6': 'activating'}
[2026-08-22 11:43:37.476 GPU_Scheduler_1] Waiting for models to be activated: {'model_1': 'deactivated', 'model_2': 'activated', 'model_3': 'activating', 'model_4': 'deactivated', 'model_5': 'deactivated', 'model_6': 'activating'}
[2026-08-22 11:43:37.486 GPU_Scheduler_1] Waiting for models to be activated: {'model_1': 'deactivated', 'model_2': 'activated', 'model_3': 'activating', 'model_4': 'deactivated', 'model_5': 'deactivated', 'model_6': 'activating'}
[2026-08-22 11:43:37.497 GPU_Scheduler_1] Waiting for models to be activated: {'model_1': 'deactivated', 'model_2': 'activated', 'model_3': 'activating', 'model_4': 'deactivated', 'model_5': 'deactivated', 'model_6': 'activating'}
[2026-08-22 11:43:37.507 GPU_Scheduler_1] Waiting for models to be activated: {'model_1': 'deactivated', 'model_2': 'activated', 'model_3': 'activating', 'model_4': 'deactivated', 'model_5': 'deactivated', 'model_6': 'activating'}
[2026-08-22 11:43:37.518 GPU_Scheduler_1] Waiting for models to be activated: {'model_1': 'deactivated', 'model_2': 'activated', 'model_3': 'activating', 'model_4': 'deactivated', 'model_5': 'deactivated', 'model_6': 'activating'}
[2026-08-22 11:43:37.528 GPU_Scheduler_1] Waiting for models to be activated: {'model_1': 'deactivated', 'model_2': 'activated', 'model_3': 'activating', 'model_4': 'deactivated', 'model_5': 'deactivated', 'model_6': 'activating'}
[2026-08-22 11:43:37.538 GPU_Scheduler_1] Waiting for models to be activated: {'model_1': 'deactivated', 'model_2': 'activated', 'model_3': 'activating', 'model_4': 'deactivated', 'model_5': 'deactivated', 'model_6': 'activating'}
[2026-08-22 11:43:37.548 GPU_Scheduler_1] Waiting for models to be activated: {'model_1': 'deactivated', 'model_2': 'activated', 'model_3': 'activating', 'model_4': 'deactivated', 'model_5': 'deactivated', 'model_6': 'activating'}
[2026-08-22 11:43:37.559 GPU_Scheduler_1] Waiting for models to be activated: {'model_1': 'deactivated', 'model_2': 'activated', 'model_3': 'activating', 'model_4': 'deactivated', 'model_5': 'deactivated', 'model_6': 'activating'}
[2026-08-22 11:43:37.569 GPU_Scheduler_1] Waiting for models to be activated: {'model_1': 'deactivated', 'model_2': 'activated', 'model_3': 'activating', 'model_4': 'deactivated', 'model_5': 'deactivated', 'model_6': 'activating'}
[2026-08-22 11:43:37.579 GPU_Scheduler_1] Waiting for models to be activated: {'model_1': 'deactivated', 'model_2': 'activated', 'model_3': 'activating', 'model_4': 'deactivated', 'model_5': 'deactivated', 'model_6': 'activating'}
[2026-08-22 11:43:37.590 GPU_Scheduler_1] Waiting for models to be activated: {'model_1': 'deactivated', 'model_2': 'activated', 'model_3': 'activating', 'model_4': 'deactivated', 'model_5': 'deactivated', 'model_6': 'activating'}
[2026-08-22 11:43:37.600 GPU_Scheduler_1] Waiting for models to be activated: {'model_1': 'deactivated', 'model_2': 'activated', 'model_3': 'activating', 'model_4': 'deactivated', 'model_5': 'deactivated', 'model_6': 'activating'}
[2026-08-22 11:43:37.610 GPU_Scheduler_1] Waiting for models to be activated: {'model_1': 'deactivated', 'model_2': 'activated', 'model_3': 'activating', 'model_4': 'deactivated', 'model_5': 'deactivated', 'model_6': 'activating'}
[2026-08-22 11:43:37.620 GPU_Scheduler_1] Waiting for models to be activated: {'model_1': 'deactivated', 'model_2': 'activated', 'model_3': 'activating', 'model_4': 'deactivated', 'model_5': 'deactivated', 'model_6': 'activating'}
[2026-08-22 11:43:37.631 GPU_Scheduler_1] Waiting for models to be activated: {'model_1': 'deactivated', 'model_2': 'activated', 'model_3': 'activating', 'model_4': 'deactivated', 'model_5': 'deactivated', 'model_6': 'activating'}
[2026-08-22 11:43:37.641 GPU_Scheduler_1] Waiting for models to be activated: {'model_1': 'deactivated', 'model_2': 'activated', 'model_3': 'activating', 'model_4': 'deactivated', 'model_5': 'deactivated', 'model_6': 'activating'}
[2026-08-22 11:43:37.651 GPU_Scheduler_1] Waiting for models to be activated: {'model_1': 'deactivated', 'model_2': 'activated', 'model_3': 'activating', 'model_4': 'deactivated', 'model_5': 'deactivated', 'model_6': 'activating'}
[2026-08-22 11:43:37.662 GPU_Scheduler_1] Waiting for models to be activated: {'model_1': 'deactivated', 'model_2': 'activated', 'model_3': 'activating', 'model_4': 'deactivated', 'model_5': 'deactivated', 'model_6': 'activating'}
[2026-08-22 11:43:37.672 GPU_Scheduler_1] Waiting for models to be activated: {'model_1': 'deactivated', 'model_2': 'activated', 'model_3': 'activating', 'model_4': 'deactivated', 'model_5': 'deactivated', 'model_6': 'activating'}
[2026-08-22 11:43:37.682 GPU_Scheduler_1] Waiting for models to be activated: {'model_1': 'deactivated', 'model_2': 'activated', 'model_3': 'activating', 'model_4': 'deactivated', 'model_5': 'deactivated', 'model_6': 'activating'}
[2026-08-22 11:43:37.692 GPU_Scheduler_1] Waiting for models to be activated: {'model_1': 'deactivated', 'model_2': 'activated', 'model_3': 'activating', 'model_4': 'deactivated', 'model_5': 'deactivated', 'model_6': 'activating'}
[2026-08-22 11:43:37.703 GPU_Scheduler_1] Waiting for models to be activated: {'model_1': 'deactivated', 'model_2': 'activated', 'model_3': 'activating', 'model_4': 'deactivated', 'model_5': 'deactivated', 'model_6': 'activating'}
[2026-08-22 11:43:37.713 GPU_Scheduler_1] Waiting for models to be activated: {'model_1': 'deactivated', 'model_2': 'activated', 'model_3': 'activating', 'model_4': 'deactivated', 'model_5': 'deactivated', 'model_6': 'activating'}
[2026-08-22 11:43:37.723 GPU_Scheduler_1] Waiting for models to be activated: {'model_1': 'deactivated', 'model_2': 'activated', 'model_3': 'activating', 'model_4': 'deactivated', 'model_5': 'deactivated', 'model_6': 'activating'}
[2026-08-22 11:43:37.734 GPU_Scheduler_1] Waiting for models to be activated: {'model_1': 'deactivated', 'model_2': 'activated', 'model_3': 'activating', 'model_4': 'deactivated', 'model_5': 'deactivated', 'model_6': 'activating'}
[2026-08-22 11:43:37.744 GPU_Scheduler_1] Waiting for models to be activated: {'model_1': 'deactivated', 'model_2': 'activated', 'model_3': 'activating', 'model_4': 'deactivated', 'model_5': 'deactivated', 'model_6': 'activating'}
[2026-08-22 11:43:37.754 GPU_Scheduler_1] Waiting for models to be activated: {'model_1': 'deactivated', 'model_2': 'activated', 'model_3': 'activating', 'model_4': 'deactivated', 'model_5': 'deactivated', 'model_6': 'activating'}
[2026-08-22 11:43:37.764 GPU_Scheduler_1] Waiting for models to be activated: {'model_1': 'deactivated', 'model_2': 'activated', 'model_3': 'activating', 'model_4': 'deactivated', 'model_5': 'deactivated', 'model_6': 'activating'}
[2026-08-22 11:43:37.775 GPU_Scheduler_1] Waiting for models to be activated: {'model_1': 'deactivated', 'model_2': 'activated', 'model_3': 'activating', 'model_4': 'deactivated', 'model_5': 'deactivated', 'model_6': 'activating'}
[2026-08-22 11:43:37.785 GPU_Scheduler_1] Waiting for models to be activated: {'model_1': 'deactivated', 'model_2': 'activated', 'model_3': 'activating', 'model_4': 'deactivated', 'model_5': 'deactivated', 'model_6': 'activating'}
[2026-08-22 11:43:37.795 GPU_Scheduler_1] Waiting for models to be activated: {'model_1': 'deactivated', 'model_2': 'activated', 'model_3': 'activating', 'model_4': 'deactivated', 'model_5': 'deactivated', 'model_6': 'activating'}
[2026-08-22 11:43:37.806 GPU_Scheduler_1] Waiting for models to be activated: {'model_1': 'deactivated', 'model_2': 'activated', 'model_3': 'activating', 'model_4': 'deactivated', 'model_5': 'deactivated', 'model_6': 'activating'}
[2026-08-22 11:43:37.816 GPU_Scheduler_1] Waiting for models to be activated: {'model_1': 'deactivated', 'model_2': 'activated', 'model_3': 'activating', 'model_4': 'deactivated', 'model_5': 'deactivated', 'model_6': 'activating'}
[2026-08-22 11:43:37.826 GPU_Scheduler_1] Waiting for models to be activated: {'model_1': 'deactivated', 'model_2': 'activated', 'model_3': 'activating', 'model_4': 'deactivated', 'model_5': 'deactivated', 'model_6': 'activating'}
[2026-08-22 11:43:37.836 GPU_Scheduler_1] Waiting for models to be activated: {'model_1': 'deactivated', 'model_2': 'activated', 'model_3': 'activating', 'model_4': 'deactivated', 'model_5': 'deactivated', 'model_6': 'activating'}
[2026-08-22 11:43:37.847 GPU_Scheduler_1] Waiting for models to be activated: {'model_1': 'deactivated', 'model_2': 'activated', 'model_3': 'activating', 'model_4': 'deactivated', 'model_5': 'deactivated', 'model_6': 'activating'}
[2026-08-22 11:43:37.857 GPU_Scheduler_1] Waiting for models to be activated: {'model_1': 'deactivated', 'model_2': 'activated', 'model_3': 'activating', 'model_4': 'deactivated', 'model_5': 'deactivated', 'model_6': 'activating'}
[2026-08-22 11:43:37.867 GPU_Scheduler_1] Waiting for models to be activated: {'model_1': 'deactivated', 'model_2': 'activated', 'model_3': 'activating', 'model_4': 'deactivated', 'model_5': 'deactivated', 'model_6': 'activating'}
[2026-08-22 11:43:37.877 GPU_Scheduler_1] Waiting for models to be activated: {'model_1': 'deactivated', 'model_2': 'activated', 'model_3': 'activating', 'model_4': 'deactivated', 'model_5': 'deactivated', 'model_6': 'activating'}
[2026-08-22 11:43:37.888 GPU_Scheduler_1] Waiting for models to be activated: {'model_1': 'deactivated', 'model_2': 'activated', 'model_3': 'activating', 'model_4': 'deactivated', 'model_5': 'deactivated', 'model_6': 'activating'}
[2026-08-22 11:43:37.898 GPU_Scheduler_1] Waiting for models to be activated: {'model_1': 'deactivated', 'model_2': 'activated', 'model_3': 'activating', 'model_4': 'deactivated', 'model_5': 'deactivated', 'model_6': 'activating'}
[2026-08-22 11:43:37.909 GPU_Scheduler_1] Waiting for models to be activated: {'model_1': 'deactivated', 'model_2': 'activated', 'model_3': 'activating', 'model_4': 'deactivated', 'model_5': 'deactivated', 'model_6': 'activating'}
[2026-08-22 11:43:37.919 GPU_Scheduler_1] Waiting for models to be activated: {'model_1': 'deactivated', 'model_2': 'activated', 'model_3': 'activating', 'model_4': 'deactivated', 'model_5': 'deactivated', 'model_6': 'activating'}
[2026-08-22 11:43:37.929 GPU_Scheduler_1] Waiting for models to be activated: {'model_1': 'deactivated', 'model_2': 'activated', 'model_3': 'activating', 'model_4': 'deactivated', 'model_5': 'deactivated', 'model_6': 'activating'}
[2026-08-22 11:43:37.939 GPU_Scheduler_1] Waiting for models to be activated: {'model_1': 'deactivated', 'model_2': 'activated', 'model_3': 'activating', 'model_4': 'deactivated', 'model_5': 'deactivated', 'model_6': 'activating'}
[2026-08-22 11:43:37.950 GPU_Scheduler_1] Waiting for models to be activated: {'model_1': 'deactivated', 'model_2': 'activated', 'model_3': 'activating', 'model_4': 'deactivated', 'model_5': 'deactivated', 'model_6': 'activating'}
[2026-08-22 11:43:37.960 GPU_Scheduler_1] Waiting for models to be activated: {'model_1': 'deactivated', 'model_2': 'activated', 'model_3': 'activating', 'model_4': 'deactivated', 'model_5': 'deactivated', 'model_6': 'activating'}
[2026-08-22 11:43:37.970 GPU_Scheduler_1] Waiting for models to be activated: {'model_1': 'deactivated', 'model_2': 'activated', 'model_3': 'activating', 'model_4': 'deactivated', 'model_5': 'deactivated', 'model_6': 'activating'}
[2026-08-22 11:43:37.981 GPU_Scheduler_1] Waiting for models to be activated: {'model_1': 'deactivated', 'model_2': 'activated', 'model_3': 'activating', 'model_4': 'deactivated', 'model_5': 'deactivated', 'model_6': 'activating'}
[2026-08-22 11:43:37.991 GPU_Scheduler_1] Waiting for models to be activated: {'model_1': 'deactivated', 'model_2': 'activated', 'model_3': 'activating', 'model_4': 'deactivated', 'model_5': 'deactivated', 'model_6': 'activating'}
[2026-08-22 11:43:38.001 GPU_Scheduler_1] Waiting for models to be activated: {'model_1': 'deactivated', 'model_2': 'activated', 'model_3': 'activating', 'model_4': 'deactivated', 'model_5': 'deactivated', 'model_6': 'activating'}
[2026-08-22 11:43:38.011 GPU_Scheduler_1] Waiting for models to be activated: {'model_1': 'deactivated', 'model_2': 'activated', 'model_3': 'activating', 'model_4': 'deactivated', 'model_5': 'deactivated', 'model_6': 'activating'}
[2026-08-22 11:43:38.022 GPU_Scheduler_1] Model model_3 (instance 1) activation succeeded on GPU 1
[2026-08-22 11:43:38.022 GPU_Scheduler_1] Waiting for models to be activated: {'model_1': 'deactivated', 'model_2': 'activated', 'model_3': 'activated', 'model_4': 'deactivated', 'model_5': 'deactivated', 'model_6': 'activating'}
[2026-08-22 11:43:38.033 GPU_Scheduler_1] Waiting for models to be activated: {'model_1': 'deactivated', 'model_2': 'activated', 'model_3': 'activated', 'model_4': 'deactivated', 'model_5': 'deactivated', 'model_6': 'activating'}
[2026-08-22 11:43:38.043 GPU_Scheduler_1] Waiting for models to be activated: {'model_1': 'deactivated', 'model_2': 'activated', 'model_3': 'activated', 'model_4': 'deactivated', 'model_5': 'deactivated', 'model_6': 'activating'}
[2026-08-22 11:43:38.053 GPU_Scheduler_1] Model model_6 (instance 1) activation succeeded on GPU 1
[2026-08-22 11:43:38.058 GPU_Scheduler_1] net_available: inf, queue_len: 0
[2026-08-22 11:43:38.438 GPU_Scheduler_0] net_available: inf, queue_len: 0
[2026-08-22 11:43:39.061 GPU_Scheduler_1] net_available: inf, queue_len: 0
[2026-08-22 11:43:39.127 GPU_Scheduler_1] Admitted 1 requests for model_6
[2026-08-22 11:43:39.127 GPU_Scheduler_1] Admitted 1 requests for model_2
[2026-08-22 11:43:39.127 GPU_Scheduler_1] Admitted 1 requests for model_3
[2026-08-22 11:43:39.132 GPU_Scheduler_0] Admitted 1 requests for model_4
[2026-08-22 11:43:39.132 GPU_Scheduler_0] Admitted 1 requests for model_5
[2026-08-22 11:43:39.132 GPU_Scheduler_0] Admitted 1 requests for model_1
[2026-08-22 11:43:39.442 GPU_Scheduler_0] net_available: inf, queue_len: 0
[2026-08-22 11:43:40.068 GPU_Scheduler_1] net_available: inf, queue_len: 0
[2026-08-22 11:43:40.448 GPU_Scheduler_0] net_available: inf, queue_len: 0
[2026-08-22 11:43:41.074 GPU_Scheduler_1] net_available: inf, queue_len: 0
[2026-08-22 11:43:41.458 GPU_Scheduler_0] net_available: inf, queue_len: 0
[2026-08-22 11:43:41.916 GPU_Scheduler_1] Admitted 1 requests for model_2
[2026-08-22 11:43:41.972 GPU_Scheduler_1] Admitted 1 requests for model_6
[2026-08-22 11:43:42.081 GPU_Scheduler_1] net_available: inf, queue_len: 0
[2026-08-22 11:43:42.095 GPU_Scheduler_0] Admitted 1 requests for model_5
[2026-08-22 11:43:42.169 GPU_Scheduler_0] Admitted 1 requests for model_5
[2026-08-22 11:43:42.235 GPU_Scheduler_1] Admitted 2 requests for model_2
[2026-08-22 11:43:42.271 GPU_Scheduler_1] Admitted 1 requests for model_2
[2026-08-22 11:43:42.352 GPU_Scheduler_1] Admitted 1 requests for model_2
[2026-08-22 11:43:42.393 GPU_Scheduler_0] [V5-LOOP] {"iters": 461, "t_mem": 0.007130526006221771, "t_redis": 0.3461768846027553, "t_admit": 0.004589437274262309, "t_send": 0.0028171013109385967, "t_iter": 0.360713949194178, "admitted": 5, "iter_max": 0.04155356786213815, "gpu_id": 0, "window_s": 5.0102081298828125}
[2026-08-22 11:43:42.400 GPU_Scheduler_1] Admitted 1 requests for model_3
[2026-08-22 11:43:42.413 GPU_Scheduler_1] Admitted 1 requests for model_2
[2026-08-22 11:43:42.467 GPU_Scheduler_0] net_available: inf, queue_len: 0
[2026-08-22 11:43:42.507 GPU_Scheduler_1] Admitted 1 requests for model_2
[2026-08-22 11:43:42.578 GPU_Scheduler_1] Admitted 1 requests for model_2
[2026-08-22 11:43:42.647 GPU_Scheduler_1] Admitted 1 requests for model_2
[2026-08-22 11:43:42.669 GPU_Scheduler_1] Admitted 1 requests for model_2
[2026-08-22 11:43:42.770 GPU_Scheduler_1] Admitted 1 requests for model_2
[2026-08-22 11:43:42.897 GPU_Scheduler_1] Admitted 1 requests for model_2
[2026-08-22 11:43:42.956 GPU_Scheduler_0] Admitted 1 requests for model_5
[2026-08-22 11:43:43.015 GPU_Scheduler_1] Admitted 1 requests for model_3
[2026-08-22 11:43:43.028 GPU_Scheduler_1] Admitted 2 requests for model_2
[2026-08-22 11:43:43.064 GPU_Scheduler_1] [V5-LOOP] {"iters": 445, "t_mem": 0.009350866312161088, "t_redis": 0.5000680184457451, "t_admit": 0.006653011543676257, "t_send": 0.013317057397216558, "t_iter": 0.529388953698799, "admitted": 20, "iter_max": 0.02891134610399604, "gpu_id": 1, "window_s": 5.009324312210083}
[2026-08-22 11:43:43.088 GPU_Scheduler_1] net_available: inf, queue_len: 0, model_backend_queue_lens: {'model_2': 3, 'model_3': 0, 'model_6': 0}
[2026-08-22 11:43:43.088 GPU_Scheduler_1] Admitted 1 requests for model_2
[2026-08-22 11:43:43.194 GPU_Scheduler_1] Admitted 1 requests for model_2
[2026-08-22 11:43:43.277 GPU_Scheduler_1] Admitted 1 requests for model_2
[2026-08-22 11:43:43.388 GPU_Scheduler_1] Admitted 1 requests for model_2
[2026-08-22 11:43:43.420 GPU_Scheduler_1] Admitted 1 requests for model_2
[2026-08-22 11:43:43.476 GPU_Scheduler_0] net_available: inf, queue_len: 0
[2026-08-22 11:43:43.559 GPU_Scheduler_1] Admitted 1 requests for model_3
[2026-08-22 11:43:43.592 GPU_Scheduler_1] Admitted 1 requests for model_2
[2026-08-22 11:43:43.645 GPU_Scheduler_1] Admitted 1 requests for model_6
[2026-08-22 11:43:43.656 GPU_Scheduler_1] Admitted 1 requests for model_2
[2026-08-22 11:43:43.667 GPU_Scheduler_1] Admitted 1 requests for model_6
[2026-08-22 11:43:43.699 GPU_Scheduler_1] Admitted 1 requests for model_2
[2026-08-22 11:43:43.752 GPU_Scheduler_1] Admitted 1 requests for model_2
[2026-08-22 11:43:43.784 GPU_Scheduler_1] Admitted 1 requests for model_6
[2026-08-22 11:43:43.996 GPU_Scheduler_1] Admitted 1 requests for model_6
[2026-08-22 11:43:44.091 GPU_Scheduler_1] net_available: inf, queue_len: 0, model_backend_queue_lens: {'model_2': 0, 'model_3': 0, 'model_6': 0}
[2026-08-22 11:43:44.091 GPU_Scheduler_1] Admitted 1 requests for model_3
[2026-08-22 11:43:44.293 GPU_Scheduler_1] Admitted 1 requests for model_2
[2026-08-22 11:43:44.337 GPU_Scheduler_1] Admitted 1 requests for model_2
[2026-08-22 11:43:44.398 GPU_Scheduler_0] Admitted 1 requests for model_5
[2026-08-22 11:43:44.404 GPU_Scheduler_1] Admitted 1 requests for model_2
[2026-08-22 11:43:44.439 GPU_Scheduler_1] Admitted 1 requests for model_2
[2026-08-22 11:43:44.463 GPU_Scheduler_1] Admitted 1 requests for model_2
[2026-08-22 11:43:44.484 GPU_Scheduler_0] net_available: inf, queue_len: 0
[2026-08-22 11:43:44.510 GPU_Scheduler_1] Admitted 1 requests for model_2
[2026-08-22 11:43:44.523 GPU_Scheduler_1] Admitted 1 requests for model_3
[2026-08-22 11:43:44.535 GPU_Scheduler_1] Admitted 1 requests for model_2
[2026-08-22 11:43:44.548 GPU_Scheduler_1] Admitted 1 requests for model_2
[2026-08-22 11:43:44.607 GPU_Scheduler_1] Admitted 1 requests for model_3
[2026-08-22 11:43:44.622 GPU_Scheduler_0] Admitted 1 requests for model_5
[2026-08-22 11:43:44.654 GPU_Scheduler_1] Admitted 1 requests for model_2
[2026-08-22 11:43:44.713 GPU_Scheduler_1] Admitted 1 requests for model_2
[2026-08-22 11:43:44.760 GPU_Scheduler_1] Admitted 1 requests for model_2
[2026-08-22 11:43:44.760 GPU_Scheduler_0] Admitted 1 requests for model_5
[2026-08-22 11:43:44.772 GPU_Scheduler_1] Admitted 1 requests for model_2
[2026-08-22 11:43:44.877 GPU_Scheduler_1] Admitted 1 requests for model_3
[2026-08-22 11:43:44.972 GPU_Scheduler_1] Admitted 1 requests for model_2
[2026-08-22 11:43:45.043 GPU_Scheduler_1] Admitted 1 requests for model_2
[2026-08-22 11:43:45.090 GPU_Scheduler_1] Admitted 1 requests for model_2
[2026-08-22 11:43:45.103 GPU_Scheduler_1] net_available: inf, queue_len: 0
[2026-08-22 11:43:45.255 GPU_Scheduler_1] Admitted 2 requests for model_2
[2026-08-22 11:43:45.291 GPU_Scheduler_1] Admitted 1 requests for model_2
[2026-08-22 11:43:45.304 GPU_Scheduler_1] Admitted 1 requests for model_2
[2026-08-22 11:43:45.341 GPU_Scheduler_1] Admitted 1 requests for model_2
[2026-08-22 11:43:45.353 GPU_Scheduler_1] Admitted 1 requests for model_2
[2026-08-22 11:43:45.396 GPU_Scheduler_1] Admitted 1 requests for model_2
[2026-08-22 11:43:45.491 GPU_Scheduler_0] net_available: inf, queue_len: 0
[2026-08-22 11:43:45.523 GPU_Scheduler_1] Admitted 1 requests for model_2
[2026-08-22 11:43:45.534 GPU_Scheduler_1] Admitted 1 requests for model_3
[2026-08-22 11:43:45.629 GPU_Scheduler_1] Admitted 2 requests for model_2
[2026-08-22 11:43:45.693 GPU_Scheduler_1] Admitted 2 requests for model_2
[2026-08-22 11:43:45.704 GPU_Scheduler_1] Admitted 1 requests for model_2
[2026-08-22 11:43:45.768 GPU_Scheduler_1] Admitted 1 requests for model_6
[2026-08-22 11:43:45.959 GPU_Scheduler_1] Admitted 1 requests for model_2
[2026-08-22 11:43:46.108 GPU_Scheduler_1] net_available: inf, queue_len: 0
[2026-08-22 11:43:46.149 GPU_Scheduler_0] Admitted 1 requests for model_5
[2026-08-22 11:43:46.161 GPU_Scheduler_1] Admitted 1 requests for model_2
[2026-08-22 11:43:46.193 GPU_Scheduler_1] Admitted 1 requests for model_2
[2026-08-22 11:43:46.204 GPU_Scheduler_1] Admitted 2 requests for model_2
[2026-08-22 11:43:46.215 GPU_Scheduler_1] Admitted 1 requests for model_2
[2026-08-22 11:43:46.486 GPU_Scheduler_1] Admitted 1 requests for model_2
[2026-08-22 11:43:46.499 GPU_Scheduler_0] net_available: inf, queue_len: 0
[2026-08-22 11:43:46.540 GPU_Scheduler_1] Admitted 1 requests for model_2
[2026-08-22 11:43:46.561 GPU_Scheduler_1] Admitted 1 requests for model_6
[2026-08-22 11:43:46.572 GPU_Scheduler_1] Admitted 1 requests for model_2
[2026-08-22 11:43:46.615 GPU_Scheduler_1] Admitted 1 requests for model_2
[2026-08-22 11:43:46.636 GPU_Scheduler_1] Admitted 1 requests for model_2
[2026-08-22 11:43:46.658 GPU_Scheduler_1] Admitted 1 requests for model_2
[2026-08-22 11:43:46.764 GPU_Scheduler_1] Admitted 1 requests for model_3
[2026-08-22 11:43:46.775 GPU_Scheduler_1] Admitted 1 requests for model_2
[2026-08-22 11:43:46.817 GPU_Scheduler_1] Admitted 1 requests for model_2
[2026-08-22 11:43:46.817 GPU_Scheduler_1] Admitted 1 requests for model_3
[2026-08-22 11:43:46.840 GPU_Scheduler_0] Admitted 1 requests for model_5
[2026-08-22 11:43:46.913 GPU_Scheduler_1] Admitted 1 requests for model_2
[2026-08-22 11:43:46.936 GPU_Scheduler_0] Admitted 1 requests for model_5
[2026-08-22 11:43:46.998 GPU_Scheduler_1] Admitted 1 requests for model_2
[2026-08-22 11:43:47.115 GPU_Scheduler_1] net_available: inf, queue_len: 0
[2026-08-22 11:43:47.126 GPU_Scheduler_1] Admitted 1 requests for model_2
[2026-08-22 11:43:47.242 GPU_Scheduler_1] Admitted 1 requests for model_2
[2026-08-22 11:43:47.403 GPU_Scheduler_0] [V5-LOOP] {"iters": 472, "t_mem": 0.006239591632038355, "t_redis": 0.23873889818787575, "t_admit": 0.004004247486591339, "t_send": 0.0035621370188891888, "t_iter": 0.25254487432539463, "admitted": 7, "iter_max": 0.0010813469998538494, "gpu_id": 0, "window_s": 5.010448694229126}
[2026-08-22 11:43:47.456 GPU_Scheduler_1] Admitted 1 requests for model_2
[2026-08-22 11:43:47.500 GPU_Scheduler_1] Admitted 1 requests for model_2
[2026-08-22 11:43:47.509 GPU_Scheduler_0] net_available: inf, queue_len: 0
[2026-08-22 11:43:47.532 GPU_Scheduler_1] Admitted 1 requests for model_6
[2026-08-22 11:43:47.543 GPU_Scheduler_1] Admitted 1 requests for model_2
[2026-08-22 11:43:47.789 GPU_Scheduler_1] Admitted 2 requests for model_2
[2026-08-22 11:43:47.832 GPU_Scheduler_1] Admitted 1 requests for model_2
[2026-08-22 11:43:47.875 GPU_Scheduler_1] Admitted 1 requests for model_2
[2026-08-22 11:43:47.908 GPU_Scheduler_1] Admitted 1 requests for model_2
[2026-08-22 11:43:47.951 GPU_Scheduler_1] Admitted 1 requests for model_3
[2026-08-22 11:43:48.005 GPU_Scheduler_1] Admitted 1 requests for model_2
[2026-08-22 11:43:48.016 GPU_Scheduler_1] Admitted 1 requests for model_2
[2026-08-22 11:43:48.069 GPU_Scheduler_1] [V5-LOOP] {"iters": 457, "t_mem": 0.008229954168200493, "t_redis": 0.34662527265027165, "t_admit": 0.005514153046533465, "t_send": 0.03526979056186974, "t_iter": 0.39563917042687535, "admitted": 81, "iter_max": 0.0031726809684187174, "gpu_id": 1, "window_s": 5.004265069961548}
[2026-08-22 11:43:48.101 GPU_Scheduler_1] Admitted 1 requests for model_2
[2026-08-22 11:43:48.122 GPU_Scheduler_1] net_available: inf, queue_len: 0
[2026-08-22 11:43:48.143 GPU_Scheduler_1] Admitted 1 requests for model_2
[2026-08-22 11:43:48.197 GPU_Scheduler_1] Admitted 1 requests for model_2
[2026-08-22 11:43:48.218 GPU_Scheduler_1] Admitted 1 requests for model_6
[2026-08-22 11:43:48.229 GPU_Scheduler_1] Admitted 1 requests for model_2
[2026-08-22 11:43:48.250 GPU_Scheduler_1] Admitted 1 requests for model_2
[2026-08-22 11:43:48.303 GPU_Scheduler_1] Admitted 1 requests for model_2
[2026-08-22 11:43:48.379 GPU_Scheduler_1] Admitted 1 requests for model_2
[2026-08-22 11:43:48.412 GPU_Scheduler_1] Admitted 1 requests for model_2
[2026-08-22 11:43:48.434 GPU_Scheduler_1] Admitted 1 requests for model_2
[2026-08-22 11:43:48.516 GPU_Scheduler_0] net_available: inf, queue_len: 0
[2026-08-22 11:43:48.529 GPU_Scheduler_1] Admitted 1 requests for model_3
[2026-08-22 11:43:48.614 GPU_Scheduler_1] Admitted 1 requests for model_2
[2026-08-22 11:43:48.614 GPU_Scheduler_1] Admitted 1 requests for model_3
[2026-08-22 11:43:48.636 GPU_Scheduler_1] Admitted 1 requests for model_2
[2026-08-22 11:43:48.668 GPU_Scheduler_1] Admitted 1 requests for model_6
[2026-08-22 11:43:48.690 GPU_Scheduler_1] Admitted 1 requests for model_2
[2026-08-22 11:43:48.732 GPU_Scheduler_1] Admitted 1 requests for model_2
[2026-08-22 11:43:48.829 GPU_Scheduler_1] Admitted 1 requests for model_2
[2026-08-22 11:43:48.882 GPU_Scheduler_1] Admitted 1 requests for model_2
[2026-08-22 11:43:48.967 GPU_Scheduler_1] Admitted 1 requests for model_2
[2026-08-22 11:43:48.989 GPU_Scheduler_1] Admitted 1 requests for model_6
[2026-08-22 11:43:49.010 GPU_Scheduler_1] Admitted 1 requests for model_2
[2026-08-22 11:43:49.036 GPU_Scheduler_0] Admitted 1 requests for model_5
[2026-08-22 11:43:49.085 GPU_Scheduler_1] Admitted 1 requests for model_3
[2026-08-22 11:43:49.128 GPU_Scheduler_1] net_available: inf, queue_len: 0
[2026-08-22 11:43:49.160 GPU_Scheduler_1] Admitted 1 requests for model_3
[2026-08-22 11:43:49.308 GPU_Scheduler_1] Admitted 1 requests for model_3
[2026-08-22 11:43:49.362 GPU_Scheduler_1] Admitted 1 requests for model_2
[2026-08-22 11:43:49.427 GPU_Scheduler_1] Admitted 1 requests for model_2
[2026-08-22 11:43:49.438 GPU_Scheduler_1] Admitted 1 requests for model_2
[2026-08-22 11:43:49.481 GPU_Scheduler_1] Admitted 2 requests for model_2
[2026-08-22 11:43:49.481 GPU_Scheduler_0] Admitted 1 requests for model_5
[2026-08-22 11:43:49.523 GPU_Scheduler_0] net_available: inf, queue_len: 0
[2026-08-22 11:43:49.598 GPU_Scheduler_1] Admitted 1 requests for model_3
[2026-08-22 11:43:49.609 GPU_Scheduler_1] Admitted 1 requests for model_2
[2026-08-22 11:43:49.630 GPU_Scheduler_0] Admitted 1 requests for model_5
[2026-08-22 11:43:49.651 GPU_Scheduler_1] Admitted 1 requests for model_2
[2026-08-22 11:43:49.673 GPU_Scheduler_1] Admitted 2 requests for model_2
[2026-08-22 11:43:49.726 GPU_Scheduler_1] Admitted 1 requests for model_2
[2026-08-22 11:43:49.758 GPU_Scheduler_1] Admitted 2 requests for model_2
[2026-08-22 11:43:49.801 GPU_Scheduler_1] Admitted 1 requests for model_2
[2026-08-22 11:43:49.928 GPU_Scheduler_1] Admitted 2 requests for model_2
[2026-08-22 11:43:50.003 GPU_Scheduler_1] Admitted 1 requests for model_6
[2026-08-22 11:43:50.130 GPU_Scheduler_0] Admitted 1 requests for model_5
[2026-08-22 11:43:50.132 GPU_Scheduler_1] net_available: inf, queue_len: 0, model_backend_queue_lens: {'model_2': 0, 'model_3': 0, 'model_6': 1}
[2026-08-22 11:43:50.132 GPU_Scheduler_1] Admitted 1 requests for model_2
[2026-08-22 11:43:50.164 GPU_Scheduler_1] Admitted 1 requests for model_6
[2026-08-22 11:43:50.207 GPU_Scheduler_1] Admitted 1 requests for model_2
[2026-08-22 11:43:50.226 GPU_Scheduler_0] Admitted 1 requests for model_5
[2026-08-22 11:43:50.228 GPU_Scheduler_1] Admitted 1 requests for model_2
[2026-08-22 11:43:50.269 GPU_Scheduler_0] Admitted 1 requests for model_5
[2026-08-22 11:43:50.434 GPU_Scheduler_1] Admitted 1 requests for model_2
[2026-08-22 11:43:50.445 GPU_Scheduler_1] Admitted 1 requests for model_2
[2026-08-22 11:43:50.509 GPU_Scheduler_1] Admitted 1 requests for model_2
[2026-08-22 11:43:50.524 GPU_Scheduler_0] net_available: inf, queue_len: 0
[2026-08-22 11:43:50.801 GPU_Scheduler_0] Admitted 1 requests for model_5
[2026-08-22 11:43:50.805 GPU_Scheduler_1] Admitted 1 requests for model_2
[2026-08-22 11:43:50.879 GPU_Scheduler_1] Admitted 1 requests for model_2
[2026-08-22 11:43:51.028 GPU_Scheduler_1] Admitted 1 requests for model_2
[2026-08-22 11:43:51.070 GPU_Scheduler_1] Admitted 1 requests for model_2
[2026-08-22 11:43:51.134 GPU_Scheduler_1] net_available: inf, queue_len: 0
[2026-08-22 11:43:51.198 GPU_Scheduler_1] Admitted 1 requests for model_3
[2026-08-22 11:43:51.209 GPU_Scheduler_1] Admitted 1 requests for model_2
[2026-08-22 11:43:51.262 GPU_Scheduler_1] Admitted 1 requests for model_2
[2026-08-22 11:43:51.284 GPU_Scheduler_1] Admitted 1 requests for model_2
[2026-08-22 11:43:51.371 GPU_Scheduler_1] Admitted 1 requests for model_2
[2026-08-22 11:43:51.375 GPU_Scheduler_0] Admitted 1 requests for model_5
[2026-08-22 11:43:51.382 GPU_Scheduler_1] Admitted 1 requests for model_2
[2026-08-22 11:43:51.499 GPU_Scheduler_1] Admitted 1 requests for model_2
[2026-08-22 11:43:51.531 GPU_Scheduler_1] Admitted 1 requests for model_3
[2026-08-22 11:43:51.534 GPU_Scheduler_0] net_available: inf, queue_len: 0
[2026-08-22 11:43:51.563 GPU_Scheduler_1] Admitted 2 requests for model_2
[2026-08-22 11:43:51.574 GPU_Scheduler_1] Admitted 1 requests for model_2
[2026-08-22 11:43:51.659 GPU_Scheduler_1] Admitted 1 requests for model_6
[2026-08-22 11:43:51.691 GPU_Scheduler_1] Admitted 1 requests for model_2
[2026-08-22 11:43:51.702 GPU_Scheduler_1] Admitted 1 requests for model_2
[2026-08-22 11:43:51.724 GPU_Scheduler_1] Admitted 1 requests for model_2
[2026-08-22 11:43:51.735 GPU_Scheduler_1] Admitted 1 requests for model_2
[2026-08-22 11:43:51.745 GPU_Scheduler_1] Admitted 1 requests for model_3
[2026-08-22 11:43:51.767 GPU_Scheduler_1] Admitted 1 requests for model_2
[2026-08-22 11:43:52.000 GPU_Scheduler_1] Admitted 1 requests for model_2
[2026-08-22 11:43:52.021 GPU_Scheduler_1] Admitted 1 requests for model_3
[2026-08-22 11:43:52.076 GPU_Scheduler_1] Admitted 1 requests for model_3
[2026-08-22 11:43:52.076 GPU_Scheduler_1] Admitted 3 requests for model_2
[2026-08-22 11:43:52.140 GPU_Scheduler_1] net_available: inf, queue_len: 0, model_backend_queue_lens: {'model_2': 0, 'model_3': 0, 'model_6': 0}
[2026-08-22 11:43:52.140 GPU_Scheduler_1] Admitted 1 requests for model_2
[2026-08-22 11:43:52.161 GPU_Scheduler_1] Admitted 1 requests for model_2
[2026-08-22 11:43:52.355 GPU_Scheduler_1] Admitted 1 requests for model_2
[2026-08-22 11:43:52.398 GPU_Scheduler_1] Admitted 1 requests for model_2
[2026-08-22 11:43:52.406 GPU_Scheduler_0] [V5-LOOP] {"iters": 471, "t_mem": 0.006042164517566562, "t_redis": 0.2403141704853624, "t_admit": 0.0036780445370823145, "t_send": 0.0037205065600574017, "t_iter": 0.2537548861000687, "admitted": 8, "iter_max": 0.0010428170207887888, "gpu_id": 0, "window_s": 5.002088308334351}
[2026-08-22 11:43:52.420 GPU_Scheduler_1] Admitted 1 requests for model_2
[2026-08-22 11:43:52.484 GPU_Scheduler_1] Admitted 1 requests for model_3
[2026-08-22 11:43:52.544 GPU_Scheduler_0] net_available: inf, queue_len: 0
[2026-08-22 11:43:52.558 GPU_Scheduler_1] Admitted 2 requests for model_2
[2026-08-22 11:43:52.608 GPU_Scheduler_0] Admitted 1 requests for model_5
[2026-08-22 11:43:52.782 GPU_Scheduler_1] Admitted 1 requests for model_3
[2026-08-22 11:43:52.900 GPU_Scheduler_1] Admitted 1 requests for model_2
[2026-08-22 11:43:52.921 GPU_Scheduler_1] Admitted 1 requests for model_2
[2026-08-22 11:43:53.059 GPU_Scheduler_1] Admitted 1 requests for model_2
[2026-08-22 11:43:53.072 GPU_Scheduler_1] [V5-LOOP] {"iters": 467, "t_mem": 0.006511572282761335, "t_redis": 0.2542610496748239, "t_admit": 0.004352685064077377, "t_send": 0.028645097743719816, "t_iter": 0.2937704047653824, "admitted": 89, "iter_max": 0.002291694050654769, "gpu_id": 1, "window_s": 5.002489805221558}
[2026-08-22 11:43:53.104 GPU_Scheduler_1] Admitted 1 requests for model_2
[2026-08-22 11:43:53.115 GPU_Scheduler_1] Admitted 1 requests for model_2
[2026-08-22 11:43:53.136 GPU_Scheduler_1] Admitted 1 requests for model_2
[2026-08-22 11:43:53.147 GPU_Scheduler_1] net_available: inf, queue_len: 0, model_backend_queue_lens: {'model_2': 1, 'model_3': 0, 'model_6': 0}
[2026-08-22 11:43:53.147 GPU_Scheduler_1] Admitted 1 requests for model_2
[2026-08-22 11:43:53.190 GPU_Scheduler_1] Admitted 1 requests for model_2
[2026-08-22 11:43:53.222 GPU_Scheduler_1] Admitted 1 requests for model_2
[2026-08-22 11:43:53.233 GPU_Scheduler_1] Admitted 1 requests for model_2
[2026-08-22 11:43:53.254 GPU_Scheduler_1] Admitted 1 requests for model_2
[2026-08-22 11:43:53.404 GPU_Scheduler_1] Admitted 1 requests for model_3
[2026-08-22 11:43:53.415 GPU_Scheduler_1] Admitted 1 requests for model_2
[2026-08-22 11:43:53.437 GPU_Scheduler_1] Admitted 1 requests for model_2
[2026-08-22 11:43:53.490 GPU_Scheduler_1] Admitted 1 requests for model_2
[2026-08-22 11:43:53.554 GPU_Scheduler_0] net_available: inf, queue_len: 0, model_backend_queue_lens: {'model_1': 0, 'model_4': 0, 'model_5': 0}
[2026-08-22 11:43:53.554 GPU_Scheduler_0] Admitted 1 requests for model_5
[2026-08-22 11:43:53.692 GPU_Scheduler_1] Admitted 1 requests for model_2
[2026-08-22 11:43:53.734 GPU_Scheduler_1] Admitted 1 requests for model_2
[2026-08-22 11:43:53.767 GPU_Scheduler_1] Admitted 1 requests for model_2
[2026-08-22 11:43:53.820 GPU_Scheduler_1] Admitted 1 requests for model_2
[2026-08-22 11:43:53.863 GPU_Scheduler_0] Admitted 1 requests for model_5
[2026-08-22 11:43:53.926 GPU_Scheduler_1] Admitted 1 requests for model_2
[2026-08-22 11:43:53.937 GPU_Scheduler_1] Admitted 2 requests for model_2
[2026-08-22 11:43:54.044 GPU_Scheduler_1] Admitted 1 requests for model_2
[2026-08-22 11:43:54.065 GPU_Scheduler_1] Admitted 1 requests for model_2
[2026-08-22 11:43:54.150 GPU_Scheduler_1] net_available: inf, queue_len: 0
[2026-08-22 11:43:54.171 GPU_Scheduler_1] Admitted 1 requests for model_2
[2026-08-22 11:43:54.341 GPU_Scheduler_1] Admitted 1 requests for model_2
[2026-08-22 11:43:54.405 GPU_Scheduler_1] Admitted 1 requests for model_3
[2026-08-22 11:43:54.459 GPU_Scheduler_1] Admitted 1 requests for model_2
[2026-08-22 11:43:54.502 GPU_Scheduler_1] Admitted 1 requests for model_2
[2026-08-22 11:43:54.557 GPU_Scheduler_0] net_available: inf, queue_len: 0
[2026-08-22 11:43:54.567 GPU_Scheduler_1] Admitted 1 requests for model_2
[2026-08-22 11:43:54.642 GPU_Scheduler_1] Admitted 1 requests for model_2
[2026-08-22 11:43:54.675 GPU_Scheduler_1] Admitted 1 requests for model_2
[2026-08-22 11:43:54.737 GPU_Scheduler_0] Admitted 1 requests for model_5
[2026-08-22 11:43:54.750 GPU_Scheduler_1] Admitted 2 requests for model_2
[2026-08-22 11:43:54.773 GPU_Scheduler_1] Admitted 1 requests for model_2
[2026-08-22 11:43:54.812 GPU_Scheduler_0] Admitted 1 requests for model_5
[2026-08-22 11:43:54.923 GPU_Scheduler_1] Admitted 1 requests for model_2
[2026-08-22 11:43:55.052 GPU_Scheduler_1] Admitted 1 requests for model_6
[2026-08-22 11:43:55.159 GPU_Scheduler_1] net_available: inf, queue_len: 0
[2026-08-22 11:43:55.180 GPU_Scheduler_1] Admitted 1 requests for model_2
[2026-08-22 11:43:55.248 GPU_Scheduler_0] Admitted 1 requests for model_5
[2026-08-22 11:43:55.395 GPU_Scheduler_1] Admitted 2 requests for model_2
[2026-08-22 11:43:55.439 GPU_Scheduler_1] Admitted 1 requests for model_2
[2026-08-22 11:43:55.563 GPU_Scheduler_0] net_available: inf, queue_len: 0
[2026-08-22 11:43:55.599 GPU_Scheduler_1] Admitted 2 requests for model_2
[2026-08-22 11:43:55.739 GPU_Scheduler_1] Admitted 2 requests for model_2
[2026-08-22 11:43:55.825 GPU_Scheduler_0] Admitted 1 requests for model_5
[2026-08-22 11:43:55.889 GPU_Scheduler_1] Admitted 1 requests for model_2
[2026-08-22 11:43:55.945 GPU_Scheduler_0] Admitted 1 requests for model_5
[2026-08-22 11:43:56.082 GPU_Scheduler_1] Admitted 1 requests for model_2
[2026-08-22 11:43:56.167 GPU_Scheduler_1] net_available: inf, queue_len: 0
[2026-08-22 11:43:56.210 GPU_Scheduler_1] Admitted 1 requests for model_2
[2026-08-22 11:43:56.274 GPU_Scheduler_1] Admitted 1 requests for model_2
[2026-08-22 11:43:56.285 GPU_Scheduler_1] Admitted 1 requests for model_2
[2026-08-22 11:43:56.328 GPU_Scheduler_1] Admitted 1 requests for model_2
[2026-08-22 11:43:56.349 GPU_Scheduler_0] Admitted 1 requests for model_5
[2026-08-22 11:43:56.403 GPU_Scheduler_1] Admitted 1 requests for model_2
[2026-08-22 11:43:56.456 GPU_Scheduler_1] Admitted 1 requests for model_2
[2026-08-22 11:43:56.467 GPU_Scheduler_1] Admitted 1 requests for model_2
[2026-08-22 11:43:56.567 GPU_Scheduler_0] net_available: inf, queue_len: 0
[2026-08-22 11:43:56.595 GPU_Scheduler_1] Admitted 1 requests for model_3
[2026-08-22 11:43:56.702 GPU_Scheduler_1] Admitted 1 requests for model_2
[2026-08-22 11:43:56.744 GPU_Scheduler_1] Admitted 1 requests for model_2
[2026-08-22 11:43:56.798 GPU_Scheduler_1] Admitted 1 requests for model_2
[2026-08-22 11:43:56.819 GPU_Scheduler_1] Admitted 1 requests for model_6
[2026-08-22 11:43:56.830 GPU_Scheduler_1] Admitted 1 requests for model_2
[2026-08-22 11:43:56.969 GPU_Scheduler_1] Admitted 1 requests for model_2
[2026-08-22 11:43:56.979 GPU_Scheduler_1] Admitted 2 requests for model_2
[2026-08-22 11:43:57.022 GPU_Scheduler_1] Admitted 1 requests for model_2
[2026-08-22 11:43:57.065 GPU_Scheduler_1] Admitted 1 requests for model_2
[2026-08-22 11:43:57.151 GPU_Scheduler_1] Admitted 1 requests for model_2
[2026-08-22 11:43:57.162 GPU_Scheduler_1] Admitted 1 requests for model_2
[2026-08-22 11:43:57.173 GPU_Scheduler_1] net_available: inf, queue_len: 0
[2026-08-22 11:43:57.332 GPU_Scheduler_1] Admitted 1 requests for model_2
[2026-08-22 11:43:57.352 GPU_Scheduler_0] Admitted 1 requests for model_5
[2026-08-22 11:43:57.407 GPU_Scheduler_0] [V5-LOOP] {"iters": 463, "t_mem": 0.007169494405388832, "t_redis": 0.31357253761962056, "t_admit": 0.00415742420591414, "t_send": 0.005452301120385528, "t_iter": 0.33035175735130906, "admitted": 10, "iter_max": 0.003940644906833768, "gpu_id": 0, "window_s": 5.001147747039795}
[2026-08-22 11:43:57.504 GPU_Scheduler_1] Admitted 1 requests for model_2
[2026-08-22 11:43:57.515 GPU_Scheduler_0] Admitted 1 requests for model_5
[2026-08-22 11:43:57.570 GPU_Scheduler_0] net_available: inf, queue_len: 0
[2026-08-22 11:43:57.589 GPU_Scheduler_1] Admitted 2 requests for model_2
[2026-08-22 11:43:57.621 GPU_Scheduler_1] Admitted 1 requests for model_2
[2026-08-22 11:43:57.844 GPU_Scheduler_1] Admitted 1 requests for model_2
[2026-08-22 11:43:57.907 GPU_Scheduler_1] Admitted 1 requests for model_6
[2026-08-22 11:43:58.058 GPU_Scheduler_0] Admitted 1 requests for model_5
[2026-08-22 11:43:58.077 GPU_Scheduler_1] Admitted 1 requests for model_2
[2026-08-22 11:43:58.077 GPU_Scheduler_1] [V5-LOOP] {"iters": 466, "t_mem": 0.006481924327090383, "t_redis": 0.27114852308295667, "t_admit": 0.004354959819465876, "t_send": 0.023780992487445474, "t_iter": 0.3057663997169584, "admitted": 72, "iter_max": 0.0024592361878603697, "gpu_id": 1, "window_s": 5.005349636077881}
[2026-08-22 11:43:58.099 GPU_Scheduler_1] Admitted 2 requests for model_2
[2026-08-22 11:43:58.131 GPU_Scheduler_1] Admitted 1 requests for model_6
[2026-08-22 11:43:58.152 GPU_Scheduler_1] Admitted 1 requests for model_3
[2026-08-22 11:43:58.163 GPU_Scheduler_1] Admitted 1 requests for model_3
[2026-08-22 11:43:58.174 GPU_Scheduler_1] net_available: inf, queue_len: 0
[2026-08-22 11:43:58.195 GPU_Scheduler_1] Admitted 1 requests for model_2
[2026-08-22 11:43:58.227 GPU_Scheduler_1] Admitted 1 requests for model_2
[2026-08-22 11:43:58.270 GPU_Scheduler_1] Admitted 1 requests for model_2
[2026-08-22 11:43:58.281 GPU_Scheduler_1] Admitted 1 requests for model_2
[2026-08-22 11:43:58.296 GPU_Scheduler_0] Admitted 1 requests for model_5
[2026-08-22 11:43:58.313 GPU_Scheduler_1] Admitted 1 requests for model_3
[2026-08-22 11:43:58.418 GPU_Scheduler_1] Admitted 1 requests for model_2
[2026-08-22 11:43:58.490 GPU_Scheduler_1] Admitted 1 requests for model_2
[2026-08-22 11:43:58.532 GPU_Scheduler_1] Admitted 1 requests for model_2
[2026-08-22 11:43:58.570 GPU_Scheduler_0] net_available: inf, queue_len: 0
[2026-08-22 11:43:58.575 GPU_Scheduler_1] Admitted 1 requests for model_2
[2026-08-22 11:43:58.692 GPU_Scheduler_1] Admitted 1 requests for model_2
[2026-08-22 11:43:58.820 GPU_Scheduler_1] Admitted 1 requests for model_2
[2026-08-22 11:43:58.841 GPU_Scheduler_1] Admitted 1 requests for model_2
[2026-08-22 11:43:58.852 GPU_Scheduler_1] Admitted 1 requests for model_2
[2026-08-22 11:43:58.874 GPU_Scheduler_1] Admitted 1 requests for model_6
[2026-08-22 11:43:58.885 GPU_Scheduler_1] Admitted 1 requests for model_3
[2026-08-22 11:43:58.960 GPU_Scheduler_1] Admitted 1 requests for model_2
[2026-08-22 11:43:59.013 GPU_Scheduler_1] Admitted 2 requests for model_2
[2026-08-22 11:43:59.062 GPU_Scheduler_0] Admitted 1 requests for model_5
[2026-08-22 11:43:59.074 GPU_Scheduler_0] Admitted 1 requests for model_5
[2026-08-22 11:43:59.098 GPU_Scheduler_1] Admitted 1 requests for model_2
[2026-08-22 11:43:59.183 GPU_Scheduler_1] net_available: inf, queue_len: 0
[2026-08-22 11:43:59.204 GPU_Scheduler_1] Admitted 1 requests for model_2
[2026-08-22 11:43:59.393 GPU_Scheduler_1] Admitted 1 requests for model_2
[2026-08-22 11:43:59.436 GPU_Scheduler_1] Admitted 1 requests for model_2
[2026-08-22 11:43:59.542 GPU_Scheduler_1] Admitted 1 requests for model_2
[2026-08-22 11:43:59.572 GPU_Scheduler_0] net_available: inf, queue_len: 0
[2026-08-22 11:43:59.670 GPU_Scheduler_1] Admitted 1 requests for model_2
[2026-08-22 11:43:59.702 GPU_Scheduler_1] Admitted 2 requests for model_2
[2026-08-22 11:44:00.096 GPU_Scheduler_1] Admitted 1 requests for model_6
[2026-08-22 11:44:00.139 GPU_Scheduler_1] Admitted 1 requests for model_3
[2026-08-22 11:44:00.161 GPU_Scheduler_1] Admitted 1 requests for model_2
[2026-08-22 11:44:00.193 GPU_Scheduler_1] net_available: inf, queue_len: 0
[2026-08-22 11:44:00.206 GPU_Scheduler_0] Admitted 1 requests for model_5
[2026-08-22 11:44:00.257 GPU_Scheduler_1] Admitted 1 requests for model_2
[2026-08-22 11:44:00.344 GPU_Scheduler_1] Admitted 1 requests for model_2
[2026-08-22 11:44:00.355 GPU_Scheduler_1] Admitted 1 requests for model_2
[2026-08-22 11:44:00.376 GPU_Scheduler_0] Admitted 1 requests for model_5
[2026-08-22 11:44:00.430 GPU_Scheduler_1] Admitted 1 requests for model_2
[2026-08-22 11:44:00.462 GPU_Scheduler_1] Admitted 1 requests for model_2
[2026-08-22 11:44:00.578 GPU_Scheduler_0] net_available: inf, queue_len: 0
[2026-08-22 11:44:00.590 GPU_Scheduler_1] Admitted 1 requests for model_2
[2026-08-22 11:44:00.642 GPU_Scheduler_0] Admitted 1 requests for model_5
[2026-08-22 11:44:00.697 GPU_Scheduler_1] Admitted 1 requests for model_2
[2026-08-22 11:44:00.751 GPU_Scheduler_1] Admitted 1 requests for model_2
[2026-08-22 11:44:00.805 GPU_Scheduler_1] Admitted 1 requests for model_6
[2026-08-22 11:44:00.869 GPU_Scheduler_1] Admitted 1 requests for model_3
[2026-08-22 11:44:01.041 GPU_Scheduler_1] Admitted 1 requests for model_2
[2026-08-22 11:44:01.105 GPU_Scheduler_1] Admitted 1 requests for model_2
[2026-08-22 11:44:01.127 GPU_Scheduler_1] Admitted 1 requests for model_2
[2026-08-22 11:44:01.172 GPU_Scheduler_0] Admitted 1 requests for model_5
[2026-08-22 11:44:01.202 GPU_Scheduler_1] net_available: inf, queue_len: 0
[2026-08-22 11:44:01.234 GPU_Scheduler_1] Admitted 1 requests for model_2
[2026-08-22 11:44:01.268 GPU_Scheduler_0] Admitted 1 requests for model_5
[2026-08-22 11:44:01.276 GPU_Scheduler_1] Admitted 1 requests for model_2
[2026-08-22 11:44:01.321 GPU_Scheduler_0] Admitted 1 requests for model_5
[2026-08-22 11:44:01.330 GPU_Scheduler_1] Admitted 1 requests for model_2
[2026-08-22 11:44:01.363 GPU_Scheduler_1] Admitted 1 requests for model_2
[2026-08-22 11:44:01.365 GPU_Scheduler_0] Admitted 1 requests for model_5
[2026-08-22 11:44:01.411 GPU_Scheduler_1] Admitted 1 requests for model_2
[2026-08-22 11:44:01.529 GPU_Scheduler_1] Admitted 1 requests for model_2
[2026-08-22 11:44:01.567 GPU_Scheduler_0] Admitted 1 requests for model_5
[2026-08-22 11:44:01.588 GPU_Scheduler_0] net_available: inf, queue_len: 0
[2026-08-22 11:44:01.790 GPU_Scheduler_1] Admitted 1 requests for model_2
[2026-08-22 11:44:01.803 GPU_Scheduler_1] Admitted 1 requests for model_2
[2026-08-22 11:44:01.827 GPU_Scheduler_1] Admitted 1 requests for model_3
[2026-08-22 11:44:01.887 GPU_Scheduler_1] Admitted 1 requests for model_2
[2026-08-22 11:44:01.957 GPU_Scheduler_1] Admitted 1 requests for model_2
[2026-08-22 11:44:01.968 GPU_Scheduler_1] Admitted 1 requests for model_2
[2026-08-22 11:44:02.097 GPU_Scheduler_0] Admitted 1 requests for model_5
[2026-08-22 11:44:02.123 GPU_Scheduler_1] Admitted 1 requests for model_2
[2026-08-22 11:44:02.178 GPU_Scheduler_1] Admitted 1 requests for model_2
[2026-08-22 11:44:02.190 GPU_Scheduler_1] Admitted 2 requests for model_2
[2026-08-22 11:44:02.202 GPU_Scheduler_1] net_available: inf, queue_len: 0
[2026-08-22 11:44:02.269 GPU_Scheduler_1] Admitted 1 requests for model_3
[2026-08-22 11:44:02.280 GPU_Scheduler_1] Admitted 1 requests for model_6
[2026-08-22 11:44:02.292 GPU_Scheduler_1] Admitted 1 requests for model_3
[2026-08-22 11:44:02.315 GPU_Scheduler_1] Admitted 1 requests for model_2
[2026-08-22 11:44:02.337 GPU_Scheduler_1] Admitted 2 requests for model_2
[2026-08-22 11:44:02.337 GPU_Scheduler_1] Admitted 1 requests for model_3
[2026-08-22 11:44:02.383 GPU_Scheduler_1] Admitted 1 requests for model_2
[2026-08-22 11:44:02.408 GPU_Scheduler_1] Admitted 1 requests for model_2
[2026-08-22 11:44:02.416 GPU_Scheduler_0] [V5-LOOP] {"iters": 463, "t_mem": 0.007402901072055101, "t_redis": 0.32121875206939876, "t_admit": 0.004660273203626275, "t_send": 0.006931781303137541, "t_iter": 0.3402137076482177, "admitted": 14, "iter_max": 0.0017096709925681353, "gpu_id": 0, "window_s": 5.008586406707764}
[2026-08-22 11:44:02.437 GPU_Scheduler_0] Admitted 1 requests for model_5
[2026-08-22 11:44:02.503 GPU_Scheduler_1] Admitted 1 requests for model_3
[2026-08-22 11:44:02.515 GPU_Scheduler_1] Admitted 1 requests for model_2
[2026-08-22 11:44:02.565 GPU_Scheduler_1] Admitted 1 requests for model_2
[2026-08-22 11:44:02.596 GPU_Scheduler_0] net_available: inf, queue_len: 0
[2026-08-22 11:44:02.613 GPU_Scheduler_1] Admitted 1 requests for model_2
[2026-08-22 11:44:02.672 GPU_Scheduler_1] Admitted 1 requests for model_3
[2026-08-22 11:44:02.697 GPU_Scheduler_1] Admitted 1 requests for model_2
[2026-08-22 11:44:02.791 GPU_Scheduler_1] Admitted 1 requests for model_2
[2026-08-22 11:44:02.803 GPU_Scheduler_1] Admitted 1 requests for model_2
[2026-08-22 11:44:02.816 GPU_Scheduler_1] Admitted 1 requests for model_2
[2026-08-22 11:44:02.828 GPU_Scheduler_1] Admitted 1 requests for model_2
[2026-08-22 11:44:02.876 GPU_Scheduler_1] Admitted 1 requests for model_2
[2026-08-22 11:44:02.900 GPU_Scheduler_1] Admitted 1 requests for model_2
[2026-08-22 11:44:02.960 GPU_Scheduler_1] Admitted 1 requests for model_2
[2026-08-22 11:44:03.032 GPU_Scheduler_1] Admitted 1 requests for model_2
[2026-08-22 11:44:03.056 GPU_Scheduler_1] Admitted 1 requests for model_2
[2026-08-22 11:44:03.080 GPU_Scheduler_1] Admitted 1 requests for model_2
[2026-08-22 11:44:03.081 GPU_Scheduler_1] [V5-LOOP] {"iters": 451, "t_mem": 0.008332813391461968, "t_redis": 0.39753690897487104, "t_admit": 0.0054183597676455975, "t_send": 0.0425358721986413, "t_iter": 0.4538239543326199, "admitted": 88, "iter_max": 0.004213367123156786, "gpu_id": 1, "window_s": 5.003665208816528}
[2026-08-22 11:44:03.141 GPU_Scheduler_1] Admitted 1 requests for model_2
[2026-08-22 11:44:03.200 GPU_Scheduler_1] Admitted 1 requests for model_2
[2026-08-22 11:44:03.212 GPU_Scheduler_1] net_available: inf, queue_len: 0
[2026-08-22 11:44:03.294 GPU_Scheduler_1] Admitted 1 requests for model_2
[2026-08-22 11:44:03.320 GPU_Scheduler_1] Admitted 1 requests for model_2
[2026-08-22 11:44:03.344 GPU_Scheduler_1] Admitted 1 requests for model_3
[2026-08-22 11:44:03.356 GPU_Scheduler_1] Admitted 1 requests for model_2
[2026-08-22 11:44:03.393 GPU_Scheduler_1] Admitted 1 requests for model_2
[2026-08-22 11:44:03.524 GPU_Scheduler_1] Admitted 1 requests for model_2
[2026-08-22 11:44:03.592 GPU_Scheduler_0] Admitted 1 requests for model_5
[2026-08-22 11:44:03.603 GPU_Scheduler_0] net_available: inf, queue_len: 0
[2026-08-22 11:44:03.607 GPU_Scheduler_1] Admitted 1 requests for model_2
[2026-08-22 11:44:03.679 GPU_Scheduler_1] Admitted 1 requests for model_2
[2026-08-22 11:44:03.715 GPU_Scheduler_1] Admitted 1 requests for model_2
[2026-08-22 11:44:03.867 GPU_Scheduler_0] Admitted 1 requests for model_5
[2026-08-22 11:44:03.893 GPU_Scheduler_1] Admitted 2 requests for model_2
[2026-08-22 11:44:03.907 GPU_Scheduler_1] Admitted 1 requests for model_2
[2026-08-22 11:44:03.932 GPU_Scheduler_1] Admitted 2 requests for model_2
[2026-08-22 11:44:03.974 GPU_Scheduler_0] Admitted 1 requests for model_5
[2026-08-22 11:44:04.193 GPU_Scheduler_1] Admitted 1 requests for model_2
[2026-08-22 11:44:04.217 GPU_Scheduler_1] net_available: inf, queue_len: 0
[2026-08-22 11:44:04.275 GPU_Scheduler_1] Admitted 1 requests for model_2
[2026-08-22 11:44:04.276 GPU_Scheduler_1] Admitted 1 requests for model_3
[2026-08-22 11:44:04.324 GPU_Scheduler_0] Admitted 1 requests for model_5
[2026-08-22 11:44:04.333 GPU_Scheduler_1] Admitted 2 requests for model_2
[2026-08-22 11:44:04.367 GPU_Scheduler_1] Admitted 1 requests for model_2
[2026-08-22 11:44:04.446 GPU_Scheduler_1] Admitted 1 requests for model_2
[2026-08-22 11:44:04.610 GPU_Scheduler_0] net_available: inf, queue_len: 0
[2026-08-22 11:44:04.621 GPU_Scheduler_0] Admitted 1 requests for model_5
[2026-08-22 11:44:04.683 GPU_Scheduler_1] Admitted 1 requests for model_2
[2026-08-22 11:44:04.719 GPU_Scheduler_1] Admitted 1 requests for model_2
[2026-08-22 11:44:04.743 GPU_Scheduler_1] Admitted 1 requests for model_2
[2026-08-22 11:44:04.767 GPU_Scheduler_1] Admitted 1 requests for model_2
[2026-08-22 11:44:04.791 GPU_Scheduler_0] Admitted 1 requests for model_5
[2026-08-22 11:44:04.922 GPU_Scheduler_1] Admitted 1 requests for model_2
[2026-08-22 11:44:04.923 GPU_Scheduler_1] Admitted 1 requests for model_6
[2026-08-22 11:44:05.030 GPU_Scheduler_1] Admitted 1 requests for model_2
[2026-08-22 11:44:05.066 GPU_Scheduler_1] Admitted 1 requests for model_2
[2026-08-22 11:44:05.090 GPU_Scheduler_1] Admitted 1 requests for model_2
[2026-08-22 11:44:05.103 GPU_Scheduler_1] Admitted 1 requests for model_3
[2026-08-22 11:44:05.116 GPU_Scheduler_1] Admitted 1 requests for model_2
[2026-08-22 11:44:05.128 GPU_Scheduler_1] Admitted 1 requests for model_2
[2026-08-22 11:44:05.152 GPU_Scheduler_1] Admitted 1 requests for model_2
[2026-08-22 11:44:05.212 GPU_Scheduler_1] Admitted 1 requests for model_2
[2026-08-22 11:44:05.212 GPU_Scheduler_1] Admitted 1 requests for model_6
[2026-08-22 11:44:05.226 GPU_Scheduler_1] net_available: inf, queue_len: 0
[2026-08-22 11:44:05.289 GPU_Scheduler_0] Admitted 1 requests for model_5
[2026-08-22 11:44:05.332 GPU_Scheduler_1] Admitted 1 requests for model_2
[2026-08-22 11:44:05.437 GPU_Scheduler_0] Admitted 1 requests for model_5
[2026-08-22 11:44:05.510 GPU_Scheduler_1] Admitted 1 requests for model_2
[2026-08-22 11:44:05.546 GPU_Scheduler_1] Admitted 1 requests for model_2
[2026-08-22 11:44:05.571 GPU_Scheduler_1] Admitted 1 requests for model_2
[2026-08-22 11:44:05.583 GPU_Scheduler_1] Admitted 1 requests for model_2
[2026-08-22 11:44:05.583 GPU_Scheduler_1] Admitted 1 requests for model_6
[2026-08-22 11:44:05.617 GPU_Scheduler_0] net_available: inf, queue_len: 0
[2026-08-22 11:44:05.863 GPU_Scheduler_1] Admitted 1 requests for model_2
[2026-08-22 11:44:05.977 GPU_Scheduler_1] Admitted 1 requests for model_6
[2026-08-22 11:44:06.037 GPU_Scheduler_1] Admitted 2 requests for model_2
[2026-08-22 11:44:06.050 GPU_Scheduler_1] Admitted 1 requests for model_3
[2026-08-22 11:44:06.063 GPU_Scheduler_1] Admitted 1 requests for model_2
[2026-08-22 11:44:06.099 GPU_Scheduler_1] Admitted 1 requests for model_2
[2026-08-22 11:44:06.099 GPU_Scheduler_1] Admitted 1 requests for model_3
[2026-08-22 11:44:06.147 GPU_Scheduler_1] Admitted 1 requests for model_3
[2026-08-22 11:44:06.183 GPU_Scheduler_1] Admitted 1 requests for model_2
[2026-08-22 11:44:06.230 GPU_Scheduler_1] net_available: inf, queue_len: 0
[2026-08-22 11:44:06.254 GPU_Scheduler_0] Admitted 1 requests for model_5
[2026-08-22 11:44:06.297 GPU_Scheduler_0] Admitted 1 requests for model_5
[2026-08-22 11:44:06.372 GPU_Scheduler_1] Admitted 1 requests for model_6
[2026-08-22 11:44:06.403 GPU_Scheduler_0] Admitted 1 requests for model_5
[2026-08-22 11:44:06.420 GPU_Scheduler_1] Admitted 1 requests for model_2
[2026-08-22 11:44:06.445 GPU_Scheduler_1] Admitted 1 requests for model_3
[2026-08-22 11:44:06.528 GPU_Scheduler_1] Admitted 1 requests for model_2
[2026-08-22 11:44:06.576 GPU_Scheduler_1] Admitted 1 requests for model_2
[2026-08-22 11:44:06.576 GPU_Scheduler_1] Admitted 1 requests for model_6
[2026-08-22 11:44:06.626 GPU_Scheduler_0] net_available: inf, queue_len: 0
[2026-08-22 11:44:06.660 GPU_Scheduler_1] Admitted 1 requests for model_6
[2026-08-22 11:44:06.672 GPU_Scheduler_1] Admitted 1 requests for model_3
[2026-08-22 11:44:06.720 GPU_Scheduler_1] Admitted 1 requests for model_2
[2026-08-22 11:44:06.850 GPU_Scheduler_1] Admitted 1 requests for model_2
[2026-08-22 11:44:06.934 GPU_Scheduler_1] Admitted 1 requests for model_2
[2026-08-22 11:44:06.947 GPU_Scheduler_1] Admitted 1 requests for model_2
[2026-08-22 11:44:06.971 GPU_Scheduler_1] Admitted 1 requests for model_2
[2026-08-22 11:44:06.995 GPU_Scheduler_1] Admitted 1 requests for model_2
[2026-08-22 11:44:07.174 GPU_Scheduler_1] Admitted 1 requests for model_2
[2026-08-22 11:44:07.234 GPU_Scheduler_1] net_available: inf, queue_len: 0
[2026-08-22 11:44:07.316 GPU_Scheduler_1] Admitted 1 requests for model_2
[2026-08-22 11:44:07.425 GPU_Scheduler_0] [V5-LOOP] {"iters": 471, "t_mem": 0.006290758028626442, "t_redis": 0.24631511722691357, "t_admit": 0.003409845056012273, "t_send": 0.004847506759688258, "t_iter": 0.26086322707124054, "admitted": 12, "iter_max": 0.0015016989782452583, "gpu_id": 0, "window_s": 5.008505344390869}
[2026-08-22 11:44:07.435 GPU_Scheduler_1] Admitted 1 requests for model_2
[2026-08-22 11:44:07.506 GPU_Scheduler_1] Admitted 1 requests for model_2
[2026-08-22 11:44:07.543 GPU_Scheduler_1] Admitted 1 requests for model_2
[2026-08-22 11:44:07.630 GPU_Scheduler_0] net_available: inf, queue_len: 0
[2026-08-22 11:44:07.638 GPU_Scheduler_1] Admitted 1 requests for model_2
[2026-08-22 11:44:07.686 GPU_Scheduler_1] Admitted 1 requests for model_2
[2026-08-22 11:44:07.698 GPU_Scheduler_1] Admitted 1 requests for model_6
[2026-08-22 11:44:07.770 GPU_Scheduler_1] Admitted 1 requests for model_2
[2026-08-22 11:44:07.789 GPU_Scheduler_0] Admitted 1 requests for model_5
[2026-08-22 11:44:07.806 GPU_Scheduler_1] Admitted 1 requests for model_6
[2026-08-22 11:44:07.819 GPU_Scheduler_1] Admitted 1 requests for model_2
[2026-08-22 11:44:07.913 GPU_Scheduler_1] Admitted 1 requests for model_6
[2026-08-22 11:44:07.926 GPU_Scheduler_1] Admitted 1 requests for model_2
[2026-08-22 11:44:07.986 GPU_Scheduler_1] Admitted 1 requests for model_2
[2026-08-22 11:44:07.998 GPU_Scheduler_1] Admitted 1 requests for model_2
[2026-08-22 11:44:08.082 GPU_Scheduler_1] [V5-LOOP] {"iters": 420, "t_mem": 0.011980023700743914, "t_redis": 0.6735245648305863, "t_admit": 0.008016276406124234, "t_send": 0.06276813358999789, "t_iter": 0.7562889985274523, "admitted": 83, "iter_max": 0.003972196020185947, "gpu_id": 1, "window_s": 5.000317573547363}
[2026-08-22 11:44:08.165 GPU_Scheduler_0] Received activate request for model model_3
[2026-08-22 11:44:08.165 GPU_Scheduler_0] Received activate request for model_3, model_states: {'model_1': 'activated', 'model_2': 'deactivated', 'model_3': 'preparing', 'model_4': 'activated', 'model_5': 'activated', 'model_6': 'deactivated'}
[2026-08-22 11:44:08.165 GPU_Scheduler_0] Assign worker 3 to model_3. Current model_to_worker: {'model_1': 0, 'model_4': 1, 'model_5': 2, 'model_3': 3}
[2026-08-22 11:44:08.177 GPU_Scheduler_1] Admitted 1 requests for model_2
[2026-08-22 11:44:08.237 GPU_Scheduler_1] net_available: inf, queue_len: 0
[2026-08-22 11:44:08.307 GPU_Scheduler_1] Admitted 1 requests for model_2
[2026-08-22 11:44:08.347 GPU_Scheduler_0] Admitted 1 requests for model_5
[2026-08-22 11:44:08.424 GPU_Scheduler_1] Admitted 1 requests for model_3
[2026-08-22 11:44:08.471 GPU_Scheduler_1] Admitted 1 requests for model_2
[2026-08-22 11:44:08.483 GPU_Scheduler_1] Admitted 1 requests for model_2
[2026-08-22 11:44:08.542 GPU_Scheduler_1] Admitted 1 requests for model_2
[2026-08-22 11:44:08.590 GPU_Scheduler_1] Admitted 1 requests for model_6
[2026-08-22 11:44:08.602 GPU_Scheduler_1] Admitted 2 requests for model_2
[2026-08-22 11:44:08.640 GPU_Scheduler_0] net_available: inf, queue_len: 0
[2026-08-22 11:44:08.650 GPU_Scheduler_1] Admitted 1 requests for model_6
[2026-08-22 11:44:08.828 GPU_Scheduler_1] Admitted 1 requests for model_6
[2026-08-22 11:44:08.852 GPU_Scheduler_1] Admitted 1 requests for model_2
[2026-08-22 11:44:08.888 GPU_Scheduler_1] Admitted 1 requests for model_2
[2026-08-22 11:44:08.936 GPU_Scheduler_1] Admitted 1 requests for model_2
[2026-08-22 11:44:08.936 GPU_Scheduler_1] Admitted 1 requests for model_3
[2026-08-22 11:44:08.960 GPU_Scheduler_1] Admitted 1 requests for model_2
[2026-08-22 11:44:08.983 GPU_Scheduler_1] Admitted 1 requests for model_2
[2026-08-22 11:44:09.053 GPU_Scheduler_0] Admitted 1 requests for model_5
[2026-08-22 11:44:09.071 GPU_Scheduler_1] Admitted 1 requests for model_2
[2026-08-22 11:44:09.105 GPU_Scheduler_1] Admitted 1 requests for model_2
[2026-08-22 11:44:09.182 GPU_Scheduler_1] Admitted 1 requests for model_2
[2026-08-22 11:44:09.237 GPU_Scheduler_1] net_available: inf, queue_len: 0
[2026-08-22 11:44:09.248 GPU_Scheduler_1] Admitted 1 requests for model_2
[2026-08-22 11:44:09.303 GPU_Scheduler_1] Admitted 1 requests for model_2
[2026-08-22 11:44:09.348 GPU_Scheduler_1] Admitted 1 requests for model_2
[2026-08-22 11:44:09.359 GPU_Scheduler_1] Admitted 1 requests for model_2
[2026-08-22 11:44:09.426 GPU_Scheduler_1] Admitted 1 requests for model_2
[2026-08-22 11:44:09.503 GPU_Scheduler_1] Admitted 1 requests for model_2
[2026-08-22 11:44:09.570 GPU_Scheduler_1] Admitted 1 requests for model_2
[2026-08-22 11:44:09.582 GPU_Scheduler_1] Admitted 1 requests for model_2
[2026-08-22 11:44:09.604 GPU_Scheduler_1] Admitted 1 requests for model_2
[2026-08-22 11:44:09.616 GPU_Scheduler_1] Admitted 1 requests for model_2
[2026-08-22 11:44:09.616 GPU_Scheduler_1] Admitted 1 requests for model_6
[2026-08-22 11:44:09.640 GPU_Scheduler_1] Admitted 1 requests for model_2
[2026-08-22 11:44:09.649 GPU_Scheduler_0] net_available: inf, queue_len: 0
[2026-08-22 11:44:09.685 GPU_Scheduler_1] Admitted 1 requests for model_2
[2026-08-22 11:44:09.752 GPU_Scheduler_0] Model model_3 (instance 0) activation succeeded on GPU 0
[2026-08-22 11:44:09.758 GPU_Scheduler_1] Received deactivate request for model model_3
[2026-08-22 11:44:09.758 GPU_Scheduler_1] Received deactivate request for model_3, model_states: {'model_1': 'deactivated', 'model_2': 'activated', 'model_3': 'deactivating', 'model_4': 'deactivated', 'model_5': 'deactivated', 'model_6': 'activated'}
[2026-08-22 11:44:09.759 GPU_Scheduler_1] Release worker 1 from model model_3. Current model_to_worker: {'model_2': 0, 'model_6': 2}
[2026-08-22 11:44:09.811 GPU_Scheduler_1] Admitted 1 requests for model_6
[2026-08-22 11:44:09.835 GPU_Scheduler_1] Admitted 1 requests for model_2
[2026-08-22 11:44:09.901 GPU_Scheduler_1] Admitted 1 requests for model_2
[2026-08-22 11:44:09.924 GPU_Scheduler_1] Admitted 1 requests for model_2
[2026-08-22 11:44:09.969 GPU_Scheduler_1] Admitted 1 requests for model_2
[2026-08-22 11:44:10.013 GPU_Scheduler_1] Admitted 1 requests for model_2
[2026-08-22 11:44:10.058 GPU_Scheduler_1] Admitted 1 requests for model_6
[2026-08-22 11:44:10.139 GPU_Scheduler_1] Admitted 1 requests for model_6
[2026-08-22 11:44:10.242 GPU_Scheduler_1] net_available: inf, queue_len: 0
[2026-08-22 11:44:10.427 GPU_Scheduler_1] Admitted 1 requests for model_2
[2026-08-22 11:44:10.520 GPU_Scheduler_1] Admitted 1 requests for model_2
[2026-08-22 11:44:10.556 GPU_Scheduler_1] Admitted 1 requests for model_2
[2026-08-22 11:44:10.653 GPU_Scheduler_0] net_available: inf, queue_len: 0
[2026-08-22 11:44:10.686 GPU_Scheduler_1] Admitted 1 requests for model_2
[2026-08-22 11:44:10.699 GPU_Scheduler_1] Admitted 1 requests for model_6
[2026-08-22 11:44:10.723 GPU_Scheduler_1] Admitted 1 requests for model_2
[2026-08-22 11:44:10.901 GPU_Scheduler_1] Admitted 1 requests for model_2
[2026-08-22 11:44:11.016 GPU_Scheduler_0] Admitted 1 requests for model_5
[2026-08-22 11:44:11.083 GPU_Scheduler_1] Admitted 1 requests for model_2
[2026-08-22 11:44:11.172 GPU_Scheduler_1] Admitted 1 requests for model_2
[2026-08-22 11:44:11.250 GPU_Scheduler_1] net_available: inf, queue_len: 0
[2026-08-22 11:44:11.393 GPU_Scheduler_1] Admitted 1 requests for model_2
[2026-08-22 11:44:11.408 GPU_Scheduler_0] Admitted 1 requests for model_5
[2026-08-22 11:44:11.437 GPU_Scheduler_1] Admitted 1 requests for model_2
[2026-08-22 11:44:11.460 GPU_Scheduler_1] Admitted 3 requests for model_2
[2026-08-22 11:44:11.495 GPU_Scheduler_1] Admitted 1 requests for model_2
[2026-08-22 11:44:11.519 GPU_Scheduler_1] Admitted 1 requests for model_2
[2026-08-22 11:44:11.531 GPU_Scheduler_1] Admitted 1 requests for model_2
[2026-08-22 11:44:11.543 GPU_Scheduler_1] Admitted 1 requests for model_2
[2026-08-22 11:44:11.625 GPU_Scheduler_1] Admitted 1 requests for model_2
[2026-08-22 11:44:11.661 GPU_Scheduler_0] net_available: inf, queue_len: 0
[2026-08-22 11:44:11.743 GPU_Scheduler_1] Admitted 1 requests for model_2
[2026-08-22 11:44:11.755 GPU_Scheduler_1] Admitted 1 requests for model_2
[2026-08-22 11:44:11.791 GPU_Scheduler_1] Admitted 1 requests for model_2
[2026-08-22 11:44:11.803 GPU_Scheduler_1] Admitted 1 requests for model_2
[2026-08-22 11:44:11.874 GPU_Scheduler_1] Admitted 1 requests for model_6
[2026-08-22 11:44:11.922 GPU_Scheduler_1] Admitted 1 requests for model_2
[2026-08-22 11:44:12.014 GPU_Scheduler_1] Admitted 1 requests for model_2
[2026-08-22 11:44:12.025 GPU_Scheduler_1] Admitted 1 requests for model_2
[2026-08-22 11:44:12.037 GPU_Scheduler_1] Admitted 1 requests for model_2
[2026-08-22 11:44:12.080 GPU_Scheduler_0] Admitted 1 requests for model_5
[2026-08-22 11:44:12.158 GPU_Scheduler_1] Admitted 1 requests for model_2
[2026-08-22 11:44:12.186 GPU_Scheduler_0] Admitted 1 requests for model_5
[2026-08-22 11:44:12.203 GPU_Scheduler_1] Admitted 1 requests for model_2
[2026-08-22 11:44:12.237 GPU_Scheduler_1] Admitted 1 requests for model_2
[2026-08-22 11:44:12.259 GPU_Scheduler_1] net_available: inf, queue_len: 0
[2026-08-22 11:44:12.335 GPU_Scheduler_1] Model model_3 (instance 1) deactivation succeeded on GPU 1
[2026-08-22 11:44:12.338 GPU_Scheduler_0] Received activate request for model model_3
[2026-08-22 11:44:12.338 GPU_Scheduler_0] Received activate request for model_3, model_states: {'model_1': 'activated', 'model_2': 'deactivated', 'model_3': 'committing', 'model_4': 'activated', 'model_5': 'activated', 'model_6': 'deactivated'}
[2026-08-22 11:44:12.338 GPU_Scheduler_0] [PAPER-OVERLAP-V6] commit dispatched model=model_3 gpu=0 worker=3
[2026-08-22 11:44:12.432 GPU_Scheduler_0] [V5-LOOP] {"iters": 449, "t_mem": 0.009089829865843058, "t_redis": 0.45614284579642117, "t_admit": 0.005748027237132192, "t_send": 0.005442048190161586, "t_iter": 0.476422751089558, "admitted": 7, "iter_max": 0.0026537368539720774, "gpu_id": 0, "window_s": 5.007223844528198}
[2026-08-22 11:44:12.455 GPU_Scheduler_1] Admitted 1 requests for model_2
[2026-08-22 11:44:12.478 GPU_Scheduler_1] Admitted 1 requests for model_2
[2026-08-22 11:44:12.501 GPU_Scheduler_1] Admitted 1 requests for model_6
[2026-08-22 11:44:12.513 GPU_Scheduler_1] Admitted 1 requests for model_2
[2026-08-22 11:44:12.548 GPU_Scheduler_1] Admitted 1 requests for model_2
[2026-08-22 11:44:12.592 GPU_Scheduler_0] Admitted 1 requests for model_5
[2026-08-22 11:44:12.593 GPU_Scheduler_1] Admitted 1 requests for model_2
[2026-08-22 11:44:12.616 GPU_Scheduler_1] Admitted 1 requests for model_2
[2026-08-22 11:44:12.666 GPU_Scheduler_0] net_available: inf, queue_len: 0
[2026-08-22 11:44:12.696 GPU_Scheduler_1] Admitted 1 requests for model_6
[2026-08-22 11:44:12.708 GPU_Scheduler_1] Admitted 1 requests for model_2
[2026-08-22 11:44:12.731 GPU_Scheduler_1] Admitted 1 requests for model_2
[2026-08-22 11:44:12.751 GPU_Scheduler_0] Admitted 1 requests for model_5
[2026-08-22 11:44:12.811 GPU_Scheduler_1] Admitted 1 requests for model_2
[2026-08-22 11:44:13.003 GPU_Scheduler_1] Admitted 1 requests for model_2
[2026-08-22 11:44:13.059 GPU_Scheduler_1] Admitted 1 requests for model_2
[2026-08-22 11:44:13.082 GPU_Scheduler_1] [V5-LOOP] {"iters": 436, "t_mem": 0.011094250483438373, "t_redis": 0.5250412912573665, "t_admit": 0.0072982776910066605, "t_send": 0.05432205647230148, "t_iter": 0.597755875904113, "admitted": 85, "iter_max": 0.0030361099634319544, "gpu_id": 1, "window_s": 5.000092029571533}
[2026-08-22 11:44:13.133 GPU_Scheduler_0] Admitted 1 requests for model_5
[2026-08-22 11:44:13.267 GPU_Scheduler_1] net_available: inf, queue_len: 1, model_backend_queue_lens: {'model_2': 11, 'model_6': 0}
[2026-08-22 11:44:13.638 GPU_Scheduler_1] Admitted 1 requests for model_6
[2026-08-22 11:44:13.673 GPU_Scheduler_0] net_available: inf, queue_len: 0
[2026-08-22 11:44:13.758 GPU_Scheduler_0] Admitted 1 requests for model_5
[2026-08-22 11:44:13.854 GPU_Scheduler_0] Admitted 1 requests for model_5
[2026-08-22 11:44:13.958 GPU_Scheduler_1] Admitted 8 requests for model_2
[2026-08-22 11:44:14.018 GPU_Scheduler_1] Admitted 1 requests for model_2
[2026-08-22 11:44:14.030 GPU_Scheduler_1] Admitted 1 requests for model_2
[2026-08-22 11:44:14.224 GPU_Scheduler_1] Admitted 1 requests for model_2
[2026-08-22 11:44:14.267 GPU_Scheduler_1] net_available: inf, queue_len: 3, model_backend_queue_lens: {'model_2': 11, 'model_6': 0}
[2026-08-22 11:44:14.404 GPU_Scheduler_0] Admitted 1 requests for model_5
[2026-08-22 11:44:14.626 GPU_Scheduler_1] Admitted 1 requests for model_6
[2026-08-22 11:44:14.680 GPU_Scheduler_0] net_available: inf, queue_len: 0
[2026-08-22 11:44:14.827 GPU_Scheduler_1] Admitted 1 requests for model_6
[2026-08-22 11:44:14.930 GPU_Scheduler_1] Admitted 1 requests for model_6
[2026-08-22 11:44:15.018 GPU_Scheduler_1] Admitted 14 requests for model_2
[2026-08-22 11:44:15.199 GPU_Scheduler_0] Admitted 1 requests for model_5
[2026-08-22 11:44:15.277 GPU_Scheduler_1] net_available: inf, queue_len: 0
[2026-08-22 11:44:15.310 GPU_Scheduler_1] Admitted 1 requests for model_2
[2026-08-22 11:44:15.546 GPU_Scheduler_1] Admitted 1 requests for model_6
[2026-08-22 11:44:15.688 GPU_Scheduler_0] net_available: inf, queue_len: 0
[2026-08-22 11:44:15.772 GPU_Scheduler_1] Admitted 1 requests for model_2
[2026-08-22 11:44:15.840 GPU_Scheduler_1] Admitted 1 requests for model_2
[2026-08-22 11:44:15.976 GPU_Scheduler_1] Admitted 1 requests for model_2
[2026-08-22 11:44:15.989 GPU_Scheduler_1] Admitted 1 requests for model_2
[2026-08-22 11:44:16.060 GPU_Scheduler_0] Admitted 1 requests for model_5
[2026-08-22 11:44:16.114 GPU_Scheduler_0] Admitted 1 requests for model_5
[2026-08-22 11:44:16.137 GPU_Scheduler_1] Admitted 1 requests for model_2
[2026-08-22 11:44:16.235 GPU_Scheduler_1] Admitted 1 requests for model_2
[2026-08-22 11:44:16.268 GPU_Scheduler_1] Admitted 1 requests for model_2
[2026-08-22 11:44:16.279 GPU_Scheduler_1] net_available: inf, queue_len: 0
[2026-08-22 11:44:16.462 GPU_Scheduler_1] Admitted 1 requests for model_2
[2026-08-22 11:44:16.494 GPU_Scheduler_1] Admitted 1 requests for model_2
[2026-08-22 11:44:16.506 GPU_Scheduler_1] Admitted 1 requests for model_2
[2026-08-22 11:44:16.591 GPU_Scheduler_0] Admitted 1 requests for model_5
[2026-08-22 11:44:16.593 GPU_Scheduler_1] Admitted 1 requests for model_2
[2026-08-22 11:44:16.604 GPU_Scheduler_1] Admitted 1 requests for model_6
[2026-08-22 11:44:16.659 GPU_Scheduler_1] Admitted 1 requests for model_2
[2026-08-22 11:44:16.697 GPU_Scheduler_0] net_available: inf, queue_len: 0
[2026-08-22 11:44:16.759 GPU_Scheduler_1] Admitted 1 requests for model_2
[2026-08-22 11:44:16.794 GPU_Scheduler_1] Admitted 1 requests for model_2
[2026-08-22 11:44:16.884 GPU_Scheduler_1] Admitted 1 requests for model_2
[2026-08-22 11:44:16.919 GPU_Scheduler_1] Admitted 1 requests for model_2
[2026-08-22 11:44:16.931 GPU_Scheduler_1] Admitted 1 requests for model_2
[2026-08-22 11:44:16.995 GPU_Scheduler_1] Admitted 1 requests for model_2
[2026-08-22 11:44:17.081 GPU_Scheduler_1] Admitted 1 requests for model_2
[2026-08-22 11:44:17.103 GPU_Scheduler_1] Admitted 1 requests for model_2
[2026-08-22 11:44:17.103 GPU_Scheduler_1] Admitted 1 requests for model_6
[2026-08-22 11:44:17.133 GPU_Scheduler_0] Admitted 1 requests for model_5
[2026-08-22 11:44:17.254 GPU_Scheduler_1] Admitted 1 requests for model_2
[2026-08-22 11:44:17.287 GPU_Scheduler_1] net_available: inf, queue_len: 0, model_backend_queue_lens: {'model_2': 1, 'model_6': 0}
[2026-08-22 11:44:17.287 GPU_Scheduler_1] Admitted 1 requests for model_2
[2026-08-22 11:44:17.352 GPU_Scheduler_1] Admitted 1 requests for model_2
[2026-08-22 11:44:17.441 GPU_Scheduler_0] [V5-LOOP] {"iters": 472, "t_mem": 0.006662648171186447, "t_redis": 0.23476450564339757, "t_admit": 0.004154174122959375, "t_send": 0.005252850940451026, "t_iter": 0.2508341788779944, "admitted": 11, "iter_max": 0.0011879070661962032, "gpu_id": 0, "window_s": 5.008348226547241}
[2026-08-22 11:44:17.449 GPU_Scheduler_1] Admitted 1 requests for model_6
[2026-08-22 11:44:17.535 GPU_Scheduler_1] Admitted 1 requests for model_2
[2026-08-22 11:44:17.558 GPU_Scheduler_1] Admitted 1 requests for model_2
[2026-08-22 11:44:17.569 GPU_Scheduler_1] Admitted 1 requests for model_2
[2026-08-22 11:44:17.600 GPU_Scheduler_0] Admitted 1 requests for model_5
[2026-08-22 11:44:17.622 GPU_Scheduler_0] Admitted 1 requests for model_5
[2026-08-22 11:44:17.633 GPU_Scheduler_1] Admitted 1 requests for model_2
[2026-08-22 11:44:17.676 GPU_Scheduler_1] Admitted 1 requests for model_2
[2026-08-22 11:44:17.698 GPU_Scheduler_1] Admitted 1 requests for model_2
[2026-08-22 11:44:17.707 GPU_Scheduler_0] net_available: inf, queue_len: 0
[2026-08-22 11:44:17.765 GPU_Scheduler_1] Admitted 2 requests for model_2
[2026-08-22 11:44:17.778 GPU_Scheduler_1] Admitted 1 requests for model_2
[2026-08-22 11:44:17.876 GPU_Scheduler_0] Model model_3 (instance 0) activation succeeded on GPU 0
[2026-08-22 11:44:17.887 GPU_Scheduler_0] Admitted 11 requests for model_3
[2026-08-22 11:44:18.001 GPU_Scheduler_1] Admitted 1 requests for model_2
[2026-08-22 11:44:18.092 GPU_Scheduler_1] Admitted 1 requests for model_2
[2026-08-22 11:44:18.093 GPU_Scheduler_1] [V5-LOOP] {"iters": 452, "t_mem": 0.010534247616305947, "t_redis": 0.38891563564538956, "t_admit": 0.00893809599801898, "t_send": 0.03804902546107769, "t_iter": 0.4464370047207922, "admitted": 68, "iter_max": 0.005844857078045607, "gpu_id": 1, "window_s": 5.010747909545898}
[2026-08-22 11:44:18.105 GPU_Scheduler_1] Admitted 1 requests for model_2
[2026-08-22 11:44:18.184 GPU_Scheduler_1] Admitted 1 requests for model_2
[2026-08-22 11:44:18.197 GPU_Scheduler_1] Admitted 1 requests for model_6
[2026-08-22 11:44:18.265 GPU_Scheduler_1] Admitted 1 requests for model_2
[2026-08-22 11:44:18.288 GPU_Scheduler_1] net_available: inf, queue_len: 0
[2026-08-22 11:44:18.390 GPU_Scheduler_1] Admitted 2 requests for model_2
[2026-08-22 11:44:18.416 GPU_Scheduler_0] Admitted 1 requests for model_5
[2026-08-22 11:44:18.570 GPU_Scheduler_1] Admitted 1 requests for model_2
[2026-08-22 11:44:18.605 GPU_Scheduler_1] Admitted 1 requests for model_2
[2026-08-22 11:44:18.649 GPU_Scheduler_1] Admitted 2 requests for model_2
[2026-08-22 11:44:18.661 GPU_Scheduler_1] Admitted 1 requests for model_2
[2026-08-22 11:44:18.683 GPU_Scheduler_1] Admitted 1 requests for model_2
[2026-08-22 11:44:18.717 GPU_Scheduler_0] net_available: inf, queue_len: 0
[2026-08-22 11:44:18.749 GPU_Scheduler_1] Admitted 1 requests for model_2
[2026-08-22 11:44:18.781 GPU_Scheduler_1] Admitted 1 requests for model_2
[2026-08-22 11:44:18.869 GPU_Scheduler_1] Admitted 1 requests for model_2
[2026-08-22 11:44:18.891 GPU_Scheduler_1] Admitted 1 requests for model_2
[2026-08-22 11:44:18.948 GPU_Scheduler_1] Admitted 1 requests for model_2
[2026-08-22 11:44:18.959 GPU_Scheduler_1] Admitted 1 requests for model_2
[2026-08-22 11:44:19.018 GPU_Scheduler_0] Admitted 1 requests for model_5
[2026-08-22 11:44:19.105 GPU_Scheduler_0] Admitted 1 requests for model_5
[2026-08-22 11:44:19.115 GPU_Scheduler_1] Admitted 4 requests for model_2
[2026-08-22 11:44:19.279 GPU_Scheduler_1] Admitted 1 requests for model_2
[2026-08-22 11:44:19.290 GPU_Scheduler_1] net_available: inf, queue_len: 0
[2026-08-22 11:44:19.420 GPU_Scheduler_1] Admitted 1 requests for model_2
[2026-08-22 11:44:19.444 GPU_Scheduler_1] Admitted 2 requests for model_2
[2026-08-22 11:44:19.451 GPU_Scheduler_0] Admitted 1 requests for model_5
[2026-08-22 11:44:19.558 GPU_Scheduler_0] Admitted 1 requests for model_5
[2026-08-22 11:44:19.581 GPU_Scheduler_1] Admitted 1 requests for model_2
[2026-08-22 11:44:19.655 GPU_Scheduler_0] Admitted 2 requests for model_3
[2026-08-22 11:44:19.677 GPU_Scheduler_0] Admitted 1 requests for model_5
[2026-08-22 11:44:19.689 GPU_Scheduler_0] Admitted 1 requests for model_5
[2026-08-22 11:44:19.705 GPU_Scheduler_1] Admitted 1 requests for model_2
[2026-08-22 11:44:19.717 GPU_Scheduler_1] Admitted 1 requests for model_2
[2026-08-22 11:44:19.721 GPU_Scheduler_0] net_available: inf, queue_len: 0
[2026-08-22 11:44:19.729 GPU_Scheduler_1] Admitted 1 requests for model_6
[2026-08-22 11:44:19.774 GPU_Scheduler_1] Admitted 1 requests for model_2
[2026-08-22 11:44:19.968 GPU_Scheduler_0] Admitted 1 requests for model_5
[2026-08-22 11:44:20.033 GPU_Scheduler_0] Admitted 1 requests for model_5
[2026-08-22 11:44:20.044 GPU_Scheduler_0] Admitted 1 requests for model_5
[2026-08-22 11:44:20.184 GPU_Scheduler_0] Admitted 1 requests for model_4
[2026-08-22 11:44:20.271 GPU_Scheduler_0] Admitted 2 requests for model_5
[2026-08-22 11:44:20.292 GPU_Scheduler_1] net_available: inf, queue_len: 0
[2026-08-22 11:44:20.476 GPU_Scheduler_0] Admitted 1 requests for model_5
[2026-08-22 11:44:20.681 GPU_Scheduler_0] Admitted 1 requests for model_5
[2026-08-22 11:44:20.724 GPU_Scheduler_0] net_available: inf, queue_len: 0
[2026-08-22 11:44:20.789 GPU_Scheduler_0] Admitted 1 requests for model_5
[2026-08-22 11:44:20.907 GPU_Scheduler_0] Admitted 1 requests for model_5
[2026-08-22 11:44:20.972 GPU_Scheduler_0] Admitted 1 requests for model_1
[2026-08-22 11:44:21.026 GPU_Scheduler_0] Admitted 1 requests for model_1
[2026-08-22 11:44:21.026 GPU_Scheduler_0] Admitted 1 requests for model_4
[2026-08-22 11:44:21.091 GPU_Scheduler_0] Admitted 1 requests for model_4
[2026-08-22 11:44:21.199 GPU_Scheduler_0] Admitted 1 requests for model_5
[2026-08-22 11:44:21.221 GPU_Scheduler_0] Admitted 1 requests for model_4
[2026-08-22 11:44:21.243 GPU_Scheduler_0] Admitted 1 requests for model_1
[2026-08-22 11:44:21.302 GPU_Scheduler_1] net_available: inf, queue_len: 0
[2026-08-22 11:44:21.512 GPU_Scheduler_0] Admitted 1 requests for model_1
[2026-08-22 11:44:21.523 GPU_Scheduler_0] Admitted 1 requests for model_3
[2026-08-22 11:44:21.567 GPU_Scheduler_0] Admitted 1 requests for model_4
[2026-08-22 11:44:21.685 GPU_Scheduler_0] Admitted 1 requests for model_5
[2026-08-22 11:44:21.718 GPU_Scheduler_0] Admitted 1 requests for model_1
[2026-08-22 11:44:21.729 GPU_Scheduler_0] net_available: inf, queue_len: 0, model_backend_queue_lens: {'model_1': 2, 'model_3': 0, 'model_4': 0, 'model_5': 2}
[2026-08-22 11:44:21.729 GPU_Scheduler_0] Admitted 1 requests for model_4
[2026-08-22 11:44:21.729 GPU_Scheduler_0] Admitted 1 requests for model_5
[2026-08-22 11:44:21.751 GPU_Scheduler_0] Admitted 1 requests for model_5
[2026-08-22 11:44:21.762 GPU_Scheduler_0] Admitted 1 requests for model_4
[2026-08-22 11:44:21.762 GPU_Scheduler_0] Admitted 1 requests for model_5
[2026-08-22 11:44:21.795 GPU_Scheduler_0] Admitted 1 requests for model_4
[2026-08-22 11:44:21.816 GPU_Scheduler_0] Admitted 1 requests for model_5
[2026-08-22 11:44:21.870 GPU_Scheduler_0] Admitted 1 requests for model_5
[2026-08-22 11:44:21.892 GPU_Scheduler_0] Admitted 1 requests for model_5
[2026-08-22 11:44:21.978 GPU_Scheduler_0] Admitted 1 requests for model_1
[2026-08-22 11:44:22.021 GPU_Scheduler_0] Admitted 1 requests for model_5
[2026-08-22 11:44:22.118 GPU_Scheduler_0] Admitted 1 requests for model_4
[2026-08-22 11:44:22.205 GPU_Scheduler_0] Admitted 1 requests for model_5
[2026-08-22 11:44:22.270 GPU_Scheduler_0] Admitted 1 requests for model_5
[2026-08-22 11:44:22.308 GPU_Scheduler_1] net_available: inf, queue_len: 0
[2026-08-22 11:44:22.389 GPU_Scheduler_0] Admitted 1 requests for model_5
[2026-08-22 11:44:22.411 GPU_Scheduler_0] Admitted 1 requests for model_5
[2026-08-22 11:44:22.422 GPU_Scheduler_0] Admitted 1 requests for model_5
[2026-08-22 11:44:22.444 GPU_Scheduler_0] [V5-LOOP] {"iters": 464, "t_mem": 0.006452613510191441, "t_redis": 0.295327179832384, "t_admit": 0.004355449927970767, "t_send": 0.018970167730003595, "t_iter": 0.3251054110005498, "admitted": 61, "iter_max": 0.002777447924017906, "gpu_id": 0, "window_s": 5.002587080001831}
[2026-08-22 11:44:22.466 GPU_Scheduler_0] Admitted 1 requests for model_5
[2026-08-22 11:44:22.531 GPU_Scheduler_0] Admitted 1 requests for model_5
[2026-08-22 11:44:22.543 GPU_Scheduler_0] Admitted 1 requests for model_1
[2026-08-22 11:44:22.564 GPU_Scheduler_0] Admitted 1 requests for model_1
[2026-08-22 11:44:22.575 GPU_Scheduler_0] Admitted 1 requests for model_5
[2026-08-22 11:44:22.597 GPU_Scheduler_0] Admitted 1 requests for model_1
[2026-08-22 11:44:22.608 GPU_Scheduler_0] Admitted 1 requests for model_1
[2026-08-22 11:44:22.727 GPU_Scheduler_0] Admitted 1 requests for model_1
[2026-08-22 11:44:22.738 GPU_Scheduler_0] net_available: inf, queue_len: 0, model_backend_queue_lens: {'model_1': 5, 'model_3': 0, 'model_4': 0, 'model_5': 6}
[2026-08-22 11:44:22.738 GPU_Scheduler_0] Admitted 1 requests for model_5
[2026-08-22 11:44:22.749 GPU_Scheduler_0] Admitted 1 requests for model_1
[2026-08-22 11:44:22.760 GPU_Scheduler_0] Admitted 1 requests for model_5
[2026-08-22 11:44:22.804 GPU_Scheduler_0] Admitted 1 requests for model_4
[2026-08-22 11:44:22.815 GPU_Scheduler_0] Admitted 1 requests for model_5
[2026-08-22 11:44:22.923 GPU_Scheduler_0] Admitted 1 requests for model_4
[2026-08-22 11:44:22.935 GPU_Scheduler_0] Admitted 1 requests for model_4
[2026-08-22 11:44:22.935 GPU_Scheduler_0] Admitted 1 requests for model_5
[2026-08-22 11:44:22.946 GPU_Scheduler_0] Admitted 1 requests for model_1
[2026-08-22 11:44:22.968 GPU_Scheduler_0] Admitted 1 requests for model_5
[2026-08-22 11:44:23.102 GPU_Scheduler_1] [V5-LOOP] {"iters": 452, "t_mem": 0.009577838471159339, "t_redis": 0.32213302864693105, "t_admit": 0.006375035736709833, "t_send": 0.020328271901234984, "t_iter": 0.3584141747560352, "admitted": 31, "iter_max": 0.0031542000360786915, "gpu_id": 1, "window_s": 5.008575916290283}
[2026-08-22 11:44:23.129 GPU_Scheduler_0] Admitted 1 requests for model_1
[2026-08-22 11:44:23.237 GPU_Scheduler_0] Admitted 1 requests for model_4
[2026-08-22 11:44:23.281 GPU_Scheduler_0] Admitted 1 requests for model_1
[2026-08-22 11:44:23.314 GPU_Scheduler_1] net_available: inf, queue_len: 0
[2026-08-22 11:44:23.481 GPU_Scheduler_1] Admitted 1 requests for model_2
[2026-08-22 11:44:23.498 GPU_Scheduler_0] Admitted 1 requests for model_1
[2026-08-22 11:44:23.531 GPU_Scheduler_0] Admitted 1 requests for model_4
[2026-08-22 11:44:23.585 GPU_Scheduler_0] Admitted 1 requests for model_1
[2026-08-22 11:44:23.596 GPU_Scheduler_0] Admitted 5 requests for model_5
[2026-08-22 11:44:23.619 GPU_Scheduler_0] Admitted 1 requests for model_5
[2026-08-22 11:44:23.652 GPU_Scheduler_0] Admitted 1 requests for model_1
[2026-08-22 11:44:23.695 GPU_Scheduler_0] Admitted 1 requests for model_1
[2026-08-22 11:44:23.706 GPU_Scheduler_0] Admitted 1 requests for model_5
[2026-08-22 11:44:23.717 GPU_Scheduler_0] Admitted 1 requests for model_5
[2026-08-22 11:44:23.739 GPU_Scheduler_0] net_available: inf, queue_len: 0
[2026-08-22 11:44:23.804 GPU_Scheduler_0] Admitted 1 requests for model_5
[2026-08-22 11:44:23.858 GPU_Scheduler_0] Admitted 1 requests for model_1
[2026-08-22 11:44:23.998 GPU_Scheduler_0] Admitted 1 requests for model_5
[2026-08-22 11:44:24.031 GPU_Scheduler_0] Admitted 2 requests for model_1
[2026-08-22 11:44:24.042 GPU_Scheduler_0] Admitted 2 requests for model_1
[2026-08-22 11:44:24.075 GPU_Scheduler_0] Admitted 1 requests for model_4
[2026-08-22 11:44:24.086 GPU_Scheduler_0] Admitted 1 requests for model_5
[2026-08-22 11:44:24.097 GPU_Scheduler_0] Admitted 1 requests for model_1
[2026-08-22 11:44:24.238 GPU_Scheduler_0] Admitted 1 requests for model_4
[2026-08-22 11:44:24.249 GPU_Scheduler_0] Admitted 2 requests for model_5
[2026-08-22 11:44:24.282 GPU_Scheduler_0] Admitted 1 requests for model_1
[2026-08-22 11:44:24.315 GPU_Scheduler_0] Admitted 1 requests for model_5
[2026-08-22 11:44:24.322 GPU_Scheduler_1] net_available: inf, queue_len: 0
[2026-08-22 11:44:24.347 GPU_Scheduler_0] Admitted 1 requests for model_1
[2026-08-22 11:44:24.391 GPU_Scheduler_0] Admitted 1 requests for model_1
[2026-08-22 11:44:24.424 GPU_Scheduler_0] Admitted 1 requests for model_4
[2026-08-22 11:44:24.424 GPU_Scheduler_0] Admitted 1 requests for model_5
[2026-08-22 11:44:24.458 GPU_Scheduler_0] Admitted 1 requests for model_1
[2026-08-22 11:44:24.482 GPU_Scheduler_0] Admitted 1 requests for model_4
[2026-08-22 11:44:24.528 GPU_Scheduler_0] Admitted 1 requests for model_4
[2026-08-22 11:44:24.620 GPU_Scheduler_0] Admitted 2 requests for model_4
[2026-08-22 11:44:24.679 GPU_Scheduler_0] Admitted 1 requests for model_5
[2026-08-22 11:44:24.691 GPU_Scheduler_0] Admitted 1 requests for model_1
[2026-08-22 11:44:24.749 GPU_Scheduler_0] net_available: inf, queue_len: 0
[2026-08-22 11:44:24.853 GPU_Scheduler_0] Admitted 1 requests for model_1
[2026-08-22 11:44:24.866 GPU_Scheduler_0] Admitted 1 requests for model_5
[2026-08-22 11:44:24.878 GPU_Scheduler_0] Admitted 1 requests for model_5
[2026-08-22 11:44:24.925 GPU_Scheduler_0] Admitted 1 requests for model_1
[2026-08-22 11:44:24.959 GPU_Scheduler_0] Admitted 1 requests for model_1
[2026-08-22 11:44:25.006 GPU_Scheduler_0] Admitted 1 requests for model_4
[2026-08-22 11:44:25.040 GPU_Scheduler_0] Admitted 1 requests for model_5
[2026-08-22 11:44:25.075 GPU_Scheduler_0] Admitted 1 requests for model_4
[2026-08-22 11:44:25.099 GPU_Scheduler_0] Admitted 1 requests for model_5
[2026-08-22 11:44:25.111 GPU_Scheduler_0] Admitted 1 requests for model_4
[2026-08-22 11:44:25.123 GPU_Scheduler_0] Admitted 1 requests for model_4
[2026-08-22 11:44:25.203 GPU_Scheduler_0] Admitted 1 requests for model_4
[2026-08-22 11:44:25.273 GPU_Scheduler_0] Admitted 1 requests for model_5
[2026-08-22 11:44:25.329 GPU_Scheduler_1] net_available: inf, queue_len: 0
[2026-08-22 11:44:25.331 GPU_Scheduler_0] Admitted 1 requests for model_5
[2026-08-22 11:44:25.503 GPU_Scheduler_0] Admitted 1 requests for model_1
[2026-08-22 11:44:25.539 GPU_Scheduler_0] Admitted 1 requests for model_4
[2026-08-22 11:44:25.551 GPU_Scheduler_0] Admitted 1 requests for model_1
[2026-08-22 11:44:25.655 GPU_Scheduler_0] Admitted 1 requests for model_3
[2026-08-22 11:44:25.701 GPU_Scheduler_0] Admitted 4 requests for model_5
[2026-08-22 11:44:25.760 GPU_Scheduler_0] net_available: inf, queue_len: 0
[2026-08-22 11:44:25.783 GPU_Scheduler_0] Admitted 1 requests for model_1
[2026-08-22 11:44:25.795 GPU_Scheduler_0] Admitted 1 requests for model_1
[2026-08-22 11:44:25.933 GPU_Scheduler_0] Admitted 1 requests for model_5
[2026-08-22 11:44:26.072 GPU_Scheduler_0] Admitted 1 requests for model_5
[2026-08-22 11:44:26.095 GPU_Scheduler_0] Admitted 1 requests for model_5
[2026-08-22 11:44:26.188 GPU_Scheduler_0] Admitted 1 requests for model_3
[2026-08-22 11:44:26.256 GPU_Scheduler_0] Admitted 1 requests for model_5
[2026-08-22 11:44:26.268 GPU_Scheduler_0] Admitted 1 requests for model_1
[2026-08-22 11:44:26.280 GPU_Scheduler_0] Admitted 1 requests for model_1
[2026-08-22 11:44:26.280 GPU_Scheduler_0] Admitted 1 requests for model_5
[2026-08-22 11:44:26.337 GPU_Scheduler_0] Admitted 1 requests for model_4
[2026-08-22 11:44:26.338 GPU_Scheduler_1] net_available: inf, queue_len: 0
[2026-08-22 11:44:26.349 GPU_Scheduler_0] Admitted 1 requests for model_4
[2026-08-22 11:44:26.561 GPU_Scheduler_0] Admitted 1 requests for model_1
[2026-08-22 11:44:26.640 GPU_Scheduler_0] Admitted 1 requests for model_5
[2026-08-22 11:44:26.699 GPU_Scheduler_0] Admitted 1 requests for model_1
[2026-08-22 11:44:26.712 GPU_Scheduler_0] Admitted 1 requests for model_1
[2026-08-22 11:44:26.771 GPU_Scheduler_0] net_available: inf, queue_len: 0
[2026-08-22 11:44:26.819 GPU_Scheduler_0] Admitted 1 requests for model_4
[2026-08-22 11:44:26.819 GPU_Scheduler_0] Admitted 1 requests for model_5
[2026-08-22 11:44:26.854 GPU_Scheduler_0] Admitted 1 requests for model_5
[2026-08-22 11:44:26.865 GPU_Scheduler_0] Admitted 1 requests for model_4
[2026-08-22 11:44:26.877 GPU_Scheduler_0] Admitted 1 requests for model_4
[2026-08-22 11:44:26.899 GPU_Scheduler_0] Admitted 1 requests for model_4
[2026-08-22 11:44:26.912 GPU_Scheduler_0] Admitted 1 requests for model_1
[2026-08-22 11:44:26.972 GPU_Scheduler_0] Admitted 1 requests for model_5
[2026-08-22 11:44:27.045 GPU_Scheduler_0] Admitted 1 requests for model_1
[2026-08-22 11:44:27.119 GPU_Scheduler_0] Admitted 1 requests for model_4
[2026-08-22 11:44:27.169 GPU_Scheduler_0] Admitted 1 requests for model_4
[2026-08-22 11:44:27.230 GPU_Scheduler_0] Admitted 1 requests for model_5
[2026-08-22 11:44:27.291 GPU_Scheduler_0] Admitted 1 requests for model_4
[2026-08-22 11:44:27.316 GPU_Scheduler_0] Admitted 1 requests for model_5
[2026-08-22 11:44:27.347 GPU_Scheduler_1] net_available: inf, queue_len: 0
[2026-08-22 11:44:27.353 GPU_Scheduler_0] Admitted 1 requests for model_4
[2026-08-22 11:44:27.433 GPU_Scheduler_0] Admitted 1 requests for model_1
[2026-08-22 11:44:27.433 GPU_Scheduler_0] Admitted 2 requests for model_5
[2026-08-22 11:44:27.445 GPU_Scheduler_0] Admitted 1 requests for model_4
[2026-08-22 11:44:27.445 GPU_Scheduler_0] [V5-LOOP] {"iters": 441, "t_mem": 0.008183358237147331, "t_redis": 0.4810565277002752, "t_admit": 0.00704318075440824, "t_send": 0.05522073875181377, "t_iter": 0.5515038054436445, "admitted": 117, "iter_max": 0.0031338699627667665, "gpu_id": 0, "window_s": 5.00150990486145}
[2026-08-22 11:44:27.516 GPU_Scheduler_0] Admitted 1 requests for model_5
[2026-08-22 11:44:27.541 GPU_Scheduler_0] Admitted 1 requests for model_5
[2026-08-22 11:44:27.586 GPU_Scheduler_0] Admitted 1 requests for model_1
[2026-08-22 11:44:27.733 GPU_Scheduler_0] Admitted 1 requests for model_5
[2026-08-22 11:44:27.783 GPU_Scheduler_0] net_available: inf, queue_len: 0
[2026-08-22 11:44:27.856 GPU_Scheduler_0] Admitted 1 requests for model_4
[2026-08-22 11:44:27.923 GPU_Scheduler_0] Admitted 1 requests for model_5
[2026-08-22 11:44:28.003 GPU_Scheduler_0] Admitted 2 requests for model_5
[2026-08-22 11:44:28.103 GPU_Scheduler_1] [V5-LOOP] {"iters": 476, "t_mem": 0.007456558290868998, "t_redis": 0.18371297046542168, "t_admit": 0.0047096796333789825, "t_send": 0.0011267252266407013, "t_iter": 0.19700593361631036, "admitted": 1, "iter_max": 0.0009537860751152039, "gpu_id": 1, "window_s": 5.00049614906311}
[2026-08-22 11:44:28.112 GPU_Scheduler_0] Admitted 1 requests for model_5
[2026-08-22 11:44:28.149 GPU_Scheduler_0] Admitted 1 requests for model_5
[2026-08-22 11:44:28.162 GPU_Scheduler_0] Admitted 1 requests for model_5
[2026-08-22 11:44:28.259 GPU_Scheduler_0] Admitted 1 requests for model_4
[2026-08-22 11:44:28.284 GPU_Scheduler_0] Admitted 1 requests for model_5
[2026-08-22 11:44:28.355 GPU_Scheduler_1] net_available: inf, queue_len: 0
[2026-08-22 11:44:28.358 GPU_Scheduler_0] Admitted 1 requests for model_4
[2026-08-22 11:44:28.371 GPU_Scheduler_0] Admitted 1 requests for model_1
[2026-08-22 11:44:28.394 GPU_Scheduler_0] Admitted 1 requests for model_1
[2026-08-22 11:44:28.394 GPU_Scheduler_0] Admitted 1 requests for model_5
[2026-08-22 11:44:28.485 GPU_Scheduler_0] Admitted 1 requests for model_4
[2026-08-22 11:44:28.510 GPU_Scheduler_0] Admitted 1 requests for model_5
[2026-08-22 11:44:28.571 GPU_Scheduler_0] Admitted 1 requests for model_5
[2026-08-22 11:44:28.584 GPU_Scheduler_0] Admitted 1 requests for model_5
[2026-08-22 11:44:28.609 GPU_Scheduler_0] Admitted 1 requests for model_4
[2026-08-22 11:44:28.634 GPU_Scheduler_0] Admitted 1 requests for model_5
[2026-08-22 11:44:28.658 GPU_Scheduler_0] Admitted 1 requests for model_1
[2026-08-22 11:44:28.721 GPU_Scheduler_0] Admitted 1 requests for model_4
[2026-08-22 11:44:28.735 GPU_Scheduler_0] Admitted 1 requests for model_4
[2026-08-22 11:44:28.787 GPU_Scheduler_0] net_available: inf, queue_len: 0
[2026-08-22 11:44:28.800 GPU_Scheduler_0] Admitted 1 requests for model_4
[2026-08-22 11:44:28.826 GPU_Scheduler_0] Admitted 1 requests for model_4
[2026-08-22 11:44:28.840 GPU_Scheduler_0] Admitted 1 requests for model_4
[2026-08-22 11:44:29.018 GPU_Scheduler_0] Admitted 1 requests for model_1
[2026-08-22 11:44:29.030 GPU_Scheduler_0] Admitted 1 requests for model_4
[2026-08-22 11:44:29.075 GPU_Scheduler_0] Admitted 1 requests for model_5
[2026-08-22 11:44:29.289 GPU_Scheduler_0] Admitted 1 requests for model_5
[2026-08-22 11:44:29.363 GPU_Scheduler_1] net_available: inf, queue_len: 0
[2026-08-22 11:44:29.390 GPU_Scheduler_0] Admitted 1 requests for model_4
[2026-08-22 11:44:29.402 GPU_Scheduler_0] Admitted 1 requests for model_5
[2026-08-22 11:44:29.468 GPU_Scheduler_0] Admitted 2 requests for model_5
[2026-08-22 11:44:29.503 GPU_Scheduler_0] Admitted 2 requests for model_5
[2026-08-22 11:44:29.515 GPU_Scheduler_0] Admitted 1 requests for model_1
[2026-08-22 11:44:29.551 GPU_Scheduler_0] Admitted 1 requests for model_1
[2026-08-22 11:44:29.575 GPU_Scheduler_0] Admitted 1 requests for model_5
[2026-08-22 11:44:29.708 GPU_Scheduler_0] Admitted 1 requests for model_4
[2026-08-22 11:44:29.747 GPU_Scheduler_0] Admitted 1 requests for model_4
[2026-08-22 11:44:29.796 GPU_Scheduler_0] net_available: inf, queue_len: 0
[2026-08-22 11:44:29.862 GPU_Scheduler_0] Admitted 1 requests for model_5
[2026-08-22 11:44:29.902 GPU_Scheduler_0] Admitted 1 requests for model_5
[2026-08-22 11:44:30.021 GPU_Scheduler_0] Admitted 2 requests for model_4
[2026-08-22 11:44:30.035 GPU_Scheduler_0] Admitted 2 requests for model_5
[2026-08-22 11:44:30.133 GPU_Scheduler_0] Admitted 1 requests for model_5
[2026-08-22 11:44:30.233 GPU_Scheduler_0] Admitted 1 requests for model_5
[2026-08-22 11:44:30.370 GPU_Scheduler_1] net_available: inf, queue_len: 0
[2026-08-22 11:44:30.392 GPU_Scheduler_0] Admitted 1 requests for model_4
[2026-08-22 11:44:30.404 GPU_Scheduler_0] Admitted 1 requests for model_4
[2026-08-22 11:44:30.453 GPU_Scheduler_0] Admitted 1 requests for model_4
[2026-08-22 11:44:30.477 GPU_Scheduler_0] Admitted 1 requests for model_5
[2026-08-22 11:44:30.490 GPU_Scheduler_0] Admitted 1 requests for model_4
[2026-08-22 11:44:30.502 GPU_Scheduler_0] Admitted 1 requests for model_5
[2026-08-22 11:44:30.733 GPU_Scheduler_0] Admitted 1 requests for model_3
[2026-08-22 11:44:30.806 GPU_Scheduler_0] net_available: inf, queue_len: 0, model_backend_queue_lens: {'model_1': 0, 'model_3': 0, 'model_4': 0, 'model_5': 8}
[2026-08-22 11:44:30.807 GPU_Scheduler_0] Admitted 1 requests for model_5
[2026-08-22 11:44:30.929 GPU_Scheduler_0] Admitted 1 requests for model_1
[2026-08-22 11:44:30.929 GPU_Scheduler_0] Admitted 1 requests for model_5
[2026-08-22 11:44:31.032 GPU_Scheduler_0] Admitted 1 requests for model_1
[2026-08-22 11:44:31.046 GPU_Scheduler_0] Admitted 1 requests for model_1
[2026-08-22 11:44:31.060 GPU_Scheduler_0] Admitted 1 requests for model_5
[2026-08-22 11:44:31.113 GPU_Scheduler_0] Admitted 1 requests for model_5
[2026-08-22 11:44:31.179 GPU_Scheduler_0] Admitted 1 requests for model_5
[2026-08-22 11:44:31.193 GPU_Scheduler_0] Admitted 1 requests for model_4
[2026-08-22 11:44:31.360 GPU_Scheduler_0] Admitted 1 requests for model_4
[2026-08-22 11:44:31.378 GPU_Scheduler_1] net_available: inf, queue_len: 0
[2026-08-22 11:44:31.400 GPU_Scheduler_0] Admitted 1 requests for model_5
[2026-08-22 11:44:31.427 GPU_Scheduler_0] Admitted 1 requests for model_5
[2026-08-22 11:44:31.441 GPU_Scheduler_0] Admitted 1 requests for model_5
[2026-08-22 11:44:31.495 GPU_Scheduler_0] Admitted 1 requests for model_1
[2026-08-22 11:44:31.562 GPU_Scheduler_0] Admitted 1 requests for model_5
[2026-08-22 11:44:31.658 GPU_Scheduler_0] Admitted 1 requests for model_5
[2026-08-22 11:44:31.669 GPU_Scheduler_0] Admitted 1 requests for model_1
[2026-08-22 11:44:31.706 GPU_Scheduler_0] Admitted 1 requests for model_4
[2026-08-22 11:44:31.733 GPU_Scheduler_0] Admitted 1 requests for model_5
[2026-08-22 11:44:31.810 GPU_Scheduler_0] net_available: inf, queue_len: 0, model_backend_queue_lens: {'model_1': 0, 'model_3': 0, 'model_4': 0, 'model_5': 9}
[2026-08-22 11:44:31.810 GPU_Scheduler_0] Admitted 1 requests for model_5
[2026-08-22 11:44:31.957 GPU_Scheduler_0] Admitted 1 requests for model_4
[2026-08-22 11:44:32.029 GPU_Scheduler_0] Admitted 1 requests for model_5
[2026-08-22 11:44:32.162 GPU_Scheduler_0] Admitted 1 requests for model_1
[2026-08-22 11:44:32.309 GPU_Scheduler_0] Admitted 1 requests for model_1
[2026-08-22 11:44:32.372 GPU_Scheduler_0] Admitted 1 requests for model_1
[2026-08-22 11:44:32.372 GPU_Scheduler_0] Admitted 6 requests for model_5
[2026-08-22 11:44:32.380 GPU_Scheduler_1] net_available: inf, queue_len: 0
[2026-08-22 11:44:32.413 GPU_Scheduler_0] Admitted 1 requests for model_1
[2026-08-22 11:44:32.438 GPU_Scheduler_0] Admitted 1 requests for model_5
[2026-08-22 11:44:32.452 GPU_Scheduler_0] [V5-LOOP] {"iters": 405, "t_mem": 0.010556238703429699, "t_redis": 0.822037345264107, "t_admit": 0.00907410029321909, "t_send": 0.07216408126987517, "t_iter": 0.913831765530631, "admitted": 92, "iter_max": 0.04259149404242635, "gpu_id": 0, "window_s": 5.0064215660095215}
[2026-08-22 11:44:32.465 GPU_Scheduler_0] Admitted 1 requests for model_5
[2026-08-22 11:44:32.491 GPU_Scheduler_0] Admitted 1 requests for model_1
[2026-08-22 11:44:32.596 GPU_Scheduler_0] Admitted 1 requests for model_5
[2026-08-22 11:44:32.610 GPU_Scheduler_0] Admitted 1 requests for model_1
[2026-08-22 11:44:32.752 GPU_Scheduler_0] Admitted 1 requests for model_4
[2026-08-22 11:44:32.810 GPU_Scheduler_0] net_available: inf, queue_len: 0, model_backend_queue_lens: {'model_1': 2, 'model_3': 0, 'model_4': 1, 'model_5': 9}
[2026-08-22 11:44:32.810 GPU_Scheduler_0] Admitted 1 requests for model_4
[2026-08-22 11:44:32.918 GPU_Scheduler_0] Admitted 1 requests for model_1
[2026-08-22 11:44:32.944 GPU_Scheduler_0] Admitted 1 requests for model_5
[2026-08-22 11:44:32.969 GPU_Scheduler_0] Admitted 1 requests for model_5
[2026-08-22 11:44:33.094 GPU_Scheduler_0] Admitted 2 requests for model_1
[2026-08-22 11:44:33.111 GPU_Scheduler_1] [V5-LOOP] {"iters": 463, "t_mem": 0.0070719674695283175, "t_redis": 0.32458099350333214, "t_admit": 0.004335267236456275, "t_send": 0.0007360787130892277, "t_iter": 0.33672430692240596, "admitted": 0, "iter_max": 0.09744265908375382, "gpu_id": 1, "window_s": 5.007682800292969}
[2026-08-22 11:44:33.385 GPU_Scheduler_1] net_available: inf, queue_len: 0
[2026-08-22 11:44:33.556 GPU_Scheduler_0] Admitted 2 requests for model_5
[2026-08-22 11:44:33.786 GPU_Scheduler_0] Admitted 2 requests for model_5
[2026-08-22 11:44:33.801 GPU_Scheduler_0] Admitted 2 requests for model_1
[2026-08-22 11:44:33.801 GPU_Scheduler_0] Admitted 1 requests for model_4
[2026-08-22 11:44:33.801 GPU_Scheduler_0] Admitted 9 requests for model_5
[2026-08-22 11:44:33.821 GPU_Scheduler_0] net_available: inf, queue_len: 0, model_backend_queue_lens: {'model_1': 2, 'model_3': 0, 'model_4': 1, 'model_5': 13}
[2026-08-22 11:44:33.822 GPU_Scheduler_0] Admitted 1 requests for model_3
[2026-08-22 11:44:33.860 GPU_Scheduler_0] Admitted 2 requests for model_5
[2026-08-22 11:44:33.898 GPU_Scheduler_0] Admitted 1 requests for model_3
[2026-08-22 11:44:33.937 GPU_Scheduler_0] Admitted 1 requests for model_1
[2026-08-22 11:44:33.976 GPU_Scheduler_0] Admitted 1 requests for model_1
[2026-08-22 11:44:33.990 GPU_Scheduler_0] Admitted 1 requests for model_1
[2026-08-22 11:44:34.105 GPU_Scheduler_0] Admitted 1 requests for model_5
[2026-08-22 11:44:34.170 GPU_Scheduler_0] Admitted 1 requests for model_1
[2026-08-22 11:44:34.273 GPU_Scheduler_0] Admitted 1 requests for model_1
[2026-08-22 11:44:34.273 GPU_Scheduler_0] Admitted 1 requests for model_5
[2026-08-22 11:44:34.313 GPU_Scheduler_0] Admitted 1 requests for model_5
[2026-08-22 11:44:34.394 GPU_Scheduler_1] net_available: inf, queue_len: 0
[2026-08-22 11:44:34.431 GPU_Scheduler_0] Admitted 1 requests for model_5
[2026-08-22 11:44:34.686 GPU_Scheduler_0] Admitted 1 requests for model_5
[2026-08-22 11:44:34.769 GPU_Scheduler_0] Admitted 1 requests for model_1
[2026-08-22 11:44:34.781 GPU_Scheduler_0] Admitted 1 requests for model_3
[2026-08-22 11:44:34.804 GPU_Scheduler_0] Admitted 1 requests for model_4
[2026-08-22 11:44:34.827 GPU_Scheduler_0] net_available: inf, queue_len: 0
[2026-08-22 11:44:34.971 GPU_Scheduler_0] Admitted 1 requests for model_5
[2026-08-22 11:44:34.983 GPU_Scheduler_0] Admitted 1 requests for model_5
[2026-08-22 11:44:35.005 GPU_Scheduler_0] Admitted 1 requests for model_5
[2026-08-22 11:44:35.117 GPU_Scheduler_0] Admitted 1 requests for model_5
[2026-08-22 11:44:35.140 GPU_Scheduler_0] Admitted 2 requests for model_1
[2026-08-22 11:44:35.163 GPU_Scheduler_0] Admitted 1 requests for model_4
[2026-08-22 11:44:35.197 GPU_Scheduler_0] Admitted 1 requests for model_4
[2026-08-22 11:44:35.197 GPU_Scheduler_0] Admitted 1 requests for model_5
[2026-08-22 11:44:35.209 GPU_Scheduler_0] Admitted 1 requests for model_5
[2026-08-22 11:44:35.231 GPU_Scheduler_0] Admitted 1 requests for model_4
[2026-08-22 11:44:35.376 GPU_Scheduler_0] Admitted 1 requests for model_5
[2026-08-22 11:44:35.402 GPU_Scheduler_1] net_available: inf, queue_len: 0
[2026-08-22 11:44:35.420 GPU_Scheduler_0] Admitted 1 requests for model_1
[2026-08-22 11:44:35.555 GPU_Scheduler_0] Admitted 1 requests for model_5
[2026-08-22 11:44:35.600 GPU_Scheduler_0] Admitted 1 requests for model_4
[2026-08-22 11:44:35.700 GPU_Scheduler_0] Admitted 1 requests for model_5
[2026-08-22 11:44:35.778 GPU_Scheduler_0] Admitted 1 requests for model_4
[2026-08-22 11:44:35.822 GPU_Scheduler_0] Admitted 1 requests for model_1
[2026-08-22 11:44:35.834 GPU_Scheduler_0] net_available: inf, queue_len: 0
[2026-08-22 11:44:35.933 GPU_Scheduler_0] Admitted 1 requests for model_4
[2026-08-22 11:44:35.955 GPU_Scheduler_0] Admitted 2 requests for model_5
[2026-08-22 11:44:36.056 GPU_Scheduler_0] Admitted 1 requests for model_5
[2026-08-22 11:44:36.145 GPU_Scheduler_0] Admitted 1 requests for model_5
[2026-08-22 11:44:36.234 GPU_Scheduler_0] Admitted 1 requests for model_5
[2026-08-22 11:44:36.246 GPU_Scheduler_0] Admitted 1 requests for model_4
[2026-08-22 11:44:36.347 GPU_Scheduler_0] Admitted 1 requests for model_5
[2026-08-22 11:44:36.369 GPU_Scheduler_0] Admitted 1 requests for model_5
[2026-08-22 11:44:36.409 GPU_Scheduler_1] net_available: inf, queue_len: 0
[2026-08-22 11:44:36.436 GPU_Scheduler_0] Admitted 1 requests for model_4
[2026-08-22 11:44:36.459 GPU_Scheduler_0] Admitted 1 requests for model_5
[2026-08-22 11:44:36.470 GPU_Scheduler_0] Admitted 1 requests for model_4
[2026-08-22 11:44:36.502 GPU_Scheduler_0] Admitted 1 requests for model_5
[2026-08-22 11:44:36.514 GPU_Scheduler_0] Admitted 1 requests for model_1
[2026-08-22 11:44:36.557 GPU_Scheduler_0] Admitted 1 requests for model_4
[2026-08-22 11:44:36.568 GPU_Scheduler_0] Admitted 1 requests for model_4
[2026-08-22 11:44:36.579 GPU_Scheduler_0] Admitted 1 requests for model_5
[2026-08-22 11:44:36.612 GPU_Scheduler_0] Admitted 2 requests for model_5
[2026-08-22 11:44:36.688 GPU_Scheduler_0] Admitted 1 requests for model_1
[2026-08-22 11:44:36.699 GPU_Scheduler_0] Admitted 1 requests for model_4
[2026-08-22 11:44:36.699 GPU_Scheduler_0] Admitted 1 requests for model_5
[2026-08-22 11:44:36.796 GPU_Scheduler_0] Admitted 1 requests for model_5
[2026-08-22 11:44:36.839 GPU_Scheduler_0] net_available: inf, queue_len: 0
[2026-08-22 11:44:36.904 GPU_Scheduler_0] Admitted 1 requests for model_5
[2026-08-22 11:44:36.936 GPU_Scheduler_0] Admitted 1 requests for model_5
[2026-08-22 11:44:36.990 GPU_Scheduler_0] Admitted 1 requests for model_1
[2026-08-22 11:44:37.022 GPU_Scheduler_0] Admitted 1 requests for model_1
[2026-08-22 11:44:37.098 GPU_Scheduler_0] Admitted 1 requests for model_4
[2026-08-22 11:44:37.238 GPU_Scheduler_0] Admitted 1 requests for model_1
[2026-08-22 11:44:37.249 GPU_Scheduler_0] Admitted 1 requests for model_4
[2026-08-22 11:44:37.325 GPU_Scheduler_0] Admitted 1 requests for model_3
[2026-08-22 11:44:37.411 GPU_Scheduler_0] Admitted 1 requests for model_1
[2026-08-22 11:44:37.412 GPU_Scheduler_0] Admitted 1 requests for model_4
[2026-08-22 11:44:37.416 GPU_Scheduler_1] net_available: inf, queue_len: 0
[2026-08-22 11:44:37.455 GPU_Scheduler_0] Admitted 11 requests for model_5
[2026-08-22 11:44:37.457 GPU_Scheduler_0] [V5-LOOP] {"iters": 421, "t_mem": 0.009346919367089868, "t_redis": 0.6771715134382248, "t_admit": 0.007574459537863731, "t_send": 0.05996415577828884, "t_iter": 0.7540570481214672, "admitted": 106, "iter_max": 0.09415080701000988, "gpu_id": 0, "window_s": 5.004929780960083}
[2026-08-22 11:44:37.479 GPU_Scheduler_0] Admitted 1 requests for model_1
[2026-08-22 11:44:37.523 GPU_Scheduler_0] Admitted 1 requests for model_4
[2026-08-22 11:44:37.523 GPU_Scheduler_0] Admitted 1 requests for model_1
[2026-08-22 11:44:37.610 GPU_Scheduler_0] Admitted 1 requests for model_1
[2026-08-22 11:44:37.610 GPU_Scheduler_0] Admitted 1 requests for model_4
[2026-08-22 11:44:37.621 GPU_Scheduler_0] Admitted 1 requests for model_1
[2026-08-22 11:44:37.776 GPU_Scheduler_0] Admitted 1 requests for model_1
[2026-08-22 11:44:37.776 GPU_Scheduler_0] Admitted 1 requests for model_5
[2026-08-22 11:44:37.832 GPU_Scheduler_0] Admitted 1 requests for model_4
[2026-08-22 11:44:37.843 GPU_Scheduler_0] net_available: inf, queue_len: 0
[2026-08-22 11:44:37.965 GPU_Scheduler_0] Admitted 1 requests for model_3
[2026-08-22 11:44:37.987 GPU_Scheduler_0] Admitted 1 requests for model_5
[2026-08-22 11:44:38.118 GPU_Scheduler_1] [V5-LOOP] {"iters": 477, "t_mem": 0.006884265458211303, "t_redis": 0.18358218460343778, "t_admit": 0.00415447517298162, "t_send": 0.0007513752207159996, "t_iter": 0.1953723004553467, "admitted": 0, "iter_max": 0.0007973250467330217, "gpu_id": 1, "window_s": 5.006587743759155}
[2026-08-22 11:44:38.143 GPU_Scheduler_0] Admitted 1 requests for model_1
[2026-08-22 11:44:38.177 GPU_Scheduler_0] Admitted 1 requests for model_5
[2026-08-22 11:44:38.221 GPU_Scheduler_0] Admitted 1 requests for model_1
[2026-08-22 11:44:38.222 GPU_Scheduler_0] Admitted 1 requests for model_5
[2026-08-22 11:44:38.233 GPU_Scheduler_0] Admitted 1 requests for model_5
[2026-08-22 11:44:38.300 GPU_Scheduler_0] Admitted 1 requests for model_4
[2026-08-22 11:44:38.377 GPU_Scheduler_0] Admitted 1 requests for model_5
[2026-08-22 11:44:38.388 GPU_Scheduler_0] Admitted 1 requests for model_1
[2026-08-22 11:44:38.410 GPU_Scheduler_0] Admitted 1 requests for model_5
[2026-08-22 11:44:38.423 GPU_Scheduler_1] net_available: inf, queue_len: 0
[2026-08-22 11:44:38.427 GPU_Scheduler_1] Received activate request for model model_1
[2026-08-22 11:44:38.427 GPU_Scheduler_1] Received activate request for model_1, model_states: {'model_1': 'preparing', 'model_2': 'activated', 'model_3': 'deactivated', 'model_4': 'deactivated', 'model_5': 'deactivated', 'model_6': 'activated'}
[2026-08-22 11:44:38.427 GPU_Scheduler_1] Assign worker 3 to model_1. Current model_to_worker: {'model_2': 0, 'model_6': 2, 'model_1': 3}
[2026-08-22 11:44:38.432 GPU_Scheduler_0] Admitted 1 requests for model_1
[2026-08-22 11:44:38.669 GPU_Scheduler_0] Admitted 1 requests for model_1
[2026-08-22 11:44:38.776 GPU_Scheduler_0] Admitted 1 requests for model_5
[2026-08-22 11:44:38.798 GPU_Scheduler_0] Admitted 1 requests for model_4
[2026-08-22 11:44:38.831 GPU_Scheduler_0] Admitted 1 requests for model_4
[2026-08-22 11:44:38.831 GPU_Scheduler_0] Admitted 1 requests for model_5
[2026-08-22 11:44:38.853 GPU_Scheduler_0] net_available: inf, queue_len: 0
[2026-08-22 11:44:38.907 GPU_Scheduler_0] Admitted 1 requests for model_4
[2026-08-22 11:44:38.918 GPU_Scheduler_0] Admitted 1 requests for model_5
[2026-08-22 11:44:38.929 GPU_Scheduler_0] Admitted 1 requests for model_5
[2026-08-22 11:44:39.133 GPU_Scheduler_0] Admitted 1 requests for model_4
[2026-08-22 11:44:39.221 GPU_Scheduler_0] Admitted 1 requests for model_1
[2026-08-22 11:44:39.328 GPU_Scheduler_0] Admitted 1 requests for model_1
[2026-08-22 11:44:39.361 GPU_Scheduler_0] Admitted 1 requests for model_1
[2026-08-22 11:44:39.425 GPU_Scheduler_1] net_available: inf, queue_len: 0
[2026-08-22 11:44:39.587 GPU_Scheduler_0] Admitted 13 requests for model_5
[2026-08-22 11:44:39.665 GPU_Scheduler_0] Admitted 1 requests for model_1
[2026-08-22 11:44:39.665 GPU_Scheduler_0] Admitted 1 requests for model_4
[2026-08-22 11:44:39.860 GPU_Scheduler_0] net_available: inf, queue_len: 8, model_backend_queue_lens: {'model_1': 1, 'model_3': 0, 'model_4': 1, 'model_5': 13}
[2026-08-22 11:44:39.871 GPU_Scheduler_0] Admitted 1 requests for model_4
[2026-08-22 11:44:39.962 GPU_Scheduler_1] Model model_1 (instance 1) activation succeeded on GPU 1
[2026-08-22 11:44:39.965 GPU_Scheduler_0] Received deactivate request for model model_1
[2026-08-22 11:44:39.965 GPU_Scheduler_0] Received deactivate request for model_1, model_states: {'model_1': 'deactivating', 'model_2': 'deactivated', 'model_3': 'activated', 'model_4': 'activated', 'model_5': 'activated', 'model_6': 'deactivated'}
[2026-08-22 11:44:39.965 GPU_Scheduler_0] Release worker 0 from model model_1. Current model_to_worker: {'model_4': 1, 'model_5': 2, 'model_3': 3}
[2026-08-22 11:44:40.055 GPU_Scheduler_0] Admitted 1 requests for model_4
[2026-08-22 11:44:40.109 GPU_Scheduler_0] Admitted 1 requests for model_4
[2026-08-22 11:44:40.347 GPU_Scheduler_0] Admitted 1 requests for model_4
[2026-08-22 11:44:40.423 GPU_Scheduler_0] Admitted 17 requests for model_5
[2026-08-22 11:44:40.429 GPU_Scheduler_1] net_available: inf, queue_len: 0
[2026-08-22 11:44:40.868 GPU_Scheduler_0] net_available: inf, queue_len: 4, model_backend_queue_lens: {'model_1': 0, 'model_3': 0, 'model_4': 0, 'model_5': 17}
[2026-08-22 11:44:40.976 GPU_Scheduler_0] Admitted 1 requests for model_3
[2026-08-22 11:44:41.085 GPU_Scheduler_0] Admitted 1 requests for model_4
[2026-08-22 11:44:41.432 GPU_Scheduler_1] net_available: inf, queue_len: 0
[2026-08-22 11:44:41.453 GPU_Scheduler_0] Admitted 1 requests for model_4
[2026-08-22 11:44:41.659 GPU_Scheduler_0] Admitted 1 requests for model_4
[2026-08-22 11:44:41.874 GPU_Scheduler_0] net_available: inf, queue_len: 11, model_backend_queue_lens: {'model_1': 0, 'model_3': 0, 'model_4': 0, 'model_5': 17}
[2026-08-22 11:44:41.939 GPU_Scheduler_0] Admitted 1 requests for model_4
[2026-08-22 11:44:41.993 GPU_Scheduler_0] Admitted 13 requests for model_5
[2026-08-22 11:44:42.049 GPU_Scheduler_0] Admitted 1 requests for model_4
[2026-08-22 11:44:42.243 GPU_Scheduler_0] Admitted 1 requests for model_4
[2026-08-22 11:44:42.276 GPU_Scheduler_0] Admitted 1 requests for model_4
[2026-08-22 11:44:42.395 GPU_Scheduler_0] Admitted 1 requests for model_4
[2026-08-22 11:44:42.427 GPU_Scheduler_0] Admitted 1 requests for model_4
[2026-08-22 11:44:42.434 GPU_Scheduler_1] net_available: inf, queue_len: 0
[2026-08-22 11:44:42.460 GPU_Scheduler_0] [V5-LOOP] {"iters": 460, "t_mem": 0.006722294958308339, "t_redis": 0.3258273582905531, "t_admit": 0.006827564910054207, "t_send": 0.025613212026655674, "t_iter": 0.3649904301855713, "admitted": 92, "iter_max": 0.003866764949634671, "gpu_id": 0, "window_s": 5.002527952194214}
[2026-08-22 11:44:42.590 GPU_Scheduler_0] Admitted 1 requests for model_4
[2026-08-22 11:44:42.881 GPU_Scheduler_0] net_available: inf, queue_len: 10, model_backend_queue_lens: {'model_1': 0, 'model_3': 0, 'model_4': 0, 'model_5': 13}
[2026-08-22 11:44:43.123 GPU_Scheduler_1] [V5-LOOP] {"iters": 479, "t_mem": 0.006198221119120717, "t_redis": 0.16552183614112437, "t_admit": 0.003604958299547434, "t_send": 0.0007719250861555338, "t_iter": 0.17609694064594805, "admitted": 0, "iter_max": 0.0006028939969837666, "gpu_id": 1, "window_s": 5.0048463344573975}
[2026-08-22 11:44:43.182 GPU_Scheduler_0] Admitted 1 requests for model_4
[2026-08-22 11:44:43.322 GPU_Scheduler_0] Admitted 1 requests for model_4
[2026-08-22 11:44:43.333 GPU_Scheduler_0] Admitted 1 requests for model_4
[2026-08-22 11:44:43.430 GPU_Scheduler_0] Admitted 1 requests for model_4
[2026-08-22 11:44:43.437 GPU_Scheduler_1] net_available: inf, queue_len: 0
[2026-08-22 11:44:43.884 GPU_Scheduler_0] net_available: inf, queue_len: 14, model_backend_queue_lens: {'model_1': 0, 'model_3': 0, 'model_4': 0, 'model_5': 13}
[2026-08-22 11:44:43.916 GPU_Scheduler_0] Admitted 1 requests for model_4
[2026-08-22 11:44:43.981 GPU_Scheduler_0] Admitted 14 requests for model_5
[2026-08-22 11:44:44.037 GPU_Scheduler_0] Admitted 1 requests for model_4
[2026-08-22 11:44:44.317 GPU_Scheduler_0] Admitted 1 requests for model_4
[2026-08-22 11:44:44.414 GPU_Scheduler_0] Admitted 1 requests for model_4
[2026-08-22 11:44:44.439 GPU_Scheduler_1] net_available: inf, queue_len: 0
[2026-08-22 11:44:44.683 GPU_Scheduler_0] Admitted 2 requests for model_4
[2026-08-22 11:44:44.770 GPU_Scheduler_0] Admitted 1 requests for model_4
[2026-08-22 11:44:44.803 GPU_Scheduler_0] Admitted 1 requests for model_4
[2026-08-22 11:44:44.889 GPU_Scheduler_0] net_available: inf, queue_len: 12, model_backend_queue_lens: {'model_1': 0, 'model_3': 0, 'model_4': 2, 'model_5': 14}
[2026-08-22 11:44:45.309 GPU_Scheduler_0] Admitted 1 requests for model_4
[2026-08-22 11:44:45.444 GPU_Scheduler_1] net_available: inf, queue_len: 0
[2026-08-22 11:44:45.503 GPU_Scheduler_0] Admitted 1 requests for model_4
[2026-08-22 11:44:45.870 GPU_Scheduler_0] Admitted 25 requests for model_5
[2026-08-22 11:44:45.896 GPU_Scheduler_0] net_available: inf, queue_len: 0
[2026-08-22 11:44:45.907 GPU_Scheduler_0] Admitted 1 requests for model_4
[2026-08-22 11:44:46.047 GPU_Scheduler_0] Admitted 1 requests for model_4
[2026-08-22 11:44:46.447 GPU_Scheduler_1] net_available: inf, queue_len: 0
[2026-08-22 11:44:46.863 GPU_Scheduler_0] Admitted 1 requests for model_4
[2026-08-22 11:44:46.896 GPU_Scheduler_0] Admitted 1 requests for model_4
[2026-08-22 11:44:46.907 GPU_Scheduler_0] net_available: inf, queue_len: 14, model_backend_queue_lens: {'model_1': 0, 'model_3': 0, 'model_4': 2, 'model_5': 25}
[2026-08-22 11:44:46.917 GPU_Scheduler_0] Admitted 1 requests for model_4
[2026-08-22 11:44:46.927 GPU_Scheduler_1] Admitted 1 requests for model_2
[2026-08-22 11:44:47.101 GPU_Scheduler_0] Admitted 1 requests for model_4
[2026-08-22 11:44:47.252 GPU_Scheduler_0] Admitted 1 requests for model_4
[2026-08-22 11:44:47.450 GPU_Scheduler_1] net_available: inf, queue_len: 0
[2026-08-22 11:44:47.467 GPU_Scheduler_0] [V5-LOOP] {"iters": 464, "t_mem": 0.00613036728464067, "t_redis": 0.2992236635182053, "t_admit": 0.01004514773376286, "t_send": 0.014834580244496465, "t_iter": 0.3302337587811053, "admitted": 61, "iter_max": 0.005159222986549139, "gpu_id": 0, "window_s": 5.0066978931427}
[2026-08-22 11:44:47.596 GPU_Scheduler_0] Admitted 1 requests for model_4
[2026-08-22 11:44:47.908 GPU_Scheduler_0] net_available: inf, queue_len: 19, model_backend_queue_lens: {'model_1': 0, 'model_3': 0, 'model_4': 3, 'model_5': 25}
[2026-08-22 11:44:48.003 GPU_Scheduler_1] Admitted 1 requests for model_2
[2026-08-22 11:44:48.005 GPU_Scheduler_0] Admitted 1 requests for model_4
[2026-08-22 11:44:48.068 GPU_Scheduler_0] Model model_1 (instance 0) deactivation succeeded on GPU 0
[2026-08-22 11:44:48.074 GPU_Scheduler_1] Received activate request for model model_1
[2026-08-22 11:44:48.074 GPU_Scheduler_1] Received activate request for model_1, model_states: {'model_1': 'committing', 'model_2': 'activated', 'model_3': 'deactivated', 'model_4': 'deactivated', 'model_5': 'deactivated', 'model_6': 'activated'}
[2026-08-22 11:44:48.075 GPU_Scheduler_1] [PAPER-OVERLAP-V6] commit dispatched model=model_1 gpu=1 worker=3
[2026-08-22 11:44:48.102 GPU_Scheduler_0] Admitted 1 requests for model_4
[2026-08-22 11:44:48.130 GPU_Scheduler_1] [V5-LOOP] {"iters": 479, "t_mem": 0.0061868668999522924, "t_redis": 0.166463470319286, "t_admit": 0.0037436799611896276, "t_send": 0.0017616883851587772, "t_iter": 0.1781557055655867, "admitted": 2, "iter_max": 0.0008411649614572525, "gpu_id": 1, "window_s": 5.006320476531982}
[2026-08-22 11:44:48.145 GPU_Scheduler_0] Admitted 1 requests for model_4
[2026-08-22 11:44:48.378 GPU_Scheduler_0] Admitted 1 requests for model_4
[2026-08-22 11:44:48.455 GPU_Scheduler_1] net_available: inf, queue_len: 0
[2026-08-22 11:44:48.485 GPU_Scheduler_0] Admitted 25 requests for model_5
[2026-08-22 11:44:48.500 GPU_Scheduler_0] Admitted 1 requests for model_4
[2026-08-22 11:44:48.797 GPU_Scheduler_0] Admitted 1 requests for model_4
[2026-08-22 11:44:48.840 GPU_Scheduler_0] Admitted 1 requests for model_4
[2026-08-22 11:44:48.914 GPU_Scheduler_0] net_available: inf, queue_len: 8, model_backend_queue_lens: {'model_3': 0, 'model_4': 2, 'model_5': 25}
[2026-08-22 11:44:48.914 GPU_Scheduler_0] Admitted 1 requests for model_4
[2026-08-22 11:44:48.999 GPU_Scheduler_0] Admitted 1 requests for model_4
[2026-08-22 11:44:49.264 GPU_Scheduler_0] Admitted 1 requests for model_4
[2026-08-22 11:44:49.462 GPU_Scheduler_1] net_available: inf, queue_len: 0
[2026-08-22 11:44:49.466 GPU_Scheduler_0] Admitted 1 requests for model_4
[2026-08-22 11:44:49.668 GPU_Scheduler_0] Admitted 1 requests for model_4
[2026-08-22 11:44:49.838 GPU_Scheduler_0] Admitted 1 requests for model_4
[2026-08-22 11:44:49.923 GPU_Scheduler_0] net_available: inf, queue_len: 22, model_backend_queue_lens: {'model_3': 0, 'model_4': 0, 'model_5': 25}
[2026-08-22 11:44:50.156 GPU_Scheduler_0] Admitted 1 requests for model_4
[2026-08-22 11:44:50.210 GPU_Scheduler_0] Admitted 1 requests for model_4
[2026-08-22 11:44:50.231 GPU_Scheduler_0] Admitted 1 requests for model_4
[2026-08-22 11:44:50.274 GPU_Scheduler_0] Admitted 1 requests for model_4
[2026-08-22 11:44:50.348 GPU_Scheduler_0] Admitted 1 requests for model_4
[2026-08-22 11:44:50.380 GPU_Scheduler_0] Admitted 1 requests for model_4
[2026-08-22 11:44:50.433 GPU_Scheduler_0] Admitted 1 requests for model_4
[2026-08-22 11:44:50.465 GPU_Scheduler_1] net_available: inf, queue_len: 0
[2026-08-22 11:44:50.931 GPU_Scheduler_0] net_available: inf, queue_len: 37, model_backend_queue_lens: {'model_3': 0, 'model_4': 0, 'model_5': 25}
[2026-08-22 11:44:51.433 GPU_Scheduler_0] Admitted 1 requests for model_4
[2026-08-22 11:44:51.444 GPU_Scheduler_0] Admitted 1 requests for model_4
[2026-08-22 11:44:51.470 GPU_Scheduler_1] net_available: inf, queue_len: 0
[2026-08-22 11:44:51.933 GPU_Scheduler_0] net_available: inf, queue_len: 48, model_backend_queue_lens: {'model_3': 0, 'model_4': 0, 'model_5': 25}
[2026-08-22 11:44:51.997 GPU_Scheduler_0] Admitted 1 requests for model_4
[2026-08-22 11:44:52.018 GPU_Scheduler_0] Admitted 1 requests for model_4
[2026-08-22 11:44:52.125 GPU_Scheduler_0] Admitted 49 requests for model_5
[2026-08-22 11:44:52.282 GPU_Scheduler_0] Admitted 1 requests for model_4
[2026-08-22 11:44:52.473 GPU_Scheduler_0] [V5-LOOP] {"iters": 469, "t_mem": 0.006030749762430787, "t_redis": 0.2352704545482993, "t_admit": 0.015215180814266205, "t_send": 0.022162917302921414, "t_iter": 0.2786793024279177, "admitted": 100, "iter_max": 0.009142108960077167, "gpu_id": 0, "window_s": 5.005366563796997}
[2026-08-22 11:44:52.478 GPU_Scheduler_1] net_available: inf, queue_len: 0
[2026-08-22 11:44:52.536 GPU_Scheduler_0] Admitted 1 requests for model_4
[2026-08-22 11:44:52.611 GPU_Scheduler_0] Admitted 1 requests for model_4
[2026-08-22 11:44:52.715 GPU_Scheduler_1] Model model_1 (instance 1) activation succeeded on GPU 1
[2026-08-22 11:44:52.723 GPU_Scheduler_1] Admitted 76 requests for model_1
[2026-08-22 11:44:52.749 GPU_Scheduler_0] Admitted 2 requests for model_4
[2026-08-22 11:44:52.813 GPU_Scheduler_0] Admitted 1 requests for model_4
[2026-08-22 11:44:52.941 GPU_Scheduler_0] net_available: inf, queue_len: 14, model_backend_queue_lens: {'model_3': 0, 'model_4': 0, 'model_5': 49}
[2026-08-22 11:44:53.015 GPU_Scheduler_0] Admitted 1 requests for model_4
[2026-08-22 11:44:53.135 GPU_Scheduler_1] [V5-LOOP] {"iters": 453, "t_mem": 0.010357191553339362, "t_redis": 0.39430171297863126, "t_admit": 0.0068913474678993225, "t_send": 0.020592312794178724, "t_iter": 0.43214256479404867, "admitted": 76, "iter_max": 0.0202900399453938, "gpu_id": 1, "window_s": 5.004971504211426}
[2026-08-22 11:44:53.217 GPU_Scheduler_0] Admitted 1 requests for model_4
[2026-08-22 11:44:53.324 GPU_Scheduler_0] Admitted 1 requests for model_3
[2026-08-22 11:44:53.462 GPU_Scheduler_0] Admitted 1 requests for model_4
[2026-08-22 11:44:53.485 GPU_Scheduler_1] net_available: inf, queue_len: 3, model_backend_queue_lens: {'model_1': 76, 'model_2': 0, 'model_6': 0}
[2026-08-22 11:44:53.494 GPU_Scheduler_0] Admitted 1 requests for model_4
[2026-08-22 11:44:53.802 GPU_Scheduler_0] Admitted 1 requests for model_4
[2026-08-22 11:44:53.855 GPU_Scheduler_0] Admitted 1 requests for model_4
[2026-08-22 11:44:53.951 GPU_Scheduler_0] net_available: inf, queue_len: 30, model_backend_queue_lens: {'model_3': 0, 'model_4': 0, 'model_5': 24}
[2026-08-22 11:44:54.452 GPU_Scheduler_0] Admitted 1 requests for model_4
[2026-08-22 11:44:54.491 GPU_Scheduler_1] net_available: inf, queue_len: 6, model_backend_queue_lens: {'model_1': 22, 'model_2': 0, 'model_6': 0}
[2026-08-22 11:44:54.517 GPU_Scheduler_0] Admitted 1 requests for model_4
[2026-08-22 11:44:54.762 GPU_Scheduler_0] Admitted 1 requests for model_4
[2026-08-22 11:44:54.953 GPU_Scheduler_0] net_available: inf, queue_len: 41, model_backend_queue_lens: {'model_3': 0, 'model_4': 1, 'model_5': 24}
[2026-08-22 11:44:55.155 GPU_Scheduler_0] Admitted 1 requests for model_4
[2026-08-22 11:44:55.219 GPU_Scheduler_0] Admitted 42 requests for model_5
[2026-08-22 11:44:55.501 GPU_Scheduler_1] net_available: inf, queue_len: 9, model_backend_queue_lens: {'model_1': 22, 'model_2': 0, 'model_6': 0}
[2026-08-22 11:44:55.534 GPU_Scheduler_1] Admitted 9 requests for model_1
[2026-08-22 11:44:55.567 GPU_Scheduler_1] Admitted 1 requests for model_1
[2026-08-22 11:44:55.591 GPU_Scheduler_1] Admitted 1 requests for model_1
[2026-08-22 11:44:55.620 GPU_Scheduler_0] Admitted 1 requests for model_4
[2026-08-22 11:44:55.694 GPU_Scheduler_0] Admitted 1 requests for model_4
[2026-08-22 11:44:55.812 GPU_Scheduler_0] Admitted 1 requests for model_4
[2026-08-22 11:44:55.884 GPU_Scheduler_1] Admitted 1 requests for model_1
[2026-08-22 11:44:55.960 GPU_Scheduler_0] net_available: inf, queue_len: 8, model_backend_queue_lens: {'model_3': 0, 'model_4': 0, 'model_5': 42}
[2026-08-22 11:44:56.107 GPU_Scheduler_1] Admitted 1 requests for model_1
[2026-08-22 11:44:56.225 GPU_Scheduler_0] Admitted 1 requests for model_4
[2026-08-22 11:44:56.279 GPU_Scheduler_0] Admitted 1 requests for model_4
[2026-08-22 11:44:56.321 GPU_Scheduler_0] Admitted 1 requests for model_4
[2026-08-22 11:44:56.332 GPU_Scheduler_0] Admitted 1 requests for model_4
[2026-08-22 11:44:56.509 GPU_Scheduler_1] net_available: inf, queue_len: 0
[2026-08-22 11:44:56.640 GPU_Scheduler_0] Admitted 1 requests for model_4
[2026-08-22 11:44:56.842 GPU_Scheduler_0] Admitted 1 requests for model_3
[2026-08-22 11:44:56.966 GPU_Scheduler_1] Admitted 1 requests for model_1
[2026-08-22 11:44:56.970 GPU_Scheduler_0] net_available: inf, queue_len: 21, model_backend_queue_lens: {'model_3': 0, 'model_4': 0, 'model_5': 14}
[2026-08-22 11:44:56.992 GPU_Scheduler_0] Admitted 1 requests for model_4
[2026-08-22 11:44:57.051 GPU_Scheduler_1] Admitted 1 requests for model_1
[2026-08-22 11:44:57.073 GPU_Scheduler_1] Admitted 1 requests for model_1
[2026-08-22 11:44:57.126 GPU_Scheduler_1] Admitted 1 requests for model_1
[2026-08-22 11:44:57.148 GPU_Scheduler_1] Admitted 1 requests for model_1
[2026-08-22 11:44:57.300 GPU_Scheduler_0] Admitted 1 requests for model_4
[2026-08-22 11:44:57.417 GPU_Scheduler_0] Admitted 1 requests for model_4
[2026-08-22 11:44:57.438 GPU_Scheduler_0] Admitted 1 requests for model_4
[2026-08-22 11:44:57.481 GPU_Scheduler_0] [V5-LOOP] {"iters": 470, "t_mem": 0.0062914162408560514, "t_redis": 0.23246296891011298, "t_admit": 0.013833182398229837, "t_send": 0.017562563996762037, "t_iter": 0.2701501315459609, "admitted": 71, "iter_max": 0.008143043145537376, "gpu_id": 0, "window_s": 5.008432626724243}
[2026-08-22 11:44:57.499 GPU_Scheduler_1] Admitted 1 requests for model_1
[2026-08-22 11:44:57.510 GPU_Scheduler_1] net_available: inf, queue_len: 0
[2026-08-22 11:44:57.661 GPU_Scheduler_0] Admitted 1 requests for model_4
[2026-08-22 11:44:57.800 GPU_Scheduler_0] Admitted 1 requests for model_4
[2026-08-22 11:44:57.980 GPU_Scheduler_0] net_available: inf, queue_len: 34, model_backend_queue_lens: {'model_3': 0, 'model_4': 0, 'model_5': 14}
[2026-08-22 11:44:58.033 GPU_Scheduler_0] Admitted 1 requests for model_4
[2026-08-22 11:44:58.066 GPU_Scheduler_0] Admitted 1 requests for model_4
[2026-08-22 11:44:58.077 GPU_Scheduler_0] Admitted 1 requests for model_4
[2026-08-22 11:44:58.087 GPU_Scheduler_1] Admitted 1 requests for model_1
[2026-08-22 11:44:58.141 GPU_Scheduler_1] [V5-LOOP] {"iters": 463, "t_mem": 0.0071367446798831224, "t_redis": 0.31366928666830063, "t_admit": 0.007481795735657215, "t_send": 0.008056018501520157, "t_iter": 0.3363438455853611, "admitted": 20, "iter_max": 0.0027196870651096106, "gpu_id": 1, "window_s": 5.005184650421143}
[2026-08-22 11:44:58.151 GPU_Scheduler_0] Admitted 38 requests for model_5
[2026-08-22 11:44:58.212 GPU_Scheduler_0] Admitted 1 requests for model_4
[2026-08-22 11:44:58.352 GPU_Scheduler_1] Admitted 1 requests for model_1
[2026-08-22 11:44:58.374 GPU_Scheduler_1] Admitted 1 requests for model_1
[2026-08-22 11:44:58.406 GPU_Scheduler_1] Admitted 1 requests for model_1
[2026-08-22 11:44:58.413 GPU_Scheduler_0] Admitted 1 requests for model_4
[2026-08-22 11:44:58.513 GPU_Scheduler_1] net_available: inf, queue_len: 0
[2026-08-22 11:44:58.534 GPU_Scheduler_1] Admitted 1 requests for model_1
[2026-08-22 11:44:58.593 GPU_Scheduler_0] Admitted 1 requests for model_4
[2026-08-22 11:44:58.635 GPU_Scheduler_0] Admitted 1 requests for model_3
[2026-08-22 11:44:58.646 GPU_Scheduler_0] Admitted 1 requests for model_4
[2026-08-22 11:44:58.784 GPU_Scheduler_1] Admitted 1 requests for model_1
[2026-08-22 11:44:58.816 GPU_Scheduler_0] Admitted 1 requests for model_4
[2026-08-22 11:44:58.826 GPU_Scheduler_1] Admitted 1 requests for model_1
[2026-08-22 11:44:58.827 GPU_Scheduler_0] Admitted 1 requests for model_3
[2026-08-22 11:44:58.858 GPU_Scheduler_1] Admitted 1 requests for model_1
[2026-08-22 11:44:58.975 GPU_Scheduler_0] Admitted 1 requests for model_4
[2026-08-22 11:44:58.986 GPU_Scheduler_0] net_available: inf, queue_len: 5, model_backend_queue_lens: {'model_3': 0, 'model_4': 1, 'model_5': 38}
[2026-08-22 11:44:59.008 GPU_Scheduler_1] Admitted 2 requests for model_1
[2026-08-22 11:44:59.165 GPU_Scheduler_1] Admitted 1 requests for model_1
[2026-08-22 11:44:59.378 GPU_Scheduler_0] Admitted 1 requests for model_4
[2026-08-22 11:44:59.437 GPU_Scheduler_1] Admitted 1 requests for model_1
[2026-08-22 11:44:59.521 GPU_Scheduler_1] net_available: inf, queue_len: 0
[2026-08-22 11:44:59.567 GPU_Scheduler_1] Admitted 1 requests for model_1
[2026-08-22 11:44:59.644 GPU_Scheduler_0] Admitted 16 requests for model_5
[2026-08-22 11:44:59.781 GPU_Scheduler_1] Admitted 1 requests for model_1
[2026-08-22 11:44:59.898 GPU_Scheduler_1] Admitted 1 requests for model_1
[2026-08-22 11:44:59.923 GPU_Scheduler_0] Admitted 1 requests for model_4
[2026-08-22 11:44:59.986 GPU_Scheduler_0] net_available: inf, queue_len: 3, model_backend_queue_lens: {'model_3': 0, 'model_4': 0, 'model_5': 26}
[2026-08-22 11:44:59.994 GPU_Scheduler_1] Admitted 1 requests for model_1
[2026-08-22 11:45:00.175 GPU_Scheduler_1] Admitted 1 requests for model_1
[2026-08-22 11:45:00.199 GPU_Scheduler_0] Admitted 1 requests for model_4
[2026-08-22 11:45:00.464 GPU_Scheduler_0] Admitted 1 requests for model_4
[2026-08-22 11:45:00.530 GPU_Scheduler_1] net_available: inf, queue_len: 0
[2026-08-22 11:45:00.612 GPU_Scheduler_0] Admitted 1 requests for model_4
[2026-08-22 11:45:00.687 GPU_Scheduler_0] Admitted 1 requests for model_4
[2026-08-22 11:45:00.814 GPU_Scheduler_0] Admitted 1 requests for model_4
[2026-08-22 11:45:00.939 GPU_Scheduler_1] Admitted 1 requests for model_1
[2026-08-22 11:45:00.950 GPU_Scheduler_1] Admitted 1 requests for model_1
[2026-08-22 11:45:00.995 GPU_Scheduler_0] net_available: inf, queue_len: 21, model_backend_queue_lens: {'model_3': 0, 'model_4': 1, 'model_5': 26}
[2026-08-22 11:45:01.056 GPU_Scheduler_1] Admitted 1 requests for model_1
[2026-08-22 11:45:01.247 GPU_Scheduler_1] Admitted 1 requests for model_1
[2026-08-22 11:45:01.279 GPU_Scheduler_1] Admitted 1 requests for model_1
[2026-08-22 11:45:01.282 GPU_Scheduler_0] Admitted 1 requests for model_4
[2026-08-22 11:45:01.534 GPU_Scheduler_1] net_available: inf, queue_len: 0
[2026-08-22 11:45:01.618 GPU_Scheduler_1] Admitted 1 requests for model_1
[2026-08-22 11:45:01.790 GPU_Scheduler_1] Admitted 1 requests for model_1
[2026-08-22 11:45:01.801 GPU_Scheduler_1] Admitted 1 requests for model_1
[2026-08-22 11:45:02.004 GPU_Scheduler_0] net_available: inf, queue_len: 32, model_backend_queue_lens: {'model_3': 0, 'model_4': 0, 'model_5': 12}
[2026-08-22 11:45:02.166 GPU_Scheduler_1] Admitted 1 requests for model_1
[2026-08-22 11:45:02.261 GPU_Scheduler_1] Admitted 1 requests for model_1
[2026-08-22 11:45:02.421 GPU_Scheduler_1] Admitted 1 requests for model_1
[2026-08-22 11:45:02.482 GPU_Scheduler_0] [V5-LOOP] {"iters": 470, "t_mem": 0.006013471400365233, "t_redis": 0.2282934789545834, "t_admit": 0.012334869941696525, "t_send": 0.017349234549328685, "t_iter": 0.26399105484597385, "admitted": 75, "iter_max": 0.007782800123095512, "gpu_id": 0, "window_s": 5.001109838485718}
[2026-08-22 11:45:02.493 GPU_Scheduler_0] Admitted 2 requests for model_4
[2026-08-22 11:45:02.538 GPU_Scheduler_1] net_available: inf, queue_len: 0
[2026-08-22 11:45:02.579 GPU_Scheduler_0] Admitted 1 requests for model_4
[2026-08-22 11:45:02.611 GPU_Scheduler_0] Admitted 1 requests for model_4
[2026-08-22 11:45:02.682 GPU_Scheduler_1] Admitted 1 requests for model_1
[2026-08-22 11:45:02.824 GPU_Scheduler_0] Admitted 40 requests for model_5
[2026-08-22 11:45:02.905 GPU_Scheduler_1] Admitted 1 requests for model_1
[2026-08-22 11:45:03.012 GPU_Scheduler_0] net_available: inf, queue_len: 5, model_backend_queue_lens: {'model_3': 0, 'model_4': 0, 'model_5': 40}
[2026-08-22 11:45:03.149 GPU_Scheduler_1] [V5-LOOP] {"iters": 460, "t_mem": 0.007796096848323941, "t_redis": 0.34402852482162416, "t_admit": 0.0050432984717190266, "t_send": 0.012531929649412632, "t_iter": 0.36939984979107976, "admitted": 29, "iter_max": 0.00309335021302104, "gpu_id": 1, "window_s": 5.007418155670166}
[2026-08-22 11:45:03.234 GPU_Scheduler_0] Admitted 1 requests for model_4
[2026-08-22 11:45:03.436 GPU_Scheduler_1] Admitted 1 requests for model_1
[2026-08-22 11:45:03.471 GPU_Scheduler_0] Admitted 1 requests for model_4
[2026-08-22 11:45:03.514 GPU_Scheduler_0] Admitted 1 requests for model_3
[2026-08-22 11:45:03.543 GPU_Scheduler_1] net_available: inf, queue_len: 0
[2026-08-22 11:45:03.861 GPU_Scheduler_1] Admitted 1 requests for model_1
[2026-08-22 11:45:04.013 GPU_Scheduler_0] net_available: inf, queue_len: 17, model_backend_queue_lens: {'model_3': 0, 'model_4': 0, 'model_5': 13}
[2026-08-22 11:45:04.031 GPU_Scheduler_1] Admitted 1 requests for model_1
[2026-08-22 11:45:04.106 GPU_Scheduler_1] Admitted 1 requests for model_1
[2026-08-22 11:45:04.138 GPU_Scheduler_1] Admitted 2 requests for model_1
[2026-08-22 11:45:04.181 GPU_Scheduler_1] Admitted 1 requests for model_1
[2026-08-22 11:45:04.266 GPU_Scheduler_1] Admitted 1 requests for model_1
[2026-08-22 11:45:04.365 GPU_Scheduler_0] Admitted 1 requests for model_4
[2026-08-22 11:45:04.467 GPU_Scheduler_1] Admitted 1 requests for model_1
[2026-08-22 11:45:04.552 GPU_Scheduler_1] net_available: inf, queue_len: 0
[2026-08-22 11:45:04.573 GPU_Scheduler_1] Admitted 1 requests for model_1
[2026-08-22 11:45:04.608 GPU_Scheduler_0] Admitted 1 requests for model_4
[2026-08-22 11:45:04.742 GPU_Scheduler_1] Admitted 1 requests for model_1
[2026-08-22 11:45:04.746 GPU_Scheduler_0] Admitted 1 requests for model_4
[2026-08-22 11:45:04.767 GPU_Scheduler_0] Admitted 1 requests for model_4
[2026-08-22 11:45:04.842 GPU_Scheduler_0] Admitted 1 requests for model_4
[2026-08-22 11:45:05.022 GPU_Scheduler_0] net_available: inf, queue_len: 25, model_backend_queue_lens: {'model_3': 0, 'model_4': 0, 'model_5': 13}
[2026-08-22 11:45:05.103 GPU_Scheduler_1] Admitted 1 requests for model_1
[2026-08-22 11:45:05.234 GPU_Scheduler_0] Admitted 1 requests for model_4
[2026-08-22 11:45:05.242 GPU_Scheduler_1] Admitted 1 requests for model_1
[2026-08-22 11:45:05.245 GPU_Scheduler_0] Admitted 28 requests for model_5
[2026-08-22 11:45:05.295 GPU_Scheduler_1] Admitted 1 requests for model_1
[2026-08-22 11:45:05.399 GPU_Scheduler_0] Admitted 1 requests for model_4
[2026-08-22 11:45:05.529 GPU_Scheduler_1] Admitted 1 requests for model_1
[2026-08-22 11:45:05.558 GPU_Scheduler_0] Admitted 1 requests for model_3
[2026-08-22 11:45:05.561 GPU_Scheduler_1] net_available: inf, queue_len: 0
[2026-08-22 11:45:05.591 GPU_Scheduler_0] Admitted 1 requests for model_4
[2026-08-22 11:45:05.602 GPU_Scheduler_0] Admitted 1 requests for model_4
[2026-08-22 11:45:05.687 GPU_Scheduler_0] Admitted 1 requests for model_4
[2026-08-22 11:45:05.817 GPU_Scheduler_1] Admitted 1 requests for model_1
[2026-08-22 11:45:05.966 GPU_Scheduler_1] Admitted 1 requests for model_1
[2026-08-22 11:45:06.026 GPU_Scheduler_0] net_available: inf, queue_len: 7, model_backend_queue_lens: {'model_3': 0, 'model_4': 4, 'model_5': 28}
[2026-08-22 11:45:06.083 GPU_Scheduler_1] Admitted 1 requests for model_1
[2026-08-22 11:45:06.136 GPU_Scheduler_1] Admitted 1 requests for model_1
[2026-08-22 11:45:06.338 GPU_Scheduler_1] Admitted 1 requests for model_1
[2026-08-22 11:45:06.365 GPU_Scheduler_0] Admitted 1 requests for model_4
[2026-08-22 11:45:06.412 GPU_Scheduler_1] Admitted 1 requests for model_1
[2026-08-22 11:45:06.440 GPU_Scheduler_0] Admitted 1 requests for model_4
[2026-08-22 11:45:06.571 GPU_Scheduler_1] net_available: inf, queue_len: 0, model_backend_queue_lens: {'model_1': 0, 'model_2': 0, 'model_6': 0}
[2026-08-22 11:45:06.571 GPU_Scheduler_1] Admitted 1 requests for model_1
[2026-08-22 11:45:06.589 GPU_Scheduler_0] Admitted 11 requests for model_5
[2026-08-22 11:45:06.633 GPU_Scheduler_0] Admitted 1 requests for model_4
[2026-08-22 11:45:06.635 GPU_Scheduler_1] Admitted 1 requests for model_1
[2026-08-22 11:45:06.835 GPU_Scheduler_0] Admitted 1 requests for model_4
[2026-08-22 11:45:07.036 GPU_Scheduler_0] net_available: inf, queue_len: 8, model_backend_queue_lens: {'model_3': 0, 'model_4': 0, 'model_5': 11}
[2026-08-22 11:45:07.296 GPU_Scheduler_1] Admitted 1 requests for model_1
[2026-08-22 11:45:07.301 GPU_Scheduler_0] Admitted 1 requests for model_4
[2026-08-22 11:45:07.307 GPU_Scheduler_1] Admitted 2 requests for model_1
[2026-08-22 11:45:07.408 GPU_Scheduler_0] Admitted 1 requests for model_4
[2026-08-22 11:45:07.419 GPU_Scheduler_0] Admitted 1 requests for model_4
[2026-08-22 11:45:07.493 GPU_Scheduler_0] [V5-LOOP] {"iters": 470, "t_mem": 0.006149941589683294, "t_redis": 0.23200894752517343, "t_admit": 0.010091494768857956, "t_send": 0.023280165856704116, "t_iter": 0.2715305497404188, "admitted": 104, "iter_max": 0.007556328782811761, "gpu_id": 0, "window_s": 5.010476112365723}
[2026-08-22 11:45:07.572 GPU_Scheduler_1] net_available: inf, queue_len: 0
[2026-08-22 11:45:07.578 GPU_Scheduler_0] Admitted 1 requests for model_4
[2026-08-22 11:45:07.663 GPU_Scheduler_0] Admitted 1 requests for model_4
[2026-08-22 11:45:07.770 GPU_Scheduler_1] Admitted 1 requests for model_1
[2026-08-22 11:45:07.908 GPU_Scheduler_0] Admitted 25 requests for model_5
[2026-08-22 11:45:08.040 GPU_Scheduler_0] net_available: inf, queue_len: 0
[2026-08-22 11:45:08.153 GPU_Scheduler_1] [V5-LOOP] {"iters": 468, "t_mem": 0.006635728292167187, "t_redis": 0.2638580249622464, "t_admit": 0.003998151049017906, "t_send": 0.011066080303862691, "t_iter": 0.2855579846072942, "admitted": 27, "iter_max": 0.0024117559660226107, "gpu_id": 1, "window_s": 5.003636121749878}
[2026-08-22 11:45:08.158 GPU_Scheduler_0] Admitted 1 requests for model_4
[2026-08-22 11:45:08.227 GPU_Scheduler_1] Admitted 1 requests for model_1
[2026-08-22 11:45:08.243 GPU_Scheduler_0] Admitted 1 requests for model_4
[2026-08-22 11:45:08.317 GPU_Scheduler_0] Admitted 1 requests for model_4
[2026-08-22 11:45:08.413 GPU_Scheduler_0] Admitted 1 requests for model_4
[2026-08-22 11:45:08.578 GPU_Scheduler_1] net_available: inf, queue_len: 0
[2026-08-22 11:45:08.979 GPU_Scheduler_1] Admitted 3 requests for model_1
[2026-08-22 11:45:08.993 GPU_Scheduler_1] Admitted 3 requests for model_1
[2026-08-22 11:45:09.020 GPU_Scheduler_1] Admitted 1 requests for model_1
[2026-08-22 11:45:09.050 GPU_Scheduler_0] net_available: inf, queue_len: 8, model_backend_queue_lens: {'model_3': 0, 'model_4': 0, 'model_5': 29}
[2026-08-22 11:45:09.071 GPU_Scheduler_0] Admitted 1 requests for model_4
[2026-08-22 11:45:09.106 GPU_Scheduler_1] Admitted 1 requests for model_1
[2026-08-22 11:45:09.267 GPU_Scheduler_1] Admitted 1 requests for model_1
[2026-08-22 11:45:09.291 GPU_Scheduler_1] Admitted 1 requests for model_2
[2026-08-22 11:45:09.463 GPU_Scheduler_0] Admitted 1 requests for model_4
[2026-08-22 11:45:09.584 GPU_Scheduler_1] net_available: inf, queue_len: 0
[2026-08-22 11:45:09.845 GPU_Scheduler_0] Admitted 1 requests for model_4
[2026-08-22 11:45:09.899 GPU_Scheduler_0] Admitted 1 requests for model_4
[2026-08-22 11:45:09.997 GPU_Scheduler_1] Admitted 1 requests for model_1
[2026-08-22 11:45:10.029 GPU_Scheduler_1] Admitted 1 requests for model_1
[2026-08-22 11:45:10.058 GPU_Scheduler_0] net_available: inf, queue_len: 21, model_backend_queue_lens: {'model_3': 0, 'model_4': 2, 'model_5': 29}
[2026-08-22 11:45:10.125 GPU_Scheduler_1] Admitted 1 requests for model_1
[2026-08-22 11:45:10.229 GPU_Scheduler_0] Admitted 1 requests for model_4
[2026-08-22 11:45:10.293 GPU_Scheduler_0] Admitted 1 requests for model_4
[2026-08-22 11:45:10.295 GPU_Scheduler_1] Admitted 1 requests for model_1
[2026-08-22 11:45:10.593 GPU_Scheduler_1] net_available: inf, queue_len: 0
[2026-08-22 11:45:10.866 GPU_Scheduler_0] Admitted 1 requests for model_4
[2026-08-22 11:45:10.967 GPU_Scheduler_1] Admitted 1 requests for model_1
[2026-08-22 11:45:11.026 GPU_Scheduler_0] Admitted 1 requests for model_4
[2026-08-22 11:45:11.041 GPU_Scheduler_1] Admitted 1 requests for model_1
[2026-08-22 11:45:11.068 GPU_Scheduler_0] net_available: inf, queue_len: 33, model_backend_queue_lens: {'model_3': 0, 'model_4': 1, 'model_5': 28}
[2026-08-22 11:45:11.079 GPU_Scheduler_0] Admitted 1 requests for model_4
[2026-08-22 11:45:11.419 GPU_Scheduler_0] Admitted 1 requests for model_4
[2026-08-22 11:45:11.529 GPU_Scheduler_1] Admitted 1 requests for model_1
[2026-08-22 11:45:11.536 GPU_Scheduler_0] Admitted 1 requests for model_4
[2026-08-22 11:45:11.603 GPU_Scheduler_1] net_available: inf, queue_len: 0
[2026-08-22 11:45:12.071 GPU_Scheduler_0] net_available: inf, queue_len: 42, model_backend_queue_lens: {'model_3': 0, 'model_4': 0, 'model_5': 28}
[2026-08-22 11:45:12.180 GPU_Scheduler_1] Admitted 1 requests for model_1
[2026-08-22 11:45:12.347 GPU_Scheduler_0] Admitted 1 requests for model_4
[2026-08-22 11:45:12.354 GPU_Scheduler_1] Admitted 1 requests for model_1
[2026-08-22 11:45:12.496 GPU_Scheduler_0] [V5-LOOP] {"iters": 470, "t_mem": 0.005917396862059832, "t_redis": 0.2341475011780858, "t_admit": 0.013710209634155035, "t_send": 0.012333899736404419, "t_iter": 0.2661090074107051, "admitted": 43, "iter_max": 0.005319924093782902, "gpu_id": 0, "window_s": 5.002740144729614}
[2026-08-22 11:45:12.571 GPU_Scheduler_0] Admitted 1 requests for model_4
[2026-08-22 11:45:12.610 GPU_Scheduler_1] net_available: inf, queue_len: 0
[2026-08-22 11:45:12.815 GPU_Scheduler_0] Admitted 1 requests for model_4
[2026-08-22 11:45:12.837 GPU_Scheduler_0] Admitted 1 requests for model_3
[2026-08-22 11:45:12.954 GPU_Scheduler_0] Admitted 1 requests for model_4
[2026-08-22 11:45:13.036 GPU_Scheduler_1] Received activate request for model model_4
[2026-08-22 11:45:13.036 GPU_Scheduler_1] Received activate request for model_4, model_states: {'model_1': 'activated', 'model_2': 'activated', 'model_3': 'deactivated', 'model_4': 'preparing', 'model_5': 'deactivated', 'model_6': 'activated'}
[2026-08-22 11:45:13.036 GPU_Scheduler_1] Assign worker 1 to model_4. Current model_to_worker: {'model_2': 0, 'model_6': 2, 'model_1': 3, 'model_4': 1}
[2026-08-22 11:45:13.071 GPU_Scheduler_0] net_available: inf, queue_len: 45, model_backend_queue_lens: {'model_3': 0, 'model_4': 0, 'model_5': 27}
[2026-08-22 11:45:13.154 GPU_Scheduler_1] [V5-LOOP] {"iters": 460, "t_mem": 0.007402706891298294, "t_redis": 0.33679460221901536, "t_admit": 0.005290804896503687, "t_send": 0.012632077094167471, "t_iter": 0.3621201911009848, "admitted": 20, "iter_max": 0.004305058158934116, "gpu_id": 1, "window_s": 5.001447916030884}
[2026-08-22 11:45:13.176 GPU_Scheduler_1] Admitted 1 requests for model_1
[2026-08-22 11:45:13.294 GPU_Scheduler_1] Admitted 1 requests for model_1
[2026-08-22 11:45:13.487 GPU_Scheduler_0] Admitted 1 requests for model_4
[2026-08-22 11:45:13.530 GPU_Scheduler_0] Admitted 1 requests for model_4
[2026-08-22 11:45:13.541 GPU_Scheduler_0] Admitted 1 requests for model_4
[2026-08-22 11:45:13.611 GPU_Scheduler_1] net_available: inf, queue_len: 0
[2026-08-22 11:45:13.648 GPU_Scheduler_0] Admitted 1 requests for model_4
[2026-08-22 11:45:13.657 GPU_Scheduler_1] Admitted 1 requests for model_1
[2026-08-22 11:45:13.660 GPU_Scheduler_0] Admitted 1 requests for model_4
[2026-08-22 11:45:13.795 GPU_Scheduler_1] Admitted 1 requests for model_1
[2026-08-22 11:45:13.969 GPU_Scheduler_0] Admitted 1 requests for model_4
[2026-08-22 11:45:13.970 GPU_Scheduler_1] Admitted 1 requests for model_1
[2026-08-22 11:45:14.075 GPU_Scheduler_0] net_available: inf, queue_len: 56, model_backend_queue_lens: {'model_3': 0, 'model_4': 1, 'model_5': 27}
[2026-08-22 11:45:14.105 GPU_Scheduler_1] Admitted 1 requests for model_1
[2026-08-22 11:45:14.138 GPU_Scheduler_1] Admitted 1 requests for model_1
[2026-08-22 11:45:14.203 GPU_Scheduler_0] Admitted 1 requests for model_4
[2026-08-22 11:45:14.204 GPU_Scheduler_1] Admitted 1 requests for model_1
[2026-08-22 11:45:14.342 GPU_Scheduler_1] Admitted 1 requests for model_1
[2026-08-22 11:45:14.396 GPU_Scheduler_1] Admitted 1 requests for model_1
[2026-08-22 11:45:14.566 GPU_Scheduler_0] Admitted 1 requests for model_4
[2026-08-22 11:45:14.568 GPU_Scheduler_1] Admitted 1 requests for model_1
[2026-08-22 11:45:14.615 GPU_Scheduler_1] net_available: inf, queue_len: 0
[2026-08-22 11:45:14.662 GPU_Scheduler_1] Admitted 1 requests for model_1
[2026-08-22 11:45:14.769 GPU_Scheduler_0] Admitted 1 requests for model_4
[2026-08-22 11:45:14.772 GPU_Scheduler_1] Admitted 1 requests for model_1
[2026-08-22 11:45:14.782 GPU_Scheduler_1] Admitted 1 requests for model_1
[2026-08-22 11:45:14.831 GPU_Scheduler_1] Model model_4 (instance 1) activation succeeded on GPU 1
[2026-08-22 11:45:14.838 GPU_Scheduler_1] Received deactivate request for model model_6
[2026-08-22 11:45:14.838 GPU_Scheduler_1] Received deactivate request for model_6, model_states: {'model_1': 'activated', 'model_2': 'activated', 'model_3': 'deactivated', 'model_4': 'prepared', 'model_5': 'deactivated', 'model_6': 'deactivating'}
[2026-08-22 11:45:14.838 GPU_Scheduler_1] Release worker 2 from model model_6. Current model_to_worker: {'model_2': 0, 'model_1': 3, 'model_4': 1}
[2026-08-22 11:45:14.838 GPU_Scheduler_0] Received deactivate request for model model_4
[2026-08-22 11:45:14.838 GPU_Scheduler_0] Received deactivate request for model_4, model_states: {'model_1': 'deactivated', 'model_2': 'deactivated', 'model_3': 'activated', 'model_4': 'deactivating', 'model_5': 'activated', 'model_6': 'deactivated'}
[2026-08-22 11:45:14.838 GPU_Scheduler_0] Release worker 1 from model model_4. Current model_to_worker: {'model_5': 2, 'model_3': 3}
[2026-08-22 11:45:14.857 GPU_Scheduler_1] Admitted 1 requests for model_1
[2026-08-22 11:45:14.953 GPU_Scheduler_1] Admitted 1 requests for model_1
[2026-08-22 11:45:15.078 GPU_Scheduler_0] net_available: inf, queue_len: 66, model_backend_queue_lens: {'model_3': 0, 'model_4': 0, 'model_5': 27}
[2026-08-22 11:45:15.144 GPU_Scheduler_1] Admitted 1 requests for model_1
[2026-08-22 11:45:15.176 GPU_Scheduler_1] Admitted 1 requests for model_1
[2026-08-22 11:45:15.293 GPU_Scheduler_1] Admitted 1 requests for model_1
[2026-08-22 11:45:15.421 GPU_Scheduler_1] Admitted 1 requests for model_1
[2026-08-22 11:45:15.623 GPU_Scheduler_1] net_available: inf, queue_len: 0
[2026-08-22 11:45:15.824 GPU_Scheduler_1] Admitted 1 requests for model_2
[2026-08-22 11:45:15.868 GPU_Scheduler_0] Admitted 80 requests for model_5
[2026-08-22 11:45:16.052 GPU_Scheduler_1] Admitted 1 requests for model_1
[2026-08-22 11:45:16.084 GPU_Scheduler_0] net_available: inf, queue_len: 1, model_backend_queue_lens: {'model_3': 0, 'model_4': 0, 'model_5': 86}
[2026-08-22 11:45:16.343 GPU_Scheduler_1] Model model_6 (instance 1) deactivation succeeded on GPU 1
[2026-08-22 11:45:16.363 GPU_Scheduler_1] Admitted 1 requests for model_1
[2026-08-22 11:45:16.629 GPU_Scheduler_1] net_available: inf, queue_len: 0
[2026-08-22 11:45:16.640 GPU_Scheduler_1] Admitted 1 requests for model_1
[2026-08-22 11:45:16.758 GPU_Scheduler_1] Admitted 1 requests for model_1
[2026-08-22 11:45:16.855 GPU_Scheduler_1] Admitted 1 requests for model_1
[2026-08-22 11:45:16.930 GPU_Scheduler_1] Admitted 1 requests for model_1
[2026-08-22 11:45:16.962 GPU_Scheduler_1] Admitted 1 requests for model_1
[2026-08-22 11:45:17.093 GPU_Scheduler_0] net_available: inf, queue_len: 13, model_backend_queue_lens: {'model_3': 0, 'model_4': 0, 'model_5': 86}
[2026-08-22 11:45:17.112 GPU_Scheduler_1] Admitted 1 requests for model_1
[2026-08-22 11:45:17.229 GPU_Scheduler_1] Admitted 1 requests for model_1
[2026-08-22 11:45:17.283 GPU_Scheduler_1] Admitted 1 requests for model_1
[2026-08-22 11:45:17.359 GPU_Scheduler_1] Admitted 1 requests for model_1
[2026-08-22 11:45:17.456 GPU_Scheduler_1] Admitted 1 requests for model_1
[2026-08-22 11:45:17.478 GPU_Scheduler_1] Admitted 1 requests for model_1
[2026-08-22 11:45:17.497 GPU_Scheduler_0] [V5-LOOP] {"iters": 468, "t_mem": 0.005995018174871802, "t_redis": 0.23503462760709226, "t_admit": 0.022889490937814116, "t_send": 0.018934174440801144, "t_iter": 0.2828533111605793, "admitted": 93, "iter_max": 0.014778925105929375, "gpu_id": 0, "window_s": 5.0008323192596436}
[2026-08-22 11:45:17.501 GPU_Scheduler_1] Admitted 1 requests for model_1
[2026-08-22 11:45:17.633 GPU_Scheduler_1] net_available: inf, queue_len: 0
[2026-08-22 11:45:18.035 GPU_Scheduler_1] Admitted 1 requests for model_1
[2026-08-22 11:45:18.078 GPU_Scheduler_1] Admitted 2 requests for model_1
[2026-08-22 11:45:18.102 GPU_Scheduler_0] net_available: inf, queue_len: 22, model_backend_queue_lens: {'model_3': 0, 'model_4': 0, 'model_5': 40}
[2026-08-22 11:45:18.164 GPU_Scheduler_1] [V5-LOOP] {"iters": 457, "t_mem": 0.008301052497699857, "t_redis": 0.3623078668024391, "t_admit": 0.005585199221968651, "t_send": 0.021590753458440304, "t_iter": 0.3977848719805479, "admitted": 38, "iter_max": 0.006747803185135126, "gpu_id": 1, "window_s": 5.009493350982666}
[2026-08-22 11:45:18.271 GPU_Scheduler_1] Admitted 1 requests for model_1
[2026-08-22 11:45:18.304 GPU_Scheduler_1] Admitted 1 requests for model_1
[2026-08-22 11:45:18.635 GPU_Scheduler_1] net_available: inf, queue_len: 0
[2026-08-22 11:45:18.656 GPU_Scheduler_0] Admitted 1 requests for model_3
[2026-08-22 11:45:18.679 GPU_Scheduler_1] Admitted 1 requests for model_1
[2026-08-22 11:45:19.104 GPU_Scheduler_0] net_available: inf, queue_len: 32, model_backend_queue_lens: {'model_3': 0, 'model_4': 0, 'model_5': 13}
[2026-08-22 11:45:19.296 GPU_Scheduler_1] Admitted 1 requests for model_1
[2026-08-22 11:45:19.329 GPU_Scheduler_1] Admitted 1 requests for model_1
[2026-08-22 11:45:19.362 GPU_Scheduler_1] Admitted 1 requests for model_1
[2026-08-22 11:45:19.477 GPU_Scheduler_0] Admitted 1 requests for model_3
[2026-08-22 11:45:19.554 GPU_Scheduler_1] Admitted 1 requests for model_1
[2026-08-22 11:45:19.609 GPU_Scheduler_1] Admitted 1 requests for model_1
[2026-08-22 11:45:19.642 GPU_Scheduler_1] net_available: inf, queue_len: 0
[2026-08-22 11:45:19.665 GPU_Scheduler_1] Admitted 1 requests for model_1
[2026-08-22 11:45:19.699 GPU_Scheduler_1] Admitted 1 requests for model_1
[2026-08-22 11:45:19.777 GPU_Scheduler_1] Admitted 1 requests for model_1
[2026-08-22 11:45:19.828 GPU_Scheduler_0] Admitted 42 requests for model_5
[2026-08-22 11:45:19.921 GPU_Scheduler_0] Admitted 1 requests for model_3
[2026-08-22 11:45:20.014 GPU_Scheduler_1] Admitted 1 requests for model_1
[2026-08-22 11:45:20.049 GPU_Scheduler_1] Admitted 1 requests for model_1
[2026-08-22 11:45:20.112 GPU_Scheduler_0] net_available: inf, queue_len: 4, model_backend_queue_lens: {'model_3': 1, 'model_4': 0, 'model_5': 42}
[2026-08-22 11:45:20.375 GPU_Scheduler_1] Admitted 1 requests for model_1
[2026-08-22 11:45:20.652 GPU_Scheduler_1] net_available: inf, queue_len: 0
[2026-08-22 11:45:20.663 GPU_Scheduler_1] Admitted 1 requests for model_1
[2026-08-22 11:45:20.824 GPU_Scheduler_1] Admitted 1 requests for model_1
[2026-08-22 11:45:21.079 GPU_Scheduler_0] Admitted 1 requests for model_3
[2026-08-22 11:45:21.122 GPU_Scheduler_0] net_available: inf, queue_len: 15, model_backend_queue_lens: {'model_3': 0, 'model_4': 0, 'model_5': 27}
[2026-08-22 11:45:21.198 GPU_Scheduler_1] Admitted 1 requests for model_1
[2026-08-22 11:45:21.530 GPU_Scheduler_1] Admitted 1 requests for model_1
[2026-08-22 11:45:21.552 GPU_Scheduler_1] Admitted 1 requests for model_1
[2026-08-22 11:45:21.563 GPU_Scheduler_1] Admitted 1 requests for model_1
[2026-08-22 11:45:21.659 GPU_Scheduler_1] net_available: inf, queue_len: 0
[2026-08-22 11:45:21.702 GPU_Scheduler_1] Admitted 1 requests for model_1
[2026-08-22 11:45:21.809 GPU_Scheduler_1] Admitted 1 requests for model_1
[2026-08-22 11:45:22.130 GPU_Scheduler_0] net_available: inf, queue_len: 24, model_backend_queue_lens: {'model_3': 0, 'model_4': 0, 'model_5': 23}
[2026-08-22 11:45:22.213 GPU_Scheduler_1] Admitted 1 requests for model_1
[2026-08-22 11:45:22.331 GPU_Scheduler_1] Admitted 1 requests for model_1
[2026-08-22 11:45:22.439 GPU_Scheduler_1] Admitted 1 requests for model_1
[2026-08-22 11:45:22.502 GPU_Scheduler_0] [V5-LOOP] {"iters": 470, "t_mem": 0.0060206507332623005, "t_redis": 0.2367447097785771, "t_admit": 0.013344540726393461, "t_send": 0.010090078227221966, "t_iter": 0.2661999794654548, "admitted": 46, "iter_max": 0.008387004025280476, "gpu_id": 0, "window_s": 5.00434947013855}
[2026-08-22 11:45:22.568 GPU_Scheduler_1] Admitted 1 requests for model_1
[2026-08-22 11:45:22.664 GPU_Scheduler_1] net_available: inf, queue_len: 0
[2026-08-22 11:45:22.814 GPU_Scheduler_1] Admitted 1 requests for model_1
[2026-08-22 11:45:23.139 GPU_Scheduler_0] net_available: inf, queue_len: 30, model_backend_queue_lens: {'model_3': 0, 'model_4': 0, 'model_5': 13}
[2026-08-22 11:45:23.146 GPU_Scheduler_1] Admitted 1 requests for model_1
[2026-08-22 11:45:23.168 GPU_Scheduler_1] Admitted 1 requests for model_1
[2026-08-22 11:45:23.169 GPU_Scheduler_1] [V5-LOOP] {"iters": 464, "t_mem": 0.008896751794964075, "t_redis": 0.2907465426251292, "t_admit": 0.0054602466989308596, "t_send": 0.018991780234500766, "t_iter": 0.3240953213535249, "admitted": 29, "iter_max": 0.0026723770424723625, "gpu_id": 1, "window_s": 5.004483461380005}
[2026-08-22 11:45:23.307 GPU_Scheduler_1] Admitted 1 requests for model_1
[2026-08-22 11:45:23.670 GPU_Scheduler_1] net_available: inf, queue_len: 0
[2026-08-22 11:45:23.848 GPU_Scheduler_0] Model model_4 (instance 0) deactivation succeeded on GPU 0
[2026-08-22 11:45:23.854 GPU_Scheduler_1] Received activate request for model model_4
[2026-08-22 11:45:23.855 GPU_Scheduler_1] Received activate request for model_4, model_states: {'model_1': 'activated', 'model_2': 'activated', 'model_3': 'deactivated', 'model_4': 'committing', 'model_5': 'deactivated', 'model_6': 'deactivated'}
[2026-08-22 11:45:23.855 GPU_Scheduler_1] [PAPER-OVERLAP-V6] commit dispatched model=model_4 gpu=1 worker=1
[2026-08-22 11:45:23.914 GPU_Scheduler_0] Admitted 37 requests for model_5
[2026-08-22 11:45:23.927 GPU_Scheduler_1] Admitted 2 requests for model_1
[2026-08-22 11:45:24.140 GPU_Scheduler_0] net_available: inf, queue_len: 5, model_backend_queue_lens: {'model_3': 0, 'model_5': 46}
[2026-08-22 11:45:24.226 GPU_Scheduler_1] Admitted 1 requests for model_1
[2026-08-22 11:45:24.268 GPU_Scheduler_1] Admitted 1 requests for model_1
[2026-08-22 11:45:24.342 GPU_Scheduler_1] Admitted 1 requests for model_1
[2026-08-22 11:45:24.676 GPU_Scheduler_1] net_available: inf, queue_len: 0
[2026-08-22 11:45:24.834 GPU_Scheduler_1] Admitted 1 requests for model_1
[2026-08-22 11:45:24.932 GPU_Scheduler_1] Admitted 1 requests for model_1
[2026-08-22 11:45:25.143 GPU_Scheduler_0] net_available: inf, queue_len: 14, model_backend_queue_lens: {'model_3': 0, 'model_5': 36}
[2026-08-22 11:45:25.145 GPU_Scheduler_1] Admitted 1 requests for model_1
[2026-08-22 11:45:25.481 GPU_Scheduler_1] Admitted 1 requests for model_1
[2026-08-22 11:45:25.508 GPU_Scheduler_0] Admitted 1 requests for model_3
[2026-08-22 11:45:25.561 GPU_Scheduler_0] Admitted 1 requests for model_3
[2026-08-22 11:45:25.613 GPU_Scheduler_0] Admitted 1 requests for model_3
[2026-08-22 11:45:25.683 GPU_Scheduler_1] net_available: inf, queue_len: 0
[2026-08-22 11:45:25.750 GPU_Scheduler_1] Admitted 1 requests for model_1
[2026-08-22 11:45:25.816 GPU_Scheduler_1] Admitted 1 requests for model_1
[2026-08-22 11:45:25.849 GPU_Scheduler_1] Admitted 1 requests for model_1
[2026-08-22 11:45:26.152 GPU_Scheduler_0] net_available: inf, queue_len: 28, model_backend_queue_lens: {'model_3': 0, 'model_5': 31}
[2026-08-22 11:45:26.152 GPU_Scheduler_1] Admitted 1 requests for model_1
[2026-08-22 11:45:26.175 GPU_Scheduler_1] Admitted 1 requests for model_1
[2026-08-22 11:45:26.198 GPU_Scheduler_1] Admitted 1 requests for model_1
[2026-08-22 11:45:26.668 GPU_Scheduler_1] Admitted 1 requests for model_1
[2026-08-22 11:45:26.690 GPU_Scheduler_1] net_available: inf, queue_len: 0
[2026-08-22 11:45:27.144 GPU_Scheduler_1] Admitted 1 requests for model_1
[2026-08-22 11:45:27.157 GPU_Scheduler_0] net_available: inf, queue_len: 39, model_backend_queue_lens: {'model_3': 0, 'model_5': 20}
[2026-08-22 11:45:27.385 GPU_Scheduler_1] Admitted 1 requests for model_1
[2026-08-22 11:45:27.489 GPU_Scheduler_1] Admitted 1 requests for model_1
[2026-08-22 11:45:27.502 GPU_Scheduler_0] [V5-LOOP] {"iters": 475, "t_mem": 0.0059828979428857565, "t_redis": 0.18290625675581396, "t_admit": 0.014946702867746353, "t_send": 0.00836596149019897, "t_iter": 0.21220181905664504, "admitted": 40, "iter_max": 0.007194645935669541, "gpu_id": 0, "window_s": 5.000579357147217}
[2026-08-22 11:45:27.555 GPU_Scheduler_0] Admitted 1 requests for model_3
[2026-08-22 11:45:27.619 GPU_Scheduler_0] Admitted 42 requests for model_5
[2026-08-22 11:45:27.678 GPU_Scheduler_1] Admitted 1 requests for model_1
[2026-08-22 11:45:27.699 GPU_Scheduler_1] net_available: inf, queue_len: 0
[2026-08-22 11:45:28.055 GPU_Scheduler_1] Admitted 1 requests for model_1
[2026-08-22 11:45:28.158 GPU_Scheduler_0] net_available: inf, queue_len: 6, model_backend_queue_lens: {'model_3': 0, 'model_5': 33}
[2026-08-22 11:45:28.170 GPU_Scheduler_1] [V5-LOOP] {"iters": 464, "t_mem": 0.008486175909638405, "t_redis": 0.29250680399127305, "t_admit": 0.005360709270462394, "t_send": 0.013794858008623123, "t_iter": 0.32014854717999697, "admitted": 22, "iter_max": 0.003065509954467416, "gpu_id": 1, "window_s": 5.001115560531616}
[2026-08-22 11:45:28.244 GPU_Scheduler_1] Admitted 1 requests for model_1
[2026-08-22 11:45:28.588 GPU_Scheduler_1] Admitted 1 requests for model_1
[2026-08-22 11:45:28.672 GPU_Scheduler_1] Admitted 1 requests for model_1
[2026-08-22 11:45:28.704 GPU_Scheduler_1] net_available: inf, queue_len: 0
[2026-08-22 11:45:28.736 GPU_Scheduler_1] Admitted 1 requests for model_1
[2026-08-22 11:45:29.090 GPU_Scheduler_1] Admitted 1 requests for model_1
[2026-08-22 11:45:29.166 GPU_Scheduler_0] net_available: inf, queue_len: 14, model_backend_queue_lens: {'model_3': 0, 'model_5': 24}
[2026-08-22 11:45:29.519 GPU_Scheduler_1] Admitted 1 requests for model_1
[2026-08-22 11:45:29.708 GPU_Scheduler_1] net_available: inf, queue_len: 0
[2026-08-22 11:45:29.794 GPU_Scheduler_1] Admitted 1 requests for model_1
[2026-08-22 11:45:30.040 GPU_Scheduler_1] Admitted 1 requests for model_1
[2026-08-22 11:45:30.063 GPU_Scheduler_1] Admitted 1 requests for model_1
[2026-08-22 11:45:30.176 GPU_Scheduler_0] net_available: inf, queue_len: 29, model_backend_queue_lens: {'model_3': 0, 'model_5': 12}
[2026-08-22 11:45:30.291 GPU_Scheduler_1] Admitted 1 requests for model_1
[2026-08-22 11:45:30.393 GPU_Scheduler_1] Admitted 1 requests for model_1
[2026-08-22 11:45:30.405 GPU_Scheduler_1] Admitted 2 requests for model_1
[2026-08-22 11:45:30.630 GPU_Scheduler_1] Admitted 1 requests for model_1
[2026-08-22 11:45:30.709 GPU_Scheduler_1] net_available: inf, queue_len: 0
[2026-08-22 11:45:30.753 GPU_Scheduler_1] Admitted 1 requests for model_1
[2026-08-22 11:45:30.837 GPU_Scheduler_1] Admitted 1 requests for model_1
[2026-08-22 11:45:30.952 GPU_Scheduler_1] Admitted 1 requests for model_2
[2026-08-22 11:45:31.049 GPU_Scheduler_0] Admitted 38 requests for model_5
[2026-08-22 11:45:31.175 GPU_Scheduler_0] net_available: inf, queue_len: 2, model_backend_queue_lens: {'model_3': 0, 'model_5': 45}
[2026-08-22 11:45:31.257 GPU_Scheduler_1] Admitted 1 requests for model_1
[2026-08-22 11:45:31.268 GPU_Scheduler_1] Admitted 1 requests for model_1
[2026-08-22 11:45:31.311 GPU_Scheduler_1] Admitted 1 requests for model_1
[2026-08-22 11:45:31.376 GPU_Scheduler_1] Admitted 1 requests for model_1
[2026-08-22 11:45:31.408 GPU_Scheduler_1] Admitted 1 requests for model_1
[2026-08-22 11:45:31.712 GPU_Scheduler_1] net_available: inf, queue_len: 0
[2026-08-22 11:45:31.723 GPU_Scheduler_1] Admitted 1 requests for model_1
[2026-08-22 11:45:31.829 GPU_Scheduler_1] Admitted 1 requests for model_1
[2026-08-22 11:45:31.968 GPU_Scheduler_1] Admitted 1 requests for model_1
[2026-08-22 11:45:32.177 GPU_Scheduler_0] net_available: inf, queue_len: 15, model_backend_queue_lens: {'model_3': 0, 'model_5': 33}
[2026-08-22 11:45:32.330 GPU_Scheduler_1] Admitted 1 requests for model_1
[2026-08-22 11:45:32.510 GPU_Scheduler_0] [V5-LOOP] {"iters": 469, "t_mem": 0.007186873583123088, "t_redis": 0.2378883520141244, "t_admit": 0.014341382309794426, "t_send": 0.017678324365988374, "t_iter": 0.2770949322730303, "admitted": 81, "iter_max": 0.010338126914575696, "gpu_id": 0, "window_s": 5.007359027862549}
[2026-08-22 11:45:32.522 GPU_Scheduler_1] Admitted 1 requests for model_2
[2026-08-22 11:45:32.555 GPU_Scheduler_1] Admitted 1 requests for model_1
[2026-08-22 11:45:32.715 GPU_Scheduler_1] net_available: inf, queue_len: 0
[2026-08-22 11:45:32.758 GPU_Scheduler_1] Admitted 1 requests for model_1
[2026-08-22 11:45:32.980 GPU_Scheduler_1] Admitted 1 requests for model_1
[2026-08-22 11:45:33.043 GPU_Scheduler_1] Admitted 1 requests for model_1
[2026-08-22 11:45:33.179 GPU_Scheduler_1] [V5-LOOP] {"iters": 471, "t_mem": 0.007532602176070213, "t_redis": 0.22979717003181577, "t_admit": 0.004576321458443999, "t_send": 0.015795793384313583, "t_iter": 0.25770188705064356, "admitted": 31, "iter_max": 0.0021666442044079304, "gpu_id": 1, "window_s": 5.00815486907959}
[2026-08-22 11:45:33.180 GPU_Scheduler_0] net_available: inf, queue_len: 25, model_backend_queue_lens: {'model_3': 0, 'model_5': 26}
[2026-08-22 11:45:33.679 GPU_Scheduler_1] Admitted 1 requests for model_1
[2026-08-22 11:45:33.722 GPU_Scheduler_1] net_available: inf, queue_len: 0
[2026-08-22 11:45:33.785 GPU_Scheduler_1] Admitted 1 requests for model_1
[2026-08-22 11:45:33.900 GPU_Scheduler_1] Admitted 1 requests for model_1
[2026-08-22 11:45:33.931 GPU_Scheduler_1] Admitted 1 requests for model_1
[2026-08-22 11:45:33.952 GPU_Scheduler_1] Admitted 1 requests for model_1
[2026-08-22 11:45:34.185 GPU_Scheduler_0] net_available: inf, queue_len: 33, model_backend_queue_lens: {'model_3': 0, 'model_5': 13}
[2026-08-22 11:45:34.542 GPU_Scheduler_0] Admitted 35 requests for model_5
[2026-08-22 11:45:34.724 GPU_Scheduler_1] net_available: inf, queue_len: 0
[2026-08-22 11:45:34.766 GPU_Scheduler_1] Admitted 1 requests for model_1
[2026-08-22 11:45:35.069 GPU_Scheduler_1] Admitted 1 requests for model_1
[2026-08-22 11:45:35.132 GPU_Scheduler_1] Admitted 1 requests for model_1
[2026-08-22 11:45:35.190 GPU_Scheduler_0] net_available: inf, queue_len: 6, model_backend_queue_lens: {'model_3': 0, 'model_5': 42}
[2026-08-22 11:45:35.341 GPU_Scheduler_1] Admitted 1 requests for model_1
[2026-08-22 11:45:35.707 GPU_Scheduler_1] Admitted 1 requests for model_1
[2026-08-22 11:45:35.728 GPU_Scheduler_1] net_available: inf, queue_len: 0
[2026-08-22 11:45:35.983 GPU_Scheduler_0] Admitted 1 requests for model_3
[2026-08-22 11:45:36.131 GPU_Scheduler_0] Admitted 1 requests for model_3
[2026-08-22 11:45:36.194 GPU_Scheduler_0] net_available: inf, queue_len: 9, model_backend_queue_lens: {'model_3': 1, 'model_5': 32}
[2026-08-22 11:45:36.236 GPU_Scheduler_0] Admitted 1 requests for model_3
[2026-08-22 11:45:36.361 GPU_Scheduler_0] Admitted 2 requests for model_3
[2026-08-22 11:45:36.383 GPU_Scheduler_0] Admitted 1 requests for model_3
[2026-08-22 11:45:36.425 GPU_Scheduler_0] Admitted 2 requests for model_3
[2026-08-22 11:45:36.468 GPU_Scheduler_0] Admitted 1 requests for model_3
[2026-08-22 11:45:36.500 GPU_Scheduler_0] Admitted 1 requests for model_3
[2026-08-22 11:45:36.510 GPU_Scheduler_0] Admitted 1 requests for model_3
[2026-08-22 11:45:36.521 GPU_Scheduler_0] Admitted 1 requests for model_3
[2026-08-22 11:45:36.574 GPU_Scheduler_0] Admitted 1 requests for model_3
[2026-08-22 11:45:36.731 GPU_Scheduler_1] net_available: inf, queue_len: 0
[2026-08-22 11:45:36.763 GPU_Scheduler_0] Admitted 1 requests for model_3
[2026-08-22 11:45:36.878 GPU_Scheduler_0] Admitted 1 requests for model_3
[2026-08-22 11:45:36.942 GPU_Scheduler_0] Admitted 1 requests for model_3
[2026-08-22 11:45:36.973 GPU_Scheduler_0] Admitted 1 requests for model_3
[2026-08-22 11:45:37.110 GPU_Scheduler_0] Admitted 1 requests for model_3
[2026-08-22 11:45:37.204 GPU_Scheduler_0] net_available: inf, queue_len: 9, model_backend_queue_lens: {'model_3': 5, 'model_5': 23}
[2026-08-22 11:45:37.225 GPU_Scheduler_0] Admitted 1 requests for model_3
[2026-08-22 11:45:37.257 GPU_Scheduler_0] Admitted 1 requests for model_3
[2026-08-22 11:45:37.299 GPU_Scheduler_0] Admitted 1 requests for model_3
[2026-08-22 11:45:37.508 GPU_Scheduler_0] Admitted 1 requests for model_3
[2026-08-22 11:45:37.519 GPU_Scheduler_0] [V5-LOOP] {"iters": 468, "t_mem": 0.007643408374860883, "t_redis": 0.24788058316335082, "t_admit": 0.01606475072912872, "t_send": 0.017311652656644583, "t_iter": 0.288900394923985, "admitted": 57, "iter_max": 0.0104226169642061, "gpu_id": 0, "window_s": 5.008589267730713}
[2026-08-22 11:45:37.540 GPU_Scheduler_0] Admitted 1 requests for model_3
[2026-08-22 11:45:37.614 GPU_Scheduler_0] Admitted 1 requests for model_3
[2026-08-22 11:45:37.625 GPU_Scheduler_0] Admitted 1 requests for model_3
[2026-08-22 11:45:37.688 GPU_Scheduler_0] Admitted 1 requests for model_3
[2026-08-22 11:45:37.733 GPU_Scheduler_1] net_available: inf, queue_len: 0
[2026-08-22 11:45:37.740 GPU_Scheduler_0] Admitted 1 requests for model_3
[2026-08-22 11:45:37.824 GPU_Scheduler_0] Admitted 1 requests for model_3
[2026-08-22 11:45:37.888 GPU_Scheduler_0] Admitted 1 requests for model_3
[2026-08-22 11:45:37.940 GPU_Scheduler_0] Admitted 1 requests for model_3
[2026-08-22 11:45:37.972 GPU_Scheduler_0] Admitted 2 requests for model_3
[2026-08-22 11:45:38.182 GPU_Scheduler_1] [V5-LOOP] {"iters": 479, "t_mem": 0.0059763467870652676, "t_redis": 0.16056335880421102, "t_admit": 0.0038498383946716785, "t_send": 0.004380126018077135, "t_iter": 0.1747696700040251, "admitted": 10, "iter_max": 0.0008920261170715094, "gpu_id": 1, "window_s": 5.0025694370269775}
[2026-08-22 11:45:38.213 GPU_Scheduler_0] net_available: inf, queue_len: 16, model_backend_queue_lens: {'model_3': 11, 'model_5': 14}
[2026-08-22 11:45:38.632 GPU_Scheduler_0] Admitted 12 requests for model_5
[2026-08-22 11:45:38.697 GPU_Scheduler_0] Admitted 10 requests for model_3
[2026-08-22 11:45:38.734 GPU_Scheduler_1] net_available: inf, queue_len: 0
[2026-08-22 11:45:38.761 GPU_Scheduler_0] Admitted 1 requests for model_3
[2026-08-22 11:45:39.012 GPU_Scheduler_0] Admitted 5 requests for model_3
[2026-08-22 11:45:39.044 GPU_Scheduler_0] Admitted 1 requests for model_3
[2026-08-22 11:45:39.086 GPU_Scheduler_0] Admitted 1 requests for model_3
[2026-08-22 11:45:39.222 GPU_Scheduler_0] net_available: inf, queue_len: 4, model_backend_queue_lens: {'model_3': 7, 'model_5': 18}
[2026-08-22 11:45:39.243 GPU_Scheduler_0] Admitted 1 requests for model_3
[2026-08-22 11:45:39.327 GPU_Scheduler_0] Admitted 1 requests for model_3
[2026-08-22 11:45:39.359 GPU_Scheduler_0] Admitted 2 requests for model_3
[2026-08-22 11:45:39.735 GPU_Scheduler_1] net_available: inf, queue_len: 0
[2026-08-22 11:45:39.944 GPU_Scheduler_0] Admitted 6 requests for model_3
[2026-08-22 11:45:40.019 GPU_Scheduler_0] Admitted 1 requests for model_3
[2026-08-22 11:45:40.029 GPU_Scheduler_0] Admitted 1 requests for model_3
[2026-08-22 11:45:40.051 GPU_Scheduler_0] Admitted 1 requests for model_3
[2026-08-22 11:45:40.072 GPU_Scheduler_0] Admitted 1 requests for model_3
[2026-08-22 11:45:40.229 GPU_Scheduler_0] net_available: inf, queue_len: 4, model_backend_queue_lens: {'model_3': 0, 'model_5': 11}
[2026-08-22 11:45:40.229 GPU_Scheduler_0] Admitted 1 requests for model_3
[2026-08-22 11:45:40.240 GPU_Scheduler_0] Admitted 1 requests for model_3
[2026-08-22 11:45:40.334 GPU_Scheduler_0] Admitted 5 requests for model_5
[2026-08-22 11:45:40.334 GPU_Scheduler_0] Admitted 1 requests for model_3
[2026-08-22 11:45:40.377 GPU_Scheduler_0] Admitted 1 requests for model_3
[2026-08-22 11:45:40.398 GPU_Scheduler_0] Admitted 1 requests for model_3
[2026-08-22 11:45:40.409 GPU_Scheduler_0] Admitted 1 requests for model_3
[2026-08-22 11:45:40.483 GPU_Scheduler_0] Admitted 1 requests for model_3
[2026-08-22 11:45:40.525 GPU_Scheduler_0] Admitted 1 requests for model_3
[2026-08-22 11:45:40.640 GPU_Scheduler_0] Admitted 2 requests for model_3
[2026-08-22 11:45:40.713 GPU_Scheduler_0] Admitted 1 requests for model_3
[2026-08-22 11:45:40.736 GPU_Scheduler_1] net_available: inf, queue_len: 0
[2026-08-22 11:45:40.807 GPU_Scheduler_0] Admitted 1 requests for model_3
[2026-08-22 11:45:40.870 GPU_Scheduler_0] Admitted 1 requests for model_3
[2026-08-22 11:45:40.891 GPU_Scheduler_0] Admitted 1 requests for model_3
[2026-08-22 11:45:40.913 GPU_Scheduler_0] Admitted 1 requests for model_3
[2026-08-22 11:45:41.080 GPU_Scheduler_0] Admitted 1 requests for model_3
[2026-08-22 11:45:41.101 GPU_Scheduler_0] Admitted 1 requests for model_3
[2026-08-22 11:45:41.238 GPU_Scheduler_0] net_available: inf, queue_len: 4, model_backend_queue_lens: {'model_3': 11, 'model_5': 12}
[2026-08-22 11:45:41.259 GPU_Scheduler_0] Admitted 4 requests for model_5
[2026-08-22 11:45:41.541 GPU_Scheduler_0] Admitted 2 requests for model_3
[2026-08-22 11:45:41.646 GPU_Scheduler_0] Admitted 1 requests for model_3
[2026-08-22 11:45:41.646 GPU_Scheduler_0] Admitted 1 requests for model_5
[2026-08-22 11:45:41.720 GPU_Scheduler_0] Admitted 1 requests for model_3
[2026-08-22 11:45:41.738 GPU_Scheduler_1] net_available: inf, queue_len: 0
[2026-08-22 11:45:41.793 GPU_Scheduler_0] Admitted 1 requests for model_3
[2026-08-22 11:45:41.804 GPU_Scheduler_0] Admitted 1 requests for model_3
[2026-08-22 11:45:41.825 GPU_Scheduler_0] Admitted 1 requests for model_3
[2026-08-22 11:45:41.888 GPU_Scheduler_0] Admitted 1 requests for model_3
[2026-08-22 11:45:41.930 GPU_Scheduler_0] Admitted 1 requests for model_3
[2026-08-22 11:45:42.077 GPU_Scheduler_0] Admitted 2 requests for model_3
[2026-08-22 11:45:42.099 GPU_Scheduler_0] Admitted 2 requests for model_3
[2026-08-22 11:45:42.120 GPU_Scheduler_0] Admitted 1 requests for model_3
[2026-08-22 11:45:42.120 GPU_Scheduler_0] Admitted 1 requests for model_5
[2026-08-22 11:45:42.162 GPU_Scheduler_0] Admitted 1 requests for model_3
[2026-08-22 11:45:42.236 GPU_Scheduler_0] Admitted 1 requests for model_5
[2026-08-22 11:45:42.247 GPU_Scheduler_0] net_available: inf, queue_len: 0
[2026-08-22 11:45:42.268 GPU_Scheduler_0] Admitted 1 requests for model_3
[2026-08-22 11:45:42.278 GPU_Scheduler_0] Admitted 1 requests for model_3
[2026-08-22 11:45:42.300 GPU_Scheduler_0] Admitted 1 requests for model_5
[2026-08-22 11:45:42.310 GPU_Scheduler_0] Admitted 1 requests for model_3
[2026-08-22 11:45:42.321 GPU_Scheduler_0] Admitted 1 requests for model_3
[2026-08-22 11:45:42.384 GPU_Scheduler_0] Admitted 1 requests for model_3
[2026-08-22 11:45:42.520 GPU_Scheduler_0] [V5-LOOP] {"iters": 476, "t_mem": 0.0059906120877712965, "t_redis": 0.1625699878204614, "t_admit": 0.007099813548848033, "t_send": 0.027649920666590333, "t_iter": 0.20331033412367105, "admitted": 104, "iter_max": 0.0027981591410934925, "gpu_id": 0, "window_s": 5.001089811325073}
[2026-08-22 11:45:42.730 GPU_Scheduler_0] Admitted 1 requests for model_5
[2026-08-22 11:45:42.740 GPU_Scheduler_1] net_available: inf, queue_len: 0
[2026-08-22 11:45:42.887 GPU_Scheduler_0] Admitted 5 requests for model_3
[2026-08-22 11:45:42.898 GPU_Scheduler_0] Admitted 1 requests for model_5
[2026-08-22 11:45:42.982 GPU_Scheduler_0] Admitted 1 requests for model_3
[2026-08-22 11:45:43.003 GPU_Scheduler_0] Admitted 1 requests for model_5
[2026-08-22 11:45:43.066 GPU_Scheduler_0] Admitted 1 requests for model_3
[2026-08-22 11:45:43.088 GPU_Scheduler_0] Admitted 1 requests for model_3
[2026-08-22 11:45:43.119 GPU_Scheduler_0] Admitted 1 requests for model_3
[2026-08-22 11:45:43.141 GPU_Scheduler_0] Admitted 1 requests for model_3
[2026-08-22 11:45:43.151 GPU_Scheduler_0] Admitted 1 requests for model_3
[2026-08-22 11:45:43.191 GPU_Scheduler_1] [V5-LOOP] {"iters": 478, "t_mem": 0.006234985776245594, "t_redis": 0.17998469877056777, "t_admit": 0.004064203472808003, "t_send": 0.0007905135862529278, "t_iter": 0.1910744016058743, "admitted": 0, "iter_max": 0.0011300980113446712, "gpu_id": 1, "window_s": 5.0093488693237305}
[2026-08-22 11:45:43.193 GPU_Scheduler_0] Admitted 1 requests for model_3
[2026-08-22 11:45:43.225 GPU_Scheduler_0] Admitted 1 requests for model_3
[2026-08-22 11:45:43.257 GPU_Scheduler_0] net_available: inf, queue_len: 0
[2026-08-22 11:45:43.278 GPU_Scheduler_0] Admitted 1 requests for model_3
[2026-08-22 11:45:43.288 GPU_Scheduler_0] Admitted 1 requests for model_3
[2026-08-22 11:45:43.747 GPU_Scheduler_1] net_available: inf, queue_len: 0
[2026-08-22 11:45:43.822 GPU_Scheduler_0] Admitted 3 requests for model_3
[2026-08-22 11:45:43.833 GPU_Scheduler_0] Admitted 7 requests for model_3
[2026-08-22 11:45:43.876 GPU_Scheduler_0] Admitted 1 requests for model_3
[2026-08-22 11:45:43.950 GPU_Scheduler_0] Admitted 1 requests for model_5
[2026-08-22 11:45:44.170 GPU_Scheduler_0] Admitted 1 requests for model_5
[2026-08-22 11:45:44.181 GPU_Scheduler_0] Admitted 1 requests for model_5
[2026-08-22 11:45:44.265 GPU_Scheduler_0] net_available: inf, queue_len: 8, model_backend_queue_lens: {'model_3': 11, 'model_5': 0}
[2026-08-22 11:45:44.673 GPU_Scheduler_1] Model model_4 (instance 1) activation succeeded on GPU 1
[2026-08-22 11:45:44.677 GPU_Scheduler_1] Admitted 87 requests for model_4
[2026-08-22 11:45:44.735 GPU_Scheduler_0] Admitted 17 requests for model_3
[2026-08-22 11:45:44.738 GPU_Scheduler_1] Received activate request for model model_3
[2026-08-22 11:45:44.739 GPU_Scheduler_1] Received activate request for model_3, model_states: {'model_1': 'activated', 'model_2': 'activated', 'model_3': 'preparing', 'model_4': 'activated', 'model_5': 'deactivated', 'model_6': 'deactivated'}
[2026-08-22 11:45:44.739 GPU_Scheduler_1] Assign worker 2 to model_3. Current model_to_worker: {'model_2': 0, 'model_1': 3, 'model_4': 1, 'model_3': 2}
[2026-08-22 11:45:44.748 GPU_Scheduler_0] Admitted 1 requests for model_5
[2026-08-22 11:45:44.757 GPU_Scheduler_1] net_available: inf, queue_len: 0
[2026-08-22 11:45:45.229 GPU_Scheduler_0] Admitted 1 requests for model_5
[2026-08-22 11:45:45.271 GPU_Scheduler_0] net_available: inf, queue_len: 6, model_backend_queue_lens: {'model_3': 17, 'model_5': 1}
[2026-08-22 11:45:45.271 GPU_Scheduler_0] Admitted 1 requests for model_5
[2026-08-22 11:45:45.449 GPU_Scheduler_0] Admitted 1 requests for model_5
[2026-08-22 11:45:45.637 GPU_Scheduler_0] Admitted 1 requests for model_5
[2026-08-22 11:45:45.762 GPU_Scheduler_1] net_available: inf, queue_len: 0
[2026-08-22 11:45:45.951 GPU_Scheduler_0] Admitted 1 requests for model_5
[2026-08-22 11:45:45.962 GPU_Scheduler_0] Admitted 15 requests for model_3
[2026-08-22 11:45:46.280 GPU_Scheduler_0] net_available: inf, queue_len: 4, model_backend_queue_lens: {'model_3': 15, 'model_5': 0}
[2026-08-22 11:45:46.353 GPU_Scheduler_0] Admitted 1 requests for model_5
[2026-08-22 11:45:46.395 GPU_Scheduler_0] Admitted 4 requests for model_3
[2026-08-22 11:45:46.428 GPU_Scheduler_0] Admitted 1 requests for model_3
[2026-08-22 11:45:46.470 GPU_Scheduler_0] Admitted 1 requests for model_3
[2026-08-22 11:45:46.564 GPU_Scheduler_0] Admitted 1 requests for model_3
[2026-08-22 11:45:46.732 GPU_Scheduler_0] Admitted 1 requests for model_3
[2026-08-22 11:45:46.770 GPU_Scheduler_1] net_available: inf, queue_len: 0
[2026-08-22 11:45:46.837 GPU_Scheduler_0] Admitted 1 requests for model_5
[2026-08-22 11:45:46.879 GPU_Scheduler_0] Admitted 1 requests for model_3
[2026-08-22 11:45:46.890 GPU_Scheduler_0] Admitted 1 requests for model_3
[2026-08-22 11:45:46.911 GPU_Scheduler_0] Admitted 1 requests for model_3
[2026-08-22 11:45:47.288 GPU_Scheduler_0] net_available: inf, queue_len: 6, model_backend_queue_lens: {'model_3': 11, 'model_5': 0}
[2026-08-22 11:45:47.451 GPU_Scheduler_1] Model model_3 (instance 1) activation succeeded on GPU 1
[2026-08-22 11:45:47.456 GPU_Scheduler_0] Received deactivate request for model model_3
[2026-08-22 11:45:47.456 GPU_Scheduler_0] Received deactivate request for model_3, model_states: {'model_1': 'deactivated', 'model_2': 'deactivated', 'model_3': 'deactivating', 'model_4': 'deactivated', 'model_5': 'activated', 'model_6': 'deactivated'}
[2026-08-22 11:45:47.456 GPU_Scheduler_0] Release worker 3 from model model_3. Current model_to_worker: {'model_5': 2}
[2026-08-22 11:45:47.456 GPU_Scheduler_0] Sending 8 queued requests of model model_3 back to frontend queue
[2026-08-22 11:45:47.529 GPU_Scheduler_0] [V5-LOOP] {"iters": 477, "t_mem": 0.006178995594382286, "t_redis": 0.16544464859180152, "t_admit": 0.006615448510274291, "t_send": 0.021559382556006312, "t_iter": 0.1997984752524644, "admitted": 83, "iter_max": 0.0037220739759504795, "gpu_id": 0, "window_s": 5.008369207382202}
[2026-08-22 11:45:47.665 GPU_Scheduler_0] Admitted 1 requests for model_5
[2026-08-22 11:45:47.739 GPU_Scheduler_0] Admitted 1 requests for model_5
[2026-08-22 11:45:47.770 GPU_Scheduler_1] net_available: inf, queue_len: 0
[2026-08-22 11:45:48.196 GPU_Scheduler_1] [V5-LOOP] {"iters": 445, "t_mem": 0.009768160758540034, "t_redis": 0.471467696595937, "t_admit": 0.006879172055050731, "t_send": 0.026511760661378503, "t_iter": 0.5146267900709063, "admitted": 87, "iter_max": 0.0273033760022372, "gpu_id": 1, "window_s": 5.004634141921997}
[2026-08-22 11:45:48.251 GPU_Scheduler_0] Admitted 1 requests for model_5
[2026-08-22 11:45:48.294 GPU_Scheduler_0] net_available: inf, queue_len: 0
[2026-08-22 11:45:48.660 GPU_Scheduler_0] Admitted 1 requests for model_5
[2026-08-22 11:45:48.714 GPU_Scheduler_0] Admitted 1 requests for model_5
[2026-08-22 11:45:48.774 GPU_Scheduler_1] net_available: inf, queue_len: 0
[2026-08-22 11:45:48.841 GPU_Scheduler_0] Admitted 1 requests for model_5
[2026-08-22 11:45:48.863 GPU_Scheduler_0] Admitted 1 requests for model_5
[2026-08-22 11:45:49.001 GPU_Scheduler_0] Admitted 1 requests for model_5
[2026-08-22 11:45:49.299 GPU_Scheduler_0] net_available: inf, queue_len: 0
[2026-08-22 11:45:49.543 GPU_Scheduler_0] Admitted 1 requests for model_5
[2026-08-22 11:45:49.779 GPU_Scheduler_1] net_available: inf, queue_len: 0
[2026-08-22 11:45:50.149 GPU_Scheduler_0] Admitted 1 requests for model_5
[2026-08-22 11:45:50.301 GPU_Scheduler_0] net_available: inf, queue_len: 0
[2026-08-22 11:45:50.409 GPU_Scheduler_0] Admitted 1 requests for model_5
[2026-08-22 11:45:50.684 GPU_Scheduler_0] Admitted 1 requests for model_5
[2026-08-22 11:45:50.786 GPU_Scheduler_1] net_available: inf, queue_len: 0
[2026-08-22 11:45:51.310 GPU_Scheduler_0] net_available: inf, queue_len: 0
[2026-08-22 11:45:51.383 GPU_Scheduler_0] Admitted 1 requests for model_5
[2026-08-22 11:45:51.540 GPU_Scheduler_0] Admitted 1 requests for model_5
[2026-08-22 11:45:51.561 GPU_Scheduler_0] Admitted 1 requests for model_5
[2026-08-22 11:45:51.792 GPU_Scheduler_1] net_available: inf, queue_len: 0
[2026-08-22 11:45:51.823 GPU_Scheduler_0] Admitted 1 requests for model_5
[2026-08-22 11:45:52.063 GPU_Scheduler_0] Admitted 1 requests for model_5
[2026-08-22 11:45:52.116 GPU_Scheduler_0] Admitted 1 requests for model_5
[2026-08-22 11:45:52.314 GPU_Scheduler_0] net_available: inf, queue_len: 0
[2026-08-22 11:45:52.534 GPU_Scheduler_0] [V5-LOOP] {"iters": 472, "t_mem": 0.007058965275064111, "t_redis": 0.2254872713238001, "t_admit": 0.004233490442857146, "t_send": 0.008735824143514037, "t_iter": 0.24551555118523538, "admitted": 18, "iter_max": 0.0018633620347827673, "gpu_id": 0, "window_s": 5.004976272583008}
[2026-08-22 11:45:52.764 GPU_Scheduler_0] Admitted 1 requests for model_5
[2026-08-22 11:45:52.792 GPU_Scheduler_1] net_available: inf, queue_len: 0
[2026-08-22 11:45:52.869 GPU_Scheduler_0] Admitted 1 requests for model_5
[2026-08-22 11:45:52.890 GPU_Scheduler_0] Admitted 1 requests for model_5
[2026-08-22 11:45:53.078 GPU_Scheduler_0] Admitted 1 requests for model_5
[2026-08-22 11:45:53.202 GPU_Scheduler_1] [V5-LOOP] {"iters": 461, "t_mem": 0.007497627288103104, "t_redis": 0.342545036226511, "t_admit": 0.0057264461647719145, "t_send": 0.0008884761482477188, "t_iter": 0.35665758582763374, "admitted": 0, "iter_max": 0.0021217830944806337, "gpu_id": 1, "window_s": 5.00539231300354}
[2026-08-22 11:45:53.319 GPU_Scheduler_0] net_available: inf, queue_len: 0
[2026-08-22 11:45:53.455 GPU_Scheduler_0] Admitted 1 requests for model_5
[2026-08-22 11:45:53.798 GPU_Scheduler_1] net_available: inf, queue_len: 0
[2026-08-22 11:45:54.322 GPU_Scheduler_0] net_available: inf, queue_len: 0
[2026-08-22 11:45:54.635 GPU_Scheduler_0] Admitted 1 requests for model_5
[2026-08-22 11:45:54.798 GPU_Scheduler_1] net_available: inf, queue_len: 0
[2026-08-22 11:45:54.918 GPU_Scheduler_0] Admitted 1 requests for model_5
[2026-08-22 11:45:55.127 GPU_Scheduler_0] Admitted 1 requests for model_5
[2026-08-22 11:45:55.305 GPU_Scheduler_0] Admitted 1 requests for model_5
[2026-08-22 11:45:55.326 GPU_Scheduler_0] net_available: inf, queue_len: 0
[2026-08-22 11:45:55.728 GPU_Scheduler_0] Admitted 1 requests for model_5
[2026-08-22 11:45:55.806 GPU_Scheduler_1] net_available: inf, queue_len: 0
[2026-08-22 11:45:55.866 GPU_Scheduler_0] Admitted 1 requests for model_5
[2026-08-22 11:45:56.122 GPU_Scheduler_0] Admitted 1 requests for model_5
[2026-08-22 11:45:56.134 GPU_Scheduler_0] Admitted 1 requests for model_5
[2026-08-22 11:45:56.335 GPU_Scheduler_0] net_available: inf, queue_len: 0
[2026-08-22 11:45:56.420 GPU_Scheduler_0] Admitted 1 requests for model_5
[2026-08-22 11:45:56.810 GPU_Scheduler_1] net_available: inf, queue_len: 0
[2026-08-22 11:45:56.896 GPU_Scheduler_0] Admitted 1 requests for model_5
[2026-08-22 11:45:57.024 GPU_Scheduler_0] Admitted 1 requests for model_5
[2026-08-22 11:45:57.342 GPU_Scheduler_0] net_available: inf, queue_len: 0, model_backend_queue_lens: {'model_3': 0, 'model_5': 0}
[2026-08-22 11:45:57.342 GPU_Scheduler_0] Admitted 1 requests for model_5
[2026-08-22 11:45:57.543 GPU_Scheduler_0] [V5-LOOP] {"iters": 476, "t_mem": 0.006291335914283991, "t_redis": 0.19194548716768622, "t_admit": 0.003870391519740224, "t_send": 0.007824314991012216, "t_iter": 0.20993152959272265, "admitted": 17, "iter_max": 0.0012584880460053682, "gpu_id": 0, "window_s": 5.009038925170898}
[2026-08-22 11:45:57.817 GPU_Scheduler_1] net_available: inf, queue_len: 0
[2026-08-22 11:45:57.966 GPU_Scheduler_0] Admitted 1 requests for model_5
[2026-08-22 11:45:58.206 GPU_Scheduler_1] [V5-LOOP] {"iters": 455, "t_mem": 0.008044282672926784, "t_redis": 0.3987131149042398, "t_admit": 0.0063617113046348095, "t_send": 0.0009695847984403372, "t_iter": 0.4140886936802417, "admitted": 0, "iter_max": 0.004090585978701711, "gpu_id": 1, "window_s": 5.003654718399048}
[2026-08-22 11:45:58.347 GPU_Scheduler_0] net_available: inf, queue_len: 0
[2026-08-22 11:45:58.825 GPU_Scheduler_1] net_available: inf, queue_len: 0
[2026-08-22 11:45:59.175 GPU_Scheduler_0] Admitted 1 requests for model_5
[2026-08-22 11:45:59.355 GPU_Scheduler_0] net_available: inf, queue_len: 0
[2026-08-22 11:45:59.832 GPU_Scheduler_1] net_available: inf, queue_len: 0
[2026-08-22 11:45:59.959 GPU_Scheduler_0] Admitted 1 requests for model_5
[2026-08-22 11:46:00.054 GPU_Scheduler_0] Admitted 1 requests for model_5
[2026-08-22 11:46:00.361 GPU_Scheduler_0] net_available: inf, queue_len: 0
[2026-08-22 11:46:00.478 GPU_Scheduler_0] Admitted 1 requests for model_5
[2026-08-22 11:46:00.838 GPU_Scheduler_1] net_available: inf, queue_len: 0
[2026-08-22 11:46:01.018 GPU_Scheduler_0] Admitted 1 requests for model_5
[2026-08-22 11:46:01.093 GPU_Scheduler_0] Admitted 1 requests for model_5
[2026-08-22 11:46:01.358 GPU_Scheduler_0] Admitted 1 requests for model_5
[2026-08-22 11:46:01.369 GPU_Scheduler_0] net_available: inf, queue_len: 0
[2026-08-22 11:46:01.847 GPU_Scheduler_1] net_available: inf, queue_len: 0
[2026-08-22 11:46:02.142 GPU_Scheduler_0] Admitted 1 requests for model_5
[2026-08-22 11:46:02.377 GPU_Scheduler_0] net_available: inf, queue_len: 0
[2026-08-22 11:46:02.546 GPU_Scheduler_0] [V5-LOOP] {"iters": 472, "t_mem": 0.0067108129151165485, "t_redis": 0.2268711687065661, "t_admit": 0.004027404822409153, "t_send": 0.0053433014545589685, "t_iter": 0.24295268789865077, "admitted": 9, "iter_max": 0.001278027892112732, "gpu_id": 0, "window_s": 5.002729177474976}
[2026-08-22 11:46:02.855 GPU_Scheduler_1] net_available: inf, queue_len: 0
[2026-08-22 11:46:03.215 GPU_Scheduler_1] [V5-LOOP] {"iters": 462, "t_mem": 0.007085370598360896, "t_redis": 0.3345267295371741, "t_admit": 0.004934783559292555, "t_send": 0.0008408522699028254, "t_iter": 0.3473877359647304, "admitted": 0, "iter_max": 0.001164227956905961, "gpu_id": 1, "window_s": 5.00832200050354}
[2026-08-22 11:46:03.382 GPU_Scheduler_0] net_available: inf, queue_len: 0
[2026-08-22 11:46:03.591 GPU_Scheduler_0] Admitted 1 requests for model_5
[2026-08-22 11:46:03.717 GPU_Scheduler_0] Admitted 1 requests for model_5
[2026-08-22 11:46:03.858 GPU_Scheduler_1] net_available: inf, queue_len: 0
[2026-08-22 11:46:03.971 GPU_Scheduler_0] Admitted 1 requests for model_5
[2026-08-22 11:46:04.391 GPU_Scheduler_0] net_available: inf, queue_len: 0
[2026-08-22 11:46:04.861 GPU_Scheduler_1] net_available: inf, queue_len: 0
[2026-08-22 11:46:04.863 GPU_Scheduler_0] Admitted 1 requests for model_5
[2026-08-22 11:46:05.396 GPU_Scheduler_0] net_available: inf, queue_len: 0
[2026-08-22 11:46:05.647 GPU_Scheduler_0] Admitted 1 requests for model_5
[2026-08-22 11:46:05.856 GPU_Scheduler_0] Admitted 1 requests for model_5
[2026-08-22 11:46:05.861 GPU_Scheduler_1] net_available: inf, queue_len: 0
[2026-08-22 11:46:06.014 GPU_Scheduler_0] Admitted 1 requests for model_5
[2026-08-22 11:46:06.400 GPU_Scheduler_0] net_available: inf, queue_len: 0
[2026-08-22 11:46:06.599 GPU_Scheduler_0] Admitted 1 requests for model_5
[2026-08-22 11:46:06.870 GPU_Scheduler_1] net_available: inf, queue_len: 0
[2026-08-22 11:46:07.362 GPU_Scheduler_0] Model model_3 (instance 0) deactivation succeeded on GPU 0
[2026-08-22 11:46:07.367 GPU_Scheduler_1] Received activate request for model model_3
[2026-08-22 11:46:07.367 GPU_Scheduler_1] Received activate request for model_3, model_states: {'model_1': 'activated', 'model_2': 'activated', 'model_3': 'committing', 'model_4': 'activated', 'model_5': 'deactivated', 'model_6': 'deactivated'}
[2026-08-22 11:46:07.368 GPU_Scheduler_1] [PAPER-OVERLAP-V6] commit dispatched model=model_3 gpu=1 worker=2
[2026-08-22 11:46:07.406 GPU_Scheduler_0] net_available: inf, queue_len: 0
[2026-08-22 11:46:07.550 GPU_Scheduler_0] [V5-LOOP] {"iters": 477, "t_mem": 0.0066098980605602264, "t_redis": 0.18066869908943772, "t_admit": 0.003678946988657117, "t_send": 0.003642478259280324, "t_iter": 0.1946000223979354, "admitted": 8, "iter_max": 0.0007814550772309303, "gpu_id": 0, "window_s": 5.003827095031738}
[2026-08-22 11:46:07.872 GPU_Scheduler_1] net_available: inf, queue_len: 0
[2026-08-22 11:46:08.219 GPU_Scheduler_1] [V5-LOOP] {"iters": 446, "t_mem": 0.009474091930314898, "t_redis": 0.4846796626225114, "t_admit": 0.007183773908764124, "t_send": 0.001149236923083663, "t_iter": 0.5024867653846741, "admitted": 0, "iter_max": 0.002930699149146676, "gpu_id": 1, "window_s": 5.0031819343566895}
[2026-08-22 11:46:08.363 GPU_Scheduler_0] Admitted 1 requests for model_5
[2026-08-22 11:46:08.415 GPU_Scheduler_0] net_available: inf, queue_len: 0
[2026-08-22 11:46:08.426 GPU_Scheduler_0] Admitted 2 requests for model_5
[2026-08-22 11:46:08.883 GPU_Scheduler_1] net_available: inf, queue_len: 0
[2026-08-22 11:46:09.424 GPU_Scheduler_0] net_available: inf, queue_len: 0
[2026-08-22 11:46:09.887 GPU_Scheduler_1] net_available: inf, queue_len: 0
[2026-08-22 11:46:10.431 GPU_Scheduler_0] net_available: inf, queue_len: 0
[2026-08-22 11:46:10.888 GPU_Scheduler_1] net_available: inf, queue_len: 0
[2026-08-22 11:46:11.432 GPU_Scheduler_0] net_available: inf, queue_len: 0
[2026-08-22 11:46:11.619 GPU_Scheduler_0] Admitted 1 requests for model_5
[2026-08-22 11:46:11.889 GPU_Scheduler_1] net_available: inf, queue_len: 0
[2026-08-22 11:46:12.439 GPU_Scheduler_0] net_available: inf, queue_len: 0
[2026-08-22 11:46:12.553 GPU_Scheduler_0] [V5-LOOP] {"iters": 485, "t_mem": 0.0062503633089363575, "t_redis": 0.09904959704726934, "t_admit": 0.003587201936170459, "t_send": 0.0020342241041362286, "t_iter": 0.11092138639651239, "admitted": 4, "iter_max": 0.0007756850682199001, "gpu_id": 0, "window_s": 5.002312421798706}
[2026-08-22 11:46:12.900 GPU_Scheduler_1] net_available: inf, queue_len: 0
[2026-08-22 11:46:13.225 GPU_Scheduler_1] [V5-LOOP] {"iters": 430, "t_mem": 0.011897264514118433, "t_redis": 0.6396654592826962, "t_admit": 0.009101750096306205, "t_send": 0.0014359436463564634, "t_iter": 0.6621004175394773, "admitted": 0, "iter_max": 0.0034727021120488644, "gpu_id": 1, "window_s": 5.005199909210205}
[2026-08-22 11:46:13.445 GPU_Scheduler_0] net_available: inf, queue_len: 0
[2026-08-22 11:46:13.900 GPU_Scheduler_1] net_available: inf, queue_len: 0
[2026-08-22 11:46:14.447 GPU_Scheduler_0] net_available: inf, queue_len: 0
[2026-08-22 11:46:14.910 GPU_Scheduler_1] net_available: inf, queue_len: 0
[2026-08-22 11:46:15.455 GPU_Scheduler_0] net_available: inf, queue_len: 0
[2026-08-22 11:46:15.517 GPU_Scheduler_0] Admitted 1 requests for model_5
[2026-08-22 11:46:15.528 GPU_Scheduler_0] Admitted 1 requests for model_5
[2026-08-22 11:46:15.683 GPU_Scheduler_0] Admitted 1 requests for model_5
[2026-08-22 11:46:15.796 GPU_Scheduler_0] Admitted 1 requests for model_5
[2026-08-22 11:46:15.916 GPU_Scheduler_1] net_available: inf, queue_len: 0
[2026-08-22 11:46:16.394 GPU_Scheduler_0] Admitted 1 requests for model_5
[2026-08-22 11:46:16.456 GPU_Scheduler_0] net_available: inf, queue_len: 0
[2026-08-22 11:46:16.924 GPU_Scheduler_1] net_available: inf, queue_len: 0
[2026-08-22 11:46:17.462 GPU_Scheduler_0] net_available: inf, queue_len: 0
[2026-08-22 11:46:17.556 GPU_Scheduler_0] [V5-LOOP] {"iters": 483, "t_mem": 0.006934579461812973, "t_redis": 0.11579211265780032, "t_admit": 0.003971265163272619, "t_send": 0.002620259765535593, "t_iter": 0.1293182170484215, "admitted": 5, "iter_max": 0.0012803389690816402, "gpu_id": 0, "window_s": 5.002567529678345}
[2026-08-22 11:46:17.618 GPU_Scheduler_0] Admitted 1 requests for model_5
[2026-08-22 11:46:17.935 GPU_Scheduler_1] net_available: inf, queue_len: 0
[2026-08-22 11:46:18.179 GPU_Scheduler_0] Admitted 1 requests for model_5
[2026-08-22 11:46:18.229 GPU_Scheduler_1] [V5-LOOP] {"iters": 436, "t_mem": 0.010888034477829933, "t_redis": 0.581168343545869, "t_admit": 0.008395643904805183, "t_send": 0.0012939420994371176, "t_iter": 0.6017459640279412, "admitted": 0, "iter_max": 0.004471078980714083, "gpu_id": 1, "window_s": 5.0041115283966064}
[2026-08-22 11:46:18.471 GPU_Scheduler_0] net_available: inf, queue_len: 0
[2026-08-22 11:46:18.784 GPU_Scheduler_0] Admitted 1 requests for model_5
[2026-08-22 11:46:18.837 GPU_Scheduler_0] Admitted 1 requests for model_5
[2026-08-22 11:46:18.936 GPU_Scheduler_1] net_available: inf, queue_len: 0
[2026-08-22 11:46:19.433 GPU_Scheduler_1] Model model_3 (instance 1) activation succeeded on GPU 1
[2026-08-22 11:46:19.449 GPU_Scheduler_1] Admitted 476 requests for model_3
[2026-08-22 11:46:19.473 GPU_Scheduler_0] net_available: inf, queue_len: 0
[2026-08-22 11:46:19.577 GPU_Scheduler_0] Admitted 1 requests for model_5
[2026-08-22 11:46:19.671 GPU_Scheduler_0] Admitted 1 requests for model_5
[2026-08-22 11:46:19.938 GPU_Scheduler_1] net_available: inf, queue_len: 0
[2026-08-22 11:46:20.479 GPU_Scheduler_0] net_available: inf, queue_len: 0
[2026-08-22 11:46:20.906 GPU_Scheduler_0] Admitted 1 requests for model_5
[2026-08-22 11:46:20.940 GPU_Scheduler_1] net_available: inf, queue_len: 6, model_backend_queue_lens: {'model_1': 0, 'model_2': 0, 'model_3': 476, 'model_4': 0}
[2026-08-22 11:46:21.486 GPU_Scheduler_0] net_available: inf, queue_len: 0
[2026-08-22 11:46:21.946 GPU_Scheduler_1] net_available: inf, queue_len: 7, model_backend_queue_lens: {'model_1': 0, 'model_2': 0, 'model_3': 476, 'model_4': 0}
[2026-08-22 11:46:22.100 GPU_Scheduler_0] Admitted 1 requests for model_5
[2026-08-22 11:46:22.163 GPU_Scheduler_0] Admitted 1 requests for model_5
[2026-08-22 11:46:22.494 GPU_Scheduler_0] net_available: inf, queue_len: 0
[2026-08-22 11:46:22.558 GPU_Scheduler_0] [V5-LOOP] {"iters": 477, "t_mem": 0.008539788192138076, "t_redis": 0.16341327084228396, "t_admit": 0.004546047421172261, "t_send": 0.0051765176467597485, "t_iter": 0.18167562410235405, "admitted": 9, "iter_max": 0.026743921916931868, "gpu_id": 0, "window_s": 5.002624988555908}
[2026-08-22 11:46:22.569 GPU_Scheduler_0] Admitted 1 requests for model_5
[2026-08-22 11:46:22.947 GPU_Scheduler_1] net_available: inf, queue_len: 22, model_backend_queue_lens: {'model_1': 0, 'model_2': 0, 'model_3': 476, 'model_4': 0}
[2026-08-22 11:46:23.230 GPU_Scheduler_1] [V5-LOOP] {"iters": 428, "t_mem": 0.008677527075633407, "t_redis": 0.5818102278281003, "t_admit": 0.011450971011072397, "t_send": 0.07781076873652637, "t_iter": 0.6797494946513325, "admitted": 476, "iter_max": 0.07839079503901303, "gpu_id": 1, "window_s": 5.00067138671875}
[2026-08-22 11:46:23.503 GPU_Scheduler_0] net_available: inf, queue_len: 0
[2026-08-22 11:46:23.957 GPU_Scheduler_1] net_available: inf, queue_len: 30, model_backend_queue_lens: {'model_1': 0, 'model_2': 0, 'model_3': 476, 'model_4': 0}
[2026-08-22 11:46:24.361 GPU_Scheduler_0] Admitted 1 requests for model_5
[2026-08-22 11:46:24.372 GPU_Scheduler_0] Admitted 1 requests for model_5
[2026-08-22 11:46:24.510 GPU_Scheduler_0] net_available: inf, queue_len: 0
[2026-08-22 11:46:24.531 GPU_Scheduler_0] Admitted 1 requests for model_5
[2026-08-22 11:46:24.743 GPU_Scheduler_1] Received deactivate request for model model_2
[2026-08-22 11:46:24.744 GPU_Scheduler_1] Received deactivate request for model_2, model_states: {'model_1': 'activated', 'model_2': 'deactivating', 'model_3': 'activated', 'model_4': 'activated', 'model_5': 'deactivated', 'model_6': 'deactivated'}
[2026-08-22 11:46:24.744 GPU_Scheduler_1] Release worker 0 from model model_2. Current model_to_worker: {'model_1': 3, 'model_4': 1, 'model_3': 2}
[2026-08-22 11:46:24.958 GPU_Scheduler_1] net_available: inf, queue_len: 44, model_backend_queue_lens: {'model_1': 0, 'model_2': 0, 'model_3': 476, 'model_4': 0}
[2026-08-22 11:46:25.091 GPU_Scheduler_0] Admitted 1 requests for model_5
[2026-08-22 11:46:25.208 GPU_Scheduler_0] Admitted 1 requests for model_5
[2026-08-22 11:46:25.304 GPU_Scheduler_0] Admitted 1 requests for model_5
[2026-08-22 11:46:25.403 GPU_Scheduler_1] Model model_2 (instance 1) deactivation succeeded on GPU 1
[2026-08-22 11:46:25.517 GPU_Scheduler_0] net_available: inf, queue_len: 0
[2026-08-22 11:46:25.825 GPU_Scheduler_0] Admitted 1 requests for model_5
[2026-08-22 11:46:25.959 GPU_Scheduler_1] net_available: inf, queue_len: 67, model_backend_queue_lens: {'model_1': 0, 'model_3': 476, 'model_4': 0}
[2026-08-22 11:46:26.295 GPU_Scheduler_0] Admitted 1 requests for model_5
[2026-08-22 11:46:26.471 GPU_Scheduler_0] Admitted 1 requests for model_5
[2026-08-22 11:46:26.523 GPU_Scheduler_0] net_available: inf, queue_len: 0
[2026-08-22 11:46:26.555 GPU_Scheduler_0] Admitted 2 requests for model_5
[2026-08-22 11:46:26.700 GPU_Scheduler_0] Admitted 1 requests for model_5
[2026-08-22 11:46:26.966 GPU_Scheduler_1] net_available: inf, queue_len: 82, model_backend_queue_lens: {'model_1': 0, 'model_3': 464, 'model_4': 0}
[2026-08-22 11:46:27.035 GPU_Scheduler_0] Admitted 1 requests for model_5
[2026-08-22 11:46:27.525 GPU_Scheduler_0] net_available: inf, queue_len: 0
[2026-08-22 11:46:27.558 GPU_Scheduler_0] Admitted 1 requests for model_5
[2026-08-22 11:46:27.569 GPU_Scheduler_0] [V5-LOOP] {"iters": 472, "t_mem": 0.009784696623682976, "t_redis": 0.2191350453067571, "t_admit": 0.005556607618927956, "t_send": 0.009430494625121355, "t_iter": 0.24390684417448938, "admitted": 15, "iter_max": 0.028461582958698273, "gpu_id": 0, "window_s": 5.010606288909912}
[2026-08-22 11:46:27.969 GPU_Scheduler_1] net_available: inf, queue_len: 101, model_backend_queue_lens: {'model_1': 0, 'model_3': 453, 'model_4': 0}
[2026-08-22 11:46:28.239 GPU_Scheduler_1] [V5-LOOP] {"iters": 451, "t_mem": 0.007981557166203856, "t_redis": 0.41162186046130955, "t_admit": 0.03871877770870924, "t_send": 0.0008632733952254057, "t_iter": 0.45918546873144805, "admitted": 0, "iter_max": 0.002667756984010339, "gpu_id": 1, "window_s": 5.008483171463013}
[2026-08-22 11:46:28.263 GPU_Scheduler_0] Admitted 1 requests for model_5
[2026-08-22 11:46:28.286 GPU_Scheduler_0] Admitted 1 requests for model_5
[2026-08-22 11:46:28.532 GPU_Scheduler_0] net_available: inf, queue_len: 0
[2026-08-22 11:46:28.616 GPU_Scheduler_0] Admitted 1 requests for model_5
[2026-08-22 11:46:28.835 GPU_Scheduler_0] Admitted 1 requests for model_5
[2026-08-22 11:46:28.973 GPU_Scheduler_1] net_available: inf, queue_len: 109, model_backend_queue_lens: {'model_1': 0, 'model_3': 433, 'model_4': 0}
[2026-08-22 11:46:29.538 GPU_Scheduler_0] net_available: inf, queue_len: 0
[2026-08-22 11:46:29.810 GPU_Scheduler_1] Received deactivate request for model model_1
[2026-08-22 11:46:29.810 GPU_Scheduler_1] Received deactivate request for model_1, model_states: {'model_1': 'deactivating', 'model_2': 'deactivated', 'model_3': 'activated', 'model_4': 'activated', 'model_5': 'deactivated', 'model_6': 'deactivated'}
[2026-08-22 11:46:29.810 GPU_Scheduler_1] Release worker 3 from model model_1. Current model_to_worker: {'model_4': 1, 'model_3': 2}
[2026-08-22 11:46:29.811 GPU_Scheduler_1] Received deactivate request for model model_4
[2026-08-22 11:46:29.811 GPU_Scheduler_1] Received deactivate request for model_4, model_states: {'model_1': 'deactivating', 'model_2': 'deactivated', 'model_3': 'activated', 'model_4': 'deactivating', 'model_5': 'deactivated', 'model_6': 'deactivated'}
[2026-08-22 11:46:29.811 GPU_Scheduler_1] Release worker 1 from model model_4. Current model_to_worker: {'model_3': 2}
[2026-08-22 11:46:29.950 GPU_Scheduler_0] Admitted 1 requests for model_5
[2026-08-22 11:46:29.977 GPU_Scheduler_1] net_available: inf, queue_len: 119, model_backend_queue_lens: {'model_1': 0, 'model_3': 428, 'model_4': 0}
[2026-08-22 11:46:30.399 GPU_Scheduler_0] Admitted 1 requests for model_5
[2026-08-22 11:46:30.546 GPU_Scheduler_0] net_available: inf, queue_len: 0
[2026-08-22 11:46:30.985 GPU_Scheduler_1] net_available: inf, queue_len: 127, model_backend_queue_lens: {'model_1': 0, 'model_3': 416, 'model_4': 0}
[2026-08-22 11:46:31.389 GPU_Scheduler_1] Model model_1 (instance 1) deactivation succeeded on GPU 1
[2026-08-22 11:46:31.553 GPU_Scheduler_0] net_available: inf, queue_len: 0
[2026-08-22 11:46:31.570 GPU_Scheduler_1] Model model_4 (instance 1) deactivation succeeded on GPU 1
[2026-08-22 11:46:31.987 GPU_Scheduler_1] net_available: inf, queue_len: 129, model_backend_queue_lens: {'model_3': 377}
[2026-08-22 11:46:32.561 GPU_Scheduler_0] net_available: inf, queue_len: 0
[2026-08-22 11:46:32.572 GPU_Scheduler_0] [V5-LOOP] {"iters": 474, "t_mem": 0.010011645266786218, "t_redis": 0.19551960262469947, "t_admit": 0.0058979373425245285, "t_send": 0.004848565207794309, "t_iter": 0.21627775044180453, "admitted": 6, "iter_max": 0.0012836679816246033, "gpu_id": 0, "window_s": 5.002396821975708}
[2026-08-22 11:46:32.993 GPU_Scheduler_1] net_available: inf, queue_len: 130, model_backend_queue_lens: {'model_3': 377}
[2026-08-22 11:46:33.246 GPU_Scheduler_1] [V5-LOOP] {"iters": 468, "t_mem": 0.006547676399350166, "t_redis": 0.21719441446475685, "t_admit": 0.0620787562802434, "t_send": 0.0007294877432286739, "t_iter": 0.2865503348875791, "admitted": 0, "iter_max": 0.001205718144774437, "gpu_id": 1, "window_s": 5.006405353546143}
[2026-08-22 11:46:33.565 GPU_Scheduler_0] net_available: inf, queue_len: 0
[2026-08-22 11:46:34.002 GPU_Scheduler_1] net_available: inf, queue_len: 130, model_backend_queue_lens: {'model_3': 331}
[2026-08-22 11:46:34.207 GPU_Scheduler_0] Admitted 1 requests for model_5
[2026-08-22 11:46:34.218 GPU_Scheduler_0] Admitted 1 requests for model_5
[2026-08-22 11:46:34.324 GPU_Scheduler_0] Admitted 1 requests for model_5
[2026-08-22 11:46:34.355 GPU_Scheduler_0] Admitted 1 requests for model_5
[2026-08-22 11:46:34.491 GPU_Scheduler_0] Admitted 1 requests for model_5
[2026-08-22 11:46:34.501 GPU_Scheduler_0] Admitted 1 requests for model_5
[2026-08-22 11:46:34.522 GPU_Scheduler_0] Admitted 1 requests for model_5
[2026-08-22 11:46:34.575 GPU_Scheduler_0] net_available: inf, queue_len: 0
[2026-08-22 11:46:34.870 GPU_Scheduler_1] Received activate request for model model_1
[2026-08-22 11:46:34.871 GPU_Scheduler_1] Received activate request for model_1, model_states: {'model_1': 'activating', 'model_2': 'deactivated', 'model_3': 'activated', 'model_4': 'deactivated', 'model_5': 'deactivated', 'model_6': 'deactivated'}
[2026-08-22 11:46:34.871 GPU_Scheduler_1] Assign worker 0 to model_1. Current model_to_worker: {'model_3': 2, 'model_1': 0}
[2026-08-22 11:46:34.877 GPU_Scheduler_1] Admitted 1 requests for model_1
[2026-08-22 11:46:34.908 GPU_Scheduler_0] Admitted 1 requests for model_5
[2026-08-22 11:46:35.005 GPU_Scheduler_1] net_available: inf, queue_len: 132, model_backend_queue_lens: {'model_1': 1, 'model_3': 331}
[2026-08-22 11:46:35.581 GPU_Scheduler_0] net_available: inf, queue_len: 0
[2026-08-22 11:46:35.788 GPU_Scheduler_0] Admitted 1 requests for model_5
[2026-08-22 11:46:36.014 GPU_Scheduler_1] net_available: inf, queue_len: 134, model_backend_queue_lens: {'model_1': 1, 'model_3': 307}
[2026-08-22 11:46:36.027 GPU_Scheduler_1] Model model_1 (instance 1) activation succeeded on GPU 1
[2026-08-22 11:46:36.032 GPU_Scheduler_1] Received activate request for model model_2
[2026-08-22 11:46:36.032 GPU_Scheduler_1] Received activate request for model_2, model_states: {'model_1': 'activated', 'model_2': 'activating', 'model_3': 'activated', 'model_4': 'deactivated', 'model_5': 'deactivated', 'model_6': 'deactivated'}
[2026-08-22 11:46:36.032 GPU_Scheduler_1] Assign worker 3 to model_2. Current model_to_worker: {'model_3': 2, 'model_1': 0, 'model_2': 3}
[2026-08-22 11:46:36.036 GPU_Scheduler_1] Admitted 27 requests for model_2
[2026-08-22 11:46:36.142 GPU_Scheduler_0] Admitted 1 requests for model_5
[2026-08-22 11:46:36.444 GPU_Scheduler_0] Admitted 1 requests for model_5
[2026-08-22 11:46:36.455 GPU_Scheduler_0] Admitted 1 requests for model_5
[2026-08-22 11:46:36.582 GPU_Scheduler_0] net_available: inf, queue_len: 0
[2026-08-22 11:46:36.901 GPU_Scheduler_0] Admitted 1 requests for model_5
[2026-08-22 11:46:37.015 GPU_Scheduler_1] net_available: inf, queue_len: 141, model_backend_queue_lens: {'model_1': 0, 'model_2': 27, 'model_3': 277}
[2026-08-22 11:46:37.508 GPU_Scheduler_0] Admitted 1 requests for model_5
[2026-08-22 11:46:37.531 GPU_Scheduler_0] Admitted 1 requests for model_5
[2026-08-22 11:46:37.574 GPU_Scheduler_0] [V5-LOOP] {"iters": 475, "t_mem": 0.009432295337319374, "t_redis": 0.1824851653072983, "t_admit": 0.005135791841894388, "t_send": 0.009562430437654257, "t_iter": 0.20661568292416632, "admitted": 15, "iter_max": 0.0017452221363782883, "gpu_id": 0, "window_s": 5.002263784408569}
[2026-08-22 11:46:37.585 GPU_Scheduler_0] net_available: inf, queue_len: 0
[2026-08-22 11:46:37.614 GPU_Scheduler_1] Model model_2 (instance 1) activation succeeded on GPU 1
[2026-08-22 11:46:37.622 GPU_Scheduler_1] Admitted 8 requests for model_2
[2026-08-22 11:46:37.663 GPU_Scheduler_1] Admitted 1 requests for model_2
[2026-08-22 11:46:37.741 GPU_Scheduler_0] Admitted 1 requests for model_5
[2026-08-22 11:46:37.905 GPU_Scheduler_1] Admitted 2 requests for model_2
[2026-08-22 11:46:38.015 GPU_Scheduler_1] net_available: inf, queue_len: 136, model_backend_queue_lens: {'model_1': 0, 'model_2': 8, 'model_3': 271}
[2026-08-22 11:46:38.048 GPU_Scheduler_1] Admitted 3 requests for model_2
[2026-08-22 11:46:38.256 GPU_Scheduler_1] [V5-LOOP] {"iters": 461, "t_mem": 0.006924073677510023, "t_redis": 0.2605949870776385, "t_admit": 0.07571950415149331, "t_send": 0.015147526981309056, "t_iter": 0.3583860918879509, "admitted": 42, "iter_max": 0.006475290982052684, "gpu_id": 1, "window_s": 5.009692192077637}
[2026-08-22 11:46:38.466 GPU_Scheduler_0] Admitted 1 requests for model_5
[2026-08-22 11:46:38.490 GPU_Scheduler_1] Admitted 3 requests for model_2
[2026-08-22 11:46:38.594 GPU_Scheduler_0] net_available: inf, queue_len: 0
[2026-08-22 11:46:38.705 GPU_Scheduler_1] Admitted 1 requests for model_2
[2026-08-22 11:46:38.743 GPU_Scheduler_1] Admitted 1 requests for model_2
[2026-08-22 11:46:38.756 GPU_Scheduler_1] Admitted 1 requests for model_2
[2026-08-22 11:46:38.839 GPU_Scheduler_1] Admitted 1 requests for model_2
[2026-08-22 11:46:38.984 GPU_Scheduler_1] Admitted 1 requests for model_1
[2026-08-22 11:46:39.017 GPU_Scheduler_1] net_available: inf, queue_len: 138, model_backend_queue_lens: {'model_1': 0, 'model_2': 5, 'model_3': 266}
[2026-08-22 11:46:39.060 GPU_Scheduler_1] Admitted 1 requests for model_2
[2026-08-22 11:46:39.153 GPU_Scheduler_0] Admitted 1 requests for model_5
[2026-08-22 11:46:39.330 GPU_Scheduler_0] Admitted 1 requests for model_5
[2026-08-22 11:46:39.451 GPU_Scheduler_1] Admitted 1 requests for model_2
[2026-08-22 11:46:39.601 GPU_Scheduler_0] net_available: inf, queue_len: 0
[2026-08-22 11:46:39.642 GPU_Scheduler_0] Admitted 1 requests for model_5
[2026-08-22 11:46:40.026 GPU_Scheduler_1] net_available: inf, queue_len: 140, model_backend_queue_lens: {'model_1': 0, 'model_2': 1, 'model_3': 251}
[2026-08-22 11:46:40.037 GPU_Scheduler_0] Admitted 1 requests for model_5
[2026-08-22 11:46:40.199 GPU_Scheduler_1] Admitted 1 requests for model_2
[2026-08-22 11:46:40.221 GPU_Scheduler_1] Admitted 1 requests for model_2
[2026-08-22 11:46:40.443 GPU_Scheduler_0] Admitted 1 requests for model_5
[2026-08-22 11:46:40.610 GPU_Scheduler_0] net_available: inf, queue_len: 0
[2026-08-22 11:46:40.636 GPU_Scheduler_1] Admitted 1 requests for model_2
[2026-08-22 11:46:40.914 GPU_Scheduler_1] Admitted 1 requests for model_2
[2026-08-22 11:46:41.037 GPU_Scheduler_1] net_available: inf, queue_len: 142, model_backend_queue_lens: {'model_1': 0, 'model_2': 3, 'model_3': 246}
[2026-08-22 11:46:41.137 GPU_Scheduler_0] Admitted 1 requests for model_5
[2026-08-22 11:46:41.194 GPU_Scheduler_1] Admitted 1 requests for model_2
[2026-08-22 11:46:41.239 GPU_Scheduler_1] Admitted 1 requests for model_2
[2026-08-22 11:46:41.530 GPU_Scheduler_0] Admitted 1 requests for model_5
[2026-08-22 11:46:41.551 GPU_Scheduler_1] Admitted 1 requests for model_2
[2026-08-22 11:46:41.613 GPU_Scheduler_0] net_available: inf, queue_len: 0
[2026-08-22 11:46:41.681 GPU_Scheduler_1] Admitted 1 requests for model_2
[2026-08-22 11:46:41.703 GPU_Scheduler_1] Admitted 1 requests for model_2
[2026-08-22 11:46:41.779 GPU_Scheduler_1] Admitted 1 requests for model_2
[2026-08-22 11:46:41.862 GPU_Scheduler_0] Admitted 1 requests for model_5
[2026-08-22 11:46:42.042 GPU_Scheduler_1] net_available: inf, queue_len: 143, model_backend_queue_lens: {'model_1': 0, 'model_2': 5, 'model_3': 243}
[2026-08-22 11:46:42.087 GPU_Scheduler_1] Admitted 1 requests for model_2
[2026-08-22 11:46:42.232 GPU_Scheduler_1] Admitted 1 requests for model_2
[2026-08-22 11:46:42.299 GPU_Scheduler_1] Admitted 1 requests for model_2
[2026-08-22 11:46:42.308 GPU_Scheduler_0] Admitted 1 requests for model_5
[2026-08-22 11:46:42.310 GPU_Scheduler_1] Admitted 1 requests for model_2
[2026-08-22 11:46:42.366 GPU_Scheduler_1] Admitted 1 requests for model_2
[2026-08-22 11:46:42.400 GPU_Scheduler_1] Admitted 1 requests for model_2
[2026-08-22 11:46:42.423 GPU_Scheduler_1] Admitted 1 requests for model_2
[2026-08-22 11:46:42.443 GPU_Scheduler_0] Admitted 1 requests for model_5
[2026-08-22 11:46:42.457 GPU_Scheduler_1] Admitted 1 requests for model_2
[2026-08-22 11:46:42.469 GPU_Scheduler_1] Admitted 1 requests for model_2
[2026-08-22 11:46:42.491 GPU_Scheduler_1] Admitted 1 requests for model_2
[2026-08-22 11:46:42.536 GPU_Scheduler_1] Admitted 1 requests for model_2
[2026-08-22 11:46:42.579 GPU_Scheduler_0] [V5-LOOP] {"iters": 481, "t_mem": 0.007938297465443611, "t_redis": 0.1303514107130468, "t_admit": 0.004622237756848335, "t_send": 0.007565555861219764, "t_iter": 0.1504775017965585, "admitted": 12, "iter_max": 0.0011595680844038725, "gpu_id": 0, "window_s": 5.003931522369385}
[2026-08-22 11:46:42.600 GPU_Scheduler_0] Admitted 1 requests for model_5
[2026-08-22 11:46:42.622 GPU_Scheduler_0] net_available: inf, queue_len: 0
[2026-08-22 11:46:42.629 GPU_Scheduler_1] Admitted 1 requests for model_2
[2026-08-22 11:46:42.675 GPU_Scheduler_0] Admitted 1 requests for model_5
[2026-08-22 11:46:42.711 GPU_Scheduler_1] Admitted 1 requests for model_2
[2026-08-22 11:46:43.019 GPU_Scheduler_1] Admitted 1 requests for model_2
[2026-08-22 11:46:43.026 GPU_Scheduler_0] Admitted 1 requests for model_5
[2026-08-22 11:46:43.044 GPU_Scheduler_1] net_available: inf, queue_len: 144, model_backend_queue_lens: {'model_1': 0, 'model_2': 7, 'model_3': 233}
[2026-08-22 11:46:43.104 GPU_Scheduler_1] Admitted 1 requests for model_2
[2026-08-22 11:46:43.262 GPU_Scheduler_1] [V5-LOOP] {"iters": 447, "t_mem": 0.007910010404884815, "t_redis": 0.3827825079206377, "t_admit": 0.08496232307516038, "t_send": 0.020564822712913156, "t_iter": 0.4962196641135961, "admitted": 35, "iter_max": 0.003969515906646848, "gpu_id": 1, "window_s": 5.006212949752808}
[2026-08-22 11:46:43.456 GPU_Scheduler_1] Admitted 1 requests for model_2
[2026-08-22 11:46:43.626 GPU_Scheduler_0] net_available: inf, queue_len: 0
[2026-08-22 11:46:43.691 GPU_Scheduler_1] Admitted 1 requests for model_2
[2026-08-22 11:46:43.987 GPU_Scheduler_0] Admitted 1 requests for model_5
[2026-08-22 11:46:44.018 GPU_Scheduler_0] Admitted 1 requests for model_5
[2026-08-22 11:46:44.049 GPU_Scheduler_1] net_available: inf, queue_len: 145, model_backend_queue_lens: {'model_1': 0, 'model_2': 6, 'model_3': 229}
[2026-08-22 11:46:44.061 GPU_Scheduler_1] Admitted 1 requests for model_2
[2026-08-22 11:46:44.111 GPU_Scheduler_0] Admitted 1 requests for model_5
[2026-08-22 11:46:44.344 GPU_Scheduler_1] Admitted 1 requests for model_2
[2026-08-22 11:46:44.499 GPU_Scheduler_1] Admitted 1 requests for model_2
[2026-08-22 11:46:44.503 GPU_Scheduler_0] Admitted 1 requests for model_5
[2026-08-22 11:46:44.627 GPU_Scheduler_0] net_available: inf, queue_len: 0
[2026-08-22 11:46:44.717 GPU_Scheduler_1] Admitted 1 requests for model_2
[2026-08-22 11:46:44.730 GPU_Scheduler_1] Admitted 1 requests for model_2
[2026-08-22 11:46:45.057 GPU_Scheduler_1] net_available: inf, queue_len: 148, model_backend_queue_lens: {'model_1': 0, 'model_2': 11, 'model_3': 226}
[2026-08-22 11:46:45.152 GPU_Scheduler_0] Admitted 1 requests for model_5
[2026-08-22 11:46:45.327 GPU_Scheduler_1] Admitted 4 requests for model_2
[2026-08-22 11:46:45.488 GPU_Scheduler_0] Received activate request for model model_6
[2026-08-22 11:46:45.488 GPU_Scheduler_0] Received activate request for model_6, model_states: {'model_1': 'deactivated', 'model_2': 'deactivated', 'model_3': 'deactivated', 'model_4': 'deactivated', 'model_5': 'activated', 'model_6': 'activating'}
[2026-08-22 11:46:45.488 GPU_Scheduler_0] Assign worker 0 to model_6. Current model_to_worker: {'model_5': 2, 'model_6': 0}
[2026-08-22 11:46:45.493 GPU_Scheduler_0] Admitted 246 requests for model_6
[2026-08-22 11:46:45.557 GPU_Scheduler_0] Admitted 1 requests for model_5
[2026-08-22 11:46:45.610 GPU_Scheduler_0] Admitted 1 requests for model_5
[2026-08-22 11:46:45.631 GPU_Scheduler_0] net_available: inf, queue_len: 2, model_backend_queue_lens: {'model_5': 0, 'model_6': 246}
[2026-08-22 11:46:45.841 GPU_Scheduler_0] Admitted 1 requests for model_5
[2026-08-22 11:46:46.057 GPU_Scheduler_1] net_available: inf, queue_len: 147, model_backend_queue_lens: {'model_1': 0, 'model_2': 13, 'model_3': 220}
[2026-08-22 11:46:46.637 GPU_Scheduler_0] net_available: inf, queue_len: 20, model_backend_queue_lens: {'model_5': 0, 'model_6': 246}
[2026-08-22 11:46:46.784 GPU_Scheduler_0] Admitted 1 requests for model_5
[2026-08-22 11:46:46.965 GPU_Scheduler_1] Admitted 6 requests for model_2
[2026-08-22 11:46:47.004 GPU_Scheduler_0] Admitted 1 requests for model_5
[2026-08-22 11:46:47.067 GPU_Scheduler_1] net_available: inf, queue_len: 148, model_backend_queue_lens: {'model_1': 0, 'model_2': 7, 'model_3': 215}
[2026-08-22 11:46:47.098 GPU_Scheduler_0] Admitted 1 requests for model_5
[2026-08-22 11:46:47.156 GPU_Scheduler_1] Admitted 1 requests for model_2
[2026-08-22 11:46:47.424 GPU_Scheduler_0] Admitted 1 requests for model_5
[2026-08-22 11:46:47.581 GPU_Scheduler_0] [V5-LOOP] {"iters": 476, "t_mem": 0.006608685245737433, "t_redis": 0.13882537558674812, "t_admit": 0.007767403265461326, "t_send": 0.04972142889164388, "t_iter": 0.20292289298959076, "admitted": 261, "iter_max": 0.04348062095232308, "gpu_id": 0, "window_s": 5.002644777297974}
[2026-08-22 11:46:47.592 GPU_Scheduler_1] Admitted 1 requests for model_2
[2026-08-22 11:46:47.645 GPU_Scheduler_0] net_available: inf, queue_len: 31, model_backend_queue_lens: {'model_5': 1, 'model_6': 246}
[2026-08-22 11:46:47.697 GPU_Scheduler_0] Admitted 1 requests for model_5
[2026-08-22 11:46:48.073 GPU_Scheduler_1] net_available: inf, queue_len: 152, model_backend_queue_lens: {'model_1': 0, 'model_2': 7, 'model_3': 214}
[2026-08-22 11:46:48.084 GPU_Scheduler_1] Admitted 1 requests for model_2
[2026-08-22 11:46:48.263 GPU_Scheduler_1] [V5-LOOP] {"iters": 428, "t_mem": 0.009541388601064682, "t_redis": 0.5486626124475151, "t_admit": 0.1092624191660434, "t_send": 0.011752532562240958, "t_iter": 0.6792189527768642, "admitted": 20, "iter_max": 0.003309721127152443, "gpu_id": 1, "window_s": 5.0006444454193115}
[2026-08-22 11:46:48.275 GPU_Scheduler_1] Admitted 1 requests for model_2
[2026-08-22 11:46:48.343 GPU_Scheduler_1] Admitted 1 requests for model_2
[2026-08-22 11:46:48.650 GPU_Scheduler_0] net_available: inf, queue_len: 38, model_backend_queue_lens: {'model_5': 0, 'model_6': 246}
[2026-08-22 11:46:48.956 GPU_Scheduler_1] Admitted 1 requests for model_2
[2026-08-22 11:46:49.078 GPU_Scheduler_1] net_available: inf, queue_len: 155, model_backend_queue_lens: {'model_1': 0, 'model_2': 1, 'model_3': 209}
[2026-08-22 11:46:49.163 GPU_Scheduler_1] Admitted 1 requests for model_2
[2026-08-22 11:46:49.212 GPU_Scheduler_1] Admitted 1 requests for model_2
[2026-08-22 11:46:49.657 GPU_Scheduler_0] net_available: inf, queue_len: 56, model_backend_queue_lens: {'model_5': 0, 'model_6': 246}
[2026-08-22 11:46:49.752 GPU_Scheduler_0] Admitted 1 requests for model_5
[2026-08-22 11:46:49.805 GPU_Scheduler_0] Admitted 1 requests for model_5
[2026-08-22 11:46:50.084 GPU_Scheduler_1] net_available: inf, queue_len: 155, model_backend_queue_lens: {'model_1': 0, 'model_2': 0, 'model_3': 203}
[2026-08-22 11:46:50.121 GPU_Scheduler_0] Admitted 1 requests for model_5
[2026-08-22 11:46:50.238 GPU_Scheduler_0] Admitted 1 requests for model_5
[2026-08-22 11:46:50.256 GPU_Scheduler_1] Admitted 1 requests for model_2
[2026-08-22 11:46:50.280 GPU_Scheduler_0] Admitted 1 requests for model_5
[2026-08-22 11:46:50.291 GPU_Scheduler_0] Admitted 1 requests for model_5
[2026-08-22 11:46:50.424 GPU_Scheduler_1] Admitted 1 requests for model_2
[2026-08-22 11:46:50.436 GPU_Scheduler_1] Admitted 1 requests for model_2
[2026-08-22 11:46:50.659 GPU_Scheduler_0] net_available: inf, queue_len: 67, model_backend_queue_lens: {'model_5': 1, 'model_6': 246}
[2026-08-22 11:46:50.733 GPU_Scheduler_0] Admitted 1 requests for model_5
[2026-08-22 11:46:50.842 GPU_Scheduler_1] Admitted 1 requests for model_2
[2026-08-22 11:46:50.859 GPU_Scheduler_0] Admitted 1 requests for model_5
[2026-08-22 11:46:50.898 GPU_Scheduler_1] Admitted 1 requests for model_2
[2026-08-22 11:46:50.902 GPU_Scheduler_0] Admitted 1 requests for model_5
[2026-08-22 11:46:51.060 GPU_Scheduler_0] Admitted 1 requests for model_5
[2026-08-22 11:46:51.089 GPU_Scheduler_1] net_available: inf, queue_len: 155, model_backend_queue_lens: {'model_1': 0, 'model_2': 0, 'model_3': 200}
[2026-08-22 11:46:51.095 GPU_Scheduler_0] Model model_6 (instance 0) activation succeeded on GPU 0
[2026-08-22 11:46:51.111 GPU_Scheduler_1] Admitted 1 requests for model_2
[2026-08-22 11:46:51.144 GPU_Scheduler_0] Admitted 1 requests for model_5
[2026-08-22 11:46:51.378 GPU_Scheduler_1] Admitted 1 requests for model_2
[2026-08-22 11:46:51.401 GPU_Scheduler_1] Admitted 1 requests for model_2
[2026-08-22 11:46:51.661 GPU_Scheduler_0] net_available: inf, queue_len: 74, model_backend_queue_lens: {'model_5': 0, 'model_6': 216}
[2026-08-22 11:46:51.745 GPU_Scheduler_0] Admitted 1 requests for model_5
[2026-08-22 11:46:51.883 GPU_Scheduler_0] Admitted 1 requests for model_5
[2026-08-22 11:46:51.958 GPU_Scheduler_1] Admitted 1 requests for model_2
[2026-08-22 11:46:52.030 GPU_Scheduler_0] Admitted 1 requests for model_5
[2026-08-22 11:46:52.047 GPU_Scheduler_1] Admitted 1 requests for model_2
[2026-08-22 11:46:52.093 GPU_Scheduler_1] net_available: inf, queue_len: 157, model_backend_queue_lens: {'model_1': 0, 'model_2': 0, 'model_3': 188}
[2026-08-22 11:46:52.115 GPU_Scheduler_1] Admitted 1 requests for model_1
[2026-08-22 11:46:52.160 GPU_Scheduler_1] Admitted 1 requests for model_2
[2026-08-22 11:46:52.228 GPU_Scheduler_1] Admitted 1 requests for model_2
[2026-08-22 11:46:52.252 GPU_Scheduler_0] Admitted 1 requests for model_5
[2026-08-22 11:46:52.549 GPU_Scheduler_1] Admitted 1 requests for model_2
[2026-08-22 11:46:52.591 GPU_Scheduler_0] [V5-LOOP] {"iters": 476, "t_mem": 0.006101009668782353, "t_redis": 0.1674489830620587, "t_admit": 0.030376475304365158, "t_send": 0.006138006923720241, "t_iter": 0.21006447495892644, "admitted": 16, "iter_max": 0.0009077759459614754, "gpu_id": 0, "window_s": 5.0089240074157715}
[2026-08-22 11:46:52.665 GPU_Scheduler_0] net_available: inf, queue_len: 85, model_backend_queue_lens: {'model_5': 0, 'model_6': 184}
[2026-08-22 11:46:52.961 GPU_Scheduler_0] Admitted 1 requests for model_5
[2026-08-22 11:46:52.972 GPU_Scheduler_1] Admitted 1 requests for model_2
[2026-08-22 11:46:53.098 GPU_Scheduler_1] net_available: inf, queue_len: 158, model_backend_queue_lens: {'model_1': 0, 'model_2': 0, 'model_3': 183}
[2026-08-22 11:46:53.109 GPU_Scheduler_0] Admitted 1 requests for model_5
[2026-08-22 11:46:53.265 GPU_Scheduler_1] [V5-LOOP] {"iters": 441, "t_mem": 0.007963698823004961, "t_redis": 0.44094126275740564, "t_admit": 0.08986462140455842, "t_send": 0.011428613914176822, "t_iter": 0.5501981968991458, "admitted": 20, "iter_max": 0.0027213972061872482, "gpu_id": 1, "window_s": 5.000943660736084}
[2026-08-22 11:46:53.397 GPU_Scheduler_1] Admitted 1 requests for model_2
[2026-08-22 11:46:53.565 GPU_Scheduler_1] Admitted 1 requests for model_2
[2026-08-22 11:46:53.610 GPU_Scheduler_1] Admitted 1 requests for model_2
[2026-08-22 11:46:53.668 GPU_Scheduler_0] net_available: inf, queue_len: 98, model_backend_queue_lens: {'model_5': 0, 'model_6': 160}
[2026-08-22 11:46:53.734 GPU_Scheduler_1] Admitted 1 requests for model_2
[2026-08-22 11:46:54.102 GPU_Scheduler_1] net_available: inf, queue_len: 159, model_backend_queue_lens: {'model_1': 0, 'model_2': 0, 'model_3': 180}
[2026-08-22 11:46:54.147 GPU_Scheduler_1] Admitted 1 requests for model_2
[2026-08-22 11:46:54.259 GPU_Scheduler_1] Admitted 1 requests for model_2
[2026-08-22 11:46:54.650 GPU_Scheduler_0] Admitted 2 requests for model_5
[2026-08-22 11:46:54.672 GPU_Scheduler_0] net_available: inf, queue_len: 104, model_backend_queue_lens: {'model_5': 2, 'model_6': 160}
[2026-08-22 11:46:54.753 GPU_Scheduler_1] Admitted 1 requests for model_2
[2026-08-22 11:46:54.860 GPU_Scheduler_1] Admitted 1 requests for model_2
[2026-08-22 11:46:55.020 GPU_Scheduler_0] Admitted 1 requests for model_5
[2026-08-22 11:46:55.113 GPU_Scheduler_1] net_available: inf, queue_len: 160, model_backend_queue_lens: {'model_1': 0, 'model_2': 0, 'model_3': 170}
[2026-08-22 11:46:55.286 GPU_Scheduler_0] Admitted 1 requests for model_5
[2026-08-22 11:46:55.677 GPU_Scheduler_0] net_available: inf, queue_len: 110, model_backend_queue_lens: {'model_5': 4, 'model_6': 138}
[2026-08-22 11:46:55.767 GPU_Scheduler_1] Admitted 1 requests for model_2
[2026-08-22 11:46:55.958 GPU_Scheduler_1] Admitted 1 requests for model_2
[2026-08-22 11:46:55.969 GPU_Scheduler_1] Admitted 1 requests for model_2
[2026-08-22 11:46:56.046 GPU_Scheduler_0] Admitted 1 requests for model_5
[2026-08-22 11:46:56.048 GPU_Scheduler_1] Admitted 1 requests for model_2
[2026-08-22 11:46:56.115 GPU_Scheduler_1] net_available: inf, queue_len: 161, model_backend_queue_lens: {'model_1': 0, 'model_2': 0, 'model_3': 166}
[2026-08-22 11:46:56.184 GPU_Scheduler_0] Admitted 1 requests for model_5
[2026-08-22 11:46:56.321 GPU_Scheduler_1] Admitted 1 requests for model_2
[2026-08-22 11:46:56.682 GPU_Scheduler_0] net_available: inf, queue_len: 115, model_backend_queue_lens: {'model_5': 0, 'model_6': 138}
[2026-08-22 11:46:57.117 GPU_Scheduler_1] net_available: inf, queue_len: 161, model_backend_queue_lens: {'model_1': 0, 'model_2': 0, 'model_3': 164}
[2026-08-22 11:46:57.371 GPU_Scheduler_0] Admitted 1 requests for model_5
[2026-08-22 11:46:57.382 GPU_Scheduler_0] Admitted 1 requests for model_5
[2026-08-22 11:46:57.576 GPU_Scheduler_1] Admitted 1 requests for model_2
[2026-08-22 11:46:57.593 GPU_Scheduler_0] [V5-LOOP] {"iters": 473, "t_mem": 0.005945742595940828, "t_redis": 0.1702998736873269, "t_admit": 0.05319981253705919, "t_send": 0.004276649793609977, "t_iter": 0.2337220786139369, "admitted": 10, "iter_max": 0.0012777680531144142, "gpu_id": 0, "window_s": 5.002049684524536}
[2026-08-22 11:46:57.688 GPU_Scheduler_0] net_available: inf, queue_len: 116, model_backend_queue_lens: {'model_5': 0, 'model_6': 112}
[2026-08-22 11:46:57.688 GPU_Scheduler_0] Admitted 1 requests for model_5
[2026-08-22 11:46:57.695 GPU_Scheduler_1] Admitted 1 requests for model_2
[2026-08-22 11:46:57.706 GPU_Scheduler_1] Admitted 1 requests for model_2
[2026-08-22 11:46:57.720 GPU_Scheduler_0] Admitted 1 requests for model_5
[2026-08-22 11:46:58.124 GPU_Scheduler_1] net_available: inf, queue_len: 161, model_backend_queue_lens: {'model_1': 0, 'model_2': 0, 'model_3': 157}
[2026-08-22 11:46:58.268 GPU_Scheduler_1] [V5-LOOP] {"iters": 439, "t_mem": 0.008476375136524439, "t_redis": 0.4526490727439523, "t_admit": 0.10288096847943962, "t_send": 0.008872410049661994, "t_iter": 0.5728788264095783, "admitted": 16, "iter_max": 0.0025631659664213657, "gpu_id": 1, "window_s": 5.003116846084595}
[2026-08-22 11:46:58.694 GPU_Scheduler_0] net_available: inf, queue_len: 121, model_backend_queue_lens: {'model_5': 0, 'model_6': 87}
[2026-08-22 11:46:59.127 GPU_Scheduler_1] net_available: inf, queue_len: 161, model_backend_queue_lens: {'model_1': 0, 'model_2': 0, 'model_3': 154}
[2026-08-22 11:46:59.295 GPU_Scheduler_1] Admitted 1 requests for model_2
[2026-08-22 11:46:59.425 GPU_Scheduler_0] Admitted 1 requests for model_5
[2026-08-22 11:46:59.637 GPU_Scheduler_0] Admitted 1 requests for model_5
[2026-08-22 11:46:59.691 GPU_Scheduler_1] Admitted 1 requests for model_2
[2026-08-22 11:46:59.701 GPU_Scheduler_0] net_available: inf, queue_len: 131, model_backend_queue_lens: {'model_5': 1, 'model_6': 87}
[2026-08-22 11:47:00.138 GPU_Scheduler_1] net_available: inf, queue_len: 163, model_backend_queue_lens: {'model_1': 0, 'model_2': 0, 'model_3': 149}
[2026-08-22 11:47:00.629 GPU_Scheduler_1] Admitted 1 requests for model_2
[2026-08-22 11:47:00.706 GPU_Scheduler_0] net_available: inf, queue_len: 132, model_backend_queue_lens: {'model_5': 0, 'model_6': 73}
[2026-08-22 11:47:00.986 GPU_Scheduler_1] Admitted 1 requests for model_2
[2026-08-22 11:47:01.145 GPU_Scheduler_1] net_available: inf, queue_len: 163, model_backend_queue_lens: {'model_1': 0, 'model_2': 0, 'model_3': 145}
[2026-08-22 11:47:01.331 GPU_Scheduler_0] Admitted 1 requests for model_5
[2026-08-22 11:47:01.380 GPU_Scheduler_1] Admitted 1 requests for model_2
[2026-08-22 11:47:01.406 GPU_Scheduler_0] Admitted 1 requests for model_5
[2026-08-22 11:47:01.544 GPU_Scheduler_0] Admitted 1 requests for model_5
[2026-08-22 11:47:01.555 GPU_Scheduler_0] Admitted 1 requests for model_5
[2026-08-22 11:47:01.714 GPU_Scheduler_0] net_available: inf, queue_len: 139, model_backend_queue_lens: {'model_5': 2, 'model_6': 45}
[2026-08-22 11:47:01.767 GPU_Scheduler_0] Admitted 1 requests for model_5
[2026-08-22 11:47:01.799 GPU_Scheduler_0] Admitted 1 requests for model_5
[2026-08-22 11:47:01.999 GPU_Scheduler_1] Admitted 1 requests for model_2
[2026-08-22 11:47:02.085 GPU_Scheduler_0] Admitted 1 requests for model_5
[2026-08-22 11:47:02.147 GPU_Scheduler_1] net_available: inf, queue_len: 164, model_backend_queue_lens: {'model_1': 0, 'model_2': 0, 'model_3': 143}
[2026-08-22 11:47:02.172 GPU_Scheduler_1] Admitted 1 requests for model_2
[2026-08-22 11:47:02.287 GPU_Scheduler_0] Admitted 1 requests for model_5
[2026-08-22 11:47:02.542 GPU_Scheduler_0] Admitted 1 requests for model_5
[2026-08-22 11:47:02.555 GPU_Scheduler_1] Admitted 1 requests for model_2
[2026-08-22 11:47:02.574 GPU_Scheduler_0] Admitted 1 requests for model_5
[2026-08-22 11:47:02.596 GPU_Scheduler_0] [V5-LOOP] {"iters": 472, "t_mem": 0.006791143910959363, "t_redis": 0.1716812769882381, "t_admit": 0.05863773915916681, "t_send": 0.005219381535425782, "t_iter": 0.24232954159379005, "admitted": 14, "iter_max": 0.0011149169877171516, "gpu_id": 0, "window_s": 5.002577066421509}
[2026-08-22 11:47:02.723 GPU_Scheduler_0] net_available: inf, queue_len: 146, model_backend_queue_lens: {'model_5': 1, 'model_6': 45}
[2026-08-22 11:47:03.157 GPU_Scheduler_1] net_available: inf, queue_len: 164, model_backend_queue_lens: {'model_1': 0, 'model_2': 0, 'model_3': 137}
[2026-08-22 11:47:03.269 GPU_Scheduler_1] [V5-LOOP] {"iters": 431, "t_mem": 0.009343951707705855, "t_redis": 0.5218302824068815, "t_admit": 0.11154598230496049, "t_send": 0.006161108147352934, "t_iter": 0.6488813245669007, "admitted": 8, "iter_max": 0.002860698150470853, "gpu_id": 1, "window_s": 5.000215768814087}
[2026-08-22 11:47:03.360 GPU_Scheduler_0] Admitted 1 requests for model_5
[2026-08-22 11:47:03.731 GPU_Scheduler_0] net_available: inf, queue_len: 154, model_backend_queue_lens: {'model_5': 0, 'model_6': 23}
[2026-08-22 11:47:03.773 GPU_Scheduler_0] Admitted 1 requests for model_5
[2026-08-22 11:47:03.780 GPU_Scheduler_1] Admitted 3 requests for model_2
[2026-08-22 11:47:03.848 GPU_Scheduler_0] Admitted 1 requests for model_5
[2026-08-22 11:47:03.860 GPU_Scheduler_1] Admitted 1 requests for model_2
[2026-08-22 11:47:04.061 GPU_Scheduler_1] Admitted 1 requests for model_2
[2026-08-22 11:47:04.118 GPU_Scheduler_1] Admitted 1 requests for model_2
[2026-08-22 11:47:04.163 GPU_Scheduler_1] net_available: inf, queue_len: 165, model_backend_queue_lens: {'model_1': 0, 'model_2': 0, 'model_3': 129}
[2026-08-22 11:47:04.231 GPU_Scheduler_0] Admitted 1 requests for model_5
[2026-08-22 11:47:04.327 GPU_Scheduler_0] Admitted 1 requests for model_5
[2026-08-22 11:47:04.402 GPU_Scheduler_0] Admitted 161 requests for model_6
[2026-08-22 11:47:04.735 GPU_Scheduler_0] net_available: inf, queue_len: 1, model_backend_queue_lens: {'model_5': 0, 'model_6': 161}
[2026-08-22 11:47:05.039 GPU_Scheduler_0] Admitted 1 requests for model_5
[2026-08-22 11:47:05.164 GPU_Scheduler_1] net_available: inf, queue_len: 166, model_backend_queue_lens: {'model_1': 0, 'model_2': 0, 'model_3': 127}
[2026-08-22 11:47:05.187 GPU_Scheduler_1] Admitted 1 requests for model_2
[2026-08-22 11:47:05.700 GPU_Scheduler_1] Admitted 1 requests for model_2
[2026-08-22 11:47:05.741 GPU_Scheduler_0] net_available: inf, queue_len: 3, model_backend_queue_lens: {'model_5': 0, 'model_6': 161}
[2026-08-22 11:47:05.820 GPU_Scheduler_1] Admitted 1 requests for model_2
[2026-08-22 11:47:05.868 GPU_Scheduler_1] Admitted 1 requests for model_2
[2026-08-22 11:47:05.953 GPU_Scheduler_1] Admitted 1 requests for model_2
[2026-08-22 11:47:06.035 GPU_Scheduler_0] Admitted 1 requests for model_5
[2026-08-22 11:47:06.170 GPU_Scheduler_1] net_available: inf, queue_len: 170, model_backend_queue_lens: {'model_1': 0, 'model_2': 0, 'model_3': 114}
[2026-08-22 11:47:06.235 GPU_Scheduler_1] Admitted 1 requests for model_2
[2026-08-22 11:47:06.322 GPU_Scheduler_1] Admitted 1 requests for model_2
[2026-08-22 11:47:06.366 GPU_Scheduler_1] Admitted 1 requests for model_2
[2026-08-22 11:47:06.382 GPU_Scheduler_0] Admitted 1 requests for model_5
[2026-08-22 11:47:06.648 GPU_Scheduler_1] Admitted 1 requests for model_2
[2026-08-22 11:47:06.724 GPU_Scheduler_1] Admitted 1 requests for model_2
[2026-08-22 11:47:06.749 GPU_Scheduler_0] net_available: inf, queue_len: 13, model_backend_queue_lens: {'model_5': 0, 'model_6': 133}
[2026-08-22 11:47:06.980 GPU_Scheduler_0] Admitted 1 requests for model_5
[2026-08-22 11:47:07.150 GPU_Scheduler_1] Admitted 1 requests for model_1
[2026-08-22 11:47:07.173 GPU_Scheduler_1] net_available: inf, queue_len: 171, model_backend_queue_lens: {'model_1': 0, 'model_2': 0, 'model_3': 98}
[2026-08-22 11:47:07.569 GPU_Scheduler_1] Admitted 1 requests for model_2
[2026-08-22 11:47:07.601 GPU_Scheduler_0] [V5-LOOP] {"iters": 472, "t_mem": 0.006989071844145656, "t_redis": 0.1730058128014207, "t_admit": 0.029168335488066077, "t_send": 0.03463802020996809, "t_iter": 0.2438012403436005, "admitted": 170, "iter_max": 0.030965569196268916, "gpu_id": 0, "window_s": 5.004814147949219}
[2026-08-22 11:47:07.602 GPU_Scheduler_1] Admitted 1 requests for model_2
[2026-08-22 11:47:07.753 GPU_Scheduler_0] net_available: inf, queue_len: 21, model_backend_queue_lens: {'model_5': 0, 'model_6': 111}
[2026-08-22 11:47:08.012 GPU_Scheduler_0] Admitted 1 requests for model_5
[2026-08-22 11:47:08.182 GPU_Scheduler_1] net_available: inf, queue_len: 173, model_backend_queue_lens: {'model_1': 0, 'model_2': 0, 'model_3': 98}
[2026-08-22 11:47:08.270 GPU_Scheduler_1] [V5-LOOP] {"iters": 446, "t_mem": 0.007447983371093869, "t_redis": 0.3894913934636861, "t_admit": 0.09524365700781345, "t_send": 0.009585111169144511, "t_iter": 0.5017681450117379, "admitted": 19, "iter_max": 0.003463443135842681, "gpu_id": 1, "window_s": 5.001380205154419}
[2026-08-22 11:47:08.303 GPU_Scheduler_0] Admitted 1 requests for model_5
[2026-08-22 11:47:08.476 GPU_Scheduler_0] Admitted 1 requests for model_5
[2026-08-22 11:47:08.479 GPU_Scheduler_1] Admitted 1 requests for model_2
[2026-08-22 11:47:08.678 GPU_Scheduler_1] Admitted 1 requests for model_2
[2026-08-22 11:47:08.756 GPU_Scheduler_0] net_available: inf, queue_len: 31, model_backend_queue_lens: {'model_5': 0, 'model_6': 111}
[2026-08-22 11:47:08.994 GPU_Scheduler_1] Admitted 1 requests for model_2
[2026-08-22 11:47:09.017 GPU_Scheduler_1] Admitted 1 requests for model_2
[2026-08-22 11:47:09.053 GPU_Scheduler_1] Admitted 1 requests for model_2
[2026-08-22 11:47:09.176 GPU_Scheduler_1] Admitted 1 requests for model_2
[2026-08-22 11:47:09.187 GPU_Scheduler_1] net_available: inf, queue_len: 173, model_backend_queue_lens: {'model_1': 0, 'model_2': 1, 'model_3': 85}
[2026-08-22 11:47:09.264 GPU_Scheduler_1] Admitted 1 requests for model_2
[2026-08-22 11:47:09.396 GPU_Scheduler_1] Admitted 1 requests for model_2
[2026-08-22 11:47:09.516 GPU_Scheduler_1] Admitted 1 requests for model_1
[2026-08-22 11:47:09.555 GPU_Scheduler_0] Admitted 1 requests for model_5
[2026-08-22 11:47:09.623 GPU_Scheduler_0] Admitted 2 requests for model_5
[2026-08-22 11:47:09.758 GPU_Scheduler_0] net_available: inf, queue_len: 37, model_backend_queue_lens: {'model_5': 0, 'model_6': 83}
[2026-08-22 11:47:09.803 GPU_Scheduler_0] Admitted 1 requests for model_5
[2026-08-22 11:47:10.004 GPU_Scheduler_1] Admitted 1 requests for model_2
[2026-08-22 11:47:10.171 GPU_Scheduler_1] Admitted 1 requests for model_2
[2026-08-22 11:47:10.195 GPU_Scheduler_1] net_available: inf, queue_len: 175, model_backend_queue_lens: {'model_1': 0, 'model_2': 0, 'model_3': 75}
[2026-08-22 11:47:10.211 GPU_Scheduler_0] Admitted 2 requests for model_5
[2026-08-22 11:47:10.223 GPU_Scheduler_0] Admitted 1 requests for model_5
[2026-08-22 11:47:10.498 GPU_Scheduler_0] Admitted 1 requests for model_5
[2026-08-22 11:47:10.769 GPU_Scheduler_0] net_available: inf, queue_len: 49, model_backend_queue_lens: {'model_5': 1, 'model_6': 65}
[2026-08-22 11:47:11.200 GPU_Scheduler_1] net_available: inf, queue_len: 175, model_backend_queue_lens: {'model_1': 0, 'model_2': 0, 'model_3': 75}
[2026-08-22 11:47:11.483 GPU_Scheduler_1] Admitted 1 requests for model_2
[2026-08-22 11:47:11.505 GPU_Scheduler_1] Admitted 1 requests for model_2
[2026-08-22 11:47:11.775 GPU_Scheduler_0] net_available: inf, queue_len: 52, model_backend_queue_lens: {'model_5': 0, 'model_6': 65}
[2026-08-22 11:47:12.120 GPU_Scheduler_1] Admitted 1 requests for model_2
[2026-08-22 11:47:12.211 GPU_Scheduler_1] net_available: inf, queue_len: 176, model_backend_queue_lens: {'model_1': 0, 'model_2': 0, 'model_3': 71}
[2026-08-22 11:47:12.475 GPU_Scheduler_1] Admitted 1 requests for model_2
[2026-08-22 11:47:12.611 GPU_Scheduler_0] [V5-LOOP] {"iters": 455, "t_mem": 0.009650108637288213, "t_redis": 0.35962583124637604, "t_admit": 0.036537340842187405, "t_send": 0.007908649044111371, "t_iter": 0.413721929769963, "admitted": 11, "iter_max": 0.002657396951690316, "gpu_id": 0, "window_s": 5.009340524673462}
[2026-08-22 11:47:12.779 GPU_Scheduler_0] net_available: inf, queue_len: 61, model_backend_queue_lens: {'model_5': 0, 'model_6': 37}
[2026-08-22 11:47:12.885 GPU_Scheduler_1] Admitted 1 requests for model_2
[2026-08-22 11:47:13.037 GPU_Scheduler_1] Admitted 1 requests for model_2
[2026-08-22 11:47:13.209 GPU_Scheduler_1] Admitted 1 requests for model_2
[2026-08-22 11:47:13.221 GPU_Scheduler_1] net_available: inf, queue_len: 178, model_backend_queue_lens: {'model_1': 0, 'model_2': 0, 'model_3': 65}
[2026-08-22 11:47:13.249 GPU_Scheduler_0] Admitted 1 requests for model_5
[2026-08-22 11:47:13.275 GPU_Scheduler_1] [V5-LOOP] {"iters": 454, "t_mem": 0.007158890133723617, "t_redis": 0.31813463452272117, "t_admit": 0.09162164269946516, "t_send": 0.008130343165248632, "t_iter": 0.4250455105211586, "admitted": 18, "iter_max": 0.0025596870109438896, "gpu_id": 1, "window_s": 5.004266738891602}
[2026-08-22 11:47:13.361 GPU_Scheduler_1] Admitted 1 requests for model_2
[2026-08-22 11:47:13.434 GPU_Scheduler_0] Admitted 68 requests for model_6
[2026-08-22 11:47:13.448 GPU_Scheduler_1] Admitted 1 requests for model_2
[2026-08-22 11:47:13.469 GPU_Scheduler_1] Admitted 1 requests for model_2
[2026-08-22 11:47:13.545 GPU_Scheduler_1] Admitted 1 requests for model_1
[2026-08-22 11:47:13.787 GPU_Scheduler_0] net_available: inf, queue_len: 2, model_backend_queue_lens: {'model_5': 0, 'model_6': 77}
[2026-08-22 11:47:14.226 GPU_Scheduler_1] net_available: inf, queue_len: 180, model_backend_queue_lens: {'model_1': 0, 'model_2': 0, 'model_3': 63}
[2026-08-22 11:47:14.442 GPU_Scheduler_1] Admitted 1 requests for model_2
[2026-08-22 11:47:14.454 GPU_Scheduler_1] Admitted 1 requests for model_1
[2026-08-22 11:47:14.553 GPU_Scheduler_1] Admitted 1 requests for model_2
[2026-08-22 11:47:14.791 GPU_Scheduler_0] net_available: inf, queue_len: 8, model_backend_queue_lens: {'model_5': 0, 'model_6': 77}
[2026-08-22 11:47:14.792 GPU_Scheduler_0] Admitted 1 requests for model_5
[2026-08-22 11:47:14.859 GPU_Scheduler_1] Admitted 1 requests for model_2
[2026-08-22 11:47:15.228 GPU_Scheduler_1] net_available: inf, queue_len: 183, model_backend_queue_lens: {'model_1': 0, 'model_2': 0, 'model_3': 51}
[2026-08-22 11:47:15.326 GPU_Scheduler_1] Admitted 1 requests for model_2
[2026-08-22 11:47:15.348 GPU_Scheduler_1] Admitted 1 requests for model_2
[2026-08-22 11:47:15.800 GPU_Scheduler_0] net_available: inf, queue_len: 15, model_backend_queue_lens: {'model_5': 0, 'model_6': 57}
[2026-08-22 11:47:15.858 GPU_Scheduler_1] Admitted 1 requests for model_2
[2026-08-22 11:47:15.934 GPU_Scheduler_1] Admitted 1 requests for model_2
[2026-08-22 11:47:16.086 GPU_Scheduler_1] Admitted 1 requests for model_2
[2026-08-22 11:47:16.185 GPU_Scheduler_1] Admitted 1 requests for model_2
[2026-08-22 11:47:16.239 GPU_Scheduler_1] net_available: inf, queue_len: 184, model_backend_queue_lens: {'model_1': 0, 'model_2': 0, 'model_3': 44}
[2026-08-22 11:47:16.357 GPU_Scheduler_0] Admitted 1 requests for model_5
[2026-08-22 11:47:16.368 GPU_Scheduler_0] Admitted 1 requests for model_5
[2026-08-22 11:47:16.554 GPU_Scheduler_1] Admitted 1 requests for model_2
[2026-08-22 11:47:16.810 GPU_Scheduler_0] net_available: inf, queue_len: 25, model_backend_queue_lens: {'model_5': 0, 'model_6': 46}
[2026-08-22 11:47:17.211 GPU_Scheduler_0] Admitted 1 requests for model_5
[2026-08-22 11:47:17.242 GPU_Scheduler_1] net_available: inf, queue_len: 184, model_backend_queue_lens: {'model_1': 0, 'model_2': 0, 'model_3': 40}
[2026-08-22 11:47:17.499 GPU_Scheduler_1] Admitted 1 requests for model_2
[2026-08-22 11:47:17.533 GPU_Scheduler_1] Admitted 1 requests for model_2
[2026-08-22 11:47:17.612 GPU_Scheduler_0] [V5-LOOP] {"iters": 467, "t_mem": 0.007423774106428027, "t_redis": 0.24392052507027984, "t_admit": 0.01727401395328343, "t_send": 0.02146789920516312, "t_iter": 0.2900862123351544, "admitted": 73, "iter_max": 0.019395445007830858, "gpu_id": 0, "window_s": 5.001488924026489}
[2026-08-22 11:47:17.814 GPU_Scheduler_0] net_available: inf, queue_len: 29, model_backend_queue_lens: {'model_5': 0, 'model_6': 46}
[2026-08-22 11:47:17.858 GPU_Scheduler_1] Admitted 1 requests for model_2
[2026-08-22 11:47:18.104 GPU_Scheduler_1] Admitted 1 requests for model_2
[2026-08-22 11:47:18.249 GPU_Scheduler_1] net_available: inf, queue_len: 185, model_backend_queue_lens: {'model_1': 0, 'model_2': 1, 'model_3': 37}
[2026-08-22 11:47:18.283 GPU_Scheduler_1] [V5-LOOP] {"iters": 458, "t_mem": 0.006579255219548941, "t_redis": 0.2864860116969794, "t_admit": 0.08716282551176846, "t_send": 0.007986454060301185, "t_iter": 0.388214546488598, "admitted": 19, "iter_max": 0.001978913089260459, "gpu_id": 1, "window_s": 5.008179426193237}
[2026-08-22 11:47:18.823 GPU_Scheduler_0] net_available: inf, queue_len: 30, model_backend_queue_lens: {'model_5': 0, 'model_6': 46}
[2026-08-22 11:47:19.042 GPU_Scheduler_1] Admitted 1 requests for model_2
[2026-08-22 11:47:19.099 GPU_Scheduler_0] Admitted 1 requests for model_5
[2026-08-22 11:47:19.253 GPU_Scheduler_1] net_available: inf, queue_len: 186, model_backend_queue_lens: {'model_1': 0, 'model_2': 0, 'model_3': 30}
[2026-08-22 11:47:19.387 GPU_Scheduler_1] Admitted 1 requests for model_2
[2026-08-22 11:47:19.611 GPU_Scheduler_1] Admitted 1 requests for model_2
[2026-08-22 11:47:19.689 GPU_Scheduler_1] Admitted 1 requests for model_2
[2026-08-22 11:47:19.827 GPU_Scheduler_0] net_available: inf, queue_len: 34, model_backend_queue_lens: {'model_5': 0, 'model_6': 46}
[2026-08-22 11:47:20.256 GPU_Scheduler_1] net_available: inf, queue_len: 186, model_backend_queue_lens: {'model_1': 0, 'model_2': 0, 'model_3': 25}
[2026-08-22 11:47:20.354 GPU_Scheduler_0] Admitted 1 requests for model_5
[2026-08-22 11:47:20.368 GPU_Scheduler_1] Admitted 1 requests for model_2
[2026-08-22 11:47:20.591 GPU_Scheduler_1] Admitted 1 requests for model_2
[2026-08-22 11:47:20.677 GPU_Scheduler_0] Admitted 1 requests for model_5
[2026-08-22 11:47:20.714 GPU_Scheduler_1] Admitted 1 requests for model_2
[2026-08-22 11:47:20.832 GPU_Scheduler_0] net_available: inf, queue_len: 36, model_backend_queue_lens: {'model_5': 0, 'model_6': 46}
[2026-08-22 11:47:20.961 GPU_Scheduler_0] Admitted 1 requests for model_5
[2026-08-22 11:47:21.069 GPU_Scheduler_1] Admitted 1 requests for model_2
[2026-08-22 11:47:21.111 GPU_Scheduler_0] Admitted 1 requests for model_5
[2026-08-22 11:47:21.114 GPU_Scheduler_1] Admitted 1 requests for model_2
[2026-08-22 11:47:21.159 GPU_Scheduler_1] Admitted 1 requests for model_2
[2026-08-22 11:47:21.257 GPU_Scheduler_1] net_available: inf, queue_len: 186, model_backend_queue_lens: {'model_1': 0, 'model_2': 0, 'model_3': 18}
[2026-08-22 11:47:21.268 GPU_Scheduler_1] Admitted 1 requests for model_2
[2026-08-22 11:47:21.486 GPU_Scheduler_1] Admitted 187 requests for model_3
[2026-08-22 11:47:21.538 GPU_Scheduler_1] Admitted 1 requests for model_2
[2026-08-22 11:47:21.570 GPU_Scheduler_1] Admitted 1 requests for model_2
[2026-08-22 11:47:21.603 GPU_Scheduler_1] Admitted 1 requests for model_2
[2026-08-22 11:47:21.727 GPU_Scheduler_0] Admitted 1 requests for model_5
[2026-08-22 11:47:21.763 GPU_Scheduler_1] Admitted 1 requests for model_2
[2026-08-22 11:47:21.840 GPU_Scheduler_0] net_available: inf, queue_len: 43, model_backend_queue_lens: {'model_5': 0, 'model_6': 18}
[2026-08-22 11:47:21.916 GPU_Scheduler_0] Admitted 1 requests for model_5
[2026-08-22 11:47:22.033 GPU_Scheduler_0] Admitted 1 requests for model_5
[2026-08-22 11:47:22.063 GPU_Scheduler_1] Admitted 1 requests for model_2
[2026-08-22 11:47:22.117 GPU_Scheduler_0] Admitted 1 requests for model_5
[2026-08-22 11:47:22.213 GPU_Scheduler_0] Admitted 1 requests for model_5
[2026-08-22 11:47:22.236 GPU_Scheduler_1] Admitted 1 requests for model_2
[2026-08-22 11:47:22.247 GPU_Scheduler_1] Admitted 1 requests for model_2
[2026-08-22 11:47:22.259 GPU_Scheduler_1] net_available: inf, queue_len: 0
[2026-08-22 11:47:22.303 GPU_Scheduler_1] Admitted 1 requests for model_2
[2026-08-22 11:47:22.336 GPU_Scheduler_1] Admitted 1 requests for model_2
[2026-08-22 11:47:22.392 GPU_Scheduler_0] Admitted 1 requests for model_5
[2026-08-22 11:47:22.402 GPU_Scheduler_0] Admitted 1 requests for model_5
[2026-08-22 11:47:22.528 GPU_Scheduler_0] Admitted 48 requests for model_6
[2026-08-22 11:47:22.550 GPU_Scheduler_1] Admitted 1 requests for model_2
[2026-08-22 11:47:22.620 GPU_Scheduler_0] [V5-LOOP] {"iters": 462, "t_mem": 0.008238781243562698, "t_redis": 0.2945058348122984, "t_admit": 0.02760380390100181, "t_send": 0.01491238409653306, "t_iter": 0.345260804053396, "admitted": 60, "iter_max": 0.00867565581575036, "gpu_id": 0, "window_s": 5.007711410522461}
[2026-08-22 11:47:22.806 GPU_Scheduler_1] Admitted 1 requests for model_2
[2026-08-22 11:47:22.840 GPU_Scheduler_0] net_available: inf, queue_len: 2, model_backend_queue_lens: {'model_5': 0, 'model_6': 48}
[2026-08-22 11:47:23.147 GPU_Scheduler_1] Admitted 1 requests for model_2
[2026-08-22 11:47:23.268 GPU_Scheduler_1] net_available: inf, queue_len: 0
[2026-08-22 11:47:23.290 GPU_Scheduler_1] [V5-LOOP] {"iters": 448, "t_mem": 0.006913266610354185, "t_redis": 0.364218607544899, "t_admit": 0.06492658657953143, "t_send": 0.05172900832258165, "t_iter": 0.48778746905736625, "admitted": 210, "iter_max": 0.04179998906329274, "gpu_id": 1, "window_s": 5.006693363189697}
[2026-08-22 11:47:23.478 GPU_Scheduler_1] Admitted 1 requests for model_2
[2026-08-22 11:47:23.540 GPU_Scheduler_0] Admitted 1 requests for model_5
[2026-08-22 11:47:23.604 GPU_Scheduler_0] Admitted 1 requests for model_5
[2026-08-22 11:47:23.824 GPU_Scheduler_0] Admitted 1 requests for model_5
[2026-08-22 11:47:23.845 GPU_Scheduler_0] net_available: inf, queue_len: 17, model_backend_queue_lens: {'model_5': 2, 'model_6': 20}
[2026-08-22 11:47:23.875 GPU_Scheduler_1] Admitted 1 requests for model_2
[2026-08-22 11:47:24.013 GPU_Scheduler_0] Admitted 1 requests for model_5
[2026-08-22 11:47:24.122 GPU_Scheduler_1] Admitted 1 requests for model_2
[2026-08-22 11:47:24.234 GPU_Scheduler_0] Admitted 21 requests for model_6
[2026-08-22 11:47:24.274 GPU_Scheduler_1] net_available: inf, queue_len: 0
[2026-08-22 11:47:24.284 GPU_Scheduler_1] Admitted 1 requests for model_2
[2026-08-22 11:47:24.332 GPU_Scheduler_0] Admitted 1 requests for model_5
[2026-08-22 11:47:24.468 GPU_Scheduler_1] Admitted 1 requests for model_2
[2026-08-22 11:47:24.576 GPU_Scheduler_1] Admitted 1 requests for model_1
[2026-08-22 11:47:24.576 GPU_Scheduler_1] Admitted 1 requests for model_2
[2026-08-22 11:47:24.855 GPU_Scheduler_0] net_available: inf, queue_len: 5, model_backend_queue_lens: {'model_5': 1, 'model_6': 21}
[2026-08-22 11:47:24.887 GPU_Scheduler_0] Admitted 1 requests for model_5
[2026-08-22 11:47:25.212 GPU_Scheduler_0] Admitted 1 requests for model_5
[2026-08-22 11:47:25.212 GPU_Scheduler_1] Admitted 1 requests for model_2
[2026-08-22 11:47:25.275 GPU_Scheduler_1] net_available: inf, queue_len: 0
[2026-08-22 11:47:25.422 GPU_Scheduler_0] Admitted 1 requests for model_5
[2026-08-22 11:47:25.446 GPU_Scheduler_1] Admitted 1 requests for model_2
[2026-08-22 11:47:25.495 GPU_Scheduler_0] Admitted 1 requests for model_5
[2026-08-22 11:47:25.615 GPU_Scheduler_1] Admitted 1 requests for model_2
[2026-08-22 11:47:25.786 GPU_Scheduler_1] Admitted 1 requests for model_2
[2026-08-22 11:47:25.863 GPU_Scheduler_0] net_available: inf, queue_len: 18, model_backend_queue_lens: {'model_5': 0, 'model_6': 12}
[2026-08-22 11:47:25.937 GPU_Scheduler_1] Admitted 1 requests for model_2
[2026-08-22 11:47:26.233 GPU_Scheduler_1] Admitted 1 requests for model_2
[2026-08-22 11:47:26.276 GPU_Scheduler_1] net_available: inf, queue_len: 3, model_backend_queue_lens: {'model_1': 0, 'model_2': 1, 'model_3': 157}
[2026-08-22 11:47:26.377 GPU_Scheduler_0] Admitted 23 requests for model_6
[2026-08-22 11:47:26.501 GPU_Scheduler_1] Admitted 1 requests for model_2
[2026-08-22 11:47:26.630 GPU_Scheduler_1] Admitted 1 requests for model_2
[2026-08-22 11:47:26.874 GPU_Scheduler_0] net_available: inf, queue_len: 8, model_backend_queue_lens: {'model_5': 0, 'model_6': 16}
[2026-08-22 11:47:27.084 GPU_Scheduler_0] Admitted 1 requests for model_5
[2026-08-22 11:47:27.251 GPU_Scheduler_1] Admitted 1 requests for model_2
[2026-08-22 11:47:27.284 GPU_Scheduler_1] net_available: inf, queue_len: 5, model_backend_queue_lens: {'model_1': 0, 'model_2': 1, 'model_3': 143}
[2026-08-22 11:47:27.389 GPU_Scheduler_0] Admitted 1 requests for model_5
[2026-08-22 11:47:27.411 GPU_Scheduler_1] Admitted 1 requests for model_1
[2026-08-22 11:47:27.433 GPU_Scheduler_1] Admitted 1 requests for model_2
[2026-08-22 11:47:27.599 GPU_Scheduler_0] Admitted 1 requests for model_5
[2026-08-22 11:47:27.630 GPU_Scheduler_0] [V5-LOOP] {"iters": 477, "t_mem": 0.005994856124743819, "t_redis": 0.17276107729412615, "t_admit": 0.009046476567164063, "t_send": 0.013224801048636436, "t_iter": 0.20102721103467047, "admitted": 56, "iter_max": 0.004889702191576362, "gpu_id": 0, "window_s": 5.00991415977478}
[2026-08-22 11:47:27.808 GPU_Scheduler_0] Admitted 1 requests for model_5
[2026-08-22 11:47:27.879 GPU_Scheduler_1] Admitted 1 requests for model_2
[2026-08-22 11:47:27.882 GPU_Scheduler_0] net_available: inf, queue_len: 13, model_backend_queue_lens: {'model_5': 2, 'model_6': 11}
[2026-08-22 11:47:27.987 GPU_Scheduler_0] Admitted 1 requests for model_5
[2026-08-22 11:47:28.008 GPU_Scheduler_0] Admitted 14 requests for model_6
[2026-08-22 11:47:28.115 GPU_Scheduler_0] Admitted 1 requests for model_5
[2026-08-22 11:47:28.191 GPU_Scheduler_1] Admitted 1 requests for model_2
[2026-08-22 11:47:28.237 GPU_Scheduler_1] Admitted 1 requests for model_2
[2026-08-22 11:47:28.269 GPU_Scheduler_1] Admitted 1 requests for model_2
[2026-08-22 11:47:28.291 GPU_Scheduler_1] net_available: inf, queue_len: 8, model_backend_queue_lens: {'model_1': 0, 'model_2': 0, 'model_3': 138}
[2026-08-22 11:47:28.291 GPU_Scheduler_1] [V5-LOOP] {"iters": 456, "t_mem": 0.007405521348118782, "t_redis": 0.37483354564756155, "t_admit": 0.006471832282841206, "t_send": 0.0119430145714432, "t_iter": 0.40065391384996474, "admitted": 22, "iter_max": 0.003900795942172408, "gpu_id": 1, "window_s": 5.000793695449829}
[2026-08-22 11:47:28.377 GPU_Scheduler_1] Admitted 1 requests for model_2
[2026-08-22 11:47:28.481 GPU_Scheduler_0] Admitted 1 requests for model_5
[2026-08-22 11:47:28.564 GPU_Scheduler_0] Admitted 1 requests for model_5
[2026-08-22 11:47:28.658 GPU_Scheduler_1] Admitted 1 requests for model_2
[2026-08-22 11:47:28.753 GPU_Scheduler_0] Admitted 1 requests for model_5
[2026-08-22 11:47:28.833 GPU_Scheduler_1] Admitted 1 requests for model_2
[2026-08-22 11:47:28.866 GPU_Scheduler_1] Admitted 2 requests for model_2
[2026-08-22 11:47:28.889 GPU_Scheduler_0] net_available: inf, queue_len: 6, model_backend_queue_lens: {'model_5': 0, 'model_6': 20}
[2026-08-22 11:47:29.270 GPU_Scheduler_1] Admitted 1 requests for model_2
[2026-08-22 11:47:29.292 GPU_Scheduler_1] net_available: inf, queue_len: 10, model_backend_queue_lens: {'model_1': 0, 'model_2': 3, 'model_3': 138}
[2026-08-22 11:47:29.443 GPU_Scheduler_0] Admitted 1 requests for model_5
[2026-08-22 11:47:29.454 GPU_Scheduler_0] Admitted 1 requests for model_5
[2026-08-22 11:47:29.486 GPU_Scheduler_1] Admitted 1 requests for model_2
[2026-08-22 11:47:29.508 GPU_Scheduler_1] Admitted 1 requests for model_2
[2026-08-22 11:47:29.622 GPU_Scheduler_0] Admitted 1 requests for model_5
[2026-08-22 11:47:29.664 GPU_Scheduler_0] Admitted 1 requests for model_5
[2026-08-22 11:47:29.894 GPU_Scheduler_0] net_available: inf, queue_len: 15, model_backend_queue_lens: {'model_5': 0, 'model_6': 20}
[2026-08-22 11:47:29.969 GPU_Scheduler_1] Admitted 1 requests for model_2
[2026-08-22 11:47:29.992 GPU_Scheduler_1] Admitted 1 requests for model_2
[2026-08-22 11:47:30.104 GPU_Scheduler_0] Admitted 20 requests for model_6
[2026-08-22 11:47:30.150 GPU_Scheduler_0] Admitted 1 requests for model_5
[2026-08-22 11:47:30.270 GPU_Scheduler_1] Admitted 1 requests for model_2
[2026-08-22 11:47:30.302 GPU_Scheduler_1] net_available: inf, queue_len: 10, model_backend_queue_lens: {'model_1': 0, 'model_2': 1, 'model_3': 131}
[2026-08-22 11:47:30.904 GPU_Scheduler_0] net_available: inf, queue_len: 11, model_backend_queue_lens: {'model_5': 1, 'model_6': 26}
[2026-08-22 11:47:30.955 GPU_Scheduler_1] Admitted 1 requests for model_2
[2026-08-22 11:47:31.040 GPU_Scheduler_0] Admitted 1 requests for model_5
[2026-08-22 11:47:31.093 GPU_Scheduler_0] Admitted 1 requests for model_5
[2026-08-22 11:47:31.223 GPU_Scheduler_1] Admitted 1 requests for model_2
[2026-08-22 11:47:31.310 GPU_Scheduler_1] net_available: inf, queue_len: 11, model_backend_queue_lens: {'model_1': 0, 'model_2': 0, 'model_3': 124}
[2026-08-22 11:47:31.557 GPU_Scheduler_1] Admitted 1 requests for model_2
[2026-08-22 11:47:31.564 GPU_Scheduler_0] Admitted 1 requests for model_5
[2026-08-22 11:47:31.680 GPU_Scheduler_0] Admitted 1 requests for model_5
[2026-08-22 11:47:31.910 GPU_Scheduler_0] net_available: inf, queue_len: 24, model_backend_queue_lens: {'model_5': 0, 'model_6': 22}
[2026-08-22 11:47:32.057 GPU_Scheduler_0] Admitted 1 requests for model_5
[2026-08-22 11:47:32.104 GPU_Scheduler_1] Admitted 1 requests for model_2
[2026-08-22 11:47:32.319 GPU_Scheduler_1] net_available: inf, queue_len: 13, model_backend_queue_lens: {'model_1': 0, 'model_2': 1, 'model_3': 121}
[2026-08-22 11:47:32.340 GPU_Scheduler_1] Admitted 1 requests for model_2
[2026-08-22 11:47:32.480 GPU_Scheduler_1] Admitted 1 requests for model_2
[2026-08-22 11:47:32.609 GPU_Scheduler_1] Admitted 1 requests for model_2
[2026-08-22 11:47:32.635 GPU_Scheduler_0] [V5-LOOP] {"iters": 477, "t_mem": 0.005925703560933471, "t_redis": 0.16560773202218115, "t_admit": 0.0097076918464154, "t_send": 0.012654673308134079, "t_iter": 0.1938958007376641, "admitted": 50, "iter_max": 0.004118917044252157, "gpu_id": 0, "window_s": 5.004043340682983}
[2026-08-22 11:47:32.652 GPU_Scheduler_1] Admitted 1 requests for model_2
[2026-08-22 11:47:32.867 GPU_Scheduler_1] Admitted 1 requests for model_2
[2026-08-22 11:47:32.898 GPU_Scheduler_0] Admitted 1 requests for model_5
[2026-08-22 11:47:32.919 GPU_Scheduler_0] net_available: inf, queue_len: 38, model_backend_queue_lens: {'model_5': 1, 'model_6': 18}
[2026-08-22 11:47:33.097 GPU_Scheduler_0] Admitted 1 requests for model_5
[2026-08-22 11:47:33.182 GPU_Scheduler_0] Admitted 1 requests for model_5
[2026-08-22 11:47:33.224 GPU_Scheduler_0] Admitted 1 requests for model_5
[2026-08-22 11:47:33.297 GPU_Scheduler_1] [V5-LOOP] {"iters": 465, "t_mem": 0.006700195604935288, "t_redis": 0.2903701364994049, "t_admit": 0.010054047917947173, "t_send": 0.009668427286669612, "t_iter": 0.316792807308957, "admitted": 20, "iter_max": 0.0016233709175139666, "gpu_id": 1, "window_s": 5.005291938781738}
[2026-08-22 11:47:33.329 GPU_Scheduler_1] net_available: inf, queue_len: 14, model_backend_queue_lens: {'model_1': 0, 'model_2': 0, 'model_3': 91}
[2026-08-22 11:47:33.927 GPU_Scheduler_0] net_available: inf, queue_len: 55, model_backend_queue_lens: {'model_5': 0, 'model_6': 16}
[2026-08-22 11:47:34.168 GPU_Scheduler_1] Admitted 1 requests for model_2
[2026-08-22 11:47:34.169 GPU_Scheduler_0] Admitted 1 requests for model_5
[2026-08-22 11:47:34.222 GPU_Scheduler_0] Admitted 1 requests for model_5
[2026-08-22 11:47:34.244 GPU_Scheduler_1] Admitted 1 requests for model_2
[2026-08-22 11:47:34.254 GPU_Scheduler_0] Admitted 1 requests for model_5
[2026-08-22 11:47:34.277 GPU_Scheduler_1] Admitted 1 requests for model_2
[2026-08-22 11:47:34.331 GPU_Scheduler_1] net_available: inf, queue_len: 14, model_backend_queue_lens: {'model_1': 0, 'model_2': 0, 'model_3': 88}
[2026-08-22 11:47:34.391 GPU_Scheduler_0] Admitted 1 requests for model_5
[2026-08-22 11:47:34.423 GPU_Scheduler_0] Admitted 1 requests for model_5
[2026-08-22 11:47:34.577 GPU_Scheduler_1] Admitted 1 requests for model_2
[2026-08-22 11:47:34.641 GPU_Scheduler_1] Admitted 1 requests for model_2
[2026-08-22 11:47:34.705 GPU_Scheduler_1] Admitted 1 requests for model_2
[2026-08-22 11:47:34.928 GPU_Scheduler_0] net_available: inf, queue_len: 68, model_backend_queue_lens: {'model_5': 0, 'model_6': 11}
[2026-08-22 11:47:34.930 GPU_Scheduler_1] Admitted 1 requests for model_2
[2026-08-22 11:47:35.016 GPU_Scheduler_1] Admitted 1 requests for model_2
[2026-08-22 11:47:35.033 GPU_Scheduler_0] Admitted 71 requests for model_6
[2026-08-22 11:47:35.197 GPU_Scheduler_1] Admitted 1 requests for model_2
[2026-08-22 11:47:35.256 GPU_Scheduler_0] Admitted 1 requests for model_5
[2026-08-22 11:47:35.337 GPU_Scheduler_1] net_available: inf, queue_len: 15, model_backend_queue_lens: {'model_1': 0, 'model_2': 1, 'model_3': 78}
[2026-08-22 11:47:35.391 GPU_Scheduler_1] Admitted 1 requests for model_2
[2026-08-22 11:47:35.809 GPU_Scheduler_1] Admitted 1 requests for model_2
[2026-08-22 11:47:35.833 GPU_Scheduler_0] Admitted 1 requests for model_5
[2026-08-22 11:47:35.842 GPU_Scheduler_1] Admitted 1 requests for model_2
[2026-08-22 11:47:35.853 GPU_Scheduler_1] Admitted 1 requests for model_2
[2026-08-22 11:47:35.896 GPU_Scheduler_1] Admitted 1 requests for model_2
[2026-08-22 11:47:35.938 GPU_Scheduler_0] net_available: inf, queue_len: 11, model_backend_queue_lens: {'model_5': 1, 'model_6': 79}
[2026-08-22 11:47:36.022 GPU_Scheduler_0] Admitted 1 requests for model_5
[2026-08-22 11:47:36.058 GPU_Scheduler_1] Admitted 1 requests for model_2
[2026-08-22 11:47:36.090 GPU_Scheduler_1] Admitted 1 requests for model_2
[2026-08-22 11:47:36.327 GPU_Scheduler_0] Admitted 1 requests for model_5
[2026-08-22 11:47:36.344 GPU_Scheduler_1] net_available: inf, queue_len: 15, model_backend_queue_lens: {'model_1': 0, 'model_2': 0, 'model_3': 43}
[2026-08-22 11:47:36.464 GPU_Scheduler_0] Admitted 1 requests for model_5
[2026-08-22 11:47:36.631 GPU_Scheduler_0] Admitted 1 requests for model_5
[2026-08-22 11:47:36.948 GPU_Scheduler_0] net_available: inf, queue_len: 28, model_backend_queue_lens: {'model_5': 0, 'model_6': 71}
[2026-08-22 11:47:37.119 GPU_Scheduler_1] Admitted 1 requests for model_2
[2026-08-22 11:47:37.313 GPU_Scheduler_1] Admitted 1 requests for model_2
[2026-08-22 11:47:37.326 GPU_Scheduler_0] Admitted 1 requests for model_5
[2026-08-22 11:47:37.346 GPU_Scheduler_1] net_available: inf, queue_len: 18, model_backend_queue_lens: {'model_1': 0, 'model_2': 1, 'model_3': 25}
[2026-08-22 11:47:37.421 GPU_Scheduler_0] Admitted 1 requests for model_5
[2026-08-22 11:47:37.432 GPU_Scheduler_1] Admitted 1 requests for model_2
[2026-08-22 11:47:37.642 GPU_Scheduler_0] [V5-LOOP] {"iters": 475, "t_mem": 0.006567010190337896, "t_redis": 0.17388444184325635, "t_admit": 0.01758696767501533, "t_send": 0.019392177229747176, "t_iter": 0.21743059693835676, "admitted": 88, "iter_max": 0.013782638823613524, "gpu_id": 0, "window_s": 5.007547616958618}
[2026-08-22 11:47:37.668 GPU_Scheduler_1] Admitted 1 requests for model_2
[2026-08-22 11:47:37.679 GPU_Scheduler_1] Admitted 1 requests for model_2
[2026-08-22 11:47:37.758 GPU_Scheduler_0] Admitted 1 requests for model_5
[2026-08-22 11:47:37.958 GPU_Scheduler_0] net_available: inf, queue_len: 43, model_backend_queue_lens: {'model_5': 0, 'model_6': 58}
[2026-08-22 11:47:38.157 GPU_Scheduler_0] Admitted 1 requests for model_5
[2026-08-22 11:47:38.181 GPU_Scheduler_1] Admitted 1 requests for model_2
[2026-08-22 11:47:38.200 GPU_Scheduler_0] Admitted 1 requests for model_5
[2026-08-22 11:47:38.300 GPU_Scheduler_1] [V5-LOOP] {"iters": 464, "t_mem": 0.006801756098866463, "t_redis": 0.29414667119272053, "t_admit": 0.01269282796420157, "t_send": 0.009539413033053279, "t_iter": 0.32318066828884184, "admitted": 22, "iter_max": 0.0021156040020287037, "gpu_id": 1, "window_s": 5.002780199050903}
[2026-08-22 11:47:38.332 GPU_Scheduler_1] Admitted 19 requests for model_3
[2026-08-22 11:47:38.348 GPU_Scheduler_1] net_available: inf, queue_len: 0, model_backend_queue_lens: {'model_1': 0, 'model_2': 0, 'model_3': 19}
[2026-08-22 11:47:38.348 GPU_Scheduler_1] Admitted 1 requests for model_2
[2026-08-22 11:47:38.399 GPU_Scheduler_0] Admitted 1 requests for model_5
[2026-08-22 11:47:38.402 GPU_Scheduler_1] Admitted 1 requests for model_2
[2026-08-22 11:47:38.431 GPU_Scheduler_0] Admitted 1 requests for model_5
[2026-08-22 11:47:38.446 GPU_Scheduler_1] Admitted 1 requests for model_2
[2026-08-22 11:47:38.532 GPU_Scheduler_1] Admitted 1 requests for model_2
[2026-08-22 11:47:38.632 GPU_Scheduler_0] Admitted 1 requests for model_5
[2026-08-22 11:47:38.958 GPU_Scheduler_0] net_available: inf, queue_len: 55, model_backend_queue_lens: {'model_5': 0, 'model_6': 54}
[2026-08-22 11:47:38.969 GPU_Scheduler_0] Admitted 1 requests for model_5
[2026-08-22 11:47:39.235 GPU_Scheduler_0] Admitted 1 requests for model_5
[2026-08-22 11:47:39.306 GPU_Scheduler_1] Admitted 1 requests for model_2
[2026-08-22 11:47:39.350 GPU_Scheduler_1] net_available: inf, queue_len: 0
[2026-08-22 11:47:39.460 GPU_Scheduler_1] Admitted 1 requests for model_2
[2026-08-22 11:47:39.536 GPU_Scheduler_0] Admitted 1 requests for model_5
[2026-08-22 11:47:39.557 GPU_Scheduler_1] Admitted 1 requests for model_3
[2026-08-22 11:47:39.772 GPU_Scheduler_1] Admitted 1 requests for model_2
[2026-08-22 11:47:39.968 GPU_Scheduler_0] net_available: inf, queue_len: 65, model_backend_queue_lens: {'model_5': 0, 'model_6': 45}
[2026-08-22 11:47:40.163 GPU_Scheduler_1] Admitted 1 requests for model_2
[2026-08-22 11:47:40.204 GPU_Scheduler_0] Admitted 1 requests for model_5
[2026-08-22 11:47:40.361 GPU_Scheduler_1] net_available: inf, queue_len: 0
[2026-08-22 11:47:40.595 GPU_Scheduler_0] Admitted 1 requests for model_5
[2026-08-22 11:47:40.607 GPU_Scheduler_0] Admitted 1 requests for model_5
[2026-08-22 11:47:40.766 GPU_Scheduler_0] Admitted 1 requests for model_5
[2026-08-22 11:47:40.778 GPU_Scheduler_1] Admitted 1 requests for model_2
[2026-08-22 11:47:40.800 GPU_Scheduler_1] Admitted 1 requests for model_3
[2026-08-22 11:47:40.845 GPU_Scheduler_1] Admitted 1 requests for model_3
[2026-08-22 11:47:40.916 GPU_Scheduler_0] Admitted 1 requests for model_5
[2026-08-22 11:47:40.922 GPU_Scheduler_1] Admitted 1 requests for model_2
[2026-08-22 11:47:40.970 GPU_Scheduler_0] net_available: inf, queue_len: 75, model_backend_queue_lens: {'model_5': 0, 'model_6': 41}
[2026-08-22 11:47:41.261 GPU_Scheduler_1] Admitted 1 requests for model_2
[2026-08-22 11:47:41.316 GPU_Scheduler_1] Admitted 1 requests for model_2
[2026-08-22 11:47:41.369 GPU_Scheduler_1] net_available: inf, queue_len: 0
[2026-08-22 11:47:41.422 GPU_Scheduler_1] Admitted 1 requests for model_2
[2026-08-22 11:47:41.465 GPU_Scheduler_1] Admitted 1 requests for model_2
[2026-08-22 11:47:41.498 GPU_Scheduler_1] Admitted 1 requests for model_2
[2026-08-22 11:47:41.573 GPU_Scheduler_1] Admitted 1 requests for model_3
[2026-08-22 11:47:41.754 GPU_Scheduler_1] Admitted 1 requests for model_2
[2026-08-22 11:47:41.900 GPU_Scheduler_0] Admitted 1 requests for model_5
[2026-08-22 11:47:41.975 GPU_Scheduler_0] net_available: inf, queue_len: 89, model_backend_queue_lens: {'model_5': 1, 'model_6': 38}
[2026-08-22 11:47:41.978 GPU_Scheduler_1] Admitted 1 requests for model_2
[2026-08-22 11:47:42.070 GPU_Scheduler_0] Admitted 1 requests for model_5
[2026-08-22 11:47:42.128 GPU_Scheduler_1] Admitted 1 requests for model_2
[2026-08-22 11:47:42.371 GPU_Scheduler_1] net_available: inf, queue_len: 0, model_backend_queue_lens: {'model_1': 0, 'model_2': 0, 'model_3': 0}
[2026-08-22 11:47:42.371 GPU_Scheduler_1] Admitted 1 requests for model_3
[2026-08-22 11:47:42.652 GPU_Scheduler_0] [V5-LOOP] {"iters": 472, "t_mem": 0.006337877130135894, "t_redis": 0.19758885214105248, "t_admit": 0.03645207826048136, "t_send": 0.0070287021808326244, "t_iter": 0.24740750971250236, "admitted": 16, "iter_max": 0.001443779794499278, "gpu_id": 0, "window_s": 5.009634733200073}
[2026-08-22 11:47:42.788 GPU_Scheduler_1] Admitted 1 requests for model_3
[2026-08-22 11:47:42.909 GPU_Scheduler_1] Admitted 2 requests for model_2
[2026-08-22 11:47:42.984 GPU_Scheduler_0] net_available: inf, queue_len: 101, model_backend_queue_lens: {'model_5': 0, 'model_6': 34}
[2026-08-22 11:47:42.986 GPU_Scheduler_1] Admitted 1 requests for model_2
[2026-08-22 11:47:43.008 GPU_Scheduler_1] Admitted 1 requests for model_2
[2026-08-22 11:47:43.184 GPU_Scheduler_1] Admitted 1 requests for model_2
[2026-08-22 11:47:43.267 GPU_Scheduler_1] Admitted 1 requests for model_3
[2026-08-22 11:47:43.279 GPU_Scheduler_1] Admitted 1 requests for model_3
[2026-08-22 11:47:43.304 GPU_Scheduler_1] [V5-LOOP] {"iters": 459, "t_mem": 0.0075653186067938805, "t_redis": 0.34179952228441834, "t_admit": 0.004821059759706259, "t_send": 0.02060893038287759, "t_iter": 0.37479483103379607, "admitted": 50, "iter_max": 0.005291713867336512, "gpu_id": 1, "window_s": 5.003645420074463}
[2026-08-22 11:47:43.362 GPU_Scheduler_1] Admitted 1 requests for model_3
[2026-08-22 11:47:43.374 GPU_Scheduler_1] net_available: inf, queue_len: 0
[2026-08-22 11:47:43.418 GPU_Scheduler_1] Admitted 1 requests for model_2
[2026-08-22 11:47:43.556 GPU_Scheduler_0] Admitted 1 requests for model_5
[2026-08-22 11:47:43.810 GPU_Scheduler_0] Admitted 1 requests for model_5
[2026-08-22 11:47:43.842 GPU_Scheduler_0] Admitted 1 requests for model_5
[2026-08-22 11:47:43.879 GPU_Scheduler_1] Admitted 1 requests for model_2
[2026-08-22 11:47:43.912 GPU_Scheduler_1] Admitted 1 requests for model_2
[2026-08-22 11:47:43.927 GPU_Scheduler_0] Admitted 1 requests for model_5
[2026-08-22 11:47:43.938 GPU_Scheduler_0] Admitted 1 requests for model_5
[2026-08-22 11:47:43.991 GPU_Scheduler_0] net_available: inf, queue_len: 110, model_backend_queue_lens: {'model_5': 2, 'model_6': 32}
[2026-08-22 11:47:44.011 GPU_Scheduler_1] Admitted 1 requests for model_3
[2026-08-22 11:47:44.066 GPU_Scheduler_1] Admitted 1 requests for model_1
[2026-08-22 11:47:44.154 GPU_Scheduler_1] Admitted 1 requests for model_1
[2026-08-22 11:47:44.188 GPU_Scheduler_1] Admitted 1 requests for model_3
[2026-08-22 11:47:44.384 GPU_Scheduler_1] net_available: inf, queue_len: 0
[2026-08-22 11:47:44.395 GPU_Scheduler_1] Admitted 1 requests for model_3
[2026-08-22 11:47:44.461 GPU_Scheduler_1] Admitted 1 requests for model_3
[2026-08-22 11:47:44.520 GPU_Scheduler_0] Admitted 1 requests for model_5
[2026-08-22 11:47:44.676 GPU_Scheduler_1] Admitted 1 requests for model_2
[2026-08-22 11:47:44.761 GPU_Scheduler_1] Admitted 1 requests for model_2
[2026-08-22 11:47:44.785 GPU_Scheduler_0] Admitted 1 requests for model_5
[2026-08-22 11:47:44.945 GPU_Scheduler_0] Admitted 1 requests for model_5
[2026-08-22 11:47:44.999 GPU_Scheduler_0] net_available: inf, queue_len: 123, model_backend_queue_lens: {'model_5': 2, 'model_6': 27}
[2026-08-22 11:47:45.006 GPU_Scheduler_1] Admitted 1 requests for model_3
[2026-08-22 11:47:45.117 GPU_Scheduler_0] Admitted 1 requests for model_5
[2026-08-22 11:47:45.392 GPU_Scheduler_1] net_available: inf, queue_len: 0
[2026-08-22 11:47:45.772 GPU_Scheduler_1] Admitted 1 requests for model_2
[2026-08-22 11:47:45.832 GPU_Scheduler_0] Admitted 1 requests for model_5
[2026-08-22 11:47:45.902 GPU_Scheduler_1] Admitted 1 requests for model_2
[2026-08-22 11:47:45.914 GPU_Scheduler_1] Admitted 1 requests for model_2
[2026-08-22 11:47:46.002 GPU_Scheduler_0] net_available: inf, queue_len: 142, model_backend_queue_lens: {'model_5': 0, 'model_6': 20}
[2026-08-22 11:47:46.052 GPU_Scheduler_1] Admitted 1 requests for model_2
[2026-08-22 11:47:46.152 GPU_Scheduler_1] Admitted 1 requests for model_2
[2026-08-22 11:47:46.393 GPU_Scheduler_1] net_available: inf, queue_len: 0
[2026-08-22 11:47:46.619 GPU_Scheduler_0] Admitted 1 requests for model_5
[2026-08-22 11:47:46.635 GPU_Scheduler_1] Admitted 1 requests for model_3
[2026-08-22 11:47:46.705 GPU_Scheduler_0] Admitted 1 requests for model_5
[2026-08-22 11:47:46.734 GPU_Scheduler_1] Admitted 1 requests for model_2
[2026-08-22 11:47:46.964 GPU_Scheduler_1] Admitted 1 requests for model_2
[2026-08-22 11:47:47.004 GPU_Scheduler_0] net_available: inf, queue_len: 152, model_backend_queue_lens: {'model_5': 0, 'model_6': 15}
[2026-08-22 11:47:47.046 GPU_Scheduler_0] Admitted 1 requests for model_5
[2026-08-22 11:47:47.164 GPU_Scheduler_0] Admitted 1 requests for model_5
[2026-08-22 11:47:47.217 GPU_Scheduler_0] Admitted 1 requests for model_5
[2026-08-22 11:47:47.401 GPU_Scheduler_1] net_available: inf, queue_len: 0
[2026-08-22 11:47:47.516 GPU_Scheduler_0] Admitted 1 requests for model_5
[2026-08-22 11:47:47.654 GPU_Scheduler_0] [V5-LOOP] {"iters": 470, "t_mem": 0.006185287376865745, "t_redis": 0.184025835711509, "t_admit": 0.0663840128108859, "t_send": 0.006905371323227882, "t_iter": 0.2635005072224885, "admitted": 16, "iter_max": 0.0013373480178415775, "gpu_id": 0, "window_s": 5.001886606216431}
[2026-08-22 11:47:47.921 GPU_Scheduler_0] Admitted 1 requests for model_5
[2026-08-22 11:47:47.957 GPU_Scheduler_1] Admitted 1 requests for model_2
[2026-08-22 11:47:48.006 GPU_Scheduler_0] net_available: inf, queue_len: 159, model_backend_queue_lens: {'model_5': 1, 'model_6': 11}
[2026-08-22 11:47:48.070 GPU_Scheduler_0] Admitted 1 requests for model_5
[2026-08-22 11:47:48.312 GPU_Scheduler_1] [V5-LOOP] {"iters": 449, "t_mem": 0.008205755148082972, "t_redis": 0.4507811868097633, "t_admit": 0.005380982533097267, "t_send": 0.01281926198862493, "t_iter": 0.4771871864795685, "admitted": 22, "iter_max": 0.0026935769710689783, "gpu_id": 1, "window_s": 5.008303165435791}
[2026-08-22 11:47:48.326 GPU_Scheduler_0] Admitted 2 requests for model_5
[2026-08-22 11:47:48.408 GPU_Scheduler_1] net_available: inf, queue_len: 0
[2026-08-22 11:47:48.423 GPU_Scheduler_0] Admitted 1 requests for model_5
[2026-08-22 11:47:48.498 GPU_Scheduler_0] Admitted 162 requests for model_6
[2026-08-22 11:47:48.599 GPU_Scheduler_0] Admitted 1 requests for model_5
[2026-08-22 11:47:48.757 GPU_Scheduler_0] Admitted 1 requests for model_5
[2026-08-22 11:47:48.954 GPU_Scheduler_1] Admitted 1 requests for model_2
[2026-08-22 11:47:49.010 GPU_Scheduler_0] net_available: inf, queue_len: 9, model_backend_queue_lens: {'model_5': 0, 'model_6': 170}
[2026-08-22 11:47:49.094 GPU_Scheduler_1] Admitted 1 requests for model_2
[2026-08-22 11:47:49.136 GPU_Scheduler_0] Admitted 1 requests for model_5
[2026-08-22 11:47:49.244 GPU_Scheduler_1] Admitted 1 requests for model_2
[2026-08-22 11:47:49.416 GPU_Scheduler_1] net_available: inf, queue_len: 0
[2026-08-22 11:47:49.555 GPU_Scheduler_1] Admitted 1 requests for model_2
[2026-08-22 11:47:49.588 GPU_Scheduler_1] Admitted 1 requests for model_3
[2026-08-22 11:47:49.641 GPU_Scheduler_1] Admitted 1 requests for model_2
[2026-08-22 11:47:49.706 GPU_Scheduler_1] Admitted 1 requests for model_2
[2026-08-22 11:47:49.984 GPU_Scheduler_1] Admitted 1 requests for model_2
[2026-08-22 11:47:50.019 GPU_Scheduler_0] net_available: inf, queue_len: 20, model_backend_queue_lens: {'model_5': 0, 'model_6': 166}
[2026-08-22 11:47:50.037 GPU_Scheduler_1] Admitted 1 requests for model_2
[2026-08-22 11:47:50.229 GPU_Scheduler_0] Admitted 1 requests for model_5
[2026-08-22 11:47:50.358 GPU_Scheduler_1] Admitted 1 requests for model_2
[2026-08-22 11:47:50.423 GPU_Scheduler_1] net_available: inf, queue_len: 0
[2026-08-22 11:47:50.990 GPU_Scheduler_1] Admitted 1 requests for model_2
[2026-08-22 11:47:51.029 GPU_Scheduler_0] net_available: inf, queue_len: 33, model_backend_queue_lens: {'model_5': 0, 'model_6': 162}
[2026-08-22 11:47:51.087 GPU_Scheduler_1] Admitted 1 requests for model_2
[2026-08-22 11:47:51.098 GPU_Scheduler_1] Admitted 1 requests for model_2
[2026-08-22 11:47:51.155 GPU_Scheduler_0] Admitted 1 requests for model_5
[2026-08-22 11:47:51.217 GPU_Scheduler_1] Admitted 1 requests for model_2
[2026-08-22 11:47:51.431 GPU_Scheduler_1] net_available: inf, queue_len: 0
[2026-08-22 11:47:51.474 GPU_Scheduler_1] Admitted 1 requests for model_2
[2026-08-22 11:47:51.667 GPU_Scheduler_1] Admitted 1 requests for model_2
[2026-08-22 11:47:51.678 GPU_Scheduler_1] Admitted 1 requests for model_2
[2026-08-22 11:47:51.968 GPU_Scheduler_1] Admitted 1 requests for model_2
[2026-08-22 11:47:52.039 GPU_Scheduler_0] net_available: inf, queue_len: 39, model_backend_queue_lens: {'model_5': 0, 'model_6': 156}
[2026-08-22 11:47:52.123 GPU_Scheduler_0] Admitted 1 requests for model_5
[2026-08-22 11:47:52.227 GPU_Scheduler_1] Admitted 1 requests for model_2
[2026-08-22 11:47:52.281 GPU_Scheduler_1] Admitted 1 requests for model_2
[2026-08-22 11:47:52.431 GPU_Scheduler_1] net_available: inf, queue_len: 0
[2026-08-22 11:47:52.485 GPU_Scheduler_1] Admitted 1 requests for model_2
[2026-08-22 11:47:52.661 GPU_Scheduler_0] [V5-LOOP] {"iters": 472, "t_mem": 0.0061107531655579805, "t_redis": 0.18071207590401173, "t_admit": 0.027448963839560747, "t_send": 0.0321349271107465, "t_iter": 0.24640672001987696, "admitted": 173, "iter_max": 0.028486153110861778, "gpu_id": 0, "window_s": 5.006475925445557}
[2026-08-22 11:47:52.930 GPU_Scheduler_1] Admitted 1 requests for model_2
[2026-08-22 11:47:52.970 GPU_Scheduler_0] Admitted 1 requests for model_5
[2026-08-22 11:47:53.046 GPU_Scheduler_0] net_available: inf, queue_len: 52, model_backend_queue_lens: {'model_5': 0, 'model_6': 153}
[2026-08-22 11:47:53.109 GPU_Scheduler_0] Admitted 1 requests for model_5
[2026-08-22 11:47:53.214 GPU_Scheduler_1] Admitted 1 requests for model_2
[2026-08-22 11:47:53.268 GPU_Scheduler_0] Admitted 1 requests for model_5
[2026-08-22 11:47:53.271 GPU_Scheduler_1] Admitted 1 requests for model_2
[2026-08-22 11:47:53.315 GPU_Scheduler_1] [V5-LOOP] {"iters": 464, "t_mem": 0.006311982404440641, "t_redis": 0.3030176281463355, "t_admit": 0.00359447137452662, "t_send": 0.010263520060107112, "t_iter": 0.32318760198540986, "admitted": 24, "iter_max": 0.002370015950873494, "gpu_id": 1, "window_s": 5.0023109912872314}
[2026-08-22 11:47:53.438 GPU_Scheduler_1] net_available: inf, queue_len: 0
[2026-08-22 11:47:53.460 GPU_Scheduler_0] Admitted 1 requests for model_5
[2026-08-22 11:47:53.461 GPU_Scheduler_1] Admitted 1 requests for model_2
[2026-08-22 11:47:53.592 GPU_Scheduler_1] Admitted 1 requests for model_2
[2026-08-22 11:47:53.639 GPU_Scheduler_1] Admitted 1 requests for model_2
[2026-08-22 11:47:53.695 GPU_Scheduler_1] Admitted 1 requests for model_2
[2026-08-22 11:47:53.761 GPU_Scheduler_1] Admitted 2 requests for model_2
[2026-08-22 11:47:53.768 GPU_Scheduler_0] Admitted 1 requests for model_5
[2026-08-22 11:47:53.965 GPU_Scheduler_0] Admitted 1 requests for model_5
[2026-08-22 11:47:54.025 GPU_Scheduler_1] Admitted 1 requests for model_3
[2026-08-22 11:47:54.033 GPU_Scheduler_0] Admitted 1 requests for model_5
[2026-08-22 11:47:54.056 GPU_Scheduler_0] net_available: inf, queue_len: 64, model_backend_queue_lens: {'model_5': 1, 'model_6': 148}
[2026-08-22 11:47:54.198 GPU_Scheduler_1] Admitted 1 requests for model_2
[2026-08-22 11:47:54.402 GPU_Scheduler_1] Admitted 1 requests for model_3
[2026-08-22 11:47:54.445 GPU_Scheduler_1] net_available: inf, queue_len: 0
[2026-08-22 11:47:54.574 GPU_Scheduler_1] Admitted 1 requests for model_2
[2026-08-22 11:47:54.679 GPU_Scheduler_0] Admitted 1 requests for model_5
[2026-08-22 11:47:54.834 GPU_Scheduler_1] Admitted 1 requests for model_2
[2026-08-22 11:47:55.064 GPU_Scheduler_0] net_available: inf, queue_len: 75, model_backend_queue_lens: {'model_5': 0, 'model_6': 145}
[2026-08-22 11:47:55.066 GPU_Scheduler_1] Admitted 1 requests for model_3
[2026-08-22 11:47:55.075 GPU_Scheduler_0] Admitted 1 requests for model_5
[2026-08-22 11:47:55.343 GPU_Scheduler_0] Admitted 1 requests for model_5
[2026-08-22 11:47:55.347 GPU_Scheduler_1] Admitted 1 requests for model_2
[2026-08-22 11:47:55.451 GPU_Scheduler_1] net_available: inf, queue_len: 0
[2026-08-22 11:47:55.548 GPU_Scheduler_0] Admitted 1 requests for model_5
[2026-08-22 11:47:55.577 GPU_Scheduler_1] Admitted 1 requests for model_2
[2026-08-22 11:47:55.611 GPU_Scheduler_1] Admitted 1 requests for model_2
[2026-08-22 11:47:55.743 GPU_Scheduler_1] Admitted 1 requests for model_2
[2026-08-22 11:47:55.886 GPU_Scheduler_1] Admitted 1 requests for model_2
[2026-08-22 11:47:56.065 GPU_Scheduler_0] net_available: inf, queue_len: 86, model_backend_queue_lens: {'model_5': 0, 'model_6': 143}
[2026-08-22 11:47:56.308 GPU_Scheduler_0] Admitted 1 requests for model_5
[2026-08-22 11:47:56.452 GPU_Scheduler_1] net_available: inf, queue_len: 0
[2026-08-22 11:47:56.559 GPU_Scheduler_1] Admitted 1 requests for model_2
[2026-08-22 11:47:56.687 GPU_Scheduler_1] Admitted 1 requests for model_3
[2026-08-22 11:47:56.857 GPU_Scheduler_0] Admitted 1 requests for model_5
[2026-08-22 11:47:56.868 GPU_Scheduler_1] Admitted 1 requests for model_3
[2026-08-22 11:47:57.068 GPU_Scheduler_0] net_available: inf, queue_len: 95, model_backend_queue_lens: {'model_5': 0, 'model_6': 139}
[2026-08-22 11:47:57.126 GPU_Scheduler_1] Admitted 1 requests for model_3
[2026-08-22 11:47:57.201 GPU_Scheduler_1] Admitted 1 requests for model_3
[2026-08-22 11:47:57.287 GPU_Scheduler_1] Admitted 1 requests for model_2
[2026-08-22 11:47:57.298 GPU_Scheduler_1] Admitted 1 requests for model_3
[2026-08-22 11:47:57.309 GPU_Scheduler_1] Admitted 1 requests for model_2
[2026-08-22 11:47:57.320 GPU_Scheduler_1] Admitted 1 requests for model_3
[2026-08-22 11:47:57.386 GPU_Scheduler_0] Admitted 1 requests for model_5
[2026-08-22 11:47:57.397 GPU_Scheduler_0] Admitted 1 requests for model_5
[2026-08-22 11:47:57.428 GPU_Scheduler_1] Admitted 1 requests for model_3
[2026-08-22 11:47:57.460 GPU_Scheduler_1] net_available: inf, queue_len: 0
[2026-08-22 11:47:57.461 GPU_Scheduler_0] Admitted 1 requests for model_5
[2026-08-22 11:47:57.567 GPU_Scheduler_1] Admitted 1 requests for model_3
[2026-08-22 11:47:57.652 GPU_Scheduler_0] Admitted 1 requests for model_5
[2026-08-22 11:47:57.663 GPU_Scheduler_0] [V5-LOOP] {"iters": 468, "t_mem": 0.007113676518201828, "t_redis": 0.22173840226605535, "t_admit": 0.04406699095852673, "t_send": 0.008776229806244373, "t_iter": 0.2816952995490283, "admitted": 17, "iter_max": 0.0021549740340560675, "gpu_id": 0, "window_s": 5.001693248748779}
[2026-08-22 11:47:57.728 GPU_Scheduler_1] Admitted 1 requests for model_2
[2026-08-22 11:47:57.900 GPU_Scheduler_1] Admitted 2 requests for model_3
[2026-08-22 11:47:57.991 GPU_Scheduler_0] Admitted 1 requests for model_5
[2026-08-22 11:47:58.018 GPU_Scheduler_1] Admitted 1 requests for model_3
[2026-08-22 11:47:58.076 GPU_Scheduler_0] net_available: inf, queue_len: 96, model_backend_queue_lens: {'model_5': 0, 'model_6': 135}
[2026-08-22 11:47:58.150 GPU_Scheduler_0] Admitted 1 requests for model_5
[2026-08-22 11:47:58.190 GPU_Scheduler_1] Admitted 1 requests for model_3
[2026-08-22 11:47:58.264 GPU_Scheduler_1] Admitted 1 requests for model_3
[2026-08-22 11:47:58.318 GPU_Scheduler_1] [V5-LOOP] {"iters": 456, "t_mem": 0.00725399237126112, "t_redis": 0.375109561951831, "t_admit": 0.004751443397253752, "t_send": 0.016475799959152937, "t_iter": 0.4035907976794988, "admitted": 34, "iter_max": 0.002735867165029049, "gpu_id": 1, "window_s": 5.0034215450286865}
[2026-08-22 11:47:58.404 GPU_Scheduler_1] Admitted 1 requests for model_3
[2026-08-22 11:47:58.447 GPU_Scheduler_1] Admitted 1 requests for model_2
[2026-08-22 11:47:58.469 GPU_Scheduler_1] net_available: inf, queue_len: 0
[2026-08-22 11:47:58.490 GPU_Scheduler_1] Admitted 1 requests for model_2
[2026-08-22 11:47:58.565 GPU_Scheduler_1] Admitted 1 requests for model_3
[2026-08-22 11:47:58.767 GPU_Scheduler_1] Admitted 1 requests for model_3
[2026-08-22 11:47:58.939 GPU_Scheduler_1] Admitted 1 requests for model_3
[2026-08-22 11:47:58.954 GPU_Scheduler_0] Admitted 1 requests for model_5
[2026-08-22 11:47:59.081 GPU_Scheduler_0] net_available: inf, queue_len: 97, model_backend_queue_lens: {'model_5': 0, 'model_6': 132}
[2026-08-22 11:47:59.269 GPU_Scheduler_1] Admitted 1 requests for model_3
[2026-08-22 11:47:59.301 GPU_Scheduler_1] Admitted 1 requests for model_3
[2026-08-22 11:47:59.325 GPU_Scheduler_1] Admitted 1 requests for model_3
[2026-08-22 11:47:59.336 GPU_Scheduler_0] Admitted 1 requests for model_5
[2026-08-22 11:47:59.338 GPU_Scheduler_1] Admitted 1 requests for model_3
[2026-08-22 11:47:59.476 GPU_Scheduler_1] net_available: inf, queue_len: 0, model_backend_queue_lens: {'model_1': 0, 'model_2': 0, 'model_3': 0}
[2026-08-22 11:47:59.477 GPU_Scheduler_1] Admitted 1 requests for model_3
[2026-08-22 11:47:59.532 GPU_Scheduler_1] Admitted 1 requests for model_3
[2026-08-22 11:47:59.635 GPU_Scheduler_1] Admitted 1 requests for model_3
[2026-08-22 11:47:59.776 GPU_Scheduler_1] Admitted 1 requests for model_3
[2026-08-22 11:47:59.790 GPU_Scheduler_0] Admitted 1 requests for model_5
[2026-08-22 11:47:59.954 GPU_Scheduler_1] Admitted 2 requests for model_3
[2026-08-22 11:48:00.065 GPU_Scheduler_0] Admitted 1 requests for model_5
[2026-08-22 11:48:00.087 GPU_Scheduler_0] net_available: inf, queue_len: 97, model_backend_queue_lens: {'model_5': 0, 'model_6': 122}
[2026-08-22 11:48:00.108 GPU_Scheduler_1] Admitted 1 requests for model_2
[2026-08-22 11:48:00.192 GPU_Scheduler_0] Admitted 1 requests for model_5
[2026-08-22 11:48:00.221 GPU_Scheduler_1] Admitted 1 requests for model_3
[2026-08-22 11:48:00.340 GPU_Scheduler_0] Admitted 2 requests for model_5
[2026-08-22 11:48:00.485 GPU_Scheduler_1] net_available: inf, queue_len: 0
[2026-08-22 11:48:00.712 GPU_Scheduler_0] Admitted 1 requests for model_5
[2026-08-22 11:48:00.814 GPU_Scheduler_1] Admitted 1 requests for model_3
[2026-08-22 11:48:00.933 GPU_Scheduler_1] Admitted 1 requests for model_3
[2026-08-22 11:48:00.958 GPU_Scheduler_1] Admitted 1 requests for model_2
[2026-08-22 11:48:00.970 GPU_Scheduler_1] Admitted 1 requests for model_3
[2026-08-22 11:48:00.983 GPU_Scheduler_1] Admitted 1 requests for model_3
[2026-08-22 11:48:01.043 GPU_Scheduler_1] Admitted 1 requests for model_3
[2026-08-22 11:48:01.090 GPU_Scheduler_1] Admitted 1 requests for model_2
[2026-08-22 11:48:01.090 GPU_Scheduler_1] Admitted 1 requests for model_3
[2026-08-22 11:48:01.093 GPU_Scheduler_0] net_available: inf, queue_len: 99, model_backend_queue_lens: {'model_5': 0, 'model_6': 121}
[2026-08-22 11:48:01.127 GPU_Scheduler_1] Admitted 1 requests for model_3
[2026-08-22 11:48:01.140 GPU_Scheduler_1] Admitted 1 requests for model_3
[2026-08-22 11:48:01.187 GPU_Scheduler_1] Admitted 1 requests for model_3
[2026-08-22 11:48:01.212 GPU_Scheduler_1] Admitted 1 requests for model_3
[2026-08-22 11:48:01.315 GPU_Scheduler_0] Admitted 1 requests for model_5
[2026-08-22 11:48:01.337 GPU_Scheduler_1] Admitted 1 requests for model_3
[2026-08-22 11:48:01.486 GPU_Scheduler_1] net_available: inf, queue_len: 0
[2026-08-22 11:48:01.509 GPU_Scheduler_1] Admitted 1 requests for model_3
[2026-08-22 11:48:01.733 GPU_Scheduler_1] Admitted 1 requests for model_3
[2026-08-22 11:48:01.876 GPU_Scheduler_0] Admitted 1 requests for model_5
[2026-08-22 11:48:01.982 GPU_Scheduler_1] Admitted 1 requests for model_3
[2026-08-22 11:48:02.013 GPU_Scheduler_0] Admitted 1 requests for model_5
[2026-08-22 11:48:02.087 GPU_Scheduler_0] Admitted 1 requests for model_5
[2026-08-22 11:48:02.089 GPU_Scheduler_1] Admitted 1 requests for model_3
[2026-08-22 11:48:02.098 GPU_Scheduler_0] net_available: inf, queue_len: 102, model_backend_queue_lens: {'model_5': 2, 'model_6': 117}
[2026-08-22 11:48:02.155 GPU_Scheduler_1] Admitted 1 requests for model_2
[2026-08-22 11:48:02.233 GPU_Scheduler_1] Admitted 1 requests for model_3
[2026-08-22 11:48:02.332 GPU_Scheduler_1] Admitted 1 requests for model_3
[2026-08-22 11:48:02.406 GPU_Scheduler_0] Admitted 1 requests for model_5
[2026-08-22 11:48:02.421 GPU_Scheduler_1] Admitted 1 requests for model_3
[2026-08-22 11:48:02.466 GPU_Scheduler_1] Admitted 1 requests for model_3
[2026-08-22 11:48:02.489 GPU_Scheduler_1] net_available: inf, queue_len: 0
[2026-08-22 11:48:02.577 GPU_Scheduler_1] Admitted 1 requests for model_3
[2026-08-22 11:48:02.643 GPU_Scheduler_1] Admitted 1 requests for model_3
[2026-08-22 11:48:02.666 GPU_Scheduler_1] Admitted 1 requests for model_3
[2026-08-22 11:48:02.671 GPU_Scheduler_0] [V5-LOOP] {"iters": 473, "t_mem": 0.006310592405498028, "t_redis": 0.176624410552904, "t_admit": 0.04885797225870192, "t_send": 0.005782638909295201, "t_iter": 0.23757561412639916, "admitted": 15, "iter_max": 0.0010583170223981142, "gpu_id": 0, "window_s": 5.007598161697388}
[2026-08-22 11:48:02.692 GPU_Scheduler_0] Admitted 1 requests for model_5
[2026-08-22 11:48:02.802 GPU_Scheduler_1] Admitted 1 requests for model_3
[2026-08-22 11:48:02.951 GPU_Scheduler_1] Admitted 1 requests for model_3
[2026-08-22 11:48:02.968 GPU_Scheduler_0] Admitted 1 requests for model_5
[2026-08-22 11:48:03.042 GPU_Scheduler_0] Admitted 1 requests for model_5
[2026-08-22 11:48:03.106 GPU_Scheduler_0] net_available: inf, queue_len: 102, model_backend_queue_lens: {'model_5': 0, 'model_6': 115}
[2026-08-22 11:48:03.106 GPU_Scheduler_0] Admitted 1 requests for model_5
[2026-08-22 11:48:03.128 GPU_Scheduler_1] Admitted 1 requests for model_2
[2026-08-22 11:48:03.148 GPU_Scheduler_0] Admitted 1 requests for model_5
[2026-08-22 11:48:03.164 GPU_Scheduler_1] Admitted 1 requests for model_3
[2026-08-22 11:48:03.168 GPU_Scheduler_1] Received activate request for model model_4
[2026-08-22 11:48:03.168 GPU_Scheduler_1] Received activate request for model_4, model_states: {'model_1': 'activated', 'model_2': 'activated', 'model_3': 'activated', 'model_4': 'activating', 'model_5': 'deactivated', 'model_6': 'deactivated'}
[2026-08-22 11:48:03.169 GPU_Scheduler_1] Assign worker 1 to model_4. Current model_to_worker: {'model_3': 2, 'model_1': 0, 'model_2': 3, 'model_4': 1}
[2026-08-22 11:48:03.178 GPU_Scheduler_1] Admitted 14 requests for model_4
[2026-08-22 11:48:03.198 GPU_Scheduler_1] Admitted 1 requests for model_3
[2026-08-22 11:48:03.211 GPU_Scheduler_1] Admitted 1 requests for model_2
[2026-08-22 11:48:03.322 GPU_Scheduler_1] [V5-LOOP] {"iters": 440, "t_mem": 0.009285804582759738, "t_redis": 0.5051077252719551, "t_admit": 0.006166637176647782, "t_send": 0.03977151378057897, "t_iter": 0.5603316808119416, "admitted": 63, "iter_max": 0.010320236207917333, "gpu_id": 1, "window_s": 5.003390550613403}
[2026-08-22 11:48:03.412 GPU_Scheduler_1] Admitted 1 requests for model_3
[2026-08-22 11:48:03.423 GPU_Scheduler_1] Admitted 1 requests for model_3
[2026-08-22 11:48:03.499 GPU_Scheduler_1] net_available: inf, queue_len: 1, model_backend_queue_lens: {'model_1': 0, 'model_2': 0, 'model_3': 2, 'model_4': 14}
[2026-08-22 11:48:03.576 GPU_Scheduler_1] Admitted 1 requests for model_2
[2026-08-22 11:48:03.609 GPU_Scheduler_1] Admitted 1 requests for model_3
[2026-08-22 11:48:03.688 GPU_Scheduler_0] Admitted 1 requests for model_5
[2026-08-22 11:48:03.753 GPU_Scheduler_0] Admitted 1 requests for model_5
[2026-08-22 11:48:03.764 GPU_Scheduler_0] Admitted 1 requests for model_5
[2026-08-22 11:48:03.772 GPU_Scheduler_1] Admitted 1 requests for model_3
[2026-08-22 11:48:03.775 GPU_Scheduler_0] Admitted 1 requests for model_5
[2026-08-22 11:48:03.915 GPU_Scheduler_0] Admitted 1 requests for model_5
[2026-08-22 11:48:03.935 GPU_Scheduler_1] Admitted 1 requests for model_3
[2026-08-22 11:48:04.043 GPU_Scheduler_1] Admitted 1 requests for model_3
[2026-08-22 11:48:04.049 GPU_Scheduler_0] Admitted 1 requests for model_5
[2026-08-22 11:48:04.076 GPU_Scheduler_1] Admitted 1 requests for model_3
[2026-08-22 11:48:04.107 GPU_Scheduler_0] net_available: inf, queue_len: 102, model_backend_queue_lens: {'model_5': 2, 'model_6': 113}
[2026-08-22 11:48:04.153 GPU_Scheduler_1] Admitted 1 requests for model_3
[2026-08-22 11:48:04.327 GPU_Scheduler_1] Admitted 1 requests for model_3
[2026-08-22 11:48:04.465 GPU_Scheduler_0] Admitted 1 requests for model_5
[2026-08-22 11:48:04.501 GPU_Scheduler_1] net_available: inf, queue_len: 2, model_backend_queue_lens: {'model_1': 0, 'model_2': 0, 'model_3': 0, 'model_4': 14}
[2026-08-22 11:48:04.568 GPU_Scheduler_0] Admitted 1 requests for model_5
[2026-08-22 11:48:04.718 GPU_Scheduler_0] Admitted 1 requests for model_5
[2026-08-22 11:48:04.762 GPU_Scheduler_1] Admitted 1 requests for model_3
[2026-08-22 11:48:04.990 GPU_Scheduler_1] Admitted 1 requests for model_3
[2026-08-22 11:48:05.004 GPU_Scheduler_0] Admitted 1 requests for model_5
[2026-08-22 11:48:05.023 GPU_Scheduler_1] Admitted 1 requests for model_3
[2026-08-22 11:48:05.050 GPU_Scheduler_0] Admitted 1 requests for model_5
[2026-08-22 11:48:05.056 GPU_Scheduler_1] Admitted 1 requests for model_3
[2026-08-22 11:48:05.067 GPU_Scheduler_1] Admitted 1 requests for model_3
[2026-08-22 11:48:05.107 GPU_Scheduler_0] net_available: inf, queue_len: 103, model_backend_queue_lens: {'model_5': 0, 'model_6': 106}
[2026-08-22 11:48:05.165 GPU_Scheduler_1] Admitted 1 requests for model_3
[2026-08-22 11:48:05.187 GPU_Scheduler_1] Admitted 1 requests for model_3
[2026-08-22 11:48:05.264 GPU_Scheduler_1] Admitted 1 requests for model_3
[2026-08-22 11:48:05.286 GPU_Scheduler_1] Admitted 1 requests for model_2
[2026-08-22 11:48:05.319 GPU_Scheduler_1] Admitted 1 requests for model_2
[2026-08-22 11:48:05.373 GPU_Scheduler_1] Admitted 1 requests for model_3
[2026-08-22 11:48:05.439 GPU_Scheduler_1] Admitted 1 requests for model_3
[2026-08-22 11:48:05.483 GPU_Scheduler_1] Admitted 1 requests for model_3
[2026-08-22 11:48:05.505 GPU_Scheduler_1] net_available: inf, queue_len: 5, model_backend_queue_lens: {'model_1': 0, 'model_2': 0, 'model_3': 3, 'model_4': 14}
[2026-08-22 11:48:05.516 GPU_Scheduler_1] Admitted 1 requests for model_2
[2026-08-22 11:48:05.868 GPU_Scheduler_1] Admitted 1 requests for model_3
[2026-08-22 11:48:05.905 GPU_Scheduler_1] Admitted 1 requests for model_3
[2026-08-22 11:48:05.983 GPU_Scheduler_0] Admitted 1 requests for model_5
[2026-08-22 11:48:06.059 GPU_Scheduler_0] Admitted 1 requests for model_5
[2026-08-22 11:48:06.117 GPU_Scheduler_0] net_available: inf, queue_len: 104, model_backend_queue_lens: {'model_5': 0, 'model_6': 103}
[2026-08-22 11:48:06.151 GPU_Scheduler_0] Admitted 1 requests for model_5
[2026-08-22 11:48:06.213 GPU_Scheduler_1] Admitted 1 requests for model_3
[2026-08-22 11:48:06.235 GPU_Scheduler_1] Admitted 1 requests for model_3
[2026-08-22 11:48:06.246 GPU_Scheduler_1] Admitted 1 requests for model_3
[2026-08-22 11:48:06.301 GPU_Scheduler_1] Admitted 1 requests for model_3
[2026-08-22 11:48:06.311 GPU_Scheduler_0] Admitted 1 requests for model_5
[2026-08-22 11:48:06.377 GPU_Scheduler_1] Admitted 1 requests for model_2
[2026-08-22 11:48:06.509 GPU_Scheduler_1] net_available: inf, queue_len: 9, model_backend_queue_lens: {'model_1': 0, 'model_2': 1, 'model_3': 0, 'model_4': 14}
[2026-08-22 11:48:06.553 GPU_Scheduler_1] Admitted 1 requests for model_3
[2026-08-22 11:48:06.673 GPU_Scheduler_1] Admitted 1 requests for model_2
[2026-08-22 11:48:06.706 GPU_Scheduler_1] Admitted 1 requests for model_3
[2026-08-22 11:48:06.713 GPU_Scheduler_0] Admitted 1 requests for model_5
[2026-08-22 11:48:06.772 GPU_Scheduler_1] Admitted 1 requests for model_3
[2026-08-22 11:48:06.859 GPU_Scheduler_1] Admitted 1 requests for model_3
[2026-08-22 11:48:06.989 GPU_Scheduler_1] Admitted 1 requests for model_3
[2026-08-22 11:48:07.034 GPU_Scheduler_0] Admitted 1 requests for model_5
[2026-08-22 11:48:07.119 GPU_Scheduler_1] Admitted 1 requests for model_3
[2026-08-22 11:48:07.126 GPU_Scheduler_0] net_available: inf, queue_len: 105, model_backend_queue_lens: {'model_5': 1, 'model_6': 101}
[2026-08-22 11:48:07.184 GPU_Scheduler_0] Admitted 1 requests for model_5
[2026-08-22 11:48:07.260 GPU_Scheduler_1] Admitted 1 requests for model_3
[2026-08-22 11:48:07.315 GPU_Scheduler_1] Admitted 1 requests for model_3
[2026-08-22 11:48:07.370 GPU_Scheduler_1] Admitted 1 requests for model_3
[2026-08-22 11:48:07.424 GPU_Scheduler_1] Admitted 1 requests for model_3
[2026-08-22 11:48:07.512 GPU_Scheduler_1] net_available: inf, queue_len: 14, model_backend_queue_lens: {'model_1': 0, 'model_2': 0, 'model_3': 2, 'model_4': 14}
[2026-08-22 11:48:07.512 GPU_Scheduler_1] Admitted 1 requests for model_3
[2026-08-22 11:48:07.534 GPU_Scheduler_1] Admitted 1 requests for model_3
[2026-08-22 11:48:07.556 GPU_Scheduler_1] Admitted 1 requests for model_2
[2026-08-22 11:48:07.654 GPU_Scheduler_1] Admitted 1 requests for model_2
[2026-08-22 11:48:07.660 GPU_Scheduler_0] Admitted 1 requests for model_5
[2026-08-22 11:48:07.671 GPU_Scheduler_0] [V5-LOOP] {"iters": 451, "t_mem": 0.009638097370043397, "t_redis": 0.3430305237416178, "t_admit": 0.08007818786427379, "t_send": 0.01493360148742795, "t_iter": 0.44768041046336293, "admitted": 24, "iter_max": 0.002259304979816079, "gpu_id": 0, "window_s": 5.000050067901611}
[2026-08-22 11:48:07.687 GPU_Scheduler_1] Admitted 1 requests for model_3
[2026-08-22 11:48:07.730 GPU_Scheduler_1] Admitted 1 requests for model_3
[2026-08-22 11:48:07.738 GPU_Scheduler_0] Admitted 1 requests for model_5
[2026-08-22 11:48:07.763 GPU_Scheduler_1] Admitted 1 requests for model_3
[2026-08-22 11:48:07.913 GPU_Scheduler_1] Admitted 1 requests for model_3
[2026-08-22 11:48:07.967 GPU_Scheduler_0] Admitted 1 requests for model_5
[2026-08-22 11:48:07.989 GPU_Scheduler_1] Admitted 1 requests for model_3
[2026-08-22 11:48:08.054 GPU_Scheduler_1] Admitted 1 requests for model_3
[2026-08-22 11:48:08.086 GPU_Scheduler_1] Admitted 1 requests for model_3
[2026-08-22 11:48:08.127 GPU_Scheduler_0] net_available: inf, queue_len: 107, model_backend_queue_lens: {'model_5': 0, 'model_6': 97}
[2026-08-22 11:48:08.127 GPU_Scheduler_0] Admitted 1 requests for model_5
[2026-08-22 11:48:08.151 GPU_Scheduler_0] Admitted 1 requests for model_5
[2026-08-22 11:48:08.197 GPU_Scheduler_0] Admitted 1 requests for model_5
[2026-08-22 11:48:08.324 GPU_Scheduler_1] [V5-LOOP] {"iters": 454, "t_mem": 0.006580544635653496, "t_redis": 0.38887589797377586, "t_admit": 0.008957070531323552, "t_send": 0.018885432044044137, "t_iter": 0.42329894518479705, "admitted": 53, "iter_max": 0.002799278125166893, "gpu_id": 1, "window_s": 5.001874923706055}
[2026-08-22 11:48:08.372 GPU_Scheduler_1] Admitted 1 requests for model_3
[2026-08-22 11:48:08.434 GPU_Scheduler_1] Admitted 1 requests for model_3
[2026-08-22 11:48:08.508 GPU_Scheduler_1] Admitted 1 requests for model_3
[2026-08-22 11:48:08.521 GPU_Scheduler_1] net_available: inf, queue_len: 16, model_backend_queue_lens: {'model_1': 0, 'model_2': 0, 'model_3': 0, 'model_4': 14}
[2026-08-22 11:48:08.546 GPU_Scheduler_0] Admitted 1 requests for model_5
[2026-08-22 11:48:08.594 GPU_Scheduler_1] Admitted 1 requests for model_3
[2026-08-22 11:48:08.619 GPU_Scheduler_1] Admitted 1 requests for model_3
[2026-08-22 11:48:08.721 GPU_Scheduler_1] Admitted 1 requests for model_3
[2026-08-22 11:48:08.729 GPU_Scheduler_0] Admitted 1 requests for model_5
[2026-08-22 11:48:08.744 GPU_Scheduler_1] Admitted 1 requests for model_3
[2026-08-22 11:48:08.756 GPU_Scheduler_1] Admitted 1 requests for model_3
[2026-08-22 11:48:08.790 GPU_Scheduler_1] Admitted 1 requests for model_2
[2026-08-22 11:48:08.931 GPU_Scheduler_0] Admitted 1 requests for model_5
[2026-08-22 11:48:08.937 GPU_Scheduler_1] Admitted 1 requests for model_3
[2026-08-22 11:48:09.038 GPU_Scheduler_1] Admitted 1 requests for model_3
[2026-08-22 11:48:09.108 GPU_Scheduler_0] Admitted 1 requests for model_5
[2026-08-22 11:48:09.130 GPU_Scheduler_0] net_available: inf, queue_len: 108, model_backend_queue_lens: {'model_5': 1, 'model_6': 93}
[2026-08-22 11:48:09.150 GPU_Scheduler_1] Admitted 1 requests for model_3
[2026-08-22 11:48:09.239 GPU_Scheduler_1] Admitted 2 requests for model_3
[2026-08-22 11:48:09.285 GPU_Scheduler_1] Admitted 1 requests for model_3
[2026-08-22 11:48:09.352 GPU_Scheduler_1] Admitted 1 requests for model_3
[2026-08-22 11:48:09.368 GPU_Scheduler_0] Admitted 1 requests for model_5
[2026-08-22 11:48:09.396 GPU_Scheduler_1] Admitted 1 requests for model_3
[2026-08-22 11:48:09.494 GPU_Scheduler_1] Admitted 1 requests for model_3
[2026-08-22 11:48:09.505 GPU_Scheduler_1] Admitted 1 requests for model_3
[2026-08-22 11:48:09.517 GPU_Scheduler_1] Admitted 1 requests for model_3
[2026-08-22 11:48:09.528 GPU_Scheduler_1] net_available: inf, queue_len: 17, model_backend_queue_lens: {'model_1': 0, 'model_2': 0, 'model_3': 0, 'model_4': 14}
[2026-08-22 11:48:09.593 GPU_Scheduler_1] Admitted 1 requests for model_3
[2026-08-22 11:48:09.659 GPU_Scheduler_1] Admitted 1 requests for model_3
[2026-08-22 11:48:09.703 GPU_Scheduler_1] Admitted 1 requests for model_3
[2026-08-22 11:48:09.877 GPU_Scheduler_1] Admitted 1 requests for model_3
[2026-08-22 11:48:09.884 GPU_Scheduler_0] Admitted 1 requests for model_5
[2026-08-22 11:48:09.896 GPU_Scheduler_0] Admitted 1 requests for model_5
[2026-08-22 11:48:09.986 GPU_Scheduler_1] Admitted 1 requests for model_3
[2026-08-22 11:48:10.029 GPU_Scheduler_1] Admitted 1 requests for model_3
[2026-08-22 11:48:10.136 GPU_Scheduler_0] net_available: inf, queue_len: 109, model_backend_queue_lens: {'model_5': 0, 'model_6': 89}
[2026-08-22 11:48:10.136 GPU_Scheduler_0] Admitted 1 requests for model_5
[2026-08-22 11:48:10.205 GPU_Scheduler_0] Admitted 1 requests for model_5
[2026-08-22 11:48:10.280 GPU_Scheduler_1] Admitted 1 requests for model_3
[2026-08-22 11:48:10.334 GPU_Scheduler_1] Admitted 1 requests for model_2
[2026-08-22 11:48:10.345 GPU_Scheduler_1] Admitted 1 requests for model_3
[2026-08-22 11:48:10.529 GPU_Scheduler_1] net_available: inf, queue_len: 22, model_backend_queue_lens: {'model_1': 0, 'model_2': 1, 'model_3': 7, 'model_4': 14}
[2026-08-22 11:48:10.669 GPU_Scheduler_1] Admitted 1 requests for model_3
[2026-08-22 11:48:10.735 GPU_Scheduler_0] Admitted 3 requests for model_5
[2026-08-22 11:48:10.874 GPU_Scheduler_1] Admitted 1 requests for model_3
[2026-08-22 11:48:10.895 GPU_Scheduler_0] Admitted 1 requests for model_5
[2026-08-22 11:48:10.896 GPU_Scheduler_1] Admitted 1 requests for model_3
[2026-08-22 11:48:11.027 GPU_Scheduler_1] Admitted 1 requests for model_3
[2026-08-22 11:48:11.070 GPU_Scheduler_1] Admitted 1 requests for model_3
[2026-08-22 11:48:11.118 GPU_Scheduler_0] Admitted 1 requests for model_5
[2026-08-22 11:48:11.139 GPU_Scheduler_0] net_available: inf, queue_len: 109, model_backend_queue_lens: {'model_5': 1, 'model_6': 87}
[2026-08-22 11:48:11.157 GPU_Scheduler_1] Admitted 1 requests for model_3
[2026-08-22 11:48:11.190 GPU_Scheduler_1] Admitted 1 requests for model_3
[2026-08-22 11:48:11.255 GPU_Scheduler_1] Admitted 1 requests for model_3
[2026-08-22 11:48:11.277 GPU_Scheduler_1] Admitted 1 requests for model_3
[2026-08-22 11:48:11.312 GPU_Scheduler_1] Admitted 1 requests for model_3
[2026-08-22 11:48:11.380 GPU_Scheduler_1] Admitted 1 requests for model_3
[2026-08-22 11:48:11.425 GPU_Scheduler_1] Admitted 1 requests for model_3
[2026-08-22 11:48:11.460 GPU_Scheduler_1] Admitted 1 requests for model_3
[2026-08-22 11:48:11.461 GPU_Scheduler_0] Admitted 1 requests for model_5
[2026-08-22 11:48:11.516 GPU_Scheduler_1] Admitted 1 requests for model_3
[2026-08-22 11:48:11.540 GPU_Scheduler_1] net_available: inf, queue_len: 23, model_backend_queue_lens: {'model_1': 0, 'model_2': 0, 'model_3': 3, 'model_4': 14}
[2026-08-22 11:48:11.607 GPU_Scheduler_1] Admitted 2 requests for model_3
[2026-08-22 11:48:11.653 GPU_Scheduler_0] Admitted 2 requests for model_5
[2026-08-22 11:48:11.753 GPU_Scheduler_1] Admitted 1 requests for model_3
[2026-08-22 11:48:11.896 GPU_Scheduler_0] Admitted 1 requests for model_5
[2026-08-22 11:48:11.917 GPU_Scheduler_1] Admitted 1 requests for model_3
[2026-08-22 11:48:11.950 GPU_Scheduler_1] Admitted 1 requests for model_3
[2026-08-22 11:48:11.961 GPU_Scheduler_0] Admitted 1 requests for model_5
[2026-08-22 11:48:12.007 GPU_Scheduler_0] Admitted 1 requests for model_5
[2026-08-22 11:48:12.080 GPU_Scheduler_1] Admitted 1 requests for model_2
[2026-08-22 11:48:12.141 GPU_Scheduler_0] net_available: inf, queue_len: 110, model_backend_queue_lens: {'model_5': 2, 'model_6': 84}
[2026-08-22 11:48:12.188 GPU_Scheduler_1] Admitted 1 requests for model_3
[2026-08-22 11:48:12.447 GPU_Scheduler_1] Admitted 1 requests for model_2
[2026-08-22 11:48:12.550 GPU_Scheduler_1] net_available: inf, queue_len: 25, model_backend_queue_lens: {'model_1': 0, 'model_2': 0, 'model_3': 0, 'model_4': 14}
[2026-08-22 11:48:12.572 GPU_Scheduler_1] Admitted 1 requests for model_3
[2026-08-22 11:48:12.597 GPU_Scheduler_1] Admitted 1 requests for model_3
[2026-08-22 11:48:12.650 GPU_Scheduler_0] Admitted 1 requests for model_5
[2026-08-22 11:48:12.672 GPU_Scheduler_0] [V5-LOOP] {"iters": 455, "t_mem": 0.008872519712895155, "t_redis": 0.30714738136157393, "t_admit": 0.07645042520016432, "t_send": 0.01648260187357664, "t_iter": 0.40895292814821005, "admitted": 26, "iter_max": 0.0026526469737291336, "gpu_id": 0, "window_s": 5.000832796096802}
[2026-08-22 11:48:12.708 GPU_Scheduler_1] Admitted 1 requests for model_3
[2026-08-22 11:48:12.733 GPU_Scheduler_1] Admitted 1 requests for model_3
[2026-08-22 11:48:12.771 GPU_Scheduler_1] Admitted 1 requests for model_3
[2026-08-22 11:48:12.833 GPU_Scheduler_1] Admitted 1 requests for model_3
[2026-08-22 11:48:12.883 GPU_Scheduler_1] Admitted 1 requests for model_3
[2026-08-22 11:48:12.896 GPU_Scheduler_1] Admitted 1 requests for model_3
[2026-08-22 11:48:12.982 GPU_Scheduler_1] Admitted 1 requests for model_3
[2026-08-22 11:48:13.056 GPU_Scheduler_1] Admitted 1 requests for model_3
[2026-08-22 11:48:13.065 GPU_Scheduler_0] Admitted 1 requests for model_5
[2026-08-22 11:48:13.070 GPU_Scheduler_1] Admitted 2 requests for model_3
[2026-08-22 11:48:13.145 GPU_Scheduler_0] net_available: inf, queue_len: 112, model_backend_queue_lens: {'model_5': 1, 'model_6': 83}
[2026-08-22 11:48:13.156 GPU_Scheduler_1] Admitted 1 requests for model_3
[2026-08-22 11:48:13.179 GPU_Scheduler_0] Admitted 1 requests for model_5
[2026-08-22 11:48:13.203 GPU_Scheduler_0] Admitted 1 requests for model_5
[2026-08-22 11:48:13.315 GPU_Scheduler_1] Admitted 1 requests for model_3
[2026-08-22 11:48:13.328 GPU_Scheduler_1] [V5-LOOP] {"iters": 443, "t_mem": 0.007529560010880232, "t_redis": 0.47827951214276254, "t_admit": 0.017869498347863555, "t_send": 0.03128009173087776, "t_iter": 0.5349586622323841, "admitted": 65, "iter_max": 0.003690633922815323, "gpu_id": 1, "window_s": 5.0038902759552}
[2026-08-22 11:48:13.365 GPU_Scheduler_1] Admitted 1 requests for model_3
[2026-08-22 11:48:13.479 GPU_Scheduler_0] Admitted 1 requests for model_5
[2026-08-22 11:48:13.488 GPU_Scheduler_1] Admitted 1 requests for model_2
[2026-08-22 11:48:13.556 GPU_Scheduler_1] net_available: inf, queue_len: 29, model_backend_queue_lens: {'model_1': 0, 'model_2': 1, 'model_3': 0, 'model_4': 14}
[2026-08-22 11:48:13.693 GPU_Scheduler_0] Admitted 1 requests for model_5
[2026-08-22 11:48:13.703 GPU_Scheduler_1] Admitted 1 requests for model_2
[2026-08-22 11:48:13.874 GPU_Scheduler_0] Admitted 1 requests for model_5
[2026-08-22 11:48:13.884 GPU_Scheduler_1] Admitted 1 requests for model_3
[2026-08-22 11:48:13.928 GPU_Scheduler_0] Admitted 1 requests for model_5
[2026-08-22 11:48:13.952 GPU_Scheduler_1] Admitted 1 requests for model_3
[2026-08-22 11:48:14.013 GPU_Scheduler_0] Admitted 1 requests for model_5
[2026-08-22 11:48:14.142 GPU_Scheduler_0] Admitted 1 requests for model_5
[2026-08-22 11:48:14.153 GPU_Scheduler_0] net_available: inf, queue_len: 112, model_backend_queue_lens: {'model_5': 1, 'model_6': 81}
[2026-08-22 11:48:14.176 GPU_Scheduler_1] Admitted 1 requests for model_3
[2026-08-22 11:48:14.209 GPU_Scheduler_1] Admitted 1 requests for model_2
[2026-08-22 11:48:14.284 GPU_Scheduler_1] Admitted 1 requests for model_2
[2026-08-22 11:48:14.336 GPU_Scheduler_0] Admitted 1 requests for model_5
[2026-08-22 11:48:14.420 GPU_Scheduler_1] Admitted 1 requests for model_3
[2026-08-22 11:48:14.558 GPU_Scheduler_1] net_available: inf, queue_len: 31, model_backend_queue_lens: {'model_1': 0, 'model_2': 0, 'model_3': 0, 'model_4': 14}
[2026-08-22 11:48:14.558 GPU_Scheduler_1] Admitted 1 requests for model_3
[2026-08-22 11:48:14.651 GPU_Scheduler_1] Admitted 1 requests for model_3
[2026-08-22 11:48:14.784 GPU_Scheduler_1] Admitted 1 requests for model_3
[2026-08-22 11:48:14.798 GPU_Scheduler_0] Admitted 1 requests for model_5
[2026-08-22 11:48:14.822 GPU_Scheduler_0] Admitted 1 requests for model_5
[2026-08-22 11:48:14.857 GPU_Scheduler_0] Admitted 1 requests for model_5
[2026-08-22 11:48:14.935 GPU_Scheduler_0] Admitted 1 requests for model_5
[2026-08-22 11:48:15.034 GPU_Scheduler_1] Admitted 1 requests for model_2
[2026-08-22 11:48:15.091 GPU_Scheduler_1] Admitted 1 requests for model_2
[2026-08-22 11:48:15.091 GPU_Scheduler_1] Admitted 1 requests for model_3
[2026-08-22 11:48:15.149 GPU_Scheduler_1] Admitted 1 requests for model_3
[2026-08-22 11:48:15.161 GPU_Scheduler_0] net_available: inf, queue_len: 114, model_backend_queue_lens: {'model_5': 0, 'model_6': 74}
[2026-08-22 11:48:15.184 GPU_Scheduler_1] Admitted 1 requests for model_2
[2026-08-22 11:48:15.219 GPU_Scheduler_1] Admitted 1 requests for model_3
[2026-08-22 11:48:15.279 GPU_Scheduler_0] Admitted 1 requests for model_5
[2026-08-22 11:48:15.391 GPU_Scheduler_1] Admitted 1 requests for model_2
[2026-08-22 11:48:15.453 GPU_Scheduler_1] Admitted 1 requests for model_2
[2026-08-22 11:48:15.479 GPU_Scheduler_1] Admitted 1 requests for model_2
[2026-08-22 11:48:15.492 GPU_Scheduler_1] Admitted 1 requests for model_3
[2026-08-22 11:48:15.505 GPU_Scheduler_1] Admitted 1 requests for model_3
[2026-08-22 11:48:15.569 GPU_Scheduler_1] net_available: inf, queue_len: 34, model_backend_queue_lens: {'model_1': 0, 'model_2': 3, 'model_3': 2, 'model_4': 14}
[2026-08-22 11:48:15.592 GPU_Scheduler_1] Admitted 1 requests for model_3
[2026-08-22 11:48:15.658 GPU_Scheduler_0] Admitted 1 requests for model_5
[2026-08-22 11:48:15.683 GPU_Scheduler_1] Admitted 1 requests for model_3
[2026-08-22 11:48:15.774 GPU_Scheduler_1] Admitted 1 requests for model_2
[2026-08-22 11:48:15.786 GPU_Scheduler_1] Admitted 1 requests for model_3
[2026-08-22 11:48:15.798 GPU_Scheduler_1] Admitted 2 requests for model_3
[2026-08-22 11:48:15.812 GPU_Scheduler_1] Admitted 1 requests for model_3
[2026-08-22 11:48:15.825 GPU_Scheduler_1] Admitted 1 requests for model_3
[2026-08-22 11:48:15.886 GPU_Scheduler_1] Admitted 1 requests for model_3
[2026-08-22 11:48:15.899 GPU_Scheduler_1] Admitted 1 requests for model_3
[2026-08-22 11:48:16.096 GPU_Scheduler_1] Admitted 1 requests for model_3
[2026-08-22 11:48:16.114 GPU_Scheduler_0] Admitted 1 requests for model_5
[2026-08-22 11:48:16.125 GPU_Scheduler_0] Admitted 1 requests for model_5
[2026-08-22 11:48:16.146 GPU_Scheduler_1] Admitted 1 requests for model_2
[2026-08-22 11:48:16.168 GPU_Scheduler_0] net_available: inf, queue_len: 115, model_backend_queue_lens: {'model_5': 0, 'model_6': 69}
[2026-08-22 11:48:16.172 GPU_Scheduler_1] Admitted 1 requests for model_3
[2026-08-22 11:48:16.283 GPU_Scheduler_1] Admitted 1 requests for model_3
[2026-08-22 11:48:16.507 GPU_Scheduler_0] Admitted 1 requests for model_5
[2026-08-22 11:48:16.530 GPU_Scheduler_1] Admitted 1 requests for model_3
[2026-08-22 11:48:16.539 GPU_Scheduler_0] Admitted 1 requests for model_5
[2026-08-22 11:48:16.581 GPU_Scheduler_1] net_available: inf, queue_len: 42, model_backend_queue_lens: {'model_1': 0, 'model_2': 0, 'model_3': 0, 'model_4': 14}
[2026-08-22 11:48:16.630 GPU_Scheduler_1] Admitted 1 requests for model_2
[2026-08-22 11:48:16.630 GPU_Scheduler_1] Admitted 1 requests for model_3
[2026-08-22 11:48:16.704 GPU_Scheduler_1] Admitted 1 requests for model_3
[2026-08-22 11:48:16.752 GPU_Scheduler_0] Admitted 1 requests for model_5
[2026-08-22 11:48:16.803 GPU_Scheduler_1] Admitted 1 requests for model_3
[2026-08-22 11:48:16.853 GPU_Scheduler_1] Admitted 1 requests for model_3
[2026-08-22 11:48:17.040 GPU_Scheduler_1] Admitted 1 requests for model_2
[2026-08-22 11:48:17.052 GPU_Scheduler_1] Admitted 1 requests for model_3
[2026-08-22 11:48:17.177 GPU_Scheduler_0] net_available: inf, queue_len: 117, model_backend_queue_lens: {'model_5': 2, 'model_6': 65}
[2026-08-22 11:48:17.422 GPU_Scheduler_1] Admitted 1 requests for model_3
[2026-08-22 11:48:17.448 GPU_Scheduler_1] Admitted 1 requests for model_3
[2026-08-22 11:48:17.585 GPU_Scheduler_1] net_available: inf, queue_len: 47, model_backend_queue_lens: {'model_1': 0, 'model_2': 0, 'model_3': 0, 'model_4': 14}
[2026-08-22 11:48:17.610 GPU_Scheduler_1] Admitted 1 requests for model_3
[2026-08-22 11:48:17.655 GPU_Scheduler_0] Admitted 1 requests for model_5
[2026-08-22 11:48:17.677 GPU_Scheduler_0] [V5-LOOP] {"iters": 463, "t_mem": 0.007921905955299735, "t_redis": 0.24589620158076286, "t_admit": 0.0676748133264482, "t_send": 0.011338929878547788, "t_iter": 0.3328318507410586, "admitted": 22, "iter_max": 0.002349665155634284, "gpu_id": 0, "window_s": 5.004274606704712}
[2026-08-22 11:48:17.708 GPU_Scheduler_0] Admitted 1 requests for model_5
[2026-08-22 11:48:17.806 GPU_Scheduler_1] Admitted 1 requests for model_3
[2026-08-22 11:48:17.869 GPU_Scheduler_1] Admitted 2 requests for model_3
[2026-08-22 11:48:17.900 GPU_Scheduler_0] Admitted 1 requests for model_5
[2026-08-22 11:48:18.007 GPU_Scheduler_1] Admitted 1 requests for model_3
[2026-08-22 11:48:18.020 GPU_Scheduler_1] Admitted 1 requests for model_3
[2026-08-22 11:48:18.071 GPU_Scheduler_1] Admitted 1 requests for model_3
[2026-08-22 11:48:18.083 GPU_Scheduler_1] Admitted 1 requests for model_3
[2026-08-22 11:48:18.133 GPU_Scheduler_0] Admitted 1 requests for model_5
[2026-08-22 11:48:18.171 GPU_Scheduler_1] Admitted 1 requests for model_2
[2026-08-22 11:48:18.187 GPU_Scheduler_0] net_available: inf, queue_len: 117, model_backend_queue_lens: {'model_5': 4, 'model_6': 64}
[2026-08-22 11:48:18.283 GPU_Scheduler_1] Admitted 1 requests for model_3
[2026-08-22 11:48:18.334 GPU_Scheduler_1] Admitted 1 requests for model_3
[2026-08-22 11:48:18.335 GPU_Scheduler_1] [V5-LOOP] {"iters": 420, "t_mem": 0.009906845400109887, "t_redis": 0.6839660999830812, "t_admit": 0.03334429650567472, "t_send": 0.037874194560572505, "t_iter": 0.7650914364494383, "admitted": 58, "iter_max": 0.0039512659423053265, "gpu_id": 1, "window_s": 5.0061516761779785}
[2026-08-22 11:48:18.372 GPU_Scheduler_1] Admitted 1 requests for model_3
[2026-08-22 11:48:18.435 GPU_Scheduler_1] Admitted 1 requests for model_3
[2026-08-22 11:48:18.596 GPU_Scheduler_1] net_available: inf, queue_len: 50, model_backend_queue_lens: {'model_1': 0, 'model_2': 0, 'model_3': 0, 'model_4': 14}
[2026-08-22 11:48:18.646 GPU_Scheduler_1] Admitted 1 requests for model_3
[2026-08-22 11:48:18.820 GPU_Scheduler_1] Admitted 1 requests for model_3
[2026-08-22 11:48:18.833 GPU_Scheduler_0] Admitted 1 requests for model_5
[2026-08-22 11:48:18.872 GPU_Scheduler_1] Admitted 2 requests for model_3
[2026-08-22 11:48:18.950 GPU_Scheduler_0] Admitted 1 requests for model_5
[2026-08-22 11:48:18.972 GPU_Scheduler_1] Admitted 1 requests for model_3
[2026-08-22 11:48:18.992 GPU_Scheduler_0] Admitted 1 requests for model_5
[2026-08-22 11:48:18.998 GPU_Scheduler_1] Admitted 1 requests for model_3
[2026-08-22 11:48:19.183 GPU_Scheduler_1] Admitted 1 requests for model_2
[2026-08-22 11:48:19.194 GPU_Scheduler_0] net_available: inf, queue_len: 119, model_backend_queue_lens: {'model_5': 7, 'model_6': 63}
[2026-08-22 11:48:19.196 GPU_Scheduler_1] Admitted 1 requests for model_3
[2026-08-22 11:48:19.234 GPU_Scheduler_1] Admitted 1 requests for model_3
[2026-08-22 11:48:19.284 GPU_Scheduler_1] Admitted 1 requests for model_3
[2026-08-22 11:48:19.311 GPU_Scheduler_0] Admitted 1 requests for model_5
[2026-08-22 11:48:19.320 GPU_Scheduler_1] Admitted 1 requests for model_3
[2026-08-22 11:48:19.417 GPU_Scheduler_0] Admitted 2 requests for model_5
[2026-08-22 11:48:19.534 GPU_Scheduler_0] Admitted 1 requests for model_5
[2026-08-22 11:48:19.537 GPU_Scheduler_1] Admitted 1 requests for model_2
[2026-08-22 11:48:19.586 GPU_Scheduler_1] Admitted 1 requests for model_3
[2026-08-22 11:48:19.598 GPU_Scheduler_1] net_available: inf, queue_len: 52, model_backend_queue_lens: {'model_1': 0, 'model_2': 0, 'model_3': 1, 'model_4': 14}
[2026-08-22 11:48:19.816 GPU_Scheduler_1] Admitted 1 requests for model_3
[2026-08-22 11:48:20.197 GPU_Scheduler_0] net_available: inf, queue_len: 122, model_backend_queue_lens: {'model_5': 11, 'model_6': 63}
[2026-08-22 11:48:20.238 GPU_Scheduler_1] Admitted 1 requests for model_2
[2026-08-22 11:48:20.249 GPU_Scheduler_1] Admitted 1 requests for model_2
[2026-08-22 11:48:20.273 GPU_Scheduler_1] Admitted 1 requests for model_3
[2026-08-22 11:48:20.285 GPU_Scheduler_1] Admitted 1 requests for model_2
[2026-08-22 11:48:20.457 GPU_Scheduler_1] Admitted 1 requests for model_3
[2026-08-22 11:48:20.583 GPU_Scheduler_1] Admitted 1 requests for model_3
[2026-08-22 11:48:20.607 GPU_Scheduler_1] net_available: inf, queue_len: 55, model_backend_queue_lens: {'model_1': 0, 'model_2': 0, 'model_3': 0, 'model_4': 14}
[2026-08-22 11:48:20.618 GPU_Scheduler_1] Admitted 1 requests for model_3
[2026-08-22 11:48:20.703 GPU_Scheduler_1] Admitted 2 requests for model_3
[2026-08-22 11:48:20.804 GPU_Scheduler_1] Admitted 1 requests for model_3
[2026-08-22 11:48:20.830 GPU_Scheduler_1] Admitted 1 requests for model_2
[2026-08-22 11:48:20.843 GPU_Scheduler_1] Admitted 2 requests for model_3
[2026-08-22 11:48:20.907 GPU_Scheduler_1] Admitted 1 requests for model_2
[2026-08-22 11:48:21.091 GPU_Scheduler_0] Admitted 3 requests for model_5
[2026-08-22 11:48:21.121 GPU_Scheduler_1] Admitted 1 requests for model_3
[2026-08-22 11:48:21.199 GPU_Scheduler_0] net_available: inf, queue_len: 125, model_backend_queue_lens: {'model_5': 3, 'model_6': 58}
[2026-08-22 11:48:21.258 GPU_Scheduler_1] Admitted 1 requests for model_3
[2026-08-22 11:48:21.307 GPU_Scheduler_1] Admitted 1 requests for model_3
[2026-08-22 11:48:21.573 GPU_Scheduler_1] Admitted 1 requests for model_3
[2026-08-22 11:48:21.607 GPU_Scheduler_1] net_available: inf, queue_len: 56, model_backend_queue_lens: {'model_1': 0, 'model_2': 0, 'model_3': 1, 'model_4': 14}
[2026-08-22 11:48:21.711 GPU_Scheduler_1] Admitted 1 requests for model_2
[2026-08-22 11:48:21.711 GPU_Scheduler_1] Admitted 1 requests for model_3
[2026-08-22 11:48:21.771 GPU_Scheduler_1] Admitted 2 requests for model_3
[2026-08-22 11:48:21.871 GPU_Scheduler_1] Admitted 1 requests for model_3
[2026-08-22 11:48:21.909 GPU_Scheduler_1] Admitted 1 requests for model_3
[2026-08-22 11:48:21.978 GPU_Scheduler_1] Admitted 1 requests for model_3
[2026-08-22 11:48:22.046 GPU_Scheduler_0] Admitted 1 requests for model_5
[2026-08-22 11:48:22.120 GPU_Scheduler_0] Admitted 1 requests for model_5
[2026-08-22 11:48:22.166 GPU_Scheduler_1] Admitted 1 requests for model_2
[2026-08-22 11:48:22.179 GPU_Scheduler_1] Admitted 1 requests for model_3
[2026-08-22 11:48:22.184 GPU_Scheduler_0] Admitted 1 requests for model_5
[2026-08-22 11:48:22.206 GPU_Scheduler_0] net_available: inf, queue_len: 127, model_backend_queue_lens: {'model_5': 2, 'model_6': 57}
[2026-08-22 11:48:22.247 GPU_Scheduler_1] Admitted 1 requests for model_3
[2026-08-22 11:48:22.441 GPU_Scheduler_1] Admitted 1 requests for model_3
[2026-08-22 11:48:22.598 GPU_Scheduler_0] Admitted 1 requests for model_5
[2026-08-22 11:48:22.601 GPU_Scheduler_1] Admitted 1 requests for model_3
[2026-08-22 11:48:22.602 GPU_Scheduler_1] Admitted 1 requests for model_2
[2026-08-22 11:48:22.615 GPU_Scheduler_1] net_available: inf, queue_len: 61, model_backend_queue_lens: {'model_1': 0, 'model_2': 1, 'model_3': 1, 'model_4': 14}
[2026-08-22 11:48:22.652 GPU_Scheduler_1] Admitted 1 requests for model_3
[2026-08-22 11:48:22.683 GPU_Scheduler_0] [V5-LOOP] {"iters": 471, "t_mem": 0.0061998525634408, "t_redis": 0.18292639311403036, "t_admit": 0.06275610509328544, "t_send": 0.0063329823315143585, "t_iter": 0.25821533310227096, "admitted": 17, "iter_max": 0.0016908098477870226, "gpu_id": 0, "window_s": 5.006524324417114}
[2026-08-22 11:48:22.715 GPU_Scheduler_0] Admitted 1 requests for model_5
[2026-08-22 11:48:22.747 GPU_Scheduler_0] Admitted 1 requests for model_5
[2026-08-22 11:48:23.096 GPU_Scheduler_1] Admitted 1 requests for model_3
[2026-08-22 11:48:23.158 GPU_Scheduler_1] Admitted 1 requests for model_3
[2026-08-22 11:48:23.171 GPU_Scheduler_1] Admitted 1 requests for model_2
[2026-08-22 11:48:23.172 GPU_Scheduler_0] Admitted 1 requests for model_5
[2026-08-22 11:48:23.197 GPU_Scheduler_1] Admitted 1 requests for model_3
[2026-08-22 11:48:23.215 GPU_Scheduler_0] net_available: inf, queue_len: 129, model_backend_queue_lens: {'model_5': 2, 'model_6': 49}
[2026-08-22 11:48:23.343 GPU_Scheduler_1] [V5-LOOP] {"iters": 416, "t_mem": 0.009849450085312128, "t_redis": 0.717625982593745, "t_admit": 0.043628493091091514, "t_send": 0.035893178544938564, "t_iter": 0.8069971043150872, "admitted": 52, "iter_max": 0.0038886750116944313, "gpu_id": 1, "window_s": 5.0084755420684814}
[2026-08-22 11:48:23.440 GPU_Scheduler_1] Admitted 1 requests for model_3
[2026-08-22 11:48:23.564 GPU_Scheduler_1] Admitted 1 requests for model_3
[2026-08-22 11:48:23.627 GPU_Scheduler_1] net_available: inf, queue_len: 64, model_backend_queue_lens: {'model_1': 0, 'model_2': 0, 'model_3': 0, 'model_4': 14}
[2026-08-22 11:48:23.629 GPU_Scheduler_0] Admitted 1 requests for model_5
[2026-08-22 11:48:23.693 GPU_Scheduler_0] Admitted 1 requests for model_5
[2026-08-22 11:48:23.801 GPU_Scheduler_1] Admitted 1 requests for model_3
[2026-08-22 11:48:23.845 GPU_Scheduler_1] Admitted 1 requests for model_3
[2026-08-22 11:48:23.868 GPU_Scheduler_1] Admitted 1 requests for model_3
[2026-08-22 11:48:23.879 GPU_Scheduler_1] Admitted 1 requests for model_2
[2026-08-22 11:48:23.894 GPU_Scheduler_0] Admitted 1 requests for model_5
[2026-08-22 11:48:23.967 GPU_Scheduler_1] Admitted 1 requests for model_3
[2026-08-22 11:48:24.043 GPU_Scheduler_0] Admitted 1 requests for model_5
[2026-08-22 11:48:24.075 GPU_Scheduler_0] Admitted 1 requests for model_5
[2026-08-22 11:48:24.098 GPU_Scheduler_1] Admitted 1 requests for model_2
[2026-08-22 11:48:24.098 GPU_Scheduler_1] Admitted 1 requests for model_3
[2026-08-22 11:48:24.153 GPU_Scheduler_1] Admitted 1 requests for model_2
[2026-08-22 11:48:24.224 GPU_Scheduler_0] net_available: inf, queue_len: 130, model_backend_queue_lens: {'model_5': 1, 'model_6': 48}
[2026-08-22 11:48:24.353 GPU_Scheduler_1] Admitted 1 requests for model_3
[2026-08-22 11:48:24.387 GPU_Scheduler_1] Admitted 1 requests for model_3
[2026-08-22 11:48:24.467 GPU_Scheduler_0] Admitted 1 requests for model_5
[2026-08-22 11:48:24.509 GPU_Scheduler_1] Admitted 1 requests for model_3
[2026-08-22 11:48:24.522 GPU_Scheduler_1] Admitted 1 requests for model_3
[2026-08-22 11:48:24.585 GPU_Scheduler_1] Admitted 1 requests for model_2
[2026-08-22 11:48:24.635 GPU_Scheduler_1] net_available: inf, queue_len: 66, model_backend_queue_lens: {'model_1': 0, 'model_2': 1, 'model_3': 2, 'model_4': 14}
[2026-08-22 11:48:24.683 GPU_Scheduler_1] Admitted 1 requests for model_3
[2026-08-22 11:48:24.793 GPU_Scheduler_1] Admitted 1 requests for model_3
[2026-08-22 11:48:24.827 GPU_Scheduler_1] Admitted 1 requests for model_3
[2026-08-22 11:48:24.849 GPU_Scheduler_0] Admitted 1 requests for model_5
[2026-08-22 11:48:24.918 GPU_Scheduler_1] Admitted 1 requests for model_3
[2026-08-22 11:48:24.925 GPU_Scheduler_0] Admitted 1 requests for model_5
[2026-08-22 11:48:24.986 GPU_Scheduler_1] Admitted 1 requests for model_3
[2026-08-22 11:48:25.009 GPU_Scheduler_1] Admitted 1 requests for model_3
[2026-08-22 11:48:25.116 GPU_Scheduler_0] Admitted 1 requests for model_5
[2026-08-22 11:48:25.148 GPU_Scheduler_0] Admitted 1 requests for model_5
[2026-08-22 11:48:25.178 GPU_Scheduler_1] Admitted 1 requests for model_3
[2026-08-22 11:48:25.233 GPU_Scheduler_0] net_available: inf, queue_len: 130, model_backend_queue_lens: {'model_5': 3, 'model_6': 34}
[2026-08-22 11:48:25.298 GPU_Scheduler_1] Admitted 1 requests for model_3
[2026-08-22 11:48:25.340 GPU_Scheduler_0] Admitted 1 requests for model_5
[2026-08-22 11:48:25.342 GPU_Scheduler_1] Admitted 1 requests for model_3
[2026-08-22 11:48:25.483 GPU_Scheduler_1] Admitted 2 requests for model_3
[2026-08-22 11:48:25.603 GPU_Scheduler_1] Admitted 2 requests for model_3
[2026-08-22 11:48:25.614 GPU_Scheduler_1] Admitted 1 requests for model_2
[2026-08-22 11:48:25.636 GPU_Scheduler_1] net_available: inf, queue_len: 67, model_backend_queue_lens: {'model_1': 0, 'model_2': 0, 'model_3': 0, 'model_4': 14}
[2026-08-22 11:48:25.684 GPU_Scheduler_0] Admitted 1 requests for model_5
[2026-08-22 11:48:25.690 GPU_Scheduler_1] Admitted 1 requests for model_3
[2026-08-22 11:48:25.865 GPU_Scheduler_1] Admitted 1 requests for model_3
[2026-08-22 11:48:25.876 GPU_Scheduler_1] Admitted 1 requests for model_3
[2026-08-22 11:48:25.931 GPU_Scheduler_0] Admitted 1 requests for model_5
[2026-08-22 11:48:25.963 GPU_Scheduler_1] Admitted 1 requests for model_3
[2026-08-22 11:48:26.094 GPU_Scheduler_1] Admitted 1 requests for model_3
[2026-08-22 11:48:26.160 GPU_Scheduler_0] Admitted 1 requests for model_5
[2026-08-22 11:48:26.241 GPU_Scheduler_0] net_available: inf, queue_len: 131, model_backend_queue_lens: {'model_5': 1, 'model_6': 31}
[2026-08-22 11:48:26.396 GPU_Scheduler_0] Admitted 1 requests for model_5
[2026-08-22 11:48:26.440 GPU_Scheduler_0] Admitted 1 requests for model_5
[2026-08-22 11:48:26.472 GPU_Scheduler_1] Admitted 1 requests for model_3
[2026-08-22 11:48:26.505 GPU_Scheduler_0] Admitted 1 requests for model_5
[2026-08-22 11:48:26.528 GPU_Scheduler_0] Admitted 1 requests for model_5
[2026-08-22 11:48:26.559 GPU_Scheduler_1] Admitted 1 requests for model_2
[2026-08-22 11:48:26.571 GPU_Scheduler_0] Admitted 1 requests for model_5
[2026-08-22 11:48:26.572 GPU_Scheduler_1] Admitted 1 requests for model_2
[2026-08-22 11:48:26.645 GPU_Scheduler_1] net_available: inf, queue_len: 72, model_backend_queue_lens: {'model_1': 0, 'model_2': 2, 'model_3': 2, 'model_4': 14}
[2026-08-22 11:48:26.648 GPU_Scheduler_0] Admitted 1 requests for model_5
[2026-08-22 11:48:26.814 GPU_Scheduler_1] Admitted 1 requests for model_3
[2026-08-22 11:48:26.876 GPU_Scheduler_1] Admitted 1 requests for model_3
[2026-08-22 11:48:26.939 GPU_Scheduler_1] Admitted 1 requests for model_2
[2026-08-22 11:48:26.951 GPU_Scheduler_1] Admitted 1 requests for model_3
[2026-08-22 11:48:26.976 GPU_Scheduler_1] Admitted 1 requests for model_3
[2026-08-22 11:48:27.026 GPU_Scheduler_1] Admitted 1 requests for model_3
[2026-08-22 11:48:27.150 GPU_Scheduler_1] Admitted 1 requests for model_2
[2026-08-22 11:48:27.188 GPU_Scheduler_1] Admitted 1 requests for model_3
[2026-08-22 11:48:27.243 GPU_Scheduler_0] net_available: inf, queue_len: 133, model_backend_queue_lens: {'model_5': 3, 'model_6': 25}
[2026-08-22 11:48:27.250 GPU_Scheduler_1] Admitted 1 requests for model_3
[2026-08-22 11:48:27.307 GPU_Scheduler_1] Admitted 1 requests for model_3
[2026-08-22 11:48:27.318 GPU_Scheduler_1] Admitted 1 requests for model_3
[2026-08-22 11:48:27.330 GPU_Scheduler_1] Admitted 1 requests for model_3
[2026-08-22 11:48:27.340 GPU_Scheduler_0] Admitted 1 requests for model_5
[2026-08-22 11:48:27.353 GPU_Scheduler_1] Admitted 1 requests for model_3
[2026-08-22 11:48:27.432 GPU_Scheduler_1] Admitted 1 requests for model_2
[2026-08-22 11:48:27.464 GPU_Scheduler_0] Admitted 1 requests for model_5
[2026-08-22 11:48:27.512 GPU_Scheduler_1] Admitted 1 requests for model_3
[2026-08-22 11:48:27.556 GPU_Scheduler_0] Admitted 1 requests for model_5
[2026-08-22 11:48:27.648 GPU_Scheduler_1] net_available: inf, queue_len: 74, model_backend_queue_lens: {'model_1': 0, 'model_2': 0, 'model_3': 0, 'model_4': 14}
[2026-08-22 11:48:27.670 GPU_Scheduler_1] Admitted 1 requests for model_3
[2026-08-22 11:48:27.694 GPU_Scheduler_0] [V5-LOOP] {"iters": 463, "t_mem": 0.007505401968955994, "t_redis": 0.240247048670426, "t_admit": 0.07920952350832522, "t_send": 0.012377429287880659, "t_iter": 0.3393394034355879, "admitted": 26, "iter_max": 0.0023294950369745493, "gpu_id": 0, "window_s": 5.010585308074951}
[2026-08-22 11:48:27.728 GPU_Scheduler_1] Admitted 1 requests for model_2
[2026-08-22 11:48:27.774 GPU_Scheduler_1] Admitted 1 requests for model_3
[2026-08-22 11:48:27.875 GPU_Scheduler_1] Admitted 1 requests for model_3
[2026-08-22 11:48:27.886 GPU_Scheduler_1] Admitted 1 requests for model_3
[2026-08-22 11:48:27.921 GPU_Scheduler_1] Admitted 1 requests for model_3
[2026-08-22 11:48:27.944 GPU_Scheduler_1] Admitted 1 requests for model_3
[2026-08-22 11:48:28.013 GPU_Scheduler_1] Admitted 1 requests for model_3
[2026-08-22 11:48:28.058 GPU_Scheduler_1] Admitted 1 requests for model_3
[2026-08-22 11:48:28.160 GPU_Scheduler_1] Admitted 1 requests for model_2
[2026-08-22 11:48:28.245 GPU_Scheduler_0] net_available: inf, queue_len: 134, model_backend_queue_lens: {'model_5': 3, 'model_6': 25}
[2026-08-22 11:48:28.321 GPU_Scheduler_1] Admitted 1 requests for model_2
[2026-08-22 11:48:28.321 GPU_Scheduler_1] Admitted 1 requests for model_3
[2026-08-22 11:48:28.344 GPU_Scheduler_1] [V5-LOOP] {"iters": 433, "t_mem": 0.008251850493252277, "t_redis": 0.5427225278690457, "t_admit": 0.04621499823406339, "t_send": 0.03292546607553959, "t_iter": 0.630114842671901, "admitted": 64, "iter_max": 0.0033180518075823784, "gpu_id": 1, "window_s": 5.000377178192139}
[2026-08-22 11:48:28.371 GPU_Scheduler_0] Admitted 1 requests for model_5
[2026-08-22 11:48:28.378 GPU_Scheduler_1] Admitted 1 requests for model_3
[2026-08-22 11:48:28.395 GPU_Scheduler_0] Admitted 1 requests for model_5
[2026-08-22 11:48:28.469 GPU_Scheduler_1] Admitted 1 requests for model_3
[2026-08-22 11:48:28.575 GPU_Scheduler_0] Admitted 1 requests for model_5
[2026-08-22 11:48:28.650 GPU_Scheduler_1] net_available: inf, queue_len: 79, model_backend_queue_lens: {'model_1': 0, 'model_2': 0, 'model_3': 0, 'model_4': 14}
[2026-08-22 11:48:28.762 GPU_Scheduler_1] Admitted 2 requests for model_2
[2026-08-22 11:48:28.774 GPU_Scheduler_1] Admitted 1 requests for model_3
[2026-08-22 11:48:28.808 GPU_Scheduler_1] Admitted 1 requests for model_3
[2026-08-22 11:48:28.856 GPU_Scheduler_0] Admitted 1 requests for model_5
[2026-08-22 11:48:29.044 GPU_Scheduler_1] Admitted 1 requests for model_3
[2026-08-22 11:48:29.079 GPU_Scheduler_1] Admitted 1 requests for model_3
[2026-08-22 11:48:29.124 GPU_Scheduler_1] Admitted 1 requests for model_3
[2026-08-22 11:48:29.136 GPU_Scheduler_1] Admitted 1 requests for model_3
[2026-08-22 11:48:29.173 GPU_Scheduler_1] Admitted 1 requests for model_3
[2026-08-22 11:48:29.223 GPU_Scheduler_1] Admitted 1 requests for model_3
[2026-08-22 11:48:29.246 GPU_Scheduler_0] net_available: inf, queue_len: 134, model_backend_queue_lens: {'model_5': 6, 'model_6': 17}
[2026-08-22 11:48:29.246 GPU_Scheduler_1] Admitted 1 requests for model_3
[2026-08-22 11:48:29.315 GPU_Scheduler_1] Admitted 1 requests for model_3
[2026-08-22 11:48:29.315 GPU_Scheduler_0] Admitted 1 requests for model_5
[2026-08-22 11:48:29.373 GPU_Scheduler_1] Admitted 1 requests for model_3
[2026-08-22 11:48:29.386 GPU_Scheduler_1] Admitted 1 requests for model_3
[2026-08-22 11:48:29.436 GPU_Scheduler_1] Admitted 1 requests for model_3
[2026-08-22 11:48:29.474 GPU_Scheduler_1] Admitted 1 requests for model_3
[2026-08-22 11:48:29.546 GPU_Scheduler_1] Admitted 1 requests for model_3
[2026-08-22 11:48:29.558 GPU_Scheduler_1] Admitted 1 requests for model_3
[2026-08-22 11:48:29.660 GPU_Scheduler_1] net_available: inf, queue_len: 80, model_backend_queue_lens: {'model_1': 0, 'model_2': 0, 'model_3': 4, 'model_4': 14}
[2026-08-22 11:48:29.678 GPU_Scheduler_0] Admitted 1 requests for model_5
[2026-08-22 11:48:29.796 GPU_Scheduler_1] Admitted 1 requests for model_2
[2026-08-22 11:48:29.898 GPU_Scheduler_1] Admitted 1 requests for model_3
[2026-08-22 11:48:29.921 GPU_Scheduler_1] Admitted 1 requests for model_3
[2026-08-22 11:48:30.136 GPU_Scheduler_1] Admitted 1 requests for model_3
[2026-08-22 11:48:30.148 GPU_Scheduler_1] Admitted 1 requests for model_3
[2026-08-22 11:48:30.252 GPU_Scheduler_0] net_available: inf, queue_len: 136, model_backend_queue_lens: {'model_5': 7, 'model_6': 17}
[2026-08-22 11:48:30.261 GPU_Scheduler_1] Admitted 1 requests for model_3
[2026-08-22 11:48:30.273 GPU_Scheduler_0] Admitted 1 requests for model_5
[2026-08-22 11:48:30.295 GPU_Scheduler_1] Admitted 1 requests for model_3
[2026-08-22 11:48:30.534 GPU_Scheduler_1] Admitted 1 requests for model_3
[2026-08-22 11:48:30.571 GPU_Scheduler_0] Admitted 1 requests for model_5
[2026-08-22 11:48:30.647 GPU_Scheduler_1] Admitted 1 requests for model_2
[2026-08-22 11:48:30.659 GPU_Scheduler_1] Admitted 1 requests for model_3
[2026-08-22 11:48:30.670 GPU_Scheduler_1] net_available: inf, queue_len: 82, model_backend_queue_lens: {'model_1': 0, 'model_2': 1, 'model_3': 1, 'model_4': 14}
[2026-08-22 11:48:30.850 GPU_Scheduler_1] Admitted 1 requests for model_3
[2026-08-22 11:48:30.918 GPU_Scheduler_1] Admitted 1 requests for model_3
[2026-08-22 11:48:31.182 GPU_Scheduler_0] Admitted 1 requests for model_5
[2026-08-22 11:48:31.251 GPU_Scheduler_0] Admitted 1 requests for model_5
[2026-08-22 11:48:31.262 GPU_Scheduler_0] net_available: inf, queue_len: 138, model_backend_queue_lens: {'model_5': 9, 'model_6': 17}
[2026-08-22 11:48:31.280 GPU_Scheduler_1] Admitted 1 requests for model_3
[2026-08-22 11:48:31.292 GPU_Scheduler_1] Admitted 1 requests for model_2
[2026-08-22 11:48:31.338 GPU_Scheduler_0] Admitted 1 requests for model_5
[2026-08-22 11:48:31.451 GPU_Scheduler_1] Admitted 1 requests for model_3
[2026-08-22 11:48:31.583 GPU_Scheduler_1] Admitted 1 requests for model_3
[2026-08-22 11:48:31.671 GPU_Scheduler_1] net_available: inf, queue_len: 84, model_backend_queue_lens: {'model_1': 0, 'model_2': 0, 'model_3': 0, 'model_4': 14}
[2026-08-22 11:48:31.682 GPU_Scheduler_1] Admitted 1 requests for model_3
[2026-08-22 11:48:31.716 GPU_Scheduler_1] Admitted 1 requests for model_3
[2026-08-22 11:48:31.866 GPU_Scheduler_0] Admitted 1 requests for model_5
[2026-08-22 11:48:31.947 GPU_Scheduler_1] Admitted 1 requests for model_3
[2026-08-22 11:48:32.013 GPU_Scheduler_1] Admitted 1 requests for model_2
[2026-08-22 11:48:32.044 GPU_Scheduler_0] Admitted 1 requests for model_5
[2026-08-22 11:48:32.122 GPU_Scheduler_0] Admitted 1 requests for model_5
[2026-08-22 11:48:32.123 GPU_Scheduler_1] Admitted 1 requests for model_3
[2026-08-22 11:48:32.134 GPU_Scheduler_1] Admitted 1 requests for model_2
[2026-08-22 11:48:32.265 GPU_Scheduler_0] net_available: inf, queue_len: 139, model_backend_queue_lens: {'model_5': 10, 'model_6': 17}
[2026-08-22 11:48:32.318 GPU_Scheduler_0] Admitted 1 requests for model_5
[2026-08-22 11:48:32.428 GPU_Scheduler_1] Admitted 1 requests for model_3
[2026-08-22 11:48:32.516 GPU_Scheduler_1] Admitted 1 requests for model_3
[2026-08-22 11:48:32.571 GPU_Scheduler_1] Admitted 1 requests for model_3
[2026-08-22 11:48:32.647 GPU_Scheduler_1] Admitted 1 requests for model_3
[2026-08-22 11:48:32.680 GPU_Scheduler_1] net_available: inf, queue_len: 88, model_backend_queue_lens: {'model_1': 0, 'model_2': 0, 'model_3': 3, 'model_4': 14}
[2026-08-22 11:48:32.700 GPU_Scheduler_0] [V5-LOOP] {"iters": 459, "t_mem": 0.008475307142361999, "t_redis": 0.2691696253605187, "t_admit": 0.08785068220458925, "t_send": 0.00952180940657854, "t_iter": 0.3750174241140485, "admitted": 15, "iter_max": 0.002459676004946232, "gpu_id": 0, "window_s": 5.005440711975098}
[2026-08-22 11:48:32.778 GPU_Scheduler_1] Admitted 1 requests for model_3
[2026-08-22 11:48:32.800 GPU_Scheduler_1] Admitted 1 requests for model_2
[2026-08-22 11:48:32.822 GPU_Scheduler_1] Admitted 1 requests for model_2
[2026-08-22 11:48:33.074 GPU_Scheduler_1] Admitted 1 requests for model_3
[2026-08-22 11:48:33.118 GPU_Scheduler_1] Admitted 1 requests for model_3
[2026-08-22 11:48:33.228 GPU_Scheduler_1] Admitted 1 requests for model_3
[2026-08-22 11:48:33.271 GPU_Scheduler_0] net_available: inf, queue_len: 140, model_backend_queue_lens: {'model_5': 11, 'model_6': 17}
[2026-08-22 11:48:33.348 GPU_Scheduler_1] Admitted 1 requests for model_3
[2026-08-22 11:48:33.349 GPU_Scheduler_1] [V5-LOOP] {"iters": 445, "t_mem": 0.0068194561172276735, "t_redis": 0.4405947362538427, "t_admit": 0.045072160894051194, "t_send": 0.023333708522841334, "t_iter": 0.5158200617879629, "admitted": 53, "iter_max": 0.003247251035645604, "gpu_id": 1, "window_s": 5.004478454589844}
[2026-08-22 11:48:33.404 GPU_Scheduler_1] Admitted 1 requests for model_3
[2026-08-22 11:48:33.441 GPU_Scheduler_0] Admitted 2 requests for model_5
[2026-08-22 11:48:33.448 GPU_Scheduler_1] Admitted 1 requests for model_3
[2026-08-22 11:48:33.481 GPU_Scheduler_1] Admitted 1 requests for model_3
[2026-08-22 11:48:33.492 GPU_Scheduler_1] Admitted 1 requests for model_3
[2026-08-22 11:48:33.657 GPU_Scheduler_1] Admitted 1 requests for model_3
[2026-08-22 11:48:33.679 GPU_Scheduler_1] Admitted 1 requests for model_3
[2026-08-22 11:48:33.690 GPU_Scheduler_1] net_available: inf, queue_len: 90, model_backend_queue_lens: {'model_1': 0, 'model_2': 0, 'model_3': 0, 'model_4': 14}
[2026-08-22 11:48:34.243 GPU_Scheduler_1] Admitted 1 requests for model_3
[2026-08-22 11:48:34.278 GPU_Scheduler_0] net_available: inf, queue_len: 140, model_backend_queue_lens: {'model_5': 0, 'model_6': 16}
[2026-08-22 11:48:34.351 GPU_Scheduler_1] Admitted 1 requests for model_3
[2026-08-22 11:48:34.427 GPU_Scheduler_1] Admitted 1 requests for model_3
[2026-08-22 11:48:34.487 GPU_Scheduler_1] Admitted 1 requests for model_3
[2026-08-22 11:48:34.498 GPU_Scheduler_1] Admitted 1 requests for model_2
[2026-08-22 11:48:34.544 GPU_Scheduler_1] Admitted 2 requests for model_3
[2026-08-22 11:48:34.556 GPU_Scheduler_1] Admitted 1 requests for model_3
[2026-08-22 11:48:34.602 GPU_Scheduler_1] Admitted 1 requests for model_3
[2026-08-22 11:48:34.694 GPU_Scheduler_1] net_available: inf, queue_len: 96, model_backend_queue_lens: {'model_1': 0, 'model_2': 1, 'model_3': 6, 'model_4': 14}
[2026-08-22 11:48:34.746 GPU_Scheduler_0] Admitted 1 requests for model_5
[2026-08-22 11:48:34.762 GPU_Scheduler_1] Admitted 1 requests for model_3
[2026-08-22 11:48:34.789 GPU_Scheduler_0] Admitted 1 requests for model_5
[2026-08-22 11:48:34.830 GPU_Scheduler_1] Admitted 1 requests for model_3
[2026-08-22 11:48:34.841 GPU_Scheduler_1] Admitted 1 requests for model_3
[2026-08-22 11:48:34.864 GPU_Scheduler_0] Admitted 1 requests for model_5
[2026-08-22 11:48:34.955 GPU_Scheduler_1] Admitted 1 requests for model_3
[2026-08-22 11:48:34.990 GPU_Scheduler_1] Admitted 1 requests for model_2
[2026-08-22 11:48:35.102 GPU_Scheduler_1] Admitted 1 requests for model_2
[2026-08-22 11:48:35.146 GPU_Scheduler_1] Admitted 1 requests for model_3
[2026-08-22 11:48:35.281 GPU_Scheduler_0] net_available: inf, queue_len: 141, model_backend_queue_lens: {'model_5': 2, 'model_6': 13}
[2026-08-22 11:48:35.320 GPU_Scheduler_1] Admitted 1 requests for model_2
[2026-08-22 11:48:35.353 GPU_Scheduler_1] Admitted 1 requests for model_3
[2026-08-22 11:48:35.408 GPU_Scheduler_1] Admitted 1 requests for model_3
[2026-08-22 11:48:35.527 GPU_Scheduler_0] Admitted 141 requests for model_6
[2026-08-22 11:48:35.544 GPU_Scheduler_1] Admitted 1 requests for model_3
[2026-08-22 11:48:35.602 GPU_Scheduler_1] Admitted 1 requests for model_3
[2026-08-22 11:48:35.694 GPU_Scheduler_0] Admitted 1 requests for model_5
[2026-08-22 11:48:35.704 GPU_Scheduler_1] net_available: inf, queue_len: 99, model_backend_queue_lens: {'model_1': 0, 'model_2': 0, 'model_3': 0, 'model_4': 14}
[2026-08-22 11:48:35.772 GPU_Scheduler_1] Admitted 1 requests for model_3
[2026-08-22 11:48:35.927 GPU_Scheduler_0] Admitted 1 requests for model_5
[2026-08-22 11:48:36.046 GPU_Scheduler_1] Admitted 1 requests for model_2
[2026-08-22 11:48:36.046 GPU_Scheduler_1] Admitted 1 requests for model_3
[2026-08-22 11:48:36.183 GPU_Scheduler_1] Admitted 1 requests for model_3
[2026-08-22 11:48:36.190 GPU_Scheduler_0] Admitted 1 requests for model_5
[2026-08-22 11:48:36.229 GPU_Scheduler_1] Admitted 1 requests for model_3
[2026-08-22 11:48:36.263 GPU_Scheduler_1] Admitted 1 requests for model_3
[2026-08-22 11:48:36.285 GPU_Scheduler_0] net_available: inf, queue_len: 1, model_backend_queue_lens: {'model_5': 3, 'model_6': 150}
[2026-08-22 11:48:36.287 GPU_Scheduler_1] Admitted 1 requests for model_3
[2026-08-22 11:48:36.310 GPU_Scheduler_1] Admitted 2 requests for model_3
[2026-08-22 11:48:36.706 GPU_Scheduler_1] net_available: inf, queue_len: 99, model_backend_queue_lens: {'model_1': 0, 'model_2': 0, 'model_3': 5, 'model_4': 14}
[2026-08-22 11:48:36.763 GPU_Scheduler_1] Admitted 1 requests for model_3
[2026-08-22 11:48:36.775 GPU_Scheduler_1] Admitted 8 requests for model_3
[2026-08-22 11:48:36.780 GPU_Scheduler_0] Admitted 2 requests for model_5
[2026-08-22 11:48:36.845 GPU_Scheduler_1] Admitted 1 requests for model_3
[2026-08-22 11:48:36.918 GPU_Scheduler_0] Admitted 1 requests for model_5
[2026-08-22 11:48:36.936 GPU_Scheduler_1] Admitted 1 requests for model_3
[2026-08-22 11:48:36.950 GPU_Scheduler_0] Admitted 1 requests for model_5
[2026-08-22 11:48:37.118 GPU_Scheduler_1] Admitted 1 requests for model_2
[2026-08-22 11:48:37.152 GPU_Scheduler_1] Admitted 1 requests for model_2
[2026-08-22 11:48:37.186 GPU_Scheduler_1] Admitted 1 requests for model_2
[2026-08-22 11:48:37.278 GPU_Scheduler_1] Admitted 1 requests for model_2
[2026-08-22 11:48:37.288 GPU_Scheduler_0] net_available: inf, queue_len: 2, model_backend_queue_lens: {'model_5': 7, 'model_6': 148}
[2026-08-22 11:48:37.324 GPU_Scheduler_1] Admitted 1 requests for model_3
[2026-08-22 11:48:37.392 GPU_Scheduler_1] Admitted 1 requests for model_2
[2026-08-22 11:48:37.426 GPU_Scheduler_1] Admitted 1 requests for model_3
[2026-08-22 11:48:37.449 GPU_Scheduler_1] Admitted 1 requests for model_3
[2026-08-22 11:48:37.574 GPU_Scheduler_1] Admitted 1 requests for model_3
[2026-08-22 11:48:37.597 GPU_Scheduler_1] Admitted 1 requests for model_3
[2026-08-22 11:48:37.604 GPU_Scheduler_0] Admitted 1 requests for model_5
[2026-08-22 11:48:37.700 GPU_Scheduler_0] [V5-LOOP] {"iters": 469, "t_mem": 0.00610898551531136, "t_redis": 0.1866426437627524, "t_admit": 0.04308499279431999, "t_send": 0.0350385089404881, "t_iter": 0.27087513101287186, "admitted": 154, "iter_max": 0.030279144877567887, "gpu_id": 0, "window_s": 5.000014305114746}
[2026-08-22 11:48:37.710 GPU_Scheduler_1] net_available: inf, queue_len: 103, model_backend_queue_lens: {'model_1': 0, 'model_2': 0, 'model_3': 0, 'model_4': 14}
[2026-08-22 11:48:37.846 GPU_Scheduler_1] Admitted 1 requests for model_3
[2026-08-22 11:48:37.937 GPU_Scheduler_1] Admitted 1 requests for model_3
[2026-08-22 11:48:38.016 GPU_Scheduler_1] Admitted 1 requests for model_3
[2026-08-22 11:48:38.073 GPU_Scheduler_1] Admitted 1 requests for model_3
[2026-08-22 11:48:38.125 GPU_Scheduler_0] Admitted 1 requests for model_5
[2026-08-22 11:48:38.295 GPU_Scheduler_0] net_available: inf, queue_len: 3, model_backend_queue_lens: {'model_5': 4, 'model_6': 140}
[2026-08-22 11:48:38.356 GPU_Scheduler_1] [V5-LOOP] {"iters": 445, "t_mem": 0.006773025030270219, "t_redis": 0.4332827324979007, "t_admit": 0.050957540050148964, "t_send": 0.02669428871013224, "t_iter": 0.5177075862884521, "admitted": 61, "iter_max": 0.00393538479693234, "gpu_id": 1, "window_s": 5.006633758544922}
[2026-08-22 11:48:38.434 GPU_Scheduler_0] Admitted 1 requests for model_5
[2026-08-22 11:48:38.480 GPU_Scheduler_1] Admitted 1 requests for model_3
[2026-08-22 11:48:38.503 GPU_Scheduler_1] Admitted 1 requests for model_2
[2026-08-22 11:48:38.518 GPU_Scheduler_0] Admitted 1 requests for model_5
[2026-08-22 11:48:38.673 GPU_Scheduler_1] Admitted 1 requests for model_3
[2026-08-22 11:48:38.719 GPU_Scheduler_1] net_available: inf, queue_len: 105, model_backend_queue_lens: {'model_1': 0, 'model_2': 0, 'model_3': 6, 'model_4': 14}
[2026-08-22 11:48:38.831 GPU_Scheduler_1] Admitted 1 requests for model_3
[2026-08-22 11:48:38.876 GPU_Scheduler_1] Admitted 1 requests for model_3
[2026-08-22 11:48:38.887 GPU_Scheduler_0] Admitted 1 requests for model_5
[2026-08-22 11:48:39.035 GPU_Scheduler_1] Admitted 1 requests for model_3
[2026-08-22 11:48:39.047 GPU_Scheduler_1] Admitted 1 requests for model_3
[2026-08-22 11:48:39.093 GPU_Scheduler_1] Admitted 1 requests for model_3
[2026-08-22 11:48:39.105 GPU_Scheduler_1] Admitted 1 requests for model_2
[2026-08-22 11:48:39.193 GPU_Scheduler_0] Admitted 1 requests for model_5
[2026-08-22 11:48:39.299 GPU_Scheduler_0] net_available: inf, queue_len: 5, model_backend_queue_lens: {'model_5': 0, 'model_6': 137}
[2026-08-22 11:48:39.376 GPU_Scheduler_1] Admitted 2 requests for model_3
[2026-08-22 11:48:39.434 GPU_Scheduler_1] Admitted 1 requests for model_3
[2026-08-22 11:48:39.436 GPU_Scheduler_0] Admitted 1 requests for model_5
[2026-08-22 11:48:39.592 GPU_Scheduler_1] Admitted 1 requests for model_3
[2026-08-22 11:48:39.638 GPU_Scheduler_1] Admitted 1 requests for model_3
[2026-08-22 11:48:39.706 GPU_Scheduler_1] Admitted 1 requests for model_3
[2026-08-22 11:48:39.729 GPU_Scheduler_1] net_available: inf, queue_len: 108, model_backend_queue_lens: {'model_1': 0, 'model_2': 0, 'model_3': 6, 'model_4': 14}
[2026-08-22 11:48:39.764 GPU_Scheduler_0] Admitted 1 requests for model_5
[2026-08-22 11:48:39.887 GPU_Scheduler_1] Admitted 1 requests for model_3
[2026-08-22 11:48:39.932 GPU_Scheduler_1] Admitted 1 requests for model_2
[2026-08-22 11:48:39.944 GPU_Scheduler_1] Admitted 1 requests for model_3
[2026-08-22 11:48:40.035 GPU_Scheduler_1] Admitted 1 requests for model_3
[2026-08-22 11:48:40.127 GPU_Scheduler_1] Admitted 1 requests for model_3
[2026-08-22 11:48:40.133 GPU_Scheduler_0] Admitted 1 requests for model_5
[2026-08-22 11:48:40.249 GPU_Scheduler_0] Admitted 1 requests for model_5
[2026-08-22 11:48:40.302 GPU_Scheduler_0] net_available: inf, queue_len: 5, model_backend_queue_lens: {'model_5': 2, 'model_6': 132}
[2026-08-22 11:48:40.308 GPU_Scheduler_1] Admitted 1 requests for model_2
[2026-08-22 11:48:40.456 GPU_Scheduler_1] Admitted 1 requests for model_3
[2026-08-22 11:48:40.471 GPU_Scheduler_0] Admitted 1 requests for model_5
[2026-08-22 11:48:40.739 GPU_Scheduler_1] net_available: inf, queue_len: 111, model_backend_queue_lens: {'model_1': 0, 'model_2': 0, 'model_3': 11, 'model_4': 14}
[2026-08-22 11:48:40.930 GPU_Scheduler_1] Admitted 4 requests for model_3
[2026-08-22 11:48:40.966 GPU_Scheduler_0] Admitted 1 requests for model_5
[2026-08-22 11:48:41.034 GPU_Scheduler_1] Admitted 1 requests for model_3
[2026-08-22 11:48:41.113 GPU_Scheduler_1] Admitted 1 requests for model_2
[2026-08-22 11:48:41.182 GPU_Scheduler_1] Admitted 1 requests for model_3
[2026-08-22 11:48:41.187 GPU_Scheduler_0] Admitted 1 requests for model_5
[2026-08-22 11:48:41.227 GPU_Scheduler_1] Admitted 1 requests for model_3
[2026-08-22 11:48:41.284 GPU_Scheduler_1] Admitted 1 requests for model_3
[2026-08-22 11:48:41.304 GPU_Scheduler_0] net_available: inf, queue_len: 9, model_backend_queue_lens: {'model_5': 3, 'model_6': 132}
[2026-08-22 11:48:41.319 GPU_Scheduler_1] Admitted 1 requests for model_3
[2026-08-22 11:48:41.364 GPU_Scheduler_1] Admitted 1 requests for model_3
[2026-08-22 11:48:41.466 GPU_Scheduler_1] Admitted 1 requests for model_3
[2026-08-22 11:48:41.739 GPU_Scheduler_1] net_available: inf, queue_len: 115, model_backend_queue_lens: {'model_1': 0, 'model_2': 0, 'model_3': 11, 'model_4': 14}
[2026-08-22 11:48:41.822 GPU_Scheduler_0] Admitted 1 requests for model_5
[2026-08-22 11:48:41.833 GPU_Scheduler_0] Admitted 1 requests for model_5
[2026-08-22 11:48:42.023 GPU_Scheduler_1] Admitted 1 requests for model_2
[2026-08-22 11:48:42.184 GPU_Scheduler_1] Admitted 1 requests for model_2
[2026-08-22 11:48:42.307 GPU_Scheduler_0] net_available: inf, queue_len: 10, model_backend_queue_lens: {'model_5': 2, 'model_6': 130}
[2026-08-22 11:48:42.315 GPU_Scheduler_1] Admitted 1 requests for model_2
[2026-08-22 11:48:42.466 GPU_Scheduler_0] Admitted 1 requests for model_5
[2026-08-22 11:48:42.571 GPU_Scheduler_0] Admitted 1 requests for model_5
[2026-08-22 11:48:42.667 GPU_Scheduler_0] Admitted 1 requests for model_5
[2026-08-22 11:48:42.709 GPU_Scheduler_0] [V5-LOOP] {"iters": 474, "t_mem": 0.006918090395629406, "t_redis": 0.2027825207915157, "t_admit": 0.009430019184947014, "t_send": 0.008192926179617643, "t_iter": 0.22732355655170977, "admitted": 17, "iter_max": 0.0011536080855876207, "gpu_id": 0, "window_s": 5.009469270706177}
[2026-08-22 11:48:42.740 GPU_Scheduler_1] net_available: inf, queue_len: 124, model_backend_queue_lens: {'model_1': 0, 'model_2': 0, 'model_3': 11, 'model_4': 14}
[2026-08-22 11:48:42.784 GPU_Scheduler_0] Admitted 1 requests for model_5
[2026-08-22 11:48:43.038 GPU_Scheduler_1] Admitted 12 requests for model_3
[2026-08-22 11:48:43.270 GPU_Scheduler_0] Admitted 1 requests for model_5
[2026-08-22 11:48:43.271 GPU_Scheduler_1] Admitted 1 requests for model_2
[2026-08-22 11:48:43.294 GPU_Scheduler_1] Admitted 4 requests for model_3
[2026-08-22 11:48:43.312 GPU_Scheduler_0] net_available: inf, queue_len: 11, model_backend_queue_lens: {'model_5': 7, 'model_6': 120}
[2026-08-22 11:48:43.364 GPU_Scheduler_1] [V5-LOOP] {"iters": 437, "t_mem": 0.0074537997134029865, "t_redis": 0.5102367009967566, "t_admit": 0.058453625766560435, "t_send": 0.0248142562340945, "t_iter": 0.6009583827108145, "admitted": 54, "iter_max": 0.005450554890558124, "gpu_id": 1, "window_s": 5.008545160293579}
[2026-08-22 11:48:43.422 GPU_Scheduler_1] Admitted 1 requests for model_2
[2026-08-22 11:48:43.533 GPU_Scheduler_0] Admitted 1 requests for model_5
[2026-08-22 11:48:43.551 GPU_Scheduler_1] Admitted 1 requests for model_3
[2026-08-22 11:48:43.742 GPU_Scheduler_1] net_available: inf, queue_len: 115, model_backend_queue_lens: {'model_1': 0, 'model_2': 0, 'model_3': 5, 'model_4': 14}
[2026-08-22 11:48:43.754 GPU_Scheduler_1] Admitted 2 requests for model_3
[2026-08-22 11:48:43.856 GPU_Scheduler_1] Admitted 1 requests for model_3
[2026-08-22 11:48:43.891 GPU_Scheduler_1] Admitted 1 requests for model_3
[2026-08-22 11:48:44.103 GPU_Scheduler_0] Admitted 1 requests for model_5
[2026-08-22 11:48:44.159 GPU_Scheduler_0] Admitted 1 requests for model_5
[2026-08-22 11:48:44.200 GPU_Scheduler_1] Admitted 1 requests for model_2
[2026-08-22 11:48:44.314 GPU_Scheduler_0] net_available: inf, queue_len: 11, model_backend_queue_lens: {'model_5': 9, 'model_6': 117}
[2026-08-22 11:48:44.367 GPU_Scheduler_1] Admitted 1 requests for model_3
[2026-08-22 11:48:44.368 GPU_Scheduler_0] Admitted 1 requests for model_5
[2026-08-22 11:48:44.438 GPU_Scheduler_1] Admitted 1 requests for model_3
[2026-08-22 11:48:44.447 GPU_Scheduler_0] Admitted 1 requests for model_5
[2026-08-22 11:48:44.498 GPU_Scheduler_1] Admitted 1 requests for model_2
[2026-08-22 11:48:44.548 GPU_Scheduler_0] Admitted 1 requests for model_5
[2026-08-22 11:48:44.605 GPU_Scheduler_1] Admitted 1 requests for model_3
[2026-08-22 11:48:44.618 GPU_Scheduler_1] Admitted 1 requests for model_2
[2026-08-22 11:48:44.752 GPU_Scheduler_1] net_available: inf, queue_len: 115, model_backend_queue_lens: {'model_1': 0, 'model_2': 0, 'model_3': 1, 'model_4': 14}
[2026-08-22 11:48:44.777 GPU_Scheduler_1] Admitted 1 requests for model_3
[2026-08-22 11:48:44.790 GPU_Scheduler_1] Admitted 2 requests for model_3
[2026-08-22 11:48:44.828 GPU_Scheduler_1] Admitted 3 requests for model_3
[2026-08-22 11:48:44.867 GPU_Scheduler_1] Admitted 1 requests for model_3
[2026-08-22 11:48:44.905 GPU_Scheduler_1] Admitted 1 requests for model_3
[2026-08-22 11:48:44.973 GPU_Scheduler_0] Admitted 1 requests for model_5
[2026-08-22 11:48:44.993 GPU_Scheduler_1] Admitted 1 requests for model_3
[2026-08-22 11:48:45.032 GPU_Scheduler_1] Admitted 1 requests for model_2
[2026-08-22 11:48:45.107 GPU_Scheduler_1] Admitted 1 requests for model_2
[2026-08-22 11:48:45.187 GPU_Scheduler_1] Admitted 1 requests for model_3
[2026-08-22 11:48:45.198 GPU_Scheduler_1] Admitted 1 requests for model_3
[2026-08-22 11:48:45.314 GPU_Scheduler_1] Admitted 1 requests for model_3
[2026-08-22 11:48:45.319 GPU_Scheduler_0] net_available: inf, queue_len: 12, model_backend_queue_lens: {'model_5': 11, 'model_6': 96}
[2026-08-22 11:48:45.360 GPU_Scheduler_1] Admitted 1 requests for model_3
[2026-08-22 11:48:45.395 GPU_Scheduler_1] Admitted 1 requests for model_2
[2026-08-22 11:48:45.441 GPU_Scheduler_1] Admitted 1 requests for model_2
[2026-08-22 11:48:45.464 GPU_Scheduler_1] Admitted 1 requests for model_3
[2026-08-22 11:48:45.488 GPU_Scheduler_1] Admitted 1 requests for model_2
[2026-08-22 11:48:45.546 GPU_Scheduler_1] Admitted 1 requests for model_3
[2026-08-22 11:48:45.569 GPU_Scheduler_1] Admitted 1 requests for model_2
[2026-08-22 11:48:45.706 GPU_Scheduler_1] Admitted 1 requests for model_3
[2026-08-22 11:48:45.752 GPU_Scheduler_1] Admitted 2 requests for model_3
[2026-08-22 11:48:45.764 GPU_Scheduler_1] net_available: inf, queue_len: 119, model_backend_queue_lens: {'model_1': 0, 'model_2': 4, 'model_3': 10, 'model_4': 14}
[2026-08-22 11:48:45.787 GPU_Scheduler_1] Admitted 1 requests for model_3
[2026-08-22 11:48:46.081 GPU_Scheduler_1] Admitted 1 requests for model_2
[2026-08-22 11:48:46.139 GPU_Scheduler_1] Admitted 2 requests for model_3
[2026-08-22 11:48:46.163 GPU_Scheduler_1] Admitted 1 requests for model_3
[2026-08-22 11:48:46.250 GPU_Scheduler_1] Admitted 1 requests for model_2
[2026-08-22 11:48:46.324 GPU_Scheduler_0] net_available: inf, queue_len: 19, model_backend_queue_lens: {'model_5': 11, 'model_6': 76}
[2026-08-22 11:48:46.359 GPU_Scheduler_1] Admitted 1 requests for model_3
[2026-08-22 11:48:46.458 GPU_Scheduler_1] Admitted 1 requests for model_3
[2026-08-22 11:48:46.469 GPU_Scheduler_1] Admitted 1 requests for model_3
[2026-08-22 11:48:46.491 GPU_Scheduler_1] Admitted 1 requests for model_3
[2026-08-22 11:48:46.586 GPU_Scheduler_0] Admitted 6 requests for model_5
[2026-08-22 11:48:46.774 GPU_Scheduler_1] net_available: inf, queue_len: 123, model_backend_queue_lens: {'model_1': 0, 'model_2': 0, 'model_3': 2, 'model_4': 14}
[2026-08-22 11:48:46.926 GPU_Scheduler_1] Admitted 1 requests for model_2
[2026-08-22 11:48:47.293 GPU_Scheduler_1] Admitted 1 requests for model_3
[2026-08-22 11:48:47.330 GPU_Scheduler_0] net_available: inf, queue_len: 14, model_backend_queue_lens: {'model_5': 15, 'model_6': 49}
[2026-08-22 11:48:47.337 GPU_Scheduler_1] Admitted 1 requests for model_3
[2026-08-22 11:48:47.359 GPU_Scheduler_1] Admitted 1 requests for model_3
[2026-08-22 11:48:47.517 GPU_Scheduler_1] Admitted 1 requests for model_3
[2026-08-22 11:48:47.573 GPU_Scheduler_1] Admitted 1 requests for model_2
[2026-08-22 11:48:47.640 GPU_Scheduler_1] Admitted 1 requests for model_3
[2026-08-22 11:48:47.717 GPU_Scheduler_1] Admitted 1 requests for model_3
[2026-08-22 11:48:47.720 GPU_Scheduler_0] [V5-LOOP] {"iters": 473, "t_mem": 0.006884710397571325, "t_redis": 0.2147806310094893, "t_admit": 0.011785781243816018, "t_send": 0.006666141329333186, "t_iter": 0.24011726398020983, "admitted": 15, "iter_max": 0.0017104418948292732, "gpu_id": 0, "window_s": 5.010095834732056}
[2026-08-22 11:48:47.784 GPU_Scheduler_1] net_available: inf, queue_len: 127, model_backend_queue_lens: {'model_1': 0, 'model_2': 0, 'model_3': 2, 'model_4': 14}
[2026-08-22 11:48:47.929 GPU_Scheduler_1] Admitted 1 requests for model_3
[2026-08-22 11:48:48.015 GPU_Scheduler_0] Admitted 2 requests for model_5
[2026-08-22 11:48:48.031 GPU_Scheduler_1] Admitted 1 requests for model_3
[2026-08-22 11:48:48.054 GPU_Scheduler_1] Admitted 1 requests for model_3
[2026-08-22 11:48:48.069 GPU_Scheduler_0] Admitted 15 requests for model_6
[2026-08-22 11:48:48.212 GPU_Scheduler_1] Admitted 1 requests for model_3
[2026-08-22 11:48:48.332 GPU_Scheduler_0] net_available: inf, queue_len: 0
[2026-08-22 11:48:48.358 GPU_Scheduler_1] Admitted 1 requests for model_3
[2026-08-22 11:48:48.370 GPU_Scheduler_1] [V5-LOOP] {"iters": 435, "t_mem": 0.008071853313595057, "t_redis": 0.5099310043733567, "t_admit": 0.06845283228904009, "t_send": 0.02963999449275434, "t_iter": 0.6160956844687462, "admitted": 59, "iter_max": 0.005662277108058333, "gpu_id": 1, "window_s": 5.005277872085571}
[2026-08-22 11:48:48.516 GPU_Scheduler_1] Admitted 1 requests for model_3
[2026-08-22 11:48:48.584 GPU_Scheduler_0] Admitted 1 requests for model_5
[2026-08-22 11:48:48.617 GPU_Scheduler_1] Admitted 1 requests for model_3
[2026-08-22 11:48:48.628 GPU_Scheduler_1] Admitted 1 requests for model_3
[2026-08-22 11:48:48.763 GPU_Scheduler_1] Admitted 1 requests for model_3
[2026-08-22 11:48:48.786 GPU_Scheduler_1] net_available: inf, queue_len: 129, model_backend_queue_lens: {'model_1': 0, 'model_2': 0, 'model_3': 2, 'model_4': 14}
[2026-08-22 11:48:48.887 GPU_Scheduler_1] Admitted 1 requests for model_3
[2026-08-22 11:48:48.911 GPU_Scheduler_1] Admitted 1 requests for model_2
[2026-08-22 11:48:49.007 GPU_Scheduler_0] Admitted 1 requests for model_5
[2026-08-22 11:48:49.208 GPU_Scheduler_0] Admitted 1 requests for model_6
[2026-08-22 11:48:49.251 GPU_Scheduler_1] Admitted 1 requests for model_3
[2026-08-22 11:48:49.263 GPU_Scheduler_1] Admitted 1 requests for model_3
[2026-08-22 11:48:49.335 GPU_Scheduler_0] net_available: inf, queue_len: 1, model_backend_queue_lens: {'model_5': 11, 'model_6': 1}
[2026-08-22 11:48:49.351 GPU_Scheduler_1] Admitted 1 requests for model_3
[2026-08-22 11:48:49.362 GPU_Scheduler_1] Admitted 1 requests for model_3
[2026-08-22 11:48:49.428 GPU_Scheduler_1] Admitted 1 requests for model_3
[2026-08-22 11:48:49.555 GPU_Scheduler_1] Admitted 1 requests for model_3
[2026-08-22 11:48:49.692 GPU_Scheduler_1] Admitted 1 requests for model_3
[2026-08-22 11:48:49.731 GPU_Scheduler_1] Admitted 1 requests for model_3
[2026-08-22 11:48:49.781 GPU_Scheduler_1] Admitted 1 requests for model_3
[2026-08-22 11:48:49.795 GPU_Scheduler_1] net_available: inf, queue_len: 132, model_backend_queue_lens: {'model_1': 0, 'model_2': 0, 'model_3': 1, 'model_4': 14}
[2026-08-22 11:48:50.169 GPU_Scheduler_1] Admitted 1 requests for model_2
[2026-08-22 11:48:50.339 GPU_Scheduler_0] net_available: inf, queue_len: 4, model_backend_queue_lens: {'model_5': 11, 'model_6': 0}
[2026-08-22 11:48:50.391 GPU_Scheduler_0] Admitted 1 requests for model_6
[2026-08-22 11:48:50.475 GPU_Scheduler_0] Admitted 5 requests for model_5
[2026-08-22 11:48:50.511 GPU_Scheduler_1] Admitted 1 requests for model_3
[2026-08-22 11:48:50.523 GPU_Scheduler_1] Admitted 1 requests for model_3
[2026-08-22 11:48:50.654 GPU_Scheduler_1] Admitted 2 requests for model_3
[2026-08-22 11:48:50.690 GPU_Scheduler_1] Admitted 1 requests for model_3
[2026-08-22 11:48:50.715 GPU_Scheduler_1] Admitted 2 requests for model_3
[2026-08-22 11:48:50.788 GPU_Scheduler_1] Admitted 1 requests for model_3
[2026-08-22 11:48:50.800 GPU_Scheduler_0] Admitted 1 requests for model_6
[2026-08-22 11:48:50.801 GPU_Scheduler_1] net_available: inf, queue_len: 134, model_backend_queue_lens: {'model_1': 0, 'model_2': 0, 'model_3': 1, 'model_4': 14}
[2026-08-22 11:48:50.967 GPU_Scheduler_0] Admitted 1 requests for model_5
[2026-08-22 11:48:51.115 GPU_Scheduler_1] Admitted 1 requests for model_3
[2026-08-22 11:48:51.153 GPU_Scheduler_1] Admitted 2 requests for model_3
[2026-08-22 11:48:51.167 GPU_Scheduler_0] Admitted 1 requests for model_6
[2026-08-22 11:48:51.178 GPU_Scheduler_0] Admitted 1 requests for model_5
[2026-08-22 11:48:51.347 GPU_Scheduler_0] net_available: inf, queue_len: 0
[2026-08-22 11:48:51.377 GPU_Scheduler_1] Admitted 1 requests for model_3
[2026-08-22 11:48:51.453 GPU_Scheduler_1] Admitted 1 requests for model_2
[2026-08-22 11:48:51.473 GPU_Scheduler_0] Admitted 1 requests for model_5
[2026-08-22 11:48:51.509 GPU_Scheduler_1] Admitted 1 requests for model_3
[2026-08-22 11:48:51.578 GPU_Scheduler_0] Admitted 1 requests for model_5
[2026-08-22 11:48:51.695 GPU_Scheduler_1] Admitted 1 requests for model_3
[2026-08-22 11:48:51.745 GPU_Scheduler_0] Admitted 1 requests for model_5
[2026-08-22 11:48:51.806 GPU_Scheduler_1] net_available: inf, queue_len: 137, model_backend_queue_lens: {'model_1': 0, 'model_2': 0, 'model_3': 1, 'model_4': 14}
[2026-08-22 11:48:51.818 GPU_Scheduler_1] Admitted 1 requests for model_2
[2026-08-22 11:48:51.884 GPU_Scheduler_1] Admitted 1 requests for model_3
[2026-08-22 11:48:51.918 GPU_Scheduler_1] Admitted 2 requests for model_3
[2026-08-22 11:48:52.059 GPU_Scheduler_0] Admitted 1 requests for model_6
[2026-08-22 11:48:52.094 GPU_Scheduler_1] Admitted 1 requests for model_3
[2026-08-22 11:48:52.116 GPU_Scheduler_1] Admitted 1 requests for model_3
[2026-08-22 11:48:52.128 GPU_Scheduler_1] Admitted 1 requests for model_3
[2026-08-22 11:48:52.183 GPU_Scheduler_1] Admitted 1 requests for model_3
[2026-08-22 11:48:52.195 GPU_Scheduler_1] Admitted 2 requests for model_3
[2026-08-22 11:48:52.206 GPU_Scheduler_1] Admitted 1 requests for model_3
[2026-08-22 11:48:52.283 GPU_Scheduler_1] Admitted 1 requests for model_2
[2026-08-22 11:48:52.283 GPU_Scheduler_1] Admitted 1 requests for model_3
[2026-08-22 11:48:52.299 GPU_Scheduler_0] Admitted 1 requests for model_5
[2026-08-22 11:48:52.317 GPU_Scheduler_1] Admitted 1 requests for model_3
[2026-08-22 11:48:52.351 GPU_Scheduler_0] net_available: inf, queue_len: 0
[2026-08-22 11:48:52.548 GPU_Scheduler_1] Admitted 1 requests for model_3
[2026-08-22 11:48:52.680 GPU_Scheduler_1] Admitted 1 requests for model_2
[2026-08-22 11:48:52.714 GPU_Scheduler_1] Admitted 1 requests for model_3
[2026-08-22 11:48:52.727 GPU_Scheduler_0] [V5-LOOP] {"iters": 477, "t_mem": 0.005902894539758563, "t_redis": 0.17861769860610366, "t_admit": 0.004767233971506357, "t_send": 0.009858081815764308, "t_iter": 0.1991459089331329, "admitted": 35, "iter_max": 0.003214671043679118, "gpu_id": 0, "window_s": 5.007089614868164}
[2026-08-22 11:48:52.736 GPU_Scheduler_1] Admitted 1 requests for model_3
[2026-08-22 11:48:52.738 GPU_Scheduler_0] Admitted 1 requests for model_5
[2026-08-22 11:48:52.780 GPU_Scheduler_0] Admitted 1 requests for model_5
[2026-08-22 11:48:52.814 GPU_Scheduler_1] net_available: inf, queue_len: 142, model_backend_queue_lens: {'model_1': 0, 'model_2': 0, 'model_3': 3, 'model_4': 14}
[2026-08-22 11:48:52.825 GPU_Scheduler_1] Admitted 1 requests for model_2
[2026-08-22 11:48:52.825 GPU_Scheduler_1] Admitted 1 requests for model_3
[2026-08-22 11:48:52.874 GPU_Scheduler_0] Admitted 1 requests for model_5
[2026-08-22 11:48:52.892 GPU_Scheduler_1] Admitted 1 requests for model_3
[2026-08-22 11:48:52.903 GPU_Scheduler_1] Admitted 1 requests for model_2
[2026-08-22 11:48:52.925 GPU_Scheduler_1] Admitted 1 requests for model_3
[2026-08-22 11:48:52.926 GPU_Scheduler_0] Admitted 1 requests for model_6
[2026-08-22 11:48:53.041 GPU_Scheduler_0] Admitted 1 requests for model_5
[2026-08-22 11:48:53.188 GPU_Scheduler_0] Admitted 1 requests for model_5
[2026-08-22 11:48:53.200 GPU_Scheduler_1] Admitted 1 requests for model_3
[2026-08-22 11:48:53.209 GPU_Scheduler_0] Admitted 1 requests for model_5
[2026-08-22 11:48:53.256 GPU_Scheduler_1] Admitted 1 requests for model_3
[2026-08-22 11:48:53.300 GPU_Scheduler_1] Admitted 1 requests for model_3
[2026-08-22 11:48:53.356 GPU_Scheduler_0] net_available: inf, queue_len: 0
[2026-08-22 11:48:53.378 GPU_Scheduler_1] [V5-LOOP] {"iters": 435, "t_mem": 0.00837927800603211, "t_redis": 0.5028926420491189, "t_admit": 0.08068511937744915, "t_send": 0.027626191498711705, "t_iter": 0.6195832309313118, "admitted": 57, "iter_max": 0.004032575991004705, "gpu_id": 1, "window_s": 5.007642507553101}
[2026-08-22 11:48:53.429 GPU_Scheduler_0] Admitted 1 requests for model_5
[2026-08-22 11:48:53.433 GPU_Scheduler_1] Admitted 1 requests for model_3
[2026-08-22 11:48:53.444 GPU_Scheduler_1] Admitted 1 requests for model_3
[2026-08-22 11:48:53.675 GPU_Scheduler_1] Admitted 1 requests for model_3
[2026-08-22 11:48:53.817 GPU_Scheduler_1] net_available: inf, queue_len: 146, model_backend_queue_lens: {'model_1': 0, 'model_2': 0, 'model_3': 0, 'model_4': 14}
[2026-08-22 11:48:53.840 GPU_Scheduler_1] Admitted 1 requests for model_3
[2026-08-22 11:48:54.127 GPU_Scheduler_1] Admitted 1 requests for model_3
[2026-08-22 11:48:54.138 GPU_Scheduler_1] Admitted 1 requests for model_3
[2026-08-22 11:48:54.161 GPU_Scheduler_1] Admitted 1 requests for model_3
[2026-08-22 11:48:54.282 GPU_Scheduler_1] Admitted 1 requests for model_3
[2026-08-22 11:48:54.361 GPU_Scheduler_0] net_available: inf, queue_len: 0
[2026-08-22 11:48:54.382 GPU_Scheduler_1] Admitted 1 requests for model_3
[2026-08-22 11:48:54.507 GPU_Scheduler_0] Admitted 1 requests for model_5
[2026-08-22 11:48:54.515 GPU_Scheduler_1] Admitted 1 requests for model_2
[2026-08-22 11:48:54.538 GPU_Scheduler_1] Admitted 1 requests for model_3
[2026-08-22 11:48:54.633 GPU_Scheduler_0] Admitted 1 requests for model_5
[2026-08-22 11:48:54.692 GPU_Scheduler_1] Admitted 1 requests for model_3
[2026-08-22 11:48:54.747 GPU_Scheduler_1] Admitted 1 requests for model_3
[2026-08-22 11:48:54.802 GPU_Scheduler_1] Admitted 1 requests for model_2
[2026-08-22 11:48:54.824 GPU_Scheduler_1] net_available: inf, queue_len: 149, model_backend_queue_lens: {'model_1': 0, 'model_2': 1, 'model_3': 0, 'model_4': 14}
[2026-08-22 11:48:54.846 GPU_Scheduler_1] Admitted 1 requests for model_3
[2026-08-22 11:48:54.901 GPU_Scheduler_1] Admitted 1 requests for model_3
[2026-08-22 11:48:54.912 GPU_Scheduler_1] Admitted 1 requests for model_3
[2026-08-22 11:48:55.020 GPU_Scheduler_0] Admitted 1 requests for model_6
[2026-08-22 11:48:55.032 GPU_Scheduler_1] Admitted 1 requests for model_3
[2026-08-22 11:48:55.044 GPU_Scheduler_1] Admitted 1 requests for model_3
[2026-08-22 11:48:55.055 GPU_Scheduler_1] Admitted 1 requests for model_3
[2026-08-22 11:48:55.365 GPU_Scheduler_0] net_available: inf, queue_len: 0
[2026-08-22 11:48:55.383 GPU_Scheduler_1] Admitted 1 requests for model_3
[2026-08-22 11:48:55.394 GPU_Scheduler_1] Admitted 1 requests for model_3
[2026-08-22 11:48:55.438 GPU_Scheduler_1] Admitted 1 requests for model_3
[2026-08-22 11:48:55.500 GPU_Scheduler_0] Admitted 1 requests for model_5
[2026-08-22 11:48:55.553 GPU_Scheduler_0] Admitted 1 requests for model_5
[2026-08-22 11:48:55.591 GPU_Scheduler_1] Admitted 1 requests for model_3
[2026-08-22 11:48:55.657 GPU_Scheduler_1] Admitted 1 requests for model_3
[2026-08-22 11:48:55.831 GPU_Scheduler_1] net_available: inf, queue_len: 151, model_backend_queue_lens: {'model_1': 0, 'model_2': 0, 'model_3': 0, 'model_4': 14}
[2026-08-22 11:48:55.853 GPU_Scheduler_1] Admitted 1 requests for model_3
[2026-08-22 11:48:56.006 GPU_Scheduler_1] Admitted 1 requests for model_2
[2026-08-22 11:48:56.006 GPU_Scheduler_1] Admitted 1 requests for model_3
[2026-08-22 11:48:56.096 GPU_Scheduler_0] Admitted 1 requests for model_6
[2026-08-22 11:48:56.149 GPU_Scheduler_1] Admitted 1 requests for model_3
[2026-08-22 11:48:56.171 GPU_Scheduler_1] Admitted 1 requests for model_2
[2026-08-22 11:48:56.237 GPU_Scheduler_1] Admitted 1 requests for model_3
[2026-08-22 11:48:56.313 GPU_Scheduler_1] Admitted 1 requests for model_3
[2026-08-22 11:48:56.367 GPU_Scheduler_0] net_available: inf, queue_len: 0
[2026-08-22 11:48:56.586 GPU_Scheduler_0] Admitted 1 requests for model_5
[2026-08-22 11:48:56.608 GPU_Scheduler_1] Admitted 1 requests for model_2
[2026-08-22 11:48:56.691 GPU_Scheduler_0] Admitted 1 requests for model_6
[2026-08-22 11:48:56.723 GPU_Scheduler_0] Admitted 1 requests for model_5
[2026-08-22 11:48:56.740 GPU_Scheduler_1] Admitted 1 requests for model_3
[2026-08-22 11:48:56.838 GPU_Scheduler_1] net_available: inf, queue_len: 151, model_backend_queue_lens: {'model_1': 0, 'model_2': 0, 'model_3': 0, 'model_4': 14}
[2026-08-22 11:48:56.861 GPU_Scheduler_0] Admitted 1 requests for model_5
[2026-08-22 11:48:56.958 GPU_Scheduler_1] Admitted 1 requests for model_3
[2026-08-22 11:48:57.046 GPU_Scheduler_1] Admitted 1 requests for model_2
[2026-08-22 11:48:57.318 GPU_Scheduler_1] Admitted 1 requests for model_3
[2026-08-22 11:48:57.366 GPU_Scheduler_0] Admitted 1 requests for model_5
[2026-08-22 11:48:57.377 GPU_Scheduler_0] net_available: inf, queue_len: 0
[2026-08-22 11:48:57.417 GPU_Scheduler_1] Admitted 1 requests for model_3
[2026-08-22 11:48:57.419 GPU_Scheduler_0] Admitted 1 requests for model_5
[2026-08-22 11:48:57.546 GPU_Scheduler_0] Admitted 2 requests for model_5
[2026-08-22 11:48:57.568 GPU_Scheduler_0] Admitted 1 requests for model_6
[2026-08-22 11:48:57.698 GPU_Scheduler_1] Admitted 1 requests for model_3
[2026-08-22 11:48:57.710 GPU_Scheduler_1] Admitted 2 requests for model_2
[2026-08-22 11:48:57.716 GPU_Scheduler_0] Admitted 1 requests for model_5
[2026-08-22 11:48:57.722 GPU_Scheduler_1] Admitted 1 requests for model_3
[2026-08-22 11:48:57.737 GPU_Scheduler_0] [V5-LOOP] {"iters": 478, "t_mem": 0.005849443608894944, "t_redis": 0.17360317124985158, "t_admit": 0.0033365380950272083, "t_send": 0.008972815005108714, "t_iter": 0.19176196795888245, "admitted": 24, "iter_max": 0.0010950269643217325, "gpu_id": 0, "window_s": 5.010375499725342}
[2026-08-22 11:48:57.769 GPU_Scheduler_1] Admitted 1 requests for model_3
[2026-08-22 11:48:57.850 GPU_Scheduler_1] net_available: inf, queue_len: 155, model_backend_queue_lens: {'model_1': 0, 'model_2': 0, 'model_3': 0, 'model_4': 14}
[2026-08-22 11:48:57.885 GPU_Scheduler_1] Admitted 1 requests for model_3
[2026-08-22 11:48:57.943 GPU_Scheduler_1] Admitted 1 requests for model_2
[2026-08-22 11:48:57.943 GPU_Scheduler_1] Admitted 1 requests for model_3
[2026-08-22 11:48:58.191 GPU_Scheduler_0] Admitted 1 requests for model_6
[2026-08-22 11:48:58.231 GPU_Scheduler_1] Admitted 1 requests for model_3
[2026-08-22 11:48:58.279 GPU_Scheduler_1] Admitted 1 requests for model_3
[2026-08-22 11:48:58.291 GPU_Scheduler_1] Admitted 1 requests for model_3
[2026-08-22 11:48:58.335 GPU_Scheduler_1] Admitted 1 requests for model_3
[2026-08-22 11:48:58.379 GPU_Scheduler_1] Admitted 1 requests for model_3
[2026-08-22 11:48:58.379 GPU_Scheduler_1] [V5-LOOP] {"iters": 451, "t_mem": 0.006978580728173256, "t_redis": 0.3610126276034862, "t_admit": 0.0678156882058829, "t_send": 0.017412332352250814, "t_iter": 0.45321922888979316, "admitted": 51, "iter_max": 0.0024506859481334686, "gpu_id": 1, "window_s": 5.001542091369629}
[2026-08-22 11:48:58.382 GPU_Scheduler_0] net_available: inf, queue_len: 0
[2026-08-22 11:48:58.434 GPU_Scheduler_1] Admitted 1 requests for model_2
[2026-08-22 11:48:58.457 GPU_Scheduler_1] Admitted 1 requests for model_2
[2026-08-22 11:48:58.522 GPU_Scheduler_1] Admitted 1 requests for model_3
[2026-08-22 11:48:58.625 GPU_Scheduler_1] Admitted 1 requests for model_3
[2026-08-22 11:48:58.695 GPU_Scheduler_1] Admitted 1 requests for model_3
[2026-08-22 11:48:58.789 GPU_Scheduler_1] Admitted 1 requests for model_3
[2026-08-22 11:48:58.852 GPU_Scheduler_1] net_available: inf, queue_len: 157, model_backend_queue_lens: {'model_1': 0, 'model_2': 0, 'model_3': 0, 'model_4': 14}
[2026-08-22 11:48:59.019 GPU_Scheduler_1] Admitted 1 requests for model_2
[2026-08-22 11:48:59.054 GPU_Scheduler_1] Admitted 1 requests for model_3
[2026-08-22 11:48:59.058 GPU_Scheduler_0] Admitted 1 requests for model_6
[2026-08-22 11:48:59.134 GPU_Scheduler_1] Admitted 1 requests for model_3
[2026-08-22 11:48:59.215 GPU_Scheduler_1] Admitted 1 requests for model_2
[2026-08-22 11:48:59.227 GPU_Scheduler_1] Admitted 1 requests for model_3
[2026-08-22 11:48:59.329 GPU_Scheduler_1] Admitted 1 requests for model_3
[2026-08-22 11:48:59.352 GPU_Scheduler_1] Admitted 1 requests for model_3
[2026-08-22 11:48:59.384 GPU_Scheduler_0] net_available: inf, queue_len: 0
[2026-08-22 11:48:59.523 GPU_Scheduler_1] Admitted 1 requests for model_2
[2026-08-22 11:48:59.523 GPU_Scheduler_1] Admitted 1 requests for model_3
[2026-08-22 11:48:59.547 GPU_Scheduler_1] Admitted 1 requests for model_3
[2026-08-22 11:48:59.593 GPU_Scheduler_1] Admitted 1 requests for model_2
[2026-08-22 11:48:59.650 GPU_Scheduler_1] Admitted 1 requests for model_3
[2026-08-22 11:48:59.764 GPU_Scheduler_1] Admitted 1 requests for model_3
[2026-08-22 11:48:59.798 GPU_Scheduler_1] Admitted 1 requests for model_3
[2026-08-22 11:48:59.833 GPU_Scheduler_1] Admitted 1 requests for model_3
[2026-08-22 11:48:59.856 GPU_Scheduler_1] net_available: inf, queue_len: 160, model_backend_queue_lens: {'model_1': 0, 'model_2': 0, 'model_3': 0, 'model_4': 14}
[2026-08-22 11:49:00.107 GPU_Scheduler_0] Admitted 1 requests for model_5
[2026-08-22 11:49:00.118 GPU_Scheduler_0] Admitted 1 requests for model_5
[2026-08-22 11:49:00.139 GPU_Scheduler_0] Admitted 1 requests for model_6
[2026-08-22 11:49:00.212 GPU_Scheduler_1] Admitted 1 requests for model_3
[2026-08-22 11:49:00.224 GPU_Scheduler_1] Admitted 1 requests for model_2
[2026-08-22 11:49:00.304 GPU_Scheduler_1] Admitted 1 requests for model_3
[2026-08-22 11:49:00.317 GPU_Scheduler_1] Admitted 1 requests for model_3
[2026-08-22 11:49:00.365 GPU_Scheduler_1] Admitted 1 requests for model_3
[2026-08-22 11:49:00.390 GPU_Scheduler_0] net_available: inf, queue_len: 0
[2026-08-22 11:49:00.412 GPU_Scheduler_0] Admitted 1 requests for model_5
[2026-08-22 11:49:00.420 GPU_Scheduler_1] Admitted 1 requests for model_3
[2026-08-22 11:49:00.464 GPU_Scheduler_0] Admitted 1 requests for model_5
[2026-08-22 11:49:00.519 GPU_Scheduler_1] Admitted 1 requests for model_3
[2026-08-22 11:49:00.527 GPU_Scheduler_0] Admitted 1 requests for model_5
[2026-08-22 11:49:00.580 GPU_Scheduler_0] Admitted 1 requests for model_5
[2026-08-22 11:49:00.737 GPU_Scheduler_0] Admitted 1 requests for model_5
[2026-08-22 11:49:00.857 GPU_Scheduler_1] net_available: inf, queue_len: 163, model_backend_queue_lens: {'model_1': 0, 'model_2': 0, 'model_3': 0, 'model_4': 14}
[2026-08-22 11:49:01.004 GPU_Scheduler_1] Admitted 1 requests for model_3
[2026-08-22 11:49:01.039 GPU_Scheduler_1] Admitted 1 requests for model_3
[2026-08-22 11:49:01.041 GPU_Scheduler_0] Admitted 1 requests for model_5
[2026-08-22 11:49:01.122 GPU_Scheduler_1] Admitted 1 requests for model_2
[2026-08-22 11:49:01.122 GPU_Scheduler_1] Admitted 1 requests for model_3
[2026-08-22 11:49:01.147 GPU_Scheduler_1] Admitted 1 requests for model_2
[2026-08-22 11:49:01.194 GPU_Scheduler_1] Admitted 1 requests for model_3
[2026-08-22 11:49:01.230 GPU_Scheduler_1] Admitted 1 requests for model_3
[2026-08-22 11:49:01.322 GPU_Scheduler_1] Admitted 1 requests for model_3
[2026-08-22 11:49:01.397 GPU_Scheduler_0] net_available: inf, queue_len: 0
[2026-08-22 11:49:01.416 GPU_Scheduler_1] Admitted 1 requests for model_3
[2026-08-22 11:49:01.531 GPU_Scheduler_1] Admitted 1 requests for model_3
[2026-08-22 11:49:01.627 GPU_Scheduler_0] Admitted 1 requests for model_5
[2026-08-22 11:49:01.714 GPU_Scheduler_1] Admitted 1 requests for model_3
[2026-08-22 11:49:01.784 GPU_Scheduler_1] Admitted 1 requests for model_2
[2026-08-22 11:49:01.831 GPU_Scheduler_1] Admitted 1 requests for model_3
[2026-08-22 11:49:01.866 GPU_Scheduler_1] net_available: inf, queue_len: 166, model_backend_queue_lens: {'model_1': 0, 'model_2': 0, 'model_3': 0, 'model_4': 14}
[2026-08-22 11:49:02.066 GPU_Scheduler_0] Admitted 1 requests for model_6
[2026-08-22 11:49:02.099 GPU_Scheduler_0] Admitted 1 requests for model_5
[2026-08-22 11:49:02.113 GPU_Scheduler_1] Admitted 2 requests for model_3
[2026-08-22 11:49:02.299 GPU_Scheduler_0] Admitted 1 requests for model_5
[2026-08-22 11:49:02.386 GPU_Scheduler_1] Admitted 1 requests for model_3
[2026-08-22 11:49:02.404 GPU_Scheduler_0] net_available: inf, queue_len: 0
[2026-08-22 11:49:02.443 GPU_Scheduler_1] Admitted 1 requests for model_3
[2026-08-22 11:49:02.489 GPU_Scheduler_1] Admitted 1 requests for model_3
[2026-08-22 11:49:02.501 GPU_Scheduler_1] Admitted 1 requests for model_3
[2026-08-22 11:49:02.542 GPU_Scheduler_0] Admitted 1 requests for model_5
[2026-08-22 11:49:02.609 GPU_Scheduler_1] Admitted 1 requests for model_3
[2026-08-22 11:49:02.622 GPU_Scheduler_1] Admitted 1 requests for model_2
[2026-08-22 11:49:02.626 GPU_Scheduler_0] Admitted 1 requests for model_5
[2026-08-22 11:49:02.661 GPU_Scheduler_1] Admitted 1 requests for model_2
[2026-08-22 11:49:02.720 GPU_Scheduler_0] Admitted 1 requests for model_5
[2026-08-22 11:49:02.738 GPU_Scheduler_1] Admitted 1 requests for model_3
[2026-08-22 11:49:02.741 GPU_Scheduler_0] [V5-LOOP] {"iters": 476, "t_mem": 0.0059390144888311625, "t_redis": 0.1876757564023137, "t_admit": 0.003310638712719083, "t_send": 0.0068886547815054655, "t_iter": 0.20381406438536942, "admitted": 18, "iter_max": 0.000963055994361639, "gpu_id": 0, "window_s": 5.00337815284729}
[2026-08-22 11:49:02.751 GPU_Scheduler_1] Admitted 1 requests for model_3
[2026-08-22 11:49:02.828 GPU_Scheduler_1] Admitted 1 requests for model_3
[2026-08-22 11:49:02.866 GPU_Scheduler_1] net_available: inf, queue_len: 169, model_backend_queue_lens: {'model_1': 0, 'model_2': 0, 'model_3': 1, 'model_4': 14}
[2026-08-22 11:49:02.905 GPU_Scheduler_1] Admitted 1 requests for model_3
[2026-08-22 11:49:03.012 GPU_Scheduler_0] Admitted 1 requests for model_6
[2026-08-22 11:49:03.114 GPU_Scheduler_1] Admitted 1 requests for model_3
[2026-08-22 11:49:03.127 GPU_Scheduler_0] Admitted 1 requests for model_5
[2026-08-22 11:49:03.211 GPU_Scheduler_1] Admitted 1 requests for model_2
[2026-08-22 11:49:03.257 GPU_Scheduler_1] Admitted 1 requests for model_2
[2026-08-22 11:49:03.257 GPU_Scheduler_1] Admitted 1 requests for model_3
[2026-08-22 11:49:03.314 GPU_Scheduler_1] Admitted 1 requests for model_3
[2026-08-22 11:49:03.370 GPU_Scheduler_1] Admitted 1 requests for model_3
[2026-08-22 11:49:03.377 GPU_Scheduler_0] Admitted 1 requests for model_5
[2026-08-22 11:49:03.382 GPU_Scheduler_1] [V5-LOOP] {"iters": 425, "t_mem": 0.008767747320234776, "t_redis": 0.5716528629418463, "t_admit": 0.09953397233039141, "t_send": 0.03383091208525002, "t_iter": 0.7137854946777225, "admitted": 60, "iter_max": 0.0038194148801267147, "gpu_id": 1, "window_s": 5.002701759338379}
[2026-08-22 11:49:03.409 GPU_Scheduler_0] net_available: inf, queue_len: 0
[2026-08-22 11:49:03.472 GPU_Scheduler_0] Admitted 1 requests for model_5
[2026-08-22 11:49:03.478 GPU_Scheduler_1] Admitted 1 requests for model_3
[2026-08-22 11:49:03.515 GPU_Scheduler_1] Admitted 1 requests for model_3
[2026-08-22 11:49:03.540 GPU_Scheduler_1] Admitted 1 requests for model_3
[2026-08-22 11:49:03.578 GPU_Scheduler_0] Admitted 1 requests for model_5
[2026-08-22 11:49:03.694 GPU_Scheduler_0] Admitted 1 requests for model_5
[2026-08-22 11:49:03.729 GPU_Scheduler_1] Admitted 1 requests for model_3
[2026-08-22 11:49:03.755 GPU_Scheduler_1] Admitted 1 requests for model_3
[2026-08-22 11:49:03.875 GPU_Scheduler_1] net_available: inf, queue_len: 170, model_backend_queue_lens: {'model_1': 0, 'model_2': 0, 'model_3': 0, 'model_4': 14}
[2026-08-22 11:49:03.991 GPU_Scheduler_0] Admitted 1 requests for model_5
[2026-08-22 11:49:04.108 GPU_Scheduler_1] Admitted 1 requests for model_3
[2026-08-22 11:49:04.179 GPU_Scheduler_1] Admitted 1 requests for model_3
[2026-08-22 11:49:04.191 GPU_Scheduler_1] Admitted 1 requests for model_3
[2026-08-22 11:49:04.383 GPU_Scheduler_1] Admitted 1 requests for model_2
[2026-08-22 11:49:04.413 GPU_Scheduler_0] net_available: inf, queue_len: 0
[2026-08-22 11:49:04.424 GPU_Scheduler_0] Admitted 1 requests for model_5
[2026-08-22 11:49:04.431 GPU_Scheduler_1] Admitted 1 requests for model_2
[2026-08-22 11:49:04.605 GPU_Scheduler_0] Admitted 1 requests for model_6
[2026-08-22 11:49:04.836 GPU_Scheduler_0] Admitted 2 requests for model_5
[2026-08-22 11:49:04.872 GPU_Scheduler_1] Admitted 1 requests for model_2
[2026-08-22 11:49:04.884 GPU_Scheduler_1] net_available: inf, queue_len: 173, model_backend_queue_lens: {'model_1': 0, 'model_2': 1, 'model_3': 0, 'model_4': 14}
[2026-08-22 11:49:04.953 GPU_Scheduler_1] Admitted 1 requests for model_3
[2026-08-22 11:49:04.999 GPU_Scheduler_0] Admitted 1 requests for model_5
[2026-08-22 11:49:05.000 GPU_Scheduler_0] Admitted 1 requests for model_6
[2026-08-22 11:49:05.126 GPU_Scheduler_1] Admitted 1 requests for model_2
[2026-08-22 11:49:05.180 GPU_Scheduler_0] Admitted 1 requests for model_5
[2026-08-22 11:49:05.213 GPU_Scheduler_1] Admitted 2 requests for model_3
[2026-08-22 11:49:05.250 GPU_Scheduler_1] Admitted 1 requests for model_3
[2026-08-22 11:49:05.296 GPU_Scheduler_1] Admitted 2 requests for model_3
[2026-08-22 11:49:05.399 GPU_Scheduler_1] Admitted 1 requests for model_3
[2026-08-22 11:49:05.414 GPU_Scheduler_0] net_available: inf, queue_len: 0
[2026-08-22 11:49:05.422 GPU_Scheduler_1] Admitted 1 requests for model_2
[2026-08-22 11:49:05.423 GPU_Scheduler_1] Admitted 1 requests for model_3
[2026-08-22 11:49:05.434 GPU_Scheduler_1] Admitted 1 requests for model_3
[2026-08-22 11:49:05.548 GPU_Scheduler_1] Admitted 1 requests for model_3
[2026-08-22 11:49:05.710 GPU_Scheduler_1] Admitted 2 requests for model_3
[2026-08-22 11:49:05.742 GPU_Scheduler_0] Admitted 1 requests for model_6
[2026-08-22 11:49:05.836 GPU_Scheduler_1] Admitted 2 requests for model_3
[2026-08-22 11:49:05.843 GPU_Scheduler_0] Admitted 1 requests for model_5
[2026-08-22 11:49:05.876 GPU_Scheduler_1] Admitted 1 requests for model_3
[2026-08-22 11:49:05.889 GPU_Scheduler_1] net_available: inf, queue_len: 180, model_backend_queue_lens: {'model_1': 0, 'model_2': 0, 'model_3': 5, 'model_4': 14}
[2026-08-22 11:49:05.902 GPU_Scheduler_1] Admitted 1 requests for model_2
[2026-08-22 11:49:05.928 GPU_Scheduler_1] Admitted 1 requests for model_3
[2026-08-22 11:49:05.941 GPU_Scheduler_1] Admitted 1 requests for model_2
[2026-08-22 11:49:06.010 GPU_Scheduler_1] Admitted 1 requests for model_3
[2026-08-22 11:49:06.163 GPU_Scheduler_1] Admitted 1 requests for model_3
[2026-08-22 11:49:06.176 GPU_Scheduler_1] Admitted 1 requests for model_3
[2026-08-22 11:49:06.199 GPU_Scheduler_1] Admitted 1 requests for model_3
[2026-08-22 11:49:06.235 GPU_Scheduler_1] Admitted 1 requests for model_2
[2026-08-22 11:49:06.316 GPU_Scheduler_1] Admitted 1 requests for model_3
[2026-08-22 11:49:06.363 GPU_Scheduler_1] Admitted 2 requests for model_3
[2026-08-22 11:49:06.400 GPU_Scheduler_0] Admitted 1 requests for model_5
[2026-08-22 11:49:06.422 GPU_Scheduler_0] net_available: inf, queue_len: 0
[2026-08-22 11:49:06.423 GPU_Scheduler_1] Admitted 1 requests for model_2
[2026-08-22 11:49:06.435 GPU_Scheduler_1] Admitted 1 requests for model_2
[2026-08-22 11:49:06.447 GPU_Scheduler_1] Admitted 1 requests for model_2
[2026-08-22 11:49:06.507 GPU_Scheduler_1] Admitted 1 requests for model_3
[2026-08-22 11:49:06.555 GPU_Scheduler_1] Admitted 1 requests for model_3
[2026-08-22 11:49:06.762 GPU_Scheduler_0] Admitted 1 requests for model_5
[2026-08-22 11:49:06.900 GPU_Scheduler_1] net_available: inf, queue_len: 181, model_backend_queue_lens: {'model_1': 0, 'model_2': 0, 'model_3': 0, 'model_4': 14}
[2026-08-22 11:49:06.900 GPU_Scheduler_1] Admitted 1 requests for model_3
[2026-08-22 11:49:06.923 GPU_Scheduler_1] Admitted 1 requests for model_3
[2026-08-22 11:49:07.203 GPU_Scheduler_1] Admitted 1 requests for model_2
[2026-08-22 11:49:07.250 GPU_Scheduler_1] Admitted 1 requests for model_3
[2026-08-22 11:49:07.263 GPU_Scheduler_1] Admitted 1 requests for model_3
[2026-08-22 11:49:07.295 GPU_Scheduler_0] Admitted 2 requests for model_5
[2026-08-22 11:49:07.328 GPU_Scheduler_0] Admitted 1 requests for model_5
[2026-08-22 11:49:07.436 GPU_Scheduler_0] net_available: inf, queue_len: 0
[2026-08-22 11:49:07.447 GPU_Scheduler_0] Admitted 1 requests for model_5
[2026-08-22 11:49:07.525 GPU_Scheduler_1] Admitted 1 requests for model_3
[2026-08-22 11:49:07.536 GPU_Scheduler_1] Admitted 1 requests for model_3
[2026-08-22 11:49:07.542 GPU_Scheduler_0] Admitted 1 requests for model_6
[2026-08-22 11:49:07.657 GPU_Scheduler_1] Admitted 1 requests for model_3
[2026-08-22 11:49:07.671 GPU_Scheduler_1] Admitted 1 requests for model_2
[2026-08-22 11:49:07.747 GPU_Scheduler_1] Admitted 1 requests for model_3
[2026-08-22 11:49:07.751 GPU_Scheduler_0] [V5-LOOP] {"iters": 463, "t_mem": 0.00811927323229611, "t_redis": 0.31423500715754926, "t_admit": 0.004666290944442153, "t_send": 0.01128073176369071, "t_iter": 0.33830130309797823, "admitted": 23, "iter_max": 0.033566476078704, "gpu_id": 0, "window_s": 5.009953737258911}
[2026-08-22 11:49:07.912 GPU_Scheduler_1] net_available: inf, queue_len: 182, model_backend_queue_lens: {'model_1': 0, 'model_2': 0, 'model_3': 0, 'model_4': 14}
[2026-08-22 11:49:07.963 GPU_Scheduler_1] Admitted 1 requests for model_3
[2026-08-22 11:49:08.041 GPU_Scheduler_1] Admitted 1 requests for model_3
[2026-08-22 11:49:08.054 GPU_Scheduler_1] Admitted 1 requests for model_3
[2026-08-22 11:49:08.080 GPU_Scheduler_1] Admitted 1 requests for model_3
[2026-08-22 11:49:08.176 GPU_Scheduler_0] Admitted 1 requests for model_6
[2026-08-22 11:49:08.199 GPU_Scheduler_0] Admitted 1 requests for model_6
[2026-08-22 11:49:08.234 GPU_Scheduler_1] Admitted 2 requests for model_3
[2026-08-22 11:49:08.270 GPU_Scheduler_1] Admitted 1 requests for model_3
[2026-08-22 11:49:08.306 GPU_Scheduler_1] Admitted 2 requests for model_3
[2026-08-22 11:49:08.329 GPU_Scheduler_0] Admitted 1 requests for model_6
[2026-08-22 11:49:08.363 GPU_Scheduler_1] Admitted 1 requests for model_3
[2026-08-22 11:49:08.386 GPU_Scheduler_1] [V5-LOOP] {"iters": 415, "t_mem": 0.009746179450303316, "t_redis": 0.6586146559566259, "t_admit": 0.10947554465383291, "t_send": 0.03662391705438495, "t_iter": 0.8144602971151471, "admitted": 64, "iter_max": 0.033352655125781894, "gpu_id": 1, "window_s": 5.00356912612915}
[2026-08-22 11:49:08.437 GPU_Scheduler_0] net_available: inf, queue_len: 0
[2026-08-22 11:49:08.468 GPU_Scheduler_1] Admitted 1 requests for model_3
[2026-08-22 11:49:08.538 GPU_Scheduler_1] Admitted 1 requests for model_2
[2026-08-22 11:49:08.620 GPU_Scheduler_1] Admitted 1 requests for model_3
[2026-08-22 11:49:08.665 GPU_Scheduler_0] Admitted 1 requests for model_6
[2026-08-22 11:49:08.718 GPU_Scheduler_0] Admitted 1 requests for model_5
[2026-08-22 11:49:08.872 GPU_Scheduler_1] Admitted 1 requests for model_3
[2026-08-22 11:49:08.884 GPU_Scheduler_0] Admitted 1 requests for model_5
[2026-08-22 11:49:08.909 GPU_Scheduler_1] Admitted 1 requests for model_3
[2026-08-22 11:49:08.922 GPU_Scheduler_1] net_available: inf, queue_len: 189, model_backend_queue_lens: {'model_1': 0, 'model_2': 0, 'model_3': 4, 'model_4': 14}
[2026-08-22 11:49:08.973 GPU_Scheduler_1] Admitted 1 requests for model_3
[2026-08-22 11:49:09.135 GPU_Scheduler_0] Admitted 1 requests for model_5
[2026-08-22 11:49:09.139 GPU_Scheduler_1] Admitted 1 requests for model_3
[2026-08-22 11:49:09.174 GPU_Scheduler_1] Admitted 1 requests for model_3
[2026-08-22 11:49:09.188 GPU_Scheduler_0] Admitted 1 requests for model_5
[2026-08-22 11:49:09.243 GPU_Scheduler_1] Admitted 1 requests for model_3
[2026-08-22 11:49:09.285 GPU_Scheduler_0] Admitted 1 requests for model_5
[2026-08-22 11:49:09.289 GPU_Scheduler_1] Admitted 1 requests for model_3
[2026-08-22 11:49:09.317 GPU_Scheduler_0] Admitted 1 requests for model_6
[2026-08-22 11:49:09.392 GPU_Scheduler_1] Admitted 1 requests for model_3
[2026-08-22 11:49:09.445 GPU_Scheduler_0] net_available: inf, queue_len: 0
[2026-08-22 11:49:09.509 GPU_Scheduler_0] Admitted 1 requests for model_5
[2026-08-22 11:49:09.529 GPU_Scheduler_1] Admitted 1 requests for model_2
[2026-08-22 11:49:09.712 GPU_Scheduler_1] Admitted 1 requests for model_2
[2026-08-22 11:49:09.743 GPU_Scheduler_0] Admitted 1 requests for model_6
[2026-08-22 11:49:09.769 GPU_Scheduler_1] Admitted 1 requests for model_3
[2026-08-22 11:49:09.826 GPU_Scheduler_1] Admitted 1 requests for model_3
[2026-08-22 11:49:09.828 GPU_Scheduler_0] Admitted 1 requests for model_6
[2026-08-22 11:49:09.838 GPU_Scheduler_1] Admitted 1 requests for model_3
[2026-08-22 11:49:09.884 GPU_Scheduler_1] Admitted 1 requests for model_3
[2026-08-22 11:49:09.930 GPU_Scheduler_1] net_available: inf, queue_len: 191, model_backend_queue_lens: {'model_1': 0, 'model_2': 0, 'model_3': 0, 'model_4': 14}
[2026-08-22 11:49:09.930 GPU_Scheduler_1] Admitted 1 requests for model_2
[2026-08-22 11:49:09.930 GPU_Scheduler_1] Admitted 1 requests for model_3
[2026-08-22 11:49:09.968 GPU_Scheduler_0] Admitted 1 requests for model_5
[2026-08-22 11:49:09.989 GPU_Scheduler_0] Admitted 1 requests for model_5
[2026-08-22 11:49:10.136 GPU_Scheduler_1] Admitted 1 requests for model_3
[2026-08-22 11:49:10.224 GPU_Scheduler_0] Admitted 1 requests for model_5
[2026-08-22 11:49:10.229 GPU_Scheduler_1] Admitted 1 requests for model_3
[2026-08-22 11:49:10.401 GPU_Scheduler_1] Admitted 1 requests for model_3
[2026-08-22 11:49:10.448 GPU_Scheduler_0] net_available: inf, queue_len: 0
[2026-08-22 11:49:10.504 GPU_Scheduler_1] Admitted 2 requests for model_3
[2026-08-22 11:49:10.516 GPU_Scheduler_1] Admitted 1 requests for model_3
[2026-08-22 11:49:10.528 GPU_Scheduler_1] Admitted 1 requests for model_3
[2026-08-22 11:49:10.554 GPU_Scheduler_0] Admitted 1 requests for model_5
[2026-08-22 11:49:10.691 GPU_Scheduler_0] Admitted 1 requests for model_5
[2026-08-22 11:49:10.733 GPU_Scheduler_1] Admitted 1 requests for model_3
[2026-08-22 11:49:10.847 GPU_Scheduler_1] Admitted 1 requests for model_3
[2026-08-22 11:49:10.871 GPU_Scheduler_1] Admitted 1 requests for model_3
[2026-08-22 11:49:10.931 GPU_Scheduler_1] net_available: inf, queue_len: 196, model_backend_queue_lens: {'model_1': 0, 'model_2': 0, 'model_3': 0, 'model_4': 14}
[2026-08-22 11:49:10.931 GPU_Scheduler_1] Admitted 1 requests for model_3
[2026-08-22 11:49:10.943 GPU_Scheduler_1] Admitted 1 requests for model_3
[2026-08-22 11:49:10.945 GPU_Scheduler_0] Admitted 2 requests for model_5
[2026-08-22 11:49:10.990 GPU_Scheduler_1] Admitted 1 requests for model_3
[2026-08-22 11:49:11.021 GPU_Scheduler_0] Admitted 1 requests for model_5
[2026-08-22 11:49:11.036 GPU_Scheduler_1] Admitted 1 requests for model_3
[2026-08-22 11:49:11.048 GPU_Scheduler_1] Admitted 1 requests for model_2
[2026-08-22 11:49:11.084 GPU_Scheduler_1] Admitted 1 requests for model_3
[2026-08-22 11:49:11.442 GPU_Scheduler_1] Admitted 1 requests for model_3
[2026-08-22 11:49:11.453 GPU_Scheduler_0] net_available: inf, queue_len: 0
[2026-08-22 11:49:11.464 GPU_Scheduler_0] Admitted 1 requests for model_5
[2026-08-22 11:49:11.465 GPU_Scheduler_1] Admitted 1 requests for model_3
[2026-08-22 11:49:11.523 GPU_Scheduler_1] Admitted 1 requests for model_3
[2026-08-22 11:49:11.662 GPU_Scheduler_1] Admitted 1 requests for model_3
[2026-08-22 11:49:11.674 GPU_Scheduler_1] Admitted 1 requests for model_3
[2026-08-22 11:49:11.734 GPU_Scheduler_0] Admitted 1 requests for model_6
[2026-08-22 11:49:11.744 GPU_Scheduler_1] Admitted 1 requests for model_2
[2026-08-22 11:49:11.920 GPU_Scheduler_0] Admitted 1 requests for model_6
[2026-08-22 11:49:11.937 GPU_Scheduler_1] net_available: inf, queue_len: 199, model_backend_queue_lens: {'model_1': 0, 'model_2': 1, 'model_3': 3, 'model_4': 14}
[2026-08-22 11:49:12.014 GPU_Scheduler_1] Admitted 1 requests for model_3
[2026-08-22 11:49:12.022 GPU_Scheduler_0] Admitted 1 requests for model_6
[2026-08-22 11:49:12.054 GPU_Scheduler_1] Admitted 1 requests for model_3
[2026-08-22 11:49:12.131 GPU_Scheduler_1] Admitted 1 requests for model_2
[2026-08-22 11:49:12.158 GPU_Scheduler_1] Admitted 1 requests for model_3
[2026-08-22 11:49:12.332 GPU_Scheduler_1] Admitted 1 requests for model_3
[2026-08-22 11:49:12.439 GPU_Scheduler_0] Admitted 1 requests for model_5
[2026-08-22 11:49:12.461 GPU_Scheduler_0] net_available: inf, queue_len: 0
[2026-08-22 11:49:12.527 GPU_Scheduler_1] Admitted 1 requests for model_3
[2026-08-22 11:49:12.539 GPU_Scheduler_1] Admitted 1 requests for model_2
[2026-08-22 11:49:12.562 GPU_Scheduler_1] Admitted 1 requests for model_3
[2026-08-22 11:49:12.597 GPU_Scheduler_1] Admitted 1 requests for model_3
[2026-08-22 11:49:12.643 GPU_Scheduler_1] Admitted 1 requests for model_3
[2026-08-22 11:49:12.735 GPU_Scheduler_1] Admitted 1 requests for model_3
[2026-08-22 11:49:12.758 GPU_Scheduler_0] [V5-LOOP] {"iters": 464, "t_mem": 0.00841475510969758, "t_redis": 0.2971403757110238, "t_admit": 0.005028790328651667, "t_send": 0.013475786428898573, "t_iter": 0.3240597075782716, "admitted": 26, "iter_max": 0.0019341818988323212, "gpu_id": 0, "window_s": 5.0067126750946045}
[2026-08-22 11:49:12.792 GPU_Scheduler_1] Admitted 1 requests for model_3
[2026-08-22 11:49:12.804 GPU_Scheduler_1] Admitted 1 requests for model_3
[2026-08-22 11:49:12.822 GPU_Scheduler_0] Admitted 1 requests for model_5
[2026-08-22 11:49:12.911 GPU_Scheduler_1] Admitted 1 requests for model_3
[2026-08-22 11:49:12.948 GPU_Scheduler_1] net_available: inf, queue_len: 202, model_backend_queue_lens: {'model_1': 0, 'model_2': 0, 'model_3': 1, 'model_4': 14}
[2026-08-22 11:49:13.160 GPU_Scheduler_1] Admitted 1 requests for model_3
[2026-08-22 11:49:13.218 GPU_Scheduler_0] Admitted 1 requests for model_5
[2026-08-22 11:49:13.225 GPU_Scheduler_1] Admitted 1 requests for model_3
[2026-08-22 11:49:13.251 GPU_Scheduler_1] Admitted 1 requests for model_2
[2026-08-22 11:49:13.390 GPU_Scheduler_1] Admitted 1 requests for model_3
[2026-08-22 11:49:13.390 GPU_Scheduler_1] [V5-LOOP] {"iters": 425, "t_mem": 0.00824489863589406, "t_redis": 0.558945334982127, "t_admit": 0.11465887678787112, "t_send": 0.032202224247157574, "t_iter": 0.7140513346530497, "admitted": 59, "iter_max": 0.004083026899024844, "gpu_id": 1, "window_s": 5.004013538360596}
[2026-08-22 11:49:13.413 GPU_Scheduler_1] Admitted 1 requests for model_3
[2026-08-22 11:49:13.459 GPU_Scheduler_1] Admitted 1 requests for model_2
[2026-08-22 11:49:13.465 GPU_Scheduler_0] net_available: inf, queue_len: 0
[2026-08-22 11:49:13.508 GPU_Scheduler_1] Admitted 1 requests for model_3
[2026-08-22 11:49:13.533 GPU_Scheduler_1] Admitted 1 requests for model_3
[2026-08-22 11:49:13.611 GPU_Scheduler_1] Admitted 1 requests for model_3
[2026-08-22 11:49:13.675 GPU_Scheduler_1] Admitted 1 requests for model_3
[2026-08-22 11:49:13.689 GPU_Scheduler_1] Admitted 1 requests for model_3
[2026-08-22 11:49:13.743 GPU_Scheduler_0] Admitted 1 requests for model_5
[2026-08-22 11:49:13.766 GPU_Scheduler_1] Admitted 2 requests for model_3
[2026-08-22 11:49:13.780 GPU_Scheduler_1] Admitted 1 requests for model_3
[2026-08-22 11:49:13.806 GPU_Scheduler_1] Admitted 1 requests for model_3
[2026-08-22 11:49:13.864 GPU_Scheduler_1] Admitted 1 requests for model_3
[2026-08-22 11:49:13.956 GPU_Scheduler_1] net_available: inf, queue_len: 206, model_backend_queue_lens: {'model_1': 0, 'model_2': 0, 'model_3': 0, 'model_4': 14}
[2026-08-22 11:49:14.241 GPU_Scheduler_1] Admitted 1 requests for model_2
[2026-08-22 11:49:14.256 GPU_Scheduler_0] Admitted 1 requests for model_6
[2026-08-22 11:49:14.344 GPU_Scheduler_1] Admitted 1 requests for model_3
[2026-08-22 11:49:14.468 GPU_Scheduler_0] net_available: inf, queue_len: 0
[2026-08-22 11:49:14.471 GPU_Scheduler_1] Admitted 1 requests for model_3
[2026-08-22 11:49:14.542 GPU_Scheduler_0] Admitted 1 requests for model_6
[2026-08-22 11:49:14.574 GPU_Scheduler_1] Admitted 1 requests for model_2
[2026-08-22 11:49:14.620 GPU_Scheduler_1] Admitted 1 requests for model_2
[2026-08-22 11:49:14.620 GPU_Scheduler_1] Admitted 1 requests for model_3
[2026-08-22 11:49:14.650 GPU_Scheduler_0] Admitted 1 requests for model_6
[2026-08-22 11:49:14.662 GPU_Scheduler_0] Admitted 1 requests for model_5
[2026-08-22 11:49:14.855 GPU_Scheduler_0] Admitted 1 requests for model_5
[2026-08-22 11:49:14.923 GPU_Scheduler_0] Admitted 1 requests for model_5
[2026-08-22 11:49:14.959 GPU_Scheduler_1] net_available: inf, queue_len: 208, model_backend_queue_lens: {'model_1': 0, 'model_2': 0, 'model_3': 0, 'model_4': 14}
[2026-08-22 11:49:14.959 GPU_Scheduler_1] Admitted 1 requests for model_2
[2026-08-22 11:49:15.019 GPU_Scheduler_0] Admitted 1 requests for model_5
[2026-08-22 11:49:15.167 GPU_Scheduler_1] Admitted 1 requests for model_2
[2026-08-22 11:49:15.180 GPU_Scheduler_1] Admitted 1 requests for model_2
[2026-08-22 11:49:15.218 GPU_Scheduler_1] Admitted 1 requests for model_2
[2026-08-22 11:49:15.252 GPU_Scheduler_1] Admitted 1 requests for model_3
[2026-08-22 11:49:15.345 GPU_Scheduler_1] Admitted 2 requests for model_3
[2026-08-22 11:49:15.416 GPU_Scheduler_0] Admitted 1 requests for model_6
[2026-08-22 11:49:15.449 GPU_Scheduler_1] Admitted 1 requests for model_3
[2026-08-22 11:49:15.470 GPU_Scheduler_0] net_available: inf, queue_len: 0
[2026-08-22 11:49:15.491 GPU_Scheduler_0] Admitted 1 requests for model_5
[2026-08-22 11:49:15.495 GPU_Scheduler_1] Admitted 2 requests for model_2
[2026-08-22 11:49:15.552 GPU_Scheduler_1] Admitted 1 requests for model_2
[2026-08-22 11:49:15.791 GPU_Scheduler_1] Admitted 1 requests for model_3
[2026-08-22 11:49:15.906 GPU_Scheduler_1] Admitted 1 requests for model_2
[2026-08-22 11:49:15.963 GPU_Scheduler_1] net_available: inf, queue_len: 211, model_backend_queue_lens: {'model_1': 0, 'model_2': 0, 'model_3': 0, 'model_4': 14}
[2026-08-22 11:49:16.189 GPU_Scheduler_1] Admitted 1 requests for model_2
[2026-08-22 11:49:16.189 GPU_Scheduler_1] Admitted 1 requests for model_3
[2026-08-22 11:49:16.240 GPU_Scheduler_0] Admitted 1 requests for model_6
[2026-08-22 11:49:16.274 GPU_Scheduler_0] Admitted 1 requests for model_6
[2026-08-22 11:49:16.277 GPU_Scheduler_1] Admitted 1 requests for model_3
[2026-08-22 11:49:16.367 GPU_Scheduler_1] Admitted 1 requests for model_3
[2026-08-22 11:49:16.380 GPU_Scheduler_1] Admitted 1 requests for model_3
[2026-08-22 11:49:16.471 GPU_Scheduler_1] Admitted 1 requests for model_3
[2026-08-22 11:49:16.475 GPU_Scheduler_0] net_available: inf, queue_len: 0
[2026-08-22 11:49:16.496 GPU_Scheduler_0] Admitted 1 requests for model_5
[2026-08-22 11:49:16.507 GPU_Scheduler_0] Admitted 1 requests for model_5
[2026-08-22 11:49:16.552 GPU_Scheduler_1] Admitted 1 requests for model_3
[2026-08-22 11:49:16.746 GPU_Scheduler_1] Admitted 1 requests for model_2
[2026-08-22 11:49:16.746 GPU_Scheduler_1] Admitted 1 requests for model_3
[2026-08-22 11:49:16.838 GPU_Scheduler_1] Admitted 1 requests for model_3
[2026-08-22 11:49:16.843 GPU_Scheduler_0] Admitted 1 requests for model_6
[2026-08-22 11:49:16.843 GPU_Scheduler_0] Admitted 1 requests for model_5
[2026-08-22 11:49:16.954 GPU_Scheduler_1] Admitted 1 requests for model_3
[2026-08-22 11:49:16.966 GPU_Scheduler_1] net_available: inf, queue_len: 214, model_backend_queue_lens: {'model_1': 0, 'model_2': 1, 'model_3': 5, 'model_4': 14}
[2026-08-22 11:49:17.250 GPU_Scheduler_1] Admitted 1 requests for model_3
[2026-08-22 11:49:17.441 GPU_Scheduler_0] Admitted 1 requests for model_5
[2026-08-22 11:49:17.483 GPU_Scheduler_0] net_available: inf, queue_len: 0
[2026-08-22 11:49:17.536 GPU_Scheduler_1] Admitted 1 requests for model_3
[2026-08-22 11:49:17.571 GPU_Scheduler_1] Admitted 1 requests for model_3
[2026-08-22 11:49:17.674 GPU_Scheduler_1] Admitted 1 requests for model_3
[2026-08-22 11:49:17.766 GPU_Scheduler_0] [V5-LOOP] {"iters": 467, "t_mem": 0.007722031092271209, "t_redis": 0.2748824337031692, "t_admit": 0.004475341644138098, "t_send": 0.010610782308503985, "t_iter": 0.2976905887480825, "admitted": 19, "iter_max": 0.0020361931528896093, "gpu_id": 0, "window_s": 5.007720947265625}
[2026-08-22 11:49:17.808 GPU_Scheduler_0] Admitted 2 requests for model_5
[2026-08-22 11:49:17.833 GPU_Scheduler_1] Admitted 1 requests for model_3
[2026-08-22 11:49:17.861 GPU_Scheduler_0] Admitted 1 requests for model_5
[2026-08-22 11:49:17.970 GPU_Scheduler_1] net_available: inf, queue_len: 217, model_backend_queue_lens: {'model_1': 0, 'model_2': 0, 'model_3': 0, 'model_4': 14}
[2026-08-22 11:49:17.997 GPU_Scheduler_0] Admitted 1 requests for model_5
[2026-08-22 11:49:18.107 GPU_Scheduler_1] Admitted 1 requests for model_3
[2026-08-22 11:49:18.123 GPU_Scheduler_0] Admitted 1 requests for model_5
[2026-08-22 11:49:18.141 GPU_Scheduler_1] Admitted 1 requests for model_3
[2026-08-22 11:49:18.144 GPU_Scheduler_0] Admitted 1 requests for model_5
[2026-08-22 11:49:18.199 GPU_Scheduler_1] Admitted 1 requests for model_3
[2026-08-22 11:49:18.325 GPU_Scheduler_1] Admitted 1 requests for model_2
[2026-08-22 11:49:18.337 GPU_Scheduler_1] Admitted 1 requests for model_2
[2026-08-22 11:49:18.394 GPU_Scheduler_1] Admitted 1 requests for model_3
[2026-08-22 11:49:18.395 GPU_Scheduler_1] [V5-LOOP] {"iters": 429, "t_mem": 0.007293180329725146, "t_redis": 0.5191895514726639, "t_admit": 0.1196799932513386, "t_send": 0.028986664721742272, "t_iter": 0.6751493897754699, "admitted": 53, "iter_max": 0.003967016004025936, "gpu_id": 1, "window_s": 5.004074573516846}
[2026-08-22 11:49:18.427 GPU_Scheduler_0] Admitted 1 requests for model_6
[2026-08-22 11:49:18.475 GPU_Scheduler_1] Admitted 2 requests for model_3
[2026-08-22 11:49:18.487 GPU_Scheduler_1] Admitted 1 requests for model_3
[2026-08-22 11:49:18.489 GPU_Scheduler_0] net_available: inf, queue_len: 0
[2026-08-22 11:49:18.499 GPU_Scheduler_1] Admitted 1 requests for model_3
[2026-08-22 11:49:18.531 GPU_Scheduler_0] Admitted 1 requests for model_5
[2026-08-22 11:49:18.728 GPU_Scheduler_1] Admitted 1 requests for model_3
[2026-08-22 11:49:18.741 GPU_Scheduler_0] Admitted 1 requests for model_5
[2026-08-22 11:49:18.786 GPU_Scheduler_1] Admitted 1 requests for model_3
[2026-08-22 11:49:18.820 GPU_Scheduler_1] Admitted 1 requests for model_3
[2026-08-22 11:49:18.866 GPU_Scheduler_1] Admitted 1 requests for model_2
[2026-08-22 11:49:18.878 GPU_Scheduler_1] Admitted 1 requests for model_2
[2026-08-22 11:49:18.878 GPU_Scheduler_1] Admitted 1 requests for model_3
[2026-08-22 11:49:18.925 GPU_Scheduler_1] Admitted 1 requests for model_3
[2026-08-22 11:49:18.925 GPU_Scheduler_1] Admitted 1 requests for model_2
[2026-08-22 11:49:18.971 GPU_Scheduler_1] net_available: inf, queue_len: 219, model_backend_queue_lens: {'model_1': 0, 'model_2': 0, 'model_3': 0, 'model_4': 14}
[2026-08-22 11:49:18.983 GPU_Scheduler_1] Admitted 2 requests for model_3
[2026-08-22 11:49:19.004 GPU_Scheduler_0] Admitted 1 requests for model_5
[2026-08-22 11:49:19.006 GPU_Scheduler_1] Admitted 1 requests for model_3
[2026-08-22 11:49:19.087 GPU_Scheduler_0] Admitted 1 requests for model_6
[2026-08-22 11:49:19.236 GPU_Scheduler_1] Admitted 1 requests for model_3
[2026-08-22 11:49:19.248 GPU_Scheduler_1] Admitted 1 requests for model_3
[2026-08-22 11:49:19.271 GPU_Scheduler_1] Admitted 1 requests for model_3
[2026-08-22 11:49:19.317 GPU_Scheduler_1] Admitted 1 requests for model_3
[2026-08-22 11:49:19.364 GPU_Scheduler_1] Admitted 1 requests for model_3
[2026-08-22 11:49:19.402 GPU_Scheduler_0] Admitted 1 requests for model_6
[2026-08-22 11:49:19.496 GPU_Scheduler_0] net_available: inf, queue_len: 0
[2026-08-22 11:49:19.592 GPU_Scheduler_1] Admitted 2 requests for model_3
[2026-08-22 11:49:19.627 GPU_Scheduler_1] Admitted 1 requests for model_3
[2026-08-22 11:49:19.730 GPU_Scheduler_1] Admitted 2 requests for model_3
[2026-08-22 11:49:19.768 GPU_Scheduler_0] Admitted 1 requests for model_5
[2026-08-22 11:49:19.811 GPU_Scheduler_1] Admitted 1 requests for model_3
[2026-08-22 11:49:19.851 GPU_Scheduler_0] Admitted 1 requests for model_5
[2026-08-22 11:49:19.857 GPU_Scheduler_1] Admitted 1 requests for model_2
[2026-08-22 11:49:19.862 GPU_Scheduler_0] Admitted 1 requests for model_5
[2026-08-22 11:49:19.869 GPU_Scheduler_1] Admitted 1 requests for model_3
[2026-08-22 11:49:19.884 GPU_Scheduler_0] Admitted 1 requests for model_6
[2026-08-22 11:49:19.927 GPU_Scheduler_1] Admitted 1 requests for model_2
[2026-08-22 11:49:19.927 GPU_Scheduler_1] Admitted 1 requests for model_3
[2026-08-22 11:49:19.973 GPU_Scheduler_1] net_available: inf, queue_len: 220, model_backend_queue_lens: {'model_1': 0, 'model_2': 2, 'model_3': 8, 'model_4': 14}
[2026-08-22 11:49:19.998 GPU_Scheduler_0] Admitted 1 requests for model_5
[2026-08-22 11:49:20.053 GPU_Scheduler_1] Admitted 1 requests for model_3
[2026-08-22 11:49:20.100 GPU_Scheduler_1] Admitted 1 requests for model_2
[2026-08-22 11:49:20.197 GPU_Scheduler_0] Admitted 1 requests for model_6
[2026-08-22 11:49:20.202 GPU_Scheduler_1] Admitted 1 requests for model_3
[2026-08-22 11:49:20.214 GPU_Scheduler_1] Admitted 1 requests for model_3
[2026-08-22 11:49:20.228 GPU_Scheduler_0] Admitted 1 requests for model_5
[2026-08-22 11:49:20.249 GPU_Scheduler_1] Admitted 1 requests for model_3
[2026-08-22 11:49:20.329 GPU_Scheduler_1] Admitted 1 requests for model_3
[2026-08-22 11:49:20.387 GPU_Scheduler_1] Admitted 2 requests for model_3
[2026-08-22 11:49:20.399 GPU_Scheduler_1] Admitted 1 requests for model_3
[2026-08-22 11:49:20.457 GPU_Scheduler_1] Admitted 1 requests for model_3
[2026-08-22 11:49:20.459 GPU_Scheduler_0] Admitted 1 requests for model_5
[2026-08-22 11:49:20.501 GPU_Scheduler_0] net_available: inf, queue_len: 0
[2026-08-22 11:49:20.522 GPU_Scheduler_0] Admitted 1 requests for model_5
[2026-08-22 11:49:20.606 GPU_Scheduler_1] Admitted 1 requests for model_3
[2026-08-22 11:49:20.641 GPU_Scheduler_1] Admitted 1 requests for model_2
[2026-08-22 11:49:20.859 GPU_Scheduler_1] Admitted 1 requests for model_3
[2026-08-22 11:49:20.961 GPU_Scheduler_0] Admitted 1 requests for model_5
[2026-08-22 11:49:20.974 GPU_Scheduler_1] net_available: inf, queue_len: 224, model_backend_queue_lens: {'model_1': 0, 'model_2': 0, 'model_3': 1, 'model_4': 14}
[2026-08-22 11:49:20.974 GPU_Scheduler_1] Admitted 1 requests for model_3
[2026-08-22 11:49:21.066 GPU_Scheduler_1] Admitted 1 requests for model_3
[2026-08-22 11:49:21.244 GPU_Scheduler_0] Admitted 1 requests for model_5
[2026-08-22 11:49:21.255 GPU_Scheduler_0] Admitted 1 requests for model_6
[2026-08-22 11:49:21.259 GPU_Scheduler_1] Admitted 2 requests for model_2
[2026-08-22 11:49:21.305 GPU_Scheduler_1] Admitted 1 requests for model_3
[2026-08-22 11:49:21.340 GPU_Scheduler_1] Admitted 1 requests for model_3
[2026-08-22 11:49:21.350 GPU_Scheduler_0] Admitted 1 requests for model_5
[2026-08-22 11:49:21.386 GPU_Scheduler_1] Admitted 1 requests for model_3
[2026-08-22 11:49:21.444 GPU_Scheduler_1] Admitted 1 requests for model_3
[2026-08-22 11:49:21.465 GPU_Scheduler_0] Admitted 1 requests for model_5
[2026-08-22 11:49:21.507 GPU_Scheduler_0] net_available: inf, queue_len: 0
[2026-08-22 11:49:21.580 GPU_Scheduler_0] Admitted 1 requests for model_5
[2026-08-22 11:49:21.727 GPU_Scheduler_0] Admitted 1 requests for model_5
[2026-08-22 11:49:21.823 GPU_Scheduler_0] Admitted 1 requests for model_5
[2026-08-22 11:49:21.834 GPU_Scheduler_0] Admitted 1 requests for model_5
[2026-08-22 11:49:21.865 GPU_Scheduler_0] Admitted 1 requests for model_5
[2026-08-22 11:49:21.889 GPU_Scheduler_1] Admitted 1 requests for model_1
[2026-08-22 11:49:21.961 GPU_Scheduler_0] Admitted 1 requests for model_5
[2026-08-22 11:49:21.981 GPU_Scheduler_1] net_available: inf, queue_len: 225, model_backend_queue_lens: {'model_1': 0, 'model_2': 0, 'model_3': 0, 'model_4': 14}
[2026-08-22 11:49:22.034 GPU_Scheduler_0] Admitted 1 requests for model_5
[2026-08-22 11:49:22.087 GPU_Scheduler_0] Admitted 1 requests for model_5
[2026-08-22 11:49:22.141 GPU_Scheduler_1] Admitted 1 requests for model_2
[2026-08-22 11:49:22.405 GPU_Scheduler_1] Admitted 1 requests for model_1
[2026-08-22 11:49:22.433 GPU_Scheduler_0] Admitted 1 requests for model_5
[2026-08-22 11:49:22.517 GPU_Scheduler_0] net_available: inf, queue_len: 0
[2026-08-22 11:49:22.601 GPU_Scheduler_0] Admitted 1 requests for model_5
[2026-08-22 11:49:22.633 GPU_Scheduler_0] Admitted 1 requests for model_5
[2026-08-22 11:49:22.679 GPU_Scheduler_1] Admitted 1 requests for model_1
[2026-08-22 11:49:22.686 GPU_Scheduler_0] Admitted 1 requests for model_5
[2026-08-22 11:49:22.770 GPU_Scheduler_0] [V5-LOOP] {"iters": 477, "t_mem": 0.005926935933530331, "t_redis": 0.17120500723831356, "t_admit": 0.0034698806703090668, "t_send": 0.01275778072886169, "t_iter": 0.19335960457101464, "admitted": 38, "iter_max": 0.0009414360392838717, "gpu_id": 0, "window_s": 5.003723621368408}
[2026-08-22 11:49:22.833 GPU_Scheduler_0] Admitted 1 requests for model_5
[2026-08-22 11:49:22.844 GPU_Scheduler_0] Admitted 1 requests for model_5
[2026-08-22 11:49:22.907 GPU_Scheduler_0] Admitted 1 requests for model_5
[2026-08-22 11:49:22.943 GPU_Scheduler_1] Admitted 1 requests for model_1
[2026-08-22 11:49:22.970 GPU_Scheduler_0] Admitted 1 requests for model_5
[2026-08-22 11:49:22.990 GPU_Scheduler_1] net_available: inf, queue_len: 228, model_backend_queue_lens: {'model_1': 1, 'model_2': 0, 'model_3': 0, 'model_4': 14}
[2026-08-22 11:49:23.070 GPU_Scheduler_1] Admitted 1 requests for model_1
[2026-08-22 11:49:23.221 GPU_Scheduler_0] Admitted 1 requests for model_5
[2026-08-22 11:49:23.378 GPU_Scheduler_0] Admitted 1 requests for model_5
[2026-08-22 11:49:23.401 GPU_Scheduler_1] [V5-LOOP] {"iters": 436, "t_mem": 0.006672748830169439, "t_redis": 0.45681004598736763, "t_admit": 0.11789929051883519, "t_send": 0.026378423674032092, "t_iter": 0.6077605090104043, "admitted": 57, "iter_max": 0.0022880351170897484, "gpu_id": 1, "window_s": 5.00578761100769}
[2026-08-22 11:49:23.481 GPU_Scheduler_1] Admitted 1 requests for model_1
[2026-08-22 11:49:23.483 GPU_Scheduler_0] Admitted 1 requests for model_5
[2026-08-22 11:49:23.525 GPU_Scheduler_0] net_available: inf, queue_len: 0
[2026-08-22 11:49:23.557 GPU_Scheduler_0] Admitted 1 requests for model_5
[2026-08-22 11:49:23.567 GPU_Scheduler_0] Admitted 1 requests for model_5
[2026-08-22 11:49:23.599 GPU_Scheduler_0] Admitted 1 requests for model_5
[2026-08-22 11:49:23.617 GPU_Scheduler_1] Admitted 1 requests for model_1
[2026-08-22 11:49:23.861 GPU_Scheduler_0] Admitted 1 requests for model_5
[2026-08-22 11:49:23.903 GPU_Scheduler_0] Admitted 1 requests for model_5
[2026-08-22 11:49:23.993 GPU_Scheduler_1] net_available: inf, queue_len: 231, model_backend_queue_lens: {'model_1': 0, 'model_2': 0, 'model_3': 0, 'model_4': 14}
[2026-08-22 11:49:24.134 GPU_Scheduler_0] Admitted 1 requests for model_5
[2026-08-22 11:49:24.187 GPU_Scheduler_1] Admitted 1 requests for model_1
[2026-08-22 11:49:24.197 GPU_Scheduler_0] Admitted 1 requests for model_5
[2026-08-22 11:49:24.256 GPU_Scheduler_1] Admitted 1 requests for model_2
[2026-08-22 11:49:24.427 GPU_Scheduler_0] Admitted 1 requests for model_5
[2026-08-22 11:49:24.480 GPU_Scheduler_0] Admitted 1 requests for model_5
[2026-08-22 11:49:24.532 GPU_Scheduler_0] net_available: inf, queue_len: 0, model_backend_queue_lens: {'model_5': 2, 'model_6': 0}
[2026-08-22 11:49:24.532 GPU_Scheduler_0] Admitted 1 requests for model_5
[2026-08-22 11:49:24.565 GPU_Scheduler_0] Admitted 1 requests for model_5
[2026-08-22 11:49:24.691 GPU_Scheduler_0] Admitted 1 requests for model_5
[2026-08-22 11:49:24.995 GPU_Scheduler_0] Admitted 1 requests for model_5
[2026-08-22 11:49:24.998 GPU_Scheduler_1] net_available: inf, queue_len: 234, model_backend_queue_lens: {'model_1': 0, 'model_2': 0, 'model_3': 0, 'model_4': 14}
[2026-08-22 11:49:25.059 GPU_Scheduler_0] Admitted 1 requests for model_5
[2026-08-22 11:49:25.101 GPU_Scheduler_0] Admitted 1 requests for model_5
[2026-08-22 11:49:25.192 GPU_Scheduler_1] Admitted 1 requests for model_1
[2026-08-22 11:49:25.238 GPU_Scheduler_1] Admitted 1 requests for model_1
[2026-08-22 11:49:25.249 GPU_Scheduler_0] Admitted 1 requests for model_5
[2026-08-22 11:49:25.333 GPU_Scheduler_0] Admitted 1 requests for model_5
[2026-08-22 11:49:25.376 GPU_Scheduler_0] Admitted 1 requests for model_5
[2026-08-22 11:49:25.389 GPU_Scheduler_1] Admitted 1 requests for model_1
[2026-08-22 11:49:25.418 GPU_Scheduler_0] Admitted 1 requests for model_5
[2026-08-22 11:49:25.533 GPU_Scheduler_0] net_available: inf, queue_len: 0
[2026-08-22 11:49:25.638 GPU_Scheduler_0] Admitted 1 requests for model_5
[2026-08-22 11:49:25.659 GPU_Scheduler_0] Admitted 1 requests for model_5
[2026-08-22 11:49:25.743 GPU_Scheduler_0] Admitted 1 requests for model_5
[2026-08-22 11:49:25.998 GPU_Scheduler_1] net_available: inf, queue_len: 238, model_backend_queue_lens: {'model_1': 0, 'model_2': 0, 'model_3': 0, 'model_4': 14}
[2026-08-22 11:49:26.037 GPU_Scheduler_0] Admitted 2 requests for model_5
[2026-08-22 11:49:26.058 GPU_Scheduler_0] Admitted 1 requests for model_5
[2026-08-22 11:49:26.069 GPU_Scheduler_0] Admitted 1 requests for model_5
[2026-08-22 11:49:26.226 GPU_Scheduler_0] Admitted 1 requests for model_5
[2026-08-22 11:49:26.262 GPU_Scheduler_1] Admitted 1 requests for model_2
[2026-08-22 11:49:26.268 GPU_Scheduler_0] Admitted 1 requests for model_5
[2026-08-22 11:49:26.404 GPU_Scheduler_0] Admitted 2 requests for model_5
[2026-08-22 11:49:26.456 GPU_Scheduler_1] Admitted 1 requests for model_1
[2026-08-22 11:49:26.540 GPU_Scheduler_0] net_available: inf, queue_len: 3, model_backend_queue_lens: {'model_5': 11, 'model_6': 0}
[2026-08-22 11:49:26.594 GPU_Scheduler_1] Admitted 1 requests for model_1
[2026-08-22 11:49:26.605 GPU_Scheduler_1] Admitted 1 requests for model_1
[2026-08-22 11:49:26.742 GPU_Scheduler_1] Admitted 1 requests for model_1
[2026-08-22 11:49:26.857 GPU_Scheduler_1] Admitted 1 requests for model_2
[2026-08-22 11:49:27.006 GPU_Scheduler_1] net_available: inf, queue_len: 241, model_backend_queue_lens: {'model_1': 0, 'model_2': 0, 'model_3': 0, 'model_4': 14}
[2026-08-22 11:49:27.154 GPU_Scheduler_1] Admitted 1 requests for model_1
[2026-08-22 11:49:27.223 GPU_Scheduler_1] Admitted 1 requests for model_1
[2026-08-22 11:49:27.258 GPU_Scheduler_1] Admitted 1 requests for model_1
[2026-08-22 11:49:27.258 GPU_Scheduler_1] Admitted 1 requests for model_2
[2026-08-22 11:49:27.270 GPU_Scheduler_1] Admitted 1 requests for model_1
[2026-08-22 11:49:27.545 GPU_Scheduler_0] net_available: inf, queue_len: 19, model_backend_queue_lens: {'model_5': 11, 'model_6': 0}
[2026-08-22 11:49:27.577 GPU_Scheduler_1] Admitted 1 requests for model_1
[2026-08-22 11:49:27.776 GPU_Scheduler_0] [V5-LOOP] {"iters": 477, "t_mem": 0.0061102553736418486, "t_redis": 0.1742996594402939, "t_admit": 0.0053244230803102255, "t_send": 0.012150952592492104, "t_iter": 0.19788529048673809, "admitted": 37, "iter_max": 0.0009456370025873184, "gpu_id": 0, "window_s": 5.006028413772583}
[2026-08-22 11:49:28.012 GPU_Scheduler_1] net_available: inf, queue_len: 245, model_backend_queue_lens: {'model_1': 0, 'model_2': 0, 'model_3': 0, 'model_4': 14}
[2026-08-22 11:49:28.402 GPU_Scheduler_1] [V5-LOOP] {"iters": 437, "t_mem": 0.006772428750991821, "t_redis": 0.4533773644361645, "t_admit": 0.12270929384976625, "t_send": 0.009564193896949291, "t_iter": 0.5924232809338719, "admitted": 19, "iter_max": 0.002845067996531725, "gpu_id": 1, "window_s": 5.000808238983154}
[2026-08-22 11:49:28.553 GPU_Scheduler_0] net_available: inf, queue_len: 29, model_backend_queue_lens: {'model_5': 11, 'model_6': 0}
[2026-08-22 11:49:28.732 GPU_Scheduler_1] Admitted 1 requests for model_1
[2026-08-22 11:49:28.744 GPU_Scheduler_1] Admitted 1 requests for model_2
[2026-08-22 11:49:28.824 GPU_Scheduler_1] Admitted 1 requests for model_2
[2026-08-22 11:49:28.867 GPU_Scheduler_0] Admitted 32 requests for model_5
[2026-08-22 11:49:29.018 GPU_Scheduler_1] net_available: inf, queue_len: 248, model_backend_queue_lens: {'model_1': 0, 'model_2': 1, 'model_3': 0, 'model_4': 14}
[2026-08-22 11:49:29.053 GPU_Scheduler_1] Admitted 1 requests for model_1
[2026-08-22 11:49:29.144 GPU_Scheduler_1] Admitted 1 requests for model_1
[2026-08-22 11:49:29.209 GPU_Scheduler_1] Admitted 1 requests for model_1
[2026-08-22 11:49:29.555 GPU_Scheduler_0] net_available: inf, queue_len: 6, model_backend_queue_lens: {'model_5': 35, 'model_6': 0}
[2026-08-22 11:49:29.963 GPU_Scheduler_1] Admitted 1 requests for model_1
[2026-08-22 11:49:30.027 GPU_Scheduler_1] net_available: inf, queue_len: 253, model_backend_queue_lens: {'model_1': 0, 'model_2': 0, 'model_3': 0, 'model_4': 14}
[2026-08-22 11:49:30.078 GPU_Scheduler_1] Admitted 1 requests for model_1
[2026-08-22 11:49:30.413 GPU_Scheduler_1] Admitted 1 requests for model_1
[2026-08-22 11:49:30.561 GPU_Scheduler_0] net_available: inf, queue_len: 19, model_backend_queue_lens: {'model_5': 32, 'model_6': 0}
[2026-08-22 11:49:30.628 GPU_Scheduler_1] Admitted 1 requests for model_1
[2026-08-22 11:49:30.790 GPU_Scheduler_1] Admitted 1 requests for model_1
[2026-08-22 11:49:31.023 GPU_Scheduler_1] Admitted 1 requests for model_1
[2026-08-22 11:49:31.036 GPU_Scheduler_1] net_available: inf, queue_len: 254, model_backend_queue_lens: {'model_1': 1, 'model_2': 0, 'model_3': 0, 'model_4': 14}
[2026-08-22 11:49:31.336 GPU_Scheduler_1] Admitted 1 requests for model_1
[2026-08-22 11:49:31.567 GPU_Scheduler_0] net_available: inf, queue_len: 36, model_backend_queue_lens: {'model_5': 28, 'model_6': 0}
[2026-08-22 11:49:31.691 GPU_Scheduler_1] Admitted 1 requests for model_1
[2026-08-22 11:49:31.730 GPU_Scheduler_1] Admitted 1 requests for model_1
[2026-08-22 11:49:32.038 GPU_Scheduler_1] net_available: inf, queue_len: 256, model_backend_queue_lens: {'model_1': 0, 'model_2': 0, 'model_3': 0, 'model_4': 14}
[2026-08-22 11:49:32.435 GPU_Scheduler_1] Admitted 1 requests for model_1
[2026-08-22 11:49:32.575 GPU_Scheduler_0] net_available: inf, queue_len: 41, model_backend_queue_lens: {'model_5': 18, 'model_6': 0}
[2026-08-22 11:49:32.785 GPU_Scheduler_0] [V5-LOOP] {"iters": 476, "t_mem": 0.006208140170201659, "t_redis": 0.17649477417580783, "t_admit": 0.014929977478459477, "t_send": 0.006149338558316231, "t_iter": 0.2037822303827852, "admitted": 32, "iter_max": 0.005845648003742099, "gpu_id": 0, "window_s": 5.008610486984253}
[2026-08-22 11:49:33.041 GPU_Scheduler_1] net_available: inf, queue_len: 265, model_backend_queue_lens: {'model_1': 0, 'model_2': 0, 'model_3': 0, 'model_4': 14}
[2026-08-22 11:49:33.384 GPU_Scheduler_0] Admitted 46 requests for model_5
[2026-08-22 11:49:33.404 GPU_Scheduler_1] [V5-LOOP] {"iters": 414, "t_mem": 0.009271976538002491, "t_redis": 0.6303064730018377, "t_admit": 0.1714358190074563, "t_send": 0.011207006871700287, "t_iter": 0.8222212754189968, "admitted": 16, "iter_max": 0.009347599931061268, "gpu_id": 1, "window_s": 5.002423048019409}
[2026-08-22 11:49:33.582 GPU_Scheduler_1] Admitted 1 requests for model_1
[2026-08-22 11:49:33.582 GPU_Scheduler_0] net_available: inf, queue_len: 2, model_backend_queue_lens: {'model_5': 53, 'model_6': 0}
[2026-08-22 11:49:33.771 GPU_Scheduler_1] Admitted 1 requests for model_1
[2026-08-22 11:49:33.771 GPU_Scheduler_1] Admitted 1 requests for model_2
[2026-08-22 11:49:33.783 GPU_Scheduler_1] Admitted 1 requests for model_1
[2026-08-22 11:49:33.805 GPU_Scheduler_1] Admitted 2 requests for model_2
[2026-08-22 11:49:34.052 GPU_Scheduler_1] net_available: inf, queue_len: 268, model_backend_queue_lens: {'model_1': 3, 'model_2': 3, 'model_3': 0, 'model_4': 14}
[2026-08-22 11:49:34.064 GPU_Scheduler_1] Admitted 1 requests for model_2
[2026-08-22 11:49:34.176 GPU_Scheduler_1] Admitted 1 requests for model_1
[2026-08-22 11:49:34.589 GPU_Scheduler_0] net_available: inf, queue_len: 11, model_backend_queue_lens: {'model_5': 40, 'model_6': 0}
[2026-08-22 11:49:34.798 GPU_Scheduler_1] Admitted 1 requests for model_1
[2026-08-22 11:49:35.011 GPU_Scheduler_1] Admitted 1 requests for model_1
[2026-08-22 11:49:35.056 GPU_Scheduler_1] net_available: inf, queue_len: 275, model_backend_queue_lens: {'model_1': 0, 'model_2': 0, 'model_3': 0, 'model_4': 14}
[2026-08-22 11:49:35.056 GPU_Scheduler_1] Admitted 1 requests for model_2
[2026-08-22 11:49:35.279 GPU_Scheduler_1] Admitted 1 requests for model_1
[2026-08-22 11:49:35.312 GPU_Scheduler_1] Admitted 1 requests for model_2
[2026-08-22 11:49:35.413 GPU_Scheduler_1] Admitted 1 requests for model_2
[2026-08-22 11:49:35.592 GPU_Scheduler_1] Admitted 1 requests for model_1
[2026-08-22 11:49:35.594 GPU_Scheduler_0] net_available: inf, queue_len: 23, model_backend_queue_lens: {'model_5': 30, 'model_6': 0}
[2026-08-22 11:49:35.770 GPU_Scheduler_1] Admitted 1 requests for model_1
[2026-08-22 11:49:35.793 GPU_Scheduler_1] Admitted 1 requests for model_2
[2026-08-22 11:49:35.927 GPU_Scheduler_1] Admitted 1 requests for model_1
[2026-08-22 11:49:36.061 GPU_Scheduler_1] net_available: inf, queue_len: 282, model_backend_queue_lens: {'model_1': 0, 'model_2': 0, 'model_3': 0, 'model_4': 14}
[2026-08-22 11:49:36.061 GPU_Scheduler_1] Admitted 1 requests for model_2
[2026-08-22 11:49:36.507 GPU_Scheduler_1] Admitted 1 requests for model_2
[2026-08-22 11:49:36.601 GPU_Scheduler_0] net_available: inf, queue_len: 34, model_backend_queue_lens: {'model_5': 28, 'model_6': 0}
[2026-08-22 11:49:36.608 GPU_Scheduler_1] Admitted 1 requests for model_1
[2026-08-22 11:49:37.067 GPU_Scheduler_1] net_available: inf, queue_len: 285, model_backend_queue_lens: {'model_1': 0, 'model_2': 0, 'model_3': 0, 'model_4': 14}
[2026-08-22 11:49:37.123 GPU_Scheduler_1] Admitted 1 requests for model_1
[2026-08-22 11:49:37.134 GPU_Scheduler_1] Admitted 1 requests for model_2
[2026-08-22 11:49:37.202 GPU_Scheduler_1] Admitted 1 requests for model_1
[2026-08-22 11:49:37.281 GPU_Scheduler_1] Admitted 1 requests for model_1
[2026-08-22 11:49:37.611 GPU_Scheduler_0] net_available: inf, queue_len: 44, model_backend_queue_lens: {'model_5': 21, 'model_6': 0}
[2026-08-22 11:49:37.771 GPU_Scheduler_1] Admitted 1 requests for model_2
[2026-08-22 11:49:37.789 GPU_Scheduler_0] [V5-LOOP] {"iters": 476, "t_mem": 0.006320831831544638, "t_redis": 0.1743910436052829, "t_admit": 0.015483148396015167, "t_send": 0.008678524289280176, "t_iter": 0.20487354812212288, "admitted": 46, "iter_max": 0.008424954023212194, "gpu_id": 0, "window_s": 5.004146099090576}
[2026-08-22 11:49:37.873 GPU_Scheduler_1] Admitted 1 requests for model_2
[2026-08-22 11:49:38.068 GPU_Scheduler_1] net_available: inf, queue_len: 292, model_backend_queue_lens: {'model_1': 0, 'model_2': 0, 'model_3': 0, 'model_4': 14}
[2026-08-22 11:49:38.231 GPU_Scheduler_0] Admitted 57 requests for model_5
[2026-08-22 11:49:38.360 GPU_Scheduler_1] Admitted 1 requests for model_1
[2026-08-22 11:49:38.405 GPU_Scheduler_1] [V5-LOOP] {"iters": 447, "t_mem": 0.006225743563845754, "t_redis": 0.335686992155388, "t_admit": 0.14058150770142674, "t_send": 0.010459982557222247, "t_iter": 0.49295422597788274, "admitted": 28, "iter_max": 0.002377315191552043, "gpu_id": 1, "window_s": 5.000153303146362}
[2026-08-22 11:49:38.617 GPU_Scheduler_0] net_available: inf, queue_len: 7, model_backend_queue_lens: {'model_5': 64, 'model_6': 0}
[2026-08-22 11:49:38.662 GPU_Scheduler_1] Admitted 1 requests for model_1
[2026-08-22 11:49:38.708 GPU_Scheduler_1] Admitted 1 requests for model_1
[2026-08-22 11:49:38.900 GPU_Scheduler_1] Admitted 1 requests for model_2
[2026-08-22 11:49:39.078 GPU_Scheduler_1] net_available: inf, queue_len: 296, model_backend_queue_lens: {'model_1': 2, 'model_2': 0, 'model_3': 0, 'model_4': 14}
[2026-08-22 11:49:39.321 GPU_Scheduler_1] Admitted 1 requests for model_2
[2026-08-22 11:49:39.345 GPU_Scheduler_1] Admitted 1 requests for model_1
[2026-08-22 11:49:39.622 GPU_Scheduler_0] net_available: inf, queue_len: 12, model_backend_queue_lens: {'model_5': 60, 'model_6': 0}
[2026-08-22 11:49:39.623 GPU_Scheduler_1] Admitted 1 requests for model_1
[2026-08-22 11:49:39.773 GPU_Scheduler_1] Admitted 1 requests for model_1
[2026-08-22 11:49:40.084 GPU_Scheduler_1] net_available: inf, queue_len: 299, model_backend_queue_lens: {'model_1': 0, 'model_2': 0, 'model_3': 0, 'model_4': 14}
[2026-08-22 11:49:40.130 GPU_Scheduler_1] Admitted 1 requests for model_1
[2026-08-22 11:49:40.556 GPU_Scheduler_1] Admitted 1 requests for model_1
[2026-08-22 11:49:40.625 GPU_Scheduler_0] net_available: inf, queue_len: 22, model_backend_queue_lens: {'model_5': 53, 'model_6': 0}
[2026-08-22 11:49:40.648 GPU_Scheduler_1] Admitted 1 requests for model_1
[2026-08-22 11:49:40.718 GPU_Scheduler_1] Admitted 1 requests for model_1
[2026-08-22 11:49:41.065 GPU_Scheduler_1] Admitted 1 requests for model_1
[2026-08-22 11:49:41.088 GPU_Scheduler_1] net_available: inf, queue_len: 302, model_backend_queue_lens: {'model_1': 0, 'model_2': 0, 'model_3': 0, 'model_4': 14}
[2026-08-22 11:49:41.088 GPU_Scheduler_1] Admitted 1 requests for model_1
[2026-08-22 11:49:41.100 GPU_Scheduler_1] Admitted 1 requests for model_1
[2026-08-22 11:49:41.284 GPU_Scheduler_1] Admitted 1 requests for model_1
[2026-08-22 11:49:41.625 GPU_Scheduler_0] net_available: inf, queue_len: 32, model_backend_queue_lens: {'model_5': 43, 'model_6': 0}
[2026-08-22 11:49:41.699 GPU_Scheduler_1] Admitted 1 requests for model_2
[2026-08-22 11:49:41.723 GPU_Scheduler_1] Admitted 1 requests for model_1
[2026-08-22 11:49:41.861 GPU_Scheduler_1] Admitted 1 requests for model_2
[2026-08-22 11:49:41.988 GPU_Scheduler_1] Admitted 1 requests for model_1
[2026-08-22 11:49:42.000 GPU_Scheduler_1] Admitted 1 requests for model_1
[2026-08-22 11:49:42.047 GPU_Scheduler_1] Admitted 1 requests for model_2
[2026-08-22 11:49:42.093 GPU_Scheduler_1] net_available: inf, queue_len: 307, model_backend_queue_lens: {'model_1': 0, 'model_2': 1, 'model_3': 0, 'model_4': 14}
[2026-08-22 11:49:42.289 GPU_Scheduler_1] Admitted 1 requests for model_1
[2026-08-22 11:49:42.632 GPU_Scheduler_0] net_available: inf, queue_len: 46, model_backend_queue_lens: {'model_5': 35, 'model_6': 0}
[2026-08-22 11:49:42.670 GPU_Scheduler_1] Admitted 1 requests for model_2
[2026-08-22 11:49:42.797 GPU_Scheduler_0] [V5-LOOP] {"iters": 465, "t_mem": 0.008329343749210238, "t_redis": 0.27432244597002864, "t_admit": 0.021741032134741545, "t_send": 0.010744306026026607, "t_iter": 0.31513712788000703, "admitted": 57, "iter_max": 0.010213106172159314, "gpu_id": 0, "window_s": 5.0072503089904785}
[2026-08-22 11:49:42.982 GPU_Scheduler_1] Admitted 1 requests for model_1
[2026-08-22 11:49:43.086 GPU_Scheduler_1] Admitted 1 requests for model_2
[2026-08-22 11:49:43.098 GPU_Scheduler_1] net_available: inf, queue_len: 313, model_backend_queue_lens: {'model_1': 0, 'model_2': 1, 'model_3': 0, 'model_4': 14}
[2026-08-22 11:49:43.145 GPU_Scheduler_1] Admitted 1 requests for model_1
[2026-08-22 11:49:43.237 GPU_Scheduler_1] Admitted 1 requests for model_1
[2026-08-22 11:49:43.409 GPU_Scheduler_1] [V5-LOOP] {"iters": 433, "t_mem": 0.007052196189761162, "t_redis": 0.4562747934833169, "t_admit": 0.15843264455907047, "t_send": 0.014094707556068897, "t_iter": 0.6358543417882174, "admitted": 27, "iter_max": 0.00308999908156693, "gpu_id": 1, "window_s": 5.0040247440338135}
[2026-08-22 11:49:43.636 GPU_Scheduler_0] net_available: inf, queue_len: 61, model_backend_queue_lens: {'model_5': 35, 'model_6': 0}
[2026-08-22 11:49:43.662 GPU_Scheduler_1] Admitted 1 requests for model_1
[2026-08-22 11:49:44.101 GPU_Scheduler_1] net_available: inf, queue_len: 316, model_backend_queue_lens: {'model_1': 0, 'model_2': 0, 'model_3': 0, 'model_4': 14}
[2026-08-22 11:49:44.229 GPU_Scheduler_1] Admitted 1 requests for model_2
[2026-08-22 11:49:44.310 GPU_Scheduler_1] Admitted 1 requests for model_2
[2026-08-22 11:49:44.379 GPU_Scheduler_1] Admitted 1 requests for model_1
[2026-08-22 11:49:44.426 GPU_Scheduler_1] Admitted 1 requests for model_1
[2026-08-22 11:49:44.599 GPU_Scheduler_1] Admitted 1 requests for model_2
[2026-08-22 11:49:44.645 GPU_Scheduler_0] net_available: inf, queue_len: 74, model_backend_queue_lens: {'model_5': 35, 'model_6': 0}
[2026-08-22 11:49:44.807 GPU_Scheduler_1] Admitted 1 requests for model_1
[2026-08-22 11:49:45.073 GPU_Scheduler_1] Admitted 1 requests for model_1
[2026-08-22 11:49:45.109 GPU_Scheduler_1] net_available: inf, queue_len: 321, model_backend_queue_lens: {'model_1': 2, 'model_2': 0, 'model_3': 0, 'model_4': 14}
[2026-08-22 11:49:45.353 GPU_Scheduler_1] Admitted 1 requests for model_1
[2026-08-22 11:49:45.621 GPU_Scheduler_1] Admitted 1 requests for model_1
[2026-08-22 11:49:45.646 GPU_Scheduler_0] net_available: inf, queue_len: 84, model_backend_queue_lens: {'model_5': 29, 'model_6': 0}
[2026-08-22 11:49:45.806 GPU_Scheduler_1] Admitted 1 requests for model_1
[2026-08-22 11:49:45.841 GPU_Scheduler_1] Admitted 1 requests for model_2
[2026-08-22 11:49:46.119 GPU_Scheduler_1] net_available: inf, queue_len: 326, model_backend_queue_lens: {'model_1': 0, 'model_2': 0, 'model_3': 0, 'model_4': 14}
[2026-08-22 11:49:46.315 GPU_Scheduler_1] Admitted 1 requests for model_2
[2026-08-22 11:49:46.442 GPU_Scheduler_1] Admitted 1 requests for model_1
[2026-08-22 11:49:46.523 GPU_Scheduler_1] Admitted 1 requests for model_1
[2026-08-22 11:49:46.558 GPU_Scheduler_1] Admitted 1 requests for model_1
[2026-08-22 11:49:46.655 GPU_Scheduler_0] net_available: inf, queue_len: 98, model_backend_queue_lens: {'model_5': 29, 'model_6': 0}
[2026-08-22 11:49:46.986 GPU_Scheduler_1] Admitted 1 requests for model_1
[2026-08-22 11:49:47.124 GPU_Scheduler_1] net_available: inf, queue_len: 329, model_backend_queue_lens: {'model_1': 0, 'model_2': 0, 'model_3': 0, 'model_4': 14}
[2026-08-22 11:49:47.331 GPU_Scheduler_1] Admitted 1 requests for model_2
[2026-08-22 11:49:47.658 GPU_Scheduler_0] net_available: inf, queue_len: 110, model_backend_queue_lens: {'model_5': 24, 'model_6': 0}
[2026-08-22 11:49:47.793 GPU_Scheduler_1] Admitted 1 requests for model_1
[2026-08-22 11:49:47.806 GPU_Scheduler_0] [V5-LOOP] {"iters": 468, "t_mem": 0.007552288006991148, "t_redis": 0.2349650792311877, "t_admit": 0.04651243798434734, "t_send": 0.0008903068955987692, "t_iter": 0.28992011211812496, "admitted": 0, "iter_max": 0.006898833904415369, "gpu_id": 0, "window_s": 5.0094521045684814}
[2026-08-22 11:49:48.128 GPU_Scheduler_1] net_available: inf, queue_len: 333, model_backend_queue_lens: {'model_1': 1, 'model_2': 0, 'model_3': 0, 'model_4': 14}
[2026-08-22 11:49:48.417 GPU_Scheduler_1] [V5-LOOP] {"iters": 433, "t_mem": 0.006619553081691265, "t_redis": 0.45565328281372786, "t_admit": 0.1674723622854799, "t_send": 0.010062374640256166, "t_iter": 0.6398075728211552, "admitted": 19, "iter_max": 0.0033091220539063215, "gpu_id": 1, "window_s": 5.008153915405273}
[2026-08-22 11:49:48.533 GPU_Scheduler_1] Admitted 1 requests for model_2
[2026-08-22 11:49:48.569 GPU_Scheduler_1] Admitted 1 requests for model_1
[2026-08-22 11:49:48.664 GPU_Scheduler_0] net_available: inf, queue_len: 122, model_backend_queue_lens: {'model_5': 15, 'model_6': 0}
[2026-08-22 11:49:48.743 GPU_Scheduler_1] Admitted 1 requests for model_2
[2026-08-22 11:49:48.766 GPU_Scheduler_1] Admitted 1 requests for model_1
[2026-08-22 11:49:48.962 GPU_Scheduler_1] Admitted 1 requests for model_2
[2026-08-22 11:49:49.124 GPU_Scheduler_1] Admitted 1 requests for model_2
[2026-08-22 11:49:49.136 GPU_Scheduler_1] net_available: inf, queue_len: 344, model_backend_queue_lens: {'model_1': 0, 'model_2': 1, 'model_3': 0, 'model_4': 14}
[2026-08-22 11:49:49.447 GPU_Scheduler_1] Admitted 1 requests for model_1
[2026-08-22 11:49:49.552 GPU_Scheduler_1] Admitted 1 requests for model_1
[2026-08-22 11:49:49.673 GPU_Scheduler_0] net_available: inf, queue_len: 131, model_backend_queue_lens: {'model_5': 15, 'model_6': 0}
[2026-08-22 11:49:49.794 GPU_Scheduler_1] Admitted 1 requests for model_1
[2026-08-22 11:49:49.842 GPU_Scheduler_1] Admitted 1 requests for model_1
[2026-08-22 11:49:49.986 GPU_Scheduler_1] Admitted 1 requests for model_1
[2026-08-22 11:49:50.092 GPU_Scheduler_1] Admitted 1 requests for model_1
[2026-08-22 11:49:50.139 GPU_Scheduler_1] net_available: inf, queue_len: 351, model_backend_queue_lens: {'model_1': 0, 'model_2': 0, 'model_3': 0, 'model_4': 14}
[2026-08-22 11:49:50.410 GPU_Scheduler_1] Admitted 1 requests for model_1
[2026-08-22 11:49:50.553 GPU_Scheduler_1] Admitted 1 requests for model_2
[2026-08-22 11:49:50.618 GPU_Scheduler_1] Admitted 1 requests for model_1
[2026-08-22 11:49:50.678 GPU_Scheduler_0] net_available: inf, queue_len: 143, model_backend_queue_lens: {'model_5': 14, 'model_6': 0}
[2026-08-22 11:49:50.776 GPU_Scheduler_1] Admitted 1 requests for model_1
[2026-08-22 11:49:50.816 GPU_Scheduler_1] Admitted 1 requests for model_1
[2026-08-22 11:49:51.067 GPU_Scheduler_1] Admitted 1 requests for model_2
[2026-08-22 11:49:51.146 GPU_Scheduler_1] net_available: inf, queue_len: 354, model_backend_queue_lens: {'model_1': 0, 'model_2': 0, 'model_3': 0, 'model_4': 14}
[2026-08-22 11:49:51.424 GPU_Scheduler_1] Admitted 1 requests for model_1
[2026-08-22 11:49:51.680 GPU_Scheduler_0] net_available: inf, queue_len: 150, model_backend_queue_lens: {'model_5': 13, 'model_6': 0}
[2026-08-22 11:49:51.688 GPU_Scheduler_1] Admitted 1 requests for model_2
[2026-08-22 11:49:51.722 GPU_Scheduler_1] Admitted 1 requests for model_1
[2026-08-22 11:49:51.813 GPU_Scheduler_1] Admitted 1 requests for model_2
[2026-08-22 11:49:52.150 GPU_Scheduler_1] net_available: inf, queue_len: 357, model_backend_queue_lens: {'model_1': 0, 'model_2': 0, 'model_3': 0, 'model_4': 14}
[2026-08-22 11:49:52.353 GPU_Scheduler_1] Admitted 1 requests for model_1
[2026-08-22 11:49:52.686 GPU_Scheduler_0] net_available: inf, queue_len: 158, model_backend_queue_lens: {'model_5': 11, 'model_6': 0}
[2026-08-22 11:49:52.814 GPU_Scheduler_0] [V5-LOOP] {"iters": 457, "t_mem": 0.008831646060571074, "t_redis": 0.2896506900433451, "t_admit": 0.09464713744819164, "t_send": 0.001070813275873661, "t_iter": 0.39420028682798147, "admitted": 0, "iter_max": 0.0017163909506052732, "gpu_id": 0, "window_s": 5.007551193237305}
[2026-08-22 11:49:53.004 GPU_Scheduler_1] Admitted 1 requests for model_1
[2026-08-22 11:49:53.151 GPU_Scheduler_1] net_available: inf, queue_len: 359, model_backend_queue_lens: {'model_1': 0, 'model_2': 0, 'model_3': 0, 'model_4': 14}
[2026-08-22 11:49:53.286 GPU_Scheduler_0] Admitted 166 requests for model_5
[2026-08-22 11:49:53.403 GPU_Scheduler_1] Admitted 1 requests for model_2
[2026-08-22 11:49:53.428 GPU_Scheduler_1] [V5-LOOP] {"iters": 418, "t_mem": 0.00812033168040216, "t_redis": 0.5371745850425214, "t_admit": 0.23100778041407466, "t_send": 0.01558820134960115, "t_iter": 0.7918908984865993, "admitted": 25, "iter_max": 0.004277578089386225, "gpu_id": 1, "window_s": 5.010189533233643}
[2026-08-22 11:49:53.689 GPU_Scheduler_0] net_available: inf, queue_len: 1, model_backend_queue_lens: {'model_5': 175, 'model_6': 0}
[2026-08-22 11:49:53.710 GPU_Scheduler_1] Admitted 1 requests for model_2
[2026-08-22 11:49:53.734 GPU_Scheduler_1] Admitted 1 requests for model_1
[2026-08-22 11:49:53.949 GPU_Scheduler_1] Admitted 2 requests for model_1
[2026-08-22 11:49:53.995 GPU_Scheduler_1] Admitted 1 requests for model_1
[2026-08-22 11:49:54.074 GPU_Scheduler_1] Admitted 1 requests for model_2
[2026-08-22 11:49:54.152 GPU_Scheduler_1] net_available: inf, queue_len: 362, model_backend_queue_lens: {'model_1': 3, 'model_2': 1, 'model_3': 0, 'model_4': 14}
[2026-08-22 11:49:54.209 GPU_Scheduler_1] Admitted 1 requests for model_1
[2026-08-22 11:49:54.209 GPU_Scheduler_1] Admitted 1 requests for model_2
[2026-08-22 11:49:54.221 GPU_Scheduler_1] Admitted 1 requests for model_1
[2026-08-22 11:49:54.457 GPU_Scheduler_1] Admitted 1 requests for model_2
[2026-08-22 11:49:54.502 GPU_Scheduler_1] Admitted 1 requests for model_2
[2026-08-22 11:49:54.559 GPU_Scheduler_1] Admitted 1 requests for model_1
[2026-08-22 11:49:54.684 GPU_Scheduler_1] Admitted 1 requests for model_1
[2026-08-22 11:49:54.690 GPU_Scheduler_0] net_available: inf, queue_len: 10, model_backend_queue_lens: {'model_5': 175, 'model_6': 0}
[2026-08-22 11:49:54.842 GPU_Scheduler_1] Admitted 1 requests for model_1
[2026-08-22 11:49:55.159 GPU_Scheduler_1] net_available: inf, queue_len: 368, model_backend_queue_lens: {'model_1': 0, 'model_2': 0, 'model_3': 0, 'model_4': 14}
[2026-08-22 11:49:55.418 GPU_Scheduler_1] Admitted 1 requests for model_2
[2026-08-22 11:49:55.699 GPU_Scheduler_0] net_available: inf, queue_len: 19, model_backend_queue_lens: {'model_5': 168, 'model_6': 0}
[2026-08-22 11:49:55.756 GPU_Scheduler_1] Admitted 1 requests for model_1
[2026-08-22 11:49:55.868 GPU_Scheduler_1] Admitted 1 requests for model_1
[2026-08-22 11:49:56.093 GPU_Scheduler_1] Admitted 2 requests for model_2
[2026-08-22 11:49:56.115 GPU_Scheduler_1] Admitted 1 requests for model_1
[2026-08-22 11:49:56.149 GPU_Scheduler_1] Admitted 1 requests for model_1
[2026-08-22 11:49:56.161 GPU_Scheduler_1] net_available: inf, queue_len: 374, model_backend_queue_lens: {'model_1': 1, 'model_2': 2, 'model_3': 0, 'model_4': 14}
[2026-08-22 11:49:56.317 GPU_Scheduler_1] Admitted 1 requests for model_1
[2026-08-22 11:49:56.701 GPU_Scheduler_0] net_available: inf, queue_len: 35, model_backend_queue_lens: {'model_5': 164, 'model_6': 0}
[2026-08-22 11:49:56.981 GPU_Scheduler_1] Admitted 1 requests for model_2
[2026-08-22 11:49:57.168 GPU_Scheduler_1] net_available: inf, queue_len: 375, model_backend_queue_lens: {'model_1': 0, 'model_2': 0, 'model_3': 0, 'model_4': 14}
[2026-08-22 11:49:57.180 GPU_Scheduler_1] Admitted 1 requests for model_1
[2026-08-22 11:49:57.320 GPU_Scheduler_1] Admitted 1 requests for model_1
[2026-08-22 11:49:57.706 GPU_Scheduler_0] net_available: inf, queue_len: 41, model_backend_queue_lens: {'model_5': 158, 'model_6': 0}
[2026-08-22 11:49:57.714 GPU_Scheduler_1] Admitted 1 requests for model_1
[2026-08-22 11:49:57.787 GPU_Scheduler_1] Admitted 1 requests for model_1
[2026-08-22 11:49:57.801 GPU_Scheduler_1] Admitted 1 requests for model_2
[2026-08-22 11:49:57.822 GPU_Scheduler_0] [V5-LOOP] {"iters": 470, "t_mem": 0.006553268525749445, "t_redis": 0.20342178619466722, "t_admit": 0.02126559754833579, "t_send": 0.03605396649800241, "t_iter": 0.26729461876675487, "admitted": 166, "iter_max": 0.03599695209413767, "gpu_id": 0, "window_s": 5.007900238037109}
[2026-08-22 11:49:57.933 GPU_Scheduler_1] Admitted 1 requests for model_1
[2026-08-22 11:49:58.169 GPU_Scheduler_1] net_available: inf, queue_len: 378, model_backend_queue_lens: {'model_1': 2, 'model_2': 0, 'model_3': 0, 'model_4': 14}
[2026-08-22 11:49:58.343 GPU_Scheduler_1] Admitted 1 requests for model_1
[2026-08-22 11:49:58.437 GPU_Scheduler_1] [V5-LOOP] {"iters": 435, "t_mem": 0.006547489669173956, "t_redis": 0.404560485156253, "t_admit": 0.19594999658875167, "t_send": 0.013177744811400771, "t_iter": 0.6202357162255794, "admitted": 30, "iter_max": 0.004092165967449546, "gpu_id": 1, "window_s": 5.008425712585449}
[2026-08-22 11:49:58.518 GPU_Scheduler_1] Admitted 1 requests for model_1
[2026-08-22 11:49:58.712 GPU_Scheduler_0] net_available: inf, queue_len: 50, model_backend_queue_lens: {'model_5': 158, 'model_6': 0}
[2026-08-22 11:49:58.716 GPU_Scheduler_1] Admitted 1 requests for model_2
[2026-08-22 11:49:58.894 GPU_Scheduler_1] Admitted 1 requests for model_1
[2026-08-22 11:49:59.173 GPU_Scheduler_1] net_available: inf, queue_len: 383, model_backend_queue_lens: {'model_1': 0, 'model_2': 0, 'model_3': 0, 'model_4': 14}
[2026-08-22 11:49:59.266 GPU_Scheduler_1] Admitted 1 requests for model_1
[2026-08-22 11:49:59.348 GPU_Scheduler_1] Admitted 1 requests for model_1
[2026-08-22 11:49:59.638 GPU_Scheduler_1] Admitted 1 requests for model_1
[2026-08-22 11:49:59.650 GPU_Scheduler_1] Admitted 1 requests for model_1
[2026-08-22 11:49:59.720 GPU_Scheduler_0] net_available: inf, queue_len: 62, model_backend_queue_lens: {'model_5': 158, 'model_6': 0}
[2026-08-22 11:50:00.058 GPU_Scheduler_1] Admitted 1 requests for model_2
[2026-08-22 11:50:00.117 GPU_Scheduler_1] Admitted 1 requests for model_2
[2026-08-22 11:50:00.176 GPU_Scheduler_1] net_available: inf, queue_len: 391, model_backend_queue_lens: {'model_1': 0, 'model_2': 0, 'model_3': 0, 'model_4': 14}
[2026-08-22 11:50:00.223 GPU_Scheduler_1] Admitted 1 requests for model_1
[2026-08-22 11:50:00.513 GPU_Scheduler_1] Admitted 1 requests for model_1
[2026-08-22 11:50:00.560 GPU_Scheduler_1] Admitted 1 requests for model_1
[2026-08-22 11:50:00.730 GPU_Scheduler_0] net_available: inf, queue_len: 71, model_backend_queue_lens: {'model_5': 158, 'model_6': 0}
[2026-08-22 11:50:01.185 GPU_Scheduler_1] net_available: inf, queue_len: 398, model_backend_queue_lens: {'model_1': 0, 'model_2': 0, 'model_3': 0, 'model_4': 14}
[2026-08-22 11:50:01.207 GPU_Scheduler_1] Admitted 1 requests for model_1
[2026-08-22 11:50:01.354 GPU_Scheduler_1] Admitted 1 requests for model_2
[2026-08-22 11:50:01.455 GPU_Scheduler_1] Admitted 1 requests for model_2
[2026-08-22 11:50:01.738 GPU_Scheduler_0] net_available: inf, queue_len: 81, model_backend_queue_lens: {'model_5': 158, 'model_6': 0}
[2026-08-22 11:50:01.798 GPU_Scheduler_1] Model model_4 (instance 1) activation succeeded on GPU 1
[2026-08-22 11:50:01.807 GPU_Scheduler_1] Admitted 400 requests for model_4
[2026-08-22 11:50:01.807 GPU_Scheduler_1] Admitted 1 requests for model_1
[2026-08-22 11:50:02.188 GPU_Scheduler_1] net_available: inf, queue_len: 1, model_backend_queue_lens: {'model_1': 0, 'model_2': 0, 'model_3': 0, 'model_4': 375}
[2026-08-22 11:50:02.514 GPU_Scheduler_1] Admitted 1 requests for model_1
[2026-08-22 11:50:02.655 GPU_Scheduler_1] Admitted 1 requests for model_2
[2026-08-22 11:50:02.688 GPU_Scheduler_1] Admitted 1 requests for model_2
[2026-08-22 11:50:02.739 GPU_Scheduler_0] net_available: inf, queue_len: 86, model_backend_queue_lens: {'model_5': 152, 'model_6': 0}
[2026-08-22 11:50:02.824 GPU_Scheduler_0] [V5-LOOP] {"iters": 472, "t_mem": 0.007410161662846804, "t_redis": 0.19137120828963816, "t_admit": 0.03860025526955724, "t_send": 0.0008780229836702347, "t_iter": 0.23825964820571244, "admitted": 0, "iter_max": 0.0008863159455358982, "gpu_id": 0, "window_s": 5.001496076583862}
[2026-08-22 11:50:03.196 GPU_Scheduler_1] net_available: inf, queue_len: 8, model_backend_queue_lens: {'model_1': 0, 'model_2': 2, 'model_3': 0, 'model_4': 374}
[2026-08-22 11:50:03.196 GPU_Scheduler_1] Admitted 1 requests for model_1
[2026-08-22 11:50:03.446 GPU_Scheduler_1] [V5-LOOP] {"iters": 428, "t_mem": 0.006236009998247027, "t_redis": 0.38349429494701326, "t_admit": 0.14048545877449214, "t_send": 0.16302919830195606, "t_iter": 0.6932449620217085, "admitted": 420, "iter_max": 0.15778346499428153, "gpu_id": 1, "window_s": 5.009252309799194}
[2026-08-22 11:50:03.745 GPU_Scheduler_0] net_available: inf, queue_len: 98, model_backend_queue_lens: {'model_5': 148, 'model_6': 0}
[2026-08-22 11:50:03.774 GPU_Scheduler_1] Admitted 1 requests for model_1
[2026-08-22 11:50:03.927 GPU_Scheduler_1] Admitted 1 requests for model_1
[2026-08-22 11:50:04.199 GPU_Scheduler_1] net_available: inf, queue_len: 11, model_backend_queue_lens: {'model_1': 0, 'model_2': 0, 'model_3': 0, 'model_4': 361}
[2026-08-22 11:50:04.749 GPU_Scheduler_0] net_available: inf, queue_len: 106, model_backend_queue_lens: {'model_5': 148, 'model_6': 0}
[2026-08-22 11:50:04.980 GPU_Scheduler_1] Admitted 1 requests for model_2
[2026-08-22 11:50:04.991 GPU_Scheduler_1] Admitted 1 requests for model_2
[2026-08-22 11:50:05.078 GPU_Scheduler_1] Admitted 1 requests for model_1
[2026-08-22 11:50:05.111 GPU_Scheduler_1] Admitted 1 requests for model_2
[2026-08-22 11:50:05.177 GPU_Scheduler_1] Admitted 1 requests for model_1
[2026-08-22 11:50:05.199 GPU_Scheduler_1] net_available: inf, queue_len: 17, model_backend_queue_lens: {'model_1': 0, 'model_2': 0, 'model_3': 0, 'model_4': 356}
[2026-08-22 11:50:05.199 GPU_Scheduler_1] Admitted 1 requests for model_1
[2026-08-22 11:50:05.622 GPU_Scheduler_1] Admitted 1 requests for model_1
[2026-08-22 11:50:05.755 GPU_Scheduler_0] net_available: inf, queue_len: 125, model_backend_queue_lens: {'model_5': 140, 'model_6': 0}
[2026-08-22 11:50:06.112 GPU_Scheduler_1] Admitted 1 requests for model_2
[2026-08-22 11:50:06.199 GPU_Scheduler_1] net_available: inf, queue_len: 19, model_backend_queue_lens: {'model_1': 0, 'model_2': 1, 'model_3': 0, 'model_4': 354}
[2026-08-22 11:50:06.405 GPU_Scheduler_1] Admitted 1 requests for model_1
[2026-08-22 11:50:06.449 GPU_Scheduler_1] Admitted 1 requests for model_1
[2026-08-22 11:50:06.482 GPU_Scheduler_1] Admitted 1 requests for model_1
[2026-08-22 11:50:06.742 GPU_Scheduler_1] Admitted 1 requests for model_1
[2026-08-22 11:50:06.765 GPU_Scheduler_0] net_available: inf, queue_len: 139, model_backend_queue_lens: {'model_5': 140, 'model_6': 0}
[2026-08-22 11:50:06.927 GPU_Scheduler_1] Admitted 1 requests for model_1
[2026-08-22 11:50:07.209 GPU_Scheduler_1] net_available: inf, queue_len: 21, model_backend_queue_lens: {'model_1': 0, 'model_2': 0, 'model_3': 0, 'model_4': 351}
[2026-08-22 11:50:07.231 GPU_Scheduler_1] Admitted 1 requests for model_2
[2026-08-22 11:50:07.286 GPU_Scheduler_1] Admitted 2 requests for model_1
[2026-08-22 11:50:07.679 GPU_Scheduler_1] Admitted 1 requests for model_1
[2026-08-22 11:50:07.766 GPU_Scheduler_0] net_available: inf, queue_len: 148, model_backend_queue_lens: {'model_5': 136, 'model_6': 0}
[2026-08-22 11:50:07.832 GPU_Scheduler_0] [V5-LOOP] {"iters": 440, "t_mem": 0.010838116519153118, "t_redis": 0.4557402564678341, "t_admit": 0.09608603455126286, "t_send": 0.0014741318300366402, "t_iter": 0.5641385393682867, "admitted": 0, "iter_max": 0.002248584059998393, "gpu_id": 0, "window_s": 5.0080835819244385}
[2026-08-22 11:50:07.876 GPU_Scheduler_1] Admitted 1 requests for model_1
[2026-08-22 11:50:08.212 GPU_Scheduler_1] net_available: inf, queue_len: 26, model_backend_queue_lens: {'model_1': 0, 'model_2': 0, 'model_3': 0, 'model_4': 351}
[2026-08-22 11:50:08.213 GPU_Scheduler_1] Admitted 1 requests for model_1
[2026-08-22 11:50:08.453 GPU_Scheduler_1] [V5-LOOP] {"iters": 460, "t_mem": 0.006314270664006472, "t_redis": 0.3401079950854182, "t_admit": 0.012029818026348948, "t_send": 0.008415675023570657, "t_iter": 0.3668677587993443, "admitted": 21, "iter_max": 0.0014825300313532352, "gpu_id": 1, "window_s": 5.006811857223511}
[2026-08-22 11:50:08.628 GPU_Scheduler_1] Admitted 1 requests for model_1
[2026-08-22 11:50:08.771 GPU_Scheduler_0] net_available: inf, queue_len: 160, model_backend_queue_lens: {'model_5': 98, 'model_6': 0}
[2026-08-22 11:50:09.223 GPU_Scheduler_1] net_available: inf, queue_len: 30, model_backend_queue_lens: {'model_1': 0, 'model_2': 0, 'model_3': 0, 'model_4': 350}
[2026-08-22 11:50:09.223 GPU_Scheduler_1] Admitted 1 requests for model_2
[2026-08-22 11:50:09.398 GPU_Scheduler_1] Admitted 1 requests for model_1
[2026-08-22 11:50:09.573 GPU_Scheduler_1] Admitted 1 requests for model_2
[2026-08-22 11:50:09.771 GPU_Scheduler_0] net_available: inf, queue_len: 168, model_backend_queue_lens: {'model_5': 98, 'model_6': 0}
[2026-08-22 11:50:09.856 GPU_Scheduler_1] Admitted 2 requests for model_1
[2026-08-22 11:50:10.054 GPU_Scheduler_1] Admitted 1 requests for model_1
[2026-08-22 11:50:10.228 GPU_Scheduler_1] net_available: inf, queue_len: 33, model_backend_queue_lens: {'model_1': 0, 'model_2': 0, 'model_3': 0, 'model_4': 350}
[2026-08-22 11:50:10.260 GPU_Scheduler_1] Admitted 1 requests for model_2
[2026-08-22 11:50:10.434 GPU_Scheduler_1] Admitted 1 requests for model_1
[2026-08-22 11:50:10.489 GPU_Scheduler_1] Admitted 1 requests for model_1
[2026-08-22 11:50:10.554 GPU_Scheduler_1] Admitted 1 requests for model_1
[2026-08-22 11:50:10.587 GPU_Scheduler_1] Admitted 1 requests for model_1
[2026-08-22 11:50:10.716 GPU_Scheduler_1] Admitted 1 requests for model_1
[2026-08-22 11:50:10.774 GPU_Scheduler_0] net_available: inf, queue_len: 182, model_backend_queue_lens: {'model_5': 83, 'model_6': 0}
[2026-08-22 11:50:10.782 GPU_Scheduler_1] Admitted 1 requests for model_2
[2026-08-22 11:50:10.911 GPU_Scheduler_1] Admitted 1 requests for model_2
[2026-08-22 11:50:11.030 GPU_Scheduler_1] Admitted 1 requests for model_2
[2026-08-22 11:50:11.236 GPU_Scheduler_1] net_available: inf, queue_len: 36, model_backend_queue_lens: {'model_1': 0, 'model_2': 0, 'model_3': 0, 'model_4': 347}
[2026-08-22 11:50:11.323 GPU_Scheduler_1] Admitted 1 requests for model_2
[2026-08-22 11:50:11.507 GPU_Scheduler_1] Admitted 1 requests for model_1
[2026-08-22 11:50:11.561 GPU_Scheduler_1] Admitted 1 requests for model_1
[2026-08-22 11:50:11.779 GPU_Scheduler_0] net_available: inf, queue_len: 191, model_backend_queue_lens: {'model_5': 71, 'model_6': 0}
[2026-08-22 11:50:11.889 GPU_Scheduler_1] Admitted 1 requests for model_2
[2026-08-22 11:50:11.966 GPU_Scheduler_1] Admitted 1 requests for model_1
[2026-08-22 11:50:12.032 GPU_Scheduler_1] Admitted 1 requests for model_1
[2026-08-22 11:50:12.065 GPU_Scheduler_1] Admitted 1 requests for model_1
[2026-08-22 11:50:12.240 GPU_Scheduler_1] net_available: inf, queue_len: 42, model_backend_queue_lens: {'model_1': 2, 'model_2': 0, 'model_3': 0, 'model_4': 332}
[2026-08-22 11:50:12.481 GPU_Scheduler_0] Received deactivate request for model model_6
[2026-08-22 11:50:12.481 GPU_Scheduler_0] Received deactivate request for model_6, model_states: {'model_1': 'deactivated', 'model_2': 'deactivated', 'model_3': 'deactivated', 'model_4': 'deactivated', 'model_5': 'activated', 'model_6': 'deactivating'}
[2026-08-22 11:50:12.481 GPU_Scheduler_0] Release worker 0 from model model_6. Current model_to_worker: {'model_5': 2}
[2026-08-22 11:50:12.483 GPU_Scheduler_1] Received deactivate request for model model_3
[2026-08-22 11:50:12.483 GPU_Scheduler_1] Received deactivate request for model_3, model_states: {'model_1': 'activated', 'model_2': 'activated', 'model_3': 'deactivating', 'model_4': 'activated', 'model_5': 'deactivated', 'model_6': 'deactivated'}
[2026-08-22 11:50:12.483 GPU_Scheduler_1] Release worker 2 from model model_3. Current model_to_worker: {'model_1': 0, 'model_2': 3, 'model_4': 1}
[2026-08-22 11:50:12.781 GPU_Scheduler_0] net_available: inf, queue_len: 206, model_backend_queue_lens: {'model_5': 68, 'model_6': 0}
[2026-08-22 11:50:12.835 GPU_Scheduler_0] [V5-LOOP] {"iters": 463, "t_mem": 0.007600187323987484, "t_redis": 0.22294067707844079, "t_admit": 0.09863750566728413, "t_send": 0.0009237369522452354, "t_iter": 0.33010210702195764, "admitted": 0, "iter_max": 0.0020677431020885706, "gpu_id": 0, "window_s": 5.00274920463562}
[2026-08-22 11:50:13.241 GPU_Scheduler_1] net_available: inf, queue_len: 50, model_backend_queue_lens: {'model_1': 0, 'model_2': 0, 'model_3': 0, 'model_4': 317}
[2026-08-22 11:50:13.461 GPU_Scheduler_1] [V5-LOOP] {"iters": 459, "t_mem": 0.00721130589954555, "t_redis": 0.34096780861727893, "t_admit": 0.020090940175577998, "t_send": 0.008200817974284291, "t_iter": 0.3764708726666868, "admitted": 23, "iter_max": 0.00197763298638165, "gpu_id": 1, "window_s": 5.006938457489014}
[2026-08-22 11:50:13.788 GPU_Scheduler_0] net_available: inf, queue_len: 210, model_backend_queue_lens: {'model_5': 45, 'model_6': 0}
[2026-08-22 11:50:14.072 GPU_Scheduler_1] Admitted 1 requests for model_1
[2026-08-22 11:50:14.072 GPU_Scheduler_1] Admitted 1 requests for model_2
[2026-08-22 11:50:14.084 GPU_Scheduler_1] Admitted 1 requests for model_1
[2026-08-22 11:50:14.225 GPU_Scheduler_0] Model model_6 (instance 0) deactivation succeeded on GPU 0
[2026-08-22 11:50:14.248 GPU_Scheduler_1] net_available: inf, queue_len: 56, model_backend_queue_lens: {'model_1': 0, 'model_2': 0, 'model_3': 0, 'model_4': 317}
[2026-08-22 11:50:14.357 GPU_Scheduler_1] Admitted 1 requests for model_1
[2026-08-22 11:50:14.597 GPU_Scheduler_1] Admitted 1 requests for model_1
[2026-08-22 11:50:14.642 GPU_Scheduler_1] Admitted 1 requests for model_2
[2026-08-22 11:50:14.665 GPU_Scheduler_1] Model model_3 (instance 1) deactivation succeeded on GPU 1
[2026-08-22 11:50:14.798 GPU_Scheduler_0] net_available: inf, queue_len: 226, model_backend_queue_lens: {'model_5': 33}
[2026-08-22 11:50:14.890 GPU_Scheduler_1] Admitted 1 requests for model_1
[2026-08-22 11:50:14.936 GPU_Scheduler_0] Admitted 228 requests for model_5
[2026-08-22 11:50:15.008 GPU_Scheduler_1] Admitted 1 requests for model_2
[2026-08-22 11:50:15.041 GPU_Scheduler_1] Admitted 1 requests for model_1
[2026-08-22 11:50:15.256 GPU_Scheduler_1] net_available: inf, queue_len: 63, model_backend_queue_lens: {'model_1': 1, 'model_2': 1, 'model_4': 292}
[2026-08-22 11:50:15.331 GPU_Scheduler_1] Admitted 1 requests for model_1
[2026-08-22 11:50:15.342 GPU_Scheduler_1] Admitted 1 requests for model_2
[2026-08-22 11:50:15.396 GPU_Scheduler_1] Admitted 1 requests for model_1
[2026-08-22 11:50:15.504 GPU_Scheduler_1] Admitted 1 requests for model_1
[2026-08-22 11:50:15.658 GPU_Scheduler_1] Admitted 1 requests for model_1
[2026-08-22 11:50:15.803 GPU_Scheduler_0] net_available: inf, queue_len: 11, model_backend_queue_lens: {'model_5': 237}
[2026-08-22 11:50:15.921 GPU_Scheduler_1] Admitted 1 requests for model_1
[2026-08-22 11:50:16.106 GPU_Scheduler_1] Admitted 1 requests for model_2
[2026-08-22 11:50:16.128 GPU_Scheduler_1] Admitted 1 requests for model_1
[2026-08-22 11:50:16.247 GPU_Scheduler_1] Admitted 1 requests for model_1
[2026-08-22 11:50:16.258 GPU_Scheduler_1] net_available: inf, queue_len: 66, model_backend_queue_lens: {'model_1': 1, 'model_2': 0, 'model_4': 269}
[2026-08-22 11:50:16.279 GPU_Scheduler_1] Admitted 1 requests for model_2
[2026-08-22 11:50:16.344 GPU_Scheduler_1] Admitted 1 requests for model_1
[2026-08-22 11:50:16.666 GPU_Scheduler_1] Admitted 1 requests for model_1
[2026-08-22 11:50:16.678 GPU_Scheduler_1] Admitted 1 requests for model_1
[2026-08-22 11:50:16.804 GPU_Scheduler_0] net_available: inf, queue_len: 22, model_backend_queue_lens: {'model_5': 213}
[2026-08-22 11:50:17.141 GPU_Scheduler_1] Admitted 1 requests for model_1
[2026-08-22 11:50:17.259 GPU_Scheduler_1] net_available: inf, queue_len: 72, model_backend_queue_lens: {'model_1': 0, 'model_2': 0, 'model_4': 269}
[2026-08-22 11:50:17.582 GPU_Scheduler_1] Admitted 1 requests for model_1
[2026-08-22 11:50:17.808 GPU_Scheduler_0] net_available: inf, queue_len: 30, model_backend_queue_lens: {'model_5': 213}
[2026-08-22 11:50:17.839 GPU_Scheduler_0] [V5-LOOP] {"iters": 474, "t_mem": 0.0063696191646158695, "t_redis": 0.11924652429297566, "t_admit": 0.054881904972717166, "t_send": 0.04047915665432811, "t_iter": 0.2209772050846368, "admitted": 228, "iter_max": 0.040658590849488974, "gpu_id": 0, "window_s": 5.0035178661346436}
[2026-08-22 11:50:17.965 GPU_Scheduler_1] Admitted 1 requests for model_1
[2026-08-22 11:50:18.266 GPU_Scheduler_1] net_available: inf, queue_len: 78, model_backend_queue_lens: {'model_1': 1, 'model_2': 0, 'model_4': 243}
[2026-08-22 11:50:18.467 GPU_Scheduler_1] [V5-LOOP] {"iters": 459, "t_mem": 0.006506896112114191, "t_redis": 0.32416223851032555, "t_admit": 0.03552351612597704, "t_send": 0.009746825555339456, "t_iter": 0.37593947630375624, "admitted": 25, "iter_max": 0.0024083349853754044, "gpu_id": 1, "window_s": 5.006091356277466}
[2026-08-22 11:50:18.811 GPU_Scheduler_0] net_available: inf, queue_len: 42, model_backend_queue_lens: {'model_5': 208}
[2026-08-22 11:50:19.156 GPU_Scheduler_1] Admitted 1 requests for model_1
[2026-08-22 11:50:19.265 GPU_Scheduler_1] Admitted 1 requests for model_2
[2026-08-22 11:50:19.276 GPU_Scheduler_1] net_available: inf, queue_len: 82, model_backend_queue_lens: {'model_1': 0, 'model_2': 1, 'model_4': 220}
[2026-08-22 11:50:19.276 GPU_Scheduler_1] Admitted 1 requests for model_1
[2026-08-22 11:50:19.492 GPU_Scheduler_1] Admitted 1 requests for model_1
[2026-08-22 11:50:19.719 GPU_Scheduler_1] Admitted 1 requests for model_1
[2026-08-22 11:50:19.805 GPU_Scheduler_1] Admitted 1 requests for model_2
[2026-08-22 11:50:19.815 GPU_Scheduler_0] net_available: inf, queue_len: 53, model_backend_queue_lens: {'model_5': 203}
[2026-08-22 11:50:19.837 GPU_Scheduler_1] Admitted 1 requests for model_2
[2026-08-22 11:50:19.967 GPU_Scheduler_1] Admitted 1 requests for model_1
[2026-08-22 11:50:20.281 GPU_Scheduler_1] net_available: inf, queue_len: 83, model_backend_queue_lens: {'model_1': 0, 'model_2': 0, 'model_4': 220}
[2026-08-22 11:50:20.303 GPU_Scheduler_1] Admitted 1 requests for model_1
[2026-08-22 11:50:20.390 GPU_Scheduler_1] Admitted 1 requests for model_2
[2026-08-22 11:50:20.729 GPU_Scheduler_1] Admitted 1 requests for model_1
[2026-08-22 11:50:20.820 GPU_Scheduler_0] net_available: inf, queue_len: 63, model_backend_queue_lens: {'model_5': 191}
[2026-08-22 11:50:20.977 GPU_Scheduler_1] Admitted 1 requests for model_2
[2026-08-22 11:50:21.161 GPU_Scheduler_1] Admitted 1 requests for model_1
[2026-08-22 11:50:21.282 GPU_Scheduler_1] net_available: inf, queue_len: 89, model_backend_queue_lens: {'model_1': 1, 'model_2': 1, 'model_4': 197}
[2026-08-22 11:50:21.802 GPU_Scheduler_1] Admitted 1 requests for model_2
[2026-08-22 11:50:21.813 GPU_Scheduler_1] Admitted 1 requests for model_1
[2026-08-22 11:50:21.825 GPU_Scheduler_0] net_available: inf, queue_len: 74, model_backend_queue_lens: {'model_5': 165}
[2026-08-22 11:50:21.979 GPU_Scheduler_1] Admitted 1 requests for model_1
[2026-08-22 11:50:22.079 GPU_Scheduler_1] Admitted 1 requests for model_1
[2026-08-22 11:50:22.286 GPU_Scheduler_1] net_available: inf, queue_len: 95, model_backend_queue_lens: {'model_1': 0, 'model_2': 0, 'model_4': 173}
[2026-08-22 11:50:22.455 GPU_Scheduler_1] Admitted 1 requests for model_1
[2026-08-22 11:50:22.830 GPU_Scheduler_0] net_available: inf, queue_len: 87, model_backend_queue_lens: {'model_5': 149}
[2026-08-22 11:50:22.831 GPU_Scheduler_1] Admitted 1 requests for model_1
[2026-08-22 11:50:22.841 GPU_Scheduler_0] [V5-LOOP] {"iters": 479, "t_mem": 0.007434803294017911, "t_redis": 0.1242934234905988, "t_admit": 0.03516582166776061, "t_send": 0.000896817771717906, "t_iter": 0.16779086622409523, "admitted": 0, "iter_max": 0.0009442060254514217, "gpu_id": 0, "window_s": 5.001623630523682}
[2026-08-22 11:50:22.926 GPU_Scheduler_1] Admitted 1 requests for model_2
[2026-08-22 11:50:23.203 GPU_Scheduler_1] Admitted 1 requests for model_1
[2026-08-22 11:50:23.291 GPU_Scheduler_1] net_available: inf, queue_len: 99, model_backend_queue_lens: {'model_1': 0, 'model_2': 0, 'model_4': 173}
[2026-08-22 11:50:23.469 GPU_Scheduler_1] Admitted 1 requests for model_1
[2026-08-22 11:50:23.470 GPU_Scheduler_1] [V5-LOOP] {"iters": 452, "t_mem": 0.00803339877165854, "t_redis": 0.3707358760293573, "t_admit": 0.0532685904763639, "t_send": 0.010996256489306688, "t_iter": 0.44303412176668644, "admitted": 22, "iter_max": 0.0026743868365883827, "gpu_id": 1, "window_s": 5.002484321594238}
[2026-08-22 11:50:23.616 GPU_Scheduler_1] Admitted 1 requests for model_1
[2026-08-22 11:50:23.616 GPU_Scheduler_1] Admitted 1 requests for model_2
[2026-08-22 11:50:23.832 GPU_Scheduler_0] net_available: inf, queue_len: 100, model_backend_queue_lens: {'model_5': 131}
[2026-08-22 11:50:24.296 GPU_Scheduler_1] net_available: inf, queue_len: 102, model_backend_queue_lens: {'model_1': 0, 'model_2': 0, 'model_4': 147}
[2026-08-22 11:50:24.390 GPU_Scheduler_1] Admitted 1 requests for model_1
[2026-08-22 11:50:24.413 GPU_Scheduler_1] Admitted 1 requests for model_2
[2026-08-22 11:50:24.435 GPU_Scheduler_1] Admitted 1 requests for model_1
[2026-08-22 11:50:24.625 GPU_Scheduler_1] Admitted 1 requests for model_2
[2026-08-22 11:50:24.659 GPU_Scheduler_1] Admitted 1 requests for model_2
[2026-08-22 11:50:24.839 GPU_Scheduler_0] net_available: inf, queue_len: 106, model_backend_queue_lens: {'model_5': 128}
[2026-08-22 11:50:25.069 GPU_Scheduler_1] Admitted 1 requests for model_1
[2026-08-22 11:50:25.304 GPU_Scheduler_1] net_available: inf, queue_len: 106, model_backend_queue_lens: {'model_1': 0, 'model_2': 0, 'model_4': 124}
[2026-08-22 11:50:25.673 GPU_Scheduler_1] Admitted 1 requests for model_2
[2026-08-22 11:50:25.806 GPU_Scheduler_1] Admitted 1 requests for model_1
[2026-08-22 11:50:25.842 GPU_Scheduler_0] net_available: inf, queue_len: 116, model_backend_queue_lens: {'model_5': 111}
[2026-08-22 11:50:26.311 GPU_Scheduler_1] net_available: inf, queue_len: 109, model_backend_queue_lens: {'model_1': 0, 'model_2': 0, 'model_4': 124}
[2026-08-22 11:50:26.632 GPU_Scheduler_1] Admitted 1 requests for model_1
[2026-08-22 11:50:26.665 GPU_Scheduler_1] Admitted 1 requests for model_1
[2026-08-22 11:50:26.844 GPU_Scheduler_0] net_available: inf, queue_len: 127, model_backend_queue_lens: {'model_5': 104}
[2026-08-22 11:50:26.849 GPU_Scheduler_1] Admitted 1 requests for model_2
[2026-08-22 11:50:27.161 GPU_Scheduler_1] Admitted 1 requests for model_1
[2026-08-22 11:50:27.317 GPU_Scheduler_1] net_available: inf, queue_len: 113, model_backend_queue_lens: {'model_1': 0, 'model_2': 0, 'model_4': 71}
[2026-08-22 11:50:27.748 GPU_Scheduler_1] Admitted 1 requests for model_1
[2026-08-22 11:50:27.846 GPU_Scheduler_0] net_available: inf, queue_len: 140, model_backend_queue_lens: {'model_5': 98}
[2026-08-22 11:50:27.847 GPU_Scheduler_0] [V5-LOOP] {"iters": 474, "t_mem": 0.008399325655773282, "t_redis": 0.13702124985866249, "t_admit": 0.06759895756840706, "t_send": 0.0010166177526116371, "t_iter": 0.21403615083545446, "admitted": 0, "iter_max": 0.0010221858974546194, "gpu_id": 0, "window_s": 5.00544810295105}
[2026-08-22 11:50:28.122 GPU_Scheduler_1] Admitted 1 requests for model_1
[2026-08-22 11:50:28.233 GPU_Scheduler_1] Admitted 1 requests for model_1
[2026-08-22 11:50:28.311 GPU_Scheduler_1] Admitted 1 requests for model_1
[2026-08-22 11:50:28.322 GPU_Scheduler_1] net_available: inf, queue_len: 115, model_backend_queue_lens: {'model_1': 0, 'model_2': 0, 'model_4': 71}
[2026-08-22 11:50:28.477 GPU_Scheduler_1] [V5-LOOP] {"iters": 443, "t_mem": 0.008184898644685745, "t_redis": 0.44629567116498947, "t_admit": 0.06900684395805001, "t_send": 0.010338418651372194, "t_iter": 0.5338258324190974, "admitted": 18, "iter_max": 0.00279859802685678, "gpu_id": 1, "window_s": 5.006936550140381}
[2026-08-22 11:50:28.664 GPU_Scheduler_1] Admitted 1 requests for model_1
[2026-08-22 11:50:28.849 GPU_Scheduler_0] net_available: inf, queue_len: 152, model_backend_queue_lens: {'model_5': 58}
[2026-08-22 11:50:29.329 GPU_Scheduler_1] net_available: inf, queue_len: 120, model_backend_queue_lens: {'model_1': 0, 'model_2': 0, 'model_4': 58}
[2026-08-22 11:50:29.661 GPU_Scheduler_1] Admitted 1 requests for model_1
[2026-08-22 11:50:29.852 GPU_Scheduler_0] net_available: inf, queue_len: 155, model_backend_queue_lens: {'model_5': 46}
[2026-08-22 11:50:29.894 GPU_Scheduler_1] Admitted 1 requests for model_1
[2026-08-22 11:50:30.338 GPU_Scheduler_1] net_available: inf, queue_len: 122, model_backend_queue_lens: {'model_1': 0, 'model_2': 0, 'model_4': 36}
[2026-08-22 11:50:30.856 GPU_Scheduler_0] net_available: inf, queue_len: 168, model_backend_queue_lens: {'model_5': 35}
[2026-08-22 11:50:30.919 GPU_Scheduler_1] Admitted 1 requests for model_2
[2026-08-22 11:50:31.126 GPU_Scheduler_1] Admitted 1 requests for model_2
[2026-08-22 11:50:31.336 GPU_Scheduler_1] Admitted 1 requests for model_1
[2026-08-22 11:50:31.348 GPU_Scheduler_1] net_available: inf, queue_len: 125, model_backend_queue_lens: {'model_1': 1, 'model_2': 0, 'model_4': 36}
[2026-08-22 11:50:31.864 GPU_Scheduler_0] net_available: inf, queue_len: 173, model_backend_queue_lens: {'model_5': 23}
[2026-08-22 11:50:32.351 GPU_Scheduler_1] net_available: inf, queue_len: 130, model_backend_queue_lens: {'model_1': 0, 'model_2': 0, 'model_4': 20}
[2026-08-22 11:50:32.845 GPU_Scheduler_0] Admitted 181 requests for model_5
[2026-08-22 11:50:32.884 GPU_Scheduler_0] [V5-LOOP] {"iters": 468, "t_mem": 0.008682155050337315, "t_redis": 0.15569889964535832, "t_admit": 0.10493834083899856, "t_send": 0.04079543240368366, "t_iter": 0.31011482793837786, "admitted": 181, "iter_max": 0.04061665083281696, "gpu_id": 0, "window_s": 5.0376458168029785}
[2026-08-22 11:50:32.895 GPU_Scheduler_0] net_available: inf, queue_len: 0
[2026-08-22 11:50:32.977 GPU_Scheduler_1] Admitted 1 requests for model_2
[2026-08-22 11:50:33.068 GPU_Scheduler_1] Admitted 136 requests for model_4
[2026-08-22 11:50:33.358 GPU_Scheduler_1] net_available: inf, queue_len: 1, model_backend_queue_lens: {'model_1': 0, 'model_2': 0, 'model_4': 136}
[2026-08-22 11:50:33.455 GPU_Scheduler_1] Admitted 1 requests for model_1
[2026-08-22 11:50:33.488 GPU_Scheduler_1] [V5-LOOP] {"iters": 442, "t_mem": 0.008334566373378038, "t_redis": 0.40757773141376674, "t_admit": 0.0723196929320693, "t_send": 0.061525938333943486, "t_iter": 0.5497579290531576, "admitted": 144, "iter_max": 0.05759271001443267, "gpu_id": 1, "window_s": 5.0103607177734375}
[2026-08-22 11:50:33.498 GPU_Scheduler_1] Admitted 1 requests for model_1
[2026-08-22 11:50:33.498 GPU_Scheduler_1] Admitted 1 requests for model_2
[2026-08-22 11:50:33.670 GPU_Scheduler_1] Admitted 1 requests for model_2
[2026-08-22 11:50:33.681 GPU_Scheduler_1] Admitted 1 requests for model_2
[2026-08-22 11:50:33.884 GPU_Scheduler_1] Admitted 1 requests for model_1
[2026-08-22 11:50:33.896 GPU_Scheduler_0] net_available: inf, queue_len: 6, model_backend_queue_lens: {'model_5': 184}
[2026-08-22 11:50:34.365 GPU_Scheduler_1] net_available: inf, queue_len: 2, model_backend_queue_lens: {'model_1': 0, 'model_2': 0, 'model_4': 136}
[2026-08-22 11:50:34.440 GPU_Scheduler_1] Admitted 1 requests for model_1
[2026-08-22 11:50:34.537 GPU_Scheduler_1] Admitted 1 requests for model_2
[2026-08-22 11:50:34.906 GPU_Scheduler_0] net_available: inf, queue_len: 8, model_backend_queue_lens: {'model_5': 172}
[2026-08-22 11:50:35.073 GPU_Scheduler_1] Admitted 1 requests for model_1
[2026-08-22 11:50:35.373 GPU_Scheduler_1] net_available: inf, queue_len: 7, model_backend_queue_lens: {'model_1': 0, 'model_2': 0, 'model_4': 86}
[2026-08-22 11:50:35.437 GPU_Scheduler_1] Admitted 1 requests for model_2
[2026-08-22 11:50:35.822 GPU_Scheduler_1] Admitted 1 requests for model_2
[2026-08-22 11:50:35.866 GPU_Scheduler_1] Admitted 1 requests for model_2
[2026-08-22 11:50:35.908 GPU_Scheduler_0] net_available: inf, queue_len: 13, model_backend_queue_lens: {'model_5': 163}
[2026-08-22 11:50:35.941 GPU_Scheduler_1] Admitted 1 requests for model_2
[2026-08-22 11:50:36.230 GPU_Scheduler_1] Admitted 1 requests for model_1
[2026-08-22 11:50:36.306 GPU_Scheduler_1] Admitted 1 requests for model_1
[2026-08-22 11:50:36.380 GPU_Scheduler_1] net_available: inf, queue_len: 10, model_backend_queue_lens: {'model_1': 0, 'model_2': 0, 'model_4': 74}
[2026-08-22 11:50:36.775 GPU_Scheduler_1] Admitted 1 requests for model_2
[2026-08-22 11:50:36.918 GPU_Scheduler_0] net_available: inf, queue_len: 14, model_backend_queue_lens: {'model_5': 156}
[2026-08-22 11:50:37.384 GPU_Scheduler_1] net_available: inf, queue_len: 12, model_backend_queue_lens: {'model_1': 0, 'model_2': 0, 'model_4': 51}
[2026-08-22 11:50:37.448 GPU_Scheduler_1] Admitted 1 requests for model_2
[2026-08-22 11:50:37.885 GPU_Scheduler_1] Admitted 1 requests for model_2
[2026-08-22 11:50:37.887 GPU_Scheduler_0] [V5-LOOP] {"iters": 480, "t_mem": 0.008669848553836346, "t_redis": 0.1252296178136021, "t_admit": 0.012054191902279854, "t_send": 0.0010097811464220285, "t_iter": 0.14696343941614032, "admitted": 0, "iter_max": 0.0005903840065002441, "gpu_id": 0, "window_s": 5.00248908996582}
[2026-08-22 11:50:37.919 GPU_Scheduler_0] net_available: inf, queue_len: 15, model_backend_queue_lens: {'model_5': 143}
[2026-08-22 11:50:38.010 GPU_Scheduler_1] Admitted 1 requests for model_1
[2026-08-22 11:50:38.311 GPU_Scheduler_1] Admitted 1 requests for model_2
[2026-08-22 11:50:38.390 GPU_Scheduler_1] net_available: inf, queue_len: 19, model_backend_queue_lens: {'model_1': 0, 'model_2': 0, 'model_4': 26}
[2026-08-22 11:50:38.492 GPU_Scheduler_1] [V5-LOOP] {"iters": 464, "t_mem": 0.006583964452147484, "t_redis": 0.2994012711569667, "t_admit": 0.01006350084207952, "t_send": 0.008784869918599725, "t_iter": 0.3248336063697934, "admitted": 19, "iter_max": 0.002577077131718397, "gpu_id": 1, "window_s": 5.004071950912476}
[2026-08-22 11:50:38.709 GPU_Scheduler_1] Received activate request for model model_6
[2026-08-22 11:50:38.709 GPU_Scheduler_1] Received activate request for model_6, model_states: {'model_1': 'activated', 'model_2': 'activated', 'model_3': 'deactivated', 'model_4': 'activated', 'model_5': 'deactivated', 'model_6': 'activating'}
[2026-08-22 11:50:38.709 GPU_Scheduler_1] Assign worker 2 to model_6. Current model_to_worker: {'model_1': 0, 'model_2': 3, 'model_4': 1, 'model_6': 2}
[2026-08-22 11:50:38.718 GPU_Scheduler_1] Admitted 28 requests for model_6
[2026-08-22 11:50:38.925 GPU_Scheduler_0] net_available: inf, queue_len: 15, model_backend_queue_lens: {'model_5': 133}
[2026-08-22 11:50:39.000 GPU_Scheduler_1] Admitted 1 requests for model_1
[2026-08-22 11:50:39.206 GPU_Scheduler_1] Admitted 22 requests for model_4
[2026-08-22 11:50:39.246 GPU_Scheduler_1] Admitted 1 requests for model_2
[2026-08-22 11:50:39.399 GPU_Scheduler_1] net_available: inf, queue_len: 8, model_backend_queue_lens: {'model_1': 0, 'model_2': 0, 'model_4': 23, 'model_6': 28}
[2026-08-22 11:50:39.412 GPU_Scheduler_1] Admitted 1 requests for model_2
[2026-08-22 11:50:39.614 GPU_Scheduler_1] Admitted 2 requests for model_2
[2026-08-22 11:50:39.932 GPU_Scheduler_0] net_available: inf, queue_len: 16, model_backend_queue_lens: {'model_5': 115}
[2026-08-22 11:50:40.409 GPU_Scheduler_1] net_available: inf, queue_len: 13, model_backend_queue_lens: {'model_1': 0, 'model_2': 0, 'model_4': 23, 'model_6': 28}
[2026-08-22 11:50:40.486 GPU_Scheduler_1] Model model_6 (instance 1) activation succeeded on GPU 1
[2026-08-22 11:50:40.496 GPU_Scheduler_1] Admitted 10 requests for model_6
[2026-08-22 11:50:40.596 GPU_Scheduler_1] Admitted 1 requests for model_2
[2026-08-22 11:50:40.933 GPU_Scheduler_0] net_available: inf, queue_len: 16, model_backend_queue_lens: {'model_5': 106}
[2026-08-22 11:50:40.998 GPU_Scheduler_1] Admitted 1 requests for model_1
[2026-08-22 11:50:41.074 GPU_Scheduler_1] Admitted 8 requests for model_4
[2026-08-22 11:50:41.378 GPU_Scheduler_1] Admitted 1 requests for model_2
[2026-08-22 11:50:41.411 GPU_Scheduler_1] net_available: inf, queue_len: 9, model_backend_queue_lens: {'model_1': 0, 'model_2': 0, 'model_4': 11, 'model_6': 12}
[2026-08-22 11:50:41.443 GPU_Scheduler_1] Admitted 4 requests for model_4
[2026-08-22 11:50:41.455 GPU_Scheduler_1] Admitted 6 requests for model_6
[2026-08-22 11:50:41.596 GPU_Scheduler_1] Admitted 1 requests for model_6
[2026-08-22 11:50:41.941 GPU_Scheduler_0] net_available: inf, queue_len: 16, model_backend_queue_lens: {'model_5': 104}
[2026-08-22 11:50:42.413 GPU_Scheduler_1] net_available: inf, queue_len: 1, model_backend_queue_lens: {'model_1': 0, 'model_2': 0, 'model_4': 11, 'model_6': 7}
[2026-08-22 11:50:42.670 GPU_Scheduler_1] Admitted 1 requests for model_4
[2026-08-22 11:50:42.891 GPU_Scheduler_0] [V5-LOOP] {"iters": 478, "t_mem": 0.008507899474352598, "t_redis": 0.14790208684280515, "t_admit": 0.01601116848178208, "t_send": 0.0010154407937079668, "t_iter": 0.1734365955926478, "admitted": 0, "iter_max": 0.0011161270085722208, "gpu_id": 0, "window_s": 5.0034074783325195}
[2026-08-22 11:50:42.943 GPU_Scheduler_0] net_available: inf, queue_len: 16, model_backend_queue_lens: {'model_5': 94}
[2026-08-22 11:50:43.419 GPU_Scheduler_1] net_available: inf, queue_len: 0
[2026-08-22 11:50:43.497 GPU_Scheduler_1] [V5-LOOP] {"iters": 444, "t_mem": 0.007315190276131034, "t_redis": 0.4756339692976326, "t_admit": 0.010957263642922044, "t_send": 0.03230069577693939, "t_iter": 0.526207118993625, "admitted": 88, "iter_max": 0.016690827906131744, "gpu_id": 1, "window_s": 5.005161285400391}
[2026-08-22 11:50:43.948 GPU_Scheduler_0] net_available: inf, queue_len: 16, model_backend_queue_lens: {'model_5': 93}
[2026-08-22 11:50:44.427 GPU_Scheduler_1] net_available: inf, queue_len: 0
[2026-08-22 11:50:44.951 GPU_Scheduler_0] net_available: inf, queue_len: 16, model_backend_queue_lens: {'model_5': 91}
[2026-08-22 11:50:45.430 GPU_Scheduler_1] net_available: inf, queue_len: 0
[2026-08-22 11:50:45.953 GPU_Scheduler_0] net_available: inf, queue_len: 16, model_backend_queue_lens: {'model_5': 87}
[2026-08-22 11:50:46.434 GPU_Scheduler_1] net_available: inf, queue_len: 0
[2026-08-22 11:50:46.956 GPU_Scheduler_0] net_available: inf, queue_len: 16, model_backend_queue_lens: {'model_5': 81}
[2026-08-22 11:50:47.436 GPU_Scheduler_1] net_available: inf, queue_len: 0
[2026-08-22 11:50:47.896 GPU_Scheduler_0] [V5-LOOP] {"iters": 484, "t_mem": 0.006130172871053219, "t_redis": 0.10424465569667518, "t_admit": 0.011397104943171144, "t_send": 0.0006969820242375135, "t_iter": 0.12246891553513706, "admitted": 0, "iter_max": 0.0009831571951508522, "gpu_id": 0, "window_s": 5.004931926727295}
[2026-08-22 11:50:47.958 GPU_Scheduler_0] net_available: inf, queue_len: 16, model_backend_queue_lens: {'model_5': 80}
[2026-08-22 11:50:48.438 GPU_Scheduler_1] net_available: inf, queue_len: 0
[2026-08-22 11:50:48.503 GPU_Scheduler_1] [V5-LOOP] {"iters": 437, "t_mem": 0.008280018344521523, "t_redis": 0.581827177433297, "t_admit": 0.005069308448582888, "t_send": 0.0010108184069395065, "t_iter": 0.596187322633341, "admitted": 0, "iter_max": 0.004204096971079707, "gpu_id": 1, "window_s": 5.005446910858154}
[2026-08-22 11:50:48.960 GPU_Scheduler_0] net_available: inf, queue_len: 16, model_backend_queue_lens: {'model_5': 70}
[2026-08-22 11:50:49.447 GPU_Scheduler_1] net_available: inf, queue_len: 0
[2026-08-22 11:50:49.962 GPU_Scheduler_0] net_available: inf, queue_len: 16, model_backend_queue_lens: {'model_5': 70}
[2026-08-22 11:50:50.451 GPU_Scheduler_1] net_available: inf, queue_len: 0
[2026-08-22 11:50:50.965 GPU_Scheduler_0] net_available: inf, queue_len: 16, model_backend_queue_lens: {'model_5': 70}
[2026-08-22 11:50:51.461 GPU_Scheduler_1] net_available: inf, queue_len: 0
[2026-08-22 11:50:51.966 GPU_Scheduler_0] net_available: inf, queue_len: 16, model_backend_queue_lens: {'model_5': 64}
[2026-08-22 11:50:52.461 GPU_Scheduler_1] net_available: inf, queue_len: 0
[2026-08-22 11:50:52.898 GPU_Scheduler_0] [V5-LOOP] {"iters": 481, "t_mem": 0.007129786070436239, "t_redis": 0.1273855606559664, "t_admit": 0.013408649247139692, "t_send": 0.0008511580526828766, "t_iter": 0.1487751540262252, "admitted": 0, "iter_max": 0.000691763823851943, "gpu_id": 0, "window_s": 5.002002716064453}
[2026-08-22 11:50:52.971 GPU_Scheduler_0] net_available: inf, queue_len: 16, model_backend_queue_lens: {'model_5': 64}
[2026-08-22 11:50:53.469 GPU_Scheduler_1] net_available: inf, queue_len: 0
[2026-08-22 11:50:53.513 GPU_Scheduler_1] [V5-LOOP] {"iters": 441, "t_mem": 0.007921322248876095, "t_redis": 0.5454585656989366, "t_admit": 0.004974661860615015, "t_send": 0.0009163706563413143, "t_iter": 0.559270920464769, "admitted": 0, "iter_max": 0.002782898023724556, "gpu_id": 1, "window_s": 5.009701251983643}
[2026-08-22 11:50:53.975 GPU_Scheduler_0] net_available: inf, queue_len: 16, model_backend_queue_lens: {'model_5': 64}
[2026-08-22 11:50:54.471 GPU_Scheduler_1] net_available: inf, queue_len: 0
[2026-08-22 11:50:54.980 GPU_Scheduler_0] net_available: inf, queue_len: 16, model_backend_queue_lens: {'model_5': 55}
[2026-08-22 11:50:55.479 GPU_Scheduler_1] net_available: inf, queue_len: 0
[2026-08-22 11:50:55.980 GPU_Scheduler_0] net_available: inf, queue_len: 16, model_backend_queue_lens: {'model_5': 55}
[2026-08-22 11:50:56.485 GPU_Scheduler_1] net_available: inf, queue_len: 0
[2026-08-22 11:50:56.987 GPU_Scheduler_0] net_available: inf, queue_len: 16, model_backend_queue_lens: {'model_5': 51}
[2026-08-22 11:50:57.488 GPU_Scheduler_1] net_available: inf, queue_len: 0
[2026-08-22 11:50:57.900 GPU_Scheduler_0] [V5-LOOP] {"iters": 479, "t_mem": 0.007955642882734537, "t_redis": 0.14272619225084782, "t_admit": 0.015421160962432623, "t_send": 0.000982316443696618, "t_iter": 0.1670853125397116, "admitted": 0, "iter_max": 0.0010152461472898722, "gpu_id": 0, "window_s": 5.001117944717407}
[2026-08-22 11:50:57.993 GPU_Scheduler_0] net_available: inf, queue_len: 16, model_backend_queue_lens: {'model_5': 50}
[2026-08-22 11:50:58.489 GPU_Scheduler_1] net_available: inf, queue_len: 0
[2026-08-22 11:50:58.522 GPU_Scheduler_1] [V5-LOOP] {"iters": 446, "t_mem": 0.008136829594150186, "t_redis": 0.4910184284672141, "t_admit": 0.005429401528090239, "t_send": 0.0009047563653439283, "t_iter": 0.5054894159547985, "admitted": 0, "iter_max": 0.006771263899281621, "gpu_id": 1, "window_s": 5.008910417556763}
[2026-08-22 11:50:58.994 GPU_Scheduler_0] net_available: inf, queue_len: 16, model_backend_queue_lens: {'model_5': 47}
[2026-08-22 11:50:59.493 GPU_Scheduler_1] net_available: inf, queue_len: 0
[2026-08-22 11:51:00.000 GPU_Scheduler_0] net_available: inf, queue_len: 16, model_backend_queue_lens: {'model_5': 35}
[2026-08-22 11:51:00.498 GPU_Scheduler_1] net_available: inf, queue_len: 0
[2026-08-22 11:51:01.002 GPU_Scheduler_0] net_available: inf, queue_len: 16, model_backend_queue_lens: {'model_5': 18}
[2026-08-22 11:51:01.507 GPU_Scheduler_1] net_available: inf, queue_len: 0
[2026-08-22 11:51:02.005 GPU_Scheduler_0] net_available: inf, queue_len: 16, model_backend_queue_lens: {'model_5': 15}
[2026-08-22 11:51:02.247 GPU_Scheduler_0] Admitted 16 requests for model_5
[2026-08-22 11:51:02.515 GPU_Scheduler_1] net_available: inf, queue_len: 0
[2026-08-22 11:51:02.907 GPU_Scheduler_0] [V5-LOOP] {"iters": 482, "t_mem": 0.006468489300459623, "t_redis": 0.11986558907665312, "t_admit": 0.010903360322117805, "t_send": 0.0060665118508040905, "t_iter": 0.14330395055003464, "admitted": 16, "iter_max": 0.005908718099817634, "gpu_id": 0, "window_s": 5.006688117980957}
[2026-08-22 11:51:03.011 GPU_Scheduler_0] net_available: inf, queue_len: 0
[2026-08-22 11:51:03.518 GPU_Scheduler_1] net_available: inf, queue_len: 0
[2026-08-22 11:51:03.530 GPU_Scheduler_1] [V5-LOOP] {"iters": 450, "t_mem": 0.007022937294095755, "t_redis": 0.4549505366012454, "t_admit": 0.005067269783467054, "t_send": 0.0008588661439716816, "t_iter": 0.4678996098227799, "admitted": 0, "iter_max": 0.002642056904733181, "gpu_id": 1, "window_s": 5.007541179656982}
[2026-08-22 11:51:04.017 GPU_Scheduler_0] net_available: inf, queue_len: 0
[2026-08-22 11:51:04.529 GPU_Scheduler_1] net_available: inf, queue_len: 0
[2026-08-22 11:51:05.018 GPU_Scheduler_0] net_available: inf, queue_len: 0
[2026-08-22 11:51:05.529 GPU_Scheduler_1] net_available: inf, queue_len: 0
[2026-08-22 11:51:06.026 GPU_Scheduler_0] net_available: inf, queue_len: 0
[2026-08-22 11:51:06.537 GPU_Scheduler_1] net_available: inf, queue_len: 0
[2026-08-22 11:51:07.036 GPU_Scheduler_0] net_available: inf, queue_len: 0
[2026-08-22 11:51:07.538 GPU_Scheduler_1] net_available: inf, queue_len: 0
[2026-08-22 11:51:07.917 GPU_Scheduler_0] [V5-LOOP] {"iters": 481, "t_mem": 0.007932555163279176, "t_redis": 0.1416698950342834, "t_admit": 0.004856611602008343, "t_send": 0.0010611859615892172, "t_iter": 0.15552024776116014, "admitted": 0, "iter_max": 0.0007972749881446362, "gpu_id": 0, "window_s": 5.009578704833984}
[2026-08-22 11:51:08.041 GPU_Scheduler_0] net_available: inf, queue_len: 0
[2026-08-22 11:51:08.537 GPU_Scheduler_1] [V5-LOOP] {"iters": 448, "t_mem": 0.0077267917804419994, "t_redis": 0.47346466686576605, "t_admit": 0.005215897224843502, "t_send": 0.0008954741060733795, "t_iter": 0.48730282997712493, "admitted": 0, "iter_max": 0.002192264888435602, "gpu_id": 1, "window_s": 5.006921768188477}
[2026-08-22 11:51:08.548 GPU_Scheduler_1] net_available: inf, queue_len: 0
[2026-08-22 11:51:09.046 GPU_Scheduler_0] net_available: inf, queue_len: 0
[2026-08-22 11:51:09.556 GPU_Scheduler_1] net_available: inf, queue_len: 0
[2026-08-22 11:51:10.049 GPU_Scheduler_0] net_available: inf, queue_len: 0
[2026-08-22 11:51:10.560 GPU_Scheduler_1] net_available: inf, queue_len: 0
[2026-08-22 11:51:11.059 GPU_Scheduler_0] net_available: inf, queue_len: 0
[2026-08-22 11:51:11.572 GPU_Scheduler_1] net_available: inf, queue_len: 0
[2026-08-22 11:51:12.066 GPU_Scheduler_0] net_available: inf, queue_len: 0
[2026-08-22 11:51:12.581 GPU_Scheduler_1] net_available: inf, queue_len: 0
[2026-08-22 11:51:12.918 GPU_Scheduler_0] [V5-LOOP] {"iters": 482, "t_mem": 0.007124610943719745, "t_redis": 0.12228939263150096, "t_admit": 0.005056907190009952, "t_send": 0.000955687602981925, "t_iter": 0.13542659836821258, "admitted": 0, "iter_max": 0.0015094098635017872, "gpu_id": 0, "window_s": 5.00074577331543}
[2026-08-22 11:51:13.073 GPU_Scheduler_0] net_available: inf, queue_len: 0
[2026-08-22 11:51:13.541 GPU_Scheduler_1] [V5-LOOP] {"iters": 441, "t_mem": 0.008272380102425814, "t_redis": 0.5358172412961721, "t_admit": 0.0057509413454681635, "t_send": 0.0009740253444761038, "t_iter": 0.5508145880885422, "admitted": 0, "iter_max": 0.0038378050085157156, "gpu_id": 1, "window_s": 5.0037009716033936}
[2026-08-22 11:51:13.586 GPU_Scheduler_1] net_available: inf, queue_len: 0
[2026-08-22 11:51:14.080 GPU_Scheduler_0] net_available: inf, queue_len: 0
[2026-08-22 11:51:14.590 GPU_Scheduler_1] net_available: inf, queue_len: 0
[2026-08-22 11:51:15.085 GPU_Scheduler_0] net_available: inf, queue_len: 0
[2026-08-22 11:51:15.596 GPU_Scheduler_1] net_available: inf, queue_len: 0
[2026-08-22 11:51:16.090 GPU_Scheduler_0] net_available: inf, queue_len: 0
[2026-08-22 11:51:16.602 GPU_Scheduler_1] net_available: inf, queue_len: 0
[2026-08-22 11:51:17.091 GPU_Scheduler_0] net_available: inf, queue_len: 0
[2026-08-22 11:51:17.611 GPU_Scheduler_1] net_available: inf, queue_len: 0
[2026-08-22 11:51:17.919 GPU_Scheduler_0] [V5-LOOP] {"iters": 483, "t_mem": 0.007334972033277154, "t_redis": 0.11576837138272822, "t_admit": 0.004671287722885609, "t_send": 0.0009133033454418182, "t_iter": 0.1286879344843328, "admitted": 0, "iter_max": 0.0007279850542545319, "gpu_id": 0, "window_s": 5.000593662261963}
[2026-08-22 11:51:18.094 GPU_Scheduler_0] net_available: inf, queue_len: 0
[2026-08-22 11:51:18.544 GPU_Scheduler_1] [V5-LOOP] {"iters": 447, "t_mem": 0.007684656884521246, "t_redis": 0.47890482121147215, "t_admit": 0.005047223763540387, "t_send": 0.000871242256835103, "t_iter": 0.4925079441163689, "admitted": 0, "iter_max": 0.0017142309807240963, "gpu_id": 1, "window_s": 5.002424001693726}
[2026-08-22 11:51:18.611 GPU_Scheduler_1] net_available: inf, queue_len: 0
[2026-08-22 11:51:19.098 GPU_Scheduler_0] net_available: inf, queue_len: 0
[2026-08-22 11:51:19.619 GPU_Scheduler_1] net_available: inf, queue_len: 0
[2026-08-22 11:51:20.100 GPU_Scheduler_0] net_available: inf, queue_len: 0
[2026-08-22 11:51:20.630 GPU_Scheduler_1] net_available: inf, queue_len: 0
[2026-08-22 11:51:21.104 GPU_Scheduler_0] net_available: inf, queue_len: 0
[2026-08-22 11:51:21.641 GPU_Scheduler_1] net_available: inf, queue_len: 0
[2026-08-22 11:51:22.104 GPU_Scheduler_0] net_available: inf, queue_len: 0
[2026-08-22 11:51:22.643 GPU_Scheduler_1] net_available: inf, queue_len: 0
[2026-08-22 11:51:22.928 GPU_Scheduler_0] [V5-LOOP] {"iters": 485, "t_mem": 0.0073956954292953014, "t_redis": 0.10608326480723917, "t_admit": 0.004009627737104893, "t_send": 0.0008466579020023346, "t_iter": 0.1183352458756417, "admitted": 0, "iter_max": 0.0005940739065408707, "gpu_id": 0, "window_s": 5.009392261505127}
[2026-08-22 11:51:23.114 GPU_Scheduler_0] net_available: inf, queue_len: 0
[2026-08-22 11:51:23.546 GPU_Scheduler_1] [V5-LOOP] {"iters": 447, "t_mem": 0.007442480651661754, "t_redis": 0.4792781255673617, "t_admit": 0.0047724146861582994, "t_send": 0.0008664254564791918, "t_iter": 0.49235944636166096, "admitted": 0, "iter_max": 0.00241504586301744, "gpu_id": 1, "window_s": 5.001078128814697}
[2026-08-22 11:51:23.646 GPU_Scheduler_1] net_available: inf, queue_len: 0
[2026-08-22 11:51:24.122 GPU_Scheduler_0] net_available: inf, queue_len: 0
[2026-08-22 11:51:24.647 GPU_Scheduler_1] net_available: inf, queue_len: 0
[2026-08-22 11:51:25.132 GPU_Scheduler_0] net_available: inf, queue_len: 0
[2026-08-22 11:51:25.648 GPU_Scheduler_1] net_available: inf, queue_len: 0
[2026-08-22 11:51:26.133 GPU_Scheduler_0] net_available: inf, queue_len: 0
[2026-08-22 11:51:26.650 GPU_Scheduler_1] net_available: inf, queue_len: 0
[2026-08-22 11:51:27.134 GPU_Scheduler_0] net_available: inf, queue_len: 0
[2026-08-22 11:51:27.653 GPU_Scheduler_1] net_available: inf, queue_len: 0
[2026-08-22 11:51:27.929 GPU_Scheduler_0] [V5-LOOP] {"iters": 485, "t_mem": 0.0060896663926541805, "t_redis": 0.09966090880334377, "t_admit": 0.0035439813509583473, "t_send": 0.0007918938063085079, "t_iter": 0.11008645035326481, "admitted": 0, "iter_max": 0.0004914440214633942, "gpu_id": 0, "window_s": 5.0000691413879395}
[2026-08-22 11:51:28.135 GPU_Scheduler_0] net_available: inf, queue_len: 0
[2026-08-22 11:51:28.550 GPU_Scheduler_1] [V5-LOOP] {"iters": 450, "t_mem": 0.007141205249354243, "t_redis": 0.45276061352342367, "t_admit": 0.004782919539138675, "t_send": 0.0008624836336821318, "t_iter": 0.4655472219455987, "admitted": 0, "iter_max": 0.001823142170906067, "gpu_id": 1, "window_s": 5.004098892211914}
[2026-08-22 11:51:28.659 GPU_Scheduler_1] net_available: inf, queue_len: 0
[2026-08-22 11:51:29.144 GPU_Scheduler_0] net_available: inf, queue_len: 0
[2026-08-22 11:51:29.666 GPU_Scheduler_1] net_available: inf, queue_len: 0
[2026-08-22 11:51:30.145 GPU_Scheduler_0] net_available: inf, queue_len: 0
[2026-08-22 11:51:30.674 GPU_Scheduler_1] net_available: inf, queue_len: 0
[2026-08-22 11:51:31.154 GPU_Scheduler_0] net_available: inf, queue_len: 0
[2026-08-22 11:51:31.410 GPU_Scheduler_0] Received deactivate request for model model_5
[2026-08-22 11:51:31.410 GPU_Scheduler_0] Received deactivate request for model_5, model_states: {'model_1': 'deactivated', 'model_2': 'deactivated', 'model_3': 'deactivated', 'model_4': 'deactivated', 'model_5': 'deactivating', 'model_6': 'deactivated'}
[2026-08-22 11:51:31.410 GPU_Scheduler_0] Release worker 2 from model model_5. Current model_to_worker: {}
[2026-08-22 11:51:31.410 GPU_Scheduler_1] Received deactivate request for model model_1
[2026-08-22 11:51:31.410 GPU_Scheduler_1] Received deactivate request for model_1, model_states: {'model_1': 'deactivating', 'model_2': 'activated', 'model_3': 'deactivated', 'model_4': 'activated', 'model_5': 'deactivated', 'model_6': 'activated'}
[2026-08-22 11:51:31.410 GPU_Scheduler_1] Release worker 0 from model model_1. Current model_to_worker: {'model_2': 3, 'model_4': 1, 'model_6': 2}
[2026-08-22 11:51:31.411 GPU_Scheduler_1] Received deactivate request for model model_2
[2026-08-22 11:51:31.411 GPU_Scheduler_1] Received deactivate request for model_2, model_states: {'model_1': 'deactivating', 'model_2': 'deactivating', 'model_3': 'deactivated', 'model_4': 'activated', 'model_5': 'deactivated', 'model_6': 'activated'}
[2026-08-22 11:51:31.411 GPU_Scheduler_1] Release worker 3 from model model_2. Current model_to_worker: {'model_4': 1, 'model_6': 2}
[2026-08-22 11:51:31.682 GPU_Scheduler_1] net_available: inf, queue_len: 0
[2026-08-22 11:51:32.062 GPU_Scheduler_1] Model model_1 (instance 1) deactivation succeeded on GPU 1
[2026-08-22 11:51:32.157 GPU_Scheduler_0] net_available: inf, queue_len: 0
[2026-08-22 11:51:32.692 GPU_Scheduler_1] net_available: inf, queue_len: 0
[2026-08-22 11:51:32.865 GPU_Scheduler_0] Model model_5 (instance 0) deactivation succeeded on GPU 0
[2026-08-22 11:51:32.933 GPU_Scheduler_0] [V5-LOOP] {"iters": 485, "t_mem": 0.006271436112001538, "t_redis": 0.10258262068964541, "t_admit": 0.003851232584565878, "t_send": 0.0007982428651303053, "t_iter": 0.11350353225134313, "admitted": 0, "iter_max": 0.000579973915591836, "gpu_id": 0, "window_s": 5.003822326660156}
[2026-08-22 11:51:33.166 GPU_Scheduler_0] net_available: inf, queue_len: 0
[2026-08-22 11:51:33.191 GPU_Scheduler_1] Model model_2 (instance 1) deactivation succeeded on GPU 1
