[2026-08-22 15:48:34.015 Model_Service_0] [PAPER-LOAD-V4] worker 0/6 host page-lock: {'Qwen/Qwen2.5-1.5B-Instruct': {'locked': 199, 'already_locked': 0, 'failed': 0, 'seconds': 1.3093693230766803}}
[2026-08-22 15:48:34.015 Model_Service_0] [PAPER-LOAD-V4] peer access: {'0->1': True, '1->0': True} p2p=True
[2026-08-22 15:48:39.022 Model_Service_0] Model service 0 input queue is empty, waiting for next request
[2026-08-22 15:48:44.152 Model_Service_1] [PAPER-LOAD-V4] worker 1/6 host page-lock: {'Qwen/Qwen2.5-3B-Instruct': {'locked': 255, 'already_locked': 0, 'failed': 0, 'seconds': 1.9708034091163427}}
[2026-08-22 15:48:44.153 Model_Service_1] [PAPER-LOAD-V4] peer access: {'0->1': True, '1->0': True} p2p=True
[2026-08-22 15:48:44.402 Model_Service_0] Model service 0 input queue is empty, waiting for next request
[2026-08-22 15:48:49.162 Model_Service_1] Model service 1 input queue is empty, waiting for next request
[2026-08-22 15:48:49.642 Model_Service_0] Model service 0 input queue is empty, waiting for next request
[2026-08-22 15:48:54.441 Model_Service_1] Model service 1 input queue is empty, waiting for next request
[2026-08-22 15:48:54.885 Model_Service_0] Model service 0 input queue is empty, waiting for next request
[2026-08-22 15:48:56.556 Model_Service_2] [PAPER-LOAD-V4] worker 2/6 host page-lock: {'Qwen/Qwen2.5-7B-Instruct': {'locked': 199, 'already_locked': 0, 'failed': 0, 'seconds': 4.161415328970179}}
[2026-08-22 15:48:56.558 Model_Service_2] [PAPER-LOAD-V4] peer access: {'0->1': True, '1->0': True} p2p=True
[2026-08-22 15:48:59.722 Model_Service_1] Model service 1 input queue is empty, waiting for next request
[2026-08-22 15:49:00.130 Model_Service_0] Model service 0 input queue is empty, waiting for next request
[2026-08-22 15:49:01.566 Model_Service_2] Model service 2 input queue is empty, waiting for next request
[2026-08-22 15:49:04.973 Model_Service_1] Model service 1 input queue is empty, waiting for next request
[2026-08-22 15:49:05.377 Model_Service_0] Model service 0 input queue is empty, waiting for next request
[2026-08-22 15:49:06.903 Model_Service_2] Model service 2 input queue is empty, waiting for next request
[2026-08-22 15:49:09.286 Model_Service_3] [PAPER-LOAD-V4] worker 3/6 host page-lock: {'meta-llama/Llama-3.1-8B': {'locked': 195, 'already_locked': 0, 'failed': 0, 'seconds': 4.410082476912066}}
[2026-08-22 15:49:09.286 Model_Service_3] [PAPER-LOAD-V4] peer access: {'0->1': True, '1->0': True} p2p=True
[2026-08-22 15:49:10.210 Model_Service_1] Model service 1 input queue is empty, waiting for next request
[2026-08-22 15:49:10.623 Model_Service_0] Model service 0 input queue is empty, waiting for next request
[2026-08-22 15:49:12.184 Model_Service_2] Model service 2 input queue is empty, waiting for next request
[2026-08-22 15:49:14.295 Model_Service_3] Model service 3 input queue is empty, waiting for next request
[2026-08-22 15:49:15.448 Model_Service_1] Model service 1 input queue is empty, waiting for next request
[2026-08-22 15:49:15.884 Model_Service_0] Model service 0 input queue is empty, waiting for next request
[2026-08-22 15:49:17.418 Model_Service_2] Model service 2 input queue is empty, waiting for next request
[2026-08-22 15:49:18.811 Model_Service_4] [PAPER-LOAD-V4] worker 4/6 host page-lock: {'meta-llama/Llama-3.2-1B': {'locked': 98, 'already_locked': 1, 'failed': 0, 'seconds': 0.7777163360733539}}
[2026-08-22 15:49:18.812 Model_Service_4] [PAPER-LOAD-V4] peer access: {'0->1': True, '1->0': True} p2p=True
[2026-08-22 15:49:19.644 Model_Service_3] Model service 3 input queue is empty, waiting for next request
[2026-08-22 15:49:20.706 Model_Service_1] Model service 1 input queue is empty, waiting for next request
[2026-08-22 15:49:21.135 Model_Service_0] Model service 0 input queue is empty, waiting for next request
[2026-08-22 15:49:22.671 Model_Service_2] Model service 2 input queue is empty, waiting for next request
[2026-08-22 15:49:23.820 Model_Service_4] Model service 4 input queue is empty, waiting for next request
[2026-08-22 15:49:24.886 Model_Service_3] Model service 3 input queue is empty, waiting for next request
[2026-08-22 15:49:25.950 Model_Service_1] Model service 1 input queue is empty, waiting for next request
[2026-08-22 15:49:26.369 Model_Service_0] Model service 0 input queue is empty, waiting for next request
[2026-08-22 15:49:27.929 Model_Service_2] Model service 2 input queue is empty, waiting for next request
[2026-08-22 15:49:28.749 Model_Service_5] [PAPER-LOAD-V4] worker 5/6 host page-lock: {'meta-llama/Llama-3.2-3B': {'locked': 170, 'already_locked': 1, 'failed': 0, 'seconds': 1.7859409980010241}}
[2026-08-22 15:49:28.750 Model_Service_5] [PAPER-LOAD-V4] peer access: {'0->1': True, '1->0': True} p2p=True
[2026-08-22 15:49:29.145 Model_Service_4] Model service 4 input queue is empty, waiting for next request
[2026-08-22 15:49:30.122 Model_Service_3] Model service 3 input queue is empty, waiting for next request
[2026-08-22 15:49:31.189 Model_Service_1] Model service 1 input queue is empty, waiting for next request
[2026-08-22 15:49:31.618 Model_Service_0] Model service 0 input queue is empty, waiting for next request
[2026-08-22 15:49:33.169 Model_Service_2] Model service 2 input queue is empty, waiting for next request
[2026-08-22 15:49:33.757 Model_Service_5] Model service 5 input queue is empty, waiting for next request
[2026-08-22 15:49:34.461 Model_Service_4] Model service 4 input queue is empty, waiting for next request
[2026-08-22 15:49:35.663 Model_Service_3] Model service 3 input queue is empty, waiting for next request
[2026-08-22 15:49:36.436 Model_Service_1] Model service 1 input queue is empty, waiting for next request
[2026-08-22 15:49:36.902 Model_Service_0] Model service 0 input queue is empty, waiting for next request
[2026-08-22 15:49:38.426 Model_Service_2] Model service 2 input queue is empty, waiting for next request
[2026-08-22 15:49:39.068 Model_Service_5] Model service 5 input queue is empty, waiting for next request
[2026-08-22 15:49:39.703 Model_Service_4] Model service 4 input queue is empty, waiting for next request
[2026-08-22 15:49:40.911 Model_Service_3] Model service 3 input queue is empty, waiting for next request
[2026-08-22 15:49:41.692 Model_Service_1] Model service 1 input queue is empty, waiting for next request
[2026-08-22 15:49:42.154 Model_Service_0] Model service 0 input queue is empty, waiting for next request
[2026-08-22 15:49:43.750 Model_Service_2] Model service 2 input queue is empty, waiting for next request
[2026-08-22 15:49:44.413 Model_Service_5] Model service 5 input queue is empty, waiting for next request
[2026-08-22 15:49:45.245 Model_Service_4] Model service 4 input queue is empty, waiting for next request
[2026-08-22 15:49:46.158 Model_Service_3] Model service 3 input queue is empty, waiting for next request
[2026-08-22 15:49:46.946 Model_Service_1] Model service 1 input queue is empty, waiting for next request
[2026-08-22 15:49:47.441 Model_Service_0] Model service 0 input queue is empty, waiting for next request
[2026-08-22 15:49:49.009 Model_Service_2] Model service 2 input queue is empty, waiting for next request
[2026-08-22 15:49:49.675 Model_Service_5] Model service 5 input queue is empty, waiting for next request
[2026-08-22 15:49:50.493 Model_Service_4] Model service 4 input queue is empty, waiting for next request
[2026-08-22 15:49:51.449 Model_Service_3] Model service 3 input queue is empty, waiting for next request
[2026-08-22 15:49:52.226 Model_Service_1] Model service 1 input queue is empty, waiting for next request
[2026-08-22 15:49:52.824 Model_Service_0] Model service 0 input queue is empty, waiting for next request
[2026-08-22 15:49:54.260 Model_Service_2] Model service 2 input queue is empty, waiting for next request
[2026-08-22 15:49:54.942 Model_Service_5] Model service 5 input queue is empty, waiting for next request
[2026-08-22 15:49:55.757 Model_Service_4] Model service 4 input queue is empty, waiting for next request
[2026-08-22 15:49:56.682 Model_Service_3] Model service 3 input queue is empty, waiting for next request
[2026-08-22 15:49:57.470 Model_Service_1] Model service 1 input queue is empty, waiting for next request
[2026-08-22 15:49:58.057 Model_Service_0] Model service 0 input queue is empty, waiting for next request
[2026-08-22 15:49:59.494 Model_Service_2] Model service 2 input queue is empty, waiting for next request
[2026-08-22 15:50:00.174 Model_Service_5] Model service 5 input queue is empty, waiting for next request
[2026-08-22 15:50:01.022 Model_Service_4] Model service 4 input queue is empty, waiting for next request
[2026-08-22 15:50:01.934 Model_Service_3] Model service 3 input queue is empty, waiting for next request
[2026-08-22 15:50:02.782 Model_Service_1] Model service 1 input queue is empty, waiting for next request
[2026-08-22 15:50:03.292 Model_Service_0] Model service 0 input queue is empty, waiting for next request
[2026-08-22 15:50:04.728 Model_Service_2] Model service 2 input queue is empty, waiting for next request
[2026-08-22 15:50:05.421 Model_Service_5] Model service 5 input queue is empty, waiting for next request
[2026-08-22 15:50:06.278 Model_Service_4] Model service 4 input queue is empty, waiting for next request
[2026-08-22 15:50:06.923 Model_Service_4] Model key: meta-llama/Llama-3.2-1B, engine id: 0_0, target gpu id: 0
[2026-08-22 15:50:07.183 Model_Service_3] Model service 3 input queue is empty, waiting for next request
[2026-08-22 15:50:07.207 Model_Service_4] [PAPER-LOAD-V4] {"tag": "meta-llama/Llama-3.2-1B|engine=0_0|src=None", "start_time": 1787413806.9260879, "end_time": 1787413807.2075996, "policy": "paper", "split": 2, "pipeline_depth": null, "target_gpu": 0, "gpu_ids": [0, 1], "source": "cpu", "host_registered": true, "slices": 198, "payload_bytes": 2996965376, "bytes_h2d_direct": 1498482688, "bytes_h2d_helper": 1498482688, "bytes_p2p": 1498482688, "seconds": 0.2815106729976833, "payload_gbps": 10.646009773223284, "transfer_path": "host-to-device + helper-gpu-p2p"}
[2026-08-22 15:50:07.208 Model_Service_4] Time taken to copy model to GPU 0, service 4, engine 0_0, model meta-llama/Llama-3.2-1B: 0.2852 seconds
[2026-08-22 15:50:08.527 Model_Service_0] Model service 0 input queue is empty, waiting for next request
[2026-08-22 15:50:08.740 Model_Service_1] Model key: Qwen/Qwen2.5-3B-Instruct, engine id: 0_1, target gpu id: 0
[2026-08-22 15:50:08.780 Model_Service_3] Model key: meta-llama/Llama-3.1-8B, engine id: 0_2, target gpu id: 0
[2026-08-22 15:50:08.811 Model_Service_4] [PAPER-KV-V6] fetch meta-llama/Llama-3.2-1B -> None requests
[2026-08-22 15:50:08.821 Model_Service_4] [PAPER-KV-V6] fetch meta-llama/Llama-3.2-1B -> None requests
[2026-08-22 15:50:08.832 Model_Service_4] [PAPER-KV-V6] fetch meta-llama/Llama-3.2-1B -> None requests
[2026-08-22 15:50:08.842 Model_Service_4] [PAPER-KV-V6] fetch meta-llama/Llama-3.2-1B -> None requests
[2026-08-22 15:50:08.852 Model_Service_4] [PAPER-KV-V6] fetch meta-llama/Llama-3.2-1B -> None requests
[2026-08-22 15:50:08.863 Model_Service_4] [PAPER-KV-V6] fetch meta-llama/Llama-3.2-1B -> None requests
[2026-08-22 15:50:08.873 Model_Service_4] [PAPER-KV-V6] fetch meta-llama/Llama-3.2-1B -> None requests
[2026-08-22 15:50:08.884 Model_Service_4] [PAPER-KV-V6] fetch meta-llama/Llama-3.2-1B -> None requests
[2026-08-22 15:50:08.894 Model_Service_4] [PAPER-KV-V6] fetch meta-llama/Llama-3.2-1B -> None requests
[2026-08-22 15:50:08.905 Model_Service_4] [PAPER-KV-V6] fetch meta-llama/Llama-3.2-1B -> None requests
[2026-08-22 15:50:08.915 Model_Service_4] [PAPER-KV-V6] fetch meta-llama/Llama-3.2-1B -> None requests
[2026-08-22 15:50:08.926 Model_Service_4] [PAPER-KV-V6] fetch meta-llama/Llama-3.2-1B -> None requests
[2026-08-22 15:50:08.936 Model_Service_4] [PAPER-KV-V6] fetch meta-llama/Llama-3.2-1B -> None requests
[2026-08-22 15:50:08.947 Model_Service_4] [PAPER-KV-V6] fetch meta-llama/Llama-3.2-1B -> None requests
[2026-08-22 15:50:08.957 Model_Service_4] [PAPER-KV-V6] fetch meta-llama/Llama-3.2-1B -> None requests
[2026-08-22 15:50:08.968 Model_Service_4] [PAPER-KV-V6] fetch meta-llama/Llama-3.2-1B -> None requests
[2026-08-22 15:50:08.979 Model_Service_4] [PAPER-KV-V6] fetch meta-llama/Llama-3.2-1B -> None requests
[2026-08-22 15:50:08.989 Model_Service_4] [PAPER-KV-V6] fetch meta-llama/Llama-3.2-1B -> None requests
[2026-08-22 15:50:09.000 Model_Service_4] [PAPER-KV-V6] fetch meta-llama/Llama-3.2-1B -> None requests
[2026-08-22 15:50:09.010 Model_Service_4] [PAPER-KV-V6] fetch meta-llama/Llama-3.2-1B -> None requests
[2026-08-22 15:50:09.021 Model_Service_4] [PAPER-KV-V6] fetch meta-llama/Llama-3.2-1B -> None requests
[2026-08-22 15:50:09.031 Model_Service_4] [PAPER-KV-V6] fetch meta-llama/Llama-3.2-1B -> None requests
[2026-08-22 15:50:09.042 Model_Service_4] [PAPER-KV-V6] fetch meta-llama/Llama-3.2-1B -> None requests
[2026-08-22 15:50:09.052 Model_Service_4] [PAPER-KV-V6] fetch meta-llama/Llama-3.2-1B -> None requests
[2026-08-22 15:50:09.063 Model_Service_4] [PAPER-KV-V6] fetch meta-llama/Llama-3.2-1B -> None requests
[2026-08-22 15:50:09.073 Model_Service_4] [PAPER-KV-V6] fetch meta-llama/Llama-3.2-1B -> None requests
[2026-08-22 15:50:09.084 Model_Service_4] [PAPER-KV-V6] fetch meta-llama/Llama-3.2-1B -> None requests
[2026-08-22 15:50:09.094 Model_Service_4] [PAPER-KV-V6] fetch meta-llama/Llama-3.2-1B -> None requests
[2026-08-22 15:50:09.105 Model_Service_4] [PAPER-KV-V6] fetch meta-llama/Llama-3.2-1B -> None requests
[2026-08-22 15:50:09.116 Model_Service_4] [PAPER-KV-V6] fetch meta-llama/Llama-3.2-1B -> None requests
[2026-08-22 15:50:09.126 Model_Service_4] [PAPER-KV-V6] fetch meta-llama/Llama-3.2-1B -> None requests
[2026-08-22 15:50:09.136 Model_Service_4] [PAPER-KV-V6] fetch meta-llama/Llama-3.2-1B -> None requests
[2026-08-22 15:50:09.147 Model_Service_4] [PAPER-KV-V6] fetch meta-llama/Llama-3.2-1B -> None requests
[2026-08-22 15:50:09.158 Model_Service_4] [PAPER-KV-V6] fetch meta-llama/Llama-3.2-1B -> None requests
[2026-08-22 15:50:09.168 Model_Service_4] [PAPER-KV-V6] fetch meta-llama/Llama-3.2-1B -> None requests
[2026-08-22 15:50:09.179 Model_Service_4] [PAPER-KV-V6] fetch meta-llama/Llama-3.2-1B -> None requests
[2026-08-22 15:50:09.190 Model_Service_4] [PAPER-KV-V6] fetch meta-llama/Llama-3.2-1B -> None requests
[2026-08-22 15:50:09.200 Model_Service_4] [PAPER-KV-V6] fetch meta-llama/Llama-3.2-1B -> None requests
[2026-08-22 15:50:09.211 Model_Service_4] [PAPER-KV-V6] fetch meta-llama/Llama-3.2-1B -> None requests
[2026-08-22 15:50:09.222 Model_Service_4] [PAPER-KV-V6] fetch meta-llama/Llama-3.2-1B -> None requests
[2026-08-22 15:50:09.233 Model_Service_4] [PAPER-KV-V6] fetch meta-llama/Llama-3.2-1B -> None requests
[2026-08-22 15:50:09.243 Model_Service_4] [PAPER-KV-V6] fetch meta-llama/Llama-3.2-1B -> None requests
[2026-08-22 15:50:09.254 Model_Service_4] [PAPER-KV-V6] fetch meta-llama/Llama-3.2-1B -> None requests
[2026-08-22 15:50:09.264 Model_Service_4] [PAPER-KV-V6] fetch meta-llama/Llama-3.2-1B -> None requests
[2026-08-22 15:50:09.275 Model_Service_4] [PAPER-KV-V6] fetch meta-llama/Llama-3.2-1B -> None requests
[2026-08-22 15:50:09.285 Model_Service_4] [PAPER-KV-V6] fetch meta-llama/Llama-3.2-1B -> None requests
[2026-08-22 15:50:09.296 Model_Service_4] [PAPER-KV-V6] fetch meta-llama/Llama-3.2-1B -> None requests
[2026-08-22 15:50:09.306 Model_Service_4] [PAPER-KV-V6] fetch meta-llama/Llama-3.2-1B -> None requests
[2026-08-22 15:50:09.317 Model_Service_4] [PAPER-KV-V6] fetch meta-llama/Llama-3.2-1B -> None requests
[2026-08-22 15:50:09.327 Model_Service_4] [PAPER-KV-V6] fetch meta-llama/Llama-3.2-1B -> None requests
[2026-08-22 15:50:09.338 Model_Service_4] [PAPER-KV-V6] fetch meta-llama/Llama-3.2-1B -> None requests
[2026-08-22 15:50:09.349 Model_Service_4] [PAPER-KV-V6] fetch meta-llama/Llama-3.2-1B -> None requests
[2026-08-22 15:50:09.359 Model_Service_4] [PAPER-KV-V6] fetch meta-llama/Llama-3.2-1B -> None requests
[2026-08-22 15:50:09.370 Model_Service_4] [PAPER-KV-V6] fetch meta-llama/Llama-3.2-1B -> None requests
[2026-08-22 15:50:09.381 Model_Service_4] [PAPER-KV-V6] fetch meta-llama/Llama-3.2-1B -> None requests
[2026-08-22 15:50:09.391 Model_Service_4] [PAPER-KV-V6] fetch meta-llama/Llama-3.2-1B -> None requests
[2026-08-22 15:50:09.402 Model_Service_4] [PAPER-KV-V6] fetch meta-llama/Llama-3.2-1B -> None requests
[2026-08-22 15:50:09.413 Model_Service_4] [PAPER-KV-V6] fetch meta-llama/Llama-3.2-1B -> None requests
[2026-08-22 15:50:09.424 Model_Service_4] [PAPER-KV-V6] fetch meta-llama/Llama-3.2-1B -> None requests
[2026-08-22 15:50:09.434 Model_Service_4] [PAPER-KV-V6] fetch meta-llama/Llama-3.2-1B -> None requests
[2026-08-22 15:50:09.445 Model_Service_4] [PAPER-KV-V6] fetch meta-llama/Llama-3.2-1B -> None requests
[2026-08-22 15:50:09.456 Model_Service_4] [PAPER-KV-V6] fetch meta-llama/Llama-3.2-1B -> None requests
[2026-08-22 15:50:09.466 Model_Service_4] [PAPER-KV-V6] fetch meta-llama/Llama-3.2-1B -> None requests
[2026-08-22 15:50:09.477 Model_Service_4] [PAPER-KV-V6] fetch meta-llama/Llama-3.2-1B -> None requests
[2026-08-22 15:50:09.487 Model_Service_4] [PAPER-KV-V6] fetch meta-llama/Llama-3.2-1B -> None requests
[2026-08-22 15:50:09.497 Model_Service_4] [PAPER-KV-V6] fetch meta-llama/Llama-3.2-1B -> None requests
[2026-08-22 15:50:09.508 Model_Service_4] [PAPER-KV-V6] fetch meta-llama/Llama-3.2-1B -> None requests
[2026-08-22 15:50:09.518 Model_Service_4] [PAPER-KV-V6] fetch meta-llama/Llama-3.2-1B -> None requests
[2026-08-22 15:50:09.529 Model_Service_4] [PAPER-KV-V6] fetch meta-llama/Llama-3.2-1B -> None requests
[2026-08-22 15:50:09.539 Model_Service_4] [PAPER-KV-V6] fetch meta-llama/Llama-3.2-1B -> None requests
[2026-08-22 15:50:09.550 Model_Service_4] [PAPER-KV-V6] fetch meta-llama/Llama-3.2-1B -> None requests
[2026-08-22 15:50:09.560 Model_Service_4] [PAPER-KV-V6] fetch meta-llama/Llama-3.2-1B -> None requests
[2026-08-22 15:50:09.571 Model_Service_4] [PAPER-KV-V6] fetch meta-llama/Llama-3.2-1B -> None requests
[2026-08-22 15:50:09.581 Model_Service_4] [PAPER-KV-V6] fetch meta-llama/Llama-3.2-1B -> None requests
[2026-08-22 15:50:09.592 Model_Service_4] [PAPER-KV-V6] fetch meta-llama/Llama-3.2-1B -> None requests
[2026-08-22 15:50:09.602 Model_Service_4] [PAPER-KV-V6] fetch meta-llama/Llama-3.2-1B -> None requests
[2026-08-22 15:50:09.613 Model_Service_4] [PAPER-KV-V6] fetch meta-llama/Llama-3.2-1B -> None requests
[2026-08-22 15:50:09.624 Model_Service_4] [PAPER-KV-V6] fetch meta-llama/Llama-3.2-1B -> None requests
[2026-08-22 15:50:09.634 Model_Service_4] [PAPER-KV-V6] fetch meta-llama/Llama-3.2-1B -> None requests
[2026-08-22 15:50:09.645 Model_Service_4] [PAPER-KV-V6] fetch meta-llama/Llama-3.2-1B -> None requests
[2026-08-22 15:50:09.656 Model_Service_4] [PAPER-KV-V6] fetch meta-llama/Llama-3.2-1B -> None requests
[2026-08-22 15:50:09.667 Model_Service_4] [PAPER-KV-V6] fetch meta-llama/Llama-3.2-1B -> None requests
[2026-08-22 15:50:09.677 Model_Service_4] [PAPER-KV-V6] fetch meta-llama/Llama-3.2-1B -> None requests
[2026-08-22 15:50:09.688 Model_Service_4] [PAPER-KV-V6] fetch meta-llama/Llama-3.2-1B -> None requests
[2026-08-22 15:50:09.699 Model_Service_4] [PAPER-KV-V6] fetch meta-llama/Llama-3.2-1B -> None requests
[2026-08-22 15:50:09.709 Model_Service_4] [PAPER-KV-V6] fetch meta-llama/Llama-3.2-1B -> None requests
[2026-08-22 15:50:09.720 Model_Service_4] [PAPER-KV-V6] fetch meta-llama/Llama-3.2-1B -> None requests
[2026-08-22 15:50:09.730 Model_Service_4] [PAPER-KV-V6] fetch meta-llama/Llama-3.2-1B -> None requests
[2026-08-22 15:50:09.741 Model_Service_4] [PAPER-KV-V6] fetch meta-llama/Llama-3.2-1B -> None requests
[2026-08-22 15:50:09.752 Model_Service_4] [PAPER-KV-V6] fetch meta-llama/Llama-3.2-1B -> None requests
[2026-08-22 15:50:09.762 Model_Service_4] [PAPER-KV-V6] fetch meta-llama/Llama-3.2-1B -> None requests
[2026-08-22 15:50:09.773 Model_Service_4] [PAPER-KV-V6] fetch meta-llama/Llama-3.2-1B -> None requests
[2026-08-22 15:50:09.784 Model_Service_4] [PAPER-KV-V6] fetch meta-llama/Llama-3.2-1B -> None requests
[2026-08-22 15:50:09.795 Model_Service_4] [PAPER-KV-V6] fetch meta-llama/Llama-3.2-1B -> None requests
[2026-08-22 15:50:09.805 Model_Service_4] [PAPER-KV-V6] fetch meta-llama/Llama-3.2-1B -> None requests
[2026-08-22 15:50:09.816 Model_Service_4] [PAPER-KV-V6] fetch meta-llama/Llama-3.2-1B -> None requests
[2026-08-22 15:50:09.827 Model_Service_4] [PAPER-KV-V6] fetch meta-llama/Llama-3.2-1B -> None requests
[2026-08-22 15:50:09.838 Model_Service_4] [PAPER-KV-V6] fetch meta-llama/Llama-3.2-1B -> None requests
[2026-08-22 15:50:09.848 Model_Service_4] [PAPER-KV-V6] fetch meta-llama/Llama-3.2-1B -> None requests
[2026-08-22 15:50:09.856 Model_Service_1] [PAPER-LOAD-V4] {"tag": "Qwen/Qwen2.5-3B-Instruct|engine=0_1|src=None", "start_time": 1787413808.7438304, "end_time": 1787413809.8565645, "policy": "paper", "split": 2, "pipeline_depth": null, "target_gpu": 0, "gpu_ids": [0, 1], "source": "cpu", "host_registered": true, "slices": 510, "payload_bytes": 6794207232, "bytes_h2d_direct": 3397103616, "bytes_h2d_helper": 3397103616, "bytes_p2p": 3397103616, "seconds": 1.1127323061227798, "payload_gbps": 6.105877572364041, "transfer_path": "host-to-device + helper-gpu-p2p"}
[2026-08-22 15:50:09.859 Model_Service_4] [PAPER-KV-V6] fetch meta-llama/Llama-3.2-1B -> None requests
[2026-08-22 15:50:09.859 Model_Service_1] Time taken to copy model to GPU 0, service 1, engine 0_1, model Qwen/Qwen2.5-3B-Instruct: 1.1187 seconds
[2026-08-22 15:50:09.870 Model_Service_4] [PAPER-KV-V6] fetch meta-llama/Llama-3.2-1B -> None requests
[2026-08-22 15:50:09.881 Model_Service_4] [PAPER-KV-V6] fetch meta-llama/Llama-3.2-1B -> None requests
[2026-08-22 15:50:09.891 Model_Service_4] [PAPER-KV-V6] fetch meta-llama/Llama-3.2-1B -> None requests
[2026-08-22 15:50:09.902 Model_Service_4] [PAPER-KV-V6] fetch meta-llama/Llama-3.2-1B -> None requests
[2026-08-22 15:50:09.913 Model_Service_4] [PAPER-KV-V6] fetch meta-llama/Llama-3.2-1B -> None requests
[2026-08-22 15:50:09.924 Model_Service_4] [PAPER-KV-V6] fetch meta-llama/Llama-3.2-1B -> None requests
[2026-08-22 15:50:09.935 Model_Service_4] [PAPER-KV-V6] fetch meta-llama/Llama-3.2-1B -> None requests
[2026-08-22 15:50:09.945 Model_Service_4] [PAPER-KV-V6] fetch meta-llama/Llama-3.2-1B -> None requests
[2026-08-22 15:50:09.956 Model_Service_4] [PAPER-KV-V6] fetch meta-llama/Llama-3.2-1B -> None requests
[2026-08-22 15:50:09.967 Model_Service_4] [PAPER-KV-V6] fetch meta-llama/Llama-3.2-1B -> None requests
[2026-08-22 15:50:09.978 Model_Service_4] [PAPER-KV-V6] fetch meta-llama/Llama-3.2-1B -> None requests
[2026-08-22 15:50:09.989 Model_Service_4] [PAPER-KV-V6] fetch meta-llama/Llama-3.2-1B -> None requests
[2026-08-22 15:50:09.999 Model_Service_4] [PAPER-KV-V6] fetch meta-llama/Llama-3.2-1B -> None requests
[2026-08-22 15:50:10.010 Model_Service_4] [PAPER-KV-V6] fetch meta-llama/Llama-3.2-1B -> None requests
[2026-08-22 15:50:10.021 Model_Service_4] [PAPER-KV-V6] fetch meta-llama/Llama-3.2-1B -> None requests
[2026-08-22 15:50:10.031 Model_Service_4] [PAPER-KV-V6] fetch meta-llama/Llama-3.2-1B -> None requests
[2026-08-22 15:50:10.042 Model_Service_4] [PAPER-KV-V6] fetch meta-llama/Llama-3.2-1B -> None requests
[2026-08-22 15:50:10.053 Model_Service_4] [PAPER-KV-V6] fetch meta-llama/Llama-3.2-1B -> None requests
[2026-08-22 15:50:10.054 Model_Service_2] Model service 2 input queue is empty, waiting for next request
[2026-08-22 15:50:10.064 Model_Service_4] [PAPER-KV-V6] fetch meta-llama/Llama-3.2-1B -> None requests
[2026-08-22 15:50:10.074 Model_Service_4] [PAPER-KV-V6] fetch meta-llama/Llama-3.2-1B -> None requests
[2026-08-22 15:50:10.085 Model_Service_4] [PAPER-KV-V6] fetch meta-llama/Llama-3.2-1B -> None requests
[2026-08-22 15:50:10.096 Model_Service_4] [PAPER-KV-V6] fetch meta-llama/Llama-3.2-1B -> None requests
[2026-08-22 15:50:10.107 Model_Service_4] [PAPER-KV-V6] fetch meta-llama/Llama-3.2-1B -> None requests
[2026-08-22 15:50:10.117 Model_Service_4] [PAPER-KV-V6] fetch meta-llama/Llama-3.2-1B -> None requests
[2026-08-22 15:50:10.128 Model_Service_4] [PAPER-KV-V6] fetch meta-llama/Llama-3.2-1B -> None requests
[2026-08-22 15:50:10.139 Model_Service_4] [PAPER-KV-V6] fetch meta-llama/Llama-3.2-1B -> None requests
[2026-08-22 15:50:10.149 Model_Service_4] [PAPER-KV-V6] fetch meta-llama/Llama-3.2-1B -> None requests
[2026-08-22 15:50:10.159 Model_Service_4] [PAPER-KV-V6] fetch meta-llama/Llama-3.2-1B -> None requests
[2026-08-22 15:50:10.170 Model_Service_4] [PAPER-KV-V6] fetch meta-llama/Llama-3.2-1B -> None requests
[2026-08-22 15:50:10.180 Model_Service_4] [PAPER-KV-V6] fetch meta-llama/Llama-3.2-1B -> None requests
[2026-08-22 15:50:10.190 Model_Service_4] [PAPER-KV-V6] fetch meta-llama/Llama-3.2-1B -> None requests
[2026-08-22 15:50:10.201 Model_Service_4] [PAPER-KV-V6] fetch meta-llama/Llama-3.2-1B -> None requests
[2026-08-22 15:50:10.212 Model_Service_4] [PAPER-KV-V6] fetch meta-llama/Llama-3.2-1B -> None requests
[2026-08-22 15:50:10.223 Model_Service_4] [PAPER-KV-V6] fetch meta-llama/Llama-3.2-1B -> None requests
[2026-08-22 15:50:10.233 Model_Service_4] [PAPER-KV-V6] fetch meta-llama/Llama-3.2-1B -> None requests
[2026-08-22 15:50:10.244 Model_Service_4] [PAPER-KV-V6] fetch meta-llama/Llama-3.2-1B -> None requests
[2026-08-22 15:50:10.254 Model_Service_4] [PAPER-KV-V6] fetch meta-llama/Llama-3.2-1B -> None requests
[2026-08-22 15:50:10.265 Model_Service_4] [PAPER-KV-V6] fetch meta-llama/Llama-3.2-1B -> None requests
[2026-08-22 15:50:10.269 Model_Service_1] [PAPER-KV-V6] fetch Qwen/Qwen2.5-3B-Instruct -> None requests
[2026-08-22 15:50:10.276 Model_Service_4] [PAPER-KV-V6] fetch meta-llama/Llama-3.2-1B -> None requests
[2026-08-22 15:50:10.280 Model_Service_1] [PAPER-KV-V6] fetch Qwen/Qwen2.5-3B-Instruct -> None requests
[2026-08-22 15:50:10.287 Model_Service_4] [PAPER-KV-V6] fetch meta-llama/Llama-3.2-1B -> None requests
[2026-08-22 15:50:10.291 Model_Service_1] [PAPER-KV-V6] fetch Qwen/Qwen2.5-3B-Instruct -> None requests
[2026-08-22 15:50:10.297 Model_Service_4] [PAPER-KV-V6] fetch meta-llama/Llama-3.2-1B -> None requests
[2026-08-22 15:50:10.302 Model_Service_1] [PAPER-KV-V6] fetch Qwen/Qwen2.5-3B-Instruct -> None requests
[2026-08-22 15:50:10.308 Model_Service_4] [PAPER-KV-V6] fetch meta-llama/Llama-3.2-1B -> None requests
[2026-08-22 15:50:10.313 Model_Service_1] [PAPER-KV-V6] fetch Qwen/Qwen2.5-3B-Instruct -> None requests
[2026-08-22 15:50:10.319 Model_Service_4] [PAPER-KV-V6] fetch meta-llama/Llama-3.2-1B -> None requests
[2026-08-22 15:50:10.323 Model_Service_1] [PAPER-KV-V6] fetch Qwen/Qwen2.5-3B-Instruct -> None requests
[2026-08-22 15:50:10.330 Model_Service_4] [PAPER-KV-V6] fetch meta-llama/Llama-3.2-1B -> None requests
[2026-08-22 15:50:10.334 Model_Service_1] [PAPER-KV-V6] fetch Qwen/Qwen2.5-3B-Instruct -> None requests
[2026-08-22 15:50:10.340 Model_Service_4] [PAPER-KV-V6] fetch meta-llama/Llama-3.2-1B -> None requests
[2026-08-22 15:50:10.345 Model_Service_1] [PAPER-KV-V6] fetch Qwen/Qwen2.5-3B-Instruct -> None requests
[2026-08-22 15:50:10.351 Model_Service_4] [PAPER-KV-V6] fetch meta-llama/Llama-3.2-1B -> None requests
[2026-08-22 15:50:10.355 Model_Service_1] [PAPER-KV-V6] fetch Qwen/Qwen2.5-3B-Instruct -> None requests
[2026-08-22 15:50:10.362 Model_Service_4] [PAPER-KV-V6] fetch meta-llama/Llama-3.2-1B -> None requests
[2026-08-22 15:50:10.366 Model_Service_1] [PAPER-KV-V6] fetch Qwen/Qwen2.5-3B-Instruct -> None requests
[2026-08-22 15:50:10.373 Model_Service_4] [PAPER-KV-V6] fetch meta-llama/Llama-3.2-1B -> None requests
[2026-08-22 15:50:10.376 Model_Service_1] [PAPER-KV-V6] fetch Qwen/Qwen2.5-3B-Instruct -> None requests
[2026-08-22 15:50:10.384 Model_Service_4] [PAPER-KV-V6] fetch meta-llama/Llama-3.2-1B -> None requests
[2026-08-22 15:50:10.387 Model_Service_1] [PAPER-KV-V6] fetch Qwen/Qwen2.5-3B-Instruct -> None requests
[2026-08-22 15:50:10.394 Model_Service_4] [PAPER-KV-V6] fetch meta-llama/Llama-3.2-1B -> None requests
[2026-08-22 15:50:10.397 Model_Service_1] [PAPER-KV-V6] fetch Qwen/Qwen2.5-3B-Instruct -> None requests
[2026-08-22 15:50:10.405 Model_Service_4] [PAPER-KV-V6] fetch meta-llama/Llama-3.2-1B -> None requests
[2026-08-22 15:50:10.408 Model_Service_1] [PAPER-KV-V6] fetch Qwen/Qwen2.5-3B-Instruct -> None requests
[2026-08-22 15:50:10.416 Model_Service_4] [PAPER-KV-V6] fetch meta-llama/Llama-3.2-1B -> None requests
[2026-08-22 15:50:10.419 Model_Service_1] [PAPER-KV-V6] fetch Qwen/Qwen2.5-3B-Instruct -> None requests
[2026-08-22 15:50:10.427 Model_Service_4] [PAPER-KV-V6] fetch meta-llama/Llama-3.2-1B -> None requests
[2026-08-22 15:50:10.429 Model_Service_1] [PAPER-KV-V6] fetch Qwen/Qwen2.5-3B-Instruct -> None requests
[2026-08-22 15:50:10.434 Model_Service_3] [PAPER-LOAD-V4] {"tag": "meta-llama/Llama-3.1-8B|engine=0_2|src=None", "start_time": 1787413808.7844002, "end_time": 1787413810.4344, "policy": "paper", "split": 2, "pipeline_depth": null, "target_gpu": 0, "gpu_ids": [0, 1], "source": "cpu", "host_registered": true, "slices": 390, "payload_bytes": 16060522496, "bytes_h2d_direct": 8030261248, "bytes_h2d_helper": 8030261248, "bytes_p2p": 8030261248, "seconds": 1.6499982678797096, "payload_gbps": 9.733660215679006, "transfer_path": "host-to-device + helper-gpu-p2p"}
[2026-08-22 15:50:10.436 Model_Service_3] Time taken to copy model to GPU 0, service 3, engine 0_2, model meta-llama/Llama-3.1-8B: 1.6563 seconds
[2026-08-22 15:50:10.437 Model_Service_4] [PAPER-KV-V6] fetch meta-llama/Llama-3.2-1B -> None requests
[2026-08-22 15:50:10.440 Model_Service_1] [PAPER-KV-V6] fetch Qwen/Qwen2.5-3B-Instruct -> None requests
[2026-08-22 15:50:10.448 Model_Service_4] [PAPER-KV-V6] fetch meta-llama/Llama-3.2-1B -> None requests
[2026-08-22 15:50:10.451 Model_Service_1] [PAPER-KV-V6] fetch Qwen/Qwen2.5-3B-Instruct -> None requests
[2026-08-22 15:50:10.459 Model_Service_4] [PAPER-KV-V6] fetch meta-llama/Llama-3.2-1B -> None requests
[2026-08-22 15:50:10.461 Model_Service_1] [PAPER-KV-V6] fetch Qwen/Qwen2.5-3B-Instruct -> None requests
[2026-08-22 15:50:10.470 Model_Service_4] [PAPER-KV-V6] fetch meta-llama/Llama-3.2-1B -> None requests
[2026-08-22 15:50:10.472 Model_Service_1] [PAPER-KV-V6] fetch Qwen/Qwen2.5-3B-Instruct -> None requests
[2026-08-22 15:50:10.480 Model_Service_4] [PAPER-KV-V6] fetch meta-llama/Llama-3.2-1B -> None requests
[2026-08-22 15:50:10.482 Model_Service_1] [PAPER-KV-V6] fetch Qwen/Qwen2.5-3B-Instruct -> None requests
[2026-08-22 15:50:10.491 Model_Service_4] [PAPER-KV-V6] fetch meta-llama/Llama-3.2-1B -> None requests
[2026-08-22 15:50:10.493 Model_Service_1] [PAPER-KV-V6] fetch Qwen/Qwen2.5-3B-Instruct -> None requests
[2026-08-22 15:50:10.502 Model_Service_4] [PAPER-KV-V6] fetch meta-llama/Llama-3.2-1B -> None requests
[2026-08-22 15:50:10.503 Model_Service_1] [PAPER-KV-V6] fetch Qwen/Qwen2.5-3B-Instruct -> None requests
[2026-08-22 15:50:10.512 Model_Service_4] [PAPER-KV-V6] fetch meta-llama/Llama-3.2-1B -> None requests
[2026-08-22 15:50:10.514 Model_Service_1] [PAPER-KV-V6] fetch Qwen/Qwen2.5-3B-Instruct -> None requests
[2026-08-22 15:50:10.523 Model_Service_4] [PAPER-KV-V6] fetch meta-llama/Llama-3.2-1B -> None requests
[2026-08-22 15:50:10.524 Model_Service_1] [PAPER-KV-V6] fetch Qwen/Qwen2.5-3B-Instruct -> None requests
[2026-08-22 15:50:10.534 Model_Service_4] [PAPER-KV-V6] fetch meta-llama/Llama-3.2-1B -> None requests
[2026-08-22 15:50:10.535 Model_Service_1] [PAPER-KV-V6] fetch Qwen/Qwen2.5-3B-Instruct -> None requests
[2026-08-22 15:50:10.545 Model_Service_4] [PAPER-KV-V6] fetch meta-llama/Llama-3.2-1B -> None requests
[2026-08-22 15:50:10.545 Model_Service_1] [PAPER-KV-V6] fetch Qwen/Qwen2.5-3B-Instruct -> None requests
[2026-08-22 15:50:10.555 Model_Service_4] [PAPER-KV-V6] fetch meta-llama/Llama-3.2-1B -> None requests
[2026-08-22 15:50:10.556 Model_Service_1] [PAPER-KV-V6] fetch Qwen/Qwen2.5-3B-Instruct -> None requests
[2026-08-22 15:50:10.566 Model_Service_4] [PAPER-KV-V6] fetch meta-llama/Llama-3.2-1B -> None requests
[2026-08-22 15:50:10.566 Model_Service_1] [PAPER-KV-V6] fetch Qwen/Qwen2.5-3B-Instruct -> None requests
[2026-08-22 15:50:10.577 Model_Service_1] [PAPER-KV-V6] fetch Qwen/Qwen2.5-3B-Instruct -> None requests
[2026-08-22 15:50:10.577 Model_Service_4] [PAPER-KV-V6] fetch meta-llama/Llama-3.2-1B -> None requests
[2026-08-22 15:50:10.587 Model_Service_1] [PAPER-KV-V6] fetch Qwen/Qwen2.5-3B-Instruct -> None requests
[2026-08-22 15:50:10.587 Model_Service_4] [PAPER-KV-V6] fetch meta-llama/Llama-3.2-1B -> None requests
[2026-08-22 15:50:10.597 Model_Service_1] [PAPER-KV-V6] fetch Qwen/Qwen2.5-3B-Instruct -> None requests
[2026-08-22 15:50:10.598 Model_Service_4] [PAPER-KV-V6] fetch meta-llama/Llama-3.2-1B -> None requests
[2026-08-22 15:50:10.608 Model_Service_1] [PAPER-KV-V6] fetch Qwen/Qwen2.5-3B-Instruct -> None requests
[2026-08-22 15:50:10.609 Model_Service_4] [PAPER-KV-V6] fetch meta-llama/Llama-3.2-1B -> None requests
[2026-08-22 15:50:10.619 Model_Service_1] [PAPER-KV-V6] fetch Qwen/Qwen2.5-3B-Instruct -> None requests
[2026-08-22 15:50:10.620 Model_Service_4] [PAPER-KV-V6] fetch meta-llama/Llama-3.2-1B -> None requests
[2026-08-22 15:50:10.629 Model_Service_1] [PAPER-KV-V6] fetch Qwen/Qwen2.5-3B-Instruct -> None requests
[2026-08-22 15:50:10.630 Model_Service_4] [PAPER-KV-V6] fetch meta-llama/Llama-3.2-1B -> None requests
[2026-08-22 15:50:10.640 Model_Service_1] [PAPER-KV-V6] fetch Qwen/Qwen2.5-3B-Instruct -> None requests
[2026-08-22 15:50:10.641 Model_Service_4] [PAPER-KV-V6] fetch meta-llama/Llama-3.2-1B -> None requests
[2026-08-22 15:50:10.650 Model_Service_1] [PAPER-KV-V6] fetch Qwen/Qwen2.5-3B-Instruct -> None requests
[2026-08-22 15:50:10.652 Model_Service_4] [PAPER-KV-V6] fetch meta-llama/Llama-3.2-1B -> None requests
[2026-08-22 15:50:10.661 Model_Service_1] [PAPER-KV-V6] fetch Qwen/Qwen2.5-3B-Instruct -> None requests
[2026-08-22 15:50:10.662 Model_Service_4] [PAPER-KV-V6] fetch meta-llama/Llama-3.2-1B -> None requests
[2026-08-22 15:50:10.668 Model_Service_5] Model service 5 input queue is empty, waiting for next request
[2026-08-22 15:50:10.671 Model_Service_1] [PAPER-KV-V6] fetch Qwen/Qwen2.5-3B-Instruct -> None requests
[2026-08-22 15:50:10.673 Model_Service_4] [PAPER-KV-V6] fetch meta-llama/Llama-3.2-1B -> None requests
[2026-08-22 15:50:10.682 Model_Service_1] [PAPER-KV-V6] fetch Qwen/Qwen2.5-3B-Instruct -> None requests
[2026-08-22 15:50:10.684 Model_Service_4] [PAPER-KV-V6] fetch meta-llama/Llama-3.2-1B -> None requests
[2026-08-22 15:50:10.693 Model_Service_1] [PAPER-KV-V6] fetch Qwen/Qwen2.5-3B-Instruct -> None requests
[2026-08-22 15:50:10.694 Model_Service_4] [PAPER-KV-V6] fetch meta-llama/Llama-3.2-1B -> None requests
[2026-08-22 15:50:10.703 Model_Service_1] [PAPER-KV-V6] fetch Qwen/Qwen2.5-3B-Instruct -> None requests
[2026-08-22 15:50:10.705 Model_Service_4] [PAPER-KV-V6] fetch meta-llama/Llama-3.2-1B -> None requests
[2026-08-22 15:50:10.714 Model_Service_1] [PAPER-KV-V6] fetch Qwen/Qwen2.5-3B-Instruct -> None requests
[2026-08-22 15:50:10.716 Model_Service_4] [PAPER-KV-V6] fetch meta-llama/Llama-3.2-1B -> None requests
[2026-08-22 15:50:10.724 Model_Service_1] [PAPER-KV-V6] fetch Qwen/Qwen2.5-3B-Instruct -> None requests
[2026-08-22 15:50:10.726 Model_Service_4] [PAPER-KV-V6] fetch meta-llama/Llama-3.2-1B -> None requests
[2026-08-22 15:50:10.735 Model_Service_1] [PAPER-KV-V6] fetch Qwen/Qwen2.5-3B-Instruct -> None requests
[2026-08-22 15:50:10.737 Model_Service_4] [PAPER-KV-V6] fetch meta-llama/Llama-3.2-1B -> None requests
[2026-08-22 15:50:10.745 Model_Service_1] [PAPER-KV-V6] fetch Qwen/Qwen2.5-3B-Instruct -> None requests
[2026-08-22 15:50:10.748 Model_Service_4] [PAPER-KV-V6] fetch meta-llama/Llama-3.2-1B -> None requests
[2026-08-22 15:50:10.756 Model_Service_1] [PAPER-KV-V6] fetch Qwen/Qwen2.5-3B-Instruct -> None requests
[2026-08-22 15:50:10.759 Model_Service_4] [PAPER-KV-V6] fetch meta-llama/Llama-3.2-1B -> None requests
[2026-08-22 15:50:10.766 Model_Service_1] [PAPER-KV-V6] fetch Qwen/Qwen2.5-3B-Instruct -> None requests
[2026-08-22 15:50:10.769 Model_Service_4] [PAPER-KV-V6] fetch meta-llama/Llama-3.2-1B -> None requests
[2026-08-22 15:50:10.777 Model_Service_1] [PAPER-KV-V6] fetch Qwen/Qwen2.5-3B-Instruct -> None requests
[2026-08-22 15:50:10.780 Model_Service_4] [PAPER-KV-V6] fetch meta-llama/Llama-3.2-1B -> None requests
[2026-08-22 15:50:10.787 Model_Service_1] [PAPER-KV-V6] fetch Qwen/Qwen2.5-3B-Instruct -> None requests
[2026-08-22 15:50:10.791 Model_Service_4] [PAPER-KV-V6] fetch meta-llama/Llama-3.2-1B -> None requests
[2026-08-22 15:50:10.798 Model_Service_1] [PAPER-KV-V6] fetch Qwen/Qwen2.5-3B-Instruct -> None requests
[2026-08-22 15:50:10.801 Model_Service_4] [PAPER-KV-V6] fetch meta-llama/Llama-3.2-1B -> None requests
[2026-08-22 15:50:10.808 Model_Service_1] [PAPER-KV-V6] fetch Qwen/Qwen2.5-3B-Instruct -> None requests
[2026-08-22 15:50:10.812 Model_Service_4] [PAPER-KV-V6] fetch meta-llama/Llama-3.2-1B -> None requests
[2026-08-22 15:50:10.819 Model_Service_1] [PAPER-KV-V6] fetch Qwen/Qwen2.5-3B-Instruct -> None requests
[2026-08-22 15:50:10.823 Model_Service_4] [PAPER-KV-V6] fetch meta-llama/Llama-3.2-1B -> None requests
[2026-08-22 15:50:10.829 Model_Service_1] [PAPER-KV-V6] fetch Qwen/Qwen2.5-3B-Instruct -> None requests
[2026-08-22 15:50:10.833 Model_Service_4] [PAPER-KV-V6] fetch meta-llama/Llama-3.2-1B -> None requests
[2026-08-22 15:50:10.840 Model_Service_1] [PAPER-KV-V6] fetch Qwen/Qwen2.5-3B-Instruct -> None requests
[2026-08-22 15:50:10.844 Model_Service_4] [PAPER-KV-V6] fetch meta-llama/Llama-3.2-1B -> None requests
[2026-08-22 15:50:10.851 Model_Service_1] [PAPER-KV-V6] fetch Qwen/Qwen2.5-3B-Instruct -> None requests
[2026-08-22 15:50:10.855 Model_Service_4] [PAPER-KV-V6] fetch meta-llama/Llama-3.2-1B -> None requests
[2026-08-22 15:50:10.861 Model_Service_1] [PAPER-KV-V6] fetch Qwen/Qwen2.5-3B-Instruct -> None requests
[2026-08-22 15:50:10.865 Model_Service_4] [PAPER-KV-V6] fetch meta-llama/Llama-3.2-1B -> None requests
[2026-08-22 15:50:10.872 Model_Service_1] [PAPER-KV-V6] fetch Qwen/Qwen2.5-3B-Instruct -> None requests
[2026-08-22 15:50:10.876 Model_Service_4] [PAPER-KV-V6] fetch meta-llama/Llama-3.2-1B -> None requests
[2026-08-22 15:50:10.882 Model_Service_1] [PAPER-KV-V6] fetch Qwen/Qwen2.5-3B-Instruct -> None requests
[2026-08-22 15:50:10.886 Model_Service_4] [PAPER-KV-V6] fetch meta-llama/Llama-3.2-1B -> None requests
[2026-08-22 15:50:10.892 Model_Service_1] [PAPER-KV-V6] fetch Qwen/Qwen2.5-3B-Instruct -> None requests
[2026-08-22 15:50:10.897 Model_Service_4] [PAPER-KV-V6] fetch meta-llama/Llama-3.2-1B -> None requests
[2026-08-22 15:50:10.903 Model_Service_1] [PAPER-KV-V6] fetch Qwen/Qwen2.5-3B-Instruct -> None requests
[2026-08-22 15:50:10.908 Model_Service_4] [PAPER-KV-V6] fetch meta-llama/Llama-3.2-1B -> None requests
[2026-08-22 15:50:10.913 Model_Service_1] [PAPER-KV-V6] fetch Qwen/Qwen2.5-3B-Instruct -> None requests
[2026-08-22 15:50:10.919 Model_Service_4] [PAPER-KV-V6] fetch meta-llama/Llama-3.2-1B -> None requests
[2026-08-22 15:50:10.924 Model_Service_1] [PAPER-KV-V6] fetch Qwen/Qwen2.5-3B-Instruct -> None requests
[2026-08-22 15:50:10.929 Model_Service_4] [PAPER-KV-V6] fetch meta-llama/Llama-3.2-1B -> None requests
[2026-08-22 15:50:10.934 Model_Service_1] [PAPER-KV-V6] fetch Qwen/Qwen2.5-3B-Instruct -> None requests
[2026-08-22 15:50:10.940 Model_Service_4] [PAPER-KV-V6] fetch meta-llama/Llama-3.2-1B -> None requests
[2026-08-22 15:50:10.945 Model_Service_1] [PAPER-KV-V6] fetch Qwen/Qwen2.5-3B-Instruct -> None requests
[2026-08-22 15:50:10.951 Model_Service_4] [PAPER-KV-V6] fetch meta-llama/Llama-3.2-1B -> None requests
[2026-08-22 15:50:10.955 Model_Service_1] [PAPER-KV-V6] fetch Qwen/Qwen2.5-3B-Instruct -> None requests
[2026-08-22 15:50:10.962 Model_Service_4] [PAPER-KV-V6] fetch meta-llama/Llama-3.2-1B -> None requests
[2026-08-22 15:50:10.966 Model_Service_1] [PAPER-KV-V6] fetch Qwen/Qwen2.5-3B-Instruct -> None requests
[2026-08-22 15:50:10.972 Model_Service_4] [PAPER-KV-V6] fetch meta-llama/Llama-3.2-1B -> None requests
[2026-08-22 15:50:10.976 Model_Service_1] [PAPER-KV-V6] fetch Qwen/Qwen2.5-3B-Instruct -> None requests
[2026-08-22 15:50:10.983 Model_Service_4] [PAPER-KV-V6] fetch meta-llama/Llama-3.2-1B -> None requests
[2026-08-22 15:50:10.987 Model_Service_1] [PAPER-KV-V6] fetch Qwen/Qwen2.5-3B-Instruct -> None requests
[2026-08-22 15:50:10.990 Model_Service_3] [PAPER-KV-V6] fetch meta-llama/Llama-3.1-8B -> None requests
[2026-08-22 15:50:10.994 Model_Service_4] [PAPER-KV-V6] fetch meta-llama/Llama-3.2-1B -> None requests
[2026-08-22 15:50:10.997 Model_Service_1] [PAPER-KV-V6] fetch Qwen/Qwen2.5-3B-Instruct -> None requests
[2026-08-22 15:50:11.001 Model_Service_3] [PAPER-KV-V6] fetch meta-llama/Llama-3.1-8B -> None requests
[2026-08-22 15:50:11.005 Model_Service_4] [PAPER-KV-V6] fetch meta-llama/Llama-3.2-1B -> None requests
[2026-08-22 15:50:11.008 Model_Service_1] [PAPER-KV-V6] fetch Qwen/Qwen2.5-3B-Instruct -> None requests
[2026-08-22 15:50:11.012 Model_Service_3] [PAPER-KV-V6] fetch meta-llama/Llama-3.1-8B -> None requests
[2026-08-22 15:50:11.015 Model_Service_4] [PAPER-KV-V6] fetch meta-llama/Llama-3.2-1B -> None requests
[2026-08-22 15:50:11.019 Model_Service_1] [PAPER-KV-V6] fetch Qwen/Qwen2.5-3B-Instruct -> None requests
[2026-08-22 15:50:11.023 Model_Service_3] [PAPER-KV-V6] fetch meta-llama/Llama-3.1-8B -> None requests
[2026-08-22 15:50:11.026 Model_Service_4] [PAPER-KV-V6] fetch meta-llama/Llama-3.2-1B -> None requests
[2026-08-22 15:50:11.029 Model_Service_1] [PAPER-KV-V6] fetch Qwen/Qwen2.5-3B-Instruct -> None requests
[2026-08-22 15:50:11.033 Model_Service_3] [PAPER-KV-V6] fetch meta-llama/Llama-3.1-8B -> None requests
[2026-08-22 15:50:11.037 Model_Service_4] [PAPER-KV-V6] fetch meta-llama/Llama-3.2-1B -> None requests
[2026-08-22 15:50:11.040 Model_Service_1] [PAPER-KV-V6] fetch Qwen/Qwen2.5-3B-Instruct -> None requests
[2026-08-22 15:50:11.044 Model_Service_3] [PAPER-KV-V6] fetch meta-llama/Llama-3.1-8B -> None requests
[2026-08-22 15:50:11.048 Model_Service_4] [PAPER-KV-V6] fetch meta-llama/Llama-3.2-1B -> None requests
[2026-08-22 15:50:11.050 Model_Service_1] [PAPER-KV-V6] fetch Qwen/Qwen2.5-3B-Instruct -> None requests
[2026-08-22 15:50:11.055 Model_Service_3] [PAPER-KV-V6] fetch meta-llama/Llama-3.1-8B -> None requests
[2026-08-22 15:50:11.058 Model_Service_4] [PAPER-KV-V6] fetch meta-llama/Llama-3.2-1B -> None requests
[2026-08-22 15:50:11.061 Model_Service_1] [PAPER-KV-V6] fetch Qwen/Qwen2.5-3B-Instruct -> None requests
[2026-08-22 15:50:11.065 Model_Service_3] [PAPER-KV-V6] fetch meta-llama/Llama-3.1-8B -> None requests
[2026-08-22 15:50:11.069 Model_Service_4] [PAPER-KV-V6] fetch meta-llama/Llama-3.2-1B -> None requests
[2026-08-22 15:50:11.071 Model_Service_1] [PAPER-KV-V6] fetch Qwen/Qwen2.5-3B-Instruct -> None requests
[2026-08-22 15:50:11.076 Model_Service_3] [PAPER-KV-V6] fetch meta-llama/Llama-3.1-8B -> None requests
[2026-08-22 15:50:11.080 Model_Service_4] [PAPER-KV-V6] fetch meta-llama/Llama-3.2-1B -> None requests
[2026-08-22 15:50:11.082 Model_Service_1] [PAPER-KV-V6] fetch Qwen/Qwen2.5-3B-Instruct -> None requests
[2026-08-22 15:50:11.086 Model_Service_3] [PAPER-KV-V6] fetch meta-llama/Llama-3.1-8B -> None requests
[2026-08-22 15:50:11.091 Model_Service_4] [PAPER-KV-V6] fetch meta-llama/Llama-3.2-1B -> None requests
[2026-08-22 15:50:11.092 Model_Service_1] [PAPER-KV-V6] fetch Qwen/Qwen2.5-3B-Instruct -> None requests
[2026-08-22 15:50:11.097 Model_Service_3] [PAPER-KV-V6] fetch meta-llama/Llama-3.1-8B -> None requests
[2026-08-22 15:50:11.101 Model_Service_4] [PAPER-KV-V6] fetch meta-llama/Llama-3.2-1B -> None requests
[2026-08-22 15:50:11.103 Model_Service_1] [PAPER-KV-V6] fetch Qwen/Qwen2.5-3B-Instruct -> None requests
[2026-08-22 15:50:11.108 Model_Service_3] [PAPER-KV-V6] fetch meta-llama/Llama-3.1-8B -> None requests
[2026-08-22 15:50:11.112 Model_Service_4] [PAPER-KV-V6] fetch meta-llama/Llama-3.2-1B -> None requests
[2026-08-22 15:50:11.113 Model_Service_1] [PAPER-KV-V6] fetch Qwen/Qwen2.5-3B-Instruct -> None requests
[2026-08-22 15:50:11.118 Model_Service_3] [PAPER-KV-V6] fetch meta-llama/Llama-3.1-8B -> None requests
[2026-08-22 15:50:11.123 Model_Service_4] [PAPER-KV-V6] fetch meta-llama/Llama-3.2-1B -> None requests
[2026-08-22 15:50:11.124 Model_Service_1] [PAPER-KV-V6] fetch Qwen/Qwen2.5-3B-Instruct -> None requests
[2026-08-22 15:50:11.129 Model_Service_3] [PAPER-KV-V6] fetch meta-llama/Llama-3.1-8B -> None requests
[2026-08-22 15:50:11.134 Model_Service_4] [PAPER-KV-V6] fetch meta-llama/Llama-3.2-1B -> None requests
[2026-08-22 15:50:11.134 Model_Service_1] [PAPER-KV-V6] fetch Qwen/Qwen2.5-3B-Instruct -> None requests
[2026-08-22 15:50:11.140 Model_Service_3] [PAPER-KV-V6] fetch meta-llama/Llama-3.1-8B -> None requests
[2026-08-22 15:50:11.144 Model_Service_4] [PAPER-KV-V6] fetch meta-llama/Llama-3.2-1B -> None requests
[2026-08-22 15:50:11.145 Model_Service_1] [PAPER-KV-V6] fetch Qwen/Qwen2.5-3B-Instruct -> None requests
[2026-08-22 15:50:11.150 Model_Service_3] [PAPER-KV-V6] fetch meta-llama/Llama-3.1-8B -> None requests
[2026-08-22 15:50:11.155 Model_Service_4] [PAPER-KV-V6] fetch meta-llama/Llama-3.2-1B -> None requests
[2026-08-22 15:50:11.156 Model_Service_1] [PAPER-KV-V6] fetch Qwen/Qwen2.5-3B-Instruct -> None requests
[2026-08-22 15:50:11.161 Model_Service_3] [PAPER-KV-V6] fetch meta-llama/Llama-3.1-8B -> None requests
[2026-08-22 15:50:11.166 Model_Service_1] [PAPER-KV-V6] fetch Qwen/Qwen2.5-3B-Instruct -> None requests
[2026-08-22 15:50:11.166 Model_Service_4] [PAPER-KV-V6] fetch meta-llama/Llama-3.2-1B -> None requests
[2026-08-22 15:50:11.171 Model_Service_3] [PAPER-KV-V6] fetch meta-llama/Llama-3.1-8B -> None requests
[2026-08-22 15:50:11.177 Model_Service_1] [PAPER-KV-V6] fetch Qwen/Qwen2.5-3B-Instruct -> None requests
[2026-08-22 15:50:11.177 Model_Service_4] [PAPER-KV-V6] fetch meta-llama/Llama-3.2-1B -> None requests
[2026-08-22 15:50:11.182 Model_Service_3] [PAPER-KV-V6] fetch meta-llama/Llama-3.1-8B -> None requests
[2026-08-22 15:50:11.187 Model_Service_1] [PAPER-KV-V6] fetch Qwen/Qwen2.5-3B-Instruct -> None requests
[2026-08-22 15:50:11.188 Model_Service_4] [PAPER-KV-V6] fetch meta-llama/Llama-3.2-1B -> None requests
[2026-08-22 15:50:11.193 Model_Service_3] [PAPER-KV-V6] fetch meta-llama/Llama-3.1-8B -> None requests
[2026-08-22 15:50:11.198 Model_Service_1] [PAPER-KV-V6] fetch Qwen/Qwen2.5-3B-Instruct -> None requests
[2026-08-22 15:50:11.199 Model_Service_4] [PAPER-KV-V6] fetch meta-llama/Llama-3.2-1B -> None requests
[2026-08-22 15:50:11.204 Model_Service_3] [PAPER-KV-V6] fetch meta-llama/Llama-3.1-8B -> None requests
[2026-08-22 15:50:11.209 Model_Service_1] [PAPER-KV-V6] fetch Qwen/Qwen2.5-3B-Instruct -> None requests
[2026-08-22 15:50:11.209 Model_Service_4] [PAPER-KV-V6] fetch meta-llama/Llama-3.2-1B -> None requests
[2026-08-22 15:50:11.214 Model_Service_3] [PAPER-KV-V6] fetch meta-llama/Llama-3.1-8B -> None requests
[2026-08-22 15:50:11.219 Model_Service_1] [PAPER-KV-V6] fetch Qwen/Qwen2.5-3B-Instruct -> None requests
[2026-08-22 15:50:11.220 Model_Service_4] [PAPER-KV-V6] fetch meta-llama/Llama-3.2-1B -> None requests
[2026-08-22 15:50:11.225 Model_Service_3] [PAPER-KV-V6] fetch meta-llama/Llama-3.1-8B -> None requests
[2026-08-22 15:50:11.230 Model_Service_1] [PAPER-KV-V6] fetch Qwen/Qwen2.5-3B-Instruct -> None requests
[2026-08-22 15:50:11.231 Model_Service_4] [PAPER-KV-V6] fetch meta-llama/Llama-3.2-1B -> None requests
[2026-08-22 15:50:11.235 Model_Service_3] [PAPER-KV-V6] fetch meta-llama/Llama-3.1-8B -> None requests
[2026-08-22 15:50:11.240 Model_Service_1] [PAPER-KV-V6] fetch Qwen/Qwen2.5-3B-Instruct -> None requests
[2026-08-22 15:50:11.242 Model_Service_4] [PAPER-KV-V6] fetch meta-llama/Llama-3.2-1B -> None requests
[2026-08-22 15:50:11.246 Model_Service_3] [PAPER-KV-V6] fetch meta-llama/Llama-3.1-8B -> None requests
[2026-08-22 15:50:11.251 Model_Service_1] [PAPER-KV-V6] fetch Qwen/Qwen2.5-3B-Instruct -> None requests
[2026-08-22 15:50:11.252 Model_Service_4] [PAPER-KV-V6] fetch meta-llama/Llama-3.2-1B -> None requests
[2026-08-22 15:50:11.257 Model_Service_3] [PAPER-KV-V6] fetch meta-llama/Llama-3.1-8B -> None requests
[2026-08-22 15:50:11.262 Model_Service_1] [PAPER-KV-V6] fetch Qwen/Qwen2.5-3B-Instruct -> None requests
[2026-08-22 15:50:11.263 Model_Service_4] [PAPER-KV-V6] fetch meta-llama/Llama-3.2-1B -> None requests
[2026-08-22 15:50:11.267 Model_Service_3] [PAPER-KV-V6] fetch meta-llama/Llama-3.1-8B -> None requests
[2026-08-22 15:50:11.272 Model_Service_1] [PAPER-KV-V6] fetch Qwen/Qwen2.5-3B-Instruct -> None requests
[2026-08-22 15:50:11.274 Model_Service_4] [PAPER-KV-V6] fetch meta-llama/Llama-3.2-1B -> None requests
[2026-08-22 15:50:11.278 Model_Service_3] [PAPER-KV-V6] fetch meta-llama/Llama-3.1-8B -> None requests
[2026-08-22 15:50:11.283 Model_Service_1] [PAPER-KV-V6] fetch Qwen/Qwen2.5-3B-Instruct -> None requests
[2026-08-22 15:50:11.284 Model_Service_4] [PAPER-KV-V6] fetch meta-llama/Llama-3.2-1B -> None requests
[2026-08-22 15:50:11.289 Model_Service_3] [PAPER-KV-V6] fetch meta-llama/Llama-3.1-8B -> None requests
[2026-08-22 15:50:11.294 Model_Service_1] [PAPER-KV-V6] fetch Qwen/Qwen2.5-3B-Instruct -> None requests
[2026-08-22 15:50:11.295 Model_Service_4] [PAPER-KV-V6] fetch meta-llama/Llama-3.2-1B -> None requests
[2026-08-22 15:50:11.299 Model_Service_3] [PAPER-KV-V6] fetch meta-llama/Llama-3.1-8B -> None requests
[2026-08-22 15:50:11.304 Model_Service_1] [PAPER-KV-V6] fetch Qwen/Qwen2.5-3B-Instruct -> None requests
[2026-08-22 15:50:11.306 Model_Service_4] [PAPER-KV-V6] fetch meta-llama/Llama-3.2-1B -> None requests
[2026-08-22 15:50:11.314 Model_Service_3] [PAPER-KV-V6] fetch meta-llama/Llama-3.1-8B -> None requests
[2026-08-22 15:50:11.315 Model_Service_1] [PAPER-KV-V6] fetch Qwen/Qwen2.5-3B-Instruct -> None requests
[2026-08-22 15:50:11.317 Model_Service_4] [PAPER-KV-V6] fetch meta-llama/Llama-3.2-1B -> None requests
[2026-08-22 15:50:11.325 Model_Service_3] [PAPER-KV-V6] fetch meta-llama/Llama-3.1-8B -> None requests
[2026-08-22 15:50:11.326 Model_Service_1] [PAPER-KV-V6] fetch Qwen/Qwen2.5-3B-Instruct -> None requests
[2026-08-22 15:50:11.327 Model_Service_4] [PAPER-KV-V6] fetch meta-llama/Llama-3.2-1B -> None requests
[2026-08-22 15:50:11.336 Model_Service_3] [PAPER-KV-V6] fetch meta-llama/Llama-3.1-8B -> None requests
[2026-08-22 15:50:11.337 Model_Service_1] [PAPER-KV-V6] fetch Qwen/Qwen2.5-3B-Instruct -> None requests
[2026-08-22 15:50:11.338 Model_Service_4] [PAPER-KV-V6] fetch meta-llama/Llama-3.2-1B -> None requests
[2026-08-22 15:50:11.347 Model_Service_3] [PAPER-KV-V6] fetch meta-llama/Llama-3.1-8B -> None requests
[2026-08-22 15:50:11.347 Model_Service_1] [PAPER-KV-V6] fetch Qwen/Qwen2.5-3B-Instruct -> None requests
[2026-08-22 15:50:11.349 Model_Service_4] [PAPER-KV-V6] fetch meta-llama/Llama-3.2-1B -> None requests
[2026-08-22 15:50:11.357 Model_Service_3] [PAPER-KV-V6] fetch meta-llama/Llama-3.1-8B -> None requests
[2026-08-22 15:50:11.358 Model_Service_1] [PAPER-KV-V6] fetch Qwen/Qwen2.5-3B-Instruct -> None requests
[2026-08-22 15:50:11.360 Model_Service_4] [PAPER-KV-V6] fetch meta-llama/Llama-3.2-1B -> None requests
[2026-08-22 15:50:11.368 Model_Service_3] [PAPER-KV-V6] fetch meta-llama/Llama-3.1-8B -> None requests
[2026-08-22 15:50:11.369 Model_Service_1] [PAPER-KV-V6] fetch Qwen/Qwen2.5-3B-Instruct -> None requests
[2026-08-22 15:50:11.370 Model_Service_4] [PAPER-KV-V6] fetch meta-llama/Llama-3.2-1B -> None requests
[2026-08-22 15:50:11.379 Model_Service_3] [PAPER-KV-V6] fetch meta-llama/Llama-3.1-8B -> None requests
[2026-08-22 15:50:11.379 Model_Service_1] [PAPER-KV-V6] fetch Qwen/Qwen2.5-3B-Instruct -> None requests
[2026-08-22 15:50:11.381 Model_Service_4] [PAPER-KV-V6] fetch meta-llama/Llama-3.2-1B -> None requests
[2026-08-22 15:50:11.389 Model_Service_3] [PAPER-KV-V6] fetch meta-llama/Llama-3.1-8B -> None requests
[2026-08-22 15:50:11.390 Model_Service_1] [PAPER-KV-V6] fetch Qwen/Qwen2.5-3B-Instruct -> None requests
[2026-08-22 15:50:11.392 Model_Service_4] [PAPER-KV-V6] fetch meta-llama/Llama-3.2-1B -> None requests
[2026-08-22 15:50:11.400 Model_Service_3] [PAPER-KV-V6] fetch meta-llama/Llama-3.1-8B -> None requests
[2026-08-22 15:50:11.401 Model_Service_1] [PAPER-KV-V6] fetch Qwen/Qwen2.5-3B-Instruct -> None requests
[2026-08-22 15:50:11.402 Model_Service_4] [PAPER-KV-V6] fetch meta-llama/Llama-3.2-1B -> None requests
[2026-08-22 15:50:11.411 Model_Service_3] [PAPER-KV-V6] fetch meta-llama/Llama-3.1-8B -> None requests
[2026-08-22 15:50:11.411 Model_Service_1] [PAPER-KV-V6] fetch Qwen/Qwen2.5-3B-Instruct -> None requests
[2026-08-22 15:50:11.413 Model_Service_4] [PAPER-KV-V6] fetch meta-llama/Llama-3.2-1B -> None requests
[2026-08-22 15:50:11.421 Model_Service_3] [PAPER-KV-V6] fetch meta-llama/Llama-3.1-8B -> None requests
[2026-08-22 15:50:11.422 Model_Service_1] [PAPER-KV-V6] fetch Qwen/Qwen2.5-3B-Instruct -> None requests
[2026-08-22 15:50:11.424 Model_Service_4] [PAPER-KV-V6] fetch meta-llama/Llama-3.2-1B -> None requests
[2026-08-22 15:50:11.432 Model_Service_3] [PAPER-KV-V6] fetch meta-llama/Llama-3.1-8B -> None requests
[2026-08-22 15:50:11.433 Model_Service_1] [PAPER-KV-V6] fetch Qwen/Qwen2.5-3B-Instruct -> None requests
[2026-08-22 15:50:11.435 Model_Service_4] [PAPER-KV-V6] fetch meta-llama/Llama-3.2-1B -> None requests
[2026-08-22 15:50:11.442 Model_Service_3] [PAPER-KV-V6] fetch meta-llama/Llama-3.1-8B -> None requests
[2026-08-22 15:50:11.444 Model_Service_1] [PAPER-KV-V6] fetch Qwen/Qwen2.5-3B-Instruct -> None requests
[2026-08-22 15:50:11.445 Model_Service_4] [PAPER-KV-V6] fetch meta-llama/Llama-3.2-1B -> None requests
[2026-08-22 15:50:11.453 Model_Service_3] [PAPER-KV-V6] fetch meta-llama/Llama-3.1-8B -> None requests
[2026-08-22 15:50:11.454 Model_Service_1] [PAPER-KV-V6] fetch Qwen/Qwen2.5-3B-Instruct -> None requests
[2026-08-22 15:50:11.456 Model_Service_4] [PAPER-KV-V6] fetch meta-llama/Llama-3.2-1B -> None requests
[2026-08-22 15:50:11.464 Model_Service_3] [PAPER-KV-V6] fetch meta-llama/Llama-3.1-8B -> None requests
[2026-08-22 15:50:11.465 Model_Service_1] [PAPER-KV-V6] fetch Qwen/Qwen2.5-3B-Instruct -> None requests
[2026-08-22 15:50:11.467 Model_Service_4] [PAPER-KV-V6] fetch meta-llama/Llama-3.2-1B -> None requests
[2026-08-22 15:50:11.474 Model_Service_3] [PAPER-KV-V6] fetch meta-llama/Llama-3.1-8B -> None requests
[2026-08-22 15:50:11.476 Model_Service_1] [PAPER-KV-V6] fetch Qwen/Qwen2.5-3B-Instruct -> None requests
[2026-08-22 15:50:11.478 Model_Service_4] [PAPER-KV-V6] fetch meta-llama/Llama-3.2-1B -> None requests
[2026-08-22 15:50:11.484 Model_Service_3] [PAPER-KV-V6] fetch meta-llama/Llama-3.1-8B -> None requests
[2026-08-22 15:50:11.487 Model_Service_1] [PAPER-KV-V6] fetch Qwen/Qwen2.5-3B-Instruct -> None requests
[2026-08-22 15:50:11.488 Model_Service_4] [PAPER-KV-V6] fetch meta-llama/Llama-3.2-1B -> None requests
[2026-08-22 15:50:11.495 Model_Service_3] [PAPER-KV-V6] fetch meta-llama/Llama-3.1-8B -> None requests
[2026-08-22 15:50:11.497 Model_Service_1] [PAPER-KV-V6] fetch Qwen/Qwen2.5-3B-Instruct -> None requests
[2026-08-22 15:50:11.499 Model_Service_4] [PAPER-KV-V6] fetch meta-llama/Llama-3.2-1B -> None requests
[2026-08-22 15:50:11.505 Model_Service_3] [PAPER-KV-V6] fetch meta-llama/Llama-3.1-8B -> None requests
[2026-08-22 15:50:11.508 Model_Service_1] [PAPER-KV-V6] fetch Qwen/Qwen2.5-3B-Instruct -> None requests
[2026-08-22 15:50:11.510 Model_Service_4] [PAPER-KV-V6] fetch meta-llama/Llama-3.2-1B -> None requests
[2026-08-22 15:50:11.516 Model_Service_3] [PAPER-KV-V6] fetch meta-llama/Llama-3.1-8B -> None requests
[2026-08-22 15:50:11.519 Model_Service_1] [PAPER-KV-V6] fetch Qwen/Qwen2.5-3B-Instruct -> None requests
[2026-08-22 15:50:11.520 Model_Service_4] [PAPER-KV-V6] fetch meta-llama/Llama-3.2-1B -> None requests
[2026-08-22 15:50:11.526 Model_Service_3] [PAPER-KV-V6] fetch meta-llama/Llama-3.1-8B -> None requests
[2026-08-22 15:50:11.529 Model_Service_1] [PAPER-KV-V6] fetch Qwen/Qwen2.5-3B-Instruct -> None requests
[2026-08-22 15:50:11.531 Model_Service_4] [PAPER-KV-V6] fetch meta-llama/Llama-3.2-1B -> None requests
[2026-08-22 15:50:11.537 Model_Service_3] [PAPER-KV-V6] fetch meta-llama/Llama-3.1-8B -> None requests
[2026-08-22 15:50:11.540 Model_Service_1] [PAPER-KV-V6] fetch Qwen/Qwen2.5-3B-Instruct -> None requests
[2026-08-22 15:50:11.542 Model_Service_4] [PAPER-KV-V6] fetch meta-llama/Llama-3.2-1B -> None requests
[2026-08-22 15:50:11.547 Model_Service_3] [PAPER-KV-V6] fetch meta-llama/Llama-3.1-8B -> None requests
[2026-08-22 15:50:11.551 Model_Service_1] [PAPER-KV-V6] fetch Qwen/Qwen2.5-3B-Instruct -> None requests
[2026-08-22 15:50:11.553 Model_Service_4] [PAPER-KV-V6] fetch meta-llama/Llama-3.2-1B -> None requests
[2026-08-22 15:50:11.558 Model_Service_3] [PAPER-KV-V6] fetch meta-llama/Llama-3.1-8B -> None requests
[2026-08-22 15:50:11.562 Model_Service_1] [PAPER-KV-V6] fetch Qwen/Qwen2.5-3B-Instruct -> None requests
[2026-08-22 15:50:11.563 Model_Service_4] [PAPER-KV-V6] fetch meta-llama/Llama-3.2-1B -> None requests
[2026-08-22 15:50:11.568 Model_Service_3] [PAPER-KV-V6] fetch meta-llama/Llama-3.1-8B -> None requests
[2026-08-22 15:50:11.572 Model_Service_1] [PAPER-KV-V6] fetch Qwen/Qwen2.5-3B-Instruct -> None requests
[2026-08-22 15:50:11.574 Model_Service_4] [PAPER-KV-V6] fetch meta-llama/Llama-3.2-1B -> None requests
[2026-08-22 15:50:11.579 Model_Service_3] [PAPER-KV-V6] fetch meta-llama/Llama-3.1-8B -> None requests
[2026-08-22 15:50:11.583 Model_Service_1] [PAPER-KV-V6] fetch Qwen/Qwen2.5-3B-Instruct -> None requests
[2026-08-22 15:50:11.585 Model_Service_4] [PAPER-KV-V6] fetch meta-llama/Llama-3.2-1B -> None requests
[2026-08-22 15:50:11.589 Model_Service_3] [PAPER-KV-V6] fetch meta-llama/Llama-3.1-8B -> None requests
[2026-08-22 15:50:11.594 Model_Service_1] [PAPER-KV-V6] fetch Qwen/Qwen2.5-3B-Instruct -> None requests
[2026-08-22 15:50:11.595 Model_Service_4] [PAPER-KV-V6] fetch meta-llama/Llama-3.2-1B -> None requests
[2026-08-22 15:50:11.599 Model_Service_3] [PAPER-KV-V6] fetch meta-llama/Llama-3.1-8B -> None requests
[2026-08-22 15:50:11.604 Model_Service_1] [PAPER-KV-V6] fetch Qwen/Qwen2.5-3B-Instruct -> None requests
[2026-08-22 15:50:11.606 Model_Service_4] [PAPER-KV-V6] fetch meta-llama/Llama-3.2-1B -> None requests
[2026-08-22 15:50:11.610 Model_Service_3] [PAPER-KV-V6] fetch meta-llama/Llama-3.1-8B -> None requests
[2026-08-22 15:50:11.615 Model_Service_1] [PAPER-KV-V6] fetch Qwen/Qwen2.5-3B-Instruct -> None requests
[2026-08-22 15:50:11.617 Model_Service_4] [PAPER-KV-V6] fetch meta-llama/Llama-3.2-1B -> None requests
[2026-08-22 15:50:11.620 Model_Service_3] [PAPER-KV-V6] fetch meta-llama/Llama-3.1-8B -> None requests
[2026-08-22 15:50:11.625 Model_Service_1] [PAPER-KV-V6] fetch Qwen/Qwen2.5-3B-Instruct -> None requests
[2026-08-22 15:50:11.627 Model_Service_4] [PAPER-KV-V6] fetch meta-llama/Llama-3.2-1B -> None requests
[2026-08-22 15:50:11.631 Model_Service_3] [PAPER-KV-V6] fetch meta-llama/Llama-3.1-8B -> None requests
[2026-08-22 15:50:11.636 Model_Service_1] [PAPER-KV-V6] fetch Qwen/Qwen2.5-3B-Instruct -> None requests
[2026-08-22 15:50:11.638 Model_Service_4] [PAPER-KV-V6] fetch meta-llama/Llama-3.2-1B -> None requests
[2026-08-22 15:50:11.641 Model_Service_3] [PAPER-KV-V6] fetch meta-llama/Llama-3.1-8B -> None requests
[2026-08-22 15:50:11.647 Model_Service_1] [PAPER-KV-V6] fetch Qwen/Qwen2.5-3B-Instruct -> None requests
[2026-08-22 15:50:11.648 Model_Service_4] [PAPER-KV-V6] fetch meta-llama/Llama-3.2-1B -> None requests
[2026-08-22 15:50:11.651 Model_Service_3] [PAPER-KV-V6] fetch meta-llama/Llama-3.1-8B -> None requests
[2026-08-22 15:50:11.657 Model_Service_1] [PAPER-KV-V6] fetch Qwen/Qwen2.5-3B-Instruct -> None requests
[2026-08-22 15:50:11.659 Model_Service_4] [PAPER-KV-V6] fetch meta-llama/Llama-3.2-1B -> None requests
[2026-08-22 15:50:11.662 Model_Service_3] [PAPER-KV-V6] fetch meta-llama/Llama-3.1-8B -> None requests
[2026-08-22 15:50:11.668 Model_Service_1] [PAPER-KV-V6] fetch Qwen/Qwen2.5-3B-Instruct -> None requests
[2026-08-22 15:50:11.670 Model_Service_4] [PAPER-KV-V6] fetch meta-llama/Llama-3.2-1B -> None requests
[2026-08-22 15:50:11.672 Model_Service_3] [PAPER-KV-V6] fetch meta-llama/Llama-3.1-8B -> None requests
[2026-08-22 15:50:11.678 Model_Service_1] [PAPER-KV-V6] fetch Qwen/Qwen2.5-3B-Instruct -> None requests
[2026-08-22 15:50:11.680 Model_Service_4] [PAPER-KV-V6] fetch meta-llama/Llama-3.2-1B -> None requests
[2026-08-22 15:50:11.683 Model_Service_3] [PAPER-KV-V6] fetch meta-llama/Llama-3.1-8B -> None requests
[2026-08-22 15:50:11.689 Model_Service_1] [PAPER-KV-V6] fetch Qwen/Qwen2.5-3B-Instruct -> None requests
[2026-08-22 15:50:11.691 Model_Service_4] [PAPER-KV-V6] fetch meta-llama/Llama-3.2-1B -> None requests
[2026-08-22 15:50:11.693 Model_Service_3] [PAPER-KV-V6] fetch meta-llama/Llama-3.1-8B -> None requests
[2026-08-22 15:50:11.700 Model_Service_1] [PAPER-KV-V6] fetch Qwen/Qwen2.5-3B-Instruct -> None requests
[2026-08-22 15:50:11.701 Model_Service_4] [PAPER-KV-V6] fetch meta-llama/Llama-3.2-1B -> None requests
[2026-08-22 15:50:11.703 Model_Service_3] [PAPER-KV-V6] fetch meta-llama/Llama-3.1-8B -> None requests
[2026-08-22 15:50:11.710 Model_Service_1] [PAPER-KV-V6] fetch Qwen/Qwen2.5-3B-Instruct -> None requests
[2026-08-22 15:50:11.712 Model_Service_4] [PAPER-KV-V6] fetch meta-llama/Llama-3.2-1B -> None requests
[2026-08-22 15:50:11.714 Model_Service_3] [PAPER-KV-V6] fetch meta-llama/Llama-3.1-8B -> None requests
[2026-08-22 15:50:11.721 Model_Service_1] [PAPER-KV-V6] fetch Qwen/Qwen2.5-3B-Instruct -> None requests
[2026-08-22 15:50:11.723 Model_Service_4] [PAPER-KV-V6] fetch meta-llama/Llama-3.2-1B -> None requests
[2026-08-22 15:50:11.724 Model_Service_3] [PAPER-KV-V6] fetch meta-llama/Llama-3.1-8B -> None requests
[2026-08-22 15:50:11.731 Model_Service_1] [PAPER-KV-V6] fetch Qwen/Qwen2.5-3B-Instruct -> None requests
[2026-08-22 15:50:11.734 Model_Service_4] [PAPER-KV-V6] fetch meta-llama/Llama-3.2-1B -> None requests
[2026-08-22 15:50:11.735 Model_Service_3] [PAPER-KV-V6] fetch meta-llama/Llama-3.1-8B -> None requests
[2026-08-22 15:50:11.742 Model_Service_1] [PAPER-KV-V6] fetch Qwen/Qwen2.5-3B-Instruct -> None requests
[2026-08-22 15:50:11.744 Model_Service_4] [PAPER-KV-V6] fetch meta-llama/Llama-3.2-1B -> None requests
[2026-08-22 15:50:11.745 Model_Service_3] [PAPER-KV-V6] fetch meta-llama/Llama-3.1-8B -> None requests
[2026-08-22 15:50:11.752 Model_Service_1] [PAPER-KV-V6] fetch Qwen/Qwen2.5-3B-Instruct -> None requests
[2026-08-22 15:50:11.755 Model_Service_4] [PAPER-KV-V6] fetch meta-llama/Llama-3.2-1B -> None requests
[2026-08-22 15:50:11.756 Model_Service_3] [PAPER-KV-V6] fetch meta-llama/Llama-3.1-8B -> None requests
[2026-08-22 15:50:11.763 Model_Service_1] [PAPER-KV-V6] fetch Qwen/Qwen2.5-3B-Instruct -> None requests
[2026-08-22 15:50:11.765 Model_Service_4] [PAPER-KV-V6] fetch meta-llama/Llama-3.2-1B -> None requests
[2026-08-22 15:50:11.766 Model_Service_3] [PAPER-KV-V6] fetch meta-llama/Llama-3.1-8B -> None requests
[2026-08-22 15:50:11.773 Model_Service_1] [PAPER-KV-V6] fetch Qwen/Qwen2.5-3B-Instruct -> None requests
[2026-08-22 15:50:11.776 Model_Service_4] [PAPER-KV-V6] fetch meta-llama/Llama-3.2-1B -> None requests
[2026-08-22 15:50:11.777 Model_Service_3] [PAPER-KV-V6] fetch meta-llama/Llama-3.1-8B -> None requests
[2026-08-22 15:50:11.784 Model_Service_1] [PAPER-KV-V6] fetch Qwen/Qwen2.5-3B-Instruct -> None requests
[2026-08-22 15:50:11.787 Model_Service_4] [PAPER-KV-V6] fetch meta-llama/Llama-3.2-1B -> None requests
[2026-08-22 15:50:11.787 Model_Service_3] [PAPER-KV-V6] fetch meta-llama/Llama-3.1-8B -> None requests
[2026-08-22 15:50:11.795 Model_Service_1] [PAPER-KV-V6] fetch Qwen/Qwen2.5-3B-Instruct -> None requests
[2026-08-22 15:50:11.797 Model_Service_4] [PAPER-KV-V6] fetch meta-llama/Llama-3.2-1B -> None requests
[2026-08-22 15:50:11.798 Model_Service_3] [PAPER-KV-V6] fetch meta-llama/Llama-3.1-8B -> None requests
[2026-08-22 15:50:11.805 Model_Service_1] [PAPER-KV-V6] fetch Qwen/Qwen2.5-3B-Instruct -> None requests
[2026-08-22 15:50:11.808 Model_Service_4] [PAPER-KV-V6] fetch meta-llama/Llama-3.2-1B -> None requests
[2026-08-22 15:50:11.809 Model_Service_3] [PAPER-KV-V6] fetch meta-llama/Llama-3.1-8B -> None requests
[2026-08-22 15:50:11.816 Model_Service_1] [PAPER-KV-V6] fetch Qwen/Qwen2.5-3B-Instruct -> None requests
[2026-08-22 15:50:11.818 Model_Service_4] [PAPER-KV-V6] fetch meta-llama/Llama-3.2-1B -> None requests
[2026-08-22 15:50:11.820 Model_Service_3] [PAPER-KV-V6] fetch meta-llama/Llama-3.1-8B -> None requests
[2026-08-22 15:50:11.826 Model_Service_1] [PAPER-KV-V6] fetch Qwen/Qwen2.5-3B-Instruct -> None requests
[2026-08-22 15:50:11.829 Model_Service_4] [PAPER-KV-V6] fetch meta-llama/Llama-3.2-1B -> None requests
[2026-08-22 15:50:11.830 Model_Service_3] [PAPER-KV-V6] fetch meta-llama/Llama-3.1-8B -> None requests
[2026-08-22 15:50:11.837 Model_Service_1] [PAPER-KV-V6] fetch Qwen/Qwen2.5-3B-Instruct -> None requests
[2026-08-22 15:50:11.840 Model_Service_4] [PAPER-KV-V6] fetch meta-llama/Llama-3.2-1B -> None requests
[2026-08-22 15:50:11.841 Model_Service_3] [PAPER-KV-V6] fetch meta-llama/Llama-3.1-8B -> None requests
[2026-08-22 15:50:11.847 Model_Service_1] [PAPER-KV-V6] fetch Qwen/Qwen2.5-3B-Instruct -> None requests
[2026-08-22 15:50:11.850 Model_Service_4] [PAPER-KV-V6] fetch meta-llama/Llama-3.2-1B -> None requests
[2026-08-22 15:50:11.852 Model_Service_3] [PAPER-KV-V6] fetch meta-llama/Llama-3.1-8B -> None requests
[2026-08-22 15:50:11.858 Model_Service_1] [PAPER-KV-V6] fetch Qwen/Qwen2.5-3B-Instruct -> None requests
[2026-08-22 15:50:11.861 Model_Service_4] [PAPER-KV-V6] fetch meta-llama/Llama-3.2-1B -> None requests
[2026-08-22 15:50:11.862 Model_Service_3] [PAPER-KV-V6] fetch meta-llama/Llama-3.1-8B -> None requests
[2026-08-22 15:50:11.868 Model_Service_1] [PAPER-KV-V6] fetch Qwen/Qwen2.5-3B-Instruct -> None requests
[2026-08-22 15:50:11.872 Model_Service_4] [PAPER-KV-V6] fetch meta-llama/Llama-3.2-1B -> None requests
[2026-08-22 15:50:11.873 Model_Service_3] [PAPER-KV-V6] fetch meta-llama/Llama-3.1-8B -> None requests
[2026-08-22 15:50:11.879 Model_Service_1] [PAPER-KV-V6] fetch Qwen/Qwen2.5-3B-Instruct -> None requests
[2026-08-22 15:50:11.882 Model_Service_4] [PAPER-KV-V6] fetch meta-llama/Llama-3.2-1B -> None requests
[2026-08-22 15:50:11.884 Model_Service_3] [PAPER-KV-V6] fetch meta-llama/Llama-3.1-8B -> None requests
[2026-08-22 15:50:11.889 Model_Service_1] [PAPER-KV-V6] fetch Qwen/Qwen2.5-3B-Instruct -> None requests
[2026-08-22 15:50:11.893 Model_Service_4] [PAPER-KV-V6] fetch meta-llama/Llama-3.2-1B -> None requests
[2026-08-22 15:50:11.894 Model_Service_3] [PAPER-KV-V6] fetch meta-llama/Llama-3.1-8B -> None requests
[2026-08-22 15:50:11.900 Model_Service_1] [PAPER-KV-V6] fetch Qwen/Qwen2.5-3B-Instruct -> None requests
[2026-08-22 15:50:11.904 Model_Service_4] [PAPER-KV-V6] fetch meta-llama/Llama-3.2-1B -> None requests
[2026-08-22 15:50:11.905 Model_Service_3] [PAPER-KV-V6] fetch meta-llama/Llama-3.1-8B -> None requests
[2026-08-22 15:50:11.911 Model_Service_1] [PAPER-KV-V6] fetch Qwen/Qwen2.5-3B-Instruct -> None requests
[2026-08-22 15:50:11.915 Model_Service_4] [PAPER-KV-V6] fetch meta-llama/Llama-3.2-1B -> None requests
[2026-08-22 15:50:11.916 Model_Service_3] [PAPER-KV-V6] fetch meta-llama/Llama-3.1-8B -> None requests
[2026-08-22 15:50:11.922 Model_Service_1] [PAPER-KV-V6] fetch Qwen/Qwen2.5-3B-Instruct -> None requests
[2026-08-22 15:50:11.925 Model_Service_4] [PAPER-KV-V6] fetch meta-llama/Llama-3.2-1B -> None requests
[2026-08-22 15:50:11.927 Model_Service_3] [PAPER-KV-V6] fetch meta-llama/Llama-3.1-8B -> None requests
[2026-08-22 15:50:11.932 Model_Service_1] [PAPER-KV-V6] fetch Qwen/Qwen2.5-3B-Instruct -> None requests
[2026-08-22 15:50:11.936 Model_Service_4] [PAPER-KV-V6] fetch meta-llama/Llama-3.2-1B -> None requests
[2026-08-22 15:50:11.937 Model_Service_3] [PAPER-KV-V6] fetch meta-llama/Llama-3.1-8B -> None requests
[2026-08-22 15:50:11.943 Model_Service_1] [PAPER-KV-V6] fetch Qwen/Qwen2.5-3B-Instruct -> None requests
[2026-08-22 15:50:11.947 Model_Service_4] [PAPER-KV-V6] fetch meta-llama/Llama-3.2-1B -> None requests
[2026-08-22 15:50:11.948 Model_Service_3] [PAPER-KV-V6] fetch meta-llama/Llama-3.1-8B -> None requests
[2026-08-22 15:50:11.954 Model_Service_1] [PAPER-KV-V6] fetch Qwen/Qwen2.5-3B-Instruct -> None requests
[2026-08-22 15:50:11.958 Model_Service_4] [PAPER-KV-V6] fetch meta-llama/Llama-3.2-1B -> None requests
[2026-08-22 15:50:11.959 Model_Service_3] [PAPER-KV-V6] fetch meta-llama/Llama-3.1-8B -> None requests
[2026-08-22 15:50:11.965 Model_Service_1] [PAPER-KV-V6] fetch Qwen/Qwen2.5-3B-Instruct -> None requests
[2026-08-22 15:50:11.968 Model_Service_4] [PAPER-KV-V6] fetch meta-llama/Llama-3.2-1B -> None requests
[2026-08-22 15:50:11.969 Model_Service_3] [PAPER-KV-V6] fetch meta-llama/Llama-3.1-8B -> None requests
[2026-08-22 15:50:11.976 Model_Service_1] [PAPER-KV-V6] fetch Qwen/Qwen2.5-3B-Instruct -> None requests
[2026-08-22 15:50:11.979 Model_Service_4] [PAPER-KV-V6] fetch meta-llama/Llama-3.2-1B -> None requests
[2026-08-22 15:50:11.980 Model_Service_3] [PAPER-KV-V6] fetch meta-llama/Llama-3.1-8B -> None requests
[2026-08-22 15:50:11.986 Model_Service_1] [PAPER-KV-V6] fetch Qwen/Qwen2.5-3B-Instruct -> None requests
[2026-08-22 15:50:11.990 Model_Service_4] [PAPER-KV-V6] fetch meta-llama/Llama-3.2-1B -> None requests
[2026-08-22 15:50:11.991 Model_Service_3] [PAPER-KV-V6] fetch meta-llama/Llama-3.1-8B -> None requests
[2026-08-22 15:50:11.997 Model_Service_1] [PAPER-KV-V6] fetch Qwen/Qwen2.5-3B-Instruct -> None requests
[2026-08-22 15:50:12.000 Model_Service_4] [PAPER-KV-V6] fetch meta-llama/Llama-3.2-1B -> None requests
[2026-08-22 15:50:12.001 Model_Service_3] [PAPER-KV-V6] fetch meta-llama/Llama-3.1-8B -> None requests
[2026-08-22 15:50:12.008 Model_Service_1] [PAPER-KV-V6] fetch Qwen/Qwen2.5-3B-Instruct -> None requests
[2026-08-22 15:50:12.011 Model_Service_4] [PAPER-KV-V6] fetch meta-llama/Llama-3.2-1B -> None requests
[2026-08-22 15:50:12.012 Model_Service_3] [PAPER-KV-V6] fetch meta-llama/Llama-3.1-8B -> None requests
[2026-08-22 15:50:12.018 Model_Service_1] [PAPER-KV-V6] fetch Qwen/Qwen2.5-3B-Instruct -> None requests
[2026-08-22 15:50:12.022 Model_Service_4] [PAPER-KV-V6] fetch meta-llama/Llama-3.2-1B -> None requests
[2026-08-22 15:50:12.022 Model_Service_3] [PAPER-KV-V6] fetch meta-llama/Llama-3.1-8B -> None requests
[2026-08-22 15:50:12.029 Model_Service_1] [PAPER-KV-V6] fetch Qwen/Qwen2.5-3B-Instruct -> None requests
[2026-08-22 15:50:12.033 Model_Service_4] [PAPER-KV-V6] fetch meta-llama/Llama-3.2-1B -> None requests
[2026-08-22 15:50:12.033 Model_Service_3] [PAPER-KV-V6] fetch meta-llama/Llama-3.1-8B -> None requests
[2026-08-22 15:50:12.040 Model_Service_1] [PAPER-KV-V6] fetch Qwen/Qwen2.5-3B-Instruct -> None requests
[2026-08-22 15:50:12.043 Model_Service_4] [PAPER-KV-V6] fetch meta-llama/Llama-3.2-1B -> None requests
[2026-08-22 15:50:12.044 Model_Service_3] [PAPER-KV-V6] fetch meta-llama/Llama-3.1-8B -> None requests
[2026-08-22 15:50:12.051 Model_Service_1] [PAPER-KV-V6] fetch Qwen/Qwen2.5-3B-Instruct -> None requests
[2026-08-22 15:50:12.054 Model_Service_4] [PAPER-KV-V6] fetch meta-llama/Llama-3.2-1B -> None requests
[2026-08-22 15:50:12.054 Model_Service_3] [PAPER-KV-V6] fetch meta-llama/Llama-3.1-8B -> None requests
[2026-08-22 15:50:12.061 Model_Service_1] [PAPER-KV-V6] fetch Qwen/Qwen2.5-3B-Instruct -> None requests
[2026-08-22 15:50:12.065 Model_Service_4] [PAPER-KV-V6] fetch meta-llama/Llama-3.2-1B -> None requests
[2026-08-22 15:50:12.065 Model_Service_3] [PAPER-KV-V6] fetch meta-llama/Llama-3.1-8B -> None requests
[2026-08-22 15:50:12.072 Model_Service_1] [PAPER-KV-V6] fetch Qwen/Qwen2.5-3B-Instruct -> None requests
[2026-08-22 15:50:12.075 Model_Service_4] [PAPER-KV-V6] fetch meta-llama/Llama-3.2-1B -> None requests
[2026-08-22 15:50:12.076 Model_Service_3] [PAPER-KV-V6] fetch meta-llama/Llama-3.1-8B -> None requests
[2026-08-22 15:50:12.083 Model_Service_1] [PAPER-KV-V6] fetch Qwen/Qwen2.5-3B-Instruct -> None requests
[2026-08-22 15:50:12.086 Model_Service_4] [PAPER-KV-V6] fetch meta-llama/Llama-3.2-1B -> None requests
[2026-08-22 15:50:12.086 Model_Service_3] [PAPER-KV-V6] fetch meta-llama/Llama-3.1-8B -> None requests
[2026-08-22 15:50:12.095 Model_Service_1] [PAPER-KV-V6] fetch Qwen/Qwen2.5-3B-Instruct -> None requests
[2026-08-22 15:50:12.097 Model_Service_4] [PAPER-KV-V6] fetch meta-llama/Llama-3.2-1B -> None requests
[2026-08-22 15:50:12.097 Model_Service_3] [PAPER-KV-V6] fetch meta-llama/Llama-3.1-8B -> None requests
[2026-08-22 15:50:12.106 Model_Service_1] [PAPER-KV-V6] fetch Qwen/Qwen2.5-3B-Instruct -> None requests
[2026-08-22 15:50:12.107 Model_Service_4] [PAPER-KV-V6] fetch meta-llama/Llama-3.2-1B -> None requests
[2026-08-22 15:50:12.108 Model_Service_3] [PAPER-KV-V6] fetch meta-llama/Llama-3.1-8B -> None requests
[2026-08-22 15:50:12.117 Model_Service_1] [PAPER-KV-V6] fetch Qwen/Qwen2.5-3B-Instruct -> None requests
[2026-08-22 15:50:12.118 Model_Service_4] [PAPER-KV-V6] fetch meta-llama/Llama-3.2-1B -> None requests
[2026-08-22 15:50:12.119 Model_Service_3] [PAPER-KV-V6] fetch meta-llama/Llama-3.1-8B -> None requests
[2026-08-22 15:50:12.128 Model_Service_1] [PAPER-KV-V6] fetch Qwen/Qwen2.5-3B-Instruct -> None requests
[2026-08-22 15:50:12.129 Model_Service_4] [PAPER-KV-V6] fetch meta-llama/Llama-3.2-1B -> None requests
[2026-08-22 15:50:12.129 Model_Service_3] [PAPER-KV-V6] fetch meta-llama/Llama-3.1-8B -> None requests
[2026-08-22 15:50:12.138 Model_Service_1] [PAPER-KV-V6] fetch Qwen/Qwen2.5-3B-Instruct -> None requests
[2026-08-22 15:50:12.139 Model_Service_4] [PAPER-KV-V6] fetch meta-llama/Llama-3.2-1B -> None requests
[2026-08-22 15:50:12.140 Model_Service_3] [PAPER-KV-V6] fetch meta-llama/Llama-3.1-8B -> None requests
[2026-08-22 15:50:12.149 Model_Service_1] [PAPER-KV-V6] fetch Qwen/Qwen2.5-3B-Instruct -> None requests
[2026-08-22 15:50:12.150 Model_Service_4] [PAPER-KV-V6] fetch meta-llama/Llama-3.2-1B -> None requests
[2026-08-22 15:50:12.151 Model_Service_3] [PAPER-KV-V6] fetch meta-llama/Llama-3.1-8B -> None requests
[2026-08-22 15:50:12.160 Model_Service_1] [PAPER-KV-V6] fetch Qwen/Qwen2.5-3B-Instruct -> None requests
[2026-08-22 15:50:12.161 Model_Service_4] [PAPER-KV-V6] fetch meta-llama/Llama-3.2-1B -> None requests
[2026-08-22 15:50:12.161 Model_Service_3] [PAPER-KV-V6] fetch meta-llama/Llama-3.1-8B -> None requests
[2026-08-22 15:50:12.171 Model_Service_1] [PAPER-KV-V6] fetch Qwen/Qwen2.5-3B-Instruct -> None requests
[2026-08-22 15:50:12.172 Model_Service_4] [PAPER-KV-V6] fetch meta-llama/Llama-3.2-1B -> None requests
[2026-08-22 15:50:12.172 Model_Service_3] [PAPER-KV-V6] fetch meta-llama/Llama-3.1-8B -> None requests
[2026-08-22 15:50:12.181 Model_Service_1] [PAPER-KV-V6] fetch Qwen/Qwen2.5-3B-Instruct -> None requests
[2026-08-22 15:50:12.183 Model_Service_4] [PAPER-KV-V6] fetch meta-llama/Llama-3.2-1B -> None requests
[2026-08-22 15:50:12.183 Model_Service_3] [PAPER-KV-V6] fetch meta-llama/Llama-3.1-8B -> None requests
[2026-08-22 15:50:12.192 Model_Service_1] [PAPER-KV-V6] fetch Qwen/Qwen2.5-3B-Instruct -> None requests
[2026-08-22 15:50:12.193 Model_Service_4] [PAPER-KV-V6] fetch meta-llama/Llama-3.2-1B -> None requests
[2026-08-22 15:50:12.193 Model_Service_3] [PAPER-KV-V6] fetch meta-llama/Llama-3.1-8B -> None requests
[2026-08-22 15:50:12.203 Model_Service_1] [PAPER-KV-V6] fetch Qwen/Qwen2.5-3B-Instruct -> None requests
[2026-08-22 15:50:12.204 Model_Service_3] [PAPER-KV-V6] fetch meta-llama/Llama-3.1-8B -> None requests
[2026-08-22 15:50:12.204 Model_Service_4] [PAPER-KV-V6] fetch meta-llama/Llama-3.2-1B -> None requests
[2026-08-22 15:50:12.214 Model_Service_1] [PAPER-KV-V6] fetch Qwen/Qwen2.5-3B-Instruct -> None requests
[2026-08-22 15:50:12.215 Model_Service_3] [PAPER-KV-V6] fetch meta-llama/Llama-3.1-8B -> None requests
[2026-08-22 15:50:12.215 Model_Service_4] [PAPER-KV-V6] fetch meta-llama/Llama-3.2-1B -> None requests
[2026-08-22 15:50:12.225 Model_Service_1] [PAPER-KV-V6] fetch Qwen/Qwen2.5-3B-Instruct -> None requests
[2026-08-22 15:50:12.225 Model_Service_3] [PAPER-KV-V6] fetch meta-llama/Llama-3.1-8B -> None requests
[2026-08-22 15:50:12.226 Model_Service_4] [PAPER-KV-V6] fetch meta-llama/Llama-3.2-1B -> None requests
[2026-08-22 15:50:12.235 Model_Service_1] [PAPER-KV-V6] fetch Qwen/Qwen2.5-3B-Instruct -> None requests
[2026-08-22 15:50:12.236 Model_Service_3] [PAPER-KV-V6] fetch meta-llama/Llama-3.1-8B -> None requests
[2026-08-22 15:50:12.236 Model_Service_4] [PAPER-KV-V6] fetch meta-llama/Llama-3.2-1B -> None requests
[2026-08-22 15:50:12.246 Model_Service_1] [PAPER-KV-V6] fetch Qwen/Qwen2.5-3B-Instruct -> None requests
[2026-08-22 15:50:12.246 Model_Service_3] [PAPER-KV-V6] fetch meta-llama/Llama-3.1-8B -> None requests
[2026-08-22 15:50:12.247 Model_Service_4] [PAPER-KV-V6] fetch meta-llama/Llama-3.2-1B -> None requests
[2026-08-22 15:50:12.257 Model_Service_3] [PAPER-KV-V6] fetch meta-llama/Llama-3.1-8B -> None requests
[2026-08-22 15:50:12.257 Model_Service_1] [PAPER-KV-V6] fetch Qwen/Qwen2.5-3B-Instruct -> None requests
[2026-08-22 15:50:12.258 Model_Service_4] [PAPER-KV-V6] fetch meta-llama/Llama-3.2-1B -> None requests
[2026-08-22 15:50:12.268 Model_Service_3] [PAPER-KV-V6] fetch meta-llama/Llama-3.1-8B -> None requests
[2026-08-22 15:50:12.268 Model_Service_1] [PAPER-KV-V6] fetch Qwen/Qwen2.5-3B-Instruct -> None requests
[2026-08-22 15:50:12.269 Model_Service_4] [PAPER-KV-V6] fetch meta-llama/Llama-3.2-1B -> None requests
[2026-08-22 15:50:12.278 Model_Service_3] [PAPER-KV-V6] fetch meta-llama/Llama-3.1-8B -> None requests
[2026-08-22 15:50:12.278 Model_Service_1] [PAPER-KV-V6] fetch Qwen/Qwen2.5-3B-Instruct -> None requests
[2026-08-22 15:50:12.279 Model_Service_4] [PAPER-KV-V6] fetch meta-llama/Llama-3.2-1B -> None requests
[2026-08-22 15:50:12.289 Model_Service_3] [PAPER-KV-V6] fetch meta-llama/Llama-3.1-8B -> None requests
[2026-08-22 15:50:12.289 Model_Service_1] [PAPER-KV-V6] fetch Qwen/Qwen2.5-3B-Instruct -> None requests
[2026-08-22 15:50:12.290 Model_Service_4] [PAPER-KV-V6] fetch meta-llama/Llama-3.2-1B -> None requests
[2026-08-22 15:50:12.299 Model_Service_3] [PAPER-KV-V6] fetch meta-llama/Llama-3.1-8B -> None requests
[2026-08-22 15:50:12.300 Model_Service_1] [PAPER-KV-V6] fetch Qwen/Qwen2.5-3B-Instruct -> None requests
[2026-08-22 15:50:12.301 Model_Service_4] [PAPER-KV-V6] fetch meta-llama/Llama-3.2-1B -> None requests
[2026-08-22 15:50:12.310 Model_Service_3] [PAPER-KV-V6] fetch meta-llama/Llama-3.1-8B -> None requests
[2026-08-22 15:50:12.311 Model_Service_1] [PAPER-KV-V6] fetch Qwen/Qwen2.5-3B-Instruct -> None requests
[2026-08-22 15:50:12.312 Model_Service_4] [PAPER-KV-V6] fetch meta-llama/Llama-3.2-1B -> None requests
[2026-08-22 15:50:12.321 Model_Service_3] [PAPER-KV-V6] fetch meta-llama/Llama-3.1-8B -> None requests
[2026-08-22 15:50:12.321 Model_Service_1] [PAPER-KV-V6] fetch Qwen/Qwen2.5-3B-Instruct -> None requests
[2026-08-22 15:50:12.322 Model_Service_4] [PAPER-KV-V6] fetch meta-llama/Llama-3.2-1B -> None requests
[2026-08-22 15:50:12.331 Model_Service_3] [PAPER-KV-V6] fetch meta-llama/Llama-3.1-8B -> None requests
[2026-08-22 15:50:12.332 Model_Service_1] [PAPER-KV-V6] fetch Qwen/Qwen2.5-3B-Instruct -> None requests
[2026-08-22 15:50:12.333 Model_Service_4] [PAPER-KV-V6] fetch meta-llama/Llama-3.2-1B -> None requests
[2026-08-22 15:50:12.342 Model_Service_3] [PAPER-KV-V6] fetch meta-llama/Llama-3.1-8B -> None requests
[2026-08-22 15:50:12.343 Model_Service_1] [PAPER-KV-V6] fetch Qwen/Qwen2.5-3B-Instruct -> None requests
[2026-08-22 15:50:12.344 Model_Service_4] [PAPER-KV-V6] fetch meta-llama/Llama-3.2-1B -> None requests
[2026-08-22 15:50:12.352 Model_Service_3] [PAPER-KV-V6] fetch meta-llama/Llama-3.1-8B -> None requests
[2026-08-22 15:50:12.353 Model_Service_1] [PAPER-KV-V6] fetch Qwen/Qwen2.5-3B-Instruct -> None requests
[2026-08-22 15:50:12.354 Model_Service_4] [PAPER-KV-V6] fetch meta-llama/Llama-3.2-1B -> None requests
[2026-08-22 15:50:12.363 Model_Service_3] [PAPER-KV-V6] fetch meta-llama/Llama-3.1-8B -> None requests
[2026-08-22 15:50:12.364 Model_Service_1] [PAPER-KV-V6] fetch Qwen/Qwen2.5-3B-Instruct -> None requests
[2026-08-22 15:50:12.365 Model_Service_4] [PAPER-KV-V6] fetch meta-llama/Llama-3.2-1B -> None requests
[2026-08-22 15:50:12.373 Model_Service_3] [PAPER-KV-V6] fetch meta-llama/Llama-3.1-8B -> None requests
[2026-08-22 15:50:12.375 Model_Service_1] [PAPER-KV-V6] fetch Qwen/Qwen2.5-3B-Instruct -> None requests
[2026-08-22 15:50:12.376 Model_Service_4] [PAPER-KV-V6] fetch meta-llama/Llama-3.2-1B -> None requests
[2026-08-22 15:50:12.384 Model_Service_3] [PAPER-KV-V6] fetch meta-llama/Llama-3.1-8B -> None requests
[2026-08-22 15:50:12.385 Model_Service_1] [PAPER-KV-V6] fetch Qwen/Qwen2.5-3B-Instruct -> None requests
[2026-08-22 15:50:12.386 Model_Service_4] [PAPER-KV-V6] fetch meta-llama/Llama-3.2-1B -> None requests
[2026-08-22 15:50:12.394 Model_Service_3] [PAPER-KV-V6] fetch meta-llama/Llama-3.1-8B -> None requests
[2026-08-22 15:50:12.396 Model_Service_1] [PAPER-KV-V6] fetch Qwen/Qwen2.5-3B-Instruct -> None requests
[2026-08-22 15:50:12.397 Model_Service_4] [PAPER-KV-V6] fetch meta-llama/Llama-3.2-1B -> None requests
[2026-08-22 15:50:12.405 Model_Service_3] [PAPER-KV-V6] fetch meta-llama/Llama-3.1-8B -> None requests
[2026-08-22 15:50:12.407 Model_Service_1] [PAPER-KV-V6] fetch Qwen/Qwen2.5-3B-Instruct -> None requests
[2026-08-22 15:50:12.408 Model_Service_4] [PAPER-KV-V6] fetch meta-llama/Llama-3.2-1B -> None requests
[2026-08-22 15:50:12.415 Model_Service_3] [PAPER-KV-V6] fetch meta-llama/Llama-3.1-8B -> None requests
[2026-08-22 15:50:12.417 Model_Service_1] [PAPER-KV-V6] fetch Qwen/Qwen2.5-3B-Instruct -> None requests
[2026-08-22 15:50:12.419 Model_Service_4] [PAPER-KV-V6] fetch meta-llama/Llama-3.2-1B -> None requests
[2026-08-22 15:50:12.426 Model_Service_3] [PAPER-KV-V6] fetch meta-llama/Llama-3.1-8B -> None requests
[2026-08-22 15:50:12.428 Model_Service_1] [PAPER-KV-V6] fetch Qwen/Qwen2.5-3B-Instruct -> None requests
[2026-08-22 15:50:12.429 Model_Service_4] [PAPER-KV-V6] fetch meta-llama/Llama-3.2-1B -> None requests
[2026-08-22 15:50:12.437 Model_Service_3] [PAPER-KV-V6] fetch meta-llama/Llama-3.1-8B -> None requests
[2026-08-22 15:50:12.439 Model_Service_1] [PAPER-KV-V6] fetch Qwen/Qwen2.5-3B-Instruct -> None requests
[2026-08-22 15:50:12.440 Model_Service_4] [PAPER-KV-V6] fetch meta-llama/Llama-3.2-1B -> None requests
[2026-08-22 15:50:12.447 Model_Service_3] [PAPER-KV-V6] fetch meta-llama/Llama-3.1-8B -> None requests
[2026-08-22 15:50:12.449 Model_Service_1] [PAPER-KV-V6] fetch Qwen/Qwen2.5-3B-Instruct -> None requests
[2026-08-22 15:50:12.451 Model_Service_4] [PAPER-KV-V6] fetch meta-llama/Llama-3.2-1B -> None requests
[2026-08-22 15:50:12.458 Model_Service_3] [PAPER-KV-V6] fetch meta-llama/Llama-3.1-8B -> None requests
[2026-08-22 15:50:12.460 Model_Service_1] [PAPER-KV-V6] fetch Qwen/Qwen2.5-3B-Instruct -> None requests
[2026-08-22 15:50:12.462 Model_Service_4] [PAPER-KV-V6] fetch meta-llama/Llama-3.2-1B -> None requests
[2026-08-22 15:50:12.468 Model_Service_3] [PAPER-KV-V6] fetch meta-llama/Llama-3.1-8B -> None requests
[2026-08-22 15:50:12.471 Model_Service_1] [PAPER-KV-V6] fetch Qwen/Qwen2.5-3B-Instruct -> None requests
[2026-08-22 15:50:12.472 Model_Service_4] [PAPER-KV-V6] fetch meta-llama/Llama-3.2-1B -> None requests
[2026-08-22 15:50:12.479 Model_Service_3] [PAPER-KV-V6] fetch meta-llama/Llama-3.1-8B -> None requests
[2026-08-22 15:50:12.482 Model_Service_1] [PAPER-KV-V6] fetch Qwen/Qwen2.5-3B-Instruct -> None requests
[2026-08-22 15:50:12.483 Model_Service_4] [PAPER-KV-V6] fetch meta-llama/Llama-3.2-1B -> None requests
[2026-08-22 15:50:12.490 Model_Service_3] [PAPER-KV-V6] fetch meta-llama/Llama-3.1-8B -> None requests
[2026-08-22 15:50:12.492 Model_Service_1] [PAPER-KV-V6] fetch Qwen/Qwen2.5-3B-Instruct -> None requests
[2026-08-22 15:50:12.494 Model_Service_4] [PAPER-KV-V6] fetch meta-llama/Llama-3.2-1B -> None requests
[2026-08-22 15:50:12.501 Model_Service_3] [PAPER-KV-V6] fetch meta-llama/Llama-3.1-8B -> None requests
[2026-08-22 15:50:12.503 Model_Service_1] [PAPER-KV-V6] fetch Qwen/Qwen2.5-3B-Instruct -> None requests
[2026-08-22 15:50:12.505 Model_Service_4] [PAPER-KV-V6] fetch meta-llama/Llama-3.2-1B -> None requests
[2026-08-22 15:50:12.511 Model_Service_3] [PAPER-KV-V6] fetch meta-llama/Llama-3.1-8B -> None requests
[2026-08-22 15:50:12.513 Model_Service_1] [PAPER-KV-V6] fetch Qwen/Qwen2.5-3B-Instruct -> None requests
[2026-08-22 15:50:12.515 Model_Service_4] [PAPER-KV-V6] fetch meta-llama/Llama-3.2-1B -> None requests
[2026-08-22 15:50:12.522 Model_Service_3] [PAPER-KV-V6] fetch meta-llama/Llama-3.1-8B -> None requests
[2026-08-22 15:50:12.524 Model_Service_1] [PAPER-KV-V6] fetch Qwen/Qwen2.5-3B-Instruct -> None requests
[2026-08-22 15:50:12.526 Model_Service_4] [PAPER-KV-V6] fetch meta-llama/Llama-3.2-1B -> None requests
[2026-08-22 15:50:12.533 Model_Service_3] [PAPER-KV-V6] fetch meta-llama/Llama-3.1-8B -> None requests
[2026-08-22 15:50:12.534 Model_Service_1] [PAPER-KV-V6] fetch Qwen/Qwen2.5-3B-Instruct -> None requests
[2026-08-22 15:50:12.537 Model_Service_4] [PAPER-KV-V6] fetch meta-llama/Llama-3.2-1B -> None requests
[2026-08-22 15:50:12.543 Model_Service_3] [PAPER-KV-V6] fetch meta-llama/Llama-3.1-8B -> None requests
[2026-08-22 15:50:12.545 Model_Service_1] [PAPER-KV-V6] fetch Qwen/Qwen2.5-3B-Instruct -> None requests
[2026-08-22 15:50:12.547 Model_Service_4] [PAPER-KV-V6] fetch meta-llama/Llama-3.2-1B -> None requests
[2026-08-22 15:50:12.554 Model_Service_3] [PAPER-KV-V6] fetch meta-llama/Llama-3.1-8B -> None requests
[2026-08-22 15:50:12.555 Model_Service_1] [PAPER-KV-V6] fetch Qwen/Qwen2.5-3B-Instruct -> None requests
[2026-08-22 15:50:12.558 Model_Service_4] [PAPER-KV-V6] fetch meta-llama/Llama-3.2-1B -> None requests
[2026-08-22 15:50:12.565 Model_Service_3] [PAPER-KV-V6] fetch meta-llama/Llama-3.1-8B -> None requests
[2026-08-22 15:50:12.566 Model_Service_1] [PAPER-KV-V6] fetch Qwen/Qwen2.5-3B-Instruct -> None requests
[2026-08-22 15:50:12.569 Model_Service_4] [PAPER-KV-V6] fetch meta-llama/Llama-3.2-1B -> None requests
[2026-08-22 15:50:12.575 Model_Service_3] [PAPER-KV-V6] fetch meta-llama/Llama-3.1-8B -> None requests
[2026-08-22 15:50:12.577 Model_Service_1] [PAPER-KV-V6] fetch Qwen/Qwen2.5-3B-Instruct -> None requests
[2026-08-22 15:50:12.580 Model_Service_4] [PAPER-KV-V6] fetch meta-llama/Llama-3.2-1B -> None requests
[2026-08-22 15:50:12.586 Model_Service_3] [PAPER-KV-V6] fetch meta-llama/Llama-3.1-8B -> None requests
[2026-08-22 15:50:12.587 Model_Service_1] [PAPER-KV-V6] fetch Qwen/Qwen2.5-3B-Instruct -> None requests
[2026-08-22 15:50:12.591 Model_Service_4] [PAPER-KV-V6] fetch meta-llama/Llama-3.2-1B -> None requests
[2026-08-22 15:50:12.597 Model_Service_3] [PAPER-KV-V6] fetch meta-llama/Llama-3.1-8B -> None requests
[2026-08-22 15:50:12.598 Model_Service_1] [PAPER-KV-V6] fetch Qwen/Qwen2.5-3B-Instruct -> None requests
[2026-08-22 15:50:12.601 Model_Service_4] [PAPER-KV-V6] fetch meta-llama/Llama-3.2-1B -> None requests
[2026-08-22 15:50:12.607 Model_Service_3] [PAPER-KV-V6] fetch meta-llama/Llama-3.1-8B -> None requests
[2026-08-22 15:50:12.609 Model_Service_1] [PAPER-KV-V6] fetch Qwen/Qwen2.5-3B-Instruct -> None requests
[2026-08-22 15:50:12.612 Model_Service_4] [PAPER-KV-V6] fetch meta-llama/Llama-3.2-1B -> None requests
[2026-08-22 15:50:12.618 Model_Service_3] [PAPER-KV-V6] fetch meta-llama/Llama-3.1-8B -> None requests
[2026-08-22 15:50:12.619 Model_Service_1] [PAPER-KV-V6] fetch Qwen/Qwen2.5-3B-Instruct -> None requests
[2026-08-22 15:50:12.623 Model_Service_4] [PAPER-KV-V6] fetch meta-llama/Llama-3.2-1B -> None requests
[2026-08-22 15:50:12.628 Model_Service_3] [PAPER-KV-V6] fetch meta-llama/Llama-3.1-8B -> None requests
[2026-08-22 15:50:12.630 Model_Service_1] [PAPER-KV-V6] fetch Qwen/Qwen2.5-3B-Instruct -> None requests
[2026-08-22 15:50:12.634 Model_Service_4] [PAPER-KV-V6] fetch meta-llama/Llama-3.2-1B -> None requests
[2026-08-22 15:50:12.639 Model_Service_3] [PAPER-KV-V6] fetch meta-llama/Llama-3.1-8B -> None requests
[2026-08-22 15:50:12.641 Model_Service_1] [PAPER-KV-V6] fetch Qwen/Qwen2.5-3B-Instruct -> None requests
[2026-08-22 15:50:12.644 Model_Service_4] [PAPER-KV-V6] fetch meta-llama/Llama-3.2-1B -> None requests
[2026-08-22 15:50:12.650 Model_Service_3] [PAPER-KV-V6] fetch meta-llama/Llama-3.1-8B -> None requests
[2026-08-22 15:50:12.651 Model_Service_1] [PAPER-KV-V6] fetch Qwen/Qwen2.5-3B-Instruct -> None requests
[2026-08-22 15:50:12.655 Model_Service_4] [PAPER-KV-V6] fetch meta-llama/Llama-3.2-1B -> None requests
[2026-08-22 15:50:12.660 Model_Service_3] [PAPER-KV-V6] fetch meta-llama/Llama-3.1-8B -> None requests
[2026-08-22 15:50:12.662 Model_Service_1] [PAPER-KV-V6] fetch Qwen/Qwen2.5-3B-Instruct -> None requests
[2026-08-22 15:50:12.666 Model_Service_4] [PAPER-KV-V6] fetch meta-llama/Llama-3.2-1B -> None requests
[2026-08-22 15:50:12.671 Model_Service_3] [PAPER-KV-V6] fetch meta-llama/Llama-3.1-8B -> None requests
[2026-08-22 15:50:12.673 Model_Service_1] [PAPER-KV-V6] fetch Qwen/Qwen2.5-3B-Instruct -> None requests
[2026-08-22 15:50:12.677 Model_Service_4] [PAPER-KV-V6] fetch meta-llama/Llama-3.2-1B -> None requests
[2026-08-22 15:50:12.682 Model_Service_3] [PAPER-KV-V6] fetch meta-llama/Llama-3.1-8B -> None requests
[2026-08-22 15:50:12.683 Model_Service_1] [PAPER-KV-V6] fetch Qwen/Qwen2.5-3B-Instruct -> None requests
[2026-08-22 15:50:12.687 Model_Service_4] [PAPER-KV-V6] fetch meta-llama/Llama-3.2-1B -> None requests
[2026-08-22 15:50:12.692 Model_Service_3] [PAPER-KV-V6] fetch meta-llama/Llama-3.1-8B -> None requests
[2026-08-22 15:50:12.694 Model_Service_1] [PAPER-KV-V6] fetch Qwen/Qwen2.5-3B-Instruct -> None requests
[2026-08-22 15:50:12.698 Model_Service_4] [PAPER-KV-V6] fetch meta-llama/Llama-3.2-1B -> None requests
[2026-08-22 15:50:12.703 Model_Service_3] [PAPER-KV-V6] fetch meta-llama/Llama-3.1-8B -> None requests
[2026-08-22 15:50:12.705 Model_Service_1] [PAPER-KV-V6] fetch Qwen/Qwen2.5-3B-Instruct -> None requests
[2026-08-22 15:50:12.709 Model_Service_4] [PAPER-KV-V6] fetch meta-llama/Llama-3.2-1B -> None requests
[2026-08-22 15:50:12.714 Model_Service_3] [PAPER-KV-V6] fetch meta-llama/Llama-3.1-8B -> None requests
[2026-08-22 15:50:12.716 Model_Service_1] [PAPER-KV-V6] fetch Qwen/Qwen2.5-3B-Instruct -> None requests
[2026-08-22 15:50:12.719 Model_Service_4] [PAPER-KV-V6] fetch meta-llama/Llama-3.2-1B -> None requests
[2026-08-22 15:50:12.724 Model_Service_3] [PAPER-KV-V6] fetch meta-llama/Llama-3.1-8B -> None requests
[2026-08-22 15:50:12.726 Model_Service_1] [PAPER-KV-V6] fetch Qwen/Qwen2.5-3B-Instruct -> None requests
[2026-08-22 15:50:12.730 Model_Service_4] [PAPER-KV-V6] fetch meta-llama/Llama-3.2-1B -> None requests
[2026-08-22 15:50:12.735 Model_Service_3] [PAPER-KV-V6] fetch meta-llama/Llama-3.1-8B -> None requests
[2026-08-22 15:50:12.737 Model_Service_1] [PAPER-KV-V6] fetch Qwen/Qwen2.5-3B-Instruct -> None requests
[2026-08-22 15:50:12.741 Model_Service_4] [PAPER-KV-V6] fetch meta-llama/Llama-3.2-1B -> None requests
[2026-08-22 15:50:12.745 Model_Service_3] [PAPER-KV-V6] fetch meta-llama/Llama-3.1-8B -> None requests
[2026-08-22 15:50:12.748 Model_Service_1] [PAPER-KV-V6] fetch Qwen/Qwen2.5-3B-Instruct -> None requests
[2026-08-22 15:50:12.752 Model_Service_4] [PAPER-KV-V6] fetch meta-llama/Llama-3.2-1B -> None requests
[2026-08-22 15:50:12.756 Model_Service_3] [PAPER-KV-V6] fetch meta-llama/Llama-3.1-8B -> None requests
[2026-08-22 15:50:12.758 Model_Service_1] [PAPER-KV-V6] fetch Qwen/Qwen2.5-3B-Instruct -> None requests
[2026-08-22 15:50:12.763 Model_Service_4] [PAPER-KV-V6] fetch meta-llama/Llama-3.2-1B -> None requests
[2026-08-22 15:50:12.767 Model_Service_3] [PAPER-KV-V6] fetch meta-llama/Llama-3.1-8B -> None requests
[2026-08-22 15:50:12.769 Model_Service_1] [PAPER-KV-V6] fetch Qwen/Qwen2.5-3B-Instruct -> None requests
[2026-08-22 15:50:12.773 Model_Service_4] [PAPER-KV-V6] fetch meta-llama/Llama-3.2-1B -> None requests
[2026-08-22 15:50:12.778 Model_Service_3] [PAPER-KV-V6] fetch meta-llama/Llama-3.1-8B -> None requests
[2026-08-22 15:50:12.780 Model_Service_1] [PAPER-KV-V6] fetch Qwen/Qwen2.5-3B-Instruct -> None requests
[2026-08-22 15:50:12.784 Model_Service_4] [PAPER-KV-V6] fetch meta-llama/Llama-3.2-1B -> None requests
[2026-08-22 15:50:12.788 Model_Service_3] [PAPER-KV-V6] fetch meta-llama/Llama-3.1-8B -> None requests
[2026-08-22 15:50:12.790 Model_Service_1] [PAPER-KV-V6] fetch Qwen/Qwen2.5-3B-Instruct -> None requests
[2026-08-22 15:50:12.795 Model_Service_4] [PAPER-KV-V6] fetch meta-llama/Llama-3.2-1B -> None requests
[2026-08-22 15:50:12.799 Model_Service_3] [PAPER-KV-V6] fetch meta-llama/Llama-3.1-8B -> None requests
[2026-08-22 15:50:12.801 Model_Service_1] [PAPER-KV-V6] fetch Qwen/Qwen2.5-3B-Instruct -> None requests
[2026-08-22 15:50:12.806 Model_Service_4] [PAPER-KV-V6] fetch meta-llama/Llama-3.2-1B -> None requests
[2026-08-22 15:50:12.810 Model_Service_3] [PAPER-KV-V6] fetch meta-llama/Llama-3.1-8B -> None requests
[2026-08-22 15:50:12.812 Model_Service_1] [PAPER-KV-V6] fetch Qwen/Qwen2.5-3B-Instruct -> None requests
[2026-08-22 15:50:12.817 Model_Service_4] [PAPER-KV-V6] fetch meta-llama/Llama-3.2-1B -> None requests
[2026-08-22 15:50:12.820 Model_Service_3] [PAPER-KV-V6] fetch meta-llama/Llama-3.1-8B -> None requests
[2026-08-22 15:50:12.823 Model_Service_1] [PAPER-KV-V6] fetch Qwen/Qwen2.5-3B-Instruct -> None requests
[2026-08-22 15:50:12.827 Model_Service_4] [PAPER-KV-V6] fetch meta-llama/Llama-3.2-1B -> None requests
[2026-08-22 15:50:12.831 Model_Service_3] [PAPER-KV-V6] fetch meta-llama/Llama-3.1-8B -> None requests
[2026-08-22 15:50:12.833 Model_Service_1] [PAPER-KV-V6] fetch Qwen/Qwen2.5-3B-Instruct -> None requests
[2026-08-22 15:50:12.838 Model_Service_4] [PAPER-KV-V6] fetch meta-llama/Llama-3.2-1B -> None requests
[2026-08-22 15:50:12.842 Model_Service_3] [PAPER-KV-V6] fetch meta-llama/Llama-3.1-8B -> None requests
[2026-08-22 15:50:12.844 Model_Service_1] [PAPER-KV-V6] fetch Qwen/Qwen2.5-3B-Instruct -> None requests
[2026-08-22 15:50:12.849 Model_Service_4] [PAPER-KV-V6] fetch meta-llama/Llama-3.2-1B -> None requests
[2026-08-22 15:50:12.852 Model_Service_3] [PAPER-KV-V6] fetch meta-llama/Llama-3.1-8B -> None requests
[2026-08-22 15:50:12.855 Model_Service_1] [PAPER-KV-V6] fetch Qwen/Qwen2.5-3B-Instruct -> None requests
[2026-08-22 15:50:12.860 Model_Service_4] [PAPER-KV-V6] fetch meta-llama/Llama-3.2-1B -> None requests
[2026-08-22 15:50:12.863 Model_Service_3] [PAPER-KV-V6] fetch meta-llama/Llama-3.1-8B -> None requests
[2026-08-22 15:50:12.865 Model_Service_1] [PAPER-KV-V6] fetch Qwen/Qwen2.5-3B-Instruct -> None requests
[2026-08-22 15:50:12.871 Model_Service_4] [PAPER-KV-V6] fetch meta-llama/Llama-3.2-1B -> None requests
[2026-08-22 15:50:12.874 Model_Service_3] [PAPER-KV-V6] fetch meta-llama/Llama-3.1-8B -> None requests
[2026-08-22 15:50:12.876 Model_Service_1] [PAPER-KV-V6] fetch Qwen/Qwen2.5-3B-Instruct -> None requests
[2026-08-22 15:50:12.881 Model_Service_4] [PAPER-KV-V6] fetch meta-llama/Llama-3.2-1B -> None requests
[2026-08-22 15:50:12.884 Model_Service_3] [PAPER-KV-V6] fetch meta-llama/Llama-3.1-8B -> None requests
[2026-08-22 15:50:12.887 Model_Service_1] [PAPER-KV-V6] fetch Qwen/Qwen2.5-3B-Instruct -> None requests
[2026-08-22 15:50:12.892 Model_Service_4] [PAPER-KV-V6] fetch meta-llama/Llama-3.2-1B -> None requests
[2026-08-22 15:50:12.895 Model_Service_3] [PAPER-KV-V6] fetch meta-llama/Llama-3.1-8B -> None requests
[2026-08-22 15:50:12.897 Model_Service_1] [PAPER-KV-V6] fetch Qwen/Qwen2.5-3B-Instruct -> None requests
[2026-08-22 15:50:12.903 Model_Service_4] [PAPER-KV-V6] fetch meta-llama/Llama-3.2-1B -> None requests
[2026-08-22 15:50:12.906 Model_Service_3] [PAPER-KV-V6] fetch meta-llama/Llama-3.1-8B -> None requests
[2026-08-22 15:50:12.908 Model_Service_1] [PAPER-KV-V6] fetch Qwen/Qwen2.5-3B-Instruct -> None requests
[2026-08-22 15:50:12.913 Model_Service_4] [PAPER-KV-V6] fetch meta-llama/Llama-3.2-1B -> None requests
[2026-08-22 15:50:12.917 Model_Service_3] [PAPER-KV-V6] fetch meta-llama/Llama-3.1-8B -> None requests
[2026-08-22 15:50:12.919 Model_Service_1] [PAPER-KV-V6] fetch Qwen/Qwen2.5-3B-Instruct -> None requests
[2026-08-22 15:50:12.924 Model_Service_4] [PAPER-KV-V6] fetch meta-llama/Llama-3.2-1B -> None requests
[2026-08-22 15:50:12.927 Model_Service_3] [PAPER-KV-V6] fetch meta-llama/Llama-3.1-8B -> None requests
[2026-08-22 15:50:12.929 Model_Service_1] [PAPER-KV-V6] fetch Qwen/Qwen2.5-3B-Instruct -> None requests
[2026-08-22 15:50:12.935 Model_Service_4] [PAPER-KV-V6] fetch meta-llama/Llama-3.2-1B -> None requests
[2026-08-22 15:50:12.938 Model_Service_3] [PAPER-KV-V6] fetch meta-llama/Llama-3.1-8B -> None requests
[2026-08-22 15:50:12.940 Model_Service_1] [PAPER-KV-V6] fetch Qwen/Qwen2.5-3B-Instruct -> None requests
[2026-08-22 15:50:12.946 Model_Service_4] [PAPER-KV-V6] fetch meta-llama/Llama-3.2-1B -> None requests
[2026-08-22 15:50:12.949 Model_Service_3] [PAPER-KV-V6] fetch meta-llama/Llama-3.1-8B -> None requests
[2026-08-22 15:50:12.950 Model_Service_1] [PAPER-KV-V6] fetch Qwen/Qwen2.5-3B-Instruct -> None requests
[2026-08-22 15:50:12.956 Model_Service_4] [PAPER-KV-V6] fetch meta-llama/Llama-3.2-1B -> None requests
[2026-08-22 15:50:12.960 Model_Service_3] [PAPER-KV-V6] fetch meta-llama/Llama-3.1-8B -> None requests
[2026-08-22 15:50:12.961 Model_Service_1] [PAPER-KV-V6] fetch Qwen/Qwen2.5-3B-Instruct -> None requests
[2026-08-22 15:50:12.967 Model_Service_4] [PAPER-KV-V6] fetch meta-llama/Llama-3.2-1B -> None requests
[2026-08-22 15:50:12.971 Model_Service_3] [PAPER-KV-V6] fetch meta-llama/Llama-3.1-8B -> None requests
[2026-08-22 15:50:12.972 Model_Service_1] [PAPER-KV-V6] fetch Qwen/Qwen2.5-3B-Instruct -> None requests
[2026-08-22 15:50:12.978 Model_Service_4] [PAPER-KV-V6] fetch meta-llama/Llama-3.2-1B -> None requests
[2026-08-22 15:50:12.981 Model_Service_3] [PAPER-KV-V6] fetch meta-llama/Llama-3.1-8B -> None requests
[2026-08-22 15:50:12.982 Model_Service_1] [PAPER-KV-V6] fetch Qwen/Qwen2.5-3B-Instruct -> None requests
[2026-08-22 15:50:12.989 Model_Service_4] [PAPER-KV-V6] fetch meta-llama/Llama-3.2-1B -> None requests
[2026-08-22 15:50:12.992 Model_Service_3] [PAPER-KV-V6] fetch meta-llama/Llama-3.1-8B -> None requests
[2026-08-22 15:50:12.993 Model_Service_1] [PAPER-KV-V6] fetch Qwen/Qwen2.5-3B-Instruct -> None requests
[2026-08-22 15:50:12.999 Model_Service_4] [PAPER-KV-V6] fetch meta-llama/Llama-3.2-1B -> None requests
[2026-08-22 15:50:13.003 Model_Service_3] [PAPER-KV-V6] fetch meta-llama/Llama-3.1-8B -> None requests
[2026-08-22 15:50:13.004 Model_Service_1] [PAPER-KV-V6] fetch Qwen/Qwen2.5-3B-Instruct -> None requests
[2026-08-22 15:50:13.010 Model_Service_4] [PAPER-KV-V6] fetch meta-llama/Llama-3.2-1B -> None requests
[2026-08-22 15:50:13.014 Model_Service_3] [PAPER-KV-V6] fetch meta-llama/Llama-3.1-8B -> None requests
[2026-08-22 15:50:13.015 Model_Service_1] [PAPER-KV-V6] fetch Qwen/Qwen2.5-3B-Instruct -> None requests
[2026-08-22 15:50:13.021 Model_Service_4] [PAPER-KV-V6] fetch meta-llama/Llama-3.2-1B -> None requests
[2026-08-22 15:50:13.024 Model_Service_3] [PAPER-KV-V6] fetch meta-llama/Llama-3.1-8B -> None requests
[2026-08-22 15:50:13.025 Model_Service_1] [PAPER-KV-V6] fetch Qwen/Qwen2.5-3B-Instruct -> None requests
[2026-08-22 15:50:13.032 Model_Service_4] [PAPER-KV-V6] fetch meta-llama/Llama-3.2-1B -> None requests
[2026-08-22 15:50:13.035 Model_Service_3] [PAPER-KV-V6] fetch meta-llama/Llama-3.1-8B -> None requests
[2026-08-22 15:50:13.036 Model_Service_1] [PAPER-KV-V6] fetch Qwen/Qwen2.5-3B-Instruct -> None requests
[2026-08-22 15:50:13.043 Model_Service_4] [PAPER-KV-V6] fetch meta-llama/Llama-3.2-1B -> None requests
[2026-08-22 15:50:13.046 Model_Service_3] [PAPER-KV-V6] fetch meta-llama/Llama-3.1-8B -> None requests
[2026-08-22 15:50:13.046 Model_Service_1] [PAPER-KV-V6] fetch Qwen/Qwen2.5-3B-Instruct -> None requests
[2026-08-22 15:50:13.053 Model_Service_4] [PAPER-KV-V6] fetch meta-llama/Llama-3.2-1B -> None requests
[2026-08-22 15:50:13.057 Model_Service_3] [PAPER-KV-V6] fetch meta-llama/Llama-3.1-8B -> None requests
[2026-08-22 15:50:13.057 Model_Service_1] [PAPER-KV-V6] fetch Qwen/Qwen2.5-3B-Instruct -> None requests
[2026-08-22 15:50:13.064 Model_Service_4] [PAPER-KV-V6] fetch meta-llama/Llama-3.2-1B -> None requests
[2026-08-22 15:50:13.068 Model_Service_3] [PAPER-KV-V6] fetch meta-llama/Llama-3.1-8B -> None requests
[2026-08-22 15:50:13.068 Model_Service_1] [PAPER-KV-V6] fetch Qwen/Qwen2.5-3B-Instruct -> None requests
[2026-08-22 15:50:13.074 Model_Service_4] [PAPER-KV-V6] fetch meta-llama/Llama-3.2-1B -> None requests
[2026-08-22 15:50:13.078 Model_Service_3] [PAPER-KV-V6] fetch meta-llama/Llama-3.1-8B -> None requests
[2026-08-22 15:50:13.079 Model_Service_1] [PAPER-KV-V6] fetch Qwen/Qwen2.5-3B-Instruct -> None requests
[2026-08-22 15:50:13.085 Model_Service_4] [PAPER-KV-V6] fetch meta-llama/Llama-3.2-1B -> None requests
[2026-08-22 15:50:13.089 Model_Service_3] [PAPER-KV-V6] fetch meta-llama/Llama-3.1-8B -> None requests
[2026-08-22 15:50:13.089 Model_Service_1] [PAPER-KV-V6] fetch Qwen/Qwen2.5-3B-Instruct -> None requests
[2026-08-22 15:50:13.096 Model_Service_4] [PAPER-KV-V6] fetch meta-llama/Llama-3.2-1B -> None requests
[2026-08-22 15:50:13.100 Model_Service_3] [PAPER-KV-V6] fetch meta-llama/Llama-3.1-8B -> None requests
[2026-08-22 15:50:13.100 Model_Service_1] [PAPER-KV-V6] fetch Qwen/Qwen2.5-3B-Instruct -> None requests
[2026-08-22 15:50:13.106 Model_Service_4] [PAPER-KV-V6] fetch meta-llama/Llama-3.2-1B -> None requests
[2026-08-22 15:50:13.110 Model_Service_3] [PAPER-KV-V6] fetch meta-llama/Llama-3.1-8B -> None requests
[2026-08-22 15:50:13.111 Model_Service_1] [PAPER-KV-V6] fetch Qwen/Qwen2.5-3B-Instruct -> None requests
[2026-08-22 15:50:13.116 Model_Service_4] [PAPER-KV-V6] fetch meta-llama/Llama-3.2-1B -> None requests
[2026-08-22 15:50:13.121 Model_Service_3] [PAPER-KV-V6] fetch meta-llama/Llama-3.1-8B -> None requests
[2026-08-22 15:50:13.122 Model_Service_1] [PAPER-KV-V6] fetch Qwen/Qwen2.5-3B-Instruct -> None requests
[2026-08-22 15:50:13.127 Model_Service_4] [PAPER-KV-V6] fetch meta-llama/Llama-3.2-1B -> None requests
[2026-08-22 15:50:13.131 Model_Service_3] [PAPER-KV-V6] fetch meta-llama/Llama-3.1-8B -> None requests
[2026-08-22 15:50:13.132 Model_Service_1] [PAPER-KV-V6] fetch Qwen/Qwen2.5-3B-Instruct -> None requests
[2026-08-22 15:50:13.138 Model_Service_4] [PAPER-KV-V6] fetch meta-llama/Llama-3.2-1B -> None requests
[2026-08-22 15:50:13.142 Model_Service_3] [PAPER-KV-V6] fetch meta-llama/Llama-3.1-8B -> None requests
[2026-08-22 15:50:13.143 Model_Service_1] [PAPER-KV-V6] fetch Qwen/Qwen2.5-3B-Instruct -> None requests
[2026-08-22 15:50:13.148 Model_Service_4] [PAPER-KV-V6] fetch meta-llama/Llama-3.2-1B -> None requests
[2026-08-22 15:50:13.153 Model_Service_3] [PAPER-KV-V6] fetch meta-llama/Llama-3.1-8B -> None requests
[2026-08-22 15:50:13.154 Model_Service_1] [PAPER-KV-V6] fetch Qwen/Qwen2.5-3B-Instruct -> None requests
[2026-08-22 15:50:13.159 Model_Service_4] [PAPER-KV-V6] fetch meta-llama/Llama-3.2-1B -> None requests
[2026-08-22 15:50:13.163 Model_Service_3] [PAPER-KV-V6] fetch meta-llama/Llama-3.1-8B -> None requests
[2026-08-22 15:50:13.165 Model_Service_1] [PAPER-KV-V6] fetch Qwen/Qwen2.5-3B-Instruct -> None requests
[2026-08-22 15:50:13.169 Model_Service_4] [PAPER-KV-V6] fetch meta-llama/Llama-3.2-1B -> None requests
[2026-08-22 15:50:13.174 Model_Service_3] [PAPER-KV-V6] fetch meta-llama/Llama-3.1-8B -> None requests
[2026-08-22 15:50:13.175 Model_Service_1] [PAPER-KV-V6] fetch Qwen/Qwen2.5-3B-Instruct -> None requests
[2026-08-22 15:50:13.180 Model_Service_4] [PAPER-KV-V6] fetch meta-llama/Llama-3.2-1B -> None requests
[2026-08-22 15:50:13.185 Model_Service_3] [PAPER-KV-V6] fetch meta-llama/Llama-3.1-8B -> None requests
[2026-08-22 15:50:13.186 Model_Service_1] [PAPER-KV-V6] fetch Qwen/Qwen2.5-3B-Instruct -> None requests
[2026-08-22 15:50:13.190 Model_Service_4] [PAPER-KV-V6] fetch meta-llama/Llama-3.2-1B -> None requests
[2026-08-22 15:50:13.195 Model_Service_3] [PAPER-KV-V6] fetch meta-llama/Llama-3.1-8B -> None requests
[2026-08-22 15:50:13.197 Model_Service_1] [PAPER-KV-V6] fetch Qwen/Qwen2.5-3B-Instruct -> None requests
[2026-08-22 15:50:13.201 Model_Service_4] [PAPER-KV-V6] fetch meta-llama/Llama-3.2-1B -> None requests
[2026-08-22 15:50:13.206 Model_Service_3] [PAPER-KV-V6] fetch meta-llama/Llama-3.1-8B -> None requests
[2026-08-22 15:50:13.208 Model_Service_1] [PAPER-KV-V6] fetch Qwen/Qwen2.5-3B-Instruct -> None requests
[2026-08-22 15:50:13.211 Model_Service_4] [PAPER-KV-V6] fetch meta-llama/Llama-3.2-1B -> None requests
[2026-08-22 15:50:13.217 Model_Service_3] [PAPER-KV-V6] fetch meta-llama/Llama-3.1-8B -> None requests
[2026-08-22 15:50:13.218 Model_Service_1] [PAPER-KV-V6] fetch Qwen/Qwen2.5-3B-Instruct -> None requests
[2026-08-22 15:50:13.222 Model_Service_4] [PAPER-KV-V6] fetch meta-llama/Llama-3.2-1B -> None requests
[2026-08-22 15:50:13.227 Model_Service_3] [PAPER-KV-V6] fetch meta-llama/Llama-3.1-8B -> None requests
[2026-08-22 15:50:13.229 Model_Service_1] [PAPER-KV-V6] fetch Qwen/Qwen2.5-3B-Instruct -> None requests
[2026-08-22 15:50:13.232 Model_Service_4] [PAPER-KV-V6] fetch meta-llama/Llama-3.2-1B -> None requests
[2026-08-22 15:50:13.238 Model_Service_3] [PAPER-KV-V6] fetch meta-llama/Llama-3.1-8B -> None requests
[2026-08-22 15:50:13.240 Model_Service_1] [PAPER-KV-V6] fetch Qwen/Qwen2.5-3B-Instruct -> None requests
[2026-08-22 15:50:13.243 Model_Service_4] [PAPER-KV-V6] fetch meta-llama/Llama-3.2-1B -> None requests
[2026-08-22 15:50:13.249 Model_Service_3] [PAPER-KV-V6] fetch meta-llama/Llama-3.1-8B -> None requests
[2026-08-22 15:50:13.250 Model_Service_1] [PAPER-KV-V6] fetch Qwen/Qwen2.5-3B-Instruct -> None requests
[2026-08-22 15:50:13.253 Model_Service_4] [PAPER-KV-V6] fetch meta-llama/Llama-3.2-1B -> None requests
[2026-08-22 15:50:13.259 Model_Service_3] [PAPER-KV-V6] fetch meta-llama/Llama-3.1-8B -> None requests
[2026-08-22 15:50:13.261 Model_Service_1] [PAPER-KV-V6] fetch Qwen/Qwen2.5-3B-Instruct -> None requests
[2026-08-22 15:50:13.263 Model_Service_4] [PAPER-KV-V6] fetch meta-llama/Llama-3.2-1B -> None requests
[2026-08-22 15:50:13.270 Model_Service_3] [PAPER-KV-V6] fetch meta-llama/Llama-3.1-8B -> None requests
[2026-08-22 15:50:13.272 Model_Service_1] [PAPER-KV-V6] fetch Qwen/Qwen2.5-3B-Instruct -> None requests
[2026-08-22 15:50:13.274 Model_Service_4] [PAPER-KV-V6] fetch meta-llama/Llama-3.2-1B -> None requests
[2026-08-22 15:50:13.281 Model_Service_3] [PAPER-KV-V6] fetch meta-llama/Llama-3.1-8B -> None requests
[2026-08-22 15:50:13.283 Model_Service_1] [PAPER-KV-V6] fetch Qwen/Qwen2.5-3B-Instruct -> None requests
[2026-08-22 15:50:13.284 Model_Service_4] [PAPER-KV-V6] fetch meta-llama/Llama-3.2-1B -> None requests
[2026-08-22 15:50:13.291 Model_Service_3] [PAPER-KV-V6] fetch meta-llama/Llama-3.1-8B -> None requests
[2026-08-22 15:50:13.293 Model_Service_1] [PAPER-KV-V6] fetch Qwen/Qwen2.5-3B-Instruct -> None requests
[2026-08-22 15:50:13.295 Model_Service_4] [PAPER-KV-V6] fetch meta-llama/Llama-3.2-1B -> None requests
[2026-08-22 15:50:13.302 Model_Service_3] [PAPER-KV-V6] fetch meta-llama/Llama-3.1-8B -> None requests
[2026-08-22 15:50:13.304 Model_Service_1] [PAPER-KV-V6] fetch Qwen/Qwen2.5-3B-Instruct -> None requests
[2026-08-22 15:50:13.305 Model_Service_4] [PAPER-KV-V6] fetch meta-llama/Llama-3.2-1B -> None requests
[2026-08-22 15:50:13.313 Model_Service_3] [PAPER-KV-V6] fetch meta-llama/Llama-3.1-8B -> None requests
[2026-08-22 15:50:13.315 Model_Service_1] [PAPER-KV-V6] fetch Qwen/Qwen2.5-3B-Instruct -> None requests
[2026-08-22 15:50:13.316 Model_Service_4] [PAPER-KV-V6] fetch meta-llama/Llama-3.2-1B -> None requests
[2026-08-22 15:50:13.323 Model_Service_3] [PAPER-KV-V6] fetch meta-llama/Llama-3.1-8B -> None requests
[2026-08-22 15:50:13.326 Model_Service_1] [PAPER-KV-V6] fetch Qwen/Qwen2.5-3B-Instruct -> None requests
[2026-08-22 15:50:13.326 Model_Service_4] [PAPER-KV-V6] fetch meta-llama/Llama-3.2-1B -> None requests
[2026-08-22 15:50:13.334 Model_Service_3] [PAPER-KV-V6] fetch meta-llama/Llama-3.1-8B -> None requests
[2026-08-22 15:50:13.337 Model_Service_1] [PAPER-KV-V6] fetch Qwen/Qwen2.5-3B-Instruct -> None requests
[2026-08-22 15:50:13.337 Model_Service_4] [PAPER-KV-V6] fetch meta-llama/Llama-3.2-1B -> None requests
[2026-08-22 15:50:13.345 Model_Service_3] [PAPER-KV-V6] fetch meta-llama/Llama-3.1-8B -> None requests
[2026-08-22 15:50:13.347 Model_Service_1] [PAPER-KV-V6] fetch Qwen/Qwen2.5-3B-Instruct -> None requests
[2026-08-22 15:50:13.347 Model_Service_4] [PAPER-KV-V6] fetch meta-llama/Llama-3.2-1B -> None requests
[2026-08-22 15:50:13.356 Model_Service_3] [PAPER-KV-V6] fetch meta-llama/Llama-3.1-8B -> None requests
[2026-08-22 15:50:13.358 Model_Service_1] [PAPER-KV-V6] fetch Qwen/Qwen2.5-3B-Instruct -> None requests
[2026-08-22 15:50:13.358 Model_Service_4] [PAPER-KV-V6] fetch meta-llama/Llama-3.2-1B -> None requests
[2026-08-22 15:50:13.366 Model_Service_3] [PAPER-KV-V6] fetch meta-llama/Llama-3.1-8B -> None requests
[2026-08-22 15:50:13.368 Model_Service_1] [PAPER-KV-V6] fetch Qwen/Qwen2.5-3B-Instruct -> None requests
[2026-08-22 15:50:13.369 Model_Service_4] [PAPER-KV-V6] fetch meta-llama/Llama-3.2-1B -> None requests
[2026-08-22 15:50:13.377 Model_Service_3] [PAPER-KV-V6] fetch meta-llama/Llama-3.1-8B -> None requests
[2026-08-22 15:50:13.379 Model_Service_1] [PAPER-KV-V6] fetch Qwen/Qwen2.5-3B-Instruct -> None requests
[2026-08-22 15:50:13.379 Model_Service_4] [PAPER-KV-V6] fetch meta-llama/Llama-3.2-1B -> None requests
[2026-08-22 15:50:13.388 Model_Service_3] [PAPER-KV-V6] fetch meta-llama/Llama-3.1-8B -> None requests
[2026-08-22 15:50:13.390 Model_Service_1] [PAPER-KV-V6] fetch Qwen/Qwen2.5-3B-Instruct -> None requests
[2026-08-22 15:50:13.390 Model_Service_4] [PAPER-KV-V6] fetch meta-llama/Llama-3.2-1B -> None requests
[2026-08-22 15:50:13.399 Model_Service_3] [PAPER-KV-V6] fetch meta-llama/Llama-3.1-8B -> None requests
[2026-08-22 15:50:13.400 Model_Service_1] [PAPER-KV-V6] fetch Qwen/Qwen2.5-3B-Instruct -> None requests
[2026-08-22 15:50:13.401 Model_Service_4] [PAPER-KV-V6] fetch meta-llama/Llama-3.2-1B -> None requests
[2026-08-22 15:50:13.410 Model_Service_3] [PAPER-KV-V6] fetch meta-llama/Llama-3.1-8B -> None requests
[2026-08-22 15:50:13.411 Model_Service_1] [PAPER-KV-V6] fetch Qwen/Qwen2.5-3B-Instruct -> None requests
[2026-08-22 15:50:13.411 Model_Service_4] [PAPER-KV-V6] fetch meta-llama/Llama-3.2-1B -> None requests
[2026-08-22 15:50:13.421 Model_Service_3] [PAPER-KV-V6] fetch meta-llama/Llama-3.1-8B -> None requests
[2026-08-22 15:50:13.422 Model_Service_1] [PAPER-KV-V6] fetch Qwen/Qwen2.5-3B-Instruct -> None requests
[2026-08-22 15:50:13.422 Model_Service_4] [PAPER-KV-V6] fetch meta-llama/Llama-3.2-1B -> None requests
[2026-08-22 15:50:13.431 Model_Service_3] [PAPER-KV-V6] fetch meta-llama/Llama-3.1-8B -> None requests
[2026-08-22 15:50:13.432 Model_Service_1] [PAPER-KV-V6] fetch Qwen/Qwen2.5-3B-Instruct -> None requests
[2026-08-22 15:50:13.433 Model_Service_4] [PAPER-KV-V6] fetch meta-llama/Llama-3.2-1B -> None requests
[2026-08-22 15:50:13.442 Model_Service_3] [PAPER-KV-V6] fetch meta-llama/Llama-3.1-8B -> None requests
[2026-08-22 15:50:13.443 Model_Service_1] [PAPER-KV-V6] fetch Qwen/Qwen2.5-3B-Instruct -> None requests
[2026-08-22 15:50:13.443 Model_Service_4] [PAPER-KV-V6] fetch meta-llama/Llama-3.2-1B -> None requests
[2026-08-22 15:50:13.453 Model_Service_3] [PAPER-KV-V6] fetch meta-llama/Llama-3.1-8B -> None requests
[2026-08-22 15:50:13.454 Model_Service_1] [PAPER-KV-V6] fetch Qwen/Qwen2.5-3B-Instruct -> None requests
[2026-08-22 15:50:13.454 Model_Service_4] [PAPER-KV-V6] fetch meta-llama/Llama-3.2-1B -> None requests
[2026-08-22 15:50:13.464 Model_Service_3] [PAPER-KV-V6] fetch meta-llama/Llama-3.1-8B -> None requests
[2026-08-22 15:50:13.464 Model_Service_1] [PAPER-KV-V6] fetch Qwen/Qwen2.5-3B-Instruct -> None requests
[2026-08-22 15:50:13.465 Model_Service_4] [PAPER-KV-V6] fetch meta-llama/Llama-3.2-1B -> None requests
[2026-08-22 15:50:13.474 Model_Service_3] [PAPER-KV-V6] fetch meta-llama/Llama-3.1-8B -> None requests
[2026-08-22 15:50:13.475 Model_Service_1] [PAPER-KV-V6] fetch Qwen/Qwen2.5-3B-Instruct -> None requests
[2026-08-22 15:50:13.475 Model_Service_4] [PAPER-KV-V6] fetch meta-llama/Llama-3.2-1B -> None requests
[2026-08-22 15:50:13.485 Model_Service_3] [PAPER-KV-V6] fetch meta-llama/Llama-3.1-8B -> None requests
[2026-08-22 15:50:13.485 Model_Service_1] [PAPER-KV-V6] fetch Qwen/Qwen2.5-3B-Instruct -> None requests
[2026-08-22 15:50:13.486 Model_Service_4] [PAPER-KV-V6] fetch meta-llama/Llama-3.2-1B -> None requests
[2026-08-22 15:50:13.496 Model_Service_3] [PAPER-KV-V6] fetch meta-llama/Llama-3.1-8B -> None requests
[2026-08-22 15:50:13.496 Model_Service_1] [PAPER-KV-V6] fetch Qwen/Qwen2.5-3B-Instruct -> None requests
[2026-08-22 15:50:13.497 Model_Service_4] [PAPER-KV-V6] fetch meta-llama/Llama-3.2-1B -> None requests
[2026-08-22 15:50:13.507 Model_Service_1] [PAPER-KV-V6] fetch Qwen/Qwen2.5-3B-Instruct -> None requests
[2026-08-22 15:50:13.507 Model_Service_3] [PAPER-KV-V6] fetch meta-llama/Llama-3.1-8B -> None requests
[2026-08-22 15:50:13.507 Model_Service_4] [PAPER-KV-V6] fetch meta-llama/Llama-3.2-1B -> None requests
[2026-08-22 15:50:13.517 Model_Service_1] [PAPER-KV-V6] fetch Qwen/Qwen2.5-3B-Instruct -> None requests
[2026-08-22 15:50:13.518 Model_Service_3] [PAPER-KV-V6] fetch meta-llama/Llama-3.1-8B -> None requests
[2026-08-22 15:50:13.518 Model_Service_4] [PAPER-KV-V6] fetch meta-llama/Llama-3.2-1B -> None requests
[2026-08-22 15:50:13.528 Model_Service_1] [PAPER-KV-V6] fetch Qwen/Qwen2.5-3B-Instruct -> None requests
[2026-08-22 15:50:13.528 Model_Service_3] [PAPER-KV-V6] fetch meta-llama/Llama-3.1-8B -> None requests
[2026-08-22 15:50:13.529 Model_Service_4] [PAPER-KV-V6] fetch meta-llama/Llama-3.2-1B -> None requests
[2026-08-22 15:50:13.539 Model_Service_1] [PAPER-KV-V6] fetch Qwen/Qwen2.5-3B-Instruct -> None requests
[2026-08-22 15:50:13.539 Model_Service_3] [PAPER-KV-V6] fetch meta-llama/Llama-3.1-8B -> None requests
[2026-08-22 15:50:13.540 Model_Service_4] [PAPER-KV-V6] fetch meta-llama/Llama-3.2-1B -> None requests
[2026-08-22 15:50:13.549 Model_Service_1] [PAPER-KV-V6] fetch Qwen/Qwen2.5-3B-Instruct -> None requests
[2026-08-22 15:50:13.550 Model_Service_3] [PAPER-KV-V6] fetch meta-llama/Llama-3.1-8B -> None requests
[2026-08-22 15:50:13.550 Model_Service_4] [PAPER-KV-V6] fetch meta-llama/Llama-3.2-1B -> None requests
[2026-08-22 15:50:13.560 Model_Service_1] [PAPER-KV-V6] fetch Qwen/Qwen2.5-3B-Instruct -> None requests
[2026-08-22 15:50:13.561 Model_Service_3] [PAPER-KV-V6] fetch meta-llama/Llama-3.1-8B -> None requests
[2026-08-22 15:50:13.561 Model_Service_4] [PAPER-KV-V6] fetch meta-llama/Llama-3.2-1B -> None requests
[2026-08-22 15:50:13.570 Model_Service_1] [PAPER-KV-V6] fetch Qwen/Qwen2.5-3B-Instruct -> None requests
[2026-08-22 15:50:13.571 Model_Service_3] [PAPER-KV-V6] fetch meta-llama/Llama-3.1-8B -> None requests
[2026-08-22 15:50:13.572 Model_Service_4] [PAPER-KV-V6] fetch meta-llama/Llama-3.2-1B -> None requests
[2026-08-22 15:50:13.581 Model_Service_1] [PAPER-KV-V6] fetch Qwen/Qwen2.5-3B-Instruct -> None requests
[2026-08-22 15:50:13.582 Model_Service_3] [PAPER-KV-V6] fetch meta-llama/Llama-3.1-8B -> None requests
[2026-08-22 15:50:13.582 Model_Service_4] [PAPER-KV-V6] fetch meta-llama/Llama-3.2-1B -> None requests
[2026-08-22 15:50:13.591 Model_Service_1] [PAPER-KV-V6] fetch Qwen/Qwen2.5-3B-Instruct -> None requests
[2026-08-22 15:50:13.592 Model_Service_3] [PAPER-KV-V6] fetch meta-llama/Llama-3.1-8B -> None requests
[2026-08-22 15:50:13.593 Model_Service_4] [PAPER-KV-V6] fetch meta-llama/Llama-3.2-1B -> None requests
[2026-08-22 15:50:13.602 Model_Service_1] [PAPER-KV-V6] fetch Qwen/Qwen2.5-3B-Instruct -> None requests
[2026-08-22 15:50:13.603 Model_Service_3] [PAPER-KV-V6] fetch meta-llama/Llama-3.1-8B -> None requests
[2026-08-22 15:50:13.603 Model_Service_4] [PAPER-KV-V6] fetch meta-llama/Llama-3.2-1B -> None requests
[2026-08-22 15:50:13.612 Model_Service_1] [PAPER-KV-V6] fetch Qwen/Qwen2.5-3B-Instruct -> None requests
[2026-08-22 15:50:13.613 Model_Service_3] [PAPER-KV-V6] fetch meta-llama/Llama-3.1-8B -> None requests
[2026-08-22 15:50:13.614 Model_Service_4] [PAPER-KV-V6] fetch meta-llama/Llama-3.2-1B -> None requests
[2026-08-22 15:50:13.622 Model_Service_1] [PAPER-KV-V6] fetch Qwen/Qwen2.5-3B-Instruct -> None requests
[2026-08-22 15:50:13.623 Model_Service_3] [PAPER-KV-V6] fetch meta-llama/Llama-3.1-8B -> None requests
[2026-08-22 15:50:13.624 Model_Service_4] [PAPER-KV-V6] fetch meta-llama/Llama-3.2-1B -> None requests
[2026-08-22 15:50:13.632 Model_Service_1] [PAPER-KV-V6] fetch Qwen/Qwen2.5-3B-Instruct -> None requests
[2026-08-22 15:50:13.634 Model_Service_3] [PAPER-KV-V6] fetch meta-llama/Llama-3.1-8B -> None requests
[2026-08-22 15:50:13.634 Model_Service_4] [PAPER-KV-V6] fetch meta-llama/Llama-3.2-1B -> None requests
[2026-08-22 15:50:13.643 Model_Service_1] [PAPER-KV-V6] fetch Qwen/Qwen2.5-3B-Instruct -> None requests
[2026-08-22 15:50:13.644 Model_Service_3] [PAPER-KV-V6] fetch meta-llama/Llama-3.1-8B -> None requests
[2026-08-22 15:50:13.645 Model_Service_4] [PAPER-KV-V6] fetch meta-llama/Llama-3.2-1B -> None requests
[2026-08-22 15:50:13.653 Model_Service_1] [PAPER-KV-V6] fetch Qwen/Qwen2.5-3B-Instruct -> None requests
[2026-08-22 15:50:13.654 Model_Service_3] [PAPER-KV-V6] fetch meta-llama/Llama-3.1-8B -> None requests
[2026-08-22 15:50:13.655 Model_Service_4] [PAPER-KV-V6] fetch meta-llama/Llama-3.2-1B -> None requests
[2026-08-22 15:50:13.663 Model_Service_1] [PAPER-KV-V6] fetch Qwen/Qwen2.5-3B-Instruct -> None requests
[2026-08-22 15:50:13.665 Model_Service_3] [PAPER-KV-V6] fetch meta-llama/Llama-3.1-8B -> None requests
[2026-08-22 15:50:13.665 Model_Service_4] [PAPER-KV-V6] fetch meta-llama/Llama-3.2-1B -> None requests
[2026-08-22 15:50:13.673 Model_Service_1] [PAPER-KV-V6] fetch Qwen/Qwen2.5-3B-Instruct -> None requests
[2026-08-22 15:50:13.675 Model_Service_3] [PAPER-KV-V6] fetch meta-llama/Llama-3.1-8B -> None requests
[2026-08-22 15:50:13.676 Model_Service_4] [PAPER-KV-V6] fetch meta-llama/Llama-3.2-1B -> None requests
[2026-08-22 15:50:13.684 Model_Service_1] [PAPER-KV-V6] fetch Qwen/Qwen2.5-3B-Instruct -> None requests
[2026-08-22 15:50:13.686 Model_Service_3] [PAPER-KV-V6] fetch meta-llama/Llama-3.1-8B -> None requests
[2026-08-22 15:50:13.686 Model_Service_4] [PAPER-KV-V6] fetch meta-llama/Llama-3.2-1B -> None requests
[2026-08-22 15:50:13.694 Model_Service_1] [PAPER-KV-V6] fetch Qwen/Qwen2.5-3B-Instruct -> None requests
[2026-08-22 15:50:13.696 Model_Service_3] [PAPER-KV-V6] fetch meta-llama/Llama-3.1-8B -> None requests
[2026-08-22 15:50:13.697 Model_Service_4] [PAPER-KV-V6] fetch meta-llama/Llama-3.2-1B -> None requests
[2026-08-22 15:50:13.704 Model_Service_1] [PAPER-KV-V6] fetch Qwen/Qwen2.5-3B-Instruct -> None requests
[2026-08-22 15:50:13.707 Model_Service_3] [PAPER-KV-V6] fetch meta-llama/Llama-3.1-8B -> None requests
[2026-08-22 15:50:13.707 Model_Service_4] [PAPER-KV-V6] fetch meta-llama/Llama-3.2-1B -> None requests
[2026-08-22 15:50:13.714 Model_Service_1] [PAPER-KV-V6] fetch Qwen/Qwen2.5-3B-Instruct -> None requests
[2026-08-22 15:50:13.717 Model_Service_3] [PAPER-KV-V6] fetch meta-llama/Llama-3.1-8B -> None requests
[2026-08-22 15:50:13.717 Model_Service_4] [PAPER-KV-V6] fetch meta-llama/Llama-3.2-1B -> None requests
[2026-08-22 15:50:13.725 Model_Service_1] [PAPER-KV-V6] fetch Qwen/Qwen2.5-3B-Instruct -> None requests
[2026-08-22 15:50:13.728 Model_Service_3] [PAPER-KV-V6] fetch meta-llama/Llama-3.1-8B -> None requests
[2026-08-22 15:50:13.728 Model_Service_4] [PAPER-KV-V6] fetch meta-llama/Llama-3.2-1B -> None requests
[2026-08-22 15:50:13.735 Model_Service_1] [PAPER-KV-V6] fetch Qwen/Qwen2.5-3B-Instruct -> None requests
[2026-08-22 15:50:13.738 Model_Service_3] [PAPER-KV-V6] fetch meta-llama/Llama-3.1-8B -> None requests
[2026-08-22 15:50:13.738 Model_Service_4] [PAPER-KV-V6] fetch meta-llama/Llama-3.2-1B -> None requests
[2026-08-22 15:50:13.746 Model_Service_1] [PAPER-KV-V6] fetch Qwen/Qwen2.5-3B-Instruct -> None requests
[2026-08-22 15:50:13.749 Model_Service_4] [PAPER-KV-V6] fetch meta-llama/Llama-3.2-1B -> None requests
[2026-08-22 15:50:13.749 Model_Service_3] [PAPER-KV-V6] fetch meta-llama/Llama-3.1-8B -> None requests
[2026-08-22 15:50:13.757 Model_Service_1] [PAPER-KV-V6] fetch Qwen/Qwen2.5-3B-Instruct -> None requests
[2026-08-22 15:50:13.759 Model_Service_4] [PAPER-KV-V6] fetch meta-llama/Llama-3.2-1B -> None requests
[2026-08-22 15:50:13.759 Model_Service_3] [PAPER-KV-V6] fetch meta-llama/Llama-3.1-8B -> None requests
[2026-08-22 15:50:13.767 Model_Service_1] [PAPER-KV-V6] fetch Qwen/Qwen2.5-3B-Instruct -> None requests
[2026-08-22 15:50:13.770 Model_Service_4] [PAPER-KV-V6] fetch meta-llama/Llama-3.2-1B -> None requests
[2026-08-22 15:50:13.770 Model_Service_3] [PAPER-KV-V6] fetch meta-llama/Llama-3.1-8B -> None requests
[2026-08-22 15:50:13.772 Model_Service_0] Model service 0 input queue is empty, waiting for next request
[2026-08-22 15:50:13.778 Model_Service_1] [PAPER-KV-V6] fetch Qwen/Qwen2.5-3B-Instruct -> None requests
[2026-08-22 15:50:13.780 Model_Service_4] [PAPER-KV-V6] fetch meta-llama/Llama-3.2-1B -> None requests
[2026-08-22 15:50:13.781 Model_Service_3] [PAPER-KV-V6] fetch meta-llama/Llama-3.1-8B -> None requests
[2026-08-22 15:50:13.788 Model_Service_1] [PAPER-KV-V6] fetch Qwen/Qwen2.5-3B-Instruct -> None requests
[2026-08-22 15:50:13.791 Model_Service_4] [PAPER-KV-V6] fetch meta-llama/Llama-3.2-1B -> None requests
[2026-08-22 15:50:13.791 Model_Service_3] [PAPER-KV-V6] fetch meta-llama/Llama-3.1-8B -> None requests
[2026-08-22 15:50:13.799 Model_Service_1] [PAPER-KV-V6] fetch Qwen/Qwen2.5-3B-Instruct -> None requests
[2026-08-22 15:50:13.801 Model_Service_4] [PAPER-KV-V6] fetch meta-llama/Llama-3.2-1B -> None requests
[2026-08-22 15:50:13.801 Model_Service_3] [PAPER-KV-V6] fetch meta-llama/Llama-3.1-8B -> None requests
[2026-08-22 15:50:13.809 Model_Service_1] [PAPER-KV-V6] fetch Qwen/Qwen2.5-3B-Instruct -> None requests
[2026-08-22 15:50:13.811 Model_Service_4] [PAPER-KV-V6] fetch meta-llama/Llama-3.2-1B -> None requests
[2026-08-22 15:50:13.812 Model_Service_3] [PAPER-KV-V6] fetch meta-llama/Llama-3.1-8B -> None requests
[2026-08-22 15:50:13.820 Model_Service_1] [PAPER-KV-V6] fetch Qwen/Qwen2.5-3B-Instruct -> None requests
[2026-08-22 15:50:13.822 Model_Service_3] [PAPER-KV-V6] fetch meta-llama/Llama-3.1-8B -> None requests
[2026-08-22 15:50:13.830 Model_Service_1] [PAPER-KV-V6] fetch Qwen/Qwen2.5-3B-Instruct -> None requests
[2026-08-22 15:50:13.833 Model_Service_3] [PAPER-KV-V6] fetch meta-llama/Llama-3.1-8B -> None requests
[2026-08-22 15:50:13.840 Model_Service_1] [PAPER-KV-V6] fetch Qwen/Qwen2.5-3B-Instruct -> None requests
[2026-08-22 15:50:13.844 Model_Service_3] [PAPER-KV-V6] fetch meta-llama/Llama-3.1-8B -> None requests
[2026-08-22 15:50:13.851 Model_Service_1] [PAPER-KV-V6] fetch Qwen/Qwen2.5-3B-Instruct -> None requests
[2026-08-22 15:50:13.854 Model_Service_3] [PAPER-KV-V6] fetch meta-llama/Llama-3.1-8B -> None requests
[2026-08-22 15:50:13.862 Model_Service_1] [PAPER-KV-V6] fetch Qwen/Qwen2.5-3B-Instruct -> None requests
[2026-08-22 15:50:13.865 Model_Service_3] [PAPER-KV-V6] fetch meta-llama/Llama-3.1-8B -> None requests
[2026-08-22 15:50:13.872 Model_Service_1] [PAPER-KV-V6] fetch Qwen/Qwen2.5-3B-Instruct -> None requests
[2026-08-22 15:50:13.875 Model_Service_3] [PAPER-KV-V6] fetch meta-llama/Llama-3.1-8B -> None requests
[2026-08-22 15:50:13.882 Model_Service_1] [PAPER-KV-V6] fetch Qwen/Qwen2.5-3B-Instruct -> None requests
[2026-08-22 15:50:13.885 Model_Service_3] [PAPER-KV-V6] fetch meta-llama/Llama-3.1-8B -> None requests
[2026-08-22 15:50:13.893 Model_Service_1] [PAPER-KV-V6] fetch Qwen/Qwen2.5-3B-Instruct -> None requests
[2026-08-22 15:50:13.896 Model_Service_3] [PAPER-KV-V6] fetch meta-llama/Llama-3.1-8B -> None requests
[2026-08-22 15:50:13.903 Model_Service_1] [PAPER-KV-V6] fetch Qwen/Qwen2.5-3B-Instruct -> None requests
[2026-08-22 15:50:13.906 Model_Service_3] [PAPER-KV-V6] fetch meta-llama/Llama-3.1-8B -> None requests
[2026-08-22 15:50:13.914 Model_Service_1] [PAPER-KV-V6] fetch Qwen/Qwen2.5-3B-Instruct -> None requests
[2026-08-22 15:50:13.917 Model_Service_3] [PAPER-KV-V6] fetch meta-llama/Llama-3.1-8B -> None requests
[2026-08-22 15:50:13.924 Model_Service_1] [PAPER-KV-V6] fetch Qwen/Qwen2.5-3B-Instruct -> None requests
[2026-08-22 15:50:13.927 Model_Service_3] [PAPER-KV-V6] fetch meta-llama/Llama-3.1-8B -> None requests
[2026-08-22 15:50:13.935 Model_Service_1] [PAPER-KV-V6] fetch Qwen/Qwen2.5-3B-Instruct -> None requests
[2026-08-22 15:50:13.943 Model_Service_3] [PAPER-KV-V6] fetch meta-llama/Llama-3.1-8B -> None requests
[2026-08-22 15:50:13.945 Model_Service_1] [PAPER-KV-V6] fetch Qwen/Qwen2.5-3B-Instruct -> None requests
[2026-08-22 15:50:13.953 Model_Service_3] [PAPER-KV-V6] fetch meta-llama/Llama-3.1-8B -> None requests
[2026-08-22 15:50:13.955 Model_Service_1] [PAPER-KV-V6] fetch Qwen/Qwen2.5-3B-Instruct -> None requests
[2026-08-22 15:50:13.964 Model_Service_3] [PAPER-KV-V6] fetch meta-llama/Llama-3.1-8B -> None requests
[2026-08-22 15:50:13.966 Model_Service_1] [PAPER-KV-V6] fetch Qwen/Qwen2.5-3B-Instruct -> None requests
[2026-08-22 15:50:13.974 Model_Service_3] [PAPER-KV-V6] fetch meta-llama/Llama-3.1-8B -> None requests
[2026-08-22 15:50:13.976 Model_Service_1] [PAPER-KV-V6] fetch Qwen/Qwen2.5-3B-Instruct -> None requests
[2026-08-22 15:50:13.985 Model_Service_3] [PAPER-KV-V6] fetch meta-llama/Llama-3.1-8B -> None requests
[2026-08-22 15:50:13.987 Model_Service_1] [PAPER-KV-V6] fetch Qwen/Qwen2.5-3B-Instruct -> None requests
[2026-08-22 15:50:13.995 Model_Service_3] [PAPER-KV-V6] fetch meta-llama/Llama-3.1-8B -> None requests
[2026-08-22 15:50:13.997 Model_Service_1] [PAPER-KV-V6] fetch Qwen/Qwen2.5-3B-Instruct -> None requests
[2026-08-22 15:50:14.006 Model_Service_3] [PAPER-KV-V6] fetch meta-llama/Llama-3.1-8B -> None requests
[2026-08-22 15:50:14.007 Model_Service_1] [PAPER-KV-V6] fetch Qwen/Qwen2.5-3B-Instruct -> None requests
[2026-08-22 15:50:14.016 Model_Service_3] [PAPER-KV-V6] fetch meta-llama/Llama-3.1-8B -> None requests
[2026-08-22 15:50:14.018 Model_Service_1] [PAPER-KV-V6] fetch Qwen/Qwen2.5-3B-Instruct -> None requests
[2026-08-22 15:50:14.027 Model_Service_3] [PAPER-KV-V6] fetch meta-llama/Llama-3.1-8B -> None requests
[2026-08-22 15:50:14.029 Model_Service_1] [PAPER-KV-V6] fetch Qwen/Qwen2.5-3B-Instruct -> None requests
[2026-08-22 15:50:14.038 Model_Service_3] [PAPER-KV-V6] fetch meta-llama/Llama-3.1-8B -> None requests
[2026-08-22 15:50:14.040 Model_Service_1] [PAPER-KV-V6] fetch Qwen/Qwen2.5-3B-Instruct -> None requests
[2026-08-22 15:50:14.049 Model_Service_3] [PAPER-KV-V6] fetch meta-llama/Llama-3.1-8B -> None requests
[2026-08-22 15:50:14.050 Model_Service_1] [PAPER-KV-V6] fetch Qwen/Qwen2.5-3B-Instruct -> None requests
[2026-08-22 15:50:14.060 Model_Service_3] [PAPER-KV-V6] fetch meta-llama/Llama-3.1-8B -> None requests
[2026-08-22 15:50:14.061 Model_Service_1] [PAPER-KV-V6] fetch Qwen/Qwen2.5-3B-Instruct -> None requests
[2026-08-22 15:50:14.070 Model_Service_3] [PAPER-KV-V6] fetch meta-llama/Llama-3.1-8B -> None requests
[2026-08-22 15:50:14.071 Model_Service_1] [PAPER-KV-V6] fetch Qwen/Qwen2.5-3B-Instruct -> None requests
[2026-08-22 15:50:14.081 Model_Service_3] [PAPER-KV-V6] fetch meta-llama/Llama-3.1-8B -> None requests
[2026-08-22 15:50:14.082 Model_Service_1] [PAPER-KV-V6] fetch Qwen/Qwen2.5-3B-Instruct -> None requests
[2026-08-22 15:50:14.092 Model_Service_3] [PAPER-KV-V6] fetch meta-llama/Llama-3.1-8B -> None requests
[2026-08-22 15:50:14.093 Model_Service_1] [PAPER-KV-V6] fetch Qwen/Qwen2.5-3B-Instruct -> None requests
[2026-08-22 15:50:14.103 Model_Service_3] [PAPER-KV-V6] fetch meta-llama/Llama-3.1-8B -> None requests
[2026-08-22 15:50:14.104 Model_Service_1] [PAPER-KV-V6] fetch Qwen/Qwen2.5-3B-Instruct -> None requests
[2026-08-22 15:50:14.114 Model_Service_3] [PAPER-KV-V6] fetch meta-llama/Llama-3.1-8B -> None requests
[2026-08-22 15:50:14.114 Model_Service_1] [PAPER-KV-V6] fetch Qwen/Qwen2.5-3B-Instruct -> None requests
[2026-08-22 15:50:14.125 Model_Service_3] [PAPER-KV-V6] fetch meta-llama/Llama-3.1-8B -> None requests
[2026-08-22 15:50:14.125 Model_Service_1] [PAPER-KV-V6] fetch Qwen/Qwen2.5-3B-Instruct -> None requests
[2026-08-22 15:50:14.136 Model_Service_3] [PAPER-KV-V6] fetch meta-llama/Llama-3.1-8B -> None requests
[2026-08-22 15:50:14.136 Model_Service_1] [PAPER-KV-V6] fetch Qwen/Qwen2.5-3B-Instruct -> None requests
[2026-08-22 15:50:14.146 Model_Service_3] [PAPER-KV-V6] fetch meta-llama/Llama-3.1-8B -> None requests
[2026-08-22 15:50:14.146 Model_Service_1] [PAPER-KV-V6] fetch Qwen/Qwen2.5-3B-Instruct -> None requests
[2026-08-22 15:50:14.157 Model_Service_1] [PAPER-KV-V6] fetch Qwen/Qwen2.5-3B-Instruct -> None requests
[2026-08-22 15:50:14.157 Model_Service_3] [PAPER-KV-V6] fetch meta-llama/Llama-3.1-8B -> None requests
[2026-08-22 15:50:14.168 Model_Service_3] [PAPER-KV-V6] fetch meta-llama/Llama-3.1-8B -> None requests
[2026-08-22 15:50:14.168 Model_Service_1] [PAPER-KV-V6] fetch Qwen/Qwen2.5-3B-Instruct -> None requests
[2026-08-22 15:50:14.179 Model_Service_3] [PAPER-KV-V6] fetch meta-llama/Llama-3.1-8B -> None requests
[2026-08-22 15:50:14.179 Model_Service_1] [PAPER-KV-V6] fetch Qwen/Qwen2.5-3B-Instruct -> None requests
[2026-08-22 15:50:14.189 Model_Service_3] [PAPER-KV-V6] fetch meta-llama/Llama-3.1-8B -> None requests
[2026-08-22 15:50:14.190 Model_Service_1] [PAPER-KV-V6] fetch Qwen/Qwen2.5-3B-Instruct -> None requests
[2026-08-22 15:50:14.200 Model_Service_3] [PAPER-KV-V6] fetch meta-llama/Llama-3.1-8B -> None requests
[2026-08-22 15:50:14.200 Model_Service_1] [PAPER-KV-V6] fetch Qwen/Qwen2.5-3B-Instruct -> None requests
[2026-08-22 15:50:14.211 Model_Service_3] [PAPER-KV-V6] fetch meta-llama/Llama-3.1-8B -> None requests
[2026-08-22 15:50:14.211 Model_Service_1] [PAPER-KV-V6] fetch Qwen/Qwen2.5-3B-Instruct -> None requests
[2026-08-22 15:50:14.222 Model_Service_3] [PAPER-KV-V6] fetch meta-llama/Llama-3.1-8B -> None requests
[2026-08-22 15:50:14.222 Model_Service_1] [PAPER-KV-V6] fetch Qwen/Qwen2.5-3B-Instruct -> None requests
[2026-08-22 15:50:14.233 Model_Service_1] [PAPER-KV-V6] fetch Qwen/Qwen2.5-3B-Instruct -> None requests
[2026-08-22 15:50:14.233 Model_Service_3] [PAPER-KV-V6] fetch meta-llama/Llama-3.1-8B -> None requests
[2026-08-22 15:50:14.243 Model_Service_1] [PAPER-KV-V6] fetch Qwen/Qwen2.5-3B-Instruct -> None requests
[2026-08-22 15:50:14.243 Model_Service_3] [PAPER-KV-V6] fetch meta-llama/Llama-3.1-8B -> None requests
[2026-08-22 15:50:14.254 Model_Service_1] [PAPER-KV-V6] fetch Qwen/Qwen2.5-3B-Instruct -> None requests
[2026-08-22 15:50:14.254 Model_Service_3] [PAPER-KV-V6] fetch meta-llama/Llama-3.1-8B -> None requests
[2026-08-22 15:50:14.265 Model_Service_1] [PAPER-KV-V6] fetch Qwen/Qwen2.5-3B-Instruct -> None requests
[2026-08-22 15:50:14.265 Model_Service_3] [PAPER-KV-V6] fetch meta-llama/Llama-3.1-8B -> None requests
[2026-08-22 15:50:14.276 Model_Service_1] [PAPER-KV-V6] fetch Qwen/Qwen2.5-3B-Instruct -> None requests
[2026-08-22 15:50:14.276 Model_Service_3] [PAPER-KV-V6] fetch meta-llama/Llama-3.1-8B -> None requests
[2026-08-22 15:50:14.287 Model_Service_1] [PAPER-KV-V6] fetch Qwen/Qwen2.5-3B-Instruct -> None requests
[2026-08-22 15:50:14.287 Model_Service_3] [PAPER-KV-V6] fetch meta-llama/Llama-3.1-8B -> None requests
[2026-08-22 15:50:14.298 Model_Service_1] [PAPER-KV-V6] fetch Qwen/Qwen2.5-3B-Instruct -> None requests
[2026-08-22 15:50:14.298 Model_Service_3] [PAPER-KV-V6] fetch meta-llama/Llama-3.1-8B -> None requests
[2026-08-22 15:50:14.309 Model_Service_1] [PAPER-KV-V6] fetch Qwen/Qwen2.5-3B-Instruct -> None requests
[2026-08-22 15:50:14.309 Model_Service_3] [PAPER-KV-V6] fetch meta-llama/Llama-3.1-8B -> None requests
[2026-08-22 15:50:14.319 Model_Service_1] [PAPER-KV-V6] fetch Qwen/Qwen2.5-3B-Instruct -> None requests
[2026-08-22 15:50:14.319 Model_Service_3] [PAPER-KV-V6] fetch meta-llama/Llama-3.1-8B -> None requests
[2026-08-22 15:50:14.330 Model_Service_3] [PAPER-KV-V6] fetch meta-llama/Llama-3.1-8B -> None requests
[2026-08-22 15:50:14.330 Model_Service_1] [PAPER-KV-V6] fetch Qwen/Qwen2.5-3B-Instruct -> None requests
[2026-08-22 15:50:14.341 Model_Service_3] [PAPER-KV-V6] fetch meta-llama/Llama-3.1-8B -> None requests
[2026-08-22 15:50:14.341 Model_Service_1] [PAPER-KV-V6] fetch Qwen/Qwen2.5-3B-Instruct -> None requests
[2026-08-22 15:50:14.352 Model_Service_3] [PAPER-KV-V6] fetch meta-llama/Llama-3.1-8B -> None requests
[2026-08-22 15:50:14.352 Model_Service_1] [PAPER-KV-V6] fetch Qwen/Qwen2.5-3B-Instruct -> None requests
[2026-08-22 15:50:14.362 Model_Service_3] [PAPER-KV-V6] fetch meta-llama/Llama-3.1-8B -> None requests
[2026-08-22 15:50:14.363 Model_Service_1] [PAPER-KV-V6] fetch Qwen/Qwen2.5-3B-Instruct -> None requests
[2026-08-22 15:50:14.373 Model_Service_3] [PAPER-KV-V6] fetch meta-llama/Llama-3.1-8B -> None requests
[2026-08-22 15:50:14.374 Model_Service_1] [PAPER-KV-V6] fetch Qwen/Qwen2.5-3B-Instruct -> None requests
[2026-08-22 15:50:14.384 Model_Service_3] [PAPER-KV-V6] fetch meta-llama/Llama-3.1-8B -> None requests
[2026-08-22 15:50:14.384 Model_Service_1] [PAPER-KV-V6] fetch Qwen/Qwen2.5-3B-Instruct -> None requests
[2026-08-22 15:50:14.395 Model_Service_3] [PAPER-KV-V6] fetch meta-llama/Llama-3.1-8B -> None requests
[2026-08-22 15:50:14.395 Model_Service_1] [PAPER-KV-V6] fetch Qwen/Qwen2.5-3B-Instruct -> None requests
[2026-08-22 15:50:14.406 Model_Service_1] [PAPER-KV-V6] fetch Qwen/Qwen2.5-3B-Instruct -> None requests
[2026-08-22 15:50:14.406 Model_Service_3] [PAPER-KV-V6] fetch meta-llama/Llama-3.1-8B -> None requests
[2026-08-22 15:50:14.417 Model_Service_1] [PAPER-KV-V6] fetch Qwen/Qwen2.5-3B-Instruct -> None requests
[2026-08-22 15:50:14.417 Model_Service_3] [PAPER-KV-V6] fetch meta-llama/Llama-3.1-8B -> None requests
[2026-08-22 15:50:14.427 Model_Service_1] [PAPER-KV-V6] fetch Qwen/Qwen2.5-3B-Instruct -> None requests
[2026-08-22 15:50:14.428 Model_Service_3] [PAPER-KV-V6] fetch meta-llama/Llama-3.1-8B -> None requests
[2026-08-22 15:50:14.438 Model_Service_1] [PAPER-KV-V6] fetch Qwen/Qwen2.5-3B-Instruct -> None requests
[2026-08-22 15:50:14.438 Model_Service_3] [PAPER-KV-V6] fetch meta-llama/Llama-3.1-8B -> None requests
[2026-08-22 15:50:14.449 Model_Service_1] [PAPER-KV-V6] fetch Qwen/Qwen2.5-3B-Instruct -> None requests
[2026-08-22 15:50:14.449 Model_Service_3] [PAPER-KV-V6] fetch meta-llama/Llama-3.1-8B -> None requests
[2026-08-22 15:50:14.459 Model_Service_1] [PAPER-KV-V6] fetch Qwen/Qwen2.5-3B-Instruct -> None requests
[2026-08-22 15:50:14.460 Model_Service_3] [PAPER-KV-V6] fetch meta-llama/Llama-3.1-8B -> None requests
[2026-08-22 15:50:14.470 Model_Service_1] [PAPER-KV-V6] fetch Qwen/Qwen2.5-3B-Instruct -> None requests
[2026-08-22 15:50:14.471 Model_Service_3] [PAPER-KV-V6] fetch meta-llama/Llama-3.1-8B -> None requests
[2026-08-22 15:50:14.481 Model_Service_1] [PAPER-KV-V6] fetch Qwen/Qwen2.5-3B-Instruct -> None requests
[2026-08-22 15:50:14.481 Model_Service_3] [PAPER-KV-V6] fetch meta-llama/Llama-3.1-8B -> None requests
[2026-08-22 15:50:14.492 Model_Service_1] [PAPER-KV-V6] fetch Qwen/Qwen2.5-3B-Instruct -> None requests
[2026-08-22 15:50:14.493 Model_Service_3] [PAPER-KV-V6] fetch meta-llama/Llama-3.1-8B -> None requests
[2026-08-22 15:50:14.503 Model_Service_1] [PAPER-KV-V6] fetch Qwen/Qwen2.5-3B-Instruct -> None requests
[2026-08-22 15:50:14.503 Model_Service_3] [PAPER-KV-V6] fetch meta-llama/Llama-3.1-8B -> None requests
[2026-08-22 15:50:14.514 Model_Service_3] [PAPER-KV-V6] fetch meta-llama/Llama-3.1-8B -> None requests
[2026-08-22 15:50:14.515 Model_Service_1] [PAPER-KV-V6] fetch Qwen/Qwen2.5-3B-Instruct -> None requests
[2026-08-22 15:50:14.525 Model_Service_3] [PAPER-KV-V6] fetch meta-llama/Llama-3.1-8B -> None requests
[2026-08-22 15:50:14.526 Model_Service_1] [PAPER-KV-V6] fetch Qwen/Qwen2.5-3B-Instruct -> None requests
[2026-08-22 15:50:14.535 Model_Service_3] [PAPER-KV-V6] fetch meta-llama/Llama-3.1-8B -> None requests
[2026-08-22 15:50:14.537 Model_Service_1] [PAPER-KV-V6] fetch Qwen/Qwen2.5-3B-Instruct -> None requests
[2026-08-22 15:50:14.546 Model_Service_3] [PAPER-KV-V6] fetch meta-llama/Llama-3.1-8B -> None requests
[2026-08-22 15:50:14.548 Model_Service_1] [PAPER-KV-V6] fetch Qwen/Qwen2.5-3B-Instruct -> None requests
[2026-08-22 15:50:14.557 Model_Service_3] [PAPER-KV-V6] fetch meta-llama/Llama-3.1-8B -> None requests
[2026-08-22 15:50:14.558 Model_Service_1] [PAPER-KV-V6] fetch Qwen/Qwen2.5-3B-Instruct -> None requests
[2026-08-22 15:50:14.567 Model_Service_3] [PAPER-KV-V6] fetch meta-llama/Llama-3.1-8B -> None requests
[2026-08-22 15:50:14.569 Model_Service_1] [PAPER-KV-V6] fetch Qwen/Qwen2.5-3B-Instruct -> None requests
[2026-08-22 15:50:14.578 Model_Service_3] [PAPER-KV-V6] fetch meta-llama/Llama-3.1-8B -> None requests
[2026-08-22 15:50:14.580 Model_Service_1] [PAPER-KV-V6] fetch Qwen/Qwen2.5-3B-Instruct -> None requests
[2026-08-22 15:50:14.589 Model_Service_3] [PAPER-KV-V6] fetch meta-llama/Llama-3.1-8B -> None requests
[2026-08-22 15:50:14.591 Model_Service_1] [PAPER-KV-V6] fetch Qwen/Qwen2.5-3B-Instruct -> None requests
[2026-08-22 15:50:14.600 Model_Service_3] [PAPER-KV-V6] fetch meta-llama/Llama-3.1-8B -> None requests
[2026-08-22 15:50:14.601 Model_Service_1] [PAPER-KV-V6] fetch Qwen/Qwen2.5-3B-Instruct -> None requests
[2026-08-22 15:50:14.611 Model_Service_3] [PAPER-KV-V6] fetch meta-llama/Llama-3.1-8B -> None requests
[2026-08-22 15:50:14.612 Model_Service_1] [PAPER-KV-V6] fetch Qwen/Qwen2.5-3B-Instruct -> None requests
[2026-08-22 15:50:14.621 Model_Service_3] [PAPER-KV-V6] fetch meta-llama/Llama-3.1-8B -> None requests
[2026-08-22 15:50:14.623 Model_Service_1] [PAPER-KV-V6] fetch Qwen/Qwen2.5-3B-Instruct -> None requests
[2026-08-22 15:50:14.632 Model_Service_3] [PAPER-KV-V6] fetch meta-llama/Llama-3.1-8B -> None requests
[2026-08-22 15:50:14.634 Model_Service_1] [PAPER-KV-V6] fetch Qwen/Qwen2.5-3B-Instruct -> None requests
[2026-08-22 15:50:14.643 Model_Service_3] [PAPER-KV-V6] fetch meta-llama/Llama-3.1-8B -> None requests
[2026-08-22 15:50:14.644 Model_Service_1] [PAPER-KV-V6] fetch Qwen/Qwen2.5-3B-Instruct -> None requests
[2026-08-22 15:50:14.653 Model_Service_3] [PAPER-KV-V6] fetch meta-llama/Llama-3.1-8B -> None requests
[2026-08-22 15:50:14.655 Model_Service_1] [PAPER-KV-V6] fetch Qwen/Qwen2.5-3B-Instruct -> None requests
[2026-08-22 15:50:14.664 Model_Service_3] [PAPER-KV-V6] fetch meta-llama/Llama-3.1-8B -> None requests
[2026-08-22 15:50:14.666 Model_Service_1] [PAPER-KV-V6] fetch Qwen/Qwen2.5-3B-Instruct -> None requests
[2026-08-22 15:50:14.675 Model_Service_3] [PAPER-KV-V6] fetch meta-llama/Llama-3.1-8B -> None requests
[2026-08-22 15:50:14.676 Model_Service_1] [PAPER-KV-V6] fetch Qwen/Qwen2.5-3B-Instruct -> None requests
[2026-08-22 15:50:14.685 Model_Service_3] [PAPER-KV-V6] fetch meta-llama/Llama-3.1-8B -> None requests
[2026-08-22 15:50:14.687 Model_Service_1] [PAPER-KV-V6] fetch Qwen/Qwen2.5-3B-Instruct -> None requests
[2026-08-22 15:50:14.696 Model_Service_3] [PAPER-KV-V6] fetch meta-llama/Llama-3.1-8B -> None requests
[2026-08-22 15:50:14.698 Model_Service_1] [PAPER-KV-V6] fetch Qwen/Qwen2.5-3B-Instruct -> None requests
[2026-08-22 15:50:14.707 Model_Service_3] [PAPER-KV-V6] fetch meta-llama/Llama-3.1-8B -> None requests
[2026-08-22 15:50:14.709 Model_Service_1] [PAPER-KV-V6] fetch Qwen/Qwen2.5-3B-Instruct -> None requests
[2026-08-22 15:50:14.718 Model_Service_3] [PAPER-KV-V6] fetch meta-llama/Llama-3.1-8B -> None requests
[2026-08-22 15:50:14.719 Model_Service_1] [PAPER-KV-V6] fetch Qwen/Qwen2.5-3B-Instruct -> None requests
[2026-08-22 15:50:14.728 Model_Service_3] [PAPER-KV-V6] fetch meta-llama/Llama-3.1-8B -> None requests
[2026-08-22 15:50:14.730 Model_Service_1] [PAPER-KV-V6] fetch Qwen/Qwen2.5-3B-Instruct -> None requests
[2026-08-22 15:50:14.739 Model_Service_3] [PAPER-KV-V6] fetch meta-llama/Llama-3.1-8B -> None requests
[2026-08-22 15:50:14.741 Model_Service_1] [PAPER-KV-V6] fetch Qwen/Qwen2.5-3B-Instruct -> None requests
[2026-08-22 15:50:14.750 Model_Service_3] [PAPER-KV-V6] fetch meta-llama/Llama-3.1-8B -> None requests
[2026-08-22 15:50:14.751 Model_Service_1] [PAPER-KV-V6] fetch Qwen/Qwen2.5-3B-Instruct -> None requests
[2026-08-22 15:50:14.760 Model_Service_3] [PAPER-KV-V6] fetch meta-llama/Llama-3.1-8B -> None requests
[2026-08-22 15:50:14.762 Model_Service_1] [PAPER-KV-V6] fetch Qwen/Qwen2.5-3B-Instruct -> None requests
[2026-08-22 15:50:14.771 Model_Service_3] [PAPER-KV-V6] fetch meta-llama/Llama-3.1-8B -> None requests
[2026-08-22 15:50:14.773 Model_Service_1] [PAPER-KV-V6] fetch Qwen/Qwen2.5-3B-Instruct -> None requests
[2026-08-22 15:50:14.781 Model_Service_3] [PAPER-KV-V6] fetch meta-llama/Llama-3.1-8B -> None requests
[2026-08-22 15:50:14.783 Model_Service_1] [PAPER-KV-V6] fetch Qwen/Qwen2.5-3B-Instruct -> None requests
[2026-08-22 15:50:14.792 Model_Service_3] [PAPER-KV-V6] fetch meta-llama/Llama-3.1-8B -> None requests
[2026-08-22 15:50:14.794 Model_Service_1] [PAPER-KV-V6] fetch Qwen/Qwen2.5-3B-Instruct -> None requests
[2026-08-22 15:50:14.803 Model_Service_3] [PAPER-KV-V6] fetch meta-llama/Llama-3.1-8B -> None requests
[2026-08-22 15:50:14.805 Model_Service_1] [PAPER-KV-V6] fetch Qwen/Qwen2.5-3B-Instruct -> None requests
[2026-08-22 15:50:14.813 Model_Service_3] [PAPER-KV-V6] fetch meta-llama/Llama-3.1-8B -> None requests
[2026-08-22 15:50:14.816 Model_Service_1] [PAPER-KV-V6] fetch Qwen/Qwen2.5-3B-Instruct -> None requests
[2026-08-22 15:50:14.824 Model_Service_3] [PAPER-KV-V6] fetch meta-llama/Llama-3.1-8B -> None requests
[2026-08-22 15:50:14.826 Model_Service_1] [PAPER-KV-V6] fetch Qwen/Qwen2.5-3B-Instruct -> None requests
[2026-08-22 15:50:14.835 Model_Service_3] [PAPER-KV-V6] fetch meta-llama/Llama-3.1-8B -> None requests
[2026-08-22 15:50:14.837 Model_Service_1] [PAPER-KV-V6] fetch Qwen/Qwen2.5-3B-Instruct -> None requests
[2026-08-22 15:50:14.845 Model_Service_3] [PAPER-KV-V6] fetch meta-llama/Llama-3.1-8B -> None requests
[2026-08-22 15:50:14.848 Model_Service_1] [PAPER-KV-V6] fetch Qwen/Qwen2.5-3B-Instruct -> None requests
[2026-08-22 15:50:14.856 Model_Service_3] [PAPER-KV-V6] fetch meta-llama/Llama-3.1-8B -> None requests
[2026-08-22 15:50:14.859 Model_Service_1] [PAPER-KV-V6] fetch Qwen/Qwen2.5-3B-Instruct -> None requests
[2026-08-22 15:50:14.867 Model_Service_3] [PAPER-KV-V6] fetch meta-llama/Llama-3.1-8B -> None requests
[2026-08-22 15:50:14.869 Model_Service_1] [PAPER-KV-V6] fetch Qwen/Qwen2.5-3B-Instruct -> None requests
[2026-08-22 15:50:14.877 Model_Service_3] [PAPER-KV-V6] fetch meta-llama/Llama-3.1-8B -> None requests
[2026-08-22 15:50:14.880 Model_Service_1] [PAPER-KV-V6] fetch Qwen/Qwen2.5-3B-Instruct -> None requests
[2026-08-22 15:50:14.888 Model_Service_3] [PAPER-KV-V6] fetch meta-llama/Llama-3.1-8B -> None requests
[2026-08-22 15:50:14.891 Model_Service_1] [PAPER-KV-V6] fetch Qwen/Qwen2.5-3B-Instruct -> None requests
[2026-08-22 15:50:14.899 Model_Service_3] [PAPER-KV-V6] fetch meta-llama/Llama-3.1-8B -> None requests
[2026-08-22 15:50:14.902 Model_Service_1] [PAPER-KV-V6] fetch Qwen/Qwen2.5-3B-Instruct -> None requests
[2026-08-22 15:50:14.910 Model_Service_3] [PAPER-KV-V6] fetch meta-llama/Llama-3.1-8B -> None requests
[2026-08-22 15:50:14.912 Model_Service_1] [PAPER-KV-V6] fetch Qwen/Qwen2.5-3B-Instruct -> None requests
[2026-08-22 15:50:14.920 Model_Service_3] [PAPER-KV-V6] fetch meta-llama/Llama-3.1-8B -> None requests
[2026-08-22 15:50:14.924 Model_Service_1] [PAPER-KV-V6] fetch Qwen/Qwen2.5-3B-Instruct -> None requests
[2026-08-22 15:50:14.931 Model_Service_3] [PAPER-KV-V6] fetch meta-llama/Llama-3.1-8B -> None requests
[2026-08-22 15:50:14.935 Model_Service_1] [PAPER-KV-V6] fetch Qwen/Qwen2.5-3B-Instruct -> None requests
[2026-08-22 15:50:14.942 Model_Service_3] [PAPER-KV-V6] fetch meta-llama/Llama-3.1-8B -> None requests
[2026-08-22 15:50:14.945 Model_Service_1] [PAPER-KV-V6] fetch Qwen/Qwen2.5-3B-Instruct -> None requests
[2026-08-22 15:50:14.952 Model_Service_3] [PAPER-KV-V6] fetch meta-llama/Llama-3.1-8B -> None requests
[2026-08-22 15:50:14.956 Model_Service_1] [PAPER-KV-V6] fetch Qwen/Qwen2.5-3B-Instruct -> None requests
[2026-08-22 15:50:14.963 Model_Service_3] [PAPER-KV-V6] fetch meta-llama/Llama-3.1-8B -> None requests
[2026-08-22 15:50:14.967 Model_Service_1] [PAPER-KV-V6] fetch Qwen/Qwen2.5-3B-Instruct -> None requests
[2026-08-22 15:50:14.974 Model_Service_3] [PAPER-KV-V6] fetch meta-llama/Llama-3.1-8B -> None requests
[2026-08-22 15:50:14.978 Model_Service_1] [PAPER-KV-V6] fetch Qwen/Qwen2.5-3B-Instruct -> None requests
[2026-08-22 15:50:14.985 Model_Service_3] [PAPER-KV-V6] fetch meta-llama/Llama-3.1-8B -> None requests
[2026-08-22 15:50:14.989 Model_Service_1] [PAPER-KV-V6] fetch Qwen/Qwen2.5-3B-Instruct -> None requests
[2026-08-22 15:50:14.996 Model_Service_3] [PAPER-KV-V6] fetch meta-llama/Llama-3.1-8B -> None requests
[2026-08-22 15:50:15.000 Model_Service_1] [PAPER-KV-V6] fetch Qwen/Qwen2.5-3B-Instruct -> None requests
[2026-08-22 15:50:15.006 Model_Service_3] [PAPER-KV-V6] fetch meta-llama/Llama-3.1-8B -> None requests
[2026-08-22 15:50:15.010 Model_Service_1] [PAPER-KV-V6] fetch Qwen/Qwen2.5-3B-Instruct -> None requests
[2026-08-22 15:50:15.017 Model_Service_3] [PAPER-KV-V6] fetch meta-llama/Llama-3.1-8B -> None requests
[2026-08-22 15:50:15.021 Model_Service_1] [PAPER-KV-V6] fetch Qwen/Qwen2.5-3B-Instruct -> None requests
[2026-08-22 15:50:15.028 Model_Service_3] [PAPER-KV-V6] fetch meta-llama/Llama-3.1-8B -> None requests
[2026-08-22 15:50:15.032 Model_Service_1] [PAPER-KV-V6] fetch Qwen/Qwen2.5-3B-Instruct -> None requests
[2026-08-22 15:50:15.039 Model_Service_3] [PAPER-KV-V6] fetch meta-llama/Llama-3.1-8B -> None requests
[2026-08-22 15:50:15.042 Model_Service_1] [PAPER-KV-V6] fetch Qwen/Qwen2.5-3B-Instruct -> None requests
[2026-08-22 15:50:15.049 Model_Service_3] [PAPER-KV-V6] fetch meta-llama/Llama-3.1-8B -> None requests
[2026-08-22 15:50:15.053 Model_Service_1] [PAPER-KV-V6] fetch Qwen/Qwen2.5-3B-Instruct -> None requests
[2026-08-22 15:50:15.060 Model_Service_3] [PAPER-KV-V6] fetch meta-llama/Llama-3.1-8B -> None requests
[2026-08-22 15:50:15.064 Model_Service_1] [PAPER-KV-V6] fetch Qwen/Qwen2.5-3B-Instruct -> None requests
[2026-08-22 15:50:15.070 Model_Service_3] [PAPER-KV-V6] fetch meta-llama/Llama-3.1-8B -> None requests
[2026-08-22 15:50:15.074 Model_Service_1] [PAPER-KV-V6] fetch Qwen/Qwen2.5-3B-Instruct -> None requests
[2026-08-22 15:50:15.081 Model_Service_3] [PAPER-KV-V6] fetch meta-llama/Llama-3.1-8B -> None requests
[2026-08-22 15:50:15.085 Model_Service_1] [PAPER-KV-V6] fetch Qwen/Qwen2.5-3B-Instruct -> None requests
[2026-08-22 15:50:15.092 Model_Service_3] [PAPER-KV-V6] fetch meta-llama/Llama-3.1-8B -> None requests
[2026-08-22 15:50:15.096 Model_Service_1] [PAPER-KV-V6] fetch Qwen/Qwen2.5-3B-Instruct -> None requests
[2026-08-22 15:50:15.102 Model_Service_3] [PAPER-KV-V6] fetch meta-llama/Llama-3.1-8B -> None requests
[2026-08-22 15:50:15.107 Model_Service_1] [PAPER-KV-V6] fetch Qwen/Qwen2.5-3B-Instruct -> None requests
[2026-08-22 15:50:15.113 Model_Service_3] [PAPER-KV-V6] fetch meta-llama/Llama-3.1-8B -> None requests
[2026-08-22 15:50:15.118 Model_Service_1] [PAPER-KV-V6] fetch Qwen/Qwen2.5-3B-Instruct -> None requests
[2026-08-22 15:50:15.124 Model_Service_3] [PAPER-KV-V6] fetch meta-llama/Llama-3.1-8B -> None requests
[2026-08-22 15:50:15.128 Model_Service_1] [PAPER-KV-V6] fetch Qwen/Qwen2.5-3B-Instruct -> None requests
[2026-08-22 15:50:15.134 Model_Service_3] [PAPER-KV-V6] fetch meta-llama/Llama-3.1-8B -> None requests
[2026-08-22 15:50:15.139 Model_Service_1] [PAPER-KV-V6] fetch Qwen/Qwen2.5-3B-Instruct -> None requests
[2026-08-22 15:50:15.145 Model_Service_3] [PAPER-KV-V6] fetch meta-llama/Llama-3.1-8B -> None requests
[2026-08-22 15:50:15.150 Model_Service_1] [PAPER-KV-V6] fetch Qwen/Qwen2.5-3B-Instruct -> None requests
[2026-08-22 15:50:15.156 Model_Service_3] [PAPER-KV-V6] fetch meta-llama/Llama-3.1-8B -> None requests
[2026-08-22 15:50:15.160 Model_Service_1] [PAPER-KV-V6] fetch Qwen/Qwen2.5-3B-Instruct -> None requests
[2026-08-22 15:50:15.167 Model_Service_3] [PAPER-KV-V6] fetch meta-llama/Llama-3.1-8B -> None requests
[2026-08-22 15:50:15.171 Model_Service_1] [PAPER-KV-V6] fetch Qwen/Qwen2.5-3B-Instruct -> None requests
[2026-08-22 15:50:15.177 Model_Service_3] [PAPER-KV-V6] fetch meta-llama/Llama-3.1-8B -> None requests
[2026-08-22 15:50:15.182 Model_Service_1] [PAPER-KV-V6] fetch Qwen/Qwen2.5-3B-Instruct -> None requests
[2026-08-22 15:50:15.188 Model_Service_3] [PAPER-KV-V6] fetch meta-llama/Llama-3.1-8B -> None requests
[2026-08-22 15:50:15.193 Model_Service_1] [PAPER-KV-V6] fetch Qwen/Qwen2.5-3B-Instruct -> None requests
[2026-08-22 15:50:15.199 Model_Service_3] [PAPER-KV-V6] fetch meta-llama/Llama-3.1-8B -> None requests
[2026-08-22 15:50:15.204 Model_Service_1] [PAPER-KV-V6] fetch Qwen/Qwen2.5-3B-Instruct -> None requests
[2026-08-22 15:50:15.209 Model_Service_3] [PAPER-KV-V6] fetch meta-llama/Llama-3.1-8B -> None requests
[2026-08-22 15:50:15.214 Model_Service_1] [PAPER-KV-V6] fetch Qwen/Qwen2.5-3B-Instruct -> None requests
[2026-08-22 15:50:15.220 Model_Service_3] [PAPER-KV-V6] fetch meta-llama/Llama-3.1-8B -> None requests
[2026-08-22 15:50:15.225 Model_Service_1] [PAPER-KV-V6] fetch Qwen/Qwen2.5-3B-Instruct -> None requests
[2026-08-22 15:50:15.231 Model_Service_3] [PAPER-KV-V6] fetch meta-llama/Llama-3.1-8B -> None requests
[2026-08-22 15:50:15.236 Model_Service_1] [PAPER-KV-V6] fetch Qwen/Qwen2.5-3B-Instruct -> None requests
[2026-08-22 15:50:15.242 Model_Service_3] [PAPER-KV-V6] fetch meta-llama/Llama-3.1-8B -> None requests
[2026-08-22 15:50:15.247 Model_Service_1] [PAPER-KV-V6] fetch Qwen/Qwen2.5-3B-Instruct -> None requests
[2026-08-22 15:50:15.252 Model_Service_3] [PAPER-KV-V6] fetch meta-llama/Llama-3.1-8B -> None requests
[2026-08-22 15:50:15.257 Model_Service_1] [PAPER-KV-V6] fetch Qwen/Qwen2.5-3B-Instruct -> None requests
[2026-08-22 15:50:15.263 Model_Service_3] [PAPER-KV-V6] fetch meta-llama/Llama-3.1-8B -> None requests
[2026-08-22 15:50:15.268 Model_Service_1] [PAPER-KV-V6] fetch Qwen/Qwen2.5-3B-Instruct -> None requests
[2026-08-22 15:50:15.274 Model_Service_3] [PAPER-KV-V6] fetch meta-llama/Llama-3.1-8B -> None requests
[2026-08-22 15:50:15.285 Model_Service_3] [PAPER-KV-V6] fetch meta-llama/Llama-3.1-8B -> None requests
[2026-08-22 15:50:15.296 Model_Service_3] [PAPER-KV-V6] fetch meta-llama/Llama-3.1-8B -> None requests
[2026-08-22 15:50:15.306 Model_Service_3] [PAPER-KV-V6] fetch meta-llama/Llama-3.1-8B -> None requests
[2026-08-22 15:50:15.314 Model_Service_2] Model service 2 input queue is empty, waiting for next request
[2026-08-22 15:50:15.318 Model_Service_3] [PAPER-KV-V6] fetch meta-llama/Llama-3.1-8B -> None requests
[2026-08-22 15:50:15.328 Model_Service_3] [PAPER-KV-V6] fetch meta-llama/Llama-3.1-8B -> None requests
[2026-08-22 15:50:15.339 Model_Service_3] [PAPER-KV-V6] fetch meta-llama/Llama-3.1-8B -> None requests
[2026-08-22 15:50:15.350 Model_Service_3] [PAPER-KV-V6] fetch meta-llama/Llama-3.1-8B -> None requests
[2026-08-22 15:50:15.360 Model_Service_3] [PAPER-KV-V6] fetch meta-llama/Llama-3.1-8B -> None requests
[2026-08-22 15:50:15.371 Model_Service_3] [PAPER-KV-V6] fetch meta-llama/Llama-3.1-8B -> None requests
[2026-08-22 15:50:15.382 Model_Service_3] [PAPER-KV-V6] fetch meta-llama/Llama-3.1-8B -> None requests
[2026-08-22 15:50:15.392 Model_Service_3] [PAPER-KV-V6] fetch meta-llama/Llama-3.1-8B -> None requests
[2026-08-22 15:50:15.403 Model_Service_3] [PAPER-KV-V6] fetch meta-llama/Llama-3.1-8B -> None requests
[2026-08-22 15:50:15.414 Model_Service_3] [PAPER-KV-V6] fetch meta-llama/Llama-3.1-8B -> None requests
[2026-08-22 15:50:15.425 Model_Service_3] [PAPER-KV-V6] fetch meta-llama/Llama-3.1-8B -> None requests
[2026-08-22 15:50:15.436 Model_Service_3] [PAPER-KV-V6] fetch meta-llama/Llama-3.1-8B -> None requests
[2026-08-22 15:50:15.446 Model_Service_3] [PAPER-KV-V6] fetch meta-llama/Llama-3.1-8B -> None requests
[2026-08-22 15:50:15.457 Model_Service_3] [PAPER-KV-V6] fetch meta-llama/Llama-3.1-8B -> None requests
[2026-08-22 15:50:15.468 Model_Service_3] [PAPER-KV-V6] fetch meta-llama/Llama-3.1-8B -> None requests
[2026-08-22 15:50:15.479 Model_Service_3] [PAPER-KV-V6] fetch meta-llama/Llama-3.1-8B -> None requests
[2026-08-22 15:50:15.490 Model_Service_3] [PAPER-KV-V6] fetch meta-llama/Llama-3.1-8B -> None requests
[2026-08-22 15:50:15.501 Model_Service_3] [PAPER-KV-V6] fetch meta-llama/Llama-3.1-8B -> None requests
[2026-08-22 15:50:15.512 Model_Service_3] [PAPER-KV-V6] fetch meta-llama/Llama-3.1-8B -> None requests
[2026-08-22 15:50:15.522 Model_Service_3] [PAPER-KV-V6] fetch meta-llama/Llama-3.1-8B -> None requests
[2026-08-22 15:50:15.533 Model_Service_3] [PAPER-KV-V6] fetch meta-llama/Llama-3.1-8B -> None requests
[2026-08-22 15:50:15.544 Model_Service_3] [PAPER-KV-V6] fetch meta-llama/Llama-3.1-8B -> None requests
[2026-08-22 15:50:15.555 Model_Service_3] [PAPER-KV-V6] fetch meta-llama/Llama-3.1-8B -> None requests
[2026-08-22 15:50:15.565 Model_Service_3] [PAPER-KV-V6] fetch meta-llama/Llama-3.1-8B -> None requests
[2026-08-22 15:50:15.576 Model_Service_3] [PAPER-KV-V6] fetch meta-llama/Llama-3.1-8B -> None requests
[2026-08-22 15:50:15.587 Model_Service_3] [PAPER-KV-V6] fetch meta-llama/Llama-3.1-8B -> None requests
[2026-08-22 15:50:15.598 Model_Service_3] [PAPER-KV-V6] fetch meta-llama/Llama-3.1-8B -> None requests
[2026-08-22 15:50:15.609 Model_Service_3] [PAPER-KV-V6] fetch meta-llama/Llama-3.1-8B -> None requests
[2026-08-22 15:50:15.620 Model_Service_3] [PAPER-KV-V6] fetch meta-llama/Llama-3.1-8B -> None requests
[2026-08-22 15:50:15.630 Model_Service_3] [PAPER-KV-V6] fetch meta-llama/Llama-3.1-8B -> None requests
[2026-08-22 15:50:15.641 Model_Service_3] [PAPER-KV-V6] fetch meta-llama/Llama-3.1-8B -> None requests
[2026-08-22 15:50:15.652 Model_Service_3] [PAPER-KV-V6] fetch meta-llama/Llama-3.1-8B -> None requests
[2026-08-22 15:50:15.663 Model_Service_3] [PAPER-KV-V6] fetch meta-llama/Llama-3.1-8B -> None requests
[2026-08-22 15:50:15.674 Model_Service_3] [PAPER-KV-V6] fetch meta-llama/Llama-3.1-8B -> None requests
[2026-08-22 15:50:15.685 Model_Service_3] [PAPER-KV-V6] fetch meta-llama/Llama-3.1-8B -> None requests
[2026-08-22 15:50:15.695 Model_Service_3] [PAPER-KV-V6] fetch meta-llama/Llama-3.1-8B -> None requests
[2026-08-22 15:50:15.706 Model_Service_3] [PAPER-KV-V6] fetch meta-llama/Llama-3.1-8B -> None requests
[2026-08-22 15:50:15.717 Model_Service_3] [PAPER-KV-V6] fetch meta-llama/Llama-3.1-8B -> None requests
[2026-08-22 15:50:15.728 Model_Service_3] [PAPER-KV-V6] fetch meta-llama/Llama-3.1-8B -> None requests
[2026-08-22 15:50:15.738 Model_Service_3] [PAPER-KV-V6] fetch meta-llama/Llama-3.1-8B -> None requests
[2026-08-22 15:50:15.749 Model_Service_3] [PAPER-KV-V6] fetch meta-llama/Llama-3.1-8B -> None requests
[2026-08-22 15:50:15.760 Model_Service_3] [PAPER-KV-V6] fetch meta-llama/Llama-3.1-8B -> None requests
[2026-08-22 15:50:15.771 Model_Service_3] [PAPER-KV-V6] fetch meta-llama/Llama-3.1-8B -> None requests
[2026-08-22 15:50:15.781 Model_Service_3] [PAPER-KV-V6] fetch meta-llama/Llama-3.1-8B -> None requests
[2026-08-22 15:50:15.792 Model_Service_3] [PAPER-KV-V6] fetch meta-llama/Llama-3.1-8B -> None requests
[2026-08-22 15:50:15.803 Model_Service_3] [PAPER-KV-V6] fetch meta-llama/Llama-3.1-8B -> None requests
[2026-08-22 15:50:15.814 Model_Service_3] [PAPER-KV-V6] fetch meta-llama/Llama-3.1-8B -> None requests
[2026-08-22 15:50:15.825 Model_Service_3] [PAPER-KV-V6] fetch meta-llama/Llama-3.1-8B -> None requests
[2026-08-22 15:50:15.835 Model_Service_3] [PAPER-KV-V6] fetch meta-llama/Llama-3.1-8B -> None requests
[2026-08-22 15:50:15.846 Model_Service_3] [PAPER-KV-V6] fetch meta-llama/Llama-3.1-8B -> None requests
[2026-08-22 15:50:15.857 Model_Service_3] [PAPER-KV-V6] fetch meta-llama/Llama-3.1-8B -> None requests
[2026-08-22 15:50:15.868 Model_Service_3] [PAPER-KV-V6] fetch meta-llama/Llama-3.1-8B -> None requests
[2026-08-22 15:50:15.878 Model_Service_3] [PAPER-KV-V6] fetch meta-llama/Llama-3.1-8B -> None requests
[2026-08-22 15:50:15.889 Model_Service_3] [PAPER-KV-V6] fetch meta-llama/Llama-3.1-8B -> None requests
[2026-08-22 15:50:15.900 Model_Service_3] [PAPER-KV-V6] fetch meta-llama/Llama-3.1-8B -> None requests
[2026-08-22 15:50:15.902 Model_Service_5] Model service 5 input queue is empty, waiting for next request
[2026-08-22 15:50:15.911 Model_Service_3] [PAPER-KV-V6] fetch meta-llama/Llama-3.1-8B -> None requests
[2026-08-22 15:50:15.922 Model_Service_3] [PAPER-KV-V6] fetch meta-llama/Llama-3.1-8B -> None requests
[2026-08-22 15:50:15.932 Model_Service_3] [PAPER-KV-V6] fetch meta-llama/Llama-3.1-8B -> None requests
[2026-08-22 15:50:15.943 Model_Service_3] [PAPER-KV-V6] fetch meta-llama/Llama-3.1-8B -> None requests
[2026-08-22 15:50:15.954 Model_Service_3] [PAPER-KV-V6] fetch meta-llama/Llama-3.1-8B -> None requests
[2026-08-22 15:50:15.965 Model_Service_3] [PAPER-KV-V6] fetch meta-llama/Llama-3.1-8B -> None requests
[2026-08-22 15:50:15.976 Model_Service_3] [PAPER-KV-V6] fetch meta-llama/Llama-3.1-8B -> None requests
[2026-08-22 15:50:15.986 Model_Service_3] [PAPER-KV-V6] fetch meta-llama/Llama-3.1-8B -> None requests
[2026-08-22 15:50:15.997 Model_Service_3] [PAPER-KV-V6] fetch meta-llama/Llama-3.1-8B -> None requests
[2026-08-22 15:50:18.817 Model_Service_4] Model service 4 input queue is empty, waiting for next request
[2026-08-22 15:50:19.005 Model_Service_0] Model service 0 input queue is empty, waiting for next request
[2026-08-22 15:50:20.274 Model_Service_1] Model service 1 input queue is empty, waiting for next request
[2026-08-22 15:50:20.546 Model_Service_2] Model service 2 input queue is empty, waiting for next request
[2026-08-22 15:50:21.002 Model_Service_3] Model service 3 input queue is empty, waiting for next request
[2026-08-22 15:50:21.142 Model_Service_5] Model service 5 input queue is empty, waiting for next request
[2026-08-22 15:50:23.856 Model_Service_0] Model key: Qwen/Qwen2.5-1.5B-Instruct, engine id: 1_0, target gpu id: 1
[2026-08-22 15:50:23.915 Model_Service_5] Model key: meta-llama/Llama-3.2-3B, engine id: 1_1, target gpu id: 1
[2026-08-22 15:50:23.991 Model_Service_2] Model key: Qwen/Qwen2.5-7B-Instruct, engine id: 1_2, target gpu id: 1
[2026-08-22 15:50:24.118 Model_Service_4] Model service 4 input queue is empty, waiting for next request
[2026-08-22 15:50:24.514 Model_Service_0] [PAPER-LOAD-V4] {"tag": "Qwen/Qwen2.5-1.5B-Instruct|engine=1_0|src=None", "start_time": 1787413823.858997, "end_time": 1787413824.5141442, "policy": "paper", "split": 2, "pipeline_depth": null, "target_gpu": 1, "gpu_ids": [0, 1], "source": "cpu", "host_registered": true, "slices": 398, "payload_bytes": 3554176000, "bytes_h2d_direct": 1777088000, "bytes_h2d_helper": 1777088000, "bytes_p2p": 1777088000, "seconds": 0.6551465080119669, "payload_gbps": 5.425009454427374, "transfer_path": "host-to-device + helper-gpu-p2p"}
[2026-08-22 15:50:24.516 Model_Service_0] Time taken to copy model to GPU 1, service 0, engine 1_0, model Qwen/Qwen2.5-1.5B-Instruct: 0.6601 seconds
[2026-08-22 15:50:25.077 Model_Service_5] [PAPER-LOAD-V4] {"tag": "meta-llama/Llama-3.2-3B|engine=1_1|src=None", "start_time": 1787413823.9184403, "end_time": 1787413825.0777354, "policy": "paper", "split": 2, "pipeline_depth": null, "target_gpu": 1, "gpu_ids": [0, 1], "source": "cpu", "host_registered": true, "slices": 342, "payload_bytes": 7213504512, "bytes_h2d_direct": 3606752256, "bytes_h2d_helper": 3606752256, "bytes_p2p": 3606752256, "seconds": 1.1592935759108514, "payload_gbps": 6.2223276846267215, "transfer_path": "host-to-device + helper-gpu-p2p"}
[2026-08-22 15:50:25.080 Model_Service_5] Time taken to copy model to GPU 1, service 5, engine 1_1, model meta-llama/Llama-3.2-3B: 1.1648 seconds
[2026-08-22 15:50:25.161 Model_Service_0] [PAPER-KV-V6] fetch Qwen/Qwen2.5-1.5B-Instruct -> None requests
[2026-08-22 15:50:25.172 Model_Service_0] [PAPER-KV-V6] fetch Qwen/Qwen2.5-1.5B-Instruct -> None requests
[2026-08-22 15:50:25.182 Model_Service_0] [PAPER-KV-V6] fetch Qwen/Qwen2.5-1.5B-Instruct -> None requests
[2026-08-22 15:50:25.193 Model_Service_0] [PAPER-KV-V6] fetch Qwen/Qwen2.5-1.5B-Instruct -> None requests
[2026-08-22 15:50:25.203 Model_Service_0] [PAPER-KV-V6] fetch Qwen/Qwen2.5-1.5B-Instruct -> None requests
[2026-08-22 15:50:25.214 Model_Service_0] [PAPER-KV-V6] fetch Qwen/Qwen2.5-1.5B-Instruct -> None requests
[2026-08-22 15:50:25.224 Model_Service_0] [PAPER-KV-V6] fetch Qwen/Qwen2.5-1.5B-Instruct -> None requests
[2026-08-22 15:50:25.234 Model_Service_0] [PAPER-KV-V6] fetch Qwen/Qwen2.5-1.5B-Instruct -> None requests
[2026-08-22 15:50:25.245 Model_Service_0] [PAPER-KV-V6] fetch Qwen/Qwen2.5-1.5B-Instruct -> None requests
[2026-08-22 15:50:25.255 Model_Service_0] [PAPER-KV-V6] fetch Qwen/Qwen2.5-1.5B-Instruct -> None requests
[2026-08-22 15:50:25.265 Model_Service_0] [PAPER-KV-V6] fetch Qwen/Qwen2.5-1.5B-Instruct -> None requests
[2026-08-22 15:50:25.276 Model_Service_0] [PAPER-KV-V6] fetch Qwen/Qwen2.5-1.5B-Instruct -> None requests
[2026-08-22 15:50:25.286 Model_Service_0] [PAPER-KV-V6] fetch Qwen/Qwen2.5-1.5B-Instruct -> None requests
[2026-08-22 15:50:25.297 Model_Service_0] [PAPER-KV-V6] fetch Qwen/Qwen2.5-1.5B-Instruct -> None requests
[2026-08-22 15:50:25.307 Model_Service_0] [PAPER-KV-V6] fetch Qwen/Qwen2.5-1.5B-Instruct -> None requests
[2026-08-22 15:50:25.317 Model_Service_0] [PAPER-KV-V6] fetch Qwen/Qwen2.5-1.5B-Instruct -> None requests
[2026-08-22 15:50:25.328 Model_Service_0] [PAPER-KV-V6] fetch Qwen/Qwen2.5-1.5B-Instruct -> None requests
[2026-08-22 15:50:25.338 Model_Service_0] [PAPER-KV-V6] fetch Qwen/Qwen2.5-1.5B-Instruct -> None requests
[2026-08-22 15:50:25.348 Model_Service_0] [PAPER-KV-V6] fetch Qwen/Qwen2.5-1.5B-Instruct -> None requests
[2026-08-22 15:50:25.359 Model_Service_0] [PAPER-KV-V6] fetch Qwen/Qwen2.5-1.5B-Instruct -> None requests
[2026-08-22 15:50:25.369 Model_Service_0] [PAPER-KV-V6] fetch Qwen/Qwen2.5-1.5B-Instruct -> None requests
[2026-08-22 15:50:25.380 Model_Service_0] [PAPER-KV-V6] fetch Qwen/Qwen2.5-1.5B-Instruct -> None requests
[2026-08-22 15:50:25.390 Model_Service_0] [PAPER-KV-V6] fetch Qwen/Qwen2.5-1.5B-Instruct -> None requests
[2026-08-22 15:50:25.400 Model_Service_0] [PAPER-KV-V6] fetch Qwen/Qwen2.5-1.5B-Instruct -> None requests
[2026-08-22 15:50:25.411 Model_Service_0] [PAPER-KV-V6] fetch Qwen/Qwen2.5-1.5B-Instruct -> None requests
[2026-08-22 15:50:25.421 Model_Service_0] [PAPER-KV-V6] fetch Qwen/Qwen2.5-1.5B-Instruct -> None requests
[2026-08-22 15:50:25.431 Model_Service_0] [PAPER-KV-V6] fetch Qwen/Qwen2.5-1.5B-Instruct -> None requests
[2026-08-22 15:50:25.442 Model_Service_0] [PAPER-KV-V6] fetch Qwen/Qwen2.5-1.5B-Instruct -> None requests
[2026-08-22 15:50:25.452 Model_Service_0] [PAPER-KV-V6] fetch Qwen/Qwen2.5-1.5B-Instruct -> None requests
[2026-08-22 15:50:25.463 Model_Service_0] [PAPER-KV-V6] fetch Qwen/Qwen2.5-1.5B-Instruct -> None requests
[2026-08-22 15:50:25.473 Model_Service_0] [PAPER-KV-V6] fetch Qwen/Qwen2.5-1.5B-Instruct -> None requests
[2026-08-22 15:50:25.483 Model_Service_0] [PAPER-KV-V6] fetch Qwen/Qwen2.5-1.5B-Instruct -> None requests
[2026-08-22 15:50:25.494 Model_Service_0] [PAPER-KV-V6] fetch Qwen/Qwen2.5-1.5B-Instruct -> None requests
[2026-08-22 15:50:25.504 Model_Service_0] [PAPER-KV-V6] fetch Qwen/Qwen2.5-1.5B-Instruct -> None requests
[2026-08-22 15:50:25.514 Model_Service_0] [PAPER-KV-V6] fetch Qwen/Qwen2.5-1.5B-Instruct -> None requests
[2026-08-22 15:50:25.525 Model_Service_0] [PAPER-KV-V6] fetch Qwen/Qwen2.5-1.5B-Instruct -> None requests
[2026-08-22 15:50:25.529 Model_Service_1] Model service 1 input queue is empty, waiting for next request
[2026-08-22 15:50:25.535 Model_Service_0] [PAPER-KV-V6] fetch Qwen/Qwen2.5-1.5B-Instruct -> None requests
[2026-08-22 15:50:25.545 Model_Service_0] [PAPER-KV-V6] fetch Qwen/Qwen2.5-1.5B-Instruct -> None requests
[2026-08-22 15:50:25.556 Model_Service_0] [PAPER-KV-V6] fetch Qwen/Qwen2.5-1.5B-Instruct -> None requests
[2026-08-22 15:50:25.566 Model_Service_0] [PAPER-KV-V6] fetch Qwen/Qwen2.5-1.5B-Instruct -> None requests
[2026-08-22 15:50:25.576 Model_Service_0] [PAPER-KV-V6] fetch Qwen/Qwen2.5-1.5B-Instruct -> None requests
[2026-08-22 15:50:25.587 Model_Service_0] [PAPER-KV-V6] fetch Qwen/Qwen2.5-1.5B-Instruct -> None requests
[2026-08-22 15:50:25.597 Model_Service_0] [PAPER-KV-V6] fetch Qwen/Qwen2.5-1.5B-Instruct -> None requests
[2026-08-22 15:50:25.608 Model_Service_0] [PAPER-KV-V6] fetch Qwen/Qwen2.5-1.5B-Instruct -> None requests
[2026-08-22 15:50:25.618 Model_Service_0] [PAPER-KV-V6] fetch Qwen/Qwen2.5-1.5B-Instruct -> None requests
[2026-08-22 15:50:25.628 Model_Service_0] [PAPER-KV-V6] fetch Qwen/Qwen2.5-1.5B-Instruct -> None requests
[2026-08-22 15:50:25.639 Model_Service_0] [PAPER-KV-V6] fetch Qwen/Qwen2.5-1.5B-Instruct -> None requests
[2026-08-22 15:50:25.649 Model_Service_0] [PAPER-KV-V6] fetch Qwen/Qwen2.5-1.5B-Instruct -> None requests
[2026-08-22 15:50:25.659 Model_Service_0] [PAPER-KV-V6] fetch Qwen/Qwen2.5-1.5B-Instruct -> None requests
[2026-08-22 15:50:25.670 Model_Service_0] [PAPER-KV-V6] fetch Qwen/Qwen2.5-1.5B-Instruct -> None requests
[2026-08-22 15:50:25.680 Model_Service_0] [PAPER-KV-V6] fetch Qwen/Qwen2.5-1.5B-Instruct -> None requests
[2026-08-22 15:50:25.691 Model_Service_0] [PAPER-KV-V6] fetch Qwen/Qwen2.5-1.5B-Instruct -> None requests
[2026-08-22 15:50:25.701 Model_Service_0] [PAPER-KV-V6] fetch Qwen/Qwen2.5-1.5B-Instruct -> None requests
[2026-08-22 15:50:25.711 Model_Service_0] [PAPER-KV-V6] fetch Qwen/Qwen2.5-1.5B-Instruct -> None requests
[2026-08-22 15:50:25.722 Model_Service_0] [PAPER-KV-V6] fetch Qwen/Qwen2.5-1.5B-Instruct -> None requests
[2026-08-22 15:50:25.732 Model_Service_0] [PAPER-KV-V6] fetch Qwen/Qwen2.5-1.5B-Instruct -> None requests
[2026-08-22 15:50:25.742 Model_Service_0] [PAPER-KV-V6] fetch Qwen/Qwen2.5-1.5B-Instruct -> None requests
[2026-08-22 15:50:25.753 Model_Service_0] [PAPER-KV-V6] fetch Qwen/Qwen2.5-1.5B-Instruct -> None requests
[2026-08-22 15:50:25.763 Model_Service_0] [PAPER-KV-V6] fetch Qwen/Qwen2.5-1.5B-Instruct -> None requests
[2026-08-22 15:50:25.773 Model_Service_0] [PAPER-KV-V6] fetch Qwen/Qwen2.5-1.5B-Instruct -> None requests
[2026-08-22 15:50:25.784 Model_Service_0] [PAPER-KV-V6] fetch Qwen/Qwen2.5-1.5B-Instruct -> None requests
[2026-08-22 15:50:25.794 Model_Service_0] [PAPER-KV-V6] fetch Qwen/Qwen2.5-1.5B-Instruct -> None requests
[2026-08-22 15:50:25.805 Model_Service_0] [PAPER-KV-V6] fetch Qwen/Qwen2.5-1.5B-Instruct -> None requests
[2026-08-22 15:50:25.815 Model_Service_0] [PAPER-KV-V6] fetch Qwen/Qwen2.5-1.5B-Instruct -> None requests
[2026-08-22 15:50:25.826 Model_Service_0] [PAPER-KV-V6] fetch Qwen/Qwen2.5-1.5B-Instruct -> None requests
[2026-08-22 15:50:25.836 Model_Service_0] [PAPER-KV-V6] fetch Qwen/Qwen2.5-1.5B-Instruct -> None requests
[2026-08-22 15:50:25.846 Model_Service_0] [PAPER-KV-V6] fetch Qwen/Qwen2.5-1.5B-Instruct -> None requests
[2026-08-22 15:50:25.857 Model_Service_0] [PAPER-KV-V6] fetch Qwen/Qwen2.5-1.5B-Instruct -> None requests
[2026-08-22 15:50:25.863 Model_Service_5] [PAPER-KV-V6] fetch meta-llama/Llama-3.2-3B -> None requests
[2026-08-22 15:50:25.867 Model_Service_0] [PAPER-KV-V6] fetch Qwen/Qwen2.5-1.5B-Instruct -> None requests
[2026-08-22 15:50:25.874 Model_Service_5] [PAPER-KV-V6] fetch meta-llama/Llama-3.2-3B -> None requests
[2026-08-22 15:50:25.878 Model_Service_0] [PAPER-KV-V6] fetch Qwen/Qwen2.5-1.5B-Instruct -> None requests
[2026-08-22 15:50:25.884 Model_Service_5] [PAPER-KV-V6] fetch meta-llama/Llama-3.2-3B -> None requests
[2026-08-22 15:50:25.888 Model_Service_0] [PAPER-KV-V6] fetch Qwen/Qwen2.5-1.5B-Instruct -> None requests
[2026-08-22 15:50:25.895 Model_Service_5] [PAPER-KV-V6] fetch meta-llama/Llama-3.2-3B -> None requests
[2026-08-22 15:50:25.898 Model_Service_0] [PAPER-KV-V6] fetch Qwen/Qwen2.5-1.5B-Instruct -> None requests
[2026-08-22 15:50:25.905 Model_Service_5] [PAPER-KV-V6] fetch meta-llama/Llama-3.2-3B -> None requests
[2026-08-22 15:50:25.909 Model_Service_0] [PAPER-KV-V6] fetch Qwen/Qwen2.5-1.5B-Instruct -> None requests
[2026-08-22 15:50:25.915 Model_Service_5] [PAPER-KV-V6] fetch meta-llama/Llama-3.2-3B -> None requests
[2026-08-22 15:50:25.919 Model_Service_0] [PAPER-KV-V6] fetch Qwen/Qwen2.5-1.5B-Instruct -> None requests
[2026-08-22 15:50:25.926 Model_Service_5] [PAPER-KV-V6] fetch meta-llama/Llama-3.2-3B -> None requests
[2026-08-22 15:50:25.929 Model_Service_0] [PAPER-KV-V6] fetch Qwen/Qwen2.5-1.5B-Instruct -> None requests
[2026-08-22 15:50:25.936 Model_Service_5] [PAPER-KV-V6] fetch meta-llama/Llama-3.2-3B -> None requests
[2026-08-22 15:50:25.940 Model_Service_0] [PAPER-KV-V6] fetch Qwen/Qwen2.5-1.5B-Instruct -> None requests
[2026-08-22 15:50:25.947 Model_Service_5] [PAPER-KV-V6] fetch meta-llama/Llama-3.2-3B -> None requests
[2026-08-22 15:50:25.950 Model_Service_0] [PAPER-KV-V6] fetch Qwen/Qwen2.5-1.5B-Instruct -> None requests
[2026-08-22 15:50:25.957 Model_Service_5] [PAPER-KV-V6] fetch meta-llama/Llama-3.2-3B -> None requests
[2026-08-22 15:50:25.961 Model_Service_0] [PAPER-KV-V6] fetch Qwen/Qwen2.5-1.5B-Instruct -> None requests
[2026-08-22 15:50:25.968 Model_Service_5] [PAPER-KV-V6] fetch meta-llama/Llama-3.2-3B -> None requests
[2026-08-22 15:50:25.971 Model_Service_0] [PAPER-KV-V6] fetch Qwen/Qwen2.5-1.5B-Instruct -> None requests
[2026-08-22 15:50:25.978 Model_Service_5] [PAPER-KV-V6] fetch meta-llama/Llama-3.2-3B -> None requests
[2026-08-22 15:50:25.982 Model_Service_0] [PAPER-KV-V6] fetch Qwen/Qwen2.5-1.5B-Instruct -> None requests
[2026-08-22 15:50:25.988 Model_Service_5] [PAPER-KV-V6] fetch meta-llama/Llama-3.2-3B -> None requests
[2026-08-22 15:50:25.992 Model_Service_0] [PAPER-KV-V6] fetch Qwen/Qwen2.5-1.5B-Instruct -> None requests
[2026-08-22 15:50:25.999 Model_Service_5] [PAPER-KV-V6] fetch meta-llama/Llama-3.2-3B -> None requests
[2026-08-22 15:50:26.002 Model_Service_0] [PAPER-KV-V6] fetch Qwen/Qwen2.5-1.5B-Instruct -> None requests
[2026-08-22 15:50:26.009 Model_Service_2] [PAPER-LOAD-V4] {"tag": "Qwen/Qwen2.5-7B-Instruct|engine=1_2|src=None", "start_time": 1787413823.9958203, "end_time": 1787413826.0089486, "policy": "paper", "split": 2, "pipeline_depth": null, "target_gpu": 1, "gpu_ids": [0, 1], "source": "cpu", "host_registered": true, "slices": 398, "payload_bytes": 15231233024, "bytes_h2d_direct": 7615616512, "bytes_h2d_helper": 7615616512, "bytes_p2p": 7615616512, "seconds": 2.0131210868712515, "payload_gbps": 7.565979574369293, "transfer_path": "host-to-device + helper-gpu-p2p"}
[2026-08-22 15:50:26.009 Model_Service_5] [PAPER-KV-V6] fetch meta-llama/Llama-3.2-3B -> None requests
[2026-08-22 15:50:26.013 Model_Service_0] [PAPER-KV-V6] fetch Qwen/Qwen2.5-1.5B-Instruct -> None requests
[2026-08-22 15:50:26.013 Model_Service_2] Time taken to copy model to GPU 1, service 2, engine 1_2, model Qwen/Qwen2.5-7B-Instruct: 2.0219 seconds
[2026-08-22 15:50:26.020 Model_Service_5] [PAPER-KV-V6] fetch meta-llama/Llama-3.2-3B -> None requests
[2026-08-22 15:50:26.023 Model_Service_0] [PAPER-KV-V6] fetch Qwen/Qwen2.5-1.5B-Instruct -> None requests
[2026-08-22 15:50:26.030 Model_Service_5] [PAPER-KV-V6] fetch meta-llama/Llama-3.2-3B -> None requests
[2026-08-22 15:50:26.034 Model_Service_0] [PAPER-KV-V6] fetch Qwen/Qwen2.5-1.5B-Instruct -> None requests
[2026-08-22 15:50:26.041 Model_Service_5] [PAPER-KV-V6] fetch meta-llama/Llama-3.2-3B -> None requests
[2026-08-22 15:50:26.044 Model_Service_0] [PAPER-KV-V6] fetch Qwen/Qwen2.5-1.5B-Instruct -> None requests
[2026-08-22 15:50:26.051 Model_Service_5] [PAPER-KV-V6] fetch meta-llama/Llama-3.2-3B -> None requests
[2026-08-22 15:50:26.054 Model_Service_0] [PAPER-KV-V6] fetch Qwen/Qwen2.5-1.5B-Instruct -> None requests
[2026-08-22 15:50:26.062 Model_Service_5] [PAPER-KV-V6] fetch meta-llama/Llama-3.2-3B -> None requests
[2026-08-22 15:50:26.065 Model_Service_0] [PAPER-KV-V6] fetch Qwen/Qwen2.5-1.5B-Instruct -> None requests
[2026-08-22 15:50:26.072 Model_Service_5] [PAPER-KV-V6] fetch meta-llama/Llama-3.2-3B -> None requests
[2026-08-22 15:50:26.075 Model_Service_0] [PAPER-KV-V6] fetch Qwen/Qwen2.5-1.5B-Instruct -> None requests
[2026-08-22 15:50:26.083 Model_Service_5] [PAPER-KV-V6] fetch meta-llama/Llama-3.2-3B -> None requests
[2026-08-22 15:50:26.085 Model_Service_0] [PAPER-KV-V6] fetch Qwen/Qwen2.5-1.5B-Instruct -> None requests
[2026-08-22 15:50:26.093 Model_Service_5] [PAPER-KV-V6] fetch meta-llama/Llama-3.2-3B -> None requests
[2026-08-22 15:50:26.096 Model_Service_0] [PAPER-KV-V6] fetch Qwen/Qwen2.5-1.5B-Instruct -> None requests
[2026-08-22 15:50:26.104 Model_Service_5] [PAPER-KV-V6] fetch meta-llama/Llama-3.2-3B -> None requests
[2026-08-22 15:50:26.106 Model_Service_0] [PAPER-KV-V6] fetch Qwen/Qwen2.5-1.5B-Instruct -> None requests
[2026-08-22 15:50:26.114 Model_Service_5] [PAPER-KV-V6] fetch meta-llama/Llama-3.2-3B -> None requests
[2026-08-22 15:50:26.116 Model_Service_0] [PAPER-KV-V6] fetch Qwen/Qwen2.5-1.5B-Instruct -> None requests
[2026-08-22 15:50:26.125 Model_Service_5] [PAPER-KV-V6] fetch meta-llama/Llama-3.2-3B -> None requests
[2026-08-22 15:50:26.126 Model_Service_0] [PAPER-KV-V6] fetch Qwen/Qwen2.5-1.5B-Instruct -> None requests
[2026-08-22 15:50:26.135 Model_Service_5] [PAPER-KV-V6] fetch meta-llama/Llama-3.2-3B -> None requests
[2026-08-22 15:50:26.137 Model_Service_0] [PAPER-KV-V6] fetch Qwen/Qwen2.5-1.5B-Instruct -> None requests
[2026-08-22 15:50:26.146 Model_Service_5] [PAPER-KV-V6] fetch meta-llama/Llama-3.2-3B -> None requests
[2026-08-22 15:50:26.147 Model_Service_0] [PAPER-KV-V6] fetch Qwen/Qwen2.5-1.5B-Instruct -> None requests
[2026-08-22 15:50:26.156 Model_Service_5] [PAPER-KV-V6] fetch meta-llama/Llama-3.2-3B -> None requests
[2026-08-22 15:50:26.158 Model_Service_0] [PAPER-KV-V6] fetch Qwen/Qwen2.5-1.5B-Instruct -> None requests
[2026-08-22 15:50:26.167 Model_Service_5] [PAPER-KV-V6] fetch meta-llama/Llama-3.2-3B -> None requests
[2026-08-22 15:50:26.168 Model_Service_0] [PAPER-KV-V6] fetch Qwen/Qwen2.5-1.5B-Instruct -> None requests
[2026-08-22 15:50:26.178 Model_Service_5] [PAPER-KV-V6] fetch meta-llama/Llama-3.2-3B -> None requests
[2026-08-22 15:50:26.179 Model_Service_0] [PAPER-KV-V6] fetch Qwen/Qwen2.5-1.5B-Instruct -> None requests
[2026-08-22 15:50:26.189 Model_Service_5] [PAPER-KV-V6] fetch meta-llama/Llama-3.2-3B -> None requests
[2026-08-22 15:50:26.190 Model_Service_0] [PAPER-KV-V6] fetch Qwen/Qwen2.5-1.5B-Instruct -> None requests
[2026-08-22 15:50:26.199 Model_Service_5] [PAPER-KV-V6] fetch meta-llama/Llama-3.2-3B -> None requests
[2026-08-22 15:50:26.200 Model_Service_0] [PAPER-KV-V6] fetch Qwen/Qwen2.5-1.5B-Instruct -> None requests
[2026-08-22 15:50:26.211 Model_Service_5] [PAPER-KV-V6] fetch meta-llama/Llama-3.2-3B -> None requests
[2026-08-22 15:50:26.211 Model_Service_0] [PAPER-KV-V6] fetch Qwen/Qwen2.5-1.5B-Instruct -> None requests
[2026-08-22 15:50:26.221 Model_Service_5] [PAPER-KV-V6] fetch meta-llama/Llama-3.2-3B -> None requests
[2026-08-22 15:50:26.221 Model_Service_0] [PAPER-KV-V6] fetch Qwen/Qwen2.5-1.5B-Instruct -> None requests
[2026-08-22 15:50:26.231 Model_Service_5] [PAPER-KV-V6] fetch meta-llama/Llama-3.2-3B -> None requests
[2026-08-22 15:50:26.232 Model_Service_0] [PAPER-KV-V6] fetch Qwen/Qwen2.5-1.5B-Instruct -> None requests
[2026-08-22 15:50:26.242 Model_Service_5] [PAPER-KV-V6] fetch meta-llama/Llama-3.2-3B -> None requests
[2026-08-22 15:50:26.242 Model_Service_0] [PAPER-KV-V6] fetch Qwen/Qwen2.5-1.5B-Instruct -> None requests
[2026-08-22 15:50:26.252 Model_Service_5] [PAPER-KV-V6] fetch meta-llama/Llama-3.2-3B -> None requests
[2026-08-22 15:50:26.252 Model_Service_0] [PAPER-KV-V6] fetch Qwen/Qwen2.5-1.5B-Instruct -> None requests
[2026-08-22 15:50:26.262 Model_Service_5] [PAPER-KV-V6] fetch meta-llama/Llama-3.2-3B -> None requests
[2026-08-22 15:50:26.262 Model_Service_0] [PAPER-KV-V6] fetch Qwen/Qwen2.5-1.5B-Instruct -> None requests
[2026-08-22 15:50:26.272 Model_Service_5] [PAPER-KV-V6] fetch meta-llama/Llama-3.2-3B -> None requests
[2026-08-22 15:50:26.273 Model_Service_0] [PAPER-KV-V6] fetch Qwen/Qwen2.5-1.5B-Instruct -> None requests
[2026-08-22 15:50:26.283 Model_Service_5] [PAPER-KV-V6] fetch meta-llama/Llama-3.2-3B -> None requests
[2026-08-22 15:50:26.283 Model_Service_0] [PAPER-KV-V6] fetch Qwen/Qwen2.5-1.5B-Instruct -> None requests
[2026-08-22 15:50:26.293 Model_Service_5] [PAPER-KV-V6] fetch meta-llama/Llama-3.2-3B -> None requests
[2026-08-22 15:50:26.294 Model_Service_0] [PAPER-KV-V6] fetch Qwen/Qwen2.5-1.5B-Instruct -> None requests
[2026-08-22 15:50:26.303 Model_Service_5] [PAPER-KV-V6] fetch meta-llama/Llama-3.2-3B -> None requests
[2026-08-22 15:50:26.304 Model_Service_0] [PAPER-KV-V6] fetch Qwen/Qwen2.5-1.5B-Instruct -> None requests
[2026-08-22 15:50:26.313 Model_Service_5] [PAPER-KV-V6] fetch meta-llama/Llama-3.2-3B -> None requests
[2026-08-22 15:50:26.314 Model_Service_0] [PAPER-KV-V6] fetch Qwen/Qwen2.5-1.5B-Instruct -> None requests
[2026-08-22 15:50:26.324 Model_Service_5] [PAPER-KV-V6] fetch meta-llama/Llama-3.2-3B -> None requests
[2026-08-22 15:50:26.324 Model_Service_0] [PAPER-KV-V6] fetch Qwen/Qwen2.5-1.5B-Instruct -> None requests
[2026-08-22 15:50:26.334 Model_Service_5] [PAPER-KV-V6] fetch meta-llama/Llama-3.2-3B -> None requests
[2026-08-22 15:50:26.335 Model_Service_0] [PAPER-KV-V6] fetch Qwen/Qwen2.5-1.5B-Instruct -> None requests
[2026-08-22 15:50:26.340 Model_Service_3] Model service 3 input queue is empty, waiting for next request
[2026-08-22 15:50:26.345 Model_Service_5] [PAPER-KV-V6] fetch meta-llama/Llama-3.2-3B -> None requests
[2026-08-22 15:50:26.345 Model_Service_0] [PAPER-KV-V6] fetch Qwen/Qwen2.5-1.5B-Instruct -> None requests
[2026-08-22 15:50:26.355 Model_Service_5] [PAPER-KV-V6] fetch meta-llama/Llama-3.2-3B -> None requests
[2026-08-22 15:50:26.355 Model_Service_0] [PAPER-KV-V6] fetch Qwen/Qwen2.5-1.5B-Instruct -> None requests
[2026-08-22 15:50:26.365 Model_Service_5] [PAPER-KV-V6] fetch meta-llama/Llama-3.2-3B -> None requests
[2026-08-22 15:50:26.365 Model_Service_0] [PAPER-KV-V6] fetch Qwen/Qwen2.5-1.5B-Instruct -> None requests
[2026-08-22 15:50:26.375 Model_Service_5] [PAPER-KV-V6] fetch meta-llama/Llama-3.2-3B -> None requests
[2026-08-22 15:50:26.376 Model_Service_0] [PAPER-KV-V6] fetch Qwen/Qwen2.5-1.5B-Instruct -> None requests
[2026-08-22 15:50:26.386 Model_Service_5] [PAPER-KV-V6] fetch meta-llama/Llama-3.2-3B -> None requests
[2026-08-22 15:50:26.386 Model_Service_0] [PAPER-KV-V6] fetch Qwen/Qwen2.5-1.5B-Instruct -> None requests
[2026-08-22 15:50:26.396 Model_Service_5] [PAPER-KV-V6] fetch meta-llama/Llama-3.2-3B -> None requests
[2026-08-22 15:50:26.396 Model_Service_0] [PAPER-KV-V6] fetch Qwen/Qwen2.5-1.5B-Instruct -> None requests
[2026-08-22 15:50:26.406 Model_Service_5] [PAPER-KV-V6] fetch meta-llama/Llama-3.2-3B -> None requests
[2026-08-22 15:50:26.407 Model_Service_0] [PAPER-KV-V6] fetch Qwen/Qwen2.5-1.5B-Instruct -> None requests
[2026-08-22 15:50:26.416 Model_Service_5] [PAPER-KV-V6] fetch meta-llama/Llama-3.2-3B -> None requests
[2026-08-22 15:50:26.417 Model_Service_0] [PAPER-KV-V6] fetch Qwen/Qwen2.5-1.5B-Instruct -> None requests
[2026-08-22 15:50:26.427 Model_Service_5] [PAPER-KV-V6] fetch meta-llama/Llama-3.2-3B -> None requests
[2026-08-22 15:50:26.427 Model_Service_0] [PAPER-KV-V6] fetch Qwen/Qwen2.5-1.5B-Instruct -> None requests
[2026-08-22 15:50:26.437 Model_Service_5] [PAPER-KV-V6] fetch meta-llama/Llama-3.2-3B -> None requests
[2026-08-22 15:50:26.438 Model_Service_0] [PAPER-KV-V6] fetch Qwen/Qwen2.5-1.5B-Instruct -> None requests
[2026-08-22 15:50:26.447 Model_Service_5] [PAPER-KV-V6] fetch meta-llama/Llama-3.2-3B -> None requests
[2026-08-22 15:50:26.448 Model_Service_0] [PAPER-KV-V6] fetch Qwen/Qwen2.5-1.5B-Instruct -> None requests
[2026-08-22 15:50:26.457 Model_Service_5] [PAPER-KV-V6] fetch meta-llama/Llama-3.2-3B -> None requests
[2026-08-22 15:50:26.458 Model_Service_0] [PAPER-KV-V6] fetch Qwen/Qwen2.5-1.5B-Instruct -> None requests
[2026-08-22 15:50:26.468 Model_Service_5] [PAPER-KV-V6] fetch meta-llama/Llama-3.2-3B -> None requests
[2026-08-22 15:50:26.469 Model_Service_0] [PAPER-KV-V6] fetch Qwen/Qwen2.5-1.5B-Instruct -> None requests
[2026-08-22 15:50:26.478 Model_Service_5] [PAPER-KV-V6] fetch meta-llama/Llama-3.2-3B -> None requests
[2026-08-22 15:50:26.479 Model_Service_0] [PAPER-KV-V6] fetch Qwen/Qwen2.5-1.5B-Instruct -> None requests
[2026-08-22 15:50:26.489 Model_Service_5] [PAPER-KV-V6] fetch meta-llama/Llama-3.2-3B -> None requests
[2026-08-22 15:50:26.490 Model_Service_0] [PAPER-KV-V6] fetch Qwen/Qwen2.5-1.5B-Instruct -> None requests
[2026-08-22 15:50:26.499 Model_Service_5] [PAPER-KV-V6] fetch meta-llama/Llama-3.2-3B -> None requests
[2026-08-22 15:50:26.501 Model_Service_0] [PAPER-KV-V6] fetch Qwen/Qwen2.5-1.5B-Instruct -> None requests
[2026-08-22 15:50:26.509 Model_Service_5] [PAPER-KV-V6] fetch meta-llama/Llama-3.2-3B -> None requests
[2026-08-22 15:50:26.512 Model_Service_0] [PAPER-KV-V6] fetch Qwen/Qwen2.5-1.5B-Instruct -> None requests
[2026-08-22 15:50:26.519 Model_Service_5] [PAPER-KV-V6] fetch meta-llama/Llama-3.2-3B -> None requests
[2026-08-22 15:50:26.522 Model_Service_0] [PAPER-KV-V6] fetch Qwen/Qwen2.5-1.5B-Instruct -> None requests
[2026-08-22 15:50:26.530 Model_Service_5] [PAPER-KV-V6] fetch meta-llama/Llama-3.2-3B -> None requests
[2026-08-22 15:50:26.533 Model_Service_0] [PAPER-KV-V6] fetch Qwen/Qwen2.5-1.5B-Instruct -> None requests
[2026-08-22 15:50:26.540 Model_Service_5] [PAPER-KV-V6] fetch meta-llama/Llama-3.2-3B -> None requests
[2026-08-22 15:50:26.543 Model_Service_0] [PAPER-KV-V6] fetch Qwen/Qwen2.5-1.5B-Instruct -> None requests
[2026-08-22 15:50:26.550 Model_Service_5] [PAPER-KV-V6] fetch meta-llama/Llama-3.2-3B -> None requests
[2026-08-22 15:50:26.554 Model_Service_0] [PAPER-KV-V6] fetch Qwen/Qwen2.5-1.5B-Instruct -> None requests
[2026-08-22 15:50:26.560 Model_Service_5] [PAPER-KV-V6] fetch meta-llama/Llama-3.2-3B -> None requests
[2026-08-22 15:50:26.565 Model_Service_0] [PAPER-KV-V6] fetch Qwen/Qwen2.5-1.5B-Instruct -> None requests
[2026-08-22 15:50:26.571 Model_Service_5] [PAPER-KV-V6] fetch meta-llama/Llama-3.2-3B -> None requests
[2026-08-22 15:50:26.575 Model_Service_0] [PAPER-KV-V6] fetch Qwen/Qwen2.5-1.5B-Instruct -> None requests
[2026-08-22 15:50:26.581 Model_Service_5] [PAPER-KV-V6] fetch meta-llama/Llama-3.2-3B -> None requests
[2026-08-22 15:50:26.586 Model_Service_0] [PAPER-KV-V6] fetch Qwen/Qwen2.5-1.5B-Instruct -> None requests
[2026-08-22 15:50:26.591 Model_Service_5] [PAPER-KV-V6] fetch meta-llama/Llama-3.2-3B -> None requests
[2026-08-22 15:50:26.596 Model_Service_0] [PAPER-KV-V6] fetch Qwen/Qwen2.5-1.5B-Instruct -> None requests
[2026-08-22 15:50:26.602 Model_Service_5] [PAPER-KV-V6] fetch meta-llama/Llama-3.2-3B -> None requests
[2026-08-22 15:50:26.606 Model_Service_0] [PAPER-KV-V6] fetch Qwen/Qwen2.5-1.5B-Instruct -> None requests
[2026-08-22 15:50:26.612 Model_Service_5] [PAPER-KV-V6] fetch meta-llama/Llama-3.2-3B -> None requests
[2026-08-22 15:50:26.617 Model_Service_0] [PAPER-KV-V6] fetch Qwen/Qwen2.5-1.5B-Instruct -> None requests
[2026-08-22 15:50:26.622 Model_Service_5] [PAPER-KV-V6] fetch meta-llama/Llama-3.2-3B -> None requests
[2026-08-22 15:50:26.627 Model_Service_0] [PAPER-KV-V6] fetch Qwen/Qwen2.5-1.5B-Instruct -> None requests
[2026-08-22 15:50:26.632 Model_Service_2] [PAPER-KV-V6] fetch Qwen/Qwen2.5-7B-Instruct -> None requests
[2026-08-22 15:50:26.632 Model_Service_5] [PAPER-KV-V6] fetch meta-llama/Llama-3.2-3B -> None requests
[2026-08-22 15:50:26.637 Model_Service_0] [PAPER-KV-V6] fetch Qwen/Qwen2.5-1.5B-Instruct -> None requests
[2026-08-22 15:50:26.642 Model_Service_2] [PAPER-KV-V6] fetch Qwen/Qwen2.5-7B-Instruct -> None requests
[2026-08-22 15:50:26.643 Model_Service_5] [PAPER-KV-V6] fetch meta-llama/Llama-3.2-3B -> None requests
[2026-08-22 15:50:26.647 Model_Service_0] [PAPER-KV-V6] fetch Qwen/Qwen2.5-1.5B-Instruct -> None requests
[2026-08-22 15:50:26.652 Model_Service_2] [PAPER-KV-V6] fetch Qwen/Qwen2.5-7B-Instruct -> None requests
[2026-08-22 15:50:26.653 Model_Service_5] [PAPER-KV-V6] fetch meta-llama/Llama-3.2-3B -> None requests
[2026-08-22 15:50:26.658 Model_Service_0] [PAPER-KV-V6] fetch Qwen/Qwen2.5-1.5B-Instruct -> None requests
[2026-08-22 15:50:26.663 Model_Service_2] [PAPER-KV-V6] fetch Qwen/Qwen2.5-7B-Instruct -> None requests
[2026-08-22 15:50:26.663 Model_Service_5] [PAPER-KV-V6] fetch meta-llama/Llama-3.2-3B -> None requests
[2026-08-22 15:50:26.668 Model_Service_0] [PAPER-KV-V6] fetch Qwen/Qwen2.5-1.5B-Instruct -> None requests
[2026-08-22 15:50:26.673 Model_Service_2] [PAPER-KV-V6] fetch Qwen/Qwen2.5-7B-Instruct -> None requests
[2026-08-22 15:50:26.673 Model_Service_5] [PAPER-KV-V6] fetch meta-llama/Llama-3.2-3B -> None requests
[2026-08-22 15:50:26.678 Model_Service_0] [PAPER-KV-V6] fetch Qwen/Qwen2.5-1.5B-Instruct -> None requests
[2026-08-22 15:50:26.683 Model_Service_2] [PAPER-KV-V6] fetch Qwen/Qwen2.5-7B-Instruct -> None requests
[2026-08-22 15:50:26.683 Model_Service_5] [PAPER-KV-V6] fetch meta-llama/Llama-3.2-3B -> None requests
[2026-08-22 15:50:26.688 Model_Service_0] [PAPER-KV-V6] fetch Qwen/Qwen2.5-1.5B-Instruct -> None requests
[2026-08-22 15:50:26.693 Model_Service_2] [PAPER-KV-V6] fetch Qwen/Qwen2.5-7B-Instruct -> None requests
[2026-08-22 15:50:26.694 Model_Service_5] [PAPER-KV-V6] fetch meta-llama/Llama-3.2-3B -> None requests
[2026-08-22 15:50:26.699 Model_Service_0] [PAPER-KV-V6] fetch Qwen/Qwen2.5-1.5B-Instruct -> None requests
[2026-08-22 15:50:26.703 Model_Service_2] [PAPER-KV-V6] fetch Qwen/Qwen2.5-7B-Instruct -> None requests
[2026-08-22 15:50:26.704 Model_Service_5] [PAPER-KV-V6] fetch meta-llama/Llama-3.2-3B -> None requests
[2026-08-22 15:50:26.709 Model_Service_0] [PAPER-KV-V6] fetch Qwen/Qwen2.5-1.5B-Instruct -> None requests
[2026-08-22 15:50:26.714 Model_Service_2] [PAPER-KV-V6] fetch Qwen/Qwen2.5-7B-Instruct -> None requests
[2026-08-22 15:50:26.714 Model_Service_5] [PAPER-KV-V6] fetch meta-llama/Llama-3.2-3B -> None requests
[2026-08-22 15:50:26.719 Model_Service_0] [PAPER-KV-V6] fetch Qwen/Qwen2.5-1.5B-Instruct -> None requests
[2026-08-22 15:50:26.724 Model_Service_2] [PAPER-KV-V6] fetch Qwen/Qwen2.5-7B-Instruct -> None requests
[2026-08-22 15:50:26.724 Model_Service_5] [PAPER-KV-V6] fetch meta-llama/Llama-3.2-3B -> None requests
[2026-08-22 15:50:26.729 Model_Service_0] [PAPER-KV-V6] fetch Qwen/Qwen2.5-1.5B-Instruct -> None requests
[2026-08-22 15:50:26.734 Model_Service_2] [PAPER-KV-V6] fetch Qwen/Qwen2.5-7B-Instruct -> None requests
[2026-08-22 15:50:26.735 Model_Service_5] [PAPER-KV-V6] fetch meta-llama/Llama-3.2-3B -> None requests
[2026-08-22 15:50:26.739 Model_Service_0] [PAPER-KV-V6] fetch Qwen/Qwen2.5-1.5B-Instruct -> None requests
[2026-08-22 15:50:26.744 Model_Service_2] [PAPER-KV-V6] fetch Qwen/Qwen2.5-7B-Instruct -> None requests
[2026-08-22 15:50:26.745 Model_Service_5] [PAPER-KV-V6] fetch meta-llama/Llama-3.2-3B -> None requests
[2026-08-22 15:50:26.750 Model_Service_0] [PAPER-KV-V6] fetch Qwen/Qwen2.5-1.5B-Instruct -> None requests
[2026-08-22 15:50:26.755 Model_Service_2] [PAPER-KV-V6] fetch Qwen/Qwen2.5-7B-Instruct -> None requests
[2026-08-22 15:50:26.755 Model_Service_5] [PAPER-KV-V6] fetch meta-llama/Llama-3.2-3B -> None requests
[2026-08-22 15:50:26.760 Model_Service_0] [PAPER-KV-V6] fetch Qwen/Qwen2.5-1.5B-Instruct -> None requests
[2026-08-22 15:50:26.765 Model_Service_2] [PAPER-KV-V6] fetch Qwen/Qwen2.5-7B-Instruct -> None requests
[2026-08-22 15:50:26.765 Model_Service_5] [PAPER-KV-V6] fetch meta-llama/Llama-3.2-3B -> None requests
[2026-08-22 15:50:26.770 Model_Service_0] [PAPER-KV-V6] fetch Qwen/Qwen2.5-1.5B-Instruct -> None requests
[2026-08-22 15:50:26.775 Model_Service_2] [PAPER-KV-V6] fetch Qwen/Qwen2.5-7B-Instruct -> None requests
[2026-08-22 15:50:26.775 Model_Service_5] [PAPER-KV-V6] fetch meta-llama/Llama-3.2-3B -> None requests
[2026-08-22 15:50:26.780 Model_Service_0] [PAPER-KV-V6] fetch Qwen/Qwen2.5-1.5B-Instruct -> None requests
[2026-08-22 15:50:26.785 Model_Service_2] [PAPER-KV-V6] fetch Qwen/Qwen2.5-7B-Instruct -> None requests
[2026-08-22 15:50:26.786 Model_Service_5] [PAPER-KV-V6] fetch meta-llama/Llama-3.2-3B -> None requests
[2026-08-22 15:50:26.790 Model_Service_0] [PAPER-KV-V6] fetch Qwen/Qwen2.5-1.5B-Instruct -> None requests
[2026-08-22 15:50:26.795 Model_Service_2] [PAPER-KV-V6] fetch Qwen/Qwen2.5-7B-Instruct -> None requests
[2026-08-22 15:50:26.796 Model_Service_5] [PAPER-KV-V6] fetch meta-llama/Llama-3.2-3B -> None requests
[2026-08-22 15:50:26.800 Model_Service_0] [PAPER-KV-V6] fetch Qwen/Qwen2.5-1.5B-Instruct -> None requests
[2026-08-22 15:50:26.806 Model_Service_2] [PAPER-KV-V6] fetch Qwen/Qwen2.5-7B-Instruct -> None requests
[2026-08-22 15:50:26.806 Model_Service_5] [PAPER-KV-V6] fetch meta-llama/Llama-3.2-3B -> None requests
[2026-08-22 15:50:26.811 Model_Service_0] [PAPER-KV-V6] fetch Qwen/Qwen2.5-1.5B-Instruct -> None requests
[2026-08-22 15:50:26.816 Model_Service_2] [PAPER-KV-V6] fetch Qwen/Qwen2.5-7B-Instruct -> None requests
[2026-08-22 15:50:26.817 Model_Service_5] [PAPER-KV-V6] fetch meta-llama/Llama-3.2-3B -> None requests
[2026-08-22 15:50:26.821 Model_Service_0] [PAPER-KV-V6] fetch Qwen/Qwen2.5-1.5B-Instruct -> None requests
[2026-08-22 15:50:26.826 Model_Service_2] [PAPER-KV-V6] fetch Qwen/Qwen2.5-7B-Instruct -> None requests
[2026-08-22 15:50:26.827 Model_Service_5] [PAPER-KV-V6] fetch meta-llama/Llama-3.2-3B -> None requests
[2026-08-22 15:50:26.831 Model_Service_0] [PAPER-KV-V6] fetch Qwen/Qwen2.5-1.5B-Instruct -> None requests
[2026-08-22 15:50:26.836 Model_Service_2] [PAPER-KV-V6] fetch Qwen/Qwen2.5-7B-Instruct -> None requests
[2026-08-22 15:50:26.837 Model_Service_5] [PAPER-KV-V6] fetch meta-llama/Llama-3.2-3B -> None requests
[2026-08-22 15:50:26.841 Model_Service_0] [PAPER-KV-V6] fetch Qwen/Qwen2.5-1.5B-Instruct -> None requests
[2026-08-22 15:50:26.847 Model_Service_2] [PAPER-KV-V6] fetch Qwen/Qwen2.5-7B-Instruct -> None requests
[2026-08-22 15:50:26.848 Model_Service_5] [PAPER-KV-V6] fetch meta-llama/Llama-3.2-3B -> None requests
[2026-08-22 15:50:26.851 Model_Service_0] [PAPER-KV-V6] fetch Qwen/Qwen2.5-1.5B-Instruct -> None requests
[2026-08-22 15:50:26.857 Model_Service_2] [PAPER-KV-V6] fetch Qwen/Qwen2.5-7B-Instruct -> None requests
[2026-08-22 15:50:26.858 Model_Service_5] [PAPER-KV-V6] fetch meta-llama/Llama-3.2-3B -> None requests
[2026-08-22 15:50:26.862 Model_Service_0] [PAPER-KV-V6] fetch Qwen/Qwen2.5-1.5B-Instruct -> None requests
[2026-08-22 15:50:26.867 Model_Service_2] [PAPER-KV-V6] fetch Qwen/Qwen2.5-7B-Instruct -> None requests
[2026-08-22 15:50:26.868 Model_Service_5] [PAPER-KV-V6] fetch meta-llama/Llama-3.2-3B -> None requests
[2026-08-22 15:50:26.872 Model_Service_0] [PAPER-KV-V6] fetch Qwen/Qwen2.5-1.5B-Instruct -> None requests
[2026-08-22 15:50:26.877 Model_Service_2] [PAPER-KV-V6] fetch Qwen/Qwen2.5-7B-Instruct -> None requests
[2026-08-22 15:50:26.879 Model_Service_5] [PAPER-KV-V6] fetch meta-llama/Llama-3.2-3B -> None requests
[2026-08-22 15:50:26.882 Model_Service_0] [PAPER-KV-V6] fetch Qwen/Qwen2.5-1.5B-Instruct -> None requests
[2026-08-22 15:50:26.888 Model_Service_2] [PAPER-KV-V6] fetch Qwen/Qwen2.5-7B-Instruct -> None requests
[2026-08-22 15:50:26.889 Model_Service_5] [PAPER-KV-V6] fetch meta-llama/Llama-3.2-3B -> None requests
[2026-08-22 15:50:26.893 Model_Service_0] [PAPER-KV-V6] fetch Qwen/Qwen2.5-1.5B-Instruct -> None requests
[2026-08-22 15:50:26.898 Model_Service_2] [PAPER-KV-V6] fetch Qwen/Qwen2.5-7B-Instruct -> None requests
[2026-08-22 15:50:26.899 Model_Service_5] [PAPER-KV-V6] fetch meta-llama/Llama-3.2-3B -> None requests
[2026-08-22 15:50:26.903 Model_Service_0] [PAPER-KV-V6] fetch Qwen/Qwen2.5-1.5B-Instruct -> None requests
[2026-08-22 15:50:26.908 Model_Service_2] [PAPER-KV-V6] fetch Qwen/Qwen2.5-7B-Instruct -> None requests
[2026-08-22 15:50:26.909 Model_Service_5] [PAPER-KV-V6] fetch meta-llama/Llama-3.2-3B -> None requests
[2026-08-22 15:50:26.913 Model_Service_0] [PAPER-KV-V6] fetch Qwen/Qwen2.5-1.5B-Instruct -> None requests
[2026-08-22 15:50:26.918 Model_Service_2] [PAPER-KV-V6] fetch Qwen/Qwen2.5-7B-Instruct -> None requests
[2026-08-22 15:50:26.920 Model_Service_5] [PAPER-KV-V6] fetch meta-llama/Llama-3.2-3B -> None requests
[2026-08-22 15:50:26.924 Model_Service_0] [PAPER-KV-V6] fetch Qwen/Qwen2.5-1.5B-Instruct -> None requests
[2026-08-22 15:50:26.928 Model_Service_2] [PAPER-KV-V6] fetch Qwen/Qwen2.5-7B-Instruct -> None requests
[2026-08-22 15:50:26.930 Model_Service_5] [PAPER-KV-V6] fetch meta-llama/Llama-3.2-3B -> None requests
[2026-08-22 15:50:26.934 Model_Service_0] [PAPER-KV-V6] fetch Qwen/Qwen2.5-1.5B-Instruct -> None requests
[2026-08-22 15:50:26.939 Model_Service_2] [PAPER-KV-V6] fetch Qwen/Qwen2.5-7B-Instruct -> None requests
[2026-08-22 15:50:26.940 Model_Service_5] [PAPER-KV-V6] fetch meta-llama/Llama-3.2-3B -> None requests
[2026-08-22 15:50:26.945 Model_Service_0] [PAPER-KV-V6] fetch Qwen/Qwen2.5-1.5B-Instruct -> None requests
[2026-08-22 15:50:26.949 Model_Service_2] [PAPER-KV-V6] fetch Qwen/Qwen2.5-7B-Instruct -> None requests
[2026-08-22 15:50:26.951 Model_Service_5] [PAPER-KV-V6] fetch meta-llama/Llama-3.2-3B -> None requests
[2026-08-22 15:50:26.955 Model_Service_0] [PAPER-KV-V6] fetch Qwen/Qwen2.5-1.5B-Instruct -> None requests
[2026-08-22 15:50:26.959 Model_Service_2] [PAPER-KV-V6] fetch Qwen/Qwen2.5-7B-Instruct -> None requests
[2026-08-22 15:50:26.961 Model_Service_5] [PAPER-KV-V6] fetch meta-llama/Llama-3.2-3B -> None requests
[2026-08-22 15:50:26.965 Model_Service_0] [PAPER-KV-V6] fetch Qwen/Qwen2.5-1.5B-Instruct -> None requests
[2026-08-22 15:50:26.969 Model_Service_2] [PAPER-KV-V6] fetch Qwen/Qwen2.5-7B-Instruct -> None requests
[2026-08-22 15:50:26.971 Model_Service_5] [PAPER-KV-V6] fetch meta-llama/Llama-3.2-3B -> None requests
[2026-08-22 15:50:26.976 Model_Service_0] [PAPER-KV-V6] fetch Qwen/Qwen2.5-1.5B-Instruct -> None requests
[2026-08-22 15:50:26.980 Model_Service_2] [PAPER-KV-V6] fetch Qwen/Qwen2.5-7B-Instruct -> None requests
[2026-08-22 15:50:26.982 Model_Service_5] [PAPER-KV-V6] fetch meta-llama/Llama-3.2-3B -> None requests
[2026-08-22 15:50:26.986 Model_Service_0] [PAPER-KV-V6] fetch Qwen/Qwen2.5-1.5B-Instruct -> None requests
[2026-08-22 15:50:26.990 Model_Service_2] [PAPER-KV-V6] fetch Qwen/Qwen2.5-7B-Instruct -> None requests
[2026-08-22 15:50:26.992 Model_Service_5] [PAPER-KV-V6] fetch meta-llama/Llama-3.2-3B -> None requests
[2026-08-22 15:50:26.997 Model_Service_0] [PAPER-KV-V6] fetch Qwen/Qwen2.5-1.5B-Instruct -> None requests
[2026-08-22 15:50:27.000 Model_Service_2] [PAPER-KV-V6] fetch Qwen/Qwen2.5-7B-Instruct -> None requests
[2026-08-22 15:50:27.002 Model_Service_5] [PAPER-KV-V6] fetch meta-llama/Llama-3.2-3B -> None requests
[2026-08-22 15:50:27.007 Model_Service_0] [PAPER-KV-V6] fetch Qwen/Qwen2.5-1.5B-Instruct -> None requests
[2026-08-22 15:50:27.010 Model_Service_2] [PAPER-KV-V6] fetch Qwen/Qwen2.5-7B-Instruct -> None requests
[2026-08-22 15:50:27.013 Model_Service_5] [PAPER-KV-V6] fetch meta-llama/Llama-3.2-3B -> None requests
[2026-08-22 15:50:27.017 Model_Service_0] [PAPER-KV-V6] fetch Qwen/Qwen2.5-1.5B-Instruct -> None requests
[2026-08-22 15:50:27.021 Model_Service_2] [PAPER-KV-V6] fetch Qwen/Qwen2.5-7B-Instruct -> None requests
[2026-08-22 15:50:27.023 Model_Service_5] [PAPER-KV-V6] fetch meta-llama/Llama-3.2-3B -> None requests
[2026-08-22 15:50:27.028 Model_Service_0] [PAPER-KV-V6] fetch Qwen/Qwen2.5-1.5B-Instruct -> None requests
[2026-08-22 15:50:27.031 Model_Service_2] [PAPER-KV-V6] fetch Qwen/Qwen2.5-7B-Instruct -> None requests
[2026-08-22 15:50:27.033 Model_Service_5] [PAPER-KV-V6] fetch meta-llama/Llama-3.2-3B -> None requests
[2026-08-22 15:50:27.039 Model_Service_0] [PAPER-KV-V6] fetch Qwen/Qwen2.5-1.5B-Instruct -> None requests
[2026-08-22 15:50:27.041 Model_Service_2] [PAPER-KV-V6] fetch Qwen/Qwen2.5-7B-Instruct -> None requests
[2026-08-22 15:50:27.044 Model_Service_5] [PAPER-KV-V6] fetch meta-llama/Llama-3.2-3B -> None requests
[2026-08-22 15:50:27.049 Model_Service_0] [PAPER-KV-V6] fetch Qwen/Qwen2.5-1.5B-Instruct -> None requests
[2026-08-22 15:50:27.052 Model_Service_2] [PAPER-KV-V6] fetch Qwen/Qwen2.5-7B-Instruct -> None requests
[2026-08-22 15:50:27.054 Model_Service_5] [PAPER-KV-V6] fetch meta-llama/Llama-3.2-3B -> None requests
[2026-08-22 15:50:27.060 Model_Service_0] [PAPER-KV-V6] fetch Qwen/Qwen2.5-1.5B-Instruct -> None requests
[2026-08-22 15:50:27.063 Model_Service_2] [PAPER-KV-V6] fetch Qwen/Qwen2.5-7B-Instruct -> None requests
[2026-08-22 15:50:27.064 Model_Service_5] [PAPER-KV-V6] fetch meta-llama/Llama-3.2-3B -> None requests
[2026-08-22 15:50:27.070 Model_Service_0] [PAPER-KV-V6] fetch Qwen/Qwen2.5-1.5B-Instruct -> None requests
[2026-08-22 15:50:27.073 Model_Service_2] [PAPER-KV-V6] fetch Qwen/Qwen2.5-7B-Instruct -> None requests
[2026-08-22 15:50:27.074 Model_Service_5] [PAPER-KV-V6] fetch meta-llama/Llama-3.2-3B -> None requests
[2026-08-22 15:50:27.080 Model_Service_0] [PAPER-KV-V6] fetch Qwen/Qwen2.5-1.5B-Instruct -> None requests
[2026-08-22 15:50:27.084 Model_Service_2] [PAPER-KV-V6] fetch Qwen/Qwen2.5-7B-Instruct -> None requests
[2026-08-22 15:50:27.085 Model_Service_5] [PAPER-KV-V6] fetch meta-llama/Llama-3.2-3B -> None requests
[2026-08-22 15:50:27.091 Model_Service_0] [PAPER-KV-V6] fetch Qwen/Qwen2.5-1.5B-Instruct -> None requests
[2026-08-22 15:50:27.095 Model_Service_5] [PAPER-KV-V6] fetch meta-llama/Llama-3.2-3B -> None requests
[2026-08-22 15:50:27.095 Model_Service_2] [PAPER-KV-V6] fetch Qwen/Qwen2.5-7B-Instruct -> None requests
[2026-08-22 15:50:27.101 Model_Service_0] [PAPER-KV-V6] fetch Qwen/Qwen2.5-1.5B-Instruct -> None requests
[2026-08-22 15:50:27.105 Model_Service_5] [PAPER-KV-V6] fetch meta-llama/Llama-3.2-3B -> None requests
[2026-08-22 15:50:27.105 Model_Service_2] [PAPER-KV-V6] fetch Qwen/Qwen2.5-7B-Instruct -> None requests
[2026-08-22 15:50:27.112 Model_Service_0] [PAPER-KV-V6] fetch Qwen/Qwen2.5-1.5B-Instruct -> None requests
[2026-08-22 15:50:27.115 Model_Service_5] [PAPER-KV-V6] fetch meta-llama/Llama-3.2-3B -> None requests
[2026-08-22 15:50:27.116 Model_Service_2] [PAPER-KV-V6] fetch Qwen/Qwen2.5-7B-Instruct -> None requests
[2026-08-22 15:50:27.122 Model_Service_0] [PAPER-KV-V6] fetch Qwen/Qwen2.5-1.5B-Instruct -> None requests
[2026-08-22 15:50:27.126 Model_Service_5] [PAPER-KV-V6] fetch meta-llama/Llama-3.2-3B -> None requests
[2026-08-22 15:50:27.126 Model_Service_2] [PAPER-KV-V6] fetch Qwen/Qwen2.5-7B-Instruct -> None requests
[2026-08-22 15:50:27.133 Model_Service_0] [PAPER-KV-V6] fetch Qwen/Qwen2.5-1.5B-Instruct -> None requests
[2026-08-22 15:50:27.136 Model_Service_5] [PAPER-KV-V6] fetch meta-llama/Llama-3.2-3B -> None requests
[2026-08-22 15:50:27.136 Model_Service_2] [PAPER-KV-V6] fetch Qwen/Qwen2.5-7B-Instruct -> None requests
[2026-08-22 15:50:27.143 Model_Service_0] [PAPER-KV-V6] fetch Qwen/Qwen2.5-1.5B-Instruct -> None requests
[2026-08-22 15:50:27.146 Model_Service_5] [PAPER-KV-V6] fetch meta-llama/Llama-3.2-3B -> None requests
[2026-08-22 15:50:27.147 Model_Service_2] [PAPER-KV-V6] fetch Qwen/Qwen2.5-7B-Instruct -> None requests
[2026-08-22 15:50:27.154 Model_Service_0] [PAPER-KV-V6] fetch Qwen/Qwen2.5-1.5B-Instruct -> None requests
[2026-08-22 15:50:27.156 Model_Service_5] [PAPER-KV-V6] fetch meta-llama/Llama-3.2-3B -> None requests
[2026-08-22 15:50:27.157 Model_Service_2] [PAPER-KV-V6] fetch Qwen/Qwen2.5-7B-Instruct -> None requests
[2026-08-22 15:50:27.165 Model_Service_0] [PAPER-KV-V6] fetch Qwen/Qwen2.5-1.5B-Instruct -> None requests
[2026-08-22 15:50:27.167 Model_Service_5] [PAPER-KV-V6] fetch meta-llama/Llama-3.2-3B -> None requests
[2026-08-22 15:50:27.167 Model_Service_2] [PAPER-KV-V6] fetch Qwen/Qwen2.5-7B-Instruct -> None requests
[2026-08-22 15:50:27.175 Model_Service_0] [PAPER-KV-V6] fetch Qwen/Qwen2.5-1.5B-Instruct -> None requests
[2026-08-22 15:50:27.177 Model_Service_5] [PAPER-KV-V6] fetch meta-llama/Llama-3.2-3B -> None requests
[2026-08-22 15:50:27.177 Model_Service_2] [PAPER-KV-V6] fetch Qwen/Qwen2.5-7B-Instruct -> None requests
[2026-08-22 15:50:27.186 Model_Service_0] [PAPER-KV-V6] fetch Qwen/Qwen2.5-1.5B-Instruct -> None requests
[2026-08-22 15:50:27.187 Model_Service_5] [PAPER-KV-V6] fetch meta-llama/Llama-3.2-3B -> None requests
[2026-08-22 15:50:27.187 Model_Service_2] [PAPER-KV-V6] fetch Qwen/Qwen2.5-7B-Instruct -> None requests
[2026-08-22 15:50:27.196 Model_Service_0] [PAPER-KV-V6] fetch Qwen/Qwen2.5-1.5B-Instruct -> None requests
[2026-08-22 15:50:27.197 Model_Service_5] [PAPER-KV-V6] fetch meta-llama/Llama-3.2-3B -> None requests
[2026-08-22 15:50:27.198 Model_Service_2] [PAPER-KV-V6] fetch Qwen/Qwen2.5-7B-Instruct -> None requests
[2026-08-22 15:50:27.207 Model_Service_0] [PAPER-KV-V6] fetch Qwen/Qwen2.5-1.5B-Instruct -> None requests
[2026-08-22 15:50:27.208 Model_Service_5] [PAPER-KV-V6] fetch meta-llama/Llama-3.2-3B -> None requests
[2026-08-22 15:50:27.208 Model_Service_2] [PAPER-KV-V6] fetch Qwen/Qwen2.5-7B-Instruct -> None requests
[2026-08-22 15:50:27.217 Model_Service_0] [PAPER-KV-V6] fetch Qwen/Qwen2.5-1.5B-Instruct -> None requests
[2026-08-22 15:50:27.218 Model_Service_5] [PAPER-KV-V6] fetch meta-llama/Llama-3.2-3B -> None requests
[2026-08-22 15:50:27.218 Model_Service_2] [PAPER-KV-V6] fetch Qwen/Qwen2.5-7B-Instruct -> None requests
[2026-08-22 15:50:27.228 Model_Service_0] [PAPER-KV-V6] fetch Qwen/Qwen2.5-1.5B-Instruct -> None requests
[2026-08-22 15:50:27.228 Model_Service_5] [PAPER-KV-V6] fetch meta-llama/Llama-3.2-3B -> None requests
[2026-08-22 15:50:27.228 Model_Service_2] [PAPER-KV-V6] fetch Qwen/Qwen2.5-7B-Instruct -> None requests
[2026-08-22 15:50:27.238 Model_Service_0] [PAPER-KV-V6] fetch Qwen/Qwen2.5-1.5B-Instruct -> None requests
[2026-08-22 15:50:27.238 Model_Service_5] [PAPER-KV-V6] fetch meta-llama/Llama-3.2-3B -> None requests
[2026-08-22 15:50:27.239 Model_Service_2] [PAPER-KV-V6] fetch Qwen/Qwen2.5-7B-Instruct -> None requests
[2026-08-22 15:50:27.249 Model_Service_5] [PAPER-KV-V6] fetch meta-llama/Llama-3.2-3B -> None requests
[2026-08-22 15:50:27.249 Model_Service_0] [PAPER-KV-V6] fetch Qwen/Qwen2.5-1.5B-Instruct -> None requests
[2026-08-22 15:50:27.249 Model_Service_2] [PAPER-KV-V6] fetch Qwen/Qwen2.5-7B-Instruct -> None requests
[2026-08-22 15:50:27.259 Model_Service_5] [PAPER-KV-V6] fetch meta-llama/Llama-3.2-3B -> None requests
[2026-08-22 15:50:27.259 Model_Service_2] [PAPER-KV-V6] fetch Qwen/Qwen2.5-7B-Instruct -> None requests
[2026-08-22 15:50:27.259 Model_Service_0] [PAPER-KV-V6] fetch Qwen/Qwen2.5-1.5B-Instruct -> None requests
[2026-08-22 15:50:27.269 Model_Service_5] [PAPER-KV-V6] fetch meta-llama/Llama-3.2-3B -> None requests
[2026-08-22 15:50:27.269 Model_Service_2] [PAPER-KV-V6] fetch Qwen/Qwen2.5-7B-Instruct -> None requests
[2026-08-22 15:50:27.270 Model_Service_0] [PAPER-KV-V6] fetch Qwen/Qwen2.5-1.5B-Instruct -> None requests
[2026-08-22 15:50:27.280 Model_Service_2] [PAPER-KV-V6] fetch Qwen/Qwen2.5-7B-Instruct -> None requests
[2026-08-22 15:50:27.280 Model_Service_5] [PAPER-KV-V6] fetch meta-llama/Llama-3.2-3B -> None requests
[2026-08-22 15:50:27.281 Model_Service_0] [PAPER-KV-V6] fetch Qwen/Qwen2.5-1.5B-Instruct -> None requests
[2026-08-22 15:50:27.290 Model_Service_2] [PAPER-KV-V6] fetch Qwen/Qwen2.5-7B-Instruct -> None requests
[2026-08-22 15:50:27.290 Model_Service_5] [PAPER-KV-V6] fetch meta-llama/Llama-3.2-3B -> None requests
[2026-08-22 15:50:27.291 Model_Service_0] [PAPER-KV-V6] fetch Qwen/Qwen2.5-1.5B-Instruct -> None requests
[2026-08-22 15:50:27.300 Model_Service_2] [PAPER-KV-V6] fetch Qwen/Qwen2.5-7B-Instruct -> None requests
[2026-08-22 15:50:27.300 Model_Service_5] [PAPER-KV-V6] fetch meta-llama/Llama-3.2-3B -> None requests
[2026-08-22 15:50:27.302 Model_Service_0] [PAPER-KV-V6] fetch Qwen/Qwen2.5-1.5B-Instruct -> None requests
[2026-08-22 15:50:27.310 Model_Service_2] [PAPER-KV-V6] fetch Qwen/Qwen2.5-7B-Instruct -> None requests
[2026-08-22 15:50:27.311 Model_Service_5] [PAPER-KV-V6] fetch meta-llama/Llama-3.2-3B -> None requests
[2026-08-22 15:50:27.312 Model_Service_0] [PAPER-KV-V6] fetch Qwen/Qwen2.5-1.5B-Instruct -> None requests
[2026-08-22 15:50:27.321 Model_Service_2] [PAPER-KV-V6] fetch Qwen/Qwen2.5-7B-Instruct -> None requests
[2026-08-22 15:50:27.321 Model_Service_5] [PAPER-KV-V6] fetch meta-llama/Llama-3.2-3B -> None requests
[2026-08-22 15:50:27.323 Model_Service_0] [PAPER-KV-V6] fetch Qwen/Qwen2.5-1.5B-Instruct -> None requests
[2026-08-22 15:50:27.331 Model_Service_2] [PAPER-KV-V6] fetch Qwen/Qwen2.5-7B-Instruct -> None requests
[2026-08-22 15:50:27.331 Model_Service_5] [PAPER-KV-V6] fetch meta-llama/Llama-3.2-3B -> None requests
[2026-08-22 15:50:27.333 Model_Service_0] [PAPER-KV-V6] fetch Qwen/Qwen2.5-1.5B-Instruct -> None requests
[2026-08-22 15:50:27.341 Model_Service_2] [PAPER-KV-V6] fetch Qwen/Qwen2.5-7B-Instruct -> None requests
[2026-08-22 15:50:27.342 Model_Service_5] [PAPER-KV-V6] fetch meta-llama/Llama-3.2-3B -> None requests
[2026-08-22 15:50:27.344 Model_Service_0] [PAPER-KV-V6] fetch Qwen/Qwen2.5-1.5B-Instruct -> None requests
[2026-08-22 15:50:27.351 Model_Service_2] [PAPER-KV-V6] fetch Qwen/Qwen2.5-7B-Instruct -> None requests
[2026-08-22 15:50:27.352 Model_Service_5] [PAPER-KV-V6] fetch meta-llama/Llama-3.2-3B -> None requests
[2026-08-22 15:50:27.354 Model_Service_0] [PAPER-KV-V6] fetch Qwen/Qwen2.5-1.5B-Instruct -> None requests
[2026-08-22 15:50:27.361 Model_Service_2] [PAPER-KV-V6] fetch Qwen/Qwen2.5-7B-Instruct -> None requests
[2026-08-22 15:50:27.362 Model_Service_5] [PAPER-KV-V6] fetch meta-llama/Llama-3.2-3B -> None requests
[2026-08-22 15:50:27.365 Model_Service_0] [PAPER-KV-V6] fetch Qwen/Qwen2.5-1.5B-Instruct -> None requests
[2026-08-22 15:50:27.372 Model_Service_2] [PAPER-KV-V6] fetch Qwen/Qwen2.5-7B-Instruct -> None requests
[2026-08-22 15:50:27.372 Model_Service_5] [PAPER-KV-V6] fetch meta-llama/Llama-3.2-3B -> None requests
[2026-08-22 15:50:27.375 Model_Service_0] [PAPER-KV-V6] fetch Qwen/Qwen2.5-1.5B-Instruct -> None requests
[2026-08-22 15:50:27.382 Model_Service_2] [PAPER-KV-V6] fetch Qwen/Qwen2.5-7B-Instruct -> None requests
[2026-08-22 15:50:27.383 Model_Service_5] [PAPER-KV-V6] fetch meta-llama/Llama-3.2-3B -> None requests
[2026-08-22 15:50:27.386 Model_Service_0] [PAPER-KV-V6] fetch Qwen/Qwen2.5-1.5B-Instruct -> None requests
[2026-08-22 15:50:27.392 Model_Service_2] [PAPER-KV-V6] fetch Qwen/Qwen2.5-7B-Instruct -> None requests
[2026-08-22 15:50:27.393 Model_Service_5] [PAPER-KV-V6] fetch meta-llama/Llama-3.2-3B -> None requests
[2026-08-22 15:50:27.396 Model_Service_0] [PAPER-KV-V6] fetch Qwen/Qwen2.5-1.5B-Instruct -> None requests
[2026-08-22 15:50:27.402 Model_Service_2] [PAPER-KV-V6] fetch Qwen/Qwen2.5-7B-Instruct -> None requests
[2026-08-22 15:50:27.403 Model_Service_5] [PAPER-KV-V6] fetch meta-llama/Llama-3.2-3B -> None requests
[2026-08-22 15:50:27.407 Model_Service_0] [PAPER-KV-V6] fetch Qwen/Qwen2.5-1.5B-Instruct -> None requests
[2026-08-22 15:50:27.413 Model_Service_2] [PAPER-KV-V6] fetch Qwen/Qwen2.5-7B-Instruct -> None requests
[2026-08-22 15:50:27.413 Model_Service_5] [PAPER-KV-V6] fetch meta-llama/Llama-3.2-3B -> None requests
[2026-08-22 15:50:27.417 Model_Service_0] [PAPER-KV-V6] fetch Qwen/Qwen2.5-1.5B-Instruct -> None requests
[2026-08-22 15:50:27.423 Model_Service_2] [PAPER-KV-V6] fetch Qwen/Qwen2.5-7B-Instruct -> None requests
[2026-08-22 15:50:27.424 Model_Service_5] [PAPER-KV-V6] fetch meta-llama/Llama-3.2-3B -> None requests
[2026-08-22 15:50:27.428 Model_Service_0] [PAPER-KV-V6] fetch Qwen/Qwen2.5-1.5B-Instruct -> None requests
[2026-08-22 15:50:27.433 Model_Service_2] [PAPER-KV-V6] fetch Qwen/Qwen2.5-7B-Instruct -> None requests
[2026-08-22 15:50:27.434 Model_Service_5] [PAPER-KV-V6] fetch meta-llama/Llama-3.2-3B -> None requests
[2026-08-22 15:50:27.438 Model_Service_0] [PAPER-KV-V6] fetch Qwen/Qwen2.5-1.5B-Instruct -> None requests
[2026-08-22 15:50:27.444 Model_Service_2] [PAPER-KV-V6] fetch Qwen/Qwen2.5-7B-Instruct -> None requests
[2026-08-22 15:50:27.444 Model_Service_5] [PAPER-KV-V6] fetch meta-llama/Llama-3.2-3B -> None requests
[2026-08-22 15:50:27.449 Model_Service_0] [PAPER-KV-V6] fetch Qwen/Qwen2.5-1.5B-Instruct -> None requests
[2026-08-22 15:50:27.454 Model_Service_2] [PAPER-KV-V6] fetch Qwen/Qwen2.5-7B-Instruct -> None requests
[2026-08-22 15:50:27.454 Model_Service_5] [PAPER-KV-V6] fetch meta-llama/Llama-3.2-3B -> None requests
[2026-08-22 15:50:27.459 Model_Service_0] [PAPER-KV-V6] fetch Qwen/Qwen2.5-1.5B-Instruct -> None requests
[2026-08-22 15:50:27.465 Model_Service_2] [PAPER-KV-V6] fetch Qwen/Qwen2.5-7B-Instruct -> None requests
[2026-08-22 15:50:27.465 Model_Service_5] [PAPER-KV-V6] fetch meta-llama/Llama-3.2-3B -> None requests
[2026-08-22 15:50:27.470 Model_Service_0] [PAPER-KV-V6] fetch Qwen/Qwen2.5-1.5B-Instruct -> None requests
[2026-08-22 15:50:27.475 Model_Service_5] [PAPER-KV-V6] fetch meta-llama/Llama-3.2-3B -> None requests
[2026-08-22 15:50:27.475 Model_Service_2] [PAPER-KV-V6] fetch Qwen/Qwen2.5-7B-Instruct -> None requests
[2026-08-22 15:50:27.480 Model_Service_0] [PAPER-KV-V6] fetch Qwen/Qwen2.5-1.5B-Instruct -> None requests
[2026-08-22 15:50:27.485 Model_Service_5] [PAPER-KV-V6] fetch meta-llama/Llama-3.2-3B -> None requests
[2026-08-22 15:50:27.485 Model_Service_2] [PAPER-KV-V6] fetch Qwen/Qwen2.5-7B-Instruct -> None requests
[2026-08-22 15:50:27.491 Model_Service_0] [PAPER-KV-V6] fetch Qwen/Qwen2.5-1.5B-Instruct -> None requests
[2026-08-22 15:50:27.495 Model_Service_5] [PAPER-KV-V6] fetch meta-llama/Llama-3.2-3B -> None requests
[2026-08-22 15:50:27.496 Model_Service_2] [PAPER-KV-V6] fetch Qwen/Qwen2.5-7B-Instruct -> None requests
[2026-08-22 15:50:27.501 Model_Service_0] [PAPER-KV-V6] fetch Qwen/Qwen2.5-1.5B-Instruct -> None requests
[2026-08-22 15:50:27.506 Model_Service_5] [PAPER-KV-V6] fetch meta-llama/Llama-3.2-3B -> None requests
[2026-08-22 15:50:27.506 Model_Service_2] [PAPER-KV-V6] fetch Qwen/Qwen2.5-7B-Instruct -> None requests
[2026-08-22 15:50:27.512 Model_Service_0] [PAPER-KV-V6] fetch Qwen/Qwen2.5-1.5B-Instruct -> None requests
[2026-08-22 15:50:27.516 Model_Service_5] [PAPER-KV-V6] fetch meta-llama/Llama-3.2-3B -> None requests
[2026-08-22 15:50:27.516 Model_Service_2] [PAPER-KV-V6] fetch Qwen/Qwen2.5-7B-Instruct -> None requests
[2026-08-22 15:50:27.522 Model_Service_0] [PAPER-KV-V6] fetch Qwen/Qwen2.5-1.5B-Instruct -> None requests
[2026-08-22 15:50:27.526 Model_Service_5] [PAPER-KV-V6] fetch meta-llama/Llama-3.2-3B -> None requests
[2026-08-22 15:50:27.527 Model_Service_2] [PAPER-KV-V6] fetch Qwen/Qwen2.5-7B-Instruct -> None requests
[2026-08-22 15:50:27.533 Model_Service_0] [PAPER-KV-V6] fetch Qwen/Qwen2.5-1.5B-Instruct -> None requests
[2026-08-22 15:50:27.536 Model_Service_5] [PAPER-KV-V6] fetch meta-llama/Llama-3.2-3B -> None requests
[2026-08-22 15:50:27.537 Model_Service_2] [PAPER-KV-V6] fetch Qwen/Qwen2.5-7B-Instruct -> None requests
[2026-08-22 15:50:27.544 Model_Service_0] [PAPER-KV-V6] fetch Qwen/Qwen2.5-1.5B-Instruct -> None requests
[2026-08-22 15:50:27.547 Model_Service_5] [PAPER-KV-V6] fetch meta-llama/Llama-3.2-3B -> None requests
[2026-08-22 15:50:27.548 Model_Service_2] [PAPER-KV-V6] fetch Qwen/Qwen2.5-7B-Instruct -> None requests
[2026-08-22 15:50:27.554 Model_Service_0] [PAPER-KV-V6] fetch Qwen/Qwen2.5-1.5B-Instruct -> None requests
[2026-08-22 15:50:27.557 Model_Service_5] [PAPER-KV-V6] fetch meta-llama/Llama-3.2-3B -> None requests
[2026-08-22 15:50:27.558 Model_Service_2] [PAPER-KV-V6] fetch Qwen/Qwen2.5-7B-Instruct -> None requests
[2026-08-22 15:50:27.565 Model_Service_0] [PAPER-KV-V6] fetch Qwen/Qwen2.5-1.5B-Instruct -> None requests
[2026-08-22 15:50:27.567 Model_Service_5] [PAPER-KV-V6] fetch meta-llama/Llama-3.2-3B -> None requests
[2026-08-22 15:50:27.568 Model_Service_2] [PAPER-KV-V6] fetch Qwen/Qwen2.5-7B-Instruct -> None requests
[2026-08-22 15:50:27.575 Model_Service_0] [PAPER-KV-V6] fetch Qwen/Qwen2.5-1.5B-Instruct -> None requests
[2026-08-22 15:50:27.577 Model_Service_5] [PAPER-KV-V6] fetch meta-llama/Llama-3.2-3B -> None requests
[2026-08-22 15:50:27.579 Model_Service_2] [PAPER-KV-V6] fetch Qwen/Qwen2.5-7B-Instruct -> None requests
[2026-08-22 15:50:27.586 Model_Service_0] [PAPER-KV-V6] fetch Qwen/Qwen2.5-1.5B-Instruct -> None requests
[2026-08-22 15:50:27.588 Model_Service_5] [PAPER-KV-V6] fetch meta-llama/Llama-3.2-3B -> None requests
[2026-08-22 15:50:27.589 Model_Service_2] [PAPER-KV-V6] fetch Qwen/Qwen2.5-7B-Instruct -> None requests
[2026-08-22 15:50:27.596 Model_Service_0] [PAPER-KV-V6] fetch Qwen/Qwen2.5-1.5B-Instruct -> None requests
[2026-08-22 15:50:27.598 Model_Service_5] [PAPER-KV-V6] fetch meta-llama/Llama-3.2-3B -> None requests
[2026-08-22 15:50:27.600 Model_Service_2] [PAPER-KV-V6] fetch Qwen/Qwen2.5-7B-Instruct -> None requests
[2026-08-22 15:50:27.607 Model_Service_0] [PAPER-KV-V6] fetch Qwen/Qwen2.5-1.5B-Instruct -> None requests
[2026-08-22 15:50:27.608 Model_Service_5] [PAPER-KV-V6] fetch meta-llama/Llama-3.2-3B -> None requests
[2026-08-22 15:50:27.610 Model_Service_2] [PAPER-KV-V6] fetch Qwen/Qwen2.5-7B-Instruct -> None requests
[2026-08-22 15:50:27.617 Model_Service_0] [PAPER-KV-V6] fetch Qwen/Qwen2.5-1.5B-Instruct -> None requests
[2026-08-22 15:50:27.618 Model_Service_5] [PAPER-KV-V6] fetch meta-llama/Llama-3.2-3B -> None requests
[2026-08-22 15:50:27.621 Model_Service_2] [PAPER-KV-V6] fetch Qwen/Qwen2.5-7B-Instruct -> None requests
[2026-08-22 15:50:27.628 Model_Service_0] [PAPER-KV-V6] fetch Qwen/Qwen2.5-1.5B-Instruct -> None requests
[2026-08-22 15:50:27.629 Model_Service_5] [PAPER-KV-V6] fetch meta-llama/Llama-3.2-3B -> None requests
[2026-08-22 15:50:27.631 Model_Service_2] [PAPER-KV-V6] fetch Qwen/Qwen2.5-7B-Instruct -> None requests
[2026-08-22 15:50:27.638 Model_Service_0] [PAPER-KV-V6] fetch Qwen/Qwen2.5-1.5B-Instruct -> None requests
[2026-08-22 15:50:27.639 Model_Service_5] [PAPER-KV-V6] fetch meta-llama/Llama-3.2-3B -> None requests
[2026-08-22 15:50:27.642 Model_Service_2] [PAPER-KV-V6] fetch Qwen/Qwen2.5-7B-Instruct -> None requests
[2026-08-22 15:50:27.649 Model_Service_0] [PAPER-KV-V6] fetch Qwen/Qwen2.5-1.5B-Instruct -> None requests
[2026-08-22 15:50:27.649 Model_Service_5] [PAPER-KV-V6] fetch meta-llama/Llama-3.2-3B -> None requests
[2026-08-22 15:50:27.652 Model_Service_2] [PAPER-KV-V6] fetch Qwen/Qwen2.5-7B-Instruct -> None requests
[2026-08-22 15:50:27.659 Model_Service_0] [PAPER-KV-V6] fetch Qwen/Qwen2.5-1.5B-Instruct -> None requests
[2026-08-22 15:50:27.659 Model_Service_5] [PAPER-KV-V6] fetch meta-llama/Llama-3.2-3B -> None requests
[2026-08-22 15:50:27.663 Model_Service_2] [PAPER-KV-V6] fetch Qwen/Qwen2.5-7B-Instruct -> None requests
[2026-08-22 15:50:27.670 Model_Service_5] [PAPER-KV-V6] fetch meta-llama/Llama-3.2-3B -> None requests
[2026-08-22 15:50:27.670 Model_Service_0] [PAPER-KV-V6] fetch Qwen/Qwen2.5-1.5B-Instruct -> None requests
[2026-08-22 15:50:27.674 Model_Service_2] [PAPER-KV-V6] fetch Qwen/Qwen2.5-7B-Instruct -> None requests
[2026-08-22 15:50:27.680 Model_Service_5] [PAPER-KV-V6] fetch meta-llama/Llama-3.2-3B -> None requests
[2026-08-22 15:50:27.681 Model_Service_0] [PAPER-KV-V6] fetch Qwen/Qwen2.5-1.5B-Instruct -> None requests
[2026-08-22 15:50:27.684 Model_Service_2] [PAPER-KV-V6] fetch Qwen/Qwen2.5-7B-Instruct -> None requests
[2026-08-22 15:50:27.691 Model_Service_5] [PAPER-KV-V6] fetch meta-llama/Llama-3.2-3B -> None requests
[2026-08-22 15:50:27.692 Model_Service_0] [PAPER-KV-V6] fetch Qwen/Qwen2.5-1.5B-Instruct -> None requests
[2026-08-22 15:50:27.695 Model_Service_2] [PAPER-KV-V6] fetch Qwen/Qwen2.5-7B-Instruct -> None requests
[2026-08-22 15:50:27.701 Model_Service_5] [PAPER-KV-V6] fetch meta-llama/Llama-3.2-3B -> None requests
[2026-08-22 15:50:27.702 Model_Service_0] [PAPER-KV-V6] fetch Qwen/Qwen2.5-1.5B-Instruct -> None requests
[2026-08-22 15:50:27.705 Model_Service_2] [PAPER-KV-V6] fetch Qwen/Qwen2.5-7B-Instruct -> None requests
[2026-08-22 15:50:27.712 Model_Service_5] [PAPER-KV-V6] fetch meta-llama/Llama-3.2-3B -> None requests
[2026-08-22 15:50:27.713 Model_Service_0] [PAPER-KV-V6] fetch Qwen/Qwen2.5-1.5B-Instruct -> None requests
[2026-08-22 15:50:27.716 Model_Service_2] [PAPER-KV-V6] fetch Qwen/Qwen2.5-7B-Instruct -> None requests
[2026-08-22 15:50:27.722 Model_Service_5] [PAPER-KV-V6] fetch meta-llama/Llama-3.2-3B -> None requests
[2026-08-22 15:50:27.723 Model_Service_0] [PAPER-KV-V6] fetch Qwen/Qwen2.5-1.5B-Instruct -> None requests
[2026-08-22 15:50:27.726 Model_Service_2] [PAPER-KV-V6] fetch Qwen/Qwen2.5-7B-Instruct -> None requests
[2026-08-22 15:50:27.732 Model_Service_5] [PAPER-KV-V6] fetch meta-llama/Llama-3.2-3B -> None requests
[2026-08-22 15:50:27.734 Model_Service_0] [PAPER-KV-V6] fetch Qwen/Qwen2.5-1.5B-Instruct -> None requests
[2026-08-22 15:50:27.737 Model_Service_2] [PAPER-KV-V6] fetch Qwen/Qwen2.5-7B-Instruct -> None requests
[2026-08-22 15:50:27.743 Model_Service_5] [PAPER-KV-V6] fetch meta-llama/Llama-3.2-3B -> None requests
[2026-08-22 15:50:27.744 Model_Service_0] [PAPER-KV-V6] fetch Qwen/Qwen2.5-1.5B-Instruct -> None requests
[2026-08-22 15:50:27.747 Model_Service_2] [PAPER-KV-V6] fetch Qwen/Qwen2.5-7B-Instruct -> None requests
[2026-08-22 15:50:27.753 Model_Service_5] [PAPER-KV-V6] fetch meta-llama/Llama-3.2-3B -> None requests
[2026-08-22 15:50:27.755 Model_Service_0] [PAPER-KV-V6] fetch Qwen/Qwen2.5-1.5B-Instruct -> None requests
[2026-08-22 15:50:27.758 Model_Service_2] [PAPER-KV-V6] fetch Qwen/Qwen2.5-7B-Instruct -> None requests
[2026-08-22 15:50:27.763 Model_Service_5] [PAPER-KV-V6] fetch meta-llama/Llama-3.2-3B -> None requests
[2026-08-22 15:50:27.765 Model_Service_0] [PAPER-KV-V6] fetch Qwen/Qwen2.5-1.5B-Instruct -> None requests
[2026-08-22 15:50:27.769 Model_Service_2] [PAPER-KV-V6] fetch Qwen/Qwen2.5-7B-Instruct -> None requests
[2026-08-22 15:50:27.774 Model_Service_5] [PAPER-KV-V6] fetch meta-llama/Llama-3.2-3B -> None requests
[2026-08-22 15:50:27.776 Model_Service_0] [PAPER-KV-V6] fetch Qwen/Qwen2.5-1.5B-Instruct -> None requests
[2026-08-22 15:50:27.780 Model_Service_2] [PAPER-KV-V6] fetch Qwen/Qwen2.5-7B-Instruct -> None requests
[2026-08-22 15:50:27.784 Model_Service_5] [PAPER-KV-V6] fetch meta-llama/Llama-3.2-3B -> None requests
[2026-08-22 15:50:27.786 Model_Service_0] [PAPER-KV-V6] fetch Qwen/Qwen2.5-1.5B-Instruct -> None requests
[2026-08-22 15:50:27.790 Model_Service_2] [PAPER-KV-V6] fetch Qwen/Qwen2.5-7B-Instruct -> None requests
[2026-08-22 15:50:27.795 Model_Service_5] [PAPER-KV-V6] fetch meta-llama/Llama-3.2-3B -> None requests
[2026-08-22 15:50:27.797 Model_Service_0] [PAPER-KV-V6] fetch Qwen/Qwen2.5-1.5B-Instruct -> None requests
[2026-08-22 15:50:27.801 Model_Service_2] [PAPER-KV-V6] fetch Qwen/Qwen2.5-7B-Instruct -> None requests
[2026-08-22 15:50:27.805 Model_Service_5] [PAPER-KV-V6] fetch meta-llama/Llama-3.2-3B -> None requests
[2026-08-22 15:50:27.807 Model_Service_0] [PAPER-KV-V6] fetch Qwen/Qwen2.5-1.5B-Instruct -> None requests
[2026-08-22 15:50:27.812 Model_Service_2] [PAPER-KV-V6] fetch Qwen/Qwen2.5-7B-Instruct -> None requests
[2026-08-22 15:50:27.816 Model_Service_5] [PAPER-KV-V6] fetch meta-llama/Llama-3.2-3B -> None requests
[2026-08-22 15:50:27.818 Model_Service_0] [PAPER-KV-V6] fetch Qwen/Qwen2.5-1.5B-Instruct -> None requests
[2026-08-22 15:50:27.823 Model_Service_2] [PAPER-KV-V6] fetch Qwen/Qwen2.5-7B-Instruct -> None requests
[2026-08-22 15:50:27.826 Model_Service_5] [PAPER-KV-V6] fetch meta-llama/Llama-3.2-3B -> None requests
[2026-08-22 15:50:27.828 Model_Service_0] [PAPER-KV-V6] fetch Qwen/Qwen2.5-1.5B-Instruct -> None requests
[2026-08-22 15:50:27.833 Model_Service_2] [PAPER-KV-V6] fetch Qwen/Qwen2.5-7B-Instruct -> None requests
[2026-08-22 15:50:27.836 Model_Service_5] [PAPER-KV-V6] fetch meta-llama/Llama-3.2-3B -> None requests
[2026-08-22 15:50:27.839 Model_Service_0] [PAPER-KV-V6] fetch Qwen/Qwen2.5-1.5B-Instruct -> None requests
[2026-08-22 15:50:27.844 Model_Service_2] [PAPER-KV-V6] fetch Qwen/Qwen2.5-7B-Instruct -> None requests
[2026-08-22 15:50:27.847 Model_Service_5] [PAPER-KV-V6] fetch meta-llama/Llama-3.2-3B -> None requests
[2026-08-22 15:50:27.849 Model_Service_0] [PAPER-KV-V6] fetch Qwen/Qwen2.5-1.5B-Instruct -> None requests
[2026-08-22 15:50:27.855 Model_Service_2] [PAPER-KV-V6] fetch Qwen/Qwen2.5-7B-Instruct -> None requests
[2026-08-22 15:50:27.857 Model_Service_5] [PAPER-KV-V6] fetch meta-llama/Llama-3.2-3B -> None requests
[2026-08-22 15:50:27.860 Model_Service_0] [PAPER-KV-V6] fetch Qwen/Qwen2.5-1.5B-Instruct -> None requests
[2026-08-22 15:50:27.865 Model_Service_2] [PAPER-KV-V6] fetch Qwen/Qwen2.5-7B-Instruct -> None requests
[2026-08-22 15:50:27.867 Model_Service_5] [PAPER-KV-V6] fetch meta-llama/Llama-3.2-3B -> None requests
[2026-08-22 15:50:27.870 Model_Service_0] [PAPER-KV-V6] fetch Qwen/Qwen2.5-1.5B-Instruct -> None requests
[2026-08-22 15:50:27.876 Model_Service_2] [PAPER-KV-V6] fetch Qwen/Qwen2.5-7B-Instruct -> None requests
[2026-08-22 15:50:27.877 Model_Service_5] [PAPER-KV-V6] fetch meta-llama/Llama-3.2-3B -> None requests
[2026-08-22 15:50:27.881 Model_Service_0] [PAPER-KV-V6] fetch Qwen/Qwen2.5-1.5B-Instruct -> None requests
[2026-08-22 15:50:27.887 Model_Service_2] [PAPER-KV-V6] fetch Qwen/Qwen2.5-7B-Instruct -> None requests
[2026-08-22 15:50:27.888 Model_Service_5] [PAPER-KV-V6] fetch meta-llama/Llama-3.2-3B -> None requests
[2026-08-22 15:50:27.891 Model_Service_0] [PAPER-KV-V6] fetch Qwen/Qwen2.5-1.5B-Instruct -> None requests
[2026-08-22 15:50:27.897 Model_Service_2] [PAPER-KV-V6] fetch Qwen/Qwen2.5-7B-Instruct -> None requests
[2026-08-22 15:50:27.898 Model_Service_5] [PAPER-KV-V6] fetch meta-llama/Llama-3.2-3B -> None requests
[2026-08-22 15:50:27.902 Model_Service_0] [PAPER-KV-V6] fetch Qwen/Qwen2.5-1.5B-Instruct -> None requests
[2026-08-22 15:50:27.908 Model_Service_2] [PAPER-KV-V6] fetch Qwen/Qwen2.5-7B-Instruct -> None requests
[2026-08-22 15:50:27.908 Model_Service_5] [PAPER-KV-V6] fetch meta-llama/Llama-3.2-3B -> None requests
[2026-08-22 15:50:27.912 Model_Service_0] [PAPER-KV-V6] fetch Qwen/Qwen2.5-1.5B-Instruct -> None requests
[2026-08-22 15:50:27.918 Model_Service_5] [PAPER-KV-V6] fetch meta-llama/Llama-3.2-3B -> None requests
[2026-08-22 15:50:27.918 Model_Service_2] [PAPER-KV-V6] fetch Qwen/Qwen2.5-7B-Instruct -> None requests
[2026-08-22 15:50:27.922 Model_Service_0] [PAPER-KV-V6] fetch Qwen/Qwen2.5-1.5B-Instruct -> None requests
[2026-08-22 15:50:27.929 Model_Service_5] [PAPER-KV-V6] fetch meta-llama/Llama-3.2-3B -> None requests
[2026-08-22 15:50:27.929 Model_Service_2] [PAPER-KV-V6] fetch Qwen/Qwen2.5-7B-Instruct -> None requests
[2026-08-22 15:50:27.933 Model_Service_0] [PAPER-KV-V6] fetch Qwen/Qwen2.5-1.5B-Instruct -> None requests
[2026-08-22 15:50:27.939 Model_Service_5] [PAPER-KV-V6] fetch meta-llama/Llama-3.2-3B -> None requests
[2026-08-22 15:50:27.940 Model_Service_2] [PAPER-KV-V6] fetch Qwen/Qwen2.5-7B-Instruct -> None requests
[2026-08-22 15:50:27.943 Model_Service_0] [PAPER-KV-V6] fetch Qwen/Qwen2.5-1.5B-Instruct -> None requests
[2026-08-22 15:50:27.949 Model_Service_5] [PAPER-KV-V6] fetch meta-llama/Llama-3.2-3B -> None requests
[2026-08-22 15:50:27.951 Model_Service_2] [PAPER-KV-V6] fetch Qwen/Qwen2.5-7B-Instruct -> None requests
[2026-08-22 15:50:27.954 Model_Service_0] [PAPER-KV-V6] fetch Qwen/Qwen2.5-1.5B-Instruct -> None requests
[2026-08-22 15:50:27.959 Model_Service_5] [PAPER-KV-V6] fetch meta-llama/Llama-3.2-3B -> None requests
[2026-08-22 15:50:27.961 Model_Service_2] [PAPER-KV-V6] fetch Qwen/Qwen2.5-7B-Instruct -> None requests
[2026-08-22 15:50:27.964 Model_Service_0] [PAPER-KV-V6] fetch Qwen/Qwen2.5-1.5B-Instruct -> None requests
[2026-08-22 15:50:27.969 Model_Service_5] [PAPER-KV-V6] fetch meta-llama/Llama-3.2-3B -> None requests
[2026-08-22 15:50:27.972 Model_Service_2] [PAPER-KV-V6] fetch Qwen/Qwen2.5-7B-Instruct -> None requests
[2026-08-22 15:50:27.974 Model_Service_0] [PAPER-KV-V6] fetch Qwen/Qwen2.5-1.5B-Instruct -> None requests
[2026-08-22 15:50:27.980 Model_Service_5] [PAPER-KV-V6] fetch meta-llama/Llama-3.2-3B -> None requests
[2026-08-22 15:50:27.982 Model_Service_2] [PAPER-KV-V6] fetch Qwen/Qwen2.5-7B-Instruct -> None requests
[2026-08-22 15:50:27.985 Model_Service_0] [PAPER-KV-V6] fetch Qwen/Qwen2.5-1.5B-Instruct -> None requests
[2026-08-22 15:50:27.990 Model_Service_5] [PAPER-KV-V6] fetch meta-llama/Llama-3.2-3B -> None requests
[2026-08-22 15:50:27.993 Model_Service_2] [PAPER-KV-V6] fetch Qwen/Qwen2.5-7B-Instruct -> None requests
[2026-08-22 15:50:27.995 Model_Service_0] [PAPER-KV-V6] fetch Qwen/Qwen2.5-1.5B-Instruct -> None requests
[2026-08-22 15:50:28.000 Model_Service_5] [PAPER-KV-V6] fetch meta-llama/Llama-3.2-3B -> None requests
[2026-08-22 15:50:28.004 Model_Service_2] [PAPER-KV-V6] fetch Qwen/Qwen2.5-7B-Instruct -> None requests
[2026-08-22 15:50:28.006 Model_Service_0] [PAPER-KV-V6] fetch Qwen/Qwen2.5-1.5B-Instruct -> None requests
[2026-08-22 15:50:28.010 Model_Service_5] [PAPER-KV-V6] fetch meta-llama/Llama-3.2-3B -> None requests
[2026-08-22 15:50:28.014 Model_Service_2] [PAPER-KV-V6] fetch Qwen/Qwen2.5-7B-Instruct -> None requests
[2026-08-22 15:50:28.017 Model_Service_0] [PAPER-KV-V6] fetch Qwen/Qwen2.5-1.5B-Instruct -> None requests
[2026-08-22 15:50:28.021 Model_Service_5] [PAPER-KV-V6] fetch meta-llama/Llama-3.2-3B -> None requests
[2026-08-22 15:50:28.025 Model_Service_2] [PAPER-KV-V6] fetch Qwen/Qwen2.5-7B-Instruct -> None requests
[2026-08-22 15:50:28.027 Model_Service_0] [PAPER-KV-V6] fetch Qwen/Qwen2.5-1.5B-Instruct -> None requests
[2026-08-22 15:50:28.031 Model_Service_5] [PAPER-KV-V6] fetch meta-llama/Llama-3.2-3B -> None requests
[2026-08-22 15:50:28.036 Model_Service_2] [PAPER-KV-V6] fetch Qwen/Qwen2.5-7B-Instruct -> None requests
[2026-08-22 15:50:28.038 Model_Service_0] [PAPER-KV-V6] fetch Qwen/Qwen2.5-1.5B-Instruct -> None requests
[2026-08-22 15:50:28.041 Model_Service_5] [PAPER-KV-V6] fetch meta-llama/Llama-3.2-3B -> None requests
[2026-08-22 15:50:28.046 Model_Service_2] [PAPER-KV-V6] fetch Qwen/Qwen2.5-7B-Instruct -> None requests
[2026-08-22 15:50:28.048 Model_Service_0] [PAPER-KV-V6] fetch Qwen/Qwen2.5-1.5B-Instruct -> None requests
[2026-08-22 15:50:28.051 Model_Service_5] [PAPER-KV-V6] fetch meta-llama/Llama-3.2-3B -> None requests
[2026-08-22 15:50:28.057 Model_Service_2] [PAPER-KV-V6] fetch Qwen/Qwen2.5-7B-Instruct -> None requests
[2026-08-22 15:50:28.059 Model_Service_0] [PAPER-KV-V6] fetch Qwen/Qwen2.5-1.5B-Instruct -> None requests
[2026-08-22 15:50:28.062 Model_Service_5] [PAPER-KV-V6] fetch meta-llama/Llama-3.2-3B -> None requests
[2026-08-22 15:50:28.067 Model_Service_2] [PAPER-KV-V6] fetch Qwen/Qwen2.5-7B-Instruct -> None requests
[2026-08-22 15:50:28.069 Model_Service_0] [PAPER-KV-V6] fetch Qwen/Qwen2.5-1.5B-Instruct -> None requests
[2026-08-22 15:50:28.072 Model_Service_5] [PAPER-KV-V6] fetch meta-llama/Llama-3.2-3B -> None requests
[2026-08-22 15:50:28.079 Model_Service_2] [PAPER-KV-V6] fetch Qwen/Qwen2.5-7B-Instruct -> None requests
[2026-08-22 15:50:28.079 Model_Service_0] [PAPER-KV-V6] fetch Qwen/Qwen2.5-1.5B-Instruct -> None requests
[2026-08-22 15:50:28.083 Model_Service_5] [PAPER-KV-V6] fetch meta-llama/Llama-3.2-3B -> None requests
[2026-08-22 15:50:28.089 Model_Service_2] [PAPER-KV-V6] fetch Qwen/Qwen2.5-7B-Instruct -> None requests
[2026-08-22 15:50:28.090 Model_Service_0] [PAPER-KV-V6] fetch Qwen/Qwen2.5-1.5B-Instruct -> None requests
[2026-08-22 15:50:28.093 Model_Service_5] [PAPER-KV-V6] fetch meta-llama/Llama-3.2-3B -> None requests
[2026-08-22 15:50:28.100 Model_Service_2] [PAPER-KV-V6] fetch Qwen/Qwen2.5-7B-Instruct -> None requests
[2026-08-22 15:50:28.100 Model_Service_0] [PAPER-KV-V6] fetch Qwen/Qwen2.5-1.5B-Instruct -> None requests
[2026-08-22 15:50:28.103 Model_Service_5] [PAPER-KV-V6] fetch meta-llama/Llama-3.2-3B -> None requests
[2026-08-22 15:50:28.111 Model_Service_2] [PAPER-KV-V6] fetch Qwen/Qwen2.5-7B-Instruct -> None requests
[2026-08-22 15:50:28.111 Model_Service_0] [PAPER-KV-V6] fetch Qwen/Qwen2.5-1.5B-Instruct -> None requests
[2026-08-22 15:50:28.113 Model_Service_5] [PAPER-KV-V6] fetch meta-llama/Llama-3.2-3B -> None requests
[2026-08-22 15:50:28.121 Model_Service_2] [PAPER-KV-V6] fetch Qwen/Qwen2.5-7B-Instruct -> None requests
[2026-08-22 15:50:28.121 Model_Service_0] [PAPER-KV-V6] fetch Qwen/Qwen2.5-1.5B-Instruct -> None requests
[2026-08-22 15:50:28.124 Model_Service_5] [PAPER-KV-V6] fetch meta-llama/Llama-3.2-3B -> None requests
[2026-08-22 15:50:28.132 Model_Service_0] [PAPER-KV-V6] fetch Qwen/Qwen2.5-1.5B-Instruct -> None requests
[2026-08-22 15:50:28.132 Model_Service_2] [PAPER-KV-V6] fetch Qwen/Qwen2.5-7B-Instruct -> None requests
[2026-08-22 15:50:28.134 Model_Service_5] [PAPER-KV-V6] fetch meta-llama/Llama-3.2-3B -> None requests
[2026-08-22 15:50:28.142 Model_Service_0] [PAPER-KV-V6] fetch Qwen/Qwen2.5-1.5B-Instruct -> None requests
[2026-08-22 15:50:28.143 Model_Service_2] [PAPER-KV-V6] fetch Qwen/Qwen2.5-7B-Instruct -> None requests
[2026-08-22 15:50:28.144 Model_Service_5] [PAPER-KV-V6] fetch meta-llama/Llama-3.2-3B -> None requests
[2026-08-22 15:50:28.153 Model_Service_0] [PAPER-KV-V6] fetch Qwen/Qwen2.5-1.5B-Instruct -> None requests
[2026-08-22 15:50:28.153 Model_Service_2] [PAPER-KV-V6] fetch Qwen/Qwen2.5-7B-Instruct -> None requests
[2026-08-22 15:50:28.154 Model_Service_5] [PAPER-KV-V6] fetch meta-llama/Llama-3.2-3B -> None requests
[2026-08-22 15:50:28.164 Model_Service_0] [PAPER-KV-V6] fetch Qwen/Qwen2.5-1.5B-Instruct -> None requests
[2026-08-22 15:50:28.164 Model_Service_2] [PAPER-KV-V6] fetch Qwen/Qwen2.5-7B-Instruct -> None requests
[2026-08-22 15:50:28.165 Model_Service_5] [PAPER-KV-V6] fetch meta-llama/Llama-3.2-3B -> None requests
[2026-08-22 15:50:28.174 Model_Service_0] [PAPER-KV-V6] fetch Qwen/Qwen2.5-1.5B-Instruct -> None requests
[2026-08-22 15:50:28.175 Model_Service_2] [PAPER-KV-V6] fetch Qwen/Qwen2.5-7B-Instruct -> None requests
[2026-08-22 15:50:28.175 Model_Service_5] [PAPER-KV-V6] fetch meta-llama/Llama-3.2-3B -> None requests
[2026-08-22 15:50:28.185 Model_Service_0] [PAPER-KV-V6] fetch Qwen/Qwen2.5-1.5B-Instruct -> None requests
[2026-08-22 15:50:28.185 Model_Service_5] [PAPER-KV-V6] fetch meta-llama/Llama-3.2-3B -> None requests
[2026-08-22 15:50:28.185 Model_Service_2] [PAPER-KV-V6] fetch Qwen/Qwen2.5-7B-Instruct -> None requests
[2026-08-22 15:50:28.195 Model_Service_5] [PAPER-KV-V6] fetch meta-llama/Llama-3.2-3B -> None requests
[2026-08-22 15:50:28.196 Model_Service_0] [PAPER-KV-V6] fetch Qwen/Qwen2.5-1.5B-Instruct -> None requests
[2026-08-22 15:50:28.196 Model_Service_2] [PAPER-KV-V6] fetch Qwen/Qwen2.5-7B-Instruct -> None requests
[2026-08-22 15:50:28.206 Model_Service_5] [PAPER-KV-V6] fetch meta-llama/Llama-3.2-3B -> None requests
[2026-08-22 15:50:28.206 Model_Service_0] [PAPER-KV-V6] fetch Qwen/Qwen2.5-1.5B-Instruct -> None requests
[2026-08-22 15:50:28.206 Model_Service_2] [PAPER-KV-V6] fetch Qwen/Qwen2.5-7B-Instruct -> None requests
[2026-08-22 15:50:28.216 Model_Service_5] [PAPER-KV-V6] fetch meta-llama/Llama-3.2-3B -> None requests
[2026-08-22 15:50:28.217 Model_Service_0] [PAPER-KV-V6] fetch Qwen/Qwen2.5-1.5B-Instruct -> None requests
[2026-08-22 15:50:28.217 Model_Service_2] [PAPER-KV-V6] fetch Qwen/Qwen2.5-7B-Instruct -> None requests
[2026-08-22 15:50:28.226 Model_Service_5] [PAPER-KV-V6] fetch meta-llama/Llama-3.2-3B -> None requests
[2026-08-22 15:50:28.227 Model_Service_0] [PAPER-KV-V6] fetch Qwen/Qwen2.5-1.5B-Instruct -> None requests
[2026-08-22 15:50:28.228 Model_Service_2] [PAPER-KV-V6] fetch Qwen/Qwen2.5-7B-Instruct -> None requests
[2026-08-22 15:50:28.236 Model_Service_5] [PAPER-KV-V6] fetch meta-llama/Llama-3.2-3B -> None requests
[2026-08-22 15:50:28.238 Model_Service_0] [PAPER-KV-V6] fetch Qwen/Qwen2.5-1.5B-Instruct -> None requests
[2026-08-22 15:50:28.238 Model_Service_2] [PAPER-KV-V6] fetch Qwen/Qwen2.5-7B-Instruct -> None requests
[2026-08-22 15:50:28.247 Model_Service_5] [PAPER-KV-V6] fetch meta-llama/Llama-3.2-3B -> None requests
[2026-08-22 15:50:28.249 Model_Service_0] [PAPER-KV-V6] fetch Qwen/Qwen2.5-1.5B-Instruct -> None requests
[2026-08-22 15:50:28.249 Model_Service_2] [PAPER-KV-V6] fetch Qwen/Qwen2.5-7B-Instruct -> None requests
[2026-08-22 15:50:28.257 Model_Service_5] [PAPER-KV-V6] fetch meta-llama/Llama-3.2-3B -> None requests
[2026-08-22 15:50:28.260 Model_Service_2] [PAPER-KV-V6] fetch Qwen/Qwen2.5-7B-Instruct -> None requests
[2026-08-22 15:50:28.260 Model_Service_0] [PAPER-KV-V6] fetch Qwen/Qwen2.5-1.5B-Instruct -> None requests
[2026-08-22 15:50:28.267 Model_Service_5] [PAPER-KV-V6] fetch meta-llama/Llama-3.2-3B -> None requests
[2026-08-22 15:50:28.270 Model_Service_2] [PAPER-KV-V6] fetch Qwen/Qwen2.5-7B-Instruct -> None requests
[2026-08-22 15:50:28.271 Model_Service_0] [PAPER-KV-V6] fetch Qwen/Qwen2.5-1.5B-Instruct -> None requests
[2026-08-22 15:50:28.277 Model_Service_5] [PAPER-KV-V6] fetch meta-llama/Llama-3.2-3B -> None requests
[2026-08-22 15:50:28.281 Model_Service_2] [PAPER-KV-V6] fetch Qwen/Qwen2.5-7B-Instruct -> None requests
[2026-08-22 15:50:28.281 Model_Service_0] [PAPER-KV-V6] fetch Qwen/Qwen2.5-1.5B-Instruct -> None requests
[2026-08-22 15:50:28.288 Model_Service_5] [PAPER-KV-V6] fetch meta-llama/Llama-3.2-3B -> None requests
[2026-08-22 15:50:28.291 Model_Service_2] [PAPER-KV-V6] fetch Qwen/Qwen2.5-7B-Instruct -> None requests
[2026-08-22 15:50:28.291 Model_Service_0] [PAPER-KV-V6] fetch Qwen/Qwen2.5-1.5B-Instruct -> None requests
[2026-08-22 15:50:28.298 Model_Service_5] [PAPER-KV-V6] fetch meta-llama/Llama-3.2-3B -> None requests
[2026-08-22 15:50:28.301 Model_Service_2] [PAPER-KV-V6] fetch Qwen/Qwen2.5-7B-Instruct -> None requests
[2026-08-22 15:50:28.301 Model_Service_0] [PAPER-KV-V6] fetch Qwen/Qwen2.5-1.5B-Instruct -> None requests
[2026-08-22 15:50:28.308 Model_Service_5] [PAPER-KV-V6] fetch meta-llama/Llama-3.2-3B -> None requests
[2026-08-22 15:50:28.312 Model_Service_0] [PAPER-KV-V6] fetch Qwen/Qwen2.5-1.5B-Instruct -> None requests
[2026-08-22 15:50:28.312 Model_Service_2] [PAPER-KV-V6] fetch Qwen/Qwen2.5-7B-Instruct -> None requests
[2026-08-22 15:50:28.318 Model_Service_5] [PAPER-KV-V6] fetch meta-llama/Llama-3.2-3B -> None requests
[2026-08-22 15:50:28.322 Model_Service_0] [PAPER-KV-V6] fetch Qwen/Qwen2.5-1.5B-Instruct -> None requests
[2026-08-22 15:50:28.322 Model_Service_2] [PAPER-KV-V6] fetch Qwen/Qwen2.5-7B-Instruct -> None requests
[2026-08-22 15:50:28.329 Model_Service_5] [PAPER-KV-V6] fetch meta-llama/Llama-3.2-3B -> None requests
[2026-08-22 15:50:28.332 Model_Service_0] [PAPER-KV-V6] fetch Qwen/Qwen2.5-1.5B-Instruct -> None requests
[2026-08-22 15:50:28.332 Model_Service_2] [PAPER-KV-V6] fetch Qwen/Qwen2.5-7B-Instruct -> None requests
[2026-08-22 15:50:28.339 Model_Service_5] [PAPER-KV-V6] fetch meta-llama/Llama-3.2-3B -> None requests
[2026-08-22 15:50:28.342 Model_Service_0] [PAPER-KV-V6] fetch Qwen/Qwen2.5-1.5B-Instruct -> None requests
[2026-08-22 15:50:28.342 Model_Service_2] [PAPER-KV-V6] fetch Qwen/Qwen2.5-7B-Instruct -> None requests
[2026-08-22 15:50:28.349 Model_Service_5] [PAPER-KV-V6] fetch meta-llama/Llama-3.2-3B -> None requests
[2026-08-22 15:50:28.352 Model_Service_0] [PAPER-KV-V6] fetch Qwen/Qwen2.5-1.5B-Instruct -> None requests
[2026-08-22 15:50:28.353 Model_Service_2] [PAPER-KV-V6] fetch Qwen/Qwen2.5-7B-Instruct -> None requests
[2026-08-22 15:50:28.359 Model_Service_5] [PAPER-KV-V6] fetch meta-llama/Llama-3.2-3B -> None requests
[2026-08-22 15:50:28.363 Model_Service_0] [PAPER-KV-V6] fetch Qwen/Qwen2.5-1.5B-Instruct -> None requests
[2026-08-22 15:50:28.363 Model_Service_2] [PAPER-KV-V6] fetch Qwen/Qwen2.5-7B-Instruct -> None requests
[2026-08-22 15:50:28.369 Model_Service_5] [PAPER-KV-V6] fetch meta-llama/Llama-3.2-3B -> None requests
[2026-08-22 15:50:28.373 Model_Service_0] [PAPER-KV-V6] fetch Qwen/Qwen2.5-1.5B-Instruct -> None requests
[2026-08-22 15:50:28.373 Model_Service_2] [PAPER-KV-V6] fetch Qwen/Qwen2.5-7B-Instruct -> None requests
[2026-08-22 15:50:28.380 Model_Service_5] [PAPER-KV-V6] fetch meta-llama/Llama-3.2-3B -> None requests
[2026-08-22 15:50:28.383 Model_Service_0] [PAPER-KV-V6] fetch Qwen/Qwen2.5-1.5B-Instruct -> None requests
[2026-08-22 15:50:28.383 Model_Service_2] [PAPER-KV-V6] fetch Qwen/Qwen2.5-7B-Instruct -> None requests
[2026-08-22 15:50:28.390 Model_Service_5] [PAPER-KV-V6] fetch meta-llama/Llama-3.2-3B -> None requests
[2026-08-22 15:50:28.393 Model_Service_0] [PAPER-KV-V6] fetch Qwen/Qwen2.5-1.5B-Instruct -> None requests
[2026-08-22 15:50:28.393 Model_Service_2] [PAPER-KV-V6] fetch Qwen/Qwen2.5-7B-Instruct -> None requests
[2026-08-22 15:50:28.400 Model_Service_5] [PAPER-KV-V6] fetch meta-llama/Llama-3.2-3B -> None requests
[2026-08-22 15:50:28.403 Model_Service_0] [PAPER-KV-V6] fetch Qwen/Qwen2.5-1.5B-Instruct -> None requests
[2026-08-22 15:50:28.404 Model_Service_2] [PAPER-KV-V6] fetch Qwen/Qwen2.5-7B-Instruct -> None requests
[2026-08-22 15:50:28.410 Model_Service_5] [PAPER-KV-V6] fetch meta-llama/Llama-3.2-3B -> None requests
[2026-08-22 15:50:28.414 Model_Service_0] [PAPER-KV-V6] fetch Qwen/Qwen2.5-1.5B-Instruct -> None requests
[2026-08-22 15:50:28.414 Model_Service_2] [PAPER-KV-V6] fetch Qwen/Qwen2.5-7B-Instruct -> None requests
[2026-08-22 15:50:28.420 Model_Service_5] [PAPER-KV-V6] fetch meta-llama/Llama-3.2-3B -> None requests
[2026-08-22 15:50:28.424 Model_Service_0] [PAPER-KV-V6] fetch Qwen/Qwen2.5-1.5B-Instruct -> None requests
[2026-08-22 15:50:28.424 Model_Service_2] [PAPER-KV-V6] fetch Qwen/Qwen2.5-7B-Instruct -> None requests
[2026-08-22 15:50:28.431 Model_Service_5] [PAPER-KV-V6] fetch meta-llama/Llama-3.2-3B -> None requests
[2026-08-22 15:50:28.434 Model_Service_0] [PAPER-KV-V6] fetch Qwen/Qwen2.5-1.5B-Instruct -> None requests
[2026-08-22 15:50:28.434 Model_Service_2] [PAPER-KV-V6] fetch Qwen/Qwen2.5-7B-Instruct -> None requests
[2026-08-22 15:50:28.441 Model_Service_5] [PAPER-KV-V6] fetch meta-llama/Llama-3.2-3B -> None requests
[2026-08-22 15:50:28.444 Model_Service_0] [PAPER-KV-V6] fetch Qwen/Qwen2.5-1.5B-Instruct -> None requests
[2026-08-22 15:50:28.445 Model_Service_2] [PAPER-KV-V6] fetch Qwen/Qwen2.5-7B-Instruct -> None requests
[2026-08-22 15:50:28.451 Model_Service_5] [PAPER-KV-V6] fetch meta-llama/Llama-3.2-3B -> None requests
[2026-08-22 15:50:28.454 Model_Service_0] [PAPER-KV-V6] fetch Qwen/Qwen2.5-1.5B-Instruct -> None requests
[2026-08-22 15:50:28.455 Model_Service_2] [PAPER-KV-V6] fetch Qwen/Qwen2.5-7B-Instruct -> None requests
[2026-08-22 15:50:28.461 Model_Service_5] [PAPER-KV-V6] fetch meta-llama/Llama-3.2-3B -> None requests
[2026-08-22 15:50:28.465 Model_Service_0] [PAPER-KV-V6] fetch Qwen/Qwen2.5-1.5B-Instruct -> None requests
[2026-08-22 15:50:28.465 Model_Service_2] [PAPER-KV-V6] fetch Qwen/Qwen2.5-7B-Instruct -> None requests
[2026-08-22 15:50:28.471 Model_Service_5] [PAPER-KV-V6] fetch meta-llama/Llama-3.2-3B -> None requests
[2026-08-22 15:50:28.475 Model_Service_0] [PAPER-KV-V6] fetch Qwen/Qwen2.5-1.5B-Instruct -> None requests
[2026-08-22 15:50:28.475 Model_Service_2] [PAPER-KV-V6] fetch Qwen/Qwen2.5-7B-Instruct -> None requests
[2026-08-22 15:50:28.482 Model_Service_5] [PAPER-KV-V6] fetch meta-llama/Llama-3.2-3B -> None requests
[2026-08-22 15:50:28.485 Model_Service_0] [PAPER-KV-V6] fetch Qwen/Qwen2.5-1.5B-Instruct -> None requests
[2026-08-22 15:50:28.485 Model_Service_2] [PAPER-KV-V6] fetch Qwen/Qwen2.5-7B-Instruct -> None requests
[2026-08-22 15:50:28.492 Model_Service_5] [PAPER-KV-V6] fetch meta-llama/Llama-3.2-3B -> None requests
[2026-08-22 15:50:28.495 Model_Service_0] [PAPER-KV-V6] fetch Qwen/Qwen2.5-1.5B-Instruct -> None requests
[2026-08-22 15:50:28.496 Model_Service_2] [PAPER-KV-V6] fetch Qwen/Qwen2.5-7B-Instruct -> None requests
[2026-08-22 15:50:28.502 Model_Service_5] [PAPER-KV-V6] fetch meta-llama/Llama-3.2-3B -> None requests
[2026-08-22 15:50:28.506 Model_Service_0] [PAPER-KV-V6] fetch Qwen/Qwen2.5-1.5B-Instruct -> None requests
[2026-08-22 15:50:28.506 Model_Service_2] [PAPER-KV-V6] fetch Qwen/Qwen2.5-7B-Instruct -> None requests
[2026-08-22 15:50:28.512 Model_Service_5] [PAPER-KV-V6] fetch meta-llama/Llama-3.2-3B -> None requests
[2026-08-22 15:50:28.516 Model_Service_0] [PAPER-KV-V6] fetch Qwen/Qwen2.5-1.5B-Instruct -> None requests
[2026-08-22 15:50:28.516 Model_Service_2] [PAPER-KV-V6] fetch Qwen/Qwen2.5-7B-Instruct -> None requests
[2026-08-22 15:50:28.523 Model_Service_5] [PAPER-KV-V6] fetch meta-llama/Llama-3.2-3B -> None requests
[2026-08-22 15:50:28.526 Model_Service_0] [PAPER-KV-V6] fetch Qwen/Qwen2.5-1.5B-Instruct -> None requests
[2026-08-22 15:50:28.526 Model_Service_2] [PAPER-KV-V6] fetch Qwen/Qwen2.5-7B-Instruct -> None requests
[2026-08-22 15:50:28.533 Model_Service_5] [PAPER-KV-V6] fetch meta-llama/Llama-3.2-3B -> None requests
[2026-08-22 15:50:28.536 Model_Service_0] [PAPER-KV-V6] fetch Qwen/Qwen2.5-1.5B-Instruct -> None requests
[2026-08-22 15:50:28.536 Model_Service_2] [PAPER-KV-V6] fetch Qwen/Qwen2.5-7B-Instruct -> None requests
[2026-08-22 15:50:28.543 Model_Service_5] [PAPER-KV-V6] fetch meta-llama/Llama-3.2-3B -> None requests
[2026-08-22 15:50:28.547 Model_Service_0] [PAPER-KV-V6] fetch Qwen/Qwen2.5-1.5B-Instruct -> None requests
[2026-08-22 15:50:28.547 Model_Service_2] [PAPER-KV-V6] fetch Qwen/Qwen2.5-7B-Instruct -> None requests
[2026-08-22 15:50:28.553 Model_Service_5] [PAPER-KV-V6] fetch meta-llama/Llama-3.2-3B -> None requests
[2026-08-22 15:50:28.557 Model_Service_0] [PAPER-KV-V6] fetch Qwen/Qwen2.5-1.5B-Instruct -> None requests
[2026-08-22 15:50:28.557 Model_Service_2] [PAPER-KV-V6] fetch Qwen/Qwen2.5-7B-Instruct -> None requests
[2026-08-22 15:50:28.563 Model_Service_5] [PAPER-KV-V6] fetch meta-llama/Llama-3.2-3B -> None requests
[2026-08-22 15:50:28.567 Model_Service_0] [PAPER-KV-V6] fetch Qwen/Qwen2.5-1.5B-Instruct -> None requests
[2026-08-22 15:50:28.567 Model_Service_2] [PAPER-KV-V6] fetch Qwen/Qwen2.5-7B-Instruct -> None requests
[2026-08-22 15:50:28.574 Model_Service_5] [PAPER-KV-V6] fetch meta-llama/Llama-3.2-3B -> None requests
[2026-08-22 15:50:28.577 Model_Service_0] [PAPER-KV-V6] fetch Qwen/Qwen2.5-1.5B-Instruct -> None requests
[2026-08-22 15:50:28.577 Model_Service_2] [PAPER-KV-V6] fetch Qwen/Qwen2.5-7B-Instruct -> None requests
[2026-08-22 15:50:28.584 Model_Service_5] [PAPER-KV-V6] fetch meta-llama/Llama-3.2-3B -> None requests
[2026-08-22 15:50:28.588 Model_Service_0] [PAPER-KV-V6] fetch Qwen/Qwen2.5-1.5B-Instruct -> None requests
[2026-08-22 15:50:28.588 Model_Service_2] [PAPER-KV-V6] fetch Qwen/Qwen2.5-7B-Instruct -> None requests
[2026-08-22 15:50:28.594 Model_Service_5] [PAPER-KV-V6] fetch meta-llama/Llama-3.2-3B -> None requests
[2026-08-22 15:50:28.598 Model_Service_0] [PAPER-KV-V6] fetch Qwen/Qwen2.5-1.5B-Instruct -> None requests
[2026-08-22 15:50:28.598 Model_Service_2] [PAPER-KV-V6] fetch Qwen/Qwen2.5-7B-Instruct -> None requests
[2026-08-22 15:50:28.604 Model_Service_5] [PAPER-KV-V6] fetch meta-llama/Llama-3.2-3B -> None requests
[2026-08-22 15:50:28.608 Model_Service_0] [PAPER-KV-V6] fetch Qwen/Qwen2.5-1.5B-Instruct -> None requests
[2026-08-22 15:50:28.608 Model_Service_2] [PAPER-KV-V6] fetch Qwen/Qwen2.5-7B-Instruct -> None requests
[2026-08-22 15:50:28.614 Model_Service_5] [PAPER-KV-V6] fetch meta-llama/Llama-3.2-3B -> None requests
[2026-08-22 15:50:28.619 Model_Service_2] [PAPER-KV-V6] fetch Qwen/Qwen2.5-7B-Instruct -> None requests
[2026-08-22 15:50:28.619 Model_Service_0] [PAPER-KV-V6] fetch Qwen/Qwen2.5-1.5B-Instruct -> None requests
[2026-08-22 15:50:28.625 Model_Service_5] [PAPER-KV-V6] fetch meta-llama/Llama-3.2-3B -> None requests
[2026-08-22 15:50:28.629 Model_Service_2] [PAPER-KV-V6] fetch Qwen/Qwen2.5-7B-Instruct -> None requests
[2026-08-22 15:50:28.629 Model_Service_0] [PAPER-KV-V6] fetch Qwen/Qwen2.5-1.5B-Instruct -> None requests
[2026-08-22 15:50:28.635 Model_Service_5] [PAPER-KV-V6] fetch meta-llama/Llama-3.2-3B -> None requests
[2026-08-22 15:50:28.639 Model_Service_2] [PAPER-KV-V6] fetch Qwen/Qwen2.5-7B-Instruct -> None requests
[2026-08-22 15:50:28.639 Model_Service_0] [PAPER-KV-V6] fetch Qwen/Qwen2.5-1.5B-Instruct -> None requests
[2026-08-22 15:50:28.645 Model_Service_5] [PAPER-KV-V6] fetch meta-llama/Llama-3.2-3B -> None requests
[2026-08-22 15:50:28.650 Model_Service_2] [PAPER-KV-V6] fetch Qwen/Qwen2.5-7B-Instruct -> None requests
[2026-08-22 15:50:28.650 Model_Service_0] [PAPER-KV-V6] fetch Qwen/Qwen2.5-1.5B-Instruct -> None requests
[2026-08-22 15:50:28.655 Model_Service_5] [PAPER-KV-V6] fetch meta-llama/Llama-3.2-3B -> None requests
[2026-08-22 15:50:28.660 Model_Service_2] [PAPER-KV-V6] fetch Qwen/Qwen2.5-7B-Instruct -> None requests
[2026-08-22 15:50:28.660 Model_Service_0] [PAPER-KV-V6] fetch Qwen/Qwen2.5-1.5B-Instruct -> None requests
[2026-08-22 15:50:28.666 Model_Service_5] [PAPER-KV-V6] fetch meta-llama/Llama-3.2-3B -> None requests
[2026-08-22 15:50:28.670 Model_Service_2] [PAPER-KV-V6] fetch Qwen/Qwen2.5-7B-Instruct -> None requests
[2026-08-22 15:50:28.671 Model_Service_0] [PAPER-KV-V6] fetch Qwen/Qwen2.5-1.5B-Instruct -> None requests
[2026-08-22 15:50:28.676 Model_Service_5] [PAPER-KV-V6] fetch meta-llama/Llama-3.2-3B -> None requests
[2026-08-22 15:50:28.681 Model_Service_2] [PAPER-KV-V6] fetch Qwen/Qwen2.5-7B-Instruct -> None requests
[2026-08-22 15:50:28.681 Model_Service_0] [PAPER-KV-V6] fetch Qwen/Qwen2.5-1.5B-Instruct -> None requests
[2026-08-22 15:50:28.686 Model_Service_5] [PAPER-KV-V6] fetch meta-llama/Llama-3.2-3B -> None requests
[2026-08-22 15:50:28.691 Model_Service_2] [PAPER-KV-V6] fetch Qwen/Qwen2.5-7B-Instruct -> None requests
[2026-08-22 15:50:28.692 Model_Service_0] [PAPER-KV-V6] fetch Qwen/Qwen2.5-1.5B-Instruct -> None requests
[2026-08-22 15:50:28.697 Model_Service_5] [PAPER-KV-V6] fetch meta-llama/Llama-3.2-3B -> None requests
[2026-08-22 15:50:28.702 Model_Service_0] [PAPER-KV-V6] fetch Qwen/Qwen2.5-1.5B-Instruct -> None requests
[2026-08-22 15:50:28.702 Model_Service_2] [PAPER-KV-V6] fetch Qwen/Qwen2.5-7B-Instruct -> None requests
[2026-08-22 15:50:28.707 Model_Service_5] [PAPER-KV-V6] fetch meta-llama/Llama-3.2-3B -> None requests
[2026-08-22 15:50:28.713 Model_Service_2] [PAPER-KV-V6] fetch Qwen/Qwen2.5-7B-Instruct -> None requests
[2026-08-22 15:50:28.713 Model_Service_0] [PAPER-KV-V6] fetch Qwen/Qwen2.5-1.5B-Instruct -> None requests
[2026-08-22 15:50:28.718 Model_Service_5] [PAPER-KV-V6] fetch meta-llama/Llama-3.2-3B -> None requests
[2026-08-22 15:50:28.723 Model_Service_0] [PAPER-KV-V6] fetch Qwen/Qwen2.5-1.5B-Instruct -> None requests
[2026-08-22 15:50:28.723 Model_Service_2] [PAPER-KV-V6] fetch Qwen/Qwen2.5-7B-Instruct -> None requests
[2026-08-22 15:50:28.728 Model_Service_5] [PAPER-KV-V6] fetch meta-llama/Llama-3.2-3B -> None requests
[2026-08-22 15:50:28.734 Model_Service_0] [PAPER-KV-V6] fetch Qwen/Qwen2.5-1.5B-Instruct -> None requests
[2026-08-22 15:50:28.734 Model_Service_2] [PAPER-KV-V6] fetch Qwen/Qwen2.5-7B-Instruct -> None requests
[2026-08-22 15:50:28.739 Model_Service_5] [PAPER-KV-V6] fetch meta-llama/Llama-3.2-3B -> None requests
[2026-08-22 15:50:28.744 Model_Service_0] [PAPER-KV-V6] fetch Qwen/Qwen2.5-1.5B-Instruct -> None requests
[2026-08-22 15:50:28.745 Model_Service_2] [PAPER-KV-V6] fetch Qwen/Qwen2.5-7B-Instruct -> None requests
[2026-08-22 15:50:28.749 Model_Service_5] [PAPER-KV-V6] fetch meta-llama/Llama-3.2-3B -> None requests
[2026-08-22 15:50:28.755 Model_Service_0] [PAPER-KV-V6] fetch Qwen/Qwen2.5-1.5B-Instruct -> None requests
[2026-08-22 15:50:28.756 Model_Service_2] [PAPER-KV-V6] fetch Qwen/Qwen2.5-7B-Instruct -> None requests
[2026-08-22 15:50:28.759 Model_Service_5] [PAPER-KV-V6] fetch meta-llama/Llama-3.2-3B -> None requests
[2026-08-22 15:50:28.765 Model_Service_0] [PAPER-KV-V6] fetch Qwen/Qwen2.5-1.5B-Instruct -> None requests
[2026-08-22 15:50:28.766 Model_Service_2] [PAPER-KV-V6] fetch Qwen/Qwen2.5-7B-Instruct -> None requests
[2026-08-22 15:50:28.770 Model_Service_5] [PAPER-KV-V6] fetch meta-llama/Llama-3.2-3B -> None requests
[2026-08-22 15:50:28.776 Model_Service_0] [PAPER-KV-V6] fetch Qwen/Qwen2.5-1.5B-Instruct -> None requests
[2026-08-22 15:50:28.777 Model_Service_2] [PAPER-KV-V6] fetch Qwen/Qwen2.5-7B-Instruct -> None requests
[2026-08-22 15:50:28.781 Model_Service_5] [PAPER-KV-V6] fetch meta-llama/Llama-3.2-3B -> None requests
[2026-08-22 15:50:28.786 Model_Service_0] [PAPER-KV-V6] fetch Qwen/Qwen2.5-1.5B-Instruct -> None requests
[2026-08-22 15:50:28.788 Model_Service_2] [PAPER-KV-V6] fetch Qwen/Qwen2.5-7B-Instruct -> None requests
[2026-08-22 15:50:28.791 Model_Service_5] [PAPER-KV-V6] fetch meta-llama/Llama-3.2-3B -> None requests
[2026-08-22 15:50:28.797 Model_Service_0] [PAPER-KV-V6] fetch Qwen/Qwen2.5-1.5B-Instruct -> None requests
[2026-08-22 15:50:28.799 Model_Service_2] [PAPER-KV-V6] fetch Qwen/Qwen2.5-7B-Instruct -> None requests
[2026-08-22 15:50:28.802 Model_Service_5] [PAPER-KV-V6] fetch meta-llama/Llama-3.2-3B -> None requests
[2026-08-22 15:50:28.807 Model_Service_0] [PAPER-KV-V6] fetch Qwen/Qwen2.5-1.5B-Instruct -> None requests
[2026-08-22 15:50:28.809 Model_Service_2] [PAPER-KV-V6] fetch Qwen/Qwen2.5-7B-Instruct -> None requests
[2026-08-22 15:50:28.812 Model_Service_5] [PAPER-KV-V6] fetch meta-llama/Llama-3.2-3B -> None requests
[2026-08-22 15:50:28.818 Model_Service_0] [PAPER-KV-V6] fetch Qwen/Qwen2.5-1.5B-Instruct -> None requests
[2026-08-22 15:50:28.820 Model_Service_2] [PAPER-KV-V6] fetch Qwen/Qwen2.5-7B-Instruct -> None requests
[2026-08-22 15:50:28.823 Model_Service_5] [PAPER-KV-V6] fetch meta-llama/Llama-3.2-3B -> None requests
[2026-08-22 15:50:28.829 Model_Service_0] [PAPER-KV-V6] fetch Qwen/Qwen2.5-1.5B-Instruct -> None requests
[2026-08-22 15:50:28.830 Model_Service_2] [PAPER-KV-V6] fetch Qwen/Qwen2.5-7B-Instruct -> None requests
[2026-08-22 15:50:28.833 Model_Service_5] [PAPER-KV-V6] fetch meta-llama/Llama-3.2-3B -> None requests
[2026-08-22 15:50:28.839 Model_Service_0] [PAPER-KV-V6] fetch Qwen/Qwen2.5-1.5B-Instruct -> None requests
[2026-08-22 15:50:28.841 Model_Service_2] [PAPER-KV-V6] fetch Qwen/Qwen2.5-7B-Instruct -> None requests
[2026-08-22 15:50:28.843 Model_Service_5] [PAPER-KV-V6] fetch meta-llama/Llama-3.2-3B -> None requests
[2026-08-22 15:50:28.850 Model_Service_0] [PAPER-KV-V6] fetch Qwen/Qwen2.5-1.5B-Instruct -> None requests
[2026-08-22 15:50:28.852 Model_Service_2] [PAPER-KV-V6] fetch Qwen/Qwen2.5-7B-Instruct -> None requests
[2026-08-22 15:50:28.854 Model_Service_5] [PAPER-KV-V6] fetch meta-llama/Llama-3.2-3B -> None requests
[2026-08-22 15:50:28.860 Model_Service_0] [PAPER-KV-V6] fetch Qwen/Qwen2.5-1.5B-Instruct -> None requests
[2026-08-22 15:50:28.862 Model_Service_2] [PAPER-KV-V6] fetch Qwen/Qwen2.5-7B-Instruct -> None requests
[2026-08-22 15:50:28.864 Model_Service_5] [PAPER-KV-V6] fetch meta-llama/Llama-3.2-3B -> None requests
[2026-08-22 15:50:28.871 Model_Service_0] [PAPER-KV-V6] fetch Qwen/Qwen2.5-1.5B-Instruct -> None requests
[2026-08-22 15:50:28.873 Model_Service_2] [PAPER-KV-V6] fetch Qwen/Qwen2.5-7B-Instruct -> None requests
[2026-08-22 15:50:28.874 Model_Service_5] [PAPER-KV-V6] fetch meta-llama/Llama-3.2-3B -> None requests
[2026-08-22 15:50:28.881 Model_Service_0] [PAPER-KV-V6] fetch Qwen/Qwen2.5-1.5B-Instruct -> None requests
[2026-08-22 15:50:28.884 Model_Service_2] [PAPER-KV-V6] fetch Qwen/Qwen2.5-7B-Instruct -> None requests
[2026-08-22 15:50:28.885 Model_Service_5] [PAPER-KV-V6] fetch meta-llama/Llama-3.2-3B -> None requests
[2026-08-22 15:50:28.892 Model_Service_0] [PAPER-KV-V6] fetch Qwen/Qwen2.5-1.5B-Instruct -> None requests
[2026-08-22 15:50:28.895 Model_Service_2] [PAPER-KV-V6] fetch Qwen/Qwen2.5-7B-Instruct -> None requests
[2026-08-22 15:50:28.895 Model_Service_5] [PAPER-KV-V6] fetch meta-llama/Llama-3.2-3B -> None requests
[2026-08-22 15:50:28.902 Model_Service_0] [PAPER-KV-V6] fetch Qwen/Qwen2.5-1.5B-Instruct -> None requests
[2026-08-22 15:50:28.905 Model_Service_2] [PAPER-KV-V6] fetch Qwen/Qwen2.5-7B-Instruct -> None requests
[2026-08-22 15:50:28.905 Model_Service_5] [PAPER-KV-V6] fetch meta-llama/Llama-3.2-3B -> None requests
[2026-08-22 15:50:28.913 Model_Service_0] [PAPER-KV-V6] fetch Qwen/Qwen2.5-1.5B-Instruct -> None requests
[2026-08-22 15:50:28.916 Model_Service_5] [PAPER-KV-V6] fetch meta-llama/Llama-3.2-3B -> None requests
[2026-08-22 15:50:28.916 Model_Service_2] [PAPER-KV-V6] fetch Qwen/Qwen2.5-7B-Instruct -> None requests
[2026-08-22 15:50:28.924 Model_Service_0] [PAPER-KV-V6] fetch Qwen/Qwen2.5-1.5B-Instruct -> None requests
[2026-08-22 15:50:28.926 Model_Service_5] [PAPER-KV-V6] fetch meta-llama/Llama-3.2-3B -> None requests
[2026-08-22 15:50:28.927 Model_Service_2] [PAPER-KV-V6] fetch Qwen/Qwen2.5-7B-Instruct -> None requests
[2026-08-22 15:50:28.934 Model_Service_0] [PAPER-KV-V6] fetch Qwen/Qwen2.5-1.5B-Instruct -> None requests
[2026-08-22 15:50:28.937 Model_Service_5] [PAPER-KV-V6] fetch meta-llama/Llama-3.2-3B -> None requests
[2026-08-22 15:50:28.937 Model_Service_2] [PAPER-KV-V6] fetch Qwen/Qwen2.5-7B-Instruct -> None requests
[2026-08-22 15:50:28.945 Model_Service_0] [PAPER-KV-V6] fetch Qwen/Qwen2.5-1.5B-Instruct -> None requests
[2026-08-22 15:50:28.947 Model_Service_5] [PAPER-KV-V6] fetch meta-llama/Llama-3.2-3B -> None requests
[2026-08-22 15:50:28.948 Model_Service_2] [PAPER-KV-V6] fetch Qwen/Qwen2.5-7B-Instruct -> None requests
[2026-08-22 15:50:28.956 Model_Service_0] [PAPER-KV-V6] fetch Qwen/Qwen2.5-1.5B-Instruct -> None requests
[2026-08-22 15:50:28.957 Model_Service_5] [PAPER-KV-V6] fetch meta-llama/Llama-3.2-3B -> None requests
[2026-08-22 15:50:28.959 Model_Service_2] [PAPER-KV-V6] fetch Qwen/Qwen2.5-7B-Instruct -> None requests
[2026-08-22 15:50:28.966 Model_Service_0] [PAPER-KV-V6] fetch Qwen/Qwen2.5-1.5B-Instruct -> None requests
[2026-08-22 15:50:28.967 Model_Service_5] [PAPER-KV-V6] fetch meta-llama/Llama-3.2-3B -> None requests
[2026-08-22 15:50:28.969 Model_Service_2] [PAPER-KV-V6] fetch Qwen/Qwen2.5-7B-Instruct -> None requests
[2026-08-22 15:50:28.977 Model_Service_0] [PAPER-KV-V6] fetch Qwen/Qwen2.5-1.5B-Instruct -> None requests
[2026-08-22 15:50:28.978 Model_Service_5] [PAPER-KV-V6] fetch meta-llama/Llama-3.2-3B -> None requests
[2026-08-22 15:50:28.980 Model_Service_2] [PAPER-KV-V6] fetch Qwen/Qwen2.5-7B-Instruct -> None requests
[2026-08-22 15:50:28.987 Model_Service_0] [PAPER-KV-V6] fetch Qwen/Qwen2.5-1.5B-Instruct -> None requests
[2026-08-22 15:50:28.988 Model_Service_5] [PAPER-KV-V6] fetch meta-llama/Llama-3.2-3B -> None requests
[2026-08-22 15:50:28.991 Model_Service_2] [PAPER-KV-V6] fetch Qwen/Qwen2.5-7B-Instruct -> None requests
[2026-08-22 15:50:28.998 Model_Service_0] [PAPER-KV-V6] fetch Qwen/Qwen2.5-1.5B-Instruct -> None requests
[2026-08-22 15:50:28.998 Model_Service_5] [PAPER-KV-V6] fetch meta-llama/Llama-3.2-3B -> None requests
[2026-08-22 15:50:29.001 Model_Service_2] [PAPER-KV-V6] fetch Qwen/Qwen2.5-7B-Instruct -> None requests
[2026-08-22 15:50:29.009 Model_Service_0] [PAPER-KV-V6] fetch Qwen/Qwen2.5-1.5B-Instruct -> None requests
[2026-08-22 15:50:29.009 Model_Service_5] [PAPER-KV-V6] fetch meta-llama/Llama-3.2-3B -> None requests
[2026-08-22 15:50:29.012 Model_Service_2] [PAPER-KV-V6] fetch Qwen/Qwen2.5-7B-Instruct -> None requests
[2026-08-22 15:50:29.019 Model_Service_5] [PAPER-KV-V6] fetch meta-llama/Llama-3.2-3B -> None requests
[2026-08-22 15:50:29.019 Model_Service_0] [PAPER-KV-V6] fetch Qwen/Qwen2.5-1.5B-Instruct -> None requests
[2026-08-22 15:50:29.023 Model_Service_2] [PAPER-KV-V6] fetch Qwen/Qwen2.5-7B-Instruct -> None requests
[2026-08-22 15:50:29.030 Model_Service_5] [PAPER-KV-V6] fetch meta-llama/Llama-3.2-3B -> None requests
[2026-08-22 15:50:29.030 Model_Service_0] [PAPER-KV-V6] fetch Qwen/Qwen2.5-1.5B-Instruct -> None requests
[2026-08-22 15:50:29.033 Model_Service_2] [PAPER-KV-V6] fetch Qwen/Qwen2.5-7B-Instruct -> None requests
[2026-08-22 15:50:29.040 Model_Service_5] [PAPER-KV-V6] fetch meta-llama/Llama-3.2-3B -> None requests
[2026-08-22 15:50:29.040 Model_Service_0] [PAPER-KV-V6] fetch Qwen/Qwen2.5-1.5B-Instruct -> None requests
[2026-08-22 15:50:29.044 Model_Service_2] [PAPER-KV-V6] fetch Qwen/Qwen2.5-7B-Instruct -> None requests
[2026-08-22 15:50:29.051 Model_Service_5] [PAPER-KV-V6] fetch meta-llama/Llama-3.2-3B -> None requests
[2026-08-22 15:50:29.051 Model_Service_0] [PAPER-KV-V6] fetch Qwen/Qwen2.5-1.5B-Instruct -> None requests
[2026-08-22 15:50:29.055 Model_Service_2] [PAPER-KV-V6] fetch Qwen/Qwen2.5-7B-Instruct -> None requests
[2026-08-22 15:50:29.061 Model_Service_5] [PAPER-KV-V6] fetch meta-llama/Llama-3.2-3B -> None requests
[2026-08-22 15:50:29.062 Model_Service_0] [PAPER-KV-V6] fetch Qwen/Qwen2.5-1.5B-Instruct -> None requests
[2026-08-22 15:50:29.066 Model_Service_2] [PAPER-KV-V6] fetch Qwen/Qwen2.5-7B-Instruct -> None requests
[2026-08-22 15:50:29.071 Model_Service_5] [PAPER-KV-V6] fetch meta-llama/Llama-3.2-3B -> None requests
[2026-08-22 15:50:29.072 Model_Service_0] [PAPER-KV-V6] fetch Qwen/Qwen2.5-1.5B-Instruct -> None requests
[2026-08-22 15:50:29.077 Model_Service_2] [PAPER-KV-V6] fetch Qwen/Qwen2.5-7B-Instruct -> None requests
[2026-08-22 15:50:29.082 Model_Service_5] [PAPER-KV-V6] fetch meta-llama/Llama-3.2-3B -> None requests
[2026-08-22 15:50:29.083 Model_Service_0] [PAPER-KV-V6] fetch Qwen/Qwen2.5-1.5B-Instruct -> None requests
[2026-08-22 15:50:29.087 Model_Service_2] [PAPER-KV-V6] fetch Qwen/Qwen2.5-7B-Instruct -> None requests
[2026-08-22 15:50:29.092 Model_Service_5] [PAPER-KV-V6] fetch meta-llama/Llama-3.2-3B -> None requests
[2026-08-22 15:50:29.093 Model_Service_0] [PAPER-KV-V6] fetch Qwen/Qwen2.5-1.5B-Instruct -> None requests
[2026-08-22 15:50:29.098 Model_Service_2] [PAPER-KV-V6] fetch Qwen/Qwen2.5-7B-Instruct -> None requests
[2026-08-22 15:50:29.102 Model_Service_5] [PAPER-KV-V6] fetch meta-llama/Llama-3.2-3B -> None requests
[2026-08-22 15:50:29.104 Model_Service_0] [PAPER-KV-V6] fetch Qwen/Qwen2.5-1.5B-Instruct -> None requests
[2026-08-22 15:50:29.109 Model_Service_2] [PAPER-KV-V6] fetch Qwen/Qwen2.5-7B-Instruct -> None requests
[2026-08-22 15:50:29.112 Model_Service_5] [PAPER-KV-V6] fetch meta-llama/Llama-3.2-3B -> None requests
[2026-08-22 15:50:29.114 Model_Service_0] [PAPER-KV-V6] fetch Qwen/Qwen2.5-1.5B-Instruct -> None requests
[2026-08-22 15:50:29.120 Model_Service_2] [PAPER-KV-V6] fetch Qwen/Qwen2.5-7B-Instruct -> None requests
[2026-08-22 15:50:29.123 Model_Service_5] [PAPER-KV-V6] fetch meta-llama/Llama-3.2-3B -> None requests
[2026-08-22 15:50:29.125 Model_Service_0] [PAPER-KV-V6] fetch Qwen/Qwen2.5-1.5B-Instruct -> None requests
[2026-08-22 15:50:29.131 Model_Service_2] [PAPER-KV-V6] fetch Qwen/Qwen2.5-7B-Instruct -> None requests
[2026-08-22 15:50:29.133 Model_Service_5] [PAPER-KV-V6] fetch meta-llama/Llama-3.2-3B -> None requests
[2026-08-22 15:50:29.136 Model_Service_0] [PAPER-KV-V6] fetch Qwen/Qwen2.5-1.5B-Instruct -> None requests
[2026-08-22 15:50:29.141 Model_Service_2] [PAPER-KV-V6] fetch Qwen/Qwen2.5-7B-Instruct -> None requests
[2026-08-22 15:50:29.143 Model_Service_5] [PAPER-KV-V6] fetch meta-llama/Llama-3.2-3B -> None requests
[2026-08-22 15:50:29.146 Model_Service_0] [PAPER-KV-V6] fetch Qwen/Qwen2.5-1.5B-Instruct -> None requests
[2026-08-22 15:50:29.152 Model_Service_2] [PAPER-KV-V6] fetch Qwen/Qwen2.5-7B-Instruct -> None requests
[2026-08-22 15:50:29.154 Model_Service_5] [PAPER-KV-V6] fetch meta-llama/Llama-3.2-3B -> None requests
[2026-08-22 15:50:29.157 Model_Service_0] [PAPER-KV-V6] fetch Qwen/Qwen2.5-1.5B-Instruct -> None requests
[2026-08-22 15:50:29.162 Model_Service_2] [PAPER-KV-V6] fetch Qwen/Qwen2.5-7B-Instruct -> None requests
[2026-08-22 15:50:29.164 Model_Service_5] [PAPER-KV-V6] fetch meta-llama/Llama-3.2-3B -> None requests
[2026-08-22 15:50:29.168 Model_Service_0] [PAPER-KV-V6] fetch Qwen/Qwen2.5-1.5B-Instruct -> None requests
[2026-08-22 15:50:29.173 Model_Service_2] [PAPER-KV-V6] fetch Qwen/Qwen2.5-7B-Instruct -> None requests
[2026-08-22 15:50:29.174 Model_Service_5] [PAPER-KV-V6] fetch meta-llama/Llama-3.2-3B -> None requests
[2026-08-22 15:50:29.178 Model_Service_0] [PAPER-KV-V6] fetch Qwen/Qwen2.5-1.5B-Instruct -> None requests
[2026-08-22 15:50:29.183 Model_Service_2] [PAPER-KV-V6] fetch Qwen/Qwen2.5-7B-Instruct -> None requests
[2026-08-22 15:50:29.184 Model_Service_5] [PAPER-KV-V6] fetch meta-llama/Llama-3.2-3B -> None requests
[2026-08-22 15:50:29.189 Model_Service_0] [PAPER-KV-V6] fetch Qwen/Qwen2.5-1.5B-Instruct -> None requests
[2026-08-22 15:50:29.194 Model_Service_2] [PAPER-KV-V6] fetch Qwen/Qwen2.5-7B-Instruct -> None requests
[2026-08-22 15:50:29.195 Model_Service_5] [PAPER-KV-V6] fetch meta-llama/Llama-3.2-3B -> None requests
[2026-08-22 15:50:29.199 Model_Service_0] [PAPER-KV-V6] fetch Qwen/Qwen2.5-1.5B-Instruct -> None requests
[2026-08-22 15:50:29.205 Model_Service_2] [PAPER-KV-V6] fetch Qwen/Qwen2.5-7B-Instruct -> None requests
[2026-08-22 15:50:29.205 Model_Service_5] [PAPER-KV-V6] fetch meta-llama/Llama-3.2-3B -> None requests
[2026-08-22 15:50:29.210 Model_Service_0] [PAPER-KV-V6] fetch Qwen/Qwen2.5-1.5B-Instruct -> None requests
[2026-08-22 15:50:29.215 Model_Service_5] [PAPER-KV-V6] fetch meta-llama/Llama-3.2-3B -> None requests
[2026-08-22 15:50:29.215 Model_Service_2] [PAPER-KV-V6] fetch Qwen/Qwen2.5-7B-Instruct -> None requests
[2026-08-22 15:50:29.221 Model_Service_0] [PAPER-KV-V6] fetch Qwen/Qwen2.5-1.5B-Instruct -> None requests
[2026-08-22 15:50:29.226 Model_Service_2] [PAPER-KV-V6] fetch Qwen/Qwen2.5-7B-Instruct -> None requests
[2026-08-22 15:50:29.226 Model_Service_5] [PAPER-KV-V6] fetch meta-llama/Llama-3.2-3B -> None requests
[2026-08-22 15:50:29.231 Model_Service_0] [PAPER-KV-V6] fetch Qwen/Qwen2.5-1.5B-Instruct -> None requests
[2026-08-22 15:50:29.237 Model_Service_5] [PAPER-KV-V6] fetch meta-llama/Llama-3.2-3B -> None requests
[2026-08-22 15:50:29.237 Model_Service_2] [PAPER-KV-V6] fetch Qwen/Qwen2.5-7B-Instruct -> None requests
[2026-08-22 15:50:29.242 Model_Service_0] [PAPER-KV-V6] fetch Qwen/Qwen2.5-1.5B-Instruct -> None requests
[2026-08-22 15:50:29.247 Model_Service_5] [PAPER-KV-V6] fetch meta-llama/Llama-3.2-3B -> None requests
[2026-08-22 15:50:29.247 Model_Service_2] [PAPER-KV-V6] fetch Qwen/Qwen2.5-7B-Instruct -> None requests
[2026-08-22 15:50:29.253 Model_Service_0] [PAPER-KV-V6] fetch Qwen/Qwen2.5-1.5B-Instruct -> None requests
[2026-08-22 15:50:29.257 Model_Service_5] [PAPER-KV-V6] fetch meta-llama/Llama-3.2-3B -> None requests
[2026-08-22 15:50:29.258 Model_Service_2] [PAPER-KV-V6] fetch Qwen/Qwen2.5-7B-Instruct -> None requests
[2026-08-22 15:50:29.264 Model_Service_0] [PAPER-KV-V6] fetch Qwen/Qwen2.5-1.5B-Instruct -> None requests
[2026-08-22 15:50:29.268 Model_Service_5] [PAPER-KV-V6] fetch meta-llama/Llama-3.2-3B -> None requests
[2026-08-22 15:50:29.269 Model_Service_2] [PAPER-KV-V6] fetch Qwen/Qwen2.5-7B-Instruct -> None requests
[2026-08-22 15:50:29.274 Model_Service_0] [PAPER-KV-V6] fetch Qwen/Qwen2.5-1.5B-Instruct -> None requests
[2026-08-22 15:50:29.278 Model_Service_5] [PAPER-KV-V6] fetch meta-llama/Llama-3.2-3B -> None requests
[2026-08-22 15:50:29.279 Model_Service_2] [PAPER-KV-V6] fetch Qwen/Qwen2.5-7B-Instruct -> None requests
[2026-08-22 15:50:29.285 Model_Service_0] [PAPER-KV-V6] fetch Qwen/Qwen2.5-1.5B-Instruct -> None requests
[2026-08-22 15:50:29.288 Model_Service_5] [PAPER-KV-V6] fetch meta-llama/Llama-3.2-3B -> None requests
[2026-08-22 15:50:29.290 Model_Service_2] [PAPER-KV-V6] fetch Qwen/Qwen2.5-7B-Instruct -> None requests
[2026-08-22 15:50:29.295 Model_Service_0] [PAPER-KV-V6] fetch Qwen/Qwen2.5-1.5B-Instruct -> None requests
[2026-08-22 15:50:29.299 Model_Service_5] [PAPER-KV-V6] fetch meta-llama/Llama-3.2-3B -> None requests
[2026-08-22 15:50:29.300 Model_Service_2] [PAPER-KV-V6] fetch Qwen/Qwen2.5-7B-Instruct -> None requests
[2026-08-22 15:50:29.306 Model_Service_0] [PAPER-KV-V6] fetch Qwen/Qwen2.5-1.5B-Instruct -> None requests
[2026-08-22 15:50:29.309 Model_Service_5] [PAPER-KV-V6] fetch meta-llama/Llama-3.2-3B -> None requests
[2026-08-22 15:50:29.311 Model_Service_2] [PAPER-KV-V6] fetch Qwen/Qwen2.5-7B-Instruct -> None requests
[2026-08-22 15:50:29.317 Model_Service_0] [PAPER-KV-V6] fetch Qwen/Qwen2.5-1.5B-Instruct -> None requests
[2026-08-22 15:50:29.319 Model_Service_5] [PAPER-KV-V6] fetch meta-llama/Llama-3.2-3B -> None requests
[2026-08-22 15:50:29.321 Model_Service_2] [PAPER-KV-V6] fetch Qwen/Qwen2.5-7B-Instruct -> None requests
[2026-08-22 15:50:29.327 Model_Service_0] [PAPER-KV-V6] fetch Qwen/Qwen2.5-1.5B-Instruct -> None requests
[2026-08-22 15:50:29.329 Model_Service_5] [PAPER-KV-V6] fetch meta-llama/Llama-3.2-3B -> None requests
[2026-08-22 15:50:29.332 Model_Service_2] [PAPER-KV-V6] fetch Qwen/Qwen2.5-7B-Instruct -> None requests
[2026-08-22 15:50:29.338 Model_Service_0] [PAPER-KV-V6] fetch Qwen/Qwen2.5-1.5B-Instruct -> None requests
[2026-08-22 15:50:29.340 Model_Service_5] [PAPER-KV-V6] fetch meta-llama/Llama-3.2-3B -> None requests
[2026-08-22 15:50:29.343 Model_Service_2] [PAPER-KV-V6] fetch Qwen/Qwen2.5-7B-Instruct -> None requests
[2026-08-22 15:50:29.348 Model_Service_0] [PAPER-KV-V6] fetch Qwen/Qwen2.5-1.5B-Instruct -> None requests
[2026-08-22 15:50:29.350 Model_Service_5] [PAPER-KV-V6] fetch meta-llama/Llama-3.2-3B -> None requests
[2026-08-22 15:50:29.353 Model_Service_2] [PAPER-KV-V6] fetch Qwen/Qwen2.5-7B-Instruct -> None requests
[2026-08-22 15:50:29.359 Model_Service_0] [PAPER-KV-V6] fetch Qwen/Qwen2.5-1.5B-Instruct -> None requests
[2026-08-22 15:50:29.361 Model_Service_5] [PAPER-KV-V6] fetch meta-llama/Llama-3.2-3B -> None requests
[2026-08-22 15:50:29.364 Model_Service_2] [PAPER-KV-V6] fetch Qwen/Qwen2.5-7B-Instruct -> None requests
[2026-08-22 15:50:29.370 Model_Service_0] [PAPER-KV-V6] fetch Qwen/Qwen2.5-1.5B-Instruct -> None requests
[2026-08-22 15:50:29.371 Model_Service_5] [PAPER-KV-V6] fetch meta-llama/Llama-3.2-3B -> None requests
[2026-08-22 15:50:29.374 Model_Service_2] [PAPER-KV-V6] fetch Qwen/Qwen2.5-7B-Instruct -> None requests
[2026-08-22 15:50:29.377 Model_Service_4] Model service 4 input queue is empty, waiting for next request
[2026-08-22 15:50:29.381 Model_Service_0] [PAPER-KV-V6] fetch Qwen/Qwen2.5-1.5B-Instruct -> None requests
[2026-08-22 15:50:29.382 Model_Service_5] [PAPER-KV-V6] fetch meta-llama/Llama-3.2-3B -> None requests
[2026-08-22 15:50:29.385 Model_Service_2] [PAPER-KV-V6] fetch Qwen/Qwen2.5-7B-Instruct -> None requests
[2026-08-22 15:50:29.391 Model_Service_0] [PAPER-KV-V6] fetch Qwen/Qwen2.5-1.5B-Instruct -> None requests
[2026-08-22 15:50:29.392 Model_Service_5] [PAPER-KV-V6] fetch meta-llama/Llama-3.2-3B -> None requests
[2026-08-22 15:50:29.396 Model_Service_2] [PAPER-KV-V6] fetch Qwen/Qwen2.5-7B-Instruct -> None requests
[2026-08-22 15:50:29.402 Model_Service_0] [PAPER-KV-V6] fetch Qwen/Qwen2.5-1.5B-Instruct -> None requests
[2026-08-22 15:50:29.402 Model_Service_5] [PAPER-KV-V6] fetch meta-llama/Llama-3.2-3B -> None requests
[2026-08-22 15:50:29.406 Model_Service_2] [PAPER-KV-V6] fetch Qwen/Qwen2.5-7B-Instruct -> None requests
[2026-08-22 15:50:29.413 Model_Service_5] [PAPER-KV-V6] fetch meta-llama/Llama-3.2-3B -> None requests
[2026-08-22 15:50:29.413 Model_Service_0] [PAPER-KV-V6] fetch Qwen/Qwen2.5-1.5B-Instruct -> None requests
[2026-08-22 15:50:29.417 Model_Service_2] [PAPER-KV-V6] fetch Qwen/Qwen2.5-7B-Instruct -> None requests
[2026-08-22 15:50:29.424 Model_Service_5] [PAPER-KV-V6] fetch meta-llama/Llama-3.2-3B -> None requests
[2026-08-22 15:50:29.424 Model_Service_0] [PAPER-KV-V6] fetch Qwen/Qwen2.5-1.5B-Instruct -> None requests
[2026-08-22 15:50:29.427 Model_Service_2] [PAPER-KV-V6] fetch Qwen/Qwen2.5-7B-Instruct -> None requests
[2026-08-22 15:50:29.434 Model_Service_5] [PAPER-KV-V6] fetch meta-llama/Llama-3.2-3B -> None requests
[2026-08-22 15:50:29.434 Model_Service_0] [PAPER-KV-V6] fetch Qwen/Qwen2.5-1.5B-Instruct -> None requests
[2026-08-22 15:50:29.438 Model_Service_2] [PAPER-KV-V6] fetch Qwen/Qwen2.5-7B-Instruct -> None requests
[2026-08-22 15:50:29.444 Model_Service_5] [PAPER-KV-V6] fetch meta-llama/Llama-3.2-3B -> None requests
[2026-08-22 15:50:29.445 Model_Service_0] [PAPER-KV-V6] fetch Qwen/Qwen2.5-1.5B-Instruct -> None requests
[2026-08-22 15:50:29.449 Model_Service_2] [PAPER-KV-V6] fetch Qwen/Qwen2.5-7B-Instruct -> None requests
[2026-08-22 15:50:29.455 Model_Service_5] [PAPER-KV-V6] fetch meta-llama/Llama-3.2-3B -> None requests
[2026-08-22 15:50:29.455 Model_Service_0] [PAPER-KV-V6] fetch Qwen/Qwen2.5-1.5B-Instruct -> None requests
[2026-08-22 15:50:29.459 Model_Service_2] [PAPER-KV-V6] fetch Qwen/Qwen2.5-7B-Instruct -> None requests
[2026-08-22 15:50:29.465 Model_Service_5] [PAPER-KV-V6] fetch meta-llama/Llama-3.2-3B -> None requests
[2026-08-22 15:50:29.466 Model_Service_0] [PAPER-KV-V6] fetch Qwen/Qwen2.5-1.5B-Instruct -> None requests
[2026-08-22 15:50:29.470 Model_Service_2] [PAPER-KV-V6] fetch Qwen/Qwen2.5-7B-Instruct -> None requests
[2026-08-22 15:50:29.476 Model_Service_5] [PAPER-KV-V6] fetch meta-llama/Llama-3.2-3B -> None requests
[2026-08-22 15:50:29.477 Model_Service_0] [PAPER-KV-V6] fetch Qwen/Qwen2.5-1.5B-Instruct -> None requests
[2026-08-22 15:50:29.481 Model_Service_2] [PAPER-KV-V6] fetch Qwen/Qwen2.5-7B-Instruct -> None requests
[2026-08-22 15:50:29.486 Model_Service_5] [PAPER-KV-V6] fetch meta-llama/Llama-3.2-3B -> None requests
[2026-08-22 15:50:29.487 Model_Service_0] [PAPER-KV-V6] fetch Qwen/Qwen2.5-1.5B-Instruct -> None requests
[2026-08-22 15:50:29.491 Model_Service_2] [PAPER-KV-V6] fetch Qwen/Qwen2.5-7B-Instruct -> None requests
[2026-08-22 15:50:29.496 Model_Service_5] [PAPER-KV-V6] fetch meta-llama/Llama-3.2-3B -> None requests
[2026-08-22 15:50:29.498 Model_Service_0] [PAPER-KV-V6] fetch Qwen/Qwen2.5-1.5B-Instruct -> None requests
[2026-08-22 15:50:29.502 Model_Service_2] [PAPER-KV-V6] fetch Qwen/Qwen2.5-7B-Instruct -> None requests
[2026-08-22 15:50:29.507 Model_Service_5] [PAPER-KV-V6] fetch meta-llama/Llama-3.2-3B -> None requests
[2026-08-22 15:50:29.508 Model_Service_0] [PAPER-KV-V6] fetch Qwen/Qwen2.5-1.5B-Instruct -> None requests
[2026-08-22 15:50:29.513 Model_Service_2] [PAPER-KV-V6] fetch Qwen/Qwen2.5-7B-Instruct -> None requests
[2026-08-22 15:50:29.517 Model_Service_5] [PAPER-KV-V6] fetch meta-llama/Llama-3.2-3B -> None requests
[2026-08-22 15:50:29.519 Model_Service_0] [PAPER-KV-V6] fetch Qwen/Qwen2.5-1.5B-Instruct -> None requests
[2026-08-22 15:50:29.523 Model_Service_2] [PAPER-KV-V6] fetch Qwen/Qwen2.5-7B-Instruct -> None requests
[2026-08-22 15:50:29.527 Model_Service_5] [PAPER-KV-V6] fetch meta-llama/Llama-3.2-3B -> None requests
[2026-08-22 15:50:29.529 Model_Service_0] [PAPER-KV-V6] fetch Qwen/Qwen2.5-1.5B-Instruct -> None requests
[2026-08-22 15:50:29.534 Model_Service_2] [PAPER-KV-V6] fetch Qwen/Qwen2.5-7B-Instruct -> None requests
[2026-08-22 15:50:29.538 Model_Service_5] [PAPER-KV-V6] fetch meta-llama/Llama-3.2-3B -> None requests
[2026-08-22 15:50:29.540 Model_Service_0] [PAPER-KV-V6] fetch Qwen/Qwen2.5-1.5B-Instruct -> None requests
[2026-08-22 15:50:29.545 Model_Service_2] [PAPER-KV-V6] fetch Qwen/Qwen2.5-7B-Instruct -> None requests
[2026-08-22 15:50:29.548 Model_Service_5] [PAPER-KV-V6] fetch meta-llama/Llama-3.2-3B -> None requests
[2026-08-22 15:50:29.551 Model_Service_0] [PAPER-KV-V6] fetch Qwen/Qwen2.5-1.5B-Instruct -> None requests
[2026-08-22 15:50:29.556 Model_Service_2] [PAPER-KV-V6] fetch Qwen/Qwen2.5-7B-Instruct -> None requests
[2026-08-22 15:50:29.558 Model_Service_5] [PAPER-KV-V6] fetch meta-llama/Llama-3.2-3B -> None requests
[2026-08-22 15:50:29.561 Model_Service_0] [PAPER-KV-V6] fetch Qwen/Qwen2.5-1.5B-Instruct -> None requests
[2026-08-22 15:50:29.566 Model_Service_2] [PAPER-KV-V6] fetch Qwen/Qwen2.5-7B-Instruct -> None requests
[2026-08-22 15:50:29.569 Model_Service_5] [PAPER-KV-V6] fetch meta-llama/Llama-3.2-3B -> None requests
[2026-08-22 15:50:29.572 Model_Service_0] [PAPER-KV-V6] fetch Qwen/Qwen2.5-1.5B-Instruct -> None requests
[2026-08-22 15:50:29.577 Model_Service_2] [PAPER-KV-V6] fetch Qwen/Qwen2.5-7B-Instruct -> None requests
[2026-08-22 15:50:29.579 Model_Service_5] [PAPER-KV-V6] fetch meta-llama/Llama-3.2-3B -> None requests
[2026-08-22 15:50:29.583 Model_Service_0] [PAPER-KV-V6] fetch Qwen/Qwen2.5-1.5B-Instruct -> None requests
[2026-08-22 15:50:29.588 Model_Service_2] [PAPER-KV-V6] fetch Qwen/Qwen2.5-7B-Instruct -> None requests
[2026-08-22 15:50:29.590 Model_Service_5] [PAPER-KV-V6] fetch meta-llama/Llama-3.2-3B -> None requests
[2026-08-22 15:50:29.593 Model_Service_0] [PAPER-KV-V6] fetch Qwen/Qwen2.5-1.5B-Instruct -> None requests
[2026-08-22 15:50:29.598 Model_Service_2] [PAPER-KV-V6] fetch Qwen/Qwen2.5-7B-Instruct -> None requests
[2026-08-22 15:50:29.600 Model_Service_5] [PAPER-KV-V6] fetch meta-llama/Llama-3.2-3B -> None requests
[2026-08-22 15:50:29.604 Model_Service_0] [PAPER-KV-V6] fetch Qwen/Qwen2.5-1.5B-Instruct -> None requests
[2026-08-22 15:50:29.609 Model_Service_2] [PAPER-KV-V6] fetch Qwen/Qwen2.5-7B-Instruct -> None requests
[2026-08-22 15:50:29.610 Model_Service_5] [PAPER-KV-V6] fetch meta-llama/Llama-3.2-3B -> None requests
[2026-08-22 15:50:29.615 Model_Service_0] [PAPER-KV-V6] fetch Qwen/Qwen2.5-1.5B-Instruct -> None requests
[2026-08-22 15:50:29.619 Model_Service_2] [PAPER-KV-V6] fetch Qwen/Qwen2.5-7B-Instruct -> None requests
[2026-08-22 15:50:29.620 Model_Service_5] [PAPER-KV-V6] fetch meta-llama/Llama-3.2-3B -> None requests
[2026-08-22 15:50:29.626 Model_Service_0] [PAPER-KV-V6] fetch Qwen/Qwen2.5-1.5B-Instruct -> None requests
[2026-08-22 15:50:29.630 Model_Service_2] [PAPER-KV-V6] fetch Qwen/Qwen2.5-7B-Instruct -> None requests
[2026-08-22 15:50:29.631 Model_Service_5] [PAPER-KV-V6] fetch meta-llama/Llama-3.2-3B -> None requests
[2026-08-22 15:50:29.636 Model_Service_0] [PAPER-KV-V6] fetch Qwen/Qwen2.5-1.5B-Instruct -> None requests
[2026-08-22 15:50:29.641 Model_Service_2] [PAPER-KV-V6] fetch Qwen/Qwen2.5-7B-Instruct -> None requests
[2026-08-22 15:50:29.641 Model_Service_5] [PAPER-KV-V6] fetch meta-llama/Llama-3.2-3B -> None requests
[2026-08-22 15:50:29.647 Model_Service_0] [PAPER-KV-V6] fetch Qwen/Qwen2.5-1.5B-Instruct -> None requests
[2026-08-22 15:50:29.651 Model_Service_2] [PAPER-KV-V6] fetch Qwen/Qwen2.5-7B-Instruct -> None requests
[2026-08-22 15:50:29.652 Model_Service_5] [PAPER-KV-V6] fetch meta-llama/Llama-3.2-3B -> None requests
[2026-08-22 15:50:29.658 Model_Service_0] [PAPER-KV-V6] fetch Qwen/Qwen2.5-1.5B-Instruct -> None requests
[2026-08-22 15:50:29.662 Model_Service_5] [PAPER-KV-V6] fetch meta-llama/Llama-3.2-3B -> None requests
[2026-08-22 15:50:29.662 Model_Service_2] [PAPER-KV-V6] fetch Qwen/Qwen2.5-7B-Instruct -> None requests
[2026-08-22 15:50:29.668 Model_Service_0] [PAPER-KV-V6] fetch Qwen/Qwen2.5-1.5B-Instruct -> None requests
[2026-08-22 15:50:29.672 Model_Service_5] [PAPER-KV-V6] fetch meta-llama/Llama-3.2-3B -> None requests
[2026-08-22 15:50:29.673 Model_Service_2] [PAPER-KV-V6] fetch Qwen/Qwen2.5-7B-Instruct -> None requests
[2026-08-22 15:50:29.679 Model_Service_0] [PAPER-KV-V6] fetch Qwen/Qwen2.5-1.5B-Instruct -> None requests
[2026-08-22 15:50:29.684 Model_Service_5] [PAPER-KV-V6] fetch meta-llama/Llama-3.2-3B -> None requests
[2026-08-22 15:50:29.684 Model_Service_2] [PAPER-KV-V6] fetch Qwen/Qwen2.5-7B-Instruct -> None requests
[2026-08-22 15:50:29.690 Model_Service_0] [PAPER-KV-V6] fetch Qwen/Qwen2.5-1.5B-Instruct -> None requests
[2026-08-22 15:50:29.694 Model_Service_5] [PAPER-KV-V6] fetch meta-llama/Llama-3.2-3B -> None requests
[2026-08-22 15:50:29.694 Model_Service_2] [PAPER-KV-V6] fetch Qwen/Qwen2.5-7B-Instruct -> None requests
[2026-08-22 15:50:29.700 Model_Service_0] [PAPER-KV-V6] fetch Qwen/Qwen2.5-1.5B-Instruct -> None requests
[2026-08-22 15:50:29.705 Model_Service_5] [PAPER-KV-V6] fetch meta-llama/Llama-3.2-3B -> None requests
[2026-08-22 15:50:29.705 Model_Service_2] [PAPER-KV-V6] fetch Qwen/Qwen2.5-7B-Instruct -> None requests
[2026-08-22 15:50:29.711 Model_Service_0] [PAPER-KV-V6] fetch Qwen/Qwen2.5-1.5B-Instruct -> None requests
[2026-08-22 15:50:29.715 Model_Service_5] [PAPER-KV-V6] fetch meta-llama/Llama-3.2-3B -> None requests
[2026-08-22 15:50:29.716 Model_Service_2] [PAPER-KV-V6] fetch Qwen/Qwen2.5-7B-Instruct -> None requests
[2026-08-22 15:50:29.722 Model_Service_0] [PAPER-KV-V6] fetch Qwen/Qwen2.5-1.5B-Instruct -> None requests
[2026-08-22 15:50:29.726 Model_Service_5] [PAPER-KV-V6] fetch meta-llama/Llama-3.2-3B -> None requests
[2026-08-22 15:50:29.727 Model_Service_2] [PAPER-KV-V6] fetch Qwen/Qwen2.5-7B-Instruct -> None requests
[2026-08-22 15:50:29.733 Model_Service_0] [PAPER-KV-V6] fetch Qwen/Qwen2.5-1.5B-Instruct -> None requests
[2026-08-22 15:50:29.736 Model_Service_5] [PAPER-KV-V6] fetch meta-llama/Llama-3.2-3B -> None requests
[2026-08-22 15:50:29.737 Model_Service_2] [PAPER-KV-V6] fetch Qwen/Qwen2.5-7B-Instruct -> None requests
[2026-08-22 15:50:29.744 Model_Service_0] [PAPER-KV-V6] fetch Qwen/Qwen2.5-1.5B-Instruct -> None requests
[2026-08-22 15:50:29.747 Model_Service_5] [PAPER-KV-V6] fetch meta-llama/Llama-3.2-3B -> None requests
[2026-08-22 15:50:29.748 Model_Service_2] [PAPER-KV-V6] fetch Qwen/Qwen2.5-7B-Instruct -> None requests
[2026-08-22 15:50:29.754 Model_Service_0] [PAPER-KV-V6] fetch Qwen/Qwen2.5-1.5B-Instruct -> None requests
[2026-08-22 15:50:29.757 Model_Service_5] [PAPER-KV-V6] fetch meta-llama/Llama-3.2-3B -> None requests
[2026-08-22 15:50:29.758 Model_Service_2] [PAPER-KV-V6] fetch Qwen/Qwen2.5-7B-Instruct -> None requests
[2026-08-22 15:50:29.765 Model_Service_0] [PAPER-KV-V6] fetch Qwen/Qwen2.5-1.5B-Instruct -> None requests
[2026-08-22 15:50:29.768 Model_Service_5] [PAPER-KV-V6] fetch meta-llama/Llama-3.2-3B -> None requests
[2026-08-22 15:50:29.769 Model_Service_2] [PAPER-KV-V6] fetch Qwen/Qwen2.5-7B-Instruct -> None requests
[2026-08-22 15:50:29.776 Model_Service_0] [PAPER-KV-V6] fetch Qwen/Qwen2.5-1.5B-Instruct -> None requests
[2026-08-22 15:50:29.778 Model_Service_5] [PAPER-KV-V6] fetch meta-llama/Llama-3.2-3B -> None requests
[2026-08-22 15:50:29.779 Model_Service_2] [PAPER-KV-V6] fetch Qwen/Qwen2.5-7B-Instruct -> None requests
[2026-08-22 15:50:29.786 Model_Service_0] [PAPER-KV-V6] fetch Qwen/Qwen2.5-1.5B-Instruct -> None requests
[2026-08-22 15:50:29.789 Model_Service_5] [PAPER-KV-V6] fetch meta-llama/Llama-3.2-3B -> None requests
[2026-08-22 15:50:29.790 Model_Service_2] [PAPER-KV-V6] fetch Qwen/Qwen2.5-7B-Instruct -> None requests
[2026-08-22 15:50:29.797 Model_Service_0] [PAPER-KV-V6] fetch Qwen/Qwen2.5-1.5B-Instruct -> None requests
[2026-08-22 15:50:29.799 Model_Service_5] [PAPER-KV-V6] fetch meta-llama/Llama-3.2-3B -> None requests
[2026-08-22 15:50:29.800 Model_Service_2] [PAPER-KV-V6] fetch Qwen/Qwen2.5-7B-Instruct -> None requests
[2026-08-22 15:50:29.807 Model_Service_0] [PAPER-KV-V6] fetch Qwen/Qwen2.5-1.5B-Instruct -> None requests
[2026-08-22 15:50:29.809 Model_Service_5] [PAPER-KV-V6] fetch meta-llama/Llama-3.2-3B -> None requests
[2026-08-22 15:50:29.811 Model_Service_2] [PAPER-KV-V6] fetch Qwen/Qwen2.5-7B-Instruct -> None requests
[2026-08-22 15:50:29.818 Model_Service_0] [PAPER-KV-V6] fetch Qwen/Qwen2.5-1.5B-Instruct -> None requests
[2026-08-22 15:50:29.820 Model_Service_5] [PAPER-KV-V6] fetch meta-llama/Llama-3.2-3B -> None requests
[2026-08-22 15:50:29.821 Model_Service_2] [PAPER-KV-V6] fetch Qwen/Qwen2.5-7B-Instruct -> None requests
[2026-08-22 15:50:29.828 Model_Service_0] [PAPER-KV-V6] fetch Qwen/Qwen2.5-1.5B-Instruct -> None requests
[2026-08-22 15:50:29.830 Model_Service_5] [PAPER-KV-V6] fetch meta-llama/Llama-3.2-3B -> None requests
[2026-08-22 15:50:29.832 Model_Service_2] [PAPER-KV-V6] fetch Qwen/Qwen2.5-7B-Instruct -> None requests
[2026-08-22 15:50:29.839 Model_Service_0] [PAPER-KV-V6] fetch Qwen/Qwen2.5-1.5B-Instruct -> None requests
[2026-08-22 15:50:29.840 Model_Service_5] [PAPER-KV-V6] fetch meta-llama/Llama-3.2-3B -> None requests
[2026-08-22 15:50:29.842 Model_Service_2] [PAPER-KV-V6] fetch Qwen/Qwen2.5-7B-Instruct -> None requests
[2026-08-22 15:50:29.849 Model_Service_0] [PAPER-KV-V6] fetch Qwen/Qwen2.5-1.5B-Instruct -> None requests
[2026-08-22 15:50:29.850 Model_Service_5] [PAPER-KV-V6] fetch meta-llama/Llama-3.2-3B -> None requests
[2026-08-22 15:50:29.853 Model_Service_2] [PAPER-KV-V6] fetch Qwen/Qwen2.5-7B-Instruct -> None requests
[2026-08-22 15:50:29.860 Model_Service_0] [PAPER-KV-V6] fetch Qwen/Qwen2.5-1.5B-Instruct -> None requests
[2026-08-22 15:50:29.861 Model_Service_5] [PAPER-KV-V6] fetch meta-llama/Llama-3.2-3B -> None requests
[2026-08-22 15:50:29.864 Model_Service_2] [PAPER-KV-V6] fetch Qwen/Qwen2.5-7B-Instruct -> None requests
[2026-08-22 15:50:29.871 Model_Service_0] [PAPER-KV-V6] fetch Qwen/Qwen2.5-1.5B-Instruct -> None requests
[2026-08-22 15:50:29.871 Model_Service_5] [PAPER-KV-V6] fetch meta-llama/Llama-3.2-3B -> None requests
[2026-08-22 15:50:29.874 Model_Service_2] [PAPER-KV-V6] fetch Qwen/Qwen2.5-7B-Instruct -> None requests
[2026-08-22 15:50:29.881 Model_Service_0] [PAPER-KV-V6] fetch Qwen/Qwen2.5-1.5B-Instruct -> None requests
[2026-08-22 15:50:29.882 Model_Service_5] [PAPER-KV-V6] fetch meta-llama/Llama-3.2-3B -> None requests
[2026-08-22 15:50:29.885 Model_Service_2] [PAPER-KV-V6] fetch Qwen/Qwen2.5-7B-Instruct -> None requests
[2026-08-22 15:50:29.892 Model_Service_5] [PAPER-KV-V6] fetch meta-llama/Llama-3.2-3B -> None requests
[2026-08-22 15:50:29.892 Model_Service_0] [PAPER-KV-V6] fetch Qwen/Qwen2.5-1.5B-Instruct -> None requests
[2026-08-22 15:50:29.895 Model_Service_2] [PAPER-KV-V6] fetch Qwen/Qwen2.5-7B-Instruct -> None requests
[2026-08-22 15:50:29.902 Model_Service_5] [PAPER-KV-V6] fetch meta-llama/Llama-3.2-3B -> None requests
[2026-08-22 15:50:29.903 Model_Service_0] [PAPER-KV-V6] fetch Qwen/Qwen2.5-1.5B-Instruct -> None requests
[2026-08-22 15:50:29.906 Model_Service_2] [PAPER-KV-V6] fetch Qwen/Qwen2.5-7B-Instruct -> None requests
[2026-08-22 15:50:29.913 Model_Service_5] [PAPER-KV-V6] fetch meta-llama/Llama-3.2-3B -> None requests
[2026-08-22 15:50:29.913 Model_Service_0] [PAPER-KV-V6] fetch Qwen/Qwen2.5-1.5B-Instruct -> None requests
[2026-08-22 15:50:29.917 Model_Service_2] [PAPER-KV-V6] fetch Qwen/Qwen2.5-7B-Instruct -> None requests
[2026-08-22 15:50:29.923 Model_Service_5] [PAPER-KV-V6] fetch meta-llama/Llama-3.2-3B -> None requests
[2026-08-22 15:50:29.924 Model_Service_0] [PAPER-KV-V6] fetch Qwen/Qwen2.5-1.5B-Instruct -> None requests
[2026-08-22 15:50:29.927 Model_Service_2] [PAPER-KV-V6] fetch Qwen/Qwen2.5-7B-Instruct -> None requests
[2026-08-22 15:50:29.933 Model_Service_5] [PAPER-KV-V6] fetch meta-llama/Llama-3.2-3B -> None requests
[2026-08-22 15:50:29.934 Model_Service_0] [PAPER-KV-V6] fetch Qwen/Qwen2.5-1.5B-Instruct -> None requests
[2026-08-22 15:50:29.938 Model_Service_2] [PAPER-KV-V6] fetch Qwen/Qwen2.5-7B-Instruct -> None requests
[2026-08-22 15:50:29.943 Model_Service_5] [PAPER-KV-V6] fetch meta-llama/Llama-3.2-3B -> None requests
[2026-08-22 15:50:29.945 Model_Service_0] [PAPER-KV-V6] fetch Qwen/Qwen2.5-1.5B-Instruct -> None requests
[2026-08-22 15:50:29.949 Model_Service_2] [PAPER-KV-V6] fetch Qwen/Qwen2.5-7B-Instruct -> None requests
[2026-08-22 15:50:29.954 Model_Service_5] [PAPER-KV-V6] fetch meta-llama/Llama-3.2-3B -> None requests
[2026-08-22 15:50:29.955 Model_Service_0] [PAPER-KV-V6] fetch Qwen/Qwen2.5-1.5B-Instruct -> None requests
[2026-08-22 15:50:29.960 Model_Service_2] [PAPER-KV-V6] fetch Qwen/Qwen2.5-7B-Instruct -> None requests
[2026-08-22 15:50:29.964 Model_Service_5] [PAPER-KV-V6] fetch meta-llama/Llama-3.2-3B -> None requests
[2026-08-22 15:50:29.966 Model_Service_0] [PAPER-KV-V6] fetch Qwen/Qwen2.5-1.5B-Instruct -> None requests
[2026-08-22 15:50:29.970 Model_Service_2] [PAPER-KV-V6] fetch Qwen/Qwen2.5-7B-Instruct -> None requests
[2026-08-22 15:50:29.974 Model_Service_5] [PAPER-KV-V6] fetch meta-llama/Llama-3.2-3B -> None requests
[2026-08-22 15:50:29.976 Model_Service_0] [PAPER-KV-V6] fetch Qwen/Qwen2.5-1.5B-Instruct -> None requests
[2026-08-22 15:50:29.981 Model_Service_2] [PAPER-KV-V6] fetch Qwen/Qwen2.5-7B-Instruct -> None requests
[2026-08-22 15:50:29.984 Model_Service_5] [PAPER-KV-V6] fetch meta-llama/Llama-3.2-3B -> None requests
[2026-08-22 15:50:29.986 Model_Service_0] [PAPER-KV-V6] fetch Qwen/Qwen2.5-1.5B-Instruct -> None requests
[2026-08-22 15:50:29.991 Model_Service_2] [PAPER-KV-V6] fetch Qwen/Qwen2.5-7B-Instruct -> None requests
[2026-08-22 15:50:29.995 Model_Service_5] [PAPER-KV-V6] fetch meta-llama/Llama-3.2-3B -> None requests
[2026-08-22 15:50:29.996 Model_Service_0] [PAPER-KV-V6] fetch Qwen/Qwen2.5-1.5B-Instruct -> None requests
[2026-08-22 15:50:30.001 Model_Service_2] [PAPER-KV-V6] fetch Qwen/Qwen2.5-7B-Instruct -> None requests
[2026-08-22 15:50:30.005 Model_Service_5] [PAPER-KV-V6] fetch meta-llama/Llama-3.2-3B -> None requests
[2026-08-22 15:50:30.007 Model_Service_0] [PAPER-KV-V6] fetch Qwen/Qwen2.5-1.5B-Instruct -> None requests
[2026-08-22 15:50:30.011 Model_Service_2] [PAPER-KV-V6] fetch Qwen/Qwen2.5-7B-Instruct -> None requests
[2026-08-22 15:50:30.015 Model_Service_5] [PAPER-KV-V6] fetch meta-llama/Llama-3.2-3B -> None requests
[2026-08-22 15:50:30.017 Model_Service_0] [PAPER-KV-V6] fetch Qwen/Qwen2.5-1.5B-Instruct -> None requests
[2026-08-22 15:50:30.022 Model_Service_2] [PAPER-KV-V6] fetch Qwen/Qwen2.5-7B-Instruct -> None requests
[2026-08-22 15:50:30.025 Model_Service_5] [PAPER-KV-V6] fetch meta-llama/Llama-3.2-3B -> None requests
[2026-08-22 15:50:30.027 Model_Service_0] [PAPER-KV-V6] fetch Qwen/Qwen2.5-1.5B-Instruct -> None requests
[2026-08-22 15:50:30.032 Model_Service_2] [PAPER-KV-V6] fetch Qwen/Qwen2.5-7B-Instruct -> None requests
[2026-08-22 15:50:30.036 Model_Service_5] [PAPER-KV-V6] fetch meta-llama/Llama-3.2-3B -> None requests
[2026-08-22 15:50:30.037 Model_Service_0] [PAPER-KV-V6] fetch Qwen/Qwen2.5-1.5B-Instruct -> None requests
[2026-08-22 15:50:30.042 Model_Service_2] [PAPER-KV-V6] fetch Qwen/Qwen2.5-7B-Instruct -> None requests
[2026-08-22 15:50:30.046 Model_Service_5] [PAPER-KV-V6] fetch meta-llama/Llama-3.2-3B -> None requests
[2026-08-22 15:50:30.048 Model_Service_0] [PAPER-KV-V6] fetch Qwen/Qwen2.5-1.5B-Instruct -> None requests
[2026-08-22 15:50:30.052 Model_Service_2] [PAPER-KV-V6] fetch Qwen/Qwen2.5-7B-Instruct -> None requests
[2026-08-22 15:50:30.056 Model_Service_5] [PAPER-KV-V6] fetch meta-llama/Llama-3.2-3B -> None requests
[2026-08-22 15:50:30.058 Model_Service_0] [PAPER-KV-V6] fetch Qwen/Qwen2.5-1.5B-Instruct -> None requests
[2026-08-22 15:50:30.062 Model_Service_2] [PAPER-KV-V6] fetch Qwen/Qwen2.5-7B-Instruct -> None requests
[2026-08-22 15:50:30.066 Model_Service_5] [PAPER-KV-V6] fetch meta-llama/Llama-3.2-3B -> None requests
[2026-08-22 15:50:30.068 Model_Service_0] [PAPER-KV-V6] fetch Qwen/Qwen2.5-1.5B-Instruct -> None requests
[2026-08-22 15:50:30.073 Model_Service_2] [PAPER-KV-V6] fetch Qwen/Qwen2.5-7B-Instruct -> None requests
[2026-08-22 15:50:30.076 Model_Service_5] [PAPER-KV-V6] fetch meta-llama/Llama-3.2-3B -> None requests
[2026-08-22 15:50:30.078 Model_Service_0] [PAPER-KV-V6] fetch Qwen/Qwen2.5-1.5B-Instruct -> None requests
[2026-08-22 15:50:30.083 Model_Service_2] [PAPER-KV-V6] fetch Qwen/Qwen2.5-7B-Instruct -> None requests
[2026-08-22 15:50:30.087 Model_Service_5] [PAPER-KV-V6] fetch meta-llama/Llama-3.2-3B -> None requests
[2026-08-22 15:50:30.089 Model_Service_0] [PAPER-KV-V6] fetch Qwen/Qwen2.5-1.5B-Instruct -> None requests
[2026-08-22 15:50:30.093 Model_Service_2] [PAPER-KV-V6] fetch Qwen/Qwen2.5-7B-Instruct -> None requests
[2026-08-22 15:50:30.097 Model_Service_5] [PAPER-KV-V6] fetch meta-llama/Llama-3.2-3B -> None requests
[2026-08-22 15:50:30.099 Model_Service_0] [PAPER-KV-V6] fetch Qwen/Qwen2.5-1.5B-Instruct -> None requests
[2026-08-22 15:50:30.103 Model_Service_2] [PAPER-KV-V6] fetch Qwen/Qwen2.5-7B-Instruct -> None requests
[2026-08-22 15:50:30.107 Model_Service_5] [PAPER-KV-V6] fetch meta-llama/Llama-3.2-3B -> None requests
[2026-08-22 15:50:30.109 Model_Service_0] [PAPER-KV-V6] fetch Qwen/Qwen2.5-1.5B-Instruct -> None requests
[2026-08-22 15:50:30.113 Model_Service_2] [PAPER-KV-V6] fetch Qwen/Qwen2.5-7B-Instruct -> None requests
[2026-08-22 15:50:30.117 Model_Service_5] [PAPER-KV-V6] fetch meta-llama/Llama-3.2-3B -> None requests
[2026-08-22 15:50:30.119 Model_Service_0] [PAPER-KV-V6] fetch Qwen/Qwen2.5-1.5B-Instruct -> None requests
[2026-08-22 15:50:30.124 Model_Service_2] [PAPER-KV-V6] fetch Qwen/Qwen2.5-7B-Instruct -> None requests
[2026-08-22 15:50:30.127 Model_Service_5] [PAPER-KV-V6] fetch meta-llama/Llama-3.2-3B -> None requests
[2026-08-22 15:50:30.130 Model_Service_0] [PAPER-KV-V6] fetch Qwen/Qwen2.5-1.5B-Instruct -> None requests
[2026-08-22 15:50:30.134 Model_Service_2] [PAPER-KV-V6] fetch Qwen/Qwen2.5-7B-Instruct -> None requests
[2026-08-22 15:50:30.138 Model_Service_5] [PAPER-KV-V6] fetch meta-llama/Llama-3.2-3B -> None requests
[2026-08-22 15:50:30.140 Model_Service_0] [PAPER-KV-V6] fetch Qwen/Qwen2.5-1.5B-Instruct -> None requests
[2026-08-22 15:50:30.144 Model_Service_2] [PAPER-KV-V6] fetch Qwen/Qwen2.5-7B-Instruct -> None requests
[2026-08-22 15:50:30.148 Model_Service_5] [PAPER-KV-V6] fetch meta-llama/Llama-3.2-3B -> None requests
[2026-08-22 15:50:30.150 Model_Service_0] [PAPER-KV-V6] fetch Qwen/Qwen2.5-1.5B-Instruct -> None requests
[2026-08-22 15:50:30.154 Model_Service_2] [PAPER-KV-V6] fetch Qwen/Qwen2.5-7B-Instruct -> None requests
[2026-08-22 15:50:30.158 Model_Service_5] [PAPER-KV-V6] fetch meta-llama/Llama-3.2-3B -> None requests
[2026-08-22 15:50:30.160 Model_Service_0] [PAPER-KV-V6] fetch Qwen/Qwen2.5-1.5B-Instruct -> None requests
[2026-08-22 15:50:30.164 Model_Service_2] [PAPER-KV-V6] fetch Qwen/Qwen2.5-7B-Instruct -> None requests
[2026-08-22 15:50:30.168 Model_Service_5] [PAPER-KV-V6] fetch meta-llama/Llama-3.2-3B -> None requests
[2026-08-22 15:50:30.175 Model_Service_2] [PAPER-KV-V6] fetch Qwen/Qwen2.5-7B-Instruct -> None requests
[2026-08-22 15:50:30.179 Model_Service_5] [PAPER-KV-V6] fetch meta-llama/Llama-3.2-3B -> None requests
[2026-08-22 15:50:30.185 Model_Service_2] [PAPER-KV-V6] fetch Qwen/Qwen2.5-7B-Instruct -> None requests
[2026-08-22 15:50:30.189 Model_Service_5] [PAPER-KV-V6] fetch meta-llama/Llama-3.2-3B -> None requests
[2026-08-22 15:50:30.195 Model_Service_2] [PAPER-KV-V6] fetch Qwen/Qwen2.5-7B-Instruct -> None requests
[2026-08-22 15:50:30.199 Model_Service_5] [PAPER-KV-V6] fetch meta-llama/Llama-3.2-3B -> None requests
[2026-08-22 15:50:30.205 Model_Service_2] [PAPER-KV-V6] fetch Qwen/Qwen2.5-7B-Instruct -> None requests
[2026-08-22 15:50:30.209 Model_Service_5] [PAPER-KV-V6] fetch meta-llama/Llama-3.2-3B -> None requests
[2026-08-22 15:50:30.215 Model_Service_2] [PAPER-KV-V6] fetch Qwen/Qwen2.5-7B-Instruct -> None requests
[2026-08-22 15:50:30.219 Model_Service_5] [PAPER-KV-V6] fetch meta-llama/Llama-3.2-3B -> None requests
[2026-08-22 15:50:30.226 Model_Service_2] [PAPER-KV-V6] fetch Qwen/Qwen2.5-7B-Instruct -> None requests
[2026-08-22 15:50:30.229 Model_Service_5] [PAPER-KV-V6] fetch meta-llama/Llama-3.2-3B -> None requests
[2026-08-22 15:50:30.236 Model_Service_2] [PAPER-KV-V6] fetch Qwen/Qwen2.5-7B-Instruct -> None requests
[2026-08-22 15:50:30.240 Model_Service_5] [PAPER-KV-V6] fetch meta-llama/Llama-3.2-3B -> None requests
[2026-08-22 15:50:30.246 Model_Service_2] [PAPER-KV-V6] fetch Qwen/Qwen2.5-7B-Instruct -> None requests
[2026-08-22 15:50:30.250 Model_Service_5] [PAPER-KV-V6] fetch meta-llama/Llama-3.2-3B -> None requests
[2026-08-22 15:50:30.256 Model_Service_2] [PAPER-KV-V6] fetch Qwen/Qwen2.5-7B-Instruct -> None requests
[2026-08-22 15:50:30.260 Model_Service_5] [PAPER-KV-V6] fetch meta-llama/Llama-3.2-3B -> None requests
[2026-08-22 15:50:30.267 Model_Service_2] [PAPER-KV-V6] fetch Qwen/Qwen2.5-7B-Instruct -> None requests
[2026-08-22 15:50:30.270 Model_Service_5] [PAPER-KV-V6] fetch meta-llama/Llama-3.2-3B -> None requests
[2026-08-22 15:50:30.277 Model_Service_2] [PAPER-KV-V6] fetch Qwen/Qwen2.5-7B-Instruct -> None requests
[2026-08-22 15:50:30.281 Model_Service_5] [PAPER-KV-V6] fetch meta-llama/Llama-3.2-3B -> None requests
[2026-08-22 15:50:30.287 Model_Service_2] [PAPER-KV-V6] fetch Qwen/Qwen2.5-7B-Instruct -> None requests
[2026-08-22 15:50:30.291 Model_Service_5] [PAPER-KV-V6] fetch meta-llama/Llama-3.2-3B -> None requests
[2026-08-22 15:50:30.297 Model_Service_2] [PAPER-KV-V6] fetch Qwen/Qwen2.5-7B-Instruct -> None requests
[2026-08-22 15:50:30.301 Model_Service_5] [PAPER-KV-V6] fetch meta-llama/Llama-3.2-3B -> None requests
[2026-08-22 15:50:30.307 Model_Service_2] [PAPER-KV-V6] fetch Qwen/Qwen2.5-7B-Instruct -> None requests
[2026-08-22 15:50:30.311 Model_Service_5] [PAPER-KV-V6] fetch meta-llama/Llama-3.2-3B -> None requests
[2026-08-22 15:50:30.318 Model_Service_2] [PAPER-KV-V6] fetch Qwen/Qwen2.5-7B-Instruct -> None requests
[2026-08-22 15:50:30.321 Model_Service_5] [PAPER-KV-V6] fetch meta-llama/Llama-3.2-3B -> None requests
[2026-08-22 15:50:30.328 Model_Service_2] [PAPER-KV-V6] fetch Qwen/Qwen2.5-7B-Instruct -> None requests
[2026-08-22 15:50:30.332 Model_Service_5] [PAPER-KV-V6] fetch meta-llama/Llama-3.2-3B -> None requests
[2026-08-22 15:50:30.338 Model_Service_2] [PAPER-KV-V6] fetch Qwen/Qwen2.5-7B-Instruct -> None requests
[2026-08-22 15:50:30.342 Model_Service_5] [PAPER-KV-V6] fetch meta-llama/Llama-3.2-3B -> None requests
[2026-08-22 15:50:30.348 Model_Service_2] [PAPER-KV-V6] fetch Qwen/Qwen2.5-7B-Instruct -> None requests
[2026-08-22 15:50:30.352 Model_Service_5] [PAPER-KV-V6] fetch meta-llama/Llama-3.2-3B -> None requests
[2026-08-22 15:50:30.359 Model_Service_2] [PAPER-KV-V6] fetch Qwen/Qwen2.5-7B-Instruct -> None requests
[2026-08-22 15:50:30.362 Model_Service_5] [PAPER-KV-V6] fetch meta-llama/Llama-3.2-3B -> None requests
[2026-08-22 15:50:30.369 Model_Service_2] [PAPER-KV-V6] fetch Qwen/Qwen2.5-7B-Instruct -> None requests
[2026-08-22 15:50:30.373 Model_Service_5] [PAPER-KV-V6] fetch meta-llama/Llama-3.2-3B -> None requests
[2026-08-22 15:50:30.379 Model_Service_2] [PAPER-KV-V6] fetch Qwen/Qwen2.5-7B-Instruct -> None requests
[2026-08-22 15:50:30.383 Model_Service_5] [PAPER-KV-V6] fetch meta-llama/Llama-3.2-3B -> None requests
[2026-08-22 15:50:30.389 Model_Service_2] [PAPER-KV-V6] fetch Qwen/Qwen2.5-7B-Instruct -> None requests
[2026-08-22 15:50:30.393 Model_Service_5] [PAPER-KV-V6] fetch meta-llama/Llama-3.2-3B -> None requests
[2026-08-22 15:50:30.400 Model_Service_2] [PAPER-KV-V6] fetch Qwen/Qwen2.5-7B-Instruct -> None requests
[2026-08-22 15:50:30.404 Model_Service_5] [PAPER-KV-V6] fetch meta-llama/Llama-3.2-3B -> None requests
[2026-08-22 15:50:30.410 Model_Service_2] [PAPER-KV-V6] fetch Qwen/Qwen2.5-7B-Instruct -> None requests
[2026-08-22 15:50:30.414 Model_Service_5] [PAPER-KV-V6] fetch meta-llama/Llama-3.2-3B -> None requests
[2026-08-22 15:50:30.421 Model_Service_2] [PAPER-KV-V6] fetch Qwen/Qwen2.5-7B-Instruct -> None requests
[2026-08-22 15:50:30.424 Model_Service_5] [PAPER-KV-V6] fetch meta-llama/Llama-3.2-3B -> None requests
[2026-08-22 15:50:30.432 Model_Service_2] [PAPER-KV-V6] fetch Qwen/Qwen2.5-7B-Instruct -> None requests
[2026-08-22 15:50:30.435 Model_Service_5] [PAPER-KV-V6] fetch meta-llama/Llama-3.2-3B -> None requests
[2026-08-22 15:50:30.442 Model_Service_2] [PAPER-KV-V6] fetch Qwen/Qwen2.5-7B-Instruct -> None requests
[2026-08-22 15:50:30.445 Model_Service_5] [PAPER-KV-V6] fetch meta-llama/Llama-3.2-3B -> None requests
[2026-08-22 15:50:30.452 Model_Service_2] [PAPER-KV-V6] fetch Qwen/Qwen2.5-7B-Instruct -> None requests
[2026-08-22 15:50:30.455 Model_Service_5] [PAPER-KV-V6] fetch meta-llama/Llama-3.2-3B -> None requests
[2026-08-22 15:50:30.463 Model_Service_2] [PAPER-KV-V6] fetch Qwen/Qwen2.5-7B-Instruct -> None requests
[2026-08-22 15:50:30.465 Model_Service_5] [PAPER-KV-V6] fetch meta-llama/Llama-3.2-3B -> None requests
[2026-08-22 15:50:30.473 Model_Service_2] [PAPER-KV-V6] fetch Qwen/Qwen2.5-7B-Instruct -> None requests
[2026-08-22 15:50:30.476 Model_Service_5] [PAPER-KV-V6] fetch meta-llama/Llama-3.2-3B -> None requests
[2026-08-22 15:50:30.483 Model_Service_2] [PAPER-KV-V6] fetch Qwen/Qwen2.5-7B-Instruct -> None requests
[2026-08-22 15:50:30.486 Model_Service_5] [PAPER-KV-V6] fetch meta-llama/Llama-3.2-3B -> None requests
[2026-08-22 15:50:30.493 Model_Service_2] [PAPER-KV-V6] fetch Qwen/Qwen2.5-7B-Instruct -> None requests
[2026-08-22 15:50:30.496 Model_Service_5] [PAPER-KV-V6] fetch meta-llama/Llama-3.2-3B -> None requests
[2026-08-22 15:50:30.504 Model_Service_2] [PAPER-KV-V6] fetch Qwen/Qwen2.5-7B-Instruct -> None requests
[2026-08-22 15:50:30.506 Model_Service_5] [PAPER-KV-V6] fetch meta-llama/Llama-3.2-3B -> None requests
[2026-08-22 15:50:30.514 Model_Service_2] [PAPER-KV-V6] fetch Qwen/Qwen2.5-7B-Instruct -> None requests
[2026-08-22 15:50:30.517 Model_Service_5] [PAPER-KV-V6] fetch meta-llama/Llama-3.2-3B -> None requests
[2026-08-22 15:50:30.524 Model_Service_2] [PAPER-KV-V6] fetch Qwen/Qwen2.5-7B-Instruct -> None requests
[2026-08-22 15:50:30.527 Model_Service_5] [PAPER-KV-V6] fetch meta-llama/Llama-3.2-3B -> None requests
[2026-08-22 15:50:30.535 Model_Service_2] [PAPER-KV-V6] fetch Qwen/Qwen2.5-7B-Instruct -> None requests
[2026-08-22 15:50:30.537 Model_Service_5] [PAPER-KV-V6] fetch meta-llama/Llama-3.2-3B -> None requests
[2026-08-22 15:50:30.545 Model_Service_2] [PAPER-KV-V6] fetch Qwen/Qwen2.5-7B-Instruct -> None requests
[2026-08-22 15:50:30.547 Model_Service_5] [PAPER-KV-V6] fetch meta-llama/Llama-3.2-3B -> None requests
[2026-08-22 15:50:30.555 Model_Service_2] [PAPER-KV-V6] fetch Qwen/Qwen2.5-7B-Instruct -> None requests
[2026-08-22 15:50:30.558 Model_Service_5] [PAPER-KV-V6] fetch meta-llama/Llama-3.2-3B -> None requests
[2026-08-22 15:50:30.565 Model_Service_2] [PAPER-KV-V6] fetch Qwen/Qwen2.5-7B-Instruct -> None requests
[2026-08-22 15:50:30.568 Model_Service_5] [PAPER-KV-V6] fetch meta-llama/Llama-3.2-3B -> None requests
[2026-08-22 15:50:30.576 Model_Service_2] [PAPER-KV-V6] fetch Qwen/Qwen2.5-7B-Instruct -> None requests
[2026-08-22 15:50:30.578 Model_Service_5] [PAPER-KV-V6] fetch meta-llama/Llama-3.2-3B -> None requests
[2026-08-22 15:50:30.586 Model_Service_2] [PAPER-KV-V6] fetch Qwen/Qwen2.5-7B-Instruct -> None requests
[2026-08-22 15:50:30.588 Model_Service_5] [PAPER-KV-V6] fetch meta-llama/Llama-3.2-3B -> None requests
[2026-08-22 15:50:30.596 Model_Service_2] [PAPER-KV-V6] fetch Qwen/Qwen2.5-7B-Instruct -> None requests
[2026-08-22 15:50:30.598 Model_Service_5] [PAPER-KV-V6] fetch meta-llama/Llama-3.2-3B -> None requests
[2026-08-22 15:50:30.607 Model_Service_2] [PAPER-KV-V6] fetch Qwen/Qwen2.5-7B-Instruct -> None requests
[2026-08-22 15:50:30.609 Model_Service_5] [PAPER-KV-V6] fetch meta-llama/Llama-3.2-3B -> None requests
[2026-08-22 15:50:30.617 Model_Service_2] [PAPER-KV-V6] fetch Qwen/Qwen2.5-7B-Instruct -> None requests
[2026-08-22 15:50:30.619 Model_Service_5] [PAPER-KV-V6] fetch meta-llama/Llama-3.2-3B -> None requests
[2026-08-22 15:50:30.627 Model_Service_2] [PAPER-KV-V6] fetch Qwen/Qwen2.5-7B-Instruct -> None requests
[2026-08-22 15:50:30.629 Model_Service_5] [PAPER-KV-V6] fetch meta-llama/Llama-3.2-3B -> None requests
[2026-08-22 15:50:30.638 Model_Service_2] [PAPER-KV-V6] fetch Qwen/Qwen2.5-7B-Instruct -> None requests
[2026-08-22 15:50:30.639 Model_Service_5] [PAPER-KV-V6] fetch meta-llama/Llama-3.2-3B -> None requests
[2026-08-22 15:50:30.648 Model_Service_2] [PAPER-KV-V6] fetch Qwen/Qwen2.5-7B-Instruct -> None requests
[2026-08-22 15:50:30.650 Model_Service_5] [PAPER-KV-V6] fetch meta-llama/Llama-3.2-3B -> None requests
[2026-08-22 15:50:30.658 Model_Service_2] [PAPER-KV-V6] fetch Qwen/Qwen2.5-7B-Instruct -> None requests
[2026-08-22 15:50:30.660 Model_Service_5] [PAPER-KV-V6] fetch meta-llama/Llama-3.2-3B -> None requests
[2026-08-22 15:50:30.668 Model_Service_2] [PAPER-KV-V6] fetch Qwen/Qwen2.5-7B-Instruct -> None requests
[2026-08-22 15:50:30.670 Model_Service_5] [PAPER-KV-V6] fetch meta-llama/Llama-3.2-3B -> None requests
[2026-08-22 15:50:30.679 Model_Service_2] [PAPER-KV-V6] fetch Qwen/Qwen2.5-7B-Instruct -> None requests
[2026-08-22 15:50:30.681 Model_Service_5] [PAPER-KV-V6] fetch meta-llama/Llama-3.2-3B -> None requests
[2026-08-22 15:50:30.689 Model_Service_2] [PAPER-KV-V6] fetch Qwen/Qwen2.5-7B-Instruct -> None requests
[2026-08-22 15:50:30.691 Model_Service_5] [PAPER-KV-V6] fetch meta-llama/Llama-3.2-3B -> None requests
[2026-08-22 15:50:30.699 Model_Service_2] [PAPER-KV-V6] fetch Qwen/Qwen2.5-7B-Instruct -> None requests
[2026-08-22 15:50:30.701 Model_Service_5] [PAPER-KV-V6] fetch meta-llama/Llama-3.2-3B -> None requests
[2026-08-22 15:50:30.710 Model_Service_2] [PAPER-KV-V6] fetch Qwen/Qwen2.5-7B-Instruct -> None requests
[2026-08-22 15:50:30.711 Model_Service_5] [PAPER-KV-V6] fetch meta-llama/Llama-3.2-3B -> None requests
[2026-08-22 15:50:30.720 Model_Service_2] [PAPER-KV-V6] fetch Qwen/Qwen2.5-7B-Instruct -> None requests
[2026-08-22 15:50:30.722 Model_Service_5] [PAPER-KV-V6] fetch meta-llama/Llama-3.2-3B -> None requests
[2026-08-22 15:50:30.730 Model_Service_2] [PAPER-KV-V6] fetch Qwen/Qwen2.5-7B-Instruct -> None requests
[2026-08-22 15:50:30.732 Model_Service_5] [PAPER-KV-V6] fetch meta-llama/Llama-3.2-3B -> None requests
[2026-08-22 15:50:30.741 Model_Service_2] [PAPER-KV-V6] fetch Qwen/Qwen2.5-7B-Instruct -> None requests
[2026-08-22 15:50:30.742 Model_Service_5] [PAPER-KV-V6] fetch meta-llama/Llama-3.2-3B -> None requests
[2026-08-22 15:50:30.751 Model_Service_2] [PAPER-KV-V6] fetch Qwen/Qwen2.5-7B-Instruct -> None requests
[2026-08-22 15:50:30.752 Model_Service_5] [PAPER-KV-V6] fetch meta-llama/Llama-3.2-3B -> None requests
[2026-08-22 15:50:30.761 Model_Service_2] [PAPER-KV-V6] fetch Qwen/Qwen2.5-7B-Instruct -> None requests
[2026-08-22 15:50:30.763 Model_Service_5] [PAPER-KV-V6] fetch meta-llama/Llama-3.2-3B -> None requests
[2026-08-22 15:50:30.771 Model_Service_2] [PAPER-KV-V6] fetch Qwen/Qwen2.5-7B-Instruct -> None requests
[2026-08-22 15:50:30.773 Model_Service_5] [PAPER-KV-V6] fetch meta-llama/Llama-3.2-3B -> None requests
[2026-08-22 15:50:30.782 Model_Service_2] [PAPER-KV-V6] fetch Qwen/Qwen2.5-7B-Instruct -> None requests
[2026-08-22 15:50:30.784 Model_Service_5] [PAPER-KV-V6] fetch meta-llama/Llama-3.2-3B -> None requests
[2026-08-22 15:50:30.792 Model_Service_2] [PAPER-KV-V6] fetch Qwen/Qwen2.5-7B-Instruct -> None requests
[2026-08-22 15:50:30.794 Model_Service_5] [PAPER-KV-V6] fetch meta-llama/Llama-3.2-3B -> None requests
[2026-08-22 15:50:30.802 Model_Service_2] [PAPER-KV-V6] fetch Qwen/Qwen2.5-7B-Instruct -> None requests
[2026-08-22 15:50:30.805 Model_Service_5] [PAPER-KV-V6] fetch meta-llama/Llama-3.2-3B -> None requests
[2026-08-22 15:50:30.807 Model_Service_1] Model service 1 input queue is empty, waiting for next request
[2026-08-22 15:50:30.812 Model_Service_2] [PAPER-KV-V6] fetch Qwen/Qwen2.5-7B-Instruct -> None requests
[2026-08-22 15:50:30.815 Model_Service_5] [PAPER-KV-V6] fetch meta-llama/Llama-3.2-3B -> None requests
[2026-08-22 15:50:30.823 Model_Service_2] [PAPER-KV-V6] fetch Qwen/Qwen2.5-7B-Instruct -> None requests
[2026-08-22 15:50:30.826 Model_Service_5] [PAPER-KV-V6] fetch meta-llama/Llama-3.2-3B -> None requests
[2026-08-22 15:50:30.833 Model_Service_2] [PAPER-KV-V6] fetch Qwen/Qwen2.5-7B-Instruct -> None requests
[2026-08-22 15:50:30.836 Model_Service_5] [PAPER-KV-V6] fetch meta-llama/Llama-3.2-3B -> None requests
[2026-08-22 15:50:30.843 Model_Service_2] [PAPER-KV-V6] fetch Qwen/Qwen2.5-7B-Instruct -> None requests
[2026-08-22 15:50:30.846 Model_Service_5] [PAPER-KV-V6] fetch meta-llama/Llama-3.2-3B -> None requests
[2026-08-22 15:50:30.854 Model_Service_2] [PAPER-KV-V6] fetch Qwen/Qwen2.5-7B-Instruct -> None requests
[2026-08-22 15:50:30.856 Model_Service_5] [PAPER-KV-V6] fetch meta-llama/Llama-3.2-3B -> None requests
[2026-08-22 15:50:30.864 Model_Service_2] [PAPER-KV-V6] fetch Qwen/Qwen2.5-7B-Instruct -> None requests
[2026-08-22 15:50:30.867 Model_Service_5] [PAPER-KV-V6] fetch meta-llama/Llama-3.2-3B -> None requests
[2026-08-22 15:50:30.874 Model_Service_2] [PAPER-KV-V6] fetch Qwen/Qwen2.5-7B-Instruct -> None requests
[2026-08-22 15:50:30.884 Model_Service_2] [PAPER-KV-V6] fetch Qwen/Qwen2.5-7B-Instruct -> None requests
[2026-08-22 15:50:30.895 Model_Service_2] [PAPER-KV-V6] fetch Qwen/Qwen2.5-7B-Instruct -> None requests
[2026-08-22 15:50:30.905 Model_Service_2] [PAPER-KV-V6] fetch Qwen/Qwen2.5-7B-Instruct -> None requests
[2026-08-22 15:50:30.915 Model_Service_2] [PAPER-KV-V6] fetch Qwen/Qwen2.5-7B-Instruct -> None requests
[2026-08-22 15:50:30.926 Model_Service_2] [PAPER-KV-V6] fetch Qwen/Qwen2.5-7B-Instruct -> None requests
[2026-08-22 15:50:30.936 Model_Service_2] [PAPER-KV-V6] fetch Qwen/Qwen2.5-7B-Instruct -> None requests
[2026-08-22 15:50:30.946 Model_Service_2] [PAPER-KV-V6] fetch Qwen/Qwen2.5-7B-Instruct -> None requests
[2026-08-22 15:50:30.956 Model_Service_2] [PAPER-KV-V6] fetch Qwen/Qwen2.5-7B-Instruct -> None requests
[2026-08-22 15:50:30.967 Model_Service_2] [PAPER-KV-V6] fetch Qwen/Qwen2.5-7B-Instruct -> None requests
[2026-08-22 15:50:30.977 Model_Service_2] [PAPER-KV-V6] fetch Qwen/Qwen2.5-7B-Instruct -> None requests
[2026-08-22 15:50:30.987 Model_Service_2] [PAPER-KV-V6] fetch Qwen/Qwen2.5-7B-Instruct -> None requests
[2026-08-22 15:50:30.997 Model_Service_2] [PAPER-KV-V6] fetch Qwen/Qwen2.5-7B-Instruct -> None requests
[2026-08-22 15:50:31.007 Model_Service_2] [PAPER-KV-V6] fetch Qwen/Qwen2.5-7B-Instruct -> None requests
[2026-08-22 15:50:31.018 Model_Service_2] [PAPER-KV-V6] fetch Qwen/Qwen2.5-7B-Instruct -> None requests
[2026-08-22 15:50:31.028 Model_Service_2] [PAPER-KV-V6] fetch Qwen/Qwen2.5-7B-Instruct -> None requests
[2026-08-22 15:50:31.038 Model_Service_2] [PAPER-KV-V6] fetch Qwen/Qwen2.5-7B-Instruct -> None requests
[2026-08-22 15:50:31.049 Model_Service_2] [PAPER-KV-V6] fetch Qwen/Qwen2.5-7B-Instruct -> None requests
[2026-08-22 15:50:31.059 Model_Service_2] [PAPER-KV-V6] fetch Qwen/Qwen2.5-7B-Instruct -> None requests
[2026-08-22 15:50:31.069 Model_Service_2] [PAPER-KV-V6] fetch Qwen/Qwen2.5-7B-Instruct -> None requests
[2026-08-22 15:50:31.079 Model_Service_2] [PAPER-KV-V6] fetch Qwen/Qwen2.5-7B-Instruct -> None requests
[2026-08-22 15:50:31.089 Model_Service_2] [PAPER-KV-V6] fetch Qwen/Qwen2.5-7B-Instruct -> None requests
[2026-08-22 15:50:31.100 Model_Service_2] [PAPER-KV-V6] fetch Qwen/Qwen2.5-7B-Instruct -> None requests
[2026-08-22 15:50:31.110 Model_Service_2] [PAPER-KV-V6] fetch Qwen/Qwen2.5-7B-Instruct -> None requests
[2026-08-22 15:50:31.120 Model_Service_2] [PAPER-KV-V6] fetch Qwen/Qwen2.5-7B-Instruct -> None requests
[2026-08-22 15:50:31.130 Model_Service_2] [PAPER-KV-V6] fetch Qwen/Qwen2.5-7B-Instruct -> None requests
[2026-08-22 15:50:31.141 Model_Service_2] [PAPER-KV-V6] fetch Qwen/Qwen2.5-7B-Instruct -> None requests
[2026-08-22 15:50:31.151 Model_Service_2] [PAPER-KV-V6] fetch Qwen/Qwen2.5-7B-Instruct -> None requests
[2026-08-22 15:50:31.161 Model_Service_2] [PAPER-KV-V6] fetch Qwen/Qwen2.5-7B-Instruct -> None requests
[2026-08-22 15:50:31.172 Model_Service_2] [PAPER-KV-V6] fetch Qwen/Qwen2.5-7B-Instruct -> None requests
[2026-08-22 15:50:31.182 Model_Service_2] [PAPER-KV-V6] fetch Qwen/Qwen2.5-7B-Instruct -> None requests
[2026-08-22 15:50:31.192 Model_Service_2] [PAPER-KV-V6] fetch Qwen/Qwen2.5-7B-Instruct -> None requests
[2026-08-22 15:50:31.202 Model_Service_2] [PAPER-KV-V6] fetch Qwen/Qwen2.5-7B-Instruct -> None requests
[2026-08-22 15:50:31.213 Model_Service_2] [PAPER-KV-V6] fetch Qwen/Qwen2.5-7B-Instruct -> None requests
[2026-08-22 15:50:31.223 Model_Service_2] [PAPER-KV-V6] fetch Qwen/Qwen2.5-7B-Instruct -> None requests
[2026-08-22 15:50:31.233 Model_Service_2] [PAPER-KV-V6] fetch Qwen/Qwen2.5-7B-Instruct -> None requests
[2026-08-22 15:50:31.244 Model_Service_2] [PAPER-KV-V6] fetch Qwen/Qwen2.5-7B-Instruct -> None requests
[2026-08-22 15:50:31.254 Model_Service_2] [PAPER-KV-V6] fetch Qwen/Qwen2.5-7B-Instruct -> None requests
[2026-08-22 15:50:31.264 Model_Service_2] [PAPER-KV-V6] fetch Qwen/Qwen2.5-7B-Instruct -> None requests
[2026-08-22 15:50:31.275 Model_Service_2] [PAPER-KV-V6] fetch Qwen/Qwen2.5-7B-Instruct -> None requests
[2026-08-22 15:50:31.285 Model_Service_2] [PAPER-KV-V6] fetch Qwen/Qwen2.5-7B-Instruct -> None requests
[2026-08-22 15:50:31.295 Model_Service_2] [PAPER-KV-V6] fetch Qwen/Qwen2.5-7B-Instruct -> None requests
[2026-08-22 15:50:31.306 Model_Service_2] [PAPER-KV-V6] fetch Qwen/Qwen2.5-7B-Instruct -> None requests
[2026-08-22 15:50:31.316 Model_Service_2] [PAPER-KV-V6] fetch Qwen/Qwen2.5-7B-Instruct -> None requests
[2026-08-22 15:50:31.326 Model_Service_2] [PAPER-KV-V6] fetch Qwen/Qwen2.5-7B-Instruct -> None requests
[2026-08-22 15:50:31.336 Model_Service_2] [PAPER-KV-V6] fetch Qwen/Qwen2.5-7B-Instruct -> None requests
[2026-08-22 15:50:31.347 Model_Service_2] [PAPER-KV-V6] fetch Qwen/Qwen2.5-7B-Instruct -> None requests
[2026-08-22 15:50:31.357 Model_Service_2] [PAPER-KV-V6] fetch Qwen/Qwen2.5-7B-Instruct -> None requests
[2026-08-22 15:50:31.367 Model_Service_2] [PAPER-KV-V6] fetch Qwen/Qwen2.5-7B-Instruct -> None requests
[2026-08-22 15:50:31.377 Model_Service_2] [PAPER-KV-V6] fetch Qwen/Qwen2.5-7B-Instruct -> None requests
[2026-08-22 15:50:31.388 Model_Service_2] [PAPER-KV-V6] fetch Qwen/Qwen2.5-7B-Instruct -> None requests
[2026-08-22 15:50:31.398 Model_Service_2] [PAPER-KV-V6] fetch Qwen/Qwen2.5-7B-Instruct -> None requests
[2026-08-22 15:50:31.408 Model_Service_2] [PAPER-KV-V6] fetch Qwen/Qwen2.5-7B-Instruct -> None requests
[2026-08-22 15:50:31.418 Model_Service_2] [PAPER-KV-V6] fetch Qwen/Qwen2.5-7B-Instruct -> None requests
[2026-08-22 15:50:31.429 Model_Service_2] [PAPER-KV-V6] fetch Qwen/Qwen2.5-7B-Instruct -> None requests
[2026-08-22 15:50:31.439 Model_Service_2] [PAPER-KV-V6] fetch Qwen/Qwen2.5-7B-Instruct -> None requests
[2026-08-22 15:50:31.449 Model_Service_2] [PAPER-KV-V6] fetch Qwen/Qwen2.5-7B-Instruct -> None requests
[2026-08-22 15:50:31.460 Model_Service_2] [PAPER-KV-V6] fetch Qwen/Qwen2.5-7B-Instruct -> None requests
[2026-08-22 15:50:31.470 Model_Service_2] [PAPER-KV-V6] fetch Qwen/Qwen2.5-7B-Instruct -> None requests
[2026-08-22 15:50:31.480 Model_Service_2] [PAPER-KV-V6] fetch Qwen/Qwen2.5-7B-Instruct -> None requests
[2026-08-22 15:50:31.491 Model_Service_2] [PAPER-KV-V6] fetch Qwen/Qwen2.5-7B-Instruct -> None requests
[2026-08-22 15:50:31.501 Model_Service_2] [PAPER-KV-V6] fetch Qwen/Qwen2.5-7B-Instruct -> None requests
[2026-08-22 15:50:31.511 Model_Service_2] [PAPER-KV-V6] fetch Qwen/Qwen2.5-7B-Instruct -> None requests
[2026-08-22 15:50:31.521 Model_Service_2] [PAPER-KV-V6] fetch Qwen/Qwen2.5-7B-Instruct -> None requests
[2026-08-22 15:50:31.532 Model_Service_2] [PAPER-KV-V6] fetch Qwen/Qwen2.5-7B-Instruct -> None requests
[2026-08-22 15:50:31.542 Model_Service_2] [PAPER-KV-V6] fetch Qwen/Qwen2.5-7B-Instruct -> None requests
[2026-08-22 15:50:31.552 Model_Service_2] [PAPER-KV-V6] fetch Qwen/Qwen2.5-7B-Instruct -> None requests
[2026-08-22 15:50:31.563 Model_Service_2] [PAPER-KV-V6] fetch Qwen/Qwen2.5-7B-Instruct -> None requests
[2026-08-22 15:50:31.573 Model_Service_2] [PAPER-KV-V6] fetch Qwen/Qwen2.5-7B-Instruct -> None requests
[2026-08-22 15:50:31.583 Model_Service_2] [PAPER-KV-V6] fetch Qwen/Qwen2.5-7B-Instruct -> None requests
[2026-08-22 15:50:31.594 Model_Service_2] [PAPER-KV-V6] fetch Qwen/Qwen2.5-7B-Instruct -> None requests
[2026-08-22 15:50:31.604 Model_Service_2] [PAPER-KV-V6] fetch Qwen/Qwen2.5-7B-Instruct -> None requests
[2026-08-22 15:50:31.614 Model_Service_2] [PAPER-KV-V6] fetch Qwen/Qwen2.5-7B-Instruct -> None requests
[2026-08-22 15:50:31.625 Model_Service_2] [PAPER-KV-V6] fetch Qwen/Qwen2.5-7B-Instruct -> None requests
[2026-08-22 15:50:31.635 Model_Service_2] [PAPER-KV-V6] fetch Qwen/Qwen2.5-7B-Instruct -> None requests
[2026-08-22 15:50:31.651 Model_Service_3] Model service 3 input queue is empty, waiting for next request
[2026-08-22 15:50:34.618 Model_Service_4] Model service 4 input queue is empty, waiting for next request
[2026-08-22 15:50:35.166 Model_Service_0] Model service 0 input queue is empty, waiting for next request
[2026-08-22 15:50:35.872 Model_Service_5] Model service 5 input queue is empty, waiting for next request
[2026-08-22 15:50:36.047 Model_Service_1] Model service 1 input queue is empty, waiting for next request
[2026-08-22 15:50:36.640 Model_Service_2] Model service 2 input queue is empty, waiting for next request
[2026-08-22 15:50:36.935 Model_Service_3] Model service 3 input queue is empty, waiting for next request
[2026-08-22 15:50:39.860 Model_Service_4] Model service 4 input queue is empty, waiting for next request
[2026-08-22 15:50:40.422 Model_Service_0] Model service 0 input queue is empty, waiting for next request
[2026-08-22 15:50:41.176 Model_Service_5] Model service 5 input queue is empty, waiting for next request
[2026-08-22 15:50:41.296 Model_Service_1] Model service 1 input queue is empty, waiting for next request
[2026-08-22 15:50:41.892 Model_Service_2] Model service 2 input queue is empty, waiting for next request
[2026-08-22 15:50:42.210 Model_Service_3] Model service 3 input queue is empty, waiting for next request
[2026-08-22 15:50:45.103 Model_Service_4] Model service 4 input queue is empty, waiting for next request
[2026-08-22 15:50:45.682 Model_Service_0] Model service 0 input queue is empty, waiting for next request
[2026-08-22 15:50:46.434 Model_Service_5] Model service 5 input queue is empty, waiting for next request
[2026-08-22 15:50:46.530 Model_Service_1] Model service 1 input queue is empty, waiting for next request
[2026-08-22 15:50:47.142 Model_Service_2] Model service 2 input queue is empty, waiting for next request
[2026-08-22 15:50:47.562 Model_Service_3] Model service 3 input queue is empty, waiting for next request
[2026-08-22 15:50:50.344 Model_Service_4] Model service 4 input queue is empty, waiting for next request
[2026-08-22 15:50:50.935 Model_Service_0] Model service 0 input queue is empty, waiting for next request
[2026-08-22 15:50:51.676 Model_Service_5] Model service 5 input queue is empty, waiting for next request
[2026-08-22 15:50:51.762 Model_Service_1] Model service 1 input queue is empty, waiting for next request
[2026-08-22 15:50:52.386 Model_Service_2] Model service 2 input queue is empty, waiting for next request
[2026-08-22 15:50:52.816 Model_Service_3] Model service 3 input queue is empty, waiting for next request
[2026-08-22 15:50:55.603 Model_Service_4] Model service 4 input queue is empty, waiting for next request
[2026-08-22 15:50:56.174 Model_Service_0] Model service 0 input queue is empty, waiting for next request
[2026-08-22 15:50:56.924 Model_Service_5] Model service 5 input queue is empty, waiting for next request
[2026-08-22 15:50:56.995 Model_Service_1] Model service 1 input queue is empty, waiting for next request
[2026-08-22 15:50:57.642 Model_Service_2] Model service 2 input queue is empty, waiting for next request
[2026-08-22 15:50:58.071 Model_Service_3] Model service 3 input queue is empty, waiting for next request
[2026-08-22 15:51:00.862 Model_Service_4] Model service 4 input queue is empty, waiting for next request
[2026-08-22 15:51:01.415 Model_Service_0] Model service 0 input queue is empty, waiting for next request
[2026-08-22 15:51:02.174 Model_Service_5] Model service 5 input queue is empty, waiting for next request
[2026-08-22 15:51:02.259 Model_Service_1] Model service 1 input queue is empty, waiting for next request
[2026-08-22 15:51:02.894 Model_Service_2] Model service 2 input queue is empty, waiting for next request
[2026-08-22 15:51:03.385 Model_Service_3] Model service 3 input queue is empty, waiting for next request
[2026-08-22 15:51:04.195 Model_Service_5] [PAPER-KV-V6] clear meta-llama/Llama-3.2-3B dropped=0
[2026-08-22 15:51:04.490 Model_Service_5] Model key: meta-llama/Llama-3.2-3B, engine id: 0_3, target gpu id: 0
[2026-08-22 15:51:05.072 Model_Service_5] [PAPER-LOAD-V4] {"tag": "meta-llama/Llama-3.2-3B|engine=0_3|src=1", "start_time": 1787413864.49356, "end_time": 1787413865.0723252, "policy": "paper", "split": 2, "pipeline_depth": null, "target_gpu": 0, "gpu_ids": [0, 1], "source": "gpu", "host_registered": true, "slices": 342, "payload_bytes": 7213504512, "bytes_h2d_direct": 0, "bytes_h2d_helper": 0, "bytes_p2p": 7213504512, "seconds": 0.5787632120773196, "payload_gbps": 12.463654153326377, "transfer_path": "gpu-to-gpu-p2p"}
[2026-08-22 15:51:05.332 Model_Service_5] Time taken to copy model to GPU 0, service 5, engine 0_3, model meta-llama/Llama-3.2-3B: 0.8417 seconds
[2026-08-22 15:51:06.118 Model_Service_4] Model service 4 input queue is empty, waiting for next request
[2026-08-22 15:51:06.298 Model_Service_5] [PAPER-KV-V6] relay-clone meta-llama/Llama-3.2-3B (10 requests)
[2026-08-22 15:51:06.298 Model_Service_5] [PAPER-KV-V6] stash meta-llama/Llama-3.2-3B from gpu 1 (10 requests)
[2026-08-22 15:51:06.655 Model_Service_0] Model service 0 input queue is empty, waiting for next request
[2026-08-22 15:51:06.803 Model_Service_5] [PAPER-LOAD-V4] release meta-llama/Llama-3.2-3B gpu 1 engine=1_1 held=0 held_engine=0_3 dropped=False
[2026-08-22 15:51:06.828 Model_Service_5] [PAPER-KV-V6] fetch meta-llama/Llama-3.2-3B -> 10 requests
[2026-08-22 15:51:07.501 Model_Service_1] Model service 1 input queue is empty, waiting for next request
[2026-08-22 15:51:08.149 Model_Service_2] Model service 2 input queue is empty, waiting for next request
[2026-08-22 15:51:08.645 Model_Service_3] Model service 3 input queue is empty, waiting for next request
[2026-08-22 15:51:11.451 Model_Service_4] Model service 4 input queue is empty, waiting for next request
[2026-08-22 15:51:11.838 Model_Service_5] Model service 5 input queue is empty, waiting for next request
[2026-08-22 15:51:11.919 Model_Service_0] Model service 0 input queue is empty, waiting for next request
[2026-08-22 15:51:12.730 Model_Service_1] Model service 1 input queue is empty, waiting for next request
[2026-08-22 15:51:13.413 Model_Service_2] Model service 2 input queue is empty, waiting for next request
[2026-08-22 15:51:13.891 Model_Service_3] Model service 3 input queue is empty, waiting for next request
[2026-08-22 15:51:16.698 Model_Service_4] Model service 4 input queue is empty, waiting for next request
[2026-08-22 15:51:17.107 Model_Service_5] Model service 5 input queue is empty, waiting for next request
[2026-08-22 15:51:17.175 Model_Service_0] Model service 0 input queue is empty, waiting for next request
[2026-08-22 15:51:17.965 Model_Service_1] Model service 1 input queue is empty, waiting for next request
[2026-08-22 15:51:18.666 Model_Service_2] Model service 2 input queue is empty, waiting for next request
[2026-08-22 15:51:19.141 Model_Service_3] Model service 3 input queue is empty, waiting for next request
[2026-08-22 15:51:21.948 Model_Service_4] Model service 4 input queue is empty, waiting for next request
[2026-08-22 15:51:22.418 Model_Service_0] Model service 0 input queue is empty, waiting for next request
[2026-08-22 15:51:22.466 Model_Service_5] Model service 5 input queue is empty, waiting for next request
[2026-08-22 15:51:23.212 Model_Service_1] Model service 1 input queue is empty, waiting for next request
[2026-08-22 15:51:23.906 Model_Service_2] Model service 2 input queue is empty, waiting for next request
[2026-08-22 15:51:24.427 Model_Service_3] Model service 3 input queue is empty, waiting for next request
[2026-08-22 15:51:27.204 Model_Service_4] Model service 4 input queue is empty, waiting for next request
[2026-08-22 15:51:27.664 Model_Service_0] Model service 0 input queue is empty, waiting for next request
[2026-08-22 15:51:27.725 Model_Service_5] Model service 5 input queue is empty, waiting for next request
[2026-08-22 15:51:28.513 Model_Service_1] Model service 1 input queue is empty, waiting for next request
[2026-08-22 15:51:29.182 Model_Service_2] Model service 2 input queue is empty, waiting for next request
[2026-08-22 15:51:29.731 Model_Service_3] Model service 3 input queue is empty, waiting for next request
[2026-08-22 15:51:32.454 Model_Service_4] Model service 4 input queue is empty, waiting for next request
[2026-08-22 15:51:32.962 Model_Service_0] Model service 0 input queue is empty, waiting for next request
[2026-08-22 15:51:33.014 Model_Service_5] Model service 5 input queue is empty, waiting for next request
[2026-08-22 15:51:33.759 Model_Service_1] Model service 1 input queue is empty, waiting for next request
[2026-08-22 15:51:34.474 Model_Service_2] Model service 2 input queue is empty, waiting for next request
[2026-08-22 15:51:34.793 Model_Service_4] [PAPER-KV-V6] clear meta-llama/Llama-3.2-1B dropped=0
[2026-08-22 15:51:34.970 Model_Service_3] Model service 3 input queue is empty, waiting for next request
[2026-08-22 15:51:35.058 Model_Service_4] Model key: meta-llama/Llama-3.2-1B, engine id: 1_3, target gpu id: 1
[2026-08-22 15:51:35.751 Model_Service_4] [PAPER-LOAD-V4] {"tag": "meta-llama/Llama-3.2-1B|engine=1_3|src=0", "start_time": 1787413895.0611644, "end_time": 1787413895.7511556, "policy": "paper", "split": 2, "pipeline_depth": null, "target_gpu": 1, "gpu_ids": [0, 1], "source": "gpu", "host_registered": true, "slices": 198, "payload_bytes": 2996965376, "bytes_h2d_direct": 0, "bytes_h2d_helper": 0, "bytes_p2p": 2996965376, "seconds": 0.6899887358304113, "payload_gbps": 4.34349898827422, "transfer_path": "gpu-to-gpu-p2p"}
[2026-08-22 15:51:36.135 Model_Service_4] Time taken to copy model to GPU 1, service 4, engine 1_3, model meta-llama/Llama-3.2-1B: 1.0765 seconds
[2026-08-22 15:51:37.498 Model_Service_4] [PAPER-KV-V6] relay-clone meta-llama/Llama-3.2-1B (14 requests)
[2026-08-22 15:51:37.498 Model_Service_4] [PAPER-KV-V6] stash meta-llama/Llama-3.2-1B from gpu 0 (14 requests)
[2026-08-22 15:51:37.867 Model_Service_4] [PAPER-LOAD-V4] release meta-llama/Llama-3.2-1B gpu 0 engine=0_0 held=1 held_engine=1_3 dropped=False
[2026-08-22 15:51:38.103 Model_Service_4] [PAPER-KV-V6] fetch meta-llama/Llama-3.2-1B -> 14 requests
[2026-08-22 15:51:38.238 Model_Service_0] Model service 0 input queue is empty, waiting for next request
[2026-08-22 15:51:38.326 Model_Service_5] Model service 5 input queue is empty, waiting for next request
[2026-08-22 15:51:38.994 Model_Service_1] Model service 1 input queue is empty, waiting for next request
[2026-08-22 15:51:39.736 Model_Service_2] Model service 2 input queue is empty, waiting for next request
[2026-08-22 15:51:40.392 Model_Service_3] Model service 3 input queue is empty, waiting for next request
[2026-08-22 15:51:43.108 Model_Service_4] Model service 4 input queue is empty, waiting for next request
[2026-08-22 15:51:43.475 Model_Service_0] Model service 0 input queue is empty, waiting for next request
[2026-08-22 15:51:43.567 Model_Service_5] Model service 5 input queue is empty, waiting for next request
[2026-08-22 15:51:44.238 Model_Service_1] Model service 1 input queue is empty, waiting for next request
[2026-08-22 15:51:44.983 Model_Service_2] Model service 2 input queue is empty, waiting for next request
[2026-08-22 15:51:45.669 Model_Service_3] Model service 3 input queue is empty, waiting for next request
[2026-08-22 15:51:48.451 Model_Service_4] Model service 4 input queue is empty, waiting for next request
[2026-08-22 15:51:48.726 Model_Service_0] Model service 0 input queue is empty, waiting for next request
[2026-08-22 15:51:48.870 Model_Service_5] Model service 5 input queue is empty, waiting for next request
[2026-08-22 15:51:49.482 Model_Service_1] Model service 1 input queue is empty, waiting for next request
[2026-08-22 15:51:50.229 Model_Service_2] Model service 2 input queue is empty, waiting for next request
[2026-08-22 15:51:50.932 Model_Service_3] Model service 3 input queue is empty, waiting for next request
[2026-08-22 15:51:53.729 Model_Service_4] Model service 4 input queue is empty, waiting for next request
[2026-08-22 15:51:53.970 Model_Service_0] Model service 0 input queue is empty, waiting for next request
[2026-08-22 15:51:54.195 Model_Service_5] Model service 5 input queue is empty, waiting for next request
[2026-08-22 15:51:54.723 Model_Service_1] Model service 1 input queue is empty, waiting for next request
[2026-08-22 15:51:55.655 Model_Service_2] Model service 2 input queue is empty, waiting for next request
[2026-08-22 15:51:56.227 Model_Service_3] Model service 3 input queue is empty, waiting for next request
[2026-08-22 15:51:59.052 Model_Service_4] Model service 4 input queue is empty, waiting for next request
[2026-08-22 15:51:59.224 Model_Service_0] Model service 0 input queue is empty, waiting for next request
[2026-08-22 15:51:59.429 Model_Service_5] Model service 5 input queue is empty, waiting for next request
[2026-08-22 15:51:59.954 Model_Service_1] Model service 1 input queue is empty, waiting for next request
[2026-08-22 15:52:00.902 Model_Service_2] Model service 2 input queue is empty, waiting for next request
[2026-08-22 15:52:01.467 Model_Service_3] Model service 3 input queue is empty, waiting for next request
[2026-08-22 15:52:04.310 Model_Service_4] Model service 4 input queue is empty, waiting for next request
[2026-08-22 15:52:04.470 Model_Service_0] Model service 0 input queue is empty, waiting for next request
[2026-08-22 15:52:04.703 Model_Service_5] Model service 5 input queue is empty, waiting for next request
[2026-08-22 15:52:05.202 Model_Service_1] Model service 1 input queue is empty, waiting for next request
[2026-08-22 15:52:06.121 Model_Service_1] [PAPER-KV-V6] clear Qwen/Qwen2.5-3B-Instruct dropped=0
[2026-08-22 15:52:06.138 Model_Service_2] Model service 2 input queue is empty, waiting for next request
[2026-08-22 15:52:06.296 Model_Service_1] Model key: Qwen/Qwen2.5-3B-Instruct, engine id: 1_1, target gpu id: 1
[2026-08-22 15:52:06.722 Model_Service_3] Model service 3 input queue is empty, waiting for next request
[2026-08-22 15:52:06.898 Model_Service_1] [PAPER-LOAD-V4] {"tag": "Qwen/Qwen2.5-3B-Instruct|engine=1_1|src=0", "start_time": 1787413926.2994869, "end_time": 1787413926.8986275, "policy": "paper", "split": 2, "pipeline_depth": null, "target_gpu": 1, "gpu_ids": [0, 1], "source": "gpu", "host_registered": true, "slices": 510, "payload_bytes": 6794207232, "bytes_h2d_direct": 0, "bytes_h2d_helper": 0, "bytes_p2p": 6794207232, "seconds": 0.5991391239222139, "payload_gbps": 11.339949204989809, "transfer_path": "gpu-to-gpu-p2p"}
[2026-08-22 15:52:07.143 Model_Service_1] Time taken to copy model to GPU 1, service 1, engine 1_1, model Qwen/Qwen2.5-3B-Instruct: 0.8469 seconds
[2026-08-22 15:52:07.716 Model_Service_2] [PAPER-KV-V6] relay-clone Qwen/Qwen2.5-7B-Instruct (0 requests)
[2026-08-22 15:52:07.716 Model_Service_2] [PAPER-KV-V6] stash Qwen/Qwen2.5-7B-Instruct from gpu 1 (0 requests)
[2026-08-22 15:52:07.718 Model_Service_1] [PAPER-KV-V6] relay-clone Qwen/Qwen2.5-3B-Instruct (0 requests)
[2026-08-22 15:52:07.718 Model_Service_1] [PAPER-KV-V6] stash Qwen/Qwen2.5-3B-Instruct from gpu 0 (0 requests)
[2026-08-22 15:52:08.173 Model_Service_2] [PAPER-LOAD-V4] release Qwen/Qwen2.5-7B-Instruct gpu 1 engine=1_2 held=1 held_engine=1_2 dropped=True
[2026-08-22 15:52:08.234 Model_Service_1] [PAPER-LOAD-V4] release Qwen/Qwen2.5-3B-Instruct gpu 0 engine=0_1 held=1 held_engine=1_1 dropped=False
[2026-08-22 15:52:08.342 Model_Service_1] [PAPER-KV-V6] fetch Qwen/Qwen2.5-3B-Instruct -> 0 requests
[2026-08-22 15:52:09.623 Model_Service_4] Model service 4 input queue is empty, waiting for next request
[2026-08-22 15:52:09.710 Model_Service_0] Model service 0 input queue is empty, waiting for next request
[2026-08-22 15:52:10.032 Model_Service_5] Model service 5 input queue is empty, waiting for next request
[2026-08-22 15:52:11.981 Model_Service_3] Model service 3 input queue is empty, waiting for next request
[2026-08-22 15:52:13.178 Model_Service_2] Model service 2 input queue is empty, waiting for next request
[2026-08-22 15:52:13.346 Model_Service_1] Model service 1 input queue is empty, waiting for next request
[2026-08-22 15:52:14.870 Model_Service_4] Model service 4 input queue is empty, waiting for next request
[2026-08-22 15:52:14.963 Model_Service_0] Model service 0 input queue is empty, waiting for next request
[2026-08-22 15:52:15.284 Model_Service_5] Model service 5 input queue is empty, waiting for next request
[2026-08-22 15:52:17.222 Model_Service_3] Model service 3 input queue is empty, waiting for next request
[2026-08-22 15:52:18.422 Model_Service_2] Model service 2 input queue is empty, waiting for next request
[2026-08-22 15:52:18.589 Model_Service_1] Model service 1 input queue is empty, waiting for next request
[2026-08-22 15:52:20.148 Model_Service_4] Model service 4 input queue is empty, waiting for next request
[2026-08-22 15:52:20.217 Model_Service_0] Model service 0 input queue is empty, waiting for next request
[2026-08-22 15:52:20.535 Model_Service_5] Model service 5 input queue is empty, waiting for next request
[2026-08-22 15:52:22.516 Model_Service_3] Model service 3 input queue is empty, waiting for next request
[2026-08-22 15:52:23.667 Model_Service_2] Model service 2 input queue is empty, waiting for next request
[2026-08-22 15:52:23.838 Model_Service_1] Model service 1 input queue is empty, waiting for next request
[2026-08-22 15:52:25.461 Model_Service_0] Model service 0 input queue is empty, waiting for next request
[2026-08-22 15:52:25.463 Model_Service_4] Model service 4 input queue is empty, waiting for next request
[2026-08-22 15:52:25.819 Model_Service_5] Model service 5 input queue is empty, waiting for next request
[2026-08-22 15:52:27.776 Model_Service_3] Model service 3 input queue is empty, waiting for next request
[2026-08-22 15:52:28.938 Model_Service_2] Model service 2 input queue is empty, waiting for next request
[2026-08-22 15:52:29.074 Model_Service_1] Model service 1 input queue is empty, waiting for next request
[2026-08-22 15:52:30.707 Model_Service_0] Model service 0 input queue is empty, waiting for next request
[2026-08-22 15:52:30.714 Model_Service_4] Model service 4 input queue is empty, waiting for next request
[2026-08-22 15:52:31.126 Model_Service_5] Model service 5 input queue is empty, waiting for next request
[2026-08-22 15:52:32.174 Model_Service_2] Model key: Qwen/Qwen2.5-7B-Instruct, engine id: 0_0, target gpu id: 0
[2026-08-22 15:52:32.939 Model_Service_2] [PAPER-LOAD-V4] {"tag": "Qwen/Qwen2.5-7B-Instruct|engine=0_0|src=None", "start_time": 1787413952.178144, "end_time": 1787413952.9393518, "policy": "paper", "split": 2, "pipeline_depth": null, "target_gpu": 0, "gpu_ids": [0, 1], "source": "cpu", "host_registered": true, "slices": 398, "payload_bytes": 15231233024, "bytes_h2d_direct": 7615616512, "bytes_h2d_helper": 7615616512, "bytes_p2p": 7615616512, "seconds": 0.7611976589541882, "payload_gbps": 20.009563672234933, "transfer_path": "host-to-device + helper-gpu-p2p"}
[2026-08-22 15:52:32.943 Model_Service_2] Time taken to copy model to GPU 0, service 2, engine 0_0, model Qwen/Qwen2.5-7B-Instruct: 0.7688 seconds
[2026-08-22 15:52:33.066 Model_Service_3] Model service 3 input queue is empty, waiting for next request
[2026-08-22 15:52:33.881 Model_Service_2] [PAPER-KV-V6] fetch Qwen/Qwen2.5-7B-Instruct -> 0 requests
[2026-08-22 15:52:34.317 Model_Service_1] Model service 1 input queue is empty, waiting for next request
[2026-08-22 15:52:35.946 Model_Service_0] Model service 0 input queue is empty, waiting for next request
[2026-08-22 15:52:36.000 Model_Service_4] Model service 4 input queue is empty, waiting for next request
[2026-08-22 15:52:36.358 Model_Service_5] Model service 5 input queue is empty, waiting for next request
[2026-08-22 15:52:36.597 Model_Service_5] [PAPER-KV-V6] clear meta-llama/Llama-3.2-3B dropped=0
[2026-08-22 15:52:36.770 Model_Service_5] Model key: meta-llama/Llama-3.2-3B, engine id: 1_2, target gpu id: 1
[2026-08-22 15:52:37.322 Model_Service_5] [PAPER-LOAD-V4] {"tag": "meta-llama/Llama-3.2-3B|engine=1_2|src=0", "start_time": 1787413956.7938159, "end_time": 1787413957.321237, "policy": "paper", "split": 2, "pipeline_depth": null, "target_gpu": 1, "gpu_ids": [0, 1], "source": "gpu", "host_registered": true, "slices": 342, "payload_bytes": 7213504512, "bytes_h2d_direct": 0, "bytes_h2d_helper": 0, "bytes_p2p": 7213504512, "seconds": 0.5274135158397257, "payload_gbps": 13.677132449886043, "transfer_path": "gpu-to-gpu-p2p"}
[2026-08-22 15:52:37.661 Model_Service_5] Time taken to copy model to GPU 1, service 5, engine 1_2, model meta-llama/Llama-3.2-3B: 0.8906 seconds
[2026-08-22 15:52:38.322 Model_Service_3] Model service 3 input queue is empty, waiting for next request
[2026-08-22 15:52:38.886 Model_Service_2] Model service 2 input queue is empty, waiting for next request
[2026-08-22 15:52:39.567 Model_Service_1] Model service 1 input queue is empty, waiting for next request
[2026-08-22 15:52:41.188 Model_Service_0] Model service 0 input queue is empty, waiting for next request
[2026-08-22 15:52:41.307 Model_Service_4] Model service 4 input queue is empty, waiting for next request
[2026-08-22 15:52:42.911 Model_Service_5] Model service 5 input queue is empty, waiting for next request
[2026-08-22 15:52:43.560 Model_Service_3] Model service 3 input queue is empty, waiting for next request
[2026-08-22 15:52:44.140 Model_Service_2] Model service 2 input queue is empty, waiting for next request
[2026-08-22 15:52:44.824 Model_Service_1] Model service 1 input queue is empty, waiting for next request
[2026-08-22 15:52:46.431 Model_Service_0] Model service 0 input queue is empty, waiting for next request
[2026-08-22 15:52:46.551 Model_Service_4] Model service 4 input queue is empty, waiting for next request
[2026-08-22 15:52:48.165 Model_Service_5] Model service 5 input queue is empty, waiting for next request
[2026-08-22 15:52:48.806 Model_Service_3] Model service 3 input queue is empty, waiting for next request
[2026-08-22 15:52:49.382 Model_Service_2] Model service 2 input queue is empty, waiting for next request
[2026-08-22 15:52:50.065 Model_Service_1] Model service 1 input queue is empty, waiting for next request
[2026-08-22 15:52:51.686 Model_Service_0] Model service 0 input queue is empty, waiting for next request
[2026-08-22 15:52:51.800 Model_Service_4] Model service 4 input queue is empty, waiting for next request
[2026-08-22 15:52:53.420 Model_Service_5] Model service 5 input queue is empty, waiting for next request
[2026-08-22 15:52:54.046 Model_Service_3] Model service 3 input queue is empty, waiting for next request
[2026-08-22 15:52:54.692 Model_Service_2] Model service 2 input queue is empty, waiting for next request
[2026-08-22 15:52:55.310 Model_Service_1] Model service 1 input queue is empty, waiting for next request
[2026-08-22 15:52:56.955 Model_Service_0] Model service 0 input queue is empty, waiting for next request
[2026-08-22 15:52:57.085 Model_Service_4] Model service 4 input queue is empty, waiting for next request
[2026-08-22 15:52:58.674 Model_Service_5] Model service 5 input queue is empty, waiting for next request
[2026-08-22 15:52:59.307 Model_Service_3] Model service 3 input queue is empty, waiting for next request
[2026-08-22 15:52:59.962 Model_Service_2] Model service 2 input queue is empty, waiting for next request
[2026-08-22 15:53:00.585 Model_Service_1] Model service 1 input queue is empty, waiting for next request
[2026-08-22 15:53:02.204 Model_Service_0] Model service 0 input queue is empty, waiting for next request
[2026-08-22 15:53:02.404 Model_Service_4] Model service 4 input queue is empty, waiting for next request
[2026-08-22 15:53:03.943 Model_Service_5] Model service 5 input queue is empty, waiting for next request
[2026-08-22 15:53:04.566 Model_Service_3] Model service 3 input queue is empty, waiting for next request
[2026-08-22 15:53:05.208 Model_Service_2] Model service 2 input queue is empty, waiting for next request
[2026-08-22 15:53:05.829 Model_Service_1] Model service 1 input queue is empty, waiting for next request
[2026-08-22 15:53:07.447 Model_Service_0] Model service 0 input queue is empty, waiting for next request
[2026-08-22 15:53:07.655 Model_Service_4] Model service 4 input queue is empty, waiting for next request
[2026-08-22 15:53:09.241 Model_Service_5] Model service 5 input queue is empty, waiting for next request
[2026-08-22 15:53:09.802 Model_Service_3] Model service 3 input queue is empty, waiting for next request
[2026-08-22 15:53:10.466 Model_Service_2] Model service 2 input queue is empty, waiting for next request
[2026-08-22 15:53:11.073 Model_Service_1] Model service 1 input queue is empty, waiting for next request
[2026-08-22 15:53:12.691 Model_Service_0] Model service 0 input queue is empty, waiting for next request
[2026-08-22 15:53:12.902 Model_Service_4] Model service 4 input queue is empty, waiting for next request
[2026-08-22 15:53:14.507 Model_Service_5] Model service 5 input queue is empty, waiting for next request
[2026-08-22 15:53:15.034 Model_Service_3] Model service 3 input queue is empty, waiting for next request
[2026-08-22 15:53:15.740 Model_Service_2] Model service 2 input queue is empty, waiting for next request
[2026-08-22 15:53:16.316 Model_Service_1] Model service 1 input queue is empty, waiting for next request
[2026-08-22 15:53:17.938 Model_Service_0] Model service 0 input queue is empty, waiting for next request
[2026-08-22 15:53:18.158 Model_Service_4] Model service 4 input queue is empty, waiting for next request
[2026-08-22 15:53:19.753 Model_Service_5] Model service 5 input queue is empty, waiting for next request
[2026-08-22 15:53:20.324 Model_Service_3] Model service 3 input queue is empty, waiting for next request
[2026-08-22 15:53:21.038 Model_Service_2] Model service 2 input queue is empty, waiting for next request
[2026-08-22 15:53:21.550 Model_Service_1] Model service 1 input queue is empty, waiting for next request
[2026-08-22 15:53:23.226 Model_Service_0] Model service 0 input queue is empty, waiting for next request
[2026-08-22 15:53:23.427 Model_Service_4] Model service 4 input queue is empty, waiting for next request
[2026-08-22 15:53:25.014 Model_Service_5] Model service 5 input queue is empty, waiting for next request
[2026-08-22 15:53:25.557 Model_Service_3] Model service 3 input queue is empty, waiting for next request
[2026-08-22 15:53:26.284 Model_Service_2] Model service 2 input queue is empty, waiting for next request
[2026-08-22 15:53:26.833 Model_Service_1] Model service 1 input queue is empty, waiting for next request
[2026-08-22 15:53:28.483 Model_Service_0] Model service 0 input queue is empty, waiting for next request
[2026-08-22 15:53:28.723 Model_Service_4] Model service 4 input queue is empty, waiting for next request
[2026-08-22 15:53:30.260 Model_Service_5] Model service 5 input queue is empty, waiting for next request
[2026-08-22 15:53:30.813 Model_Service_3] Model service 3 input queue is empty, waiting for next request
[2026-08-22 15:53:31.528 Model_Service_2] Model service 2 input queue is empty, waiting for next request
[2026-08-22 15:53:32.101 Model_Service_1] Model service 1 input queue is empty, waiting for next request
[2026-08-22 15:53:33.750 Model_Service_0] Model service 0 input queue is empty, waiting for next request
[2026-08-22 15:53:33.969 Model_Service_4] Model service 4 input queue is empty, waiting for next request
[2026-08-22 15:53:35.506 Model_Service_5] Model service 5 input queue is empty, waiting for next request
[2026-08-22 15:53:36.049 Model_Service_3] Model service 3 input queue is empty, waiting for next request
[2026-08-22 15:53:36.771 Model_Service_2] Model service 2 input queue is empty, waiting for next request
[2026-08-22 15:53:37.346 Model_Service_1] Model service 1 input queue is empty, waiting for next request
[2026-08-22 15:53:38.998 Model_Service_0] Model service 0 input queue is empty, waiting for next request
[2026-08-22 15:53:39.232 Model_Service_4] Model service 4 input queue is empty, waiting for next request
[2026-08-22 15:53:40.794 Model_Service_5] Model service 5 input queue is empty, waiting for next request
[2026-08-22 15:53:41.297 Model_Service_3] Model service 3 input queue is empty, waiting for next request
[2026-08-22 15:53:42.065 Model_Service_2] Model service 2 input queue is empty, waiting for next request
[2026-08-22 15:53:42.590 Model_Service_1] Model service 1 input queue is empty, waiting for next request
[2026-08-22 15:53:44.246 Model_Service_0] Model service 0 input queue is empty, waiting for next request
[2026-08-22 15:53:44.505 Model_Service_4] Model service 4 input queue is empty, waiting for next request
[2026-08-22 15:53:46.042 Model_Service_5] Model service 5 input queue is empty, waiting for next request
[2026-08-22 15:53:46.567 Model_Service_3] Model service 3 input queue is empty, waiting for next request
[2026-08-22 15:53:47.384 Model_Service_2] Model service 2 input queue is empty, waiting for next request
[2026-08-22 15:53:47.830 Model_Service_1] Model service 1 input queue is empty, waiting for next request
[2026-08-22 15:53:49.497 Model_Service_0] Model service 0 input queue is empty, waiting for next request
[2026-08-22 15:53:49.785 Model_Service_4] Model service 4 input queue is empty, waiting for next request
[2026-08-22 15:53:51.346 Model_Service_5] Model service 5 input queue is empty, waiting for next request
[2026-08-22 15:53:51.802 Model_Service_3] Model service 3 input queue is empty, waiting for next request
[2026-08-22 15:53:52.618 Model_Service_2] Model service 2 input queue is empty, waiting for next request
[2026-08-22 15:53:53.066 Model_Service_1] Model service 1 input queue is empty, waiting for next request
[2026-08-22 15:53:54.739 Model_Service_0] Model service 0 input queue is empty, waiting for next request
[2026-08-22 15:53:55.083 Model_Service_4] Model service 4 input queue is empty, waiting for next request
[2026-08-22 15:53:56.593 Model_Service_5] Model service 5 input queue is empty, waiting for next request
[2026-08-22 15:53:57.042 Model_Service_3] Model service 3 input queue is empty, waiting for next request
[2026-08-22 15:53:57.867 Model_Service_2] Model service 2 input queue is empty, waiting for next request
[2026-08-22 15:53:58.306 Model_Service_1] Model service 1 input queue is empty, waiting for next request
[2026-08-22 15:53:59.981 Model_Service_0] Model service 0 input queue is empty, waiting for next request
[2026-08-22 15:54:00.342 Model_Service_4] Model service 4 input queue is empty, waiting for next request
[2026-08-22 15:54:01.844 Model_Service_5] Model service 5 input queue is empty, waiting for next request
[2026-08-22 15:54:02.305 Model_Service_3] Model service 3 input queue is empty, waiting for next request
[2026-08-22 15:54:03.112 Model_Service_2] Model service 2 input queue is empty, waiting for next request
[2026-08-22 15:54:03.554 Model_Service_1] Model service 1 input queue is empty, waiting for next request
[2026-08-22 15:54:05.227 Model_Service_0] Model service 0 input queue is empty, waiting for next request
[2026-08-22 15:54:05.598 Model_Service_4] Model service 4 input queue is empty, waiting for next request
[2026-08-22 15:54:07.101 Model_Service_5] Model service 5 input queue is empty, waiting for next request
[2026-08-22 15:54:07.547 Model_Service_3] Model service 3 input queue is empty, waiting for next request
[2026-08-22 15:54:08.355 Model_Service_2] Model service 2 input queue is empty, waiting for next request
[2026-08-22 15:54:08.796 Model_Service_1] Model service 1 input queue is empty, waiting for next request
[2026-08-22 15:54:10.469 Model_Service_0] Model service 0 input queue is empty, waiting for next request
[2026-08-22 15:54:10.860 Model_Service_4] Model service 4 input queue is empty, waiting for next request
[2026-08-22 15:54:12.355 Model_Service_5] Model service 5 input queue is empty, waiting for next request
[2026-08-22 15:54:12.786 Model_Service_3] Model service 3 input queue is empty, waiting for next request
[2026-08-22 15:54:13.627 Model_Service_2] Model service 2 input queue is empty, waiting for next request
[2026-08-22 15:54:14.038 Model_Service_1] Model service 1 input queue is empty, waiting for next request
[2026-08-22 15:54:15.709 Model_Service_0] Model service 0 input queue is empty, waiting for next request
[2026-08-22 15:54:16.114 Model_Service_4] Model service 4 input queue is empty, waiting for next request
[2026-08-22 15:54:17.598 Model_Service_5] Model service 5 input queue is empty, waiting for next request
[2026-08-22 15:54:18.027 Model_Service_3] Model service 3 input queue is empty, waiting for next request
[2026-08-22 15:54:18.876 Model_Service_2] Model service 2 input queue is empty, waiting for next request
[2026-08-22 15:54:19.284 Model_Service_1] Model service 1 input queue is empty, waiting for next request
[2026-08-22 15:54:20.952 Model_Service_0] Model service 0 input queue is empty, waiting for next request
[2026-08-22 15:54:21.397 Model_Service_4] Model service 4 input queue is empty, waiting for next request
[2026-08-22 15:54:22.868 Model_Service_5] Model service 5 input queue is empty, waiting for next request
[2026-08-22 15:54:23.322 Model_Service_3] Model service 3 input queue is empty, waiting for next request
[2026-08-22 15:54:24.174 Model_Service_2] Model service 2 input queue is empty, waiting for next request
[2026-08-22 15:54:24.530 Model_Service_1] Model service 1 input queue is empty, waiting for next request
[2026-08-22 15:54:26.198 Model_Service_0] Model service 0 input queue is empty, waiting for next request
[2026-08-22 15:54:26.661 Model_Service_4] Model service 4 input queue is empty, waiting for next request
[2026-08-22 15:54:28.122 Model_Service_5] Model service 5 input queue is empty, waiting for next request
[2026-08-22 15:54:28.555 Model_Service_3] Model service 3 input queue is empty, waiting for next request
[2026-08-22 15:54:29.418 Model_Service_2] Model service 2 input queue is empty, waiting for next request
[2026-08-22 15:54:29.774 Model_Service_1] Model service 1 input queue is empty, waiting for next request
[2026-08-22 15:54:31.447 Model_Service_0] Model service 0 input queue is empty, waiting for next request
[2026-08-22 15:54:31.942 Model_Service_4] Model service 4 input queue is empty, waiting for next request
[2026-08-22 15:54:33.408 Model_Service_5] Model service 5 input queue is empty, waiting for next request
[2026-08-22 15:54:33.816 Model_Service_3] Model service 3 input queue is empty, waiting for next request
[2026-08-22 15:54:34.660 Model_Service_2] Model service 2 input queue is empty, waiting for next request
[2026-08-22 15:54:35.019 Model_Service_1] Model service 1 input queue is empty, waiting for next request
[2026-08-22 15:54:36.682 Model_Service_0] Model service 0 input queue is empty, waiting for next request
[2026-08-22 15:54:37.189 Model_Service_4] Model service 4 input queue is empty, waiting for next request
[2026-08-22 15:54:38.685 Model_Service_5] Model service 5 input queue is empty, waiting for next request
[2026-08-22 15:54:39.054 Model_Service_3] Model service 3 input queue is empty, waiting for next request
[2026-08-22 15:54:39.902 Model_Service_2] Model service 2 input queue is empty, waiting for next request
[2026-08-22 15:54:40.254 Model_Service_1] Model service 1 input queue is empty, waiting for next request
[2026-08-22 15:54:41.927 Model_Service_0] Model service 0 input queue is empty, waiting for next request
[2026-08-22 15:54:42.434 Model_Service_4] Model service 4 input queue is empty, waiting for next request
[2026-08-22 15:54:43.936 Model_Service_5] Model service 5 input queue is empty, waiting for next request
[2026-08-22 15:54:44.290 Model_Service_3] Model service 3 input queue is empty, waiting for next request
[2026-08-22 15:54:45.158 Model_Service_2] Model service 2 input queue is empty, waiting for next request
[2026-08-22 15:54:45.503 Model_Service_1] Model service 1 input queue is empty, waiting for next request
[2026-08-22 15:54:47.174 Model_Service_0] Model service 0 input queue is empty, waiting for next request
[2026-08-22 15:54:47.680 Model_Service_4] Model service 4 input queue is empty, waiting for next request
[2026-08-22 15:54:49.183 Model_Service_5] Model service 5 input queue is empty, waiting for next request
[2026-08-22 15:54:49.543 Model_Service_3] Model service 3 input queue is empty, waiting for next request
[2026-08-22 15:54:50.407 Model_Service_2] Model service 2 input queue is empty, waiting for next request
[2026-08-22 15:54:50.742 Model_Service_1] Model service 1 input queue is empty, waiting for next request
[2026-08-22 15:54:52.418 Model_Service_0] Model service 0 input queue is empty, waiting for next request
[2026-08-22 15:54:52.926 Model_Service_4] Model service 4 input queue is empty, waiting for next request
[2026-08-22 15:54:54.433 Model_Service_5] Model service 5 input queue is empty, waiting for next request
[2026-08-22 15:54:54.781 Model_Service_3] Model service 3 input queue is empty, waiting for next request
[2026-08-22 15:54:55.670 Model_Service_2] Model service 2 input queue is empty, waiting for next request
[2026-08-22 15:54:55.983 Model_Service_1] Model service 1 input queue is empty, waiting for next request
[2026-08-22 15:54:57.663 Model_Service_0] Model service 0 input queue is empty, waiting for next request
[2026-08-22 15:54:58.169 Model_Service_4] Model service 4 input queue is empty, waiting for next request
[2026-08-22 15:54:59.680 Model_Service_5] Model service 5 input queue is empty, waiting for next request
[2026-08-22 15:55:00.028 Model_Service_3] Model service 3 input queue is empty, waiting for next request
[2026-08-22 15:55:00.930 Model_Service_2] Model service 2 input queue is empty, waiting for next request
[2026-08-22 15:55:01.222 Model_Service_1] Model service 1 input queue is empty, waiting for next request
[2026-08-22 15:55:02.910 Model_Service_0] Model service 0 input queue is empty, waiting for next request
[2026-08-22 15:55:03.455 Model_Service_4] Model service 4 input queue is empty, waiting for next request
[2026-08-22 15:55:04.926 Model_Service_5] Model service 5 input queue is empty, waiting for next request
[2026-08-22 15:55:05.264 Model_Service_3] Model service 3 input queue is empty, waiting for next request
[2026-08-22 15:55:06.173 Model_Service_2] Model service 2 input queue is empty, waiting for next request
[2026-08-22 15:55:06.458 Model_Service_1] Model service 1 input queue is empty, waiting for next request
[2026-08-22 15:55:08.183 Model_Service_0] Model service 0 input queue is empty, waiting for next request
[2026-08-22 15:55:08.699 Model_Service_4] Model service 4 input queue is empty, waiting for next request
[2026-08-22 15:55:10.167 Model_Service_5] Model service 5 input queue is empty, waiting for next request
[2026-08-22 15:55:10.501 Model_Service_3] Model service 3 input queue is empty, waiting for next request
[2026-08-22 15:55:11.475 Model_Service_2] Model service 2 input queue is empty, waiting for next request
[2026-08-22 15:55:11.709 Model_Service_1] Model service 1 input queue is empty, waiting for next request
[2026-08-22 15:55:13.450 Model_Service_0] Model service 0 input queue is empty, waiting for next request
[2026-08-22 15:55:14.003 Model_Service_4] Model service 4 input queue is empty, waiting for next request
[2026-08-22 15:55:15.438 Model_Service_5] Model service 5 input queue is empty, waiting for next request
[2026-08-22 15:55:15.774 Model_Service_3] Model service 3 input queue is empty, waiting for next request
[2026-08-22 15:55:16.718 Model_Service_2] Model service 2 input queue is empty, waiting for next request
[2026-08-22 15:55:17.038 Model_Service_1] Model service 1 input queue is empty, waiting for next request
[2026-08-22 15:55:18.694 Model_Service_0] Model service 0 input queue is empty, waiting for next request
[2026-08-22 15:55:19.249 Model_Service_4] Model service 4 input queue is empty, waiting for next request
[2026-08-22 15:55:20.694 Model_Service_5] Model service 5 input queue is empty, waiting for next request
[2026-08-22 15:55:21.037 Model_Service_3] Model service 3 input queue is empty, waiting for next request
[2026-08-22 15:55:21.962 Model_Service_2] Model service 2 input queue is empty, waiting for next request
[2026-08-22 15:55:22.274 Model_Service_1] Model service 1 input queue is empty, waiting for next request
[2026-08-22 15:55:23.938 Model_Service_0] Model service 0 input queue is empty, waiting for next request
[2026-08-22 15:55:24.493 Model_Service_4] Model service 4 input queue is empty, waiting for next request
[2026-08-22 15:55:25.944 Model_Service_5] Model service 5 input queue is empty, waiting for next request
[2026-08-22 15:55:26.275 Model_Service_3] Model service 3 input queue is empty, waiting for next request
[2026-08-22 15:55:27.210 Model_Service_2] Model service 2 input queue is empty, waiting for next request
[2026-08-22 15:55:27.531 Model_Service_1] Model service 1 input queue is empty, waiting for next request
[2026-08-22 15:55:29.182 Model_Service_0] Model service 0 input queue is empty, waiting for next request
[2026-08-22 15:55:29.745 Model_Service_4] Model service 4 input queue is empty, waiting for next request
[2026-08-22 15:55:31.243 Model_Service_5] Model service 5 input queue is empty, waiting for next request
[2026-08-22 15:55:31.515 Model_Service_3] Model service 3 input queue is empty, waiting for next request
[2026-08-22 15:55:32.454 Model_Service_2] Model service 2 input queue is empty, waiting for next request
[2026-08-22 15:55:32.774 Model_Service_1] Model service 1 input queue is empty, waiting for next request
[2026-08-22 15:55:34.426 Model_Service_0] Model service 0 input queue is empty, waiting for next request
[2026-08-22 15:55:34.994 Model_Service_4] Model service 4 input queue is empty, waiting for next request
[2026-08-22 15:55:36.498 Model_Service_5] Model service 5 input queue is empty, waiting for next request
[2026-08-22 15:55:36.791 Model_Service_3] Model service 3 input queue is empty, waiting for next request
[2026-08-22 15:55:37.700 Model_Service_2] Model service 2 input queue is empty, waiting for next request
[2026-08-22 15:55:38.017 Model_Service_1] Model service 1 input queue is empty, waiting for next request
[2026-08-22 15:55:39.679 Model_Service_0] Model service 0 input queue is empty, waiting for next request
[2026-08-22 15:55:40.241 Model_Service_4] Model service 4 input queue is empty, waiting for next request
[2026-08-22 15:55:41.748 Model_Service_5] Model service 5 input queue is empty, waiting for next request
[2026-08-22 15:55:42.072 Model_Service_3] Model service 3 input queue is empty, waiting for next request
[2026-08-22 15:55:42.943 Model_Service_2] Model service 2 input queue is empty, waiting for next request
[2026-08-22 15:55:43.258 Model_Service_1] Model service 1 input queue is empty, waiting for next request
[2026-08-22 15:55:44.921 Model_Service_0] Model service 0 input queue is empty, waiting for next request
[2026-08-22 15:55:45.488 Model_Service_4] Model service 4 input queue is empty, waiting for next request
[2026-08-22 15:55:47.014 Model_Service_5] Model service 5 input queue is empty, waiting for next request
[2026-08-22 15:55:47.314 Model_Service_3] Model service 3 input queue is empty, waiting for next request
