arm,cond,cycle,timestamp,rate_window_s,current_shape,plan_shape,plan_id,plan_changed,convergence_gap,cooldown_active,decision,reason,kvpr0,kvpr1,peak_kvpr
cooldown30,steady8s1,1,1787607886.452763,30.0,2+2,1+3,"(('model_3', 1), ('model_4', 0), ('model_5', 0), ('model_6', 0))",False,1,False,MIGRATE,literal line-8 absolute delta exceeds tau,0.000417954635885353,0.00149757812289336,0.00149757812289336
cooldown30,steady8s1,2,1787607891.6619616,30.0,1+3,2+2,"(('model_3', 1), ('model_4', 1), ('model_5', 0), ('model_6', 0))",False,1,True,,migration cooldown active,0.016711471065455532,0.005796734219332193,0.016711471065455532
cooldown30,steady8s1,3,1787607896.6653106,30.0,1+3,2+2,"(('model_3', 1), ('model_4', 1), ('model_5', 0), ('model_6', 0))",False,1,True,,migration cooldown active,0.05581612939701999,0.02646786116634258,0.05581612939701999
cooldown30,steady8s1,4,1787607901.671678,30.0,1+3,2+2,"(('model_3', 1), ('model_4', 0), ('model_5', 0), ('model_6', 1))",False,1,True,,migration cooldown active,0.065543487837252,0.01536880788307862,0.065543487837252
cooldown30,steady8s1,5,1787607906.6784513,30.0,1+3,2+2,"(('model_3', 1), ('model_4', 0), ('model_5', 0), ('model_6', 1))",False,1,True,,migration cooldown active,0.102496282008909,0.01917003669310741,0.102496282008909
cooldown30,steady8s1,6,1787607911.7220292,30.0,1+3,2+2,"(('model_3', 1), ('model_4', 0), ('model_5', 0), ('model_6', 1))",False,1,True,,migration cooldown active,0.12209124014769539,0.04365235693635272,0.12209124014769539
cooldown30,steady8s1,7,1787607916.7574716,30.0,1+3,2+2,"(('model_3', 1), ('model_4', 0), ('model_5', 0), ('model_6', 1))",False,1,False,MIGRATE,literal line-8 absolute delta exceeds tau,0.13361304344310304,0.045356279347601634,0.13361304344310304
cooldown30,steady8s1,8,1787607923.2666855,30.0,2+2,2+2,"(('model_3', 1), ('model_4', 1), ('model_5', 0), ('model_6', 0))",False,2,True,,migration cooldown active,0.05687529324651243,0.09326589374820603,0.09326589374820603
cooldown30,steady8s1,9,1787607928.2929373,30.0,2+2,2+2,"(('model_3', 1), ('model_4', 1), ('model_5', 0), ('model_6', 0))",False,2,True,,migration cooldown active,0.05440390018735159,0.07812024223155119,0.07812024223155119
cooldown30,steady8s1,10,1787607933.3029346,30.0,2+2,2+2,"(('model_3', 1), ('model_4', 1), ('model_5', 0), ('model_6', 0))",False,2,True,,migration cooldown active,0.054371456653343336,0.09946354509501573,0.09946354509501573
cooldown30,steady8s1,11,1787607938.3152473,30.0,2+2,2+2,"(('model_3', 1), ('model_4', 1), ('model_5', 0), ('model_6', 0))",False,2,True,,migration cooldown active,0.050117801703505147,0.09106103632178228,0.09106103632178228
cooldown30,steady8s1,12,1787607943.3283653,30.0,2+2,2+2,"(('model_3', 1), ('model_4', 1), ('model_5', 0), ('model_6', 0))",False,2,True,,migration cooldown active,0.045004898091288534,0.09767783936803157,0.09767783936803157
cooldown30,steady8s1,13,1787607948.3370922,30.0,2+2,2+2,"(('model_3', 1), ('model_4', 1), ('model_5', 0), ('model_6', 0))",False,2,False,MIGRATE,literal line-8 absolute delta exceeds tau,0.044228663018988444,0.09064956803604901,0.09064956803604901
cooldown30,steady8s1,14,1787607953.3474362,30.0,1+3,2+2,"(('model_3', 1), ('model_4', 1), ('model_5', 0), ('model_6', 0))",False,1,True,,migration cooldown active,0.09631948673422489,0.05165472058653646,0.09631948673422489
cooldown30,steady8s1,15,1787607958.3599837,30.0,1+3,2+2,"(('model_3', 1), ('model_4', 1), ('model_5', 0), ('model_6', 0))",False,1,True,,migration cooldown active,0.09732391975932801,0.0389028043823089,0.09732391975932801
cooldown30,steady8s1,16,1787607963.3746412,30.0,1+3,2+2,"(('model_3', 1), ('model_4', 0), ('model_5', 1), ('model_6', 0))",False,1,True,,migration cooldown active,0.1219699592429563,0.030518990491270007,0.1219699592429563
cooldown30,steady8s1,17,1787607968.385793,30.0,1+3,2+2,"(('model_3', 1), ('model_4', 0), ('model_5', 1), ('model_6', 0))",False,1,True,,migration cooldown active,0.12415600926001859,0.03221266134449655,0.12415600926001859
cooldown30,steady8s1,18,1787607973.4019547,30.0,1+3,2+2,"(('model_3', 1), ('model_4', 0), ('model_5', 1), ('model_6', 0))",False,1,True,,migration cooldown active,0.11878960843672945,0.026332491794696638,0.11878960843672945
cooldown30,steady8s1,19,1787607978.4184785,30.0,1+3,2+2,"(('model_3', 1), ('model_4', 0), ('model_5', 0), ('model_6', 1))",False,1,False,MIGRATE,literal line-8 absolute delta exceeds tau,0.11809517419853416,0.03567624780932907,0.11809517419853416
cooldown30,steady8s1,20,1787607985.4653628,30.0,2+2,2+2,"(('model_3', 0), ('model_4', 1), ('model_5', 0), ('model_6', 1))",False,2,True,,migration cooldown active,0.04708168636901083,0.0753107364038605,0.0753107364038605
cooldown30,steady8s1,21,1787607990.485943,30.0,2+2,2+2,"(('model_3', 1), ('model_4', 1), ('model_5', 0), ('model_6', 0))",False,2,True,,migration cooldown active,0.05378995964582249,0.07368409438244664,0.07368409438244664
cooldown30,steady8s1,22,1787607995.5347357,30.0,2+2,2+2,"(('model_3', 1), ('model_4', 1), ('model_5', 0), ('model_6', 0))",False,2,True,,migration cooldown active,0.055100400035520365,0.12426567300307718,0.12426567300307718
cooldown30,steady8s1,23,1787608000.5548818,30.0,2+2,2+2,"(('model_3', 1), ('model_4', 1), ('model_5', 0), ('model_6', 0))",False,2,True,,migration cooldown active,0.04024979839834048,0.09103303496264022,0.09103303496264022
cooldown30,steady8s1,24,1787608005.5755424,30.0,2+2,2+2,"(('model_3', 1), ('model_4', 1), ('model_5', 0), ('model_6', 0))",False,2,True,,migration cooldown active,0.03747783092914953,0.0971506938773627,0.0971506938773627
cooldown30,steady8s1,25,1787608010.5967417,30.0,2+2,2+2,"(('model_3', 1), ('model_4', 1), ('model_5', 0), ('model_6', 0))",False,2,False,MIGRATE,literal line-8 absolute delta exceeds tau,0.047815879268221693,0.09521854047430875,0.09521854047430875
cooldown30,steady8s1,26,1787608016.0123277,30.0,1+3,2+2,"(('model_3', 1), ('model_4', 1), ('model_5', 0), ('model_6', 0))",False,1,True,,migration cooldown active,0.11362908280590006,0.05413934178468586,0.11362908280590006
cooldown30,steady8s1,27,1787608021.0344565,30.0,1+3,2+2,"(('model_3', 1), ('model_4', 1), ('model_5', 0), ('model_6', 0))",False,1,True,,migration cooldown active,0.08700348336708087,0.05606882238652136,0.08700348336708087
cooldown30,steady8s1,28,1787608026.0577226,30.0,1+3,2+2,"(('model_3', 1), ('model_4', 1), ('model_5', 0), ('model_6', 0))",False,1,True,,migration cooldown active,0.09880158468822066,0.04634031900541879,0.09880158468822066
cooldown30,steady8s1,29,1787608031.0781612,30.0,1+3,2+2,"(('model_3', 1), ('model_4', 0), ('model_5', 0), ('model_6', 1))",False,1,True,,migration cooldown active,0.10985555365890357,0.032862810085711465,0.10985555365890357
cooldown30,steady8s1,30,1787608036.125415,30.0,1+3,2+2,"(('model_3', 1), ('model_4', 1), ('model_5', 0), ('model_6', 0))",False,1,True,,migration cooldown active,0.11559197457272663,0.05542118673908358,0.11559197457272663
cooldown30,steady8s1,31,1787608041.1625383,30.0,1+3,2+2,"(('model_3', 1), ('model_4', 1), ('model_5', 0), ('model_6', 0))",False,1,False,MIGRATE,literal line-8 absolute delta exceeds tau,0.1144246268957779,0.04570802661197252,0.1144246268957779
cooldown30,steady8s1,32,1787608046.183672,30.0,2+2,2+2,"(('model_3', 1), ('model_4', 0), ('model_5', 0), ('model_6', 1))",False,2,True,,migration cooldown active,0.10551025401520113,0.06483411245743044,0.10551025401520113
cooldown30,steady8s1,33,1787608051.2076411,30.0,2+2,2+2,"(('model_3', 1), ('model_4', 0), ('model_5', 0), ('model_6', 1))",False,2,True,,migration cooldown active,0.10864875378046496,0.05971200511643494,0.10864875378046496
cooldown30,steady8s1,34,1787608056.2310472,30.0,2+2,2+2,"(('model_3', 1), ('model_4', 0), ('model_5', 1), ('model_6', 0))",False,2,True,,migration cooldown active,0.09703640061614904,0.05336154095270553,0.09703640061614904
cooldown30,steady8s1,35,1787608061.2541757,30.0,2+2,2+2,"(('model_3', 1), ('model_4', 1), ('model_5', 0), ('model_6', 0))",False,0,True,,migration cooldown active,0.09283683238537474,0.05611511433668637,0.09283683238537474
cooldown30,steady8s1,36,1787608066.3143923,30.0,2+2,2+2,"(('model_3', 1), ('model_4', 0), ('model_5', 1), ('model_6', 0))",False,2,True,,migration cooldown active,0.0915697338384529,0.048211458889099786,0.0915697338384529
cooldown30,steady8s1,37,1787608071.362527,30.0,2+2,2+2,"(('model_3', 1), ('model_4', 1), ('model_5', 0), ('model_6', 0))",False,0,False,,line-8 placement unchanged or every candidate blocked,0.09025590252294144,0.05908217658588231,0.09025590252294144
cooldown30,steady8s1,38,1787608076.3882182,30.0,2+2,2+2,"(('model_3', 1), ('model_4', 0), ('model_5', 1), ('model_6', 0))",False,2,False,MIGRATE,literal line-8 absolute delta exceeds tau,0.08552989334691563,0.05432700562657915,0.08552989334691563
cooldown30,steady8s1,39,1787608081.4134288,30.0,1+3,2+2,"(('model_3', 1), ('model_4', 1), ('model_5', 0), ('model_6', 0))",False,1,True,,migration cooldown active,0.04759137640749396,0.09816439865437712,0.09816439865437712
cooldown30,steady8s1,40,1787608086.4396572,30.0,1+3,2+2,"(('model_3', 1), ('model_4', 1), ('model_5', 0), ('model_6', 0))",False,1,True,,migration cooldown active,0.04004906151491187,0.10651253539372914,0.10651253539372914
cooldown30,steady8s1,41,1787608091.4676073,30.0,1+3,2+2,"(('model_3', 1), ('model_4', 1), ('model_5', 0), ('model_6', 0))",False,1,True,,migration cooldown active,0.03701572032429999,0.1014293634262352,0.1014293634262352
cooldown30,steady8s1,42,1787608096.497396,30.0,1+3,2+2,"(('model_3', 1), ('model_4', 1), ('model_5', 0), ('model_6', 0))",False,1,True,,migration cooldown active,0.03619945704531816,0.10154279937932958,0.10154279937932958
cooldown30,steady8s1,43,1787608101.5289423,30.0,1+3,2+2,"(('model_3', 1), ('model_4', 1), ('model_5', 0), ('model_6', 0))",False,1,True,,migration cooldown active,0.03207022913016756,0.11545886864994624,0.11545886864994624
cooldown30,steady8s1,44,1787608106.5621896,30.0,1+3,2+2,"(('model_3', 1), ('model_4', 1), ('model_5', 0), ('model_6', 0))",False,1,False,MIGRATE,literal line-8 absolute delta exceeds tau,0.030431113579730468,0.11330010290233684,0.11330010290233684
cooldown30,steady8s1,45,1787608113.3873432,30.0,2+2,2+2,"(('model_3', 1), ('model_4', 1), ('model_5', 0), ('model_6', 0))",False,0,True,,migration cooldown active,0.06567642204299426,0.04719185972048465,0.06567642204299426
cooldown30,steady8s1,46,1787608118.417168,30.0,2+2,2+2,"(('model_3', 1), ('model_4', 1), ('model_5', 0), ('model_6', 0))",False,0,True,,migration cooldown active,0.07118168085101108,0.06906364040682426,0.07118168085101108
cooldown30,steady8s1,47,1787608123.453258,30.0,2+2,2+2,"(('model_3', 1), ('model_4', 1), ('model_5', 0), ('model_6', 0))",False,0,True,,migration cooldown active,0.09067402691056826,0.05574490257929413,0.09067402691056826
cooldown30,steady8s1,48,1787608128.4878979,30.0,2+2,1+3,"(('model_3', 1), ('model_4', 1), ('model_5', 0), ('model_6', 1))",False,1,True,,migration cooldown active,0.08004864029052193,0.042782697746850964,0.08004864029052193
cooldown30,steady8s1,49,1787608133.777514,30.0,2+2,2+2,"(('model_3', 1), ('model_4', 1), ('model_5', 0), ('model_6', 0))",False,0,True,,migration cooldown active,0.08617405510848099,0.04711420808448062,0.08617405510848099
cooldown30,steady8s1,50,1787608138.8126953,30.0,2+2,1+3,"(('model_3', 1), ('model_4', 1), ('model_5', 1), ('model_6', 0))",False,1,False,MIGRATE,literal line-8 absolute delta exceeds tau,0.07716719463107849,0.03236939408046407,0.07716719463107849
cooldown30,steady8s1,51,1787608143.8460073,30.0,1+3,2+2,"(('model_3', 1), ('model_4', 0), ('model_5', 1), ('model_6', 0))",False,1,True,,migration cooldown active,0.05112517188885607,0.07583912541463379,0.07583912541463379
cooldown30,steady8s1,52,1787608148.881725,30.0,1+3,2+2,"(('model_3', 1), ('model_4', 0), ('model_5', 1), ('model_6', 0))",False,1,True,,migration cooldown active,0.03134149890435016,0.08175053903158494,0.08175053903158494
cooldown30,steady8s1,53,1787608153.980982,30.0,1+3,2+2,"(('model_3', 1), ('model_4', 0), ('model_5', 1), ('model_6', 0))",False,1,True,,migration cooldown active,0.032954491812970985,0.0913256506124187,0.0913256506124187
cooldown30,steady8s1,54,1787608159.0172186,30.0,1+3,2+2,"(('model_3', 1), ('model_4', 0), ('model_5', 1), ('model_6', 0))",False,1,True,,migration cooldown active,0.03195685504227923,0.1155983080736291,0.1155983080736291
cooldown30,steady8s1,55,1787608164.0556777,30.0,1+3,2+2,"(('model_3', 1), ('model_4', 0), ('model_5', 1), ('model_6', 0))",False,1,True,,migration cooldown active,0.031194439439576758,0.12014370338343687,0.12014370338343687
cooldown30,steady8s1,56,1787608169.0915508,30.0,1+3,2+2,"(('model_3', 1), ('model_4', 0), ('model_5', 1), ('model_6', 0))",False,1,False,,line-8 placement unchanged or every candidate blocked,0.031185248331991145,0.13214260223493324,0.13214260223493324
cooldown30,steady8s1,57,1787608174.1294732,30.0,1+3,2+2,"(('model_3', 1), ('model_4', 0), ('model_5', 1), ('model_6', 0))",False,1,False,,line-8 placement unchanged or every candidate blocked,0.029662958536628047,0.12003831784739365,0.12003831784739365
cooldown30,steady8s1,58,1787608179.1678255,30.0,1+3,2+2,"(('model_3', 1), ('model_4', 0), ('model_5', 1), ('model_6', 0))",False,1,False,,line-8 placement unchanged or every candidate blocked,0.028382173107994336,0.11739734944665263,0.11739734944665263
cooldown30,steady8s1,59,1787608184.2144692,30.0,1+3,2+2,"(('model_3', 1), ('model_4', 0), ('model_5', 1), ('model_6', 0))",False,1,False,,line-8 placement unchanged or every candidate blocked,0.03709276382749393,0.11835172806360401,0.11835172806360401
cooldown30,steady8s1,60,1787608189.2565873,30.0,1+3,2+2,"(('model_3', 1), ('model_4', 0), ('model_5', 1), ('model_6', 0))",False,1,False,,line-8 placement unchanged or every candidate blocked,0.027389625753580997,0.11669923457375173,0.11669923457375173
cooldown30,steady8s1,61,1787608194.3001518,30.0,1+3,2+2,"(('model_3', 1), ('model_4', 0), ('model_5', 1), ('model_6', 0))",False,1,False,,line-8 placement unchanged or every candidate blocked,0.03276649753911226,0.12761832154665212,0.12761832154665212
cooldown30,steady8s1,62,1787608199.3398979,30.0,1+3,2+2,"(('model_3', 1), ('model_4', 0), ('model_5', 1), ('model_6', 0))",False,1,False,,line-8 placement unchanged or every candidate blocked,0.029376828453781915,0.1473458551318828,0.1473458551318828
cooldown30,steady8s1,63,1787608204.4022338,30.0,1+3,2+2,"(('model_3', 1), ('model_4', 0), ('model_5', 1), ('model_6', 0))",False,1,False,,line-8 placement unchanged or every candidate blocked,0.02905955381782991,0.15036560867549362,0.15036560867549362
cooldown30,steady8s1,64,1787608209.4637525,30.0,1+3,2+2,"(('model_3', 1), ('model_4', 0), ('model_5', 1), ('model_6', 0))",False,1,False,,line-8 placement unchanged or every candidate blocked,0.037058846798396446,0.1427449127761874,0.1427449127761874
cooldown30,steady8s1,65,1787608214.5074666,30.0,1+3,2+2,"(('model_3', 1), ('model_4', 0), ('model_5', 1), ('model_6', 0))",False,1,False,,line-8 placement unchanged or every candidate blocked,0.028993709191235374,0.15047970810790412,0.15047970810790412
cooldown30,steady8s1,66,1787608219.8479488,30.0,1+3,2+2,"(('model_3', 1), ('model_4', 0), ('model_5', 1), ('model_6', 0))",False,1,False,,line-8 placement unchanged or every candidate blocked,0.033301974114418785,0.1256697779053434,0.1256697779053434
cooldown30,steady8s1,67,1787608224.9251523,30.0,1+3,2+2,"(('model_3', 1), ('model_4', 0), ('model_5', 1), ('model_6', 0))",False,1,False,,line-8 placement unchanged or every candidate blocked,0.04312861821815173,0.1170849981141862,0.1170849981141862
cooldown30,steady8s1,68,1787608229.9937372,30.0,1+3,2+2,"(('model_3', 1), ('model_4', 0), ('model_5', 1), ('model_6', 0))",False,1,False,,line-8 placement unchanged or every candidate blocked,0.03284080984107197,0.10885099380855238,0.10885099380855238
cooldown30,steady8s1,69,1787608235.042235,30.0,1+3,2+2,"(('model_3', 1), ('model_4', 0), ('model_5', 1), ('model_6', 0))",False,1,False,,line-8 placement unchanged or every candidate blocked,0.02818037108722806,0.12105516920473915,0.12105516920473915
cooldown30,steady8s1,70,1787608240.1090357,30.0,1+3,2+2,"(('model_3', 1), ('model_4', 0), ('model_5', 1), ('model_6', 0))",False,1,False,,line-8 placement unchanged or every candidate blocked,0.031294976692290914,0.10193676795303988,0.10193676795303988
cooldown30,steady8s1,71,1787608245.155765,30.0,1+3,2+2,"(('model_3', 1), ('model_4', 0), ('model_5', 1), ('model_6', 0))",False,1,False,,line-8 placement unchanged or every candidate blocked,0.03542723999365172,0.11719516494719165,0.11719516494719165
cooldown30,steady8s1,72,1787608250.2041368,30.0,1+3,2+2,"(('model_3', 1), ('model_4', 0), ('model_5', 1), ('model_6', 0))",False,1,False,,line-8 placement unchanged or every candidate blocked,0.03246381994123007,0.11728068008272845,0.11728068008272845
cooldown30,steady8s1,73,1787608255.2516088,30.0,1+3,2+2,"(('model_3', 1), ('model_4', 0), ('model_5', 1), ('model_6', 0))",False,1,False,,line-8 placement unchanged or every candidate blocked,0.0286003892104433,0.11445682979045498,0.11445682979045498
cooldown30,steady8s1,74,1787608260.3347359,30.0,1+3,2+2,"(('model_3', 1), ('model_4', 0), ('model_5', 1), ('model_6', 0))",False,1,False,,line-8 placement unchanged or every candidate blocked,0.028936404993479183,0.12211713878602497,0.12211713878602497
cooldown30,steady8s1,75,1787608265.3947918,30.0,1+3,2+2,"(('model_3', 0), ('model_4', 1), ('model_5', 1), ('model_6', 0))",False,1,False,,line-8 placement unchanged or every candidate blocked,0.029714166492007563,0.1236108868062492,0.1236108868062492
cooldown30,steady8s1,76,1787608270.4985154,30.0,1+3,2+2,"(('model_3', 1), ('model_4', 0), ('model_5', 1), ('model_6', 0))",False,1,False,,line-8 placement unchanged or every candidate blocked,0.031731725350518186,0.15462345117206902,0.15462345117206902
cooldown30,steady8s1,77,1787608275.5539615,30.0,1+3,2+2,"(('model_3', 1), ('model_4', 0), ('model_5', 1), ('model_6', 0))",False,1,False,,line-8 placement unchanged or every candidate blocked,0.03146225640537158,0.13023467507072406,0.13023467507072406
cooldown30,steady8s1,78,1787608280.632258,30.0,1+3,2+2,"(('model_3', 1), ('model_4', 0), ('model_5', 1), ('model_6', 0))",False,1,False,,line-8 placement unchanged or every candidate blocked,0.026275653890871067,0.14272585757818237,0.14272585757818237
cooldown30,steady8s1,79,1787608285.6855314,30.0,1+3,2+2,"(('model_3', 1), ('model_4', 0), ('model_5', 1), ('model_6', 0))",False,1,False,,line-8 placement unchanged or every candidate blocked,0.029469497456212537,0.12905102273313657,0.12905102273313657
cooldown30,steady8s1,80,1787608290.755928,30.0,1+3,2+2,"(('model_3', 1), ('model_4', 0), ('model_5', 1), ('model_6', 0))",False,1,False,,line-8 placement unchanged or every candidate blocked,0.040989903786839914,0.12942400272072593,0.12942400272072593
cooldown30,steady8s1,81,1787608295.8121462,30.0,1+3,2+2,"(('model_3', 1), ('model_4', 0), ('model_5', 1), ('model_6', 0))",False,1,False,,line-8 placement unchanged or every candidate blocked,0.027062063426385365,0.14421136658969952,0.14421136658969952
cooldown30,steady8s1,82,1787608300.8693435,30.0,1+3,2+2,"(('model_3', 1), ('model_4', 0), ('model_5', 1), ('model_6', 0))",False,1,False,,line-8 placement unchanged or every candidate blocked,0.02719677309100906,0.14995650164161914,0.14995650164161914
cooldown30,steady8s1,83,1787608305.9543293,30.0,1+3,2+2,"(('model_3', 1), ('model_4', 0), ('model_5', 1), ('model_6', 0))",False,1,False,,line-8 placement unchanged or every candidate blocked,0.030671576720584525,0.15379265664326847,0.15379265664326847
cooldown30,steady8s1,84,1787608311.0089836,30.0,1+3,2+2,"(('model_3', 1), ('model_4', 0), ('model_5', 1), ('model_6', 0))",False,1,False,,line-8 placement unchanged or every candidate blocked,0.025378489132059093,0.12496883058877607,0.12496883058877607
cooldown30,steady8s1,85,1787608316.0956173,30.0,1+3,2+2,"(('model_3', 1), ('model_4', 0), ('model_5', 1), ('model_6', 0))",False,1,False,,line-8 placement unchanged or every candidate blocked,0.012247802001091393,0.09757710208921726,0.09757710208921726
cooldown30,steady8s2,1,1787609062.524536,30.0,2+2,2+2,"(('model_3', 1), ('model_4', 0), ('model_5', 0), ('model_6', 1))",False,0,False,,line-8 placement unchanged or every candidate blocked,0.0,0.0002835210839539682,0.0002835210839539682
cooldown30,steady8s2,2,1787609067.5272422,30.0,2+2,2+2,"(('model_3', 1), ('model_4', 1), ('model_5', 0), ('model_6', 0))",False,2,False,MIGRATE,literal line-8 absolute delta exceeds tau,0.009264309921376125,0.029912704336251237,0.029912704336251237
cooldown30,steady8s2,3,1787609074.1310253,30.0,1+3,2+2,"(('model_3', 1), ('model_4', 0), ('model_5', 0), ('model_6', 1))",False,1,True,,migration cooldown active,0.06578134150492888,0.01996050481961546,0.06578134150492888
cooldown30,steady8s2,4,1787609079.1658368,30.0,1+3,2+2,"(('model_3', 1), ('model_4', 1), ('model_5', 0), ('model_6', 0))",False,1,True,,migration cooldown active,0.0632808579705405,0.027916703845435063,0.0632808579705405
cooldown30,steady8s2,5,1787609084.1719391,30.0,1+3,2+2,"(('model_3', 1), ('model_4', 0), ('model_5', 0), ('model_6', 1))",False,1,True,,migration cooldown active,0.09042790718246238,0.030347590529076846,0.09042790718246238
cooldown30,steady8s2,6,1787609089.2138307,30.0,1+3,2+2,"(('model_3', 1), ('model_4', 0), ('model_5', 0), ('model_6', 1))",False,1,True,,migration cooldown active,0.1245645071603843,0.03772511850812286,0.1245645071603843
cooldown30,steady8s2,7,1787609094.2339742,30.0,1+3,1+3,"(('model_3', 1), ('model_4', 1), ('model_5', 0), ('model_6', 1))",False,2,True,,migration cooldown active,0.145860659905961,0.022149057006284417,0.145860659905961
cooldown30,steady8s2,8,1787609099.243375,30.0,1+3,2+2,"(('model_3', 1), ('model_4', 0), ('model_5', 0), ('model_6', 1))",False,1,False,MIGRATE,literal line-8 absolute delta exceeds tau,0.1370868247845785,0.029331040333491046,0.1370868247845785
cooldown30,steady8s2,9,1787609105.4113595,30.0,2+2,1+3,"(('model_3', 1), ('model_4', 1), ('model_5', 0), ('model_6', 1))",False,1,True,,migration cooldown active,0.09013199074526426,0.06911870252293546,0.09013199074526426
cooldown30,steady8s2,10,1787609110.4180927,30.0,2+2,2+2,"(('model_3', 1), ('model_4', 0), ('model_5', 0), ('model_6', 1))",False,0,True,,migration cooldown active,0.08138763423397366,0.07953208063148492,0.08138763423397366
cooldown30,steady8s2,11,1787609115.4290733,30.0,2+2,2+2,"(('model_3', 1), ('model_4', 0), ('model_5', 0), ('model_6', 1))",False,0,True,,migration cooldown active,0.0803054137534503,0.08712704072774621,0.08712704072774621
cooldown30,steady8s2,12,1787609120.4412973,30.0,2+2,2+2,"(('model_3', 1), ('model_4', 0), ('model_5', 0), ('model_6', 1))",False,0,True,,migration cooldown active,0.0718563097961745,0.07387932312003018,0.07387932312003018
cooldown30,steady8s2,13,1787609125.454968,30.0,2+2,2+2,"(('model_3', 1), ('model_4', 0), ('model_5', 0), ('model_6', 1))",False,0,True,,migration cooldown active,0.06638342808983372,0.07062238383206403,0.07062238383206403
cooldown30,steady8s2,14,1787609130.4654405,30.0,2+2,2+2,"(('model_3', 1), ('model_4', 0), ('model_5', 0), ('model_6', 1))",False,0,False,,line-8 placement unchanged or every candidate blocked,0.07852472631671902,0.07731327173110661,0.07852472631671902
cooldown30,steady8s2,15,1787609135.4801707,30.0,2+2,2+2,"(('model_3', 1), ('model_4', 0), ('model_5', 0), ('model_6', 1))",False,0,False,,line-8 placement unchanged or every candidate blocked,0.07346545482450301,0.078332364903274,0.078332364903274
cooldown30,steady8s2,16,1787609140.4944737,30.0,2+2,2+2,"(('model_3', 1), ('model_4', 0), ('model_5', 0), ('model_6', 1))",False,0,False,,line-8 placement unchanged or every candidate blocked,0.06761340902120404,0.08761898536678188,0.08761898536678188
cooldown30,steady8s2,17,1787609145.5098126,30.0,2+2,2+2,"(('model_3', 1), ('model_4', 0), ('model_5', 0), ('model_6', 1))",False,0,False,,line-8 placement unchanged or every candidate blocked,0.06596992247824937,0.07819159130320161,0.07819159130320161
cooldown30,steady8s2,18,1787609150.547129,30.0,2+2,2+2,"(('model_3', 1), ('model_4', 0), ('model_5', 0), ('model_6', 1))",False,0,False,,line-8 placement unchanged or every candidate blocked,0.06502523733458533,0.09587993372667894,0.09587993372667894
cooldown30,steady8s2,19,1787609155.5686622,30.0,2+2,2+2,"(('model_3', 1), ('model_4', 0), ('model_5', 0), ('model_6', 1))",False,0,False,,line-8 placement unchanged or every candidate blocked,0.0709192912344617,0.10510031894823724,0.10510031894823724
cooldown30,steady8s2,20,1787609160.5875869,30.0,2+2,2+2,"(('model_3', 1), ('model_4', 0), ('model_5', 0), ('model_6', 1))",False,0,False,,line-8 placement unchanged or every candidate blocked,0.07023940390870168,0.09370125493640605,0.09370125493640605
cooldown30,steady8s2,21,1787609165.640114,30.0,2+2,2+2,"(('model_3', 1), ('model_4', 0), ('model_5', 0), ('model_6', 1))",False,0,False,,line-8 placement unchanged or every candidate blocked,0.07354131178800707,0.095695144621279,0.095695144621279
cooldown30,steady8s2,22,1787609170.6590486,30.0,2+2,2+2,"(('model_3', 1), ('model_4', 0), ('model_5', 0), ('model_6', 1))",False,0,False,,line-8 placement unchanged or every candidate blocked,0.07134926550429539,0.09009150991150675,0.09009150991150675
cooldown30,steady8s2,23,1787609175.6788666,30.0,2+2,2+2,"(('model_3', 1), ('model_4', 0), ('model_5', 0), ('model_6', 1))",False,0,False,,line-8 placement unchanged or every candidate blocked,0.06594520008499453,0.08182379267802395,0.08182379267802395
cooldown30,steady8s2,24,1787609180.712751,30.0,2+2,2+2,"(('model_3', 1), ('model_4', 1), ('model_5', 0), ('model_6', 0))",False,2,False,MIGRATE,literal line-8 absolute delta exceeds tau,0.06924683359974577,0.10534465491683834,0.10534465491683834
cooldown30,steady8s2,25,1787609185.7411108,30.0,1+3,2+2,"(('model_3', 1), ('model_4', 0), ('model_5', 0), ('model_6', 1))",False,1,True,,migration cooldown active,0.09354910065374143,0.12196252115734424,0.12196252115734424
cooldown30,steady8s2,26,1787609190.7598977,30.0,1+3,2+2,"(('model_3', 1), ('model_4', 0), ('model_5', 0), ('model_6', 1))",False,1,True,,migration cooldown active,0.0928156535647765,0.12392167953958169,0.12392167953958169
cooldown30,steady8s2,27,1787609195.807356,30.0,1+3,2+2,"(('model_3', 1), ('model_4', 0), ('model_5', 0), ('model_6', 1))",False,1,True,,migration cooldown active,0.08188317409188563,0.11995063342156362,0.11995063342156362
cooldown30,steady8s2,28,1787609200.8409185,30.0,1+3,2+2,"(('model_3', 1), ('model_4', 0), ('model_5', 0), ('model_6', 1))",False,1,True,,migration cooldown active,0.06838558020357312,0.11100311869003403,0.11100311869003403
cooldown30,steady8s2,29,1787609205.8653693,30.0,1+3,2+2,"(('model_3', 1), ('model_4', 0), ('model_5', 0), ('model_6', 1))",False,1,True,,migration cooldown active,0.07354318417264066,0.11737853045756674,0.11737853045756674
cooldown30,steady8s2,30,1787609210.8882802,30.0,1+3,2+2,"(('model_3', 1), ('model_4', 0), ('model_5', 0), ('model_6', 1))",False,1,False,MIGRATE,literal line-8 absolute delta exceeds tau,0.061548669585367734,0.09368956617883142,0.09368956617883142
cooldown30,steady8s2,31,1787609215.916557,30.0,2+2,2+2,"(('model_3', 1), ('model_4', 0), ('model_5', 0), ('model_6', 1))",False,0,True,,migration cooldown active,0.0671422105525517,0.08488775085697814,0.08488775085697814
cooldown30,steady8s2,32,1787609220.9432175,30.0,2+2,2+2,"(('model_3', 1), ('model_4', 0), ('model_5', 0), ('model_6', 1))",False,0,True,,migration cooldown active,0.057198810986359545,0.07696038964385636,0.07696038964385636
cooldown30,steady8s2,33,1787609225.9655223,30.0,2+2,2+2,"(('model_3', 1), ('model_4', 0), ('model_5', 0), ('model_6', 1))",False,0,True,,migration cooldown active,0.059835410300228625,0.061019327151382766,0.061019327151382766
cooldown30,steady8s2,34,1787609230.9944272,30.0,2+2,2+2,"(('model_3', 1), ('model_4', 0), ('model_5', 0), ('model_6', 1))",False,0,True,,migration cooldown active,0.07487169162907018,0.06563355652512022,0.07487169162907018
cooldown30,steady8s2,35,1787609236.0211616,30.0,2+2,1+3,"(('model_3', 1), ('model_4', 1), ('model_5', 0), ('model_6', 1))",False,1,True,,migration cooldown active,0.08454697991391506,0.0694145570899815,0.08454697991391506
cooldown30,steady8s2,36,1787609241.0492678,30.0,2+2,2+2,"(('model_3', 1), ('model_4', 0), ('model_5', 0), ('model_6', 1))",False,0,False,,line-8 placement unchanged or every candidate blocked,0.08211810571860519,0.08656424389950969,0.08656424389950969
cooldown30,steady8s2,37,1787609246.077533,30.0,2+2,2+2,"(('model_3', 1), ('model_4', 0), ('model_5', 0), ('model_6', 1))",False,0,False,,line-8 placement unchanged or every candidate blocked,0.09309286562374491,0.08484010139102802,0.09309286562374491
cooldown30,steady8s2,38,1787609251.1125093,30.0,2+2,2+2,"(('model_3', 1), ('model_4', 0), ('model_5', 0), ('model_6', 1))",False,0,False,,line-8 placement unchanged or every candidate blocked,0.10896258237583002,0.08998247266801057,0.10896258237583002
cooldown30,steady8s2,39,1787609256.1420496,30.0,2+2,1+3,"(('model_3', 1), ('model_4', 1), ('model_5', 0), ('model_6', 1))",False,1,False,MIGRATE,literal line-8 absolute delta exceeds tau,0.1043828773717763,0.07834540427570394,0.1043828773717763
cooldown30,steady8s2,40,1787609261.1703248,30.0,1+3,1+3,"(('model_3', 1), ('model_4', 1), ('model_5', 0), ('model_6', 1))",False,0,True,,migration cooldown active,0.10255802592739353,0.0845911957721298,0.10255802592739353
cooldown30,steady8s2,41,1787609266.1995502,30.0,1+3,2+2,"(('model_3', 1), ('model_4', 0), ('model_5', 0), ('model_6', 1))",False,1,True,,migration cooldown active,0.06501412445100371,0.08762909741262617,0.08762909741262617
cooldown30,steady8s2,42,1787609271.229376,30.0,1+3,2+2,"(('model_3', 1), ('model_4', 0), ('model_5', 0), ('model_6', 1))",False,1,True,,migration cooldown active,0.06951467486591621,0.08760386681693988,0.08760386681693988
cooldown30,steady8s2,43,1787609276.2958903,30.0,1+3,2+2,"(('model_3', 1), ('model_4', 0), ('model_5', 0), ('model_6', 1))",False,1,True,,migration cooldown active,0.06306631961061661,0.08609013500306258,0.08609013500306258
cooldown30,steady8s2,44,1787609281.3497002,30.0,1+3,2+2,"(('model_3', 1), ('model_4', 0), ('model_5', 0), ('model_6', 1))",False,1,True,,migration cooldown active,0.06892943435305551,0.09350456720465306,0.09350456720465306
cooldown30,steady8s2,45,1787609286.381818,30.0,1+3,2+2,"(('model_3', 1), ('model_4', 0), ('model_5', 0), ('model_6', 1))",False,1,False,MIGRATE,literal line-8 absolute delta exceeds tau,0.0536315805651828,0.09483671027511718,0.09483671027511718
cooldown30,steady8s2,46,1787609292.3753548,30.0,2+2,2+2,"(('model_3', 1), ('model_4', 0), ('model_5', 0), ('model_6', 1))",False,0,True,,migration cooldown active,0.06945949371432082,0.08164802421903454,0.08164802421903454
cooldown30,steady8s2,47,1787609297.4083788,30.0,2+2,2+2,"(('model_3', 1), ('model_4', 1), ('model_5', 0), ('model_6', 0))",False,2,True,,migration cooldown active,0.07494405039173024,0.10217202954331554,0.10217202954331554
cooldown30,steady8s2,48,1787609302.4711332,30.0,2+2,2+2,"(('model_3', 1), ('model_4', 1), ('model_5', 0), ('model_6', 0))",False,2,True,,migration cooldown active,0.07168604458282499,0.09556338953245631,0.09556338953245631
cooldown30,steady8s2,49,1787609307.5168223,30.0,2+2,2+2,"(('model_3', 1), ('model_4', 0), ('model_5', 0), ('model_6', 1))",False,0,True,,migration cooldown active,0.08686425743849001,0.08632278686453104,0.08686425743849001
cooldown30,steady8s2,50,1787609312.5741184,30.0,2+2,2+2,"(('model_3', 1), ('model_4', 0), ('model_5', 0), ('model_6', 1))",False,0,True,,migration cooldown active,0.08041340994456717,0.07961223342786634,0.08041340994456717
cooldown30,steady8s2,51,1787609317.892814,30.0,2+2,2+2,"(('model_3', 1), ('model_4', 0), ('model_5', 0), ('model_6', 1))",False,0,False,,line-8 placement unchanged or every candidate blocked,0.09416678289926728,0.08227618860033627,0.09416678289926728
cooldown30,steady8s2,52,1787609322.9397583,30.0,2+2,2+2,"(('model_3', 1), ('model_4', 0), ('model_5', 0), ('model_6', 1))",False,0,False,,line-8 placement unchanged or every candidate blocked,0.07953297174076719,0.07728215109628428,0.07953297174076719
cooldown30,steady8s2,53,1787609327.9767907,30.0,2+2,2+2,"(('model_3', 1), ('model_4', 0), ('model_5', 0), ('model_6', 1))",False,0,False,,line-8 placement unchanged or every candidate blocked,0.07405767601072542,0.07450445488308743,0.07450445488308743
cooldown30,steady8s2,54,1787609333.013744,30.0,2+2,2+2,"(('model_3', 1), ('model_4', 0), ('model_5', 0), ('model_6', 1))",False,0,False,,line-8 placement unchanged or every candidate blocked,0.06641320468147606,0.07540891537721571,0.07540891537721571
cooldown30,steady8s2,55,1787609338.0493836,30.0,2+2,2+2,"(('model_3', 1), ('model_4', 0), ('model_5', 0), ('model_6', 1))",False,0,False,,line-8 placement unchanged or every candidate blocked,0.06934826941838315,0.09601102633085902,0.09601102633085902
cooldown30,steady8s2,56,1787609343.0845742,30.0,2+2,2+2,"(('model_3', 1), ('model_4', 0), ('model_5', 0), ('model_6', 1))",False,0,False,,line-8 placement unchanged or every candidate blocked,0.06117260796945301,0.0900247291369131,0.0900247291369131
cooldown30,steady8s2,57,1787609348.1327474,30.0,2+2,2+2,"(('model_3', 1), ('model_4', 0), ('model_5', 0), ('model_6', 1))",False,0,False,,line-8 placement unchanged or every candidate blocked,0.06656824171270245,0.09329089167063598,0.09329089167063598
cooldown30,steady8s2,58,1787609353.1709995,30.0,2+2,2+2,"(('model_3', 1), ('model_4', 0), ('model_5', 0), ('model_6', 1))",False,0,False,,line-8 placement unchanged or every candidate blocked,0.06583825924768646,0.08053197916394068,0.08053197916394068
cooldown30,steady8s2,59,1787609358.2291777,30.0,2+2,2+2,"(('model_3', 1), ('model_4', 1), ('model_5', 0), ('model_6', 0))",False,2,False,MIGRATE,literal line-8 absolute delta exceeds tau,0.04798302859294337,0.09361180691004364,0.09361180691004364
cooldown30,steady8s2,60,1787609363.2741523,30.0,1+3,2+2,"(('model_3', 1), ('model_4', 1), ('model_5', 0), ('model_6', 0))",False,1,True,,migration cooldown active,0.07628294480907266,0.05948050739103464,0.07628294480907266
cooldown30,steady8s2,61,1787609368.3404322,30.0,1+3,2+2,"(('model_3', 1), ('model_4', 1), ('model_5', 0), ('model_6', 0))",False,1,True,,migration cooldown active,0.08774750593108241,0.05062232012994188,0.08774750593108241
cooldown30,steady8s2,62,1787609373.3909273,30.0,1+3,2+2,"(('model_3', 1), ('model_4', 0), ('model_5', 0), ('model_6', 1))",False,1,True,,migration cooldown active,0.10911271819380565,0.037391619727545566,0.10911271819380565
cooldown30,steady8s2,63,1787609378.4302735,30.0,1+3,2+2,"(('model_3', 1), ('model_4', 0), ('model_5', 0), ('model_6', 1))",False,1,True,,migration cooldown active,0.15038083386704815,0.04932828116273856,0.15038083386704815
cooldown30,steady8s2,64,1787609383.5166183,30.0,1+3,2+2,"(('model_3', 1), ('model_4', 0), ('model_5', 0), ('model_6', 1))",False,1,True,,migration cooldown active,0.1504617308712744,0.04880568047857083,0.1504617308712744
cooldown30,steady8s2,65,1787609388.5573213,30.0,1+3,2+2,"(('model_3', 1), ('model_4', 0), ('model_5', 0), ('model_6', 1))",False,1,False,MIGRATE,literal line-8 absolute delta exceeds tau,0.14811252973441308,0.05044280998188027,0.14811252973441308
cooldown30,steady8s2,66,1787609393.5975766,30.0,2+2,1+3,"(('model_3', 1), ('model_4', 1), ('model_5', 0), ('model_6', 1))",False,1,True,,migration cooldown active,0.11608624610687493,0.07058465535108707,0.11608624610687493
cooldown30,steady8s2,67,1787609398.6458192,30.0,2+2,2+2,"(('model_3', 1), ('model_4', 0), ('model_5', 0), ('model_6', 1))",False,0,True,,migration cooldown active,0.0922473437368576,0.11031251587619181,0.11031251587619181
cooldown30,steady8s2,68,1787609403.7020335,30.0,2+2,2+2,"(('model_3', 1), ('model_4', 0), ('model_5', 0), ('model_6', 1))",False,0,True,,migration cooldown active,0.1014372227899452,0.11058930284652177,0.11058930284652177
cooldown30,steady8s2,69,1787609408.747373,30.0,2+2,2+2,"(('model_3', 1), ('model_4', 0), ('model_5', 0), ('model_6', 1))",False,0,True,,migration cooldown active,0.08168525349699411,0.10517001485307784,0.10517001485307784
cooldown30,steady8s2,70,1787609413.7926896,30.0,2+2,2+2,"(('model_3', 1), ('model_4', 0), ('model_5', 0), ('model_6', 1))",False,0,True,,migration cooldown active,0.0820128052576597,0.10915871150905973,0.10915871150905973
cooldown30,steady8s2,71,1787609418.8858635,30.0,2+2,2+2,"(('model_3', 1), ('model_4', 0), ('model_5', 0), ('model_6', 1))",False,0,False,,line-8 placement unchanged or every candidate blocked,0.0747990729610553,0.10442112327456407,0.10442112327456407
cooldown30,steady8s2,72,1787609423.9573143,30.0,2+2,2+2,"(('model_3', 1), ('model_4', 0), ('model_5', 0), ('model_6', 1))",False,0,False,,line-8 placement unchanged or every candidate blocked,0.0734419010972865,0.09986892038474243,0.09986892038474243
cooldown30,steady8s2,73,1787609429.0070882,30.0,2+2,2+2,"(('model_3', 1), ('model_4', 0), ('model_5', 0), ('model_6', 1))",False,0,False,,line-8 placement unchanged or every candidate blocked,0.06267913755624675,0.08627381714918055,0.08627381714918055
cooldown30,steady8s2,74,1787609434.0572107,30.0,2+2,2+2,"(('model_3', 1), ('model_4', 0), ('model_5', 0), ('model_6', 1))",False,0,False,,line-8 placement unchanged or every candidate blocked,0.0792828530665494,0.08536255450690985,0.08536255450690985
cooldown30,steady8s2,75,1787609439.105012,30.0,2+2,2+2,"(('model_3', 1), ('model_4', 0), ('model_5', 0), ('model_6', 1))",False,0,False,,line-8 placement unchanged or every candidate blocked,0.08287306190520063,0.09664161292727544,0.09664161292727544
cooldown30,steady8s2,76,1787609444.1736572,30.0,2+2,2+2,"(('model_3', 1), ('model_4', 0), ('model_5', 0), ('model_6', 1))",False,0,False,,line-8 placement unchanged or every candidate blocked,0.07261739487100441,0.09460099801448181,0.09460099801448181
cooldown30,steady8s2,77,1787609449.2241118,30.0,2+2,2+2,"(('model_3', 1), ('model_4', 0), ('model_5', 0), ('model_6', 1))",False,0,False,,line-8 placement unchanged or every candidate blocked,0.0710946520483116,0.0736011403555338,0.0736011403555338
cooldown30,steady8s2,78,1787609454.2714686,30.0,2+2,2+2,"(('model_3', 1), ('model_4', 0), ('model_5', 0), ('model_6', 1))",False,0,False,,line-8 placement unchanged or every candidate blocked,0.07056991833139073,0.0868288197359978,0.0868288197359978
cooldown30,steady8s2,79,1787609459.3355734,30.0,2+2,2+2,"(('model_3', 1), ('model_4', 1), ('model_5', 0), ('model_6', 0))",False,2,False,MIGRATE,literal line-8 absolute delta exceeds tau,0.05242746732981764,0.08334150172727706,0.08334150172727706
cooldown30,steady8s2,80,1787609464.6163626,30.0,1+3,2+2,"(('model_3', 1), ('model_4', 0), ('model_5', 0), ('model_6', 1))",False,1,True,,migration cooldown active,0.05350922377203649,0.09368814411154998,0.09368814411154998
cooldown30,steady8s2,81,1787609469.6695821,30.0,1+3,2+2,"(('model_3', 1), ('model_4', 0), ('model_5', 0), ('model_6', 1))",False,1,True,,migration cooldown active,0.053255550963624526,0.09784271248052705,0.09784271248052705
cooldown30,steady8s2,82,1787609474.7208333,30.0,1+3,2+2,"(('model_3', 1), ('model_4', 1), ('model_5', 0), ('model_6', 0))",False,1,True,,migration cooldown active,0.04608878451971967,0.11291080201867068,0.11291080201867068
cooldown30,steady8s2,83,1787609479.7754107,30.0,1+3,2+2,"(('model_3', 1), ('model_4', 0), ('model_5', 0), ('model_6', 1))",False,1,True,,migration cooldown active,0.06664802297903784,0.10183084243921638,0.10183084243921638
cooldown30,steady8s2,84,1787609484.8277214,30.0,1+3,2+2,"(('model_3', 1), ('model_4', 0), ('model_5', 0), ('model_6', 1))",False,1,True,,migration cooldown active,0.04869017025530812,0.10287413464001213,0.10287413464001213
cooldown30,steady8s2,85,1787609489.878533,30.0,1+3,2+2,"(('model_3', 1), ('model_4', 1), ('model_5', 0), ('model_6', 0))",False,1,False,MIGRATE,literal line-8 absolute delta exceeds tau,0.033519482673038004,0.07723895739930874,0.07723895739930874
cooldown30,steady8s2,86,1787609494.9513586,30.0,2+2,2+2,"(('model_3', 1), ('model_4', 0), ('model_5', 0), ('model_6', 1))",False,2,True,,migration cooldown active,0.060410857015817665,0.027759091880836362,0.060410857015817665
cooldown30,steady10s1,1,1787610244.7481675,30.0,2+2,1+3,"(('model_3', 1), ('model_4', 0), ('model_5', 0), ('model_6', 0))",False,1,False,MIGRATE,literal line-8 absolute delta exceeds tau,0.00024153747633841403,0.0014975385570941198,0.0014975385570941198
cooldown30,steady10s1,2,1787610249.83832,30.0,1+3,2+2,"(('model_3', 1), ('model_4', 0), ('model_5', 1), ('model_6', 0))",False,1,True,,migration cooldown active,0.031342450573658594,0.0061207351026778154,0.031342450573658594
cooldown30,steady10s1,3,1787610254.8438897,30.0,1+3,2+2,"(('model_3', 1), ('model_4', 1), ('model_5', 0), ('model_6', 0))",False,1,True,,migration cooldown active,0.05231341957324166,0.023547388597220057,0.05231341957324166
cooldown30,steady10s1,4,1787610259.8525743,30.0,1+3,2+2,"(('model_3', 1), ('model_4', 0), ('model_5', 0), ('model_6', 1))",False,1,True,,migration cooldown active,0.08509204742504586,0.018810724954815745,0.08509204742504586
cooldown30,steady10s1,5,1787610264.861267,30.0,1+3,2+2,"(('model_3', 1), ('model_4', 0), ('model_5', 0), ('model_6', 1))",False,1,True,,migration cooldown active,0.10918124347659292,0.030596466937427135,0.10918124347659292
cooldown30,steady10s1,6,1787610269.8714705,30.0,1+3,2+2,"(('model_3', 1), ('model_4', 0), ('model_5', 0), ('model_6', 1))",False,1,True,,migration cooldown active,0.14864348252835752,0.036425128188600685,0.14864348252835752
cooldown30,steady10s1,7,1787610274.8818693,30.0,1+3,2+2,"(('model_3', 1), ('model_4', 0), ('model_5', 0), ('model_6', 1))",False,1,False,MIGRATE,literal line-8 absolute delta exceeds tau,0.16615254033719262,0.05545980895838693,0.16615254033719262
cooldown30,steady10s1,8,1787610283.476051,30.0,2+2,2+2,"(('model_3', 1), ('model_4', 0), ('model_5', 0), ('model_6', 1))",False,0,True,,migration cooldown active,0.08732067941844146,0.11113979772983362,0.11113979772983362
cooldown30,steady10s1,9,1787610288.4870985,30.0,2+2,2+2,"(('model_3', 1), ('model_4', 0), ('model_5', 0), ('model_6', 1))",False,0,True,,migration cooldown active,0.08250189749802704,0.08919767300694861,0.08919767300694861
cooldown30,steady10s1,10,1787610293.5004222,30.0,2+2,2+2,"(('model_3', 1), ('model_4', 0), ('model_5', 0), ('model_6', 1))",False,0,True,,migration cooldown active,0.07876999211064338,0.11033893356426708,0.11033893356426708
cooldown30,steady10s1,11,1787610298.5137138,30.0,2+2,2+2,"(('model_3', 1), ('model_4', 0), ('model_5', 1), ('model_6', 0))",False,2,True,,migration cooldown active,0.0690655157393568,0.12065433269331217,0.12065433269331217
cooldown30,steady10s1,12,1787610303.5460107,30.0,2+2,2+2,"(('model_3', 1), ('model_4', 1), ('model_5', 0), ('model_6', 0))",False,2,True,,migration cooldown active,0.06655308971802068,0.12109704473389285,0.12109704473389285
cooldown30,steady10s1,13,1787610308.5958288,30.0,2+2,2+2,"(('model_3', 1), ('model_4', 1), ('model_5', 0), ('model_6', 0))",False,2,False,MIGRATE,literal line-8 absolute delta exceeds tau,0.07010890064589834,0.11718284393945337,0.11718284393945337
cooldown30,steady10s1,14,1787610313.6133945,30.0,1+3,2+2,"(('model_3', 1), ('model_4', 0), ('model_5', 0), ('model_6', 1))",False,1,True,,migration cooldown active,0.060281480556777504,0.11986112482677015,0.11986112482677015
cooldown30,steady10s1,15,1787610318.8719134,30.0,1+3,2+2,"(('model_3', 1), ('model_4', 0), ('model_5', 0), ('model_6', 1))",False,1,True,,migration cooldown active,0.04841211612350743,0.1265501776473834,0.1265501776473834
cooldown30,steady10s1,16,1787610323.8877873,30.0,1+3,2+2,"(('model_3', 1), ('model_4', 0), ('model_5', 0), ('model_6', 1))",False,1,True,,migration cooldown active,0.04673528953731097,0.1204889830668601,0.1204889830668601
cooldown30,steady10s1,17,1787610328.9064171,30.0,1+3,2+2,"(('model_3', 1), ('model_4', 1), ('model_5', 0), ('model_6', 0))",False,1,True,,migration cooldown active,0.0429952429146072,0.1258566338938933,0.1258566338938933
cooldown30,steady10s1,18,1787610333.960035,30.0,1+3,2+2,"(('model_3', 1), ('model_4', 1), ('model_5', 0), ('model_6', 0))",False,1,True,,migration cooldown active,0.03784466993231184,0.12127055602254551,0.12127055602254551
cooldown30,steady10s1,19,1787610338.98414,30.0,1+3,2+2,"(('model_3', 1), ('model_4', 0), ('model_5', 0), ('model_6', 1))",False,1,False,MIGRATE,literal line-8 absolute delta exceeds tau,0.04666650752497619,0.12094042260709933,0.12094042260709933
cooldown30,steady10s1,20,1787610344.0028448,30.0,2+2,2+2,"(('model_3', 1), ('model_4', 1), ('model_5', 0), ('model_6', 0))",False,2,True,,migration cooldown active,0.053704202192621835,0.09263821083028581,0.09263821083028581
cooldown30,steady10s1,21,1787610349.0256176,30.0,2+2,2+2,"(('model_3', 1), ('model_4', 1), ('model_5', 0), ('model_6', 0))",False,2,True,,migration cooldown active,0.06287164137791204,0.09955112743474445,0.09955112743474445
cooldown30,steady10s1,22,1787610354.0570064,30.0,2+2,2+2,"(('model_3', 1), ('model_4', 1), ('model_5', 0), ('model_6', 0))",False,2,True,,migration cooldown active,0.0734931217936193,0.1085732079056917,0.1085732079056917
cooldown30,steady10s1,23,1787610359.115212,30.0,2+2,2+2,"(('model_3', 1), ('model_4', 0), ('model_5', 0), ('model_6', 1))",False,0,True,,migration cooldown active,0.06224334456212681,0.09579119427609627,0.09579119427609627
cooldown30,steady10s1,24,1787610364.14425,30.0,2+2,2+2,"(('model_3', 1), ('model_4', 0), ('model_5', 0), ('model_6', 1))",False,0,True,,migration cooldown active,0.07336637640770227,0.09069821357636065,0.09069821357636065
cooldown30,steady10s1,25,1787610369.1653228,30.0,2+2,2+2,"(('model_3', 1), ('model_4', 0), ('model_5', 0), ('model_6', 1))",False,0,False,,line-8 placement unchanged or every candidate blocked,0.06814473753851864,0.10395438370668207,0.10395438370668207
cooldown30,steady10s1,26,1787610374.19243,30.0,2+2,2+2,"(('model_3', 1), ('model_4', 1), ('model_5', 0), ('model_6', 0))",False,2,False,MIGRATE,literal line-8 absolute delta exceeds tau,0.057626822499548175,0.11484223196973432,0.11484223196973432
cooldown30,steady10s1,27,1787610379.2153904,30.0,1+3,2+2,"(('model_3', 1), ('model_4', 1), ('model_5', 0), ('model_6', 0))",False,1,True,,migration cooldown active,0.03862930778237546,0.14424941564192484,0.14424941564192484
cooldown30,steady10s1,28,1787610384.242591,30.0,1+3,2+2,"(('model_3', 1), ('model_4', 1), ('model_5', 0), ('model_6', 0))",False,1,True,,migration cooldown active,0.05214321368363469,0.15733784512810003,0.15733784512810003
cooldown30,steady10s1,29,1787610389.2947285,30.0,1+3,2+2,"(('model_3', 1), ('model_4', 1), ('model_5', 0), ('model_6', 0))",False,1,True,,migration cooldown active,0.03870837175173512,0.1512707577940748,0.1512707577940748
cooldown30,steady10s1,30,1787610394.3385968,30.0,1+3,2+2,"(('model_3', 1), ('model_4', 1), ('model_5', 0), ('model_6', 0))",False,1,True,,migration cooldown active,0.045105510716760416,0.15955761942751598,0.15955761942751598
cooldown30,steady10s1,31,1787610399.3923366,30.0,1+3,2+2,"(('model_3', 1), ('model_4', 1), ('model_5', 0), ('model_6', 0))",False,1,True,,migration cooldown active,0.050748364926010356,0.15223771229244548,0.15223771229244548
cooldown30,steady10s1,32,1787610404.4313362,30.0,1+3,2+2,"(('model_3', 1), ('model_4', 1), ('model_5', 0), ('model_6', 0))",False,1,False,MIGRATE,literal line-8 absolute delta exceeds tau,0.05568175850893003,0.15503534552856338,0.15503534552856338
cooldown30,steady10s1,33,1787610413.4164019,30.0,2+2,2+2,"(('model_3', 1), ('model_4', 0), ('model_5', 0), ('model_6', 1))",False,2,True,,migration cooldown active,0.137748598574566,0.07724747421718961,0.137748598574566
cooldown30,steady10s1,34,1787610418.452191,30.0,2+2,2+2,"(('model_3', 1), ('model_4', 0), ('model_5', 0), ('model_6', 1))",False,2,True,,migration cooldown active,0.11080845250883811,0.06210930641189403,0.11080845250883811
cooldown30,steady10s1,35,1787610423.4966788,30.0,2+2,2+2,"(('model_3', 1), ('model_4', 0), ('model_5', 1), ('model_6', 0))",False,2,True,,migration cooldown active,0.13526369185353265,0.05843918286795391,0.13526369185353265
cooldown30,steady10s1,36,1787610428.5512125,30.0,2+2,2+2,"(('model_3', 1), ('model_4', 0), ('model_5', 1), ('model_6', 0))",False,2,True,,migration cooldown active,0.13200457431192164,0.05727688943821316,0.13200457431192164
cooldown30,steady10s1,37,1787610433.604377,30.0,2+2,2+2,"(('model_3', 1), ('model_4', 1), ('model_5', 0), ('model_6', 0))",False,0,True,,migration cooldown active,0.11990074072453187,0.0761985912416149,0.11990074072453187
cooldown30,steady10s1,38,1787610438.6513116,30.0,2+2,2+2,"(('model_3', 1), ('model_4', 1), ('model_5', 0), ('model_6', 0))",False,0,False,,line-8 placement unchanged or every candidate blocked,0.12213478596945926,0.07377910448733493,0.12213478596945926
cooldown30,steady10s1,39,1787610443.692027,30.0,2+2,2+2,"(('model_3', 1), ('model_4', 1), ('model_5', 0), ('model_6', 0))",False,0,False,,line-8 placement unchanged or every candidate blocked,0.1066177020707029,0.06373740174585348,0.1066177020707029
cooldown30,steady10s1,40,1787610448.8032918,30.0,2+2,2+2,"(('model_3', 1), ('model_4', 1), ('model_5', 0), ('model_6', 0))",False,0,False,,line-8 placement unchanged or every candidate blocked,0.12887130141553696,0.06844433773249443,0.12887130141553696
cooldown30,steady10s1,41,1787610453.8448033,30.0,2+2,2+2,"(('model_3', 1), ('model_4', 1), ('model_5', 0), ('model_6', 0))",False,0,False,,line-8 placement unchanged or every candidate blocked,0.11670803872927135,0.0652292780907705,0.11670803872927135
cooldown30,steady10s1,42,1787610458.8898191,30.0,2+2,2+2,"(('model_3', 1), ('model_4', 0), ('model_5', 1), ('model_6', 0))",False,2,False,MIGRATE,literal line-8 absolute delta exceeds tau,0.1273234827870486,0.05840061658854739,0.1273234827870486
cooldown30,steady10s1,43,1787610463.9528174,30.0,1+3,2+2,"(('model_3', 1), ('model_4', 0), ('model_5', 1), ('model_6', 0))",False,1,True,,migration cooldown active,0.0552531377168714,0.12251551673985019,0.12251551673985019
cooldown30,steady10s1,44,1787610468.992007,30.0,1+3,2+2,"(('model_3', 1), ('model_4', 0), ('model_5', 1), ('model_6', 0))",False,1,True,,migration cooldown active,0.05855816430970409,0.12287065630015336,0.12287065630015336
cooldown30,steady10s1,45,1787610474.049161,30.0,1+3,2+2,"(('model_3', 1), ('model_4', 1), ('model_5', 0), ('model_6', 0))",False,1,True,,migration cooldown active,0.04447135417384955,0.1384742870209237,0.1384742870209237
cooldown30,steady10s1,46,1787610479.0870576,30.0,1+3,2+2,"(('model_3', 1), ('model_4', 1), ('model_5', 0), ('model_6', 0))",False,1,True,,migration cooldown active,0.037102572541961656,0.12659113612980358,0.12659113612980358
cooldown30,steady10s1,47,1787610484.1264696,30.0,1+3,2+2,"(('model_3', 1), ('model_4', 1), ('model_5', 0), ('model_6', 0))",False,1,True,,migration cooldown active,0.043364288354554435,0.12509058445195861,0.12509058445195861
cooldown30,steady10s1,48,1787610489.173493,30.0,1+3,2+2,"(('model_3', 1), ('model_4', 0), ('model_5', 1), ('model_6', 0))",False,1,False,MIGRATE,literal line-8 absolute delta exceeds tau,0.039749199803506004,0.11227412496052329,0.11227412496052329
cooldown30,steady10s1,49,1787610494.2139835,30.0,2+2,2+2,"(('model_3', 1), ('model_4', 0), ('model_5', 0), ('model_6', 1))",False,2,True,,migration cooldown active,0.04612530772451908,0.11034021450106747,0.11034021450106747
cooldown30,steady10s1,50,1787610499.2938263,30.0,2+2,2+2,"(('model_3', 0), ('model_4', 1), ('model_5', 1), ('model_6', 0))",False,2,True,,migration cooldown active,0.05293052391962364,0.09389869359906855,0.09389869359906855
cooldown30,steady10s1,51,1787610504.3409905,30.0,2+2,2+2,"(('model_3', 1), ('model_4', 1), ('model_5', 0), ('model_6', 0))",False,2,True,,migration cooldown active,0.05629008860039421,0.09708667652481481,0.09708667652481481
cooldown30,steady10s1,52,1787610509.3869598,30.0,2+2,2+2,"(('model_3', 1), ('model_4', 1), ('model_5', 0), ('model_6', 0))",False,2,True,,migration cooldown active,0.05008735470418298,0.10796407234898506,0.10796407234898506
cooldown30,steady10s1,53,1787610514.434801,30.0,2+2,2+2,"(('model_3', 1), ('model_4', 1), ('model_5', 0), ('model_6', 0))",False,2,True,,migration cooldown active,0.03786518949649346,0.10555397038605847,0.10555397038605847
cooldown30,steady10s1,54,1787610519.482461,30.0,2+2,2+2,"(('model_3', 1), ('model_4', 1), ('model_5', 0), ('model_6', 0))",False,2,False,MIGRATE,literal line-8 absolute delta exceeds tau,0.04353166800675041,0.13767877915340093,0.13767877915340093
cooldown30,steady10s1,55,1787610526.8125658,30.0,1+3,2+2,"(('model_3', 1), ('model_4', 1), ('model_5', 0), ('model_6', 0))",False,1,True,,migration cooldown active,0.13100705407539445,0.08019995273131328,0.13100705407539445
cooldown30,steady10s1,56,1787610531.860914,30.0,1+3,2+2,"(('model_3', 1), ('model_4', 1), ('model_5', 0), ('model_6', 0))",False,1,True,,migration cooldown active,0.11767522024412475,0.050199160043573464,0.11767522024412475
cooldown30,steady10s1,57,1787610536.9173062,30.0,1+3,2+2,"(('model_3', 1), ('model_4', 1), ('model_5', 0), ('model_6', 0))",False,1,True,,migration cooldown active,0.13625226225299447,0.06962365177207842,0.13625226225299447
cooldown30,steady10s1,58,1787610541.9666698,30.0,1+3,2+2,"(('model_3', 1), ('model_4', 1), ('model_5', 0), ('model_6', 0))",False,1,True,,migration cooldown active,0.10536149364340602,0.05422149213216776,0.10536149364340602
cooldown30,steady10s1,59,1787610547.0117366,30.0,1+3,2+2,"(('model_3', 1), ('model_4', 1), ('model_5', 0), ('model_6', 0))",False,1,True,,migration cooldown active,0.1375219739155684,0.05291487380146551,0.1375219739155684
cooldown30,steady10s1,60,1787610552.0628297,30.0,1+3,2+2,"(('model_3', 1), ('model_4', 0), ('model_5', 0), ('model_6', 1))",False,1,False,MIGRATE,literal line-8 absolute delta exceeds tau,0.13793059048732415,0.0410331837016205,0.13793059048732415
cooldown30,steady10s1,61,1787610557.110039,30.0,2+2,2+2,"(('model_3', 1), ('model_4', 0), ('model_5', 0), ('model_6', 1))",False,0,True,,migration cooldown active,0.057098605312102486,0.09480362264332266,0.09480362264332266
cooldown30,steady10s1,62,1787610562.1707118,30.0,2+2,2+2,"(('model_3', 1), ('model_4', 0), ('model_5', 0), ('model_6', 1))",False,0,True,,migration cooldown active,0.08718602999822439,0.09767353506438603,0.09767353506438603
cooldown30,steady10s1,63,1787610567.2475774,30.0,2+2,2+2,"(('model_3', 1), ('model_4', 0), ('model_5', 0), ('model_6', 1))",False,0,True,,migration cooldown active,0.1024975729336184,0.12357559448961548,0.12357559448961548
cooldown30,steady10s1,64,1787610572.3472095,30.0,2+2,2+2,"(('model_3', 1), ('model_4', 0), ('model_5', 0), ('model_6', 1))",False,0,True,,migration cooldown active,0.08534857585539482,0.13177936902982482,0.13177936902982482
cooldown30,steady10s1,65,1787610577.4278083,30.0,2+2,2+2,"(('model_3', 1), ('model_4', 0), ('model_5', 0), ('model_6', 1))",False,0,True,,migration cooldown active,0.06322699147004632,0.11817746360558773,0.11817746360558773
cooldown30,steady10s1,66,1787610582.4822345,30.0,2+2,2+2,"(('model_3', 1), ('model_4', 0), ('model_5', 0), ('model_6', 1))",False,0,False,,line-8 placement unchanged or every candidate blocked,0.0581301091766997,0.10317536931405501,0.10317536931405501
cooldown30,steady10s1,67,1787610587.5389197,30.0,2+2,2+2,"(('model_3', 1), ('model_4', 0), ('model_5', 0), ('model_6', 1))",False,0,False,,line-8 placement unchanged or every candidate blocked,0.06170476522185656,0.10662967893198728,0.10662967893198728
cooldown30,steady10s1,68,1787610592.5977767,30.0,2+2,2+2,"(('model_3', 1), ('model_4', 0), ('model_5', 0), ('model_6', 1))",False,0,False,,line-8 placement unchanged or every candidate blocked,0.05485257084767322,0.1136073067891672,0.1136073067891672
cooldown30,steady10s1,69,1787610597.655037,30.0,2+2,2+2,"(('model_3', 1), ('model_4', 0), ('model_5', 0), ('model_6', 1))",False,0,False,,line-8 placement unchanged or every candidate blocked,0.05316549688134904,0.11150600108145764,0.11150600108145764
cooldown30,steady10s1,70,1787610602.7134223,30.0,2+2,2+2,"(('model_3', 1), ('model_4', 0), ('model_5', 0), ('model_6', 1))",False,0,False,,line-8 placement unchanged or every candidate blocked,0.06397822666140188,0.11981467121539359,0.11981467121539359
cooldown30,steady10s1,71,1787610607.7723129,30.0,2+2,2+2,"(('model_3', 1), ('model_4', 0), ('model_5', 0), ('model_6', 1))",False,0,False,,line-8 placement unchanged or every candidate blocked,0.06440087497430122,0.13115718501390833,0.13115718501390833
cooldown30,steady10s1,72,1787610612.8323185,30.0,2+2,2+2,"(('model_3', 1), ('model_4', 0), ('model_5', 0), ('model_6', 1))",False,0,False,,line-8 placement unchanged or every candidate blocked,0.05919928215441875,0.13447204192954731,0.13447204192954731
cooldown30,steady10s1,73,1787610617.9121945,30.0,2+2,2+2,"(('model_3', 1), ('model_4', 0), ('model_5', 0), ('model_6', 1))",False,0,False,,line-8 placement unchanged or every candidate blocked,0.05968178156677498,0.11391623119156181,0.11391623119156181
cooldown30,steady10s1,74,1787610623.2815397,30.0,2+2,2+2,"(('model_3', 1), ('model_4', 0), ('model_5', 0), ('model_6', 1))",False,0,False,,line-8 placement unchanged or every candidate blocked,0.07488690995344292,0.12775454909426787,0.12775454909426787
cooldown30,steady10s1,75,1787610628.3466697,30.0,2+2,2+2,"(('model_3', 1), ('model_4', 0), ('model_5', 0), ('model_6', 1))",False,0,False,,line-8 placement unchanged or every candidate blocked,0.07023604183143362,0.11903279099763288,0.11903279099763288
cooldown30,steady10s1,76,1787610633.407417,30.0,2+2,2+2,"(('model_3', 1), ('model_4', 0), ('model_5', 0), ('model_6', 1))",False,0,False,,line-8 placement unchanged or every candidate blocked,0.07591548358988576,0.11008680174124624,0.11008680174124624
cooldown30,steady10s1,77,1787610638.4952052,30.0,2+2,2+2,"(('model_3', 1), ('model_4', 0), ('model_5', 0), ('model_6', 1))",False,0,False,,line-8 placement unchanged or every candidate blocked,0.07854866226216382,0.11289984441688611,0.11289984441688611
cooldown30,steady10s1,78,1787610643.5784388,30.0,2+2,2+2,"(('model_3', 1), ('model_4', 0), ('model_5', 0), ('model_6', 1))",False,0,False,,line-8 placement unchanged or every candidate blocked,0.0661560318614077,0.10805205477822796,0.10805205477822796
cooldown30,steady10s1,79,1787610648.65029,30.0,2+2,2+2,"(('model_3', 1), ('model_4', 0), ('model_5', 0), ('model_6', 1))",False,0,False,,line-8 placement unchanged or every candidate blocked,0.06670265087765789,0.12092425671918337,0.12092425671918337
cooldown30,steady10s1,80,1787610653.723212,30.0,2+2,2+2,"(('model_3', 1), ('model_4', 0), ('model_5', 0), ('model_6', 1))",False,0,False,,line-8 placement unchanged or every candidate blocked,0.06378497687204644,0.13626675384038514,0.13626675384038514
cooldown30,steady10s1,81,1787610658.788572,30.0,2+2,2+2,"(('model_3', 1), ('model_4', 0), ('model_5', 0), ('model_6', 1))",False,0,False,,line-8 placement unchanged or every candidate blocked,0.06678518269641873,0.11606429957833267,0.11606429957833267
cooldown30,steady10s1,82,1787610663.8548074,30.0,2+2,2+2,"(('model_3', 1), ('model_4', 0), ('model_5', 0), ('model_6', 1))",False,0,False,,line-8 placement unchanged or every candidate blocked,0.0629035776573857,0.10838077351774406,0.10838077351774406
cooldown30,steady10s1,83,1787610668.9222827,30.0,2+2,2+2,"(('model_3', 1), ('model_4', 0), ('model_5', 0), ('model_6', 1))",False,0,False,,line-8 placement unchanged or every candidate blocked,0.042761381577914745,0.09500623796681454,0.09500623796681454
cooldown30,steady10s1,84,1787610673.9936876,30.0,2+2,2+2,"(('model_3', 1), ('model_4', 0), ('model_5', 0), ('model_6', 1))",False,0,False,,line-8 placement unchanged or every candidate blocked,0.030951021660026026,0.07034549093141866,0.07034549093141866
cooldown30,steady10s2,1,1787620544.6456113,30.0,2+2,2+2,"(('model_3', 1), ('model_4', 0), ('model_5', 0), ('model_6', 1))",False,0,False,,line-8 placement unchanged or every candidate blocked,0.0,0.0001478112968174651,0.0001478112968174651
cooldown30,steady10s2,2,1787620549.66283,30.0,2+2,1+3,"(('model_3', 1), ('model_4', 1), ('model_5', 0), ('model_6', 1))",False,1,False,MIGRATE,literal line-8 absolute delta exceeds tau,0.039407223704543394,0.02457723161135567,0.039407223704543394
cooldown30,steady10s2,3,1787620554.6668968,30.0,1+3,1+3,"(('model_3', 1), ('model_4', 1), ('model_5', 0), ('model_6', 1))",False,0,True,,migration cooldown active,0.058608991253500504,0.043576189242884825,0.058608991253500504
cooldown30,steady10s2,4,1787620559.6774251,30.0,1+3,1+3,"(('model_3', 1), ('model_4', 1), ('model_5', 0), ('model_6', 1))",False,0,True,,migration cooldown active,0.08947034556893566,0.05105784456102903,0.08947034556893566
cooldown30,steady10s2,5,1787620564.6868343,30.0,1+3,2+2,"(('model_3', 1), ('model_4', 0), ('model_5', 0), ('model_6', 1))",False,1,True,,migration cooldown active,0.06192316194742243,0.07617380825807353,0.07617380825807353
cooldown30,steady10s2,6,1787620569.7090135,30.0,1+3,1+3,"(('model_3', 1), ('model_4', 1), ('model_5', 0), ('model_6', 1))",False,0,True,,migration cooldown active,0.06957183967507637,0.08278779559470378,0.08278779559470378
cooldown30,steady10s2,7,1787620574.7198658,30.0,1+3,1+3,"(('model_3', 1), ('model_4', 1), ('model_5', 0), ('model_6', 1))",False,0,True,,migration cooldown active,0.08760096271650895,0.10357785250369717,0.10357785250369717
cooldown30,steady10s2,8,1787620579.731,30.0,1+3,2+2,"(('model_3', 1), ('model_4', 0), ('model_5', 0), ('model_6', 1))",False,1,False,MIGRATE,literal line-8 absolute delta exceeds tau,0.07610460184297231,0.10114215009144277,0.10114215009144277
cooldown30,steady10s2,9,1787620584.7428157,30.0,2+2,2+2,"(('model_3', 1), ('model_4', 0), ('model_5', 0), ('model_6', 1))",False,0,True,,migration cooldown active,0.08342737437929582,0.06874122636713399,0.08342737437929582
cooldown30,steady10s2,10,1787620589.754223,30.0,2+2,2+2,"(('model_3', 1), ('model_4', 0), ('model_5', 0), ('model_6', 1))",False,0,True,,migration cooldown active,0.0952861087691719,0.08802207369860457,0.0952861087691719
cooldown30,steady10s2,11,1787620594.7851703,30.0,2+2,2+2,"(('model_3', 1), ('model_4', 0), ('model_5', 0), ('model_6', 1))",False,0,True,,migration cooldown active,0.09989397974387468,0.10755141141611022,0.10755141141611022
cooldown30,steady10s2,12,1787620599.79923,30.0,2+2,1+3,"(('model_3', 1), ('model_4', 1), ('model_5', 0), ('model_6', 1))",False,1,True,,migration cooldown active,0.11216706390676305,0.08573099691854455,0.11216706390676305
cooldown30,steady10s2,13,1787620604.8106394,30.0,2+2,2+2,"(('model_3', 1), ('model_4', 0), ('model_5', 0), ('model_6', 1))",False,0,True,,migration cooldown active,0.10933059808702952,0.09408353801584696,0.10933059808702952
cooldown30,steady10s2,14,1787620609.834758,30.0,2+2,2+2,"(('model_3', 1), ('model_4', 0), ('model_5', 0), ('model_6', 1))",False,0,False,,line-8 placement unchanged or every candidate blocked,0.10273196420453873,0.100825818074116,0.10273196420453873
cooldown30,steady10s2,15,1787620614.8627505,30.0,2+2,2+2,"(('model_3', 1), ('model_4', 0), ('model_5', 0), ('model_6', 1))",False,0,False,,line-8 placement unchanged or every candidate blocked,0.08867120513622834,0.11409868978117393,0.11409868978117393
cooldown30,steady10s2,16,1787620619.8762317,30.0,2+2,2+2,"(('model_3', 1), ('model_4', 0), ('model_5', 0), ('model_6', 1))",False,0,False,,line-8 placement unchanged or every candidate blocked,0.09722243189381971,0.12710313525129477,0.12710313525129477
cooldown30,steady10s2,17,1787620624.9151106,30.0,2+2,2+2,"(('model_3', 1), ('model_4', 0), ('model_5', 0), ('model_6', 1))",False,0,False,,line-8 placement unchanged or every candidate blocked,0.07699487036666937,0.11440017187212613,0.11440017187212613
cooldown30,steady10s2,18,1787620629.938821,30.0,2+2,2+2,"(('model_3', 1), ('model_4', 0), ('model_5', 0), ('model_6', 1))",False,0,False,,line-8 placement unchanged or every candidate blocked,0.07928444947266682,0.10661434316112701,0.10661434316112701
cooldown30,steady10s2,19,1787620635.000101,30.0,2+2,2+2,"(('model_3', 1), ('model_4', 0), ('model_5', 0), ('model_6', 1))",False,0,False,,line-8 placement unchanged or every candidate blocked,0.09884019649680019,0.10002433733999325,0.10002433733999325
cooldown30,steady10s2,20,1787620640.0159788,30.0,2+2,2+2,"(('model_3', 1), ('model_4', 0), ('model_5', 0), ('model_6', 1))",False,0,False,,line-8 placement unchanged or every candidate blocked,0.10198802173047125,0.11567038246536858,0.11567038246536858
cooldown30,steady10s2,21,1787620645.0360935,30.0,2+2,2+2,"(('model_3', 1), ('model_4', 0), ('model_5', 0), ('model_6', 1))",False,0,False,,line-8 placement unchanged or every candidate blocked,0.10395221915979773,0.11798835255820637,0.11798835255820637
cooldown30,steady10s2,22,1787620650.059974,30.0,2+2,2+2,"(('model_3', 1), ('model_4', 0), ('model_5', 0), ('model_6', 1))",False,0,False,,line-8 placement unchanged or every candidate blocked,0.10799026631194224,0.1082980987025649,0.1082980987025649
cooldown30,steady10s2,23,1787620655.0789587,30.0,2+2,2+2,"(('model_3', 1), ('model_4', 0), ('model_5', 0), ('model_6', 1))",False,0,False,,line-8 placement unchanged or every candidate blocked,0.08217694924457611,0.09144620472397927,0.09144620472397927
cooldown30,steady10s2,24,1787620660.101939,30.0,2+2,2+2,"(('model_3', 1), ('model_4', 0), ('model_5', 0), ('model_6', 1))",False,0,False,,line-8 placement unchanged or every candidate blocked,0.0842865926169571,0.11137876805258834,0.11137876805258834
cooldown30,steady10s2,25,1787620665.1265216,30.0,2+2,2+2,"(('model_3', 1), ('model_4', 0), ('model_5', 0), ('model_6', 1))",False,0,False,,line-8 placement unchanged or every candidate blocked,0.09580116450999848,0.11246603714528519,0.11246603714528519
cooldown30,steady10s2,26,1787620670.1501648,30.0,2+2,2+2,"(('model_3', 1), ('model_4', 0), ('model_5', 0), ('model_6', 1))",False,0,False,,line-8 placement unchanged or every candidate blocked,0.09627633177259334,0.10484760739800836,0.10484760739800836
cooldown30,steady10s2,27,1787620675.179031,30.0,2+2,2+2,"(('model_3', 1), ('model_4', 0), ('model_5', 0), ('model_6', 1))",False,0,False,,line-8 placement unchanged or every candidate blocked,0.08572958145018672,0.11133035378119542,0.11133035378119542
cooldown30,steady10s2,28,1787620680.2402732,30.0,2+2,2+2,"(('model_3', 1), ('model_4', 0), ('model_5', 0), ('model_6', 1))",False,0,False,,line-8 placement unchanged or every candidate blocked,0.08370267784839781,0.11057202561194718,0.11057202561194718
cooldown30,steady10s2,29,1787620685.2689219,30.0,2+2,2+2,"(('model_3', 1), ('model_4', 0), ('model_5', 0), ('model_6', 1))",False,0,False,,line-8 placement unchanged or every candidate blocked,0.07767887377767173,0.11525104624418782,0.11525104624418782
cooldown30,steady10s2,30,1787620690.300275,30.0,2+2,2+2,"(('model_3', 1), ('model_4', 0), ('model_5', 0), ('model_6', 1))",False,0,False,,line-8 placement unchanged or every candidate blocked,0.08407156664444214,0.1166175061036161,0.1166175061036161
cooldown30,steady10s2,31,1787620695.3379493,30.0,2+2,2+2,"(('model_3', 1), ('model_4', 0), ('model_5', 0), ('model_6', 1))",False,0,False,,line-8 placement unchanged or every candidate blocked,0.07684522390506529,0.08839863591887165,0.08839863591887165
cooldown30,steady10s2,32,1787620700.3854291,30.0,2+2,2+2,"(('model_3', 1), ('model_4', 0), ('model_5', 0), ('model_6', 1))",False,0,False,,line-8 placement unchanged or every candidate blocked,0.07409096112985528,0.09621983041358077,0.09621983041358077
cooldown30,steady10s2,33,1787620705.4716735,30.0,2+2,2+2,"(('model_3', 1), ('model_4', 0), ('model_5', 0), ('model_6', 1))",False,0,False,,line-8 placement unchanged or every candidate blocked,0.086951580549508,0.10170842236017233,0.10170842236017233
cooldown30,steady10s2,34,1787620710.5015106,30.0,2+2,2+2,"(('model_3', 1), ('model_4', 0), ('model_5', 0), ('model_6', 1))",False,0,False,,line-8 placement unchanged or every candidate blocked,0.10326185022987833,0.10304650517177033,0.10326185022987833
cooldown30,steady10s2,35,1787620715.5328858,30.0,2+2,2+2,"(('model_3', 1), ('model_4', 0), ('model_5', 0), ('model_6', 1))",False,0,False,,line-8 placement unchanged or every candidate blocked,0.10799122469122921,0.09911754144638496,0.10799122469122921
cooldown30,steady10s2,36,1787620720.5665438,30.0,2+2,2+2,"(('model_3', 1), ('model_4', 0), ('model_5', 0), ('model_6', 1))",False,0,False,,line-8 placement unchanged or every candidate blocked,0.11189945655356413,0.09745596624320031,0.11189945655356413
cooldown30,steady10s2,37,1787620725.6029358,30.0,2+2,2+2,"(('model_3', 1), ('model_4', 0), ('model_5', 0), ('model_6', 1))",False,0,False,,line-8 placement unchanged or every candidate blocked,0.10271376478249779,0.11354906933477218,0.11354906933477218
cooldown30,steady10s2,38,1787620730.6390302,30.0,2+2,2+2,"(('model_3', 1), ('model_4', 0), ('model_5', 0), ('model_6', 1))",False,0,False,,line-8 placement unchanged or every candidate blocked,0.09975299597720001,0.11294932304144552,0.11294932304144552
cooldown30,steady10s2,39,1787620735.6771994,30.0,2+2,2+2,"(('model_3', 1), ('model_4', 0), ('model_5', 0), ('model_6', 1))",False,0,False,,line-8 placement unchanged or every candidate blocked,0.10144930530635712,0.12433380481517259,0.12433380481517259
cooldown30,steady10s2,40,1787620740.7169778,30.0,2+2,2+2,"(('model_3', 1), ('model_4', 0), ('model_5', 0), ('model_6', 1))",False,0,False,,line-8 placement unchanged or every candidate blocked,0.11592075439832035,0.1176871314064114,0.1176871314064114
cooldown30,steady10s2,41,1787620745.7685907,30.0,2+2,2+2,"(('model_3', 1), ('model_4', 0), ('model_5', 0), ('model_6', 1))",False,0,False,,line-8 placement unchanged or every candidate blocked,0.1027970183356372,0.09694112349396097,0.1027970183356372
cooldown30,steady10s2,42,1787620750.8095505,30.0,2+2,2+2,"(('model_3', 1), ('model_4', 0), ('model_5', 0), ('model_6', 1))",False,0,False,,line-8 placement unchanged or every candidate blocked,0.10604400225251055,0.09004390247135681,0.10604400225251055
cooldown30,steady10s2,43,1787620755.8579667,30.0,2+2,2+2,"(('model_3', 1), ('model_4', 0), ('model_5', 0), ('model_6', 1))",False,0,False,,line-8 placement unchanged or every candidate blocked,0.09580806467472011,0.08904170041138733,0.09580806467472011
cooldown30,steady10s2,44,1787620760.8962994,30.0,2+2,2+2,"(('model_3', 1), ('model_4', 0), ('model_5', 0), ('model_6', 1))",False,0,False,,line-8 placement unchanged or every candidate blocked,0.09000763896199142,0.09497115617504458,0.09497115617504458
cooldown30,steady10s2,45,1787620765.9338882,30.0,2+2,2+2,"(('model_3', 1), ('model_4', 1), ('model_5', 0), ('model_6', 0))",False,2,False,MIGRATE,literal line-8 absolute delta exceeds tau,0.07770404101324067,0.10358369985453822,0.10358369985453822
cooldown30,steady10s2,46,1787620770.971077,30.0,1+3,2+2,"(('model_3', 1), ('model_4', 0), ('model_5', 0), ('model_6', 1))",False,1,True,,migration cooldown active,0.07624704230236029,0.11633285090668523,0.11633285090668523
cooldown30,steady10s2,47,1787620776.012422,30.0,1+3,2+2,"(('model_3', 1), ('model_4', 0), ('model_5', 0), ('model_6', 1))",False,1,True,,migration cooldown active,0.08460973273610743,0.15160294292659984,0.15160294292659984
cooldown30,steady10s2,48,1787620781.4503596,30.0,1+3,2+2,"(('model_3', 1), ('model_4', 1), ('model_5', 0), ('model_6', 0))",False,1,True,,migration cooldown active,0.07945705516193324,0.1564361516210159,0.1564361516210159
cooldown30,steady10s2,49,1787620786.5157008,30.0,1+3,2+2,"(('model_3', 1), ('model_4', 1), ('model_5', 0), ('model_6', 0))",False,1,True,,migration cooldown active,0.06328134577129291,0.14460237961637692,0.14460237961637692
cooldown30,steady10s2,50,1787620791.5595622,30.0,1+3,2+2,"(('model_3', 1), ('model_4', 0), ('model_5', 0), ('model_6', 1))",False,1,True,,migration cooldown active,0.10212287102011729,0.12365362411807199,0.12365362411807199
cooldown30,steady10s2,51,1787620796.604929,30.0,1+3,2+2,"(('model_3', 1), ('model_4', 0), ('model_5', 0), ('model_6', 1))",False,1,False,MIGRATE,literal line-8 absolute delta exceeds tau,0.09351314776409524,0.13264698419355253,0.13264698419355253
cooldown30,steady10s2,52,1787620801.646879,30.0,2+2,2+2,"(('model_3', 1), ('model_4', 0), ('model_5', 0), ('model_6', 1))",False,0,True,,migration cooldown active,0.09470760298557306,0.10765881429205719,0.10765881429205719
cooldown30,steady10s2,53,1787620806.7196972,30.0,2+2,2+2,"(('model_3', 1), ('model_4', 0), ('model_5', 0), ('model_6', 1))",False,0,True,,migration cooldown active,0.09833022348244239,0.11525933006959271,0.11525933006959271
cooldown30,steady10s2,54,1787620811.7650545,30.0,2+2,2+2,"(('model_3', 1), ('model_4', 0), ('model_5', 0), ('model_6', 1))",False,0,True,,migration cooldown active,0.1183640155253363,0.12123037380213778,0.12123037380213778
cooldown30,steady10s2,55,1787620816.809723,30.0,2+2,2+2,"(('model_3', 1), ('model_4', 0), ('model_5', 0), ('model_6', 1))",False,0,True,,migration cooldown active,0.1055030486336458,0.12012423071822817,0.12012423071822817
cooldown30,steady10s2,56,1787620821.8574355,30.0,2+2,2+2,"(('model_3', 1), ('model_4', 0), ('model_5', 0), ('model_6', 1))",False,0,True,,migration cooldown active,0.10410390004782383,0.11788919505580839,0.11788919505580839
cooldown30,steady10s2,57,1787620826.9065826,30.0,2+2,2+2,"(('model_3', 1), ('model_4', 0), ('model_5', 0), ('model_6', 1))",False,0,False,,line-8 placement unchanged or every candidate blocked,0.10898813759132386,0.11997942411936774,0.11997942411936774
cooldown30,steady10s2,58,1787620831.9621377,30.0,2+2,2+2,"(('model_3', 1), ('model_4', 0), ('model_5', 0), ('model_6', 1))",False,0,False,,line-8 placement unchanged or every candidate blocked,0.1041658551342016,0.12395629634915853,0.12395629634915853
cooldown30,steady10s2,59,1787620837.012014,30.0,2+2,2+2,"(('model_3', 1), ('model_4', 0), ('model_5', 0), ('model_6', 1))",False,0,False,,line-8 placement unchanged or every candidate blocked,0.08922689998528206,0.0976554816031971,0.0976554816031971
cooldown30,steady10s2,60,1787620842.083383,30.0,2+2,2+2,"(('model_3', 1), ('model_4', 0), ('model_5', 0), ('model_6', 1))",False,0,False,,line-8 placement unchanged or every candidate blocked,0.10131060886885974,0.11632485777057351,0.11632485777057351
cooldown30,steady10s2,61,1787620847.1619313,30.0,2+2,2+2,"(('model_3', 1), ('model_4', 0), ('model_5', 0), ('model_6', 1))",False,0,False,,line-8 placement unchanged or every candidate blocked,0.09249612986523943,0.09183800392804238,0.09249612986523943
cooldown30,steady10s2,62,1787620852.214541,30.0,2+2,2+2,"(('model_3', 1), ('model_4', 0), ('model_5', 0), ('model_6', 1))",False,0,False,,line-8 placement unchanged or every candidate blocked,0.09737854474292347,0.09619076503370833,0.09737854474292347
cooldown30,steady10s2,63,1787620857.2674778,30.0,2+2,2+2,"(('model_3', 1), ('model_4', 0), ('model_5', 0), ('model_6', 1))",False,0,False,,line-8 placement unchanged or every candidate blocked,0.09364888328449782,0.09687053565099399,0.09687053565099399
cooldown30,steady10s2,64,1787620862.716518,30.0,2+2,1+3,"(('model_3', 1), ('model_4', 1), ('model_5', 0), ('model_6', 1))",False,1,False,MIGRATE,literal line-8 absolute delta exceeds tau,0.12669341617924604,0.08771166522352111,0.12669341617924604
cooldown30,steady10s2,65,1787620867.7952614,30.0,1+3,1+3,"(('model_3', 1), ('model_4', 1), ('model_5', 0), ('model_6', 1))",False,0,True,,migration cooldown active,0.13845059836824972,0.10647112922351065,0.13845059836824972
cooldown30,steady10s2,66,1787620872.8571985,30.0,1+3,1+3,"(('model_3', 1), ('model_4', 1), ('model_5', 0), ('model_6', 1))",False,0,True,,migration cooldown active,0.0997251601866784,0.1176517529272598,0.1176517529272598
cooldown30,steady10s2,67,1787620877.937898,30.0,1+3,2+2,"(('model_3', 1), ('model_4', 0), ('model_5', 0), ('model_6', 1))",False,1,True,,migration cooldown active,0.07925031717829781,0.12021467858403953,0.12021467858403953
cooldown30,steady10s2,68,1787620882.9998608,30.0,1+3,2+2,"(('model_3', 1), ('model_4', 0), ('model_5', 0), ('model_6', 1))",False,1,True,,migration cooldown active,0.08455357457191558,0.12602883594425812,0.12602883594425812
cooldown30,steady10s2,69,1787620888.0583212,30.0,1+3,2+2,"(('model_3', 1), ('model_4', 0), ('model_5', 0), ('model_6', 1))",False,1,True,,migration cooldown active,0.09915404029891868,0.12298522135304546,0.12298522135304546
cooldown30,steady10s2,70,1787620893.1213422,30.0,1+3,2+2,"(('model_3', 1), ('model_4', 0), ('model_5', 0), ('model_6', 1))",False,1,False,MIGRATE,literal line-8 absolute delta exceeds tau,0.08466460535185909,0.12480685671419159,0.12480685671419159
cooldown30,steady10s2,71,1787620898.178406,30.0,2+2,2+2,"(('model_3', 1), ('model_4', 0), ('model_5', 0), ('model_6', 1))",False,0,True,,migration cooldown active,0.1179405601006108,0.1269832576339569,0.1269832576339569
cooldown30,steady10s2,72,1787620903.2468407,30.0,2+2,2+2,"(('model_3', 1), ('model_4', 0), ('model_5', 0), ('model_6', 1))",False,0,True,,migration cooldown active,0.1261594077247406,0.13106269542811155,0.13106269542811155
cooldown30,steady10s2,73,1787620908.3118987,30.0,2+2,1+3,"(('model_3', 1), ('model_4', 1), ('model_5', 0), ('model_6', 1))",False,1,True,,migration cooldown active,0.12060177467153436,0.08882280483042036,0.12060177467153436
cooldown30,steady10s2,74,1787620913.4099357,30.0,2+2,1+3,"(('model_3', 1), ('model_4', 1), ('model_5', 0), ('model_6', 1))",False,1,True,,migration cooldown active,0.09879790423290298,0.08243981827027624,0.09879790423290298
cooldown30,steady10s2,75,1787620918.48216,30.0,2+2,2+2,"(('model_3', 1), ('model_4', 0), ('model_5', 0), ('model_6', 1))",False,0,True,,migration cooldown active,0.10995001298161225,0.09596755143195079,0.10995001298161225
cooldown30,steady10s2,76,1787620923.8244894,30.0,2+2,2+2,"(('model_3', 1), ('model_4', 0), ('model_5', 0), ('model_6', 1))",False,0,False,,line-8 placement unchanged or every candidate blocked,0.09243870480535016,0.10477664685253407,0.10477664685253407
cooldown30,steady10s2,77,1787620928.888934,30.0,2+2,2+2,"(('model_3', 1), ('model_4', 0), ('model_5', 0), ('model_6', 1))",False,0,False,,line-8 placement unchanged or every candidate blocked,0.09923430377135402,0.11865561653306661,0.11865561653306661
cooldown30,steady10s2,78,1787620933.951959,30.0,2+2,2+2,"(('model_3', 1), ('model_4', 0), ('model_5', 0), ('model_6', 1))",False,0,False,,line-8 placement unchanged or every candidate blocked,0.08392683247693082,0.11568136702811743,0.11568136702811743
cooldown30,steady10s2,79,1787620939.07115,30.0,2+2,2+2,"(('model_3', 1), ('model_4', 0), ('model_5', 0), ('model_6', 1))",False,0,False,,line-8 placement unchanged or every candidate blocked,0.08478349149355485,0.12454714691603948,0.12454714691603948
cooldown30,steady10s2,80,1787620944.142726,30.0,2+2,2+2,"(('model_3', 1), ('model_4', 0), ('model_5', 0), ('model_6', 1))",False,0,False,,line-8 placement unchanged or every candidate blocked,0.10338889294306476,0.13123300327759627,0.13123300327759627
cooldown30,steady10s2,81,1787620949.2298954,30.0,2+2,2+2,"(('model_3', 1), ('model_4', 0), ('model_5', 0), ('model_6', 1))",False,0,False,,line-8 placement unchanged or every candidate blocked,0.09972288688113391,0.11712792683097224,0.11712792683097224
cooldown30,steady10s2,82,1787620954.3303227,30.0,2+2,2+2,"(('model_3', 1), ('model_4', 0), ('model_5', 0), ('model_6', 1))",False,0,False,,line-8 placement unchanged or every candidate blocked,0.1053698864480973,0.10649178484601587,0.10649178484601587
cooldown30,steady10s2,83,1787620959.3986764,30.0,2+2,2+2,"(('model_3', 1), ('model_4', 0), ('model_5', 0), ('model_6', 1))",False,0,False,,line-8 placement unchanged or every candidate blocked,0.09416852203890837,0.10996171050932319,0.10996171050932319
cooldown30,steady10s2,84,1787620964.4688125,30.0,2+2,2+2,"(('model_3', 1), ('model_4', 0), ('model_5', 0), ('model_6', 1))",False,0,False,,line-8 placement unchanged or every candidate blocked,0.0869266696692543,0.09136745860042704,0.09136745860042704
cooldown30,steady10s2,85,1787620969.5437045,30.0,2+2,2+2,"(('model_3', 1), ('model_4', 0), ('model_5', 0), ('model_6', 1))",False,0,False,,line-8 placement unchanged or every candidate blocked,0.07590843242118495,0.07453573788224992,0.07590843242118495
cooldown30,steady10s2,86,1787620974.6117523,30.0,2+2,2+2,"(('model_3', 1), ('model_4', 0), ('model_5', 0), ('model_6', 1))",False,0,False,,line-8 placement unchanged or every candidate blocked,0.0421172565788504,0.04290151946902942,0.04290151946902942
cooldown0,steady8s1,1,1787632122.9430425,30.0,2+2,1+3,"(('model_3', 1), ('model_4', 0), ('model_5', 0), ('model_6', 0))",False,1,False,MIGRATE,literal line-8 absolute delta exceeds tau,0.0,0.0012023810729793547,0.0012023810729793547
cooldown0,steady8s1,2,1787632128.2468565,30.0,1+3,2+2,"(('model_3', 1), ('model_4', 1), ('model_5', 0), ('model_6', 0))",False,1,False,MIGRATE,literal line-8 absolute delta exceeds tau,0.016418599076552045,0.005476924671372293,0.016418599076552045
cooldown0,steady8s1,3,1787632133.3504903,30.0,2+2,2+2,"(('model_3', 1), ('model_4', 0), ('model_5', 0), ('model_6', 1))",False,2,False,MIGRATE,literal line-8 absolute delta exceeds tau,0.045460978681504435,0.020479545807054987,0.045460978681504435
cooldown0,steady8s1,4,1787632139.0421576,30.0,1+3,1+3,"(('model_3', 1), ('model_4', 1), ('model_5', 0), ('model_6', 1))",False,0,False,,line-8 placement unchanged or every candidate blocked,0.0544740343676387,0.05952922555918126,0.05952922555918126
cooldown0,steady8s1,5,1787632144.06553,30.0,1+3,2+2,"(('model_3', 1), ('model_4', 0), ('model_5', 0), ('model_6', 1))",False,1,False,MIGRATE,literal line-8 absolute delta exceeds tau,0.04738647629954252,0.07062908561418468,0.07062908561418468
cooldown0,steady8s1,6,1787632149.072073,30.0,2+2,2+2,"(('model_3', 1), ('model_4', 0), ('model_5', 0), ('model_6', 1))",False,0,False,,line-8 placement unchanged or every candidate blocked,0.058375785751022306,0.09395204814820036,0.09395204814820036
cooldown0,steady8s1,7,1787632154.104499,30.0,2+2,2+2,"(('model_3', 1), ('model_4', 1), ('model_5', 0), ('model_6', 0))",False,2,False,MIGRATE,literal line-8 absolute delta exceeds tau,0.05828037963929438,0.10666314329895762,0.10666314329895762
cooldown0,steady8s1,8,1787632159.1302824,30.0,1+3,2+2,"(('model_3', 1), ('model_4', 1), ('model_5', 0), ('model_6', 0))",False,1,False,MIGRATE,literal line-8 absolute delta exceeds tau,0.03714960124225549,0.10582338428677501,0.10582338428677501
cooldown0,steady8s1,9,1787632164.168588,30.0,2+2,2+2,"(('model_3', 1), ('model_4', 1), ('model_5', 0), ('model_6', 0))",False,0,False,,line-8 placement unchanged or every candidate blocked,0.07204535297180045,0.06696244112651985,0.07204535297180045
cooldown0,steady8s1,10,1787632169.181956,30.0,2+2,2+2,"(('model_3', 1), ('model_4', 1), ('model_5', 0), ('model_6', 0))",False,0,False,,line-8 placement unchanged or every candidate blocked,0.08573914682942202,0.05684165135052499,0.08573914682942202
cooldown0,steady8s1,11,1787632174.1959248,30.0,2+2,2+2,"(('model_3', 1), ('model_4', 1), ('model_5', 0), ('model_6', 0))",False,0,False,,line-8 placement unchanged or every candidate blocked,0.07651776348255408,0.052995178296436275,0.07651776348255408
cooldown0,steady8s1,12,1787632179.2257624,30.0,2+2,2+2,"(('model_3', 1), ('model_4', 1), ('model_5', 0), ('model_6', 0))",False,0,False,,line-8 placement unchanged or every candidate blocked,0.074692734060454,0.07099585550921182,0.074692734060454
cooldown0,steady8s1,13,1787632184.2404408,30.0,2+2,2+2,"(('model_3', 1), ('model_4', 1), ('model_5', 0), ('model_6', 0))",False,0,False,,line-8 placement unchanged or every candidate blocked,0.07429921555924669,0.06444603110571491,0.07429921555924669
cooldown0,steady8s1,14,1787632189.2862434,30.0,2+2,2+2,"(('model_3', 1), ('model_4', 1), ('model_5', 0), ('model_6', 0))",False,0,False,,line-8 placement unchanged or every candidate blocked,0.0844741499522413,0.05604179242308281,0.0844741499522413
cooldown0,steady8s1,15,1787632194.3042936,30.0,2+2,2+2,"(('model_3', 1), ('model_4', 1), ('model_5', 0), ('model_6', 0))",False,0,False,,line-8 placement unchanged or every candidate blocked,0.0875281949760511,0.053908251154436836,0.0875281949760511
cooldown0,steady8s1,16,1787632199.3678868,30.0,2+2,2+2,"(('model_3', 1), ('model_4', 1), ('model_5', 0), ('model_6', 0))",False,0,False,,line-8 placement unchanged or every candidate blocked,0.0944719370759064,0.05105177375504689,0.0944719370759064
cooldown0,steady8s1,17,1787632204.3865054,30.0,2+2,2+2,"(('model_3', 1), ('model_4', 0), ('model_5', 1), ('model_6', 0))",False,2,False,MIGRATE,literal line-8 absolute delta exceeds tau,0.09672563470075053,0.03966364322360201,0.09672563470075053
cooldown0,steady8s1,18,1787632209.4036674,30.0,1+3,2+2,"(('model_3', 1), ('model_4', 0), ('model_5', 1), ('model_6', 0))",False,1,False,MIGRATE,literal line-8 absolute delta exceeds tau,0.04146658101518295,0.07920552739911386,0.07920552739911386
cooldown0,steady8s1,19,1787632214.4249015,30.0,2+2,2+2,"(('model_3', 0), ('model_4', 1), ('model_5', 1), ('model_6', 0))",False,2,False,MIGRATE,literal line-8 absolute delta exceeds tau,0.036205751734467474,0.09726217090789542,0.09726217090789542
cooldown0,steady8s1,20,1787632219.4699776,30.0,1+3,2+2,"(('model_3', 0), ('model_4', 1), ('model_5', 1), ('model_6', 0))",False,1,False,MIGRATE,literal line-8 absolute delta exceeds tau,0.07149463144783964,0.04781764375120175,0.07149463144783964
cooldown0,steady8s1,21,1787632224.4874408,30.0,2+2,2+2,"(('model_3', 0), ('model_4', 0), ('model_5', 1), ('model_6', 1))",False,2,False,MIGRATE,literal line-8 absolute delta exceeds tau,0.09028849630502928,0.03688809578194373,0.09028849630502928
cooldown0,steady8s1,22,1787632229.5050235,30.0,1+3,2+2,"(('model_3', 0), ('model_4', 0), ('model_5', 1), ('model_6', 1))",False,1,False,MIGRATE,literal line-8 absolute delta exceeds tau,0.11724723421779494,0.043006801893488156,0.11724723421779494
cooldown0,steady8s1,23,1787632234.8519661,30.0,2+2,2+2,"(('model_3', 0), ('model_4', 0), ('model_5', 1), ('model_6', 1))",False,0,False,,line-8 placement unchanged or every candidate blocked,0.05766292522152234,0.07156765900865432,0.07156765900865432
cooldown0,steady8s1,24,1787632239.873753,30.0,2+2,2+2,"(('model_3', 0), ('model_4', 0), ('model_5', 1), ('model_6', 1))",False,0,False,,line-8 placement unchanged or every candidate blocked,0.05498494483306045,0.07483736906679087,0.07483736906679087
cooldown0,steady8s1,25,1787632244.897315,30.0,2+2,2+2,"(('model_3', 0), ('model_4', 0), ('model_5', 1), ('model_6', 1))",False,0,False,,line-8 placement unchanged or every candidate blocked,0.0638250852815327,0.09153190744143405,0.09153190744143405
cooldown0,steady8s1,26,1787632249.9208355,30.0,2+2,2+2,"(('model_3', 0), ('model_4', 0), ('model_5', 1), ('model_6', 1))",False,0,False,,line-8 placement unchanged or every candidate blocked,0.06279144018700626,0.09461177524869105,0.09461177524869105
cooldown0,steady8s1,27,1787632254.9493115,30.0,2+2,2+2,"(('model_3', 0), ('model_4', 0), ('model_5', 1), ('model_6', 1))",False,0,False,,line-8 placement unchanged or every candidate blocked,0.04821089249950665,0.08535566015576374,0.08535566015576374
cooldown0,steady8s1,28,1787632259.9758933,30.0,2+2,2+2,"(('model_3', 0), ('model_4', 0), ('model_5', 1), ('model_6', 1))",False,0,False,,line-8 placement unchanged or every candidate blocked,0.0697713089344039,0.07915563004926984,0.07915563004926984
cooldown0,steady8s1,29,1787632265.0003688,30.0,2+2,2+2,"(('model_3', 0), ('model_4', 0), ('model_5', 1), ('model_6', 1))",False,0,False,,line-8 placement unchanged or every candidate blocked,0.06878580368465707,0.09709491641355918,0.09709491641355918
cooldown0,steady8s1,30,1787632270.0216236,30.0,2+2,2+2,"(('model_3', 0), ('model_4', 0), ('model_5', 1), ('model_6', 1))",False,0,False,,line-8 placement unchanged or every candidate blocked,0.04890570682991954,0.08442588828716967,0.08442588828716967
cooldown0,steady8s1,31,1787632275.0449936,30.0,2+2,2+2,"(('model_3', 0), ('model_4', 0), ('model_5', 1), ('model_6', 1))",False,0,False,,line-8 placement unchanged or every candidate blocked,0.06419790802507586,0.08474959698814281,0.08474959698814281
cooldown0,steady8s1,32,1787632280.0669262,30.0,2+2,2+2,"(('model_3', 0), ('model_4', 0), ('model_5', 1), ('model_6', 1))",False,0,False,,line-8 placement unchanged or every candidate blocked,0.06226415627873373,0.08287166944685335,0.08287166944685335
cooldown0,steady8s1,33,1787632285.0917003,30.0,2+2,2+2,"(('model_3', 0), ('model_4', 0), ('model_5', 1), ('model_6', 1))",False,0,False,,line-8 placement unchanged or every candidate blocked,0.06559504964600524,0.09837025003271542,0.09837025003271542
cooldown0,steady8s1,34,1787632290.1154137,30.0,2+2,2+2,"(('model_3', 0), ('model_4', 1), ('model_5', 1), ('model_6', 0))",False,2,False,,line-8 placement unchanged or every candidate blocked,0.057302663868421894,0.1029595317236727,0.1029595317236727
cooldown0,steady8s1,35,1787632295.1509032,30.0,2+2,2+2,"(('model_3', 0), ('model_4', 0), ('model_5', 1), ('model_6', 1))",False,0,False,,line-8 placement unchanged or every candidate blocked,0.05103147491178256,0.08396944174627805,0.08396944174627805
cooldown0,steady8s1,36,1787632300.2085567,30.0,2+2,2+2,"(('model_3', 0), ('model_4', 1), ('model_5', 0), ('model_6', 1))",False,2,False,,line-8 placement unchanged or every candidate blocked,0.04654353488716249,0.08310724431071136,0.08310724431071136
cooldown0,steady8s1,37,1787632305.262144,30.0,2+2,2+2,"(('model_3', 0), ('model_4', 0), ('model_5', 1), ('model_6', 1))",False,0,False,,line-8 placement unchanged or every candidate blocked,0.049301621728096066,0.08173088351558845,0.08173088351558845
cooldown0,steady8s1,38,1787632310.290559,30.0,2+2,2+2,"(('model_3', 0), ('model_4', 0), ('model_5', 1), ('model_6', 1))",False,0,False,,line-8 placement unchanged or every candidate blocked,0.05816712404695531,0.09224288181196842,0.09224288181196842
cooldown0,steady8s1,39,1787632315.3210065,30.0,2+2,2+2,"(('model_3', 0), ('model_4', 0), ('model_5', 1), ('model_6', 1))",False,0,False,,line-8 placement unchanged or every candidate blocked,0.06682724043408408,0.0840346257169024,0.0840346257169024
cooldown0,steady8s1,40,1787632320.3519776,30.0,2+2,2+2,"(('model_3', 0), ('model_4', 0), ('model_5', 1), ('model_6', 1))",False,0,False,,line-8 placement unchanged or every candidate blocked,0.07331563156131286,0.08566078841210682,0.08566078841210682
cooldown0,steady8s1,41,1787632325.3840466,30.0,2+2,2+2,"(('model_3', 0), ('model_4', 0), ('model_5', 1), ('model_6', 1))",False,0,False,,line-8 placement unchanged or every candidate blocked,0.06144511884991708,0.08507723575191274,0.08507723575191274
cooldown0,steady8s1,42,1787632330.4151158,30.0,2+2,2+2,"(('model_3', 0), ('model_4', 0), ('model_5', 1), ('model_6', 1))",False,0,False,,line-8 placement unchanged or every candidate blocked,0.06661362084623002,0.07618452407997656,0.07618452407997656
cooldown0,steady8s1,43,1787632335.4924417,30.0,2+2,2+2,"(('model_3', 0), ('model_4', 0), ('model_5', 1), ('model_6', 1))",False,0,False,,line-8 placement unchanged or every candidate blocked,0.06269968135959901,0.0739057632003392,0.0739057632003392
cooldown0,steady8s1,44,1787632340.539471,30.0,2+2,2+2,"(('model_3', 0), ('model_4', 0), ('model_5', 1), ('model_6', 1))",False,0,False,,line-8 placement unchanged or every candidate blocked,0.06950663106726282,0.07730977247759152,0.07730977247759152
cooldown0,steady8s1,45,1787632345.585548,30.0,2+2,2+2,"(('model_3', 0), ('model_4', 0), ('model_5', 1), ('model_6', 1))",False,0,False,,line-8 placement unchanged or every candidate blocked,0.05579788073467583,0.08158311264584353,0.08158311264584353
cooldown0,steady8s1,46,1787632350.6205769,30.0,2+2,2+2,"(('model_3', 0), ('model_4', 0), ('model_5', 1), ('model_6', 1))",False,0,False,,line-8 placement unchanged or every candidate blocked,0.06516580599448657,0.08484753285272682,0.08484753285272682
cooldown0,steady8s1,47,1787632355.6553085,30.0,2+2,2+2,"(('model_3', 0), ('model_4', 0), ('model_5', 1), ('model_6', 1))",False,0,False,,line-8 placement unchanged or every candidate blocked,0.057714300154873145,0.07539595867903591,0.07539595867903591
cooldown0,steady8s1,48,1787632360.6892457,30.0,2+2,2+2,"(('model_3', 0), ('model_4', 0), ('model_5', 1), ('model_6', 1))",False,0,False,,line-8 placement unchanged or every candidate blocked,0.052891038916225944,0.07001246646132847,0.07001246646132847
cooldown0,steady8s1,49,1787632365.7477522,30.0,2+2,2+2,"(('model_3', 0), ('model_4', 1), ('model_5', 0), ('model_6', 1))",False,2,False,,line-8 placement unchanged or every candidate blocked,0.037764094523121634,0.07239645762822765,0.07239645762822765
cooldown0,steady8s1,50,1787632370.8064325,30.0,2+2,2+2,"(('model_3', 0), ('model_4', 0), ('model_5', 1), ('model_6', 1))",False,0,False,,line-8 placement unchanged or every candidate blocked,0.04568197156754441,0.08141994378230438,0.08141994378230438
cooldown0,steady8s1,51,1787632375.848008,30.0,2+2,2+2,"(('model_3', 0), ('model_4', 1), ('model_5', 0), ('model_6', 1))",False,2,False,,line-8 placement unchanged or every candidate blocked,0.030721361071842347,0.07735192673737844,0.07735192673737844
cooldown0,steady8s1,52,1787632380.9075418,30.0,2+2,2+2,"(('model_3', 0), ('model_4', 0), ('model_5', 1), ('model_6', 1))",False,0,False,,line-8 placement unchanged or every candidate blocked,0.043909472970667274,0.07875081345927055,0.07875081345927055
cooldown0,steady8s1,53,1787632385.974213,30.0,2+2,2+2,"(('model_3', 0), ('model_4', 0), ('model_5', 1), ('model_6', 1))",False,0,False,,line-8 placement unchanged or every candidate blocked,0.045287775600209614,0.07535237686942728,0.07535237686942728
cooldown0,steady8s1,54,1787632391.0141673,30.0,2+2,2+2,"(('model_3', 0), ('model_4', 0), ('model_5', 1), ('model_6', 1))",False,0,False,,line-8 placement unchanged or every candidate blocked,0.04511055480348807,0.06870587826122551,0.06870587826122551
cooldown0,steady8s1,55,1787632396.05264,30.0,2+2,2+2,"(('model_3', 0), ('model_4', 0), ('model_5', 1), ('model_6', 1))",False,0,False,,line-8 placement unchanged or every candidate blocked,0.062041366889457085,0.07498023251467643,0.07498023251467643
cooldown0,steady8s1,56,1787632401.091276,30.0,2+2,2+2,"(('model_3', 0), ('model_4', 0), ('model_5', 1), ('model_6', 1))",False,0,False,,line-8 placement unchanged or every candidate blocked,0.05855650171412152,0.08103817442209837,0.08103817442209837
cooldown0,steady8s1,57,1787632406.132309,30.0,2+2,2+2,"(('model_3', 0), ('model_4', 0), ('model_5', 1), ('model_6', 1))",False,0,False,,line-8 placement unchanged or every candidate blocked,0.05635419016864913,0.08898614038872087,0.08898614038872087
cooldown0,steady8s1,58,1787632411.172985,30.0,2+2,2+2,"(('model_3', 0), ('model_4', 1), ('model_5', 1), ('model_6', 0))",False,2,False,,line-8 placement unchanged or every candidate blocked,0.04383496301299735,0.09861795776773942,0.09861795776773942
cooldown0,steady8s1,59,1787632416.222463,30.0,2+2,2+2,"(('model_3', 0), ('model_4', 0), ('model_5', 1), ('model_6', 1))",False,0,False,,line-8 placement unchanged or every candidate blocked,0.059848299935617216,0.08253113208837874,0.08253113208837874
cooldown0,steady8s1,60,1787632421.2662466,30.0,2+2,2+2,"(('model_3', 0), ('model_4', 0), ('model_5', 1), ('model_6', 1))",False,0,False,,line-8 placement unchanged or every candidate blocked,0.06571915938495715,0.08457884216024858,0.08457884216024858
cooldown0,steady8s1,61,1787632426.3166375,30.0,2+2,2+2,"(('model_3', 0), ('model_4', 0), ('model_5', 1), ('model_6', 1))",False,0,False,,line-8 placement unchanged or every candidate blocked,0.0543095807081563,0.08646243617793387,0.08646243617793387
cooldown0,steady8s1,62,1787632431.3576386,30.0,2+2,2+2,"(('model_3', 0), ('model_4', 0), ('model_5', 1), ('model_6', 1))",False,0,False,,line-8 placement unchanged or every candidate blocked,0.06201972060633212,0.09573692738513766,0.09573692738513766
cooldown0,steady8s1,63,1787632436.3982503,30.0,2+2,2+2,"(('model_3', 0), ('model_4', 0), ('model_5', 1), ('model_6', 1))",False,0,False,,line-8 placement unchanged or every candidate blocked,0.07419615879393128,0.09920161502241612,0.09920161502241612
cooldown0,steady8s1,64,1787632441.4664063,30.0,2+2,2+2,"(('model_3', 0), ('model_4', 0), ('model_5', 1), ('model_6', 1))",False,0,False,,line-8 placement unchanged or every candidate blocked,0.06542235353930312,0.1010604309745624,0.1010604309745624
cooldown0,steady8s1,65,1787632446.5090287,30.0,2+2,2+2,"(('model_3', 0), ('model_4', 0), ('model_5', 1), ('model_6', 1))",False,0,False,,line-8 placement unchanged or every candidate blocked,0.06623371501112682,0.10473288969097677,0.10473288969097677
cooldown0,steady8s1,66,1787632451.55757,30.0,2+2,2+2,"(('model_3', 0), ('model_4', 0), ('model_5', 1), ('model_6', 1))",False,0,False,,line-8 placement unchanged or every candidate blocked,0.06855482273887538,0.0950043877873963,0.0950043877873963
cooldown0,steady8s1,67,1787632456.60388,30.0,2+2,2+2,"(('model_3', 0), ('model_4', 0), ('model_5', 1), ('model_6', 1))",False,0,False,,line-8 placement unchanged or every candidate blocked,0.056770940634066416,0.09935012540154554,0.09935012540154554
cooldown0,steady8s1,68,1787632461.6643548,30.0,2+2,2+2,"(('model_3', 0), ('model_4', 0), ('model_5', 1), ('model_6', 1))",False,0,False,,line-8 placement unchanged or every candidate blocked,0.057648241583678386,0.10425601679761536,0.10425601679761536
cooldown0,steady8s1,69,1787632466.7198553,30.0,2+2,2+2,"(('model_3', 0), ('model_4', 0), ('model_5', 1), ('model_6', 1))",False,0,False,,line-8 placement unchanged or every candidate blocked,0.049979039271239915,0.09506649219088023,0.09506649219088023
cooldown0,steady8s1,70,1787632471.7682776,30.0,2+2,2+2,"(('model_3', 0), ('model_4', 1), ('model_5', 1), ('model_6', 0))",False,2,False,,line-8 placement unchanged or every candidate blocked,0.05052948163587938,0.09238449228535031,0.09238449228535031
cooldown0,steady8s1,71,1787632476.8154354,30.0,2+2,2+2,"(('model_3', 0), ('model_4', 0), ('model_5', 1), ('model_6', 1))",False,0,False,,line-8 placement unchanged or every candidate blocked,0.05300368969912992,0.08195774562275202,0.08195774562275202
cooldown0,steady8s1,72,1787632481.8627207,30.0,2+2,2+2,"(('model_3', 0), ('model_4', 0), ('model_5', 1), ('model_6', 1))",False,0,False,,line-8 placement unchanged or every candidate blocked,0.0541746849986068,0.09315091416803782,0.09315091416803782
cooldown0,steady8s1,73,1787632486.9347467,30.0,2+2,2+2,"(('model_3', 0), ('model_4', 1), ('model_5', 1), ('model_6', 0))",False,2,False,,line-8 placement unchanged or every candidate blocked,0.050928292362980764,0.09565316768614698,0.09565316768614698
cooldown0,steady8s1,74,1787632491.9835246,30.0,2+2,2+2,"(('model_3', 0), ('model_4', 1), ('model_5', 1), ('model_6', 0))",False,2,False,,line-8 placement unchanged or every candidate blocked,0.05018433093983863,0.09777848672075629,0.09777848672075629
cooldown0,steady8s1,75,1787632497.0353508,30.0,2+2,2+2,"(('model_3', 0), ('model_4', 0), ('model_5', 1), ('model_6', 1))",False,0,False,,line-8 placement unchanged or every candidate blocked,0.06315326390705427,0.0895488878885168,0.0895488878885168
cooldown0,steady8s1,76,1787632502.0825408,30.0,2+2,2+2,"(('model_3', 0), ('model_4', 1), ('model_5', 1), ('model_6', 0))",False,2,False,,line-8 placement unchanged or every candidate blocked,0.061521126042173115,0.1094849062257962,0.1094849062257962
cooldown0,steady8s1,77,1787632507.134742,30.0,2+2,2+2,"(('model_3', 0), ('model_4', 0), ('model_5', 1), ('model_6', 1))",False,0,False,,line-8 placement unchanged or every candidate blocked,0.06744585620595768,0.1081574715827613,0.1081574715827613
cooldown0,steady8s1,78,1787632512.187309,30.0,2+2,2+2,"(('model_3', 0), ('model_4', 1), ('model_5', 1), ('model_6', 0))",False,2,False,,line-8 placement unchanged or every candidate blocked,0.056289282423539304,0.10004217996811968,0.10004217996811968
cooldown0,steady8s1,79,1787632517.248248,30.0,2+2,2+2,"(('model_3', 0), ('model_4', 0), ('model_5', 1), ('model_6', 1))",False,0,False,,line-8 placement unchanged or every candidate blocked,0.06201568009573819,0.08556511490583107,0.08556511490583107
cooldown0,steady8s1,80,1787632522.3133798,30.0,2+2,2+2,"(('model_3', 0), ('model_4', 0), ('model_5', 1), ('model_6', 1))",False,0,False,,line-8 placement unchanged or every candidate blocked,0.06369747682676752,0.08188458591356484,0.08188458591356484
cooldown0,steady8s1,81,1787632527.3718865,30.0,2+2,2+2,"(('model_3', 0), ('model_4', 0), ('model_5', 1), ('model_6', 1))",False,0,False,,line-8 placement unchanged or every candidate blocked,0.06401453519206818,0.08629742098340584,0.08629742098340584
cooldown0,steady8s1,82,1787632532.4442441,30.0,2+2,2+2,"(('model_3', 0), ('model_4', 0), ('model_5', 1), ('model_6', 1))",False,0,False,,line-8 placement unchanged or every candidate blocked,0.0692182684435887,0.09539950625967,0.09539950625967
cooldown0,steady8s1,83,1787632537.4994967,30.0,2+2,2+2,"(('model_3', 0), ('model_4', 0), ('model_5', 1), ('model_6', 1))",False,0,False,,line-8 placement unchanged or every candidate blocked,0.07257947793844417,0.08360700862605265,0.08360700862605265
cooldown0,steady8s1,84,1787632542.5552993,30.0,2+2,2+2,"(('model_3', 0), ('model_4', 1), ('model_5', 1), ('model_6', 0))",False,2,False,,line-8 placement unchanged or every candidate blocked,0.06369912279258969,0.10052227480614827,0.10052227480614827
cooldown0,steady8s1,85,1787632547.612277,30.0,2+2,2+2,"(('model_3', 0), ('model_4', 0), ('model_5', 1), ('model_6', 1))",False,0,False,,line-8 placement unchanged or every candidate blocked,0.050506581792356516,0.08536271025619642,0.08536271025619642
cooldown0,steady8s1,86,1787632552.6651156,30.0,2+2,2+2,"(('model_3', 0), ('model_4', 1), ('model_5', 1), ('model_6', 0))",False,2,False,,line-8 placement unchanged or every candidate blocked,0.03862257386775116,0.06816469390666215,0.06816469390666215
cooldown0,steady8s2,1,1787632726.1657133,30.0,2+2,2+2,"(('model_3', 1), ('model_4', 0), ('model_5', 0), ('model_6', 1))",False,0,False,,line-8 placement unchanged or every candidate blocked,0.0004922759656591165,0.0006817607345028799,0.0006817607345028799
cooldown0,steady8s2,2,1787632731.1731691,30.0,2+2,2+2,"(('model_3', 1), ('model_4', 1), ('model_5', 0), ('model_6', 0))",False,2,False,MIGRATE,literal line-8 absolute delta exceeds tau,0.009578169853303672,0.027678118508014847,0.027678118508014847
cooldown0,steady8s2,3,1787632737.4785883,30.0,1+3,2+2,"(('model_3', 1), ('model_4', 0), ('model_5', 0), ('model_6', 1))",False,1,False,MIGRATE,literal line-8 absolute delta exceeds tau,0.07447246900345987,0.018815401180601845,0.07447246900345987
cooldown0,steady8s2,4,1787632743.5725222,30.0,2+2,1+3,"(('model_3', 1), ('model_4', 1), ('model_5', 0), ('model_6', 1))",False,1,False,MIGRATE,literal line-8 absolute delta exceeds tau,0.04585776462604903,0.03317865504565526,0.04585776462604903
cooldown0,steady8s2,5,1787632748.577047,30.0,1+3,1+3,"(('model_3', 1), ('model_4', 1), ('model_5', 0), ('model_6', 1))",False,0,False,,line-8 placement unchanged or every candidate blocked,0.05597160928945874,0.056280319706091944,0.056280319706091944
cooldown0,steady8s2,6,1787632753.6057384,30.0,1+3,1+3,"(('model_3', 1), ('model_4', 1), ('model_5', 0), ('model_6', 1))",False,0,False,,line-8 placement unchanged or every candidate blocked,0.07624706364962967,0.06201270136227625,0.07624706364962967
cooldown0,steady8s2,7,1787632758.6158698,30.0,1+3,1+3,"(('model_3', 1), ('model_4', 1), ('model_5', 0), ('model_6', 1))",False,0,False,,line-8 placement unchanged or every candidate blocked,0.07130874020002373,0.052628227779654396,0.07130874020002373
cooldown0,steady8s2,8,1787632763.6270192,30.0,1+3,1+3,"(('model_3', 1), ('model_4', 1), ('model_5', 0), ('model_6', 1))",False,0,False,,line-8 placement unchanged or every candidate blocked,0.06761030661819001,0.05471609058752594,0.06761030661819001
cooldown0,steady8s2,9,1787632768.6379461,30.0,1+3,1+3,"(('model_3', 1), ('model_4', 1), ('model_5', 0), ('model_6', 1))",False,0,False,,line-8 placement unchanged or every candidate blocked,0.06718665438306483,0.05916030732811745,0.06718665438306483
cooldown0,steady8s2,10,1787632773.6710057,30.0,1+3,1+3,"(('model_3', 1), ('model_4', 1), ('model_5', 0), ('model_6', 1))",False,0,False,,line-8 placement unchanged or every candidate blocked,0.06820981234089418,0.05679219964776792,0.06820981234089418
cooldown0,steady8s2,11,1787632778.6835127,30.0,1+3,1+3,"(('model_3', 1), ('model_4', 1), ('model_5', 0), ('model_6', 1))",False,0,False,,line-8 placement unchanged or every candidate blocked,0.059480347494272924,0.05728853521599901,0.059480347494272924
cooldown0,steady8s2,12,1787632783.6939328,30.0,1+3,1+3,"(('model_3', 1), ('model_4', 1), ('model_5', 0), ('model_6', 1))",False,0,False,,line-8 placement unchanged or every candidate blocked,0.059620847434606994,0.0528318620901897,0.059620847434606994
cooldown0,steady8s2,13,1787632788.707004,30.0,1+3,1+3,"(('model_3', 1), ('model_4', 1), ('model_5', 0), ('model_6', 1))",False,0,False,,line-8 placement unchanged or every candidate blocked,0.055105354413324495,0.059362252118305814,0.059362252118305814
cooldown0,steady8s2,14,1787632793.720895,30.0,1+3,1+3,"(('model_3', 1), ('model_4', 1), ('model_5', 0), ('model_6', 1))",False,0,False,,line-8 placement unchanged or every candidate blocked,0.06162451398239586,0.07002068012657314,0.07002068012657314
cooldown0,steady8s2,15,1787632798.7366724,30.0,1+3,1+3,"(('model_3', 1), ('model_4', 1), ('model_5', 0), ('model_6', 1))",False,0,False,,line-8 placement unchanged or every candidate blocked,0.06769589215375241,0.07686295411807498,0.07686295411807498
cooldown0,steady8s2,16,1787632804.0148556,30.0,1+3,2+2,"(('model_3', 1), ('model_4', 0), ('model_5', 0), ('model_6', 1))",False,1,False,MIGRATE,literal line-8 absolute delta exceeds tau,0.04885432550293841,0.0816585459183868,0.0816585459183868
cooldown0,steady8s2,17,1787632809.0304725,30.0,2+2,2+2,"(('model_3', 1), ('model_4', 0), ('model_5', 0), ('model_6', 1))",False,0,False,,line-8 placement unchanged or every candidate blocked,0.05967510340001586,0.06411678410162798,0.06411678410162798
cooldown0,steady8s2,18,1787632814.0466692,30.0,2+2,2+2,"(('model_3', 1), ('model_4', 1), ('model_5', 0), ('model_6', 0))",False,2,False,MIGRATE,literal line-8 absolute delta exceeds tau,0.08698005783692797,0.06885598117180411,0.08698005783692797
cooldown0,steady8s2,19,1787632819.0696194,30.0,1+3,2+2,"(('model_3', 1), ('model_4', 0), ('model_5', 0), ('model_6', 1))",False,1,False,MIGRATE,literal line-8 absolute delta exceeds tau,0.06210606993774451,0.07825993833986092,0.07825993833986092
cooldown0,steady8s2,20,1787632824.083206,30.0,2+2,2+2,"(('model_3', 1), ('model_4', 0), ('model_5', 0), ('model_6', 1))",False,0,False,,line-8 placement unchanged or every candidate blocked,0.065264389660977,0.06096561131379055,0.065264389660977
cooldown0,steady8s2,21,1787632829.120266,30.0,2+2,1+3,"(('model_3', 1), ('model_4', 1), ('model_5', 0), ('model_6', 1))",False,1,False,MIGRATE,literal line-8 absolute delta exceeds tau,0.08563880418628224,0.05748078460241889,0.08563880418628224
cooldown0,steady8s2,22,1787632834.1355011,30.0,1+3,1+3,"(('model_3', 1), ('model_4', 1), ('model_5', 0), ('model_6', 1))",False,0,False,,line-8 placement unchanged or every candidate blocked,0.06525250019211364,0.06886158762858974,0.06886158762858974
cooldown0,steady8s2,23,1787632839.1517444,30.0,1+3,2+2,"(('model_3', 1), ('model_4', 0), ('model_5', 0), ('model_6', 1))",False,1,False,MIGRATE,literal line-8 absolute delta exceeds tau,0.053474529157175744,0.0730056860634301,0.0730056860634301
cooldown0,steady8s2,24,1787632844.1696346,30.0,2+2,2+2,"(('model_3', 1), ('model_4', 0), ('model_5', 0), ('model_6', 1))",False,0,False,,line-8 placement unchanged or every candidate blocked,0.06731884153010878,0.06568899755150724,0.06731884153010878
cooldown0,steady8s2,25,1787632849.190263,30.0,2+2,1+3,"(('model_3', 1), ('model_4', 1), ('model_5', 0), ('model_6', 1))",False,1,False,MIGRATE,literal line-8 absolute delta exceeds tau,0.10688676457959995,0.06157895112420833,0.10688676457959995
cooldown0,steady8s2,26,1787632854.2488697,30.0,1+3,1+3,"(('model_3', 1), ('model_4', 1), ('model_5', 0), ('model_6', 1))",False,0,False,,line-8 placement unchanged or every candidate blocked,0.0923208027791762,0.0825042122254762,0.0923208027791762
cooldown0,steady8s2,27,1787632859.2906785,30.0,1+3,1+3,"(('model_3', 1), ('model_4', 1), ('model_5', 0), ('model_6', 1))",False,0,False,,line-8 placement unchanged or every candidate blocked,0.08688533741277403,0.08384463218121024,0.08688533741277403
cooldown0,steady8s2,28,1787632864.311788,30.0,1+3,1+3,"(('model_3', 1), ('model_4', 1), ('model_5', 0), ('model_6', 1))",False,0,False,,line-8 placement unchanged or every candidate blocked,0.07719342449496717,0.08506611137173413,0.08506611137173413
cooldown0,steady8s2,29,1787632869.339115,30.0,1+3,1+3,"(('model_3', 1), ('model_4', 1), ('model_5', 0), ('model_6', 1))",False,0,False,,line-8 placement unchanged or every candidate blocked,0.07155205786414431,0.0831332958190057,0.0831332958190057
cooldown0,steady8s2,30,1787632874.3643959,30.0,1+3,1+3,"(('model_3', 1), ('model_4', 1), ('model_5', 0), ('model_6', 1))",False,0,False,,line-8 placement unchanged or every candidate blocked,0.06264053642865766,0.0730419370739065,0.0730419370739065
cooldown0,steady8s2,31,1787632879.4021668,30.0,1+3,1+3,"(('model_3', 1), ('model_4', 1), ('model_5', 0), ('model_6', 1))",False,0,False,,line-8 placement unchanged or every candidate blocked,0.06203109558475385,0.06905736414067876,0.06905736414067876
cooldown0,steady8s2,32,1787632884.4236388,30.0,1+3,1+3,"(('model_3', 1), ('model_4', 1), ('model_5', 0), ('model_6', 1))",False,0,False,,line-8 placement unchanged or every candidate blocked,0.05208329327658901,0.0575476352622562,0.0575476352622562
cooldown0,steady8s2,33,1787632889.472728,30.0,1+3,1+3,"(('model_3', 1), ('model_4', 1), ('model_5', 0), ('model_6', 1))",False,0,False,,line-8 placement unchanged or every candidate blocked,0.05349498330187865,0.053381959941045755,0.05349498330187865
cooldown0,steady8s2,34,1787632894.494301,30.0,1+3,1+3,"(('model_3', 1), ('model_4', 1), ('model_5', 0), ('model_6', 1))",False,0,False,,line-8 placement unchanged or every candidate blocked,0.06971057472900744,0.05385200217044327,0.06971057472900744
cooldown0,steady8s2,35,1787632899.5206962,30.0,1+3,1+3,"(('model_3', 1), ('model_4', 1), ('model_5', 0), ('model_6', 1))",False,0,False,,line-8 placement unchanged or every candidate blocked,0.06876126145691151,0.05353274776729285,0.06876126145691151
cooldown0,steady8s2,36,1787632904.5474813,30.0,1+3,1+3,"(('model_3', 1), ('model_4', 1), ('model_5', 0), ('model_6', 1))",False,0,False,,line-8 placement unchanged or every candidate blocked,0.07631149949409743,0.06109362127384521,0.07631149949409743
cooldown0,steady8s2,37,1787632909.6067574,30.0,1+3,1+3,"(('model_3', 1), ('model_4', 1), ('model_5', 0), ('model_6', 1))",False,0,False,,line-8 placement unchanged or every candidate blocked,0.07921625325590319,0.06526150248826808,0.07921625325590319
cooldown0,steady8s2,38,1787632914.64343,30.0,1+3,1+3,"(('model_3', 1), ('model_4', 1), ('model_5', 0), ('model_6', 1))",False,0,False,,line-8 placement unchanged or every candidate blocked,0.08826734857043311,0.06716504287609766,0.08826734857043311
cooldown0,steady8s2,39,1787632919.671552,30.0,1+3,1+3,"(('model_3', 1), ('model_4', 1), ('model_5', 0), ('model_6', 1))",False,0,False,,line-8 placement unchanged or every candidate blocked,0.0885757977454552,0.06309238675564435,0.0885757977454552
cooldown0,steady8s2,40,1787632924.7149634,30.0,1+3,1+3,"(('model_3', 1), ('model_4', 1), ('model_5', 0), ('model_6', 1))",False,0,False,,line-8 placement unchanged or every candidate blocked,0.07895385933301682,0.060450216657666964,0.07895385933301682
cooldown0,steady8s2,41,1787632929.7417488,30.0,1+3,1+3,"(('model_3', 1), ('model_4', 1), ('model_5', 0), ('model_6', 1))",False,0,False,,line-8 placement unchanged or every candidate blocked,0.0670708135744565,0.05654455376253487,0.0670708135744565
cooldown0,steady8s2,42,1787632934.7734258,30.0,1+3,1+3,"(('model_3', 1), ('model_4', 1), ('model_5', 0), ('model_6', 1))",False,0,False,,line-8 placement unchanged or every candidate blocked,0.07060475790867309,0.05130447276413533,0.07060475790867309
cooldown0,steady8s2,43,1787632939.8044624,30.0,1+3,1+3,"(('model_3', 1), ('model_4', 1), ('model_5', 0), ('model_6', 1))",False,0,False,,line-8 placement unchanged or every candidate blocked,0.06451253046698824,0.05827821416243657,0.06451253046698824
cooldown0,steady8s2,44,1787632944.8403924,30.0,1+3,1+3,"(('model_3', 1), ('model_4', 1), ('model_5', 0), ('model_6', 1))",False,0,False,,line-8 placement unchanged or every candidate blocked,0.07468372569257593,0.06819325788769628,0.07468372569257593
cooldown0,steady8s2,45,1787632949.8698468,30.0,1+3,2+2,"(('model_3', 1), ('model_4', 0), ('model_5', 0), ('model_6', 1))",False,1,False,MIGRATE,literal line-8 absolute delta exceeds tau,0.05245914566778465,0.07335119681280063,0.07335119681280063
cooldown0,steady8s2,46,1787632954.9426544,30.0,2+2,2+2,"(('model_3', 1), ('model_4', 0), ('model_5', 0), ('model_6', 1))",False,0,False,,line-8 placement unchanged or every candidate blocked,0.06844943660200119,0.05977173468968442,0.06844943660200119
cooldown0,steady8s2,47,1787632959.9953403,30.0,2+2,2+2,"(('model_3', 1), ('model_4', 0), ('model_5', 0), ('model_6', 1))",False,0,False,,line-8 placement unchanged or every candidate blocked,0.06952091358366029,0.06392922014700875,0.06952091358366029
cooldown0,steady8s2,48,1787632965.0251708,30.0,2+2,2+2,"(('model_3', 1), ('model_4', 1), ('model_5', 0), ('model_6', 0))",False,2,False,MIGRATE,literal line-8 absolute delta exceeds tau,0.11647240448817156,0.06211160459666911,0.11647240448817156
cooldown0,steady8s2,49,1787632971.8328836,30.0,1+3,2+2,"(('model_3', 1), ('model_4', 1), ('model_5', 0), ('model_6', 0))",False,1,False,MIGRATE,literal line-8 absolute delta exceeds tau,0.08436256721407528,0.13387577572932463,0.13387577572932463
cooldown0,steady8s2,50,1787632976.8651326,30.0,2+2,1+3,"(('model_3', 1), ('model_4', 1), ('model_5', 0), ('model_6', 1))",False,1,False,MIGRATE,literal line-8 absolute delta exceeds tau,0.1063434366128526,0.04677658256749275,0.1063434366128526
cooldown0,steady8s2,51,1787632984.1591175,30.0,1+3,2+2,"(('model_3', 1), ('model_4', 0), ('model_5', 0), ('model_6', 1))",False,1,False,MIGRATE,literal line-8 absolute delta exceeds tau,0.06755693203991638,0.10044100026646846,0.10044100026646846
cooldown0,steady8s2,52,1787632991.0983396,30.0,2+2,2+2,"(('model_3', 1), ('model_4', 1), ('model_5', 0), ('model_6', 0))",False,2,False,MIGRATE,literal line-8 absolute delta exceeds tau,0.07591218120519255,0.13601417454207632,0.13601417454207632
cooldown0,steady8s2,53,1787633000.8465967,30.0,1+3,1+3,"(('model_3', 1), ('model_4', 0), ('model_5', 0), ('model_6', 0))",False,0,False,,line-8 placement unchanged or every candidate blocked,0.1822765357499608,0.1341896721181047,0.1822765357499608
cooldown0,steady8s2,54,1787633005.9213269,30.0,1+3,1+3,"(('model_3', 1), ('model_4', 0), ('model_5', 0), ('model_6', 0))",False,0,False,,line-8 placement unchanged or every candidate blocked,0.1513771733854389,0.15196978943383727,0.15196978943383727
cooldown0,steady8s2,55,1787633010.9788673,30.0,1+3,1+3,"(('model_3', 1), ('model_4', 0), ('model_5', 0), ('model_6', 0))",False,0,False,,line-8 placement unchanged or every candidate blocked,0.14442142863264323,0.1956225737200248,0.1956225737200248
cooldown0,steady8s2,56,1787633016.0167377,30.0,1+3,1+3,"(('model_3', 1), ('model_4', 0), ('model_5', 0), ('model_6', 0))",False,0,False,,line-8 placement unchanged or every candidate blocked,0.12378671694798224,0.23869904719447765,0.23869904719447765
cooldown0,steady8s2,57,1787633021.0558271,30.0,1+3,2+2,"(('model_3', 1), ('model_4', 1), ('model_5', 0), ('model_6', 0))",False,1,False,MIGRATE,literal line-8 absolute delta exceeds tau,0.10238111359325423,0.04688398727922135,0.10238111359325423
cooldown0,steady8s2,58,1787633026.1206307,30.0,2+2,2+2,"(('model_3', 1), ('model_4', 0), ('model_5', 0), ('model_6', 1))",False,2,False,MIGRATE,literal line-8 absolute delta exceeds tau,0.08551872863822957,0.05665534338881717,0.08551872863822957
cooldown0,steady8s2,59,1787633047.56879,30.0,1+3,1+3,"(('model_3', 1), ('model_4', 1), ('model_5', 0), ('model_6', 1))",False,0,False,,line-8 placement unchanged or every candidate blocked,0.07754230813743426,0.09067803823000915,0.09067803823000915
cooldown0,steady8s2,60,1787633052.663158,30.0,1+3,2+2,"(('model_3', 1), ('model_4', 0), ('model_5', 0), ('model_6', 1))",False,1,False,MIGRATE,literal line-8 absolute delta exceeds tau,0.07069546878518862,0.08361294797042114,0.08361294797042114
cooldown0,steady8s2,61,1787633057.7163904,30.0,2+2,2+2,"(('model_3', 1), ('model_4', 0), ('model_5', 0), ('model_6', 1))",False,0,False,,line-8 placement unchanged or every candidate blocked,0.08112402497025917,0.08544594364272602,0.08544594364272602
cooldown0,steady8s2,62,1787633062.8245656,30.0,2+2,2+2,"(('model_3', 1), ('model_4', 0), ('model_5', 0), ('model_6', 1))",False,0,False,,line-8 placement unchanged or every candidate blocked,0.08856527569819647,0.09337133944795804,0.09337133944795804
cooldown0,steady8s2,63,1787633067.8714306,30.0,2+2,2+2,"(('model_3', 1), ('model_4', 0), ('model_5', 0), ('model_6', 1))",False,0,False,,line-8 placement unchanged or every candidate blocked,0.10374908893532732,0.1043087863910073,0.1043087863910073
cooldown0,steady8s2,64,1787633072.9187841,30.0,2+2,2+2,"(('model_3', 1), ('model_4', 0), ('model_5', 0), ('model_6', 1))",False,0,False,,line-8 placement unchanged or every candidate blocked,0.0861829353905631,0.09870130562479494,0.09870130562479494
cooldown0,steady8s2,65,1787633077.9898894,30.0,2+2,2+2,"(('model_3', 1), ('model_4', 0), ('model_5', 0), ('model_6', 1))",False,0,False,,line-8 placement unchanged or every candidate blocked,0.08832127184569401,0.11743055502237353,0.11743055502237353
cooldown0,steady8s2,66,1787633083.0350072,30.0,2+2,2+2,"(('model_3', 1), ('model_4', 0), ('model_5', 0), ('model_6', 1))",False,0,False,,line-8 placement unchanged or every candidate blocked,0.0780128619117207,0.10263442562226029,0.10263442562226029
cooldown0,steady8s2,67,1787633088.0843427,30.0,2+2,2+2,"(('model_3', 1), ('model_4', 0), ('model_5', 0), ('model_6', 1))",False,0,False,,line-8 placement unchanged or every candidate blocked,0.07520513025312442,0.08859823957948956,0.08859823957948956
cooldown0,steady8s2,68,1787633093.135156,30.0,2+2,2+2,"(('model_3', 1), ('model_4', 0), ('model_5', 0), ('model_6', 1))",False,0,False,,line-8 placement unchanged or every candidate blocked,0.0746224717419479,0.09514835257184169,0.09514835257184169
cooldown0,steady8s2,69,1787633098.2053478,30.0,2+2,2+2,"(('model_3', 1), ('model_4', 0), ('model_5', 0), ('model_6', 1))",False,0,False,,line-8 placement unchanged or every candidate blocked,0.08381777794796583,0.10125401961807305,0.10125401961807305
cooldown0,steady8s2,70,1787633103.290459,30.0,2+2,2+2,"(('model_3', 1), ('model_4', 0), ('model_5', 0), ('model_6', 1))",False,0,False,,line-8 placement unchanged or every candidate blocked,0.07925420087077695,0.10968237409366592,0.10968237409366592
cooldown0,steady8s2,71,1787633108.3634439,30.0,2+2,2+2,"(('model_3', 1), ('model_4', 0), ('model_5', 0), ('model_6', 1))",False,0,False,,line-8 placement unchanged or every candidate blocked,0.07552267879508191,0.10605608695661915,0.10605608695661915
cooldown0,steady8s2,72,1787633113.415759,30.0,2+2,1+3,"(('model_3', 0), ('model_4', 0), ('model_5', 0), ('model_6', 1))",False,1,False,MIGRATE,literal line-8 absolute delta exceeds tau,0.07225911579547943,0.1896508001128312,0.1896508001128312
cooldown0,steady8s2,73,1787633120.1398292,30.0,1+3,1+3,"(('model_3', 0), ('model_4', 0), ('model_5', 0), ('model_6', 1))",False,0,False,,line-8 placement unchanged or every candidate blocked,0.16061901973108017,0.17819946242556106,0.17819946242556106
cooldown0,steady8s2,74,1787633125.2097723,30.0,1+3,1+3,"(('model_3', 0), ('model_4', 0), ('model_5', 0), ('model_6', 1))",False,0,False,,line-8 placement unchanged or every candidate blocked,0.10937833312233779,0.14445978889380276,0.14445978889380276
cooldown0,steady8s2,75,1787633130.2604327,30.0,1+3,2+2,"(('model_3', 0), ('model_4', 1), ('model_5', 0), ('model_6', 1))",False,1,False,MIGRATE,literal line-8 absolute delta exceeds tau,0.15294407658539558,0.10881916170780874,0.15294407658539558
cooldown0,steady8s2,76,1787633135.3112912,30.0,2+2,2+2,"(('model_3', 0), ('model_4', 1), ('model_5', 0), ('model_6', 1))",False,0,False,,line-8 placement unchanged or every candidate blocked,0.15130551579971815,0.033304292797476924,0.15130551579971815
cooldown0,steady8s2,77,1787633140.365348,30.0,2+2,2+2,"(('model_3', 0), ('model_4', 1), ('model_5', 0), ('model_6', 1))",False,0,False,,line-8 placement unchanged or every candidate blocked,0.14716129017929766,0.03643677098106035,0.14716129017929766
cooldown0,steady8s2,78,1787633145.4190993,30.0,2+2,2+2,"(('model_3', 1), ('model_4', 0), ('model_5', 0), ('model_6', 1))",False,2,False,MIGRATE,literal line-8 absolute delta exceeds tau,0.13563958677874308,0.03753478218785947,0.13563958677874308
cooldown0,steady8s2,79,1787633151.5602274,30.0,1+3,2+2,"(('model_3', 1), ('model_4', 0), ('model_5', 0), ('model_6', 1))",False,1,False,MIGRATE,literal line-8 absolute delta exceeds tau,0.05043902036936052,0.08706873283543244,0.08706873283543244
cooldown0,steady8s2,80,1787633156.6105967,30.0,2+2,2+2,"(('model_3', 1), ('model_4', 1), ('model_5', 0), ('model_6', 0))",False,2,False,MIGRATE,literal line-8 absolute delta exceeds tau,0.03663296536110958,0.05960339245790838,0.05960339245790838
cooldown0,steady10s1,1,1787633335.025106,30.0,2+2,2+2,"(('model_3', 1), ('model_4', 0), ('model_5', 0), ('model_6', 1))",False,0,False,,line-8 placement unchanged or every candidate blocked,0.0006231199035247045,0.0009176945220681047,0.0009176945220681047
cooldown0,steady10s1,2,1787633340.027755,30.0,2+2,2+2,"(('model_3', 0), ('model_4', 1), ('model_5', 0), ('model_6', 1))",False,2,False,MIGRATE,literal line-8 absolute delta exceeds tau,0.013861584352720408,0.017757671951327936,0.017757671951327936
cooldown0,steady10s1,3,1787633345.0319414,30.0,1+3,2+2,"(('model_3', 1), ('model_4', 0), ('model_5', 0), ('model_6', 1))",False,1,False,MIGRATE,literal line-8 absolute delta exceeds tau,0.04807120229553015,0.014490890867203572,0.04807120229553015
cooldown0,steady10s1,4,1787633350.0950606,30.0,2+2,2+2,"(('model_3', 1), ('model_4', 0), ('model_5', 0), ('model_6', 1))",False,0,False,,line-8 placement unchanged or every candidate blocked,0.03304780914550893,0.032261088318138786,0.03304780914550893
cooldown0,steady10s1,5,1787633355.1042035,30.0,2+2,2+2,"(('model_3', 1), ('model_4', 0), ('model_5', 0), ('model_6', 1))",False,0,False,,line-8 placement unchanged or every candidate blocked,0.06289287783663655,0.08454273919415307,0.08454273919415307
cooldown0,steady10s1,6,1787633360.1150541,30.0,2+2,2+2,"(('model_3', 1), ('model_4', 0), ('model_5', 0), ('model_6', 1))",False,0,False,,line-8 placement unchanged or every candidate blocked,0.07922587704220427,0.0919723837350395,0.0919723837350395
cooldown0,steady10s1,7,1787633365.1256573,30.0,2+2,2+2,"(('model_3', 1), ('model_4', 0), ('model_5', 0), ('model_6', 1))",False,0,False,,line-8 placement unchanged or every candidate blocked,0.0760175726007876,0.11163949253553876,0.11163949253553876
cooldown0,steady10s1,8,1787633370.134163,30.0,2+2,2+2,"(('model_3', 1), ('model_4', 0), ('model_5', 0), ('model_6', 1))",False,0,False,,line-8 placement unchanged or every candidate blocked,0.07758944069805439,0.10220286464477527,0.10220286464477527
cooldown0,steady10s1,9,1787633375.1461353,30.0,2+2,2+2,"(('model_3', 1), ('model_4', 1), ('model_5', 0), ('model_6', 0))",False,2,False,MIGRATE,literal line-8 absolute delta exceeds tau,0.06384958587456727,0.10327295535703619,0.10327295535703619
cooldown0,steady10s1,10,1787633380.1544473,30.0,1+3,2+2,"(('model_3', 1), ('model_4', 0), ('model_5', 0), ('model_6', 1))",False,1,False,MIGRATE,literal line-8 absolute delta exceeds tau,0.06765826347497543,0.11740299679629781,0.11740299679629781
cooldown0,steady10s1,11,1787633385.1643088,30.0,2+2,2+2,"(('model_3', 1), ('model_4', 1), ('model_5', 0), ('model_6', 0))",False,2,False,MIGRATE,literal line-8 absolute delta exceeds tau,0.06711278368134109,0.10995435313038154,0.10995435313038154
cooldown0,steady10s1,12,1787633390.174727,30.0,1+3,2+2,"(('model_3', 1), ('model_4', 1), ('model_5', 0), ('model_6', 0))",False,1,False,MIGRATE,literal line-8 absolute delta exceeds tau,0.051417505180120365,0.13909699813041995,0.13909699813041995
cooldown0,steady10s1,13,1787633396.2548716,30.0,2+2,2+2,"(('model_3', 1), ('model_4', 1), ('model_5', 0), ('model_6', 0))",False,0,False,,line-8 placement unchanged or every candidate blocked,0.09526214315625996,0.08698097584767178,0.09526214315625996
cooldown0,steady10s1,14,1787633401.3158388,30.0,2+2,2+2,"(('model_3', 1), ('model_4', 1), ('model_5', 0), ('model_6', 0))",False,0,False,,line-8 placement unchanged or every candidate blocked,0.09711829078832457,0.07504829543107343,0.09711829078832457
cooldown0,steady10s1,15,1787633406.33528,30.0,2+2,2+2,"(('model_3', 1), ('model_4', 0), ('model_5', 0), ('model_6', 1))",False,2,False,MIGRATE,literal line-8 absolute delta exceeds tau,0.13809927264747077,0.06083760249953878,0.13809927264747077
cooldown0,steady10s1,16,1787633413.8915868,30.0,1+3,2+2,"(('model_3', 1), ('model_4', 0), ('model_5', 0), ('model_6', 1))",False,1,False,MIGRATE,literal line-8 absolute delta exceeds tau,0.048822805249727735,0.1260702615334541,0.1260702615334541
cooldown0,steady10s1,17,1787633418.968172,30.0,2+2,2+2,"(('model_3', 1), ('model_4', 1), ('model_5', 0), ('model_6', 0))",False,2,False,MIGRATE,literal line-8 absolute delta exceeds tau,0.057759176552536505,0.08291620901231185,0.08291620901231185
cooldown0,steady10s1,18,1787633424.0193112,30.0,1+3,2+2,"(('model_3', 1), ('model_4', 1), ('model_5', 0), ('model_6', 0))",False,1,False,MIGRATE,literal line-8 absolute delta exceeds tau,0.037311993059214864,0.1281308766123057,0.1281308766123057
cooldown0,steady10s1,19,1787633430.2564702,30.0,2+2,2+2,"(('model_3', 1), ('model_4', 1), ('model_5', 0), ('model_6', 0))",False,0,False,,line-8 placement unchanged or every candidate blocked,0.10618601477493463,0.07069815165577857,0.10618601477493463
cooldown0,steady10s1,20,1787633435.2879496,30.0,2+2,2+2,"(('model_3', 1), ('model_4', 0), ('model_5', 0), ('model_6', 1))",False,2,False,MIGRATE,literal line-8 absolute delta exceeds tau,0.09868097866236056,0.060983948991079596,0.09868097866236056
cooldown0,steady10s1,21,1787633445.5480192,30.0,1+3,2+2,"(('model_3', 1), ('model_4', 1), ('model_5', 0), ('model_6', 0))",False,1,False,MIGRATE,literal line-8 absolute delta exceeds tau,0.04400100386648892,0.11804302607146973,0.11804302607146973
cooldown0,steady10s1,22,1787633450.577971,30.0,2+2,2+2,"(('model_3', 1), ('model_4', 0), ('model_5', 0), ('model_6', 1))",False,2,False,MIGRATE,literal line-8 absolute delta exceeds tau,0.1020007357996362,0.06298990008908328,0.1020007357996362
cooldown0,steady10s1,23,1787633455.600087,30.0,1+3,2+2,"(('model_3', 1), ('model_4', 0), ('model_5', 0), ('model_6', 1))",False,1,False,MIGRATE,literal line-8 absolute delta exceeds tau,0.05286682174316977,0.09810223206742141,0.09810223206742141
cooldown0,steady10s1,24,1787633460.622473,30.0,2+2,2+2,"(('model_3', 1), ('model_4', 1), ('model_5', 0), ('model_6', 0))",False,2,False,MIGRATE,literal line-8 absolute delta exceeds tau,0.05899388636910933,0.10240238731599084,0.10240238731599084
cooldown0,steady10s1,25,1787633465.6464837,30.0,1+3,2+2,"(('model_3', 1), ('model_4', 1), ('model_5', 0), ('model_6', 0))",False,1,False,,line-8 placement unchanged or every candidate blocked,0.03509406614850206,0.11794165034924761,0.11794165034924761
cooldown0,steady10s1,26,1787633470.675761,30.0,1+3,2+2,"(('model_3', 1), ('model_4', 1), ('model_5', 0), ('model_6', 0))",False,1,False,,line-8 placement unchanged or every candidate blocked,0.04056868436855175,0.13989966104014828,0.13989966104014828
cooldown0,steady10s1,27,1787633475.7053547,30.0,1+3,2+2,"(('model_3', 0), ('model_4', 1), ('model_5', 0), ('model_6', 1))",False,1,False,MIGRATE,literal line-8 absolute delta exceeds tau,0.04191364605947859,0.18825120272367915,0.18825120272367915
cooldown0,steady10s1,28,1787633480.7342482,30.0,2+2,2+2,"(('model_3', 0), ('model_4', 1), ('model_5', 0), ('model_6', 1))",False,0,False,,line-8 placement unchanged or every candidate blocked,0.10058892494030125,0.10185845999868264,0.10185845999868264
cooldown0,steady10s1,29,1787633485.762146,30.0,2+2,2+2,"(('model_3', 0), ('model_4', 0), ('model_5', 1), ('model_6', 1))",False,2,False,MIGRATE,literal line-8 absolute delta exceeds tau,0.150384074623296,0.09720782923477456,0.150384074623296
cooldown0,steady10s1,30,1787633490.78802,30.0,1+3,2+2,"(('model_3', 0), ('model_4', 1), ('model_5', 0), ('model_6', 1))",False,1,False,MIGRATE,literal line-8 absolute delta exceeds tau,0.14819817562109838,0.11433559569925024,0.14819817562109838
cooldown0,steady10s1,31,1787633495.8189223,30.0,2+2,2+2,"(('model_3', 0), ('model_4', 1), ('model_5', 1), ('model_6', 0))",False,2,False,,line-8 placement unchanged or every candidate blocked,0.13129095564862053,0.06670293496954596,0.13129095564862053
cooldown0,steady10s1,32,1787633500.8496566,30.0,2+2,2+2,"(('model_3', 1), ('model_4', 0), ('model_5', 0), ('model_6', 1))",False,2,False,MIGRATE,literal line-8 absolute delta exceeds tau,0.12367316945309363,0.06822868265103131,0.12367316945309363
cooldown0,steady10s1,33,1787633505.8780951,30.0,1+3,2+2,"(('model_3', 1), ('model_4', 0), ('model_5', 0), ('model_6', 1))",False,1,False,MIGRATE,literal line-8 absolute delta exceeds tau,0.0675620050524195,0.11174394715854619,0.11174394715854619
cooldown0,steady10s1,34,1787633510.9073884,30.0,2+2,2+2,"(('model_3', 1), ('model_4', 1), ('model_5', 0), ('model_6', 0))",False,2,False,MIGRATE,literal line-8 absolute delta exceeds tau,0.058177457477973,0.11054092517433345,0.11054092517433345
cooldown0,steady10s1,35,1787633515.9381003,30.0,1+3,2+2,"(('model_3', 1), ('model_4', 0), ('model_5', 0), ('model_6', 1))",False,1,False,MIGRATE,literal line-8 absolute delta exceeds tau,0.0484828982394571,0.11982950528813693,0.11982950528813693
cooldown0,steady10s1,36,1787633520.969762,30.0,2+2,2+2,"(('model_3', 1), ('model_4', 1), ('model_5', 0), ('model_6', 0))",False,2,False,MIGRATE,literal line-8 absolute delta exceeds tau,0.05213447507556257,0.11883458611746091,0.11883458611746091
cooldown0,steady10s1,37,1787633526.0142744,30.0,1+3,2+2,"(('model_3', 1), ('model_4', 1), ('model_5', 0), ('model_6', 0))",False,1,False,,line-8 placement unchanged or every candidate blocked,0.038824588715599836,0.11634523347217018,0.11634523347217018
cooldown0,steady10s1,38,1787633531.0542445,30.0,1+3,2+2,"(('model_3', 1), ('model_4', 1), ('model_5', 0), ('model_6', 0))",False,1,False,,line-8 placement unchanged or every candidate blocked,0.04586497507085457,0.14013956768602634,0.14013956768602634
cooldown0,steady10s1,39,1787633536.0905313,30.0,1+3,2+2,"(('model_3', 1), ('model_4', 1), ('model_5', 0), ('model_6', 0))",False,1,False,,line-8 placement unchanged or every candidate blocked,0.0463145270406753,0.13521953395454295,0.13521953395454295
cooldown0,steady10s1,40,1787633541.1240163,30.0,1+3,2+2,"(('model_3', 1), ('model_4', 1), ('model_5', 0), ('model_6', 0))",False,1,False,,line-8 placement unchanged or every candidate blocked,0.043962337563065765,0.1516761089503116,0.1516761089503116
cooldown0,steady10s1,41,1787633546.20183,30.0,1+3,2+2,"(('model_3', 1), ('model_4', 0), ('model_5', 0), ('model_6', 1))",False,1,False,MIGRATE,literal line-8 absolute delta exceeds tau,0.04996426938185525,0.12512495808743676,0.12512495808743676
cooldown0,steady10s1,42,1787633551.2390747,30.0,2+2,2+2,"(('model_3', 0), ('model_4', 1), ('model_5', 0), ('model_6', 1))",False,2,False,MIGRATE,literal line-8 absolute delta exceeds tau,0.06391372797182944,0.11293659253028028,0.11293659253028028
cooldown0,steady10s1,43,1787633556.2739336,30.0,1+3,2+2,"(('model_3', 0), ('model_4', 1), ('model_5', 0), ('model_6', 1))",False,1,False,MIGRATE,literal line-8 absolute delta exceeds tau,0.10266656512623058,0.06938601279314474,0.10266656512623058
cooldown0,steady10s1,44,1787633561.311181,30.0,2+2,2+2,"(('model_3', 0), ('model_4', 0), ('model_5', 1), ('model_6', 1))",False,2,False,MIGRATE,literal line-8 absolute delta exceeds tau,0.10518174628972202,0.05592631373188576,0.10518174628972202
cooldown0,steady10s1,45,1787633566.34829,30.0,1+3,2+2,"(('model_3', 0), ('model_4', 0), ('model_5', 1), ('model_6', 1))",False,1,False,MIGRATE,literal line-8 absolute delta exceeds tau,0.14817692736611515,0.04549897810279728,0.14817692736611515
cooldown0,steady10s1,46,1787633571.7665467,30.0,2+2,2+2,"(('model_3', 0), ('model_4', 0), ('model_5', 1), ('model_6', 1))",False,0,False,,line-8 placement unchanged or every candidate blocked,0.07484661888262639,0.07615363717608539,0.07615363717608539
cooldown0,steady10s1,47,1787633576.813045,30.0,2+2,2+2,"(('model_3', 0), ('model_4', 0), ('model_5', 1), ('model_6', 1))",False,0,False,,line-8 placement unchanged or every candidate blocked,0.06370535199526295,0.10162598136534154,0.10162598136534154
cooldown0,steady10s1,48,1787633581.8518696,30.0,2+2,2+2,"(('model_3', 0), ('model_4', 0), ('model_5', 1), ('model_6', 1))",False,0,False,,line-8 placement unchanged or every candidate blocked,0.05130504375283384,0.1032450160810797,0.1032450160810797
cooldown0,steady10s1,49,1787633586.8930035,30.0,2+2,2+2,"(('model_3', 0), ('model_4', 0), ('model_5', 1), ('model_6', 1))",False,0,False,,line-8 placement unchanged or every candidate blocked,0.05233210195033603,0.10240643768760406,0.10240643768760406
cooldown0,steady10s1,50,1787633591.9356198,30.0,2+2,2+2,"(('model_3', 0), ('model_4', 0), ('model_5', 1), ('model_6', 1))",False,0,False,,line-8 placement unchanged or every candidate blocked,0.06009954848633404,0.10213577511846078,0.10213577511846078
cooldown0,steady10s1,51,1787633597.003172,30.0,2+2,2+2,"(('model_3', 0), ('model_4', 0), ('model_5', 1), ('model_6', 1))",False,0,False,,line-8 placement unchanged or every candidate blocked,0.06255280529180844,0.09644548115649731,0.09644548115649731
cooldown0,steady10s1,52,1787633602.0487857,30.0,2+2,2+2,"(('model_3', 0), ('model_4', 0), ('model_5', 1), ('model_6', 1))",False,0,False,,line-8 placement unchanged or every candidate blocked,0.06042019772265848,0.09658041849079482,0.09658041849079482
cooldown0,steady10s1,53,1787633607.095292,30.0,2+2,2+2,"(('model_3', 0), ('model_4', 0), ('model_5', 1), ('model_6', 1))",False,0,False,,line-8 placement unchanged or every candidate blocked,0.07910543294713943,0.09420516749411056,0.09420516749411056
cooldown0,steady10s1,54,1787633612.1404052,30.0,2+2,2+2,"(('model_3', 0), ('model_4', 0), ('model_5', 1), ('model_6', 1))",False,0,False,,line-8 placement unchanged or every candidate blocked,0.07762791896268743,0.10558421439635621,0.10558421439635621
cooldown0,steady10s1,55,1787633617.1878262,30.0,2+2,2+2,"(('model_3', 0), ('model_4', 0), ('model_5', 1), ('model_6', 1))",False,0,False,,line-8 placement unchanged or every candidate blocked,0.07253453693863879,0.10500203668839903,0.10500203668839903
cooldown0,steady10s1,56,1787633622.2359512,30.0,2+2,2+2,"(('model_3', 0), ('model_4', 0), ('model_5', 1), ('model_6', 1))",False,0,False,,line-8 placement unchanged or every candidate blocked,0.06923433229598912,0.10876483912931008,0.10876483912931008
cooldown0,steady10s1,57,1787633627.2809532,30.0,2+2,2+2,"(('model_3', 0), ('model_4', 0), ('model_5', 1), ('model_6', 1))",False,0,False,,line-8 placement unchanged or every candidate blocked,0.07713045404224404,0.12346484987313569,0.12346484987313569
cooldown0,steady10s1,58,1787633632.349237,30.0,2+2,2+2,"(('model_3', 0), ('model_4', 0), ('model_5', 1), ('model_6', 1))",False,0,False,,line-8 placement unchanged or every candidate blocked,0.07559265735576763,0.1046709543759461,0.1046709543759461
cooldown0,steady10s1,59,1787633637.4048157,30.0,2+2,2+2,"(('model_3', 0), ('model_4', 0), ('model_5', 1), ('model_6', 1))",False,0,False,,line-8 placement unchanged or every candidate blocked,0.07394114504484782,0.10991251578346392,0.10991251578346392
cooldown0,steady10s1,60,1787633642.45452,30.0,2+2,2+2,"(('model_3', 0), ('model_4', 0), ('model_5', 1), ('model_6', 1))",False,0,False,,line-8 placement unchanged or every candidate blocked,0.06916355572028085,0.11677444909979576,0.11677444909979576
cooldown0,steady10s1,61,1787633647.5112329,30.0,2+2,2+2,"(('model_3', 0), ('model_4', 0), ('model_5', 1), ('model_6', 1))",False,0,False,,line-8 placement unchanged or every candidate blocked,0.0799258956183275,0.10336455147326623,0.10336455147326623
cooldown0,steady10s1,62,1787633652.5690744,30.0,2+2,2+2,"(('model_3', 0), ('model_4', 0), ('model_5', 1), ('model_6', 1))",False,0,False,,line-8 placement unchanged or every candidate blocked,0.09372057853635218,0.09989975487701702,0.09989975487701702
cooldown0,steady10s1,63,1787633657.6223764,30.0,2+2,2+2,"(('model_3', 0), ('model_4', 0), ('model_5', 1), ('model_6', 1))",False,0,False,,line-8 placement unchanged or every candidate blocked,0.0740271280683695,0.1059706919399437,0.1059706919399437
cooldown0,steady10s1,64,1787633662.6734903,30.0,2+2,2+2,"(('model_3', 0), ('model_4', 0), ('model_5', 1), ('model_6', 1))",False,0,False,,line-8 placement unchanged or every candidate blocked,0.08716364600607795,0.10220091057620524,0.10220091057620524
cooldown0,steady10s1,65,1787633667.7344031,30.0,2+2,2+2,"(('model_3', 0), ('model_4', 0), ('model_5', 1), ('model_6', 1))",False,0,False,,line-8 placement unchanged or every candidate blocked,0.07508284103473346,0.10146620029908644,0.10146620029908644
cooldown0,steady10s1,66,1787633672.8060036,30.0,2+2,2+2,"(('model_3', 0), ('model_4', 0), ('model_5', 1), ('model_6', 1))",False,0,False,,line-8 placement unchanged or every candidate blocked,0.06304310041078313,0.096174711199987,0.096174711199987
cooldown0,steady10s1,67,1787633677.8698287,30.0,2+2,2+2,"(('model_3', 0), ('model_4', 0), ('model_5', 1), ('model_6', 1))",False,0,False,,line-8 placement unchanged or every candidate blocked,0.06351822863801758,0.1139304646814012,0.1139304646814012
cooldown0,steady10s1,68,1787633682.9265456,30.0,2+2,2+2,"(('model_3', 0), ('model_4', 0), ('model_5', 1), ('model_6', 1))",False,0,False,,line-8 placement unchanged or every candidate blocked,0.06931615709386944,0.11132642253399287,0.11132642253399287
cooldown0,steady10s1,69,1787633687.9784718,30.0,2+2,2+2,"(('model_3', 0), ('model_4', 0), ('model_5', 1), ('model_6', 1))",False,0,False,,line-8 placement unchanged or every candidate blocked,0.057171376148166975,0.1079347864277591,0.1079347864277591
cooldown0,steady10s1,70,1787633693.0721557,30.0,2+2,2+2,"(('model_3', 0), ('model_4', 0), ('model_5', 1), ('model_6', 1))",False,0,False,,line-8 placement unchanged or every candidate blocked,0.07341989419760371,0.11302949595406966,0.11302949595406966
cooldown0,steady10s1,71,1787633698.138763,30.0,2+2,2+2,"(('model_3', 0), ('model_4', 0), ('model_5', 1), ('model_6', 1))",False,0,False,,line-8 placement unchanged or every candidate blocked,0.09424952570504963,0.1169337858084186,0.1169337858084186
cooldown0,steady10s1,72,1787633703.2373166,30.0,2+2,2+2,"(('model_3', 0), ('model_4', 0), ('model_5', 1), ('model_6', 1))",False,0,False,,line-8 placement unchanged or every candidate blocked,0.07119500570546992,0.1295705000400795,0.1295705000400795
cooldown0,steady10s1,73,1787633708.2990227,30.0,2+2,2+2,"(('model_3', 0), ('model_4', 0), ('model_5', 1), ('model_6', 1))",False,0,False,,line-8 placement unchanged or every candidate blocked,0.086965887268644,0.11651496775208077,0.11651496775208077
cooldown0,steady10s1,74,1787633713.62935,30.0,2+2,2+2,"(('model_3', 0), ('model_4', 0), ('model_5', 1), ('model_6', 1))",False,0,False,,line-8 placement unchanged or every candidate blocked,0.0804363062398715,0.12009630864113925,0.12009630864113925
cooldown0,steady10s1,75,1787633718.717353,30.0,2+2,2+2,"(('model_3', 0), ('model_4', 0), ('model_5', 1), ('model_6', 1))",False,0,False,,line-8 placement unchanged or every candidate blocked,0.08190921977025335,0.12299030353576655,0.12299030353576655
cooldown0,steady10s1,76,1787633723.8007228,30.0,2+2,2+2,"(('model_3', 0), ('model_4', 0), ('model_5', 1), ('model_6', 1))",False,0,False,,line-8 placement unchanged or every candidate blocked,0.0707237873175401,0.11338354938404868,0.11338354938404868
cooldown0,steady10s1,77,1787633728.8716388,30.0,2+2,2+2,"(('model_3', 0), ('model_4', 0), ('model_5', 1), ('model_6', 1))",False,0,False,,line-8 placement unchanged or every candidate blocked,0.07809893197395006,0.12547780635301298,0.12547780635301298
cooldown0,steady10s1,78,1787633733.9354303,30.0,2+2,2+2,"(('model_3', 0), ('model_4', 0), ('model_5', 1), ('model_6', 1))",False,0,False,,line-8 placement unchanged or every candidate blocked,0.06897690314191617,0.10954902982435707,0.10954902982435707
cooldown0,steady10s1,79,1787633739.0022724,30.0,2+2,2+2,"(('model_3', 0), ('model_4', 0), ('model_5', 1), ('model_6', 1))",False,0,False,,line-8 placement unchanged or every candidate blocked,0.0854196909007114,0.11033508121938038,0.11033508121938038
cooldown0,steady10s1,80,1787633744.067838,30.0,2+2,2+2,"(('model_3', 0), ('model_4', 0), ('model_5', 1), ('model_6', 1))",False,0,False,,line-8 placement unchanged or every candidate blocked,0.08567075745736397,0.11070196997867973,0.11070196997867973
cooldown0,steady10s1,81,1787633749.1314254,30.0,2+2,2+2,"(('model_3', 0), ('model_4', 0), ('model_5', 1), ('model_6', 1))",False,0,False,,line-8 placement unchanged or every candidate blocked,0.0724493893728582,0.10633861137600889,0.10633861137600889
cooldown0,steady10s1,82,1787633754.2420623,30.0,2+2,2+2,"(('model_3', 0), ('model_4', 0), ('model_5', 1), ('model_6', 1))",False,0,False,,line-8 placement unchanged or every candidate blocked,0.06853105453852221,0.11301205372832371,0.11301205372832371
cooldown0,steady10s1,83,1787633759.3074238,30.0,2+2,2+2,"(('model_3', 0), ('model_4', 0), ('model_5', 1), ('model_6', 1))",False,0,False,,line-8 placement unchanged or every candidate blocked,0.05081051215199585,0.09402650522639609,0.09402650522639609
cooldown0,steady10s1,84,1787633764.5987408,30.0,2+2,2+2,"(('model_3', 0), ('model_4', 0), ('model_5', 1), ('model_6', 1))",False,0,False,,line-8 placement unchanged or every candidate blocked,0.03838877989257146,0.06921562772203306,0.06921562772203306
cooldown0,steady10s2,1,1787633939.0386903,30.0,2+2,2+2,"(('model_3', 1), ('model_4', 0), ('model_5', 0), ('model_6', 1))",False,0,False,,line-8 placement unchanged or every candidate blocked,0.0004903096471025041,0.0007221448790224679,0.0007221448790224679
cooldown0,steady10s2,2,1787633944.0669515,30.0,2+2,1+3,"(('model_3', 1), ('model_4', 1), ('model_5', 0), ('model_6', 1))",False,1,False,MIGRATE,literal line-8 absolute delta exceeds tau,0.03704254200922419,0.023822210945531358,0.03704254200922419
cooldown0,steady10s2,3,1787633949.0718372,30.0,1+3,1+3,"(('model_3', 1), ('model_4', 1), ('model_5', 0), ('model_6', 1))",False,0,False,,line-8 placement unchanged or every candidate blocked,0.05117363387428186,0.04284166870728869,0.05117363387428186
cooldown0,steady10s2,4,1787633954.1195326,30.0,1+3,1+3,"(('model_3', 1), ('model_4', 1), ('model_5', 0), ('model_6', 1))",False,0,False,,line-8 placement unchanged or every candidate blocked,0.08241990940987148,0.05094676219622416,0.08241990940987148
cooldown0,steady10s2,5,1787633959.1513681,30.0,1+3,1+3,"(('model_3', 1), ('model_4', 1), ('model_5', 0), ('model_6', 1))",False,0,False,,line-8 placement unchanged or every candidate blocked,0.06279684832569649,0.07133952803158754,0.07133952803158754
cooldown0,steady10s2,6,1787633964.1605656,30.0,1+3,2+2,"(('model_3', 1), ('model_4', 0), ('model_5', 0), ('model_6', 1))",False,1,False,MIGRATE,literal line-8 absolute delta exceeds tau,0.06269851860321816,0.08154619391151093,0.08154619391151093
cooldown0,steady10s2,7,1787633969.1684227,30.0,2+2,2+2,"(('model_3', 1), ('model_4', 0), ('model_5', 0), ('model_6', 1))",False,0,False,,line-8 placement unchanged or every candidate blocked,0.10403147504685582,0.09287065595818393,0.10403147504685582
cooldown0,steady10s2,8,1787633974.1806383,30.0,2+2,2+2,"(('model_3', 1), ('model_4', 0), ('model_5', 0), ('model_6', 1))",False,0,False,,line-8 placement unchanged or every candidate blocked,0.0939420381023317,0.08097821722671539,0.0939420381023317
cooldown0,steady10s2,9,1787633979.2163217,30.0,2+2,2+2,"(('model_3', 1), ('model_4', 0), ('model_5', 0), ('model_6', 1))",False,0,False,,line-8 placement unchanged or every candidate blocked,0.09929129421455003,0.08632147390514923,0.09929129421455003
cooldown0,steady10s2,10,1787633984.230376,30.0,2+2,2+2,"(('model_3', 1), ('model_4', 0), ('model_5', 0), ('model_6', 1))",False,0,False,,line-8 placement unchanged or every candidate blocked,0.1045643795296009,0.09474828108613952,0.1045643795296009
cooldown0,steady10s2,11,1787633989.272031,30.0,2+2,2+2,"(('model_3', 1), ('model_4', 0), ('model_5', 0), ('model_6', 1))",False,0,False,,line-8 placement unchanged or every candidate blocked,0.10544782531324824,0.10137054047983751,0.10544782531324824
cooldown0,steady10s2,12,1787633994.2850893,30.0,2+2,1+3,"(('model_3', 1), ('model_4', 1), ('model_5', 0), ('model_6', 1))",False,1,False,MIGRATE,literal line-8 absolute delta exceeds tau,0.1123937545943374,0.08745243453527056,0.1123937545943374
cooldown0,steady10s2,13,1787633999.3244045,30.0,1+3,1+3,"(('model_3', 1), ('model_4', 1), ('model_5', 0), ('model_6', 1))",False,0,False,,line-8 placement unchanged or every candidate blocked,0.09850212726812435,0.10583826170409273,0.10583826170409273
cooldown0,steady10s2,14,1787634004.340849,30.0,1+3,2+2,"(('model_3', 1), ('model_4', 0), ('model_5', 0), ('model_6', 1))",False,1,False,MIGRATE,literal line-8 absolute delta exceeds tau,0.09283067725547108,0.11033163139939453,0.11033163139939453
cooldown0,steady10s2,15,1787634009.3545554,30.0,2+2,2+2,"(('model_3', 1), ('model_4', 0), ('model_5', 0), ('model_6', 1))",False,0,False,,line-8 placement unchanged or every candidate blocked,0.07704921737863472,0.11660378385248721,0.11660378385248721
cooldown0,steady10s2,16,1787634014.3724928,30.0,2+2,2+2,"(('model_3', 1), ('model_4', 1), ('model_5', 0), ('model_6', 0))",False,2,False,MIGRATE,literal line-8 absolute delta exceeds tau,0.07892716104085686,0.12566417128714638,0.12566417128714638
cooldown0,steady10s2,17,1787634019.404268,30.0,1+3,2+2,"(('model_3', 1), ('model_4', 0), ('model_5', 0), ('model_6', 1))",False,1,False,MIGRATE,literal line-8 absolute delta exceeds tau,0.06638518496978732,0.12654980014961778,0.12654980014961778
cooldown0,steady10s2,18,1787634024.4406679,30.0,2+2,2+2,"(('model_3', 1), ('model_4', 0), ('model_5', 0), ('model_6', 1))",False,0,False,,line-8 placement unchanged or every candidate blocked,0.07281306959710003,0.10838586759350768,0.10838586759350768
cooldown0,steady10s2,19,1787634029.4610026,30.0,2+2,2+2,"(('model_3', 1), ('model_4', 0), ('model_5', 0), ('model_6', 1))",False,0,False,,line-8 placement unchanged or every candidate blocked,0.09204695448851344,0.09846087066862673,0.09846087066862673
cooldown0,steady10s2,20,1787634034.508201,30.0,2+2,2+2,"(('model_3', 1), ('model_4', 0), ('model_5', 0), ('model_6', 1))",False,0,False,,line-8 placement unchanged or every candidate blocked,0.09752070665077203,0.11279225420444507,0.11279225420444507
cooldown0,steady10s2,21,1787634039.558558,30.0,2+2,2+2,"(('model_3', 1), ('model_4', 0), ('model_5', 0), ('model_6', 1))",False,0,False,,line-8 placement unchanged or every candidate blocked,0.10113894260610612,0.11783010798902516,0.11783010798902516
cooldown0,steady10s2,22,1787634044.5821962,30.0,2+2,2+2,"(('model_3', 1), ('model_4', 0), ('model_5', 0), ('model_6', 1))",False,0,False,,line-8 placement unchanged or every candidate blocked,0.09662173188145835,0.11128787331071574,0.11128787331071574
cooldown0,steady10s2,23,1787634049.6142778,30.0,2+2,2+2,"(('model_3', 1), ('model_4', 0), ('model_5', 0), ('model_6', 1))",False,0,False,,line-8 placement unchanged or every candidate blocked,0.08654224186232845,0.10135162788309901,0.10135162788309901
cooldown0,steady10s2,24,1787634054.637512,30.0,2+2,2+2,"(('model_3', 1), ('model_4', 0), ('model_5', 0), ('model_6', 1))",False,0,False,,line-8 placement unchanged or every candidate blocked,0.08664912491480363,0.11507960256233883,0.11507960256233883
cooldown0,steady10s2,25,1787634059.6708806,30.0,2+2,2+2,"(('model_3', 1), ('model_4', 0), ('model_5', 0), ('model_6', 1))",False,0,False,,line-8 placement unchanged or every candidate blocked,0.08935148409163297,0.10995698487226298,0.10995698487226298
cooldown0,steady10s2,26,1787634064.6938708,30.0,2+2,2+2,"(('model_3', 1), ('model_4', 0), ('model_5', 0), ('model_6', 1))",False,0,False,,line-8 placement unchanged or every candidate blocked,0.10187169400827882,0.10135565823749722,0.10187169400827882
cooldown0,steady10s2,27,1787634069.7424488,30.0,2+2,2+2,"(('model_3', 1), ('model_4', 0), ('model_5', 0), ('model_6', 1))",False,0,False,,line-8 placement unchanged or every candidate blocked,0.08394686947545113,0.10956400666968749,0.10956400666968749
cooldown0,steady10s2,28,1787634074.7723422,30.0,2+2,2+2,"(('model_3', 1), ('model_4', 0), ('model_5', 0), ('model_6', 1))",False,0,False,,line-8 placement unchanged or every candidate blocked,0.0838002062125183,0.1091497373195946,0.1091497373195946
cooldown0,steady10s2,29,1787634079.8027298,30.0,2+2,2+2,"(('model_3', 1), ('model_4', 0), ('model_5', 0), ('model_6', 1))",False,0,False,,line-8 placement unchanged or every candidate blocked,0.08083189746417689,0.11587468565138216,0.11587468565138216
cooldown0,steady10s2,30,1787634084.830661,30.0,2+2,2+2,"(('model_3', 1), ('model_4', 0), ('model_5', 0), ('model_6', 1))",False,0,False,,line-8 placement unchanged or every candidate blocked,0.09021225480348669,0.1118983855632216,0.1118983855632216
cooldown0,steady10s2,31,1787634089.8624985,30.0,2+2,2+2,"(('model_3', 1), ('model_4', 0), ('model_5', 0), ('model_6', 1))",False,0,False,,line-8 placement unchanged or every candidate blocked,0.08322862260528179,0.09549778710511615,0.09549778710511615
cooldown0,steady10s2,32,1787634094.9193673,30.0,2+2,2+2,"(('model_3', 1), ('model_4', 0), ('model_5', 0), ('model_6', 1))",False,0,False,,line-8 placement unchanged or every candidate blocked,0.08105535785882483,0.09309209331229049,0.09309209331229049
cooldown0,steady10s2,33,1787634099.9520373,30.0,2+2,2+2,"(('model_3', 1), ('model_4', 0), ('model_5', 0), ('model_6', 1))",False,0,False,,line-8 placement unchanged or every candidate blocked,0.08331029182084451,0.09072368184515198,0.09072368184515198
cooldown0,steady10s2,34,1787634104.985224,30.0,2+2,2+2,"(('model_3', 1), ('model_4', 0), ('model_5', 0), ('model_6', 1))",False,0,False,,line-8 placement unchanged or every candidate blocked,0.1027786675029943,0.10008364829286182,0.1027786675029943
cooldown0,steady10s2,35,1787634110.043125,30.0,2+2,2+2,"(('model_3', 1), ('model_4', 0), ('model_5', 0), ('model_6', 1))",False,0,False,,line-8 placement unchanged or every candidate blocked,0.10119977989534677,0.10412629711944373,0.10412629711944373
cooldown0,steady10s2,36,1787634115.0824614,30.0,2+2,2+2,"(('model_3', 1), ('model_4', 0), ('model_5', 0), ('model_6', 1))",False,0,False,,line-8 placement unchanged or every candidate blocked,0.12145970922881184,0.10224522080564365,0.12145970922881184
cooldown0,steady10s2,37,1787634120.1438935,30.0,2+2,2+2,"(('model_3', 1), ('model_4', 0), ('model_5', 0), ('model_6', 1))",False,0,False,,line-8 placement unchanged or every candidate blocked,0.1092073856702616,0.11214609029360736,0.11214609029360736
cooldown0,steady10s2,38,1787634125.2369368,30.0,2+2,2+2,"(('model_3', 1), ('model_4', 0), ('model_5', 0), ('model_6', 1))",False,0,False,,line-8 placement unchanged or every candidate blocked,0.10765402365866143,0.11343697334524663,0.11343697334524663
cooldown0,steady10s2,39,1787634130.2719052,30.0,2+2,2+2,"(('model_3', 1), ('model_4', 0), ('model_5', 0), ('model_6', 1))",False,0,False,,line-8 placement unchanged or every candidate blocked,0.10233751792620015,0.1288090653747901,0.1288090653747901
cooldown0,steady10s2,40,1787634135.3103118,30.0,2+2,2+2,"(('model_3', 1), ('model_4', 0), ('model_5', 0), ('model_6', 1))",False,0,False,,line-8 placement unchanged or every candidate blocked,0.11694026503224222,0.10827908404791671,0.11694026503224222
cooldown0,steady10s2,41,1787634140.3489497,30.0,2+2,2+2,"(('model_3', 1), ('model_4', 0), ('model_5', 0), ('model_6', 1))",False,0,False,,line-8 placement unchanged or every candidate blocked,0.10455367853169707,0.09848182452023294,0.10455367853169707
cooldown0,steady10s2,42,1787634145.3849437,30.0,2+2,1+3,"(('model_3', 1), ('model_4', 1), ('model_5', 0), ('model_6', 1))",False,1,False,MIGRATE,literal line-8 absolute delta exceeds tau,0.10443769632330427,0.08281594374558758,0.10443769632330427
cooldown0,steady10s2,43,1787634150.42101,30.0,1+3,1+3,"(('model_3', 1), ('model_4', 1), ('model_5', 0), ('model_6', 1))",False,0,False,,line-8 placement unchanged or every candidate blocked,0.10296046813434294,0.10165785008810033,0.10296046813434294
cooldown0,steady10s2,44,1787634155.4703252,30.0,1+3,2+2,"(('model_3', 1), ('model_4', 0), ('model_5', 0), ('model_6', 1))",False,1,False,MIGRATE,literal line-8 absolute delta exceeds tau,0.06571176443065883,0.11087822624915591,0.11087822624915591
cooldown0,steady10s2,45,1787634160.5137763,30.0,2+2,2+2,"(('model_3', 1), ('model_4', 1), ('model_5', 0), ('model_6', 0))",False,2,False,MIGRATE,literal line-8 absolute delta exceeds tau,0.06971320472069924,0.10992847444295356,0.10992847444295356
cooldown0,steady10s2,46,1787634165.5513537,30.0,1+3,2+2,"(('model_3', 1), ('model_4', 1), ('model_5', 0), ('model_6', 0))",False,1,False,MIGRATE,literal line-8 absolute delta exceeds tau,0.14494071441953277,0.08961323496879496,0.14494071441953277
cooldown0,steady10s2,47,1787634170.5914207,30.0,2+2,2+2,"(('model_3', 1), ('model_4', 1), ('model_5', 0), ('model_6', 0))",False,0,False,,line-8 placement unchanged or every candidate blocked,0.11276123739928211,0.08196417531688661,0.11276123739928211
cooldown0,steady10s2,48,1787634175.6351907,30.0,2+2,2+2,"(('model_3', 1), ('model_4', 1), ('model_5', 0), ('model_6', 0))",False,0,False,,line-8 placement unchanged or every candidate blocked,0.1393654285654013,0.10183975433520116,0.1393654285654013
cooldown0,steady10s2,49,1787634180.679001,30.0,2+2,2+2,"(('model_3', 1), ('model_4', 0), ('model_5', 0), ('model_6', 1))",False,2,False,MIGRATE,literal line-8 absolute delta exceeds tau,0.125704716760081,0.0705417438948547,0.125704716760081
cooldown0,steady10s2,50,1787634185.744792,30.0,1+3,1+3,"(('model_3', 1), ('model_4', 1), ('model_5', 0), ('model_6', 1))",False,0,False,,line-8 placement unchanged or every candidate blocked,0.09905910581088344,0.10440836833450459,0.10440836833450459
cooldown0,steady10s2,51,1787634190.8225331,30.0,1+3,2+2,"(('model_3', 1), ('model_4', 0), ('model_5', 0), ('model_6', 1))",False,1,False,MIGRATE,literal line-8 absolute delta exceeds tau,0.10062228368985907,0.1295865629041245,0.1295865629041245
cooldown0,steady10s2,52,1787634195.8676097,30.0,2+2,2+2,"(('model_3', 1), ('model_4', 0), ('model_5', 0), ('model_6', 1))",False,0,False,,line-8 placement unchanged or every candidate blocked,0.09002085054456344,0.10307577039735483,0.10307577039735483
cooldown0,steady10s2,53,1787634200.9164777,30.0,2+2,2+2,"(('model_3', 1), ('model_4', 0), ('model_5', 0), ('model_6', 1))",False,0,False,,line-8 placement unchanged or every candidate blocked,0.1028716708167796,0.1058124761802066,0.1058124761802066
cooldown0,steady10s2,54,1787634205.9673755,30.0,2+2,2+2,"(('model_3', 1), ('model_4', 0), ('model_5', 0), ('model_6', 1))",False,0,False,,line-8 placement unchanged or every candidate blocked,0.12051299756393959,0.1307649149556247,0.1307649149556247
cooldown0,steady10s2,55,1787634211.0205252,30.0,2+2,2+2,"(('model_3', 1), ('model_4', 0), ('model_5', 0), ('model_6', 1))",False,0,False,,line-8 placement unchanged or every candidate blocked,0.11307228688314125,0.11977825189977521,0.11977825189977521
cooldown0,steady10s2,56,1787634216.0707355,30.0,2+2,2+2,"(('model_3', 1), ('model_4', 0), ('model_5', 0), ('model_6', 1))",False,0,False,,line-8 placement unchanged or every candidate blocked,0.10922567339630081,0.11820501396960514,0.11820501396960514
cooldown0,steady10s2,57,1787634221.139525,30.0,2+2,2+2,"(('model_3', 1), ('model_4', 0), ('model_5', 0), ('model_6', 1))",False,0,False,,line-8 placement unchanged or every candidate blocked,0.10385365904760298,0.12081912750313767,0.12081912750313767
cooldown0,steady10s2,58,1787634226.1918836,30.0,2+2,2+2,"(('model_3', 1), ('model_4', 0), ('model_5', 0), ('model_6', 1))",False,0,False,,line-8 placement unchanged or every candidate blocked,0.10045236203532244,0.12452112251720279,0.12452112251720279
cooldown0,steady10s2,59,1787634231.246749,30.0,2+2,2+2,"(('model_3', 1), ('model_4', 0), ('model_5', 0), ('model_6', 1))",False,0,False,,line-8 placement unchanged or every candidate blocked,0.0987358728716227,0.11576465305782567,0.11576465305782567
cooldown0,steady10s2,60,1787634236.3122776,30.0,2+2,2+2,"(('model_3', 1), ('model_4', 0), ('model_5', 0), ('model_6', 1))",False,0,False,,line-8 placement unchanged or every candidate blocked,0.11044837206686282,0.11430156141916735,0.11430156141916735
cooldown0,steady10s2,61,1787634241.3724682,30.0,2+2,2+2,"(('model_3', 1), ('model_4', 0), ('model_5', 0), ('model_6', 1))",False,0,False,,line-8 placement unchanged or every candidate blocked,0.10187327397128128,0.10187535209488341,0.10187535209488341
cooldown0,steady10s2,62,1787634246.4286966,30.0,2+2,2+2,"(('model_3', 1), ('model_4', 0), ('model_5', 0), ('model_6', 1))",False,0,False,,line-8 placement unchanged or every candidate blocked,0.09764717911687038,0.10922887244349108,0.10922887244349108
cooldown0,steady10s2,63,1787634251.485722,30.0,2+2,2+2,"(('model_3', 1), ('model_4', 0), ('model_5', 0), ('model_6', 1))",False,0,False,,line-8 placement unchanged or every candidate blocked,0.08869499169355187,0.10170758377823748,0.10170758377823748
cooldown0,steady10s2,64,1787634256.5430138,30.0,2+2,1+3,"(('model_3', 1), ('model_4', 1), ('model_5', 0), ('model_6', 1))",False,1,False,MIGRATE,literal line-8 absolute delta exceeds tau,0.12368386035227312,0.08865489840167756,0.12368386035227312
cooldown0,steady10s2,65,1787634261.6026118,30.0,1+3,1+3,"(('model_3', 1), ('model_4', 1), ('model_5', 0), ('model_6', 1))",False,0,False,,line-8 placement unchanged or every candidate blocked,0.12954419427888472,0.09832377118546481,0.12954419427888472
cooldown0,steady10s2,66,1787634266.660639,30.0,1+3,1+3,"(('model_3', 1), ('model_4', 1), ('model_5', 0), ('model_6', 1))",False,0,False,,line-8 placement unchanged or every candidate blocked,0.100225819413953,0.11708986491284804,0.11708986491284804
cooldown0,steady10s2,67,1787634271.7195408,30.0,1+3,2+2,"(('model_3', 1), ('model_4', 0), ('model_5', 0), ('model_6', 1))",False,1,False,MIGRATE,literal line-8 absolute delta exceeds tau,0.08567711024364398,0.11604478887254925,0.11604478887254925
cooldown0,steady10s2,68,1787634276.780554,30.0,2+2,2+2,"(('model_3', 1), ('model_4', 0), ('model_5', 0), ('model_6', 1))",False,0,False,,line-8 placement unchanged or every candidate blocked,0.10628243630359853,0.11257348971624656,0.11257348971624656
cooldown0,steady10s2,69,1787634281.8432722,30.0,2+2,2+2,"(('model_3', 1), ('model_4', 0), ('model_5', 0), ('model_6', 1))",False,0,False,,line-8 placement unchanged or every candidate blocked,0.1163357092916164,0.10565288195128844,0.1163357092916164
cooldown0,steady10s2,70,1787634286.9202044,30.0,2+2,2+2,"(('model_3', 1), ('model_4', 0), ('model_5', 0), ('model_6', 1))",False,0,False,,line-8 placement unchanged or every candidate blocked,0.10243897485595252,0.1096737419230636,0.1096737419230636
cooldown0,steady10s2,71,1787634292.0216844,30.0,2+2,2+2,"(('model_3', 1), ('model_4', 0), ('model_5', 0), ('model_6', 1))",False,0,False,,line-8 placement unchanged or every candidate blocked,0.11916421967826939,0.13421687655278264,0.13421687655278264
cooldown0,steady10s2,72,1787634297.0858803,30.0,2+2,1+3,"(('model_3', 1), ('model_4', 1), ('model_5', 0), ('model_6', 1))",False,1,False,MIGRATE,literal line-8 absolute delta exceeds tau,0.14284595810589182,0.11940544526499478,0.14284595810589182
cooldown0,steady10s2,73,1787634302.1444848,30.0,1+3,1+3,"(('model_3', 1), ('model_4', 1), ('model_5', 0), ('model_6', 1))",False,0,False,,line-8 placement unchanged or every candidate blocked,0.12939504348960806,0.11257309781044358,0.12939504348960806
cooldown0,steady10s2,74,1787634307.2067993,30.0,1+3,1+3,"(('model_3', 1), ('model_4', 1), ('model_5', 0), ('model_6', 1))",False,0,False,,line-8 placement unchanged or every candidate blocked,0.10120728007068863,0.10510162013843401,0.10510162013843401
cooldown0,steady10s2,75,1787634312.2798684,30.0,1+3,2+2,"(('model_3', 1), ('model_4', 0), ('model_5', 0), ('model_6', 1))",False,1,False,MIGRATE,literal line-8 absolute delta exceeds tau,0.08639801444843465,0.11202466134494744,0.11202466134494744
cooldown0,steady10s2,76,1787634317.3486161,30.0,2+2,2+2,"(('model_3', 1), ('model_4', 0), ('model_5', 0), ('model_6', 1))",False,0,False,,line-8 placement unchanged or every candidate blocked,0.08125500277396754,0.11967447762115098,0.11967447762115098
cooldown0,steady10s2,77,1787634322.416952,30.0,2+2,2+2,"(('model_3', 1), ('model_4', 0), ('model_5', 0), ('model_6', 1))",False,0,False,,line-8 placement unchanged or every candidate blocked,0.08495049855806829,0.12646421510877884,0.12646421510877884
cooldown0,steady10s2,78,1787634327.4828393,30.0,2+2,2+2,"(('model_3', 1), ('model_4', 0), ('model_5', 0), ('model_6', 1))",False,0,False,,line-8 placement unchanged or every candidate blocked,0.08881216549695439,0.12514872355844472,0.12514872355844472
cooldown0,steady10s2,79,1787634332.5636606,30.0,2+2,2+2,"(('model_3', 1), ('model_4', 0), ('model_5', 0), ('model_6', 1))",False,0,False,,line-8 placement unchanged or every candidate blocked,0.0833380338965871,0.12937880390798653,0.12937880390798653
cooldown0,steady10s2,80,1787634337.6333387,30.0,2+2,2+2,"(('model_3', 1), ('model_4', 1), ('model_5', 0), ('model_6', 0))",False,2,False,MIGRATE,literal line-8 absolute delta exceeds tau,0.08900662969580314,0.1333578084922804,0.1333578084922804
cooldown0,steady10s2,81,1787634342.6991694,30.0,1+3,2+2,"(('model_3', 1), ('model_4', 0), ('model_5', 0), ('model_6', 1))",False,1,False,MIGRATE,literal line-8 absolute delta exceeds tau,0.08639295638054786,0.14180263953090183,0.14180263953090183
cooldown0,steady10s2,82,1787634347.766691,30.0,2+2,2+2,"(('model_3', 1), ('model_4', 0), ('model_5', 0), ('model_6', 1))",False,0,False,,line-8 placement unchanged or every candidate blocked,0.08701928749741217,0.1069320641173328,0.1069320641173328
cooldown0,steady10s2,83,1787634352.836579,30.0,2+2,2+2,"(('model_3', 1), ('model_4', 0), ('model_5', 0), ('model_6', 1))",False,0,False,,line-8 placement unchanged or every candidate blocked,0.09440003260841959,0.10649971952006401,0.10649971952006401
cooldown0,steady10s2,84,1787634357.9237142,30.0,2+2,2+2,"(('model_3', 1), ('model_4', 0), ('model_5', 0), ('model_6', 1))",False,0,False,,line-8 placement unchanged or every candidate blocked,0.09664183435393418,0.09307084571485219,0.09664183435393418
cooldown0,steady10s2,85,1787634363.234026,30.0,2+2,2+2,"(('model_3', 1), ('model_4', 0), ('model_5', 0), ('model_6', 1))",False,0,False,,line-8 placement unchanged or every candidate blocked,0.07215876535555822,0.07768585803430685,0.07768585803430685
cooldown0,steady10s2,86,1787634368.3027666,30.0,2+2,2+2,"(('model_3', 1), ('model_4', 0), ('model_5', 0), ('model_6', 1))",False,0,False,,line-8 placement unchanged or every candidate blocked,0.04578793740511941,0.042616499384477605,0.04578793740511941
