arm,cond,cycle,timestamp,model,gpu,weighted_token_rate,token_rate,input_rate,decode_token_tput,cell_size,tpot_slo_s,kvpr0,kvpr1,decision,moved_model,resid
cooldown30,steady8s1,1,1787607886.452763,model_3,1,0.07761514834909743,23.092369050920666,16.1,6.992369050920665,114688,0.03177899122238159,0.000417954635885353,0.00149757812289336,MIGRATE,model_6,9.073890278047359e-08
cooldown30,steady8s1,1,1787607886.452763,model_4,0,1.729295786428997e-08,1.8737392700274785e-05,0.0,1.8737392700274785e-05,36864,0.0371999591588974,0.000417954635885353,0.00149757812289336,MIGRATE,model_6,9.073890278047359e-08
cooldown30,steady8s1,1,1787607886.452763,model_5,0,0.024380941906237144,7.658713227465801,0.6666666666666666,6.9920465607991344,131072,0.0383455865085125,0.000417954635885353,0.00149757812289336,MIGRATE,model_6,9.073890278047359e-08
cooldown30,steady8s1,1,1787607886.452763,model_6,1,0.010692228615083899,6.992455727696518,0.0,6.992455727696518,57344,0.03492606058716774,0.000417954635885353,0.00149757812289336,MIGRATE,model_6,9.073890278047359e-08
cooldown30,steady8s1,2,1787607891.6619616,model_3,1,0.4246107815660831,126.33189627908347,65.4,60.93189627908346,114688,0.03177899122238159,0.016711471065455532,0.005796734219332193,,,3.016281906939588e-16
cooldown30,steady8s1,2,1787607891.6619616,model_4,0,0.08226748484684238,89.1390693330925,36.833333333333336,52.30573599975916,36864,0.0371999591588974,0.016711471065455532,0.005796734219332193,,,3.016281906939588e-16
cooldown30,steady8s1,2,1787607891.6619616,model_5,0,0.31204962846823847,98.02322758351276,64.06666666666666,33.9565609168461,131072,0.0383455865085125,0.016711471065455532,0.005796734219332193,,,3.016281906939588e-16
cooldown30,steady8s1,2,1787607891.6619616,model_6,0,0.34183624295500514,223.5525334365691,160.7,62.852533436569104,57344,0.03492606058716774,0.016711471065455532,0.005796734219332193,,,3.016281906939588e-16
cooldown30,steady8s1,3,1787607896.6653106,model_3,1,1.9387708304345939,576.8308438989951,115.4,461.43084389899514,114688,0.03177899122238159,0.05581612939701999,0.02646786116634258,,,3.612325566650213e-16
cooldown30,steady8s1,3,1787607896.6653106,model_4,0,0.3038535251419838,329.23360298616757,173.33333333333334,155.90026965283423,36864,0.0371999591588974,0.05581612939701999,0.02646786116634258,,,3.612325566650213e-16
cooldown30,steady8s1,3,1787607896.6653106,model_5,0,1.4760607199274296,463.67059171569247,306.8666666666667,156.8039250490258,131072,0.0383455865085125,0.05581612939701999,0.02646786116634258,,,3.612325566650213e-16
cooldown30,steady8s1,3,1787607896.6653106,model_6,0,0.6788298612204079,443.9381088920747,252.26666666666668,191.67144222540801,57344,0.03492606058716774,0.05581612939701999,0.02646786116634258,,,3.612325566650213e-16
cooldown30,steady8s1,4,1787607901.671678,model_3,1,1.1257651774355086,334.94215362558487,217.03333333333333,117.90882029225153,114688,0.03177899122238159,0.065543487837252,0.01536880788307862,,,3.0762176061328944e-16
cooldown30,steady8s1,4,1787607901.671678,model_4,0,0.577240799239555,625.456189904162,224.83333333333334,400.6228565708286,36864,0.0371999591588974,0.065543487837252,0.01536880788307862,,,3.0762176061328944e-16
cooldown30,steady8s1,4,1787607901.671678,model_5,0,1.7327602466017131,544.3068554000583,337.1,207.20685540005832,131072,0.0383455865085125,0.065543487837252,0.01536880788307862,,,3.0762176061328944e-16
cooldown30,steady8s1,4,1787607901.671678,model_6,0,0.5772407992395546,377.50134964459585,473.93333333333334,-96.43198368873749,57344,0.03492606058716774,0.065543487837252,0.01536880788307862,,,3.0762176061328944e-16
cooldown30,steady8s1,5,1787607906.6784513,model_3,1,1.4042051877701178,417.7847380173434,316.9,100.88473801734341,114688,0.03177899122238159,0.102496282008909,0.01917003669310741,,,4.917886466232659e-16
cooldown30,steady8s1,5,1787607906.6784513,model_4,0,0.5005620652400713,542.3726849315887,360.56666666666666,181.806018264922,36864,0.0371999591588974,0.102496282008909,0.01917003669310741,,,4.917886466232659e-16
cooldown30,steady8s1,5,1787607906.6784513,model_5,0,2.4718171283607253,776.4646095157586,485.8333333333333,290.6312761824253,131072,0.0383455865085125,0.102496282008909,0.01917003669310741,,,4.917886466232659e-16
cooldown30,steady8s1,5,1787607906.6784513,model_6,0,1.542662104111966,1008.8632458326309,524.1666666666666,484.6965791659643,57344,0.03492606058716774,0.102496282008909,0.01917003669310741,,,4.917886466232659e-16
cooldown30,steady8s1,6,1787607911.7220292,model_3,1,3.197535145587836,951.3434323811647,422.03333333333336,529.3100990478313,114688,0.03177899122238159,0.12209124014769539,0.04365235693635272,,,4.954311980328863e-16
cooldown30,steady8s1,6,1787607911.7220292,model_4,0,1.0915055703471388,1182.6761313265642,388.43333333333334,794.2427979932309,36864,0.0371999591588974,0.12209124014769539,0.04365235693635272,,,4.954311980328863e-16
cooldown30,steady8s1,6,1787607911.7220292,model_5,0,3.195203371593067,1003.699792262863,617.2333333333333,386.4664589295296,131072,0.0383455865085125,0.12209124014769539,0.04365235693635272,,,4.954311980328863e-16
cooldown30,steady8s1,6,1787607911.7220292,model_6,0,1.0915055703471381,713.8179187844286,728.8,-14.982081215571384,57344,0.03492606058716774,0.12209124014769539,0.04365235693635272,,,4.954311980328863e-16
cooldown30,steady8s1,7,1787607916.7574716,model_3,1,3.322347462211819,988.4780915152011,549.3,439.1780915152011,114688,0.03177899122238159,0.13361304344310304,0.045356279347601634,MIGRATE,model_6,1.5090295532274963e-16
cooldown30,steady8s1,7,1787607916.7574716,model_4,0,1.2997616007038948,1408.3272347189393,412.93333333333334,995.3939013856059,36864,0.0371999591588974,0.13361304344310304,0.045356279347601634,MIGRATE,model_6,1.5090295532274963e-16
cooldown30,steady8s1,7,1787607916.7574716,model_5,0,3.2862357474510886,1032.2955234611359,658.7,373.5955234611358,131072,0.0383455865085125,0.13361304344310304,0.045356279347601634,MIGRATE,model_6,1.5090295532274963e-16
cooldown30,steady8s1,7,1787607916.7574716,model_6,0,1.299761600703895,850.0122637352185,833.2,16.812263735218494,57344,0.03492606058716774,0.13361304344310304,0.045356279347601634,MIGRATE,model_6,1.5090295532274963e-16
cooldown30,steady8s1,8,1787607923.2666855,model_3,1,3.4444081485990927,1024.7940746269744,630.2333333333333,394.56074129364106,114688,0.03177899122238159,0.05687529324651243,0.09326589374820603,,,9.270254230894238e-08
cooldown30,steady8s1,8,1787607923.2666855,model_4,0,0.5486728788537614,594.5020670120816,366.76666666666665,227.73540034541497,36864,0.0371999591588974,0.05687529324651243,0.09326589374820603,,,9.270254230894238e-08
cooldown30,steady8s1,8,1787607923.2666855,model_5,0,2.7690895887118354,869.8459289499318,557.9333333333333,311.91259561659854,131072,0.0383455865085125,0.05687529324651243,0.09326589374820603,,,9.270254230894238e-08
cooldown30,steady8s1,8,1787607923.2666855,model_6,1,2.055183373242765,1344.0396073672298,808.6333333333333,535.4062740338965,57344,0.03492606058716774,0.05687529324651243,0.09326589374820603,,,9.270254230894238e-08
cooldown30,steady8s1,9,1787607928.2929373,model_3,1,3.0617309321589454,910.9384201912164,662.2,248.7384201912164,114688,0.03177899122238159,0.05440390018735159,0.07812024223155119,,,9.424637047563637e-08
cooldown30,steady8s1,9,1787607928.2929373,model_4,0,0.5781784808038705,626.4721935188281,400.73333333333335,225.7388601854948,36864,0.0371999591588974,0.05440390018735159,0.07812024223155119,,,9.424637047563637e-08
cooldown30,steady8s1,9,1787607928.2929373,model_5,0,2.595417782664156,815.2909177723296,461.96666666666664,353.324251105663,131072,0.0383455865085125,0.05440390018735159,0.07812024223155119,,,9.424637047563637e-08
cooldown30,steady8s1,9,1787607928.2929373,model_6,1,1.5447699574806737,1010.2417303274697,869.5333333333333,140.70839699413636,57344,0.03492606058716774,0.05440390018735159,0.07812024223155119,,,9.424637047563637e-08
cooldown30,steady8s1,10,1787607933.3029346,model_3,1,3.3751747353852313,1004.1954729030113,702.5333333333333,301.66213956967795,114688,0.03177899122238159,0.054371456653343336,0.09946354509501573,,,3.1346387382990136e-07
cooldown30,steady8s1,10,1787607933.3029346,model_4,0,0.6992302825548586,757.635130726228,428.73333333333335,328.90179739289465,36864,0.0371999591588974,0.054371456653343336,0.09946354509501573,,,3.1346387382990136e-07
cooldown30,steady8s1,10,1787607933.3029346,model_5,0,2.4724734203072605,776.6707685653695,388.1333333333333,388.53743523203616,131072,0.0383455865085125,0.054371456653343336,0.09946354509501573,,,3.1346387382990136e-07
cooldown30,steady8s1,10,1787607933.3029346,model_6,1,2.489870086219718,1628.3140748642397,760.5666666666667,867.747408197573,57344,0.03492606058716774,0.054371456653343336,0.09946354509501573,,,3.1346387382990136e-07
cooldown30,steady8s1,11,1787607938.3152473,model_3,1,3.0332234912426856,902.4567724673125,666.6,235.85677246731245,114688,0.03177899122238159,0.050117801703505147,0.09106103632178228,,,3.1121539074516676e-07
cooldown30,steady8s1,11,1787607938.3152473,model_4,0,0.6749524807746696,731.3294686512507,517.8,213.5294686512508,36864,0.0371999591588974,0.050117801703505147,0.09106103632178228,,,3.1121539074516676e-07
cooldown30,steady8s1,11,1787607938.3152473,model_5,0,2.2486185807069465,706.3519093649146,337.6333333333333,368.7185760315813,131072,0.0383455865085125,0.050117801703505147,0.09106103632178228,,,3.1121539074516676e-07
cooldown30,steady8s1,11,1787607938.3152473,model_6,1,2.336352469675646,1527.9173123416408,892.7333333333333,635.1839790083075,57344,0.03492606058716774,0.050117801703505147,0.09106103632178228,,,3.1121539074516676e-07
cooldown30,steady8s1,12,1787607943.3283653,model_3,1,3.866360448000431,1150.3350086703426,755.8333333333334,394.50167533700926,114688,0.03177899122238159,0.045004898091288534,0.09767783936803157,,,3.3381902764147465e-07
cooldown30,steady8s1,12,1787607943.3283653,model_4,0,0.7774793008575065,842.4200816787411,558.6666666666666,283.75341501207447,36864,0.0371999591588974,0.045004898091288534,0.09767783936803157,,,3.3381902764147465e-07
cooldown30,steady8s1,12,1787607943.3283653,model_5,0,1.8478357211981855,580.4551741499359,364.7,215.75517414993595,131072,0.0383455865085125,0.045004898091288534,0.09767783936803157,,,3.3381902764147465e-07
cooldown30,steady8s1,12,1787607943.3283653,model_6,1,1.8933869424892489,1238.2287030486264,729.2666666666667,508.9620363819597,57344,0.03492606058716774,0.045004898091288534,0.09767783936803157,,,3.3381902764147465e-07
cooldown30,steady8s1,13,1787607948.3370922,model_3,1,3.6721486603343405,1092.5523416237936,652.0666666666667,440.4856749571269,114688,0.03177899122238159,0.044228663018988444,0.09064956803604901,MIGRATE,model_6,1.5439646155514747e-08
cooldown30,steady8s1,13,1787607948.3370922,model_4,0,0.7507954301654537,813.5073781468127,596.8666666666667,216.64071148014602,36864,0.0371999591588974,0.044228663018988444,0.09064956803604901,MIGRATE,model_6,1.5439646155514747e-08
cooldown30,steady8s1,13,1787607948.3370922,model_5,0,1.8292387073113578,574.6133491378359,366.9,207.71334913783596,131072,0.0383455865085125,0.044228663018988444,0.09064956803604901,MIGRATE,model_6,1.5439646155514747e-08
cooldown30,steady8s1,13,1787607948.3370922,model_6,1,1.6731660873836174,1094.2096556566514,767.9333333333333,326.27632232331814,57344,0.03492606058716774,0.044228663018988444,0.09064956803604901,MIGRATE,model_6,1.5439646155514747e-08
cooldown30,steady8s1,14,1787607953.3474362,model_3,1,3.783708282963795,1125.7440062889652,640.2666666666667,485.4773396222986,114688,0.03177899122238159,0.09631948673422489,0.05165472058653646,,,2.0933046685418926e-16
cooldown30,steady8s1,14,1787607953.3474362,model_4,0,0.5886967512549101,637.8690271614872,527.0,110.86902716148722,36864,0.0371999591588974,0.09631948673422489,0.05165472058653646,,,2.0933046685418926e-16
cooldown30,steady8s1,14,1787607953.3474362,model_5,0,2.2179528798183146,696.7189833717973,398.0,298.7189833717973,131072,0.0383455865085125,0.09631948673422489,0.05165472058653646,,,2.0933046685418926e-16
cooldown30,steady8s1,14,1787607953.3474362,model_6,0,1.4362990091683911,939.3043859140814,927.4,11.904385914081445,57344,0.03492606058716774,0.09631948673422489,0.05165472058653646,,,2.0933046685418926e-16
cooldown30,steady8s1,15,1787607958.3599837,model_3,1,2.8496304210041266,847.8334286572673,610.1,237.73342865726727,114688,0.03177899122238159,0.09732391975932801,0.0389028043823089,,,6.215102055617328e-16
cooldown30,steady8s1,15,1787607958.3599837,model_4,0,0.6602110604502897,715.3567366440731,532.2666666666667,183.09006997740642,36864,0.0371999591588974,0.09732391975932801,0.0389028043823089,,,6.215102055617328e-16
cooldown30,steady8s1,15,1787607958.3599837,model_5,0,2.0406647729310055,641.0279942987767,447.23333333333335,193.7946609654433,131072,0.0383455865085125,0.09732391975932801,0.0389028043823089,,,6.215102055617328e-16
cooldown30,steady8s1,15,1787607958.3599837,model_6,0,1.586318866329413,1037.4136994386658,938.5333333333333,98.88036610533254,57344,0.03492606058716774,0.09732391975932801,0.0389028043823089,,,6.215102055617328e-16
cooldown30,steady8s1,16,1787607963.3746412,model_3,1,2.2355160534855276,665.1196683172458,493.3333333333333,171.78633498391247,114688,0.03177899122238159,0.1219699592429563,0.030518990491270007,,,4.959238303524045e-16
cooldown30,steady8s1,16,1787607963.3746412,model_4,0,0.5912782747885659,640.6661784987374,386.8666666666667,253.79951183207072,36864,0.0371999591588974,0.1219699592429563,0.030518990491270007,,,4.959238303524045e-16
cooldown30,steady8s1,16,1787607963.3746412,model_5,0,2.2853863529456033,717.9016609976279,470.1666666666667,247.73499433096123,131072,0.0383455865085125,0.1219699592429563,0.030518990491270007,,,4.959238303524045e-16
cooldown30,steady8s1,16,1787607963.3746412,model_6,0,2.4962073659487114,1632.4585006462044,1079.0666666666666,553.3918339795378,57344,0.03492606058716774,0.1219699592429563,0.030518990491270007,,,4.959238303524045e-16
cooldown30,steady8s1,17,1787607968.385793,model_3,1,2.3595774434843726,702.0309087614166,490.3,211.73090876141663,114688,0.03177899122238159,0.12415600926001859,0.03221266134449655,,,2.4359597951080476e-16
cooldown30,steady8s1,17,1787607968.385793,model_4,0,0.5954898995876994,645.2295891302142,272.3333333333333,372.8962557968809,36864,0.0371999591588974,0.12415600926001859,0.03221266134449655,,,2.4359597951080476e-16
cooldown30,steady8s1,17,1787607968.385793,model_5,0,2.386355231574819,749.6187164458482,545.8333333333334,203.78538311251486,131072,0.0383455865085125,0.12415600926001859,0.03221266134449655,,,2.4359597951080476e-16
cooldown30,steady8s1,17,1787607968.385793,model_6,0,2.4873240736235336,1626.6490449624416,1012.9666666666667,613.6823782957749,57344,0.03492606058716774,0.12415600926001859,0.03221266134449655,,,2.4359597951080476e-16
cooldown30,steady8s1,18,1787607973.4019547,model_3,1,1.9288550239615285,573.8806535381699,435.03333333333336,138.84732020483654,114688,0.03177899122238159,0.11878960843672945,0.026332491794696638,,,3.3946745663313356e-16
cooldown30,steady8s1,18,1787607973.4019547,model_4,0,0.5381387779911505,583.0880806856223,285.43333333333334,297.654747352289,36864,0.0371999591588974,0.11878960843672945,0.026332491794696638,,,3.3946745663313356e-16
cooldown30,steady8s1,18,1787607973.4019547,model_5,0,2.3235065433019506,729.87624373682,525.1,204.77624373682,131072,0.0383455865085125,0.11878960843672945,0.026332491794696638,,,3.3946745663313356e-16
cooldown30,steady8s1,18,1787607973.4019547,model_6,0,2.3711297347264204,1550.6607922046553,1035.2,515.4607922046553,57344,0.03492606058716774,0.11878960843672945,0.026332491794696638,,,3.3946745663313356e-16
cooldown30,steady8s1,19,1787607978.4184785,model_3,1,2.6132851520333538,777.51503990712,470.8666666666667,306.64837324045334,114688,0.03177899122238159,0.11809517419853416,0.03567624780932907,MIGRATE,model_6,3.414636247766583e-16
cooldown30,steady8s1,19,1787607978.4184785,model_4,0,1.2638972917943307,1369.46727535073,259.06666666666666,1110.4006086840634,36864,0.0371999591588974,0.11809517419853416,0.03567624780932907,MIGRATE,model_6,3.414636247766583e-16
cooldown30,steady8s1,19,1787607978.4184785,model_5,0,2.674390101711609,840.0982589660532,536.4666666666667,303.6315922993865,131072,0.0383455865085125,0.11809517419853416,0.03567624780932907,MIGRATE,model_6,3.414636247766583e-16
cooldown30,steady8s1,19,1787607978.4184785,model_6,0,1.263897291794331,826.5578838035384,883.9,-57.342116196461575,57344,0.03492606058716774,0.11809517419853416,0.03567624780932907,MIGRATE,model_6,3.414636247766583e-16
cooldown30,steady8s1,20,1787607985.4653628,model_3,1,2.1374896152310363,635.9544507396346,466.1333333333333,169.82111740630125,114688,0.03177899122238159,0.04708168636901083,0.0753107364038605,,,6.363468632740058e-09
cooldown30,steady8s1,20,1787607985.4653628,model_4,0,0.5590155240967505,605.7086059395662,339.03333333333336,266.6752726062328,36864,0.0371999591588974,0.04708168636901083,0.0753107364038605,,,6.363468632740058e-09
cooldown30,steady8s1,20,1787607985.4653628,model_5,0,2.187446832901781,687.1362090091063,458.76666666666665,228.36954234243967,131072,0.0383455865085125,0.04708168636901083,0.0753107364038605,,,6.363468632740058e-09
cooldown30,steady8s1,20,1787607985.4653628,model_6,1,2.303343309061175,1506.3301294900234,933.9,572.4301294900234,57344,0.03492606058716774,0.04708168636901083,0.0753107364038605,,,6.363468632740058e-09
cooldown30,steady8s1,21,1787607990.485943,model_3,1,2.8965611336359243,861.7964417928182,564.3333333333334,297.46310845948483,114688,0.03177899122238159,0.05378995964582249,0.07368409438244664,,,9.626218739440515e-08
cooldown30,steady8s1,21,1787607990.485943,model_4,0,0.6491487695539583,703.3704419733813,370.76666666666665,332.6037753067146,36864,0.0371999591588974,0.05378995964582249,0.07368409438244664,,,9.626218739440515e-08
cooldown30,steady8s1,21,1787607990.485943,model_5,0,2.4886338959573298,781.7472110219123,450.1,331.6472110219123,131072,0.0383455865085125,0.05378995964582249,0.07368409438244664,,,9.626218739440515e-08
cooldown30,steady8s1,21,1787607990.485943,model_6,1,1.4483543109831547,947.1882581411336,902.2333333333333,44.95492480780024,57344,0.03492606058716774,0.05378995964582249,0.07368409438244664,,,9.626218739440515e-08
cooldown30,steady8s1,22,1787607995.5347357,model_3,1,3.880800426631916,1154.6312488082322,612.4333333333333,542.1979154748989,114688,0.03177899122238159,0.055100400035520365,0.12426567300307718,,,2.603321035246381e-07
cooldown30,steady8s1,22,1787607995.5347357,model_4,0,0.6706071909118143,726.6212282683273,445.8333333333333,280.787894934994,36864,0.0371999591588974,0.055100400035520365,0.12426567300307718,,,2.603321035246381e-07
cooldown30,steady8s1,22,1787607995.5347357,model_5,0,2.5436186838164794,799.0194199343391,396.3333333333333,402.6860866010058,131072,0.0383455865085125,0.055100400035520365,0.12426567300307718,,,2.603321035246381e-07
cooldown30,steady8s1,22,1787607995.5347357,model_6,1,3.4467463642795457,2254.0877327317176,792.9,1461.1877327317175,57344,0.03492606058716774,0.055100400035520365,0.12426567300307718,,,2.603321035246381e-07
cooldown30,steady8s1,23,1787608000.5548818,model_3,1,3.1460863301128055,936.036175235454,593.4,342.63617523545406,114688,0.03177899122238159,0.04024979839834048,0.09103303496264022,,,3.157197149043789e-07
cooldown30,steady8s1,23,1787608000.5548818,model_4,0,0.7265523335871793,787.2393201070803,544.8333333333334,242.40598677374692,36864,0.0371999591588974,0.04024979839834048,0.09103303496264022,,,3.157197149043789e-07
cooldown30,steady8s1,23,1787608000.5548818,model_5,0,1.6213787772785149,509.3189236096984,339.5,169.8189236096984,131072,0.0383455865085125,0.04024979839834048,0.09103303496264022,,,3.157197149043789e-07
cooldown30,steady8s1,23,1787608000.5548818,model_6,1,2.2218384566837552,1453.0279515850782,835.7,617.3279515850782,57344,0.03492606058716774,0.04024979839834048,0.09103303496264022,,,3.157197149043789e-07
cooldown30,steady8s1,24,1787608005.5755424,model_3,1,3.1571465872786693,939.3268671390944,563.7333333333333,375.593533805761,114688,0.03177899122238159,0.03747783092914953,0.0971506938773627,,,3.082881663872953e-07
cooldown30,steady8s1,24,1787608005.5755424,model_4,0,0.7053098814730991,764.2225423931745,604.7666666666667,159.45587572650788,36864,0.0371999591588974,0.03747783092914953,0.0971506938773627,,,3.082881663872953e-07
cooldown30,steady8s1,24,1787608005.5755424,model_5,0,1.4809213223568005,465.19743839218415,306.26666666666665,158.9307717255175,131072,0.0383455865085125,0.03747783092914953,0.0971506938773627,,,3.082881663872953e-07
cooldown30,steady8s1,24,1787608005.5755424,model_6,1,2.5715168787733838,1681.7090781692125,947.4666666666667,734.2424115025458,57344,0.03492606058716774,0.03747783092914953,0.0971506938773627,,,3.082881663872953e-07
cooldown30,steady8s1,25,1787608010.5967417,model_3,1,3.050489456638399,907.5938114786265,607.5,300.09381147862655,114688,0.03177899122238159,0.047815879268221693,0.09521854047430875,MIGRATE,model_6,3.066281167378773e-07
cooldown30,steady8s1,25,1787608010.5967417,model_4,0,0.847429255896611,918.2127706576939,625.5666666666667,292.6461039910272,36864,0.0371999591588974,0.047815879268221693,0.09521854047430875,MIGRATE,model_6,3.066281167378773e-07
cooldown30,steady8s1,25,1787608010.5967417,model_5,0,1.9418614982127202,609.9912136070394,392.7,217.29121360703942,131072,0.0383455865085125,0.047815879268221693,0.09521854047430875,MIGRATE,model_6,3.066281167378773e-07
cooldown30,steady8s1,25,1787608010.5967417,model_6,1,2.5642411566093286,1676.9509340113702,946.9666666666667,729.9842673447035,57344,0.03492606058716774,0.047815879268221693,0.09521854047430875,MIGRATE,model_6,3.066281167378773e-07
cooldown30,steady8s1,26,1787608016.0123277,model_3,1,3.965706785728239,1179.8929280129603,577.5666666666667,602.3262613462936,114688,0.03177899122238159,0.11362908280590006,0.05413934178468586,,,1.7744227646079585e-16
cooldown30,steady8s1,26,1787608016.0123277,model_4,0,0.767428989098189,831.5302940743085,563.8666666666667,267.6636274076418,36864,0.0371999591588974,0.11362908280590006,0.05413934178468586,,,1.7744227646079585e-16
cooldown30,steady8s1,26,1787608016.0123277,model_5,0,1.8753484976854136,589.097681318748,376.3666666666667,212.73101465208129,131072,0.0383455865085125,0.11362908280590006,0.05413934178468586,,,1.7744227646079585e-16
cooldown30,steady8s1,26,1787608016.0123277,model_6,0,2.3626723835372365,1545.1298915951677,831.2,713.9298915951676,57344,0.03492606058716774,0.11362908280590006,0.05413934178468586,,,1.7744227646079585e-16
cooldown30,steady8s1,27,1787608021.0344565,model_3,1,4.107041239812688,1221.9433194990247,530.5333333333333,691.4099861656914,114688,0.03177899122238159,0.08700348336708087,0.05606882238652136,,,4.3251497505811873e-16
cooldown30,steady8s1,27,1787608021.0344565,model_4,0,0.6541067723592772,708.7425735833335,525.9666666666667,182.77590691666683,36864,0.0371999591588974,0.08700348336708087,0.05606882238652136,,,4.3251497505811873e-16
cooldown30,steady8s1,27,1787608021.0344565,model_5,0,1.6775826478447544,526.9740793701211,334.0,192.9740793701211,131072,0.0383455865085125,0.08700348336708087,0.05606882238652136,,,4.3251497505811873e-16
cooldown30,steady8s1,27,1787608021.0344565,model_6,0,1.5008819935872602,981.5400764860522,794.8666666666667,186.67340981938548,57344,0.03492606058716774,0.08700348336708087,0.05606882238652136,,,4.3251497505811873e-16
cooldown30,steady8s1,28,1787608026.0577226,model_3,1,3.394428367146926,1009.923890353324,637.2,372.723890353324,114688,0.03177899122238159,0.09880158468822066,0.04634031900541879,,,1.5305374292975546e-16
cooldown30,steady8s1,28,1787608026.0577226,model_4,0,0.6277441020782212,680.1778994795438,516.3666666666667,163.81123281287717,36864,0.0371999591588974,0.09880158468822066,0.04634031900541879,,,1.5305374292975546e-16
cooldown30,steady8s1,28,1787608026.0577226,model_5,0,1.778066411381984,558.5387470481674,445.6666666666667,112.87208038150067,131072,0.0383455865085125,0.09880158468822066,0.04634031900541879,,,1.5305374292975546e-16
cooldown30,steady8s1,28,1787608026.0577226,model_6,0,1.9464764807939519,1272.9479612653633,898.8333333333334,374.11462793203,57344,0.03492606058716774,0.09880158468822066,0.04634031900541879,,,1.5305374292975546e-16
cooldown30,steady8s1,29,1787608031.0781612,model_3,1,2.4072008387783645,716.2000116102618,622.3,93.9000116102618,114688,0.03177899122238159,0.10985555365890357,0.032862810085711465,,,9.176870196219273e-17
cooldown30,steady8s1,29,1787608031.0781612,model_4,0,1.3289550332931845,1439.9591171873572,490.3333333333333,949.6257838540239,36864,0.0371999591588974,0.10985555365890357,0.032862810085711465,,,9.176870196219273e-17
cooldown30,steady8s1,29,1787608031.0781612,model_5,0,2.181312896739628,685.2093737702473,459.46666666666664,225.7427071035807,131072,0.0383455865085125,0.10985555365890357,0.032862810085711465,,,9.176870196219273e-17
cooldown30,steady8s1,29,1787608031.0781612,model_6,0,1.3289550332931848,869.104053881954,894.5666666666667,-25.462612784712746,57344,0.03492606058716774,0.10985555365890357,0.032862810085711465,,,9.176870196219273e-17
cooldown30,steady8s1,30,1787608036.125415,model_3,1,4.05960192863787,1207.8289860928307,716.0666666666667,491.762319426164,114688,0.03177899122238159,0.11559197457272663,0.05542118673908358,,,3.488581832737107e-16
cooldown30,steady8s1,30,1787608036.125415,model_4,0,0.7416268277722816,803.572946749839,455.8,347.77294674983904,36864,0.0371999591588974,0.11559197457272663,0.05542118673908358,,,3.488581832737107e-16
cooldown30,steady8s1,30,1787608036.125415,model_5,0,2.337213141512819,734.1818569253852,463.46666666666664,270.71519025871856,131072,0.0383455865085125,0.11559197457272663,0.05542118673908358,,,3.488581832737107e-16
cooldown30,steady8s1,30,1787608036.125415,model_6,0,2.01307681687364,1316.5029504310412,832.0666666666667,484.4362837643745,57344,0.03492606058716774,0.11559197457272663,0.05542118673908358,,,3.488581832737107e-16
cooldown30,steady8s1,31,1787608041.1625383,model_3,1,3.3481129493269868,996.1439421886296,685.5333333333333,310.6106088552963,114688,0.03177899122238159,0.1144246268957779,0.04570802661197252,MIGRATE,model_4,3.524171967560098e-16
cooldown30,steady8s1,31,1787608041.1625383,model_4,0,0.8931599191157402,967.7631947034429,555.2,412.56319470344283,36864,0.0371999591588974,0.1144246268957779,0.04570802661197252,MIGRATE,model_4,3.524171967560098e-16
cooldown30,steady8s1,31,1787608041.1625383,model_5,0,2.194053563219505,689.2115616787958,399.53333333333336,289.6782283454624,131072,0.0383455865085125,0.1144246268957779,0.04570802661197252,MIGRATE,model_4,3.524171967560098e-16
cooldown30,steady8s1,31,1787608041.1625383,model_6,0,1.953280726663532,1277.3977714701582,831.9666666666667,445.4311048034915,57344,0.03492606058716774,0.1144246268957779,0.04570802661197252,MIGRATE,model_4,3.524171967560098e-16
cooldown30,steady8s1,32,1787608046.183672,model_3,1,3.2949280234350242,980.320150534982,782.9333333333333,197.38681720164868,114688,0.03177899122238159,0.10551025401520113,0.06483411245743044,,,1.2366166746941486e-07
cooldown30,steady8s1,32,1787608046.183672,model_4,1,1.0758028859022266,1165.6618433602239,633.3,532.3618433602239,36864,0.0371999591588974,0.10551025401520113,0.06483411245743044,,,1.2366166746941486e-07
cooldown30,steady8s1,32,1787608046.183672,model_5,0,3.1199248020177937,980.052757674615,494.8333333333333,485.2194243412817,131072,0.0383455865085125,0.10551025401520113,0.06483411245743044,,,1.2366166746941486e-07
cooldown30,steady8s1,32,1787608046.183672,model_6,0,2.1436348927379356,1401.8847354862578,877.8333333333334,524.0514021529244,57344,0.03492606058716774,0.10551025401520113,0.06483411245743044,,,1.2366166746941486e-07
cooldown30,steady8s1,33,1787608051.2076411,model_3,1,3.009391354410255,895.3661398947739,709.4333333333333,185.93280656144066,114688,0.03177899122238159,0.10864875378046496,0.05971200511643494,,,1.4058087186591637e-07
cooldown30,steady8s1,33,1787608051.2076411,model_4,1,1.016037490509413,1100.90440324208,736.3666666666667,364.5377365754133,36864,0.0371999591588974,0.10864875378046496,0.05971200511643494,,,1.4058087186591637e-07
cooldown30,steady8s1,33,1787608051.2076411,model_5,0,3.0141022314581916,946.8110263245262,547.2333333333333,399.57769299119286,131072,0.0383455865085125,0.10864875378046496,0.05971200511643494,,,1.4058087186591637e-07
cooldown30,steady8s1,33,1787608051.2076411,model_6,0,2.40602682895929,1573.482637418884,929.1666666666666,644.3159707522174,57344,0.03492606058716774,0.10864875378046496,0.05971200511643494,,,1.4058087186591637e-07
cooldown30,steady8s1,34,1787608056.2310472,model_3,1,2.6265541105684926,781.4628734670922,537.7333333333333,243.72954013375886,114688,0.03177899122238159,0.09703640061614904,0.05336154095270553,,,1.2274841315926657e-07
cooldown30,steady8s1,34,1787608056.2310472,model_4,1,0.9707641463135102,1051.849496862814,686.3666666666667,365.48283019614735,36864,0.0371999591588974,0.09703640061614904,0.05336154095270553,,,1.2274841315926657e-07
cooldown30,steady8s1,34,1787608056.2310472,model_5,0,2.4187007378540777,759.7793147419569,488.53333333333336,271.24598140862355,131072,0.0383455865085125,0.09703640061614904,0.05336154095270553,,,1.2274841315926657e-07
cooldown30,steady8s1,34,1787608056.2310472,model_6,0,2.422126268899131,1584.0112769637997,861.8666666666667,722.144610297133,57344,0.03492606058716774,0.09703640061614904,0.05336154095270553,,,1.2274841315926657e-07
cooldown30,steady8s1,35,1787608061.2541757,model_3,1,2.9675762595318034,882.925145792832,589.2666666666667,293.6584791261654,114688,0.03177899122238159,0.09283683238537474,0.05611511433668637,,,2.876644685569531e-16
cooldown30,steady8s1,35,1787608061.2541757,model_4,1,0.8153715655562185,883.4773865964085,577.6666666666666,305.8107199297418,36864,0.0371999591588974,0.09283683238537474,0.05611511433668637,,,2.876644685569531e-16
cooldown30,steady8s1,35,1787608061.2541757,model_5,0,2.2692206379922273,712.8235727342213,457.1,255.7235727342213,131072,0.0383455865085125,0.09283683238537474,0.05611511433668637,,,2.876644685569531e-16
cooldown30,steady8s1,35,1787608061.2541757,model_6,0,2.3621043088578526,1544.7583846634868,922.5,622.2583846634868,57344,0.03492606058716774,0.09283683238537474,0.05611511433668637,,,2.876644685569531e-16
cooldown30,steady8s1,36,1787608066.3143923,model_3,1,2.5749484064747685,766.1089381926937,550.3333333333334,215.77560485936033,114688,0.03177899122238159,0.0915697338384529,0.048211458889099786,,,1.3382206652129755e-07
cooldown30,steady8s1,36,1787608066.3143923,model_4,1,0.675181896291186,731.5780466364768,598.7333333333333,132.8447133031434,36864,0.0371999591588974,0.0915697338384529,0.048211458889099786,,,1.3382206652129755e-07
cooldown30,steady8s1,36,1787608066.3143923,model_5,0,1.8783480177758942,590.0399117002221,437.2,152.8399117002221,131072,0.0383455865085125,0.0915697338384529,0.048211458889099786,,,1.3382206652129755e-07
cooldown30,steady8s1,36,1787608066.3143923,model_6,0,2.6897649289209693,1759.0404078021172,991.9666666666667,767.0737411354505,57344,0.03492606058716774,0.0915697338384529,0.048211458889099786,,,1.3382206652129755e-07
cooldown30,steady8s1,37,1787608071.362527,model_3,1,3.3486103232273496,996.2919228587407,572.7333333333333,423.55858952540734,114688,0.03177899122238159,0.09025590252294144,0.05908217658588231,,,2.9589043269343637e-16
cooldown30,steady8s1,37,1787608071.362527,model_4,1,0.6343592217693578,687.3455625470693,509.56666666666666,177.77889588040267,36864,0.0371999591588974,0.09025590252294144,0.05908217658588231,,,2.9589043269343637e-16
cooldown30,steady8s1,37,1787608071.362527,model_5,0,2.0875277940419528,655.7489366250288,415.0,240.74893662502882,131072,0.0383455865085125,0.09025590252294144,0.05908217658588231,,,2.9589043269343637e-16
cooldown30,steady8s1,37,1787608071.362527,model_6,0,2.4150430306474413,1579.3790125719036,1205.8333333333333,373.5456792385703,57344,0.03492606058716774,0.09025590252294144,0.05908217658588231,,,2.9589043269343637e-16
cooldown30,steady8s1,38,1787608076.3882182,model_3,1,3.0817761052975126,916.9023401946081,609.9666666666667,306.9356735279414,114688,0.03177899122238159,0.08552989334691563,0.05432700562657915,MIGRATE,model_5,9.746792613976669e-08
cooldown30,steady8s1,38,1787608076.3882182,model_4,1,0.580628047450549,629.1263659608423,499.6333333333333,129.49303262750902,36864,0.0371999591588974,0.08552989334691563,0.05432700562657915,MIGRATE,model_5,9.746792613976669e-08
cooldown30,steady8s1,38,1787608076.3882182,model_5,0,1.4519535698324049,456.09788390073976,312.9,143.19788390073978,131072,0.0383455865085125,0.08552989334691563,0.05432700562657915,MIGRATE,model_5,9.746792613976669e-08
cooldown30,steady8s1,38,1787608076.3882182,model_6,0,2.8148517223894887,1840.844108128373,1175.6666666666667,665.1774414617062,57344,0.03492606058716774,0.08552989334691563,0.05432700562657915,MIGRATE,model_5,9.746792613976669e-08
cooldown30,steady8s1,39,1787608081.4134288,model_3,1,3.6067808098919314,1073.103837580587,635.1666666666666,437.93717091392034,114688,0.03177899122238159,0.04759137640749396,0.09816439865437712,,,8.644351345316894e-17
cooldown30,steady8s1,39,1787608081.4134288,model_4,1,0.7652766477337558,829.1981733528609,480.06666666666666,349.1315066861942,36864,0.0371999591588974,0.04759137640749396,0.09816439865437712,,,8.644351345316894e-17
cooldown30,steady8s1,39,1787608081.4134288,model_5,1,0.765276647733756,240.39409171348836,291.06666666666666,-50.6725749531783,131072,0.0383455865085125,0.04759137640749396,0.09816439865437712,,,8.644351345316894e-17
cooldown30,steady8s1,39,1787608081.4134288,model_6,0,3.091859284067327,2022.0002712632413,1128.1666666666667,893.8336045965746,57344,0.03492606058716774,0.04759137640749396,0.09816439865437712,,,8.644351345316894e-17
cooldown30,steady8s1,40,1787608086.4396572,model_3,1,3.340653519143522,993.9245827160255,692.6666666666666,301.25791604935887,114688,0.03177899122238159,0.04004906151491187,0.10651253539372914,,,7.966832715355189e-17
cooldown30,steady8s1,40,1787608086.4396572,model_4,1,1.1167859219467657,1210.0680835443738,494.5,715.5680835443738,36864,0.0371999591588974,0.04004906151491187,0.10651253539372914,,,7.966832715355189e-17
cooldown30,steady8s1,40,1787608086.4396572,model_5,1,1.1167859219467662,350.8126611988366,273.1,77.7126611988366,131072,0.0383455865085125,0.04004906151491187,0.10651253539372914,,,7.966832715355189e-17
cooldown30,steady8s1,40,1787608086.4396572,model_6,0,2.601859244473659,1701.5522424402643,1210.2666666666667,491.28557577359766,57344,0.03492606058716774,0.04004906151491187,0.10651253539372914,,,7.966832715355189e-17
cooldown30,steady8s1,41,1787608091.4676073,model_3,1,3.0129702488784886,896.4309468765634,680.0,216.43094687656344,114688,0.03177899122238159,0.03701572032429999,0.1014293634262352,,,8.366093633105683e-17
cooldown30,steady8s1,41,1787608091.4676073,model_4,1,1.1476162359181499,1243.4735717487663,573.9,669.5735717487663,36864,0.0371999591588974,0.03701572032429999,0.1014293634262352,,,8.366093633105683e-17
cooldown30,steady8s1,41,1787608091.4676073,model_5,1,1.1476162359181503,360.49729661315416,294.6333333333333,65.86396327982084,131072,0.0383455865085125,0.03701572032429999,0.1014293634262352,,,8.366093633105683e-17
cooldown30,steady8s1,41,1787608091.4676073,model_6,0,2.404792783490606,1572.6756018965084,1177.7666666666667,394.90893522984175,57344,0.03492606058716774,0.03701572032429999,0.1014293634262352,,,8.366093633105683e-17
cooldown30,steady8s1,42,1787608096.497396,model_3,1,2.9340112036403476,872.9387362536264,627.2,245.73873625362637,114688,0.03177899122238159,0.03619945704531816,0.10154279937932958,,,8.356747664600294e-17
cooldown30,steady8s1,42,1787608096.497396,model_4,1,1.1900640362356227,1289.466924074788,589.3,700.1669240747881,36864,0.0371999591588974,0.03619945704531816,0.10154279937932958,,,8.356747664600294e-17
cooldown30,steady8s1,42,1787608096.497396,model_5,1,1.1900640362356232,373.8312986799525,359.9,13.931298679952533,131072,0.0383455865085125,0.03619945704531816,0.10154279937932958,,,8.356747664600294e-17
cooldown30,steady8s1,42,1787608096.497396,model_6,0,2.3517627728484722,1537.995273313627,1165.3,372.695273313627,57344,0.03492606058716774,0.03619945704531816,0.10154279937932958,,,8.356747664600294e-17
cooldown30,steady8s1,43,1787608101.5289423,model_3,1,3.5614303441478814,1059.6109858130117,703.0,356.61098581301167,114688,0.03177899122238159,0.03207022913016756,0.11545886864994624,,,7.349522487899276e-17
cooldown30,steady8s1,43,1787608101.5289423,model_4,1,1.2404961418667912,1344.1114895290475,619.3,724.8114895290475,36864,0.0371999591588974,0.03207022913016756,0.11545886864994624,,,7.349522487899276e-17
cooldown30,steady8s1,43,1787608101.5289423,model_5,1,1.2404961418667915,389.67338697874675,341.53333333333336,48.14005364541339,131072,0.0383455865085125,0.03207022913016756,0.11545886864994624,,,7.349522487899276e-17
cooldown30,steady8s1,43,1787608101.5289423,model_6,0,2.0835000616343033,1362.5580282746803,939.6,422.95802827468026,57344,0.03492606058716774,0.03207022913016756,0.11545886864994624,,,7.349522487899276e-17
cooldown30,steady8s1,44,1787608106.5621896,model_3,1,3.207704343301592,954.3690127163543,533.1,421.26901271635427,114688,0.03177899122238159,0.030431113579730468,0.11330010290233684,MIGRATE,model_5,1.497911351945801e-16
cooldown30,steady8s1,44,1787608106.5621896,model_4,1,1.3608707358375978,1474.5406535892203,723.5666666666667,750.9739869225535,36864,0.0371999591588974,0.030431113579730468,0.11330010290233684,MIGRATE,model_5,1.497911351945801e-16
cooldown30,steady8s1,44,1787608106.5621896,model_5,1,1.3608707358375982,427.48630243707845,353.23333333333335,74.2529691037451,131072,0.0383455865085125,0.030431113579730468,0.11330010290233684,MIGRATE,model_5,1.497911351945801e-16
cooldown30,steady8s1,44,1787608106.5621896,model_6,0,1.9770119746144033,1292.917426598497,961.9666666666667,330.95075993183036,57344,0.03492606058716774,0.030431113579730468,0.11330010290233684,MIGRATE,model_5,1.497911351945801e-16
cooldown30,steady8s1,45,1787608113.3873432,model_3,1,2.502989023462748,744.6992950426726,540.6,204.09929504267257,114688,0.03177899122238159,0.06567642204299426,0.04719185972048465,,,4.0662778543519165e-16
cooldown30,steady8s1,45,1787608113.3873432,model_4,1,0.6784059572252381,735.0714048164384,647.7333333333333,87.33807148310507,36864,0.0371999591588974,0.06567642204299426,0.04719185972048465,,,4.0662778543519165e-16
cooldown30,steady8s1,45,1787608113.3873432,model_5,0,1.6555337208930423,520.0479151084645,335.56666666666666,184.48124844179785,131072,0.0383455865085125,0.06567642204299426,0.04719185972048465,,,4.0662778543519165e-16
cooldown30,steady8s1,45,1787608113.3873432,model_6,0,1.6208474740721128,1059.9945635102797,1005.3333333333334,54.66123017694633,57344,0.03492606058716774,0.06567642204299426,0.04719185972048465,,,4.0662778543519165e-16
cooldown30,steady8s1,46,1787608118.417168,model_3,1,3.7522358208166597,1116.3801936016032,566.3,550.0801936016032,114688,0.03177899122238159,0.07118168085101108,0.06906364040682426,,,1.907656825589734e-16
cooldown30,steady8s1,46,1787608118.417168,model_4,1,0.9036247500465172,979.1021251646604,616.5333333333333,362.5687918313271,36864,0.0371999591588974,0.07118168085101108,0.06906364040682426,,,1.907656825589734e-16
cooldown30,steady8s1,46,1787608118.417168,model_5,0,1.9917712829428673,625.6692267848224,337.96666666666664,287.70256011815576,131072,0.0383455865085125,0.07118168085101108,0.06906364040682426,,,1.907656825589734e-16
cooldown30,steady8s1,46,1787608118.417168,model_6,0,1.5592492098237838,1019.7108068524996,793.0,226.71080685249956,57344,0.03492606058716774,0.07118168085101108,0.06906364040682426,,,1.907656825589734e-16
cooldown30,steady8s1,47,1787608123.453258,model_3,1,2.939737103549297,874.6423288725747,581.0,293.6423288725747,114688,0.03177899122238159,0.09067402691056826,0.05574490257929413,,,1.9635066373152062e-16
cooldown30,steady8s1,47,1787608123.453258,model_4,1,0.818253242987649,886.5997628892306,553.9333333333333,332.66642955589737,36864,0.0371999591588974,0.09067402691056826,0.05574490257929413,,,1.9635066373152062e-16
cooldown30,steady8s1,47,1787608123.453258,model_5,0,2.5033692936734337,786.3759979586231,420.8,365.5759979586231,131072,0.0383455865085125,0.09067402691056826,0.05574490257929413,,,1.9635066373152062e-16
cooldown30,steady8s1,47,1787608123.453258,model_6,0,2.0200603847440175,1321.0700328338705,982.7333333333333,338.3366995005372,57344,0.03492606058716774,0.09067402691056826,0.05574490257929413,,,1.9635066373152062e-16
cooldown30,steady8s1,48,1787608128.4878979,model_3,1,2.1128412655608897,628.6209752624111,457.8,170.82097526241108,114688,0.03177899122238159,0.08004864029052193,0.042782697746850964,,,1.4507253367663254e-07
cooldown30,steady8s1,48,1787608128.4878979,model_4,1,0.7713141942639286,835.740020107466,494.1666666666667,341.5733534407993,36864,0.0371999591588974,0.08004864029052193,0.042782697746850964,,,1.4507253367663254e-07
cooldown30,steady8s1,48,1787608128.4878979,model_5,0,2.156686365013389,677.4735141384214,366.7,310.7735141384214,131072,0.0383455865085125,0.08004864029052193,0.042782697746850964,,,1.4507253367663254e-07
cooldown30,steady8s1,48,1787608128.4878979,model_6,0,1.8366770601523628,1201.141828474682,866.5666666666667,334.5751618080152,57344,0.03492606058716774,0.08004864029052193,0.042782697746850964,,,1.4507253367663254e-07
cooldown30,steady8s1,49,1787608133.777514,model_3,1,2.5878622468887262,769.9511155903649,450.6666666666667,319.2844489236982,114688,0.03177899122238159,0.08617405510848099,0.04711420808448062,,,4.132080205506688e-16
cooldown30,steady8s1,49,1787608133.777514,model_4,1,0.5882979215564568,637.4368842777135,455.9,181.5368842777135,36864,0.0371999591588974,0.08617405510848099,0.04711420808448062,,,4.132080205506688e-16
cooldown30,steady8s1,49,1787608133.777514,model_5,0,2.1244081996465103,667.3340694441046,354.6333333333333,312.70073611077123,131072,0.0383455865085125,0.08617405510848099,0.04711420808448062,,,4.132080205506688e-16
cooldown30,steady8s1,49,1787608133.777514,model_6,0,2.1745326510972802,1422.091112958209,941.5,480.5911129582089,57344,0.03492606058716774,0.08617405510848099,0.04711420808448062,,,4.132080205506688e-16
cooldown30,steady8s1,50,1787608138.8126953,model_3,1,1.8488928222738488,550.0899798002188,391.26666666666665,158.82331313355212,114688,0.03177899122238159,0.07716719463107849,0.03236939408046407,MIGRATE,model_5,1.495540607923236e-07
cooldown30,steady8s1,50,1787608138.8126953,model_4,1,0.3332595333536841,361.09581695408184,264.8666666666667,96.22915028741517,36864,0.0371999591588974,0.07716719463107849,0.03236939408046407,MIGRATE,model_5,1.495540607923236e-07
cooldown30,steady8s1,50,1787608138.8126953,model_5,0,1.731945199310573,544.05082700322,304.03333333333336,240.01749366988662,131072,0.0383455865085125,0.07716719463107849,0.03236939408046407,MIGRATE,model_5,1.495540607923236e-07
cooldown30,steady8s1,50,1787608138.8126953,model_6,0,2.1176723602505256,1384.9058749013852,932.5666666666667,452.3392082347185,57344,0.03492606058716774,0.07716719463107849,0.03236939408046407,MIGRATE,model_5,1.495540607923236e-07
cooldown30,steady8s1,51,1787608143.8460073,model_3,1,2.249588957394305,669.3066949169753,393.6,275.70669491697527,114688,0.03177899122238159,0.05112517188885607,0.07583912541463379,,,2.2378094339322394e-16
cooldown30,steady8s1,51,1787608143.8460073,model_4,1,0.5072844785830002,549.656603604642,378.8666666666667,170.7899369379753,36864,0.0371999591588974,0.05112517188885607,0.07583912541463379,,,2.2378094339322394e-16
cooldown30,steady8s1,51,1787608143.8460073,model_5,1,1.2120901684858054,380.7503025093832,380.4,0.35030250938319796,131072,0.0383455865085125,0.05112517188885607,0.07583912541463379,,,2.2378094339322394e-16
cooldown30,steady8s1,51,1787608143.8460073,model_6,0,3.3214386573027714,2172.139560379869,982.4333333333333,1189.7062270465358,57344,0.03492606058716774,0.05112517188885607,0.07583912541463379,,,2.2378094339322394e-16
cooldown30,steady8s1,52,1787608148.881725,model_3,1,2.0267394140789627,603.0036083864854,390.03333333333336,212.97027505315208,114688,0.03177899122238159,0.03134149890435016,0.08175053903158494,,,2.0759925539875358e-16
cooldown30,steady8s1,52,1787608148.881725,model_4,1,0.5891150615996636,638.3222778582011,362.6666666666667,275.65561119153443,36864,0.0371999591588974,0.03134149890435016,0.08175053903158494,,,2.0759925539875358e-16
cooldown30,steady8s1,52,1787608148.881725,model_5,1,1.6624769566481683,522.228973236723,422.3333333333333,99.89563990338974,131072,0.0383455865085125,0.03134149890435016,0.08175053903158494,,,2.0759925539875358e-16
cooldown30,steady8s1,52,1787608148.881725,model_6,0,2.0361567930769513,1331.596689782094,902.1333333333333,429.4633564487607,57344,0.03492606058716774,0.03134149890435016,0.08175053903158494,,,2.0759925539875358e-16
cooldown30,steady8s1,53,1787608153.980982,model_3,1,2.5272825724764716,751.9272088109783,414.2,337.7272088109783,114688,0.03177899122238159,0.032954491812970985,0.0913256506124187,,,1.858333438370924e-16
cooldown30,steady8s1,53,1787608153.980982,model_4,1,0.4947582241294657,536.0840643894671,319.3666666666667,216.71739772280046,36864,0.0371999591588974,0.032954491812970985,0.0913256506124187,,,1.858333438370924e-16
cooldown30,steady8s1,53,1787608153.980982,model_5,1,1.7573943755810932,552.0451015345611,360.1333333333333,191.9117682012278,131072,0.0383455865085125,0.032954491812970985,0.0913256506124187,,,1.858333438370924e-16
cooldown30,steady8s1,53,1787608153.980982,model_6,0,2.140947775732136,1400.1274267553458,782.3,617.8274267553459,57344,0.03492606058716774,0.032954491812970985,0.0913256506124187,,,1.858333438370924e-16
cooldown30,steady8s1,54,1787608159.0172186,model_3,1,3.365945771100481,1001.4496345743559,468.23333333333335,533.2163012410225,114688,0.03177899122238159,0.03195685504227923,0.1155983080736291,,,4.4043943153373973e-16
cooldown30,steady8s1,54,1787608159.0172186,model_4,1,0.5893317966573859,638.5571162195924,400.8333333333333,237.72378288625913,36864,0.0371999591588974,0.03195685504227923,0.1155983080736291,,,4.4043943153373973e-16
cooldown30,steady8s1,54,1787608159.0172186,model_5,1,2.0944424807438775,657.9210267235768,465.1333333333333,192.78769339024348,131072,0.0383455865085125,0.03195685504227923,0.1155983080736291,,,4.4043943153373973e-16
cooldown30,steady8s1,54,1787608159.0172186,model_6,0,2.0761345102955735,1357.741138035962,777.0666666666667,580.6744713692952,57344,0.03492606058716774,0.03195685504227923,0.1155983080736291,,,4.4043943153373973e-16
cooldown30,steady8s1,55,1787608164.0556777,model_3,1,3.6656520581092273,1090.6194465723715,483.8666666666667,606.7527799057049,114688,0.03177899122238159,0.031194439439576758,0.12014370338343687,,,1.4125876390908273e-16
cooldown30,steady8s1,55,1787608164.0556777,model_4,1,0.6016109288189146,651.861891674129,428.1333333333333,223.72855834079564,36864,0.0371999591588974,0.031194439439576758,0.12014370338343687,,,1.4125876390908273e-16
cooldown30,steady8s1,55,1787608164.0556777,model_5,1,2.02033570869528,634.6420854293443,455.8333333333333,178.808752096011,131072,0.0383455865085125,0.031194439439576758,0.12014370338343687,,,1.4125876390908273e-16
cooldown30,steady8s1,55,1787608164.0556777,model_6,0,2.0266028107004717,1325.348619225832,726.3,599.048619225832,57344,0.03492606058716774,0.031194439439576758,0.12014370338343687,,,1.4125876390908273e-16
cooldown30,steady8s1,56,1787608169.0915508,model_3,1,3.3766171646491805,1004.624630220899,496.8666666666667,507.75796355423233,114688,0.03177899122238159,0.031185248331991145,0.13214260223493324,,,3.8529628017838196e-16
cooldown30,steady8s1,56,1787608169.0915508,model_4,1,0.7140790755392667,773.7242039465173,466.1,307.62420394651724,36864,0.0371999591588974,0.031185248331991145,0.13214260223493324,,,3.8529628017838196e-16
cooldown30,steady8s1,56,1787608169.0915508,model_5,1,2.824852640446392,887.3626115935197,601.7,285.6626115935196,131072,0.0383455865085125,0.031185248331991145,0.13214260223493324,,,3.8529628017838196e-16
cooldown30,steady8s1,56,1787608169.0915508,model_6,0,2.026005693880901,1324.9581194455316,777.7,547.2581194455315,57344,0.03492606058716774,0.031185248331991145,0.13214260223493324,,,3.8529628017838196e-16
cooldown30,steady8s1,57,1787608174.1294732,model_3,1,3.1476428411820416,936.4992746278688,509.6,426.89927462786875,114688,0.03177899122238159,0.029662958536628047,0.12003831784739365,,,4.241483386908091e-16
cooldown30,steady8s1,57,1787608174.1294732,model_4,1,0.6908331966700696,748.5366585622419,382.8666666666667,365.6699918955752,36864,0.0371999591588974,0.029662958536628047,0.12003831784739365,,,4.241483386908091e-16
cooldown30,steady8s1,57,1787608174.1294732,model_5,1,2.4436074127746736,767.6031749275128,525.8333333333334,241.7698415941794,131072,0.0383455865085125,0.029662958536628047,0.12003831784739365,,,4.241483386908091e-16
cooldown30,steady8s1,57,1787608174.1294732,model_6,0,1.927107401960661,1260.2810579373722,767.2666666666667,493.0143912707056,57344,0.03492606058716774,0.029662958536628047,0.12003831784739365,,,4.241483386908091e-16
cooldown30,steady8s1,58,1787608179.1678255,model_3,1,3.33643535925202,992.6695789312972,638.4333333333333,354.23624559796394,114688,0.03177899122238159,0.028382173107994336,0.11739734944665263,,,5.782532948621927e-16
cooldown30,steady8s1,58,1787608179.1678255,model_4,1,0.6079287296739628,658.7074016529408,377.06666666666666,281.64073498627414,36864,0.0371999591588974,0.028382173107994336,0.11739734944665263,,,5.782532948621927e-16
cooldown30,steady8s1,58,1787608179.1678255,model_5,1,2.1995069626815535,690.9246219352563,427.23333333333335,263.6912886019229,131072,0.0383455865085125,0.028382173107994336,0.11739734944665263,,,5.782532948621927e-16
cooldown30,steady8s1,58,1787608179.1678255,model_6,0,1.8438988751781553,1205.864718683953,838.2666666666667,367.59805201728636,57344,0.03492606058716774,0.028382173107994336,0.11739734944665263,,,5.782532948621927e-16
cooldown30,steady8s1,59,1787608184.2144692,model_3,1,3.5416512808642993,1053.7262398769265,636.0666666666667,417.65957321025974,114688,0.03177899122238159,0.03709276382749393,0.11835172806360401,,,1.4339757694355854e-16
cooldown30,steady8s1,59,1787608184.2144692,model_4,1,0.4783822883020945,518.3402901410151,362.53333333333336,155.80695680768173,36864,0.0371999591588974,0.03709276382749393,0.11835172806360401,,,1.4339757694355854e-16
cooldown30,steady8s1,59,1787608184.2144692,model_5,1,2.173783918068509,682.844317950847,453.8,229.04431795084696,131072,0.0383455865085125,0.03709276382749393,0.11835172806360401,,,1.4339757694355854e-16
cooldown30,steady8s1,59,1787608184.2144692,model_6,0,2.4097980531131453,1575.9489256815436,854.2333333333333,721.7155923482103,57344,0.03492606058716774,0.03709276382749393,0.11835172806360401,,,1.4339757694355854e-16
cooldown30,steady8s1,60,1787608189.2565873,model_3,1,3.2195573428509756,957.8955645013699,636.2333333333333,321.66223116803656,114688,0.03177899122238159,0.027389625753580997,0.11669923457375173,,,4.362843790722089e-16
cooldown30,steady8s1,60,1787608189.2565873,model_4,1,0.4621126756775249,500.7117199900738,302.96666666666664,197.74505332340715,36864,0.0371999591588974,0.027389625753580997,0.11669923457375173,,,4.362843790722089e-16
cooldown30,steady8s1,60,1787608189.2565873,model_5,1,2.4256659002286836,761.9672606143924,460.3,301.66726061439243,131072,0.0383455865085125,0.027389625753580997,0.11669923457375173,,,4.362843790722089e-16
cooldown30,steady8s1,60,1787608189.2565873,model_6,0,1.779416252815165,1163.6946624392806,858.3666666666667,305.3279957726139,57344,0.03492606058716774,0.027389625753580997,0.11669923457375173,,,4.362843790722089e-16
cooldown30,steady8s1,61,1787608194.3001518,model_3,1,3.5231232051253425,1048.2136927534837,676.6666666666666,371.547026086817,114688,0.03177899122238159,0.03276649753911226,0.12761832154665212,,,2.6597044727938586e-16
cooldown30,steady8s1,61,1787608194.3001518,model_4,1,0.6829714922408043,740.0182868446524,472.93333333333334,267.08495351131904,36864,0.0371999591588974,0.03276649753911226,0.12761832154665212,,,2.6597044727938586e-16
cooldown30,steady8s1,61,1787608194.3001518,model_5,1,2.472680548420072,776.7358331073167,529.0333333333333,247.7024997739834,131072,0.0383455865085125,0.03276649753911226,0.12761832154665212,,,2.6597044727938586e-16
cooldown30,steady8s1,61,1787608194.3001518,model_6,0,2.128734389928693,1392.1401714701967,953.6,438.5401714701967,57344,0.03492606058716774,0.03276649753911226,0.12761832154665212,,,2.6597044727938586e-16
cooldown30,steady8s1,62,1787608199.3398979,model_3,1,3.9607141492423454,1178.4074988574198,843.7666666666667,334.64083219075314,114688,0.03177899122238159,0.029376828453781915,0.1473458551318828,,,1.7277056435907336e-16
cooldown30,steady8s1,62,1787608199.3398979,model_4,1,0.707303376225656,766.382548467192,406.6666666666667,359.7158818005253,36864,0.0371999591588974,0.029376828453781915,0.1473458551318828,,,1.7277056435907336e-16
cooldown30,steady8s1,62,1787608199.3398979,model_5,1,3.043178154724967,955.9445601715951,639.0,316.94456017159507,131072,0.0383455865085125,0.029376828453781915,0.1473458551318828,,,1.7277056435907336e-16
cooldown30,steady8s1,62,1787608199.3398979,model_6,0,1.9085184469885697,1248.1243365141956,722.2,525.9243365141956,57344,0.03492606058716774,0.029376828453781915,0.1473458551318828,,,1.7277056435907336e-16
cooldown30,steady8s1,63,1787608204.4022338,model_3,1,3.8387616686987514,1142.1237095805984,846.4333333333333,295.69037624726514,114688,0.03177899122238159,0.02905955381782991,0.15036560867549362,,,4.514689543944829e-16
cooldown30,steady8s1,63,1787608204.4022338,model_4,1,0.5446046253544452,590.094003104266,398.0,192.094003104266,36864,0.0371999591588974,0.02905955381782991,0.15036560867549362,,,4.514689543944829e-16
cooldown30,steady8s1,63,1787608204.4022338,model_5,1,3.4858651209074543,1095.0045085758518,625.5333333333333,469.4711752425185,131072,0.0383455865085125,0.02905955381782991,0.15036560867549362,,,4.514689543944829e-16
cooldown30,steady8s1,63,1787608204.4022338,model_6,0,1.887906130161086,1234.6443859772137,789.8,444.84438597721373,57344,0.03492606058716774,0.02905955381782991,0.15036560867549362,,,4.514689543944829e-16
cooldown30,steady8s1,64,1787608209.4637525,model_3,1,3.8453604567855417,1144.0870073778738,814.4333333333333,329.6536740445405,114688,0.03177899122238159,0.037058846798396446,0.1427449127761874,,,4.755714428300081e-16
cooldown30,steady8s1,64,1787608209.4637525,model_4,1,0.7079222855821925,767.053153678302,518.3666666666667,248.68648701163534,36864,0.0371999591588974,0.037058846798396446,0.1427449127761874,,,4.755714428300081e-16
cooldown30,steady8s1,64,1787608209.4637525,model_5,1,2.917127292471998,916.3485753329896,642.5333333333333,273.81524199965634,131072,0.0383455865085125,0.037058846798396446,0.1427449127761874,,,4.755714428300081e-16
cooldown30,steady8s1,64,1787608209.4637525,model_6,0,2.4075945723731653,1574.5079032272158,858.2666666666667,716.2412365605492,57344,0.03492606058716774,0.037058846798396446,0.1427449127761874,,,4.755714428300081e-16
cooldown30,steady8s1,65,1787608214.5074666,model_3,1,4.216828368779522,1254.607624767632,888.0,366.60762476763193,114688,0.03177899122238159,0.028993709191235374,0.15047970810790412,,,1.1278165836973959e-16
cooldown30,steady8s1,65,1787608214.5074666,model_4,1,0.7437361449678166,805.8584496078433,563.1,242.75844960784332,36864,0.0371999591588974,0.028993709191235374,0.15047970810790412,,,1.1278165836973959e-16
cooldown30,steady8s1,65,1787608214.5074666,model_5,1,2.914638179126276,915.5666775138301,645.8666666666667,269.7000108471634,131072,0.0383455865085125,0.028993709191235374,0.15047970810790412,,,1.1278165836973959e-16
cooldown30,steady8s1,65,1787608214.5074666,model_6,0,1.8836284156798087,1231.8468654412368,846.3,385.54686544123683,57344,0.03492606058716774,0.028993709191235374,0.15047970810790412,,,1.1278165836973959e-16
cooldown30,steady8s1,66,1787608219.8479488,model_3,1,3.3139714086095142,985.9860145806218,826.0333333333333,159.95268124728852,114688,0.03177899122238159,0.033301974114418785,0.1256697779053434,,,1.350471952308763e-16
cooldown30,steady8s1,66,1787608219.8479488,model_4,1,0.696545326210213,754.7259071100293,596.2666666666667,158.45924044336266,36864,0.0371999591588974,0.033301974114418785,0.1256697779053434,,,1.350471952308763e-16
cooldown30,steady8s1,66,1787608219.8479488,model_5,1,2.5662834584882335,806.139038620264,554.0666666666667,252.07237195359733,131072,0.0383455865085125,0.033301974114418785,0.1256697779053434,,,1.350471952308763e-16
cooldown30,steady8s1,66,1787608219.8479488,model_6,0,2.163522587827953,1414.890801148443,1029.3,385.590801148443,57344,0.03492606058716774,0.033301974114418785,0.1256697779053434,,,1.350471952308763e-16
cooldown30,steady8s1,67,1787608224.9251523,model_3,1,3.198892126460125,951.7471667521538,740.9666666666667,210.78050008548712,114688,0.03177899122238159,0.04312861821815173,0.1170849981141862,,,1.4494897984157287e-16
cooldown30,steady8s1,67,1787608224.9251523,model_4,1,0.5543342236263009,600.6362888755243,462.23333333333335,138.40295554219097,36864,0.0371999591588974,0.04312861821815173,0.1170849981141862,,,1.4494897984157287e-16
cooldown30,steady8s1,67,1787608224.9251523,model_5,1,2.374298111768299,745.8312490337008,508.5,237.33124903370083,131072,0.0383455865085125,0.04312861821815173,0.1170849981141862,,,1.4494897984157287e-16
cooldown30,steady8s1,67,1787608224.9251523,model_6,0,2.8019281792780877,1832.3924273511807,1007.2666666666667,825.125760684514,57344,0.03492606058716774,0.04312861821815173,0.1170849981141862,,,1.4494897984157287e-16
cooldown30,steady8s1,68,1787608229.9937372,model_3,1,2.9301332830169127,871.7849618153717,604.0666666666667,267.718295148705,114688,0.03177899122238159,0.03284080984107197,0.10885099380855238,,,3.1182721328668916e-16
cooldown30,steady8s1,68,1787608229.9937372,model_4,1,0.5105467757083693,553.1913917434164,455.3,97.89139174341636,36864,0.0371999591588974,0.03284080984107197,0.10885099380855238,,,3.1182721328668916e-16
cooldown30,steady8s1,68,1787608229.9937372,model_5,1,2.255926150454722,708.6474146535598,407.96666666666664,300.6807479868932,131072,0.0383455865085125,0.03284080984107197,0.10885099380855238,,,3.1182721328668916e-16
cooldown30,steady8s1,68,1787608229.9937372,model_6,0,2.133562222155423,1395.2974555427174,1058.2,337.0974555427174,57344,0.03492606058716774,0.03284080984107197,0.10885099380855238,,,3.1182721328668916e-16
cooldown30,steady8s1,69,1787608235.042235,model_3,1,3.0859407988477083,918.1414364598442,548.5333333333333,369.60810312651085,114688,0.03177899122238159,0.02818037108722806,0.12105516920473915,,,1.4019517830502828e-16
cooldown30,steady8s1,69,1787608235.042235,model_4,1,0.5490642275314026,594.9261040052463,431.1333333333333,163.792770671913,36864,0.0371999591588974,0.02818037108722806,0.12105516920473915,,,1.4019517830502828e-16
cooldown30,steady8s1,69,1787608235.042235,model_5,1,2.7002943072946897,848.2354705105907,443.6666666666667,404.56880384392406,131072,0.0383455865085125,0.02818037108722806,0.12105516920473915,,,1.4019517830502828e-16
cooldown30,steady8s1,69,1787608235.042235,model_6,0,1.830788444286068,1197.2908178739183,933.7333333333333,263.55748454058494,57344,0.03492606058716774,0.02818037108722806,0.12105516920473915,,,1.4019517830502828e-16
cooldown30,steady8s1,70,1787608240.1090357,model_3,1,2.5972866921615196,772.755114203634,391.1666666666667,381.5884475369673,114688,0.03177899122238159,0.031294976692290914,0.10193676795303988,,,1.6648900462708529e-16
cooldown30,steady8s1,70,1787608240.1090357,model_4,1,0.4993058549740925,541.0115467589012,394.53333333333336,146.47821342556784,36864,0.0371999591588974,0.031294976692290914,0.10193676795303988,,,1.6648900462708529e-16
cooldown30,steady8s1,70,1787608240.1090357,model_5,1,2.2381646741567782,703.0680545949731,480.3,222.76805459497308,131072,0.0383455865085125,0.031294976692290914,0.10193676795303988,,,1.6648900462708529e-16
cooldown30,steady8s1,70,1787608240.1090357,model_6,0,2.0331343939759225,1329.6201147698873,911.0666666666667,418.5534481032206,57344,0.03492606058716774,0.031294976692290914,0.10193676795303988,,,1.6648900462708529e-16
cooldown30,steady8s1,71,1787608245.155765,model_3,1,3.138395207132141,933.7478815960902,410.3,523.4478815960902,114688,0.03177899122238159,0.03542723999365172,0.11719516494719165,,,2.896254472452186e-16
cooldown30,steady8s1,71,1787608245.155765,model_4,1,0.5884647128881912,637.6176072463483,426.0,211.61760724634826,36864,0.0371999591588974,0.03542723999365172,0.11719516494719165,,,2.896254472452186e-16
cooldown30,steady8s1,71,1787608245.155765,model_5,1,2.4064300111515444,755.9247476268421,548.3666666666667,207.5580809601754,131072,0.0383455865085125,0.03542723999365172,0.11719516494719165,,,2.896254472452186e-16
cooldown30,steady8s1,71,1787608245.155765,model_6,0,2.301594304509447,1505.186323335501,1033.7,471.48632333550086,57344,0.03492606058716774,0.03542723999365172,0.11719516494719165,,,2.896254472452186e-16
cooldown30,steady8s1,72,1787608250.2041368,model_3,1,2.8953891016154825,861.4477341432006,442.9,418.5477341432006,114688,0.03177899122238159,0.03246381994123007,0.11728068008272845,,,2.894142670290175e-16
cooldown30,steady8s1,72,1787608250.2041368,model_4,1,0.47968327078526096,519.7499402352657,329.0,190.74994023526574,36864,0.0371999591588974,0.03246381994123007,0.11728068008272845,,,2.894142670290175e-16
cooldown30,steady8s1,72,1787608250.2041368,model_5,1,2.7626929065381423,867.8365580829668,520.3666666666667,347.46989141630013,131072,0.0383455865085125,0.03246381994123007,0.11728068008272845,,,2.894142670290175e-16
cooldown30,steady8s1,72,1787608250.2041368,model_6,0,2.1090703959084682,1379.2804008306,861.8333333333334,517.4470674972666,57344,0.03492606058716774,0.03246381994123007,0.11728068008272845,,,2.894142670290175e-16
cooldown30,steady8s1,73,1787608255.2516088,model_3,1,3.040206194193729,904.534294148946,449.03333333333336,455.5009608156126,114688,0.03177899122238159,0.0286003892104433,0.11445682979045498,,,4.448319352145577e-16
cooldown30,steady8s1,73,1787608255.2516088,model_4,1,0.45619286310128837,494.2974411938464,302.8333333333333,191.46410786051308,36864,0.0371999591588974,0.0286003892104433,0.11445682979045498,,,4.448319352145577e-16
cooldown30,steady8s1,73,1787608255.2516088,model_5,1,2.4935828845706904,783.301822189171,529.5666666666667,253.73515552250433,131072,0.0383455865085125,0.0286003892104433,0.11445682979045498,,,4.448319352145577e-16
cooldown30,steady8s1,73,1787608255.2516088,model_6,0,1.858075676380811,1215.135999568284,840.5333333333333,374.6026662349507,57344,0.03492606058716774,0.0286003892104433,0.11445682979045498,,,4.448319352145577e-16
cooldown30,steady8s1,74,1787608260.3347359,model_3,1,3.40791051351948,1013.9351524104835,511.46666666666664,502.46848574381687,114688,0.03177899122238159,0.028936404993479183,0.12211713878602497,,,1.389759963271099e-16
cooldown30,steady8s1,74,1787608260.3347359,model_4,1,0.6097345381222619,660.6640444842475,358.6,302.06404448424746,36864,0.0371999591588974,0.028936404993479183,0.12211713878602497,,,1.389759963271099e-16
cooldown30,steady8s1,74,1787608260.3347359,model_5,1,2.3732313815057955,745.4961602088723,566.7,178.79616020887227,131072,0.0383455865085125,0.028936404993479183,0.12211713878602497,,,1.389759963271099e-16
cooldown30,steady8s1,74,1787608260.3347359,model_6,0,1.8799055455040974,1229.4121994963934,817.8666666666667,411.54553282972677,57344,0.03492606058716774,0.028936404993479183,0.12211713878602497,,,1.389759963271099e-16
cooldown30,steady8s1,75,1787608265.3947918,model_3,1,2.6551953357636573,789.9843252241957,717.0666666666667,72.91765855752897,114688,0.03177899122238159,0.029714166492007563,0.1236108868062492,,,6.864828604459854e-16
cooldown30,steady8s1,75,1787608265.3947918,model_4,1,0.5901954504560103,639.4929087259356,481.6666666666667,157.82624205926896,36864,0.0371999591588974,0.029714166492007563,0.1236108868062492,,,6.864828604459854e-16
cooldown30,steady8s1,75,1787608265.3947918,model_5,1,3.2236594324784758,1012.638610571966,606.1,406.53861057196593,131072,0.0383455865085125,0.029714166492007563,0.1236108868062492,,,6.864828604459854e-16
cooldown30,steady8s1,75,1787608265.3947918,model_6,0,1.9304342187961867,1262.4567146946315,911.5666666666667,350.8900480279648,57344,0.03492606058716774,0.029714166492007563,0.1236108868062492,,,6.864828604459854e-16
cooldown30,steady8s1,76,1787608270.4985154,model_3,1,4.003466160420856,1191.127248040438,670.7333333333333,520.3939147071046,114688,0.03177899122238159,0.031731725350518186,0.15462345117206902,,,2.1951846117465855e-16
cooldown30,steady8s1,76,1787608270.4985154,model_4,1,0.7534139685897738,816.3446361302235,490.76666666666665,325.5779694635569,36864,0.0371999591588974,0.031731725350518186,0.15462345117206902,,,2.1951846117465855e-16
cooldown30,steady8s1,76,1787608270.4985154,model_5,1,3.3351811486370084,1047.670597686235,607.3333333333334,440.33726435290157,131072,0.0383455865085125,0.031731725350518186,0.15462345117206902,,,2.1951846117465855e-16
cooldown30,steady8s1,76,1787608270.4985154,model_6,0,2.061508555340403,1348.1761215944844,983.5666666666667,364.60945492781764,57344,0.03492606058716774,0.031731725350518186,0.15462345117206902,,,2.1951846117465855e-16
cooldown30,steady8s1,77,1787608275.5539615,model_3,1,3.3924955478563175,1009.3488302353336,660.3333333333334,349.0154969020002,114688,0.03177899122238159,0.03146225640537158,0.13023467507072406,,,2.606272257705172e-16
cooldown30,steady8s1,77,1787608275.5539615,model_4,1,0.5836124828296105,632.3600832997104,447.1,185.26008329971035,36864,0.0371999591588974,0.03146225640537158,0.13023467507072406,,,2.606272257705172e-16
cooldown30,steady8s1,77,1787608275.5539615,model_5,1,2.839591419548549,891.9924607150383,560.2666666666667,331.72579404837165,131072,0.0383455865085125,0.03146225640537158,0.13023467507072406,,,2.606272257705172e-16
cooldown30,steady8s1,77,1787608275.5539615,model_6,0,2.0440020211169423,1336.7272768391206,909.3333333333334,427.3939435057872,57344,0.03492606058716774,0.03146225640537158,0.13023467507072406,,,2.606272257705172e-16
cooldown30,steady8s1,78,1787608280.632258,model_3,1,4.1391059553698994,1231.4833417873222,710.1,521.3833417873221,114688,0.03177899122238159,0.026275653890871067,0.14272585757818237,,,1.1890873398400992e-16
cooldown30,steady8s1,78,1787608280.632258,model_4,1,0.5763046898023596,624.4418897322184,464.6333333333333,159.80855639888512,36864,0.0371999591588974,0.026275653890871067,0.14272585757818237,,,1.1890873398400992e-16
cooldown30,steady8s1,78,1787608280.632258,model_5,1,2.754002155232813,865.1065580593946,590.2666666666667,274.83989139272796,131072,0.0383455865085125,0.026275653890871067,0.14272585757818237,,,1.1890873398400992e-16
cooldown30,steady8s1,78,1787608280.632258,model_6,0,1.707045069086024,1116.3656802032385,903.6,212.7656802032385,57344,0.03492606058716774,0.026275653890871067,0.14272585757818237,,,1.1890873398400992e-16
cooldown30,steady8s1,79,1787608285.6855314,model_3,1,3.679606015251456,1094.7710836548615,699.0333333333333,395.7377503215282,114688,0.03177899122238159,0.029469497456212537,0.12905102273313657,,,2.630176913281606e-16
cooldown30,steady8s1,79,1787608285.6855314,model_4,1,0.5342984557320833,578.9269865091112,457.96666666666664,120.96031984244456,36864,0.0371999591588974,0.029469497456212537,0.12905102273313657,,,2.630176913281606e-16
cooldown30,steady8s1,79,1787608285.6855314,model_5,1,2.539849736310201,797.8354915926463,554.4333333333333,243.40215825931307,131072,0.0383455865085125,0.029469497456212537,0.12905102273313657,,,2.630176913281606e-16
cooldown30,steady8s1,79,1787608285.6855314,model_6,0,1.9145388552460887,1252.0615361120392,914.4666666666667,337.5948694453725,57344,0.03492606058716774,0.029469497456212537,0.12905102273313657,,,2.630176913281606e-16
cooldown30,steady8s1,80,1787608290.755928,model_3,1,3.819143207551813,1136.2867466338992,716.4666666666667,419.82007996723246,114688,0.03177899122238159,0.040989903786839914,0.12942400272072593,,,1.3112985748111146e-16
cooldown30,steady8s1,80,1787608290.755928,model_4,1,0.5034466330571581,545.4981930363034,414.6333333333333,130.86485970297008,36864,0.0371999591588974,0.040989903786839914,0.12942400272072593,,,1.3112985748111146e-16
cooldown30,steady8s1,80,1787608290.755928,model_5,1,2.4506838955274586,769.8260895413581,552.3,217.52608954135815,131072,0.0383455865085125,0.040989903786839914,0.12942400272072593,,,1.3112985748111146e-16
cooldown30,steady8s1,80,1787608290.755928,model_6,0,2.6629827532454216,1741.5255206401962,894.0666666666667,847.4588539735295,57344,0.03492606058716774,0.040989903786839914,0.12942400272072593,,,1.3112985748111146e-16
cooldown30,steady8s1,81,1787608295.8121462,model_3,1,4.515574195234461,1343.4916767041243,842.0666666666667,501.4250100374576,114688,0.03177899122238159,0.027062063426385365,0.14421136658969952,,,3.5305159571137386e-16
cooldown30,steady8s1,81,1787608295.8121462,model_4,1,0.5012338623206123,543.1005954378063,355.3,187.8005954378063,36864,0.0371999591588974,0.027062063426385365,0.14421136658969952,,,3.5305159571137386e-16
cooldown30,steady8s1,81,1787608295.8121462,model_5,1,2.5303473482476617,794.8505345131799,587.0666666666667,207.7838678465132,131072,0.0383455865085125,0.027062063426385365,0.14421136658969952,,,3.5305159571137386e-16
cooldown30,steady8s1,81,1787608295.8121462,model_6,0,1.7581355776403442,1149.7776219071038,802.9666666666667,346.8109552404371,57344,0.03492606058716774,0.027062063426385365,0.14421136658969952,,,3.5305159571137386e-16
cooldown30,steady8s1,82,1787608300.8693435,model_3,1,4.745766007462462,1411.9792644178062,873.3,538.6792644178063,114688,0.03177899122238159,0.02719677309100906,0.14995650164161914,,,2.2635031953417513e-16
cooldown30,steady8s1,82,1787608300.8693435,model_4,1,0.6187585600378047,670.4418189803374,337.96666666666664,332.4751523136708,36864,0.0371999591588974,0.02719677309100906,0.14995650164161914,,,2.2635031953417513e-16
cooldown30,steady8s1,82,1787608300.8693435,model_5,1,2.4832966463418926,780.0706365735076,593.2666666666667,186.80396990684096,131072,0.0383455865085125,0.02719677309100906,0.14995650164161914,,,2.2635031953417513e-16
cooldown30,steady8s1,82,1787608300.8693435,model_6,0,1.7668872330590513,1155.5009902770087,658.0333333333333,497.46765694367537,57344,0.03492606058716774,0.02719677309100906,0.14995650164161914,,,2.2635031953417513e-16
cooldown30,steady8s1,83,1787608305.9543293,model_3,1,4.139049414519768,1231.46651952768,850.8666666666667,380.59985286101335,114688,0.03177899122238159,0.030671576720584525,0.15379265664326847,,,2.2070430931913566e-16
cooldown30,steady8s1,83,1787608305.9543293,model_4,1,0.761746220791482,825.3728592257955,369.53333333333336,455.8395258924622,36864,0.0371999591588974,0.030671576720584525,0.15379265664326847,,,2.2070430931913566e-16
cooldown30,steady8s1,83,1787608305.9543293,model_5,1,3.147786854447304,988.8049818629532,717.9,270.90498186295326,131072,0.0383455865085125,0.030671576720584525,0.15379265664326847,,,2.2070430931913566e-16
cooldown30,steady8s1,83,1787608305.9543293,model_6,0,1.9926340946421932,1303.1339106075443,753.3333333333334,549.8005772742109,57344,0.03492606058716774,0.030671576720584525,0.15379265664326847,,,2.2070430931913566e-16
cooldown30,steady8s1,84,1787608311.0089836,model_3,1,3.3225224205877315,988.5301458302548,727.8333333333334,260.69681249692144,114688,0.03177899122238159,0.025378489132059093,0.12496883058877607,,,4.07414015593614e-16
cooldown30,steady8s1,84,1787608311.0089836,model_4,1,0.529386781100214,573.6050527418776,365.8333333333333,207.77171940854424,36864,0.0371999591588974,0.025378489132059093,0.12496883058877607,,,4.07414015593614e-16
cooldown30,steady8s1,84,1787608311.0089836,model_5,1,2.6882076257070855,844.4387169435159,649.9333333333333,194.50538361018266,131072,0.0383455865085125,0.025378489132059093,0.12496883058877607,,,4.07414015593614e-16
cooldown30,steady8s1,84,1787608311.0089836,model_6,0,1.6487591484368778,1078.2481151605095,693.7,384.5481151605095,57344,0.03492606058716774,0.025378489132059093,0.12496883058877607,,,4.07414015593614e-16
cooldown30,steady8s1,85,1787608316.0956173,model_3,1,2.54897947297984,758.3825573394813,677.4666666666667,80.91589067281461,114688,0.03177899122238159,0.012247802001091393,0.09757710208921726,,,1.7392759846348408e-16
cooldown30,steady8s1,85,1787608316.0956173,model_4,1,0.4093303894854663,443.5206696353402,353.96666666666664,89.55400296867356,36864,0.0371999591588974,0.012247802001091393,0.09757710208921726,,,1.7392759846348408e-16
cooldown30,steady8s1,85,1787608316.0956173,model_5,1,2.14828867362957,674.8355721619066,612.9,61.935572161906634,131072,0.0383455865085125,0.012247802001091393,0.09757710208921726,,,1.7392759846348408e-16
cooldown30,steady8s1,85,1787608316.0956173,model_6,0,0.7957004647701229,520.3686221751226,520.3666666666667,0.0019555084559215175,57344,0.03492606058716774,0.012247802001091393,0.09757710208921726,,,1.7392759846348408e-16
cooldown30,steady8s2,1,1787609062.524536,model_3,1,6.392737038233931e-09,1.9019926660245075e-06,0.0,1.9019926660245075e-06,114688,0.03177899122238159,0.0,0.0002835210839539682,,,0.0
cooldown30,steady8s2,1,1787609062.524536,model_4,0,0.0,0.0,0.0,0.0,36864,0.0371999591588974,0.0,0.0002835210839539682,,,0.0
cooldown30,steady8s2,1,1787609062.524536,model_5,0,0.0,0.0,0.0,0.0,131072,0.0383455865085125,0.0,0.0002835210839539682,,,0.0
cooldown30,steady8s2,1,1787609062.524536,model_6,1,0.016718323774556426,10.933374420180657,10.933333333333334,4.108684732351264e-05,57344,0.03492606058716774,0.0,0.0002835210839539682,,,0.0
cooldown30,steady8s2,2,1787609067.5272422,model_3,1,1.1644275168715195,346.44512733134485,80.73333333333333,265.7117939980115,114688,0.03177899122238159,0.009264309921376125,0.029912704336251237,MIGRATE,model_6,3.3145792715368394e-07
cooldown30,steady8s2,2,1787609067.5272422,model_4,0,0.05378778601151035,58.28053690324522,18.2,40.08053690324522,36864,0.0371999591588974,0.009264309921376125,0.029912704336251237,MIGRATE,model_6,3.3145792715368394e-07
cooldown30,steady8s2,2,1787609067.5272422,model_5,0,0.4866363241872021,152.86563034976166,168.5,-15.634369650238341,131072,0.0383455865085125,0.009264309921376125,0.029912704336251237,MIGRATE,model_6,3.3145792715368394e-07
cooldown30,steady8s2,2,1787609067.5272422,model_6,1,0.5994282590619661,392.0114051347477,152.96666666666667,239.04473846808102,57344,0.03492606058716774,0.009264309921376125,0.029912704336251237,MIGRATE,model_6,3.3145792715368394e-07
cooldown30,steady8s2,3,1787609074.1310253,model_3,1,1.4621069780368323,435.01191000616717,115.4,319.61191000616714,114688,0.03177899122238159,0.06578134150492888,0.01996050481961546,,,1.532547274345297e-16
cooldown30,steady8s2,3,1787609074.1310253,model_4,0,0.5787982371649438,627.1437164825142,46.233333333333334,580.9103831491808,36864,0.0371999591588974,0.06578134150492888,0.01996050481961546,,,1.532547274345297e-16
cooldown30,steady8s2,3,1787609074.1310253,model_5,0,1.74012301063528,546.6196987065823,245.63333333333333,300.986365373249,131072,0.0383455865085125,0.06578134150492888,0.01996050481961546,,,1.532547274345297e-16
cooldown30,steady8s2,3,1787609074.1310253,model_6,0,0.578798237164944,378.51987591577546,306.1,72.41987591577544,57344,0.03492606058716774,0.06578134150492888,0.01996050481961546,,,1.532547274345297e-16
cooldown30,steady8s2,4,1787609079.1658368,model_3,1,2.044898556678118,608.4063890480891,206.8,401.60638904808906,114688,0.03177899122238159,0.0632808579705405,0.027916703845435063,,,3.1862088745095073e-16
cooldown30,steady8s2,4,1787609079.1658368,model_4,0,0.12494460690029272,135.3808980305621,88.43333333333334,46.947564697228756,36864,0.0371999591588974,0.0632808579705405,0.027916703845435063,,,3.1862088745095073e-16
cooldown30,steady8s2,4,1787609079.1658368,model_5,0,1.580671484684587,496.531662090336,347.73333333333335,148.79832875700265,131072,0.0383455865085125,0.0632808579705405,0.027916703845435063,,,3.1862088745095073e-16
cooldown30,steady8s2,4,1787609079.1658368,model_6,0,1.081955140187718,707.5721712911517,439.8333333333333,267.73883795781836,57344,0.03492606058716774,0.0632808579705405,0.027916703845435063,,,3.1862088745095073e-16
cooldown30,steady8s2,5,1787609084.1719391,model_3,1,2.2229610062548786,661.3842405010435,290.8,370.58424050104344,114688,0.03177899122238159,0.09042790718246238,0.030347590529076846,,,2.2296881298544e-16
cooldown30,steady8s2,5,1787609084.1719391,model_4,0,0.879998556476318,953.5024984026192,97.46666666666667,856.0358317359525,36864,0.0371999591588974,0.09042790718246238,0.030347590529076846,,,2.2296881298544e-16
cooldown30,steady8s2,5,1787609084.1719391,model_5,0,2.2234228452373173,698.437247443358,494.6666666666667,203.77058077669136,131072,0.0383455865085125,0.09042790718246238,0.030347590529076846,,,2.2296881298544e-16
cooldown30,steady8s2,5,1787609084.1719391,model_6,0,0.879998556476318,575.4975102119264,572.2333333333333,3.264176878593048,57344,0.03492606058716774,0.09042790718246238,0.030347590529076846,,,2.2296881298544e-16
cooldown30,steady8s2,6,1787609089.2138307,model_3,1,2.763364930719999,822.1673753110864,383.1,439.0673753110864,114688,0.03177899122238159,0.1245645071603843,0.03772511850812286,,,3.2372950505508954e-16
cooldown30,steady8s2,6,1787609089.2138307,model_4,0,1.0744459543737235,1164.1915709454943,98.76666666666667,1065.4249042788276,36864,0.0371999591588974,0.1245645071603843,0.03772511850812286,,,3.2372950505508954e-16
cooldown30,steady8s2,6,1787609089.2138307,model_5,0,3.338271947688699,1048.6415012580353,733.7666666666667,314.87483459136865,131072,0.0383455865085125,0.1245645071603843,0.03772511850812286,,,3.2372950505508954e-16
cooldown30,steady8s2,6,1787609089.2138307,model_6,0,1.0744459543737233,702.6613476223301,714.4333333333333,-11.77198571100314,57344,0.03492606058716774,0.1245645071603843,0.03772511850812286,,,3.2372950505508954e-16
cooldown30,steady8s2,7,1787609094.2339742,model_3,1,1.622419235894567,482.70865349735215,431.76666666666665,50.941986830685494,114688,0.03177899122238159,0.145860659905961,0.022149057006284417,,,1.2609329929773175e-07
cooldown30,steady8s2,7,1787609094.2339742,model_4,0,0.19653692470071116,212.95313196975533,126.03333333333333,86.919798636422,36864,0.0371999591588974,0.145860659905961,0.022149057006284417,,,1.2609329929773175e-07
cooldown30,steady8s2,7,1787609094.2339742,model_5,0,4.357219149283623,1368.7203743776965,892.2666666666667,476.4537077110299,131072,0.0383455865085125,0.145860659905961,0.022149057006284417,,,1.2609329929773175e-07
cooldown30,steady8s2,7,1787609094.2339742,model_6,0,1.871519948513797,1223.9282243761588,776.5333333333333,447.3948910428255,57344,0.03492606058716774,0.145860659905961,0.022149057006284417,,,1.2609329929773175e-07
cooldown30,steady8s2,8,1787609099.243375,model_3,1,2.148498704428219,639.2299189447893,487.3333333333333,151.89658561145603,114688,0.03177899122238159,0.1370868247845785,0.029331040333491046,MIGRATE,model_6,4.412372193370554e-16
cooldown30,steady8s2,8,1787609099.243375,model_4,0,1.091647578322478,1182.8300008508747,161.03333333333333,1021.7966675175414,36864,0.0371999591588974,0.1370868247845785,0.029331040333491046,MIGRATE,model_6,4.412372193370554e-16
cooldown30,steady8s2,8,1787609099.243375,model_5,0,3.855486574197588,1211.1126033473709,874.1666666666666,336.9459366807042,131072,0.0383455865085125,0.1370868247845785,0.029331040333491046,MIGRATE,model_6,4.412372193370554e-16
cooldown30,steady8s2,8,1787609099.243375,model_6,0,1.0916475783224775,713.9107885234032,726.7666666666667,-12.855878143263453,57344,0.03492606058716774,0.1370868247845785,0.029331040333491046,MIGRATE,model_6,4.412372193370554e-16
cooldown30,steady8s2,9,1787609105.4113595,model_3,1,2.313116247006638,688.2075879479911,542.4,145.80758794799112,114688,0.03177899122238159,0.09013199074526426,0.06911870252293546,,,1.689272111954189e-16
cooldown30,steady8s2,9,1787609105.4113595,model_4,0,0.40980633146641465,444.0363657857363,200.26666666666668,243.7696991190696,36864,0.0371999591588974,0.09013199074526426,0.06911870252293546,,,1.689272111954189e-16
cooldown30,steady8s2,9,1787609105.4113595,model_5,0,4.847951808355474,1522.8727742987833,942.5333333333333,580.33944096545,131072,0.0383455865085125,0.09013199074526426,0.06911870252293546,,,1.689272111954189e-16
cooldown30,steady8s2,9,1787609105.4113595,model_6,1,1.762592244926847,1152.6921731962505,778.0666666666667,374.62550652958373,57344,0.03492606058716774,0.09013199074526426,0.06911870252293546,,,1.689272111954189e-16
cooldown30,steady8s2,10,1787609110.4180927,model_3,1,2.507177290497226,745.9454049851408,489.23333333333335,256.7120716518075,114688,0.03177899122238159,0.08138763423397366,0.07953208063148492,,,3.7415378833393127e-16
cooldown30,steady8s2,10,1787609110.4180927,model_4,0,0.34511220855312796,373.9385146292668,212.03333333333333,161.9051812959335,36864,0.0371999591588974,0.08138763423397366,0.07953208063148492,,,3.7415378833393127e-16
cooldown30,steady8s2,10,1787609110.4180927,model_5,0,4.402552775169708,1382.9608923018184,930.4666666666667,452.4942256351517,131072,0.0383455865085125,0.08138763423397366,0.07953208063148492,,,3.7415378833393127e-16
cooldown30,steady8s2,10,1787609110.4180927,model_6,1,2.1825747531456683,1427.3504507965004,711.2,716.1504507965003,57344,0.03492606058716774,0.08138763423397366,0.07953208063148492,,,3.7415378833393127e-16
cooldown30,steady8s2,11,1787609115.4290733,model_3,1,3.1043687806008293,923.6242032206919,502.1,421.5242032206919,114688,0.03177899122238159,0.0803054137534503,0.08712704072774621,,,3.4575598928401925e-16
cooldown30,steady8s2,11,1787609115.4290733,model_4,0,0.46486309513411084,503.6918746780667,262.96666666666664,240.72520801140007,36864,0.0371999591588974,0.0803054137534503,0.08712704072774621,,,3.4575598928401925e-16
cooldown30,steady8s2,11,1787609115.4290733,model_5,0,4.219671655987571,1325.512986805777,931.9666666666667,393.5463201391103,131072,0.0383455865085125,0.0803054137534503,0.08712704072774621,,,3.4575598928401925e-16
cooldown30,steady8s2,11,1787609115.4290733,model_6,1,2.033233732312035,1329.6850796095234,786.9,542.7850796095235,57344,0.03492606058716774,0.0803054137534503,0.08712704072774621,,,3.4575598928401925e-16
cooldown30,steady8s2,12,1787609120.4412973,model_3,1,2.4034265031501434,715.0770561936606,353.53333333333336,361.54372286032725,114688,0.03177899122238159,0.0718563097961745,0.07387932312003018,,,4.0775544344481844e-16
cooldown30,steady8s2,12,1787609120.4412973,model_4,0,0.586913755014264,635.9371019809437,324.26666666666665,311.67043531427703,36864,0.0371999591588974,0.0718563097961745,0.07387932312003018,,,4.0775544344481844e-16
cooldown30,steady8s2,12,1787609120.4412973,model_5,0,3.6047510978809405,1132.3498091761583,807.7,324.6498091761582,131072,0.0383455865085125,0.0718563097961745,0.07387932312003018,,,4.0775544344481844e-16
cooldown30,steady8s2,12,1787609120.4412973,model_6,1,1.9530005365311682,1277.2145339837166,883.6333333333333,393.58120065038327,57344,0.03492606058716774,0.0718563097961745,0.07387932312003018,,,4.0775544344481844e-16
cooldown30,steady8s2,13,1787609125.454968,model_3,1,2.363505290220643,703.1995374162436,476.46666666666664,226.732870749577,114688,0.03177899122238159,0.06638342808983372,0.07062238383206403,,,3.1992012863633003e-16
cooldown30,steady8s2,13,1787609125.454968,model_4,0,0.5655587914330227,612.7984150158833,412.03333333333336,200.76508168254992,36864,0.0371999591588974,0.06638342808983372,0.07062238383206403,,,3.1992012863633003e-16
cooldown30,steady8s2,13,1787609125.454968,model_5,0,3.3068510655182752,1038.7713524006729,794.6333333333333,244.13801906733954,131072,0.0383455865085125,0.06638342808983372,0.07062238383206403,,,3.1992012863633003e-16
cooldown30,steady8s2,13,1787609125.454968,model_6,1,1.8008704720329614,1177.725196526543,757.1666666666666,420.55852985987633,57344,0.03492606058716774,0.06638342808983372,0.07062238383206403,,,3.1992012863633003e-16
cooldown30,steady8s2,14,1787609130.4654405,model_3,1,2.8044347474040308,834.3866312668389,593.4,240.9866312668389,114688,0.03177899122238159,0.07852472631671902,0.07731327173110661,,,2.9084620635310045e-16
cooldown30,steady8s2,14,1787609130.4654405,model_4,0,0.5378508242407305,582.7760749233069,431.93333333333334,150.8427415899735,36864,0.0371999591588974,0.07852472631671902,0.07731327173110661,,,2.9084620635310045e-16
cooldown30,steady8s2,14,1787609130.4654405,model_5,0,4.042809333769909,1269.9557482127016,729.2666666666667,540.6890815460349,131072,0.0383455865085125,0.07852472631671902,0.07731327173110661,,,2.9084620635310045e-16
cooldown30,steady8s2,14,1787609130.4654405,model_6,1,1.7544812425058134,1147.3877762011932,849.7,297.6877762011932,57344,0.03492606058716774,0.07852472631671902,0.07731327173110661,,,2.9084620635310045e-16
cooldown30,steady8s2,15,1787609135.4801707,model_3,1,3.0106094135739356,895.728541723951,710.9333333333333,184.79520839061774,114688,0.03177899122238159,0.07346545482450301,0.078332364903274,,,1.9228767188000369e-16
cooldown30,steady8s2,15,1787609135.4801707,model_4,0,0.5855722057212254,634.4834966389478,438.3,196.18349663894782,36864,0.0371999591588974,0.07346545482450301,0.078332364903274,,,1.9228767188000369e-16
cooldown30,steady8s2,15,1787609135.4801707,model_5,0,3.699960488113603,1162.2576535555136,763.3666666666667,398.8909868888469,131072,0.0383455865085125,0.07346545482450301,0.078332364903274,,,1.9228767188000369e-16
cooldown30,steady8s2,15,1787609135.4801707,model_6,1,1.6083992364158015,1051.8537208634243,888.0333333333333,163.820387530091,57344,0.03492606058716774,0.07346545482450301,0.078332364903274,,,1.9228767188000369e-16
cooldown30,steady8s2,16,1787609140.4944737,model_3,1,3.261611881019697,970.407798727737,703.7333333333333,266.6744653944037,114688,0.03177899122238159,0.06761340902120404,0.08761898536678188,,,1.7190735566102442e-16
cooldown30,steady8s2,16,1787609140.4944737,model_4,0,0.49117234817415567,532.1986697405931,403.3333333333333,128.8653364072598,36864,0.0371999591588974,0.06761340902120404,0.08761898536678188,,,1.7190735566102442e-16
cooldown30,steady8s2,16,1787609140.4944737,model_5,0,3.452987197209245,1084.6766635693934,697.1,387.5766635693934,131072,0.0383455865085125,0.06761340902120404,0.08761898536678188,,,1.7190735566102442e-16
cooldown30,steady8s2,16,1787609140.4944737,model_6,1,1.9049990314969283,1245.8227249513868,1047.0333333333333,198.78939161805351,57344,0.03492606058716774,0.06761340902120404,0.08761898536678188,,,1.7190735566102442e-16
cooldown30,steady8s2,17,1787609145.5098126,model_3,1,2.7335073559957688,813.2840303821273,693.4333333333333,119.85069704879402,114688,0.03177899122238159,0.06596992247824937,0.07819159130320161,,,2.889507905338293e-16
cooldown30,steady8s2,17,1787609145.5098126,model_4,0,0.5168008681726948,559.9678719388539,412.1333333333333,147.8345386055206,36864,0.0371999591588974,0.06596992247824937,0.07819159130320161,,,2.889507905338293e-16
cooldown30,steady8s2,17,1787609145.5098126,model_5,0,3.3314875588934663,1046.5103412558442,677.7333333333333,368.77700792251085,131072,0.0383455865085125,0.06596992247824937,0.07819159130320161,,,2.889507905338293e-16
cooldown30,steady8s2,17,1787609145.5098126,model_6,1,1.8772003257131376,1227.643051987212,951.9333333333333,275.70971865387867,57344,0.03492606058716774,0.06596992247824937,0.07819159130320161,,,2.889507905338293e-16
cooldown30,steady8s2,18,1787609150.547129,model_3,1,3.7517486422538178,1116.235246289047,801.6333333333333,314.6019129557136,114688,0.03177899122238159,0.06502523733458533,0.09587993372667894,,,3.1419187508082964e-16
cooldown30,steady8s2,18,1787609150.547129,model_4,0,0.4494175483700602,486.9562024200485,353.1,133.85620242004848,36864,0.0371999591588974,0.06502523733458533,0.09587993372667894,,,3.1419187508082964e-16
cooldown30,steady8s2,18,1787609150.547129,model_5,0,3.3437636302863076,1050.3665872827303,663.8,386.5665872827303,131072,0.0383455865085125,0.06502523733458533,0.09587993372667894,,,3.1419187508082964e-16
cooldown30,steady8s2,18,1787609150.547129,model_6,1,1.9019839341957223,1243.8509251374885,893.6666666666666,350.1842584708219,57344,0.03492606058716774,0.06502523733458533,0.09587993372667894,,,3.1419187508082964e-16
cooldown30,steady8s2,19,1787609155.5686622,model_3,1,4.176820782385079,1242.7044078118167,675.3333333333334,567.3710744784834,114688,0.03177899122238159,0.0709192912344617,0.10510031894823724,,,2.8662801846536345e-16
cooldown30,steady8s2,19,1787609155.5686622,model_4,0,0.3581085346063242,388.0203892761954,281.1333333333333,106.88705594286205,36864,0.0371999591588974,0.0709192912344617,0.10510031894823724,,,2.8662801846536345e-16
cooldown30,steady8s2,19,1787609155.5686622,model_5,0,3.778896292150841,1187.0535243969919,663.6,523.4535243969918,131072,0.0383455865085125,0.0709192912344617,0.10510031894823724,,,2.8662801846536345e-16
cooldown30,steady8s2,19,1787609155.5686622,model_6,1,2.02060837653334,1321.4284060471566,917.2333333333333,404.19507271382327,57344,0.03492606058716774,0.0709192912344617,0.10510031894823724,,,2.8662801846536345e-16
cooldown30,steady8s2,20,1787609160.5875869,model_3,1,3.627631000982286,1079.3072697414723,647.2666666666667,432.04060307480563,114688,0.03177899122238159,0.07023940390870168,0.09370125493640605,,,2.41122940514427e-16
cooldown30,steady8s2,20,1787609160.5875869,model_4,0,0.38787757945064505,420.27596336233705,272.43333333333334,147.84263002900371,36864,0.0371999591588974,0.07023940390870168,0.09370125493640605,,,2.41122940514427e-16
cooldown30,steady8s2,20,1787609160.5875869,model_5,0,3.7094667106688735,1165.2438151528495,764.6666666666666,400.57714848618286,131072,0.0383455865085125,0.07023940390870168,0.09370125493640605,,,2.41122940514427e-16
cooldown30,steady8s2,20,1787609160.5875869,model_6,1,1.897631865785362,1241.0047789523592,928.2666666666667,312.7381122856925,57344,0.03492606058716774,0.07023940390870168,0.09370125493640605,,,2.41122940514427e-16
cooldown30,steady8s2,21,1787609165.640114,model_3,1,4.189692272285849,1246.5339849155916,641.3666666666667,605.167318248925,114688,0.03177899122238159,0.07354131178800707,0.095695144621279,,,1.5739929271977052e-16
cooldown30,steady8s2,21,1787609165.640114,model_4,0,0.4595660626780562,497.9523951712003,245.66666666666666,252.28572850453364,36864,0.0371999591588974,0.07354131178800707,0.095695144621279,,,1.5739929271977052e-16
cooldown30,steady8s2,21,1787609165.640114,model_5,0,3.830391670080552,1203.2296152806152,805.4333333333333,397.79628194728195,131072,0.0383455865085125,0.07354131178800707,0.095695144621279,,,1.5739929271977052e-16
cooldown30,steady8s2,21,1787609165.640114,model_6,1,1.4531438825208578,950.3205206597986,781.5,168.8205206597986,57344,0.03492606058716774,0.07354131178800707,0.095695144621279,,,1.5739929271977052e-16
cooldown30,steady8s2,22,1787609170.6590486,model_3,1,3.805595123448409,1132.2558665196004,673.4,458.85586651960045,114688,0.03177899122238159,0.07134926550429539,0.09009150991150675,,,1.6718942878080967e-16
cooldown30,steady8s2,22,1787609170.6590486,model_4,0,0.4485992382762227,486.0695410577089,301.26666666666665,184.80287439104222,36864,0.0371999591588974,0.07134926550429539,0.09009150991150675,,,1.6718942878080967e-16
cooldown30,steady8s2,22,1787609170.6590486,model_5,0,3.713487700819072,1166.5069169054098,834.8666666666667,331.6402502387431,131072,0.0383455865085125,0.07134926550429539,0.09009150991150675,,,1.6718942878080967e-16
cooldown30,steady8s2,22,1787609170.6590486,model_6,1,1.506812641665459,985.4185751242921,752.1,233.31857512429212,57344,0.03492606058716774,0.07134926550429539,0.09009150991150675,,,1.6718942878080967e-16
cooldown30,steady8s2,23,1787609175.6788666,model_3,1,3.1441092540149476,935.4479476553413,715.5333333333333,219.914614322008,114688,0.03177899122238159,0.06594520008499453,0.08182379267802395,,,1.840827415489734e-16
cooldown30,steady8s2,23,1787609175.6788666,model_4,0,0.38605725878592856,418.3035961477235,299.43333333333334,118.87026281439017,36864,0.0371999591588974,0.06594520008499453,0.08182379267802395,,,1.840827415489734e-16
cooldown30,steady8s2,23,1787609175.6788666,model_5,0,3.460789012578392,1087.1274247744248,794.4333333333333,292.6940914410915,131072,0.0383455865085125,0.06594520008499453,0.08182379267802395,,,1.840827415489734e-16
cooldown30,steady8s2,23,1787609175.6788666,model_6,1,1.6807777083722042,1099.1874694216522,692.6333333333333,406.55413608831884,57344,0.03492606058716774,0.06594520008499453,0.08182379267802395,,,1.840827415489734e-16
cooldown30,steady8s2,24,1787609180.712751,model_3,1,4.521839466973171,1345.3557453849426,844.7666666666667,500.5890787182759,114688,0.03177899122238159,0.06924683359974577,0.10534465491683834,MIGRATE,model_4,7.656885433981136e-08
cooldown30,steady8s2,24,1787609180.712751,model_4,0,0.32904832829425135,356.53286112204813,262.6333333333333,93.8995277887148,36864,0.0371999591588974,0.06924683359974577,0.10534465491683834,MIGRATE,model_4,7.656885433981136e-08
cooldown30,steady8s2,24,1787609180.712751,model_5,0,3.7103953809315406,1165.5355355979414,952.2333333333333,213.302202264608,131072,0.0383455865085125,0.06924683359974577,0.10534465491683834,MIGRATE,model_4,7.656885433981136e-08
cooldown30,steady8s2,24,1787609180.712751,model_6,1,1.6899978770082313,1105.2172339646927,679.6666666666666,425.55056729802607,57344,0.03492606058716774,0.06924683359974577,0.10534465491683834,MIGRATE,model_4,7.656885433981136e-08
cooldown30,steady8s2,25,1787609185.7411108,model_3,1,4.3420007095923685,1291.849399736828,728.5666666666667,563.2827330701613,114688,0.03177899122238159,0.09354910065374143,0.12196252115734424,,,1.3706513018759807e-16
cooldown30,steady8s2,25,1787609185.7411108,model_4,1,0.3581750768287988,388.09248959376055,386.4,1.6924895937605697,36864,0.0371999591588974,0.09354910065374143,0.12196252115734424,,,1.3706513018759807e-16
cooldown30,steady8s2,25,1787609185.7411108,model_5,0,6.003038480427098,1885.7167369432818,1068.6333333333334,817.0834036099484,131072,0.0383455865085125,0.09354910065374143,0.12196252115734424,,,1.3706513018759807e-16
cooldown30,steady8s2,25,1787609185.7411108,model_6,1,1.7797977742101525,1163.9441680905024,738.4,425.54416809050247,57344,0.03492606058716774,0.09354910065374143,0.12196252115734424,,,1.3706513018759807e-16
cooldown30,steady8s2,26,1787609190.7598977,model_3,1,4.140331544531115,1231.8479839714525,830.3333333333334,401.5146506381192,114688,0.03177899122238159,0.0928156535647765,0.12392167953958169,,,4.0469453535205457e-16
cooldown30,steady8s2,26,1787609190.7598977,model_4,1,0.5799018223146983,628.3394811684296,413.56666666666666,214.77281450176298,36864,0.0371999591588974,0.0928156535647765,0.12392167953958169,,,4.0469453535205457e-16
cooldown30,steady8s2,26,1787609190.7598977,model_5,0,5.955973238028772,1870.9322714416544,991.9666666666667,878.9656047749877,131072,0.0383455865085125,0.0928156535647765,0.12392167953958169,,,4.0469453535205457e-16
cooldown30,steady8s2,26,1787609190.7598977,model_6,1,1.8638319622855193,1218.9004696141128,907.2333333333333,311.66713628077946,57344,0.03492606058716774,0.0928156535647765,0.12392167953958169,,,4.0469453535205457e-16
cooldown30,steady8s2,27,1787609195.807356,model_3,1,3.8306047249714554,1139.6968230914933,812.4,327.29682309149337,114688,0.03177899122238159,0.08188317409188563,0.11995063342156362,,,2.787281461313881e-16
cooldown30,steady8s2,27,1787609195.807356,model_4,1,0.5640159931113478,611.1267508484569,411.3333333333333,199.79341751512362,36864,0.0371999591588974,0.08188317409188563,0.11995063342156362,,,2.787281461313881e-16
cooldown30,steady8s2,27,1787609195.807356,model_5,0,5.254436884353324,1650.560729927592,970.1,680.4607299275921,131072,0.0383455865085125,0.08188317409188563,0.11995063342156362,,,2.787281461313881e-16
cooldown30,steady8s2,27,1787609195.807356,model_6,1,1.9784595181804703,1293.864084649313,921.2666666666667,372.59741798264645,57344,0.03492606058716774,0.08188317409188563,0.11995063342156362,,,2.787281461313881e-16
cooldown30,steady8s2,28,1787609200.8409185,model_3,1,3.702608123901613,1101.614762926203,878.9,222.71476292620298,114688,0.03177899122238159,0.06838558020357312,0.11100311869003403,,,4.51792950622925e-16
cooldown30,steady8s2,28,1787609200.8409185,model_4,1,0.5642356863841309,611.3647945167554,412.56666666666666,198.79812785008875,36864,0.0371999591588974,0.06838558020357312,0.11100311869003403,,,4.51792950622925e-16
cooldown30,steady8s2,28,1787609200.8409185,model_5,0,4.388297339039832,1378.4828742797483,939.3666666666667,439.11620761308166,131072,0.0383455865085125,0.06838558020357312,0.11100311869003403,,,4.51792950622925e-16
cooldown30,steady8s2,28,1787609200.8409185,model_6,1,1.6308472790208914,1066.5341911133867,806.6,259.93419111338665,57344,0.03492606058716774,0.06838558020357312,0.11100311869003403,,,4.51792950622925e-16
cooldown30,steady8s2,29,1787609205.8653693,model_3,1,3.9232612982688755,1167.2643769915896,868.3666666666667,298.89771032492297,114688,0.03177899122238159,0.07354318417264066,0.11737853045756674,,,4.272538284967453e-16
cooldown30,steady8s2,29,1787609205.8653693,model_4,1,0.49607794843298536,537.5140217585421,359.7,177.81402175854208,36864,0.0371999591588974,0.07354318417264066,0.11737853045756674,,,4.272538284967453e-16
cooldown30,steady8s2,29,1787609205.8653693,model_5,0,4.719260382797087,1482.4473171127622,841.7,640.7473171127622,131072,0.0383455865085125,0.07354318417264066,0.11737853045756674,,,4.272538284967453e-16
cooldown30,steady8s2,29,1787609205.8653693,model_6,1,1.8170829486832751,1188.3277593125374,796.7333333333333,391.59442597920406,57344,0.03492606058716774,0.07354318417264066,0.11737853045756674,,,4.272538284967453e-16
cooldown30,steady8s2,30,1787609210.8882802,model_3,1,2.9171680420386497,867.9274915164357,755.9666666666667,111.96082484976898,114688,0.03177899122238159,0.061548669585367734,0.09368956617883142,MIGRATE,model_4,2.6764147047917697e-16
cooldown30,steady8s2,30,1787609210.8882802,model_4,1,0.49177612086580247,532.8528739614019,368.03333333333336,164.81954062806852,36864,0.0371999591588974,0.061548669585367734,0.09368956617883142,MIGRATE,model_4,2.6764147047917697e-16
cooldown30,steady8s2,30,1787609210.8882802,model_5,0,3.949573318803235,1240.6677943736913,752.2333333333333,488.434461040358,131072,0.0383455865085125,0.061548669585367734,0.09368956617883142,MIGRATE,model_4,2.6764147047917697e-16
cooldown30,steady8s2,30,1787609210.8882802,model_6,1,1.5688630026477977,1025.9979919770608,654.1333333333333,371.86465864372747,57344,0.03492606058716774,0.061548669585367734,0.09368956617883142,MIGRATE,model_4,2.6764147047917697e-16
cooldown30,steady8s2,31,1787609215.916557,model_3,1,3.5116666639002774,1044.805096833183,771.1333333333333,273.6717634998496,114688,0.03177899122238159,0.0671422105525517,0.08488775085697814,,,3.5487683271248495e-16
cooldown30,steady8s2,31,1787609215.916557,model_4,0,0.38223512990272024,414.1622149914307,220.43333333333334,193.72888165809735,36864,0.0371999591588974,0.0671422105525517,0.08488775085697814,,,3.5487683271248495e-16
cooldown30,steady8s2,31,1787609215.916557,model_5,0,3.534437531372793,1110.2624163282026,652.9,457.3624163282026,131072,0.0383455865085125,0.0671422105525517,0.08488775085697814,,,3.5487683271248495e-16
cooldown30,steady8s2,31,1787609215.916557,model_6,1,1.4938920980587596,976.9688559497355,571.4333333333333,405.5355226164022,57344,0.03492606058716774,0.0671422105525517,0.08488775085697814,,,3.5487683271248495e-16
cooldown30,steady8s2,32,1787609220.9432175,model_3,1,3.257133697066976,969.0754315453796,662.1666666666666,306.908764878713,114688,0.03177899122238159,0.057198810986359545,0.07696038964385636,,,9.785779509308834e-17
cooldown30,steady8s2,32,1787609220.9432175,model_4,0,0.3047683985431775,330.2248933324305,182.1,148.1248933324305,36864,0.0371999591588974,0.057198810986359545,0.07696038964385636,,,9.785779509308834e-17
cooldown30,steady8s2,32,1787609220.9432175,model_5,0,3.031866147803699,952.3911528680429,725.6666666666666,226.7244862013763,131072,0.0383455865085125,0.057198810986359545,0.07696038964385636,,,9.785779509308834e-17
cooldown30,steady8s2,32,1787609220.9432175,model_6,1,1.2809739664831552,837.7256109478521,434.1666666666667,403.55894428118546,57344,0.03492606058716774,0.057198810986359545,0.07696038964385636,,,9.785779509308834e-17
cooldown30,steady8s2,33,1787609225.9655223,model_3,1,2.658868961607389,791.077317063326,606.7333333333333,184.3439837299926,114688,0.03177899122238159,0.059835410300228625,0.061019327151382766,,,3.702682932590515e-16
cooldown30,steady8s2,33,1787609225.9655223,model_4,0,0.432403306249189,468.52080584890155,284.56666666666666,183.95413918223488,36864,0.0371999591588974,0.059835410300228625,0.061019327151382766,,,3.702682932590515e-16
cooldown30,steady8s2,33,1787609225.9655223,model_5,0,3.058034583276063,960.6113661668168,702.3333333333334,258.2780328334834,131072,0.0383455865085125,0.059835410300228625,0.061019327151382766,,,3.702682932590515e-16
cooldown30,steady8s2,33,1787609225.9655223,model_6,1,0.9392453079773723,614.2434351069963,402.03333333333336,212.21010177366298,57344,0.03492606058716774,0.059835410300228625,0.061019327151382766,,,3.702682932590515e-16
cooldown30,steady8s2,34,1787609230.9944272,model_3,1,3.107996469337148,924.7035276680814,626.6333333333333,298.07019433474807,114688,0.03177899122238159,0.07487169162907018,0.06563355652512022,,,4.0671568932942737e-16
cooldown30,steady8s2,34,1787609230.9944272,model_4,0,0.4191078643003948,454.1148309501422,247.2,206.91483095014223,36864,0.0371999591588974,0.07487169162907018,0.06563355652512022,,,4.0671568932942737e-16
cooldown30,steady8s2,34,1787609230.9944272,model_5,0,3.948456225319605,1240.31688509905,802.1,438.21688509905005,131072,0.0383455865085125,0.07487169162907018,0.06563355652512022,,,4.0671568932942737e-16
cooldown30,steady8s2,34,1787609230.9944272,model_6,1,0.7622041264634482,498.4628370407733,363.76666666666665,134.69617037410666,57344,0.03492606058716774,0.07487169162907018,0.06563355652512022,,,4.0671568932942737e-16
cooldown30,steady8s2,35,1787609236.0211616,model_3,1,2.9292449190090384,871.5206522062589,561.0333333333333,310.4873188729256,114688,0.03177899122238159,0.08454697991391506,0.0694145570899815,,,3.60172435528543e-16
cooldown30,steady8s2,35,1787609236.0211616,model_4,0,0.3894302245013721,421.9582967299379,293.1,128.85829672993788,36864,0.0371999591588974,0.08454697991391506,0.0694145570899815,,,3.60172435528543e-16
cooldown30,steady8s2,35,1787609236.0211616,model_5,0,4.542531980750387,1426.9321464672141,918.5666666666667,508.3654798005474,131072,0.0383455865085125,0.08454697991391506,0.0694145570899815,,,3.60172435528543e-16
cooldown30,steady8s2,35,1787609236.0211616,model_6,1,1.16390916908399,761.1680996418706,450.1666666666667,311.00143297520395,57344,0.03492606058716774,0.08454697991391506,0.0694145570899815,,,3.60172435528543e-16
cooldown30,steady8s2,36,1787609241.0492678,model_3,1,3.519960969704018,1047.2728518361068,548.0666666666667,499.2061851694401,114688,0.03177899122238159,0.08211810571860519,0.08656424389950969,,,3.480039194379374e-16
cooldown30,steady8s2,36,1787609241.0492678,model_4,0,0.41977519841310307,454.8379057086788,332.23333333333335,122.60457237534547,36864,0.0371999591588974,0.08211810571860519,0.08656424389950969,,,3.480039194379374e-16
cooldown30,steady8s2,36,1787609241.0492678,model_5,0,4.370501097480612,1372.8925935123793,959.3333333333334,413.55926017904596,131072,0.0383455865085125,0.08211810571860519,0.08656424389950969,,,3.480039194379374e-16
cooldown30,steady8s2,36,1787609241.0492678,model_6,1,1.5844552169563277,1036.1949183779184,718.6,317.59491837791836,57344,0.03492606058716774,0.08211810571860519,0.08656424389950969,,,3.480039194379374e-16
cooldown30,steady8s2,37,1787609246.077533,model_3,1,3.0945085827104357,920.6905577475692,574.5666666666667,346.12389108090247,114688,0.03177899122238159,0.09309286562374491,0.08484010139102802,,,2.453315686557598e-16
cooldown30,steady8s2,37,1787609246.077533,model_4,0,0.49022879611649506,531.1763052858662,330.76666666666665,200.40963861919954,36864,0.0371999591588974,0.09309286562374491,0.08484010139102802,,,2.453315686557598e-16
cooldown30,steady8s2,37,1787609246.077533,model_5,0,4.940248972603016,1551.8658097359992,1107.3333333333333,444.5324764026659,131072,0.0383455865085125,0.09309286562374491,0.08484010139102802,,,2.453315686557598e-16
cooldown30,steady8s2,37,1787609246.077533,model_6,1,1.9082404428687192,1247.9425286264154,798.5,449.4425286264154,57344,0.03492606058716774,0.09309286562374491,0.08484010139102802,,,2.453315686557598e-16
cooldown30,steady8s2,38,1787609251.1125093,model_3,1,3.6832964732422657,1095.869083461644,592.1,503.7690834616441,114688,0.03177899122238159,0.10896258237583002,0.08998247266801057,,,2.794674190736904e-16
cooldown30,steady8s2,38,1787609251.1125093,model_4,0,0.563585180697076,610.6599538175665,344.96666666666664,265.69328715089983,36864,0.0371999591588974,0.10896258237583002,0.08998247266801057,,,2.794674190736904e-16
cooldown30,steady8s2,38,1787609251.1125093,model_5,0,5.792636397074242,1819.6237523056107,1133.3333333333333,686.2904189722774,131072,0.0383455865085125,0.10896258237583002,0.08998247266801057,,,2.794674190736904e-16
cooldown30,steady8s2,38,1787609251.1125093,model_6,1,1.6226817148825505,1061.1941120910894,805.4,255.79411209108946,57344,0.03492606058716774,0.10896258237583002,0.08998247266801057,,,2.794674190736904e-16
cooldown30,steady8s2,39,1787609256.1420496,model_3,1,3.188735397809557,948.7252962624649,546.2666666666667,402.45862959579824,114688,0.03177899122238159,0.1043828773717763,0.07834540427570394,MIGRATE,model_4,4.37593201666396e-16
cooldown30,steady8s2,39,1787609256.1420496,model_4,0,0.5394405340235927,584.4985689416649,261.8666666666667,322.6319022749982,36864,0.0371999591588974,0.1043828773717763,0.07834540427570394,MIGRATE,model_4,4.37593201666396e-16
cooldown30,steady8s2,39,1787609256.1420496,model_5,0,5.549628603599145,1743.2884323076212,1280.7666666666667,462.5217656409545,131072,0.0383455865085125,0.1043828773717763,0.07834540427570394,MIGRATE,model_4,4.37593201666396e-16
cooldown30,steady8s2,39,1787609256.1420496,model_6,1,1.431042142205632,935.8665236286054,832.9333333333333,102.93319029527208,57344,0.03492606058716774,0.1043828773717763,0.07834540427570394,MIGRATE,model_4,4.37593201666396e-16
cooldown30,steady8s2,40,1787609261.1703248,model_3,1,2.3485767873927297,698.7579496075167,449.96666666666664,248.79128294085007,114688,0.03177899122238159,0.10255802592739353,0.0845911957721298,,,1.3495813045771765e-16
cooldown30,steady8s2,40,1787609261.1703248,model_4,1,0.4666461817552021,505.6238977882938,309.8666666666667,195.75723112162711,36864,0.0371999591588974,0.10255802592739353,0.0845911957721298,,,1.3495813045771765e-16
cooldown30,steady8s2,40,1787609261.1703248,model_5,0,6.581140511415067,2067.3142194597285,1204.6,862.7142194597286,131072,0.0383455865085125,0.10255802592739353,0.0845911957721298,,,1.3495813045771765e-16
cooldown30,steady8s2,40,1787609261.1703248,model_6,1,1.6791799577841915,1098.1425796561248,924.3333333333334,173.8092463227914,57344,0.03492606058716774,0.10255802592739353,0.0845911957721298,,,1.3495813045771765e-16
cooldown30,steady8s2,41,1787609266.1995502,model_3,1,2.430755874960066,723.20820009003,420.6,302.60820009003,114688,0.03177899122238159,0.06501412445100371,0.08762909741262617,,,1.9076778529080694e-16
cooldown30,steady8s2,41,1787609266.1995502,model_4,1,0.5409917543303533,586.1793585602203,314.46666666666664,271.71269189355365,36864,0.0371999591588974,0.06501412445100371,0.08762909741262617,,,1.9076778529080694e-16
cooldown30,steady8s2,41,1787609266.1995502,model_5,0,4.171951286792434,1310.5227282595783,1173.0,137.52272825957834,131072,0.0383455865085125,0.06501412445100371,0.08762909741262617,,,1.9076778529080694e-16
cooldown30,steady8s2,41,1787609266.1995502,model_6,1,1.684061622497998,1101.3350688571688,850.4,250.93506885716886,57344,0.03492606058716774,0.06501412445100371,0.08762909741262617,,,1.9076778529080694e-16
cooldown30,steady8s2,42,1787609271.229376,model_3,1,2.5481156069479405,758.125536466063,497.4,260.725536466063,114688,0.03177899122238159,0.06951467486591621,0.08760386681693988,,,1.9082272789820004e-16
cooldown30,steady8s2,42,1787609271.229376,model_4,1,0.5331912391182589,577.7272870325783,353.96666666666664,223.76062036591162,36864,0.0371999591588974,0.06951467486591621,0.08760386681693988,,,1.9082272789820004e-16
cooldown30,steady8s2,42,1787609271.229376,model_5,0,4.460751255311869,1401.242608873611,1117.5333333333333,283.70927554027776,131072,0.0383455865085125,0.06951467486591621,0.08760386681693988,,,1.9082272789820004e-16
cooldown30,steady8s2,42,1787609271.229376,model_6,1,1.5731618824908626,1028.809354141438,697.5333333333333,331.2760208081047,57344,0.03492606058716774,0.06951467486591621,0.08760386681693988,,,1.9082272789820004e-16
cooldown30,steady8s2,43,1787609276.2958903,model_3,1,2.5136221810500845,747.8629145732177,573.1666666666666,174.6962479065511,114688,0.03177899122238159,0.06306631961061661,0.08609013500306258,,,1.9417798380551256e-16
cooldown30,steady8s2,43,1787609276.2958903,model_4,1,0.7054786370873929,764.4053937156731,430.9,333.5053937156731,36864,0.0371999591588974,0.06306631961061661,0.08609013500306258,,,1.9417798380551256e-16
cooldown30,steady8s2,43,1787609276.2958903,model_5,0,4.046960802357047,1271.2598367710518,940.8,330.45983677105187,131072,0.0383455865085125,0.06306631961061661,0.08609013500306258,,,1.9417798380551256e-16
cooldown30,steady8s2,43,1787609276.2958903,model_6,1,1.3549420382850055,886.098918885531,538.5,347.598918885531,57344,0.03492606058716774,0.06306631961061661,0.08609013500306258,,,1.9417798380551256e-16
cooldown30,steady8s2,44,1787609281.3497002,model_3,1,3.0471195949036294,906.5911967508949,706.8,199.79119675089498,114688,0.03177899122238159,0.06892943435305551,0.09350456720465306,,,1.7878066644435735e-16
cooldown30,steady8s2,44,1787609281.3497002,model_4,1,0.6652143949606699,720.7779863959981,402.96666666666664,317.8113197293315,36864,0.0371999591588974,0.06892943435305551,0.09350456720465306,,,1.7878066644435735e-16
cooldown30,steady8s2,44,1787609281.3497002,model_5,0,4.4231964173235125,1389.4456186029777,792.2,597.2456186029776,131072,0.0383455865085125,0.06892943435305551,0.09350456720465306,,,1.7878066644435735e-16
cooldown30,steady8s2,44,1787609281.3497002,model_6,1,1.2556440212063598,821.1604469105717,580.4333333333333,240.72711357723847,57344,0.03492606058716774,0.06892943435305551,0.09350456720465306,,,1.7878066644435735e-16
cooldown30,steady8s2,45,1787609286.381818,model_3,1,3.1169253485479107,927.3600834865232,743.5666666666667,183.79341681985647,114688,0.03177899122238159,0.0536315805651828,0.09483671027511718,MIGRATE,model_4,1.762693875815002e-16
cooldown30,steady8s2,45,1787609286.381818,model_4,1,0.5570587981622255,603.5884398852836,463.76666666666665,139.82177321861695,36864,0.0371999591588974,0.0536315805651828,0.09483671027511718,MIGRATE,model_4,1.762693875815002e-16
cooldown30,steady8s2,45,1787609286.381818,model_5,0,3.4415343349005476,1081.0790097792612,708.4666666666667,372.61234311259454,131072,0.0383455865085125,0.0536315805651828,0.09483671027511718,MIGRATE,model_4,1.762693875815002e-16
cooldown30,steady8s2,45,1787609286.381818,model_6,1,1.3647717705047324,892.527323087868,594.8666666666667,297.66065642120134,57344,0.03492606058716774,0.0536315805651828,0.09483671027511718,MIGRATE,model_4,1.762693875815002e-16
cooldown30,steady8s2,46,1787609292.3753548,model_3,1,3.368574073538217,1002.2316176171073,793.3333333333334,208.89828428377393,114688,0.03177899122238159,0.06945949371432082,0.08164802421903454,,,3.6895805438471323e-16
cooldown30,steady8s2,46,1787609292.3753548,model_4,0,0.8323620785768981,901.8870720386552,568.2333333333333,333.65373870532187,36864,0.0371999591588974,0.06945949371432082,0.08164802421903454,,,3.6895805438471323e-16
cooldown30,steady8s2,46,1787609292.3753548,model_5,0,3.2194869424497057,1011.3279186102811,752.0,259.32791861028113,131072,0.0383455865085125,0.06945949371432082,0.08164802421903454,,,3.6895805438471323e-16
cooldown30,steady8s2,46,1787609292.3753548,model_6,1,1.4459483858306743,945.6148419976425,582.5333333333333,363.08150866430924,57344,0.03492606058716774,0.06945949371432082,0.08164802421903454,,,3.6895805438471323e-16
cooldown30,steady8s2,47,1787609297.4083788,model_3,1,4.5383344221696404,1350.2633903611786,918.7333333333333,431.53005702784526,114688,0.03177899122238159,0.07494405039173024,0.10217202954331554,,,5.191826863301946e-08
cooldown30,steady8s2,47,1787609297.4083788,model_4,0,1.031536159792216,1117.6976352017352,525.7333333333333,591.9643018684019,36864,0.0371999591588974,0.07494405039173024,0.10217202954331554,,,5.191826863301946e-08
cooldown30,steady8s2,47,1787609297.4083788,model_5,0,3.3402489047581887,1049.2625169397288,799.6,249.6625169397288,131072,0.0383455865085125,0.07494405039173024,0.10217202954331554,,,5.191826863301946e-08
cooldown30,steady8s2,47,1787609297.4083788,model_6,1,1.4864232030125097,972.0843814565472,499.6,472.4843814565472,57344,0.03492606058716774,0.07494405039173024,0.10217202954331554,,,5.191826863301946e-08
cooldown30,steady8s2,48,1787609302.4711332,model_3,1,4.304171043946506,1280.594166464091,790.2333333333333,490.36083313075756,114688,0.03177899122238159,0.07168604458282499,0.09556338953245631,,,6.428584192916701e-08
cooldown30,steady8s2,48,1787609302.4711332,model_4,0,0.7485191473860132,811.0409635131816,411.46666666666664,399.574296846515,36864,0.0371999591588974,0.07168604458282499,0.09556338953245631,,,6.428584192916701e-08
cooldown30,steady8s2,48,1787609302.4711332,model_5,0,3.433213457214052,1078.4651970624773,874.5666666666667,203.89853039581055,131072,0.0383455865085125,0.07168604458282499,0.09556338953245631,,,6.428584192916701e-08
cooldown30,steady8s2,48,1787609302.4711332,model_6,1,1.3308962975553662,870.3735931798617,547.0333333333333,323.3402598465284,57344,0.03492606058716774,0.07168604458282499,0.09556338953245631,,,6.428584192916701e-08
cooldown30,steady8s2,49,1787609307.5168223,model_3,1,3.304136951397536,983.0600275769891,682.6,300.4600275769891,114688,0.03177899122238159,0.08686425743849001,0.08632278686453104,,,1.7448866779223966e-16
cooldown30,steady8s2,49,1787609307.5168223,model_4,0,0.354618102315553,384.2384104476369,325.3,58.9384104476369,36864,0.0371999591588974,0.08686425743849001,0.08632278686453104,,,1.7448866779223966e-16
cooldown30,steady8s2,49,1787609307.5168223,model_5,0,4.712520133847301,1480.3300226297738,911.1666666666666,569.1633559631072,131072,0.0383455865085125,0.08686425743849001,0.08632278686453104,,,1.7448866779223966e-16
cooldown30,steady8s2,49,1787609307.5168223,model_6,1,1.7860412873271843,1168.0272728040088,750.5,417.5272728040088,57344,0.03492606058716774,0.08686425743849001,0.08632278686453104,,,1.7448866779223966e-16
cooldown30,steady8s2,50,1787609312.5741184,model_3,1,2.8950894570023067,861.3585826806477,657.2333333333333,204.12524934731437,114688,0.03177899122238159,0.08041340994456717,0.07961223342786634,,,1.8919640150219995e-16
cooldown30,steady8s2,50,1787609312.5741184,model_4,0,0.5595276195406986,606.2634753556938,369.9,236.36347535569382,36864,0.0371999591588974,0.08041340994456717,0.07961223342786634,,,1.8919640150219995e-16
cooldown30,steady8s2,50,1787609312.5741184,model_5,0,4.131306979706153,1297.7552521915907,989.1333333333333,308.62191885825735,131072,0.0383455865085125,0.08041340994456717,0.07961223342786634,,,1.8919640150219995e-16
cooldown30,steady8s2,50,1787609312.5741184,model_6,1,1.799388940303774,1176.7563110492063,760.1333333333333,416.62297771587293,57344,0.03492606058716774,0.08041340994456717,0.07961223342786634,,,1.8919640150219995e-16
cooldown30,steady8s2,51,1787609317.892814,model_3,1,2.8118033213496014,836.5789588285254,528.1,308.4789588285254,114688,0.03177899122238159,0.09416678289926728,0.08227618860033627,,,1.6168913673493748e-16
cooldown30,steady8s2,51,1787609317.892814,model_4,0,0.39180078061217305,424.52685909588433,202.9,221.62685909588433,36864,0.0371999591588974,0.09416678289926728,0.08227618860033627,,,1.6168913673493748e-16
cooldown30,steady8s2,51,1787609317.892814,model_5,0,5.101322861677702,1602.4634744857794,1029.1,573.3634744857795,131072,0.0383455865085125,0.09416678289926728,0.08227618860033627,,,1.6168913673493748e-16
cooldown30,steady8s2,51,1787609317.892814,model_6,1,2.0397599794956185,1333.9530854801453,743.6,590.3530854801453,57344,0.03492606058716774,0.09416678289926728,0.08227618860033627,,,1.6168913673493748e-16
cooldown30,steady8s2,52,1787609322.9397583,model_3,1,2.900894881875271,863.0858358846345,612.4333333333333,250.65250255130127,114688,0.03177899122238159,0.07953297174076719,0.07728215109628428,,,2.8715912726830157e-16
cooldown30,steady8s2,52,1787609322.9397583,model_4,0,0.3891251796175177,421.6277722572106,159.9,261.72777225721063,36864,0.0371999591588974,0.07953297174076719,0.07728215109628428,,,2.8715912726830157e-16
cooldown30,steady8s2,52,1787609322.9397583,model_5,0,4.250349951205712,1335.149869018403,934.7666666666667,400.3832023517364,131072,0.0383455865085125,0.07953297174076719,0.07728215109628428,,,2.8715912726830157e-16
cooldown30,steady8s2,52,1787609322.9397583,model_6,1,1.656186023882384,1083.1051098636115,803.0333333333333,280.07177653027816,57344,0.03492606058716774,0.07953297174076719,0.07728215109628428,,,2.8715912726830157e-16
cooldown30,steady8s2,53,1787609327.9767907,model_3,1,2.794538845710764,831.4423630556295,566.7333333333333,264.7090297222961,114688,0.03177899122238159,0.07405767601072542,0.07450445488308743,,,3.0325061978658865e-16
cooldown30,steady8s2,53,1787609327.9767907,model_4,0,0.26582994903389245,288.03401856589136,164.06666666666666,123.9673518992247,36864,0.0371999591588974,0.07405767601072542,0.07450445488308743,,,3.0325061978658865e-16
cooldown30,steady8s2,53,1787609327.9767907,model_5,0,4.054249366224577,1273.549371798704,970.8666666666667,302.6827051320373,131072,0.0383455865085125,0.07405767601072542,0.07450445488308743,,,3.0325061978658865e-16
cooldown30,steady8s2,53,1787609327.9767907,model_6,1,1.5987502116628565,1045.5434949199541,770.8333333333334,274.71016158662076,57344,0.03492606058716774,0.07405767601072542,0.07450445488308743,,,3.0325061978658865e-16
cooldown30,steady8s2,54,1787609333.013744,model_3,1,2.7524607937583547,818.9231329143894,582.2,236.72313291438934,114688,0.03177899122238159,0.06641320468147606,0.07540891537721571,,,2.9961340787278685e-16
cooldown30,steady8s2,54,1787609333.013744,model_4,0,0.396280247460187,429.3804839111291,193.73333333333332,235.64715057779577,36864,0.0371999591588974,0.06641320468147606,0.07540891537721571,,,2.9961340787278685e-16
cooldown30,steady8s2,54,1787609333.013744,model_5,0,3.477866596722716,1092.4919558119166,838.7666666666667,253.72528914524992,131072,0.0383455865085125,0.06641320468147606,0.07540891537721571,,,2.9961340787278685e-16
cooldown30,steady8s2,54,1787609333.013744,model_6,1,1.6941614018539881,1107.9400772748372,762.3,345.64007727483727,57344,0.03492606058716774,0.06641320468147606,0.07540891537721571,,,2.9961340787278685e-16
cooldown30,steady8s2,55,1787609338.0493836,model_3,1,3.4974610819824608,1040.578595342084,650.0333333333333,390.5452620087508,114688,0.03177899122238159,0.06934826941838315,0.09601102633085902,,,1.5688144014000877e-16
cooldown30,steady8s2,55,1787609338.0493836,model_4,0,0.5154937552303451,558.5515793244485,198.96666666666667,359.58491265778184,36864,0.0371999591588974,0.06934826941838315,0.09601102633085902,,,1.5688144014000877e-16
cooldown30,steady8s2,55,1787609338.0493836,model_5,0,3.529867109454909,1108.8267231982072,864.1,244.7267231982072,131072,0.0383455865085125,0.06934826941838315,0.09601102633085902,,,1.5688144014000877e-16
cooldown30,steady8s2,55,1787609338.0493836,model_6,1,2.16400160542958,1415.2040669317278,845.8333333333334,569.3707335983944,57344,0.03492606058716774,0.06934826941838315,0.09601102633085902,,,1.5688144014000877e-16
cooldown30,steady8s2,56,1787609343.0845742,model_3,1,3.2944430089192487,980.1758470783558,643.7666666666667,336.40918041168914,114688,0.03177899122238159,0.06117260796945301,0.0900247291369131,,,1.6731345069861928e-16
cooldown30,steady8s2,56,1787609343.0845742,model_4,0,0.32646337396618863,353.73199242524726,186.7,167.03199242524727,36864,0.0371999591588974,0.06117260796945301,0.0900247291369131,,,1.6731345069861928e-16
cooldown30,steady8s2,56,1787609343.0845742,model_5,0,3.2419785835018846,1018.3931513439545,726.7,291.69315134395447,131072,0.0383455865085125,0.06117260796945301,0.0900247291369131,,,1.6731345069861928e-16
cooldown30,steady8s2,56,1787609343.0845742,model_6,1,2.0140269078240007,1317.1242866507241,796.6666666666666,520.4576199840575,57344,0.03492606058716774,0.06117260796945301,0.0900247291369131,,,1.6731345069861928e-16
cooldown30,steady8s2,57,1787609348.1327474,model_3,1,3.6413876299774164,1083.400196965206,737.8,345.6001969652061,114688,0.03177899122238159,0.06656824171270245,0.09329089167063598,,,1.6145571995691895e-16
cooldown30,steady8s2,57,1787609348.1327474,model_4,0,0.25088786377996986,271.84386062062254,186.93333333333334,84.9105272872892,36864,0.0371999591588974,0.06656824171270245,0.09329089167063598,,,1.6145571995691895e-16
cooldown30,steady8s2,57,1787609348.1327474,model_5,0,3.6323029081600393,1141.0045779146533,603.6666666666666,537.3379112479867,131072,0.0383455865085125,0.06656824171270245,0.09329089167063598,,,1.6145571995691895e-16
cooldown30,steady8s2,57,1787609348.1327474,model_6,1,1.8596774294526053,1216.1835068602086,757.3666666666667,458.8168401935419,57344,0.03492606058716774,0.06656824171270245,0.09329089167063598,,,1.6145571995691895e-16
cooldown30,steady8s2,58,1787609353.1709995,model_3,1,3.4742678006142964,1033.6780375998437,661.5,372.1780375998437,114688,0.03177899122238159,0.06583825924768646,0.08053197916394068,,,2.805534193337541e-16
cooldown30,steady8s2,58,1787609353.1709995,model_4,0,0.35078197206617046,380.0818584282444,207.26666666666668,172.81519176157772,36864,0.0371999591588974,0.06583825924768646,0.08053197916394068,,,2.805534193337541e-16
cooldown30,steady8s2,58,1787609353.1709995,model_5,0,3.489826014165572,1096.2487322693084,588.8,507.4487322693085,131072,0.0383455865085125,0.06583825924768646,0.08053197916394068,,,2.805534193337541e-16
cooldown30,steady8s2,58,1787609353.1709995,model_6,1,1.274445056687527,833.4558637941436,635.5333333333333,197.92253046081032,57344,0.03492606058716774,0.06583825924768646,0.08053197916394068,,,2.805534193337541e-16
cooldown30,steady8s2,59,1787609358.2291777,model_3,1,3.9165597389314946,1165.2705022812122,689.3,475.97050228121225,114688,0.03177899122238159,0.04798302859294337,0.09361180691004364,MIGRATE,model_6,3.415304125370101e-08
cooldown30,steady8s2,59,1787609358.2291777,model_4,0,0.3998485614001095,433.2468496361194,196.5,236.7468496361194,36864,0.0371999591588974,0.04798302859294337,0.09361180691004364,MIGRATE,model_6,3.415304125370101e-08
cooldown30,steady8s2,59,1787609358.2291777,model_5,0,2.3991926788058264,753.6513058057311,519.9,233.75130580573114,131072,0.0383455865085125,0.04798302859294337,0.09361180691004364,MIGRATE,model_6,3.415304125370101e-08
cooldown30,steady8s2,59,1787609358.2291777,model_6,1,1.6034288527591598,1048.6032116459444,725.0666666666667,323.53654497927766,57344,0.03492606058716774,0.04798302859294337,0.09361180691004364,MIGRATE,model_6,3.415304125370101e-08
cooldown30,steady8s2,60,1787609363.2741523,model_3,1,4.356947166393287,1296.2963292833392,715.5333333333333,580.7629959500059,114688,0.03177899122238159,0.07628294480907266,0.05948050739103464,,,4.0770676612788296e-16
cooldown30,steady8s2,60,1787609363.2741523,model_4,0,0.2012594061166581,218.07006971428507,188.1,29.970069714285074,36864,0.0371999591588974,0.07628294480907266,0.05948050739103464,,,4.0770676612788296e-16
cooldown30,steady8s2,60,1787609363.2741523,model_5,0,2.090447915067848,656.6662256129945,437.9,218.7662256129945,131072,0.0383455865085125,0.07628294480907266,0.05948050739103464,,,4.0770676612788296e-16
cooldown30,steady8s2,60,1787609363.2741523,model_6,0,1.0686159937057749,698.8486960851817,696.8666666666667,1.982029418515026,57344,0.03492606058716774,0.07628294480907266,0.05948050739103464,,,4.0770676612788296e-16
cooldown30,steady8s2,61,1787609368.3404322,model_3,1,3.708084949518242,1103.2442499665149,690.7,412.5442499665148,114688,0.03177899122238159,0.08774750593108241,0.05062232012994188,,,2.297797858900634e-16
cooldown30,steady8s2,61,1787609368.3404322,model_4,0,0.19947597768889763,216.1376762471855,187.16666666666666,28.971009580518853,36864,0.0371999591588974,0.08774750593108241,0.05062232012994188,,,2.297797858900634e-16
cooldown30,steady8s2,61,1787609368.3404322,model_5,0,2.437529659302704,765.6939881910831,577.7333333333333,187.96065485774977,131072,0.0383455865085125,0.08774750593108241,0.05062232012994188,,,2.297797858900634e-16
cooldown30,steady8s2,61,1787609368.3404322,model_6,0,1.2283405520115862,803.3046465503321,489.4,313.90464655033213,57344,0.03492606058716774,0.08774750593108241,0.05062232012994188,,,2.297797858900634e-16
cooldown30,steady8s2,62,1787609373.3909273,model_3,1,2.7389361450427123,814.8992253902944,675.0666666666667,139.8325587236277,114688,0.03177899122238159,0.10911271819380565,0.037391619727545566,,,3.695738399517907e-16
cooldown30,steady8s2,62,1787609373.3909273,model_4,0,0.7759607191023618,840.774656823322,168.0,672.774656823322,36864,0.0371999591588974,0.10911271819380565,0.037391619727545566,,,3.695738399517907e-16
cooldown30,steady8s2,62,1787609373.3909273,model_5,0,3.254579042543502,1022.3512963042807,778.1,244.2512963042807,131072,0.0383455865085125,0.10911271819380565,0.037391619727545566,,,3.695738399517907e-16
cooldown30,steady8s2,62,1787609373.3909273,model_6,0,0.7759607191023619,507.4593118127267,535.9666666666667,-28.50735485394,57344,0.03492606058716774,0.10911271819380565,0.037391619727545566,,,3.695738399517907e-16
cooldown30,steady8s2,63,1787609378.4302735,model_3,1,3.6132965951705986,1075.0424400507488,679.6,395.4424400507488,114688,0.03177899122238159,0.15038083386704815,0.04932828116273856,,,8.044616833175814e-16
cooldown30,steady8s2,63,1787609378.4302735,model_4,0,0.9366083380996876,1014.8407447152563,163.4,851.4407447152563,36864,0.0371999591588974,0.15038083386704815,0.04932828116273856,,,8.044616833175814e-16
cooldown30,steady8s2,63,1787609378.4302735,model_5,0,4.75117654067055,1492.4730454630214,879.6666666666666,612.8063787963548,131072,0.0383455865085125,0.15038083386704815,0.04932828116273856,,,8.044616833175814e-16
cooldown30,steady8s2,63,1787609378.4302735,model_6,0,0.9366083380996861,612.5189213700775,602.3,10.21892137007751,57344,0.03492606058716774,0.15038083386704815,0.04932828116273856,,,8.044616833175814e-16
cooldown30,steady8s2,64,1787609383.5166183,model_3,1,3.575016095055313,1063.6530727053437,700.8333333333334,362.8197393720103,114688,0.03177899122238159,0.1504617308712744,0.04880568047857083,,,4.0201457889277585e-16
cooldown30,steady8s2,64,1787609383.5166183,model_4,0,0.9710277471382606,1052.1351155642662,146.6,905.5351155642662,36864,0.0371999591588974,0.1504617308712744,0.04880568047857083,,,4.0201457889277585e-16
cooldown30,steady8s2,64,1787609383.5166183,model_5,0,4.685901298830357,1471.9683266531372,948.8666666666667,523.1016599864705,131072,0.0383455865085125,0.1504617308712744,0.04880568047857083,,,4.0201457889277585e-16
cooldown30,steady8s2,64,1787609383.5166183,model_6,0,0.9710277471382605,635.0283721627941,632.3333333333334,2.6950388294607137,57344,0.03492606058716774,0.1504617308712744,0.04880568047857083,,,4.0201457889277585e-16
cooldown30,steady8s2,65,1787609388.5573213,model_3,1,3.6949358311727294,1099.332071738586,707.8,391.53207173858596,114688,0.03177899122238159,0.14811252973441308,0.05044280998188027,MIGRATE,model_6,6.80651500632175e-16
cooldown30,steady8s2,65,1787609388.5573213,model_4,0,0.9160411714174377,992.5556572315747,140.43333333333334,852.1223238982413,36864,0.0371999591588974,0.14811252973441308,0.05044280998188027,MIGRATE,model_6,6.80651500632175e-16
cooldown30,steady8s2,65,1787609388.5573213,model_5,0,4.692390304879872,1474.0066989463671,1062.4333333333334,411.57336561303373,131072,0.0383455865085125,0.14811252973441308,0.05044280998188027,MIGRATE,model_6,6.80651500632175e-16
cooldown30,steady8s2,65,1787609388.5573213,model_6,0,0.916041171417437,599.0684979226311,671.1666666666666,-72.09816874403555,57344,0.03492606058716774,0.14811252973441308,0.05044280998188027,MIGRATE,model_6,6.80651500632175e-16
cooldown30,steady8s2,66,1787609393.5975766,model_3,1,3.0995834764339745,922.2004604051156,779.3666666666667,142.8337937384489,114688,0.03177899122238159,0.11608624610687493,0.07058465535108707,,,3.9347673854673183e-16
cooldown30,steady8s2,66,1787609393.5975766,model_4,0,0.3304108615045239,358.00920311214594,175.2,182.80920311214595,36864,0.0371999591588974,0.11608624610687493,0.07058465535108707,,,3.9347673854673183e-16
cooldown30,steady8s2,66,1787609393.5975766,model_5,0,6.441362405046321,2023.4061359954642,1198.3,825.1061359954642,131072,0.0383455865085125,0.11608624610687493,0.07058465535108707,,,3.9347673854673183e-16
cooldown30,steady8s2,66,1787609393.5975766,model_6,1,1.062567558145458,694.8931673175236,694.1,0.7931673175236256,57344,0.03492606058716774,0.11608624610687493,0.07058465535108707,,,3.9347673854673183e-16
cooldown30,steady8s2,67,1787609398.6458192,model_3,1,4.309267407288011,1282.1104568481571,976.4333333333333,305.67712351482385,114688,0.03177899122238159,0.0922473437368576,0.11031251587619181,,,4.096275375591256e-16
cooldown30,steady8s2,67,1787609398.6458192,model_4,0,0.2855254581127846,309.37464120194744,146.53333333333333,162.8413078686141,36864,0.0371999591588974,0.0922473437368576,0.11031251587619181,,,4.096275375591256e-16
cooldown30,steady8s2,67,1787609398.6458192,model_5,0,5.095629650068323,1600.6750827482,1130.1333333333334,470.5417494148667,131072,0.0383455865085125,0.0922473437368576,0.11031251587619181,,,4.096275375591256e-16
cooldown30,steady8s2,67,1787609398.6458192,model_6,1,2.1955083091536065,1435.8086797628737,689.4666666666667,746.342013096207,57344,0.03492606058716774,0.0922473437368576,0.11031251587619181,,,4.096275375591256e-16
cooldown30,steady8s2,68,1787609403.7020335,model_3,1,4.371065427178622,1300.4968506422076,909.9,390.59685064220764,114688,0.03177899122238159,0.1014372227899452,0.11058930284652177,,,2.7240153780532133e-16
cooldown30,steady8s2,68,1787609403.7020335,model_4,0,0.15326769539034313,166.06973886898263,166.06666666666666,0.0030722023159626133,36864,0.0371999591588974,0.1014372227899452,0.11058930284652177,,,2.7240153780532133e-16
cooldown30,steady8s2,68,1787609403.7020335,model_5,0,5.763969673881715,1810.6187592685476,951.2333333333333,859.3854259352142,131072,0.0383455865085125,0.1014372227899452,0.11058930284652177,,,2.7240153780532133e-16
cooldown30,steady8s2,68,1787609403.7020335,model_6,1,2.1500315303200885,1406.0679798508822,777.7,628.3679798508822,57344,0.03492606058716774,0.1014372227899452,0.11058930284652177,,,2.7240153780532133e-16
cooldown30,steady8s2,69,1787609408.747373,model_3,1,4.20756200237166,1251.8506584098668,895.3,356.55065840986686,114688,0.03177899122238159,0.08168525349699411,0.10517001485307784,,,1.4321903539851654e-16
cooldown30,steady8s2,69,1787609408.747373,model_4,0,0.19819182104018296,214.74625740464478,169.93333333333334,44.81292407131144,36864,0.0371999591588974,0.08168525349699411,0.10517001485307784,,,1.4321903539851654e-16
cooldown30,steady8s2,69,1787609408.747373,model_5,0,4.566834480121386,1434.5662187729085,1025.9333333333334,408.63288543957515,131072,0.0383455865085125,0.08168525349699411,0.10517001485307784,,,1.4321903539851654e-16
cooldown30,steady8s2,69,1787609408.747373,model_6,1,1.9939769008105142,1304.0120729646057,823.4,480.6120729646058,57344,0.03492606058716774,0.08168525349699411,0.10517001485307784,,,1.4321903539851654e-16
cooldown30,steady8s2,70,1787609413.7926896,model_3,1,4.433257112479369,1319.0003693419856,906.5,412.50036934198556,114688,0.03177899122238159,0.0820128052576597,0.10915871150905973,,,1.379857628573726e-16
cooldown30,steady8s2,70,1787609413.7926896,model_4,0,0.34357548747862454,372.27343532532547,228.3,143.97343532532545,36864,0.0371999591588974,0.0820128052576597,0.10915871150905973,,,1.379857628573726e-16
cooldown30,steady8s2,70,1787609413.7926896,model_5,0,4.440558212971614,1394.8994281602145,965.5333333333333,429.3660948268812,131072,0.0383455865085125,0.0820128052576597,0.10915871150905973,,,1.379857628573726e-16
cooldown30,steady8s2,70,1787609413.7926896,model_6,1,2.0034824562120805,1310.2284734649515,836.7333333333333,473.4951401316182,57344,0.03492606058716774,0.0820128052576597,0.10915871150905973,,,1.379857628573726e-16
cooldown30,steady8s2,71,1787609418.8858635,model_3,1,4.26934753606313,1270.2333372600592,1018.6666666666666,251.5666705933926,114688,0.03177899122238159,0.0747990729610553,0.10442112327456407,,,2.8849235878263153e-16
cooldown30,steady8s2,71,1787609418.8858635,model_4,0,0.3695277887431414,400.39346337866715,272.8333333333333,127.56013004533384,36864,0.0371999591588974,0.0747990729610553,0.10442112327456407,,,2.8849235878263153e-16
cooldown30,steady8s2,71,1787609418.8858635,model_5,0,3.9938001646315446,1254.5606427491562,810.0666666666667,444.49397608248944,131072,0.0383455865085125,0.0747990729610553,0.10442112327456407,,,2.8849235878263153e-16
cooldown30,steady8s2,71,1787609418.8858635,model_6,1,1.8880316295274264,1234.7264594900969,848.7666666666667,385.95979282343023,57344,0.03492606058716774,0.0747990729610553,0.10442112327456407,,,2.8849235878263153e-16
cooldown30,steady8s2,72,1787609423.9573143,model_3,1,4.018010636081836,1195.4545785520647,867.8333333333334,327.62124521873136,114688,0.03177899122238159,0.0734419010972865,0.09986892038474243,,,3.016423532381878e-16
cooldown30,steady8s2,72,1787609423.9573143,model_4,0,0.2856600446164348,309.5204693587521,220.5,89.02046935875211,36864,0.0371999591588974,0.0734419010972865,0.09986892038474243,,,3.016423532381878e-16
cooldown30,steady8s2,72,1787609423.9573143,model_5,0,3.998498666462974,1256.0365692438759,822.4333333333333,433.6032359105426,131072,0.0383455865085125,0.0734419010972865,0.09986892038474243,,,3.016423532381878e-16
cooldown30,steady8s2,72,1787609423.9573143,model_6,1,1.8709397063708184,1223.548760221193,831.0666666666667,392.4820935545264,57344,0.03492606058716774,0.0734419010972865,0.09986892038474243,,,3.016423532381878e-16
cooldown30,steady8s2,73,1787609429.0070882,model_3,1,3.420690344108531,1017.7374586696076,721.7666666666667,295.9707920029409,114688,0.03177899122238159,0.06267913755624675,0.08627381714918055,,,2.61881563453841e-16
cooldown30,steady8s2,73,1787609429.0070882,model_4,0,0.3482449104693366,377.33288281529684,247.46666666666667,129.86621614863017,36864,0.0371999591588974,0.06267913755624675,0.08627381714918055,,,2.61881563453841e-16
cooldown30,steady8s2,73,1787609429.0070882,model_5,0,3.3080789203752383,1039.1570548181837,858.5,180.65705481818372,131072,0.0383455865085125,0.06267913755624675,0.08627381714918055,,,2.61881563453841e-16
cooldown30,steady8s2,73,1787609429.0070882,model_6,1,1.666600307358089,1089.9157962753122,799.3333333333334,290.58246294197886,57344,0.03492606058716774,0.06267913755624675,0.08627381714918055,,,2.61881563453841e-16
cooldown30,steady8s2,74,1787609434.0572107,model_3,1,3.476563241831643,1034.360986442346,670.9,363.4609864423461,114688,0.03177899122238159,0.0792828530665494,0.08536255450690985,,,1.7645146829440548e-16
cooldown30,steady8s2,74,1787609434.0572107,model_4,0,0.38659169071256616,418.88266775360836,287.0,131.88266775360836,36864,0.0371999591588974,0.0792828530665494,0.08536255450690985,,,1.7645146829440548e-16
cooldown30,steady8s2,74,1787609434.0572107,model_5,0,4.238293021276949,1331.3624612519939,888.8333333333334,442.5291279186605,131072,0.0383455865085125,0.0792828530665494,0.08536255450690985,,,1.7645146829440548e-16
cooldown30,steady8s2,74,1787609434.0572107,model_6,1,1.5569931705084272,1018.23541237671,728.5333333333333,289.70207904337667,57344,0.03492606058716774,0.0792828530665494,0.08536255450690985,,,1.7645146829440548e-16
cooldown30,steady8s2,75,1787609439.105012,model_3,1,4.298081115619724,1278.7822666557806,736.4,542.3822666557807,114688,0.03177899122238159,0.08287306190520063,0.09664161292727544,,,1.5585778862610825e-16
cooldown30,steady8s2,75,1787609439.105012,model_4,0,0.45953095769820906,497.9143579656341,298.1333333333333,199.78102463230078,36864,0.0371999591588974,0.08287306190520063,0.09664161292727544,,,1.5585778862610825e-16
cooldown30,steady8s2,75,1787609439.105012,model_5,0,4.374784940588174,1374.2382644876207,800.1666666666666,574.071597820954,131072,0.0383455865085125,0.08287306190520063,0.09664161292727544,,,1.5585778862610825e-16
cooldown30,steady8s2,75,1787609439.105012,model_6,1,1.400565243535301,915.9353780890177,650.5666666666667,265.368711422351,57344,0.03492606058716774,0.08287306190520063,0.09664161292727544,,,1.5585778862610825e-16
cooldown30,steady8s2,76,1787609444.1736572,model_3,1,3.8043697568602,1131.8912905562806,706.3333333333334,425.55795722294727,114688,0.03177899122238159,0.07261739487100441,0.09460099801448181,,,3.1843951747315974e-16
cooldown30,steady8s2,76,1787609444.1736572,model_4,0,0.5574939436743978,604.0599319462323,261.2,342.8599319462323,36864,0.0371999591588974,0.07261739487100441,0.09460099801448181,,,3.1843951747315974e-16
cooldown30,steady8s2,76,1787609444.1736572,model_5,0,3.6785680340839804,1155.537705192784,751.4,404.137705192784,131072,0.0383455865085125,0.07261739487100441,0.09460099801448181,,,3.1843951747315974e-16
cooldown30,steady8s2,76,1787609444.1736572,model_6,1,1.7739480772320282,1160.1186094897193,670.6333333333333,489.485276156386,57344,0.03492606058716774,0.07261739487100441,0.09460099801448181,,,3.1843951747315974e-16
cooldown30,steady8s2,77,1787609449.2241118,model_3,1,2.9649719309395337,882.150295544372,568.6,313.55029554437203,114688,0.03177899122238159,0.0710946520483116,0.0736011403555338,,,6.139448930008181e-16
cooldown30,steady8s2,77,1787609449.2241118,model_4,0,0.26376248630034826,285.7938661619121,215.13333333333333,70.66053282857877,36864,0.0371999591588974,0.0710946520483116,0.0736011403555338,,,6.139448930008181e-16
cooldown30,steady8s2,77,1787609449.2241118,model_5,0,3.8834718354319246,1219.9035307534473,685.4666666666667,534.4368640867806,131072,0.0383455865085125,0.0710946520483116,0.0736011403555338,,,6.139448930008181e-16
cooldown30,steady8s2,77,1787609449.2241118,model_6,1,1.3750515621735953,899.2500551507666,543.6333333333333,355.61672181743324,57344,0.03492606058716774,0.0710946520483116,0.0736011403555338,,,6.139448930008181e-16
cooldown30,steady8s2,78,1787609454.2714686,model_3,1,3.6988748793122546,1100.5040330796649,669.0333333333333,431.47069974633155,114688,0.03177899122238159,0.07056991833139073,0.0868288197359978,,,3.469435177375989e-16
cooldown30,steady8s2,78,1787609454.2714686,model_4,0,0.25285101495125795,273.97098859462807,227.1,46.87098859462807,36864,0.0371999591588974,0.07056991833139073,0.0868288197359978,,,3.469435177375989e-16
cooldown30,steady8s2,78,1787609454.2714686,model_5,0,3.8637734983371166,1213.7157503367894,656.3,557.4157503367894,131072,0.0383455865085125,0.07056991833139073,0.0868288197359978,,,3.469435177375989e-16
cooldown30,steady8s2,78,1787609454.2714686,model_6,1,1.4211424969563198,929.3923980166575,687.5666666666667,241.82573134999075,57344,0.03492606058716774,0.07056991833139073,0.0868288197359978,,,3.469435177375989e-16
cooldown30,steady8s2,79,1787609459.3355734,model_3,1,3.5031504918446634,1042.2713312965268,620.7333333333333,421.53799796319345,114688,0.03177899122238159,0.05242746732981764,0.08334150172727706,MIGRATE,model_4,7.201477568305616e-08
cooldown30,steady8s2,79,1787609459.3355734,model_4,0,0.30115519895540177,326.30989278064925,209.43333333333334,116.87655944731591,36864,0.0371999591588974,0.05242746732981764,0.08334150172727706,MIGRATE,model_4,7.201477568305616e-08
cooldown30,steady8s2,79,1787609459.3355734,model_5,0,2.757147861083002,866.0947093415399,594.8333333333334,271.2613760082065,131072,0.0383455865085125,0.05242746732981764,0.08334150172727706,MIGRATE,model_4,7.201477568305616e-08
cooldown30,steady8s2,79,1787609459.3355734,model_6,1,1.4112312656732153,922.9106954222798,752.1333333333333,170.77736208894646,57344,0.03492606058716774,0.05242746732981764,0.08334150172727706,MIGRATE,model_4,7.201477568305616e-08
cooldown30,steady8s2,80,1787609464.6163626,model_3,1,3.2137001010482913,956.1528945174163,728.0333333333333,228.11956118408295,114688,0.03177899122238159,0.05350922377203649,0.09368814411154998,,,2.6764553293747345e-16
cooldown30,steady8s2,80,1787609464.6163626,model_4,1,0.2480712233773701,268.7919537268947,147.63333333333333,121.15862039356136,36864,0.0371999591588974,0.05350922377203649,0.09368814411154998,,,2.6764553293747345e-16
cooldown30,steady8s2,80,1787609464.6163626,model_5,0,3.433682709043473,1078.612601752863,477.1,601.5126017528629,131072,0.0383455865085125,0.05350922377203649,0.09368814411154998,,,2.6764553293747345e-16
cooldown30,steady8s2,80,1787609464.6163626,model_6,1,1.515960285469834,991.4009102031168,780.4,211.00091020311686,57344,0.03492606058716774,0.05350922377203649,0.09368814411154998,,,2.6764553293747345e-16
cooldown30,steady8s2,81,1787609469.6695821,model_3,1,3.218686230021522,957.6363875317884,746.6,211.03638753178836,114688,0.03177899122238159,0.053255550963624526,0.09784271248052705,,,3.417077964547662e-16
cooldown30,steady8s2,81,1787609469.6695821,model_4,1,0.31323929483415003,339.4033410897697,153.6,185.8033410897697,36864,0.0371999591588974,0.053255550963624526,0.09784271248052705,,,3.417077964547662e-16
cooldown30,steady8s2,81,1787609469.6695821,model_5,0,3.4174045447458665,1073.4991901092774,649.5,423.9991901092774,131072,0.0383455865085125,0.053255550963624526,0.09784271248052705,,,3.417077964547662e-16
cooldown30,steady8s2,81,1787609469.6695821,model_6,1,1.6665418728157693,1089.8775815153358,828.9333333333333,260.9442481820025,57344,0.03492606058716774,0.053255550963624526,0.09784271248052705,,,3.417077964547662e-16
cooldown30,steady8s2,82,1787609474.7208333,model_3,1,3.914382007519918,1164.6225749304363,779.0,385.62257493043626,114688,0.03177899122238159,0.04608878451971967,0.11291080201867068,,,1.4805322911154964e-16
cooldown30,steady8s2,82,1787609474.7208333,model_4,1,1.0423329682262703,1129.3962723652637,166.43333333333334,962.9629390319303,36864,0.0371999591588974,0.04608878451971967,0.11291080201867068,,,1.4805322911154964e-16
cooldown30,steady8s2,82,1787609474.7208333,model_5,0,2.9575137019441198,929.0350387856121,659.3333333333334,269.7017054522787,131072,0.0383455865085125,0.04608878451971967,0.11291080201867068,,,1.4805322911154964e-16
cooldown30,steady8s2,82,1787609474.7208333,model_6,1,1.0423329682262705,681.6602409303711,806.1333333333333,-124.47309240296227,57344,0.03492606058716774,0.04608878451971967,0.11291080201867068,,,1.4805322911154964e-16
cooldown30,steady8s2,83,1787609479.7754107,model_3,1,3.2300887554563817,961.0289124583654,700.4,260.62891245836545,114688,0.03177899122238159,0.06664802297903784,0.10183084243921638,,,6.566501244617501e-16
cooldown30,steady8s2,83,1787609479.7754107,model_4,1,0.305771372665651,331.3116432192042,180.4,150.9116432192042,36864,0.0371999591588974,0.06664802297903784,0.10183084243921638,,,6.566501244617501e-16
cooldown30,steady8s2,83,1787609479.7754107,model_5,0,4.276798427688062,1343.458050772032,891.8,451.6580507720321,131072,0.0383455865085125,0.06664802297903784,0.10183084243921638,,,6.566501244617501e-16
cooldown30,steady8s2,83,1787609479.7754107,model_6,1,1.8745000415537574,1225.8771322602404,785.3333333333334,440.543798926907,57344,0.03492606058716774,0.06664802297903784,0.10183084243921638,,,6.566501244617501e-16
cooldown30,steady8s2,84,1787609484.8277214,model_3,1,3.44149852386141,1023.9283914495094,734.3,289.6283914495094,114688,0.03177899122238159,0.04869017025530812,0.10287413464001213,,,9.749861167106543e-16
cooldown30,steady8s2,84,1787609484.8277214,model_4,1,0.23292279517676806,252.37821755670882,159.43333333333334,92.94488422337548,36864,0.0371999591588974,0.04869017025530812,0.10287413464001213,,,9.749861167106543e-16
cooldown30,steady8s2,84,1787609484.8277214,model_5,0,3.1244444213635703,981.4724923427722,795.5666666666667,185.90582567610545,131072,0.0383455865085125,0.04869017025530812,0.10287413464001213,,,9.749861167106543e-16
cooldown30,steady8s2,84,1787609484.8277214,model_6,1,1.7913698618451273,1171.5120300749004,731.9666666666667,439.5453634082337,57344,0.03492606058716774,0.04869017025530812,0.10287413464001213,,,9.749861167106543e-16
cooldown30,steady8s2,85,1787609489.878533,model_3,1,2.5567268952438416,760.6876013665694,649.8333333333334,110.85426803323605,114688,0.03177899122238159,0.033519482673038004,0.07723895739930874,MIGRATE,model_6,1.0821487888564303e-16
cooldown30,steady8s2,85,1787609489.878533,model_4,1,0.7735226443052234,838.1329361145149,142.56666666666666,695.5662694478483,36864,0.0371999591588974,0.033519482673038004,0.07723895739930874,MIGRATE,model_6,1.0821487888564303e-16
cooldown30,steady8s2,85,1787609489.878533,model_5,0,2.1509425844192642,675.6692373151117,675.6666666666666,0.002570648445043844,131072,0.0383455865085125,0.033519482673038004,0.07723895739930874,MIGRATE,model_6,1.0821487888564303e-16
cooldown30,steady8s2,85,1787609489.878533,model_6,1,0.7735226443052237,505.8648705887754,619.0,-113.13512941122463,57344,0.03492606058716774,0.033519482673038004,0.07723895739930874,MIGRATE,model_6,1.0821487888564303e-16
cooldown30,steady8s2,86,1787609494.9513586,model_3,1,1.7808142515179401,529.83497141856,529.8333333333334,0.0016380852266593138,114688,0.03177899122238159,0.060410857015817665,0.027759091880836362,,,1.4257927403928347e-07
cooldown30,steady8s2,86,1787609494.9513586,model_4,1,0.09053890348000693,98.10137759372954,98.1,0.0013775937295434915,36864,0.0371999591588974,0.060410857015817665,0.027759091880836362,,,1.4257927403928347e-07
cooldown30,steady8s2,86,1787609494.9513586,model_5,0,1.9972888840088032,627.4024545013756,627.4,0.0024545013756096523,131072,0.0383455865085125,0.060410857015817665,0.027759091880836362,,,1.4257927403928347e-07
cooldown30,steady8s2,86,1787609494.9513586,model_6,0,1.0164101196946818,664.7073326809906,453.6333333333333,211.07399934765726,57344,0.03492606058716774,0.060410857015817665,0.027759091880836362,,,1.4257927403928347e-07
cooldown30,steady10s1,1,1787610244.7481675,model_3,1,0.07761314026964596,23.09177159909891,16.1,6.991771599098907,114688,0.03177899122238159,0.00024153747633841403,0.0014975385570941198,MIGRATE,model_6,1.6651413918864316e-07
cooldown30,steady10s1,1,1787610244.7481675,model_4,0,0.014089816553700268,15.26670150435563,15.266666666666667,3.483768896295203e-05,36864,0.0371999591588974,0.00024153747633841403,0.0014975385570941198,MIGRATE,model_6,1.6651413918864316e-07
cooldown30,steady10s1,1,1787610244.7481675,model_5,0,2.6817001702594823e-08,8.423945491953882e-06,0.0,8.423945491953882e-06,131072,0.0383455865085125,0.00024153747633841403,0.0014975385570941198,MIGRATE,model_6,1.6651413918864316e-07
cooldown30,steady10s1,1,1787610244.7481675,model_6,1,0.010691896934963899,6.9922388170188325,0.0,6.9922388170188325,57344,0.03492606058716774,0.00024153747633841403,0.0014975385570941198,MIGRATE,model_6,1.6651413918864316e-07
cooldown30,steady10s1,2,1787610249.83832,model_3,1,0.44834384627115,133.3930525164426,65.4,67.99305251644259,114688,0.03177899122238159,0.031342450573658594,0.0061207351026778154,,,1.6082503725934415e-16
cooldown30,steady10s1,2,1787610249.83832,model_4,0,0.3328832028111307,360.688052520937,138.93333333333334,221.75471918760365,36864,0.0371999591588974,0.031342450573658594,0.0061207351026778154,,,1.6082503725934415e-16
cooldown30,steady10s1,2,1787610249.83832,model_5,0,0.5125673063075199,161.01125312880828,75.06666666666666,85.94458646214161,131072,0.0383455865085125,0.031342450573658594,0.0061207351026778154,,,1.6082503725934415e-16
cooldown30,steady10s1,2,1787610249.83832,model_6,0,0.5352089249405211,350.01353295374486,194.86666666666667,155.14686628707818,57344,0.03492606058716774,0.031342450573658594,0.0061207351026778154,,,1.6082503725934415e-16
cooldown30,steady10s1,3,1787610254.8438897,model_3,1,1.7248462147463688,513.1831374959924,138.2,374.98313749599237,114688,0.03177899122238159,0.05231341957324166,0.023547388597220057,,,1.9270966503157407e-16
cooldown30,steady10s1,3,1787610254.8438897,model_4,0,0.503783574640381,545.8632784549719,237.1,308.7632784549719,36864,0.0371999591588974,0.05231341957324166,0.023547388597220057,,,1.9270966503157407e-16
cooldown30,steady10s1,3,1787610254.8438897,model_5,0,1.0617876411473761,333.536213788968,247.63333333333333,85.90288045563466,131072,0.0383455865085125,0.05231341957324166,0.023547388597220057,,,1.9270966503157407e-16
cooldown30,steady10s1,3,1787610254.8438897,model_6,0,0.7388757862725791,483.2066737227563,439.26666666666665,43.940007056089655,57344,0.03492606058716774,0.05231341957324166,0.023547388597220057,,,1.9270966503157407e-16
cooldown30,steady10s1,4,1787610259.8525743,model_3,1,1.377885602940253,409.95402997792087,233.6,176.35402997792087,114688,0.03177899122238159,0.08509204742504586,0.018810724954815745,,,3.5542574897480757e-16
cooldown30,steady10s1,4,1787610259.8525743,model_4,0,0.5998290799894229,649.9312097449457,325.26666666666665,324.66454307827905,36864,0.0371999591588974,0.08509204742504586,0.018810724954815745,,,3.5542574897480757e-16
cooldown30,steady10s1,4,1787610259.8525743,model_5,0,1.5878318517872514,498.7809270471036,303.0,195.7809270471036,131072,0.0383455865085125,0.08509204742504586,0.018810724954815745,,,3.5542574897480757e-16
cooldown30,steady10s1,4,1787610259.8525743,model_6,0,1.5607102354586477,1020.6662818462164,581.1666666666666,439.4996151795498,57344,0.03492606058716774,0.08509204742504586,0.018810724954815745,,,3.5542574897480757e-16
cooldown30,steady10s1,5,1787610264.861267,model_3,1,2.241191203166537,666.8081615256029,396.06666666666666,270.7414948589363,114688,0.03177899122238159,0.10918124347659292,0.030596466937427135,,,1.8467094240004504e-16
cooldown30,steady10s1,5,1787610264.861267,model_4,0,1.1678593923858893,1265.4075853053716,440.76666666666665,824.640918638705,36864,0.0371999591588974,0.10918124347659292,0.030596466937427135,,,1.8467094240004504e-16
cooldown30,steady10s1,5,1787610264.861267,model_5,0,2.473800288218604,777.0875736610376,544.3333333333334,232.75424032770422,131072,0.0383455865085125,0.10918124347659292,0.030596466937427135,,,1.8467094240004504e-16
cooldown30,steady10s1,5,1787610264.861267,model_6,0,1.1678593923858895,763.7514489647685,834.7333333333333,-70.9818843685648,57344,0.03492606058716774,0.10918124347659292,0.030596466937427135,,,1.8467094240004504e-16
cooldown30,steady10s1,6,1787610269.8714705,model_3,1,2.668140639815,793.8358638089759,442.2,351.6358638089759,114688,0.03177899122238159,0.14864348252835752,0.036425128188600685,,,4.0693213282428287e-16
cooldown30,steady10s1,6,1787610269.8714705,model_4,0,1.5713753877114836,1702.62819988115,528.3666666666667,1174.2615332144833,36864,0.0371999591588974,0.14864348252835752,0.036425128188600685,,,4.0693213282428287e-16
cooldown30,steady10s1,6,1787610269.8714705,model_5,0,3.405110757671905,1069.6373791078363,719.7333333333333,349.90404577450295,131072,0.0383455865085125,0.14864348252835752,0.036425128188600685,,,4.0693213282428287e-16
cooldown30,steady10s1,6,1787610269.8714705,model_6,0,1.571375387711483,1027.641030295935,1004.4,23.241030295935047,57344,0.03492606058716774,0.14864348252835752,0.036425128188600685,,,4.0693213282428287e-16
cooldown30,steady10s1,7,1787610274.8818693,model_3,1,4.062431006201842,1208.670704553344,612.9,595.770704553344,114688,0.03177899122238159,0.16615254033719262,0.05545980895838693,MIGRATE,model_6,2.4269990797989455e-16
cooldown30,steady10s1,7,1787610274.8818693,model_4,0,1.775826835579968,1924.1569341159307,617.4666666666667,1306.690267449264,36864,0.0371999591588974,0.16615254033719262,0.05545980895838693,MIGRATE,model_6,2.4269990797989455e-16
cooldown30,steady10s1,7,1787610274.8818693,model_5,0,3.7674955373655363,1183.4722389891888,874.8666666666667,308.6055723225221,131072,0.0383455865085125,0.16615254033719262,0.05545980895838693,MIGRATE,model_6,2.4269990797989455e-16
cooldown30,steady10s1,7,1787610274.8818693,model_6,0,1.775826835579968,1161.3472714500965,1199.3,-37.95272854990344,57344,0.03492606058716774,0.16615254033719262,0.05545980895838693,MIGRATE,model_6,2.4269990797989455e-16
cooldown30,steady10s1,8,1787610283.476051,model_3,1,3.9567264027517073,1177.2210485883418,724.7333333333333,452.4877152550084,114688,0.03177899122238159,0.08732067941844146,0.11113979772983362,,,2.710522852798432e-16
cooldown30,steady10s1,8,1787610283.476051,model_4,0,0.9481592794572302,1027.3565055222066,556.7666666666667,470.58983885553994,36864,0.0371999591588974,0.08732067941844146,0.11113979772983362,,,2.710522852798432e-16
cooldown30,steady10s1,8,1787610283.476051,model_5,0,4.14560386935252,1302.2462918842875,728.3666666666667,573.8796252176209,131072,0.0383455865085125,0.08732067941844146,0.11113979772983362,,,2.710522852798432e-16
cooldown30,steady10s1,8,1787610283.476051,model_6,1,2.596831474711977,1698.2642041151191,1023.0,675.2642041151191,57344,0.03492606058716774,0.08732067941844146,0.11113979772983362,,,2.710522852798432e-16
cooldown30,steady10s1,9,1787610288.4870985,model_3,1,3.6706921787803477,1092.1190034124254,770.4666666666667,321.6523367457587,114688,0.03177899122238159,0.08250189749802704,0.08919767300694861,,,1.6886480972359097e-16
cooldown30,steady10s1,9,1787610288.4870985,model_4,0,0.972148217097091,1053.3491754025094,676.6666666666666,376.6825087358428,36864,0.0371999591588974,0.08250189749802704,0.08919767300694861,,,1.6886480972359097e-16
cooldown30,steady10s1,9,1787610288.4870985,model_5,0,3.840516182460671,1206.409998433385,705.0333333333333,501.3766651000517,131072,0.0383455865085125,0.08250189749802704,0.08919767300694861,,,1.6886480972359097e-16
cooldown30,steady10s1,9,1787610288.4870985,model_6,1,1.5890088871430623,1039.1729071888153,1048.4666666666667,-9.293759477851381,57344,0.03492606058716774,0.08250189749802704,0.08919767300694861,,,1.6886480972359097e-16
cooldown30,steady10s1,10,1787610293.5004222,model_3,1,3.706037441044418,1102.6350670644895,766.7,335.93506706448943,114688,0.03177899122238159,0.07876999211064338,0.11033893356426708,,,2.730196421797457e-16
cooldown30,steady10s1,10,1787610293.5004222,model_4,0,1.0057015139775527,1089.7050900454512,618.3,471.4050900454513,36864,0.0371999591588974,0.07876999211064338,0.11033893356426708,,,2.730196421797457e-16
cooldown30,steady10s1,10,1787610293.5004222,model_5,0,3.5892659750235927,1127.4855132965079,712.9666666666667,414.51884662984116,131072,0.0383455865085125,0.07876999211064338,0.11033893356426708,,,2.730196421797457e-16
cooldown30,steady10s1,10,1787610293.5004222,model_6,1,2.800296041843839,1831.3250494301362,1066.7333333333333,764.5917160968029,57344,0.03492606058716774,0.07876999211064338,0.11033893356426708,,,2.730196421797457e-16
cooldown30,steady10s1,11,1787610298.5137138,model_3,1,3.7261322582670533,1108.6137573741278,758.9666666666667,349.6470907074611,114688,0.03177899122238159,0.0690655157393568,0.12065433269331217,,,3.2996709433701014e-07
cooldown30,steady10s1,11,1787610298.5137138,model_4,0,2.0144333579954785,2182.6936255502337,735.5333333333333,1447.1602922169004,36864,0.0371999591588974,0.0690655157393568,0.12065433269331217,,,3.2996709433701014e-07
cooldown30,steady10s1,11,1787610298.5137138,model_5,0,2.014433357995479,632.7879974473643,571.7333333333333,61.05466411403097,131072,0.0383455865085125,0.0690655157393568,0.12065433269331217,,,3.2996709433701014e-07
cooldown30,steady10s1,11,1787610298.5137138,model_6,1,3.3884649221644234,2215.973096540589,1125.0,1090.9730965405888,57344,0.03492606058716774,0.0690655157393568,0.12065433269331217,,,3.2996709433701014e-07
cooldown30,steady10s1,12,1787610303.5460107,model_3,1,4.3880538031076375,1305.551300126271,778.0,527.5513001262709,114688,0.03177899122238159,0.06655308971802068,0.12109704473389285,,,7.079819035454696e-08
cooldown30,steady10s1,12,1787610303.5460107,model_4,0,0.9101012731089062,986.1196149951863,699.4,286.71961499518636,36864,0.0371999591588974,0.06655308971802068,0.12109704473389285,,,7.079819035454696e-08
cooldown30,steady10s1,12,1787610303.5460107,model_5,0,2.972205622610085,933.6501684050515,553.8666666666667,379.78350173838487,131072,0.0383455865085125,0.06655308971802068,0.12109704473389285,,,7.079819035454696e-08
cooldown30,steady10s1,12,1787610303.5460107,model_6,1,2.7526515414275847,1800.1667126771335,1176.0333333333333,624.1333793438002,57344,0.03492606058716774,0.06655308971802068,0.12109704473389285,,,7.079819035454696e-08
cooldown30,steady10s1,13,1787610308.5958288,model_3,1,3.841128191963285,1142.8278070377908,722.9,419.9278070377908,114688,0.03177899122238159,0.07010890064589834,0.11718284393945337,MIGRATE,model_4,1.0969449326683242e-07
cooldown30,steady10s1,13,1787610308.5958288,model_4,0,0.9305043637198072,1008.2269215691065,761.0333333333333,247.19358823577318,36864,0.0371999591588974,0.07010890064589834,0.11718284393945337,MIGRATE,model_4,1.0969449326683242e-07
cooldown30,steady10s1,13,1787610308.5958288,model_5,0,3.159227151106455,992.3986884427288,641.1666666666666,351.2320217760622,131072,0.0383455865085125,0.07010890064589834,0.11718284393945337,MIGRATE,model_4,1.0969449326683242e-07
cooldown30,steady10s1,13,1787610308.5958288,model_6,1,3.068769521826928,2006.9001320835328,1189.8,817.1001320835328,57344,0.03492606058716774,0.07010890064589834,0.11718284393945337,MIGRATE,model_4,1.0969449326683242e-07
cooldown30,steady10s1,14,1787610313.6133945,model_3,1,3.283939597281701,977.0508300811962,679.3666666666667,297.6841634145295,114688,0.03177899122238159,0.060281480556777504,0.11986112482677015,,,1.3946814586129672e-16
cooldown30,steady10s1,14,1787610313.6133945,model_4,1,0.6504413753457112,704.7710156934352,704.4666666666667,0.3043490267684774,36864,0.0371999591588974,0.060281480556777504,0.11986112482677015,,,1.3946814586129672e-16
cooldown30,steady10s1,14,1787610313.6133945,model_5,0,3.8682578978377435,1215.1244214990757,739.0,476.12442149907565,131072,0.0383455865085125,0.060281480556777504,0.11986112482677015,,,1.3946814586129672e-16
cooldown30,steady10s1,14,1787610313.6133945,model_6,1,2.4339435950730346,1591.7395189482816,1186.0333333333333,405.70618561494825,57344,0.03492606058716774,0.060281480556777504,0.11986112482677015,,,1.3946814586129672e-16
cooldown30,steady10s1,15,1787610318.8719134,model_3,1,3.36500077800413,1001.168476452576,649.8,351.36847645257603,114688,0.03177899122238159,0.04841211612350743,0.1265501776473834,,,5.283851560293631e-16
cooldown30,steady10s1,15,1787610318.8719134,model_4,1,1.03269692890207,1118.9553602720425,665.4333333333333,453.52202693870925,36864,0.0371999591588974,0.04841211612350743,0.1265501776473834,,,5.283851560293631e-16
cooldown30,steady10s1,15,1787610318.8719134,model_5,0,3.106601709448899,975.8676139799803,702.7,273.1676139799803,131072,0.0383455865085125,0.04841211612350743,0.1265501776473834,,,5.283851560293631e-16
cooldown30,steady10s1,15,1787610318.8719134,model_6,1,2.326021985558199,1521.161428658513,1121.5,399.66142865851293,57344,0.03492606058716774,0.04841211612350743,0.1265501776473834,,,5.283851560293631e-16
cooldown30,steady10s1,16,1787610323.8877873,model_3,1,2.902694127581896,863.6211546562201,562.4666666666667,301.15448798955345,114688,0.03177899122238159,0.04673528953731097,0.1204889830668601,,,2.08112083133312e-16
cooldown30,steady10s1,16,1787610323.8877873,model_4,1,1.010936128496911,1095.3769380111667,658.8333333333334,436.5436046778333,36864,0.0371999591588974,0.04673528953731097,0.1204889830668601,,,2.08112083133312e-16
cooldown30,steady10s1,16,1787610323.8877873,model_5,0,2.998999878414749,942.0669687953098,634.4,307.6669687953098,131072,0.0383455865085125,0.04673528953731097,0.1204889830668601,,,2.08112083133312e-16
cooldown30,steady10s1,16,1787610323.8877873,model_6,1,2.4880529594832934,1627.1257184688166,980.8333333333334,646.2923851354832,57344,0.03492606058716774,0.04673528953731097,0.1204889830668601,,,2.08112083133312e-16
cooldown30,steady10s1,17,1787610328.9064171,model_3,1,3.633086698672666,1080.9304707167491,672.3666666666667,408.56380405008247,114688,0.03177899122238159,0.0429952429146072,0.1258566338938933,,,6.641210845720144e-17
cooldown30,steady10s1,17,1787610328.9064171,model_4,1,1.5268922090773187,1654.4294594941168,517.7,1136.7294594941168,36864,0.0371999591588974,0.0429952429146072,0.1258566338938933,,,6.641210845720144e-17
cooldown30,steady10s1,17,1787610328.9064171,model_5,0,2.7590013788269907,866.6769493927169,546.0333333333333,320.6436160593836,131072,0.0383455865085125,0.0429952429146072,0.1258566338938933,,,6.641210845720144e-17
cooldown30,steady10s1,17,1787610328.9064171,model_6,1,1.5268922090773192,998.5501205871955,938.5666666666667,59.983453920528746,57344,0.03492606058716774,0.0429952429146072,0.1258566338938933,,,6.641210845720144e-17
cooldown30,steady10s1,18,1787610333.960035,model_3,1,3.3806396548935598,1005.8214175904102,675.1666666666666,330.65475092374356,114688,0.03177899122238159,0.03784466993231184,0.12127055602254551,,,1.3784721855593075e-16
cooldown30,steady10s1,18,1787610333.960035,model_4,1,1.531284601734182,1659.1887370423146,569.7,1089.4887370423146,36864,0.0371999591588974,0.03784466993231184,0.12127055602254551,,,1.3784721855593075e-16
cooldown30,steady10s1,18,1787610333.960035,model_5,0,2.428489512941612,762.8542337312192,485.1666666666667,277.6875670645525,131072,0.0383455865085125,0.03784466993231184,0.12127055602254551,,,1.3784721855593075e-16
cooldown30,steady10s1,18,1787610333.960035,model_6,1,1.5312846017341826,1001.4226378422463,778.7,222.7226378422463,57344,0.03492606058716774,0.03784466993231184,0.12127055602254551,,,1.3784721855593075e-16
cooldown30,steady10s1,19,1787610338.98414,model_3,1,3.2178711549459025,957.3938831386284,597.7666666666667,359.6272164719618,114688,0.03177899122238159,0.04666650752497619,0.12094042260709933,MIGRATE,model_4,2.764470055598727e-16
cooldown30,steady10s1,19,1787610338.98414,model_4,1,0.8444646523741062,915.0005416776823,739.4666666666667,175.53387501101565,36864,0.0371999591588974,0.04666650752497619,0.12094042260709933,MIGRATE,model_4,2.764470055598727e-16
cooldown30,steady10s1,19,1787610338.98414,model_5,0,2.9945861420568214,940.6804948372073,436.93333333333334,503.747161503874,131072,0.0383455865085125,0.04666650752497619,0.12094042260709933,MIGRATE,model_4,2.764470055598727e-16
cooldown30,steady10s1,19,1787610338.98414,model_6,1,2.3633327789708583,1545.5617740397554,868.8,676.7617740397554,57344,0.03492606058716774,0.04666650752497619,0.12094042260709933,MIGRATE,model_4,2.764470055598727e-16
cooldown30,steady10s1,20,1787610344.0028448,model_3,1,3.0580070133428396,909.830464985998,655.0333333333333,254.7971316526647,114688,0.03177899122238159,0.053704202192621835,0.09263821083028581,,,1.0791359179499815e-07
cooldown30,steady10s1,20,1787610344.0028448,model_4,0,0.6358271742846262,688.9361292366893,691.2666666666667,-2.330537429977312,36864,0.0371999591588974,0.053704202192621835,0.09263821083028581,,,1.0791359179499815e-07
cooldown30,steady10s1,20,1787610344.0028448,model_5,0,2.496952917291616,784.3604406082626,563.8,220.56044060826264,131072,0.0383455865085125,0.053704202192621835,0.09263821083028581,,,1.0791359179499815e-07
cooldown30,steady10s1,20,1787610344.0028448,model_6,1,2.404572137036519,1572.5313045178027,864.8,707.7313045178028,57344,0.03492606058716774,0.053704202192621835,0.09263821083028581,,,1.0791359179499815e-07
cooldown30,steady10s1,21,1787610349.0256176,model_3,1,3.7764029074250325,1123.5704817697838,599.1333333333333,524.4371484364505,114688,0.03177899122238159,0.06287164137791204,0.09955112743474445,,,7.357912818652568e-08
cooldown30,steady10s1,21,1787610349.0256176,model_4,0,0.9294297026406575,1007.0624969045839,587.7666666666667,419.29583023791724,36864,0.0371999591588974,0.06287164137791204,0.09955112743474445,,,7.357912818652568e-08
cooldown30,steady10s1,21,1787610349.0256176,model_5,0,2.7381236431290654,860.1186879783647,591.5333333333333,268.58535464503143,131072,0.0383455865085125,0.06287164137791204,0.09955112743474445,,,7.357912818652568e-08
cooldown30,steady10s1,21,1787610349.0256176,model_6,1,2.0938086346217903,1369.2995826152826,821.1,548.1995826152826,57344,0.03492606058716774,0.06287164137791204,0.09955112743474445,,,7.357912818652568e-08
cooldown30,steady10s1,22,1787610354.0570064,model_3,1,3.8337137831798356,1140.6218425120037,706.7,433.92184251200365,114688,0.03177899122238159,0.0734931217936193,0.1085732079056917,,,1.0806235618719625e-07
cooldown30,steady10s1,22,1787610354.0570064,model_4,0,0.9998316903081466,1083.3449755966585,574.9,508.44497559665854,36864,0.0371999591588974,0.0734931217936193,0.1085732079056917,,,1.0806235618719625e-07
cooldown30,steady10s1,22,1787610354.0570064,model_5,0,3.287314928070813,1032.6345232798835,573.1333333333333,459.5011899465502,131072,0.0383455865085125,0.0734931217936193,0.1085732079056917,,,1.0806235618719625e-07
cooldown30,steady10s1,22,1787610354.0570064,model_6,1,2.568501205300588,1679.7369015532015,927.6,752.1369015532015,57344,0.03492606058716774,0.0734931217936193,0.1085732079056917,,,1.0806235618719625e-07
cooldown30,steady10s1,23,1787610359.115212,model_3,1,2.9818827731403563,887.1816768838347,580.5,306.6816768838347,114688,0.03177899122238159,0.06224334456212681,0.09579119427609627,,,3.14482937475269e-16
cooldown30,steady10s1,23,1787610359.115212,model_4,0,0.7978141519268218,864.4534488434282,569.0666666666667,295.38678217676147,36864,0.0371999591588974,0.06224334456212681,0.09579119427609627,,,3.14482937475269e-16
cooldown30,steady10s1,23,1787610359.115212,model_5,0,2.8330881372080263,889.949603852705,719.6666666666666,170.28293718603834,131072,0.0383455865085125,0.06224334456212681,0.09579119427609627,,,3.14482937475269e-16
cooldown30,steady10s1,23,1787610359.115212,model_6,1,2.6666171221518753,1743.9023089217937,1060.5333333333333,683.3689755884604,57344,0.03492606058716774,0.06224334456212681,0.09579119427609627,,,3.14482937475269e-16
cooldown30,steady10s1,24,1787610364.14425,model_3,1,2.5606349206024186,761.8503326859081,491.46666666666664,270.3836660192415,114688,0.03177899122238159,0.07336637640770227,0.09069821357636065,,,3.321421114303243e-16
cooldown30,steady10s1,24,1787610364.14425,model_4,0,0.7202095039455312,780.3666907536066,556.6,223.76669075360655,36864,0.0371999591588974,0.07336637640770227,0.09069821357636065,,,3.321421114303243e-16
cooldown30,steady10s1,24,1787610364.14425,model_5,0,3.5595435510717435,1118.148896099855,791.5,326.64889609985494,131072,0.0383455865085125,0.07336637640770227,0.09069821357636065,,,3.321421114303243e-16
cooldown30,steady10s1,24,1787610364.14425,model_6,1,2.7875482162802054,1822.9882836269478,1173.9666666666667,649.0216169602811,57344,0.03492606058716774,0.07336637640770227,0.09069821357636065,,,3.321421114303243e-16
cooldown30,steady10s1,25,1787610369.1653228,model_3,1,2.92818135392407,871.2042160726668,614.5333333333333,256.6708827393335,114688,0.03177899122238159,0.06814473753851864,0.10395438370668207,,,4.3468146920880473e-16
cooldown30,steady10s1,25,1787610369.1653228,model_4,0,0.6854021278418703,742.6519469810996,439.96666666666664,302.685280314433,36864,0.0371999591588974,0.06814473753851864,0.10395438370668207,,,4.3468146920880473e-16
cooldown30,steady10s1,25,1787610369.1653228,model_5,0,3.2897519269685533,1033.4000505415136,684.7666666666667,348.6333838748469,131072,0.0383455865085125,0.06814473753851864,0.10395438370668207,,,4.3468146920880473e-16
cooldown30,steady10s1,25,1787610369.1653228,model_6,1,3.201675674373659,2093.8175017991825,1129.9666666666667,963.8508351325158,57344,0.03492606058716774,0.06814473753851864,0.10395438370668207,,,4.3468146920880473e-16
cooldown30,steady10s1,26,1787610374.19243,model_3,1,3.5900759994423335,1068.1337556309559,706.1333333333333,362.00042229762255,114688,0.03177899122238159,0.057626822499548175,0.11484223196973432,MIGRATE,model_4,3.0383273609762056e-07
cooldown30,steady10s1,26,1787610374.19243,model_4,0,0.6649193966519027,720.4583476620887,491.3666666666667,229.09168099542205,36864,0.0371999591588974,0.057626822499548175,0.11484223196973432,MIGRATE,model_4,3.0383273609762056e-07
cooldown30,steady10s1,26,1787610374.19243,model_5,0,2.6966827666176405,847.1009879109758,533.9666666666667,313.13432124430915,131072,0.0383455865085125,0.057626822499548175,0.11484223196973432,MIGRATE,model_4,3.0383273609762056e-07
cooldown30,steady10s1,26,1787610374.19243,model_6,1,3.181800508270229,2080.8196297874683,1228.8,852.0196297874684,57344,0.03492606058716774,0.057626822499548175,0.11484223196973432,MIGRATE,model_4,3.0383273609762056e-07
cooldown30,steady10s1,27,1787610379.2153904,model_3,1,4.383265958876682,1304.1268015806743,777.6666666666666,526.4601349140077,114688,0.03177899122238159,0.03862930778237546,0.14424941564192484,,,1.1588822572381e-16
cooldown30,steady10s1,27,1787610379.2153904,model_4,1,0.6520609317708628,706.525849364833,567.9,138.62584936483302,36864,0.0371999591588974,0.03862930778237546,0.14424941564192484,,,1.1588822572381e-16
cooldown30,steady10s1,27,1787610379.2153904,model_5,0,2.478839662480363,778.670577404909,573.9,204.77057740490898,131072,0.0383455865085125,0.03862930778237546,0.14424941564192484,,,1.1588822572381e-16
cooldown30,steady10s1,27,1787610379.2153904,model_6,1,2.6287685267494894,1719.1502542067155,1331.2666666666667,387.8835875400489,57344,0.03492606058716774,0.03862930778237546,0.14424941564192484,,,1.1588822572381e-16
cooldown30,steady10s1,28,1787610384.242591,model_3,1,4.810379834488077,1431.2034284013207,920.5,510.7034284013207,114688,0.03177899122238159,0.05214321368363469,0.15733784512810003,,,5.3123928406508683e-17
cooldown30,steady10s1,28,1787610384.242591,model_4,1,1.7745575446892667,1922.781622728683,569.0,1353.781622728683,36864,0.0371999591588974,0.05214321368363469,0.15733784512810003,,,5.3123928406508683e-17
cooldown30,steady10s1,28,1787610384.242591,model_5,0,3.3460259483902686,1051.0772425828484,690.4666666666667,360.6105759161817,131072,0.0383455865085125,0.05214321368363469,0.15733784512810003,,,5.3123928406508683e-17
cooldown30,steady10s1,28,1787610384.242591,model_6,1,1.7745575446892674,1160.5171862846641,1230.6,-70.08281371533576,57344,0.03492606058716774,0.05214321368363469,0.15733784512810003,,,5.3123928406508683e-17
cooldown30,steady10s1,29,1787610389.2947285,model_3,1,4.850271828900366,1443.0722539687533,923.0666666666667,520.0055873020866,114688,0.03177899122238159,0.03870837175173512,0.1512707577940748,,,2.2101837902069216e-16
cooldown30,steady10s1,29,1787610389.2947285,model_4,1,1.5934367655031525,1726.5323059592224,605.6,1120.9323059592225,36864,0.0371999591588974,0.03870837175173512,0.1512707577940748,,,2.2101837902069216e-16
cooldown30,steady10s1,29,1787610389.2947285,model_5,0,2.4839131912172987,780.2643099931302,551.3333333333334,228.93097665979678,131072,0.0383455865085125,0.03870837175173512,0.1512707577940748,,,2.2101837902069216e-16
cooldown30,steady10s1,29,1787610389.2947285,model_6,1,1.5934367655031532,1042.0686312249513,1140.8,-98.73136877504862,57344,0.03492606058716774,0.03870837175173512,0.1512707577940748,,,2.2101837902069216e-16
cooldown30,steady10s1,30,1787610394.3385968,model_3,1,4.9369174585821165,1468.8514079073755,976.3666666666667,492.4847412407088,114688,0.03177899122238159,0.045105510716760416,0.15955761942751598,,,2.0953946167432268e-16
cooldown30,steady10s1,30,1787610394.3385968,model_4,1,1.7702579907155003,1918.1229384321782,742.2333333333333,1175.8896050988449,36864,0.0371999591588974,0.045105510716760416,0.15955761942751598,,,2.0953946167432268e-16
cooldown30,steady10s1,30,1787610394.3385968,model_5,0,2.894417098826491,909.2146893190674,598.9333333333333,310.2813559857341,131072,0.0383455865085125,0.045105510716760416,0.15955761942751598,,,2.0953946167432268e-16
cooldown30,steady10s1,30,1787610394.3385968,model_6,1,1.7702579907155007,1157.7053832553133,1186.0,-28.294616744686664,57344,0.03492606058716774,0.045105510716760416,0.15955761942751598,,,2.0953946167432268e-16
cooldown30,steady10s1,31,1787610399.3923366,model_3,1,4.1946748712104505,1248.016427655791,978.5333333333333,269.48309432245765,114688,0.03177899122238159,0.050748364926010356,0.15223771229244548,,,2.1961455658669427e-16
cooldown30,steady10s1,31,1787610399.3923366,model_4,1,1.9469228060855897,2109.544096564215,698.1333333333333,1411.410763230882,36864,0.0371999591588974,0.050748364926010356,0.15223771229244548,,,2.1961455658669427e-16
cooldown30,steady10s1,31,1787610399.3923366,model_5,0,3.2565186125860737,1022.9605677096991,764.5,258.46056770969915,131072,0.0383455865085125,0.050748364926010356,0.15223771229244548,,,2.1961455658669427e-16
cooldown30,steady10s1,31,1787610399.3923366,model_6,1,1.94692280608559,1273.2398470783482,1171.4666666666667,101.77318041168155,57344,0.03492606058716774,0.050748364926010356,0.15223771229244548,,,2.1961455658669427e-16
cooldown30,steady10s1,32,1787610404.4313362,model_3,1,4.412724251525677,1312.8913505112635,878.0333333333333,434.85801717793015,114688,0.03177899122238159,0.05568175850893003,0.15503534552856338,MIGRATE,model_6,5.391289574466489e-17
cooldown30,steady10s1,32,1787610404.4313362,model_4,1,1.9122184449534796,2071.9409723301997,772.4333333333333,1299.5076389968663,36864,0.0371999591588974,0.05568175850893003,0.15503534552856338,MIGRATE,model_6,5.391289574466489e-17
cooldown30,steady10s1,32,1787610404.4313362,model_5,0,3.573094093380656,1122.405487909134,821.7333333333333,300.67215457580073,131072,0.0383455865085125,0.05568175850893003,0.15503534552856338,MIGRATE,model_6,5.391289574466489e-17
cooldown30,steady10s1,32,1787610404.4313362,model_6,1,1.9122184449534803,1250.5440445931742,1191.0666666666666,59.47737792650764,57344,0.03492606058716774,0.05568175850893003,0.15503534552856338,MIGRATE,model_6,5.391289574466489e-17
cooldown30,steady10s1,33,1787610413.4164019,model_3,1,4.1116947938354285,1223.3278634853118,633.4333333333333,589.8945301519785,114688,0.03177899122238159,0.137748598574566,0.07724747421718961,,,1.2763682152779447e-07
cooldown30,steady10s1,33,1787610413.4164019,model_4,1,1.0958712610093349,1187.4064765334074,852.2666666666667,335.13980986674073,36864,0.0371999591588974,0.137748598574566,0.07724747421718961,,,1.2763682152779447e-07
cooldown30,steady10s1,33,1787610413.4164019,model_5,0,3.894957820531691,1223.5115893080495,741.1333333333333,482.3782559747161,131072,0.0383455865085125,0.137748598574566,0.07724747421718961,,,1.2763682152779447e-07
cooldown30,steady10s1,33,1787610413.4164019,model_6,0,2.976866870002976,1946.798047918374,1299.5666666666666,647.2313812517075,57344,0.03492606058716774,0.137748598574566,0.07724747421718961,,,1.2763682152779447e-07
cooldown30,steady10s1,34,1787610418.452191,model_3,1,3.301075387313625,982.1491387981553,674.5,307.64913879815526,114688,0.03177899122238159,0.11080845250883811,0.06210930641189403,,,1.3860318335693462e-07
cooldown30,steady10s1,34,1787610418.452191,model_4,1,0.8859652769694564,959.967603209448,781.1666666666666,178.80093654278141,36864,0.0371999591588974,0.11080845250883811,0.06210930641189403,,,1.3860318335693462e-07
cooldown30,steady10s1,34,1787610418.452191,model_5,0,3.517633473855915,1104.983807401831,770.3333333333334,334.6504740684976,131072,0.0383455865085125,0.11080845250883811,0.06210930641189403,,,1.3860318335693462e-07
cooldown30,steady10s1,34,1787610418.452191,model_6,0,2.010235865394838,1314.6450377212404,1264.6333333333334,50.011704387907,57344,0.03492606058716774,0.11080845250883811,0.06210930641189403,,,1.3860318335693462e-07
cooldown30,steady10s1,35,1787610423.4966788,model_3,1,3.1688779583485793,942.817231532926,595.2,347.617231532926,114688,0.03177899122238159,0.13526369185353265,0.05843918286795391,,,1.5357059912565183e-07
cooldown30,steady10s1,35,1787610423.4966788,model_4,1,0.7707447679605979,835.1230311375567,624.2333333333333,210.88969780422337,36864,0.0371999591588974,0.13526369185353265,0.05843918286795391,,,1.5357059912565183e-07
cooldown30,steady10s1,35,1787610423.4966788,model_5,0,2.9614767496481376,930.2799392487921,692.5333333333333,237.74660591545876,131072,0.0383455865085125,0.13526369185353265,0.05843918286795391,,,1.5357059912565183e-07
cooldown30,steady10s1,35,1787610423.4966788,model_6,0,3.7863839666625463,2476.202409065309,1318.5333333333333,1157.6690757319757,57344,0.03492606058716774,0.13526369185353265,0.05843918286795391,,,1.5357059912565183e-07
cooldown30,steady10s1,36,1787610428.5512125,model_3,1,3.088540173574619,918.9148128144892,704.1666666666666,214.74814614782258,114688,0.03177899122238159,0.13200457431192164,0.05727688943821316,,,1.5439763200311482e-07
cooldown30,steady10s1,36,1787610428.5512125,model_4,1,0.7727276308186735,837.2715172631879,683.4333333333333,153.8381839298546,36864,0.0371999591588974,0.13200457431192164,0.05727688943821316,,,1.5439763200311482e-07
cooldown30,steady10s1,36,1787610428.5512125,model_5,0,2.8545517266595555,896.6918977752899,682.9333333333333,213.75856444195665,131072,0.0383455865085125,0.13200457431192164,0.05727688943821316,,,1.5439763200311482e-07
cooldown30,steady10s1,36,1787610428.5512125,model_6,0,3.7307223290018805,2439.8010608445816,1242.3,1197.5010608445816,57344,0.03492606058716774,0.13200457431192164,0.05727688943821316,,,1.5439763200311482e-07
cooldown30,steady10s1,37,1787610433.604377,model_3,1,4.567600785921716,1358.9708358394978,684.3666666666667,674.6041691728311,114688,0.03177899122238159,0.11990074072453187,0.0761985912416149,,,4.454661062020562e-16
cooldown30,steady10s1,37,1787610433.604377,model_4,1,0.5692558064524658,616.8042318797044,495.8333333333333,120.97089854637107,36864,0.0371999591588974,0.11990074072453187,0.0761985912416149,,,4.454661062020562e-16
cooldown30,steady10s1,37,1787610433.604377,model_5,0,2.179222631740165,684.5527650033727,507.73333333333335,176.8194316700393,131072,0.0383455865085125,0.11990074072453187,0.0761985912416149,,,4.454661062020562e-16
cooldown30,steady10s1,37,1787610433.604377,model_6,0,3.8022318987012254,2486.566568600738,1187.1666666666667,1299.399901934071,57344,0.03492606058716774,0.11990074072453187,0.0761985912416149,,,4.454661062020562e-16
cooldown30,steady10s1,38,1787610438.6513116,model_3,1,4.409898387805706,1312.0505882464586,662.3666666666667,649.6839215797919,114688,0.03177899122238159,0.12213478596945926,0.07377910448733493,,,2.915452010789431e-16
cooldown30,steady10s1,38,1787610438.6513116,model_4,1,0.5638507732975234,610.947730662449,452.3666666666667,158.5810639957823,36864,0.0371999591588974,0.12213478596945926,0.07377910448733493,,,2.915452010789431e-16
cooldown30,steady10s1,38,1787610438.6513116,model_5,0,2.606479840555847,818.7658093259005,580.3333333333334,238.4324759925671,131072,0.0383455865085125,0.12213478596945926,0.07377910448733493,,,2.915452010789431e-16
cooldown30,steady10s1,38,1787610438.6513116,model_6,0,3.486423876694012,2280.035854393827,1159.6666666666667,1120.3691877271601,57344,0.03492606058716774,0.12213478596945926,0.07377910448733493,,,2.915452010789431e-16
cooldown30,steady10s1,39,1787610443.692027,model_3,1,3.4410750509992,1023.8023981115438,696.1666666666666,327.63573144487714,114688,0.03177899122238159,0.1066177020707029,0.06373740174585348,,,3.339765352529036e-16
cooldown30,steady10s1,39,1787610443.692027,model_4,1,0.8557221338833776,927.198330714738,420.26666666666665,506.9316640480713,36864,0.0371999591588974,0.1066177020707029,0.06373740174585348,,,3.339765352529036e-16
cooldown30,steady10s1,39,1787610443.692027,model_5,0,2.5286747435572208,794.3251241448576,596.3666666666667,197.9584574781909,131072,0.0383455865085125,0.1066177020707029,0.06373740174585348,,,3.339765352529036e-16
cooldown30,steady10s1,39,1787610443.692027,model_6,0,2.790132573415226,1824.6783899183242,1278.1333333333334,546.5450565849908,57344,0.03492606058716774,0.1066177020707029,0.06373740174585348,,,3.339765352529036e-16
cooldown30,steady10s1,40,1787610448.8032918,model_3,1,3.702196631570904,1101.4923340838382,665.4,436.0923340838382,114688,0.03177899122238159,0.12887130141553696,0.06844433773249443,,,2.763052001731918e-16
cooldown30,steady10s1,40,1787610448.8032918,model_4,1,0.9119142300985851,988.0840034665463,594.4,393.6840034665463,36864,0.0371999591588974,0.12887130141553696,0.06844433773249443,,,2.763052001731918e-16
cooldown30,steady10s1,40,1787610448.8032918,model_5,0,3.147367636345657,988.6732941196075,665.0333333333333,323.6399607862742,131072,0.0383455865085125,0.12887130141553696,0.06844433773249443,,,2.763052001731918e-16
cooldown30,steady10s1,40,1787610448.8032918,model_6,0,3.28159873231771,2146.08522487307,1379.0,767.0852248730698,57344,0.03492606058716774,0.12887130141553696,0.06844433773249443,,,2.763052001731918e-16
cooldown30,steady10s1,41,1787610453.8448033,model_3,1,3.48183445808299,1035.9292997627797,651.9,384.0292997627797,114688,0.03177899122238159,0.11670803872927135,0.0652292780907705,,,3.0510161186753745e-16
cooldown30,steady10s1,41,1787610453.8448033,model_4,1,0.9155361719580948,992.0084765087977,629.4333333333333,362.5751431754644,36864,0.0371999591588974,0.11670803872927135,0.0652292780907705,,,3.0510161186753745e-16
cooldown30,steady10s1,41,1787610453.8448033,model_5,0,2.7682792234857456,869.5913713163507,649.6666666666666,219.92470464968403,131072,0.0383455865085125,0.11670803872927135,0.0652292780907705,,,3.0510161186753745e-16
cooldown30,steady10s1,41,1787610453.8448033,model_6,0,3.05390188046552,1997.1770586497819,1295.9666666666667,701.2103919831152,57344,0.03492606058716774,0.11670803872927135,0.0652292780907705,,,3.0510161186753745e-16
cooldown30,steady10s1,42,1787610458.8898191,model_3,1,3.0992755696958167,922.1088507621265,527.5333333333333,394.5755174287932,114688,0.03177899122238159,0.1273234827870486,0.05840061658854739,MIGRATE,model_5,1.4512343772977113e-07
cooldown30,steady10s1,42,1787610458.8898191,model_4,1,0.8377472470430565,907.7220493224381,584.2,323.5220493224381,36864,0.0371999591588974,0.1273234827870486,0.05840061658854739,MIGRATE,model_5,1.4512343772977113e-07
cooldown30,steady10s1,42,1787610458.8898191,model_5,0,2.9862232536526623,938.0534854178392,649.4,288.6534854178392,131072,0.0383455865085125,0.1273234827870486,0.05840061658854739,MIGRATE,model_5,1.4512343772977113e-07
cooldown30,steady10s1,42,1787610458.8898191,model_6,0,3.3655266006273994,2200.971995873041,1559.6,641.3719958730412,57344,0.03492606058716774,0.1273234827870486,0.05840061658854739,MIGRATE,model_5,1.4512343772977113e-07
cooldown30,steady10s1,43,1787610463.9528174,model_3,1,2.674438492762376,795.7096261811756,558.4666666666667,237.24295951450893,114688,0.03177899122238159,0.0552531377168714,0.12251551673985019,,,2.770481892092214e-16
cooldown30,steady10s1,43,1787610463.9528174,model_4,1,0.901867130908323,977.1976967685288,627.8,349.3976967685288,36864,0.0371999591588974,0.0552531377168714,0.12251551673985019,,,2.770481892092214e-16
cooldown30,steady10s1,43,1787610463.9528174,model_5,1,2.8354195150876724,890.6819526960652,634.5666666666667,256.1152860293985,131072,0.0383455865085125,0.0552531377168714,0.12251551673985019,,,2.770481892092214e-16
cooldown30,steady10s1,43,1787610463.9528174,model_6,0,3.589619374758385,2347.523183508241,1717.9666666666667,629.5565168415742,57344,0.03492606058716774,0.0552531377168714,0.12251551673985019,,,2.770481892092214e-16
cooldown30,steady10s1,44,1787610468.992007,model_3,1,2.6423676009231007,786.1677663007606,516.4333333333333,269.7344329674273,114688,0.03177899122238159,0.05855816430970409,0.12287065630015336,,,1.3812371108318554e-16
cooldown30,steady10s1,44,1787610468.992007,model_4,1,0.9599853080918685,1040.1703309158077,613.4333333333333,426.7369975824744,36864,0.0371999591588974,0.05855816430970409,0.12287065630015336,,,1.3812371108318554e-16
cooldown30,steady10s1,44,1787610468.992007,model_5,1,2.827958097943251,888.3381197793803,514.4,373.9381197793804,131072,0.0383455865085125,0.05855816430970409,0.12287065630015336,,,1.3812371108318554e-16
cooldown30,steady10s1,44,1787610468.992007,model_6,0,3.80433636608142,2487.9428387419907,1618.0333333333333,869.9095054086574,57344,0.03492606058716774,0.05855816430970409,0.12287065630015336,,,1.3812371108318554e-16
cooldown30,steady10s1,45,1787610474.049161,model_3,1,3.6855651592506633,1096.5440719874784,549.1333333333333,547.4107386541451,114688,0.03177899122238159,0.04447135417384955,0.1384742870209237,,,6.12797920701313e-17
cooldown30,steady10s1,45,1787610474.049161,model_4,1,1.7806730070208117,1929.4078933845853,568.5333333333333,1360.874560051252,36864,0.0371999591588974,0.04447135417384955,0.1384742870209237,,,6.12797920701313e-17
cooldown30,steady10s1,45,1787610474.049161,model_5,1,1.780673007020812,559.3575492328623,567.1666666666666,-7.809117433804317,131072,0.0383455865085125,0.04447135417384955,0.1384742870209237,,,6.12797920701313e-17
cooldown30,steady10s1,45,1787610474.049161,model_6,0,2.889161433368667,1889.440839723393,1361.4,528.040839723393,57344,0.03492606058716774,0.04447135417384955,0.1384742870209237,,,6.12797920701313e-17
cooldown30,steady10s1,46,1787610479.0870576,model_3,1,3.771673698682932,1122.1634286891117,520.2666666666667,601.896762022445,114688,0.03177899122238159,0.037102572541961656,0.12659113612980358,,,6.703214597111187e-17
cooldown30,steady10s1,46,1787610479.0870576,model_4,1,1.426672420773853,1545.8385784824754,543.6333333333333,1002.2052451491421,36864,0.0371999591588974,0.037102572541961656,0.12659113612980358,,,6.703214597111187e-17
cooldown30,steady10s1,46,1787610479.0870576,model_5,1,1.4266724207738537,448.1563912609198,432.06666666666666,16.08972459425314,131072,0.0383455865085125,0.037102572541961656,0.12659113612980358,,,6.703214597111187e-17
cooldown30,steady10s1,46,1787610479.0870576,model_6,0,2.410435293873575,1576.3656655367784,1209.2333333333333,367.132332203445,57344,0.03492606058716774,0.037102572541961656,0.12659113612980358,,,6.703214597111187e-17
cooldown30,steady10s1,47,1787610484.1264696,model_3,1,3.543252794454424,1054.202728599165,517.8,536.4027285991651,114688,0.03177899122238159,0.043364288354554435,0.12509058445195861,,,6.783624485311149e-17
cooldown30,steady10s1,47,1787610484.1264696,model_4,1,1.5016179488569983,1627.0441074523467,542.8,1084.2441074523467,36864,0.0371999591588974,0.043364288354554435,0.12509058445195861,,,6.783624485311149e-17
cooldown30,steady10s1,47,1787610484.1264696,model_5,1,1.5016179488569987,471.6988085094903,428.6666666666667,43.03214184282359,131072,0.0383455865085125,0.043364288354554435,0.12509058445195861,,,6.783624485311149e-17
cooldown30,steady10s1,47,1787610484.1264696,model_6,0,2.8172389131592657,1842.4052724442652,1247.3,595.1052724442652,57344,0.03492606058716774,0.043364288354554435,0.12509058445195861,,,6.783624485311149e-17
cooldown30,steady10s1,48,1787610489.173493,model_3,1,2.9002069015667913,862.8811452344058,507.26666666666665,355.6144785677392,114688,0.03177899122238159,0.039749199803506004,0.11227412496052329,MIGRATE,model_4,1.5115994925251984e-16
cooldown30,steady10s1,48,1787610489.173493,model_4,1,0.7710018150087055,835.4015486428115,530.7333333333333,304.6682153094781,36864,0.0371999591588974,0.039749199803506004,0.11227412496052329,MIGRATE,model_4,1.5115994925251984e-16
cooldown30,steady10s1,48,1787610489.173493,model_5,1,2.204543584825328,692.5067611644384,474.56666666666666,217.94009449777178,131072,0.0383455865085125,0.039749199803506004,0.11227412496052329,MIGRATE,model_4,1.5115994925251984e-16
cooldown30,steady10s1,48,1787610489.173493,model_6,0,2.582378189578164,1688.8121095091933,1106.3333333333333,582.47877617586,57344,0.03492606058716774,0.039749199803506004,0.11227412496052329,MIGRATE,model_4,1.5115994925251984e-16
cooldown30,steady10s1,49,1787610494.2139835,model_3,1,3.2293951757634756,960.8225558569095,471.3333333333333,489.4892225235762,114688,0.03177899122238159,0.04612530772451908,0.11034021450106747,,,3.434844453659485e-07
cooldown30,steady10s1,49,1787610494.2139835,model_4,0,1.363714542343569,1477.6219956987743,522.0,955.6219956987743,36864,0.0371999591588974,0.04612530772451908,0.11034021450106747,,,3.434844453659485e-07
cooldown30,steady10s1,49,1787610494.2139835,model_5,1,3.1890842767857484,1001.777619094937,525.3,476.47761909493704,131072,0.0383455865085125,0.04612530772451908,0.11034021450106747,,,3.434844453659485e-07
cooldown30,steady10s1,49,1787610494.2139835,model_6,0,1.363714542343569,891.8359217554479,955.9666666666667,-64.13074491121881,57344,0.03492606058716774,0.04612530772451908,0.11034021450106747,,,3.434844453659485e-07
cooldown30,steady10s1,50,1787610499.2938263,model_3,1,2.627488167270983,781.7407777492741,512.5,269.2407777492741,114688,0.03177899122238159,0.05293052391962364,0.09389869359906855,,,3.0964973829171367e-07
cooldown30,steady10s1,50,1787610499.2938263,model_4,0,0.7419918796477982,803.9684904388484,490.3666666666667,313.6018237721818,36864,0.0371999591588974,0.05293052391962364,0.09389869359906855,,,3.0964973829171367e-07
cooldown30,steady10s1,50,1787610499.2938263,model_5,1,2.8345898122198565,890.4213205862376,573.8333333333334,316.5879872529042,131072,0.0383455865085125,0.05293052391962364,0.09389869359906855,,,3.0964973829171367e-07
cooldown30,steady10s1,50,1787610499.2938263,model_6,0,2.387835486888542,1561.5859450981045,1105.6333333333334,455.95261176477106,57344,0.03492606058716774,0.05293052391962364,0.09389869359906855,,,3.0964973829171367e-07
cooldown30,steady10s1,51,1787610504.3409905,model_3,1,3.2857735038791733,977.5964612995155,567.4666666666667,410.12979463284876,114688,0.03177899122238159,0.05629008860039421,0.09708667652481481,,,9.117402439875304e-08
cooldown30,steady10s1,51,1787610504.3409905,model_4,0,0.6916297228180666,749.3997164236084,515.2333333333333,234.16638309027508,36864,0.0371999591588974,0.05629008860039421,0.09708667652481481,,,9.117402439875304e-08
cooldown30,steady10s1,51,1787610504.3409905,model_5,1,2.3617513995802275,741.8899874136398,479.1666666666667,262.7233207469731,131072,0.0383455865085125,0.05629008860039421,0.09708667652481481,,,9.117402439875304e-08
cooldown30,steady10s1,51,1787610504.3409905,model_6,0,2.6368515904181344,1724.4363799417583,1059.6666666666667,664.7697132750916,57344,0.03492606058716774,0.05629008860039421,0.09708667652481481,,,9.117402439875304e-08
cooldown30,steady10s1,52,1787610509.3869598,model_3,1,3.5845397425034977,1066.4865863462012,650.8333333333334,415.6532530128678,114688,0.03177899122238159,0.05008735470418298,0.10796407234898506,,,3.308068616782673e-07
cooldown30,steady10s1,52,1787610509.3869598,model_4,0,0.5535680843958302,599.8061560701897,424.0,175.80615607018967,36864,0.0371999591588974,0.05008735470418298,0.10796407234898506,,,3.308068616782673e-07
cooldown30,steady10s1,52,1787610509.3869598,model_5,1,2.6957198337901622,846.798504667657,565.1,281.69850466765695,131072,0.0383455865085125,0.05008735470418298,0.10796407234898506,,,3.308068616782673e-07
cooldown30,steady10s1,52,1787610509.3869598,model_6,0,2.4081402430829577,1574.8647585113183,1050.4333333333334,524.4314251779849,57344,0.03492606058716774,0.05008735470418298,0.10796407234898506,,,3.308068616782673e-07
cooldown30,steady10s1,53,1787610514.434801,model_3,1,3.5494104140390355,1056.0347681809678,754.4333333333333,301.60143484763455,114688,0.03177899122238159,0.03786518949649346,0.10555397038605847,,,3.3253082992289985e-07
cooldown30,steady10s1,53,1787610514.434801,model_4,0,0.5405191107777214,585.6672363470965,430.8666666666667,154.80056968042982,36864,0.0371999591588974,0.03786518949649346,0.10555397038605847,,,3.3253082992289985e-07
cooldown30,steady10s1,53,1787610514.434801,model_5,1,2.5906537551527364,813.7944078894039,524.1,289.6944078894039,131072,0.0383455865085125,0.03786518949649346,0.10555397038605847,,,3.3253082992289985e-07
cooldown30,steady10s1,53,1787610514.434801,model_6,0,1.6984820845471598,1110.7656979693672,849.0333333333333,261.73236463603394,57344,0.03492606058716774,0.03786518949649346,0.10555397038605847,,,3.3253082992289985e-07
cooldown30,steady10s1,54,1787610519.482461,model_3,1,4.533041681400986,1348.6886729803539,950.1333333333333,398.55533964702056,114688,0.03177899122238159,0.04353166800675041,0.13767877915340093,MIGRATE,model_5,3.2968614121721796e-07
cooldown30,steady10s1,54,1787610519.482461,model_4,0,0.5177482396348427,560.9943748227796,428.06666666666666,132.92770815611294,36864,0.0371999591588974,0.04353166800675041,0.13767877915340093,MIGRATE,model_5,3.2968614121721796e-07
cooldown30,steady10s1,54,1787610519.482461,model_5,1,3.475719505419283,1091.817496366116,660.2666666666667,431.5508296994494,131072,0.0383455865085125,0.04353166800675041,0.13767877915340093,MIGRATE,model_5,3.2968614121721796e-07
cooldown30,steady10s1,54,1787610519.482461,model_6,0,2.056316699631502,1344.780775077308,875.3,469.48077507730795,57344,0.03492606058716774,0.04353166800675041,0.13767877915340093,MIGRATE,model_5,3.2968614121721796e-07
cooldown30,steady10s1,55,1787610526.8125658,model_3,1,5.8746465375686965,1747.8483102174882,1044.6,703.2483102174883,114688,0.03177899122238159,0.13100705407539445,0.08019995273131328,,,3.023768031047226e-16
cooldown30,steady10s1,55,1787610526.8125658,model_4,0,0.7409406894882338,802.8294971574795,368.3666666666667,434.46283049081285,36864,0.0371999591588974,0.13100705407539445,0.08019995273131328,,,3.023768031047226e-16
cooldown30,steady10s1,55,1787610526.8125658,model_5,0,2.9361261449473197,922.3166287133307,579.8,342.51662871333076,131072,0.0383455865085125,0.13100705407539445,0.08019995273131328,,,3.023768031047226e-16
cooldown30,steady10s1,55,1787610526.8125658,model_6,0,2.093896246846567,1369.3568788652049,816.7333333333333,552.6235455318715,57344,0.03492606058716774,0.13100705407539445,0.08019995273131328,,,3.023768031047226e-16
cooldown30,steady10s1,56,1787610531.860914,model_3,1,3.6770884731917555,1094.0220544823303,909.2333333333333,184.78872114899696,114688,0.03177899122238159,0.11767522024412475,0.050199160043573464,,,5.140233368606213e-16
cooldown30,steady10s1,56,1787610531.860914,model_4,0,0.6245412608409351,676.7075334212543,313.0,363.7075334212543,36864,0.0371999591588974,0.11767522024412475,0.050199160043573464,,,5.140233368606213e-16
cooldown30,steady10s1,56,1787610531.860914,model_5,0,2.2903610112581982,719.4643357116449,648.6,70.86433571164491,131072,0.0383455865085125,0.11767522024412475,0.050199160043573464,,,5.140233368606213e-16
cooldown30,steady10s1,56,1787610531.860914,model_6,0,2.2687831134203758,1483.7286077064452,828.3333333333334,655.3952743731119,57344,0.03492606058716774,0.11767522024412475,0.050199160043573464,,,5.140233368606213e-16
cooldown30,steady10s1,57,1787610536.9173062,model_3,1,5.0999324923047435,1517.3522920729208,952.3666666666667,564.9856254062541,114688,0.03177899122238159,0.13625226225299447,0.06962365177207842,,,1.4797995124508885e-16
cooldown30,steady10s1,57,1787610536.9173062,model_4,0,0.5147673743921497,557.7645258242878,341.96666666666664,215.7978591576212,36864,0.0371999591588974,0.13625226225299447,0.06962365177207842,,,1.4797995124508885e-16
cooldown30,steady10s1,57,1787610536.9173062,model_5,0,3.1882824998206485,1001.5257592663995,707.5666666666667,293.9590925997328,131072,0.0383455865085125,0.13625226225299447,0.06962365177207842,,,1.4797995124508885e-16
cooldown30,steady10s1,57,1787610536.9173062,model_6,0,2.298968725111493,1503.469258693444,873.5333333333333,629.9359253601108,57344,0.03492606058716774,0.13625226225299447,0.06962365177207842,,,1.4797995124508885e-16
cooldown30,steady10s1,58,1787610541.9666698,model_3,1,3.9717242986812877,1181.6832825099393,910.0333333333333,271.649949176606,114688,0.03177899122238159,0.10536149364340602,0.05422149213216776,,,1.9136595759994757e-16
cooldown30,steady10s1,58,1787610541.9666698,model_4,0,0.36787750346946924,398.6053341596554,335.5,63.1053341596554,36864,0.0371999591588974,0.10536149364340602,0.05422149213216776,,,1.9136595759994757e-16
cooldown30,steady10s1,58,1787610541.9666698,model_5,0,2.4436504994229122,767.616709608989,646.7666666666667,120.85004294232237,131072,0.0383455865085125,0.10536149364340602,0.05422149213216776,,,1.9136595759994757e-16
cooldown30,steady10s1,58,1787610541.9666698,model_6,0,1.829728105766562,1196.5973824432954,984.1333333333333,212.46404910996205,57344,0.03492606058716774,0.10536149364340602,0.05422149213216776,,,1.9136595759994757e-16
cooldown30,steady10s1,59,1787610547.0117366,model_3,1,3.876014505957348,1153.2073225668178,747.6,405.60732256681774,114688,0.03177899122238159,0.1375219739155684,0.05291487380146551,,,4.3984104978619663e-16
cooldown30,steady10s1,59,1787610547.0117366,model_4,0,0.6051886777488357,655.7384804687706,439.26666666666665,216.47181380210395,36864,0.0371999591588974,0.1375219739155684,0.05291487380146551,,,4.3984104978619663e-16
cooldown30,steady10s1,59,1787610547.0117366,model_5,0,3.0281872070183673,951.2354980716024,579.2333333333333,372.002164738269,131072,0.0383455865085125,0.1375219739155684,0.05291487380146551,,,4.3984104978619663e-16
cooldown30,steady10s1,59,1787610547.0117366,model_6,0,2.4245745052557037,1585.6123635988274,1088.4,497.2123635988273,57344,0.03492606058716774,0.1375219739155684,0.05291487380146551,,,4.3984104978619663e-16
cooldown30,steady10s1,60,1787610552.0628297,model_3,1,3.005680706143701,894.2621329964811,548.6333333333333,345.6287996631478,114688,0.03177899122238159,0.13793059048732415,0.0410331837016205,MIGRATE,model_6,4.3853802961317997e-16
cooldown30,steady10s1,60,1787610552.0628297,model_4,0,1.4246671575202396,1543.665820915768,531.4666666666667,1012.1991542491014,36864,0.0371999591588974,0.13793059048732415,0.0410331837016205,MIGRATE,model_6,4.3853802961317997e-16
cooldown30,steady10s1,60,1787610552.0628297,model_5,0,3.226615954199964,1013.5673340028627,630.4,383.16733400286273,131072,0.0383455865085125,0.13793059048732415,0.0410331837016205,MIGRATE,model_6,4.3853802961317997e-16
cooldown30,steady10s1,60,1787610552.0628297,model_6,0,1.4246671575202399,931.6974397283171,1001.3,-69.60256027168282,57344,0.03492606058716774,0.13793059048732415,0.0410331837016205,MIGRATE,model_6,4.3853802961317997e-16
cooldown30,steady10s1,61,1787610557.110039,model_3,1,3.9371958498250645,1171.4102404465852,624.8666666666667,546.5435737799186,114688,0.03177899122238159,0.057098605312102486,0.09480362264332266,,,2.3831918538768554e-16
cooldown30,steady10s1,61,1787610557.110039,model_4,0,0.9029553492894137,978.376811140412,715.7333333333333,262.6434778070786,36864,0.0371999591588974,0.057098605312102486,0.09480362264332266,,,2.3831918538768554e-16
cooldown30,steady10s1,61,1787610557.110039,model_5,0,2.427833800821066,762.6482568206327,592.8333333333334,169.81492348729932,131072,0.0383455865085125,0.057098605312102486,0.09480362264332266,,,2.3831918538768554e-16
cooldown30,steady10s1,61,1787610557.110039,model_6,1,1.6530701095978952,1081.067378211031,1094.6,-13.532621788968981,57344,0.03492606058716774,0.057098605312102486,0.09480362264332266,,,2.3831918538768554e-16
cooldown30,steady10s1,62,1787610562.1707118,model_3,1,3.9753906430764965,1182.774107943412,657.1666666666666,525.6074412767454,114688,0.03177899122238159,0.08718602999822439,0.09767353506438603,,,3.0842229822390316e-16
cooldown30,steady10s1,62,1787610562.1707118,model_4,0,1.3098319954853506,1419.238782827004,709.6,709.6387828270039,36864,0.0371999591588974,0.08718602999822439,0.09767353506438603,,,3.0842229822390316e-16
cooldown30,steady10s1,62,1787610562.1707118,model_5,0,3.7760765161493532,1186.1677564949914,554.5333333333333,631.6344231616581,131072,0.0383455865085125,0.08718602999822439,0.09767353506438603,,,3.0842229822390316e-16
cooldown30,steady10s1,62,1787610562.1707118,model_6,1,1.7841048591283455,1166.7608961731219,1005.9333333333333,160.82756283978858,57344,0.03492606058716774,0.08718602999822439,0.09767353506438603,,,3.0842229822390316e-16
cooldown30,steady10s1,63,1787610567.2475774,model_3,1,3.8752078619801997,1152.9673266277618,755.2666666666667,397.7006599610952,114688,0.03177899122238159,0.1024975729336184,0.12357559448961548,,,2.4377545003631296e-16
cooldown30,steady10s1,63,1787610567.2475774,model_4,0,1.4582068691841579,1580.0070156051142,733.8,846.2070156051143,36864,0.0371999591588974,0.1024975729336184,0.12357559448961548,,,2.4377545003631296e-16
cooldown30,steady10s1,63,1787610567.2475774,model_5,0,4.520884948800962,1420.1322282948965,537.0666666666667,883.0655616282298,131072,0.0383455865085125,0.1024975729336184,0.12357559448961548,,,2.4377545003631296e-16
cooldown30,steady10s1,63,1787610567.2475774,model_6,1,3.4116491169963274,2231.1349923230714,1089.4,1141.7349923230713,57344,0.03492606058716774,0.1024975729336184,0.12357559448961548,,,2.4377545003631296e-16
cooldown30,steady10s1,64,1787610572.3472095,model_3,1,4.848468684835662,1442.535775342096,814.2,628.335775342096,114688,0.03177899122238159,0.08534857585539482,0.13177936902982482,,,2.285994870213181e-16
cooldown30,steady10s1,64,1787610572.3472095,model_4,0,1.342223615686856,1454.3359890237,749.5666666666667,704.7693223570333,36864,0.0371999591588974,0.08534857585539482,0.13177936902982482,,,2.285994870213181e-16
cooldown30,steady10s1,64,1787610572.3472095,model_5,0,3.6364988746902487,1142.3226444803545,529.9666666666667,612.3559778136878,131072,0.0383455865085125,0.08534857585539482,0.13177936902982482,,,2.285994870213181e-16
cooldown30,steady10s1,64,1787610572.3472095,model_6,1,2.9221386010616843,1911.0070999876887,1025.1666666666667,885.8404333210219,57344,0.03492606058716774,0.08534857585539482,0.13177936902982482,,,2.285994870213181e-16
cooldown30,steady10s1,65,1787610577.4278083,model_3,1,4.072690171919087,1211.7230525284017,809.4666666666667,402.256385861735,114688,0.03177899122238159,0.06322699147004632,0.11817746360558773,,,1.9118300080938545e-16
cooldown30,steady10s1,65,1787610577.4278083,model_4,0,0.8092474838629413,876.8417766263838,673.0666666666667,203.77510995971704,36864,0.0371999591588974,0.06322699147004632,0.11817746360558773,,,1.9118300080938545e-16
cooldown30,steady10s1,65,1787610577.4278083,model_5,0,2.8790348486290003,904.3827085240362,508.8,395.58270852403615,131072,0.0383455865085125,0.06322699147004632,0.11817746360558773,,,1.9118300080938545e-16
cooldown30,steady10s1,65,1787610577.4278083,model_6,1,2.8958563197143112,1893.8191314770727,1011.6,882.2191314770727,57344,0.03492606058716774,0.06322699147004632,0.11817746360558773,,,1.9118300080938545e-16
cooldown30,steady10s1,66,1787610582.4822345,model_3,1,3.307708937529431,984.1227791629486,811.8333333333334,172.28944582961526,114688,0.03177899122238159,0.0581301091766997,0.10317536931405501,,,1.459878281051484e-16
cooldown30,steady10s1,66,1787610582.4822345,model_4,0,0.9232920014287513,1000.4121298137161,638.4333333333333,361.9787964803828,36864,0.0371999591588974,0.0581301091766997,0.10317536931405501,,,1.459878281051484e-16
cooldown30,steady10s1,66,1787610582.4822345,model_5,0,2.467668879001894,775.1615322040827,458.23333333333335,316.9281988707494,131072,0.0383455865085125,0.0581301091766997,0.10317536931405501,,,1.459878281051484e-16
cooldown30,steady10s1,66,1787610582.4822345,model_6,1,2.7762121073155592,1815.5747459152863,1165.3333333333333,650.241412581953,57344,0.03492606058716774,0.0581301091766997,0.10317536931405501,,,1.459878281051484e-16
cooldown30,steady10s1,67,1787610587.5389197,model_3,1,3.437604361606692,1022.7697847362214,678.1333333333333,344.63645140288804,114688,0.03177899122238159,0.06170476522185656,0.10662967893198728,,,4.2377548814658366e-16
cooldown30,steady10s1,67,1787610587.5389197,model_4,0,0.7818398397509179,847.1448448032377,522.0333333333333,325.11151146990437,36864,0.0371999591588974,0.06170476522185656,0.10662967893198728,,,4.2377548814658366e-16
cooldown30,steady10s1,67,1787610587.5389197,model_5,0,2.817644970563907,885.098487554322,520.0,365.098487554322,131072,0.0383455865085125,0.06170476522185656,0.10662967893198728,,,4.2377548814658366e-16
cooldown30,steady10s1,67,1787610587.5389197,model_6,1,2.8500062568222715,1863.8343129302264,1232.8333333333333,631.0009795968931,57344,0.03492606058716774,0.06170476522185656,0.10662967893198728,,,4.2377548814658366e-16
cooldown30,steady10s1,68,1787610592.5977767,model_3,1,3.9550927644413396,1176.735001990981,857.4666666666667,319.2683353243142,114688,0.03177899122238159,0.05485257084767322,0.1136073067891672,,,1.3258256450052301e-16
cooldown30,steady10s1,68,1787610592.5977767,model_4,0,0.7193434830695367,779.4283334542082,489.73333333333335,289.69500012087485,36864,0.0371999591588974,0.05485257084767322,0.1136073067891672,,,1.3258256450052301e-16
cooldown30,steady10s1,68,1787610592.5977767,model_5,0,2.4804255276872142,779.1687405555945,491.56666666666666,287.6020738889278,131072,0.0383455865085125,0.05485257084767322,0.1136073067891672,,,1.3258256450052301e-16
cooldown30,steady10s1,68,1787610592.5977767,model_6,1,2.7439662185112916,1794.4867241397346,1195.6,598.8867241397347,57344,0.03492606058716774,0.05485257084767322,0.1136073067891672,,,1.3258256450052301e-16
cooldown30,steady10s1,69,1787610597.655037,model_3,1,3.5694422205236584,1061.9947112840712,771.3,290.6947112840712,114688,0.03177899122238159,0.05316549688134904,0.11150600108145764,,,2.7016210668521925e-16
cooldown30,steady10s1,69,1787610597.655037,model_4,0,0.684619277875457,741.803707636437,456.9,284.90370763643705,36864,0.0371999591588974,0.05316549688134904,0.11150600108145764,,,2.7016210668521925e-16
cooldown30,steady10s1,69,1787610597.655037,model_5,0,2.4167359864902704,759.1621332025177,514.9,244.2621332025177,131072,0.0383455865085125,0.05316549688134904,0.11150600108145764,,,2.7016210668521925e-16
cooldown30,steady10s1,69,1787610597.655037,model_6,1,3.005709495590186,1965.660418874844,1273.4333333333334,692.2270855415106,57344,0.03492606058716774,0.05316549688134904,0.11150600108145764,,,2.7016210668521925e-16
cooldown30,steady10s1,70,1787610602.7134223,model_3,1,4.047604532429285,1204.2594728368276,846.1666666666666,358.092806170161,114688,0.03177899122238159,0.06397822666140188,0.11981467121539359,,,2.514274408520061e-16
cooldown30,steady10s1,70,1787610602.7134223,model_4,0,0.7480299040441256,810.5108549744988,503.23333333333335,307.27752164116544,36864,0.0371999591588974,0.06397822666140188,0.11981467121539359,,,2.514274408520061e-16
cooldown30,steady10s1,70,1787610602.7134223,model_5,0,2.9840749703623017,937.3786515367076,527.4333333333333,409.9453182033743,131072,0.0383455865085125,0.06397822666140188,0.11981467121539359,,,2.514274408520061e-16
cooldown30,steady10s1,70,1787610602.7134223,model_6,1,3.0174828477737377,1973.3599029462869,1291.7333333333333,681.6265696129535,57344,0.03492606058716774,0.06397822666140188,0.11981467121539359,,,2.514274408520061e-16
cooldown30,steady10s1,71,1787610607.7723129,model_3,1,4.808902986920949,1430.7640308123516,930.2333333333333,500.5306974790183,114688,0.03177899122238159,0.06440087497430122,0.13115718501390833,,,1.7226293868507704e-16
cooldown30,steady10s1,71,1787610607.7723129,model_4,0,0.6531506911885172,707.7066334919706,468.96666666666664,238.73996682530395,36864,0.0371999591588974,0.06440087497430122,0.13115718501390833,,,1.7226293868507704e-16
cooldown30,steady10s1,71,1787610607.7723129,model_5,0,3.1036089432987,974.9275051938067,511.43333333333334,463.4941718604734,131072,0.0383455865085125,0.06440087497430122,0.13115718501390833,,,1.7226293868507704e-16
cooldown30,steady10s1,71,1787610607.7723129,model_6,1,2.9250161004909776,1912.8889141622772,1230.6666666666667,682.2222474956104,57344,0.03492606058716774,0.06440087497430122,0.13115718501390833,,,1.7226293868507704e-16
cooldown30,steady10s1,72,1787610612.8323185,model_3,1,4.8649234701584625,1447.431468817018,1003.3333333333334,444.0981354836846,114688,0.03177899122238159,0.05919928215441875,0.13447204192954731,,,2.240220028486954e-16
cooldown30,steady10s1,72,1787610612.8323185,model_4,0,0.6378597795034389,691.1385125703218,434.1666666666667,256.97184590365515,36864,0.0371999591588974,0.05919928215441875,0.13447204192954731,,,2.240220028486954e-16
cooldown30,steady10s1,72,1787610612.8323185,model_5,0,2.8154702207036415,884.4153398078034,629.9666666666667,254.44867314113674,131072,0.0383455865085125,0.05919928215441875,0.13447204192954731,,,2.240220028486954e-16
cooldown30,steady10s1,72,1787610612.8323185,model_6,1,3.064462111667638,2004.0831913011991,1255.9,748.183191301199,57344,0.03492606058716774,0.05919928215441875,0.13447204192954731,,,2.240220028486954e-16
cooldown30,steady10s1,73,1787610617.9121945,model_3,1,4.198089711504941,1249.032424584324,1057.3333333333333,191.6990912509907,114688,0.03177899122238159,0.05968178156677498,0.11391623119156181,,,1.9833452953833134e-16
cooldown30,steady10s1,73,1787610617.9121945,model_4,0,0.7062508480669369,765.2421054271531,492.8333333333333,272.4087720938198,36864,0.0371999591588974,0.05968178156677498,0.11391623119156181,,,1.9833452953833134e-16
cooldown30,steady10s1,73,1787610617.9121945,model_5,0,2.775225265321479,871.7733109104174,653.3666666666667,218.40664424375075,131072,0.0383455865085125,0.05968178156677498,0.11391623119156181,,,1.9833452953833134e-16
cooldown30,steady10s1,73,1787610617.9121945,model_6,1,2.5191855539334247,1647.4856729944581,1100.6666666666667,546.8190063277914,57344,0.03492606058716774,0.05968178156677498,0.11391623119156181,,,1.9833452953833134e-16
cooldown30,steady10s1,74,1787610623.2815397,model_3,1,4.9680475827525825,1478.1133668320956,995.4333333333333,482.6800334987623,114688,0.03177899122238159,0.07488690995344292,0.12775454909426787,,,2.358013579460285e-16
cooldown30,steady10s1,74,1787610623.2815397,model_4,0,0.747375020863799,809.8012711416529,523.5,286.30127114165293,36864,0.0371999591588974,0.07488690995344292,0.12775454909426787,,,2.358013579460285e-16
cooldown30,steady10s1,74,1787610623.2815397,model_5,0,3.621076814252373,1137.4781582121632,769.2666666666667,368.21149154549653,131072,0.0383455865085125,0.07488690995344292,0.12775454909426787,,,2.358013579460285e-16
cooldown30,steady10s1,74,1787610623.2815397,model_6,1,2.5652289635463266,1677.5969355628827,1166.1666666666667,511.4302688962159,57344,0.03492606058716774,0.07488690995344292,0.12775454909426787,,,2.358013579460285e-16
cooldown30,steady10s1,75,1787610628.3466697,model_3,1,4.488443719014036,1335.419709018237,971.8,363.619709018237,114688,0.03177899122238159,0.07023604183143362,0.11903279099763288,,,2.5307897015377887e-16
cooldown30,steady10s1,75,1787610628.3466697,model_4,0,0.788269762735373,854.1118421751014,557.4333333333333,296.6785088417681,36864,0.0371999591588974,0.07023604183143362,0.11903279099763288,,,2.5307897015377887e-16
cooldown30,steady10s1,75,1787610628.3466697,model_5,0,3.3088784040213235,1039.4081942531966,716.8,322.60819425319664,131072,0.0383455865085125,0.07023604183143362,0.11903279099763288,,,2.5307897015377887e-16
cooldown30,steady10s1,75,1787610628.3466697,model_6,1,2.5305386892077104,1654.9103454957549,1122.5,532.4103454957549,57344,0.03492606058716774,0.07023604183143362,0.11903279099763288,,,2.5307897015377887e-16
cooldown30,steady10s1,76,1787610633.407417,model_3,1,4.190694346405554,1246.8321260115092,909.6,337.2321260115092,114688,0.03177899122238159,0.07591548358988576,0.11008680174124624,,,1.3682246955914656e-16
cooldown30,steady10s1,76,1787610633.407417,model_4,0,0.8892381048930997,963.5138017561042,536.9,426.6138017561042,36864,0.0371999591588974,0.07591548358988576,0.11008680174124624,,,1.3682246955914656e-16
cooldown30,steady10s1,76,1787610633.407417,model_5,0,3.539214528659866,1111.7630003684244,745.0666666666667,366.6963337017577,131072,0.0383455865085125,0.07591548358988576,0.11008680174124624,,,1.3682246955914656e-16
cooldown30,steady10s1,76,1787610633.407417,model_6,1,2.3007717304889095,1504.648380065821,929.7,574.9483800658209,57344,0.03492606058716774,0.07591548358988576,0.11008680174124624,,,1.3682246955914656e-16
cooldown30,steady10s1,77,1787610638.4952052,model_3,1,4.586607365865717,1364.625749445906,849.1333333333333,515.4924161125726,114688,0.03177899122238159,0.07854866226216382,0.11289984441688611,,,2.6682672873289867e-16
cooldown30,steady10s1,77,1787610638.4952052,model_4,0,0.6296878833971133,682.2840396888339,484.4,197.88403968883392,36864,0.0371999591588974,0.07854866226216382,0.11289984441688611,,,2.6682672873289867e-16
cooldown30,steady10s1,77,1787610638.4952052,model_5,0,3.9523685536811053,1241.545853245057,832.2666666666667,409.2791865783904,131072,0.0383455865085125,0.07854866226216382,0.11289984441688611,,,2.6682672873289867e-16
cooldown30,steady10s1,77,1787610638.4952052,model_6,1,2.0707348270839097,1354.2098774203891,997.6,356.6098774203891,57344,0.03492606058716774,0.07854866226216382,0.11289984441688611,,,2.6682672873289867e-16
cooldown30,steady10s1,78,1787610643.5784388,model_3,1,4.022652127199712,1196.8355335346987,753.3,443.53553353469874,114688,0.03177899122238159,0.0661560318614077,0.10805205477822796,,,2.0909849578085671e-16
cooldown30,steady10s1,78,1787610643.5784388,model_4,0,0.5654677702824944,612.6997911104263,481.9,130.79979111042633,36864,0.0371999591588974,0.0661560318614077,0.10805205477822796,,,2.0909849578085671e-16
cooldown30,steady10s1,78,1787610643.5784388,model_5,0,3.2936771586328657,1034.6330719638995,659.4333333333333,375.19973863056623,131072,0.0383455865085125,0.0661560318614077,0.10805205477822796,,,2.0909849578085671e-16
cooldown30,steady10s1,78,1787610643.5784388,model_6,1,2.3488314388344307,1536.0782526386895,879.8,656.2782526386895,57344,0.03492606058716774,0.0661560318614077,0.10805205477822796,,,2.0909849578085671e-16
cooldown30,steady10s1,79,1787610648.65029,model_3,1,4.989341188487345,1484.4487254896644,825.1666666666666,659.2820588229978,114688,0.03177899122238159,0.06670265087765789,0.12092425671918337,,,1.2456018741619424e-16
cooldown30,steady10s1,79,1787610648.65029,model_4,0,0.5334366160306254,577.9931596266522,468.8666666666667,109.12649295998551,36864,0.0371999591588974,0.06670265087765789,0.12092425671918337,,,1.2456018741619424e-16
cooldown30,steady10s1,79,1787610648.65029,model_5,0,3.357594778037751,1054.7113248503922,660.2333333333333,394.47799151705885,131072,0.0383455865085125,0.06670265087765789,0.12092425671918337,,,1.2456018741619424e-16
cooldown30,steady10s1,79,1787610648.65029,model_6,1,2.141174894733095,1400.275957021233,847.9333333333333,552.3426236878996,57344,0.03492606058716774,0.06670265087765789,0.12092425671918337,,,1.2456018741619424e-16
cooldown30,steady10s1,80,1787610653.723212,model_3,1,5.601787444129863,1666.6661825193137,766.6333333333333,900.0328491859804,114688,0.03177899122238159,0.06378497687204644,0.13626675384038514,,,2.210715035855131e-16
cooldown30,steady10s1,80,1787610653.723212,model_4,0,0.6363692885063736,689.5235248193884,415.46666666666664,274.05685815272176,36864,0.0371999591588974,0.06378497687204644,0.13626675384038514,,,2.210715035855131e-16
cooldown30,steady10s1,80,1787610653.723212,model_5,0,3.0844625557073213,968.9131070434725,627.1,341.8131070434724,131072,0.0383455865085125,0.06378497687204644,0.13626675384038514,,,2.210715035855131e-16
cooldown30,steady10s1,80,1787610653.723212,model_6,1,2.4334265503917534,1591.401384385951,887.3,704.101384385951,57344,0.03492606058716774,0.06378497687204644,0.13626675384038514,,,2.210715035855131e-16
cooldown30,steady10s1,81,1787610658.788572,model_3,1,4.857613497947918,1445.256576677682,760.9666666666667,684.2899100110153,114688,0.03177899122238159,0.06678518269641873,0.11606429957833267,,,3.893276778861645e-16
cooldown30,steady10s1,81,1787610658.788572,model_4,0,0.5564959171564252,602.9785429242215,421.1666666666667,181.81187625755484,36864,0.0371999591588974,0.06678518269641873,0.11606429957833267,,,3.893276778861645e-16
cooldown30,steady10s1,81,1787610658.788572,model_5,0,3.3393498867379856,1048.9801110659305,649.3333333333334,399.6467777325971,131072,0.0383455865085125,0.06678518269641873,0.11606429957833267,,,3.893276778861645e-16
cooldown30,steady10s1,81,1787610658.788572,model_6,1,1.9863264797267746,1299.0088848873495,879.0,420.0088848873495,57344,0.03492606058716774,0.06678518269641873,0.11606429957833267,,,3.893276778861645e-16
cooldown30,steady10s1,82,1787610663.8548074,model_3,1,3.8012337800184177,1130.958262196406,805.3,325.658262196406,114688,0.03177899122238159,0.0629035776573857,0.10838077351774406,,,2.7795240043455613e-16
cooldown30,steady10s1,82,1787610663.8548074,model_4,0,0.7404332501160718,802.2796727224465,457.3333333333333,344.94633938911323,36864,0.0371999591588974,0.0629035776573857,0.10838077351774406,,,2.7795240043455613e-16
cooldown30,steady10s1,82,1787610663.8548074,model_5,0,2.9289830660814666,920.0727944593003,632.1333333333333,287.939461125967,131072,0.0383455865085125,0.0629035776573857,0.10838077351774406,,,2.7795240043455613e-16
cooldown30,steady10s1,82,1787610663.8548074,model_6,1,2.5896332771577755,1693.5567591540225,1080.6333333333334,612.9234258206891,57344,0.03492606058716774,0.0629035776573857,0.10838077351774406,,,2.7795240043455613e-16
cooldown30,steady10s1,83,1787610668.9222827,model_3,1,2.8642343575361195,852.1784502048159,729.3,122.87845020481598,114688,0.03177899122238159,0.042761381577914745,0.09500623796681454,,,2.378109332994541e-16
cooldown30,steady10s1,83,1787610668.9222827,model_4,0,0.7103866038621804,769.7233099183718,430.1,339.6233099183718,36864,0.0371999591588974,0.042761381577914745,0.09500623796681454,,,2.378109332994541e-16
cooldown30,steady10s1,83,1787610668.9222827,model_5,0,1.7840551609573123,560.4199752535802,484.5,75.91997525358022,131072,0.0383455865085125,0.042761381577914745,0.09500623796681454,,,2.378109332994541e-16
cooldown30,steady10s1,83,1787610668.9222827,model_6,1,2.7379791785109475,1790.5713465651008,973.0333333333333,817.5380132317675,57344,0.03492606058716774,0.042761381577914745,0.09500623796681454,,,2.378109332994541e-16
cooldown30,steady10s1,84,1787610673.9936876,model_3,1,2.234897216782474,664.935549548769,664.9333333333333,0.0022162154357374675,114688,0.03177899122238159,0.030951021660026026,0.07034549093141866,,,2.1411959573627932e-16
cooldown30,steady10s1,84,1787610673.9936876,model_4,0,0.4147694060404856,449.4139927958126,382.53333333333336,66.88065946247923,36864,0.0371999591588974,0.030951021660026026,0.07034549093141866,,,2.1411959573627932e-16
cooldown30,steady10s1,84,1787610673.9936876,model_5,0,1.39072700786576,436.8649649343795,430.93333333333334,5.931631601046149,131072,0.0383455865085125,0.030951021660026026,0.07034549093141866,,,2.1411959573627932e-16
cooldown30,steady10s1,84,1787610673.9936876,model_6,1,1.9131510580426452,1251.1539507195598,911.5333333333333,339.6206173862265,57344,0.03492606058716774,0.030951021660026026,0.07034549093141866,,,2.1411959573627932e-16
cooldown30,steady10s2,1,1787620544.6456113,model_3,1,3.3327988837807306e-09,9.915876402194116e-07,0.0,9.915876402194116e-07,114688,0.03177899122238159,0.0,0.0001478112968174651,,,1.9902841817486805e-16
cooldown30,steady10s2,1,1787620544.6456113,model_4,0,0.0,0.0,0.0,0.0,36864,0.0371999591588974,0.0,0.0001478112968174651,,,1.9902841817486805e-16
cooldown30,steady10s2,1,1787620544.6456113,model_5,0,0.0,0.0,0.0,0.0,131072,0.0383455865085125,0.0,0.0001478112968174651,,,1.9902841817486805e-16
cooldown30,steady10s2,1,1787620544.6456113,model_6,1,0.008715955382466917,5.7000214202771105,5.7,2.142027711027339e-05,57344,0.03492606058716774,0.0,0.0001478112968174651,,,1.9902841817486805e-16
cooldown30,steady10s2,2,1787620549.66283,model_3,1,0.9818849684484442,292.1343389692399,91.36666666666666,200.7676723025732,114688,0.03177899122238159,0.039407223704543394,0.02457723161135567,MIGRATE,model_4,3.8636941161458603e-16
cooldown30,steady10s2,2,1787620549.66283,model_4,0,0.11894446773396583,128.87958317754158,80.93333333333334,47.94624984420824,36864,0.0371999591588974,0.039407223704543394,0.02457723161135567,MIGRATE,model_4,3.8636941161458603e-16
cooldown30,steady10s2,2,1787620549.66283,model_5,0,2.179835904108997,684.7454104401764,135.73333333333332,549.0120771068431,131072,0.0383455865085125,0.039407223704543394,0.02457723161135567,MIGRATE,model_4,3.8636941161458603e-16
cooldown30,steady10s2,2,1787620549.66283,model_6,1,0.467355655728194,305.63915619590676,74.9,230.73915619590676,57344,0.03492606058716774,0.039407223704543394,0.02457723161135567,MIGRATE,model_4,3.8636941161458603e-16
cooldown30,steady10s2,3,1787620554.6668968,model_3,1,1.528587285114419,454.79139659233203,116.16666666666667,338.62472992566535,114688,0.03177899122238159,0.058608991253500504,0.043576189242884825,,,1.180794887146986e-16
cooldown30,steady10s2,3,1787620554.6668968,model_4,1,0.10302918245665482,111.6349363959933,111.63333333333334,0.001603062659953025,36864,0.0371999591588974,0.058608991253500504,0.043576189242884825,,,1.180794887146986e-16
cooldown30,steady10s2,3,1787620554.6668968,model_5,0,3.7609343899096856,1181.4112051291875,354.8666666666667,826.5445384625208,131072,0.0383455865085125,0.058608991253500504,0.043576189242884825,,,1.180794887146986e-16
cooldown30,steady10s2,3,1787620554.6668968,model_6,1,0.6836239151910274,447.07330281211995,167.36666666666667,279.7066361454533,57344,0.03492606058716774,0.058608991253500504,0.043576189242884825,,,1.180794887146986e-16
cooldown30,steady10s2,4,1787620559.6774251,model_3,1,1.4861285194658294,442.1588949910491,186.93333333333334,255.2255616577158,114688,0.03177899122238159,0.08947034556893566,0.05105784456102903,,,1.5469974274248036e-16
cooldown30,steady10s2,4,1787620559.6774251,model_4,1,0.32310816114758656,350.0965275921914,118.36666666666666,231.72986092552475,36864,0.0371999591588974,0.08947034556893566,0.05105784456102903,,,1.5469974274248036e-16
cooldown30,steady10s2,4,1787620559.6774251,model_5,0,5.741305085287855,1803.4991990347214,510.6666666666667,1292.8325323680547,131072,0.0383455865085125,0.08947034556893566,0.05105784456102903,,,1.5469974274248036e-16
cooldown30,steady10s2,4,1787620559.6774251,model_6,1,0.9035104787492259,590.8737317168068,304.1,286.77373171680676,57344,0.03492606058716774,0.08947034556893566,0.05105784456102903,,,1.5469974274248036e-16
cooldown30,steady10s2,5,1787620564.6868343,model_3,1,2.5230902492182223,750.6798920446066,291.1666666666667,459.51322537793993,114688,0.03177899122238159,0.06192316194742243,0.07617380825807353,,,2.1945612570403802e-16
cooldown30,steady10s2,5,1787620564.6868343,model_4,1,0.3710949918244755,402.0915707705019,161.36666666666667,240.72490410383523,36864,0.0371999591588974,0.06192316194742243,0.07617380825807353,,,2.1945612570403802e-16
cooldown30,steady10s2,5,1787620564.6868343,model_5,0,3.9736044644190693,1248.2166271262138,727.8666666666667,520.3499604595471,131072,0.0383455865085125,0.06192316194742243,0.07617380825807353,,,2.1945612570403802e-16
cooldown30,steady10s2,5,1787620564.6868343,model_6,1,1.1529946535752207,754.0302737281354,409.4,344.6302737281354,57344,0.03492606058716774,0.06192316194742243,0.07617380825807353,,,2.1945612570403802e-16
cooldown30,steady10s2,6,1787620569.7090135,model_3,1,2.9345607801045848,873.1022484391187,475.4,397.70224843911876,114688,0.03177899122238159,0.06957183967507637,0.08278779559470378,,,9.947300162851395e-17
cooldown30,steady10s2,6,1787620569.7090135,model_4,1,0.3973827297954413,430.5750536673785,234.8,195.77505366737847,36864,0.0371999591588974,0.06957183967507637,0.08278779559470378,,,9.947300162851395e-17
cooldown30,steady10s2,6,1787620569.7090135,model_5,0,4.464419516649675,1402.394908966762,855.2,547.1949089667619,131072,0.0383455865085125,0.06957183967507637,0.08278779559470378,,,9.947300162851395e-17
cooldown30,steady10s2,6,1787620569.7090135,model_6,1,1.0666432158084256,697.5585476414483,518.9,178.6585476414483,57344,0.03492606058716774,0.06957183967507637,0.08278779559470378,,,9.947300162851395e-17
cooldown30,steady10s2,7,1787620574.7198658,model_3,1,3.322402304833609,988.4944085111614,542.9666666666667,445.5277418444947,114688,0.03177899122238159,0.08760096271650895,0.10357785250369717,,,1.5800099694551341e-16
cooldown30,steady10s2,7,1787620574.7198658,model_4,1,0.6529293903173259,707.466847946839,392.7,314.76684794683905,36864,0.0371999591588974,0.08760096271650895,0.10357785250369717,,,1.5800099694551341e-16
cooldown30,steady10s2,7,1787620574.7198658,model_5,0,5.621346933693167,1765.8170993892786,1061.6,704.2170993892787,131072,0.0383455865085125,0.08760096271650895,0.10357785250369717,,,1.5800099694551341e-16
cooldown30,steady10s2,7,1787620574.7198658,model_6,1,1.5278486205874913,999.1755902982437,613.5333333333333,385.6422569649104,57344,0.03492606058716774,0.08760096271650895,0.10357785250369717,,,1.5800099694551341e-16
cooldown30,steady10s2,8,1787620579.731,model_3,1,3.250499390292187,967.1015660861347,520.5666666666667,446.53489941946793,114688,0.03177899122238159,0.07610460184297231,0.10114215009144277,MIGRATE,model_4,3.305606777258617e-16
cooldown30,steady10s2,8,1787620579.731,model_4,1,0.6023884260881953,652.7043312250855,348.03333333333336,304.67099789175217,36864,0.0371999591588974,0.07610460184297231,0.10114215009144277,MIGRATE,model_4,3.305606777258617e-16
cooldown30,steady10s2,8,1787620579.731,model_5,0,4.883626354591513,1534.0791140781294,1083.6333333333334,450.4457807447959,131072,0.0383455865085125,0.07610460184297231,0.10114215009144277,MIGRATE,model_4,3.305606777258617e-16
cooldown30,steady10s2,8,1787620579.731,model_6,1,1.5208815370132094,994.6192882214624,695.9333333333333,298.6859548881291,57344,0.03492606058716774,0.07610460184297231,0.10114215009144277,MIGRATE,model_4,3.305606777258617e-16
cooldown30,steady10s2,9,1787620584.7428157,model_3,1,2.760240741892356,821.2378541682781,639.4333333333333,181.8045208349448,114688,0.03177899122238159,0.08342737437929582,0.06874122636713399,,,2.737544951408786e-16
cooldown30,steady10s2,9,1787620584.7428157,model_4,0,0.5914701032140954,640.8740298431071,363.1666666666667,277.7073631764404,36864,0.0371999591588974,0.08342737437929582,0.06874122636713399,,,2.737544951408786e-16
cooldown30,steady10s2,9,1787620584.7428157,model_5,0,4.275181050275023,1342.9499887851455,1194.7,148.24998878514543,131072,0.0383455865085125,0.08342737437929582,0.06874122636713399,,,2.737544951408786e-16
cooldown30,steady10s2,9,1787620584.7428157,model_6,1,1.293209190236829,845.7271477177759,761.6,84.12714771777587,57344,0.03492606058716774,0.08342737437929582,0.06874122636713399,,,2.737544951408786e-16
cooldown30,steady10s2,10,1787620589.754223,model_3,1,3.3345034032331475,992.0947756573631,608.5,383.59477565736313,114688,0.03177899122238159,0.0952861087691719,0.08802207369860457,,,1.597897745302284e-16
cooldown30,steady10s2,10,1787620589.754223,model_4,0,0.8831469725159957,956.9138932711111,399.53333333333336,557.3805599377777,36864,0.0371999591588974,0.0952861087691719,0.08802207369860457,,,1.597897745302284e-16
cooldown30,steady10s2,10,1787620589.754223,model_5,0,4.675271407579429,1468.6291903292374,1161.0,307.6291903292374,131072,0.0383455865085125,0.0952861087691719,0.08802207369860457,,,1.597897745302284e-16
cooldown30,steady10s2,10,1787620589.754223,model_6,1,1.8558763370687483,1213.6976855064163,708.3,505.39768550641634,57344,0.03492606058716774,0.0952861087691719,0.08802207369860457,,,1.597897745302284e-16
cooldown30,steady10s2,11,1787620594.7851703,model_3,1,4.467953554263262,1329.3233933324013,691.0,638.3233933324013,114688,0.03177899122238159,0.09989397974387468,0.10755141141611022,,,2.8009577711314466e-16
cooldown30,steady10s2,11,1787620594.7851703,model_4,0,0.708448461276036,767.6232794301981,380.1666666666667,387.4566127635314,36864,0.0371999591588974,0.09989397974387468,0.10755141141611022,,,2.8009577711314466e-16
cooldown30,steady10s2,11,1787620594.7851703,model_5,0,5.118765392259716,1607.9426450692083,1235.9,372.0426450692082,131072,0.0383455865085125,0.09989397974387468,0.10755141141611022,,,2.8009577711314466e-16
cooldown30,steady10s2,11,1787620594.7851703,model_6,1,1.8740086763300674,1225.5557914344433,765.1,460.4557914344433,57344,0.03492606058716774,0.09989397974387468,0.10755141141611022,,,2.8009577711314466e-16
cooldown30,steady10s2,12,1787620599.79923,model_3,1,3.4526742154422867,1027.2534278615267,710.6,316.65342786152667,114688,0.03177899122238159,0.11216706390676305,0.08573099691854455,,,2.714833625090684e-16
cooldown30,steady10s2,12,1787620599.79923,model_4,0,0.3896106394620553,422.15378127305974,353.56666666666666,68.58711460639307,36864,0.0371999591588974,0.11216706390676305,0.08573099691854455,,,2.714833625090684e-16
cooldown30,steady10s2,12,1787620599.79923,model_5,0,6.153541113864687,1932.993684401248,1317.7666666666667,615.2270177345813,131072,0.0383455865085125,0.11216706390676305,0.08573099691854455,,,2.714833625090684e-16
cooldown30,steady10s2,12,1787620599.79923,model_6,1,1.602608065744779,1048.0664370345382,795.3,252.76643703453828,57344,0.03492606058716774,0.11216706390676305,0.08573099691854455,,,2.714833625090684e-16
cooldown30,steady10s2,13,1787620604.8106394,model_3,1,3.656364709828655,1087.856237604004,829.1333333333333,258.7229042706707,114688,0.03177899122238159,0.10933059808702952,0.09408353801584696,,,1.3926335447254002e-16
cooldown30,steady10s2,13,1787620604.8106394,model_4,0,0.37393694478038997,405.17090450788635,213.4,191.77090450788634,36864,0.0371999591588974,0.10933059808702952,0.09408353801584696,,,1.3926335447254002e-16
cooldown30,steady10s2,13,1787620604.8106394,model_5,0,6.003752455737796,1885.9410158976043,1272.6666666666667,613.2743492309376,131072,0.0383455865085125,0.10933059808702952,0.09408353801584696,,,1.3926335447254002e-16
cooldown30,steady10s2,13,1787620604.8106394,model_6,1,1.8914401656331332,1236.955558649255,838.4666666666667,398.48889198258826,57344,0.03492606058716774,0.10933059808702952,0.09408353801584696,,,1.3926335447254002e-16
cooldown30,steady10s2,14,1787620609.834758,model_3,1,3.9813428262882904,1184.5450252747453,877.8666666666667,306.6783586080786,114688,0.03177899122238159,0.10273196420453873,0.100825818074116,,,7.410422819218383e-17
cooldown30,steady10s2,14,1787620609.834758,model_4,0,0.36378312310536587,394.1689610794363,187.96666666666667,206.20229441276965,36864,0.0371999591588974,0.10273196420453873,0.100825818074116,,,7.410422819218383e-17
cooldown30,steady10s2,14,1787620609.834758,model_5,0,5.628981671615255,1768.2153770496332,1304.4333333333334,463.78204371629977,131072,0.0383455865085125,0.10273196420453873,0.100825818074116,,,7.410422819218383e-17
cooldown30,steady10s2,14,1787620609.834758,model_6,1,1.9640327078438125,1284.4293039125225,812.2666666666667,472.1626372458559,57344,0.03492606058716774,0.10273196420453873,0.100825818074116,,,7.410422819218383e-17
cooldown30,steady10s2,15,1787620614.8627505,model_3,1,4.741831141868997,1410.8085474845425,879.3666666666667,531.4418808178758,114688,0.03177899122238159,0.08867120513622834,0.11409868978117393,,,3.9603473385171315e-16
cooldown30,steady10s2,15,1787620614.8627505,model_4,0,0.3935545354610426,426.42710042886864,161.43333333333334,264.9937670955353,36864,0.0371999591588974,0.08867120513622834,0.11409868978117393,,,3.9603473385171315e-16
cooldown30,steady10s2,15,1787620614.8627505,model_5,0,4.7789901594681234,1501.210055337696,1030.3666666666666,470.8433886710295,131072,0.0383455865085125,0.08867120513622834,0.11409868978117393,,,3.9603473385171315e-16
cooldown30,steady10s2,15,1787620614.8627505,model_6,1,1.986203122161125,1298.9282120596788,764.1333333333333,534.7948787263455,57344,0.03492606058716774,0.08867120513622834,0.11409868978117393,,,3.9603473385171315e-16
cooldown30,steady10s2,16,1787620619.8762317,model_3,1,5.657624563868326,1683.2790654831072,962.8666666666667,720.4123988164405,114688,0.03177899122238159,0.09722243189381971,0.12710313525129477,,,2.3700985896729924e-16
cooldown30,steady10s2,16,1787620619.8762317,model_4,0,0.3191739418483346,345.8336934051429,170.56666666666666,175.26702673847626,36864,0.0371999591588974,0.09722243189381971,0.12710313525129477,,,2.3700985896729924e-16
cooldown30,steady10s2,16,1787620619.8762317,model_5,0,5.352197881145247,1681.2701029345883,1066.7666666666667,614.5034362679216,131072,0.0383455865085125,0.09722243189381971,0.12710313525129477,,,2.3700985896729924e-16
cooldown30,steady10s2,16,1787620619.8762317,model_6,1,1.8372401946704267,1201.5101046618133,862.6666666666666,338.8434379951467,57344,0.03492606058716774,0.09722243189381971,0.12710313525129477,,,2.3700985896729924e-16
cooldown30,steady10s2,17,1787620624.9151106,model_3,1,4.64673107025501,1382.5139942022163,943.0,439.5139942022163,114688,0.03177899122238159,0.07699487036666937,0.11440017187212613,,,2.6332736802077206e-16
cooldown30,steady10s2,17,1787620624.9151106,model_4,0,0.32649820590833123,353.7697337869947,236.9,116.86973378699471,36864,0.0371999591588974,0.07699487036666937,0.11440017187212613,,,2.6332736802077206e-16
cooldown30,steady10s2,17,1787620624.9151106,model_5,0,4.164919359016112,1308.313809568815,968.0666666666667,340.2471429021483,131072,0.0383455865085125,0.07699487036666937,0.11440017187212613,,,2.6332736802077206e-16
cooldown30,steady10s2,17,1787620624.9151106,model_6,1,2.099080626993741,1372.747336548042,877.4333333333333,495.3140032147088,57344,0.03492606058716774,0.07699487036666937,0.11440017187212613,,,2.6332736802077206e-16
cooldown30,steady10s2,18,1787620629.938821,model_3,1,4.446897980880114,1323.0588550111518,907.0333333333333,416.02552167781846,114688,0.03177899122238159,0.07928444947266682,0.10661434316112701,,,2.825576303057391e-16
cooldown30,steady10s2,18,1787620629.938821,model_4,0,0.5079535988157797,550.381613673115,261.73333333333335,288.64828033978165,36864,0.0371999591588974,0.07928444947266682,0.10661434316112701,,,2.825576303057391e-16
cooldown30,steady10s2,18,1787620629.938821,model_5,0,4.1170242379032445,1293.2686567191479,962.6666666666666,330.60199005248126,131072,0.0383455865085125,0.07928444947266682,0.10661434316112701,,,2.825576303057391e-16
cooldown30,steady10s2,18,1787620629.938821,model_6,1,1.8398083362636104,1203.189606385847,969.4333333333333,233.75627305251362,57344,0.03492606058716774,0.07928444947266682,0.10661434316112701,,,2.825576303057391e-16
cooldown30,steady10s2,19,1787620635.000101,model_3,1,4.058255767023395,1207.4284707106551,785.5,421.9284707106551,114688,0.03177899122238159,0.09884019649680019,0.10002433733999325,,,3.0117366394354525e-16
cooldown30,steady10s2,19,1787620635.000101,model_4,0,0.4829040801568143,523.23977525835,250.73333333333332,272.5064419250167,36864,0.0371999591588974,0.09884019649680019,0.10002433733999325,,,3.0117366394354525e-16
cooldown30,steady10s2,19,1787620635.000101,model_5,0,5.28283839790946,1659.4824134453556,1049.9666666666667,609.5157467786889,131072,0.0383455865085125,0.09884019649680019,0.10002433733999325,,,3.0117366394354525e-16
cooldown30,steady10s2,19,1787620635.000101,model_6,1,1.8398590154604655,1203.2227493397697,906.4666666666667,296.75608267310304,57344,0.03492606058716774,0.09884019649680019,0.10002433733999325,,,3.0117366394354525e-16
cooldown30,steady10s2,20,1787620640.0159788,model_3,1,4.833563566328682,1438.1011449299658,962.1666666666666,475.9344782632992,114688,0.03177899122238159,0.10198802173047125,0.11567038246536858,,,2.6043569250953406e-16
cooldown30,steady10s2,20,1787620640.0159788,model_4,0,0.46043036414941163,498.8888894486572,308.23333333333335,190.65555611532386,36864,0.0371999591588974,0.10198802173047125,0.11567038246536858,,,2.6043569250953406e-16
cooldown30,steady10s2,20,1787620640.0159788,model_5,0,5.488937301913061,1724.223653071327,1042.3333333333333,681.8903197379937,131072,0.0383455865085125,0.10198802173047125,0.11567038246536858,,,2.6043569250953406e-16
cooldown30,steady10s2,20,1787620640.0159788,model_6,1,1.9871483809602708,1299.5463881707767,933.4,366.14638817077673,57344,0.03492606058716774,0.10198802173047125,0.11567038246536858,,,2.6043569250953406e-16
cooldown30,steady10s2,21,1787620645.0360935,model_3,1,5.001809353896749,1488.1583038792703,860.2666666666667,627.8916372126037,114688,0.03177899122238159,0.10395221915979773,0.11798835255820637,,,3.8297885562919937e-16
cooldown30,steady10s2,21,1787620645.0360935,model_4,0,0.545507597851441,591.0723984954151,319.3666666666667,271.7057318287484,36864,0.0371999591588974,0.10395221915979773,0.11798835255820637,,,3.8297885562919937e-16
cooldown30,steady10s2,21,1787620645.0360935,model_5,0,5.518439530362776,1733.4911009056432,1221.3666666666666,512.1244342389766,131072,0.0383455865085125,0.10395221915979773,0.11798835255820637,,,3.8297885562919937e-16
cooldown30,steady10s2,21,1787620645.0360935,model_6,1,1.9555858650188935,1278.9052755159794,905.0666666666667,373.83860884931266,57344,0.03492606058716774,0.10395221915979773,0.11798835255820637,,,3.8297885562919937e-16
cooldown30,steady10s2,22,1787620650.059974,model_3,1,4.432078980692243,1318.649846865412,957.0333333333333,361.61651353207867,114688,0.03177899122238159,0.10799026631194224,0.1082980987025649,,,2.7816458941672505e-16
cooldown30,steady10s2,22,1787620650.059974,model_4,0,0.6207138062879458,672.56038175613,348.9,323.66038175613005,36864,0.0371999591588974,0.10799026631194224,0.1082980987025649,,,2.7816458941672505e-16
cooldown30,steady10s2,22,1787620650.059974,model_5,0,5.678788701404983,1783.8611121216563,1174.5333333333333,609.327778788323,131072,0.0383455865085125,0.10799026631194224,0.1082980987025649,,,2.7816458941672505e-16
cooldown30,steady10s2,22,1787620650.059974,model_6,1,1.9539130074506046,1277.8112676242567,881.5,396.31126762425674,57344,0.03492606058716774,0.10799026631194224,0.1082980987025649,,,2.7816458941672505e-16
cooldown30,steady10s2,23,1787620655.0789587,model_3,1,3.5606215580082057,1059.3703525292015,886.1666666666666,173.20368586253483,114688,0.03177899122238159,0.08217694924457611,0.09144620472397927,,,2.470689974324726e-16
cooldown30,steady10s2,23,1787620655.0789587,model_4,0,0.2848974582297654,308.6941861568243,269.73333333333335,38.96085282349094,36864,0.0371999591588974,0.08217694924457611,0.09144620472397927,,,2.470689974324726e-16
cooldown30,steady10s2,23,1787620655.0789587,model_5,0,4.508811414988506,1416.3396047995732,1071.8666666666666,344.4729381329066,131072,0.0383455865085125,0.08217694924457611,0.09144620472397927,,,2.470689974324726e-16
cooldown30,steady10s2,23,1787620655.0789587,model_6,1,1.8316682209403465,1197.8661702655259,887.0333333333333,310.83283693219255,57344,0.03492606058716774,0.08217694924457611,0.09144620472397927,,,2.470689974324726e-16
cooldown30,steady10s2,24,1787620660.101939,model_3,1,4.465730446042943,1328.6619652921838,949.9,378.76196529218385,114688,0.03177899122238159,0.0842865926169571,0.11137876805258834,,,2.704707251384512e-16
cooldown30,steady10s2,24,1787620660.101939,model_4,0,0.2983632321614518,323.28472041656244,221.4,101.88472041656243,36864,0.0371999591588974,0.0842865926169571,0.11137876805258834,,,2.704707251384512e-16
cooldown30,steady10s2,24,1787620660.101939,model_5,0,4.618409544578115,1450.7673413497644,1132.7,318.0673413497643,131072,0.0383455865085125,0.0842865926169571,0.11137876805258834,,,2.704707251384512e-16
cooldown30,steady10s2,24,1787620660.101939,model_6,1,2.1019187459017745,1374.6033968259121,837.4333333333333,537.1700634925788,57344,0.03492606058716774,0.0842865926169571,0.11137876805258834,,,2.704707251384512e-16
cooldown30,steady10s2,25,1787620665.1265216,model_3,1,4.3579285538832675,1296.588315610527,1045.7333333333333,250.85498227719359,114688,0.03177899122238159,0.09580116450999848,0.11246603714528519,,,2.678559405564849e-16
cooldown30,steady10s2,25,1787620665.1265216,model_4,0,0.536658384304658,581.4840336467928,352.73333333333335,228.75070031345945,36864,0.0371999591588974,0.09580116450999848,0.11246603714528519,,,2.678559405564849e-16
cooldown30,steady10s2,25,1787620665.1265216,model_5,0,5.0518052493284005,1586.9086532589954,1045.5,541.4086532589954,131072,0.0383455865085125,0.09580116450999848,0.11246603714528519,,,2.678559405564849e-16
cooldown30,steady10s2,25,1787620665.1265216,model_6,1,2.2738334137989695,1487.0313805034152,880.3333333333334,606.6980471700818,57344,0.03492606058716774,0.09580116450999848,0.11246603714528519,,,2.678559405564849e-16
cooldown30,steady10s2,26,1787620670.1501648,model_3,1,3.7068829279101916,1102.8866196949673,837.4333333333333,265.453286361634,114688,0.03177899122238159,0.09627633177259334,0.10484760739800836,,,4.3097830615040583e-16
cooldown30,steady10s2,26,1787620670.1501648,model_4,0,0.6506336523961378,704.979353135148,400.3,304.679353135148,36864,0.0371999591588974,0.09627633177259334,0.10484760739800836,,,4.3097830615040583e-16
cooldown30,steady10s2,26,1787620670.1501648,model_5,0,4.965548380908641,1559.8130380991402,1002.9666666666667,556.8463714324735,131072,0.0383455865085125,0.09627633177259334,0.10484760739800836,,,4.3097830615040583e-16
cooldown30,steady10s2,26,1787620670.1501648,model_6,1,2.4756446403579146,1619.0109815638332,888.9,730.1109815638332,57344,0.03492606058716774,0.09627633177259334,0.10484760739800836,,,4.3097830615040583e-16
cooldown30,steady10s2,27,1787620675.179031,model_3,1,4.082453913774026,1214.6280000164627,870.8666666666667,343.761333349796,114688,0.03177899122238159,0.08572958145018672,0.11133035378119542,,,2.7058834484094876e-16
cooldown30,steady10s2,27,1787620675.179031,model_4,0,0.6114869365366857,662.5628160834199,385.03333333333336,277.5294827500865,36864,0.0371999591588974,0.08572958145018672,0.11133035378119542,,,2.7058834484094876e-16
cooldown30,steady10s2,27,1787620675.179031,model_5,0,4.389461128253798,1378.848451946159,846.4333333333333,532.4151186128257,131072,0.0383455865085125,0.08572958145018672,0.11133035378119542,,,2.7058834484094876e-16
cooldown30,steady10s2,27,1787620675.179031,model_6,1,2.482340443663613,1623.3898729869375,951.1333333333333,672.2565396536041,57344,0.03492606058716774,0.08572958145018672,0.11133035378119542,,,2.7058834484094876e-16
cooldown30,steady10s2,28,1787620680.2402732,model_3,1,4.066147553468268,1209.7764665456484,881.3333333333334,328.44313321231505,114688,0.03177899122238159,0.08370267784839781,0.11057202561194718,,,2.724441014215805e-16
cooldown30,steady10s2,28,1787620680.2402732,model_4,0,0.6810685978233977,737.9564487111231,379.1333333333333,358.8231153777898,36864,0.0371999591588974,0.08370267784839781,0.11057202561194718,,,2.724441014215805e-16
cooldown30,steady10s2,28,1787620680.2402732,model_5,0,4.201642103930701,1319.8494169012893,872.0666666666667,447.78275023462254,131072,0.0383455865085125,0.08370267784839781,0.11057202561194718,,,2.724441014215805e-16
cooldown30,steady10s2,28,1787620680.2402732,model_6,1,2.4539306208487193,1604.8105444468986,963.5333333333333,641.2772111135653,57344,0.03492606058716774,0.08370267784839781,0.11057202561194718,,,2.724441014215805e-16
cooldown30,steady10s2,29,1787620685.2689219,model_3,1,4.354322736440407,1295.515498397755,863.9666666666667,431.5488317310883,114688,0.03177899122238159,0.07767887377767173,0.11525104624418782,,,3.9207491569817487e-16
cooldown30,steady10s2,29,1787620685.2689219,model_4,0,0.460144577207501,498.57923148261034,387.7,110.87923148261035,36864,0.0371999591588974,0.07767887377767173,0.11525104624418782,,,3.9207491569817487e-16
cooldown30,steady10s2,29,1787620685.2689219,model_5,0,4.0711736320068015,1278.8657413922147,937.6333333333333,341.23240805888133,131072,0.0383455865085125,0.07767887377767173,0.11525104624418782,,,3.9207491569817487e-16
cooldown30,steady10s2,29,1787620685.2689219,model_6,1,2.4416622970718502,1596.78736107222,887.4,709.38736107222,57344,0.03492606058716774,0.07767887377767173,0.11525104624418782,,,3.9207491569817487e-16
cooldown30,steady10s2,30,1787620690.300275,model_3,1,4.638817295856721,1380.1594564234692,760.8,619.3594564234693,114688,0.03177899122238159,0.08407156664444214,0.1166175061036161,,,2.5832053151132184e-16
cooldown30,steady10s2,30,1787620690.300275,model_4,0,0.46875133401178015,507.9048878210532,382.03333333333336,125.87155448771983,36864,0.0371999591588974,0.08407156664444214,0.1166175061036161,,,2.5832053151132184e-16
cooldown30,steady10s2,30,1787620690.300275,model_5,0,4.435478121006879,1393.3036338846412,815.9333333333333,577.3703005513079,131072,0.0383455865085125,0.08407156664444214,0.1166175061036161,,,2.5832053151132184e-16
cooldown30,steady10s2,30,1787620690.300275,model_6,1,2.237743498624284,1463.4294595980484,854.1333333333333,609.2961262647151,57344,0.03492606058716774,0.08407156664444214,0.1166175061036161,,,2.5832053151132184e-16
cooldown30,steady10s2,31,1787620695.3379493,model_3,1,3.459658358816181,1029.331378103522,681.7,347.6313781035219,114688,0.03177899122238159,0.07684522390506529,0.08839863591887165,,,1.703911822115561e-16
cooldown30,steady10s2,31,1787620695.3379493,model_4,0,0.35692566190288044,386.73871435783866,262.8666666666667,123.87204769117199,36864,0.0371999591588974,0.07684522390506529,0.08839863591887165,,,1.703911822115561e-16
cooldown30,steady10s2,31,1787620695.3379493,model_5,0,4.125762428668575,1296.0135587600914,867.4666666666667,428.54689209342473,131072,0.0383455865085125,0.07684522390506529,0.08839863591887165,,,1.703911822115561e-16
cooldown30,steady10s2,31,1787620695.3379493,model_6,1,1.7529260494390027,1146.3707180125614,794.8333333333334,351.537384679228,57344,0.03492606058716774,0.07684522390506529,0.08839863591887165,,,1.703911822115561e-16
cooldown30,steady10s2,32,1787620700.3854291,model_3,1,3.5636326943890473,1060.2662378563323,645.8666666666667,414.3995711896656,114688,0.03177899122238159,0.07409096112985528,0.09621983041358077,,,1.565409959190649e-16
cooldown30,steady10s2,32,1787620700.3854291,model_4,0,0.27681743139040416,299.9392561381425,196.23333333333332,103.7059228048092,36864,0.0371999591588974,0.07409096112985528,0.09621983041358077,,,1.565409959190649e-16
cooldown30,steady10s2,32,1787620700.3854291,model_5,0,4.045203537487306,1270.7078323508042,948.8666666666667,321.84116568413754,131072,0.0383455865085125,0.07409096112985528,0.09621983041358077,,,1.565409959190649e-16
cooldown30,steady10s2,32,1787620700.3854291,model_6,1,2.110142500955518,1379.9815312821468,858.6333333333333,521.3481979488134,57344,0.03492606058716774,0.07409096112985528,0.09621983041358077,,,1.565409959190649e-16
cooldown30,steady10s2,33,1787620705.4716735,model_3,1,3.8972607984278103,1159.5286043929502,624.5333333333333,534.9952710596169,114688,0.03177899122238159,0.086951580549508,0.10170842236017233,,,4.442802591146183e-16
cooldown30,steady10s2,33,1787620705.4716735,model_4,0,0.42251606472434644,457.8077093024742,222.86666666666667,234.94104263580755,36864,0.0371999591588974,0.086951580549508,0.10170842236017233,,,4.442802591146183e-16
cooldown30,steady10s2,33,1787620705.4716735,model_5,0,4.64971607643221,1460.6015696802006,1183.9,276.70156968020046,131072,0.0383455865085125,0.086951580549508,0.10170842236017233,,,4.442802591146183e-16
cooldown30,steady10s2,33,1787620705.4716735,model_6,1,2.1001590833611803,1373.4526206076189,915.9333333333333,457.5192872742856,57344,0.03492606058716774,0.086951580549508,0.10170842236017233,,,4.442802591146183e-16
cooldown30,steady10s2,34,1787620710.5015106,model_3,1,4.061290457569322,1208.331363967094,623.1333333333333,585.1980306337606,114688,0.03177899122238159,0.10326185022987833,0.10304650517177033,,,2.923407844836218e-16
cooldown30,steady10s2,34,1787620710.5015106,model_4,0,0.5111431436475229,553.8375727124252,254.53333333333333,299.3042393790919,36864,0.0371999591588974,0.10326185022987833,0.10304650517177033,,,2.923407844836218e-16
cooldown30,steady10s2,34,1787620710.5015106,model_5,0,5.512532014195791,1731.6353903107224,1205.2,526.4353903107224,131072,0.0383455865085125,0.10326185022987833,0.10304650517177033,,,2.923407844836218e-16
cooldown30,steady10s2,34,1787620710.5015106,model_6,1,2.0150318815730968,1317.7815148770399,875.4333333333333,442.3481815437066,57344,0.03492606058716774,0.10326185022987833,0.10304650517177033,,,2.923407844836218e-16
cooldown30,steady10s2,35,1787620715.5328858,model_3,1,3.9992005742723378,1189.858133806229,888.1,301.758133806229,114688,0.03177899122238159,0.10799122469122921,0.09911754144638496,,,1.409905839999738e-16
cooldown30,steady10s2,35,1787620715.5328858,model_4,0,0.616843224587891,668.3665006479022,368.4,299.9665006479022,36864,0.0371999591588974,0.10799122469122921,0.09911754144638496,,,1.409905839999738e-16
cooldown30,steady10s2,35,1787620715.5328858,model_5,0,5.682715189187389,1785.0945281247068,1198.0,587.0945281247068,131072,0.0383455865085125,0.10799122469122921,0.09911754144638496,,,1.409905839999738e-16
cooldown30,steady10s2,35,1787620715.5328858,model_6,1,1.8454433589460382,1206.8747732532904,827.1,379.7747732532904,57344,0.03492606058716774,0.10799122469122921,0.09911754144638496,,,1.409905839999738e-16
cooldown30,steady10s2,36,1787620720.5665438,model_3,1,3.8907055354731552,1157.5782563668938,901.8666666666667,255.71158970022714,114688,0.03177899122238159,0.11189945655356413,0.09745596624320031,,,2.721326144921986e-16
cooldown30,steady10s2,36,1787620720.5665438,model_4,0,0.6650043623015871,720.5504102668014,399.9,320.6504102668014,36864,0.0371999591588974,0.11189945655356413,0.09745596624320031,,,2.721326144921986e-16
cooldown30,steady10s2,36,1787620720.5665438,model_5,0,5.862536787865015,1841.5813554865351,1285.1666666666667,556.4146888198684,131072,0.0383455865085125,0.11189945655356413,0.09745596624320031,,,2.721326144921986e-16
cooldown30,steady10s2,36,1787620720.5665438,model_6,1,1.8559606302464966,1213.752811180845,922.0666666666667,291.6861445141782,57344,0.03492606058716774,0.11189945655356413,0.09745596624320031,,,2.721326144921986e-16
cooldown30,steady10s2,37,1787620725.6029358,model_3,1,4.546201894540308,1352.6041521756665,915.0666666666667,437.5374855089998,114688,0.03177899122238159,0.10271376478249779,0.11354906933477218,,,2.6530112784452236e-16
cooldown30,steady10s2,37,1787620725.6029358,model_4,0,0.6385372354090475,691.8725545682337,475.1,216.77255456823366,36864,0.0371999591588974,0.10271376478249779,0.11354906933477218,,,2.6530112784452236e-16
cooldown30,steady10s2,37,1787620725.6029358,model_5,0,5.353165914510606,1681.5741883947978,1151.7333333333333,529.8408550614645,131072,0.0383455865085125,0.10271376478249779,0.11354906933477218,,,2.6530112784452236e-16
cooldown30,steady10s2,37,1787620725.6029358,model_6,1,2.1494230122684956,1405.670023943985,1011.3,394.37002394398496,57344,0.03492606058716774,0.10271376478249779,0.11354906933477218,,,2.6530112784452236e-16
cooldown30,steady10s2,38,1787620730.6390302,model_3,1,4.665670016274548,1388.1487850931846,1007.6666666666666,380.482118426518,114688,0.03177899122238159,0.09975299597720001,0.11294932304144552,,,4.0006476376786703e-16
cooldown30,steady10s2,38,1787620730.6390302,model_4,0,0.6541317039378798,708.7695876304723,596.2333333333333,112.53625429713895,36864,0.0371999591588974,0.09975299597720001,0.11294932304144552,,,4.0006476376786703e-16
cooldown30,steady10s2,38,1787620730.6390302,model_5,0,5.164858004755546,1622.4215812139994,1095.0,527.4215812139994,131072,0.0383455865085125,0.09975299597720001,0.11294932304144552,,,4.0006476376786703e-16
cooldown30,steady10s2,38,1787620730.6390302,model_6,1,1.9945897726791275,1304.4128761612362,938.9,365.51287616123625,57344,0.03492606058716774,0.09975299597720001,0.11294932304144552,,,4.0006476376786703e-16
cooldown30,steady10s2,39,1787620735.6771994,model_3,1,5.264713648565393,1566.378640072584,1022.9666666666667,543.4119734059173,114688,0.03177899122238159,0.10144930530635712,0.12433380481517259,,,3.6343329400631493e-16
cooldown30,steady10s2,39,1787620735.6771994,model_4,0,0.8866713854794082,960.7326910876355,683.0333333333333,277.69935775430224,36864,0.0371999591588974,0.10144930530635712,0.12433380481517259,,,3.6343329400631493e-16
cooldown30,steady10s2,39,1787620735.6771994,model_5,0,5.031270805116235,1580.4582289845282,918.4333333333333,662.0248956511949,131072,0.0383455865085125,0.10144930530635712,0.12433380481517259,,,3.6343329400631493e-16
cooldown30,steady10s2,39,1787620735.6771994,model_6,1,2.0668525646667875,1351.6709728521935,880.4333333333333,471.2376395188602,57344,0.03492606058716774,0.10144930530635712,0.12433380481517259,,,3.6343329400631493e-16
cooldown30,steady10s2,40,1787620740.7169778,model_3,1,5.066459922919089,1507.3933994884542,934.3,573.0933994884542,114688,0.03177899122238159,0.11592075439832035,0.1176871314064114,,,2.559727287105053e-16
cooldown30,steady10s2,40,1787620740.7169778,model_4,0,0.6894454597020008,747.0330076114066,523.2333333333333,223.7996742780732,36864,0.0371999591588974,0.11592075439832035,0.1176871314064114,,,2.559727287105053e-16
cooldown30,steady10s2,40,1787620740.7169778,model_5,0,6.0726740161078325,1907.5911419712218,1081.4666666666667,826.1244753045551,131072,0.0383455865085125,0.11592075439832035,0.1176871314064114,,,2.559727287105053e-16
cooldown30,steady10s2,40,1787620740.7169778,model_6,1,1.8731732495242068,1225.0094427578476,817.4333333333333,407.57610942451436,57344,0.03492606058716774,0.11592075439832035,0.1176871314064114,,,2.559727287105053e-16
cooldown30,steady10s2,41,1787620745.7685907,model_3,1,4.068779275143807,1210.559466893693,742.0666666666667,468.49280022702635,114688,0.03177899122238159,0.1027970183356372,0.09694112349396097,,,2.9622932809930355e-16
cooldown30,steady10s2,41,1787620745.7685907,model_4,0,0.6142214914953164,665.5257811540833,537.6666666666666,127.85911448741672,36864,0.0371999591588974,0.1027970183356372,0.09694112349396097,,,2.9622932809930355e-16
cooldown30,steady10s2,41,1787620745.7685907,model_5,0,5.382338169892333,1690.737982764444,1087.4,603.337982764444,131072,0.0383455865085125,0.1027970183356372,0.09694112349396097,,,2.9622932809930355e-16
cooldown30,steady10s2,41,1787620745.7685907,model_6,1,1.64752826275888,1077.4431460638787,798.4666666666667,278.97647939721196,57344,0.03492606058716774,0.1027970183356372,0.09694112349396097,,,2.9622932809930355e-16
cooldown30,steady10s2,42,1787620750.8095505,model_3,1,3.6134219856149183,1075.0797467167447,781.6333333333333,293.44641338341137,114688,0.03177899122238159,0.10604400225251055,0.09004390247135681,,,2.871590191368571e-16
cooldown30,steady10s2,42,1787620750.8095505,model_4,0,0.5494358739524379,595.3287930646449,492.2,103.12879306464487,36864,0.0371999591588974,0.10604400225251055,0.09004390247135681,,,2.871590191368571e-16
cooldown30,steady10s2,42,1787620750.8095505,model_5,0,5.63653329650798,1770.5875466596997,1001.4,769.1875466596997,131072,0.0383455865085125,0.10604400225251055,0.09004390247135681,,,2.871590191368571e-16
cooldown30,steady10s2,42,1787620750.8095505,model_6,1,1.6961785212458893,1109.2592239703586,709.8333333333334,399.4258906370252,57344,0.03492606058716774,0.10604400225251055,0.09004390247135681,,,2.871590191368571e-16
cooldown30,steady10s2,43,1787620755.8579667,model_3,1,3.2213033065508476,958.415030597416,739.1,219.315030597416,114688,0.03177899122238159,0.09580806467472011,0.08904170041138733,,,3.1783850112789634e-16
cooldown30,steady10s2,43,1787620755.8579667,model_4,0,0.5640089868223799,611.119159342782,441.3,169.81915934278203,36864,0.0371999591588974,0.09580806467472011,0.08904170041138733,,,3.1783850112789634e-16
cooldown30,steady10s2,43,1787620755.8579667,model_5,0,5.024857160911734,1578.4435298849537,956.3,622.1435298849538,131072,0.0383455865085125,0.09580806467472011,0.08904170041138733,,,3.1783850112789634e-16
cooldown30,steady10s2,43,1787620755.8579667,model_6,1,2.029200555012035,1327.0474804028981,717.6666666666666,609.3808137362315,57344,0.03492606058716774,0.09580806467472011,0.08904170041138733,,,3.1783850112789634e-16
cooldown30,steady10s2,44,1787620760.8962994,model_3,1,3.8616381527688626,1148.930012524947,730.9666666666667,417.96334585828026,114688,0.03177899122238159,0.09000763896199142,0.09497115617504458,,,4.75797558545361e-16
cooldown30,steady10s2,44,1787620760.8962994,model_4,0,0.5448538294730545,590.3640225809543,457.5,132.86402258095427,36864,0.0371999591588974,0.09000763896199142,0.09497115617504458,,,4.75797558545361e-16
cooldown30,steady10s2,44,1787620760.8962994,model_5,0,4.705650375366397,1478.1720457005176,929.6333333333333,548.5387123671843,131072,0.0383455865085125,0.09000763896199142,0.09497115617504458,,,4.75797558545361e-16
cooldown30,steady10s2,44,1787620760.8962994,model_6,1,1.7385067223888937,1136.9408311619543,704.4,432.5408311619543,57344,0.03492606058716774,0.09000763896199142,0.09497115617504458,,,4.75797558545361e-16
cooldown30,steady10s2,45,1787620765.9338882,model_3,1,4.630927281847284,1377.8119879305489,856.3666666666667,521.4453212638822,114688,0.03177899122238159,0.07770404101324067,0.10358369985453822,MIGRATE,model_4,8.177745348341247e-08
cooldown30,steady10s2,45,1787620765.9338882,model_4,0,0.5175627923862917,560.7934376581513,307.0,253.79343765815133,36864,0.0371999591588974,0.07770404101324067,0.10358369985453822,MIGRATE,model_4,8.177745348341247e-08
cooldown30,steady10s2,45,1787620765.9338882,model_5,0,4.0152235219544465,1261.2902986720744,932.6666666666666,328.6236320054078,131072,0.0383455865085125,0.07770404101324067,0.10358369985453822,MIGRATE,model_4,8.177745348341247e-08
cooldown30,steady10s2,45,1787620765.9338882,model_6,1,1.4770722065328346,965.969058706926,588.3333333333334,377.63572537359266,57344,0.03492606058716774,0.07770404101324067,0.10358369985453822,MIGRATE,model_4,8.177745348341247e-08
cooldown30,steady10s2,46,1787620770.971077,model_3,1,4.345512524687982,1292.8942489956576,960.7,332.1942489956575,114688,0.03177899122238159,0.07624704230236029,0.11633285090668523,,,2.8739618620450086e-16
cooldown30,steady10s2,46,1787620770.971077,model_4,1,0.45315930581817465,491.0104989287607,402.1,88.91049892876066,36864,0.0371999591588974,0.07624704230236029,0.11633285090668523,,,2.8739618620450086e-16
cooldown30,steady10s2,46,1787620770.971077,model_5,0,4.892766747742279,1536.9503587657719,846.6666666666666,690.2836920991052,131072,0.0383455865085125,0.07624704230236029,0.11633285090668523,,,2.8739618620450086e-16
cooldown30,steady10s2,46,1787620770.971077,model_6,1,1.3821925117097789,903.9200613097292,678.1666666666666,225.75339464306262,57344,0.03492606058716774,0.07624704230236029,0.11633285090668523,,,2.8739618620450086e-16
cooldown30,steady10s2,47,1787620776.012422,model_3,1,5.761539378024947,1714.1962161863364,981.9666666666667,732.2295495196697,114688,0.03177899122238159,0.08460973273610743,0.15160294292659984,,,2.2053409409779983e-16
cooldown30,steady10s2,47,1787620776.012422,model_4,1,0.6209553878804062,672.8221420173074,436.3,236.52214201730743,36864,0.0371999591588974,0.08460973273610743,0.15160294292659984,,,2.2053409409779983e-16
cooldown30,steady10s2,47,1787620776.012422,model_5,0,5.429399939540643,1705.5213573813717,999.3,706.2213573813717,131072,0.0383455865085125,0.08460973273610743,0.15160294292659984,,,2.2053409409779983e-16
cooldown30,steady10s2,47,1787620776.012422,model_6,1,1.6722998755639762,1093.6431743347778,748.8666666666667,344.7765076681111,57344,0.03492606058716774,0.08460973273610743,0.15160294292659984,,,2.2053409409779983e-16
cooldown30,steady10s2,48,1787620781.4503596,model_3,1,5.916449379911583,1760.2856588960933,993.9333333333333,766.35232556276,114688,0.03177899122238159,0.07945705516193324,0.1564361516210159,,,1.0686026642318212e-16
cooldown30,steady10s2,48,1787620781.4503596,model_4,1,1.1975688965153952,1297.5986453989449,472.3,825.2986453989449,36864,0.0371999591588974,0.07945705516193324,0.1564361516210159,,,1.0686026642318212e-16
cooldown30,steady10s2,48,1787620781.4503596,model_5,0,5.098753022158821,1601.656218392417,984.6,617.056218392417,131072,0.0383455865085125,0.07945705516193324,0.1564361516210159,,,1.0686026642318212e-16
cooldown30,steady10s2,48,1787620781.4503596,model_6,1,1.1975688965153957,783.1807372634045,645.9333333333333,137.2474039300712,57344,0.03492606058716774,0.07945705516193324,0.1564361516210159,,,1.0686026642318212e-16
cooldown30,steady10s2,49,1787620786.5157008,model_3,1,5.391609780800349,1604.1332843531563,1034.8333333333333,569.2999510198231,114688,0.03177899122238159,0.06328134577129291,0.14460237961637692,,,1.1560535092705912e-16
cooldown30,steady10s2,49,1787620786.5157008,model_4,1,1.1456194579438694,1241.3100082142357,447.76666666666665,793.5433415475691,36864,0.0371999591588974,0.06328134577129291,0.14460237961637692,,,1.1560535092705912e-16
cooldown30,steady10s2,49,1787620786.5157008,model_5,0,4.060759014288727,1275.5942283069874,1057.4333333333334,218.16089497365397,131072,0.0383455865085125,0.06328134577129291,0.14460237961637692,,,1.1560535092705912e-16
cooldown30,steady10s2,49,1787620786.5157008,model_6,1,1.1456194579438699,749.2070763581718,575.2666666666667,173.94040969150512,57344,0.03492606058716774,0.06328134577129291,0.14460237961637692,,,1.1560535092705912e-16
cooldown30,steady10s2,50,1787620791.5595622,model_3,1,4.564676128182344,1358.1006799833053,1040.4333333333334,317.66734664997193,114688,0.03177899122238159,0.10212287102011729,0.12365362411807199,,,4.055718292043794e-16
cooldown30,steady10s2,50,1787620791.5595622,model_4,1,0.5168982027423776,560.0733366065974,345.1666666666667,214.90666993993074,36864,0.0371999591588974,0.10212287102011729,0.12365362411807199,,,4.055718292043794e-16
cooldown30,steady10s2,50,1787620791.5595622,model_5,0,6.553216655011626,2058.5425809717103,1210.4666666666667,848.0759143050436,131072,0.0383455865085125,0.10212287102011729,0.12365362411807199,,,4.055718292043794e-16
cooldown30,steady10s2,50,1787620791.5595622,model_6,1,1.4882489833016717,973.2783970635888,628.6333333333333,344.6450637302555,57344,0.03492606058716774,0.10212287102011729,0.12365362411807199,,,4.055718292043794e-16
cooldown30,steady10s2,51,1787620796.604929,model_3,1,4.382595166069877,1303.927224624617,883.3666666666667,420.56055795795044,114688,0.03177899122238159,0.09351314776409524,0.13264698419355253,MIGRATE,model_4,1.2602479386976982e-16
cooldown30,steady10s2,51,1787620796.604929,model_4,1,0.683466502420206,740.5546439094687,544.7,195.85464390946868,36864,0.0371999591588974,0.09351314776409524,0.13264698419355253,MIGRATE,model_4,1.2602479386976982e-16
cooldown30,steady10s2,51,1787620796.604929,model_5,0,6.000731386307321,1884.9920162856429,1258.6666666666667,626.3253496189761,131072,0.0383455865085125,0.09351314776409524,0.13264698419355253,MIGRATE,model_4,1.2602479386976982e-16
cooldown30,steady10s2,51,1787620796.604929,model_6,1,1.981586595215404,1295.909116467378,729.2,566.709116467378,57344,0.03492606058716774,0.09351314776409524,0.13264698419355253,MIGRATE,model_4,1.2602479386976982e-16
cooldown30,steady10s2,52,1787620801.646879,model_3,1,4.058087840986482,1207.3785086851985,824.9333333333333,382.44517535186526,114688,0.03177899122238159,0.09470760298557306,0.10765881429205719,,,1.3990817360522174e-16
cooldown30,steady10s2,52,1787620801.646879,model_4,0,0.42137317566077526,456.569357751222,456.43333333333334,0.13602441788867736,36864,0.0371999591588974,0.09470760298557306,0.10765881429205719,,,1.3990817360522174e-16
cooldown30,steady10s2,52,1787620801.646879,model_5,0,5.103298657093348,1603.084125260584,1071.6666666666667,531.4174585939172,131072,0.0383455865085125,0.09470760298557306,0.10765881429205719,,,1.3990817360522174e-16
cooldown30,steady10s2,52,1787620801.646879,model_6,1,2.290207593176602,1497.7396929139761,783.5666666666667,714.1730262473094,57344,0.03492606058716774,0.09470760298557306,0.10765881429205719,,,1.3990817360522174e-16
cooldown30,steady10s2,53,1787620806.7196972,model_3,1,4.788702179215078,1424.753805790652,931.3,493.45380579065204,114688,0.03177899122238159,0.09833022348244239,0.11525933006959271,,,5.227289824090053e-16
cooldown30,steady10s2,53,1787620806.7196972,model_4,0,0.5203297362345247,563.7914969763327,459.8333333333333,103.95816364299941,36864,0.0371999591588974,0.09833022348244239,0.11525933006959271,,,5.227289824090053e-16
cooldown30,steady10s2,53,1787620806.7196972,model_5,0,5.215663983980531,1638.3811133199024,1192.8666666666666,445.51444665323584,131072,0.0383455865085125,0.09833022348244239,0.11525933006959271,,,5.227289824090053e-16
cooldown30,steady10s2,53,1787620806.7196972,model_6,1,2.0077713249471776,1313.0332886098279,754.6333333333333,558.3999552764946,57344,0.03492606058716774,0.09833022348244239,0.11525933006959271,,,5.227289824090053e-16
cooldown30,steady10s2,54,1787620811.7650545,model_3,1,5.029268378561497,1496.3280226110398,991.3666666666667,504.96135594437317,114688,0.03177899122238159,0.1183640155253363,0.12123037380213778,,,3.727369868055259e-16
cooldown30,steady10s2,54,1787620811.7650545,model_4,0,0.5836014392403772,632.348117268803,453.2,179.148117268803,36864,0.0371999591588974,0.1183640155253363,0.12123037380213778,,,3.727369868055259e-16
cooldown30,steady10s2,54,1787620811.7650545,model_5,0,6.321043192976851,1985.610617490128,1415.5333333333333,570.0772841567948,131072,0.0383455865085125,0.1183640155253363,0.12123037380213778,,,3.727369868055259e-16
cooldown30,steady10s2,54,1787620811.7650545,model_6,1,2.1192984485094852,1385.9692968098973,803.3,582.6692968098973,57344,0.03492606058716774,0.1183640155253363,0.12123037380213778,,,3.727369868055259e-16
cooldown30,steady10s2,55,1787620816.809723,model_3,1,5.285794424175845,1572.6506766611976,1016.6666666666666,555.984009994531,114688,0.03177899122238159,0.1055030486336458,0.12012423071822817,,,2.507795136759172e-16
cooldown30,steady10s2,55,1787620816.809723,model_4,0,0.4508688231343072,488.5286983104045,443.53333333333336,44.99536497707112,36864,0.0371999591588974,0.1055030486336458,0.12012423071822817,,,2.507795136759172e-16
cooldown30,steady10s2,55,1787620816.809723,model_5,0,5.703544367375654,1791.6375363120524,1390.1,401.53753631205245,131072,0.0383455865085125,0.1055030486336458,0.12012423071822817,,,2.507795136759172e-16
cooldown30,steady10s2,55,1787620816.809723,model_6,1,1.7975466883515518,1175.5515233778126,837.9,337.6515233778126,57344,0.03492606058716774,0.1055030486336458,0.12012423071822817,,,2.507795136759172e-16
cooldown30,steady10s2,56,1787620821.8574355,model_3,1,5.002595309916809,1488.392144654674,982.9333333333333,505.4588113213407,114688,0.03177899122238159,0.10410390004782383,0.11788919505580839,,,3.833009820698579e-16
cooldown30,steady10s2,56,1787620821.8574355,model_4,0,0.5492463847827138,595.1234763679043,439.3,155.82347636790433,36864,0.0371999591588974,0.10410390004782383,0.11788919505580839,,,3.833009820698579e-16
cooldown30,steady10s2,56,1787620821.8574355,model_5,0,5.523548893983606,1735.0960902000386,1407.9666666666667,327.1294235333719,131072,0.0383455865085125,0.10410390004782383,0.11788919505580839,,,3.833009820698579e-16
cooldown30,steady10s2,56,1787620821.8574355,model_6,1,1.9489529086963,1274.5674844810917,827.0666666666667,447.500817814425,57344,0.03492606058716774,0.10410390004782383,0.11788919505580839,,,3.833009820698579e-16
cooldown30,steady10s2,57,1787620826.9065826,model_3,1,4.917862143738897,1463.1819944990298,1042.0666666666666,421.11532783236316,114688,0.03177899122238159,0.10898813759132386,0.11997942411936774,,,2.510821866442684e-16
cooldown30,steady10s2,57,1787620826.9065826,model_4,0,0.40689431365746054,440.88111486424754,266.96666666666664,173.9144481975809,36864,0.0371999591588974,0.10898813759132386,0.11997942411936774,,,2.510821866442684e-16
cooldown30,steady10s2,57,1787620826.9065826,model_5,0,5.950818001655177,1869.3128722750018,1431.4333333333334,437.87953894166844,131072,0.0383455865085125,0.10898813759132386,0.11997942411936774,,,2.510821866442684e-16
cooldown30,steady10s2,57,1787620826.9065826,model_6,1,2.1569401874873373,1410.5860724879653,772.7,637.8860724879653,57344,0.03492606058716774,0.10898813759132386,0.11997942411936774,,,2.510821866442684e-16
cooldown30,steady10s2,58,1787620831.9621377,model_3,1,5.348248227635959,1591.2321818030528,1171.4666666666667,419.76551513638606,114688,0.03177899122238159,0.1041658551342016,0.12395629634915853,,,1.2151337627640984e-16
cooldown30,steady10s2,58,1787620831.9621377,model_4,0,0.361236521528701,391.4096486374831,251.7,139.7096486374831,36864,0.0371999591588974,0.1041658551342016,0.12395629634915853,,,1.2151337627640984e-16
cooldown30,steady10s2,58,1787620831.9621377,model_5,0,5.715172844278329,1795.2903553955928,1364.7666666666667,430.5236887289261,131072,0.0383455865085125,0.1041658551342016,0.12395629634915853,,,1.2151337627640984e-16
cooldown30,steady10s2,58,1787620831.9621377,model_6,1,1.9610575205621763,1282.4836042742734,627.1666666666666,655.3169376076067,57344,0.03492606058716774,0.1041658551342016,0.12395629634915853,,,1.2151337627640984e-16
cooldown30,steady10s2,59,1787620837.012014,model_3,1,4.412853806022621,1312.9298960828341,935.3333333333334,377.5965627495008,114688,0.03177899122238159,0.08922689998528206,0.0976554816031971,,,1.5423965795702292e-16
cooldown30,steady10s2,59,1787620837.012014,model_4,0,0.36555312484431424,396.08680636207197,260.9,135.186806362072,36864,0.0371999591588974,0.08922689998528206,0.0976554816031971,,,1.5423965795702292e-16
cooldown30,steady10s2,59,1787620837.012014,model_5,0,4.8394074647268175,1520.1887648860022,1314.4666666666667,205.72209821933552,131072,0.0383455865085125,0.08922689998528206,0.0976554816031971,,,1.5423965795702292e-16
cooldown30,steady10s2,59,1787620837.012014,model_6,1,1.3455771414034021,879.9745056133835,644.3333333333334,235.6411722800501,57344,0.03492606058716774,0.08922689998528206,0.0976554816031971,,,1.5423965795702292e-16
cooldown30,steady10s2,60,1787620842.083383,model_3,1,5.377757027793451,1600.0117579293749,861.1,738.9117579293749,114688,0.03177899122238159,0.10131060886885974,0.11632485777057351,,,2.5897041043132505e-16
cooldown30,steady10s2,60,1787620842.083383,model_4,0,0.35451606265023683,384.12784768011966,233.26666666666668,150.86118101345298,36864,0.0371999591588974,0.10131060886885974,0.11632485777057351,,,2.5897041043132505e-16
cooldown30,steady10s2,60,1787620842.083383,model_5,0,5.555335412127566,1745.0810952051959,1259.7333333333333,485.34776187186253,131072,0.0383455865085125,0.10131060886885974,0.11632485777057351,,,2.5897041043132505e-16
cooldown30,steady10s2,60,1787620842.083383,model_6,1,1.4815472318772234,968.8956157164548,593.1,375.7956157164548,57344,0.03492606058716774,0.10131060886885974,0.11632485777057351,,,2.5897041043132505e-16
cooldown30,steady10s2,61,1787620847.1619313,model_3,1,3.822637061886532,1137.3262521353847,854.3333333333334,282.99291880205135,114688,0.03177899122238159,0.09249612986523943,0.09183800392804238,,,3.28019935884217e-16
cooldown30,steady10s2,61,1787620847.1619313,model_4,0,0.42671352327256384,462.35577041372494,249.53333333333333,212.8224370803916,36864,0.0371999591588974,0.09249612986523943,0.09183800392804238,,,3.28019935884217e-16
cooldown30,steady10s2,61,1787620847.1619313,model_5,0,4.968954271034286,1560.882920298806,1262.9333333333334,297.9495869654727,131072,0.0383455865085125,0.09249612986523943,0.09183800392804238,,,3.28019935884217e-16
cooldown30,steady10s2,61,1787620847.1619313,model_6,1,1.5927558611437969,1041.6233364450702,616.7333333333333,424.89000311173686,57344,0.03492606058716774,0.09249612986523943,0.09183800392804238,,,3.28019935884217e-16
cooldown30,steady10s2,62,1787620852.214541,model_3,1,4.140042775910931,1231.76206837779,855.4666666666667,376.2954017111233,114688,0.03177899122238159,0.09737854474292347,0.09619076503370833,,,4.690688039018551e-16
cooldown30,steady10s2,62,1787620852.214541,model_4,0,0.35744750500033695,387.30414562307993,258.3666666666667,128.93747895641326,36864,0.0371999591588974,0.09737854474292347,0.09619076503370833,,,4.690688039018551e-16
cooldown30,steady10s2,62,1787620852.214541,model_5,0,5.323031002493601,1672.1079975412727,1179.3666666666666,492.7413308746061,131072,0.0383455865085125,0.09737854474292347,0.09619076503370833,,,4.690688039018551e-16
cooldown30,steady10s2,62,1787620852.214541,model_6,1,1.5320185270826008,1001.9026070508179,663.3666666666667,338.5359403841512,57344,0.03492606058716774,0.09737854474292347,0.09619076503370833,,,4.690688039018551e-16
cooldown30,steady10s2,63,1787620857.2674778,model_3,1,3.8823501673612593,1155.092333862071,805.9333333333333,349.1590005287377,114688,0.03177899122238159,0.09364888328449782,0.09687053565099399,,,4.664684048317506e-16
cooldown30,steady10s2,63,1787620857.2674778,model_4,0,0.49995811337201124,541.7182865682366,291.76666666666665,249.95161990156998,36864,0.0371999591588974,0.09364888328449782,0.09687053565099399,,,4.664684048317506e-16
cooldown30,steady10s2,63,1787620857.2674778,model_5,0,4.962954380882086,1558.9981925369045,1402.5333333333333,156.46485920357122,131072,0.0383455865085125,0.09364888328449782,0.09687053565099399,,,4.664684048317506e-16
cooldown30,steady10s2,63,1787620857.2674778,model_6,1,1.8297950315433502,1196.6411502627166,855.3333333333334,341.3078169293832,57344,0.03492606058716774,0.09364888328449782,0.09687053565099399,,,4.664684048317506e-16
cooldown30,steady10s2,64,1787620862.716518,model_3,1,3.369641591765475,1002.5492299053884,632.8333333333334,369.71589657205504,114688,0.03177899122238159,0.12669341617924604,0.08771166522352111,MIGRATE,model_4,2.4035575478598495e-16
cooldown30,steady10s2,64,1787620862.716518,model_4,0,0.5945375383132865,644.1976796482592,403.7,240.49767964825918,36864,0.0371999591588974,0.12669341617924604,0.08771166522352111,MIGRATE,model_4,2.4035575478598495e-16
cooldown30,steady10s2,64,1787620862.716518,model_5,0,6.795994221502226,2134.8055804474543,1515.0,619.8055804474543,131072,0.0383455865085125,0.12669341617924604,0.08771166522352111,MIGRATE,model_4,2.4035575478598495e-16
cooldown30,steady10s2,64,1787620862.716518,model_6,1,1.802434355037894,1178.7479377219438,858.8,319.94793772194384,57344,0.03492606058716774,0.12669341617924604,0.08771166522352111,MIGRATE,model_4,2.4035575478598495e-16
cooldown30,steady10s2,65,1787620867.7952614,model_3,1,3.5391134262215296,1052.971167223521,778.6,274.37116722352096,114688,0.03177899122238159,0.13845059836824972,0.10647112922351065,,,9.997096152506966e-17
cooldown30,steady10s2,65,1787620867.7952614,model_4,1,0.5008205534609598,542.6527639869587,411.8,130.85276398695868,36864,0.0371999591588974,0.13845059836824972,0.10647112922351065,,,9.997096152506966e-17
cooldown30,steady10s2,65,1787620867.7952614,model_5,0,8.884364080837587,2790.819032554527,1325.5,1465.319032554527,131072,0.0383455865085125,0.13845059836824972,0.10647112922351065,,,9.997096152506966e-17
cooldown30,steady10s2,65,1787620867.7952614,model_6,1,1.616968614589308,1057.4578843778108,777.7,279.7578843778108,57344,0.03492606058716774,0.13845059836824972,0.10647112922351065,,,9.997096152506966e-17
cooldown30,steady10s2,66,1787620872.8571985,model_3,1,3.8191221036867544,1136.2804677276456,805.6,330.6804677276456,114688,0.03177899122238159,0.0997251601866784,0.1176517529272598,,,1.387918496865357e-16
cooldown30,steady10s2,66,1787620872.8571985,model_4,1,0.5811447362721938,629.6862124273043,439.8333333333333,189.852879093971,36864,0.0371999591588974,0.0997251601866784,0.1176517529272598,,,1.387918496865357e-16
cooldown30,steady10s2,66,1787620872.8571985,model_5,0,6.399355738151014,2010.2107058668794,1347.9333333333334,662.277372533546,131072,0.0383455865085125,0.0997251601866784,0.1176517529272598,,,1.387918496865357e-16
cooldown30,steady10s2,66,1787620872.8571985,model_6,1,1.8506719000415364,1210.2941111151033,900.6333333333333,309.66077778177,57344,0.03492606058716774,0.0997251601866784,0.1176517529272598,,,1.387918496865357e-16
cooldown30,steady10s2,67,1787620877.937898,model_3,1,4.068913451653555,1210.59938762498,909.2333333333333,301.3660542916466,114688,0.03177899122238159,0.07925031717829781,0.12021467858403953,,,1.3905796727437662e-16
cooldown30,steady10s2,67,1787620877.937898,model_4,1,0.746703074084786,809.0731984330477,496.2,312.87319843304766,36864,0.0371999591588974,0.07925031717829781,0.12021467858403953,,,1.3905796727437662e-16
cooldown30,steady10s2,67,1787620877.937898,model_5,0,5.08548666190034,1597.4888958507904,1254.9,342.5888958507903,131072,0.0383455865085125,0.07925031717829781,0.12021467858403953,,,1.3905796727437662e-16
cooldown30,steady10s2,67,1787620877.937898,model_6,1,1.5714926569210887,1027.7177214878193,721.9333333333333,305.784388154486,57344,0.03492606058716774,0.07925031717829781,0.12021467858403953,,,1.3905796727437662e-16
cooldown30,steady10s2,68,1787620882.9998608,model_3,1,4.591818302347654,1366.1761280884948,929.3,436.87612808849485,114688,0.03177899122238159,0.08455357457191558,0.12602883594425812,,,1.3264272985773532e-16
cooldown30,steady10s2,68,1787620882.9998608,model_4,1,0.6568500152861372,711.7149523051352,478.26666666666665,233.44828563846852,36864,0.0371999591588974,0.08455357457191558,0.12602883594425812,,,1.3264272985773532e-16
cooldown30,steady10s2,68,1787620882.9998608,model_5,0,5.425796274531808,1704.389348742138,1248.8333333333333,455.5560154088048,131072,0.0383455865085125,0.08455357457191558,0.12602883594425812,,,1.3264272985773532e-16
cooldown30,steady10s2,68,1787620882.9998608,model_6,1,1.4473520421155321,946.532798841076,641.3,305.23279884107603,57344,0.03492606058716774,0.08455357457191558,0.12602883594425812,,,1.3264272985773532e-16
cooldown30,steady10s2,69,1787620888.0583212,model_3,1,3.960255984204784,1178.2711837648299,876.5333333333333,301.73785043149655,114688,0.03177899122238159,0.09915404029891868,0.12298522135304546,,,2.7185069322193187e-16
cooldown30,steady10s2,69,1787620888.0583212,model_4,1,0.5375277946657855,582.4260635460139,422.93333333333334,159.49273021268056,36864,0.0371999591588974,0.09915404029891868,0.12298522135304546,,,2.7185069322193187e-16
cooldown30,steady10s2,69,1787620888.0583212,model_5,0,6.362707019572213,1998.6983522084945,1240.5666666666666,758.1316855418279,131072,0.0383455865085125,0.09915404029891868,0.12298522135304546,,,2.7185069322193187e-16
cooldown30,steady10s2,69,1787620888.0583212,model_6,1,2.0365267220413372,1331.8386142675292,891.3333333333334,440.50528093419587,57344,0.03492606058716774,0.09915404029891868,0.12298522135304546,,,2.7185069322193187e-16
cooldown30,steady10s2,70,1787620893.1213422,model_3,1,4.28432730177705,1274.690177007454,858.6666666666666,416.0235103407873,114688,0.03177899122238159,0.08466460535185909,0.12480685671419159,MIGRATE,model_4,5.357657193056519e-16
cooldown30,steady10s2,70,1787620893.1213422,model_4,1,0.4017896438073638,435.35006550085154,400.53333333333336,34.81673216751818,36864,0.0371999591588974,0.08466460535185909,0.12480685671419159,MIGRATE,model_4,5.357657193056519e-16
cooldown30,steady10s2,70,1787620893.1213422,model_5,0,5.432921111006504,1706.6274525677463,1276.7666666666667,429.8607859010797,131072,0.0383455865085125,0.08466460535185909,0.12480685671419159,MIGRATE,model_4,5.357657193056519e-16
cooldown30,steady10s2,70,1787620893.1213422,model_6,1,1.9449786075330782,1271.9683888264067,943.3333333333334,328.6350554930733,57344,0.03492606058716774,0.08466460535185909,0.12480685671419159,MIGRATE,model_4,5.357657193056519e-16
cooldown30,steady10s2,71,1787620898.178406,model_3,1,5.106870418525784,1519.4164916029365,805.2,714.2164916029365,114688,0.03177899122238159,0.1179405601006108,0.1269832576339569,,,2.372336063943851e-16
cooldown30,steady10s2,71,1787620898.178406,model_4,0,0.5402944115608994,585.4237686015507,389.6333333333333,195.79043526821738,36864,0.0371999591588974,0.1179405601006108,0.1269832576339569,,,2.372336063943851e-16
cooldown30,steady10s2,71,1787620898.178406,model_5,0,6.339648378526881,1991.45500944264,1376.1,615.35500944264,131072,0.0383455865085125,0.1179405601006108,0.1269832576339569,,,2.372336063943851e-16
cooldown30,steady10s2,71,1787620898.178406,model_6,1,2.3809255409015453,1557.0670096044616,1005.6666666666666,551.400342937795,57344,0.03492606058716774,0.1179405601006108,0.1269832576339569,,,2.372336063943851e-16
cooldown30,steady10s2,72,1787620903.2468407,model_3,1,5.504775005602891,1637.802654192106,858.6333333333333,779.1693208587727,114688,0.03177899122238159,0.1261594077247406,0.13106269542811155,,,3.447742631319656e-16
cooldown30,steady10s2,72,1787620903.2468407,model_4,0,0.5355772893362378,580.312637687319,378.76666666666665,201.54597102065236,36864,0.0371999591588974,0.1261594077247406,0.13106269542811155,,,3.447742631319656e-16
cooldown30,steady10s2,72,1787620903.2468407,model_5,0,6.823803629638037,2143.5412676393935,1436.3333333333333,707.2079343060602,131072,0.0383455865085125,0.1261594077247406,0.13106269542811155,,,3.447742631319656e-16
cooldown30,steady10s2,72,1787620903.2468407,model_6,1,2.2235723335965565,1454.1618646341253,988.6666666666666,465.4951979674587,57344,0.03492606058716774,0.1261594077247406,0.13106269542811155,,,3.447742631319656e-16
cooldown30,steady10s2,73,1787620908.3118987,model_3,1,3.346722632886866,995.7302896863058,715.4333333333333,280.29695635297253,114688,0.03177899122238159,0.12060177467153436,0.08882280483042036,,,2.524962153758842e-16
cooldown30,steady10s2,73,1787620908.3118987,model_4,0,0.4810461306945404,521.2266362126707,360.23333333333335,160.9933028793373,36864,0.0371999591588974,0.12060177467153436,0.08882280483042036,,,2.524962153758842e-16
cooldown30,steady10s2,73,1787620908.3118987,model_5,0,6.554135908592016,2058.8313433822277,1466.4666666666667,592.364676715561,131072,0.0383455865085125,0.12060177467153436,0.08882280483042036,,,2.524962153758842e-16
cooldown30,steady10s2,73,1787620908.3118987,model_6,1,1.8908736574162988,1236.5850761457284,1006.8333333333334,229.75174281239504,57344,0.03492606058716774,0.12060177467153436,0.08882280483042036,,,2.524962153758842e-16
cooldown30,steady10s2,74,1787620913.4099357,model_3,1,2.838345095089494,844.4757734002231,719.8,124.67577340022319,114688,0.03177899122238159,0.09879790423290298,0.08243981827027624,,,1.5411000824669437e-16
cooldown30,steady10s2,74,1787620913.4099357,model_4,0,0.408573347059211,442.7003934661138,354.8333333333333,87.86706013278047,36864,0.0371999591588974,0.09879790423290298,0.08243981827027624,,,1.5411000824669437e-16
cooldown30,steady10s2,74,1787620913.4099357,model_5,0,5.354702054745697,1682.0567315870578,1232.2333333333333,449.82339825372446,131072,0.0383455865085125,0.09879790423290298,0.08243981827027624,,,1.5411000824669437e-16
cooldown30,steady10s2,74,1787620913.4099357,model_6,1,2.022866923265798,1322.9054403123396,1090.7333333333333,232.17210697900623,57344,0.03492606058716774,0.09879790423290298,0.08243981827027624,,,1.5411000824669437e-16
cooldown30,steady10s2,75,1787620918.48216,model_3,1,3.693594204519898,1098.9329056163183,746.6666666666666,352.26623894965167,114688,0.03177899122238159,0.10995001298161225,0.09596755143195079,,,1.384787998036445e-16
cooldown30,steady10s2,75,1787620918.48216,model_4,0,0.4253458096366729,460.87381529081733,339.73333333333335,121.14048195748398,36864,0.0371999591588974,0.10995001298161225,0.09596755143195079,,,1.384787998036445e-16
cooldown30,steady10s2,75,1787620918.48216,model_5,0,5.988476529663744,1881.1424343852468,1254.6,626.5424343852469,131072,0.0383455865085125,0.10995001298161225,0.09596755143195079,,,1.384787998036445e-16
cooldown30,steady10s2,75,1787620918.48216,model_6,1,1.9653049073590598,1285.2612912471943,850.8,434.46129124719437,57344,0.03492606058716774,0.10995001298161225,0.09596755143195079,,,1.384787998036445e-16
cooldown30,steady10s2,76,1787620923.8244894,model_3,1,3.902983635182647,1161.2312856500478,840.3666666666667,320.8646189833811,114688,0.03177899122238159,0.09243870480535016,0.10477664685253407,,,1.4375672950580947e-16
cooldown30,steady10s2,76,1787620923.8244894,model_4,0,0.47728905015882805,517.1557367195554,318.73333333333335,198.42240338622207,36864,0.0371999591588974,0.09243870480535016,0.10477664685253407,,,1.4375672950580947e-16
cooldown30,steady10s2,76,1787620923.8244894,model_5,0,4.9150289116017065,1543.9435065070654,1073.3333333333333,470.61017317373216,131072,0.0383455865085125,0.09243870480535016,0.10477664685253407,,,1.4375672950580947e-16
cooldown30,steady10s2,76,1787620923.8244894,model_6,1,2.2753596170143386,1488.0294800389868,1062.3666666666666,425.6628133723202,57344,0.03492606058716774,0.09243870480535016,0.10477664685253407,,,1.4375672950580947e-16
cooldown30,steady10s2,77,1787620928.888934,model_3,1,4.4282613423902175,1317.5140078642833,856.0333333333333,461.48067453094995,114688,0.03177899122238159,0.09923430377135402,0.11865561653306661,,,5.077668810024828e-16
cooldown30,steady10s2,77,1787620928.888934,model_4,0,0.4483447986640394,485.7938487805752,360.93333333333334,124.86051544724188,36864,0.0371999591588974,0.09923430377135402,0.11865561653306661,,,5.077668810024828e-16
cooldown30,steady10s2,77,1787620928.888934,model_5,0,5.340387526998133,1677.5601512897579,929.9666666666667,747.5934846230912,131072,0.0383455865085125,0.09923430377135402,0.11865561653306661,,,5.077668810024828e-16
cooldown30,steady10s2,77,1787620928.888934,model_6,1,2.5684802957930137,1679.7232272471924,999.5,680.2232272471924,57344,0.03492606058716774,0.09923430377135402,0.11865561653306661,,,5.077668810024828e-16
cooldown30,steady10s2,78,1787620933.951959,model_3,1,4.294211937921258,1277.6310934474952,828.3,449.3310934474953,114688,0.03177899122238159,0.08392683247693082,0.11568136702811743,,,3.9061644412736983e-16
cooldown30,steady10s2,78,1787620933.951959,model_4,0,0.4016149598053058,435.160790608106,370.26666666666665,64.89412394143937,36864,0.0371999591588974,0.08392683247693082,0.11568136702811743,,,3.9061644412736983e-16
cooldown30,steady10s2,78,1787620933.951959,model_5,0,4.494171574547222,1411.740834987199,956.4333333333333,455.30750165386564,131072,0.0383455865085125,0.08392683247693082,0.11568136702811743,,,3.9061644412736983e-16
cooldown30,steady10s2,78,1787620933.951959,model_6,1,2.527147733848066,1652.692743714078,1085.5333333333333,567.1594103807447,57344,0.03492606058716774,0.08392683247693082,0.11568136702811743,,,3.9061644412736983e-16
cooldown30,steady10s2,79,1787620939.07115,model_3,1,4.682598361258528,1393.185373930625,855.7666666666667,537.4187072639584,114688,0.03177899122238159,0.08478349149355485,0.12454714691603948,,,3.6281075367208676e-16
cooldown30,steady10s2,79,1787620939.07115,model_4,0,0.5750458959113702,623.077952131186,393.23333333333335,229.8446187978526,36864,0.0371999591588974,0.08478349149355485,0.12454714691603948,,,3.6281075367208676e-16
cooldown30,steady10s2,79,1787620939.07115,model_5,0,4.3707129721316065,1372.9591490703383,1071.8666666666666,301.09248240367174,131072,0.0383455865085125,0.08478349149355485,0.12454714691603948,,,3.6281075367208676e-16
cooldown30,steady10s2,79,1787620939.07115,model_6,1,2.6615479523003556,1740.5871959515266,1202.0333333333333,538.5538626181933,57344,0.03492606058716774,0.08478349149355485,0.12454714691603948,,,3.6281075367208676e-16
cooldown30,steady10s2,80,1787620944.142726,model_3,1,5.237554940850562,1558.2982728396807,934.0333333333333,624.2649395063474,114688,0.03177899122238159,0.10338889294306476,0.13123300327759627,,,3.4432683175536687e-16
cooldown30,steady10s2,80,1787620944.142726,model_4,0,0.7708503684250991,835.2374521283565,576.5333333333333,258.7041187950232,36864,0.0371999591588974,0.10338889294306476,0.13123300327759627,,,3.4432683175536687e-16
cooldown30,steady10s2,80,1787620944.142726,model_5,0,5.260235697064191,1652.3822938270964,1058.7,593.6822938270964,131072,0.0383455865085125,0.10338889294306476,0.13123300327759627,,,3.4432683175536687e-16
cooldown30,steady10s2,80,1787620944.142726,model_6,1,2.500834906715665,1635.4847990079309,1141.0,494.48479900793086,57344,0.03492606058716774,0.10338889294306476,0.13123300327759627,,,3.4432683175536687e-16
cooldown30,steady10s2,81,1787620949.2298954,model_3,1,4.7027438099137555,1399.1791283063883,900.7,498.47912830638825,114688,0.03177899122238159,0.09972288688113391,0.11712792683097224,,,3.8579223130557066e-16
cooldown30,steady10s2,81,1787620949.2298954,model_4,0,0.8134260219020866,881.3693368486971,623.9666666666667,257.4026701820304,36864,0.0371999591588974,0.09972288688113391,0.11712792683097224,,,3.8579223130557066e-16
cooldown30,steady10s2,81,1787620949.2298954,model_5,0,5.0038073032518735,1571.8312003073747,984.1,587.7312003073747,131072,0.0383455865085125,0.09972288688113391,0.11712792683097224,,,3.8579223130557066e-16
cooldown30,steady10s2,81,1787620949.2298954,model_6,1,2.20391485991805,1441.3063581383697,1108.5,332.80635813836966,57344,0.03492606058716774,0.09972288688113391,0.11712792683097224,,,3.8579223130557066e-16
cooldown30,steady10s2,82,1787620954.3303227,model_3,1,4.341044946676806,1291.5650373354053,781.1,510.4650373354053,114688,0.03177899122238159,0.1053698864480973,0.10649178484601587,,,2.828828177100271e-16
cooldown30,steady10s2,82,1787620954.3303227,model_4,0,0.9317654240632403,1009.5933149333351,705.2333333333333,304.3599816000018,36864,0.0371999591588974,0.1053698864480973,0.10649178484601587,,,2.828828177100271e-16
cooldown30,steady10s2,82,1787620954.3303227,model_5,0,5.214879885595594,1638.1348068115055,1058.3333333333333,579.8014734781723,131072,0.0383455865085125,0.1053698864480973,0.10649178484601587,,,2.828828177100271e-16
cooldown30,steady10s2,82,1787620954.3303227,model_6,1,1.9384344991944156,1267.6887021976722,867.8666666666667,399.82203553100555,57344,0.03492606058716774,0.1053698864480973,0.10649178484601587,,,2.828828177100271e-16
cooldown30,steady10s2,83,1787620959.3986764,model_3,1,4.288839224806949,1276.0325823748592,742.6,533.4325823748592,114688,0.03177899122238159,0.09416852203890837,0.10996171050932319,,,1.369781172950051e-16
cooldown30,steady10s2,83,1787620959.3986764,model_4,0,0.841296169344633,911.5674036770405,638.5333333333333,273.0340703437072,36864,0.0371999591588974,0.09416852203890837,0.10996171050932319,,,1.369781172950051e-16
cooldown30,steady10s2,83,1787620959.3986764,model_5,0,4.6519289238898915,1461.2966849124048,977.8333333333334,483.4633515790714,131072,0.0383455865085125,0.09416852203890837,0.10996171050932319,,,1.369781172950051e-16
cooldown30,steady10s2,83,1787620959.3986764,model_6,1,2.195250622823864,1435.6401592123673,923.5,512.1401592123673,57344,0.03492606058716774,0.09416852203890837,0.10996171050932319,,,1.369781172950051e-16
cooldown30,steady10s2,84,1787620964.4688125,model_3,1,3.394467334031498,1009.9354839365154,707.0666666666667,302.8688172698487,114688,0.03177899122238159,0.0869266696692543,0.09136745860042704,,,1.6485462451108458e-16
cooldown30,steady10s2,84,1787620964.4688125,model_4,0,0.7924629339719922,858.6552578670044,629.8,228.8552578670044,36864,0.0371999591588974,0.0869266696692543,0.09136745860042704,,,1.6485462451108458e-16
cooldown30,steady10s2,84,1787620964.4688125,model_5,0,4.2783160562850755,1343.9347789581302,1008.3,335.63477895813025,131072,0.0383455865085125,0.0869266696692543,0.09136745860042704,,,1.6485462451108458e-16
cooldown30,steady10s2,84,1787620964.4688125,model_6,1,1.9931790382448558,1303.490290381386,792.5666666666667,510.9236237147194,57344,0.03492606058716774,0.0869266696692543,0.09136745860042704,,,1.6485462451108458e-16
cooldown30,steady10s2,85,1787620969.5437045,model_3,1,3.0526615027986845,908.2400473307226,589.6,318.6400473307226,114688,0.03177899122238159,0.07590843242118495,0.07453573788224992,,,4.011608552685515e-16
cooldown30,steady10s2,85,1787620969.5437045,model_4,0,0.5339786970839439,578.5805192704515,405.73333333333335,172.84718593711818,36864,0.0371999591588974,0.07590843242118495,0.07453573788224992,,,4.011608552685515e-16
cooldown30,steady10s2,85,1787620969.5437045,model_5,0,3.894062613704204,1223.2303806329555,809.6666666666666,413.5637139662889,131072,0.0383455865085125,0.07590843242118495,0.07453573788224992,,,4.011608552685515e-16
cooldown30,steady10s2,85,1787620969.5437045,model_6,1,1.3424722128321893,877.9439583483132,549.3,328.6439583483133,57344,0.03492606058716774,0.07590843242118495,0.07453573788224992,,,4.011608552685515e-16
cooldown30,steady10s2,86,1787620974.6117523,model_3,1,1.7631687979936912,524.5850255829857,425.7,98.88502558298575,114688,0.03177899122238159,0.0421172565788504,0.04290151946902942,,,1.755456247998275e-16
cooldown30,steady10s2,86,1787620974.6117523,model_4,0,0.2402184460823238,260.28325480333285,225.3,34.98325480333284,36864,0.0371999591588974,0.0421172565788504,0.04290151946902942,,,1.755456247998275e-16
cooldown30,steady10s2,86,1787620974.6117523,model_5,0,2.2166489411062016,696.3093809577204,570.1666666666666,126.14271429105372,131072,0.0383455865085125,0.0421172565788504,0.04290151946902942,,,1.755456247998275e-16
cooldown30,steady10s2,86,1787620974.6117523,model_6,1,0.7665963861654248,501.33526734658346,435.5,65.83526734658346,57344,0.03492606058716774,0.0421172565788504,0.04290151946902942,,,1.755456247998275e-16
cooldown0,steady8s1,1,1787632122.9430425,model_3,1,0.070900503256456,21.09460101435371,16.1,4.994601014353709,114688,0.03177899122238159,0.0,0.0012023810729793547,MIGRATE,model_6,1.9573593932951812e-16
cooldown0,steady8s1,1,1787632122.9430425,model_4,0,0.0,0.0,0.0,0.0,36864,0.0371999591588974,0.0,0.0012023810729793547,MIGRATE,model_6,1.9573593932951812e-16
cooldown0,steady8s1,1,1787632122.9430425,model_5,0,0.0,0.0,0.0,0.0,131072,0.0383455865085125,0.0,0.0012023810729793547,MIGRATE,model_6,1.9573593932951812e-16
cooldown0,steady8s1,1,1787632122.9430425,model_6,1,5.724026217789049e-08,3.743373000423823e-05,0.0,3.743373000423823e-05,57344,0.03492606058716774,0.0,0.0012023810729793547,MIGRATE,model_6,1.9573593932951812e-16
cooldown0,steady8s1,2,1787632128.2468565,model_3,1,0.4011847321780204,119.36208446553007,65.73333333333333,53.62875113219674,114688,0.03177899122238159,0.016418599076552045,0.005476924671372293,MIGRATE,model_4,4.605128693811507e-16
cooldown0,steady8s1,2,1787632128.2468565,model_4,0,0.15392683954640077,166.7839395855441,36.833333333333336,129.95060625221075,36864,0.0371999591588974,0.016418599076552045,0.005476924671372293,MIGRATE,model_4,4.605128693811507e-16
cooldown0,steady8s1,2,1787632128.2468565,model_5,0,0.24722972951491995,77.66154428899745,64.06666666666666,13.594877622330785,131072,0.0383455865085125,0.016418599076552045,0.005476924671372293,MIGRATE,model_4,4.605128693811507e-16
cooldown0,steady8s1,2,1787632128.2468565,model_6,0,0.32209554729132556,210.64260180010203,160.7,49.94260180010204,57344,0.03492606058716774,0.016418599076552045,0.005476924671372293,MIGRATE,model_4,4.605128693811507e-16
cooldown0,steady8s1,3,1787632133.3504903,model_3,1,1.06392981501962,316.54464953421075,115.4,201.14464953421074,114688,0.03177899122238159,0.045460978681504435,0.020479545807054987,MIGRATE,model_6,1.6916439274730396e-07
cooldown0,steady8s1,3,1787632133.3504903,model_4,1,0.3166795659888001,343.1309689557474,173.33333333333334,169.79763562241405,36864,0.0371999591588974,0.045460978681504435,0.020479545807054987,MIGRATE,model_6,1.6916439274730396e-07
cooldown0,steady8s1,3,1787632133.3504903,model_5,0,1.4674216038640966,460.9568117180897,311.6666666666667,149.290145051423,131072,0.0383455865085125,0.045460978681504435,0.020479545807054987,MIGRATE,model_6,1.6916439274730396e-07
cooldown0,steady8s1,3,1787632133.3504903,model_6,0,0.8004770700720953,523.4924050930825,252.26666666666668,271.2257384264159,57344,0.03492606058716774,0.045460978681504435,0.020479545807054987,MIGRATE,model_6,1.6916439274730396e-07
cooldown0,steady8s1,4,1787632139.0421576,model_3,1,1.1737632998134022,349.22274677366795,223.36666666666667,125.85608010700128,114688,0.03177899122238159,0.0544740343676387,0.05952922555918126,,,2.5408508114496633e-16
cooldown0,steady8s1,4,1787632139.0421576,model_4,1,0.5516444406852787,597.7218355101745,323.96666666666664,273.7551688435079,36864,0.0371999591588974,0.0544740343676387,0.05952922555918126,,,2.5408508114496633e-16
cooldown0,steady8s1,4,1787632139.0421576,model_5,0,3.495594529587441,1098.060778970958,396.26666666666665,701.7941123042913,131072,0.0383455865085125,0.0544740343676387,0.05952922555918126,,,2.5408508114496633e-16
cooldown0,steady8s1,4,1787632139.0421576,model_6,1,1.4374311713888344,940.0447922865986,492.53333333333336,447.5114589532653,57344,0.03492606058716774,0.0544740343676387,0.05952922555918126,,,2.5408508114496633e-16
cooldown0,steady8s1,5,1787632144.06553,model_3,1,1.5117349420918251,449.77742016211147,385.3333333333333,64.44408682877815,114688,0.03177899122238159,0.04738647629954252,0.07062908561418468,MIGRATE,model_4,4.73368972430298e-16
cooldown0,steady8s1,5,1787632144.06553,model_4,1,0.502443942660576,544.4117505742912,360.56666666666666,183.84508390762454,36864,0.0371999591588974,0.04738647629954252,0.07062908561418468,MIGRATE,model_4,4.73368972430298e-16
cooldown0,steady8s1,5,1787632144.06553,model_5,0,3.0407864820731816,955.1932711096531,527.6666666666666,427.52660444298647,131072,0.0383455865085125,0.04738647629954252,0.07062908561418468,MIGRATE,model_4,4.73368972430298e-16
cooldown0,steady8s1,5,1787632144.06553,model_6,1,1.7384051307996808,1136.874392749959,546.5,590.374392749959,57344,0.03492606058716774,0.04738647629954252,0.07062908561418468,MIGRATE,model_4,4.73368972430298e-16
cooldown0,steady8s1,6,1787632149.072073,model_3,1,2.5652034744761654,763.2095870882455,423.6,339.60958708824546,114688,0.03177899122238159,0.058375785751022306,0.09395204814820036,,,3.206390574124803e-16
cooldown0,steady8s1,6,1787632149.072073,model_4,0,0.3719200315461255,402.9855238685896,396.73333333333335,6.252190535256261,36864,0.0371999591588974,0.058375785751022306,0.09395204814820036,,,3.206390574124803e-16
cooldown0,steady8s1,6,1787632149.072073,model_5,0,3.033372142332359,952.8642264786318,617.2333333333333,335.6308931452985,131072,0.0383455865085125,0.058375785751022306,0.09395204814820036,,,3.206390574124803e-16
cooldown0,steady8s1,6,1787632149.072073,model_6,1,2.974847864668984,1945.4776678629005,757.7333333333333,1187.7443345295671,57344,0.03492606058716774,0.058375785751022306,0.09395204814820036,,,3.206390574124803e-16
cooldown0,steady8s1,7,1787632154.104499,model_3,1,3.5414626017367055,1053.6701033090108,550.4333333333333,503.2367699756775,114688,0.03177899122238159,0.05828037963929438,0.10666314329895762,MIGRATE,model_4,3.1082812002520023e-07
cooldown0,steady8s1,7,1787632154.104499,model_4,0,0.7049822278337894,763.8675207157031,413.3,350.5675207157031,36864,0.0371999591588974,0.05828037963929438,0.10666314329895762,MIGRATE,model_4,3.1082812002520023e-07
cooldown0,steady8s1,7,1787632154.104499,model_5,0,2.694744527413876,846.4921345580188,682.1,164.39213455801882,131072,0.0383455865085125,0.05828037963929438,0.10666314329895762,MIGRATE,model_4,3.1082812002520023e-07
cooldown0,steady8s1,7,1787632154.104499,model_6,1,2.7481193482424056,1797.2027692994147,877.1666666666666,920.0361026327481,57344,0.03492606058716774,0.05828037963929438,0.10666314329895762,MIGRATE,model_4,3.1082812002520023e-07
cooldown0,steady8s1,8,1787632159.1302824,model_3,1,3.380130113501065,1005.6698167994243,614.2666666666667,391.4031501327577,114688,0.03177899122238159,0.03714960124225549,0.10582338428677501,MIGRATE,model_6,1.5796894942555915e-16
cooldown0,steady8s1,8,1787632159.1302824,model_4,1,1.1211786178130811,1214.8276896283044,393.7,821.1276896283043,36864,0.0371999591588974,0.03714960124225549,0.10582338428677501,MIGRATE,model_6,1.5796894942555915e-16
cooldown0,steady8s1,8,1787632159.1302824,model_5,0,2.383887009402937,748.843381109387,571.0333333333333,177.8100477760537,131072,0.0383455865085125,0.03714960124225549,0.10582338428677501,MIGRATE,model_6,1.5796894942555915e-16
cooldown0,steady8s1,8,1787632159.1302824,model_6,1,1.1211786178130814,733.2233653176925,850.3,-117.07663468230749,57344,0.03492606058716774,0.03714960124225549,0.10582338428677501,MIGRATE,model_6,1.5796894942555915e-16
cooldown0,steady8s1,9,1787632164.168588,model_3,1,3.8802952897436445,1154.4809584629413,687.7666666666667,466.71429179627467,114688,0.03177899122238159,0.07204535297180045,0.06696244112651985,,,3.935033514480851e-16
cooldown0,steady8s1,9,1787632164.168588,model_4,1,0.6339149015121364,686.864129398988,406.1666666666667,280.6974627323213,36864,0.0371999591588974,0.07204535297180045,0.06696244112651985,,,3.935033514480851e-16
cooldown0,steady8s1,9,1787632164.168588,model_5,0,2.012265862693831,632.1071285539047,461.7,170.40712855390467,131072,0.0383455865085125,0.07204535297180045,0.06696244112651985,,,3.935033514480851e-16
cooldown0,steady8s1,9,1787632164.168588,model_6,0,1.5818403982548555,1034.4848909678979,880.6666666666666,153.81822430123123,57344,0.03492606058716774,0.07204535297180045,0.06696244112651985,,,3.935033514480851e-16
cooldown0,steady8s1,10,1787632169.181956,model_3,1,3.2113563269488816,955.4555654827269,681.8,273.65556548272696,114688,0.03177899122238159,0.08573914682942202,0.05684165135052499,,,2.0765200057939343e-16
cooldown0,steady8s1,10,1787632169.181956,model_4,1,0.6205703097986204,672.4048993862137,420.73333333333335,251.6715660528804,36864,0.0371999591588974,0.08573914682942202,0.05684165135052499,,,2.0765200057939343e-16
cooldown0,steady8s1,10,1787632169.181956,model_5,0,2.5528384277196254,801.91559083932,421.93333333333334,379.98225750598664,131072,0.0383455865085125,0.08573914682942202,0.05684165135052499,,,2.0765200057939343e-16
cooldown0,steady8s1,10,1787632169.181956,model_6,0,1.7244062760247054,1127.7194844725232,760.1333333333333,367.58615113918984,57344,0.03492606058716774,0.08573914682942202,0.05684165135052499,,,2.0765200057939343e-16
cooldown0,steady8s1,11,1787632174.1959248,model_3,1,2.969616938667818,883.5322968029853,679.8,203.7322968029854,114688,0.03177899122238159,0.07651776348255408,0.052995178296436275,,,3.4901514151989884e-16
cooldown0,steady8s1,11,1787632174.1959248,model_4,1,0.6030033232067818,653.3705890666671,518.5333333333333,134.8372557333338,36864,0.0371999591588974,0.07651776348255408,0.052995178296436275,,,3.4901514151989884e-16
cooldown0,steady8s1,11,1787632174.1959248,model_5,0,2.0003929110511143,628.3775133427765,346.23333333333335,282.1441800094432,131072,0.0383455865085125,0.07651776348255408,0.052995178296436275,,,3.4901514151989884e-16
cooldown0,steady8s1,11,1787632174.1959248,model_6,0,1.8168272351820827,1188.1605289436,867.2333333333333,320.9271956102666,57344,0.03492606058716774,0.07651776348255408,0.052995178296436275,,,3.4901514151989884e-16
cooldown0,steady8s1,12,1787632179.2257624,model_3,1,4.051410024573543,1205.3916980645668,756.3333333333334,449.0583647312334,114688,0.03177899122238159,0.074692734060454,0.07099585550921182,,,1.8557382551022081e-16
cooldown0,steady8s1,12,1787632179.2257624,model_4,1,0.7347090159654331,796.0773084982021,548.4,247.67730849820214,36864,0.0371999591588974,0.074692734060454,0.07099585550921182,,,1.8557382551022081e-16
cooldown0,steady8s1,12,1787632179.2257624,model_5,0,1.8260760575615282,573.6198753185712,348.1333333333333,225.48654198523786,131072,0.0383455865085125,0.074692734060454,0.07099585550921182,,,1.8557382551022081e-16
cooldown0,steady8s1,12,1787632179.2257624,model_6,0,1.900099359180885,1242.6184592193747,769.7666666666667,472.85179255270805,57344,0.03492606058716774,0.074692734060454,0.07099585550921182,,,1.8557382551022081e-16
cooldown0,steady8s1,13,1787632184.2404408,model_3,1,3.534454598913407,1051.5850543082975,652.0666666666667,399.51838764163074,114688,0.03177899122238159,0.07429921555924669,0.06444603110571491,,,3.0665129278334254e-16
cooldown0,steady8s1,13,1787632184.2404408,model_4,1,0.8101141699242034,877.7808546722082,596.1333333333333,281.64752133887487,36864,0.0371999591588974,0.07429921555924669,0.06444603110571491,,,3.0665129278334254e-16
cooldown0,steady8s1,13,1787632184.2404408,model_5,0,1.684443945827887,529.1293986282159,338.3333333333333,190.79606529488257,131072,0.0383455865085125,0.07429921555924669,0.06444603110571491,,,3.0665129278334254e-16
cooldown0,steady8s1,13,1787632184.2404408,model_6,0,2.0221001241218755,1322.403972446384,756.9666666666667,565.4373057797172,57344,0.03492606058716774,0.07429921555924669,0.06444603110571491,,,3.0665129278334254e-16
cooldown0,steady8s1,14,1787632189.2862434,model_3,1,3.2173854040851984,957.2493606017168,645.2,312.0493606017168,114688,0.03177899122238159,0.0844741499522413,0.05604179242308281,,,3.1614237095902487e-16
cooldown0,steady8s1,14,1787632189.2862434,model_4,1,0.560619492936534,607.4465500359946,525.5333333333333,81.91321670266132,36864,0.0371999591588974,0.0844741499522413,0.05604179242308281,,,3.1614237095902487e-16
cooldown0,steady8s1,14,1787632189.2862434,model_5,0,2.1987852358120374,690.6979080066706,404.0,286.69790800667056,131072,0.0383455865085125,0.0844741499522413,0.05604179242308281,,,3.1614237095902487e-16
cooldown0,steady8s1,14,1787632189.2862434,model_6,0,2.0153529245007507,1317.991469091369,912.0,405.991469091369,57344,0.03492606058716774,0.0844741499522413,0.05604179242308281,,,3.1614237095902487e-16
cooldown0,steady8s1,15,1787632194.3042936,model_3,1,2.9234086882363584,869.7842335079027,610.1,259.6842335079027,114688,0.03177899122238159,0.0875281949760511,0.053908251154436836,,,2.0340766049124202e-16
cooldown0,steady8s1,15,1787632194.3042936,model_4,1,0.7107655243545442,770.1338806329552,525.4333333333333,244.70054729962192,36864,0.0371999591588974,0.0875281949760511,0.053908251154436836,,,2.0340766049124202e-16
cooldown0,steady8s1,15,1787632194.3042936,model_5,0,2.353165274360609,739.1928532731681,447.5,291.6928532731681,131072,0.0383455865085125,0.0875281949760511,0.053908251154436836,,,2.0340766049124202e-16
cooldown0,steady8s1,15,1787632194.3042936,model_6,0,2.0133291711048167,1316.667983919636,961.3333333333334,355.3346505863027,57344,0.03492606058716774,0.0875281949760511,0.053908251154436836,,,2.0340766049124202e-16
cooldown0,steady8s1,16,1787632199.3678868,model_3,1,2.8143572462586155,837.3388127717535,572.6333333333333,264.7054794384202,114688,0.03177899122238159,0.0944719370759064,0.05105177375504689,,,1.8845707961714324e-16
cooldown0,steady8s1,16,1787632199.3678868,model_4,1,0.6272502203999758,679.6427651765878,398.96666666666664,280.67609850992113,36864,0.0371999591588974,0.0944719370759064,0.05105177375504689,,,1.8845707961714324e-16
cooldown0,steady8s1,16,1787632199.3678868,model_5,0,2.4652790033045013,774.4108076141135,470.1666666666667,304.24414094744685,131072,0.0383455865085125,0.0944719370759064,0.05105177375504689,,,1.8845707961714324e-16
cooldown0,steady8s1,16,1787632199.3678868,model_6,0,2.2476159513689398,1469.8858019777272,1072.7,397.1858019777271,57344,0.03492606058716774,0.0944719370759064,0.05105177375504689,,,1.8845707961714324e-16
cooldown0,steady8s1,17,1787632204.3865054,model_3,1,2.155598831959102,641.3423772565908,489.53333333333336,151.80904392325743,114688,0.03177899122238159,0.09672563470075053,0.03966364322360201,MIGRATE,model_5,5.564659354761274e-07
cooldown0,steady8s1,17,1787632204.3865054,model_4,1,0.5182884912945038,561.5797522685288,298.1,263.4797522685287,36864,0.0371999591588974,0.09672563470075053,0.03966364322360201,MIGRATE,model_5,5.564659354761274e-07
cooldown0,steady8s1,17,1787632204.3865054,model_5,0,2.382673824343324,748.4622868719636,563.8,184.6622868719636,131072,0.0383455865085125,0.09672563470075053,0.03966364322360201,MIGRATE,model_5,5.564659354761274e-07
cooldown0,steady8s1,17,1787632204.3865054,model_6,0,2.442648024759527,1597.4320028455843,1013.9666666666667,583.4653361789176,57344,0.03492606058716774,0.09672563470075053,0.03966364322360201,MIGRATE,model_5,5.564659354761274e-07
cooldown0,steady8s1,18,1787632209.4036674,model_3,1,1.8014430136839965,535.9725231611611,417.1,118.8725231611611,114688,0.03177899122238159,0.04146658101518295,0.07920552739911386,MIGRATE,model_4,2.1426978127278582e-16
cooldown0,steady8s1,18,1787632209.4036674,model_4,1,0.49047201335304624,531.4398378121408,295.7,235.73983781214082,36864,0.0371999591588974,0.04146658101518295,0.07920552739911386,MIGRATE,model_4,2.1426978127278582e-16
cooldown0,steady8s1,18,1787632209.4036674,model_5,1,1.8532258062818179,582.1483456478189,509.93333333333334,72.21501231448559,131072,0.0383455865085125,0.04146658101518295,0.07920552739911386,MIGRATE,model_4,2.1426978127278582e-16
cooldown0,steady8s1,18,1787632209.4036674,model_6,0,2.693950945914121,1761.7779604259645,1036.7,725.0779604259644,57344,0.03492606058716774,0.04146658101518295,0.07920552739911386,MIGRATE,model_4,2.1426978127278582e-16
cooldown0,steady8s1,19,1787632214.4249015,model_3,1,2.505863526042006,745.554528535231,470.8666666666667,274.68786186856437,114688,0.03177899122238159,0.036205751734467474,0.09726217090789542,MIGRATE,model_3,3.006577782215353e-07
cooldown0,steady8s1,19,1787632214.4249015,model_4,0,0.4247928971554771,460.27471949874104,258.8,201.47471949874102,36864,0.0371999591588974,0.036205751734467474,0.09726217090789542,MIGRATE,model_3,3.006577782215353e-07
cooldown0,steady8s1,19,1787632214.4249015,model_5,1,3.1518676560217695,990.0868720014563,525.6,464.4868720014563,131072,0.0383455865085125,0.036205751734467474,0.09726217090789542,MIGRATE,model_3,3.006577782215353e-07
cooldown0,steady8s1,19,1787632214.4249015,model_6,0,1.716084317221482,1122.277127168531,953.4666666666667,168.81046050186433,57344,0.03492606058716774,0.036205751734467474,0.09726217090789542,MIGRATE,model_3,3.006577782215353e-07
cooldown0,steady8s1,20,1787632219.4699776,model_3,0,1.4988134438259126,445.93296436972935,433.6333333333333,12.299631036396022,114688,0.03177899122238159,0.07149463144783964,0.04781764375120175,MIGRATE,model_4,7.014572353996325e-16
cooldown0,steady8s1,20,1787632219.4699776,model_4,0,0.5343249373051042,578.9556800175849,280.26666666666665,298.68901335091823,36864,0.0371999591588974,0.07149463144783964,0.04781764375120175,MIGRATE,model_4,7.014572353996325e-16
cooldown0,steady8s1,20,1787632219.4699776,model_5,1,3.068454463761197,963.884532429507,470.1666666666667,493.7178657628403,131072,0.0383455865085125,0.07149463144783964,0.04781764375120175,MIGRATE,model_4,7.014572353996325e-16
cooldown0,steady8s1,20,1787632219.4699776,model_6,0,1.7654328283916059,1154.5498452338772,847.2,307.3498452338772,57344,0.03492606058716774,0.07149463144783964,0.04781764375120175,MIGRATE,model_4,7.014572353996325e-16
cooldown0,steady8s1,21,1787632224.4874408,model_3,0,3.1793354205360904,945.9285774661181,578.8,367.12857746611814,114688,0.03177899122238159,0.09028849630502928,0.03688809578194373,MIGRATE,model_4,3.180735561772e-07
cooldown0,steady8s1,21,1787632224.4874408,model_4,1,0.29304481036478225,317.522064974275,305.3,12.222064974274986,36864,0.0371999591588974,0.09028849630502928,0.03688809578194373,MIGRATE,model_4,3.180735561772e-07
cooldown0,steady8s1,21,1787632224.4874408,model_5,1,1.8587847926026262,583.8945735921784,412.56666666666666,171.32790692551174,131072,0.0383455865085125,0.09028849630502928,0.03688809578194373,MIGRATE,model_4,3.180735561772e-07
cooldown0,steady8s1,21,1787632224.4874408,model_6,0,2.1446863078006957,1402.572335194649,939.1,463.47233519464896,57344,0.03492606058716774,0.09028849630502928,0.03688809578194373,MIGRATE,model_4,3.180735561772e-07
cooldown0,steady8s1,22,1787632229.5050235,model_3,0,3.5461012629116877,1055.0502163157278,574.5666666666667,480.48354964906105,114688,0.03177899122238159,0.11724723421779494,0.043006801893488156,MIGRATE,model_6,1.42577425829819e-16
cooldown0,steady8s1,22,1787632229.5050235,model_4,0,1.341672525210832,1453.7388674240476,387.23333333333335,1066.5055340907143,36864,0.0371999591588974,0.11724723421779494,0.043006801893488156,MIGRATE,model_6,1.42577425829819e-16
cooldown0,steady8s1,22,1787632229.5050235,model_5,1,2.7597431175987364,866.9099496010082,471.3666666666667,395.5432829343415,131072,0.0383455865085125,0.11724723421779494,0.043006801893488156,MIGRATE,model_6,1.42577425829819e-16
cooldown0,steady8s1,22,1787632229.5050235,model_6,0,1.3416725252108324,877.4209822233512,838.4666666666667,38.95431555668449,57344,0.03492606058716774,0.11724723421779494,0.043006801893488156,MIGRATE,model_6,1.42577425829819e-16
cooldown0,steady8s1,23,1787632234.8519661,model_3,0,3.1915617184128338,949.5661944610166,604.4333333333333,345.1328611276833,114688,0.03177899122238159,0.05766292522152234,0.07156765900865432,,,2.284825553265176e-16
cooldown0,steady8s1,23,1787632234.8519661,model_4,0,0.6957303264037004,753.8428325345219,554.6666666666666,199.17616586785527,36864,0.0371999591588974,0.05766292522152234,0.07156765900865432,,,2.284825553265176e-16
cooldown0,steady8s1,23,1787632234.8519661,model_5,1,1.6074064607237295,504.92984110304184,346.3333333333333,158.59650776970852,131072,0.0383455865085125,0.05766292522152234,0.07156765900865432,,,2.284825553265176e-16
cooldown0,steady8s1,23,1787632234.8519661,model_6,1,1.9628692158369114,1283.6684086267346,754.6333333333333,529.0350752934013,57344,0.03492606058716774,0.05766292522152234,0.07156765900865432,,,2.284825553265176e-16
cooldown0,steady8s1,24,1787632239.873753,model_3,0,2.9405574547452513,874.8864030381375,584.2,290.6864030381374,114688,0.03177899122238159,0.05498494483306045,0.07483736906679087,,,2.3790127297513906e-16
cooldown0,steady8s1,24,1787632239.873753,model_4,0,0.7662010527897379,830.1997915077183,544.5,285.69979150771826,36864,0.0371999591588974,0.05498494483306045,0.07483736906679087,,,2.3790127297513906e-16
cooldown0,steady8s1,24,1787632239.873753,model_5,1,1.2989867226363252,408.0468602573647,296.1666666666667,111.88019359069801,131072,0.0383455865085125,0.05498494483306045,0.07483736906679087,,,2.3790127297513906e-16
cooldown0,steady8s1,24,1787632239.873753,model_6,1,2.4344040599886196,1592.0406517291353,815.8666666666667,776.1739850624687,57344,0.03492606058716774,0.05498494483306045,0.07483736906679087,,,2.3790127297513906e-16
cooldown0,steady8s1,25,1787632244.897315,model_3,0,3.3816875602960033,1006.1331945926886,567.6333333333333,438.49986125935527,114688,0.03177899122238159,0.0638250852815327,0.09153190744143405,,,3.8902074401741327e-16
cooldown0,steady8s1,25,1787632244.897315,model_4,0,0.9210207279410741,997.9511428846836,655.3333333333334,342.6178095513502,36864,0.0371999591588974,0.0638250852815327,0.09153190744143405,,,3.8902074401741327e-16
cooldown0,steady8s1,25,1787632244.897315,model_5,1,1.5807807826199465,496.5659955277598,332.7,163.86599552775982,131072,0.0383455865085125,0.0638250852815327,0.09153190744143405,,,3.8902074401741327e-16
cooldown0,steady8s1,25,1787632244.897315,model_6,1,2.9854457405619055,1952.4084192204175,929.0,1023.4084192204175,57344,0.03492606058716774,0.0638250852815327,0.09153190744143405,,,3.8902074401741327e-16
cooldown0,steady8s1,26,1787632249.9208355,model_3,0,3.4433822222813295,1024.4888369297882,582.9666666666667,441.52217026312155,114688,0.03177899122238159,0.06279144018700626,0.09461177524869105,,,1.8817853613148598e-16
cooldown0,steady8s1,26,1787632249.9208355,model_4,0,0.7896438509505228,855.6007043289409,600.8666666666667,254.7340376622742,36864,0.0371999591588974,0.06279144018700626,0.09461177524869105,,,1.8817853613148598e-16
cooldown0,steady8s1,26,1787632249.9208355,model_5,1,2.147633236003538,674.6296814774706,375.8333333333333,298.7963481441373,131072,0.0383455865085125,0.06279144018700626,0.09461177524869105,,,1.8817853613148598e-16
cooldown0,steady8s1,26,1787632249.9208355,model_6,1,2.572237786266123,1682.1805340188969,893.1,789.0805340188969,57344,0.03492606058716774,0.06279144018700626,0.09461177524869105,,,1.8817853613148598e-16
cooldown0,steady8s1,27,1787632254.9493115,model_3,0,2.548306683055296,758.1823861929748,476.5,281.68238619297483,114688,0.03177899122238159,0.04821089249950665,0.08535566015576374,,,4.1716988269108036e-16
cooldown0,steady8s1,27,1787632254.9493115,model_4,0,0.7017854370872265,760.4037105295553,579.6,180.80371052955525,36864,0.0371999591588974,0.04821089249950665,0.08535566015576374,,,4.1716988269108036e-16
cooldown0,steady8s1,27,1787632254.9493115,model_5,1,1.9988868871522045,627.904430506198,409.1333333333333,218.77109717286464,131072,0.0383455865085125,0.04821089249950665,0.08535566015576374,,,4.1716988269108036e-16
cooldown0,steady8s1,27,1787632254.9493115,model_6,1,2.25922692475896,1477.4790942938532,745.4,732.0790942938532,57344,0.03492606058716774,0.04821089249950665,0.08535566015576374,,,4.1716988269108036e-16
cooldown0,steady8s1,28,1787632259.9758933,model_3,0,4.034120090224807,1200.2475277145807,597.9666666666667,602.280861047914,114688,0.03177899122238159,0.0697713089344039,0.07915563004926984,,,3.7766161201309514e-16
cooldown0,steady8s1,28,1787632259.9758933,model_4,0,0.6694472909859073,725.3644449825935,534.5666666666667,190.79777831592673,36864,0.0371999591588974,0.0697713089344039,0.07915563004926984,,,3.7766161201309514e-16
cooldown0,steady8s1,28,1787632259.9758933,model_5,1,1.9077759318261263,599.2840153718519,330.56666666666666,268.7173487051852,131072,0.0383455865085125,0.0697713089344039,0.07915563004926984,,,3.7766161201309514e-16
cooldown0,steady8s1,28,1787632259.9758933,model_6,1,2.0410387219208457,1334.7893517177486,728.5,606.2893517177486,57344,0.03492606058716774,0.0697713089344039,0.07915563004926984,,,3.7766161201309514e-16
cooldown0,steady8s1,29,1787632265.0003688,model_3,0,3.811658952776741,1134.0600012496125,620.6,513.4600012496124,114688,0.03177899122238159,0.06878580368465707,0.09709491641355918,,,3.667319778363504e-16
cooldown0,steady8s1,29,1787632265.0003688,model_4,0,0.8254715159334625,894.4209590006703,487.8666666666667,406.55429233400366,36864,0.0371999591588974,0.06878580368465707,0.09709491641355918,,,3.667319778363504e-16
cooldown0,steady8s1,29,1787632265.0003688,model_5,1,2.401499378989391,754.3759027173518,424.73333333333335,329.64256938401843,131072,0.0383455865085125,0.06878580368465707,0.09709491641355918,,,3.667319778363504e-16
cooldown0,steady8s1,29,1787632265.0003688,model_6,1,2.442247408188594,1597.170009416817,902.0,695.170009416817,57344,0.03492606058716774,0.06878580368465707,0.09709491641355918,,,3.667319778363504e-16
cooldown0,steady8s1,30,1787632270.0216236,model_3,0,2.5785038447573787,767.1667663964164,651.9,115.26676639641641,114688,0.03177899122238159,0.04890570682991954,0.08442588828716967,,,2.1088206151341768e-16
cooldown0,steady8s1,30,1787632270.0216236,model_4,0,0.7184285320814945,778.4369590404734,503.53333333333336,274.90362570714007,36864,0.0371999591588974,0.04890570682991954,0.08442588828716967,,,2.1088206151341768e-16
cooldown0,steady8s1,30,1787632270.0216236,model_5,1,2.134838417679008,670.6104830099976,467.46666666666664,203.1438163433309,131072,0.0383455865085125,0.04890570682991954,0.08442588828716967,,,2.1088206151341768e-16
cooldown0,steady8s1,30,1787632270.0216236,model_6,1,2.076892126521945,1358.2366004986718,889.7666666666667,468.46993383200515,57344,0.03492606058716774,0.04890570682991954,0.08442588828716967,,,2.1088206151341768e-16
cooldown0,steady8s1,31,1787632275.0449936,model_3,0,3.4974787242433205,1040.5838443380255,683.5,357.08384433802553,114688,0.03177899122238159,0.06419790802507586,0.08474959698814281,,,2.0522432751343156e-16
cooldown0,steady8s1,31,1787632275.0449936,model_4,0,0.830363059728396,899.7210804556314,485.2,414.5210804556314,36864,0.0371999591588974,0.06419790802507586,0.08474959698814281,,,2.0522432751343156e-16
cooldown0,steady8s1,31,1787632275.0449936,model_5,1,2.3928542989219657,751.660249264769,404.03333333333336,347.6269159314357,131072,0.0383455865085125,0.06419790802507586,0.08474959698814281,,,2.0522432751343156e-16
cooldown0,steady8s1,31,1787632275.0449936,model_6,1,1.835025010201362,1200.0614282552162,802.5,397.56142825521624,57344,0.03492606058716774,0.06419790802507586,0.08474959698814281,,,2.0522432751343156e-16
cooldown0,steady8s1,32,1787632280.0669262,model_3,0,3.23218616458895,961.6529420037602,642.0,319.65294200376024,114688,0.03177899122238159,0.06226415627873373,0.08287166944685335,,,2.1159802508582653e-16
cooldown0,steady8s1,32,1787632280.0669262,model_4,0,0.9652935582953744,1045.9219651587728,634.3,411.6219651587728,36864,0.0371999591588974,0.06226415627873373,0.08287166944685335,,,2.1159802508582653e-16
cooldown0,steady8s1,32,1787632280.0669262,model_5,1,2.1771891814924276,683.9140032865517,452.1666666666667,231.74733661988506,131072,0.0383455865085125,0.06226415627873373,0.08287166944685335,,,2.1159802508582653e-16
cooldown0,steady8s1,32,1787632280.0669262,model_6,1,1.9570064845457145,1279.8343259043318,888.9666666666667,390.86765923766507,57344,0.03492606058716774,0.06226415627873373,0.08287166944685335,,,2.1159802508582653e-16
cooldown0,steady8s1,33,1787632285.0917003,model_3,0,3.6852525319465768,1096.451057862853,721.8333333333334,374.6177245295197,114688,0.03177899122238159,0.06559504964600524,0.09837025003271542,,,1.8098871723085707e-16
cooldown0,steady8s1,33,1787632285.0917003,model_4,0,0.7367762445798237,798.3172072276767,621.3333333333334,176.98387389434333,36864,0.0371999591588974,0.06559504964600524,0.09837025003271542,,,1.8098871723085707e-16
cooldown0,steady8s1,33,1787632285.0917003,model_5,1,2.8507621274033754,895.5014821604332,516.9666666666667,378.5348154937665,131072,0.0383455865085125,0.06559504964600524,0.09837025003271542,,,1.8098871723085707e-16
cooldown0,steady8s1,33,1787632285.0917003,model_6,1,2.0566068693458774,1344.9705389660471,858.9333333333333,486.03720563271384,57344,0.03492606058716774,0.06559504964600524,0.09837025003271542,,,1.8098871723085707e-16
cooldown0,steady8s1,34,1787632290.1154137,model_3,0,2.883620489221771,857.9462895619125,641.7666666666667,216.17962289524587,114688,0.03177899122238159,0.057302663868421894,0.1029595317236727,,,1.375031295616311e-07
cooldown0,steady8s1,34,1787632290.1154137,model_4,0,0.9793848742205182,1061.190291273086,699.8333333333334,361.35695793975253,36864,0.0371999591588974,0.057302663868421894,0.1029595317236727,,,1.375031295616311e-07
cooldown0,steady8s1,34,1787632290.1154137,model_5,1,2.836093728008446,890.8937412083513,533.5333333333333,357.36040787501804,131072,0.0383455865085125,0.057302663868421894,0.1029595317236727,,,1.375031295616311e-07
cooldown0,steady8s1,34,1787632290.1154137,model_6,1,2.300218760928101,1504.2867515118578,952.9,551.3867515118578,57344,0.03492606058716774,0.057302663868421894,0.1029595317236727,,,1.375031295616311e-07
cooldown0,steady8s1,35,1787632295.1509032,model_3,0,2.7110970484753985,806.6164261474826,594.3333333333334,212.2830928141492,114688,0.03177899122238159,0.05103147491178256,0.08396944174627805,,,3.1804258186381836e-16
cooldown0,steady8s1,35,1787632295.1509032,model_4,0,0.7291419906946943,790.0452843940094,607.6666666666666,182.37861772734277,36864,0.0371999591588974,0.05103147491178256,0.08396944174627805,,,3.1804258186381836e-16
cooldown0,steady8s1,35,1787632295.1509032,model_5,1,2.1961566985253937,689.872213356992,492.0,197.872213356992,131072,0.0383455865085125,0.05103147491178256,0.08396944174627805,,,3.1804258186381836e-16
cooldown0,steady8s1,35,1787632295.1509032,model_6,1,1.9928032254656878,1303.2445180251416,995.8,307.44451802514163,57344,0.03492606058716774,0.05103147491178256,0.08396944174627805,,,3.1804258186381836e-16
cooldown0,steady8s1,36,1787632300.2085567,model_3,0,2.4373868339467015,725.1810695019673,556.4,168.7810695019673,114688,0.03177899122238159,0.04654353488716249,0.08310724431071136,,,1.1332521626026584e-07
cooldown0,steady8s1,36,1787632300.2085567,model_4,0,0.7003019359074034,758.7962964367316,597.0666666666667,161.7296297700649,36864,0.0371999591588974,0.04654353488716249,0.08310724431071136,,,1.1332521626026584e-07
cooldown0,steady8s1,36,1787632300.2085567,model_5,1,1.9586428234555844,615.2626817113562,419.46666666666664,195.79601504468957,131072,0.0383455865085125,0.04654353488716249,0.08310724431071136,,,1.1332521626026584e-07
cooldown0,steady8s1,36,1787632300.2085567,model_6,1,2.1873044013794627,1430.44352494156,1015.8,414.64352494156014,57344,0.03492606058716774,0.04654353488716249,0.08310724431071136,,,1.1332521626026584e-07
cooldown0,steady8s1,37,1787632305.262144,model_3,0,2.724582268459575,810.6286026778528,566.9,243.7286026778528,114688,0.03177899122238159,0.049301621728096066,0.08173088351558845,,,2.1783571400771804e-16
cooldown0,steady8s1,37,1787632305.262144,model_4,0,0.5990403400696525,649.0765884747673,511.23333333333335,137.84325514143393,36864,0.0371999591588974,0.049301621728096066,0.08173088351558845,,,2.1783571400771804e-16
cooldown0,steady8s1,37,1787632305.262144,model_5,1,1.9285963992488302,605.824287272155,452.0,153.82428727215495,131072,0.0383455865085125,0.049301621728096066,0.08173088351558845,,,2.1783571400771804e-16
cooldown0,steady8s1,37,1787632305.262144,model_6,1,2.148689199882341,1405.1901286099678,1077.5333333333333,327.6567952766345,57344,0.03492606058716774,0.049301621728096066,0.08173088351558845,,,2.1783571400771804e-16
cooldown0,steady8s1,38,1787632310.290559,model_3,0,3.2486156317119974,966.541102706732,646.7,319.84110270673193,114688,0.03177899122238159,0.05816712404695531,0.09224288181196842,,,1.930111572553862e-16
cooldown0,steady8s1,38,1787632310.290559,model_4,0,0.6726665042347003,728.8525505630229,512.1333333333333,216.71921722968955,36864,0.0371999591588974,0.05816712404695531,0.09224288181196842,,,1.930111572553862e-16
cooldown0,steady8s1,38,1787632310.290559,model_5,1,1.7064176657235146,536.0319383196057,332.26666666666665,203.76527165293908,131072,0.0383455865085125,0.05816712404695531,0.09224288181196842,,,1.930111572553862e-16
cooldown0,steady8s1,38,1787632310.290559,model_6,1,2.895277035919644,1893.4402940584387,1168.8666666666666,724.5736273917721,57344,0.03492606058716774,0.05816712404695531,0.09224288181196842,,,1.930111572553862e-16
cooldown0,steady8s1,39,1787632315.3210065,model_3,0,3.791971734611462,1128.2025814400954,633.7333333333333,494.46924810676205,114688,0.03177899122238159,0.06682724043408408,0.0840346257169024,,,2.9572459710970625e-16
cooldown0,steady8s1,39,1787632315.3210065,model_4,0,0.7131240287144106,772.689384597224,526.3666666666667,246.32271793055736,36864,0.0371999591588974,0.06682724043408408,0.0840346257169024,,,2.9572459710970625e-16
cooldown0,steady8s1,39,1787632315.3210065,model_5,1,1.4863725191728627,466.9098067379704,295.2,171.70980673797044,131072,0.0383455865085125,0.06682724043408408,0.0840346257169024,,,2.9572459710970625e-16
cooldown0,steady8s1,39,1787632315.3210065,model_6,1,2.705839219227763,1769.5526001027788,1138.3666666666666,631.1859334361122,57344,0.03492606058716774,0.06682724043408408,0.0840346257169024,,,2.9572459710970625e-16
cooldown0,steady8s1,40,1787632320.3519776,model_3,0,4.078649741395778,1213.4961674507797,693.8333333333334,519.6628341174463,114688,0.03177899122238159,0.07331563156131286,0.08566078841210682,,,3.594041876648713e-16
cooldown0,steady8s1,40,1787632320.3519776,model_4,0,0.8638548269055406,936.0103259825765,510.43333333333334,425.5769926492432,36864,0.0371999591588974,0.07331563156131286,0.08566078841210682,,,3.594041876648713e-16
cooldown0,steady8s1,40,1787632320.3519776,model_5,1,1.5153750438055509,476.02028408903,313.2,162.82028408903,131072,0.0383455865085125,0.07331563156131286,0.08566078841210682,,,3.594041876648713e-16
cooldown0,steady8s1,40,1787632320.3519776,model_6,1,2.7579606156124803,1803.638717207655,1148.8333333333333,654.8053838743217,57344,0.03492606058716774,0.07331563156131286,0.08566078841210682,,,3.594041876648713e-16
cooldown0,steady8s1,41,1787632325.3840466,model_3,0,3.3337070966214815,991.8578553325887,649.2333333333333,342.6245219992553,114688,0.03177899122238159,0.06144511884991708,0.08507723575191274,,,4.1853511599780825e-16
cooldown0,steady8s1,41,1787632325.3840466,model_4,0,0.8085579858467585,876.0946866723884,551.2,324.8946866723884,36864,0.0371999591588974,0.06144511884991708,0.08507723575191274,,,4.1853511599780825e-16
cooldown0,steady8s1,41,1787632325.3840466,model_5,1,1.6130084919778802,506.68959062510055,287.93333333333334,218.7562572917672,131072,0.0383455865085125,0.06144511884991708,0.08507723575191274,,,4.1853511599780825e-16
cooldown0,steady8s1,41,1787632325.3840466,model_6,1,2.6312156400052342,1720.7506063612998,1175.3333333333333,545.4172730279665,57344,0.03492606058716774,0.06144511884991708,0.08507723575191274,,,4.1853511599780825e-16
cooldown0,steady8s1,42,1787632330.4151158,model_3,0,3.640715465592232,1083.2002119316692,655.7,427.5002119316691,114688,0.03177899122238159,0.06661362084623002,0.07618452407997656,,,2.966729401925528e-16
cooldown0,steady8s1,42,1787632330.4151158,model_4,0,0.8499793334868221,920.9758494553719,591.7,329.2758494553718,36864,0.0371999591588974,0.06661362084623002,0.07618452407997656,,,2.966729401925528e-16
cooldown0,steady8s1,42,1787632330.4151158,model_5,1,1.5783945503899117,495.81641544942426,321.0,174.81641544942426,131072,0.0383455865085125,0.06661362084623002,0.07618452407997656,,,2.966729401925528e-16
cooldown0,steady8s1,42,1787632330.4151158,model_6,1,2.22220137549048,1453.2652915990386,1118.4333333333334,334.8319582657052,57344,0.03492606058716774,0.06661362084623002,0.07618452407997656,,,2.966729401925528e-16
cooldown0,steady8s1,43,1787632335.4924417,model_3,0,3.472785661157397,1033.237065546686,756.5666666666667,276.6703988800192,114688,0.03177899122238159,0.06269968135959901,0.0739057632003392,,,3.1519233152047676e-16
cooldown0,steady8s1,43,1787632335.4924417,model_4,0,0.7540545767486964,817.0387525870455,606.2666666666667,210.7720859203788,36864,0.0371999591588974,0.06269968135959901,0.0739057632003392,,,3.1519233152047676e-16
cooldown0,steady8s1,43,1787632335.4924417,model_5,1,1.5479191825329734,486.2432782090574,351.96666666666664,134.27661154239075,131072,0.0383455865085125,0.06269968135959901,0.0739057632003392,,,3.1519233152047676e-16
cooldown0,steady8s1,43,1787632335.4924417,model_6,1,2.1389968402464468,1398.8515627140525,1085.8666666666666,312.984896047386,57344,0.03492606058716774,0.06269968135959901,0.0739057632003392,,,3.1519233152047676e-16
cooldown0,steady8s1,44,1787632340.539471,model_3,0,3.7936630874067716,1128.7057994816164,629.8666666666667,498.8391328149497,114688,0.03177899122238159,0.06950663106726282,0.07730977247759152,,,2.843247967837558e-16
cooldown0,steady8s1,44,1787632340.539471,model_4,0,0.8920612835261267,966.5727930012797,707.3,259.27279300127975,36864,0.0371999591588974,0.06950663106726282,0.07730977247759152,,,2.843247967837558e-16
cooldown0,steady8s1,44,1787632340.539471,model_5,1,1.8011699092807207,565.7961805648157,359.8666666666667,205.92951389814903,131072,0.0383455865085125,0.06950663106726282,0.07730977247759152,,,2.843247967837558e-16
cooldown0,steady8s1,44,1787632340.539471,model_6,1,2.055560966935377,1344.286544397263,926.7666666666667,417.51987773059636,57344,0.03492606058716774,0.06950663106726282,0.07730977247759152,,,2.843247967837558e-16
cooldown0,steady8s1,45,1787632345.585548,model_3,0,2.9927019817697462,890.4006510637853,544.7,345.70065106378524,114688,0.03177899122238159,0.05579788073467583,0.08158311264584353,,,2.1823027817518442e-16
cooldown0,steady8s1,45,1787632345.585548,model_4,0,0.7688598374452361,833.0806573830935,741.0,92.08065738309347,36864,0.0371999591588974,0.05579788073467583,0.08158311264584353,,,2.1823027817518442e-16
cooldown0,steady8s1,45,1787632345.585548,model_5,1,1.8389312256166759,577.6580312685704,314.93333333333334,262.7246979352371,131072,0.0383455865085125,0.05579788073467583,0.08158311264584353,,,2.1823027817518442e-16
cooldown0,steady8s1,45,1787632345.585548,model_6,1,2.2309825696960877,1459.0079776123544,954.5666666666667,504.44131094568763,57344,0.03492606058716774,0.05579788073467583,0.08158311264584353,,,2.1823027817518442e-16
cooldown0,steady8s1,46,1787632350.6205769,model_3,0,3.577715973366567,1064.4563512879681,543.2333333333333,521.2230179546348,114688,0.03177899122238159,0.06516580599448657,0.08484753285272682,,,4.043523225456617e-16
cooldown0,steady8s1,46,1787632350.6205769,model_4,0,0.8153757448086267,883.4819149306692,647.7333333333333,235.74858159733583,36864,0.0371999591588974,0.06516580599448657,0.08484753285272682,,,4.043523225456617e-16
cooldown0,steady8s1,46,1787632350.6205769,model_5,1,2.1560526659337276,677.2744521193124,328.6666666666667,348.6077854526457,131072,0.0383455865085125,0.06516580599448657,0.08484753285272682,,,4.043523225456617e-16
cooldown0,steady8s1,46,1787632350.6205769,model_6,1,2.076712342121641,1358.1190259026812,948.3666666666667,409.7523592360145,57344,0.03492606058716774,0.06516580599448657,0.08484753285272682,,,4.043523225456617e-16
cooldown0,steady8s1,47,1787632355.6553085,model_3,0,3.103193159152065,923.2744276300181,594.5,328.77442763001807,114688,0.03177899122238159,0.057714300154873145,0.07539595867903591,,,2.282791694062132e-16
cooldown0,steady8s1,47,1787632355.6553085,model_4,0,0.787562278632314,853.3452638041686,591.9666666666667,261.37859713750186,36864,0.0371999591588974,0.057714300154873145,0.07539595867903591,,,2.282791694062132e-16
cooldown0,steady8s1,47,1787632355.6553085,model_5,1,1.918590712750261,602.6812305423875,337.96666666666664,264.7145638757209,131072,0.0383455865085125,0.057714300154873145,0.07539595867903591,,,2.282791694062132e-16
cooldown0,steady8s1,47,1787632355.6553085,model_6,1,1.8426662727574254,1205.0586268796076,842.1333333333333,362.92529354627425,57344,0.03492606058716774,0.057714300154873145,0.07539595867903591,,,2.282791694062132e-16
cooldown0,steady8s1,48,1787632360.6892457,model_3,0,2.761488339690922,821.6090444501289,587.8666666666667,233.7423777834622,114688,0.03177899122238159,0.052891038916225944,0.07001246646132847,,,4.981929934514294e-16
cooldown0,steady8s1,48,1787632360.6892457,model_4,0,0.8041114634974669,871.2767581223354,546.4666666666667,324.8100914556687,36864,0.0371999591588974,0.052891038916225944,0.07001246646132847,,,4.981929934514294e-16
cooldown0,steady8s1,48,1787632360.6892457,model_5,1,1.7387538397560376,546.189605104627,414.3333333333333,131.85627177129373,131072,0.0383455865085125,0.052891038916225944,0.07001246646132847,,,4.981929934514294e-16
cooldown0,steady8s1,48,1787632360.6892457,model_6,1,1.7539383835940616,1147.0327597641658,928.6666666666666,218.36609309749917,57344,0.03492606058716774,0.052891038916225944,0.07001246646132847,,,4.981929934514294e-16
cooldown0,steady8s1,49,1787632365.7477522,model_3,0,1.8224285479576148,542.2162231666996,438.8666666666667,103.34955650003292,114688,0.03177899122238159,0.037764094523121634,0.07239645762822765,,,1.4100494298394432e-07
cooldown0,steady8s1,49,1787632365.7477522,model_4,0,0.7234024804800172,783.8263681366743,502.3333333333333,281.493034803341,36864,0.0371999591588974,0.037764094523121634,0.07239645762822765,,,1.4100494298394432e-07
cooldown0,steady8s1,49,1787632365.7477522,model_5,1,1.6981300397261037,533.4285708576446,357.06666666666666,176.3619041909779,131072,0.0383455865085125,0.037764094523121634,0.07239645762822765,,,1.4100494298394432e-07
cooldown0,steady8s1,49,1787632365.7477522,model_6,1,1.913491171213071,1251.3763764057496,833.6,417.7763764057496,57344,0.03492606058716774,0.037764094523121634,0.07239645762822765,,,1.4100494298394432e-07
cooldown0,steady8s1,50,1787632370.8064325,model_3,0,2.6207774578180216,779.7441806599497,439.46666666666664,340.2775139932831,114688,0.03177899122238159,0.04568197156754441,0.08141994378230438,,,2.1866762048746708e-16
cooldown0,steady8s1,50,1787632370.8064325,model_4,0,0.4588298285596411,497.1546653724958,337.46666666666664,159.68799870582916,36864,0.0371999591588974,0.04568197156754441,0.08141994378230438,,,2.1866762048746708e-16
cooldown0,steady8s1,50,1787632370.8064325,model_5,1,1.7547186607853427,551.2045871533716,343.56666666666666,207.6379204867049,131072,0.0383455865085125,0.04568197156754441,0.08141994378230438,,,2.1866762048746708e-16
cooldown0,steady8s1,50,1787632370.8064325,model_6,1,2.3070551753232866,1508.7575991447902,951.4,557.3575991447902,57344,0.03492606058716774,0.04568197156754441,0.08141994378230438,,,2.1866762048746708e-16
cooldown0,steady8s1,51,1787632375.848008,model_3,0,1.7644574054494258,524.968417221893,369.1333333333333,155.83508388855967,114688,0.03177899122238159,0.030721361071842347,0.07735192673737844,,,1.5723032554710636e-07
cooldown0,steady8s1,51,1787632375.848008,model_4,0,0.30659434993282164,332.2033615914682,222.93333333333334,109.27002825813486,36864,0.0371999591588974,0.030721361071842347,0.07735192673737844,,,1.5723032554710636e-07
cooldown0,steady8s1,51,1787632375.848008,model_5,1,1.6748429266599913,526.1134588511105,313.1666666666667,212.94679218444384,131072,0.0383455865085125,0.030721361071842347,0.07735192673737844,,,1.5723032554710636e-07
cooldown0,steady8s1,51,1787632375.848008,model_6,1,2.183990280532518,1428.2761710499867,964.4666666666667,463.80950438332,57344,0.03492606058716774,0.030721361071842347,0.07735192673737844,,,1.5723032554710636e-07
cooldown0,steady8s1,52,1787632380.9075418,model_3,0,2.4426749674663633,726.7544161156633,393.6,333.15441611566325,114688,0.03177899122238159,0.043909472970667274,0.07875081345927055,,,3.391185040197949e-16
cooldown0,steady8s1,52,1787632380.9075418,model_4,0,0.5174409877202613,560.6614589719111,378.8666666666667,181.7947923052444,36864,0.0371999591588974,0.043909472970667274,0.07875081345927055,,,3.391185040197949e-16
cooldown0,steady8s1,52,1787632380.9075418,model_5,1,1.8596991847770858,584.1818089036178,380.4,203.78180890361784,131072,0.0383455865085125,0.043909472970667274,0.07875081345927055,,,3.391185040197949e-16
cooldown0,steady8s1,52,1787632380.9075418,model_6,1,2.0689204975992572,1353.0233503591373,980.3,372.7233503591374,57344,0.03492606058716774,0.043909472970667274,0.07875081345927055,,,3.391185040197949e-16
cooldown0,steady8s1,53,1787632385.974213,model_3,0,2.4853789150770753,739.4598652339502,412.8,326.65986523395014,114688,0.03177899122238159,0.045287775600209614,0.07535237686942728,,,2.3627529889270713e-16
cooldown0,steady8s1,53,1787632385.974213,model_4,0,0.5676540197214313,615.0686521577725,354.3666666666667,260.7019854911058,36864,0.0371999591588974,0.045287775600209614,0.07535237686942728,,,2.3627529889270713e-16
cooldown0,steady8s1,53,1787632385.974213,model_5,1,1.8990683584272445,596.5487310737467,451.7,144.8487310737467,131072,0.0383455865085125,0.045287775600209614,0.07535237686942728,,,2.3627529889270713e-16
cooldown0,steady8s1,53,1787632385.974213,model_6,1,1.8600144736018798,1216.403925481707,911.7666666666667,304.63725881504024,57344,0.03492606058716774,0.045287775600209614,0.07535237686942728,,,2.3627529889270713e-16
cooldown0,steady8s1,54,1787632391.0141673,model_3,0,2.6087930445092065,776.1785301281597,414.56666666666666,361.611863461493,114688,0.03177899122238159,0.04511055480348807,0.06870587826122551,,,3.239152496422486e-16
cooldown0,steady8s1,54,1787632391.0141673,model_4,0,0.4322927164228143,468.400978748084,345.53333333333336,122.86764541475065,36864,0.0371999591588974,0.04511055480348807,0.06870587826122551,,,3.239152496422486e-16
cooldown0,steady8s1,54,1787632391.0141673,model_5,1,1.596491137573861,501.5010429002712,348.6,152.9010429002712,131072,0.0383455865085125,0.04511055480348807,0.06870587826122551,,,3.239152496422486e-16
cooldown0,steady8s1,54,1787632391.0141673,model_6,1,1.831019687715634,1197.4420454151327,755.9333333333333,441.50871208179944,57344,0.03492606058716774,0.04511055480348807,0.06870587826122551,,,3.239152496422486e-16
cooldown0,steady8s1,55,1787632396.05264,model_3,0,3.5770342171205876,1064.2535124456829,470.9,593.3535124456829,114688,0.03177899122238159,0.062041366889457085,0.07498023251467643,,,2.123578696402673e-16
cooldown0,steady8s1,55,1787632396.05264,model_4,0,0.6054263679507041,655.9960243018365,418.23333333333335,237.7626909685032,36864,0.0371999591588974,0.062041366889457085,0.07498023251467643,,,2.123578696402673e-16
cooldown0,steady8s1,55,1787632396.05264,model_5,1,1.8347387820409016,576.3410713581343,490.76666666666665,85.57440469146763,131072,0.0383455865085125,0.062041366889457085,0.07498023251467643,,,2.123578696402673e-16
cooldown0,steady8s1,55,1787632396.05264,model_6,1,1.905778989228366,1246.3327982114047,782.2,464.13279821140463,57344,0.03492606058716774,0.062041366889457085,0.07498023251467643,,,2.123578696402673e-16
cooldown0,steady8s1,56,1787632401.091276,model_3,0,3.3822942385807555,1006.3136959399728,483.8666666666667,522.4470292733062,114688,0.03177899122238159,0.05855650171412152,0.08103817442209837,,,2.1969775965541588e-16
cooldown0,steady8s1,56,1787632401.091276,model_4,0,0.5652374277563907,612.4502086849647,405.7,206.75020868496466,36864,0.0371999591588974,0.05855650171412152,0.08103817442209837,,,2.1969775965541588e-16
cooldown0,steady8s1,56,1787632401.091276,model_5,1,1.8932517302864065,594.721570865876,455.8333333333333,138.88823753254263,131072,0.0383455865085125,0.05855650171412152,0.08103817442209837,,,2.1969775965541588e-16
cooldown0,steady8s1,56,1787632401.091276,model_6,1,2.149476885122258,1405.7052554713325,729.3666666666667,676.3385888046658,57344,0.03492606058716774,0.05855650171412152,0.08103817442209837,,,2.1969775965541588e-16
cooldown0,steady8s1,57,1787632406.132309,model_3,0,3.1489380914821115,936.8846426723643,510.3333333333333,426.551309339031,114688,0.03177899122238159,0.05635419016864913,0.08898614038872087,,,2.0007503740837052e-16
cooldown0,steady8s1,57,1787632406.132309,model_4,0,0.6501268066840872,704.4301719470787,466.43333333333334,237.9968386137454,36864,0.0371999591588974,0.05635419016864913,0.08898614038872087,,,2.0007503740837052e-16
cooldown0,steady8s1,57,1787632406.132309,model_5,1,2.631741912269914,826.7013092558774,594.7666666666667,231.93464258921074,131072,0.0383455865085125,0.05635419016864913,0.08898614038872087,,,2.0007503740837052e-16
cooldown0,steady8s1,57,1787632406.132309,model_6,1,1.8074846459502203,1182.0507043282068,854.7,327.3507043282068,57344,0.03492606058716774,0.05635419016864913,0.08898614038872087,,,2.0007503740837052e-16
cooldown0,steady8s1,58,1787632411.172985,model_3,0,2.276823356905168,677.4095822754632,509.6,167.80958227546319,114688,0.03177899122238159,0.04383496301299735,0.09861795776773942,,,1.60493783112912e-07
cooldown0,steady8s1,58,1787632411.172985,model_4,0,0.678269579338227,734.923635646779,382.3333333333333,352.59030231344565,36864,0.0371999591588974,0.04383496301299735,0.09861795776773942,,,1.60493783112912e-07
cooldown0,steady8s1,58,1787632411.172985,model_5,1,2.663631915539365,836.7188217376732,526.5333333333333,310.18548840433994,131072,0.0383455865085125,0.04383496301299735,0.09861795776773942,,,1.60493783112912e-07
cooldown0,steady8s1,58,1787632411.172985,model_6,1,2.2560936177337445,1475.4299882146781,778.7,696.7299882146781,57344,0.03492606058716774,0.04383496301299735,0.09861795776773942,,,1.60493783112912e-07
cooldown0,steady8s1,59,1787632416.222463,model_3,0,3.528931063320967,1049.9416699293508,638.6333333333333,411.3083365960175,114688,0.03177899122238159,0.059848299935617216,0.08253113208837874,,,2.1572350840934143e-16
cooldown0,steady8s1,59,1787632416.222463,model_4,0,0.5056859690574782,547.924574824494,377.06666666666666,170.85790815782735,36864,0.0371999591588974,0.059848299935617216,0.08253113208837874,,,2.1572350840934143e-16
cooldown0,steady8s1,59,1787632416.222463,model_5,1,2.267039849820836,712.138528190874,413.06666666666666,299.07186152420735,131072,0.0383455865085125,0.059848299935617216,0.08253113208837874,,,2.1572350840934143e-16
cooldown0,steady8s1,59,1787632416.222463,model_6,1,1.8501675247912144,1209.964262050424,847.2,362.7642620504239,57344,0.03492606058716774,0.059848299935617216,0.08253113208837874,,,2.1572350840934143e-16
cooldown0,steady8s1,60,1787632421.2662466,model_3,0,3.977562889778244,1183.420403461405,640.0,543.4204034614049,114688,0.03177899122238159,0.06571915938495715,0.08457884216024858,,,2.0047384393706994e-16
cooldown0,steady8s1,60,1787632421.2662466,model_4,0,0.45283262844671934,490.65653506420455,384.1,106.55653506420452,36864,0.0371999591588974,0.06571915938495715,0.08457884216024858,,,2.0047384393706994e-16
cooldown0,steady8s1,60,1787632421.2662466,model_5,1,2.0180680911835878,633.929765441937,362.3333333333333,271.59643210860366,131072,0.0383455865085125,0.06571915938495715,0.08457884216024858,,,2.0047384393706994e-16
cooldown0,steady8s1,60,1787632421.2662466,model_6,1,2.2012928198653743,1439.5916081414684,854.2333333333333,585.3582748081351,57344,0.03492606058716774,0.06571915938495715,0.08457884216024858,,,2.0047384393706994e-16
cooldown0,steady8s1,61,1787632426.3166375,model_3,0,3.1612726314231345,940.5544642787124,643.8666666666667,296.68779761204576,114688,0.03177899122238159,0.0543095807081563,0.08646243617793387,,,1.0295745848787214e-16
cooldown0,steady8s1,61,1787632426.3166375,model_4,0,0.49995683678530917,541.7169033516383,328.8333333333333,212.88357001830497,36864,0.0371999591588974,0.0543095807081563,0.08646243617793387,,,1.0295745848787214e-16
cooldown0,steady8s1,61,1787632426.3166375,model_5,1,2.3186581393016024,728.3532289167869,434.6666666666667,293.6865622501202,131072,0.0383455865085125,0.0543095807081563,0.08646243617793387,,,1.0295745848787214e-16
cooldown0,steady8s1,61,1787632426.3166375,model_6,1,1.9946690967468101,1304.464752159345,859.9666666666667,444.49808549267823,57344,0.03492606058716774,0.0543095807081563,0.08646243617793387,,,1.0295745848787214e-16
cooldown0,steady8s1,62,1787632431.3576386,model_3,0,3.4135977969915925,1015.6272557128507,712.5666666666667,303.06058904618396,114688,0.03177899122238159,0.06201972060633212,0.09573692738513766,,,1.859669602250442e-16
cooldown0,steady8s1,62,1787632431.3576386,model_4,0,0.7674035241962203,831.5027021567194,472.93333333333334,358.569368823386,36864,0.0371999591588974,0.06201972060633212,0.09573692738513766,,,1.859669602250442e-16
cooldown0,steady8s1,62,1787632431.3576386,model_5,1,2.6769090696026248,840.889534905296,554.6333333333333,286.2562015719627,131072,0.0383455865085125,0.06201972060633212,0.09573692738513766,,,1.859669602250442e-16
cooldown0,steady8s1,62,1787632431.3576386,model_6,1,2.099092100848911,1372.7548401683996,939.0333333333333,433.7215068350663,57344,0.03492606058716774,0.06201972060633212,0.09573692738513766,,,1.859669602250442e-16
cooldown0,steady8s1,63,1787632436.3982503,model_3,0,4.350218495959599,1294.2943883712653,843.7666666666667,450.52772170459866,114688,0.03177899122238159,0.07419615879393128,0.09920161502241612,,,3.5513893755084646e-16
cooldown0,steady8s1,63,1787632436.3982503,model_4,0,0.6516459902344104,706.0762488640291,432.1333333333333,273.9429155306958,36864,0.0371999591588974,0.07419615879393128,0.09920161502241612,,,3.5513893755084646e-16
cooldown0,steady8s1,63,1787632436.3982503,model_5,1,3.0731465685880424,965.358449452082,633.5333333333333,331.8251161187487,131072,0.0383455865085125,0.07419615879393128,0.09920161502241612,,,3.5513893755084646e-16
cooldown0,steady8s1,63,1787632436.3982503,model_6,1,1.8756964995810064,1226.659586516202,715.2,511.45958651620185,57344,0.03492606058716774,0.07419615879393128,0.09920161502241612,,,3.5513893755084646e-16
cooldown0,steady8s1,64,1787632441.4664063,model_3,0,3.886344368118433,1156.280704430317,856.4333333333333,299.8473710969837,114688,0.03177899122238159,0.06542235353930312,0.1010604309745624,,,3.5234176611776384e-16
cooldown0,steady8s1,64,1787632441.4664063,model_4,0,0.524042262277245,567.8141204580041,404.3333333333333,163.48078712467083,36864,0.0371999591588974,0.06542235353930312,0.1010604309745624,,,3.5234176611776384e-16
cooldown0,steady8s1,64,1787632441.4664063,model_5,1,3.106561840983305,975.8550902167074,624.3666666666667,351.4884235500407,131072,0.0383455865085125,0.06542235353930312,0.1010604309745624,,,3.5234176611776384e-16
cooldown0,steady8s1,64,1787632441.4664063,model_6,1,1.9350114557984792,1265.4501156258978,829.7333333333333,435.7167822925644,57344,0.03492606058716774,0.06542235353930312,0.1010604309745624,,,3.5234176611776384e-16
cooldown0,steady8s1,65,1787632446.5090287,model_3,0,3.775563131179306,1123.3206281857993,832.9333333333333,290.38729485246597,114688,0.03177899122238159,0.06623371501112682,0.10473288969097677,,,1.6999345114635684e-16
cooldown0,steady8s1,65,1787632446.5090287,model_4,0,0.6895206721879864,747.1145023965634,518.3666666666667,228.74783572989668,36864,0.0371999591588974,0.06623371501112682,0.10473288969097677,,,1.6999345114635684e-16
cooldown0,steady8s1,65,1787632446.5090287,model_5,1,2.856692632036861,897.3644140543976,639.6333333333333,257.73108072106425,131072,0.0383455865085125,0.06623371501112682,0.10473288969097677,,,1.6999345114635684e-16
cooldown0,steady8s1,65,1787632446.5090287,model_6,1,2.3680875798516716,1548.6712974001327,880.4,668.2712974001328,57344,0.03492606058716774,0.06623371501112682,0.10473288969097677,,,1.6999345114635684e-16
cooldown0,steady8s1,66,1787632451.55757,model_3,0,3.9565016898864456,1177.154191118821,879.4666666666667,297.6875244521543,114688,0.03177899122238159,0.06855482273887538,0.0950043877873963,,,3.7480174930324184e-16
cooldown0,steady8s1,66,1787632451.55757,model_4,0,0.665057414908522,720.6078942170725,544.8,175.80789421707254,36864,0.0371999591588974,0.06855482273887538,0.0950043877873963,,,3.7480174930324184e-16
cooldown0,steady8s1,66,1787632451.55757,model_5,1,2.827005022463333,888.0387329955189,643.1,244.93873299551888,131072,0.0383455865085125,0.06855482273887538,0.0950043877873963,,,3.7480174930324184e-16
cooldown0,steady8s1,66,1787632451.55757,model_6,1,1.9124521511024415,1250.6968826925763,849.5666666666667,401.1302160259096,57344,0.03492606058716774,0.06855482273887538,0.0950043877873963,,,3.7480174930324184e-16
cooldown0,steady8s1,67,1787632456.60388,model_3,0,3.1027026830329274,923.1284992153375,823.2333333333333,99.89516588200411,114688,0.03177899122238159,0.056770940634066416,0.09935012540154554,,,2.6880547903399333e-16
cooldown0,steady8s1,67,1787632456.60388,model_4,0,0.7244570570558161,784.9690306926307,596.2666666666667,188.70236402596402,36864,0.0371999591588974,0.056770940634066416,0.09935012540154554,,,2.6880547903399333e-16
cooldown0,steady8s1,67,1787632456.60388,model_5,1,2.4670153661007235,774.9562461277792,553.2,221.75624612777915,131072,0.0383455865085125,0.056770940634066416,0.09935012540154554,,,2.6880547903399333e-16
cooldown0,steady8s1,67,1787632456.60388,model_6,1,2.489236397583409,1627.8996580112102,983.6,644.2996580112102,57344,0.03492606058716774,0.056770940634066416,0.09935012540154554,,,2.6880547903399333e-16
cooldown0,steady8s1,68,1787632461.6643548,model_3,0,3.360191011327521,999.7374554533566,729.8666666666667,269.8707887866899,114688,0.03177899122238159,0.057648241583678386,0.10425601679761536,,,3.4154202153457043e-16
cooldown0,steady8s1,68,1787632461.6643548,model_4,0,0.5261111498096734,570.0558166705338,462.23333333333335,107.82248333720042,36864,0.0371999591588974,0.057648241583678386,0.10425601679761536,,,3.4154202153457043e-16
cooldown0,steady8s1,68,1787632461.6643548,model_5,1,2.312093477608568,726.291091139845,508.5,217.79109113984498,131072,0.0383455865085125,0.057648241583678386,0.10425601679761536,,,3.4154202153457043e-16
cooldown0,steady8s1,68,1787632461.6643548,model_6,1,2.8888971103693426,1889.2679789534711,1007.2666666666667,882.0013122868045,57344,0.03492606058716774,0.057648241583678386,0.10425601679761536,,,3.4154202153457043e-16
cooldown0,steady8s1,69,1787632466.7198553,model_3,0,2.874409526739222,855.2058072013749,613.5,241.7058072013749,114688,0.03177899122238159,0.049979039271239915,0.09506649219088023,,,3.7455690131812345e-16
cooldown0,steady8s1,69,1787632466.7198553,model_4,0,0.49488055038210066,536.2166082290555,455.3,80.9166082290555,36864,0.0371999591588974,0.049979039271239915,0.09506649219088023,,,3.7455690131812345e-16
cooldown0,steady8s1,69,1787632466.7198553,model_5,1,2.3357515307602448,733.7227254592099,402.06666666666666,331.6560587925432,131072,0.0383455865085125,0.049979039271239915,0.09506649219088023,,,3.7455690131812345e-16
cooldown0,steady8s1,69,1787632466.7198553,model_6,1,2.4068038277152675,1573.990775581398,1053.8333333333333,520.1574422480649,57344,0.03492606058716774,0.049979039271239915,0.09506649219088023,,,3.7455690131812345e-16
cooldown0,steady8s1,70,1787632471.7682776,model_3,0,2.8499224950512763,847.9203276947676,548.5333333333333,299.3869943614343,114688,0.03177899122238159,0.05052948163587938,0.09238449228535031,,,1.2496389614395354e-07
cooldown0,steady8s1,70,1787632471.7682776,model_4,0,0.5564751380425028,602.9560281861077,431.1333333333333,171.82269485277436,36864,0.0371999591588974,0.05052948163587938,0.09238449228535031,,,1.2496389614395354e-07
cooldown0,steady8s1,70,1787632471.7682776,model_5,1,2.703347601092338,849.1945926677789,443.6666666666667,405.52792600111223,131072,0.0383455865085125,0.05052948163587938,0.09238449228535031,,,1.2496389614395354e-07
cooldown0,steady8s1,70,1787632471.7682776,model_6,1,1.9054109881635575,1246.0921345250906,934.8666666666667,311.22546785842394,57344,0.03492606058716774,0.05052948163587938,0.09238449228535031,,,1.2496389614395354e-07
cooldown0,steady8s1,71,1787632476.8154354,model_3,0,3.0605179052800406,910.5775155875125,391.1666666666667,519.4108489208459,114688,0.03177899122238159,0.05300368969912992,0.08195774562275202,,,1.086163682994067e-16
cooldown0,steady8s1,71,1787632476.8154354,model_4,0,0.5126761448277106,555.4986214091596,374.73333333333335,180.76528807582622,36864,0.0371999591588974,0.05300368969912992,0.08195774562275202,,,1.086163682994067e-16
cooldown0,steady8s1,71,1787632476.8154354,model_5,1,2.2149515636863066,695.776188805106,480.0,215.77618880510602,131072,0.0383455865085125,0.05300368969912992,0.08195774562275202,,,1.086163682994067e-16
cooldown0,steady8s1,71,1787632476.8154354,model_6,1,1.8736514415799672,1225.322168654348,911.0666666666667,314.2555019876812,57344,0.03492606058716774,0.05300368969912992,0.08195774562275202,,,1.086163682994067e-16
cooldown0,steady8s1,72,1787632481.8627207,model_3,0,3.126282960558277,930.1441976005206,409.3333333333333,520.8108642671873,114688,0.03177899122238159,0.0541746849986068,0.09315091416803782,,,1.9112969020339212e-16
cooldown0,steady8s1,72,1787632481.8627207,model_4,0,0.5258526398556151,569.77571406668,426.0,143.77571406668005,36864,0.0371999591588974,0.0541746849986068,0.09315091416803782,,,1.9112969020339212e-16
cooldown0,steady8s1,72,1787632481.8627207,model_5,1,2.5536353376885197,802.1659218127229,548.3666666666667,253.79925514605623,131072,0.0383455865085125,0.0541746849986068,0.09315091416803782,,,1.9112969020339212e-16
cooldown0,steady8s1,72,1787632481.8627207,model_6,1,2.0933581187177737,1369.0049562444044,1033.7,335.30495624440437,57344,0.03492606058716774,0.0541746849986068,0.09315091416803782,,,1.9112969020339212e-16
cooldown0,steady8s1,73,1787632486.9347467,model_3,0,2.9628621208115256,881.5225764052653,442.9,438.62257640526536,114688,0.03177899122238159,0.050928292362980764,0.09565316768614698,,,1.225277304205001e-07
cooldown0,steady8s1,73,1787632486.9347467,model_4,0,0.47042096356473695,509.7139770956149,314.9,194.81397709561492,36864,0.0371999591588974,0.050928292362980764,0.09565316768614698,,,1.225277304205001e-07
cooldown0,steady8s1,73,1787632486.9347467,model_5,1,2.763659608273606,868.1402252422129,520.3666666666667,347.7735585755462,131072,0.0383455865085125,0.050928292362980764,0.09565316768614698,,,1.225277304205001e-07
cooldown0,steady8s1,73,1787632486.9347467,model_6,1,2.008162456543519,1313.289079097441,861.8333333333334,451.4557457641075,57344,0.03492606058716774,0.050928292362980764,0.09565316768614698,,,1.225277304205001e-07
cooldown0,steady8s1,74,1787632491.9835246,model_3,0,2.839045937672772,844.6842908858416,449.03333333333336,395.65095755250826,114688,0.03177899122238159,0.05018433093983863,0.09777848672075629,,,1.32265547730011e-07
cooldown0,steady8s1,74,1787632491.9835246,model_4,0,0.5440836848261947,589.5295497974389,302.8333333333333,286.6962164641056,36864,0.0371999591588974,0.05018433093983863,0.09777848672075629,,,1.32265547730011e-07
cooldown0,steady8s1,74,1787632491.9835246,model_5,1,2.7402789542005728,860.7957294756186,528.1666666666666,332.62906280895197,131072,0.0383455865085125,0.05018433093983863,0.09777848672075629,,,1.32265547730011e-07
cooldown0,steady8s1,74,1787632491.9835246,model_6,1,2.1375682544038965,1397.917302550259,843.3333333333334,554.5839692169255,57344,0.03492606058716774,0.05018433093983863,0.09777848672075629,,,1.32265547730011e-07
cooldown0,steady8s1,75,1787632497.0353508,model_3,0,3.646203796403801,1084.8331220435489,511.46666666666664,573.3664553768822,114688,0.03177899122238159,0.06315326390705427,0.0895488878885168,,,2.982265741133158e-16
cooldown0,steady8s1,75,1787632497.0353508,model_4,0,0.6112142837053505,662.2673892853173,358.6,303.6673892853173,36864,0.0371999591588974,0.06315326390705427,0.0895488878885168,,,2.982265741133158e-16
cooldown0,steady8s1,75,1787632497.0353508,model_5,1,2.6022313340763232,817.4312385411935,566.7,250.73123854119342,131072,0.0383455865085125,0.06315326390705427,0.0895488878885168,,,2.982265741133158e-16
cooldown0,steady8s1,75,1787632497.0353508,model_6,1,1.8650688503933965,1219.7093641529225,807.1666666666666,412.54269748625586,57344,0.03492606058716774,0.06315326390705427,0.0895488878885168,,,2.982265741133158e-16
cooldown0,steady8s1,76,1787632502.0825408,model_3,0,3.4244667967126587,1018.8610439373389,717.0666666666667,301.79437727067216,114688,0.03177899122238159,0.061521126042173115,0.1094849062257962,,,1.3002540652559683e-07
cooldown0,steady8s1,76,1787632502.0825408,model_4,0,0.7229222393647818,783.3060137567238,475.6333333333333,307.6726804233905,36864,0.0371999591588974,0.061521126042173115,0.1094849062257962,,,1.3002540652559683e-07
cooldown0,steady8s1,76,1787632502.0825408,model_5,1,3.405049916685897,1069.6182673087064,606.1,463.5182673087064,131072,0.0383455865085125,0.061521126042173115,0.1094849062257962,,,1.3002540652559683e-07
cooldown0,steady8s1,76,1787632502.0825408,model_6,1,2.056792094867703,1345.0916719222935,911.5666666666667,433.52500525562675,57344,0.03492606058716774,0.061521126042173115,0.1094849062257962,,,1.3002540652559683e-07
cooldown0,steady8s1,77,1787632507.134742,model_3,0,3.821741127165007,1137.059690057297,679.9666666666667,457.0930233906304,114688,0.03177899122238159,0.06744585620595768,0.1081574715827613,,,3.2922192256457147e-16
cooldown0,steady8s1,77,1787632507.134742,model_4,0,0.7250580384694387,785.6202104873762,490.5,295.1202104873762,36864,0.0371999591588974,0.06744585620595768,0.1081574715827613,,,3.2922192256457147e-16
cooldown0,steady8s1,77,1787632507.134742,model_5,1,3.2944142713980074,1034.8646190184077,607.3333333333334,427.5312856850743,131072,0.0383455865085125,0.06744585620595768,0.1081574715827613,,,3.2922192256457147e-16
cooldown0,steady8s1,77,1787632507.134742,model_6,1,2.101207094162324,1374.1379940122624,983.5666666666667,390.5713273455957,57344,0.03492606058716774,0.06744585620595768,0.1081574715827613,,,3.2922192256457147e-16
cooldown0,steady8s1,78,1787632512.187309,model_3,0,3.1727819272950795,943.9787559723362,660.3333333333334,283.64542263900285,114688,0.03177899122238159,0.056289282423539304,0.10004217996811968,,,1.2109597958188526e-07
cooldown0,steady8s1,78,1787632512.187309,model_4,0,0.621907276085556,673.8535389157803,447.1,226.75353891578027,36864,0.0371999591588974,0.056289282423539304,0.10004217996811968,,,1.2109597958188526e-07
cooldown0,steady8s1,78,1787632512.187309,model_5,1,2.9760673694414583,934.8632475244844,560.2666666666667,374.5965808578178,131072,0.0383455865085125,0.056289282423539304,0.10004217996811968,,,1.2109597958188526e-07
cooldown0,steady8s1,78,1787632512.187309,model_6,1,2.014708097580909,1317.5697680736168,909.0333333333333,408.53643474028354,57344,0.03492606058716774,0.056289282423539304,0.10004217996811968,,,1.2109597958188526e-07
cooldown0,steady8s1,79,1787632517.248248,model_3,0,3.6228468270483725,1077.8838631973165,710.1,367.78386319731646,114688,0.03177899122238159,0.06201568009573819,0.08556511490583107,,,2.0807434649849974e-16
cooldown0,steady8s1,79,1787632517.248248,model_4,0,0.5578821069057286,604.4805174212177,464.6333333333333,139.84718408788433,36864,0.0371999591588974,0.06201568009573819,0.08556511490583107,,,2.0807434649849974e-16
cooldown0,steady8s1,79,1787632517.248248,model_5,1,2.2545958705381586,708.2295377547756,590.2666666666667,117.96287108810895,131072,0.0383455865085125,0.06201568009573819,0.08556511490583107,,,2.0807434649849974e-16
cooldown0,steady8s1,79,1787632517.248248,model_6,1,2.0139669515804695,1317.0850767354125,903.6,413.48507673541246,57344,0.03492606058716774,0.06201568009573819,0.08556511490583107,,,2.0807434649849974e-16
cooldown0,steady8s1,80,1787632522.3133798,model_3,0,3.7663448544320497,1120.5779696560016,699.0333333333333,421.54463632266834,114688,0.03177899122238159,0.06369747682676752,0.08188458591356484,,,4.1367329315244775e-16
cooldown0,steady8s1,80,1787632522.3133798,model_4,0,0.527760829459959,571.843289680046,457.96666666666664,113.8766230133794,36864,0.0371999591588974,0.06369747682676752,0.08188458591356484,,,4.1367329315244775e-16
cooldown0,steady8s1,80,1787632522.3133798,model_5,1,2.380387425668099,747.74406721316,539.9666666666667,207.77740054649325,131072,0.0383455865085125,0.06369747682676752,0.08188458591356484,,,4.1367329315244775e-16
cooldown0,steady8s1,80,1787632522.3133798,model_6,1,1.7045658817621228,1114.7443523933757,914.4666666666667,200.27768572670902,57344,0.03492606058716774,0.06369747682676752,0.08188458591356484,,,4.1367329315244775e-16
cooldown0,steady8s1,81,1787632527.3718865,model_3,0,3.804662818892313,1131.9784835430148,716.4666666666667,415.5118168763481,114688,0.03177899122238159,0.06401453519206818,0.08629742098340584,,,2.0581220284870222e-16
cooldown0,steady8s1,81,1787632527.3718865,model_4,0,0.5108170574542216,553.4842494055638,425.6666666666667,127.8175827388971,36864,0.0371999591588974,0.06401453519206818,0.08629742098340584,,,2.0581220284870222e-16
cooldown0,steady8s1,81,1787632527.3718865,model_5,1,2.1921331381186326,688.6083042173337,552.3,136.30830421733378,131072,0.0383455865085125,0.06401453519206818,0.08629742098340584,,,2.0581220284870222e-16
cooldown0,steady8s1,81,1787632527.3718865,model_6,1,2.112962031330883,1381.8254351147698,894.0666666666667,487.75876844810307,57344,0.03492606058716774,0.06401453519206818,0.08629742098340584,,,2.0581220284870222e-16
cooldown0,steady8s1,82,1787632532.4442441,model_3,0,4.13721665435925,1230.9212294018641,842.0666666666667,388.8545627351974,114688,0.03177899122238159,0.0692182684435887,0.09539950625967,,,1.8662471185793142e-16
cooldown0,steady8s1,82,1787632532.4442441,model_4,0,0.5290680206386177,573.2596670656317,355.56666666666666,217.693000398965,36864,0.0371999591588974,0.0692182684435887,0.09539950625967,,,1.8662471185793142e-16
cooldown0,steady8s1,82,1787632532.4442441,model_5,1,2.613446809881165,820.954322810423,586.8,234.15432281042308,131072,0.0383455865085125,0.0692182684435887,0.09539950625967,,,1.8662471185793142e-16
cooldown0,steady8s1,82,1787632532.4442441,model_6,1,2.145721527783857,1403.2493437174999,802.9666666666667,600.2826770508332,57344,0.03492606058716774,0.0692182684435887,0.09539950625967,,,1.8662471185793142e-16
cooldown0,steady8s1,83,1787632537.4994967,model_3,0,4.3050390182646865,1280.8524096512585,873.3,407.5524096512586,114688,0.03177899122238159,0.07257947793844417,0.08360700862605265,,,3.6304952519469017e-16
cooldown0,steady8s1,83,1787632537.4994967,model_4,0,0.5878384436949624,636.9390274509365,337.96666666666664,298.9723607842698,36864,0.0371999591588974,0.07257947793844417,0.08360700862605265,,,3.6304952519469017e-16
cooldown0,steady8s1,83,1787632537.4994967,model_5,1,2.6041494727842056,818.0337777847826,593.2666666666667,224.76711111811596,131072,0.0383455865085125,0.07257947793844417,0.08360700862605265,,,3.6304952519469017e-16
cooldown0,steady8s1,83,1787632537.4994967,model_6,1,1.5667298520725068,1024.6029637284887,658.0333333333333,366.5696303951554,57344,0.03492606058716774,0.07257947793844417,0.08360700862605265,,,3.6304952519469017e-16
cooldown0,steady8s1,84,1787632542.5552993,model_3,0,3.6529074400017705,1086.8276168714642,860.4,226.42761687146424,114688,0.03177899122238159,0.06369912279258969,0.10052227480614827,,,1.0171419801602795e-07
cooldown0,steady8s1,84,1787632542.5552993,model_4,0,0.6413092051330505,694.876059560238,369.53333333333336,325.34272622690463,36864,0.0371999591588974,0.06369912279258969,0.10052227480614827,,,1.0171419801602795e-07
cooldown0,steady8s1,84,1787632542.5552993,model_5,1,3.2610458357184235,1024.382690932861,717.9,306.4826909328609,131072,0.0383455865085125,0.06369912279258969,0.10052227480614827,,,1.0171419801602795e-07
cooldown0,steady8s1,84,1787632542.5552993,model_6,1,1.7536800657194553,1146.8638261987808,754.3666666666667,392.4971595321141,57344,0.03492606058716774,0.06369912279258969,0.10052227480614827,,,1.0171419801602795e-07
cooldown0,steady8s1,85,1787632547.612277,model_3,0,2.925384636861533,870.3721256378378,727.8333333333334,142.53879230450445,114688,0.03177899122238159,0.050506581792356516,0.08536271025619642,,,2.0856771432942487e-16
cooldown0,steady8s1,85,1787632547.612277,model_4,0,0.4794692247497522,519.5180155029707,365.8333333333333,153.68468216963737,36864,0.0371999591588974,0.050506581792356516,0.08536271025619642,,,2.0856771432942487e-16
cooldown0,steady8s1,85,1787632547.612277,model_5,1,2.5066398867831348,787.4033797065168,649.9333333333333,137.47004637318355,131072,0.0383455865085125,0.050506581792356516,0.08536271025619642,,,2.0856771432942487e-16
cooldown0,steady8s1,85,1787632547.612277,model_6,1,1.751825631505477,1145.6510716264668,693.7,451.9510716264667,57344,0.03492606058716774,0.050506581792356516,0.08536271025619642,,,2.0856771432942487e-16
cooldown0,steady8s1,86,1787632552.6651156,model_3,0,2.2770223992211904,677.468802140607,677.4666666666667,0.0021354739402568157,114688,0.03177899122238159,0.03862257386775116,0.06816469390666215,,,1.16257848665914e-07
cooldown0,steady8s1,86,1787632552.6651156,model_4,0,0.32668220941025705,353.9691066126771,353.96666666666664,0.002439946010440508,36864,0.0371999591588974,0.03862257386775116,0.06816469390666215,,,1.16257848665914e-07
cooldown0,steady8s1,86,1787632552.6651156,model_5,1,2.135564810430356,670.8386626182538,612.9,57.93866261825383,131072,0.0383455865085125,0.03862257386775116,0.06816469390666215,,,1.16257848665914e-07
cooldown0,steady8s1,86,1787632552.6651156,model_6,1,1.2649476913893671,827.2448194209007,520.3666666666667,306.87815275423407,57344,0.03492606058716774,0.03862257386775116,0.06816469390666215,,,1.16257848665914e-07
cooldown0,steady8s2,1,1787632726.1657133,model_3,1,0.02348289762298831,6.98672552754761,0.0,6.98672552754761,114688,0.03177899122238159,0.0004922759656591165,0.0006817607345028799,,,1.726039480135635e-16
cooldown0,steady8s2,1,1787632726.1657133,model_4,0,0.0064568378347199355,6.996160348078593,0.0,6.996160348078593,36864,0.0371999591588974,0.0004922759656591165,0.0006817607345028799,,,1.726039480135635e-16
cooldown0,steady8s2,1,1787632726.1657133,model_5,0,0.02225958065422701,6.9923362866779994,0.0,6.9923362866779994,131072,0.0383455865085125,0.0004922759656591165,0.0006817607345028799,,,1.726039480135635e-16
cooldown0,steady8s2,1,1787632726.1657133,model_6,1,0.01671834912579382,10.933390999269218,10.933333333333334,5.7665935884188e-05,57344,0.03492606058716774,0.0004922759656591165,0.0006817607345028799,,,1.726039480135635e-16
cooldown0,steady8s2,2,1787632731.1731691,model_3,1,0.9931900989842172,295.49788657629585,80.73333333333333,214.7645532429625,114688,0.03177899122238159,0.009578169853303672,0.027678118508014847,MIGRATE,model_6,3.204896259191812e-07
cooldown0,steady8s2,2,1787632731.1731691,model_4,0,0.05735523675016463,62.14596732605826,18.2,43.945967326058266,36864,0.0371999591588974,0.009578169853303672,0.027678118508014847,MIGRATE,model_6,3.204896259191812e-07
cooldown0,steady8s2,2,1787632731.1731691,model_5,0,0.5013775738135479,157.49625552974243,168.5,-11.003744470257573,131072,0.0383455865085125,0.009578169853303672,0.027678118508014847,MIGRATE,model_6,3.204896259191812e-07
cooldown0,steady8s2,2,1787632731.1731691,model_6,1,0.6388993698921613,417.82454521424245,152.96666666666667,264.85787854757575,57344,0.03492606058716774,0.009578169853303672,0.027678118508014847,MIGRATE,model_6,3.204896259191812e-07
cooldown0,steady8s2,3,1787632737.4785883,model_3,1,1.378228136479085,410.05594192499905,115.4,294.65594192499907,114688,0.03177899122238159,0.07447246900345987,0.018815401180601845,MIGRATE,model_6,5.414780359784893e-16
cooldown0,steady8s2,3,1787632737.4785883,model_4,0,0.632136352830651,684.9370232704081,46.233333333333334,638.7036899370747,36864,0.0371999591588974,0.07447246900345987,0.018815401180601845,MIGRATE,model_6,5.414780359784893e-16
cooldown0,steady8s2,3,1787632737.4785883,model_5,0,2.016297735557513,633.3736488610895,234.8,398.57364886108945,131072,0.0383455865085125,0.07447246900345987,0.018815401180601845,MIGRATE,model_6,5.414780359784893e-16
cooldown0,steady8s2,3,1787632737.4785883,model_6,0,0.6321363528306507,413.4016976404864,304.9,108.50169764048644,57344,0.03492606058716774,0.07447246900345987,0.018815401180601845,MIGRATE,model_6,5.414780359784893e-16
cooldown0,steady8s2,4,1787632743.5725222,model_3,1,1.2474264852748702,371.1393120360522,218.5,152.63931203605222,114688,0.03177899122238159,0.04585776462604903,0.03317865504565526,MIGRATE,model_4,4.1502638539646485e-16
cooldown0,steady8s2,4,1787632743.5725222,model_4,0,0.1424598759668172,154.35917099727988,88.43333333333334,65.92583766394654,36864,0.0371999591588974,0.04585776462604903,0.03317865504565526,MIGRATE,model_4,4.1502638539646485e-16
cooldown0,steady8s2,4,1787632743.5725222,model_5,0,2.5326062492015544,795.560116394046,358.5,437.06011639404596,131072,0.0383455865085125,0.04585776462604903,0.03317865504565526,MIGRATE,model_4,4.1502638539646485e-16
cooldown0,steady8s2,4,1787632743.5725222,model_6,1,0.7090125273879763,463.67683357879054,441.7,21.976833578790547,57344,0.03492606058716774,0.04585776462604903,0.03317865504565526,MIGRATE,model_4,4.1502638539646485e-16
cooldown0,steady8s2,5,1787632748.577047,model_3,1,1.4973298662408485,445.4915644389339,291.6666666666667,153.8248977722672,114688,0.03177899122238159,0.05597160928945874,0.056280319706091944,,,1.2364339366245343e-16
cooldown0,steady8s2,5,1787632748.577047,model_4,1,0.09079494307209313,98.37880349283753,97.46666666666667,0.9121368261708653,36864,0.0371999591588974,0.05597160928945874,0.056280319706091944,,,1.2364339366245343e-16
cooldown0,steady8s2,5,1787632748.577047,model_5,0,3.5916937953225916,1128.248157312041,494.6666666666667,633.5814906453743,131072,0.0383455865085125,0.05597160928945874,0.056280319706091944,,,1.2364339366245343e-16
cooldown0,steady8s2,5,1787632748.577047,model_6,1,1.4020969425714704,916.9370717568336,599.3,317.6370717568336,57344,0.03492606058716774,0.05597160928945874,0.056280319706091944,,,1.2364339366245343e-16
cooldown0,steady8s2,6,1787632753.6057384,model_3,1,1.854505396375746,551.7598552722555,453.56666666666666,98.19318860558889,114688,0.03177899122238159,0.07624706364962967,0.06201270136227625,,,1.361466145063383e-16
cooldown0,steady8s2,6,1787632753.6057384,model_4,1,0.11487370970949762,124.46880554824052,124.46666666666667,0.0021388815738561107,36864,0.0371999591588974,0.07624706364962967,0.06201270136227625,,,1.361466145063383e-16
cooldown0,steady8s2,6,1787632753.6057384,model_5,0,4.892768117594889,1536.950789073524,747.8333333333334,789.1174557401906,131072,0.0383455865085125,0.07624706364962967,0.06201270136227625,,,1.361466145063383e-16
cooldown0,steady8s2,6,1787632753.6057384,model_6,1,1.325409009457727,866.7850411137632,726.9,139.88504111376324,57344,0.03492606058716774,0.07624706364962967,0.06201270136227625,,,1.361466145063383e-16
cooldown0,steady8s2,7,1787632758.6158698,model_3,1,1.49725117330464,445.4681514021327,445.46666666666664,0.001484735466078746,114688,0.03177899122238159,0.07130874020002373,0.052628227779654396,,,9.705009094095985e-17
cooldown0,steady8s2,7,1787632758.6158698,model_4,1,0.14108428210982327,152.86867743933246,152.86666666666667,0.0020107726657840885,36864,0.0371999591588974,0.07130874020002373,0.052628227779654396,,,9.705009094095985e-17
cooldown0,steady8s2,7,1787632758.6158698,model_5,0,4.575876287640194,1437.4064950473366,902.5666666666667,534.8398283806699,131072,0.0383455865085125,0.07130874020002373,0.052628227779654396,,,9.705009094095985e-17
cooldown0,steady8s2,7,1787632758.6158698,model_6,1,1.1578475139018232,757.2039255651895,847.8,-90.59607443481048,57344,0.03492606058716774,0.07130874020002373,0.052628227779654396,,,9.705009094095985e-17
cooldown0,steady8s2,8,1787632763.6270192,model_3,1,1.6622804293864826,494.56831505188904,494.56666666666666,0.001648385222381421,114688,0.03177899122238159,0.06761030661819001,0.05471609058752594,,,4.094357838297791e-16
cooldown0,steady8s2,8,1787632763.6270192,model_4,1,0.14809849007832465,160.46876356795283,160.46666666666667,0.0020969012861655756,36864,0.0371999591588974,0.06761030661819001,0.05471609058752594,,,4.094357838297791e-16
cooldown0,steady8s2,8,1787632763.6270192,model_5,0,4.338548093634048,1362.855290845482,915.3333333333334,447.52195751214856,131072,0.0383455865085125,0.06761030661819001,0.05471609058752594,,,4.094357838297791e-16
cooldown0,steady8s2,8,1787632763.6270192,model_6,1,1.096733995090796,717.2371805549863,717.5666666666667,-0.3294861116804668,57344,0.03492606058716774,0.06761030661819001,0.05471609058752594,,,4.094357838297791e-16
cooldown0,steady8s2,9,1787632768.6379461,model_3,1,1.7745406565378774,527.9684263737189,527.9666666666667,0.0017597070522015201,114688,0.03177899122238159,0.06718665438306483,0.05916030732811745,,,3.090131418885763e-16
cooldown0,steady8s2,9,1787632768.6379461,model_4,1,0.17680126836733145,191.56900868568556,191.56666666666666,0.00234201901889719,36864,0.0371999591588974,0.06718665438306483,0.05916030732811745,,,3.090131418885763e-16
cooldown0,steady8s2,9,1787632768.6379461,model_5,0,4.311362362803896,1354.315517562402,922.7,431.6155175624019,131072,0.0383455865085125,0.06718665438306483,0.05916030732811745,,,3.090131418885763e-16
cooldown0,steady8s2,9,1787632768.6379461,model_6,1,1.1918960443267812,779.4708308251251,779.4666666666667,0.004164158458365819,57344,0.03492606058716774,0.06718665438306483,0.05916030732811745,,,3.090131418885763e-16
cooldown0,steady8s2,10,1787632773.6710057,model_3,1,1.7362242915820127,516.5683883776454,516.8666666666667,-0.29827828902125475,114688,0.03177899122238159,0.06820981234089418,0.05679219964776792,,,2.0291859730417372e-16
cooldown0,steady8s2,10,1787632773.6710057,model_4,1,0.19113716467556663,207.10234433282304,207.1,0.002344332823042805,36864,0.0371999591588974,0.06820981234089418,0.05679219964776792,,,2.0291859730417372e-16
cooldown0,steady8s2,10,1787632773.6710057,model_5,0,4.377018329023591,1374.9398321964559,948.0666666666667,426.87316552978916,131072,0.0383455865085125,0.06820981234089418,0.05679219964776792,,,2.0291859730417372e-16
cooldown0,steady8s2,10,1787632773.6710057,model_6,1,1.0900569168249032,712.8705348494544,712.8666666666667,0.0038681827877553587,57344,0.03492606058716774,0.06820981234089418,0.05679219964776792,,,2.0291859730417372e-16
cooldown0,steady8s2,11,1787632778.6835127,model_3,1,1.6552221516314547,492.4683080526123,492.46666666666664,0.001641385945674756,114688,0.03177899122238159,0.059480347494272924,0.05728853521599901,,,1.1634968544802006e-16
cooldown0,steady8s2,11,1787632778.6835127,model_4,1,0.24269738721127831,262.9692553001016,262.96666666666664,0.0025886334349820572,36864,0.0371999591588974,0.059480347494272924,0.05728853521599901,,,1.1634968544802006e-16
cooldown0,steady8s2,11,1787632778.6835127,model_5,0,3.816849251805346,1198.975575450035,1009.2333333333333,189.74224211670162,131072,0.0383455865085125,0.059480347494272924,0.05728853521599901,,,1.1634968544802006e-16
cooldown0,steady8s2,11,1787632778.6835127,model_6,1,1.1458695695182461,749.370643204128,794.5666666666667,-45.19602346253873,57344,0.03492606058716774,0.059480347494272924,0.05728853521599901,,,1.1634968544802006e-16
cooldown0,steady8s2,12,1787632783.6939328,model_3,1,1.188256922107116,353.53494718827915,353.53333333333336,0.001613854945787807,114688,0.03177899122238159,0.059620847434606994,0.0528318620901897,,,2.3215100150624687e-16
cooldown0,steady8s2,12,1787632783.6939328,model_4,1,0.29927199741900656,324.26939242217304,324.26666666666665,0.00272575550638976,36864,0.0371999591588974,0.059620847434606994,0.0528318620901897,,,2.3215100150624687e-16
cooldown0,steady8s2,12,1787632783.6939328,model_5,0,3.8258651220000255,1201.8077041094878,891.1333333333333,310.67437077615443,131072,0.0383455865085125,0.059620847434606994,0.0528318620901897,,,2.3215100150624687e-16
cooldown0,steady8s2,12,1787632783.6939328,model_6,1,1.3194733157071399,862.9032427293184,884.6,-21.696757270681587,57344,0.03492606058716774,0.059620847434606994,0.0528318620901897,,,2.3215100150624687e-16
cooldown0,steady8s2,13,1787632788.707004,model_3,1,1.6158974612820136,480.7682690566418,480.76666666666665,0.0016023899751758108,114688,0.03177899122238159,0.055105354413324495,0.059362252118305814,,,6.279353245230374e-17
cooldown0,steady8s2,13,1787632788.707004,model_4,1,0.3802733690289952,412.03659344285074,412.03333333333336,0.003260109517384535,36864,0.0371999591588974,0.055105354413324495,0.059362252118305814,,,6.279353245230374e-17
cooldown0,steady8s2,13,1787632788.707004,model_5,0,3.536106287597219,1110.786617789269,787.1333333333333,323.6532844559357,131072,0.0383455865085125,0.055105354413324495,0.059362252118305814,,,6.279353245230374e-17
cooldown0,steady8s2,13,1787632788.707004,model_6,1,1.1577966391699936,757.1706547361806,757.1666666666666,0.003988069513980008,57344,0.03492606058716774,0.055105354413324495,0.059362252118305814,,,6.279353245230374e-17
cooldown0,steady8s2,14,1787632793.720895,model_3,1,2.0077999309183228,597.3686576831506,597.3666666666667,0.0019910164838847777,114688,0.03177899122238159,0.06162451398239586,0.07002068012657314,,,2.246028170956302e-16
cooldown0,steady8s2,14,1787632793.720895,model_4,1,0.3885491018849232,421.003576281819,431.93333333333334,-10.929757051514343,36864,0.0371999591588974,0.06162451398239586,0.07002068012657314,,,2.246028170956302e-16
cooldown0,steady8s2,14,1787632793.720895,model_5,0,3.9544402478351874,1242.196628407155,755.7666666666667,486.42996174048835,131072,0.0383455865085125,0.06162451398239586,0.07002068012657314,,,2.246028170956302e-16
cooldown0,steady8s2,14,1787632793.720895,model_6,1,1.3239098763435702,865.8046447616052,865.8,0.004644761605277381,57344,0.03492606058716774,0.06162451398239586,0.07002068012657314,,,2.246028170956302e-16
cooldown0,steady8s2,15,1787632798.7366724,model_3,1,2.4028394128901995,714.902382753782,727.6,-12.697617246217987,114688,0.03177899122238159,0.06769589215375241,0.07686295411807498,,,2.0445907428413958e-16
cooldown0,steady8s2,15,1787632798.7366724,model_4,1,0.41719041041985405,452.0372172401968,452.03333333333336,0.0038839068634501928,36864,0.0371999591588974,0.06769589215375241,0.07686295411807498,,,2.0445907428413958e-16
cooldown0,steady8s2,15,1787632798.7366724,model_5,0,4.344040110764718,1364.5804819560587,761.0666666666667,603.513815289392,131072,0.0383455865085125,0.06769589215375241,0.07686295411807498,,,2.0445907428413958e-16
cooldown0,steady8s2,15,1787632798.7366724,model_6,1,1.2637649830844655,826.4713571467088,826.4666666666667,0.004690480042086165,57344,0.03492606058716774,0.06769589215375241,0.07686295411807498,,,2.0445907428413958e-16
cooldown0,steady8s2,16,1787632804.0148556,model_3,1,2.365307301018226,703.7356788687391,703.7333333333333,0.002345535405765986,114688,0.03177899122238159,0.04885432550293841,0.0816585459183868,MIGRATE,model_4,2.0471597494702637e-16
cooldown0,steady8s2,16,1787632804.0148556,model_4,1,0.3722445432373567,403.33714115940506,403.3333333333333,0.003807826071749787,36864,0.0371999591588974,0.04885432550293841,0.0816585459183868,MIGRATE,model_4,2.0471597494702637e-16
cooldown0,steady8s2,16,1787632804.0148556,model_5,0,3.1349782507793775,984.7814530462991,697.1,287.6814530462991,131072,0.0383455865085125,0.04885432550293841,0.0816585459183868,MIGRATE,model_4,2.0471597494702637e-16
cooldown0,steady8s2,16,1787632804.0148556,model_6,1,1.6010368757012072,1047.0389172147718,1047.0333333333333,0.005583881438496974,57344,0.03492606058716774,0.04885432550293841,0.0816585459183868,MIGRATE,model_4,2.0471597494702637e-16
cooldown0,steady8s2,17,1787632809.0304725,model_3,1,2.329679803778563,693.1356435390569,693.4333333333333,-0.29768979427637987,114688,0.03177899122238159,0.05967510340001586,0.06411678410162798,,,3.523807757473683e-16
cooldown0,steady8s2,17,1787632809.0304725,model_4,0,0.5352924260560038,580.0039805339551,412.1333333333333,167.87064720062176,36864,0.0371999591588974,0.05967510340001586,0.06411678410162798,,,3.523807757473683e-16
cooldown0,steady8s2,17,1787632809.0304725,model_5,0,2.945794123257032,925.353602167769,684.4666666666667,240.88693550110236,131072,0.0383455865085125,0.05967510340001586,0.06411678410162798,,,3.523807757473683e-16
cooldown0,steady8s2,17,1787632809.0304725,model_6,1,1.451081580620364,948.9718257098979,948.9666666666667,0.00515904323117411,57344,0.03492606058716774,0.05967510340001586,0.06411678410162798,,,3.523807757473683e-16
cooldown0,steady8s2,18,1787632814.0466692,model_3,1,2.6943570633608585,801.6358788909963,801.6333333333333,0.0025455576629838106,114688,0.03177899122238159,0.08698005783692797,0.06885598117180411,MIGRATE,model_4,8.364927229482666e-08
cooldown0,steady8s2,18,1787632814.0466692,model_4,0,1.8114048818617068,1962.7067200993977,378.46666666666664,1584.240053432731,36864,0.0371999591588974,0.08698005783692797,0.06885598117180411,MIGRATE,model_4,8.364927229482666e-08
cooldown0,steady8s2,18,1787632814.0466692,model_5,0,3.2624880285067626,1024.8357226913174,663.8,361.03572269131746,131072,0.0383455865085125,0.08698005783692797,0.06885598117180411,MIGRATE,model_4,8.364927229482666e-08
cooldown0,steady8s2,18,1787632814.0466692,model_6,1,1.3658595920257444,893.2387317285867,893.2333333333333,0.005398395253337185,57344,0.03492606058716774,0.08698005783692797,0.06885598117180411,MIGRATE,model_4,8.364927229482666e-08
cooldown0,steady8s2,19,1787632819.0696194,model_3,1,2.515211676196438,748.3358275200454,749.1666666666666,-0.8308391466212015,114688,0.03177899122238159,0.06210606993774451,0.07825993833986092,MIGRATE,model_4,4.2721242043004614e-16
cooldown0,steady8s2,19,1787632819.0696194,model_4,1,0.25946419151747735,281.1365462331735,281.1333333333333,0.003212899840150385,36864,0.0371999591588974,0.06210606993774451,0.07825993833986092,MIGRATE,model_4,4.2721242043004614e-16
cooldown0,steady8s2,19,1787632819.0696194,model_5,0,3.98534165586835,1251.903596388993,663.6,588.303596388993,131072,0.0383455865085125,0.06210606993774451,0.07825993833986092,MIGRATE,model_4,4.2721242043004614e-16
cooldown0,steady8s2,19,1787632819.0696194,model_6,1,1.3833419109174079,904.6717402498389,917.2333333333333,-12.561593083494472,57344,0.03492606058716774,0.06210606993774451,0.07825993833986092,MIGRATE,model_4,4.2721242043004614e-16
cooldown0,steady8s2,20,1787632824.083206,model_3,1,2.1755180547163664,647.268823999298,647.2666666666667,0.0021573326313273355,114688,0.03177899122238159,0.065264389660977,0.06096561131379055,,,3.499399729740965e-16
cooldown0,steady8s2,20,1787632824.083206,model_4,0,0.6669117909761187,722.6171613919091,272.43333333333334,450.1838280585758,36864,0.0371999591588974,0.065264389660977,0.06096561131379055,,,3.499399729740965e-16
cooldown0,steady8s2,20,1787632824.083206,model_5,0,3.1402200957512267,986.4280583159649,764.6666666666666,221.76139164929828,131072,0.0383455865085125,0.065264389660977,0.06096561131379055,,,3.499399729740965e-16
cooldown0,steady8s2,20,1787632824.083206,model_6,1,1.4194287639841237,928.2716586115656,928.2666666666667,0.004991944898961265,57344,0.03492606058716774,0.065264389660977,0.06096561131379055,,,3.499399729740965e-16
cooldown0,steady8s2,21,1787632829.120266,model_3,1,2.19445173077482,652.9020469503881,652.9,0.002046950388148616,114688,0.03177899122238159,0.08563880418628224,0.05748078460241889,MIGRATE,model_4,8.689751355968727e-08
cooldown0,steady8s2,21,1787632829.120266,model_4,0,1.37134154800465,1485.8860648834916,245.66666666666666,1240.2193982168249,36864,0.0371999591588974,0.08563880418628224,0.05748078460241889,MIGRATE,model_4,8.689751355968727e-08
cooldown0,steady8s2,21,1787632829.120266,model_5,0,3.6243106831818293,1138.4940039018484,825.8,312.6940039018484,131072,0.0383455865085125,0.08563880418628224,0.05748078460241889,MIGRATE,model_4,8.689751355968727e-08
cooldown0,steady8s2,21,1787632829.120266,model_6,1,1.1950060190916405,781.5046781772902,781.5,0.004678177290202257,57344,0.03492606058716774,0.08563880418628224,0.05748078460241889,MIGRATE,model_4,8.689751355968727e-08
cooldown0,steady8s2,22,1787632834.1355011,model_3,1,2.263354400112267,673.4022444347413,673.4,0.002244434741328405,114688,0.03177899122238159,0.06525250019211364,0.06886158762858974,,,3.181726233135504e-16
cooldown0,steady8s2,22,1787632834.1355011,model_4,1,0.2780453290868845,301.2697168676066,301.26666666666665,0.0030502009399242525,36864,0.0371999591588974,0.06525250019211364,0.06886158762858974,,,3.181726233135504e-16
cooldown0,steady8s2,22,1787632834.1355011,model_5,0,4.187247839476354,1315.3277891479354,834.8666666666667,480.4611224812687,131072,0.0383455865085125,0.06525250019211364,0.06886158762858974,,,3.181726233135504e-16
cooldown0,steady8s2,22,1787632834.1355011,model_6,1,1.1172755994346888,730.6708868590113,730.6666666666666,0.004220192344632778,57344,0.03492606058716774,0.06525250019211364,0.06886158762858974,,,3.181726233135504e-16
cooldown0,steady8s2,23,1787632839.1517444,model_3,1,2.5675325605075177,763.9025460702397,763.9,0.0025460702397595014,114688,0.03177899122238159,0.053474529157175744,0.0730056860634301,MIGRATE,model_4,4.579590917319749e-16
cooldown0,steady8s2,23,1787632839.1517444,model_4,1,0.2522037962503696,273.26970943482917,299.43333333333334,-26.16362389850417,36864,0.0371999591588974,0.053474529157175744,0.0730056860634301,MIGRATE,model_4,4.579590917319749e-16
cooldown0,steady8s2,23,1787632839.1517444,model_5,0,3.4314563583183766,1077.9132447791724,809.2,268.7132447791723,131072,0.0383455865085125,0.053474529157175744,0.0730056860634301,MIGRATE,model_4,4.579590917319749e-16
cooldown0,steady8s2,23,1787632839.1517444,model_6,1,1.0591184830536164,692.6375566539826,692.6333333333333,0.00422332064931652,57344,0.03492606058716774,0.053474529157175744,0.0730056860634301,MIGRATE,model_4,4.579590917319749e-16
cooldown0,steady8s2,24,1787632844.1696346,model_3,1,2.834178609030792,843.2361438206943,843.2333333333333,0.0028104873609891,114688,0.03177899122238159,0.06731884153010878,0.06568899755150724,,,3.3926042449673587e-16
cooldown0,steady8s2,24,1787632844.1696346,model_4,0,0.3916988034174058,424.41636401691517,262.6333333333333,161.78303068358184,36864,0.0371999591588974,0.06731884153010878,0.06568899755150724,,,3.3926042449673587e-16
cooldown0,steady8s2,24,1787632844.1696346,model_5,0,3.5352774465430623,1110.5262563984193,946.6,163.92625639841924,131072,0.0383455865085125,0.06731884153010878,0.06568899755150724,,,3.3926042449673587e-16
cooldown0,steady8s2,24,1787632844.1696346,model_6,1,1.039291166511309,679.6709770837025,679.6666666666666,0.004310417035867431,57344,0.03492606058716774,0.06731884153010878,0.06568899755150724,,,3.3926042449673587e-16
cooldown0,steady8s2,25,1787632849.190263,model_3,1,2.443395944948367,726.9689242168004,726.9666666666667,0.002257550133663244,114688,0.03177899122238159,0.10688676457959995,0.06157895112420833,MIGRATE,model_4,8.917126923756535e-08
cooldown0,steady8s2,25,1787632849.190263,model_4,0,1.5168817625556927,1643.582866964788,374.1333333333333,1269.4495336314549,36864,0.0371999591588974,0.10688676457959995,0.06157895112420833,MIGRATE,model_4,8.917126923756535e-08
cooldown0,steady8s2,25,1787632849.190263,model_5,0,4.718248536330462,1482.1294687725338,1068.6333333333334,413.4961354392003,131072,0.0383455865085125,0.10688676457959995,0.06157895112420833,MIGRATE,model_4,8.917126923756535e-08
cooldown0,steady8s2,25,1787632849.190263,model_6,1,1.1877175577683765,776.7382029212285,776.7333333333333,0.004869587895200311,57344,0.03492606058716774,0.10688676457959995,0.06157895112420833,MIGRATE,model_4,8.917126923756535e-08
cooldown0,steady8s2,26,1787632854.2488697,model_3,1,2.6129072032184086,777.4025910655895,777.4,0.002591065589513164,114688,0.03177899122238159,0.0923208027791762,0.0825042122254762,,,2.998466006778948e-16
cooldown0,steady8s2,26,1787632854.2488697,model_4,1,0.38258121685851676,414.5372096713514,414.53333333333336,0.0038763380180171225,36864,0.0371999591588974,0.0923208027791762,0.0825042122254762,,,2.998466006778948e-16
cooldown0,steady8s2,26,1787632854.2488697,model_5,0,5.92421870177702,1860.9573128137795,991.9666666666667,868.9906461471128,131072,0.0383455865085125,0.0923208027791762,0.0825042122254762,,,2.998466006778948e-16
cooldown0,steady8s2,26,1787632854.2488697,model_6,1,1.3880312775200059,907.7384711943444,907.7333333333333,0.005137861011007772,57344,0.03492606058716774,0.0923208027791762,0.0825042122254762,,,2.998466006778948e-16
cooldown0,steady8s2,27,1787632859.2906785,model_3,1,2.6837140530783716,798.4693279472232,802.1333333333333,-3.664005386110148,114688,0.03177899122238159,0.08688533741277403,0.08384463218121024,,,1.5930236164980618e-16
cooldown0,steady8s2,27,1787632859.2906785,model_4,1,0.3796279197644703,411.33723151573463,411.3333333333333,0.003898182401314898,36864,0.0371999591588974,0.08688533741277403,0.08384463218121024,,,1.5930236164980618e-16
cooldown0,steady8s2,27,1787632859.2906785,model_5,0,5.575425313860724,1751.3918766644988,948.9666666666667,802.4252099978321,131072,0.0383455865085125,0.08688533741277403,0.08384463218121024,,,1.5930236164980618e-16
cooldown0,steady8s2,27,1787632859.2906785,model_6,1,1.3913953889256394,909.9385176873408,921.2666666666667,-11.328148979325874,57344,0.03492606058716774,0.08688533741277403,0.08384463218121024,,,1.5930236164980618e-16
cooldown0,steady8s2,28,1787632864.311788,model_3,1,2.954057294711423,878.9029293639657,878.9,0.002929363965677112,114688,0.03177899122238159,0.07719342449496717,0.08506611137173413,,,8.965167391619974e-17
cooldown0,steady8s2,28,1787632864.311788,model_4,1,0.3807662116832582,412.570601934911,412.56666666666666,0.003935268244333656,36864,0.0371999591588974,0.07719342449496717,0.08506611137173413,,,8.965167391619974e-17
cooldown0,steady8s2,28,1787632864.311788,model_5,0,4.953496019105755,1556.0270653046127,955.7,600.3270653046127,131072,0.0383455865085125,0.07719342449496717,0.08506611137173413,,,8.965167391619974e-17
cooldown0,steady8s2,28,1787632864.311788,model_6,1,1.1848120944750138,774.8381010642008,774.8333333333334,0.004767730867456521,57344,0.03492606058716774,0.07719342449496717,0.08506611137173413,,,8.965167391619974e-17
cooldown0,steady8s2,29,1787632869.339115,model_3,1,2.8666690939348873,852.9028427062536,874.7,-21.79715729374641,114688,0.03177899122238159,0.07155205786414431,0.0831332958190057,,,1.9344013094459291e-16
cooldown0,steady8s2,29,1787632869.339115,model_4,1,0.3319747008278884,359.70366578024283,359.7,0.0036657802428408104,36864,0.0371999591588974,0.07155205786414431,0.0831332958190057,,,1.9344013094459291e-16
cooldown0,steady8s2,29,1787632869.339115,model_5,0,4.5914899631376205,1442.3111727879002,854.1,588.2111727879002,131072,0.0383455865085125,0.07155205786414431,0.0831332958190057,,,1.9344013094459291e-16
cooldown0,steady8s2,29,1787632869.339115,model_6,1,1.2182996547770912,796.7381455984624,796.7333333333333,0.00481226512908961,57344,0.03492606058716774,0.07155205786414431,0.0831332958190057,,,1.9344013094459291e-16
cooldown0,steady8s2,30,1787632874.3643959,model_3,1,2.5408679556551887,755.9691862951939,755.9666666666667,0.0025196285272386376,114688,0.03177899122238159,0.06264053642865766,0.0730419370739065,,,3.3143967704584437e-16
cooldown0,steady8s2,30,1787632874.3643959,model_4,1,0.3396654191868618,368.0367694152706,368.03333333333336,0.003436081937252311,36864,0.0371999591588974,0.06264053642865766,0.0730419370739065,,,3.3143967704584437e-16
cooldown0,steady8s2,30,1787632874.3643959,model_5,0,4.019638328835054,1262.6771089103024,752.2333333333333,510.4437755769691,131072,0.0383455865085125,0.06264053642865766,0.0730419370739065,,,3.3143967704584437e-16
cooldown0,steady8s2,30,1787632874.3643959,model_6,1,1.0002475123092756,654.1373831732559,654.1333333333333,0.004049839922572573,57344,0.03492606058716774,0.06264053642865766,0.0730419370739065,,,3.3143967704584437e-16
cooldown0,steady8s2,31,1787632879.4021668,model_3,1,2.5918444061081667,771.1359035121923,771.1333333333333,0.0025701788589458374,114688,0.03177899122238159,0.06203109558475385,0.06905736414067876,,,2.231306623253813e-16
cooldown0,steady8s2,31,1787632879.4021668,model_4,1,0.20344300054375353,220.43605398370306,220.43333333333334,0.0027206503697243534,36864,0.0371999591588974,0.06203109558475385,0.06905736414067876,,,2.231306623253813e-16
cooldown0,steady8s2,31,1787632879.4021668,model_5,0,3.9805305574943115,1250.3923002751026,654.0333333333333,596.3589669417693,131072,0.0383455865085125,0.06203109558475385,0.06905736414067876,,,2.231306623253813e-16
cooldown0,steady8s2,31,1787632879.4021668,model_6,1,0.8737896963146501,571.4370676827913,571.4333333333333,0.003734349457999997,57344,0.03492606058716774,0.06203109558475385,0.06905736414067876,,,2.231306623253813e-16
cooldown0,steady8s2,32,1787632884.4236388,model_3,1,2.2255982159306105,662.1688736608327,662.1666666666666,0.002206994166044751,114688,0.03177899122238159,0.05208329327658901,0.0575476352622562,,,1.3287408084097277e-16
cooldown0,steady8s2,32,1787632884.4236388,model_4,1,0.1680642963494402,182.10226060272177,182.1,0.002260602721776195,36864,0.0371999591588974,0.05208329327658901,0.0575476352622562,,,1.3287408084097277e-16
cooldown0,steady8s2,32,1787632884.4236388,model_5,0,3.3421808605514296,1049.8693965035077,741.1333333333333,308.73606317017436,131072,0.0383455865085125,0.05208329327658901,0.0575476352622562,,,1.3287408084097277e-16
cooldown0,steady8s2,32,1787632884.4236388,model_6,1,0.663892804202675,434.1696393186475,434.1666666666667,0.002972651980826413,57344,0.03492606058716774,0.05208329327658901,0.0575476352622562,,,1.3287408084097277e-16
cooldown0,steady8s2,33,1787632889.472728,model_3,1,1.9588401312524935,582.8019424659449,588.3333333333334,-5.531390867388495,114688,0.03177899122238159,0.05349498330187865,0.053381959941045755,,,2.5873527924083103e-16
cooldown0,steady8s2,33,1787632889.472728,model_4,1,0.2626322668226453,284.56924245338206,284.56666666666666,0.0025757867153970437,36864,0.0371999591588974,0.05349498330187865,0.053381959941045755,,,2.5873527924083103e-16
cooldown0,steady8s2,33,1787632889.472728,model_5,0,3.4327688991859824,1078.3255493629322,665.7,412.62554936293213,131072,0.0383455865085125,0.05349498330187865,0.053381959941045755,,,2.5873527924083103e-16
cooldown0,steady8s2,33,1787632889.472728,model_6,1,0.6147570087144465,402.0360321011691,402.03333333333336,0.0026987678357386358,57344,0.03492606058716774,0.05349498330187865,0.053381959941045755,,,2.5873527924083103e-16
cooldown0,steady8s2,34,1787632894.494301,model_3,1,2.076814202300817,617.9020594538563,617.9,0.0020594538563045717,114688,0.03177899122238159,0.06971057472900744,0.05385200217044327,,,9.92750346443187e-17
cooldown0,steady8s2,34,1787632894.494301,model_4,1,0.22814600370600868,247.20243338274926,247.2,0.00243338274927396,36864,0.0371999591588974,0.06971057472900744,0.05385200217044327,,,9.92750346443187e-17
cooldown0,steady8s2,34,1787632894.494301,model_5,0,4.473322134221757,1405.191461914576,770.8666666666667,634.3247952479093,131072,0.0383455865085125,0.06971057472900744,0.05385200217044327,,,9.92750346443187e-17
cooldown0,steady8s2,34,1787632894.494301,model_6,1,0.5562429483731905,363.7692692855309,363.76666666666665,0.002602618864273154,57344,0.03492606058716774,0.06971057472900744,0.05385200217044327,,,9.92750346443187e-17
cooldown0,steady8s2,35,1787632899.5206962,model_3,1,1.8856805221408564,561.0352032512195,561.0333333333333,0.0018699178862107146,114688,0.03177899122238159,0.06876126145691151,0.05353274776729285,,,2.0129123796352253e-16
cooldown0,steady8s2,35,1787632899.5206962,model_4,1,0.2705078157518739,293.10261506524233,293.1,0.002615065242309811,36864,0.0371999591588974,0.06876126145691151,0.05353274776729285,,,2.0129123796352253e-16
cooldown0,steady8s2,35,1787632899.5206962,model_5,0,4.41240477571646,1386.0556721177331,918.5666666666667,467.4890054510664,131072,0.0383455865085125,0.06876126145691151,0.05353274776729285,,,2.0129123796352253e-16
cooldown0,steady8s2,35,1787632899.5206962,model_6,1,0.6880525556886524,449.96952526754336,449.96666666666664,0.0028586008767206295,57344,0.03492606058716774,0.06876126145691151,0.05353274776729285,,,2.0129123796352253e-16
cooldown0,steady8s2,36,1787632904.5474813,model_3,1,1.8407540240493296,547.6684920336008,548.4,-0.7315079663991355,114688,0.03177899122238159,0.07631149949409743,0.06109362127384521,,,2.7206331026818073e-16
cooldown0,steady8s2,36,1787632904.5474813,model_4,1,0.3063786461116551,331.9696406030829,331.96666666666664,0.002973936416253764,36864,0.0371999591588974,0.07631149949409743,0.06109362127384521,,,2.7206331026818073e-16
cooldown0,steady8s2,36,1787632904.5474813,model_5,0,4.896902960700334,1538.2496551184436,983.8333333333334,554.4163217851102,131072,0.0383455865085125,0.07631149949409743,0.06109362127384521,,,2.7206331026818073e-16
cooldown0,steady8s2,36,1787632904.5474813,model_6,1,1.0988239304491947,718.6039471097841,718.6,0.003947109784121494,57344,0.03492606058716774,0.07631149949409743,0.06109362127384521,,,2.7206331026818073e-16
cooldown0,steady8s2,37,1787632909.6067574,model_3,1,1.9297107309936488,574.1352469133743,574.1333333333333,0.0019135800409912918,114688,0.03177899122238159,0.07921625325590319,0.06526150248826808,,,1.7472474238187643e-16
cooldown0,steady8s2,37,1787632909.6067574,model_4,1,0.3052712482629838,330.76974475363767,330.76666666666665,0.0030780869710156367,36864,0.0371999591588974,0.07921625325590319,0.06526150248826808,,,1.7472474238187643e-16
cooldown0,steady8s2,37,1787632909.6067574,model_5,0,5.083300782661522,1596.802252065478,1107.3333333333333,489.46891873214463,131072,0.0383455865085125,0.07921625325590319,0.06526150248826808,,,1.7472474238187643e-16
cooldown0,steady8s2,37,1787632909.6067574,model_6,1,1.2324177320487517,805.9710224697086,805.9666666666667,0.004355803041903528,57344,0.03492606058716774,0.07921625325590319,0.06526150248826808,,,1.7472474238187643e-16
cooldown0,steady8s2,38,1787632914.64343,model_3,1,1.9900982184533316,592.101973462742,592.1,0.0019734627419438766,114688,0.03177899122238159,0.08826734857043311,0.06716504287609766,,,1.1760611086740652e-16
cooldown0,steady8s2,38,1787632914.64343,model_4,1,0.34729471168100967,376.3033164461465,376.3,0.003316446146470753,36864,0.0371999591588974,0.08826734857043311,0.06716504287609766,,,1.1760611086740652e-16
cooldown0,steady8s2,38,1787632914.64343,model_5,0,5.664108861878086,1779.2497775147287,1139.9333333333334,639.3164441813954,131072,0.0383455865085125,0.08826734857043311,0.06716504287609766,,,1.1760611086740652e-16
cooldown0,steady8s2,38,1787632914.64343,model_6,1,1.2311435178314494,805.1377175692205,805.4,-0.26228243077946445,57344,0.03492606058716774,0.08826734857043311,0.06716504287609766,,,1.1760611086740652e-16
cooldown0,steady8s2,39,1787632919.671552,model_3,1,1.8360485055459783,546.2684873674165,546.2666666666667,0.0018207007498176608,114688,0.03177899122238159,0.0885757977454552,0.06309238675564435,,,2.343931377683586e-16
cooldown0,steady8s2,39,1787632919.671552,model_4,1,0.24245141665765457,262.70273947949295,262.7,0.0027394794929591626,36864,0.0371999591588974,0.0885757977454552,0.06309238675564435,,,2.343931377683586e-16
cooldown0,steady8s2,39,1787632919.671552,model_5,0,5.683902021341661,1785.4673442018566,1280.7666666666667,504.7006775351899,131072,0.0383455865085125,0.0885757977454552,0.06309238675564435,,,2.343931377683586e-16
cooldown0,steady8s2,39,1787632919.671552,model_6,1,1.273652806143621,832.9377513357465,832.9333333333333,0.004418002413217437,57344,0.03492606058716774,0.0885757977454552,0.06309238675564435,,,2.343931377683586e-16
cooldown0,steady8s2,40,1787632924.7149634,model_3,1,1.5123760542082711,449.96816640058285,449.96666666666664,0.0014997339162050594,114688,0.03177899122238159,0.07895385933301682,0.060450216657666964,,,1.7530541964029283e-16
cooldown0,steady8s2,40,1787632924.7149634,model_4,1,0.28598219882903053,309.8695322570038,309.8666666666667,0.0028655903371372915,36864,0.0371999591588974,0.07895385933301682,0.060450216657666964,,,1.7530541964029283e-16
cooldown0,steady8s2,40,1787632924.7149634,model_5,0,5.06646298512943,1591.51304448784,1204.6,386.9130444878401,131072,0.0383455865085125,0.07895385933301682,0.060450216657666964,,,1.7530541964029283e-16
cooldown0,steady8s2,40,1787632924.7149634,model_6,1,1.413413707389485,924.3379588702167,924.3333333333334,0.004625536883281711,57344,0.03492606058716774,0.07895385933301682,0.060450216657666964,,,1.7530541964029283e-16
cooldown0,steady8s2,41,1787632929.7417488,model_3,1,1.4136722017927228,420.60140185514143,420.6,0.0014018551414096692,114688,0.03177899122238159,0.0670708135744565,0.05654455376253487,,,2.0636456761076828e-16
cooldown0,steady8s2,41,1787632929.7417488,model_4,1,0.29022751558840376,314.46944904866484,314.46666666666664,0.0027823819982017994,36864,0.0371999591588974,0.0670708135744565,0.05654455376253487,,,2.0636456761076828e-16
cooldown0,steady8s2,41,1787632929.7417488,model_5,0,4.303928867165563,1351.9804555459077,1200.4333333333334,151.54712221257432,131072,0.0383455865085125,0.0670708135744565,0.05654455376253487,,,2.0636456761076828e-16
cooldown0,steady8s2,41,1787632929.7417488,model_6,1,1.3003610169982405,850.4042673157217,850.4,0.004267315721676823,57344,0.03492606058716774,0.0670708135744565,0.05654455376253487,,,2.0636456761076828e-16
cooldown0,steady8s2,42,1787632934.7734258,model_3,1,1.332558025687323,396.46798808567536,497.4,-100.93201191432462,114688,0.03177899122238159,0.07060475790867309,0.05130447276413533,,,1.47026629499585e-16
cooldown0,steady8s2,42,1787632934.7734258,model_4,1,0.3266825497696102,353.9694754013429,353.96666666666664,0.002808734676250424,36864,0.0371999591588974,0.07060475790867309,0.05130447276413533,,,1.47026629499585e-16
cooldown0,steady8s2,42,1787632934.7734258,model_5,0,4.53070179900284,1423.2159664368567,1117.5333333333333,305.68263310352336,131072,0.0383455865085125,0.07060475790867309,0.05130447276413533,,,1.47026629499585e-16
cooldown0,steady8s2,42,1787632934.7734258,model_6,1,1.066610152282859,697.5369249052491,697.5333333333333,0.00359157191576287,57344,0.03492606058716774,0.07060475790867309,0.05130447276413533,,,1.47026629499585e-16
cooldown0,steady8s2,43,1787632939.8044624,model_3,1,1.8790703890051956,559.0685300296748,559.0666666666667,0.001863363008055785,114688,0.03177899122238159,0.06451253046698824,0.05827821416243657,,,1.0727403918590493e-16
cooldown0,steady8s2,43,1787632939.8044624,model_4,1,0.39387096399324173,426.7699593958491,431.26666666666665,-4.496707270817524,36864,0.0371999591588974,0.06451253046698824,0.05827821416243657,,,1.0727403918590493e-16
cooldown0,steady8s2,43,1787632939.8044624,model_5,0,4.1397640400251925,1300.4118435562718,940.8,359.6118435562719,131072,0.0383455865085125,0.06451253046698824,0.05827821416243657,,,1.0727403918590493e-16
cooldown0,steady8s2,43,1787632939.8044624,model_6,1,0.8234302482921139,538.5032216675604,538.5,0.003221667560410424,57344,0.03492606058716774,0.06451253046698824,0.05827821416243657,,,1.0727403918590493e-16
cooldown0,steady8s2,44,1787632944.8403924,model_3,1,2.3756146272636625,706.8023557565714,706.8,0.002355756571432721,114688,0.03177899122238159,0.07468372569257593,0.06819325788769628,,,9.266436103877352e-17
cooldown0,steady8s2,44,1787632944.8403924,model_4,1,0.36000020606852456,390.07006703088103,402.1333333333333,-12.063266302452291,36864,0.0371999591588974,0.07468372569257593,0.06819325788769628,,,9.266436103877352e-17
cooldown0,steady8s2,44,1787632944.8403924,model_5,0,4.792448843026528,1505.4377918291505,792.2,713.2377918291504,131072,0.0383455865085125,0.07468372569257593,0.06819325788769628,,,9.266436103877352e-17
cooldown0,steady8s2,44,1787632944.8403924,model_6,1,0.8875515618221138,580.4369907816764,580.4333333333333,0.0036574483431195404,57344,0.03492606058716774,0.07468372569257593,0.06819325788769628,,,9.266436103877352e-17
cooldown0,steady8s2,45,1787632949.8698468,model_3,1,2.5861305622112405,769.4358978461114,769.4333333333333,0.0025645127781217525,114688,0.03177899122238159,0.05245914566778465,0.07335119681280063,MIGRATE,model_4,1.139504845647031e-16
cooldown0,steady8s2,45,1787632949.8698468,model_4,1,0.425619620130115,461.1704964474676,463.76666666666665,-2.5961702191990526,36864,0.0371999591588974,0.05245914566778465,0.07335119681280063,MIGRATE,model_4,1.139504845647031e-16
cooldown0,steady8s2,45,1787632949.8698468,model_5,0,3.3662992791309856,1057.4456440542042,708.4666666666667,348.9789773875375,131072,0.0383455865085125,0.05245914566778465,0.07335119681280063,MIGRATE,model_4,1.139504845647031e-16
cooldown0,steady8s2,45,1787632949.8698468,model_6,1,0.8854619405075026,579.0704296038265,579.0666666666667,0.003762937159763169,57344,0.03492606058716774,0.05245914566778465,0.07335119681280063,MIGRATE,model_4,1.139504845647031e-16
cooldown0,steady8s2,46,1787632954.9426544,model_3,1,2.635874614960962,784.2359471743479,784.2333333333333,0.0026138410145222224,114688,0.03177899122238159,0.06844943660200119,0.05977173468968442,,,3.3365678211390107e-16
cooldown0,steady8s2,46,1787632954.9426544,model_4,0,0.5325965407019814,577.0829150372566,558.2666666666667,18.81624837058996,36864,0.0371999591588974,0.06844943660200119,0.05977173468968442,,,3.3365678211390107e-16
cooldown0,steady8s2,46,1787632954.9426544,model_5,0,3.4603318245167105,1086.9838096397468,778.3333333333334,308.65047630641345,131072,0.0383455865085125,0.06844943660200119,0.05977173468968442,,,3.3365678211390107e-16
cooldown0,steady8s2,46,1787632954.9426544,model_6,1,0.8886731233520518,581.1704645621487,581.1666666666666,0.0037978954820800936,57344,0.03492606058716774,0.06844943660200119,0.05977173468968442,,,3.3365678211390107e-16
cooldown0,steady8s2,47,1787632959.9953403,model_3,1,2.8602830331089115,851.0028363735752,851.0,0.002836373575178186,114688,0.03177899122238159,0.06952091358366029,0.06392922014700875,,,2.190095764171222e-16
cooldown0,steady8s2,47,1787632959.9953403,model_4,0,0.7863950791730991,852.0805712744991,527.7,324.38057127449906,36864,0.0371999591588974,0.06952091358366029,0.06392922014700875,,,2.190095764171222e-16
cooldown0,steady8s2,47,1787632959.9953403,model_5,0,3.2690368075518665,1026.8928712990032,771.1666666666666,255.7262046323366,131072,0.0383455865085125,0.06952091358366029,0.06392922014700875,,,2.190095764171222e-16
cooldown0,steady8s2,47,1787632959.9953403,model_6,1,0.909418305676912,594.7373058813603,594.7333333333333,0.0039725480269225955,57344,0.03492606058716774,0.06952091358366029,0.06392922014700875,,,2.190095764171222e-16
cooldown0,steady8s2,48,1787632965.0251708,model_3,1,2.800456479869603,833.203001214686,833.2,0.0030012146859235145,114688,0.03177899122238159,0.11647240448817156,0.06211160459666911,MIGRATE,model_4,3.087447894794531e-07
cooldown0,steady8s2,48,1787632965.0251708,model_4,0,3.3592664072759266,3639.8570072242906,409.26666666666665,3230.5903405576237,36864,0.0371999591588974,0.11647240448817156,0.06211160459666911,MIGRATE,model_4,3.087447894794531e-07
cooldown0,steady8s2,48,1787632965.0251708,model_5,0,3.435030918551208,1079.0361108211341,800.2,278.83611082113407,131072,0.0383455865085125,0.11647240448817156,0.06211160459666911,MIGRATE,model_4,3.087447894794531e-07
cooldown0,steady8s2,48,1787632965.0251708,model_6,1,0.8620658919625028,563.7699866799669,563.7666666666667,0.003320013300253777,57344,0.03492606058716774,0.11647240448817156,0.06211160459666911,MIGRATE,model_4,3.087447894794531e-07
cooldown0,steady8s2,49,1787632971.8328836,model_3,1,2.294278159151694,682.6028047811353,682.6,0.0028047811352962526,114688,0.03177899122238159,0.08436256721407528,0.13387577572932463,MIGRATE,model_6,4.994722532697112e-16
cooldown0,steady8s2,49,1787632971.8328836,model_4,1,3.778393151299088,4093.992294870293,350.23333333333335,3743.7589615369598,36864,0.0371999591588974,0.08436256721407528,0.13387577572932463,MIGRATE,model_6,4.994722532697112e-16
cooldown0,steady8s2,49,1787632971.8328836,model_5,0,5.413539347301644,1700.5391164144967,910.5666666666667,789.97244974783,131072,0.0383455865085125,0.08436256721407528,0.13387577572932463,MIGRATE,model_6,4.994722532697112e-16
cooldown0,steady8s2,49,1787632971.8328836,model_6,1,1.0402637035430065,680.3069924910141,680.3,0.0069924910141025975,57344,0.03492606058716774,0.08436256721407528,0.13387577572932463,MIGRATE,model_6,4.994722532697112e-16
cooldown0,steady8s2,50,1787632976.8651326,model_3,1,2.540077074832951,755.7338802729691,597.9,157.83388027296917,114688,0.03177899122238159,0.1063434366128526,0.04677658256749275,MIGRATE,model_6,1.7864233909172973e-07
cooldown0,steady8s2,50,1787632976.8651326,model_4,1,0.6133223859084238,664.5515756657669,369.9,294.6515756657669,36864,0.0371999591588974,0.1063434366128526,0.04677658256749275,MIGRATE,model_6,1.7864233909172973e-07
cooldown0,steady8s2,50,1787632976.8651326,model_5,0,4.08022874704673,1281.7101979189245,1005.6666666666666,276.0435312522578,131072,0.0383455865085125,0.1063434366128526,0.04677658256749275,MIGRATE,model_6,1.7864233909172973e-07
cooldown0,steady8s2,50,1787632976.8651326,model_6,0,1.224895418447141,801.0516135492045,734.1,66.95161354920447,57344,0.03492606058716774,0.1063434366128526,0.04677658256749275,MIGRATE,model_6,1.7864233909172973e-07
cooldown0,steady8s2,51,1787632984.1591175,model_3,1,3.015095231928793,897.0631803241357,598.6666666666666,298.3965136574691,114688,0.03177899122238159,0.06755693203991638,0.10044100026646846,MIGRATE,model_4,1.6643411352027192e-16
cooldown0,steady8s2,51,1787632984.1591175,model_4,1,0.8431935898014702,913.6233106246141,136.56666666666666,777.0566439579475,36864,0.0371999591588974,0.06755693203991638,0.10044100026646846,MIGRATE,model_4,1.6643411352027192e-16
cooldown0,steady8s2,51,1787632984.1591175,model_5,0,4.335123051116117,1361.7793923614286,973.2,388.5793923614285,131072,0.0383455865085125,0.06755693203991638,0.10044100026646846,MIGRATE,model_4,1.6643411352027192e-16
cooldown0,steady8s2,51,1787632984.1591175,model_6,1,1.4782278389118104,966.7248139884847,738.9666666666667,227.758147321818,57344,0.03492606058716774,0.06755693203991638,0.10044100026646846,MIGRATE,model_4,1.6643411352027192e-16
cooldown0,steady8s2,52,1787632991.0983396,model_3,1,6.627043745302124,1971.7045336922524,565.5,1406.2045336922524,114688,0.03177899122238159,0.07591218120519255,0.13601417454207632,MIGRATE,model_6,5.975818136056761e-09
cooldown0,steady8s2,52,1787632991.0983396,model_4,0,0.6345609647798601,687.5641566153591,164.06666666666666,523.4974899486924,36864,0.0371999591588974,0.07591218120519255,0.13601417454207632,MIGRATE,model_6,5.975818136056761e-09
cooldown0,steady8s2,52,1787632991.0983396,model_5,0,3.7936990275160096,1191.703463910399,952.4,239.30346391039905,131072,0.0383455865085125,0.07591218120519255,0.13601417454207632,MIGRATE,model_6,5.975818136056761e-09
cooldown0,steady8s2,52,1787632991.0983396,model_6,1,1.3932764091133145,911.1686588355262,768.3333333333334,142.83532550219286,57344,0.03492606058716774,0.07591218120519255,0.13601417454207632,MIGRATE,model_6,5.975818136056761e-09
cooldown0,steady8s2,53,1787633000.8465967,model_3,1,9.82939348265117,2924.480422651086,695.7666666666667,2228.7137559844195,114688,0.03177899122238159,0.1822765357499608,0.1341896721181047,,,3.6143773113478694e-16
cooldown0,steady8s2,53,1787633000.8465967,model_4,0,3.1485983718624904,3411.592430399739,230.43333333333334,3181.1590970664056,36864,0.0371999591588974,0.1822765357499608,0.1341896721181047,,,3.6143773113478694e-16
cooldown0,steady8s2,53,1787633000.8465967,model_5,0,3.6488570404334313,1146.2046785628982,879.5,266.70467856289815,131072,0.0383455865085125,0.1822765357499608,0.1341896721181047,,,3.6143773113478694e-16
cooldown0,steady8s2,53,1787633000.8465967,model_6,0,1.2319683910334027,805.6771644472535,816.3666666666667,-10.689502219413157,57344,0.03492606058716774,0.1822765357499608,0.1341896721181047,,,3.6143773113478694e-16
cooldown0,steady8s2,54,1787633005.9213269,model_3,1,11.13178707602858,3311.973768312849,745.8666666666667,2566.1071016461824,114688,0.03177899122238159,0.1513771733854389,0.15196978943383727,,,1.595751721864582e-16
cooldown0,steady8s2,54,1787633005.9213269,model_4,0,2.3172418033980815,2510.7948560623827,186.7,2324.094856062383,36864,0.0371999591588974,0.1513771733854389,0.15196978943383727,,,1.595751721864582e-16
cooldown0,steady8s2,54,1787633005.9213269,model_5,0,2.799374094318644,879.3591111957248,744.5,134.85911119572484,131072,0.0383455865085125,0.1513771733854389,0.15196978943383727,,,1.595751721864582e-16
cooldown0,steady8s2,54,1787633005.9213269,model_6,0,1.5516668533285638,1014.7521313496543,810.9666666666667,203.7854646829876,57344,0.03492606058716774,0.1513771733854389,0.15196978943383727,,,1.595751721864582e-16
cooldown0,steady8s2,55,1787633010.9788673,model_3,1,14.329353524991818,4263.326514199338,667.3666666666667,3595.959847532671,114688,0.03177899122238159,0.14442142863264323,0.1956225737200248,,,6.198314656352457e-17
cooldown0,steady8s2,55,1787633010.9788673,model_4,0,1.6858763866470539,1826.6931631145303,187.2,1639.4931631145303,36864,0.0371999591588974,0.14442142863264323,0.1956225737200248,,,6.198314656352457e-17
cooldown0,steady8s2,55,1787633010.9788673,model_5,0,2.9303473281167784,920.5013460606189,637.8,282.7013460606189,131072,0.0383455865085125,0.14442142863264323,0.1956225737200248,,,6.198314656352457e-17
cooldown0,steady8s2,55,1787633010.9788673,model_6,0,1.7456530457452213,1141.6143516677196,781.0333333333333,360.5810183343863,57344,0.03492606058716774,0.14442142863264323,0.1956225737200248,,,6.198314656352457e-17
cooldown0,steady8s2,56,1787633016.0167377,model_3,1,17.48470520699549,5202.119353949406,650.0,4552.119353949406,114688,0.03177899122238159,0.12378671694798224,0.23869904719447765,,,1.0159489784760823e-16
cooldown0,steady8s2,56,1787633016.0167377,model_4,0,1.151905283461499,1248.1208720406287,218.33333333333334,1029.7875387072954,36864,0.0371999591588974,0.12378671694798224,0.23869904719447765,,,1.0159489784760823e-16
cooldown0,steady8s2,56,1787633016.0167377,model_5,0,3.1956039196404844,1003.8256152372495,604.2666666666667,399.55894857058286,131072,0.0383455865085125,0.12378671694798224,0.23869904719447765,,,1.0159489784760823e-16
cooldown0,steady8s2,56,1787633016.0167377,model_6,0,1.1053923868292486,722.8995567614558,632.0,90.89955676145576,57344,0.03492606058716774,0.12378671694798224,0.23869904719447765,,,1.0159489784760823e-16
cooldown0,steady8s2,57,1787633021.0558271,model_3,1,3.4342520682029636,1021.7723970085361,659.1666666666666,362.6057303418695,114688,0.03177899122238159,0.10238111359325423,0.04688398727922135,MIGRATE,model_4,3.9387348735694302e-16
cooldown0,steady8s2,57,1787633021.0558271,model_4,0,0.3499319542739358,379.16084090768413,198.93333333333334,180.2275075743508,36864,0.0371999591588974,0.10238111359325423,0.04688398727922135,MIGRATE,model_4,3.9387348735694302e-16
cooldown0,steady8s2,57,1787633021.0558271,model_5,0,2.886717533155821,906.7960475096377,530.4666666666667,376.329380842971,131072,0.0383455865085125,0.10238111359325423,0.04688398727922135,MIGRATE,model_4,3.9387348735694302e-16
cooldown0,steady8s2,57,1787633021.0558271,model_6,0,1.2733185515980856,832.7191570467934,701.8666666666667,130.8524903801267,57344,0.03492606058716774,0.10238111359325423,0.04688398727922135,MIGRATE,model_4,3.9387348735694302e-16
cooldown0,steady8s2,58,1787633026.1206307,model_3,1,3.3738356724165435,1003.7970695382934,669.8666666666667,333.9304028716267,114688,0.03177899122238159,0.08551872863822957,0.05665534338881717,MIGRATE,model_6,9.713449969678901e-08
cooldown0,steady8s2,58,1787633026.1206307,model_4,1,0.4455311877561441,482.7452244271974,188.1,294.6452244271974,36864,0.0371999591588974,0.08551872863822957,0.05665534338881717,MIGRATE,model_6,9.713449969678901e-08
cooldown0,steady8s2,58,1787633026.1206307,model_5,0,3.117114375209815,979.1699266071416,504.1666666666667,475.00325994047495,131072,0.0383455865085125,0.08551872863822957,0.05665534338881717,MIGRATE,model_6,9.713449969678901e-08
cooldown0,steady8s2,58,1787633026.1206307,model_6,0,1.1491339488867682,751.5054673866745,751.5,0.005467386674467889,57344,0.03492606058716774,0.08551872863822957,0.05665534338881717,MIGRATE,model_6,9.713449969678901e-08
cooldown0,steady8s2,59,1787633047.56879,model_3,1,3.4767367503556845,1034.4126093916784,717.4666666666667,316.9459427250117,114688,0.03177899122238159,0.07754230813743426,0.09067803823000915,,,3.5699322795663013e-16
cooldown0,steady8s2,59,1787633047.56879,model_4,1,0.34000155107663765,368.40097750894915,145.7,222.70097750894917,36864,0.0371999591588974,0.07754230813743426,0.09067803823000915,,,3.5699322795663013e-16
cooldown0,steady8s2,59,1787633047.56879,model_5,0,4.975883855186334,1563.0596900893347,962.7,600.3596900893347,131072,0.0383455865085125,0.07754230813743426,0.09067803823000915,,,3.5699322795663013e-16
cooldown0,steady8s2,59,1787633047.56879,model_6,1,1.0010637961671702,654.6712128305744,654.6666666666666,0.004546163907775735,57344,0.03492606058716774,0.07754230813743426,0.09067803823000915,,,3.5699322795663013e-16
cooldown0,steady8s2,60,1787633052.663158,model_3,1,3.2518795721334492,967.5122033021128,707.8,259.7122033021128,114688,0.03177899122238159,0.07069546878518862,0.08361294797042114,MIGRATE,model_4,3.915679372507392e-16
cooldown0,steady8s2,60,1787633052.663158,model_4,1,0.19162535556918336,207.6313125150265,129.4,78.2313125150265,36864,0.0371999591588974,0.07069546878518862,0.08361294797042114,MIGRATE,model_4,3.915679372507392e-16
cooldown0,steady8s2,60,1787633052.663158,model_5,0,4.536522708862054,1425.044471648267,1158.3333333333333,266.7111383149338,131072,0.0383455865085125,0.07069546878518862,0.08361294797042114,MIGRATE,model_4,3.915679372507392e-16
cooldown0,steady8s2,60,1787633052.663158,model_6,1,0.9989228528430069,653.271088315036,653.2666666666667,0.0044216483693162445,57344,0.03492606058716774,0.07069546878518862,0.08361294797042114,MIGRATE,model_4,3.915679372507392e-16
cooldown0,steady8s2,61,1787633057.7163904,model_3,1,3.5617072491348893,1059.69337169113,773.7666666666667,285.92670502446344,114688,0.03177899122238159,0.08112402497025917,0.08544594364272602,,,1.7627926426894484e-16
cooldown0,steady8s2,61,1787633057.7163904,model_4,0,0.39608045414191495,429.1640023876828,149.5,279.6640023876828,36864,0.0371999591588974,0.08112402497025917,0.08544594364272602,,,1.7627926426894484e-16
cooldown0,steady8s2,61,1787633057.7163904,model_5,0,4.336207150910294,1362.1199374259093,1198.3,163.8199374259093,131072,0.0383455865085125,0.08112402497025917,0.08544594364272602,,,1.7627926426894484e-16
cooldown0,steady8s2,61,1787633057.7163904,model_6,1,1.4767663534384343,965.7690382716394,693.0333333333333,272.73570493830607,57344,0.03492606058716774,0.08112402497025917,0.08544594364272602,,,1.7627926426894484e-16
cooldown0,steady8s2,62,1787633062.8245656,model_3,1,4.101025888254663,1220.153608068929,976.4333333333333,243.7202747355958,114688,0.03177899122238159,0.08856527569819647,0.09337133944795804,,,3.2263322276747886e-16
cooldown0,steady8s2,62,1787633062.8245656,model_4,0,0.2578451003642881,279.3822166966692,146.53333333333333,132.8488833633359,36864,0.0371999591588974,0.08856527569819647,0.09337133944795804,,,3.2263322276747886e-16
cooldown0,steady8s2,62,1787633062.8245656,model_5,0,4.908520308381874,1541.8989782126393,1120.3666666666666,421.5323115459728,131072,0.0383455865085125,0.08856527569819647,0.09337133944795804,,,3.2263322276747886e-16
cooldown0,steady8s2,62,1787633062.8245656,model_6,1,1.404782918919755,918.6936345256584,707.5,211.19363452565835,57344,0.03492606058716774,0.08856527569819647,0.09337133944795804,,,3.2263322276747886e-16
cooldown0,steady8s2,63,1787633067.8714306,model_3,1,4.122103757013926,1226.4247797995627,909.9,316.5247797995627,114688,0.03177899122238159,0.10374908893532732,0.1043087863910073,,,1.4440152743838295e-16
cooldown0,steady8s2,63,1787633067.8714306,model_4,0,0.16711147402196458,181.0698515571664,181.06666666666666,0.0031848904997389127,36864,0.0371999591588974,0.10374908893532732,0.1043087863910073,,,1.4440152743838295e-16
cooldown0,steady8s2,63,1787633067.8714306,model_5,0,5.884986258851906,1848.6333414622254,963.7,884.9333414622254,131072,0.0383455865085125,0.10374908893532732,0.1043087863910073,,,1.4440152743838295e-16
cooldown0,steady8s2,63,1787633067.8714306,model_6,1,2.0286512623823665,1326.688256471875,769.2666666666667,557.4215898052084,57344,0.03492606058716774,0.10374908893532732,0.1043087863910073,,,1.4440152743838295e-16
cooldown0,steady8s2,64,1787633072.9187841,model_3,1,3.854440241158319,1146.7884611030652,892.0666666666667,254.72179443639845,114688,0.03177899122238159,0.0861829353905631,0.09870130562479494,,,3.0521071600336816e-16
cooldown0,steady8s2,64,1787633072.9187841,model_4,0,0.19847215702698495,215.0500091117819,158.2,56.8500091117819,36864,0.0371999591588974,0.0861829353905631,0.09870130562479494,,,3.0521071600336816e-16
cooldown0,steady8s2,64,1787633072.9187841,model_5,0,4.8289218494377595,1516.8949495436227,984.7333333333333,532.1616162102894,131072,0.0383455865085125,0.0861829353905631,0.09870130562479494,,,3.0521071600336816e-16
cooldown0,steady8s2,64,1787633072.9187841,model_6,1,1.96565959891626,1285.4932508414001,823.0,462.49325084140014,57344,0.03492606058716774,0.0861829353905631,0.09870130562479494,,,3.0521071600336816e-16
cooldown0,steady8s2,65,1787633077.9898894,model_3,1,4.5098507669332495,1341.7888194477857,904.6,437.1888194477857,114688,0.03177899122238159,0.08832127184569401,0.11743055502237353,,,3.847980130189039e-16
cooldown0,steady8s2,65,1787633077.9898894,model_4,0,0.3897567429150781,422.31208835942624,227.93333333333334,194.3787550260929,36864,0.0371999591588974,0.08832127184569401,0.11743055502237353,,,3.847980130189039e-16
cooldown0,steady8s2,65,1787633077.9898894,model_5,0,4.762374948911766,1495.9907683489294,947.5666666666667,548.4241016822626,131072,0.0383455865085125,0.08832127184569401,0.11743055502237353,,,3.847980130189039e-16
cooldown0,steady8s2,65,1787633077.9898894,model_6,1,2.414652917989562,1579.1238884450972,846.9333333333333,732.190555111764,57344,0.03492606058716774,0.08832127184569401,0.11743055502237353,,,3.847980130189039e-16
cooldown0,steady8s2,66,1787633083.0350072,model_3,1,4.727397668824376,1406.5142429148498,1045.8666666666666,360.6475762481832,114688,0.03177899122238159,0.0780128619117207,0.10263442562226029,,,4.4027180905775754e-16
cooldown0,steady8s2,66,1787633083.0350072,model_4,0,0.35530606276527954,384.9838344063341,245.13333333333333,139.85050107300077,36864,0.0371999591588974,0.0780128619117207,0.10263442562226029,,,4.4027180905775754e-16
cooldown0,steady8s2,66,1787633083.0350072,model_5,0,4.19549500504207,1317.9184468940618,783.1333333333333,534.7851135607285,131072,0.0383455865085125,0.0780128619117207,0.10263442562226029,,,4.4027180905775754e-16
cooldown0,steady8s2,66,1787633083.0350072,model_6,1,1.3246256592257444,866.2727492414502,866.2666666666667,0.006082574783590644,57344,0.03492606058716774,0.0780128619117207,0.10263442562226029,,,4.4027180905775754e-16
cooldown0,steady8s2,67,1787633088.0843427,model_3,1,3.4617056561544715,1029.9404981876598,848.1333333333333,181.80716485432652,114688,0.03177899122238159,0.07520513025312442,0.08859823957948956,,,1.7000730659655667e-16
cooldown0,steady8s2,67,1787633088.0843427,model_4,0,0.312467378263656,338.5669483785457,220.7,117.86694837854571,36864,0.0371999591588974,0.07520513025312442,0.08859823957948956,,,1.7000730659655667e-16
cooldown0,steady8s2,67,1787633088.0843427,model_5,0,4.074547514841944,1279.925569236307,847.3,432.625569236307,131072,0.0383455865085125,0.07520513025312442,0.08859823957948956,,,1.7000730659655667e-16
cooldown0,steady8s2,67,1787633088.0843427,model_6,1,1.7626487406118763,1152.7291199910296,818.9666666666667,333.7624533243629,57344,0.03492606058716774,0.07520513025312442,0.08859823957948956,,,1.7000730659655667e-16
cooldown0,steady8s2,68,1787633093.135156,model_3,1,3.26155746657973,970.3916091261432,722.3666666666667,248.0249424594765,114688,0.03177899122238159,0.0746224717419479,0.09514835257184169,,,3.166076484347462e-16
cooldown0,steady8s2,68,1787633093.135156,model_4,0,0.32282217741398966,349.78665639697147,247.46666666666667,102.3199897303048,36864,0.0371999591588974,0.0746224717419479,0.09514835257184169,,,3.166076484347462e-16
cooldown0,steady8s2,68,1787633093.135156,model_5,0,4.030203923204679,1265.9960478448966,859.4333333333333,406.5627145115633,131072,0.0383455865085125,0.0746224717419479,0.09514835257184169,,,3.166076484347462e-16
cooldown0,steady8s2,68,1787633093.135156,model_6,1,2.3490361125149435,1536.2121042145518,747.0666666666667,789.1454375478851,57344,0.03492606058716774,0.0746224717419479,0.09514835257184169,,,3.166076484347462e-16
cooldown0,steady8s2,69,1787633098.2053478,model_3,1,3.561960279253222,1059.7686542229271,672.4333333333333,387.33532088959385,114688,0.03177899122238159,0.08381777794796583,0.10125401961807305,,,2.9751605194381744e-16
cooldown0,steady8s2,69,1787633098.2053478,model_4,0,0.40963331686397697,443.84889973312704,286.46666666666664,157.3822330664604,36864,0.0371999591588974,0.08381777794796583,0.10125401961807305,,,2.9751605194381744e-16
cooldown0,steady8s2,69,1787633098.2053478,model_5,0,4.479791632299882,1407.2237062264057,900.7666666666667,506.4570395597391,131072,0.0383455865085125,0.08381777794796583,0.10125401961807305,,,2.9751605194381744e-16
cooldown0,steady8s2,69,1787633098.2053478,model_6,1,2.4086649283429575,1575.2078898250604,728.1333333333333,847.0745564917271,57344,0.03492606058716774,0.08381777794796583,0.10125401961807305,,,2.9751605194381744e-16
cooldown0,steady8s2,70,1787633103.290459,model_3,1,4.086727321630435,1215.8994413964551,737.0,478.89944139645513,114688,0.03177899122238159,0.07925420087077695,0.10968237409366592,,,4.1198090954639465e-16
cooldown0,steady8s2,70,1787633103.290459,model_4,0,0.4599954985507064,498.4177006816039,303.3666666666667,195.05103401493722,36864,0.0371999591588974,0.07925420087077695,0.10968237409366592,,,4.1198090954639465e-16
cooldown0,steady8s2,70,1787633103.290459,model_5,0,4.16321781669831,1307.7793091091298,792.9666666666667,514.8126424424631,131072,0.0383455865085125,0.07925420087077695,0.10968237409366592,,,4.1198090954639465e-16
cooldown0,steady8s2,70,1787633103.290459,model_6,1,2.3808909523185267,1557.044389518028,651.6,905.4443895180281,57344,0.03492606058716774,0.07925420087077695,0.10968237409366592,,,4.1198090954639465e-16
cooldown0,steady8s2,71,1787633108.3634439,model_3,1,3.7628664189955745,1119.5430516467284,695.2,424.3430516467283,114688,0.03177899122238159,0.07552267879508191,0.10605608695661915,,,2.840449522952232e-16
cooldown0,steady8s2,71,1787633108.3634439,model_4,0,0.5594430983980843,606.1718943865461,261.53333333333336,344.63856105321275,36864,0.0371999591588974,0.07552267879508191,0.10605608695661915,,,2.840449522952232e-16
cooldown0,steady8s2,71,1787633108.3634439,model_5,0,3.8460956663923698,1208.1626652316766,762.8333333333334,445.3293318983432,131072,0.0383455865085125,0.07552267879508191,0.10605608695661915,,,2.840449522952232e-16
cooldown0,steady8s2,71,1787633108.3634439,model_6,1,2.4909213179327248,1629.0015546663813,628.7666666666667,1000.2348879997146,57344,0.03492606058716774,0.07552267879508191,0.10605608695661915,,,2.840449522952232e-16
cooldown0,steady8s2,72,1787633113.415759,model_3,1,3.034993905747311,902.983513264483,568.3333333333334,334.65017993114964,114688,0.03177899122238159,0.07225911579547943,0.1896508001128312,MIGRATE,model_3,3.559787382723548e-08
cooldown0,steady8s2,72,1787633113.415759,model_4,0,0.26492966821464936,287.0585396811878,215.13333333333333,71.9252063478545,36864,0.0371999591588974,0.07225911579547943,0.1896508001128312,MIGRATE,model_3,3.559787382723548e-08
cooldown0,steady8s2,72,1787633113.415759,model_5,0,3.9502324635501664,1240.8748495650598,685.4666666666667,555.4081828983931,131072,0.0383455865085125,0.07225911579547943,0.1896508001128312,MIGRATE,model_3,3.559787382723548e-08
cooldown0,steady8s2,72,1787633113.415759,model_6,1,8.148105903592644,5328.66176421604,613.0,4715.66176421604,57344,0.03492606058716774,0.07225911579547943,0.1896508001128312,MIGRATE,model_3,3.559787382723548e-08
cooldown0,steady8s2,73,1787633120.1398292,model_3,0,4.443615813734702,1322.082331528033,640.2666666666667,681.8156648613663,114688,0.03177899122238159,0.16061901973108017,0.17819946242556106,,,3.06875603633502e-16
cooldown0,steady8s2,73,1787633120.1398292,model_4,0,0.267128173390752,289.44068015487096,201.86666666666667,87.57401348820429,36864,0.0371999591588974,0.16061901973108017,0.17819946242556106,,,3.06875603633502e-16
cooldown0,steady8s2,73,1787633120.1398292,model_5,0,3.6950892818087153,1160.7274759149439,742.1666666666666,418.5608092482772,131072,0.0383455865085125,0.16061901973108017,0.17819946242556106,,,3.06875603633502e-16
cooldown0,steady8s2,73,1787633120.1398292,model_6,1,11.57704827863562,7571.106123896656,726.4,6844.706123896656,57344,0.03492606058716774,0.16061901973108017,0.17819946242556106,,,3.06875603633502e-16
cooldown0,steady8s2,74,1787633125.2097723,model_3,0,2.3533612833532973,700.1814519623293,694.3333333333334,5.848118628995962,114688,0.03177899122238159,0.10937833312233779,0.14445978889380276,,,9.463717899935884e-17
cooldown0,steady8s2,74,1787633125.2097723,model_4,0,0.3088953479406582,334.69655585087344,201.83333333333334,132.8632225175401,36864,0.0371999591588974,0.10937833312233779,0.14445978889380276,,,9.463717899935884e-17
cooldown0,steady8s2,74,1787633125.2097723,model_5,0,3.0619473452940147,961.8404705360431,577.0,384.8404705360431,131072,0.0383455865085125,0.10937833312233779,0.14445978889380276,,,9.463717899935884e-17
cooldown0,steady8s2,74,1787633125.2097723,model_6,1,9.385089761669065,6137.61892131165,781.7333333333333,5355.885587978317,57344,0.03492606058716774,0.10937833312233779,0.14445978889380276,,,9.463717899935884e-17
cooldown0,steady8s2,75,1787633130.2604327,model_3,0,5.342017667577379,1589.3784406799991,712.0333333333333,877.3451073466658,114688,0.03177899122238159,0.15294407658539558,0.10881916170780874,MIGRATE,model_4,4.4385768734045485e-16
cooldown0,steady8s2,75,1787633130.2604327,model_4,0,0.24188088649528705,262.08455444813364,148.2,113.88455444813366,36864,0.0371999591588974,0.15294407658539558,0.10881916170780874,MIGRATE,model_4,4.4385768734045485e-16
cooldown0,steady8s2,75,1787633130.2604327,model_5,0,2.420274360196233,760.273632077737,475.3333333333333,284.9402987444037,131072,0.0383455865085125,0.15294407658539558,0.10881916170780874,MIGRATE,model_4,4.4385768734045485e-16
cooldown0,steady8s2,75,1787633130.2604327,model_6,1,7.069632374778988,4623.366481520389,781.9666666666667,3841.3998148537225,57344,0.03492606058716774,0.15294407658539558,0.10881916170780874,MIGRATE,model_4,4.4385768734045485e-16
cooldown0,steady8s2,76,1787633135.3112912,model_3,0,5.199462353184129,1546.9648139568692,758.8,788.1648139568692,114688,0.03177899122238159,0.15130551579971815,0.033304292797476924,,,2.0182593427138118e-16
cooldown0,steady8s2,76,1787633135.3112912,model_4,1,0.33739091244506314,365.57227916698804,158.3,207.27227916698803,36864,0.0371999591588974,0.15130551579971815,0.033304292797476924,,,2.0182593427138118e-16
cooldown0,steady8s2,76,1787633135.3112912,model_5,0,3.601967680142055,1131.4754623877384,660.5666666666667,470.90879572107167,131072,0.0383455865085125,0.15130551579971815,0.033304292797476924,,,2.0182593427138118e-16
cooldown0,steady8s2,76,1787633135.3112912,model_6,1,1.6319205415463705,1067.2360785274868,794.5666666666667,272.6694118608201,57344,0.03492606058716774,0.15130551579971815,0.033304292797476924,,,2.0182593427138118e-16
cooldown0,steady8s2,77,1787633140.365348,model_3,0,4.949002000774326,1472.4468491846217,776.5333333333333,695.9135158512884,114688,0.03177899122238159,0.14716129017929766,0.03643677098106035,,,2.0750957707346384e-16
cooldown0,steady8s2,77,1787633140.365348,model_4,1,0.33243660063476277,360.204146851064,166.43333333333334,193.7708135177307,36864,0.0371999591588974,0.14716129017929766,0.03643677098106035,,,2.0750957707346384e-16
cooldown0,steady8s2,77,1787633140.365348,model_5,0,3.6113587519796244,1134.4254520304305,839.7333333333333,294.69211869709716,131072,0.0383455865085125,0.14716129017929766,0.03643677098106035,,,2.0750957707346384e-16
cooldown0,steady8s2,77,1787633140.365348,model_6,1,1.8221009803253974,1191.6094291459171,824.7666666666667,366.8427624792505,57344,0.03492606058716774,0.14716129017929766,0.03643677098106035,,,2.0750957707346384e-16
cooldown0,steady8s2,78,1787633145.4190993,model_3,0,3.5544278947588643,1057.5275890922546,744.8,312.7275890922547,114688,0.03177899122238159,0.13563958677874308,0.03753478218785947,MIGRATE,model_3,3.024452457665087e-07
cooldown0,steady8s2,78,1787633145.4190993,model_4,1,0.2649611301673289,287.0926295672039,179.23333333333332,107.8592962338706,36864,0.0371999591588974,0.13563958677874308,0.03753478218785947,MIGRATE,model_3,3.024452457665087e-07
cooldown0,steady8s2,78,1787633145.4190993,model_5,0,4.3357138849813115,1361.9649892573977,866.6,495.3649892573977,131072,0.0383455865085125,0.13563958677874308,0.03753478218785947,MIGRATE,model_3,3.024452457665087e-07
cooldown0,steady8s2,78,1787633145.4190993,model_6,1,1.9545027970542468,1278.196975584738,861.6333333333333,416.56364225140476,57344,0.03492606058716774,0.13563958677874308,0.03753478218785947,MIGRATE,model_3,3.024452457665087e-07
cooldown0,steady8s2,79,1787633151.5602274,model_3,1,3.137155519366955,933.3790447389754,696.6333333333333,236.74571140564206,114688,0.03177899122238159,0.05043902036936052,0.08706873283543244,MIGRATE,model_4,1.9199554531286576e-16
cooldown0,steady8s2,79,1787633151.5602274,model_4,1,0.15898587264088992,172.26554027635927,144.83333333333334,27.432206943025932,36864,0.0371999591588974,0.05043902036936052,0.08706873283543244,MIGRATE,model_4,1.9199554531286576e-16
cooldown0,steady8s2,79,1787633151.5602274,model_5,0,3.2366679965533978,1016.7249523603222,723.0666666666667,293.65828569365544,131072,0.0383455865085125,0.05043902036936052,0.08706873283543244,MIGRATE,model_4,1.9199554531286576e-16
cooldown0,steady8s2,79,1787633151.5602274,model_6,1,1.3298952082309619,869.718905272189,672.1,197.61890527218895,57344,0.03492606058716774,0.05043902036936052,0.08706873283543244,MIGRATE,model_4,1.9199554531286576e-16
cooldown0,steady8s2,80,1787633156.6105967,model_3,1,2.602040235786755,774.1694074959676,594.3666666666667,179.8027408293009,114688,0.03177899122238159,0.03663296536110958,0.05960339245790838,MIGRATE,model_4,6.326846060723113e-08
cooldown0,steady8s2,80,1787633156.6105967,model_4,0,0.12533246883847093,135.80115704617805,135.8,0.0011570461780365804,36864,0.0371999591588974,0.03663296536110958,0.05960339245790838,MIGRATE,model_4,6.326846060723113e-08
cooldown0,steady8s2,80,1787633156.6105967,model_5,0,2.0116143601464107,631.9024739840836,631.9,0.002473984083621872,131072,0.0383455865085125,0.03663296536110958,0.05960339245790838,MIGRATE,model_4,6.326846060723113e-08
cooldown0,steady8s2,80,1787633156.6105967,model_6,1,0.9125811227042999,596.8057107794388,472.93333333333334,123.87237744610542,57344,0.03492606058716774,0.03663296536110958,0.05960339245790838,MIGRATE,model_4,6.326846060723113e-08
cooldown0,steady10s1,1,1787633335.025106,model_3,1,0.05411346278854696,16.100053661121684,16.1,5.366112168303516e-05,114688,0.03177899122238159,0.0006231199035247045,0.0009176945220681047,,,2.5645700512766267e-16
cooldown0,steady10s1,1,1787633335.025106,model_4,0,0.01408985184315543,15.266739741445244,15.266666666666667,7.30747785766539e-05,36864,0.0371999591588974,0.0006231199035247045,0.0009176945220681047,,,2.5645700512766267e-16
cooldown0,steady10s1,1,1787633335.025106,model_5,0,0.02225921487280617,6.992221384841273,0.0,6.992221384841273,131072,0.0383455865085125,0.0006231199035247045,0.0009176945220681047,,,2.5645700512766267e-16
cooldown0,steady10s1,1,1787633335.025106,model_6,1,4.368754318202772e-08,2.8570583603235243e-05,0.0,2.8570583603235243e-05,57344,0.03492606058716774,0.0006231199035247045,0.0009176945220681047,,,2.5645700512766267e-16
cooldown0,steady10s1,2,1787633340.027755,model_3,1,0.4146248340494508,123.36083727472507,65.4,57.960837274725066,114688,0.03177899122238159,0.013861584352720408,0.017757671951327936,MIGRATE,model_3,5.473782097075404e-09
cooldown0,steady10s1,2,1787633340.027755,model_4,0,0.3033596982381285,328.6985280327609,138.93333333333334,189.76519469942758,36864,0.0371999591588974,0.013861584352720408,0.017757671951327936,MIGRATE,model_3,5.473782097075404e-09
cooldown0,steady10s1,2,1787633340.027755,model_5,0,0.5052417468062086,158.71009677205043,74.8,83.91009677205044,131072,0.0383455865085125,0.013861584352720408,0.017757671951327936,MIGRATE,model_3,5.473782097075404e-09
cooldown0,steady10s1,2,1787633340.027755,model_6,1,0.6324881951457203,413.63179390009907,194.86666666666667,218.7651272334324,57344,0.03492606058716774,0.013861584352720408,0.017757671951327936,MIGRATE,model_3,5.473782097075404e-09
cooldown0,steady10s1,3,1787633345.0319414,model_3,0,0.5815698631035008,173.03098935371193,132.6,40.43098935371194,114688,0.03177899122238159,0.04807120229553015,0.014490890867203572,MIGRATE,model_3,3.5304611120537414e-16
cooldown0,steady10s1,3,1787633345.0319414,model_4,0,0.5815698631035005,630.146848973587,237.1,393.046848973587,36864,0.0371999591588974,0.04807120229553015,0.014490890867203572,MIGRATE,model_3,3.5304611120537414e-16
cooldown0,steady10s1,3,1787633345.0319414,model_5,0,1.3526178236147373,424.8938395105264,247.63333333333333,177.26050617719307,131072,0.0383455865085125,0.04807120229553015,0.014490890867203572,MIGRATE,model_3,3.5304611120537414e-16
cooldown0,steady10s1,3,1787633345.0319414,model_6,1,0.9414267635074068,615.6700536132811,439.26666666666665,176.40338694661443,57344,0.03492606058716774,0.04807120229553015,0.014490890867203572,MIGRATE,model_3,3.5304611120537414e-16
cooldown0,steady10s1,4,1787633350.0950606,model_3,1,0.8881506002697908,264.24611522971117,233.6,30.64611522971117,114688,0.03177899122238159,0.03304780914550893,0.032261088318138786,,,3.455390742178272e-16
cooldown0,steady10s1,4,1787633350.0950606,model_4,0,0.3444357713311006,373.20557640286984,325.26666666666665,47.938909736203186,36864,0.0371999591588974,0.03304780914550893,0.032261088318138786,,,3.455390742178272e-16
cooldown0,steady10s1,4,1787633350.0950606,model_5,0,1.5833746109909999,497.3807871683601,303.0,194.3807871683601,131072,0.0383455865085125,0.03304780914550893,0.032261088318138786,,,3.455390742178272e-16
cooldown0,steady10s1,4,1787633350.0950606,model_6,1,1.0141824415523337,663.2504857179589,581.1666666666666,82.08381905129227,57344,0.03492606058716774,0.03304780914550893,0.032261088318138786,,,3.455390742178272e-16
cooldown0,steady10s1,5,1787633355.1042035,model_3,1,2.9817904011209366,887.1541939915413,385.3333333333333,501.820860658208,114688,0.03177899122238159,0.06289287783663655,0.08454273919415307,,,2.672437909572813e-16
cooldown0,steady10s1,5,1787633355.1042035,model_4,0,0.8896981243290314,964.0122453935926,440.76666666666665,523.2455787269259,36864,0.0371999591588974,0.06289287783663655,0.08454273919415307,,,2.672437909572813e-16
cooldown0,steady10s1,5,1787633355.1042035,model_5,0,2.7790940286921098,872.9885941145911,544.3333333333334,328.65526078125777,131072,0.0383455865085125,0.06289287783663655,0.08454273919415307,,,2.672437909572813e-16
cooldown0,steady10s1,5,1787633355.1042035,model_6,1,2.0034241281967904,1310.1903283710442,834.7333333333333,475.45699503771084,57344,0.03492606058716774,0.06289287783663655,0.08454273919415307,,,2.672437909572813e-16
cooldown0,steady10s1,6,1787633360.1150541,model_3,1,3.232173694017991,961.6492317096619,425.93333333333334,535.7158983763286,114688,0.03177899122238159,0.07922587704220427,0.0919723837350395,,,3.2754066967532637e-16
cooldown0,steady10s1,6,1787633360.1150541,model_4,0,0.7245298951846049,785.0479527968408,528.3666666666667,256.68128613017416,36864,0.0371999591588974,0.07922587704220427,0.0919723837350395,,,3.2754066967532637e-16
cooldown0,steady10s1,6,1787633360.1150541,model_5,0,3.897031178291012,1224.1628870535444,719.7333333333333,504.42955372021106,131072,0.0383455865085125,0.07922587704220427,0.0919723837350395,,,3.2754066967532637e-16
cooldown0,steady10s1,6,1787633360.1150541,model_6,1,2.191143175795638,1432.9539894218885,1004.4,428.55398942188856,57344,0.03492606058716774,0.07922587704220427,0.0919723837350395,,,3.2754066967532637e-16
cooldown0,steady10s1,7,1787633365.1256573,model_3,1,4.092771414141088,1217.697703949612,612.9,604.7977039496121,114688,0.03177899122238159,0.0760175726007876,0.11163949253553876,,,1.3491953195067231e-16
cooldown0,steady10s1,7,1787633365.1256573,model_4,0,0.849806483076883,920.7885613098244,617.4666666666667,303.32189464315775,36864,0.0371999591588974,0.0760175726007876,0.11163949253553876,,,1.3491953195067231e-16
cooldown0,steady10s1,7,1787633365.1256573,model_5,0,3.584601409242888,1126.0202470331103,809.4333333333333,316.586913699777,131072,0.0383455865085125,0.0760175726007876,0.11163949253553876,,,1.3491953195067231e-16
cooldown0,steady10s1,7,1787633365.1256573,model_6,1,2.490251865430105,1628.5637491204204,1199.3,429.26374912042047,57344,0.03492606058716774,0.0760175726007876,0.11163949253553876,,,1.3491953195067231e-16
cooldown0,steady10s1,8,1787633370.134163,model_3,1,3.7509271738886945,1115.9908397388494,652.9,463.09083973884947,114688,0.03177899122238159,0.07758944069805439,0.10220286464477527,,,1.4737696572847942e-16
cooldown0,steady10s1,8,1787633370.134163,model_4,0,0.8047349881185717,871.9523640988039,521.4,350.5523640988039,36864,0.0371999591588974,0.07758944069805439,0.10220286464477527,,,1.4737696572847942e-16
cooldown0,steady10s1,8,1787633370.134163,model_5,0,3.7213662332267226,1168.9817770070229,838.6666666666666,330.3151103403562,131072,0.0383455865085125,0.07758944069805439,0.10220286464477527,,,1.4737696572847942e-16
cooldown0,steady10s1,8,1787633370.134163,model_6,1,2.2756483856628886,1488.2183276649796,1102.6333333333334,385.58499433164616,57344,0.03492606058716774,0.07758944069805439,0.10220286464477527,,,1.4737696572847942e-16
cooldown0,steady10s1,9,1787633375.1461353,model_3,1,3.9279656889099392,1168.6640460916797,730.7333333333333,437.9307127583463,114688,0.03177899122238159,0.06384958587456727,0.10327295535703619,MIGRATE,model_4,8.354524425752226e-08
cooldown0,steady10s1,9,1787633375.1461353,model_4,0,0.6742373256941163,730.5545785664494,596.4,134.15457856644946,36864,0.0371999591588974,0.06384958587456727,0.10327295535703619,MIGRATE,model_4,8.354524425752226e-08
cooldown0,steady10s1,9,1787633375.1461353,model_5,0,3.0503634190631104,958.2016460233642,707.4666666666667,250.73497935669752,131072,0.0383455865085125,0.06384958587456727,0.10327295535703619,MIGRATE,model_4,8.354524425752226e-08
cooldown0,steady10s1,9,1787633375.1461353,model_6,1,2.1617102010727667,1413.7055445846966,1039.1,374.60554458469664,57344,0.03492606058716774,0.06384958587456727,0.10327295535703619,MIGRATE,model_4,8.354524425752226e-08
cooldown0,steady10s1,10,1787633380.1544473,model_3,1,3.759250392869184,1118.4671971056434,766.9,351.56719710564346,114688,0.03177899122238159,0.06765826347497543,0.11740299679629781,MIGRATE,model_4,2.8477652694749987e-16
cooldown0,steady10s1,10,1787633380.1544473,model_4,1,0.650368496842815,704.6920498427755,700.5666666666667,4.125383176108812,36864,0.0371999591588974,0.06765826347497543,0.11740299679629781,MIGRATE,model_4,2.8477652694749987e-16
cooldown0,steady10s1,10,1787633380.1544473,model_5,0,4.3416254813873385,1363.8219815657505,744.5,619.3219815657505,131072,0.0383455865085125,0.06765826347497543,0.11740299679629781,MIGRATE,model_4,2.8477652694749987e-16
cooldown0,steady10s1,10,1787633380.1544473,model_6,1,1.8281032232756778,1195.5347490775828,1109.8333333333333,85.70141574424952,57344,0.03492606058716774,0.06765826347497543,0.11740299679629781,MIGRATE,model_4,2.8477652694749987e-16
cooldown0,steady10s1,11,1787633385.1643088,model_3,1,3.941097310084829,1172.5710184914944,725.7666666666667,446.8043518248278,114688,0.03177899122238159,0.06711278368134109,0.10995435313038154,MIGRATE,model_4,1.01377640230199e-07
cooldown0,steady10s1,11,1787633385.1643088,model_4,0,0.641088462190663,694.6368785462214,701.6333333333333,-6.996454787111929,36864,0.0371999591588974,0.06711278368134109,0.10995435313038154,MIGRATE,model_4,1.01377640230199e-07
cooldown0,steady10s1,11,1787633385.1643088,model_5,0,3.2738676124394424,1028.4103577617523,604.0,424.41035776175227,131072,0.0383455865085125,0.06711278368134109,0.10995435313038154,MIGRATE,model_4,1.01377640230199e-07
cooldown0,steady10s1,11,1787633385.1643088,model_6,1,2.5425593537741404,1662.7715658104494,1155.9666666666667,506.8048991437827,57344,0.03492606058716774,0.06711278368134109,0.10995435313038154,MIGRATE,model_4,1.01377640230199e-07
cooldown0,steady10s1,12,1787633390.174727,model_3,1,3.8663776827593073,1150.3401364246654,766.7666666666667,383.57346975799874,114688,0.03177899122238159,0.051417505180120365,0.13909699813041995,MIGRATE,model_6,1.201809461392192e-16
cooldown0,steady10s1,12,1787633390.174727,model_4,1,1.7619826821963365,1909.156415373697,761.2,1147.956415373697,36864,0.0371999591588974,0.051417505180120365,0.13909699813041995,MIGRATE,model_6,1.201809461392192e-16
cooldown0,steady10s1,12,1787633390.174727,model_5,0,3.2994572904157313,1036.448767678699,562.0,474.4487676786989,131072,0.0383455865085125,0.051417505180120365,0.13909699813041995,MIGRATE,model_6,1.201809461392192e-16
cooldown0,steady10s1,12,1787633390.174727,model_6,1,1.7619826821963371,1152.2935340949193,1090.1666666666667,62.12686742825258,57344,0.03492606058716774,0.051417505180120365,0.13909699813041995,MIGRATE,model_6,1.201809461392192e-16
cooldown0,steady10s1,13,1787633396.2548716,model_3,1,4.294025958270412,1277.5757600386873,743.1,534.4757600386873,114688,0.03177899122238159,0.09526214315625996,0.08698097584767178,,,3.0293917431527593e-16
cooldown0,steady10s1,13,1787633396.2548716,model_4,1,1.5697149838355264,1700.8291068798821,701.9,998.9291068798822,36864,0.0371999591588974,0.09526214315625996,0.08698097584767178,,,3.0293917431527593e-16
cooldown0,steady10s1,13,1787633396.2548716,model_5,0,2.39015225377301,750.8114638075419,494.1,256.7114638075419,131072,0.0383455865085125,0.09526214315625996,0.08698097584767178,,,3.0293917431527593e-16
cooldown0,steady10s1,13,1787633396.2548716,model_6,0,2.362163489385568,1544.7970872796475,1131.2333333333333,413.56375394631414,57344,0.03492606058716774,0.09526214315625996,0.08698097584767178,,,3.0293917431527593e-16
cooldown0,steady10s1,14,1787633401.3158388,model_3,1,3.7655655555576693,1120.3461095411794,734.4666666666667,385.87944287451273,114688,0.03177899122238159,0.09711829078832457,0.07504829543107343,,,1.7555325442821828e-16
cooldown0,steady10s1,14,1787633401.3158388,model_4,1,1.29374492315118,1401.8080000720458,737.4666666666667,664.3413334053791,36864,0.0371999591588974,0.09711829078832457,0.07504829543107343,,,1.7555325442821828e-16
cooldown0,steady10s1,14,1787633401.3158388,model_5,0,3.022991569417245,949.6034077867453,683.9,265.7034077867453,131072,0.0383455865085125,0.09711829078832457,0.07504829543107343,,,1.7555325442821828e-16
cooldown0,steady10s1,14,1787633401.3158388,model_6,0,1.8219212886206193,1191.491915170531,1157.7,33.791915170530956,57344,0.03492606058716774,0.09711829078832457,0.07504829543107343,,,1.7555325442821828e-16
cooldown0,steady10s1,15,1787633406.33528,model_3,1,3.175683234024751,944.8419643428226,710.1,234.7419643428226,114688,0.03177899122238159,0.13809927264747077,0.06083760249953878,MIGRATE,model_6,5.558132267272512e-07
cooldown0,steady10s1,15,1787633406.33528,model_4,1,0.9256267032293111,1002.941843054125,735.8333333333334,267.10850972079163,36864,0.0371999591588974,0.13809927264747077,0.06083760249953878,MIGRATE,model_6,5.558132267272512e-07
cooldown0,steady10s1,15,1787633406.33528,model_5,0,3.594559617664641,1129.1483896149205,700.6,428.54838961492044,131072,0.0383455865085125,0.13809927264747077,0.06083760249953878,MIGRATE,model_6,5.558132267272512e-07
cooldown0,steady10s1,15,1787633406.33528,model_6,0,3.294756127304358,2154.6898390510873,1180.6333333333334,974.0565057177539,57344,0.03492606058716774,0.13809927264747077,0.06083760249953878,MIGRATE,model_6,5.558132267272512e-07
cooldown0,steady10s1,16,1787633413.8915868,model_3,1,2.827247975306487,841.1741139834445,562.4666666666667,278.7074473167778,114688,0.03177899122238159,0.048822805249727735,0.1260702615334541,MIGRATE,model_4,2.651982892254584e-16
cooldown0,steady10s1,16,1787633413.8915868,model_4,1,1.0297090349339366,1115.7178954573442,661.2333333333333,454.48456212401084,36864,0.0371999591588974,0.048822805249727735,0.1260702615334541,MIGRATE,model_4,2.651982892254584e-16
cooldown0,steady10s1,16,1787633413.8915868,model_5,0,3.1329555985933686,984.1460832926971,614.3,369.84608329269713,131072,0.0383455865085125,0.048822805249727735,0.1260702615334541,MIGRATE,model_4,2.651982892254584e-16
cooldown0,steady10s1,16,1787633413.8915868,model_6,1,2.841264326662999,1858.1173046418803,1010.1,848.0173046418803,57344,0.03492606058716774,0.048822805249727735,0.1260702615334541,MIGRATE,model_4,2.651982892254584e-16
cooldown0,steady10s1,17,1787633418.968172,model_3,1,3.2967403315618715,980.8593556900234,662.2,318.6593556900234,114688,0.03177899122238159,0.057759176552536505,0.08291620901231185,MIGRATE,model_4,7.868083851720553e-08
cooldown0,steady10s1,17,1787633418.968172,model_4,0,0.7916837154152355,857.8109532540011,545.1666666666666,312.6442865873345,36864,0.0371999591588974,0.057759176552536505,0.08291620901231185,MIGRATE,model_4,7.868083851720553e-08
cooldown0,steady10s1,17,1787633418.968172,model_5,0,2.5776391871132946,809.7061800934168,561.4666666666667,248.23951342675014,131072,0.0383455865085125,0.057759176552536505,0.08291620901231185,MIGRATE,model_4,7.868083851720553e-08
cooldown0,steady10s1,17,1787633418.968172,model_6,1,1.5925633076066423,1041.4974111462166,915.6333333333333,125.86407781288324,57344,0.03492606058716774,0.057759176552536505,0.08291620901231185,MIGRATE,model_4,7.868083851720553e-08
cooldown0,steady10s1,18,1787633424.0193112,model_3,1,3.584992919502611,1066.6214173776623,677.0333333333333,389.588084044329,114688,0.03177899122238159,0.037311993059214864,0.1281308766123057,MIGRATE,model_6,1.3046667034847702e-16
cooldown0,steady10s1,18,1787633424.0193112,model_4,1,0.5285565056492887,572.7054265879556,569.7,3.005426587955526,36864,0.0371999591588974,0.037311993059214864,0.1281308766123057,MIGRATE,model_6,1.3046667034847702e-16
cooldown0,steady10s1,18,1787633424.0193112,model_5,0,2.3943076796103604,752.1167954452062,513.3666666666667,238.75012877853953,131072,0.0383455865085125,0.037311993059214864,0.1281308766123057,MIGRATE,model_6,1.3046667034847702e-16
cooldown0,steady10s1,18,1787633424.0193112,model_6,1,2.69415416173199,1761.9108585953522,806.7333333333333,955.1775252620189,57344,0.03492606058716774,0.037311993059214864,0.1281308766123057,MIGRATE,model_6,1.3046667034847702e-16
cooldown0,steady10s1,19,1787633430.2564702,model_3,1,3.7582718092803216,1118.176045006319,618.6666666666666,499.50937833965247,114688,0.03177899122238159,0.10618601477493463,0.07069815165577857,,,3.353342792802971e-16
cooldown0,steady10s1,19,1787633430.2564702,model_4,1,1.0077778050768134,1091.954808225085,736.3333333333334,355.6214748917515,36864,0.0371999591588974,0.10618601477493463,0.07069815165577857,,,3.353342792802971e-16
cooldown0,steady10s1,19,1787633430.2564702,model_5,0,2.5534305755204745,802.1016004780131,462.46666666666664,339.63493381134646,131072,0.0383455865085125,0.10618601477493463,0.07069815165577857,,,3.353342792802971e-16
cooldown0,steady10s1,19,1787633430.2564702,model_6,0,2.7438412787400317,1794.405016588333,872.4,922.005016588333,57344,0.03492606058716774,0.10618601477493463,0.07069815165577857,,,3.353342792802971e-16
cooldown0,steady10s1,20,1787633435.2879496,model_3,1,3.079809788218638,916.3173136808111,671.2333333333333,245.0839803474778,114688,0.03177899122238159,0.09868097866236056,0.060983948991079596,MIGRATE,model_6,1.3075071565426686e-07
cooldown0,steady10s1,20,1787633435.2879496,model_4,1,1.0313659605628205,1117.5132196828001,660.0,457.5132196828001,36864,0.0371999591588974,0.09868097866236056,0.060983948991079596,MIGRATE,model_6,1.3075071565426686e-07
cooldown0,steady10s1,20,1787633435.2879496,model_5,0,3.07411550111753,965.6628173640622,562.1,403.5628173640622,131072,0.0383455865085125,0.09868097866236056,0.060983948991079596,MIGRATE,model_6,1.3075071565426686e-07
cooldown0,steady10s1,20,1787633435.2879496,model_6,0,1.8487540829732385,1209.0399057079187,899.8,309.23990570791875,57344,0.03492606058716774,0.09868097866236056,0.060983948991079596,MIGRATE,model_6,1.3075071565426686e-07
cooldown0,steady10s1,21,1787633445.5480192,model_3,1,3.8948220285053696,1158.8030118214333,637.3666666666667,521.4363451547666,114688,0.03177899122238159,0.04400100386648892,0.11804302607146973,MIGRATE,model_6,7.080811716194822e-17
cooldown0,steady10s1,21,1787633445.5480192,model_4,1,1.1884526949486736,1287.7209917302653,544.4,743.3209917302653,36864,0.0371999591588974,0.04400100386648892,0.11804302607146973,MIGRATE,model_6,7.080811716194822e-17
cooldown0,steady10s1,21,1787633445.5480192,model_5,0,2.8235409805341662,886.95058374167,539.2,347.75058374166997,131072,0.0383455865085125,0.04400100386648892,0.11804302607146973,MIGRATE,model_6,7.080811716194822e-17
cooldown0,steady10s1,21,1787633445.5480192,model_6,1,1.188452694948674,777.218964638179,990.8,-213.5810353618209,57344,0.03492606058716774,0.04400100386648892,0.11804302607146973,MIGRATE,model_6,7.080811716194822e-17
cooldown0,steady10s1,22,1787633450.577971,model_3,1,3.337324869504093,992.934229575564,578.7,414.234229575564,114688,0.03177899122238159,0.1020007357996362,0.06298990008908328,MIGRATE,model_6,1.2911939969669585e-07
cooldown0,steady10s1,22,1787633450.577971,model_4,1,0.9090801919701303,985.0132456611354,559.2,425.8132456611354,36864,0.0371999591588974,0.1020007357996362,0.06298990008908328,MIGRATE,model_6,1.2911939969669585e-07
cooldown0,steady10s1,22,1787633450.577971,model_5,0,3.4530882579483966,1084.708409480716,749.1333333333333,335.5750761473827,131072,0.0383455865085125,0.1020007357996362,0.06298990008908328,MIGRATE,model_6,1.2911939969669585e-07
cooldown0,steady10s1,22,1787633450.577971,model_6,0,1.635393104159371,1069.5070494548017,1069.5,0.007049454801745014,57344,0.03492606058716774,0.1020007357996362,0.06298990008908328,MIGRATE,model_6,1.2911939969669585e-07
cooldown0,steady10s1,23,1787633455.600087,model_3,1,2.699409047706316,803.1389654588407,529.4333333333333,273.70563212550746,114688,0.03177899122238159,0.05286682174316977,0.09810223206742141,MIGRATE,model_4,3.408038428514111e-16
cooldown0,steady10s1,23,1787633455.600087,model_4,1,0.6864180690635036,743.7527470743821,514.0,229.7527470743821,36864,0.0371999591588974,0.05286682174316977,0.09810223206742141,MIGRATE,model_4,3.408038428514111e-16
cooldown0,steady10s1,23,1787633455.600087,model_5,0,3.392459821038755,1065.6633777708598,682.0666666666667,383.5967111041931,131072,0.0383455865085125,0.05286682174316977,0.09810223206742141,MIGRATE,model_4,3.408038428514111e-16
cooldown0,steady10s1,23,1787633455.600087,model_6,1,1.8264287795779641,1194.439703896051,1194.4333333333334,0.006370562717620487,57344,0.03492606058716774,0.05286682174316977,0.09810223206742141,MIGRATE,model_4,3.408038428514111e-16
cooldown0,steady10s1,24,1787633460.622473,model_3,1,3.8179428079638944,1135.9295989522623,681.4333333333333,454.496265618929,114688,0.03177899122238159,0.05899388636910933,0.10240238731599084,MIGRATE,model_4,8.128684229320869e-08
cooldown0,steady10s1,24,1787633460.622473,model_4,0,0.5707251136775566,618.3962664344597,462.6333333333333,155.76293310112635,36864,0.0371999591588974,0.05899388636910933,0.10240238731599084,MIGRATE,model_4,8.128684229320869e-08
cooldown0,steady10s1,24,1787633460.622473,model_5,0,2.8706233319985928,901.7404236636687,661.0,240.7404236636687,131072,0.0383455865085125,0.05899388636910933,0.10240238731599084,MIGRATE,model_4,8.128684229320869e-08
cooldown0,steady10s1,24,1787633460.622473,model_6,1,2.2203984552508618,1452.0862259046974,1239.5666666666666,212.51955923803075,57344,0.03492606058716774,0.05899388636910933,0.10240238731599084,MIGRATE,model_4,8.128684229320869e-08
cooldown0,steady10s1,25,1787633465.6464837,model_3,1,3.4631099546512627,1030.35831068735,727.3666666666667,302.99164402068334,114688,0.03177899122238159,0.03509406614850206,0.11794165034924761,,,1.4173795932935844e-16
cooldown0,steady10s1,25,1787633465.6464837,model_4,1,1.4016156422550157,1518.6888738110274,515.5,1003.1888738110274,36864,0.0371999591588974,0.03509406614850206,0.11794165034924761,,,1.4173795932935844e-16
cooldown0,steady10s1,25,1787633465.6464837,model_5,0,2.251983483025459,707.4089161858582,531.6,175.80891618585815,131072,0.0383455865085125,0.03509406614850206,0.11794165034924761,,,1.4173795932935844e-16
cooldown0,steady10s1,25,1787633465.6464837,model_6,1,1.4016156422550163,916.6223131339414,1176.5,-259.87768686605864,57344,0.03492606058716774,0.03509406614850206,0.11794165034924761,,,1.4173795932935844e-16
cooldown0,steady10s1,26,1787633470.675761,model_3,1,4.77379780208677,1420.319395956467,972.7666666666667,447.55272928980025,114688,0.03177899122238159,0.04056868436855175,0.13989966104014828,,,5.974570887502614e-17
cooldown0,steady10s1,26,1787633470.675761,model_4,1,1.3295957076237572,1440.6533053429712,586.7,853.9533053429711,36864,0.0371999591588974,0.04056868436855175,0.13989966104014828,,,5.974570887502614e-17
cooldown0,steady10s1,26,1787633470.675761,model_5,0,2.603289306501499,817.7635762924646,557.6666666666666,260.09690962579793,131072,0.0383455865085125,0.04056868436855175,0.13989966104014828,,,5.974570887502614e-17
cooldown0,steady10s1,26,1787633470.675761,model_6,1,1.3295957076237577,869.5230392079956,1304.1333333333334,-434.6102941253379,57344,0.03492606058716774,0.04056868436855175,0.13989966104014828,,,5.974570887502614e-17
cooldown0,steady10s1,27,1787633475.7053547,model_3,1,3.5851035089492576,1066.6543203916924,958.7666666666667,107.88765372502576,114688,0.03177899122238159,0.04191364605947859,0.18825120272367915,MIGRATE,model_3,5.328032522047633e-16
cooldown0,steady10s1,27,1787633475.7053547,model_4,1,1.121421070394966,1215.0903936303393,548.2,666.8903936303393,36864,0.0371999591588974,0.04191364605947859,0.18825120272367915,MIGRATE,model_3,5.328032522047633e-16
cooldown0,steady10s1,27,1787633475.7053547,model_5,0,2.689595393133142,844.8746522237631,690.4666666666667,154.40798555709637,131072,0.0383455865085125,0.04191364605947859,0.18825120272367915,MIGRATE,model_3,5.328032522047633e-16
cooldown0,steady10s1,27,1787633475.7053547,model_6,1,5.295423599742195,3463.0773820492313,1239.7333333333333,2223.3440487158978,57344,0.03492606058716774,0.04191364605947859,0.18825120272367915,MIGRATE,model_3,5.328032522047633e-16
cooldown0,steady10s1,28,1787633480.7342482,model_3,0,3.0984008251417303,921.8485932673217,912.3666666666667,9.481926600655015,114688,0.03177899122238159,0.10058892494030125,0.10185845999868264,,,4.4239496437400857e-16
cooldown0,steady10s1,28,1787633480.7342482,model_4,1,1.3139364915347727,1423.6861165288665,636.5,787.1861165288665,36864,0.0371999591588974,0.10058892494030125,0.10185845999868264,,,4.4239496437400857e-16
cooldown0,steady10s1,28,1787633480.7342482,model_5,0,2.752849080125833,864.7443459837475,598.0333333333333,266.7110126504142,131072,0.0383455865085125,0.10058892494030125,0.10185845999868264,,,4.4239496437400857e-16
cooldown0,steady10s1,28,1787633480.7342482,model_6,1,4.709041782801392,3079.5980306350225,1208.8666666666666,1870.731363968356,57344,0.03492606058716774,0.10058892494030125,0.10185845999868264,,,4.4239496437400857e-16
cooldown0,steady10s1,29,1787633485.762146,model_3,0,6.279313607360597,1868.2464736837042,921.8333333333334,946.4131403503708,114688,0.03177899122238159,0.150384074623296,0.09720782923477456,MIGRATE,model_4,4.685210695058101e-08
cooldown0,steady10s1,29,1787633485.762146,model_4,1,1.2233420775412673,1325.524591775896,692.6666666666666,632.8579251092293,36864,0.0371999591588974,0.150384074623296,0.09720782923477456,MIGRATE,model_4,4.685210695058101e-08
cooldown0,steady10s1,29,1787633485.762146,model_5,0,2.4685166745749627,775.4278477219416,590.6333333333333,184.79451438860826,131072,0.0383455865085125,0.150384074623296,0.09720782923477456,MIGRATE,model_4,4.685210695058101e-08
cooldown0,steady10s1,29,1787633485.762146,model_6,1,4.524640403089197,2959.0040431528764,1189.1,1769.9040431528765,57344,0.03492606058716774,0.150384074623296,0.09720782923477456,MIGRATE,model_4,4.685210695058101e-08
cooldown0,steady10s1,30,1787633490.78802,model_3,0,4.465220723936111,1328.5103107343461,883.6666666666666,444.8436440676795,114688,0.03177899122238159,0.14819817562109838,0.11433559569925024,MIGRATE,model_4,3.435538452536989e-16
cooldown0,steady10s1,30,1787633490.78802,model_4,0,0.6477200771139353,701.8224146488075,699.7333333333333,2.089081315474118,36864,0.0371999591588974,0.14819817562109838,0.11433559569925024,MIGRATE,model_4,3.435538452536989e-16
cooldown0,steady10s1,30,1787633490.78802,model_5,0,2.6428602063080255,830.1938661039275,790.2333333333333,39.960532770594114,131072,0.0383455865085125,0.14819817562109838,0.11433559569925024,MIGRATE,model_4,3.435538452536989e-16
cooldown0,steady10s1,30,1787633490.78802,model_6,1,7.428017421375313,4857.741527360502,1090.2333333333333,3767.5081940271684,57344,0.03492606058716774,0.14819817562109838,0.11433559569925024,MIGRATE,model_4,3.435538452536989e-16
cooldown0,steady10s1,31,1787633495.8189223,model_3,0,3.9709842172464533,1181.4630905244255,900.7666666666667,280.6964238577589,114688,0.03177899122238159,0.13129095564862053,0.06670293496954596,,,3.4780977108069223e-07
cooldown0,steady10s1,31,1787633495.8189223,model_4,1,1.9721009337919955,2136.8252863985354,779.2,1357.6252863985353,36864,0.0371999591588974,0.13129095564862053,0.06670293496954596,,,3.4780977108069223e-07
cooldown0,steady10s1,31,1787633495.8189223,model_5,0,3.6661977594404536,1151.6518673771611,866.4666666666667,285.1852007104944,131072,0.0383455865085125,0.13129095564862053,0.06670293496954596,,,3.4780977108069223e-07
cooldown0,steady10s1,31,1787633495.8189223,model_6,1,1.9721009337919955,1289.705726141667,1167.1333333333334,122.57239280833346,57344,0.03492606058716774,0.13129095564862053,0.06670293496954596,,,3.4780977108069223e-07
cooldown0,steady10s1,32,1787633500.8496566,model_3,0,3.4588038291910976,1029.0771350351636,661.3333333333334,367.7438017018302,114688,0.03177899122238159,0.12367316945309363,0.06822868265103131,MIGRATE,model_3,3.0958947624983365e-07
cooldown0,steady10s1,32,1787633500.8496566,model_4,1,1.3982841063680516,1515.0790635808173,801.7,713.3790635808173,36864,0.0371999591588974,0.12367316945309363,0.06822868265103131,MIGRATE,model_3,3.0958947624983365e-07
cooldown0,steady10s1,32,1787633500.8496566,model_5,0,3.7352525487241595,1173.3438442556953,822.4666666666667,350.87717758902863,131072,0.0383455865085125,0.12367316945309363,0.06822868265103131,MIGRATE,model_3,3.0958947624983365e-07
cooldown0,steady10s1,32,1787633500.8496566,model_6,1,2.6361365328115847,1723.9687497744142,1128.2,595.7687497744141,57344,0.03492606058716774,0.12367316945309363,0.06822868265103131,MIGRATE,model_3,3.0958947624983365e-07
cooldown0,steady10s1,33,1787633505.8780951,model_3,1,2.3266457084582526,692.232927376522,634.2666666666667,57.966260709855305,114688,0.03177899122238159,0.0675620050524195,0.11174394715854619,MIGRATE,model_4,5.983969339017776e-16
cooldown0,steady10s1,33,1787633505.8780951,model_4,1,1.111963148127816,1204.8424762388204,853.2333333333333,351.60914290548703,36864,0.0371999591588974,0.0675620050524195,0.11174394715854619,MIGRATE,model_4,5.983969339017776e-16
cooldown0,steady10s1,33,1787633505.8780951,model_5,0,4.335448585932113,1361.8816516511172,771.1,590.7816516511172,131072,0.0383455865085125,0.0675620050524195,0.11174394715854619,MIGRATE,model_4,5.983969339017776e-16
cooldown0,steady10s1,33,1787633505.8780951,model_6,1,2.4984430859020827,1633.9206067567513,1237.3333333333333,396.5872734234181,57344,0.03492606058716774,0.0675620050524195,0.11174394715854619,MIGRATE,model_4,5.983969339017776e-16
cooldown0,steady10s1,34,1787633510.9073884,model_3,1,3.865233121148824,1149.9996018811776,666.5333333333333,483.46626854784427,114688,0.03177899122238159,0.058177457477973,0.11054092517433345,MIGRATE,model_4,7.934802485088819e-08
cooldown0,steady10s1,34,1787633510.9073884,model_4,0,0.7026026974479809,761.2892344773957,734.3666666666667,26.922567810728992,36864,0.0371999591588974,0.058177457477973,0.11054092517433345,MIGRATE,model_4,7.934802485088819e-08
cooldown0,steady10s1,34,1787633510.9073884,model_5,0,2.691120198049322,845.3536346857927,680.5333333333333,164.8203013524594,131072,0.0383455865085125,0.058177457477973,0.11054092517433345,MIGRATE,model_4,7.934802485088819e-08
cooldown0,steady10s1,34,1787633510.9073884,model_6,1,2.6530116771904746,1735.0046810302617,1278.5666666666666,456.43801436359513,57344,0.03492606058716774,0.058177457477973,0.11054092517433345,MIGRATE,model_4,7.934802485088819e-08
cooldown0,steady10s1,35,1787633515.9381003,model_3,1,3.1799774814218718,946.119605986233,594.7,351.4196059862329,114688,0.03177899122238159,0.0484828982394571,0.11982950528813693,MIGRATE,model_4,2.790098949376874e-16
cooldown0,steady10s1,35,1787633515.9381003,model_4,1,0.5797783893698272,628.2057381975421,628.2,0.005738197542086709,36864,0.0371999591588974,0.0484828982394571,0.11982950528813693,MIGRATE,model_4,2.790098949376874e-16
cooldown0,steady10s1,35,1787633515.9381003,model_5,0,3.1111437922995364,977.2944050425324,749.5,227.7944050425324,131072,0.0383455865085125,0.0484828982394571,0.11982950528813693,MIGRATE,model_4,2.790098949376874e-16
cooldown0,steady10s1,35,1787633515.9381003,model_6,1,2.606888723648126,1704.8413986795183,1253.4333333333334,451.4080653461849,57344,0.03492606058716774,0.0484828982394571,0.11982950528813693,MIGRATE,model_4,2.790098949376874e-16
cooldown0,steady10s1,36,1787633520.969762,model_3,1,3.8552098272491104,1147.0174314317062,708.6,438.4174314317062,114688,0.03177899122238159,0.05213447507556257,0.11883458611746091,MIGRATE,model_4,3.080878205832742e-07
cooldown0,steady10s1,36,1787633520.969762,model_4,0,0.7477313853886325,810.1874018486525,625.4,184.7874018486525,36864,0.0371999591588974,0.05213447507556257,0.11883458611746091,MIGRATE,model_4,3.080878205832742e-07
cooldown0,steady10s1,36,1787633520.969762,model_5,0,2.2934802690680614,720.4441789490452,522.4,198.0441789490452,131072,0.0383455865085125,0.05213447507556257,0.11883458611746091,MIGRATE,model_4,3.080878205832742e-07
cooldown0,steady10s1,36,1787633520.969762,model_6,1,3.152082915201688,2061.385051520752,1269.2666666666667,792.1183848540852,57344,0.03492606058716774,0.05213447507556257,0.11883458611746091,MIGRATE,model_4,3.080878205832742e-07
cooldown0,steady10s1,37,1787633526.0142744,model_3,1,3.039308318434261,904.2671545654943,636.5666666666667,267.70048789882753,114688,0.03177899122238159,0.038824588715599836,0.11634523347217018,,,7.184139969274178e-17
cooldown0,steady10s1,37,1787633526.0142744,model_4,1,1.5711069600635779,1702.3373511848258,438.96666666666664,1263.3706845181591,36864,0.0371999591588974,0.038824588715599836,0.11634523347217018,,,7.184139969274178e-17
cooldown0,steady10s1,37,1787633526.0142744,model_5,0,2.4913708247090476,782.6069543621829,514.9,267.70695436218296,131072,0.0383455865085125,0.038824588715599836,0.11634523347217018,,,7.184139969274178e-17
cooldown0,steady10s1,37,1787633526.0142744,model_6,1,1.5711069600635783,1027.4654851863386,1213.8333333333333,-186.36784814699467,57344,0.03492606058716774,0.038824588715599836,0.11634523347217018,,,7.184139969274178e-17
cooldown0,steady10s1,38,1787633531.0542445,model_3,1,4.1073205696769115,1222.026426836301,725.0666666666667,496.95976016963425,114688,0.03177899122238159,0.04586497507085457,0.14013956768602634,,,1.1928685892546782e-16
cooldown0,steady10s1,38,1787633531.0542445,model_4,1,1.669207546961323,1808.6320195264557,446.06666666666666,1362.565352859789,36864,0.0371999591588974,0.04586497507085457,0.14013956768602634,,,1.1928685892546782e-16
cooldown0,steady10s1,38,1787633531.0542445,model_5,0,2.943151867095559,924.523598048484,584.9,339.62359804848404,131072,0.0383455865085125,0.04586497507085457,0.14013956768602634,,,1.1928685892546782e-16
cooldown0,steady10s1,38,1787633531.0542445,model_6,1,1.6692075469613237,1091.6208671406505,1300.2666666666667,-208.64579952601616,57344,0.03492606058716774,0.04586497507085457,0.14013956768602634,,,1.1928685892546782e-16
cooldown0,steady10s1,39,1787633536.0905313,model_3,1,3.520546094467196,1047.4469404935344,681.8,365.64694049353443,114688,0.03177899122238159,0.0463145270406753,0.13521953395454295,,,1.2362717391156519e-16
cooldown0,steady10s1,39,1787633536.0905313,model_4,1,1.8318919744123314,1984.9050450719365,505.1333333333333,1479.7717117386032,36864,0.0371999591588974,0.0463145270406753,0.13521953395454295,,,1.2362717391156519e-16
cooldown0,steady10s1,39,1787633536.0905313,model_5,0,2.971999581877708,933.5854454387066,629.8333333333334,303.75211210537327,131072,0.0383455865085125,0.0463145270406753,0.13521953395454295,,,1.2362717391156519e-16
cooldown0,steady10s1,39,1787633536.0905313,model_6,1,1.8318919744123319,1198.012499557865,1317.5666666666666,-119.5541671088015,57344,0.03492606058716774,0.0463145270406753,0.13521953395454295,,,1.2362717391156519e-16
cooldown0,steady10s1,40,1787633541.1240163,model_3,1,3.7583183636920157,1118.1898960608962,674.6666666666666,443.5232293942296,114688,0.03177899122238159,0.043962337563065765,0.1516761089503116,,,2.2042771213118897e-16
cooldown0,steady10s1,40,1787633541.1240163,model_4,1,0.9551663921283269,1034.948903702077,618.5333333333333,416.4155703687436,36864,0.0371999591588974,0.043962337563065765,0.1516761089503116,,,2.2042771213118897e-16
cooldown0,steady10s1,40,1787633541.1240163,model_5,0,2.821059766864308,886.1711674243434,652.4333333333333,233.7378340910101,131072,0.0383455865085125,0.043962337563065765,0.1516761089503116,,,2.2042771213118897e-16
cooldown0,steady10s1,40,1787633541.1240163,model_6,1,3.345197259365844,2187.6771044278544,1296.7666666666667,890.9104377611877,57344,0.03492606058716774,0.043962337563065765,0.1516761089503116,,,2.2042771213118897e-16
cooldown0,steady10s1,41,1787633546.20183,model_3,1,3.0868213711795587,918.4034278583744,667.0333333333333,251.37009452504105,114688,0.03177899122238159,0.04996426938185525,0.12512495808743676,MIGRATE,model_4,4.008027438160845e-16
cooldown0,steady10s1,41,1787633546.20183,model_4,1,0.8434416757494345,913.8921185328335,610.3333333333334,303.5587851995001,36864,0.0371999591588974,0.04996426938185525,0.12512495808743676,MIGRATE,model_4,4.008027438160845e-16
cooldown0,steady10s1,41,1787633546.20183,model_5,0,3.2062032627751047,1007.155155571653,656.9,350.25515557165306,131072,0.0383455865085125,0.04996426938185525,0.12512495808743676,MIGRATE,model_4,4.008027438160845e-16
cooldown0,steady10s1,41,1787633546.20183,model_6,1,2.7177335055173812,1777.3311721186606,1353.8,423.5311721186606,57344,0.03492606058716774,0.04996426938185525,0.12512495808743676,MIGRATE,model_4,4.008027438160845e-16
cooldown0,steady10s1,42,1787633551.2390747,model_3,1,2.900621908867127,863.0046198645781,493.8333333333333,369.1712865312448,114688,0.03177899122238159,0.06391372797182944,0.11293659253028028,MIGRATE,model_3,4.533161759108444e-09
cooldown0,steady10s1,42,1787633551.2390747,model_4,0,0.7542128120121907,817.2102048217871,601.4666666666667,215.7435381551204,36864,0.0371999591588974,0.06391372797182944,0.11293659253028028,MIGRATE,model_3,4.533161759108444e-09
cooldown0,steady10s1,42,1787633551.2390747,model_5,0,2.9741295968445116,934.254540745348,700.5,233.75454074534798,131072,0.0383455865085125,0.06391372797182944,0.11293659253028028,MIGRATE,model_3,4.533161759108444e-09
cooldown0,steady10s1,42,1787633551.2390747,model_6,1,3.758887172431922,2458.2201788649577,1604.9,853.3201788649576,57344,0.03492606058716774,0.06391372797182944,0.11293659253028028,MIGRATE,model_3,4.533161759108444e-09
cooldown0,steady10s1,43,1787633556.2739336,model_3,0,1.8186868190419097,541.1029690294876,530.1,11.00296902948753,114688,0.03177899122238159,0.10266656512623058,0.06938601279314474,MIGRATE,model_4,3.3061106136232686e-16
cooldown0,steady10s1,43,1787633556.2739336,model_4,0,0.9452319478784803,1024.1846617124081,649.2666666666667,374.91799504574146,36864,0.0371999591588974,0.10266656512623058,0.06938601279314474,MIGRATE,model_4,3.3061106136232686e-16
cooldown0,steady10s1,43,1787633556.2739336,model_5,0,2.6090316482306832,819.5674011293828,628.7666666666667,190.80073446271615,131072,0.0383455865085125,0.10266656512623058,0.06938601279314474,MIGRATE,model_4,3.3061106136232686e-16
cooldown0,steady10s1,43,1787633556.2739336,model_6,1,4.507786999098385,2947.9823295785436,1636.1,1311.8823295785437,57344,0.03492606058716774,0.10266656512623058,0.06938601279314474,MIGRATE,model_4,3.3061106136232686e-16
cooldown0,steady10s1,44,1787633561.311181,model_3,0,3.515652613246885,1045.9910124087885,523.6,522.3910124087885,114688,0.03177899122238159,0.10518174628972202,0.05592631373188576,MIGRATE,model_4,8.426811899628358e-08
cooldown0,steady10s1,44,1787633561.311181,model_4,1,0.6410242846342724,694.5673404090171,665.6,28.967340409017083,36864,0.0371999591588974,0.10518174628972202,0.05592631373188576,MIGRATE,model_4,8.426811899628358e-08
cooldown0,steady10s1,44,1787633561.311181,model_5,0,2.6027618666895522,817.5978931830923,507.8,309.7978931830923,131072,0.0383455865085125,0.10518174628972202,0.05592631373188576,MIGRATE,model_4,8.426811899628358e-08
cooldown0,steady10s1,44,1787633561.311181,model_6,1,2.6659467080079953,1743.4638744859935,1454.2,289.2638744859935,57344,0.03492606058716774,0.10518174628972202,0.05592631373188576,MIGRATE,model_4,8.426811899628358e-08
cooldown0,steady10s1,45,1787633566.34829,model_3,0,4.3117155890323415,1282.8388496625282,499.3333333333333,783.505516329195,114688,0.03177899122238159,0.14817692736611515,0.04549897810279728,MIGRATE,model_5,2.290687400943469e-16
cooldown0,steady10s1,45,1787633566.34829,model_4,0,1.7214867062407184,1865.2779181139422,573.6333333333333,1291.644584780609,36864,0.0371999591588974,0.14817692736611515,0.04549897810279728,MIGRATE,model_5,2.290687400943469e-16
cooldown0,steady10s1,45,1787633566.34829,model_5,0,1.7214867062407193,540.7655314834042,458.6666666666667,82.09886481673749,131072,0.0383455865085125,0.14817692736611515,0.04549897810279728,MIGRATE,model_5,2.290687400943469e-16
cooldown0,steady10s1,45,1787633566.34829,model_6,1,2.9559228684245036,1933.1011836751543,1340.2333333333333,592.8678503418209,57344,0.03492606058716774,0.14817692736611515,0.04549897810279728,MIGRATE,model_5,2.290687400943469e-16
cooldown0,steady10s1,46,1787633571.7665467,model_3,0,3.9201288132559995,1166.332387534603,496.26666666666665,670.0657208679363,114688,0.03177899122238159,0.07484661888262639,0.07615363717608539,,,2.6403943221956685e-16
cooldown0,steady10s1,46,1787633571.7665467,model_4,0,1.1255858300110573,1219.6030245545198,567.6,652.0030245545198,36864,0.0371999591588974,0.07484661888262639,0.07615363717608539,,,2.6403943221956685e-16
cooldown0,steady10s1,46,1787633571.7665467,model_5,1,1.4971377899087335,470.29146941938524,475.1333333333333,-4.841863913948089,131072,0.0383455865085125,0.07484661888262639,0.07615363717608539,,,2.6403943221956685e-16
cooldown0,steady10s1,46,1787633571.7665467,model_6,1,2.3019172896841815,1505.3975477318672,1281.8666666666666,223.53088106520067,57344,0.03492606058716774,0.07484661888262639,0.07615363717608539,,,2.6403943221956685e-16
cooldown0,steady10s1,47,1787633576.813045,model_3,0,3.4136287307656117,1015.6364592528938,502.53333333333336,513.1031259195604,114688,0.03177899122238159,0.06370535199526295,0.10162598136534154,,,3.503809779331031e-16
cooldown0,steady10s1,47,1787633576.813045,model_4,0,0.8810078502275456,954.5960957799502,548.9,405.69609577995027,36864,0.0371999591588974,0.06370535199526295,0.10162598136534154,,,3.503809779331031e-16
cooldown0,steady10s1,47,1787633576.813045,model_5,1,2.4313607057945528,763.7561530568132,451.5,312.2561530568132,131072,0.0383455865085125,0.06370535199526295,0.10162598136534154,,,3.503809779331031e-16
cooldown0,steady10s1,47,1787633576.813045,model_6,1,2.63842604427098,1725.4660342128793,1183.5333333333333,541.932700879546,57344,0.03492606058716774,0.06370535199526295,0.10162598136534154,,,3.503809779331031e-16
cooldown0,steady10s1,48,1787633581.8518696,model_3,0,2.731539942198241,812.6986775682146,530.0333333333333,282.66534423488133,114688,0.03177899122238159,0.05130504375283384,0.1032450160810797,,,1.7244324271418775e-16
cooldown0,steady10s1,48,1787633581.8518696,model_4,0,0.7271414839205349,787.8776806028504,542.0666666666667,245.8110139361837,36864,0.0371999591588974,0.05130504375283384,0.1032450160810797,,,1.7244324271418775e-16
cooldown0,steady10s1,48,1787633581.8518696,model_5,1,2.833149987871433,889.9690328188121,518.2,371.7690328188121,131072,0.0383455865085125,0.05130504375283384,0.1032450160810797,,,1.7244324271418775e-16
cooldown0,steady10s1,48,1787633581.8518696,model_6,1,2.317405091704617,1515.5261910527222,1045.7666666666667,469.75952438605555,57344,0.03492606058716774,0.05130504375283384,0.1032450160810797,,,1.7244324271418775e-16
cooldown0,steady10s1,49,1787633586.8930035,model_3,0,2.7379030673011964,814.5918599729396,516.9333333333333,297.6585266396063,114688,0.03177899122238159,0.05233210195033603,0.10240643768760406,,,1.7385533340600658e-16
cooldown0,steady10s1,49,1787633586.8930035,model_4,0,0.7900165243351296,856.0045061314502,524.4333333333333,331.5711727981169,36864,0.0371999591588974,0.05233210195033603,0.10240643768760406,,,1.7385533340600658e-16
cooldown0,steady10s1,49,1787633586.8930035,model_5,1,2.8142239467488577,884.0238514535283,552.7,331.3238514535283,131072,0.0383455865085125,0.05233210195033603,0.10240643768760406,,,1.7385533340600658e-16
cooldown0,steady10s1,49,1787633586.8930035,model_6,1,2.2944972083620456,1500.5449962191033,990.0333333333333,510.51166288576997,57344,0.03492606058716774,0.05233210195033603,0.10240643768760406,,,1.7385533340600658e-16
cooldown0,steady10s1,50,1787633591.9356198,model_3,0,3.380202979713342,1005.6914962460405,584.5666666666667,421.1248295793738,114688,0.03177899122238159,0.06009954848633404,0.10213577511846078,,,3.486321094924912e-16
cooldown0,steady10s1,50,1787633591.9356198,model_4,0,0.671351738166162,727.427965577127,497.96666666666664,229.46129891046036,36864,0.0371999591588974,0.06009954848633404,0.10213577511846078,,,3.486321094924912e-16
cooldown0,steady10s1,50,1787633591.9356198,model_5,1,2.515153870059904,790.0778521116839,526.3666666666667,263.71118544501724,131072,0.0383455865085125,0.06009954848633404,0.10213577511846078,,,3.486321094924912e-16
cooldown0,steady10s1,50,1787633591.9356198,model_6,1,2.580064817587996,1687.2992208677995,1130.5333333333333,556.7658875344662,57344,0.03492606058716774,0.06009954848633404,0.10213577511846078,,,3.486321094924912e-16
cooldown0,steady10s1,51,1787633597.003172,model_3,0,3.548436015011993,1055.744861089196,647.3,408.44486108919614,114688,0.03177899122238159,0.06255280529180844,0.09644548115649731,,,3.692014421745758e-16
cooldown0,steady10s1,51,1787633597.003172,model_4,0,0.6685027104803124,724.3409661764082,514.4,209.9409661764082,36864,0.0371999591588974,0.06255280529180844,0.09644548115649731,,,3.692014421745758e-16
cooldown0,steady10s1,51,1787633597.003172,model_5,1,2.2684647793180233,712.5861370826996,494.3,218.28613708269955,131072,0.0383455865085125,0.06255280529180844,0.09644548115649731,,,3.692014421745758e-16
cooldown0,steady10s1,51,1787633597.003172,model_6,1,2.542883813844581,1662.9837547524962,1082.7,580.2837547524962,57344,0.03492606058716774,0.06255280529180844,0.09644548115649731,,,3.692014421745758e-16
cooldown0,steady10s1,52,1787633602.0487857,model_3,0,3.5521706456491016,1056.8560033181986,715.2333333333333,341.6226699848653,114688,0.03177899122238159,0.06042019772265848,0.09658041849079482,,,1.843428061848453e-16
cooldown0,steady10s1,52,1787633602.0487857,model_4,0,0.5210003398885554,564.5181143722936,402.1666666666667,162.35144770562687,36864,0.0371999591588974,0.06042019772265848,0.09658041849079482,,,1.843428061848453e-16
cooldown0,steady10s1,52,1787633602.0487857,model_5,1,2.6530975575638336,833.4096949992423,562.7333333333333,270.676361665909,131072,0.0383455865085125,0.06042019772265848,0.09658041849079482,,,1.843428061848453e-16
cooldown0,steady10s1,52,1787633602.0487857,model_6,1,2.164982616443748,1415.845624116099,976.3666666666667,439.4789574494324,57344,0.03492606058716774,0.06042019772265848,0.09658041849079482,,,1.843428061848453e-16
cooldown0,steady10s1,53,1787633607.095292,model_3,0,4.74534549163218,1411.8541508677947,900.9333333333333,510.92081753446143,114688,0.03177899122238159,0.07910543294713943,0.09420516749411056,,,1.665495277804652e-16
cooldown0,steady10s1,53,1787633607.095292,model_4,0,0.5874731091558374,636.5431774881783,422.26666666666665,214.2765108215117,36864,0.0371999591588974,0.07910543294713943,0.09420516749411056,,,1.665495277804652e-16
cooldown0,steady10s1,53,1787633607.095292,model_5,1,2.8035048565685705,880.6566953335606,648.9,231.75669533356063,131072,0.0383455865085125,0.07910543294713943,0.09420516749411056,,,1.665495277804652e-16
cooldown0,steady10s1,53,1787633607.095292,model_6,1,1.8960818390067664,1239.9910993897297,942.3,297.69109938972974,57344,0.03492606058716774,0.07910543294713943,0.09420516749411056,,,1.665495277804652e-16
cooldown0,steady10s1,54,1787633612.1404052,model_3,0,4.809292890978443,1430.8800366254127,953.6,477.28003662541266,114688,0.03177899122238159,0.07762791896268743,0.10558421439635621,,,1.6862279526241629e-16
cooldown0,steady10s1,54,1787633612.1404052,model_4,0,0.4239204897171031,459.32944218437194,366.1333333333333,93.19610885103862,36864,0.0371999591588974,0.07762791896268743,0.10558421439635621,,,1.6862279526241629e-16
cooldown0,steady10s1,54,1787633612.1404052,model_5,1,3.2401885234890533,1017.830845082328,610.2666666666667,407.56417841566133,131072,0.0383455865085125,0.07762791896268743,0.10558421439635621,,,1.6862279526241629e-16
cooldown0,steady10s1,54,1787633612.1404052,model_6,1,2.0270614845416706,1325.6485806878898,867.4,458.2485806878898,57344,0.03492606058716774,0.07762791896268743,0.10558421439635621,,,1.6862279526241629e-16
cooldown0,steady10s1,55,1787633617.1878262,model_3,0,4.144175454288162,1232.9916393608478,1034.2,198.79163936084774,114688,0.03177899122238159,0.07253453693863879,0.10500203668839903,,,1.6955771457971037e-16
cooldown0,steady10s1,55,1787633617.1878262,model_4,0,0.7456723523017922,807.9563831973751,342.46666666666664,465.48971653070845,36864,0.0371999591588974,0.07253453693863879,0.10500203668839903,,,1.6955771457971037e-16
cooldown0,steady10s1,55,1787633617.1878262,model_5,1,3.1504707640183542,989.6480704446896,564.2333333333333,425.4147371113562,131072,0.0383455865085125,0.07253453693863879,0.10500203668839903,,,1.6955771457971037e-16
cooldown0,steady10s1,55,1787633617.1878262,model_6,1,2.08773630843299,1365.32842996153,816.7333333333333,548.5950966281966,57344,0.03492606058716774,0.07253453693863879,0.10500203668839903,,,1.6955771457971037e-16
cooldown0,steady10s1,56,1787633622.2359512,model_3,0,3.801444800636314,1131.0210458937831,909.2333333333333,221.7877125604498,114688,0.03177899122238159,0.06923433229598912,0.10876483912931008,,,3.2738347263002614e-16
cooldown0,steady10s1,56,1787633622.2359512,model_4,0,0.8659228039112656,938.2510356145257,313.0,625.2510356145257,36864,0.0371999591588974,0.06923433229598912,0.10876483912931008,,,3.2738347263002614e-16
cooldown0,steady10s1,56,1787633622.2359512,model_5,1,3.2662170666423473,1026.0071144203391,648.6,377.4071144203391,131072,0.0383455865085125,0.06923433229598912,0.10876483912931008,,,3.2738347263002614e-16
cooldown0,steady10s1,56,1787633622.2359512,model_6,1,2.1597038728905407,1412.3934550760928,828.3333333333334,584.0601217427594,57344,0.03492606058716774,0.06923433229598912,0.10876483912931008,,,3.2738347263002614e-16
cooldown0,steady10s1,57,1787633627.2809532,model_3,0,4.630589582337695,1377.7115142231653,952.3666666666667,425.3448475564986,114688,0.03177899122238159,0.07713045404224404,0.12346484987313569,,,2.884044387595977e-16
cooldown0,steady10s1,57,1787633627.2809532,model_4,0,0.5690876671195249,616.622048314903,341.96666666666664,274.6553816482364,36864,0.0371999591588974,0.07713045404224404,0.12346484987313569,,,2.884044387595977e-16
cooldown0,steady10s1,57,1787633627.2809532,model_5,1,3.4618612307370284,1087.464237495847,707.5666666666667,379.8975708291804,131072,0.0383455865085125,0.07713045404224404,0.12346484987313569,,,2.884044387595977e-16
cooldown0,steady10s1,57,1787633627.2809532,model_6,1,2.697395010395066,1764.0302942726582,872.7333333333333,891.2969609393249,57344,0.03492606058716774,0.07713045404224404,0.12346484987313569,,,2.884044387595977e-16
cooldown0,steady10s1,58,1787633632.349237,model_3,0,4.6702253958423965,1389.5041198233926,910.0333333333333,479.47078649005925,114688,0.03177899122238159,0.07559265735576763,0.1046709543759461,,,3.401880774518143e-16
cooldown0,steady10s1,58,1787633632.349237,model_4,0,0.42578273168040953,461.34723227229307,335.5,125.84723227229307,36864,0.0371999591588974,0.07559265735576763,0.1046709543759461,,,3.401880774518143e-16
cooldown0,steady10s1,58,1787633632.349237,model_5,1,2.7331208139574827,858.547164035668,646.7666666666667,211.7804973690013,131072,0.0383455865085125,0.07559265735576763,0.1046709543759461,,,3.401880774518143e-16
cooldown0,steady10s1,58,1787633632.349237,model_6,1,2.4885696482894235,1627.4636202975114,984.1333333333333,643.3302869641781,57344,0.03492606058716774,0.07559265735576763,0.1046709543759461,,,3.401880774518143e-16
cooldown0,steady10s1,59,1787633637.4048157,model_3,0,4.352394900976274,1294.9419210877309,763.3,531.6419210877309,114688,0.03177899122238159,0.07394114504484782,0.10991251578346392,,,2.4297376745758733e-16
cooldown0,steady10s1,59,1787633637.4048157,model_4,0,0.6322780723986624,685.0905802974928,415.4,269.69058029749283,36864,0.0371999591588974,0.07394114504484782,0.10991251578346392,,,2.4297376745758733e-16
cooldown0,steady10s1,59,1787633637.4048157,model_5,1,2.968199547126001,932.3917517524803,569.4,362.99175175248035,131072,0.0383455865085125,0.07394114504484782,0.10991251578346392,,,2.4297376745758733e-16
cooldown0,steady10s1,59,1787633637.4048157,model_6,1,2.5149752148686004,1644.7322143312342,1062.1666666666667,582.5655476645675,57344,0.03492606058716774,0.07394114504484782,0.10991251578346392,,,2.4297376745758733e-16
cooldown0,steady10s1,60,1787633642.45452,model_3,0,3.636581071934757,1081.9701306115796,548.6333333333333,533.3367972782463,114688,0.03177899122238159,0.06916355572028085,0.11677444909979576,,,3.049280986439863e-16
cooldown0,steady10s1,60,1787633642.45452,model_4,0,1.02601519611449,1111.7155200930688,531.4666666666667,580.2488534264021,36864,0.0371999591588974,0.06916355572028085,0.11677444909979576,,,3.049280986439863e-16
cooldown0,steady10s1,60,1787633642.45452,model_5,1,3.2384666337651153,1017.2899529520864,630.4,386.88995295208645,131072,0.0383455865085125,0.06916355572028085,0.11677444909979576,,,3.049280986439863e-16
cooldown0,steady10s1,60,1787633642.45452,model_6,1,2.5870274656625867,1691.852622236381,1001.3,690.552622236381,57344,0.03492606058716774,0.06916355572028085,0.11677444909979576,,,3.049280986439863e-16
cooldown0,steady10s1,61,1787633647.5112329,model_3,0,4.349647109765127,1294.124387267692,624.8666666666667,669.2577206010254,114688,0.03177899122238159,0.0799258956183275,0.10336455147326623,,,1.6483984821552905e-16
cooldown0,steady10s1,61,1787633647.5112329,model_4,0,1.0384822128172801,1125.2238735855296,715.7333333333333,409.4905402521963,36864,0.0371999591588974,0.0799258956183275,0.10336455147326623,,,1.6483984821552905e-16
cooldown0,steady10s1,61,1787633647.5112329,model_5,1,2.8572189747256616,897.5297525277183,592.8333333333334,304.69641919438493,131072,0.0383455865085125,0.0799258956183275,0.10336455147326623,,,1.6483984821552905e-16
cooldown0,steady10s1,61,1787633647.5112329,model_6,1,2.2992993333410694,1503.685468381036,1091.5333333333333,412.1521350477026,57344,0.03492606058716774,0.0799258956183275,0.10336455147326623,,,1.6483984821552905e-16
cooldown0,steady10s1,62,1787633652.5690744,model_3,0,5.173153988002189,1539.1374440319257,675.9666666666667,863.170777365259,114688,0.03177899122238159,0.09372057853635218,0.09989975487701702,,,1.4057715720464784e-16
cooldown0,steady10s1,62,1787633652.5690744,model_4,0,1.1449309509836159,1240.5639920964388,703.2,537.3639920964388,36864,0.0371999591588974,0.09372057853635218,0.09989975487701702,,,1.4057715720464784e-16
cooldown0,steady10s1,62,1787633652.5690744,model_5,1,2.7382639916925102,860.1627752578245,554.5333333333333,305.6294419244912,131072,0.0383455865085125,0.09372057853635218,0.09989975487701702,,,1.4057715720464784e-16
cooldown0,steady10s1,62,1787633652.5690744,model_6,1,2.2454069830511796,1468.441190781888,1005.9333333333333,462.5078574485548,57344,0.03492606058716774,0.09372057853635218,0.09989975487701702,,,1.4057715720464784e-16
cooldown0,steady10s1,63,1787633657.6223764,model_3,0,3.9985652345414553,1189.6691049909743,755.2666666666667,434.4024383243077,114688,0.03177899122238159,0.0740271280683695,0.1059706919399437,,,3.3601564812259164e-16
cooldown0,steady10s1,63,1787633657.6223764,model_4,0,0.9919042037551125,1074.7553271492357,708.2333333333333,366.5219938159023,36864,0.0371999591588974,0.0740271280683695,0.1059706919399437,,,3.3601564812259164e-16
cooldown0,steady10s1,63,1787633657.6223764,model_5,1,3.0738601454676737,965.582603248431,537.0666666666667,428.5159365817643,131072,0.0383455865085125,0.0740271280683695,0.1059706919399437,,,3.3601564812259164e-16
cooldown0,steady10s1,63,1787633657.6223764,model_6,1,2.2126699590831906,1447.031978634126,1089.4,357.63197863412597,57344,0.03492606058716774,0.0740271280683695,0.1059706919399437,,,3.3601564812259164e-16
cooldown0,steady10s1,64,1787633662.6734903,model_3,0,4.818181691485823,1433.5246680678883,814.2,619.3246680678883,114688,0.03177899122238159,0.08716364600607795,0.10220091057620524,,,3.0230430015046937e-16
cooldown0,steady10s1,64,1787633662.6734903,model_4,0,1.057873788095793,1146.235175638185,749.5666666666667,396.66850897151824,36864,0.0371999591588974,0.08716364600607795,0.10220091057620524,,,3.0230430015046937e-16
cooldown0,steady10s1,64,1787633662.6734903,model_5,1,2.8572456382696942,897.538128268006,529.9666666666667,367.57146160133925,131072,0.0383455865085125,0.08716364600607795,0.10220091057620524,,,3.0230430015046937e-16
cooldown0,steady10s1,64,1787633662.6734903,model_6,1,2.2412224436393577,1465.7046044600536,1025.1666666666667,440.53793779338685,57344,0.03492606058716774,0.08716364600607795,0.10220091057620524,,,3.0230430015046937e-16
cooldown0,steady10s1,65,1787633667.7344031,model_3,0,4.259785554230439,1267.3884182199574,809.4666666666667,457.92175155329073,114688,0.03177899122238159,0.07508284103473346,0.10146620029908644,,,3.5093273059640016e-16
cooldown0,steady10s1,65,1787633667.7344031,model_4,0,0.801853783962648,868.8305006129343,673.0666666666667,195.7638339462676,36864,0.0371999591588974,0.07508284103473346,0.10146620029908644,,,3.5093273059640016e-16
cooldown0,steady10s1,65,1787633667.7344031,model_5,1,2.777173292207424,872.3852388390521,508.8,363.5852388390521,131072,0.0383455865085125,0.07508284103473346,0.10146620029908644,,,3.5093273059640016e-16
cooldown0,steady10s1,65,1787633667.7344031,model_6,1,2.284642504744269,1494.100261333837,1011.6,482.5002613338369,57344,0.03492606058716774,0.07508284103473346,0.10146620029908644,,,3.5093273059640016e-16
cooldown0,steady10s1,66,1787633672.8060036,model_3,0,3.313041417746432,985.7093199832259,811.8333333333334,173.87598664989252,114688,0.03177899122238159,0.06304310041078313,0.096174711199987,,,3.702408906657002e-16
cooldown0,steady10s1,66,1787633672.8060036,model_4,0,0.9369500935398785,1015.2110460795785,638.4333333333333,376.77771274624524,36864,0.0371999591588974,0.06304310041078313,0.096174711199987,,,3.702408906657002e-16
cooldown0,steady10s1,66,1787633672.8060036,model_5,1,2.3154634946863393,727.3497046449987,458.23333333333335,269.1163713116654,131072,0.0383455865085125,0.06304310041078313,0.096174711199987,,,3.702408906657002e-16
cooldown0,steady10s1,66,1787633672.8060036,model_6,1,2.4823772738098855,1623.4139590008567,1165.3333333333333,458.08062566752346,57344,0.03492606058716774,0.06304310041078313,0.096174711199987,,,3.702408906657002e-16
cooldown0,steady10s1,67,1787633677.8698287,model_3,0,3.5181713151849663,1046.7403866729699,678.1333333333333,368.60705333963654,114688,0.03177899122238159,0.06351822863801758,0.1139304646814012,,,3.125398534428391e-16
cooldown0,steady10s1,67,1787633677.8698287,model_4,0,0.763850520107642,827.6529250742892,522.0333333333333,305.6195917409559,36864,0.0371999591588974,0.06351822863801758,0.1139304646814012,,,3.125398534428391e-16
cooldown0,steady10s1,67,1787633677.8698287,model_5,1,2.8546027502770035,896.7079256734477,520.0,376.7079256734477,131072,0.0383455865085125,0.06351822863801758,0.1139304646814012,,,3.125398534428391e-16
cooldown0,steady10s1,67,1787633677.8698287,model_6,1,2.8290142983408666,1850.1060860466569,1232.8333333333333,617.2727527133236,57344,0.03492606058716774,0.06351822863801758,0.1139304646814012,,,3.125398534428391e-16
cooldown0,steady10s1,68,1787633682.9265456,model_3,0,3.954462720122534,1176.5475486878854,857.4666666666667,319.0808820212187,114688,0.03177899122238159,0.06931615709386944,0.11132642253399287,,,3.1985048943189607e-16
cooldown0,steady10s1,68,1787633682.9265456,model_4,0,0.7184210264633998,778.4288264980361,489.73333333333335,288.6954931647027,36864,0.0371999591588974,0.06931615709386944,0.11132642253399287,,,3.1985048943189607e-16
cooldown0,steady10s1,68,1787633682.9265456,model_5,1,2.760161327817423,867.0413207410583,491.56666666666666,375.4746540743916,131072,0.0383455865085125,0.06931615709386944,0.11132642253399287,,,3.1985048943189607e-16
cooldown0,steady10s1,68,1787633682.9265456,model_6,1,2.7935486025795395,1826.9123893543524,1195.6,631.3123893543525,57344,0.03492606058716774,0.06931615709386944,0.11132642253399287,,,3.1985048943189607e-16
cooldown0,steady10s1,69,1787633687.9784718,model_3,0,3.224076753242845,959.2401975386244,771.3,187.9401975386245,114688,0.03177899122238159,0.057171376148166975,0.1079347864277591,,,3.2990115525018466e-16
cooldown0,steady10s1,69,1787633687.9784718,model_4,0,0.6300779716206932,682.7067109455577,456.9,225.8067109455577,36864,0.0371999591588974,0.057171376148166975,0.1079347864277591,,,3.2990115525018466e-16
cooldown0,steady10s1,69,1787633687.9784718,model_5,1,2.5933135876116795,814.6299331990697,514.9,299.7299331990697,131072,0.0383455865085125,0.057171376148166975,0.1079347864277591,,,3.2990115525018466e-16
cooldown0,steady10s1,69,1787633687.9784718,model_6,1,2.791198746251254,1825.375640849106,1273.4333333333334,551.9423075157727,57344,0.03492606058716774,0.057171376148166975,0.1079347864277591,,,3.2990115525018466e-16
cooldown0,steady10s1,70,1787633693.0721557,model_3,0,4.247239544840963,1263.6556793783718,846.1666666666666,417.4890127117052,114688,0.03177899122238159,0.07341989419760371,0.11302949595406966,,,3.1503113796658145e-16
cooldown0,steady10s1,70,1787633693.0721557,model_4,0,0.7022937913396826,760.9545262624031,503.23333333333335,257.72119292906973,36864,0.0371999591588974,0.07341989419760371,0.11302949595406966,,,3.1503113796658145e-16
cooldown0,steady10s1,70,1787633693.0721557,model_5,1,2.696650748147622,847.0909300436139,527.4333333333333,319.6575967102806,131072,0.0383455865085125,0.07341989419760371,0.11302949595406966,,,3.1503113796658145e-16
cooldown0,steady10s1,70,1787633693.0721557,model_6,1,2.942019926967313,1924.0090003592254,1291.7333333333333,632.2756670258921,57344,0.03492606058716774,0.07341989419760371,0.11302949595406966,,,3.1503113796658145e-16
cooldown0,steady10s1,71,1787633698.138763,model_3,0,5.623051973176937,1672.9928901645842,930.2333333333333,742.7595568312508,114688,0.03177899122238159,0.09424952570504963,0.1169337858084186,,,2.7957642022403187e-16
cooldown0,steady10s1,71,1787633698.138763,model_4,0,0.730691443298637,791.7241586582259,469.3666666666667,322.3574919915592,36864,0.0371999591588974,0.09424952570504963,0.1169337858084186,,,2.7957642022403187e-16
cooldown0,steady10s1,71,1787633698.138763,model_5,1,2.805889047205485,881.4056340922829,511.43333333333334,369.97230075894953,131072,0.0383455865085125,0.09424952570504963,0.1169337858084186,,,2.7957642022403187e-16
cooldown0,steady10s1,71,1787633698.138763,model_6,1,3.027553837791833,1979.9460838418447,1209.4333333333334,770.5127505085113,57344,0.03492606058716774,0.09424952570504963,0.1169337858084186,,,2.7957642022403187e-16
cooldown0,steady10s1,72,1787633703.2373166,model_3,0,4.050385376764042,1205.086840754267,1003.3333333333334,201.75350742093372,114688,0.03177899122238159,0.07119500570546992,0.1295705000400795,,,2.7481418010415386e-16
cooldown0,steady10s1,72,1787633703.2373166,model_4,0,0.7491591875523653,811.7344645345224,448.56666666666666,363.16779786785577,36864,0.0371999591588974,0.07119500570546992,0.1295705000400795,,,2.7481418010415386e-16
cooldown0,steady10s1,72,1787633703.2373166,model_5,1,3.0495367654282455,957.9419717600721,629.5666666666667,328.37530509340536,131072,0.0383455865085125,0.07119500570546992,0.1295705000400795,,,2.7481418010415386e-16
cooldown0,steady10s1,72,1787633703.2373166,model_6,1,3.414310328368063,2232.8753594035743,1255.9,976.9753594035742,57344,0.03492606058716774,0.07119500570546992,0.1295705000400795,,,2.7481418010415386e-16
cooldown0,steady10s1,73,1787633708.2990227,model_3,0,5.011468200656807,1491.0320425595899,1057.3333333333333,433.6987092262566,114688,0.03177899122238159,0.086965887268644,0.11651496775208077,,,3.02991734253613e-16
cooldown0,steady10s1,73,1787633708.2990227,model_4,0,0.8512555590395151,922.358674738507,492.8333333333333,429.5253414051737,36864,0.0371999591588974,0.086965887268644,0.11651496775208077,,,3.02991734253613e-16
cooldown0,steady10s1,73,1787633708.2990227,model_5,1,3.278678269977248,1029.9215153970597,638.3333333333334,391.5881820637263,131072,0.0383455865085125,0.086965887268644,0.11651496775208077,,,3.02991734253613e-16
cooldown0,steady10s1,73,1787633708.2990227,model_6,1,2.5338711564361263,1657.0896974716213,1115.3666666666666,541.7230308049548,57344,0.03492606058716774,0.086965887268644,0.11651496775208077,,,3.02991734253613e-16
cooldown0,steady10s1,74,1787633713.62935,model_3,0,4.629060800903621,1377.2566650625988,995.4333333333333,381.82333172926553,114688,0.03177899122238159,0.0804363062398715,0.12009630864113925,,,2.9649379849467035e-16
cooldown0,steady10s1,74,1787633713.62935,model_4,0,0.7934773752202177,859.7544326980845,524.1,335.6544326980845,36864,0.0371999591588974,0.0804363062398715,0.12009630864113925,,,2.9649379849467035e-16
cooldown0,steady10s1,74,1787633713.62935,model_5,1,3.4366156353008517,1079.533913210351,769.2666666666667,310.26724654368445,131072,0.0383455865085125,0.0804363062398715,0.12009630864113925,,,2.9649379849467035e-16
cooldown0,steady10s1,74,1787633713.62935,model_6,1,2.554595136792858,1670.6426732227822,1166.1666666666667,504.4760065561154,57344,0.03492606058716774,0.0804363062398715,0.12009630864113925,,,2.9649379849467035e-16
cooldown0,steady10s1,75,1787633718.717353,model_3,0,4.743513773343773,1411.309170723932,971.8,439.50917072393213,114688,0.03177899122238159,0.08190921977025335,0.12299030353576655,,,2.171379148022306e-16
cooldown0,steady10s1,75,1787633718.717353,model_4,0,0.7783194875743217,843.3304469602658,557.4333333333333,285.89711362693254,36864,0.0371999591588974,0.08190921977025335,0.12299030353576655,,,2.171379148022306e-16
cooldown0,steady10s1,75,1787633718.717353,model_5,1,3.6175219830659837,1136.3614895972546,725.9666666666667,410.3948229305879,131072,0.0383455865085125,0.08190921977025335,0.12299030353576655,,,2.171379148022306e-16
cooldown0,steady10s1,75,1787633718.717353,model_6,1,2.5180606983999345,1646.7500450163127,1122.5,524.2500450163127,57344,0.03492606058716774,0.08190921977025335,0.12299030353576655,,,2.171379148022306e-16
cooldown0,steady10s1,76,1787633723.8007228,model_3,0,3.962959519916775,1179.0755505119348,909.6,269.4755505119348,114688,0.03177899122238159,0.0707237873175401,0.11338354938404868,,,3.140474162930831e-16
cooldown0,steady10s1,76,1787633723.8007228,model_4,0,0.8048182985445826,872.042633223406,536.9,335.14263322340605,36864,0.0371999591588974,0.0707237873175401,0.11338354938404868,,,3.140474162930831e-16
cooldown0,steady10s1,76,1787633723.8007228,model_5,1,3.5244264394993645,1107.1176616240052,745.0666666666667,362.0509949573385,131072,0.0383455865085125,0.0707237873175401,0.11338354938404868,,,3.140474162930831e-16
cooldown0,steady10s1,76,1787633723.8007228,model_6,1,2.1319067994994083,1394.2148496567493,929.7,464.5148496567492,57344,0.03492606058716774,0.0707237873175401,0.11338354938404868,,,3.140474162930831e-16
cooldown0,steady10s1,77,1787633728.8716388,model_3,0,4.626527142192088,1376.5028407994196,849.1333333333333,527.3695074660862,114688,0.03177899122238159,0.07809893197395006,0.12547780635301298,,,1.418888796717662e-16
cooldown0,steady10s1,77,1787633728.8716388,model_4,0,0.6384391390830308,691.7662645166732,492.43333333333334,199.3329311833399,36864,0.0371999591588974,0.07809893197395006,0.12547780635301298,,,1.418888796717662e-16
cooldown0,steady10s1,77,1787633728.8716388,model_5,1,3.924655846633875,1232.8405424802907,832.2666666666667,400.573875813624,131072,0.0383455865085125,0.07809893197395006,0.12547780635301298,,,1.418888796717662e-16
cooldown0,steady10s1,77,1787633728.8716388,model_6,1,2.335020188265847,1527.0460329189666,1002.2,524.8460329189666,57344,0.03492606058716774,0.07809893197395006,0.12547780635301298,,,1.418888796717662e-16
cooldown0,steady10s1,78,1787633733.9354303,model_3,0,4.086332442341321,1215.781955332604,753.3,462.481955332604,114688,0.03177899122238159,0.06897690314191617,0.10954902982435707,,,1.6251997298054875e-16
cooldown0,steady10s1,78,1787633733.9354303,model_4,0,0.5636808171242621,610.7635785014812,481.9,128.86357850148124,36864,0.0371999591588974,0.06897690314191617,0.10954902982435707,,,1.6251997298054875e-16
cooldown0,steady10s1,78,1787633733.9354303,model_5,1,3.165083534108432,994.2383367276408,659.4333333333333,334.8050033943075,131072,0.0383455865085125,0.06897690314191617,0.10954902982435707,,,1.6251997298054875e-16
cooldown0,steady10s1,78,1787633733.9354303,model_6,1,2.299958106074632,1504.1162896195146,892.0666666666667,612.0496229528479,57344,0.03492606058716774,0.06897690314191617,0.10954902982435707,,,1.6251997298054875e-16
cooldown0,steady10s1,79,1787633739.0022724,model_3,0,5.150201639909877,1532.3085697205747,825.1666666666666,707.1419030539081,114688,0.03177899122238159,0.0854196909007114,0.11033508121938038,,,7.711905980512978e-17
cooldown0,steady10s1,79,1787633739.0022724,model_4,0,0.6082867412013618,659.0953169322552,468.8666666666667,190.2286502655885,36864,0.0371999591588974,0.0854196909007114,0.11033508121938038,,,7.711905980512978e-17
cooldown0,steady10s1,79,1787633739.0022724,model_5,1,3.408776249069562,1070.7888090878741,660.2333333333333,410.5554757545408,131072,0.0383455865085125,0.0854196909007114,0.11033508121938038,,,7.711905980512978e-17
cooldown0,steady10s1,79,1787633739.0022724,model_6,1,2.095478915980074,1370.391905728737,847.9333333333333,522.4585723954036,57344,0.03492606058716774,0.0854196909007114,0.11033508121938038,,,7.711905980512978e-17
cooldown0,steady10s1,80,1787633744.067838,model_3,0,5.1879086657381945,1543.5273147047842,766.6333333333333,776.8939813714509,114688,0.03177899122238159,0.08567075745736397,0.11070196997867973,,,1.5378610967426258e-16
cooldown0,steady10s1,80,1787633744.067838,model_4,0,0.5875051319148819,636.5778750232253,415.46666666666664,221.11120835655862,36864,0.0371999591588974,0.08567075745736397,0.11070196997867973,,,1.5378610967426258e-16
cooldown0,steady10s1,80,1787633744.067838,model_5,1,3.0934597406958133,971.7393661743264,627.1,344.63936617432637,131072,0.0383455865085125,0.08567075745736397,0.11070196997867973,,,1.5378610967426258e-16
cooldown0,steady10s1,80,1787633744.067838,model_6,1,2.429098300701526,1588.5708150606154,887.3,701.2708150606154,57344,0.03492606058716774,0.08567075745736397,0.11070196997867973,,,1.5378610967426258e-16
cooldown0,steady10s1,81,1787633749.1314254,model_3,0,4.332238652695045,1288.9449535640892,749.5666666666667,539.3782868974225,114688,0.03177899122238159,0.0724493893728582,0.10633861137600889,,,1.674265362009099e-16
cooldown0,steady10s1,81,1787633749.1314254,model_4,0,0.551869010573655,597.965163124813,421.1666666666667,176.7984964581463,36864,0.0371999591588974,0.0724493893728582,0.10633861137600889,,,1.674265362009099e-16
cooldown0,steady10s1,81,1787633749.1314254,model_5,1,3.32092538803695,1043.1924777393053,649.3333333333334,393.85914440597196,131072,0.0383455865085125,0.0724493893728582,0.10633861137600889,,,1.674265362009099e-16
cooldown0,steady10s1,81,1787633749.1314254,model_6,1,1.9839590099435567,1297.460617613822,894.0,403.460617613822,57344,0.03492606058716774,0.0724493893728582,0.10633861137600889,,,1.674265362009099e-16
cooldown0,steady10s1,82,1787633754.2420623,model_3,0,3.7305207363303183,1109.9194349018312,805.3,304.61943490183126,114688,0.03177899122238159,0.06853105453852221,0.11301205372832371,,,3.1507975972013905e-16
cooldown0,steady10s1,82,1787633754.2420623,model_4,0,0.889436057520528,963.7282888406899,457.3333333333333,506.39495550735654,36864,0.0371999591588974,0.06853105453852221,0.11301205372832371,,,3.1507975972013905e-16
cooldown0,steady10s1,82,1787633754.2420623,model_5,1,3.0079444343754003,944.8766957251838,632.1333333333333,312.7433623918505,131072,0.0383455865085125,0.06853105453852221,0.11301205372832371,,,3.1507975972013905e-16
cooldown0,steady10s1,82,1787633754.2420623,model_6,1,2.629856105329374,1719.8615039698852,1157.0333333333333,562.8281706365519,57344,0.03492606058716774,0.06853105453852221,0.11301205372832371,,,3.1507975972013905e-16
cooldown0,steady10s1,83,1787633759.3074238,model_3,0,2.7887352187148977,829.7156447632204,727.8333333333334,101.88231142988707,114688,0.03177899122238159,0.05081051215199585,0.09402650522639609,,,3.78699715026774e-16
cooldown0,steady10s1,83,1787633759.3074238,model_4,0,0.6366078231567613,689.7819836355153,430.1,259.6819836355153,36864,0.0371999591588974,0.05081051215199585,0.09402650522639609,,,3.78699715026774e-16
cooldown0,steady10s1,83,1787633759.3074238,model_5,1,2.203831218884561,692.2829877567362,484.5,207.78298775673625,131072,0.0383455865085125,0.05081051215199585,0.09402650522639609,,,3.78699715026774e-16
cooldown0,steady10s1,83,1787633759.3074238,model_6,1,2.486842602390065,1626.3341745640066,973.0333333333333,653.3008412306733,57344,0.03492606058716774,0.05081051215199585,0.09402650522639609,,,3.78699715026774e-16
cooldown0,steady10s1,84,1787633764.5987408,model_3,0,2.2348972167824734,664.9355495487689,664.9333333333333,0.0022162154356237806,114688,0.03177899122238159,0.03838877989257146,0.06921562772203306,,,3.8583566933611183e-16
cooldown0,steady10s1,84,1787633764.5987408,model_4,0,0.3530463901940828,382.53541738752057,382.53333333333336,0.0020840541872075846,36864,0.0371999591588974,0.03838877989257146,0.06921562772203306,,,3.8583566933611183e-16
cooldown0,steady10s1,84,1787633764.5987408,model_5,1,1.5420543497434631,484.40097561735945,430.93333333333334,53.46764228402611,131072,0.0383455865085125,0.03838877989257146,0.06921562772203306,,,3.8583566933611183e-16
cooldown0,steady10s1,84,1787633764.5987408,model_6,1,1.9108862035303018,1249.6727913207706,907.0333333333333,342.63945798743725,57344,0.03492606058716774,0.03838877989257146,0.06921562772203306,,,3.8583566933611183e-16
cooldown0,steady10s2,1,1787633939.0386903,model_3,1,0.02317596664194767,6.895406195714702,0.0,6.895406195714702,114688,0.03177899122238159,0.0004903096471025041,0.0007221448790224679,,,2.4442725648442097e-16
cooldown0,steady10s2,1,1787633939.0386903,model_4,0,0.00634291389774857,6.872720647262467,0.0,6.872720647262467,36864,0.0371999591588974,0.0004903096471025041,0.0007221448790224679,,,2.4442725648442097e-16
cooldown0,steady10s2,1,1787633939.0386903,model_5,0,0.02225880139524068,6.992091500355585,0.0,6.992091500355585,131072,0.0383455865085125,0.0004903096471025041,0.0007221448790224679,,,2.4442725648442097e-16
cooldown0,steady10s2,1,1787633939.0386903,model_6,1,0.01940660375369165,12.691443707180133,5.7,6.9914437071801325,57344,0.03492606058716774,0.0004903096471025041,0.0007221448790224679,,,2.4442725648442097e-16
cooldown0,steady10s2,2,1787633944.0669515,model_3,1,0.9770605631448731,290.6989626272377,91.36666666666666,199.332295960571,114688,0.03177899122238159,0.03704254200922419,0.023822210945531358,MIGRATE,model_4,2.055170219189782e-16
cooldown0,steady10s2,2,1787633944.0669515,model_4,0,0.14199270496080157,153.85297843805478,80.93333333333334,72.91964510472144,36864,0.0371999591588974,0.03704254200922419,0.023822210945531358,MIGRATE,model_4,2.055170219189782e-16
cooldown0,steady10s2,2,1787633944.0669515,model_5,0,2.0188463618155637,634.1742412955191,135.73333333333332,498.44090796218575,131072,0.0383455865085125,0.03704254200922419,0.023822210945531358,MIGRATE,model_4,2.055170219189782e-16
cooldown0,steady10s2,2,1787633944.0669515,model_6,1,0.4276589107936758,279.678456936569,74.9,204.77845693656897,57344,0.03492606058716774,0.03704254200922419,0.023822210945531358,MIGRATE,model_4,2.055170219189782e-16
cooldown0,steady10s2,3,1787633949.0718372,model_3,1,1.6359094416927562,486.72231342702844,116.16666666666667,370.55564676036175,114688,0.03177899122238159,0.05117363387428186,0.04284166870728869,,,1.3523604241784364e-16
cooldown0,steady10s2,3,1787633949.0718372,model_4,1,0.15831992323242017,171.54396588272814,111.63333333333334,59.910632549394805,36864,0.0371999591588974,0.05117363387428186,0.04284166870728869,,,1.3523604241784364e-16
cooldown0,steady10s2,3,1787633949.0718372,model_5,0,3.2838080877725204,1031.532929900824,354.8666666666667,676.6662632341573,131072,0.0383455865085125,0.05117363387428186,0.04284166870728869,,,1.3523604241784364e-16
cooldown0,steady10s2,3,1787633949.0718372,model_6,1,0.48198531055211774,315.20659226096194,180.26666666666668,134.93992559429526,57344,0.03492606058716774,0.05117363387428186,0.04284166870728869,,,1.3523604241784364e-16
cooldown0,steady10s2,4,1787633954.1195326,model_3,1,1.4740986408575723,438.5797174417108,188.5,250.07971744171078,114688,0.03177899122238159,0.08241990940987148,0.05094676219622416,,,1.679332037816753e-16
cooldown0,steady10s2,4,1787633954.1195326,model_4,1,0.2973108092950879,322.1443914636694,118.36666666666666,203.77772479700275,36864,0.0371999591588974,0.08241990940987148,0.05094676219622416,,,1.679332037816753e-16
cooldown0,steady10s2,4,1787633954.1195326,model_5,0,5.28887914777603,1661.3799763485788,510.6666666666667,1150.713309681912,131072,0.0383455865085125,0.08241990940987148,0.05094676219622416,,,1.679332037816753e-16
cooldown0,steady10s2,4,1787633954.1195326,model_6,1,0.9354358077064927,611.7521152009485,304.1,307.6521152009485,57344,0.03492606058716774,0.08241990940987148,0.05094676219622416,,,1.679332037816753e-16
cooldown0,steady10s2,5,1787633959.1513681,model_3,1,2.3550993724212326,700.6985751664182,291.1666666666667,409.5319084997515,114688,0.03177899122238159,0.06279684832569649,0.07133952803158754,,,2.2040977870112963e-16
cooldown0,steady10s2,5,1787633959.1513681,model_4,1,0.34794246401500817,377.0051738120117,161.36666666666667,215.63850714534505,36864,0.0371999591588974,0.06279684832569649,0.07133952803158754,,,2.2040977870112963e-16
cooldown0,steady10s2,5,1787633959.1513681,model_5,0,4.029668851056169,1265.8279672121957,728.4,537.4279672121958,131072,0.0383455865085125,0.06279684832569649,0.07133952803158754,,,2.2040977870112963e-16
cooldown0,steady10s2,5,1787633959.1513681,model_6,1,1.087288595288908,711.0601203439913,409.4,301.66012034399137,57344,0.03492606058716774,0.06279684832569649,0.07133952803158754,,,2.2040977870112963e-16
cooldown0,steady10s2,6,1787633964.1605656,model_3,1,2.789497717778153,829.9425065311124,476.5,353.4425065311124,114688,0.03177899122238159,0.06269851860321816,0.08154619391151093,MIGRATE,model_4,2.0499802674517417e-16
cooldown0,steady10s2,6,1787633964.1605656,model_4,1,0.3628502698946299,393.15818911789887,234.8,158.35818911789886,36864,0.0371999591588974,0.06269851860321816,0.08154619391151093,MIGRATE,model_4,2.0499802674517417e-16
cooldown0,steady10s2,6,1787633964.1605656,model_5,0,4.023359040446743,1263.8458850529805,855.2,408.6458850529805,131072,0.0383455865085125,0.06269851860321816,0.08154619391151093,MIGRATE,model_4,2.0499802674517417e-16
cooldown0,steady10s2,6,1787633964.1605656,model_6,1,1.1802713736061854,771.8685807901657,518.9,252.96858079016567,57344,0.03492606058716774,0.06269851860321816,0.08154619391151093,MIGRATE,model_4,2.0499802674517417e-16
cooldown0,steady10s2,7,1787633969.1684227,model_3,1,3.829043662061636,1139.2323694172812,542.9666666666667,596.2657027506145,114688,0.03177899122238159,0.10403147504685582,0.09287065595818393,,,2.1953566210463394e-16
cooldown0,steady10s2,7,1787633969.1684227,model_4,0,0.3624310905781407,392.70399686654844,392.7,0.003996866548447997,36864,0.0371999591588974,0.10403147504685582,0.09287065595818393,,,2.1953566210463394e-16
cooldown0,steady10s2,7,1787633969.1684227,model_5,0,5.706139349313349,1792.4526903191327,1064.3,728.1526903191327,131072,0.0383455865085125,0.10403147504685582,0.09287065595818393,,,2.1953566210463394e-16
cooldown0,steady10s2,7,1787633969.1684227,model_6,1,1.647241443472606,1077.2555732730864,612.0666666666667,465.18890660641966,57344,0.03492606058716774,0.10403147504685582,0.09287065595818393,,,2.1953566210463394e-16
cooldown0,steady10s2,8,1787633974.1806383,model_3,1,3.254242530087556,968.2152399939016,520.5666666666667,447.6485733272349,114688,0.03177899122238159,0.0939420381023317,0.08097821722671539,,,4.862278744528607e-16
cooldown0,steady10s2,8,1787633974.1806383,model_4,0,0.8207148095251495,889.2669375410725,348.03333333333336,541.2336042077391,36864,0.0371999591588974,0.0939420381023317,0.08097821722671539,,,4.862278744528607e-16
cooldown0,steady10s2,8,1787633974.1806383,model_5,0,4.659298573291925,1463.6116910993765,1061.0333333333333,402.57835776604315,131072,0.0383455865085125,0.0939420381023317,0.08097821722671539,,,4.862278744528607e-16
cooldown0,steady10s2,8,1787633974.1806383,model_6,1,1.5207835564197956,994.5552113123086,695.9333333333333,298.62187797897536,57344,0.03492606058716774,0.0939420381023317,0.08097821722671539,,,4.862278744528607e-16
cooldown0,steady10s2,9,1787633979.2163217,model_3,1,3.555805865928045,1057.9375685802422,639.4333333333333,418.50423524690893,114688,0.03177899122238159,0.09929129421455003,0.08632147390514923,,,1.53344217703405e-16
cooldown0,steady10s2,9,1787633979.2163217,model_4,0,0.6275462303064849,679.9635000043113,385.3666666666667,294.5968333376446,36864,0.0371999591588974,0.09929129421455003,0.08632147390514923,,,1.53344217703405e-16
cooldown0,steady10s2,9,1787633979.2163217,model_5,0,5.164510574978606,1622.3124441249363,1202.6333333333334,419.67911079160285,131072,0.0383455865085125,0.09929129421455003,0.08632147390514923,,,1.53344217703405e-16
cooldown0,steady10s2,9,1787633979.2163217,model_6,1,1.5342949517875029,1003.391333072258,761.6,241.791333072258,57344,0.03492606058716774,0.09929129421455003,0.08632147390514923,,,1.53344217703405e-16
cooldown0,steady10s2,10,1787633984.230376,model_3,1,3.7295904164125626,1109.642642402774,617.2333333333333,492.4093090694407,114688,0.03177899122238159,0.1045643795296009,0.09474828108613952,,,2.9122242018905824e-16
cooldown0,steady10s2,10,1787633984.230376,model_4,0,0.7309952625168745,792.0533550887429,399.53333333333336,392.5200217554096,36864,0.0371999591588974,0.1045643795296009,0.09474828108613952,,,2.9122242018905824e-16
cooldown0,steady10s2,10,1787633984.230376,model_5,0,5.368661619144436,1686.441808296622,1161.0,525.441808296622,131072,0.0383455865085125,0.1045643795296009,0.09474828108613952,,,2.9122242018905824e-16
cooldown0,steady10s2,10,1787633984.230376,model_6,1,1.857412228649232,1214.7021209955642,708.3,506.40212099556425,57344,0.03492606058716774,0.1045643795296009,0.09474828108613952,,,2.9122242018905824e-16
cooldown0,steady10s2,11,1787633989.272031,model_3,1,4.101916712914273,1220.418649780978,706.2666666666667,514.1519831143114,114688,0.03177899122238159,0.10544782531324824,0.10137054047983751,,,7.219563699326414e-16
cooldown0,steady10s2,11,1787633989.272031,model_4,0,0.5916315561691989,641.0489685346911,380.1666666666667,260.8823018680244,36864,0.0371999591588974,0.10544782531324824,0.10137054047983751,,,7.219563699326414e-16
cooldown0,steady10s2,11,1787633989.272031,model_5,0,5.559560238031557,1746.4082272806945,1238.9333333333334,507.4748939473611,131072,0.0383455865085125,0.10544782531324824,0.10137054047983751,,,7.219563699326414e-16
cooldown0,steady10s2,11,1787633989.272031,model_6,1,1.8755793566692713,1226.5829779200326,785.6333333333333,440.94964458669926,57344,0.03492606058716774,0.10544782531324824,0.10137054047983751,,,7.219563699326414e-16
cooldown0,steady10s2,12,1787633994.2850893,model_3,1,3.599987639632976,1071.082706422788,723.2333333333333,347.84937308945473,114688,0.03177899122238159,0.1123937545943374,0.08745243453527056,MIGRATE,model_4,2.7093579872018795e-16
cooldown0,steady10s2,12,1787633994.2850893,model_4,0,0.41849044911416056,453.4458447134109,353.56666666666666,99.87917804674424,36864,0.0371999591588974,0.1123937545943374,0.08745243453527056,MIGRATE,model_4,2.7093579872018795e-16
cooldown0,steady10s2,12,1787633994.2850893,model_5,0,6.1378850752395,1928.0756992565573,1318.4333333333334,609.6423659232239,131072,0.0383455865085125,0.1123937545943374,0.08745243453527056,MIGRATE,model_4,2.7093579872018795e-16
cooldown0,steady10s2,12,1787633994.2850893,model_6,1,1.556802303832557,1018.1105902438356,795.3,222.8105902438357,57344,0.03492606058716774,0.1123937545943374,0.08745243453527056,MIGRATE,model_4,2.7093579872018795e-16
cooldown0,steady10s2,13,1787633999.3244045,model_3,1,3.6184494176006345,1076.575528368419,840.6666666666666,235.90886170175247,114688,0.03177899122238159,0.09850212726812435,0.10583826170409273,,,2.8103026455296007e-16
cooldown0,steady10s2,13,1787633999.3244045,model_4,1,0.3668659478299654,397.5092859645285,213.4,184.10928596452848,36864,0.0371999591588974,0.09850212726812435,0.10583826170409273,,,2.8103026455296007e-16
cooldown0,steady10s2,13,1787633999.3244045,model_5,0,6.320873811316846,1985.5574101298482,1272.6666666666667,712.8907434631815,131072,0.0383455865085125,0.09850212726812435,0.10583826170409273,,,2.8103026455296007e-16
cooldown0,steady10s2,13,1787633999.3244045,model_6,1,1.6379624336640006,1071.1873280438363,854.9333333333333,216.25399471050298,57344,0.03492606058716774,0.09850212726812435,0.10583826170409273,,,2.8103026455296007e-16
cooldown0,steady10s2,14,1787634004.340849,model_3,1,3.7519107576285466,1116.2834795030742,877.8666666666667,238.41681283640753,114688,0.03177899122238159,0.09283067725547108,0.11033163139939453,MIGRATE,model_4,2.9819968682345095e-16
cooldown0,steady10s2,14,1787634004.340849,model_4,1,0.32736402129313213,354.7078684310659,185.76666666666668,168.9412017643992,36864,0.0371999591588974,0.09283067725547108,0.11033163139939453,MIGRATE,model_4,2.9819968682345095e-16
cooldown0,steady10s2,14,1787634004.340849,model_5,0,5.956937307086917,1871.2351116057546,1276.4333333333334,594.8017782724212,131072,0.0383455865085125,0.09283067725547108,0.11033163139939453,MIGRATE,model_4,2.9819968682345095e-16
cooldown0,steady10s2,14,1787634004.340849,model_6,1,1.7827396135738873,1165.8680590069287,812.2666666666667,353.601392340262,57344,0.03492606058716774,0.09283067725547108,0.11033163139939453,MIGRATE,model_4,2.9819968682345095e-16
cooldown0,steady10s2,15,1787634009.3545554,model_3,1,4.771973197652514,1419.776532354915,879.3666666666667,540.4098656882483,114688,0.03177899122238159,0.07704921737863472,0.11660378385248721,,,2.583509313756147e-16
cooldown0,steady10s2,15,1787634009.3545554,model_4,0,0.1499192121738322,162.44156574380506,161.43333333333334,1.0082324104717202,36864,0.0371999591588974,0.07704921737863472,0.11660378385248721,,,2.583509313756147e-16
cooldown0,steady10s2,15,1787634009.3545554,model_5,0,4.344668630497426,1364.777917002216,1034.2666666666667,330.51125033554945,131072,0.0383455865085125,0.07704921737863472,0.11660378385248721,,,2.583509313756147e-16
cooldown0,steady10s2,15,1787634009.3545554,model_6,1,2.1037784396335057,1375.8195909940634,766.5333333333333,609.2862576607301,57344,0.03492606058716774,0.07704921737863472,0.11660378385248721,,,2.583509313756147e-16
cooldown0,steady10s2,16,1787634014.3724928,model_3,1,5.507423627533744,1638.5906827716371,974.2666666666667,664.3240161049705,114688,0.03177899122238159,0.07892716104085686,0.12566417128714638,MIGRATE,model_4,6.271240372726624e-08
cooldown0,steady10s2,16,1787634014.3724928,model_4,0,0.34548662371220407,374.34420369204025,170.56666666666666,203.7775370253736,36864,0.0371999591588974,0.07892716104085686,0.12566417128714638,MIGRATE,model_4,6.271240372726624e-08
cooldown0,steady10s2,16,1787634014.3724928,model_5,0,4.258649155208248,1337.756873444897,986.8666666666667,350.89020677823044,131072,0.0383455865085125,0.07892716104085686,0.12566417128714638,MIGRATE,model_4,6.271240372726624e-08
cooldown0,steady10s2,16,1787634014.3724928,model_6,1,1.9025904999203878,1244.2476042703754,862.6666666666666,381.5809376037088,57344,0.03492606058716774,0.07892716104085686,0.12566417128714638,MIGRATE,model_4,6.271240372726624e-08
cooldown0,steady10s2,17,1787634019.404268,model_3,1,4.4016947738487495,1309.6098162441522,943.5333333333333,366.07648291081887,114688,0.03177899122238159,0.06638518496978732,0.12654980014961778,MIGRATE,model_4,1.3209668305027002e-16
cooldown0,steady10s2,17,1787634019.404268,model_4,1,0.3731377257361703,404.30492881982866,217.93333333333334,186.37159548649532,36864,0.0371999591588974,0.06638518496978732,0.12654980014961778,MIGRATE,model_4,1.3209668305027002e-16
cooldown0,steady10s2,17,1787634019.404268,model_5,0,4.259932133168676,1338.159891519993,899.6333333333333,438.5265581866596,131072,0.0383455865085125,0.06638518496978732,0.12654980014961778,MIGRATE,model_4,1.3209668305027002e-16
cooldown0,steady10s2,17,1787634019.404268,model_6,1,1.9488671360987768,1274.5113913023522,852.0,422.5113913023522,57344,0.03492606058716774,0.06638518496978732,0.12654980014961778,MIGRATE,model_4,1.3209668305027002e-16
cooldown0,steady10s2,18,1787634024.4406679,model_3,1,4.57282070502269,1360.5238870267929,893.3,467.2238870267929,114688,0.03177899122238159,0.07281306959710003,0.10838586759350768,,,1.3896966841281899e-16
cooldown0,steady10s2,18,1787634024.4406679,model_4,0,0.24794530421105243,268.65551686708733,261.73333333333335,6.92218353375398,36864,0.0371999591588974,0.07281306959710003,0.10838586759350768,,,1.3896966841281899e-16
cooldown0,steady10s2,18,1787634024.4406679,model_5,0,3.9995311599619674,1256.3609033753637,962.6666666666666,293.6942367086971,131072,0.0383455865085125,0.07281306959710003,0.10838586759350768,,,1.3896966841281899e-16
cooldown0,steady10s2,18,1787634024.4406679,model_6,1,1.818346733484321,1189.1542436301459,946.6,242.55424363014583,57344,0.03492606058716774,0.07281306959710003,0.10838586759350768,,,1.3896966841281899e-16
cooldown0,steady10s2,19,1787634029.4610026,model_3,1,3.9997689339034626,1190.0272344345826,785.5,404.5272344345826,114688,0.03177899122238159,0.09204695448851344,0.09846087066862673,,,4.589340306810293e-16
cooldown0,steady10s2,19,1787634029.4610026,model_4,0,0.5956073657560488,645.3568669355863,250.73333333333332,394.6235336022529,36864,0.0371999591588974,0.09204695448851344,0.09846087066862673,,,4.589340306810293e-16
cooldown0,steady10s2,19,1787634029.4610026,model_5,0,4.773858239143233,1499.5979803725168,1083.0666666666666,416.53131370585015,131072,0.0383455865085125,0.09204695448851344,0.09846087066862673,,,4.589340306810293e-16
cooldown0,steady10s2,19,1787634029.4610026,model_6,1,1.806153226949097,1181.1799888996914,906.4666666666667,274.71332223302466,57344,0.03492606058716774,0.09204695448851344,0.09846087066862673,,,4.589340306810293e-16
cooldown0,steady10s2,20,1787634034.508201,model_3,1,4.702424200744042,1399.0840369092055,962.5333333333333,436.55070357587215,114688,0.03177899122238159,0.09752070665077203,0.11279225420444507,,,1.3354062463193388e-16
cooldown0,steady10s2,20,1787634034.508201,model_4,0,0.4892374201511267,530.1021223194531,308.23333333333335,221.86878898611974,36864,0.0371999591588974,0.09752070665077203,0.11279225420444507,,,1.3354062463193388e-16
cooldown0,steady10s2,20,1787634034.508201,model_5,0,5.199533957853968,1633.3142358821906,1041.9333333333334,591.3809025488572,131072,0.0383455865085125,0.09752070665077203,0.11279225420444507,,,1.3354062463193388e-16
cooldown0,steady10s2,20,1787634034.508201,model_6,1,1.9485737420028348,1274.3195187470135,941.6666666666666,332.65285208034686,57344,0.03492606058716774,0.09752070665077203,0.11279225420444507,,,1.3354062463193388e-16
cooldown0,steady10s2,21,1787634039.558558,model_3,1,4.950053942484495,1472.7598270853018,871.9,600.8598270853018,114688,0.03177899122238159,0.10113894260610612,0.11783010798902516,,,3.834931921179702e-16
cooldown0,steady10s2,21,1787634039.558558,model_4,0,0.5843026707625638,633.1079207973916,329.76666666666665,303.3412541307249,36864,0.0371999591588974,0.10113894260610612,0.11783010798902516,,,3.834931921179702e-16
cooldown0,steady10s2,21,1787634039.558558,model_5,0,5.315534826926053,1669.7532460638533,1224.2666666666667,445.4865793971867,131072,0.0383455865085125,0.10113894260610612,0.11783010798902516,,,3.834931921179702e-16
cooldown0,steady10s2,21,1787634039.558558,model_6,1,1.9980101010636682,1306.6496871820316,905.0666666666667,401.58302051536486,57344,0.03492606058716774,0.10113894260610612,0.11783010798902516,,,3.834931921179702e-16
cooldown0,steady10s2,22,1787634044.5821962,model_3,1,4.604928152013684,1370.0766229420044,957.0333333333333,413.0432896086711,114688,0.03177899122238159,0.09662173188145835,0.11128787331071574,,,2.7069163300571646e-16
cooldown0,steady10s2,22,1787634044.5821962,model_4,0,0.5524872687645574,598.6350627801534,348.9,249.73506278015338,36864,0.0371999591588974,0.09662173188145835,0.11128787331071574,,,2.7069163300571646e-16
cooldown0,steady10s2,22,1787634044.5821962,model_5,0,5.083843329093875,1596.9726805728735,1174.5333333333333,422.4393472395402,131072,0.0383455865085125,0.09662173188145835,0.11128787331071574,,,2.7069163300571646e-16
cooldown0,steady10s2,22,1787634044.5821962,model_6,1,1.9573612681500256,1280.0663456950945,881.5,398.56634569509447,57344,0.03492606058716774,0.09662173188145835,0.11128787331071574,,,2.7069163300571646e-16
cooldown0,steady10s2,23,1787634049.6142778,model_3,1,3.8311229216453135,1139.850999036373,886.1666666666666,253.68433236970634,114688,0.03177899122238159,0.08654224186232845,0.10135162788309901,,,2.9722952447253593e-16
cooldown0,steady10s2,23,1787634049.6142778,model_4,0,0.29413719057869203,318.7056888058177,269.73333333333335,48.97235547248437,36864,0.0371999591588974,0.08654224186232845,0.10135162788309901,,,2.9722952447253593e-16
cooldown0,steady10s2,23,1787634049.6142778,model_5,0,4.754216593995848,1493.4280084297598,1091.8,401.6280084297598,131072,0.0383455865085125,0.08654224186232845,0.10135162788309901,,,2.9722952447253593e-16
cooldown0,steady10s2,23,1787634049.6142778,model_6,1,2.1452579326879735,1402.9461638753694,903.0333333333333,499.9128305420361,57344,0.03492606058716774,0.08654224186232845,0.10135162788309901,,,2.9722952447253593e-16
cooldown0,steady10s2,24,1787634054.637512,model_3,1,4.522198462828741,1345.4625552662724,949.9,395.5625552662724,114688,0.03177899122238159,0.08664912491480363,0.11507960256233883,,,3.926590224000686e-16
cooldown0,steady10s2,24,1787634054.637512,model_4,0,0.3232608799118353,350.2620025491586,221.4,128.86200254915857,36864,0.0371999591588974,0.08664912491480363,0.11507960256233883,,,3.926590224000686e-16
cooldown0,steady10s2,24,1787634054.637512,model_5,0,4.731327818975745,1486.2380251764014,1113.4333333333334,372.804691843068,131072,0.0383455865085125,0.08664912491480363,0.11507960256233883,,,3.926590224000686e-16
cooldown0,steady10s2,24,1787634054.637512,model_6,1,2.263677085920424,1480.3893907365195,837.4333333333333,642.9560574031863,57344,0.03492606058716774,0.08664912491480363,0.11507960256233883,,,3.926590224000686e-16
cooldown0,steady10s2,25,1787634059.6708806,model_3,1,4.2870632884147755,1275.5041986836422,1045.7333333333333,229.7708653503089,114688,0.03177899122238159,0.08935148409163297,0.10995698487226298,,,2.739680084462737e-16
cooldown0,steady10s2,25,1787634059.6708806,model_4,0,0.5413583421568995,586.5765664941689,378.3,208.2765664941689,36864,0.0371999591588974,0.08935148409163297,0.10995698487226298,,,2.739680084462737e-16
cooldown0,steady10s2,25,1787634059.6708806,model_5,0,4.670869734727481,1467.2465058446169,1045.5,421.7465058446169,131072,0.0383455865085125,0.08935148409163297,0.10995698487226298,,,2.739680084462737e-16
cooldown0,steady10s2,25,1787634059.6708806,model_6,1,2.1967479035354036,1436.6193441385672,879.2,557.4193441385671,57344,0.03492606058716774,0.08935148409163297,0.10995698487226298,,,2.739680084462737e-16
cooldown0,steady10s2,26,1787634064.6938708,model_3,1,3.6251848307756656,1078.5794754078383,837.7333333333333,240.846142074505,114688,0.03177899122238159,0.10187169400827882,0.10135565823749722,,,2.9721770529695095e-16
cooldown0,steady10s2,26,1787634064.6938708,model_4,0,0.6439629527769877,697.7514676958561,400.3,297.45146769585614,36864,0.0371999591588974,0.10187169400827882,0.10135565823749722,,,2.9721770529695095e-16
cooldown0,steady10s2,26,1787634064.6938708,model_5,0,5.29861885375673,1664.439481404326,997.1,667.339481404326,131072,0.0383455865085125,0.10187169400827882,0.10135565823749722,,,2.9721770529695095e-16
cooldown0,steady10s2,26,1787634064.6938708,model_6,1,2.351433680646755,1537.780055071137,890.0666666666667,647.7133884044703,57344,0.03492606058716774,0.10187169400827882,0.10135565823749722,,,2.9721770529695095e-16
cooldown0,steady10s2,27,1787634069.7424488,model_3,1,3.988958021806433,1186.810728672089,874.2,312.61072867208895,114688,0.03177899122238159,0.08394686947545113,0.10956400666968749,,,4.124259929316556e-16
cooldown0,steady10s2,27,1787634069.7424488,model_4,0,0.5756895116074912,623.7753273367997,385.03333333333336,238.74199400346635,36864,0.0371999591588974,0.08394686947545113,0.10956400666968749,,,4.124259929316556e-16
cooldown0,steady10s2,27,1787634069.7424488,model_5,0,4.321265860703642,1357.4264740896213,849.0,508.42647408962125,131072,0.0383455865085125,0.08394686947545113,0.10956400666968749,,,4.124259929316556e-16
cooldown0,steady10s2,27,1787634069.7424488,model_6,1,2.4716805042961743,1616.4185336366368,951.6666666666666,664.7518669699701,57344,0.03492606058716774,0.08394686947545113,0.10956400666968749,,,4.124259929316556e-16
cooldown0,steady10s2,28,1787634074.7723422,model_3,1,4.026486142380995,1197.9762450503786,895.1,302.87624505037854,114688,0.03177899122238159,0.0838002062125183,0.1091497373195946,,,1.3799710791792687e-16
cooldown0,steady10s2,28,1787634074.7723422,model_4,0,0.6661350582120384,721.7755502032417,379.1333333333333,342.64221686990834,36864,0.0371999591588974,0.0838002062125183,0.1091497373195946,,,1.3799710791792687e-16
cooldown0,steady10s2,28,1787634074.7723422,model_5,0,4.222264861610783,1326.3275828244382,871.8,454.52758282443824,131072,0.0383455865085125,0.0838002062125183,0.1091497373195946,,,1.3799710791792687e-16
cooldown0,steady10s2,28,1787634074.7723422,model_6,1,2.4097242471031475,1575.9006583580579,938.5666666666667,637.3339916913911,57344,0.03492606058716774,0.0838002062125183,0.1091497373195946,,,1.3799710791792687e-16
cooldown0,steady10s2,29,1787634079.8027298,model_3,1,4.487535400422156,1335.1494624415614,853.7,481.4494624415613,114688,0.03177899122238159,0.08083189746417689,0.11587468565138216,,,2.599765081636845e-16
cooldown0,steady10s2,29,1787634079.8027298,model_4,0,0.47397508356213947,513.5649632957693,387.7,125.86496329576931,36864,0.0371999591588974,0.08083189746417689,0.11587468565138216,,,2.599765081636845e-16
cooldown0,steady10s2,29,1787634079.8027298,model_5,0,4.241271560114759,1332.2981008545732,938.2,394.0981008545732,131072,0.0383455865085125,0.08083189746417689,0.11587468565138216,,,2.599765081636845e-16
cooldown0,steady10s2,29,1787634079.8027298,model_6,1,2.345223651337375,1533.7188479480235,887.4,646.3188479480235,57344,0.03492606058716774,0.08083189746417689,0.11587468565138216,,,2.599765081636845e-16
cooldown0,steady10s2,30,1787634084.830661,model_3,1,4.510165074387188,1341.882333457308,760.8,581.0823334573081,114688,0.03177899122238159,0.09021225480348669,0.1118983855632216,,,2.69214752371836e-16
cooldown0,steady10s2,30,1787634084.830661,model_4,0,0.4687456329509332,507.89871056573713,383.6,124.29871056573711,36864,0.0371999591588974,0.09021225480348669,0.1118983855632216,,,2.69214752371836e-16
cooldown0,steady10s2,30,1787634084.830661,model_5,0,4.793694629189179,1505.8291269547246,815.6333333333333,690.1957936213913,131072,0.0383455865085125,0.09021225480348669,0.1118983855632216,,,2.69214752371836e-16
cooldown0,steady10s2,30,1787634084.830661,model_6,1,2.0881242977597343,1365.5821654817612,854.1333333333333,511.44883214842787,57344,0.03492606058716774,0.09021225480348669,0.1118983855632216,,,2.69214752371836e-16
cooldown0,steady10s2,31,1787634089.8624985,model_3,1,3.7146812420531097,1105.206805277211,693.4666666666667,411.74013861054436,114688,0.03177899122238159,0.08322862260528179,0.09549778710511615,,,1.5772457704727822e-16
cooldown0,steady10s2,31,1787634089.8624985,model_4,0,0.36897064916563616,399.7897874121549,262.8666666666667,136.92312074548823,36864,0.0371999591588974,0.08322862260528179,0.09549778710511615,,,1.5772457704727822e-16
cooldown0,steady10s2,31,1787634089.8624985,model_5,0,4.486086521443644,1409.2011011497095,881.6,527.6011011497095,131072,0.0383455865085125,0.08322862260528179,0.09549778710511615,,,1.5772457704727822e-16
cooldown0,steady10s2,31,1787634089.8624985,model_6,1,1.9165173721862696,1253.3554377492708,815.1,438.25543774927075,57344,0.03492606058716774,0.08322862260528179,0.09549778710511615,,,1.5772457704727822e-16
cooldown0,steady10s2,32,1787634094.9193673,model_3,1,3.512763930052762,1045.131559843036,645.5666666666667,399.5648931763693,114688,0.03177899122238159,0.08105535785882483,0.09309209331229049,,,1.6180050898175323e-16
cooldown0,steady10s2,32,1787634094.9193673,model_4,0,0.2742186109935827,297.12336317669116,196.23333333333332,100.89002984335784,36864,0.0371999591588974,0.08105535785882483,0.09309209331229049,,,1.6180050898175323e-16
cooldown0,steady10s2,32,1787634094.9193673,model_5,0,4.454063367853139,1399.141762551063,943.4666666666667,455.67509588439634,131072,0.0383455865085125,0.08105535785882483,0.09309209331229049,,,1.6180050898175323e-16
cooldown0,steady10s2,32,1787634094.9193673,model_6,1,1.9765786269616177,1292.63402784358,873.2666666666667,419.3673611769134,57344,0.03492606058716774,0.08105535785882483,0.09309209331229049,,,1.6180050898175323e-16
cooldown0,steady10s2,33,1787634099.9520373,model_3,1,3.385434429361507,1007.2479780478063,624.6666666666666,382.5813113811397,114688,0.03177899122238159,0.08331029182084451,0.09072368184515198,,,3.3204887133690235e-16
cooldown0,steady10s2,33,1787634099.9520373,model_4,0,0.36526119613792596,395.77049362627463,199.0,196.77049362627463,36864,0.0371999591588974,0.08331029182084451,0.09072368184515198,,,3.3204887133690235e-16
cooldown0,steady10s2,33,1787634099.9520373,model_5,0,4.494560065215908,1411.8628704128382,1183.9,227.96287041283813,131072,0.0383455865085125,0.08331029182084451,0.09072368184515198,,,3.3204887133690235e-16
cooldown0,steady10s2,33,1787634099.9520373,model_6,1,1.9642504897536959,1284.571727949454,892.8,391.7717279494541,57344,0.03492606058716774,0.08331029182084451,0.09072368184515198,,,3.3204887133690235e-16
cooldown0,steady10s2,34,1787634104.985224,model_3,1,3.8717676134224073,1151.9437701312115,623.1333333333333,528.8104367978782,114688,0.03177899122238159,0.1027786675029943,0.10008364829286182,,,4.44423328478506e-16
cooldown0,steady10s2,34,1787634104.985224,model_4,0,0.5164930143747679,559.6343039309228,254.96666666666667,304.6676372642561,36864,0.0371999591588974,0.1027786675029943,0.10008364829286182,,,4.44423328478506e-16
cooldown0,steady10s2,34,1787634104.985224,model_5,0,5.478996169828225,1721.1008746287662,1205.7,515.4008746287661,131072,0.0383455865085125,0.1027786675029943,0.10008364829286182,,,4.44423328478506e-16
cooldown0,steady10s2,34,1787634104.985224,model_6,1,2.0298445459717156,1327.4686347231725,881.3333333333334,446.1353013898391,57344,0.03492606058716774,0.1027786675029943,0.10008364829286182,,,4.44423328478506e-16
cooldown0,steady10s2,35,1787634110.043125,model_3,1,4.259135045299638,1267.1948762037339,878.1666666666666,389.02820953706726,114688,0.03177899122238159,0.10119977989534677,0.10412629711944373,,,2.8930920424121837e-16
cooldown0,steady10s2,35,1787634110.043125,model_4,0,0.6593299679967279,714.4020488782671,368.4,346.00204887826715,36864,0.0371999591588974,0.10119977989534677,0.10412629711944373,,,2.8930920424121837e-16
cooldown0,steady10s2,35,1787634110.043125,model_5,0,5.244056411171872,1647.299942564746,1200.5666666666666,446.73327589807946,131072,0.0383455865085125,0.10119977989534677,0.10412629711944373,,,2.8930920424121837e-16
cooldown0,steady10s2,35,1787634110.043125,model_6,1,1.8808591662884973,1230.035844141114,849.5333333333333,380.5025108077807,57344,0.03492606058716774,0.10119977989534677,0.10412629711944373,,,2.8930920424121837e-16
cooldown0,steady10s2,36,1787634115.0824614,model_3,1,4.050521776722861,1205.1274230150061,913.7666666666667,291.36075634833946,114688,0.03177899122238159,0.12145970922881184,0.10224522080564365,,,3.7606905037305285e-16
cooldown0,steady10s2,36,1787634115.0824614,model_4,0,0.7046606600582508,763.5190932380382,399.9,363.6190932380382,36864,0.0371999591588974,0.12145970922881184,0.10224522080564365,,,3.7606905037305285e-16
cooldown0,steady10s2,36,1787634115.0824614,model_5,0,6.380568120287306,2004.309006990818,1254.1,750.2090069908181,131072,0.0383455865085125,0.12145970922881184,0.10224522080564365,,,3.7606905037305285e-16
cooldown0,steady10s2,36,1787634115.0824614,model_6,1,1.9785513899630534,1293.9241665457505,899.3333333333334,394.5908332124171,57344,0.03492606058716774,0.12145970922881184,0.10224522080564365,,,3.7606905037305285e-16
cooldown0,steady10s2,37,1787634120.1438935,model_3,1,4.333305670680988,1289.2624170185757,913.7,375.5624170185756,114688,0.03177899122238159,0.1092073856702616,0.11214609029360736,,,2.6862011935808095e-16
cooldown0,steady10s2,37,1787634120.1438935,model_4,0,0.6274731258274295,679.8842893023043,475.1,204.78428930230427,36864,0.0371999591588974,0.1092073856702616,0.11214609029360736,,,2.6862011935808095e-16
cooldown0,steady10s2,37,1787634120.1438935,model_5,0,5.743028803496211,1804.0406655413697,1159.9333333333334,644.1073322080363,131072,0.0383455865085125,0.1092073856702616,0.11214609029360736,,,2.6862011935808095e-16
cooldown0,steady10s2,37,1787634120.1438935,model_6,1,2.279590055987568,1490.7960835501851,1021.6666666666666,469.1294168835185,57344,0.03492606058716774,0.1092073856702616,0.11214609029360736,,,2.6862011935808095e-16
cooldown0,steady10s2,38,1787634125.2369368,model_3,1,4.588797894238805,1365.2774841998014,1009.6666666666666,355.61081753313476,114688,0.03177899122238159,0.10765402365866143,0.11343697334524663,,,2.65563292741654e-16
cooldown0,steady10s2,38,1787634125.2369368,model_4,0,0.688070873394043,745.5436057603899,597.7,147.8436057603899,36864,0.0371999591588974,0.10765402365866143,0.11343697334524663,,,2.65563292741654e-16
cooldown0,steady10s2,38,1787634125.2369368,model_5,0,5.591817260616195,1756.5410304553097,1079.7,676.8410304553097,131072,0.0383455865085125,0.10765402365866143,0.11343697334524663,,,2.65563292741654e-16
cooldown0,steady10s2,38,1787634125.2369368,model_6,1,2.1002170711251433,1373.490543185489,900.9666666666667,472.52387651882236,57344,0.03492606058716774,0.10765402365866143,0.11343697334524663,,,2.65563292741654e-16
cooldown0,steady10s2,39,1787634130.2719052,model_3,1,5.5726020360744215,1657.9828233033186,1023.3666666666667,634.6161566366519,114688,0.03177899122238159,0.10233751792620015,0.1288090653747901,,,1.169354659649087e-16
cooldown0,steady10s2,39,1787634130.2719052,model_4,0,0.8656099576768437,937.9120581651403,688.5666666666667,249.34539149847353,36864,0.0371999591588974,0.10233751792620015,0.1288090653747901,,,1.169354659649087e-16
cooldown0,steady10s2,39,1787634130.2719052,model_5,0,5.104145214006399,1603.3500516818322,917.0666666666667,686.2833850151654,131072,0.0383455865085125,0.10233751792620015,0.1288090653747901,,,1.169354659649087e-16
cooldown0,steady10s2,39,1787634130.2719052,model_6,1,2.0228559575394214,1322.898268995772,880.4333333333333,442.46493566243873,57344,0.03492606058716774,0.10233751792620015,0.1288090653747901,,,1.169354659649087e-16
cooldown0,steady10s2,40,1787634135.3103118,model_3,1,4.5160030280538495,1343.6192647579658,886.0666666666667,457.55259809129905,114688,0.03177899122238159,0.11694026503224222,0.10827908404791671,,,2.6040210926306396e-16
cooldown0,steady10s2,40,1787634135.3103118,model_4,0,0.6605999871943273,715.7781494059535,512.2333333333333,203.54481607262016,36864,0.0371999591588974,0.11694026503224222,0.10827908404791671,,,2.6040210926306396e-16
cooldown0,steady10s2,40,1787634135.3103118,model_5,0,6.16099160600485,1935.334085478632,1088.2333333333333,847.1007521452987,131072,0.0383455865085125,0.11694026503224222,0.10827908404791671,,,2.6040210926306396e-16
cooldown0,steady10s2,40,1787634135.3103118,model_6,1,1.8688677268107101,1222.1937363188506,837.2,384.99373631885055,57344,0.03492606058716774,0.11694026503224222,0.10827908404791671,,,2.6040210926306396e-16
cooldown0,steady10s2,41,1787634140.3489497,model_3,1,4.025003010918686,1197.5349778518078,742.0666666666667,455.46831118514103,114688,0.03177899122238159,0.10455367853169707,0.09848182452023294,,,1.456261133028703e-16
cooldown0,steady10s2,41,1787634140.3489497,model_4,0,0.5824507881891441,631.1013553916771,533.2,97.90135539167704,36864,0.0371999591588974,0.10455367853169707,0.09848182452023294,,,1.456261133028703e-16
cooldown0,steady10s2,41,1787634140.3489497,model_5,0,5.516581861627647,1732.907556915887,1064.5,668.407556915887,131072,0.0383455865085125,0.10455367853169707,0.09848182452023294,,,1.456261133028703e-16
cooldown0,steady10s2,41,1787634140.3489497,model_6,1,1.7821547314452844,1165.4855604149693,787.0666666666667,378.4188937483026,57344,0.03492606058716774,0.10455367853169707,0.09848182452023294,,,1.456261133028703e-16
cooldown0,steady10s2,42,1787634145.3849437,model_3,1,3.3656830826933244,1001.3714784698777,781.6333333333333,219.7381451365444,114688,0.03177899122238159,0.10443769632330427,0.08281594374558758,MIGRATE,model_4,5.83151347534705e-16
cooldown0,steady10s2,42,1787634145.3849437,model_4,0,0.5252364292315164,569.1080330059598,492.2,76.9080330059598,36864,0.0371999591588974,0.10443769632330427,0.08281594374558758,MIGRATE,model_4,5.83151347534705e-16
cooldown0,steady10s2,42,1787634145.3849437,model_5,0,5.567030516253107,1748.7548437013504,994.4333333333333,754.3215103680171,131072,0.0383455865085125,0.10443769632330427,0.08281594374558758,MIGRATE,model_4,5.83151347534705e-16
cooldown0,steady10s2,42,1787634145.3849437,model_6,1,1.517707850164164,992.5437747261547,703.2,289.3437747261546,57344,0.03492606058716774,0.10443769632330427,0.08281594374558758,MIGRATE,model_4,5.83151347534705e-16
cooldown0,steady10s2,43,1787634150.42101,model_3,1,3.0731577050885113,914.3381593293001,736.5333333333333,177.80482599596678,114688,0.03177899122238159,0.10296046813434294,0.10165785008810033,,,1.3443061879376227e-16
cooldown0,steady10s2,43,1787634150.42101,model_4,1,0.5529873333850135,599.1768964700593,441.3,157.8768964700593,36864,0.0371999591588974,0.10296046813434294,0.10165785008810033,,,1.3443061879376227e-16
cooldown0,steady10s2,43,1787634150.42101,model_5,0,6.6069651963942135,2075.426451431961,953.6333333333333,1121.793118098628,131072,0.0383455865085125,0.10296046813434294,0.10165785008810033,,,1.3443061879376227e-16
cooldown0,steady10s2,43,1787634150.42101,model_6,1,1.775023898922166,1160.8221705348483,697.3,463.5221705348483,57344,0.03492606058716774,0.10296046813434294,0.10165785008810033,,,1.3443061879376227e-16
cooldown0,steady10s2,44,1787634155.4703252,model_3,1,3.6208028176049853,1077.2757213408074,725.7666666666667,351.50905467414077,114688,0.03177899122238159,0.06571176443065883,0.11087822624915591,MIGRATE,model_4,3.015345646470663e-16
cooldown0,steady10s2,44,1787634155.4703252,model_4,1,0.5450405669965765,590.5663577937945,461.7,128.86635779379452,36864,0.0371999591588974,0.06571176443065883,0.11087822624915591,MIGRATE,model_4,3.015345646470663e-16
cooldown0,steady10s2,44,1787634155.4703252,model_5,0,4.21671878978378,1324.5854116718515,928.0333333333333,396.5520783385182,131072,0.0383455865085125,0.06571176443065883,0.11087822624915591,MIGRATE,model_4,3.015345646470663e-16
cooldown0,steady10s2,44,1787634155.4703252,model_6,1,1.725212061991776,1128.2464487662712,691.7,436.54644876627117,57344,0.03492606058716774,0.06571176443065883,0.11087822624915591,MIGRATE,model_4,3.015345646470663e-16
cooldown0,steady10s2,45,1787634160.5137763,model_3,1,4.870243589923441,1449.0143321062228,855.6666666666666,593.3476654395562,114688,0.03177899122238159,0.06971320472069924,0.10992847444295356,MIGRATE,model_6,4.812072937711361e-08
cooldown0,steady10s2,45,1787634160.5137763,model_4,0,0.5700013171748293,617.612013132444,333.8333333333333,283.77867979911065,36864,0.0371999591588974,0.06971320472069924,0.10992847444295356,MIGRATE,model_6,4.812072937711361e-08
cooldown0,steady10s2,45,1787634160.5137763,model_5,0,3.4966476777336144,1098.3916012857233,865.5333333333333,232.85826795238995,131072,0.0383455865085125,0.06971320472069924,0.10992847444295356,MIGRATE,model_6,4.812072937711361e-08
cooldown0,steady10s2,45,1787634160.5137763,model_6,1,1.611886745257649,1054.1344662584645,581.9333333333333,472.2011329251312,57344,0.03492606058716774,0.06971320472069924,0.10992847444295356,MIGRATE,model_6,4.812072937711361e-08
cooldown0,steady10s2,46,1787634165.5513537,model_3,1,6.56416946146423,1952.9979255483556,960.1333333333333,992.8645922150223,114688,0.03177899122238159,0.14494071441953277,0.08961323496879496,MIGRATE,model_4,2.706141043171681e-16
cooldown0,steady10s2,46,1787634165.5513537,model_4,0,0.6938895077793756,751.8482552201818,412.3666666666667,339.48158855351517,36864,0.0371999591588974,0.14494071441953277,0.08961323496879496,MIGRATE,model_4,2.706141043171681e-16
cooldown0,steady10s2,46,1787634165.5513537,model_5,0,4.178792042145131,1312.6715945218843,837.1666666666666,475.5049278552177,131072,0.0383455865085125,0.14494071441953277,0.08961323496879496,MIGRATE,model_4,2.706141043171681e-16
cooldown0,steady10s2,46,1787634165.5513537,model_6,0,1.5120701551890499,988.8568602447218,678.1666666666666,310.6901935780552,57344,0.03492606058716774,0.14494071441953277,0.08961323496879496,MIGRATE,model_4,2.706141043171681e-16
cooldown0,steady10s2,47,1787634170.5914207,model_3,1,4.888388031228024,1454.4127387799256,897.8,556.6127387799256,114688,0.03177899122238159,0.11276123739928211,0.08196417531688661,,,1.5789029792265465e-16
cooldown0,steady10s2,47,1787634170.5914207,model_4,1,0.6371500063455278,690.3694539458653,432.6666666666667,257.7027872791986,36864,0.0371999591588974,0.11276123739928211,0.08196417531688661,,,1.5789029792265465e-16
cooldown0,steady10s2,47,1787634170.5914207,model_5,0,3.6712906537987484,1153.251683230788,1011.5333333333333,141.7183498974548,131072,0.0383455865085125,0.11276123739928211,0.08196417531688661,,,1.5789029792265465e-16
cooldown0,steady10s2,47,1787634170.5914207,model_6,0,1.95399748224122,1277.8665120690541,748.9,528.9665120690541,57344,0.03492606058716774,0.11276123739928211,0.08196417531688661,,,1.5789029792265465e-16
cooldown0,steady10s2,48,1787634175.6351907,model_3,1,6.156419142964092,1831.6824216072343,989.6333333333333,842.049088273901,114688,0.03177899122238159,0.1393654285654013,0.10183975433520116,,,2.5549959628251476e-16
cooldown0,steady10s2,48,1787634175.6351907,model_4,1,0.7090124207738063,768.2343449667997,472.3,295.93434496679964,36864,0.0371999591588974,0.1393654285654013,0.10183975433520116,,,2.5549959628251476e-16
cooldown0,steady10s2,48,1787634175.6351907,model_5,0,5.149387650852305,1617.5619246622557,984.6333333333333,632.9285913289224,131072,0.0383455865085125,0.1393654285654013,0.10183975433520116,,,2.5549959628251476e-16
cooldown0,steady10s2,48,1787634175.6351907,model_6,0,1.803096287463087,1179.1808253213876,645.4666666666667,533.7141586547209,57344,0.03492606058716774,0.1393654285654013,0.10183975433520116,,,2.5549959628251476e-16
cooldown0,steady10s2,49,1787634180.679001,model_3,1,4.136211419056019,1230.6221477779932,1002.8666666666667,227.7554811113265,114688,0.03177899122238159,0.125704716760081,0.0705417438948547,MIGRATE,model_6,1.3469955897816905e-07
cooldown0,steady10s2,49,1787634180.679001,model_4,1,0.6192941127307208,671.022104967131,447.3,223.72210496713097,36864,0.0371999591588974,0.125704716760081,0.0705417438948547,MIGRATE,model_6,1.3469955897816905e-07
cooldown0,steady10s2,49,1787634180.679001,model_5,0,4.676469041359695,1469.0053994892387,1032.5666666666666,436.4387328225721,131072,0.0383455865085125,0.125704716760081,0.0705417438948547,MIGRATE,model_6,1.3469955897816905e-07
cooldown0,steady10s2,49,1787634180.679001,model_6,0,1.5945259644985055,1042.780940700163,575.2666666666667,467.51427403349635,57344,0.03492606058716774,0.125704716760081,0.0705417438948547,MIGRATE,model_6,1.3469955897816905e-07
cooldown0,steady10s2,50,1787634185.744792,model_3,1,4.212111308540994,1253.2041861582823,1018.8333333333334,234.37085282494888,114688,0.03177899122238159,0.09905910581088344,0.10440836833450459,,,1.397250593904965e-16
cooldown0,steady10s2,50,1787634185.744792,model_4,1,0.4050499488808603,438.8826951969519,345.1666666666667,93.7160285302852,36864,0.0371999591588974,0.09905910581088344,0.10440836833450459,,,1.397250593904965e-16
cooldown0,steady10s2,50,1787634185.744792,model_5,0,6.356615080891749,1996.7847095144425,1210.4666666666667,786.3180428477758,131072,0.0383455865085125,0.09905910581088344,0.10440836833450459,,,1.397250593904965e-16
cooldown0,steady10s2,50,1787634185.744792,model_6,1,0.9301450781319138,608.2921075964284,627.3,-19.00789240357153,57344,0.03492606058716774,0.09905910581088344,0.10440836833450459,,,1.397250593904965e-16
cooldown0,steady10s2,51,1787634190.8225331,model_3,1,4.281837026018024,1273.9492602136427,883.3666666666667,390.582593546976,114688,0.03177899122238159,0.10062228368985907,0.1295865629041245,MIGRATE,model_4,2.5800219507028854e-16
cooldown0,steady10s2,51,1787634190.8225331,model_4,1,0.5782889785776928,626.5919208781881,545.2333333333333,81.3585875448548,36864,0.0371999591588974,0.10062228368985907,0.1295865629041245,MIGRATE,model_4,2.5800219507028854e-16
cooldown0,steady10s2,51,1787634190.8225331,model_5,0,6.456924083262342,2028.2944799836887,1238.3,789.9944799836887,131072,0.0383455865085125,0.10062228368985907,0.1295865629041245,MIGRATE,model_4,2.5800219507028854e-16
cooldown0,steady10s2,51,1787634190.8225331,model_6,1,2.024919445952916,1324.247739896125,729.2,595.047739896125,57344,0.03492606058716774,0.10062228368985907,0.1295865629041245,MIGRATE,model_4,2.5800219507028854e-16
cooldown0,steady10s2,52,1787634195.8676097,model_3,1,3.894061354420775,1158.5766930284842,824.9333333333333,333.64335969515093,114688,0.03177899122238159,0.09002085054456344,0.10307577039735483,,,1.4612889161090376e-16
cooldown0,steady10s2,52,1787634195.8676097,model_4,0,0.5993189268848413,649.3784449066326,456.43333333333334,192.94511157329924,36864,0.0371999591588974,0.09002085054456344,0.10307577039735483,,,1.4612889161090376e-16
cooldown0,steady10s2,52,1787634195.8676097,model_5,0,4.651955962205934,1461.3051783787162,1211.4,249.90517837871607,131072,0.0383455865085125,0.09002085054456344,0.10307577039735483,,,1.4612889161090376e-16
cooldown0,steady10s2,52,1787634195.8676097,model_6,1,2.1839866613341847,1428.2738041828884,785.8,642.4738041828884,57344,0.03492606058716774,0.09002085054456344,0.10307577039735483,,,1.4612889161090376e-16
cooldown0,steady10s2,53,1787634200.9164777,model_3,1,4.321899497425071,1285.8688067777025,931.3,354.56880677770255,114688,0.03177899122238159,0.1028716708167796,0.1058124761802066,,,1.423494527663558e-16
cooldown0,steady10s2,53,1787634200.9164777,model_4,0,0.4920273451437125,533.1250823359312,471.4,61.72508233593123,36864,0.0371999591588974,0.1028716708167796,0.1058124761802066,,,1.423494527663558e-16
cooldown0,steady10s2,53,1787634200.9164777,model_5,0,5.508887092912453,1730.4904219599046,1216.5666666666666,513.923755293238,131072,0.0383455865085125,0.1028716708167796,0.1058124761802066,,,1.423494527663558e-16
cooldown0,steady10s2,53,1787634200.9164777,model_6,1,1.9175232923339474,1254.0132848970875,753.5333333333333,500.4799515637542,57344,0.03492606058716774,0.1028716708167796,0.1058124761802066,,,1.423494527663558e-16
cooldown0,steady10s2,54,1787634205.9673755,model_3,1,5.385795134434849,1602.4032875338658,979.8666666666667,622.5366208671991,114688,0.03177899122238159,0.12051299756393959,0.1307649149556247,,,2.3037292664040504e-16
cooldown0,steady10s2,54,1787634205.9673755,model_4,0,0.6072451973934214,657.9667757366383,453.2,204.7667757366383,36864,0.0371999591588974,0.12051299756393959,0.1307649149556247,,,2.3037292664040504e-16
cooldown0,steady10s2,54,1787634205.9673755,model_5,0,6.422758119485844,2017.562026754011,1397.2333333333333,620.3286934206776,131072,0.0383455865085125,0.12051299756393959,0.1307649149556247,,,2.3037292664040504e-16
cooldown0,steady10s2,54,1787634205.9673755,model_6,1,2.324993044130124,1520.4885261569655,803.3,717.1885261569655,57344,0.03492606058716774,0.12051299756393959,0.1307649149556247,,,2.3037292664040504e-16
cooldown0,steady10s2,55,1787634211.0205252,model_3,1,5.209721825156372,1550.0172530501375,1015.8,534.2172530501375,114688,0.03177899122238159,0.11307228688314125,0.11977825189977521,,,3.772558333722117e-16
cooldown0,steady10s2,55,1787634211.0205252,model_4,0,0.4757214364506497,515.4571844023069,443.53333333333336,71.92385106897353,36864,0.0371999591588974,0.11307228688314125,0.11977825189977521,,,3.772558333722117e-16
cooldown0,steady10s2,55,1787634211.0205252,model_5,0,6.120235579836032,1922.5315154254126,1390.1,532.4315154254127,131072,0.0383455865085125,0.11307228688314125,0.11977825189977521,,,3.772558333722117e-16
cooldown0,steady10s2,55,1787634211.0205252,model_6,1,1.853218024660257,1211.9592142768975,837.9,374.0592142768975,57344,0.03492606058716774,0.11307228688314125,0.11977825189977521,,,3.772558333722117e-16
cooldown0,steady10s2,56,1787634216.0707355,model_3,1,4.906311176653486,1459.7453046194769,982.9333333333333,476.8119712861436,114688,0.03177899122238159,0.10922567339630081,0.11820501396960514,,,2.5485125502338757e-16
cooldown0,steady10s2,56,1787634216.0707355,model_4,0,0.5649223043872023,612.1087638977942,439.3,172.80876389779422,36864,0.0371999591588974,0.10922567339630081,0.11820501396960514,,,2.5485125502338757e-16
cooldown0,steady10s2,56,1787634216.0707355,model_5,0,5.806646420861463,1824.0246796737551,1407.9666666666667,416.05801300708845,131072,0.0383455865085125,0.10922567339630081,0.11820501396960514,,,2.5485125502338757e-16
cooldown0,steady10s2,56,1787634216.0707355,model_6,1,2.0638598716987597,1349.7138249236502,827.0666666666667,522.6471582569835,57344,0.03492606058716774,0.10922567339630081,0.11820501396960514,,,2.5485125502338757e-16
cooldown0,steady10s2,57,1787634221.139525,model_3,1,5.0598843326472895,1505.437003597783,1042.0666666666666,463.3703369311163,114688,0.03177899122238159,0.10385365904760298,0.12081912750313767,,,4.98674287470394e-16
cooldown0,steady10s2,57,1787634221.139525,model_4,0,0.396649517043808,429.78059760219764,266.96666666666664,162.813930935531,36864,0.0371999591588974,0.10385365904760298,0.12081912750313767,,,4.98674287470394e-16
cooldown0,steady10s2,57,1787634221.139525,model_5,0,5.661548207125645,1778.4454066049045,1431.4333333333334,347.0120732715711,131072,0.0383455865085125,0.10385365904760298,0.12081912750313767,,,4.98674287470394e-16
cooldown0,steady10s2,57,1787634221.139525,model_6,1,2.064432617444956,1350.0883866186607,772.7,577.3883866186607,57344,0.03492606058716774,0.10385365904760298,0.12081912750313767,,,4.98674287470394e-16
cooldown0,steady10s2,58,1787634226.1918836,model_3,1,5.320674479842392,1583.0283301876168,1171.4666666666667,411.5616635209501,114688,0.03177899122238159,0.10045236203532244,0.12452112251720279,,,1.2096219320561118e-16
cooldown0,steady10s2,58,1787634226.1918836,model_4,0,0.3770284027722344,408.52058377410424,260.56666666666666,147.95391710743758,36864,0.0371999591588974,0.10045236203532244,0.12452112251720279,,,1.2096219320561118e-16
cooldown0,steady10s2,58,1787634226.1918836,model_5,0,5.482758114628109,1722.2826032309947,1364.7666666666667,357.51593656432806,131072,0.0383455865085125,0.10045236203532244,0.12452112251720279,,,1.2096219320561118e-16
cooldown0,steady10s2,58,1787634226.1918836,model_6,1,2.021937258276494,1322.297462171082,628.1,694.1974621710821,57344,0.03492606058716774,0.10045236203532244,0.12452112251720279,,,1.2096219320561118e-16
cooldown0,steady10s2,59,1787634231.246749,model_3,1,5.292702921088536,1574.7061202658076,935.3333333333334,639.3727869324742,114688,0.03177899122238159,0.0987358728716227,0.11576465305782567,,,3.9033541799451505e-16
cooldown0,steady10s2,59,1787634231.246749,model_4,0,0.3644230377556319,394.86232610066577,260.9,133.9623261006658,36864,0.0371999591588974,0.0987358728716227,0.11576465305782567,,,3.9033541799451505e-16
cooldown0,steady10s2,59,1787634231.246749,model_5,0,5.395233827589595,1694.7888576060607,1368.1333333333334,326.65552427272723,131072,0.0383455865085125,0.0987358728716227,0.11576465305782567,,,3.9033541799451505e-16
cooldown0,steady10s2,59,1787634231.246749,model_6,1,1.5335678610771202,1002.9158335496237,644.3333333333334,358.5825002162903,57344,0.03492606058716774,0.0987358728716227,0.11576465305782567,,,3.9033541799451505e-16
cooldown0,steady10s2,60,1787634236.3122776,model_3,1,5.196316993895336,1546.0289940938724,886.7333333333333,659.295660760539,114688,0.03177899122238159,0.11044837206686282,0.11430156141916735,,,3.9533181943688596e-16
cooldown0,steady10s2,60,1787634236.3122776,model_4,0,0.40888207126935483,443.0349045894822,233.26666666666668,209.76823792281553,36864,0.0371999591588974,0.11044837206686282,0.11430156141916735,,,3.9533181943688596e-16
cooldown0,steady10s2,60,1787634236.3122776,model_5,0,6.034011539123208,1895.4462123361207,1260.1333333333334,635.3128790027872,131072,0.0383455865085125,0.11044837206686282,0.11430156141916735,,,3.9533181943688596e-16
cooldown0,steady10s2,60,1787634236.3122776,model_6,1,1.543679960804043,1009.5288991882323,593.1,416.4288991882323,57344,0.03492606058716774,0.11044837206686282,0.11430156141916735,,,3.9533181943688596e-16
cooldown0,steady10s2,61,1787634241.3724682,model_3,1,4.201193449160958,1249.955861012837,860.1333333333333,389.82252767950365,114688,0.03177899122238159,0.10187327397128128,0.10187535209488341,,,2.9570151700829227e-16
cooldown0,steady10s2,61,1787634241.3724682,model_4,0,0.425969548760448,461.54965368679433,249.53333333333333,212.016320353461,36864,0.0371999591588974,0.10187327397128128,0.10187535209488341,,,2.9570151700829227e-16
cooldown0,steady10s2,61,1787634241.3724682,model_5,0,5.51670442331037,1732.9460568550714,1205.6666666666667,527.2793901884047,131072,0.0383455865085125,0.10187327397128128,0.10187535209488341,,,2.9570151700829227e-16
cooldown0,steady10s2,61,1787634241.3724682,model_6,1,1.8060697443871394,1181.1253933481428,616.7333333333333,564.3920600148094,57344,0.03492606058716774,0.10187327397128128,0.10187535209488341,,,2.9570151700829227e-16
cooldown0,steady10s2,62,1787634246.4286966,model_3,1,4.579377209970727,1362.4746045756822,850.9,511.5746045756822,114688,0.03177899122238159,0.09764717911687038,0.10922887244349108,,,2.7579426104389906e-16
cooldown0,steady10s2,62,1787634246.4286966,model_4,0,0.4036062177670301,437.3183730580942,258.3666666666667,178.95170639142754,36864,0.0371999591588974,0.09764717911687038,0.10922887244349108,,,2.7579426104389906e-16
cooldown0,steady10s2,62,1787634246.4286966,model_5,0,5.292542803099314,1662.5308295679997,1178.0333333333333,484.4974962346664,131072,0.0383455865085125,0.09764717911687038,0.10922887244349108,,,2.7579426104389906e-16
cooldown0,steady10s2,62,1787634246.4286966,model_6,1,1.861499524289897,1217.375112271961,663.9666666666667,553.4084456052942,57344,0.03492606058716774,0.09764717911687038,0.10922887244349108,,,2.7579426104389906e-16
cooldown0,steady10s2,63,1787634251.485722,model_3,1,4.239786054753261,1261.4380872267927,805.9333333333333,455.50475389345945,114688,0.03177899122238159,0.08869499169355187,0.10170758377823748,,,2.961892814787009e-16
cooldown0,steady10s2,63,1787634251.485722,model_4,0,0.5218742706470723,565.4650422456908,291.76666666666665,273.6983755790242,36864,0.0371999591588974,0.08869499169355187,0.10170758377823748,,,2.961892814787009e-16
cooldown0,steady10s2,63,1787634251.485722,model_5,0,4.652057988945338,1461.3372277368433,1427.9,33.43722773684317,131072,0.0383455865085125,0.08869499169355187,0.10170758377823748,,,2.961892814787009e-16
cooldown0,steady10s2,63,1787634251.485722,model_6,1,1.7575843785451148,1149.4171511942816,854.7333333333333,294.68381786094824,57344,0.03492606058716774,0.08869499169355187,0.10170758377823748,,,2.961892814787009e-16
cooldown0,steady10s2,64,1787634256.5430138,model_3,1,3.3838636048512036,1006.7806200632156,641.2333333333333,365.5472867298822,114688,0.03177899122238159,0.12368386035227312,0.08865489840167756,MIGRATE,model_4,3.693063701130421e-16
cooldown0,steady10s2,64,1787634256.5430138,model_4,0,0.6242584966818274,676.4011507230286,407.53333333333336,268.8678173896953,36864,0.0371999591588974,0.12368386035227312,0.08865489840167756,MIGRATE,model_4,3.693063701130421e-16
cooldown0,steady10s2,64,1787634256.5430138,model_5,0,6.590713880547352,2070.321473612862,1508.9,561.421473612862,131072,0.0383455865085125,0.12368386035227312,0.08865489840167756,MIGRATE,model_4,3.693063701130421e-16
cooldown0,steady10s2,64,1787634256.5430138,model_6,1,1.8438317811742782,1205.8208408481348,872.3666666666667,333.45417418146815,57344,0.03492606058716774,0.12368386035227312,0.08865489840167756,MIGRATE,model_4,3.693063701130421e-16
cooldown0,steady10s2,65,1787634261.6026118,model_3,1,3.1877257441452507,948.4249000701531,766.6333333333333,181.79156673681973,114688,0.03177899122238159,0.12954419427888472,0.09832377118546481,,,1.0684415090650811e-16
cooldown0,steady10s2,65,1787634261.6026118,model_4,1,0.4650463055619045,503.8903881862413,411.8,92.09038818624128,36864,0.0371999591588974,0.12954419427888472,0.09832377118546481,,,1.0684415090650811e-16
cooldown0,steady10s2,65,1787634261.6026118,model_5,0,8.312840826235854,2611.288121621885,1369.4,1241.8881216218847,131072,0.0383455865085125,0.12954419427888472,0.09832377118546481,,,1.0684415090650811e-16
cooldown0,steady10s2,65,1787634261.6026118,model_6,1,1.5712544103674537,1027.561914074927,777.8666666666667,249.69524740826034,57344,0.03492606058716774,0.12954419427888472,0.09832377118546481,,,1.0684415090650811e-16
cooldown0,steady10s2,66,1787634266.660639,model_3,1,3.873676652917916,1152.5117551895507,784.6,367.9117551895507,114688,0.03177899122238159,0.100225819413953,0.11708986491284804,,,2.7619708221948e-16
cooldown0,steady10s2,66,1787634266.660639,model_4,1,0.5447303181756629,590.2301947129683,431.3666666666667,158.86352804630167,36864,0.0371999591588974,0.100225819413953,0.11708986491284804,,,2.7619708221948e-16
cooldown0,steady10s2,66,1787634266.660639,model_5,0,6.431483001651222,2020.3027482037828,1352.4,667.9027482037827,131072,0.0383455865085125,0.100225819413953,0.11708986491284804,,,2.7619708221948e-16
cooldown0,steady10s2,66,1787634266.660639,model_6,1,1.8026781758286987,1178.9073905494663,890.1666666666666,288.74072388279967,57344,0.03492606058716774,0.100225819413953,0.11708986491284804,,,2.7619708221948e-16
cooldown0,steady10s2,67,1787634271.7195408,model_3,1,3.7020763456399077,1101.4565461330415,820.7666666666667,280.6898794663748,114688,0.03177899122238159,0.08567711024364398,0.11604478887254925,MIGRATE,model_4,1.4405479989970912e-16
cooldown0,steady10s2,67,1787634271.7195408,model_4,1,0.7030613059676816,761.7861493485681,460.2,301.5861493485681,36864,0.0371999591588974,0.08567711024364398,0.11604478887254925,MIGRATE,model_4,1.4405479989970912e-16
cooldown0,steady10s2,67,1787634271.7195408,model_5,0,5.4978934708103955,1727.0370279386811,1273.5333333333333,453.50369460534785,131072,0.0383455865085125,0.08567711024364398,0.11604478887254925,MIGRATE,model_4,1.4405479989970912e-16
cooldown0,steady10s2,67,1787634271.7195408,model_6,1,1.7604217071813908,1151.272694653771,823.4,327.87269465377096,57344,0.03492606058716774,0.08567711024364398,0.11604478887254925,MIGRATE,model_4,1.4405479989970912e-16
cooldown0,steady10s2,68,1787634276.780554,model_3,1,4.922973385378734,1464.7027115338626,941.3333333333334,523.3693782005292,114688,0.03177899122238159,0.10628243630359853,0.11257348971624656,,,4.014004038980682e-16
cooldown0,steady10s2,68,1787634276.780554,model_4,0,0.4421851961794143,479.1197510618534,478.26666666666665,0.8530843951867269,36864,0.0371999591588974,0.10628243630359853,0.11257348971624656,,,4.014004038980682e-16
cooldown0,steady10s2,68,1787634276.780554,model_5,0,5.757692782491637,1808.6470179264193,1417.9,390.7470179264192,131072,0.0383455865085125,0.10628243630359853,0.11257348971624656,,,4.014004038980682e-16
cooldown0,steady10s2,68,1787634276.780554,model_6,1,1.7151247162290784,1121.6495716141942,670.2666666666667,451.38290494752755,57344,0.03492606058716774,0.10628243630359853,0.11257348971624656,,,4.014004038980682e-16
cooldown0,steady10s2,69,1787634281.8432722,model_3,1,4.185160409579622,1245.1856470160158,878.9333333333333,366.2523136826825,114688,0.03177899122238159,0.1163357092916164,0.10565288195128844,,,2.6175532738486554e-16
cooldown0,steady10s2,69,1787634281.8432722,model_4,0,0.6179090323632175,669.5213325156498,448.76666666666665,220.7546658489831,36864,0.0371999591588974,0.1163357092916164,0.10565288195128844,,,2.6175532738486554e-16
cooldown0,steady10s2,69,1787634281.8432722,model_5,0,6.168416415708477,1937.666419008127,1242.0666666666666,695.5997523414603,131072,0.0383455865085125,0.1163357092916164,0.10565288195128844,,,2.6175532738486554e-16
cooldown0,steady10s2,69,1787634281.8432722,model_6,1,2.0448516197003572,1337.2828935112577,843.8,493.48289351125777,57344,0.03492606058716774,0.1163357092916164,0.10565288195128844,,,2.6175532738486554e-16
cooldown0,steady10s2,70,1787634286.9202044,model_3,1,4.473329777275387,1330.9229486838599,864.0333333333333,466.8896153505266,114688,0.03177899122238159,0.10243897485595252,0.1096737419230636,,,1.3733777854203005e-16
cooldown0,steady10s2,70,1787634286.9202044,model_4,0,0.42495614136736437,460.4515990660298,400.53333333333336,59.918265732696455,36864,0.0371999591588974,0.10243897485595252,0.1096737419230636,,,1.3733777854203005e-16
cooldown0,steady10s2,70,1787634286.9202044,model_5,0,5.550717417270788,1743.6304581284992,1243.8333333333333,499.7971247951659,131072,0.0383455865085125,0.10243897485595252,0.1096737419230636,,,1.3733777854203005e-16
cooldown0,steady10s2,70,1787634286.9202044,model_6,1,1.9937794852230768,1303.882968003909,938.4666666666667,365.4163013372422,57344,0.03492606058716774,0.10243897485595252,0.1096737419230636,,,1.3733777854203005e-16
cooldown0,steady10s2,71,1787634292.0216844,model_3,1,5.533643319932657,1646.391670415879,838.7666666666667,807.6250037492123,114688,0.03177899122238159,0.11916421967826939,0.13421687655278264,,,2.244479005467243e-16
cooldown0,steady10s2,71,1787634292.0216844,model_4,0,0.4624230203207289,501.0479868969717,366.76666666666665,134.28132023030503,36864,0.0371999591588974,0.11916421967826939,0.13421687655278264,,,2.244479005467243e-16
cooldown0,steady10s2,71,1787634292.0216844,model_5,0,6.488900708450506,2038.3392027528143,1390.0333333333333,648.305869419481,131072,0.0383455865085125,0.11916421967826939,0.13421687655278264,,,2.244479005467243e-16
cooldown0,steady10s2,71,1787634292.0216844,model_6,1,2.3806959769522273,1556.9168804022095,1008.0666666666667,548.8502137355428,57344,0.03492606058716774,0.11916421967826939,0.13421687655278264,,,2.244479005467243e-16
cooldown0,steady10s2,72,1787634297.0858803,model_3,1,5.310000079621421,1579.8524399839262,858.6333333333333,721.2191066505928,114688,0.03177899122238159,0.14284595810589182,0.11940544526499478,MIGRATE,model_4,2.1317713203760291e-16
cooldown0,steady10s2,72,1787634297.0858803,model_4,0,0.5003355639704083,542.1272646125148,360.26666666666665,181.8605979458481,36864,0.0371999591588974,0.14284595810589182,0.11940544526499478,MIGRATE,model_4,2.1317713203760291e-16
cooldown0,steady10s2,72,1787634297.0858803,model_5,0,7.832438324210591,2460.380703404899,1424.5,1035.8807034048991,131072,0.0383455865085125,0.14284595810589182,0.11940544526499478,MIGRATE,model_4,2.1317713203760291e-16
cooldown0,steady10s2,72,1787634297.0858803,model_6,1,1.7309565570884544,1132.0032079123323,883.2666666666667,248.73654124566565,57344,0.03492606058716774,0.14284595810589182,0.11940544526499478,MIGRATE,model_4,2.1317713203760291e-16
cooldown0,steady10s2,73,1787634302.1444848,model_3,1,3.6954805721100796,1099.4941452387982,759.9,339.5941452387982,114688,0.03177899122238159,0.12939504348960806,0.11257309781044358,,,4.278692311334711e-16
cooldown0,steady10s2,73,1787634302.1444848,model_4,1,0.41941504353651005,454.44766805190534,371.53333333333336,82.91433471857198,36864,0.0371999591588974,0.12939504348960806,0.11257309781044358,,,4.278692311334711e-16
cooldown0,steady10s2,73,1787634302.1444848,model_5,0,8.303269831740376,2608.2816134063933,1466.4666666666667,1141.8149467397266,131072,0.0383455865085125,0.12939504348960806,0.11257309781044358,,,4.278692311334711e-16
cooldown0,steady10s2,73,1787634302.1444848,model_6,1,1.8662098135282121,1220.4555261079593,990.7,229.7555261079592,57344,0.03492606058716774,0.12939504348960806,0.11257309781044358,,,4.278692311334711e-16
cooldown0,steady10s2,74,1787634307.2067993,model_3,1,3.018958702532444,898.2126555347686,687.1666666666666,211.04598886810197,114688,0.03177899122238159,0.10120728007068863,0.10510162013843401,,,2.7351865266861897e-16
cooldown0,steady10s2,74,1787634307.2067993,model_4,1,0.46339235387176947,502.0982863047384,355.26666666666665,146.83161963807174,36864,0.0371999591588974,0.10120728007068863,0.10510162013843401,,,2.7351865266861897e-16
cooldown0,steady10s2,74,1787634307.2067993,model_5,0,6.494463255317334,2040.0865491609725,1333.9666666666667,706.1198824943058,131072,0.0383455865085125,0.10120728007068863,0.10510162013843401,,,2.7351865266861897e-16
cooldown0,steady10s2,74,1787634307.2067993,model_6,1,2.101788343255593,1374.5181166880636,1088.5666666666666,285.951450021397,57344,0.03492606058716774,0.10120728007068863,0.10510162013843401,,,2.7351865266861897e-16
cooldown0,steady10s2,75,1787634312.2798684,model_3,1,3.7176777072919727,1106.0983255875615,753.5333333333333,352.5649922542282,114688,0.03177899122238159,0.08639801444843465,0.11202466134494744,MIGRATE,model_4,2.9844872798078827e-16
cooldown0,steady10s2,75,1787634312.2798684,model_4,1,0.43301870554567734,469.1876078139711,328.4,140.78760781397114,36864,0.0371999591588974,0.08639801444843465,0.11202466134494744,MIGRATE,model_4,2.9844872798078827e-16
cooldown0,steady10s2,75,1787634312.2798684,model_5,0,5.544153837311171,1741.5686601532786,1227.5666666666666,514.001993486612,131072,0.0383455865085125,0.08639801444843465,0.11202466134494744,MIGRATE,model_4,2.9844872798078827e-16
cooldown0,steady10s2,75,1787634312.2798684,model_6,1,1.8012701156127526,1177.9865536429263,851.0666666666667,326.9198869762596,57344,0.03492606058716774,0.08639801444843465,0.11202466134494744,MIGRATE,model_4,2.9844872798078827e-16
cooldown0,steady10s2,76,1787634317.3486161,model_3,1,4.44779222362868,1323.3249136866839,780.9,542.4249136866839,114688,0.03177899122238159,0.08125500277396754,0.11967447762115098,,,3.77582966214094e-16
cooldown0,steady10s2,76,1787634317.3486161,model_4,0,0.4597655329331021,498.16852664680727,318.3666666666667,179.8018599801406,36864,0.0371999591588974,0.08125500277396754,0.11967447762115098,,,3.77582966214094e-16
cooldown0,steady10s2,76,1787634317.3486161,model_5,0,4.280162529274104,1344.5148060612512,1053.3333333333333,291.18147272791794,131072,0.0383455865085125,0.08125500277396754,0.11967447762115098,,,3.77582966214094e-16
cooldown0,steady10s2,76,1787634317.3486161,model_6,1,2.6090283893794637,1706.240687680629,1025.5666666666666,680.6740210139624,57344,0.03492606058716774,0.08125500277396754,0.11967447762115098,,,3.77582966214094e-16
cooldown0,steady10s2,77,1787634322.416952,model_3,1,4.830289835515317,1437.1271314580652,845.7666666666667,591.3604647913985,114688,0.03177899122238159,0.08495049855806829,0.12646421510877884,,,2.3820727574435996e-16
cooldown0,steady10s2,77,1787634322.416952,model_4,0,0.5063364130876318,548.6293487167444,369.7,178.9293487167444,36864,0.0371999591588974,0.08495049855806829,0.12646421510877884,,,2.3820727574435996e-16
cooldown0,steady10s2,77,1787634322.416952,model_5,0,4.449164642447186,1397.6029404166031,1018.0,379.60294041660313,131072,0.0383455865085125,0.08495049855806829,0.12646421510877884,,,2.3820727574435996e-16
cooldown0,steady10s2,77,1787634322.416952,model_6,1,2.6268998487603508,1717.9281845541886,1026.7,691.2281845541886,57344,0.03492606058716774,0.08495049855806829,0.12646421510877884,,,2.3820727574435996e-16
cooldown0,steady10s2,78,1787634327.4828393,model_3,1,4.689032790462901,1395.0997710165018,793.7333333333333,601.3664376831684,114688,0.03177899122238159,0.08881216549695439,0.12514872355844472,,,2.407111739029654e-16
cooldown0,steady10s2,78,1787634327.4828393,model_4,0,0.46920269602142906,508.39395090043774,345.56666666666666,162.82728423377108,36864,0.0371999591588974,0.08881216549695439,0.12514872355844472,,,2.407111739029654e-16
cooldown0,steady10s2,78,1787634327.4828393,model_5,0,4.7115647783878245,1480.0299196426718,972.4333333333333,507.5965863093385,131072,0.0383455865085125,0.08881216549695439,0.12514872355844472,,,2.407111739029654e-16
cooldown0,steady10s2,78,1787634327.4828393,model_6,1,2.690586570773437,1759.5777414567024,1069.3,690.2777414567024,57344,0.03492606058716774,0.08881216549695439,0.12514872355844472,,,2.407111739029654e-16
cooldown0,steady10s2,79,1787634332.5636606,model_3,1,4.868627703486504,1448.5335671171736,824.5666666666667,623.9669004505068,114688,0.03177899122238159,0.0833380338965871,0.12937880390798653,,,2.32841046989702e-16
cooldown0,steady10s2,79,1787634332.5636606,model_4,0,0.5544118877533797,600.7204400808426,422.06666666666666,178.653773414176,36864,0.0371999591588974,0.0833380338965871,0.12937880390798653,,,2.32841046989702e-16
cooldown0,steady10s2,79,1787634332.5636606,model_5,0,4.307027679413355,1352.9538762793175,990.4,362.5538762793175,131072,0.0383455865085125,0.0833380338965871,0.12937880390798653,,,2.32841046989702e-16
cooldown0,steady10s2,79,1787634332.5636606,model_6,1,2.7604259464861935,1805.2509832383532,1211.8666666666666,593.3843165716867,57344,0.03492606058716774,0.0833380338965871,0.12937880390798653,,,2.32841046989702e-16
cooldown0,steady10s2,80,1787634337.6333387,model_3,1,5.325355864545029,1584.4211544689854,932.5666666666667,651.8544878023187,114688,0.03177899122238159,0.08900662969580314,0.1333578084922804,MIGRATE,model_4,9.023256367627819e-08
cooldown0,steady10s2,80,1787634337.6333387,model_4,0,0.7214624847484838,781.7243297147995,503.03333333333336,278.69099638146616,36864,0.0371999591588974,0.08900662969580314,0.1333578084922804,MIGRATE,model_4,9.023256367627819e-08
cooldown0,steady10s2,80,1787634337.6333387,model_5,0,4.470648861197906,1404.3517145599767,1073.7333333333333,330.61838122664335,131072,0.0383455865085125,0.08900662969580314,0.1333578084922804,MIGRATE,model_4,9.023256367627819e-08
cooldown0,steady10s2,80,1787634337.6333387,model_6,1,2.5383276500746694,1660.0041351992538,1151.5333333333333,508.4708018659205,57344,0.03492606058716774,0.08900662969580314,0.1333578084922804,MIGRATE,model_4,9.023256367627819e-08
cooldown0,steady10s2,81,1787634342.6991694,model_3,1,4.587849940923336,1364.9954453418015,918.5333333333333,446.46211200846824,114688,0.03177899122238159,0.08639295638054786,0.14180263953090183,MIGRATE,model_4,4.715514152836661e-16
cooldown0,steady10s2,81,1787634342.6991694,model_4,1,0.8239654393643083,892.7890838562107,640.0666666666667,252.722417189544,36864,0.0371999591588974,0.08639295638054786,0.14180263953090183,MIGRATE,model_4,4.715514152836661e-16
cooldown0,steady10s2,81,1787634342.6991694,model_5,0,5.543829261490038,1741.4667021098123,977.2666666666667,764.2000354431457,131072,0.0383455865085125,0.08639295638054786,0.14180263953090183,MIGRATE,model_4,4.715514152836661e-16
cooldown0,steady10s2,81,1787634342.6991694,model_6,1,2.1222807196325197,1387.9196291069816,1092.1333333333334,295.78629577364813,57344,0.03492606058716774,0.08639295638054786,0.14180263953090183,MIGRATE,model_4,4.715514152836661e-16
cooldown0,steady10s2,82,1787634347.766691,model_3,1,4.304706543571343,1280.7534904520803,843.2333333333333,437.52015711874697,114688,0.03177899122238159,0.08701928749741217,0.1069320641173328,,,1.4085904171435502e-16
cooldown0,steady10s2,82,1787634347.766691,model_4,0,0.5866352668968386,635.6353524908039,660.2,-24.564647509196107,36864,0.0371999591588974,0.08701928749741217,0.1069320641173328,,,1.4085904171435502e-16
cooldown0,steady10s2,82,1787634347.766691,model_5,0,4.489546490300837,1410.2879709414965,1029.7,380.58797094149645,131072,0.0383455865085125,0.08701928749741217,0.1069320641173328,,,1.4085904171435502e-16
cooldown0,steady10s2,82,1787634347.766691,model_6,1,2.000734760659897,1308.4315478478984,885.8,422.63154784789845,57344,0.03492606058716774,0.08701928749741217,0.1069320641173328,,,1.4085904171435502e-16
cooldown0,steady10s2,83,1787634352.836579,model_3,1,4.252964811298111,1265.359083530209,776.9,488.4590835302091,114688,0.03177899122238159,0.09440003260841959,0.10649971952006401,,,2.8286174175825495e-16
cooldown0,steady10s2,83,1787634352.836579,model_4,0,0.9522797866904258,1031.8211877794938,618.2666666666667,413.55452111282716,36864,0.0371999591588974,0.09440003260841959,0.10649971952006401,,,2.8286174175825495e-16
cooldown0,steady10s2,83,1787634352.836579,model_5,0,4.554450240488615,1430.6759941764851,985.6333333333333,445.0426608431518,131072,0.0383455865085125,0.09440003260841959,0.10649971952006401,,,2.8286174175825495e-16
cooldown0,steady10s2,83,1787634352.836579,model_6,1,2.026982516885978,1325.5969377744964,881.0333333333333,444.5636044411631,57344,0.03492606058716774,0.09440003260841959,0.10649971952006401,,,2.8286174175825495e-16
cooldown0,steady10s2,84,1787634357.9237142,model_3,1,3.4067174986705746,1013.5802018659039,660.9,352.6802018659039,114688,0.03177899122238159,0.09664183435393418,0.09307084571485219,,,3.1509637493690586e-16
cooldown0,steady10s2,84,1787634357.9237142,model_4,0,0.9803661645929456,1062.2535462237695,626.7333333333333,435.52021289043614,36864,0.0371999591588974,0.09664183435393418,0.09307084571485219,,,3.1509637493690586e-16
cooldown0,steady10s2,84,1787634357.9237142,model_5,0,4.657137090580791,1462.932710923206,1012.7666666666667,450.1660442565394,131072,0.0383455865085125,0.09664183435393418,0.09307084571485219,,,3.1509637493690586e-16
cooldown0,steady10s2,84,1787634357.9237142,model_6,1,2.081372155581579,1361.166429815461,757.8,603.3664298154611,57344,0.03492606058716774,0.09664183435393418,0.09307084571485219,,,3.1509637493690586e-16
cooldown0,steady10s2,85,1787634363.234026,model_3,1,3.2353611976703065,962.5975905320836,602.0,360.5975905320836,114688,0.03177899122238159,0.07215876535555822,0.07768585803430685,,,3.8777580530690114e-16
cooldown0,steady10s2,85,1787634363.234026,model_4,0,0.6175962239197882,669.1823960138383,494.3666666666667,174.81572934717167,36864,0.0371999591588974,0.07215876535555822,0.07768585803430685,,,3.8777580530690114e-16
cooldown0,steady10s2,85,1787634363.234026,model_5,0,3.5917120668506386,1128.2538968931483,825.2333333333333,303.02056355981495,131072,0.0383455865085125,0.07215876535555822,0.07768585803430685,,,3.8777580530690114e-16
cooldown0,steady10s2,85,1787634363.234026,model_6,1,1.3455250130987535,879.9404149784432,555.3,324.64041497844323,57344,0.03492606058716774,0.07215876535555822,0.07768585803430685,,,3.8777580530690114e-16
cooldown0,steady10s2,86,1787634368.3027666,model_3,1,1.7499385115153585,520.6486978878701,440.73333333333335,79.91536455453672,114688,0.03177899122238159,0.04578793740511941,0.042616499384477605,,,4.987911674654224e-16
cooldown0,steady10s2,86,1787634368.3027666,model_4,0,0.31824380186613094,344.82586130091016,307.8666666666667,36.95919463424349,36864,0.0371999591588974,0.04578793740511941,0.042616499384477605,,,4.987911674654224e-16
cooldown0,steady10s2,86,1787634368.3027666,model_5,0,2.352749023287584,739.0620975537548,611.2,127.86209755375478,131072,0.0383455865085125,0.04578793740511941,0.042616499384477605,,,4.987911674654224e-16
cooldown0,steady10s2,86,1787634368.3027666,model_6,1,0.7630199512126953,498.99636645227713,435.5,63.49636645227713,57344,0.03492606058716774,0.04578793740511941,0.042616499384477605,,,4.987911674654224e-16
