[2026-08-22 09:06:03.408] Skipping import of cpp extensions due to incompatible torch version. Please upgrade to torch >= 2.11.0 (found 2.4.0+cu121).
[2026-08-22 09:06:03.434] Ignore import error when loading sglang.srt.models.llava. Failed to import transformers.models.clip.modeling_clip because of the following error (look up to see its traceback):
module 'torch' has no attribute 'int1'
[2026-08-22 09:06:03.437] Skipping import of cpp extensions due to incompatible torch version. Please upgrade to torch >= 2.11.0 (found 2.4.0+cu121).
[2026-08-22 09:06:03.438] Ignore import error when loading sglang.srt.models.llava. Failed to import transformers.models.clip.modeling_clip because of the following error (look up to see its traceback):
module 'torch' has no attribute 'int1'
[2026-08-22 09:06:03.442] Skipping import of cpp extensions due to incompatible torch version. Please upgrade to torch >= 2.11.0 (found 2.4.0+cu121).
[2026-08-22 09:06:03.444] Ignore import error when loading sglang.srt.models.llavavid. Failed to import transformers.models.clip.modeling_clip because of the following error (look up to see its traceback):
module 'torch' has no attribute 'int1'
[2026-08-22 09:06:03.449] Skipping import of cpp extensions due to incompatible torch version. Please upgrade to torch >= 2.11.0 (found 2.4.0+cu121).
[2026-08-22 09:06:03.451] Ignore import error when loading sglang.srt.models.llava. Failed to import transformers.models.clip.modeling_clip because of the following error (look up to see its traceback):
module 'torch' has no attribute 'int1'
[2026-08-22 09:06:03.454] Skipping import of cpp extensions due to incompatible torch version. Please upgrade to torch >= 2.11.0 (found 2.4.0+cu121).
[2026-08-22 09:06:03.455] Ignore import error when loading sglang.srt.models.mllama. Failed to import transformers.modeling_utils because of the following error (look up to see its traceback):
module 'torch' has no attribute 'int1'
[2026-08-22 09:06:03.455] Ignore import error when loading sglang.srt.models.llavavid. Failed to import transformers.models.clip.modeling_clip because of the following error (look up to see its traceback):
cannot import name 'PreTrainedModel' from 'transformers.modeling_utils' (/workspace/prism-exp/prism-venv/lib/python3.10/site-packages/transformers/modeling_utils.py)
[2026-08-22 09:06:03.469] Skipping import of cpp extensions due to incompatible torch version. Please upgrade to torch >= 2.11.0 (found 2.4.0+cu121).
[2026-08-22 09:06:03.474] Ignore import error when loading sglang.srt.models.llava. Failed to import transformers.models.clip.modeling_clip because of the following error (look up to see its traceback):
module 'torch' has no attribute 'int1'
[2026-08-22 09:06:03.478] Skipping import of cpp extensions due to incompatible torch version. Please upgrade to torch >= 2.11.0 (found 2.4.0+cu121).
[2026-08-22 09:06:03.479] Ignore import error when loading sglang.srt.models.mllama. Failed to import transformers.modeling_utils because of the following error (look up to see its traceback):
module 'torch' has no attribute 'int1'
[2026-08-22 09:06:03.480] Ignore import error when loading sglang.srt.models.llavavid. Failed to import transformers.models.clip.modeling_clip because of the following error (look up to see its traceback):
cannot import name 'PreTrainedModel' from 'transformers.modeling_utils' (/workspace/prism-exp/prism-venv/lib/python3.10/site-packages/transformers/modeling_utils.py)
[2026-08-22 09:06:03.484] Skipping import of cpp extensions due to incompatible torch version. Please upgrade to torch >= 2.11.0 (found 2.4.0+cu121).
[2026-08-22 09:06:03.485] Ignore import error when loading sglang.srt.models.llava. Failed to import transformers.models.clip.modeling_clip because of the following error (look up to see its traceback):
module 'torch' has no attribute 'int1'
[2026-08-22 09:06:03.489] Skipping import of cpp extensions due to incompatible torch version. Please upgrade to torch >= 2.11.0 (found 2.4.0+cu121).
[2026-08-22 09:06:03.490] Ignore import error when loading sglang.srt.models.mllama. Failed to import transformers.modeling_utils because of the following error (look up to see its traceback):
module 'torch' has no attribute 'int1'
[2026-08-22 09:06:03.490] Ignore import error when loading sglang.srt.models.llavavid. Failed to import transformers.models.clip.modeling_clip because of the following error (look up to see its traceback):
cannot import name 'PreTrainedModel' from 'transformers.modeling_utils' (/workspace/prism-exp/prism-venv/lib/python3.10/site-packages/transformers/modeling_utils.py)
[2026-08-22 09:06:03.508] Skipping import of cpp extensions due to incompatible torch version. Please upgrade to torch >= 2.11.0 (found 2.4.0+cu121).
[2026-08-22 09:06:03.509] Ignore import error when loading sglang.srt.models.llava. Failed to import transformers.models.clip.modeling_clip because of the following error (look up to see its traceback):
module 'torch' has no attribute 'int1'
[2026-08-22 09:06:03.513] Skipping import of cpp extensions due to incompatible torch version. Please upgrade to torch >= 2.11.0 (found 2.4.0+cu121).
[2026-08-22 09:06:03.515] Ignore import error when loading sglang.srt.models.mllama. Failed to import transformers.modeling_utils because of the following error (look up to see its traceback):
module 'torch' has no attribute 'int1'
[2026-08-22 09:06:03.515] Ignore import error when loading sglang.srt.models.llavavid. Failed to import transformers.models.clip.modeling_clip because of the following error (look up to see its traceback):
cannot import name 'PreTrainedModel' from 'transformers.modeling_utils' (/workspace/prism-exp/prism-venv/lib/python3.10/site-packages/transformers/modeling_utils.py)
[2026-08-22 09:06:03.520] Skipping import of cpp extensions due to incompatible torch version. Please upgrade to torch >= 2.11.0 (found 2.4.0+cu121).
[2026-08-22 09:06:03.521] Ignore import error when loading sglang.srt.models.yivl. Failed to import transformers.models.clip.modeling_clip because of the following error (look up to see its traceback):
module 'torch' has no attribute 'int1'
[2026-08-22 09:06:03.526] Skipping import of cpp extensions due to incompatible torch version. Please upgrade to torch >= 2.11.0 (found 2.4.0+cu121).
[2026-08-22 09:06:03.528] Ignore import error when loading sglang.srt.models.mllama. Failed to import transformers.modeling_utils because of the following error (look up to see its traceback):
module 'torch' has no attribute 'int1'
[2026-08-22 09:06:03.528] Ignore import error when loading sglang.srt.models.llavavid. Failed to import transformers.models.clip.modeling_clip because of the following error (look up to see its traceback):
cannot import name 'PreTrainedModel' from 'transformers.modeling_utils' (/workspace/prism-exp/prism-venv/lib/python3.10/site-packages/transformers/modeling_utils.py)
[2026-08-22 09:06:03.532] Skipping import of cpp extensions due to incompatible torch version. Please upgrade to torch >= 2.11.0 (found 2.4.0+cu121).
[2026-08-22 09:06:03.533] Ignore import error when loading sglang.srt.models.yivl. Failed to import transformers.models.clip.modeling_clip because of the following error (look up to see its traceback):
module 'torch' has no attribute 'int1'
[2026-08-22 09:06:03.537] Skipping import of cpp extensions due to incompatible torch version. Please upgrade to torch >= 2.11.0 (found 2.4.0+cu121).
[2026-08-22 09:06:03.539] Ignore import error when loading sglang.srt.models.mllama. Failed to import transformers.modeling_utils because of the following error (look up to see its traceback):
module 'torch' has no attribute 'int1'
[2026-08-22 09:06:03.539] Ignore import error when loading sglang.srt.models.yivl. Failed to import transformers.models.clip.modeling_clip because of the following error (look up to see its traceback):
cannot import name 'PreTrainedModel' from 'transformers.modeling_utils' (/workspace/prism-exp/prism-venv/lib/python3.10/site-packages/transformers/modeling_utils.py)
[2026-08-22 09:06:03.543] Skipping import of cpp extensions due to incompatible torch version. Please upgrade to torch >= 2.11.0 (found 2.4.0+cu121).
[2026-08-22 09:06:03.544] Ignore import error when loading sglang.srt.models.yivl. Failed to import transformers.models.clip.modeling_clip because of the following error (look up to see its traceback):
module 'torch' has no attribute 'int1'
[2026-08-22 09:06:03.548] Skipping import of cpp extensions due to incompatible torch version. Please upgrade to torch >= 2.11.0 (found 2.4.0+cu121).
[2026-08-22 09:06:03.549] Ignore import error when loading sglang.srt.models.yivl. Failed to import transformers.models.clip.modeling_clip because of the following error (look up to see its traceback):
module 'torch' has no attribute 'int1'
[2026-08-22 09:06:03.551] Skipping import of cpp extensions due to incompatible torch version. Please upgrade to torch >= 2.11.0 (found 2.4.0+cu121).
[2026-08-22 09:06:03.553] Ignore import error when loading sglang.srt.models.yivl. Failed to import transformers.models.clip.modeling_clip because of the following error (look up to see its traceback):
module 'torch' has no attribute 'int1'
[2026-08-22 09:07:49.958] [PAPER-TP] slot plan: {"num_gpus": 2, "workers_per_gpu": 4, "slots": [{"worker_id": 0, "tp_size": 1, "gpu_ids": [0], "owner_gpu": 0}, {"worker_id": 0, "tp_size": 1, "gpu_ids": [1], "owner_gpu": 1}, {"worker_id": 1, "tp_size": 1, "gpu_ids": [0], "owner_gpu": 0}, {"worker_id": 1, "tp_size": 1, "gpu_ids": [1], "owner_gpu": 1}, {"worker_id": 2, "tp_size": 1, "gpu_ids": [0], "owner_gpu": 0}, {"worker_id": 2, "tp_size": 1, "gpu_ids": [1], "owner_gpu": 1}, {"worker_id": 3, "tp_size": 1, "gpu_ids": [0], "owner_gpu": 0}, {"worker_id": 3, "tp_size": 1, "gpu_ids": [1], "owner_gpu": 1}], "slots_per_gpu": {"0": [0, 1, 2, 3], "1": [0, 1, 2, 3]}}
[2026-08-22 09:07:58.631 GPU=0 Worker=2 TP0] Scheduler: Worker 2 bound to gpu_scheduler_0_to_worker_2
[2026-08-22 09:07:58.805 GPU=0 Worker=0 TP0] Scheduler: Worker 0 bound to gpu_scheduler_0_to_worker_0
[2026-08-22 09:07:59.312 GPU=0 Worker=2 TP0] [PAPER-TP] engine rank: tp_rank=0 gpu_id=0 tp_size=1 model_service=True
[2026-08-22 09:07:59.312 GPU=0 Worker=2 TP0] Init torch distributed begin.
[2026-08-22 09:07:59.411 GPU=0 Worker=0 TP0] [PAPER-TP] engine rank: tp_rank=0 gpu_id=0 tp_size=1 model_service=True
[2026-08-22 09:07:59.411 GPU=0 Worker=0 TP0] Init torch distributed begin.
[2026-08-22 09:07:59.921 GPU=1 Worker=1 TP0] Scheduler: Worker 1 bound to gpu_scheduler_1_to_worker_1
[2026-08-22 09:08:00.451 GPU=1 Worker=1 TP0] [PAPER-TP] engine rank: tp_rank=0 gpu_id=1 tp_size=1 model_service=True
[2026-08-22 09:08:00.452 GPU=1 Worker=1 TP0] Init torch distributed begin.
[2026-08-22 09:08:01.953 GPU=0 Worker=3 TP0] Scheduler: Worker 3 bound to gpu_scheduler_0_to_worker_3
[2026-08-22 09:08:01.962 GPU=1 Worker=2 TP0] Scheduler: Worker 2 bound to gpu_scheduler_1_to_worker_2
[2026-08-22 09:08:01.968 GPU=1 Worker=0 TP0] Scheduler: Worker 0 bound to gpu_scheduler_1_to_worker_0
[2026-08-22 09:08:01.979 GPU=0 Worker=1 TP0] Scheduler: Worker 1 bound to gpu_scheduler_0_to_worker_1
[2026-08-22 09:08:02.017 GPU=1 Worker=3 TP0] Scheduler: Worker 3 bound to gpu_scheduler_1_to_worker_3
[2026-08-22 09:08:02.544 GPU=1 Worker=2 TP0] [PAPER-TP] engine rank: tp_rank=0 gpu_id=1 tp_size=1 model_service=True
[2026-08-22 09:08:02.544 GPU=1 Worker=2 TP0] Init torch distributed begin.
[2026-08-22 09:08:02.545 GPU=0 Worker=1 TP0] [PAPER-TP] engine rank: tp_rank=0 gpu_id=0 tp_size=1 model_service=True
[2026-08-22 09:08:02.545 GPU=0 Worker=1 TP0] Init torch distributed begin.
[2026-08-22 09:08:02.548 GPU=1 Worker=0 TP0] [PAPER-TP] engine rank: tp_rank=0 gpu_id=1 tp_size=1 model_service=True
[2026-08-22 09:08:02.548 GPU=1 Worker=0 TP0] Init torch distributed begin.
[2026-08-22 09:08:02.565 GPU=0 Worker=3 TP0] [PAPER-TP] engine rank: tp_rank=0 gpu_id=0 tp_size=1 model_service=True
[2026-08-22 09:08:02.566 GPU=0 Worker=3 TP0] Init torch distributed begin.
[2026-08-22 09:08:02.652 GPU=1 Worker=3 TP0] [PAPER-TP] engine rank: tp_rank=0 gpu_id=1 tp_size=1 model_service=True
[2026-08-22 09:08:02.652 GPU=1 Worker=3 TP0] Init torch distributed begin.
[2026-08-22 09:08:23.780 GPU=0 Worker=0 TP0] Initialize req_to_token pool end. Takes 0.0264s. Wait time: 0.0009s. Init time: 0.0265s
[2026-08-22 09:08:23.784 GPU=0 Worker=0 TP0] Create req_to_token_pool end. Time cost: 0.0328s. req_to_token_pool memory=0.25 GB
[2026-08-22 09:08:25.026 GPU=0 Worker=2 TP0] Initialize req_to_token pool end. Takes 0.6056s. Wait time: 0.0010s. Init time: 0.6057s
[2026-08-22 09:08:25.027 GPU=0 Worker=2 TP0] Create req_to_token_pool end. Time cost: 0.6083s. req_to_token_pool memory=0.25 GB
[2026-08-22 09:08:26.362 GPU=0 Worker=0 TP0] Worker pool model runner is not active, while calling deactivate
[2026-08-22 09:08:26.363] Worker 0 of GPU 0 loaded in process 227759
[2026-08-22 09:08:26.529 GPU=1 Worker=1 TP0] Initialize req_to_token pool end. Takes 0.5740s. Wait time: 0.0362s. Init time: 0.5740s
[2026-08-22 09:08:26.529 GPU=1 Worker=1 TP0] Create req_to_token_pool end. Time cost: 0.6117s. req_to_token_pool memory=0.25 GB
[2026-08-22 09:08:27.458 GPU=0 Worker=2 TP0] Worker pool model runner is not active, while calling deactivate
[2026-08-22 09:08:27.459] Worker 2 of GPU 0 loaded in process 227827
[2026-08-22 09:08:28.979 GPU=1 Worker=1 TP0] Worker pool model runner is not active, while calling deactivate
[2026-08-22 09:08:28.981] Worker 1 of GPU 1 loaded in process 227894
[2026-08-22 09:08:29.660 GPU=0 Worker=3 TP0] Initialize req_to_token pool end. Takes 0.0160s. Wait time: 0.0002s. Init time: 0.0160s
[2026-08-22 09:08:29.661 GPU=0 Worker=3 TP0] Create req_to_token_pool end. Time cost: 0.0187s. req_to_token_pool memory=0.25 GB
[2026-08-22 09:08:29.905 GPU=1 Worker=3 TP0] Initialize req_to_token pool end. Takes 0.0188s. Wait time: 0.0004s. Init time: 0.0188s
[2026-08-22 09:08:29.906 GPU=1 Worker=3 TP0] Create req_to_token_pool end. Time cost: 0.0220s. req_to_token_pool memory=0.25 GB
[2026-08-22 09:08:29.943 GPU=1 Worker=2 TP0] Initialize req_to_token pool end. Takes 0.0190s. Wait time: 0.0004s. Init time: 0.0191s
[2026-08-22 09:08:29.944 GPU=1 Worker=2 TP0] Create req_to_token_pool end. Time cost: 0.0224s. req_to_token_pool memory=0.25 GB
[2026-08-22 09:08:30.151 GPU=1 Worker=0 TP0] Initialize req_to_token pool end. Takes 0.1785s. Wait time: 0.0007s. Init time: 0.1785s
[2026-08-22 09:08:30.152 GPU=1 Worker=0 TP0] Create req_to_token_pool end. Time cost: 0.1813s. req_to_token_pool memory=0.25 GB
[2026-08-22 09:08:30.320 GPU=0 Worker=1 TP0] Initialize req_to_token pool end. Takes 0.1660s. Wait time: 0.0003s. Init time: 0.1660s
[2026-08-22 09:08:30.320 GPU=0 Worker=1 TP0] Create req_to_token_pool end. Time cost: 0.1679s. req_to_token_pool memory=0.25 GB
[2026-08-22 09:08:31.940 GPU=0 Worker=3 TP0] Worker pool model runner is not active, while calling deactivate
[2026-08-22 09:08:31.941] Worker 3 of GPU 0 loaded in process 227970
[2026-08-22 09:08:32.286 GPU=1 Worker=3 TP0] Worker pool model runner is not active, while calling deactivate
[2026-08-22 09:08:32.287] Worker 3 of GPU 1 loaded in process 227968
[2026-08-22 09:08:33.013 GPU=1 Worker=2 TP0] Worker pool model runner is not active, while calling deactivate
[2026-08-22 09:08:33.015] Worker 2 of GPU 1 loaded in process 227967
[2026-08-22 09:08:33.052 GPU=1 Worker=0 TP0] Worker pool model runner is not active, while calling deactivate
[2026-08-22 09:08:33.054] Worker 0 of GPU 1 loaded in process 227994
[2026-08-22 09:08:33.073 GPU=0 Worker=1 TP0] Worker pool model runner is not active, while calling deactivate
[2026-08-22 09:08:33.075] Worker 1 of GPU 0 loaded in process 227969
[2026-08-22 09:08:33.076] All 8 engines prepared in 43.12 seconds.
[2026-08-22 09:08:41.193 GPU=0 Worker=1 TP0] Scheduler: Received 1 requests from gpu scheduler
[2026-08-22 09:08:41.193 GPU=0 Worker=1 TP0] Processing activate request
[2026-08-22 09:08:41.193 GPU=0 Worker=1 TP0] Scheduler receives the activate request with rid: 665409bb246f4b8c994a7e5c3ebd1ba9
[2026-08-22 09:08:41.193 GPU=0 Worker=2 TP0] Scheduler: Received 1 requests from gpu scheduler
[2026-08-22 09:08:41.193 GPU=0 Worker=2 TP0] Processing activate request
[2026-08-22 09:08:41.193 GPU=0 Worker=2 TP0] Scheduler receives the activate request with rid: a5858a26aa00455aa9b1edd6c91c5fb0
[2026-08-22 09:08:41.194 GPU=0 Worker=0 TP0] Scheduler: Received 1 requests from gpu scheduler
[2026-08-22 09:08:41.194 GPU=0 Worker=0 TP0] Processing activate request
[2026-08-22 09:08:41.194 GPU=0 Worker=0 TP0] Scheduler receives the activate request with rid: f765202f64c74cf0b92d3bfcf1740193
[2026-08-22 09:08:44.388 GPU=0 Worker=0 TP0] Load model from model service end. Time cost: 3.1900s, loading time: 0.3582s, service_id: 4
[2026-08-22 09:08:44.393 GPU=0 Worker=0 TP0] Load GPU model end. Time cost: 3.1934s. Current available memory: 50.70 GB, model GPU memory usage: 2.30 GB
[2026-08-22 09:08:44.400 GPU=0 Worker=0 TP0] Elastic memory: kv_cache_manager_v0 initialized
[2026-08-22 09:08:46.350 GPU=0 Worker=0 TP0] Init attention backend end. Time cost: 1.9505s
[2026-08-22 09:08:46.350 GPU=0 Worker=0 TP0] Activate model model_1 (meta-llama/Llama-3.2-1B) time cost: 5.1562s.
[2026-08-22 09:08:46.351 GPU=0 Worker 0 (model_1) TP=0] Model runner activated
[2026-08-22 09:08:46.351 GPU=0 Worker 0 (model_1) TP=0] max_total_num_tokens=819200, max_prefill_tokens=16384, max_running_requests=513, 
[2026-08-22 09:08:46.351 GPU=0 Worker 0 (model_1) TP=0] Memory pool updated
[2026-08-22 09:08:48.747 GPU=0 Worker=1 TP0] Load model from model service end. Time cost: 7.5502s, loading time: 1.5513s, service_id: 1
[2026-08-22 09:08:48.748 GPU=0 Worker=1 TP0] Load GPU model end. Time cost: 7.5540s. Current available memory: 48.69 GB, model GPU memory usage: 6.36 GB
[2026-08-22 09:08:48.758 GPU=0 Worker=1 TP0] Elastic memory: kv_cache_manager_v0 initialized
[2026-08-22 09:08:48.904 GPU=0 Worker=1 TP0] Init attention backend end. Time cost: 0.0270s
[2026-08-22 09:08:48.904 GPU=0 Worker=1 TP0] Activate model model_4 (Qwen/Qwen2.5-3B-Instruct) time cost: 7.7116s.
[2026-08-22 09:08:48.905 GPU=0 Worker 1 (model_4) TP=0] Model runner activated
[2026-08-22 09:08:48.905 GPU=0 Worker 1 (model_4) TP=0] max_total_num_tokens=724992, max_prefill_tokens=16384, max_running_requests=513, 
[2026-08-22 09:08:48.905 GPU=0 Worker 1 (model_4) TP=0] Memory pool updated
[2026-08-22 09:08:49.078 GPU=0 Worker=2 TP0] Load model from model service end. Time cost: 7.8820s, loading time: 2.4553s, service_id: 3
[2026-08-22 09:08:49.079 GPU=0 Worker=2 TP0] Load GPU model end. Time cost: 7.8847s. Current available memory: 47.59 GB, model GPU memory usage: 14.96 GB
[2026-08-22 09:08:49.087 GPU=0 Worker=2 TP0] Elastic memory: kv_cache_manager_v0 initialized
[2026-08-22 09:08:49.179 GPU=0 Worker=2 TP0] Init attention backend end. Time cost: 0.0920s
[2026-08-22 09:08:49.179 GPU=0 Worker=2 TP0] Activate model model_5 (meta-llama/Llama-3.1-8B) time cost: 7.9855s.
[2026-08-22 09:08:49.179 GPU=0 Worker 2 (model_5) TP=0] Model runner activated
[2026-08-22 09:08:49.179 GPU=0 Worker 2 (model_5) TP=0] max_total_num_tokens=204800, max_prefill_tokens=16384, max_running_requests=513, 
[2026-08-22 09:08:49.179 GPU=0 Worker 2 (model_5) TP=0] Memory pool updated
[2026-08-22 09:08:51.354 GPU=0 Worker 0 (model_1) TP=0] [PAPER-KV-V6] stash readiness timed out
[2026-08-22 09:08:51.354 GPU=0 Worker 0 (model_1) TP=0] Waiting requests restored
[2026-08-22 09:08:51.355 GPU=0 Worker 0 (model_1) TP=0] Scheduler activated. Activation takes 10.16 s
[2026-08-22 09:08:51.356] Detokenizer: Received activate request for model_1
[2026-08-22 09:08:53.916 GPU=0 Worker 1 (model_4) TP=0] [PAPER-KV-V6] stash readiness timed out
[2026-08-22 09:08:53.917 GPU=0 Worker 1 (model_4) TP=0] Waiting requests restored
[2026-08-22 09:08:53.917 GPU=0 Worker 1 (model_4) TP=0] Scheduler activated. Activation takes 12.72 s
[2026-08-22 09:08:53.918] Detokenizer: Received activate request for model_4
[2026-08-22 09:08:54.187 GPU=0 Worker 2 (model_5) TP=0] [PAPER-KV-V6] stash readiness timed out
[2026-08-22 09:08:54.187 GPU=0 Worker 2 (model_5) TP=0] Waiting requests restored
[2026-08-22 09:08:54.187 GPU=0 Worker 2 (model_5) TP=0] Scheduler activated. Activation takes 12.99 s
[2026-08-22 09:08:54.189] Detokenizer: Received activate request for model_5
[2026-08-22 09:08:54.198] GPU scheduler process started for GPU 0
[2026-08-22 09:09:01.777 GPU=1 Worker=1 TP0] Scheduler: Received 1 requests from gpu scheduler
[2026-08-22 09:09:01.777 GPU=1 Worker=1 TP0] Processing activate request
[2026-08-22 09:09:01.777 GPU=1 Worker=1 TP0] Scheduler receives the activate request with rid: db00683abffc4e8a9f152f43f8408293
[2026-08-22 09:09:01.777 GPU=1 Worker=0 TP0] Scheduler: Received 1 requests from gpu scheduler
[2026-08-22 09:09:01.778 GPU=1 Worker=0 TP0] Processing activate request
[2026-08-22 09:09:01.778 GPU=1 Worker=2 TP0] Scheduler: Received 1 requests from gpu scheduler
[2026-08-22 09:09:01.778 GPU=1 Worker=0 TP0] Scheduler receives the activate request with rid: 1dc35c9cb44046369ebea1908f509c84
[2026-08-22 09:09:01.778 GPU=1 Worker=2 TP0] Processing activate request
[2026-08-22 09:09:01.778 GPU=1 Worker=2 TP0] Scheduler receives the activate request with rid: 5cc0665d62e848eea808f4ac32462065
[2026-08-22 09:09:03.062 GPU=1 Worker=0 TP0] Load model from model service end. Time cost: 1.2812s, loading time: 0.7385s, service_id: 0
[2026-08-22 09:09:03.063 GPU=1 Worker=0 TP0] Load GPU model end. Time cost: 1.2843s. Current available memory: 48.65 GB, model GPU memory usage: 3.31 GB
[2026-08-22 09:09:03.069 GPU=1 Worker=0 TP0] Elastic memory: kv_cache_manager_v0 initialized
[2026-08-22 09:09:03.181 GPU=1 Worker=0 TP0] Init attention backend end. Time cost: 0.1117s
[2026-08-22 09:09:03.181 GPU=1 Worker=0 TP0] Activate model model_2 (Qwen/Qwen2.5-1.5B-Instruct) time cost: 1.4032s.
[2026-08-22 09:09:03.181 GPU=1 Worker 0 (model_2) TP=0] Model runner activated
[2026-08-22 09:09:03.181 GPU=1 Worker 0 (model_2) TP=0] max_total_num_tokens=933888, max_prefill_tokens=16384, max_running_requests=513, 
[2026-08-22 09:09:03.181 GPU=1 Worker 0 (model_2) TP=0] Memory pool updated
[2026-08-22 09:09:03.461 GPU=1 Worker=1 TP0] Load model from model service end. Time cost: 1.6812s, loading time: 1.1600s, service_id: 5
[2026-08-22 09:09:03.481 GPU=1 Worker=1 TP0] Load GPU model end. Time cost: 1.6834s. Current available memory: 48.44 GB, model GPU memory usage: 5.98 GB
[2026-08-22 09:09:03.488 GPU=1 Worker=1 TP0] Elastic memory: kv_cache_manager_v0 initialized
[2026-08-22 09:09:04.053 GPU=1 Worker=2 TP0] Load model from model service end. Time cost: 2.2722s, loading time: 1.6572s, service_id: 2
[2026-08-22 09:09:04.053 GPU=1 Worker=2 TP0] Load GPU model end. Time cost: 2.2744s. Current available memory: 48.05 GB, model GPU memory usage: 14.24 GB
[2026-08-22 09:09:04.061 GPU=1 Worker=2 TP0] Elastic memory: kv_cache_manager_v0 initialized
[2026-08-22 09:09:04.180 GPU=1 Worker=2 TP0] Init attention backend end. Time cost: 0.1195s
[2026-08-22 09:09:04.181 GPU=1 Worker=2 TP0] Activate model model_6 (Qwen/Qwen2.5-7B-Instruct) time cost: 2.4025s.
[2026-08-22 09:09:04.181 GPU=1 Worker 2 (model_6) TP=0] Model runner activated
[2026-08-22 09:09:04.181 GPU=1 Worker 2 (model_6) TP=0] max_total_num_tokens=466944, max_prefill_tokens=16384, max_running_requests=513, 
[2026-08-22 09:09:04.181 GPU=1 Worker 2 (model_6) TP=0] Memory pool updated
[2026-08-22 09:09:04.196 GPU=1 Worker=1 TP0] Init attention backend end. Time cost: 0.7075s
[2026-08-22 09:09:04.196 GPU=1 Worker=1 TP0] Activate model model_3 (meta-llama/Llama-3.2-3B) time cost: 2.4183s.
[2026-08-22 09:09:04.196 GPU=1 Worker 1 (model_3) TP=0] Model runner activated
[2026-08-22 09:09:04.197 GPU=1 Worker 1 (model_3) TP=0] max_total_num_tokens=233472, max_prefill_tokens=16384, max_running_requests=513, 
[2026-08-22 09:09:04.197 GPU=1 Worker 1 (model_3) TP=0] Memory pool updated
[2026-08-22 09:09:08.184 GPU=1 Worker 0 (model_2) TP=0] [PAPER-KV-V6] stash readiness timed out
[2026-08-22 09:09:08.185 GPU=1 Worker 0 (model_2) TP=0] Waiting requests restored
[2026-08-22 09:09:08.185 GPU=1 Worker 0 (model_2) TP=0] Scheduler activated. Activation takes 6.41 s
[2026-08-22 09:09:08.186] Detokenizer: Received activate request for model_2
[2026-08-22 09:09:09.193 GPU=1 Worker 2 (model_6) TP=0] [PAPER-KV-V6] stash readiness timed out
[2026-08-22 09:09:09.193 GPU=1 Worker 2 (model_6) TP=0] Waiting requests restored
[2026-08-22 09:09:09.193 GPU=1 Worker 2 (model_6) TP=0] Scheduler activated. Activation takes 7.42 s
[2026-08-22 09:09:09.195] Detokenizer: Received activate request for model_6
[2026-08-22 09:09:09.205 GPU=1 Worker 1 (model_3) TP=0] [PAPER-KV-V6] stash readiness timed out
[2026-08-22 09:09:09.205 GPU=1 Worker 1 (model_3) TP=0] Waiting requests restored
[2026-08-22 09:09:09.206 GPU=1 Worker 1 (model_3) TP=0] Scheduler activated. Activation takes 7.43 s
[2026-08-22 09:09:09.207] Detokenizer: Received activate request for model_3
[2026-08-22 09:09:09.215] GPU scheduler process started for GPU 1
[2026-08-22 09:09:09.225] Waiting for the server to be ready for model model_1...
[2026-08-22 09:09:09.226] Waiting for the server to be ready for model model_4...
[2026-08-22 09:09:09.226] Waiting for the server to be ready for model model_5...
[2026-08-22 09:09:09.226] Waiting for the server to be ready for model model_2...
[2026-08-22 09:09:09.227] Waiting for the server to be ready for model model_3...
[2026-08-22 09:09:09.227] Waiting for the server to be ready for model model_6...
[2026-08-22 09:09:10.261] State not found for received <class 'sglang.srt.managers.io_struct.ActivateReqOutput'> with rid f765202f64c74cf0b92d3bfcf1740193
[2026-08-22 09:09:10.263] State not found for received <class 'sglang.srt.managers.io_struct.ActivateReqOutput'> with rid 5cc0665d62e848eea808f4ac32462065
[2026-08-22 09:09:10.264] State not found for received <class 'sglang.srt.managers.io_struct.ActivateReqOutput'> with rid db00683abffc4e8a9f152f43f8408293
[2026-08-22 09:09:10.265] State not found for received <class 'sglang.srt.managers.io_struct.ActivateReqOutput'> with rid 665409bb246f4b8c994a7e5c3ebd1ba9
[2026-08-22 09:09:10.266] State not found for received <class 'sglang.srt.managers.io_struct.ActivateReqOutput'> with rid 1dc35c9cb44046369ebea1908f509c84
[2026-08-22 09:09:10.266] State not found for received <class 'sglang.srt.managers.io_struct.ActivateReqOutput'> with rid a5858a26aa00455aa9b1edd6c91c5fb0
[2026-08-22 09:09:10.283 GPU=0 Worker 1 (model_4) TP=0] Received 1 generation requests
[2026-08-22 09:09:10.283 GPU=0 Worker 0 (model_1) TP=0] Received 1 generation requests
[2026-08-22 09:09:10.284 GPU=0 Worker 2 (model_5) TP=0] Received 1 generation requests
[2026-08-22 09:09:10.286 GPU=0 Worker 1 (model_4) TP=0] Prefill batch. #new-seq: 1, #new-token: 6, #cached-token: 0, cache hit rate: 0.00%, token usage: 0.03, #running-req: 0, #queue-req: 0
[2026-08-22 09:09:10.286 GPU=0 Worker 0 (model_1) TP=0] Prefill batch. #new-seq: 1, #new-token: 7, #cached-token: 0, cache hit rate: 0.00%, token usage: 0.01, #running-req: 0, #queue-req: 0
[2026-08-22 09:09:10.287 GPU=0 Worker 2 (model_5) TP=0] Prefill batch. #new-seq: 1, #new-token: 7, #cached-token: 0, cache hit rate: 0.00%, token usage: 0.03, #running-req: 0, #queue-req: 0
[2026-08-22 09:09:10.329 GPU=1 Worker 2 (model_6) TP=0] Received 1 generation requests
[2026-08-22 09:09:10.329 GPU=1 Worker 1 (model_3) TP=0] Received 1 generation requests
[2026-08-22 09:09:10.330 GPU=1 Worker 0 (model_2) TP=0] Received 1 generation requests
[2026-08-22 09:09:10.353 GPU=1 Worker 2 (model_6) TP=0] Prefill batch. #new-seq: 1, #new-token: 6, #cached-token: 0, cache hit rate: 0.00%, token usage: 0.02, #running-req: 0, #queue-req: 0
[2026-08-22 09:09:10.353 GPU=1 Worker 1 (model_3) TP=0] Prefill batch. #new-seq: 1, #new-token: 7, #cached-token: 0, cache hit rate: 0.00%, token usage: 0.02, #running-req: 0, #queue-req: 0
[2026-08-22 09:09:10.355 GPU=1 Worker 0 (model_2) TP=0] Prefill batch. #new-seq: 1, #new-token: 6, #cached-token: 0, cache hit rate: 0.00%, token usage: 0.02, #running-req: 0, #queue-req: 0
[2026-08-22 09:09:11.930] The server for model_1 is fired up and ready to roll!
[2026-08-22 09:09:11.961] The server for model_5 is fired up and ready to roll!
[2026-08-22 09:09:12.006] The server for model_3 is fired up and ready to roll!
[2026-08-22 09:09:12.067] The server for model_6 is fired up and ready to roll!
[2026-08-22 09:09:12.084] The server for model_2 is fired up and ready to roll!
[2026-08-22 09:09:12.097] The server for model_4 is fired up and ready to roll!
[2026-08-22 09:09:12.824 GPU=1 Worker 0 (model_2) TP=0] Received 1 generation requests
[2026-08-22 09:09:12.827 GPU=1 Worker 0 (model_2) TP=0] Prefill batch. #new-seq: 1, #new-token: 50, #cached-token: 0, cache hit rate: 0.00%, token usage: 0.03, #running-req: 0, #queue-req: 0
[2026-08-22 09:09:12.873 GPU=1 Worker 2 (model_6) TP=0] Received 1 generation requests
[2026-08-22 09:09:12.876 GPU=1 Worker 2 (model_6) TP=0] Prefill batch. #new-seq: 1, #new-token: 320, #cached-token: 0, cache hit rate: 0.00%, token usage: 0.03, #running-req: 0, #queue-req: 0
[2026-08-22 09:09:13.145 GPU=0 Worker 2 (model_5) TP=0] Received 2 generation requests
[2026-08-22 09:09:13.177 GPU=1 Worker 0 (model_2) TP=0] Received 3 generation requests
[2026-08-22 09:09:13.178 GPU=0 Worker 2 (model_5) TP=0] Prefill batch. #new-seq: 2, #new-token: 73, #cached-token: 0, cache hit rate: 0.00%, token usage: 0.03, #running-req: 0, #queue-req: 0
[2026-08-22 09:09:13.211 GPU=1 Worker 0 (model_2) TP=0] Prefill batch. #new-seq: 3, #new-token: 1070, #cached-token: 0, cache hit rate: 0.00%, token usage: 0.02, #running-req: 1, #queue-req: 0
[2026-08-22 09:09:13.271 GPU=1 Worker 0 (model_2) TP=0] Received 1 generation requests
[2026-08-22 09:09:13.272 GPU=1 Worker 0 (model_2) TP=0] Prefill batch. #new-seq: 1, #new-token: 94, #cached-token: 0, cache hit rate: 0.00%, token usage: 0.02, #running-req: 4, #queue-req: 0
[2026-08-22 09:09:13.313 GPU=1 Worker 1 (model_3) TP=0] Received 1 generation requests
[2026-08-22 09:09:13.315 GPU=1 Worker 1 (model_3) TP=0] Prefill batch. #new-seq: 1, #new-token: 209, #cached-token: 0, cache hit rate: 0.00%, token usage: 0.03, #running-req: 0, #queue-req: 0
[2026-08-22 09:09:13.335 GPU=1 Worker 0 (model_2) TP=0] Received 1 generation requests
[2026-08-22 09:09:13.335 GPU=1 Worker 0 (model_2) TP=0] Prefill batch. #new-seq: 1, #new-token: 34, #cached-token: 0, cache hit rate: 0.00%, token usage: 0.02, #running-req: 5, #queue-req: 0
[2026-08-22 09:09:13.427 GPU=1 Worker 0 (model_2) TP=0] Received 1 generation requests
[2026-08-22 09:09:13.428 GPU=1 Worker 0 (model_2) TP=0] Prefill batch. #new-seq: 1, #new-token: 134, #cached-token: 0, cache hit rate: 0.00%, token usage: 0.02, #running-req: 6, #queue-req: 0
[2026-08-22 09:09:13.484 GPU=1 Worker 0 (model_2) TP=0] Received 1 generation requests
[2026-08-22 09:09:13.488 GPU=1 Worker 0 (model_2) TP=0] Prefill batch. #new-seq: 1, #new-token: 1316, #cached-token: 0, cache hit rate: 0.00%, token usage: 0.02, #running-req: 7, #queue-req: 0
[2026-08-22 09:09:13.560 GPU=1 Worker 0 (model_2) TP=0] Received 1 generation requests
[2026-08-22 09:09:13.561 GPU=1 Worker 0 (model_2) TP=0] Prefill batch. #new-seq: 1, #new-token: 194, #cached-token: 0, cache hit rate: 0.00%, token usage: 0.02, #running-req: 8, #queue-req: 0
[2026-08-22 09:09:13.600 GPU=1 Worker 0 (model_2) TP=0] Received 1 generation requests
[2026-08-22 09:09:13.602 GPU=1 Worker 0 (model_2) TP=0] Prefill batch. #new-seq: 1, #new-token: 621, #cached-token: 0, cache hit rate: 0.00%, token usage: 0.03, #running-req: 9, #queue-req: 0
[2026-08-22 09:09:13.679 GPU=0 Worker 2 (model_5) TP=0] Decode batch. #running-req: 2, #token: 5259, token usage: 0.03, gen throughput (token/s): 1.58, #queue-req: 0
[2026-08-22 09:09:13.683 GPU=1 Worker 0 (model_2) TP=0] Received 1 generation requests
[2026-08-22 09:09:13.685 GPU=1 Worker 0 (model_2) TP=0] Prefill batch. #new-seq: 1, #new-token: 570, #cached-token: 0, cache hit rate: 0.00%, token usage: 0.03, #running-req: 10, #queue-req: 0
[2026-08-22 09:09:13.811 GPU=1 Worker 0 (model_2) TP=0] Received 1 generation requests
[2026-08-22 09:09:13.873 GPU=1 Worker 0 (model_2) TP=0] Prefill batch. #new-seq: 1, #new-token: 329, #cached-token: 0, cache hit rate: 0.00%, token usage: 0.03, #running-req: 11, #queue-req: 0
[2026-08-22 09:09:13.898 GPU=0 Worker 2 (model_5) TP=0] Received 1 generation requests
[2026-08-22 09:09:13.939 GPU=1 Worker 1 (model_3) TP=0] Received 1 generation requests
[2026-08-22 09:09:13.959 GPU=0 Worker 2 (model_5) TP=0] Prefill batch. #new-seq: 1, #new-token: 93, #cached-token: 0, cache hit rate: 0.00%, token usage: 0.03, #running-req: 2, #queue-req: 0
[2026-08-22 09:09:13.959 GPU=1 Worker 0 (model_2) TP=0] Received 2 generation requests
[2026-08-22 09:09:13.960 GPU=1 Worker 1 (model_3) TP=0] Prefill batch. #new-seq: 1, #new-token: 772, #cached-token: 0, cache hit rate: 0.00%, token usage: 0.02, #running-req: 1, #queue-req: 0
[2026-08-22 09:09:13.966 GPU=1 Worker 0 (model_2) TP=0] Prefill batch. #new-seq: 2, #new-token: 794, #cached-token: 0, cache hit rate: 0.00%, token usage: 0.03, #running-req: 12, #queue-req: 0
[2026-08-22 09:09:14.197 GPU=1 Worker 0 (model_2) TP=0] Received 3 generation requests
[2026-08-22 09:09:14.441 GPU=1 Worker 0 (model_2) TP=0] Prefill batch. #new-seq: 3, #new-token: 1242, #cached-token: 0, cache hit rate: 0.00%, token usage: 0.03, #running-req: 14, #queue-req: 0
[2026-08-22 09:09:14.529 GPU=1 Worker 0 (model_2) TP=0] Received 3 generation requests
[2026-08-22 09:09:14.529 GPU=1 Worker 1 (model_3) TP=0] Received 1 generation requests
[2026-08-22 09:09:14.574 GPU=1 Worker 2 (model_6) TP=0] Received 1 generation requests
[2026-08-22 09:09:14.658 GPU=1 Worker 1 (model_3) TP=0] Prefill batch. #new-seq: 1, #new-token: 188, #cached-token: 0, cache hit rate: 0.00%, token usage: 0.03, #running-req: 2, #queue-req: 0
[2026-08-22 09:09:14.658 GPU=1 Worker 0 (model_2) TP=0] Prefill batch. #new-seq: 3, #new-token: 1509, #cached-token: 0, cache hit rate: 0.00%, token usage: 0.03, #running-req: 17, #queue-req: 0
[2026-08-22 09:09:14.659 GPU=1 Worker 2 (model_6) TP=0] Prefill batch. #new-seq: 1, #new-token: 19, #cached-token: 0, cache hit rate: 0.00%, token usage: 0.03, #running-req: 0, #queue-req: 0
[2026-08-22 09:09:14.781 GPU=1 Worker 2 (model_6) TP=0] Received 2 generation requests
[2026-08-22 09:09:14.781 GPU=1 Worker 0 (model_2) TP=0] Received 3 generation requests
[2026-08-22 09:09:14.819 GPU=1 Worker 0 (model_2) TP=0] Prefill batch. #new-seq: 3, #new-token: 565, #cached-token: 0, cache hit rate: 0.00%, token usage: 0.03, #running-req: 20, #queue-req: 0
[2026-08-22 09:09:14.820 GPU=1 Worker 2 (model_6) TP=0] Prefill batch. #new-seq: 2, #new-token: 92, #cached-token: 0, cache hit rate: 0.00%, token usage: 0.02, #running-req: 1, #queue-req: 0
[2026-08-22 09:09:14.917 GPU=1 Worker 2 (model_6) TP=0] Received 1 generation requests
[2026-08-22 09:09:14.919 GPU=1 Worker 2 (model_6) TP=0] Prefill batch. #new-seq: 1, #new-token: 476, #cached-token: 0, cache hit rate: 0.00%, token usage: 0.02, #running-req: 3, #queue-req: 0
[2026-08-22 09:09:14.998 GPU=1 Worker 1 (model_3) TP=0] Received 1 generation requests
[2026-08-22 09:09:15.003 GPU=1 Worker 1 (model_3) TP=0] Prefill batch. #new-seq: 1, #new-token: 1488, #cached-token: 0, cache hit rate: 0.00%, token usage: 0.03, #running-req: 3, #queue-req: 0
[2026-08-22 09:09:15.641 GPU=0 Worker 2 (model_5) TP=0] Received 2 generation requests
[2026-08-22 09:09:15.641 GPU=1 Worker 0 (model_2) TP=0] Received 10 generation requests
[2026-08-22 09:09:15.687 GPU=0 Worker 2 (model_5) TP=0] Prefill batch. #new-seq: 2, #new-token: 695, #cached-token: 0, cache hit rate: 0.00%, token usage: 0.03, #running-req: 2, #queue-req: 0
[2026-08-22 09:09:15.688 GPU=1 Worker 0 (model_2) TP=0] Prefill batch. #new-seq: 10, #new-token: 5638, #cached-token: 0, cache hit rate: 0.00%, token usage: 0.03, #running-req: 18, #queue-req: 0
[2026-08-22 09:09:15.741 GPU=0 Worker 2 (model_5) TP=0] Received 1 generation requests
[2026-08-22 09:09:15.742 GPU=0 Worker 2 (model_5) TP=0] Prefill batch. #new-seq: 1, #new-token: 19, #cached-token: 0, cache hit rate: 0.00%, token usage: 0.03, #running-req: 4, #queue-req: 0
[2026-08-22 09:09:15.783 GPU=0 Worker 2 (model_5) TP=0] Decode batch. #running-req: 5, #token: 6047, token usage: 0.03, gen throughput (token/s): 45.64, #queue-req: 0
[2026-08-22 09:09:15.847 GPU=1 Worker 1 (model_3) TP=0] Received 3 generation requests
[2026-08-22 09:09:15.850 GPU=1 Worker 1 (model_3) TP=0] Prefill batch. #new-seq: 3, #new-token: 1183, #cached-token: 0, cache hit rate: 0.00%, token usage: 0.03, #running-req: 4, #queue-req: 0
[2026-08-22 09:09:15.958 GPU=1 Worker 0 (model_2) TP=0] Received 4 generation requests
[2026-08-22 09:09:15.964 GPU=1 Worker 0 (model_2) TP=0] Prefill batch. #new-seq: 4, #new-token: 1618, #cached-token: 0, cache hit rate: 0.00%, token usage: 0.03, #running-req: 28, #queue-req: 0
[2026-08-22 09:09:16.061 GPU=1 Worker 0 (model_2) TP=0] Received 1 generation requests
[2026-08-22 09:09:16.063 GPU=1 Worker 0 (model_2) TP=0] Prefill batch. #new-seq: 1, #new-token: 298, #cached-token: 0, cache hit rate: 0.00%, token usage: 0.04, #running-req: 32, #queue-req: 0
[2026-08-22 09:09:16.077 GPU=1 Worker 1 (model_3) TP=0] Decode batch. #running-req: 7, #token: 9021, token usage: 0.04, gen throughput (token/s): 1.44, #queue-req: 0
[2026-08-22 09:09:16.124 GPU=1 Worker 2 (model_6) TP=0] Decode batch. #running-req: 3, #token: 10405, token usage: 0.02, gen throughput (token/s): 2.11, #queue-req: 0
[2026-08-22 09:09:16.165 GPU=1 Worker 0 (model_2) TP=0] Received 1 generation requests
[2026-08-22 09:09:16.165 GPU=1 Worker 0 (model_2) TP=0] Prefill batch. #new-seq: 1, #new-token: 93, #cached-token: 0, cache hit rate: 0.00%, token usage: 0.04, #running-req: 33, #queue-req: 0
[2026-08-22 09:09:16.194 GPU=1 Worker 0 (model_2) TP=0] Received 1 generation requests
[2026-08-22 09:09:16.197 GPU=1 Worker 0 (model_2) TP=0] Prefill batch. #new-seq: 1, #new-token: 774, #cached-token: 0, cache hit rate: 0.00%, token usage: 0.04, #running-req: 34, #queue-req: 0
[2026-08-22 09:09:16.257 GPU=1 Worker 0 (model_2) TP=0] Received 3 generation requests
[2026-08-22 09:09:16.261 GPU=1 Worker 0 (model_2) TP=0] Prefill batch. #new-seq: 3, #new-token: 835, #cached-token: 0, cache hit rate: 0.00%, token usage: 0.04, #running-req: 35, #queue-req: 0
[2026-08-22 09:09:16.315 GPU=0 Worker 2 (model_5) TP=0] Decode batch. #running-req: 2, #token: 5407, token usage: 0.03, gen throughput (token/s): 229.16, #queue-req: 0
[2026-08-22 09:09:16.335 GPU=1 Worker 0 (model_2) TP=0] Received 2 generation requests
[2026-08-22 09:09:16.373 GPU=1 Worker 0 (model_2) TP=0] Prefill batch. #new-seq: 2, #new-token: 570, #cached-token: 0, cache hit rate: 0.00%, token usage: 0.04, #running-req: 38, #queue-req: 0
[2026-08-22 09:09:16.455 GPU=1 Worker 0 (model_2) TP=0] Received 1 generation requests
[2026-08-22 09:09:16.455 GPU=1 Worker 0 (model_2) TP=0] Prefill batch. #new-seq: 1, #new-token: 11, #cached-token: 0, cache hit rate: 0.00%, token usage: 0.04, #running-req: 40, #queue-req: 0
[2026-08-22 09:09:16.476 GPU=1 Worker 1 (model_3) TP=0] Received 1 generation requests
[2026-08-22 09:09:16.477 GPU=1 Worker 1 (model_3) TP=0] Prefill batch. #new-seq: 1, #new-token: 15, #cached-token: 0, cache hit rate: 0.00%, token usage: 0.04, #running-req: 6, #queue-req: 0
[2026-08-22 09:09:16.511 GPU=1 Worker 0 (model_2) TP=0] Received 1 generation requests
[2026-08-22 09:09:16.511 GPU=1 Worker 0 (model_2) TP=0] Prefill batch. #new-seq: 1, #new-token: 18, #cached-token: 0, cache hit rate: 0.00%, token usage: 0.04, #running-req: 41, #queue-req: 0
[2026-08-22 09:09:16.549 GPU=1 Worker 0 (model_2) TP=0] Received 1 generation requests
[2026-08-22 09:09:16.550 GPU=1 Worker 0 (model_2) TP=0] Prefill batch. #new-seq: 1, #new-token: 227, #cached-token: 0, cache hit rate: 0.00%, token usage: 0.04, #running-req: 42, #queue-req: 0
[2026-08-22 09:09:16.996 GPU=1 Worker 0 (model_2) TP=0] Received 4 generation requests
[2026-08-22 09:09:16.996 GPU=1 Worker 2 (model_6) TP=0] Received 1 generation requests
[2026-08-22 09:09:16.998 GPU=1 Worker 2 (model_6) TP=0] Prefill batch. #new-seq: 1, #new-token: 310, #cached-token: 0, cache hit rate: 0.00%, token usage: 0.02, #running-req: 3, #queue-req: 0
[2026-08-22 09:09:16.999 GPU=1 Worker 0 (model_2) TP=0] Prefill batch. #new-seq: 4, #new-token: 663, #cached-token: 0, cache hit rate: 0.00%, token usage: 0.04, #running-req: 43, #queue-req: 0
[2026-08-22 09:09:17.064 GPU=0 Worker 2 (model_5) TP=0] Received 1 generation requests
[2026-08-22 09:09:17.158 GPU=0 Worker 2 (model_5) TP=0] Prefill batch. #new-seq: 1, #new-token: 145, #cached-token: 0, cache hit rate: 0.00%, token usage: 0.03, #running-req: 2, #queue-req: 0
[2026-08-22 09:09:17.263 GPU=1 Worker 0 (model_2) TP=0] Received 5 generation requests
[2026-08-22 09:09:17.267 GPU=1 Worker 0 (model_2) TP=0] Prefill batch. #new-seq: 5, #new-token: 1216, #cached-token: 0, cache hit rate: 0.00%, token usage: 0.04, #running-req: 47, #queue-req: 0
[2026-08-22 09:09:17.401 GPU=1 Worker 0 (model_2) TP=0] Received 1 generation requests
[2026-08-22 09:09:17.401 GPU=1 Worker 0 (model_2) TP=0] Prefill batch. #new-seq: 1, #new-token: 36, #cached-token: 0, cache hit rate: 0.00%, token usage: 0.04, #running-req: 48, #queue-req: 0
[2026-08-22 09:09:17.452 GPU=1 Worker 0 (model_2) TP=0] Decode batch. #running-req: 49, #token: 37176, token usage: 0.04, gen throughput (token/s): 14.73, #queue-req: 0
[2026-08-22 09:09:17.453 GPU=1 Worker 0 (model_2) TP=0] Received 1 generation requests
[2026-08-22 09:09:17.453 GPU=1 Worker 0 (model_2) TP=0] Prefill batch. #new-seq: 1, #new-token: 10, #cached-token: 0, cache hit rate: 0.00%, token usage: 0.04, #running-req: 49, #queue-req: 0
[2026-08-22 09:09:17.480 GPU=1 Worker 0 (model_2) TP=0] Received 1 generation requests
[2026-08-22 09:09:17.481 GPU=1 Worker 0 (model_2) TP=0] Prefill batch. #new-seq: 1, #new-token: 161, #cached-token: 0, cache hit rate: 0.00%, token usage: 0.04, #running-req: 50, #queue-req: 0
[2026-08-22 09:09:17.488 GPU=1 Worker 2 (model_6) TP=0] Received 1 generation requests
[2026-08-22 09:09:17.489 GPU=1 Worker 2 (model_6) TP=0] Prefill batch. #new-seq: 1, #new-token: 9, #cached-token: 0, cache hit rate: 0.00%, token usage: 0.02, #running-req: 4, #queue-req: 0
[2026-08-22 09:09:17.532 GPU=1 Worker 0 (model_2) TP=0] Received 1 generation requests
[2026-08-22 09:09:17.535 GPU=1 Worker 0 (model_2) TP=0] Prefill batch. #new-seq: 1, #new-token: 670, #cached-token: 0, cache hit rate: 0.00%, token usage: 0.04, #running-req: 51, #queue-req: 0
[2026-08-22 09:09:17.591 GPU=1 Worker 0 (model_2) TP=0] Received 2 generation requests
[2026-08-22 09:09:17.694 GPU=1 Worker 0 (model_2) TP=0] Prefill batch. #new-seq: 2, #new-token: 161, #cached-token: 0, cache hit rate: 0.00%, token usage: 0.04, #running-req: 52, #queue-req: 0
[2026-08-22 09:09:17.694 GPU=1 Worker 1 (model_3) TP=0] Received 1 generation requests
[2026-08-22 09:09:17.733 GPU=1 Worker 0 (model_2) TP=0] Received 2 generation requests
[2026-08-22 09:09:17.767 GPU=1 Worker 1 (model_3) TP=0] Prefill batch. #new-seq: 1, #new-token: 2379, #cached-token: 0, cache hit rate: 0.00%, token usage: 0.03, #running-req: 6, #queue-req: 0
[2026-08-22 09:09:17.767 GPU=0 Worker 2 (model_5) TP=0] Received 1 generation requests
[2026-08-22 09:09:17.834 GPU=1 Worker 0 (model_2) TP=0] Prefill batch. #new-seq: 2, #new-token: 510, #cached-token: 0, cache hit rate: 0.00%, token usage: 0.04, #running-req: 54, #queue-req: 0
[2026-08-22 09:09:17.834 GPU=0 Worker 2 (model_5) TP=0] Prefill batch. #new-seq: 1, #new-token: 1030, #cached-token: 0, cache hit rate: 0.00%, token usage: 0.03, #running-req: 2, #queue-req: 0
[2026-08-22 09:09:18.069 GPU=1 Worker 0 (model_2) TP=0] Received 3 generation requests
[2026-08-22 09:09:18.291 GPU=1 Worker 0 (model_2) TP=0] Prefill batch. #new-seq: 3, #new-token: 636, #cached-token: 0, cache hit rate: 0.00%, token usage: 0.04, #running-req: 56, #queue-req: 0
[2026-08-22 09:09:18.360 GPU=1 Worker 0 (model_2) TP=0] Received 1 generation requests
[2026-08-22 09:09:18.363 GPU=1 Worker 0 (model_2) TP=0] Prefill batch. #new-seq: 1, #new-token: 283, #cached-token: 0, cache hit rate: 0.00%, token usage: 0.04, #running-req: 59, #queue-req: 0
[2026-08-22 09:09:18.397 GPU=1 Worker 0 (model_2) TP=0] Received 1 generation requests
[2026-08-22 09:09:18.398 GPU=1 Worker 0 (model_2) TP=0] Prefill batch. #new-seq: 1, #new-token: 119, #cached-token: 0, cache hit rate: 0.00%, token usage: 0.04, #running-req: 60, #queue-req: 0
[2026-08-22 09:09:18.418 GPU=1 Worker 0 (model_2) TP=0] Received 1 generation requests
[2026-08-22 09:09:18.419 GPU=1 Worker 0 (model_2) TP=0] Prefill batch. #new-seq: 1, #new-token: 203, #cached-token: 0, cache hit rate: 0.00%, token usage: 0.04, #running-req: 61, #queue-req: 0
[2026-08-22 09:09:18.450 GPU=1 Worker 2 (model_6) TP=0] Received 1 generation requests
[2026-08-22 09:09:18.452 GPU=1 Worker 2 (model_6) TP=0] Prefill batch. #new-seq: 1, #new-token: 528, #cached-token: 0, cache hit rate: 0.00%, token usage: 0.02, #running-req: 5, #queue-req: 0
[2026-08-22 09:09:18.465 GPU=0 Worker 2 (model_5) TP=0] Received 1 generation requests
[2026-08-22 09:09:18.465 GPU=1 Worker 0 (model_2) TP=0] Received 1 generation requests
[2026-08-22 09:09:18.466 GPU=0 Worker 2 (model_5) TP=0] Prefill batch. #new-seq: 1, #new-token: 14, #cached-token: 0, cache hit rate: 0.00%, token usage: 0.03, #running-req: 3, #queue-req: 0
[2026-08-22 09:09:18.466 GPU=1 Worker 0 (model_2) TP=0] Prefill batch. #new-seq: 1, #new-token: 89, #cached-token: 0, cache hit rate: 0.00%, token usage: 0.04, #running-req: 62, #queue-req: 0
[2026-08-22 09:09:18.545 GPU=0 Worker 2 (model_5) TP=0] Decode batch. #running-req: 4, #token: 6541, token usage: 0.03, gen throughput (token/s): 47.08, #queue-req: 0
[2026-08-22 09:09:18.615 GPU=1 Worker 1 (model_3) TP=0] Received 1 generation requests
[2026-08-22 09:09:18.616 GPU=1 Worker 1 (model_3) TP=0] Prefill batch. #new-seq: 1, #new-token: 147, #cached-token: 0, cache hit rate: 0.00%, token usage: 0.04, #running-req: 7, #queue-req: 0
[2026-08-22 09:09:18.715 GPU=1 Worker 0 (model_2) TP=0] Received 2 generation requests
[2026-08-22 09:09:18.718 GPU=1 Worker 0 (model_2) TP=0] Prefill batch. #new-seq: 2, #new-token: 877, #cached-token: 0, cache hit rate: 0.00%, token usage: 0.04, #running-req: 58, #queue-req: 0
[2026-08-22 09:09:18.739 GPU=1 Worker 2 (model_6) TP=0] Decode batch. #running-req: 6, #token: 11420, token usage: 0.02, gen throughput (token/s): 64.24, #queue-req: 0
[2026-08-22 09:09:18.785 GPU=1 Worker 0 (model_2) TP=0] Received 2 generation requests
[2026-08-22 09:09:18.787 GPU=1 Worker 0 (model_2) TP=0] Prefill batch. #new-seq: 2, #new-token: 654, #cached-token: 0, cache hit rate: 0.00%, token usage: 0.04, #running-req: 60, #queue-req: 0
[2026-08-22 09:09:18.832 GPU=1 Worker 0 (model_2) TP=0] Received 1 generation requests
[2026-08-22 09:09:18.832 GPU=1 Worker 0 (model_2) TP=0] Prefill batch. #new-seq: 1, #new-token: 8, #cached-token: 0, cache hit rate: 0.00%, token usage: 0.04, #running-req: 62, #queue-req: 0
[2026-08-22 09:09:18.848 GPU=1 Worker 1 (model_3) TP=0] Decode batch. #running-req: 8, #token: 10504, token usage: 0.04, gen throughput (token/s): 100.32, #queue-req: 0
[2026-08-22 09:09:18.873 GPU=1 Worker 1 (model_3) TP=0] Received 1 generation requests
[2026-08-22 09:09:18.876 GPU=1 Worker 1 (model_3) TP=0] Prefill batch. #new-seq: 1, #new-token: 770, #cached-token: 0, cache hit rate: 0.00%, token usage: 0.05, #running-req: 8, #queue-req: 0
[2026-08-22 09:09:18.937 GPU=1 Worker 0 (model_2) TP=0] Received 2 generation requests
[2026-08-22 09:09:18.939 GPU=1 Worker 0 (model_2) TP=0] Prefill batch. #new-seq: 2, #new-token: 261, #cached-token: 0, cache hit rate: 0.00%, token usage: 0.04, #running-req: 61, #queue-req: 0
[2026-08-22 09:09:19.049 GPU=1 Worker 0 (model_2) TP=0] Received 2 generation requests
[2026-08-22 09:09:19.053 GPU=1 Worker 0 (model_2) TP=0] Prefill batch. #new-seq: 2, #new-token: 1013, #cached-token: 0, cache hit rate: 0.00%, token usage: 0.04, #running-req: 63, #queue-req: 0
[2026-08-22 09:09:19.121 GPU=1 Worker 2 (model_6) TP=0] Received 1 generation requests
[2026-08-22 09:09:19.121 GPU=1 Worker 0 (model_2) TP=0] Received 1 generation requests
[2026-08-22 09:09:19.143 GPU=1 Worker 2 (model_6) TP=0] Prefill batch. #new-seq: 1, #new-token: 470, #cached-token: 0, cache hit rate: 0.00%, token usage: 0.02, #running-req: 6, #queue-req: 0
[2026-08-22 09:09:19.143 GPU=1 Worker 0 (model_2) TP=0] Prefill batch. #new-seq: 1, #new-token: 112, #cached-token: 0, cache hit rate: 0.00%, token usage: 0.04, #running-req: 65, #queue-req: 0
[2026-08-22 09:09:19.169 GPU=1 Worker 0 (model_2) TP=0] Received 2 generation requests
[2026-08-22 09:09:19.171 GPU=1 Worker 0 (model_2) TP=0] Prefill batch. #new-seq: 2, #new-token: 626, #cached-token: 0, cache hit rate: 0.00%, token usage: 0.04, #running-req: 66, #queue-req: 0
[2026-08-22 09:09:19.234 GPU=1 Worker 0 (model_2) TP=0] Received 1 generation requests
[2026-08-22 09:09:19.236 GPU=1 Worker 0 (model_2) TP=0] Prefill batch. #new-seq: 1, #new-token: 441, #cached-token: 0, cache hit rate: 0.00%, token usage: 0.04, #running-req: 68, #queue-req: 0
[2026-08-22 09:09:19.423 GPU=1 Worker 0 (model_2) TP=0] Received 3 generation requests
[2026-08-22 09:09:19.679 GPU=1 Worker 0 (model_2) TP=0] Prefill batch. #new-seq: 3, #new-token: 177, #cached-token: 0, cache hit rate: 0.00%, token usage: 0.04, #running-req: 69, #queue-req: 0
[2026-08-22 09:09:19.704 GPU=1 Worker 2 (model_6) TP=0] Received 1 generation requests
[2026-08-22 09:09:19.704 GPU=1 Worker 1 (model_3) TP=0] Received 2 generation requests
[2026-08-22 09:09:19.727 GPU=1 Worker 0 (model_2) TP=0] Received 4 generation requests
[2026-08-22 09:09:19.728 GPU=1 Worker 2 (model_6) TP=0] Prefill batch. #new-seq: 1, #new-token: 395, #cached-token: 0, cache hit rate: 0.00%, token usage: 0.03, #running-req: 7, #queue-req: 0
[2026-08-22 09:09:19.728 GPU=1 Worker 1 (model_3) TP=0] Prefill batch. #new-seq: 2, #new-token: 883, #cached-token: 0, cache hit rate: 0.00%, token usage: 0.05, #running-req: 9, #queue-req: 0
[2026-08-22 09:09:19.732 GPU=1 Worker 0 (model_2) TP=0] Prefill batch. #new-seq: 4, #new-token: 574, #cached-token: 0, cache hit rate: 0.00%, token usage: 0.04, #running-req: 72, #queue-req: 0
[2026-08-22 09:09:19.742 GPU=0 Worker 2 (model_5) TP=0] Decode batch. #running-req: 2, #token: 5421, token usage: 0.03, gen throughput (token/s): 76.05, #queue-req: 0
[2026-08-22 09:09:19.956 GPU=0 Worker 2 (model_5) TP=0] Received 1 generation requests
[2026-08-22 09:09:19.957 GPU=0 Worker 2 (model_5) TP=0] Prefill batch. #new-seq: 1, #new-token: 119, #cached-token: 0, cache hit rate: 0.00%, token usage: 0.03, #running-req: 2, #queue-req: 0
[2026-08-22 09:09:19.986 GPU=1 Worker 0 (model_2) TP=0] Received 4 generation requests
[2026-08-22 09:09:19.993 GPU=1 Worker 0 (model_2) TP=0] Prefill batch. #new-seq: 4, #new-token: 1281, #cached-token: 0, cache hit rate: 0.00%, token usage: 0.04, #running-req: 76, #queue-req: 0
[2026-08-22 09:09:20.007 GPU=1 Worker 1 (model_3) TP=0] Received 1 generation requests
[2026-08-22 09:09:20.009 GPU=1 Worker 1 (model_3) TP=0] Prefill batch. #new-seq: 1, #new-token: 526, #cached-token: 0, cache hit rate: 0.00%, token usage: 0.05, #running-req: 11, #queue-req: 0
[2026-08-22 09:09:20.029 GPU=1 Worker 2 (model_6) TP=0] Received 1 generation requests
[2026-08-22 09:09:20.030 GPU=1 Worker 2 (model_6) TP=0] Prefill batch. #new-seq: 1, #new-token: 25, #cached-token: 0, cache hit rate: 0.00%, token usage: 0.03, #running-req: 8, #queue-req: 0
[2026-08-22 09:09:20.113 GPU=1 Worker 1 (model_3) TP=0] Received 1 generation requests
[2026-08-22 09:09:20.145 GPU=1 Worker 1 (model_3) TP=0] Prefill batch. #new-seq: 1, #new-token: 17, #cached-token: 0, cache hit rate: 0.00%, token usage: 0.05, #running-req: 12, #queue-req: 0
[2026-08-22 09:09:20.239 GPU=1 Worker 1 (model_3) TP=0] Received 1 generation requests
[2026-08-22 09:09:20.239 GPU=1 Worker 1 (model_3) TP=0] Prefill batch. #new-seq: 1, #new-token: 9, #cached-token: 0, cache hit rate: 0.00%, token usage: 0.05, #running-req: 13, #queue-req: 0
[2026-08-22 09:09:20.291 GPU=1 Worker 0 (model_2) TP=0] Received 1 generation requests
[2026-08-22 09:09:20.293 GPU=1 Worker 0 (model_2) TP=0] Prefill batch. #new-seq: 1, #new-token: 116, #cached-token: 0, cache hit rate: 0.00%, token usage: 0.04, #running-req: 73, #queue-req: 0
[2026-08-22 09:09:20.356 GPU=1 Worker 0 (model_2) TP=0] Received 2 generation requests
[2026-08-22 09:09:20.416 GPU=0 Worker 2 (model_5) TP=0] Received 1 generation requests
[2026-08-22 09:09:20.445 GPU=1 Worker 0 (model_2) TP=0] Prefill batch. #new-seq: 2, #new-token: 75, #cached-token: 0, cache hit rate: 0.00%, token usage: 0.04, #running-req: 74, #queue-req: 0
[2026-08-22 09:09:20.446 GPU=0 Worker 2 (model_5) TP=0] Prefill batch. #new-seq: 1, #new-token: 347, #cached-token: 0, cache hit rate: 0.00%, token usage: 0.03, #running-req: 2, #queue-req: 0
[2026-08-22 09:09:20.479 GPU=1 Worker 0 (model_2) TP=0] Received 2 generation requests
[2026-08-22 09:09:20.564 GPU=1 Worker 0 (model_2) TP=0] Prefill batch. #new-seq: 2, #new-token: 28, #cached-token: 0, cache hit rate: 0.00%, token usage: 0.04, #running-req: 76, #queue-req: 0
[2026-08-22 09:09:20.565 GPU=1 Worker 1 (model_3) TP=0] Received 1 generation requests
[2026-08-22 09:09:20.565 GPU=0 Worker 2 (model_5) TP=0] Received 1 generation requests
[2026-08-22 09:09:20.565 GPU=1 Worker 1 (model_3) TP=0] Prefill batch. #new-seq: 1, #new-token: 19, #cached-token: 0, cache hit rate: 0.00%, token usage: 0.06, #running-req: 13, #queue-req: 0
[2026-08-22 09:09:20.569 GPU=0 Worker 2 (model_5) TP=0] Prefill batch. #new-seq: 1, #new-token: 701, #cached-token: 0, cache hit rate: 0.00%, token usage: 0.03, #running-req: 3, #queue-req: 0
[2026-08-22 09:09:20.589 GPU=1 Worker 0 (model_2) TP=0] Received 4 generation requests
[2026-08-22 09:09:20.594 GPU=1 Worker 0 (model_2) TP=0] Prefill batch. #new-seq: 4, #new-token: 1419, #cached-token: 0, cache hit rate: 0.00%, token usage: 0.04, #running-req: 78, #queue-req: 0
[2026-08-22 09:09:20.671 GPU=1 Worker 0 (model_2) TP=0] Received 3 generation requests
[2026-08-22 09:09:20.674 GPU=1 Worker 0 (model_2) TP=0] Prefill batch. #new-seq: 3, #new-token: 711, #cached-token: 0, cache hit rate: 0.00%, token usage: 0.05, #running-req: 82, #queue-req: 0
[2026-08-22 09:09:20.723 GPU=1 Worker 0 (model_2) TP=0] Received 1 generation requests
[2026-08-22 09:09:20.724 GPU=1 Worker 0 (model_2) TP=0] Prefill batch. #new-seq: 1, #new-token: 8, #cached-token: 0, cache hit rate: 0.00%, token usage: 0.05, #running-req: 85, #queue-req: 0
[2026-08-22 09:09:21.014 GPU=0 Worker 2 (model_5) TP=0] Decode batch. #running-req: 4, #token: 6453, token usage: 0.03, gen throughput (token/s): 90.40, #queue-req: 0
[2026-08-22 09:09:21.040 GPU=0 Worker 2 (model_5) TP=0] Received 1 generation requests
[2026-08-22 09:09:21.041 GPU=0 Worker 2 (model_5) TP=0] Prefill batch. #new-seq: 1, #new-token: 9, #cached-token: 0, cache hit rate: 0.00%, token usage: 0.03, #running-req: 4, #queue-req: 0
[2026-08-22 09:09:21.049 GPU=1 Worker 0 (model_2) TP=0] Received 3 generation requests
[2026-08-22 09:09:21.049 GPU=1 Worker 2 (model_6) TP=0] Received 1 generation requests
[2026-08-22 09:09:21.080 GPU=1 Worker 0 (model_2) TP=0] Prefill batch. #new-seq: 3, #new-token: 677, #cached-token: 0, cache hit rate: 0.00%, token usage: 0.05, #running-req: 83, #queue-req: 0
[2026-08-22 09:09:21.080 GPU=1 Worker 2 (model_6) TP=0] Prefill batch. #new-seq: 1, #new-token: 428, #cached-token: 0, cache hit rate: 0.00%, token usage: 0.02, #running-req: 6, #queue-req: 0
[2026-08-22 09:09:21.137 GPU=0 Worker 2 (model_5) TP=0] Received 1 generation requests
[2026-08-22 09:09:21.139 GPU=0 Worker 2 (model_5) TP=0] Prefill batch. #new-seq: 1, #new-token: 460, #cached-token: 0, cache hit rate: 0.00%, token usage: 0.03, #running-req: 5, #queue-req: 0
[2026-08-22 09:09:21.160 GPU=1 Worker 0 (model_2) TP=0] Received 2 generation requests
[2026-08-22 09:09:21.161 GPU=1 Worker 0 (model_2) TP=0] Prefill batch. #new-seq: 2, #new-token: 321, #cached-token: 0, cache hit rate: 0.00%, token usage: 0.05, #running-req: 86, #queue-req: 0
[2026-08-22 09:09:21.177 GPU=0 Worker 2 (model_5) TP=0] Received 1 generation requests
[2026-08-22 09:09:21.178 GPU=0 Worker 2 (model_5) TP=0] Prefill batch. #new-seq: 1, #new-token: 161, #cached-token: 0, cache hit rate: 0.00%, token usage: 0.03, #running-req: 6, #queue-req: 0
[2026-08-22 09:09:21.203 GPU=1 Worker 2 (model_6) TP=0] Received 1 generation requests
[2026-08-22 09:09:21.204 GPU=1 Worker 2 (model_6) TP=0] Prefill batch. #new-seq: 1, #new-token: 35, #cached-token: 0, cache hit rate: 0.00%, token usage: 0.03, #running-req: 7, #queue-req: 0
[2026-08-22 09:09:21.367 GPU=1 Worker 0 (model_2) TP=0] Received 2 generation requests
[2026-08-22 09:09:21.368 GPU=1 Worker 0 (model_2) TP=0] Prefill batch. #new-seq: 2, #new-token: 101, #cached-token: 0, cache hit rate: 0.00%, token usage: 0.04, #running-req: 82, #queue-req: 0
[2026-08-22 09:09:21.397 GPU=1 Worker 1 (model_3) TP=0] Decode batch. #running-req: 12, #token: 12031, token usage: 0.05, gen throughput (token/s): 182.81, #queue-req: 0
[2026-08-22 09:09:21.421 GPU=1 Worker 0 (model_2) TP=0] Received 1 generation requests
[2026-08-22 09:09:21.422 GPU=1 Worker 0 (model_2) TP=0] Prefill batch. #new-seq: 1, #new-token: 76, #cached-token: 0, cache hit rate: 0.00%, token usage: 0.04, #running-req: 82, #queue-req: 0
[2026-08-22 09:09:21.644 GPU=1 Worker 2 (model_6) TP=0] Decode batch. #running-req: 6, #token: 11133, token usage: 0.02, gen throughput (token/s): 94.33, #queue-req: 0
[2026-08-22 09:09:21.680 GPU=0 Worker 2 (model_5) TP=0] Decode batch. #running-req: 6, #token: 6856, token usage: 0.03, gen throughput (token/s): 387.55, #queue-req: 0
[2026-08-22 09:09:21.735 GPU=0 Worker 2 (model_5) TP=0] Received 1 generation requests
[2026-08-22 09:09:21.735 GPU=1 Worker 0 (model_2) TP=0] Received 1 generation requests
[2026-08-22 09:09:21.790 GPU=0 Worker 2 (model_5) TP=0] Prefill batch. #new-seq: 1, #new-token: 468, #cached-token: 0, cache hit rate: 0.00%, token usage: 0.03, #running-req: 6, #queue-req: 0
[2026-08-22 09:09:21.816 GPU=1 Worker 0 (model_2) TP=0] Prefill batch. #new-seq: 1, #new-token: 769, #cached-token: 0, cache hit rate: 0.00%, token usage: 0.04, #running-req: 76, #queue-req: 0
[2026-08-22 09:09:21.876 GPU=1 Worker 0 (model_2) TP=0] Received 1 generation requests
[2026-08-22 09:09:21.929 GPU=1 Worker 0 (model_2) TP=0] Prefill batch. #new-seq: 1, #new-token: 543, #cached-token: 0, cache hit rate: 0.00%, token usage: 0.04, #running-req: 77, #queue-req: 0
[2026-08-22 09:09:22.167 GPU=1 Worker 0 (model_2) TP=0] Received 3 generation requests
[2026-08-22 09:09:22.167 GPU=1 Worker 1 (model_3) TP=0] Received 1 generation requests
[2026-08-22 09:09:22.390 GPU=0 Worker 2 (model_5) TP=0] Received 1 generation requests
[2026-08-22 09:09:22.417 GPU=1 Worker 0 (model_2) TP=0] Prefill batch. #new-seq: 3, #new-token: 1000, #cached-token: 0, cache hit rate: 0.00%, token usage: 0.04, #running-req: 78, #queue-req: 0
[2026-08-22 09:09:22.417 GPU=1 Worker 1 (model_3) TP=0] Prefill batch. #new-seq: 1, #new-token: 2008, #cached-token: 0, cache hit rate: 0.00%, token usage: 0.05, #running-req: 11, #queue-req: 0
[2026-08-22 09:09:22.419 GPU=0 Worker 2 (model_5) TP=0] Prefill batch. #new-seq: 1, #new-token: 67, #cached-token: 0, cache hit rate: 0.00%, token usage: 0.04, #running-req: 7, #queue-req: 0
[2026-08-22 09:09:22.459 GPU=1 Worker 0 (model_2) TP=0] Received 5 generation requests
[2026-08-22 09:09:22.557 GPU=1 Worker 0 (model_2) TP=0] Prefill batch. #new-seq: 5, #new-token: 660, #cached-token: 0, cache hit rate: 0.00%, token usage: 0.04, #running-req: 81, #queue-req: 0
[2026-08-22 09:09:22.603 GPU=1 Worker 0 (model_2) TP=0] Received 4 generation requests
[2026-08-22 09:09:22.651 GPU=1 Worker 0 (model_2) TP=0] Prefill batch. #new-seq: 4, #new-token: 89, #cached-token: 0, cache hit rate: 0.00%, token usage: 0.04, #running-req: 86, #queue-req: 0
[2026-08-22 09:09:22.652 GPU=1 Worker 2 (model_6) TP=0] Received 1 generation requests
[2026-08-22 09:09:22.657 GPU=1 Worker 2 (model_6) TP=0] Prefill batch. #new-seq: 1, #new-token: 518, #cached-token: 0, cache hit rate: 0.00%, token usage: 0.02, #running-req: 6, #queue-req: 0
[2026-08-22 09:09:22.684 GPU=1 Worker 0 (model_2) TP=0] Received 3 generation requests
[2026-08-22 09:09:22.696 GPU=1 Worker 0 (model_2) TP=0] Prefill batch. #new-seq: 3, #new-token: 1938, #cached-token: 0, cache hit rate: 0.00%, token usage: 0.04, #running-req: 90, #queue-req: 0
[2026-08-22 09:09:22.839 GPU=1 Worker 0 (model_2) TP=0] Received 1 generation requests
[2026-08-22 09:09:22.840 GPU=1 Worker 0 (model_2) TP=0] Prefill batch. #new-seq: 1, #new-token: 373, #cached-token: 0, cache hit rate: 0.00%, token usage: 0.05, #running-req: 93, #queue-req: 0
[2026-08-22 09:09:22.842 GPU=1 Worker 1 (model_3) TP=0] Received 2 generation requests
[2026-08-22 09:09:22.845 GPU=1 Worker 1 (model_3) TP=0] Prefill batch. #new-seq: 2, #new-token: 1026, #cached-token: 0, cache hit rate: 0.00%, token usage: 0.06, #running-req: 12, #queue-req: 0
[2026-08-22 09:09:22.925 GPU=1 Worker 0 (model_2) TP=0] Decode batch. #running-req: 93, #token: 42809, token usage: 0.05, gen throughput (token/s): 549.29, #queue-req: 0
[2026-08-22 09:09:22.925 GPU=1 Worker 0 (model_2) TP=0] Received 1 generation requests
[2026-08-22 09:09:22.926 GPU=1 Worker 0 (model_2) TP=0] Prefill batch. #new-seq: 1, #new-token: 360, #cached-token: 0, cache hit rate: 0.00%, token usage: 0.05, #running-req: 93, #queue-req: 0
[2026-08-22 09:09:22.949 GPU=1 Worker 1 (model_3) TP=0] Received 1 generation requests
[2026-08-22 09:09:22.949 GPU=1 Worker 1 (model_3) TP=0] Prefill batch. #new-seq: 1, #new-token: 12, #cached-token: 0, cache hit rate: 0.00%, token usage: 0.06, #running-req: 14, #queue-req: 0
[2026-08-22 09:09:22.966 GPU=1 Worker 0 (model_2) TP=0] Received 2 generation requests
[2026-08-22 09:09:22.967 GPU=1 Worker 0 (model_2) TP=0] Prefill batch. #new-seq: 2, #new-token: 273, #cached-token: 0, cache hit rate: 0.00%, token usage: 0.05, #running-req: 94, #queue-req: 0
[2026-08-22 09:09:22.985 GPU=1 Worker 1 (model_3) TP=0] Received 1 generation requests
[2026-08-22 09:09:22.988 GPU=1 Worker 1 (model_3) TP=0] Prefill batch. #new-seq: 1, #new-token: 772, #cached-token: 0, cache hit rate: 0.00%, token usage: 0.06, #running-req: 15, #queue-req: 0
[2026-08-22 09:09:22.999 GPU=1 Worker 0 (model_2) TP=0] Received 1 generation requests
[2026-08-22 09:09:23.000 GPU=1 Worker 0 (model_2) TP=0] Prefill batch. #new-seq: 1, #new-token: 10, #cached-token: 0, cache hit rate: 0.00%, token usage: 0.05, #running-req: 96, #queue-req: 0
[2026-08-22 09:09:23.054 GPU=1 Worker 0 (model_2) TP=0] Received 1 generation requests
[2026-08-22 09:09:23.139 GPU=1 Worker 0 (model_2) TP=0] Prefill batch. #new-seq: 1, #new-token: 572, #cached-token: 0, cache hit rate: 0.00%, token usage: 0.05, #running-req: 97, #queue-req: 0
[2026-08-22 09:09:23.200 GPU=1 Worker 0 (model_2) TP=0] Received 1 generation requests
[2026-08-22 09:09:23.255 GPU=1 Worker 0 (model_2) TP=0] Prefill batch. #new-seq: 1, #new-token: 15, #cached-token: 0, cache hit rate: 0.00%, token usage: 0.05, #running-req: 98, #queue-req: 0
[2026-08-22 09:09:23.296 GPU=1 Worker 0 (model_2) TP=0] Received 1 generation requests
[2026-08-22 09:09:23.297 GPU=1 Worker 0 (model_2) TP=0] Prefill batch. #new-seq: 1, #new-token: 328, #cached-token: 0, cache hit rate: 0.00%, token usage: 0.05, #running-req: 99, #queue-req: 0
[2026-08-22 09:09:23.337 GPU=1 Worker 0 (model_2) TP=0] Received 2 generation requests
[2026-08-22 09:09:23.338 GPU=1 Worker 0 (model_2) TP=0] Prefill batch. #new-seq: 2, #new-token: 184, #cached-token: 0, cache hit rate: 0.00%, token usage: 0.05, #running-req: 100, #queue-req: 0
[2026-08-22 09:09:23.408 GPU=1 Worker 1 (model_3) TP=0] Received 1 generation requests
[2026-08-22 09:09:23.408 GPU=1 Worker 1 (model_3) TP=0] Prefill batch. #new-seq: 1, #new-token: 22, #cached-token: 0, cache hit rate: 0.00%, token usage: 0.07, #running-req: 16, #queue-req: 0
[2026-08-22 09:09:23.488 GPU=1 Worker 0 (model_2) TP=0] Received 2 generation requests
[2026-08-22 09:09:23.781 GPU=0 Worker 2 (model_5) TP=0] Received 1 generation requests
[2026-08-22 09:09:23.782 GPU=1 Worker 0 (model_2) TP=0] Prefill batch. #new-seq: 2, #new-token: 2713, #cached-token: 0, cache hit rate: 0.00%, token usage: 0.05, #running-req: 100, #queue-req: 0
[2026-08-22 09:09:23.814 GPU=0 Worker 2 (model_5) TP=0] Prefill batch. #new-seq: 1, #new-token: 114, #cached-token: 0, cache hit rate: 0.00%, token usage: 0.04, #running-req: 7, #queue-req: 0
[2026-08-22 09:09:23.877 GPU=0 Worker 2 (model_5) TP=0] Decode batch. #running-req: 8, #token: 7315, token usage: 0.04, gen throughput (token/s): 140.64, #queue-req: 0
[2026-08-22 09:09:23.880 GPU=1 Worker 1 (model_3) TP=0] Received 1 generation requests
[2026-08-22 09:09:23.883 GPU=1 Worker 1 (model_3) TP=0] Prefill batch. #new-seq: 1, #new-token: 176, #cached-token: 0, cache hit rate: 0.00%, token usage: 0.07, #running-req: 17, #queue-req: 0
[2026-08-22 09:09:23.954 GPU=1 Worker 0 (model_2) TP=0] Received 2 generation requests
[2026-08-22 09:09:23.957 GPU=1 Worker 0 (model_2) TP=0] Prefill batch. #new-seq: 2, #new-token: 620, #cached-token: 0, cache hit rate: 0.00%, token usage: 0.05, #running-req: 102, #queue-req: 0
[2026-08-22 09:09:24.007 GPU=1 Worker 0 (model_2) TP=0] Received 1 generation requests
[2026-08-22 09:09:24.008 GPU=1 Worker 0 (model_2) TP=0] Prefill batch. #new-seq: 1, #new-token: 20, #cached-token: 0, cache hit rate: 0.00%, token usage: 0.05, #running-req: 104, #queue-req: 0
[2026-08-22 09:09:24.040 GPU=1 Worker 0 (model_2) TP=0] Received 2 generation requests
[2026-08-22 09:09:24.044 GPU=1 Worker 0 (model_2) TP=0] Prefill batch. #new-seq: 2, #new-token: 1836, #cached-token: 0, cache hit rate: 0.00%, token usage: 0.05, #running-req: 105, #queue-req: 0
[2026-08-22 09:09:24.142 GPU=1 Worker 0 (model_2) TP=0] Received 5 generation requests
[2026-08-22 09:09:24.147 GPU=1 Worker 0 (model_2) TP=0] Prefill batch. #new-seq: 5, #new-token: 2064, #cached-token: 0, cache hit rate: 0.00%, token usage: 0.05, #running-req: 107, #queue-req: 0
[2026-08-22 09:09:24.250 GPU=1 Worker 0 (model_2) TP=0] Received 1 generation requests
[2026-08-22 09:09:24.251 GPU=1 Worker 0 (model_2) TP=0] Prefill batch. #new-seq: 1, #new-token: 113, #cached-token: 0, cache hit rate: 0.00%, token usage: 0.06, #running-req: 112, #queue-req: 0
[2026-08-22 09:09:24.271 GPU=1 Worker 2 (model_6) TP=0] Decode batch. #running-req: 7, #token: 11920, token usage: 0.03, gen throughput (token/s): 102.38, #queue-req: 0
[2026-08-22 09:09:24.313 GPU=1 Worker 1 (model_3) TP=0] Received 1 generation requests
[2026-08-22 09:09:24.317 GPU=1 Worker 1 (model_3) TP=0] Prefill batch. #new-seq: 1, #new-token: 772, #cached-token: 0, cache hit rate: 0.00%, token usage: 0.06, #running-req: 16, #queue-req: 0
[2026-08-22 09:09:24.336 GPU=1 Worker 0 (model_2) TP=0] Received 1 generation requests
[2026-08-22 09:09:24.337 GPU=1 Worker 0 (model_2) TP=0] Prefill batch. #new-seq: 1, #new-token: 29, #cached-token: 0, cache hit rate: 0.00%, token usage: 0.06, #running-req: 111, #queue-req: 0
[2026-08-22 09:09:24.406 GPU=1 Worker 0 (model_2) TP=0] Received 2 generation requests
[2026-08-22 09:09:24.409 GPU=1 Worker 0 (model_2) TP=0] Prefill batch. #new-seq: 2, #new-token: 637, #cached-token: 0, cache hit rate: 0.00%, token usage: 0.06, #running-req: 112, #queue-req: 0
[2026-08-22 09:09:24.464 GPU=0 Worker 2 (model_5) TP=0] Received 1 generation requests
[2026-08-22 09:09:24.465 GPU=0 Worker 2 (model_5) TP=0] Prefill batch. #new-seq: 1, #new-token: 11, #cached-token: 0, cache hit rate: 0.00%, token usage: 0.04, #running-req: 7, #queue-req: 0
[2026-08-22 09:09:24.502 GPU=1 Worker 1 (model_3) TP=0] Decode batch. #running-req: 16, #token: 15119, token usage: 0.06, gen throughput (token/s): 186.78, #queue-req: 0
[2026-08-22 09:09:24.608 GPU=1 Worker 0 (model_2) TP=0] Received 1 generation requests
[2026-08-22 09:09:24.682 GPU=1 Worker 0 (model_2) TP=0] Prefill batch. #new-seq: 1, #new-token: 74, #cached-token: 0, cache hit rate: 0.00%, token usage: 0.06, #running-req: 113, #queue-req: 0
[2026-08-22 09:09:24.682 GPU=0 Worker 2 (model_5) TP=0] Decode batch. #running-req: 8, #token: 7493, token usage: 0.04, gen throughput (token/s): 367.77, #queue-req: 0
[2026-08-22 09:09:24.711 GPU=1 Worker 0 (model_2) TP=0] Received 2 generation requests
[2026-08-22 09:09:24.713 GPU=1 Worker 0 (model_2) TP=0] Prefill batch. #new-seq: 2, #new-token: 424, #cached-token: 0, cache hit rate: 0.00%, token usage: 0.06, #running-req: 114, #queue-req: 0
[2026-08-22 09:09:24.915 GPU=0 Worker 2 (model_5) TP=0] Received 1 generation requests
[2026-08-22 09:09:24.915 GPU=1 Worker 0 (model_2) TP=0] Received 4 generation requests
[2026-08-22 09:09:24.915 GPU=0 Worker 2 (model_5) TP=0] Prefill batch. #new-seq: 1, #new-token: 21, #cached-token: 0, cache hit rate: 0.00%, token usage: 0.04, #running-req: 8, #queue-req: 0
[2026-08-22 09:09:25.203 GPU=1 Worker 0 (model_2) TP=0] Prefill batch. #new-seq: 4, #new-token: 1929, #cached-token: 0, cache hit rate: 0.00%, token usage: 0.06, #running-req: 116, #queue-req: 0
[2026-08-22 09:09:25.340 GPU=1 Worker 1 (model_3) TP=0] Received 1 generation requests
[2026-08-22 09:09:25.425 GPU=1 Worker 1 (model_3) TP=0] Prefill batch. #new-seq: 1, #new-token: 12, #cached-token: 0, cache hit rate: 0.00%, token usage: 0.06, #running-req: 14, #queue-req: 0
[2026-08-22 09:09:25.559 GPU=1 Worker 0 (model_2) TP=0] Received 8 generation requests
[2026-08-22 09:09:25.605 GPU=1 Worker 0 (model_2) TP=0] Prefill batch. #new-seq: 8, #new-token: 1779, #cached-token: 0, cache hit rate: 0.00%, token usage: 0.06, #running-req: 120, #queue-req: 0
[2026-08-22 09:09:25.656 GPU=0 Worker 2 (model_5) TP=0] Received 1 generation requests
[2026-08-22 09:09:25.658 GPU=0 Worker 2 (model_5) TP=0] Prefill batch. #new-seq: 1, #new-token: 759, #cached-token: 0, cache hit rate: 0.00%, token usage: 0.04, #running-req: 8, #queue-req: 0
[2026-08-22 09:09:25.681 GPU=1 Worker 0 (model_2) TP=0] Received 3 generation requests
[2026-08-22 09:09:25.687 GPU=1 Worker 0 (model_2) TP=0] Prefill batch. #new-seq: 3, #new-token: 1925, #cached-token: 0, cache hit rate: 0.00%, token usage: 0.06, #running-req: 128, #queue-req: 0
[2026-08-22 09:09:25.780 GPU=0 Worker 2 (model_5) TP=0] Received 1 generation requests
[2026-08-22 09:09:25.781 GPU=0 Worker 2 (model_5) TP=0] Prefill batch. #new-seq: 1, #new-token: 306, #cached-token: 0, cache hit rate: 0.00%, token usage: 0.04, #running-req: 9, #queue-req: 0
[2026-08-22 09:09:25.815 GPU=1 Worker 0 (model_2) TP=0] Received 1 generation requests
[2026-08-22 09:09:25.885 GPU=1 Worker 0 (model_2) TP=0] Prefill batch. #new-seq: 1, #new-token: 259, #cached-token: 0, cache hit rate: 0.00%, token usage: 0.06, #running-req: 131, #queue-req: 0
[2026-08-22 09:09:25.937 GPU=1 Worker 0 (model_2) TP=0] Received 1 generation requests
[2026-08-22 09:09:25.983 GPU=1 Worker 0 (model_2) TP=0] Prefill batch. #new-seq: 1, #new-token: 13, #cached-token: 0, cache hit rate: 0.00%, token usage: 0.06, #running-req: 132, #queue-req: 0
[2026-08-22 09:09:26.019 GPU=1 Worker 2 (model_6) TP=0] Received 1 generation requests
[2026-08-22 09:09:26.025 GPU=1 Worker 2 (model_6) TP=0] Prefill batch. #new-seq: 1, #new-token: 533, #cached-token: 0, cache hit rate: 0.00%, token usage: 0.02, #running-req: 6, #queue-req: 0
[2026-08-22 09:09:26.113 GPU=1 Worker 0 (model_2) TP=0] Received 1 generation requests
[2026-08-22 09:09:26.113 GPU=1 Worker 0 (model_2) TP=0] Prefill batch. #new-seq: 1, #new-token: 39, #cached-token: 0, cache hit rate: 0.00%, token usage: 0.06, #running-req: 131, #queue-req: 0
[2026-08-22 09:09:26.503 GPU=1 Worker 0 (model_2) TP=0] Received 5 generation requests
[2026-08-22 09:09:26.529 GPU=1 Worker 0 (model_2) TP=0] Prefill batch. #new-seq: 5, #new-token: 1428, #cached-token: 0, cache hit rate: 0.00%, token usage: 0.06, #running-req: 127, #queue-req: 0
[2026-08-22 09:09:26.579 GPU=0 Worker 2 (model_5) TP=0] Received 1 generation requests
[2026-08-22 09:09:26.586 GPU=0 Worker 2 (model_5) TP=0] Prefill batch. #new-seq: 1, #new-token: 1053, #cached-token: 0, cache hit rate: 0.00%, token usage: 0.04, #running-req: 10, #queue-req: 0
[2026-08-22 09:09:26.644 GPU=1 Worker 0 (model_2) TP=0] Received 1 generation requests
[2026-08-22 09:09:26.645 GPU=1 Worker 0 (model_2) TP=0] Prefill batch. #new-seq: 1, #new-token: 75, #cached-token: 0, cache hit rate: 0.00%, token usage: 0.06, #running-req: 131, #queue-req: 0
[2026-08-22 09:09:26.675 GPU=1 Worker 0 (model_2) TP=0] Received 1 generation requests
[2026-08-22 09:09:26.677 GPU=1 Worker 0 (model_2) TP=0] Prefill batch. #new-seq: 1, #new-token: 559, #cached-token: 0, cache hit rate: 0.00%, token usage: 0.06, #running-req: 132, #queue-req: 0
[2026-08-22 09:09:26.694 GPU=1 Worker 1 (model_3) TP=0] Decode batch. #running-req: 11, #token: 13532, token usage: 0.06, gen throughput (token/s): 240.94, #queue-req: 0
[2026-08-22 09:09:26.744 GPU=0 Worker 2 (model_5) TP=0] Received 1 generation requests
[2026-08-22 09:09:26.745 GPU=0 Worker 2 (model_5) TP=0] Prefill batch. #new-seq: 1, #new-token: 500, #cached-token: 0, cache hit rate: 0.00%, token usage: 0.05, #running-req: 11, #queue-req: 0
[2026-08-22 09:09:26.815 GPU=1 Worker 2 (model_6) TP=0] Decode batch. #running-req: 6, #token: 11639, token usage: 0.02, gen throughput (token/s): 96.71, #queue-req: 0
[2026-08-22 09:09:26.819 GPU=1 Worker 0 (model_2) TP=0] Received 1 generation requests
[2026-08-22 09:09:26.819 GPU=1 Worker 0 (model_2) TP=0] Prefill batch. #new-seq: 1, #new-token: 34, #cached-token: 0, cache hit rate: 0.00%, token usage: 0.06, #running-req: 128, #queue-req: 0
[2026-08-22 09:09:26.851 GPU=0 Worker 2 (model_5) TP=0] Received 1 generation requests
[2026-08-22 09:09:26.851 GPU=0 Worker 2 (model_5) TP=0] Prefill batch. #new-seq: 1, #new-token: 11, #cached-token: 0, cache hit rate: 0.00%, token usage: 0.05, #running-req: 12, #queue-req: 0
[2026-08-22 09:09:26.960 GPU=0 Worker 2 (model_5) TP=0] Decode batch. #running-req: 12, #token: 9731, token usage: 0.05, gen throughput (token/s): 173.83, #queue-req: 0
[2026-08-22 09:09:27.004 GPU=1 Worker 0 (model_2) TP=0] Received 1 generation requests
[2026-08-22 09:09:27.005 GPU=1 Worker 0 (model_2) TP=0] Prefill batch. #new-seq: 1, #new-token: 25, #cached-token: 0, cache hit rate: 0.00%, token usage: 0.06, #running-req: 126, #queue-req: 0
[2026-08-22 09:09:27.147 GPU=1 Worker 0 (model_2) TP=0] Received 1 generation requests
[2026-08-22 09:09:27.216 GPU=1 Worker 0 (model_2) TP=0] Prefill batch. #new-seq: 1, #new-token: 19, #cached-token: 0, cache hit rate: 0.00%, token usage: 0.06, #running-req: 125, #queue-req: 0
[2026-08-22 09:09:27.244 GPU=1 Worker 0 (model_2) TP=0] Received 3 generation requests
[2026-08-22 09:09:27.267 GPU=0 Worker 2 (model_5) TP=0] Received 1 generation requests
[2026-08-22 09:09:27.314 GPU=1 Worker 0 (model_2) TP=0] Prefill batch. #new-seq: 3, #new-token: 62, #cached-token: 0, cache hit rate: 0.00%, token usage: 0.06, #running-req: 126, #queue-req: 0
[2026-08-22 09:09:27.314 GPU=0 Worker 2 (model_5) TP=0] Prefill batch. #new-seq: 1, #new-token: 289, #cached-token: 0, cache hit rate: 0.00%, token usage: 0.05, #running-req: 11, #queue-req: 0
[2026-08-22 09:09:27.347 GPU=1 Worker 0 (model_2) TP=0] Received 1 generation requests
[2026-08-22 09:09:27.349 GPU=1 Worker 0 (model_2) TP=0] Prefill batch. #new-seq: 1, #new-token: 312, #cached-token: 0, cache hit rate: 0.00%, token usage: 0.06, #running-req: 129, #queue-req: 0
[2026-08-22 09:09:27.383 GPU=1 Worker 0 (model_2) TP=0] Received 2 generation requests
[2026-08-22 09:09:27.385 GPU=1 Worker 0 (model_2) TP=0] Prefill batch. #new-seq: 2, #new-token: 775, #cached-token: 0, cache hit rate: 0.00%, token usage: 0.06, #running-req: 130, #queue-req: 0
[2026-08-22 09:09:27.551 GPU=1 Worker 1 (model_3) TP=0] Received 1 generation requests
[2026-08-22 09:09:27.797 GPU=1 Worker 1 (model_3) TP=0] Prefill batch. #new-seq: 1, #new-token: 702, #cached-token: 0, cache hit rate: 0.00%, token usage: 0.06, #running-req: 11, #queue-req: 0
[2026-08-22 09:09:27.797 GPU=1 Worker 2 (model_6) TP=0] Received 1 generation requests
[2026-08-22 09:09:27.821 GPU=1 Worker 0 (model_2) TP=0] Received 4 generation requests
[2026-08-22 09:09:27.822 GPU=1 Worker 2 (model_6) TP=0] Prefill batch. #new-seq: 1, #new-token: 235, #cached-token: 0, cache hit rate: 0.00%, token usage: 0.02, #running-req: 5, #queue-req: 0
[2026-08-22 09:09:27.825 GPU=1 Worker 0 (model_2) TP=0] Prefill batch. #new-seq: 4, #new-token: 1089, #cached-token: 0, cache hit rate: 0.00%, token usage: 0.06, #running-req: 130, #queue-req: 0
[2026-08-22 09:09:27.886 GPU=1 Worker 0 (model_2) TP=0] Received 1 generation requests
[2026-08-22 09:09:27.977 GPU=1 Worker 0 (model_2) TP=0] Prefill batch. #new-seq: 1, #new-token: 793, #cached-token: 0, cache hit rate: 0.00%, token usage: 0.06, #running-req: 134, #queue-req: 0
[2026-08-22 09:09:28.023 GPU=1 Worker 0 (model_2) TP=0] Received 4 generation requests
[2026-08-22 09:09:28.026 GPU=1 Worker 0 (model_2) TP=0] Prefill batch. #new-seq: 4, #new-token: 1157, #cached-token: 0, cache hit rate: 0.00%, token usage: 0.06, #running-req: 135, #queue-req: 0
[2026-08-22 09:09:28.097 GPU=1 Worker 0 (model_2) TP=0] Received 2 generation requests
[2026-08-22 09:09:28.101 GPU=1 Worker 0 (model_2) TP=0] Prefill batch. #new-seq: 2, #new-token: 1607, #cached-token: 0, cache hit rate: 0.00%, token usage: 0.06, #running-req: 139, #queue-req: 0
[2026-08-22 09:09:28.257 GPU=1 Worker 0 (model_2) TP=0] Received 1 generation requests
[2026-08-22 09:09:28.259 GPU=1 Worker 0 (model_2) TP=0] Prefill batch. #new-seq: 1, #new-token: 564, #cached-token: 0, cache hit rate: 0.00%, token usage: 0.06, #running-req: 137, #queue-req: 0
[2026-08-22 09:09:28.272 GPU=0 Worker 2 (model_5) TP=0] Received 1 generation requests
[2026-08-22 09:09:28.273 GPU=0 Worker 2 (model_5) TP=0] Prefill batch. #new-seq: 1, #new-token: 281, #cached-token: 0, cache hit rate: 0.00%, token usage: 0.05, #running-req: 12, #queue-req: 0
[2026-08-22 09:09:28.324 GPU=1 Worker 1 (model_3) TP=0] Decode batch. #running-req: 12, #token: 14687, token usage: 0.06, gen throughput (token/s): 277.82, #queue-req: 0
[2026-08-22 09:09:28.364 GPU=0 Worker 2 (model_5) TP=0] Decode batch. #running-req: 13, #token: 10257, token usage: 0.05, gen throughput (token/s): 335.33, #queue-req: 0
[2026-08-22 09:09:28.413 GPU=1 Worker 0 (model_2) TP=0] Received 1 generation requests
[2026-08-22 09:09:28.415 GPU=1 Worker 0 (model_2) TP=0] Prefill batch. #new-seq: 1, #new-token: 389, #cached-token: 0, cache hit rate: 0.00%, token usage: 0.06, #running-req: 138, #queue-req: 0
[2026-08-22 09:09:28.454 GPU=0 Worker 2 (model_5) TP=0] Received 1 generation requests
[2026-08-22 09:09:28.544 GPU=0 Worker 2 (model_5) TP=0] Prefill batch. #new-seq: 1, #new-token: 14, #cached-token: 0, cache hit rate: 0.00%, token usage: 0.05, #running-req: 13, #queue-req: 0
[2026-08-22 09:09:28.545 GPU=1 Worker 0 (model_2) TP=0] Received 3 generation requests
[2026-08-22 09:09:28.609 GPU=1 Worker 0 (model_2) TP=0] Prefill batch. #new-seq: 3, #new-token: 3625, #cached-token: 0, cache hit rate: 0.00%, token usage: 0.06, #running-req: 138, #queue-req: 0
[2026-08-22 09:09:28.818 GPU=1 Worker 2 (model_6) TP=0] Received 1 generation requests
[2026-08-22 09:09:28.827 GPU=1 Worker 2 (model_6) TP=0] Prefill batch. #new-seq: 1, #new-token: 1874, #cached-token: 0, cache hit rate: 0.00%, token usage: 0.03, #running-req: 6, #queue-req: 0
[2026-08-22 09:09:29.161 GPU=0 Worker 2 (model_5) TP=0] Received 1 generation requests
[2026-08-22 09:09:29.161 GPU=1 Worker 1 (model_3) TP=0] Received 2 generation requests
[2026-08-22 09:09:29.193 GPU=0 Worker 2 (model_5) TP=0] Prefill batch. #new-seq: 1, #new-token: 287, #cached-token: 0, cache hit rate: 0.00%, token usage: 0.05, #running-req: 14, #queue-req: 0
[2026-08-22 09:09:29.193 GPU=1 Worker 1 (model_3) TP=0] Prefill batch. #new-seq: 2, #new-token: 744, #cached-token: 0, cache hit rate: 0.00%, token usage: 0.06, #running-req: 11, #queue-req: 0
[2026-08-22 09:09:29.225 GPU=0 Worker 2 (model_5) TP=0] Received 1 generation requests
[2026-08-22 09:09:29.227 GPU=0 Worker 2 (model_5) TP=0] Prefill batch. #new-seq: 1, #new-token: 56, #cached-token: 0, cache hit rate: 0.00%, token usage: 0.05, #running-req: 15, #queue-req: 0
[2026-08-22 09:09:29.293 GPU=1 Worker 1 (model_3) TP=0] Received 1 generation requests
[2026-08-22 09:09:29.295 GPU=1 Worker 1 (model_3) TP=0] Prefill batch. #new-seq: 1, #new-token: 273, #cached-token: 0, cache hit rate: 0.00%, token usage: 0.06, #running-req: 13, #queue-req: 0
[2026-08-22 09:09:29.403 GPU=1 Worker 2 (model_6) TP=0] Received 1 generation requests
[2026-08-22 09:09:29.404 GPU=1 Worker 2 (model_6) TP=0] Prefill batch. #new-seq: 1, #new-token: 89, #cached-token: 0, cache hit rate: 0.00%, token usage: 0.03, #running-req: 7, #queue-req: 0
[2026-08-22 09:09:29.405 GPU=1 Worker 0 (model_2) TP=0] Received 10 generation requests
[2026-08-22 09:09:29.419 GPU=1 Worker 0 (model_2) TP=0] Prefill batch. #new-seq: 10, #new-token: 5220, #cached-token: 0, cache hit rate: 0.00%, token usage: 0.07, #running-req: 141, #queue-req: 0
[2026-08-22 09:09:29.455 GPU=1 Worker 2 (model_6) TP=0] Decode batch. #running-req: 8, #token: 13928, token usage: 0.03, gen throughput (token/s): 86.36, #queue-req: 0
[2026-08-22 09:09:29.641 GPU=1 Worker 0 (model_2) TP=0] Received 3 generation requests
[2026-08-22 09:09:29.643 GPU=1 Worker 0 (model_2) TP=0] Prefill batch. #new-seq: 3, #new-token: 695, #cached-token: 0, cache hit rate: 0.00%, token usage: 0.07, #running-req: 151, #queue-req: 0
[2026-08-22 09:09:29.696 GPU=0 Worker 2 (model_5) TP=0] Decode batch. #running-req: 13, #token: 9731, token usage: 0.05, gen throughput (token/s): 422.16, #queue-req: 0
[2026-08-22 09:09:29.742 GPU=1 Worker 0 (model_2) TP=0] Received 1 generation requests
[2026-08-22 09:09:29.744 GPU=1 Worker 0 (model_2) TP=0] Prefill batch. #new-seq: 1, #new-token: 592, #cached-token: 0, cache hit rate: 0.00%, token usage: 0.07, #running-req: 154, #queue-req: 0
[2026-08-22 09:09:29.794 GPU=1 Worker 1 (model_3) TP=0] Received 1 generation requests
[2026-08-22 09:09:29.850 GPU=1 Worker 1 (model_3) TP=0] Prefill batch. #new-seq: 1, #new-token: 2510, #cached-token: 0, cache hit rate: 0.00%, token usage: 0.06, #running-req: 13, #queue-req: 0
[2026-08-22 09:09:29.850 GPU=1 Worker 0 (model_2) TP=0] Received 2 generation requests
[2026-08-22 09:09:29.851 GPU=1 Worker 2 (model_6) TP=0] Received 1 generation requests
[2026-08-22 09:09:29.928 GPU=1 Worker 2 (model_6) TP=0] Prefill batch. #new-seq: 1, #new-token: 19, #cached-token: 0, cache hit rate: 0.00%, token usage: 0.03, #running-req: 8, #queue-req: 0
[2026-08-22 09:09:29.928 GPU=1 Worker 0 (model_2) TP=0] Prefill batch. #new-seq: 2, #new-token: 840, #cached-token: 0, cache hit rate: 0.00%, token usage: 0.08, #running-req: 155, #queue-req: 0
[2026-08-22 09:09:29.983 GPU=0 Worker 2 (model_5) TP=0] Received 2 generation requests
[2026-08-22 09:09:30.007 GPU=1 Worker 0 (model_2) TP=0] Received 4 generation requests
[2026-08-22 09:09:30.032 GPU=0 Worker 2 (model_5) TP=0] Prefill batch. #new-seq: 2, #new-token: 308, #cached-token: 0, cache hit rate: 0.00%, token usage: 0.05, #running-req: 12, #queue-req: 0
[2026-08-22 09:09:30.033 GPU=1 Worker 0 (model_2) TP=0] Prefill batch. #new-seq: 4, #new-token: 940, #cached-token: 0, cache hit rate: 0.00%, token usage: 0.08, #running-req: 157, #queue-req: 0
[2026-08-22 09:09:30.270 GPU=1 Worker 0 (model_2) TP=0] Received 1 generation requests
[2026-08-22 09:09:30.542 GPU=1 Worker 0 (model_2) TP=0] Prefill batch. #new-seq: 1, #new-token: 1555, #cached-token: 0, cache hit rate: 0.00%, token usage: 0.08, #running-req: 161, #queue-req: 0
[2026-08-22 09:09:30.641 GPU=1 Worker 0 (model_2) TP=0] Received 6 generation requests
[2026-08-22 09:09:30.739 GPU=1 Worker 0 (model_2) TP=0] Prefill batch. #new-seq: 6, #new-token: 631, #cached-token: 0, cache hit rate: 0.00%, token usage: 0.08, #running-req: 162, #queue-req: 0
[2026-08-22 09:09:30.926 GPU=1 Worker 1 (model_3) TP=0] Decode batch. #running-req: 14, #token: 15435, token usage: 0.07, gen throughput (token/s): 193.71, #queue-req: 0
[2026-08-22 09:09:31.027 GPU=1 Worker 0 (model_2) TP=0] Decode batch. #running-req: 166, #token: 72087, token usage: 0.08, gen throughput (token/s): 648.87, #queue-req: 0
[2026-08-22 09:09:31.027 GPU=1 Worker 2 (model_6) TP=0] Received 1 generation requests
[2026-08-22 09:09:31.057 GPU=1 Worker 2 (model_6) TP=0] Prefill batch. #new-seq: 1, #new-token: 1007, #cached-token: 0, cache hit rate: 0.00%, token usage: 0.02, #running-req: 6, #queue-req: 0
[2026-08-22 09:09:31.080 GPU=1 Worker 1 (model_3) TP=0] Received 1 generation requests
[2026-08-22 09:09:31.081 GPU=1 Worker 1 (model_3) TP=0] Prefill batch. #new-seq: 1, #new-token: 20, #cached-token: 0, cache hit rate: 0.00%, token usage: 0.07, #running-req: 14, #queue-req: 0
[2026-08-22 09:09:31.083 GPU=1 Worker 0 (model_2) TP=0] Received 1 generation requests
[2026-08-22 09:09:31.085 GPU=1 Worker 0 (model_2) TP=0] Prefill batch. #new-seq: 1, #new-token: 267, #cached-token: 0, cache hit rate: 0.00%, token usage: 0.08, #running-req: 165, #queue-req: 0
[2026-08-22 09:09:31.117 GPU=0 Worker 2 (model_5) TP=0] Received 1 generation requests
[2026-08-22 09:09:31.119 GPU=0 Worker 2 (model_5) TP=0] Prefill batch. #new-seq: 1, #new-token: 519, #cached-token: 0, cache hit rate: 0.00%, token usage: 0.05, #running-req: 11, #queue-req: 0
[2026-08-22 09:09:31.176 GPU=1 Worker 0 (model_2) TP=0] Received 1 generation requests
[2026-08-22 09:09:31.258 GPU=1 Worker 0 (model_2) TP=0] Prefill batch. #new-seq: 1, #new-token: 12, #cached-token: 0, cache hit rate: 0.00%, token usage: 0.08, #running-req: 164, #queue-req: 0
[2026-08-22 09:09:31.296 GPU=0 Worker 2 (model_5) TP=0] Received 1 generation requests
[2026-08-22 09:09:31.296 GPU=1 Worker 0 (model_2) TP=0] Received 2 generation requests
[2026-08-22 09:09:31.373 GPU=0 Worker 2 (model_5) TP=0] Prefill batch. #new-seq: 1, #new-token: 768, #cached-token: 0, cache hit rate: 0.00%, token usage: 0.05, #running-req: 12, #queue-req: 0
[2026-08-22 09:09:31.373 GPU=1 Worker 0 (model_2) TP=0] Prefill batch. #new-seq: 2, #new-token: 781, #cached-token: 0, cache hit rate: 0.00%, token usage: 0.08, #running-req: 165, #queue-req: 0
[2026-08-22 09:09:31.423 GPU=1 Worker 0 (model_2) TP=0] Received 2 generation requests
[2026-08-22 09:09:31.424 GPU=1 Worker 0 (model_2) TP=0] Prefill batch. #new-seq: 2, #new-token: 55, #cached-token: 0, cache hit rate: 0.00%, token usage: 0.08, #running-req: 167, #queue-req: 0
[2026-08-22 09:09:31.525 GPU=1 Worker 0 (model_2) TP=0] Received 1 generation requests
[2026-08-22 09:09:31.530 GPU=1 Worker 0 (model_2) TP=0] Prefill batch. #new-seq: 1, #new-token: 1713, #cached-token: 0, cache hit rate: 0.00%, token usage: 0.08, #running-req: 167, #queue-req: 0
[2026-08-22 09:09:31.627 GPU=0 Worker 2 (model_5) TP=0] Received 1 generation requests
[2026-08-22 09:09:31.629 GPU=0 Worker 2 (model_5) TP=0] Prefill batch. #new-seq: 1, #new-token: 239, #cached-token: 0, cache hit rate: 0.00%, token usage: 0.05, #running-req: 13, #queue-req: 0
[2026-08-22 09:09:31.777 GPU=0 Worker 2 (model_5) TP=0] Decode batch. #running-req: 14, #token: 11053, token usage: 0.05, gen throughput (token/s): 240.71, #queue-req: 0
[2026-08-22 09:09:31.853 GPU=1 Worker 0 (model_2) TP=0] Received 2 generation requests
[2026-08-22 09:09:31.853 GPU=1 Worker 1 (model_3) TP=0] Received 1 generation requests
[2026-08-22 09:09:31.853 GPU=1 Worker 2 (model_6) TP=0] Received 1 generation requests
[2026-08-22 09:09:31.881 GPU=1 Worker 2 (model_6) TP=0] Prefill batch. #new-seq: 1, #new-token: 84, #cached-token: 0, cache hit rate: 0.00%, token usage: 0.03, #running-req: 7, #queue-req: 0
[2026-08-22 09:09:31.881 GPU=1 Worker 1 (model_3) TP=0] Prefill batch. #new-seq: 1, #new-token: 10, #cached-token: 0, cache hit rate: 0.00%, token usage: 0.07, #running-req: 15, #queue-req: 0
[2026-08-22 09:09:31.881 GPU=1 Worker 0 (model_2) TP=0] Prefill batch. #new-seq: 2, #new-token: 1060, #cached-token: 0, cache hit rate: 0.00%, token usage: 0.08, #running-req: 168, #queue-req: 0
[2026-08-22 09:09:31.960 GPU=1 Worker 0 (model_2) TP=0] Received 1 generation requests
[2026-08-22 09:09:31.962 GPU=1 Worker 0 (model_2) TP=0] Prefill batch. #new-seq: 1, #new-token: 253, #cached-token: 0, cache hit rate: 0.00%, token usage: 0.08, #running-req: 170, #queue-req: 0
[2026-08-22 09:09:32.034 GPU=1 Worker 0 (model_2) TP=0] Received 2 generation requests
[2026-08-22 09:09:32.037 GPU=1 Worker 0 (model_2) TP=0] Prefill batch. #new-seq: 2, #new-token: 1047, #cached-token: 0, cache hit rate: 0.00%, token usage: 0.08, #running-req: 168, #queue-req: 0
[2026-08-22 09:09:32.084 GPU=0 Worker 2 (model_5) TP=0] Received 1 generation requests
[2026-08-22 09:09:32.085 GPU=0 Worker 2 (model_5) TP=0] Prefill batch. #new-seq: 1, #new-token: 122, #cached-token: 0, cache hit rate: 0.00%, token usage: 0.05, #running-req: 11, #queue-req: 0
[2026-08-22 09:09:32.170 GPU=0 Worker 2 (model_5) TP=0] Received 1 generation requests
[2026-08-22 09:09:32.171 GPU=0 Worker 2 (model_5) TP=0] Prefill batch. #new-seq: 1, #new-token: 18, #cached-token: 0, cache hit rate: 0.00%, token usage: 0.05, #running-req: 12, #queue-req: 0
[2026-08-22 09:09:32.176 GPU=1 Worker 0 (model_2) TP=0] Received 1 generation requests
[2026-08-22 09:09:32.177 GPU=1 Worker 0 (model_2) TP=0] Prefill batch. #new-seq: 1, #new-token: 12, #cached-token: 0, cache hit rate: 0.00%, token usage: 0.08, #running-req: 168, #queue-req: 0
[2026-08-22 09:09:32.208 GPU=1 Worker 0 (model_2) TP=0] Received 1 generation requests
[2026-08-22 09:09:32.210 GPU=1 Worker 0 (model_2) TP=0] Prefill batch. #new-seq: 1, #new-token: 244, #cached-token: 0, cache hit rate: 0.00%, token usage: 0.08, #running-req: 169, #queue-req: 0
[2026-08-22 09:09:32.226 GPU=0 Worker 2 (model_5) TP=0] Received 1 generation requests
[2026-08-22 09:09:32.232 GPU=0 Worker 2 (model_5) TP=0] Prefill batch. #new-seq: 1, #new-token: 2550, #cached-token: 0, cache hit rate: 0.00%, token usage: 0.05, #running-req: 13, #queue-req: 0
[2026-08-22 09:09:32.243 GPU=1 Worker 0 (model_2) TP=0] Received 1 generation requests
[2026-08-22 09:09:32.245 GPU=1 Worker 0 (model_2) TP=0] Prefill batch. #new-seq: 1, #new-token: 605, #cached-token: 0, cache hit rate: 0.00%, token usage: 0.08, #running-req: 170, #queue-req: 0
[2026-08-22 09:09:32.304 GPU=1 Worker 0 (model_2) TP=0] Received 1 generation requests
[2026-08-22 09:09:32.305 GPU=1 Worker 2 (model_6) TP=0] Decode batch. #running-req: 8, #token: 12580, token usage: 0.03, gen throughput (token/s): 106.30, #queue-req: 0
[2026-08-22 09:09:32.306 GPU=1 Worker 0 (model_2) TP=0] Prefill batch. #new-seq: 1, #new-token: 450, #cached-token: 0, cache hit rate: 0.00%, token usage: 0.08, #running-req: 171, #queue-req: 0
[2026-08-22 09:09:32.348 GPU=1 Worker 0 (model_2) TP=0] Received 1 generation requests
[2026-08-22 09:09:32.349 GPU=1 Worker 0 (model_2) TP=0] Prefill batch. #new-seq: 1, #new-token: 246, #cached-token: 0, cache hit rate: 0.00%, token usage: 0.08, #running-req: 172, #queue-req: 0
[2026-08-22 09:09:32.433 GPU=0 Worker 2 (model_5) TP=0] Received 1 generation requests
[2026-08-22 09:09:32.434 GPU=0 Worker 2 (model_5) TP=0] Prefill batch. #new-seq: 1, #new-token: 599, #cached-token: 0, cache hit rate: 0.00%, token usage: 0.06, #running-req: 14, #queue-req: 0
[2026-08-22 09:09:32.458 GPU=1 Worker 0 (model_2) TP=0] Received 1 generation requests
[2026-08-22 09:09:32.471 GPU=1 Worker 0 (model_2) TP=0] Prefill batch. #new-seq: 1, #new-token: 2250, #cached-token: 0, cache hit rate: 0.00%, token usage: 0.08, #running-req: 172, #queue-req: 0
[2026-08-22 09:09:32.484 GPU=0 Worker 2 (model_5) TP=0] Received 1 generation requests
[2026-08-22 09:09:32.487 GPU=0 Worker 2 (model_5) TP=0] Prefill batch. #new-seq: 1, #new-token: 691, #cached-token: 0, cache hit rate: 0.00%, token usage: 0.06, #running-req: 15, #queue-req: 0
[2026-08-22 09:09:33.142 GPU=1 Worker 1 (model_3) TP=0] Received 1 generation requests
[2026-08-22 09:09:33.171 GPU=1 Worker 1 (model_3) TP=0] Prefill batch. #new-seq: 1, #new-token: 63, #cached-token: 0, cache hit rate: 0.00%, token usage: 0.06, #running-req: 14, #queue-req: 0
[2026-08-22 09:09:33.197 GPU=1 Worker 2 (model_6) TP=0] Received 1 generation requests
[2026-08-22 09:09:33.205 GPU=1 Worker 2 (model_6) TP=0] Prefill batch. #new-seq: 1, #new-token: 265, #cached-token: 0, cache hit rate: 0.00%, token usage: 0.03, #running-req: 6, #queue-req: 0
[2026-08-22 09:09:33.211 GPU=1 Worker 1 (model_3) TP=0] Received 2 generation requests
[2026-08-22 09:09:33.213 GPU=1 Worker 1 (model_3) TP=0] Prefill batch. #new-seq: 2, #new-token: 380, #cached-token: 0, cache hit rate: 0.00%, token usage: 0.06, #running-req: 15, #queue-req: 0
[2026-08-22 09:09:33.316 GPU=1 Worker 1 (model_3) TP=0] Received 1 generation requests
[2026-08-22 09:09:33.316 GPU=1 Worker 0 (model_2) TP=0] Received 11 generation requests
[2026-08-22 09:09:33.405 GPU=1 Worker 1 (model_3) TP=0] Prefill batch. #new-seq: 1, #new-token: 143, #cached-token: 0, cache hit rate: 0.00%, token usage: 0.07, #running-req: 17, #queue-req: 0
[2026-08-22 09:09:33.405 GPU=1 Worker 0 (model_2) TP=0] Prefill batch. #new-seq: 11, #new-token: 1844, #cached-token: 0, cache hit rate: 0.00%, token usage: 0.08, #running-req: 173, #queue-req: 0
[2026-08-22 09:09:33.444 GPU=1 Worker 1 (model_3) TP=0] Received 1 generation requests
[2026-08-22 09:09:33.445 GPU=1 Worker 1 (model_3) TP=0] Prefill batch. #new-seq: 1, #new-token: 11, #cached-token: 0, cache hit rate: 0.00%, token usage: 0.07, #running-req: 18, #queue-req: 0
[2026-08-22 09:09:33.462 GPU=0 Worker 2 (model_5) TP=0] Received 2 generation requests
[2026-08-22 09:09:33.463 GPU=0 Worker 2 (model_5) TP=0] Prefill batch. #new-seq: 2, #new-token: 76, #cached-token: 0, cache hit rate: 0.00%, token usage: 0.07, #running-req: 16, #queue-req: 0
[2026-08-22 09:09:33.491 GPU=1 Worker 0 (model_2) TP=0] Received 5 generation requests
[2026-08-22 09:09:33.493 GPU=1 Worker 0 (model_2) TP=0] Prefill batch. #new-seq: 5, #new-token: 590, #cached-token: 0, cache hit rate: 0.00%, token usage: 0.09, #running-req: 184, #queue-req: 0
[2026-08-22 09:09:33.513 GPU=1 Worker 1 (model_3) TP=0] Decode batch. #running-req: 19, #token: 15713, token usage: 0.07, gen throughput (token/s): 238.89, #queue-req: 0
[2026-08-22 09:09:33.549 GPU=1 Worker 0 (model_2) TP=0] Received 1 generation requests
[2026-08-22 09:09:33.549 GPU=1 Worker 0 (model_2) TP=0] Prefill batch. #new-seq: 1, #new-token: 28, #cached-token: 0, cache hit rate: 0.00%, token usage: 0.09, #running-req: 189, #queue-req: 0
[2026-08-22 09:09:33.607 GPU=1 Worker 1 (model_3) TP=0] Received 1 generation requests
[2026-08-22 09:09:33.607 GPU=1 Worker 1 (model_3) TP=0] Prefill batch. #new-seq: 1, #new-token: 11, #cached-token: 0, cache hit rate: 0.00%, token usage: 0.07, #running-req: 19, #queue-req: 0
[2026-08-22 09:09:33.615 GPU=1 Worker 0 (model_2) TP=0] Received 1 generation requests
[2026-08-22 09:09:33.616 GPU=1 Worker 0 (model_2) TP=0] Prefill batch. #new-seq: 1, #new-token: 196, #cached-token: 0, cache hit rate: 0.00%, token usage: 0.08, #running-req: 189, #queue-req: 0
[2026-08-22 09:09:33.661 GPU=0 Worker 2 (model_5) TP=0] Decode batch. #running-req: 17, #token: 13950, token usage: 0.07, gen throughput (token/s): 296.13, #queue-req: 0
[2026-08-22 09:09:33.729 GPU=1 Worker 0 (model_2) TP=0] Received 3 generation requests
[2026-08-22 09:09:33.731 GPU=1 Worker 0 (model_2) TP=0] Prefill batch. #new-seq: 3, #new-token: 291, #cached-token: 0, cache hit rate: 0.00%, token usage: 0.08, #running-req: 181, #queue-req: 0
[2026-08-22 09:09:33.770 GPU=1 Worker 0 (model_2) TP=0] Received 1 generation requests
[2026-08-22 09:09:33.772 GPU=1 Worker 0 (model_2) TP=0] Prefill batch. #new-seq: 1, #new-token: 436, #cached-token: 0, cache hit rate: 0.00%, token usage: 0.08, #running-req: 184, #queue-req: 0
[2026-08-22 09:09:33.826 GPU=1 Worker 0 (model_2) TP=0] Received 2 generation requests
[2026-08-22 09:09:33.884 GPU=1 Worker 0 (model_2) TP=0] Prefill batch. #new-seq: 2, #new-token: 19, #cached-token: 0, cache hit rate: 0.00%, token usage: 0.08, #running-req: 185, #queue-req: 0
[2026-08-22 09:09:33.948 GPU=1 Worker 0 (model_2) TP=0] Received 2 generation requests
[2026-08-22 09:09:34.032 GPU=1 Worker 0 (model_2) TP=0] Prefill batch. #new-seq: 2, #new-token: 2048, #cached-token: 0, cache hit rate: 0.00%, token usage: 0.08, #running-req: 187, #queue-req: 0
[2026-08-22 09:09:34.131 GPU=1 Worker 0 (model_2) TP=0] Received 4 generation requests
[2026-08-22 09:09:34.134 GPU=1 Worker 0 (model_2) TP=0] Prefill batch. #new-seq: 4, #new-token: 1252, #cached-token: 0, cache hit rate: 0.00%, token usage: 0.08, #running-req: 189, #queue-req: 0
[2026-08-22 09:09:34.207 GPU=1 Worker 0 (model_2) TP=0] Received 1 generation requests
[2026-08-22 09:09:34.209 GPU=1 Worker 0 (model_2) TP=0] Prefill batch. #new-seq: 1, #new-token: 572, #cached-token: 0, cache hit rate: 0.00%, token usage: 0.09, #running-req: 193, #queue-req: 0
[2026-08-22 09:09:34.257 GPU=1 Worker 0 (model_2) TP=0] Received 1 generation requests
[2026-08-22 09:09:34.259 GPU=1 Worker 0 (model_2) TP=0] Prefill batch. #new-seq: 1, #new-token: 283, #cached-token: 0, cache hit rate: 0.00%, token usage: 0.09, #running-req: 194, #queue-req: 0
[2026-08-22 09:09:34.498 GPU=1 Worker 0 (model_2) TP=0] Received 3 generation requests
[2026-08-22 09:09:34.498 GPU=1 Worker 1 (model_3) TP=0] Received 1 generation requests
[2026-08-22 09:09:34.525 GPU=0 Worker 2 (model_5) TP=0] Received 1 generation requests
[2026-08-22 09:09:34.526 GPU=1 Worker 1 (model_3) TP=0] Prefill batch. #new-seq: 1, #new-token: 69, #cached-token: 0, cache hit rate: 0.00%, token usage: 0.07, #running-req: 19, #queue-req: 0
[2026-08-22 09:09:34.548 GPU=1 Worker 0 (model_2) TP=0] Prefill batch. #new-seq: 3, #new-token: 639, #cached-token: 0, cache hit rate: 0.00%, token usage: 0.09, #running-req: 195, #queue-req: 0
[2026-08-22 09:09:34.549 GPU=0 Worker 2 (model_5) TP=0] Prefill batch. #new-seq: 1, #new-token: 242, #cached-token: 0, cache hit rate: 0.00%, token usage: 0.06, #running-req: 14, #queue-req: 0
[2026-08-22 09:09:34.592 GPU=1 Worker 0 (model_2) TP=0] Received 2 generation requests
[2026-08-22 09:09:34.593 GPU=1 Worker 0 (model_2) TP=0] Prefill batch. #new-seq: 2, #new-token: 273, #cached-token: 0, cache hit rate: 0.00%, token usage: 0.09, #running-req: 198, #queue-req: 0
[2026-08-22 09:09:34.632 GPU=1 Worker 0 (model_2) TP=0] Received 1 generation requests
[2026-08-22 09:09:34.633 GPU=1 Worker 0 (model_2) TP=0] Prefill batch. #new-seq: 1, #new-token: 291, #cached-token: 0, cache hit rate: 0.00%, token usage: 0.09, #running-req: 200, #queue-req: 0
[2026-08-22 09:09:34.648 GPU=1 Worker 2 (model_6) TP=0] Decode batch. #running-req: 7, #token: 12681, token usage: 0.03, gen throughput (token/s): 121.67, #queue-req: 0
[2026-08-22 09:09:34.726 GPU=0 Worker 2 (model_5) TP=0] Decode batch. #running-req: 14, #token: 13346, token usage: 0.07, gen throughput (token/s): 565.61, #queue-req: 0
[2026-08-22 09:09:34.781 GPU=0 Worker 2 (model_5) TP=0] Received 1 generation requests
[2026-08-22 09:09:34.783 GPU=0 Worker 2 (model_5) TP=0] Prefill batch. #new-seq: 1, #new-token: 648, #cached-token: 0, cache hit rate: 0.00%, token usage: 0.07, #running-req: 14, #queue-req: 0
[2026-08-22 09:09:34.825 GPU=1 Worker 0 (model_2) TP=0] Received 3 generation requests
[2026-08-22 09:09:34.829 GPU=1 Worker 0 (model_2) TP=0] Prefill batch. #new-seq: 3, #new-token: 1249, #cached-token: 0, cache hit rate: 0.00%, token usage: 0.09, #running-req: 198, #queue-req: 0
[2026-08-22 09:09:34.896 GPU=0 Worker 2 (model_5) TP=0] Received 1 generation requests
[2026-08-22 09:09:34.898 GPU=0 Worker 2 (model_5) TP=0] Prefill batch. #new-seq: 1, #new-token: 500, #cached-token: 0, cache hit rate: 0.00%, token usage: 0.06, #running-req: 15, #queue-req: 0
[2026-08-22 09:09:34.908 GPU=1 Worker 0 (model_2) TP=0] Received 2 generation requests
[2026-08-22 09:09:34.913 GPU=1 Worker 0 (model_2) TP=0] Prefill batch. #new-seq: 2, #new-token: 2113, #cached-token: 0, cache hit rate: 0.00%, token usage: 0.09, #running-req: 201, #queue-req: 0
[2026-08-22 09:09:35.099 GPU=1 Worker 0 (model_2) TP=0] Received 1 generation requests
[2026-08-22 09:09:35.102 GPU=1 Worker 0 (model_2) TP=0] Prefill batch. #new-seq: 1, #new-token: 721, #cached-token: 0, cache hit rate: 0.00%, token usage: 0.09, #running-req: 202, #queue-req: 0
[2026-08-22 09:09:35.193 GPU=1 Worker 1 (model_3) TP=0] Decode batch. #running-req: 19, #token: 15975, token usage: 0.07, gen throughput (token/s): 465.50, #queue-req: 0
[2026-08-22 09:09:35.194 GPU=1 Worker 1 (model_3) TP=0] Received 1 generation requests
[2026-08-22 09:09:35.196 GPU=1 Worker 1 (model_3) TP=0] Prefill batch. #new-seq: 1, #new-token: 176, #cached-token: 0, cache hit rate: 0.00%, token usage: 0.07, #running-req: 19, #queue-req: 0
[2026-08-22 09:09:35.264 GPU=0 Worker 2 (model_5) TP=0] Received 1 generation requests
[2026-08-22 09:09:35.285 GPU=0 Worker 2 (model_5) TP=0] Prefill batch. #new-seq: 1, #new-token: 35, #cached-token: 0, cache hit rate: 0.00%, token usage: 0.07, #running-req: 15, #queue-req: 0
[2026-08-22 09:09:35.766 GPU=0 Worker 2 (model_5) TP=0] Received 2 generation requests
[2026-08-22 09:09:35.788 GPU=0 Worker 2 (model_5) TP=0] Prefill batch. #new-seq: 2, #new-token: 806, #cached-token: 0, cache hit rate: 0.00%, token usage: 0.07, #running-req: 16, #queue-req: 0
[2026-08-22 09:09:35.861 GPU=1 Worker 2 (model_6) TP=0] Received 1 generation requests
[2026-08-22 09:09:35.861 GPU=1 Worker 0 (model_2) TP=0] Received 10 generation requests
[2026-08-22 09:09:35.959 GPU=1 Worker 2 (model_6) TP=0] Prefill batch. #new-seq: 1, #new-token: 82, #cached-token: 0, cache hit rate: 0.00%, token usage: 0.03, #running-req: 7, #queue-req: 0
[2026-08-22 09:09:36.013 GPU=1 Worker 0 (model_2) TP=0] Prefill batch. #new-seq: 10, #new-token: 4014, #cached-token: 0, cache hit rate: 0.00%, token usage: 0.09, #running-req: 203, #queue-req: 0
[2026-08-22 09:09:36.014 GPU=1 Worker 1 (model_3) TP=0] Received 1 generation requests
[2026-08-22 09:09:36.015 GPU=1 Worker 1 (model_3) TP=0] Prefill batch. #new-seq: 1, #new-token: 17, #cached-token: 0, cache hit rate: 0.00%, token usage: 0.06, #running-req: 19, #queue-req: 0
[2026-08-22 09:09:36.148 GPU=1 Worker 2 (model_6) TP=0] Received 1 generation requests
[2026-08-22 09:09:36.151 GPU=1 Worker 2 (model_6) TP=0] Prefill batch. #new-seq: 1, #new-token: 430, #cached-token: 0, cache hit rate: 0.00%, token usage: 0.03, #running-req: 8, #queue-req: 0
[2026-08-22 09:09:36.180 GPU=1 Worker 0 (model_2) TP=0] Received 7 generation requests
[2026-08-22 09:09:36.188 GPU=1 Worker 0 (model_2) TP=0] Prefill batch. #new-seq: 7, #new-token: 2235, #cached-token: 0, cache hit rate: 0.00%, token usage: 0.10, #running-req: 213, #queue-req: 0
[2026-08-22 09:09:36.212 GPU=0 Worker 2 (model_5) TP=0] Received 1 generation requests
[2026-08-22 09:09:36.213 GPU=0 Worker 2 (model_5) TP=0] Prefill batch. #new-seq: 1, #new-token: 246, #cached-token: 0, cache hit rate: 0.00%, token usage: 0.07, #running-req: 17, #queue-req: 0
[2026-08-22 09:09:36.294 GPU=1 Worker 0 (model_2) TP=0] Received 1 generation requests
[2026-08-22 09:09:36.295 GPU=1 Worker 0 (model_2) TP=0] Prefill batch. #new-seq: 1, #new-token: 265, #cached-token: 0, cache hit rate: 0.00%, token usage: 0.10, #running-req: 220, #queue-req: 0
[2026-08-22 09:09:36.344 GPU=0 Worker 2 (model_5) TP=0] Received 1 generation requests
[2026-08-22 09:09:36.345 GPU=0 Worker 2 (model_5) TP=0] Prefill batch. #new-seq: 1, #new-token: 95, #cached-token: 0, cache hit rate: 0.00%, token usage: 0.07, #running-req: 18, #queue-req: 0
[2026-08-22 09:09:36.393 GPU=0 Worker 2 (model_5) TP=0] Decode batch. #running-req: 17, #token: 13852, token usage: 0.07, gen throughput (token/s): 383.81, #queue-req: 0
[2026-08-22 09:09:36.460 GPU=1 Worker 0 (model_2) TP=0] Received 2 generation requests
[2026-08-22 09:09:36.503 GPU=1 Worker 0 (model_2) TP=0] Prefill batch. #new-seq: 2, #new-token: 320, #cached-token: 0, cache hit rate: 0.00%, token usage: 0.10, #running-req: 219, #queue-req: 0
[2026-08-22 09:09:36.547 GPU=1 Worker 2 (model_6) TP=0] Received 1 generation requests
[2026-08-22 09:09:36.550 GPU=1 Worker 0 (model_2) TP=0] Received 2 generation requests
[2026-08-22 09:09:36.551 GPU=1 Worker 2 (model_6) TP=0] Prefill batch. #new-seq: 1, #new-token: 491, #cached-token: 0, cache hit rate: 0.00%, token usage: 0.03, #running-req: 9, #queue-req: 0
[2026-08-22 09:09:36.554 GPU=1 Worker 0 (model_2) TP=0] Prefill batch. #new-seq: 2, #new-token: 636, #cached-token: 0, cache hit rate: 0.00%, token usage: 0.10, #running-req: 221, #queue-req: 0
[2026-08-22 09:09:36.800 GPU=1 Worker 0 (model_2) TP=0] Received 1 generation requests
[2026-08-22 09:09:37.124 GPU=1 Worker 0 (model_2) TP=0] Prefill batch. #new-seq: 1, #new-token: 31, #cached-token: 0, cache hit rate: 0.00%, token usage: 0.10, #running-req: 223, #queue-req: 0
[2026-08-22 09:09:37.124 GPU=1 Worker 2 (model_6) TP=0] Received 1 generation requests
[2026-08-22 09:09:37.124 GPU=1 Worker 1 (model_3) TP=0] Received 3 generation requests
[2026-08-22 09:09:37.150 GPU=1 Worker 0 (model_2) TP=0] Received 5 generation requests
[2026-08-22 09:09:37.174 GPU=0 Worker 2 (model_5) TP=0] Received 1 generation requests
[2026-08-22 09:09:37.198 GPU=1 Worker 1 (model_3) TP=0] Prefill batch. #new-seq: 3, #new-token: 975, #cached-token: 0, cache hit rate: 0.00%, token usage: 0.06, #running-req: 17, #queue-req: 0
[2026-08-22 09:09:37.198 GPU=1 Worker 2 (model_6) TP=0] Prefill batch. #new-seq: 1, #new-token: 9, #cached-token: 0, cache hit rate: 0.00%, token usage: 0.03, #running-req: 10, #queue-req: 0
[2026-08-22 09:09:37.199 GPU=0 Worker 2 (model_5) TP=0] Prefill batch. #new-seq: 1, #new-token: 266, #cached-token: 0, cache hit rate: 0.00%, token usage: 0.07, #running-req: 16, #queue-req: 0
[2026-08-22 09:09:37.199 GPU=1 Worker 0 (model_2) TP=0] Prefill batch. #new-seq: 5, #new-token: 964, #cached-token: 0, cache hit rate: 0.00%, token usage: 0.10, #running-req: 224, #queue-req: 0
[2026-08-22 09:09:37.232 GPU=0 Worker 2 (model_5) TP=0] Received 1 generation requests
[2026-08-22 09:09:37.233 GPU=0 Worker 2 (model_5) TP=0] Prefill batch. #new-seq: 1, #new-token: 23, #cached-token: 0, cache hit rate: 0.00%, token usage: 0.07, #running-req: 17, #queue-req: 0
[2026-08-22 09:09:37.294 GPU=1 Worker 2 (model_6) TP=0] Received 1 generation requests
[2026-08-22 09:09:37.296 GPU=1 Worker 2 (model_6) TP=0] Prefill batch. #new-seq: 1, #new-token: 397, #cached-token: 0, cache hit rate: 0.00%, token usage: 0.03, #running-req: 11, #queue-req: 0
[2026-08-22 09:09:37.320 GPU=0 Worker 2 (model_5) TP=0] Received 1 generation requests
[2026-08-22 09:09:37.321 GPU=0 Worker 2 (model_5) TP=0] Prefill batch. #new-seq: 1, #new-token: 132, #cached-token: 0, cache hit rate: 0.00%, token usage: 0.07, #running-req: 18, #queue-req: 0
[2026-08-22 09:09:37.366 GPU=1 Worker 0 (model_2) TP=0] Received 1 generation requests
[2026-08-22 09:09:37.367 GPU=1 Worker 0 (model_2) TP=0] Prefill batch. #new-seq: 1, #new-token: 138, #cached-token: 0, cache hit rate: 0.00%, token usage: 0.10, #running-req: 225, #queue-req: 0
[2026-08-22 09:09:37.371 GPU=1 Worker 1 (model_3) TP=0] Received 1 generation requests
[2026-08-22 09:09:37.372 GPU=1 Worker 1 (model_3) TP=0] Prefill batch. #new-seq: 1, #new-token: 160, #cached-token: 0, cache hit rate: 0.00%, token usage: 0.06, #running-req: 20, #queue-req: 0
[2026-08-22 09:09:37.444 GPU=1 Worker 0 (model_2) TP=0] Received 1 generation requests
[2026-08-22 09:09:37.445 GPU=1 Worker 0 (model_2) TP=0] Prefill batch. #new-seq: 1, #new-token: 307, #cached-token: 0, cache hit rate: 0.00%, token usage: 0.10, #running-req: 225, #queue-req: 0
[2026-08-22 09:09:37.481 GPU=1 Worker 0 (model_2) TP=0] Received 1 generation requests
[2026-08-22 09:09:37.483 GPU=1 Worker 0 (model_2) TP=0] Prefill batch. #new-seq: 1, #new-token: 296, #cached-token: 0, cache hit rate: 0.00%, token usage: 0.10, #running-req: 226, #queue-req: 0
[2026-08-22 09:09:37.499 GPU=1 Worker 2 (model_6) TP=0] Received 1 generation requests
[2026-08-22 09:09:37.501 GPU=1 Worker 2 (model_6) TP=0] Prefill batch. #new-seq: 1, #new-token: 336, #cached-token: 0, cache hit rate: 0.00%, token usage: 0.03, #running-req: 12, #queue-req: 0
[2026-08-22 09:09:37.582 GPU=1 Worker 1 (model_3) TP=0] Received 1 generation requests
[2026-08-22 09:09:37.583 GPU=1 Worker 1 (model_3) TP=0] Prefill batch. #new-seq: 1, #new-token: 22, #cached-token: 0, cache hit rate: 0.00%, token usage: 0.06, #running-req: 21, #queue-req: 0
[2026-08-22 09:09:37.585 GPU=1 Worker 2 (model_6) TP=0] Received 1 generation requests
[2026-08-22 09:09:37.587 GPU=1 Worker 2 (model_6) TP=0] Prefill batch. #new-seq: 1, #new-token: 385, #cached-token: 0, cache hit rate: 0.00%, token usage: 0.03, #running-req: 13, #queue-req: 0
[2026-08-22 09:09:37.638 GPU=1 Worker 0 (model_2) TP=0] Received 1 generation requests
[2026-08-22 09:09:37.639 GPU=1 Worker 0 (model_2) TP=0] Prefill batch. #new-seq: 1, #new-token: 150, #cached-token: 0, cache hit rate: 0.00%, token usage: 0.10, #running-req: 222, #queue-req: 0
[2026-08-22 09:09:37.757 GPU=1 Worker 0 (model_2) TP=0] Received 1 generation requests
[2026-08-22 09:09:37.759 GPU=1 Worker 0 (model_2) TP=0] Prefill batch. #new-seq: 1, #new-token: 269, #cached-token: 0, cache hit rate: 0.00%, token usage: 0.10, #running-req: 217, #queue-req: 0
[2026-08-22 09:09:37.815 GPU=1 Worker 2 (model_6) TP=0] Decode batch. #running-req: 14, #token: 15159, token usage: 0.03, gen throughput (token/s): 109.88, #queue-req: 0
[2026-08-22 09:09:37.815 GPU=0 Worker 2 (model_5) TP=0] Decode batch. #running-req: 13, #token: 11791, token usage: 0.06, gen throughput (token/s): 469.81, #queue-req: 0
[2026-08-22 09:09:37.895 GPU=1 Worker 1 (model_3) TP=0] Decode batch. #running-req: 21, #token: 14408, token usage: 0.06, gen throughput (token/s): 290.16, #queue-req: 0
[2026-08-22 09:09:37.895 GPU=1 Worker 0 (model_2) TP=0] Received 3 generation requests
[2026-08-22 09:09:37.952 GPU=1 Worker 0 (model_2) TP=0] Prefill batch. #new-seq: 3, #new-token: 130, #cached-token: 0, cache hit rate: 0.00%, token usage: 0.10, #running-req: 217, #queue-req: 0
[2026-08-22 09:09:37.987 GPU=1 Worker 0 (model_2) TP=0] Received 1 generation requests
[2026-08-22 09:09:37.988 GPU=1 Worker 0 (model_2) TP=0] Prefill batch. #new-seq: 1, #new-token: 34, #cached-token: 0, cache hit rate: 0.00%, token usage: 0.10, #running-req: 220, #queue-req: 0
[2026-08-22 09:09:38.186 GPU=1 Worker 0 (model_2) TP=0] Received 1 generation requests
[2026-08-22 09:09:38.509 GPU=1 Worker 0 (model_2) TP=0] Prefill batch. #new-seq: 1, #new-token: 407, #cached-token: 0, cache hit rate: 0.00%, token usage: 0.09, #running-req: 220, #queue-req: 0
[2026-08-22 09:09:38.539 GPU=1 Worker 0 (model_2) TP=0] Received 5 generation requests
[2026-08-22 09:09:38.548 GPU=1 Worker 0 (model_2) TP=0] Prefill batch. #new-seq: 5, #new-token: 1047, #cached-token: 0, cache hit rate: 0.00%, token usage: 0.10, #running-req: 221, #queue-req: 0
[2026-08-22 09:09:38.604 GPU=1 Worker 0 (model_2) TP=0] Received 1 generation requests
[2026-08-22 09:09:38.653 GPU=1 Worker 2 (model_6) TP=0] Received 1 generation requests
[2026-08-22 09:09:38.702 GPU=1 Worker 0 (model_2) TP=0] Prefill batch. #new-seq: 1, #new-token: 65, #cached-token: 0, cache hit rate: 0.00%, token usage: 0.10, #running-req: 226, #queue-req: 0
[2026-08-22 09:09:38.752 GPU=1 Worker 2 (model_6) TP=0] Prefill batch. #new-seq: 1, #new-token: 358, #cached-token: 0, cache hit rate: 0.00%, token usage: 0.03, #running-req: 13, #queue-req: 0
[2026-08-22 09:09:38.752 GPU=0 Worker 2 (model_5) TP=0] Received 1 generation requests
[2026-08-22 09:09:38.752 GPU=1 Worker 0 (model_2) TP=0] Received 2 generation requests
[2026-08-22 09:09:38.756 GPU=0 Worker 2 (model_5) TP=0] Prefill batch. #new-seq: 1, #new-token: 756, #cached-token: 0, cache hit rate: 0.00%, token usage: 0.06, #running-req: 13, #queue-req: 0
[2026-08-22 09:09:38.757 GPU=1 Worker 0 (model_2) TP=0] Prefill batch. #new-seq: 2, #new-token: 623, #cached-token: 0, cache hit rate: 0.00%, token usage: 0.10, #running-req: 227, #queue-req: 0
[2026-08-22 09:09:38.824 GPU=1 Worker 2 (model_6) TP=0] Received 2 generation requests
[2026-08-22 09:09:38.826 GPU=1 Worker 2 (model_6) TP=0] Prefill batch. #new-seq: 2, #new-token: 300, #cached-token: 0, cache hit rate: 0.00%, token usage: 0.03, #running-req: 14, #queue-req: 0
[2026-08-22 09:09:38.848 GPU=1 Worker 0 (model_2) TP=0] Received 1 generation requests
[2026-08-22 09:09:38.849 GPU=1 Worker 0 (model_2) TP=0] Prefill batch. #new-seq: 1, #new-token: 364, #cached-token: 0, cache hit rate: 0.00%, token usage: 0.10, #running-req: 227, #queue-req: 0
[2026-08-22 09:09:38.893 GPU=1 Worker 0 (model_2) TP=0] Received 1 generation requests
[2026-08-22 09:09:38.894 GPU=1 Worker 0 (model_2) TP=0] Prefill batch. #new-seq: 1, #new-token: 181, #cached-token: 0, cache hit rate: 0.00%, token usage: 0.10, #running-req: 228, #queue-req: 0
[2026-08-22 09:09:38.936 GPU=1 Worker 0 (model_2) TP=0] Received 1 generation requests
[2026-08-22 09:09:38.936 GPU=1 Worker 0 (model_2) TP=0] Prefill batch. #new-seq: 1, #new-token: 89, #cached-token: 0, cache hit rate: 0.00%, token usage: 0.10, #running-req: 229, #queue-req: 0
[2026-08-22 09:09:39.156 GPU=1 Worker 0 (model_2) TP=0] Received 1 generation requests
[2026-08-22 09:09:39.288 GPU=1 Worker 0 (model_2) TP=0] Prefill batch. #new-seq: 1, #new-token: 108, #cached-token: 0, cache hit rate: 0.00%, token usage: 0.09, #running-req: 218, #queue-req: 0
[2026-08-22 09:09:39.288 GPU=0 Worker 2 (model_5) TP=0] Received 1 generation requests
[2026-08-22 09:09:39.289 GPU=0 Worker 2 (model_5) TP=0] Prefill batch. #new-seq: 1, #new-token: 10, #cached-token: 0, cache hit rate: 0.00%, token usage: 0.06, #running-req: 13, #queue-req: 0
[2026-08-22 09:09:39.338 GPU=1 Worker 0 (model_2) TP=0] Received 1 generation requests
[2026-08-22 09:09:39.339 GPU=1 Worker 1 (model_3) TP=0] Received 1 generation requests
[2026-08-22 09:09:39.477 GPU=1 Worker 1 (model_3) TP=0] Prefill batch. #new-seq: 1, #new-token: 15, #cached-token: 0, cache hit rate: 0.00%, token usage: 0.05, #running-req: 14, #queue-req: 0
[2026-08-22 09:09:39.477 GPU=1 Worker 0 (model_2) TP=0] Prefill batch. #new-seq: 1, #new-token: 11, #cached-token: 0, cache hit rate: 0.00%, token usage: 0.09, #running-req: 219, #queue-req: 0
[2026-08-22 09:09:39.505 GPU=1 Worker 2 (model_6) TP=0] Received 1 generation requests
[2026-08-22 09:09:39.506 GPU=1 Worker 0 (model_2) TP=0] Received 4 generation requests
[2026-08-22 09:09:39.508 GPU=1 Worker 2 (model_6) TP=0] Prefill batch. #new-seq: 1, #new-token: 342, #cached-token: 0, cache hit rate: 0.00%, token usage: 0.03, #running-req: 15, #queue-req: 0
[2026-08-22 09:09:39.509 GPU=1 Worker 0 (model_2) TP=0] Prefill batch. #new-seq: 4, #new-token: 150, #cached-token: 0, cache hit rate: 0.00%, token usage: 0.09, #running-req: 220, #queue-req: 0
[2026-08-22 09:09:39.540 GPU=1 Worker 0 (model_2) TP=0] Received 1 generation requests
[2026-08-22 09:09:39.541 GPU=1 Worker 0 (model_2) TP=0] Prefill batch. #new-seq: 1, #new-token: 19, #cached-token: 0, cache hit rate: 0.00%, token usage: 0.09, #running-req: 224, #queue-req: 0
[2026-08-22 09:09:39.580 GPU=1 Worker 2 (model_6) TP=0] Received 1 generation requests
[2026-08-22 09:09:39.583 GPU=1 Worker 2 (model_6) TP=0] Prefill batch. #new-seq: 1, #new-token: 772, #cached-token: 0, cache hit rate: 0.00%, token usage: 0.03, #running-req: 16, #queue-req: 0
[2026-08-22 09:09:39.737 GPU=1 Worker 0 (model_2) TP=0] Decode batch. #running-req: 220, #token: 85871, token usage: 0.09, gen throughput (token/s): 936.54, #queue-req: 0
[2026-08-22 09:09:39.986 GPU=1 Worker 0 (model_2) TP=0] Received 6 generation requests
[2026-08-22 09:09:39.986 GPU=0 Worker 2 (model_5) TP=0] Received 1 generation requests
[2026-08-22 09:09:40.036 GPU=1 Worker 1 (model_3) TP=0] Received 1 generation requests
[2026-08-22 09:09:40.037 GPU=1 Worker 0 (model_2) TP=0] Prefill batch. #new-seq: 6, #new-token: 2501, #cached-token: 0, cache hit rate: 0.00%, token usage: 0.09, #running-req: 220, #queue-req: 0
[2026-08-22 09:09:40.037 GPU=0 Worker 2 (model_5) TP=0] Prefill batch. #new-seq: 1, #new-token: 36, #cached-token: 0, cache hit rate: 0.00%, token usage: 0.06, #running-req: 14, #queue-req: 0
[2026-08-22 09:09:40.082 GPU=1 Worker 1 (model_3) TP=0] Prefill batch. #new-seq: 1, #new-token: 9, #cached-token: 0, cache hit rate: 0.00%, token usage: 0.04, #running-req: 14, #queue-req: 0
[2026-08-22 09:09:40.140 GPU=1 Worker 2 (model_6) TP=0] Received 1 generation requests
[2026-08-22 09:09:40.142 GPU=1 Worker 2 (model_6) TP=0] Prefill batch. #new-seq: 1, #new-token: 316, #cached-token: 0, cache hit rate: 0.00%, token usage: 0.04, #running-req: 17, #queue-req: 0
[2026-08-22 09:09:40.164 GPU=0 Worker 2 (model_5) TP=0] Decode batch. #running-req: 15, #token: 12291, token usage: 0.06, gen throughput (token/s): 232.46, #queue-req: 0
[2026-08-22 09:09:40.175 GPU=1 Worker 0 (model_2) TP=0] Received 3 generation requests
[2026-08-22 09:09:40.177 GPU=1 Worker 0 (model_2) TP=0] Prefill batch. #new-seq: 3, #new-token: 404, #cached-token: 0, cache hit rate: 0.00%, token usage: 0.09, #running-req: 226, #queue-req: 0
[2026-08-22 09:09:40.229 GPU=1 Worker 0 (model_2) TP=0] Received 1 generation requests
[2026-08-22 09:09:40.231 GPU=1 Worker 0 (model_2) TP=0] Prefill batch. #new-seq: 1, #new-token: 449, #cached-token: 0, cache hit rate: 0.00%, token usage: 0.10, #running-req: 229, #queue-req: 0
[2026-08-22 09:09:40.276 GPU=1 Worker 0 (model_2) TP=0] Received 2 generation requests
[2026-08-22 09:09:40.277 GPU=1 Worker 0 (model_2) TP=0] Prefill batch. #new-seq: 2, #new-token: 297, #cached-token: 0, cache hit rate: 0.00%, token usage: 0.10, #running-req: 230, #queue-req: 0
[2026-08-22 09:09:40.341 GPU=1 Worker 1 (model_3) TP=0] Decode batch. #running-req: 15, #token: 10552, token usage: 0.05, gen throughput (token/s): 267.41, #queue-req: 0
[2026-08-22 09:09:40.346 GPU=1 Worker 0 (model_2) TP=0] Received 1 generation requests
[2026-08-22 09:09:40.347 GPU=1 Worker 0 (model_2) TP=0] Prefill batch. #new-seq: 1, #new-token: 10, #cached-token: 0, cache hit rate: 0.00%, token usage: 0.10, #running-req: 231, #queue-req: 0
[2026-08-22 09:09:40.423 GPU=1 Worker 0 (model_2) TP=0] Received 1 generation requests
[2026-08-22 09:09:40.424 GPU=1 Worker 0 (model_2) TP=0] Prefill batch. #new-seq: 1, #new-token: 28, #cached-token: 0, cache hit rate: 0.00%, token usage: 0.10, #running-req: 231, #queue-req: 0
[2026-08-22 09:09:40.492 GPU=1 Worker 0 (model_2) TP=0] Received 2 generation requests
[2026-08-22 09:09:40.495 GPU=1 Worker 0 (model_2) TP=0] Prefill batch. #new-seq: 2, #new-token: 817, #cached-token: 0, cache hit rate: 0.00%, token usage: 0.10, #running-req: 231, #queue-req: 0
[2026-08-22 09:09:40.544 GPU=1 Worker 2 (model_6) TP=0] Received 1 generation requests
[2026-08-22 09:09:40.544 GPU=1 Worker 0 (model_2) TP=0] Received 2 generation requests
[2026-08-22 09:09:40.545 GPU=1 Worker 2 (model_6) TP=0] Prefill batch. #new-seq: 1, #new-token: 272, #cached-token: 0, cache hit rate: 0.00%, token usage: 0.04, #running-req: 17, #queue-req: 0
[2026-08-22 09:09:40.546 GPU=1 Worker 0 (model_2) TP=0] Prefill batch. #new-seq: 2, #new-token: 310, #cached-token: 0, cache hit rate: 0.00%, token usage: 0.10, #running-req: 233, #queue-req: 0
[2026-08-22 09:09:40.583 GPU=1 Worker 0 (model_2) TP=0] Received 1 generation requests
[2026-08-22 09:09:40.585 GPU=1 Worker 0 (model_2) TP=0] Prefill batch. #new-seq: 1, #new-token: 332, #cached-token: 0, cache hit rate: 0.00%, token usage: 0.10, #running-req: 235, #queue-req: 0
[2026-08-22 09:09:40.623 GPU=1 Worker 0 (model_2) TP=0] Received 1 generation requests
[2026-08-22 09:09:40.624 GPU=1 Worker 0 (model_2) TP=0] Prefill batch. #new-seq: 1, #new-token: 76, #cached-token: 0, cache hit rate: 0.00%, token usage: 0.10, #running-req: 236, #queue-req: 0
[2026-08-22 09:09:40.772 GPU=1 Worker 0 (model_2) TP=0] Received 1 generation requests
[2026-08-22 09:09:40.772 GPU=1 Worker 2 (model_6) TP=0] Received 1 generation requests
[2026-08-22 09:09:40.863 GPU=1 Worker 2 (model_6) TP=0] Prefill batch. #new-seq: 1, #new-token: 18, #cached-token: 0, cache hit rate: 0.00%, token usage: 0.04, #running-req: 18, #queue-req: 0
[2026-08-22 09:09:40.864 GPU=1 Worker 0 (model_2) TP=0] Prefill batch. #new-seq: 1, #new-token: 865, #cached-token: 0, cache hit rate: 0.00%, token usage: 0.10, #running-req: 236, #queue-req: 0
[2026-08-22 09:09:40.915 GPU=1 Worker 0 (model_2) TP=0] Received 3 generation requests
[2026-08-22 09:09:41.049 GPU=0 Worker 2 (model_5) TP=0] Decode batch. #running-req: 14, #token: 12065, token usage: 0.06, gen throughput (token/s): 667.51, #queue-req: 0
[2026-08-22 09:09:41.050 GPU=1 Worker 0 (model_2) TP=0] Prefill batch. #new-seq: 3, #new-token: 1018, #cached-token: 0, cache hit rate: 0.00%, token usage: 0.10, #running-req: 237, #queue-req: 0
[2026-08-22 09:09:41.107 GPU=1 Worker 0 (model_2) TP=0] Received 1 generation requests
[2026-08-22 09:09:41.107 GPU=1 Worker 2 (model_6) TP=0] Received 2 generation requests
[2026-08-22 09:09:41.466 GPU=1 Worker 2 (model_6) TP=0] Prefill batch. #new-seq: 2, #new-token: 718, #cached-token: 0, cache hit rate: 0.00%, token usage: 0.04, #running-req: 19, #queue-req: 0
[2026-08-22 09:09:41.466 GPU=1 Worker 0 (model_2) TP=0] Prefill batch. #new-seq: 1, #new-token: 436, #cached-token: 0, cache hit rate: 0.00%, token usage: 0.10, #running-req: 240, #queue-req: 0
[2026-08-22 09:09:41.781 GPU=1 Worker 2 (model_6) TP=0] Received 1 generation requests
[2026-08-22 09:09:41.781 GPU=1 Worker 0 (model_2) TP=0] Received 5 generation requests
[2026-08-22 09:09:41.830 GPU=1 Worker 2 (model_6) TP=0] Prefill batch. #new-seq: 1, #new-token: 823, #cached-token: 0, cache hit rate: 0.00%, token usage: 0.04, #running-req: 21, #queue-req: 0
[2026-08-22 09:09:41.831 GPU=1 Worker 0 (model_2) TP=0] Prefill batch. #new-seq: 5, #new-token: 716, #cached-token: 0, cache hit rate: 0.00%, token usage: 0.10, #running-req: 241, #queue-req: 0
[2026-08-22 09:09:41.919 GPU=1 Worker 0 (model_2) TP=0] Received 1 generation requests
[2026-08-22 09:09:41.924 GPU=1 Worker 0 (model_2) TP=0] Prefill batch. #new-seq: 1, #new-token: 1942, #cached-token: 0, cache hit rate: 0.00%, token usage: 0.10, #running-req: 246, #queue-req: 0
[2026-08-22 09:09:41.934 GPU=0 Worker 2 (model_5) TP=0] Received 1 generation requests
[2026-08-22 09:09:41.936 GPU=0 Worker 2 (model_5) TP=0] Prefill batch. #new-seq: 1, #new-token: 420, #cached-token: 0, cache hit rate: 0.00%, token usage: 0.05, #running-req: 12, #queue-req: 0
[2026-08-22 09:09:42.020 GPU=1 Worker 0 (model_2) TP=0] Received 1 generation requests
[2026-08-22 09:09:42.022 GPU=1 Worker 0 (model_2) TP=0] Prefill batch. #new-seq: 1, #new-token: 767, #cached-token: 0, cache hit rate: 0.00%, token usage: 0.10, #running-req: 247, #queue-req: 0
[2026-08-22 09:09:42.118 GPU=1 Worker 0 (model_2) TP=0] Received 1 generation requests
[2026-08-22 09:09:42.120 GPU=1 Worker 0 (model_2) TP=0] Prefill batch. #new-seq: 1, #new-token: 459, #cached-token: 0, cache hit rate: 0.00%, token usage: 0.10, #running-req: 247, #queue-req: 0
[2026-08-22 09:09:42.162 GPU=1 Worker 2 (model_6) TP=0] Decode batch. #running-req: 22, #token: 18513, token usage: 0.04, gen throughput (token/s): 152.52, #queue-req: 0
[2026-08-22 09:09:42.312 GPU=1 Worker 0 (model_2) TP=0] Received 1 generation requests
[2026-08-22 09:09:42.313 GPU=1 Worker 0 (model_2) TP=0] Prefill batch. #new-seq: 1, #new-token: 10, #cached-token: 0, cache hit rate: 0.00%, token usage: 0.10, #running-req: 241, #queue-req: 0
[2026-08-22 09:09:42.327 GPU=0 Worker 2 (model_5) TP=0] Received 1 generation requests
[2026-08-22 09:09:42.329 GPU=0 Worker 2 (model_5) TP=0] Prefill batch. #new-seq: 1, #new-token: 669, #cached-token: 0, cache hit rate: 0.00%, token usage: 0.06, #running-req: 12, #queue-req: 0
[2026-08-22 09:09:42.376 GPU=1 Worker 0 (model_2) TP=0] Received 4 generation requests
[2026-08-22 09:09:42.380 GPU=1 Worker 0 (model_2) TP=0] Prefill batch. #new-seq: 4, #new-token: 1439, #cached-token: 0, cache hit rate: 0.00%, token usage: 0.10, #running-req: 241, #queue-req: 0
[2026-08-22 09:09:42.450 GPU=1 Worker 0 (model_2) TP=0] Received 3 generation requests
[2026-08-22 09:09:42.495 GPU=1 Worker 1 (model_3) TP=0] Decode batch. #running-req: 11, #token: 9868, token usage: 0.04, gen throughput (token/s): 248.30, #queue-req: 0
[2026-08-22 09:09:42.539 GPU=1 Worker 1 (model_3) TP=0] Received 1 generation requests
[2026-08-22 09:09:42.582 GPU=1 Worker 0 (model_2) TP=0] Prefill batch. #new-seq: 3, #new-token: 575, #cached-token: 0, cache hit rate: 0.00%, token usage: 0.10, #running-req: 245, #queue-req: 0
[2026-08-22 09:09:42.582 GPU=1 Worker 1 (model_3) TP=0] Prefill batch. #new-seq: 1, #new-token: 31, #cached-token: 0, cache hit rate: 0.00%, token usage: 0.04, #running-req: 11, #queue-req: 0
[2026-08-22 09:09:42.582 GPU=0 Worker 2 (model_5) TP=0] Decode batch. #running-req: 13, #token: 12235, token usage: 0.06, gen throughput (token/s): 328.74, #queue-req: 0
[2026-08-22 09:09:42.632 GPU=1 Worker 0 (model_2) TP=0] Received 2 generation requests
[2026-08-22 09:09:42.761 GPU=1 Worker 0 (model_2) TP=0] Prefill batch. #new-seq: 2, #new-token: 3095, #cached-token: 0, cache hit rate: 0.00%, token usage: 0.11, #running-req: 248, #queue-req: 0
[2026-08-22 09:09:42.999 GPU=1 Worker 1 (model_3) TP=0] Received 2 generation requests
[2026-08-22 09:09:42.999 GPU=1 Worker 2 (model_6) TP=0] Received 1 generation requests
[2026-08-22 09:09:42.999 GPU=0 Worker 2 (model_5) TP=0] Received 1 generation requests
[2026-08-22 09:09:43.309 GPU=1 Worker 2 (model_6) TP=0] Prefill batch. #new-seq: 1, #new-token: 74, #cached-token: 0, cache hit rate: 0.00%, token usage: 0.04, #running-req: 18, #queue-req: 0
[2026-08-22 09:09:43.310 GPU=1 Worker 1 (model_3) TP=0] Prefill batch. #new-seq: 2, #new-token: 586, #cached-token: 0, cache hit rate: 0.00%, token usage: 0.04, #running-req: 12, #queue-req: 0
[2026-08-22 09:09:43.310 GPU=0 Worker 2 (model_5) TP=0] Prefill batch. #new-seq: 1, #new-token: 1610, #cached-token: 0, cache hit rate: 0.00%, token usage: 0.06, #running-req: 13, #queue-req: 0
[2026-08-22 09:09:43.433 GPU=0 Worker 2 (model_5) TP=0] Received 1 generation requests
[2026-08-22 09:09:43.468 GPU=1 Worker 2 (model_6) TP=0] Received 1 generation requests
[2026-08-22 09:09:43.469 GPU=0 Worker 2 (model_5) TP=0] Prefill batch. #new-seq: 1, #new-token: 587, #cached-token: 0, cache hit rate: 0.00%, token usage: 0.07, #running-req: 14, #queue-req: 0
[2026-08-22 09:09:43.470 GPU=1 Worker 2 (model_6) TP=0] Prefill batch. #new-seq: 1, #new-token: 379, #cached-token: 0, cache hit rate: 0.00%, token usage: 0.03, #running-req: 17, #queue-req: 0
[2026-08-22 09:09:43.517 GPU=0 Worker 2 (model_5) TP=0] Received 1 generation requests
[2026-08-22 09:09:43.518 GPU=0 Worker 2 (model_5) TP=0] Prefill batch. #new-seq: 1, #new-token: 29, #cached-token: 0, cache hit rate: 0.00%, token usage: 0.07, #running-req: 15, #queue-req: 0
[2026-08-22 09:09:43.609 GPU=1 Worker 2 (model_6) TP=0] Received 1 generation requests
[2026-08-22 09:09:43.610 GPU=1 Worker 2 (model_6) TP=0] Prefill batch. #new-seq: 1, #new-token: 24, #cached-token: 0, cache hit rate: 0.00%, token usage: 0.03, #running-req: 17, #queue-req: 0
[2026-08-22 09:09:43.623 GPU=1 Worker 0 (model_2) TP=0] Received 11 generation requests
[2026-08-22 09:09:43.635 GPU=1 Worker 0 (model_2) TP=0] Prefill batch. #new-seq: 11, #new-token: 4319, #cached-token: 0, cache hit rate: 0.00%, token usage: 0.11, #running-req: 250, #queue-req: 0
[2026-08-22 09:09:43.656 GPU=0 Worker 2 (model_5) TP=0] Received 1 generation requests
[2026-08-22 09:09:43.656 GPU=0 Worker 2 (model_5) TP=0] Prefill batch. #new-seq: 1, #new-token: 22, #cached-token: 0, cache hit rate: 0.00%, token usage: 0.07, #running-req: 15, #queue-req: 0
[2026-08-22 09:09:43.820 GPU=1 Worker 0 (model_2) TP=0] Received 9 generation requests
[2026-08-22 09:09:43.828 GPU=1 Worker 0 (model_2) TP=0] Prefill batch. #new-seq: 9, #new-token: 2385, #cached-token: 0, cache hit rate: 0.00%, token usage: 0.11, #running-req: 261, #queue-req: 0
[2026-08-22 09:09:43.881 GPU=1 Worker 1 (model_3) TP=0] Received 1 generation requests
[2026-08-22 09:09:43.882 GPU=1 Worker 1 (model_3) TP=0] Prefill batch. #new-seq: 1, #new-token: 13, #cached-token: 0, cache hit rate: 0.00%, token usage: 0.05, #running-req: 13, #queue-req: 0
[2026-08-22 09:09:43.943 GPU=1 Worker 0 (model_2) TP=0] Received 1 generation requests
[2026-08-22 09:09:44.085 GPU=1 Worker 0 (model_2) TP=0] Prefill batch. #new-seq: 1, #new-token: 440, #cached-token: 0, cache hit rate: 0.00%, token usage: 0.12, #running-req: 270, #queue-req: 0
[2026-08-22 09:09:44.085 GPU=0 Worker 2 (model_5) TP=0] Received 1 generation requests
[2026-08-22 09:09:44.179 GPU=0 Worker 2 (model_5) TP=0] Prefill batch. #new-seq: 1, #new-token: 263, #cached-token: 0, cache hit rate: 0.00%, token usage: 0.07, #running-req: 14, #queue-req: 0
[2026-08-22 09:09:44.179 GPU=1 Worker 1 (model_3) TP=0] Received 1 generation requests
[2026-08-22 09:09:44.179 GPU=1 Worker 0 (model_2) TP=0] Received 2 generation requests
[2026-08-22 09:09:44.273 GPU=1 Worker 1 (model_3) TP=0] Prefill batch. #new-seq: 1, #new-token: 36, #cached-token: 0, cache hit rate: 0.00%, token usage: 0.05, #running-req: 14, #queue-req: 0
[2026-08-22 09:09:44.273 GPU=1 Worker 0 (model_2) TP=0] Prefill batch. #new-seq: 2, #new-token: 333, #cached-token: 0, cache hit rate: 0.00%, token usage: 0.12, #running-req: 271, #queue-req: 0
[2026-08-22 09:09:44.326 GPU=1 Worker 0 (model_2) TP=0] Received 2 generation requests
[2026-08-22 09:09:44.466 GPU=1 Worker 0 (model_2) TP=0] Prefill batch. #new-seq: 2, #new-token: 1140, #cached-token: 0, cache hit rate: 0.00%, token usage: 0.12, #running-req: 273, #queue-req: 0
[2026-08-22 09:09:44.526 GPU=1 Worker 0 (model_2) TP=0] Received 2 generation requests
[2026-08-22 09:09:44.529 GPU=1 Worker 0 (model_2) TP=0] Prefill batch. #new-seq: 2, #new-token: 731, #cached-token: 0, cache hit rate: 0.00%, token usage: 0.12, #running-req: 275, #queue-req: 0
[2026-08-22 09:09:44.543 GPU=1 Worker 2 (model_6) TP=0] Received 1 generation requests
[2026-08-22 09:09:44.544 GPU=1 Worker 2 (model_6) TP=0] Prefill batch. #new-seq: 1, #new-token: 40, #cached-token: 0, cache hit rate: 0.00%, token usage: 0.03, #running-req: 17, #queue-req: 0
[2026-08-22 09:09:44.577 GPU=1 Worker 0 (model_2) TP=0] Received 1 generation requests
[2026-08-22 09:09:44.578 GPU=1 Worker 0 (model_2) TP=0] Prefill batch. #new-seq: 1, #new-token: 51, #cached-token: 0, cache hit rate: 0.00%, token usage: 0.12, #running-req: 277, #queue-req: 0
[2026-08-22 09:09:44.703 GPU=0 Worker 2 (model_5) TP=0] Received 1 generation requests
[2026-08-22 09:09:44.924 GPU=0 Worker 2 (model_5) TP=0] Prefill batch. #new-seq: 1, #new-token: 129, #cached-token: 0, cache hit rate: 0.00%, token usage: 0.07, #running-req: 15, #queue-req: 0
[2026-08-22 09:09:44.974 GPU=0 Worker 2 (model_5) TP=0] Received 1 generation requests
[2026-08-22 09:09:45.059 GPU=1 Worker 1 (model_3) TP=0] Received 1 generation requests
[2026-08-22 09:09:45.059 GPU=0 Worker 2 (model_5) TP=0] Prefill batch. #new-seq: 1, #new-token: 41, #cached-token: 0, cache hit rate: 0.00%, token usage: 0.07, #running-req: 16, #queue-req: 0
[2026-08-22 09:09:45.060 GPU=1 Worker 1 (model_3) TP=0] Prefill batch. #new-seq: 1, #new-token: 88, #cached-token: 0, cache hit rate: 0.00%, token usage: 0.05, #running-req: 14, #queue-req: 0
[2026-08-22 09:09:45.112 GPU=1 Worker 0 (model_2) TP=0] Received 4 generation requests
[2026-08-22 09:09:45.126 GPU=1 Worker 0 (model_2) TP=0] Prefill batch. #new-seq: 4, #new-token: 1266, #cached-token: 0, cache hit rate: 0.00%, token usage: 0.12, #running-req: 278, #queue-req: 0
[2026-08-22 09:09:45.195 GPU=1 Worker 0 (model_2) TP=0] Received 4 generation requests
[2026-08-22 09:09:45.200 GPU=1 Worker 0 (model_2) TP=0] Prefill batch. #new-seq: 4, #new-token: 1414, #cached-token: 0, cache hit rate: 0.00%, token usage: 0.12, #running-req: 282, #queue-req: 0
[2026-08-22 09:09:45.235 GPU=0 Worker 2 (model_5) TP=0] Decode batch. #running-req: 16, #token: 14180, token usage: 0.07, gen throughput (token/s): 231.80, #queue-req: 0
[2026-08-22 09:09:45.306 GPU=0 Worker 2 (model_5) TP=0] Received 1 generation requests
[2026-08-22 09:09:45.308 GPU=0 Worker 2 (model_5) TP=0] Prefill batch. #new-seq: 1, #new-token: 629, #cached-token: 0, cache hit rate: 0.00%, token usage: 0.07, #running-req: 16, #queue-req: 0
[2026-08-22 09:09:45.321 GPU=1 Worker 0 (model_2) TP=0] Received 1 generation requests
[2026-08-22 09:09:45.323 GPU=1 Worker 0 (model_2) TP=0] Prefill batch. #new-seq: 1, #new-token: 418, #cached-token: 0, cache hit rate: 0.00%, token usage: 0.12, #running-req: 286, #queue-req: 0
[2026-08-22 09:09:45.414 GPU=1 Worker 0 (model_2) TP=0] Received 2 generation requests
[2026-08-22 09:09:45.415 GPU=1 Worker 0 (model_2) TP=0] Prefill batch. #new-seq: 2, #new-token: 48, #cached-token: 0, cache hit rate: 0.00%, token usage: 0.12, #running-req: 285, #queue-req: 0
[2026-08-22 09:09:45.436 GPU=1 Worker 2 (model_6) TP=0] Decode batch. #running-req: 18, #token: 16557, token usage: 0.04, gen throughput (token/s): 221.74, #queue-req: 0
[2026-08-22 09:09:45.488 GPU=1 Worker 1 (model_3) TP=0] Decode batch. #running-req: 14, #token: 10685, token usage: 0.05, gen throughput (token/s): 185.45, #queue-req: 0
[2026-08-22 09:09:45.493 GPU=1 Worker 0 (model_2) TP=0] Received 1 generation requests
[2026-08-22 09:09:45.496 GPU=1 Worker 0 (model_2) TP=0] Prefill batch. #new-seq: 1, #new-token: 602, #cached-token: 0, cache hit rate: 0.00%, token usage: 0.12, #running-req: 286, #queue-req: 0
[2026-08-22 09:09:45.548 GPU=1 Worker 2 (model_6) TP=0] Received 1 generation requests
[2026-08-22 09:09:45.548 GPU=1 Worker 0 (model_2) TP=0] Received 1 generation requests
[2026-08-22 09:09:45.549 GPU=1 Worker 0 (model_2) TP=0] Prefill batch. #new-seq: 1, #new-token: 19, #cached-token: 0, cache hit rate: 0.00%, token usage: 0.12, #running-req: 287, #queue-req: 0
[2026-08-22 09:09:45.550 GPU=1 Worker 2 (model_6) TP=0] Prefill batch. #new-seq: 1, #new-token: 252, #cached-token: 0, cache hit rate: 0.00%, token usage: 0.04, #running-req: 18, #queue-req: 0
[2026-08-22 09:09:45.619 GPU=1 Worker 0 (model_2) TP=0] Received 1 generation requests
[2026-08-22 09:09:45.620 GPU=1 Worker 0 (model_2) TP=0] Prefill batch. #new-seq: 1, #new-token: 115, #cached-token: 0, cache hit rate: 0.00%, token usage: 0.12, #running-req: 288, #queue-req: 0
[2026-08-22 09:09:45.745 GPU=1 Worker 2 (model_6) TP=0] Received 1 generation requests
[2026-08-22 09:09:45.745 GPU=1 Worker 0 (model_2) TP=0] Received 1 generation requests
[2026-08-22 09:09:45.831 GPU=1 Worker 2 (model_6) TP=0] Prefill batch. #new-seq: 1, #new-token: 757, #cached-token: 0, cache hit rate: 0.00%, token usage: 0.04, #running-req: 19, #queue-req: 0
[2026-08-22 09:09:45.832 GPU=1 Worker 0 (model_2) TP=0] Prefill batch. #new-seq: 1, #new-token: 2072, #cached-token: 0, cache hit rate: 0.00%, token usage: 0.12, #running-req: 286, #queue-req: 0
[2026-08-22 09:09:45.965 GPU=1 Worker 0 (model_2) TP=0] Received 4 generation requests
[2026-08-22 09:09:45.966 GPU=1 Worker 2 (model_6) TP=0] Received 1 generation requests
[2026-08-22 09:09:46.016 GPU=1 Worker 2 (model_6) TP=0] Prefill batch. #new-seq: 1, #new-token: 14, #cached-token: 0, cache hit rate: 0.00%, token usage: 0.04, #running-req: 20, #queue-req: 0
[2026-08-22 09:09:46.016 GPU=1 Worker 0 (model_2) TP=0] Prefill batch. #new-seq: 4, #new-token: 191, #cached-token: 0, cache hit rate: 0.00%, token usage: 0.12, #running-req: 287, #queue-req: 0
[2026-08-22 09:09:46.129 GPU=1 Worker 1 (model_3) TP=0] Received 1 generation requests
[2026-08-22 09:09:46.130 GPU=1 Worker 1 (model_3) TP=0] Prefill batch. #new-seq: 1, #new-token: 148, #cached-token: 0, cache hit rate: 0.00%, token usage: 0.05, #running-req: 12, #queue-req: 0
[2026-08-22 09:09:46.214 GPU=1 Worker 0 (model_2) TP=0] Received 1 generation requests
[2026-08-22 09:09:46.215 GPU=1 Worker 0 (model_2) TP=0] Prefill batch. #new-seq: 1, #new-token: 243, #cached-token: 0, cache hit rate: 0.00%, token usage: 0.12, #running-req: 282, #queue-req: 0
[2026-08-22 09:09:46.295 GPU=0 Worker 2 (model_5) TP=0] Received 1 generation requests
[2026-08-22 09:09:46.296 GPU=0 Worker 2 (model_5) TP=0] Prefill batch. #new-seq: 1, #new-token: 167, #cached-token: 0, cache hit rate: 0.00%, token usage: 0.06, #running-req: 15, #queue-req: 0
[2026-08-22 09:09:46.519 GPU=1 Worker 2 (model_6) TP=0] Received 1 generation requests
[2026-08-22 09:09:46.569 GPU=1 Worker 2 (model_6) TP=0] Prefill batch. #new-seq: 1, #new-token: 244, #cached-token: 0, cache hit rate: 0.00%, token usage: 0.04, #running-req: 21, #queue-req: 0
[2026-08-22 09:09:46.625 GPU=1 Worker 1 (model_3) TP=0] Received 1 generation requests
[2026-08-22 09:09:46.626 GPU=1 Worker 1 (model_3) TP=0] Prefill batch. #new-seq: 1, #new-token: 14, #cached-token: 0, cache hit rate: 0.00%, token usage: 0.05, #running-req: 13, #queue-req: 0
[2026-08-22 09:09:46.691 GPU=1 Worker 0 (model_2) TP=0] Received 1 generation requests
[2026-08-22 09:09:46.786 GPU=1 Worker 0 (model_2) TP=0] Prefill batch. #new-seq: 1, #new-token: 621, #cached-token: 0, cache hit rate: 0.00%, token usage: 0.12, #running-req: 276, #queue-req: 0
[2026-08-22 09:09:46.831 GPU=1 Worker 0 (model_2) TP=0] Received 1 generation requests
[2026-08-22 09:09:46.836 GPU=1 Worker 0 (model_2) TP=0] Prefill batch. #new-seq: 1, #new-token: 623, #cached-token: 0, cache hit rate: 0.00%, token usage: 0.12, #running-req: 277, #queue-req: 0
[2026-08-22 09:09:46.892 GPU=1 Worker 0 (model_2) TP=0] Received 1 generation requests
[2026-08-22 09:09:46.894 GPU=1 Worker 0 (model_2) TP=0] Prefill batch. #new-seq: 1, #new-token: 304, #cached-token: 0, cache hit rate: 0.00%, token usage: 0.12, #running-req: 278, #queue-req: 0
[2026-08-22 09:09:46.895 GPU=0 Worker 2 (model_5) TP=0] Decode batch. #running-req: 14, #token: 12319, token usage: 0.06, gen throughput (token/s): 374.20, #queue-req: 0
[2026-08-22 09:09:46.931 GPU=1 Worker 0 (model_2) TP=0] Received 1 generation requests
[2026-08-22 09:09:46.932 GPU=1 Worker 0 (model_2) TP=0] Prefill batch. #new-seq: 1, #new-token: 42, #cached-token: 0, cache hit rate: 0.00%, token usage: 0.12, #running-req: 279, #queue-req: 0
[2026-08-22 09:09:46.978 GPU=0 Worker 2 (model_5) TP=0] Received 1 generation requests
[2026-08-22 09:09:46.980 GPU=0 Worker 2 (model_5) TP=0] Prefill batch. #new-seq: 1, #new-token: 470, #cached-token: 0, cache hit rate: 0.00%, token usage: 0.06, #running-req: 13, #queue-req: 0
[2026-08-22 09:09:47.031 GPU=0 Worker 2 (model_5) TP=0] Received 1 generation requests
[2026-08-22 09:09:47.032 GPU=0 Worker 2 (model_5) TP=0] Prefill batch. #new-seq: 1, #new-token: 70, #cached-token: 0, cache hit rate: 0.00%, token usage: 0.06, #running-req: 14, #queue-req: 0
[2026-08-22 09:09:47.080 GPU=1 Worker 0 (model_2) TP=0] Received 1 generation requests
[2026-08-22 09:09:47.081 GPU=1 Worker 0 (model_2) TP=0] Prefill batch. #new-seq: 1, #new-token: 29, #cached-token: 0, cache hit rate: 0.00%, token usage: 0.12, #running-req: 276, #queue-req: 0
[2026-08-22 09:09:47.154 GPU=1 Worker 0 (model_2) TP=0] Received 1 generation requests
[2026-08-22 09:09:47.155 GPU=1 Worker 0 (model_2) TP=0] Prefill batch. #new-seq: 1, #new-token: 13, #cached-token: 0, cache hit rate: 0.00%, token usage: 0.12, #running-req: 267, #queue-req: 0
[2026-08-22 09:09:47.190 GPU=1 Worker 0 (model_2) TP=0] Received 1 generation requests
[2026-08-22 09:09:47.190 GPU=1 Worker 0 (model_2) TP=0] Prefill batch. #new-seq: 1, #new-token: 8, #cached-token: 0, cache hit rate: 0.00%, token usage: 0.12, #running-req: 268, #queue-req: 0
[2026-08-22 09:09:47.248 GPU=1 Worker 1 (model_3) TP=0] Received 1 generation requests
[2026-08-22 09:09:47.377 GPU=1 Worker 1 (model_3) TP=0] Prefill batch. #new-seq: 1, #new-token: 252, #cached-token: 0, cache hit rate: 0.00%, token usage: 0.05, #running-req: 14, #queue-req: 0
[2026-08-22 09:09:47.377 GPU=1 Worker 0 (model_2) TP=0] Received 1 generation requests
[2026-08-22 09:09:47.379 GPU=1 Worker 0 (model_2) TP=0] Prefill batch. #new-seq: 1, #new-token: 17, #cached-token: 0, cache hit rate: 0.00%, token usage: 0.12, #running-req: 268, #queue-req: 0
[2026-08-22 09:09:47.426 GPU=1 Worker 0 (model_2) TP=0] Received 2 generation requests
[2026-08-22 09:09:47.555 GPU=1 Worker 0 (model_2) TP=0] Prefill batch. #new-seq: 2, #new-token: 674, #cached-token: 0, cache hit rate: 0.00%, token usage: 0.12, #running-req: 269, #queue-req: 0
[2026-08-22 09:09:47.556 GPU=0 Worker 2 (model_5) TP=0] Received 1 generation requests
[2026-08-22 09:09:47.556 GPU=1 Worker 2 (model_6) TP=0] Received 1 generation requests
[2026-08-22 09:09:47.557 GPU=0 Worker 2 (model_5) TP=0] Prefill batch. #new-seq: 1, #new-token: 22, #cached-token: 0, cache hit rate: 0.00%, token usage: 0.06, #running-req: 11, #queue-req: 0
[2026-08-22 09:09:47.561 GPU=1 Worker 2 (model_6) TP=0] Prefill batch. #new-seq: 1, #new-token: 80, #cached-token: 0, cache hit rate: 0.00%, token usage: 0.04, #running-req: 19, #queue-req: 0
[2026-08-22 09:09:47.594 GPU=1 Worker 0 (model_2) TP=0] Received 2 generation requests
[2026-08-22 09:09:47.596 GPU=1 Worker 0 (model_2) TP=0] Prefill batch. #new-seq: 2, #new-token: 54, #cached-token: 0, cache hit rate: 0.00%, token usage: 0.12, #running-req: 271, #queue-req: 0
[2026-08-22 09:09:47.657 GPU=1 Worker 1 (model_3) TP=0] Decode batch. #running-req: 14, #token: 11355, token usage: 0.05, gen throughput (token/s): 247.53, #queue-req: 0
[2026-08-22 09:09:47.698 GPU=1 Worker 0 (model_2) TP=0] Received 2 generation requests
[2026-08-22 09:09:47.700 GPU=1 Worker 0 (model_2) TP=0] Prefill batch. #new-seq: 2, #new-token: 459, #cached-token: 0, cache hit rate: 0.00%, token usage: 0.12, #running-req: 272, #queue-req: 0
[2026-08-22 09:09:47.781 GPU=1 Worker 1 (model_3) TP=0] Received 1 generation requests
[2026-08-22 09:09:47.783 GPU=1 Worker 1 (model_3) TP=0] Prefill batch. #new-seq: 1, #new-token: 210, #cached-token: 0, cache hit rate: 0.00%, token usage: 0.05, #running-req: 13, #queue-req: 0
[2026-08-22 09:09:48.029 GPU=1 Worker 2 (model_6) TP=0] Received 1 generation requests
[2026-08-22 09:09:48.029 GPU=1 Worker 0 (model_2) TP=0] Received 6 generation requests
[2026-08-22 09:09:48.076 GPU=0 Worker 2 (model_5) TP=0] Received 1 generation requests
[2026-08-22 09:09:48.076 GPU=1 Worker 2 (model_6) TP=0] Prefill batch. #new-seq: 1, #new-token: 768, #cached-token: 0, cache hit rate: 0.00%, token usage: 0.03, #running-req: 18, #queue-req: 0
[2026-08-22 09:09:48.121 GPU=1 Worker 0 (model_2) TP=0] Prefill batch. #new-seq: 6, #new-token: 2672, #cached-token: 0, cache hit rate: 0.00%, token usage: 0.11, #running-req: 270, #queue-req: 0
[2026-08-22 09:09:48.122 GPU=0 Worker 2 (model_5) TP=0] Prefill batch. #new-seq: 1, #new-token: 147, #cached-token: 0, cache hit rate: 0.00%, token usage: 0.06, #running-req: 12, #queue-req: 0
[2026-08-22 09:09:48.157 GPU=0 Worker 2 (model_5) TP=0] Decode batch. #running-req: 13, #token: 11978, token usage: 0.06, gen throughput (token/s): 404.82, #queue-req: 0
[2026-08-22 09:09:48.267 GPU=1 Worker 0 (model_2) TP=0] Received 3 generation requests
[2026-08-22 09:09:48.271 GPU=1 Worker 0 (model_2) TP=0] Prefill batch. #new-seq: 3, #new-token: 323, #cached-token: 0, cache hit rate: 0.00%, token usage: 0.12, #running-req: 276, #queue-req: 0
[2026-08-22 09:09:48.294 GPU=1 Worker 1 (model_3) TP=0] Received 1 generation requests
[2026-08-22 09:09:48.294 GPU=1 Worker 1 (model_3) TP=0] Prefill batch. #new-seq: 1, #new-token: 11, #cached-token: 0, cache hit rate: 0.00%, token usage: 0.05, #running-req: 13, #queue-req: 0
[2026-08-22 09:09:48.361 GPU=1 Worker 2 (model_6) TP=0] Received 1 generation requests
[2026-08-22 09:09:48.361 GPU=1 Worker 2 (model_6) TP=0] Prefill batch. #new-seq: 1, #new-token: 142, #cached-token: 0, cache hit rate: 0.00%, token usage: 0.04, #running-req: 19, #queue-req: 0
[2026-08-22 09:09:48.452 GPU=1 Worker 0 (model_2) TP=0] Received 1 generation requests
[2026-08-22 09:09:48.454 GPU=1 Worker 0 (model_2) TP=0] Prefill batch. #new-seq: 1, #new-token: 505, #cached-token: 0, cache hit rate: 0.00%, token usage: 0.12, #running-req: 276, #queue-req: 0
[2026-08-22 09:09:48.500 GPU=1 Worker 0 (model_2) TP=0] Received 2 generation requests
[2026-08-22 09:09:48.502 GPU=1 Worker 0 (model_2) TP=0] Prefill batch. #new-seq: 2, #new-token: 451, #cached-token: 0, cache hit rate: 0.00%, token usage: 0.12, #running-req: 277, #queue-req: 0
[2026-08-22 09:09:48.512 GPU=0 Worker 2 (model_5) TP=0] Received 1 generation requests
[2026-08-22 09:09:48.514 GPU=0 Worker 2 (model_5) TP=0] Prefill batch. #new-seq: 1, #new-token: 359, #cached-token: 0, cache hit rate: 0.00%, token usage: 0.05, #running-req: 11, #queue-req: 0
[2026-08-22 09:09:48.532 GPU=1 Worker 2 (model_6) TP=0] Decode batch. #running-req: 20, #token: 16981, token usage: 0.04, gen throughput (token/s): 254.15, #queue-req: 0
[2026-08-22 09:09:48.545 GPU=0 Worker 2 (model_5) TP=0] Received 1 generation requests
[2026-08-22 09:09:48.545 GPU=0 Worker 2 (model_5) TP=0] Prefill batch. #new-seq: 1, #new-token: 18, #cached-token: 0, cache hit rate: 0.00%, token usage: 0.05, #running-req: 12, #queue-req: 0
[2026-08-22 09:09:48.575 GPU=1 Worker 0 (model_2) TP=0] Received 1 generation requests
[2026-08-22 09:09:48.577 GPU=1 Worker 0 (model_2) TP=0] Prefill batch. #new-seq: 1, #new-token: 768, #cached-token: 0, cache hit rate: 0.00%, token usage: 0.12, #running-req: 279, #queue-req: 0
[2026-08-22 09:09:48.633 GPU=1 Worker 0 (model_2) TP=0] Received 2 generation requests
[2026-08-22 09:09:48.635 GPU=1 Worker 0 (model_2) TP=0] Prefill batch. #new-seq: 2, #new-token: 685, #cached-token: 0, cache hit rate: 0.00%, token usage: 0.12, #running-req: 280, #queue-req: 0
[2026-08-22 09:09:48.684 GPU=1 Worker 0 (model_2) TP=0] Received 2 generation requests
[2026-08-22 09:09:48.685 GPU=1 Worker 0 (model_2) TP=0] Prefill batch. #new-seq: 2, #new-token: 153, #cached-token: 0, cache hit rate: 0.00%, token usage: 0.12, #running-req: 282, #queue-req: 0
[2026-08-22 09:09:48.767 GPU=1 Worker 0 (model_2) TP=0] Received 1 generation requests
[2026-08-22 09:09:48.915 GPU=1 Worker 0 (model_2) TP=0] Prefill batch. #new-seq: 1, #new-token: 1545, #cached-token: 0, cache hit rate: 0.00%, token usage: 0.12, #running-req: 284, #queue-req: 0
[2026-08-22 09:09:48.971 GPU=0 Worker 2 (model_5) TP=0] Decode batch. #running-req: 13, #token: 10712, token usage: 0.05, gen throughput (token/s): 592.31, #queue-req: 0
[2026-08-22 09:09:48.971 GPU=1 Worker 0 (model_2) TP=0] Received 1 generation requests
[2026-08-22 09:09:49.105 GPU=1 Worker 0 (model_2) TP=0] Prefill batch. #new-seq: 1, #new-token: 369, #cached-token: 0, cache hit rate: 0.00%, token usage: 0.12, #running-req: 285, #queue-req: 0
[2026-08-22 09:09:49.155 GPU=1 Worker 0 (model_2) TP=0] Received 3 generation requests
[2026-08-22 09:09:49.155 GPU=1 Worker 2 (model_6) TP=0] Received 1 generation requests
[2026-08-22 09:09:49.397 GPU=0 Worker 2 (model_5) TP=0] Received 1 generation requests
[2026-08-22 09:09:49.398 GPU=0 Worker 2 (model_5) TP=0] Prefill batch. #new-seq: 1, #new-token: 325, #cached-token: 0, cache hit rate: 0.00%, token usage: 0.05, #running-req: 13, #queue-req: 0
[2026-08-22 09:09:49.623 GPU=1 Worker 2 (model_6) TP=0] Prefill batch. #new-seq: 1, #new-token: 12, #cached-token: 0, cache hit rate: 0.00%, token usage: 0.04, #running-req: 19, #queue-req: 0
[2026-08-22 09:09:49.671 GPU=1 Worker 0 (model_2) TP=0] Prefill batch. #new-seq: 3, #new-token: 822, #cached-token: 0, cache hit rate: 0.00%, token usage: 0.12, #running-req: 286, #queue-req: 0
[2026-08-22 09:09:49.671 GPU=1 Worker 1 (model_3) TP=0] Received 1 generation requests
[2026-08-22 09:09:49.850 GPU=1 Worker 1 (model_3) TP=0] Prefill batch. #new-seq: 1, #new-token: 1160, #cached-token: 0, cache hit rate: 0.00%, token usage: 0.05, #running-req: 14, #queue-req: 0
[2026-08-22 09:09:49.937 GPU=1 Worker 1 (model_3) TP=0] Received 1 generation requests
[2026-08-22 09:09:49.971 GPU=0 Worker 2 (model_5) TP=0] Received 1 generation requests
[2026-08-22 09:09:50.005 GPU=1 Worker 1 (model_3) TP=0] Prefill batch. #new-seq: 1, #new-token: 34, #cached-token: 0, cache hit rate: 0.00%, token usage: 0.05, #running-req: 15, #queue-req: 0
[2026-08-22 09:09:50.005 GPU=0 Worker 2 (model_5) TP=0] Prefill batch. #new-seq: 1, #new-token: 97, #cached-token: 0, cache hit rate: 0.00%, token usage: 0.05, #running-req: 13, #queue-req: 0
[2026-08-22 09:09:50.024 GPU=0 Worker 2 (model_5) TP=0] Received 1 generation requests
[2026-08-22 09:09:50.027 GPU=0 Worker 2 (model_5) TP=0] Prefill batch. #new-seq: 1, #new-token: 485, #cached-token: 0, cache hit rate: 0.00%, token usage: 0.05, #running-req: 14, #queue-req: 0
[2026-08-22 09:09:50.091 GPU=1 Worker 0 (model_2) TP=0] Received 11 generation requests
[2026-08-22 09:09:50.106 GPU=1 Worker 0 (model_2) TP=0] Prefill batch. #new-seq: 11, #new-token: 4999, #cached-token: 0, cache hit rate: 0.00%, token usage: 0.12, #running-req: 289, #queue-req: 0
[2026-08-22 09:09:50.322 GPU=1 Worker 0 (model_2) TP=0] Received 9 generation requests
[2026-08-22 09:09:50.328 GPU=1 Worker 0 (model_2) TP=0] Prefill batch. #new-seq: 9, #new-token: 2136, #cached-token: 0, cache hit rate: 0.00%, token usage: 0.13, #running-req: 300, #queue-req: 0
[2026-08-22 09:09:50.337 GPU=1 Worker 1 (model_3) TP=0] Decode batch. #running-req: 15, #token: 12333, token usage: 0.05, gen throughput (token/s): 211.24, #queue-req: 0
[2026-08-22 09:09:50.366 GPU=0 Worker 2 (model_5) TP=0] Received 1 generation requests
[2026-08-22 09:09:50.366 GPU=0 Worker 2 (model_5) TP=0] Prefill batch. #new-seq: 1, #new-token: 23, #cached-token: 0, cache hit rate: 0.00%, token usage: 0.05, #running-req: 13, #queue-req: 0
[2026-08-22 09:09:50.427 GPU=1 Worker 0 (model_2) TP=0] Received 3 generation requests
[2026-08-22 09:09:50.431 GPU=1 Worker 0 (model_2) TP=0] Prefill batch. #new-seq: 3, #new-token: 1297, #cached-token: 0, cache hit rate: 0.00%, token usage: 0.13, #running-req: 309, #queue-req: 0
[2026-08-22 09:09:50.479 GPU=0 Worker 2 (model_5) TP=0] Received 1 generation requests
[2026-08-22 09:09:50.480 GPU=0 Worker 2 (model_5) TP=0] Prefill batch. #new-seq: 1, #new-token: 16, #cached-token: 0, cache hit rate: 0.00%, token usage: 0.05, #running-req: 13, #queue-req: 0
[2026-08-22 09:09:50.515 GPU=1 Worker 0 (model_2) TP=0] Received 1 generation requests
[2026-08-22 09:09:50.598 GPU=1 Worker 0 (model_2) TP=0] Prefill batch. #new-seq: 1, #new-token: 358, #cached-token: 0, cache hit rate: 0.00%, token usage: 0.13, #running-req: 312, #queue-req: 0
[2026-08-22 09:09:50.598 GPU=0 Worker 2 (model_5) TP=0] Received 2 generation requests
[2026-08-22 09:09:50.599 GPU=0 Worker 2 (model_5) TP=0] Prefill batch. #new-seq: 2, #new-token: 31, #cached-token: 0, cache hit rate: 0.00%, token usage: 0.05, #running-req: 14, #queue-req: 0
[2026-08-22 09:09:50.658 GPU=1 Worker 0 (model_2) TP=0] Received 2 generation requests
[2026-08-22 09:09:50.658 GPU=1 Worker 2 (model_6) TP=0] Received 1 generation requests
[2026-08-22 09:09:50.711 GPU=1 Worker 2 (model_6) TP=0] Prefill batch. #new-seq: 1, #new-token: 17, #cached-token: 0, cache hit rate: 0.00%, token usage: 0.04, #running-req: 20, #queue-req: 0
[2026-08-22 09:09:50.712 GPU=1 Worker 0 (model_2) TP=0] Prefill batch. #new-seq: 2, #new-token: 879, #cached-token: 0, cache hit rate: 0.00%, token usage: 0.13, #running-req: 313, #queue-req: 0
[2026-08-22 09:09:50.775 GPU=1 Worker 0 (model_2) TP=0] Received 1 generation requests
[2026-08-22 09:09:50.777 GPU=1 Worker 0 (model_2) TP=0] Prefill batch. #new-seq: 1, #new-token: 47, #cached-token: 0, cache hit rate: 0.00%, token usage: 0.13, #running-req: 315, #queue-req: 0
[2026-08-22 09:09:50.951 GPU=0 Worker 2 (model_5) TP=0] Received 3 generation requests
[2026-08-22 09:09:51.173 GPU=0 Worker 1 (model_4) TP=0] Received 1 generation requests
[2026-08-22 09:09:51.203 GPU=0 Worker 1 (model_4) TP=0] Prefill batch. #new-seq: 1, #new-token: 17, #cached-token: 0, cache hit rate: 0.00%, token usage: 0.03, #running-req: 0, #queue-req: 0
[2026-08-22 09:09:51.203 GPU=0 Worker 2 (model_5) TP=0] Prefill batch. #new-seq: 3, #new-token: 2850, #cached-token: 0, cache hit rate: 0.00%, token usage: 0.05, #running-req: 16, #queue-req: 0
[2026-08-22 09:09:51.356 GPU=1 Worker 0 (model_2) TP=0] Decode batch. #running-req: 311, #token: 124269, token usage: 0.13, gen throughput (token/s): 936.66, #queue-req: 0
[2026-08-22 09:09:51.505 GPU=1 Worker 2 (model_6) TP=0] Decode batch. #running-req: 19, #token: 15510, token usage: 0.03, gen throughput (token/s): 266.41, #queue-req: 0
[2026-08-22 09:09:51.527 GPU=0 Worker 2 (model_5) TP=0] Received 3 generation requests
[2026-08-22 09:09:51.532 GPU=0 Worker 2 (model_5) TP=0] Prefill batch. #new-seq: 3, #new-token: 1438, #cached-token: 0, cache hit rate: 0.00%, token usage: 0.06, #running-req: 19, #queue-req: 0
[2026-08-22 09:09:51.695 GPU=0 Worker 2 (model_5) TP=0] Received 1 generation requests
[2026-08-22 09:09:51.695 GPU=0 Worker 2 (model_5) TP=0] Prefill batch. #new-seq: 1, #new-token: 15, #cached-token: 0, cache hit rate: 0.00%, token usage: 0.07, #running-req: 22, #queue-req: 0
[2026-08-22 09:09:51.718 GPU=0 Worker 2 (model_5) TP=0] Received 1 generation requests
[2026-08-22 09:09:51.723 GPU=0 Worker 2 (model_5) TP=0] Prefill batch. #new-seq: 1, #new-token: 2440, #cached-token: 0, cache hit rate: 0.00%, token usage: 0.07, #running-req: 23, #queue-req: 0
[2026-08-22 09:09:51.885 GPU=0 Worker 0 (model_1) TP=0] Received 1 generation requests
[2026-08-22 09:09:51.889 GPU=0 Worker 0 (model_1) TP=0] Prefill batch. #new-seq: 1, #new-token: 484, #cached-token: 0, cache hit rate: 0.00%, token usage: 0.01, #running-req: 0, #queue-req: 0
[2026-08-22 09:09:51.960 GPU=0 Worker 1 (model_4) TP=0] Received 1 generation requests
[2026-08-22 09:09:51.983 GPU=0 Worker 2 (model_5) TP=0] Received 1 generation requests
[2026-08-22 09:09:52.006 GPU=0 Worker 1 (model_4) TP=0] Prefill batch. #new-seq: 1, #new-token: 112, #cached-token: 0, cache hit rate: 0.00%, token usage: 0.03, #running-req: 1, #queue-req: 0
[2026-08-22 09:09:52.006 GPU=0 Worker 2 (model_5) TP=0] Prefill batch. #new-seq: 1, #new-token: 43, #cached-token: 0, cache hit rate: 0.00%, token usage: 0.08, #running-req: 24, #queue-req: 0
[2026-08-22 09:09:52.308 GPU=0 Worker 1 (model_4) TP=0] Received 2 generation requests
[2026-08-22 09:09:52.337 GPU=0 Worker 0 (model_1) TP=0] Received 2 generation requests
[2026-08-22 09:09:52.337 GPU=0 Worker 1 (model_4) TP=0] Prefill batch. #new-seq: 2, #new-token: 659, #cached-token: 0, cache hit rate: 0.00%, token usage: 0.03, #running-req: 2, #queue-req: 0
[2026-08-22 09:09:52.338 GPU=0 Worker 2 (model_5) TP=0] Received 1 generation requests
[2026-08-22 09:09:52.616 GPU=0 Worker 2 (model_5) TP=0] Prefill batch. #new-seq: 1, #new-token: 176, #cached-token: 0, cache hit rate: 0.00%, token usage: 0.08, #running-req: 25, #queue-req: 0
[2026-08-22 09:09:52.616 GPU=0 Worker 0 (model_1) TP=0] Prefill batch. #new-seq: 2, #new-token: 293, #cached-token: 0, cache hit rate: 0.00%, token usage: 0.01, #running-req: 1, #queue-req: 0
[2026-08-22 09:09:52.642 GPU=1 Worker 1 (model_3) TP=0] Received 1 generation requests
[2026-08-22 09:09:52.643 GPU=1 Worker 1 (model_3) TP=0] Prefill batch. #new-seq: 1, #new-token: 39, #cached-token: 0, cache hit rate: 0.00%, token usage: 0.05, #running-req: 14, #queue-req: 0
[2026-08-22 09:09:52.697 GPU=0 Worker 0 (model_1) TP=0] Received 2 generation requests
[2026-08-22 09:09:52.701 GPU=0 Worker 2 (model_5) TP=0] Received 4 generation requests
[2026-08-22 09:09:52.723 GPU=0 Worker 0 (model_1) TP=0] Prefill batch. #new-seq: 2, #new-token: 1190, #cached-token: 0, cache hit rate: 0.00%, token usage: 0.01, #running-req: 3, #queue-req: 0
[2026-08-22 09:09:52.723 GPU=0 Worker 2 (model_5) TP=0] Prefill batch. #new-seq: 4, #new-token: 323, #cached-token: 0, cache hit rate: 0.00%, token usage: 0.08, #running-req: 26, #queue-req: 0
[2026-08-22 09:09:52.723 GPU=0 Worker 1 (model_4) TP=0] Received 4 generation requests
[2026-08-22 09:09:52.729 GPU=0 Worker 1 (model_4) TP=0] Prefill batch. #new-seq: 4, #new-token: 1339, #cached-token: 0, cache hit rate: 0.00%, token usage: 0.03, #running-req: 4, #queue-req: 0
[2026-08-22 09:09:52.782 GPU=1 Worker 1 (model_3) TP=0] Decode batch. #running-req: 15, #token: 12703, token usage: 0.05, gen throughput (token/s): 238.83, #queue-req: 0
[2026-08-22 09:09:52.782 GPU=0 Worker 2 (model_5) TP=0] Received 1 generation requests
[2026-08-22 09:09:52.829 GPU=0 Worker 2 (model_5) TP=0] Prefill batch. #new-seq: 1, #new-token: 9, #cached-token: 0, cache hit rate: 0.00%, token usage: 0.08, #running-req: 30, #queue-req: 0
[2026-08-22 09:09:52.925 GPU=0 Worker 2 (model_5) TP=0] Received 2 generation requests
[2026-08-22 09:09:52.925 GPU=0 Worker 0 (model_1) TP=0] Received 1 generation requests
[2026-08-22 09:09:52.927 GPU=0 Worker 0 (model_1) TP=0] Prefill batch. #new-seq: 1, #new-token: 11, #cached-token: 0, cache hit rate: 0.00%, token usage: 0.01, #running-req: 5, #queue-req: 0
[2026-08-22 09:09:52.928 GPU=0 Worker 2 (model_5) TP=0] Prefill batch. #new-seq: 2, #new-token: 777, #cached-token: 0, cache hit rate: 0.00%, token usage: 0.08, #running-req: 31, #queue-req: 0
[2026-08-22 09:09:53.069 GPU=0 Worker 1 (model_4) TP=0] Received 1 generation requests
[2026-08-22 09:09:53.069 GPU=0 Worker 2 (model_5) TP=0] Received 1 generation requests
[2026-08-22 09:09:53.105 GPU=0 Worker 2 (model_5) TP=0] Prefill batch. #new-seq: 1, #new-token: 92, #cached-token: 0, cache hit rate: 0.00%, token usage: 0.08, #running-req: 33, #queue-req: 0
[2026-08-22 09:09:53.105 GPU=0 Worker 1 (model_4) TP=0] Prefill batch. #new-seq: 1, #new-token: 513, #cached-token: 0, cache hit rate: 0.00%, token usage: 0.03, #running-req: 8, #queue-req: 0
[2026-08-22 09:09:53.177 GPU=0 Worker 2 (model_5) TP=0] Received 2 generation requests
[2026-08-22 09:09:53.180 GPU=0 Worker 2 (model_5) TP=0] Prefill batch. #new-seq: 2, #new-token: 715, #cached-token: 0, cache hit rate: 0.00%, token usage: 0.08, #running-req: 34, #queue-req: 0
[2026-08-22 09:09:53.215 GPU=0 Worker 1 (model_4) TP=0] Decode batch. #running-req: 9, #token: 23189, token usage: 0.03, gen throughput (token/s): 0.95, #queue-req: 0
[2026-08-22 09:09:53.946 GPU=0 Worker 1 (model_4) TP=0] Received 3 generation requests
[2026-08-22 09:09:54.200 GPU=0 Worker 1 (model_4) TP=0] Prefill batch. #new-seq: 3, #new-token: 1451, #cached-token: 0, cache hit rate: 0.00%, token usage: 0.03, #running-req: 9, #queue-req: 0
[2026-08-22 09:09:54.318 GPU=0 Worker 0 (model_1) TP=0] Received 9 generation requests
[2026-08-22 09:09:54.323 GPU=0 Worker 0 (model_1) TP=0] Prefill batch. #new-seq: 9, #new-token: 993, #cached-token: 0, cache hit rate: 0.00%, token usage: 0.02, #running-req: 6, #queue-req: 0
[2026-08-22 09:09:54.375 GPU=0 Worker 2 (model_5) TP=0] Received 11 generation requests
[2026-08-22 09:09:54.383 GPU=0 Worker 2 (model_5) TP=0] Prefill batch. #new-seq: 11, #new-token: 3329, #cached-token: 0, cache hit rate: 0.00%, token usage: 0.09, #running-req: 36, #queue-req: 0
[2026-08-22 09:09:54.406 GPU=0 Worker 0 (model_1) TP=0] Received 1 generation requests
[2026-08-22 09:09:54.406 GPU=0 Worker 0 (model_1) TP=0] Prefill batch. #new-seq: 1, #new-token: 82, #cached-token: 0, cache hit rate: 0.00%, token usage: 0.02, #running-req: 15, #queue-req: 0
[2026-08-22 09:09:54.415 GPU=1 Worker 0 (model_2) TP=0] Received 1 generation requests
[2026-08-22 09:09:54.451 GPU=0 Worker 1 (model_4) TP=0] Received 2 generation requests
[2026-08-22 09:09:54.485 GPU=1 Worker 0 (model_2) TP=0] Prefill batch. #new-seq: 1, #new-token: 400, #cached-token: 0, cache hit rate: 0.00%, token usage: 0.13, #running-req: 271, #queue-req: 0
[2026-08-22 09:09:54.485 GPU=0 Worker 1 (model_4) TP=0] Prefill batch. #new-seq: 2, #new-token: 1036, #cached-token: 0, cache hit rate: 0.00%, token usage: 0.03, #running-req: 12, #queue-req: 0
[2026-08-22 09:09:54.521 GPU=0 Worker 0 (model_1) TP=0] Received 1 generation requests
[2026-08-22 09:09:54.554 GPU=0 Worker 0 (model_1) TP=0] Prefill batch. #new-seq: 1, #new-token: 81, #cached-token: 0, cache hit rate: 0.00%, token usage: 0.02, #running-req: 15, #queue-req: 0
[2026-08-22 09:09:54.590 GPU=0 Worker 0 (model_1) TP=0] Received 1 generation requests
[2026-08-22 09:09:54.592 GPU=0 Worker 0 (model_1) TP=0] Prefill batch. #new-seq: 1, #new-token: 155, #cached-token: 0, cache hit rate: 0.00%, token usage: 0.02, #running-req: 16, #queue-req: 0
[2026-08-22 09:09:54.604 GPU=0 Worker 0 (model_1) TP=0] Received 1 generation requests
[2026-08-22 09:09:54.605 GPU=0 Worker 0 (model_1) TP=0] Prefill batch. #new-seq: 1, #new-token: 183, #cached-token: 0, cache hit rate: 0.00%, token usage: 0.02, #running-req: 17, #queue-req: 0
[2026-08-22 09:09:54.625 GPU=1 Worker 2 (model_6) TP=0] Decode batch. #running-req: 18, #token: 16142, token usage: 0.03, gen throughput (token/s): 241.73, #queue-req: 0
[2026-08-22 09:09:54.805 GPU=0 Worker 0 (model_1) TP=0] Received 1 generation requests
[2026-08-22 09:09:54.834 GPU=0 Worker 0 (model_1) TP=0] Prefill batch. #new-seq: 1, #new-token: 10, #cached-token: 0, cache hit rate: 0.00%, token usage: 0.02, #running-req: 18, #queue-req: 0
[2026-08-22 09:09:54.875 GPU=1 Worker 0 (model_2) TP=0] Decode batch. #running-req: 267, #token: 119368, token usage: 0.13, gen throughput (token/s): 3252.93, #queue-req: 0
[2026-08-22 09:09:54.945 GPU=0 Worker 2 (model_5) TP=0] Received 10 generation requests
[2026-08-22 09:09:55.021 GPU=0 Worker 0 (model_1) TP=0] Received 5 generation requests
[2026-08-22 09:09:55.023 GPU=0 Worker 2 (model_5) TP=0] Prefill batch. #new-seq: 10, #new-token: 4879, #cached-token: 0, cache hit rate: 0.00%, token usage: 0.10, #running-req: 47, #queue-req: 0
[2026-08-22 09:09:55.057 GPU=0 Worker 1 (model_4) TP=0] Received 1 generation requests
[2026-08-22 09:09:55.084 GPU=0 Worker 0 (model_1) TP=0] Prefill batch. #new-seq: 5, #new-token: 2337, #cached-token: 0, cache hit rate: 0.00%, token usage: 0.02, #running-req: 18, #queue-req: 0
[2026-08-22 09:09:55.137 GPU=0 Worker 1 (model_4) TP=0] Prefill batch. #new-seq: 1, #new-token: 38, #cached-token: 0, cache hit rate: 0.00%, token usage: 0.03, #running-req: 9, #queue-req: 0
[2026-08-22 09:09:55.462 GPU=0 Worker 1 (model_4) TP=0] Received 4 generation requests
[2026-08-22 09:09:55.746 GPU=0 Worker 1 (model_4) TP=0] Prefill batch. #new-seq: 4, #new-token: 144, #cached-token: 0, cache hit rate: 0.00%, token usage: 0.03, #running-req: 10, #queue-req: 0
[2026-08-22 09:09:55.835 GPU=0 Worker 1 (model_4) TP=0] Received 2 generation requests
[2026-08-22 09:09:55.928 GPU=0 Worker 1 (model_4) TP=0] Prefill batch. #new-seq: 2, #new-token: 499, #cached-token: 0, cache hit rate: 0.00%, token usage: 0.03, #running-req: 14, #queue-req: 0
[2026-08-22 09:09:55.928 GPU=1 Worker 1 (model_3) TP=0] Decode batch. #running-req: 12, #token: 13201, token usage: 0.06, gen throughput (token/s): 169.09, #queue-req: 0
[2026-08-22 09:09:56.028 GPU=0 Worker 1 (model_4) TP=0] Received 3 generation requests
[2026-08-22 09:09:56.125 GPU=0 Worker 1 (model_4) TP=0] Prefill batch. #new-seq: 3, #new-token: 1437, #cached-token: 0, cache hit rate: 0.00%, token usage: 0.03, #running-req: 16, #queue-req: 0
[2026-08-22 09:09:56.172 GPU=0 Worker 1 (model_4) TP=0] Received 2 generation requests
[2026-08-22 09:09:56.174 GPU=0 Worker 1 (model_4) TP=0] Prefill batch. #new-seq: 2, #new-token: 19, #cached-token: 0, cache hit rate: 0.00%, token usage: 0.04, #running-req: 19, #queue-req: 0
[2026-08-22 09:09:56.345 GPU=0 Worker 0 (model_1) TP=0] Received 8 generation requests
[2026-08-22 09:09:56.382 GPU=0 Worker 0 (model_1) TP=0] Prefill batch. #new-seq: 8, #new-token: 3136, #cached-token: 0, cache hit rate: 0.00%, token usage: 0.02, #running-req: 23, #queue-req: 0
[2026-08-22 09:09:56.507 GPU=0 Worker 1 (model_4) TP=0] Received 1 generation requests
[2026-08-22 09:09:56.536 GPU=0 Worker 1 (model_4) TP=0] Prefill batch. #new-seq: 1, #new-token: 16, #cached-token: 0, cache hit rate: 0.00%, token usage: 0.04, #running-req: 20, #queue-req: 0
[2026-08-22 09:09:56.572 GPU=1 Worker 1 (model_3) TP=0] Received 1 generation requests
[2026-08-22 09:09:56.575 GPU=1 Worker 1 (model_3) TP=0] Prefill batch. #new-seq: 1, #new-token: 64, #cached-token: 0, cache hit rate: 0.00%, token usage: 0.06, #running-req: 12, #queue-req: 0
[2026-08-22 09:09:56.644 GPU=0 Worker 0 (model_1) TP=0] Received 2 generation requests
[2026-08-22 09:09:56.757 GPU=0 Worker 0 (model_1) TP=0] Prefill batch. #new-seq: 2, #new-token: 40, #cached-token: 0, cache hit rate: 0.00%, token usage: 0.02, #running-req: 31, #queue-req: 0
[2026-08-22 09:09:56.791 GPU=0 Worker 0 (model_1) TP=0] Received 2 generation requests
[2026-08-22 09:09:56.876 GPU=0 Worker 0 (model_1) TP=0] Prefill batch. #new-seq: 2, #new-token: 351, #cached-token: 0, cache hit rate: 0.00%, token usage: 0.02, #running-req: 33, #queue-req: 0
[2026-08-22 09:09:57.233 GPU=1 Worker 1 (model_3) TP=0] Received 1 generation requests
[2026-08-22 09:09:57.233 GPU=0 Worker 0 (model_1) TP=0] Received 2 generation requests
[2026-08-22 09:09:57.463 GPU=0 Worker 0 (model_1) TP=0] Prefill batch. #new-seq: 2, #new-token: 217, #cached-token: 0, cache hit rate: 0.00%, token usage: 0.02, #running-req: 35, #queue-req: 0
[2026-08-22 09:09:57.463 GPU=1 Worker 1 (model_3) TP=0] Prefill batch. #new-seq: 1, #new-token: 1631, #cached-token: 0, cache hit rate: 0.00%, token usage: 0.06, #running-req: 13, #queue-req: 0
[2026-08-22 09:09:57.722 GPU=0 Worker 0 (model_1) TP=0] Received 3 generation requests
[2026-08-22 09:09:57.722 GPU=0 Worker 1 (model_4) TP=0] Decode batch. #running-req: 17, #token: 23996, token usage: 0.03, gen throughput (token/s): 130.92, #queue-req: 0
[2026-08-22 09:09:57.722 GPU=0 Worker 1 (model_4) TP=0] Received 2 generation requests
[2026-08-22 09:09:57.776 GPU=0 Worker 0 (model_1) TP=0] Prefill batch. #new-seq: 3, #new-token: 2360, #cached-token: 0, cache hit rate: 0.00%, token usage: 0.02, #running-req: 35, #queue-req: 0
[2026-08-22 09:09:57.776 GPU=0 Worker 1 (model_4) TP=0] Prefill batch. #new-seq: 2, #new-token: 365, #cached-token: 0, cache hit rate: 0.00%, token usage: 0.03, #running-req: 17, #queue-req: 0
[2026-08-22 09:09:57.805 GPU=0 Worker 1 (model_4) TP=0] Received 3 generation requests
[2026-08-22 09:09:57.809 GPU=0 Worker 1 (model_4) TP=0] Prefill batch. #new-seq: 3, #new-token: 604, #cached-token: 0, cache hit rate: 0.00%, token usage: 0.03, #running-req: 19, #queue-req: 0
[2026-08-22 09:09:57.840 GPU=0 Worker 1 (model_4) TP=0] Received 1 generation requests
[2026-08-22 09:09:57.841 GPU=0 Worker 1 (model_4) TP=0] Prefill batch. #new-seq: 1, #new-token: 218, #cached-token: 0, cache hit rate: 0.00%, token usage: 0.03, #running-req: 22, #queue-req: 0
[2026-08-22 09:09:57.884 GPU=0 Worker 0 (model_1) TP=0] Received 1 generation requests
[2026-08-22 09:09:57.885 GPU=0 Worker 0 (model_1) TP=0] Prefill batch. #new-seq: 1, #new-token: 75, #cached-token: 0, cache hit rate: 0.00%, token usage: 0.03, #running-req: 38, #queue-req: 0
[2026-08-22 09:09:57.908 GPU=1 Worker 2 (model_6) TP=0] Decode batch. #running-req: 18, #token: 16862, token usage: 0.04, gen throughput (token/s): 219.26, #queue-req: 0
[2026-08-22 09:09:57.959 GPU=0 Worker 0 (model_1) TP=0] Received 1 generation requests
[2026-08-22 09:09:57.960 GPU=0 Worker 0 (model_1) TP=0] Prefill batch. #new-seq: 1, #new-token: 10, #cached-token: 0, cache hit rate: 0.00%, token usage: 0.03, #running-req: 39, #queue-req: 0
[2026-08-22 09:09:58.039 GPU=0 Worker 1 (model_4) TP=0] Received 1 generation requests
[2026-08-22 09:09:58.041 GPU=0 Worker 1 (model_4) TP=0] Prefill batch. #new-seq: 1, #new-token: 313, #cached-token: 0, cache hit rate: 0.00%, token usage: 0.03, #running-req: 22, #queue-req: 0
[2026-08-22 09:09:58.042 GPU=0 Worker 0 (model_1) TP=0] Decode batch. #running-req: 39, #token: 20690, token usage: 0.03, gen throughput (token/s): 6.86, #queue-req: 0
[2026-08-22 09:09:58.101 GPU=0 Worker 1 (model_4) TP=0] Received 1 generation requests
[2026-08-22 09:09:58.103 GPU=0 Worker 1 (model_4) TP=0] Prefill batch. #new-seq: 1, #new-token: 282, #cached-token: 0, cache hit rate: 0.00%, token usage: 0.04, #running-req: 23, #queue-req: 0
[2026-08-22 09:09:58.250 GPU=0 Worker 1 (model_4) TP=0] Received 1 generation requests
[2026-08-22 09:09:58.292 GPU=0 Worker 1 (model_4) TP=0] Prefill batch. #new-seq: 1, #new-token: 69, #cached-token: 0, cache hit rate: 0.00%, token usage: 0.04, #running-req: 24, #queue-req: 0
[2026-08-22 09:09:58.399 GPU=1 Worker 0 (model_2) TP=0] Decode batch. #running-req: 237, #token: 118449, token usage: 0.13, gen throughput (token/s): 2900.02, #queue-req: 0
[2026-08-22 09:09:58.559 GPU=1 Worker 1 (model_3) TP=0] Decode batch. #running-req: 12, #token: 14592, token usage: 0.06, gen throughput (token/s): 189.68, #queue-req: 0
[2026-08-22 09:09:58.598 GPU=0 Worker 0 (model_1) TP=0] Received 2 generation requests
[2026-08-22 09:09:58.599 GPU=0 Worker 1 (model_4) TP=0] Received 2 generation requests
[2026-08-22 09:09:58.599 GPU=0 Worker 2 (model_5) TP=0] Received 11 generation requests
[2026-08-22 09:09:58.833 GPU=0 Worker 1 (model_4) TP=0] Prefill batch. #new-seq: 2, #new-token: 611, #cached-token: 0, cache hit rate: 0.00%, token usage: 0.04, #running-req: 25, #queue-req: 0
[2026-08-22 09:09:58.833 GPU=0 Worker 0 (model_1) TP=0] Prefill batch. #new-seq: 2, #new-token: 432, #cached-token: 0, cache hit rate: 0.00%, token usage: 0.02, #running-req: 31, #queue-req: 0
[2026-08-22 09:09:58.857 GPU=0 Worker 2 (model_5) TP=0] Prefill batch. #new-seq: 11, #new-token: 4481, #cached-token: 0, cache hit rate: 0.00%, token usage: 0.13, #running-req: 57, #queue-req: 0
[2026-08-22 09:09:58.946 GPU=0 Worker 1 (model_4) TP=0] Received 1 generation requests
[2026-08-22 09:09:59.050 GPU=0 Worker 1 (model_4) TP=0] Prefill batch. #new-seq: 1, #new-token: 79, #cached-token: 0, cache hit rate: 0.00%, token usage: 0.04, #running-req: 27, #queue-req: 0
[2026-08-22 09:09:59.171 GPU=0 Worker 1 (model_4) TP=0] Received 1 generation requests
[2026-08-22 09:09:59.172 GPU=0 Worker 1 (model_4) TP=0] Prefill batch. #new-seq: 1, #new-token: 243, #cached-token: 0, cache hit rate: 0.00%, token usage: 0.04, #running-req: 28, #queue-req: 0
[2026-08-22 09:09:59.281 GPU=0 Worker 0 (model_1) TP=0] Received 1 generation requests
[2026-08-22 09:09:59.282 GPU=0 Worker 0 (model_1) TP=0] Prefill batch. #new-seq: 1, #new-token: 267, #cached-token: 0, cache hit rate: 0.00%, token usage: 0.02, #running-req: 25, #queue-req: 0
[2026-08-22 09:09:59.285 GPU=0 Worker 1 (model_4) TP=0] Received 1 generation requests
[2026-08-22 09:09:59.286 GPU=0 Worker 1 (model_4) TP=0] Prefill batch. #new-seq: 1, #new-token: 18, #cached-token: 0, cache hit rate: 0.00%, token usage: 0.04, #running-req: 29, #queue-req: 0
[2026-08-22 09:09:59.316 GPU=0 Worker 0 (model_1) TP=0] Received 1 generation requests
[2026-08-22 09:09:59.317 GPU=0 Worker 0 (model_1) TP=0] Prefill batch. #new-seq: 1, #new-token: 48, #cached-token: 0, cache hit rate: 0.00%, token usage: 0.02, #running-req: 26, #queue-req: 0
[2026-08-22 09:09:59.418 GPU=0 Worker 1 (model_4) TP=0] Received 1 generation requests
[2026-08-22 09:09:59.418 GPU=0 Worker 1 (model_4) TP=0] Prefill batch. #new-seq: 1, #new-token: 9, #cached-token: 0, cache hit rate: 0.00%, token usage: 0.04, #running-req: 30, #queue-req: 0
[2026-08-22 09:09:59.545 GPU=0 Worker 1 (model_4) TP=0] Received 1 generation requests
[2026-08-22 09:09:59.639 GPU=0 Worker 1 (model_4) TP=0] Prefill batch. #new-seq: 1, #new-token: 567, #cached-token: 0, cache hit rate: 0.00%, token usage: 0.04, #running-req: 28, #queue-req: 0
[2026-08-22 09:09:59.639 GPU=0 Worker 0 (model_1) TP=0] Received 1 generation requests
[2026-08-22 09:09:59.639 GPU=0 Worker 2 (model_5) TP=0] Received 20 generation requests
[2026-08-22 09:09:59.641 GPU=0 Worker 0 (model_1) TP=0] Prefill batch. #new-seq: 1, #new-token: 10, #cached-token: 0, cache hit rate: 0.00%, token usage: 0.02, #running-req: 25, #queue-req: 0
[2026-08-22 09:09:59.674 GPU=0 Worker 1 (model_4) TP=0] Received 2 generation requests
[2026-08-22 09:09:59.705 GPU=0 Worker 2 (model_5) TP=0] Prefill batch. #new-seq: 20, #new-token: 3757, #cached-token: 0, cache hit rate: 0.00%, token usage: 0.15, #running-req: 68, #queue-req: 0
[2026-08-22 09:09:59.766 GPU=0 Worker 1 (model_4) TP=0] Prefill batch. #new-seq: 2, #new-token: 2053, #cached-token: 0, cache hit rate: 0.00%, token usage: 0.04, #running-req: 29, #queue-req: 0
[2026-08-22 09:10:00.081 GPU=0 Worker 1 (model_4) TP=0] Received 4 generation requests
[2026-08-22 09:10:00.081 GPU=0 Worker 0 (model_1) TP=0] Received 1 generation requests
[2026-08-22 09:10:00.334 GPU=0 Worker 0 (model_1) TP=0] Prefill batch. #new-seq: 1, #new-token: 29, #cached-token: 0, cache hit rate: 0.00%, token usage: 0.02, #running-req: 26, #queue-req: 0
[2026-08-22 09:10:00.335 GPU=0 Worker 1 (model_4) TP=0] Prefill batch. #new-seq: 4, #new-token: 2564, #cached-token: 0, cache hit rate: 0.00%, token usage: 0.04, #running-req: 31, #queue-req: 0
[2026-08-22 09:10:00.435 GPU=0 Worker 0 (model_1) TP=0] Received 1 generation requests
[2026-08-22 09:10:00.435 GPU=0 Worker 0 (model_1) TP=0] Prefill batch. #new-seq: 1, #new-token: 19, #cached-token: 0, cache hit rate: 0.00%, token usage: 0.02, #running-req: 27, #queue-req: 0
[2026-08-22 09:10:00.458 GPU=0 Worker 0 (model_1) TP=0] Received 1 generation requests
[2026-08-22 09:10:00.459 GPU=0 Worker 0 (model_1) TP=0] Prefill batch. #new-seq: 1, #new-token: 16, #cached-token: 0, cache hit rate: 0.00%, token usage: 0.02, #running-req: 28, #queue-req: 0
[2026-08-22 09:10:00.479 GPU=1 Worker 2 (model_6) TP=0] Decode batch. #running-req: 15, #token: 16520, token usage: 0.04, gen throughput (token/s): 263.38, #queue-req: 0
[2026-08-22 09:10:00.554 GPU=0 Worker 1 (model_4) TP=0] Received 1 generation requests
[2026-08-22 09:10:00.561 GPU=0 Worker 1 (model_4) TP=0] Prefill batch. #new-seq: 1, #new-token: 1469, #cached-token: 0, cache hit rate: 0.00%, token usage: 0.04, #running-req: 35, #queue-req: 0
[2026-08-22 09:10:00.673 GPU=0 Worker 0 (model_1) TP=0] Decode batch. #running-req: 28, #token: 15889, token usage: 0.02, gen throughput (token/s): 447.78, #queue-req: 0
[2026-08-22 09:10:00.700 GPU=0 Worker 1 (model_4) TP=0] Received 2 generation requests
[2026-08-22 09:10:00.702 GPU=0 Worker 1 (model_4) TP=0] Prefill batch. #new-seq: 2, #new-token: 347, #cached-token: 0, cache hit rate: 0.00%, token usage: 0.04, #running-req: 36, #queue-req: 0
[2026-08-22 09:10:00.805 GPU=1 Worker 1 (model_3) TP=0] Decode batch. #running-req: 11, #token: 14660, token usage: 0.06, gen throughput (token/s): 208.40, #queue-req: 0
[2026-08-22 09:10:00.906 GPU=1 Worker 0 (model_2) TP=0] Decode batch. #running-req: 203, #token: 112048, token usage: 0.12, gen throughput (token/s): 3496.92, #queue-req: 0
[2026-08-22 09:10:00.939 GPU=0 Worker 1 (model_4) TP=0] Received 2 generation requests
[2026-08-22 09:10:00.940 GPU=0 Worker 1 (model_4) TP=0] Prefill batch. #new-seq: 2, #new-token: 25, #cached-token: 0, cache hit rate: 0.00%, token usage: 0.04, #running-req: 37, #queue-req: 0
[2026-08-22 09:10:00.973 GPU=0 Worker 2 (model_5) TP=0] Received 13 generation requests
[2026-08-22 09:10:01.059 GPU=0 Worker 2 (model_5) TP=0] Prefill batch. #new-seq: 13, #new-token: 2350, #cached-token: 0, cache hit rate: 0.00%, token usage: 0.17, #running-req: 88, #queue-req: 0
[2026-08-22 09:10:01.462 GPU=0 Worker 1 (model_4) TP=0] Received 4 generation requests
[2026-08-22 09:10:01.705 GPU=0 Worker 1 (model_4) TP=0] Prefill batch. #new-seq: 4, #new-token: 893, #cached-token: 0, cache hit rate: 0.00%, token usage: 0.04, #running-req: 38, #queue-req: 0
[2026-08-22 09:10:01.774 GPU=1 Worker 1 (model_3) TP=0] Received 1 generation requests
[2026-08-22 09:10:01.839 GPU=1 Worker 1 (model_3) TP=0] Prefill batch. #new-seq: 1, #new-token: 381, #cached-token: 0, cache hit rate: 0.00%, token usage: 0.06, #running-req: 11, #queue-req: 0
[2026-08-22 09:10:01.870 GPU=0 Worker 0 (model_1) TP=0] Received 1 generation requests
[2026-08-22 09:10:01.872 GPU=0 Worker 0 (model_1) TP=0] Prefill batch. #new-seq: 1, #new-token: 489, #cached-token: 0, cache hit rate: 0.00%, token usage: 0.02, #running-req: 27, #queue-req: 0
[2026-08-22 09:10:01.964 GPU=0 Worker 0 (model_1) TP=0] Received 2 generation requests
[2026-08-22 09:10:01.999 GPU=0 Worker 0 (model_1) TP=0] Prefill batch. #new-seq: 2, #new-token: 783, #cached-token: 0, cache hit rate: 0.00%, token usage: 0.02, #running-req: 28, #queue-req: 0
[2026-08-22 09:10:02.127 GPU=0 Worker 1 (model_4) TP=0] Received 1 generation requests
[2026-08-22 09:10:02.130 GPU=0 Worker 1 (model_4) TP=0] Prefill batch. #new-seq: 1, #new-token: 774, #cached-token: 0, cache hit rate: 0.00%, token usage: 0.04, #running-req: 39, #queue-req: 0
[2026-08-22 09:10:02.296 GPU=0 Worker 1 (model_4) TP=0] Received 1 generation requests
[2026-08-22 09:10:02.328 GPU=0 Worker 1 (model_4) TP=0] Prefill batch. #new-seq: 1, #new-token: 41, #cached-token: 0, cache hit rate: 0.00%, token usage: 0.04, #running-req: 39, #queue-req: 0
[2026-08-22 09:10:02.351 GPU=0 Worker 2 (model_5) TP=0] Received 12 generation requests
[2026-08-22 09:10:02.395 GPU=0 Worker 2 (model_5) TP=0] Prefill batch. #new-seq: 12, #new-token: 5703, #cached-token: 0, cache hit rate: 0.00%, token usage: 0.18, #running-req: 101, #queue-req: 0
[2026-08-22 09:10:02.421 GPU=0 Worker 0 (model_1) TP=0] Received 1 generation requests
[2026-08-22 09:10:02.486 GPU=0 Worker 0 (model_1) TP=0] Prefill batch. #new-seq: 1, #new-token: 237, #cached-token: 0, cache hit rate: 0.00%, token usage: 0.02, #running-req: 30, #queue-req: 0
[2026-08-22 09:10:02.749 GPU=0 Worker 1 (model_4) TP=0] Received 1 generation requests
[2026-08-22 09:10:02.994 GPU=0 Worker 1 (model_4) TP=0] Prefill batch. #new-seq: 1, #new-token: 776, #cached-token: 0, cache hit rate: 0.00%, token usage: 0.05, #running-req: 40, #queue-req: 0
[2026-08-22 09:10:02.994 GPU=0 Worker 0 (model_1) TP=0] Received 1 generation requests
[2026-08-22 09:10:03.020 GPU=0 Worker 0 (model_1) TP=0] Prefill batch. #new-seq: 1, #new-token: 487, #cached-token: 0, cache hit rate: 0.00%, token usage: 0.02, #running-req: 31, #queue-req: 0
[2026-08-22 09:10:03.030 GPU=0 Worker 1 (model_4) TP=0] Received 1 generation requests
[2026-08-22 09:10:03.032 GPU=0 Worker 1 (model_4) TP=0] Prefill batch. #new-seq: 1, #new-token: 91, #cached-token: 0, cache hit rate: 0.00%, token usage: 0.05, #running-req: 41, #queue-req: 0
[2026-08-22 09:10:03.071 GPU=0 Worker 0 (model_1) TP=0] Received 1 generation requests
[2026-08-22 09:10:03.072 GPU=0 Worker 0 (model_1) TP=0] Prefill batch. #new-seq: 1, #new-token: 24, #cached-token: 0, cache hit rate: 0.00%, token usage: 0.02, #running-req: 31, #queue-req: 0
[2026-08-22 09:10:03.111 GPU=0 Worker 0 (model_1) TP=0] Decode batch. #running-req: 32, #token: 18190, token usage: 0.02, gen throughput (token/s): 472.09, #queue-req: 0
[2026-08-22 09:10:03.111 GPU=0 Worker 1 (model_4) TP=0] Decode batch. #running-req: 40, #token: 32055, token usage: 0.04, gen throughput (token/s): 256.05, #queue-req: 0
[2026-08-22 09:10:03.205 GPU=1 Worker 2 (model_6) TP=0] Decode batch. #running-req: 13, #token: 17760, token usage: 0.04, gen throughput (token/s): 203.18, #queue-req: 0
[2026-08-22 09:10:03.230 GPU=0 Worker 0 (model_1) TP=0] Received 1 generation requests
[2026-08-22 09:10:03.233 GPU=0 Worker 0 (model_1) TP=0] Prefill batch. #new-seq: 1, #new-token: 556, #cached-token: 0, cache hit rate: 0.00%, token usage: 0.02, #running-req: 32, #queue-req: 0
[2026-08-22 09:10:03.280 GPU=0 Worker 0 (model_1) TP=0] Received 1 generation requests
[2026-08-22 09:10:03.282 GPU=0 Worker 0 (model_1) TP=0] Prefill batch. #new-seq: 1, #new-token: 544, #cached-token: 0, cache hit rate: 0.00%, token usage: 0.02, #running-req: 33, #queue-req: 0
[2026-08-22 09:10:03.325 GPU=0 Worker 0 (model_1) TP=0] Received 1 generation requests
[2026-08-22 09:10:03.327 GPU=0 Worker 0 (model_1) TP=0] Prefill batch. #new-seq: 1, #new-token: 785, #cached-token: 0, cache hit rate: 0.00%, token usage: 0.02, #running-req: 34, #queue-req: 0
[2026-08-22 09:10:03.401 GPU=0 Worker 0 (model_1) TP=0] Received 1 generation requests
[2026-08-22 09:10:03.402 GPU=0 Worker 0 (model_1) TP=0] Prefill batch. #new-seq: 1, #new-token: 91, #cached-token: 0, cache hit rate: 0.00%, token usage: 0.02, #running-req: 35, #queue-req: 0
[2026-08-22 09:10:03.428 GPU=1 Worker 1 (model_3) TP=0] Decode batch. #running-req: 11, #token: 15100, token usage: 0.06, gen throughput (token/s): 174.95, #queue-req: 0
[2026-08-22 09:10:03.528 GPU=0 Worker 0 (model_1) TP=0] Received 1 generation requests
[2026-08-22 09:10:03.529 GPU=0 Worker 0 (model_1) TP=0] Prefill batch. #new-seq: 1, #new-token: 181, #cached-token: 0, cache hit rate: 0.00%, token usage: 0.02, #running-req: 34, #queue-req: 0
[2026-08-22 09:10:03.599 GPU=0 Worker 1 (model_4) TP=0] Received 1 generation requests
[2026-08-22 09:10:03.660 GPU=0 Worker 1 (model_4) TP=0] Prefill batch. #new-seq: 1, #new-token: 1295, #cached-token: 0, cache hit rate: 0.00%, token usage: 0.04, #running-req: 33, #queue-req: 0
[2026-08-22 09:10:03.787 GPU=0 Worker 1 (model_4) TP=0] Received 1 generation requests
[2026-08-22 09:10:03.792 GPU=0 Worker 1 (model_4) TP=0] Prefill batch. #new-seq: 1, #new-token: 413, #cached-token: 0, cache hit rate: 0.00%, token usage: 0.04, #running-req: 34, #queue-req: 0
[2026-08-22 09:10:03.888 GPU=1 Worker 0 (model_2) TP=0] Decode batch. #running-req: 178, #token: 104785, token usage: 0.11, gen throughput (token/s): 2595.65, #queue-req: 0
[2026-08-22 09:10:04.076 GPU=0 Worker 0 (model_1) TP=0] Received 3 generation requests
[2026-08-22 09:10:04.076 GPU=0 Worker 2 (model_5) TP=0] Received 12 generation requests
[2026-08-22 09:10:04.076 GPU=0 Worker 0 (model_1) TP=0] Prefill batch. #new-seq: 3, #new-token: 59, #cached-token: 0, cache hit rate: 0.00%, token usage: 0.03, #running-req: 35, #queue-req: 0
[2026-08-22 09:10:04.355 GPU=0 Worker 2 (model_5) TP=0] Prefill batch. #new-seq: 12, #new-token: 2630, #cached-token: 0, cache hit rate: 0.00%, token usage: 0.21, #running-req: 113, #queue-req: 0
[2026-08-22 09:10:04.411 GPU=0 Worker 0 (model_1) TP=0] Received 1 generation requests
[2026-08-22 09:10:04.412 GPU=0 Worker 0 (model_1) TP=0] Prefill batch. #new-seq: 1, #new-token: 246, #cached-token: 0, cache hit rate: 0.00%, token usage: 0.03, #running-req: 38, #queue-req: 0
[2026-08-22 09:10:04.463 GPU=0 Worker 1 (model_4) TP=0] Received 1 generation requests
[2026-08-22 09:10:04.530 GPU=0 Worker 1 (model_4) TP=0] Prefill batch. #new-seq: 1, #new-token: 15, #cached-token: 0, cache hit rate: 0.00%, token usage: 0.04, #running-req: 35, #queue-req: 0
[2026-08-22 09:10:04.723 GPU=0 Worker 0 (model_1) TP=0] Received 1 generation requests
[2026-08-22 09:10:04.726 GPU=0 Worker 0 (model_1) TP=0] Prefill batch. #new-seq: 1, #new-token: 1606, #cached-token: 0, cache hit rate: 0.00%, token usage: 0.03, #running-req: 37, #queue-req: 0
[2026-08-22 09:10:04.729 GPU=1 Worker 1 (model_3) TP=0] Received 1 generation requests
[2026-08-22 09:10:04.730 GPU=1 Worker 1 (model_3) TP=0] Prefill batch. #new-seq: 1, #new-token: 72, #cached-token: 0, cache hit rate: 0.00%, token usage: 0.06, #running-req: 8, #queue-req: 0
[2026-08-22 09:10:04.825 GPU=1 Worker 1 (model_3) TP=0] Received 1 generation requests
[2026-08-22 09:10:04.827 GPU=1 Worker 1 (model_3) TP=0] Prefill batch. #new-seq: 1, #new-token: 506, #cached-token: 0, cache hit rate: 0.00%, token usage: 0.06, #running-req: 9, #queue-req: 0
[2026-08-22 09:10:04.848 GPU=0 Worker 0 (model_1) TP=0] Received 1 generation requests
[2026-08-22 09:10:04.849 GPU=0 Worker 0 (model_1) TP=0] Prefill batch. #new-seq: 1, #new-token: 13, #cached-token: 0, cache hit rate: 0.00%, token usage: 0.03, #running-req: 38, #queue-req: 0
[2026-08-22 09:10:04.882 GPU=0 Worker 0 (model_1) TP=0] Received 1 generation requests
[2026-08-22 09:10:04.883 GPU=0 Worker 0 (model_1) TP=0] Prefill batch. #new-seq: 1, #new-token: 260, #cached-token: 0, cache hit rate: 0.00%, token usage: 0.03, #running-req: 39, #queue-req: 0
[2026-08-22 09:10:04.930 GPU=0 Worker 0 (model_1) TP=0] Received 1 generation requests
[2026-08-22 09:10:04.931 GPU=0 Worker 0 (model_1) TP=0] Prefill batch. #new-seq: 1, #new-token: 296, #cached-token: 0, cache hit rate: 0.00%, token usage: 0.03, #running-req: 40, #queue-req: 0
[2026-08-22 09:10:04.947 GPU=0 Worker 2 (model_5) TP=0] Received 18 generation requests
[2026-08-22 09:10:04.957 GPU=0 Worker 2 (model_5) TP=0] Prefill batch. #new-seq: 18, #new-token: 3511, #cached-token: 0, cache hit rate: 0.00%, token usage: 0.22, #running-req: 125, #queue-req: 0
[2026-08-22 09:10:05.188 GPU=0 Worker 0 (model_1) TP=0] Received 2 generation requests
[2026-08-22 09:10:05.190 GPU=0 Worker 0 (model_1) TP=0] Prefill batch. #new-seq: 2, #new-token: 71, #cached-token: 0, cache hit rate: 0.00%, token usage: 0.03, #running-req: 39, #queue-req: 0
[2026-08-22 09:10:05.823 GPU=0 Worker 1 (model_4) TP=0] Decode batch. #running-req: 31, #token: 27883, token usage: 0.04, gen throughput (token/s): 509.20, #queue-req: 0
[2026-08-22 09:10:05.869 GPU=0 Worker 1 (model_4) TP=0] Received 1 generation requests
[2026-08-22 09:10:05.869 GPU=0 Worker 0 (model_1) TP=0] Received 1 generation requests
[2026-08-22 09:10:05.913 GPU=1 Worker 2 (model_6) TP=0] Decode batch. #running-req: 11, #token: 17605, token usage: 0.04, gen throughput (token/s): 184.27, #queue-req: 0
[2026-08-22 09:10:05.914 GPU=1 Worker 1 (model_3) TP=0] Received 1 generation requests
[2026-08-22 09:10:05.914 GPU=0 Worker 0 (model_1) TP=0] Prefill batch. #new-seq: 1, #new-token: 1379, #cached-token: 0, cache hit rate: 0.00%, token usage: 0.03, #running-req: 38, #queue-req: 0
[2026-08-22 09:10:05.914 GPU=0 Worker 1 (model_4) TP=0] Prefill batch. #new-seq: 1, #new-token: 476, #cached-token: 0, cache hit rate: 0.00%, token usage: 0.04, #running-req: 31, #queue-req: 0
[2026-08-22 09:10:05.915 GPU=1 Worker 1 (model_3) TP=0] Prefill batch. #new-seq: 1, #new-token: 62, #cached-token: 0, cache hit rate: 0.00%, token usage: 0.05, #running-req: 9, #queue-req: 0
[2026-08-22 09:10:06.007 GPU=0 Worker 0 (model_1) TP=0] Decode batch. #running-req: 39, #token: 22623, token usage: 0.03, gen throughput (token/s): 506.16, #queue-req: 0
[2026-08-22 09:10:06.058 GPU=0 Worker 0 (model_1) TP=0] Received 2 generation requests
[2026-08-22 09:10:06.059 GPU=0 Worker 0 (model_1) TP=0] Prefill batch. #new-seq: 2, #new-token: 177, #cached-token: 0, cache hit rate: 0.00%, token usage: 0.03, #running-req: 38, #queue-req: 0
[2026-08-22 09:10:06.062 GPU=0 Worker 1 (model_4) TP=0] Received 1 generation requests
[2026-08-22 09:10:06.064 GPU=0 Worker 1 (model_4) TP=0] Prefill batch. #new-seq: 1, #new-token: 356, #cached-token: 0, cache hit rate: 0.00%, token usage: 0.04, #running-req: 32, #queue-req: 0
[2026-08-22 09:10:06.095 GPU=1 Worker 1 (model_3) TP=0] Decode batch. #running-req: 9, #token: 12748, token usage: 0.05, gen throughput (token/s): 135.74, #queue-req: 0
[2026-08-22 09:10:06.124 GPU=0 Worker 1 (model_4) TP=0] Received 1 generation requests
[2026-08-22 09:10:06.125 GPU=0 Worker 1 (model_4) TP=0] Prefill batch. #new-seq: 1, #new-token: 283, #cached-token: 0, cache hit rate: 0.00%, token usage: 0.04, #running-req: 33, #queue-req: 0
[2026-08-22 09:10:06.181 GPU=0 Worker 1 (model_4) TP=0] Received 1 generation requests
[2026-08-22 09:10:06.183 GPU=0 Worker 1 (model_4) TP=0] Prefill batch. #new-seq: 1, #new-token: 769, #cached-token: 0, cache hit rate: 0.00%, token usage: 0.04, #running-req: 34, #queue-req: 0
[2026-08-22 09:10:06.338 GPU=0 Worker 0 (model_1) TP=0] Received 1 generation requests
[2026-08-22 09:10:06.339 GPU=0 Worker 0 (model_1) TP=0] Prefill batch. #new-seq: 1, #new-token: 340, #cached-token: 0, cache hit rate: 0.00%, token usage: 0.03, #running-req: 37, #queue-req: 0
[2026-08-22 09:10:06.423 GPU=0 Worker 2 (model_5) TP=0] Received 13 generation requests
[2026-08-22 09:10:06.435 GPU=0 Worker 2 (model_5) TP=0] Prefill batch. #new-seq: 13, #new-token: 4373, #cached-token: 0, cache hit rate: 0.00%, token usage: 0.24, #running-req: 143, #queue-req: 0
[2026-08-22 09:10:06.499 GPU=1 Worker 0 (model_2) TP=0] Decode batch. #running-req: 146, #token: 94943, token usage: 0.10, gen throughput (token/s): 2465.39, #queue-req: 0
[2026-08-22 09:10:06.517 GPU=0 Worker 1 (model_4) TP=0] Received 1 generation requests
[2026-08-22 09:10:06.518 GPU=0 Worker 1 (model_4) TP=0] Prefill batch. #new-seq: 1, #new-token: 20, #cached-token: 0, cache hit rate: 0.00%, token usage: 0.04, #running-req: 32, #queue-req: 0
[2026-08-22 09:10:06.762 GPU=0 Worker 1 (model_4) TP=0] Received 1 generation requests
[2026-08-22 09:10:06.762 GPU=0 Worker 0 (model_1) TP=0] Received 1 generation requests
[2026-08-22 09:10:06.847 GPU=0 Worker 0 (model_1) TP=0] Prefill batch. #new-seq: 1, #new-token: 11, #cached-token: 0, cache hit rate: 0.00%, token usage: 0.02, #running-req: 35, #queue-req: 0
[2026-08-22 09:10:06.847 GPU=0 Worker 2 (model_5) TP=0] Received 12 generation requests
[2026-08-22 09:10:06.889 GPU=0 Worker 1 (model_4) TP=0] Prefill batch. #new-seq: 1, #new-token: 29, #cached-token: 0, cache hit rate: 0.00%, token usage: 0.04, #running-req: 33, #queue-req: 0
[2026-08-22 09:10:06.890 GPU=0 Worker 2 (model_5) TP=0] Prefill batch. #new-seq: 12, #new-token: 1946, #cached-token: 0, cache hit rate: 0.00%, token usage: 0.26, #running-req: 156, #queue-req: 0
[2026-08-22 09:10:06.952 GPU=0 Worker 1 (model_4) TP=0] Received 1 generation requests
[2026-08-22 09:10:06.965 GPU=0 Worker 1 (model_4) TP=0] Prefill batch. #new-seq: 1, #new-token: 40, #cached-token: 0, cache hit rate: 0.00%, token usage: 0.04, #running-req: 34, #queue-req: 0
[2026-08-22 09:10:07.295 GPU=0 Worker 1 (model_4) TP=0] Received 1 generation requests
[2026-08-22 09:10:07.562 GPU=0 Worker 0 (model_1) TP=0] Received 1 generation requests
[2026-08-22 09:10:07.615 GPU=0 Worker 1 (model_4) TP=0] Prefill batch. #new-seq: 1, #new-token: 11, #cached-token: 0, cache hit rate: 0.00%, token usage: 0.04, #running-req: 35, #queue-req: 0
[2026-08-22 09:10:07.712 GPU=0 Worker 0 (model_1) TP=0] Prefill batch. #new-seq: 1, #new-token: 49, #cached-token: 0, cache hit rate: 0.00%, token usage: 0.02, #running-req: 36, #queue-req: 0
[2026-08-22 09:10:07.724 GPU=0 Worker 0 (model_1) TP=0] Received 1 generation requests
[2026-08-22 09:10:07.725 GPU=0 Worker 0 (model_1) TP=0] Prefill batch. #new-seq: 1, #new-token: 107, #cached-token: 0, cache hit rate: 0.00%, token usage: 0.02, #running-req: 37, #queue-req: 0
[2026-08-22 09:10:07.735 GPU=0 Worker 1 (model_4) TP=0] Received 5 generation requests
[2026-08-22 09:10:07.774 GPU=0 Worker 1 (model_4) TP=0] Prefill batch. #new-seq: 5, #new-token: 2321, #cached-token: 0, cache hit rate: 0.00%, token usage: 0.04, #running-req: 36, #queue-req: 0
[2026-08-22 09:10:07.900 GPU=0 Worker 0 (model_1) TP=0] Received 1 generation requests
[2026-08-22 09:10:07.901 GPU=0 Worker 0 (model_1) TP=0] Prefill batch. #new-seq: 1, #new-token: 365, #cached-token: 0, cache hit rate: 0.00%, token usage: 0.02, #running-req: 36, #queue-req: 0
[2026-08-22 09:10:07.948 GPU=0 Worker 0 (model_1) TP=0] Received 1 generation requests
[2026-08-22 09:10:07.949 GPU=0 Worker 0 (model_1) TP=0] Prefill batch. #new-seq: 1, #new-token: 276, #cached-token: 0, cache hit rate: 0.00%, token usage: 0.02, #running-req: 37, #queue-req: 0
[2026-08-22 09:10:08.018 GPU=0 Worker 1 (model_4) TP=0] Received 1 generation requests
[2026-08-22 09:10:08.020 GPU=0 Worker 1 (model_4) TP=0] Prefill batch. #new-seq: 1, #new-token: 135, #cached-token: 0, cache hit rate: 0.00%, token usage: 0.04, #running-req: 39, #queue-req: 0
[2026-08-22 09:10:08.148 GPU=0 Worker 0 (model_1) TP=0] Received 1 generation requests
[2026-08-22 09:10:08.148 GPU=0 Worker 0 (model_1) TP=0] Prefill batch. #new-seq: 1, #new-token: 94, #cached-token: 0, cache hit rate: 0.00%, token usage: 0.02, #running-req: 36, #queue-req: 0
[2026-08-22 09:10:08.154 GPU=0 Worker 2 (model_5) TP=0] Received 11 generation requests
[2026-08-22 09:10:08.156 GPU=0 Worker 1 (model_4) TP=0] Received 1 generation requests
[2026-08-22 09:10:08.156 GPU=0 Worker 1 (model_4) TP=0] Prefill batch. #new-seq: 1, #new-token: 27, #cached-token: 0, cache hit rate: 0.00%, token usage: 0.04, #running-req: 40, #queue-req: 0
[2026-08-22 09:10:08.160 GPU=0 Worker 2 (model_5) TP=0] Prefill batch. #new-seq: 11, #new-token: 1603, #cached-token: 0, cache hit rate: 0.00%, token usage: 0.27, #running-req: 168, #queue-req: 0
[2026-08-22 09:10:08.226 GPU=1 Worker 1 (model_3) TP=0] Received 1 generation requests
[2026-08-22 09:10:08.228 GPU=1 Worker 1 (model_3) TP=0] Prefill batch. #new-seq: 1, #new-token: 240, #cached-token: 0, cache hit rate: 0.00%, token usage: 0.05, #running-req: 6, #queue-req: 0
[2026-08-22 09:10:08.228 GPU=0 Worker 0 (model_1) TP=0] Decode batch. #running-req: 37, #token: 18949, token usage: 0.02, gen throughput (token/s): 663.17, #queue-req: 0
[2026-08-22 09:10:08.341 GPU=0 Worker 0 (model_1) TP=0] Received 1 generation requests
[2026-08-22 09:10:08.341 GPU=0 Worker 1 (model_4) TP=0] Received 1 generation requests
[2026-08-22 09:10:08.389 GPU=0 Worker 2 (model_5) TP=0] Received 12 generation requests
[2026-08-22 09:10:08.483 GPU=0 Worker 1 (model_4) TP=0] Prefill batch. #new-seq: 1, #new-token: 225, #cached-token: 0, cache hit rate: 0.00%, token usage: 0.04, #running-req: 39, #queue-req: 0
[2026-08-22 09:10:08.483 GPU=0 Worker 0 (model_1) TP=0] Prefill batch. #new-seq: 1, #new-token: 496, #cached-token: 0, cache hit rate: 0.00%, token usage: 0.02, #running-req: 36, #queue-req: 0
[2026-08-22 09:10:08.484 GPU=0 Worker 2 (model_5) TP=0] Prefill batch. #new-seq: 12, #new-token: 3733, #cached-token: 0, cache hit rate: 0.00%, token usage: 0.27, #running-req: 179, #queue-req: 0
[2026-08-22 09:10:08.534 GPU=1 Worker 1 (model_3) TP=0] Decode batch. #running-req: 7, #token: 12079, token usage: 0.05, gen throughput (token/s): 111.92, #queue-req: 0
[2026-08-22 09:10:08.534 GPU=1 Worker 2 (model_6) TP=0] Decode batch. #running-req: 4, #token: 15778, token usage: 0.03, gen throughput (token/s): 118.27, #queue-req: 0
[2026-08-22 09:10:08.535 GPU=0 Worker 1 (model_4) TP=0] Received 2 generation requests
[2026-08-22 09:10:08.535 GPU=0 Worker 0 (model_1) TP=0] Received 4 generation requests
[2026-08-22 09:10:08.676 GPU=0 Worker 1 (model_4) TP=0] Prefill batch. #new-seq: 2, #new-token: 1074, #cached-token: 0, cache hit rate: 0.00%, token usage: 0.04, #running-req: 40, #queue-req: 0
[2026-08-22 09:10:08.676 GPU=0 Worker 0 (model_1) TP=0] Prefill batch. #new-seq: 4, #new-token: 2005, #cached-token: 0, cache hit rate: 0.00%, token usage: 0.02, #running-req: 37, #queue-req: 0
[2026-08-22 09:10:08.889 GPU=1 Worker 1 (model_3) TP=0] Received 1 generation requests
[2026-08-22 09:10:08.890 GPU=1 Worker 1 (model_3) TP=0] Prefill batch. #new-seq: 1, #new-token: 39, #cached-token: 0, cache hit rate: 0.00%, token usage: 0.05, #running-req: 6, #queue-req: 0
[2026-08-22 09:10:08.930 GPU=0 Worker 1 (model_4) TP=0] Received 1 generation requests
[2026-08-22 09:10:08.930 GPU=0 Worker 0 (model_1) TP=0] Received 1 generation requests
[2026-08-22 09:10:09.158 GPU=0 Worker 1 (model_4) TP=0] Prefill batch. #new-seq: 1, #new-token: 530, #cached-token: 0, cache hit rate: 0.00%, token usage: 0.04, #running-req: 42, #queue-req: 0
[2026-08-22 09:10:09.158 GPU=0 Worker 0 (model_1) TP=0] Prefill batch. #new-seq: 1, #new-token: 503, #cached-token: 0, cache hit rate: 0.00%, token usage: 0.03, #running-req: 41, #queue-req: 0
[2026-08-22 09:10:09.256 GPU=0 Worker 1 (model_4) TP=0] Received 1 generation requests
[2026-08-22 09:10:09.256 GPU=0 Worker 0 (model_1) TP=0] Received 2 generation requests
[2026-08-22 09:10:09.257 GPU=0 Worker 1 (model_4) TP=0] Prefill batch. #new-seq: 1, #new-token: 113, #cached-token: 0, cache hit rate: 0.00%, token usage: 0.04, #running-req: 43, #queue-req: 0
[2026-08-22 09:10:09.261 GPU=0 Worker 0 (model_1) TP=0] Prefill batch. #new-seq: 2, #new-token: 777, #cached-token: 0, cache hit rate: 0.00%, token usage: 0.03, #running-req: 42, #queue-req: 0
[2026-08-22 09:10:09.306 GPU=0 Worker 0 (model_1) TP=0] Received 1 generation requests
[2026-08-22 09:10:09.307 GPU=0 Worker 0 (model_1) TP=0] Prefill batch. #new-seq: 1, #new-token: 13, #cached-token: 0, cache hit rate: 0.00%, token usage: 0.03, #running-req: 44, #queue-req: 0
[2026-08-22 09:10:09.349 GPU=0 Worker 0 (model_1) TP=0] Received 1 generation requests
[2026-08-22 09:10:09.349 GPU=0 Worker 0 (model_1) TP=0] Prefill batch. #new-seq: 1, #new-token: 9, #cached-token: 0, cache hit rate: 0.00%, token usage: 0.03, #running-req: 45, #queue-req: 0
[2026-08-22 09:10:09.372 GPU=1 Worker 0 (model_2) TP=0] Decode batch. #running-req: 108, #token: 80133, token usage: 0.09, gen throughput (token/s): 1793.01, #queue-req: 0
[2026-08-22 09:10:09.594 GPU=0 Worker 0 (model_1) TP=0] Received 1 generation requests
[2026-08-22 09:10:09.595 GPU=0 Worker 0 (model_1) TP=0] Prefill batch. #new-seq: 1, #new-token: 310, #cached-token: 0, cache hit rate: 0.00%, token usage: 0.03, #running-req: 45, #queue-req: 0
[2026-08-22 09:10:09.660 GPU=0 Worker 1 (model_4) TP=0] Decode batch. #running-req: 40, #token: 32316, token usage: 0.04, gen throughput (token/s): 398.48, #queue-req: 0
[2026-08-22 09:10:09.723 GPU=0 Worker 1 (model_4) TP=0] Received 1 generation requests
[2026-08-22 09:10:09.723 GPU=0 Worker 1 (model_4) TP=0] Prefill batch. #new-seq: 1, #new-token: 10, #cached-token: 0, cache hit rate: 0.00%, token usage: 0.04, #running-req: 40, #queue-req: 0
[2026-08-22 09:10:09.763 GPU=0 Worker 1 (model_4) TP=0] Received 1 generation requests
[2026-08-22 09:10:09.770 GPU=0 Worker 1 (model_4) TP=0] Prefill batch. #new-seq: 1, #new-token: 2455, #cached-token: 0, cache hit rate: 0.00%, token usage: 0.04, #running-req: 41, #queue-req: 0
[2026-08-22 09:10:09.860 GPU=0 Worker 2 (model_5) TP=0] Received 11 generation requests
[2026-08-22 09:10:09.905 GPU=0 Worker 1 (model_4) TP=0] Received 1 generation requests
[2026-08-22 09:10:09.951 GPU=0 Worker 2 (model_5) TP=0] Prefill batch. #new-seq: 11, #new-token: 3799, #cached-token: 0, cache hit rate: 0.00%, token usage: 0.29, #running-req: 191, #queue-req: 0
[2026-08-22 09:10:09.997 GPU=0 Worker 1 (model_4) TP=0] Prefill batch. #new-seq: 1, #new-token: 14, #cached-token: 0, cache hit rate: 0.00%, token usage: 0.05, #running-req: 42, #queue-req: 0
[2026-08-22 09:10:10.064 GPU=0 Worker 1 (model_4) TP=0] Received 1 generation requests
[2026-08-22 09:10:10.207 GPU=0 Worker 1 (model_4) TP=0] Prefill batch. #new-seq: 1, #new-token: 66, #cached-token: 0, cache hit rate: 0.00%, token usage: 0.05, #running-req: 43, #queue-req: 0
[2026-08-22 09:10:10.207 GPU=0 Worker 0 (model_1) TP=0] Received 1 generation requests
[2026-08-22 09:10:10.209 GPU=0 Worker 0 (model_1) TP=0] Prefill batch. #new-seq: 1, #new-token: 24, #cached-token: 0, cache hit rate: 0.00%, token usage: 0.03, #running-req: 39, #queue-req: 0
[2026-08-22 09:10:10.259 GPU=0 Worker 0 (model_1) TP=0] Received 1 generation requests
[2026-08-22 09:10:10.392 GPU=0 Worker 0 (model_1) TP=0] Prefill batch. #new-seq: 1, #new-token: 86, #cached-token: 0, cache hit rate: 0.00%, token usage: 0.03, #running-req: 40, #queue-req: 0
[2026-08-22 09:10:10.633 GPU=0 Worker 0 (model_1) TP=0] Received 2 generation requests
[2026-08-22 09:10:10.633 GPU=0 Worker 1 (model_4) TP=0] Received 1 generation requests
[2026-08-22 09:10:10.854 GPU=0 Worker 1 (model_4) TP=0] Prefill batch. #new-seq: 1, #new-token: 8, #cached-token: 0, cache hit rate: 0.00%, token usage: 0.05, #running-req: 44, #queue-req: 0
[2026-08-22 09:10:10.854 GPU=0 Worker 0 (model_1) TP=0] Prefill batch. #new-seq: 2, #new-token: 681, #cached-token: 0, cache hit rate: 0.00%, token usage: 0.03, #running-req: 41, #queue-req: 0
[2026-08-22 09:10:10.901 GPU=1 Worker 1 (model_3) TP=0] Decode batch. #running-req: 6, #token: 11751, token usage: 0.05, gen throughput (token/s): 105.63, #queue-req: 0
[2026-08-22 09:10:10.912] Sending activate request to GPU scheduler 1
[2026-08-22 09:10:10.915 GPU=1 Worker=3 TP0] Scheduler: Received 1 requests from gpu scheduler
[2026-08-22 09:10:10.915 GPU=1 Worker=3 TP0] Processing activate request
[2026-08-22 09:10:10.915 GPU=1 Worker=3 TP0] Scheduler receives the activate request with rid: f1ed931118e94615bcbe4f16a1576189
[2026-08-22 09:10:10.918 GPU=1 Worker=3 TP0] [PAPER-KV-V6] stale-clear acknowledged model=Qwen/Qwen2.5-3B-Instruct dropped=0
[2026-08-22 09:10:10.949 GPU=0 Worker 1 (model_4) TP=0] Received 1 generation requests
[2026-08-22 09:10:10.951 GPU=0 Worker 1 (model_4) TP=0] Prefill batch. #new-seq: 1, #new-token: 123, #cached-token: 0, cache hit rate: 0.00%, token usage: 0.05, #running-req: 45, #queue-req: 0
[2026-08-22 09:10:10.981 GPU=0 Worker 1 (model_4) TP=0] Received 1 generation requests
[2026-08-22 09:10:10.983 GPU=0 Worker 1 (model_4) TP=0] Prefill batch. #new-seq: 1, #new-token: 100, #cached-token: 0, cache hit rate: 0.00%, token usage: 0.05, #running-req: 46, #queue-req: 0
[2026-08-22 09:10:11.048 GPU=0 Worker 1 (model_4) TP=0] Received 1 generation requests
[2026-08-22 09:10:11.048 GPU=0 Worker 1 (model_4) TP=0] Prefill batch. #new-seq: 1, #new-token: 34, #cached-token: 0, cache hit rate: 0.00%, token usage: 0.05, #running-req: 47, #queue-req: 0
[2026-08-22 09:10:11.073 GPU=1 Worker 2 (model_6) TP=0] Decode batch. #running-req: 3, #token: 15523, token usage: 0.03, gen throughput (token/s): 54.36, #queue-req: 0
[2026-08-22 09:10:11.080 GPU=0 Worker 0 (model_1) TP=0] Received 1 generation requests
[2026-08-22 09:10:11.083 GPU=0 Worker 0 (model_1) TP=0] Prefill batch. #new-seq: 1, #new-token: 1774, #cached-token: 0, cache hit rate: 0.00%, token usage: 0.03, #running-req: 41, #queue-req: 0
[2026-08-22 09:10:11.191 GPU=0 Worker 0 (model_1) TP=0] Received 1 generation requests
[2026-08-22 09:10:11.193 GPU=0 Worker 0 (model_1) TP=0] Prefill batch. #new-seq: 1, #new-token: 599, #cached-token: 0, cache hit rate: 0.00%, token usage: 0.03, #running-req: 42, #queue-req: 0
[2026-08-22 09:10:11.245 GPU=0 Worker 0 (model_1) TP=0] Received 1 generation requests
[2026-08-22 09:10:11.245 GPU=0 Worker 0 (model_1) TP=0] Prefill batch. #new-seq: 1, #new-token: 83, #cached-token: 0, cache hit rate: 0.00%, token usage: 0.03, #running-req: 43, #queue-req: 0
[2026-08-22 09:10:11.279 GPU=0 Worker 1 (model_4) TP=0] Received 1 generation requests
[2026-08-22 09:10:11.281 GPU=0 Worker 1 (model_4) TP=0] Prefill batch. #new-seq: 1, #new-token: 312, #cached-token: 0, cache hit rate: 0.00%, token usage: 0.05, #running-req: 48, #queue-req: 0
[2026-08-22 09:10:11.348 GPU=0 Worker 0 (model_1) TP=0] Decode batch. #running-req: 44, #token: 23195, token usage: 0.03, gen throughput (token/s): 546.59, #queue-req: 0
[2026-08-22 09:10:11.355 GPU=1 Worker 0 (model_2) TP=0] Decode batch. #running-req: 71, #token: 63467, token usage: 0.07, gen throughput (token/s): 1797.37, #queue-req: 0
[2026-08-22 09:10:11.545 GPU=0 Worker 2 (model_5) TP=0] Received 11 generation requests
[2026-08-22 09:10:11.638 GPU=0 Worker 2 (model_5) TP=0] Prefill batch. #new-seq: 11, #new-token: 2395, #cached-token: 0, cache hit rate: 0.00%, token usage: 0.31, #running-req: 202, #queue-req: 0
[2026-08-22 09:10:12.028 GPU=1 Worker=3 TP0] Load model from model service end. Time cost: 1.0782s, loading time: 0.6603s, service_id: 1
[2026-08-22 09:10:12.063 GPU=1 Worker=3 TP0] Load GPU model end. Time cost: 1.1100s. Current available memory: 31.91 GB, model GPU memory usage: 6.36 GB
[2026-08-22 09:10:12.063 GPU=1 Worker 1 (model_3) TP=0] Received 1 generation requests
[2026-08-22 09:10:12.064 GPU=0 Worker 0 (model_1) TP=0] Received 2 generation requests
[2026-08-22 09:10:12.064 GPU=0 Worker 1 (model_4) TP=0] Received 1 generation requests
[2026-08-22 09:10:12.069 GPU=1 Worker=3 TP0] Elastic memory: kv_cache_manager_v0 initialized
[2026-08-22 09:10:12.284 GPU=1 Worker 1 (model_3) TP=0] Prefill batch. #new-seq: 1, #new-token: 23, #cached-token: 0, cache hit rate: 0.00%, token usage: 0.05, #running-req: 5, #queue-req: 0
[2026-08-22 09:10:12.285 GPU=0 Worker 0 (model_1) TP=0] Prefill batch. #new-seq: 2, #new-token: 694, #cached-token: 0, cache hit rate: 0.00%, token usage: 0.03, #running-req: 43, #queue-req: 0
[2026-08-22 09:10:12.285 GPU=0 Worker 1 (model_4) TP=0] Prefill batch. #new-seq: 1, #new-token: 1665, #cached-token: 0, cache hit rate: 0.00%, token usage: 0.05, #running-req: 48, #queue-req: 0
[2026-08-22 09:10:12.412 GPU=0 Worker 0 (model_1) TP=0] Received 1 generation requests
[2026-08-22 09:10:12.494 GPU=0 Worker 0 (model_1) TP=0] Prefill batch. #new-seq: 1, #new-token: 9, #cached-token: 0, cache hit rate: 0.00%, token usage: 0.03, #running-req: 44, #queue-req: 0
[2026-08-22 09:10:12.662 GPU=1 Worker=3 TP0] Init attention backend end. Time cost: 0.5927s
[2026-08-22 09:10:12.662 GPU=1 Worker=3 TP0] Activate model model_4 (Qwen/Qwen2.5-3B-Instruct) time cost: 1.7444s.
[2026-08-22 09:10:12.662 GPU=1 Worker 3 (model_4) TP=0] Model runner activated
[2026-08-22 09:10:12.663 GPU=1 Worker 3 (model_4) TP=0] max_total_num_tokens=724992, max_prefill_tokens=16384, max_running_requests=513, 
[2026-08-22 09:10:12.663 GPU=1 Worker 3 (model_4) TP=0] Memory pool updated
[2026-08-22 09:10:12.663 GPU=1 Worker 3 (model_4) TP=0] [PAPER-OVERLAP-V6] {"event": "target_ready", "model": "model_4", "gpu": 1, "rid": "f1ed931118e94615bcbe4f16a1576189", "start": 1787389810.9183502, "ready": 1787389812.6631386, "prepare_duration_s": 1.7447880420368165}
[2026-08-22 09:10:12.664] Detokenizer: Received activate request for model_4
[2026-08-22 09:10:12.665] [V5-HOP] {"action": "ActivateReqInput", "model": "model_4", "gpu_id": 1, "register_s": 0.00010085105895996094, "wait_for_engine_s": 1.752357006072998, "total_s": 1.752457857131958}
[2026-08-22 09:10:12.675] Sending deactivate request to GPU scheduler 0
[2026-08-22 09:10:12.724 GPU=0 Worker 1 (model_4) TP=0] Scheduler: Received 1 requests from gpu scheduler
[2026-08-22 09:10:12.724 GPU=0 Worker 1 (model_4) TP=0] Processing deactivate request
[2026-08-22 09:10:12.724 GPU=0 Worker 1 (model_4) TP=0] [PAPER-OVERLAP-V6] {"event": "source_quiesce", "model": "model_4", "gpu": 0, "rid": "f73064eb483d4a66b0d3e6bcc7600d76", "time": 1787389812.724342, "was_serving": true}
[2026-08-22 09:10:12.724 GPU=0 Worker 1 (model_4) TP=0] Scheduler receives the deactivate requests with rid: f73064eb483d4a66b0d3e6bcc7600d76
[2026-08-22 09:10:12.724 GPU=0 Worker 1 (model_4) TP=0] In handle deactivate request, waiting queue size: 0. Running batch size: 48, last batch size: 1
[2026-08-22 09:10:12.724 GPU=0 Worker 1 (model_4) TP=0] Retract running batch, running batch size: 49, last batch size: 1
[2026-08-22 09:10:12.806 GPU=1 Worker 1 (model_3) TP=0] Decode batch. #running-req: 6, #token: 11624, token usage: 0.05, gen throughput (token/s): 122.83, #queue-req: 0
[2026-08-22 09:10:12.911 GPU=0 Worker 2 (model_5) TP=0] Received 27 generation requests
[2026-08-22 09:10:12.934 GPU=0 Worker 2 (model_5) TP=0] Prefill batch. #new-seq: 27, #new-token: 7362, #cached-token: 0, cache hit rate: 0.00%, token usage: 0.32, #running-req: 213, #queue-req: 0
[2026-08-22 09:10:13.097 GPU=0 Worker 0 (model_1) TP=0] Received 1 generation requests
[2026-08-22 09:10:13.146 GPU=0 Worker 0 (model_1) TP=0] Prefill batch. #new-seq: 1, #new-token: 278, #cached-token: 0, cache hit rate: 0.00%, token usage: 0.02, #running-req: 37, #queue-req: 0
[2026-08-22 09:10:13.197 GPU=0 Worker 0 (model_1) TP=0] Received 1 generation requests
[2026-08-22 09:10:13.334 GPU=0 Worker 0 (model_1) TP=0] Prefill batch. #new-seq: 1, #new-token: 841, #cached-token: 0, cache hit rate: 0.00%, token usage: 0.02, #running-req: 38, #queue-req: 0
[2026-08-22 09:10:13.349 GPU=0 Worker 0 (model_1) TP=0] Received 1 generation requests
[2026-08-22 09:10:13.573 GPU=0 Worker 0 (model_1) TP=0] Prefill batch. #new-seq: 1, #new-token: 16, #cached-token: 0, cache hit rate: 0.00%, token usage: 0.03, #running-req: 39, #queue-req: 0
[2026-08-22 09:10:13.574 GPU=1 Worker 2 (model_6) TP=0] Decode batch. #running-req: 2, #token: 15190, token usage: 0.03, gen throughput (token/s): 35.99, #queue-req: 0
[2026-08-22 09:10:13.803 GPU=0 Worker 0 (model_1) TP=0] Received 3 generation requests
[2026-08-22 09:10:13.853 GPU=0 Worker 0 (model_1) TP=0] Prefill batch. #new-seq: 3, #new-token: 571, #cached-token: 0, cache hit rate: 0.00%, token usage: 0.03, #running-req: 40, #queue-req: 0
[2026-08-22 09:10:13.902 GPU=0 Worker 0 (model_1) TP=0] Received 3 generation requests
[2026-08-22 09:10:13.905 GPU=0 Worker 0 (model_1) TP=0] Prefill batch. #new-seq: 3, #new-token: 269, #cached-token: 0, cache hit rate: 0.00%, token usage: 0.03, #running-req: 43, #queue-req: 0
[2026-08-22 09:10:13.946 GPU=0 Worker 0 (model_1) TP=0] Received 1 generation requests
[2026-08-22 09:10:13.976 GPU=0 Worker 0 (model_1) TP=0] Prefill batch. #new-seq: 1, #new-token: 21, #cached-token: 0, cache hit rate: 0.00%, token usage: 0.03, #running-req: 46, #queue-req: 0
[2026-08-22 09:10:14.034 GPU=1 Worker 0 (model_2) TP=0] Decode batch. #running-req: 40, #token: 40792, token usage: 0.04, gen throughput (token/s): 876.16, #queue-req: 0
[2026-08-22 09:10:14.034 GPU=0 Worker 0 (model_1) TP=0] Received 2 generation requests
[2026-08-22 09:10:14.038 GPU=0 Worker 0 (model_1) TP=0] Prefill batch. #new-seq: 2, #new-token: 862, #cached-token: 0, cache hit rate: 0.00%, token usage: 0.03, #running-req: 47, #queue-req: 0
[2026-08-22 09:10:14.039 GPU=0 Worker 1 (model_4) TP=0] [PAPER-MIGRATION-TIMELINE] {"event": "request_drain", "model": "model_4", "gpu_id": 0, "start": 1787389812.7244825, "end": 1787389814.0393746, "preempt": true}
[2026-08-22 09:10:14.039 GPU=0 Worker 1 (model_4) TP=0] Process ongoing requests with preempt (True) takes 1.3149 s
[2026-08-22 09:10:14.073 GPU=0 Worker 0 (model_1) TP=0] Decode batch. #running-req: 49, #token: 22904, token usage: 0.03, gen throughput (token/s): 623.07, #queue-req: 0
[2026-08-22 09:10:14.314 GPU=0 Worker 0 (model_1) TP=0] Received 1 generation requests
[2026-08-22 09:10:14.315 GPU=0 Worker 0 (model_1) TP=0] Prefill batch. #new-seq: 1, #new-token: 191, #cached-token: 0, cache hit rate: 0.00%, token usage: 0.03, #running-req: 47, #queue-req: 0
[2026-08-22 09:10:14.728 GPU=0 Worker 0 (model_1) TP=0] Received 1 generation requests
[2026-08-22 09:10:14.775 GPU=0 Worker 2 (model_5) TP=0] Received 12 generation requests
[2026-08-22 09:10:14.866 GPU=0 Worker 0 (model_1) TP=0] Prefill batch. #new-seq: 1, #new-token: 291, #cached-token: 0, cache hit rate: 0.00%, token usage: 0.03, #running-req: 46, #queue-req: 0
[2026-08-22 09:10:14.868 GPU=0 Worker 2 (model_5) TP=0] Prefill batch. #new-seq: 12, #new-token: 4010, #cached-token: 0, cache hit rate: 0.00%, token usage: 0.36, #running-req: 240, #queue-req: 0
[2026-08-22 09:10:14.886 GPU=0 Worker 0 (model_1) TP=0] Received 2 generation requests
[2026-08-22 09:10:15.368 GPU=0 Worker 0 (model_1) TP=0] Prefill batch. #new-seq: 2, #new-token: 652, #cached-token: 0, cache hit rate: 0.00%, token usage: 0.03, #running-req: 47, #queue-req: 0
[2026-08-22 09:10:15.467 GPU=1 Worker 1 (model_3) TP=0] Decode batch. #running-req: 5, #token: 11318, token usage: 0.05, gen throughput (token/s): 80.06, #queue-req: 0
[2026-08-22 09:10:15.522 GPU=0 Worker 0 (model_1) TP=0] Received 1 generation requests
[2026-08-22 09:10:15.623 GPU=0 Worker 0 (model_1) TP=0] Prefill batch. #new-seq: 1, #new-token: 65, #cached-token: 0, cache hit rate: 0.00%, token usage: 0.03, #running-req: 49, #queue-req: 0
[2026-08-22 09:10:15.674 GPU=0 Worker 0 (model_1) TP=0] Received 3 generation requests
[2026-08-22 09:10:15.678 GPU=0 Worker 0 (model_1) TP=0] Prefill batch. #new-seq: 3, #new-token: 1041, #cached-token: 0, cache hit rate: 0.00%, token usage: 0.03, #running-req: 50, #queue-req: 0
[2026-08-22 09:10:15.823 GPU=0 Worker 0 (model_1) TP=0] Decode batch. #running-req: 52, #token: 25887, token usage: 0.03, gen throughput (token/s): 1115.18, #queue-req: 0
[2026-08-22 09:10:15.823 GPU=0 Worker 0 (model_1) TP=0] Received 1 generation requests
[2026-08-22 09:10:15.824 GPU=0 Worker 0 (model_1) TP=0] Prefill batch. #new-seq: 1, #new-token: 47, #cached-token: 0, cache hit rate: 0.00%, token usage: 0.03, #running-req: 52, #queue-req: 0
[2026-08-22 09:10:15.825 GPU=0 Worker 1 (model_4) TP=0] [PAPER-KV-V6] {"event": "stash", "model": "Qwen/Qwen2.5-3B-Instruct", "source_gpu": 0, "logical_model": "model_4", "start": 1787389814.0398378, "end": 1787389815.8253794, "requests": 49, "tokens": 17188, "kv_bytes": 633618432, "capture_failures": 0}
[2026-08-22 09:10:15.986 GPU=1 Worker 0 (model_2) TP=0] Decode batch. #running-req: 14, #token: 30533, token usage: 0.03, gen throughput (token/s): 566.58, #queue-req: 0
[2026-08-22 09:10:16.073 GPU=0 Worker 0 (model_1) TP=0] Received 1 generation requests
[2026-08-22 09:10:16.073 GPU=1 Worker 2 (model_6) TP=0] Decode batch. #running-req: 1, #token: 14725, token usage: 0.03, gen throughput (token/s): 24.01, #queue-req: 0
[2026-08-22 09:10:16.074 GPU=0 Worker 0 (model_1) TP=0] Prefill batch. #new-seq: 1, #new-token: 14, #cached-token: 0, cache hit rate: 0.00%, token usage: 0.03, #running-req: 46, #queue-req: 0
[2026-08-22 09:10:16.146 GPU=0 Worker 2 (model_5) TP=0] Received 13 generation requests
[2026-08-22 09:10:16.290 GPU=0 Worker 2 (model_5) TP=0] Prefill batch. #new-seq: 13, #new-token: 3161, #cached-token: 0, cache hit rate: 0.00%, token usage: 0.38, #running-req: 252, #queue-req: 0
[2026-08-22 09:10:16.290 GPU=0 Worker 0 (model_1) TP=0] Received 1 generation requests
[2026-08-22 09:10:16.291 GPU=0 Worker 0 (model_1) TP=0] Prefill batch. #new-seq: 1, #new-token: 13, #cached-token: 0, cache hit rate: 0.00%, token usage: 0.03, #running-req: 46, #queue-req: 0
[2026-08-22 09:10:16.344 GPU=0 Worker 0 (model_1) TP=0] Received 2 generation requests
[2026-08-22 09:10:16.490 GPU=0 Worker 0 (model_1) TP=0] Prefill batch. #new-seq: 2, #new-token: 591, #cached-token: 0, cache hit rate: 0.00%, token usage: 0.03, #running-req: 47, #queue-req: 0
[2026-08-22 09:10:16.502 GPU=0 Worker 0 (model_1) TP=0] Received 1 generation requests
[2026-08-22 09:10:16.506 GPU=0 Worker 0 (model_1) TP=0] Prefill batch. #new-seq: 1, #new-token: 25, #cached-token: 0, cache hit rate: 0.00%, token usage: 0.03, #running-req: 49, #queue-req: 0
[2026-08-22 09:10:16.733 GPU=0 Worker 0 (model_1) TP=0] Received 3 generation requests
[2026-08-22 09:10:17.010 GPU=0 Worker 0 (model_1) TP=0] Prefill batch. #new-seq: 3, #new-token: 440, #cached-token: 0, cache hit rate: 0.00%, token usage: 0.03, #running-req: 50, #queue-req: 0
[2026-08-22 09:10:17.060 GPU=0 Worker 0 (model_1) TP=0] Received 5 generation requests
[2026-08-22 09:10:17.064 GPU=0 Worker 0 (model_1) TP=0] Prefill batch. #new-seq: 5, #new-token: 591, #cached-token: 0, cache hit rate: 0.00%, token usage: 0.03, #running-req: 53, #queue-req: 0
[2026-08-22 09:10:17.144 GPU=0 Worker 1 (model_4) TP=0] Deactivate time cost: 1.3141s. Current available memory: 35.27 GB
[2026-08-22 09:10:17.145 GPU=0 Worker 1 (model_4) TP=0] [PAPER-MIGRATION-TIMELINE] {"event": "source_release", "model": "model_4", "gpu_id": 0, "time": 1787389817.1451907}
[2026-08-22 09:10:17.146 GPU=0 Worker 1 (model_4) TP=0] Total time taken for deactivation is 4.42 s
[2026-08-22 09:10:17.146] [V5-HOP] {"action": "DeactivateReqInput", "model": "model_4", "gpu_id": 0, "register_s": 9.012222290039062e-05, "wait_for_engine_s": 4.470519542694092, "total_s": 4.470609664916992}
[2026-08-22 09:10:17.146] [Server] Deactivate time cost: 4.4708s
[2026-08-22 09:10:17.150] Sending activate request to GPU scheduler 1
[2026-08-22 09:10:17.152 GPU=1 Worker 3 (model_4) TP=0] Scheduler: Received 1 requests from gpu scheduler
[2026-08-22 09:10:17.152 GPU=1 Worker 3 (model_4) TP=0] Processing activate request
[2026-08-22 09:10:17.392 GPU=0 Worker 2 (model_5) TP=0] Received 14 generation requests
[2026-08-22 09:10:17.495 GPU=1 Worker 1 (model_3) TP=0] Decode batch. #running-req: 5, #token: 11518, token usage: 0.05, gen throughput (token/s): 98.62, #queue-req: 0
[2026-08-22 09:10:17.498 GPU=0 Worker 2 (model_5) TP=0] Prefill batch. #new-seq: 14, #new-token: 3036, #cached-token: 0, cache hit rate: 0.00%, token usage: 0.39, #running-req: 265, #queue-req: 0
[2026-08-22 09:10:17.770 GPU=0 Worker 0 (model_1) TP=0] Received 1 generation requests
[2026-08-22 09:10:17.773 GPU=0 Worker 0 (model_1) TP=0] Prefill batch. #new-seq: 1, #new-token: 300, #cached-token: 0, cache hit rate: 0.00%, token usage: 0.03, #running-req: 52, #queue-req: 0
[2026-08-22 09:10:18.119 GPU=0 Worker 0 (model_1) TP=0] Received 4 generation requests
[2026-08-22 09:10:18.230 GPU=0 Worker 0 (model_1) TP=0] Prefill batch. #new-seq: 4, #new-token: 601, #cached-token: 0, cache hit rate: 0.00%, token usage: 0.03, #running-req: 51, #queue-req: 0
[2026-08-22 09:10:18.247 GPU=0 Worker 0 (model_1) TP=0] Received 3 generation requests
[2026-08-22 09:10:18.574 GPU=0 Worker 0 (model_1) TP=0] Prefill batch. #new-seq: 3, #new-token: 2642, #cached-token: 0, cache hit rate: 0.00%, token usage: 0.03, #running-req: 55, #queue-req: 0
[2026-08-22 09:10:20.317 GPU=0 Worker 0 (model_1) TP=0] Received 11 generation requests
[2026-08-22 09:10:20.328 GPU=0 Worker 0 (model_1) TP=0] Prefill batch. #new-seq: 11, #new-token: 2736, #cached-token: 0, cache hit rate: 0.00%, token usage: 0.03, #running-req: 58, #queue-req: 0
[2026-08-22 09:10:20.527 GPU=0 Worker 0 (model_1) TP=0] Received 2 generation requests
[2026-08-22 09:10:20.529 GPU=0 Worker 0 (model_1) TP=0] Prefill batch. #new-seq: 2, #new-token: 532, #cached-token: 0, cache hit rate: 0.00%, token usage: 0.04, #running-req: 69, #queue-req: 0
[2026-08-22 09:10:20.583 GPU=0 Worker 0 (model_1) TP=0] Received 2 generation requests
[2026-08-22 09:10:20.585 GPU=0 Worker 0 (model_1) TP=0] Prefill batch. #new-seq: 2, #new-token: 410, #cached-token: 0, cache hit rate: 0.00%, token usage: 0.04, #running-req: 71, #queue-req: 0
[2026-08-22 09:10:20.758 GPU=0 Worker 0 (model_1) TP=0] Decode batch. #running-req: 71, #token: 31766, token usage: 0.04, gen throughput (token/s): 465.89, #queue-req: 0
[2026-08-22 09:10:20.778 GPU=0 Worker 0 (model_1) TP=0] Received 1 generation requests
[2026-08-22 09:10:20.778 GPU=0 Worker 0 (model_1) TP=0] Prefill batch. #new-seq: 1, #new-token: 12, #cached-token: 0, cache hit rate: 0.00%, token usage: 0.04, #running-req: 71, #queue-req: 0
[2026-08-22 09:10:20.802 GPU=1 Worker 1 (model_3) TP=0] Decode batch. #running-req: 4, #token: 11262, token usage: 0.05, gen throughput (token/s): 57.75, #queue-req: 0
[2026-08-22 09:10:20.838 GPU=0 Worker 2 (model_5) TP=0] Received 19 generation requests
[2026-08-22 09:10:20.864 GPU=0 Worker 2 (model_5) TP=0] Prefill batch. #new-seq: 19, #new-token: 6827, #cached-token: 0, cache hit rate: 0.00%, token usage: 0.41, #running-req: 279, #queue-req: 0
[2026-08-22 09:10:20.973 GPU=0 Worker 0 (model_1) TP=0] Received 1 generation requests
[2026-08-22 09:10:21.106 GPU=0 Worker 0 (model_1) TP=0] Prefill batch. #new-seq: 1, #new-token: 9, #cached-token: 0, cache hit rate: 0.00%, token usage: 0.04, #running-req: 64, #queue-req: 0
[2026-08-22 09:10:21.157 GPU=0 Worker 0 (model_1) TP=0] Received 1 generation requests
[2026-08-22 09:10:21.292 GPU=0 Worker 0 (model_1) TP=0] Prefill batch. #new-seq: 1, #new-token: 10, #cached-token: 0, cache hit rate: 0.00%, token usage: 0.04, #running-req: 65, #queue-req: 0
[2026-08-22 09:10:21.532 GPU=0 Worker 0 (model_1) TP=0] Received 2 generation requests
[2026-08-22 09:10:21.755 GPU=0 Worker 0 (model_1) TP=0] Prefill batch. #new-seq: 2, #new-token: 606, #cached-token: 0, cache hit rate: 0.00%, token usage: 0.04, #running-req: 66, #queue-req: 0
[2026-08-22 09:10:21.849 GPU=0 Worker 0 (model_1) TP=0] Received 1 generation requests
[2026-08-22 09:10:21.851 GPU=0 Worker 0 (model_1) TP=0] Prefill batch. #new-seq: 1, #new-token: 19, #cached-token: 0, cache hit rate: 0.00%, token usage: 0.04, #running-req: 67, #queue-req: 0
[2026-08-22 09:10:21.854 GPU=1 Worker 0 (model_2) TP=0] Received 2 generation requests
[2026-08-22 09:10:21.870 GPU=1 Worker 0 (model_2) TP=0] Prefill batch. #new-seq: 2, #new-token: 1539, #cached-token: 0, cache hit rate: 0.00%, token usage: 0.04, #running-req: 8, #queue-req: 0
[2026-08-22 09:10:21.969 GPU=0 Worker 0 (model_1) TP=0] Received 2 generation requests
[2026-08-22 09:10:22.060 GPU=0 Worker 0 (model_1) TP=0] Prefill batch. #new-seq: 2, #new-token: 354, #cached-token: 0, cache hit rate: 0.00%, token usage: 0.04, #running-req: 68, #queue-req: 0
[2026-08-22 09:10:22.297 GPU=0 Worker 0 (model_1) TP=0] Received 1 generation requests
[2026-08-22 09:10:22.299 GPU=0 Worker 0 (model_1) TP=0] Prefill batch. #new-seq: 1, #new-token: 530, #cached-token: 0, cache hit rate: 0.00%, token usage: 0.04, #running-req: 61, #queue-req: 0
[2026-08-22 09:10:22.348 GPU=1 Worker 1 (model_3) TP=0] Decode batch. #running-req: 3, #token: 11075, token usage: 0.05, gen throughput (token/s): 90.57, #queue-req: 0
[2026-08-22 09:10:22.362 GPU=1 Worker 0 (model_2) TP=0] Decode batch. #running-req: 1, #token: 37707, token usage: 0.04, gen throughput (token/s): 36.86, #queue-req: 0
[2026-08-22 09:10:22.523 GPU=0 Worker 0 (model_1) TP=0] Decode batch. #running-req: 60, #token: 30113, token usage: 0.04, gen throughput (token/s): 1482.72, #queue-req: 0
[2026-08-22 09:10:22.570 GPU=0 Worker 0 (model_1) TP=0] Received 1 generation requests
[2026-08-22 09:10:22.659 GPU=0 Worker 0 (model_1) TP=0] Prefill batch. #new-seq: 1, #new-token: 770, #cached-token: 0, cache hit rate: 0.00%, token usage: 0.04, #running-req: 60, #queue-req: 0
[2026-08-22 09:10:22.660 GPU=0 Worker 2 (model_5) TP=0] Received 29 generation requests
[2026-08-22 09:10:22.753 GPU=0 Worker 2 (model_5) TP=0] Prefill batch. #new-seq: 28, #new-token: 8192, #cached-token: 0, cache hit rate: 0.00%, token usage: 0.44, #running-req: 298, #queue-req: 1
[2026-08-22 09:10:22.855 GPU=0 Worker 0 (model_1) TP=0] Received 1 generation requests
[2026-08-22 09:10:22.920 GPU=0 Worker 0 (model_1) TP=0] Prefill batch. #new-seq: 1, #new-token: 25, #cached-token: 0, cache hit rate: 0.00%, token usage: 0.04, #running-req: 61, #queue-req: 0
[2026-08-22 09:10:23.365 GPU=0 Worker 0 (model_1) TP=0] Received 1 generation requests
[2026-08-22 09:10:23.416 GPU=0 Worker 0 (model_1) TP=0] Prefill batch. #new-seq: 1, #new-token: 24, #cached-token: 0, cache hit rate: 0.00%, token usage: 0.04, #running-req: 62, #queue-req: 0
[2026-08-22 09:10:23.484 GPU=0 Worker 0 (model_1) TP=0] Received 1 generation requests
[2026-08-22 09:10:23.486 GPU=0 Worker 0 (model_1) TP=0] Prefill batch. #new-seq: 1, #new-token: 356, #cached-token: 0, cache hit rate: 0.00%, token usage: 0.04, #running-req: 63, #queue-req: 0
[2026-08-22 09:10:23.842 GPU=1 Worker 1 (model_3) TP=0] Decode batch. #running-req: 2, #token: 10885, token usage: 0.05, gen throughput (token/s): 61.57, #queue-req: 0
[2026-08-22 09:10:23.871 GPU=1 Worker 0 (model_2) TP=0] Decode batch. #running-req: 1, #token: 37747, token usage: 0.04, gen throughput (token/s): 26.50, #queue-req: 0
[2026-08-22 09:10:24.024 GPU=0 Worker 0 (model_1) TP=0] Decode batch. #running-req: 46, #token: 25711, token usage: 0.03, gen throughput (token/s): 1413.90, #queue-req: 0
[2026-08-22 09:10:24.024 GPU=0 Worker 0 (model_1) TP=0] Received 1 generation requests
[2026-08-22 09:10:24.026 GPU=0 Worker 0 (model_1) TP=0] Prefill batch. #new-seq: 1, #new-token: 694, #cached-token: 0, cache hit rate: 0.00%, token usage: 0.03, #running-req: 46, #queue-req: 0
[2026-08-22 09:10:24.104 GPU=0 Worker 0 (model_1) TP=0] Received 2 generation requests
[2026-08-22 09:10:24.192 GPU=0 Worker 0 (model_1) TP=0] Prefill batch. #new-seq: 2, #new-token: 198, #cached-token: 0, cache hit rate: 0.00%, token usage: 0.03, #running-req: 47, #queue-req: 0
[2026-08-22 09:10:24.286 GPU=1 Worker 1 (model_3) TP=0] Received 1 generation requests
[2026-08-22 09:10:24.288 GPU=0 Worker 2 (model_5) TP=0] Received 28 generation requests
[2026-08-22 09:10:24.404 GPU=1 Worker 1 (model_3) TP=0] Prefill batch. #new-seq: 1, #new-token: 1009, #cached-token: 0, cache hit rate: 0.00%, token usage: 0.05, #running-req: 2, #queue-req: 0
[2026-08-22 09:10:24.405 GPU=0 Worker 2 (model_5) TP=0] Prefill batch. #new-seq: 25, #new-token: 8192, #cached-token: 117, cache hit rate: 0.00%, token usage: 0.48, #running-req: 325, #queue-req: 6
[2026-08-22 09:10:24.899 GPU=0 Worker 0 (model_1) TP=0] Received 3 generation requests
[2026-08-22 09:10:24.947 GPU=0 Worker 0 (model_1) TP=0] Prefill batch. #new-seq: 3, #new-token: 600, #cached-token: 0, cache hit rate: 0.00%, token usage: 0.03, #running-req: 48, #queue-req: 0
[2026-08-22 09:10:25.485 GPU=1 Worker 0 (model_2) TP=0] Decode batch. #running-req: 1, #token: 37787, token usage: 0.04, gen throughput (token/s): 24.80, #queue-req: 0
[2026-08-22 09:10:25.485 GPU=1 Worker 1 (model_3) TP=0] Decode batch. #running-req: 3, #token: 11997, token usage: 0.05, gen throughput (token/s): 62.69, #queue-req: 0
[2026-08-22 09:10:25.503 GPU=0 Worker 0 (model_1) TP=0] Received 1 generation requests
[2026-08-22 09:10:25.504 GPU=0 Worker 0 (model_1) TP=0] Prefill batch. #new-seq: 1, #new-token: 244, #cached-token: 0, cache hit rate: 0.00%, token usage: 0.03, #running-req: 46, #queue-req: 0
[2026-08-22 09:10:25.615 GPU=0 Worker 0 (model_1) TP=0] Received 1 generation requests
[2026-08-22 09:10:25.616 GPU=0 Worker 0 (model_1) TP=0] Prefill batch. #new-seq: 1, #new-token: 373, #cached-token: 0, cache hit rate: 0.00%, token usage: 0.03, #running-req: 47, #queue-req: 0
[2026-08-22 09:10:25.663 GPU=0 Worker 0 (model_1) TP=0] Decode batch. #running-req: 48, #token: 27105, token usage: 0.03, gen throughput (token/s): 1162.98, #queue-req: 0
[2026-08-22 09:10:25.680 GPU=0 Worker 0 (model_1) TP=0] Received 1 generation requests
[2026-08-22 09:10:25.681 GPU=0 Worker 0 (model_1) TP=0] Prefill batch. #new-seq: 1, #new-token: 272, #cached-token: 0, cache hit rate: 0.00%, token usage: 0.03, #running-req: 48, #queue-req: 0
[2026-08-22 09:10:26.049 GPU=0 Worker 2 (model_5) TP=0] Received 23 generation requests
[2026-08-22 09:10:26.131 GPU=0 Worker 2 (model_5) TP=0] Prefill batch. #new-seq: 20, #new-token: 8192, #cached-token: 1, cache hit rate: 0.00%, token usage: 0.52, #running-req: 349, #queue-req: 10
[2026-08-22 09:10:26.589 GPU=0 Worker 0 (model_1) TP=0] Received 2 generation requests
[2026-08-22 09:10:26.860 GPU=0 Worker 0 (model_1) TP=0] Prefill batch. #new-seq: 2, #new-token: 148, #cached-token: 0, cache hit rate: 0.00%, token usage: 0.03, #running-req: 49, #queue-req: 0
[2026-08-22 09:10:26.909 GPU=0 Worker 0 (model_1) TP=0] Received 1 generation requests
[2026-08-22 09:10:26.911 GPU=0 Worker 0 (model_1) TP=0] Prefill batch. #new-seq: 1, #new-token: 11, #cached-token: 0, cache hit rate: 0.00%, token usage: 0.03, #running-req: 51, #queue-req: 0
[2026-08-22 09:10:27.021 GPU=0 Worker 0 (model_1) TP=0] Received 1 generation requests
[2026-08-22 09:10:27.022 GPU=0 Worker 0 (model_1) TP=0] Prefill batch. #new-seq: 1, #new-token: 37, #cached-token: 0, cache hit rate: 0.00%, token usage: 0.03, #running-req: 48, #queue-req: 0
[2026-08-22 09:10:27.091 GPU=1 Worker 0 (model_2) TP=0] Decode batch. #running-req: 1, #token: 37827, token usage: 0.04, gen throughput (token/s): 24.90, #queue-req: 0
[2026-08-22 09:10:27.121 GPU=1 Worker 1 (model_3) TP=0] Decode batch. #running-req: 2, #token: 11629, token usage: 0.05, gen throughput (token/s): 53.18, #queue-req: 0
[2026-08-22 09:10:27.268 GPU=0 Worker 0 (model_1) TP=0] Decode batch. #running-req: 39, #token: 23264, token usage: 0.03, gen throughput (token/s): 1186.48, #queue-req: 0
[2026-08-22 09:10:27.722 GPU=0 Worker 2 (model_5) TP=0] Received 11 generation requests
[2026-08-22 09:10:27.773 GPU=1 Worker 1 (model_3) TP=0] Received 1 generation requests
[2026-08-22 09:10:27.819 GPU=0 Worker 2 (model_5) TP=0] Prefill batch. #new-seq: 21, #new-token: 5693, #cached-token: 355, cache hit rate: 0.00%, token usage: 0.56, #running-req: 368, #queue-req: 1
[2026-08-22 09:10:27.913 GPU=1 Worker 1 (model_3) TP=0] Prefill batch. #new-seq: 1, #new-token: 115, #cached-token: 0, cache hit rate: 0.00%, token usage: 0.05, #running-req: 2, #queue-req: 0
[2026-08-22 09:10:27.925 GPU=0 Worker 0 (model_1) TP=0] Received 1 generation requests
[2026-08-22 09:10:27.931 GPU=0 Worker 0 (model_1) TP=0] Prefill batch. #new-seq: 1, #new-token: 366, #cached-token: 0, cache hit rate: 0.00%, token usage: 0.03, #running-req: 38, #queue-req: 0
[2026-08-22 09:10:27.969 GPU=0 Worker 0 (model_1) TP=0] Received 1 generation requests
[2026-08-22 09:10:28.419 GPU=0 Worker 0 (model_1) TP=0] Prefill batch. #new-seq: 1, #new-token: 411, #cached-token: 0, cache hit rate: 0.00%, token usage: 0.03, #running-req: 39, #queue-req: 0
[2026-08-22 09:10:28.518 GPU=0 Worker 0 (model_1) TP=0] Received 4 generation requests
[2026-08-22 09:10:28.523 GPU=0 Worker 0 (model_1) TP=0] Prefill batch. #new-seq: 4, #new-token: 1248, #cached-token: 0, cache hit rate: 0.00%, token usage: 0.03, #running-req: 40, #queue-req: 0
[2026-08-22 09:10:28.739 GPU=1 Worker 0 (model_2) TP=0] Decode batch. #running-req: 1, #token: 37867, token usage: 0.04, gen throughput (token/s): 24.28, #queue-req: 0
[2026-08-22 09:10:28.799 GPU=1 Worker 1 (model_3) TP=0] Decode batch. #running-req: 2, #token: 10733, token usage: 0.05, gen throughput (token/s): 48.26, #queue-req: 0
[2026-08-22 09:10:28.936 GPU=0 Worker 0 (model_1) TP=0] Decode batch. #running-req: 35, #token: 23685, token usage: 0.03, gen throughput (token/s): 928.53, #queue-req: 0
[2026-08-22 09:10:29.001 GPU=0 Worker 0 (model_1) TP=0] Received 1 generation requests
[2026-08-22 09:10:29.004 GPU=0 Worker 0 (model_1) TP=0] Prefill batch. #new-seq: 1, #new-token: 768, #cached-token: 0, cache hit rate: 0.00%, token usage: 0.03, #running-req: 35, #queue-req: 0
[2026-08-22 09:10:29.201 GPU=0 Worker 2 (model_5) TP=0] Received 28 generation requests
[2026-08-22 09:10:29.294 GPU=0 Worker 2 (model_5) TP=0] Prefill batch. #new-seq: 18, #new-token: 8192, #cached-token: 0, cache hit rate: 0.00%, token usage: 0.59, #running-req: 389, #queue-req: 10
[2026-08-22 09:10:29.519 GPU=0 Worker 0 (model_1) TP=0] Received 4 generation requests
[2026-08-22 09:10:29.535 GPU=0 Worker 0 (model_1) TP=0] Prefill batch. #new-seq: 4, #new-token: 1556, #cached-token: 0, cache hit rate: 0.00%, token usage: 0.03, #running-req: 30, #queue-req: 0
[2026-08-22 09:10:29.771 GPU=1 Worker 1 (model_3) TP=0] Received 2 generation requests
[2026-08-22 09:10:29.772 GPU=0 Worker 0 (model_1) TP=0] Received 3 generation requests
[2026-08-22 09:10:29.994 GPU=1 Worker 1 (model_3) TP=0] Prefill batch. #new-seq: 2, #new-token: 680, #cached-token: 0, cache hit rate: 0.00%, token usage: 0.05, #running-req: 2, #queue-req: 0
[2026-08-22 09:10:29.995 GPU=0 Worker 0 (model_1) TP=0] Prefill batch. #new-seq: 3, #new-token: 1429, #cached-token: 0, cache hit rate: 0.00%, token usage: 0.03, #running-req: 34, #queue-req: 0
[2026-08-22 09:10:30.090 GPU=0 Worker 0 (model_1) TP=0] Received 3 generation requests
[2026-08-22 09:10:30.094 GPU=0 Worker 0 (model_1) TP=0] Prefill batch. #new-seq: 3, #new-token: 717, #cached-token: 0, cache hit rate: 0.00%, token usage: 0.03, #running-req: 37, #queue-req: 0
[2026-08-22 09:10:30.347 GPU=0 Worker 0 (model_1) TP=0] Received 1 generation requests
[2026-08-22 09:10:30.348 GPU=0 Worker 0 (model_1) TP=0] Prefill batch. #new-seq: 1, #new-token: 110, #cached-token: 0, cache hit rate: 0.00%, token usage: 0.03, #running-req: 39, #queue-req: 0
[2026-08-22 09:10:30.356 GPU=1 Worker 0 (model_2) TP=0] Decode batch. #running-req: 1, #token: 37907, token usage: 0.04, gen throughput (token/s): 24.73, #queue-req: 0
[2026-08-22 09:10:30.444 GPU=1 Worker 1 (model_3) TP=0] Decode batch. #running-req: 4, #token: 11521, token usage: 0.05, gen throughput (token/s): 65.65, #queue-req: 0
[2026-08-22 09:10:30.485 GPU=0 Worker 0 (model_1) TP=0] Received 1 generation requests
[2026-08-22 09:10:30.485 GPU=0 Worker 0 (model_1) TP=0] Prefill batch. #new-seq: 1, #new-token: 121, #cached-token: 0, cache hit rate: 0.00%, token usage: 0.03, #running-req: 36, #queue-req: 0
[2026-08-22 09:10:30.607 GPU=0 Worker 0 (model_1) TP=0] Decode batch. #running-req: 36, #token: 25440, token usage: 0.03, gen throughput (token/s): 883.96, #queue-req: 0
[2026-08-22 09:10:30.722 GPU=0 Worker 0 (model_1) TP=0] Received 1 generation requests
[2026-08-22 09:10:30.829 GPU=0 Worker 0 (model_1) TP=0] Prefill batch. #new-seq: 1, #new-token: 741, #cached-token: 0, cache hit rate: 0.00%, token usage: 0.03, #running-req: 35, #queue-req: 0
[2026-08-22 09:10:30.938 GPU=0 Worker 0 (model_1) TP=0] Received 2 generation requests
[2026-08-22 09:10:31.076 GPU=0 Worker 0 (model_1) TP=0] Prefill batch. #new-seq: 2, #new-token: 529, #cached-token: 0, cache hit rate: 0.00%, token usage: 0.03, #running-req: 36, #queue-req: 0
[2026-08-22 09:10:31.078 GPU=0 Worker 2 (model_5) TP=0] Received 17 generation requests
[2026-08-22 09:10:31.089 GPU=0 Worker 0 (model_1) TP=0] Received 1 generation requests
[2026-08-22 09:10:31.098 GPU=0 Worker 0 (model_1) TP=0] Prefill batch. #new-seq: 1, #new-token: 2720, #cached-token: 0, cache hit rate: 0.00%, token usage: 0.03, #running-req: 38, #queue-req: 0
[2026-08-22 09:10:31.337 GPU=0 Worker 2 (model_5) TP=0] Prefill batch. #new-seq: 27, #new-token: 8192, #cached-token: 363, cache hit rate: 0.00%, token usage: 0.63, #running-req: 406, #queue-req: 2
[2026-08-22 09:10:31.787 GPU=1 Worker 3 (model_4) TP=0] [PAPER-KV-V6] {"tag": "model_4|gpu=1", "start_time": 1787389820.7006924, "end_time": 1787389831.7867732, "target_gpu": 1, "requests_moved": 49, "requests_skipped_over_cap": 0, "tokens_moved": 17188, "tokens_skipped": 0, "kv_bytes": 633618432, "seconds": 11.086081, "kv_gbps": 0.057, "transfer_path": "gpu-to-gpu-p2p", "max_tokens_cap": 65536}
[2026-08-22 09:10:31.846 GPU=0 Worker 0 (model_1) TP=0] Received 1 generation requests
[2026-08-22 09:10:31.847 GPU=0 Worker 0 (model_1) TP=0] Prefill batch. #new-seq: 1, #new-token: 98, #cached-token: 0, cache hit rate: 0.00%, token usage: 0.06, #running-req: 33, #queue-req: 0
[2026-08-22 09:10:31.852 GPU=1 Worker 3 (model_4) TP=0] [PAPER-KV-V6] {"event": "resume", "rid": "model_4#1", "tokens": 297, "gpu": 1, "prompt_tokens": 112, "output_tokens": 186, "resume_extend_len": 1}
[2026-08-22 09:10:31.854 GPU=1 Worker 3 (model_4) TP=0] [PAPER-KV-V6] {"event": "resume", "rid": "model_4#2", "tokens": 199, "gpu": 1, "prompt_tokens": 14, "output_tokens": 186, "resume_extend_len": 1}
[2026-08-22 09:10:31.856 GPU=1 Worker 3 (model_4) TP=0] [PAPER-KV-V6] {"event": "resume", "rid": "model_4#7", "tokens": 220, "gpu": 1, "prompt_tokens": 35, "output_tokens": 186, "resume_extend_len": 1}
[2026-08-22 09:10:31.856 GPU=1 Worker 3 (model_4) TP=0] [PAPER-KV-V6] {"event": "resume", "rid": "model_4#10", "tokens": 292, "gpu": 1, "prompt_tokens": 121, "output_tokens": 172, "resume_extend_len": 1}
[2026-08-22 09:10:31.857 GPU=1 Worker 3 (model_4) TP=0] [PAPER-KV-V6] {"event": "resume", "rid": "model_4#13", "tokens": 321, "gpu": 1, "prompt_tokens": 150, "output_tokens": 172, "resume_extend_len": 1}
[2026-08-22 09:10:31.858 GPU=1 Worker 3 (model_4) TP=0] [PAPER-KV-V6] {"event": "resume", "rid": "model_4#14", "tokens": 198, "gpu": 1, "prompt_tokens": 38, "output_tokens": 161, "resume_extend_len": 1}
[2026-08-22 09:10:31.860 GPU=1 Worker 3 (model_4) TP=0] [PAPER-KV-V6] {"event": "resume", "rid": "model_4#15", "tokens": 175, "gpu": 1, "prompt_tokens": 15, "output_tokens": 161, "resume_extend_len": 1}
[2026-08-22 09:10:31.862 GPU=1 Worker 3 (model_4) TP=0] [PAPER-KV-V6] {"event": "resume", "rid": "model_4#17", "tokens": 170, "gpu": 1, "prompt_tokens": 10, "output_tokens": 161, "resume_extend_len": 1}
[2026-08-22 09:10:31.864 GPU=0 Worker 0 (model_1) TP=0] Received 1 generation requests
[2026-08-22 09:10:31.865 GPU=0 Worker 0 (model_1) TP=0] Prefill batch. #new-seq: 1, #new-token: 75, #cached-token: 0, cache hit rate: 0.00%, token usage: 0.06, #running-req: 34, #queue-req: 0
[2026-08-22 09:10:31.865 GPU=1 Worker 3 (model_4) TP=0] [PAPER-KV-V6] {"event": "resume", "rid": "model_4#25", "tokens": 171, "gpu": 1, "prompt_tokens": 11, "output_tokens": 161, "resume_extend_len": 1}
[2026-08-22 09:10:31.867 GPU=1 Worker 3 (model_4) TP=0] [PAPER-KV-V6] {"event": "resume", "rid": "model_4#26", "tokens": 170, "gpu": 1, "prompt_tokens": 16, "output_tokens": 155, "resume_extend_len": 1}
[2026-08-22 09:10:31.869 GPU=1 Worker 3 (model_4) TP=0] [PAPER-KV-V6] {"event": "resume", "rid": "model_4#30", "tokens": 158, "gpu": 1, "prompt_tokens": 18, "output_tokens": 141, "resume_extend_len": 1}
[2026-08-22 09:10:31.870 GPU=1 Worker 3 (model_4) TP=0] [PAPER-KV-V6] {"event": "resume", "rid": "model_4#35", "tokens": 203, "gpu": 1, "prompt_tokens": 69, "output_tokens": 135, "resume_extend_len": 1}
[2026-08-22 09:10:31.870 GPU=1 Worker 3 (model_4) TP=0] [PAPER-KV-V6] {"event": "resume", "rid": "model_4#36", "tokens": 172, "gpu": 1, "prompt_tokens": 38, "output_tokens": 135, "resume_extend_len": 1}
[2026-08-22 09:10:31.871 GPU=1 Worker 3 (model_4) TP=0] [PAPER-KV-V6] {"event": "resume", "rid": "model_4#38", "tokens": 213, "gpu": 1, "prompt_tokens": 79, "output_tokens": 135, "resume_extend_len": 1}
[2026-08-22 09:10:31.873 GPU=1 Worker 3 (model_4) TP=0] [PAPER-KV-V6] {"event": "resume", "rid": "model_4#39", "tokens": 374, "gpu": 1, "prompt_tokens": 243, "output_tokens": 132, "resume_extend_len": 1}
[2026-08-22 09:10:31.875 GPU=1 Worker 3 (model_4) TP=0] [PAPER-KV-V6] {"event": "resume", "rid": "model_4#40", "tokens": 147, "gpu": 1, "prompt_tokens": 18, "output_tokens": 130, "resume_extend_len": 1}
[2026-08-22 09:10:31.878 GPU=1 Worker 3 (model_4) TP=0] [PAPER-KV-V6] {"event": "resume", "rid": "model_4#41", "tokens": 135, "gpu": 1, "prompt_tokens": 9, "output_tokens": 127, "resume_extend_len": 1}
[2026-08-22 09:10:31.891 GPU=1 Worker 1 (model_3) TP=0] Decode batch. #running-req: 1, #token: 10321, token usage: 0.04, gen throughput (token/s): 51.16, #queue-req: 0
[2026-08-22 09:10:31.903 GPU=1 Worker 3 (model_4) TP=0] [PAPER-KV-V6] {"event": "resume", "rid": "model_4#43", "tokens": 558, "gpu": 1, "prompt_tokens": 434, "output_tokens": 125, "resume_extend_len": 1}
[2026-08-22 09:10:31.905 GPU=1 Worker 3 (model_4) TP=0] [PAPER-KV-V6] {"event": "resume", "rid": "model_4#46", "tokens": 776, "gpu": 1, "prompt_tokens": 652, "output_tokens": 125, "resume_extend_len": 1}
[2026-08-22 09:10:31.906 GPU=1 Worker 3 (model_4) TP=0] [PAPER-KV-V6] {"event": "resume", "rid": "model_4#49", "tokens": 1593, "gpu": 1, "prompt_tokens": 1469, "output_tokens": 125, "resume_extend_len": 1}
[2026-08-22 09:10:31.908 GPU=1 Worker 3 (model_4) TP=0] [PAPER-KV-V6] {"event": "resume", "rid": "model_4#51", "tokens": 147, "gpu": 1, "prompt_tokens": 23, "output_tokens": 125, "resume_extend_len": 1}
[2026-08-22 09:10:31.911 GPU=1 Worker 3 (model_4) TP=0] [PAPER-KV-V6] {"event": "resume", "rid": "model_4#53", "tokens": 132, "gpu": 1, "prompt_tokens": 13, "output_tokens": 120, "resume_extend_len": 1}
[2026-08-22 09:10:31.913 GPU=1 Worker 3 (model_4) TP=0] [PAPER-KV-V6] {"event": "resume", "rid": "model_4#54", "tokens": 125, "gpu": 1, "prompt_tokens": 10, "output_tokens": 116, "resume_extend_len": 1}
[2026-08-22 09:10:31.914 GPU=1 Worker 3 (model_4) TP=0] [PAPER-KV-V6] {"event": "resume", "rid": "model_4#61", "tokens": 194, "gpu": 1, "prompt_tokens": 91, "output_tokens": 104, "resume_extend_len": 1}
[2026-08-22 09:10:31.915 GPU=1 Worker 3 (model_4) TP=0] [PAPER-KV-V6] {"event": "resume", "rid": "model_4#65", "tokens": 536, "gpu": 1, "prompt_tokens": 476, "output_tokens": 61, "resume_extend_len": 1}
[2026-08-22 09:10:31.916 GPU=1 Worker 3 (model_4) TP=0] [PAPER-KV-V6] {"event": "resume", "rid": "model_4#69", "tokens": 67, "gpu": 1, "prompt_tokens": 20, "output_tokens": 48, "resume_extend_len": 1}
[2026-08-22 09:10:31.919 GPU=1 Worker 3 (model_4) TP=0] [PAPER-KV-V6] {"event": "resume", "rid": "model_4#70", "tokens": 74, "gpu": 1, "prompt_tokens": 29, "output_tokens": 46, "resume_extend_len": 1}
[2026-08-22 09:10:31.921 GPU=1 Worker 3 (model_4) TP=0] [PAPER-KV-V6] {"event": "resume", "rid": "model_4#71", "tokens": 85, "gpu": 1, "prompt_tokens": 40, "output_tokens": 46, "resume_extend_len": 1}
[2026-08-22 09:10:31.923 GPU=1 Worker 3 (model_4) TP=0] [PAPER-KV-V6] {"event": "resume", "rid": "model_4#72", "tokens": 56, "gpu": 1, "prompt_tokens": 11, "output_tokens": 46, "resume_extend_len": 1}
[2026-08-22 09:10:31.925 GPU=1 Worker 3 (model_4) TP=0] [PAPER-KV-V6] {"event": "resume", "rid": "model_4#73", "tokens": 220, "gpu": 1, "prompt_tokens": 175, "output_tokens": 46, "resume_extend_len": 1}
[2026-08-22 09:10:31.947 GPU=1 Worker 3 (model_4) TP=0] [PAPER-KV-V6] {"event": "resume", "rid": "model_4#74", "tokens": 332, "gpu": 1, "prompt_tokens": 287, "output_tokens": 46, "resume_extend_len": 1}
[2026-08-22 09:10:31.949 GPU=1 Worker 3 (model_4) TP=0] [PAPER-KV-V6] {"event": "resume", "rid": "model_4#76", "tokens": 765, "gpu": 1, "prompt_tokens": 720, "output_tokens": 46, "resume_extend_len": 1}
[2026-08-22 09:10:31.951 GPU=1 Worker 3 (model_4) TP=0] [PAPER-KV-V6] {"event": "resume", "rid": "model_4#77", "tokens": 1008, "gpu": 1, "prompt_tokens": 963, "output_tokens": 46, "resume_extend_len": 1}
[2026-08-22 09:10:31.953 GPU=1 Worker 3 (model_4) TP=0] [PAPER-KV-V6] {"event": "resume", "rid": "model_4#78", "tokens": 176, "gpu": 1, "prompt_tokens": 135, "output_tokens": 42, "resume_extend_len": 1}
[2026-08-22 09:10:31.956 GPU=1 Worker 3 (model_4) TP=0] [PAPER-KV-V6] {"event": "resume", "rid": "model_4#79", "tokens": 65, "gpu": 1, "prompt_tokens": 27, "output_tokens": 39, "resume_extend_len": 1}
[2026-08-22 09:10:31.957 GPU=0 Worker 0 (model_1) TP=0] Received 1 generation requests
[2026-08-22 09:10:31.958 GPU=1 Worker 3 (model_4) TP=0] [PAPER-KV-V6] {"event": "resume", "rid": "model_4#80", "tokens": 259, "gpu": 1, "prompt_tokens": 225, "output_tokens": 35, "resume_extend_len": 1}
[2026-08-22 09:10:31.959 GPU=0 Worker 0 (model_1) TP=0] Prefill batch. #new-seq: 1, #new-token: 446, #cached-token: 0, cache hit rate: 0.00%, token usage: 0.06, #running-req: 33, #queue-req: 0
[2026-08-22 09:10:31.959 GPU=1 Worker 3 (model_4) TP=0] [PAPER-KV-V6] {"event": "resume", "rid": "model_4#81", "tokens": 768, "gpu": 1, "prompt_tokens": 734, "output_tokens": 35, "resume_extend_len": 1}
[2026-08-22 09:10:31.960 GPU=1 Worker 3 (model_4) TP=0] [PAPER-KV-V6] {"event": "resume", "rid": "model_4#83", "tokens": 564, "gpu": 1, "prompt_tokens": 530, "output_tokens": 35, "resume_extend_len": 1}
[2026-08-22 09:10:31.961 GPU=1 Worker 3 (model_4) TP=0] [PAPER-KV-V6] {"event": "resume", "rid": "model_4#84", "tokens": 147, "gpu": 1, "prompt_tokens": 113, "output_tokens": 35, "resume_extend_len": 1}
[2026-08-22 09:10:31.979 GPU=1 Worker 3 (model_4) TP=0] [PAPER-KV-V6] {"event": "resume", "rid": "model_4#85", "tokens": 28, "gpu": 1, "prompt_tokens": 10, "output_tokens": 19, "resume_extend_len": 1}
[2026-08-22 09:10:31.981 GPU=1 Worker 3 (model_4) TP=0] [PAPER-KV-V6] {"event": "resume", "rid": "model_4#86", "tokens": 2473, "gpu": 1, "prompt_tokens": 2455, "output_tokens": 19, "resume_extend_len": 1}
[2026-08-22 09:10:31.982 GPU=1 Worker 3 (model_4) TP=0] [PAPER-KV-V6] {"event": "resume", "rid": "model_4#87", "tokens": 32, "gpu": 1, "prompt_tokens": 14, "output_tokens": 19, "resume_extend_len": 1}
[2026-08-22 09:10:31.983 GPU=1 Worker 3 (model_4) TP=0] [PAPER-KV-V6] {"event": "resume", "rid": "model_4#88", "tokens": 83, "gpu": 1, "prompt_tokens": 66, "output_tokens": 18, "resume_extend_len": 1}
[2026-08-22 09:10:31.984 GPU=1 Worker 3 (model_4) TP=0] [PAPER-KV-V6] {"event": "resume", "rid": "model_4#89", "tokens": 23, "gpu": 1, "prompt_tokens": 8, "output_tokens": 16, "resume_extend_len": 1}
[2026-08-22 09:10:31.986 GPU=1 Worker 3 (model_4) TP=0] [PAPER-KV-V6] {"event": "resume", "rid": "model_4#90", "tokens": 138, "gpu": 1, "prompt_tokens": 123, "output_tokens": 16, "resume_extend_len": 1}
[2026-08-22 09:10:31.988 GPU=1 Worker 3 (model_4) TP=0] [PAPER-KV-V6] {"event": "resume", "rid": "model_4#91", "tokens": 115, "gpu": 1, "prompt_tokens": 100, "output_tokens": 16, "resume_extend_len": 1}
[2026-08-22 09:10:31.990 GPU=1 Worker 3 (model_4) TP=0] [PAPER-KV-V6] {"event": "resume", "rid": "model_4#92", "tokens": 48, "gpu": 1, "prompt_tokens": 34, "output_tokens": 15, "resume_extend_len": 1}
[2026-08-22 09:10:31.992 GPU=1 Worker 3 (model_4) TP=0] [PAPER-KV-V6] {"event": "resume", "rid": "model_4#93", "tokens": 321, "gpu": 1, "prompt_tokens": 312, "output_tokens": 10, "resume_extend_len": 1}
[2026-08-22 09:10:32.009 GPU=1 Worker 3 (model_4) TP=0] [PAPER-KV-V6] {"event": "resume", "rid": "model_4#94", "tokens": 1665, "gpu": 1, "prompt_tokens": 1665, "output_tokens": 1, "resume_extend_len": 1}
[2026-08-22 09:10:32.010 GPU=1 Worker 3 (model_4) TP=0] [PAPER-KV-V6] {"tag": "model_4|gpu=1", "start_time": 1787389820.7006924, "end_time": 1787389831.7867732, "target_gpu": 1, "requests_moved": 49, "requests_skipped_over_cap": 0, "tokens_moved": 17188, "tokens_skipped": 0, "kv_bytes": 633618432, "seconds": 11.086081, "kv_gbps": 0.057, "transfer_path": "gpu-to-gpu-p2p", "max_tokens_cap": 65536, "event": "inject", "requests_injected": 49, "requests_recomputed": 0, "request_rebuild_failures": 0, "model": "model_4"}
[2026-08-22 09:10:32.012 GPU=1 Worker 3 (model_4) TP=0] [PAPER-MIGRATION-TIMELINE] {"event": "target_inject", "model": "model_4", "gpu_id": 1, "start": 1787389817.152807, "end": 1787389832.0127523}
[2026-08-22 09:10:32.013 GPU=1 Worker 3 (model_4) TP=0] [PAPER-OVERLAP-V6] {"event": "target_commit", "model": "model_4", "gpu": 1, "rid": "6c522bc4a64241ffbf37aae25b4c5f83", "start": 1787389817.1527834, "ready": 1787389832.0131502}
[2026-08-22 09:10:32.014] Detokenizer: Received activate request for model_4
[2026-08-22 09:10:32.015] [V5-HOP] {"action": "ActivateReqInput", "model": "model_4", "gpu_id": 1, "register_s": 0.00010538101196289062, "wait_for_engine_s": 14.864173412322998, "total_s": 14.864278793334961}
[2026-08-22 09:10:32.015 GPU=1 Worker 3 (model_4) TP=0] Prefill batch. #new-seq: 30, #new-token: 8192, #cached-token: 0, cache hit rate: 0.00%, token usage: 0.05, #running-req: 0, #queue-req: 19
[2026-08-22 09:10:32.061 GPU=1 Worker 3 (model_4) TP=0] [PAPER-MIGRATION-TIMELINE] {"event": "first_request_on_target", "model": "model_4", "gpu_id": 1, "time": 1787389832.0616374, "rids": ["model_4#1", "model_4#2", "model_4#7", "model_4#10", "model_4#13", "model_4#14", "model_4#15", "model_4#17", "model_4#25", "model_4#26", "model_4#30", "model_4#35", "model_4#36", "model_4#38", "model_4#39", "model_4#40", "model_4#41", "model_4#43", "model_4#46", "model_4#49", "model_4#51", "model_4#53", "model_4#54", "model_4#61", "model_4#65", "model_4#69", "model_4#70", "model_4#71", "model_4#72", "model_4#73"]}
[2026-08-22 09:10:32.091 GPU=0 Worker 0 (model_1) TP=0] Decode batch. #running-req: 33, #token: 49075.0, token usage: 0.06, gen throughput (token/s): 948.45, #queue-req: 0
[2026-08-22 09:10:32.192 GPU=0 Worker 0 (model_1) TP=0] Received 2 generation requests
[2026-08-22 09:10:32.251 GPU=0 Worker 0 (model_1) TP=0] Prefill batch. #new-seq: 2, #new-token: 182, #cached-token: 0, cache hit rate: 0.00%, token usage: 0.06, #running-req: 33, #queue-req: 0
[2026-08-22 09:10:32.525 GPU=0 Worker 2 (model_5) TP=0] Received 26 generation requests
[2026-08-22 09:10:32.636 GPU=0 Worker 2 (model_5) TP=0] Prefill batch. #new-seq: 26, #new-token: 8192, #cached-token: 101, cache hit rate: 0.00%, token usage: 0.67, #running-req: 432, #queue-req: 3
[2026-08-22 09:10:32.759 GPU=0 Worker 0 (model_1) TP=0] Received 3 generation requests
[2026-08-22 09:10:33.046 GPU=0 Worker 0 (model_1) TP=0] Prefill batch. #new-seq: 3, #new-token: 240, #cached-token: 0, cache hit rate: 0.00%, token usage: 0.06, #running-req: 35, #queue-req: 0
[2026-08-22 09:10:33.381 GPU=0 Worker 0 (model_1) TP=0] Received 3 generation requests
[2026-08-22 09:10:33.440 GPU=0 Worker 0 (model_1) TP=0] Prefill batch. #new-seq: 3, #new-token: 266, #cached-token: 0, cache hit rate: 0.00%, token usage: 0.06, #running-req: 38, #queue-req: 0
[2026-08-22 09:10:33.598 GPU=0 Worker 0 (model_1) TP=0] Received 1 generation requests
[2026-08-22 09:10:33.599 GPU=0 Worker 0 (model_1) TP=0] Prefill batch. #new-seq: 1, #new-token: 14, #cached-token: 0, cache hit rate: 0.00%, token usage: 0.07, #running-req: 39, #queue-req: 0
[2026-08-22 09:10:33.601 GPU=1 Worker 1 (model_3) TP=0] Decode batch. #running-req: 1, #token: 10361, token usage: 0.04, gen throughput (token/s): 23.39, #queue-req: 0
[2026-08-22 09:10:33.819 GPU=0 Worker 0 (model_1) TP=0] Received 1 generation requests
[2026-08-22 09:10:33.820 GPU=0 Worker 0 (model_1) TP=0] Prefill batch. #new-seq: 1, #new-token: 131, #cached-token: 0, cache hit rate: 0.00%, token usage: 0.10, #running-req: 37, #queue-req: 0
[2026-08-22 09:10:33.932 GPU=0 Worker 0 (model_1) TP=0] Decode batch. #running-req: 36, #token: 81387.0, token usage: 0.10, gen throughput (token/s): 800.09, #queue-req: 0
[2026-08-22 09:10:34.003 GPU=1 Worker 3 (model_4) TP=0] Prefill batch. #new-seq: 20, #new-token: 8192, #cached-token: 205, cache hit rate: 0.00%, token usage: 0.06, #running-req: 29, #queue-req: 1
[2026-08-22 09:10:34.366 GPU=0 Worker 0 (model_1) TP=0] Received 1 generation requests
[2026-08-22 09:10:34.366 GPU=1 Worker 3 (model_4) TP=0] Received 9 generation requests
[2026-08-22 09:10:34.368 GPU=0 Worker 0 (model_1) TP=0] Prefill batch. #new-seq: 1, #new-token: 184, #cached-token: 0, cache hit rate: 0.00%, token usage: 0.10, #running-req: 35, #queue-req: 0
[2026-08-22 09:10:34.419 GPU=0 Worker 2 (model_5) TP=0] Received 25 generation requests
[2026-08-22 09:10:34.466 GPU=1 Worker 3 (model_4) TP=0] Prefill batch. #new-seq: 10, #new-token: 5102, #cached-token: 813, cache hit rate: 0.00%, token usage: 0.07, #running-req: 48, #queue-req: 1
[2026-08-22 09:10:34.562 GPU=0 Worker 2 (model_5) TP=0] Prefill batch. #new-seq: 28, #new-token: 5893, #cached-token: 334, cache hit rate: 0.00%, token usage: 0.71, #running-req: 457, #queue-req: 1
[2026-08-22 09:10:34.563 GPU=1 Worker 1 (model_3) TP=0] Received 1 generation requests
[2026-08-22 09:10:34.577 GPU=1 Worker 1 (model_3) TP=0] Prefill batch. #new-seq: 1, #new-token: 695, #cached-token: 0, cache hit rate: 0.00%, token usage: 0.04, #running-req: 1, #queue-req: 0
[2026-08-22 09:10:34.847 GPU=0 Worker 0 (model_1) TP=0] Received 1 generation requests
[2026-08-22 09:10:35.141 GPU=0 Worker 0 (model_1) TP=0] Prefill batch. #new-seq: 1, #new-token: 657, #cached-token: 0, cache hit rate: 0.00%, token usage: 0.10, #running-req: 36, #queue-req: 0
[2026-08-22 09:10:35.192 GPU=0 Worker 0 (model_1) TP=0] Received 6 generation requests
[2026-08-22 09:10:35.205 GPU=0 Worker 0 (model_1) TP=0] Prefill batch. #new-seq: 6, #new-token: 2230, #cached-token: 0, cache hit rate: 0.00%, token usage: 0.10, #running-req: 37, #queue-req: 0
[2026-08-22 09:10:35.316 GPU=1 Worker 1 (model_3) TP=0] Decode batch. #running-req: 2, #token: 11102, token usage: 0.05, gen throughput (token/s): 26.83, #queue-req: 0
[2026-08-22 09:10:35.394 GPU=0 Worker 0 (model_1) TP=0] Received 1 generation requests
[2026-08-22 09:10:35.394 GPU=0 Worker 0 (model_1) TP=0] Prefill batch. #new-seq: 1, #new-token: 14, #cached-token: 0, cache hit rate: 0.00%, token usage: 0.13, #running-req: 40, #queue-req: 0
[2026-08-22 09:10:35.469 GPU=1 Worker 3 (model_4) TP=0] Received 18 generation requests
[2026-08-22 09:10:35.487 GPU=1 Worker 3 (model_4) TP=0] Prefill batch. #new-seq: 18, #new-token: 8089, #cached-token: 0, cache hit rate: 0.00%, token usage: 0.08, #running-req: 58, #queue-req: 0
[2026-08-22 09:10:35.494 GPU=0 Worker 0 (model_1) TP=0] Received 1 generation requests
[2026-08-22 09:10:35.494 GPU=0 Worker 0 (model_1) TP=0] Prefill batch. #new-seq: 1, #new-token: 16, #cached-token: 0, cache hit rate: 0.00%, token usage: 0.13, #running-req: 35, #queue-req: 0
[2026-08-22 09:10:35.587 GPU=0 Worker 0 (model_1) TP=0] Decode batch. #running-req: 34, #token: 102465.0, token usage: 0.13, gen throughput (token/s): 907.87, #queue-req: 0
[2026-08-22 09:10:35.653 GPU=0 Worker 0 (model_1) TP=0] Received 1 generation requests
[2026-08-22 09:10:35.654 GPU=0 Worker 0 (model_1) TP=0] Prefill batch. #new-seq: 1, #new-token: 298, #cached-token: 0, cache hit rate: 0.00%, token usage: 0.13, #running-req: 33, #queue-req: 0
[2026-08-22 09:10:35.809 GPU=0 Worker 2 (model_5) TP=0] Received 25 generation requests
[2026-08-22 09:10:35.862 GPU=1 Worker 3 (model_4) TP=0] Received 18 generation requests
[2026-08-22 09:10:35.868 GPU=0 Worker 2 (model_5) TP=0] Prefill batch. #new-seq: 24, #new-token: 8192, #cached-token: 0, cache hit rate: 0.00%, token usage: 0.74, #running-req: 485, #queue-req: 1
[2026-08-22 09:10:35.876 GPU=1 Worker 3 (model_4) TP=0] Prefill batch. #new-seq: 18, #new-token: 5104, #cached-token: 0, cache hit rate: 0.00%, token usage: 0.09, #running-req: 76, #queue-req: 0
[2026-08-22 09:10:36.077 GPU=0 Worker 0 (model_1) TP=0] Received 1 generation requests
[2026-08-22 09:10:36.080 GPU=0 Worker 0 (model_1) TP=0] Prefill batch. #new-seq: 1, #new-token: 329, #cached-token: 0, cache hit rate: 0.00%, token usage: 0.13, #running-req: 34, #queue-req: 0
[2026-08-22 09:10:36.290 GPU=0 Worker 0 (model_1) TP=0] Received 1 generation requests
[2026-08-22 09:10:36.295 GPU=0 Worker 0 (model_1) TP=0] Prefill batch. #new-seq: 1, #new-token: 19, #cached-token: 0, cache hit rate: 0.00%, token usage: 0.13, #running-req: 35, #queue-req: 0
[2026-08-22 09:10:36.755 GPU=1 Worker 1 (model_3) TP=0] Received 1 generation requests
[2026-08-22 09:10:36.808 GPU=1 Worker 1 (model_3) TP=0] Prefill batch. #new-seq: 1, #new-token: 977, #cached-token: 0, cache hit rate: 0.00%, token usage: 0.04, #running-req: 1, #queue-req: 0
[2026-08-22 09:10:36.857 GPU=0 Worker 0 (model_1) TP=0] Received 3 generation requests
[2026-08-22 09:10:36.859 GPU=0 Worker 0 (model_1) TP=0] Prefill batch. #new-seq: 3, #new-token: 475, #cached-token: 0, cache hit rate: 0.00%, token usage: 0.13, #running-req: 35, #queue-req: 0
[2026-08-22 09:10:36.877 GPU=0 Worker 0 (model_1) TP=0] Received 1 generation requests
[2026-08-22 09:10:36.880 GPU=0 Worker 0 (model_1) TP=0] Prefill batch. #new-seq: 1, #new-token: 91, #cached-token: 0, cache hit rate: 0.00%, token usage: 0.13, #running-req: 38, #queue-req: 0
[2026-08-22 09:10:36.984 GPU=0 Worker 0 (model_1) TP=0] Received 1 generation requests
[2026-08-22 09:10:36.985 GPU=0 Worker 0 (model_1) TP=0] Prefill batch. #new-seq: 1, #new-token: 14, #cached-token: 0, cache hit rate: 0.00%, token usage: 0.16, #running-req: 32, #queue-req: 0
[2026-08-22 09:10:37.053 GPU=0 Worker 0 (model_1) TP=0] Received 1 generation requests
[2026-08-22 09:10:37.053 GPU=0 Worker 0 (model_1) TP=0] Prefill batch. #new-seq: 1, #new-token: 11, #cached-token: 0, cache hit rate: 0.00%, token usage: 0.16, #running-req: 32, #queue-req: 0
[2026-08-22 09:10:37.117 GPU=1 Worker 3 (model_4) TP=0] Received 22 generation requests
[2026-08-22 09:10:37.132 GPU=1 Worker 3 (model_4) TP=0] Prefill batch. #new-seq: 22, #new-token: 5623, #cached-token: 0, cache hit rate: 0.00%, token usage: 0.10, #running-req: 94, #queue-req: 0
[2026-08-22 09:10:37.150 GPU=1 Worker 1 (model_3) TP=0] Decode batch. #running-req: 2, #token: 11430, token usage: 0.05, gen throughput (token/s): 33.25, #queue-req: 0
[2026-08-22 09:10:37.258 GPU=0 Worker 0 (model_1) TP=0] Received 1 generation requests
[2026-08-22 09:10:37.260 GPU=0 Worker 0 (model_1) TP=0] Prefill batch. #new-seq: 1, #new-token: 409, #cached-token: 0, cache hit rate: 0.00%, token usage: 0.16, #running-req: 29, #queue-req: 0
[2026-08-22 09:10:37.323 GPU=0 Worker 0 (model_1) TP=0] Decode batch. #running-req: 30, #token: 133508.0, token usage: 0.16, gen throughput (token/s): 760.51, #queue-req: 0
[2026-08-22 09:10:37.323 GPU=0 Worker 0 (model_1) TP=0] Received 1 generation requests
[2026-08-22 09:10:37.324 GPU=0 Worker 0 (model_1) TP=0] Prefill batch. #new-seq: 1, #new-token: 73, #cached-token: 0, cache hit rate: 0.00%, token usage: 0.16, #running-req: 30, #queue-req: 0
[2026-08-22 09:10:37.432 GPU=1 Worker 3 (model_4) TP=0] Received 24 generation requests
[2026-08-22 09:10:37.452 GPU=1 Worker 3 (model_4) TP=0] Prefill batch. #new-seq: 24, #new-token: 7883, #cached-token: 0, cache hit rate: 0.00%, token usage: 0.11, #running-req: 116, #queue-req: 0
[2026-08-22 09:10:37.506 GPU=0 Worker 0 (model_1) TP=0] Received 1 generation requests
[2026-08-22 09:10:37.666 GPU=0 Worker 0 (model_1) TP=0] Prefill batch. #new-seq: 1, #new-token: 129, #cached-token: 0, cache hit rate: 0.00%, token usage: 0.16, #running-req: 31, #queue-req: 0
[2026-08-22 09:10:37.667 GPU=0 Worker 2 (model_5) TP=0] Received 14 generation requests
[2026-08-22 09:10:37.721 GPU=0 Worker 0 (model_1) TP=0] Received 1 generation requests
[2026-08-22 09:10:37.815 GPU=0 Worker 2 (model_5) TP=0] Prefill batch. #new-seq: 5, #new-token: 2229, #cached-token: 344, cache hit rate: 0.00%, token usage: 0.78, #running-req: 508, #queue-req: 12
[2026-08-22 09:10:37.863 GPU=0 Worker 0 (model_1) TP=0] Prefill batch. #new-seq: 1, #new-token: 11, #cached-token: 0, cache hit rate: 0.00%, token usage: 0.16, #running-req: 32, #queue-req: 0
[2026-08-22 09:10:38.375 GPU=0 Worker 0 (model_1) TP=0] Received 3 generation requests
[2026-08-22 09:10:38.426 GPU=0 Worker 0 (model_1) TP=0] Prefill batch. #new-seq: 3, #new-token: 662, #cached-token: 0, cache hit rate: 0.00%, token usage: 0.16, #running-req: 31, #queue-req: 0
[2026-08-22 09:10:38.688 GPU=0 Worker 0 (model_1) TP=0] Received 1 generation requests
[2026-08-22 09:10:38.689 GPU=0 Worker 0 (model_1) TP=0] Prefill batch. #new-seq: 1, #new-token: 11, #cached-token: 0, cache hit rate: 0.00%, token usage: 0.16, #running-req: 34, #queue-req: 0
[2026-08-22 09:10:38.937 GPU=0 Worker 2 (model_5) TP=0] Received 16 generation requests
[2026-08-22 09:10:38.965 GPU=1 Worker 3 (model_4) TP=0] Received 25 generation requests
[2026-08-22 09:10:38.987 GPU=1 Worker 3 (model_4) TP=0] Prefill batch. #new-seq: 23, #new-token: 8192, #cached-token: 0, cache hit rate: 0.00%, token usage: 0.12, #running-req: 140, #queue-req: 2
[2026-08-22 09:10:39.049 GPU=1 Worker 1 (model_3) TP=0] Decode batch. #running-req: 2, #token: 11510, token usage: 0.05, gen throughput (token/s): 42.13, #queue-req: 0
[2026-08-22 09:10:39.265 GPU=0 Worker 0 (model_1) TP=0] Received 1 generation requests
[2026-08-22 09:10:39.285 GPU=0 Worker 0 (model_1) TP=0] Prefill batch. #new-seq: 1, #new-token: 306, #cached-token: 0, cache hit rate: 0.00%, token usage: 0.18, #running-req: 34, #queue-req: 0
[2026-08-22 09:10:39.287 GPU=1 Worker 3 (model_4) TP=0] Received 11 generation requests
[2026-08-22 09:10:39.393 GPU=1 Worker 3 (model_4) TP=0] Prefill batch. #new-seq: 14, #new-token: 3439, #cached-token: 80, cache hit rate: 0.00%, token usage: 0.13, #running-req: 162, #queue-req: 1
[2026-08-22 09:10:39.498 GPU=0 Worker 0 (model_1) TP=0] Received 1 generation requests
[2026-08-22 09:10:39.501 GPU=0 Worker 0 (model_1) TP=0] Prefill batch. #new-seq: 1, #new-token: 94, #cached-token: 0, cache hit rate: 0.00%, token usage: 0.18, #running-req: 35, #queue-req: 0
[2026-08-22 09:10:39.755 GPU=0 Worker 0 (model_1) TP=0] Received 3 generation requests
[2026-08-22 09:10:40.034 GPU=0 Worker 0 (model_1) TP=0] Prefill batch. #new-seq: 3, #new-token: 526, #cached-token: 0, cache hit rate: 0.00%, token usage: 0.18, #running-req: 35, #queue-req: 0
[2026-08-22 09:10:40.087 GPU=0 Worker 0 (model_1) TP=0] Received 4 generation requests
[2026-08-22 09:10:40.093 GPU=0 Worker 0 (model_1) TP=0] Prefill batch. #new-seq: 4, #new-token: 1582, #cached-token: 0, cache hit rate: 0.00%, token usage: 0.18, #running-req: 38, #queue-req: 0
[2026-08-22 09:10:40.188 GPU=0 Worker 0 (model_1) TP=0] Received 1 generation requests
[2026-08-22 09:10:40.189 GPU=0 Worker 0 (model_1) TP=0] Prefill batch. #new-seq: 1, #new-token: 105, #cached-token: 0, cache hit rate: 0.00%, token usage: 0.18, #running-req: 41, #queue-req: 0
[2026-08-22 09:10:40.202 GPU=1 Worker 0 (model_2) TP=0] Received 1 generation requests
[2026-08-22 09:10:40.204 GPU=1 Worker 0 (model_2) TP=0] Prefill batch. #new-seq: 1, #new-token: 21, #cached-token: 0, cache hit rate: 0.00%, token usage: 0.04, #running-req: 0, #queue-req: 0
[2026-08-22 09:10:40.229 GPU=0 Worker 2 (model_5) TP=0] Decode batch. #running-req: 513, #token: 163301, token usage: 0.80, gen throughput (token/s): 39.92, #queue-req: 27
[2026-08-22 09:10:40.269 GPU=0 Worker 0 (model_1) TP=0] Decode batch. #running-req: 42, #token: 150779.0, token usage: 0.18, gen throughput (token/s): 480.54, #queue-req: 0
[2026-08-22 09:10:40.293 GPU=1 Worker 3 (model_4) TP=0] Received 5 generation requests
[2026-08-22 09:10:40.297 GPU=1 Worker 3 (model_4) TP=0] Prefill batch. #new-seq: 5, #new-token: 1250, #cached-token: 0, cache hit rate: 0.00%, token usage: 0.13, #running-req: 176, #queue-req: 0
[2026-08-22 09:10:40.402 GPU=1 Worker 3 (model_4) TP=0] Received 1 generation requests
[2026-08-22 09:10:40.403 GPU=1 Worker 3 (model_4) TP=0] Prefill batch. #new-seq: 1, #new-token: 13, #cached-token: 0, cache hit rate: 0.00%, token usage: 0.14, #running-req: 181, #queue-req: 0
[2026-08-22 09:10:40.474 GPU=1 Worker 3 (model_4) TP=0] [PAPER-MIGRATION-TIMELINE] {"event": "first_decode_on_target", "model": "model_4", "gpu_id": 1, "time": 1787389840.4743967, "rids": ["model_4#1", "model_4#2", "model_4#7", "model_4#10", "model_4#13", "model_4#14", "model_4#15", "model_4#17", "model_4#25", "model_4#26", "model_4#30", "model_4#35", "model_4#36", "model_4#38", "model_4#39", "model_4#40", "model_4#41", "model_4#43", "model_4#46", "model_4#49", "model_4#51", "model_4#53", "model_4#54", "model_4#61", "model_4#65", "model_4#69", "model_4#70", "model_4#71", "model_4#72", "model_4#73", "model_4#74", "model_4#76", "model_4#77", "model_4#78", "model_4#79", "model_4#80", "model_4#81", "model_4#83", "model_4#84", "model_4#85", "model_4#86", "model_4#87", "model_4#88", "model_4#89", "model_4#90", "model_4#91", "model_4#92", "model_4#93", "model_4#94", "model_4#97", "model_4#96", "model_4#95", "model_4#98", "model_4#99", "model_4#100", "model_4#101", "model_4#102", "model_4#103", "model_4#104", "model_4#106", "model_4#105", "model_4#107", "model_4#108", "model_4#109", "model_4#110", "model_4#111", "model_4#112", "model_4#115", "model_4#113", "model_4#114", "model_4#116", "model_4#117", "model_4#118", "model_4#119", "model_4#122", "model_4#120", "model_4#121", "model_4#123", "model_4#124", "model_4#125", "model_4#126", "model_4#127", "model_4#128", "model_4#134", "model_4#129", "model_4#130", "model_4#131", "model_4#132", "model_4#133", "model_4#135", "model_4#136", "model_4#137", "model_4#143", "model_4#138", "model_4#141", "model_4#139", "model_4#140", "model_4#142", "model_4#144", "model_4#145", "model_4#146", "model_4#147", "model_4#150", "model_4#148", "model_4#149", "model_4#151", "model_4#152", "model_4#154", "model_4#153", "model_4#155", "model_4#156", "model_4#157", "model_4#158", "model_4#159", "model_4#160", "model_4#161", "model_4#162", "model_4#163", "model_4#164", "model_4#165", "model_4#167", "model_4#166", "model_4#168", "model_4#169", "model_4#170", "model_4#171", "model_4#172", "model_4#173", "model_4#174", "model_4#175", "model_4#176", "model_4#177", "model_4#178", "model_4#179", "model_4#180", "model_4#181", "model_4#182", "model_4#183", "model_4#184", "model_4#185", "model_4#186", "model_4#187", "model_4#188", "model_4#189", "model_4#190", "model_4#191", "model_4#193", "model_4#192", "model_4#194", "model_4#195", "model_4#196", "model_4#198", "model_4#200", "model_4#199", "model_4#197", "model_4#201", "model_4#202", "model_4#203", "model_4#204", "model_4#205", "model_4#206", "model_4#207", "model_4#208", "model_4#209", "model_4#210", "model_4#211", "model_4#212", "model_4#213", "model_4#214", "model_4#215", "model_4#216", "model_4#217", "model_4#218", "model_4#219", "model_4#220", "model_4#221", "model_4#224", "model_4#222", "model_4#223", "model_4#225", "model_4#226", "model_4#227"]}
[2026-08-22 09:10:40.495 GPU=1 Worker 0 (model_2) TP=0] Decode batch. #running-req: 1, #token: 36897, token usage: 0.04, gen throughput (token/s): 3.95, #queue-req: 0
[2026-08-22 09:10:40.825 GPU=1 Worker 3 (model_4) TP=0] Received 2 generation requests
[2026-08-22 09:10:40.876 GPU=1 Worker 3 (model_4) TP=0] Prefill batch. #new-seq: 2, #new-token: 242, #cached-token: 0, cache hit rate: 0.00%, token usage: 0.14, #running-req: 179, #queue-req: 0
[2026-08-22 09:10:40.953 GPU=0 Worker 0 (model_1) TP=0] Received 2 generation requests
[2026-08-22 09:10:41.101 GPU=0 Worker 0 (model_1) TP=0] Prefill batch. #new-seq: 2, #new-token: 562, #cached-token: 0, cache hit rate: 0.00%, token usage: 0.19, #running-req: 32, #queue-req: 0
[2026-08-22 09:10:41.119 GPU=0 Worker 0 (model_1) TP=0] Received 1 generation requests
[2026-08-22 09:10:41.130 GPU=0 Worker 0 (model_1) TP=0] Prefill batch. #new-seq: 1, #new-token: 569, #cached-token: 0, cache hit rate: 0.00%, token usage: 0.19, #running-req: 34, #queue-req: 0
[2026-08-22 09:10:41.575 GPU=1 Worker 3 (model_4) TP=0] Received 2 generation requests
[2026-08-22 09:10:41.575 GPU=0 Worker 0 (model_1) TP=0] Received 1 generation requests
[2026-08-22 09:10:41.685 GPU=0 Worker 0 (model_1) TP=0] Prefill batch. #new-seq: 1, #new-token: 73, #cached-token: 0, cache hit rate: 0.00%, token usage: 0.19, #running-req: 35, #queue-req: 0
[2026-08-22 09:10:41.686 GPU=1 Worker 3 (model_4) TP=0] Prefill batch. #new-seq: 2, #new-token: 460, #cached-token: 0, cache hit rate: 0.00%, token usage: 0.14, #running-req: 180, #queue-req: 0
[2026-08-22 09:10:41.790 GPU=1 Worker 3 (model_4) TP=0] Received 1 generation requests
[2026-08-22 09:10:41.894 GPU=1 Worker 3 (model_4) TP=0] Prefill batch. #new-seq: 1, #new-token: 374, #cached-token: 0, cache hit rate: 0.00%, token usage: 0.14, #running-req: 182, #queue-req: 0
[2026-08-22 09:10:41.894 GPU=0 Worker 0 (model_1) TP=0] Received 1 generation requests
[2026-08-22 09:10:41.894 GPU=1 Worker 1 (model_3) TP=0] Decode batch. #running-req: 2, #token: 11590, token usage: 0.05, gen throughput (token/s): 28.13, #queue-req: 0
[2026-08-22 09:10:41.895 GPU=0 Worker 0 (model_1) TP=0] Prefill batch. #new-seq: 1, #new-token: 17, #cached-token: 0, cache hit rate: 0.00%, token usage: 0.20, #running-req: 36, #queue-req: 0
[2026-08-22 09:10:41.958 GPU=0 Worker 0 (model_1) TP=0] Received 1 generation requests
[2026-08-22 09:10:41.959 GPU=0 Worker 0 (model_1) TP=0] Prefill batch. #new-seq: 1, #new-token: 332, #cached-token: 0, cache hit rate: 0.00%, token usage: 0.20, #running-req: 37, #queue-req: 0
[2026-08-22 09:10:41.975 GPU=1 Worker 3 (model_4) TP=0] Received 1 generation requests
[2026-08-22 09:10:41.976 GPU=1 Worker 3 (model_4) TP=0] Prefill batch. #new-seq: 1, #new-token: 127, #cached-token: 0, cache hit rate: 0.00%, token usage: 0.14, #running-req: 183, #queue-req: 0
[2026-08-22 09:10:42.012 GPU=1 Worker 3 (model_4) TP=0] Received 1 generation requests
[2026-08-22 09:10:42.015 GPU=1 Worker 3 (model_4) TP=0] Prefill batch. #new-seq: 1, #new-token: 1267, #cached-token: 0, cache hit rate: 0.00%, token usage: 0.14, #running-req: 184, #queue-req: 0
[2026-08-22 09:10:42.067 GPU=0 Worker 0 (model_1) TP=0] Decode batch. #running-req: 38, #token: 163559.0, token usage: 0.20, gen throughput (token/s): 816.64, #queue-req: 0
[2026-08-22 09:10:42.152] Sending deactivate request to GPU scheduler 1
[2026-08-22 09:10:42.156 GPU=1 Worker 2 (model_6) TP=0] Scheduler: Received 1 requests from gpu scheduler
[2026-08-22 09:10:42.156 GPU=1 Worker 2 (model_6) TP=0] Processing deactivate request
[2026-08-22 09:10:42.156 GPU=1 Worker 2 (model_6) TP=0] [PAPER-OVERLAP-V6] {"event": "source_quiesce", "model": "model_6", "gpu": 1, "rid": "b78ccf4028d8406dbf2d2125751cb5e0", "time": 1787389842.1566, "was_serving": true}
[2026-08-22 09:10:42.156 GPU=1 Worker 2 (model_6) TP=0] Scheduler receives the deactivate requests with rid: b78ccf4028d8406dbf2d2125751cb5e0
[2026-08-22 09:10:42.156 GPU=1 Worker 2 (model_6) TP=0] In handle deactivate request, waiting queue size: 0. Running batch size: 0, last batch size: 0
[2026-08-22 09:10:42.156 GPU=1 Worker 2 (model_6) TP=0] [PAPER-MIGRATION-TIMELINE] {"event": "request_drain", "model": "model_6", "gpu_id": 1, "start": 1787389842.156804, "end": 1787389842.1569667, "preempt": false}
[2026-08-22 09:10:42.157 GPU=1 Worker 2 (model_6) TP=0] Process ongoing requests with preempt (False) takes 0.0002 s
[2026-08-22 09:10:42.160 GPU=1 Worker 2 (model_6) TP=0] [PAPER-KV-V6] {"event": "stash", "model": "Qwen/Qwen2.5-7B-Instruct", "source_gpu": 1, "logical_model": "model_6", "start": 1787389842.1571357, "end": 1787389842.1601472, "requests": 0, "tokens": 0, "kv_bytes": 0, "capture_failures": 0}
[2026-08-22 09:10:42.311 GPU=1 Worker 0 (model_2) TP=0] Decode batch. #running-req: 1, #token: 36937, token usage: 0.04, gen throughput (token/s): 22.03, #queue-req: 0
[2026-08-22 09:10:42.326 GPU=1 Worker 3 (model_4) TP=0] Received 1 generation requests
[2026-08-22 09:10:42.328 GPU=1 Worker 3 (model_4) TP=0] Prefill batch. #new-seq: 1, #new-token: 581, #cached-token: 0, cache hit rate: 0.00%, token usage: 0.12, #running-req: 185, #queue-req: 0
[2026-08-22 09:10:42.504 GPU=1 Worker 3 (model_4) TP=0] Received 1 generation requests
[2026-08-22 09:10:42.504 GPU=0 Worker 0 (model_1) TP=0] Received 1 generation requests
[2026-08-22 09:10:42.647 GPU=0 Worker 0 (model_1) TP=0] Prefill batch. #new-seq: 1, #new-token: 11, #cached-token: 0, cache hit rate: 0.00%, token usage: 0.21, #running-req: 32, #queue-req: 0
[2026-08-22 09:10:42.647 GPU=1 Worker 3 (model_4) TP=0] Prefill batch. #new-seq: 1, #new-token: 27, #cached-token: 0, cache hit rate: 0.00%, token usage: 0.12, #running-req: 154, #queue-req: 0
[2026-08-22 09:10:43.120 GPU=0 Worker 0 (model_1) TP=0] Received 1 generation requests
[2026-08-22 09:10:43.391 GPU=0 Worker 0 (model_1) TP=0] Prefill batch. #new-seq: 1, #new-token: 193, #cached-token: 0, cache hit rate: 0.00%, token usage: 0.21, #running-req: 33, #queue-req: 0
[2026-08-22 09:10:43.440 GPU=0 Worker 0 (model_1) TP=0] Received 1 generation requests
[2026-08-22 09:10:43.440 GPU=1 Worker 3 (model_4) TP=0] Received 1 generation requests
[2026-08-22 09:10:43.443 GPU=0 Worker 0 (model_1) TP=0] Prefill batch. #new-seq: 1, #new-token: 180, #cached-token: 0, cache hit rate: 0.00%, token usage: 0.21, #running-req: 34, #queue-req: 0
[2026-08-22 09:10:43.444 GPU=1 Worker 3 (model_4) TP=0] Prefill batch. #new-seq: 1, #new-token: 103, #cached-token: 0, cache hit rate: 0.00%, token usage: 0.12, #running-req: 152, #queue-req: 0
[2026-08-22 09:10:43.444 GPU=1 Worker 2 (model_6) TP=0] Deactivate time cost: 1.2837s. Current available memory: 31.18 GB
[2026-08-22 09:10:43.445 GPU=1 Worker 2 (model_6) TP=0] [PAPER-MIGRATION-TIMELINE] {"event": "source_release", "model": "model_6", "gpu_id": 1, "time": 1787389843.4451497}
[2026-08-22 09:10:43.446 GPU=1 Worker 2 (model_6) TP=0] Total time taken for deactivation is 1.29 s
[2026-08-22 09:10:43.446] [V5-HOP] {"action": "DeactivateReqInput", "model": "model_6", "gpu_id": 1, "register_s": 0.00010251998901367188, "wait_for_engine_s": 1.293612003326416, "total_s": 1.2937145233154297}
[2026-08-22 09:10:43.446] [Server] Deactivate time cost: 1.2941s
[2026-08-22 09:10:43.500 GPU=1 Worker 3 (model_4) TP=0] Received 1 generation requests
[2026-08-22 09:10:43.501 GPU=1 Worker 3 (model_4) TP=0] Prefill batch. #new-seq: 1, #new-token: 49, #cached-token: 0, cache hit rate: 0.00%, token usage: 0.12, #running-req: 149, #queue-req: 0
[2026-08-22 09:10:43.587 GPU=0 Worker 0 (model_1) TP=0] Decode batch. #running-req: 34, #token: 175208.0, token usage: 0.21, gen throughput (token/s): 896.91, #queue-req: 0
[2026-08-22 09:10:43.652 GPU=1 Worker 1 (model_3) TP=0] Decode batch. #running-req: 2, #token: 11670, token usage: 0.05, gen throughput (token/s): 45.51, #queue-req: 0
[2026-08-22 09:10:43.755 GPU=0 Worker 2 (model_5) TP=0] Prefill batch. #new-seq: 26, #new-token: 8192, #cached-token: 0, cache hit rate: 0.00%, token usage: 0.57, #running-req: 400, #queue-req: 1
[2026-08-22 09:10:43.764 GPU=1 Worker 3 (model_4) TP=0] Received 1 generation requests
[2026-08-22 09:10:43.765 GPU=1 Worker 1 (model_3) TP=0] Received 1 generation requests
[2026-08-22 09:10:43.765 GPU=1 Worker 3 (model_4) TP=0] Prefill batch. #new-seq: 1, #new-token: 23, #cached-token: 0, cache hit rate: 0.00%, token usage: 0.11, #running-req: 143, #queue-req: 0
[2026-08-22 09:10:43.765 GPU=1 Worker 1 (model_3) TP=0] Prefill batch. #new-seq: 1, #new-token: 18, #cached-token: 0, cache hit rate: 0.00%, token usage: 0.05, #running-req: 2, #queue-req: 0
[2026-08-22 09:10:43.861 GPU=1 Worker 3 (model_4) TP=0] Received 1 generation requests
[2026-08-22 09:10:43.865 GPU=1 Worker 3 (model_4) TP=0] Prefill batch. #new-seq: 1, #new-token: 777, #cached-token: 0, cache hit rate: 0.00%, token usage: 0.11, #running-req: 143, #queue-req: 0
[2026-08-22 09:10:44.028 GPU=1 Worker 0 (model_2) TP=0] Decode batch. #running-req: 1, #token: 36977, token usage: 0.04, gen throughput (token/s): 23.29, #queue-req: 0
[2026-08-22 09:10:44.169 GPU=0 Worker 0 (model_1) TP=0] Received 1 generation requests
[2026-08-22 09:10:44.174 GPU=0 Worker 0 (model_1) TP=0] Prefill batch. #new-seq: 1, #new-token: 768, #cached-token: 0, cache hit rate: 0.00%, token usage: 0.22, #running-req: 30, #queue-req: 0
[2026-08-22 09:10:44.223 GPU=0 Worker 0 (model_1) TP=0] Received 1 generation requests
[2026-08-22 09:10:44.362 GPU=0 Worker 0 (model_1) TP=0] Prefill batch. #new-seq: 1, #new-token: 10, #cached-token: 0, cache hit rate: 0.00%, token usage: 0.22, #running-req: 31, #queue-req: 0
[2026-08-22 09:10:44.364 GPU=0 Worker 2 (model_5) TP=0] Received 24 generation requests
[2026-08-22 09:10:44.446 GPU=1 Worker 3 (model_4) TP=0] Received 2 generation requests
[2026-08-22 09:10:44.719 GPU=1 Worker 3 (model_4) TP=0] Prefill batch. #new-seq: 2, #new-token: 123, #cached-token: 0, cache hit rate: 0.00%, token usage: 0.12, #running-req: 142, #queue-req: 0
[2026-08-22 09:10:44.720 GPU=0 Worker 2 (model_5) TP=0] Prefill batch. #new-seq: 19, #new-token: 8192, #cached-token: 17, cache hit rate: 0.00%, token usage: 0.61, #running-req: 425, #queue-req: 8
[2026-08-22 09:10:44.720 GPU=0 Worker 0 (model_1) TP=0] Received 2 generation requests
[2026-08-22 09:10:45.141 GPU=0 Worker 0 (model_1) TP=0] Prefill batch. #new-seq: 2, #new-token: 73, #cached-token: 0, cache hit rate: 0.00%, token usage: 0.22, #running-req: 32, #queue-req: 0
[2026-08-22 09:10:45.142 GPU=1 Worker 3 (model_4) TP=0] Received 5 generation requests
[2026-08-22 09:10:45.192 GPU=0 Worker 0 (model_1) TP=0] Received 4 generation requests
[2026-08-22 09:10:45.242 GPU=0 Worker 0 (model_1) TP=0] Prefill batch. #new-seq: 4, #new-token: 438, #cached-token: 0, cache hit rate: 0.00%, token usage: 0.22, #running-req: 34, #queue-req: 0
[2026-08-22 09:10:45.243 GPU=1 Worker 3 (model_4) TP=0] Prefill batch. #new-seq: 5, #new-token: 871, #cached-token: 0, cache hit rate: 0.00%, token usage: 0.12, #running-req: 144, #queue-req: 0
[2026-08-22 09:10:45.289 GPU=0 Worker 0 (model_1) TP=0] Received 1 generation requests
[2026-08-22 09:10:45.351 GPU=0 Worker 0 (model_1) TP=0] Prefill batch. #new-seq: 1, #new-token: 281, #cached-token: 0, cache hit rate: 0.00%, token usage: 0.22, #running-req: 38, #queue-req: 0
[2026-08-22 09:10:45.383 GPU=0 Worker 0 (model_1) TP=0] Received 1 generation requests
[2026-08-22 09:10:45.384 GPU=0 Worker 0 (model_1) TP=0] Prefill batch. #new-seq: 1, #new-token: 22, #cached-token: 0, cache hit rate: 0.00%, token usage: 0.22, #running-req: 39, #queue-req: 0
[2026-08-22 09:10:45.481 GPU=0 Worker 0 (model_1) TP=0] Received 1 generation requests
[2026-08-22 09:10:45.481 GPU=0 Worker 0 (model_1) TP=0] Prefill batch. #new-seq: 1, #new-token: 11, #cached-token: 0, cache hit rate: 0.00%, token usage: 0.22, #running-req: 36, #queue-req: 0
[2026-08-22 09:10:45.503 GPU=1 Worker 3 (model_4) TP=0] Received 1 generation requests
[2026-08-22 09:10:45.504 GPU=1 Worker 3 (model_4) TP=0] Prefill batch. #new-seq: 1, #new-token: 44, #cached-token: 0, cache hit rate: 0.00%, token usage: 0.12, #running-req: 146, #queue-req: 0
[2026-08-22 09:10:45.520 GPU=0 Worker 0 (model_1) TP=0] Decode batch. #running-req: 37, #token: 179288.0, token usage: 0.22, gen throughput (token/s): 670.98, #queue-req: 0
[2026-08-22 09:10:45.584 GPU=0 Worker 0 (model_1) TP=0] Received 1 generation requests
[2026-08-22 09:10:45.589 GPU=0 Worker 0 (model_1) TP=0] Prefill batch. #new-seq: 1, #new-token: 1735, #cached-token: 0, cache hit rate: 0.00%, token usage: 0.22, #running-req: 37, #queue-req: 0
[2026-08-22 09:10:45.605 GPU=0 Worker 2 (model_5) TP=0] Received 20 generation requests
[2026-08-22 09:10:45.611 GPU=1 Worker 3 (model_4) TP=0] Decode batch. #running-req: 145, #token: 84642, token usage: 0.12, gen throughput (token/s): 48.10, #queue-req: 0
[2026-08-22 09:10:45.624 GPU=0 Worker 2 (model_5) TP=0] Prefill batch. #new-seq: 28, #new-token: 5303, #cached-token: 168, cache hit rate: 0.00%, token usage: 0.65, #running-req: 443, #queue-req: 1
[2026-08-22 09:10:45.686 GPU=1 Worker 3 (model_4) TP=0] Received 1 generation requests
[2026-08-22 09:10:45.687 GPU=1 Worker 3 (model_4) TP=0] Prefill batch. #new-seq: 1, #new-token: 17, #cached-token: 0, cache hit rate: 0.00%, token usage: 0.12, #running-req: 144, #queue-req: 0
[2026-08-22 09:10:45.688 GPU=0 Worker 0 (model_1) TP=0] Received 1 generation requests
[2026-08-22 09:10:45.689 GPU=0 Worker 0 (model_1) TP=0] Prefill batch. #new-seq: 1, #new-token: 468, #cached-token: 0, cache hit rate: 0.00%, token usage: 0.22, #running-req: 35, #queue-req: 0
[2026-08-22 09:10:45.719 GPU=0 Worker 0 (model_1) TP=0] Received 1 generation requests
[2026-08-22 09:10:45.720 GPU=0 Worker 0 (model_1) TP=0] Prefill batch. #new-seq: 1, #new-token: 17, #cached-token: 0, cache hit rate: 0.00%, token usage: 0.22, #running-req: 36, #queue-req: 0
[2026-08-22 09:10:45.753 GPU=1 Worker 1 (model_3) TP=0] Decode batch. #running-req: 3, #token: 11803, token usage: 0.05, gen throughput (token/s): 54.73, #queue-req: 0
[2026-08-22 09:10:45.775 GPU=0 Worker 0 (model_1) TP=0] Received 1 generation requests
[2026-08-22 09:10:45.777 GPU=0 Worker 0 (model_1) TP=0] Prefill batch. #new-seq: 1, #new-token: 340, #cached-token: 0, cache hit rate: 0.00%, token usage: 0.22, #running-req: 37, #queue-req: 0
[2026-08-22 09:10:45.875 GPU=0 Worker 0 (model_1) TP=0] Received 1 generation requests
[2026-08-22 09:10:46.018 GPU=0 Worker 0 (model_1) TP=0] Prefill batch. #new-seq: 1, #new-token: 11, #cached-token: 0, cache hit rate: 0.00%, token usage: 0.22, #running-req: 37, #queue-req: 0
[2026-08-22 09:10:46.019 GPU=1 Worker 3 (model_4) TP=0] Received 1 generation requests
[2026-08-22 09:10:46.021 GPU=1 Worker 3 (model_4) TP=0] Prefill batch. #new-seq: 1, #new-token: 21, #cached-token: 0, cache hit rate: 0.00%, token usage: 0.11, #running-req: 141, #queue-req: 0
[2026-08-22 09:10:46.071 GPU=0 Worker 0 (model_1) TP=0] Received 1 generation requests
[2026-08-22 09:10:46.072 GPU=0 Worker 2 (model_5) TP=0] Received 27 generation requests
[2026-08-22 09:10:46.213 GPU=0 Worker 0 (model_1) TP=0] Prefill batch. #new-seq: 1, #new-token: 360, #cached-token: 0, cache hit rate: 0.00%, token usage: 0.22, #running-req: 38, #queue-req: 0
[2026-08-22 09:10:46.222 GPU=0 Worker 2 (model_5) TP=0] Prefill batch. #new-seq: 26, #new-token: 8192, #cached-token: 0, cache hit rate: 0.00%, token usage: 0.68, #running-req: 471, #queue-req: 1
[2026-08-22 09:10:46.230 GPU=0 Worker 0 (model_1) TP=0] Received 2 generation requests
[2026-08-22 09:10:46.321 GPU=1 Worker 0 (model_2) TP=0] Decode batch. #running-req: 1, #token: 37017, token usage: 0.04, gen throughput (token/s): 17.44, #queue-req: 0
[2026-08-22 09:10:46.507 GPU=1 Worker 3 (model_4) TP=0] Received 1 generation requests
[2026-08-22 09:10:46.516 GPU=1 Worker 3 (model_4) TP=0] Prefill batch. #new-seq: 1, #new-token: 1974, #cached-token: 0, cache hit rate: 0.00%, token usage: 0.11, #running-req: 138, #queue-req: 0
[2026-08-22 09:10:46.593 GPU=0 Worker 0 (model_1) TP=0] Prefill batch. #new-seq: 2, #new-token: 745, #cached-token: 0, cache hit rate: 0.00%, token usage: 0.22, #running-req: 39, #queue-req: 0
[2026-08-22 09:10:46.632 GPU=0 Worker 0 (model_1) TP=0] Received 1 generation requests
[2026-08-22 09:10:46.633 GPU=0 Worker 0 (model_1) TP=0] Prefill batch. #new-seq: 1, #new-token: 60, #cached-token: 0, cache hit rate: 0.00%, token usage: 0.22, #running-req: 41, #queue-req: 0
[2026-08-22 09:10:46.795 GPU=0 Worker 2 (model_5) TP=0] Received 21 generation requests
[2026-08-22 09:10:46.821 GPU=0 Worker 2 (model_5) TP=0] Prefill batch. #new-seq: 17, #new-token: 6317, #cached-token: 424, cache hit rate: 0.00%, token usage: 0.72, #running-req: 496, #queue-req: 7
[2026-08-22 09:10:46.830 GPU=1 Worker 0 (model_2) TP=0] Received 1 generation requests
[2026-08-22 09:10:46.830 GPU=1 Worker 3 (model_4) TP=0] Received 1 generation requests
[2026-08-22 09:10:46.881 GPU=1 Worker 0 (model_2) TP=0] Prefill batch. #new-seq: 1, #new-token: 37, #cached-token: 0, cache hit rate: 0.00%, token usage: 0.04, #running-req: 1, #queue-req: 0
[2026-08-22 09:10:46.928 GPU=1 Worker 3 (model_4) TP=0] Prefill batch. #new-seq: 1, #new-token: 17, #cached-token: 0, cache hit rate: 0.00%, token usage: 0.12, #running-req: 139, #queue-req: 0
[2026-08-22 09:10:46.965 GPU=0 Worker 0 (model_1) TP=0] Received 1 generation requests
[2026-08-22 09:10:46.966 GPU=0 Worker 0 (model_1) TP=0] Prefill batch. #new-seq: 1, #new-token: 12, #cached-token: 0, cache hit rate: 0.00%, token usage: 0.22, #running-req: 36, #queue-req: 0
[2026-08-22 09:10:47.201 GPU=0 Worker 0 (model_1) TP=0] Decode batch. #running-req: 35, #token: 179544.0, token usage: 0.22, gen throughput (token/s): 900.30, #queue-req: 0
[2026-08-22 09:10:47.269 GPU=0 Worker 0 (model_1) TP=0] Received 1 generation requests
[2026-08-22 09:10:47.272 GPU=0 Worker 0 (model_1) TP=0] Prefill batch. #new-seq: 1, #new-token: 769, #cached-token: 0, cache hit rate: 0.00%, token usage: 0.22, #running-req: 33, #queue-req: 0
[2026-08-22 09:10:47.300 GPU=1 Worker 1 (model_3) TP=0] Decode batch. #running-req: 2, #token: 10734, token usage: 0.05, gen throughput (token/s): 63.34, #queue-req: 0
[2026-08-22 09:10:47.393 GPU=0 Worker 2 (model_5) TP=0] Received 12 generation requests
[2026-08-22 09:10:47.490 GPU=1 Worker 3 (model_4) TP=0] Received 1 generation requests
[2026-08-22 09:10:47.538 GPU=0 Worker 2 (model_5) TP=0] Received 9 generation requests
[2026-08-22 09:10:47.539 GPU=1 Worker 3 (model_4) TP=0] Prefill batch. #new-seq: 1, #new-token: 518, #cached-token: 0, cache hit rate: 0.00%, token usage: 0.12, #running-req: 135, #queue-req: 0
[2026-08-22 09:10:47.548 GPU=0 Worker 2 (model_5) TP=0] Prefill batch. #new-seq: 3, #new-token: 1186, #cached-token: 0, cache hit rate: 0.00%, token usage: 0.74, #running-req: 510, #queue-req: 24
[2026-08-22 09:10:47.612 GPU=0 Worker 0 (model_1) TP=0] Received 1 generation requests
[2026-08-22 09:10:47.661 GPU=0 Worker 2 (model_5) TP=0] Received 1 generation requests
[2026-08-22 09:10:47.757 GPU=1 Worker 3 (model_4) TP=0] Received 1 generation requests
[2026-08-22 09:10:47.759 GPU=1 Worker 3 (model_4) TP=0] Prefill batch. #new-seq: 1, #new-token: 139, #cached-token: 0, cache hit rate: 0.00%, token usage: 0.12, #running-req: 134, #queue-req: 0
[2026-08-22 09:10:47.770 GPU=1 Worker 0 (model_2) TP=0] Decode batch. #running-req: 2, #token: 37120, token usage: 0.04, gen throughput (token/s): 45.54, #queue-req: 0
[2026-08-22 09:10:47.781 GPU=0 Worker 0 (model_1) TP=0] Prefill batch. #new-seq: 1, #new-token: 564, #cached-token: 0, cache hit rate: 0.00%, token usage: 0.22, #running-req: 34, #queue-req: 0
[2026-08-22 09:10:47.837 GPU=0 Worker 0 (model_1) TP=0] Received 3 generation requests
[2026-08-22 09:10:47.837 GPU=0 Worker 2 (model_5) TP=0] Received 1 generation requests
[2026-08-22 09:10:47.942 GPU=0 Worker 2 (model_5) TP=0] Prefill batch. #new-seq: 8, #new-token: 1153, #cached-token: 0, cache hit rate: 0.00%, token usage: 0.74, #running-req: 505, #queue-req: 18
[2026-08-22 09:10:47.996 GPU=0 Worker 0 (model_1) TP=0] Prefill batch. #new-seq: 3, #new-token: 210, #cached-token: 0, cache hit rate: 0.00%, token usage: 0.22, #running-req: 35, #queue-req: 0
[2026-08-22 09:10:47.996 GPU=1 Worker 3 (model_4) TP=0] Received 1 generation requests
[2026-08-22 09:10:47.998 GPU=1 Worker 3 (model_4) TP=0] Prefill batch. #new-seq: 1, #new-token: 16, #cached-token: 0, cache hit rate: 0.00%, token usage: 0.12, #running-req: 134, #queue-req: 0
[2026-08-22 09:10:48.022 GPU=0 Worker 0 (model_1) TP=0] Received 2 generation requests
[2026-08-22 09:10:48.031 GPU=1 Worker 3 (model_4) TP=0] Received 1 generation requests
[2026-08-22 09:10:48.285 GPU=0 Worker 0 (model_1) TP=0] Prefill batch. #new-seq: 2, #new-token: 782, #cached-token: 0, cache hit rate: 0.00%, token usage: 0.22, #running-req: 38, #queue-req: 0
[2026-08-22 09:10:48.285 GPU=0 Worker 2 (model_5) TP=0] Received 5 generation requests
[2026-08-22 09:10:48.557 GPU=0 Worker 0 (model_1) TP=0] Received 6 generation requests
[2026-08-22 09:10:48.557 GPU=1 Worker 3 (model_4) TP=0] Prefill batch. #new-seq: 1, #new-token: 198, #cached-token: 0, cache hit rate: 0.00%, token usage: 0.12, #running-req: 135, #queue-req: 0
[2026-08-22 09:10:48.604 GPU=1 Worker 3 (model_4) TP=0] Received 2 generation requests
[2026-08-22 09:10:48.605 GPU=0 Worker 0 (model_1) TP=0] Prefill batch. #new-seq: 6, #new-token: 3857, #cached-token: 0, cache hit rate: 0.00%, token usage: 0.22, #running-req: 40, #queue-req: 0
[2026-08-22 09:10:48.606 GPU=1 Worker 3 (model_4) TP=0] Prefill batch. #new-seq: 2, #new-token: 64, #cached-token: 0, cache hit rate: 0.00%, token usage: 0.12, #running-req: 136, #queue-req: 0
[2026-08-22 09:10:48.617 GPU=0 Worker 2 (model_5) TP=0] Received 3 generation requests
[2026-08-22 09:10:48.623 GPU=0 Worker 2 (model_5) TP=0] Prefill batch. #new-seq: 4, #new-token: 1419, #cached-token: 0, cache hit rate: 0.00%, token usage: 0.74, #running-req: 509, #queue-req: 22
[2026-08-22 09:10:48.886 GPU=0 Worker 2 (model_5) TP=0] Prefill batch. #new-seq: 3, #new-token: 104, #cached-token: 0, cache hit rate: 0.00%, token usage: 0.75, #running-req: 510, #queue-req: 19
[2026-08-22 09:10:48.916 GPU=0 Worker 2 (model_5) TP=0] Received 1 generation requests
[2026-08-22 09:10:48.944 GPU=0 Worker 0 (model_1) TP=0] Received 1 generation requests
[2026-08-22 09:10:48.944 GPU=0 Worker 0 (model_1) TP=0] Prefill batch. #new-seq: 1, #new-token: 54, #cached-token: 0, cache hit rate: 0.00%, token usage: 0.23, #running-req: 38, #queue-req: 0
[2026-08-22 09:10:48.983 GPU=0 Worker 0 (model_1) TP=0] Received 2 generation requests
[2026-08-22 09:10:48.986 GPU=0 Worker 0 (model_1) TP=0] Prefill batch. #new-seq: 2, #new-token: 943, #cached-token: 0, cache hit rate: 0.00%, token usage: 0.22, #running-req: 39, #queue-req: 0
[2026-08-22 09:10:49.003 GPU=0 Worker 2 (model_5) TP=0] Received 1 generation requests
[2026-08-22 09:10:49.008 GPU=0 Worker 2 (model_5) TP=0] Prefill batch. #new-seq: 4, #new-token: 1766, #cached-token: 0, cache hit rate: 0.00%, token usage: 0.74, #running-req: 509, #queue-req: 17
[2026-08-22 09:10:49.051 GPU=1 Worker 3 (model_4) TP=0] Decode batch. #running-req: 131, #token: 84739, token usage: 0.12, gen throughput (token/s): 1603.31, #queue-req: 0
[2026-08-22 09:10:49.157 GPU=1 Worker 3 (model_4) TP=0] Received 1 generation requests
[2026-08-22 09:10:49.158 GPU=1 Worker 3 (model_4) TP=0] Prefill batch. #new-seq: 1, #new-token: 13, #cached-token: 0, cache hit rate: 0.00%, token usage: 0.12, #running-req: 130, #queue-req: 0
[2026-08-22 09:10:49.232 GPU=0 Worker 0 (model_1) TP=0] Received 2 generation requests
[2026-08-22 09:10:49.233 GPU=0 Worker 2 (model_5) TP=0] Received 3 generation requests
[2026-08-22 09:10:49.370 GPU=0 Worker 0 (model_1) TP=0] Prefill batch. #new-seq: 2, #new-token: 39, #cached-token: 0, cache hit rate: 0.00%, token usage: 0.23, #running-req: 38, #queue-req: 0
[2026-08-22 09:10:49.370 GPU=1 Worker 3 (model_4) TP=0] Received 2 generation requests
[2026-08-22 09:10:49.380 GPU=1 Worker 3 (model_4) TP=0] Prefill batch. #new-seq: 2, #new-token: 2765, #cached-token: 0, cache hit rate: 0.00%, token usage: 0.12, #running-req: 131, #queue-req: 0
[2026-08-22 09:10:49.392 GPU=0 Worker 2 (model_5) TP=0] Received 3 generation requests
[2026-08-22 09:10:49.448 GPU=0 Worker 2 (model_5) TP=0] Prefill batch. #new-seq: 4, #new-token: 385, #cached-token: 0, cache hit rate: 0.00%, token usage: 0.74, #running-req: 509, #queue-req: 19
[2026-08-22 09:10:49.502 GPU=1 Worker 3 (model_4) TP=0] Received 2 generation requests
[2026-08-22 09:10:49.552 GPU=0 Worker 2 (model_5) TP=0] Received 1 generation requests
[2026-08-22 09:10:49.600 GPU=0 Worker 0 (model_1) TP=0] Received 1 generation requests
[2026-08-22 09:10:49.603 GPU=1 Worker 3 (model_4) TP=0] Prefill batch. #new-seq: 2, #new-token: 137, #cached-token: 0, cache hit rate: 0.00%, token usage: 0.12, #running-req: 133, #queue-req: 0
[2026-08-22 09:10:49.612 GPU=0 Worker 0 (model_1) TP=0] Prefill batch. #new-seq: 1, #new-token: 491, #cached-token: 0, cache hit rate: 0.00%, token usage: 0.23, #running-req: 40, #queue-req: 0
[2026-08-22 09:10:49.615 GPU=1 Worker 1 (model_3) TP=0] Received 1 generation requests
[2026-08-22 09:10:49.622 GPU=1 Worker 1 (model_3) TP=0] Prefill batch. #new-seq: 1, #new-token: 464, #cached-token: 0, cache hit rate: 0.00%, token usage: 0.04, #running-req: 1, #queue-req: 0
[2026-08-22 09:10:49.861 GPU=1 Worker 3 (model_4) TP=0] Received 4 generation requests
[2026-08-22 09:10:49.861 GPU=1 Worker 0 (model_2) TP=0] Decode batch. #running-req: 2, #token: 37200, token usage: 0.04, gen throughput (token/s): 38.26, #queue-req: 0
[2026-08-22 09:10:49.862 GPU=0 Worker 2 (model_5) TP=0] Received 3 generation requests
[2026-08-22 09:10:50.140 GPU=1 Worker 1 (model_3) TP=0] Decode batch. #running-req: 2, #token: 10838, token usage: 0.05, gen throughput (token/s): 17.61, #queue-req: 0
[2026-08-22 09:10:50.140 GPU=0 Worker 0 (model_1) TP=0] Decode batch. #running-req: 41, #token: 185874.0, token usage: 0.23, gen throughput (token/s): 536.35, #queue-req: 0
[2026-08-22 09:10:50.140 GPU=1 Worker 3 (model_4) TP=0] Prefill batch. #new-seq: 4, #new-token: 719, #cached-token: 0, cache hit rate: 0.00%, token usage: 0.12, #running-req: 135, #queue-req: 0
[2026-08-22 09:10:50.140 GPU=0 Worker 2 (model_5) TP=0] Prefill batch. #new-seq: 4, #new-token: 1762, #cached-token: 0, cache hit rate: 0.00%, token usage: 0.73, #running-req: 509, #queue-req: 19
[2026-08-22 09:10:50.251 GPU=0 Worker 0 (model_1) TP=0] Received 2 generation requests
[2026-08-22 09:10:50.301 GPU=0 Worker 2 (model_5) TP=0] Received 8 generation requests
[2026-08-22 09:10:50.345 GPU=0 Worker 0 (model_1) TP=0] Prefill batch. #new-seq: 2, #new-token: 717, #cached-token: 0, cache hit rate: 0.00%, token usage: 0.23, #running-req: 41, #queue-req: 0
[2026-08-22 09:10:50.393 GPU=0 Worker 0 (model_1) TP=0] Received 1 generation requests
[2026-08-22 09:10:50.393 GPU=1 Worker 1 (model_3) TP=0] Received 1 generation requests
[2026-08-22 09:10:50.393 GPU=1 Worker 1 (model_3) TP=0] Prefill batch. #new-seq: 1, #new-token: 15, #cached-token: 0, cache hit rate: 0.00%, token usage: 0.05, #running-req: 2, #queue-req: 0
[2026-08-22 09:10:50.396 GPU=0 Worker 0 (model_1) TP=0] Prefill batch. #new-seq: 1, #new-token: 375, #cached-token: 0, cache hit rate: 0.00%, token usage: 0.23, #running-req: 43, #queue-req: 0
[2026-08-22 09:10:50.430 GPU=0 Worker 2 (model_5) TP=0] Prefill batch. #new-seq: 5, #new-token: 2325, #cached-token: 0, cache hit rate: 0.00%, token usage: 0.74, #running-req: 508, #queue-req: 22
[2026-08-22 09:10:50.463 GPU=0 Worker 0 (model_1) TP=0] Received 1 generation requests
[2026-08-22 09:10:50.464 GPU=0 Worker 0 (model_1) TP=0] Prefill batch. #new-seq: 1, #new-token: 14, #cached-token: 0, cache hit rate: 0.00%, token usage: 0.23, #running-req: 43, #queue-req: 0
[2026-08-22 09:10:50.518 GPU=0 Worker 0 (model_1) TP=0] Received 1 generation requests
[2026-08-22 09:10:50.518 GPU=0 Worker 0 (model_1) TP=0] Prefill batch. #new-seq: 1, #new-token: 12, #cached-token: 0, cache hit rate: 0.00%, token usage: 0.23, #running-req: 44, #queue-req: 0
[2026-08-22 09:10:50.533 GPU=1 Worker 3 (model_4) TP=0] Received 1 generation requests
[2026-08-22 09:10:50.534 GPU=1 Worker 3 (model_4) TP=0] Prefill batch. #new-seq: 1, #new-token: 138, #cached-token: 0, cache hit rate: 0.00%, token usage: 0.12, #running-req: 137, #queue-req: 0
[2026-08-22 09:10:50.573 GPU=0 Worker 0 (model_1) TP=0] Received 1 generation requests
[2026-08-22 09:10:50.576 GPU=0 Worker 0 (model_1) TP=0] Prefill batch. #new-seq: 1, #new-token: 1370, #cached-token: 0, cache hit rate: 0.00%, token usage: 0.23, #running-req: 45, #queue-req: 0
[2026-08-22 09:10:50.626 GPU=0 Worker 0 (model_1) TP=0] Received 1 generation requests
[2026-08-22 09:10:50.627 GPU=0 Worker 0 (model_1) TP=0] Prefill batch. #new-seq: 1, #new-token: 385, #cached-token: 0, cache hit rate: 0.00%, token usage: 0.23, #running-req: 46, #queue-req: 0
[2026-08-22 09:10:50.663 GPU=0 Worker 2 (model_5) TP=0] Received 3 generation requests
[2026-08-22 09:10:50.703 GPU=0 Worker 0 (model_1) TP=0] Received 1 generation requests
[2026-08-22 09:10:50.703 GPU=1 Worker 3 (model_4) TP=0] Received 1 generation requests
[2026-08-22 09:10:50.764 GPU=1 Worker 3 (model_4) TP=0] Prefill batch. #new-seq: 1, #new-token: 527, #cached-token: 0, cache hit rate: 0.00%, token usage: 0.12, #running-req: 137, #queue-req: 0
[2026-08-22 09:10:50.764 GPU=0 Worker 0 (model_1) TP=0] Prefill batch. #new-seq: 1, #new-token: 80, #cached-token: 0, cache hit rate: 0.00%, token usage: 0.23, #running-req: 47, #queue-req: 0
[2026-08-22 09:10:50.798 GPU=0 Worker 2 (model_5) TP=0] Prefill batch. #new-seq: 2, #new-token: 630, #cached-token: 0, cache hit rate: 0.00%, token usage: 0.75, #running-req: 511, #queue-req: 23
[2026-08-22 09:10:50.866 GPU=1 Worker 1 (model_3) TP=0] Received 1 generation requests
[2026-08-22 09:10:50.867 GPU=0 Worker 2 (model_5) TP=0] Received 3 generation requests
[2026-08-22 09:10:51.011 GPU=1 Worker 1 (model_3) TP=0] Prefill batch. #new-seq: 1, #new-token: 14, #cached-token: 0, cache hit rate: 0.00%, token usage: 0.04, #running-req: 2, #queue-req: 0
[2026-08-22 09:10:51.064 GPU=0 Worker 2 (model_5) TP=0] Received 1 generation requests
[2026-08-22 09:10:51.064 GPU=0 Worker 0 (model_1) TP=0] Received 2 generation requests
[2026-08-22 09:10:51.113 GPU=1 Worker 3 (model_4) TP=0] Received 1 generation requests
[2026-08-22 09:10:51.160 GPU=0 Worker 2 (model_5) TP=0] Prefill batch. #new-seq: 2, #new-token: 372, #cached-token: 0, cache hit rate: 0.00%, token usage: 0.76, #running-req: 511, #queue-req: 25
[2026-08-22 09:10:51.208 GPU=0 Worker 0 (model_1) TP=0] Prefill batch. #new-seq: 2, #new-token: 30, #cached-token: 0, cache hit rate: 0.00%, token usage: 0.23, #running-req: 47, #queue-req: 0
[2026-08-22 09:10:51.209 GPU=1 Worker 3 (model_4) TP=0] Prefill batch. #new-seq: 1, #new-token: 11, #cached-token: 0, cache hit rate: 0.00%, token usage: 0.12, #running-req: 137, #queue-req: 0
[2026-08-22 09:10:51.477 GPU=0 Worker 2 (model_5) TP=0] Received 2 generation requests
[2026-08-22 09:10:51.478 GPU=0 Worker 0 (model_1) TP=0] Received 1 generation requests
[2026-08-22 09:10:51.478 GPU=1 Worker 3 (model_4) TP=0] Received 1 generation requests
[2026-08-22 09:10:51.750 GPU=0 Worker 0 (model_1) TP=0] Prefill batch. #new-seq: 1, #new-token: 15, #cached-token: 0, cache hit rate: 0.00%, token usage: 0.23, #running-req: 49, #queue-req: 0
[2026-08-22 09:10:51.750 GPU=1 Worker 3 (model_4) TP=0] Prefill batch. #new-seq: 1, #new-token: 43, #cached-token: 0, cache hit rate: 0.00%, token usage: 0.12, #running-req: 138, #queue-req: 0
[2026-08-22 09:10:51.799 GPU=1 Worker 3 (model_4) TP=0] Received 1 generation requests
[2026-08-22 09:10:51.799 GPU=0 Worker 0 (model_1) TP=0] Received 2 generation requests
[2026-08-22 09:10:51.801 GPU=0 Worker 0 (model_1) TP=0] Prefill batch. #new-seq: 2, #new-token: 340, #cached-token: 0, cache hit rate: 0.00%, token usage: 0.23, #running-req: 50, #queue-req: 0
[2026-08-22 09:10:51.801 GPU=1 Worker 3 (model_4) TP=0] Prefill batch. #new-seq: 1, #new-token: 127, #cached-token: 0, cache hit rate: 0.00%, token usage: 0.12, #running-req: 139, #queue-req: 0
[2026-08-22 09:10:51.821 GPU=0 Worker 2 (model_5) TP=0] Prefill batch. #new-seq: 1, #new-token: 621, #cached-token: 0, cache hit rate: 0.00%, token usage: 0.75, #running-req: 512, #queue-req: 26
[2026-08-22 09:10:51.898 GPU=0 Worker 2 (model_5) TP=0] Received 1 generation requests
[2026-08-22 09:10:51.989 GPU=0 Worker 2 (model_5) TP=0] Prefill batch. #new-seq: 3, #new-token: 409, #cached-token: 0, cache hit rate: 0.00%, token usage: 0.76, #running-req: 510, #queue-req: 24
[2026-08-22 09:10:51.997 GPU=1 Worker 1 (model_3) TP=0] Received 1 generation requests
[2026-08-22 09:10:52.000 GPU=1 Worker 1 (model_3) TP=0] Prefill batch. #new-seq: 1, #new-token: 743, #cached-token: 0, cache hit rate: 0.00%, token usage: 0.04, #running-req: 3, #queue-req: 0
[2026-08-22 09:10:52.051 GPU=0 Worker 2 (model_5) TP=0] Received 3 generation requests
[2026-08-22 09:10:52.055 GPU=1 Worker 3 (model_4) TP=0] Received 1 generation requests
[2026-08-22 09:10:52.056 GPU=1 Worker 3 (model_4) TP=0] Prefill batch. #new-seq: 1, #new-token: 31, #cached-token: 0, cache hit rate: 0.00%, token usage: 0.12, #running-req: 137, #queue-req: 0
[2026-08-22 09:10:52.091 GPU=1 Worker 0 (model_2) TP=0] Decode batch. #running-req: 2, #token: 37280, token usage: 0.04, gen throughput (token/s): 35.87, #queue-req: 0
[2026-08-22 09:10:52.123 GPU=0 Worker 0 (model_1) TP=0] Received 1 generation requests
[2026-08-22 09:10:52.124 GPU=0 Worker 0 (model_1) TP=0] Prefill batch. #new-seq: 1, #new-token: 22, #cached-token: 0, cache hit rate: 0.00%, token usage: 0.22, #running-req: 45, #queue-req: 0
[2026-08-22 09:10:52.147 GPU=0 Worker 2 (model_5) TP=0] Prefill batch. #new-seq: 2, #new-token: 292, #cached-token: 0, cache hit rate: 0.00%, token usage: 0.76, #running-req: 511, #queue-req: 25
[2026-08-22 09:10:52.166 GPU=1 Worker 3 (model_4) TP=0] Received 1 generation requests
[2026-08-22 09:10:52.167 GPU=1 Worker 3 (model_4) TP=0] Prefill batch. #new-seq: 1, #new-token: 33, #cached-token: 0, cache hit rate: 0.00%, token usage: 0.12, #running-req: 137, #queue-req: 0
[2026-08-22 09:10:52.196 GPU=0 Worker 2 (model_5) TP=0] Received 2 generation requests
[2026-08-22 09:10:52.226 GPU=0 Worker 0 (model_1) TP=0] Decode batch. #running-req: 44, #token: 183810.0, token usage: 0.22, gen throughput (token/s): 894.29, #queue-req: 0
[2026-08-22 09:10:52.294 GPU=0 Worker 2 (model_5) TP=0] Prefill batch. #new-seq: 2, #new-token: 240, #cached-token: 0, cache hit rate: 0.00%, token usage: 0.75, #running-req: 511, #queue-req: 25
[2026-08-22 09:10:52.326 GPU=1 Worker 1 (model_3) TP=0] Decode batch. #running-req: 3, #token: 11219, token usage: 0.05, gen throughput (token/s): 53.51, #queue-req: 0
[2026-08-22 09:10:52.334 GPU=0 Worker 2 (model_5) TP=0] Received 2 generation requests
[2026-08-22 09:10:52.427 GPU=1 Worker 3 (model_4) TP=0] Received 2 generation requests
[2026-08-22 09:10:52.473 GPU=0 Worker 2 (model_5) TP=0] Prefill batch. #new-seq: 8, #new-token: 1311, #cached-token: 0, cache hit rate: 0.00%, token usage: 0.70, #running-req: 505, #queue-req: 19
[2026-08-22 09:10:52.518 GPU=0 Worker 0 (model_1) TP=0] Received 3 generation requests
[2026-08-22 09:10:52.563 GPU=1 Worker 3 (model_4) TP=0] Prefill batch. #new-seq: 2, #new-token: 322, #cached-token: 0, cache hit rate: 0.00%, token usage: 0.12, #running-req: 135, #queue-req: 0
[2026-08-22 09:10:52.564 GPU=0 Worker 0 (model_1) TP=0] Prefill batch. #new-seq: 3, #new-token: 603, #cached-token: 0, cache hit rate: 0.00%, token usage: 0.23, #running-req: 44, #queue-req: 0
[2026-08-22 09:10:52.614 GPU=0 Worker 0 (model_1) TP=0] Received 1 generation requests
[2026-08-22 09:10:52.614 GPU=1 Worker 3 (model_4) TP=0] Received 1 generation requests
[2026-08-22 09:10:52.660 GPU=0 Worker 2 (model_5) TP=0] Received 6 generation requests
[2026-08-22 09:10:52.749 GPU=0 Worker 0 (model_1) TP=0] Prefill batch. #new-seq: 1, #new-token: 548, #cached-token: 0, cache hit rate: 0.00%, token usage: 0.23, #running-req: 47, #queue-req: 0
[2026-08-22 09:10:52.750 GPU=1 Worker 3 (model_4) TP=0] Prefill batch. #new-seq: 1, #new-token: 10, #cached-token: 0, cache hit rate: 0.00%, token usage: 0.12, #running-req: 137, #queue-req: 0
[2026-08-22 09:10:52.831 GPU=1 Worker 3 (model_4) TP=0] Received 2 generation requests
[2026-08-22 09:10:52.831 GPU=0 Worker 2 (model_5) TP=0] Received 2 generation requests
[2026-08-22 09:10:52.831 GPU=0 Worker 0 (model_1) TP=0] Received 1 generation requests
[2026-08-22 09:10:53.103 GPU=1 Worker 3 (model_4) TP=0] Prefill batch. #new-seq: 2, #new-token: 592, #cached-token: 0, cache hit rate: 0.00%, token usage: 0.12, #running-req: 138, #queue-req: 0
[2026-08-22 09:10:53.104 GPU=0 Worker 2 (model_5) TP=0] Prefill batch. #new-seq: 23, #new-token: 5644, #cached-token: 0, cache hit rate: 0.00%, token usage: 0.70, #running-req: 490, #queue-req: 4
[2026-08-22 09:10:53.325 GPU=0 Worker 0 (model_1) TP=0] Prefill batch. #new-seq: 1, #new-token: 257, #cached-token: 0, cache hit rate: 0.00%, token usage: 0.23, #running-req: 48, #queue-req: 0
[2026-08-22 09:10:53.374 GPU=1 Worker 3 (model_4) TP=0] Received 1 generation requests
[2026-08-22 09:10:53.472 GPU=0 Worker 0 (model_1) TP=0] Received 4 generation requests
[2026-08-22 09:10:53.519 GPU=1 Worker 3 (model_4) TP=0] Prefill batch. #new-seq: 1, #new-token: 368, #cached-token: 0, cache hit rate: 0.00%, token usage: 0.12, #running-req: 140, #queue-req: 0
[2026-08-22 09:10:53.573 GPU=0 Worker 0 (model_1) TP=0] Prefill batch. #new-seq: 4, #new-token: 794, #cached-token: 0, cache hit rate: 0.00%, token usage: 0.23, #running-req: 49, #queue-req: 0
[2026-08-22 09:10:53.612 GPU=1 Worker 3 (model_4) TP=0] Received 1 generation requests
[2026-08-22 09:10:53.613 GPU=1 Worker 3 (model_4) TP=0] Prefill batch. #new-seq: 1, #new-token: 66, #cached-token: 0, cache hit rate: 0.00%, token usage: 0.13, #running-req: 141, #queue-req: 0
[2026-08-22 09:10:53.734 GPU=0 Worker 0 (model_1) TP=0] Received 1 generation requests
[2026-08-22 09:10:53.735 GPU=0 Worker 0 (model_1) TP=0] Prefill batch. #new-seq: 1, #new-token: 611, #cached-token: 0, cache hit rate: 0.00%, token usage: 0.23, #running-req: 52, #queue-req: 0
[2026-08-22 09:10:53.753 GPU=0 Worker 2 (model_5) TP=0] Received 5 generation requests
[2026-08-22 09:10:53.783 GPU=1 Worker 3 (model_4) TP=0] Received 2 generation requests
[2026-08-22 09:10:53.785 GPU=1 Worker 3 (model_4) TP=0] Prefill batch. #new-seq: 2, #new-token: 377, #cached-token: 0, cache hit rate: 0.00%, token usage: 0.13, #running-req: 141, #queue-req: 0
[2026-08-22 09:10:53.864 GPU=0 Worker 2 (model_5) TP=0] Prefill batch. #new-seq: 5, #new-token: 1101, #cached-token: 0, cache hit rate: 0.00%, token usage: 0.73, #running-req: 508, #queue-req: 4
[2026-08-22 09:10:53.982 GPU=0 Worker 2 (model_5) TP=0] Received 3 generation requests
[2026-08-22 09:10:54.012 GPU=1 Worker 0 (model_2) TP=0] Decode batch. #running-req: 2, #token: 37360, token usage: 0.04, gen throughput (token/s): 41.66, #queue-req: 0
[2026-08-22 09:10:54.021 GPU=1 Worker 3 (model_4) TP=0] Decode batch. #running-req: 142, #token: 91645, token usage: 0.13, gen throughput (token/s): 1108.07, #queue-req: 0
[2026-08-22 09:10:54.051 GPU=0 Worker 0 (model_1) TP=0] Received 1 generation requests
[2026-08-22 09:10:54.057 GPU=0 Worker 0 (model_1) TP=0] Prefill batch. #new-seq: 1, #new-token: 2791, #cached-token: 0, cache hit rate: 0.00%, token usage: 0.23, #running-req: 49, #queue-req: 0
[2026-08-22 09:10:54.071 GPU=0 Worker 2 (model_5) TP=0] Prefill batch. #new-seq: 3, #new-token: 465, #cached-token: 0, cache hit rate: 0.00%, token usage: 0.73, #running-req: 510, #queue-req: 4
[2026-08-22 09:10:54.120 GPU=0 Worker 0 (model_1) TP=0] Received 1 generation requests
[2026-08-22 09:10:54.121 GPU=0 Worker 0 (model_1) TP=0] Prefill batch. #new-seq: 1, #new-token: 532, #cached-token: 0, cache hit rate: 0.00%, token usage: 0.23, #running-req: 50, #queue-req: 0
[2026-08-22 09:10:54.127 GPU=1 Worker 3 (model_4) TP=0] Received 1 generation requests
[2026-08-22 09:10:54.129 GPU=1 Worker 3 (model_4) TP=0] Prefill batch. #new-seq: 1, #new-token: 335, #cached-token: 0, cache hit rate: 0.00%, token usage: 0.13, #running-req: 142, #queue-req: 0
[2026-08-22 09:10:54.197 GPU=0 Worker 2 (model_5) TP=0] Received 3 generation requests
[2026-08-22 09:10:54.329 GPU=0 Worker 0 (model_1) TP=0] Decode batch. #running-req: 51, #token: 187275.0, token usage: 0.23, gen throughput (token/s): 936.89, #queue-req: 0
[2026-08-22 09:10:54.330 GPU=0 Worker 0 (model_1) TP=0] Received 1 generation requests
[2026-08-22 09:10:54.380 GPU=0 Worker 2 (model_5) TP=0] Received 2 generation requests
[2026-08-22 09:10:54.422 GPU=0 Worker 0 (model_1) TP=0] Prefill batch. #new-seq: 1, #new-token: 2074, #cached-token: 0, cache hit rate: 0.00%, token usage: 0.23, #running-req: 51, #queue-req: 0
[2026-08-22 09:10:54.510 GPU=0 Worker 2 (model_5) TP=0] Prefill batch. #new-seq: 5, #new-token: 1837, #cached-token: 0, cache hit rate: 0.00%, token usage: 0.73, #running-req: 508, #queue-req: 4
[2026-08-22 09:10:54.511 GPU=1 Worker 3 (model_4) TP=0] Received 1 generation requests
[2026-08-22 09:10:54.523 GPU=1 Worker 3 (model_4) TP=0] Prefill batch. #new-seq: 1, #new-token: 10, #cached-token: 0, cache hit rate: 0.00%, token usage: 0.13, #running-req: 142, #queue-req: 0
[2026-08-22 09:10:54.560 GPU=1 Worker 1 (model_3) TP=0] Decode batch. #running-req: 2, #token: 9521, token usage: 0.04, gen throughput (token/s): 42.98, #queue-req: 0
[2026-08-22 09:10:54.562 GPU=1 Worker 3 (model_4) TP=0] Received 1 generation requests
[2026-08-22 09:10:54.564 GPU=1 Worker 3 (model_4) TP=0] Prefill batch. #new-seq: 1, #new-token: 278, #cached-token: 0, cache hit rate: 0.00%, token usage: 0.13, #running-req: 143, #queue-req: 0
[2026-08-22 09:10:54.723 GPU=1 Worker 3 (model_4) TP=0] Received 2 generation requests
[2026-08-22 09:10:54.724 GPU=1 Worker 3 (model_4) TP=0] Prefill batch. #new-seq: 2, #new-token: 81, #cached-token: 0, cache hit rate: 0.00%, token usage: 0.13, #running-req: 141, #queue-req: 0
[2026-08-22 09:10:54.824 GPU=0 Worker 2 (model_5) TP=0] Received 2 generation requests
[2026-08-22 09:10:54.849 GPU=0 Worker 0 (model_1) TP=0] Received 2 generation requests
[2026-08-22 09:10:54.851 GPU=0 Worker 0 (model_1) TP=0] Prefill batch. #new-seq: 2, #new-token: 65, #cached-token: 0, cache hit rate: 0.00%, token usage: 0.22, #running-req: 50, #queue-req: 0
[2026-08-22 09:10:54.911 GPU=0 Worker 2 (model_5) TP=0] Received 3 generation requests
[2026-08-22 09:10:54.921 GPU=0 Worker 2 (model_5) TP=0] Prefill batch. #new-seq: 2, #new-token: 85, #cached-token: 0, cache hit rate: 0.00%, token usage: 0.73, #running-req: 511, #queue-req: 7
[2026-08-22 09:10:54.951 GPU=0 Worker 2 (model_5) TP=0] Received 2 generation requests
[2026-08-22 09:10:55.051 GPU=1 Worker 3 (model_4) TP=0] Received 1 generation requests
[2026-08-22 09:10:55.099 GPU=0 Worker 2 (model_5) TP=0] Prefill batch. #new-seq: 7, #new-token: 2756, #cached-token: 0, cache hit rate: 0.00%, token usage: 0.72, #running-req: 506, #queue-req: 2
[2026-08-22 09:10:55.099 GPU=1 Worker 3 (model_4) TP=0] Prefill batch. #new-seq: 1, #new-token: 438, #cached-token: 0, cache hit rate: 0.00%, token usage: 0.13, #running-req: 142, #queue-req: 0
[2026-08-22 09:10:55.145 GPU=0 Worker 0 (model_1) TP=0] Received 1 generation requests
[2026-08-22 09:10:55.147 GPU=0 Worker 0 (model_1) TP=0] Prefill batch. #new-seq: 1, #new-token: 770, #cached-token: 0, cache hit rate: 0.00%, token usage: 0.22, #running-req: 49, #queue-req: 0
[2026-08-22 09:10:55.188 GPU=0 Worker 0 (model_1) TP=0] Received 1 generation requests
[2026-08-22 09:10:55.188 GPU=0 Worker 0 (model_1) TP=0] Prefill batch. #new-seq: 1, #new-token: 32, #cached-token: 0, cache hit rate: 0.00%, token usage: 0.23, #running-req: 50, #queue-req: 0
[2026-08-22 09:10:55.194 GPU=1 Worker 3 (model_4) TP=0] Received 1 generation requests
[2026-08-22 09:10:55.196 GPU=1 Worker 3 (model_4) TP=0] Prefill batch. #new-seq: 1, #new-token: 253, #cached-token: 0, cache hit rate: 0.00%, token usage: 0.13, #running-req: 143, #queue-req: 0
[2026-08-22 09:10:55.261 GPU=0 Worker 0 (model_1) TP=0] Received 1 generation requests
[2026-08-22 09:10:55.261 GPU=0 Worker 0 (model_1) TP=0] Prefill batch. #new-seq: 1, #new-token: 9, #cached-token: 0, cache hit rate: 0.00%, token usage: 0.22, #running-req: 51, #queue-req: 0
[2026-08-22 09:10:55.309 GPU=1 Worker 3 (model_4) TP=0] Received 1 generation requests
[2026-08-22 09:10:55.310 GPU=1 Worker 3 (model_4) TP=0] Prefill batch. #new-seq: 1, #new-token: 32, #cached-token: 0, cache hit rate: 0.00%, token usage: 0.13, #running-req: 143, #queue-req: 0
[2026-08-22 09:10:55.347 GPU=0 Worker 2 (model_5) TP=0] Received 4 generation requests
[2026-08-22 09:10:55.445 GPU=0 Worker 2 (model_5) TP=0] Prefill batch. #new-seq: 3, #new-token: 2109, #cached-token: 0, cache hit rate: 0.00%, token usage: 0.73, #running-req: 510, #queue-req: 3
[2026-08-22 09:10:55.470 GPU=1 Worker 0 (model_2) TP=0] Decode batch. #running-req: 2, #token: 37440, token usage: 0.04, gen throughput (token/s): 54.87, #queue-req: 0
[2026-08-22 09:10:55.618 GPU=0 Worker 0 (model_1) TP=0] Decode batch. #running-req: 43, #token: 180116.0, token usage: 0.22, gen throughput (token/s): 1513.19, #queue-req: 0
[2026-08-22 09:10:55.682 GPU=0 Worker 2 (model_5) TP=0] Received 2 generation requests
[2026-08-22 09:10:55.825 GPU=0 Worker 0 (model_1) TP=0] Received 1 generation requests
[2026-08-22 09:10:55.827 GPU=0 Worker 0 (model_1) TP=0] Prefill batch. #new-seq: 1, #new-token: 249, #cached-token: 0, cache hit rate: 0.00%, token usage: 0.22, #running-req: 42, #queue-req: 0
[2026-08-22 09:10:55.860 GPU=0 Worker 2 (model_5) TP=0] Received 2 generation requests
[2026-08-22 09:10:55.860 GPU=0 Worker 0 (model_1) TP=0] Received 1 generation requests
[2026-08-22 09:10:55.862 GPU=0 Worker 0 (model_1) TP=0] Prefill batch. #new-seq: 1, #new-token: 365, #cached-token: 0, cache hit rate: 0.00%, token usage: 0.22, #running-req: 43, #queue-req: 0
[2026-08-22 09:10:55.912 GPU=0 Worker 2 (model_5) TP=0] Prefill batch. #new-seq: 5, #new-token: 901, #cached-token: 0, cache hit rate: 0.00%, token usage: 0.73, #running-req: 508, #queue-req: 2
[2026-08-22 09:10:55.912 GPU=1 Worker 3 (model_4) TP=0] Received 2 generation requests
[2026-08-22 09:10:56.002 GPU=0 Worker 2 (model_5) TP=0] Received 1 generation requests
[2026-08-22 09:10:56.046 GPU=1 Worker 3 (model_4) TP=0] Prefill batch. #new-seq: 2, #new-token: 335, #cached-token: 0, cache hit rate: 0.00%, token usage: 0.12, #running-req: 141, #queue-req: 0
[2026-08-22 09:10:56.046 GPU=1 Worker 1 (model_3) TP=0] Decode batch. #running-req: 1, #token: 9469, token usage: 0.04, gen throughput (token/s): 53.17, #queue-req: 0
[2026-08-22 09:10:56.109 GPU=0 Worker 0 (model_1) TP=0] Received 1 generation requests
[2026-08-22 09:10:56.154 GPU=0 Worker 2 (model_5) TP=0] Received 2 generation requests
[2026-08-22 09:10:56.251 GPU=0 Worker 0 (model_1) TP=0] Prefill batch. #new-seq: 1, #new-token: 555, #cached-token: 0, cache hit rate: 0.00%, token usage: 0.22, #running-req: 44, #queue-req: 0
[2026-08-22 09:10:56.263 GPU=0 Worker 2 (model_5) TP=0] Prefill batch. #new-seq: 5, #new-token: 74, #cached-token: 0, cache hit rate: 0.00%, token usage: 0.73, #running-req: 506, #queue-req: 0
[2026-08-22 09:10:56.324 GPU=1 Worker 3 (model_4) TP=0] Received 1 generation requests
[2026-08-22 09:10:56.327 GPU=1 Worker 3 (model_4) TP=0] Prefill batch. #new-seq: 1, #new-token: 339, #cached-token: 0, cache hit rate: 0.00%, token usage: 0.12, #running-req: 137, #queue-req: 0
[2026-08-22 09:10:56.375 GPU=1 Worker 3 (model_4) TP=0] Received 1 generation requests
[2026-08-22 09:10:56.377 GPU=1 Worker 3 (model_4) TP=0] Prefill batch. #new-seq: 1, #new-token: 357, #cached-token: 0, cache hit rate: 0.00%, token usage: 0.12, #running-req: 138, #queue-req: 0
[2026-08-22 09:10:56.425 GPU=1 Worker 1 (model_3) TP=0] Received 1 generation requests
[2026-08-22 09:10:56.425 GPU=1 Worker 1 (model_3) TP=0] Prefill batch. #new-seq: 1, #new-token: 14, #cached-token: 0, cache hit rate: 0.00%, token usage: 0.04, #running-req: 1, #queue-req: 0
[2026-08-22 09:10:56.488 GPU=1 Worker 1 (model_3) TP=0] Received 1 generation requests
[2026-08-22 09:10:56.488 GPU=1 Worker 1 (model_3) TP=0] Prefill batch. #new-seq: 1, #new-token: 16, #cached-token: 0, cache hit rate: 0.00%, token usage: 0.04, #running-req: 2, #queue-req: 0
[2026-08-22 09:10:56.512 GPU=0 Worker 0 (model_1) TP=0] Received 1 generation requests
[2026-08-22 09:10:56.513 GPU=0 Worker 2 (model_5) TP=0] Received 4 generation requests
[2026-08-22 09:10:56.514 GPU=0 Worker 0 (model_1) TP=0] Prefill batch. #new-seq: 1, #new-token: 219, #cached-token: 0, cache hit rate: 0.00%, token usage: 0.22, #running-req: 45, #queue-req: 0
[2026-08-22 09:10:56.526 GPU=0 Worker 2 (model_5) TP=0] Prefill batch. #new-seq: 2, #new-token: 739, #cached-token: 0, cache hit rate: 0.00%, token usage: 0.73, #running-req: 511, #queue-req: 2
[2026-08-22 09:10:56.605 GPU=0 Worker 2 (model_5) TP=0] Received 1 generation requests
[2026-08-22 09:10:56.674 GPU=0 Worker 0 (model_1) TP=0] Received 1 generation requests
[2026-08-22 09:10:56.674 GPU=0 Worker 0 (model_1) TP=0] Prefill batch. #new-seq: 1, #new-token: 53, #cached-token: 0, cache hit rate: 0.00%, token usage: 0.22, #running-req: 44, #queue-req: 0
[2026-08-22 09:10:56.701 GPU=0 Worker 2 (model_5) TP=0] Received 3 generation requests
[2026-08-22 09:10:56.705 GPU=0 Worker 2 (model_5) TP=0] Prefill batch. #new-seq: 3, #new-token: 429, #cached-token: 0, cache hit rate: 0.00%, token usage: 0.74, #running-req: 510, #queue-req: 3
[2026-08-22 09:10:56.727 GPU=0 Worker 0 (model_1) TP=0] Received 1 generation requests
[2026-08-22 09:10:56.728 GPU=0 Worker 0 (model_1) TP=0] Prefill batch. #new-seq: 1, #new-token: 20, #cached-token: 0, cache hit rate: 0.00%, token usage: 0.22, #running-req: 45, #queue-req: 0
[2026-08-22 09:10:56.738 GPU=1 Worker 1 (model_3) TP=0] Received 1 generation requests
[2026-08-22 09:10:56.788 GPU=0 Worker 2 (model_5) TP=0] Received 1 generation requests
[2026-08-22 09:10:56.788 GPU=0 Worker 0 (model_1) TP=0] Received 1 generation requests
[2026-08-22 09:10:56.789 GPU=1 Worker 1 (model_3) TP=0] Prefill batch. #new-seq: 1, #new-token: 19, #cached-token: 0, cache hit rate: 0.00%, token usage: 0.04, #running-req: 3, #queue-req: 0
[2026-08-22 09:10:56.842 GPU=0 Worker 0 (model_1) TP=0] Prefill batch. #new-seq: 1, #new-token: 34, #cached-token: 0, cache hit rate: 0.00%, token usage: 0.22, #running-req: 46, #queue-req: 0
[2026-08-22 09:10:56.874 GPU=1 Worker 3 (model_4) TP=0] Received 1 generation requests
[2026-08-22 09:10:56.876 GPU=1 Worker 3 (model_4) TP=0] Prefill batch. #new-seq: 1, #new-token: 79, #cached-token: 0, cache hit rate: 0.00%, token usage: 0.12, #running-req: 135, #queue-req: 0
[2026-08-22 09:10:56.928 GPU=0 Worker 2 (model_5) TP=0] Received 2 generation requests
[2026-08-22 09:10:56.933 GPU=0 Worker 2 (model_5) TP=0] Prefill batch. #new-seq: 1, #new-token: 64, #cached-token: 0, cache hit rate: 0.00%, token usage: 0.74, #running-req: 512, #queue-req: 5
[2026-08-22 09:10:56.942 GPU=1 Worker 3 (model_4) TP=0] Received 1 generation requests
[2026-08-22 09:10:56.942 GPU=1 Worker 3 (model_4) TP=0] Prefill batch. #new-seq: 1, #new-token: 10, #cached-token: 0, cache hit rate: 0.00%, token usage: 0.12, #running-req: 135, #queue-req: 0
[2026-08-22 09:10:57.064 GPU=0 Worker 0 (model_1) TP=0] Received 1 generation requests
[2026-08-22 09:10:57.100 GPU=0 Worker 2 (model_5) TP=0] Decode batch. #running-req: 507, #token: 151412, token usage: 0.74, gen throughput (token/s): 1202.15, #queue-req: 5
[2026-08-22 09:10:57.101 GPU=0 Worker 2 (model_5) TP=0] Received 3 generation requests
[2026-08-22 09:10:57.101 GPU=0 Worker 0 (model_1) TP=0] Prefill batch. #new-seq: 1, #new-token: 375, #cached-token: 0, cache hit rate: 0.00%, token usage: 0.22, #running-req: 43, #queue-req: 0
[2026-08-22 09:10:57.106 GPU=0 Worker 2 (model_5) TP=0] Prefill batch. #new-seq: 6, #new-token: 1024, #cached-token: 0, cache hit rate: 0.00%, token usage: 0.74, #running-req: 507, #queue-req: 2
[2026-08-22 09:10:57.111 GPU=0 Worker 0 (model_1) TP=0] Received 2 generation requests
[2026-08-22 09:10:57.112 GPU=0 Worker 0 (model_1) TP=0] Prefill batch. #new-seq: 2, #new-token: 275, #cached-token: 0, cache hit rate: 0.00%, token usage: 0.22, #running-req: 44, #queue-req: 0
[2026-08-22 09:10:57.151 GPU=1 Worker 0 (model_2) TP=0] Decode batch. #running-req: 2, #token: 37520, token usage: 0.04, gen throughput (token/s): 47.58, #queue-req: 0
[2026-08-22 09:10:57.210 GPU=0 Worker 2 (model_5) TP=0] Received 1 generation requests
[2026-08-22 09:10:57.276 GPU=1 Worker 3 (model_4) TP=0] Received 1 generation requests
[2026-08-22 09:10:57.278 GPU=1 Worker 3 (model_4) TP=0] Prefill batch. #new-seq: 1, #new-token: 482, #cached-token: 0, cache hit rate: 0.00%, token usage: 0.12, #running-req: 136, #queue-req: 0
[2026-08-22 09:10:57.334 GPU=1 Worker 3 (model_4) TP=0] Received 1 generation requests
[2026-08-22 09:10:57.335 GPU=1 Worker 3 (model_4) TP=0] Prefill batch. #new-seq: 1, #new-token: 23, #cached-token: 0, cache hit rate: 0.00%, token usage: 0.12, #running-req: 137, #queue-req: 0
[2026-08-22 09:10:57.387 GPU=0 Worker 0 (model_1) TP=0] Decode batch. #running-req: 43, #token: 180188.0, token usage: 0.22, gen throughput (token/s): 1006.77, #queue-req: 0
[2026-08-22 09:10:57.404 GPU=0 Worker 2 (model_5) TP=0] Received 1 generation requests
[2026-08-22 09:10:57.405 GPU=0 Worker 2 (model_5) TP=0] Prefill batch. #new-seq: 1, #new-token: 146, #cached-token: 0, cache hit rate: 0.00%, token usage: 0.74, #running-req: 512, #queue-req: 3
[2026-08-22 09:10:57.467 GPU=1 Worker 3 (model_4) TP=0] Decode batch. #running-req: 135, #token: 89411, token usage: 0.12, gen throughput (token/s): 1623.48, #queue-req: 0
[2026-08-22 09:10:57.610 GPU=0 Worker 0 (model_1) TP=0] Received 1 generation requests
[2026-08-22 09:10:57.611 GPU=0 Worker 0 (model_1) TP=0] Prefill batch. #new-seq: 1, #new-token: 135, #cached-token: 0, cache hit rate: 0.00%, token usage: 0.22, #running-req: 43, #queue-req: 0
[2026-08-22 09:10:57.803 GPU=0 Worker 2 (model_5) TP=0] Prefill batch. #new-seq: 3, #new-token: 389, #cached-token: 0, cache hit rate: 0.00%, token usage: 0.74, #running-req: 510, #queue-req: 0
[2026-08-22 09:10:57.804 GPU=1 Worker 3 (model_4) TP=0] Received 1 generation requests
[2026-08-22 09:10:57.817 GPU=1 Worker 3 (model_4) TP=0] Prefill batch. #new-seq: 1, #new-token: 335, #cached-token: 0, cache hit rate: 0.00%, token usage: 0.12, #running-req: 134, #queue-req: 0
[2026-08-22 09:10:58.088 GPU=0 Worker 0 (model_1) TP=0] Received 1 generation requests
[2026-08-22 09:10:58.088 GPU=0 Worker 2 (model_5) TP=0] Received 7 generation requests
[2026-08-22 09:10:58.088 GPU=1 Worker 3 (model_4) TP=0] Received 1 generation requests
[2026-08-22 09:10:58.360 GPU=0 Worker 0 (model_1) TP=0] Prefill batch. #new-seq: 1, #new-token: 664, #cached-token: 0, cache hit rate: 0.00%, token usage: 0.22, #running-req: 43, #queue-req: 0
[2026-08-22 09:10:58.360 GPU=1 Worker 3 (model_4) TP=0] Prefill batch. #new-seq: 1, #new-token: 774, #cached-token: 0, cache hit rate: 0.00%, token usage: 0.12, #running-req: 135, #queue-req: 0
[2026-08-22 09:10:58.409 GPU=1 Worker 3 (model_4) TP=0] Received 2 generation requests
[2026-08-22 09:10:58.409 GPU=0 Worker 0 (model_1) TP=0] Received 2 generation requests
[2026-08-22 09:10:58.412 GPU=0 Worker 0 (model_1) TP=0] Prefill batch. #new-seq: 2, #new-token: 542, #cached-token: 0, cache hit rate: 0.00%, token usage: 0.22, #running-req: 44, #queue-req: 0
[2026-08-22 09:10:58.412 GPU=1 Worker 3 (model_4) TP=0] Prefill batch. #new-seq: 2, #new-token: 1153, #cached-token: 0, cache hit rate: 0.00%, token usage: 0.12, #running-req: 136, #queue-req: 0
[2026-08-22 09:10:58.477 GPU=1 Worker 1 (model_3) TP=0] Decode batch. #running-req: 3, #token: 9601, token usage: 0.04, gen throughput (token/s): 47.30, #queue-req: 0
[2026-08-22 09:10:58.478 GPU=0 Worker 2 (model_5) TP=0] Received 3 generation requests
[2026-08-22 09:10:58.531 GPU=1 Worker 1 (model_3) TP=0] Received 1 generation requests
[2026-08-22 09:10:58.585 GPU=0 Worker 2 (model_5) TP=0] Prefill batch. #new-seq: 5, #new-token: 1373, #cached-token: 0, cache hit rate: 0.00%, token usage: 0.73, #running-req: 508, #queue-req: 5
[2026-08-22 09:10:58.639 GPU=1 Worker 1 (model_3) TP=0] Prefill batch. #new-seq: 1, #new-token: 20, #cached-token: 0, cache hit rate: 0.00%, token usage: 0.04, #running-req: 3, #queue-req: 0
[2026-08-22 09:10:58.655 GPU=0 Worker 0 (model_1) TP=0] Received 1 generation requests
[2026-08-22 09:10:58.657 GPU=0 Worker 0 (model_1) TP=0] Prefill batch. #new-seq: 1, #new-token: 453, #cached-token: 0, cache hit rate: 0.00%, token usage: 0.22, #running-req: 46, #queue-req: 0
[2026-08-22 09:10:58.676 GPU=1 Worker 3 (model_4) TP=0] Received 1 generation requests
[2026-08-22 09:10:58.680 GPU=1 Worker 3 (model_4) TP=0] Prefill batch. #new-seq: 1, #new-token: 1003, #cached-token: 0, cache hit rate: 0.00%, token usage: 0.12, #running-req: 137, #queue-req: 0
[2026-08-22 09:10:58.701 GPU=0 Worker 2 (model_5) TP=0] Received 1 generation requests
[2026-08-22 09:10:58.796 GPU=0 Worker 2 (model_5) TP=0] Received 1 generation requests
[2026-08-22 09:10:58.799 GPU=0 Worker 2 (model_5) TP=0] Prefill batch. #new-seq: 7, #new-token: 1920, #cached-token: 0, cache hit rate: 0.00%, token usage: 0.73, #running-req: 505, #queue-req: 0
[2026-08-22 09:10:58.965 GPU=0 Worker 0 (model_1) TP=0] Received 1 generation requests
[2026-08-22 09:10:59.016 GPU=1 Worker 0 (model_2) TP=0] Decode batch. #running-req: 1, #token: 37167, token usage: 0.04, gen throughput (token/s): 27.34, #queue-req: 0
[2026-08-22 09:10:59.016 GPU=1 Worker 3 (model_4) TP=0] Received 1 generation requests
[2026-08-22 09:10:59.016 GPU=0 Worker 2 (model_5) TP=0] Received 3 generation requests
[2026-08-22 09:10:59.061 GPU=0 Worker 0 (model_1) TP=0] Prefill batch. #new-seq: 1, #new-token: 16, #cached-token: 0, cache hit rate: 0.00%, token usage: 0.22, #running-req: 40, #queue-req: 0
[2026-08-22 09:10:59.151 GPU=0 Worker 2 (model_5) TP=0] Prefill batch. #new-seq: 1, #new-token: 217, #cached-token: 0, cache hit rate: 0.00%, token usage: 0.74, #running-req: 512, #queue-req: 2
[2026-08-22 09:10:59.151 GPU=1 Worker 3 (model_4) TP=0] Prefill batch. #new-seq: 1, #new-token: 55, #cached-token: 0, cache hit rate: 0.00%, token usage: 0.13, #running-req: 134, #queue-req: 0
[2026-08-22 09:10:59.151 GPU=0 Worker 0 (model_1) TP=0] Received 1 generation requests
[2026-08-22 09:10:59.153 GPU=0 Worker 0 (model_1) TP=0] Prefill batch. #new-seq: 1, #new-token: 15, #cached-token: 0, cache hit rate: 0.00%, token usage: 0.22, #running-req: 41, #queue-req: 0
[2026-08-22 09:10:59.200 GPU=0 Worker 2 (model_5) TP=0] Received 1 generation requests
[2026-08-22 09:10:59.200 GPU=1 Worker 3 (model_4) TP=0] Received 1 generation requests
[2026-08-22 09:10:59.333 GPU=1 Worker 3 (model_4) TP=0] Prefill batch. #new-seq: 1, #new-token: 656, #cached-token: 0, cache hit rate: 0.00%, token usage: 0.13, #running-req: 135, #queue-req: 0
[2026-08-22 09:10:59.803 GPU=0 Worker 0 (model_1) TP=0] Received 3 generation requests
[2026-08-22 09:10:59.897 GPU=0 Worker 0 (model_1) TP=0] Prefill batch. #new-seq: 3, #new-token: 641, #cached-token: 0, cache hit rate: 0.00%, token usage: 0.22, #running-req: 42, #queue-req: 0
[2026-08-22 09:10:59.923 GPU=0 Worker 2 (model_5) TP=0] Received 7 generation requests
[2026-08-22 09:10:59.932 GPU=1 Worker 3 (model_4) TP=0] Received 1 generation requests
[2026-08-22 09:10:59.933 GPU=1 Worker 3 (model_4) TP=0] Prefill batch. #new-seq: 1, #new-token: 86, #cached-token: 0, cache hit rate: 0.00%, token usage: 0.13, #running-req: 135, #queue-req: 0
[2026-08-22 09:10:59.933 GPU=0 Worker 2 (model_5) TP=0] Prefill batch. #new-seq: 5, #new-token: 1196, #cached-token: 0, cache hit rate: 0.00%, token usage: 0.73, #running-req: 508, #queue-req: 5
[2026-08-22 09:10:59.960 GPU=1 Worker 3 (model_4) TP=0] Received 1 generation requests
[2026-08-22 09:10:59.961 GPU=1 Worker 3 (model_4) TP=0] Prefill batch. #new-seq: 1, #new-token: 44, #cached-token: 0, cache hit rate: 0.00%, token usage: 0.13, #running-req: 136, #queue-req: 0
[2026-08-22 09:11:00.006 GPU=0 Worker 0 (model_1) TP=0] Received 1 generation requests
[2026-08-22 09:11:00.007 GPU=0 Worker 0 (model_1) TP=0] Prefill batch. #new-seq: 1, #new-token: 492, #cached-token: 0, cache hit rate: 0.00%, token usage: 0.22, #running-req: 43, #queue-req: 0
[2026-08-22 09:11:00.059 GPU=0 Worker 2 (model_5) TP=0] Received 1 generation requests
[2026-08-22 09:11:00.133 GPU=0 Worker 0 (model_1) TP=0] Decode batch. #running-req: 44, #token: 177623.0, token usage: 0.22, gen throughput (token/s): 632.40, #queue-req: 0
[2026-08-22 09:11:00.151 GPU=0 Worker 2 (model_5) TP=0] Prefill batch. #new-seq: 2, #new-token: 1334, #cached-token: 0, cache hit rate: 0.00%, token usage: 0.73, #running-req: 511, #queue-req: 4
[2026-08-22 09:11:00.293 GPU=0 Worker 2 (model_5) TP=0] Received 2 generation requests
[2026-08-22 09:11:00.384 GPU=0 Worker 2 (model_5) TP=0] Received 2 generation requests
[2026-08-22 09:11:00.392 GPU=0 Worker 2 (model_5) TP=0] Prefill batch. #new-seq: 2, #new-token: 791, #cached-token: 0, cache hit rate: 0.00%, token usage: 0.74, #running-req: 511, #queue-req: 6
[2026-08-22 09:11:00.393 GPU=1 Worker 1 (model_3) TP=0] Decode batch. #running-req: 4, #token: 9781, token usage: 0.04, gen throughput (token/s): 83.50, #queue-req: 0
[2026-08-22 09:11:00.445 GPU=0 Worker 0 (model_1) TP=0] Received 1 generation requests
[2026-08-22 09:11:00.445 GPU=0 Worker 0 (model_1) TP=0] Prefill batch. #new-seq: 1, #new-token: 262, #cached-token: 0, cache hit rate: 0.00%, token usage: 0.22, #running-req: 39, #queue-req: 0
[2026-08-22 09:11:00.523 GPU=0 Worker 2 (model_5) TP=0] Received 1 generation requests
[2026-08-22 09:11:00.716 GPU=0 Worker 2 (model_5) TP=0] Received 3 generation requests
[2026-08-22 09:11:00.720 GPU=0 Worker 2 (model_5) TP=0] Prefill batch. #new-seq: 2, #new-token: 252, #cached-token: 0, cache hit rate: 0.00%, token usage: 0.74, #running-req: 511, #queue-req: 8
[2026-08-22 09:11:00.768 GPU=0 Worker 0 (model_1) TP=0] Received 1 generation requests
[2026-08-22 09:11:00.768 GPU=0 Worker 2 (model_5) TP=0] Received 1 generation requests
[2026-08-22 09:11:00.768 GPU=1 Worker 3 (model_4) TP=0] Received 1 generation requests
[2026-08-22 09:11:00.904 GPU=1 Worker 3 (model_4) TP=0] Prefill batch. #new-seq: 1, #new-token: 768, #cached-token: 0, cache hit rate: 0.00%, token usage: 0.12, #running-req: 131, #queue-req: 0
[2026-08-22 09:11:00.904 GPU=0 Worker 0 (model_1) TP=0] Prefill batch. #new-seq: 1, #new-token: 268, #cached-token: 0, cache hit rate: 0.00%, token usage: 0.22, #running-req: 40, #queue-req: 0
[2026-08-22 09:11:00.904 GPU=1 Worker 0 (model_2) TP=0] Decode batch. #running-req: 1, #token: 37207, token usage: 0.04, gen throughput (token/s): 21.18, #queue-req: 0
[2026-08-22 09:11:00.973 GPU=0 Worker 0 (model_1) TP=0] Received 2 generation requests
[2026-08-22 09:11:00.973 GPU=1 Worker 3 (model_4) TP=0] Received 1 generation requests
[2026-08-22 09:11:00.973 GPU=0 Worker 2 (model_5) TP=0] Received 4 generation requests
[2026-08-22 09:11:00.978 GPU=1 Worker 3 (model_4) TP=0] Prefill batch. #new-seq: 1, #new-token: 15, #cached-token: 0, cache hit rate: 0.00%, token usage: 0.13, #running-req: 132, #queue-req: 0
[2026-08-22 09:11:01.027 GPU=0 Worker 0 (model_1) TP=0] Prefill batch. #new-seq: 2, #new-token: 744, #cached-token: 0, cache hit rate: 0.00%, token usage: 0.22, #running-req: 41, #queue-req: 0
[2026-08-22 09:11:01.251 GPU=0 Worker 2 (model_5) TP=0] Prefill batch. #new-seq: 3, #new-token: 849, #cached-token: 0, cache hit rate: 0.00%, token usage: 0.73, #running-req: 510, #queue-req: 10
[2026-08-22 09:11:01.523 GPU=0 Worker 2 (model_5) TP=0] Received 4 generation requests
[2026-08-22 09:11:01.523 GPU=0 Worker 0 (model_1) TP=0] Received 4 generation requests
[2026-08-22 09:11:01.573 GPU=1 Worker 3 (model_4) TP=0] Received 1 generation requests
[2026-08-22 09:11:01.623 GPU=0 Worker 0 (model_1) TP=0] Prefill batch. #new-seq: 4, #new-token: 1077, #cached-token: 0, cache hit rate: 0.00%, token usage: 0.22, #running-req: 43, #queue-req: 0
[2026-08-22 09:11:01.624 GPU=1 Worker 3 (model_4) TP=0] Prefill batch. #new-seq: 1, #new-token: 398, #cached-token: 0, cache hit rate: 0.00%, token usage: 0.13, #running-req: 132, #queue-req: 0
[2026-08-22 09:11:01.671 GPU=1 Worker 3 (model_4) TP=0] Received 1 generation requests
[2026-08-22 09:11:01.672 GPU=0 Worker 0 (model_1) TP=0] Received 2 generation requests
[2026-08-22 09:11:01.672 GPU=1 Worker 3 (model_4) TP=0] Prefill batch. #new-seq: 1, #new-token: 65, #cached-token: 0, cache hit rate: 0.00%, token usage: 0.13, #running-req: 133, #queue-req: 0
[2026-08-22 09:11:01.674 GPU=0 Worker 0 (model_1) TP=0] Prefill batch. #new-seq: 2, #new-token: 494, #cached-token: 0, cache hit rate: 0.00%, token usage: 0.22, #running-req: 47, #queue-req: 0
[2026-08-22 09:11:01.711 GPU=0 Worker 2 (model_5) TP=0] Received 3 generation requests
[2026-08-22 09:11:01.717 GPU=0 Worker 2 (model_5) TP=0] Prefill batch. #new-seq: 6, #new-token: 1050, #cached-token: 0, cache hit rate: 0.00%, token usage: 0.73, #running-req: 507, #queue-req: 11
[2026-08-22 09:11:01.754 GPU=0 Worker 0 (model_1) TP=0] Received 1 generation requests
[2026-08-22 09:11:01.754 GPU=0 Worker 0 (model_1) TP=0] Prefill batch. #new-seq: 1, #new-token: 63, #cached-token: 0, cache hit rate: 0.00%, token usage: 0.22, #running-req: 49, #queue-req: 0
[2026-08-22 09:11:01.828 GPU=0 Worker 2 (model_5) TP=0] Received 3 generation requests
[2026-08-22 09:11:01.880 GPU=1 Worker 0 (model_2) TP=0] Received 1 generation requests
[2026-08-22 09:11:01.890 GPU=1 Worker 0 (model_2) TP=0] Prefill batch. #new-seq: 1, #new-token: 1507, #cached-token: 0, cache hit rate: 0.00%, token usage: 0.04, #running-req: 1, #queue-req: 0
[2026-08-22 09:11:01.928 GPU=0 Worker 2 (model_5) TP=0] Received 1 generation requests
[2026-08-22 09:11:01.930 GPU=0 Worker 2 (model_5) TP=0] Prefill batch. #new-seq: 3, #new-token: 662, #cached-token: 0, cache hit rate: 0.00%, token usage: 0.73, #running-req: 510, #queue-req: 12
[2026-08-22 09:11:01.968 GPU=0 Worker 0 (model_1) TP=0] Decode batch. #running-req: 45, #token: 178533.0, token usage: 0.22, gen throughput (token/s): 973.73, #queue-req: 0
[2026-08-22 09:11:02.009 GPU=1 Worker 3 (model_4) TP=0] Decode batch. #running-req: 131, #token: 91605, token usage: 0.13, gen throughput (token/s): 1178.03, #queue-req: 0
[2026-08-22 09:11:02.009 GPU=0 Worker 2 (model_5) TP=0] Received 2 generation requests
[2026-08-22 09:11:02.102 GPU=0 Worker 2 (model_5) TP=0] Prefill batch. #new-seq: 4, #new-token: 141, #cached-token: 0, cache hit rate: 0.00%, token usage: 0.74, #running-req: 509, #queue-req: 10
[2026-08-22 09:11:02.136 GPU=0 Worker 2 (model_5) TP=0] Received 1 generation requests
[2026-08-22 09:11:02.179 GPU=0 Worker 0 (model_1) TP=0] Received 2 generation requests
[2026-08-22 09:11:02.181 GPU=0 Worker 0 (model_1) TP=0] Prefill batch. #new-seq: 2, #new-token: 341, #cached-token: 0, cache hit rate: 0.00%, token usage: 0.22, #running-req: 44, #queue-req: 0
[2026-08-22 09:11:02.223 GPU=0 Worker 0 (model_1) TP=0] Received 1 generation requests
[2026-08-22 09:11:02.224 GPU=0 Worker 0 (model_1) TP=0] Prefill batch. #new-seq: 1, #new-token: 18, #cached-token: 0, cache hit rate: 0.00%, token usage: 0.22, #running-req: 45, #queue-req: 0
[2026-08-22 09:11:02.225 GPU=0 Worker 2 (model_5) TP=0] Prefill batch. #new-seq: 1, #new-token: 178, #cached-token: 0, cache hit rate: 0.00%, token usage: 0.73, #running-req: 512, #queue-req: 10
[2026-08-22 09:11:02.325 GPU=0 Worker 0 (model_1) TP=0] Received 2 generation requests
[2026-08-22 09:11:02.372 GPU=0 Worker 2 (model_5) TP=0] Received 2 generation requests
[2026-08-22 09:11:02.462 GPU=0 Worker 0 (model_1) TP=0] Prefill batch. #new-seq: 2, #new-token: 574, #cached-token: 0, cache hit rate: 0.00%, token usage: 0.22, #running-req: 44, #queue-req: 0
[2026-08-22 09:11:02.463 GPU=1 Worker 3 (model_4) TP=0] Received 1 generation requests
[2026-08-22 09:11:02.464 GPU=0 Worker 2 (model_5) TP=0] Prefill batch. #new-seq: 5, #new-token: 2317, #cached-token: 0, cache hit rate: 0.00%, token usage: 0.74, #running-req: 508, #queue-req: 7
[2026-08-22 09:11:02.464 GPU=1 Worker 3 (model_4) TP=0] Prefill batch. #new-seq: 1, #new-token: 13, #cached-token: 0, cache hit rate: 0.00%, token usage: 0.12, #running-req: 127, #queue-req: 0
[2026-08-22 09:11:02.479 GPU=1 Worker 1 (model_3) TP=0] Decode batch. #running-req: 4, #token: 9941, token usage: 0.04, gen throughput (token/s): 76.71, #queue-req: 0
[2026-08-22 09:11:02.528 GPU=1 Worker 3 (model_4) TP=0] Received 1 generation requests
[2026-08-22 09:11:02.664 GPU=1 Worker 3 (model_4) TP=0] Prefill batch. #new-seq: 1, #new-token: 319, #cached-token: 0, cache hit rate: 0.00%, token usage: 0.12, #running-req: 128, #queue-req: 0
[2026-08-22 09:11:02.665 GPU=0 Worker 2 (model_5) TP=0] Received 5 generation requests
[2026-08-22 09:11:02.680 GPU=0 Worker 0 (model_1) TP=0] Received 1 generation requests
[2026-08-22 09:11:02.725 GPU=0 Worker 0 (model_1) TP=0] Prefill batch. #new-seq: 1, #new-token: 197, #cached-token: 0, cache hit rate: 0.00%, token usage: 0.22, #running-req: 45, #queue-req: 0
[2026-08-22 09:11:02.726 GPU=1 Worker 3 (model_4) TP=0] Received 1 generation requests
[2026-08-22 09:11:02.764 GPU=1 Worker 3 (model_4) TP=0] Prefill batch. #new-seq: 1, #new-token: 303, #cached-token: 0, cache hit rate: 0.00%, token usage: 0.12, #running-req: 129, #queue-req: 0
[2026-08-22 09:11:02.765 GPU=0 Worker 0 (model_1) TP=0] Received 1 generation requests
[2026-08-22 09:11:03.062 GPU=0 Worker 0 (model_1) TP=0] Prefill batch. #new-seq: 1, #new-token: 384, #cached-token: 0, cache hit rate: 0.00%, token usage: 0.22, #running-req: 46, #queue-req: 0
[2026-08-22 09:11:03.062 GPU=0 Worker 2 (model_5) TP=0] Prefill batch. #new-seq: 2, #new-token: 810, #cached-token: 0, cache hit rate: 0.00%, token usage: 0.75, #running-req: 511, #queue-req: 10
[2026-08-22 09:11:03.284 GPU=1 Worker 3 (model_4) TP=0] Received 3 generation requests
[2026-08-22 09:11:03.380 GPU=1 Worker 3 (model_4) TP=0] Prefill batch. #new-seq: 3, #new-token: 3641, #cached-token: 0, cache hit rate: 0.00%, token usage: 0.12, #running-req: 130, #queue-req: 0
[2026-08-22 09:11:03.380 GPU=0 Worker 0 (model_1) TP=0] Received 2 generation requests
[2026-08-22 09:11:03.438 GPU=0 Worker 2 (model_5) TP=0] Received 8 generation requests
[2026-08-22 09:11:03.438 GPU=0 Worker 0 (model_1) TP=0] Prefill batch. #new-seq: 2, #new-token: 810, #cached-token: 0, cache hit rate: 0.00%, token usage: 0.22, #running-req: 47, #queue-req: 0
[2026-08-22 09:11:03.438 GPU=1 Worker 0 (model_2) TP=0] Received 1 generation requests
[2026-08-22 09:11:03.439 GPU=1 Worker 0 (model_2) TP=0] Prefill batch. #new-seq: 1, #new-token: 28, #cached-token: 0, cache hit rate: 0.00%, token usage: 0.04, #running-req: 2, #queue-req: 0
[2026-08-22 09:11:03.466 GPU=0 Worker 0 (model_1) TP=0] Received 1 generation requests
[2026-08-22 09:11:03.466 GPU=0 Worker 0 (model_1) TP=0] Prefill batch. #new-seq: 1, #new-token: 21, #cached-token: 0, cache hit rate: 0.00%, token usage: 0.22, #running-req: 49, #queue-req: 0
[2026-08-22 09:11:03.556 GPU=0 Worker 2 (model_5) TP=0] Received 4 generation requests
[2026-08-22 09:11:03.566 GPU=1 Worker 3 (model_4) TP=0] Received 2 generation requests
[2026-08-22 09:11:03.569 GPU=1 Worker 3 (model_4) TP=0] Prefill batch. #new-seq: 2, #new-token: 234, #cached-token: 0, cache hit rate: 0.00%, token usage: 0.13, #running-req: 133, #queue-req: 0
[2026-08-22 09:11:03.578 GPU=1 Worker 0 (model_2) TP=0] Decode batch. #running-req: 3, #token: 38813, token usage: 0.04, gen throughput (token/s): 26.56, #queue-req: 0
[2026-08-22 09:11:03.650 GPU=0 Worker 2 (model_5) TP=0] Prefill batch. #new-seq: 3, #new-token: 1034, #cached-token: 0, cache hit rate: 0.00%, token usage: 0.75, #running-req: 510, #queue-req: 19
[2026-08-22 09:11:03.671 GPU=0 Worker 0 (model_1) TP=0] Received 1 generation requests
[2026-08-22 09:11:03.672 GPU=0 Worker 0 (model_1) TP=0] Prefill batch. #new-seq: 1, #new-token: 348, #cached-token: 0, cache hit rate: 0.00%, token usage: 0.22, #running-req: 46, #queue-req: 0
[2026-08-22 09:11:03.748 GPU=0 Worker 2 (model_5) TP=0] Received 2 generation requests
[2026-08-22 09:11:03.922 GPU=0 Worker 2 (model_5) TP=0] Received 1 generation requests
[2026-08-22 09:11:03.976 GPU=0 Worker 0 (model_1) TP=0] Received 2 generation requests
[2026-08-22 09:11:03.977 GPU=0 Worker 2 (model_5) TP=0] Prefill batch. #new-seq: 3, #new-token: 694, #cached-token: 0, cache hit rate: 0.00%, token usage: 0.75, #running-req: 510, #queue-req: 19
[2026-08-22 09:11:03.982 GPU=0 Worker 0 (model_1) TP=0] Prefill batch. #new-seq: 2, #new-token: 1489, #cached-token: 0, cache hit rate: 0.00%, token usage: 0.22, #running-req: 44, #queue-req: 0
[2026-08-22 09:11:04.227 GPU=1 Worker 3 (model_4) TP=0] Received 3 generation requests
[2026-08-22 09:11:04.283 GPU=0 Worker 2 (model_5) TP=0] Received 2 generation requests
[2026-08-22 09:11:04.335 GPU=1 Worker 3 (model_4) TP=0] Prefill batch. #new-seq: 3, #new-token: 696, #cached-token: 0, cache hit rate: 0.00%, token usage: 0.13, #running-req: 131, #queue-req: 0
[2026-08-22 09:11:04.437 GPU=0 Worker 2 (model_5) TP=0] Prefill batch. #new-seq: 4, #new-token: 761, #cached-token: 0, cache hit rate: 0.00%, token usage: 0.75, #running-req: 509, #queue-req: 17
[2026-08-22 09:11:04.437 GPU=1 Worker 3 (model_4) TP=0] Received 1 generation requests
[2026-08-22 09:11:04.439 GPU=1 Worker 3 (model_4) TP=0] Prefill batch. #new-seq: 1, #new-token: 133, #cached-token: 0, cache hit rate: 0.00%, token usage: 0.13, #running-req: 134, #queue-req: 0
[2026-08-22 09:11:04.459 GPU=0 Worker 0 (model_1) TP=0] Decode batch. #running-req: 46, #token: 181244.0, token usage: 0.22, gen throughput (token/s): 737.24, #queue-req: 0
[2026-08-22 09:11:04.726 GPU=1 Worker 3 (model_4) TP=0] Received 1 generation requests
[2026-08-22 09:11:04.727 GPU=1 Worker 3 (model_4) TP=0] Prefill batch. #new-seq: 1, #new-token: 87, #cached-token: 0, cache hit rate: 0.00%, token usage: 0.12, #running-req: 129, #queue-req: 0
[2026-08-22 09:11:04.738 GPU=0 Worker 0 (model_1) TP=0] Received 2 generation requests
[2026-08-22 09:11:04.738 GPU=0 Worker 2 (model_5) TP=0] Received 4 generation requests
[2026-08-22 09:11:04.740 GPU=0 Worker 0 (model_1) TP=0] Prefill batch. #new-seq: 2, #new-token: 326, #cached-token: 0, cache hit rate: 0.00%, token usage: 0.22, #running-req: 46, #queue-req: 0
[2026-08-22 09:11:04.818 GPU=0 Worker 0 (model_1) TP=0] Received 1 generation requests
[2026-08-22 09:11:04.819 GPU=0 Worker 0 (model_1) TP=0] Prefill batch. #new-seq: 1, #new-token: 254, #cached-token: 0, cache hit rate: 0.00%, token usage: 0.22, #running-req: 46, #queue-req: 0
[2026-08-22 09:11:04.966 GPU=1 Worker 3 (model_4) TP=0] Received 2 generation requests
[2026-08-22 09:11:04.967 GPU=0 Worker 0 (model_1) TP=0] Received 2 generation requests
[2026-08-22 09:11:05.023 GPU=1 Worker 3 (model_4) TP=0] Prefill batch. #new-seq: 2, #new-token: 390, #cached-token: 0, cache hit rate: 0.00%, token usage: 0.12, #running-req: 130, #queue-req: 0
[2026-08-22 09:11:05.023 GPU=0 Worker 0 (model_1) TP=0] Prefill batch. #new-seq: 2, #new-token: 1421, #cached-token: 0, cache hit rate: 0.00%, token usage: 0.22, #running-req: 47, #queue-req: 0
[2026-08-22 09:11:05.104 GPU=0 Worker 2 (model_5) TP=0] Received 2 generation requests
[2026-08-22 09:11:05.109 GPU=0 Worker 2 (model_5) TP=0] Prefill batch. #new-seq: 3, #new-token: 974, #cached-token: 0, cache hit rate: 0.00%, token usage: 0.75, #running-req: 510, #queue-req: 20
[2026-08-22 09:11:05.123 GPU=1 Worker 1 (model_3) TP=0] Decode batch. #running-req: 2, #token: 10548, token usage: 0.05, gen throughput (token/s): 43.12, #queue-req: 0
[2026-08-22 09:11:05.178 GPU=1 Worker 3 (model_4) TP=0] Received 1 generation requests
[2026-08-22 09:11:05.180 GPU=1 Worker 3 (model_4) TP=0] Prefill batch. #new-seq: 1, #new-token: 617, #cached-token: 0, cache hit rate: 0.00%, token usage: 0.13, #running-req: 130, #queue-req: 0
[2026-08-22 09:11:05.214 GPU=0 Worker 2 (model_5) TP=0] Received 2 generation requests
[2026-08-22 09:11:05.313 GPU=1 Worker 3 (model_4) TP=0] Received 1 generation requests
[2026-08-22 09:11:05.314 GPU=1 Worker 3 (model_4) TP=0] Prefill batch. #new-seq: 1, #new-token: 13, #cached-token: 0, cache hit rate: 0.00%, token usage: 0.13, #running-req: 131, #queue-req: 0
[2026-08-22 09:11:05.314 GPU=0 Worker 2 (model_5) TP=0] Prefill batch. #new-seq: 2, #new-token: 862, #cached-token: 0, cache hit rate: 0.00%, token usage: 0.74, #running-req: 511, #queue-req: 20
[2026-08-22 09:11:05.316 GPU=1 Worker 0 (model_2) TP=0] Decode batch. #running-req: 2, #token: 38510, token usage: 0.04, gen throughput (token/s): 67.31, #queue-req: 0
[2026-08-22 09:11:05.447 GPU=1 Worker 3 (model_4) TP=0] Received 1 generation requests
[2026-08-22 09:11:05.448 GPU=1 Worker 3 (model_4) TP=0] Prefill batch. #new-seq: 1, #new-token: 202, #cached-token: 0, cache hit rate: 0.00%, token usage: 0.13, #running-req: 131, #queue-req: 0
[2026-08-22 09:11:05.506 GPU=0 Worker 2 (model_5) TP=0] Prefill batch. #new-seq: 6, #new-token: 3471, #cached-token: 0, cache hit rate: 0.00%, token usage: 0.74, #running-req: 507, #queue-req: 14
[2026-08-22 09:11:05.637 GPU=1 Worker 3 (model_4) TP=0] Received 1 generation requests
[2026-08-22 09:11:05.638 GPU=1 Worker 3 (model_4) TP=0] Prefill batch. #new-seq: 1, #new-token: 260, #cached-token: 0, cache hit rate: 0.00%, token usage: 0.13, #running-req: 129, #queue-req: 0
[2026-08-22 09:11:05.639 GPU=0 Worker 0 (model_1) TP=0] Decode batch. #running-req: 37, #token: 175028.0, token usage: 0.21, gen throughput (token/s): 1428.87, #queue-req: 0
[2026-08-22 09:11:05.723 GPU=1 Worker 3 (model_4) TP=0] Received 1 generation requests
[2026-08-22 09:11:05.723 GPU=0 Worker 0 (model_1) TP=0] Received 1 generation requests
[2026-08-22 09:11:05.816 GPU=0 Worker 2 (model_5) TP=0] Received 2 generation requests
[2026-08-22 09:11:05.861 GPU=1 Worker 3 (model_4) TP=0] Prefill batch. #new-seq: 1, #new-token: 450, #cached-token: 0, cache hit rate: 0.00%, token usage: 0.13, #running-req: 130, #queue-req: 0
[2026-08-22 09:11:05.861 GPU=0 Worker 0 (model_1) TP=0] Prefill batch. #new-seq: 1, #new-token: 2231, #cached-token: 0, cache hit rate: 0.00%, token usage: 0.21, #running-req: 35, #queue-req: 0
[2026-08-22 09:11:06.003 GPU=0 Worker 2 (model_5) TP=0] Received 2 generation requests
[2026-08-22 09:11:06.049 GPU=1 Worker 3 (model_4) TP=0] Received 1 generation requests
[2026-08-22 09:11:06.051 GPU=0 Worker 2 (model_5) TP=0] Prefill batch. #new-seq: 3, #new-token: 382, #cached-token: 0, cache hit rate: 0.00%, token usage: 0.76, #running-req: 510, #queue-req: 15
[2026-08-22 09:11:06.061 GPU=1 Worker 3 (model_4) TP=0] Prefill batch. #new-seq: 1, #new-token: 89, #cached-token: 0, cache hit rate: 0.00%, token usage: 0.13, #running-req: 131, #queue-req: 0
[2026-08-22 09:11:06.068 GPU=0 Worker 0 (model_1) TP=0] Received 2 generation requests
[2026-08-22 09:11:06.350 GPU=0 Worker 0 (model_1) TP=0] Prefill batch. #new-seq: 2, #new-token: 1033, #cached-token: 0, cache hit rate: 0.00%, token usage: 0.21, #running-req: 35, #queue-req: 0
[2026-08-22 09:11:06.350 GPU=0 Worker 2 (model_5) TP=0] Received 3 generation requests
[2026-08-22 09:11:06.351 GPU=1 Worker 3 (model_4) TP=0] Received 2 generation requests
[2026-08-22 09:11:06.622 GPU=1 Worker 3 (model_4) TP=0] Prefill batch. #new-seq: 2, #new-token: 615, #cached-token: 0, cache hit rate: 0.00%, token usage: 0.13, #running-req: 132, #queue-req: 0
[2026-08-22 09:11:06.622 GPU=0 Worker 0 (model_1) TP=0] Received 2 generation requests
[2026-08-22 09:11:06.671 GPU=0 Worker 0 (model_1) TP=0] Prefill batch. #new-seq: 2, #new-token: 53, #cached-token: 0, cache hit rate: 0.00%, token usage: 0.21, #running-req: 37, #queue-req: 0
[2026-08-22 09:11:06.738 GPU=1 Worker 3 (model_4) TP=0] Received 1 generation requests
[2026-08-22 09:11:06.738 GPU=0 Worker 2 (model_5) TP=0] Received 1 generation requests
[2026-08-22 09:11:06.836 GPU=0 Worker 2 (model_5) TP=0] Prefill batch. #new-seq: 5, #new-token: 314, #cached-token: 0, cache hit rate: 0.00%, token usage: 0.76, #running-req: 508, #queue-req: 14
[2026-08-22 09:11:06.836 GPU=1 Worker 3 (model_4) TP=0] Prefill batch. #new-seq: 1, #new-token: 359, #cached-token: 0, cache hit rate: 0.00%, token usage: 0.13, #running-req: 134, #queue-req: 0
[2026-08-22 09:11:06.886 GPU=0 Worker 2 (model_5) TP=0] Received 1 generation requests
[2026-08-22 09:11:06.916 GPU=1 Worker 1 (model_3) TP=0] Received 1 generation requests
[2026-08-22 09:11:06.919 GPU=1 Worker 1 (model_3) TP=0] Prefill batch. #new-seq: 1, #new-token: 408, #cached-token: 0, cache hit rate: 0.00%, token usage: 0.05, #running-req: 2, #queue-req: 0
[2026-08-22 09:11:06.964 GPU=1 Worker 3 (model_4) TP=0] Decode batch. #running-req: 133, #token: 93467, token usage: 0.13, gen throughput (token/s): 1059.10, #queue-req: 0
[2026-08-22 09:11:06.978 GPU=0 Worker 2 (model_5) TP=0] Prefill batch. #new-seq: 2, #new-token: 949, #cached-token: 0, cache hit rate: 0.00%, token usage: 0.75, #running-req: 511, #queue-req: 13
[2026-08-22 09:11:07.039 GPU=1 Worker 1 (model_3) TP=0] Received 1 generation requests
[2026-08-22 09:11:07.040 GPU=1 Worker 1 (model_3) TP=0] Prefill batch. #new-seq: 1, #new-token: 211, #cached-token: 0, cache hit rate: 0.00%, token usage: 0.05, #running-req: 3, #queue-req: 0
[2026-08-22 09:11:07.136 GPU=1 Worker 1 (model_3) TP=0] Decode batch. #running-req: 4, #token: 11254, token usage: 0.05, gen throughput (token/s): 43.22, #queue-req: 0
[2026-08-22 09:11:07.136 GPU=1 Worker 1 (model_3) TP=0] Received 1 generation requests
[2026-08-22 09:11:07.136 GPU=1 Worker 1 (model_3) TP=0] Prefill batch. #new-seq: 1, #new-token: 10, #cached-token: 0, cache hit rate: 0.00%, token usage: 0.05, #running-req: 4, #queue-req: 0
[2026-08-22 09:11:07.177 GPU=0 Worker 2 (model_5) TP=0] Prefill batch. #new-seq: 3, #new-token: 1055, #cached-token: 0, cache hit rate: 0.00%, token usage: 0.76, #running-req: 510, #queue-req: 10
[2026-08-22 09:11:07.216 GPU=1 Worker 0 (model_2) TP=0] Decode batch. #running-req: 2, #token: 38590, token usage: 0.04, gen throughput (token/s): 42.11, #queue-req: 0
[2026-08-22 09:11:07.272 GPU=1 Worker 1 (model_3) TP=0] Received 2 generation requests
[2026-08-22 09:11:07.275 GPU=1 Worker 1 (model_3) TP=0] Prefill batch. #new-seq: 2, #new-token: 901, #cached-token: 0, cache hit rate: 0.00%, token usage: 0.04, #running-req: 5, #queue-req: 0
[2026-08-22 09:11:07.331 GPU=1 Worker 1 (model_3) TP=0] Received 1 generation requests
[2026-08-22 09:11:07.469 GPU=1 Worker 1 (model_3) TP=0] Prefill batch. #new-seq: 1, #new-token: 20, #cached-token: 0, cache hit rate: 0.00%, token usage: 0.05, #running-req: 7, #queue-req: 0
[2026-08-22 09:11:07.522 GPU=1 Worker 1 (model_3) TP=0] Received 7 generation requests
[2026-08-22 09:11:07.613 GPU=0 Worker 2 (model_5) TP=0] Prefill batch. #new-seq: 1, #new-token: 294, #cached-token: 0, cache hit rate: 0.00%, token usage: 0.76, #running-req: 512, #queue-req: 9
[2026-08-22 09:11:07.658 GPU=1 Worker 1 (model_3) TP=0] Prefill batch. #new-seq: 7, #new-token: 5612, #cached-token: 0, cache hit rate: 0.00%, token usage: 0.05, #running-req: 8, #queue-req: 0
[2026-08-22 09:11:08.236 GPU=0 Worker 2 (model_5) TP=0] Prefill batch. #new-seq: 3, #new-token: 492, #cached-token: 0, cache hit rate: 0.00%, token usage: 0.76, #running-req: 510, #queue-req: 6
[2026-08-22 09:11:08.296 GPU=0 Worker 0 (model_1) TP=0] Decode batch. #running-req: 35, #token: 175226.0, token usage: 0.21, gen throughput (token/s): 549.60, #queue-req: 0
[2026-08-22 09:11:08.391 GPU=0 Worker 2 (model_5) TP=0] Prefill batch. #new-seq: 3, #new-token: 734, #cached-token: 0, cache hit rate: 0.00%, token usage: 0.75, #running-req: 510, #queue-req: 3
[2026-08-22 09:11:08.566 GPU=0 Worker 2 (model_5) TP=0] Received 1 generation requests
[2026-08-22 09:11:08.568 GPU=0 Worker 2 (model_5) TP=0] Prefill batch. #new-seq: 4, #new-token: 700, #cached-token: 0, cache hit rate: 0.00%, token usage: 0.75, #running-req: 509, #queue-req: 0
[2026-08-22 09:11:08.645 GPU=1 Worker 1 (model_3) TP=0] Received 11 generation requests
[2026-08-22 09:11:08.651 GPU=1 Worker 1 (model_3) TP=0] Prefill batch. #new-seq: 11, #new-token: 2039, #cached-token: 0, cache hit rate: 0.00%, token usage: 0.05, #running-req: 15, #queue-req: 0
[2026-08-22 09:11:08.779 GPU=1 Worker 1 (model_3) TP=0] Received 4 generation requests
[2026-08-22 09:11:08.838 GPU=1 Worker 1 (model_3) TP=0] Prefill batch. #new-seq: 4, #new-token: 1949, #cached-token: 0, cache hit rate: 0.00%, token usage: 0.06, #running-req: 26, #queue-req: 0
[2026-08-22 09:11:08.912 GPU=0 Worker 2 (model_5) TP=0] Received 2 generation requests
[2026-08-22 09:11:09.053 GPU=0 Worker 2 (model_5) TP=0] Prefill batch. #new-seq: 2, #new-token: 99, #cached-token: 0, cache hit rate: 0.00%, token usage: 0.76, #running-req: 510, #queue-req: 0
[2026-08-22 09:11:09.777 GPU=1 Worker 0 (model_2) TP=0] Decode batch. #running-req: 1, #token: 37016, token usage: 0.04, gen throughput (token/s): 28.11, #queue-req: 0
[2026-08-22 09:11:09.904 GPU=0 Worker 2 (model_5) TP=0] Received 2 generation requests
[2026-08-22 09:11:10.021 GPU=0 Worker 2 (model_5) TP=0] Prefill batch. #new-seq: 2, #new-token: 540, #cached-token: 0, cache hit rate: 0.00%, token usage: 0.75, #running-req: 506, #queue-req: 0
[2026-08-22 09:11:10.021 GPU=1 Worker 3 (model_4) TP=0] Decode batch. #running-req: 105, #token: 85550, token usage: 0.12, gen throughput (token/s): 1536.24, #queue-req: 0
[2026-08-22 09:11:10.134 GPU=0 Worker 0 (model_1) TP=0] Decode batch. #running-req: 26, #token: 172995.0, token usage: 0.21, gen throughput (token/s): 690.73, #queue-req: 0
[2026-08-22 09:11:10.135 GPU=0 Worker 2 (model_5) TP=0] Received 2 generation requests
[2026-08-22 09:11:10.139 GPU=0 Worker 2 (model_5) TP=0] Prefill batch. #new-seq: 2, #new-token: 296, #cached-token: 0, cache hit rate: 0.00%, token usage: 0.75, #running-req: 508, #queue-req: 0
[2026-08-22 09:11:10.309 GPU=1 Worker 1 (model_3) TP=0] Received 11 generation requests
[2026-08-22 09:11:10.338 GPU=1 Worker 1 (model_3) TP=0] Prefill batch. #new-seq: 11, #new-token: 1826, #cached-token: 0, cache hit rate: 0.00%, token usage: 0.07, #running-req: 30, #queue-req: 0
[2026-08-22 09:11:10.489 GPU=0 Worker 2 (model_5) TP=0] Decode batch. #running-req: 497, #token: 153746, token usage: 0.75, gen throughput (token/s): 1520.47, #queue-req: 0
[2026-08-22 09:11:10.600 GPU=1 Worker 1 (model_3) TP=0] Received 16 generation requests
[2026-08-22 09:11:10.692 GPU=1 Worker 1 (model_3) TP=0] Prefill batch. #new-seq: 16, #new-token: 2671, #cached-token: 0, cache hit rate: 0.00%, token usage: 0.08, #running-req: 41, #queue-req: 0
[2026-08-22 09:11:11.445 GPU=0 Worker 2 (model_5) TP=0] Received 2 generation requests
[2026-08-22 09:11:11.722 GPU=0 Worker 2 (model_5) TP=0] Prefill batch. #new-seq: 2, #new-token: 45, #cached-token: 0, cache hit rate: 0.00%, token usage: 0.73, #running-req: 480, #queue-req: 0
[2026-08-22 09:11:11.884 GPU=0 Worker 2 (model_5) TP=0] Received 2 generation requests
[2026-08-22 09:11:11.890 GPU=0 Worker 2 (model_5) TP=0] Prefill batch. #new-seq: 2, #new-token: 834, #cached-token: 0, cache hit rate: 0.00%, token usage: 0.73, #running-req: 479, #queue-req: 0
[2026-08-22 09:11:11.972 GPU=1 Worker 1 (model_3) TP=0] Received 11 generation requests
[2026-08-22 09:11:12.017 GPU=1 Worker 1 (model_3) TP=0] Prefill batch. #new-seq: 11, #new-token: 4153, #cached-token: 0, cache hit rate: 0.00%, token usage: 0.09, #running-req: 57, #queue-req: 0
[2026-08-22 09:11:12.111 GPU=0 Worker 2 (model_5) TP=0] Received 1 generation requests
[2026-08-22 09:11:12.114 GPU=0 Worker 2 (model_5) TP=0] Prefill batch. #new-seq: 1, #new-token: 121, #cached-token: 0, cache hit rate: 0.00%, token usage: 0.73, #running-req: 480, #queue-req: 0
[2026-08-22 09:11:12.240 GPU=1 Worker 0 (model_2) TP=0] Decode batch. #running-req: 1, #token: 37056, token usage: 0.04, gen throughput (token/s): 16.24, #queue-req: 0
[2026-08-22 09:11:12.339 GPU=0 Worker 0 (model_1) TP=0] Decode batch. #running-req: 18, #token: 167224.0, token usage: 0.20, gen throughput (token/s): 409.18, #queue-req: 0
[2026-08-22 09:11:12.534] Sending activate request to GPU scheduler 0
[2026-08-22 09:11:12.537 GPU=0 Worker=3 TP0] Scheduler: Received 1 requests from gpu scheduler
[2026-08-22 09:11:12.537 GPU=0 Worker=3 TP0] Processing activate request
[2026-08-22 09:11:12.538 GPU=0 Worker=3 TP0] Scheduler receives the activate request with rid: 28252068948b48ae9b51fb248de583fc
[2026-08-22 09:11:12.626 GPU=0 Worker 2 (model_5) TP=0] Received 1 generation requests
[2026-08-22 09:11:12.675 GPU=0 Worker 2 (model_5) TP=0] Prefill batch. #new-seq: 1, #new-token: 180, #cached-token: 0, cache hit rate: 0.00%, token usage: 0.73, #running-req: 477, #queue-req: 0
[2026-08-22 09:11:12.743 GPU=1 Worker 1 (model_3) TP=0] Received 13 generation requests
[2026-08-22 09:11:12.929 GPU=1 Worker 1 (model_3) TP=0] Prefill batch. #new-seq: 13, #new-token: 4603, #cached-token: 0, cache hit rate: 0.00%, token usage: 0.11, #running-req: 68, #queue-req: 0
[2026-08-22 09:11:13.124 GPU=0 Worker 2 (model_5) TP=0] Received 1 generation requests
[2026-08-22 09:11:13.240 GPU=0 Worker 2 (model_5) TP=0] Prefill batch. #new-seq: 1, #new-token: 21, #cached-token: 0, cache hit rate: 0.00%, token usage: 0.73, #running-req: 476, #queue-req: 0
[2026-08-22 09:11:13.307 GPU=0 Worker 2 (model_5) TP=0] Received 2 generation requests
[2026-08-22 09:11:13.358 GPU=1 Worker 3 (model_4) TP=0] Decode batch. #running-req: 86, #token: 82016, token usage: 0.11, gen throughput (token/s): 1112.52, #queue-req: 0
[2026-08-22 09:11:13.361 GPU=0 Worker 2 (model_5) TP=0] Prefill batch. #new-seq: 2, #new-token: 90, #cached-token: 0, cache hit rate: 0.00%, token usage: 0.73, #running-req: 477, #queue-req: 0
[2026-08-22 09:11:13.820 GPU=0 Worker 2 (model_5) TP=0] Received 2 generation requests
[2026-08-22 09:11:13.919 GPU=0 Worker 2 (model_5) TP=0] Prefill batch. #new-seq: 2, #new-token: 389, #cached-token: 0, cache hit rate: 0.00%, token usage: 0.73, #running-req: 479, #queue-req: 0
[2026-08-22 09:11:13.973 GPU=0 Worker 2 (model_5) TP=0] Received 1 generation requests
[2026-08-22 09:11:13.978 GPU=0 Worker 2 (model_5) TP=0] Prefill batch. #new-seq: 1, #new-token: 147, #cached-token: 0, cache hit rate: 0.00%, token usage: 0.73, #running-req: 481, #queue-req: 0
[2026-08-22 09:11:14.557 GPU=1 Worker 1 (model_3) TP=0] Received 11 generation requests
[2026-08-22 09:11:14.625 GPU=1 Worker 1 (model_3) TP=0] Prefill batch. #new-seq: 11, #new-token: 4373, #cached-token: 0, cache hit rate: 0.00%, token usage: 0.13, #running-req: 81, #queue-req: 0
[2026-08-22 09:11:14.915 GPU=0 Worker 2 (model_5) TP=0] Received 1 generation requests
[2026-08-22 09:11:14.993 GPU=0 Worker 2 (model_5) TP=0] Prefill batch. #new-seq: 1, #new-token: 131, #cached-token: 0, cache hit rate: 0.00%, token usage: 0.73, #running-req: 460, #queue-req: 0
[2026-08-22 09:11:15.037 GPU=0 Worker 0 (model_1) TP=0] Decode batch. #running-req: 13, #token: 632868.0, token usage: 0.77, gen throughput (token/s): 230.51, #queue-req: 0
[2026-08-22 09:11:15.107 GPU=1 Worker 0 (model_2) TP=0] Decode batch. #running-req: 1, #token: 37096, token usage: 0.04, gen throughput (token/s): 13.95, #queue-req: 0
[2026-08-22 09:11:15.179 GPU=0 Worker 2 (model_5) TP=0] Received 2 generation requests
[2026-08-22 09:11:15.206 GPU=0 Worker 2 (model_5) TP=0] Prefill batch. #new-seq: 2, #new-token: 604, #cached-token: 0, cache hit rate: 0.00%, token usage: 0.73, #running-req: 460, #queue-req: 0
[2026-08-22 09:11:15.956 GPU=0 Worker 2 (model_5) TP=0] Received 1 generation requests
[2026-08-22 09:11:16.061 GPU=0 Worker=3 TP0] Load model from model service end. Time cost: 3.4358s, loading time: 0.6222s, service_id: 2
[2026-08-22 09:11:16.062 GPU=0 Worker 2 (model_5) TP=0] Prefill batch. #new-seq: 1, #new-token: 256, #cached-token: 0, cache hit rate: 0.00%, token usage: 0.74, #running-req: 459, #queue-req: 0
[2026-08-22 09:11:16.062 GPU=0 Worker=3 TP0] Load GPU model end. Time cost: 3.5233s. Current available memory: 9.21 GB, model GPU memory usage: 14.24 GB
[2026-08-22 09:11:16.069 GPU=0 Worker=3 TP0] Elastic memory: kv_cache_manager_v0 initialized
[2026-08-22 09:11:16.196 GPU=0 Worker 2 (model_5) TP=0] Received 2 generation requests
[2026-08-22 09:11:16.356 GPU=0 Worker 2 (model_5) TP=0] Prefill batch. #new-seq: 2, #new-token: 512, #cached-token: 0, cache hit rate: 0.00%, token usage: 0.74, #running-req: 460, #queue-req: 0
[2026-08-22 09:11:16.416 GPU=0 Worker 2 (model_5) TP=0] Received 1 generation requests
[2026-08-22 09:11:16.518 GPU=0 Worker 2 (model_5) TP=0] Prefill batch. #new-seq: 1, #new-token: 402, #cached-token: 0, cache hit rate: 0.00%, token usage: 0.74, #running-req: 462, #queue-req: 0
[2026-08-22 09:11:16.619 GPU=0 Worker 2 (model_5) TP=0] Received 1 generation requests
[2026-08-22 09:11:16.776 GPU=0 Worker 2 (model_5) TP=0] Prefill batch. #new-seq: 1, #new-token: 28, #cached-token: 0, cache hit rate: 0.00%, token usage: 0.74, #running-req: 463, #queue-req: 0
[2026-08-22 09:11:16.874 GPU=0 Worker 2 (model_5) TP=0] Received 1 generation requests
[2026-08-22 09:11:17.031 GPU=0 Worker 2 (model_5) TP=0] Prefill batch. #new-seq: 1, #new-token: 12, #cached-token: 0, cache hit rate: 0.00%, token usage: 0.74, #running-req: 464, #queue-req: 0
[2026-08-22 09:11:17.091 GPU=1 Worker 3 (model_4) TP=0] Decode batch. #running-req: 64, #token: 75611, token usage: 0.10, gen throughput (token/s): 806.59, #queue-req: 0
[2026-08-22 09:11:17.753 GPU=0 Worker 2 (model_5) TP=0] Received 2 generation requests
[2026-08-22 09:11:17.812 GPU=0 Worker 2 (model_5) TP=0] Prefill batch. #new-seq: 2, #new-token: 1467, #cached-token: 0, cache hit rate: 0.00%, token usage: 0.75, #running-req: 464, #queue-req: 0
[2026-08-22 09:11:18.184 GPU=0 Worker=3 TP0] Init attention backend end. Time cost: 2.1147s
[2026-08-22 09:11:18.185 GPU=0 Worker=3 TP0] Activate model model_6 (Qwen/Qwen2.5-7B-Instruct) time cost: 5.6469s.
[2026-08-22 09:11:18.185 GPU=0 Worker 3 (model_6) TP=0] Model runner activated
[2026-08-22 09:11:18.185 GPU=0 Worker 3 (model_6) TP=0] max_total_num_tokens=466944, max_prefill_tokens=16384, max_running_requests=513, 
[2026-08-22 09:11:18.185 GPU=0 Worker 3 (model_6) TP=0] Memory pool updated
[2026-08-22 09:11:18.189 GPU=0 Worker 3 (model_6) TP=0] Waiting requests restored
[2026-08-22 09:11:18.189 GPU=0 Worker 3 (model_6) TP=0] Scheduler activated. Activation takes 5.65 s
[2026-08-22 09:11:18.190] Detokenizer: Received activate request for model_6
[2026-08-22 09:11:18.191] [V5-HOP] {"action": "ActivateReqInput", "model": "model_6", "gpu_id": 0, "register_s": 0.00010180473327636719, "wait_for_engine_s": 5.656340837478638, "total_s": 5.656442642211914}
[2026-08-22 09:11:18.193 GPU=0 Worker 3 (model_6) TP=0] Received 9 generation requests
[2026-08-22 09:11:18.195] Sending activate request to GPU scheduler 1
[2026-08-22 09:11:18.197 GPU=1 Worker 2 (model_6) TP=0] Scheduler: Received 1 requests from gpu scheduler
[2026-08-22 09:11:18.197 GPU=1 Worker 2 (model_6) TP=0] Processing activate request
[2026-08-22 09:11:18.197 GPU=1 Worker 2 (model_6) TP=0] Scheduler receives the activate request with rid: c207dc85a37e4882975f4406f75d6ec5
[2026-08-22 09:11:18.200 GPU=1 Worker 2 (model_6) TP=0] [PAPER-KV-V6] stale-clear acknowledged model=meta-llama/Llama-3.2-1B dropped=0
[2026-08-22 09:11:18.205 GPU=0 Worker 3 (model_6) TP=0] Prefill batch. #new-seq: 9, #new-token: 1358, #cached-token: 0, cache hit rate: 0.00%, token usage: 0.83, #running-req: 0, #queue-req: 0
[2026-08-22 09:11:18.322 GPU=0 Worker 0 (model_1) TP=0] Decode batch. #running-req: 11, #token: 664466.0, token usage: 0.81, gen throughput (token/s): 146.11, #queue-req: 0
[2026-08-22 09:11:18.385 GPU=1 Worker 1 (model_3) TP=0] Received 25 generation requests
[2026-08-22 09:11:18.416 GPU=1 Worker 1 (model_3) TP=0] Prefill batch. #new-seq: 22, #new-token: 8192, #cached-token: 0, cache hit rate: 0.00%, token usage: 0.15, #running-req: 92, #queue-req: 3
[2026-08-22 09:11:18.652 GPU=0 Worker 2 (model_5) TP=0] Received 1 generation requests
[2026-08-22 09:11:18.713 GPU=0 Worker 2 (model_5) TP=0] Prefill batch. #new-seq: 1, #new-token: 306, #cached-token: 0, cache hit rate: 0.00%, token usage: 0.78, #running-req: 459, #queue-req: 0
[2026-08-22 09:11:19.009 GPU=1 Worker 2 (model_6) TP=0] Load model from model service end. Time cost: 0.7763s, loading time: 0.4533s, service_id: 4
[2026-08-22 09:11:19.234 GPU=1 Worker 2 (model_6) TP=0] Load GPU model end. Time cost: 0.8091s. Current available memory: 25.81 GB, model GPU memory usage: 2.30 GB
[2026-08-22 09:11:19.243 GPU=1 Worker 2 (model_6) TP=0] Elastic memory: kv_cache_manager_v0 initialized
[2026-08-22 09:11:19.310 GPU=0 Worker 2 (model_5) TP=0] Received 2 generation requests
[2026-08-22 09:11:19.319 GPU=0 Worker 2 (model_5) TP=0] Prefill batch. #new-seq: 2, #new-token: 1421, #cached-token: 0, cache hit rate: 0.00%, token usage: 0.78, #running-req: 460, #queue-req: 0
[2026-08-22 09:11:19.404 GPU=1 Worker 2 (model_6) TP=0] Init attention backend end. Time cost: 0.1607s
[2026-08-22 09:11:19.404 GPU=1 Worker 2 (model_6) TP=0] Activate model model_1 (meta-llama/Llama-3.2-1B) time cost: 1.2035s.
[2026-08-22 09:11:19.404 GPU=1 Worker 2 (model_1) TP=0] Model runner activated
[2026-08-22 09:11:19.404 GPU=1 Worker 2 (model_1) TP=0] max_total_num_tokens=819200, max_prefill_tokens=16384, max_running_requests=513, 
[2026-08-22 09:11:19.404 GPU=1 Worker 2 (model_1) TP=0] Memory pool updated
[2026-08-22 09:11:19.405 GPU=1 Worker 2 (model_1) TP=0] [PAPER-OVERLAP-V6] {"event": "target_ready", "model": "model_1", "gpu": 1, "rid": "c207dc85a37e4882975f4406f75d6ec5", "start": 1787389878.2007754, "ready": 1787389879.4049404, "prepare_duration_s": 1.2041650619357824}
[2026-08-22 09:11:19.406] Detokenizer: Received activate request for model_1
[2026-08-22 09:11:19.406] [V5-HOP] {"action": "ActivateReqInput", "model": "model_1", "gpu_id": 1, "register_s": 0.00010728836059570312, "wait_for_engine_s": 1.2112274169921875, "total_s": 1.2113347053527832}
[2026-08-22 09:11:19.410] Sending deactivate request to GPU scheduler 0
[2026-08-22 09:11:19.427 GPU=0 Worker 0 (model_1) TP=0] Scheduler: Received 1 requests from gpu scheduler
[2026-08-22 09:11:19.427 GPU=0 Worker 0 (model_1) TP=0] Processing deactivate request
[2026-08-22 09:11:19.427 GPU=0 Worker 0 (model_1) TP=0] [PAPER-OVERLAP-V6] {"event": "source_quiesce", "model": "model_1", "gpu": 0, "rid": "3b8977087f56448e9f382c07c9a63190", "time": 1787389879.427191, "was_serving": true}
[2026-08-22 09:11:19.427 GPU=0 Worker 0 (model_1) TP=0] Scheduler receives the deactivate requests with rid: 3b8977087f56448e9f382c07c9a63190
[2026-08-22 09:11:19.427 GPU=0 Worker 0 (model_1) TP=0] In handle deactivate request, waiting queue size: 0. Running batch size: 10, last batch size: 10
[2026-08-22 09:11:19.427 GPU=0 Worker 0 (model_1) TP=0] Retract running batch, running batch size: 10, last batch size: 10
[2026-08-22 09:11:19.466 GPU=1 Worker 3 (model_4) TP=0] Decode batch. #running-req: 34, #token: 98877.0, token usage: 0.14, gen throughput (token/s): 854.62, #queue-req: 0
[2026-08-22 09:11:19.528 GPU=0 Worker 0 (model_1) TP=0] [PAPER-MIGRATION-TIMELINE] {"event": "request_drain", "model": "model_1", "gpu_id": 0, "start": 1787389879.4273386, "end": 1787389879.5281048, "preempt": true}
[2026-08-22 09:11:19.528 GPU=0 Worker 0 (model_1) TP=0] Process ongoing requests with preempt (True) takes 0.1008 s
[2026-08-22 09:11:19.576 GPU=0 Worker 3 (model_6) TP=0] Received 16 generation requests
[2026-08-22 09:11:19.592 GPU=0 Worker 3 (model_6) TP=0] Prefill batch. #new-seq: 16, #new-token: 4397, #cached-token: 0, cache hit rate: 0.00%, token usage: 0.83, #running-req: 9, #queue-req: 0
[2026-08-22 09:11:19.618 GPU=0 Worker 0 (model_1) TP=0] [PAPER-KV-V6] {"event": "stash", "model": "meta-llama/Llama-3.2-1B", "source_gpu": 0, "logical_model": "model_1", "start": 1787389879.5282354, "end": 1787389879.6185849, "requests": 10, "tokens": 5007, "kv_bytes": 164069376, "capture_failures": 0}
[2026-08-22 09:11:19.621 GPU=0 Worker 2 (model_5) TP=0] Received 2 generation requests
[2026-08-22 09:11:19.623 GPU=0 Worker 2 (model_5) TP=0] Prefill batch. #new-seq: 2, #new-token: 99, #cached-token: 0, cache hit rate: 0.00%, token usage: 0.80, #running-req: 461, #queue-req: 0
[2026-08-22 09:11:19.749 GPU=0 Worker 2 (model_5) TP=0] Received 1 generation requests
[2026-08-22 09:11:19.751 GPU=0 Worker 2 (model_5) TP=0] Prefill batch. #new-seq: 1, #new-token: 81, #cached-token: 0, cache hit rate: 0.00%, token usage: 0.79, #running-req: 461, #queue-req: 0
[2026-08-22 09:11:19.804 GPU=0 Worker 2 (model_5) TP=0] Received 1 generation requests
[2026-08-22 09:11:19.808 GPU=0 Worker 2 (model_5) TP=0] Prefill batch. #new-seq: 1, #new-token: 372, #cached-token: 0, cache hit rate: 0.00%, token usage: 0.79, #running-req: 462, #queue-req: 0
[2026-08-22 09:11:19.841 GPU=1 Worker 1 (model_3) TP=0] Received 22 generation requests
[2026-08-22 09:11:19.864 GPU=1 Worker 1 (model_3) TP=0] Prefill batch. #new-seq: 26, #new-token: 7721, #cached-token: 65, cache hit rate: 0.00%, token usage: 0.18, #running-req: 113, #queue-req: 1
[2026-08-22 09:11:20.047 GPU=0 Worker 2 (model_5) TP=0] Received 1 generation requests
[2026-08-22 09:11:20.128 GPU=0 Worker 2 (model_5) TP=0] Prefill batch. #new-seq: 1, #new-token: 657, #cached-token: 0, cache hit rate: 0.00%, token usage: 0.80, #running-req: 462, #queue-req: 0
[2026-08-22 09:11:20.129 GPU=0 Worker 3 (model_6) TP=0] Received 6 generation requests
[2026-08-22 09:11:20.142 GPU=0 Worker 3 (model_6) TP=0] Prefill batch. #new-seq: 6, #new-token: 686, #cached-token: 0, cache hit rate: 0.00%, token usage: 0.84, #running-req: 25, #queue-req: 0
[2026-08-22 09:11:20.720 GPU=0 Worker 2 (model_5) TP=0] Received 1 generation requests
[2026-08-22 09:11:20.723 GPU=0 Worker 2 (model_5) TP=0] Prefill batch. #new-seq: 1, #new-token: 43, #cached-token: 0, cache hit rate: 0.00%, token usage: 0.78, #running-req: 463, #queue-req: 0
[2026-08-22 09:11:20.955 GPU=0 Worker 2 (model_5) TP=0] Decode batch. #running-req: 463, #token: 159830, token usage: 0.78, gen throughput (token/s): 1798.16, #queue-req: 0
[2026-08-22 09:11:20.958 GPU=0 Worker 0 (model_1) TP=0] Deactivate time cost: 1.3389s. Current available memory: 8.77 GB
[2026-08-22 09:11:20.959 GPU=0 Worker 0 (model_1) TP=0] [PAPER-MIGRATION-TIMELINE] {"event": "source_release", "model": "model_1", "gpu_id": 0, "time": 1787389880.959597}
[2026-08-22 09:11:20.960 GPU=0 Worker 0 (model_1) TP=0] Total time taken for deactivation is 1.53 s
[2026-08-22 09:11:20.960] [V5-HOP] {"action": "DeactivateReqInput", "model": "model_1", "gpu_id": 0, "register_s": 0.00010776519775390625, "wait_for_engine_s": 1.5499343872070312, "total_s": 1.5500421524047852}
[2026-08-22 09:11:20.960] [Server] Deactivate time cost: 1.5503s
[2026-08-22 09:11:20.964] Sending activate request to GPU scheduler 1
[2026-08-22 09:11:20.966 GPU=1 Worker 2 (model_1) TP=0] Scheduler: Received 1 requests from gpu scheduler
[2026-08-22 09:11:20.966 GPU=1 Worker 2 (model_1) TP=0] Processing activate request
[2026-08-22 09:11:21.100 GPU=0 Worker 2 (model_5) TP=0] Received 1 generation requests
[2026-08-22 09:11:21.101 GPU=0 Worker 3 (model_6) TP=0] Received 4 generation requests
[2026-08-22 09:11:21.106 GPU=0 Worker 2 (model_5) TP=0] Prefill batch. #new-seq: 1, #new-token: 701, #cached-token: 0, cache hit rate: 0.00%, token usage: 0.78, #running-req: 461, #queue-req: 0
[2026-08-22 09:11:21.174 GPU=0 Worker 3 (model_6) TP=0] Prefill batch. #new-seq: 4, #new-token: 1613, #cached-token: 0, cache hit rate: 0.00%, token usage: 0.81, #running-req: 31, #queue-req: 0
[2026-08-22 09:11:21.386 GPU=0 Worker 3 (model_6) TP=0] Received 1 generation requests
[2026-08-22 09:11:21.388 GPU=0 Worker 3 (model_6) TP=0] Prefill batch. #new-seq: 1, #new-token: 101, #cached-token: 0, cache hit rate: 0.00%, token usage: 0.81, #running-req: 35, #queue-req: 0
[2026-08-22 09:11:21.475 GPU=0 Worker 2 (model_5) TP=0] Received 1 generation requests
[2026-08-22 09:11:21.637 GPU=0 Worker 2 (model_5) TP=0] Prefill batch. #new-seq: 1, #new-token: 679, #cached-token: 0, cache hit rate: 0.00%, token usage: 0.78, #running-req: 461, #queue-req: 0
[2026-08-22 09:11:21.637 GPU=1 Worker 3 (model_4) TP=0] Decode batch. #running-req: 25, #token: 113148.0, token usage: 0.16, gen throughput (token/s): 537.22, #queue-req: 0
[2026-08-22 09:11:21.718 GPU=0 Worker 2 (model_5) TP=0] Received 1 generation requests
[2026-08-22 09:11:21.727 GPU=0 Worker 2 (model_5) TP=0] Prefill batch. #new-seq: 1, #new-token: 739, #cached-token: 0, cache hit rate: 0.00%, token usage: 0.79, #running-req: 462, #queue-req: 0
[2026-08-22 09:11:21.771 GPU=0 Worker 3 (model_6) TP=0] Received 1 generation requests
[2026-08-22 09:11:21.880 GPU=0 Worker 3 (model_6) TP=0] Prefill batch. #new-seq: 1, #new-token: 1851, #cached-token: 0, cache hit rate: 0.00%, token usage: 0.81, #running-req: 36, #queue-req: 0
[2026-08-22 09:11:22.417 GPU=0 Worker 2 (model_5) TP=0] Received 1 generation requests
[2026-08-22 09:11:22.635 GPU=0 Worker 2 (model_5) TP=0] Prefill batch. #new-seq: 1, #new-token: 1038, #cached-token: 0, cache hit rate: 0.00%, token usage: 0.79, #running-req: 457, #queue-req: 0
[2026-08-22 09:11:23.188 GPU=0 Worker 2 (model_5) TP=0] Received 5 generation requests
[2026-08-22 09:11:23.254 GPU=0 Worker 2 (model_5) TP=0] Prefill batch. #new-seq: 5, #new-token: 640, #cached-token: 0, cache hit rate: 0.00%, token usage: 0.79, #running-req: 458, #queue-req: 0
[2026-08-22 09:11:23.450 GPU=0 Worker 3 (model_6) TP=0] Received 1 generation requests
[2026-08-22 09:11:23.601 GPU=0 Worker 3 (model_6) TP=0] Prefill batch. #new-seq: 1, #new-token: 359, #cached-token: 0, cache hit rate: 0.00%, token usage: 0.82, #running-req: 37, #queue-req: 0
[2026-08-22 09:11:23.834 GPU=0 Worker 2 (model_5) TP=0] Received 3 generation requests
[2026-08-22 09:11:23.835 GPU=0 Worker 3 (model_6) TP=0] Received 1 generation requests
[2026-08-22 09:11:23.836 GPU=0 Worker 3 (model_6) TP=0] Prefill batch. #new-seq: 1, #new-token: 14, #cached-token: 0, cache hit rate: 0.00%, token usage: 0.83, #running-req: 38, #queue-req: 0
[2026-08-22 09:11:23.841 GPU=0 Worker 2 (model_5) TP=0] Prefill batch. #new-seq: 3, #new-token: 1429, #cached-token: 0, cache hit rate: 0.00%, token usage: 0.81, #running-req: 456, #queue-req: 0
[2026-08-22 09:11:23.989 GPU=0 Worker 3 (model_6) TP=0] Received 2 generation requests
[2026-08-22 09:11:23.991 GPU=0 Worker 3 (model_6) TP=0] Prefill batch. #new-seq: 2, #new-token: 17, #cached-token: 0, cache hit rate: 0.00%, token usage: 0.83, #running-req: 39, #queue-req: 0
[2026-08-22 09:11:24.062 GPU=1 Worker 1 (model_3) TP=0] Received 25 generation requests
[2026-08-22 09:11:24.093 GPU=0 Worker 2 (model_5) TP=0] Received 1 generation requests
[2026-08-22 09:11:24.128 GPU=1 Worker 1 (model_3) TP=0] Prefill batch. #new-seq: 21, #new-token: 8192, #cached-token: 0, cache hit rate: 0.00%, token usage: 0.22, #running-req: 139, #queue-req: 4
[2026-08-22 09:11:24.142 GPU=0 Worker 2 (model_5) TP=0] Prefill batch. #new-seq: 1, #new-token: 1432, #cached-token: 0, cache hit rate: 0.00%, token usage: 0.82, #running-req: 458, #queue-req: 0
[2026-08-22 09:11:24.438 GPU=0 Worker 2 (model_5) TP=0] Received 1 generation requests
[2026-08-22 09:11:24.695 GPU=0 Worker 2 (model_5) TP=0] Prefill batch. #new-seq: 1, #new-token: 23, #cached-token: 0, cache hit rate: 0.00%, token usage: 0.82, #running-req: 459, #queue-req: 0
[2026-08-22 09:11:24.954 GPU=1 Worker 3 (model_4) TP=0] Decode batch. #running-req: 17, #token: 149120.0, token usage: 0.21, gen throughput (token/s): 260.74, #queue-req: 0
[2026-08-22 09:11:25.183 GPU=1 Worker 2 (model_1) TP=0] [PAPER-KV-V6] {"tag": "model_1|gpu=1", "start_time": 1787389883.831387, "end_time": 1787389885.1834254, "target_gpu": 1, "requests_moved": 10, "requests_skipped_over_cap": 0, "tokens_moved": 5007, "tokens_skipped": 0, "kv_bytes": 164069376, "seconds": 1.352038, "kv_gbps": 0.121, "transfer_path": "gpu-to-gpu-p2p", "max_tokens_cap": 65536}
[2026-08-22 09:11:25.198 GPU=1 Worker 2 (model_1) TP=0] [PAPER-KV-V6] {"event": "resume", "rid": "model_1#359", "tokens": 385, "gpu": 1, "prompt_tokens": 31, "output_tokens": 355, "resume_extend_len": 1}
[2026-08-22 09:11:25.198 GPU=1 Worker 2 (model_1) TP=0] [PAPER-KV-V6] {"event": "resume", "rid": "model_1#360", "tokens": 376, "gpu": 1, "prompt_tokens": 22, "output_tokens": 355, "resume_extend_len": 1}
[2026-08-22 09:11:25.202 GPU=1 Worker 2 (model_1) TP=0] [PAPER-KV-V6] {"event": "resume", "rid": "model_1#364", "tokens": 390, "gpu": 1, "prompt_tokens": 70, "output_tokens": 321, "resume_extend_len": 1}
[2026-08-22 09:11:25.211 GPU=1 Worker 2 (model_1) TP=0] [PAPER-KV-V6] {"event": "resume", "rid": "model_1#367", "tokens": 1098, "gpu": 1, "prompt_tokens": 778, "output_tokens": 321, "resume_extend_len": 1}
[2026-08-22 09:11:25.214 GPU=1 Worker 2 (model_1) TP=0] [PAPER-KV-V6] {"event": "resume", "rid": "model_1#372", "tokens": 379, "gpu": 1, "prompt_tokens": 63, "output_tokens": 317, "resume_extend_len": 1}
[2026-08-22 09:11:25.219 GPU=1 Worker 2 (model_1) TP=0] [PAPER-KV-V6] {"event": "resume", "rid": "model_1#375", "tokens": 306, "gpu": 1, "prompt_tokens": 18, "output_tokens": 289, "resume_extend_len": 1}
[2026-08-22 09:11:25.224 GPU=1 Worker 2 (model_1) TP=0] [PAPER-KV-V6] {"event": "resume", "rid": "model_1#382", "tokens": 303, "gpu": 1, "prompt_tokens": 21, "output_tokens": 283, "resume_extend_len": 1}
[2026-08-22 09:11:25.229 GPU=1 Worker 2 (model_1) TP=0] [PAPER-KV-V6] {"event": "resume", "rid": "model_1#386", "tokens": 300, "gpu": 1, "prompt_tokens": 38, "output_tokens": 263, "resume_extend_len": 1}
[2026-08-22 09:11:25.237 GPU=1 Worker 2 (model_1) TP=0] [PAPER-KV-V6] {"event": "resume", "rid": "model_1#393", "tokens": 1233, "gpu": 1, "prompt_tokens": 1013, "output_tokens": 221, "resume_extend_len": 1}
[2026-08-22 09:11:25.239 GPU=1 Worker 2 (model_1) TP=0] [PAPER-KV-V6] {"event": "resume", "rid": "model_1#395", "tokens": 237, "gpu": 1, "prompt_tokens": 17, "output_tokens": 221, "resume_extend_len": 1}
[2026-08-22 09:11:25.239 GPU=1 Worker 2 (model_1) TP=0] [PAPER-KV-V6] {"tag": "model_1|gpu=1", "start_time": 1787389883.831387, "end_time": 1787389885.1834254, "target_gpu": 1, "requests_moved": 10, "requests_skipped_over_cap": 0, "tokens_moved": 5007, "tokens_skipped": 0, "kv_bytes": 164069376, "seconds": 1.352038, "kv_gbps": 0.121, "transfer_path": "gpu-to-gpu-p2p", "max_tokens_cap": 65536, "event": "inject", "requests_injected": 10, "requests_recomputed": 0, "request_rebuild_failures": 0, "model": "model_1"}
[2026-08-22 09:11:25.239 GPU=1 Worker 2 (model_1) TP=0] [PAPER-MIGRATION-TIMELINE] {"event": "target_inject", "model": "model_1", "gpu_id": 1, "start": 1787389880.9662118, "end": 1787389885.2393634}
[2026-08-22 09:11:25.239 GPU=1 Worker 2 (model_1) TP=0] [PAPER-OVERLAP-V6] {"event": "target_commit", "model": "model_1", "gpu": 1, "rid": "673290d0b1044c28a843c2a8eddb4a2e", "start": 1787389880.9662092, "ready": 1787389885.2394364}
[2026-08-22 09:11:25.240] Detokenizer: Received activate request for model_1
[2026-08-22 09:11:25.240 GPU=1 Worker 2 (model_1) TP=0] Prefill batch. #new-seq: 10, #new-token: 5017, #cached-token: 0, cache hit rate: 0.00%, token usage: 0.27, #running-req: 0, #queue-req: 0
[2026-08-22 09:11:25.240] [V5-HOP] {"action": "ActivateReqInput", "model": "model_1", "gpu_id": 1, "register_s": 5.841255187988281e-05, "wait_for_engine_s": 4.276555776596069, "total_s": 4.276614189147949}
[2026-08-22 09:11:25.261 GPU=1 Worker 2 (model_1) TP=0] [PAPER-MIGRATION-TIMELINE] {"event": "first_request_on_target", "model": "model_1", "gpu_id": 1, "time": 1787389885.2610388, "rids": ["model_1#359", "model_1#360", "model_1#364", "model_1#367", "model_1#372", "model_1#375", "model_1#382", "model_1#386", "model_1#393", "model_1#395"]}
[2026-08-22 09:11:25.304 GPU=0 Worker 3 (model_6) TP=0] Received 1 generation requests
[2026-08-22 09:11:25.305 GPU=0 Worker 3 (model_6) TP=0] Prefill batch. #new-seq: 1, #new-token: 223, #cached-token: 0, cache hit rate: 0.00%, token usage: 0.82, #running-req: 34, #queue-req: 0
[2026-08-22 09:11:25.313 GPU=1 Worker 1 (model_3) TP=0] Received 17 generation requests
[2026-08-22 09:11:25.375 GPU=1 Worker 1 (model_3) TP=0] Prefill batch. #new-seq: 22, #new-token: 6632, #cached-token: 1869, cache hit rate: 0.00%, token usage: 0.29, #running-req: 159, #queue-req: 1
[2026-08-22 09:11:25.441 GPU=1 Worker 2 (model_1) TP=0] [PAPER-MIGRATION-TIMELINE] {"event": "first_decode_on_target", "model": "model_1", "gpu_id": 1, "time": 1787389885.4413404, "rids": ["model_1#359", "model_1#360", "model_1#364", "model_1#367", "model_1#372", "model_1#375", "model_1#382", "model_1#386", "model_1#393", "model_1#395"]}
[2026-08-22 09:11:25.859 GPU=0 Worker 2 (model_5) TP=0] Received 2 generation requests
[2026-08-22 09:11:26.107 GPU=0 Worker 2 (model_5) TP=0] Prefill batch. #new-seq: 2, #new-token: 579, #cached-token: 0, cache hit rate: 0.00%, token usage: 0.79, #running-req: 443, #queue-req: 0
[2026-08-22 09:11:26.108 GPU=0 Worker 3 (model_6) TP=0] Received 1 generation requests
[2026-08-22 09:11:26.132 GPU=0 Worker 3 (model_6) TP=0] Prefill batch. #new-seq: 1, #new-token: 119, #cached-token: 0, cache hit rate: 0.00%, token usage: 0.82, #running-req: 34, #queue-req: 0
[2026-08-22 09:11:26.193 GPU=0 Worker 2 (model_5) TP=0] Received 1 generation requests
[2026-08-22 09:11:26.359 GPU=0 Worker 2 (model_5) TP=0] Prefill batch. #new-seq: 1, #new-token: 24, #cached-token: 0, cache hit rate: 0.00%, token usage: 0.80, #running-req: 445, #queue-req: 0
[2026-08-22 09:11:26.392 GPU=0 Worker 2 (model_5) TP=0] Received 1 generation requests
[2026-08-22 09:11:26.400 GPU=0 Worker 2 (model_5) TP=0] Prefill batch. #new-seq: 1, #new-token: 1455, #cached-token: 0, cache hit rate: 0.00%, token usage: 0.80, #running-req: 446, #queue-req: 0
[2026-08-22 09:11:26.691 GPU=0 Worker 2 (model_5) TP=0] Received 1 generation requests
[2026-08-22 09:11:26.693 GPU=0 Worker 2 (model_5) TP=0] Prefill batch. #new-seq: 1, #new-token: 120, #cached-token: 0, cache hit rate: 0.00%, token usage: 0.81, #running-req: 443, #queue-req: 0
[2026-08-22 09:11:26.766 GPU=0 Worker 2 (model_5) TP=0] Received 1 generation requests
[2026-08-22 09:11:26.833 GPU=1 Worker 1 (model_3) TP=0] Received 25 generation requests
[2026-08-22 09:11:26.861 GPU=0 Worker 2 (model_5) TP=0] Prefill batch. #new-seq: 1, #new-token: 330, #cached-token: 0, cache hit rate: 0.00%, token usage: 0.81, #running-req: 444, #queue-req: 0
[2026-08-22 09:11:26.861 GPU=1 Worker 2 (model_1) TP=0] Decode batch. #running-req: 8, #token: 259349.0, token usage: 0.32, gen throughput (token/s): 4.22, #queue-req: 0
[2026-08-22 09:11:26.865 GPU=1 Worker 1 (model_3) TP=0] Prefill batch. #new-seq: 11, #new-token: 8192, #cached-token: 0, cache hit rate: 0.00%, token usage: 0.32, #running-req: 181, #queue-req: 14
[2026-08-22 09:11:26.898 GPU=0 Worker 3 (model_6) TP=0] Decode batch. #running-req: 31, #token: 383265.0, token usage: 0.82, gen throughput (token/s): 8.32, #queue-req: 0
[2026-08-22 09:11:26.898 GPU=0 Worker 3 (model_6) TP=0] Received 1 generation requests
[2026-08-22 09:11:26.990 GPU=0 Worker 3 (model_6) TP=0] Prefill batch. #new-seq: 1, #new-token: 13, #cached-token: 0, cache hit rate: 0.00%, token usage: 0.82, #running-req: 31, #queue-req: 0
[2026-08-22 09:11:26.990 GPU=1 Worker 3 (model_4) TP=0] Decode batch. #running-req: 11, #token: 184178.0, token usage: 0.25, gen throughput (token/s): 270.63, #queue-req: 0
[2026-08-22 09:11:27.280 GPU=0 Worker 2 (model_5) TP=0] Received 2 generation requests
[2026-08-22 09:11:27.280 GPU=0 Worker 3 (model_6) TP=0] Received 4 generation requests
[2026-08-22 09:11:27.534 GPU=0 Worker 2 (model_5) TP=0] Prefill batch. #new-seq: 2, #new-token: 966, #cached-token: 0, cache hit rate: 0.00%, token usage: 0.81, #running-req: 445, #queue-req: 0
[2026-08-22 09:11:27.534 GPU=0 Worker 3 (model_6) TP=0] Prefill batch. #new-seq: 4, #new-token: 566, #cached-token: 0, cache hit rate: 0.00%, token usage: 0.82, #running-req: 30, #queue-req: 0
[2026-08-22 09:11:27.705 GPU=0 Worker 2 (model_5) TP=0] Received 1 generation requests
[2026-08-22 09:11:27.707 GPU=0 Worker 2 (model_5) TP=0] Prefill batch. #new-seq: 1, #new-token: 150, #cached-token: 0, cache hit rate: 0.00%, token usage: 0.82, #running-req: 447, #queue-req: 0
[2026-08-22 09:11:27.869 GPU=0 Worker 2 (model_5) TP=0] Received 1 generation requests
[2026-08-22 09:11:27.870 GPU=0 Worker 2 (model_5) TP=0] Prefill batch. #new-seq: 1, #new-token: 105, #cached-token: 0, cache hit rate: 0.00%, token usage: 0.82, #running-req: 448, #queue-req: 0
[2026-08-22 09:11:27.958 GPU=0 Worker 3 (model_6) TP=0] Received 1 generation requests
[2026-08-22 09:11:27.960 GPU=0 Worker 3 (model_6) TP=0] Prefill batch. #new-seq: 1, #new-token: 255, #cached-token: 0, cache hit rate: 0.00%, token usage: 0.82, #running-req: 33, #queue-req: 0
[2026-08-22 09:11:28.022 GPU=0 Worker 2 (model_5) TP=0] Received 1 generation requests
[2026-08-22 09:11:28.023 GPU=0 Worker 2 (model_5) TP=0] Prefill batch. #new-seq: 1, #new-token: 17, #cached-token: 0, cache hit rate: 0.00%, token usage: 0.82, #running-req: 449, #queue-req: 0
[2026-08-22 09:11:28.065 GPU=0 Worker 3 (model_6) TP=0] Received 1 generation requests
[2026-08-22 09:11:28.066 GPU=0 Worker 3 (model_6) TP=0] Prefill batch. #new-seq: 1, #new-token: 263, #cached-token: 0, cache hit rate: 0.00%, token usage: 0.82, #running-req: 34, #queue-req: 0
[2026-08-22 09:11:28.196 GPU=1 Worker 1 (model_3) TP=0] Received 10 generation requests
[2026-08-22 09:11:28.261 GPU=1 Worker 1 (model_3) TP=0] Prefill batch. #new-seq: 25, #new-token: 7234, #cached-token: 113, cache hit rate: 0.00%, token usage: 0.35, #running-req: 191, #queue-req: 1
[2026-08-22 09:11:28.327 GPU=0 Worker 2 (model_5) TP=0] Received 1 generation requests
[2026-08-22 09:11:28.391 GPU=0 Worker 2 (model_5) TP=0] Prefill batch. #new-seq: 1, #new-token: 20, #cached-token: 0, cache hit rate: 0.00%, token usage: 0.81, #running-req: 445, #queue-req: 0
[2026-08-22 09:11:28.703 GPU=0 Worker 3 (model_6) TP=0] Received 1 generation requests
[2026-08-22 09:11:28.923 GPU=1 Worker 2 (model_1) TP=0] Decode batch. #running-req: 4, #token: 285888.0, token usage: 0.35, gen throughput (token/s): 122.72, #queue-req: 0
[2026-08-22 09:11:28.957 GPU=0 Worker 3 (model_6) TP=0] Prefill batch. #new-seq: 1, #new-token: 308, #cached-token: 0, cache hit rate: 0.00%, token usage: 0.82, #running-req: 35, #queue-req: 0
[2026-08-22 09:11:28.991 GPU=0 Worker 2 (model_5) TP=0] Received 1 generation requests
[2026-08-22 09:11:28.993 GPU=0 Worker 2 (model_5) TP=0] Prefill batch. #new-seq: 1, #new-token: 25, #cached-token: 0, cache hit rate: 0.00%, token usage: 0.80, #running-req: 439, #queue-req: 0
[2026-08-22 09:11:29.538 GPU=1 Worker 3 (model_4) TP=0] Decode batch. #running-req: 5, #token: 234185.0, token usage: 0.32, gen throughput (token/s): 135.39, #queue-req: 0
[2026-08-22 09:11:29.842 GPU=1 Worker 1 (model_3) TP=0] Received 24 generation requests
[2026-08-22 09:11:29.899 GPU=1 Worker 1 (model_3) TP=0] Prefill batch. #new-seq: 18, #new-token: 8192, #cached-token: 0, cache hit rate: 0.00%, token usage: 0.38, #running-req: 216, #queue-req: 6
[2026-08-22 09:11:30.202 GPU=0 Worker 3 (model_6) TP=0] Received 1 generation requests
[2026-08-22 09:11:30.202 GPU=0 Worker 2 (model_5) TP=0] Received 1 generation requests
[2026-08-22 09:11:30.441 GPU=1 Worker 2 (model_1) TP=0] Decode batch. #running-req: 3, #token: 314307.0, token usage: 0.38, gen throughput (token/s): 95.47, #queue-req: 0
[2026-08-22 09:11:30.480 GPU=0 Worker 3 (model_6) TP=0] Prefill batch. #new-seq: 1, #new-token: 1406, #cached-token: 0, cache hit rate: 0.00%, token usage: 0.82, #running-req: 31, #queue-req: 0
[2026-08-22 09:11:30.480 GPU=0 Worker 2 (model_5) TP=0] Prefill batch. #new-seq: 1, #new-token: 346, #cached-token: 0, cache hit rate: 0.00%, token usage: 0.79, #running-req: 432, #queue-req: 0
[2026-08-22 09:11:30.712 GPU=0 Worker 3 (model_6) TP=0] Received 2 generation requests
[2026-08-22 09:11:30.714 GPU=0 Worker 3 (model_6) TP=0] Prefill batch. #new-seq: 2, #new-token: 585, #cached-token: 0, cache hit rate: 0.00%, token usage: 0.82, #running-req: 32, #queue-req: 0
[2026-08-22 09:11:30.878 GPU=1 Worker 3 (model_4) TP=0] Decode batch. #running-req: 3, #token: 256160.0, token usage: 0.35, gen throughput (token/s): 137.30, #queue-req: 0
[2026-08-22 09:11:30.955 GPU=0 Worker 2 (model_5) TP=0] Received 1 generation requests
[2026-08-22 09:11:30.959 GPU=0 Worker 2 (model_5) TP=0] Prefill batch. #new-seq: 1, #new-token: 490, #cached-token: 0, cache hit rate: 0.00%, token usage: 0.79, #running-req: 432, #queue-req: 0
[2026-08-22 09:11:31.036 GPU=0 Worker 2 (model_5) TP=0] Received 1 generation requests
[2026-08-22 09:11:31.037 GPU=0 Worker 2 (model_5) TP=0] Prefill batch. #new-seq: 1, #new-token: 15, #cached-token: 0, cache hit rate: 0.00%, token usage: 0.79, #running-req: 433, #queue-req: 0
[2026-08-22 09:11:31.182 GPU=1 Worker 1 (model_3) TP=0] Received 18 generation requests
[2026-08-22 09:11:31.237 GPU=0 Worker 3 (model_6) TP=0] Decode batch. #running-req: 33, #token: 385904.0, token usage: 0.83, gen throughput (token/s): 310.61, #queue-req: 0
[2026-08-22 09:11:31.238 GPU=0 Worker 3 (model_6) TP=0] Received 1 generation requests
[2026-08-22 09:11:31.241 GPU=0 Worker 3 (model_6) TP=0] Prefill batch. #new-seq: 1, #new-token: 779, #cached-token: 0, cache hit rate: 0.00%, token usage: 0.83, #running-req: 33, #queue-req: 0
[2026-08-22 09:11:31.241 GPU=1 Worker 1 (model_3) TP=0] Prefill batch. #new-seq: 25, #new-token: 6773, #cached-token: 2052, cache hit rate: 0.00%, token usage: 0.41, #running-req: 233, #queue-req: 1
[2026-08-22 09:11:31.359 GPU=1 Worker 2 (model_1) TP=0] Decode batch. #running-req: 2, #token: 332409.0, token usage: 0.41, gen throughput (token/s): 99.12, #queue-req: 0
[2026-08-22 09:11:31.360 GPU=0 Worker 3 (model_6) TP=0] Received 1 generation requests
[2026-08-22 09:11:31.361 GPU=0 Worker 3 (model_6) TP=0] Prefill batch. #new-seq: 1, #new-token: 22, #cached-token: 0, cache hit rate: 0.00%, token usage: 0.83, #running-req: 34, #queue-req: 0
[2026-08-22 09:11:31.680 GPU=0 Worker 2 (model_5) TP=0] Received 1 generation requests
[2026-08-22 09:11:31.680 GPU=0 Worker 3 (model_6) TP=0] Received 1 generation requests
[2026-08-22 09:11:31.903 GPU=0 Worker 3 (model_6) TP=0] Prefill batch. #new-seq: 1, #new-token: 323, #cached-token: 0, cache hit rate: 0.00%, token usage: 0.83, #running-req: 35, #queue-req: 0
[2026-08-22 09:11:31.936 GPU=0 Worker 2 (model_5) TP=0] Prefill batch. #new-seq: 1, #new-token: 615, #cached-token: 0, cache hit rate: 0.00%, token usage: 0.79, #running-req: 426, #queue-req: 0
[2026-08-22 09:11:32.039 GPU=0 Worker 2 (model_5) TP=0] Received 2 generation requests
[2026-08-22 09:11:32.144 GPU=0 Worker 2 (model_5) TP=0] Prefill batch. #new-seq: 2, #new-token: 183, #cached-token: 0, cache hit rate: 0.00%, token usage: 0.79, #running-req: 427, #queue-req: 0
[2026-08-22 09:11:32.290 GPU=0 Worker 2 (model_5) TP=0] Received 1 generation requests
[2026-08-22 09:11:32.291 GPU=0 Worker 2 (model_5) TP=0] Prefill batch. #new-seq: 1, #new-token: 20, #cached-token: 0, cache hit rate: 0.00%, token usage: 0.80, #running-req: 425, #queue-req: 0
[2026-08-22 09:11:32.429 GPU=0 Worker 2 (model_5) TP=0] Decode batch. #running-req: 426, #token: 163484.0, token usage: 0.80, gen throughput (token/s): 1551.99, #queue-req: 0
[2026-08-22 09:11:32.502 GPU=0 Worker 3 (model_6) TP=0] Received 1 generation requests
[2026-08-22 09:11:32.505 GPU=0 Worker 3 (model_6) TP=0] Prefill batch. #new-seq: 1, #new-token: 581, #cached-token: 0, cache hit rate: 0.00%, token usage: 0.83, #running-req: 33, #queue-req: 0
[2026-08-22 09:11:32.511 GPU=1 Worker 1 (model_3) TP=0] Received 24 generation requests
[2026-08-22 09:11:32.544 GPU=1 Worker 1 (model_3) TP=0] Prefill batch. #new-seq: 24, #new-token: 7553, #cached-token: 0, cache hit rate: 0.00%, token usage: 0.41, #running-req: 258, #queue-req: 0
[2026-08-22 09:11:32.786 GPU=0 Worker 3 (model_6) TP=0] Received 1 generation requests
[2026-08-22 09:11:32.899 GPU=0 Worker 3 (model_6) TP=0] Prefill batch. #new-seq: 1, #new-token: 14, #cached-token: 0, cache hit rate: 0.00%, token usage: 0.83, #running-req: 34, #queue-req: 0
[2026-08-22 09:11:33.229 GPU=0 Worker 2 (model_5) TP=0] Received 1 generation requests
[2026-08-22 09:11:33.489 GPU=0 Worker 2 (model_5) TP=0] Prefill batch. #new-seq: 1, #new-token: 12, #cached-token: 0, cache hit rate: 0.00%, token usage: 0.79, #running-req: 421, #queue-req: 0
[2026-08-22 09:11:33.489 GPU=0 Worker 3 (model_6) TP=0] Received 1 generation requests
[2026-08-22 09:11:33.527 GPU=0 Worker 3 (model_6) TP=0] Prefill batch. #new-seq: 1, #new-token: 39, #cached-token: 0, cache hit rate: 0.00%, token usage: 0.83, #running-req: 35, #queue-req: 0
[2026-08-22 09:11:33.739 GPU=0 Worker 3 (model_6) TP=0] Received 1 generation requests
[2026-08-22 09:11:33.741 GPU=0 Worker 3 (model_6) TP=0] Prefill batch. #new-seq: 1, #new-token: 326, #cached-token: 0, cache hit rate: 0.00%, token usage: 0.83, #running-req: 35, #queue-req: 0
[2026-08-22 09:11:33.809 GPU=1 Worker 1 (model_3) TP=0] Received 18 generation requests
[2026-08-22 09:11:33.826 GPU=1 Worker 1 (model_3) TP=0] Prefill batch. #new-seq: 18, #new-token: 5897, #cached-token: 0, cache hit rate: 0.00%, token usage: 0.44, #running-req: 282, #queue-req: 0
[2026-08-22 09:11:34.081 GPU=1 Worker 1 (model_3) TP=0] Received 24 generation requests
[2026-08-22 09:11:34.098 GPU=1 Worker 1 (model_3) TP=0] Prefill batch. #new-seq: 24, #new-token: 6438, #cached-token: 0, cache hit rate: 0.00%, token usage: 0.47, #running-req: 300, #queue-req: 0
[2026-08-22 09:11:34.217 GPU=0 Worker 3 (model_6) TP=0] Received 1 generation requests
[2026-08-22 09:11:34.248 GPU=0 Worker 3 (model_6) TP=0] Prefill batch. #new-seq: 1, #new-token: 340, #cached-token: 0, cache hit rate: 0.00%, token usage: 0.83, #running-req: 35, #queue-req: 0
[2026-08-22 09:11:34.676 GPU=0 Worker 2 (model_5) TP=0] Received 2 generation requests
[2026-08-22 09:11:34.928 GPU=0 Worker 2 (model_5) TP=0] Prefill batch. #new-seq: 2, #new-token: 159, #cached-token: 0, cache hit rate: 0.00%, token usage: 0.79, #running-req: 413, #queue-req: 0
[2026-08-22 09:11:34.929 GPU=0 Worker 3 (model_6) TP=0] Received 1 generation requests
[2026-08-22 09:11:35.038 GPU=0 Worker 2 (model_5) TP=0] Received 1 generation requests
[2026-08-22 09:11:35.039 GPU=0 Worker 3 (model_6) TP=0] Prefill batch. #new-seq: 1, #new-token: 1532, #cached-token: 0, cache hit rate: 0.00%, token usage: 0.83, #running-req: 36, #queue-req: 0
[2026-08-22 09:11:35.151 GPU=0 Worker 2 (model_5) TP=0] Prefill batch. #new-seq: 1, #new-token: 803, #cached-token: 0, cache hit rate: 0.00%, token usage: 0.79, #running-req: 415, #queue-req: 0
[2026-08-22 09:11:35.723 GPU=1 Worker 1 (model_3) TP=0] Received 24 generation requests
[2026-08-22 09:11:35.792 GPU=1 Worker 1 (model_3) TP=0] Prefill batch. #new-seq: 19, #new-token: 8192, #cached-token: 0, cache hit rate: 0.00%, token usage: 0.49, #running-req: 324, #queue-req: 5
[2026-08-22 09:11:35.792 GPU=0 Worker 3 (model_6) TP=0] Decode batch. #running-req: 35, #token: 388026.0, token usage: 0.83, gen throughput (token/s): 308.90, #queue-req: 0
[2026-08-22 09:11:35.900 GPU=0 Worker 2 (model_5) TP=0] Received 1 generation requests
[2026-08-22 09:11:35.969 GPU=0 Worker 2 (model_5) TP=0] Prefill batch. #new-seq: 1, #new-token: 770, #cached-token: 0, cache hit rate: 0.00%, token usage: 0.80, #running-req: 407, #queue-req: 0
[2026-08-22 09:11:36.304 GPU=0 Worker 3 (model_6) TP=0] Received 1 generation requests
[2026-08-22 09:11:36.562 GPU=0 Worker 3 (model_6) TP=0] Prefill batch. #new-seq: 1, #new-token: 534, #cached-token: 0, cache hit rate: 0.00%, token usage: 0.83, #running-req: 35, #queue-req: 0
[2026-08-22 09:11:36.672 GPU=0 Worker 3 (model_6) TP=0] Received 1 generation requests
[2026-08-22 09:11:36.673 GPU=0 Worker 3 (model_6) TP=0] Prefill batch. #new-seq: 1, #new-token: 13, #cached-token: 0, cache hit rate: 0.00%, token usage: 0.82, #running-req: 35, #queue-req: 0
[2026-08-22 09:11:36.690 GPU=0 Worker 2 (model_5) TP=0] Received 1 generation requests
[2026-08-22 09:11:36.698 GPU=0 Worker 2 (model_5) TP=0] Prefill batch. #new-seq: 1, #new-token: 305, #cached-token: 0, cache hit rate: 0.00%, token usage: 0.79, #running-req: 407, #queue-req: 0
[2026-08-22 09:11:36.759 GPU=0 Worker 2 (model_5) TP=0] Received 1 generation requests
[2026-08-22 09:11:36.761 GPU=0 Worker 2 (model_5) TP=0] Prefill batch. #new-seq: 1, #new-token: 600, #cached-token: 0, cache hit rate: 0.00%, token usage: 0.79, #running-req: 408, #queue-req: 0
[2026-08-22 09:11:36.960 GPU=0 Worker 2 (model_5) TP=0] Received 1 generation requests
[2026-08-22 09:11:36.963 GPU=0 Worker 2 (model_5) TP=0] Prefill batch. #new-seq: 1, #new-token: 1001, #cached-token: 0, cache hit rate: 0.00%, token usage: 0.79, #running-req: 408, #queue-req: 0
[2026-08-22 09:11:37.045 GPU=1 Worker 1 (model_3) TP=0] Received 19 generation requests
[2026-08-22 09:11:37.069 GPU=1 Worker 1 (model_3) TP=0] Prefill batch. #new-seq: 25, #new-token: 5339, #cached-token: 1633, cache hit rate: 0.00%, token usage: 0.53, #running-req: 342, #queue-req: 1
[2026-08-22 09:11:37.318 GPU=1 Worker 1 (model_3) TP=0] Received 25 generation requests
[2026-08-22 09:11:37.399 GPU=1 Worker 1 (model_3) TP=0] Prefill batch. #new-seq: 21, #new-token: 8192, #cached-token: 0, cache hit rate: 0.00%, token usage: 0.55, #running-req: 367, #queue-req: 4
[2026-08-22 09:11:37.474 GPU=0 Worker 3 (model_6) TP=0] Received 1 generation requests
[2026-08-22 09:11:37.523 GPU=0 Worker 3 (model_6) TP=0] Prefill batch. #new-seq: 1, #new-token: 343, #cached-token: 0, cache hit rate: 0.00%, token usage: 0.82, #running-req: 34, #queue-req: 0
[2026-08-22 09:11:37.861 GPU=0 Worker 3 (model_6) TP=0] Received 2 generation requests
[2026-08-22 09:11:38.138 GPU=0 Worker 3 (model_6) TP=0] Prefill batch. #new-seq: 2, #new-token: 580, #cached-token: 0, cache hit rate: 0.00%, token usage: 0.82, #running-req: 35, #queue-req: 0
[2026-08-22 09:11:38.350 GPU=0 Worker 3 (model_6) TP=0] Received 1 generation requests
[2026-08-22 09:11:38.351 GPU=0 Worker 3 (model_6) TP=0] Prefill batch. #new-seq: 1, #new-token: 22, #cached-token: 0, cache hit rate: 0.00%, token usage: 0.82, #running-req: 37, #queue-req: 0
[2026-08-22 09:11:38.351 GPU=0 Worker 2 (model_5) TP=0] Received 2 generation requests
[2026-08-22 09:11:38.361 GPU=0 Worker 2 (model_5) TP=0] Prefill batch. #new-seq: 2, #new-token: 1261, #cached-token: 0, cache hit rate: 0.00%, token usage: 0.80, #running-req: 404, #queue-req: 0
[2026-08-22 09:11:38.481 GPU=0 Worker 3 (model_6) TP=0] Received 1 generation requests
[2026-08-22 09:11:38.483 GPU=0 Worker 3 (model_6) TP=0] Prefill batch. #new-seq: 1, #new-token: 469, #cached-token: 0, cache hit rate: 0.00%, token usage: 0.82, #running-req: 37, #queue-req: 0
[2026-08-22 09:11:38.683 GPU=1 Worker 1 (model_3) TP=0] Received 20 generation requests
[2026-08-22 09:11:38.698 GPU=1 Worker 1 (model_3) TP=0] Prefill batch. #new-seq: 25, #new-token: 6749, #cached-token: 564, cache hit rate: 0.00%, token usage: 0.59, #running-req: 387, #queue-req: 1
[2026-08-22 09:11:38.990 GPU=1 Worker 1 (model_3) TP=0] Received 25 generation requests
[2026-08-22 09:11:39.042 GPU=0 Worker 3 (model_6) TP=0] Decode batch. #running-req: 35, #token: 382674.0, token usage: 0.82, gen throughput (token/s): 434.85, #queue-req: 0
[2026-08-22 09:11:39.042 GPU=1 Worker 1 (model_3) TP=0] Prefill batch. #new-seq: 25, #new-token: 6708, #cached-token: 0, cache hit rate: 0.00%, token usage: 0.62, #running-req: 412, #queue-req: 0
[2026-08-22 09:11:39.396 GPU=0 Worker 2 (model_5) TP=0] Received 3 generation requests
[2026-08-22 09:11:39.616 GPU=0 Worker 3 (model_6) TP=0] Received 1 generation requests
[2026-08-22 09:11:39.645 GPU=0 Worker 2 (model_5) TP=0] Prefill batch. #new-seq: 3, #new-token: 1724, #cached-token: 0, cache hit rate: 0.00%, token usage: 0.80, #running-req: 398, #queue-req: 0
[2026-08-22 09:11:39.672 GPU=0 Worker 3 (model_6) TP=0] Prefill batch. #new-seq: 1, #new-token: 484, #cached-token: 0, cache hit rate: 0.00%, token usage: 0.82, #running-req: 34, #queue-req: 0
[2026-08-22 09:11:39.909 GPU=0 Worker 3 (model_6) TP=0] Received 1 generation requests
[2026-08-22 09:11:39.909 GPU=0 Worker 2 (model_5) TP=0] Received 1 generation requests
[2026-08-22 09:11:39.910 GPU=0 Worker 3 (model_6) TP=0] Prefill batch. #new-seq: 1, #new-token: 190, #cached-token: 0, cache hit rate: 0.00%, token usage: 0.82, #running-req: 34, #queue-req: 0
[2026-08-22 09:11:39.911 GPU=0 Worker 2 (model_5) TP=0] Prefill batch. #new-seq: 1, #new-token: 107, #cached-token: 0, cache hit rate: 0.00%, token usage: 0.81, #running-req: 401, #queue-req: 0
[2026-08-22 09:11:39.953 GPU=0 Worker 2 (model_5) TP=0] Received 1 generation requests
[2026-08-22 09:11:39.955 GPU=0 Worker 2 (model_5) TP=0] Prefill batch. #new-seq: 1, #new-token: 447, #cached-token: 0, cache hit rate: 0.00%, token usage: 0.81, #running-req: 402, #queue-req: 0
[2026-08-22 09:11:39.970 GPU=1 Worker 1 (model_3) TP=0] Received 15 generation requests
[2026-08-22 09:11:39.981 GPU=1 Worker 1 (model_3) TP=0] Prefill batch. #new-seq: 15, #new-token: 3198, #cached-token: 0, cache hit rate: 0.00%, token usage: 0.64, #running-req: 437, #queue-req: 0
[2026-08-22 09:11:40.133 GPU=1 Worker 1 (model_3) TP=0] Received 25 generation requests
[2026-08-22 09:11:40.157 GPU=1 Worker 1 (model_3) TP=0] Prefill batch. #new-seq: 25, #new-token: 8130, #cached-token: 0, cache hit rate: 0.00%, token usage: 0.66, #running-req: 452, #queue-req: 0
[2026-08-22 09:11:40.243 GPU=0 Worker 2 (model_5) TP=0] Received 1 generation requests
[2026-08-22 09:11:40.247 GPU=0 Worker 2 (model_5) TP=0] Prefill batch. #new-seq: 1, #new-token: 573, #cached-token: 0, cache hit rate: 0.00%, token usage: 0.82, #running-req: 402, #queue-req: 0
[2026-08-22 09:11:40.308 GPU=0 Worker 2 (model_5) TP=0] Received 1 generation requests
[2026-08-22 09:11:40.360 GPU=0 Worker 2 (model_5) TP=0] Prefill batch. #new-seq: 1, #new-token: 264, #cached-token: 0, cache hit rate: 0.00%, token usage: 0.82, #running-req: 403, #queue-req: 0
[2026-08-22 09:11:41.135 GPU=0 Worker 2 (model_5) TP=0] Received 2 generation requests
[2026-08-22 09:11:41.236 GPU=0 Worker 2 (model_5) TP=0] Prefill batch. #new-seq: 2, #new-token: 244, #cached-token: 0, cache hit rate: 0.00%, token usage: 0.81, #running-req: 400, #queue-req: 0
[2026-08-22 09:11:41.505 GPU=0 Worker 3 (model_6) TP=0] Received 2 generation requests
[2026-08-22 09:11:41.509 GPU=0 Worker 3 (model_6) TP=0] Prefill batch. #new-seq: 2, #new-token: 817, #cached-token: 0, cache hit rate: 0.00%, token usage: 0.82, #running-req: 32, #queue-req: 0
[2026-08-22 09:11:41.543 GPU=0 Worker 2 (model_5) TP=0] Received 1 generation requests
[2026-08-22 09:11:41.544 GPU=0 Worker 2 (model_5) TP=0] Prefill batch. #new-seq: 1, #new-token: 76, #cached-token: 0, cache hit rate: 0.00%, token usage: 0.80, #running-req: 394, #queue-req: 0
[2026-08-22 09:11:41.744 GPU=1 Worker 1 (model_3) TP=0] Received 25 generation requests
[2026-08-22 09:11:41.821 GPU=1 Worker 1 (model_3) TP=0] Prefill batch. #new-seq: 25, #new-token: 4471, #cached-token: 0, cache hit rate: 0.00%, token usage: 0.69, #running-req: 477, #queue-req: 0
[2026-08-22 09:11:41.934 GPU=0 Worker 3 (model_6) TP=0] Received 1 generation requests
[2026-08-22 09:11:41.971 GPU=0 Worker 3 (model_6) TP=0] Prefill batch. #new-seq: 1, #new-token: 27, #cached-token: 0, cache hit rate: 0.00%, token usage: 0.82, #running-req: 34, #queue-req: 0
[2026-08-22 09:11:42.641 GPU=0 Worker 2 (model_5) TP=0] Decode batch. #running-req: 389, #token: 165075.0, token usage: 0.81, gen throughput (token/s): 1594.30, #queue-req: 0
[2026-08-22 09:11:42.642 GPU=0 Worker 2 (model_5) TP=0] Received 2 generation requests
[2026-08-22 09:11:42.698 GPU=0 Worker 2 (model_5) TP=0] Prefill batch. #new-seq: 2, #new-token: 36, #cached-token: 0, cache hit rate: 0.00%, token usage: 0.81, #running-req: 389, #queue-req: 0
[2026-08-22 09:11:42.876 GPU=0 Worker 3 (model_6) TP=0] Decode batch. #running-req: 34, #token: 383305.0, token usage: 0.82, gen throughput (token/s): 351.81, #queue-req: 0
[2026-08-22 09:11:42.899 GPU=1 Worker 1 (model_3) TP=0] Received 26 generation requests
[2026-08-22 09:11:42.922 GPU=1 Worker 1 (model_3) TP=0] Prefill batch. #new-seq: 11, #new-token: 2987, #cached-token: 0, cache hit rate: 0.00%, token usage: 0.71, #running-req: 502, #queue-req: 15
[2026-08-22 09:11:43.059 GPU=1 Worker 1 (model_3) TP=0] Received 11 generation requests
[2026-08-22 09:11:43.374 GPU=1 Worker 1 (model_3) TP=0] Prefill batch. #new-seq: 1, #new-token: 13, #cached-token: 0, cache hit rate: 0.00%, token usage: 0.74, #running-req: 512, #queue-req: 25
[2026-08-22 09:11:43.445 GPU=1 Worker 1 (model_3) TP=0] Received 1 generation requests
[2026-08-22 09:11:44.815 GPU=0 Worker 3 (model_6) TP=0] Received 1 generation requests
[2026-08-22 09:11:44.816 GPU=0 Worker 3 (model_6) TP=0] Prefill batch. #new-seq: 1, #new-token: 10, #cached-token: 0, cache hit rate: 0.00%, token usage: 0.82, #running-req: 33, #queue-req: 0
[2026-08-22 09:11:44.957 GPU=1 Worker 1 (model_3) TP=0] Prefill batch. #new-seq: 26, #new-token: 7359, #cached-token: 0, cache hit rate: 0.00%, token usage: 0.55, #running-req: 411, #queue-req: 0
[2026-08-22 09:11:45.164 GPU=0 Worker 3 (model_6) TP=0] Received 1 generation requests
[2026-08-22 09:11:45.165 GPU=1 Worker 1 (model_3) TP=0] Received 26 generation requests
[2026-08-22 09:11:45.168 GPU=0 Worker 3 (model_6) TP=0] Prefill batch. #new-seq: 1, #new-token: 95, #cached-token: 0, cache hit rate: 0.00%, token usage: 0.82, #running-req: 34, #queue-req: 0
[2026-08-22 09:11:45.224 GPU=1 Worker 1 (model_3) TP=0] Prefill batch. #new-seq: 26, #new-token: 6707, #cached-token: 0, cache hit rate: 0.00%, token usage: 0.58, #running-req: 437, #queue-req: 0
[2026-08-22 09:11:45.224 GPU=0 Worker 2 (model_5) TP=0] Received 1 generation requests
[2026-08-22 09:11:45.342 GPU=0 Worker 2 (model_5) TP=0] Prefill batch. #new-seq: 1, #new-token: 166, #cached-token: 0, cache hit rate: 0.00%, token usage: 0.79, #running-req: 366, #queue-req: 0
[2026-08-22 09:11:45.342 GPU=0 Worker 3 (model_6) TP=0] Received 1 generation requests
[2026-08-22 09:11:45.360 GPU=0 Worker 3 (model_6) TP=0] Prefill batch. #new-seq: 1, #new-token: 1509, #cached-token: 0, cache hit rate: 0.00%, token usage: 0.82, #running-req: 35, #queue-req: 0
[2026-08-22 09:11:45.366 GPU=0 Worker 2 (model_5) TP=0] Received 1 generation requests
[2026-08-22 09:11:45.390 GPU=0 Worker 2 (model_5) TP=0] Prefill batch. #new-seq: 1, #new-token: 750, #cached-token: 0, cache hit rate: 0.00%, token usage: 0.79, #running-req: 367, #queue-req: 0
[2026-08-22 09:11:45.655 GPU=1 Worker 1 (model_3) TP=0] Received 16 generation requests
[2026-08-22 09:11:45.980 GPU=1 Worker 1 (model_3) TP=0] Prefill batch. #new-seq: 16, #new-token: 3783, #cached-token: 0, cache hit rate: 0.00%, token usage: 0.61, #running-req: 463, #queue-req: 0
[2026-08-22 09:11:46.087 GPU=1 Worker 1 (model_3) TP=0] Received 26 generation requests
[2026-08-22 09:11:46.114 GPU=1 Worker 1 (model_3) TP=0] Prefill batch. #new-seq: 23, #new-token: 8192, #cached-token: 0, cache hit rate: 0.00%, token usage: 0.62, #running-req: 479, #queue-req: 3
[2026-08-22 09:11:46.246 GPU=0 Worker 3 (model_6) TP=0] Received 4 generation requests
[2026-08-22 09:11:46.252 GPU=0 Worker 3 (model_6) TP=0] Prefill batch. #new-seq: 4, #new-token: 1649, #cached-token: 0, cache hit rate: 0.00%, token usage: 0.83, #running-req: 36, #queue-req: 0
[2026-08-22 09:11:46.334 GPU=1 Worker 1 (model_3) TP=0] Received 23 generation requests
[2026-08-22 09:11:46.356 GPU=1 Worker 1 (model_3) TP=0] Prefill batch. #new-seq: 12, #new-token: 4410, #cached-token: 1045, cache hit rate: 0.00%, token usage: 0.66, #running-req: 501, #queue-req: 16
[2026-08-22 09:11:46.447 GPU=0 Worker 2 (model_5) TP=0] Received 2 generation requests
[2026-08-22 09:11:46.450 GPU=0 Worker 2 (model_5) TP=0] Prefill batch. #new-seq: 2, #new-token: 407, #cached-token: 0, cache hit rate: 0.00%, token usage: 0.80, #running-req: 364, #queue-req: 0
[2026-08-22 09:11:46.486 GPU=1 Worker 1 (model_3) TP=0] Received 11 generation requests
[2026-08-22 09:11:46.584 GPU=0 Worker 3 (model_6) TP=0] Decode batch. #running-req: 40, #token: 387434.0, token usage: 0.83, gen throughput (token/s): 366.53, #queue-req: 0
[2026-08-22 09:11:46.585 GPU=0 Worker 3 (model_6) TP=0] Received 1 generation requests
[2026-08-22 09:11:46.639 GPU=1 Worker 1 (model_3) TP=0] Prefill batch. #new-seq: 5, #new-token: 2226, #cached-token: 0, cache hit rate: 0.00%, token usage: 0.68, #running-req: 508, #queue-req: 21
[2026-08-22 09:11:46.693 GPU=0 Worker 3 (model_6) TP=0] Prefill batch. #new-seq: 1, #new-token: 9, #cached-token: 0, cache hit rate: 0.00%, token usage: 0.83, #running-req: 40, #queue-req: 0
[2026-08-22 09:11:46.694 GPU=0 Worker 2 (model_5) TP=0] Received 1 generation requests
[2026-08-22 09:11:46.795 GPU=1 Worker 1 (model_3) TP=0] Received 5 generation requests
[2026-08-22 09:11:46.797 GPU=0 Worker 2 (model_5) TP=0] Prefill batch. #new-seq: 1, #new-token: 759, #cached-token: 0, cache hit rate: 0.00%, token usage: 0.81, #running-req: 364, #queue-req: 0
[2026-08-22 09:11:46.894 GPU=1 Worker 1 (model_3) TP=0] Prefill batch. #new-seq: 4, #new-token: 747, #cached-token: 0, cache hit rate: 0.00%, token usage: 0.68, #running-req: 509, #queue-req: 22
[2026-08-22 09:11:46.894 GPU=0 Worker 2 (model_5) TP=0] Received 1 generation requests
[2026-08-22 09:11:46.965 GPU=1 Worker 1 (model_3) TP=0] Received 4 generation requests
[2026-08-22 09:11:46.994 GPU=0 Worker 2 (model_5) TP=0] Prefill batch. #new-seq: 1, #new-token: 12, #cached-token: 0, cache hit rate: 0.00%, token usage: 0.81, #running-req: 365, #queue-req: 0
[2026-08-22 09:11:47.070 GPU=1 Worker 1 (model_3) TP=0] Prefill batch. #new-seq: 7, #new-token: 1155, #cached-token: 0, cache hit rate: 0.00%, token usage: 0.67, #running-req: 506, #queue-req: 19
[2026-08-22 09:11:47.139 GPU=1 Worker 1 (model_3) TP=0] Received 4 generation requests
[2026-08-22 09:11:47.225 GPU=1 Worker 1 (model_3) TP=0] Received 2 generation requests
[2026-08-22 09:11:47.241 GPU=1 Worker 1 (model_3) TP=0] Prefill batch. #new-seq: 6, #new-token: 2145, #cached-token: 0, cache hit rate: 0.00%, token usage: 0.67, #running-req: 507, #queue-req: 19
[2026-08-22 09:11:47.308 GPU=1 Worker 1 (model_3) TP=0] Received 1 generation requests
[2026-08-22 09:11:47.534 GPU=0 Worker 2 (model_5) TP=0] Received 1 generation requests
[2026-08-22 09:11:47.834 GPU=0 Worker 2 (model_5) TP=0] Prefill batch. #new-seq: 1, #new-token: 465, #cached-token: 0, cache hit rate: 0.00%, token usage: 0.81, #running-req: 365, #queue-req: 0
[2026-08-22 09:11:47.835 GPU=1 Worker 1 (model_3) TP=0] Received 6 generation requests
[2026-08-22 09:11:47.986 GPU=1 Worker 1 (model_3) TP=0] Prefill batch. #new-seq: 5, #new-token: 1273, #cached-token: 0, cache hit rate: 0.00%, token usage: 0.68, #running-req: 508, #queue-req: 21
[2026-08-22 09:11:48.028 GPU=1 Worker 1 (model_3) TP=0] Received 5 generation requests
[2026-08-22 09:11:48.065 GPU=1 Worker 1 (model_3) TP=0] Prefill batch. #new-seq: 1, #new-token: 25, #cached-token: 0, cache hit rate: 0.00%, token usage: 0.68, #running-req: 512, #queue-req: 25
[2026-08-22 09:11:48.076 GPU=1 Worker 1 (model_3) TP=0] Received 1 generation requests
[2026-08-22 09:11:48.132 GPU=1 Worker 1 (model_3) TP=0] Prefill batch. #new-seq: 3, #new-token: 194, #cached-token: 0, cache hit rate: 0.00%, token usage: 0.68, #running-req: 510, #queue-req: 23
[2026-08-22 09:11:48.144 GPU=1 Worker 1 (model_3) TP=0] Received 3 generation requests
[2026-08-22 09:11:48.181 GPU=0 Worker 2 (model_5) TP=0] Received 1 generation requests
[2026-08-22 09:11:48.184 GPU=0 Worker 2 (model_5) TP=0] Prefill batch. #new-seq: 1, #new-token: 561, #cached-token: 0, cache hit rate: 0.00%, token usage: 0.82, #running-req: 363, #queue-req: 0
[2026-08-22 09:11:48.184 GPU=1 Worker 1 (model_3) TP=0] Prefill batch. #new-seq: 4, #new-token: 867, #cached-token: 0, cache hit rate: 0.00%, token usage: 0.68, #running-req: 509, #queue-req: 22
[2026-08-22 09:11:48.215 GPU=1 Worker 1 (model_3) TP=0] Received 2 generation requests
[2026-08-22 09:11:48.277 GPU=1 Worker 1 (model_3) TP=0] Received 1 generation requests
[2026-08-22 09:11:48.279 GPU=1 Worker 1 (model_3) TP=0] Prefill batch. #new-seq: 3, #new-token: 657, #cached-token: 0, cache hit rate: 0.00%, token usage: 0.66, #running-req: 510, #queue-req: 22
[2026-08-22 09:11:48.345 GPU=1 Worker 1 (model_3) TP=0] Received 2 generation requests
[2026-08-22 09:11:48.349 GPU=1 Worker 1 (model_3) TP=0] Prefill batch. #new-seq: 10, #new-token: 5884, #cached-token: 0, cache hit rate: 0.00%, token usage: 0.64, #running-req: 503, #queue-req: 14
[2026-08-22 09:11:48.367 GPU=0 Worker 2 (model_5) TP=0] Received 1 generation requests
[2026-08-22 09:11:48.368 GPU=0 Worker 2 (model_5) TP=0] Prefill batch. #new-seq: 1, #new-token: 124, #cached-token: 0, cache hit rate: 0.00%, token usage: 0.82, #running-req: 364, #queue-req: 0
[2026-08-22 09:11:48.519 GPU=0 Worker 3 (model_6) TP=0] Received 1 generation requests
[2026-08-22 09:11:48.520 GPU=1 Worker 1 (model_3) TP=0] Received 3 generation requests
[2026-08-22 09:11:48.520 GPU=0 Worker 3 (model_6) TP=0] Prefill batch. #new-seq: 1, #new-token: 14, #cached-token: 0, cache hit rate: 0.00%, token usage: 0.82, #running-req: 34, #queue-req: 0
[2026-08-22 09:11:48.562 GPU=1 Worker 1 (model_3) TP=0] Received 1 generation requests
[2026-08-22 09:11:48.567 GPU=1 Worker 1 (model_3) TP=0] Prefill batch. #new-seq: 9, #new-token: 1378, #cached-token: 0, cache hit rate: 0.00%, token usage: 0.66, #running-req: 504, #queue-req: 9
[2026-08-22 09:11:48.610 GPU=0 Worker 2 (model_5) TP=0] Received 1 generation requests
[2026-08-22 09:11:48.644 GPU=1 Worker 1 (model_3) TP=0] Received 2 generation requests
[2026-08-22 09:11:48.709 GPU=0 Worker 2 (model_5) TP=0] Prefill batch. #new-seq: 1, #new-token: 91, #cached-token: 0, cache hit rate: 0.00%, token usage: 0.82, #running-req: 365, #queue-req: 0
[2026-08-22 09:11:48.746 GPU=1 Worker 1 (model_3) TP=0] Received 1 generation requests
[2026-08-22 09:11:48.809 GPU=1 Worker 1 (model_3) TP=0] Prefill batch. #new-seq: 5, #new-token: 1876, #cached-token: 0, cache hit rate: 0.00%, token usage: 0.67, #running-req: 508, #queue-req: 7
[2026-08-22 09:11:49.109 GPU=1 Worker 1 (model_3) TP=0] Received 4 generation requests
[2026-08-22 09:11:49.396 GPU=1 Worker 1 (model_3) TP=0] Received 6 generation requests
[2026-08-22 09:11:49.399 GPU=0 Worker 2 (model_5) TP=0] Received 1 generation requests
[2026-08-22 09:11:49.403 GPU=0 Worker 2 (model_5) TP=0] Prefill batch. #new-seq: 1, #new-token: 78, #cached-token: 0, cache hit rate: 0.00%, token usage: 0.82, #running-req: 361, #queue-req: 0
[2026-08-22 09:11:49.405 GPU=1 Worker 1 (model_3) TP=0] Prefill batch. #new-seq: 1, #new-token: 366, #cached-token: 0, cache hit rate: 0.00%, token usage: 0.67, #running-req: 512, #queue-req: 16
[2026-08-22 09:11:49.473 GPU=1 Worker 1 (model_3) TP=0] Received 1 generation requests
[2026-08-22 09:11:49.637 GPU=1 Worker 1 (model_3) TP=0] Received 3 generation requests
[2026-08-22 09:11:49.641 GPU=1 Worker 1 (model_3) TP=0] Prefill batch. #new-seq: 2, #new-token: 1924, #cached-token: 0, cache hit rate: 0.00%, token usage: 0.67, #running-req: 511, #queue-req: 18
[2026-08-22 09:11:49.726 GPU=0 Worker 2 (model_5) TP=0] Received 1 generation requests
[2026-08-22 09:11:49.732 GPU=0 Worker 2 (model_5) TP=0] Prefill batch. #new-seq: 1, #new-token: 572, #cached-token: 0, cache hit rate: 0.00%, token usage: 0.82, #running-req: 357, #queue-req: 0
[2026-08-22 09:11:49.748 GPU=1 Worker 1 (model_3) TP=0] Received 2 generation requests
[2026-08-22 09:11:49.754 GPU=1 Worker 1 (model_3) TP=0] Prefill batch. #new-seq: 2, #new-token: 1390, #cached-token: 0, cache hit rate: 0.00%, token usage: 0.66, #running-req: 511, #queue-req: 18
[2026-08-22 09:11:49.800 GPU=1 Worker 1 (model_3) TP=0] Received 4 generation requests
[2026-08-22 09:11:49.829 GPU=0 Worker 2 (model_5) TP=0] Received 1 generation requests
[2026-08-22 09:11:49.835 GPU=0 Worker 2 (model_5) TP=0] Prefill batch. #new-seq: 1, #new-token: 1095, #cached-token: 0, cache hit rate: 0.00%, token usage: 0.82, #running-req: 358, #queue-req: 0
[2026-08-22 09:11:49.858 GPU=1 Worker 1 (model_3) TP=0] Received 1 generation requests
[2026-08-22 09:11:49.863 GPU=1 Worker 1 (model_3) TP=0] Prefill batch. #new-seq: 20, #new-token: 5125, #cached-token: 0, cache hit rate: 0.00%, token usage: 0.66, #running-req: 493, #queue-req: 3
[2026-08-22 09:11:49.882 GPU=0 Worker 3 (model_6) TP=0] Received 1 generation requests
[2026-08-22 09:11:49.883 GPU=0 Worker 3 (model_6) TP=0] Prefill batch. #new-seq: 1, #new-token: 9, #cached-token: 0, cache hit rate: 0.00%, token usage: 0.82, #running-req: 31, #queue-req: 0
[2026-08-22 09:11:49.962 GPU=0 Worker 3 (model_6) TP=0] Decode batch. #running-req: 31, #token: 382592.0, token usage: 0.82, gen throughput (token/s): 418.03, #queue-req: 0
[2026-08-22 09:11:49.962 GPU=0 Worker 3 (model_6) TP=0] Received 1 generation requests
[2026-08-22 09:11:49.965 GPU=0 Worker 3 (model_6) TP=0] Prefill batch. #new-seq: 1, #new-token: 395, #cached-token: 0, cache hit rate: 0.00%, token usage: 0.82, #running-req: 31, #queue-req: 0
[2026-08-22 09:11:50.023 GPU=1 Worker 1 (model_3) TP=0] Received 2 generation requests
[2026-08-22 09:11:50.143 GPU=1 Worker 1 (model_3) TP=0] Received 1 generation requests
[2026-08-22 09:11:50.185 GPU=1 Worker 1 (model_3) TP=0] Prefill batch. #new-seq: 5, #new-token: 1413, #cached-token: 0, cache hit rate: 0.00%, token usage: 0.67, #running-req: 508, #queue-req: 1
[2026-08-22 09:11:50.265 GPU=1 Worker 1 (model_3) TP=0] Received 3 generation requests
[2026-08-22 09:11:50.341 GPU=1 Worker 1 (model_3) TP=0] Received 2 generation requests
[2026-08-22 09:11:50.348 GPU=1 Worker 1 (model_3) TP=0] Prefill batch. #new-seq: 3, #new-token: 933, #cached-token: 0, cache hit rate: 0.00%, token usage: 0.68, #running-req: 510, #queue-req: 3
[2026-08-22 09:11:50.415 GPU=1 Worker 1 (model_3) TP=0] Decode batch. #running-req: 509, #token: 156876, token usage: 0.67, gen throughput (token/s): 410.77, #queue-req: 3
[2026-08-22 09:11:50.416 GPU=1 Worker 1 (model_3) TP=0] Prefill batch. #new-seq: 3, #new-token: 432, #cached-token: 0, cache hit rate: 0.00%, token usage: 0.67, #running-req: 509, #queue-req: 0
[2026-08-22 09:11:50.599 GPU=0 Worker 2 (model_5) TP=0] Received 2 generation requests
[2026-08-22 09:11:50.603 GPU=0 Worker 2 (model_5) TP=0] Prefill batch. #new-seq: 2, #new-token: 128, #cached-token: 0, cache hit rate: 0.00%, token usage: 0.82, #running-req: 356, #queue-req: 0
[2026-08-22 09:11:50.845 GPU=0 Worker 2 (model_5) TP=0] Decode batch. #running-req: 351, #token: 163478.0, token usage: 0.80, gen throughput (token/s): 1798.25, #queue-req: 0
[2026-08-22 09:11:50.852 GPU=1 Worker 1 (model_3) TP=0] Received 6 generation requests
[2026-08-22 09:11:50.913 GPU=1 Worker 1 (model_3) TP=0] Prefill batch. #new-seq: 6, #new-token: 3330, #cached-token: 0, cache hit rate: 0.00%, token usage: 0.67, #running-req: 498, #queue-req: 0
[2026-08-22 09:11:51.007 GPU=1 Worker 1 (model_3) TP=0] Received 1 generation requests
[2026-08-22 09:11:51.008 GPU=1 Worker 1 (model_3) TP=0] Prefill batch. #new-seq: 1, #new-token: 22, #cached-token: 0, cache hit rate: 0.00%, token usage: 0.68, #running-req: 504, #queue-req: 0
[2026-08-22 09:11:51.058 GPU=1 Worker 1 (model_3) TP=0] Received 3 generation requests
[2026-08-22 09:11:51.062 GPU=1 Worker 1 (model_3) TP=0] Prefill batch. #new-seq: 3, #new-token: 1314, #cached-token: 0, cache hit rate: 0.00%, token usage: 0.67, #running-req: 501, #queue-req: 0
[2026-08-22 09:11:51.106 GPU=1 Worker 1 (model_3) TP=0] Received 3 generation requests
[2026-08-22 09:11:51.109 GPU=1 Worker 1 (model_3) TP=0] Prefill batch. #new-seq: 3, #new-token: 300, #cached-token: 0, cache hit rate: 0.00%, token usage: 0.68, #running-req: 504, #queue-req: 0
[2026-08-22 09:11:51.156 GPU=0 Worker 3 (model_6) TP=0] Received 1 generation requests
[2026-08-22 09:11:51.160 GPU=0 Worker 3 (model_6) TP=0] Prefill batch. #new-seq: 1, #new-token: 326, #cached-token: 0, cache hit rate: 0.00%, token usage: 0.82, #running-req: 29, #queue-req: 0
[2026-08-22 09:11:51.229 GPU=1 Worker 1 (model_3) TP=0] Received 1 generation requests
[2026-08-22 09:11:51.234 GPU=1 Worker 1 (model_3) TP=0] Prefill batch. #new-seq: 1, #new-token: 1542, #cached-token: 0, cache hit rate: 0.00%, token usage: 0.66, #running-req: 493, #queue-req: 0
[2026-08-22 09:11:51.361 GPU=0 Worker 3 (model_6) TP=0] Received 2 generation requests
[2026-08-22 09:11:51.363 GPU=0 Worker 3 (model_6) TP=0] Prefill batch. #new-seq: 2, #new-token: 211, #cached-token: 0, cache hit rate: 0.00%, token usage: 0.82, #running-req: 29, #queue-req: 0
[2026-08-22 09:11:51.369 GPU=1 Worker 1 (model_3) TP=0] Received 1 generation requests
[2026-08-22 09:11:51.371 GPU=1 Worker 1 (model_3) TP=0] Prefill batch. #new-seq: 1, #new-token: 94, #cached-token: 0, cache hit rate: 0.00%, token usage: 0.67, #running-req: 489, #queue-req: 0
[2026-08-22 09:11:51.421 GPU=1 Worker 1 (model_3) TP=0] Received 1 generation requests
[2026-08-22 09:11:51.424 GPU=1 Worker 1 (model_3) TP=0] Prefill batch. #new-seq: 1, #new-token: 577, #cached-token: 0, cache hit rate: 0.00%, token usage: 0.66, #running-req: 487, #queue-req: 0
[2026-08-22 09:11:51.445 GPU=1 Worker 1 (model_3) TP=0] Received 1 generation requests
[2026-08-22 09:11:51.446 GPU=1 Worker 1 (model_3) TP=0] Prefill batch. #new-seq: 1, #new-token: 42, #cached-token: 0, cache hit rate: 0.00%, token usage: 0.66, #running-req: 488, #queue-req: 0
[2026-08-22 09:11:51.541 GPU=1 Worker 1 (model_3) TP=0] Received 1 generation requests
[2026-08-22 09:11:51.625 GPU=1 Worker 1 (model_3) TP=0] Prefill batch. #new-seq: 1, #new-token: 371, #cached-token: 0, cache hit rate: 0.00%, token usage: 0.65, #running-req: 477, #queue-req: 0
[2026-08-22 09:11:51.658 GPU=1 Worker 1 (model_3) TP=0] Received 2 generation requests
[2026-08-22 09:11:51.714 GPU=0 Worker 3 (model_6) TP=0] Received 1 generation requests
[2026-08-22 09:11:51.741 GPU=1 Worker 1 (model_3) TP=0] Prefill batch. #new-seq: 2, #new-token: 1595, #cached-token: 0, cache hit rate: 0.00%, token usage: 0.65, #running-req: 478, #queue-req: 0
[2026-08-22 09:11:51.741 GPU=0 Worker 3 (model_6) TP=0] Prefill batch. #new-seq: 1, #new-token: 161, #cached-token: 0, cache hit rate: 0.00%, token usage: 0.82, #running-req: 31, #queue-req: 0
[2026-08-22 09:11:51.791 GPU=1 Worker 1 (model_3) TP=0] Received 2 generation requests
[2026-08-22 09:11:51.794 GPU=1 Worker 1 (model_3) TP=0] Prefill batch. #new-seq: 2, #new-token: 639, #cached-token: 0, cache hit rate: 0.00%, token usage: 0.66, #running-req: 480, #queue-req: 0
[2026-08-22 09:11:52.579 GPU=0 Worker 3 (model_6) TP=0] Decode batch. #running-req: 30, #token: 381504.0, token usage: 0.82, gen throughput (token/s): 456.24, #queue-req: 0
[2026-08-22 09:11:52.663 GPU=0 Worker 3 (model_6) TP=0] Received 2 generation requests
[2026-08-22 09:11:52.666 GPU=1 Worker 1 (model_3) TP=0] Received 9 generation requests
[2026-08-22 09:11:52.673 GPU=1 Worker 1 (model_3) TP=0] Prefill batch. #new-seq: 9, #new-token: 1241, #cached-token: 0, cache hit rate: 0.00%, token usage: 0.62, #running-req: 456, #queue-req: 0
[2026-08-22 09:11:52.673 GPU=0 Worker 3 (model_6) TP=0] Prefill batch. #new-seq: 2, #new-token: 2277, #cached-token: 0, cache hit rate: 0.00%, token usage: 0.82, #running-req: 30, #queue-req: 0
[2026-08-22 09:11:52.683 GPU=0 Worker 2 (model_5) TP=0] Received 4 generation requests
[2026-08-22 09:11:52.709 GPU=0 Worker 2 (model_5) TP=0] Prefill batch. #new-seq: 4, #new-token: 1773, #cached-token: 0, cache hit rate: 0.00%, token usage: 0.78, #running-req: 334, #queue-req: 0
[2026-08-22 09:11:52.845 GPU=1 Worker 1 (model_3) TP=0] Received 1 generation requests
[2026-08-22 09:11:52.846 GPU=1 Worker 1 (model_3) TP=0] Prefill batch. #new-seq: 1, #new-token: 135, #cached-token: 0, cache hit rate: 0.00%, token usage: 0.62, #running-req: 454, #queue-req: 0
[2026-08-22 09:11:52.922 GPU=1 Worker 1 (model_3) TP=0] Received 1 generation requests
[2026-08-22 09:11:52.924 GPU=1 Worker 1 (model_3) TP=0] Prefill batch. #new-seq: 1, #new-token: 726, #cached-token: 0, cache hit rate: 0.00%, token usage: 0.62, #running-req: 455, #queue-req: 0
[2026-08-22 09:11:52.934 GPU=0 Worker 3 (model_6) TP=0] Received 1 generation requests
[2026-08-22 09:11:52.937 GPU=0 Worker 3 (model_6) TP=0] Prefill batch. #new-seq: 1, #new-token: 66, #cached-token: 0, cache hit rate: 0.00%, token usage: 0.82, #running-req: 32, #queue-req: 0
[2026-08-22 09:11:52.986 GPU=1 Worker 1 (model_3) TP=0] Received 1 generation requests
[2026-08-22 09:11:53.087 GPU=1 Worker 1 (model_3) TP=0] Prefill batch. #new-seq: 1, #new-token: 14, #cached-token: 0, cache hit rate: 0.00%, token usage: 0.63, #running-req: 456, #queue-req: 0
[2026-08-22 09:11:53.124 GPU=1 Worker 1 (model_3) TP=0] Received 2 generation requests
[2026-08-22 09:11:53.158 GPU=0 Worker 2 (model_5) TP=0] Received 2 generation requests
[2026-08-22 09:11:53.222 GPU=1 Worker 1 (model_3) TP=0] Prefill batch. #new-seq: 2, #new-token: 519, #cached-token: 0, cache hit rate: 0.00%, token usage: 0.63, #running-req: 457, #queue-req: 0
[2026-08-22 09:11:53.224 GPU=0 Worker 2 (model_5) TP=0] Prefill batch. #new-seq: 2, #new-token: 1992, #cached-token: 0, cache hit rate: 0.00%, token usage: 0.78, #running-req: 335, #queue-req: 0
[2026-08-22 09:11:53.268 GPU=1 Worker 1 (model_3) TP=0] Received 1 generation requests
[2026-08-22 09:11:53.281 GPU=1 Worker 1 (model_3) TP=0] Prefill batch. #new-seq: 1, #new-token: 11, #cached-token: 0, cache hit rate: 0.00%, token usage: 0.63, #running-req: 459, #queue-req: 0
[2026-08-22 09:11:53.300 GPU=1 Worker 1 (model_3) TP=0] Received 2 generation requests
[2026-08-22 09:11:53.303 GPU=1 Worker 1 (model_3) TP=0] Prefill batch. #new-seq: 2, #new-token: 792, #cached-token: 0, cache hit rate: 0.00%, token usage: 0.63, #running-req: 460, #queue-req: 0
[2026-08-22 09:11:53.561 GPU=1 Worker 1 (model_3) TP=0] Received 8 generation requests
[2026-08-22 09:11:53.562 GPU=0 Worker 2 (model_5) TP=0] Received 1 generation requests
[2026-08-22 09:11:53.783 GPU=0 Worker 3 (model_6) TP=0] Received 3 generation requests
[2026-08-22 09:11:53.816 GPU=0 Worker 2 (model_5) TP=0] Prefill batch. #new-seq: 1, #new-token: 1012, #cached-token: 0, cache hit rate: 0.00%, token usage: 0.79, #running-req: 337, #queue-req: 0
[2026-08-22 09:11:53.816 GPU=1 Worker 1 (model_3) TP=0] Prefill batch. #new-seq: 8, #new-token: 1671, #cached-token: 0, cache hit rate: 0.00%, token usage: 0.63, #running-req: 462, #queue-req: 0
[2026-08-22 09:11:53.850 GPU=0 Worker 3 (model_6) TP=0] Prefill batch. #new-seq: 3, #new-token: 1281, #cached-token: 0, cache hit rate: 0.00%, token usage: 0.82, #running-req: 32, #queue-req: 0
[2026-08-22 09:11:53.924 GPU=1 Worker 1 (model_3) TP=0] Received 5 generation requests
[2026-08-22 09:11:53.979 GPU=0 Worker 2 (model_5) TP=0] Received 1 generation requests
[2026-08-22 09:11:54.057 GPU=1 Worker 1 (model_3) TP=0] Prefill batch. #new-seq: 5, #new-token: 1211, #cached-token: 0, cache hit rate: 0.00%, token usage: 0.64, #running-req: 470, #queue-req: 0
[2026-08-22 09:11:54.114 GPU=1 Worker 1 (model_3) TP=0] Received 6 generation requests
[2026-08-22 09:11:54.114 GPU=0 Worker 2 (model_5) TP=0] Prefill batch. #new-seq: 1, #new-token: 405, #cached-token: 0, cache hit rate: 0.00%, token usage: 0.80, #running-req: 338, #queue-req: 0
[2026-08-22 09:11:54.129 GPU=1 Worker 1 (model_3) TP=0] Prefill batch. #new-seq: 6, #new-token: 2156, #cached-token: 0, cache hit rate: 0.00%, token usage: 0.64, #running-req: 475, #queue-req: 0
[2026-08-22 09:11:54.192 GPU=1 Worker 1 (model_3) TP=0] Received 1 generation requests
[2026-08-22 09:11:54.192 GPU=0 Worker 2 (model_5) TP=0] Received 1 generation requests
[2026-08-22 09:11:54.208 GPU=0 Worker 3 (model_6) TP=0] Received 1 generation requests
[2026-08-22 09:11:54.209 GPU=0 Worker 2 (model_5) TP=0] Prefill batch. #new-seq: 1, #new-token: 30, #cached-token: 0, cache hit rate: 0.00%, token usage: 0.80, #running-req: 339, #queue-req: 0
[2026-08-22 09:11:54.211 GPU=0 Worker 3 (model_6) TP=0] Prefill batch. #new-seq: 1, #new-token: 548, #cached-token: 0, cache hit rate: 0.00%, token usage: 0.82, #running-req: 33, #queue-req: 0
[2026-08-22 09:11:54.212 GPU=1 Worker 1 (model_3) TP=0] Prefill batch. #new-seq: 1, #new-token: 339, #cached-token: 0, cache hit rate: 0.00%, token usage: 0.65, #running-req: 481, #queue-req: 0
[2026-08-22 09:11:54.230 GPU=1 Worker 1 (model_3) TP=0] Received 3 generation requests
[2026-08-22 09:11:54.237 GPU=1 Worker 1 (model_3) TP=0] Prefill batch. #new-seq: 3, #new-token: 2045, #cached-token: 0, cache hit rate: 0.00%, token usage: 0.65, #running-req: 482, #queue-req: 0
[2026-08-22 09:11:54.303 GPU=0 Worker 3 (model_6) TP=0] Received 1 generation requests
[2026-08-22 09:11:54.305 GPU=0 Worker 3 (model_6) TP=0] Prefill batch. #new-seq: 1, #new-token: 255, #cached-token: 0, cache hit rate: 0.00%, token usage: 0.83, #running-req: 34, #queue-req: 0
[2026-08-22 09:11:54.330 GPU=1 Worker 1 (model_3) TP=0] Received 1 generation requests
[2026-08-22 09:11:54.333 GPU=1 Worker 1 (model_3) TP=0] Prefill batch. #new-seq: 1, #new-token: 584, #cached-token: 0, cache hit rate: 0.00%, token usage: 0.66, #running-req: 484, #queue-req: 0
[2026-08-22 09:11:54.355 GPU=1 Worker 1 (model_3) TP=0] Received 1 generation requests
[2026-08-22 09:11:54.359 GPU=1 Worker 1 (model_3) TP=0] Prefill batch. #new-seq: 1, #new-token: 725, #cached-token: 0, cache hit rate: 0.00%, token usage: 0.67, #running-req: 485, #queue-req: 0
[2026-08-22 09:11:54.386 GPU=1 Worker 1 (model_3) TP=0] Received 1 generation requests
[2026-08-22 09:11:54.388 GPU=1 Worker 1 (model_3) TP=0] Prefill batch. #new-seq: 1, #new-token: 323, #cached-token: 0, cache hit rate: 0.00%, token usage: 0.67, #running-req: 486, #queue-req: 0
[2026-08-22 09:11:54.404 GPU=1 Worker 1 (model_3) TP=0] Received 1 generation requests
[2026-08-22 09:11:54.406 GPU=1 Worker 1 (model_3) TP=0] Prefill batch. #new-seq: 1, #new-token: 413, #cached-token: 0, cache hit rate: 0.00%, token usage: 0.67, #running-req: 487, #queue-req: 0
[2026-08-22 09:11:54.749 GPU=0 Worker 3 (model_6) TP=0] Received 1 generation requests
[2026-08-22 09:11:54.751 GPU=0 Worker 3 (model_6) TP=0] Prefill batch. #new-seq: 1, #new-token: 8, #cached-token: 0, cache hit rate: 0.00%, token usage: 0.83, #running-req: 34, #queue-req: 0
[2026-08-22 09:11:55.179 GPU=0 Worker 3 (model_6) TP=0] Received 1 generation requests
[2026-08-22 09:11:55.455 GPU=0 Worker 2 (model_5) TP=0] Received 3 generation requests
[2026-08-22 09:11:55.559 GPU=0 Worker 3 (model_6) TP=0] Prefill batch. #new-seq: 1, #new-token: 68, #cached-token: 0, cache hit rate: 0.00%, token usage: 0.83, #running-req: 35, #queue-req: 0
[2026-08-22 09:11:55.604 GPU=0 Worker 2 (model_5) TP=0] Prefill batch. #new-seq: 3, #new-token: 66, #cached-token: 0, cache hit rate: 0.00%, token usage: 0.80, #running-req: 329, #queue-req: 0
[2026-08-22 09:11:55.661 GPU=1 Worker 1 (model_3) TP=0] Received 11 generation requests
[2026-08-22 09:11:55.683 GPU=1 Worker 1 (model_3) TP=0] Prefill batch. #new-seq: 11, #new-token: 4252, #cached-token: 0, cache hit rate: 0.00%, token usage: 0.66, #running-req: 486, #queue-req: 0
[2026-08-22 09:11:55.709 GPU=0 Worker 3 (model_6) TP=0] Received 1 generation requests
[2026-08-22 09:11:55.710 GPU=0 Worker 3 (model_6) TP=0] Prefill batch. #new-seq: 1, #new-token: 56, #cached-token: 0, cache hit rate: 0.00%, token usage: 0.82, #running-req: 36, #queue-req: 0
[2026-08-22 09:11:55.801 GPU=1 Worker 1 (model_3) TP=0] Received 7 generation requests
[2026-08-22 09:11:55.808 GPU=1 Worker 1 (model_3) TP=0] Prefill batch. #new-seq: 7, #new-token: 1794, #cached-token: 0, cache hit rate: 0.00%, token usage: 0.67, #running-req: 497, #queue-req: 0
[2026-08-22 09:11:55.862 GPU=1 Worker 1 (model_3) TP=0] Received 1 generation requests
[2026-08-22 09:11:55.863 GPU=1 Worker 1 (model_3) TP=0] Prefill batch. #new-seq: 1, #new-token: 13, #cached-token: 0, cache hit rate: 0.00%, token usage: 0.68, #running-req: 504, #queue-req: 0
[2026-08-22 09:11:55.977 GPU=1 Worker 1 (model_3) TP=0] Received 1 generation requests
[2026-08-22 09:11:55.979 GPU=1 Worker 1 (model_3) TP=0] Prefill batch. #new-seq: 1, #new-token: 769, #cached-token: 0, cache hit rate: 0.00%, token usage: 0.68, #running-req: 498, #queue-req: 0
[2026-08-22 09:11:56.005 GPU=0 Worker 2 (model_5) TP=0] Received 1 generation requests
[2026-08-22 09:11:56.010 GPU=1 Worker 1 (model_3) TP=0] Received 2 generation requests
[2026-08-22 09:11:56.014 GPU=1 Worker 1 (model_3) TP=0] Prefill batch. #new-seq: 2, #new-token: 1328, #cached-token: 0, cache hit rate: 0.00%, token usage: 0.68, #running-req: 499, #queue-req: 0
[2026-08-22 09:11:56.015 GPU=0 Worker 2 (model_5) TP=0] Prefill batch. #new-seq: 1, #new-token: 639, #cached-token: 0, cache hit rate: 0.00%, token usage: 0.80, #running-req: 327, #queue-req: 0
[2026-08-22 09:11:56.111 GPU=0 Worker 2 (model_5) TP=0] Received 1 generation requests
[2026-08-22 09:11:56.112 GPU=0 Worker 2 (model_5) TP=0] Prefill batch. #new-seq: 1, #new-token: 114, #cached-token: 0, cache hit rate: 0.00%, token usage: 0.80, #running-req: 328, #queue-req: 0
[2026-08-22 09:11:56.124 GPU=1 Worker 1 (model_3) TP=0] Received 2 generation requests
[2026-08-22 09:11:56.126 GPU=1 Worker 1 (model_3) TP=0] Prefill batch. #new-seq: 2, #new-token: 793, #cached-token: 0, cache hit rate: 0.00%, token usage: 0.69, #running-req: 498, #queue-req: 0
[2026-08-22 09:11:56.216 GPU=1 Worker 1 (model_3) TP=0] Received 2 generation requests
[2026-08-22 09:11:56.221] Sending deactivate request to GPU scheduler 1
[2026-08-22 09:11:56.242 GPU=0 Worker 2 (model_5) TP=0] Received 1 generation requests
[2026-08-22 09:11:56.244 GPU=1 Worker 0 (model_2) TP=0] Scheduler: Received 1 requests from gpu scheduler
[2026-08-22 09:11:56.244 GPU=1 Worker 0 (model_2) TP=0] Processing deactivate request
[2026-08-22 09:11:56.244 GPU=1 Worker 0 (model_2) TP=0] [PAPER-OVERLAP-V6] {"event": "source_quiesce", "model": "model_2", "gpu": 1, "rid": "14eaf1a0f88e4e91963da75b8d1c31fb", "time": 1787389916.2446418, "was_serving": true}
[2026-08-22 09:11:56.244 GPU=1 Worker 0 (model_2) TP=0] Scheduler receives the deactivate requests with rid: 14eaf1a0f88e4e91963da75b8d1c31fb
[2026-08-22 09:11:56.244 GPU=1 Worker 0 (model_2) TP=0] In handle deactivate request, waiting queue size: 0. Running batch size: 0, last batch size: 0
[2026-08-22 09:11:56.245 GPU=1 Worker 0 (model_2) TP=0] [PAPER-MIGRATION-TIMELINE] {"event": "request_drain", "model": "model_2", "gpu_id": 1, "start": 1787389916.2448285, "end": 1787389916.2451804, "preempt": false}
[2026-08-22 09:11:56.245 GPU=1 Worker 0 (model_2) TP=0] Process ongoing requests with preempt (False) takes 0.0004 s
[2026-08-22 09:11:56.248 GPU=1 Worker 0 (model_2) TP=0] [PAPER-KV-V6] {"event": "stash", "model": "Qwen/Qwen2.5-1.5B-Instruct", "source_gpu": 1, "logical_model": "model_2", "start": 1787389916.245349, "end": 1787389916.2483451, "requests": 0, "tokens": 0, "kv_bytes": 0, "capture_failures": 0}
[2026-08-22 09:11:56.293 GPU=1 Worker 1 (model_3) TP=0] Prefill batch. #new-seq: 2, #new-token: 298, #cached-token: 0, cache hit rate: 0.00%, token usage: 0.69, #running-req: 500, #queue-req: 0
[2026-08-22 09:11:56.296 GPU=0 Worker 2 (model_5) TP=0] Prefill batch. #new-seq: 1, #new-token: 98, #cached-token: 0, cache hit rate: 0.00%, token usage: 0.80, #running-req: 328, #queue-req: 0
[2026-08-22 09:11:56.326 GPU=1 Worker 1 (model_3) TP=0] Received 2 generation requests
[2026-08-22 09:11:56.403 GPU=1 Worker 1 (model_3) TP=0] Prefill batch. #new-seq: 2, #new-token: 450, #cached-token: 0, cache hit rate: 0.00%, token usage: 0.69, #running-req: 502, #queue-req: 0
[2026-08-22 09:11:56.429 GPU=1 Worker 1 (model_3) TP=0] Received 3 generation requests
[2026-08-22 09:11:56.946 GPU=1 Worker 1 (model_3) TP=0] Prefill batch. #new-seq: 3, #new-token: 1035, #cached-token: 0, cache hit rate: 0.00%, token usage: 0.70, #running-req: 504, #queue-req: 0
[2026-08-22 09:11:56.946 GPU=0 Worker 2 (model_5) TP=0] Received 1 generation requests
[2026-08-22 09:11:56.975 GPU=0 Worker 3 (model_6) TP=0] Decode batch. #running-req: 34, #token: 382546.0, token usage: 0.82, gen throughput (token/s): 307.09, #queue-req: 0
[2026-08-22 09:11:57.002 GPU=0 Worker 2 (model_5) TP=0] Prefill batch. #new-seq: 1, #new-token: 468, #cached-token: 0, cache hit rate: 0.00%, token usage: 0.80, #running-req: 328, #queue-req: 0
[2026-08-22 09:11:57.022 GPU=1 Worker 1 (model_3) TP=0] Received 11 generation requests
[2026-08-22 09:11:57.040 GPU=1 Worker 1 (model_3) TP=0] Prefill batch. #new-seq: 6, #new-token: 2290, #cached-token: 0, cache hit rate: 0.00%, token usage: 0.70, #running-req: 507, #queue-req: 5
[2026-08-22 09:11:57.105 GPU=1 Worker 1 (model_3) TP=0] Received 7 generation requests
[2026-08-22 09:11:57.143 GPU=1 Worker 1 (model_3) TP=0] Received 1 generation requests
[2026-08-22 09:11:57.146 GPU=1 Worker 1 (model_3) TP=0] Prefill batch. #new-seq: 3, #new-token: 407, #cached-token: 0, cache hit rate: 0.00%, token usage: 0.71, #running-req: 510, #queue-req: 10
[2026-08-22 09:11:57.250 GPU=1 Worker 1 (model_3) TP=0] Received 3 generation requests
[2026-08-22 09:11:57.257 GPU=0 Worker 2 (model_5) TP=0] Received 1 generation requests
[2026-08-22 09:11:57.260 GPU=0 Worker 2 (model_5) TP=0] Prefill batch. #new-seq: 1, #new-token: 151, #cached-token: 0, cache hit rate: 0.00%, token usage: 0.80, #running-req: 329, #queue-req: 0
[2026-08-22 09:11:57.288 GPU=1 Worker 1 (model_3) TP=0] Decode batch. #running-req: 508, #token: 162029, token usage: 0.69, gen throughput (token/s): 2819.69, #queue-req: 13
[2026-08-22 09:11:57.289 GPU=1 Worker 1 (model_3) TP=0] Received 1 generation requests
[2026-08-22 09:11:57.291 GPU=1 Worker 1 (model_3) TP=0] Prefill batch. #new-seq: 5, #new-token: 1697, #cached-token: 0, cache hit rate: 0.00%, token usage: 0.69, #running-req: 508, #queue-req: 9
[2026-08-22 09:11:57.344 GPU=1 Worker 1 (model_3) TP=0] Received 1 generation requests
[2026-08-22 09:11:57.382 GPU=1 Worker 1 (model_3) TP=0] Prefill batch. #new-seq: 2, #new-token: 249, #cached-token: 0, cache hit rate: 0.00%, token usage: 0.70, #running-req: 511, #queue-req: 8
[2026-08-22 09:11:57.401 GPU=0 Worker 2 (model_5) TP=0] Received 1 generation requests
[2026-08-22 09:11:57.402 GPU=0 Worker 2 (model_5) TP=0] Prefill batch. #new-seq: 1, #new-token: 38, #cached-token: 0, cache hit rate: 0.00%, token usage: 0.80, #running-req: 330, #queue-req: 0
[2026-08-22 09:11:57.434 GPU=1 Worker 1 (model_3) TP=0] Prefill batch. #new-seq: 1, #new-token: 411, #cached-token: 0, cache hit rate: 0.00%, token usage: 0.70, #running-req: 512, #queue-req: 7
[2026-08-22 09:11:57.490 GPU=1 Worker 1 (model_3) TP=0] Prefill batch. #new-seq: 2, #new-token: 963, #cached-token: 0, cache hit rate: 0.00%, token usage: 0.70, #running-req: 511, #queue-req: 5
[2026-08-22 09:11:57.503 GPU=1 Worker 0 (model_2) TP=0] Deactivate time cost: 1.2541s. Current available memory: 15.52 GB
[2026-08-22 09:11:57.503 GPU=1 Worker 0 (model_2) TP=0] [PAPER-MIGRATION-TIMELINE] {"event": "source_release", "model": "model_2", "gpu_id": 1, "time": 1787389917.503408}
[2026-08-22 09:11:57.504 GPU=1 Worker 0 (model_2) TP=0] Total time taken for deactivation is 1.26 s
[2026-08-22 09:11:57.504] [V5-HOP] {"action": "DeactivateReqInput", "model": "model_2", "gpu_id": 1, "register_s": 9.822845458984375e-05, "wait_for_engine_s": 1.2831470966339111, "total_s": 1.283245325088501}
[2026-08-22 09:11:57.504] [Server] Deactivate time cost: 1.2835s
[2026-08-22 09:11:57.534 GPU=0 Worker 2 (model_5) TP=0] Received 2 generation requests
[2026-08-22 09:11:57.536 GPU=0 Worker 2 (model_5) TP=0] Prefill batch. #new-seq: 2, #new-token: 47, #cached-token: 0, cache hit rate: 0.00%, token usage: 0.79, #running-req: 329, #queue-req: 0
[2026-08-22 09:11:57.588 GPU=1 Worker 1 (model_3) TP=0] Prefill batch. #new-seq: 3, #new-token: 640, #cached-token: 0, cache hit rate: 0.00%, token usage: 0.70, #running-req: 510, #queue-req: 2
[2026-08-22 09:11:57.699 GPU=1 Worker 1 (model_3) TP=0] Received 1 generation requests
[2026-08-22 09:11:57.727 GPU=0 Worker 2 (model_5) TP=0] Received 1 generation requests
[2026-08-22 09:11:57.782 GPU=0 Worker 2 (model_5) TP=0] Prefill batch. #new-seq: 1, #new-token: 220, #cached-token: 0, cache hit rate: 0.00%, token usage: 0.79, #running-req: 328, #queue-req: 0
[2026-08-22 09:11:57.785 GPU=1 Worker 1 (model_3) TP=0] Prefill batch. #new-seq: 3, #new-token: 474, #cached-token: 0, cache hit rate: 0.00%, token usage: 0.70, #running-req: 507, #queue-req: 0
[2026-08-22 09:11:57.862 GPU=1 Worker 1 (model_3) TP=0] Received 1 generation requests
[2026-08-22 09:11:57.872 GPU=1 Worker 1 (model_3) TP=0] Prefill batch. #new-seq: 1, #new-token: 476, #cached-token: 0, cache hit rate: 0.00%, token usage: 0.70, #running-req: 510, #queue-req: 0
[2026-08-22 09:11:57.944 GPU=1 Worker 1 (model_3) TP=0] Received 3 generation requests
[2026-08-22 09:11:58.202 GPU=0 Worker 2 (model_5) TP=0] Received 1 generation requests
[2026-08-22 09:11:58.481 GPU=0 Worker 2 (model_5) TP=0] Prefill batch. #new-seq: 1, #new-token: 14, #cached-token: 0, cache hit rate: 0.00%, token usage: 0.79, #running-req: 329, #queue-req: 0
[2026-08-22 09:11:58.481 GPU=1 Worker 1 (model_3) TP=0] Prefill batch. #new-seq: 2, #new-token: 651, #cached-token: 0, cache hit rate: 0.00%, token usage: 0.71, #running-req: 511, #queue-req: 1
[2026-08-22 09:11:58.481 GPU=0 Worker 3 (model_6) TP=0] Received 3 generation requests
[2026-08-22 09:11:58.575 GPU=0 Worker 3 (model_6) TP=0] Prefill batch. #new-seq: 3, #new-token: 286, #cached-token: 0, cache hit rate: 0.00%, token usage: 0.81, #running-req: 22, #queue-req: 0
[2026-08-22 09:11:58.617 GPU=0 Worker 2 (model_5) TP=0] Received 1 generation requests
[2026-08-22 09:11:58.617 GPU=1 Worker 1 (model_3) TP=0] Received 11 generation requests
[2026-08-22 09:11:58.635 GPU=0 Worker 2 (model_5) TP=0] Prefill batch. #new-seq: 1, #new-token: 1200, #cached-token: 0, cache hit rate: 0.00%, token usage: 0.79, #running-req: 330, #queue-req: 0
[2026-08-22 09:11:58.683 GPU=1 Worker 1 (model_3) TP=0] Received 3 generation requests
[2026-08-22 09:11:58.687 GPU=1 Worker 1 (model_3) TP=0] Prefill batch. #new-seq: 1, #new-token: 93, #cached-token: 0, cache hit rate: 0.00%, token usage: 0.69, #running-req: 512, #queue-req: 14
[2026-08-22 09:11:58.736 GPU=1 Worker 1 (model_3) TP=0] Prefill batch. #new-seq: 11, #new-token: 4242, #cached-token: 0, cache hit rate: 0.00%, token usage: 0.69, #running-req: 502, #queue-req: 3
[2026-08-22 09:11:58.857 GPU=1 Worker 1 (model_3) TP=0] Received 2 generation requests
[2026-08-22 09:11:58.896 GPU=1 Worker 1 (model_3) TP=0] Received 1 generation requests
[2026-08-22 09:11:58.898 GPU=1 Worker 1 (model_3) TP=0] Prefill batch. #new-seq: 3, #new-token: 1973, #cached-token: 0, cache hit rate: 0.00%, token usage: 0.70, #running-req: 510, #queue-req: 3
[2026-08-22 09:11:58.908 GPU=0 Worker 3 (model_6) TP=0] Received 1 generation requests
[2026-08-22 09:11:58.912 GPU=0 Worker 3 (model_6) TP=0] Prefill batch. #new-seq: 1, #new-token: 734, #cached-token: 0, cache hit rate: 0.00%, token usage: 0.81, #running-req: 24, #queue-req: 0
[2026-08-22 09:11:58.955 GPU=1 Worker 1 (model_3) TP=0] Received 1 generation requests
[2026-08-22 09:11:58.992 GPU=1 Worker 1 (model_3) TP=0] Received 2 generation requests
[2026-08-22 09:11:58.994 GPU=1 Worker 1 (model_3) TP=0] Prefill batch. #new-seq: 4, #new-token: 982, #cached-token: 0, cache hit rate: 0.00%, token usage: 0.71, #running-req: 509, #queue-req: 2
[2026-08-22 09:11:59.060 GPU=1 Worker 1 (model_3) TP=0] Received 1 generation requests
[2026-08-22 09:11:59.062 GPU=1 Worker 1 (model_3) TP=0] Prefill batch. #new-seq: 2, #new-token: 324, #cached-token: 0, cache hit rate: 0.00%, token usage: 0.72, #running-req: 511, #queue-req: 1
[2026-08-22 09:11:59.078 GPU=1 Worker 1 (model_3) TP=0] Received 1 generation requests
[2026-08-22 09:11:59.118 GPU=1 Worker 1 (model_3) TP=0] Prefill batch. #new-seq: 2, #new-token: 1104, #cached-token: 0, cache hit rate: 0.00%, token usage: 0.71, #running-req: 511, #queue-req: 0
[2026-08-22 09:11:59.303 GPU=0 Worker 3 (model_6) TP=0] Decode batch. #running-req: 25, #token: 377802.0, token usage: 0.81, gen throughput (token/s): 486.65, #queue-req: 0
[2026-08-22 09:11:59.369 GPU=1 Worker 1 (model_3) TP=0] Received 1 generation requests
[2026-08-22 09:11:59.503 GPU=1 Worker 1 (model_3) TP=0] Prefill batch. #new-seq: 1, #new-token: 359, #cached-token: 0, cache hit rate: 0.00%, token usage: 0.70, #running-req: 498, #queue-req: 0
[2026-08-22 09:11:59.527 GPU=1 Worker 1 (model_3) TP=0] Received 1 generation requests
[2026-08-22 09:11:59.546 GPU=1 Worker 1 (model_3) TP=0] Prefill batch. #new-seq: 1, #new-token: 66, #cached-token: 0, cache hit rate: 0.00%, token usage: 0.70, #running-req: 499, #queue-req: 0
[2026-08-22 09:11:59.993 GPU=1 Worker 1 (model_3) TP=0] Received 7 generation requests
[2026-08-22 09:12:00.071 GPU=1 Worker 1 (model_3) TP=0] Prefill batch. #new-seq: 7, #new-token: 3039, #cached-token: 0, cache hit rate: 0.00%, token usage: 0.70, #running-req: 500, #queue-req: 0
[2026-08-22 09:12:00.200 GPU=1 Worker 1 (model_3) TP=0] Received 1 generation requests
[2026-08-22 09:12:00.310 GPU=1 Worker 1 (model_3) TP=0] Prefill batch. #new-seq: 1, #new-token: 19, #cached-token: 0, cache hit rate: 0.00%, token usage: 0.72, #running-req: 507, #queue-req: 0
[2026-08-22 09:12:00.318 GPU=0 Worker 2 (model_5) TP=0] Received 4 generation requests
[2026-08-22 09:12:00.329 GPU=0 Worker 2 (model_5) TP=0] Prefill batch. #new-seq: 4, #new-token: 2833, #cached-token: 0, cache hit rate: 0.00%, token usage: 0.78, #running-req: 329, #queue-req: 0
[2026-08-22 09:12:00.335 GPU=1 Worker 1 (model_3) TP=0] Received 1 generation requests
[2026-08-22 09:12:00.338 GPU=1 Worker 1 (model_3) TP=0] Prefill batch. #new-seq: 1, #new-token: 49, #cached-token: 0, cache hit rate: 0.00%, token usage: 0.72, #running-req: 508, #queue-req: 0
[2026-08-22 09:12:00.362 GPU=1 Worker 1 (model_3) TP=0] Received 1 generation requests
[2026-08-22 09:12:00.367 GPU=1 Worker 1 (model_3) TP=0] Prefill batch. #new-seq: 1, #new-token: 829, #cached-token: 0, cache hit rate: 0.00%, token usage: 0.72, #running-req: 509, #queue-req: 0
[2026-08-22 09:12:00.511 GPU=1 Worker 1 (model_3) TP=0] Received 2 generation requests
[2026-08-22 09:12:00.513 GPU=1 Worker 1 (model_3) TP=0] Prefill batch. #new-seq: 2, #new-token: 167, #cached-token: 0, cache hit rate: 0.00%, token usage: 0.71, #running-req: 501, #queue-req: 0
[2026-08-22 09:12:00.619 GPU=0 Worker 3 (model_6) TP=0] Received 1 generation requests
[2026-08-22 09:12:00.623 GPU=0 Worker 3 (model_6) TP=0] Prefill batch. #new-seq: 1, #new-token: 19, #cached-token: 0, cache hit rate: 0.00%, token usage: 0.81, #running-req: 21, #queue-req: 0
[2026-08-22 09:12:00.632 GPU=1 Worker 1 (model_3) TP=0] Received 1 generation requests
[2026-08-22 09:12:00.633 GPU=1 Worker 1 (model_3) TP=0] Prefill batch. #new-seq: 1, #new-token: 41, #cached-token: 0, cache hit rate: 0.00%, token usage: 0.70, #running-req: 496, #queue-req: 0
[2026-08-22 09:12:00.676 GPU=1 Worker 1 (model_3) TP=0] Received 1 generation requests
[2026-08-22 09:12:00.775 GPU=1 Worker 1 (model_3) TP=0] Prefill batch. #new-seq: 1, #new-token: 13, #cached-token: 0, cache hit rate: 0.00%, token usage: 0.70, #running-req: 497, #queue-req: 0
[2026-08-22 09:12:00.814 GPU=1 Worker 1 (model_3) TP=0] Received 1 generation requests
[2026-08-22 09:12:00.911 GPU=1 Worker 1 (model_3) TP=0] Prefill batch. #new-seq: 1, #new-token: 65, #cached-token: 0, cache hit rate: 0.00%, token usage: 0.70, #running-req: 498, #queue-req: 0
[2026-08-22 09:12:00.911 GPU=0 Worker 2 (model_5) TP=0] Received 1 generation requests
[2026-08-22 09:12:00.913 GPU=0 Worker 2 (model_5) TP=0] Prefill batch. #new-seq: 1, #new-token: 10, #cached-token: 0, cache hit rate: 0.00%, token usage: 0.79, #running-req: 329, #queue-req: 0
[2026-08-22 09:12:00.994 GPU=1 Worker 1 (model_3) TP=0] Received 6 generation requests
[2026-08-22 09:12:01.312 GPU=0 Worker 2 (model_5) TP=0] Received 1 generation requests
[2026-08-22 09:12:01.371 GPU=1 Worker 1 (model_3) TP=0] Prefill batch. #new-seq: 6, #new-token: 3947, #cached-token: 0, cache hit rate: 0.00%, token usage: 0.70, #running-req: 499, #queue-req: 0
[2026-08-22 09:12:01.371 GPU=0 Worker 3 (model_6) TP=0] Received 3 generation requests
[2026-08-22 09:12:01.377] Sending deactivate request to GPU scheduler 1
[2026-08-22 09:12:01.378] Sending deactivate request to GPU scheduler 1
[2026-08-22 09:12:01.700 GPU=0 Worker 2 (model_5) TP=0] Prefill batch. #new-seq: 1, #new-token: 299, #cached-token: 0, cache hit rate: 0.00%, token usage: 0.79, #running-req: 329, #queue-req: 0
[2026-08-22 09:12:01.700 GPU=1 Worker 1 (model_3) TP=0] Received 8 generation requests
[2026-08-22 09:12:01.701 GPU=1 Worker 3 (model_4) TP=0] Scheduler: Received 1 requests from gpu scheduler
[2026-08-22 09:12:01.702 GPU=1 Worker 3 (model_4) TP=0] Processing deactivate request
[2026-08-22 09:12:01.702 GPU=1 Worker 3 (model_4) TP=0] [PAPER-OVERLAP-V6] {"event": "source_quiesce", "model": "model_4", "gpu": 1, "rid": "e3a05d52f6ed43fa8924ff75bfacd63e", "time": 1787389921.7023385, "was_serving": true}
[2026-08-22 09:12:01.702 GPU=1 Worker 3 (model_4) TP=0] Scheduler receives the deactivate requests with rid: e3a05d52f6ed43fa8924ff75bfacd63e
[2026-08-22 09:12:01.702 GPU=1 Worker 3 (model_4) TP=0] In handle deactivate request, waiting queue size: 0. Running batch size: 0, last batch size: 0
[2026-08-22 09:12:01.702 GPU=1 Worker 3 (model_4) TP=0] [PAPER-MIGRATION-TIMELINE] {"event": "request_drain", "model": "model_4", "gpu_id": 1, "start": 1787389921.7025063, "end": 1787389921.7026508, "preempt": false}
[2026-08-22 09:12:01.702 GPU=1 Worker 2 (model_1) TP=0] Scheduler: Received 1 requests from gpu scheduler
[2026-08-22 09:12:01.702 GPU=1 Worker 3 (model_4) TP=0] Process ongoing requests with preempt (False) takes 0.0001 s
[2026-08-22 09:12:01.702 GPU=1 Worker 2 (model_1) TP=0] Processing deactivate request
[2026-08-22 09:12:01.702 GPU=1 Worker 2 (model_1) TP=0] [PAPER-OVERLAP-V6] {"event": "source_quiesce", "model": "model_1", "gpu": 1, "rid": "aff6643d512a4546bb064d62bb691b2b", "time": 1787389921.7028277, "was_serving": true}
[2026-08-22 09:12:01.702 GPU=1 Worker 2 (model_1) TP=0] Scheduler receives the deactivate requests with rid: aff6643d512a4546bb064d62bb691b2b
[2026-08-22 09:12:01.703 GPU=1 Worker 2 (model_1) TP=0] In handle deactivate request, waiting queue size: 0. Running batch size: 0, last batch size: 0
[2026-08-22 09:12:01.703 GPU=1 Worker 2 (model_1) TP=0] [PAPER-MIGRATION-TIMELINE] {"event": "request_drain", "model": "model_1", "gpu_id": 1, "start": 1787389921.7029934, "end": 1787389921.7031775, "preempt": false}
[2026-08-22 09:12:01.703 GPU=1 Worker 2 (model_1) TP=0] Process ongoing requests with preempt (False) takes 0.0002 s
[2026-08-22 09:12:01.703 GPU=1 Worker 3 (model_4) TP=0] [PAPER-KV-V6] {"event": "stash", "model": "Qwen/Qwen2.5-3B-Instruct", "source_gpu": 1, "logical_model": "model_4", "start": 1787389921.7028122, "end": 1787389921.7039068, "requests": 0, "tokens": 0, "kv_bytes": 0, "capture_failures": 0}
[2026-08-22 09:12:01.705 GPU=1 Worker 2 (model_1) TP=0] [PAPER-KV-V6] {"event": "stash", "model": "meta-llama/Llama-3.2-1B", "source_gpu": 1, "logical_model": "model_1", "start": 1787389921.7033384, "end": 1787389921.7051, "requests": 0, "tokens": 0, "kv_bytes": 0, "capture_failures": 0}
[2026-08-22 09:12:01.744 GPU=0 Worker 3 (model_6) TP=0] Prefill batch. #new-seq: 3, #new-token: 237, #cached-token: 0, cache hit rate: 0.00%, token usage: 0.81, #running-req: 21, #queue-req: 0
[2026-08-22 09:12:01.786 GPU=1 Worker 1 (model_3) TP=0] Prefill batch. #new-seq: 8, #new-token: 1338, #cached-token: 0, cache hit rate: 0.00%, token usage: 0.72, #running-req: 505, #queue-req: 0
[2026-08-22 09:12:01.804 GPU=0 Worker 2 (model_5) TP=0] Received 1 generation requests
[2026-08-22 09:12:01.806 GPU=0 Worker 2 (model_5) TP=0] Prefill batch. #new-seq: 1, #new-token: 22, #cached-token: 0, cache hit rate: 0.00%, token usage: 0.79, #running-req: 330, #queue-req: 0
[2026-08-22 09:12:01.830 GPU=1 Worker 1 (model_3) TP=0] Received 6 generation requests
[2026-08-22 09:12:01.871 GPU=1 Worker 1 (model_3) TP=0] Prefill batch. #new-seq: 4, #new-token: 915, #cached-token: 0, cache hit rate: 0.00%, token usage: 0.72, #running-req: 509, #queue-req: 2
[2026-08-22 09:12:01.929 GPU=0 Worker 2 (model_5) TP=0] Received 1 generation requests
[2026-08-22 09:12:01.931 GPU=0 Worker 2 (model_5) TP=0] Prefill batch. #new-seq: 1, #new-token: 105, #cached-token: 0, cache hit rate: 0.00%, token usage: 0.79, #running-req: 331, #queue-req: 0
[2026-08-22 09:12:01.943 GPU=1 Worker 1 (model_3) TP=0] Received 2 generation requests
[2026-08-22 09:12:01.984 GPU=1 Worker 1 (model_3) TP=0] Received 1 generation requests
[2026-08-22 09:12:02.019 GPU=1 Worker 1 (model_3) TP=0] Received 1 generation requests
[2026-08-22 09:12:02.021 GPU=1 Worker 1 (model_3) TP=0] Prefill batch. #new-seq: 5, #new-token: 1760, #cached-token: 0, cache hit rate: 0.00%, token usage: 0.71, #running-req: 508, #queue-req: 1
[2026-08-22 09:12:02.066 GPU=0 Worker 2 (model_5) TP=0] Decode batch. #running-req: 332, #token: 161749.0, token usage: 0.79, gen throughput (token/s): 1192.26, #queue-req: 0
[2026-08-22 09:12:02.110 GPU=1 Worker 1 (model_3) TP=0] Received 2 generation requests
[2026-08-22 09:12:02.117 GPU=1 Worker 1 (model_3) TP=0] Prefill batch. #new-seq: 1, #new-token: 27, #cached-token: 0, cache hit rate: 0.00%, token usage: 0.72, #running-req: 512, #queue-req: 2
[2026-08-22 09:12:02.129 GPU=1 Worker 1 (model_3) TP=0] Received 1 generation requests
[2026-08-22 09:12:02.180 GPU=1 Worker 1 (model_3) TP=0] Received 4 generation requests
[2026-08-22 09:12:02.184 GPU=1 Worker 1 (model_3) TP=0] Prefill batch. #new-seq: 1, #new-token: 1896, #cached-token: 0, cache hit rate: 0.00%, token usage: 0.72, #running-req: 512, #queue-req: 6
[2026-08-22 09:12:02.268 GPU=0 Worker 3 (model_6) TP=0] Received 1 generation requests
[2026-08-22 09:12:02.275 GPU=0 Worker 3 (model_6) TP=0] Prefill batch. #new-seq: 1, #new-token: 214, #cached-token: 0, cache hit rate: 0.00%, token usage: 0.81, #running-req: 23, #queue-req: 0
[2026-08-22 09:12:02.293 GPU=1 Worker 1 (model_3) TP=0] Prefill batch. #new-seq: 2, #new-token: 619, #cached-token: 0, cache hit rate: 0.00%, token usage: 0.73, #running-req: 511, #queue-req: 4
[2026-08-22 09:12:02.308 GPU=1 Worker 2 (model_1) TP=0] Deactivate time cost: 0.6024s. Current available memory: 17.95 GB
[2026-08-22 09:12:02.308 GPU=1 Worker 2 (model_1) TP=0] [PAPER-MIGRATION-TIMELINE] {"event": "source_release", "model": "model_1", "gpu_id": 1, "time": 1787389922.308455}
[2026-08-22 09:12:02.309 GPU=1 Worker 2 (model_1) TP=0] Total time taken for deactivation is 0.61 s
[2026-08-22 09:12:02.309] [V5-HOP] {"action": "DeactivateReqInput", "model": "model_1", "gpu_id": 1, "register_s": 5.173683166503906e-05, "wait_for_engine_s": 0.9315371513366699, "total_s": 0.931588888168335}
[2026-08-22 09:12:02.310] [Server] Deactivate time cost: 0.9319s
[2026-08-22 09:12:02.334 GPU=0 Worker 3 (model_6) TP=0] Received 1 generation requests
[2026-08-22 09:12:02.338 GPU=0 Worker 3 (model_6) TP=0] Prefill batch. #new-seq: 1, #new-token: 276, #cached-token: 0, cache hit rate: 0.00%, token usage: 0.81, #running-req: 24, #queue-req: 0
[2026-08-22 09:12:02.368 GPU=1 Worker 1 (model_3) TP=0] Prefill batch. #new-seq: 1, #new-token: 346, #cached-token: 0, cache hit rate: 0.00%, token usage: 0.73, #running-req: 512, #queue-req: 3
[2026-08-22 09:12:02.425 GPU=0 Worker 3 (model_6) TP=0] Received 2 generation requests
[2026-08-22 09:12:02.496 GPU=1 Worker 1 (model_3) TP=0] Prefill batch. #new-seq: 2, #new-token: 769, #cached-token: 0, cache hit rate: 0.00%, token usage: 0.73, #running-req: 511, #queue-req: 1
[2026-08-22 09:12:02.532 GPU=0 Worker 3 (model_6) TP=0] Prefill batch. #new-seq: 2, #new-token: 84, #cached-token: 0, cache hit rate: 0.00%, token usage: 0.81, #running-req: 25, #queue-req: 0
[2026-08-22 09:12:02.573 GPU=0 Worker 3 (model_6) TP=0] Received 2 generation requests
[2026-08-22 09:12:02.721 GPU=0 Worker 3 (model_6) TP=0] Prefill batch. #new-seq: 2, #new-token: 430, #cached-token: 0, cache hit rate: 0.00%, token usage: 0.81, #running-req: 27, #queue-req: 0
[2026-08-22 09:12:02.762 GPU=0 Worker 3 (model_6) TP=0] Received 3 generation requests
[2026-08-22 09:12:03.242 GPU=0 Worker 3 (model_6) TP=0] Prefill batch. #new-seq: 3, #new-token: 71, #cached-token: 0, cache hit rate: 0.00%, token usage: 0.81, #running-req: 29, #queue-req: 0
[2026-08-22 09:12:03.278 GPU=1 Worker 1 (model_3) TP=0] Prefill batch. #new-seq: 1, #new-token: 24, #cached-token: 0, cache hit rate: 0.00%, token usage: 0.72, #running-req: 510, #queue-req: 0
[2026-08-22 09:12:03.279 GPU=0 Worker 3 (model_6) TP=0] Received 4 generation requests
[2026-08-22 09:12:03.294 GPU=0 Worker 3 (model_6) TP=0] Prefill batch. #new-seq: 4, #new-token: 1535, #cached-token: 0, cache hit rate: 0.00%, token usage: 0.80, #running-req: 32, #queue-req: 0
[2026-08-22 09:12:03.303 GPU=1 Worker 1 (model_3) TP=0] Received 1 generation requests
[2026-08-22 09:12:03.308 GPU=1 Worker 1 (model_3) TP=0] Prefill batch. #new-seq: 1, #new-token: 355, #cached-token: 0, cache hit rate: 0.00%, token usage: 0.72, #running-req: 511, #queue-req: 0
[2026-08-22 09:12:03.314 GPU=0 Worker 2 (model_5) TP=0] Received 4 generation requests
[2026-08-22 09:12:03.331 GPU=0 Worker 2 (model_5) TP=0] Prefill batch. #new-seq: 4, #new-token: 1721, #cached-token: 0, cache hit rate: 0.00%, token usage: 0.78, #running-req: 326, #queue-req: 0
[2026-08-22 09:12:03.374 GPU=1 Worker 3 (model_4) TP=0] Deactivate time cost: 1.6704s. Current available memory: 19.46 GB
[2026-08-22 09:12:03.375 GPU=1 Worker 3 (model_4) TP=0] [PAPER-MIGRATION-TIMELINE] {"event": "source_release", "model": "model_4", "gpu_id": 1, "time": 1787389923.3749764}
[2026-08-22 09:12:03.375 GPU=1 Worker 3 (model_4) TP=0] Total time taken for deactivation is 1.67 s
[2026-08-22 09:12:03.376] [V5-HOP] {"action": "DeactivateReqInput", "model": "model_4", "gpu_id": 1, "register_s": 7.43865966796875e-05, "wait_for_engine_s": 1.998504400253296, "total_s": 1.9985787868499756}
[2026-08-22 09:12:03.376] [Server] Deactivate time cost: 1.9990s
[2026-08-22 09:12:03.497 GPU=0 Worker 3 (model_6) TP=0] Received 1 generation requests
[2026-08-22 09:12:03.500 GPU=0 Worker 3 (model_6) TP=0] Prefill batch. #new-seq: 1, #new-token: 393, #cached-token: 0, cache hit rate: 0.00%, token usage: 0.81, #running-req: 36, #queue-req: 0
[2026-08-22 09:12:03.591 GPU=0 Worker 3 (model_6) TP=0] Received 1 generation requests
[2026-08-22 09:12:03.594 GPU=0 Worker 3 (model_6) TP=0] Prefill batch. #new-seq: 1, #new-token: 238, #cached-token: 0, cache hit rate: 0.00%, token usage: 0.81, #running-req: 37, #queue-req: 0
[2026-08-22 09:12:03.681 GPU=0 Worker 3 (model_6) TP=0] Decode batch. #running-req: 38, #token: 377555.0, token usage: 0.81, gen throughput (token/s): 216.55, #queue-req: 0
[2026-08-22 09:12:03.681 GPU=0 Worker 3 (model_6) TP=0] Received 1 generation requests
[2026-08-22 09:12:03.682 GPU=0 Worker 3 (model_6) TP=0] Prefill batch. #new-seq: 1, #new-token: 13, #cached-token: 0, cache hit rate: 0.00%, token usage: 0.81, #running-req: 38, #queue-req: 0
[2026-08-22 09:12:03.724 GPU=1 Worker 1 (model_3) TP=0] Decode batch. #running-req: 480, #token: 164247, token usage: 0.70, gen throughput (token/s): 3128.77, #queue-req: 0
[2026-08-22 09:12:03.758 GPU=1 Worker 1 (model_3) TP=0] Received 1 generation requests
[2026-08-22 09:12:03.760 GPU=1 Worker 1 (model_3) TP=0] Prefill batch. #new-seq: 1, #new-token: 486, #cached-token: 0, cache hit rate: 0.00%, token usage: 0.71, #running-req: 480, #queue-req: 0
[2026-08-22 09:12:03.761 GPU=0 Worker 3 (model_6) TP=0] Received 1 generation requests
[2026-08-22 09:12:03.766 GPU=0 Worker 3 (model_6) TP=0] Prefill batch. #new-seq: 1, #new-token: 557, #cached-token: 0, cache hit rate: 0.00%, token usage: 0.81, #running-req: 39, #queue-req: 0
[2026-08-22 09:12:03.874 GPU=0 Worker 3 (model_6) TP=0] Received 1 generation requests
[2026-08-22 09:12:03.976 GPU=0 Worker 3 (model_6) TP=0] Prefill batch. #new-seq: 1, #new-token: 338, #cached-token: 0, cache hit rate: 0.00%, token usage: 0.81, #running-req: 40, #queue-req: 0
[2026-08-22 09:12:04.091 GPU=0 Worker 3 (model_6) TP=0] Received 3 generation requests
[2026-08-22 09:12:04.208 GPU=0 Worker 3 (model_6) TP=0] Prefill batch. #new-seq: 3, #new-token: 3226, #cached-token: 0, cache hit rate: 0.00%, token usage: 0.81, #running-req: 41, #queue-req: 0
[2026-08-22 09:12:04.665 GPU=0 Worker 3 (model_6) TP=0] Received 3 generation requests
[2026-08-22 09:12:04.673 GPU=0 Worker 3 (model_6) TP=0] Prefill batch. #new-seq: 3, #new-token: 730, #cached-token: 0, cache hit rate: 0.00%, token usage: 0.82, #running-req: 44, #queue-req: 0
[2026-08-22 09:12:04.782 GPU=0 Worker 3 (model_6) TP=0] Received 5 generation requests
[2026-08-22 09:12:04.788 GPU=0 Worker 3 (model_6) TP=0] Prefill batch. #new-seq: 5, #new-token: 1316, #cached-token: 0, cache hit rate: 0.00%, token usage: 0.82, #running-req: 47, #queue-req: 0
[2026-08-22 09:12:04.990 GPU=0 Worker 3 (model_6) TP=0] Received 3 generation requests
[2026-08-22 09:12:04.991 GPU=0 Worker 3 (model_6) TP=0] Prefill batch. #new-seq: 3, #new-token: 241, #cached-token: 0, cache hit rate: 0.00%, token usage: 0.82, #running-req: 52, #queue-req: 0
[2026-08-22 09:12:05.052 GPU=0 Worker 3 (model_6) TP=0] Received 1 generation requests
[2026-08-22 09:12:05.053 GPU=0 Worker 3 (model_6) TP=0] Prefill batch. #new-seq: 1, #new-token: 304, #cached-token: 0, cache hit rate: 0.00%, token usage: 0.82, #running-req: 55, #queue-req: 0
[2026-08-22 09:12:05.119 GPU=0 Worker 3 (model_6) TP=0] Received 2 generation requests
[2026-08-22 09:12:05.128 GPU=0 Worker 3 (model_6) TP=0] Prefill batch. #new-seq: 2, #new-token: 960, #cached-token: 0, cache hit rate: 0.00%, token usage: 0.82, #running-req: 56, #queue-req: 0
[2026-08-22 09:12:05.148 GPU=0 Worker 2 (model_5) TP=0] Received 2 generation requests
[2026-08-22 09:12:05.150 GPU=0 Worker 2 (model_5) TP=0] Prefill batch. #new-seq: 2, #new-token: 38, #cached-token: 0, cache hit rate: 0.00%, token usage: 0.75, #running-req: 303, #queue-req: 0
[2026-08-22 09:12:05.289 GPU=0 Worker 3 (model_6) TP=0] Received 3 generation requests
[2026-08-22 09:12:05.294 GPU=0 Worker 3 (model_6) TP=0] Prefill batch. #new-seq: 3, #new-token: 961, #cached-token: 0, cache hit rate: 0.00%, token usage: 0.83, #running-req: 58, #queue-req: 0
[2026-08-22 09:12:05.304 GPU=0 Worker 2 (model_5) TP=0] Received 2 generation requests
[2026-08-22 09:12:05.310 GPU=0 Worker 2 (model_5) TP=0] Prefill batch. #new-seq: 2, #new-token: 451, #cached-token: 0, cache hit rate: 0.00%, token usage: 0.74, #running-req: 304, #queue-req: 0
[2026-08-22 09:12:05.409 GPU=0 Worker 2 (model_5) TP=0] Received 1 generation requests
[2026-08-22 09:12:05.411 GPU=0 Worker 2 (model_5) TP=0] Prefill batch. #new-seq: 1, #new-token: 59, #cached-token: 0, cache hit rate: 0.00%, token usage: 0.75, #running-req: 306, #queue-req: 0
[2026-08-22 09:12:05.451 GPU=0 Worker 2 (model_5) TP=0] Received 2 generation requests
[2026-08-22 09:12:05.459 GPU=0 Worker 2 (model_5) TP=0] Prefill batch. #new-seq: 2, #new-token: 1025, #cached-token: 0, cache hit rate: 0.00%, token usage: 0.75, #running-req: 307, #queue-req: 0
[2026-08-22 09:12:05.550 GPU=1 Worker 1 (model_3) TP=0] Received 1 generation requests
[2026-08-22 09:12:05.554 GPU=1 Worker 1 (model_3) TP=0] Prefill batch. #new-seq: 1, #new-token: 330, #cached-token: 0, cache hit rate: 0.00%, token usage: 0.68, #running-req: 426, #queue-req: 0
[2026-08-22 09:12:05.608 GPU=0 Worker 3 (model_6) TP=0] Received 2 generation requests
[2026-08-22 09:12:05.709 GPU=0 Worker 3 (model_6) TP=0] Prefill batch. #new-seq: 2, #new-token: 43, #cached-token: 0, cache hit rate: 0.00%, token usage: 0.83, #running-req: 61, #queue-req: 0
[2026-08-22 09:12:05.748 GPU=1 Worker 1 (model_3) TP=0] Received 1 generation requests
[2026-08-22 09:12:05.789 GPU=1 Worker 1 (model_3) TP=0] Prefill batch. #new-seq: 1, #new-token: 266, #cached-token: 0, cache hit rate: 0.00%, token usage: 0.68, #running-req: 425, #queue-req: 0
[2026-08-22 09:12:05.823 GPU=0 Worker 3 (model_6) TP=0] Received 3 generation requests
[2026-08-22 09:12:05.823 GPU=0 Worker 2 (model_5) TP=0] Received 1 generation requests
[2026-08-22 09:12:05.856 GPU=0 Worker 2 (model_5) TP=0] Prefill batch. #new-seq: 1, #new-token: 26, #cached-token: 0, cache hit rate: 0.00%, token usage: 0.75, #running-req: 303, #queue-req: 0
[2026-08-22 09:12:05.857 GPU=0 Worker 3 (model_6) TP=0] Prefill batch. #new-seq: 3, #new-token: 1236, #cached-token: 0, cache hit rate: 0.00%, token usage: 0.83, #running-req: 63, #queue-req: 0
[2026-08-22 09:12:06.586] Sending activate request to GPU scheduler 1
[2026-08-22 09:12:06.589 GPU=1 Worker 0 (model_2) TP=0] Scheduler: Received 1 requests from gpu scheduler
[2026-08-22 09:12:06.589 GPU=1 Worker 0 (model_2) TP=0] Processing activate request
[2026-08-22 09:12:06.589 GPU=1 Worker 0 (model_2) TP=0] Scheduler receives the activate request with rid: 706577ec54b5429c8a7a274f1766d247
[2026-08-22 09:12:06.627 GPU=1 Worker 1 (model_3) TP=0] Decode batch. #running-req: 419, #token: 157419, token usage: 0.67, gen throughput (token/s): 6156.11, #queue-req: 0
[2026-08-22 09:12:06.677 GPU=1 Worker 1 (model_3) TP=0] Received 2 generation requests
[2026-08-22 09:12:06.726 GPU=1 Worker 1 (model_3) TP=0] Prefill batch. #new-seq: 2, #new-token: 517, #cached-token: 0, cache hit rate: 0.00%, token usage: 0.67, #running-req: 419, #queue-req: 0
[2026-08-22 09:12:06.727 GPU=0 Worker 2 (model_5) TP=0] Received 1 generation requests
[2026-08-22 09:12:06.729 GPU=0 Worker 2 (model_5) TP=0] Prefill batch. #new-seq: 1, #new-token: 57, #cached-token: 0, cache hit rate: 0.00%, token usage: 0.74, #running-req: 301, #queue-req: 0
[2026-08-22 09:12:07.028 GPU=0 Worker 3 (model_6) TP=0] Received 11 generation requests
[2026-08-22 09:12:07.054 GPU=0 Worker 3 (model_6) TP=0] Prefill batch. #new-seq: 11, #new-token: 4798, #cached-token: 0, cache hit rate: 0.00%, token usage: 0.83, #running-req: 66, #queue-req: 0
[2026-08-22 09:12:07.059 GPU=1 Worker 1 (model_3) TP=0] Received 1 generation requests
[2026-08-22 09:12:07.062 GPU=1 Worker 1 (model_3) TP=0] Prefill batch. #new-seq: 1, #new-token: 359, #cached-token: 0, cache hit rate: 0.00%, token usage: 0.67, #running-req: 413, #queue-req: 0
[2026-08-22 09:12:07.076 GPU=0 Worker 2 (model_5) TP=0] Received 1 generation requests
[2026-08-22 09:12:07.081 GPU=0 Worker 2 (model_5) TP=0] Prefill batch. #new-seq: 1, #new-token: 464, #cached-token: 0, cache hit rate: 0.00%, token usage: 0.74, #running-req: 295, #queue-req: 0
[2026-08-22 09:12:07.417 GPU=0 Worker 2 (model_5) TP=0] Received 2 generation requests
[2026-08-22 09:12:07.420 GPU=0 Worker 2 (model_5) TP=0] Prefill batch. #new-seq: 2, #new-token: 105, #cached-token: 0, cache hit rate: 0.00%, token usage: 0.75, #running-req: 294, #queue-req: 0
[2026-08-22 09:12:07.870 GPU=0 Worker 3 (model_6) TP=0] Received 11 generation requests
[2026-08-22 09:12:08.124 GPU=0 Worker 3 (model_6) TP=0] Prefill batch. #new-seq: 11, #new-token: 4985, #cached-token: 0, cache hit rate: 0.00%, token usage: 0.85, #running-req: 77, #queue-req: 0
[2026-08-22 09:12:08.156 GPU=1 Worker 1 (model_3) TP=0] Received 1 generation requests
[2026-08-22 09:12:08.156 GPU=1 Worker 0 (model_2) TP=0] Load model from model service end. Time cost: 1.5289s, loading time: 0.3495s, service_id: 4
[2026-08-22 09:12:08.157 GPU=1 Worker 1 (model_3) TP=0] Prefill batch. #new-seq: 1, #new-token: 77, #cached-token: 0, cache hit rate: 0.00%, token usage: 0.67, #running-req: 395, #queue-req: 0
[2026-08-22 09:12:08.158 GPU=1 Worker 0 (model_2) TP=0] Load GPU model end. Time cost: 1.5673s. Current available memory: 17.16 GB, model GPU memory usage: 2.30 GB
[2026-08-22 09:12:08.161 GPU=1 Worker 0 (model_2) TP=0] Elastic memory: kv_cache_manager_v0 initialized
[2026-08-22 09:12:08.172 GPU=0 Worker 2 (model_5) TP=0] Received 1 generation requests
[2026-08-22 09:12:08.173 GPU=0 Worker 2 (model_5) TP=0] Prefill batch. #new-seq: 1, #new-token: 32, #cached-token: 0, cache hit rate: 0.00%, token usage: 0.75, #running-req: 292, #queue-req: 0
[2026-08-22 09:12:08.249 GPU=1 Worker 0 (model_2) TP=0] Init attention backend end. Time cost: 0.0881s
[2026-08-22 09:12:08.249 GPU=1 Worker 0 (model_2) TP=0] Activate model model_1 (meta-llama/Llama-3.2-1B) time cost: 1.6604s.
[2026-08-22 09:12:08.250 GPU=1 Worker 0 (model_1) TP=0] Model runner activated
[2026-08-22 09:12:08.250 GPU=1 Worker 0 (model_1) TP=0] max_total_num_tokens=819200, max_prefill_tokens=16384, max_running_requests=513, 
[2026-08-22 09:12:08.250 GPU=1 Worker 0 (model_1) TP=0] Memory pool updated
[2026-08-22 09:12:08.254 GPU=1 Worker 0 (model_1) TP=0] Waiting requests restored
[2026-08-22 09:12:08.254 GPU=1 Worker 0 (model_1) TP=0] Scheduler activated. Activation takes 1.67 s
[2026-08-22 09:12:08.256] Detokenizer: Received activate request for model_1
[2026-08-22 09:12:08.257] [V5-HOP] {"action": "ActivateReqInput", "model": "model_1", "gpu_id": 1, "register_s": 0.00010371208190917969, "wait_for_engine_s": 1.6694996356964111, "total_s": 1.6696033477783203}
[2026-08-22 09:12:08.259 GPU=1 Worker 0 (model_1) TP=0] Received 1 generation requests
[2026-08-22 09:12:08.260] Sending activate request to GPU scheduler 1
[2026-08-22 09:12:08.261 GPU=1 Worker 3 (model_4) TP=0] Scheduler: Received 1 requests from gpu scheduler
[2026-08-22 09:12:08.261 GPU=1 Worker 3 (model_4) TP=0] Processing activate request
[2026-08-22 09:12:08.261 GPU=1 Worker 3 (model_4) TP=0] Scheduler receives the activate request with rid: 3b3d58f5117846f994b31a1aeee220ef
[2026-08-22 09:12:08.278 GPU=1 Worker 0 (model_1) TP=0] Prefill batch. #new-seq: 1, #new-token: 770, #cached-token: 0, cache hit rate: 0.00%, token usage: 0.50, #running-req: 0, #queue-req: 0
[2026-08-22 09:12:08.465 GPU=0 Worker 2 (model_5) TP=0] Received 2 generation requests
[2026-08-22 09:12:08.473 GPU=0 Worker 2 (model_5) TP=0] Prefill batch. #new-seq: 2, #new-token: 1440, #cached-token: 0, cache hit rate: 0.00%, token usage: 0.77, #running-req: 287, #queue-req: 0
[2026-08-22 09:12:08.709 GPU=0 Worker 2 (model_5) TP=0] Received 1 generation requests
[2026-08-22 09:12:08.711 GPU=0 Worker 2 (model_5) TP=0] Prefill batch. #new-seq: 1, #new-token: 32, #cached-token: 0, cache hit rate: 0.00%, token usage: 0.78, #running-req: 289, #queue-req: 0
[2026-08-22 09:12:08.801 GPU=0 Worker 3 (model_6) TP=0] Received 12 generation requests
[2026-08-22 09:12:08.906 GPU=0 Worker 3 (model_6) TP=0] Prefill batch. #new-seq: 12, #new-token: 5564, #cached-token: 0, cache hit rate: 0.00%, token usage: 0.88, #running-req: 88, #queue-req: 0
[2026-08-22 09:12:09.182 GPU=1 Worker 3 (model_4) TP=0] Load model from model service end. Time cost: 0.9201s, loading time: 0.4724s, service_id: 0
[2026-08-22 09:12:09.198 GPU=1 Worker 3 (model_4) TP=0] Load GPU model end. Time cost: 0.9207s. Current available memory: 12.89 GB, model GPU memory usage: 3.31 GB
[2026-08-22 09:12:09.206 GPU=1 Worker 3 (model_4) TP=0] Elastic memory: kv_cache_manager_v0 initialized
[2026-08-22 09:12:09.455 GPU=1 Worker 1 (model_3) TP=0] Received 1 generation requests
[2026-08-22 09:12:09.678 GPU=0 Worker 2 (model_5) TP=0] Received 1 generation requests
[2026-08-22 09:12:09.731 GPU=1 Worker 1 (model_3) TP=0] Prefill batch. #new-seq: 1, #new-token: 645, #cached-token: 0, cache hit rate: 0.00%, token usage: 0.66, #running-req: 374, #queue-req: 0
[2026-08-22 09:12:09.780 GPU=0 Worker 2 (model_5) TP=0] Prefill batch. #new-seq: 1, #new-token: 257, #cached-token: 0, cache hit rate: 0.00%, token usage: 0.76, #running-req: 281, #queue-req: 0
[2026-08-22 09:12:09.780 GPU=1 Worker 1 (model_3) TP=0] Received 1 generation requests
[2026-08-22 09:12:09.785 GPU=1 Worker 1 (model_3) TP=0] Prefill batch. #new-seq: 1, #new-token: 390, #cached-token: 0, cache hit rate: 0.00%, token usage: 0.66, #running-req: 375, #queue-req: 0
[2026-08-22 09:12:09.901 GPU=1 Worker 0 (model_1) TP=0] Received 1 generation requests
[2026-08-22 09:12:09.951 GPU=1 Worker 0 (model_1) TP=0] Prefill batch. #new-seq: 1, #new-token: 430, #cached-token: 0, cache hit rate: 0.00%, token usage: 0.66, #running-req: 0, #queue-req: 0
[2026-08-22 09:12:10.116 GPU=1 Worker 0 (model_1) TP=0] Decode batch. #running-req: 1, #token: 555446.0, token usage: 0.68, gen throughput (token/s): 0.73, #queue-req: 0
[2026-08-22 09:12:10.128 GPU=0 Worker 2 (model_5) TP=0] Received 1 generation requests
[2026-08-22 09:12:10.129 GPU=0 Worker 2 (model_5) TP=0] Prefill batch. #new-seq: 1, #new-token: 27, #cached-token: 0, cache hit rate: 0.00%, token usage: 0.78, #running-req: 278, #queue-req: 0
[2026-08-22 09:12:10.135 GPU=1 Worker 3 (model_4) TP=0] Init attention backend end. Time cost: 0.9294s
[2026-08-22 09:12:10.135 GPU=1 Worker 3 (model_4) TP=0] Activate model model_2 (Qwen/Qwen2.5-1.5B-Instruct) time cost: 1.8737s.
[2026-08-22 09:12:10.135 GPU=1 Worker 3 (model_2) TP=0] Model runner activated
[2026-08-22 09:12:10.135 GPU=1 Worker 3 (model_2) TP=0] max_total_num_tokens=933888, max_prefill_tokens=16384, max_running_requests=513, 
[2026-08-22 09:12:10.135 GPU=1 Worker 3 (model_2) TP=0] Memory pool updated
[2026-08-22 09:12:10.137 GPU=1 Worker 1 (model_3) TP=0] Decode batch. #running-req: 372, #token: 155296, token usage: 0.67, gen throughput (token/s): 4488.45, #queue-req: 0
[2026-08-22 09:12:10.137 GPU=1 Worker 3 (model_2) TP=0] Waiting requests restored
[2026-08-22 09:12:10.137 GPU=1 Worker 3 (model_2) TP=0] Scheduler activated. Activation takes 1.88 s
[2026-08-22 09:12:10.138] Detokenizer: Received activate request for model_2
[2026-08-22 09:12:10.139] [V5-HOP] {"action": "ActivateReqInput", "model": "model_2", "gpu_id": 1, "register_s": 6.29425048828125e-05, "wait_for_engine_s": 1.8786773681640625, "total_s": 1.8787403106689453}
[2026-08-22 09:12:10.139 GPU=1 Worker 3 (model_2) TP=0] Received 27 generation requests
[2026-08-22 09:12:10.165 GPU=1 Worker 3 (model_2) TP=0] Prefill batch. #new-seq: 27, #new-token: 7388, #cached-token: 0, cache hit rate: 0.00%, token usage: 0.68, #running-req: 0, #queue-req: 0
[2026-08-22 09:12:10.286 GPU=0 Worker 2 (model_5) TP=0] Decode batch. #running-req: 279, #token: 157631.0, token usage: 0.77, gen throughput (token/s): 1469.61, #queue-req: 0
[2026-08-22 09:12:10.286 GPU=0 Worker 2 (model_5) TP=0] Received 1 generation requests
[2026-08-22 09:12:10.289 GPU=0 Worker 2 (model_5) TP=0] Prefill batch. #new-seq: 1, #new-token: 639, #cached-token: 0, cache hit rate: 0.00%, token usage: 0.77, #running-req: 279, #queue-req: 0
[2026-08-22 09:12:10.431 GPU=1 Worker 3 (model_2) TP=0] Received 23 generation requests
[2026-08-22 09:12:10.570 GPU=1 Worker 3 (model_2) TP=0] Prefill batch. #new-seq: 23, #new-token: 8192, #cached-token: 0, cache hit rate: 0.00%, token usage: 0.71, #running-req: 27, #queue-req: 0
[2026-08-22 09:12:10.571 GPU=1 Worker 1 (model_3) TP=0] Received 1 generation requests
[2026-08-22 09:12:10.581 GPU=1 Worker 1 (model_3) TP=0] Prefill batch. #new-seq: 1, #new-token: 164, #cached-token: 0, cache hit rate: 0.00%, token usage: 0.67, #running-req: 368, #queue-req: 0
[2026-08-22 09:12:10.629 GPU=0 Worker 2 (model_5) TP=0] Received 1 generation requests
[2026-08-22 09:12:10.629 GPU=1 Worker 1 (model_3) TP=0] Received 1 generation requests
[2026-08-22 09:12:10.631 GPU=0 Worker 3 (model_6) TP=0] Received 11 generation requests
[2026-08-22 09:12:10.768 GPU=0 Worker 3 (model_6) TP=0] Prefill batch. #new-seq: 11, #new-token: 2167, #cached-token: 0, cache hit rate: 0.00%, token usage: 0.89, #running-req: 100, #queue-req: 0
[2026-08-22 09:12:10.768 GPU=0 Worker 2 (model_5) TP=0] Prefill batch. #new-seq: 1, #new-token: 96, #cached-token: 0, cache hit rate: 0.00%, token usage: 0.77, #running-req: 278, #queue-req: 0
[2026-08-22 09:12:10.768 GPU=1 Worker 1 (model_3) TP=0] Prefill batch. #new-seq: 1, #new-token: 24, #cached-token: 0, cache hit rate: 0.00%, token usage: 0.67, #running-req: 369, #queue-req: 0
[2026-08-22 09:12:11.319 GPU=0 Worker 2 (model_5) TP=0] Received 1 generation requests
[2026-08-22 09:12:11.419 GPU=0 Worker 2 (model_5) TP=0] Prefill batch. #new-seq: 1, #new-token: 15, #cached-token: 0, cache hit rate: 0.00%, token usage: 0.77, #running-req: 278, #queue-req: 0
[2026-08-22 09:12:11.448 GPU=0 Worker 2 (model_5) TP=0] Received 1 generation requests
[2026-08-22 09:12:11.457 GPU=0 Worker 2 (model_5) TP=0] Prefill batch. #new-seq: 1, #new-token: 898, #cached-token: 0, cache hit rate: 0.00%, token usage: 0.78, #running-req: 279, #queue-req: 0
[2026-08-22 09:12:11.457 GPU=1 Worker 1 (model_3) TP=0] Received 1 generation requests
[2026-08-22 09:12:11.460 GPU=1 Worker 1 (model_3) TP=0] Prefill batch. #new-seq: 1, #new-token: 16, #cached-token: 0, cache hit rate: 0.00%, token usage: 0.67, #running-req: 367, #queue-req: 0
[2026-08-22 09:12:11.723 GPU=0 Worker 3 (model_6) TP=0] Received 15 generation requests
[2026-08-22 09:12:11.729 GPU=1 Worker 3 (model_2) TP=0] Received 4 generation requests
[2026-08-22 09:12:11.732 GPU=1 Worker 3 (model_2) TP=0] Prefill batch. #new-seq: 5, #new-token: 787, #cached-token: 47, cache hit rate: 0.00%, token usage: 0.73, #running-req: 49, #queue-req: 1
[2026-08-22 09:12:11.751 GPU=0 Worker 3 (model_6) TP=0] Prefill batch. #new-seq: 15, #new-token: 4980, #cached-token: 0, cache hit rate: 0.00%, token usage: 0.90, #running-req: 111, #queue-req: 0
[2026-08-22 09:12:11.837 GPU=1 Worker 0 (model_1) TP=0] Decode batch. #running-req: 1, #token: 600542.0, token usage: 0.73, gen throughput (token/s): 23.25, #queue-req: 0
[2026-08-22 09:12:11.838 GPU=1 Worker 3 (model_2) TP=0] Received 1 generation requests
[2026-08-22 09:12:11.839 GPU=1 Worker 3 (model_2) TP=0] Prefill batch. #new-seq: 1, #new-token: 330, #cached-token: 0, cache hit rate: 0.00%, token usage: 0.73, #running-req: 54, #queue-req: 0
[2026-08-22 09:12:11.842 GPU=1 Worker 1 (model_3) TP=0] Received 1 generation requests
[2026-08-22 09:12:11.846 GPU=1 Worker 1 (model_3) TP=0] Prefill batch. #new-seq: 1, #new-token: 769, #cached-token: 0, cache hit rate: 0.00%, token usage: 0.67, #running-req: 363, #queue-req: 0
[2026-08-22 09:12:12.114 GPU=0 Worker 2 (model_5) TP=0] Received 1 generation requests
[2026-08-22 09:12:12.206 GPU=1 Worker 3 (model_2) TP=0] Received 2 generation requests
[2026-08-22 09:12:12.210 GPU=1 Worker 3 (model_2) TP=0] Prefill batch. #new-seq: 2, #new-token: 413, #cached-token: 0, cache hit rate: 0.00%, token usage: 0.73, #running-req: 55, #queue-req: 0
[2026-08-22 09:12:12.237 GPU=0 Worker 2 (model_5) TP=0] Prefill batch. #new-seq: 1, #new-token: 180, #cached-token: 0, cache hit rate: 0.00%, token usage: 0.78, #running-req: 270, #queue-req: 0
[2026-08-22 09:12:12.240 GPU=0 Worker 3 (model_6) TP=0] Received 17 generation requests
[2026-08-22 09:12:12.291 GPU=1 Worker 1 (model_3) TP=0] Received 1 generation requests
[2026-08-22 09:12:12.336 GPU=0 Worker 3 (model_6) TP=0] Prefill batch. #new-seq: 17, #new-token: 5161, #cached-token: 0, cache hit rate: 0.00%, token usage: 0.91, #running-req: 126, #queue-req: 0
[2026-08-22 09:12:12.428 GPU=1 Worker 1 (model_3) TP=0] Prefill batch. #new-seq: 1, #new-token: 44, #cached-token: 0, cache hit rate: 0.00%, token usage: 0.67, #running-req: 361, #queue-req: 0
[2026-08-22 09:12:12.456 GPU=1 Worker 3 (model_2) TP=0] Received 1 generation requests
[2026-08-22 09:12:12.463 GPU=1 Worker 3 (model_2) TP=0] Prefill batch. #new-seq: 1, #new-token: 87, #cached-token: 0, cache hit rate: 0.00%, token usage: 0.73, #running-req: 57, #queue-req: 0
[2026-08-22 09:12:12.480 GPU=0 Worker 2 (model_5) TP=0] Received 1 generation requests
[2026-08-22 09:12:12.745 GPU=1 Worker 3 (model_2) TP=0] Received 3 generation requests
[2026-08-22 09:12:12.968 GPU=0 Worker 2 (model_5) TP=0] Prefill batch. #new-seq: 1, #new-token: 61, #cached-token: 0, cache hit rate: 0.00%, token usage: 0.78, #running-req: 268, #queue-req: 0
[2026-08-22 09:12:13.081 GPU=1 Worker 3 (model_2) TP=0] Prefill batch. #new-seq: 3, #new-token: 2057, #cached-token: 0, cache hit rate: 0.00%, token usage: 0.73, #running-req: 58, #queue-req: 0
[2026-08-22 09:12:13.131 GPU=0 Worker 2 (model_5) TP=0] Received 1 generation requests
[2026-08-22 09:12:13.240 GPU=1 Worker 3 (model_2) TP=0] Received 4 generation requests
[2026-08-22 09:12:13.349 GPU=0 Worker 2 (model_5) TP=0] Prefill batch. #new-seq: 1, #new-token: 1193, #cached-token: 0, cache hit rate: 0.00%, token usage: 0.78, #running-req: 269, #queue-req: 0
[2026-08-22 09:12:13.403 GPU=1 Worker 3 (model_2) TP=0] Prefill batch. #new-seq: 4, #new-token: 4186, #cached-token: 0, cache hit rate: 0.00%, token usage: 0.73, #running-req: 61, #queue-req: 0
[2026-08-22 09:12:13.512 GPU=0 Worker 2 (model_5) TP=0] Received 3 generation requests
[2026-08-22 09:12:13.518 GPU=0 Worker 2 (model_5) TP=0] Prefill batch. #new-seq: 3, #new-token: 801, #cached-token: 0, cache hit rate: 0.00%, token usage: 0.78, #running-req: 270, #queue-req: 0
[2026-08-22 09:12:13.606 GPU=0 Worker 2 (model_5) TP=0] Received 1 generation requests
[2026-08-22 09:12:13.620 GPU=0 Worker 2 (model_5) TP=0] Prefill batch. #new-seq: 1, #new-token: 196, #cached-token: 0, cache hit rate: 0.00%, token usage: 0.79, #running-req: 273, #queue-req: 0
[2026-08-22 09:12:13.657 GPU=1 Worker 1 (model_3) TP=0] Received 1 generation requests
[2026-08-22 09:12:13.660 GPU=1 Worker 1 (model_3) TP=0] Prefill batch. #new-seq: 1, #new-token: 137, #cached-token: 0, cache hit rate: 0.00%, token usage: 0.68, #running-req: 355, #queue-req: 0
[2026-08-22 09:12:13.670 GPU=1 Worker 3 (model_2) TP=0] Received 9 generation requests
[2026-08-22 09:12:13.679 GPU=1 Worker 3 (model_2) TP=0] Prefill batch. #new-seq: 9, #new-token: 3167, #cached-token: 0, cache hit rate: 0.00%, token usage: 0.74, #running-req: 65, #queue-req: 0
[2026-08-22 09:12:13.893 GPU=1 Worker 0 (model_1) TP=0] Decode batch. #running-req: 1, #token: 606726.0, token usage: 0.74, gen throughput (token/s): 19.45, #queue-req: 0
[2026-08-22 09:12:13.947 GPU=1 Worker 3 (model_2) TP=0] Received 1 generation requests
[2026-08-22 09:12:13.948 GPU=1 Worker 3 (model_2) TP=0] Prefill batch. #new-seq: 1, #new-token: 251, #cached-token: 0, cache hit rate: 0.00%, token usage: 0.73, #running-req: 62, #queue-req: 0
[2026-08-22 09:12:14.024 GPU=1 Worker 3 (model_2) TP=0] Received 1 generation requests
[2026-08-22 09:12:14.026 GPU=1 Worker 3 (model_2) TP=0] Prefill batch. #new-seq: 1, #new-token: 439, #cached-token: 0, cache hit rate: 0.00%, token usage: 0.73, #running-req: 61, #queue-req: 0
[2026-08-22 09:12:14.031 GPU=0 Worker 2 (model_5) TP=0] Received 1 generation requests
[2026-08-22 09:12:14.032 GPU=0 Worker 2 (model_5) TP=0] Prefill batch. #new-seq: 1, #new-token: 9, #cached-token: 0, cache hit rate: 0.00%, token usage: 0.77, #running-req: 269, #queue-req: 0
[2026-08-22 09:12:14.163 GPU=1 Worker 3 (model_2) TP=0] Decode batch. #running-req: 61, #token: 683630.0, token usage: 0.73, gen throughput (token/s): 28.86, #queue-req: 0
[2026-08-22 09:12:14.165 GPU=0 Worker 3 (model_6) TP=0] Received 11 generation requests
[2026-08-22 09:12:14.307 GPU=0 Worker 3 (model_6) TP=0] Prefill batch. #new-seq: 11, #new-token: 2366, #cached-token: 0, cache hit rate: 0.00%, token usage: 0.92, #running-req: 143, #queue-req: 0
[2026-08-22 09:12:14.360 GPU=1 Worker 3 (model_2) TP=0] Received 1 generation requests
[2026-08-22 09:12:14.498 GPU=1 Worker 3 (model_2) TP=0] Prefill batch. #new-seq: 1, #new-token: 136, #cached-token: 0, cache hit rate: 0.00%, token usage: 0.73, #running-req: 59, #queue-req: 0
[2026-08-22 09:12:14.763 GPU=1 Worker 3 (model_2) TP=0] Received 1 generation requests
[2026-08-22 09:12:15.037 GPU=1 Worker 3 (model_2) TP=0] Prefill batch. #new-seq: 1, #new-token: 15, #cached-token: 0, cache hit rate: 0.00%, token usage: 0.73, #running-req: 59, #queue-req: 0
[2026-08-22 09:12:15.037 GPU=1 Worker 1 (model_3) TP=0] Received 1 generation requests
[2026-08-22 09:12:15.085 GPU=0 Worker 2 (model_5) TP=0] Received 3 generation requests
[2026-08-22 09:12:15.086 GPU=1 Worker 1 (model_3) TP=0] Prefill batch. #new-seq: 1, #new-token: 98, #cached-token: 0, cache hit rate: 0.00%, token usage: 0.67, #running-req: 345, #queue-req: 0
[2026-08-22 09:12:15.088 GPU=0 Worker 2 (model_5) TP=0] Prefill batch. #new-seq: 3, #new-token: 198, #cached-token: 0, cache hit rate: 0.00%, token usage: 0.78, #running-req: 264, #queue-req: 0
[2026-08-22 09:12:15.111 GPU=1 Worker 3 (model_2) TP=0] Received 1 generation requests
[2026-08-22 09:12:15.112 GPU=1 Worker 3 (model_2) TP=0] Prefill batch. #new-seq: 1, #new-token: 27, #cached-token: 0, cache hit rate: 0.00%, token usage: 0.73, #running-req: 60, #queue-req: 0
[2026-08-22 09:12:15.261 GPU=1 Worker 3 (model_2) TP=0] Received 1 generation requests
[2026-08-22 09:12:15.262 GPU=1 Worker 3 (model_2) TP=0] Prefill batch. #new-seq: 1, #new-token: 249, #cached-token: 0, cache hit rate: 0.00%, token usage: 0.73, #running-req: 52, #queue-req: 0
[2026-08-22 09:12:15.420 GPU=1 Worker 3 (model_2) TP=0] Received 1 generation requests
[2026-08-22 09:12:15.420 GPU=1 Worker 3 (model_2) TP=0] Prefill batch. #new-seq: 1, #new-token: 30, #cached-token: 0, cache hit rate: 0.00%, token usage: 0.73, #running-req: 51, #queue-req: 0
[2026-08-22 09:12:15.433 GPU=1 Worker 0 (model_1) TP=0] Decode batch. #running-req: 1, #token: 606766.0, token usage: 0.74, gen throughput (token/s): 25.98, #queue-req: 0
[2026-08-22 09:12:15.436 GPU=0 Worker 3 (model_6) TP=0] Received 11 generation requests
[2026-08-22 09:12:15.443 GPU=1 Worker 1 (model_3) TP=0] Decode batch. #running-req: 343, #token: 158956.0, token usage: 0.68, gen throughput (token/s): 2692.73, #queue-req: 0
[2026-08-22 09:12:15.455 GPU=0 Worker 3 (model_6) TP=0] Prefill batch. #new-seq: 11, #new-token: 3699, #cached-token: 0, cache hit rate: 0.00%, token usage: 0.92, #running-req: 154, #queue-req: 0
[2026-08-22 09:12:15.467 GPU=0 Worker 2 (model_5) TP=0] Received 1 generation requests
[2026-08-22 09:12:15.468 GPU=0 Worker 2 (model_5) TP=0] Prefill batch. #new-seq: 1, #new-token: 14, #cached-token: 0, cache hit rate: 0.00%, token usage: 0.78, #running-req: 263, #queue-req: 0
[2026-08-22 09:12:15.636 GPU=1 Worker 1 (model_3) TP=0] Received 1 generation requests
[2026-08-22 09:12:15.636 GPU=1 Worker 3 (model_2) TP=0] Received 2 generation requests
[2026-08-22 09:12:15.729 GPU=1 Worker 3 (model_2) TP=0] Prefill batch. #new-seq: 2, #new-token: 572, #cached-token: 0, cache hit rate: 0.00%, token usage: 0.73, #running-req: 49, #queue-req: 0
[2026-08-22 09:12:15.729 GPU=1 Worker 1 (model_3) TP=0] Prefill batch. #new-seq: 1, #new-token: 225, #cached-token: 0, cache hit rate: 0.00%, token usage: 0.68, #running-req: 340, #queue-req: 0
[2026-08-22 09:12:15.797 GPU=1 Worker 3 (model_2) TP=0] Received 1 generation requests
[2026-08-22 09:12:15.849 GPU=1 Worker 3 (model_2) TP=0] Prefill batch. #new-seq: 1, #new-token: 14, #cached-token: 0, cache hit rate: 0.00%, token usage: 0.73, #running-req: 51, #queue-req: 0
[2026-08-22 09:12:15.849 GPU=0 Worker 3 (model_6) TP=0] Received 11 generation requests
[2026-08-22 09:12:15.941 GPU=1 Worker 3 (model_2) TP=0] Received 1 generation requests
[2026-08-22 09:12:15.986 GPU=0 Worker 3 (model_6) TP=0] Prefill batch. #new-seq: 11, #new-token: 3035, #cached-token: 0, cache hit rate: 0.00%, token usage: 0.93, #running-req: 165, #queue-req: 0
[2026-08-22 09:12:15.986 GPU=1 Worker 3 (model_2) TP=0] Prefill batch. #new-seq: 1, #new-token: 129, #cached-token: 0, cache hit rate: 0.00%, token usage: 0.73, #running-req: 52, #queue-req: 0
[2026-08-22 09:12:16.038 GPU=1 Worker 3 (model_2) TP=0] Received 1 generation requests
[2026-08-22 09:12:16.175 GPU=1 Worker 3 (model_2) TP=0] Prefill batch. #new-seq: 1, #new-token: 350, #cached-token: 0, cache hit rate: 0.00%, token usage: 0.73, #running-req: 53, #queue-req: 0
[2026-08-22 09:12:16.208 GPU=1 Worker 3 (model_2) TP=0] Received 1 generation requests
[2026-08-22 09:12:16.215 GPU=0 Worker 2 (model_5) TP=0] Received 1 generation requests
[2026-08-22 09:12:16.222 GPU=1 Worker 3 (model_2) TP=0] Prefill batch. #new-seq: 1, #new-token: 419, #cached-token: 0, cache hit rate: 0.00%, token usage: 0.73, #running-req: 54, #queue-req: 0
[2026-08-22 09:12:16.683 GPU=0 Worker 2 (model_5) TP=0] Prefill batch. #new-seq: 1, #new-token: 9, #cached-token: 0, cache hit rate: 0.00%, token usage: 0.77, #running-req: 255, #queue-req: 0
[2026-08-22 09:12:16.684 GPU=1 Worker 3 (model_2) TP=0] Received 1 generation requests
[2026-08-22 09:12:16.733 GPU=0 Worker 2 (model_5) TP=0] Received 2 generation requests
[2026-08-22 09:12:16.780 GPU=1 Worker 3 (model_2) TP=0] Prefill batch. #new-seq: 1, #new-token: 22, #cached-token: 0, cache hit rate: 0.00%, token usage: 0.73, #running-req: 52, #queue-req: 0
[2026-08-22 09:12:16.781 GPU=0 Worker 2 (model_5) TP=0] Prefill batch. #new-seq: 2, #new-token: 80, #cached-token: 0, cache hit rate: 0.00%, token usage: 0.77, #running-req: 256, #queue-req: 0
[2026-08-22 09:12:16.813 GPU=0 Worker 2 (model_5) TP=0] Received 1 generation requests
[2026-08-22 09:12:16.818 GPU=0 Worker 2 (model_5) TP=0] Prefill batch. #new-seq: 1, #new-token: 225, #cached-token: 0, cache hit rate: 0.00%, token usage: 0.78, #running-req: 258, #queue-req: 0
[2026-08-22 09:12:16.914 GPU=1 Worker 0 (model_1) TP=0] Decode batch. #running-req: 1, #token: 606806.0, token usage: 0.74, gen throughput (token/s): 27.02, #queue-req: 0
[2026-08-22 09:12:17.078 GPU=1 Worker 1 (model_3) TP=0] Received 1 generation requests
[2026-08-22 09:12:17.078 GPU=1 Worker 3 (model_2) TP=0] Decode batch. #running-req: 49, #token: 677913.0, token usage: 0.73, gen throughput (token/s): 725.56, #queue-req: 0
[2026-08-22 09:12:17.081 GPU=1 Worker 1 (model_3) TP=0] Prefill batch. #new-seq: 1, #new-token: 602, #cached-token: 0, cache hit rate: 0.00%, token usage: 0.68, #running-req: 335, #queue-req: 0
[2026-08-22 09:12:17.169 GPU=1 Worker 3 (model_2) TP=0] Received 1 generation requests
[2026-08-22 09:12:17.170 GPU=1 Worker 3 (model_2) TP=0] Prefill batch. #new-seq: 1, #new-token: 69, #cached-token: 0, cache hit rate: 0.00%, token usage: 0.73, #running-req: 47, #queue-req: 0
[2026-08-22 09:12:17.180 GPU=0 Worker 3 (model_6) TP=0] Received 11 generation requests
[2026-08-22 09:12:17.191 GPU=0 Worker 3 (model_6) TP=0] Prefill batch. #new-seq: 11, #new-token: 1722, #cached-token: 0, cache hit rate: 0.00%, token usage: 0.94, #running-req: 176, #queue-req: 0
[2026-08-22 09:12:17.198 GPU=1 Worker 1 (model_3) TP=0] Received 1 generation requests
[2026-08-22 09:12:17.199 GPU=1 Worker 1 (model_3) TP=0] Prefill batch. #new-seq: 1, #new-token: 54, #cached-token: 0, cache hit rate: 0.00%, token usage: 0.69, #running-req: 332, #queue-req: 0
[2026-08-22 09:12:17.212 GPU=1 Worker 3 (model_2) TP=0] Received 1 generation requests
[2026-08-22 09:12:17.213 GPU=1 Worker 3 (model_2) TP=0] Prefill batch. #new-seq: 1, #new-token: 102, #cached-token: 0, cache hit rate: 0.00%, token usage: 0.73, #running-req: 48, #queue-req: 0
[2026-08-22 09:12:17.435 GPU=1 Worker 3 (model_2) TP=0] Received 1 generation requests
[2026-08-22 09:12:17.435 GPU=0 Worker 3 (model_6) TP=0] Received 13 generation requests
[2026-08-22 09:12:17.574 GPU=1 Worker 3 (model_2) TP=0] Prefill batch. #new-seq: 1, #new-token: 37, #cached-token: 0, cache hit rate: 0.00%, token usage: 0.73, #running-req: 49, #queue-req: 0
[2026-08-22 09:12:17.574 GPU=0 Worker 3 (model_6) TP=0] Prefill batch. #new-seq: 13, #new-token: 5320, #cached-token: 0, cache hit rate: 0.00%, token usage: 0.94, #running-req: 187, #queue-req: 0
[2026-08-22 09:12:17.764 GPU=1 Worker 3 (model_2) TP=0] Received 1 generation requests
[2026-08-22 09:12:17.764 GPU=0 Worker 2 (model_5) TP=0] Received 1 generation requests
[2026-08-22 09:12:17.787 GPU=0 Worker 2 (model_5) TP=0] Prefill batch. #new-seq: 1, #new-token: 200, #cached-token: 0, cache hit rate: 0.00%, token usage: 0.77, #running-req: 246, #queue-req: 0
[2026-08-22 09:12:17.787 GPU=1 Worker 3 (model_2) TP=0] Prefill batch. #new-seq: 1, #new-token: 551, #cached-token: 0, cache hit rate: 0.00%, token usage: 0.73, #running-req: 50, #queue-req: 0
[2026-08-22 09:12:18.030 GPU=0 Worker 2 (model_5) TP=0] Received 2 generation requests
[2026-08-22 09:12:18.030 GPU=1 Worker 3 (model_2) TP=0] Received 1 generation requests
[2026-08-22 09:12:18.351 GPU=0 Worker 2 (model_5) TP=0] Prefill batch. #new-seq: 2, #new-token: 109, #cached-token: 0, cache hit rate: 0.00%, token usage: 0.77, #running-req: 247, #queue-req: 0
[2026-08-22 09:12:18.351 GPU=1 Worker 3 (model_2) TP=0] Prefill batch. #new-seq: 1, #new-token: 491, #cached-token: 0, cache hit rate: 0.00%, token usage: 0.73, #running-req: 51, #queue-req: 0
[2026-08-22 09:12:18.424 GPU=0 Worker 2 (model_5) TP=0] Received 1 generation requests
[2026-08-22 09:12:18.424 GPU=1 Worker 3 (model_2) TP=0] Received 1 generation requests
[2026-08-22 09:12:18.522 GPU=1 Worker 3 (model_2) TP=0] Prefill batch. #new-seq: 1, #new-token: 18, #cached-token: 0, cache hit rate: 0.00%, token usage: 0.73, #running-req: 52, #queue-req: 0
[2026-08-22 09:12:18.522 GPU=0 Worker 2 (model_5) TP=0] Prefill batch. #new-seq: 1, #new-token: 324, #cached-token: 0, cache hit rate: 0.00%, token usage: 0.77, #running-req: 249, #queue-req: 0
[2026-08-22 09:12:18.575 GPU=1 Worker 3 (model_2) TP=0] Received 1 generation requests
[2026-08-22 09:12:18.577 GPU=1 Worker 3 (model_2) TP=0] Prefill batch. #new-seq: 1, #new-token: 159, #cached-token: 0, cache hit rate: 0.00%, token usage: 0.73, #running-req: 53, #queue-req: 0
[2026-08-22 09:12:18.602 GPU=1 Worker 1 (model_3) TP=0] Received 3 generation requests
[2026-08-22 09:12:18.605 GPU=1 Worker 0 (model_1) TP=0] Decode batch. #running-req: 1, #token: 602750.0, token usage: 0.74, gen throughput (token/s): 23.64, #queue-req: 0
[2026-08-22 09:12:18.606 GPU=1 Worker 1 (model_3) TP=0] Prefill batch. #new-seq: 3, #new-token: 652, #cached-token: 0, cache hit rate: 0.00%, token usage: 0.66, #running-req: 321, #queue-req: 0
[2026-08-22 09:12:18.623 GPU=0 Worker 2 (model_5) TP=0] Received 1 generation requests
[2026-08-22 09:12:18.626 GPU=0 Worker 2 (model_5) TP=0] Prefill batch. #new-seq: 1, #new-token: 358, #cached-token: 0, cache hit rate: 0.00%, token usage: 0.78, #running-req: 250, #queue-req: 0
[2026-08-22 09:12:18.666 GPU=1 Worker 1 (model_3) TP=0] Received 1 generation requests
[2026-08-22 09:12:18.674 GPU=1 Worker 1 (model_3) TP=0] Prefill batch. #new-seq: 1, #new-token: 2569, #cached-token: 0, cache hit rate: 0.00%, token usage: 0.66, #running-req: 324, #queue-req: 0
[2026-08-22 09:12:18.984 GPU=1 Worker 1 (model_3) TP=0] Received 1 generation requests
[2026-08-22 09:12:19.031 GPU=1 Worker 3 (model_2) TP=0] Received 1 generation requests
[2026-08-22 09:12:19.032 GPU=1 Worker 1 (model_3) TP=0] Prefill batch. #new-seq: 1, #new-token: 13, #cached-token: 0, cache hit rate: 0.00%, token usage: 0.67, #running-req: 321, #queue-req: 0
[2026-08-22 09:12:19.033 GPU=1 Worker 3 (model_2) TP=0] Prefill batch. #new-seq: 1, #new-token: 261, #cached-token: 0, cache hit rate: 0.00%, token usage: 0.72, #running-req: 52, #queue-req: 0
[2026-08-22 09:12:19.149 GPU=0 Worker 3 (model_6) TP=0] Received 11 generation requests
[2026-08-22 09:12:19.240 GPU=0 Worker 2 (model_5) TP=0] Decode batch. #running-req: 247, #token: 157864.0, token usage: 0.77, gen throughput (token/s): 1169.50, #queue-req: 0
[2026-08-22 09:12:19.241 GPU=1 Worker 3 (model_2) TP=0] Received 1 generation requests
[2026-08-22 09:12:19.241 GPU=1 Worker 3 (model_2) TP=0] Prefill batch. #new-seq: 1, #new-token: 11, #cached-token: 0, cache hit rate: 0.00%, token usage: 0.72, #running-req: 52, #queue-req: 0
[2026-08-22 09:12:19.242 GPU=0 Worker 3 (model_6) TP=0] Prefill batch. #new-seq: 11, #new-token: 3519, #cached-token: 0, cache hit rate: 0.00%, token usage: 0.95, #running-req: 200, #queue-req: 0
[2026-08-22 09:12:19.294 GPU=1 Worker 3 (model_2) TP=0] Received 1 generation requests
[2026-08-22 09:12:19.434 GPU=1 Worker 3 (model_2) TP=0] Prefill batch. #new-seq: 1, #new-token: 12, #cached-token: 0, cache hit rate: 0.00%, token usage: 0.72, #running-req: 53, #queue-req: 0
[2026-08-22 09:12:19.771 GPU=1 Worker 1 (model_3) TP=0] Received 2 generation requests
[2026-08-22 09:12:20.048 GPU=1 Worker 1 (model_3) TP=0] Prefill batch. #new-seq: 2, #new-token: 104, #cached-token: 0, cache hit rate: 0.00%, token usage: 0.66, #running-req: 312, #queue-req: 0
[2026-08-22 09:12:20.048 GPU=1 Worker 3 (model_2) TP=0] Received 1 generation requests
[2026-08-22 09:12:20.108 GPU=1 Worker 3 (model_2) TP=0] Prefill batch. #new-seq: 1, #new-token: 296, #cached-token: 0, cache hit rate: 0.00%, token usage: 0.72, #running-req: 53, #queue-req: 0
[2026-08-22 09:12:20.130 GPU=1 Worker 3 (model_2) TP=0] Received 2 generation requests
[2026-08-22 09:12:20.134 GPU=1 Worker 3 (model_2) TP=0] Prefill batch. #new-seq: 2, #new-token: 328, #cached-token: 0, cache hit rate: 0.00%, token usage: 0.72, #running-req: 54, #queue-req: 0
[2026-08-22 09:12:20.384 GPU=1 Worker 0 (model_1) TP=0] Decode batch. #running-req: 1, #token: 602790.0, token usage: 0.74, gen throughput (token/s): 22.49, #queue-req: 0
[2026-08-22 09:12:20.393 GPU=1 Worker 3 (model_2) TP=0] Decode batch. #running-req: 54, #token: 675784.0, token usage: 0.72, gen throughput (token/s): 624.43, #queue-req: 0
[2026-08-22 09:12:20.591 GPU=0 Worker 3 (model_6) TP=0] Received 11 generation requests
[2026-08-22 09:12:20.599 GPU=0 Worker 3 (model_6) TP=0] Prefill batch. #new-seq: 11, #new-token: 1162, #cached-token: 0, cache hit rate: 0.00%, token usage: 0.96, #running-req: 211, #queue-req: 0
[2026-08-22 09:12:20.636 GPU=1 Worker 1 (model_3) TP=0] Decode batch. #running-req: 304, #token: 152786.0, token usage: 0.65, gen throughput (token/s): 2510.85, #queue-req: 0
[2026-08-22 09:12:20.783 GPU=0 Worker 3 (model_6) TP=0] Received 23 generation requests
[2026-08-22 09:12:20.783 GPU=0 Worker 2 (model_5) TP=0] Received 2 generation requests
[2026-08-22 09:12:20.831 GPU=0 Worker 2 (model_5) TP=0] Prefill batch. #new-seq: 2, #new-token: 141, #cached-token: 0, cache hit rate: 0.00%, token usage: 0.78, #running-req: 235, #queue-req: 0
[2026-08-22 09:12:20.877 GPU=0 Worker 3 (model_6) TP=0] Prefill batch. #new-seq: 23, #new-token: 7832, #cached-token: 0, cache hit rate: 0.00%, token usage: 0.96, #running-req: 222, #queue-req: 0
[2026-08-22 09:12:21.070 GPU=0 Worker 2 (model_5) TP=0] Received 1 generation requests
[2026-08-22 09:12:21.166 GPU=0 Worker 2 (model_5) TP=0] Prefill batch. #new-seq: 1, #new-token: 953, #cached-token: 0, cache hit rate: 0.00%, token usage: 0.78, #running-req: 235, #queue-req: 0
[2026-08-22 09:12:21.167 GPU=1 Worker 3 (model_2) TP=0] Received 1 generation requests
[2026-08-22 09:12:21.259 GPU=1 Worker 3 (model_2) TP=0] Prefill batch. #new-seq: 1, #new-token: 673, #cached-token: 0, cache hit rate: 0.00%, token usage: 0.72, #running-req: 50, #queue-req: 0
[2026-08-22 09:12:21.349 GPU=1 Worker 3 (model_2) TP=0] Received 2 generation requests
[2026-08-22 09:12:21.584 GPU=0 Worker 2 (model_5) TP=0] Received 3 generation requests
[2026-08-22 09:12:21.856 GPU=1 Worker 3 (model_2) TP=0] Prefill batch. #new-seq: 2, #new-token: 793, #cached-token: 0, cache hit rate: 0.00%, token usage: 0.72, #running-req: 51, #queue-req: 0
[2026-08-22 09:12:21.856 GPU=0 Worker 2 (model_5) TP=0] Prefill batch. #new-seq: 3, #new-token: 51, #cached-token: 0, cache hit rate: 0.00%, token usage: 0.78, #running-req: 236, #queue-req: 0
[2026-08-22 09:12:21.911 GPU=1 Worker 3 (model_2) TP=0] Received 2 generation requests
[2026-08-22 09:12:21.911 GPU=0 Worker 2 (model_5) TP=0] Received 3 generation requests
[2026-08-22 09:12:21.913 GPU=1 Worker 3 (model_2) TP=0] Prefill batch. #new-seq: 2, #new-token: 347, #cached-token: 0, cache hit rate: 0.00%, token usage: 0.73, #running-req: 53, #queue-req: 0
[2026-08-22 09:12:21.920 GPU=0 Worker 2 (model_5) TP=0] Prefill batch. #new-seq: 3, #new-token: 1262, #cached-token: 0, cache hit rate: 0.00%, token usage: 0.79, #running-req: 239, #queue-req: 0
[2026-08-22 09:12:22.035 GPU=1 Worker 3 (model_2) TP=0] Received 1 generation requests
[2026-08-22 09:12:22.035 GPU=1 Worker 3 (model_2) TP=0] Prefill batch. #new-seq: 1, #new-token: 31, #cached-token: 0, cache hit rate: 0.00%, token usage: 0.73, #running-req: 55, #queue-req: 0
[2026-08-22 09:12:22.068 GPU=0 Worker 2 (model_5) TP=0] Received 2 generation requests
[2026-08-22 09:12:22.071 GPU=0 Worker 2 (model_5) TP=0] Prefill batch. #new-seq: 2, #new-token: 336, #cached-token: 0, cache hit rate: 0.00%, token usage: 0.83, #running-req: 242, #queue-req: 0
[2026-08-22 09:12:22.138 GPU=1 Worker 0 (model_1) TP=0] Decode batch. #running-req: 1, #token: 602830.0, token usage: 0.74, gen throughput (token/s): 22.80, #queue-req: 0
[2026-08-22 09:12:22.244 GPU=1 Worker 1 (model_3) TP=0] Received 2 generation requests
[2026-08-22 09:12:22.249 GPU=1 Worker 1 (model_3) TP=0] Prefill batch. #new-seq: 2, #new-token: 576, #cached-token: 0, cache hit rate: 0.00%, token usage: 0.63, #running-req: 280, #queue-req: 0
[2026-08-22 09:12:22.300 GPU=1 Worker 3 (model_2) TP=0] Received 1 generation requests
[2026-08-22 09:12:22.301 GPU=1 Worker 3 (model_2) TP=0] Prefill batch. #new-seq: 1, #new-token: 34, #cached-token: 0, cache hit rate: 0.00%, token usage: 0.73, #running-req: 53, #queue-req: 0
[2026-08-22 09:12:22.325 GPU=1 Worker 3 (model_2) TP=0] Received 1 generation requests
[2026-08-22 09:12:22.326 GPU=1 Worker 3 (model_2) TP=0] Prefill batch. #new-seq: 1, #new-token: 516, #cached-token: 0, cache hit rate: 0.00%, token usage: 0.73, #running-req: 54, #queue-req: 0
[2026-08-22 09:12:22.729 GPU=1 Worker 3 (model_2) TP=0] Decode batch. #running-req: 53, #token: 677370.0, token usage: 0.73, gen throughput (token/s): 903.83, #queue-req: 0
[2026-08-22 09:12:22.729 GPU=0 Worker 2 (model_5) TP=0] Received 1 generation requests
[2026-08-22 09:12:22.776 GPU=0 Worker 3 (model_6) TP=0] Received 1 generation requests
[2026-08-22 09:12:22.867 GPU=0 Worker 2 (model_5) TP=0] Prefill batch. #new-seq: 1, #new-token: 363, #cached-token: 0, cache hit rate: 0.00%, token usage: 0.82, #running-req: 237, #queue-req: 0
[2026-08-22 09:12:22.891 GPU=1 Worker 3 (model_2) TP=0] Received 1 generation requests
[2026-08-22 09:12:22.902 GPU=0 Worker 2 (model_5) TP=0] Received 1 generation requests
[2026-08-22 09:12:22.902 GPU=0 Worker 3 (model_6) TP=0] Decode out of memory happened. #retracted_reqs: 3, #new_token_ratio: 0.1000 -> 0.2057
[2026-08-22 09:12:22.923 GPU=1 Worker 3 (model_2) TP=0] Prefill batch. #new-seq: 1, #new-token: 448, #cached-token: 0, cache hit rate: 0.00%, token usage: 0.73, #running-req: 53, #queue-req: 0
[2026-08-22 09:12:22.934 GPU=0 Worker 2 (model_5) TP=0] Prefill batch. #new-seq: 1, #new-token: 1214, #cached-token: 0, cache hit rate: 0.00%, token usage: 0.82, #running-req: 238, #queue-req: 0
[2026-08-22 09:12:23.209 GPU=1 Worker 3 (model_2) TP=0] Received 3 generation requests
[2026-08-22 09:12:23.209 GPU=1 Worker 0 (model_1) TP=0] Received 1 generation requests
[2026-08-22 09:12:23.210 GPU=0 Worker 3 (model_6) TP=0] Received 13 generation requests
[2026-08-22 09:12:23.431 GPU=1 Worker 0 (model_1) TP=0] Prefill batch. #new-seq: 1, #new-token: 18, #cached-token: 0, cache hit rate: 0.00%, token usage: 0.74, #running-req: 1, #queue-req: 0
[2026-08-22 09:12:23.431 GPU=1 Worker 3 (model_2) TP=0] Prefill batch. #new-seq: 3, #new-token: 1587, #cached-token: 0, cache hit rate: 0.00%, token usage: 0.73, #running-req: 54, #queue-req: 0
[2026-08-22 09:12:23.431 GPU=0 Worker 2 (model_5) TP=0] Received 2 generation requests
[2026-08-22 09:12:23.464 GPU=0 Worker 3 (model_6) TP=0] Prefill batch. #new-seq: 1, #new-token: 1050, #cached-token: 0, cache hit rate: 0.00%, token usage: 0.99, #running-req: 242, #queue-req: 16
[2026-08-22 09:12:23.495 GPU=0 Worker 2 (model_5) TP=0] Prefill batch. #new-seq: 2, #new-token: 450, #cached-token: 0, cache hit rate: 0.00%, token usage: 0.83, #running-req: 239, #queue-req: 0
[2026-08-22 09:12:23.499 GPU=1 Worker 3 (model_2) TP=0] Received 1 generation requests
[2026-08-22 09:12:23.502 GPU=1 Worker 3 (model_2) TP=0] Prefill batch. #new-seq: 1, #new-token: 121, #cached-token: 0, cache hit rate: 0.00%, token usage: 0.73, #running-req: 57, #queue-req: 0
[2026-08-22 09:12:23.748 GPU=1 Worker 1 (model_3) TP=0] Received 1 generation requests
[2026-08-22 09:12:23.753 GPU=1 Worker 1 (model_3) TP=0] Prefill batch. #new-seq: 1, #new-token: 638, #cached-token: 0, cache hit rate: 0.00%, token usage: 0.62, #running-req: 276, #queue-req: 0
[2026-08-22 09:12:23.782 GPU=0 Worker 3 (model_6) TP=0] Received 5 generation requests
[2026-08-22 09:12:23.812 GPU=0 Worker 3 (model_6) TP=0] Prefill batch. #new-seq: 1, #new-token: 1806, #cached-token: 0, cache hit rate: 0.00%, token usage: 0.99, #running-req: 242, #queue-req: 20
[2026-08-22 09:12:23.856 GPU=1 Worker 0 (model_1) TP=0] Decode batch. #running-req: 2, #token: 598805.0, token usage: 0.73, gen throughput (token/s): 30.85, #queue-req: 0
[2026-08-22 09:12:23.899 GPU=1 Worker 3 (model_2) TP=0] Received 1 generation requests
[2026-08-22 09:12:23.905 GPU=1 Worker 3 (model_2) TP=0] Prefill batch. #new-seq: 1, #new-token: 1717, #cached-token: 0, cache hit rate: 0.00%, token usage: 0.72, #running-req: 57, #queue-req: 0
[2026-08-22 09:12:23.924 GPU=0 Worker 2 (model_5) TP=0] Received 1 generation requests
[2026-08-22 09:12:23.924 GPU=0 Worker 3 (model_6) TP=0] Received 7 generation requests
[2026-08-22 09:12:23.927 GPU=0 Worker 2 (model_5) TP=0] Prefill batch. #new-seq: 1, #new-token: 575, #cached-token: 0, cache hit rate: 0.00%, token usage: 0.61, #running-req: 240, #queue-req: 0
[2026-08-22 09:12:24.027 GPU=0 Worker 2 (model_5) TP=0] Received 1 generation requests
[2026-08-22 09:12:24.030 GPU=0 Worker 2 (model_5) TP=0] Prefill batch. #new-seq: 1, #new-token: 142, #cached-token: 0, cache hit rate: 0.00%, token usage: 0.62, #running-req: 241, #queue-req: 0
[2026-08-22 09:12:24.100 GPU=0 Worker 3 (model_6) TP=0] Prefill batch. #new-seq: 3, #new-token: 3500, #cached-token: 0, cache hit rate: 0.00%, token usage: 0.98, #running-req: 238, #queue-req: 24
[2026-08-22 09:12:24.257 GPU=1 Worker 1 (model_3) TP=0] Received 1 generation requests
[2026-08-22 09:12:24.337 GPU=1 Worker 1 (model_3) TP=0] Prefill batch. #new-seq: 1, #new-token: 158, #cached-token: 0, cache hit rate: 0.00%, token usage: 0.62, #running-req: 268, #queue-req: 0
[2026-08-22 09:12:24.337 GPU=1 Worker 3 (model_2) TP=0] Received 1 generation requests
[2026-08-22 09:12:24.386 GPU=1 Worker 3 (model_2) TP=0] Prefill batch. #new-seq: 1, #new-token: 16, #cached-token: 0, cache hit rate: 0.00%, token usage: 0.72, #running-req: 56, #queue-req: 0
[2026-08-22 09:12:24.467 GPU=1 Worker 3 (model_2) TP=0] Received 1 generation requests
[2026-08-22 09:12:24.469 GPU=1 Worker 3 (model_2) TP=0] Prefill batch. #new-seq: 1, #new-token: 335, #cached-token: 0, cache hit rate: 0.00%, token usage: 0.72, #running-req: 57, #queue-req: 0
[2026-08-22 09:12:24.528 GPU=1 Worker 3 (model_2) TP=0] Received 1 generation requests
[2026-08-22 09:12:24.529 GPU=1 Worker 3 (model_2) TP=0] Prefill batch. #new-seq: 1, #new-token: 131, #cached-token: 0, cache hit rate: 0.00%, token usage: 0.72, #running-req: 58, #queue-req: 0
[2026-08-22 09:12:24.645 GPU=1 Worker 3 (model_2) TP=0] Received 1 generation requests
[2026-08-22 09:12:24.645 GPU=1 Worker 3 (model_2) TP=0] Prefill batch. #new-seq: 1, #new-token: 11, #cached-token: 0, cache hit rate: 0.00%, token usage: 0.72, #running-req: 59, #queue-req: 0
[2026-08-22 09:12:24.871 GPU=1 Worker 3 (model_2) TP=0] Received 3 generation requests
[2026-08-22 09:12:24.871 GPU=1 Worker 1 (model_3) TP=0] Received 2 generation requests
[2026-08-22 09:12:24.871 GPU=0 Worker 2 (model_5) TP=0] Received 1 generation requests
[2026-08-22 09:12:24.903 GPU=1 Worker 3 (model_2) TP=0] Prefill batch. #new-seq: 3, #new-token: 537, #cached-token: 0, cache hit rate: 0.00%, token usage: 0.72, #running-req: 60, #queue-req: 0
[2026-08-22 09:12:24.903 GPU=0 Worker 2 (model_5) TP=0] Prefill batch. #new-seq: 1, #new-token: 28, #cached-token: 0, cache hit rate: 0.00%, token usage: 0.62, #running-req: 163, #queue-req: 0
[2026-08-22 09:12:24.930 GPU=1 Worker 1 (model_3) TP=0] Prefill batch. #new-seq: 2, #new-token: 1367, #cached-token: 0, cache hit rate: 0.00%, token usage: 0.62, #running-req: 265, #queue-req: 0
[2026-08-22 09:12:24.980 GPU=0 Worker 2 (model_5) TP=0] Received 1 generation requests
[2026-08-22 09:12:24.982 GPU=0 Worker 2 (model_5) TP=0] Prefill batch. #new-seq: 1, #new-token: 40, #cached-token: 0, cache hit rate: 0.00%, token usage: 0.62, #running-req: 164, #queue-req: 0
[2026-08-22 09:12:25.033 GPU=1 Worker 1 (model_3) TP=0] Received 2 generation requests
[2026-08-22 09:12:25.037 GPU=1 Worker 1 (model_3) TP=0] Prefill batch. #new-seq: 2, #new-token: 781, #cached-token: 0, cache hit rate: 0.00%, token usage: 0.63, #running-req: 267, #queue-req: 0
[2026-08-22 09:12:25.058 GPU=1 Worker 0 (model_1) TP=0] Decode batch. #running-req: 2, #token: 598885.0, token usage: 0.73, gen throughput (token/s): 66.55, #queue-req: 0
[2026-08-22 09:12:25.078 GPU=1 Worker 3 (model_2) TP=0] Received 1 generation requests
[2026-08-22 09:12:25.078 GPU=1 Worker 3 (model_2) TP=0] Prefill batch. #new-seq: 1, #new-token: 18, #cached-token: 0, cache hit rate: 0.00%, token usage: 0.73, #running-req: 61, #queue-req: 0
[2026-08-22 09:12:25.169 GPU=1 Worker 3 (model_2) TP=0] Received 1 generation requests
[2026-08-22 09:12:25.171 GPU=1 Worker 3 (model_2) TP=0] Prefill batch. #new-seq: 1, #new-token: 785, #cached-token: 0, cache hit rate: 0.00%, token usage: 0.73, #running-req: 62, #queue-req: 0
[2026-08-22 09:12:25.378 GPU=1 Worker 3 (model_2) TP=0] Decode batch. #running-req: 62, #token: 669960.0, token usage: 0.72, gen throughput (token/s): 893.35, #queue-req: 0
[2026-08-22 09:12:25.378 GPU=0 Worker 3 (model_6) TP=0] Received 3 generation requests
[2026-08-22 09:12:25.530 GPU=0 Worker 3 (model_6) TP=0] Prefill batch. #new-seq: 2, #new-token: 454, #cached-token: 0, cache hit rate: 0.00%, token usage: 0.98, #running-req: 240, #queue-req: 25
[2026-08-22 09:12:25.620 GPU=0 Worker 2 (model_5) TP=0] Received 2 generation requests
[2026-08-22 09:12:25.689 GPU=0 Worker 2 (model_5) TP=0] Prefill batch. #new-seq: 2, #new-token: 3050, #cached-token: 0, cache hit rate: 0.00%, token usage: 0.61, #running-req: 158, #queue-req: 0
[2026-08-22 09:12:25.729 GPU=1 Worker 3 (model_2) TP=0] Received 1 generation requests
[2026-08-22 09:12:25.760 GPU=0 Worker 3 (model_6) TP=0] Received 2 generation requests
[2026-08-22 09:12:25.829 GPU=1 Worker 3 (model_2) TP=0] Prefill batch. #new-seq: 1, #new-token: 308, #cached-token: 0, cache hit rate: 0.00%, token usage: 0.72, #running-req: 61, #queue-req: 0
[2026-08-22 09:12:25.829 GPU=1 Worker 1 (model_3) TP=0] Decode batch. #running-req: 260, #token: 145582.0, token usage: 0.62, gen throughput (token/s): 2129.63, #queue-req: 0
[2026-08-22 09:12:25.858 GPU=1 Worker 3 (model_2) TP=0] Received 1 generation requests
[2026-08-22 09:12:25.879 GPU=1 Worker 3 (model_2) TP=0] Prefill batch. #new-seq: 1, #new-token: 483, #cached-token: 0, cache hit rate: 0.00%, token usage: 0.72, #running-req: 62, #queue-req: 0
[2026-08-22 09:12:25.912 GPU=0 Worker 3 (model_6) TP=0] Prefill batch. #new-seq: 8, #new-token: 3899, #cached-token: 0, cache hit rate: 0.00%, token usage: 0.97, #running-req: 234, #queue-req: 19
[2026-08-22 09:12:26.209 GPU=0 Worker 2 (model_5) TP=0] Received 2 generation requests
[2026-08-22 09:12:26.429 GPU=1 Worker 1 (model_3) TP=0] Received 1 generation requests
[2026-08-22 09:12:26.463 GPU=0 Worker 2 (model_5) TP=0] Prefill batch. #new-seq: 2, #new-token: 468, #cached-token: 0, cache hit rate: 0.00%, token usage: 0.62, #running-req: 160, #queue-req: 0
[2026-08-22 09:12:26.464 GPU=0 Worker 3 (model_6) TP=0] Received 8 generation requests
[2026-08-22 09:12:26.495 GPU=1 Worker 1 (model_3) TP=0] Prefill batch. #new-seq: 1, #new-token: 251, #cached-token: 0, cache hit rate: 0.00%, token usage: 0.62, #running-req: 257, #queue-req: 0
[2026-08-22 09:12:26.495 GPU=1 Worker 3 (model_2) TP=0] Received 1 generation requests
[2026-08-22 09:12:26.500 GPU=1 Worker 3 (model_2) TP=0] Prefill batch. #new-seq: 1, #new-token: 737, #cached-token: 0, cache hit rate: 0.00%, token usage: 0.72, #running-req: 63, #queue-req: 0
[2026-08-22 09:12:26.570 GPU=0 Worker 2 (model_5) TP=0] Received 1 generation requests
[2026-08-22 09:12:26.571 GPU=0 Worker 3 (model_6) TP=0] Prefill batch. #new-seq: 1, #new-token: 590, #cached-token: 0, cache hit rate: 0.00%, token usage: 0.98, #running-req: 241, #queue-req: 26
[2026-08-22 09:12:26.677 GPU=0 Worker 2 (model_5) TP=0] Prefill batch. #new-seq: 1, #new-token: 333, #cached-token: 0, cache hit rate: 0.00%, token usage: 0.62, #running-req: 162, #queue-req: 0
[2026-08-22 09:12:26.678 GPU=1 Worker 3 (model_2) TP=0] Received 1 generation requests
[2026-08-22 09:12:26.731 GPU=1 Worker 3 (model_2) TP=0] Prefill batch. #new-seq: 1, #new-token: 804, #cached-token: 0, cache hit rate: 0.00%, token usage: 0.72, #running-req: 64, #queue-req: 0
[2026-08-22 09:12:26.789 GPU=0 Worker 3 (model_6) TP=0] Prefill batch. #new-seq: 2, #new-token: 84, #cached-token: 0, cache hit rate: 0.00%, token usage: 0.98, #running-req: 241, #queue-req: 24
[2026-08-22 09:12:26.843 GPU=0 Worker 3 (model_6) TP=0] Received 1 generation requests
[2026-08-22 09:12:26.865 GPU=1 Worker 3 (model_2) TP=0] Received 1 generation requests
[2026-08-22 09:12:26.866 GPU=1 Worker 3 (model_2) TP=0] Prefill batch. #new-seq: 1, #new-token: 290, #cached-token: 0, cache hit rate: 0.00%, token usage: 0.72, #running-req: 64, #queue-req: 0
[2026-08-22 09:12:26.927 GPU=1 Worker 3 (model_2) TP=0] Received 1 generation requests
[2026-08-22 09:12:26.969 GPU=1 Worker 0 (model_1) TP=0] Decode batch. #running-req: 1, #token: 591983.0, token usage: 0.72, gen throughput (token/s): 28.79, #queue-req: 0
[2026-08-22 09:12:26.969 GPU=1 Worker 3 (model_2) TP=0] Prefill batch. #new-seq: 1, #new-token: 327, #cached-token: 0, cache hit rate: 0.00%, token usage: 0.72, #running-req: 65, #queue-req: 0
[2026-08-22 09:12:27.013 GPU=1 Worker 1 (model_3) TP=0] Received 1 generation requests
[2026-08-22 09:12:27.013 GPU=0 Worker 3 (model_6) TP=0] Received 2 generation requests
[2026-08-22 09:12:27.013 GPU=0 Worker 2 (model_5) TP=0] Received 1 generation requests
[2026-08-22 09:12:27.053 GPU=0 Worker 2 (model_5) TP=0] Prefill batch. #new-seq: 1, #new-token: 107, #cached-token: 0, cache hit rate: 0.00%, token usage: 0.62, #running-req: 162, #queue-req: 0
[2026-08-22 09:12:27.053 GPU=1 Worker 1 (model_3) TP=0] Prefill batch. #new-seq: 1, #new-token: 45, #cached-token: 0, cache hit rate: 0.00%, token usage: 0.62, #running-req: 252, #queue-req: 0
[2026-08-22 09:12:27.055 GPU=0 Worker 3 (model_6) TP=0] Prefill batch. #new-seq: 27, #new-token: 6329, #cached-token: 0, cache hit rate: 0.00%, token usage: 0.94, #running-req: 242, #queue-req: 0
[2026-08-22 09:12:27.092 GPU=0 Worker 2 (model_5) TP=0] Received 1 generation requests
[2026-08-22 09:12:27.092 GPU=1 Worker 3 (model_2) TP=0] Received 1 generation requests
[2026-08-22 09:12:27.093 GPU=1 Worker 3 (model_2) TP=0] Prefill batch. #new-seq: 1, #new-token: 39, #cached-token: 0, cache hit rate: 0.00%, token usage: 0.72, #running-req: 66, #queue-req: 0
[2026-08-22 09:12:27.094 GPU=0 Worker 2 (model_5) TP=0] Prefill batch. #new-seq: 1, #new-token: 239, #cached-token: 0, cache hit rate: 0.00%, token usage: 0.62, #running-req: 163, #queue-req: 0
[2026-08-22 09:12:27.157 GPU=1 Worker 3 (model_2) TP=0] Received 1 generation requests
[2026-08-22 09:12:27.285 GPU=1 Worker 3 (model_2) TP=0] Prefill batch. #new-seq: 1, #new-token: 156, #cached-token: 0, cache hit rate: 0.00%, token usage: 0.72, #running-req: 67, #queue-req: 0
[2026-08-22 09:12:27.322 GPU=1 Worker 3 (model_2) TP=0] Received 1 generation requests
[2026-08-22 09:12:27.463 GPU=1 Worker 3 (model_2) TP=0] Prefill batch. #new-seq: 1, #new-token: 28, #cached-token: 0, cache hit rate: 0.00%, token usage: 0.72, #running-req: 68, #queue-req: 0
[2026-08-22 09:12:27.562 GPU=0 Worker 3 (model_6) TP=0] Received 13 generation requests
[2026-08-22 09:12:27.646 GPU=0 Worker 3 (model_6) TP=0] Prefill batch. #new-seq: 13, #new-token: 2212, #cached-token: 0, cache hit rate: 0.00%, token usage: 0.96, #running-req: 269, #queue-req: 0
[2026-08-22 09:12:28.133 GPU=1 Worker 3 (model_2) TP=0] Received 2 generation requests
[2026-08-22 09:12:28.202 GPU=1 Worker 3 (model_2) TP=0] Prefill batch. #new-seq: 2, #new-token: 628, #cached-token: 0, cache hit rate: 0.00%, token usage: 0.72, #running-req: 69, #queue-req: 0
[2026-08-22 09:12:28.272 GPU=0 Worker 3 (model_6) TP=0] Received 11 generation requests
[2026-08-22 09:12:28.302 GPU=0 Worker 3 (model_6) TP=0] Prefill batch. #new-seq: 11, #new-token: 3375, #cached-token: 0, cache hit rate: 0.00%, token usage: 0.96, #running-req: 282, #queue-req: 0
[2026-08-22 09:12:28.429 GPU=0 Worker 2 (model_5) TP=0] Received 3 generation requests
[2026-08-22 09:12:28.436 GPU=0 Worker 2 (model_5) TP=0] Prefill batch. #new-seq: 3, #new-token: 1997, #cached-token: 0, cache hit rate: 0.00%, token usage: 0.56, #running-req: 159, #queue-req: 0
[2026-08-22 09:12:28.496 GPU=1 Worker 3 (model_2) TP=0] Received 1 generation requests
[2026-08-22 09:12:28.552 GPU=1 Worker 3 (model_2) TP=0] Prefill batch. #new-seq: 1, #new-token: 269, #cached-token: 0, cache hit rate: 0.00%, token usage: 0.72, #running-req: 71, #queue-req: 0
[2026-08-22 09:12:28.608 GPU=1 Worker 3 (model_2) TP=0] Received 1 generation requests
[2026-08-22 09:12:28.608 GPU=0 Worker 3 (model_6) TP=0] Received 6 generation requests
[2026-08-22 09:12:28.663 GPU=1 Worker 3 (model_2) TP=0] Prefill batch. #new-seq: 1, #new-token: 27, #cached-token: 0, cache hit rate: 0.00%, token usage: 0.72, #running-req: 72, #queue-req: 0
[2026-08-22 09:12:28.663 GPU=0 Worker 2 (model_5) TP=0] Received 2 generation requests
[2026-08-22 09:12:28.665 GPU=0 Worker 3 (model_6) TP=0] Prefill batch. #new-seq: 6, #new-token: 2183, #cached-token: 0, cache hit rate: 0.00%, token usage: 0.96, #running-req: 293, #queue-req: 0
[2026-08-22 09:12:28.720 GPU=1 Worker 3 (model_2) TP=0] Received 1 generation requests
[2026-08-22 09:12:28.721 GPU=0 Worker 2 (model_5) TP=0] Prefill batch. #new-seq: 2, #new-token: 890, #cached-token: 0, cache hit rate: 0.00%, token usage: 0.57, #running-req: 162, #queue-req: 0
[2026-08-22 09:12:28.724 GPU=1 Worker 3 (model_2) TP=0] Prefill batch. #new-seq: 1, #new-token: 585, #cached-token: 0, cache hit rate: 0.00%, token usage: 0.72, #running-req: 73, #queue-req: 0
[2026-08-22 09:12:28.892 GPU=0 Worker 3 (model_6) TP=0] Received 6 generation requests
[2026-08-22 09:12:28.893 GPU=0 Worker 2 (model_5) TP=0] Received 1 generation requests
[2026-08-22 09:12:28.998 GPU=1 Worker 1 (model_3) TP=0] Received 1 generation requests
[2026-08-22 09:12:29.065 GPU=0 Worker 2 (model_5) TP=0] Prefill batch. #new-seq: 1, #new-token: 307, #cached-token: 0, cache hit rate: 0.00%, token usage: 0.57, #running-req: 164, #queue-req: 0
[2026-08-22 09:12:29.065 GPU=0 Worker 3 (model_6) TP=0] Prefill batch. #new-seq: 6, #new-token: 1384, #cached-token: 0, cache hit rate: 0.00%, token usage: 0.96, #running-req: 299, #queue-req: 0
[2026-08-22 09:12:29.165 GPU=1 Worker 1 (model_3) TP=0] Prefill batch. #new-seq: 1, #new-token: 160, #cached-token: 0, cache hit rate: 0.00%, token usage: 0.60, #running-req: 236, #queue-req: 0
[2026-08-22 09:12:29.438 GPU=1 Worker 3 (model_2) TP=0] Received 2 generation requests
[2026-08-22 09:12:29.438 GPU=1 Worker 1 (model_3) TP=0] Received 1 generation requests
[2026-08-22 09:12:29.498 GPU=0 Worker 3 (model_6) TP=0] Received 4 generation requests
[2026-08-22 09:12:29.546 GPU=1 Worker 1 (model_3) TP=0] Prefill batch. #new-seq: 1, #new-token: 21, #cached-token: 0, cache hit rate: 0.00%, token usage: 0.60, #running-req: 234, #queue-req: 0
[2026-08-22 09:12:29.546 GPU=1 Worker 3 (model_2) TP=0] Prefill batch. #new-seq: 2, #new-token: 63, #cached-token: 0, cache hit rate: 0.00%, token usage: 0.72, #running-req: 73, #queue-req: 0
[2026-08-22 09:12:29.591 GPU=0 Worker 3 (model_6) TP=0] Prefill batch. #new-seq: 4, #new-token: 568, #cached-token: 0, cache hit rate: 0.00%, token usage: 0.97, #running-req: 262, #queue-req: 0
[2026-08-22 09:12:29.591 GPU=0 Worker 2 (model_5) TP=0] Received 1 generation requests
[2026-08-22 09:12:29.736 GPU=0 Worker 3 (model_6) TP=0] Received 5 generation requests
[2026-08-22 09:12:29.736 GPU=0 Worker 2 (model_5) TP=0] Prefill batch. #new-seq: 1, #new-token: 9, #cached-token: 0, cache hit rate: 0.00%, token usage: 0.57, #running-req: 144, #queue-req: 0
[2026-08-22 09:12:29.757 GPU=0 Worker 3 (model_6) TP=0] Prefill batch. #new-seq: 5, #new-token: 1306, #cached-token: 0, cache hit rate: 0.00%, token usage: 0.97, #running-req: 266, #queue-req: 0
[2026-08-22 09:12:29.758 GPU=1 Worker 3 (model_2) TP=0] Received 1 generation requests
[2026-08-22 09:12:29.766 GPU=1 Worker 3 (model_2) TP=0] Prefill batch. #new-seq: 1, #new-token: 548, #cached-token: 0, cache hit rate: 0.00%, token usage: 0.72, #running-req: 75, #queue-req: 0
[2026-08-22 09:12:30.064 GPU=0 Worker 2 (model_5) TP=0] Decode batch. #running-req: 143, #token: 115449.0, token usage: 0.56, gen throughput (token/s): 737.05, #queue-req: 0
[2026-08-22 09:12:30.065 GPU=0 Worker 3 (model_6) TP=0] Received 5 generation requests
[2026-08-22 09:12:30.285 GPU=1 Worker 1 (model_3) TP=0] Received 1 generation requests
[2026-08-22 09:12:30.285 GPU=1 Worker 3 (model_2) TP=0] Received 2 generation requests
[2026-08-22 09:12:30.286 GPU=0 Worker 2 (model_5) TP=0] Received 1 generation requests
[2026-08-22 09:12:30.330 GPU=1 Worker 0 (model_1) TP=0] Decode batch. #running-req: 1, #token: 592023.0, token usage: 0.72, gen throughput (token/s): 11.90, #queue-req: 0
[2026-08-22 09:12:30.373 GPU=0 Worker 3 (model_6) TP=0] Prefill batch. #new-seq: 5, #new-token: 784, #cached-token: 0, cache hit rate: 0.00%, token usage: 0.97, #running-req: 271, #queue-req: 0
[2026-08-22 09:12:30.374 GPU=0 Worker 2 (model_5) TP=0] Prefill batch. #new-seq: 1, #new-token: 28, #cached-token: 0, cache hit rate: 0.00%, token usage: 0.56, #running-req: 143, #queue-req: 0
[2026-08-22 09:12:30.374 GPU=1 Worker 3 (model_2) TP=0] Prefill batch. #new-seq: 2, #new-token: 922, #cached-token: 0, cache hit rate: 0.00%, token usage: 0.72, #running-req: 76, #queue-req: 0
[2026-08-22 09:12:30.375 GPU=1 Worker 1 (model_3) TP=0] Prefill batch. #new-seq: 1, #new-token: 452, #cached-token: 0, cache hit rate: 0.00%, token usage: 0.60, #running-req: 233, #queue-req: 0
[2026-08-22 09:12:30.412 GPU=0 Worker 2 (model_5) TP=0] Received 1 generation requests
[2026-08-22 09:12:30.416 GPU=0 Worker 2 (model_5) TP=0] Prefill batch. #new-seq: 1, #new-token: 243, #cached-token: 0, cache hit rate: 0.00%, token usage: 0.56, #running-req: 144, #queue-req: 0
[2026-08-22 09:12:30.486 GPU=1 Worker 1 (model_3) TP=0] Received 1 generation requests
[2026-08-22 09:12:30.487 GPU=1 Worker 1 (model_3) TP=0] Prefill batch. #new-seq: 1, #new-token: 25, #cached-token: 0, cache hit rate: 0.00%, token usage: 0.60, #running-req: 233, #queue-req: 0
[2026-08-22 09:12:30.487 GPU=0 Worker 3 (model_6) TP=0] Received 5 generation requests
[2026-08-22 09:12:30.497 GPU=0 Worker 3 (model_6) TP=0] Prefill batch. #new-seq: 5, #new-token: 2312, #cached-token: 0, cache hit rate: 0.00%, token usage: 0.97, #running-req: 276, #queue-req: 0
[2026-08-22 09:12:30.581 GPU=0 Worker 2 (model_5) TP=0] Received 1 generation requests
[2026-08-22 09:12:30.633 GPU=0 Worker 2 (model_5) TP=0] Prefill batch. #new-seq: 1, #new-token: 50, #cached-token: 0, cache hit rate: 0.00%, token usage: 0.57, #running-req: 143, #queue-req: 0
[2026-08-22 09:12:30.687 GPU=0 Worker 3 (model_6) TP=0] Received 5 generation requests
[2026-08-22 09:12:30.687 GPU=1 Worker 3 (model_2) TP=0] Received 2 generation requests
[2026-08-22 09:12:30.687 GPU=1 Worker 1 (model_3) TP=0] Received 1 generation requests
[2026-08-22 09:12:30.739 GPU=1 Worker 3 (model_2) TP=0] Prefill batch. #new-seq: 2, #new-token: 466, #cached-token: 0, cache hit rate: 0.00%, token usage: 0.72, #running-req: 77, #queue-req: 0
[2026-08-22 09:12:30.739 GPU=1 Worker 1 (model_3) TP=0] Prefill batch. #new-seq: 1, #new-token: 13, #cached-token: 0, cache hit rate: 0.00%, token usage: 0.60, #running-req: 232, #queue-req: 0
[2026-08-22 09:12:30.740 GPU=0 Worker 3 (model_6) TP=0] Prefill batch. #new-seq: 5, #new-token: 1483, #cached-token: 0, cache hit rate: 0.00%, token usage: 0.98, #running-req: 281, #queue-req: 0
[2026-08-22 09:12:30.794 GPU=1 Worker 3 (model_2) TP=0] Received 1 generation requests
[2026-08-22 09:12:30.798 GPU=1 Worker 3 (model_2) TP=0] Prefill batch. #new-seq: 1, #new-token: 334, #cached-token: 0, cache hit rate: 0.00%, token usage: 0.72, #running-req: 79, #queue-req: 0
[2026-08-22 09:12:30.889 GPU=1 Worker 1 (model_3) TP=0] Received 1 generation requests
[2026-08-22 09:12:30.891 GPU=1 Worker 1 (model_3) TP=0] Prefill batch. #new-seq: 1, #new-token: 706, #cached-token: 0, cache hit rate: 0.00%, token usage: 0.60, #running-req: 233, #queue-req: 0
[2026-08-22 09:12:30.982 GPU=0 Worker 3 (model_6) TP=0] Received 3 generation requests
[2026-08-22 09:12:31.086 GPU=0 Worker 3 (model_6) TP=0] Received 2 generation requests
[2026-08-22 09:12:31.137 GPU=0 Worker 3 (model_6) TP=0] Prefill batch. #new-seq: 5, #new-token: 1153, #cached-token: 0, cache hit rate: 0.00%, token usage: 0.97, #running-req: 284, #queue-req: 0
[2026-08-22 09:12:31.263 GPU=0 Worker 3 (model_6) TP=0] Received 2 generation requests
[2026-08-22 09:12:31.466 GPU=0 Worker 3 (model_6) TP=0] Prefill batch. #new-seq: 2, #new-token: 1294, #cached-token: 0, cache hit rate: 0.00%, token usage: 0.98, #running-req: 285, #queue-req: 0
[2026-08-22 09:12:31.540 GPU=1 Worker 3 (model_2) TP=0] Received 1 generation requests
[2026-08-22 09:12:31.669 GPU=0 Worker 2 (model_5) TP=0] Received 1 generation requests
[2026-08-22 09:12:31.777 GPU=1 Worker 3 (model_2) TP=0] Prefill batch. #new-seq: 1, #new-token: 360, #cached-token: 0, cache hit rate: 0.00%, token usage: 0.72, #running-req: 77, #queue-req: 0
[2026-08-22 09:12:31.826 GPU=0 Worker 2 (model_5) TP=0] Prefill batch. #new-seq: 1, #new-token: 44, #cached-token: 0, cache hit rate: 0.00%, token usage: 0.54, #running-req: 140, #queue-req: 0
[2026-08-22 09:12:31.949 GPU=1 Worker 3 (model_2) TP=0] Received 1 generation requests
[2026-08-22 09:12:31.974 GPU=1 Worker 3 (model_2) TP=0] Prefill batch. #new-seq: 1, #new-token: 60, #cached-token: 0, cache hit rate: 0.00%, token usage: 0.72, #running-req: 78, #queue-req: 0
[2026-08-22 09:12:32.427 GPU=1 Worker 3 (model_2) TP=0] Received 1 generation requests
[2026-08-22 09:12:32.488 GPU=0 Worker 2 (model_5) TP=0] Received 4 generation requests
[2026-08-22 09:12:32.587 GPU=1 Worker 3 (model_2) TP=0] Prefill batch. #new-seq: 1, #new-token: 10, #cached-token: 0, cache hit rate: 0.00%, token usage: 0.72, #running-req: 79, #queue-req: 0
[2026-08-22 09:12:32.589 GPU=0 Worker 2 (model_5) TP=0] Prefill batch. #new-seq: 4, #new-token: 92, #cached-token: 0, cache hit rate: 0.00%, token usage: 0.54, #running-req: 137, #queue-req: 0
[2026-08-22 09:12:32.635 GPU=1 Worker 1 (model_3) TP=0] Decode batch. #running-req: 217, #token: 136592.0, token usage: 0.59, gen throughput (token/s): 1395.65, #queue-req: 0
[2026-08-22 09:12:32.694 GPU=0 Worker 2 (model_5) TP=0] Received 1 generation requests
[2026-08-22 09:12:32.748 GPU=0 Worker 2 (model_5) TP=0] Prefill batch. #new-seq: 1, #new-token: 397, #cached-token: 0, cache hit rate: 0.00%, token usage: 0.54, #running-req: 141, #queue-req: 0
[2026-08-22 09:12:32.858 GPU=0 Worker 2 (model_5) TP=0] Received 1 generation requests
[2026-08-22 09:12:32.963 GPU=1 Worker 3 (model_2) TP=0] Decode batch. #running-req: 78, #token: 675934.0, token usage: 0.72, gen throughput (token/s): 380.08, #queue-req: 0
[2026-08-22 09:12:32.963 GPU=0 Worker 2 (model_5) TP=0] Prefill batch. #new-seq: 1, #new-token: 768, #cached-token: 0, cache hit rate: 0.00%, token usage: 0.54, #running-req: 142, #queue-req: 0
[2026-08-22 09:12:32.963 GPU=1 Worker 1 (model_3) TP=0] Received 1 generation requests
[2026-08-22 09:12:32.964 GPU=1 Worker 3 (model_2) TP=0] Received 1 generation requests
[2026-08-22 09:12:33.017 GPU=0 Worker 2 (model_5) TP=0] Received 1 generation requests
[2026-08-22 09:12:33.020 GPU=1 Worker 3 (model_2) TP=0] Prefill batch. #new-seq: 1, #new-token: 38, #cached-token: 0, cache hit rate: 0.00%, token usage: 0.72, #running-req: 78, #queue-req: 0
[2026-08-22 09:12:33.020 GPU=1 Worker 1 (model_3) TP=0] Prefill batch. #new-seq: 1, #new-token: 299, #cached-token: 0, cache hit rate: 0.00%, token usage: 0.57, #running-req: 209, #queue-req: 0
[2026-08-22 09:12:33.021 GPU=0 Worker 2 (model_5) TP=0] Prefill batch. #new-seq: 1, #new-token: 296, #cached-token: 0, cache hit rate: 0.00%, token usage: 0.54, #running-req: 143, #queue-req: 0
[2026-08-22 09:12:33.097 GPU=1 Worker 3 (model_2) TP=0] Received 1 generation requests
[2026-08-22 09:12:33.098 GPU=1 Worker 3 (model_2) TP=0] Prefill batch. #new-seq: 1, #new-token: 41, #cached-token: 0, cache hit rate: 0.00%, token usage: 0.72, #running-req: 78, #queue-req: 0
[2026-08-22 09:12:33.157 GPU=1 Worker 3 (model_2) TP=0] Received 1 generation requests
[2026-08-22 09:12:33.160 GPU=1 Worker 3 (model_2) TP=0] Prefill batch. #new-seq: 1, #new-token: 501, #cached-token: 0, cache hit rate: 0.00%, token usage: 0.72, #running-req: 79, #queue-req: 0
[2026-08-22 09:12:33.168 GPU=1 Worker 0 (model_1) TP=0] Decode batch. #running-req: 1, #token: 596159.0, token usage: 0.73, gen throughput (token/s): 14.09, #queue-req: 0
[2026-08-22 09:12:33.255 GPU=0 Worker 2 (model_5) TP=0] Received 2 generation requests
[2026-08-22 09:12:33.256 GPU=0 Worker 3 (model_6) TP=0] Received 11 generation requests
[2026-08-22 09:12:33.310 GPU=0 Worker 3 (model_6) TP=0] Prefill batch. #new-seq: 1, #new-token: 151, #cached-token: 0, cache hit rate: 0.00%, token usage: 0.98, #running-req: 287, #queue-req: 10
[2026-08-22 09:12:33.311 GPU=0 Worker 2 (model_5) TP=0] Prefill batch. #new-seq: 2, #new-token: 317, #cached-token: 0, cache hit rate: 0.00%, token usage: 0.55, #running-req: 141, #queue-req: 0
[2026-08-22 09:12:33.367 GPU=0 Worker 3 (model_6) TP=0] Received 5 generation requests
[2026-08-22 09:12:33.479 GPU=1 Worker 3 (model_2) TP=0] Received 1 generation requests
[2026-08-22 09:12:33.481 GPU=1 Worker 3 (model_2) TP=0] Prefill batch. #new-seq: 1, #new-token: 14, #cached-token: 0, cache hit rate: 0.00%, token usage: 0.72, #running-req: 80, #queue-req: 0
[2026-08-22 09:12:33.495 GPU=0 Worker 2 (model_5) TP=0] Received 2 generation requests
[2026-08-22 09:12:33.527 GPU=0 Worker 2 (model_5) TP=0] Prefill batch. #new-seq: 2, #new-token: 720, #cached-token: 0, cache hit rate: 0.00%, token usage: 0.55, #running-req: 143, #queue-req: 0
[2026-08-22 09:12:33.641 GPU=0 Worker 3 (model_6) TP=0] Received 1 generation requests
[2026-08-22 09:12:33.803 GPU=0 Worker 3 (model_6) TP=0] Prefill batch. #new-seq: 1, #new-token: 12, #cached-token: 0, cache hit rate: 0.00%, token usage: 0.98, #running-req: 287, #queue-req: 15
[2026-08-22 09:12:33.849 GPU=0 Worker 2 (model_5) TP=0] Received 1 generation requests
[2026-08-22 09:12:33.894 GPU=0 Worker 3 (model_6) TP=0] Received 1 generation requests
[2026-08-22 09:12:33.997 GPU=1 Worker 3 (model_2) TP=0] Received 1 generation requests
[2026-08-22 09:12:33.998 GPU=0 Worker 2 (model_5) TP=0] Prefill batch. #new-seq: 1, #new-token: 123, #cached-token: 0, cache hit rate: 0.00%, token usage: 0.54, #running-req: 144, #queue-req: 0
[2026-08-22 09:12:34.053 GPU=0 Worker 3 (model_6) TP=0] Received 4 generation requests
[2026-08-22 09:12:34.054 GPU=1 Worker 3 (model_2) TP=0] Prefill batch. #new-seq: 1, #new-token: 23, #cached-token: 0, cache hit rate: 0.00%, token usage: 0.72, #running-req: 80, #queue-req: 0
[2026-08-22 09:12:34.113 GPU=0 Worker 2 (model_5) TP=0] Received 1 generation requests
[2026-08-22 09:12:34.171 GPU=0 Worker 3 (model_6) TP=0] Received 1 generation requests
[2026-08-22 09:12:34.173 GPU=0 Worker 2 (model_5) TP=0] Prefill batch. #new-seq: 1, #new-token: 479, #cached-token: 0, cache hit rate: 0.00%, token usage: 0.54, #running-req: 145, #queue-req: 0
[2026-08-22 09:12:34.174 GPU=0 Worker 3 (model_6) TP=0] Prefill batch. #new-seq: 3, #new-token: 921, #cached-token: 0, cache hit rate: 0.00%, token usage: 0.98, #running-req: 286, #queue-req: 18
[2026-08-22 09:12:34.336 GPU=0 Worker 2 (model_5) TP=0] Received 1 generation requests
[2026-08-22 09:12:34.352 GPU=0 Worker 2 (model_5) TP=0] Prefill batch. #new-seq: 1, #new-token: 217, #cached-token: 0, cache hit rate: 0.00%, token usage: 0.54, #running-req: 140, #queue-req: 0
[2026-08-22 09:12:34.372 GPU=0 Worker 3 (model_6) TP=0] Received 3 generation requests
[2026-08-22 09:12:34.610 GPU=0 Worker 3 (model_6) TP=0] Prefill batch. #new-seq: 1, #new-token: 327, #cached-token: 0, cache hit rate: 0.00%, token usage: 0.98, #running-req: 287, #queue-req: 20
[2026-08-22 09:12:34.610 GPU=0 Worker 2 (model_5) TP=0] Received 2 generation requests
[2026-08-22 09:12:34.899 GPU=0 Worker 2 (model_5) TP=0] Prefill batch. #new-seq: 2, #new-token: 1461, #cached-token: 0, cache hit rate: 0.00%, token usage: 0.54, #running-req: 141, #queue-req: 0
[2026-08-22 09:12:34.900 GPU=1 Worker 3 (model_2) TP=0] Received 5 generation requests
[2026-08-22 09:12:34.900 GPU=0 Worker 3 (model_6) TP=0] Received 5 generation requests
[2026-08-22 09:12:34.932 GPU=1 Worker 3 (model_2) TP=0] Prefill batch. #new-seq: 5, #new-token: 1841, #cached-token: 0, cache hit rate: 0.00%, token usage: 0.72, #running-req: 79, #queue-req: 0
[2026-08-22 09:12:34.945 GPU=1 Worker 1 (model_3) TP=0] Received 1 generation requests
[2026-08-22 09:12:34.947 GPU=1 Worker 1 (model_3) TP=0] Prefill batch. #new-seq: 1, #new-token: 13, #cached-token: 0, cache hit rate: 0.00%, token usage: 0.56, #running-req: 208, #queue-req: 0
[2026-08-22 09:12:34.985 GPU=1 Worker 3 (model_2) TP=0] Received 1 generation requests
[2026-08-22 09:12:34.985 GPU=1 Worker 3 (model_2) TP=0] Prefill batch. #new-seq: 1, #new-token: 70, #cached-token: 0, cache hit rate: 0.00%, token usage: 0.72, #running-req: 84, #queue-req: 0
[2026-08-22 09:12:34.997 GPU=0 Worker 3 (model_6) TP=0] Prefill batch. #new-seq: 1, #new-token: 106, #cached-token: 0, cache hit rate: 0.00%, token usage: 0.98, #running-req: 285, #queue-req: 24
[2026-08-22 09:12:35.036 GPU=1 Worker 3 (model_2) TP=0] Received 1 generation requests
[2026-08-22 09:12:35.036 GPU=1 Worker 3 (model_2) TP=0] Prefill batch. #new-seq: 1, #new-token: 90, #cached-token: 0, cache hit rate: 0.00%, token usage: 0.72, #running-req: 83, #queue-req: 0
[2026-08-22 09:12:35.042 GPU=0 Worker 3 (model_6) TP=0] Received 1 generation requests
[2026-08-22 09:12:35.168 GPU=0 Worker 3 (model_6) TP=0] Received 2 generation requests
[2026-08-22 09:12:35.169 GPU=0 Worker 2 (model_5) TP=0] Received 2 generation requests
[2026-08-22 09:12:35.268 GPU=0 Worker 2 (model_5) TP=0] Prefill batch. #new-seq: 2, #new-token: 731, #cached-token: 0, cache hit rate: 0.00%, token usage: 0.55, #running-req: 143, #queue-req: 0
[2026-08-22 09:12:35.268 GPU=0 Worker 3 (model_6) TP=0] Received 1 generation requests
[2026-08-22 09:12:35.318 GPU=1 Worker 3 (model_2) TP=0] Received 1 generation requests
[2026-08-22 09:12:35.319 GPU=0 Worker 3 (model_6) TP=0] Prefill batch. #new-seq: 3, #new-token: 3008, #cached-token: 0, cache hit rate: 0.00%, token usage: 0.98, #running-req: 283, #queue-req: 25
[2026-08-22 09:12:35.319 GPU=1 Worker 3 (model_2) TP=0] Prefill batch. #new-seq: 1, #new-token: 29, #cached-token: 0, cache hit rate: 0.00%, token usage: 0.72, #running-req: 82, #queue-req: 0
[2026-08-22 09:12:35.322 GPU=0 Worker 2 (model_5) TP=0] Received 1 generation requests
[2026-08-22 09:12:35.323 GPU=0 Worker 2 (model_5) TP=0] Prefill batch. #new-seq: 1, #new-token: 96, #cached-token: 0, cache hit rate: 0.00%, token usage: 0.55, #running-req: 145, #queue-req: 0
[2026-08-22 09:12:35.426 GPU=1 Worker 3 (model_2) TP=0] Received 1 generation requests
[2026-08-22 09:12:35.429 GPU=1 Worker 3 (model_2) TP=0] Prefill batch. #new-seq: 1, #new-token: 1191, #cached-token: 0, cache hit rate: 0.00%, token usage: 0.72, #running-req: 82, #queue-req: 0
[2026-08-22 09:12:35.475 GPU=1 Worker 0 (model_1) TP=0] Decode batch. #running-req: 1, #token: 592103.0, token usage: 0.72, gen throughput (token/s): 17.34, #queue-req: 0
[2026-08-22 09:12:35.691 GPU=1 Worker 3 (model_2) TP=0] Received 1 generation requests
[2026-08-22 09:12:35.692 GPU=1 Worker 0 (model_1) TP=0] Received 1 generation requests
[2026-08-22 09:12:35.692 GPU=0 Worker 3 (model_6) TP=0] Received 2 generation requests
[2026-08-22 09:12:35.694 GPU=1 Worker 3 (model_2) TP=0] Prefill batch. #new-seq: 1, #new-token: 549, #cached-token: 0, cache hit rate: 0.00%, token usage: 0.72, #running-req: 83, #queue-req: 0
[2026-08-22 09:12:35.694 GPU=1 Worker 0 (model_1) TP=0] Prefill batch. #new-seq: 1, #new-token: 23, #cached-token: 0, cache hit rate: 0.00%, token usage: 0.72, #running-req: 1, #queue-req: 0
[2026-08-22 09:12:35.736 GPU=1 Worker 3 (model_2) TP=0] Received 1 generation requests
[2026-08-22 09:12:35.856 GPU=1 Worker 3 (model_2) TP=0] Prefill batch. #new-seq: 1, #new-token: 85, #cached-token: 0, cache hit rate: 0.00%, token usage: 0.72, #running-req: 84, #queue-req: 0
[2026-08-22 09:12:35.857 GPU=0 Worker 3 (model_6) TP=0] Prefill batch. #new-seq: 1, #new-token: 933, #cached-token: 0, cache hit rate: 0.00%, token usage: 0.98, #running-req: 284, #queue-req: 26
[2026-08-22 09:12:35.895 GPU=1 Worker 3 (model_2) TP=0] Received 1 generation requests
[2026-08-22 09:12:35.901 GPU=1 Worker 3 (model_2) TP=0] Prefill batch. #new-seq: 1, #new-token: 30, #cached-token: 0, cache hit rate: 0.00%, token usage: 0.72, #running-req: 85, #queue-req: 0
[2026-08-22 09:12:36.545 GPU=0 Worker 3 (model_6) TP=0] Received 2 generation requests
[2026-08-22 09:12:36.559 GPU=1 Worker 3 (model_2) TP=0] Decode batch. #running-req: 81, #token: 673968.0, token usage: 0.72, gen throughput (token/s): 909.11, #queue-req: 0
[2026-08-22 09:12:36.619 GPU=1 Worker 3 (model_2) TP=0] Received 1 generation requests
[2026-08-22 09:12:36.621 GPU=1 Worker 3 (model_2) TP=0] Prefill batch. #new-seq: 1, #new-token: 313, #cached-token: 0, cache hit rate: 0.00%, token usage: 0.71, #running-req: 79, #queue-req: 0
[2026-08-22 09:12:36.623 GPU=0 Worker 3 (model_6) TP=0] Prefill batch. #new-seq: 13, #new-token: 2880, #cached-token: 0, cache hit rate: 0.00%, token usage: 0.97, #running-req: 270, #queue-req: 15
[2026-08-22 09:12:36.634 GPU=1 Worker 3 (model_2) TP=0] Received 2 generation requests
[2026-08-22 09:12:36.636 GPU=1 Worker 3 (model_2) TP=0] Prefill batch. #new-seq: 2, #new-token: 614, #cached-token: 0, cache hit rate: 0.00%, token usage: 0.70, #running-req: 80, #queue-req: 0
[2026-08-22 09:12:36.656 GPU=0 Worker 2 (model_5) TP=0] Received 1 generation requests
[2026-08-22 09:12:36.658 GPU=0 Worker 2 (model_5) TP=0] Prefill batch. #new-seq: 1, #new-token: 57, #cached-token: 0, cache hit rate: 0.00%, token usage: 0.50, #running-req: 128, #queue-req: 0
[2026-08-22 09:12:36.660 GPU=1 Worker 3 (model_2) TP=0] Received 2 generation requests
[2026-08-22 09:12:36.661 GPU=1 Worker 3 (model_2) TP=0] Prefill batch. #new-seq: 2, #new-token: 228, #cached-token: 0, cache hit rate: 0.00%, token usage: 0.70, #running-req: 82, #queue-req: 0
[2026-08-22 09:12:36.696 GPU=1 Worker 0 (model_1) TP=0] Decode batch. #running-req: 2, #token: 563530.0, token usage: 0.69, gen throughput (token/s): 62.24, #queue-req: 0
[2026-08-22 09:12:36.746 GPU=1 Worker 3 (model_2) TP=0] Received 1 generation requests
[2026-08-22 09:12:36.747 GPU=1 Worker 3 (model_2) TP=0] Prefill batch. #new-seq: 1, #new-token: 378, #cached-token: 0, cache hit rate: 0.00%, token usage: 0.67, #running-req: 83, #queue-req: 0
[2026-08-22 09:12:36.773 GPU=1 Worker 3 (model_2) TP=0] Received 1 generation requests
[2026-08-22 09:12:36.774 GPU=1 Worker 3 (model_2) TP=0] Prefill batch. #new-seq: 1, #new-token: 186, #cached-token: 0, cache hit rate: 0.00%, token usage: 0.67, #running-req: 84, #queue-req: 0
[2026-08-22 09:12:36.866 GPU=1 Worker 1 (model_3) TP=0] Received 5 generation requests
[2026-08-22 09:12:36.872 GPU=1 Worker 1 (model_3) TP=0] Prefill batch. #new-seq: 5, #new-token: 1642, #cached-token: 0, cache hit rate: 0.00%, token usage: 0.31, #running-req: 188, #queue-req: 0
[2026-08-22 09:12:36.881 GPU=1 Worker 3 (model_2) TP=0] Received 1 generation requests
[2026-08-22 09:12:36.887 GPU=1 Worker 3 (model_2) TP=0] Prefill batch. #new-seq: 1, #new-token: 2763, #cached-token: 0, cache hit rate: 0.00%, token usage: 0.66, #running-req: 85, #queue-req: 0
[2026-08-22 09:12:36.952 GPU=0 Worker 3 (model_6) TP=0] Received 11 generation requests
[2026-08-22 09:12:36.958 GPU=0 Worker 2 (model_5) TP=0] Received 1 generation requests
[2026-08-22 09:12:36.959 GPU=0 Worker 2 (model_5) TP=0] Prefill batch. #new-seq: 1, #new-token: 150, #cached-token: 0, cache hit rate: 0.00%, token usage: 0.49, #running-req: 124, #queue-req: 0
[2026-08-22 09:12:37.045 GPU=0 Worker 3 (model_6) TP=0] Received 1 generation requests
[2026-08-22 09:12:37.107 GPU=0 Worker 3 (model_6) TP=0] Prefill batch. #new-seq: 11, #new-token: 2766, #cached-token: 0, cache hit rate: 0.00%, token usage: 0.97, #running-req: 278, #queue-req: 16
[2026-08-22 09:12:37.164 GPU=1 Worker 3 (model_2) TP=0] Received 1 generation requests
[2026-08-22 09:12:37.165 GPU=1 Worker 3 (model_2) TP=0] Prefill batch. #new-seq: 1, #new-token: 18, #cached-token: 0, cache hit rate: 0.00%, token usage: 0.66, #running-req: 85, #queue-req: 0
[2026-08-22 09:12:37.281 GPU=1 Worker 3 (model_2) TP=0] Received 2 generation requests
[2026-08-22 09:12:37.295 GPU=1 Worker 3 (model_2) TP=0] Prefill batch. #new-seq: 2, #new-token: 410, #cached-token: 0, cache hit rate: 0.00%, token usage: 0.66, #running-req: 83, #queue-req: 0
[2026-08-22 09:12:37.604 GPU=0 Worker 2 (model_5) TP=0] Received 1 generation requests
[2026-08-22 09:12:37.605 GPU=1 Worker 3 (model_2) TP=0] Received 1 generation requests
[2026-08-22 09:12:37.605 GPU=0 Worker 3 (model_6) TP=0] Received 8 generation requests
[2026-08-22 09:12:37.857 GPU=1 Worker 3 (model_2) TP=0] Prefill batch. #new-seq: 1, #new-token: 705, #cached-token: 0, cache hit rate: 0.00%, token usage: 0.66, #running-req: 85, #queue-req: 0
[2026-08-22 09:12:37.857 GPU=0 Worker 2 (model_5) TP=0] Prefill batch. #new-seq: 1, #new-token: 903, #cached-token: 0, cache hit rate: 0.00%, token usage: 0.49, #running-req: 123, #queue-req: 0
[2026-08-22 09:12:37.887 GPU=0 Worker 3 (model_6) TP=0] Decode batch. #running-req: 284, #token: 455341.0, token usage: 0.98, gen throughput (token/s): 266.56, #queue-req: 24
[2026-08-22 09:12:37.887 GPU=0 Worker 3 (model_6) TP=0] Received 3 generation requests
[2026-08-22 09:12:37.892 GPU=0 Worker 3 (model_6) TP=0] Prefill batch. #new-seq: 5, #new-token: 1813, #cached-token: 0, cache hit rate: 0.00%, token usage: 0.98, #running-req: 284, #queue-req: 22
[2026-08-22 09:12:37.894 GPU=1 Worker 3 (model_2) TP=0] Received 1 generation requests
[2026-08-22 09:12:37.900 GPU=1 Worker 3 (model_2) TP=0] Prefill batch. #new-seq: 1, #new-token: 1001, #cached-token: 0, cache hit rate: 0.00%, token usage: 0.66, #running-req: 86, #queue-req: 0
[2026-08-22 09:12:37.960 GPU=1 Worker 1 (model_3) TP=0] Decode batch. #running-req: 104, #token: 75167.0, token usage: 0.32, gen throughput (token/s): 1284.43, #queue-req: 0
[2026-08-22 09:12:38.015 GPU=1 Worker 1 (model_3) TP=0] Received 1 generation requests
[2026-08-22 09:12:38.015 GPU=0 Worker 2 (model_5) TP=0] Received 1 generation requests
[2026-08-22 09:12:38.070 GPU=0 Worker 3 (model_6) TP=0] Received 2 generation requests
[2026-08-22 09:12:38.070 GPU=1 Worker 0 (model_1) TP=0] Received 1 generation requests
[2026-08-22 09:12:38.125 GPU=0 Worker 2 (model_5) TP=0] Prefill batch. #new-seq: 1, #new-token: 55, #cached-token: 0, cache hit rate: 0.00%, token usage: 0.49, #running-req: 124, #queue-req: 0
[2026-08-22 09:12:38.125 GPU=1 Worker 1 (model_3) TP=0] Prefill batch. #new-seq: 1, #new-token: 14, #cached-token: 0, cache hit rate: 0.00%, token usage: 0.32, #running-req: 104, #queue-req: 0
[2026-08-22 09:12:38.126 GPU=1 Worker 0 (model_1) TP=0] Prefill batch. #new-seq: 1, #new-token: 297, #cached-token: 0, cache hit rate: 0.00%, token usage: 0.66, #running-req: 1, #queue-req: 0
[2026-08-22 09:12:38.183 GPU=0 Worker 3 (model_6) TP=0] Received 1 generation requests
[2026-08-22 09:12:38.184 GPU=0 Worker 3 (model_6) TP=0] Prefill batch. #new-seq: 1, #new-token: 372, #cached-token: 0, cache hit rate: 0.00%, token usage: 0.98, #running-req: 285, #queue-req: 24
[2026-08-22 09:12:38.185 GPU=1 Worker 0 (model_1) TP=0] Decode batch. #running-req: 2, #token: 545166.0, token usage: 0.67, gen throughput (token/s): 42.98, #queue-req: 0
[2026-08-22 09:12:38.252 GPU=0 Worker 3 (model_6) TP=0] Received 1 generation requests
[2026-08-22 09:12:38.333 GPU=0 Worker 3 (model_6) TP=0] Received 1 generation requests
[2026-08-22 09:12:38.389 GPU=0 Worker 3 (model_6) TP=0] Prefill batch. #new-seq: 1, #new-token: 987, #cached-token: 0, cache hit rate: 0.00%, token usage: 0.98, #running-req: 285, #queue-req: 25
[2026-08-22 09:12:38.497 GPU=1 Worker 3 (model_2) TP=0] Received 1 generation requests
[2026-08-22 09:12:38.499 GPU=1 Worker 3 (model_2) TP=0] Prefill batch. #new-seq: 1, #new-token: 34, #cached-token: 0, cache hit rate: 0.00%, token usage: 0.66, #running-req: 80, #queue-req: 0
[2026-08-22 09:12:38.563 GPU=0 Worker 3 (model_6) TP=0] Received 1 generation requests
[2026-08-22 09:12:38.563 GPU=1 Worker 3 (model_2) TP=0] Received 1 generation requests
[2026-08-22 09:12:38.638 GPU=0 Worker 3 (model_6) TP=0] Prefill batch. #new-seq: 1, #new-token: 65, #cached-token: 0, cache hit rate: 0.00%, token usage: 0.98, #running-req: 283, #queue-req: 25
[2026-08-22 09:12:38.638 GPU=1 Worker 3 (model_2) TP=0] Prefill batch. #new-seq: 1, #new-token: 312, #cached-token: 0, cache hit rate: 0.00%, token usage: 0.66, #running-req: 81, #queue-req: 0
[2026-08-22 09:12:38.830 GPU=0 Worker 3 (model_6) TP=0] Prefill batch. #new-seq: 2, #new-token: 2015, #cached-token: 0, cache hit rate: 0.00%, token usage: 0.98, #running-req: 283, #queue-req: 23
[2026-08-22 09:12:39.361 GPU=0 Worker 3 (model_6) TP=0] Received 5 generation requests
[2026-08-22 09:12:39.427 GPU=1 Worker 3 (model_2) TP=0] Received 1 generation requests
[2026-08-22 09:12:39.430 GPU=1 Worker 3 (model_2) TP=0] Prefill batch. #new-seq: 1, #new-token: 24, #cached-token: 0, cache hit rate: 0.00%, token usage: 0.66, #running-req: 82, #queue-req: 0
[2026-08-22 09:12:39.473 GPU=0 Worker 3 (model_6) TP=0] Prefill batch. #new-seq: 3, #new-token: 1394, #cached-token: 0, cache hit rate: 0.00%, token usage: 0.98, #running-req: 279, #queue-req: 25
[2026-08-22 09:12:39.486 GPU=0 Worker 2 (model_5) TP=0] Received 3 generation requests
[2026-08-22 09:12:39.498 GPU=0 Worker 2 (model_5) TP=0] Prefill batch. #new-seq: 3, #new-token: 859, #cached-token: 0, cache hit rate: 0.00%, token usage: 0.49, #running-req: 120, #queue-req: 0
[2026-08-22 09:12:39.505 GPU=1 Worker 1 (model_3) TP=0] Received 2 generation requests
[2026-08-22 09:12:39.512 GPU=1 Worker 1 (model_3) TP=0] Prefill batch. #new-seq: 2, #new-token: 92, #cached-token: 0, cache hit rate: 0.00%, token usage: 0.26, #running-req: 105, #queue-req: 0
[2026-08-22 09:12:39.523 GPU=1 Worker 3 (model_2) TP=0] Decode batch. #running-req: 83, #token: 608923.0, token usage: 0.65, gen throughput (token/s): 1121.36, #queue-req: 0
[2026-08-22 09:12:39.608 GPU=1 Worker 3 (model_2) TP=0] Received 1 generation requests
[2026-08-22 09:12:39.608 GPU=1 Worker 3 (model_2) TP=0] Prefill batch. #new-seq: 1, #new-token: 31, #cached-token: 0, cache hit rate: 0.00%, token usage: 0.65, #running-req: 83, #queue-req: 0
[2026-08-22 09:12:39.631 GPU=0 Worker 3 (model_6) TP=0] Received 2 generation requests
[2026-08-22 09:12:39.708 GPU=0 Worker 3 (model_6) TP=0] Received 1 generation requests
[2026-08-22 09:12:39.710 GPU=0 Worker 3 (model_6) TP=0] Prefill batch. #new-seq: 3, #new-token: 697, #cached-token: 0, cache hit rate: 0.00%, token usage: 0.98, #running-req: 281, #queue-req: 25
[2026-08-22 09:12:39.818 GPU=0 Worker 3 (model_6) TP=0] Received 2 generation requests
[2026-08-22 09:12:39.834 GPU=1 Worker 0 (model_1) TP=0] Decode batch. #running-req: 2, #token: 539102.0, token usage: 0.66, gen throughput (token/s): 48.53, #queue-req: 0
[2026-08-22 09:12:39.861 GPU=0 Worker 2 (model_5) TP=0] Decode batch. #running-req: 119, #token: 100454.0, token usage: 0.49, gen throughput (token/s): 545.27, #queue-req: 0
[2026-08-22 09:12:39.900 GPU=0 Worker 3 (model_6) TP=0] Prefill batch. #new-seq: 7, #new-token: 1239, #cached-token: 0, cache hit rate: 0.00%, token usage: 0.98, #running-req: 282, #queue-req: 20
[2026-08-22 09:12:39.900 GPU=1 Worker 3 (model_2) TP=0] Received 1 generation requests
[2026-08-22 09:12:39.902 GPU=1 Worker 3 (model_2) TP=0] Prefill batch. #new-seq: 1, #new-token: 222, #cached-token: 0, cache hit rate: 0.00%, token usage: 0.65, #running-req: 81, #queue-req: 0
[2026-08-22 09:12:39.929 GPU=1 Worker 3 (model_2) TP=0] Received 1 generation requests
[2026-08-22 09:12:39.930 GPU=1 Worker 3 (model_2) TP=0] Prefill batch. #new-seq: 1, #new-token: 17, #cached-token: 0, cache hit rate: 0.00%, token usage: 0.65, #running-req: 82, #queue-req: 0
[2026-08-22 09:12:39.967 GPU=1 Worker 3 (model_2) TP=0] Received 1 generation requests
[2026-08-22 09:12:39.968 GPU=1 Worker 3 (model_2) TP=0] Prefill batch. #new-seq: 1, #new-token: 381, #cached-token: 0, cache hit rate: 0.00%, token usage: 0.65, #running-req: 83, #queue-req: 0
[2026-08-22 09:12:40.049 GPU=0 Worker 3 (model_6) TP=0] Received 3 generation requests
[2026-08-22 09:12:40.144 GPU=1 Worker 3 (model_2) TP=0] Received 1 generation requests
[2026-08-22 09:12:40.203 GPU=0 Worker 3 (model_6) TP=0] Received 1 generation requests
[2026-08-22 09:12:40.232 GPU=1 Worker 3 (model_2) TP=0] Prefill batch. #new-seq: 1, #new-token: 14, #cached-token: 0, cache hit rate: 0.00%, token usage: 0.65, #running-req: 84, #queue-req: 0
[2026-08-22 09:12:40.233 GPU=0 Worker 3 (model_6) TP=0] Prefill batch. #new-seq: 2, #new-token: 406, #cached-token: 0, cache hit rate: 0.00%, token usage: 0.98, #running-req: 286, #queue-req: 22
[2026-08-22 09:12:40.252 GPU=1 Worker 3 (model_2) TP=0] Received 1 generation requests
[2026-08-22 09:12:40.263 GPU=1 Worker 3 (model_2) TP=0] Prefill batch. #new-seq: 1, #new-token: 28, #cached-token: 0, cache hit rate: 0.00%, token usage: 0.65, #running-req: 85, #queue-req: 0
[2026-08-22 09:12:40.498 GPU=1 Worker 3 (model_2) TP=0] Received 1 generation requests
[2026-08-22 09:12:40.498 GPU=0 Worker 3 (model_6) TP=0] Received 1 generation requests
[2026-08-22 09:12:40.498 GPU=1 Worker 0 (model_1) TP=0] Received 1 generation requests
[2026-08-22 09:12:40.499 GPU=0 Worker 2 (model_5) TP=0] Received 1 generation requests
[2026-08-22 09:12:40.721 GPU=1 Worker 3 (model_2) TP=0] Prefill batch. #new-seq: 1, #new-token: 19, #cached-token: 0, cache hit rate: 0.00%, token usage: 0.65, #running-req: 86, #queue-req: 0
[2026-08-22 09:12:40.721 GPU=1 Worker 0 (model_1) TP=0] Prefill batch. #new-seq: 1, #new-token: 9, #cached-token: 0, cache hit rate: 0.00%, token usage: 0.66, #running-req: 2, #queue-req: 0
[2026-08-22 09:12:40.754 GPU=0 Worker 3 (model_6) TP=0] Received 3 generation requests
[2026-08-22 09:12:40.754 GPU=0 Worker 2 (model_5) TP=0] Prefill batch. #new-seq: 1, #new-token: 10, #cached-token: 0, cache hit rate: 0.00%, token usage: 0.49, #running-req: 116, #queue-req: 0
[2026-08-22 09:12:40.784 GPU=1 Worker 3 (model_2) TP=0] Received 2 generation requests
[2026-08-22 09:12:40.786 GPU=0 Worker 3 (model_6) TP=0] Prefill batch. #new-seq: 1, #new-token: 645, #cached-token: 0, cache hit rate: 0.00%, token usage: 0.98, #running-req: 287, #queue-req: 25
[2026-08-22 09:12:40.790 GPU=1 Worker 3 (model_2) TP=0] Prefill batch. #new-seq: 2, #new-token: 764, #cached-token: 0, cache hit rate: 0.00%, token usage: 0.65, #running-req: 87, #queue-req: 0
[2026-08-22 09:12:40.843 GPU=0 Worker 2 (model_5) TP=0] Received 3 generation requests
[2026-08-22 09:12:40.884 GPU=0 Worker 3 (model_6) TP=0] Received 2 generation requests
[2026-08-22 09:12:40.934 GPU=0 Worker 2 (model_5) TP=0] Prefill batch. #new-seq: 3, #new-token: 1177, #cached-token: 0, cache hit rate: 0.00%, token usage: 0.49, #running-req: 117, #queue-req: 0
[2026-08-22 09:12:40.988 GPU=1 Worker 3 (model_2) TP=0] Received 1 generation requests
[2026-08-22 09:12:40.993 GPU=1 Worker 3 (model_2) TP=0] Prefill batch. #new-seq: 1, #new-token: 779, #cached-token: 0, cache hit rate: 0.00%, token usage: 0.65, #running-req: 88, #queue-req: 0
[2026-08-22 09:12:40.995 GPU=1 Worker 1 (model_3) TP=0] Received 2 generation requests
[2026-08-22 09:12:40.996 GPU=0 Worker 3 (model_6) TP=0] Received 1 generation requests
[2026-08-22 09:12:40.996 GPU=1 Worker 1 (model_3) TP=0] Prefill batch. #new-seq: 2, #new-token: 55, #cached-token: 0, cache hit rate: 0.00%, token usage: 0.24, #running-req: 72, #queue-req: 0
[2026-08-22 09:12:40.997 GPU=0 Worker 3 (model_6) TP=0] Prefill batch. #new-seq: 1, #new-token: 733, #cached-token: 0, cache hit rate: 0.00%, token usage: 0.98, #running-req: 286, #queue-req: 27
[2026-08-22 09:12:41.091 GPU=1 Worker 3 (model_2) TP=0] Received 1 generation requests
[2026-08-22 09:12:41.092 GPU=1 Worker 3 (model_2) TP=0] Prefill batch. #new-seq: 1, #new-token: 45, #cached-token: 0, cache hit rate: 0.00%, token usage: 0.65, #running-req: 89, #queue-req: 0
[2026-08-22 09:12:41.117 GPU=0 Worker 3 (model_6) TP=0] Received 1 generation requests
[2026-08-22 09:12:41.118 GPU=0 Worker 2 (model_5) TP=0] Received 1 generation requests
[2026-08-22 09:12:41.119 GPU=0 Worker 2 (model_5) TP=0] Prefill batch. #new-seq: 1, #new-token: 47, #cached-token: 0, cache hit rate: 0.00%, token usage: 0.49, #running-req: 120, #queue-req: 0
[2026-08-22 09:12:41.169 GPU=0 Worker 2 (model_5) TP=0] Received 2 generation requests
[2026-08-22 09:12:41.173 GPU=0 Worker 2 (model_5) TP=0] Prefill batch. #new-seq: 2, #new-token: 886, #cached-token: 0, cache hit rate: 0.00%, token usage: 0.49, #running-req: 121, #queue-req: 0
[2026-08-22 09:12:41.174 GPU=0 Worker 3 (model_6) TP=0] Prefill batch. #new-seq: 1, #new-token: 11, #cached-token: 0, cache hit rate: 0.00%, token usage: 0.98, #running-req: 286, #queue-req: 27
[2026-08-22 09:12:41.203 GPU=0 Worker 3 (model_6) TP=0] Received 1 generation requests
[2026-08-22 09:12:41.286 GPU=0 Worker 3 (model_6) TP=0] Prefill batch. #new-seq: 3, #new-token: 378, #cached-token: 0, cache hit rate: 0.00%, token usage: 0.98, #running-req: 285, #queue-req: 25
[2026-08-22 09:12:41.297 GPU=0 Worker 2 (model_5) TP=0] Received 1 generation requests
[2026-08-22 09:12:41.298 GPU=0 Worker 2 (model_5) TP=0] Prefill batch. #new-seq: 1, #new-token: 155, #cached-token: 0, cache hit rate: 0.00%, token usage: 0.50, #running-req: 123, #queue-req: 0
[2026-08-22 09:12:41.381 GPU=0 Worker 3 (model_6) TP=0] Received 3 generation requests
[2026-08-22 09:12:41.508 GPU=0 Worker 2 (model_5) TP=0] Received 2 generation requests
[2026-08-22 09:12:41.508 GPU=1 Worker 0 (model_1) TP=0] Decode batch. #running-req: 3, #token: 535120.0, token usage: 0.65, gen throughput (token/s): 62.74, #queue-req: 0
[2026-08-22 09:12:41.596 GPU=0 Worker 2 (model_5) TP=0] Prefill batch. #new-seq: 2, #new-token: 350, #cached-token: 0, cache hit rate: 0.00%, token usage: 0.50, #running-req: 124, #queue-req: 0
[2026-08-22 09:12:41.598 GPU=0 Worker 3 (model_6) TP=0] Prefill batch. #new-seq: 2, #new-token: 224, #cached-token: 0, cache hit rate: 0.00%, token usage: 0.98, #running-req: 285, #queue-req: 26
[2026-08-22 09:12:41.659 GPU=1 Worker 3 (model_2) TP=0] Decode batch. #running-req: 85, #token: 606770.0, token usage: 0.65, gen throughput (token/s): 1598.24, #queue-req: 0
[2026-08-22 09:12:41.701 GPU=1 Worker 3 (model_2) TP=0] Received 1 generation requests
[2026-08-22 09:12:41.701 GPU=1 Worker 3 (model_2) TP=0] Prefill batch. #new-seq: 1, #new-token: 20, #cached-token: 0, cache hit rate: 0.00%, token usage: 0.65, #running-req: 84, #queue-req: 0
[2026-08-22 09:12:41.904 GPU=1 Worker 3 (model_2) TP=0] Received 2 generation requests
[2026-08-22 09:12:41.904 GPU=0 Worker 3 (model_6) TP=0] Received 2 generation requests
[2026-08-22 09:12:42.187 GPU=1 Worker 3 (model_2) TP=0] Prefill batch. #new-seq: 2, #new-token: 531, #cached-token: 0, cache hit rate: 0.00%, token usage: 0.65, #running-req: 85, #queue-req: 0
[2026-08-22 09:12:42.220 GPU=1 Worker 3 (model_2) TP=0] Received 1 generation requests
[2026-08-22 09:12:42.221 GPU=0 Worker 3 (model_6) TP=0] Prefill batch. #new-seq: 3, #new-token: 1448, #cached-token: 0, cache hit rate: 0.00%, token usage: 0.98, #running-req: 284, #queue-req: 25
[2026-08-22 09:12:42.222 GPU=1 Worker 3 (model_2) TP=0] Prefill batch. #new-seq: 1, #new-token: 135, #cached-token: 0, cache hit rate: 0.00%, token usage: 0.65, #running-req: 87, #queue-req: 0
[2026-08-22 09:12:42.281 GPU=1 Worker 3 (model_2) TP=0] Received 1 generation requests
[2026-08-22 09:12:42.282 GPU=1 Worker 3 (model_2) TP=0] Prefill batch. #new-seq: 1, #new-token: 122, #cached-token: 0, cache hit rate: 0.00%, token usage: 0.65, #running-req: 88, #queue-req: 0
[2026-08-22 09:12:42.310 GPU=1 Worker 1 (model_3) TP=0] Decode batch. #running-req: 58, #token: 47666.0, token usage: 0.20, gen throughput (token/s): 673.68, #queue-req: 0
[2026-08-22 09:12:42.326 GPU=1 Worker 3 (model_2) TP=0] Received 1 generation requests
[2026-08-22 09:12:42.328 GPU=1 Worker 3 (model_2) TP=0] Prefill batch. #new-seq: 1, #new-token: 407, #cached-token: 0, cache hit rate: 0.00%, token usage: 0.65, #running-req: 89, #queue-req: 0
[2026-08-22 09:12:42.364 GPU=1 Worker 1 (model_3) TP=0] Received 1 generation requests
[2026-08-22 09:12:42.364 GPU=1 Worker 1 (model_3) TP=0] Prefill batch. #new-seq: 1, #new-token: 26, #cached-token: 0, cache hit rate: 0.00%, token usage: 0.20, #running-req: 58, #queue-req: 0
[2026-08-22 09:12:42.396 GPU=1 Worker 3 (model_2) TP=0] Received 1 generation requests
[2026-08-22 09:12:42.397 GPU=0 Worker 3 (model_6) TP=0] Received 3 generation requests
[2026-08-22 09:12:42.399 GPU=1 Worker 3 (model_2) TP=0] Prefill batch. #new-seq: 1, #new-token: 1557, #cached-token: 0, cache hit rate: 0.00%, token usage: 0.65, #running-req: 90, #queue-req: 0
[2026-08-22 09:12:42.472 GPU=0 Worker 3 (model_6) TP=0] Prefill batch. #new-seq: 11, #new-token: 2672, #cached-token: 0, cache hit rate: 0.00%, token usage: 0.97, #running-req: 284, #queue-req: 17
[2026-08-22 09:12:42.473 GPU=1 Worker 3 (model_2) TP=0] Received 1 generation requests
[2026-08-22 09:12:42.474 GPU=1 Worker 3 (model_2) TP=0] Prefill batch. #new-seq: 1, #new-token: 456, #cached-token: 0, cache hit rate: 0.00%, token usage: 0.65, #running-req: 91, #queue-req: 0
[2026-08-22 09:12:42.719 GPU=1 Worker 0 (model_1) TP=0] Decode batch. #running-req: 3, #token: 522952.0, token usage: 0.64, gen throughput (token/s): 99.08, #queue-req: 0
[2026-08-22 09:12:42.820 GPU=0 Worker 3 (model_6) TP=0] Received 11 generation requests
[2026-08-22 09:12:42.953 GPU=1 Worker 3 (model_2) TP=0] Received 1 generation requests
[2026-08-22 09:12:43.048 GPU=1 Worker 3 (model_2) TP=0] Prefill batch. #new-seq: 1, #new-token: 695, #cached-token: 0, cache hit rate: 0.00%, token usage: 0.63, #running-req: 82, #queue-req: 0
[2026-08-22 09:12:43.049 GPU=0 Worker 3 (model_6) TP=0] Prefill batch. #new-seq: 3, #new-token: 91, #cached-token: 0, cache hit rate: 0.00%, token usage: 0.98, #running-req: 292, #queue-req: 25
[2026-08-22 09:12:43.069 GPU=1 Worker 3 (model_2) TP=0] Received 1 generation requests
[2026-08-22 09:12:43.086 GPU=1 Worker 3 (model_2) TP=0] Prefill batch. #new-seq: 1, #new-token: 327, #cached-token: 0, cache hit rate: 0.00%, token usage: 0.63, #running-req: 83, #queue-req: 0
[2026-08-22 09:12:43.530 GPU=1 Worker 3 (model_2) TP=0] Received 3 generation requests
[2026-08-22 09:12:43.530 GPU=0 Worker 3 (model_6) TP=0] Received 3 generation requests
[2026-08-22 09:12:43.568 GPU=1 Worker 3 (model_2) TP=0] Prefill batch. #new-seq: 3, #new-token: 635, #cached-token: 0, cache hit rate: 0.00%, token usage: 0.63, #running-req: 84, #queue-req: 0
[2026-08-22 09:12:43.717 GPU=0 Worker 3 (model_6) TP=0] Prefill batch. #new-seq: 2, #new-token: 976, #cached-token: 0, cache hit rate: 0.00%, token usage: 0.98, #running-req: 293, #queue-req: 26
[2026-08-22 09:12:43.821 GPU=1 Worker 3 (model_2) TP=0] Received 1 generation requests
[2026-08-22 09:12:43.822 GPU=1 Worker 3 (model_2) TP=0] Prefill batch. #new-seq: 1, #new-token: 57, #cached-token: 0, cache hit rate: 0.00%, token usage: 0.63, #running-req: 87, #queue-req: 0
[2026-08-22 09:12:43.832 GPU=1 Worker 1 (model_3) TP=0] Received 2 generation requests
[2026-08-22 09:12:43.833 GPU=1 Worker 1 (model_3) TP=0] Prefill batch. #new-seq: 2, #new-token: 81, #cached-token: 0, cache hit rate: 0.00%, token usage: 0.16, #running-req: 46, #queue-req: 0
[2026-08-22 09:12:43.848 GPU=0 Worker 3 (model_6) TP=0] Received 2 generation requests
[2026-08-22 09:12:43.926 GPU=0 Worker 3 (model_6) TP=0] Prefill batch. #new-seq: 1, #new-token: 820, #cached-token: 0, cache hit rate: 0.00%, token usage: 0.98, #running-req: 293, #queue-req: 27
[2026-08-22 09:12:43.955 GPU=1 Worker 3 (model_2) TP=0] Received 1 generation requests
[2026-08-22 09:12:43.956 GPU=1 Worker 3 (model_2) TP=0] Prefill batch. #new-seq: 1, #new-token: 244, #cached-token: 0, cache hit rate: 0.00%, token usage: 0.63, #running-req: 88, #queue-req: 0
[2026-08-22 09:12:44.039 GPU=1 Worker 1 (model_3) TP=0] Received 1 generation requests
[2026-08-22 09:12:44.041 GPU=1 Worker 1 (model_3) TP=0] Prefill batch. #new-seq: 1, #new-token: 178, #cached-token: 0, cache hit rate: 0.00%, token usage: 0.15, #running-req: 42, #queue-req: 0
[2026-08-22 09:12:44.048 GPU=0 Worker 3 (model_6) TP=0] Received 1 generation requests
[2026-08-22 09:12:44.118 GPU=0 Worker 3 (model_6) TP=0] Prefill batch. #new-seq: 1, #new-token: 20, #cached-token: 0, cache hit rate: 0.00%, token usage: 0.98, #running-req: 292, #queue-req: 27
[2026-08-22 09:12:44.135 GPU=1 Worker 3 (model_2) TP=0] Decode batch. #running-req: 81, #token: 578009.0, token usage: 0.62, gen throughput (token/s): 1402.37, #queue-req: 0
[2026-08-22 09:12:44.136 GPU=1 Worker 3 (model_2) TP=0] Received 1 generation requests
[2026-08-22 09:12:44.136 GPU=1 Worker 3 (model_2) TP=0] Prefill batch. #new-seq: 1, #new-token: 33, #cached-token: 0, cache hit rate: 0.00%, token usage: 0.62, #running-req: 81, #queue-req: 0
[2026-08-22 09:12:44.152 GPU=0 Worker 3 (model_6) TP=0] Received 1 generation requests
[2026-08-22 09:12:44.205 GPU=0 Worker 2 (model_5) TP=0] Received 1 generation requests
[2026-08-22 09:12:44.209 GPU=0 Worker 2 (model_5) TP=0] Prefill batch. #new-seq: 1, #new-token: 24, #cached-token: 0, cache hit rate: 0.00%, token usage: 0.46, #running-req: 102, #queue-req: 0
[2026-08-22 09:12:44.246 GPU=1 Worker 0 (model_1) TP=0] Decode batch. #running-req: 1, #token: 512459.0, token usage: 0.63, gen throughput (token/s): 53.69, #queue-req: 0
[2026-08-22 09:12:44.333 GPU=1 Worker 3 (model_2) TP=0] Received 1 generation requests
[2026-08-22 09:12:44.333 GPU=1 Worker 1 (model_3) TP=0] Received 1 generation requests
[2026-08-22 09:12:44.335 GPU=1 Worker 1 (model_3) TP=0] Prefill batch. #new-seq: 1, #new-token: 18, #cached-token: 0, cache hit rate: 0.00%, token usage: 0.14, #running-req: 38, #queue-req: 0
[2026-08-22 09:12:44.336 GPU=1 Worker 3 (model_2) TP=0] Prefill batch. #new-seq: 1, #new-token: 401, #cached-token: 0, cache hit rate: 0.00%, token usage: 0.61, #running-req: 68, #queue-req: 0
[2026-08-22 09:12:44.367 GPU=1 Worker 3 (model_2) TP=0] Received 1 generation requests
[2026-08-22 09:12:44.453 GPU=1 Worker 3 (model_2) TP=0] Prefill batch. #new-seq: 1, #new-token: 592, #cached-token: 0, cache hit rate: 0.00%, token usage: 0.61, #running-req: 69, #queue-req: 0
[2026-08-22 09:12:44.474 GPU=1 Worker 1 (model_3) TP=0] Received 1 generation requests
[2026-08-22 09:12:44.481 GPU=1 Worker 0 (model_1) TP=0] Received 1 generation requests
[2026-08-22 09:12:44.485 GPU=1 Worker 3 (model_2) TP=0] Received 1 generation requests
[2026-08-22 09:12:44.489 GPU=1 Worker 1 (model_3) TP=0] Prefill batch. #new-seq: 1, #new-token: 28, #cached-token: 0, cache hit rate: 0.00%, token usage: 0.14, #running-req: 39, #queue-req: 0
[2026-08-22 09:12:44.490 GPU=1 Worker 0 (model_1) TP=0] Prefill batch. #new-seq: 1, #new-token: 13, #cached-token: 0, cache hit rate: 0.00%, token usage: 0.63, #running-req: 1, #queue-req: 0
[2026-08-22 09:12:44.721 GPU=1 Worker 3 (model_2) TP=0] Prefill batch. #new-seq: 1, #new-token: 392, #cached-token: 0, cache hit rate: 0.00%, token usage: 0.61, #running-req: 70, #queue-req: 0
[2026-08-22 09:12:44.722 GPU=0 Worker 2 (model_5) TP=0] Received 1 generation requests
[2026-08-22 09:12:44.977 GPU=0 Worker 2 (model_5) TP=0] Prefill batch. #new-seq: 1, #new-token: 593, #cached-token: 0, cache hit rate: 0.00%, token usage: 0.47, #running-req: 98, #queue-req: 0
[2026-08-22 09:12:44.977 GPU=1 Worker 3 (model_2) TP=0] Received 3 generation requests
[2026-08-22 09:12:45.008 GPU=1 Worker 3 (model_2) TP=0] Prefill batch. #new-seq: 3, #new-token: 1277, #cached-token: 0, cache hit rate: 0.00%, token usage: 0.61, #running-req: 71, #queue-req: 0
[2026-08-22 09:12:45.080 GPU=1 Worker 3 (model_2) TP=0] Received 1 generation requests
[2026-08-22 09:12:45.182 GPU=1 Worker 3 (model_2) TP=0] Prefill batch. #new-seq: 1, #new-token: 554, #cached-token: 0, cache hit rate: 0.00%, token usage: 0.61, #running-req: 74, #queue-req: 0
[2026-08-22 09:12:45.330 GPU=0 Worker 2 (model_5) TP=0] Received 1 generation requests
[2026-08-22 09:12:45.332 GPU=0 Worker 2 (model_5) TP=0] Prefill batch. #new-seq: 1, #new-token: 14, #cached-token: 0, cache hit rate: 0.00%, token usage: 0.47, #running-req: 99, #queue-req: 0
[2026-08-22 09:12:45.346 GPU=1 Worker 3 (model_2) TP=0] Received 1 generation requests
[2026-08-22 09:12:45.348 GPU=1 Worker 3 (model_2) TP=0] Prefill batch. #new-seq: 1, #new-token: 766, #cached-token: 0, cache hit rate: 0.00%, token usage: 0.59, #running-req: 74, #queue-req: 0
[2026-08-22 09:12:45.356 GPU=1 Worker 0 (model_1) TP=0] Received 1 generation requests
[2026-08-22 09:12:45.363 GPU=1 Worker 0 (model_1) TP=0] Prefill batch. #new-seq: 1, #new-token: 885, #cached-token: 0, cache hit rate: 0.00%, token usage: 0.61, #running-req: 2, #queue-req: 0
[2026-08-22 09:12:45.376 GPU=0 Worker 3 (model_6) TP=0] Prefill batch. #new-seq: 1, #new-token: 18, #cached-token: 0, cache hit rate: 0.00%, token usage: 0.98, #running-req: 291, #queue-req: 27
[2026-08-22 09:12:45.414 GPU=0 Worker 3 (model_6) TP=0] Received 1 generation requests
[2026-08-22 09:12:45.462 GPU=1 Worker 3 (model_2) TP=0] Received 1 generation requests
[2026-08-22 09:12:45.462 GPU=1 Worker 3 (model_2) TP=0] Prefill batch. #new-seq: 1, #new-token: 12, #cached-token: 0, cache hit rate: 0.00%, token usage: 0.58, #running-req: 74, #queue-req: 0
[2026-08-22 09:12:45.504 GPU=1 Worker 1 (model_3) TP=0] Received 2 generation requests
[2026-08-22 09:12:45.509 GPU=1 Worker 1 (model_3) TP=0] Prefill batch. #new-seq: 2, #new-token: 858, #cached-token: 0, cache hit rate: 0.00%, token usage: 0.13, #running-req: 34, #queue-req: 0
[2026-08-22 09:12:45.518 GPU=1 Worker 3 (model_2) TP=0] Received 1 generation requests
[2026-08-22 09:12:45.520 GPU=1 Worker 3 (model_2) TP=0] Prefill batch. #new-seq: 1, #new-token: 636, #cached-token: 0, cache hit rate: 0.00%, token usage: 0.58, #running-req: 69, #queue-req: 0
[2026-08-22 09:12:45.556 GPU=0 Worker 3 (model_6) TP=0] Prefill batch. #new-seq: 3, #new-token: 140, #cached-token: 0, cache hit rate: 0.00%, token usage: 0.98, #running-req: 291, #queue-req: 25
[2026-08-22 09:12:45.576 GPU=1 Worker 3 (model_2) TP=0] Received 1 generation requests
[2026-08-22 09:12:45.577 GPU=1 Worker 3 (model_2) TP=0] Prefill batch. #new-seq: 1, #new-token: 344, #cached-token: 0, cache hit rate: 0.00%, token usage: 0.58, #running-req: 70, #queue-req: 0
[2026-08-22 09:12:45.581 GPU=1 Worker 1 (model_3) TP=0] Received 1 generation requests
[2026-08-22 09:12:45.582 GPU=1 Worker 1 (model_3) TP=0] Prefill batch. #new-seq: 1, #new-token: 14, #cached-token: 0, cache hit rate: 0.00%, token usage: 0.13, #running-req: 36, #queue-req: 0
[2026-08-22 09:12:45.589 GPU=0 Worker 3 (model_6) TP=0] Received 3 generation requests
[2026-08-22 09:12:45.731 GPU=0 Worker 3 (model_6) TP=0] Prefill batch. #new-seq: 6, #new-token: 1801, #cached-token: 0, cache hit rate: 0.00%, token usage: 0.98, #running-req: 291, #queue-req: 22
[2026-08-22 09:12:45.768 GPU=1 Worker 3 (model_2) TP=0] Received 1 generation requests
[2026-08-22 09:12:45.866 GPU=1 Worker 3 (model_2) TP=0] Prefill batch. #new-seq: 1, #new-token: 128, #cached-token: 0, cache hit rate: 0.00%, token usage: 0.58, #running-req: 68, #queue-req: 0
[2026-08-22 09:12:45.867 GPU=1 Worker 1 (model_3) TP=0] Received 1 generation requests
[2026-08-22 09:12:45.867 GPU=0 Worker 3 (model_6) TP=0] Received 6 generation requests
[2026-08-22 09:12:45.883 GPU=1 Worker 1 (model_3) TP=0] Prefill batch. #new-seq: 1, #new-token: 326, #cached-token: 0, cache hit rate: 0.00%, token usage: 0.13, #running-req: 35, #queue-req: 0
[2026-08-22 09:12:45.883 GPU=1 Worker 3 (model_2) TP=0] Received 1 generation requests
[2026-08-22 09:12:45.889 GPU=1 Worker 3 (model_2) TP=0] Prefill batch. #new-seq: 1, #new-token: 423, #cached-token: 0, cache hit rate: 0.00%, token usage: 0.58, #running-req: 69, #queue-req: 0
[2026-08-22 09:12:46.399 GPU=0 Worker 3 (model_6) TP=0] Prefill batch. #new-seq: 1, #new-token: 773, #cached-token: 0, cache hit rate: 0.00%, token usage: 0.98, #running-req: 296, #queue-req: 27
[2026-08-22 09:12:46.399 GPU=1 Worker 1 (model_3) TP=0] Decode batch. #running-req: 36, #token: 29191.0, token usage: 0.13, gen throughput (token/s): 431.38, #queue-req: 0
[2026-08-22 09:12:46.399 GPU=1 Worker 3 (model_2) TP=0] Received 2 generation requests
[2026-08-22 09:12:46.434 GPU=1 Worker 3 (model_2) TP=0] Prefill batch. #new-seq: 2, #new-token: 42, #cached-token: 0, cache hit rate: 0.00%, token usage: 0.58, #running-req: 70, #queue-req: 0
[2026-08-22 09:12:46.509 GPU=1 Worker 1 (model_3) TP=0] Received 1 generation requests
[2026-08-22 09:12:46.620 GPU=1 Worker 1 (model_3) TP=0] Prefill batch. #new-seq: 1, #new-token: 375, #cached-token: 0, cache hit rate: 0.00%, token usage: 0.12, #running-req: 34, #queue-req: 0
[2026-08-22 09:12:46.683 GPU=0 Worker 2 (model_5) TP=0] Decode batch. #running-req: 98, #token: 95484.0, token usage: 0.47, gen throughput (token/s): 640.44, #queue-req: 0
[2026-08-22 09:12:46.684 GPU=0 Worker 2 (model_5) TP=0] Received 1 generation requests
[2026-08-22 09:12:46.688 GPU=0 Worker 2 (model_5) TP=0] Prefill batch. #new-seq: 1, #new-token: 227, #cached-token: 0, cache hit rate: 0.00%, token usage: 0.47, #running-req: 98, #queue-req: 0
[2026-08-22 09:12:46.714 GPU=1 Worker 0 (model_1) TP=0] Decode batch. #running-req: 3, #token: 490928.0, token usage: 0.60, gen throughput (token/s): 40.12, #queue-req: 0
[2026-08-22 09:12:46.766 GPU=1 Worker 3 (model_2) TP=0] Received 1 generation requests
[2026-08-22 09:12:46.767 GPU=1 Worker 3 (model_2) TP=0] Prefill batch. #new-seq: 1, #new-token: 302, #cached-token: 0, cache hit rate: 0.00%, token usage: 0.57, #running-req: 70, #queue-req: 0
[2026-08-22 09:12:46.842 GPU=1 Worker 3 (model_2) TP=0] Received 1 generation requests
[2026-08-22 09:12:46.843 GPU=1 Worker 3 (model_2) TP=0] Prefill batch. #new-seq: 1, #new-token: 479, #cached-token: 0, cache hit rate: 0.00%, token usage: 0.57, #running-req: 70, #queue-req: 0
[2026-08-22 09:12:46.846 GPU=0 Worker 3 (model_6) TP=0] Prefill batch. #new-seq: 1, #new-token: 210, #cached-token: 0, cache hit rate: 0.00%, token usage: 0.98, #running-req: 295, #queue-req: 26
[2026-08-22 09:12:46.896 GPU=0 Worker 3 (model_6) TP=0] Received 1 generation requests
[2026-08-22 09:12:47.000 GPU=1 Worker 3 (model_2) TP=0] Received 1 generation requests
[2026-08-22 09:12:47.002 GPU=1 Worker 3 (model_2) TP=0] Prefill batch. #new-seq: 1, #new-token: 437, #cached-token: 0, cache hit rate: 0.00%, token usage: 0.56, #running-req: 69, #queue-req: 0
[2026-08-22 09:12:47.098 GPU=1 Worker 3 (model_2) TP=0] Received 1 generation requests
[2026-08-22 09:12:47.219 GPU=1 Worker 3 (model_2) TP=0] Prefill batch. #new-seq: 1, #new-token: 370, #cached-token: 0, cache hit rate: 0.00%, token usage: 0.55, #running-req: 67, #queue-req: 0
[2026-08-22 09:12:47.219 GPU=0 Worker 3 (model_6) TP=0] Prefill batch. #new-seq: 1, #new-token: 21, #cached-token: 0, cache hit rate: 0.00%, token usage: 0.98, #running-req: 293, #queue-req: 26
[2026-08-22 09:12:47.264 GPU=0 Worker 3 (model_6) TP=0] Received 1 generation requests
[2026-08-22 09:12:47.910 GPU=1 Worker 3 (model_2) TP=0] Received 1 generation requests
[2026-08-22 09:12:47.995 GPU=1 Worker 3 (model_2) TP=0] Prefill batch. #new-seq: 1, #new-token: 407, #cached-token: 0, cache hit rate: 0.00%, token usage: 0.55, #running-req: 67, #queue-req: 0
[2026-08-22 09:12:47.996 GPU=0 Worker 3 (model_6) TP=0] Prefill batch. #new-seq: 1, #new-token: 577, #cached-token: 0, cache hit rate: 0.00%, token usage: 0.98, #running-req: 293, #queue-req: 26
[2026-08-22 09:12:48.023 GPU=1 Worker 3 (model_2) TP=0] Received 1 generation requests
[2026-08-22 09:12:48.024 GPU=1 Worker 3 (model_2) TP=0] Prefill batch. #new-seq: 1, #new-token: 54, #cached-token: 0, cache hit rate: 0.00%, token usage: 0.55, #running-req: 68, #queue-req: 0
[2026-08-22 09:12:48.037 GPU=0 Worker 3 (model_6) TP=0] Received 1 generation requests
[2026-08-22 09:12:48.041 GPU=0 Worker 2 (model_5) TP=0] Received 2 generation requests
[2026-08-22 09:12:48.043 GPU=0 Worker 2 (model_5) TP=0] Prefill batch. #new-seq: 2, #new-token: 35, #cached-token: 0, cache hit rate: 0.00%, token usage: 0.46, #running-req: 95, #queue-req: 0
[2026-08-22 09:12:48.085 GPU=1 Worker 0 (model_1) TP=0] Decode batch. #running-req: 3, #token: 452136.0, token usage: 0.55, gen throughput (token/s): 87.48, #queue-req: 0
[2026-08-22 09:12:48.094 GPU=0 Worker 3 (model_6) TP=0] Prefill batch. #new-seq: 11, #new-token: 2756, #cached-token: 0, cache hit rate: 0.00%, token usage: 0.98, #running-req: 292, #queue-req: 16
[2026-08-22 09:12:48.097 GPU=1 Worker 3 (model_2) TP=0] Decode batch. #running-req: 64, #token: 494333.0, token usage: 0.53, gen throughput (token/s): 716.87, #queue-req: 0
[2026-08-22 09:12:48.114 GPU=0 Worker 2 (model_5) TP=0] Received 1 generation requests
[2026-08-22 09:12:48.114 GPU=0 Worker 2 (model_5) TP=0] Prefill batch. #new-seq: 1, #new-token: 14, #cached-token: 0, cache hit rate: 0.00%, token usage: 0.47, #running-req: 96, #queue-req: 0
[2026-08-22 09:12:48.306 GPU=1 Worker 1 (model_3) TP=0] Received 1 generation requests
[2026-08-22 09:12:48.307 GPU=1 Worker 1 (model_3) TP=0] Prefill batch. #new-seq: 1, #new-token: 34, #cached-token: 0, cache hit rate: 0.00%, token usage: 0.11, #running-req: 23, #queue-req: 0
[2026-08-22 09:12:48.403 GPU=1 Worker 3 (model_2) TP=0] Received 1 generation requests
[2026-08-22 09:12:48.404 GPU=1 Worker 3 (model_2) TP=0] Prefill batch. #new-seq: 1, #new-token: 233, #cached-token: 0, cache hit rate: 0.00%, token usage: 0.53, #running-req: 54, #queue-req: 0
[2026-08-22 09:12:48.451 GPU=0 Worker 3 (model_6) TP=0] Received 11 generation requests
[2026-08-22 09:12:48.455 GPU=1 Worker 3 (model_2) TP=0] Received 1 generation requests
[2026-08-22 09:12:48.456 GPU=1 Worker 3 (model_2) TP=0] Prefill batch. #new-seq: 1, #new-token: 349, #cached-token: 0, cache hit rate: 0.00%, token usage: 0.53, #running-req: 55, #queue-req: 0
[2026-08-22 09:12:48.534 GPU=0 Worker 3 (model_6) TP=0] Prefill batch. #new-seq: 1, #new-token: 632, #cached-token: 0, cache hit rate: 0.00%, token usage: 0.98, #running-req: 300, #queue-req: 26
[2026-08-22 09:12:48.774 GPU=1 Worker 3 (model_2) TP=0] Received 1 generation requests
[2026-08-22 09:12:48.842 GPU=0 Worker 3 (model_6) TP=0] Prefill batch. #new-seq: 1, #new-token: 310, #cached-token: 0, cache hit rate: 0.00%, token usage: 0.98, #running-req: 299, #queue-req: 25
[2026-08-22 09:12:48.876 GPU=1 Worker 3 (model_2) TP=0] Prefill batch. #new-seq: 1, #new-token: 8, #cached-token: 0, cache hit rate: 0.00%, token usage: 0.53, #running-req: 53, #queue-req: 0
[2026-08-22 09:12:48.915 GPU=0 Worker 3 (model_6) TP=0] Received 2 generation requests
[2026-08-22 09:12:49.185 GPU=1 Worker 3 (model_2) TP=0] Received 1 generation requests
[2026-08-22 09:12:49.185 GPU=1 Worker 1 (model_3) TP=0] Received 1 generation requests
[2026-08-22 09:12:49.406 GPU=0 Worker 3 (model_6) TP=0] Received 1 generation requests
[2026-08-22 09:12:49.407 GPU=1 Worker 3 (model_2) TP=0] Prefill batch. #new-seq: 1, #new-token: 11, #cached-token: 0, cache hit rate: 0.00%, token usage: 0.53, #running-req: 53, #queue-req: 0
[2026-08-22 09:12:49.407 GPU=1 Worker 1 (model_3) TP=0] Prefill batch. #new-seq: 1, #new-token: 60, #cached-token: 0, cache hit rate: 0.00%, token usage: 0.10, #running-req: 23, #queue-req: 0
[2026-08-22 09:12:49.482 GPU=1 Worker 3 (model_2) TP=0] Received 1 generation requests
[2026-08-22 09:12:49.482 GPU=1 Worker 1 (model_3) TP=0] Received 1 generation requests
[2026-08-22 09:12:49.483 GPU=1 Worker 1 (model_3) TP=0] Prefill batch. #new-seq: 1, #new-token: 9, #cached-token: 0, cache hit rate: 0.00%, token usage: 0.10, #running-req: 24, #queue-req: 0
[2026-08-22 09:12:49.484 GPU=1 Worker 3 (model_2) TP=0] Prefill batch. #new-seq: 1, #new-token: 49, #cached-token: 0, cache hit rate: 0.00%, token usage: 0.53, #running-req: 54, #queue-req: 0
[2026-08-22 09:12:49.555 GPU=1 Worker 0 (model_1) TP=0] Decode batch. #running-req: 3, #token: 448160.0, token usage: 0.55, gen throughput (token/s): 81.63, #queue-req: 0
[2026-08-22 09:12:49.556 GPU=1 Worker 3 (model_2) TP=0] Received 1 generation requests
[2026-08-22 09:12:49.604 GPU=0 Worker 3 (model_6) TP=0] Prefill batch. #new-seq: 4, #new-token: 1140, #cached-token: 0, cache hit rate: 0.00%, token usage: 0.98, #running-req: 299, #queue-req: 24
[2026-08-22 09:12:49.652 GPU=1 Worker 1 (model_3) TP=0] Decode batch. #running-req: 25, #token: 24335.0, token usage: 0.10, gen throughput (token/s): 309.89, #queue-req: 0
[2026-08-22 09:12:49.652 GPU=1 Worker 3 (model_2) TP=0] Prefill batch. #new-seq: 1, #new-token: 181, #cached-token: 0, cache hit rate: 0.00%, token usage: 0.53, #running-req: 55, #queue-req: 0
[2026-08-22 09:12:49.719 GPU=0 Worker 2 (model_5) TP=0] Received 4 generation requests
[2026-08-22 09:12:49.736 GPU=0 Worker 2 (model_5) TP=0] Prefill batch. #new-seq: 4, #new-token: 2681, #cached-token: 0, cache hit rate: 0.00%, token usage: 0.47, #running-req: 90, #queue-req: 0
[2026-08-22 09:12:49.757 GPU=1 Worker 3 (model_2) TP=0] Received 1 generation requests
[2026-08-22 09:12:49.758 GPU=1 Worker 3 (model_2) TP=0] Prefill batch. #new-seq: 1, #new-token: 22, #cached-token: 0, cache hit rate: 0.00%, token usage: 0.53, #running-req: 56, #queue-req: 0
[2026-08-22 09:12:49.787 GPU=1 Worker 3 (model_2) TP=0] Received 1 generation requests
[2026-08-22 09:12:49.787 GPU=1 Worker 3 (model_2) TP=0] Prefill batch. #new-seq: 1, #new-token: 18, #cached-token: 0, cache hit rate: 0.00%, token usage: 0.53, #running-req: 57, #queue-req: 0
[2026-08-22 09:12:49.865 GPU=0 Worker 3 (model_6) TP=0] Received 4 generation requests
[2026-08-22 09:12:49.871 GPU=1 Worker 3 (model_2) TP=0] Received 1 generation requests
[2026-08-22 09:12:49.874 GPU=1 Worker 3 (model_2) TP=0] Prefill batch. #new-seq: 1, #new-token: 585, #cached-token: 0, cache hit rate: 0.00%, token usage: 0.53, #running-req: 56, #queue-req: 0
[2026-08-22 09:12:49.946 GPU=1 Worker 3 (model_2) TP=0] Received 1 generation requests
[2026-08-22 09:12:49.948 GPU=1 Worker 3 (model_2) TP=0] Prefill batch. #new-seq: 1, #new-token: 171, #cached-token: 0, cache hit rate: 0.00%, token usage: 0.53, #running-req: 56, #queue-req: 0
[2026-08-22 09:12:49.956 GPU=0 Worker 3 (model_6) TP=0] Decode batch. #running-req: 301, #token: 456858.0, token usage: 0.98, gen throughput (token/s): 963.84, #queue-req: 28
[2026-08-22 09:12:49.957 GPU=0 Worker 3 (model_6) TP=0] Prefill batch. #new-seq: 5, #new-token: 2978, #cached-token: 0, cache hit rate: 0.00%, token usage: 0.98, #running-req: 301, #queue-req: 23
[2026-08-22 09:12:49.988 GPU=1 Worker 1 (model_3) TP=0] Received 1 generation requests
[2026-08-22 09:12:49.989 GPU=1 Worker 1 (model_3) TP=0] Prefill batch. #new-seq: 1, #new-token: 50, #cached-token: 0, cache hit rate: 0.00%, token usage: 0.11, #running-req: 25, #queue-req: 0
[2026-08-22 09:12:50.118 GPU=0 Worker 2 (model_5) TP=0] Received 1 generation requests
[2026-08-22 09:12:50.207 GPU=0 Worker 2 (model_5) TP=0] Prefill batch. #new-seq: 1, #new-token: 189, #cached-token: 0, cache hit rate: 0.00%, token usage: 0.49, #running-req: 94, #queue-req: 0
[2026-08-22 09:12:50.207 GPU=1 Worker 3 (model_2) TP=0] Decode batch. #running-req: 56, #token: 490676.0, token usage: 0.53, gen throughput (token/s): 1080.84, #queue-req: 0
[2026-08-22 09:12:50.269 GPU=0 Worker 3 (model_6) TP=0] Received 1 generation requests
[2026-08-22 09:12:50.327 GPU=1 Worker 3 (model_2) TP=0] Received 1 generation requests
[2026-08-22 09:12:50.341 GPU=1 Worker 3 (model_2) TP=0] Prefill batch. #new-seq: 1, #new-token: 594, #cached-token: 0, cache hit rate: 0.00%, token usage: 0.53, #running-req: 53, #queue-req: 0
[2026-08-22 09:12:50.476 GPU=1 Worker 1 (model_3) TP=0] Received 1 generation requests
[2026-08-22 09:12:50.476 GPU=1 Worker 1 (model_3) TP=0] Prefill batch. #new-seq: 1, #new-token: 25, #cached-token: 0, cache hit rate: 0.00%, token usage: 0.11, #running-req: 26, #queue-req: 0
[2026-08-22 09:12:50.597 GPU=0 Worker 3 (model_6) TP=0] Received 4 generation requests
[2026-08-22 09:12:50.597 GPU=1 Worker 3 (model_2) TP=0] Received 1 generation requests
[2026-08-22 09:12:50.819 GPU=0 Worker 2 (model_5) TP=0] Received 1 generation requests
[2026-08-22 09:12:50.850 GPU=0 Worker 3 (model_6) TP=0] Prefill batch. #new-seq: 2, #new-token: 1216, #cached-token: 0, cache hit rate: 0.00%, token usage: 0.98, #running-req: 305, #queue-req: 26
[2026-08-22 09:12:50.850 GPU=1 Worker 3 (model_2) TP=0] Prefill batch. #new-seq: 1, #new-token: 191, #cached-token: 0, cache hit rate: 0.00%, token usage: 0.52, #running-req: 52, #queue-req: 0
[2026-08-22 09:12:50.850 GPU=1 Worker 0 (model_1) TP=0] Decode batch. #running-req: 3, #token: 448280.0, token usage: 0.55, gen throughput (token/s): 92.71, #queue-req: 0
[2026-08-22 09:12:50.878 GPU=0 Worker 2 (model_5) TP=0] Prefill batch. #new-seq: 1, #new-token: 249, #cached-token: 0, cache hit rate: 0.00%, token usage: 0.48, #running-req: 94, #queue-req: 0
[2026-08-22 09:12:50.878 GPU=1 Worker 3 (model_2) TP=0] Received 3 generation requests
[2026-08-22 09:12:50.888 GPU=1 Worker 3 (model_2) TP=0] Prefill batch. #new-seq: 3, #new-token: 1330, #cached-token: 0, cache hit rate: 0.00%, token usage: 0.53, #running-req: 53, #queue-req: 0
[2026-08-22 09:12:50.947 GPU=1 Worker 3 (model_2) TP=0] Received 1 generation requests
[2026-08-22 09:12:50.947 GPU=0 Worker 2 (model_5) TP=0] Received 1 generation requests
[2026-08-22 09:12:50.948 GPU=1 Worker 3 (model_2) TP=0] Prefill batch. #new-seq: 1, #new-token: 25, #cached-token: 0, cache hit rate: 0.00%, token usage: 0.53, #running-req: 56, #queue-req: 0
[2026-08-22 09:12:51.047 GPU=0 Worker 2 (model_5) TP=0] Prefill batch. #new-seq: 1, #new-token: 372, #cached-token: 0, cache hit rate: 0.00%, token usage: 0.49, #running-req: 95, #queue-req: 0
[2026-08-22 09:12:51.121 GPU=0 Worker 3 (model_6) TP=0] Prefill batch. #new-seq: 1, #new-token: 1017, #cached-token: 0, cache hit rate: 0.00%, token usage: 0.98, #running-req: 305, #queue-req: 25
[2026-08-22 09:12:51.266 GPU=1 Worker 1 (model_3) TP=0] Decode batch. #running-req: 26, #token: 25219.0, token usage: 0.11, gen throughput (token/s): 639.26, #queue-req: 0
[2026-08-22 09:12:51.279 GPU=0 Worker 2 (model_5) TP=0] Received 1 generation requests
[2026-08-22 09:12:51.279 GPU=0 Worker 2 (model_5) TP=0] Prefill batch. #new-seq: 1, #new-token: 15, #cached-token: 0, cache hit rate: 0.00%, token usage: 0.49, #running-req: 94, #queue-req: 0
[2026-08-22 09:12:51.286 GPU=1 Worker 3 (model_2) TP=0] Received 1 generation requests
[2026-08-22 09:12:51.292 GPU=1 Worker 3 (model_2) TP=0] Prefill batch. #new-seq: 1, #new-token: 2274, #cached-token: 0, cache hit rate: 0.00%, token usage: 0.53, #running-req: 55, #queue-req: 0
[2026-08-22 09:12:51.413 GPU=0 Worker 3 (model_6) TP=0] Prefill batch. #new-seq: 1, #new-token: 10, #cached-token: 0, cache hit rate: 0.00%, token usage: 0.99, #running-req: 305, #queue-req: 24
[2026-08-22 09:12:51.531 GPU=1 Worker 3 (model_2) TP=0] Received 1 generation requests
[2026-08-22 09:12:51.599 GPU=0 Worker 2 (model_5) TP=0] Received 1 generation requests
[2026-08-22 09:12:51.599 GPU=1 Worker 3 (model_2) TP=0] Prefill batch. #new-seq: 1, #new-token: 46, #cached-token: 0, cache hit rate: 0.00%, token usage: 0.53, #running-req: 55, #queue-req: 0
[2026-08-22 09:12:51.601 GPU=0 Worker 2 (model_5) TP=0] Prefill batch. #new-seq: 1, #new-token: 20, #cached-token: 0, cache hit rate: 0.00%, token usage: 0.49, #running-req: 94, #queue-req: 0
[2026-08-22 09:12:51.639 GPU=1 Worker 3 (model_2) TP=0] Received 1 generation requests
[2026-08-22 09:12:51.739 GPU=1 Worker 3 (model_2) TP=0] Prefill batch. #new-seq: 1, #new-token: 8, #cached-token: 0, cache hit rate: 0.00%, token usage: 0.53, #running-req: 56, #queue-req: 0
[2026-08-22 09:12:52.010 GPU=0 Worker 2 (model_5) TP=0] Received 1 generation requests
[2026-08-22 09:12:52.230 GPU=1 Worker 3 (model_2) TP=0] Received 4 generation requests
[2026-08-22 09:12:52.263 GPU=0 Worker 2 (model_5) TP=0] Prefill batch. #new-seq: 1, #new-token: 13, #cached-token: 0, cache hit rate: 0.00%, token usage: 0.49, #running-req: 95, #queue-req: 0
[2026-08-22 09:12:52.294 GPU=1 Worker 3 (model_2) TP=0] Prefill batch. #new-seq: 4, #new-token: 830, #cached-token: 0, cache hit rate: 0.00%, token usage: 0.53, #running-req: 57, #queue-req: 0
[2026-08-22 09:12:52.294 GPU=1 Worker 1 (model_3) TP=0] Received 1 generation requests
[2026-08-22 09:12:52.297 GPU=1 Worker 1 (model_3) TP=0] Prefill batch. #new-seq: 1, #new-token: 648, #cached-token: 0, cache hit rate: 0.00%, token usage: 0.11, #running-req: 25, #queue-req: 0
[2026-08-22 09:12:52.302 GPU=0 Worker 2 (model_5) TP=0] Received 1 generation requests
[2026-08-22 09:12:52.304 GPU=0 Worker 2 (model_5) TP=0] Prefill batch. #new-seq: 1, #new-token: 66, #cached-token: 0, cache hit rate: 0.00%, token usage: 0.49, #running-req: 96, #queue-req: 0
[2026-08-22 09:12:52.476 GPU=1 Worker 3 (model_2) TP=0] Received 2 generation requests
[2026-08-22 09:12:52.529 GPU=1 Worker 3 (model_2) TP=0] Prefill batch. #new-seq: 2, #new-token: 295, #cached-token: 0, cache hit rate: 0.00%, token usage: 0.53, #running-req: 61, #queue-req: 0
[2026-08-22 09:12:52.558 GPU=1 Worker 3 (model_2) TP=0] Received 1 generation requests
[2026-08-22 09:12:52.559 GPU=1 Worker 3 (model_2) TP=0] Prefill batch. #new-seq: 1, #new-token: 15, #cached-token: 0, cache hit rate: 0.00%, token usage: 0.53, #running-req: 63, #queue-req: 0
[2026-08-22 09:12:52.599 GPU=0 Worker 3 (model_6) TP=0] Prefill batch. #new-seq: 1, #new-token: 8, #cached-token: 0, cache hit rate: 0.00%, token usage: 0.99, #running-req: 300, #queue-req: 23
[2026-08-22 09:12:52.615 GPU=1 Worker 0 (model_1) TP=0] Decode batch. #running-req: 2, #token: 443237.0, token usage: 0.54, gen throughput (token/s): 61.18, #queue-req: 0
[2026-08-22 09:12:52.636 GPU=0 Worker 2 (model_5) TP=0] Received 1 generation requests
[2026-08-22 09:12:52.646 GPU=0 Worker 2 (model_5) TP=0] Prefill batch. #new-seq: 1, #new-token: 1730, #cached-token: 0, cache hit rate: 0.00%, token usage: 0.49, #running-req: 94, #queue-req: 0
[2026-08-22 09:12:52.657 GPU=1 Worker 3 (model_2) TP=0] Received 1 generation requests
[2026-08-22 09:12:52.658 GPU=1 Worker 3 (model_2) TP=0] Prefill batch. #new-seq: 1, #new-token: 32, #cached-token: 0, cache hit rate: 0.00%, token usage: 0.51, #running-req: 61, #queue-req: 0
[2026-08-22 09:12:52.689 GPU=0 Worker 3 (model_6) TP=0] Prefill batch. #new-seq: 1, #new-token: 403, #cached-token: 0, cache hit rate: 0.00%, token usage: 0.99, #running-req: 299, #queue-req: 22
[2026-08-22 09:12:52.831 GPU=1 Worker 3 (model_2) TP=0] Decode batch. #running-req: 57, #token: 418343.0, token usage: 0.45, gen throughput (token/s): 871.86, #queue-req: 0
[2026-08-22 09:12:52.898 GPU=0 Worker 2 (model_5) TP=0] Received 1 generation requests
[2026-08-22 09:12:52.931 GPU=0 Worker 3 (model_6) TP=0] Prefill batch. #new-seq: 1, #new-token: 13, #cached-token: 0, cache hit rate: 0.00%, token usage: 0.99, #running-req: 298, #queue-req: 21
[2026-08-22 09:12:52.996 GPU=0 Worker 2 (model_5) TP=0] Prefill batch. #new-seq: 1, #new-token: 489, #cached-token: 0, cache hit rate: 0.00%, token usage: 0.49, #running-req: 95, #queue-req: 0
[2026-08-22 09:12:53.034 GPU=1 Worker 3 (model_2) TP=0] Received 1 generation requests
[2026-08-22 09:12:53.099 GPU=0 Worker 2 (model_5) TP=0] Received 2 generation requests
[2026-08-22 09:12:53.099 GPU=0 Worker 3 (model_6) TP=0] Received 1 generation requests
[2026-08-22 09:12:53.131 GPU=1 Worker 3 (model_2) TP=0] Prefill batch. #new-seq: 1, #new-token: 10, #cached-token: 0, cache hit rate: 0.00%, token usage: 0.44, #running-req: 54, #queue-req: 0
[2026-08-22 09:12:53.131 GPU=0 Worker 2 (model_5) TP=0] Prefill batch. #new-seq: 2, #new-token: 1220, #cached-token: 0, cache hit rate: 0.00%, token usage: 0.50, #running-req: 96, #queue-req: 0
[2026-08-22 09:12:53.156 GPU=1 Worker 3 (model_2) TP=0] Received 2 generation requests
[2026-08-22 09:12:53.168 GPU=1 Worker 3 (model_2) TP=0] Prefill batch. #new-seq: 2, #new-token: 65, #cached-token: 0, cache hit rate: 0.00%, token usage: 0.44, #running-req: 55, #queue-req: 0
[2026-08-22 09:12:53.482 GPU=0 Worker 3 (model_6) TP=0] Received 3 generation requests
[2026-08-22 09:12:53.482 GPU=0 Worker 2 (model_5) TP=0] Received 3 generation requests
[2026-08-22 09:12:53.767 GPU=0 Worker 2 (model_5) TP=0] Prefill batch. #new-seq: 3, #new-token: 182, #cached-token: 0, cache hit rate: 0.00%, token usage: 0.50, #running-req: 98, #queue-req: 0
[2026-08-22 09:12:53.767 GPU=0 Worker 3 (model_6) TP=0] Prefill batch. #new-seq: 2, #new-token: 973, #cached-token: 0, cache hit rate: 0.00%, token usage: 0.98, #running-req: 297, #queue-req: 23
[2026-08-22 09:12:53.767 GPU=1 Worker 3 (model_2) TP=0] Received 4 generation requests
[2026-08-22 09:12:53.802 GPU=1 Worker 3 (model_2) TP=0] Prefill batch. #new-seq: 4, #new-token: 448, #cached-token: 0, cache hit rate: 0.00%, token usage: 0.44, #running-req: 57, #queue-req: 0
[2026-08-22 09:12:53.882 GPU=1 Worker 0 (model_1) TP=0] Decode batch. #running-req: 1, #token: 370938.0, token usage: 0.45, gen throughput (token/s): 48.16, #queue-req: 0
[2026-08-22 09:12:53.979 GPU=0 Worker 3 (model_6) TP=0] Received 5 generation requests
[2026-08-22 09:12:53.984 GPU=0 Worker 3 (model_6) TP=0] Prefill batch. #new-seq: 4, #new-token: 1353, #cached-token: 0, cache hit rate: 0.00%, token usage: 0.98, #running-req: 295, #queue-req: 24
[2026-08-22 09:12:54.056 GPU=1 Worker 3 (model_2) TP=0] Received 1 generation requests
[2026-08-22 09:12:54.057 GPU=1 Worker 3 (model_2) TP=0] Prefill batch. #new-seq: 1, #new-token: 27, #cached-token: 0, cache hit rate: 0.00%, token usage: 0.42, #running-req: 60, #queue-req: 0
[2026-08-22 09:12:54.164 GPU=0 Worker 3 (model_6) TP=0] Received 1 generation requests
[2026-08-22 09:12:54.241 GPU=0 Worker 3 (model_6) TP=0] Prefill batch. #new-seq: 3, #new-token: 250, #cached-token: 0, cache hit rate: 0.00%, token usage: 0.98, #running-req: 294, #queue-req: 22
[2026-08-22 09:12:54.254 GPU=0 Worker 2 (model_5) TP=0] Decode batch. #running-req: 97, #token: 100319.0, token usage: 0.49, gen throughput (token/s): 505.93, #queue-req: 0
[2026-08-22 09:12:54.296 GPU=0 Worker 3 (model_6) TP=0] Received 2 generation requests
[2026-08-22 09:12:54.369 GPU=0 Worker 3 (model_6) TP=0] Received 1 generation requests
[2026-08-22 09:12:54.370 GPU=0 Worker 3 (model_6) TP=0] Prefill batch. #new-seq: 2, #new-token: 36, #cached-token: 0, cache hit rate: 0.00%, token usage: 0.98, #running-req: 296, #queue-req: 23
[2026-08-22 09:12:54.409 GPU=1 Worker 3 (model_2) TP=0] Received 1 generation requests
[2026-08-22 09:12:54.439 GPU=0 Worker 3 (model_6) TP=0] Received 2 generation requests
[2026-08-22 09:12:54.467 GPU=1 Worker 3 (model_2) TP=0] Prefill batch. #new-seq: 1, #new-token: 114, #cached-token: 0, cache hit rate: 0.00%, token usage: 0.39, #running-req: 53, #queue-req: 0
[2026-08-22 09:12:54.560 GPU=0 Worker 2 (model_5) TP=0] Received 2 generation requests
[2026-08-22 09:12:54.617 GPU=0 Worker 2 (model_5) TP=0] Prefill batch. #new-seq: 2, #new-token: 1195, #cached-token: 0, cache hit rate: 0.00%, token usage: 0.49, #running-req: 95, #queue-req: 0
[2026-08-22 09:12:54.618 GPU=0 Worker 3 (model_6) TP=0] Prefill batch. #new-seq: 3, #new-token: 500, #cached-token: 0, cache hit rate: 0.00%, token usage: 0.98, #running-req: 297, #queue-req: 22
[2026-08-22 09:12:54.930 GPU=1 Worker 0 (model_1) TP=0] Decode batch. #running-req: 1, #token: 338210.0, token usage: 0.41, gen throughput (token/s): 38.16, #queue-req: 0
[2026-08-22 09:12:54.930 GPU=0 Worker 2 (model_5) TP=0] Received 2 generation requests
[2026-08-22 09:12:54.930 GPU=0 Worker 3 (model_6) TP=0] Received 1 generation requests
[2026-08-22 09:12:55.182 GPU=0 Worker 2 (model_5) TP=0] Prefill batch. #new-seq: 2, #new-token: 692, #cached-token: 0, cache hit rate: 0.00%, token usage: 0.49, #running-req: 97, #queue-req: 0
[2026-08-22 09:12:55.182 GPU=1 Worker 3 (model_2) TP=0] Received 2 generation requests
[2026-08-22 09:12:55.212 GPU=0 Worker 3 (model_6) TP=0] Received 1 generation requests
[2026-08-22 09:12:55.213 GPU=1 Worker 3 (model_2) TP=0] Prefill batch. #new-seq: 2, #new-token: 2654, #cached-token: 0, cache hit rate: 0.00%, token usage: 0.39, #running-req: 53, #queue-req: 0
[2026-08-22 09:12:55.214 GPU=0 Worker 3 (model_6) TP=0] Prefill batch. #new-seq: 1, #new-token: 624, #cached-token: 0, cache hit rate: 0.00%, token usage: 0.98, #running-req: 299, #queue-req: 23
[2026-08-22 09:12:55.281 GPU=0 Worker 2 (model_5) TP=0] Received 1 generation requests
[2026-08-22 09:12:55.281 GPU=1 Worker 3 (model_2) TP=0] Received 1 generation requests
[2026-08-22 09:12:55.332 GPU=0 Worker 2 (model_5) TP=0] Prefill batch. #new-seq: 1, #new-token: 22, #cached-token: 0, cache hit rate: 0.00%, token usage: 0.50, #running-req: 99, #queue-req: 0
[2026-08-22 09:12:55.382 GPU=1 Worker 3 (model_2) TP=0] Prefill batch. #new-seq: 1, #new-token: 33, #cached-token: 0, cache hit rate: 0.00%, token usage: 0.39, #running-req: 55, #queue-req: 0
[2026-08-22 09:12:55.435 GPU=0 Worker 3 (model_6) TP=0] Prefill batch. #new-seq: 1, #new-token: 310, #cached-token: 0, cache hit rate: 0.00%, token usage: 0.99, #running-req: 298, #queue-req: 22
[2026-08-22 09:12:55.452 GPU=1 Worker 3 (model_2) TP=0] Received 1 generation requests
[2026-08-22 09:12:55.453 GPU=1 Worker 3 (model_2) TP=0] Prefill batch. #new-seq: 1, #new-token: 15, #cached-token: 0, cache hit rate: 0.00%, token usage: 0.39, #running-req: 56, #queue-req: 0
[2026-08-22 09:12:55.459 GPU=1 Worker 1 (model_3) TP=0] Decode batch. #running-req: 21, #token: 23890.0, token usage: 0.10, gen throughput (token/s): 230.18, #queue-req: 0
[2026-08-22 09:12:55.490 GPU=1 Worker 0 (model_1) TP=0] Received 1 generation requests
[2026-08-22 09:12:55.494 GPU=1 Worker 0 (model_1) TP=0] Prefill batch. #new-seq: 1, #new-token: 478, #cached-token: 0, cache hit rate: 0.00%, token usage: 0.41, #running-req: 1, #queue-req: 0
[2026-08-22 09:12:55.495 GPU=1 Worker 3 (model_2) TP=0] Decode batch. #running-req: 56, #token: 363400.0, token usage: 0.39, gen throughput (token/s): 849.15, #queue-req: 0
[2026-08-22 09:12:55.495 GPU=1 Worker 3 (model_2) TP=0] Received 1 generation requests
[2026-08-22 09:12:55.495 GPU=1 Worker 3 (model_2) TP=0] Prefill batch. #new-seq: 1, #new-token: 14, #cached-token: 0, cache hit rate: 0.00%, token usage: 0.39, #running-req: 56, #queue-req: 0
[2026-08-22 09:12:55.823 GPU=0 Worker 2 (model_5) TP=0] Received 1 generation requests
[2026-08-22 09:12:55.926 GPU=0 Worker 2 (model_5) TP=0] Prefill batch. #new-seq: 1, #new-token: 24, #cached-token: 0, cache hit rate: 0.00%, token usage: 0.49, #running-req: 93, #queue-req: 0
[2026-08-22 09:12:56.117 GPU=1 Worker 3 (model_2) TP=0] Received 1 generation requests
[2026-08-22 09:12:56.124 GPU=0 Worker 2 (model_5) TP=0] Received 1 generation requests
[2026-08-22 09:12:56.132 GPU=1 Worker 3 (model_2) TP=0] Prefill batch. #new-seq: 1, #new-token: 93, #cached-token: 0, cache hit rate: 0.00%, token usage: 0.39, #running-req: 52, #queue-req: 0
[2026-08-22 09:12:56.132 GPU=0 Worker 2 (model_5) TP=0] Prefill batch. #new-seq: 1, #new-token: 10, #cached-token: 0, cache hit rate: 0.00%, token usage: 0.49, #running-req: 94, #queue-req: 0
[2026-08-22 09:12:56.253 GPU=1 Worker 0 (model_1) TP=0] Decode batch. #running-req: 1, #token: 334154.0, token usage: 0.41, gen throughput (token/s): 43.07, #queue-req: 0
[2026-08-22 09:12:56.380 GPU=1 Worker 3 (model_2) TP=0] Received 1 generation requests
[2026-08-22 09:12:56.380 GPU=0 Worker 2 (model_5) TP=0] Received 1 generation requests
[2026-08-22 09:12:56.603 GPU=1 Worker 3 (model_2) TP=0] Prefill batch. #new-seq: 1, #new-token: 18, #cached-token: 0, cache hit rate: 0.00%, token usage: 0.38, #running-req: 50, #queue-req: 0
[2026-08-22 09:12:56.637 GPU=0 Worker 2 (model_5) TP=0] Prefill batch. #new-seq: 1, #new-token: 770, #cached-token: 0, cache hit rate: 0.00%, token usage: 0.49, #running-req: 95, #queue-req: 0
[2026-08-22 09:12:56.638 GPU=0 Worker 3 (model_6) TP=0] Prefill batch. #new-seq: 1, #new-token: 595, #cached-token: 0, cache hit rate: 0.00%, token usage: 0.99, #running-req: 291, #queue-req: 21
[2026-08-22 09:12:56.669 GPU=1 Worker 3 (model_2) TP=0] Received 1 generation requests
[2026-08-22 09:12:56.671 GPU=1 Worker 3 (model_2) TP=0] Prefill batch. #new-seq: 1, #new-token: 25, #cached-token: 0, cache hit rate: 0.00%, token usage: 0.39, #running-req: 51, #queue-req: 0
[2026-08-22 09:12:56.747 GPU=1 Worker 3 (model_2) TP=0] Received 1 generation requests
[2026-08-22 09:12:56.747 GPU=0 Worker 2 (model_5) TP=0] Received 1 generation requests
[2026-08-22 09:12:56.747 GPU=1 Worker 1 (model_3) TP=0] Received 1 generation requests
[2026-08-22 09:12:56.851 GPU=0 Worker 2 (model_5) TP=0] Prefill batch. #new-seq: 1, #new-token: 67, #cached-token: 0, cache hit rate: 0.00%, token usage: 0.49, #running-req: 96, #queue-req: 0
[2026-08-22 09:12:56.851 GPU=1 Worker 1 (model_3) TP=0] Prefill batch. #new-seq: 1, #new-token: 430, #cached-token: 0, cache hit rate: 0.00%, token usage: 0.10, #running-req: 19, #queue-req: 0
[2026-08-22 09:12:56.851 GPU=1 Worker 3 (model_2) TP=0] Prefill batch. #new-seq: 1, #new-token: 767, #cached-token: 0, cache hit rate: 0.00%, token usage: 0.39, #running-req: 52, #queue-req: 0
[2026-08-22 09:12:56.903 GPU=1 Worker 3 (model_2) TP=0] Received 1 generation requests
[2026-08-22 09:12:56.903 GPU=1 Worker 1 (model_3) TP=0] Received 1 generation requests
[2026-08-22 09:12:56.904 GPU=1 Worker 1 (model_3) TP=0] Prefill batch. #new-seq: 1, #new-token: 27, #cached-token: 0, cache hit rate: 0.00%, token usage: 0.10, #running-req: 20, #queue-req: 0
[2026-08-22 09:12:56.905 GPU=1 Worker 3 (model_2) TP=0] Prefill batch. #new-seq: 1, #new-token: 48, #cached-token: 0, cache hit rate: 0.00%, token usage: 0.39, #running-req: 53, #queue-req: 0
[2026-08-22 09:12:56.910 GPU=0 Worker 3 (model_6) TP=0] Received 1 generation requests
[2026-08-22 09:12:56.911 GPU=0 Worker 3 (model_6) TP=0] Prefill batch. #new-seq: 3, #new-token: 692, #cached-token: 0, cache hit rate: 0.00%, token usage: 0.99, #running-req: 291, #queue-req: 19
[2026-08-22 09:12:56.998 GPU=1 Worker 1 (model_3) TP=0] Decode batch. #running-req: 21, #token: 23977.0, token usage: 0.10, gen throughput (token/s): 514.58, #queue-req: 0
[2026-08-22 09:12:57.007 GPU=1 Worker 1 (model_3) TP=0] Received 1 generation requests
[2026-08-22 09:12:57.015 GPU=0 Worker 3 (model_6) TP=0] Received 1 generation requests
[2026-08-22 09:12:57.015 GPU=1 Worker 1 (model_3) TP=0] Prefill batch. #new-seq: 1, #new-token: 112, #cached-token: 0, cache hit rate: 0.00%, token usage: 0.10, #running-req: 21, #queue-req: 0
[2026-08-22 09:12:57.092 GPU=0 Worker 3 (model_6) TP=0] Prefill batch. #new-seq: 1, #new-token: 404, #cached-token: 0, cache hit rate: 0.00%, token usage: 0.99, #running-req: 290, #queue-req: 19
[2026-08-22 09:12:57.135 GPU=1 Worker 3 (model_2) TP=0] Decode batch. #running-req: 50, #token: 358941.0, token usage: 0.38, gen throughput (token/s): 1292.84, #queue-req: 0
[2026-08-22 09:12:57.136 GPU=1 Worker 3 (model_2) TP=0] Received 1 generation requests
[2026-08-22 09:12:57.136 GPU=1 Worker 3 (model_2) TP=0] Prefill batch. #new-seq: 1, #new-token: 106, #cached-token: 0, cache hit rate: 0.00%, token usage: 0.38, #running-req: 50, #queue-req: 0
[2026-08-22 09:12:57.423 GPU=1 Worker 3 (model_2) TP=0] Received 1 generation requests
[2026-08-22 09:12:57.517 GPU=1 Worker 3 (model_2) TP=0] Prefill batch. #new-seq: 1, #new-token: 14, #cached-token: 0, cache hit rate: 0.00%, token usage: 0.38, #running-req: 47, #queue-req: 0
[2026-08-22 09:12:57.541 GPU=1 Worker 3 (model_2) TP=0] Received 1 generation requests
[2026-08-22 09:12:57.553 GPU=1 Worker 3 (model_2) TP=0] Prefill batch. #new-seq: 1, #new-token: 163, #cached-token: 0, cache hit rate: 0.00%, token usage: 0.38, #running-req: 48, #queue-req: 0
[2026-08-22 09:12:57.831 GPU=1 Worker 0 (model_1) TP=0] Decode batch. #running-req: 1, #token: 334194.0, token usage: 0.41, gen throughput (token/s): 25.35, #queue-req: 0
[2026-08-22 09:12:58.084 GPU=0 Worker 2 (model_5) TP=0] Received 1 generation requests
[2026-08-22 09:12:58.116 GPU=0 Worker 2 (model_5) TP=0] Prefill batch. #new-seq: 1, #new-token: 21, #cached-token: 0, cache hit rate: 0.00%, token usage: 0.48, #running-req: 90, #queue-req: 0
[2026-08-22 09:12:58.121 GPU=0 Worker 3 (model_6) TP=0] Received 1 generation requests
[2026-08-22 09:12:58.123 GPU=0 Worker 3 (model_6) TP=0] Prefill batch. #new-seq: 2, #new-token: 1079, #cached-token: 0, cache hit rate: 0.00%, token usage: 0.99, #running-req: 285, #queue-req: 18
[2026-08-22 09:12:58.189 GPU=1 Worker 3 (model_2) TP=0] Received 1 generation requests
[2026-08-22 09:12:58.289 GPU=1 Worker 3 (model_2) TP=0] Prefill batch. #new-seq: 1, #new-token: 266, #cached-token: 0, cache hit rate: 0.00%, token usage: 0.38, #running-req: 49, #queue-req: 0
[2026-08-22 09:12:58.339 GPU=1 Worker 0 (model_1) TP=0] Received 1 generation requests
[2026-08-22 09:12:58.340 GPU=1 Worker 0 (model_1) TP=0] Prefill batch. #new-seq: 1, #new-token: 16, #cached-token: 0, cache hit rate: 0.00%, token usage: 0.41, #running-req: 1, #queue-req: 0
[2026-08-22 09:12:58.356 GPU=1 Worker 3 (model_2) TP=0] Received 1 generation requests
[2026-08-22 09:12:58.362 GPU=1 Worker 3 (model_2) TP=0] Prefill batch. #new-seq: 1, #new-token: 2184, #cached-token: 0, cache hit rate: 0.00%, token usage: 0.38, #running-req: 50, #queue-req: 0
[2026-08-22 09:12:58.395 GPU=0 Worker 2 (model_5) TP=0] Received 1 generation requests
[2026-08-22 09:12:58.397 GPU=0 Worker 2 (model_5) TP=0] Prefill batch. #new-seq: 1, #new-token: 370, #cached-token: 0, cache hit rate: 0.00%, token usage: 0.48, #running-req: 91, #queue-req: 0
[2026-08-22 09:12:58.481 GPU=0 Worker 3 (model_6) TP=0] Received 1 generation requests
[2026-08-22 09:12:58.496 GPU=1 Worker 1 (model_3) TP=0] Received 4 generation requests
[2026-08-22 09:12:58.499 GPU=1 Worker 1 (model_3) TP=0] Prefill batch. #new-seq: 4, #new-token: 452, #cached-token: 0, cache hit rate: 0.00%, token usage: 0.10, #running-req: 20, #queue-req: 0
[2026-08-22 09:12:58.511 GPU=0 Worker 2 (model_5) TP=0] Received 1 generation requests
[2026-08-22 09:12:58.512 GPU=0 Worker 2 (model_5) TP=0] Prefill batch. #new-seq: 1, #new-token: 16, #cached-token: 0, cache hit rate: 0.00%, token usage: 0.49, #running-req: 92, #queue-req: 0
[2026-08-22 09:12:58.612 GPU=0 Worker 3 (model_6) TP=0] Decode batch. #running-req: 280, #token: 461899.0, token usage: 0.99, gen throughput (token/s): 1365.50, #queue-req: 19
[2026-08-22 09:12:58.733 GPU=0 Worker 2 (model_5) TP=0] Received 1 generation requests
[2026-08-22 09:12:58.845 GPU=0 Worker 2 (model_5) TP=0] Prefill batch. #new-seq: 1, #new-token: 2575, #cached-token: 0, cache hit rate: 0.00%, token usage: 0.48, #running-req: 91, #queue-req: 0
[2026-08-22 09:12:58.846 GPU=1 Worker 3 (model_2) TP=0] Received 1 generation requests
[2026-08-22 09:12:58.923 GPU=1 Worker 3 (model_2) TP=0] Prefill batch. #new-seq: 1, #new-token: 769, #cached-token: 0, cache hit rate: 0.00%, token usage: 0.34, #running-req: 44, #queue-req: 0
[2026-08-22 09:12:59.316 GPU=1 Worker 1 (model_3) TP=0] Received 1 generation requests
[2026-08-22 09:12:59.316 GPU=0 Worker 2 (model_5) TP=0] Received 2 generation requests
[2026-08-22 09:12:59.543 GPU=1 Worker 3 (model_2) TP=0] Received 4 generation requests
[2026-08-22 09:12:59.583 GPU=0 Worker 2 (model_5) TP=0] Prefill batch. #new-seq: 2, #new-token: 65, #cached-token: 0, cache hit rate: 0.00%, token usage: 0.49, #running-req: 92, #queue-req: 0
[2026-08-22 09:12:59.583 GPU=1 Worker 1 (model_3) TP=0] Prefill batch. #new-seq: 1, #new-token: 1361, #cached-token: 0, cache hit rate: 0.00%, token usage: 0.11, #running-req: 23, #queue-req: 0
[2026-08-22 09:12:59.584 GPU=1 Worker 3 (model_2) TP=0] Prefill batch. #new-seq: 4, #new-token: 3130, #cached-token: 0, cache hit rate: 0.00%, token usage: 0.34, #running-req: 45, #queue-req: 0
[2026-08-22 09:12:59.620 GPU=0 Worker 2 (model_5) TP=0] Received 2 generation requests
[2026-08-22 09:12:59.625 GPU=0 Worker 2 (model_5) TP=0] Prefill batch. #new-seq: 2, #new-token: 266, #cached-token: 0, cache hit rate: 0.00%, token usage: 0.49, #running-req: 94, #queue-req: 0
[2026-08-22 09:12:59.680 GPU=0 Worker 2 (model_5) TP=0] Received 1 generation requests
[2026-08-22 09:12:59.682 GPU=0 Worker 2 (model_5) TP=0] Prefill batch. #new-seq: 1, #new-token: 364, #cached-token: 0, cache hit rate: 0.00%, token usage: 0.50, #running-req: 96, #queue-req: 0
[2026-08-22 09:12:59.700 GPU=1 Worker 1 (model_3) TP=0] Received 1 generation requests
[2026-08-22 09:12:59.700 GPU=1 Worker 1 (model_3) TP=0] Prefill batch. #new-seq: 1, #new-token: 15, #cached-token: 0, cache hit rate: 0.00%, token usage: 0.11, #running-req: 24, #queue-req: 0
[2026-08-22 09:12:59.708 GPU=1 Worker 3 (model_2) TP=0] Received 1 generation requests
[2026-08-22 09:12:59.709 GPU=1 Worker 3 (model_2) TP=0] Prefill batch. #new-seq: 1, #new-token: 46, #cached-token: 0, cache hit rate: 0.00%, token usage: 0.34, #running-req: 49, #queue-req: 0
[2026-08-22 09:12:59.715 GPU=1 Worker 0 (model_1) TP=0] Decode batch. #running-req: 1, #token: 294963.0, token usage: 0.36, gen throughput (token/s): 32.39, #queue-req: 0
[2026-08-22 09:12:59.754 GPU=1 Worker 3 (model_2) TP=0] Received 1 generation requests
[2026-08-22 09:12:59.754 GPU=1 Worker 3 (model_2) TP=0] Prefill batch. #new-seq: 1, #new-token: 179, #cached-token: 0, cache hit rate: 0.00%, token usage: 0.34, #running-req: 50, #queue-req: 0
[2026-08-22 09:12:59.776 GPU=1 Worker 3 (model_2) TP=0] Received 2 generation requests
[2026-08-22 09:12:59.777 GPU=1 Worker 3 (model_2) TP=0] Prefill batch. #new-seq: 2, #new-token: 27, #cached-token: 0, cache hit rate: 0.00%, token usage: 0.34, #running-req: 51, #queue-req: 0
[2026-08-22 09:12:59.845 GPU=1 Worker 1 (model_3) TP=0] Received 1 generation requests
[2026-08-22 09:12:59.846 GPU=1 Worker 1 (model_3) TP=0] Prefill batch. #new-seq: 1, #new-token: 269, #cached-token: 0, cache hit rate: 0.00%, token usage: 0.11, #running-req: 24, #queue-req: 0
[2026-08-22 09:12:59.998 GPU=1 Worker 3 (model_2) TP=0] Decode batch. #running-req: 52, #token: 318568.0, token usage: 0.34, gen throughput (token/s): 686.86, #queue-req: 0
[2026-08-22 09:13:00.028 GPU=1 Worker 1 (model_3) TP=0] Decode batch. #running-req: 24, #token: 25541.0, token usage: 0.11, gen throughput (token/s): 297.61, #queue-req: 0
[2026-08-22 09:13:00.180 GPU=0 Worker 3 (model_6) TP=0] Received 1 generation requests
[2026-08-22 09:13:00.181 GPU=0 Worker 3 (model_6) TP=0] Prefill batch. #new-seq: 2, #new-token: 206, #cached-token: 0, cache hit rate: 0.00%, token usage: 0.99, #running-req: 275, #queue-req: 18
[2026-08-22 09:13:00.190 GPU=1 Worker 3 (model_2) TP=0] Received 1 generation requests
[2026-08-22 09:13:00.191 GPU=1 Worker 3 (model_2) TP=0] Prefill batch. #new-seq: 1, #new-token: 23, #cached-token: 0, cache hit rate: 0.00%, token usage: 0.34, #running-req: 46, #queue-req: 0
[2026-08-22 09:13:00.211 GPU=0 Worker 3 (model_6) TP=0] Received 8 generation requests
[2026-08-22 09:13:00.332 GPU=0 Worker 3 (model_6) TP=0] Prefill batch. #new-seq: 6, #new-token: 1898, #cached-token: 0, cache hit rate: 0.00%, token usage: 0.98, #running-req: 275, #queue-req: 20
[2026-08-22 09:13:00.363 GPU=0 Worker 2 (model_5) TP=0] Received 2 generation requests
[2026-08-22 09:13:00.443 GPU=1 Worker 3 (model_2) TP=0] Received 2 generation requests
[2026-08-22 09:13:00.443 GPU=0 Worker 2 (model_5) TP=0] Prefill batch. #new-seq: 2, #new-token: 838, #cached-token: 0, cache hit rate: 0.00%, token usage: 0.50, #running-req: 92, #queue-req: 0
[2026-08-22 09:13:00.457 GPU=1 Worker 3 (model_2) TP=0] Prefill batch. #new-seq: 2, #new-token: 770, #cached-token: 0, cache hit rate: 0.00%, token usage: 0.34, #running-req: 45, #queue-req: 0
[2026-08-22 09:13:00.950 GPU=1 Worker 3 (model_2) TP=0] Received 2 generation requests
[2026-08-22 09:13:00.950 GPU=0 Worker 2 (model_5) TP=0] Received 2 generation requests
[2026-08-22 09:13:00.981 GPU=0 Worker 2 (model_5) TP=0] Prefill batch. #new-seq: 2, #new-token: 766, #cached-token: 0, cache hit rate: 0.00%, token usage: 0.50, #running-req: 94, #queue-req: 0
[2026-08-22 09:13:00.982 GPU=1 Worker 3 (model_2) TP=0] Prefill batch. #new-seq: 2, #new-token: 93, #cached-token: 0, cache hit rate: 0.00%, token usage: 0.33, #running-req: 47, #queue-req: 0
[2026-08-22 09:13:01.086 GPU=0 Worker 2 (model_5) TP=0] Received 1 generation requests
[2026-08-22 09:13:01.086 GPU=1 Worker 0 (model_1) TP=0] Decode batch. #running-req: 1, #token: 292955.0, token usage: 0.36, gen throughput (token/s): 29.17, #queue-req: 0
[2026-08-22 09:13:01.189 GPU=0 Worker 2 (model_5) TP=0] Prefill batch. #new-seq: 1, #new-token: 612, #cached-token: 0, cache hit rate: 0.00%, token usage: 0.51, #running-req: 96, #queue-req: 0
[2026-08-22 09:13:01.241 GPU=1 Worker 3 (model_2) TP=0] Received 1 generation requests
[2026-08-22 09:13:01.242 GPU=1 Worker 3 (model_2) TP=0] Prefill batch. #new-seq: 1, #new-token: 41, #cached-token: 0, cache hit rate: 0.00%, token usage: 0.33, #running-req: 49, #queue-req: 0
[2026-08-22 09:13:01.351 GPU=0 Worker 2 (model_5) TP=0] Decode batch. #running-req: 96, #token: 104348.0, token usage: 0.51, gen throughput (token/s): 533.31, #queue-req: 0
[2026-08-22 09:13:01.648 GPU=1 Worker 3 (model_2) TP=0] Decode batch. #running-req: 45, #token: 269580.0, token usage: 0.29, gen throughput (token/s): 1155.51, #queue-req: 0
[2026-08-22 09:13:01.807 GPU=0 Worker 3 (model_6) TP=0] Received 7 generation requests
[2026-08-22 09:13:01.866 GPU=1 Worker 3 (model_2) TP=0] Received 1 generation requests
[2026-08-22 09:13:01.916 GPU=0 Worker 3 (model_6) TP=0] Prefill batch. #new-seq: 8, #new-token: 1080, #cached-token: 0, cache hit rate: 0.00%, token usage: 0.98, #running-req: 280, #queue-req: 19
[2026-08-22 09:13:02.015 GPU=1 Worker 3 (model_2) TP=0] Prefill batch. #new-seq: 1, #new-token: 874, #cached-token: 0, cache hit rate: 0.00%, token usage: 0.29, #running-req: 45, #queue-req: 0
[2026-08-22 09:13:02.015 GPU=0 Worker 2 (model_5) TP=0] Received 2 generation requests
[2026-08-22 09:13:02.038 GPU=0 Worker 2 (model_5) TP=0] Prefill batch. #new-seq: 2, #new-token: 714, #cached-token: 0, cache hit rate: 0.00%, token usage: 0.51, #running-req: 91, #queue-req: 0
[2026-08-22 09:13:02.120 GPU=1 Worker 1 (model_3) TP=0] Received 1 generation requests
[2026-08-22 09:13:02.122 GPU=1 Worker 1 (model_3) TP=0] Prefill batch. #new-seq: 1, #new-token: 443, #cached-token: 0, cache hit rate: 0.00%, token usage: 0.10, #running-req: 20, #queue-req: 0
[2026-08-22 09:13:02.128 GPU=1 Worker 0 (model_1) TP=0] Decode batch. #running-req: 1, #token: 256131.0, token usage: 0.31, gen throughput (token/s): 38.38, #queue-req: 0
[2026-08-22 09:13:02.131 GPU=1 Worker 3 (model_2) TP=0] Received 1 generation requests
[2026-08-22 09:13:02.132 GPU=1 Worker 3 (model_2) TP=0] Prefill batch. #new-seq: 1, #new-token: 18, #cached-token: 0, cache hit rate: 0.00%, token usage: 0.29, #running-req: 46, #queue-req: 0
[2026-08-22 09:13:02.358 GPU=0 Worker 3 (model_6) TP=0] Received 4 generation requests
[2026-08-22 09:13:02.579 GPU=0 Worker 2 (model_5) TP=0] Received 1 generation requests
[2026-08-22 09:13:02.628 GPU=1 Worker 3 (model_2) TP=0] Received 1 generation requests
[2026-08-22 09:13:02.629 GPU=0 Worker 3 (model_6) TP=0] Prefill batch. #new-seq: 7, #new-token: 1062, #cached-token: 0, cache hit rate: 0.00%, token usage: 0.99, #running-req: 284, #queue-req: 16
[2026-08-22 09:13:02.629 GPU=0 Worker 2 (model_5) TP=0] Prefill batch. #new-seq: 1, #new-token: 211, #cached-token: 0, cache hit rate: 0.00%, token usage: 0.51, #running-req: 93, #queue-req: 0
[2026-08-22 09:13:02.677 GPU=1 Worker 3 (model_2) TP=0] Prefill batch. #new-seq: 1, #new-token: 210, #cached-token: 0, cache hit rate: 0.00%, token usage: 0.29, #running-req: 46, #queue-req: 0
[2026-08-22 09:13:02.686 GPU=0 Worker 2 (model_5) TP=0] Received 1 generation requests
[2026-08-22 09:13:02.690 GPU=0 Worker 2 (model_5) TP=0] Prefill batch. #new-seq: 1, #new-token: 551, #cached-token: 0, cache hit rate: 0.00%, token usage: 0.51, #running-req: 94, #queue-req: 0
[2026-08-22 09:13:02.745 GPU=1 Worker 1 (model_3) TP=0] Received 1 generation requests
[2026-08-22 09:13:02.798 GPU=1 Worker 1 (model_3) TP=0] Prefill batch. #new-seq: 1, #new-token: 23, #cached-token: 0, cache hit rate: 0.00%, token usage: 0.10, #running-req: 21, #queue-req: 0
[2026-08-22 09:13:02.798 GPU=0 Worker 3 (model_6) TP=0] Received 3 generation requests
[2026-08-22 09:13:02.965 GPU=1 Worker 1 (model_3) TP=0] Received 1 generation requests
[2026-08-22 09:13:02.971 GPU=1 Worker 1 (model_3) TP=0] Prefill batch. #new-seq: 1, #new-token: 72, #cached-token: 0, cache hit rate: 0.00%, token usage: 0.10, #running-req: 22, #queue-req: 0
[2026-08-22 09:13:03.012 GPU=1 Worker 3 (model_2) TP=0] Received 1 generation requests
[2026-08-22 09:13:03.014 GPU=1 Worker 3 (model_2) TP=0] Prefill batch. #new-seq: 1, #new-token: 773, #cached-token: 0, cache hit rate: 0.00%, token usage: 0.29, #running-req: 45, #queue-req: 0
[2026-08-22 09:13:03.015 GPU=1 Worker 1 (model_3) TP=0] Decode batch. #running-req: 23, #token: 23790.0, token usage: 0.10, gen throughput (token/s): 284.91, #queue-req: 0
[2026-08-22 09:13:03.042 GPU=0 Worker 3 (model_6) TP=0] Received 6 generation requests
[2026-08-22 09:13:03.050 GPU=0 Worker 3 (model_6) TP=0] Prefill batch. #new-seq: 8, #new-token: 914, #cached-token: 0, cache hit rate: 0.00%, token usage: 0.98, #running-req: 289, #queue-req: 17
[2026-08-22 09:13:03.113 GPU=0 Worker 3 (model_6) TP=0] Received 11 generation requests
[2026-08-22 09:13:03.215 GPU=0 Worker 3 (model_6) TP=0] Prefill batch. #new-seq: 28, #new-token: 7989, #cached-token: 0, cache hit rate: 0.00%, token usage: 0.95, #running-req: 296, #queue-req: 0
[2026-08-22 09:13:03.270 GPU=1 Worker 3 (model_2) TP=0] Received 1 generation requests
[2026-08-22 09:13:03.270 GPU=1 Worker 3 (model_2) TP=0] Prefill batch. #new-seq: 1, #new-token: 11, #cached-token: 0, cache hit rate: 0.00%, token usage: 0.27, #running-req: 42, #queue-req: 0
[2026-08-22 09:13:03.413 GPU=1 Worker 1 (model_3) TP=0] Received 1 generation requests
[2026-08-22 09:13:03.456 GPU=1 Worker 3 (model_2) TP=0] Received 1 generation requests
[2026-08-22 09:13:03.457 GPU=1 Worker 1 (model_3) TP=0] Prefill batch. #new-seq: 1, #new-token: 117, #cached-token: 0, cache hit rate: 0.00%, token usage: 0.10, #running-req: 21, #queue-req: 0
[2026-08-22 09:13:03.458 GPU=1 Worker 3 (model_2) TP=0] Prefill batch. #new-seq: 1, #new-token: 19, #cached-token: 0, cache hit rate: 0.00%, token usage: 0.27, #running-req: 43, #queue-req: 0
[2026-08-22 09:13:03.646 GPU=1 Worker 3 (model_2) TP=0] Received 2 generation requests
[2026-08-22 09:13:03.663 GPU=1 Worker 3 (model_2) TP=0] Prefill batch. #new-seq: 2, #new-token: 356, #cached-token: 0, cache hit rate: 0.00%, token usage: 0.27, #running-req: 42, #queue-req: 0
[2026-08-22 09:13:04.115 GPU=1 Worker 3 (model_2) TP=0] Received 1 generation requests
[2026-08-22 09:13:04.207 GPU=1 Worker 0 (model_1) TP=0] Decode batch. #running-req: 1, #token: 241835.0, token usage: 0.30, gen throughput (token/s): 19.24, #queue-req: 0
[2026-08-22 09:13:04.208 GPU=1 Worker 3 (model_2) TP=0] Prefill batch. #new-seq: 1, #new-token: 288, #cached-token: 0, cache hit rate: 0.00%, token usage: 0.27, #running-req: 44, #queue-req: 0
[2026-08-22 09:13:04.489 GPU=0 Worker 2 (model_5) TP=0] Received 5 generation requests
[2026-08-22 09:13:04.500 GPU=0 Worker 2 (model_5) TP=0] Prefill batch. #new-seq: 5, #new-token: 1506, #cached-token: 0, cache hit rate: 0.00%, token usage: 0.54, #running-req: 95, #queue-req: 0
[2026-08-22 09:13:04.540 GPU=1 Worker 3 (model_2) TP=0] Decode batch. #running-req: 44, #token: 219927.0, token usage: 0.24, gen throughput (token/s): 616.86, #queue-req: 0
[2026-08-22 09:13:04.638 GPU=1 Worker 3 (model_2) TP=0] Received 1 generation requests
[2026-08-22 09:13:04.638 GPU=1 Worker 3 (model_2) TP=0] Prefill batch. #new-seq: 1, #new-token: 94, #cached-token: 0, cache hit rate: 0.00%, token usage: 0.20, #running-req: 39, #queue-req: 0
[2026-08-22 09:13:04.739 GPU=0 Worker 2 (model_5) TP=0] Received 1 generation requests
[2026-08-22 09:13:04.741 GPU=0 Worker 2 (model_5) TP=0] Prefill batch. #new-seq: 1, #new-token: 162, #cached-token: 0, cache hit rate: 0.00%, token usage: 0.54, #running-req: 100, #queue-req: 0
[2026-08-22 09:13:05.007 GPU=1 Worker 0 (model_1) TP=0] Decode batch. #running-req: 1, #token: 162003.0, token usage: 0.20, gen throughput (token/s): 50.00, #queue-req: 0
[2026-08-22 09:13:05.147 GPU=0 Worker 3 (model_6) TP=0] Received 28 generation requests
[2026-08-22 09:13:05.190 GPU=1 Worker 3 (model_2) TP=0] Received 1 generation requests
[2026-08-22 09:13:05.198 GPU=0 Worker 3 (model_6) TP=0] Prefill batch. #new-seq: 21, #new-token: 8192, #cached-token: 0, cache hit rate: 0.00%, token usage: 0.96, #running-req: 324, #queue-req: 7
[2026-08-22 09:13:05.202 GPU=1 Worker 3 (model_2) TP=0] Prefill batch. #new-seq: 1, #new-token: 300, #cached-token: 0, cache hit rate: 0.00%, token usage: 0.17, #running-req: 37, #queue-req: 0
[2026-08-22 09:13:05.695 GPU=1 Worker 3 (model_2) TP=0] Received 4 generation requests
[2026-08-22 09:13:05.695 GPU=1 Worker 1 (model_3) TP=0] Received 1 generation requests
[2026-08-22 09:13:05.695 GPU=0 Worker 2 (model_5) TP=0] Received 4 generation requests
[2026-08-22 09:13:05.743 GPU=1 Worker 1 (model_3) TP=0] Prefill batch. #new-seq: 1, #new-token: 19, #cached-token: 0, cache hit rate: 0.00%, token usage: 0.09, #running-req: 19, #queue-req: 0
[2026-08-22 09:13:05.743 GPU=1 Worker 3 (model_2) TP=0] Prefill batch. #new-seq: 4, #new-token: 673, #cached-token: 0, cache hit rate: 0.00%, token usage: 0.17, #running-req: 38, #queue-req: 0
[2026-08-22 09:13:05.743 GPU=0 Worker 2 (model_5) TP=0] Prefill batch. #new-seq: 4, #new-token: 283, #cached-token: 0, cache hit rate: 0.00%, token usage: 0.54, #running-req: 96, #queue-req: 0
[2026-08-22 09:13:05.842 GPU=1 Worker 3 (model_2) TP=0] Received 1 generation requests
[2026-08-22 09:13:05.843 GPU=1 Worker 3 (model_2) TP=0] Prefill batch. #new-seq: 1, #new-token: 172, #cached-token: 0, cache hit rate: 0.00%, token usage: 0.17, #running-req: 42, #queue-req: 0
[2026-08-22 09:13:05.922 GPU=1 Worker 3 (model_2) TP=0] Received 1 generation requests
[2026-08-22 09:13:05.924 GPU=1 Worker 3 (model_2) TP=0] Prefill batch. #new-seq: 1, #new-token: 331, #cached-token: 0, cache hit rate: 0.00%, token usage: 0.16, #running-req: 39, #queue-req: 0
[2026-08-22 09:13:06.075 GPU=1 Worker 3 (model_2) TP=0] Decode batch. #running-req: 36, #token: 114685.0, token usage: 0.12, gen throughput (token/s): 1015.42, #queue-req: 0
[2026-08-22 09:13:06.130 GPU=1 Worker 3 (model_2) TP=0] Received 1 generation requests
[2026-08-22 09:13:06.131 GPU=1 Worker 3 (model_2) TP=0] Prefill batch. #new-seq: 1, #new-token: 57, #cached-token: 0, cache hit rate: 0.00%, token usage: 0.12, #running-req: 36, #queue-req: 0
[2026-08-22 09:13:06.142 GPU=0 Worker 2 (model_5) TP=0] Received 1 generation requests
[2026-08-22 09:13:06.143 GPU=0 Worker 2 (model_5) TP=0] Prefill batch. #new-seq: 1, #new-token: 78, #cached-token: 0, cache hit rate: 0.00%, token usage: 0.57, #running-req: 98, #queue-req: 0
[2026-08-22 09:13:06.231 GPU=1 Worker 0 (model_1) TP=0] Decode batch. #running-req: 1, #token: 108795.0, token usage: 0.13, gen throughput (token/s): 32.70, #queue-req: 0
[2026-08-22 09:13:06.310 GPU=1 Worker 3 (model_2) TP=0] Received 1 generation requests
[2026-08-22 09:13:06.311 GPU=1 Worker 3 (model_2) TP=0] Prefill batch. #new-seq: 1, #new-token: 36, #cached-token: 0, cache hit rate: 0.00%, token usage: 0.12, #running-req: 35, #queue-req: 0
[2026-08-22 09:13:06.340 GPU=1 Worker 1 (model_3) TP=0] Decode batch. #running-req: 17, #token: 20592.0, token usage: 0.09, gen throughput (token/s): 233.98, #queue-req: 0
[2026-08-22 09:13:06.564 GPU=0 Worker 3 (model_6) TP=0] Received 1 generation requests
[2026-08-22 09:13:06.758 GPU=1 Worker 3 (model_2) TP=0] Received 2 generation requests
[2026-08-22 09:13:06.769 GPU=1 Worker 3 (model_2) TP=0] Prefill batch. #new-seq: 2, #new-token: 459, #cached-token: 0, cache hit rate: 0.00%, token usage: 0.12, #running-req: 36, #queue-req: 0
[2026-08-22 09:13:07.298 GPU=1 Worker 3 (model_2) TP=0] Received 4 generation requests
[2026-08-22 09:13:07.345 GPU=1 Worker 3 (model_2) TP=0] Prefill batch. #new-seq: 4, #new-token: 1230, #cached-token: 0, cache hit rate: 0.00%, token usage: 0.12, #running-req: 38, #queue-req: 0
[2026-08-22 09:13:07.601 GPU=1 Worker 1 (model_3) TP=0] Received 1 generation requests
[2026-08-22 09:13:07.601 GPU=0 Worker 3 (model_6) TP=0] Received 19 generation requests
[2026-08-22 09:13:07.609 GPU=1 Worker 1 (model_3) TP=0] Prefill batch. #new-seq: 1, #new-token: 538, #cached-token: 0, cache hit rate: 0.00%, token usage: 0.09, #running-req: 17, #queue-req: 0
[2026-08-22 09:13:07.610 GPU=0 Worker 2 (model_5) TP=0] Received 5 generation requests
[2026-08-22 09:13:07.617 GPU=0 Worker 2 (model_5) TP=0] Prefill batch. #new-seq: 5, #new-token: 1204, #cached-token: 0, cache hit rate: 0.00%, token usage: 0.58, #running-req: 99, #queue-req: 0
[2026-08-22 09:13:07.623 GPU=0 Worker 3 (model_6) TP=0] Prefill batch. #new-seq: 7, #new-token: 1412, #cached-token: 611, cache hit rate: 0.00%, token usage: 0.98, #running-req: 343, #queue-req: 22
[2026-08-22 09:13:07.816 GPU=1 Worker 0 (model_1) TP=0] Decode batch. #running-req: 1, #token: 102691.0, token usage: 0.13, gen throughput (token/s): 25.22, #queue-req: 0
[2026-08-22 09:13:07.833 GPU=0 Worker 3 (model_6) TP=0] Received 1 generation requests
[2026-08-22 09:13:07.843 GPU=1 Worker 1 (model_3) TP=0] Received 1 generation requests
[2026-08-22 09:13:07.843 GPU=1 Worker 1 (model_3) TP=0] Prefill batch. #new-seq: 1, #new-token: 16, #cached-token: 0, cache hit rate: 0.00%, token usage: 0.09, #running-req: 16, #queue-req: 0
[2026-08-22 09:13:07.974 GPU=1 Worker 3 (model_2) TP=0] Decode batch. #running-req: 35, #token: 104991.0, token usage: 0.11, gen throughput (token/s): 771.57, #queue-req: 0
[2026-08-22 09:13:08.025 GPU=1 Worker 3 (model_2) TP=0] Received 1 generation requests
[2026-08-22 09:13:08.113 GPU=1 Worker 3 (model_2) TP=0] Prefill batch. #new-seq: 1, #new-token: 27, #cached-token: 0, cache hit rate: 0.00%, token usage: 0.11, #running-req: 35, #queue-req: 0
[2026-08-22 09:13:08.290 GPU=0 Worker 2 (model_5) TP=0] Received 1 generation requests
[2026-08-22 09:13:08.290 GPU=1 Worker 1 (model_3) TP=0] Received 1 generation requests
[2026-08-22 09:13:08.290 GPU=1 Worker 3 (model_2) TP=0] Received 1 generation requests
[2026-08-22 09:13:08.291 GPU=0 Worker 2 (model_5) TP=0] Prefill batch. #new-seq: 1, #new-token: 18, #cached-token: 0, cache hit rate: 0.00%, token usage: 0.59, #running-req: 99, #queue-req: 0
[2026-08-22 09:13:08.292 GPU=1 Worker 1 (model_3) TP=0] Prefill batch. #new-seq: 1, #new-token: 229, #cached-token: 0, cache hit rate: 0.00%, token usage: 0.09, #running-req: 17, #queue-req: 0
[2026-08-22 09:13:08.297] Sending activate request to GPU scheduler 1
[2026-08-22 09:13:08.302 GPU=1 Worker 2 (model_1) TP=0] Scheduler: Received 1 requests from gpu scheduler
[2026-08-22 09:13:08.302 GPU=1 Worker 2 (model_1) TP=0] Processing activate request
[2026-08-22 09:13:08.303 GPU=1 Worker 2 (model_1) TP=0] Scheduler receives the activate request with rid: 17330a3f1c734752b6417dc032a65598
[2026-08-22 09:13:08.308 GPU=1 Worker 3 (model_2) TP=0] Prefill batch. #new-seq: 1, #new-token: 356, #cached-token: 0, cache hit rate: 0.00%, token usage: 0.11, #running-req: 35, #queue-req: 0
[2026-08-22 09:13:08.307 GPU=1 Worker 2 (model_1) TP=0] [PAPER-KV-V6] stale-clear acknowledged model=meta-llama/Llama-3.1-8B dropped=0
[2026-08-22 09:13:08.548 GPU=0 Worker 2 (model_5) TP=0] Received 1 generation requests
[2026-08-22 09:13:08.769 GPU=1 Worker 3 (model_2) TP=0] Received 3 generation requests
[2026-08-22 09:13:08.817 GPU=0 Worker 2 (model_5) TP=0] Prefill batch. #new-seq: 1, #new-token: 16, #cached-token: 0, cache hit rate: 0.00%, token usage: 0.59, #running-req: 100, #queue-req: 0
[2026-08-22 09:13:08.817 GPU=1 Worker 1 (model_3) TP=0] Received 1 generation requests
[2026-08-22 09:13:08.818 GPU=1 Worker 3 (model_2) TP=0] Prefill batch. #new-seq: 3, #new-token: 544, #cached-token: 0, cache hit rate: 0.00%, token usage: 0.15, #running-req: 36, #queue-req: 0
[2026-08-22 09:13:08.862 GPU=1 Worker 1 (model_3) TP=0] Prefill batch. #new-seq: 1, #new-token: 29, #cached-token: 0, cache hit rate: 0.00%, token usage: 0.13, #running-req: 18, #queue-req: 0
[2026-08-22 09:13:08.863 GPU=0 Worker 2 (model_5) TP=0] Received 1 generation requests
[2026-08-22 09:13:08.865 GPU=0 Worker 2 (model_5) TP=0] Prefill batch. #new-seq: 1, #new-token: 9, #cached-token: 0, cache hit rate: 0.00%, token usage: 0.59, #running-req: 101, #queue-req: 0
[2026-08-22 09:13:09.087 GPU=1 Worker 3 (model_2) TP=0] Received 1 generation requests
[2026-08-22 09:13:09.088 GPU=1 Worker 3 (model_2) TP=0] Prefill batch. #new-seq: 1, #new-token: 13, #cached-token: 0, cache hit rate: 0.00%, token usage: 0.42, #running-req: 38, #queue-req: 0
[2026-08-22 09:13:09.118 GPU=0 Worker 2 (model_5) TP=0] Received 2 generation requests
[2026-08-22 09:13:09.121 GPU=0 Worker 2 (model_5) TP=0] Prefill batch. #new-seq: 2, #new-token: 440, #cached-token: 0, cache hit rate: 0.00%, token usage: 0.59, #running-req: 100, #queue-req: 0
[2026-08-22 09:13:09.214 GPU=1 Worker 1 (model_3) TP=0] Decode batch. #running-req: 17, #token: 160281.0, token usage: 0.69, gen throughput (token/s): 238.70, #queue-req: 0
[2026-08-22 09:13:09.219 GPU=0 Worker 3 (model_6) TP=0] Received 2 generation requests
[2026-08-22 09:13:09.224 GPU=0 Worker 3 (model_6) TP=0] Prefill batch. #new-seq: 3, #new-token: 1293, #cached-token: 0, cache hit rate: 0.00%, token usage: 0.98, #running-req: 348, #queue-req: 21
[2026-08-22 09:13:09.251 GPU=1 Worker 3 (model_2) TP=0] Received 1 generation requests
[2026-08-22 09:13:09.252 GPU=1 Worker 3 (model_2) TP=0] Prefill batch. #new-seq: 1, #new-token: 195, #cached-token: 0, cache hit rate: 0.00%, token usage: 0.70, #running-req: 36, #queue-req: 0
[2026-08-22 09:13:09.311 GPU=0 Worker 2 (model_5) TP=0] Received 1 generation requests
[2026-08-22 09:13:09.312 GPU=0 Worker 2 (model_5) TP=0] Prefill batch. #new-seq: 1, #new-token: 9, #cached-token: 0, cache hit rate: 0.00%, token usage: 0.59, #running-req: 100, #queue-req: 0
[2026-08-22 09:13:09.318 GPU=1 Worker 3 (model_2) TP=0] Received 1 generation requests
[2026-08-22 09:13:09.319 GPU=1 Worker 3 (model_2) TP=0] Prefill batch. #new-seq: 1, #new-token: 340, #cached-token: 0, cache hit rate: 0.00%, token usage: 0.70, #running-req: 37, #queue-req: 0
[2026-08-22 09:13:09.354 GPU=0 Worker 2 (model_5) TP=0] Received 1 generation requests
[2026-08-22 09:13:09.354 GPU=0 Worker 2 (model_5) TP=0] Prefill batch. #new-seq: 1, #new-token: 31, #cached-token: 0, cache hit rate: 0.00%, token usage: 0.59, #running-req: 101, #queue-req: 0
[2026-08-22 09:13:09.369 GPU=1 Worker 3 (model_2) TP=0] Received 1 generation requests
[2026-08-22 09:13:09.370 GPU=1 Worker 3 (model_2) TP=0] Prefill batch. #new-seq: 1, #new-token: 186, #cached-token: 0, cache hit rate: 0.00%, token usage: 0.70, #running-req: 38, #queue-req: 0
[2026-08-22 09:13:09.435 GPU=1 Worker 3 (model_2) TP=0] Received 1 generation requests
[2026-08-22 09:13:09.436 GPU=1 Worker 3 (model_2) TP=0] Prefill batch. #new-seq: 1, #new-token: 154, #cached-token: 0, cache hit rate: 0.00%, token usage: 0.70, #running-req: 38, #queue-req: 0
[2026-08-22 09:13:09.562 GPU=0 Worker 2 (model_5) TP=0] Received 1 generation requests
[2026-08-22 09:13:09.564 GPU=0 Worker 2 (model_5) TP=0] Prefill batch. #new-seq: 1, #new-token: 89, #cached-token: 0, cache hit rate: 0.00%, token usage: 0.59, #running-req: 102, #queue-req: 0
[2026-08-22 09:13:09.597 GPU=0 Worker 3 (model_6) TP=0] Received 1 generation requests
[2026-08-22 09:13:10.052 GPU=0 Worker 2 (model_5) TP=0] Received 1 generation requests
[2026-08-22 09:13:10.331 GPU=1 Worker 3 (model_2) TP=0] Received 1 generation requests
[2026-08-22 09:13:10.332 GPU=0 Worker 2 (model_5) TP=0] Prefill batch. #new-seq: 1, #new-token: 393, #cached-token: 0, cache hit rate: 0.00%, token usage: 0.59, #running-req: 101, #queue-req: 0
[2026-08-22 09:13:10.378 GPU=1 Worker 3 (model_2) TP=0] Prefill batch. #new-seq: 1, #new-token: 775, #cached-token: 0, cache hit rate: 0.00%, token usage: 0.70, #running-req: 39, #queue-req: 0
[2026-08-22 09:13:10.437 GPU=1 Worker 3 (model_2) TP=0] Received 1 generation requests
[2026-08-22 09:13:10.437 GPU=0 Worker 2 (model_5) TP=0] Received 2 generation requests
[2026-08-22 09:13:10.529 GPU=1 Worker 3 (model_2) TP=0] Prefill batch. #new-seq: 1, #new-token: 721, #cached-token: 0, cache hit rate: 0.00%, token usage: 0.70, #running-req: 40, #queue-req: 0
[2026-08-22 09:13:10.529 GPU=0 Worker 2 (model_5) TP=0] Prefill batch. #new-seq: 2, #new-token: 563, #cached-token: 0, cache hit rate: 0.00%, token usage: 0.59, #running-req: 102, #queue-req: 0
[2026-08-22 09:13:10.529 GPU=1 Worker 1 (model_3) TP=0] Received 1 generation requests
[2026-08-22 09:13:10.576 GPU=1 Worker 1 (model_3) TP=0] Prefill batch. #new-seq: 1, #new-token: 38, #cached-token: 0, cache hit rate: 0.00%, token usage: 0.68, #running-req: 14, #queue-req: 0
[2026-08-22 09:13:10.649 GPU=0 Worker 3 (model_6) TP=0] Received 6 generation requests
[2026-08-22 09:13:10.656 GPU=0 Worker 3 (model_6) TP=0] Prefill batch. #new-seq: 3, #new-token: 3379, #cached-token: 0, cache hit rate: 0.00%, token usage: 0.98, #running-req: 343, #queue-req: 25
[2026-08-22 09:13:10.677 GPU=0 Worker 2 (model_5) TP=0] Decode batch. #running-req: 103, #token: 121404.0, token usage: 0.59, gen throughput (token/s): 420.87, #queue-req: 0
[2026-08-22 09:13:10.686 GPU=1 Worker 3 (model_2) TP=0] Received 1 generation requests
[2026-08-22 09:13:10.688 GPU=1 Worker 3 (model_2) TP=0] Prefill batch. #new-seq: 1, #new-token: 335, #cached-token: 0, cache hit rate: 0.00%, token usage: 0.70, #running-req: 40, #queue-req: 0
[2026-08-22 09:13:10.714 GPU=1 Worker 2 (model_1) TP=0] Load model from model service end. Time cost: 2.3987s, loading time: 1.1768s, service_id: 3
[2026-08-22 09:13:10.715 GPU=1 Worker 2 (model_1) TP=0] Load GPU model end. Time cost: 2.4023s. Current available memory: 11.48 GB, model GPU memory usage: 14.96 GB
[2026-08-22 09:13:10.721 GPU=1 Worker 2 (model_1) TP=0] Elastic memory: kv_cache_manager_v0 initialized
[2026-08-22 09:13:10.800 GPU=1 Worker 3 (model_2) TP=0] Decode batch. #running-req: 40, #token: 675871.0, token usage: 0.72, gen throughput (token/s): 550.62, #queue-req: 0
[2026-08-22 09:13:10.819 GPU=1 Worker 2 (model_1) TP=0] Init attention backend end. Time cost: 0.0231s
[2026-08-22 09:13:10.819 GPU=1 Worker 2 (model_1) TP=0] Activate model model_5 (meta-llama/Llama-3.1-8B) time cost: 2.5103s.
[2026-08-22 09:13:10.819 GPU=1 Worker 2 (model_5) TP=0] Model runner activated
[2026-08-22 09:13:10.819 GPU=1 Worker 2 (model_5) TP=0] max_total_num_tokens=204800, max_prefill_tokens=16384, max_running_requests=513, 
[2026-08-22 09:13:10.820 GPU=1 Worker 2 (model_5) TP=0] Memory pool updated
[2026-08-22 09:13:10.820 GPU=1 Worker 2 (model_5) TP=0] [PAPER-OVERLAP-V6] {"event": "target_ready", "model": "model_5", "gpu": 1, "rid": "17330a3f1c734752b6417dc032a65598", "start": 1787389988.3090186, "ready": 1787389990.820153, "prepare_duration_s": 2.5111344340257347}
[2026-08-22 09:13:10.821] Detokenizer: Received activate request for model_5
[2026-08-22 09:13:10.821] [V5-HOP] {"action": "ActivateReqInput", "model": "model_5", "gpu_id": 1, "register_s": 0.0003001689910888672, "wait_for_engine_s": 2.5216047763824463, "total_s": 2.521904945373535}
[2026-08-22 09:13:10.827] Sending deactivate request to GPU scheduler 0
[2026-08-22 09:13:10.936 GPU=0 Worker 3 (model_6) TP=0] Received 3 generation requests
[2026-08-22 09:13:10.955 GPU=1 Worker 1 (model_3) TP=0] Decode batch. #running-req: 14, #token: 168628.0, token usage: 0.72, gen throughput (token/s): 333.12, #queue-req: 0
[2026-08-22 09:13:11.068 GPU=0 Worker 3 (model_6) TP=0] Prefill batch. #new-seq: 28, #new-token: 8192, #cached-token: 0, cache hit rate: 0.00%, token usage: 0.94, #running-req: 342, #queue-req: 0
[2026-08-22 09:13:11.171 GPU=1 Worker 3 (model_2) TP=0] Received 1 generation requests
[2026-08-22 09:13:11.301 GPU=1 Worker 3 (model_2) TP=0] Prefill batch. #new-seq: 1, #new-token: 10, #cached-token: 0, cache hit rate: 0.00%, token usage: 0.72, #running-req: 35, #queue-req: 0
[2026-08-22 09:13:11.860 GPU=1 Worker 1 (model_3) TP=0] Received 2 generation requests
[2026-08-22 09:13:11.860 GPU=1 Worker 3 (model_2) TP=0] Received 2 generation requests
[2026-08-22 09:13:11.905 GPU=1 Worker 3 (model_2) TP=0] Prefill batch. #new-seq: 2, #new-token: 1742, #cached-token: 0, cache hit rate: 0.00%, token usage: 0.72, #running-req: 36, #queue-req: 0
[2026-08-22 09:13:11.905 GPU=1 Worker 1 (model_3) TP=0] Prefill batch. #new-seq: 2, #new-token: 729, #cached-token: 0, cache hit rate: 0.00%, token usage: 0.72, #running-req: 14, #queue-req: 0
[2026-08-22 09:13:12.024 GPU=0 Worker 2 (model_5) TP=0] Scheduler: Received 1 requests from gpu scheduler
[2026-08-22 09:13:12.024 GPU=0 Worker 2 (model_5) TP=0] Processing deactivate request
[2026-08-22 09:13:12.024 GPU=0 Worker 2 (model_5) TP=0] [PAPER-OVERLAP-V6] {"event": "source_quiesce", "model": "model_5", "gpu": 0, "rid": "b8d0d00d50ea4959afbafe3134599a5c", "time": 1787389992.0247834, "was_serving": true}
[2026-08-22 09:13:12.024 GPU=0 Worker 2 (model_5) TP=0] Scheduler receives the deactivate requests with rid: b8d0d00d50ea4959afbafe3134599a5c
[2026-08-22 09:13:12.024 GPU=0 Worker 2 (model_5) TP=0] In handle deactivate request, waiting queue size: 0. Running batch size: 102, last batch size: 102
[2026-08-22 09:13:12.024 GPU=0 Worker 2 (model_5) TP=0] Retract running batch, running batch size: 102, last batch size: 102
[2026-08-22 09:13:12.171 GPU=1 Worker 3 (model_2) TP=0] Received 1 generation requests
[2026-08-22 09:13:12.172 GPU=1 Worker 3 (model_2) TP=0] Prefill batch. #new-seq: 1, #new-token: 302, #cached-token: 0, cache hit rate: 0.00%, token usage: 0.72, #running-req: 35, #queue-req: 0
[2026-08-22 09:13:12.237 GPU=1 Worker 3 (model_2) TP=0] Received 1 generation requests
[2026-08-22 09:13:12.238 GPU=1 Worker 3 (model_2) TP=0] Prefill batch. #new-seq: 1, #new-token: 219, #cached-token: 0, cache hit rate: 0.00%, token usage: 0.72, #running-req: 36, #queue-req: 0
[2026-08-22 09:13:12.336 GPU=1 Worker 3 (model_2) TP=0] Received 1 generation requests
[2026-08-22 09:13:12.337 GPU=1 Worker 3 (model_2) TP=0] Prefill batch. #new-seq: 1, #new-token: 137, #cached-token: 0, cache hit rate: 0.00%, token usage: 0.72, #running-req: 37, #queue-req: 0
[2026-08-22 09:13:12.384 GPU=1 Worker 3 (model_2) TP=0] Received 1 generation requests
[2026-08-22 09:13:12.385 GPU=1 Worker 3 (model_2) TP=0] Prefill batch. #new-seq: 1, #new-token: 21, #cached-token: 0, cache hit rate: 0.00%, token usage: 0.72, #running-req: 38, #queue-req: 0
[2026-08-22 09:13:12.416 GPU=1 Worker 3 (model_2) TP=0] Received 1 generation requests
[2026-08-22 09:13:12.419 GPU=1 Worker 3 (model_2) TP=0] Prefill batch. #new-seq: 1, #new-token: 902, #cached-token: 0, cache hit rate: 0.00%, token usage: 0.72, #running-req: 39, #queue-req: 0
[2026-08-22 09:13:12.457 GPU=0 Worker 3 (model_6) TP=0] Received 28 generation requests
[2026-08-22 09:13:12.472 GPU=1 Worker 3 (model_2) TP=0] Decode batch. #running-req: 40, #token: 676045.0, token usage: 0.72, gen throughput (token/s): 878.49, #queue-req: 0
[2026-08-22 09:13:12.529 GPU=1 Worker 1 (model_3) TP=0] Received 1 generation requests
[2026-08-22 09:13:12.572 GPU=0 Worker 3 (model_6) TP=0] Prefill batch. #new-seq: 26, #new-token: 8192, #cached-token: 263, cache hit rate: 0.00%, token usage: 0.81, #running-req: 369, #queue-req: 4
[2026-08-22 09:13:12.656 GPU=1 Worker 1 (model_3) TP=0] Prefill batch. #new-seq: 1, #new-token: 9, #cached-token: 0, cache hit rate: 0.00%, token usage: 0.72, #running-req: 13, #queue-req: 0
[2026-08-22 09:13:12.702 GPU=1 Worker 3 (model_2) TP=0] Received 1 generation requests
[2026-08-22 09:13:12.704 GPU=1 Worker 3 (model_2) TP=0] Prefill batch. #new-seq: 1, #new-token: 20, #cached-token: 0, cache hit rate: 0.00%, token usage: 0.72, #running-req: 39, #queue-req: 0
[2026-08-22 09:13:12.890 GPU=1 Worker 3 (model_2) TP=0] Received 1 generation requests
[2026-08-22 09:13:12.896 GPU=1 Worker 3 (model_2) TP=0] Prefill batch. #new-seq: 1, #new-token: 11, #cached-token: 0, cache hit rate: 0.00%, token usage: 0.72, #running-req: 40, #queue-req: 0
[2026-08-22 09:13:13.120 GPU=1 Worker 1 (model_3) TP=0] Decode batch. #running-req: 14, #token: 168561.0, token usage: 0.72, gen throughput (token/s): 265.68, #queue-req: 0
[2026-08-22 09:13:13.120 GPU=1 Worker 3 (model_2) TP=0] Received 1 generation requests
[2026-08-22 09:13:13.342 GPU=1 Worker 1 (model_3) TP=0] Received 1 generation requests
[2026-08-22 09:13:13.346 GPU=1 Worker 3 (model_2) TP=0] Prefill batch. #new-seq: 1, #new-token: 35, #cached-token: 0, cache hit rate: 0.00%, token usage: 0.72, #running-req: 41, #queue-req: 0
[2026-08-22 09:13:13.347 GPU=1 Worker 1 (model_3) TP=0] Prefill batch. #new-seq: 1, #new-token: 68, #cached-token: 0, cache hit rate: 0.00%, token usage: 0.72, #running-req: 14, #queue-req: 0
[2026-08-22 09:13:13.705 GPU=1 Worker 1 (model_3) TP=0] Received 1 generation requests
[2026-08-22 09:13:13.708 GPU=1 Worker 1 (model_3) TP=0] Prefill batch. #new-seq: 1, #new-token: 359, #cached-token: 0, cache hit rate: 0.00%, token usage: 0.72, #running-req: 15, #queue-req: 0
[2026-08-22 09:13:13.722 GPU=0 Worker 3 (model_6) TP=0] Traceback (most recent call last):
  File "/root/Prism-final-regression-diagnosis/prism-research/python/sglang/srt/managers/scheduler.py", line 2624, in run_scheduler_process
    scheduler.event_loop_normal()
  File "/workspace/prism-exp/prism-venv/lib/python3.10/site-packages/torch/utils/_contextlib.py", line 116, in decorate_context
    return func(*args, **kwargs)
  File "/root/Prism-final-regression-diagnosis/prism-research/python/sglang/srt/managers/scheduler.py", line 484, in event_loop_normal
    result = self.run_batch(batch)
  File "/root/Prism-final-regression-diagnosis/prism-research/python/sglang/srt/managers/scheduler.py", line 1285, in run_batch
    logits_output, next_token_ids = self.tp_worker.forward_batch_generation(
  File "/root/Prism-final-regression-diagnosis/prism-research/python/sglang/srt/managers/tp_worker.py", line 104, in forward_batch_generation
    logits_output = self.model_runner.forward(forward_batch)
  File "/root/Prism-final-regression-diagnosis/prism-research/python/sglang/srt/model_executor/model_runner.py", line 718, in forward
    return self.forward_extend(forward_batch)
  File "/root/Prism-final-regression-diagnosis/prism-research/python/sglang/srt/model_executor/model_runner.py", line 699, in forward_extend
    self.attn_backend.init_forward_metadata(forward_batch)
  File "/root/Prism-final-regression-diagnosis/prism-research/python/sglang/srt/layers/attention/flashinfer_backend.py", line 146, in init_forward_metadata
    self.indices_updater_prefill.update(
  File "/root/Prism-final-regression-diagnosis/prism-research/python/sglang/srt/layers/attention/flashinfer_backend.py", line 514, in update_single_wrapper
    self.call_begin_forward(
  File "/root/Prism-final-regression-diagnosis/prism-research/python/sglang/srt/layers/attention/flashinfer_backend.py", line 624, in call_begin_forward
    wrapper_paged.begin_forward(
  File "/workspace/prism-exp/prism-venv/lib/python3.10/site-packages/flashinfer/prefill.py", line 832, in plan
    self._wrapper.plan(
RuntimeError: Failed to allocate memory for batch_prefill_tmp_v with size 455999488 and alignment 16 in AlignedAllocator

[2026-08-22 09:13:13.815 GPU=1 Worker 3 (model_2) TP=0] Received 1 generation requests
[2026-08-22 09:13:13.819 GPU=1 Worker 3 (model_2) TP=0] Prefill batch. #new-seq: 1, #new-token: 1830, #cached-token: 0, cache hit rate: 0.00%, token usage: 0.72, #running-req: 37, #queue-req: 0
[2026-08-22 09:13:13.878 GPU=1 Worker 3 (model_2) TP=0] Received 1 generation requests
[2026-08-22 09:13:13.878 GPU=1 Worker 3 (model_2) TP=0] Prefill batch. #new-seq: 1, #new-token: 38, #cached-token: 0, cache hit rate: 0.00%, token usage: 0.72, #running-req: 38, #queue-req: 0
[2026-08-22 09:13:13.897 GPU=1 Worker 3 (model_2) TP=0] Received 1 generation requests
[2026-08-22 09:13:13.898 GPU=1 Worker 3 (model_2) TP=0] Prefill batch. #new-seq: 1, #new-token: 226, #cached-token: 0, cache hit rate: 0.00%, token usage: 0.72, #running-req: 39, #queue-req: 0
[2026-08-22 09:13:13.921 GPU=1 Worker 3 (model_2) TP=0] Received 1 generation requests
[2026-08-22 09:13:13.922 GPU=1 Worker 3 (model_2) TP=0] Prefill batch. #new-seq: 1, #new-token: 333, #cached-token: 0, cache hit rate: 0.00%, token usage: 0.72, #running-req: 40, #queue-req: 0
[2026-08-22 09:13:14.916 GPU=0 Worker 3 (model_6) TP=0] Successfully unlinked shared memory: ipc_0_3_root
[2026-08-22 09:13:34.824 GPU=0 Worker 3 (model_6) TP=0] Cleaning up Scheduler GPU 0 rank 0 ZMQ sockets and IPC files
[2026-08-22 09:13:34.824 GPU=0 Worker 3 (model_6) TP=0] Removed IPC file: gpu_scheduler_0_to_worker_3
[2026-08-22 09:13:34.825 GPU=0 Worker 3 (model_6) TP=0] Removed IPC file: /tmp/tmpa_7tg8_7
[2026-08-22 09:13:34.825 GPU=0 Worker 3 (model_6) TP=0] Scheduler GPU 0 rank 0 cleanup completed
