[2026-08-22 13:57:55.541 Model_Service_0] [PAPER-LOAD-V4] worker 0/6 host page-lock: {'Qwen/Qwen2.5-1.5B-Instruct': {'locked': 199, 'already_locked': 0, 'failed': 0, 'seconds': 1.9330488990526646}}
[2026-08-22 13:57:55.543 Model_Service_0] [PAPER-LOAD-V4] peer access: {'0->1': True, '1->0': True} p2p=True
[2026-08-22 13:58:00.551 Model_Service_0] Model service 0 input queue is empty, waiting for next request
[2026-08-22 13:58:05.789 Model_Service_0] Model service 0 input queue is empty, waiting for next request
[2026-08-22 13:58:06.970 Model_Service_1] [PAPER-LOAD-V4] worker 1/6 host page-lock: {'Qwen/Qwen2.5-3B-Instruct': {'locked': 255, 'already_locked': 0, 'failed': 0, 'seconds': 3.237906522816047}}
[2026-08-22 13:58:06.971 Model_Service_1] [PAPER-LOAD-V4] peer access: {'0->1': True, '1->0': True} p2p=True
[2026-08-22 13:58:11.028 Model_Service_0] Model service 0 input queue is empty, waiting for next request
[2026-08-22 13:58:11.979 Model_Service_1] Model service 1 input queue is empty, waiting for next request
[2026-08-22 13:58:16.264 Model_Service_0] Model service 0 input queue is empty, waiting for next request
[2026-08-22 13:58:17.209 Model_Service_1] Model service 1 input queue is empty, waiting for next request
[2026-08-22 13:58:21.498 Model_Service_0] Model service 0 input queue is empty, waiting for next request
[2026-08-22 13:58:22.239 Model_Service_2] [PAPER-LOAD-V4] worker 2/6 host page-lock: {'Qwen/Qwen2.5-7B-Instruct': {'locked': 199, 'already_locked': 0, 'failed': 0, 'seconds': 7.237468307139352}}
[2026-08-22 13:58:22.240 Model_Service_2] [PAPER-LOAD-V4] peer access: {'0->1': True, '1->0': True} p2p=True
[2026-08-22 13:58:22.438 Model_Service_1] Model service 1 input queue is empty, waiting for next request
[2026-08-22 13:58:26.730 Model_Service_0] Model service 0 input queue is empty, waiting for next request
[2026-08-22 13:58:27.249 Model_Service_2] Model service 2 input queue is empty, waiting for next request
[2026-08-22 13:58:27.720 Model_Service_1] Model service 1 input queue is empty, waiting for next request
[2026-08-22 13:58:31.966 Model_Service_0] Model service 0 input queue is empty, waiting for next request
[2026-08-22 13:58:32.574 Model_Service_2] Model service 2 input queue is empty, waiting for next request
[2026-08-22 13:58:32.958 Model_Service_1] Model service 1 input queue is empty, waiting for next request
[2026-08-22 13:58:37.204 Model_Service_0] Model service 0 input queue is empty, waiting for next request
[2026-08-22 13:58:37.810 Model_Service_2] Model service 2 input queue is empty, waiting for next request
[2026-08-22 13:58:37.957 Model_Service_3] [PAPER-LOAD-V4] worker 3/6 host page-lock: {'meta-llama/Llama-3.1-8B': {'locked': 195, 'already_locked': 0, 'failed': 0, 'seconds': 7.469580330885947}}
[2026-08-22 13:58:37.957 Model_Service_3] [PAPER-LOAD-V4] peer access: {'0->1': True, '1->0': True} p2p=True
[2026-08-22 13:58:38.202 Model_Service_1] Model service 1 input queue is empty, waiting for next request
[2026-08-22 13:58:42.443 Model_Service_0] Model service 0 input queue is empty, waiting for next request
[2026-08-22 13:58:42.965 Model_Service_3] Model service 3 input queue is empty, waiting for next request
[2026-08-22 13:58:43.105 Model_Service_2] Model service 2 input queue is empty, waiting for next request
[2026-08-22 13:58:43.443 Model_Service_1] Model service 1 input queue is empty, waiting for next request
[2026-08-22 13:58:47.131 Model_Service_4] [PAPER-LOAD-V4] worker 4/6 host page-lock: {'meta-llama/Llama-3.2-1B': {'locked': 98, 'already_locked': 1, 'failed': 0, 'seconds': 1.123579017817974}}
[2026-08-22 13:58:47.131 Model_Service_4] [PAPER-LOAD-V4] peer access: {'0->1': True, '1->0': True} p2p=True
[2026-08-22 13:58:47.680 Model_Service_0] Model service 0 input queue is empty, waiting for next request
[2026-08-22 13:58:48.202 Model_Service_3] Model service 3 input queue is empty, waiting for next request
[2026-08-22 13:58:48.361 Model_Service_2] Model service 2 input queue is empty, waiting for next request
[2026-08-22 13:58:48.682 Model_Service_1] Model service 1 input queue is empty, waiting for next request
[2026-08-22 13:58:52.139 Model_Service_4] Model service 4 input queue is empty, waiting for next request
[2026-08-22 13:58:52.915 Model_Service_0] Model service 0 input queue is empty, waiting for next request
[2026-08-22 13:58:53.439 Model_Service_3] Model service 3 input queue is empty, waiting for next request
[2026-08-22 13:58:53.610 Model_Service_2] Model service 2 input queue is empty, waiting for next request
[2026-08-22 13:58:53.922 Model_Service_1] Model service 1 input queue is empty, waiting for next request
[2026-08-22 13:58:57.387 Model_Service_4] Model service 4 input queue is empty, waiting for next request
[2026-08-22 13:58:58.160 Model_Service_0] Model service 0 input queue is empty, waiting for next request
[2026-08-22 13:58:58.316 Model_Service_5] [PAPER-LOAD-V4] worker 5/6 host page-lock: {'meta-llama/Llama-3.2-3B': {'locked': 170, 'already_locked': 1, 'failed': 0, 'seconds': 3.031827144091949}}
[2026-08-22 13:58:58.317 Model_Service_5] [PAPER-LOAD-V4] peer access: {'0->1': True, '1->0': True} p2p=True
[2026-08-22 13:58:58.678 Model_Service_3] Model service 3 input queue is empty, waiting for next request
[2026-08-22 13:58:58.846 Model_Service_2] Model service 2 input queue is empty, waiting for next request
[2026-08-22 13:58:59.216 Model_Service_1] Model service 1 input queue is empty, waiting for next request
[2026-08-22 13:59:02.622 Model_Service_4] Model service 4 input queue is empty, waiting for next request
[2026-08-22 13:59:03.324 Model_Service_5] Model service 5 input queue is empty, waiting for next request
[2026-08-22 13:59:03.399 Model_Service_0] Model service 0 input queue is empty, waiting for next request
[2026-08-22 13:59:04.110 Model_Service_3] Model service 3 input queue is empty, waiting for next request
[2026-08-22 13:59:04.157 Model_Service_2] Model service 2 input queue is empty, waiting for next request
[2026-08-22 13:59:04.460 Model_Service_1] Model service 1 input queue is empty, waiting for next request
[2026-08-22 13:59:08.096 Model_Service_4] Model service 4 input queue is empty, waiting for next request
[2026-08-22 13:59:08.603 Model_Service_5] Model service 5 input queue is empty, waiting for next request
[2026-08-22 13:59:08.654 Model_Service_0] Model service 0 input queue is empty, waiting for next request
[2026-08-22 13:59:09.367 Model_Service_3] Model service 3 input queue is empty, waiting for next request
[2026-08-22 13:59:09.409 Model_Service_2] Model service 2 input queue is empty, waiting for next request
[2026-08-22 13:59:09.704 Model_Service_1] Model service 1 input queue is empty, waiting for next request
[2026-08-22 13:59:13.378 Model_Service_4] Model service 4 input queue is empty, waiting for next request
[2026-08-22 13:59:13.874 Model_Service_5] Model service 5 input queue is empty, waiting for next request
[2026-08-22 13:59:13.918 Model_Service_0] Model service 0 input queue is empty, waiting for next request
[2026-08-22 13:59:14.626 Model_Service_3] Model service 3 input queue is empty, waiting for next request
[2026-08-22 13:59:14.717 Model_Service_2] Model service 2 input queue is empty, waiting for next request
[2026-08-22 13:59:15.070 Model_Service_1] Model service 1 input queue is empty, waiting for next request
[2026-08-22 13:59:18.642 Model_Service_4] Model service 4 input queue is empty, waiting for next request
[2026-08-22 13:59:19.126 Model_Service_5] Model service 5 input queue is empty, waiting for next request
[2026-08-22 13:59:19.174 Model_Service_0] Model service 0 input queue is empty, waiting for next request
[2026-08-22 13:59:19.902 Model_Service_3] Model service 3 input queue is empty, waiting for next request
[2026-08-22 13:59:19.986 Model_Service_2] Model service 2 input queue is empty, waiting for next request
[2026-08-22 13:59:20.485 Model_Service_1] Model service 1 input queue is empty, waiting for next request
[2026-08-22 13:59:23.975 Model_Service_4] Model service 4 input queue is empty, waiting for next request
[2026-08-22 13:59:24.437 Model_Service_5] Model service 5 input queue is empty, waiting for next request
[2026-08-22 13:59:24.451 Model_Service_0] Model service 0 input queue is empty, waiting for next request
[2026-08-22 13:59:25.164 Model_Service_3] Model service 3 input queue is empty, waiting for next request
[2026-08-22 13:59:25.243 Model_Service_2] Model service 2 input queue is empty, waiting for next request
[2026-08-22 13:59:25.910 Model_Service_1] Model service 1 input queue is empty, waiting for next request
[2026-08-22 13:59:29.238 Model_Service_4] Model service 4 input queue is empty, waiting for next request
[2026-08-22 13:59:29.700 Model_Service_0] Model service 0 input queue is empty, waiting for next request
[2026-08-22 13:59:29.700 Model_Service_5] Model service 5 input queue is empty, waiting for next request
[2026-08-22 13:59:30.410 Model_Service_3] Model service 3 input queue is empty, waiting for next request
[2026-08-22 13:59:30.503 Model_Service_2] Model service 2 input queue is empty, waiting for next request
[2026-08-22 13:59:31.151 Model_Service_1] Model service 1 input queue is empty, waiting for next request
[2026-08-22 13:59:34.531 Model_Service_4] Model service 4 input queue is empty, waiting for next request
[2026-08-22 13:59:34.938 Model_Service_0] Model service 0 input queue is empty, waiting for next request
[2026-08-22 13:59:34.949 Model_Service_5] Model service 5 input queue is empty, waiting for next request
[2026-08-22 13:59:35.650 Model_Service_3] Model service 3 input queue is empty, waiting for next request
[2026-08-22 13:59:35.750 Model_Service_2] Model service 2 input queue is empty, waiting for next request
[2026-08-22 13:59:36.399 Model_Service_1] Model service 1 input queue is empty, waiting for next request
[2026-08-22 13:59:39.766 Model_Service_4] Model service 4 input queue is empty, waiting for next request
[2026-08-22 13:59:40.178 Model_Service_0] Model service 0 input queue is empty, waiting for next request
[2026-08-22 13:59:40.187 Model_Service_5] Model service 5 input queue is empty, waiting for next request
[2026-08-22 13:59:40.884 Model_Service_3] Model service 3 input queue is empty, waiting for next request
[2026-08-22 13:59:40.988 Model_Service_2] Model service 2 input queue is empty, waiting for next request
[2026-08-22 13:59:41.642 Model_Service_1] Model service 1 input queue is empty, waiting for next request
[2026-08-22 13:59:45.038 Model_Service_4] Model service 4 input queue is empty, waiting for next request
[2026-08-22 13:59:45.413 Model_Service_0] Model service 0 input queue is empty, waiting for next request
[2026-08-22 13:59:45.437 Model_Service_5] Model service 5 input queue is empty, waiting for next request
[2026-08-22 13:59:46.133 Model_Service_3] Model service 3 input queue is empty, waiting for next request
[2026-08-22 13:59:46.228 Model_Service_2] Model service 2 input queue is empty, waiting for next request
[2026-08-22 13:59:46.905 Model_Service_1] Model service 1 input queue is empty, waiting for next request
[2026-08-22 13:59:50.337 Model_Service_4] Model service 4 input queue is empty, waiting for next request
[2026-08-22 13:59:50.650 Model_Service_0] Model service 0 input queue is empty, waiting for next request
[2026-08-22 13:59:50.679 Model_Service_5] Model service 5 input queue is empty, waiting for next request
[2026-08-22 13:59:51.511 Model_Service_2] Model service 2 input queue is empty, waiting for next request
[2026-08-22 13:59:51.573 Model_Service_3] Model service 3 input queue is empty, waiting for next request
[2026-08-22 13:59:52.164 Model_Service_1] Model service 1 input queue is empty, waiting for next request
[2026-08-22 13:59:55.023 Model_Service_4] Model key: meta-llama/Llama-3.2-1B, engine id: 0_0, target gpu id: 0
[2026-08-22 13:59:55.593 Model_Service_4] [PAPER-LOAD-V4] {"tag": "meta-llama/Llama-3.2-1B|engine=0_0|src=None", "start_time": 1787407195.0255957, "end_time": 1787407195.5932975, "policy": "paper", "split": 2, "pipeline_depth": null, "target_gpu": 0, "gpu_ids": [0, 1], "source": "cpu", "host_registered": true, "slices": 198, "payload_bytes": 2996965376, "bytes_h2d_direct": 1498482688, "bytes_h2d_helper": 1498482688, "bytes_p2p": 1498482688, "seconds": 0.5677007529884577, "payload_gbps": 5.2791287667376645, "transfer_path": "host-to-device + helper-gpu-p2p"}
[2026-08-22 13:59:55.594 Model_Service_4] Time taken to copy model to GPU 0, service 4, engine 0_0, model meta-llama/Llama-3.2-1B: 0.5709 seconds
[2026-08-22 13:59:55.966 Model_Service_0] Model service 0 input queue is empty, waiting for next request
[2026-08-22 13:59:56.001 Model_Service_5] Model service 5 input queue is empty, waiting for next request
[2026-08-22 13:59:56.202 Model_Service_1] Model key: Qwen/Qwen2.5-3B-Instruct, engine id: 0_1, target gpu id: 0
[2026-08-22 13:59:56.228 Model_Service_3] Model key: meta-llama/Llama-3.1-8B, engine id: 0_2, target gpu id: 0
[2026-08-22 13:59:56.244 Model_Service_4] [PAPER-KV-V6] fetch meta-llama/Llama-3.2-1B -> None requests
[2026-08-22 13:59:56.255 Model_Service_4] [PAPER-KV-V6] fetch meta-llama/Llama-3.2-1B -> None requests
[2026-08-22 13:59:56.265 Model_Service_4] [PAPER-KV-V6] fetch meta-llama/Llama-3.2-1B -> None requests
[2026-08-22 13:59:56.276 Model_Service_4] [PAPER-KV-V6] fetch meta-llama/Llama-3.2-1B -> None requests
[2026-08-22 13:59:56.287 Model_Service_4] [PAPER-KV-V6] fetch meta-llama/Llama-3.2-1B -> None requests
[2026-08-22 13:59:56.297 Model_Service_4] [PAPER-KV-V6] fetch meta-llama/Llama-3.2-1B -> None requests
[2026-08-22 13:59:56.308 Model_Service_4] [PAPER-KV-V6] fetch meta-llama/Llama-3.2-1B -> None requests
[2026-08-22 13:59:56.318 Model_Service_4] [PAPER-KV-V6] fetch meta-llama/Llama-3.2-1B -> None requests
[2026-08-22 13:59:56.329 Model_Service_4] [PAPER-KV-V6] fetch meta-llama/Llama-3.2-1B -> None requests
[2026-08-22 13:59:56.339 Model_Service_4] [PAPER-KV-V6] fetch meta-llama/Llama-3.2-1B -> None requests
[2026-08-22 13:59:56.349 Model_Service_4] [PAPER-KV-V6] fetch meta-llama/Llama-3.2-1B -> None requests
[2026-08-22 13:59:56.360 Model_Service_4] [PAPER-KV-V6] fetch meta-llama/Llama-3.2-1B -> None requests
[2026-08-22 13:59:56.370 Model_Service_4] [PAPER-KV-V6] fetch meta-llama/Llama-3.2-1B -> None requests
[2026-08-22 13:59:56.380 Model_Service_4] [PAPER-KV-V6] fetch meta-llama/Llama-3.2-1B -> None requests
[2026-08-22 13:59:56.391 Model_Service_4] [PAPER-KV-V6] fetch meta-llama/Llama-3.2-1B -> None requests
[2026-08-22 13:59:56.401 Model_Service_4] [PAPER-KV-V6] fetch meta-llama/Llama-3.2-1B -> None requests
[2026-08-22 13:59:56.411 Model_Service_4] [PAPER-KV-V6] fetch meta-llama/Llama-3.2-1B -> None requests
[2026-08-22 13:59:56.422 Model_Service_4] [PAPER-KV-V6] fetch meta-llama/Llama-3.2-1B -> None requests
[2026-08-22 13:59:56.432 Model_Service_4] [PAPER-KV-V6] fetch meta-llama/Llama-3.2-1B -> None requests
[2026-08-22 13:59:56.443 Model_Service_4] [PAPER-KV-V6] fetch meta-llama/Llama-3.2-1B -> None requests
[2026-08-22 13:59:56.453 Model_Service_4] [PAPER-KV-V6] fetch meta-llama/Llama-3.2-1B -> None requests
[2026-08-22 13:59:56.463 Model_Service_4] [PAPER-KV-V6] fetch meta-llama/Llama-3.2-1B -> None requests
[2026-08-22 13:59:56.474 Model_Service_4] [PAPER-KV-V6] fetch meta-llama/Llama-3.2-1B -> None requests
[2026-08-22 13:59:56.484 Model_Service_4] [PAPER-KV-V6] fetch meta-llama/Llama-3.2-1B -> None requests
[2026-08-22 13:59:56.494 Model_Service_4] [PAPER-KV-V6] fetch meta-llama/Llama-3.2-1B -> None requests
[2026-08-22 13:59:56.505 Model_Service_4] [PAPER-KV-V6] fetch meta-llama/Llama-3.2-1B -> None requests
[2026-08-22 13:59:56.515 Model_Service_4] [PAPER-KV-V6] fetch meta-llama/Llama-3.2-1B -> None requests
[2026-08-22 13:59:56.526 Model_Service_4] [PAPER-KV-V6] fetch meta-llama/Llama-3.2-1B -> None requests
[2026-08-22 13:59:56.536 Model_Service_4] [PAPER-KV-V6] fetch meta-llama/Llama-3.2-1B -> None requests
[2026-08-22 13:59:56.546 Model_Service_4] [PAPER-KV-V6] fetch meta-llama/Llama-3.2-1B -> None requests
[2026-08-22 13:59:56.557 Model_Service_4] [PAPER-KV-V6] fetch meta-llama/Llama-3.2-1B -> None requests
[2026-08-22 13:59:56.567 Model_Service_4] [PAPER-KV-V6] fetch meta-llama/Llama-3.2-1B -> None requests
[2026-08-22 13:59:56.578 Model_Service_4] [PAPER-KV-V6] fetch meta-llama/Llama-3.2-1B -> None requests
[2026-08-22 13:59:56.588 Model_Service_4] [PAPER-KV-V6] fetch meta-llama/Llama-3.2-1B -> None requests
[2026-08-22 13:59:56.598 Model_Service_4] [PAPER-KV-V6] fetch meta-llama/Llama-3.2-1B -> None requests
[2026-08-22 13:59:56.609 Model_Service_4] [PAPER-KV-V6] fetch meta-llama/Llama-3.2-1B -> None requests
[2026-08-22 13:59:56.619 Model_Service_4] [PAPER-KV-V6] fetch meta-llama/Llama-3.2-1B -> None requests
[2026-08-22 13:59:56.629 Model_Service_4] [PAPER-KV-V6] fetch meta-llama/Llama-3.2-1B -> None requests
[2026-08-22 13:59:56.639 Model_Service_4] [PAPER-KV-V6] fetch meta-llama/Llama-3.2-1B -> None requests
[2026-08-22 13:59:56.650 Model_Service_4] [PAPER-KV-V6] fetch meta-llama/Llama-3.2-1B -> None requests
[2026-08-22 13:59:56.660 Model_Service_4] [PAPER-KV-V6] fetch meta-llama/Llama-3.2-1B -> None requests
[2026-08-22 13:59:56.670 Model_Service_4] [PAPER-KV-V6] fetch meta-llama/Llama-3.2-1B -> None requests
[2026-08-22 13:59:56.681 Model_Service_4] [PAPER-KV-V6] fetch meta-llama/Llama-3.2-1B -> None requests
[2026-08-22 13:59:56.691 Model_Service_4] [PAPER-KV-V6] fetch meta-llama/Llama-3.2-1B -> None requests
[2026-08-22 13:59:56.701 Model_Service_4] [PAPER-KV-V6] fetch meta-llama/Llama-3.2-1B -> None requests
[2026-08-22 13:59:56.711 Model_Service_4] [PAPER-KV-V6] fetch meta-llama/Llama-3.2-1B -> None requests
[2026-08-22 13:59:56.722 Model_Service_4] [PAPER-KV-V6] fetch meta-llama/Llama-3.2-1B -> None requests
[2026-08-22 13:59:56.732 Model_Service_4] [PAPER-KV-V6] fetch meta-llama/Llama-3.2-1B -> None requests
[2026-08-22 13:59:56.743 Model_Service_4] [PAPER-KV-V6] fetch meta-llama/Llama-3.2-1B -> None requests
[2026-08-22 13:59:56.753 Model_Service_4] [PAPER-KV-V6] fetch meta-llama/Llama-3.2-1B -> None requests
[2026-08-22 13:59:56.763 Model_Service_4] [PAPER-KV-V6] fetch meta-llama/Llama-3.2-1B -> None requests
[2026-08-22 13:59:56.774 Model_Service_4] [PAPER-KV-V6] fetch meta-llama/Llama-3.2-1B -> None requests
[2026-08-22 13:59:56.777 Model_Service_2] Model service 2 input queue is empty, waiting for next request
[2026-08-22 13:59:56.784 Model_Service_4] [PAPER-KV-V6] fetch meta-llama/Llama-3.2-1B -> None requests
[2026-08-22 13:59:56.794 Model_Service_4] [PAPER-KV-V6] fetch meta-llama/Llama-3.2-1B -> None requests
[2026-08-22 13:59:56.805 Model_Service_4] [PAPER-KV-V6] fetch meta-llama/Llama-3.2-1B -> None requests
[2026-08-22 13:59:56.815 Model_Service_4] [PAPER-KV-V6] fetch meta-llama/Llama-3.2-1B -> None requests
[2026-08-22 13:59:56.826 Model_Service_4] [PAPER-KV-V6] fetch meta-llama/Llama-3.2-1B -> None requests
[2026-08-22 13:59:56.836 Model_Service_4] [PAPER-KV-V6] fetch meta-llama/Llama-3.2-1B -> None requests
[2026-08-22 13:59:56.846 Model_Service_4] [PAPER-KV-V6] fetch meta-llama/Llama-3.2-1B -> None requests
[2026-08-22 13:59:56.857 Model_Service_4] [PAPER-KV-V6] fetch meta-llama/Llama-3.2-1B -> None requests
[2026-08-22 13:59:56.868 Model_Service_4] [PAPER-KV-V6] fetch meta-llama/Llama-3.2-1B -> None requests
[2026-08-22 13:59:56.878 Model_Service_4] [PAPER-KV-V6] fetch meta-llama/Llama-3.2-1B -> None requests
[2026-08-22 13:59:56.888 Model_Service_4] [PAPER-KV-V6] fetch meta-llama/Llama-3.2-1B -> None requests
[2026-08-22 13:59:56.899 Model_Service_4] [PAPER-KV-V6] fetch meta-llama/Llama-3.2-1B -> None requests
[2026-08-22 13:59:56.909 Model_Service_4] [PAPER-KV-V6] fetch meta-llama/Llama-3.2-1B -> None requests
[2026-08-22 13:59:56.919 Model_Service_4] [PAPER-KV-V6] fetch meta-llama/Llama-3.2-1B -> None requests
[2026-08-22 13:59:56.930 Model_Service_4] [PAPER-KV-V6] fetch meta-llama/Llama-3.2-1B -> None requests
[2026-08-22 13:59:56.940 Model_Service_4] [PAPER-KV-V6] fetch meta-llama/Llama-3.2-1B -> None requests
[2026-08-22 13:59:56.951 Model_Service_4] [PAPER-KV-V6] fetch meta-llama/Llama-3.2-1B -> None requests
[2026-08-22 13:59:56.961 Model_Service_4] [PAPER-KV-V6] fetch meta-llama/Llama-3.2-1B -> None requests
[2026-08-22 13:59:56.972 Model_Service_4] [PAPER-KV-V6] fetch meta-llama/Llama-3.2-1B -> None requests
[2026-08-22 13:59:56.982 Model_Service_4] [PAPER-KV-V6] fetch meta-llama/Llama-3.2-1B -> None requests
[2026-08-22 13:59:56.992 Model_Service_4] [PAPER-KV-V6] fetch meta-llama/Llama-3.2-1B -> None requests
[2026-08-22 13:59:57.003 Model_Service_4] [PAPER-KV-V6] fetch meta-llama/Llama-3.2-1B -> None requests
[2026-08-22 13:59:57.013 Model_Service_4] [PAPER-KV-V6] fetch meta-llama/Llama-3.2-1B -> None requests
[2026-08-22 13:59:57.023 Model_Service_4] [PAPER-KV-V6] fetch meta-llama/Llama-3.2-1B -> None requests
[2026-08-22 13:59:57.034 Model_Service_4] [PAPER-KV-V6] fetch meta-llama/Llama-3.2-1B -> None requests
[2026-08-22 13:59:57.044 Model_Service_4] [PAPER-KV-V6] fetch meta-llama/Llama-3.2-1B -> None requests
[2026-08-22 13:59:57.055 Model_Service_4] [PAPER-KV-V6] fetch meta-llama/Llama-3.2-1B -> None requests
[2026-08-22 13:59:57.065 Model_Service_4] [PAPER-KV-V6] fetch meta-llama/Llama-3.2-1B -> None requests
[2026-08-22 13:59:57.075 Model_Service_4] [PAPER-KV-V6] fetch meta-llama/Llama-3.2-1B -> None requests
[2026-08-22 13:59:57.086 Model_Service_4] [PAPER-KV-V6] fetch meta-llama/Llama-3.2-1B -> None requests
[2026-08-22 13:59:57.096 Model_Service_4] [PAPER-KV-V6] fetch meta-llama/Llama-3.2-1B -> None requests
[2026-08-22 13:59:57.106 Model_Service_4] [PAPER-KV-V6] fetch meta-llama/Llama-3.2-1B -> None requests
[2026-08-22 13:59:57.117 Model_Service_4] [PAPER-KV-V6] fetch meta-llama/Llama-3.2-1B -> None requests
[2026-08-22 13:59:57.127 Model_Service_4] [PAPER-KV-V6] fetch meta-llama/Llama-3.2-1B -> None requests
[2026-08-22 13:59:57.137 Model_Service_4] [PAPER-KV-V6] fetch meta-llama/Llama-3.2-1B -> None requests
[2026-08-22 13:59:57.147 Model_Service_4] [PAPER-KV-V6] fetch meta-llama/Llama-3.2-1B -> None requests
[2026-08-22 13:59:57.158 Model_Service_4] [PAPER-KV-V6] fetch meta-llama/Llama-3.2-1B -> None requests
[2026-08-22 13:59:57.168 Model_Service_4] [PAPER-KV-V6] fetch meta-llama/Llama-3.2-1B -> None requests
[2026-08-22 13:59:57.178 Model_Service_4] [PAPER-KV-V6] fetch meta-llama/Llama-3.2-1B -> None requests
[2026-08-22 13:59:57.189 Model_Service_4] [PAPER-KV-V6] fetch meta-llama/Llama-3.2-1B -> None requests
[2026-08-22 13:59:57.199 Model_Service_4] [PAPER-KV-V6] fetch meta-llama/Llama-3.2-1B -> None requests
[2026-08-22 13:59:57.210 Model_Service_4] [PAPER-KV-V6] fetch meta-llama/Llama-3.2-1B -> None requests
[2026-08-22 13:59:57.220 Model_Service_4] [PAPER-KV-V6] fetch meta-llama/Llama-3.2-1B -> None requests
[2026-08-22 13:59:57.230 Model_Service_4] [PAPER-KV-V6] fetch meta-llama/Llama-3.2-1B -> None requests
[2026-08-22 13:59:57.241 Model_Service_4] [PAPER-KV-V6] fetch meta-llama/Llama-3.2-1B -> None requests
[2026-08-22 13:59:57.251 Model_Service_4] [PAPER-KV-V6] fetch meta-llama/Llama-3.2-1B -> None requests
[2026-08-22 13:59:57.261 Model_Service_4] [PAPER-KV-V6] fetch meta-llama/Llama-3.2-1B -> None requests
[2026-08-22 13:59:57.272 Model_Service_4] [PAPER-KV-V6] fetch meta-llama/Llama-3.2-1B -> None requests
[2026-08-22 13:59:57.282 Model_Service_4] [PAPER-KV-V6] fetch meta-llama/Llama-3.2-1B -> None requests
[2026-08-22 13:59:57.292 Model_Service_4] [PAPER-KV-V6] fetch meta-llama/Llama-3.2-1B -> None requests
[2026-08-22 13:59:57.303 Model_Service_4] [PAPER-KV-V6] fetch meta-llama/Llama-3.2-1B -> None requests
[2026-08-22 13:59:57.313 Model_Service_1] [PAPER-LOAD-V4] {"tag": "Qwen/Qwen2.5-3B-Instruct|engine=0_1|src=None", "start_time": 1787407196.2064805, "end_time": 1787407197.3128936, "policy": "paper", "split": 2, "pipeline_depth": null, "target_gpu": 0, "gpu_ids": [0, 1], "source": "cpu", "host_registered": true, "slices": 510, "payload_bytes": 6794207232, "bytes_h2d_direct": 3397103616, "bytes_h2d_helper": 3397103616, "bytes_p2p": 3397103616, "seconds": 1.106411905027926, "payload_gbps": 6.140757525406881, "transfer_path": "host-to-device + helper-gpu-p2p"}
[2026-08-22 13:59:57.313 Model_Service_4] [PAPER-KV-V6] fetch meta-llama/Llama-3.2-1B -> None requests
[2026-08-22 13:59:57.316 Model_Service_1] Time taken to copy model to GPU 0, service 1, engine 0_1, model Qwen/Qwen2.5-3B-Instruct: 1.1140 seconds
[2026-08-22 13:59:57.323 Model_Service_4] [PAPER-KV-V6] fetch meta-llama/Llama-3.2-1B -> None requests
[2026-08-22 13:59:57.334 Model_Service_4] [PAPER-KV-V6] fetch meta-llama/Llama-3.2-1B -> None requests
[2026-08-22 13:59:57.345 Model_Service_4] [PAPER-KV-V6] fetch meta-llama/Llama-3.2-1B -> None requests
[2026-08-22 13:59:57.356 Model_Service_4] [PAPER-KV-V6] fetch meta-llama/Llama-3.2-1B -> None requests
[2026-08-22 13:59:57.366 Model_Service_4] [PAPER-KV-V6] fetch meta-llama/Llama-3.2-1B -> None requests
[2026-08-22 13:59:57.377 Model_Service_4] [PAPER-KV-V6] fetch meta-llama/Llama-3.2-1B -> None requests
[2026-08-22 13:59:57.388 Model_Service_4] [PAPER-KV-V6] fetch meta-llama/Llama-3.2-1B -> None requests
[2026-08-22 13:59:57.398 Model_Service_4] [PAPER-KV-V6] fetch meta-llama/Llama-3.2-1B -> None requests
[2026-08-22 13:59:57.409 Model_Service_4] [PAPER-KV-V6] fetch meta-llama/Llama-3.2-1B -> None requests
[2026-08-22 13:59:57.420 Model_Service_4] [PAPER-KV-V6] fetch meta-llama/Llama-3.2-1B -> None requests
[2026-08-22 13:59:57.431 Model_Service_4] [PAPER-KV-V6] fetch meta-llama/Llama-3.2-1B -> None requests
[2026-08-22 13:59:57.441 Model_Service_4] [PAPER-KV-V6] fetch meta-llama/Llama-3.2-1B -> None requests
[2026-08-22 13:59:57.452 Model_Service_4] [PAPER-KV-V6] fetch meta-llama/Llama-3.2-1B -> None requests
[2026-08-22 13:59:57.463 Model_Service_4] [PAPER-KV-V6] fetch meta-llama/Llama-3.2-1B -> None requests
[2026-08-22 13:59:57.473 Model_Service_4] [PAPER-KV-V6] fetch meta-llama/Llama-3.2-1B -> None requests
[2026-08-22 13:59:57.484 Model_Service_4] [PAPER-KV-V6] fetch meta-llama/Llama-3.2-1B -> None requests
[2026-08-22 13:59:57.494 Model_Service_4] [PAPER-KV-V6] fetch meta-llama/Llama-3.2-1B -> None requests
[2026-08-22 13:59:57.505 Model_Service_4] [PAPER-KV-V6] fetch meta-llama/Llama-3.2-1B -> None requests
[2026-08-22 13:59:57.515 Model_Service_4] [PAPER-KV-V6] fetch meta-llama/Llama-3.2-1B -> None requests
[2026-08-22 13:59:57.526 Model_Service_4] [PAPER-KV-V6] fetch meta-llama/Llama-3.2-1B -> None requests
[2026-08-22 13:59:57.536 Model_Service_4] [PAPER-KV-V6] fetch meta-llama/Llama-3.2-1B -> None requests
[2026-08-22 13:59:57.547 Model_Service_4] [PAPER-KV-V6] fetch meta-llama/Llama-3.2-1B -> None requests
[2026-08-22 13:59:57.557 Model_Service_4] [PAPER-KV-V6] fetch meta-llama/Llama-3.2-1B -> None requests
[2026-08-22 13:59:57.567 Model_Service_4] [PAPER-KV-V6] fetch meta-llama/Llama-3.2-1B -> None requests
[2026-08-22 13:59:57.578 Model_Service_4] [PAPER-KV-V6] fetch meta-llama/Llama-3.2-1B -> None requests
[2026-08-22 13:59:57.589 Model_Service_4] [PAPER-KV-V6] fetch meta-llama/Llama-3.2-1B -> None requests
[2026-08-22 13:59:57.599 Model_Service_4] [PAPER-KV-V6] fetch meta-llama/Llama-3.2-1B -> None requests
[2026-08-22 13:59:57.610 Model_Service_4] [PAPER-KV-V6] fetch meta-llama/Llama-3.2-1B -> None requests
[2026-08-22 13:59:57.620 Model_Service_4] [PAPER-KV-V6] fetch meta-llama/Llama-3.2-1B -> None requests
[2026-08-22 13:59:57.631 Model_Service_4] [PAPER-KV-V6] fetch meta-llama/Llama-3.2-1B -> None requests
[2026-08-22 13:59:57.641 Model_Service_4] [PAPER-KV-V6] fetch meta-llama/Llama-3.2-1B -> None requests
[2026-08-22 13:59:57.652 Model_Service_4] [PAPER-KV-V6] fetch meta-llama/Llama-3.2-1B -> None requests
[2026-08-22 13:59:57.662 Model_Service_4] [PAPER-KV-V6] fetch meta-llama/Llama-3.2-1B -> None requests
[2026-08-22 13:59:57.672 Model_Service_4] [PAPER-KV-V6] fetch meta-llama/Llama-3.2-1B -> None requests
[2026-08-22 13:59:57.683 Model_Service_4] [PAPER-KV-V6] fetch meta-llama/Llama-3.2-1B -> None requests
[2026-08-22 13:59:57.693 Model_Service_4] [PAPER-KV-V6] fetch meta-llama/Llama-3.2-1B -> None requests
[2026-08-22 13:59:57.703 Model_Service_4] [PAPER-KV-V6] fetch meta-llama/Llama-3.2-1B -> None requests
[2026-08-22 13:59:57.713 Model_Service_4] [PAPER-KV-V6] fetch meta-llama/Llama-3.2-1B -> None requests
[2026-08-22 13:59:57.724 Model_Service_4] [PAPER-KV-V6] fetch meta-llama/Llama-3.2-1B -> None requests
[2026-08-22 13:59:57.734 Model_Service_4] [PAPER-KV-V6] fetch meta-llama/Llama-3.2-1B -> None requests
[2026-08-22 13:59:57.744 Model_Service_4] [PAPER-KV-V6] fetch meta-llama/Llama-3.2-1B -> None requests
[2026-08-22 13:59:57.755 Model_Service_4] [PAPER-KV-V6] fetch meta-llama/Llama-3.2-1B -> None requests
[2026-08-22 13:59:57.765 Model_Service_4] [PAPER-KV-V6] fetch meta-llama/Llama-3.2-1B -> None requests
[2026-08-22 13:59:57.775 Model_Service_4] [PAPER-KV-V6] fetch meta-llama/Llama-3.2-1B -> None requests
[2026-08-22 13:59:57.786 Model_Service_4] [PAPER-KV-V6] fetch meta-llama/Llama-3.2-1B -> None requests
[2026-08-22 13:59:57.796 Model_Service_4] [PAPER-KV-V6] fetch meta-llama/Llama-3.2-1B -> None requests
[2026-08-22 13:59:57.806 Model_Service_4] [PAPER-KV-V6] fetch meta-llama/Llama-3.2-1B -> None requests
[2026-08-22 13:59:57.817 Model_Service_4] [PAPER-KV-V6] fetch meta-llama/Llama-3.2-1B -> None requests
[2026-08-22 13:59:57.827 Model_Service_4] [PAPER-KV-V6] fetch meta-llama/Llama-3.2-1B -> None requests
[2026-08-22 13:59:57.837 Model_Service_4] [PAPER-KV-V6] fetch meta-llama/Llama-3.2-1B -> None requests
[2026-08-22 13:59:57.848 Model_Service_4] [PAPER-KV-V6] fetch meta-llama/Llama-3.2-1B -> None requests
[2026-08-22 13:59:57.858 Model_Service_4] [PAPER-KV-V6] fetch meta-llama/Llama-3.2-1B -> None requests
[2026-08-22 13:59:57.868 Model_Service_4] [PAPER-KV-V6] fetch meta-llama/Llama-3.2-1B -> None requests
[2026-08-22 13:59:57.879 Model_Service_4] [PAPER-KV-V6] fetch meta-llama/Llama-3.2-1B -> None requests
[2026-08-22 13:59:57.889 Model_Service_4] [PAPER-KV-V6] fetch meta-llama/Llama-3.2-1B -> None requests
[2026-08-22 13:59:57.899 Model_Service_4] [PAPER-KV-V6] fetch meta-llama/Llama-3.2-1B -> None requests
[2026-08-22 13:59:57.909 Model_Service_4] [PAPER-KV-V6] fetch meta-llama/Llama-3.2-1B -> None requests
[2026-08-22 13:59:57.920 Model_Service_4] [PAPER-KV-V6] fetch meta-llama/Llama-3.2-1B -> None requests
[2026-08-22 13:59:57.930 Model_Service_4] [PAPER-KV-V6] fetch meta-llama/Llama-3.2-1B -> None requests
[2026-08-22 13:59:57.940 Model_Service_4] [PAPER-KV-V6] fetch meta-llama/Llama-3.2-1B -> None requests
[2026-08-22 13:59:57.951 Model_Service_4] [PAPER-KV-V6] fetch meta-llama/Llama-3.2-1B -> None requests
[2026-08-22 13:59:57.961 Model_Service_4] [PAPER-KV-V6] fetch meta-llama/Llama-3.2-1B -> None requests
[2026-08-22 13:59:57.971 Model_Service_4] [PAPER-KV-V6] fetch meta-llama/Llama-3.2-1B -> None requests
[2026-08-22 13:59:57.981 Model_Service_4] [PAPER-KV-V6] fetch meta-llama/Llama-3.2-1B -> None requests
[2026-08-22 13:59:57.992 Model_Service_4] [PAPER-KV-V6] fetch meta-llama/Llama-3.2-1B -> None requests
[2026-08-22 13:59:58.002 Model_Service_4] [PAPER-KV-V6] fetch meta-llama/Llama-3.2-1B -> None requests
[2026-08-22 13:59:58.013 Model_Service_4] [PAPER-KV-V6] fetch meta-llama/Llama-3.2-1B -> None requests
[2026-08-22 13:59:58.023 Model_Service_4] [PAPER-KV-V6] fetch meta-llama/Llama-3.2-1B -> None requests
[2026-08-22 13:59:58.033 Model_Service_4] [PAPER-KV-V6] fetch meta-llama/Llama-3.2-1B -> None requests
[2026-08-22 13:59:58.044 Model_Service_4] [PAPER-KV-V6] fetch meta-llama/Llama-3.2-1B -> None requests
[2026-08-22 13:59:58.054 Model_Service_4] [PAPER-KV-V6] fetch meta-llama/Llama-3.2-1B -> None requests
[2026-08-22 13:59:58.065 Model_Service_4] [PAPER-KV-V6] fetch meta-llama/Llama-3.2-1B -> None requests
[2026-08-22 13:59:58.075 Model_Service_4] [PAPER-KV-V6] fetch meta-llama/Llama-3.2-1B -> None requests
[2026-08-22 13:59:58.085 Model_Service_4] [PAPER-KV-V6] fetch meta-llama/Llama-3.2-1B -> None requests
[2026-08-22 13:59:58.095 Model_Service_4] [PAPER-KV-V6] fetch meta-llama/Llama-3.2-1B -> None requests
[2026-08-22 13:59:58.106 Model_Service_4] [PAPER-KV-V6] fetch meta-llama/Llama-3.2-1B -> None requests
[2026-08-22 13:59:58.116 Model_Service_4] [PAPER-KV-V6] fetch meta-llama/Llama-3.2-1B -> None requests
[2026-08-22 13:59:58.126 Model_Service_4] [PAPER-KV-V6] fetch meta-llama/Llama-3.2-1B -> None requests
[2026-08-22 13:59:58.137 Model_Service_4] [PAPER-KV-V6] fetch meta-llama/Llama-3.2-1B -> None requests
[2026-08-22 13:59:58.147 Model_Service_4] [PAPER-KV-V6] fetch meta-llama/Llama-3.2-1B -> None requests
[2026-08-22 13:59:58.157 Model_Service_4] [PAPER-KV-V6] fetch meta-llama/Llama-3.2-1B -> None requests
[2026-08-22 13:59:58.168 Model_Service_4] [PAPER-KV-V6] fetch meta-llama/Llama-3.2-1B -> None requests
[2026-08-22 13:59:58.178 Model_Service_4] [PAPER-KV-V6] fetch meta-llama/Llama-3.2-1B -> None requests
[2026-08-22 13:59:58.188 Model_Service_4] [PAPER-KV-V6] fetch meta-llama/Llama-3.2-1B -> None requests
[2026-08-22 13:59:58.199 Model_Service_4] [PAPER-KV-V6] fetch meta-llama/Llama-3.2-1B -> None requests
[2026-08-22 13:59:58.209 Model_Service_4] [PAPER-KV-V6] fetch meta-llama/Llama-3.2-1B -> None requests
[2026-08-22 13:59:58.219 Model_Service_4] [PAPER-KV-V6] fetch meta-llama/Llama-3.2-1B -> None requests
[2026-08-22 13:59:58.221 Model_Service_3] [PAPER-LOAD-V4] {"tag": "meta-llama/Llama-3.1-8B|engine=0_2|src=None", "start_time": 1787407196.2314558, "end_time": 1787407198.2215133, "policy": "paper", "split": 2, "pipeline_depth": null, "target_gpu": 0, "gpu_ids": [0, 1], "source": "cpu", "host_registered": true, "slices": 390, "payload_bytes": 16060522496, "bytes_h2d_direct": 8030261248, "bytes_h2d_helper": 8030261248, "bytes_p2p": 8030261248, "seconds": 1.9900541841052473, "payload_gbps": 8.070394577332078, "transfer_path": "host-to-device + helper-gpu-p2p"}
[2026-08-22 13:59:58.224 Model_Service_3] Time taken to copy model to GPU 0, service 3, engine 0_2, model meta-llama/Llama-3.1-8B: 1.9962 seconds
[2026-08-22 13:59:58.229 Model_Service_4] [PAPER-KV-V6] fetch meta-llama/Llama-3.2-1B -> None requests
[2026-08-22 13:59:58.240 Model_Service_4] [PAPER-KV-V6] fetch meta-llama/Llama-3.2-1B -> None requests
[2026-08-22 13:59:58.250 Model_Service_4] [PAPER-KV-V6] fetch meta-llama/Llama-3.2-1B -> None requests
[2026-08-22 13:59:58.260 Model_Service_4] [PAPER-KV-V6] fetch meta-llama/Llama-3.2-1B -> None requests
[2026-08-22 13:59:58.271 Model_Service_4] [PAPER-KV-V6] fetch meta-llama/Llama-3.2-1B -> None requests
[2026-08-22 13:59:58.281 Model_Service_4] [PAPER-KV-V6] fetch meta-llama/Llama-3.2-1B -> None requests
[2026-08-22 13:59:58.291 Model_Service_4] [PAPER-KV-V6] fetch meta-llama/Llama-3.2-1B -> None requests
[2026-08-22 13:59:58.302 Model_Service_4] [PAPER-KV-V6] fetch meta-llama/Llama-3.2-1B -> None requests
[2026-08-22 13:59:58.312 Model_Service_4] [PAPER-KV-V6] fetch meta-llama/Llama-3.2-1B -> None requests
[2026-08-22 13:59:58.322 Model_Service_4] [PAPER-KV-V6] fetch meta-llama/Llama-3.2-1B -> None requests
[2026-08-22 13:59:58.333 Model_Service_4] [PAPER-KV-V6] fetch meta-llama/Llama-3.2-1B -> None requests
[2026-08-22 13:59:58.343 Model_Service_4] [PAPER-KV-V6] fetch meta-llama/Llama-3.2-1B -> None requests
[2026-08-22 13:59:58.353 Model_Service_4] [PAPER-KV-V6] fetch meta-llama/Llama-3.2-1B -> None requests
[2026-08-22 13:59:58.364 Model_Service_4] [PAPER-KV-V6] fetch meta-llama/Llama-3.2-1B -> None requests
[2026-08-22 13:59:58.374 Model_Service_4] [PAPER-KV-V6] fetch meta-llama/Llama-3.2-1B -> None requests
[2026-08-22 13:59:58.385 Model_Service_4] [PAPER-KV-V6] fetch meta-llama/Llama-3.2-1B -> None requests
[2026-08-22 13:59:58.395 Model_Service_4] [PAPER-KV-V6] fetch meta-llama/Llama-3.2-1B -> None requests
[2026-08-22 13:59:58.405 Model_Service_4] [PAPER-KV-V6] fetch meta-llama/Llama-3.2-1B -> None requests
[2026-08-22 13:59:58.416 Model_Service_4] [PAPER-KV-V6] fetch meta-llama/Llama-3.2-1B -> None requests
[2026-08-22 13:59:58.426 Model_Service_4] [PAPER-KV-V6] fetch meta-llama/Llama-3.2-1B -> None requests
[2026-08-22 13:59:58.436 Model_Service_4] [PAPER-KV-V6] fetch meta-llama/Llama-3.2-1B -> None requests
[2026-08-22 13:59:58.447 Model_Service_4] [PAPER-KV-V6] fetch meta-llama/Llama-3.2-1B -> None requests
[2026-08-22 13:59:58.457 Model_Service_4] [PAPER-KV-V6] fetch meta-llama/Llama-3.2-1B -> None requests
[2026-08-22 13:59:58.467 Model_Service_4] [PAPER-KV-V6] fetch meta-llama/Llama-3.2-1B -> None requests
[2026-08-22 13:59:58.478 Model_Service_4] [PAPER-KV-V6] fetch meta-llama/Llama-3.2-1B -> None requests
[2026-08-22 13:59:58.488 Model_Service_4] [PAPER-KV-V6] fetch meta-llama/Llama-3.2-1B -> None requests
[2026-08-22 13:59:58.499 Model_Service_4] [PAPER-KV-V6] fetch meta-llama/Llama-3.2-1B -> None requests
[2026-08-22 13:59:58.509 Model_Service_4] [PAPER-KV-V6] fetch meta-llama/Llama-3.2-1B -> None requests
[2026-08-22 13:59:58.520 Model_Service_4] [PAPER-KV-V6] fetch meta-llama/Llama-3.2-1B -> None requests
[2026-08-22 13:59:58.530 Model_Service_4] [PAPER-KV-V6] fetch meta-llama/Llama-3.2-1B -> None requests
[2026-08-22 13:59:58.541 Model_Service_4] [PAPER-KV-V6] fetch meta-llama/Llama-3.2-1B -> None requests
[2026-08-22 13:59:58.551 Model_Service_4] [PAPER-KV-V6] fetch meta-llama/Llama-3.2-1B -> None requests
[2026-08-22 13:59:58.561 Model_Service_4] [PAPER-KV-V6] fetch meta-llama/Llama-3.2-1B -> None requests
[2026-08-22 13:59:58.572 Model_Service_4] [PAPER-KV-V6] fetch meta-llama/Llama-3.2-1B -> None requests
[2026-08-22 13:59:58.582 Model_Service_4] [PAPER-KV-V6] fetch meta-llama/Llama-3.2-1B -> None requests
[2026-08-22 13:59:58.592 Model_Service_4] [PAPER-KV-V6] fetch meta-llama/Llama-3.2-1B -> None requests
[2026-08-22 13:59:58.603 Model_Service_4] [PAPER-KV-V6] fetch meta-llama/Llama-3.2-1B -> None requests
[2026-08-22 13:59:58.613 Model_Service_4] [PAPER-KV-V6] fetch meta-llama/Llama-3.2-1B -> None requests
[2026-08-22 13:59:58.623 Model_Service_4] [PAPER-KV-V6] fetch meta-llama/Llama-3.2-1B -> None requests
[2026-08-22 13:59:58.633 Model_Service_4] [PAPER-KV-V6] fetch meta-llama/Llama-3.2-1B -> None requests
[2026-08-22 13:59:58.644 Model_Service_4] [PAPER-KV-V6] fetch meta-llama/Llama-3.2-1B -> None requests
[2026-08-22 13:59:58.654 Model_Service_4] [PAPER-KV-V6] fetch meta-llama/Llama-3.2-1B -> None requests
[2026-08-22 13:59:58.664 Model_Service_4] [PAPER-KV-V6] fetch meta-llama/Llama-3.2-1B -> None requests
[2026-08-22 13:59:58.674 Model_Service_4] [PAPER-KV-V6] fetch meta-llama/Llama-3.2-1B -> None requests
[2026-08-22 13:59:58.685 Model_Service_4] [PAPER-KV-V6] fetch meta-llama/Llama-3.2-1B -> None requests
[2026-08-22 13:59:58.695 Model_Service_4] [PAPER-KV-V6] fetch meta-llama/Llama-3.2-1B -> None requests
[2026-08-22 13:59:58.705 Model_Service_4] [PAPER-KV-V6] fetch meta-llama/Llama-3.2-1B -> None requests
[2026-08-22 13:59:58.716 Model_Service_4] [PAPER-KV-V6] fetch meta-llama/Llama-3.2-1B -> None requests
[2026-08-22 13:59:58.726 Model_Service_4] [PAPER-KV-V6] fetch meta-llama/Llama-3.2-1B -> None requests
[2026-08-22 13:59:58.736 Model_Service_4] [PAPER-KV-V6] fetch meta-llama/Llama-3.2-1B -> None requests
[2026-08-22 13:59:58.746 Model_Service_4] [PAPER-KV-V6] fetch meta-llama/Llama-3.2-1B -> None requests
[2026-08-22 13:59:58.757 Model_Service_4] [PAPER-KV-V6] fetch meta-llama/Llama-3.2-1B -> None requests
[2026-08-22 13:59:58.767 Model_Service_4] [PAPER-KV-V6] fetch meta-llama/Llama-3.2-1B -> None requests
[2026-08-22 13:59:58.777 Model_Service_4] [PAPER-KV-V6] fetch meta-llama/Llama-3.2-1B -> None requests
[2026-08-22 13:59:58.787 Model_Service_4] [PAPER-KV-V6] fetch meta-llama/Llama-3.2-1B -> None requests
[2026-08-22 13:59:58.798 Model_Service_4] [PAPER-KV-V6] fetch meta-llama/Llama-3.2-1B -> None requests
[2026-08-22 13:59:58.809 Model_Service_4] [PAPER-KV-V6] fetch meta-llama/Llama-3.2-1B -> None requests
[2026-08-22 13:59:58.819 Model_Service_4] [PAPER-KV-V6] fetch meta-llama/Llama-3.2-1B -> None requests
[2026-08-22 13:59:58.829 Model_Service_4] [PAPER-KV-V6] fetch meta-llama/Llama-3.2-1B -> None requests
[2026-08-22 13:59:58.839 Model_Service_4] [PAPER-KV-V6] fetch meta-llama/Llama-3.2-1B -> None requests
[2026-08-22 13:59:58.850 Model_Service_4] [PAPER-KV-V6] fetch meta-llama/Llama-3.2-1B -> None requests
[2026-08-22 13:59:58.860 Model_Service_4] [PAPER-KV-V6] fetch meta-llama/Llama-3.2-1B -> None requests
[2026-08-22 13:59:58.870 Model_Service_4] [PAPER-KV-V6] fetch meta-llama/Llama-3.2-1B -> None requests
[2026-08-22 13:59:58.880 Model_Service_4] [PAPER-KV-V6] fetch meta-llama/Llama-3.2-1B -> None requests
[2026-08-22 13:59:58.891 Model_Service_4] [PAPER-KV-V6] fetch meta-llama/Llama-3.2-1B -> None requests
[2026-08-22 13:59:58.901 Model_Service_4] [PAPER-KV-V6] fetch meta-llama/Llama-3.2-1B -> None requests
[2026-08-22 13:59:58.911 Model_Service_4] [PAPER-KV-V6] fetch meta-llama/Llama-3.2-1B -> None requests
[2026-08-22 13:59:58.922 Model_Service_4] [PAPER-KV-V6] fetch meta-llama/Llama-3.2-1B -> None requests
[2026-08-22 13:59:58.932 Model_Service_4] [PAPER-KV-V6] fetch meta-llama/Llama-3.2-1B -> None requests
[2026-08-22 13:59:58.942 Model_Service_4] [PAPER-KV-V6] fetch meta-llama/Llama-3.2-1B -> None requests
[2026-08-22 13:59:58.952 Model_Service_4] [PAPER-KV-V6] fetch meta-llama/Llama-3.2-1B -> None requests
[2026-08-22 13:59:58.963 Model_Service_4] [PAPER-KV-V6] fetch meta-llama/Llama-3.2-1B -> None requests
[2026-08-22 13:59:58.973 Model_Service_4] [PAPER-KV-V6] fetch meta-llama/Llama-3.2-1B -> None requests
[2026-08-22 13:59:58.983 Model_Service_4] [PAPER-KV-V6] fetch meta-llama/Llama-3.2-1B -> None requests
[2026-08-22 13:59:58.993 Model_Service_4] [PAPER-KV-V6] fetch meta-llama/Llama-3.2-1B -> None requests
[2026-08-22 13:59:59.004 Model_Service_4] [PAPER-KV-V6] fetch meta-llama/Llama-3.2-1B -> None requests
[2026-08-22 13:59:59.014 Model_Service_4] [PAPER-KV-V6] fetch meta-llama/Llama-3.2-1B -> None requests
[2026-08-22 13:59:59.024 Model_Service_4] [PAPER-KV-V6] fetch meta-llama/Llama-3.2-1B -> None requests
[2026-08-22 13:59:59.035 Model_Service_4] [PAPER-KV-V6] fetch meta-llama/Llama-3.2-1B -> None requests
[2026-08-22 13:59:59.045 Model_Service_4] [PAPER-KV-V6] fetch meta-llama/Llama-3.2-1B -> None requests
[2026-08-22 13:59:59.055 Model_Service_4] [PAPER-KV-V6] fetch meta-llama/Llama-3.2-1B -> None requests
[2026-08-22 13:59:59.065 Model_Service_4] [PAPER-KV-V6] fetch meta-llama/Llama-3.2-1B -> None requests
[2026-08-22 13:59:59.076 Model_Service_4] [PAPER-KV-V6] fetch meta-llama/Llama-3.2-1B -> None requests
[2026-08-22 13:59:59.086 Model_Service_4] [PAPER-KV-V6] fetch meta-llama/Llama-3.2-1B -> None requests
[2026-08-22 13:59:59.096 Model_Service_4] [PAPER-KV-V6] fetch meta-llama/Llama-3.2-1B -> None requests
[2026-08-22 13:59:59.107 Model_Service_4] [PAPER-KV-V6] fetch meta-llama/Llama-3.2-1B -> None requests
[2026-08-22 13:59:59.117 Model_Service_4] [PAPER-KV-V6] fetch meta-llama/Llama-3.2-1B -> None requests
[2026-08-22 13:59:59.127 Model_Service_4] [PAPER-KV-V6] fetch meta-llama/Llama-3.2-1B -> None requests
[2026-08-22 13:59:59.137 Model_Service_4] [PAPER-KV-V6] fetch meta-llama/Llama-3.2-1B -> None requests
[2026-08-22 13:59:59.148 Model_Service_4] [PAPER-KV-V6] fetch meta-llama/Llama-3.2-1B -> None requests
[2026-08-22 13:59:59.158 Model_Service_4] [PAPER-KV-V6] fetch meta-llama/Llama-3.2-1B -> None requests
[2026-08-22 13:59:59.168 Model_Service_4] [PAPER-KV-V6] fetch meta-llama/Llama-3.2-1B -> None requests
[2026-08-22 13:59:59.179 Model_Service_4] [PAPER-KV-V6] fetch meta-llama/Llama-3.2-1B -> None requests
[2026-08-22 13:59:59.189 Model_Service_4] [PAPER-KV-V6] fetch meta-llama/Llama-3.2-1B -> None requests
[2026-08-22 13:59:59.199 Model_Service_4] [PAPER-KV-V6] fetch meta-llama/Llama-3.2-1B -> None requests
[2026-08-22 13:59:59.209 Model_Service_4] [PAPER-KV-V6] fetch meta-llama/Llama-3.2-1B -> None requests
[2026-08-22 13:59:59.220 Model_Service_4] [PAPER-KV-V6] fetch meta-llama/Llama-3.2-1B -> None requests
[2026-08-22 13:59:59.230 Model_Service_4] [PAPER-KV-V6] fetch meta-llama/Llama-3.2-1B -> None requests
[2026-08-22 13:59:59.240 Model_Service_4] [PAPER-KV-V6] fetch meta-llama/Llama-3.2-1B -> None requests
[2026-08-22 13:59:59.250 Model_Service_4] [PAPER-KV-V6] fetch meta-llama/Llama-3.2-1B -> None requests
[2026-08-22 13:59:59.261 Model_Service_4] [PAPER-KV-V6] fetch meta-llama/Llama-3.2-1B -> None requests
[2026-08-22 13:59:59.271 Model_Service_4] [PAPER-KV-V6] fetch meta-llama/Llama-3.2-1B -> None requests
[2026-08-22 13:59:59.281 Model_Service_4] [PAPER-KV-V6] fetch meta-llama/Llama-3.2-1B -> None requests
[2026-08-22 13:59:59.292 Model_Service_4] [PAPER-KV-V6] fetch meta-llama/Llama-3.2-1B -> None requests
[2026-08-22 13:59:59.302 Model_Service_4] [PAPER-KV-V6] fetch meta-llama/Llama-3.2-1B -> None requests
[2026-08-22 13:59:59.312 Model_Service_4] [PAPER-KV-V6] fetch meta-llama/Llama-3.2-1B -> None requests
[2026-08-22 13:59:59.322 Model_Service_4] [PAPER-KV-V6] fetch meta-llama/Llama-3.2-1B -> None requests
[2026-08-22 13:59:59.333 Model_Service_4] [PAPER-KV-V6] fetch meta-llama/Llama-3.2-1B -> None requests
[2026-08-22 13:59:59.343 Model_Service_4] [PAPER-KV-V6] fetch meta-llama/Llama-3.2-1B -> None requests
[2026-08-22 13:59:59.353 Model_Service_4] [PAPER-KV-V6] fetch meta-llama/Llama-3.2-1B -> None requests
[2026-08-22 13:59:59.364 Model_Service_4] [PAPER-KV-V6] fetch meta-llama/Llama-3.2-1B -> None requests
[2026-08-22 13:59:59.374 Model_Service_4] [PAPER-KV-V6] fetch meta-llama/Llama-3.2-1B -> None requests
[2026-08-22 13:59:59.385 Model_Service_4] [PAPER-KV-V6] fetch meta-llama/Llama-3.2-1B -> None requests
[2026-08-22 13:59:59.395 Model_Service_4] [PAPER-KV-V6] fetch meta-llama/Llama-3.2-1B -> None requests
[2026-08-22 13:59:59.405 Model_Service_4] [PAPER-KV-V6] fetch meta-llama/Llama-3.2-1B -> None requests
[2026-08-22 13:59:59.415 Model_Service_4] [PAPER-KV-V6] fetch meta-llama/Llama-3.2-1B -> None requests
[2026-08-22 13:59:59.426 Model_Service_4] [PAPER-KV-V6] fetch meta-llama/Llama-3.2-1B -> None requests
[2026-08-22 13:59:59.436 Model_Service_4] [PAPER-KV-V6] fetch meta-llama/Llama-3.2-1B -> None requests
[2026-08-22 13:59:59.446 Model_Service_4] [PAPER-KV-V6] fetch meta-llama/Llama-3.2-1B -> None requests
[2026-08-22 13:59:59.456 Model_Service_4] [PAPER-KV-V6] fetch meta-llama/Llama-3.2-1B -> None requests
[2026-08-22 13:59:59.467 Model_Service_4] [PAPER-KV-V6] fetch meta-llama/Llama-3.2-1B -> None requests
[2026-08-22 13:59:59.477 Model_Service_4] [PAPER-KV-V6] fetch meta-llama/Llama-3.2-1B -> None requests
[2026-08-22 13:59:59.488 Model_Service_4] [PAPER-KV-V6] fetch meta-llama/Llama-3.2-1B -> None requests
[2026-08-22 13:59:59.498 Model_Service_4] [PAPER-KV-V6] fetch meta-llama/Llama-3.2-1B -> None requests
[2026-08-22 13:59:59.509 Model_Service_4] [PAPER-KV-V6] fetch meta-llama/Llama-3.2-1B -> None requests
[2026-08-22 13:59:59.519 Model_Service_4] [PAPER-KV-V6] fetch meta-llama/Llama-3.2-1B -> None requests
[2026-08-22 13:59:59.530 Model_Service_4] [PAPER-KV-V6] fetch meta-llama/Llama-3.2-1B -> None requests
[2026-08-22 13:59:59.541 Model_Service_4] [PAPER-KV-V6] fetch meta-llama/Llama-3.2-1B -> None requests
[2026-08-22 13:59:59.551 Model_Service_4] [PAPER-KV-V6] fetch meta-llama/Llama-3.2-1B -> None requests
[2026-08-22 13:59:59.562 Model_Service_4] [PAPER-KV-V6] fetch meta-llama/Llama-3.2-1B -> None requests
[2026-08-22 13:59:59.573 Model_Service_4] [PAPER-KV-V6] fetch meta-llama/Llama-3.2-1B -> None requests
[2026-08-22 13:59:59.583 Model_Service_4] [PAPER-KV-V6] fetch meta-llama/Llama-3.2-1B -> None requests
[2026-08-22 13:59:59.594 Model_Service_4] [PAPER-KV-V6] fetch meta-llama/Llama-3.2-1B -> None requests
[2026-08-22 13:59:59.605 Model_Service_4] [PAPER-KV-V6] fetch meta-llama/Llama-3.2-1B -> None requests
[2026-08-22 13:59:59.616 Model_Service_4] [PAPER-KV-V6] fetch meta-llama/Llama-3.2-1B -> None requests
[2026-08-22 13:59:59.626 Model_Service_4] [PAPER-KV-V6] fetch meta-llama/Llama-3.2-1B -> None requests
[2026-08-22 13:59:59.637 Model_Service_4] [PAPER-KV-V6] fetch meta-llama/Llama-3.2-1B -> None requests
[2026-08-22 13:59:59.647 Model_Service_4] [PAPER-KV-V6] fetch meta-llama/Llama-3.2-1B -> None requests
[2026-08-22 13:59:59.658 Model_Service_4] [PAPER-KV-V6] fetch meta-llama/Llama-3.2-1B -> None requests
[2026-08-22 13:59:59.669 Model_Service_4] [PAPER-KV-V6] fetch meta-llama/Llama-3.2-1B -> None requests
[2026-08-22 13:59:59.679 Model_Service_4] [PAPER-KV-V6] fetch meta-llama/Llama-3.2-1B -> None requests
[2026-08-22 13:59:59.690 Model_Service_4] [PAPER-KV-V6] fetch meta-llama/Llama-3.2-1B -> None requests
[2026-08-22 13:59:59.700 Model_Service_4] [PAPER-KV-V6] fetch meta-llama/Llama-3.2-1B -> None requests
[2026-08-22 13:59:59.711 Model_Service_4] [PAPER-KV-V6] fetch meta-llama/Llama-3.2-1B -> None requests
[2026-08-22 13:59:59.714 Model_Service_3] [PAPER-KV-V6] fetch meta-llama/Llama-3.1-8B -> None requests
[2026-08-22 13:59:59.716 Model_Service_1] [PAPER-KV-V6] fetch Qwen/Qwen2.5-3B-Instruct -> None requests
[2026-08-22 13:59:59.721 Model_Service_4] [PAPER-KV-V6] fetch meta-llama/Llama-3.2-1B -> None requests
[2026-08-22 13:59:59.725 Model_Service_3] [PAPER-KV-V6] fetch meta-llama/Llama-3.1-8B -> None requests
[2026-08-22 13:59:59.727 Model_Service_1] [PAPER-KV-V6] fetch Qwen/Qwen2.5-3B-Instruct -> None requests
[2026-08-22 13:59:59.732 Model_Service_4] [PAPER-KV-V6] fetch meta-llama/Llama-3.2-1B -> None requests
[2026-08-22 13:59:59.736 Model_Service_3] [PAPER-KV-V6] fetch meta-llama/Llama-3.1-8B -> None requests
[2026-08-22 13:59:59.738 Model_Service_1] [PAPER-KV-V6] fetch Qwen/Qwen2.5-3B-Instruct -> None requests
[2026-08-22 13:59:59.742 Model_Service_4] [PAPER-KV-V6] fetch meta-llama/Llama-3.2-1B -> None requests
[2026-08-22 13:59:59.746 Model_Service_3] [PAPER-KV-V6] fetch meta-llama/Llama-3.1-8B -> None requests
[2026-08-22 13:59:59.748 Model_Service_1] [PAPER-KV-V6] fetch Qwen/Qwen2.5-3B-Instruct -> None requests
[2026-08-22 13:59:59.753 Model_Service_4] [PAPER-KV-V6] fetch meta-llama/Llama-3.2-1B -> None requests
[2026-08-22 13:59:59.757 Model_Service_3] [PAPER-KV-V6] fetch meta-llama/Llama-3.1-8B -> None requests
[2026-08-22 13:59:59.759 Model_Service_1] [PAPER-KV-V6] fetch Qwen/Qwen2.5-3B-Instruct -> None requests
[2026-08-22 13:59:59.763 Model_Service_4] [PAPER-KV-V6] fetch meta-llama/Llama-3.2-1B -> None requests
[2026-08-22 13:59:59.768 Model_Service_3] [PAPER-KV-V6] fetch meta-llama/Llama-3.1-8B -> None requests
[2026-08-22 13:59:59.770 Model_Service_1] [PAPER-KV-V6] fetch Qwen/Qwen2.5-3B-Instruct -> None requests
[2026-08-22 13:59:59.774 Model_Service_4] [PAPER-KV-V6] fetch meta-llama/Llama-3.2-1B -> None requests
[2026-08-22 13:59:59.779 Model_Service_3] [PAPER-KV-V6] fetch meta-llama/Llama-3.1-8B -> None requests
[2026-08-22 13:59:59.780 Model_Service_1] [PAPER-KV-V6] fetch Qwen/Qwen2.5-3B-Instruct -> None requests
[2026-08-22 13:59:59.784 Model_Service_4] [PAPER-KV-V6] fetch meta-llama/Llama-3.2-1B -> None requests
[2026-08-22 13:59:59.789 Model_Service_3] [PAPER-KV-V6] fetch meta-llama/Llama-3.1-8B -> None requests
[2026-08-22 13:59:59.791 Model_Service_1] [PAPER-KV-V6] fetch Qwen/Qwen2.5-3B-Instruct -> None requests
[2026-08-22 13:59:59.795 Model_Service_4] [PAPER-KV-V6] fetch meta-llama/Llama-3.2-1B -> None requests
[2026-08-22 13:59:59.800 Model_Service_3] [PAPER-KV-V6] fetch meta-llama/Llama-3.1-8B -> None requests
[2026-08-22 13:59:59.801 Model_Service_1] [PAPER-KV-V6] fetch Qwen/Qwen2.5-3B-Instruct -> None requests
[2026-08-22 13:59:59.806 Model_Service_4] [PAPER-KV-V6] fetch meta-llama/Llama-3.2-1B -> None requests
[2026-08-22 13:59:59.811 Model_Service_3] [PAPER-KV-V6] fetch meta-llama/Llama-3.1-8B -> None requests
[2026-08-22 13:59:59.812 Model_Service_1] [PAPER-KV-V6] fetch Qwen/Qwen2.5-3B-Instruct -> None requests
[2026-08-22 13:59:59.816 Model_Service_4] [PAPER-KV-V6] fetch meta-llama/Llama-3.2-1B -> None requests
[2026-08-22 13:59:59.821 Model_Service_3] [PAPER-KV-V6] fetch meta-llama/Llama-3.1-8B -> None requests
[2026-08-22 13:59:59.823 Model_Service_1] [PAPER-KV-V6] fetch Qwen/Qwen2.5-3B-Instruct -> None requests
[2026-08-22 13:59:59.827 Model_Service_4] [PAPER-KV-V6] fetch meta-llama/Llama-3.2-1B -> None requests
[2026-08-22 13:59:59.832 Model_Service_3] [PAPER-KV-V6] fetch meta-llama/Llama-3.1-8B -> None requests
[2026-08-22 13:59:59.833 Model_Service_1] [PAPER-KV-V6] fetch Qwen/Qwen2.5-3B-Instruct -> None requests
[2026-08-22 13:59:59.838 Model_Service_4] [PAPER-KV-V6] fetch meta-llama/Llama-3.2-1B -> None requests
[2026-08-22 13:59:59.843 Model_Service_3] [PAPER-KV-V6] fetch meta-llama/Llama-3.1-8B -> None requests
[2026-08-22 13:59:59.844 Model_Service_1] [PAPER-KV-V6] fetch Qwen/Qwen2.5-3B-Instruct -> None requests
[2026-08-22 13:59:59.848 Model_Service_4] [PAPER-KV-V6] fetch meta-llama/Llama-3.2-1B -> None requests
[2026-08-22 13:59:59.853 Model_Service_3] [PAPER-KV-V6] fetch meta-llama/Llama-3.1-8B -> None requests
[2026-08-22 13:59:59.854 Model_Service_1] [PAPER-KV-V6] fetch Qwen/Qwen2.5-3B-Instruct -> None requests
[2026-08-22 13:59:59.859 Model_Service_4] [PAPER-KV-V6] fetch meta-llama/Llama-3.2-1B -> None requests
[2026-08-22 13:59:59.864 Model_Service_3] [PAPER-KV-V6] fetch meta-llama/Llama-3.1-8B -> None requests
[2026-08-22 13:59:59.865 Model_Service_1] [PAPER-KV-V6] fetch Qwen/Qwen2.5-3B-Instruct -> None requests
[2026-08-22 13:59:59.869 Model_Service_4] [PAPER-KV-V6] fetch meta-llama/Llama-3.2-1B -> None requests
[2026-08-22 13:59:59.875 Model_Service_3] [PAPER-KV-V6] fetch meta-llama/Llama-3.1-8B -> None requests
[2026-08-22 13:59:59.876 Model_Service_1] [PAPER-KV-V6] fetch Qwen/Qwen2.5-3B-Instruct -> None requests
[2026-08-22 13:59:59.880 Model_Service_4] [PAPER-KV-V6] fetch meta-llama/Llama-3.2-1B -> None requests
[2026-08-22 13:59:59.885 Model_Service_3] [PAPER-KV-V6] fetch meta-llama/Llama-3.1-8B -> None requests
[2026-08-22 13:59:59.886 Model_Service_1] [PAPER-KV-V6] fetch Qwen/Qwen2.5-3B-Instruct -> None requests
[2026-08-22 13:59:59.890 Model_Service_4] [PAPER-KV-V6] fetch meta-llama/Llama-3.2-1B -> None requests
[2026-08-22 13:59:59.896 Model_Service_3] [PAPER-KV-V6] fetch meta-llama/Llama-3.1-8B -> None requests
[2026-08-22 13:59:59.897 Model_Service_1] [PAPER-KV-V6] fetch Qwen/Qwen2.5-3B-Instruct -> None requests
[2026-08-22 13:59:59.901 Model_Service_4] [PAPER-KV-V6] fetch meta-llama/Llama-3.2-1B -> None requests
[2026-08-22 13:59:59.907 Model_Service_3] [PAPER-KV-V6] fetch meta-llama/Llama-3.1-8B -> None requests
[2026-08-22 13:59:59.908 Model_Service_1] [PAPER-KV-V6] fetch Qwen/Qwen2.5-3B-Instruct -> None requests
[2026-08-22 13:59:59.911 Model_Service_4] [PAPER-KV-V6] fetch meta-llama/Llama-3.2-1B -> None requests
[2026-08-22 13:59:59.917 Model_Service_3] [PAPER-KV-V6] fetch meta-llama/Llama-3.1-8B -> None requests
[2026-08-22 13:59:59.919 Model_Service_1] [PAPER-KV-V6] fetch Qwen/Qwen2.5-3B-Instruct -> None requests
[2026-08-22 13:59:59.922 Model_Service_4] [PAPER-KV-V6] fetch meta-llama/Llama-3.2-1B -> None requests
[2026-08-22 13:59:59.928 Model_Service_3] [PAPER-KV-V6] fetch meta-llama/Llama-3.1-8B -> None requests
[2026-08-22 13:59:59.929 Model_Service_1] [PAPER-KV-V6] fetch Qwen/Qwen2.5-3B-Instruct -> None requests
[2026-08-22 13:59:59.933 Model_Service_4] [PAPER-KV-V6] fetch meta-llama/Llama-3.2-1B -> None requests
[2026-08-22 13:59:59.939 Model_Service_3] [PAPER-KV-V6] fetch meta-llama/Llama-3.1-8B -> None requests
[2026-08-22 13:59:59.940 Model_Service_1] [PAPER-KV-V6] fetch Qwen/Qwen2.5-3B-Instruct -> None requests
[2026-08-22 13:59:59.943 Model_Service_4] [PAPER-KV-V6] fetch meta-llama/Llama-3.2-1B -> None requests
[2026-08-22 13:59:59.949 Model_Service_3] [PAPER-KV-V6] fetch meta-llama/Llama-3.1-8B -> None requests
[2026-08-22 13:59:59.951 Model_Service_1] [PAPER-KV-V6] fetch Qwen/Qwen2.5-3B-Instruct -> None requests
[2026-08-22 13:59:59.954 Model_Service_4] [PAPER-KV-V6] fetch meta-llama/Llama-3.2-1B -> None requests
[2026-08-22 13:59:59.960 Model_Service_3] [PAPER-KV-V6] fetch meta-llama/Llama-3.1-8B -> None requests
[2026-08-22 13:59:59.961 Model_Service_1] [PAPER-KV-V6] fetch Qwen/Qwen2.5-3B-Instruct -> None requests
[2026-08-22 13:59:59.964 Model_Service_4] [PAPER-KV-V6] fetch meta-llama/Llama-3.2-1B -> None requests
[2026-08-22 13:59:59.971 Model_Service_3] [PAPER-KV-V6] fetch meta-llama/Llama-3.1-8B -> None requests
[2026-08-22 13:59:59.972 Model_Service_1] [PAPER-KV-V6] fetch Qwen/Qwen2.5-3B-Instruct -> None requests
[2026-08-22 13:59:59.975 Model_Service_4] [PAPER-KV-V6] fetch meta-llama/Llama-3.2-1B -> None requests
[2026-08-22 13:59:59.981 Model_Service_3] [PAPER-KV-V6] fetch meta-llama/Llama-3.1-8B -> None requests
[2026-08-22 13:59:59.983 Model_Service_1] [PAPER-KV-V6] fetch Qwen/Qwen2.5-3B-Instruct -> None requests
[2026-08-22 13:59:59.985 Model_Service_4] [PAPER-KV-V6] fetch meta-llama/Llama-3.2-1B -> None requests
[2026-08-22 13:59:59.992 Model_Service_3] [PAPER-KV-V6] fetch meta-llama/Llama-3.1-8B -> None requests
[2026-08-22 13:59:59.993 Model_Service_1] [PAPER-KV-V6] fetch Qwen/Qwen2.5-3B-Instruct -> None requests
[2026-08-22 13:59:59.996 Model_Service_4] [PAPER-KV-V6] fetch meta-llama/Llama-3.2-1B -> None requests
[2026-08-22 14:00:00.003 Model_Service_3] [PAPER-KV-V6] fetch meta-llama/Llama-3.1-8B -> None requests
[2026-08-22 14:00:00.004 Model_Service_1] [PAPER-KV-V6] fetch Qwen/Qwen2.5-3B-Instruct -> None requests
[2026-08-22 14:00:00.006 Model_Service_4] [PAPER-KV-V6] fetch meta-llama/Llama-3.2-1B -> None requests
[2026-08-22 14:00:00.014 Model_Service_3] [PAPER-KV-V6] fetch meta-llama/Llama-3.1-8B -> None requests
[2026-08-22 14:00:00.015 Model_Service_1] [PAPER-KV-V6] fetch Qwen/Qwen2.5-3B-Instruct -> None requests
[2026-08-22 14:00:00.017 Model_Service_4] [PAPER-KV-V6] fetch meta-llama/Llama-3.2-1B -> None requests
[2026-08-22 14:00:00.024 Model_Service_3] [PAPER-KV-V6] fetch meta-llama/Llama-3.1-8B -> None requests
[2026-08-22 14:00:00.025 Model_Service_1] [PAPER-KV-V6] fetch Qwen/Qwen2.5-3B-Instruct -> None requests
[2026-08-22 14:00:00.027 Model_Service_4] [PAPER-KV-V6] fetch meta-llama/Llama-3.2-1B -> None requests
[2026-08-22 14:00:00.035 Model_Service_3] [PAPER-KV-V6] fetch meta-llama/Llama-3.1-8B -> None requests
[2026-08-22 14:00:00.036 Model_Service_1] [PAPER-KV-V6] fetch Qwen/Qwen2.5-3B-Instruct -> None requests
[2026-08-22 14:00:00.038 Model_Service_4] [PAPER-KV-V6] fetch meta-llama/Llama-3.2-1B -> None requests
[2026-08-22 14:00:00.046 Model_Service_3] [PAPER-KV-V6] fetch meta-llama/Llama-3.1-8B -> None requests
[2026-08-22 14:00:00.047 Model_Service_1] [PAPER-KV-V6] fetch Qwen/Qwen2.5-3B-Instruct -> None requests
[2026-08-22 14:00:00.048 Model_Service_4] [PAPER-KV-V6] fetch meta-llama/Llama-3.2-1B -> None requests
[2026-08-22 14:00:00.057 Model_Service_3] [PAPER-KV-V6] fetch meta-llama/Llama-3.1-8B -> None requests
[2026-08-22 14:00:00.057 Model_Service_1] [PAPER-KV-V6] fetch Qwen/Qwen2.5-3B-Instruct -> None requests
[2026-08-22 14:00:00.059 Model_Service_4] [PAPER-KV-V6] fetch meta-llama/Llama-3.2-1B -> None requests
[2026-08-22 14:00:00.067 Model_Service_3] [PAPER-KV-V6] fetch meta-llama/Llama-3.1-8B -> None requests
[2026-08-22 14:00:00.068 Model_Service_1] [PAPER-KV-V6] fetch Qwen/Qwen2.5-3B-Instruct -> None requests
[2026-08-22 14:00:00.070 Model_Service_4] [PAPER-KV-V6] fetch meta-llama/Llama-3.2-1B -> None requests
[2026-08-22 14:00:00.078 Model_Service_3] [PAPER-KV-V6] fetch meta-llama/Llama-3.1-8B -> None requests
[2026-08-22 14:00:00.079 Model_Service_1] [PAPER-KV-V6] fetch Qwen/Qwen2.5-3B-Instruct -> None requests
[2026-08-22 14:00:00.080 Model_Service_4] [PAPER-KV-V6] fetch meta-llama/Llama-3.2-1B -> None requests
[2026-08-22 14:00:00.089 Model_Service_3] [PAPER-KV-V6] fetch meta-llama/Llama-3.1-8B -> None requests
[2026-08-22 14:00:00.090 Model_Service_1] [PAPER-KV-V6] fetch Qwen/Qwen2.5-3B-Instruct -> None requests
[2026-08-22 14:00:00.091 Model_Service_4] [PAPER-KV-V6] fetch meta-llama/Llama-3.2-1B -> None requests
[2026-08-22 14:00:00.099 Model_Service_3] [PAPER-KV-V6] fetch meta-llama/Llama-3.1-8B -> None requests
[2026-08-22 14:00:00.101 Model_Service_1] [PAPER-KV-V6] fetch Qwen/Qwen2.5-3B-Instruct -> None requests
[2026-08-22 14:00:00.101 Model_Service_4] [PAPER-KV-V6] fetch meta-llama/Llama-3.2-1B -> None requests
[2026-08-22 14:00:00.110 Model_Service_3] [PAPER-KV-V6] fetch meta-llama/Llama-3.1-8B -> None requests
[2026-08-22 14:00:00.111 Model_Service_1] [PAPER-KV-V6] fetch Qwen/Qwen2.5-3B-Instruct -> None requests
[2026-08-22 14:00:00.112 Model_Service_4] [PAPER-KV-V6] fetch meta-llama/Llama-3.2-1B -> None requests
[2026-08-22 14:00:00.121 Model_Service_3] [PAPER-KV-V6] fetch meta-llama/Llama-3.1-8B -> None requests
[2026-08-22 14:00:00.122 Model_Service_1] [PAPER-KV-V6] fetch Qwen/Qwen2.5-3B-Instruct -> None requests
[2026-08-22 14:00:00.122 Model_Service_4] [PAPER-KV-V6] fetch meta-llama/Llama-3.2-1B -> None requests
[2026-08-22 14:00:00.131 Model_Service_3] [PAPER-KV-V6] fetch meta-llama/Llama-3.1-8B -> None requests
[2026-08-22 14:00:00.132 Model_Service_1] [PAPER-KV-V6] fetch Qwen/Qwen2.5-3B-Instruct -> None requests
[2026-08-22 14:00:00.133 Model_Service_4] [PAPER-KV-V6] fetch meta-llama/Llama-3.2-1B -> None requests
[2026-08-22 14:00:00.142 Model_Service_3] [PAPER-KV-V6] fetch meta-llama/Llama-3.1-8B -> None requests
[2026-08-22 14:00:00.143 Model_Service_1] [PAPER-KV-V6] fetch Qwen/Qwen2.5-3B-Instruct -> None requests
[2026-08-22 14:00:00.143 Model_Service_4] [PAPER-KV-V6] fetch meta-llama/Llama-3.2-1B -> None requests
[2026-08-22 14:00:00.153 Model_Service_3] [PAPER-KV-V6] fetch meta-llama/Llama-3.1-8B -> None requests
[2026-08-22 14:00:00.154 Model_Service_1] [PAPER-KV-V6] fetch Qwen/Qwen2.5-3B-Instruct -> None requests
[2026-08-22 14:00:00.154 Model_Service_4] [PAPER-KV-V6] fetch meta-llama/Llama-3.2-1B -> None requests
[2026-08-22 14:00:00.163 Model_Service_3] [PAPER-KV-V6] fetch meta-llama/Llama-3.1-8B -> None requests
[2026-08-22 14:00:00.172 Model_Service_4] [PAPER-KV-V6] fetch meta-llama/Llama-3.2-1B -> None requests
[2026-08-22 14:00:00.173 Model_Service_1] [PAPER-KV-V6] fetch Qwen/Qwen2.5-3B-Instruct -> None requests
[2026-08-22 14:00:00.174 Model_Service_3] [PAPER-KV-V6] fetch meta-llama/Llama-3.1-8B -> None requests
[2026-08-22 14:00:00.182 Model_Service_4] [PAPER-KV-V6] fetch meta-llama/Llama-3.2-1B -> None requests
[2026-08-22 14:00:00.184 Model_Service_1] [PAPER-KV-V6] fetch Qwen/Qwen2.5-3B-Instruct -> None requests
[2026-08-22 14:00:00.184 Model_Service_3] [PAPER-KV-V6] fetch meta-llama/Llama-3.1-8B -> None requests
[2026-08-22 14:00:00.193 Model_Service_4] [PAPER-KV-V6] fetch meta-llama/Llama-3.2-1B -> None requests
[2026-08-22 14:00:00.194 Model_Service_1] [PAPER-KV-V6] fetch Qwen/Qwen2.5-3B-Instruct -> None requests
[2026-08-22 14:00:00.194 Model_Service_3] [PAPER-KV-V6] fetch meta-llama/Llama-3.1-8B -> None requests
[2026-08-22 14:00:00.203 Model_Service_4] [PAPER-KV-V6] fetch meta-llama/Llama-3.2-1B -> None requests
[2026-08-22 14:00:00.204 Model_Service_1] [PAPER-KV-V6] fetch Qwen/Qwen2.5-3B-Instruct -> None requests
[2026-08-22 14:00:00.205 Model_Service_3] [PAPER-KV-V6] fetch meta-llama/Llama-3.1-8B -> None requests
[2026-08-22 14:00:00.213 Model_Service_4] [PAPER-KV-V6] fetch meta-llama/Llama-3.2-1B -> None requests
[2026-08-22 14:00:00.215 Model_Service_1] [PAPER-KV-V6] fetch Qwen/Qwen2.5-3B-Instruct -> None requests
[2026-08-22 14:00:00.215 Model_Service_3] [PAPER-KV-V6] fetch meta-llama/Llama-3.1-8B -> None requests
[2026-08-22 14:00:00.223 Model_Service_4] [PAPER-KV-V6] fetch meta-llama/Llama-3.2-1B -> None requests
[2026-08-22 14:00:00.225 Model_Service_1] [PAPER-KV-V6] fetch Qwen/Qwen2.5-3B-Instruct -> None requests
[2026-08-22 14:00:00.225 Model_Service_3] [PAPER-KV-V6] fetch meta-llama/Llama-3.1-8B -> None requests
[2026-08-22 14:00:00.234 Model_Service_4] [PAPER-KV-V6] fetch meta-llama/Llama-3.2-1B -> None requests
[2026-08-22 14:00:00.235 Model_Service_1] [PAPER-KV-V6] fetch Qwen/Qwen2.5-3B-Instruct -> None requests
[2026-08-22 14:00:00.235 Model_Service_3] [PAPER-KV-V6] fetch meta-llama/Llama-3.1-8B -> None requests
[2026-08-22 14:00:00.244 Model_Service_4] [PAPER-KV-V6] fetch meta-llama/Llama-3.2-1B -> None requests
[2026-08-22 14:00:00.245 Model_Service_1] [PAPER-KV-V6] fetch Qwen/Qwen2.5-3B-Instruct -> None requests
[2026-08-22 14:00:00.246 Model_Service_3] [PAPER-KV-V6] fetch meta-llama/Llama-3.1-8B -> None requests
[2026-08-22 14:00:00.254 Model_Service_4] [PAPER-KV-V6] fetch meta-llama/Llama-3.2-1B -> None requests
[2026-08-22 14:00:00.256 Model_Service_1] [PAPER-KV-V6] fetch Qwen/Qwen2.5-3B-Instruct -> None requests
[2026-08-22 14:00:00.256 Model_Service_3] [PAPER-KV-V6] fetch meta-llama/Llama-3.1-8B -> None requests
[2026-08-22 14:00:00.264 Model_Service_4] [PAPER-KV-V6] fetch meta-llama/Llama-3.2-1B -> None requests
[2026-08-22 14:00:00.266 Model_Service_1] [PAPER-KV-V6] fetch Qwen/Qwen2.5-3B-Instruct -> None requests
[2026-08-22 14:00:00.266 Model_Service_3] [PAPER-KV-V6] fetch meta-llama/Llama-3.1-8B -> None requests
[2026-08-22 14:00:00.275 Model_Service_4] [PAPER-KV-V6] fetch meta-llama/Llama-3.2-1B -> None requests
[2026-08-22 14:00:00.276 Model_Service_1] [PAPER-KV-V6] fetch Qwen/Qwen2.5-3B-Instruct -> None requests
[2026-08-22 14:00:00.276 Model_Service_3] [PAPER-KV-V6] fetch meta-llama/Llama-3.1-8B -> None requests
[2026-08-22 14:00:00.285 Model_Service_4] [PAPER-KV-V6] fetch meta-llama/Llama-3.2-1B -> None requests
[2026-08-22 14:00:00.286 Model_Service_1] [PAPER-KV-V6] fetch Qwen/Qwen2.5-3B-Instruct -> None requests
[2026-08-22 14:00:00.287 Model_Service_3] [PAPER-KV-V6] fetch meta-llama/Llama-3.1-8B -> None requests
[2026-08-22 14:00:00.295 Model_Service_4] [PAPER-KV-V6] fetch meta-llama/Llama-3.2-1B -> None requests
[2026-08-22 14:00:00.297 Model_Service_3] [PAPER-KV-V6] fetch meta-llama/Llama-3.1-8B -> None requests
[2026-08-22 14:00:00.297 Model_Service_1] [PAPER-KV-V6] fetch Qwen/Qwen2.5-3B-Instruct -> None requests
[2026-08-22 14:00:00.305 Model_Service_4] [PAPER-KV-V6] fetch meta-llama/Llama-3.2-1B -> None requests
[2026-08-22 14:00:00.307 Model_Service_3] [PAPER-KV-V6] fetch meta-llama/Llama-3.1-8B -> None requests
[2026-08-22 14:00:00.307 Model_Service_1] [PAPER-KV-V6] fetch Qwen/Qwen2.5-3B-Instruct -> None requests
[2026-08-22 14:00:00.316 Model_Service_4] [PAPER-KV-V6] fetch meta-llama/Llama-3.2-1B -> None requests
[2026-08-22 14:00:00.317 Model_Service_3] [PAPER-KV-V6] fetch meta-llama/Llama-3.1-8B -> None requests
[2026-08-22 14:00:00.318 Model_Service_1] [PAPER-KV-V6] fetch Qwen/Qwen2.5-3B-Instruct -> None requests
[2026-08-22 14:00:00.326 Model_Service_4] [PAPER-KV-V6] fetch meta-llama/Llama-3.2-1B -> None requests
[2026-08-22 14:00:00.327 Model_Service_3] [PAPER-KV-V6] fetch meta-llama/Llama-3.1-8B -> None requests
[2026-08-22 14:00:00.328 Model_Service_1] [PAPER-KV-V6] fetch Qwen/Qwen2.5-3B-Instruct -> None requests
[2026-08-22 14:00:00.336 Model_Service_4] [PAPER-KV-V6] fetch meta-llama/Llama-3.2-1B -> None requests
[2026-08-22 14:00:00.338 Model_Service_3] [PAPER-KV-V6] fetch meta-llama/Llama-3.1-8B -> None requests
[2026-08-22 14:00:00.339 Model_Service_1] [PAPER-KV-V6] fetch Qwen/Qwen2.5-3B-Instruct -> None requests
[2026-08-22 14:00:00.346 Model_Service_4] [PAPER-KV-V6] fetch meta-llama/Llama-3.2-1B -> None requests
[2026-08-22 14:00:00.348 Model_Service_3] [PAPER-KV-V6] fetch meta-llama/Llama-3.1-8B -> None requests
[2026-08-22 14:00:00.349 Model_Service_1] [PAPER-KV-V6] fetch Qwen/Qwen2.5-3B-Instruct -> None requests
[2026-08-22 14:00:00.357 Model_Service_4] [PAPER-KV-V6] fetch meta-llama/Llama-3.2-1B -> None requests
[2026-08-22 14:00:00.358 Model_Service_3] [PAPER-KV-V6] fetch meta-llama/Llama-3.1-8B -> None requests
[2026-08-22 14:00:00.360 Model_Service_1] [PAPER-KV-V6] fetch Qwen/Qwen2.5-3B-Instruct -> None requests
[2026-08-22 14:00:00.367 Model_Service_4] [PAPER-KV-V6] fetch meta-llama/Llama-3.2-1B -> None requests
[2026-08-22 14:00:00.368 Model_Service_3] [PAPER-KV-V6] fetch meta-llama/Llama-3.1-8B -> None requests
[2026-08-22 14:00:00.370 Model_Service_1] [PAPER-KV-V6] fetch Qwen/Qwen2.5-3B-Instruct -> None requests
[2026-08-22 14:00:00.377 Model_Service_4] [PAPER-KV-V6] fetch meta-llama/Llama-3.2-1B -> None requests
[2026-08-22 14:00:00.378 Model_Service_3] [PAPER-KV-V6] fetch meta-llama/Llama-3.1-8B -> None requests
[2026-08-22 14:00:00.381 Model_Service_1] [PAPER-KV-V6] fetch Qwen/Qwen2.5-3B-Instruct -> None requests
[2026-08-22 14:00:00.387 Model_Service_4] [PAPER-KV-V6] fetch meta-llama/Llama-3.2-1B -> None requests
[2026-08-22 14:00:00.389 Model_Service_3] [PAPER-KV-V6] fetch meta-llama/Llama-3.1-8B -> None requests
[2026-08-22 14:00:00.391 Model_Service_1] [PAPER-KV-V6] fetch Qwen/Qwen2.5-3B-Instruct -> None requests
[2026-08-22 14:00:00.397 Model_Service_4] [PAPER-KV-V6] fetch meta-llama/Llama-3.2-1B -> None requests
[2026-08-22 14:00:00.399 Model_Service_3] [PAPER-KV-V6] fetch meta-llama/Llama-3.1-8B -> None requests
[2026-08-22 14:00:00.402 Model_Service_1] [PAPER-KV-V6] fetch Qwen/Qwen2.5-3B-Instruct -> None requests
[2026-08-22 14:00:00.408 Model_Service_4] [PAPER-KV-V6] fetch meta-llama/Llama-3.2-1B -> None requests
[2026-08-22 14:00:00.409 Model_Service_3] [PAPER-KV-V6] fetch meta-llama/Llama-3.1-8B -> None requests
[2026-08-22 14:00:00.413 Model_Service_1] [PAPER-KV-V6] fetch Qwen/Qwen2.5-3B-Instruct -> None requests
[2026-08-22 14:00:00.418 Model_Service_4] [PAPER-KV-V6] fetch meta-llama/Llama-3.2-1B -> None requests
[2026-08-22 14:00:00.419 Model_Service_3] [PAPER-KV-V6] fetch meta-llama/Llama-3.1-8B -> None requests
[2026-08-22 14:00:00.423 Model_Service_1] [PAPER-KV-V6] fetch Qwen/Qwen2.5-3B-Instruct -> None requests
[2026-08-22 14:00:00.428 Model_Service_4] [PAPER-KV-V6] fetch meta-llama/Llama-3.2-1B -> None requests
[2026-08-22 14:00:00.429 Model_Service_3] [PAPER-KV-V6] fetch meta-llama/Llama-3.1-8B -> None requests
[2026-08-22 14:00:00.434 Model_Service_1] [PAPER-KV-V6] fetch Qwen/Qwen2.5-3B-Instruct -> None requests
[2026-08-22 14:00:00.438 Model_Service_4] [PAPER-KV-V6] fetch meta-llama/Llama-3.2-1B -> None requests
[2026-08-22 14:00:00.440 Model_Service_3] [PAPER-KV-V6] fetch meta-llama/Llama-3.1-8B -> None requests
[2026-08-22 14:00:00.445 Model_Service_1] [PAPER-KV-V6] fetch Qwen/Qwen2.5-3B-Instruct -> None requests
[2026-08-22 14:00:00.449 Model_Service_4] [PAPER-KV-V6] fetch meta-llama/Llama-3.2-1B -> None requests
[2026-08-22 14:00:00.450 Model_Service_3] [PAPER-KV-V6] fetch meta-llama/Llama-3.1-8B -> None requests
[2026-08-22 14:00:00.455 Model_Service_1] [PAPER-KV-V6] fetch Qwen/Qwen2.5-3B-Instruct -> None requests
[2026-08-22 14:00:00.459 Model_Service_4] [PAPER-KV-V6] fetch meta-llama/Llama-3.2-1B -> None requests
[2026-08-22 14:00:00.460 Model_Service_3] [PAPER-KV-V6] fetch meta-llama/Llama-3.1-8B -> None requests
[2026-08-22 14:00:00.466 Model_Service_1] [PAPER-KV-V6] fetch Qwen/Qwen2.5-3B-Instruct -> None requests
[2026-08-22 14:00:00.469 Model_Service_4] [PAPER-KV-V6] fetch meta-llama/Llama-3.2-1B -> None requests
[2026-08-22 14:00:00.470 Model_Service_3] [PAPER-KV-V6] fetch meta-llama/Llama-3.1-8B -> None requests
[2026-08-22 14:00:00.476 Model_Service_1] [PAPER-KV-V6] fetch Qwen/Qwen2.5-3B-Instruct -> None requests
[2026-08-22 14:00:00.479 Model_Service_4] [PAPER-KV-V6] fetch meta-llama/Llama-3.2-1B -> None requests
[2026-08-22 14:00:00.480 Model_Service_3] [PAPER-KV-V6] fetch meta-llama/Llama-3.1-8B -> None requests
[2026-08-22 14:00:00.486 Model_Service_1] [PAPER-KV-V6] fetch Qwen/Qwen2.5-3B-Instruct -> None requests
[2026-08-22 14:00:00.490 Model_Service_4] [PAPER-KV-V6] fetch meta-llama/Llama-3.2-1B -> None requests
[2026-08-22 14:00:00.491 Model_Service_3] [PAPER-KV-V6] fetch meta-llama/Llama-3.1-8B -> None requests
[2026-08-22 14:00:00.498 Model_Service_1] [PAPER-KV-V6] fetch Qwen/Qwen2.5-3B-Instruct -> None requests
[2026-08-22 14:00:00.500 Model_Service_4] [PAPER-KV-V6] fetch meta-llama/Llama-3.2-1B -> None requests
[2026-08-22 14:00:00.501 Model_Service_3] [PAPER-KV-V6] fetch meta-llama/Llama-3.1-8B -> None requests
[2026-08-22 14:00:00.508 Model_Service_1] [PAPER-KV-V6] fetch Qwen/Qwen2.5-3B-Instruct -> None requests
[2026-08-22 14:00:00.510 Model_Service_4] [PAPER-KV-V6] fetch meta-llama/Llama-3.2-1B -> None requests
[2026-08-22 14:00:00.511 Model_Service_3] [PAPER-KV-V6] fetch meta-llama/Llama-3.1-8B -> None requests
[2026-08-22 14:00:00.518 Model_Service_1] [PAPER-KV-V6] fetch Qwen/Qwen2.5-3B-Instruct -> None requests
[2026-08-22 14:00:00.520 Model_Service_4] [PAPER-KV-V6] fetch meta-llama/Llama-3.2-1B -> None requests
[2026-08-22 14:00:00.521 Model_Service_3] [PAPER-KV-V6] fetch meta-llama/Llama-3.1-8B -> None requests
[2026-08-22 14:00:00.529 Model_Service_1] [PAPER-KV-V6] fetch Qwen/Qwen2.5-3B-Instruct -> None requests
[2026-08-22 14:00:00.531 Model_Service_4] [PAPER-KV-V6] fetch meta-llama/Llama-3.2-1B -> None requests
[2026-08-22 14:00:00.531 Model_Service_3] [PAPER-KV-V6] fetch meta-llama/Llama-3.1-8B -> None requests
[2026-08-22 14:00:00.539 Model_Service_1] [PAPER-KV-V6] fetch Qwen/Qwen2.5-3B-Instruct -> None requests
[2026-08-22 14:00:00.541 Model_Service_4] [PAPER-KV-V6] fetch meta-llama/Llama-3.2-1B -> None requests
[2026-08-22 14:00:00.542 Model_Service_3] [PAPER-KV-V6] fetch meta-llama/Llama-3.1-8B -> None requests
[2026-08-22 14:00:00.549 Model_Service_1] [PAPER-KV-V6] fetch Qwen/Qwen2.5-3B-Instruct -> None requests
[2026-08-22 14:00:00.551 Model_Service_4] [PAPER-KV-V6] fetch meta-llama/Llama-3.2-1B -> None requests
[2026-08-22 14:00:00.552 Model_Service_3] [PAPER-KV-V6] fetch meta-llama/Llama-3.1-8B -> None requests
[2026-08-22 14:00:00.560 Model_Service_1] [PAPER-KV-V6] fetch Qwen/Qwen2.5-3B-Instruct -> None requests
[2026-08-22 14:00:00.561 Model_Service_4] [PAPER-KV-V6] fetch meta-llama/Llama-3.2-1B -> None requests
[2026-08-22 14:00:00.562 Model_Service_3] [PAPER-KV-V6] fetch meta-llama/Llama-3.1-8B -> None requests
[2026-08-22 14:00:00.570 Model_Service_1] [PAPER-KV-V6] fetch Qwen/Qwen2.5-3B-Instruct -> None requests
[2026-08-22 14:00:00.572 Model_Service_4] [PAPER-KV-V6] fetch meta-llama/Llama-3.2-1B -> None requests
[2026-08-22 14:00:00.572 Model_Service_3] [PAPER-KV-V6] fetch meta-llama/Llama-3.1-8B -> None requests
[2026-08-22 14:00:00.581 Model_Service_1] [PAPER-KV-V6] fetch Qwen/Qwen2.5-3B-Instruct -> None requests
[2026-08-22 14:00:00.582 Model_Service_4] [PAPER-KV-V6] fetch meta-llama/Llama-3.2-1B -> None requests
[2026-08-22 14:00:00.582 Model_Service_3] [PAPER-KV-V6] fetch meta-llama/Llama-3.1-8B -> None requests
[2026-08-22 14:00:00.591 Model_Service_1] [PAPER-KV-V6] fetch Qwen/Qwen2.5-3B-Instruct -> None requests
[2026-08-22 14:00:00.592 Model_Service_4] [PAPER-KV-V6] fetch meta-llama/Llama-3.2-1B -> None requests
[2026-08-22 14:00:00.593 Model_Service_3] [PAPER-KV-V6] fetch meta-llama/Llama-3.1-8B -> None requests
[2026-08-22 14:00:00.601 Model_Service_1] [PAPER-KV-V6] fetch Qwen/Qwen2.5-3B-Instruct -> None requests
[2026-08-22 14:00:00.602 Model_Service_4] [PAPER-KV-V6] fetch meta-llama/Llama-3.2-1B -> None requests
[2026-08-22 14:00:00.603 Model_Service_3] [PAPER-KV-V6] fetch meta-llama/Llama-3.1-8B -> None requests
[2026-08-22 14:00:00.612 Model_Service_1] [PAPER-KV-V6] fetch Qwen/Qwen2.5-3B-Instruct -> None requests
[2026-08-22 14:00:00.613 Model_Service_4] [PAPER-KV-V6] fetch meta-llama/Llama-3.2-1B -> None requests
[2026-08-22 14:00:00.613 Model_Service_3] [PAPER-KV-V6] fetch meta-llama/Llama-3.1-8B -> None requests
[2026-08-22 14:00:00.622 Model_Service_1] [PAPER-KV-V6] fetch Qwen/Qwen2.5-3B-Instruct -> None requests
[2026-08-22 14:00:00.623 Model_Service_4] [PAPER-KV-V6] fetch meta-llama/Llama-3.2-1B -> None requests
[2026-08-22 14:00:00.623 Model_Service_3] [PAPER-KV-V6] fetch meta-llama/Llama-3.1-8B -> None requests
[2026-08-22 14:00:00.633 Model_Service_1] [PAPER-KV-V6] fetch Qwen/Qwen2.5-3B-Instruct -> None requests
[2026-08-22 14:00:00.633 Model_Service_4] [PAPER-KV-V6] fetch meta-llama/Llama-3.2-1B -> None requests
[2026-08-22 14:00:00.633 Model_Service_3] [PAPER-KV-V6] fetch meta-llama/Llama-3.1-8B -> None requests
[2026-08-22 14:00:00.643 Model_Service_4] [PAPER-KV-V6] fetch meta-llama/Llama-3.2-1B -> None requests
[2026-08-22 14:00:00.643 Model_Service_1] [PAPER-KV-V6] fetch Qwen/Qwen2.5-3B-Instruct -> None requests
[2026-08-22 14:00:00.644 Model_Service_3] [PAPER-KV-V6] fetch meta-llama/Llama-3.1-8B -> None requests
[2026-08-22 14:00:00.653 Model_Service_4] [PAPER-KV-V6] fetch meta-llama/Llama-3.2-1B -> None requests
[2026-08-22 14:00:00.654 Model_Service_1] [PAPER-KV-V6] fetch Qwen/Qwen2.5-3B-Instruct -> None requests
[2026-08-22 14:00:00.654 Model_Service_3] [PAPER-KV-V6] fetch meta-llama/Llama-3.1-8B -> None requests
[2026-08-22 14:00:00.664 Model_Service_4] [PAPER-KV-V6] fetch meta-llama/Llama-3.2-1B -> None requests
[2026-08-22 14:00:00.664 Model_Service_3] [PAPER-KV-V6] fetch meta-llama/Llama-3.1-8B -> None requests
[2026-08-22 14:00:00.664 Model_Service_1] [PAPER-KV-V6] fetch Qwen/Qwen2.5-3B-Instruct -> None requests
[2026-08-22 14:00:00.674 Model_Service_4] [PAPER-KV-V6] fetch meta-llama/Llama-3.2-1B -> None requests
[2026-08-22 14:00:00.674 Model_Service_3] [PAPER-KV-V6] fetch meta-llama/Llama-3.1-8B -> None requests
[2026-08-22 14:00:00.674 Model_Service_1] [PAPER-KV-V6] fetch Qwen/Qwen2.5-3B-Instruct -> None requests
[2026-08-22 14:00:00.684 Model_Service_4] [PAPER-KV-V6] fetch meta-llama/Llama-3.2-1B -> None requests
[2026-08-22 14:00:00.685 Model_Service_3] [PAPER-KV-V6] fetch meta-llama/Llama-3.1-8B -> None requests
[2026-08-22 14:00:00.685 Model_Service_1] [PAPER-KV-V6] fetch Qwen/Qwen2.5-3B-Instruct -> None requests
[2026-08-22 14:00:00.694 Model_Service_4] [PAPER-KV-V6] fetch meta-llama/Llama-3.2-1B -> None requests
[2026-08-22 14:00:00.695 Model_Service_3] [PAPER-KV-V6] fetch meta-llama/Llama-3.1-8B -> None requests
[2026-08-22 14:00:00.695 Model_Service_1] [PAPER-KV-V6] fetch Qwen/Qwen2.5-3B-Instruct -> None requests
[2026-08-22 14:00:00.705 Model_Service_4] [PAPER-KV-V6] fetch meta-llama/Llama-3.2-1B -> None requests
[2026-08-22 14:00:00.705 Model_Service_3] [PAPER-KV-V6] fetch meta-llama/Llama-3.1-8B -> None requests
[2026-08-22 14:00:00.705 Model_Service_1] [PAPER-KV-V6] fetch Qwen/Qwen2.5-3B-Instruct -> None requests
[2026-08-22 14:00:00.715 Model_Service_4] [PAPER-KV-V6] fetch meta-llama/Llama-3.2-1B -> None requests
[2026-08-22 14:00:00.715 Model_Service_3] [PAPER-KV-V6] fetch meta-llama/Llama-3.1-8B -> None requests
[2026-08-22 14:00:00.716 Model_Service_1] [PAPER-KV-V6] fetch Qwen/Qwen2.5-3B-Instruct -> None requests
[2026-08-22 14:00:00.725 Model_Service_4] [PAPER-KV-V6] fetch meta-llama/Llama-3.2-1B -> None requests
[2026-08-22 14:00:00.725 Model_Service_3] [PAPER-KV-V6] fetch meta-llama/Llama-3.1-8B -> None requests
[2026-08-22 14:00:00.726 Model_Service_1] [PAPER-KV-V6] fetch Qwen/Qwen2.5-3B-Instruct -> None requests
[2026-08-22 14:00:00.735 Model_Service_4] [PAPER-KV-V6] fetch meta-llama/Llama-3.2-1B -> None requests
[2026-08-22 14:00:00.736 Model_Service_3] [PAPER-KV-V6] fetch meta-llama/Llama-3.1-8B -> None requests
[2026-08-22 14:00:00.737 Model_Service_1] [PAPER-KV-V6] fetch Qwen/Qwen2.5-3B-Instruct -> None requests
[2026-08-22 14:00:00.746 Model_Service_4] [PAPER-KV-V6] fetch meta-llama/Llama-3.2-1B -> None requests
[2026-08-22 14:00:00.746 Model_Service_3] [PAPER-KV-V6] fetch meta-llama/Llama-3.1-8B -> None requests
[2026-08-22 14:00:00.747 Model_Service_1] [PAPER-KV-V6] fetch Qwen/Qwen2.5-3B-Instruct -> None requests
[2026-08-22 14:00:00.756 Model_Service_4] [PAPER-KV-V6] fetch meta-llama/Llama-3.2-1B -> None requests
[2026-08-22 14:00:00.756 Model_Service_3] [PAPER-KV-V6] fetch meta-llama/Llama-3.1-8B -> None requests
[2026-08-22 14:00:00.757 Model_Service_1] [PAPER-KV-V6] fetch Qwen/Qwen2.5-3B-Instruct -> None requests
[2026-08-22 14:00:00.766 Model_Service_4] [PAPER-KV-V6] fetch meta-llama/Llama-3.2-1B -> None requests
[2026-08-22 14:00:00.766 Model_Service_3] [PAPER-KV-V6] fetch meta-llama/Llama-3.1-8B -> None requests
[2026-08-22 14:00:00.768 Model_Service_1] [PAPER-KV-V6] fetch Qwen/Qwen2.5-3B-Instruct -> None requests
[2026-08-22 14:00:00.776 Model_Service_4] [PAPER-KV-V6] fetch meta-llama/Llama-3.2-1B -> None requests
[2026-08-22 14:00:00.777 Model_Service_3] [PAPER-KV-V6] fetch meta-llama/Llama-3.1-8B -> None requests
[2026-08-22 14:00:00.778 Model_Service_1] [PAPER-KV-V6] fetch Qwen/Qwen2.5-3B-Instruct -> None requests
[2026-08-22 14:00:00.787 Model_Service_4] [PAPER-KV-V6] fetch meta-llama/Llama-3.2-1B -> None requests
[2026-08-22 14:00:00.787 Model_Service_3] [PAPER-KV-V6] fetch meta-llama/Llama-3.1-8B -> None requests
[2026-08-22 14:00:00.788 Model_Service_1] [PAPER-KV-V6] fetch Qwen/Qwen2.5-3B-Instruct -> None requests
[2026-08-22 14:00:00.797 Model_Service_4] [PAPER-KV-V6] fetch meta-llama/Llama-3.2-1B -> None requests
[2026-08-22 14:00:00.797 Model_Service_3] [PAPER-KV-V6] fetch meta-llama/Llama-3.1-8B -> None requests
[2026-08-22 14:00:00.799 Model_Service_1] [PAPER-KV-V6] fetch Qwen/Qwen2.5-3B-Instruct -> None requests
[2026-08-22 14:00:00.807 Model_Service_4] [PAPER-KV-V6] fetch meta-llama/Llama-3.2-1B -> None requests
[2026-08-22 14:00:00.807 Model_Service_3] [PAPER-KV-V6] fetch meta-llama/Llama-3.1-8B -> None requests
[2026-08-22 14:00:00.809 Model_Service_1] [PAPER-KV-V6] fetch Qwen/Qwen2.5-3B-Instruct -> None requests
[2026-08-22 14:00:00.818 Model_Service_4] [PAPER-KV-V6] fetch meta-llama/Llama-3.2-1B -> None requests
[2026-08-22 14:00:00.818 Model_Service_3] [PAPER-KV-V6] fetch meta-llama/Llama-3.1-8B -> None requests
[2026-08-22 14:00:00.819 Model_Service_1] [PAPER-KV-V6] fetch Qwen/Qwen2.5-3B-Instruct -> None requests
[2026-08-22 14:00:00.828 Model_Service_4] [PAPER-KV-V6] fetch meta-llama/Llama-3.2-1B -> None requests
[2026-08-22 14:00:00.828 Model_Service_3] [PAPER-KV-V6] fetch meta-llama/Llama-3.1-8B -> None requests
[2026-08-22 14:00:00.830 Model_Service_1] [PAPER-KV-V6] fetch Qwen/Qwen2.5-3B-Instruct -> None requests
[2026-08-22 14:00:00.838 Model_Service_4] [PAPER-KV-V6] fetch meta-llama/Llama-3.2-1B -> None requests
[2026-08-22 14:00:00.838 Model_Service_3] [PAPER-KV-V6] fetch meta-llama/Llama-3.1-8B -> None requests
[2026-08-22 14:00:00.840 Model_Service_1] [PAPER-KV-V6] fetch Qwen/Qwen2.5-3B-Instruct -> None requests
[2026-08-22 14:00:00.848 Model_Service_4] [PAPER-KV-V6] fetch meta-llama/Llama-3.2-1B -> None requests
[2026-08-22 14:00:00.848 Model_Service_3] [PAPER-KV-V6] fetch meta-llama/Llama-3.1-8B -> None requests
[2026-08-22 14:00:00.851 Model_Service_1] [PAPER-KV-V6] fetch Qwen/Qwen2.5-3B-Instruct -> None requests
[2026-08-22 14:00:00.859 Model_Service_3] [PAPER-KV-V6] fetch meta-llama/Llama-3.1-8B -> None requests
[2026-08-22 14:00:00.859 Model_Service_4] [PAPER-KV-V6] fetch meta-llama/Llama-3.2-1B -> None requests
[2026-08-22 14:00:00.861 Model_Service_1] [PAPER-KV-V6] fetch Qwen/Qwen2.5-3B-Instruct -> None requests
[2026-08-22 14:00:00.869 Model_Service_3] [PAPER-KV-V6] fetch meta-llama/Llama-3.1-8B -> None requests
[2026-08-22 14:00:00.870 Model_Service_4] [PAPER-KV-V6] fetch meta-llama/Llama-3.2-1B -> None requests
[2026-08-22 14:00:00.872 Model_Service_1] [PAPER-KV-V6] fetch Qwen/Qwen2.5-3B-Instruct -> None requests
[2026-08-22 14:00:00.879 Model_Service_3] [PAPER-KV-V6] fetch meta-llama/Llama-3.1-8B -> None requests
[2026-08-22 14:00:00.880 Model_Service_4] [PAPER-KV-V6] fetch meta-llama/Llama-3.2-1B -> None requests
[2026-08-22 14:00:00.882 Model_Service_1] [PAPER-KV-V6] fetch Qwen/Qwen2.5-3B-Instruct -> None requests
[2026-08-22 14:00:00.889 Model_Service_3] [PAPER-KV-V6] fetch meta-llama/Llama-3.1-8B -> None requests
[2026-08-22 14:00:00.891 Model_Service_4] [PAPER-KV-V6] fetch meta-llama/Llama-3.2-1B -> None requests
[2026-08-22 14:00:00.893 Model_Service_1] [PAPER-KV-V6] fetch Qwen/Qwen2.5-3B-Instruct -> None requests
[2026-08-22 14:00:00.899 Model_Service_3] [PAPER-KV-V6] fetch meta-llama/Llama-3.1-8B -> None requests
[2026-08-22 14:00:00.901 Model_Service_4] [PAPER-KV-V6] fetch meta-llama/Llama-3.2-1B -> None requests
[2026-08-22 14:00:00.903 Model_Service_1] [PAPER-KV-V6] fetch Qwen/Qwen2.5-3B-Instruct -> None requests
[2026-08-22 14:00:00.910 Model_Service_3] [PAPER-KV-V6] fetch meta-llama/Llama-3.1-8B -> None requests
[2026-08-22 14:00:00.911 Model_Service_4] [PAPER-KV-V6] fetch meta-llama/Llama-3.2-1B -> None requests
[2026-08-22 14:00:00.914 Model_Service_1] [PAPER-KV-V6] fetch Qwen/Qwen2.5-3B-Instruct -> None requests
[2026-08-22 14:00:00.920 Model_Service_3] [PAPER-KV-V6] fetch meta-llama/Llama-3.1-8B -> None requests
[2026-08-22 14:00:00.922 Model_Service_4] [PAPER-KV-V6] fetch meta-llama/Llama-3.2-1B -> None requests
[2026-08-22 14:00:00.925 Model_Service_1] [PAPER-KV-V6] fetch Qwen/Qwen2.5-3B-Instruct -> None requests
[2026-08-22 14:00:00.930 Model_Service_3] [PAPER-KV-V6] fetch meta-llama/Llama-3.1-8B -> None requests
[2026-08-22 14:00:00.932 Model_Service_4] [PAPER-KV-V6] fetch meta-llama/Llama-3.2-1B -> None requests
[2026-08-22 14:00:00.935 Model_Service_1] [PAPER-KV-V6] fetch Qwen/Qwen2.5-3B-Instruct -> None requests
[2026-08-22 14:00:00.941 Model_Service_3] [PAPER-KV-V6] fetch meta-llama/Llama-3.1-8B -> None requests
[2026-08-22 14:00:00.942 Model_Service_4] [PAPER-KV-V6] fetch meta-llama/Llama-3.2-1B -> None requests
[2026-08-22 14:00:00.946 Model_Service_1] [PAPER-KV-V6] fetch Qwen/Qwen2.5-3B-Instruct -> None requests
[2026-08-22 14:00:00.951 Model_Service_3] [PAPER-KV-V6] fetch meta-llama/Llama-3.1-8B -> None requests
[2026-08-22 14:00:00.953 Model_Service_4] [PAPER-KV-V6] fetch meta-llama/Llama-3.2-1B -> None requests
[2026-08-22 14:00:00.957 Model_Service_1] [PAPER-KV-V6] fetch Qwen/Qwen2.5-3B-Instruct -> None requests
[2026-08-22 14:00:00.961 Model_Service_3] [PAPER-KV-V6] fetch meta-llama/Llama-3.1-8B -> None requests
[2026-08-22 14:00:00.963 Model_Service_4] [PAPER-KV-V6] fetch meta-llama/Llama-3.2-1B -> None requests
[2026-08-22 14:00:00.967 Model_Service_1] [PAPER-KV-V6] fetch Qwen/Qwen2.5-3B-Instruct -> None requests
[2026-08-22 14:00:00.972 Model_Service_3] [PAPER-KV-V6] fetch meta-llama/Llama-3.1-8B -> None requests
[2026-08-22 14:00:00.973 Model_Service_4] [PAPER-KV-V6] fetch meta-llama/Llama-3.2-1B -> None requests
[2026-08-22 14:00:00.978 Model_Service_1] [PAPER-KV-V6] fetch Qwen/Qwen2.5-3B-Instruct -> None requests
[2026-08-22 14:00:00.982 Model_Service_3] [PAPER-KV-V6] fetch meta-llama/Llama-3.1-8B -> None requests
[2026-08-22 14:00:00.983 Model_Service_4] [PAPER-KV-V6] fetch meta-llama/Llama-3.2-1B -> None requests
[2026-08-22 14:00:00.989 Model_Service_1] [PAPER-KV-V6] fetch Qwen/Qwen2.5-3B-Instruct -> None requests
[2026-08-22 14:00:00.993 Model_Service_3] [PAPER-KV-V6] fetch meta-llama/Llama-3.1-8B -> None requests
[2026-08-22 14:00:00.994 Model_Service_4] [PAPER-KV-V6] fetch meta-llama/Llama-3.2-1B -> None requests
[2026-08-22 14:00:01.000 Model_Service_1] [PAPER-KV-V6] fetch Qwen/Qwen2.5-3B-Instruct -> None requests
[2026-08-22 14:00:01.003 Model_Service_3] [PAPER-KV-V6] fetch meta-llama/Llama-3.1-8B -> None requests
[2026-08-22 14:00:01.004 Model_Service_4] [PAPER-KV-V6] fetch meta-llama/Llama-3.2-1B -> None requests
[2026-08-22 14:00:01.010 Model_Service_1] [PAPER-KV-V6] fetch Qwen/Qwen2.5-3B-Instruct -> None requests
[2026-08-22 14:00:01.013 Model_Service_3] [PAPER-KV-V6] fetch meta-llama/Llama-3.1-8B -> None requests
[2026-08-22 14:00:01.014 Model_Service_4] [PAPER-KV-V6] fetch meta-llama/Llama-3.2-1B -> None requests
[2026-08-22 14:00:01.021 Model_Service_1] [PAPER-KV-V6] fetch Qwen/Qwen2.5-3B-Instruct -> None requests
[2026-08-22 14:00:01.024 Model_Service_3] [PAPER-KV-V6] fetch meta-llama/Llama-3.1-8B -> None requests
[2026-08-22 14:00:01.025 Model_Service_4] [PAPER-KV-V6] fetch meta-llama/Llama-3.2-1B -> None requests
[2026-08-22 14:00:01.032 Model_Service_1] [PAPER-KV-V6] fetch Qwen/Qwen2.5-3B-Instruct -> None requests
[2026-08-22 14:00:01.034 Model_Service_3] [PAPER-KV-V6] fetch meta-llama/Llama-3.1-8B -> None requests
[2026-08-22 14:00:01.035 Model_Service_4] [PAPER-KV-V6] fetch meta-llama/Llama-3.2-1B -> None requests
[2026-08-22 14:00:01.042 Model_Service_1] [PAPER-KV-V6] fetch Qwen/Qwen2.5-3B-Instruct -> None requests
[2026-08-22 14:00:01.045 Model_Service_3] [PAPER-KV-V6] fetch meta-llama/Llama-3.1-8B -> None requests
[2026-08-22 14:00:01.045 Model_Service_4] [PAPER-KV-V6] fetch meta-llama/Llama-3.2-1B -> None requests
[2026-08-22 14:00:01.053 Model_Service_1] [PAPER-KV-V6] fetch Qwen/Qwen2.5-3B-Instruct -> None requests
[2026-08-22 14:00:01.055 Model_Service_3] [PAPER-KV-V6] fetch meta-llama/Llama-3.1-8B -> None requests
[2026-08-22 14:00:01.056 Model_Service_4] [PAPER-KV-V6] fetch meta-llama/Llama-3.2-1B -> None requests
[2026-08-22 14:00:01.064 Model_Service_1] [PAPER-KV-V6] fetch Qwen/Qwen2.5-3B-Instruct -> None requests
[2026-08-22 14:00:01.065 Model_Service_3] [PAPER-KV-V6] fetch meta-llama/Llama-3.1-8B -> None requests
[2026-08-22 14:00:01.066 Model_Service_4] [PAPER-KV-V6] fetch meta-llama/Llama-3.2-1B -> None requests
[2026-08-22 14:00:01.075 Model_Service_1] [PAPER-KV-V6] fetch Qwen/Qwen2.5-3B-Instruct -> None requests
[2026-08-22 14:00:01.076 Model_Service_3] [PAPER-KV-V6] fetch meta-llama/Llama-3.1-8B -> None requests
[2026-08-22 14:00:01.077 Model_Service_4] [PAPER-KV-V6] fetch meta-llama/Llama-3.2-1B -> None requests
[2026-08-22 14:00:01.085 Model_Service_1] [PAPER-KV-V6] fetch Qwen/Qwen2.5-3B-Instruct -> None requests
[2026-08-22 14:00:01.086 Model_Service_3] [PAPER-KV-V6] fetch meta-llama/Llama-3.1-8B -> None requests
[2026-08-22 14:00:01.087 Model_Service_4] [PAPER-KV-V6] fetch meta-llama/Llama-3.2-1B -> None requests
[2026-08-22 14:00:01.096 Model_Service_1] [PAPER-KV-V6] fetch Qwen/Qwen2.5-3B-Instruct -> None requests
[2026-08-22 14:00:01.097 Model_Service_3] [PAPER-KV-V6] fetch meta-llama/Llama-3.1-8B -> None requests
[2026-08-22 14:00:01.098 Model_Service_4] [PAPER-KV-V6] fetch meta-llama/Llama-3.2-1B -> None requests
[2026-08-22 14:00:01.107 Model_Service_1] [PAPER-KV-V6] fetch Qwen/Qwen2.5-3B-Instruct -> None requests
[2026-08-22 14:00:01.107 Model_Service_3] [PAPER-KV-V6] fetch meta-llama/Llama-3.1-8B -> None requests
[2026-08-22 14:00:01.109 Model_Service_4] [PAPER-KV-V6] fetch meta-llama/Llama-3.2-1B -> None requests
[2026-08-22 14:00:01.118 Model_Service_1] [PAPER-KV-V6] fetch Qwen/Qwen2.5-3B-Instruct -> None requests
[2026-08-22 14:00:01.118 Model_Service_3] [PAPER-KV-V6] fetch meta-llama/Llama-3.1-8B -> None requests
[2026-08-22 14:00:01.119 Model_Service_4] [PAPER-KV-V6] fetch meta-llama/Llama-3.2-1B -> None requests
[2026-08-22 14:00:01.128 Model_Service_1] [PAPER-KV-V6] fetch Qwen/Qwen2.5-3B-Instruct -> None requests
[2026-08-22 14:00:01.128 Model_Service_3] [PAPER-KV-V6] fetch meta-llama/Llama-3.1-8B -> None requests
[2026-08-22 14:00:01.130 Model_Service_4] [PAPER-KV-V6] fetch meta-llama/Llama-3.2-1B -> None requests
[2026-08-22 14:00:01.139 Model_Service_1] [PAPER-KV-V6] fetch Qwen/Qwen2.5-3B-Instruct -> None requests
[2026-08-22 14:00:01.139 Model_Service_3] [PAPER-KV-V6] fetch meta-llama/Llama-3.1-8B -> None requests
[2026-08-22 14:00:01.140 Model_Service_4] [PAPER-KV-V6] fetch meta-llama/Llama-3.2-1B -> None requests
[2026-08-22 14:00:01.150 Model_Service_3] [PAPER-KV-V6] fetch meta-llama/Llama-3.1-8B -> None requests
[2026-08-22 14:00:01.150 Model_Service_1] [PAPER-KV-V6] fetch Qwen/Qwen2.5-3B-Instruct -> None requests
[2026-08-22 14:00:01.151 Model_Service_4] [PAPER-KV-V6] fetch meta-llama/Llama-3.2-1B -> None requests
[2026-08-22 14:00:01.161 Model_Service_3] [PAPER-KV-V6] fetch meta-llama/Llama-3.1-8B -> None requests
[2026-08-22 14:00:01.161 Model_Service_1] [PAPER-KV-V6] fetch Qwen/Qwen2.5-3B-Instruct -> None requests
[2026-08-22 14:00:01.162 Model_Service_4] [PAPER-KV-V6] fetch meta-llama/Llama-3.2-1B -> None requests
[2026-08-22 14:00:01.171 Model_Service_3] [PAPER-KV-V6] fetch meta-llama/Llama-3.1-8B -> None requests
[2026-08-22 14:00:01.171 Model_Service_1] [PAPER-KV-V6] fetch Qwen/Qwen2.5-3B-Instruct -> None requests
[2026-08-22 14:00:01.172 Model_Service_4] [PAPER-KV-V6] fetch meta-llama/Llama-3.2-1B -> None requests
[2026-08-22 14:00:01.182 Model_Service_3] [PAPER-KV-V6] fetch meta-llama/Llama-3.1-8B -> None requests
[2026-08-22 14:00:01.182 Model_Service_1] [PAPER-KV-V6] fetch Qwen/Qwen2.5-3B-Instruct -> None requests
[2026-08-22 14:00:01.183 Model_Service_4] [PAPER-KV-V6] fetch meta-llama/Llama-3.2-1B -> None requests
[2026-08-22 14:00:01.192 Model_Service_3] [PAPER-KV-V6] fetch meta-llama/Llama-3.1-8B -> None requests
[2026-08-22 14:00:01.193 Model_Service_1] [PAPER-KV-V6] fetch Qwen/Qwen2.5-3B-Instruct -> None requests
[2026-08-22 14:00:01.193 Model_Service_4] [PAPER-KV-V6] fetch meta-llama/Llama-3.2-1B -> None requests
[2026-08-22 14:00:01.203 Model_Service_3] [PAPER-KV-V6] fetch meta-llama/Llama-3.1-8B -> None requests
[2026-08-22 14:00:01.204 Model_Service_1] [PAPER-KV-V6] fetch Qwen/Qwen2.5-3B-Instruct -> None requests
[2026-08-22 14:00:01.204 Model_Service_4] [PAPER-KV-V6] fetch meta-llama/Llama-3.2-1B -> None requests
[2026-08-22 14:00:01.207 Model_Service_0] Model service 0 input queue is empty, waiting for next request
[2026-08-22 14:00:01.213 Model_Service_3] [PAPER-KV-V6] fetch meta-llama/Llama-3.1-8B -> None requests
[2026-08-22 14:00:01.214 Model_Service_1] [PAPER-KV-V6] fetch Qwen/Qwen2.5-3B-Instruct -> None requests
[2026-08-22 14:00:01.215 Model_Service_4] [PAPER-KV-V6] fetch meta-llama/Llama-3.2-1B -> None requests
[2026-08-22 14:00:01.224 Model_Service_3] [PAPER-KV-V6] fetch meta-llama/Llama-3.1-8B -> None requests
[2026-08-22 14:00:01.225 Model_Service_1] [PAPER-KV-V6] fetch Qwen/Qwen2.5-3B-Instruct -> None requests
[2026-08-22 14:00:01.225 Model_Service_4] [PAPER-KV-V6] fetch meta-llama/Llama-3.2-1B -> None requests
[2026-08-22 14:00:01.234 Model_Service_3] [PAPER-KV-V6] fetch meta-llama/Llama-3.1-8B -> None requests
[2026-08-22 14:00:01.235 Model_Service_1] [PAPER-KV-V6] fetch Qwen/Qwen2.5-3B-Instruct -> None requests
[2026-08-22 14:00:01.236 Model_Service_4] [PAPER-KV-V6] fetch meta-llama/Llama-3.2-1B -> None requests
[2026-08-22 14:00:01.245 Model_Service_3] [PAPER-KV-V6] fetch meta-llama/Llama-3.1-8B -> None requests
[2026-08-22 14:00:01.246 Model_Service_1] [PAPER-KV-V6] fetch Qwen/Qwen2.5-3B-Instruct -> None requests
[2026-08-22 14:00:01.246 Model_Service_4] [PAPER-KV-V6] fetch meta-llama/Llama-3.2-1B -> None requests
[2026-08-22 14:00:01.255 Model_Service_5] Model service 5 input queue is empty, waiting for next request
[2026-08-22 14:00:01.256 Model_Service_3] [PAPER-KV-V6] fetch meta-llama/Llama-3.1-8B -> None requests
[2026-08-22 14:00:01.256 Model_Service_1] [PAPER-KV-V6] fetch Qwen/Qwen2.5-3B-Instruct -> None requests
[2026-08-22 14:00:01.266 Model_Service_3] [PAPER-KV-V6] fetch meta-llama/Llama-3.1-8B -> None requests
[2026-08-22 14:00:01.266 Model_Service_1] [PAPER-KV-V6] fetch Qwen/Qwen2.5-3B-Instruct -> None requests
[2026-08-22 14:00:01.277 Model_Service_3] [PAPER-KV-V6] fetch meta-llama/Llama-3.1-8B -> None requests
[2026-08-22 14:00:01.277 Model_Service_1] [PAPER-KV-V6] fetch Qwen/Qwen2.5-3B-Instruct -> None requests
[2026-08-22 14:00:01.287 Model_Service_3] [PAPER-KV-V6] fetch meta-llama/Llama-3.1-8B -> None requests
[2026-08-22 14:00:01.288 Model_Service_1] [PAPER-KV-V6] fetch Qwen/Qwen2.5-3B-Instruct -> None requests
[2026-08-22 14:00:01.298 Model_Service_3] [PAPER-KV-V6] fetch meta-llama/Llama-3.1-8B -> None requests
[2026-08-22 14:00:01.298 Model_Service_1] [PAPER-KV-V6] fetch Qwen/Qwen2.5-3B-Instruct -> None requests
[2026-08-22 14:00:01.308 Model_Service_3] [PAPER-KV-V6] fetch meta-llama/Llama-3.1-8B -> None requests
[2026-08-22 14:00:01.309 Model_Service_1] [PAPER-KV-V6] fetch Qwen/Qwen2.5-3B-Instruct -> None requests
[2026-08-22 14:00:01.318 Model_Service_3] [PAPER-KV-V6] fetch meta-llama/Llama-3.1-8B -> None requests
[2026-08-22 14:00:01.319 Model_Service_1] [PAPER-KV-V6] fetch Qwen/Qwen2.5-3B-Instruct -> None requests
[2026-08-22 14:00:01.329 Model_Service_3] [PAPER-KV-V6] fetch meta-llama/Llama-3.1-8B -> None requests
[2026-08-22 14:00:01.330 Model_Service_1] [PAPER-KV-V6] fetch Qwen/Qwen2.5-3B-Instruct -> None requests
[2026-08-22 14:00:01.339 Model_Service_3] [PAPER-KV-V6] fetch meta-llama/Llama-3.1-8B -> None requests
[2026-08-22 14:00:01.340 Model_Service_1] [PAPER-KV-V6] fetch Qwen/Qwen2.5-3B-Instruct -> None requests
[2026-08-22 14:00:01.350 Model_Service_3] [PAPER-KV-V6] fetch meta-llama/Llama-3.1-8B -> None requests
[2026-08-22 14:00:01.351 Model_Service_1] [PAPER-KV-V6] fetch Qwen/Qwen2.5-3B-Instruct -> None requests
[2026-08-22 14:00:01.361 Model_Service_3] [PAPER-KV-V6] fetch meta-llama/Llama-3.1-8B -> None requests
[2026-08-22 14:00:01.361 Model_Service_1] [PAPER-KV-V6] fetch Qwen/Qwen2.5-3B-Instruct -> None requests
[2026-08-22 14:00:01.371 Model_Service_3] [PAPER-KV-V6] fetch meta-llama/Llama-3.1-8B -> None requests
[2026-08-22 14:00:01.372 Model_Service_1] [PAPER-KV-V6] fetch Qwen/Qwen2.5-3B-Instruct -> None requests
[2026-08-22 14:00:01.381 Model_Service_3] [PAPER-KV-V6] fetch meta-llama/Llama-3.1-8B -> None requests
[2026-08-22 14:00:01.382 Model_Service_1] [PAPER-KV-V6] fetch Qwen/Qwen2.5-3B-Instruct -> None requests
[2026-08-22 14:00:01.392 Model_Service_3] [PAPER-KV-V6] fetch meta-llama/Llama-3.1-8B -> None requests
[2026-08-22 14:00:01.392 Model_Service_1] [PAPER-KV-V6] fetch Qwen/Qwen2.5-3B-Instruct -> None requests
[2026-08-22 14:00:01.402 Model_Service_3] [PAPER-KV-V6] fetch meta-llama/Llama-3.1-8B -> None requests
[2026-08-22 14:00:01.403 Model_Service_1] [PAPER-KV-V6] fetch Qwen/Qwen2.5-3B-Instruct -> None requests
[2026-08-22 14:00:01.413 Model_Service_3] [PAPER-KV-V6] fetch meta-llama/Llama-3.1-8B -> None requests
[2026-08-22 14:00:01.413 Model_Service_1] [PAPER-KV-V6] fetch Qwen/Qwen2.5-3B-Instruct -> None requests
[2026-08-22 14:00:01.423 Model_Service_3] [PAPER-KV-V6] fetch meta-llama/Llama-3.1-8B -> None requests
[2026-08-22 14:00:01.423 Model_Service_1] [PAPER-KV-V6] fetch Qwen/Qwen2.5-3B-Instruct -> None requests
[2026-08-22 14:00:01.433 Model_Service_3] [PAPER-KV-V6] fetch meta-llama/Llama-3.1-8B -> None requests
[2026-08-22 14:00:01.434 Model_Service_1] [PAPER-KV-V6] fetch Qwen/Qwen2.5-3B-Instruct -> None requests
[2026-08-22 14:00:01.444 Model_Service_3] [PAPER-KV-V6] fetch meta-llama/Llama-3.1-8B -> None requests
[2026-08-22 14:00:01.444 Model_Service_1] [PAPER-KV-V6] fetch Qwen/Qwen2.5-3B-Instruct -> None requests
[2026-08-22 14:00:01.454 Model_Service_3] [PAPER-KV-V6] fetch meta-llama/Llama-3.1-8B -> None requests
[2026-08-22 14:00:01.455 Model_Service_1] [PAPER-KV-V6] fetch Qwen/Qwen2.5-3B-Instruct -> None requests
[2026-08-22 14:00:01.465 Model_Service_3] [PAPER-KV-V6] fetch meta-llama/Llama-3.1-8B -> None requests
[2026-08-22 14:00:01.465 Model_Service_1] [PAPER-KV-V6] fetch Qwen/Qwen2.5-3B-Instruct -> None requests
[2026-08-22 14:00:01.475 Model_Service_3] [PAPER-KV-V6] fetch meta-llama/Llama-3.1-8B -> None requests
[2026-08-22 14:00:01.476 Model_Service_1] [PAPER-KV-V6] fetch Qwen/Qwen2.5-3B-Instruct -> None requests
[2026-08-22 14:00:01.485 Model_Service_3] [PAPER-KV-V6] fetch meta-llama/Llama-3.1-8B -> None requests
[2026-08-22 14:00:01.487 Model_Service_1] [PAPER-KV-V6] fetch Qwen/Qwen2.5-3B-Instruct -> None requests
[2026-08-22 14:00:01.496 Model_Service_3] [PAPER-KV-V6] fetch meta-llama/Llama-3.1-8B -> None requests
[2026-08-22 14:00:01.497 Model_Service_1] [PAPER-KV-V6] fetch Qwen/Qwen2.5-3B-Instruct -> None requests
[2026-08-22 14:00:01.506 Model_Service_3] [PAPER-KV-V6] fetch meta-llama/Llama-3.1-8B -> None requests
[2026-08-22 14:00:01.508 Model_Service_1] [PAPER-KV-V6] fetch Qwen/Qwen2.5-3B-Instruct -> None requests
[2026-08-22 14:00:01.517 Model_Service_3] [PAPER-KV-V6] fetch meta-llama/Llama-3.1-8B -> None requests
[2026-08-22 14:00:01.519 Model_Service_1] [PAPER-KV-V6] fetch Qwen/Qwen2.5-3B-Instruct -> None requests
[2026-08-22 14:00:01.527 Model_Service_3] [PAPER-KV-V6] fetch meta-llama/Llama-3.1-8B -> None requests
[2026-08-22 14:00:01.529 Model_Service_1] [PAPER-KV-V6] fetch Qwen/Qwen2.5-3B-Instruct -> None requests
[2026-08-22 14:00:01.537 Model_Service_3] [PAPER-KV-V6] fetch meta-llama/Llama-3.1-8B -> None requests
[2026-08-22 14:00:01.540 Model_Service_1] [PAPER-KV-V6] fetch Qwen/Qwen2.5-3B-Instruct -> None requests
[2026-08-22 14:00:01.548 Model_Service_3] [PAPER-KV-V6] fetch meta-llama/Llama-3.1-8B -> None requests
[2026-08-22 14:00:01.551 Model_Service_1] [PAPER-KV-V6] fetch Qwen/Qwen2.5-3B-Instruct -> None requests
[2026-08-22 14:00:01.559 Model_Service_3] [PAPER-KV-V6] fetch meta-llama/Llama-3.1-8B -> None requests
[2026-08-22 14:00:01.561 Model_Service_1] [PAPER-KV-V6] fetch Qwen/Qwen2.5-3B-Instruct -> None requests
[2026-08-22 14:00:01.570 Model_Service_3] [PAPER-KV-V6] fetch meta-llama/Llama-3.1-8B -> None requests
[2026-08-22 14:00:01.572 Model_Service_1] [PAPER-KV-V6] fetch Qwen/Qwen2.5-3B-Instruct -> None requests
[2026-08-22 14:00:01.580 Model_Service_3] [PAPER-KV-V6] fetch meta-llama/Llama-3.1-8B -> None requests
[2026-08-22 14:00:01.583 Model_Service_1] [PAPER-KV-V6] fetch Qwen/Qwen2.5-3B-Instruct -> None requests
[2026-08-22 14:00:01.590 Model_Service_3] [PAPER-KV-V6] fetch meta-llama/Llama-3.1-8B -> None requests
[2026-08-22 14:00:01.593 Model_Service_1] [PAPER-KV-V6] fetch Qwen/Qwen2.5-3B-Instruct -> None requests
[2026-08-22 14:00:01.601 Model_Service_3] [PAPER-KV-V6] fetch meta-llama/Llama-3.1-8B -> None requests
[2026-08-22 14:00:01.603 Model_Service_1] [PAPER-KV-V6] fetch Qwen/Qwen2.5-3B-Instruct -> None requests
[2026-08-22 14:00:01.611 Model_Service_3] [PAPER-KV-V6] fetch meta-llama/Llama-3.1-8B -> None requests
[2026-08-22 14:00:01.614 Model_Service_1] [PAPER-KV-V6] fetch Qwen/Qwen2.5-3B-Instruct -> None requests
[2026-08-22 14:00:01.621 Model_Service_3] [PAPER-KV-V6] fetch meta-llama/Llama-3.1-8B -> None requests
[2026-08-22 14:00:01.624 Model_Service_1] [PAPER-KV-V6] fetch Qwen/Qwen2.5-3B-Instruct -> None requests
[2026-08-22 14:00:01.631 Model_Service_3] [PAPER-KV-V6] fetch meta-llama/Llama-3.1-8B -> None requests
[2026-08-22 14:00:01.634 Model_Service_1] [PAPER-KV-V6] fetch Qwen/Qwen2.5-3B-Instruct -> None requests
[2026-08-22 14:00:01.642 Model_Service_3] [PAPER-KV-V6] fetch meta-llama/Llama-3.1-8B -> None requests
[2026-08-22 14:00:01.645 Model_Service_1] [PAPER-KV-V6] fetch Qwen/Qwen2.5-3B-Instruct -> None requests
[2026-08-22 14:00:01.652 Model_Service_3] [PAPER-KV-V6] fetch meta-llama/Llama-3.1-8B -> None requests
[2026-08-22 14:00:01.655 Model_Service_1] [PAPER-KV-V6] fetch Qwen/Qwen2.5-3B-Instruct -> None requests
[2026-08-22 14:00:01.662 Model_Service_3] [PAPER-KV-V6] fetch meta-llama/Llama-3.1-8B -> None requests
[2026-08-22 14:00:01.665 Model_Service_1] [PAPER-KV-V6] fetch Qwen/Qwen2.5-3B-Instruct -> None requests
[2026-08-22 14:00:01.672 Model_Service_3] [PAPER-KV-V6] fetch meta-llama/Llama-3.1-8B -> None requests
[2026-08-22 14:00:01.676 Model_Service_1] [PAPER-KV-V6] fetch Qwen/Qwen2.5-3B-Instruct -> None requests
[2026-08-22 14:00:01.682 Model_Service_3] [PAPER-KV-V6] fetch meta-llama/Llama-3.1-8B -> None requests
[2026-08-22 14:00:01.686 Model_Service_1] [PAPER-KV-V6] fetch Qwen/Qwen2.5-3B-Instruct -> None requests
[2026-08-22 14:00:01.693 Model_Service_3] [PAPER-KV-V6] fetch meta-llama/Llama-3.1-8B -> None requests
[2026-08-22 14:00:01.697 Model_Service_1] [PAPER-KV-V6] fetch Qwen/Qwen2.5-3B-Instruct -> None requests
[2026-08-22 14:00:01.703 Model_Service_3] [PAPER-KV-V6] fetch meta-llama/Llama-3.1-8B -> None requests
[2026-08-22 14:00:01.707 Model_Service_1] [PAPER-KV-V6] fetch Qwen/Qwen2.5-3B-Instruct -> None requests
[2026-08-22 14:00:01.713 Model_Service_3] [PAPER-KV-V6] fetch meta-llama/Llama-3.1-8B -> None requests
[2026-08-22 14:00:01.718 Model_Service_1] [PAPER-KV-V6] fetch Qwen/Qwen2.5-3B-Instruct -> None requests
[2026-08-22 14:00:01.723 Model_Service_3] [PAPER-KV-V6] fetch meta-llama/Llama-3.1-8B -> None requests
[2026-08-22 14:00:01.729 Model_Service_1] [PAPER-KV-V6] fetch Qwen/Qwen2.5-3B-Instruct -> None requests
[2026-08-22 14:00:01.733 Model_Service_3] [PAPER-KV-V6] fetch meta-llama/Llama-3.1-8B -> None requests
[2026-08-22 14:00:01.739 Model_Service_1] [PAPER-KV-V6] fetch Qwen/Qwen2.5-3B-Instruct -> None requests
[2026-08-22 14:00:01.743 Model_Service_3] [PAPER-KV-V6] fetch meta-llama/Llama-3.1-8B -> None requests
[2026-08-22 14:00:01.750 Model_Service_1] [PAPER-KV-V6] fetch Qwen/Qwen2.5-3B-Instruct -> None requests
[2026-08-22 14:00:01.754 Model_Service_3] [PAPER-KV-V6] fetch meta-llama/Llama-3.1-8B -> None requests
[2026-08-22 14:00:01.760 Model_Service_1] [PAPER-KV-V6] fetch Qwen/Qwen2.5-3B-Instruct -> None requests
[2026-08-22 14:00:01.764 Model_Service_3] [PAPER-KV-V6] fetch meta-llama/Llama-3.1-8B -> None requests
[2026-08-22 14:00:01.771 Model_Service_1] [PAPER-KV-V6] fetch Qwen/Qwen2.5-3B-Instruct -> None requests
[2026-08-22 14:00:01.774 Model_Service_3] [PAPER-KV-V6] fetch meta-llama/Llama-3.1-8B -> None requests
[2026-08-22 14:00:01.781 Model_Service_1] [PAPER-KV-V6] fetch Qwen/Qwen2.5-3B-Instruct -> None requests
[2026-08-22 14:00:01.784 Model_Service_3] [PAPER-KV-V6] fetch meta-llama/Llama-3.1-8B -> None requests
[2026-08-22 14:00:01.791 Model_Service_1] [PAPER-KV-V6] fetch Qwen/Qwen2.5-3B-Instruct -> None requests
[2026-08-22 14:00:01.795 Model_Service_3] [PAPER-KV-V6] fetch meta-llama/Llama-3.1-8B -> None requests
[2026-08-22 14:00:01.802 Model_Service_1] [PAPER-KV-V6] fetch Qwen/Qwen2.5-3B-Instruct -> None requests
[2026-08-22 14:00:01.805 Model_Service_3] [PAPER-KV-V6] fetch meta-llama/Llama-3.1-8B -> None requests
[2026-08-22 14:00:01.812 Model_Service_1] [PAPER-KV-V6] fetch Qwen/Qwen2.5-3B-Instruct -> None requests
[2026-08-22 14:00:01.815 Model_Service_3] [PAPER-KV-V6] fetch meta-llama/Llama-3.1-8B -> None requests
[2026-08-22 14:00:01.822 Model_Service_1] [PAPER-KV-V6] fetch Qwen/Qwen2.5-3B-Instruct -> None requests
[2026-08-22 14:00:01.825 Model_Service_3] [PAPER-KV-V6] fetch meta-llama/Llama-3.1-8B -> None requests
[2026-08-22 14:00:01.833 Model_Service_1] [PAPER-KV-V6] fetch Qwen/Qwen2.5-3B-Instruct -> None requests
[2026-08-22 14:00:01.835 Model_Service_3] [PAPER-KV-V6] fetch meta-llama/Llama-3.1-8B -> None requests
[2026-08-22 14:00:01.843 Model_Service_1] [PAPER-KV-V6] fetch Qwen/Qwen2.5-3B-Instruct -> None requests
[2026-08-22 14:00:01.846 Model_Service_3] [PAPER-KV-V6] fetch meta-llama/Llama-3.1-8B -> None requests
[2026-08-22 14:00:01.853 Model_Service_1] [PAPER-KV-V6] fetch Qwen/Qwen2.5-3B-Instruct -> None requests
[2026-08-22 14:00:01.856 Model_Service_3] [PAPER-KV-V6] fetch meta-llama/Llama-3.1-8B -> None requests
[2026-08-22 14:00:01.864 Model_Service_1] [PAPER-KV-V6] fetch Qwen/Qwen2.5-3B-Instruct -> None requests
[2026-08-22 14:00:01.866 Model_Service_3] [PAPER-KV-V6] fetch meta-llama/Llama-3.1-8B -> None requests
[2026-08-22 14:00:01.874 Model_Service_1] [PAPER-KV-V6] fetch Qwen/Qwen2.5-3B-Instruct -> None requests
[2026-08-22 14:00:01.876 Model_Service_3] [PAPER-KV-V6] fetch meta-llama/Llama-3.1-8B -> None requests
[2026-08-22 14:00:01.885 Model_Service_1] [PAPER-KV-V6] fetch Qwen/Qwen2.5-3B-Instruct -> None requests
[2026-08-22 14:00:01.886 Model_Service_3] [PAPER-KV-V6] fetch meta-llama/Llama-3.1-8B -> None requests
[2026-08-22 14:00:01.895 Model_Service_1] [PAPER-KV-V6] fetch Qwen/Qwen2.5-3B-Instruct -> None requests
[2026-08-22 14:00:01.897 Model_Service_3] [PAPER-KV-V6] fetch meta-llama/Llama-3.1-8B -> None requests
[2026-08-22 14:00:01.906 Model_Service_1] [PAPER-KV-V6] fetch Qwen/Qwen2.5-3B-Instruct -> None requests
[2026-08-22 14:00:01.907 Model_Service_3] [PAPER-KV-V6] fetch meta-llama/Llama-3.1-8B -> None requests
[2026-08-22 14:00:01.916 Model_Service_1] [PAPER-KV-V6] fetch Qwen/Qwen2.5-3B-Instruct -> None requests
[2026-08-22 14:00:01.917 Model_Service_3] [PAPER-KV-V6] fetch meta-llama/Llama-3.1-8B -> None requests
[2026-08-22 14:00:01.927 Model_Service_1] [PAPER-KV-V6] fetch Qwen/Qwen2.5-3B-Instruct -> None requests
[2026-08-22 14:00:01.927 Model_Service_3] [PAPER-KV-V6] fetch meta-llama/Llama-3.1-8B -> None requests
[2026-08-22 14:00:01.937 Model_Service_1] [PAPER-KV-V6] fetch Qwen/Qwen2.5-3B-Instruct -> None requests
[2026-08-22 14:00:01.937 Model_Service_3] [PAPER-KV-V6] fetch meta-llama/Llama-3.1-8B -> None requests
[2026-08-22 14:00:01.947 Model_Service_1] [PAPER-KV-V6] fetch Qwen/Qwen2.5-3B-Instruct -> None requests
[2026-08-22 14:00:01.948 Model_Service_3] [PAPER-KV-V6] fetch meta-llama/Llama-3.1-8B -> None requests
[2026-08-22 14:00:01.958 Model_Service_3] [PAPER-KV-V6] fetch meta-llama/Llama-3.1-8B -> None requests
[2026-08-22 14:00:01.958 Model_Service_1] [PAPER-KV-V6] fetch Qwen/Qwen2.5-3B-Instruct -> None requests
[2026-08-22 14:00:01.968 Model_Service_3] [PAPER-KV-V6] fetch meta-llama/Llama-3.1-8B -> None requests
[2026-08-22 14:00:01.969 Model_Service_1] [PAPER-KV-V6] fetch Qwen/Qwen2.5-3B-Instruct -> None requests
[2026-08-22 14:00:01.978 Model_Service_3] [PAPER-KV-V6] fetch meta-llama/Llama-3.1-8B -> None requests
[2026-08-22 14:00:01.980 Model_Service_1] [PAPER-KV-V6] fetch Qwen/Qwen2.5-3B-Instruct -> None requests
[2026-08-22 14:00:01.988 Model_Service_3] [PAPER-KV-V6] fetch meta-llama/Llama-3.1-8B -> None requests
[2026-08-22 14:00:01.990 Model_Service_1] [PAPER-KV-V6] fetch Qwen/Qwen2.5-3B-Instruct -> None requests
[2026-08-22 14:00:01.999 Model_Service_3] [PAPER-KV-V6] fetch meta-llama/Llama-3.1-8B -> None requests
[2026-08-22 14:00:02.001 Model_Service_1] [PAPER-KV-V6] fetch Qwen/Qwen2.5-3B-Instruct -> None requests
[2026-08-22 14:00:02.009 Model_Service_3] [PAPER-KV-V6] fetch meta-llama/Llama-3.1-8B -> None requests
[2026-08-22 14:00:02.011 Model_Service_1] [PAPER-KV-V6] fetch Qwen/Qwen2.5-3B-Instruct -> None requests
[2026-08-22 14:00:02.019 Model_Service_3] [PAPER-KV-V6] fetch meta-llama/Llama-3.1-8B -> None requests
[2026-08-22 14:00:02.022 Model_Service_1] [PAPER-KV-V6] fetch Qwen/Qwen2.5-3B-Instruct -> None requests
[2026-08-22 14:00:02.029 Model_Service_3] [PAPER-KV-V6] fetch meta-llama/Llama-3.1-8B -> None requests
[2026-08-22 14:00:02.033 Model_Service_1] [PAPER-KV-V6] fetch Qwen/Qwen2.5-3B-Instruct -> None requests
[2026-08-22 14:00:02.039 Model_Service_3] [PAPER-KV-V6] fetch meta-llama/Llama-3.1-8B -> None requests
[2026-08-22 14:00:02.043 Model_Service_1] [PAPER-KV-V6] fetch Qwen/Qwen2.5-3B-Instruct -> None requests
[2026-08-22 14:00:02.050 Model_Service_3] [PAPER-KV-V6] fetch meta-llama/Llama-3.1-8B -> None requests
[2026-08-22 14:00:02.054 Model_Service_1] [PAPER-KV-V6] fetch Qwen/Qwen2.5-3B-Instruct -> None requests
[2026-08-22 14:00:02.058 Model_Service_2] Model service 2 input queue is empty, waiting for next request
[2026-08-22 14:00:02.060 Model_Service_3] [PAPER-KV-V6] fetch meta-llama/Llama-3.1-8B -> None requests
[2026-08-22 14:00:02.065 Model_Service_1] [PAPER-KV-V6] fetch Qwen/Qwen2.5-3B-Instruct -> None requests
[2026-08-22 14:00:02.070 Model_Service_3] [PAPER-KV-V6] fetch meta-llama/Llama-3.1-8B -> None requests
[2026-08-22 14:00:02.076 Model_Service_1] [PAPER-KV-V6] fetch Qwen/Qwen2.5-3B-Instruct -> None requests
[2026-08-22 14:00:02.080 Model_Service_3] [PAPER-KV-V6] fetch meta-llama/Llama-3.1-8B -> None requests
[2026-08-22 14:00:02.086 Model_Service_1] [PAPER-KV-V6] fetch Qwen/Qwen2.5-3B-Instruct -> None requests
[2026-08-22 14:00:02.090 Model_Service_3] [PAPER-KV-V6] fetch meta-llama/Llama-3.1-8B -> None requests
[2026-08-22 14:00:02.097 Model_Service_1] [PAPER-KV-V6] fetch Qwen/Qwen2.5-3B-Instruct -> None requests
[2026-08-22 14:00:02.101 Model_Service_3] [PAPER-KV-V6] fetch meta-llama/Llama-3.1-8B -> None requests
[2026-08-22 14:00:02.108 Model_Service_1] [PAPER-KV-V6] fetch Qwen/Qwen2.5-3B-Instruct -> None requests
[2026-08-22 14:00:02.111 Model_Service_3] [PAPER-KV-V6] fetch meta-llama/Llama-3.1-8B -> None requests
[2026-08-22 14:00:02.119 Model_Service_1] [PAPER-KV-V6] fetch Qwen/Qwen2.5-3B-Instruct -> None requests
[2026-08-22 14:00:02.121 Model_Service_3] [PAPER-KV-V6] fetch meta-llama/Llama-3.1-8B -> None requests
[2026-08-22 14:00:02.129 Model_Service_1] [PAPER-KV-V6] fetch Qwen/Qwen2.5-3B-Instruct -> None requests
[2026-08-22 14:00:02.131 Model_Service_3] [PAPER-KV-V6] fetch meta-llama/Llama-3.1-8B -> None requests
[2026-08-22 14:00:02.140 Model_Service_1] [PAPER-KV-V6] fetch Qwen/Qwen2.5-3B-Instruct -> None requests
[2026-08-22 14:00:02.141 Model_Service_3] [PAPER-KV-V6] fetch meta-llama/Llama-3.1-8B -> None requests
[2026-08-22 14:00:02.150 Model_Service_1] [PAPER-KV-V6] fetch Qwen/Qwen2.5-3B-Instruct -> None requests
[2026-08-22 14:00:02.152 Model_Service_3] [PAPER-KV-V6] fetch meta-llama/Llama-3.1-8B -> None requests
[2026-08-22 14:00:02.161 Model_Service_1] [PAPER-KV-V6] fetch Qwen/Qwen2.5-3B-Instruct -> None requests
[2026-08-22 14:00:02.162 Model_Service_3] [PAPER-KV-V6] fetch meta-llama/Llama-3.1-8B -> None requests
[2026-08-22 14:00:02.171 Model_Service_1] [PAPER-KV-V6] fetch Qwen/Qwen2.5-3B-Instruct -> None requests
[2026-08-22 14:00:02.172 Model_Service_3] [PAPER-KV-V6] fetch meta-llama/Llama-3.1-8B -> None requests
[2026-08-22 14:00:02.181 Model_Service_1] [PAPER-KV-V6] fetch Qwen/Qwen2.5-3B-Instruct -> None requests
[2026-08-22 14:00:02.182 Model_Service_3] [PAPER-KV-V6] fetch meta-llama/Llama-3.1-8B -> None requests
[2026-08-22 14:00:02.191 Model_Service_1] [PAPER-KV-V6] fetch Qwen/Qwen2.5-3B-Instruct -> None requests
[2026-08-22 14:00:02.192 Model_Service_3] [PAPER-KV-V6] fetch meta-llama/Llama-3.1-8B -> None requests
[2026-08-22 14:00:02.202 Model_Service_1] [PAPER-KV-V6] fetch Qwen/Qwen2.5-3B-Instruct -> None requests
[2026-08-22 14:00:02.203 Model_Service_3] [PAPER-KV-V6] fetch meta-llama/Llama-3.1-8B -> None requests
[2026-08-22 14:00:02.212 Model_Service_1] [PAPER-KV-V6] fetch Qwen/Qwen2.5-3B-Instruct -> None requests
[2026-08-22 14:00:02.213 Model_Service_3] [PAPER-KV-V6] fetch meta-llama/Llama-3.1-8B -> None requests
[2026-08-22 14:00:02.223 Model_Service_1] [PAPER-KV-V6] fetch Qwen/Qwen2.5-3B-Instruct -> None requests
[2026-08-22 14:00:02.223 Model_Service_3] [PAPER-KV-V6] fetch meta-llama/Llama-3.1-8B -> None requests
[2026-08-22 14:00:02.233 Model_Service_3] [PAPER-KV-V6] fetch meta-llama/Llama-3.1-8B -> None requests
[2026-08-22 14:00:02.233 Model_Service_1] [PAPER-KV-V6] fetch Qwen/Qwen2.5-3B-Instruct -> None requests
[2026-08-22 14:00:02.244 Model_Service_3] [PAPER-KV-V6] fetch meta-llama/Llama-3.1-8B -> None requests
[2026-08-22 14:00:02.244 Model_Service_1] [PAPER-KV-V6] fetch Qwen/Qwen2.5-3B-Instruct -> None requests
[2026-08-22 14:00:02.254 Model_Service_3] [PAPER-KV-V6] fetch meta-llama/Llama-3.1-8B -> None requests
[2026-08-22 14:00:02.255 Model_Service_1] [PAPER-KV-V6] fetch Qwen/Qwen2.5-3B-Instruct -> None requests
[2026-08-22 14:00:02.264 Model_Service_3] [PAPER-KV-V6] fetch meta-llama/Llama-3.1-8B -> None requests
[2026-08-22 14:00:02.266 Model_Service_1] [PAPER-KV-V6] fetch Qwen/Qwen2.5-3B-Instruct -> None requests
[2026-08-22 14:00:02.274 Model_Service_3] [PAPER-KV-V6] fetch meta-llama/Llama-3.1-8B -> None requests
[2026-08-22 14:00:02.276 Model_Service_1] [PAPER-KV-V6] fetch Qwen/Qwen2.5-3B-Instruct -> None requests
[2026-08-22 14:00:02.284 Model_Service_3] [PAPER-KV-V6] fetch meta-llama/Llama-3.1-8B -> None requests
[2026-08-22 14:00:02.287 Model_Service_1] [PAPER-KV-V6] fetch Qwen/Qwen2.5-3B-Instruct -> None requests
[2026-08-22 14:00:02.295 Model_Service_3] [PAPER-KV-V6] fetch meta-llama/Llama-3.1-8B -> None requests
[2026-08-22 14:00:02.298 Model_Service_1] [PAPER-KV-V6] fetch Qwen/Qwen2.5-3B-Instruct -> None requests
[2026-08-22 14:00:02.305 Model_Service_3] [PAPER-KV-V6] fetch meta-llama/Llama-3.1-8B -> None requests
[2026-08-22 14:00:02.309 Model_Service_1] [PAPER-KV-V6] fetch Qwen/Qwen2.5-3B-Instruct -> None requests
[2026-08-22 14:00:02.315 Model_Service_3] [PAPER-KV-V6] fetch meta-llama/Llama-3.1-8B -> None requests
[2026-08-22 14:00:02.320 Model_Service_1] [PAPER-KV-V6] fetch Qwen/Qwen2.5-3B-Instruct -> None requests
[2026-08-22 14:00:02.325 Model_Service_3] [PAPER-KV-V6] fetch meta-llama/Llama-3.1-8B -> None requests
[2026-08-22 14:00:02.330 Model_Service_1] [PAPER-KV-V6] fetch Qwen/Qwen2.5-3B-Instruct -> None requests
[2026-08-22 14:00:02.336 Model_Service_3] [PAPER-KV-V6] fetch meta-llama/Llama-3.1-8B -> None requests
[2026-08-22 14:00:02.341 Model_Service_1] [PAPER-KV-V6] fetch Qwen/Qwen2.5-3B-Instruct -> None requests
[2026-08-22 14:00:02.346 Model_Service_3] [PAPER-KV-V6] fetch meta-llama/Llama-3.1-8B -> None requests
[2026-08-22 14:00:02.352 Model_Service_1] [PAPER-KV-V6] fetch Qwen/Qwen2.5-3B-Instruct -> None requests
[2026-08-22 14:00:02.356 Model_Service_3] [PAPER-KV-V6] fetch meta-llama/Llama-3.1-8B -> None requests
[2026-08-22 14:00:02.362 Model_Service_1] [PAPER-KV-V6] fetch Qwen/Qwen2.5-3B-Instruct -> None requests
[2026-08-22 14:00:02.366 Model_Service_3] [PAPER-KV-V6] fetch meta-llama/Llama-3.1-8B -> None requests
[2026-08-22 14:00:02.373 Model_Service_1] [PAPER-KV-V6] fetch Qwen/Qwen2.5-3B-Instruct -> None requests
[2026-08-22 14:00:02.377 Model_Service_3] [PAPER-KV-V6] fetch meta-llama/Llama-3.1-8B -> None requests
[2026-08-22 14:00:02.383 Model_Service_1] [PAPER-KV-V6] fetch Qwen/Qwen2.5-3B-Instruct -> None requests
[2026-08-22 14:00:02.387 Model_Service_3] [PAPER-KV-V6] fetch meta-llama/Llama-3.1-8B -> None requests
[2026-08-22 14:00:02.394 Model_Service_1] [PAPER-KV-V6] fetch Qwen/Qwen2.5-3B-Instruct -> None requests
[2026-08-22 14:00:02.397 Model_Service_3] [PAPER-KV-V6] fetch meta-llama/Llama-3.1-8B -> None requests
[2026-08-22 14:00:02.404 Model_Service_1] [PAPER-KV-V6] fetch Qwen/Qwen2.5-3B-Instruct -> None requests
[2026-08-22 14:00:02.407 Model_Service_3] [PAPER-KV-V6] fetch meta-llama/Llama-3.1-8B -> None requests
[2026-08-22 14:00:02.415 Model_Service_1] [PAPER-KV-V6] fetch Qwen/Qwen2.5-3B-Instruct -> None requests
[2026-08-22 14:00:02.418 Model_Service_3] [PAPER-KV-V6] fetch meta-llama/Llama-3.1-8B -> None requests
[2026-08-22 14:00:02.426 Model_Service_1] [PAPER-KV-V6] fetch Qwen/Qwen2.5-3B-Instruct -> None requests
[2026-08-22 14:00:02.428 Model_Service_3] [PAPER-KV-V6] fetch meta-llama/Llama-3.1-8B -> None requests
[2026-08-22 14:00:02.437 Model_Service_1] [PAPER-KV-V6] fetch Qwen/Qwen2.5-3B-Instruct -> None requests
[2026-08-22 14:00:02.438 Model_Service_3] [PAPER-KV-V6] fetch meta-llama/Llama-3.1-8B -> None requests
[2026-08-22 14:00:02.447 Model_Service_1] [PAPER-KV-V6] fetch Qwen/Qwen2.5-3B-Instruct -> None requests
[2026-08-22 14:00:02.448 Model_Service_3] [PAPER-KV-V6] fetch meta-llama/Llama-3.1-8B -> None requests
[2026-08-22 14:00:02.458 Model_Service_1] [PAPER-KV-V6] fetch Qwen/Qwen2.5-3B-Instruct -> None requests
[2026-08-22 14:00:02.459 Model_Service_3] [PAPER-KV-V6] fetch meta-llama/Llama-3.1-8B -> None requests
[2026-08-22 14:00:02.469 Model_Service_1] [PAPER-KV-V6] fetch Qwen/Qwen2.5-3B-Instruct -> None requests
[2026-08-22 14:00:02.469 Model_Service_3] [PAPER-KV-V6] fetch meta-llama/Llama-3.1-8B -> None requests
[2026-08-22 14:00:02.479 Model_Service_3] [PAPER-KV-V6] fetch meta-llama/Llama-3.1-8B -> None requests
[2026-08-22 14:00:02.479 Model_Service_1] [PAPER-KV-V6] fetch Qwen/Qwen2.5-3B-Instruct -> None requests
[2026-08-22 14:00:02.489 Model_Service_3] [PAPER-KV-V6] fetch meta-llama/Llama-3.1-8B -> None requests
[2026-08-22 14:00:02.490 Model_Service_1] [PAPER-KV-V6] fetch Qwen/Qwen2.5-3B-Instruct -> None requests
[2026-08-22 14:00:02.500 Model_Service_3] [PAPER-KV-V6] fetch meta-llama/Llama-3.1-8B -> None requests
[2026-08-22 14:00:02.501 Model_Service_1] [PAPER-KV-V6] fetch Qwen/Qwen2.5-3B-Instruct -> None requests
[2026-08-22 14:00:02.510 Model_Service_3] [PAPER-KV-V6] fetch meta-llama/Llama-3.1-8B -> None requests
[2026-08-22 14:00:02.512 Model_Service_1] [PAPER-KV-V6] fetch Qwen/Qwen2.5-3B-Instruct -> None requests
[2026-08-22 14:00:02.520 Model_Service_3] [PAPER-KV-V6] fetch meta-llama/Llama-3.1-8B -> None requests
[2026-08-22 14:00:02.522 Model_Service_1] [PAPER-KV-V6] fetch Qwen/Qwen2.5-3B-Instruct -> None requests
[2026-08-22 14:00:02.530 Model_Service_3] [PAPER-KV-V6] fetch meta-llama/Llama-3.1-8B -> None requests
[2026-08-22 14:00:02.533 Model_Service_1] [PAPER-KV-V6] fetch Qwen/Qwen2.5-3B-Instruct -> None requests
[2026-08-22 14:00:02.541 Model_Service_3] [PAPER-KV-V6] fetch meta-llama/Llama-3.1-8B -> None requests
[2026-08-22 14:00:02.544 Model_Service_1] [PAPER-KV-V6] fetch Qwen/Qwen2.5-3B-Instruct -> None requests
[2026-08-22 14:00:02.551 Model_Service_3] [PAPER-KV-V6] fetch meta-llama/Llama-3.1-8B -> None requests
[2026-08-22 14:00:02.554 Model_Service_1] [PAPER-KV-V6] fetch Qwen/Qwen2.5-3B-Instruct -> None requests
[2026-08-22 14:00:02.561 Model_Service_3] [PAPER-KV-V6] fetch meta-llama/Llama-3.1-8B -> None requests
[2026-08-22 14:00:02.565 Model_Service_1] [PAPER-KV-V6] fetch Qwen/Qwen2.5-3B-Instruct -> None requests
[2026-08-22 14:00:02.571 Model_Service_3] [PAPER-KV-V6] fetch meta-llama/Llama-3.1-8B -> None requests
[2026-08-22 14:00:02.576 Model_Service_1] [PAPER-KV-V6] fetch Qwen/Qwen2.5-3B-Instruct -> None requests
[2026-08-22 14:00:02.582 Model_Service_3] [PAPER-KV-V6] fetch meta-llama/Llama-3.1-8B -> None requests
[2026-08-22 14:00:02.587 Model_Service_1] [PAPER-KV-V6] fetch Qwen/Qwen2.5-3B-Instruct -> None requests
[2026-08-22 14:00:02.592 Model_Service_3] [PAPER-KV-V6] fetch meta-llama/Llama-3.1-8B -> None requests
[2026-08-22 14:00:02.597 Model_Service_1] [PAPER-KV-V6] fetch Qwen/Qwen2.5-3B-Instruct -> None requests
[2026-08-22 14:00:02.602 Model_Service_3] [PAPER-KV-V6] fetch meta-llama/Llama-3.1-8B -> None requests
[2026-08-22 14:00:02.608 Model_Service_1] [PAPER-KV-V6] fetch Qwen/Qwen2.5-3B-Instruct -> None requests
[2026-08-22 14:00:02.612 Model_Service_3] [PAPER-KV-V6] fetch meta-llama/Llama-3.1-8B -> None requests
[2026-08-22 14:00:02.619 Model_Service_1] [PAPER-KV-V6] fetch Qwen/Qwen2.5-3B-Instruct -> None requests
[2026-08-22 14:00:02.623 Model_Service_3] [PAPER-KV-V6] fetch meta-llama/Llama-3.1-8B -> None requests
[2026-08-22 14:00:02.629 Model_Service_1] [PAPER-KV-V6] fetch Qwen/Qwen2.5-3B-Instruct -> None requests
[2026-08-22 14:00:02.633 Model_Service_3] [PAPER-KV-V6] fetch meta-llama/Llama-3.1-8B -> None requests
[2026-08-22 14:00:02.640 Model_Service_1] [PAPER-KV-V6] fetch Qwen/Qwen2.5-3B-Instruct -> None requests
[2026-08-22 14:00:02.643 Model_Service_3] [PAPER-KV-V6] fetch meta-llama/Llama-3.1-8B -> None requests
[2026-08-22 14:00:02.651 Model_Service_1] [PAPER-KV-V6] fetch Qwen/Qwen2.5-3B-Instruct -> None requests
[2026-08-22 14:00:02.653 Model_Service_3] [PAPER-KV-V6] fetch meta-llama/Llama-3.1-8B -> None requests
[2026-08-22 14:00:02.661 Model_Service_1] [PAPER-KV-V6] fetch Qwen/Qwen2.5-3B-Instruct -> None requests
[2026-08-22 14:00:02.664 Model_Service_3] [PAPER-KV-V6] fetch meta-llama/Llama-3.1-8B -> None requests
[2026-08-22 14:00:02.672 Model_Service_1] [PAPER-KV-V6] fetch Qwen/Qwen2.5-3B-Instruct -> None requests
[2026-08-22 14:00:02.674 Model_Service_3] [PAPER-KV-V6] fetch meta-llama/Llama-3.1-8B -> None requests
[2026-08-22 14:00:02.683 Model_Service_1] [PAPER-KV-V6] fetch Qwen/Qwen2.5-3B-Instruct -> None requests
[2026-08-22 14:00:02.684 Model_Service_3] [PAPER-KV-V6] fetch meta-llama/Llama-3.1-8B -> None requests
[2026-08-22 14:00:02.694 Model_Service_1] [PAPER-KV-V6] fetch Qwen/Qwen2.5-3B-Instruct -> None requests
[2026-08-22 14:00:02.695 Model_Service_3] [PAPER-KV-V6] fetch meta-llama/Llama-3.1-8B -> None requests
[2026-08-22 14:00:02.705 Model_Service_3] [PAPER-KV-V6] fetch meta-llama/Llama-3.1-8B -> None requests
[2026-08-22 14:00:02.705 Model_Service_1] [PAPER-KV-V6] fetch Qwen/Qwen2.5-3B-Instruct -> None requests
[2026-08-22 14:00:02.715 Model_Service_3] [PAPER-KV-V6] fetch meta-llama/Llama-3.1-8B -> None requests
[2026-08-22 14:00:02.715 Model_Service_1] [PAPER-KV-V6] fetch Qwen/Qwen2.5-3B-Instruct -> None requests
[2026-08-22 14:00:02.725 Model_Service_3] [PAPER-KV-V6] fetch meta-llama/Llama-3.1-8B -> None requests
[2026-08-22 14:00:02.726 Model_Service_1] [PAPER-KV-V6] fetch Qwen/Qwen2.5-3B-Instruct -> None requests
[2026-08-22 14:00:02.736 Model_Service_3] [PAPER-KV-V6] fetch meta-llama/Llama-3.1-8B -> None requests
[2026-08-22 14:00:02.737 Model_Service_1] [PAPER-KV-V6] fetch Qwen/Qwen2.5-3B-Instruct -> None requests
[2026-08-22 14:00:02.746 Model_Service_3] [PAPER-KV-V6] fetch meta-llama/Llama-3.1-8B -> None requests
[2026-08-22 14:00:02.748 Model_Service_1] [PAPER-KV-V6] fetch Qwen/Qwen2.5-3B-Instruct -> None requests
[2026-08-22 14:00:02.756 Model_Service_3] [PAPER-KV-V6] fetch meta-llama/Llama-3.1-8B -> None requests
[2026-08-22 14:00:02.758 Model_Service_1] [PAPER-KV-V6] fetch Qwen/Qwen2.5-3B-Instruct -> None requests
[2026-08-22 14:00:02.766 Model_Service_3] [PAPER-KV-V6] fetch meta-llama/Llama-3.1-8B -> None requests
[2026-08-22 14:00:02.769 Model_Service_1] [PAPER-KV-V6] fetch Qwen/Qwen2.5-3B-Instruct -> None requests
[2026-08-22 14:00:02.777 Model_Service_3] [PAPER-KV-V6] fetch meta-llama/Llama-3.1-8B -> None requests
[2026-08-22 14:00:02.780 Model_Service_1] [PAPER-KV-V6] fetch Qwen/Qwen2.5-3B-Instruct -> None requests
[2026-08-22 14:00:02.787 Model_Service_3] [PAPER-KV-V6] fetch meta-llama/Llama-3.1-8B -> None requests
[2026-08-22 14:00:02.791 Model_Service_1] [PAPER-KV-V6] fetch Qwen/Qwen2.5-3B-Instruct -> None requests
[2026-08-22 14:00:02.797 Model_Service_3] [PAPER-KV-V6] fetch meta-llama/Llama-3.1-8B -> None requests
[2026-08-22 14:00:02.801 Model_Service_1] [PAPER-KV-V6] fetch Qwen/Qwen2.5-3B-Instruct -> None requests
[2026-08-22 14:00:02.807 Model_Service_3] [PAPER-KV-V6] fetch meta-llama/Llama-3.1-8B -> None requests
[2026-08-22 14:00:02.812 Model_Service_1] [PAPER-KV-V6] fetch Qwen/Qwen2.5-3B-Instruct -> None requests
[2026-08-22 14:00:02.818 Model_Service_3] [PAPER-KV-V6] fetch meta-llama/Llama-3.1-8B -> None requests
[2026-08-22 14:00:02.823 Model_Service_1] [PAPER-KV-V6] fetch Qwen/Qwen2.5-3B-Instruct -> None requests
[2026-08-22 14:00:02.828 Model_Service_3] [PAPER-KV-V6] fetch meta-llama/Llama-3.1-8B -> None requests
[2026-08-22 14:00:02.833 Model_Service_1] [PAPER-KV-V6] fetch Qwen/Qwen2.5-3B-Instruct -> None requests
[2026-08-22 14:00:02.838 Model_Service_3] [PAPER-KV-V6] fetch meta-llama/Llama-3.1-8B -> None requests
[2026-08-22 14:00:02.844 Model_Service_1] [PAPER-KV-V6] fetch Qwen/Qwen2.5-3B-Instruct -> None requests
[2026-08-22 14:00:02.848 Model_Service_3] [PAPER-KV-V6] fetch meta-llama/Llama-3.1-8B -> None requests
[2026-08-22 14:00:02.855 Model_Service_1] [PAPER-KV-V6] fetch Qwen/Qwen2.5-3B-Instruct -> None requests
[2026-08-22 14:00:02.859 Model_Service_3] [PAPER-KV-V6] fetch meta-llama/Llama-3.1-8B -> None requests
[2026-08-22 14:00:02.865 Model_Service_1] [PAPER-KV-V6] fetch Qwen/Qwen2.5-3B-Instruct -> None requests
[2026-08-22 14:00:02.869 Model_Service_3] [PAPER-KV-V6] fetch meta-llama/Llama-3.1-8B -> None requests
[2026-08-22 14:00:02.876 Model_Service_1] [PAPER-KV-V6] fetch Qwen/Qwen2.5-3B-Instruct -> None requests
[2026-08-22 14:00:02.879 Model_Service_3] [PAPER-KV-V6] fetch meta-llama/Llama-3.1-8B -> None requests
[2026-08-22 14:00:02.887 Model_Service_1] [PAPER-KV-V6] fetch Qwen/Qwen2.5-3B-Instruct -> None requests
[2026-08-22 14:00:02.889 Model_Service_3] [PAPER-KV-V6] fetch meta-llama/Llama-3.1-8B -> None requests
[2026-08-22 14:00:02.897 Model_Service_1] [PAPER-KV-V6] fetch Qwen/Qwen2.5-3B-Instruct -> None requests
[2026-08-22 14:00:02.900 Model_Service_3] [PAPER-KV-V6] fetch meta-llama/Llama-3.1-8B -> None requests
[2026-08-22 14:00:02.908 Model_Service_1] [PAPER-KV-V6] fetch Qwen/Qwen2.5-3B-Instruct -> None requests
[2026-08-22 14:00:02.910 Model_Service_3] [PAPER-KV-V6] fetch meta-llama/Llama-3.1-8B -> None requests
[2026-08-22 14:00:02.918 Model_Service_1] [PAPER-KV-V6] fetch Qwen/Qwen2.5-3B-Instruct -> None requests
[2026-08-22 14:00:02.920 Model_Service_3] [PAPER-KV-V6] fetch meta-llama/Llama-3.1-8B -> None requests
[2026-08-22 14:00:02.929 Model_Service_1] [PAPER-KV-V6] fetch Qwen/Qwen2.5-3B-Instruct -> None requests
[2026-08-22 14:00:02.930 Model_Service_3] [PAPER-KV-V6] fetch meta-llama/Llama-3.1-8B -> None requests
[2026-08-22 14:00:02.939 Model_Service_1] [PAPER-KV-V6] fetch Qwen/Qwen2.5-3B-Instruct -> None requests
[2026-08-22 14:00:02.941 Model_Service_3] [PAPER-KV-V6] fetch meta-llama/Llama-3.1-8B -> None requests
[2026-08-22 14:00:02.950 Model_Service_1] [PAPER-KV-V6] fetch Qwen/Qwen2.5-3B-Instruct -> None requests
[2026-08-22 14:00:02.951 Model_Service_3] [PAPER-KV-V6] fetch meta-llama/Llama-3.1-8B -> None requests
[2026-08-22 14:00:02.961 Model_Service_1] [PAPER-KV-V6] fetch Qwen/Qwen2.5-3B-Instruct -> None requests
[2026-08-22 14:00:02.961 Model_Service_3] [PAPER-KV-V6] fetch meta-llama/Llama-3.1-8B -> None requests
[2026-08-22 14:00:02.971 Model_Service_3] [PAPER-KV-V6] fetch meta-llama/Llama-3.1-8B -> None requests
[2026-08-22 14:00:02.972 Model_Service_1] [PAPER-KV-V6] fetch Qwen/Qwen2.5-3B-Instruct -> None requests
[2026-08-22 14:00:02.982 Model_Service_1] [PAPER-KV-V6] fetch Qwen/Qwen2.5-3B-Instruct -> None requests
[2026-08-22 14:00:02.985 Model_Service_3] [PAPER-KV-V6] fetch meta-llama/Llama-3.1-8B -> None requests
[2026-08-22 14:00:02.993 Model_Service_1] [PAPER-KV-V6] fetch Qwen/Qwen2.5-3B-Instruct -> None requests
[2026-08-22 14:00:02.995 Model_Service_3] [PAPER-KV-V6] fetch meta-llama/Llama-3.1-8B -> None requests
[2026-08-22 14:00:03.004 Model_Service_1] [PAPER-KV-V6] fetch Qwen/Qwen2.5-3B-Instruct -> None requests
[2026-08-22 14:00:03.006 Model_Service_3] [PAPER-KV-V6] fetch meta-llama/Llama-3.1-8B -> None requests
[2026-08-22 14:00:03.015 Model_Service_1] [PAPER-KV-V6] fetch Qwen/Qwen2.5-3B-Instruct -> None requests
[2026-08-22 14:00:03.016 Model_Service_3] [PAPER-KV-V6] fetch meta-llama/Llama-3.1-8B -> None requests
[2026-08-22 14:00:03.025 Model_Service_1] [PAPER-KV-V6] fetch Qwen/Qwen2.5-3B-Instruct -> None requests
[2026-08-22 14:00:03.027 Model_Service_3] [PAPER-KV-V6] fetch meta-llama/Llama-3.1-8B -> None requests
[2026-08-22 14:00:03.036 Model_Service_1] [PAPER-KV-V6] fetch Qwen/Qwen2.5-3B-Instruct -> None requests
[2026-08-22 14:00:03.037 Model_Service_3] [PAPER-KV-V6] fetch meta-llama/Llama-3.1-8B -> None requests
[2026-08-22 14:00:03.046 Model_Service_1] [PAPER-KV-V6] fetch Qwen/Qwen2.5-3B-Instruct -> None requests
[2026-08-22 14:00:03.047 Model_Service_3] [PAPER-KV-V6] fetch meta-llama/Llama-3.1-8B -> None requests
[2026-08-22 14:00:03.057 Model_Service_1] [PAPER-KV-V6] fetch Qwen/Qwen2.5-3B-Instruct -> None requests
[2026-08-22 14:00:03.057 Model_Service_3] [PAPER-KV-V6] fetch meta-llama/Llama-3.1-8B -> None requests
[2026-08-22 14:00:03.067 Model_Service_1] [PAPER-KV-V6] fetch Qwen/Qwen2.5-3B-Instruct -> None requests
[2026-08-22 14:00:03.068 Model_Service_3] [PAPER-KV-V6] fetch meta-llama/Llama-3.1-8B -> None requests
[2026-08-22 14:00:03.077 Model_Service_1] [PAPER-KV-V6] fetch Qwen/Qwen2.5-3B-Instruct -> None requests
[2026-08-22 14:00:03.078 Model_Service_3] [PAPER-KV-V6] fetch meta-llama/Llama-3.1-8B -> None requests
[2026-08-22 14:00:03.087 Model_Service_1] [PAPER-KV-V6] fetch Qwen/Qwen2.5-3B-Instruct -> None requests
[2026-08-22 14:00:03.088 Model_Service_3] [PAPER-KV-V6] fetch meta-llama/Llama-3.1-8B -> None requests
[2026-08-22 14:00:03.098 Model_Service_1] [PAPER-KV-V6] fetch Qwen/Qwen2.5-3B-Instruct -> None requests
[2026-08-22 14:00:03.098 Model_Service_3] [PAPER-KV-V6] fetch meta-llama/Llama-3.1-8B -> None requests
[2026-08-22 14:00:03.108 Model_Service_1] [PAPER-KV-V6] fetch Qwen/Qwen2.5-3B-Instruct -> None requests
[2026-08-22 14:00:03.108 Model_Service_3] [PAPER-KV-V6] fetch meta-llama/Llama-3.1-8B -> None requests
[2026-08-22 14:00:03.118 Model_Service_1] [PAPER-KV-V6] fetch Qwen/Qwen2.5-3B-Instruct -> None requests
[2026-08-22 14:00:03.119 Model_Service_3] [PAPER-KV-V6] fetch meta-llama/Llama-3.1-8B -> None requests
[2026-08-22 14:00:03.128 Model_Service_1] [PAPER-KV-V6] fetch Qwen/Qwen2.5-3B-Instruct -> None requests
[2026-08-22 14:00:03.129 Model_Service_3] [PAPER-KV-V6] fetch meta-llama/Llama-3.1-8B -> None requests
[2026-08-22 14:00:03.139 Model_Service_1] [PAPER-KV-V6] fetch Qwen/Qwen2.5-3B-Instruct -> None requests
[2026-08-22 14:00:03.139 Model_Service_3] [PAPER-KV-V6] fetch meta-llama/Llama-3.1-8B -> None requests
[2026-08-22 14:00:03.149 Model_Service_1] [PAPER-KV-V6] fetch Qwen/Qwen2.5-3B-Instruct -> None requests
[2026-08-22 14:00:03.149 Model_Service_3] [PAPER-KV-V6] fetch meta-llama/Llama-3.1-8B -> None requests
[2026-08-22 14:00:03.159 Model_Service_1] [PAPER-KV-V6] fetch Qwen/Qwen2.5-3B-Instruct -> None requests
[2026-08-22 14:00:03.160 Model_Service_3] [PAPER-KV-V6] fetch meta-llama/Llama-3.1-8B -> None requests
[2026-08-22 14:00:03.169 Model_Service_1] [PAPER-KV-V6] fetch Qwen/Qwen2.5-3B-Instruct -> None requests
[2026-08-22 14:00:03.170 Model_Service_3] [PAPER-KV-V6] fetch meta-llama/Llama-3.1-8B -> None requests
[2026-08-22 14:00:03.180 Model_Service_1] [PAPER-KV-V6] fetch Qwen/Qwen2.5-3B-Instruct -> None requests
[2026-08-22 14:00:03.180 Model_Service_3] [PAPER-KV-V6] fetch meta-llama/Llama-3.1-8B -> None requests
[2026-08-22 14:00:03.190 Model_Service_1] [PAPER-KV-V6] fetch Qwen/Qwen2.5-3B-Instruct -> None requests
[2026-08-22 14:00:03.190 Model_Service_3] [PAPER-KV-V6] fetch meta-llama/Llama-3.1-8B -> None requests
[2026-08-22 14:00:03.200 Model_Service_1] [PAPER-KV-V6] fetch Qwen/Qwen2.5-3B-Instruct -> None requests
[2026-08-22 14:00:03.201 Model_Service_3] [PAPER-KV-V6] fetch meta-llama/Llama-3.1-8B -> None requests
[2026-08-22 14:00:03.210 Model_Service_1] [PAPER-KV-V6] fetch Qwen/Qwen2.5-3B-Instruct -> None requests
[2026-08-22 14:00:03.211 Model_Service_3] [PAPER-KV-V6] fetch meta-llama/Llama-3.1-8B -> None requests
[2026-08-22 14:00:03.221 Model_Service_1] [PAPER-KV-V6] fetch Qwen/Qwen2.5-3B-Instruct -> None requests
[2026-08-22 14:00:03.221 Model_Service_3] [PAPER-KV-V6] fetch meta-llama/Llama-3.1-8B -> None requests
[2026-08-22 14:00:03.231 Model_Service_1] [PAPER-KV-V6] fetch Qwen/Qwen2.5-3B-Instruct -> None requests
[2026-08-22 14:00:03.231 Model_Service_3] [PAPER-KV-V6] fetch meta-llama/Llama-3.1-8B -> None requests
[2026-08-22 14:00:03.241 Model_Service_1] [PAPER-KV-V6] fetch Qwen/Qwen2.5-3B-Instruct -> None requests
[2026-08-22 14:00:03.242 Model_Service_3] [PAPER-KV-V6] fetch meta-llama/Llama-3.1-8B -> None requests
[2026-08-22 14:00:03.251 Model_Service_1] [PAPER-KV-V6] fetch Qwen/Qwen2.5-3B-Instruct -> None requests
[2026-08-22 14:00:03.252 Model_Service_3] [PAPER-KV-V6] fetch meta-llama/Llama-3.1-8B -> None requests
[2026-08-22 14:00:03.262 Model_Service_1] [PAPER-KV-V6] fetch Qwen/Qwen2.5-3B-Instruct -> None requests
[2026-08-22 14:00:03.263 Model_Service_3] [PAPER-KV-V6] fetch meta-llama/Llama-3.1-8B -> None requests
[2026-08-22 14:00:03.272 Model_Service_1] [PAPER-KV-V6] fetch Qwen/Qwen2.5-3B-Instruct -> None requests
[2026-08-22 14:00:03.273 Model_Service_3] [PAPER-KV-V6] fetch meta-llama/Llama-3.1-8B -> None requests
[2026-08-22 14:00:03.282 Model_Service_1] [PAPER-KV-V6] fetch Qwen/Qwen2.5-3B-Instruct -> None requests
[2026-08-22 14:00:03.283 Model_Service_3] [PAPER-KV-V6] fetch meta-llama/Llama-3.1-8B -> None requests
[2026-08-22 14:00:03.292 Model_Service_1] [PAPER-KV-V6] fetch Qwen/Qwen2.5-3B-Instruct -> None requests
[2026-08-22 14:00:03.293 Model_Service_3] [PAPER-KV-V6] fetch meta-llama/Llama-3.1-8B -> None requests
[2026-08-22 14:00:03.303 Model_Service_1] [PAPER-KV-V6] fetch Qwen/Qwen2.5-3B-Instruct -> None requests
[2026-08-22 14:00:03.303 Model_Service_3] [PAPER-KV-V6] fetch meta-llama/Llama-3.1-8B -> None requests
[2026-08-22 14:00:03.313 Model_Service_1] [PAPER-KV-V6] fetch Qwen/Qwen2.5-3B-Instruct -> None requests
[2026-08-22 14:00:03.314 Model_Service_3] [PAPER-KV-V6] fetch meta-llama/Llama-3.1-8B -> None requests
[2026-08-22 14:00:03.323 Model_Service_1] [PAPER-KV-V6] fetch Qwen/Qwen2.5-3B-Instruct -> None requests
[2026-08-22 14:00:03.324 Model_Service_3] [PAPER-KV-V6] fetch meta-llama/Llama-3.1-8B -> None requests
[2026-08-22 14:00:03.333 Model_Service_1] [PAPER-KV-V6] fetch Qwen/Qwen2.5-3B-Instruct -> None requests
[2026-08-22 14:00:03.334 Model_Service_3] [PAPER-KV-V6] fetch meta-llama/Llama-3.1-8B -> None requests
[2026-08-22 14:00:03.344 Model_Service_1] [PAPER-KV-V6] fetch Qwen/Qwen2.5-3B-Instruct -> None requests
[2026-08-22 14:00:03.344 Model_Service_3] [PAPER-KV-V6] fetch meta-llama/Llama-3.1-8B -> None requests
[2026-08-22 14:00:03.354 Model_Service_1] [PAPER-KV-V6] fetch Qwen/Qwen2.5-3B-Instruct -> None requests
[2026-08-22 14:00:03.354 Model_Service_3] [PAPER-KV-V6] fetch meta-llama/Llama-3.1-8B -> None requests
[2026-08-22 14:00:03.364 Model_Service_1] [PAPER-KV-V6] fetch Qwen/Qwen2.5-3B-Instruct -> None requests
[2026-08-22 14:00:03.365 Model_Service_3] [PAPER-KV-V6] fetch meta-llama/Llama-3.1-8B -> None requests
[2026-08-22 14:00:03.374 Model_Service_1] [PAPER-KV-V6] fetch Qwen/Qwen2.5-3B-Instruct -> None requests
[2026-08-22 14:00:03.375 Model_Service_3] [PAPER-KV-V6] fetch meta-llama/Llama-3.1-8B -> None requests
[2026-08-22 14:00:03.385 Model_Service_1] [PAPER-KV-V6] fetch Qwen/Qwen2.5-3B-Instruct -> None requests
[2026-08-22 14:00:03.385 Model_Service_3] [PAPER-KV-V6] fetch meta-llama/Llama-3.1-8B -> None requests
[2026-08-22 14:00:03.395 Model_Service_1] [PAPER-KV-V6] fetch Qwen/Qwen2.5-3B-Instruct -> None requests
[2026-08-22 14:00:03.395 Model_Service_3] [PAPER-KV-V6] fetch meta-llama/Llama-3.1-8B -> None requests
[2026-08-22 14:00:03.405 Model_Service_1] [PAPER-KV-V6] fetch Qwen/Qwen2.5-3B-Instruct -> None requests
[2026-08-22 14:00:03.405 Model_Service_3] [PAPER-KV-V6] fetch meta-llama/Llama-3.1-8B -> None requests
[2026-08-22 14:00:03.416 Model_Service_3] [PAPER-KV-V6] fetch meta-llama/Llama-3.1-8B -> None requests
[2026-08-22 14:00:03.416 Model_Service_1] [PAPER-KV-V6] fetch Qwen/Qwen2.5-3B-Instruct -> None requests
[2026-08-22 14:00:03.426 Model_Service_3] [PAPER-KV-V6] fetch meta-llama/Llama-3.1-8B -> None requests
[2026-08-22 14:00:03.426 Model_Service_1] [PAPER-KV-V6] fetch Qwen/Qwen2.5-3B-Instruct -> None requests
[2026-08-22 14:00:03.436 Model_Service_3] [PAPER-KV-V6] fetch meta-llama/Llama-3.1-8B -> None requests
[2026-08-22 14:00:03.437 Model_Service_1] [PAPER-KV-V6] fetch Qwen/Qwen2.5-3B-Instruct -> None requests
[2026-08-22 14:00:03.446 Model_Service_3] [PAPER-KV-V6] fetch meta-llama/Llama-3.1-8B -> None requests
[2026-08-22 14:00:03.447 Model_Service_1] [PAPER-KV-V6] fetch Qwen/Qwen2.5-3B-Instruct -> None requests
[2026-08-22 14:00:03.457 Model_Service_3] [PAPER-KV-V6] fetch meta-llama/Llama-3.1-8B -> None requests
[2026-08-22 14:00:03.457 Model_Service_1] [PAPER-KV-V6] fetch Qwen/Qwen2.5-3B-Instruct -> None requests
[2026-08-22 14:00:03.467 Model_Service_3] [PAPER-KV-V6] fetch meta-llama/Llama-3.1-8B -> None requests
[2026-08-22 14:00:03.468 Model_Service_1] [PAPER-KV-V6] fetch Qwen/Qwen2.5-3B-Instruct -> None requests
[2026-08-22 14:00:03.477 Model_Service_3] [PAPER-KV-V6] fetch meta-llama/Llama-3.1-8B -> None requests
[2026-08-22 14:00:03.478 Model_Service_1] [PAPER-KV-V6] fetch Qwen/Qwen2.5-3B-Instruct -> None requests
[2026-08-22 14:00:03.487 Model_Service_3] [PAPER-KV-V6] fetch meta-llama/Llama-3.1-8B -> None requests
[2026-08-22 14:00:03.488 Model_Service_1] [PAPER-KV-V6] fetch Qwen/Qwen2.5-3B-Instruct -> None requests
[2026-08-22 14:00:03.497 Model_Service_3] [PAPER-KV-V6] fetch meta-llama/Llama-3.1-8B -> None requests
[2026-08-22 14:00:03.499 Model_Service_1] [PAPER-KV-V6] fetch Qwen/Qwen2.5-3B-Instruct -> None requests
[2026-08-22 14:00:03.508 Model_Service_3] [PAPER-KV-V6] fetch meta-llama/Llama-3.1-8B -> None requests
[2026-08-22 14:00:03.509 Model_Service_1] [PAPER-KV-V6] fetch Qwen/Qwen2.5-3B-Instruct -> None requests
[2026-08-22 14:00:03.518 Model_Service_3] [PAPER-KV-V6] fetch meta-llama/Llama-3.1-8B -> None requests
[2026-08-22 14:00:03.519 Model_Service_1] [PAPER-KV-V6] fetch Qwen/Qwen2.5-3B-Instruct -> None requests
[2026-08-22 14:00:03.528 Model_Service_3] [PAPER-KV-V6] fetch meta-llama/Llama-3.1-8B -> None requests
[2026-08-22 14:00:03.530 Model_Service_1] [PAPER-KV-V6] fetch Qwen/Qwen2.5-3B-Instruct -> None requests
[2026-08-22 14:00:03.538 Model_Service_3] [PAPER-KV-V6] fetch meta-llama/Llama-3.1-8B -> None requests
[2026-08-22 14:00:03.540 Model_Service_1] [PAPER-KV-V6] fetch Qwen/Qwen2.5-3B-Instruct -> None requests
[2026-08-22 14:00:03.549 Model_Service_3] [PAPER-KV-V6] fetch meta-llama/Llama-3.1-8B -> None requests
[2026-08-22 14:00:03.551 Model_Service_1] [PAPER-KV-V6] fetch Qwen/Qwen2.5-3B-Instruct -> None requests
[2026-08-22 14:00:03.559 Model_Service_3] [PAPER-KV-V6] fetch meta-llama/Llama-3.1-8B -> None requests
[2026-08-22 14:00:03.561 Model_Service_1] [PAPER-KV-V6] fetch Qwen/Qwen2.5-3B-Instruct -> None requests
[2026-08-22 14:00:03.569 Model_Service_3] [PAPER-KV-V6] fetch meta-llama/Llama-3.1-8B -> None requests
[2026-08-22 14:00:03.571 Model_Service_1] [PAPER-KV-V6] fetch Qwen/Qwen2.5-3B-Instruct -> None requests
[2026-08-22 14:00:03.579 Model_Service_3] [PAPER-KV-V6] fetch meta-llama/Llama-3.1-8B -> None requests
[2026-08-22 14:00:03.582 Model_Service_1] [PAPER-KV-V6] fetch Qwen/Qwen2.5-3B-Instruct -> None requests
[2026-08-22 14:00:03.589 Model_Service_3] [PAPER-KV-V6] fetch meta-llama/Llama-3.1-8B -> None requests
[2026-08-22 14:00:03.593 Model_Service_1] [PAPER-KV-V6] fetch Qwen/Qwen2.5-3B-Instruct -> None requests
[2026-08-22 14:00:03.600 Model_Service_3] [PAPER-KV-V6] fetch meta-llama/Llama-3.1-8B -> None requests
[2026-08-22 14:00:03.604 Model_Service_1] [PAPER-KV-V6] fetch Qwen/Qwen2.5-3B-Instruct -> None requests
[2026-08-22 14:00:03.610 Model_Service_3] [PAPER-KV-V6] fetch meta-llama/Llama-3.1-8B -> None requests
[2026-08-22 14:00:03.614 Model_Service_1] [PAPER-KV-V6] fetch Qwen/Qwen2.5-3B-Instruct -> None requests
[2026-08-22 14:00:03.620 Model_Service_3] [PAPER-KV-V6] fetch meta-llama/Llama-3.1-8B -> None requests
[2026-08-22 14:00:03.625 Model_Service_1] [PAPER-KV-V6] fetch Qwen/Qwen2.5-3B-Instruct -> None requests
[2026-08-22 14:00:03.630 Model_Service_3] [PAPER-KV-V6] fetch meta-llama/Llama-3.1-8B -> None requests
[2026-08-22 14:00:03.636 Model_Service_1] [PAPER-KV-V6] fetch Qwen/Qwen2.5-3B-Instruct -> None requests
[2026-08-22 14:00:03.641 Model_Service_3] [PAPER-KV-V6] fetch meta-llama/Llama-3.1-8B -> None requests
[2026-08-22 14:00:03.647 Model_Service_1] [PAPER-KV-V6] fetch Qwen/Qwen2.5-3B-Instruct -> None requests
[2026-08-22 14:00:03.651 Model_Service_3] [PAPER-KV-V6] fetch meta-llama/Llama-3.1-8B -> None requests
[2026-08-22 14:00:03.658 Model_Service_1] [PAPER-KV-V6] fetch Qwen/Qwen2.5-3B-Instruct -> None requests
[2026-08-22 14:00:03.661 Model_Service_3] [PAPER-KV-V6] fetch meta-llama/Llama-3.1-8B -> None requests
[2026-08-22 14:00:03.669 Model_Service_1] [PAPER-KV-V6] fetch Qwen/Qwen2.5-3B-Instruct -> None requests
[2026-08-22 14:00:03.671 Model_Service_3] [PAPER-KV-V6] fetch meta-llama/Llama-3.1-8B -> None requests
[2026-08-22 14:00:03.679 Model_Service_1] [PAPER-KV-V6] fetch Qwen/Qwen2.5-3B-Instruct -> None requests
[2026-08-22 14:00:03.682 Model_Service_3] [PAPER-KV-V6] fetch meta-llama/Llama-3.1-8B -> None requests
[2026-08-22 14:00:03.690 Model_Service_1] [PAPER-KV-V6] fetch Qwen/Qwen2.5-3B-Instruct -> None requests
[2026-08-22 14:00:03.692 Model_Service_3] [PAPER-KV-V6] fetch meta-llama/Llama-3.1-8B -> None requests
[2026-08-22 14:00:03.701 Model_Service_1] [PAPER-KV-V6] fetch Qwen/Qwen2.5-3B-Instruct -> None requests
[2026-08-22 14:00:03.702 Model_Service_3] [PAPER-KV-V6] fetch meta-llama/Llama-3.1-8B -> None requests
[2026-08-22 14:00:03.712 Model_Service_1] [PAPER-KV-V6] fetch Qwen/Qwen2.5-3B-Instruct -> None requests
[2026-08-22 14:00:03.712 Model_Service_3] [PAPER-KV-V6] fetch meta-llama/Llama-3.1-8B -> None requests
[2026-08-22 14:00:03.723 Model_Service_3] [PAPER-KV-V6] fetch meta-llama/Llama-3.1-8B -> None requests
[2026-08-22 14:00:03.723 Model_Service_1] [PAPER-KV-V6] fetch Qwen/Qwen2.5-3B-Instruct -> None requests
[2026-08-22 14:00:03.733 Model_Service_3] [PAPER-KV-V6] fetch meta-llama/Llama-3.1-8B -> None requests
[2026-08-22 14:00:03.734 Model_Service_1] [PAPER-KV-V6] fetch Qwen/Qwen2.5-3B-Instruct -> None requests
[2026-08-22 14:00:03.743 Model_Service_3] [PAPER-KV-V6] fetch meta-llama/Llama-3.1-8B -> None requests
[2026-08-22 14:00:03.745 Model_Service_1] [PAPER-KV-V6] fetch Qwen/Qwen2.5-3B-Instruct -> None requests
[2026-08-22 14:00:03.754 Model_Service_3] [PAPER-KV-V6] fetch meta-llama/Llama-3.1-8B -> None requests
[2026-08-22 14:00:03.756 Model_Service_1] [PAPER-KV-V6] fetch Qwen/Qwen2.5-3B-Instruct -> None requests
[2026-08-22 14:00:03.764 Model_Service_3] [PAPER-KV-V6] fetch meta-llama/Llama-3.1-8B -> None requests
[2026-08-22 14:00:03.766 Model_Service_1] [PAPER-KV-V6] fetch Qwen/Qwen2.5-3B-Instruct -> None requests
[2026-08-22 14:00:03.774 Model_Service_3] [PAPER-KV-V6] fetch meta-llama/Llama-3.1-8B -> None requests
[2026-08-22 14:00:03.777 Model_Service_1] [PAPER-KV-V6] fetch Qwen/Qwen2.5-3B-Instruct -> None requests
[2026-08-22 14:00:03.785 Model_Service_3] [PAPER-KV-V6] fetch meta-llama/Llama-3.1-8B -> None requests
[2026-08-22 14:00:03.788 Model_Service_1] [PAPER-KV-V6] fetch Qwen/Qwen2.5-3B-Instruct -> None requests
[2026-08-22 14:00:03.795 Model_Service_3] [PAPER-KV-V6] fetch meta-llama/Llama-3.1-8B -> None requests
[2026-08-22 14:00:03.799 Model_Service_1] [PAPER-KV-V6] fetch Qwen/Qwen2.5-3B-Instruct -> None requests
[2026-08-22 14:00:03.805 Model_Service_3] [PAPER-KV-V6] fetch meta-llama/Llama-3.1-8B -> None requests
[2026-08-22 14:00:03.809 Model_Service_1] [PAPER-KV-V6] fetch Qwen/Qwen2.5-3B-Instruct -> None requests
[2026-08-22 14:00:03.816 Model_Service_3] [PAPER-KV-V6] fetch meta-llama/Llama-3.1-8B -> None requests
[2026-08-22 14:00:03.820 Model_Service_1] [PAPER-KV-V6] fetch Qwen/Qwen2.5-3B-Instruct -> None requests
[2026-08-22 14:00:03.826 Model_Service_3] [PAPER-KV-V6] fetch meta-llama/Llama-3.1-8B -> None requests
[2026-08-22 14:00:03.831 Model_Service_1] [PAPER-KV-V6] fetch Qwen/Qwen2.5-3B-Instruct -> None requests
[2026-08-22 14:00:03.836 Model_Service_3] [PAPER-KV-V6] fetch meta-llama/Llama-3.1-8B -> None requests
[2026-08-22 14:00:03.842 Model_Service_1] [PAPER-KV-V6] fetch Qwen/Qwen2.5-3B-Instruct -> None requests
[2026-08-22 14:00:03.846 Model_Service_3] [PAPER-KV-V6] fetch meta-llama/Llama-3.1-8B -> None requests
[2026-08-22 14:00:03.853 Model_Service_1] [PAPER-KV-V6] fetch Qwen/Qwen2.5-3B-Instruct -> None requests
[2026-08-22 14:00:03.857 Model_Service_3] [PAPER-KV-V6] fetch meta-llama/Llama-3.1-8B -> None requests
[2026-08-22 14:00:03.864 Model_Service_1] [PAPER-KV-V6] fetch Qwen/Qwen2.5-3B-Instruct -> None requests
[2026-08-22 14:00:03.867 Model_Service_3] [PAPER-KV-V6] fetch meta-llama/Llama-3.1-8B -> None requests
[2026-08-22 14:00:03.874 Model_Service_1] [PAPER-KV-V6] fetch Qwen/Qwen2.5-3B-Instruct -> None requests
[2026-08-22 14:00:03.877 Model_Service_3] [PAPER-KV-V6] fetch meta-llama/Llama-3.1-8B -> None requests
[2026-08-22 14:00:03.885 Model_Service_1] [PAPER-KV-V6] fetch Qwen/Qwen2.5-3B-Instruct -> None requests
[2026-08-22 14:00:03.888 Model_Service_3] [PAPER-KV-V6] fetch meta-llama/Llama-3.1-8B -> None requests
[2026-08-22 14:00:03.896 Model_Service_1] [PAPER-KV-V6] fetch Qwen/Qwen2.5-3B-Instruct -> None requests
[2026-08-22 14:00:03.898 Model_Service_3] [PAPER-KV-V6] fetch meta-llama/Llama-3.1-8B -> None requests
[2026-08-22 14:00:03.907 Model_Service_1] [PAPER-KV-V6] fetch Qwen/Qwen2.5-3B-Instruct -> None requests
[2026-08-22 14:00:03.908 Model_Service_3] [PAPER-KV-V6] fetch meta-llama/Llama-3.1-8B -> None requests
[2026-08-22 14:00:03.917 Model_Service_1] [PAPER-KV-V6] fetch Qwen/Qwen2.5-3B-Instruct -> None requests
[2026-08-22 14:00:03.919 Model_Service_3] [PAPER-KV-V6] fetch meta-llama/Llama-3.1-8B -> None requests
[2026-08-22 14:00:03.928 Model_Service_1] [PAPER-KV-V6] fetch Qwen/Qwen2.5-3B-Instruct -> None requests
[2026-08-22 14:00:03.929 Model_Service_3] [PAPER-KV-V6] fetch meta-llama/Llama-3.1-8B -> None requests
[2026-08-22 14:00:03.939 Model_Service_1] [PAPER-KV-V6] fetch Qwen/Qwen2.5-3B-Instruct -> None requests
[2026-08-22 14:00:03.940 Model_Service_3] [PAPER-KV-V6] fetch meta-llama/Llama-3.1-8B -> None requests
[2026-08-22 14:00:03.950 Model_Service_1] [PAPER-KV-V6] fetch Qwen/Qwen2.5-3B-Instruct -> None requests
[2026-08-22 14:00:03.950 Model_Service_3] [PAPER-KV-V6] fetch meta-llama/Llama-3.1-8B -> None requests
[2026-08-22 14:00:03.961 Model_Service_1] [PAPER-KV-V6] fetch Qwen/Qwen2.5-3B-Instruct -> None requests
[2026-08-22 14:00:03.961 Model_Service_3] [PAPER-KV-V6] fetch meta-llama/Llama-3.1-8B -> None requests
[2026-08-22 14:00:03.972 Model_Service_3] [PAPER-KV-V6] fetch meta-llama/Llama-3.1-8B -> None requests
[2026-08-22 14:00:03.972 Model_Service_1] [PAPER-KV-V6] fetch Qwen/Qwen2.5-3B-Instruct -> None requests
[2026-08-22 14:00:03.982 Model_Service_3] [PAPER-KV-V6] fetch meta-llama/Llama-3.1-8B -> None requests
[2026-08-22 14:00:03.982 Model_Service_1] [PAPER-KV-V6] fetch Qwen/Qwen2.5-3B-Instruct -> None requests
[2026-08-22 14:00:03.993 Model_Service_3] [PAPER-KV-V6] fetch meta-llama/Llama-3.1-8B -> None requests
[2026-08-22 14:00:03.993 Model_Service_1] [PAPER-KV-V6] fetch Qwen/Qwen2.5-3B-Instruct -> None requests
[2026-08-22 14:00:04.004 Model_Service_3] [PAPER-KV-V6] fetch meta-llama/Llama-3.1-8B -> None requests
[2026-08-22 14:00:04.004 Model_Service_1] [PAPER-KV-V6] fetch Qwen/Qwen2.5-3B-Instruct -> None requests
[2026-08-22 14:00:04.014 Model_Service_3] [PAPER-KV-V6] fetch meta-llama/Llama-3.1-8B -> None requests
[2026-08-22 14:00:04.015 Model_Service_1] [PAPER-KV-V6] fetch Qwen/Qwen2.5-3B-Instruct -> None requests
[2026-08-22 14:00:04.025 Model_Service_3] [PAPER-KV-V6] fetch meta-llama/Llama-3.1-8B -> None requests
[2026-08-22 14:00:04.026 Model_Service_1] [PAPER-KV-V6] fetch Qwen/Qwen2.5-3B-Instruct -> None requests
[2026-08-22 14:00:04.036 Model_Service_3] [PAPER-KV-V6] fetch meta-llama/Llama-3.1-8B -> None requests
[2026-08-22 14:00:04.037 Model_Service_1] [PAPER-KV-V6] fetch Qwen/Qwen2.5-3B-Instruct -> None requests
[2026-08-22 14:00:04.046 Model_Service_3] [PAPER-KV-V6] fetch meta-llama/Llama-3.1-8B -> None requests
[2026-08-22 14:00:04.047 Model_Service_1] [PAPER-KV-V6] fetch Qwen/Qwen2.5-3B-Instruct -> None requests
[2026-08-22 14:00:04.057 Model_Service_3] [PAPER-KV-V6] fetch meta-llama/Llama-3.1-8B -> None requests
[2026-08-22 14:00:04.058 Model_Service_1] [PAPER-KV-V6] fetch Qwen/Qwen2.5-3B-Instruct -> None requests
[2026-08-22 14:00:04.068 Model_Service_3] [PAPER-KV-V6] fetch meta-llama/Llama-3.1-8B -> None requests
[2026-08-22 14:00:04.069 Model_Service_1] [PAPER-KV-V6] fetch Qwen/Qwen2.5-3B-Instruct -> None requests
[2026-08-22 14:00:04.078 Model_Service_3] [PAPER-KV-V6] fetch meta-llama/Llama-3.1-8B -> None requests
[2026-08-22 14:00:04.079 Model_Service_1] [PAPER-KV-V6] fetch Qwen/Qwen2.5-3B-Instruct -> None requests
[2026-08-22 14:00:04.089 Model_Service_3] [PAPER-KV-V6] fetch meta-llama/Llama-3.1-8B -> None requests
[2026-08-22 14:00:04.090 Model_Service_1] [PAPER-KV-V6] fetch Qwen/Qwen2.5-3B-Instruct -> None requests
[2026-08-22 14:00:04.099 Model_Service_3] [PAPER-KV-V6] fetch meta-llama/Llama-3.1-8B -> None requests
[2026-08-22 14:00:04.101 Model_Service_1] [PAPER-KV-V6] fetch Qwen/Qwen2.5-3B-Instruct -> None requests
[2026-08-22 14:00:04.110 Model_Service_3] [PAPER-KV-V6] fetch meta-llama/Llama-3.1-8B -> None requests
[2026-08-22 14:00:04.112 Model_Service_1] [PAPER-KV-V6] fetch Qwen/Qwen2.5-3B-Instruct -> None requests
[2026-08-22 14:00:04.120 Model_Service_3] [PAPER-KV-V6] fetch meta-llama/Llama-3.1-8B -> None requests
[2026-08-22 14:00:04.122 Model_Service_1] [PAPER-KV-V6] fetch Qwen/Qwen2.5-3B-Instruct -> None requests
[2026-08-22 14:00:04.131 Model_Service_3] [PAPER-KV-V6] fetch meta-llama/Llama-3.1-8B -> None requests
[2026-08-22 14:00:04.133 Model_Service_1] [PAPER-KV-V6] fetch Qwen/Qwen2.5-3B-Instruct -> None requests
[2026-08-22 14:00:04.141 Model_Service_3] [PAPER-KV-V6] fetch meta-llama/Llama-3.1-8B -> None requests
[2026-08-22 14:00:04.144 Model_Service_1] [PAPER-KV-V6] fetch Qwen/Qwen2.5-3B-Instruct -> None requests
[2026-08-22 14:00:04.152 Model_Service_3] [PAPER-KV-V6] fetch meta-llama/Llama-3.1-8B -> None requests
[2026-08-22 14:00:04.154 Model_Service_1] [PAPER-KV-V6] fetch Qwen/Qwen2.5-3B-Instruct -> None requests
[2026-08-22 14:00:04.162 Model_Service_3] [PAPER-KV-V6] fetch meta-llama/Llama-3.1-8B -> None requests
[2026-08-22 14:00:04.165 Model_Service_1] [PAPER-KV-V6] fetch Qwen/Qwen2.5-3B-Instruct -> None requests
[2026-08-22 14:00:04.173 Model_Service_3] [PAPER-KV-V6] fetch meta-llama/Llama-3.1-8B -> None requests
[2026-08-22 14:00:04.176 Model_Service_1] [PAPER-KV-V6] fetch Qwen/Qwen2.5-3B-Instruct -> None requests
[2026-08-22 14:00:04.183 Model_Service_3] [PAPER-KV-V6] fetch meta-llama/Llama-3.1-8B -> None requests
[2026-08-22 14:00:04.187 Model_Service_1] [PAPER-KV-V6] fetch Qwen/Qwen2.5-3B-Instruct -> None requests
[2026-08-22 14:00:04.194 Model_Service_3] [PAPER-KV-V6] fetch meta-llama/Llama-3.1-8B -> None requests
[2026-08-22 14:00:04.198 Model_Service_1] [PAPER-KV-V6] fetch Qwen/Qwen2.5-3B-Instruct -> None requests
[2026-08-22 14:00:04.204 Model_Service_3] [PAPER-KV-V6] fetch meta-llama/Llama-3.1-8B -> None requests
[2026-08-22 14:00:04.208 Model_Service_1] [PAPER-KV-V6] fetch Qwen/Qwen2.5-3B-Instruct -> None requests
[2026-08-22 14:00:04.215 Model_Service_3] [PAPER-KV-V6] fetch meta-llama/Llama-3.1-8B -> None requests
[2026-08-22 14:00:04.219 Model_Service_1] [PAPER-KV-V6] fetch Qwen/Qwen2.5-3B-Instruct -> None requests
[2026-08-22 14:00:04.225 Model_Service_3] [PAPER-KV-V6] fetch meta-llama/Llama-3.1-8B -> None requests
[2026-08-22 14:00:04.230 Model_Service_1] [PAPER-KV-V6] fetch Qwen/Qwen2.5-3B-Instruct -> None requests
[2026-08-22 14:00:04.236 Model_Service_3] [PAPER-KV-V6] fetch meta-llama/Llama-3.1-8B -> None requests
[2026-08-22 14:00:04.241 Model_Service_1] [PAPER-KV-V6] fetch Qwen/Qwen2.5-3B-Instruct -> None requests
[2026-08-22 14:00:04.246 Model_Service_3] [PAPER-KV-V6] fetch meta-llama/Llama-3.1-8B -> None requests
[2026-08-22 14:00:04.252 Model_Service_1] [PAPER-KV-V6] fetch Qwen/Qwen2.5-3B-Instruct -> None requests
[2026-08-22 14:00:04.257 Model_Service_3] [PAPER-KV-V6] fetch meta-llama/Llama-3.1-8B -> None requests
[2026-08-22 14:00:04.262 Model_Service_1] [PAPER-KV-V6] fetch Qwen/Qwen2.5-3B-Instruct -> None requests
[2026-08-22 14:00:04.267 Model_Service_3] [PAPER-KV-V6] fetch meta-llama/Llama-3.1-8B -> None requests
[2026-08-22 14:00:04.273 Model_Service_1] [PAPER-KV-V6] fetch Qwen/Qwen2.5-3B-Instruct -> None requests
[2026-08-22 14:00:04.277 Model_Service_3] [PAPER-KV-V6] fetch meta-llama/Llama-3.1-8B -> None requests
[2026-08-22 14:00:04.284 Model_Service_1] [PAPER-KV-V6] fetch Qwen/Qwen2.5-3B-Instruct -> None requests
[2026-08-22 14:00:04.288 Model_Service_3] [PAPER-KV-V6] fetch meta-llama/Llama-3.1-8B -> None requests
[2026-08-22 14:00:04.295 Model_Service_1] [PAPER-KV-V6] fetch Qwen/Qwen2.5-3B-Instruct -> None requests
[2026-08-22 14:00:04.299 Model_Service_3] [PAPER-KV-V6] fetch meta-llama/Llama-3.1-8B -> None requests
[2026-08-22 14:00:04.305 Model_Service_1] [PAPER-KV-V6] fetch Qwen/Qwen2.5-3B-Instruct -> None requests
[2026-08-22 14:00:04.309 Model_Service_3] [PAPER-KV-V6] fetch meta-llama/Llama-3.1-8B -> None requests
[2026-08-22 14:00:04.316 Model_Service_1] [PAPER-KV-V6] fetch Qwen/Qwen2.5-3B-Instruct -> None requests
[2026-08-22 14:00:04.320 Model_Service_3] [PAPER-KV-V6] fetch meta-llama/Llama-3.1-8B -> None requests
[2026-08-22 14:00:04.327 Model_Service_1] [PAPER-KV-V6] fetch Qwen/Qwen2.5-3B-Instruct -> None requests
[2026-08-22 14:00:04.330 Model_Service_3] [PAPER-KV-V6] fetch meta-llama/Llama-3.1-8B -> None requests
[2026-08-22 14:00:04.338 Model_Service_1] [PAPER-KV-V6] fetch Qwen/Qwen2.5-3B-Instruct -> None requests
[2026-08-22 14:00:04.341 Model_Service_3] [PAPER-KV-V6] fetch meta-llama/Llama-3.1-8B -> None requests
[2026-08-22 14:00:04.349 Model_Service_1] [PAPER-KV-V6] fetch Qwen/Qwen2.5-3B-Instruct -> None requests
[2026-08-22 14:00:04.351 Model_Service_3] [PAPER-KV-V6] fetch meta-llama/Llama-3.1-8B -> None requests
[2026-08-22 14:00:04.359 Model_Service_1] [PAPER-KV-V6] fetch Qwen/Qwen2.5-3B-Instruct -> None requests
[2026-08-22 14:00:04.362 Model_Service_3] [PAPER-KV-V6] fetch meta-llama/Llama-3.1-8B -> None requests
[2026-08-22 14:00:04.370 Model_Service_1] [PAPER-KV-V6] fetch Qwen/Qwen2.5-3B-Instruct -> None requests
[2026-08-22 14:00:04.372 Model_Service_3] [PAPER-KV-V6] fetch meta-llama/Llama-3.1-8B -> None requests
[2026-08-22 14:00:04.381 Model_Service_1] [PAPER-KV-V6] fetch Qwen/Qwen2.5-3B-Instruct -> None requests
[2026-08-22 14:00:04.383 Model_Service_3] [PAPER-KV-V6] fetch meta-llama/Llama-3.1-8B -> None requests
[2026-08-22 14:00:04.392 Model_Service_1] [PAPER-KV-V6] fetch Qwen/Qwen2.5-3B-Instruct -> None requests
[2026-08-22 14:00:04.394 Model_Service_3] [PAPER-KV-V6] fetch meta-llama/Llama-3.1-8B -> None requests
[2026-08-22 14:00:04.402 Model_Service_1] [PAPER-KV-V6] fetch Qwen/Qwen2.5-3B-Instruct -> None requests
[2026-08-22 14:00:04.404 Model_Service_3] [PAPER-KV-V6] fetch meta-llama/Llama-3.1-8B -> None requests
[2026-08-22 14:00:04.413 Model_Service_1] [PAPER-KV-V6] fetch Qwen/Qwen2.5-3B-Instruct -> None requests
[2026-08-22 14:00:04.415 Model_Service_3] [PAPER-KV-V6] fetch meta-llama/Llama-3.1-8B -> None requests
[2026-08-22 14:00:04.424 Model_Service_1] [PAPER-KV-V6] fetch Qwen/Qwen2.5-3B-Instruct -> None requests
[2026-08-22 14:00:04.425 Model_Service_3] [PAPER-KV-V6] fetch meta-llama/Llama-3.1-8B -> None requests
[2026-08-22 14:00:04.434 Model_Service_1] [PAPER-KV-V6] fetch Qwen/Qwen2.5-3B-Instruct -> None requests
[2026-08-22 14:00:04.436 Model_Service_3] [PAPER-KV-V6] fetch meta-llama/Llama-3.1-8B -> None requests
[2026-08-22 14:00:04.445 Model_Service_1] [PAPER-KV-V6] fetch Qwen/Qwen2.5-3B-Instruct -> None requests
[2026-08-22 14:00:04.446 Model_Service_3] [PAPER-KV-V6] fetch meta-llama/Llama-3.1-8B -> None requests
[2026-08-22 14:00:04.456 Model_Service_1] [PAPER-KV-V6] fetch Qwen/Qwen2.5-3B-Instruct -> None requests
[2026-08-22 14:00:04.457 Model_Service_3] [PAPER-KV-V6] fetch meta-llama/Llama-3.1-8B -> None requests
[2026-08-22 14:00:04.466 Model_Service_1] [PAPER-KV-V6] fetch Qwen/Qwen2.5-3B-Instruct -> None requests
[2026-08-22 14:00:04.467 Model_Service_3] [PAPER-KV-V6] fetch meta-llama/Llama-3.1-8B -> None requests
[2026-08-22 14:00:04.477 Model_Service_1] [PAPER-KV-V6] fetch Qwen/Qwen2.5-3B-Instruct -> None requests
[2026-08-22 14:00:04.478 Model_Service_3] [PAPER-KV-V6] fetch meta-llama/Llama-3.1-8B -> None requests
[2026-08-22 14:00:04.488 Model_Service_1] [PAPER-KV-V6] fetch Qwen/Qwen2.5-3B-Instruct -> None requests
[2026-08-22 14:00:04.488 Model_Service_3] [PAPER-KV-V6] fetch meta-llama/Llama-3.1-8B -> None requests
[2026-08-22 14:00:04.499 Model_Service_1] [PAPER-KV-V6] fetch Qwen/Qwen2.5-3B-Instruct -> None requests
[2026-08-22 14:00:04.499 Model_Service_3] [PAPER-KV-V6] fetch meta-llama/Llama-3.1-8B -> None requests
[2026-08-22 14:00:04.509 Model_Service_1] [PAPER-KV-V6] fetch Qwen/Qwen2.5-3B-Instruct -> None requests
[2026-08-22 14:00:04.510 Model_Service_3] [PAPER-KV-V6] fetch meta-llama/Llama-3.1-8B -> None requests
[2026-08-22 14:00:04.520 Model_Service_3] [PAPER-KV-V6] fetch meta-llama/Llama-3.1-8B -> None requests
[2026-08-22 14:00:04.521 Model_Service_1] [PAPER-KV-V6] fetch Qwen/Qwen2.5-3B-Instruct -> None requests
[2026-08-22 14:00:04.531 Model_Service_3] [PAPER-KV-V6] fetch meta-llama/Llama-3.1-8B -> None requests
[2026-08-22 14:00:04.531 Model_Service_1] [PAPER-KV-V6] fetch Qwen/Qwen2.5-3B-Instruct -> None requests
[2026-08-22 14:00:04.541 Model_Service_3] [PAPER-KV-V6] fetch meta-llama/Llama-3.1-8B -> None requests
[2026-08-22 14:00:04.542 Model_Service_1] [PAPER-KV-V6] fetch Qwen/Qwen2.5-3B-Instruct -> None requests
[2026-08-22 14:00:04.552 Model_Service_3] [PAPER-KV-V6] fetch meta-llama/Llama-3.1-8B -> None requests
[2026-08-22 14:00:04.553 Model_Service_1] [PAPER-KV-V6] fetch Qwen/Qwen2.5-3B-Instruct -> None requests
[2026-08-22 14:00:04.562 Model_Service_3] [PAPER-KV-V6] fetch meta-llama/Llama-3.1-8B -> None requests
[2026-08-22 14:00:04.564 Model_Service_1] [PAPER-KV-V6] fetch Qwen/Qwen2.5-3B-Instruct -> None requests
[2026-08-22 14:00:04.573 Model_Service_3] [PAPER-KV-V6] fetch meta-llama/Llama-3.1-8B -> None requests
[2026-08-22 14:00:04.574 Model_Service_1] [PAPER-KV-V6] fetch Qwen/Qwen2.5-3B-Instruct -> None requests
[2026-08-22 14:00:04.583 Model_Service_3] [PAPER-KV-V6] fetch meta-llama/Llama-3.1-8B -> None requests
[2026-08-22 14:00:04.585 Model_Service_1] [PAPER-KV-V6] fetch Qwen/Qwen2.5-3B-Instruct -> None requests
[2026-08-22 14:00:04.594 Model_Service_3] [PAPER-KV-V6] fetch meta-llama/Llama-3.1-8B -> None requests
[2026-08-22 14:00:04.596 Model_Service_1] [PAPER-KV-V6] fetch Qwen/Qwen2.5-3B-Instruct -> None requests
[2026-08-22 14:00:04.604 Model_Service_3] [PAPER-KV-V6] fetch meta-llama/Llama-3.1-8B -> None requests
[2026-08-22 14:00:04.607 Model_Service_1] [PAPER-KV-V6] fetch Qwen/Qwen2.5-3B-Instruct -> None requests
[2026-08-22 14:00:04.615 Model_Service_3] [PAPER-KV-V6] fetch meta-llama/Llama-3.1-8B -> None requests
[2026-08-22 14:00:04.617 Model_Service_1] [PAPER-KV-V6] fetch Qwen/Qwen2.5-3B-Instruct -> None requests
[2026-08-22 14:00:04.625 Model_Service_3] [PAPER-KV-V6] fetch meta-llama/Llama-3.1-8B -> None requests
[2026-08-22 14:00:04.628 Model_Service_1] [PAPER-KV-V6] fetch Qwen/Qwen2.5-3B-Instruct -> None requests
[2026-08-22 14:00:04.636 Model_Service_3] [PAPER-KV-V6] fetch meta-llama/Llama-3.1-8B -> None requests
[2026-08-22 14:00:04.639 Model_Service_1] [PAPER-KV-V6] fetch Qwen/Qwen2.5-3B-Instruct -> None requests
[2026-08-22 14:00:04.647 Model_Service_3] [PAPER-KV-V6] fetch meta-llama/Llama-3.1-8B -> None requests
[2026-08-22 14:00:04.649 Model_Service_1] [PAPER-KV-V6] fetch Qwen/Qwen2.5-3B-Instruct -> None requests
[2026-08-22 14:00:04.657 Model_Service_3] [PAPER-KV-V6] fetch meta-llama/Llama-3.1-8B -> None requests
[2026-08-22 14:00:04.660 Model_Service_1] [PAPER-KV-V6] fetch Qwen/Qwen2.5-3B-Instruct -> None requests
[2026-08-22 14:00:04.668 Model_Service_3] [PAPER-KV-V6] fetch meta-llama/Llama-3.1-8B -> None requests
[2026-08-22 14:00:04.671 Model_Service_1] [PAPER-KV-V6] fetch Qwen/Qwen2.5-3B-Instruct -> None requests
[2026-08-22 14:00:04.678 Model_Service_3] [PAPER-KV-V6] fetch meta-llama/Llama-3.1-8B -> None requests
[2026-08-22 14:00:04.681 Model_Service_1] [PAPER-KV-V6] fetch Qwen/Qwen2.5-3B-Instruct -> None requests
[2026-08-22 14:00:04.689 Model_Service_3] [PAPER-KV-V6] fetch meta-llama/Llama-3.1-8B -> None requests
[2026-08-22 14:00:04.692 Model_Service_1] [PAPER-KV-V6] fetch Qwen/Qwen2.5-3B-Instruct -> None requests
[2026-08-22 14:00:04.699 Model_Service_3] [PAPER-KV-V6] fetch meta-llama/Llama-3.1-8B -> None requests
[2026-08-22 14:00:04.703 Model_Service_1] [PAPER-KV-V6] fetch Qwen/Qwen2.5-3B-Instruct -> None requests
[2026-08-22 14:00:04.710 Model_Service_3] [PAPER-KV-V6] fetch meta-llama/Llama-3.1-8B -> None requests
[2026-08-22 14:00:04.714 Model_Service_1] [PAPER-KV-V6] fetch Qwen/Qwen2.5-3B-Instruct -> None requests
[2026-08-22 14:00:04.720 Model_Service_3] [PAPER-KV-V6] fetch meta-llama/Llama-3.1-8B -> None requests
[2026-08-22 14:00:04.724 Model_Service_1] [PAPER-KV-V6] fetch Qwen/Qwen2.5-3B-Instruct -> None requests
[2026-08-22 14:00:06.252 Model_Service_4] Model service 4 input queue is empty, waiting for next request
[2026-08-22 14:00:06.446 Model_Service_0] Model service 0 input queue is empty, waiting for next request
[2026-08-22 14:00:06.490 Model_Service_5] Model service 5 input queue is empty, waiting for next request
[2026-08-22 14:00:07.298 Model_Service_2] Model service 2 input queue is empty, waiting for next request
[2026-08-22 14:00:09.726 Model_Service_3] Model service 3 input queue is empty, waiting for next request
[2026-08-22 14:00:09.730 Model_Service_1] Model service 1 input queue is empty, waiting for next request
[2026-08-22 14:00:11.535 Model_Service_4] Model service 4 input queue is empty, waiting for next request
[2026-08-22 14:00:11.684 Model_Service_0] Model service 0 input queue is empty, waiting for next request
[2026-08-22 14:00:11.735 Model_Service_5] Model service 5 input queue is empty, waiting for next request
[2026-08-22 14:00:12.542 Model_Service_2] Model service 2 input queue is empty, waiting for next request
[2026-08-22 14:00:13.388 Model_Service_0] Model key: Qwen/Qwen2.5-1.5B-Instruct, engine id: 1_0, target gpu id: 1
[2026-08-22 14:00:13.762 Model_Service_0] [PAPER-LOAD-V4] {"tag": "Qwen/Qwen2.5-1.5B-Instruct|engine=1_0|src=None", "start_time": 1787407213.3957222, "end_time": 1787407213.762171, "policy": "paper", "split": 2, "pipeline_depth": null, "target_gpu": 1, "gpu_ids": [0, 1], "source": "cpu", "host_registered": true, "slices": 398, "payload_bytes": 3554176000, "bytes_h2d_direct": 1777088000, "bytes_h2d_helper": 1777088000, "bytes_p2p": 1777088000, "seconds": 0.3664459721185267, "payload_gbps": 9.699045071916915, "transfer_path": "host-to-device + helper-gpu-p2p"}
[2026-08-22 14:00:13.766 Model_Service_0] Time taken to copy model to GPU 1, service 0, engine 1_0, model Qwen/Qwen2.5-1.5B-Instruct: 0.3770 seconds
[2026-08-22 14:00:14.376 Model_Service_5] Model key: meta-llama/Llama-3.2-3B, engine id: 1_1, target gpu id: 1
[2026-08-22 14:00:14.392 Model_Service_2] Model key: Qwen/Qwen2.5-7B-Instruct, engine id: 1_2, target gpu id: 1
[2026-08-22 14:00:14.992 Model_Service_1] Model service 1 input queue is empty, waiting for next request
[2026-08-22 14:00:15.045 Model_Service_3] Model service 3 input queue is empty, waiting for next request
[2026-08-22 14:00:15.392 Model_Service_5] [PAPER-LOAD-V4] {"tag": "meta-llama/Llama-3.2-3B|engine=1_1|src=None", "start_time": 1787407214.3803337, "end_time": 1787407215.3919816, "policy": "paper", "split": 2, "pipeline_depth": null, "target_gpu": 1, "gpu_ids": [0, 1], "source": "cpu", "host_registered": true, "slices": 342, "payload_bytes": 7213504512, "bytes_h2d_direct": 3606752256, "bytes_h2d_helper": 3606752256, "bytes_p2p": 3606752256, "seconds": 1.0116473699454218, "payload_gbps": 7.1304534824117285, "transfer_path": "host-to-device + helper-gpu-p2p"}
[2026-08-22 14:00:15.394 Model_Service_5] Time taken to copy model to GPU 1, service 5, engine 1_1, model meta-llama/Llama-3.2-3B: 1.0173 seconds
[2026-08-22 14:00:15.680 Model_Service_0] [PAPER-KV-V6] fetch Qwen/Qwen2.5-1.5B-Instruct -> None requests
[2026-08-22 14:00:15.691 Model_Service_0] [PAPER-KV-V6] fetch Qwen/Qwen2.5-1.5B-Instruct -> None requests
[2026-08-22 14:00:15.701 Model_Service_0] [PAPER-KV-V6] fetch Qwen/Qwen2.5-1.5B-Instruct -> None requests
[2026-08-22 14:00:15.712 Model_Service_0] [PAPER-KV-V6] fetch Qwen/Qwen2.5-1.5B-Instruct -> None requests
[2026-08-22 14:00:15.722 Model_Service_0] [PAPER-KV-V6] fetch Qwen/Qwen2.5-1.5B-Instruct -> None requests
[2026-08-22 14:00:15.733 Model_Service_0] [PAPER-KV-V6] fetch Qwen/Qwen2.5-1.5B-Instruct -> None requests
[2026-08-22 14:00:15.743 Model_Service_0] [PAPER-KV-V6] fetch Qwen/Qwen2.5-1.5B-Instruct -> None requests
[2026-08-22 14:00:15.754 Model_Service_0] [PAPER-KV-V6] fetch Qwen/Qwen2.5-1.5B-Instruct -> None requests
[2026-08-22 14:00:15.765 Model_Service_0] [PAPER-KV-V6] fetch Qwen/Qwen2.5-1.5B-Instruct -> None requests
[2026-08-22 14:00:15.776 Model_Service_0] [PAPER-KV-V6] fetch Qwen/Qwen2.5-1.5B-Instruct -> None requests
[2026-08-22 14:00:15.786 Model_Service_5] [PAPER-KV-V6] fetch meta-llama/Llama-3.2-3B -> None requests
[2026-08-22 14:00:15.787 Model_Service_0] [PAPER-KV-V6] fetch Qwen/Qwen2.5-1.5B-Instruct -> None requests
[2026-08-22 14:00:15.797 Model_Service_5] [PAPER-KV-V6] fetch meta-llama/Llama-3.2-3B -> None requests
[2026-08-22 14:00:15.797 Model_Service_0] [PAPER-KV-V6] fetch Qwen/Qwen2.5-1.5B-Instruct -> None requests
[2026-08-22 14:00:15.807 Model_Service_5] [PAPER-KV-V6] fetch meta-llama/Llama-3.2-3B -> None requests
[2026-08-22 14:00:15.808 Model_Service_0] [PAPER-KV-V6] fetch Qwen/Qwen2.5-1.5B-Instruct -> None requests
[2026-08-22 14:00:15.818 Model_Service_5] [PAPER-KV-V6] fetch meta-llama/Llama-3.2-3B -> None requests
[2026-08-22 14:00:15.819 Model_Service_0] [PAPER-KV-V6] fetch Qwen/Qwen2.5-1.5B-Instruct -> None requests
[2026-08-22 14:00:15.828 Model_Service_5] [PAPER-KV-V6] fetch meta-llama/Llama-3.2-3B -> None requests
[2026-08-22 14:00:15.829 Model_Service_0] [PAPER-KV-V6] fetch Qwen/Qwen2.5-1.5B-Instruct -> None requests
[2026-08-22 14:00:15.839 Model_Service_5] [PAPER-KV-V6] fetch meta-llama/Llama-3.2-3B -> None requests
[2026-08-22 14:00:15.840 Model_Service_0] [PAPER-KV-V6] fetch Qwen/Qwen2.5-1.5B-Instruct -> None requests
[2026-08-22 14:00:15.849 Model_Service_5] [PAPER-KV-V6] fetch meta-llama/Llama-3.2-3B -> None requests
[2026-08-22 14:00:15.851 Model_Service_0] [PAPER-KV-V6] fetch Qwen/Qwen2.5-1.5B-Instruct -> None requests
[2026-08-22 14:00:15.860 Model_Service_5] [PAPER-KV-V6] fetch meta-llama/Llama-3.2-3B -> None requests
[2026-08-22 14:00:15.861 Model_Service_0] [PAPER-KV-V6] fetch Qwen/Qwen2.5-1.5B-Instruct -> None requests
[2026-08-22 14:00:15.871 Model_Service_5] [PAPER-KV-V6] fetch meta-llama/Llama-3.2-3B -> None requests
[2026-08-22 14:00:15.872 Model_Service_0] [PAPER-KV-V6] fetch Qwen/Qwen2.5-1.5B-Instruct -> None requests
[2026-08-22 14:00:15.881 Model_Service_5] [PAPER-KV-V6] fetch meta-llama/Llama-3.2-3B -> None requests
[2026-08-22 14:00:15.883 Model_Service_0] [PAPER-KV-V6] fetch Qwen/Qwen2.5-1.5B-Instruct -> None requests
[2026-08-22 14:00:15.892 Model_Service_5] [PAPER-KV-V6] fetch meta-llama/Llama-3.2-3B -> None requests
[2026-08-22 14:00:15.893 Model_Service_0] [PAPER-KV-V6] fetch Qwen/Qwen2.5-1.5B-Instruct -> None requests
[2026-08-22 14:00:15.902 Model_Service_5] [PAPER-KV-V6] fetch meta-llama/Llama-3.2-3B -> None requests
[2026-08-22 14:00:15.904 Model_Service_0] [PAPER-KV-V6] fetch Qwen/Qwen2.5-1.5B-Instruct -> None requests
[2026-08-22 14:00:15.913 Model_Service_5] [PAPER-KV-V6] fetch meta-llama/Llama-3.2-3B -> None requests
[2026-08-22 14:00:15.915 Model_Service_0] [PAPER-KV-V6] fetch Qwen/Qwen2.5-1.5B-Instruct -> None requests
[2026-08-22 14:00:15.923 Model_Service_5] [PAPER-KV-V6] fetch meta-llama/Llama-3.2-3B -> None requests
[2026-08-22 14:00:15.925 Model_Service_0] [PAPER-KV-V6] fetch Qwen/Qwen2.5-1.5B-Instruct -> None requests
[2026-08-22 14:00:15.934 Model_Service_5] [PAPER-KV-V6] fetch meta-llama/Llama-3.2-3B -> None requests
[2026-08-22 14:00:15.936 Model_Service_0] [PAPER-KV-V6] fetch Qwen/Qwen2.5-1.5B-Instruct -> None requests
[2026-08-22 14:00:15.945 Model_Service_5] [PAPER-KV-V6] fetch meta-llama/Llama-3.2-3B -> None requests
[2026-08-22 14:00:15.947 Model_Service_0] [PAPER-KV-V6] fetch Qwen/Qwen2.5-1.5B-Instruct -> None requests
[2026-08-22 14:00:15.948 Model_Service_2] [PAPER-LOAD-V4] {"tag": "Qwen/Qwen2.5-7B-Instruct|engine=1_2|src=None", "start_time": 1787407214.3991966, "end_time": 1787407215.9480846, "policy": "paper", "split": 2, "pipeline_depth": null, "target_gpu": 1, "gpu_ids": [0, 1], "source": "cpu", "host_registered": true, "slices": 398, "payload_bytes": 15231233024, "bytes_h2d_direct": 7615616512, "bytes_h2d_helper": 7615616512, "bytes_p2p": 7615616512, "seconds": 1.5488863338250667, "payload_gbps": 9.833667384994977, "transfer_path": "host-to-device + helper-gpu-p2p"}
[2026-08-22 14:00:15.951 Model_Service_2] Time taken to copy model to GPU 1, service 2, engine 1_2, model Qwen/Qwen2.5-7B-Instruct: 1.5581 seconds
[2026-08-22 14:00:15.956 Model_Service_5] [PAPER-KV-V6] fetch meta-llama/Llama-3.2-3B -> None requests
[2026-08-22 14:00:15.957 Model_Service_0] [PAPER-KV-V6] fetch Qwen/Qwen2.5-1.5B-Instruct -> None requests
[2026-08-22 14:00:15.966 Model_Service_5] [PAPER-KV-V6] fetch meta-llama/Llama-3.2-3B -> None requests
[2026-08-22 14:00:15.968 Model_Service_0] [PAPER-KV-V6] fetch Qwen/Qwen2.5-1.5B-Instruct -> None requests
[2026-08-22 14:00:15.977 Model_Service_5] [PAPER-KV-V6] fetch meta-llama/Llama-3.2-3B -> None requests
[2026-08-22 14:00:15.979 Model_Service_0] [PAPER-KV-V6] fetch Qwen/Qwen2.5-1.5B-Instruct -> None requests
[2026-08-22 14:00:15.987 Model_Service_5] [PAPER-KV-V6] fetch meta-llama/Llama-3.2-3B -> None requests
[2026-08-22 14:00:15.990 Model_Service_0] [PAPER-KV-V6] fetch Qwen/Qwen2.5-1.5B-Instruct -> None requests
[2026-08-22 14:00:15.998 Model_Service_5] [PAPER-KV-V6] fetch meta-llama/Llama-3.2-3B -> None requests
[2026-08-22 14:00:16.000 Model_Service_0] [PAPER-KV-V6] fetch Qwen/Qwen2.5-1.5B-Instruct -> None requests
[2026-08-22 14:00:16.009 Model_Service_5] [PAPER-KV-V6] fetch meta-llama/Llama-3.2-3B -> None requests
[2026-08-22 14:00:16.011 Model_Service_0] [PAPER-KV-V6] fetch Qwen/Qwen2.5-1.5B-Instruct -> None requests
[2026-08-22 14:00:16.019 Model_Service_5] [PAPER-KV-V6] fetch meta-llama/Llama-3.2-3B -> None requests
[2026-08-22 14:00:16.022 Model_Service_0] [PAPER-KV-V6] fetch Qwen/Qwen2.5-1.5B-Instruct -> None requests
[2026-08-22 14:00:16.030 Model_Service_5] [PAPER-KV-V6] fetch meta-llama/Llama-3.2-3B -> None requests
[2026-08-22 14:00:16.032 Model_Service_0] [PAPER-KV-V6] fetch Qwen/Qwen2.5-1.5B-Instruct -> None requests
[2026-08-22 14:00:16.041 Model_Service_5] [PAPER-KV-V6] fetch meta-llama/Llama-3.2-3B -> None requests
[2026-08-22 14:00:16.043 Model_Service_0] [PAPER-KV-V6] fetch Qwen/Qwen2.5-1.5B-Instruct -> None requests
[2026-08-22 14:00:16.052 Model_Service_5] [PAPER-KV-V6] fetch meta-llama/Llama-3.2-3B -> None requests
[2026-08-22 14:00:16.054 Model_Service_0] [PAPER-KV-V6] fetch Qwen/Qwen2.5-1.5B-Instruct -> None requests
[2026-08-22 14:00:16.062 Model_Service_5] [PAPER-KV-V6] fetch meta-llama/Llama-3.2-3B -> None requests
[2026-08-22 14:00:16.065 Model_Service_0] [PAPER-KV-V6] fetch Qwen/Qwen2.5-1.5B-Instruct -> None requests
[2026-08-22 14:00:16.073 Model_Service_5] [PAPER-KV-V6] fetch meta-llama/Llama-3.2-3B -> None requests
[2026-08-22 14:00:16.076 Model_Service_0] [PAPER-KV-V6] fetch Qwen/Qwen2.5-1.5B-Instruct -> None requests
[2026-08-22 14:00:16.083 Model_Service_5] [PAPER-KV-V6] fetch meta-llama/Llama-3.2-3B -> None requests
[2026-08-22 14:00:16.087 Model_Service_0] [PAPER-KV-V6] fetch Qwen/Qwen2.5-1.5B-Instruct -> None requests
[2026-08-22 14:00:16.094 Model_Service_5] [PAPER-KV-V6] fetch meta-llama/Llama-3.2-3B -> None requests
[2026-08-22 14:00:16.098 Model_Service_0] [PAPER-KV-V6] fetch Qwen/Qwen2.5-1.5B-Instruct -> None requests
[2026-08-22 14:00:16.104 Model_Service_5] [PAPER-KV-V6] fetch meta-llama/Llama-3.2-3B -> None requests
[2026-08-22 14:00:16.109 Model_Service_0] [PAPER-KV-V6] fetch Qwen/Qwen2.5-1.5B-Instruct -> None requests
[2026-08-22 14:00:16.115 Model_Service_5] [PAPER-KV-V6] fetch meta-llama/Llama-3.2-3B -> None requests
[2026-08-22 14:00:16.119 Model_Service_0] [PAPER-KV-V6] fetch Qwen/Qwen2.5-1.5B-Instruct -> None requests
[2026-08-22 14:00:16.125 Model_Service_5] [PAPER-KV-V6] fetch meta-llama/Llama-3.2-3B -> None requests
[2026-08-22 14:00:16.130 Model_Service_0] [PAPER-KV-V6] fetch Qwen/Qwen2.5-1.5B-Instruct -> None requests
[2026-08-22 14:00:16.136 Model_Service_5] [PAPER-KV-V6] fetch meta-llama/Llama-3.2-3B -> None requests
[2026-08-22 14:00:16.141 Model_Service_0] [PAPER-KV-V6] fetch Qwen/Qwen2.5-1.5B-Instruct -> None requests
[2026-08-22 14:00:16.147 Model_Service_5] [PAPER-KV-V6] fetch meta-llama/Llama-3.2-3B -> None requests
[2026-08-22 14:00:16.152 Model_Service_0] [PAPER-KV-V6] fetch Qwen/Qwen2.5-1.5B-Instruct -> None requests
[2026-08-22 14:00:16.157 Model_Service_5] [PAPER-KV-V6] fetch meta-llama/Llama-3.2-3B -> None requests
[2026-08-22 14:00:16.163 Model_Service_0] [PAPER-KV-V6] fetch Qwen/Qwen2.5-1.5B-Instruct -> None requests
[2026-08-22 14:00:16.168 Model_Service_5] [PAPER-KV-V6] fetch meta-llama/Llama-3.2-3B -> None requests
[2026-08-22 14:00:16.174 Model_Service_0] [PAPER-KV-V6] fetch Qwen/Qwen2.5-1.5B-Instruct -> None requests
[2026-08-22 14:00:16.178 Model_Service_5] [PAPER-KV-V6] fetch meta-llama/Llama-3.2-3B -> None requests
[2026-08-22 14:00:16.185 Model_Service_0] [PAPER-KV-V6] fetch Qwen/Qwen2.5-1.5B-Instruct -> None requests
[2026-08-22 14:00:16.188 Model_Service_5] [PAPER-KV-V6] fetch meta-llama/Llama-3.2-3B -> None requests
[2026-08-22 14:00:16.196 Model_Service_0] [PAPER-KV-V6] fetch Qwen/Qwen2.5-1.5B-Instruct -> None requests
[2026-08-22 14:00:16.199 Model_Service_5] [PAPER-KV-V6] fetch meta-llama/Llama-3.2-3B -> None requests
[2026-08-22 14:00:16.206 Model_Service_0] [PAPER-KV-V6] fetch Qwen/Qwen2.5-1.5B-Instruct -> None requests
[2026-08-22 14:00:16.209 Model_Service_5] [PAPER-KV-V6] fetch meta-llama/Llama-3.2-3B -> None requests
[2026-08-22 14:00:16.217 Model_Service_0] [PAPER-KV-V6] fetch Qwen/Qwen2.5-1.5B-Instruct -> None requests
[2026-08-22 14:00:16.219 Model_Service_5] [PAPER-KV-V6] fetch meta-llama/Llama-3.2-3B -> None requests
[2026-08-22 14:00:16.228 Model_Service_0] [PAPER-KV-V6] fetch Qwen/Qwen2.5-1.5B-Instruct -> None requests
[2026-08-22 14:00:16.230 Model_Service_5] [PAPER-KV-V6] fetch meta-llama/Llama-3.2-3B -> None requests
[2026-08-22 14:00:16.238 Model_Service_0] [PAPER-KV-V6] fetch Qwen/Qwen2.5-1.5B-Instruct -> None requests
[2026-08-22 14:00:16.240 Model_Service_5] [PAPER-KV-V6] fetch meta-llama/Llama-3.2-3B -> None requests
[2026-08-22 14:00:16.249 Model_Service_0] [PAPER-KV-V6] fetch Qwen/Qwen2.5-1.5B-Instruct -> None requests
[2026-08-22 14:00:16.250 Model_Service_5] [PAPER-KV-V6] fetch meta-llama/Llama-3.2-3B -> None requests
[2026-08-22 14:00:16.260 Model_Service_0] [PAPER-KV-V6] fetch Qwen/Qwen2.5-1.5B-Instruct -> None requests
[2026-08-22 14:00:16.261 Model_Service_5] [PAPER-KV-V6] fetch meta-llama/Llama-3.2-3B -> None requests
[2026-08-22 14:00:16.270 Model_Service_0] [PAPER-KV-V6] fetch Qwen/Qwen2.5-1.5B-Instruct -> None requests
[2026-08-22 14:00:16.271 Model_Service_5] [PAPER-KV-V6] fetch meta-llama/Llama-3.2-3B -> None requests
[2026-08-22 14:00:16.281 Model_Service_0] [PAPER-KV-V6] fetch Qwen/Qwen2.5-1.5B-Instruct -> None requests
[2026-08-22 14:00:16.281 Model_Service_5] [PAPER-KV-V6] fetch meta-llama/Llama-3.2-3B -> None requests
[2026-08-22 14:00:16.292 Model_Service_5] [PAPER-KV-V6] fetch meta-llama/Llama-3.2-3B -> None requests
[2026-08-22 14:00:16.292 Model_Service_0] [PAPER-KV-V6] fetch Qwen/Qwen2.5-1.5B-Instruct -> None requests
[2026-08-22 14:00:16.302 Model_Service_5] [PAPER-KV-V6] fetch meta-llama/Llama-3.2-3B -> None requests
[2026-08-22 14:00:16.302 Model_Service_0] [PAPER-KV-V6] fetch Qwen/Qwen2.5-1.5B-Instruct -> None requests
[2026-08-22 14:00:16.313 Model_Service_5] [PAPER-KV-V6] fetch meta-llama/Llama-3.2-3B -> None requests
[2026-08-22 14:00:16.313 Model_Service_0] [PAPER-KV-V6] fetch Qwen/Qwen2.5-1.5B-Instruct -> None requests
[2026-08-22 14:00:16.323 Model_Service_5] [PAPER-KV-V6] fetch meta-llama/Llama-3.2-3B -> None requests
[2026-08-22 14:00:16.324 Model_Service_0] [PAPER-KV-V6] fetch Qwen/Qwen2.5-1.5B-Instruct -> None requests
[2026-08-22 14:00:16.333 Model_Service_5] [PAPER-KV-V6] fetch meta-llama/Llama-3.2-3B -> None requests
[2026-08-22 14:00:16.334 Model_Service_0] [PAPER-KV-V6] fetch Qwen/Qwen2.5-1.5B-Instruct -> None requests
[2026-08-22 14:00:16.344 Model_Service_5] [PAPER-KV-V6] fetch meta-llama/Llama-3.2-3B -> None requests
[2026-08-22 14:00:16.345 Model_Service_0] [PAPER-KV-V6] fetch Qwen/Qwen2.5-1.5B-Instruct -> None requests
[2026-08-22 14:00:16.354 Model_Service_5] [PAPER-KV-V6] fetch meta-llama/Llama-3.2-3B -> None requests
[2026-08-22 14:00:16.356 Model_Service_0] [PAPER-KV-V6] fetch Qwen/Qwen2.5-1.5B-Instruct -> None requests
[2026-08-22 14:00:16.365 Model_Service_5] [PAPER-KV-V6] fetch meta-llama/Llama-3.2-3B -> None requests
[2026-08-22 14:00:16.367 Model_Service_0] [PAPER-KV-V6] fetch Qwen/Qwen2.5-1.5B-Instruct -> None requests
[2026-08-22 14:00:16.375 Model_Service_5] [PAPER-KV-V6] fetch meta-llama/Llama-3.2-3B -> None requests
[2026-08-22 14:00:16.377 Model_Service_0] [PAPER-KV-V6] fetch Qwen/Qwen2.5-1.5B-Instruct -> None requests
[2026-08-22 14:00:16.386 Model_Service_5] [PAPER-KV-V6] fetch meta-llama/Llama-3.2-3B -> None requests
[2026-08-22 14:00:16.388 Model_Service_0] [PAPER-KV-V6] fetch Qwen/Qwen2.5-1.5B-Instruct -> None requests
[2026-08-22 14:00:16.396 Model_Service_5] [PAPER-KV-V6] fetch meta-llama/Llama-3.2-3B -> None requests
[2026-08-22 14:00:16.399 Model_Service_0] [PAPER-KV-V6] fetch Qwen/Qwen2.5-1.5B-Instruct -> None requests
[2026-08-22 14:00:16.406 Model_Service_5] [PAPER-KV-V6] fetch meta-llama/Llama-3.2-3B -> None requests
[2026-08-22 14:00:16.409 Model_Service_0] [PAPER-KV-V6] fetch Qwen/Qwen2.5-1.5B-Instruct -> None requests
[2026-08-22 14:00:16.417 Model_Service_5] [PAPER-KV-V6] fetch meta-llama/Llama-3.2-3B -> None requests
[2026-08-22 14:00:16.420 Model_Service_0] [PAPER-KV-V6] fetch Qwen/Qwen2.5-1.5B-Instruct -> None requests
[2026-08-22 14:00:16.427 Model_Service_5] [PAPER-KV-V6] fetch meta-llama/Llama-3.2-3B -> None requests
[2026-08-22 14:00:16.431 Model_Service_0] [PAPER-KV-V6] fetch Qwen/Qwen2.5-1.5B-Instruct -> None requests
[2026-08-22 14:00:16.438 Model_Service_5] [PAPER-KV-V6] fetch meta-llama/Llama-3.2-3B -> None requests
[2026-08-22 14:00:16.441 Model_Service_0] [PAPER-KV-V6] fetch Qwen/Qwen2.5-1.5B-Instruct -> None requests
[2026-08-22 14:00:16.449 Model_Service_5] [PAPER-KV-V6] fetch meta-llama/Llama-3.2-3B -> None requests
[2026-08-22 14:00:16.451 Model_Service_0] [PAPER-KV-V6] fetch Qwen/Qwen2.5-1.5B-Instruct -> None requests
[2026-08-22 14:00:16.460 Model_Service_5] [PAPER-KV-V6] fetch meta-llama/Llama-3.2-3B -> None requests
[2026-08-22 14:00:16.462 Model_Service_0] [PAPER-KV-V6] fetch Qwen/Qwen2.5-1.5B-Instruct -> None requests
[2026-08-22 14:00:16.471 Model_Service_5] [PAPER-KV-V6] fetch meta-llama/Llama-3.2-3B -> None requests
[2026-08-22 14:00:16.473 Model_Service_0] [PAPER-KV-V6] fetch Qwen/Qwen2.5-1.5B-Instruct -> None requests
[2026-08-22 14:00:16.481 Model_Service_5] [PAPER-KV-V6] fetch meta-llama/Llama-3.2-3B -> None requests
[2026-08-22 14:00:16.484 Model_Service_0] [PAPER-KV-V6] fetch Qwen/Qwen2.5-1.5B-Instruct -> None requests
[2026-08-22 14:00:16.492 Model_Service_5] [PAPER-KV-V6] fetch meta-llama/Llama-3.2-3B -> None requests
[2026-08-22 14:00:16.495 Model_Service_0] [PAPER-KV-V6] fetch Qwen/Qwen2.5-1.5B-Instruct -> None requests
[2026-08-22 14:00:16.503 Model_Service_5] [PAPER-KV-V6] fetch meta-llama/Llama-3.2-3B -> None requests
[2026-08-22 14:00:16.505 Model_Service_0] [PAPER-KV-V6] fetch Qwen/Qwen2.5-1.5B-Instruct -> None requests
[2026-08-22 14:00:16.513 Model_Service_5] [PAPER-KV-V6] fetch meta-llama/Llama-3.2-3B -> None requests
[2026-08-22 14:00:16.516 Model_Service_0] [PAPER-KV-V6] fetch Qwen/Qwen2.5-1.5B-Instruct -> None requests
[2026-08-22 14:00:16.523 Model_Service_5] [PAPER-KV-V6] fetch meta-llama/Llama-3.2-3B -> None requests
[2026-08-22 14:00:16.527 Model_Service_0] [PAPER-KV-V6] fetch Qwen/Qwen2.5-1.5B-Instruct -> None requests
[2026-08-22 14:00:16.534 Model_Service_5] [PAPER-KV-V6] fetch meta-llama/Llama-3.2-3B -> None requests
[2026-08-22 14:00:16.538 Model_Service_0] [PAPER-KV-V6] fetch Qwen/Qwen2.5-1.5B-Instruct -> None requests
[2026-08-22 14:00:16.545 Model_Service_5] [PAPER-KV-V6] fetch meta-llama/Llama-3.2-3B -> None requests
[2026-08-22 14:00:16.548 Model_Service_0] [PAPER-KV-V6] fetch Qwen/Qwen2.5-1.5B-Instruct -> None requests
[2026-08-22 14:00:16.555 Model_Service_5] [PAPER-KV-V6] fetch meta-llama/Llama-3.2-3B -> None requests
[2026-08-22 14:00:16.559 Model_Service_0] [PAPER-KV-V6] fetch Qwen/Qwen2.5-1.5B-Instruct -> None requests
[2026-08-22 14:00:16.565 Model_Service_5] [PAPER-KV-V6] fetch meta-llama/Llama-3.2-3B -> None requests
[2026-08-22 14:00:16.570 Model_Service_0] [PAPER-KV-V6] fetch Qwen/Qwen2.5-1.5B-Instruct -> None requests
[2026-08-22 14:00:16.576 Model_Service_5] [PAPER-KV-V6] fetch meta-llama/Llama-3.2-3B -> None requests
[2026-08-22 14:00:16.581 Model_Service_0] [PAPER-KV-V6] fetch Qwen/Qwen2.5-1.5B-Instruct -> None requests
[2026-08-22 14:00:16.586 Model_Service_5] [PAPER-KV-V6] fetch meta-llama/Llama-3.2-3B -> None requests
[2026-08-22 14:00:16.591 Model_Service_0] [PAPER-KV-V6] fetch Qwen/Qwen2.5-1.5B-Instruct -> None requests
[2026-08-22 14:00:16.597 Model_Service_5] [PAPER-KV-V6] fetch meta-llama/Llama-3.2-3B -> None requests
[2026-08-22 14:00:16.602 Model_Service_0] [PAPER-KV-V6] fetch Qwen/Qwen2.5-1.5B-Instruct -> None requests
[2026-08-22 14:00:16.607 Model_Service_5] [PAPER-KV-V6] fetch meta-llama/Llama-3.2-3B -> None requests
[2026-08-22 14:00:16.613 Model_Service_0] [PAPER-KV-V6] fetch Qwen/Qwen2.5-1.5B-Instruct -> None requests
[2026-08-22 14:00:16.618 Model_Service_5] [PAPER-KV-V6] fetch meta-llama/Llama-3.2-3B -> None requests
[2026-08-22 14:00:16.624 Model_Service_0] [PAPER-KV-V6] fetch Qwen/Qwen2.5-1.5B-Instruct -> None requests
[2026-08-22 14:00:16.628 Model_Service_5] [PAPER-KV-V6] fetch meta-llama/Llama-3.2-3B -> None requests
[2026-08-22 14:00:16.634 Model_Service_0] [PAPER-KV-V6] fetch Qwen/Qwen2.5-1.5B-Instruct -> None requests
[2026-08-22 14:00:16.639 Model_Service_5] [PAPER-KV-V6] fetch meta-llama/Llama-3.2-3B -> None requests
[2026-08-22 14:00:16.645 Model_Service_0] [PAPER-KV-V6] fetch Qwen/Qwen2.5-1.5B-Instruct -> None requests
[2026-08-22 14:00:16.649 Model_Service_5] [PAPER-KV-V6] fetch meta-llama/Llama-3.2-3B -> None requests
[2026-08-22 14:00:16.656 Model_Service_0] [PAPER-KV-V6] fetch Qwen/Qwen2.5-1.5B-Instruct -> None requests
[2026-08-22 14:00:16.660 Model_Service_5] [PAPER-KV-V6] fetch meta-llama/Llama-3.2-3B -> None requests
[2026-08-22 14:00:16.667 Model_Service_0] [PAPER-KV-V6] fetch Qwen/Qwen2.5-1.5B-Instruct -> None requests
[2026-08-22 14:00:16.671 Model_Service_5] [PAPER-KV-V6] fetch meta-llama/Llama-3.2-3B -> None requests
[2026-08-22 14:00:16.677 Model_Service_0] [PAPER-KV-V6] fetch Qwen/Qwen2.5-1.5B-Instruct -> None requests
[2026-08-22 14:00:16.681 Model_Service_5] [PAPER-KV-V6] fetch meta-llama/Llama-3.2-3B -> None requests
[2026-08-22 14:00:16.688 Model_Service_0] [PAPER-KV-V6] fetch Qwen/Qwen2.5-1.5B-Instruct -> None requests
[2026-08-22 14:00:16.692 Model_Service_5] [PAPER-KV-V6] fetch meta-llama/Llama-3.2-3B -> None requests
[2026-08-22 14:00:16.699 Model_Service_0] [PAPER-KV-V6] fetch Qwen/Qwen2.5-1.5B-Instruct -> None requests
[2026-08-22 14:00:16.702 Model_Service_5] [PAPER-KV-V6] fetch meta-llama/Llama-3.2-3B -> None requests
[2026-08-22 14:00:16.709 Model_Service_0] [PAPER-KV-V6] fetch Qwen/Qwen2.5-1.5B-Instruct -> None requests
[2026-08-22 14:00:16.713 Model_Service_5] [PAPER-KV-V6] fetch meta-llama/Llama-3.2-3B -> None requests
[2026-08-22 14:00:16.720 Model_Service_0] [PAPER-KV-V6] fetch Qwen/Qwen2.5-1.5B-Instruct -> None requests
[2026-08-22 14:00:16.723 Model_Service_5] [PAPER-KV-V6] fetch meta-llama/Llama-3.2-3B -> None requests
[2026-08-22 14:00:16.731 Model_Service_0] [PAPER-KV-V6] fetch Qwen/Qwen2.5-1.5B-Instruct -> None requests
[2026-08-22 14:00:16.734 Model_Service_5] [PAPER-KV-V6] fetch meta-llama/Llama-3.2-3B -> None requests
[2026-08-22 14:00:16.741 Model_Service_0] [PAPER-KV-V6] fetch Qwen/Qwen2.5-1.5B-Instruct -> None requests
[2026-08-22 14:00:16.745 Model_Service_5] [PAPER-KV-V6] fetch meta-llama/Llama-3.2-3B -> None requests
[2026-08-22 14:00:16.752 Model_Service_0] [PAPER-KV-V6] fetch Qwen/Qwen2.5-1.5B-Instruct -> None requests
[2026-08-22 14:00:16.755 Model_Service_5] [PAPER-KV-V6] fetch meta-llama/Llama-3.2-3B -> None requests
[2026-08-22 14:00:16.762 Model_Service_0] [PAPER-KV-V6] fetch Qwen/Qwen2.5-1.5B-Instruct -> None requests
[2026-08-22 14:00:16.766 Model_Service_5] [PAPER-KV-V6] fetch meta-llama/Llama-3.2-3B -> None requests
[2026-08-22 14:00:16.773 Model_Service_0] [PAPER-KV-V6] fetch Qwen/Qwen2.5-1.5B-Instruct -> None requests
[2026-08-22 14:00:16.776 Model_Service_5] [PAPER-KV-V6] fetch meta-llama/Llama-3.2-3B -> None requests
[2026-08-22 14:00:16.784 Model_Service_0] [PAPER-KV-V6] fetch Qwen/Qwen2.5-1.5B-Instruct -> None requests
[2026-08-22 14:00:16.787 Model_Service_5] [PAPER-KV-V6] fetch meta-llama/Llama-3.2-3B -> None requests
[2026-08-22 14:00:16.794 Model_Service_0] [PAPER-KV-V6] fetch Qwen/Qwen2.5-1.5B-Instruct -> None requests
[2026-08-22 14:00:16.797 Model_Service_5] [PAPER-KV-V6] fetch meta-llama/Llama-3.2-3B -> None requests
[2026-08-22 14:00:16.805 Model_Service_0] [PAPER-KV-V6] fetch Qwen/Qwen2.5-1.5B-Instruct -> None requests
[2026-08-22 14:00:16.808 Model_Service_5] [PAPER-KV-V6] fetch meta-llama/Llama-3.2-3B -> None requests
[2026-08-22 14:00:16.814 Model_Service_4] Model service 4 input queue is empty, waiting for next request
[2026-08-22 14:00:16.816 Model_Service_0] [PAPER-KV-V6] fetch Qwen/Qwen2.5-1.5B-Instruct -> None requests
[2026-08-22 14:00:16.819 Model_Service_5] [PAPER-KV-V6] fetch meta-llama/Llama-3.2-3B -> None requests
[2026-08-22 14:00:16.826 Model_Service_0] [PAPER-KV-V6] fetch Qwen/Qwen2.5-1.5B-Instruct -> None requests
[2026-08-22 14:00:16.829 Model_Service_5] [PAPER-KV-V6] fetch meta-llama/Llama-3.2-3B -> None requests
[2026-08-22 14:00:16.837 Model_Service_0] [PAPER-KV-V6] fetch Qwen/Qwen2.5-1.5B-Instruct -> None requests
[2026-08-22 14:00:16.840 Model_Service_5] [PAPER-KV-V6] fetch meta-llama/Llama-3.2-3B -> None requests
[2026-08-22 14:00:16.848 Model_Service_0] [PAPER-KV-V6] fetch Qwen/Qwen2.5-1.5B-Instruct -> None requests
[2026-08-22 14:00:16.850 Model_Service_5] [PAPER-KV-V6] fetch meta-llama/Llama-3.2-3B -> None requests
[2026-08-22 14:00:16.858 Model_Service_0] [PAPER-KV-V6] fetch Qwen/Qwen2.5-1.5B-Instruct -> None requests
[2026-08-22 14:00:16.861 Model_Service_5] [PAPER-KV-V6] fetch meta-llama/Llama-3.2-3B -> None requests
[2026-08-22 14:00:16.869 Model_Service_0] [PAPER-KV-V6] fetch Qwen/Qwen2.5-1.5B-Instruct -> None requests
[2026-08-22 14:00:16.871 Model_Service_5] [PAPER-KV-V6] fetch meta-llama/Llama-3.2-3B -> None requests
[2026-08-22 14:00:16.880 Model_Service_0] [PAPER-KV-V6] fetch Qwen/Qwen2.5-1.5B-Instruct -> None requests
[2026-08-22 14:00:16.882 Model_Service_5] [PAPER-KV-V6] fetch meta-llama/Llama-3.2-3B -> None requests
[2026-08-22 14:00:16.890 Model_Service_0] [PAPER-KV-V6] fetch Qwen/Qwen2.5-1.5B-Instruct -> None requests
[2026-08-22 14:00:16.893 Model_Service_5] [PAPER-KV-V6] fetch meta-llama/Llama-3.2-3B -> None requests
[2026-08-22 14:00:16.901 Model_Service_0] [PAPER-KV-V6] fetch Qwen/Qwen2.5-1.5B-Instruct -> None requests
[2026-08-22 14:00:16.903 Model_Service_5] [PAPER-KV-V6] fetch meta-llama/Llama-3.2-3B -> None requests
[2026-08-22 14:00:16.912 Model_Service_0] [PAPER-KV-V6] fetch Qwen/Qwen2.5-1.5B-Instruct -> None requests
[2026-08-22 14:00:16.914 Model_Service_5] [PAPER-KV-V6] fetch meta-llama/Llama-3.2-3B -> None requests
[2026-08-22 14:00:16.923 Model_Service_0] [PAPER-KV-V6] fetch Qwen/Qwen2.5-1.5B-Instruct -> None requests
[2026-08-22 14:00:16.924 Model_Service_5] [PAPER-KV-V6] fetch meta-llama/Llama-3.2-3B -> None requests
[2026-08-22 14:00:16.933 Model_Service_0] [PAPER-KV-V6] fetch Qwen/Qwen2.5-1.5B-Instruct -> None requests
[2026-08-22 14:00:16.935 Model_Service_5] [PAPER-KV-V6] fetch meta-llama/Llama-3.2-3B -> None requests
[2026-08-22 14:00:16.944 Model_Service_0] [PAPER-KV-V6] fetch Qwen/Qwen2.5-1.5B-Instruct -> None requests
[2026-08-22 14:00:16.945 Model_Service_5] [PAPER-KV-V6] fetch meta-llama/Llama-3.2-3B -> None requests
[2026-08-22 14:00:16.955 Model_Service_0] [PAPER-KV-V6] fetch Qwen/Qwen2.5-1.5B-Instruct -> None requests
[2026-08-22 14:00:16.956 Model_Service_5] [PAPER-KV-V6] fetch meta-llama/Llama-3.2-3B -> None requests
[2026-08-22 14:00:16.965 Model_Service_0] [PAPER-KV-V6] fetch Qwen/Qwen2.5-1.5B-Instruct -> None requests
[2026-08-22 14:00:16.966 Model_Service_5] [PAPER-KV-V6] fetch meta-llama/Llama-3.2-3B -> None requests
[2026-08-22 14:00:16.976 Model_Service_0] [PAPER-KV-V6] fetch Qwen/Qwen2.5-1.5B-Instruct -> None requests
[2026-08-22 14:00:16.977 Model_Service_5] [PAPER-KV-V6] fetch meta-llama/Llama-3.2-3B -> None requests
[2026-08-22 14:00:16.987 Model_Service_0] [PAPER-KV-V6] fetch Qwen/Qwen2.5-1.5B-Instruct -> None requests
[2026-08-22 14:00:16.987 Model_Service_5] [PAPER-KV-V6] fetch meta-llama/Llama-3.2-3B -> None requests
[2026-08-22 14:00:16.997 Model_Service_0] [PAPER-KV-V6] fetch Qwen/Qwen2.5-1.5B-Instruct -> None requests
[2026-08-22 14:00:16.998 Model_Service_5] [PAPER-KV-V6] fetch meta-llama/Llama-3.2-3B -> None requests
[2026-08-22 14:00:17.008 Model_Service_0] [PAPER-KV-V6] fetch Qwen/Qwen2.5-1.5B-Instruct -> None requests
[2026-08-22 14:00:17.008 Model_Service_5] [PAPER-KV-V6] fetch meta-llama/Llama-3.2-3B -> None requests
[2026-08-22 14:00:17.019 Model_Service_0] [PAPER-KV-V6] fetch Qwen/Qwen2.5-1.5B-Instruct -> None requests
[2026-08-22 14:00:17.019 Model_Service_5] [PAPER-KV-V6] fetch meta-llama/Llama-3.2-3B -> None requests
[2026-08-22 14:00:17.029 Model_Service_0] [PAPER-KV-V6] fetch Qwen/Qwen2.5-1.5B-Instruct -> None requests
[2026-08-22 14:00:17.029 Model_Service_5] [PAPER-KV-V6] fetch meta-llama/Llama-3.2-3B -> None requests
[2026-08-22 14:00:17.040 Model_Service_5] [PAPER-KV-V6] fetch meta-llama/Llama-3.2-3B -> None requests
[2026-08-22 14:00:17.040 Model_Service_0] [PAPER-KV-V6] fetch Qwen/Qwen2.5-1.5B-Instruct -> None requests
[2026-08-22 14:00:17.050 Model_Service_5] [PAPER-KV-V6] fetch meta-llama/Llama-3.2-3B -> None requests
[2026-08-22 14:00:17.051 Model_Service_0] [PAPER-KV-V6] fetch Qwen/Qwen2.5-1.5B-Instruct -> None requests
[2026-08-22 14:00:17.061 Model_Service_5] [PAPER-KV-V6] fetch meta-llama/Llama-3.2-3B -> None requests
[2026-08-22 14:00:17.061 Model_Service_0] [PAPER-KV-V6] fetch Qwen/Qwen2.5-1.5B-Instruct -> None requests
[2026-08-22 14:00:17.071 Model_Service_5] [PAPER-KV-V6] fetch meta-llama/Llama-3.2-3B -> None requests
[2026-08-22 14:00:17.072 Model_Service_0] [PAPER-KV-V6] fetch Qwen/Qwen2.5-1.5B-Instruct -> None requests
[2026-08-22 14:00:17.082 Model_Service_5] [PAPER-KV-V6] fetch meta-llama/Llama-3.2-3B -> None requests
[2026-08-22 14:00:17.083 Model_Service_0] [PAPER-KV-V6] fetch Qwen/Qwen2.5-1.5B-Instruct -> None requests
[2026-08-22 14:00:17.092 Model_Service_5] [PAPER-KV-V6] fetch meta-llama/Llama-3.2-3B -> None requests
[2026-08-22 14:00:17.093 Model_Service_0] [PAPER-KV-V6] fetch Qwen/Qwen2.5-1.5B-Instruct -> None requests
[2026-08-22 14:00:17.103 Model_Service_5] [PAPER-KV-V6] fetch meta-llama/Llama-3.2-3B -> None requests
[2026-08-22 14:00:17.104 Model_Service_0] [PAPER-KV-V6] fetch Qwen/Qwen2.5-1.5B-Instruct -> None requests
[2026-08-22 14:00:17.113 Model_Service_5] [PAPER-KV-V6] fetch meta-llama/Llama-3.2-3B -> None requests
[2026-08-22 14:00:17.115 Model_Service_0] [PAPER-KV-V6] fetch Qwen/Qwen2.5-1.5B-Instruct -> None requests
[2026-08-22 14:00:17.124 Model_Service_5] [PAPER-KV-V6] fetch meta-llama/Llama-3.2-3B -> None requests
[2026-08-22 14:00:17.125 Model_Service_0] [PAPER-KV-V6] fetch Qwen/Qwen2.5-1.5B-Instruct -> None requests
[2026-08-22 14:00:17.126 Model_Service_2] [PAPER-KV-V6] fetch Qwen/Qwen2.5-7B-Instruct -> None requests
[2026-08-22 14:00:17.134 Model_Service_5] [PAPER-KV-V6] fetch meta-llama/Llama-3.2-3B -> None requests
[2026-08-22 14:00:17.136 Model_Service_0] [PAPER-KV-V6] fetch Qwen/Qwen2.5-1.5B-Instruct -> None requests
[2026-08-22 14:00:17.137 Model_Service_2] [PAPER-KV-V6] fetch Qwen/Qwen2.5-7B-Instruct -> None requests
[2026-08-22 14:00:17.145 Model_Service_5] [PAPER-KV-V6] fetch meta-llama/Llama-3.2-3B -> None requests
[2026-08-22 14:00:17.146 Model_Service_0] [PAPER-KV-V6] fetch Qwen/Qwen2.5-1.5B-Instruct -> None requests
[2026-08-22 14:00:17.147 Model_Service_2] [PAPER-KV-V6] fetch Qwen/Qwen2.5-7B-Instruct -> None requests
[2026-08-22 14:00:17.155 Model_Service_5] [PAPER-KV-V6] fetch meta-llama/Llama-3.2-3B -> None requests
[2026-08-22 14:00:17.157 Model_Service_0] [PAPER-KV-V6] fetch Qwen/Qwen2.5-1.5B-Instruct -> None requests
[2026-08-22 14:00:17.158 Model_Service_2] [PAPER-KV-V6] fetch Qwen/Qwen2.5-7B-Instruct -> None requests
[2026-08-22 14:00:17.166 Model_Service_5] [PAPER-KV-V6] fetch meta-llama/Llama-3.2-3B -> None requests
[2026-08-22 14:00:17.168 Model_Service_0] [PAPER-KV-V6] fetch Qwen/Qwen2.5-1.5B-Instruct -> None requests
[2026-08-22 14:00:17.168 Model_Service_2] [PAPER-KV-V6] fetch Qwen/Qwen2.5-7B-Instruct -> None requests
[2026-08-22 14:00:17.176 Model_Service_5] [PAPER-KV-V6] fetch meta-llama/Llama-3.2-3B -> None requests
[2026-08-22 14:00:17.178 Model_Service_0] [PAPER-KV-V6] fetch Qwen/Qwen2.5-1.5B-Instruct -> None requests
[2026-08-22 14:00:17.179 Model_Service_2] [PAPER-KV-V6] fetch Qwen/Qwen2.5-7B-Instruct -> None requests
[2026-08-22 14:00:17.187 Model_Service_5] [PAPER-KV-V6] fetch meta-llama/Llama-3.2-3B -> None requests
[2026-08-22 14:00:17.189 Model_Service_0] [PAPER-KV-V6] fetch Qwen/Qwen2.5-1.5B-Instruct -> None requests
[2026-08-22 14:00:17.189 Model_Service_2] [PAPER-KV-V6] fetch Qwen/Qwen2.5-7B-Instruct -> None requests
[2026-08-22 14:00:17.197 Model_Service_5] [PAPER-KV-V6] fetch meta-llama/Llama-3.2-3B -> None requests
[2026-08-22 14:00:17.200 Model_Service_0] [PAPER-KV-V6] fetch Qwen/Qwen2.5-1.5B-Instruct -> None requests
[2026-08-22 14:00:17.200 Model_Service_2] [PAPER-KV-V6] fetch Qwen/Qwen2.5-7B-Instruct -> None requests
[2026-08-22 14:00:17.208 Model_Service_5] [PAPER-KV-V6] fetch meta-llama/Llama-3.2-3B -> None requests
[2026-08-22 14:00:17.210 Model_Service_0] [PAPER-KV-V6] fetch Qwen/Qwen2.5-1.5B-Instruct -> None requests
[2026-08-22 14:00:17.210 Model_Service_2] [PAPER-KV-V6] fetch Qwen/Qwen2.5-7B-Instruct -> None requests
[2026-08-22 14:00:17.218 Model_Service_5] [PAPER-KV-V6] fetch meta-llama/Llama-3.2-3B -> None requests
[2026-08-22 14:00:17.221 Model_Service_0] [PAPER-KV-V6] fetch Qwen/Qwen2.5-1.5B-Instruct -> None requests
[2026-08-22 14:00:17.221 Model_Service_2] [PAPER-KV-V6] fetch Qwen/Qwen2.5-7B-Instruct -> None requests
[2026-08-22 14:00:17.229 Model_Service_5] [PAPER-KV-V6] fetch meta-llama/Llama-3.2-3B -> None requests
[2026-08-22 14:00:17.232 Model_Service_0] [PAPER-KV-V6] fetch Qwen/Qwen2.5-1.5B-Instruct -> None requests
[2026-08-22 14:00:17.232 Model_Service_2] [PAPER-KV-V6] fetch Qwen/Qwen2.5-7B-Instruct -> None requests
[2026-08-22 14:00:17.239 Model_Service_5] [PAPER-KV-V6] fetch meta-llama/Llama-3.2-3B -> None requests
[2026-08-22 14:00:17.242 Model_Service_2] [PAPER-KV-V6] fetch Qwen/Qwen2.5-7B-Instruct -> None requests
[2026-08-22 14:00:17.242 Model_Service_0] [PAPER-KV-V6] fetch Qwen/Qwen2.5-1.5B-Instruct -> None requests
[2026-08-22 14:00:17.250 Model_Service_5] [PAPER-KV-V6] fetch meta-llama/Llama-3.2-3B -> None requests
[2026-08-22 14:00:17.253 Model_Service_2] [PAPER-KV-V6] fetch Qwen/Qwen2.5-7B-Instruct -> None requests
[2026-08-22 14:00:17.253 Model_Service_0] [PAPER-KV-V6] fetch Qwen/Qwen2.5-1.5B-Instruct -> None requests
[2026-08-22 14:00:17.260 Model_Service_5] [PAPER-KV-V6] fetch meta-llama/Llama-3.2-3B -> None requests
[2026-08-22 14:00:17.263 Model_Service_2] [PAPER-KV-V6] fetch Qwen/Qwen2.5-7B-Instruct -> None requests
[2026-08-22 14:00:17.264 Model_Service_0] [PAPER-KV-V6] fetch Qwen/Qwen2.5-1.5B-Instruct -> None requests
[2026-08-22 14:00:17.271 Model_Service_5] [PAPER-KV-V6] fetch meta-llama/Llama-3.2-3B -> None requests
[2026-08-22 14:00:17.274 Model_Service_2] [PAPER-KV-V6] fetch Qwen/Qwen2.5-7B-Instruct -> None requests
[2026-08-22 14:00:17.274 Model_Service_0] [PAPER-KV-V6] fetch Qwen/Qwen2.5-1.5B-Instruct -> None requests
[2026-08-22 14:00:17.281 Model_Service_5] [PAPER-KV-V6] fetch meta-llama/Llama-3.2-3B -> None requests
[2026-08-22 14:00:17.285 Model_Service_2] [PAPER-KV-V6] fetch Qwen/Qwen2.5-7B-Instruct -> None requests
[2026-08-22 14:00:17.285 Model_Service_0] [PAPER-KV-V6] fetch Qwen/Qwen2.5-1.5B-Instruct -> None requests
[2026-08-22 14:00:17.292 Model_Service_5] [PAPER-KV-V6] fetch meta-llama/Llama-3.2-3B -> None requests
[2026-08-22 14:00:17.295 Model_Service_2] [PAPER-KV-V6] fetch Qwen/Qwen2.5-7B-Instruct -> None requests
[2026-08-22 14:00:17.296 Model_Service_0] [PAPER-KV-V6] fetch Qwen/Qwen2.5-1.5B-Instruct -> None requests
[2026-08-22 14:00:17.302 Model_Service_5] [PAPER-KV-V6] fetch meta-llama/Llama-3.2-3B -> None requests
[2026-08-22 14:00:17.306 Model_Service_2] [PAPER-KV-V6] fetch Qwen/Qwen2.5-7B-Instruct -> None requests
[2026-08-22 14:00:17.307 Model_Service_0] [PAPER-KV-V6] fetch Qwen/Qwen2.5-1.5B-Instruct -> None requests
[2026-08-22 14:00:17.313 Model_Service_5] [PAPER-KV-V6] fetch meta-llama/Llama-3.2-3B -> None requests
[2026-08-22 14:00:17.317 Model_Service_2] [PAPER-KV-V6] fetch Qwen/Qwen2.5-7B-Instruct -> None requests
[2026-08-22 14:00:17.317 Model_Service_0] [PAPER-KV-V6] fetch Qwen/Qwen2.5-1.5B-Instruct -> None requests
[2026-08-22 14:00:17.323 Model_Service_5] [PAPER-KV-V6] fetch meta-llama/Llama-3.2-3B -> None requests
[2026-08-22 14:00:17.328 Model_Service_2] [PAPER-KV-V6] fetch Qwen/Qwen2.5-7B-Instruct -> None requests
[2026-08-22 14:00:17.328 Model_Service_0] [PAPER-KV-V6] fetch Qwen/Qwen2.5-1.5B-Instruct -> None requests
[2026-08-22 14:00:17.334 Model_Service_5] [PAPER-KV-V6] fetch meta-llama/Llama-3.2-3B -> None requests
[2026-08-22 14:00:17.338 Model_Service_2] [PAPER-KV-V6] fetch Qwen/Qwen2.5-7B-Instruct -> None requests
[2026-08-22 14:00:17.339 Model_Service_0] [PAPER-KV-V6] fetch Qwen/Qwen2.5-1.5B-Instruct -> None requests
[2026-08-22 14:00:17.344 Model_Service_5] [PAPER-KV-V6] fetch meta-llama/Llama-3.2-3B -> None requests
[2026-08-22 14:00:17.349 Model_Service_2] [PAPER-KV-V6] fetch Qwen/Qwen2.5-7B-Instruct -> None requests
[2026-08-22 14:00:17.349 Model_Service_0] [PAPER-KV-V6] fetch Qwen/Qwen2.5-1.5B-Instruct -> None requests
[2026-08-22 14:00:17.355 Model_Service_5] [PAPER-KV-V6] fetch meta-llama/Llama-3.2-3B -> None requests
[2026-08-22 14:00:17.359 Model_Service_2] [PAPER-KV-V6] fetch Qwen/Qwen2.5-7B-Instruct -> None requests
[2026-08-22 14:00:17.360 Model_Service_0] [PAPER-KV-V6] fetch Qwen/Qwen2.5-1.5B-Instruct -> None requests
[2026-08-22 14:00:17.366 Model_Service_5] [PAPER-KV-V6] fetch meta-llama/Llama-3.2-3B -> None requests
[2026-08-22 14:00:17.370 Model_Service_2] [PAPER-KV-V6] fetch Qwen/Qwen2.5-7B-Instruct -> None requests
[2026-08-22 14:00:17.370 Model_Service_0] [PAPER-KV-V6] fetch Qwen/Qwen2.5-1.5B-Instruct -> None requests
[2026-08-22 14:00:17.376 Model_Service_5] [PAPER-KV-V6] fetch meta-llama/Llama-3.2-3B -> None requests
[2026-08-22 14:00:17.380 Model_Service_2] [PAPER-KV-V6] fetch Qwen/Qwen2.5-7B-Instruct -> None requests
[2026-08-22 14:00:17.381 Model_Service_0] [PAPER-KV-V6] fetch Qwen/Qwen2.5-1.5B-Instruct -> None requests
[2026-08-22 14:00:17.387 Model_Service_5] [PAPER-KV-V6] fetch meta-llama/Llama-3.2-3B -> None requests
[2026-08-22 14:00:17.390 Model_Service_2] [PAPER-KV-V6] fetch Qwen/Qwen2.5-7B-Instruct -> None requests
[2026-08-22 14:00:17.392 Model_Service_0] [PAPER-KV-V6] fetch Qwen/Qwen2.5-1.5B-Instruct -> None requests
[2026-08-22 14:00:17.397 Model_Service_5] [PAPER-KV-V6] fetch meta-llama/Llama-3.2-3B -> None requests
[2026-08-22 14:00:17.401 Model_Service_2] [PAPER-KV-V6] fetch Qwen/Qwen2.5-7B-Instruct -> None requests
[2026-08-22 14:00:17.402 Model_Service_0] [PAPER-KV-V6] fetch Qwen/Qwen2.5-1.5B-Instruct -> None requests
[2026-08-22 14:00:17.408 Model_Service_5] [PAPER-KV-V6] fetch meta-llama/Llama-3.2-3B -> None requests
[2026-08-22 14:00:17.411 Model_Service_2] [PAPER-KV-V6] fetch Qwen/Qwen2.5-7B-Instruct -> None requests
[2026-08-22 14:00:17.413 Model_Service_0] [PAPER-KV-V6] fetch Qwen/Qwen2.5-1.5B-Instruct -> None requests
[2026-08-22 14:00:17.418 Model_Service_5] [PAPER-KV-V6] fetch meta-llama/Llama-3.2-3B -> None requests
[2026-08-22 14:00:17.422 Model_Service_2] [PAPER-KV-V6] fetch Qwen/Qwen2.5-7B-Instruct -> None requests
[2026-08-22 14:00:17.423 Model_Service_0] [PAPER-KV-V6] fetch Qwen/Qwen2.5-1.5B-Instruct -> None requests
[2026-08-22 14:00:17.429 Model_Service_5] [PAPER-KV-V6] fetch meta-llama/Llama-3.2-3B -> None requests
[2026-08-22 14:00:17.432 Model_Service_2] [PAPER-KV-V6] fetch Qwen/Qwen2.5-7B-Instruct -> None requests
[2026-08-22 14:00:17.434 Model_Service_0] [PAPER-KV-V6] fetch Qwen/Qwen2.5-1.5B-Instruct -> None requests
[2026-08-22 14:00:17.439 Model_Service_5] [PAPER-KV-V6] fetch meta-llama/Llama-3.2-3B -> None requests
[2026-08-22 14:00:17.442 Model_Service_2] [PAPER-KV-V6] fetch Qwen/Qwen2.5-7B-Instruct -> None requests
[2026-08-22 14:00:17.445 Model_Service_0] [PAPER-KV-V6] fetch Qwen/Qwen2.5-1.5B-Instruct -> None requests
[2026-08-22 14:00:17.450 Model_Service_5] [PAPER-KV-V6] fetch meta-llama/Llama-3.2-3B -> None requests
[2026-08-22 14:00:17.453 Model_Service_2] [PAPER-KV-V6] fetch Qwen/Qwen2.5-7B-Instruct -> None requests
[2026-08-22 14:00:17.455 Model_Service_0] [PAPER-KV-V6] fetch Qwen/Qwen2.5-1.5B-Instruct -> None requests
[2026-08-22 14:00:17.461 Model_Service_5] [PAPER-KV-V6] fetch meta-llama/Llama-3.2-3B -> None requests
[2026-08-22 14:00:17.463 Model_Service_2] [PAPER-KV-V6] fetch Qwen/Qwen2.5-7B-Instruct -> None requests
[2026-08-22 14:00:17.466 Model_Service_0] [PAPER-KV-V6] fetch Qwen/Qwen2.5-1.5B-Instruct -> None requests
[2026-08-22 14:00:17.472 Model_Service_5] [PAPER-KV-V6] fetch meta-llama/Llama-3.2-3B -> None requests
[2026-08-22 14:00:17.473 Model_Service_2] [PAPER-KV-V6] fetch Qwen/Qwen2.5-7B-Instruct -> None requests
[2026-08-22 14:00:17.477 Model_Service_0] [PAPER-KV-V6] fetch Qwen/Qwen2.5-1.5B-Instruct -> None requests
[2026-08-22 14:00:17.482 Model_Service_5] [PAPER-KV-V6] fetch meta-llama/Llama-3.2-3B -> None requests
[2026-08-22 14:00:17.484 Model_Service_2] [PAPER-KV-V6] fetch Qwen/Qwen2.5-7B-Instruct -> None requests
[2026-08-22 14:00:17.488 Model_Service_0] [PAPER-KV-V6] fetch Qwen/Qwen2.5-1.5B-Instruct -> None requests
[2026-08-22 14:00:17.493 Model_Service_5] [PAPER-KV-V6] fetch meta-llama/Llama-3.2-3B -> None requests
[2026-08-22 14:00:17.494 Model_Service_2] [PAPER-KV-V6] fetch Qwen/Qwen2.5-7B-Instruct -> None requests
[2026-08-22 14:00:17.499 Model_Service_0] [PAPER-KV-V6] fetch Qwen/Qwen2.5-1.5B-Instruct -> None requests
[2026-08-22 14:00:17.503 Model_Service_5] [PAPER-KV-V6] fetch meta-llama/Llama-3.2-3B -> None requests
[2026-08-22 14:00:17.504 Model_Service_2] [PAPER-KV-V6] fetch Qwen/Qwen2.5-7B-Instruct -> None requests
[2026-08-22 14:00:17.509 Model_Service_0] [PAPER-KV-V6] fetch Qwen/Qwen2.5-1.5B-Instruct -> None requests
[2026-08-22 14:00:17.514 Model_Service_5] [PAPER-KV-V6] fetch meta-llama/Llama-3.2-3B -> None requests
[2026-08-22 14:00:17.515 Model_Service_2] [PAPER-KV-V6] fetch Qwen/Qwen2.5-7B-Instruct -> None requests
[2026-08-22 14:00:17.520 Model_Service_0] [PAPER-KV-V6] fetch Qwen/Qwen2.5-1.5B-Instruct -> None requests
[2026-08-22 14:00:17.524 Model_Service_5] [PAPER-KV-V6] fetch meta-llama/Llama-3.2-3B -> None requests
[2026-08-22 14:00:17.525 Model_Service_2] [PAPER-KV-V6] fetch Qwen/Qwen2.5-7B-Instruct -> None requests
[2026-08-22 14:00:17.530 Model_Service_0] [PAPER-KV-V6] fetch Qwen/Qwen2.5-1.5B-Instruct -> None requests
[2026-08-22 14:00:17.535 Model_Service_5] [PAPER-KV-V6] fetch meta-llama/Llama-3.2-3B -> None requests
[2026-08-22 14:00:17.536 Model_Service_2] [PAPER-KV-V6] fetch Qwen/Qwen2.5-7B-Instruct -> None requests
[2026-08-22 14:00:17.541 Model_Service_0] [PAPER-KV-V6] fetch Qwen/Qwen2.5-1.5B-Instruct -> None requests
[2026-08-22 14:00:17.545 Model_Service_5] [PAPER-KV-V6] fetch meta-llama/Llama-3.2-3B -> None requests
[2026-08-22 14:00:17.546 Model_Service_2] [PAPER-KV-V6] fetch Qwen/Qwen2.5-7B-Instruct -> None requests
[2026-08-22 14:00:17.552 Model_Service_0] [PAPER-KV-V6] fetch Qwen/Qwen2.5-1.5B-Instruct -> None requests
[2026-08-22 14:00:17.556 Model_Service_5] [PAPER-KV-V6] fetch meta-llama/Llama-3.2-3B -> None requests
[2026-08-22 14:00:17.556 Model_Service_2] [PAPER-KV-V6] fetch Qwen/Qwen2.5-7B-Instruct -> None requests
[2026-08-22 14:00:17.562 Model_Service_0] [PAPER-KV-V6] fetch Qwen/Qwen2.5-1.5B-Instruct -> None requests
[2026-08-22 14:00:17.566 Model_Service_5] [PAPER-KV-V6] fetch meta-llama/Llama-3.2-3B -> None requests
[2026-08-22 14:00:17.567 Model_Service_2] [PAPER-KV-V6] fetch Qwen/Qwen2.5-7B-Instruct -> None requests
[2026-08-22 14:00:17.573 Model_Service_0] [PAPER-KV-V6] fetch Qwen/Qwen2.5-1.5B-Instruct -> None requests
[2026-08-22 14:00:17.577 Model_Service_5] [PAPER-KV-V6] fetch meta-llama/Llama-3.2-3B -> None requests
[2026-08-22 14:00:17.577 Model_Service_2] [PAPER-KV-V6] fetch Qwen/Qwen2.5-7B-Instruct -> None requests
[2026-08-22 14:00:17.583 Model_Service_0] [PAPER-KV-V6] fetch Qwen/Qwen2.5-1.5B-Instruct -> None requests
[2026-08-22 14:00:17.587 Model_Service_5] [PAPER-KV-V6] fetch meta-llama/Llama-3.2-3B -> None requests
[2026-08-22 14:00:17.587 Model_Service_2] [PAPER-KV-V6] fetch Qwen/Qwen2.5-7B-Instruct -> None requests
[2026-08-22 14:00:17.594 Model_Service_0] [PAPER-KV-V6] fetch Qwen/Qwen2.5-1.5B-Instruct -> None requests
[2026-08-22 14:00:17.598 Model_Service_5] [PAPER-KV-V6] fetch meta-llama/Llama-3.2-3B -> None requests
[2026-08-22 14:00:17.598 Model_Service_2] [PAPER-KV-V6] fetch Qwen/Qwen2.5-7B-Instruct -> None requests
[2026-08-22 14:00:17.605 Model_Service_0] [PAPER-KV-V6] fetch Qwen/Qwen2.5-1.5B-Instruct -> None requests
[2026-08-22 14:00:17.608 Model_Service_5] [PAPER-KV-V6] fetch meta-llama/Llama-3.2-3B -> None requests
[2026-08-22 14:00:17.608 Model_Service_2] [PAPER-KV-V6] fetch Qwen/Qwen2.5-7B-Instruct -> None requests
[2026-08-22 14:00:17.615 Model_Service_0] [PAPER-KV-V6] fetch Qwen/Qwen2.5-1.5B-Instruct -> None requests
[2026-08-22 14:00:17.619 Model_Service_2] [PAPER-KV-V6] fetch Qwen/Qwen2.5-7B-Instruct -> None requests
[2026-08-22 14:00:17.619 Model_Service_5] [PAPER-KV-V6] fetch meta-llama/Llama-3.2-3B -> None requests
[2026-08-22 14:00:17.626 Model_Service_0] [PAPER-KV-V6] fetch Qwen/Qwen2.5-1.5B-Instruct -> None requests
[2026-08-22 14:00:17.629 Model_Service_2] [PAPER-KV-V6] fetch Qwen/Qwen2.5-7B-Instruct -> None requests
[2026-08-22 14:00:17.629 Model_Service_5] [PAPER-KV-V6] fetch meta-llama/Llama-3.2-3B -> None requests
[2026-08-22 14:00:17.636 Model_Service_0] [PAPER-KV-V6] fetch Qwen/Qwen2.5-1.5B-Instruct -> None requests
[2026-08-22 14:00:17.639 Model_Service_2] [PAPER-KV-V6] fetch Qwen/Qwen2.5-7B-Instruct -> None requests
[2026-08-22 14:00:17.640 Model_Service_5] [PAPER-KV-V6] fetch meta-llama/Llama-3.2-3B -> None requests
[2026-08-22 14:00:17.647 Model_Service_0] [PAPER-KV-V6] fetch Qwen/Qwen2.5-1.5B-Instruct -> None requests
[2026-08-22 14:00:17.650 Model_Service_2] [PAPER-KV-V6] fetch Qwen/Qwen2.5-7B-Instruct -> None requests
[2026-08-22 14:00:17.650 Model_Service_5] [PAPER-KV-V6] fetch meta-llama/Llama-3.2-3B -> None requests
[2026-08-22 14:00:17.657 Model_Service_0] [PAPER-KV-V6] fetch Qwen/Qwen2.5-1.5B-Instruct -> None requests
[2026-08-22 14:00:17.661 Model_Service_2] [PAPER-KV-V6] fetch Qwen/Qwen2.5-7B-Instruct -> None requests
[2026-08-22 14:00:17.661 Model_Service_5] [PAPER-KV-V6] fetch meta-llama/Llama-3.2-3B -> None requests
[2026-08-22 14:00:17.668 Model_Service_0] [PAPER-KV-V6] fetch Qwen/Qwen2.5-1.5B-Instruct -> None requests
[2026-08-22 14:00:17.671 Model_Service_2] [PAPER-KV-V6] fetch Qwen/Qwen2.5-7B-Instruct -> None requests
[2026-08-22 14:00:17.671 Model_Service_5] [PAPER-KV-V6] fetch meta-llama/Llama-3.2-3B -> None requests
[2026-08-22 14:00:17.679 Model_Service_0] [PAPER-KV-V6] fetch Qwen/Qwen2.5-1.5B-Instruct -> None requests
[2026-08-22 14:00:17.681 Model_Service_2] [PAPER-KV-V6] fetch Qwen/Qwen2.5-7B-Instruct -> None requests
[2026-08-22 14:00:17.682 Model_Service_5] [PAPER-KV-V6] fetch meta-llama/Llama-3.2-3B -> None requests
[2026-08-22 14:00:17.690 Model_Service_0] [PAPER-KV-V6] fetch Qwen/Qwen2.5-1.5B-Instruct -> None requests
[2026-08-22 14:00:17.692 Model_Service_2] [PAPER-KV-V6] fetch Qwen/Qwen2.5-7B-Instruct -> None requests
[2026-08-22 14:00:17.692 Model_Service_5] [PAPER-KV-V6] fetch meta-llama/Llama-3.2-3B -> None requests
[2026-08-22 14:00:17.701 Model_Service_0] [PAPER-KV-V6] fetch Qwen/Qwen2.5-1.5B-Instruct -> None requests
[2026-08-22 14:00:17.702 Model_Service_2] [PAPER-KV-V6] fetch Qwen/Qwen2.5-7B-Instruct -> None requests
[2026-08-22 14:00:17.703 Model_Service_5] [PAPER-KV-V6] fetch meta-llama/Llama-3.2-3B -> None requests
[2026-08-22 14:00:17.712 Model_Service_0] [PAPER-KV-V6] fetch Qwen/Qwen2.5-1.5B-Instruct -> None requests
[2026-08-22 14:00:17.712 Model_Service_2] [PAPER-KV-V6] fetch Qwen/Qwen2.5-7B-Instruct -> None requests
[2026-08-22 14:00:17.713 Model_Service_5] [PAPER-KV-V6] fetch meta-llama/Llama-3.2-3B -> None requests
[2026-08-22 14:00:17.722 Model_Service_0] [PAPER-KV-V6] fetch Qwen/Qwen2.5-1.5B-Instruct -> None requests
[2026-08-22 14:00:17.723 Model_Service_2] [PAPER-KV-V6] fetch Qwen/Qwen2.5-7B-Instruct -> None requests
[2026-08-22 14:00:17.724 Model_Service_5] [PAPER-KV-V6] fetch meta-llama/Llama-3.2-3B -> None requests
[2026-08-22 14:00:17.733 Model_Service_0] [PAPER-KV-V6] fetch Qwen/Qwen2.5-1.5B-Instruct -> None requests
[2026-08-22 14:00:17.733 Model_Service_2] [PAPER-KV-V6] fetch Qwen/Qwen2.5-7B-Instruct -> None requests
[2026-08-22 14:00:17.734 Model_Service_5] [PAPER-KV-V6] fetch meta-llama/Llama-3.2-3B -> None requests
[2026-08-22 14:00:17.744 Model_Service_0] [PAPER-KV-V6] fetch Qwen/Qwen2.5-1.5B-Instruct -> None requests
[2026-08-22 14:00:17.744 Model_Service_2] [PAPER-KV-V6] fetch Qwen/Qwen2.5-7B-Instruct -> None requests
[2026-08-22 14:00:17.745 Model_Service_5] [PAPER-KV-V6] fetch meta-llama/Llama-3.2-3B -> None requests
[2026-08-22 14:00:17.754 Model_Service_2] [PAPER-KV-V6] fetch Qwen/Qwen2.5-7B-Instruct -> None requests
[2026-08-22 14:00:17.755 Model_Service_0] [PAPER-KV-V6] fetch Qwen/Qwen2.5-1.5B-Instruct -> None requests
[2026-08-22 14:00:17.755 Model_Service_5] [PAPER-KV-V6] fetch meta-llama/Llama-3.2-3B -> None requests
[2026-08-22 14:00:17.765 Model_Service_2] [PAPER-KV-V6] fetch Qwen/Qwen2.5-7B-Instruct -> None requests
[2026-08-22 14:00:17.766 Model_Service_5] [PAPER-KV-V6] fetch meta-llama/Llama-3.2-3B -> None requests
[2026-08-22 14:00:17.766 Model_Service_0] [PAPER-KV-V6] fetch Qwen/Qwen2.5-1.5B-Instruct -> None requests
[2026-08-22 14:00:17.775 Model_Service_2] [PAPER-KV-V6] fetch Qwen/Qwen2.5-7B-Instruct -> None requests
[2026-08-22 14:00:17.776 Model_Service_5] [PAPER-KV-V6] fetch meta-llama/Llama-3.2-3B -> None requests
[2026-08-22 14:00:17.777 Model_Service_0] [PAPER-KV-V6] fetch Qwen/Qwen2.5-1.5B-Instruct -> None requests
[2026-08-22 14:00:17.786 Model_Service_2] [PAPER-KV-V6] fetch Qwen/Qwen2.5-7B-Instruct -> None requests
[2026-08-22 14:00:17.787 Model_Service_5] [PAPER-KV-V6] fetch meta-llama/Llama-3.2-3B -> None requests
[2026-08-22 14:00:17.788 Model_Service_0] [PAPER-KV-V6] fetch Qwen/Qwen2.5-1.5B-Instruct -> None requests
[2026-08-22 14:00:17.797 Model_Service_2] [PAPER-KV-V6] fetch Qwen/Qwen2.5-7B-Instruct -> None requests
[2026-08-22 14:00:17.797 Model_Service_5] [PAPER-KV-V6] fetch meta-llama/Llama-3.2-3B -> None requests
[2026-08-22 14:00:17.799 Model_Service_0] [PAPER-KV-V6] fetch Qwen/Qwen2.5-1.5B-Instruct -> None requests
[2026-08-22 14:00:17.807 Model_Service_2] [PAPER-KV-V6] fetch Qwen/Qwen2.5-7B-Instruct -> None requests
[2026-08-22 14:00:17.808 Model_Service_5] [PAPER-KV-V6] fetch meta-llama/Llama-3.2-3B -> None requests
[2026-08-22 14:00:17.809 Model_Service_0] [PAPER-KV-V6] fetch Qwen/Qwen2.5-1.5B-Instruct -> None requests
[2026-08-22 14:00:17.818 Model_Service_2] [PAPER-KV-V6] fetch Qwen/Qwen2.5-7B-Instruct -> None requests
[2026-08-22 14:00:17.818 Model_Service_5] [PAPER-KV-V6] fetch meta-llama/Llama-3.2-3B -> None requests
[2026-08-22 14:00:17.820 Model_Service_0] [PAPER-KV-V6] fetch Qwen/Qwen2.5-1.5B-Instruct -> None requests
[2026-08-22 14:00:17.828 Model_Service_2] [PAPER-KV-V6] fetch Qwen/Qwen2.5-7B-Instruct -> None requests
[2026-08-22 14:00:17.829 Model_Service_5] [PAPER-KV-V6] fetch meta-llama/Llama-3.2-3B -> None requests
[2026-08-22 14:00:17.831 Model_Service_0] [PAPER-KV-V6] fetch Qwen/Qwen2.5-1.5B-Instruct -> None requests
[2026-08-22 14:00:17.839 Model_Service_2] [PAPER-KV-V6] fetch Qwen/Qwen2.5-7B-Instruct -> None requests
[2026-08-22 14:00:17.839 Model_Service_5] [PAPER-KV-V6] fetch meta-llama/Llama-3.2-3B -> None requests
[2026-08-22 14:00:17.842 Model_Service_0] [PAPER-KV-V6] fetch Qwen/Qwen2.5-1.5B-Instruct -> None requests
[2026-08-22 14:00:17.849 Model_Service_2] [PAPER-KV-V6] fetch Qwen/Qwen2.5-7B-Instruct -> None requests
[2026-08-22 14:00:17.850 Model_Service_5] [PAPER-KV-V6] fetch meta-llama/Llama-3.2-3B -> None requests
[2026-08-22 14:00:17.853 Model_Service_0] [PAPER-KV-V6] fetch Qwen/Qwen2.5-1.5B-Instruct -> None requests
[2026-08-22 14:00:17.860 Model_Service_2] [PAPER-KV-V6] fetch Qwen/Qwen2.5-7B-Instruct -> None requests
[2026-08-22 14:00:17.861 Model_Service_5] [PAPER-KV-V6] fetch meta-llama/Llama-3.2-3B -> None requests
[2026-08-22 14:00:17.863 Model_Service_0] [PAPER-KV-V6] fetch Qwen/Qwen2.5-1.5B-Instruct -> None requests
[2026-08-22 14:00:17.871 Model_Service_2] [PAPER-KV-V6] fetch Qwen/Qwen2.5-7B-Instruct -> None requests
[2026-08-22 14:00:17.871 Model_Service_5] [PAPER-KV-V6] fetch meta-llama/Llama-3.2-3B -> None requests
[2026-08-22 14:00:17.874 Model_Service_0] [PAPER-KV-V6] fetch Qwen/Qwen2.5-1.5B-Instruct -> None requests
[2026-08-22 14:00:17.881 Model_Service_2] [PAPER-KV-V6] fetch Qwen/Qwen2.5-7B-Instruct -> None requests
[2026-08-22 14:00:17.882 Model_Service_5] [PAPER-KV-V6] fetch meta-llama/Llama-3.2-3B -> None requests
[2026-08-22 14:00:17.885 Model_Service_0] [PAPER-KV-V6] fetch Qwen/Qwen2.5-1.5B-Instruct -> None requests
[2026-08-22 14:00:17.892 Model_Service_5] [PAPER-KV-V6] fetch meta-llama/Llama-3.2-3B -> None requests
[2026-08-22 14:00:17.892 Model_Service_2] [PAPER-KV-V6] fetch Qwen/Qwen2.5-7B-Instruct -> None requests
[2026-08-22 14:00:17.896 Model_Service_0] [PAPER-KV-V6] fetch Qwen/Qwen2.5-1.5B-Instruct -> None requests
[2026-08-22 14:00:17.903 Model_Service_5] [PAPER-KV-V6] fetch meta-llama/Llama-3.2-3B -> None requests
[2026-08-22 14:00:17.903 Model_Service_2] [PAPER-KV-V6] fetch Qwen/Qwen2.5-7B-Instruct -> None requests
[2026-08-22 14:00:17.906 Model_Service_0] [PAPER-KV-V6] fetch Qwen/Qwen2.5-1.5B-Instruct -> None requests
[2026-08-22 14:00:17.913 Model_Service_5] [PAPER-KV-V6] fetch meta-llama/Llama-3.2-3B -> None requests
[2026-08-22 14:00:17.914 Model_Service_2] [PAPER-KV-V6] fetch Qwen/Qwen2.5-7B-Instruct -> None requests
[2026-08-22 14:00:17.917 Model_Service_0] [PAPER-KV-V6] fetch Qwen/Qwen2.5-1.5B-Instruct -> None requests
[2026-08-22 14:00:17.924 Model_Service_5] [PAPER-KV-V6] fetch meta-llama/Llama-3.2-3B -> None requests
[2026-08-22 14:00:17.924 Model_Service_2] [PAPER-KV-V6] fetch Qwen/Qwen2.5-7B-Instruct -> None requests
[2026-08-22 14:00:17.928 Model_Service_0] [PAPER-KV-V6] fetch Qwen/Qwen2.5-1.5B-Instruct -> None requests
[2026-08-22 14:00:17.934 Model_Service_5] [PAPER-KV-V6] fetch meta-llama/Llama-3.2-3B -> None requests
[2026-08-22 14:00:17.935 Model_Service_2] [PAPER-KV-V6] fetch Qwen/Qwen2.5-7B-Instruct -> None requests
[2026-08-22 14:00:17.938 Model_Service_0] [PAPER-KV-V6] fetch Qwen/Qwen2.5-1.5B-Instruct -> None requests
[2026-08-22 14:00:17.945 Model_Service_5] [PAPER-KV-V6] fetch meta-llama/Llama-3.2-3B -> None requests
[2026-08-22 14:00:17.945 Model_Service_2] [PAPER-KV-V6] fetch Qwen/Qwen2.5-7B-Instruct -> None requests
[2026-08-22 14:00:17.949 Model_Service_0] [PAPER-KV-V6] fetch Qwen/Qwen2.5-1.5B-Instruct -> None requests
[2026-08-22 14:00:17.955 Model_Service_5] [PAPER-KV-V6] fetch meta-llama/Llama-3.2-3B -> None requests
[2026-08-22 14:00:17.956 Model_Service_2] [PAPER-KV-V6] fetch Qwen/Qwen2.5-7B-Instruct -> None requests
[2026-08-22 14:00:17.960 Model_Service_0] [PAPER-KV-V6] fetch Qwen/Qwen2.5-1.5B-Instruct -> None requests
[2026-08-22 14:00:17.966 Model_Service_5] [PAPER-KV-V6] fetch meta-llama/Llama-3.2-3B -> None requests
[2026-08-22 14:00:17.966 Model_Service_2] [PAPER-KV-V6] fetch Qwen/Qwen2.5-7B-Instruct -> None requests
[2026-08-22 14:00:17.970 Model_Service_0] [PAPER-KV-V6] fetch Qwen/Qwen2.5-1.5B-Instruct -> None requests
[2026-08-22 14:00:17.976 Model_Service_5] [PAPER-KV-V6] fetch meta-llama/Llama-3.2-3B -> None requests
[2026-08-22 14:00:17.977 Model_Service_2] [PAPER-KV-V6] fetch Qwen/Qwen2.5-7B-Instruct -> None requests
[2026-08-22 14:00:17.981 Model_Service_0] [PAPER-KV-V6] fetch Qwen/Qwen2.5-1.5B-Instruct -> None requests
[2026-08-22 14:00:17.987 Model_Service_5] [PAPER-KV-V6] fetch meta-llama/Llama-3.2-3B -> None requests
[2026-08-22 14:00:17.987 Model_Service_2] [PAPER-KV-V6] fetch Qwen/Qwen2.5-7B-Instruct -> None requests
[2026-08-22 14:00:17.992 Model_Service_0] [PAPER-KV-V6] fetch Qwen/Qwen2.5-1.5B-Instruct -> None requests
[2026-08-22 14:00:17.997 Model_Service_5] [PAPER-KV-V6] fetch meta-llama/Llama-3.2-3B -> None requests
[2026-08-22 14:00:17.998 Model_Service_2] [PAPER-KV-V6] fetch Qwen/Qwen2.5-7B-Instruct -> None requests
[2026-08-22 14:00:18.002 Model_Service_0] [PAPER-KV-V6] fetch Qwen/Qwen2.5-1.5B-Instruct -> None requests
[2026-08-22 14:00:18.008 Model_Service_5] [PAPER-KV-V6] fetch meta-llama/Llama-3.2-3B -> None requests
[2026-08-22 14:00:18.009 Model_Service_2] [PAPER-KV-V6] fetch Qwen/Qwen2.5-7B-Instruct -> None requests
[2026-08-22 14:00:18.013 Model_Service_0] [PAPER-KV-V6] fetch Qwen/Qwen2.5-1.5B-Instruct -> None requests
[2026-08-22 14:00:18.018 Model_Service_5] [PAPER-KV-V6] fetch meta-llama/Llama-3.2-3B -> None requests
[2026-08-22 14:00:18.019 Model_Service_2] [PAPER-KV-V6] fetch Qwen/Qwen2.5-7B-Instruct -> None requests
[2026-08-22 14:00:18.024 Model_Service_0] [PAPER-KV-V6] fetch Qwen/Qwen2.5-1.5B-Instruct -> None requests
[2026-08-22 14:00:18.029 Model_Service_5] [PAPER-KV-V6] fetch meta-llama/Llama-3.2-3B -> None requests
[2026-08-22 14:00:18.030 Model_Service_2] [PAPER-KV-V6] fetch Qwen/Qwen2.5-7B-Instruct -> None requests
[2026-08-22 14:00:18.034 Model_Service_0] [PAPER-KV-V6] fetch Qwen/Qwen2.5-1.5B-Instruct -> None requests
[2026-08-22 14:00:18.040 Model_Service_5] [PAPER-KV-V6] fetch meta-llama/Llama-3.2-3B -> None requests
[2026-08-22 14:00:18.040 Model_Service_2] [PAPER-KV-V6] fetch Qwen/Qwen2.5-7B-Instruct -> None requests
[2026-08-22 14:00:18.045 Model_Service_0] [PAPER-KV-V6] fetch Qwen/Qwen2.5-1.5B-Instruct -> None requests
[2026-08-22 14:00:18.050 Model_Service_5] [PAPER-KV-V6] fetch meta-llama/Llama-3.2-3B -> None requests
[2026-08-22 14:00:18.051 Model_Service_2] [PAPER-KV-V6] fetch Qwen/Qwen2.5-7B-Instruct -> None requests
[2026-08-22 14:00:18.056 Model_Service_0] [PAPER-KV-V6] fetch Qwen/Qwen2.5-1.5B-Instruct -> None requests
[2026-08-22 14:00:18.061 Model_Service_5] [PAPER-KV-V6] fetch meta-llama/Llama-3.2-3B -> None requests
[2026-08-22 14:00:18.061 Model_Service_2] [PAPER-KV-V6] fetch Qwen/Qwen2.5-7B-Instruct -> None requests
[2026-08-22 14:00:18.067 Model_Service_0] [PAPER-KV-V6] fetch Qwen/Qwen2.5-1.5B-Instruct -> None requests
[2026-08-22 14:00:18.071 Model_Service_5] [PAPER-KV-V6] fetch meta-llama/Llama-3.2-3B -> None requests
[2026-08-22 14:00:18.072 Model_Service_2] [PAPER-KV-V6] fetch Qwen/Qwen2.5-7B-Instruct -> None requests
[2026-08-22 14:00:18.077 Model_Service_0] [PAPER-KV-V6] fetch Qwen/Qwen2.5-1.5B-Instruct -> None requests
[2026-08-22 14:00:18.082 Model_Service_2] [PAPER-KV-V6] fetch Qwen/Qwen2.5-7B-Instruct -> None requests
[2026-08-22 14:00:18.083 Model_Service_5] [PAPER-KV-V6] fetch meta-llama/Llama-3.2-3B -> None requests
[2026-08-22 14:00:18.088 Model_Service_0] [PAPER-KV-V6] fetch Qwen/Qwen2.5-1.5B-Instruct -> None requests
[2026-08-22 14:00:18.093 Model_Service_2] [PAPER-KV-V6] fetch Qwen/Qwen2.5-7B-Instruct -> None requests
[2026-08-22 14:00:18.093 Model_Service_5] [PAPER-KV-V6] fetch meta-llama/Llama-3.2-3B -> None requests
[2026-08-22 14:00:18.099 Model_Service_0] [PAPER-KV-V6] fetch Qwen/Qwen2.5-1.5B-Instruct -> None requests
[2026-08-22 14:00:18.104 Model_Service_2] [PAPER-KV-V6] fetch Qwen/Qwen2.5-7B-Instruct -> None requests
[2026-08-22 14:00:18.104 Model_Service_5] [PAPER-KV-V6] fetch meta-llama/Llama-3.2-3B -> None requests
[2026-08-22 14:00:18.109 Model_Service_0] [PAPER-KV-V6] fetch Qwen/Qwen2.5-1.5B-Instruct -> None requests
[2026-08-22 14:00:18.114 Model_Service_2] [PAPER-KV-V6] fetch Qwen/Qwen2.5-7B-Instruct -> None requests
[2026-08-22 14:00:18.114 Model_Service_5] [PAPER-KV-V6] fetch meta-llama/Llama-3.2-3B -> None requests
[2026-08-22 14:00:18.120 Model_Service_0] [PAPER-KV-V6] fetch Qwen/Qwen2.5-1.5B-Instruct -> None requests
[2026-08-22 14:00:18.125 Model_Service_2] [PAPER-KV-V6] fetch Qwen/Qwen2.5-7B-Instruct -> None requests
[2026-08-22 14:00:18.125 Model_Service_5] [PAPER-KV-V6] fetch meta-llama/Llama-3.2-3B -> None requests
[2026-08-22 14:00:18.131 Model_Service_0] [PAPER-KV-V6] fetch Qwen/Qwen2.5-1.5B-Instruct -> None requests
[2026-08-22 14:00:18.135 Model_Service_2] [PAPER-KV-V6] fetch Qwen/Qwen2.5-7B-Instruct -> None requests
[2026-08-22 14:00:18.135 Model_Service_5] [PAPER-KV-V6] fetch meta-llama/Llama-3.2-3B -> None requests
[2026-08-22 14:00:18.141 Model_Service_0] [PAPER-KV-V6] fetch Qwen/Qwen2.5-1.5B-Instruct -> None requests
[2026-08-22 14:00:18.146 Model_Service_2] [PAPER-KV-V6] fetch Qwen/Qwen2.5-7B-Instruct -> None requests
[2026-08-22 14:00:18.146 Model_Service_5] [PAPER-KV-V6] fetch meta-llama/Llama-3.2-3B -> None requests
[2026-08-22 14:00:18.153 Model_Service_0] [PAPER-KV-V6] fetch Qwen/Qwen2.5-1.5B-Instruct -> None requests
[2026-08-22 14:00:18.156 Model_Service_2] [PAPER-KV-V6] fetch Qwen/Qwen2.5-7B-Instruct -> None requests
[2026-08-22 14:00:18.156 Model_Service_5] [PAPER-KV-V6] fetch meta-llama/Llama-3.2-3B -> None requests
[2026-08-22 14:00:18.163 Model_Service_0] [PAPER-KV-V6] fetch Qwen/Qwen2.5-1.5B-Instruct -> None requests
[2026-08-22 14:00:18.167 Model_Service_5] [PAPER-KV-V6] fetch meta-llama/Llama-3.2-3B -> None requests
[2026-08-22 14:00:18.167 Model_Service_2] [PAPER-KV-V6] fetch Qwen/Qwen2.5-7B-Instruct -> None requests
[2026-08-22 14:00:18.174 Model_Service_0] [PAPER-KV-V6] fetch Qwen/Qwen2.5-1.5B-Instruct -> None requests
[2026-08-22 14:00:18.177 Model_Service_5] [PAPER-KV-V6] fetch meta-llama/Llama-3.2-3B -> None requests
[2026-08-22 14:00:18.177 Model_Service_2] [PAPER-KV-V6] fetch Qwen/Qwen2.5-7B-Instruct -> None requests
[2026-08-22 14:00:18.185 Model_Service_0] [PAPER-KV-V6] fetch Qwen/Qwen2.5-1.5B-Instruct -> None requests
[2026-08-22 14:00:18.187 Model_Service_5] [PAPER-KV-V6] fetch meta-llama/Llama-3.2-3B -> None requests
[2026-08-22 14:00:18.188 Model_Service_2] [PAPER-KV-V6] fetch Qwen/Qwen2.5-7B-Instruct -> None requests
[2026-08-22 14:00:18.196 Model_Service_0] [PAPER-KV-V6] fetch Qwen/Qwen2.5-1.5B-Instruct -> None requests
[2026-08-22 14:00:18.198 Model_Service_5] [PAPER-KV-V6] fetch meta-llama/Llama-3.2-3B -> None requests
[2026-08-22 14:00:18.198 Model_Service_2] [PAPER-KV-V6] fetch Qwen/Qwen2.5-7B-Instruct -> None requests
[2026-08-22 14:00:18.207 Model_Service_0] [PAPER-KV-V6] fetch Qwen/Qwen2.5-1.5B-Instruct -> None requests
[2026-08-22 14:00:18.208 Model_Service_5] [PAPER-KV-V6] fetch meta-llama/Llama-3.2-3B -> None requests
[2026-08-22 14:00:18.209 Model_Service_2] [PAPER-KV-V6] fetch Qwen/Qwen2.5-7B-Instruct -> None requests
[2026-08-22 14:00:18.217 Model_Service_0] [PAPER-KV-V6] fetch Qwen/Qwen2.5-1.5B-Instruct -> None requests
[2026-08-22 14:00:18.218 Model_Service_5] [PAPER-KV-V6] fetch meta-llama/Llama-3.2-3B -> None requests
[2026-08-22 14:00:18.220 Model_Service_2] [PAPER-KV-V6] fetch Qwen/Qwen2.5-7B-Instruct -> None requests
[2026-08-22 14:00:18.228 Model_Service_0] [PAPER-KV-V6] fetch Qwen/Qwen2.5-1.5B-Instruct -> None requests
[2026-08-22 14:00:18.229 Model_Service_5] [PAPER-KV-V6] fetch meta-llama/Llama-3.2-3B -> None requests
[2026-08-22 14:00:18.230 Model_Service_2] [PAPER-KV-V6] fetch Qwen/Qwen2.5-7B-Instruct -> None requests
[2026-08-22 14:00:18.238 Model_Service_0] [PAPER-KV-V6] fetch Qwen/Qwen2.5-1.5B-Instruct -> None requests
[2026-08-22 14:00:18.239 Model_Service_5] [PAPER-KV-V6] fetch meta-llama/Llama-3.2-3B -> None requests
[2026-08-22 14:00:18.241 Model_Service_2] [PAPER-KV-V6] fetch Qwen/Qwen2.5-7B-Instruct -> None requests
[2026-08-22 14:00:18.249 Model_Service_0] [PAPER-KV-V6] fetch Qwen/Qwen2.5-1.5B-Instruct -> None requests
[2026-08-22 14:00:18.249 Model_Service_5] [PAPER-KV-V6] fetch meta-llama/Llama-3.2-3B -> None requests
[2026-08-22 14:00:18.252 Model_Service_2] [PAPER-KV-V6] fetch Qwen/Qwen2.5-7B-Instruct -> None requests
[2026-08-22 14:00:18.260 Model_Service_5] [PAPER-KV-V6] fetch meta-llama/Llama-3.2-3B -> None requests
[2026-08-22 14:00:18.260 Model_Service_0] [PAPER-KV-V6] fetch Qwen/Qwen2.5-1.5B-Instruct -> None requests
[2026-08-22 14:00:18.262 Model_Service_2] [PAPER-KV-V6] fetch Qwen/Qwen2.5-7B-Instruct -> None requests
[2026-08-22 14:00:18.270 Model_Service_5] [PAPER-KV-V6] fetch meta-llama/Llama-3.2-3B -> None requests
[2026-08-22 14:00:18.271 Model_Service_0] [PAPER-KV-V6] fetch Qwen/Qwen2.5-1.5B-Instruct -> None requests
[2026-08-22 14:00:18.273 Model_Service_2] [PAPER-KV-V6] fetch Qwen/Qwen2.5-7B-Instruct -> None requests
[2026-08-22 14:00:18.281 Model_Service_5] [PAPER-KV-V6] fetch meta-llama/Llama-3.2-3B -> None requests
[2026-08-22 14:00:18.282 Model_Service_0] [PAPER-KV-V6] fetch Qwen/Qwen2.5-1.5B-Instruct -> None requests
[2026-08-22 14:00:18.283 Model_Service_2] [PAPER-KV-V6] fetch Qwen/Qwen2.5-7B-Instruct -> None requests
[2026-08-22 14:00:18.291 Model_Service_5] [PAPER-KV-V6] fetch meta-llama/Llama-3.2-3B -> None requests
[2026-08-22 14:00:18.292 Model_Service_0] [PAPER-KV-V6] fetch Qwen/Qwen2.5-1.5B-Instruct -> None requests
[2026-08-22 14:00:18.294 Model_Service_2] [PAPER-KV-V6] fetch Qwen/Qwen2.5-7B-Instruct -> None requests
[2026-08-22 14:00:18.302 Model_Service_5] [PAPER-KV-V6] fetch meta-llama/Llama-3.2-3B -> None requests
[2026-08-22 14:00:18.303 Model_Service_0] [PAPER-KV-V6] fetch Qwen/Qwen2.5-1.5B-Instruct -> None requests
[2026-08-22 14:00:18.304 Model_Service_2] [PAPER-KV-V6] fetch Qwen/Qwen2.5-7B-Instruct -> None requests
[2026-08-22 14:00:18.312 Model_Service_5] [PAPER-KV-V6] fetch meta-llama/Llama-3.2-3B -> None requests
[2026-08-22 14:00:18.314 Model_Service_0] [PAPER-KV-V6] fetch Qwen/Qwen2.5-1.5B-Instruct -> None requests
[2026-08-22 14:00:18.315 Model_Service_2] [PAPER-KV-V6] fetch Qwen/Qwen2.5-7B-Instruct -> None requests
[2026-08-22 14:00:18.323 Model_Service_5] [PAPER-KV-V6] fetch meta-llama/Llama-3.2-3B -> None requests
[2026-08-22 14:00:18.324 Model_Service_0] [PAPER-KV-V6] fetch Qwen/Qwen2.5-1.5B-Instruct -> None requests
[2026-08-22 14:00:18.325 Model_Service_2] [PAPER-KV-V6] fetch Qwen/Qwen2.5-7B-Instruct -> None requests
[2026-08-22 14:00:18.333 Model_Service_5] [PAPER-KV-V6] fetch meta-llama/Llama-3.2-3B -> None requests
[2026-08-22 14:00:18.335 Model_Service_0] [PAPER-KV-V6] fetch Qwen/Qwen2.5-1.5B-Instruct -> None requests
[2026-08-22 14:00:18.336 Model_Service_2] [PAPER-KV-V6] fetch Qwen/Qwen2.5-7B-Instruct -> None requests
[2026-08-22 14:00:18.343 Model_Service_5] [PAPER-KV-V6] fetch meta-llama/Llama-3.2-3B -> None requests
[2026-08-22 14:00:18.345 Model_Service_0] [PAPER-KV-V6] fetch Qwen/Qwen2.5-1.5B-Instruct -> None requests
[2026-08-22 14:00:18.347 Model_Service_2] [PAPER-KV-V6] fetch Qwen/Qwen2.5-7B-Instruct -> None requests
[2026-08-22 14:00:18.354 Model_Service_5] [PAPER-KV-V6] fetch meta-llama/Llama-3.2-3B -> None requests
[2026-08-22 14:00:18.356 Model_Service_0] [PAPER-KV-V6] fetch Qwen/Qwen2.5-1.5B-Instruct -> None requests
[2026-08-22 14:00:18.357 Model_Service_2] [PAPER-KV-V6] fetch Qwen/Qwen2.5-7B-Instruct -> None requests
[2026-08-22 14:00:18.364 Model_Service_5] [PAPER-KV-V6] fetch meta-llama/Llama-3.2-3B -> None requests
[2026-08-22 14:00:18.367 Model_Service_0] [PAPER-KV-V6] fetch Qwen/Qwen2.5-1.5B-Instruct -> None requests
[2026-08-22 14:00:18.368 Model_Service_2] [PAPER-KV-V6] fetch Qwen/Qwen2.5-7B-Instruct -> None requests
[2026-08-22 14:00:18.375 Model_Service_5] [PAPER-KV-V6] fetch meta-llama/Llama-3.2-3B -> None requests
[2026-08-22 14:00:18.377 Model_Service_0] [PAPER-KV-V6] fetch Qwen/Qwen2.5-1.5B-Instruct -> None requests
[2026-08-22 14:00:18.378 Model_Service_2] [PAPER-KV-V6] fetch Qwen/Qwen2.5-7B-Instruct -> None requests
[2026-08-22 14:00:18.385 Model_Service_5] [PAPER-KV-V6] fetch meta-llama/Llama-3.2-3B -> None requests
[2026-08-22 14:00:18.388 Model_Service_0] [PAPER-KV-V6] fetch Qwen/Qwen2.5-1.5B-Instruct -> None requests
[2026-08-22 14:00:18.389 Model_Service_2] [PAPER-KV-V6] fetch Qwen/Qwen2.5-7B-Instruct -> None requests
[2026-08-22 14:00:18.395 Model_Service_5] [PAPER-KV-V6] fetch meta-llama/Llama-3.2-3B -> None requests
[2026-08-22 14:00:18.398 Model_Service_0] [PAPER-KV-V6] fetch Qwen/Qwen2.5-1.5B-Instruct -> None requests
[2026-08-22 14:00:18.399 Model_Service_2] [PAPER-KV-V6] fetch Qwen/Qwen2.5-7B-Instruct -> None requests
[2026-08-22 14:00:18.406 Model_Service_5] [PAPER-KV-V6] fetch meta-llama/Llama-3.2-3B -> None requests
[2026-08-22 14:00:18.408 Model_Service_0] [PAPER-KV-V6] fetch Qwen/Qwen2.5-1.5B-Instruct -> None requests
[2026-08-22 14:00:18.409 Model_Service_2] [PAPER-KV-V6] fetch Qwen/Qwen2.5-7B-Instruct -> None requests
[2026-08-22 14:00:18.416 Model_Service_5] [PAPER-KV-V6] fetch meta-llama/Llama-3.2-3B -> None requests
[2026-08-22 14:00:18.419 Model_Service_0] [PAPER-KV-V6] fetch Qwen/Qwen2.5-1.5B-Instruct -> None requests
[2026-08-22 14:00:18.420 Model_Service_2] [PAPER-KV-V6] fetch Qwen/Qwen2.5-7B-Instruct -> None requests
[2026-08-22 14:00:18.427 Model_Service_5] [PAPER-KV-V6] fetch meta-llama/Llama-3.2-3B -> None requests
[2026-08-22 14:00:18.429 Model_Service_0] [PAPER-KV-V6] fetch Qwen/Qwen2.5-1.5B-Instruct -> None requests
[2026-08-22 14:00:18.430 Model_Service_2] [PAPER-KV-V6] fetch Qwen/Qwen2.5-7B-Instruct -> None requests
[2026-08-22 14:00:18.437 Model_Service_5] [PAPER-KV-V6] fetch meta-llama/Llama-3.2-3B -> None requests
[2026-08-22 14:00:18.440 Model_Service_0] [PAPER-KV-V6] fetch Qwen/Qwen2.5-1.5B-Instruct -> None requests
[2026-08-22 14:00:18.441 Model_Service_2] [PAPER-KV-V6] fetch Qwen/Qwen2.5-7B-Instruct -> None requests
[2026-08-22 14:00:18.448 Model_Service_5] [PAPER-KV-V6] fetch meta-llama/Llama-3.2-3B -> None requests
[2026-08-22 14:00:18.450 Model_Service_0] [PAPER-KV-V6] fetch Qwen/Qwen2.5-1.5B-Instruct -> None requests
[2026-08-22 14:00:18.451 Model_Service_2] [PAPER-KV-V6] fetch Qwen/Qwen2.5-7B-Instruct -> None requests
[2026-08-22 14:00:18.458 Model_Service_5] [PAPER-KV-V6] fetch meta-llama/Llama-3.2-3B -> None requests
[2026-08-22 14:00:18.461 Model_Service_0] [PAPER-KV-V6] fetch Qwen/Qwen2.5-1.5B-Instruct -> None requests
[2026-08-22 14:00:18.461 Model_Service_2] [PAPER-KV-V6] fetch Qwen/Qwen2.5-7B-Instruct -> None requests
[2026-08-22 14:00:18.469 Model_Service_5] [PAPER-KV-V6] fetch meta-llama/Llama-3.2-3B -> None requests
[2026-08-22 14:00:18.471 Model_Service_0] [PAPER-KV-V6] fetch Qwen/Qwen2.5-1.5B-Instruct -> None requests
[2026-08-22 14:00:18.472 Model_Service_2] [PAPER-KV-V6] fetch Qwen/Qwen2.5-7B-Instruct -> None requests
[2026-08-22 14:00:18.479 Model_Service_5] [PAPER-KV-V6] fetch meta-llama/Llama-3.2-3B -> None requests
[2026-08-22 14:00:18.482 Model_Service_0] [PAPER-KV-V6] fetch Qwen/Qwen2.5-1.5B-Instruct -> None requests
[2026-08-22 14:00:18.482 Model_Service_2] [PAPER-KV-V6] fetch Qwen/Qwen2.5-7B-Instruct -> None requests
[2026-08-22 14:00:18.489 Model_Service_5] [PAPER-KV-V6] fetch meta-llama/Llama-3.2-3B -> None requests
[2026-08-22 14:00:18.492 Model_Service_0] [PAPER-KV-V6] fetch Qwen/Qwen2.5-1.5B-Instruct -> None requests
[2026-08-22 14:00:18.492 Model_Service_2] [PAPER-KV-V6] fetch Qwen/Qwen2.5-7B-Instruct -> None requests
[2026-08-22 14:00:18.500 Model_Service_5] [PAPER-KV-V6] fetch meta-llama/Llama-3.2-3B -> None requests
[2026-08-22 14:00:18.503 Model_Service_0] [PAPER-KV-V6] fetch Qwen/Qwen2.5-1.5B-Instruct -> None requests
[2026-08-22 14:00:18.503 Model_Service_2] [PAPER-KV-V6] fetch Qwen/Qwen2.5-7B-Instruct -> None requests
[2026-08-22 14:00:18.510 Model_Service_5] [PAPER-KV-V6] fetch meta-llama/Llama-3.2-3B -> None requests
[2026-08-22 14:00:18.513 Model_Service_0] [PAPER-KV-V6] fetch Qwen/Qwen2.5-1.5B-Instruct -> None requests
[2026-08-22 14:00:18.513 Model_Service_2] [PAPER-KV-V6] fetch Qwen/Qwen2.5-7B-Instruct -> None requests
[2026-08-22 14:00:18.520 Model_Service_5] [PAPER-KV-V6] fetch meta-llama/Llama-3.2-3B -> None requests
[2026-08-22 14:00:18.524 Model_Service_2] [PAPER-KV-V6] fetch Qwen/Qwen2.5-7B-Instruct -> None requests
[2026-08-22 14:00:18.524 Model_Service_0] [PAPER-KV-V6] fetch Qwen/Qwen2.5-1.5B-Instruct -> None requests
[2026-08-22 14:00:18.531 Model_Service_5] [PAPER-KV-V6] fetch meta-llama/Llama-3.2-3B -> None requests
[2026-08-22 14:00:18.534 Model_Service_2] [PAPER-KV-V6] fetch Qwen/Qwen2.5-7B-Instruct -> None requests
[2026-08-22 14:00:18.534 Model_Service_0] [PAPER-KV-V6] fetch Qwen/Qwen2.5-1.5B-Instruct -> None requests
[2026-08-22 14:00:18.541 Model_Service_5] [PAPER-KV-V6] fetch meta-llama/Llama-3.2-3B -> None requests
[2026-08-22 14:00:18.544 Model_Service_2] [PAPER-KV-V6] fetch Qwen/Qwen2.5-7B-Instruct -> None requests
[2026-08-22 14:00:18.545 Model_Service_0] [PAPER-KV-V6] fetch Qwen/Qwen2.5-1.5B-Instruct -> None requests
[2026-08-22 14:00:18.551 Model_Service_5] [PAPER-KV-V6] fetch meta-llama/Llama-3.2-3B -> None requests
[2026-08-22 14:00:18.555 Model_Service_2] [PAPER-KV-V6] fetch Qwen/Qwen2.5-7B-Instruct -> None requests
[2026-08-22 14:00:18.555 Model_Service_0] [PAPER-KV-V6] fetch Qwen/Qwen2.5-1.5B-Instruct -> None requests
[2026-08-22 14:00:18.562 Model_Service_5] [PAPER-KV-V6] fetch meta-llama/Llama-3.2-3B -> None requests
[2026-08-22 14:00:18.565 Model_Service_2] [PAPER-KV-V6] fetch Qwen/Qwen2.5-7B-Instruct -> None requests
[2026-08-22 14:00:18.566 Model_Service_0] [PAPER-KV-V6] fetch Qwen/Qwen2.5-1.5B-Instruct -> None requests
[2026-08-22 14:00:18.572 Model_Service_5] [PAPER-KV-V6] fetch meta-llama/Llama-3.2-3B -> None requests
[2026-08-22 14:00:18.576 Model_Service_2] [PAPER-KV-V6] fetch Qwen/Qwen2.5-7B-Instruct -> None requests
[2026-08-22 14:00:18.577 Model_Service_0] [PAPER-KV-V6] fetch Qwen/Qwen2.5-1.5B-Instruct -> None requests
[2026-08-22 14:00:18.583 Model_Service_5] [PAPER-KV-V6] fetch meta-llama/Llama-3.2-3B -> None requests
[2026-08-22 14:00:18.586 Model_Service_2] [PAPER-KV-V6] fetch Qwen/Qwen2.5-7B-Instruct -> None requests
[2026-08-22 14:00:18.587 Model_Service_0] [PAPER-KV-V6] fetch Qwen/Qwen2.5-1.5B-Instruct -> None requests
[2026-08-22 14:00:18.593 Model_Service_5] [PAPER-KV-V6] fetch meta-llama/Llama-3.2-3B -> None requests
[2026-08-22 14:00:18.597 Model_Service_2] [PAPER-KV-V6] fetch Qwen/Qwen2.5-7B-Instruct -> None requests
[2026-08-22 14:00:18.598 Model_Service_0] [PAPER-KV-V6] fetch Qwen/Qwen2.5-1.5B-Instruct -> None requests
[2026-08-22 14:00:18.603 Model_Service_5] [PAPER-KV-V6] fetch meta-llama/Llama-3.2-3B -> None requests
[2026-08-22 14:00:18.607 Model_Service_2] [PAPER-KV-V6] fetch Qwen/Qwen2.5-7B-Instruct -> None requests
[2026-08-22 14:00:18.608 Model_Service_0] [PAPER-KV-V6] fetch Qwen/Qwen2.5-1.5B-Instruct -> None requests
[2026-08-22 14:00:18.614 Model_Service_5] [PAPER-KV-V6] fetch meta-llama/Llama-3.2-3B -> None requests
[2026-08-22 14:00:18.617 Model_Service_2] [PAPER-KV-V6] fetch Qwen/Qwen2.5-7B-Instruct -> None requests
[2026-08-22 14:00:18.619 Model_Service_0] [PAPER-KV-V6] fetch Qwen/Qwen2.5-1.5B-Instruct -> None requests
[2026-08-22 14:00:18.624 Model_Service_5] [PAPER-KV-V6] fetch meta-llama/Llama-3.2-3B -> None requests
[2026-08-22 14:00:18.628 Model_Service_2] [PAPER-KV-V6] fetch Qwen/Qwen2.5-7B-Instruct -> None requests
[2026-08-22 14:00:18.629 Model_Service_0] [PAPER-KV-V6] fetch Qwen/Qwen2.5-1.5B-Instruct -> None requests
[2026-08-22 14:00:18.635 Model_Service_5] [PAPER-KV-V6] fetch meta-llama/Llama-3.2-3B -> None requests
[2026-08-22 14:00:18.638 Model_Service_2] [PAPER-KV-V6] fetch Qwen/Qwen2.5-7B-Instruct -> None requests
[2026-08-22 14:00:18.640 Model_Service_0] [PAPER-KV-V6] fetch Qwen/Qwen2.5-1.5B-Instruct -> None requests
[2026-08-22 14:00:18.645 Model_Service_5] [PAPER-KV-V6] fetch meta-llama/Llama-3.2-3B -> None requests
[2026-08-22 14:00:18.649 Model_Service_2] [PAPER-KV-V6] fetch Qwen/Qwen2.5-7B-Instruct -> None requests
[2026-08-22 14:00:18.650 Model_Service_0] [PAPER-KV-V6] fetch Qwen/Qwen2.5-1.5B-Instruct -> None requests
[2026-08-22 14:00:18.656 Model_Service_5] [PAPER-KV-V6] fetch meta-llama/Llama-3.2-3B -> None requests
[2026-08-22 14:00:18.659 Model_Service_2] [PAPER-KV-V6] fetch Qwen/Qwen2.5-7B-Instruct -> None requests
[2026-08-22 14:00:18.661 Model_Service_0] [PAPER-KV-V6] fetch Qwen/Qwen2.5-1.5B-Instruct -> None requests
[2026-08-22 14:00:18.666 Model_Service_5] [PAPER-KV-V6] fetch meta-llama/Llama-3.2-3B -> None requests
[2026-08-22 14:00:18.670 Model_Service_2] [PAPER-KV-V6] fetch Qwen/Qwen2.5-7B-Instruct -> None requests
[2026-08-22 14:00:18.671 Model_Service_0] [PAPER-KV-V6] fetch Qwen/Qwen2.5-1.5B-Instruct -> None requests
[2026-08-22 14:00:18.677 Model_Service_5] [PAPER-KV-V6] fetch meta-llama/Llama-3.2-3B -> None requests
[2026-08-22 14:00:18.680 Model_Service_2] [PAPER-KV-V6] fetch Qwen/Qwen2.5-7B-Instruct -> None requests
[2026-08-22 14:00:18.682 Model_Service_0] [PAPER-KV-V6] fetch Qwen/Qwen2.5-1.5B-Instruct -> None requests
[2026-08-22 14:00:18.687 Model_Service_5] [PAPER-KV-V6] fetch meta-llama/Llama-3.2-3B -> None requests
[2026-08-22 14:00:18.691 Model_Service_2] [PAPER-KV-V6] fetch Qwen/Qwen2.5-7B-Instruct -> None requests
[2026-08-22 14:00:18.693 Model_Service_0] [PAPER-KV-V6] fetch Qwen/Qwen2.5-1.5B-Instruct -> None requests
[2026-08-22 14:00:18.697 Model_Service_5] [PAPER-KV-V6] fetch meta-llama/Llama-3.2-3B -> None requests
[2026-08-22 14:00:18.701 Model_Service_2] [PAPER-KV-V6] fetch Qwen/Qwen2.5-7B-Instruct -> None requests
[2026-08-22 14:00:18.703 Model_Service_0] [PAPER-KV-V6] fetch Qwen/Qwen2.5-1.5B-Instruct -> None requests
[2026-08-22 14:00:18.708 Model_Service_5] [PAPER-KV-V6] fetch meta-llama/Llama-3.2-3B -> None requests
[2026-08-22 14:00:18.712 Model_Service_2] [PAPER-KV-V6] fetch Qwen/Qwen2.5-7B-Instruct -> None requests
[2026-08-22 14:00:18.714 Model_Service_0] [PAPER-KV-V6] fetch Qwen/Qwen2.5-1.5B-Instruct -> None requests
[2026-08-22 14:00:18.718 Model_Service_5] [PAPER-KV-V6] fetch meta-llama/Llama-3.2-3B -> None requests
[2026-08-22 14:00:18.722 Model_Service_2] [PAPER-KV-V6] fetch Qwen/Qwen2.5-7B-Instruct -> None requests
[2026-08-22 14:00:18.725 Model_Service_0] [PAPER-KV-V6] fetch Qwen/Qwen2.5-1.5B-Instruct -> None requests
[2026-08-22 14:00:18.729 Model_Service_5] [PAPER-KV-V6] fetch meta-llama/Llama-3.2-3B -> None requests
[2026-08-22 14:00:18.733 Model_Service_2] [PAPER-KV-V6] fetch Qwen/Qwen2.5-7B-Instruct -> None requests
[2026-08-22 14:00:18.736 Model_Service_0] [PAPER-KV-V6] fetch Qwen/Qwen2.5-1.5B-Instruct -> None requests
[2026-08-22 14:00:18.739 Model_Service_5] [PAPER-KV-V6] fetch meta-llama/Llama-3.2-3B -> None requests
[2026-08-22 14:00:18.744 Model_Service_2] [PAPER-KV-V6] fetch Qwen/Qwen2.5-7B-Instruct -> None requests
[2026-08-22 14:00:18.747 Model_Service_0] [PAPER-KV-V6] fetch Qwen/Qwen2.5-1.5B-Instruct -> None requests
[2026-08-22 14:00:18.750 Model_Service_5] [PAPER-KV-V6] fetch meta-llama/Llama-3.2-3B -> None requests
[2026-08-22 14:00:18.754 Model_Service_2] [PAPER-KV-V6] fetch Qwen/Qwen2.5-7B-Instruct -> None requests
[2026-08-22 14:00:18.757 Model_Service_0] [PAPER-KV-V6] fetch Qwen/Qwen2.5-1.5B-Instruct -> None requests
[2026-08-22 14:00:18.760 Model_Service_5] [PAPER-KV-V6] fetch meta-llama/Llama-3.2-3B -> None requests
[2026-08-22 14:00:18.765 Model_Service_2] [PAPER-KV-V6] fetch Qwen/Qwen2.5-7B-Instruct -> None requests
[2026-08-22 14:00:18.768 Model_Service_0] [PAPER-KV-V6] fetch Qwen/Qwen2.5-1.5B-Instruct -> None requests
[2026-08-22 14:00:18.771 Model_Service_5] [PAPER-KV-V6] fetch meta-llama/Llama-3.2-3B -> None requests
[2026-08-22 14:00:18.776 Model_Service_2] [PAPER-KV-V6] fetch Qwen/Qwen2.5-7B-Instruct -> None requests
[2026-08-22 14:00:18.779 Model_Service_0] [PAPER-KV-V6] fetch Qwen/Qwen2.5-1.5B-Instruct -> None requests
[2026-08-22 14:00:18.781 Model_Service_5] [PAPER-KV-V6] fetch meta-llama/Llama-3.2-3B -> None requests
[2026-08-22 14:00:18.786 Model_Service_2] [PAPER-KV-V6] fetch Qwen/Qwen2.5-7B-Instruct -> None requests
[2026-08-22 14:00:18.789 Model_Service_0] [PAPER-KV-V6] fetch Qwen/Qwen2.5-1.5B-Instruct -> None requests
[2026-08-22 14:00:18.792 Model_Service_5] [PAPER-KV-V6] fetch meta-llama/Llama-3.2-3B -> None requests
[2026-08-22 14:00:18.797 Model_Service_2] [PAPER-KV-V6] fetch Qwen/Qwen2.5-7B-Instruct -> None requests
[2026-08-22 14:00:18.800 Model_Service_0] [PAPER-KV-V6] fetch Qwen/Qwen2.5-1.5B-Instruct -> None requests
[2026-08-22 14:00:18.802 Model_Service_5] [PAPER-KV-V6] fetch meta-llama/Llama-3.2-3B -> None requests
[2026-08-22 14:00:18.807 Model_Service_2] [PAPER-KV-V6] fetch Qwen/Qwen2.5-7B-Instruct -> None requests
[2026-08-22 14:00:18.811 Model_Service_0] [PAPER-KV-V6] fetch Qwen/Qwen2.5-1.5B-Instruct -> None requests
[2026-08-22 14:00:18.813 Model_Service_5] [PAPER-KV-V6] fetch meta-llama/Llama-3.2-3B -> None requests
[2026-08-22 14:00:18.818 Model_Service_2] [PAPER-KV-V6] fetch Qwen/Qwen2.5-7B-Instruct -> None requests
[2026-08-22 14:00:18.822 Model_Service_0] [PAPER-KV-V6] fetch Qwen/Qwen2.5-1.5B-Instruct -> None requests
[2026-08-22 14:00:18.823 Model_Service_5] [PAPER-KV-V6] fetch meta-llama/Llama-3.2-3B -> None requests
[2026-08-22 14:00:18.828 Model_Service_2] [PAPER-KV-V6] fetch Qwen/Qwen2.5-7B-Instruct -> None requests
[2026-08-22 14:00:18.833 Model_Service_0] [PAPER-KV-V6] fetch Qwen/Qwen2.5-1.5B-Instruct -> None requests
[2026-08-22 14:00:18.834 Model_Service_5] [PAPER-KV-V6] fetch meta-llama/Llama-3.2-3B -> None requests
[2026-08-22 14:00:18.839 Model_Service_2] [PAPER-KV-V6] fetch Qwen/Qwen2.5-7B-Instruct -> None requests
[2026-08-22 14:00:18.843 Model_Service_0] [PAPER-KV-V6] fetch Qwen/Qwen2.5-1.5B-Instruct -> None requests
[2026-08-22 14:00:18.844 Model_Service_5] [PAPER-KV-V6] fetch meta-llama/Llama-3.2-3B -> None requests
[2026-08-22 14:00:18.849 Model_Service_2] [PAPER-KV-V6] fetch Qwen/Qwen2.5-7B-Instruct -> None requests
[2026-08-22 14:00:18.854 Model_Service_0] [PAPER-KV-V6] fetch Qwen/Qwen2.5-1.5B-Instruct -> None requests
[2026-08-22 14:00:18.855 Model_Service_5] [PAPER-KV-V6] fetch meta-llama/Llama-3.2-3B -> None requests
[2026-08-22 14:00:18.860 Model_Service_2] [PAPER-KV-V6] fetch Qwen/Qwen2.5-7B-Instruct -> None requests
[2026-08-22 14:00:18.865 Model_Service_0] [PAPER-KV-V6] fetch Qwen/Qwen2.5-1.5B-Instruct -> None requests
[2026-08-22 14:00:18.866 Model_Service_5] [PAPER-KV-V6] fetch meta-llama/Llama-3.2-3B -> None requests
[2026-08-22 14:00:18.871 Model_Service_2] [PAPER-KV-V6] fetch Qwen/Qwen2.5-7B-Instruct -> None requests
[2026-08-22 14:00:18.876 Model_Service_0] [PAPER-KV-V6] fetch Qwen/Qwen2.5-1.5B-Instruct -> None requests
[2026-08-22 14:00:18.876 Model_Service_5] [PAPER-KV-V6] fetch meta-llama/Llama-3.2-3B -> None requests
[2026-08-22 14:00:18.881 Model_Service_2] [PAPER-KV-V6] fetch Qwen/Qwen2.5-7B-Instruct -> None requests
[2026-08-22 14:00:18.887 Model_Service_0] [PAPER-KV-V6] fetch Qwen/Qwen2.5-1.5B-Instruct -> None requests
[2026-08-22 14:00:18.887 Model_Service_5] [PAPER-KV-V6] fetch meta-llama/Llama-3.2-3B -> None requests
[2026-08-22 14:00:18.892 Model_Service_2] [PAPER-KV-V6] fetch Qwen/Qwen2.5-7B-Instruct -> None requests
[2026-08-22 14:00:18.898 Model_Service_5] [PAPER-KV-V6] fetch meta-llama/Llama-3.2-3B -> None requests
[2026-08-22 14:00:18.898 Model_Service_0] [PAPER-KV-V6] fetch Qwen/Qwen2.5-1.5B-Instruct -> None requests
[2026-08-22 14:00:18.903 Model_Service_2] [PAPER-KV-V6] fetch Qwen/Qwen2.5-7B-Instruct -> None requests
[2026-08-22 14:00:18.908 Model_Service_5] [PAPER-KV-V6] fetch meta-llama/Llama-3.2-3B -> None requests
[2026-08-22 14:00:18.909 Model_Service_0] [PAPER-KV-V6] fetch Qwen/Qwen2.5-1.5B-Instruct -> None requests
[2026-08-22 14:00:18.914 Model_Service_2] [PAPER-KV-V6] fetch Qwen/Qwen2.5-7B-Instruct -> None requests
[2026-08-22 14:00:18.919 Model_Service_5] [PAPER-KV-V6] fetch meta-llama/Llama-3.2-3B -> None requests
[2026-08-22 14:00:18.919 Model_Service_0] [PAPER-KV-V6] fetch Qwen/Qwen2.5-1.5B-Instruct -> None requests
[2026-08-22 14:00:18.924 Model_Service_2] [PAPER-KV-V6] fetch Qwen/Qwen2.5-7B-Instruct -> None requests
[2026-08-22 14:00:18.929 Model_Service_5] [PAPER-KV-V6] fetch meta-llama/Llama-3.2-3B -> None requests
[2026-08-22 14:00:18.930 Model_Service_0] [PAPER-KV-V6] fetch Qwen/Qwen2.5-1.5B-Instruct -> None requests
[2026-08-22 14:00:18.935 Model_Service_2] [PAPER-KV-V6] fetch Qwen/Qwen2.5-7B-Instruct -> None requests
[2026-08-22 14:00:18.940 Model_Service_5] [PAPER-KV-V6] fetch meta-llama/Llama-3.2-3B -> None requests
[2026-08-22 14:00:18.941 Model_Service_0] [PAPER-KV-V6] fetch Qwen/Qwen2.5-1.5B-Instruct -> None requests
[2026-08-22 14:00:18.945 Model_Service_2] [PAPER-KV-V6] fetch Qwen/Qwen2.5-7B-Instruct -> None requests
[2026-08-22 14:00:18.950 Model_Service_5] [PAPER-KV-V6] fetch meta-llama/Llama-3.2-3B -> None requests
[2026-08-22 14:00:18.951 Model_Service_0] [PAPER-KV-V6] fetch Qwen/Qwen2.5-1.5B-Instruct -> None requests
[2026-08-22 14:00:18.956 Model_Service_2] [PAPER-KV-V6] fetch Qwen/Qwen2.5-7B-Instruct -> None requests
[2026-08-22 14:00:18.961 Model_Service_5] [PAPER-KV-V6] fetch meta-llama/Llama-3.2-3B -> None requests
[2026-08-22 14:00:18.962 Model_Service_0] [PAPER-KV-V6] fetch Qwen/Qwen2.5-1.5B-Instruct -> None requests
[2026-08-22 14:00:18.966 Model_Service_2] [PAPER-KV-V6] fetch Qwen/Qwen2.5-7B-Instruct -> None requests
[2026-08-22 14:00:18.971 Model_Service_5] [PAPER-KV-V6] fetch meta-llama/Llama-3.2-3B -> None requests
[2026-08-22 14:00:18.973 Model_Service_0] [PAPER-KV-V6] fetch Qwen/Qwen2.5-1.5B-Instruct -> None requests
[2026-08-22 14:00:18.977 Model_Service_2] [PAPER-KV-V6] fetch Qwen/Qwen2.5-7B-Instruct -> None requests
[2026-08-22 14:00:18.982 Model_Service_5] [PAPER-KV-V6] fetch meta-llama/Llama-3.2-3B -> None requests
[2026-08-22 14:00:18.983 Model_Service_0] [PAPER-KV-V6] fetch Qwen/Qwen2.5-1.5B-Instruct -> None requests
[2026-08-22 14:00:18.988 Model_Service_2] [PAPER-KV-V6] fetch Qwen/Qwen2.5-7B-Instruct -> None requests
[2026-08-22 14:00:18.993 Model_Service_5] [PAPER-KV-V6] fetch meta-llama/Llama-3.2-3B -> None requests
[2026-08-22 14:00:18.994 Model_Service_0] [PAPER-KV-V6] fetch Qwen/Qwen2.5-1.5B-Instruct -> None requests
[2026-08-22 14:00:18.998 Model_Service_2] [PAPER-KV-V6] fetch Qwen/Qwen2.5-7B-Instruct -> None requests
[2026-08-22 14:00:19.003 Model_Service_5] [PAPER-KV-V6] fetch meta-llama/Llama-3.2-3B -> None requests
[2026-08-22 14:00:19.005 Model_Service_0] [PAPER-KV-V6] fetch Qwen/Qwen2.5-1.5B-Instruct -> None requests
[2026-08-22 14:00:19.009 Model_Service_2] [PAPER-KV-V6] fetch Qwen/Qwen2.5-7B-Instruct -> None requests
[2026-08-22 14:00:19.014 Model_Service_5] [PAPER-KV-V6] fetch meta-llama/Llama-3.2-3B -> None requests
[2026-08-22 14:00:19.015 Model_Service_0] [PAPER-KV-V6] fetch Qwen/Qwen2.5-1.5B-Instruct -> None requests
[2026-08-22 14:00:19.020 Model_Service_2] [PAPER-KV-V6] fetch Qwen/Qwen2.5-7B-Instruct -> None requests
[2026-08-22 14:00:19.024 Model_Service_5] [PAPER-KV-V6] fetch meta-llama/Llama-3.2-3B -> None requests
[2026-08-22 14:00:19.026 Model_Service_0] [PAPER-KV-V6] fetch Qwen/Qwen2.5-1.5B-Instruct -> None requests
[2026-08-22 14:00:19.030 Model_Service_2] [PAPER-KV-V6] fetch Qwen/Qwen2.5-7B-Instruct -> None requests
[2026-08-22 14:00:19.034 Model_Service_5] [PAPER-KV-V6] fetch meta-llama/Llama-3.2-3B -> None requests
[2026-08-22 14:00:19.037 Model_Service_0] [PAPER-KV-V6] fetch Qwen/Qwen2.5-1.5B-Instruct -> None requests
[2026-08-22 14:00:19.041 Model_Service_2] [PAPER-KV-V6] fetch Qwen/Qwen2.5-7B-Instruct -> None requests
[2026-08-22 14:00:19.045 Model_Service_5] [PAPER-KV-V6] fetch meta-llama/Llama-3.2-3B -> None requests
[2026-08-22 14:00:19.047 Model_Service_0] [PAPER-KV-V6] fetch Qwen/Qwen2.5-1.5B-Instruct -> None requests
[2026-08-22 14:00:19.051 Model_Service_2] [PAPER-KV-V6] fetch Qwen/Qwen2.5-7B-Instruct -> None requests
[2026-08-22 14:00:19.055 Model_Service_5] [PAPER-KV-V6] fetch meta-llama/Llama-3.2-3B -> None requests
[2026-08-22 14:00:19.058 Model_Service_0] [PAPER-KV-V6] fetch Qwen/Qwen2.5-1.5B-Instruct -> None requests
[2026-08-22 14:00:19.062 Model_Service_2] [PAPER-KV-V6] fetch Qwen/Qwen2.5-7B-Instruct -> None requests
[2026-08-22 14:00:19.066 Model_Service_5] [PAPER-KV-V6] fetch meta-llama/Llama-3.2-3B -> None requests
[2026-08-22 14:00:19.068 Model_Service_0] [PAPER-KV-V6] fetch Qwen/Qwen2.5-1.5B-Instruct -> None requests
[2026-08-22 14:00:19.073 Model_Service_2] [PAPER-KV-V6] fetch Qwen/Qwen2.5-7B-Instruct -> None requests
[2026-08-22 14:00:19.077 Model_Service_5] [PAPER-KV-V6] fetch meta-llama/Llama-3.2-3B -> None requests
[2026-08-22 14:00:19.079 Model_Service_0] [PAPER-KV-V6] fetch Qwen/Qwen2.5-1.5B-Instruct -> None requests
[2026-08-22 14:00:19.083 Model_Service_2] [PAPER-KV-V6] fetch Qwen/Qwen2.5-7B-Instruct -> None requests
[2026-08-22 14:00:19.087 Model_Service_5] [PAPER-KV-V6] fetch meta-llama/Llama-3.2-3B -> None requests
[2026-08-22 14:00:19.090 Model_Service_0] [PAPER-KV-V6] fetch Qwen/Qwen2.5-1.5B-Instruct -> None requests
[2026-08-22 14:00:19.094 Model_Service_2] [PAPER-KV-V6] fetch Qwen/Qwen2.5-7B-Instruct -> None requests
[2026-08-22 14:00:19.098 Model_Service_5] [PAPER-KV-V6] fetch meta-llama/Llama-3.2-3B -> None requests
[2026-08-22 14:00:19.101 Model_Service_0] [PAPER-KV-V6] fetch Qwen/Qwen2.5-1.5B-Instruct -> None requests
[2026-08-22 14:00:19.104 Model_Service_2] [PAPER-KV-V6] fetch Qwen/Qwen2.5-7B-Instruct -> None requests
[2026-08-22 14:00:19.108 Model_Service_5] [PAPER-KV-V6] fetch meta-llama/Llama-3.2-3B -> None requests
[2026-08-22 14:00:19.111 Model_Service_0] [PAPER-KV-V6] fetch Qwen/Qwen2.5-1.5B-Instruct -> None requests
[2026-08-22 14:00:19.115 Model_Service_2] [PAPER-KV-V6] fetch Qwen/Qwen2.5-7B-Instruct -> None requests
[2026-08-22 14:00:19.119 Model_Service_5] [PAPER-KV-V6] fetch meta-llama/Llama-3.2-3B -> None requests
[2026-08-22 14:00:19.122 Model_Service_0] [PAPER-KV-V6] fetch Qwen/Qwen2.5-1.5B-Instruct -> None requests
[2026-08-22 14:00:19.125 Model_Service_2] [PAPER-KV-V6] fetch Qwen/Qwen2.5-7B-Instruct -> None requests
[2026-08-22 14:00:19.129 Model_Service_5] [PAPER-KV-V6] fetch meta-llama/Llama-3.2-3B -> None requests
[2026-08-22 14:00:19.132 Model_Service_0] [PAPER-KV-V6] fetch Qwen/Qwen2.5-1.5B-Instruct -> None requests
[2026-08-22 14:00:19.136 Model_Service_2] [PAPER-KV-V6] fetch Qwen/Qwen2.5-7B-Instruct -> None requests
[2026-08-22 14:00:19.139 Model_Service_5] [PAPER-KV-V6] fetch meta-llama/Llama-3.2-3B -> None requests
[2026-08-22 14:00:19.143 Model_Service_0] [PAPER-KV-V6] fetch Qwen/Qwen2.5-1.5B-Instruct -> None requests
[2026-08-22 14:00:19.147 Model_Service_2] [PAPER-KV-V6] fetch Qwen/Qwen2.5-7B-Instruct -> None requests
[2026-08-22 14:00:19.150 Model_Service_5] [PAPER-KV-V6] fetch meta-llama/Llama-3.2-3B -> None requests
[2026-08-22 14:00:19.154 Model_Service_0] [PAPER-KV-V6] fetch Qwen/Qwen2.5-1.5B-Instruct -> None requests
[2026-08-22 14:00:19.157 Model_Service_2] [PAPER-KV-V6] fetch Qwen/Qwen2.5-7B-Instruct -> None requests
[2026-08-22 14:00:19.161 Model_Service_5] [PAPER-KV-V6] fetch meta-llama/Llama-3.2-3B -> None requests
[2026-08-22 14:00:19.165 Model_Service_0] [PAPER-KV-V6] fetch Qwen/Qwen2.5-1.5B-Instruct -> None requests
[2026-08-22 14:00:19.168 Model_Service_2] [PAPER-KV-V6] fetch Qwen/Qwen2.5-7B-Instruct -> None requests
[2026-08-22 14:00:19.171 Model_Service_5] [PAPER-KV-V6] fetch meta-llama/Llama-3.2-3B -> None requests
[2026-08-22 14:00:19.175 Model_Service_0] [PAPER-KV-V6] fetch Qwen/Qwen2.5-1.5B-Instruct -> None requests
[2026-08-22 14:00:19.178 Model_Service_2] [PAPER-KV-V6] fetch Qwen/Qwen2.5-7B-Instruct -> None requests
[2026-08-22 14:00:19.182 Model_Service_5] [PAPER-KV-V6] fetch meta-llama/Llama-3.2-3B -> None requests
[2026-08-22 14:00:19.186 Model_Service_0] [PAPER-KV-V6] fetch Qwen/Qwen2.5-1.5B-Instruct -> None requests
[2026-08-22 14:00:19.189 Model_Service_2] [PAPER-KV-V6] fetch Qwen/Qwen2.5-7B-Instruct -> None requests
[2026-08-22 14:00:19.192 Model_Service_5] [PAPER-KV-V6] fetch meta-llama/Llama-3.2-3B -> None requests
[2026-08-22 14:00:19.197 Model_Service_0] [PAPER-KV-V6] fetch Qwen/Qwen2.5-1.5B-Instruct -> None requests
[2026-08-22 14:00:19.200 Model_Service_2] [PAPER-KV-V6] fetch Qwen/Qwen2.5-7B-Instruct -> None requests
[2026-08-22 14:00:19.203 Model_Service_5] [PAPER-KV-V6] fetch meta-llama/Llama-3.2-3B -> None requests
[2026-08-22 14:00:19.207 Model_Service_0] [PAPER-KV-V6] fetch Qwen/Qwen2.5-1.5B-Instruct -> None requests
[2026-08-22 14:00:19.210 Model_Service_2] [PAPER-KV-V6] fetch Qwen/Qwen2.5-7B-Instruct -> None requests
[2026-08-22 14:00:19.213 Model_Service_5] [PAPER-KV-V6] fetch meta-llama/Llama-3.2-3B -> None requests
[2026-08-22 14:00:19.218 Model_Service_0] [PAPER-KV-V6] fetch Qwen/Qwen2.5-1.5B-Instruct -> None requests
[2026-08-22 14:00:19.221 Model_Service_2] [PAPER-KV-V6] fetch Qwen/Qwen2.5-7B-Instruct -> None requests
[2026-08-22 14:00:19.224 Model_Service_5] [PAPER-KV-V6] fetch meta-llama/Llama-3.2-3B -> None requests
[2026-08-22 14:00:19.229 Model_Service_0] [PAPER-KV-V6] fetch Qwen/Qwen2.5-1.5B-Instruct -> None requests
[2026-08-22 14:00:19.231 Model_Service_2] [PAPER-KV-V6] fetch Qwen/Qwen2.5-7B-Instruct -> None requests
[2026-08-22 14:00:19.234 Model_Service_5] [PAPER-KV-V6] fetch meta-llama/Llama-3.2-3B -> None requests
[2026-08-22 14:00:19.239 Model_Service_0] [PAPER-KV-V6] fetch Qwen/Qwen2.5-1.5B-Instruct -> None requests
[2026-08-22 14:00:19.242 Model_Service_2] [PAPER-KV-V6] fetch Qwen/Qwen2.5-7B-Instruct -> None requests
[2026-08-22 14:00:19.245 Model_Service_5] [PAPER-KV-V6] fetch meta-llama/Llama-3.2-3B -> None requests
[2026-08-22 14:00:19.250 Model_Service_0] [PAPER-KV-V6] fetch Qwen/Qwen2.5-1.5B-Instruct -> None requests
[2026-08-22 14:00:19.252 Model_Service_2] [PAPER-KV-V6] fetch Qwen/Qwen2.5-7B-Instruct -> None requests
[2026-08-22 14:00:19.255 Model_Service_5] [PAPER-KV-V6] fetch meta-llama/Llama-3.2-3B -> None requests
[2026-08-22 14:00:19.261 Model_Service_0] [PAPER-KV-V6] fetch Qwen/Qwen2.5-1.5B-Instruct -> None requests
[2026-08-22 14:00:19.263 Model_Service_2] [PAPER-KV-V6] fetch Qwen/Qwen2.5-7B-Instruct -> None requests
[2026-08-22 14:00:19.266 Model_Service_5] [PAPER-KV-V6] fetch meta-llama/Llama-3.2-3B -> None requests
[2026-08-22 14:00:19.271 Model_Service_0] [PAPER-KV-V6] fetch Qwen/Qwen2.5-1.5B-Instruct -> None requests
[2026-08-22 14:00:19.274 Model_Service_2] [PAPER-KV-V6] fetch Qwen/Qwen2.5-7B-Instruct -> None requests
[2026-08-22 14:00:19.276 Model_Service_5] [PAPER-KV-V6] fetch meta-llama/Llama-3.2-3B -> None requests
[2026-08-22 14:00:19.282 Model_Service_0] [PAPER-KV-V6] fetch Qwen/Qwen2.5-1.5B-Instruct -> None requests
[2026-08-22 14:00:19.284 Model_Service_2] [PAPER-KV-V6] fetch Qwen/Qwen2.5-7B-Instruct -> None requests
[2026-08-22 14:00:19.287 Model_Service_5] [PAPER-KV-V6] fetch meta-llama/Llama-3.2-3B -> None requests
[2026-08-22 14:00:19.293 Model_Service_0] [PAPER-KV-V6] fetch Qwen/Qwen2.5-1.5B-Instruct -> None requests
[2026-08-22 14:00:19.295 Model_Service_2] [PAPER-KV-V6] fetch Qwen/Qwen2.5-7B-Instruct -> None requests
[2026-08-22 14:00:19.297 Model_Service_5] [PAPER-KV-V6] fetch meta-llama/Llama-3.2-3B -> None requests
[2026-08-22 14:00:19.303 Model_Service_0] [PAPER-KV-V6] fetch Qwen/Qwen2.5-1.5B-Instruct -> None requests
[2026-08-22 14:00:19.305 Model_Service_2] [PAPER-KV-V6] fetch Qwen/Qwen2.5-7B-Instruct -> None requests
[2026-08-22 14:00:19.308 Model_Service_5] [PAPER-KV-V6] fetch meta-llama/Llama-3.2-3B -> None requests
[2026-08-22 14:00:19.314 Model_Service_0] [PAPER-KV-V6] fetch Qwen/Qwen2.5-1.5B-Instruct -> None requests
[2026-08-22 14:00:19.316 Model_Service_2] [PAPER-KV-V6] fetch Qwen/Qwen2.5-7B-Instruct -> None requests
[2026-08-22 14:00:19.318 Model_Service_5] [PAPER-KV-V6] fetch meta-llama/Llama-3.2-3B -> None requests
[2026-08-22 14:00:19.325 Model_Service_0] [PAPER-KV-V6] fetch Qwen/Qwen2.5-1.5B-Instruct -> None requests
[2026-08-22 14:00:19.326 Model_Service_2] [PAPER-KV-V6] fetch Qwen/Qwen2.5-7B-Instruct -> None requests
[2026-08-22 14:00:19.329 Model_Service_5] [PAPER-KV-V6] fetch meta-llama/Llama-3.2-3B -> None requests
[2026-08-22 14:00:19.335 Model_Service_0] [PAPER-KV-V6] fetch Qwen/Qwen2.5-1.5B-Instruct -> None requests
[2026-08-22 14:00:19.337 Model_Service_2] [PAPER-KV-V6] fetch Qwen/Qwen2.5-7B-Instruct -> None requests
[2026-08-22 14:00:19.339 Model_Service_5] [PAPER-KV-V6] fetch meta-llama/Llama-3.2-3B -> None requests
[2026-08-22 14:00:19.346 Model_Service_0] [PAPER-KV-V6] fetch Qwen/Qwen2.5-1.5B-Instruct -> None requests
[2026-08-22 14:00:19.347 Model_Service_2] [PAPER-KV-V6] fetch Qwen/Qwen2.5-7B-Instruct -> None requests
[2026-08-22 14:00:19.350 Model_Service_5] [PAPER-KV-V6] fetch meta-llama/Llama-3.2-3B -> None requests
[2026-08-22 14:00:19.356 Model_Service_0] [PAPER-KV-V6] fetch Qwen/Qwen2.5-1.5B-Instruct -> None requests
[2026-08-22 14:00:19.358 Model_Service_2] [PAPER-KV-V6] fetch Qwen/Qwen2.5-7B-Instruct -> None requests
[2026-08-22 14:00:19.360 Model_Service_5] [PAPER-KV-V6] fetch meta-llama/Llama-3.2-3B -> None requests
[2026-08-22 14:00:19.367 Model_Service_0] [PAPER-KV-V6] fetch Qwen/Qwen2.5-1.5B-Instruct -> None requests
[2026-08-22 14:00:19.369 Model_Service_2] [PAPER-KV-V6] fetch Qwen/Qwen2.5-7B-Instruct -> None requests
[2026-08-22 14:00:19.371 Model_Service_5] [PAPER-KV-V6] fetch meta-llama/Llama-3.2-3B -> None requests
[2026-08-22 14:00:19.379 Model_Service_2] [PAPER-KV-V6] fetch Qwen/Qwen2.5-7B-Instruct -> None requests
[2026-08-22 14:00:19.381 Model_Service_5] [PAPER-KV-V6] fetch meta-llama/Llama-3.2-3B -> None requests
[2026-08-22 14:00:19.388 Model_Service_0] [PAPER-KV-V6] fetch Qwen/Qwen2.5-1.5B-Instruct -> None requests
[2026-08-22 14:00:19.390 Model_Service_2] [PAPER-KV-V6] fetch Qwen/Qwen2.5-7B-Instruct -> None requests
[2026-08-22 14:00:19.392 Model_Service_5] [PAPER-KV-V6] fetch meta-llama/Llama-3.2-3B -> None requests
[2026-08-22 14:00:19.399 Model_Service_0] [PAPER-KV-V6] fetch Qwen/Qwen2.5-1.5B-Instruct -> None requests
[2026-08-22 14:00:19.401 Model_Service_2] [PAPER-KV-V6] fetch Qwen/Qwen2.5-7B-Instruct -> None requests
[2026-08-22 14:00:19.402 Model_Service_5] [PAPER-KV-V6] fetch meta-llama/Llama-3.2-3B -> None requests
[2026-08-22 14:00:19.410 Model_Service_0] [PAPER-KV-V6] fetch Qwen/Qwen2.5-1.5B-Instruct -> None requests
[2026-08-22 14:00:19.411 Model_Service_2] [PAPER-KV-V6] fetch Qwen/Qwen2.5-7B-Instruct -> None requests
[2026-08-22 14:00:19.413 Model_Service_5] [PAPER-KV-V6] fetch meta-llama/Llama-3.2-3B -> None requests
[2026-08-22 14:00:19.420 Model_Service_0] [PAPER-KV-V6] fetch Qwen/Qwen2.5-1.5B-Instruct -> None requests
[2026-08-22 14:00:19.422 Model_Service_2] [PAPER-KV-V6] fetch Qwen/Qwen2.5-7B-Instruct -> None requests
[2026-08-22 14:00:19.423 Model_Service_5] [PAPER-KV-V6] fetch meta-llama/Llama-3.2-3B -> None requests
[2026-08-22 14:00:19.431 Model_Service_0] [PAPER-KV-V6] fetch Qwen/Qwen2.5-1.5B-Instruct -> None requests
[2026-08-22 14:00:19.432 Model_Service_2] [PAPER-KV-V6] fetch Qwen/Qwen2.5-7B-Instruct -> None requests
[2026-08-22 14:00:19.434 Model_Service_5] [PAPER-KV-V6] fetch meta-llama/Llama-3.2-3B -> None requests
[2026-08-22 14:00:19.441 Model_Service_0] [PAPER-KV-V6] fetch Qwen/Qwen2.5-1.5B-Instruct -> None requests
[2026-08-22 14:00:19.443 Model_Service_2] [PAPER-KV-V6] fetch Qwen/Qwen2.5-7B-Instruct -> None requests
[2026-08-22 14:00:19.444 Model_Service_5] [PAPER-KV-V6] fetch meta-llama/Llama-3.2-3B -> None requests
[2026-08-22 14:00:19.452 Model_Service_0] [PAPER-KV-V6] fetch Qwen/Qwen2.5-1.5B-Instruct -> None requests
[2026-08-22 14:00:19.453 Model_Service_2] [PAPER-KV-V6] fetch Qwen/Qwen2.5-7B-Instruct -> None requests
[2026-08-22 14:00:19.455 Model_Service_5] [PAPER-KV-V6] fetch meta-llama/Llama-3.2-3B -> None requests
[2026-08-22 14:00:19.463 Model_Service_0] [PAPER-KV-V6] fetch Qwen/Qwen2.5-1.5B-Instruct -> None requests
[2026-08-22 14:00:19.464 Model_Service_2] [PAPER-KV-V6] fetch Qwen/Qwen2.5-7B-Instruct -> None requests
[2026-08-22 14:00:19.465 Model_Service_5] [PAPER-KV-V6] fetch meta-llama/Llama-3.2-3B -> None requests
[2026-08-22 14:00:19.474 Model_Service_0] [PAPER-KV-V6] fetch Qwen/Qwen2.5-1.5B-Instruct -> None requests
[2026-08-22 14:00:19.475 Model_Service_2] [PAPER-KV-V6] fetch Qwen/Qwen2.5-7B-Instruct -> None requests
[2026-08-22 14:00:19.476 Model_Service_5] [PAPER-KV-V6] fetch meta-llama/Llama-3.2-3B -> None requests
[2026-08-22 14:00:19.485 Model_Service_0] [PAPER-KV-V6] fetch Qwen/Qwen2.5-1.5B-Instruct -> None requests
[2026-08-22 14:00:19.485 Model_Service_2] [PAPER-KV-V6] fetch Qwen/Qwen2.5-7B-Instruct -> None requests
[2026-08-22 14:00:19.486 Model_Service_5] [PAPER-KV-V6] fetch meta-llama/Llama-3.2-3B -> None requests
[2026-08-22 14:00:19.495 Model_Service_0] [PAPER-KV-V6] fetch Qwen/Qwen2.5-1.5B-Instruct -> None requests
[2026-08-22 14:00:19.496 Model_Service_2] [PAPER-KV-V6] fetch Qwen/Qwen2.5-7B-Instruct -> None requests
[2026-08-22 14:00:19.497 Model_Service_5] [PAPER-KV-V6] fetch meta-llama/Llama-3.2-3B -> None requests
[2026-08-22 14:00:19.506 Model_Service_0] [PAPER-KV-V6] fetch Qwen/Qwen2.5-1.5B-Instruct -> None requests
[2026-08-22 14:00:19.506 Model_Service_2] [PAPER-KV-V6] fetch Qwen/Qwen2.5-7B-Instruct -> None requests
[2026-08-22 14:00:19.507 Model_Service_5] [PAPER-KV-V6] fetch meta-llama/Llama-3.2-3B -> None requests
[2026-08-22 14:00:19.517 Model_Service_0] [PAPER-KV-V6] fetch Qwen/Qwen2.5-1.5B-Instruct -> None requests
[2026-08-22 14:00:19.517 Model_Service_2] [PAPER-KV-V6] fetch Qwen/Qwen2.5-7B-Instruct -> None requests
[2026-08-22 14:00:19.518 Model_Service_5] [PAPER-KV-V6] fetch meta-llama/Llama-3.2-3B -> None requests
[2026-08-22 14:00:19.528 Model_Service_0] [PAPER-KV-V6] fetch Qwen/Qwen2.5-1.5B-Instruct -> None requests
[2026-08-22 14:00:19.528 Model_Service_2] [PAPER-KV-V6] fetch Qwen/Qwen2.5-7B-Instruct -> None requests
[2026-08-22 14:00:19.528 Model_Service_5] [PAPER-KV-V6] fetch meta-llama/Llama-3.2-3B -> None requests
[2026-08-22 14:00:19.538 Model_Service_0] [PAPER-KV-V6] fetch Qwen/Qwen2.5-1.5B-Instruct -> None requests
[2026-08-22 14:00:19.538 Model_Service_2] [PAPER-KV-V6] fetch Qwen/Qwen2.5-7B-Instruct -> None requests
[2026-08-22 14:00:19.539 Model_Service_5] [PAPER-KV-V6] fetch meta-llama/Llama-3.2-3B -> None requests
[2026-08-22 14:00:19.549 Model_Service_0] [PAPER-KV-V6] fetch Qwen/Qwen2.5-1.5B-Instruct -> None requests
[2026-08-22 14:00:19.549 Model_Service_2] [PAPER-KV-V6] fetch Qwen/Qwen2.5-7B-Instruct -> None requests
[2026-08-22 14:00:19.549 Model_Service_5] [PAPER-KV-V6] fetch meta-llama/Llama-3.2-3B -> None requests
[2026-08-22 14:00:19.560 Model_Service_0] [PAPER-KV-V6] fetch Qwen/Qwen2.5-1.5B-Instruct -> None requests
[2026-08-22 14:00:19.560 Model_Service_2] [PAPER-KV-V6] fetch Qwen/Qwen2.5-7B-Instruct -> None requests
[2026-08-22 14:00:19.560 Model_Service_5] [PAPER-KV-V6] fetch meta-llama/Llama-3.2-3B -> None requests
[2026-08-22 14:00:19.570 Model_Service_0] [PAPER-KV-V6] fetch Qwen/Qwen2.5-1.5B-Instruct -> None requests
[2026-08-22 14:00:19.570 Model_Service_2] [PAPER-KV-V6] fetch Qwen/Qwen2.5-7B-Instruct -> None requests
[2026-08-22 14:00:19.570 Model_Service_5] [PAPER-KV-V6] fetch meta-llama/Llama-3.2-3B -> None requests
[2026-08-22 14:00:19.581 Model_Service_0] [PAPER-KV-V6] fetch Qwen/Qwen2.5-1.5B-Instruct -> None requests
[2026-08-22 14:00:19.581 Model_Service_2] [PAPER-KV-V6] fetch Qwen/Qwen2.5-7B-Instruct -> None requests
[2026-08-22 14:00:19.581 Model_Service_5] [PAPER-KV-V6] fetch meta-llama/Llama-3.2-3B -> None requests
[2026-08-22 14:00:19.592 Model_Service_0] [PAPER-KV-V6] fetch Qwen/Qwen2.5-1.5B-Instruct -> None requests
[2026-08-22 14:00:19.592 Model_Service_2] [PAPER-KV-V6] fetch Qwen/Qwen2.5-7B-Instruct -> None requests
[2026-08-22 14:00:19.592 Model_Service_5] [PAPER-KV-V6] fetch meta-llama/Llama-3.2-3B -> None requests
[2026-08-22 14:00:19.602 Model_Service_2] [PAPER-KV-V6] fetch Qwen/Qwen2.5-7B-Instruct -> None requests
[2026-08-22 14:00:19.602 Model_Service_5] [PAPER-KV-V6] fetch meta-llama/Llama-3.2-3B -> None requests
[2026-08-22 14:00:19.602 Model_Service_0] [PAPER-KV-V6] fetch Qwen/Qwen2.5-1.5B-Instruct -> None requests
[2026-08-22 14:00:19.613 Model_Service_2] [PAPER-KV-V6] fetch Qwen/Qwen2.5-7B-Instruct -> None requests
[2026-08-22 14:00:19.613 Model_Service_5] [PAPER-KV-V6] fetch meta-llama/Llama-3.2-3B -> None requests
[2026-08-22 14:00:19.613 Model_Service_0] [PAPER-KV-V6] fetch Qwen/Qwen2.5-1.5B-Instruct -> None requests
[2026-08-22 14:00:19.623 Model_Service_5] [PAPER-KV-V6] fetch meta-llama/Llama-3.2-3B -> None requests
[2026-08-22 14:00:19.623 Model_Service_2] [PAPER-KV-V6] fetch Qwen/Qwen2.5-7B-Instruct -> None requests
[2026-08-22 14:00:19.624 Model_Service_0] [PAPER-KV-V6] fetch Qwen/Qwen2.5-1.5B-Instruct -> None requests
[2026-08-22 14:00:19.634 Model_Service_5] [PAPER-KV-V6] fetch meta-llama/Llama-3.2-3B -> None requests
[2026-08-22 14:00:19.634 Model_Service_2] [PAPER-KV-V6] fetch Qwen/Qwen2.5-7B-Instruct -> None requests
[2026-08-22 14:00:19.635 Model_Service_0] [PAPER-KV-V6] fetch Qwen/Qwen2.5-1.5B-Instruct -> None requests
[2026-08-22 14:00:19.644 Model_Service_5] [PAPER-KV-V6] fetch meta-llama/Llama-3.2-3B -> None requests
[2026-08-22 14:00:19.644 Model_Service_2] [PAPER-KV-V6] fetch Qwen/Qwen2.5-7B-Instruct -> None requests
[2026-08-22 14:00:19.646 Model_Service_0] [PAPER-KV-V6] fetch Qwen/Qwen2.5-1.5B-Instruct -> None requests
[2026-08-22 14:00:19.655 Model_Service_5] [PAPER-KV-V6] fetch meta-llama/Llama-3.2-3B -> None requests
[2026-08-22 14:00:19.655 Model_Service_2] [PAPER-KV-V6] fetch Qwen/Qwen2.5-7B-Instruct -> None requests
[2026-08-22 14:00:19.656 Model_Service_0] [PAPER-KV-V6] fetch Qwen/Qwen2.5-1.5B-Instruct -> None requests
[2026-08-22 14:00:19.665 Model_Service_5] [PAPER-KV-V6] fetch meta-llama/Llama-3.2-3B -> None requests
[2026-08-22 14:00:19.665 Model_Service_2] [PAPER-KV-V6] fetch Qwen/Qwen2.5-7B-Instruct -> None requests
[2026-08-22 14:00:19.667 Model_Service_0] [PAPER-KV-V6] fetch Qwen/Qwen2.5-1.5B-Instruct -> None requests
[2026-08-22 14:00:19.676 Model_Service_5] [PAPER-KV-V6] fetch meta-llama/Llama-3.2-3B -> None requests
[2026-08-22 14:00:19.676 Model_Service_2] [PAPER-KV-V6] fetch Qwen/Qwen2.5-7B-Instruct -> None requests
[2026-08-22 14:00:19.678 Model_Service_0] [PAPER-KV-V6] fetch Qwen/Qwen2.5-1.5B-Instruct -> None requests
[2026-08-22 14:00:19.686 Model_Service_5] [PAPER-KV-V6] fetch meta-llama/Llama-3.2-3B -> None requests
[2026-08-22 14:00:19.687 Model_Service_2] [PAPER-KV-V6] fetch Qwen/Qwen2.5-7B-Instruct -> None requests
[2026-08-22 14:00:19.688 Model_Service_0] [PAPER-KV-V6] fetch Qwen/Qwen2.5-1.5B-Instruct -> None requests
[2026-08-22 14:00:19.697 Model_Service_5] [PAPER-KV-V6] fetch meta-llama/Llama-3.2-3B -> None requests
[2026-08-22 14:00:19.697 Model_Service_2] [PAPER-KV-V6] fetch Qwen/Qwen2.5-7B-Instruct -> None requests
[2026-08-22 14:00:19.699 Model_Service_0] [PAPER-KV-V6] fetch Qwen/Qwen2.5-1.5B-Instruct -> None requests
[2026-08-22 14:00:19.708 Model_Service_5] [PAPER-KV-V6] fetch meta-llama/Llama-3.2-3B -> None requests
[2026-08-22 14:00:19.708 Model_Service_2] [PAPER-KV-V6] fetch Qwen/Qwen2.5-7B-Instruct -> None requests
[2026-08-22 14:00:19.711 Model_Service_0] [PAPER-KV-V6] fetch Qwen/Qwen2.5-1.5B-Instruct -> None requests
[2026-08-22 14:00:19.718 Model_Service_5] [PAPER-KV-V6] fetch meta-llama/Llama-3.2-3B -> None requests
[2026-08-22 14:00:19.718 Model_Service_2] [PAPER-KV-V6] fetch Qwen/Qwen2.5-7B-Instruct -> None requests
[2026-08-22 14:00:19.721 Model_Service_0] [PAPER-KV-V6] fetch Qwen/Qwen2.5-1.5B-Instruct -> None requests
[2026-08-22 14:00:19.729 Model_Service_5] [PAPER-KV-V6] fetch meta-llama/Llama-3.2-3B -> None requests
[2026-08-22 14:00:19.729 Model_Service_2] [PAPER-KV-V6] fetch Qwen/Qwen2.5-7B-Instruct -> None requests
[2026-08-22 14:00:19.732 Model_Service_0] [PAPER-KV-V6] fetch Qwen/Qwen2.5-1.5B-Instruct -> None requests
[2026-08-22 14:00:19.739 Model_Service_5] [PAPER-KV-V6] fetch meta-llama/Llama-3.2-3B -> None requests
[2026-08-22 14:00:19.739 Model_Service_2] [PAPER-KV-V6] fetch Qwen/Qwen2.5-7B-Instruct -> None requests
[2026-08-22 14:00:19.743 Model_Service_0] [PAPER-KV-V6] fetch Qwen/Qwen2.5-1.5B-Instruct -> None requests
[2026-08-22 14:00:19.750 Model_Service_5] [PAPER-KV-V6] fetch meta-llama/Llama-3.2-3B -> None requests
[2026-08-22 14:00:19.750 Model_Service_2] [PAPER-KV-V6] fetch Qwen/Qwen2.5-7B-Instruct -> None requests
[2026-08-22 14:00:19.754 Model_Service_0] [PAPER-KV-V6] fetch Qwen/Qwen2.5-1.5B-Instruct -> None requests
[2026-08-22 14:00:19.760 Model_Service_5] [PAPER-KV-V6] fetch meta-llama/Llama-3.2-3B -> None requests
[2026-08-22 14:00:19.760 Model_Service_2] [PAPER-KV-V6] fetch Qwen/Qwen2.5-7B-Instruct -> None requests
[2026-08-22 14:00:19.765 Model_Service_0] [PAPER-KV-V6] fetch Qwen/Qwen2.5-1.5B-Instruct -> None requests
[2026-08-22 14:00:19.771 Model_Service_5] [PAPER-KV-V6] fetch meta-llama/Llama-3.2-3B -> None requests
[2026-08-22 14:00:19.771 Model_Service_2] [PAPER-KV-V6] fetch Qwen/Qwen2.5-7B-Instruct -> None requests
[2026-08-22 14:00:19.775 Model_Service_0] [PAPER-KV-V6] fetch Qwen/Qwen2.5-1.5B-Instruct -> None requests
[2026-08-22 14:00:19.781 Model_Service_5] [PAPER-KV-V6] fetch meta-llama/Llama-3.2-3B -> None requests
[2026-08-22 14:00:19.782 Model_Service_2] [PAPER-KV-V6] fetch Qwen/Qwen2.5-7B-Instruct -> None requests
[2026-08-22 14:00:19.786 Model_Service_0] [PAPER-KV-V6] fetch Qwen/Qwen2.5-1.5B-Instruct -> None requests
[2026-08-22 14:00:19.792 Model_Service_5] [PAPER-KV-V6] fetch meta-llama/Llama-3.2-3B -> None requests
[2026-08-22 14:00:19.792 Model_Service_2] [PAPER-KV-V6] fetch Qwen/Qwen2.5-7B-Instruct -> None requests
[2026-08-22 14:00:19.798 Model_Service_0] [PAPER-KV-V6] fetch Qwen/Qwen2.5-1.5B-Instruct -> None requests
[2026-08-22 14:00:19.802 Model_Service_5] [PAPER-KV-V6] fetch meta-llama/Llama-3.2-3B -> None requests
[2026-08-22 14:00:19.803 Model_Service_2] [PAPER-KV-V6] fetch Qwen/Qwen2.5-7B-Instruct -> None requests
[2026-08-22 14:00:19.808 Model_Service_0] [PAPER-KV-V6] fetch Qwen/Qwen2.5-1.5B-Instruct -> None requests
[2026-08-22 14:00:19.813 Model_Service_5] [PAPER-KV-V6] fetch meta-llama/Llama-3.2-3B -> None requests
[2026-08-22 14:00:19.813 Model_Service_2] [PAPER-KV-V6] fetch Qwen/Qwen2.5-7B-Instruct -> None requests
[2026-08-22 14:00:19.819 Model_Service_0] [PAPER-KV-V6] fetch Qwen/Qwen2.5-1.5B-Instruct -> None requests
[2026-08-22 14:00:19.823 Model_Service_5] [PAPER-KV-V6] fetch meta-llama/Llama-3.2-3B -> None requests
[2026-08-22 14:00:19.824 Model_Service_2] [PAPER-KV-V6] fetch Qwen/Qwen2.5-7B-Instruct -> None requests
[2026-08-22 14:00:19.830 Model_Service_0] [PAPER-KV-V6] fetch Qwen/Qwen2.5-1.5B-Instruct -> None requests
[2026-08-22 14:00:19.834 Model_Service_5] [PAPER-KV-V6] fetch meta-llama/Llama-3.2-3B -> None requests
[2026-08-22 14:00:19.834 Model_Service_2] [PAPER-KV-V6] fetch Qwen/Qwen2.5-7B-Instruct -> None requests
[2026-08-22 14:00:19.841 Model_Service_0] [PAPER-KV-V6] fetch Qwen/Qwen2.5-1.5B-Instruct -> None requests
[2026-08-22 14:00:19.844 Model_Service_5] [PAPER-KV-V6] fetch meta-llama/Llama-3.2-3B -> None requests
[2026-08-22 14:00:19.845 Model_Service_2] [PAPER-KV-V6] fetch Qwen/Qwen2.5-7B-Instruct -> None requests
[2026-08-22 14:00:19.852 Model_Service_0] [PAPER-KV-V6] fetch Qwen/Qwen2.5-1.5B-Instruct -> None requests
[2026-08-22 14:00:19.855 Model_Service_5] [PAPER-KV-V6] fetch meta-llama/Llama-3.2-3B -> None requests
[2026-08-22 14:00:19.855 Model_Service_2] [PAPER-KV-V6] fetch Qwen/Qwen2.5-7B-Instruct -> None requests
[2026-08-22 14:00:19.863 Model_Service_0] [PAPER-KV-V6] fetch Qwen/Qwen2.5-1.5B-Instruct -> None requests
[2026-08-22 14:00:19.865 Model_Service_5] [PAPER-KV-V6] fetch meta-llama/Llama-3.2-3B -> None requests
[2026-08-22 14:00:19.866 Model_Service_2] [PAPER-KV-V6] fetch Qwen/Qwen2.5-7B-Instruct -> None requests
[2026-08-22 14:00:19.874 Model_Service_0] [PAPER-KV-V6] fetch Qwen/Qwen2.5-1.5B-Instruct -> None requests
[2026-08-22 14:00:19.876 Model_Service_5] [PAPER-KV-V6] fetch meta-llama/Llama-3.2-3B -> None requests
[2026-08-22 14:00:19.876 Model_Service_2] [PAPER-KV-V6] fetch Qwen/Qwen2.5-7B-Instruct -> None requests
[2026-08-22 14:00:19.885 Model_Service_0] [PAPER-KV-V6] fetch Qwen/Qwen2.5-1.5B-Instruct -> None requests
[2026-08-22 14:00:19.886 Model_Service_5] [PAPER-KV-V6] fetch meta-llama/Llama-3.2-3B -> None requests
[2026-08-22 14:00:19.887 Model_Service_2] [PAPER-KV-V6] fetch Qwen/Qwen2.5-7B-Instruct -> None requests
[2026-08-22 14:00:19.896 Model_Service_0] [PAPER-KV-V6] fetch Qwen/Qwen2.5-1.5B-Instruct -> None requests
[2026-08-22 14:00:19.897 Model_Service_5] [PAPER-KV-V6] fetch meta-llama/Llama-3.2-3B -> None requests
[2026-08-22 14:00:19.897 Model_Service_2] [PAPER-KV-V6] fetch Qwen/Qwen2.5-7B-Instruct -> None requests
[2026-08-22 14:00:19.907 Model_Service_0] [PAPER-KV-V6] fetch Qwen/Qwen2.5-1.5B-Instruct -> None requests
[2026-08-22 14:00:19.907 Model_Service_5] [PAPER-KV-V6] fetch meta-llama/Llama-3.2-3B -> None requests
[2026-08-22 14:00:19.908 Model_Service_2] [PAPER-KV-V6] fetch Qwen/Qwen2.5-7B-Instruct -> None requests
[2026-08-22 14:00:19.917 Model_Service_5] [PAPER-KV-V6] fetch meta-llama/Llama-3.2-3B -> None requests
[2026-08-22 14:00:19.917 Model_Service_0] [PAPER-KV-V6] fetch Qwen/Qwen2.5-1.5B-Instruct -> None requests
[2026-08-22 14:00:19.918 Model_Service_2] [PAPER-KV-V6] fetch Qwen/Qwen2.5-7B-Instruct -> None requests
[2026-08-22 14:00:19.928 Model_Service_5] [PAPER-KV-V6] fetch meta-llama/Llama-3.2-3B -> None requests
[2026-08-22 14:00:19.928 Model_Service_0] [PAPER-KV-V6] fetch Qwen/Qwen2.5-1.5B-Instruct -> None requests
[2026-08-22 14:00:19.929 Model_Service_2] [PAPER-KV-V6] fetch Qwen/Qwen2.5-7B-Instruct -> None requests
[2026-08-22 14:00:19.938 Model_Service_5] [PAPER-KV-V6] fetch meta-llama/Llama-3.2-3B -> None requests
[2026-08-22 14:00:19.939 Model_Service_0] [PAPER-KV-V6] fetch Qwen/Qwen2.5-1.5B-Instruct -> None requests
[2026-08-22 14:00:19.940 Model_Service_2] [PAPER-KV-V6] fetch Qwen/Qwen2.5-7B-Instruct -> None requests
[2026-08-22 14:00:19.948 Model_Service_5] [PAPER-KV-V6] fetch meta-llama/Llama-3.2-3B -> None requests
[2026-08-22 14:00:19.949 Model_Service_0] [PAPER-KV-V6] fetch Qwen/Qwen2.5-1.5B-Instruct -> None requests
[2026-08-22 14:00:19.950 Model_Service_2] [PAPER-KV-V6] fetch Qwen/Qwen2.5-7B-Instruct -> None requests
[2026-08-22 14:00:19.959 Model_Service_5] [PAPER-KV-V6] fetch meta-llama/Llama-3.2-3B -> None requests
[2026-08-22 14:00:19.960 Model_Service_0] [PAPER-KV-V6] fetch Qwen/Qwen2.5-1.5B-Instruct -> None requests
[2026-08-22 14:00:19.961 Model_Service_2] [PAPER-KV-V6] fetch Qwen/Qwen2.5-7B-Instruct -> None requests
[2026-08-22 14:00:19.969 Model_Service_5] [PAPER-KV-V6] fetch meta-llama/Llama-3.2-3B -> None requests
[2026-08-22 14:00:19.971 Model_Service_0] [PAPER-KV-V6] fetch Qwen/Qwen2.5-1.5B-Instruct -> None requests
[2026-08-22 14:00:19.971 Model_Service_2] [PAPER-KV-V6] fetch Qwen/Qwen2.5-7B-Instruct -> None requests
[2026-08-22 14:00:19.979 Model_Service_5] [PAPER-KV-V6] fetch meta-llama/Llama-3.2-3B -> None requests
[2026-08-22 14:00:19.981 Model_Service_0] [PAPER-KV-V6] fetch Qwen/Qwen2.5-1.5B-Instruct -> None requests
[2026-08-22 14:00:19.982 Model_Service_2] [PAPER-KV-V6] fetch Qwen/Qwen2.5-7B-Instruct -> None requests
[2026-08-22 14:00:19.990 Model_Service_5] [PAPER-KV-V6] fetch meta-llama/Llama-3.2-3B -> None requests
[2026-08-22 14:00:19.993 Model_Service_2] [PAPER-KV-V6] fetch Qwen/Qwen2.5-7B-Instruct -> None requests
[2026-08-22 14:00:19.997 Model_Service_0] [PAPER-KV-V6] fetch Qwen/Qwen2.5-1.5B-Instruct -> None requests
[2026-08-22 14:00:20.000 Model_Service_5] [PAPER-KV-V6] fetch meta-llama/Llama-3.2-3B -> None requests
[2026-08-22 14:00:20.003 Model_Service_2] [PAPER-KV-V6] fetch Qwen/Qwen2.5-7B-Instruct -> None requests
[2026-08-22 14:00:20.008 Model_Service_0] [PAPER-KV-V6] fetch Qwen/Qwen2.5-1.5B-Instruct -> None requests
[2026-08-22 14:00:20.010 Model_Service_5] [PAPER-KV-V6] fetch meta-llama/Llama-3.2-3B -> None requests
[2026-08-22 14:00:20.014 Model_Service_2] [PAPER-KV-V6] fetch Qwen/Qwen2.5-7B-Instruct -> None requests
[2026-08-22 14:00:20.019 Model_Service_0] [PAPER-KV-V6] fetch Qwen/Qwen2.5-1.5B-Instruct -> None requests
[2026-08-22 14:00:20.021 Model_Service_5] [PAPER-KV-V6] fetch meta-llama/Llama-3.2-3B -> None requests
[2026-08-22 14:00:20.024 Model_Service_2] [PAPER-KV-V6] fetch Qwen/Qwen2.5-7B-Instruct -> None requests
[2026-08-22 14:00:20.029 Model_Service_0] [PAPER-KV-V6] fetch Qwen/Qwen2.5-1.5B-Instruct -> None requests
[2026-08-22 14:00:20.031 Model_Service_5] [PAPER-KV-V6] fetch meta-llama/Llama-3.2-3B -> None requests
[2026-08-22 14:00:20.035 Model_Service_2] [PAPER-KV-V6] fetch Qwen/Qwen2.5-7B-Instruct -> None requests
[2026-08-22 14:00:20.040 Model_Service_0] [PAPER-KV-V6] fetch Qwen/Qwen2.5-1.5B-Instruct -> None requests
[2026-08-22 14:00:20.042 Model_Service_5] [PAPER-KV-V6] fetch meta-llama/Llama-3.2-3B -> None requests
[2026-08-22 14:00:20.045 Model_Service_2] [PAPER-KV-V6] fetch Qwen/Qwen2.5-7B-Instruct -> None requests
[2026-08-22 14:00:20.051 Model_Service_0] [PAPER-KV-V6] fetch Qwen/Qwen2.5-1.5B-Instruct -> None requests
[2026-08-22 14:00:20.052 Model_Service_5] [PAPER-KV-V6] fetch meta-llama/Llama-3.2-3B -> None requests
[2026-08-22 14:00:20.056 Model_Service_2] [PAPER-KV-V6] fetch Qwen/Qwen2.5-7B-Instruct -> None requests
[2026-08-22 14:00:20.061 Model_Service_0] [PAPER-KV-V6] fetch Qwen/Qwen2.5-1.5B-Instruct -> None requests
[2026-08-22 14:00:20.062 Model_Service_5] [PAPER-KV-V6] fetch meta-llama/Llama-3.2-3B -> None requests
[2026-08-22 14:00:20.067 Model_Service_2] [PAPER-KV-V6] fetch Qwen/Qwen2.5-7B-Instruct -> None requests
[2026-08-22 14:00:20.072 Model_Service_0] [PAPER-KV-V6] fetch Qwen/Qwen2.5-1.5B-Instruct -> None requests
[2026-08-22 14:00:20.073 Model_Service_5] [PAPER-KV-V6] fetch meta-llama/Llama-3.2-3B -> None requests
[2026-08-22 14:00:20.077 Model_Service_2] [PAPER-KV-V6] fetch Qwen/Qwen2.5-7B-Instruct -> None requests
[2026-08-22 14:00:20.082 Model_Service_0] [PAPER-KV-V6] fetch Qwen/Qwen2.5-1.5B-Instruct -> None requests
[2026-08-22 14:00:20.083 Model_Service_5] [PAPER-KV-V6] fetch meta-llama/Llama-3.2-3B -> None requests
[2026-08-22 14:00:20.088 Model_Service_2] [PAPER-KV-V6] fetch Qwen/Qwen2.5-7B-Instruct -> None requests
[2026-08-22 14:00:20.093 Model_Service_0] [PAPER-KV-V6] fetch Qwen/Qwen2.5-1.5B-Instruct -> None requests
[2026-08-22 14:00:20.094 Model_Service_5] [PAPER-KV-V6] fetch meta-llama/Llama-3.2-3B -> None requests
[2026-08-22 14:00:20.099 Model_Service_2] [PAPER-KV-V6] fetch Qwen/Qwen2.5-7B-Instruct -> None requests
[2026-08-22 14:00:20.104 Model_Service_0] [PAPER-KV-V6] fetch Qwen/Qwen2.5-1.5B-Instruct -> None requests
[2026-08-22 14:00:20.104 Model_Service_5] [PAPER-KV-V6] fetch meta-llama/Llama-3.2-3B -> None requests
[2026-08-22 14:00:20.109 Model_Service_2] [PAPER-KV-V6] fetch Qwen/Qwen2.5-7B-Instruct -> None requests
[2026-08-22 14:00:20.114 Model_Service_0] [PAPER-KV-V6] fetch Qwen/Qwen2.5-1.5B-Instruct -> None requests
[2026-08-22 14:00:20.114 Model_Service_5] [PAPER-KV-V6] fetch meta-llama/Llama-3.2-3B -> None requests
[2026-08-22 14:00:20.120 Model_Service_2] [PAPER-KV-V6] fetch Qwen/Qwen2.5-7B-Instruct -> None requests
[2026-08-22 14:00:20.125 Model_Service_5] [PAPER-KV-V6] fetch meta-llama/Llama-3.2-3B -> None requests
[2026-08-22 14:00:20.125 Model_Service_0] [PAPER-KV-V6] fetch Qwen/Qwen2.5-1.5B-Instruct -> None requests
[2026-08-22 14:00:20.131 Model_Service_2] [PAPER-KV-V6] fetch Qwen/Qwen2.5-7B-Instruct -> None requests
[2026-08-22 14:00:20.135 Model_Service_5] [PAPER-KV-V6] fetch meta-llama/Llama-3.2-3B -> None requests
[2026-08-22 14:00:20.136 Model_Service_0] [PAPER-KV-V6] fetch Qwen/Qwen2.5-1.5B-Instruct -> None requests
[2026-08-22 14:00:20.142 Model_Service_2] [PAPER-KV-V6] fetch Qwen/Qwen2.5-7B-Instruct -> None requests
[2026-08-22 14:00:20.146 Model_Service_5] [PAPER-KV-V6] fetch meta-llama/Llama-3.2-3B -> None requests
[2026-08-22 14:00:20.146 Model_Service_0] [PAPER-KV-V6] fetch Qwen/Qwen2.5-1.5B-Instruct -> None requests
[2026-08-22 14:00:20.153 Model_Service_2] [PAPER-KV-V6] fetch Qwen/Qwen2.5-7B-Instruct -> None requests
[2026-08-22 14:00:20.156 Model_Service_5] [PAPER-KV-V6] fetch meta-llama/Llama-3.2-3B -> None requests
[2026-08-22 14:00:20.157 Model_Service_0] [PAPER-KV-V6] fetch Qwen/Qwen2.5-1.5B-Instruct -> None requests
[2026-08-22 14:00:20.163 Model_Service_2] [PAPER-KV-V6] fetch Qwen/Qwen2.5-7B-Instruct -> None requests
[2026-08-22 14:00:20.166 Model_Service_5] [PAPER-KV-V6] fetch meta-llama/Llama-3.2-3B -> None requests
[2026-08-22 14:00:20.168 Model_Service_0] [PAPER-KV-V6] fetch Qwen/Qwen2.5-1.5B-Instruct -> None requests
[2026-08-22 14:00:20.174 Model_Service_2] [PAPER-KV-V6] fetch Qwen/Qwen2.5-7B-Instruct -> None requests
[2026-08-22 14:00:20.177 Model_Service_5] [PAPER-KV-V6] fetch meta-llama/Llama-3.2-3B -> None requests
[2026-08-22 14:00:20.178 Model_Service_0] [PAPER-KV-V6] fetch Qwen/Qwen2.5-1.5B-Instruct -> None requests
[2026-08-22 14:00:20.185 Model_Service_2] [PAPER-KV-V6] fetch Qwen/Qwen2.5-7B-Instruct -> None requests
[2026-08-22 14:00:20.187 Model_Service_5] [PAPER-KV-V6] fetch meta-llama/Llama-3.2-3B -> None requests
[2026-08-22 14:00:20.189 Model_Service_0] [PAPER-KV-V6] fetch Qwen/Qwen2.5-1.5B-Instruct -> None requests
[2026-08-22 14:00:20.195 Model_Service_2] [PAPER-KV-V6] fetch Qwen/Qwen2.5-7B-Instruct -> None requests
[2026-08-22 14:00:20.197 Model_Service_5] [PAPER-KV-V6] fetch meta-llama/Llama-3.2-3B -> None requests
[2026-08-22 14:00:20.200 Model_Service_0] [PAPER-KV-V6] fetch Qwen/Qwen2.5-1.5B-Instruct -> None requests
[2026-08-22 14:00:20.206 Model_Service_2] [PAPER-KV-V6] fetch Qwen/Qwen2.5-7B-Instruct -> None requests
[2026-08-22 14:00:20.208 Model_Service_5] [PAPER-KV-V6] fetch meta-llama/Llama-3.2-3B -> None requests
[2026-08-22 14:00:20.210 Model_Service_0] [PAPER-KV-V6] fetch Qwen/Qwen2.5-1.5B-Instruct -> None requests
[2026-08-22 14:00:20.217 Model_Service_2] [PAPER-KV-V6] fetch Qwen/Qwen2.5-7B-Instruct -> None requests
[2026-08-22 14:00:20.218 Model_Service_5] [PAPER-KV-V6] fetch meta-llama/Llama-3.2-3B -> None requests
[2026-08-22 14:00:20.221 Model_Service_0] [PAPER-KV-V6] fetch Qwen/Qwen2.5-1.5B-Instruct -> None requests
[2026-08-22 14:00:20.227 Model_Service_2] [PAPER-KV-V6] fetch Qwen/Qwen2.5-7B-Instruct -> None requests
[2026-08-22 14:00:20.229 Model_Service_5] [PAPER-KV-V6] fetch meta-llama/Llama-3.2-3B -> None requests
[2026-08-22 14:00:20.232 Model_Service_0] [PAPER-KV-V6] fetch Qwen/Qwen2.5-1.5B-Instruct -> None requests
[2026-08-22 14:00:20.238 Model_Service_2] [PAPER-KV-V6] fetch Qwen/Qwen2.5-7B-Instruct -> None requests
[2026-08-22 14:00:20.239 Model_Service_5] [PAPER-KV-V6] fetch meta-llama/Llama-3.2-3B -> None requests
[2026-08-22 14:00:20.243 Model_Service_0] [PAPER-KV-V6] fetch Qwen/Qwen2.5-1.5B-Instruct -> None requests
[2026-08-22 14:00:20.249 Model_Service_2] [PAPER-KV-V6] fetch Qwen/Qwen2.5-7B-Instruct -> None requests
[2026-08-22 14:00:20.250 Model_Service_5] [PAPER-KV-V6] fetch meta-llama/Llama-3.2-3B -> None requests
[2026-08-22 14:00:20.254 Model_Service_0] [PAPER-KV-V6] fetch Qwen/Qwen2.5-1.5B-Instruct -> None requests
[2026-08-22 14:00:20.259 Model_Service_2] [PAPER-KV-V6] fetch Qwen/Qwen2.5-7B-Instruct -> None requests
[2026-08-22 14:00:20.260 Model_Service_5] [PAPER-KV-V6] fetch meta-llama/Llama-3.2-3B -> None requests
[2026-08-22 14:00:20.265 Model_Service_0] [PAPER-KV-V6] fetch Qwen/Qwen2.5-1.5B-Instruct -> None requests
[2026-08-22 14:00:20.270 Model_Service_2] [PAPER-KV-V6] fetch Qwen/Qwen2.5-7B-Instruct -> None requests
[2026-08-22 14:00:20.270 Model_Service_5] [PAPER-KV-V6] fetch meta-llama/Llama-3.2-3B -> None requests
[2026-08-22 14:00:20.276 Model_Service_0] [PAPER-KV-V6] fetch Qwen/Qwen2.5-1.5B-Instruct -> None requests
[2026-08-22 14:00:20.281 Model_Service_5] [PAPER-KV-V6] fetch meta-llama/Llama-3.2-3B -> None requests
[2026-08-22 14:00:20.281 Model_Service_2] [PAPER-KV-V6] fetch Qwen/Qwen2.5-7B-Instruct -> None requests
[2026-08-22 14:00:20.287 Model_Service_0] [PAPER-KV-V6] fetch Qwen/Qwen2.5-1.5B-Instruct -> None requests
[2026-08-22 14:00:20.291 Model_Service_5] [PAPER-KV-V6] fetch meta-llama/Llama-3.2-3B -> None requests
[2026-08-22 14:00:20.291 Model_Service_2] [PAPER-KV-V6] fetch Qwen/Qwen2.5-7B-Instruct -> None requests
[2026-08-22 14:00:20.297 Model_Service_0] [PAPER-KV-V6] fetch Qwen/Qwen2.5-1.5B-Instruct -> None requests
[2026-08-22 14:00:20.302 Model_Service_5] [PAPER-KV-V6] fetch meta-llama/Llama-3.2-3B -> None requests
[2026-08-22 14:00:20.302 Model_Service_2] [PAPER-KV-V6] fetch Qwen/Qwen2.5-7B-Instruct -> None requests
[2026-08-22 14:00:20.308 Model_Service_0] [PAPER-KV-V6] fetch Qwen/Qwen2.5-1.5B-Instruct -> None requests
[2026-08-22 14:00:20.312 Model_Service_5] [PAPER-KV-V6] fetch meta-llama/Llama-3.2-3B -> None requests
[2026-08-22 14:00:20.313 Model_Service_2] [PAPER-KV-V6] fetch Qwen/Qwen2.5-7B-Instruct -> None requests
[2026-08-22 14:00:20.319 Model_Service_0] [PAPER-KV-V6] fetch Qwen/Qwen2.5-1.5B-Instruct -> None requests
[2026-08-22 14:00:20.322 Model_Service_5] [PAPER-KV-V6] fetch meta-llama/Llama-3.2-3B -> None requests
[2026-08-22 14:00:20.323 Model_Service_2] [PAPER-KV-V6] fetch Qwen/Qwen2.5-7B-Instruct -> None requests
[2026-08-22 14:00:20.327 Model_Service_1] Model service 1 input queue is empty, waiting for next request
[2026-08-22 14:00:20.329 Model_Service_0] [PAPER-KV-V6] fetch Qwen/Qwen2.5-1.5B-Instruct -> None requests
[2026-08-22 14:00:20.333 Model_Service_5] [PAPER-KV-V6] fetch meta-llama/Llama-3.2-3B -> None requests
[2026-08-22 14:00:20.334 Model_Service_2] [PAPER-KV-V6] fetch Qwen/Qwen2.5-7B-Instruct -> None requests
[2026-08-22 14:00:20.340 Model_Service_0] [PAPER-KV-V6] fetch Qwen/Qwen2.5-1.5B-Instruct -> None requests
[2026-08-22 14:00:20.343 Model_Service_5] [PAPER-KV-V6] fetch meta-llama/Llama-3.2-3B -> None requests
[2026-08-22 14:00:20.345 Model_Service_2] [PAPER-KV-V6] fetch Qwen/Qwen2.5-7B-Instruct -> None requests
[2026-08-22 14:00:20.350 Model_Service_0] [PAPER-KV-V6] fetch Qwen/Qwen2.5-1.5B-Instruct -> None requests
[2026-08-22 14:00:20.354 Model_Service_5] [PAPER-KV-V6] fetch meta-llama/Llama-3.2-3B -> None requests
[2026-08-22 14:00:20.355 Model_Service_2] [PAPER-KV-V6] fetch Qwen/Qwen2.5-7B-Instruct -> None requests
[2026-08-22 14:00:20.361 Model_Service_0] [PAPER-KV-V6] fetch Qwen/Qwen2.5-1.5B-Instruct -> None requests
[2026-08-22 14:00:20.364 Model_Service_5] [PAPER-KV-V6] fetch meta-llama/Llama-3.2-3B -> None requests
[2026-08-22 14:00:20.366 Model_Service_2] [PAPER-KV-V6] fetch Qwen/Qwen2.5-7B-Instruct -> None requests
[2026-08-22 14:00:20.372 Model_Service_0] [PAPER-KV-V6] fetch Qwen/Qwen2.5-1.5B-Instruct -> None requests
[2026-08-22 14:00:20.374 Model_Service_5] [PAPER-KV-V6] fetch meta-llama/Llama-3.2-3B -> None requests
[2026-08-22 14:00:20.377 Model_Service_2] [PAPER-KV-V6] fetch Qwen/Qwen2.5-7B-Instruct -> None requests
[2026-08-22 14:00:20.382 Model_Service_0] [PAPER-KV-V6] fetch Qwen/Qwen2.5-1.5B-Instruct -> None requests
[2026-08-22 14:00:20.385 Model_Service_5] [PAPER-KV-V6] fetch meta-llama/Llama-3.2-3B -> None requests
[2026-08-22 14:00:20.387 Model_Service_2] [PAPER-KV-V6] fetch Qwen/Qwen2.5-7B-Instruct -> None requests
[2026-08-22 14:00:20.393 Model_Service_0] [PAPER-KV-V6] fetch Qwen/Qwen2.5-1.5B-Instruct -> None requests
[2026-08-22 14:00:20.394 Model_Service_3] Model service 3 input queue is empty, waiting for next request
[2026-08-22 14:00:20.395 Model_Service_5] [PAPER-KV-V6] fetch meta-llama/Llama-3.2-3B -> None requests
[2026-08-22 14:00:20.398 Model_Service_2] [PAPER-KV-V6] fetch Qwen/Qwen2.5-7B-Instruct -> None requests
[2026-08-22 14:00:20.404 Model_Service_0] [PAPER-KV-V6] fetch Qwen/Qwen2.5-1.5B-Instruct -> None requests
[2026-08-22 14:00:20.406 Model_Service_5] [PAPER-KV-V6] fetch meta-llama/Llama-3.2-3B -> None requests
[2026-08-22 14:00:20.409 Model_Service_2] [PAPER-KV-V6] fetch Qwen/Qwen2.5-7B-Instruct -> None requests
[2026-08-22 14:00:20.414 Model_Service_0] [PAPER-KV-V6] fetch Qwen/Qwen2.5-1.5B-Instruct -> None requests
[2026-08-22 14:00:20.416 Model_Service_5] [PAPER-KV-V6] fetch meta-llama/Llama-3.2-3B -> None requests
[2026-08-22 14:00:20.419 Model_Service_2] [PAPER-KV-V6] fetch Qwen/Qwen2.5-7B-Instruct -> None requests
[2026-08-22 14:00:20.425 Model_Service_0] [PAPER-KV-V6] fetch Qwen/Qwen2.5-1.5B-Instruct -> None requests
[2026-08-22 14:00:20.427 Model_Service_5] [PAPER-KV-V6] fetch meta-llama/Llama-3.2-3B -> None requests
[2026-08-22 14:00:20.430 Model_Service_2] [PAPER-KV-V6] fetch Qwen/Qwen2.5-7B-Instruct -> None requests
[2026-08-22 14:00:20.436 Model_Service_0] [PAPER-KV-V6] fetch Qwen/Qwen2.5-1.5B-Instruct -> None requests
[2026-08-22 14:00:20.437 Model_Service_5] [PAPER-KV-V6] fetch meta-llama/Llama-3.2-3B -> None requests
[2026-08-22 14:00:20.441 Model_Service_2] [PAPER-KV-V6] fetch Qwen/Qwen2.5-7B-Instruct -> None requests
[2026-08-22 14:00:20.447 Model_Service_0] [PAPER-KV-V6] fetch Qwen/Qwen2.5-1.5B-Instruct -> None requests
[2026-08-22 14:00:20.448 Model_Service_5] [PAPER-KV-V6] fetch meta-llama/Llama-3.2-3B -> None requests
[2026-08-22 14:00:20.451 Model_Service_2] [PAPER-KV-V6] fetch Qwen/Qwen2.5-7B-Instruct -> None requests
[2026-08-22 14:00:20.457 Model_Service_0] [PAPER-KV-V6] fetch Qwen/Qwen2.5-1.5B-Instruct -> None requests
[2026-08-22 14:00:20.458 Model_Service_5] [PAPER-KV-V6] fetch meta-llama/Llama-3.2-3B -> None requests
[2026-08-22 14:00:20.462 Model_Service_2] [PAPER-KV-V6] fetch Qwen/Qwen2.5-7B-Instruct -> None requests
[2026-08-22 14:00:20.468 Model_Service_0] [PAPER-KV-V6] fetch Qwen/Qwen2.5-1.5B-Instruct -> None requests
[2026-08-22 14:00:20.469 Model_Service_5] [PAPER-KV-V6] fetch meta-llama/Llama-3.2-3B -> None requests
[2026-08-22 14:00:20.473 Model_Service_2] [PAPER-KV-V6] fetch Qwen/Qwen2.5-7B-Instruct -> None requests
[2026-08-22 14:00:20.478 Model_Service_0] [PAPER-KV-V6] fetch Qwen/Qwen2.5-1.5B-Instruct -> None requests
[2026-08-22 14:00:20.479 Model_Service_5] [PAPER-KV-V6] fetch meta-llama/Llama-3.2-3B -> None requests
[2026-08-22 14:00:20.484 Model_Service_2] [PAPER-KV-V6] fetch Qwen/Qwen2.5-7B-Instruct -> None requests
[2026-08-22 14:00:20.489 Model_Service_0] [PAPER-KV-V6] fetch Qwen/Qwen2.5-1.5B-Instruct -> None requests
[2026-08-22 14:00:20.490 Model_Service_5] [PAPER-KV-V6] fetch meta-llama/Llama-3.2-3B -> None requests
[2026-08-22 14:00:20.494 Model_Service_2] [PAPER-KV-V6] fetch Qwen/Qwen2.5-7B-Instruct -> None requests
[2026-08-22 14:00:20.500 Model_Service_0] [PAPER-KV-V6] fetch Qwen/Qwen2.5-1.5B-Instruct -> None requests
[2026-08-22 14:00:20.500 Model_Service_5] [PAPER-KV-V6] fetch meta-llama/Llama-3.2-3B -> None requests
[2026-08-22 14:00:20.505 Model_Service_2] [PAPER-KV-V6] fetch Qwen/Qwen2.5-7B-Instruct -> None requests
[2026-08-22 14:00:20.510 Model_Service_0] [PAPER-KV-V6] fetch Qwen/Qwen2.5-1.5B-Instruct -> None requests
[2026-08-22 14:00:20.510 Model_Service_5] [PAPER-KV-V6] fetch meta-llama/Llama-3.2-3B -> None requests
[2026-08-22 14:00:20.516 Model_Service_2] [PAPER-KV-V6] fetch Qwen/Qwen2.5-7B-Instruct -> None requests
[2026-08-22 14:00:20.521 Model_Service_5] [PAPER-KV-V6] fetch meta-llama/Llama-3.2-3B -> None requests
[2026-08-22 14:00:20.521 Model_Service_0] [PAPER-KV-V6] fetch Qwen/Qwen2.5-1.5B-Instruct -> None requests
[2026-08-22 14:00:20.527 Model_Service_2] [PAPER-KV-V6] fetch Qwen/Qwen2.5-7B-Instruct -> None requests
[2026-08-22 14:00:20.531 Model_Service_5] [PAPER-KV-V6] fetch meta-llama/Llama-3.2-3B -> None requests
[2026-08-22 14:00:20.532 Model_Service_0] [PAPER-KV-V6] fetch Qwen/Qwen2.5-1.5B-Instruct -> None requests
[2026-08-22 14:00:20.538 Model_Service_2] [PAPER-KV-V6] fetch Qwen/Qwen2.5-7B-Instruct -> None requests
[2026-08-22 14:00:20.542 Model_Service_5] [PAPER-KV-V6] fetch meta-llama/Llama-3.2-3B -> None requests
[2026-08-22 14:00:20.542 Model_Service_0] [PAPER-KV-V6] fetch Qwen/Qwen2.5-1.5B-Instruct -> None requests
[2026-08-22 14:00:20.548 Model_Service_2] [PAPER-KV-V6] fetch Qwen/Qwen2.5-7B-Instruct -> None requests
[2026-08-22 14:00:20.552 Model_Service_5] [PAPER-KV-V6] fetch meta-llama/Llama-3.2-3B -> None requests
[2026-08-22 14:00:20.553 Model_Service_0] [PAPER-KV-V6] fetch Qwen/Qwen2.5-1.5B-Instruct -> None requests
[2026-08-22 14:00:20.559 Model_Service_2] [PAPER-KV-V6] fetch Qwen/Qwen2.5-7B-Instruct -> None requests
[2026-08-22 14:00:20.563 Model_Service_5] [PAPER-KV-V6] fetch meta-llama/Llama-3.2-3B -> None requests
[2026-08-22 14:00:20.564 Model_Service_0] [PAPER-KV-V6] fetch Qwen/Qwen2.5-1.5B-Instruct -> None requests
[2026-08-22 14:00:20.570 Model_Service_2] [PAPER-KV-V6] fetch Qwen/Qwen2.5-7B-Instruct -> None requests
[2026-08-22 14:00:20.573 Model_Service_5] [PAPER-KV-V6] fetch meta-llama/Llama-3.2-3B -> None requests
[2026-08-22 14:00:20.574 Model_Service_0] [PAPER-KV-V6] fetch Qwen/Qwen2.5-1.5B-Instruct -> None requests
[2026-08-22 14:00:20.581 Model_Service_2] [PAPER-KV-V6] fetch Qwen/Qwen2.5-7B-Instruct -> None requests
[2026-08-22 14:00:20.583 Model_Service_5] [PAPER-KV-V6] fetch meta-llama/Llama-3.2-3B -> None requests
[2026-08-22 14:00:20.585 Model_Service_0] [PAPER-KV-V6] fetch Qwen/Qwen2.5-1.5B-Instruct -> None requests
[2026-08-22 14:00:20.591 Model_Service_2] [PAPER-KV-V6] fetch Qwen/Qwen2.5-7B-Instruct -> None requests
[2026-08-22 14:00:20.594 Model_Service_5] [PAPER-KV-V6] fetch meta-llama/Llama-3.2-3B -> None requests
[2026-08-22 14:00:20.595 Model_Service_0] [PAPER-KV-V6] fetch Qwen/Qwen2.5-1.5B-Instruct -> None requests
[2026-08-22 14:00:20.601 Model_Service_2] [PAPER-KV-V6] fetch Qwen/Qwen2.5-7B-Instruct -> None requests
[2026-08-22 14:00:20.604 Model_Service_5] [PAPER-KV-V6] fetch meta-llama/Llama-3.2-3B -> None requests
[2026-08-22 14:00:20.605 Model_Service_0] [PAPER-KV-V6] fetch Qwen/Qwen2.5-1.5B-Instruct -> None requests
[2026-08-22 14:00:20.612 Model_Service_2] [PAPER-KV-V6] fetch Qwen/Qwen2.5-7B-Instruct -> None requests
[2026-08-22 14:00:20.614 Model_Service_5] [PAPER-KV-V6] fetch meta-llama/Llama-3.2-3B -> None requests
[2026-08-22 14:00:20.616 Model_Service_0] [PAPER-KV-V6] fetch Qwen/Qwen2.5-1.5B-Instruct -> None requests
[2026-08-22 14:00:20.622 Model_Service_2] [PAPER-KV-V6] fetch Qwen/Qwen2.5-7B-Instruct -> None requests
[2026-08-22 14:00:20.625 Model_Service_5] [PAPER-KV-V6] fetch meta-llama/Llama-3.2-3B -> None requests
[2026-08-22 14:00:20.626 Model_Service_0] [PAPER-KV-V6] fetch Qwen/Qwen2.5-1.5B-Instruct -> None requests
[2026-08-22 14:00:20.632 Model_Service_2] [PAPER-KV-V6] fetch Qwen/Qwen2.5-7B-Instruct -> None requests
[2026-08-22 14:00:20.635 Model_Service_5] [PAPER-KV-V6] fetch meta-llama/Llama-3.2-3B -> None requests
[2026-08-22 14:00:20.637 Model_Service_0] [PAPER-KV-V6] fetch Qwen/Qwen2.5-1.5B-Instruct -> None requests
[2026-08-22 14:00:20.643 Model_Service_2] [PAPER-KV-V6] fetch Qwen/Qwen2.5-7B-Instruct -> None requests
[2026-08-22 14:00:20.645 Model_Service_5] [PAPER-KV-V6] fetch meta-llama/Llama-3.2-3B -> None requests
[2026-08-22 14:00:20.647 Model_Service_0] [PAPER-KV-V6] fetch Qwen/Qwen2.5-1.5B-Instruct -> None requests
[2026-08-22 14:00:20.653 Model_Service_2] [PAPER-KV-V6] fetch Qwen/Qwen2.5-7B-Instruct -> None requests
[2026-08-22 14:00:20.656 Model_Service_5] [PAPER-KV-V6] fetch meta-llama/Llama-3.2-3B -> None requests
[2026-08-22 14:00:20.658 Model_Service_0] [PAPER-KV-V6] fetch Qwen/Qwen2.5-1.5B-Instruct -> None requests
[2026-08-22 14:00:20.663 Model_Service_2] [PAPER-KV-V6] fetch Qwen/Qwen2.5-7B-Instruct -> None requests
[2026-08-22 14:00:20.666 Model_Service_5] [PAPER-KV-V6] fetch meta-llama/Llama-3.2-3B -> None requests
[2026-08-22 14:00:20.669 Model_Service_0] [PAPER-KV-V6] fetch Qwen/Qwen2.5-1.5B-Instruct -> None requests
[2026-08-22 14:00:20.673 Model_Service_2] [PAPER-KV-V6] fetch Qwen/Qwen2.5-7B-Instruct -> None requests
[2026-08-22 14:00:20.676 Model_Service_5] [PAPER-KV-V6] fetch meta-llama/Llama-3.2-3B -> None requests
[2026-08-22 14:00:20.679 Model_Service_0] [PAPER-KV-V6] fetch Qwen/Qwen2.5-1.5B-Instruct -> None requests
[2026-08-22 14:00:20.684 Model_Service_2] [PAPER-KV-V6] fetch Qwen/Qwen2.5-7B-Instruct -> None requests
[2026-08-22 14:00:20.687 Model_Service_5] [PAPER-KV-V6] fetch meta-llama/Llama-3.2-3B -> None requests
[2026-08-22 14:00:20.694 Model_Service_2] [PAPER-KV-V6] fetch Qwen/Qwen2.5-7B-Instruct -> None requests
[2026-08-22 14:00:20.697 Model_Service_5] [PAPER-KV-V6] fetch meta-llama/Llama-3.2-3B -> None requests
[2026-08-22 14:00:20.704 Model_Service_2] [PAPER-KV-V6] fetch Qwen/Qwen2.5-7B-Instruct -> None requests
[2026-08-22 14:00:20.707 Model_Service_5] [PAPER-KV-V6] fetch meta-llama/Llama-3.2-3B -> None requests
[2026-08-22 14:00:20.715 Model_Service_2] [PAPER-KV-V6] fetch Qwen/Qwen2.5-7B-Instruct -> None requests
[2026-08-22 14:00:20.718 Model_Service_5] [PAPER-KV-V6] fetch meta-llama/Llama-3.2-3B -> None requests
[2026-08-22 14:00:20.725 Model_Service_2] [PAPER-KV-V6] fetch Qwen/Qwen2.5-7B-Instruct -> None requests
[2026-08-22 14:00:20.728 Model_Service_5] [PAPER-KV-V6] fetch meta-llama/Llama-3.2-3B -> None requests
[2026-08-22 14:00:20.735 Model_Service_2] [PAPER-KV-V6] fetch Qwen/Qwen2.5-7B-Instruct -> None requests
[2026-08-22 14:00:20.738 Model_Service_5] [PAPER-KV-V6] fetch meta-llama/Llama-3.2-3B -> None requests
[2026-08-22 14:00:20.746 Model_Service_2] [PAPER-KV-V6] fetch Qwen/Qwen2.5-7B-Instruct -> None requests
[2026-08-22 14:00:20.749 Model_Service_5] [PAPER-KV-V6] fetch meta-llama/Llama-3.2-3B -> None requests
[2026-08-22 14:00:20.756 Model_Service_2] [PAPER-KV-V6] fetch Qwen/Qwen2.5-7B-Instruct -> None requests
[2026-08-22 14:00:20.759 Model_Service_5] [PAPER-KV-V6] fetch meta-llama/Llama-3.2-3B -> None requests
[2026-08-22 14:00:20.767 Model_Service_2] [PAPER-KV-V6] fetch Qwen/Qwen2.5-7B-Instruct -> None requests
[2026-08-22 14:00:20.769 Model_Service_5] [PAPER-KV-V6] fetch meta-llama/Llama-3.2-3B -> None requests
[2026-08-22 14:00:20.777 Model_Service_2] [PAPER-KV-V6] fetch Qwen/Qwen2.5-7B-Instruct -> None requests
[2026-08-22 14:00:20.779 Model_Service_5] [PAPER-KV-V6] fetch meta-llama/Llama-3.2-3B -> None requests
[2026-08-22 14:00:20.787 Model_Service_2] [PAPER-KV-V6] fetch Qwen/Qwen2.5-7B-Instruct -> None requests
[2026-08-22 14:00:20.790 Model_Service_5] [PAPER-KV-V6] fetch meta-llama/Llama-3.2-3B -> None requests
[2026-08-22 14:00:20.798 Model_Service_2] [PAPER-KV-V6] fetch Qwen/Qwen2.5-7B-Instruct -> None requests
[2026-08-22 14:00:20.808 Model_Service_2] [PAPER-KV-V6] fetch Qwen/Qwen2.5-7B-Instruct -> None requests
[2026-08-22 14:00:20.819 Model_Service_2] [PAPER-KV-V6] fetch Qwen/Qwen2.5-7B-Instruct -> None requests
[2026-08-22 14:00:20.829 Model_Service_2] [PAPER-KV-V6] fetch Qwen/Qwen2.5-7B-Instruct -> None requests
[2026-08-22 14:00:20.840 Model_Service_2] [PAPER-KV-V6] fetch Qwen/Qwen2.5-7B-Instruct -> None requests
[2026-08-22 14:00:20.850 Model_Service_2] [PAPER-KV-V6] fetch Qwen/Qwen2.5-7B-Instruct -> None requests
[2026-08-22 14:00:20.860 Model_Service_2] [PAPER-KV-V6] fetch Qwen/Qwen2.5-7B-Instruct -> None requests
[2026-08-22 14:00:20.871 Model_Service_2] [PAPER-KV-V6] fetch Qwen/Qwen2.5-7B-Instruct -> None requests
[2026-08-22 14:00:20.881 Model_Service_2] [PAPER-KV-V6] fetch Qwen/Qwen2.5-7B-Instruct -> None requests
[2026-08-22 14:00:20.892 Model_Service_2] [PAPER-KV-V6] fetch Qwen/Qwen2.5-7B-Instruct -> None requests
[2026-08-22 14:00:20.902 Model_Service_2] [PAPER-KV-V6] fetch Qwen/Qwen2.5-7B-Instruct -> None requests
[2026-08-22 14:00:20.913 Model_Service_2] [PAPER-KV-V6] fetch Qwen/Qwen2.5-7B-Instruct -> None requests
[2026-08-22 14:00:20.923 Model_Service_2] [PAPER-KV-V6] fetch Qwen/Qwen2.5-7B-Instruct -> None requests
[2026-08-22 14:00:20.934 Model_Service_2] [PAPER-KV-V6] fetch Qwen/Qwen2.5-7B-Instruct -> None requests
[2026-08-22 14:00:20.944 Model_Service_2] [PAPER-KV-V6] fetch Qwen/Qwen2.5-7B-Instruct -> None requests
[2026-08-22 14:00:20.955 Model_Service_2] [PAPER-KV-V6] fetch Qwen/Qwen2.5-7B-Instruct -> None requests
[2026-08-22 14:00:20.965 Model_Service_2] [PAPER-KV-V6] fetch Qwen/Qwen2.5-7B-Instruct -> None requests
[2026-08-22 14:00:20.976 Model_Service_2] [PAPER-KV-V6] fetch Qwen/Qwen2.5-7B-Instruct -> None requests
[2026-08-22 14:00:20.987 Model_Service_2] [PAPER-KV-V6] fetch Qwen/Qwen2.5-7B-Instruct -> None requests
[2026-08-22 14:00:20.997 Model_Service_2] [PAPER-KV-V6] fetch Qwen/Qwen2.5-7B-Instruct -> None requests
[2026-08-22 14:00:21.008 Model_Service_2] [PAPER-KV-V6] fetch Qwen/Qwen2.5-7B-Instruct -> None requests
[2026-08-22 14:00:21.018 Model_Service_2] [PAPER-KV-V6] fetch Qwen/Qwen2.5-7B-Instruct -> None requests
[2026-08-22 14:00:21.029 Model_Service_2] [PAPER-KV-V6] fetch Qwen/Qwen2.5-7B-Instruct -> None requests
[2026-08-22 14:00:21.040 Model_Service_2] [PAPER-KV-V6] fetch Qwen/Qwen2.5-7B-Instruct -> None requests
[2026-08-22 14:00:21.051 Model_Service_2] [PAPER-KV-V6] fetch Qwen/Qwen2.5-7B-Instruct -> None requests
[2026-08-22 14:00:21.061 Model_Service_2] [PAPER-KV-V6] fetch Qwen/Qwen2.5-7B-Instruct -> None requests
[2026-08-22 14:00:21.072 Model_Service_2] [PAPER-KV-V6] fetch Qwen/Qwen2.5-7B-Instruct -> None requests
[2026-08-22 14:00:21.083 Model_Service_2] [PAPER-KV-V6] fetch Qwen/Qwen2.5-7B-Instruct -> None requests
[2026-08-22 14:00:21.093 Model_Service_2] [PAPER-KV-V6] fetch Qwen/Qwen2.5-7B-Instruct -> None requests
[2026-08-22 14:00:21.104 Model_Service_2] [PAPER-KV-V6] fetch Qwen/Qwen2.5-7B-Instruct -> None requests
[2026-08-22 14:00:21.115 Model_Service_2] [PAPER-KV-V6] fetch Qwen/Qwen2.5-7B-Instruct -> None requests
[2026-08-22 14:00:21.126 Model_Service_2] [PAPER-KV-V6] fetch Qwen/Qwen2.5-7B-Instruct -> None requests
[2026-08-22 14:00:21.136 Model_Service_2] [PAPER-KV-V6] fetch Qwen/Qwen2.5-7B-Instruct -> None requests
[2026-08-22 14:00:21.147 Model_Service_2] [PAPER-KV-V6] fetch Qwen/Qwen2.5-7B-Instruct -> None requests
[2026-08-22 14:00:21.157 Model_Service_2] [PAPER-KV-V6] fetch Qwen/Qwen2.5-7B-Instruct -> None requests
[2026-08-22 14:00:21.168 Model_Service_2] [PAPER-KV-V6] fetch Qwen/Qwen2.5-7B-Instruct -> None requests
[2026-08-22 14:00:21.179 Model_Service_2] [PAPER-KV-V6] fetch Qwen/Qwen2.5-7B-Instruct -> None requests
[2026-08-22 14:00:21.190 Model_Service_2] [PAPER-KV-V6] fetch Qwen/Qwen2.5-7B-Instruct -> None requests
[2026-08-22 14:00:21.201 Model_Service_2] [PAPER-KV-V6] fetch Qwen/Qwen2.5-7B-Instruct -> None requests
[2026-08-22 14:00:21.212 Model_Service_2] [PAPER-KV-V6] fetch Qwen/Qwen2.5-7B-Instruct -> None requests
[2026-08-22 14:00:21.223 Model_Service_2] [PAPER-KV-V6] fetch Qwen/Qwen2.5-7B-Instruct -> None requests
[2026-08-22 14:00:21.234 Model_Service_2] [PAPER-KV-V6] fetch Qwen/Qwen2.5-7B-Instruct -> None requests
[2026-08-22 14:00:21.245 Model_Service_2] [PAPER-KV-V6] fetch Qwen/Qwen2.5-7B-Instruct -> None requests
[2026-08-22 14:00:21.256 Model_Service_2] [PAPER-KV-V6] fetch Qwen/Qwen2.5-7B-Instruct -> None requests
[2026-08-22 14:00:21.267 Model_Service_2] [PAPER-KV-V6] fetch Qwen/Qwen2.5-7B-Instruct -> None requests
[2026-08-22 14:00:21.278 Model_Service_2] [PAPER-KV-V6] fetch Qwen/Qwen2.5-7B-Instruct -> None requests
[2026-08-22 14:00:21.289 Model_Service_2] [PAPER-KV-V6] fetch Qwen/Qwen2.5-7B-Instruct -> None requests
[2026-08-22 14:00:21.299 Model_Service_2] [PAPER-KV-V6] fetch Qwen/Qwen2.5-7B-Instruct -> None requests
[2026-08-22 14:00:21.310 Model_Service_2] [PAPER-KV-V6] fetch Qwen/Qwen2.5-7B-Instruct -> None requests
[2026-08-22 14:00:21.321 Model_Service_2] [PAPER-KV-V6] fetch Qwen/Qwen2.5-7B-Instruct -> None requests
[2026-08-22 14:00:21.332 Model_Service_2] [PAPER-KV-V6] fetch Qwen/Qwen2.5-7B-Instruct -> None requests
[2026-08-22 14:00:21.343 Model_Service_2] [PAPER-KV-V6] fetch Qwen/Qwen2.5-7B-Instruct -> None requests
[2026-08-22 14:00:21.354 Model_Service_2] [PAPER-KV-V6] fetch Qwen/Qwen2.5-7B-Instruct -> None requests
[2026-08-22 14:00:21.365 Model_Service_2] [PAPER-KV-V6] fetch Qwen/Qwen2.5-7B-Instruct -> None requests
[2026-08-22 14:00:21.377 Model_Service_2] [PAPER-KV-V6] fetch Qwen/Qwen2.5-7B-Instruct -> None requests
[2026-08-22 14:00:21.388 Model_Service_2] [PAPER-KV-V6] fetch Qwen/Qwen2.5-7B-Instruct -> None requests
[2026-08-22 14:00:21.399 Model_Service_2] [PAPER-KV-V6] fetch Qwen/Qwen2.5-7B-Instruct -> None requests
[2026-08-22 14:00:21.410 Model_Service_2] [PAPER-KV-V6] fetch Qwen/Qwen2.5-7B-Instruct -> None requests
[2026-08-22 14:00:21.420 Model_Service_2] [PAPER-KV-V6] fetch Qwen/Qwen2.5-7B-Instruct -> None requests
[2026-08-22 14:00:21.431 Model_Service_2] [PAPER-KV-V6] fetch Qwen/Qwen2.5-7B-Instruct -> None requests
[2026-08-22 14:00:21.442 Model_Service_2] [PAPER-KV-V6] fetch Qwen/Qwen2.5-7B-Instruct -> None requests
[2026-08-22 14:00:21.453 Model_Service_2] [PAPER-KV-V6] fetch Qwen/Qwen2.5-7B-Instruct -> None requests
[2026-08-22 14:00:21.464 Model_Service_2] [PAPER-KV-V6] fetch Qwen/Qwen2.5-7B-Instruct -> None requests
[2026-08-22 14:00:21.475 Model_Service_2] [PAPER-KV-V6] fetch Qwen/Qwen2.5-7B-Instruct -> None requests
[2026-08-22 14:00:21.485 Model_Service_2] [PAPER-KV-V6] fetch Qwen/Qwen2.5-7B-Instruct -> None requests
[2026-08-22 14:00:21.496 Model_Service_2] [PAPER-KV-V6] fetch Qwen/Qwen2.5-7B-Instruct -> None requests
[2026-08-22 14:00:21.507 Model_Service_2] [PAPER-KV-V6] fetch Qwen/Qwen2.5-7B-Instruct -> None requests
[2026-08-22 14:00:21.518 Model_Service_2] [PAPER-KV-V6] fetch Qwen/Qwen2.5-7B-Instruct -> None requests
[2026-08-22 14:00:21.528 Model_Service_2] [PAPER-KV-V6] fetch Qwen/Qwen2.5-7B-Instruct -> None requests
[2026-08-22 14:00:21.539 Model_Service_2] [PAPER-KV-V6] fetch Qwen/Qwen2.5-7B-Instruct -> None requests
[2026-08-22 14:00:21.550 Model_Service_2] [PAPER-KV-V6] fetch Qwen/Qwen2.5-7B-Instruct -> None requests
[2026-08-22 14:00:21.561 Model_Service_2] [PAPER-KV-V6] fetch Qwen/Qwen2.5-7B-Instruct -> None requests
[2026-08-22 14:00:21.571 Model_Service_2] [PAPER-KV-V6] fetch Qwen/Qwen2.5-7B-Instruct -> None requests
[2026-08-22 14:00:21.582 Model_Service_2] [PAPER-KV-V6] fetch Qwen/Qwen2.5-7B-Instruct -> None requests
[2026-08-22 14:00:21.593 Model_Service_2] [PAPER-KV-V6] fetch Qwen/Qwen2.5-7B-Instruct -> None requests
[2026-08-22 14:00:21.604 Model_Service_2] [PAPER-KV-V6] fetch Qwen/Qwen2.5-7B-Instruct -> None requests
[2026-08-22 14:00:21.615 Model_Service_2] [PAPER-KV-V6] fetch Qwen/Qwen2.5-7B-Instruct -> None requests
[2026-08-22 14:00:21.626 Model_Service_2] [PAPER-KV-V6] fetch Qwen/Qwen2.5-7B-Instruct -> None requests
[2026-08-22 14:00:21.637 Model_Service_2] [PAPER-KV-V6] fetch Qwen/Qwen2.5-7B-Instruct -> None requests
[2026-08-22 14:00:21.648 Model_Service_2] [PAPER-KV-V6] fetch Qwen/Qwen2.5-7B-Instruct -> None requests
[2026-08-22 14:00:21.658 Model_Service_2] [PAPER-KV-V6] fetch Qwen/Qwen2.5-7B-Instruct -> None requests
[2026-08-22 14:00:21.669 Model_Service_2] [PAPER-KV-V6] fetch Qwen/Qwen2.5-7B-Instruct -> None requests
[2026-08-22 14:00:21.680 Model_Service_2] [PAPER-KV-V6] fetch Qwen/Qwen2.5-7B-Instruct -> None requests
[2026-08-22 14:00:21.691 Model_Service_2] [PAPER-KV-V6] fetch Qwen/Qwen2.5-7B-Instruct -> None requests
[2026-08-22 14:00:21.702 Model_Service_2] [PAPER-KV-V6] fetch Qwen/Qwen2.5-7B-Instruct -> None requests
[2026-08-22 14:00:21.713 Model_Service_2] [PAPER-KV-V6] fetch Qwen/Qwen2.5-7B-Instruct -> None requests
[2026-08-22 14:00:21.723 Model_Service_2] [PAPER-KV-V6] fetch Qwen/Qwen2.5-7B-Instruct -> None requests
[2026-08-22 14:00:21.734 Model_Service_2] [PAPER-KV-V6] fetch Qwen/Qwen2.5-7B-Instruct -> None requests
[2026-08-22 14:00:21.745 Model_Service_2] [PAPER-KV-V6] fetch Qwen/Qwen2.5-7B-Instruct -> None requests
[2026-08-22 14:00:21.756 Model_Service_2] [PAPER-KV-V6] fetch Qwen/Qwen2.5-7B-Instruct -> None requests
[2026-08-22 14:00:21.767 Model_Service_2] [PAPER-KV-V6] fetch Qwen/Qwen2.5-7B-Instruct -> None requests
[2026-08-22 14:00:21.777 Model_Service_2] [PAPER-KV-V6] fetch Qwen/Qwen2.5-7B-Instruct -> None requests
[2026-08-22 14:00:21.788 Model_Service_2] [PAPER-KV-V6] fetch Qwen/Qwen2.5-7B-Instruct -> None requests
[2026-08-22 14:00:21.799 Model_Service_2] [PAPER-KV-V6] fetch Qwen/Qwen2.5-7B-Instruct -> None requests
[2026-08-22 14:00:21.810 Model_Service_2] [PAPER-KV-V6] fetch Qwen/Qwen2.5-7B-Instruct -> None requests
[2026-08-22 14:00:21.821 Model_Service_2] [PAPER-KV-V6] fetch Qwen/Qwen2.5-7B-Instruct -> None requests
[2026-08-22 14:00:21.832 Model_Service_2] [PAPER-KV-V6] fetch Qwen/Qwen2.5-7B-Instruct -> None requests
[2026-08-22 14:00:21.842 Model_Service_2] [PAPER-KV-V6] fetch Qwen/Qwen2.5-7B-Instruct -> None requests
[2026-08-22 14:00:21.853 Model_Service_2] [PAPER-KV-V6] fetch Qwen/Qwen2.5-7B-Instruct -> None requests
[2026-08-22 14:00:21.864 Model_Service_2] [PAPER-KV-V6] fetch Qwen/Qwen2.5-7B-Instruct -> None requests
[2026-08-22 14:00:21.875 Model_Service_2] [PAPER-KV-V6] fetch Qwen/Qwen2.5-7B-Instruct -> None requests
[2026-08-22 14:00:21.885 Model_Service_2] [PAPER-KV-V6] fetch Qwen/Qwen2.5-7B-Instruct -> None requests
[2026-08-22 14:00:21.896 Model_Service_2] [PAPER-KV-V6] fetch Qwen/Qwen2.5-7B-Instruct -> None requests
[2026-08-22 14:00:21.907 Model_Service_2] [PAPER-KV-V6] fetch Qwen/Qwen2.5-7B-Instruct -> None requests
[2026-08-22 14:00:21.918 Model_Service_2] [PAPER-KV-V6] fetch Qwen/Qwen2.5-7B-Instruct -> None requests
[2026-08-22 14:00:21.929 Model_Service_2] [PAPER-KV-V6] fetch Qwen/Qwen2.5-7B-Instruct -> None requests
[2026-08-22 14:00:21.939 Model_Service_2] [PAPER-KV-V6] fetch Qwen/Qwen2.5-7B-Instruct -> None requests
[2026-08-22 14:00:21.950 Model_Service_2] [PAPER-KV-V6] fetch Qwen/Qwen2.5-7B-Instruct -> None requests
[2026-08-22 14:00:21.961 Model_Service_2] [PAPER-KV-V6] fetch Qwen/Qwen2.5-7B-Instruct -> None requests
[2026-08-22 14:00:21.972 Model_Service_2] [PAPER-KV-V6] fetch Qwen/Qwen2.5-7B-Instruct -> None requests
[2026-08-22 14:00:21.982 Model_Service_2] [PAPER-KV-V6] fetch Qwen/Qwen2.5-7B-Instruct -> None requests
[2026-08-22 14:00:21.993 Model_Service_2] [PAPER-KV-V6] fetch Qwen/Qwen2.5-7B-Instruct -> None requests
[2026-08-22 14:00:22.004 Model_Service_2] [PAPER-KV-V6] fetch Qwen/Qwen2.5-7B-Instruct -> None requests
[2026-08-22 14:00:22.015 Model_Service_2] [PAPER-KV-V6] fetch Qwen/Qwen2.5-7B-Instruct -> None requests
[2026-08-22 14:00:22.025 Model_Service_2] [PAPER-KV-V6] fetch Qwen/Qwen2.5-7B-Instruct -> None requests
[2026-08-22 14:00:22.036 Model_Service_2] [PAPER-KV-V6] fetch Qwen/Qwen2.5-7B-Instruct -> None requests
[2026-08-22 14:00:22.047 Model_Service_2] [PAPER-KV-V6] fetch Qwen/Qwen2.5-7B-Instruct -> None requests
[2026-08-22 14:00:22.058 Model_Service_2] [PAPER-KV-V6] fetch Qwen/Qwen2.5-7B-Instruct -> None requests
[2026-08-22 14:00:22.058 Model_Service_4] Model service 4 input queue is empty, waiting for next request
[2026-08-22 14:00:22.068 Model_Service_2] [PAPER-KV-V6] fetch Qwen/Qwen2.5-7B-Instruct -> None requests
[2026-08-22 14:00:22.079 Model_Service_2] [PAPER-KV-V6] fetch Qwen/Qwen2.5-7B-Instruct -> None requests
[2026-08-22 14:00:22.090 Model_Service_2] [PAPER-KV-V6] fetch Qwen/Qwen2.5-7B-Instruct -> None requests
[2026-08-22 14:00:22.100 Model_Service_2] [PAPER-KV-V6] fetch Qwen/Qwen2.5-7B-Instruct -> None requests
[2026-08-22 14:00:22.111 Model_Service_2] [PAPER-KV-V6] fetch Qwen/Qwen2.5-7B-Instruct -> None requests
[2026-08-22 14:00:22.122 Model_Service_2] [PAPER-KV-V6] fetch Qwen/Qwen2.5-7B-Instruct -> None requests
[2026-08-22 14:00:22.133 Model_Service_2] [PAPER-KV-V6] fetch Qwen/Qwen2.5-7B-Instruct -> None requests
[2026-08-22 14:00:25.579 Model_Service_1] Model service 1 input queue is empty, waiting for next request
[2026-08-22 14:00:25.660 Model_Service_3] Model service 3 input queue is empty, waiting for next request
[2026-08-22 14:00:25.685 Model_Service_0] Model service 0 input queue is empty, waiting for next request
[2026-08-22 14:00:25.794 Model_Service_5] Model service 5 input queue is empty, waiting for next request
[2026-08-22 14:00:27.135 Model_Service_2] Model service 2 input queue is empty, waiting for next request
[2026-08-22 14:00:27.298 Model_Service_4] Model service 4 input queue is empty, waiting for next request
[2026-08-22 14:00:30.916 Model_Service_1] Model service 1 input queue is empty, waiting for next request
[2026-08-22 14:00:30.950 Model_Service_3] Model service 3 input queue is empty, waiting for next request
[2026-08-22 14:00:30.998 Model_Service_0] Model service 0 input queue is empty, waiting for next request
[2026-08-22 14:00:31.037 Model_Service_5] Model service 5 input queue is empty, waiting for next request
[2026-08-22 14:00:32.402 Model_Service_2] Model service 2 input queue is empty, waiting for next request
[2026-08-22 14:00:32.555 Model_Service_4] Model service 4 input queue is empty, waiting for next request
[2026-08-22 14:00:36.186 Model_Service_1] Model service 1 input queue is empty, waiting for next request
[2026-08-22 14:00:36.246 Model_Service_3] Model service 3 input queue is empty, waiting for next request
[2026-08-22 14:00:36.272 Model_Service_0] Model service 0 input queue is empty, waiting for next request
[2026-08-22 14:00:36.306 Model_Service_5] Model service 5 input queue is empty, waiting for next request
[2026-08-22 14:00:37.713 Model_Service_2] Model service 2 input queue is empty, waiting for next request
[2026-08-22 14:00:37.806 Model_Service_4] Model service 4 input queue is empty, waiting for next request
[2026-08-22 14:00:41.468 Model_Service_1] Model service 1 input queue is empty, waiting for next request
[2026-08-22 14:00:41.496 Model_Service_3] Model service 3 input queue is empty, waiting for next request
[2026-08-22 14:00:41.558 Model_Service_5] Model service 5 input queue is empty, waiting for next request
[2026-08-22 14:00:41.605 Model_Service_0] Model service 0 input queue is empty, waiting for next request
[2026-08-22 14:00:42.959 Model_Service_2] Model service 2 input queue is empty, waiting for next request
[2026-08-22 14:00:43.110 Model_Service_4] Model service 4 input queue is empty, waiting for next request
[2026-08-22 14:00:46.784 Model_Service_1] Model service 1 input queue is empty, waiting for next request
[2026-08-22 14:00:46.795 Model_Service_3] Model service 3 input queue is empty, waiting for next request
[2026-08-22 14:00:46.814 Model_Service_5] Model service 5 input queue is empty, waiting for next request
[2026-08-22 14:00:46.858 Model_Service_0] Model service 0 input queue is empty, waiting for next request
[2026-08-22 14:00:48.253 Model_Service_2] Model service 2 input queue is empty, waiting for next request
[2026-08-22 14:00:48.350 Model_Service_4] Model service 4 input queue is empty, waiting for next request
[2026-08-22 14:00:52.052 Model_Service_1] Model service 1 input queue is empty, waiting for next request
[2026-08-22 14:00:52.073 Model_Service_5] Model service 5 input queue is empty, waiting for next request
[2026-08-22 14:00:52.083 Model_Service_3] Model service 3 input queue is empty, waiting for next request
[2026-08-22 14:00:52.137 Model_Service_0] Model service 0 input queue is empty, waiting for next request
[2026-08-22 14:00:53.565 Model_Service_2] Model service 2 input queue is empty, waiting for next request
[2026-08-22 14:00:53.600 Model_Service_4] Model service 4 input queue is empty, waiting for next request
[2026-08-22 14:00:57.312 Model_Service_1] Model service 1 input queue is empty, waiting for next request
[2026-08-22 14:00:57.330 Model_Service_3] Model service 3 input queue is empty, waiting for next request
[2026-08-22 14:00:57.378 Model_Service_5] Model service 5 input queue is empty, waiting for next request
[2026-08-22 14:00:57.442 Model_Service_0] Model service 0 input queue is empty, waiting for next request
[2026-08-22 14:00:58.825 Model_Service_2] Model service 2 input queue is empty, waiting for next request
[2026-08-22 14:00:58.845 Model_Service_4] Model service 4 input queue is empty, waiting for next request
[2026-08-22 14:01:02.602 Model_Service_3] Model service 3 input queue is empty, waiting for next request
[2026-08-22 14:01:02.602 Model_Service_1] Model service 1 input queue is empty, waiting for next request
[2026-08-22 14:01:02.649 Model_Service_5] Model service 5 input queue is empty, waiting for next request
[2026-08-22 14:01:02.703 Model_Service_0] Model service 0 input queue is empty, waiting for next request
[2026-08-22 14:01:04.074 Model_Service_2] Model service 2 input queue is empty, waiting for next request
[2026-08-22 14:01:04.096 Model_Service_4] Model service 4 input queue is empty, waiting for next request
[2026-08-22 14:01:07.893 Model_Service_3] Model service 3 input queue is empty, waiting for next request
[2026-08-22 14:01:07.907 Model_Service_5] Model service 5 input queue is empty, waiting for next request
[2026-08-22 14:01:07.916 Model_Service_1] Model service 1 input queue is empty, waiting for next request
[2026-08-22 14:01:08.014 Model_Service_0] Model service 0 input queue is empty, waiting for next request
[2026-08-22 14:01:09.353 Model_Service_2] Model service 2 input queue is empty, waiting for next request
[2026-08-22 14:01:09.365 Model_Service_4] Model service 4 input queue is empty, waiting for next request
[2026-08-22 14:01:13.163 Model_Service_3] Model service 3 input queue is empty, waiting for next request
[2026-08-22 14:01:13.168 Model_Service_5] Model service 5 input queue is empty, waiting for next request
[2026-08-22 14:01:13.177 Model_Service_1] Model service 1 input queue is empty, waiting for next request
[2026-08-22 14:01:13.270 Model_Service_0] Model service 0 input queue is empty, waiting for next request
[2026-08-22 14:01:14.620 Model_Service_4] Model service 4 input queue is empty, waiting for next request
[2026-08-22 14:01:14.655 Model_Service_2] Model service 2 input queue is empty, waiting for next request
[2026-08-22 14:01:18.409 Model_Service_3] Model service 3 input queue is empty, waiting for next request
[2026-08-22 14:01:18.429 Model_Service_5] Model service 5 input queue is empty, waiting for next request
[2026-08-22 14:01:18.437 Model_Service_1] Model service 1 input queue is empty, waiting for next request
[2026-08-22 14:01:18.541 Model_Service_0] Model service 0 input queue is empty, waiting for next request
[2026-08-22 14:01:19.906 Model_Service_2] Model service 2 input queue is empty, waiting for next request
[2026-08-22 14:01:19.915 Model_Service_4] Model service 4 input queue is empty, waiting for next request
[2026-08-22 14:01:23.658 Model_Service_3] Model service 3 input queue is empty, waiting for next request
[2026-08-22 14:01:23.690 Model_Service_5] Model service 5 input queue is empty, waiting for next request
[2026-08-22 14:01:23.699 Model_Service_1] Model service 1 input queue is empty, waiting for next request
[2026-08-22 14:01:23.816 Model_Service_0] Model service 0 input queue is empty, waiting for next request
[2026-08-22 14:01:25.159 Model_Service_2] Model service 2 input queue is empty, waiting for next request
[2026-08-22 14:01:25.166 Model_Service_4] Model service 4 input queue is empty, waiting for next request
[2026-08-22 14:01:26.775 Model_Service_4] [PAPER-KV-V6] clear meta-llama/Llama-3.2-1B dropped=0
[2026-08-22 14:01:26.865 Model_Service_4] Model key: meta-llama/Llama-3.2-1B, engine id: 1_3, target gpu id: 1
[2026-08-22 14:01:27.062 Model_Service_4] [PAPER-LOAD-V4] {"tag": "meta-llama/Llama-3.2-1B|engine=1_3|src=0", "start_time": 1787407286.8674176, "end_time": 1787407287.0625844, "policy": "paper", "split": 2, "pipeline_depth": null, "target_gpu": 1, "gpu_ids": [0, 1], "source": "gpu", "host_registered": true, "slices": 198, "payload_bytes": 2996965376, "bytes_h2d_direct": 0, "bytes_h2d_helper": 0, "bytes_p2p": 2996965376, "seconds": 0.19516606000252068, "payload_gbps": 15.355976218207676, "transfer_path": "gpu-to-gpu-p2p"}
[2026-08-22 14:01:27.296 Model_Service_4] Time taken to copy model to GPU 1, service 4, engine 1_3, model meta-llama/Llama-3.2-1B: 0.4310 seconds
[2026-08-22 14:01:28.938 Model_Service_3] Model service 3 input queue is empty, waiting for next request
[2026-08-22 14:01:28.952 Model_Service_5] Model service 5 input queue is empty, waiting for next request
[2026-08-22 14:01:28.993 Model_Service_1] Model service 1 input queue is empty, waiting for next request
[2026-08-22 14:01:29.122 Model_Service_0] Model service 0 input queue is empty, waiting for next request
[2026-08-22 14:01:29.669 Model_Service_4] [PAPER-KV-V6] relay-clone meta-llama/Llama-3.2-1B (14 requests)
[2026-08-22 14:01:29.670 Model_Service_4] [PAPER-KV-V6] stash meta-llama/Llama-3.2-1B from gpu 0 (14 requests)
[2026-08-22 14:01:30.233 Model_Service_4] [PAPER-LOAD-V4] release meta-llama/Llama-3.2-1B gpu 0 engine=0_0 held=1 held_engine=1_3 dropped=False
[2026-08-22 14:01:30.410 Model_Service_2] Model service 2 input queue is empty, waiting for next request
[2026-08-22 14:01:31.112 Model_Service_4] [PAPER-KV-V6] fetch meta-llama/Llama-3.2-1B -> 14 requests
[2026-08-22 14:01:34.207 Model_Service_5] Model service 5 input queue is empty, waiting for next request
[2026-08-22 14:01:34.213 Model_Service_3] Model service 3 input queue is empty, waiting for next request
[2026-08-22 14:01:34.288 Model_Service_1] Model service 1 input queue is empty, waiting for next request
[2026-08-22 14:01:34.362 Model_Service_0] Model service 0 input queue is empty, waiting for next request
[2026-08-22 14:01:35.682 Model_Service_2] Model service 2 input queue is empty, waiting for next request
[2026-08-22 14:01:36.114 Model_Service_4] Model service 4 input queue is empty, waiting for next request
[2026-08-22 14:01:39.463 Model_Service_5] Model service 5 input queue is empty, waiting for next request
[2026-08-22 14:01:39.473 Model_Service_3] Model service 3 input queue is empty, waiting for next request
[2026-08-22 14:01:39.545 Model_Service_1] Model service 1 input queue is empty, waiting for next request
[2026-08-22 14:01:39.605 Model_Service_0] Model service 0 input queue is empty, waiting for next request
[2026-08-22 14:01:40.969 Model_Service_2] Model service 2 input queue is empty, waiting for next request
[2026-08-22 14:01:41.351 Model_Service_4] Model service 4 input queue is empty, waiting for next request
[2026-08-22 14:01:44.719 Model_Service_3] Model service 3 input queue is empty, waiting for next request
[2026-08-22 14:01:44.724 Model_Service_5] Model service 5 input queue is empty, waiting for next request
[2026-08-22 14:01:44.795 Model_Service_1] Model service 1 input queue is empty, waiting for next request
[2026-08-22 14:01:44.874 Model_Service_0] Model service 0 input queue is empty, waiting for next request
[2026-08-22 14:01:46.220 Model_Service_2] Model service 2 input queue is empty, waiting for next request
[2026-08-22 14:01:46.605 Model_Service_4] Model service 4 input queue is empty, waiting for next request
[2026-08-22 14:01:49.967 Model_Service_3] Model service 3 input queue is empty, waiting for next request
[2026-08-22 14:01:49.983 Model_Service_5] Model service 5 input queue is empty, waiting for next request
[2026-08-22 14:01:50.053 Model_Service_1] Model service 1 input queue is empty, waiting for next request
[2026-08-22 14:01:50.166 Model_Service_0] Model service 0 input queue is empty, waiting for next request
[2026-08-22 14:01:51.461 Model_Service_2] Model service 2 input queue is empty, waiting for next request
[2026-08-22 14:01:51.846 Model_Service_4] Model service 4 input queue is empty, waiting for next request
[2026-08-22 14:01:53.466 Model_Service_2] [PAPER-KV-V6] relay-clone Qwen/Qwen2.5-7B-Instruct (0 requests)
[2026-08-22 14:01:53.467 Model_Service_2] [PAPER-KV-V6] stash Qwen/Qwen2.5-7B-Instruct from gpu 1 (0 requests)
[2026-08-22 14:01:53.950 Model_Service_2] [PAPER-LOAD-V4] release Qwen/Qwen2.5-7B-Instruct gpu 1 engine=1_2 held=1 held_engine=1_2 dropped=True
[2026-08-22 14:01:55.205 Model_Service_3] Model service 3 input queue is empty, waiting for next request
[2026-08-22 14:01:55.239 Model_Service_5] Model service 5 input queue is empty, waiting for next request
[2026-08-22 14:01:55.302 Model_Service_1] Model service 1 input queue is empty, waiting for next request
[2026-08-22 14:01:55.423 Model_Service_0] Model service 0 input queue is empty, waiting for next request
[2026-08-22 14:01:57.086 Model_Service_4] Model service 4 input queue is empty, waiting for next request
[2026-08-22 14:01:58.492 Model_Service_1] [PAPER-KV-V6] clear Qwen/Qwen2.5-3B-Instruct dropped=0
[2026-08-22 14:01:58.956 Model_Service_2] Model service 2 input queue is empty, waiting for next request
[2026-08-22 14:01:59.510 Model_Service_1] Model key: Qwen/Qwen2.5-3B-Instruct, engine id: 1_2, target gpu id: 1
[2026-08-22 14:01:59.938 Model_Service_1] [PAPER-LOAD-V4] {"tag": "Qwen/Qwen2.5-3B-Instruct|engine=1_2|src=0", "start_time": 1787407319.5139935, "end_time": 1787407319.9379141, "policy": "paper", "split": 2, "pipeline_depth": null, "target_gpu": 1, "gpu_ids": [0, 1], "source": "gpu", "host_registered": true, "slices": 510, "payload_bytes": 6794207232, "bytes_h2d_direct": 0, "bytes_h2d_helper": 0, "bytes_p2p": 6794207232, "seconds": 0.4239189550280571, "payload_gbps": 16.027137148303087, "transfer_path": "gpu-to-gpu-p2p"}
[2026-08-22 14:02:00.243 Model_Service_1] Time taken to copy model to GPU 1, service 1, engine 1_2, model Qwen/Qwen2.5-3B-Instruct: 0.7327 seconds
[2026-08-22 14:02:00.477 Model_Service_3] Model service 3 input queue is empty, waiting for next request
[2026-08-22 14:02:00.499 Model_Service_5] Model service 5 input queue is empty, waiting for next request
[2026-08-22 14:02:00.670 Model_Service_0] Model service 0 input queue is empty, waiting for next request
[2026-08-22 14:02:02.238 Model_Service_1] [PAPER-KV-V6] relay-clone Qwen/Qwen2.5-3B-Instruct (22 requests)
[2026-08-22 14:02:02.238 Model_Service_1] [PAPER-KV-V6] stash Qwen/Qwen2.5-3B-Instruct from gpu 0 (22 requests)
[2026-08-22 14:02:02.382 Model_Service_4] Model service 4 input queue is empty, waiting for next request
[2026-08-22 14:02:02.675 Model_Service_1] [PAPER-LOAD-V4] release Qwen/Qwen2.5-3B-Instruct gpu 0 engine=0_1 held=1 held_engine=1_2 dropped=False
[2026-08-22 14:02:02.796 Model_Service_1] [PAPER-KV-V6] fetch Qwen/Qwen2.5-3B-Instruct -> 22 requests
[2026-08-22 14:02:04.257 Model_Service_2] Model service 2 input queue is empty, waiting for next request
[2026-08-22 14:02:05.719 Model_Service_3] Model service 3 input queue is empty, waiting for next request
[2026-08-22 14:02:05.734 Model_Service_5] Model service 5 input queue is empty, waiting for next request
[2026-08-22 14:02:05.914 Model_Service_0] Model service 0 input queue is empty, waiting for next request
[2026-08-22 14:02:07.643 Model_Service_4] Model service 4 input queue is empty, waiting for next request
[2026-08-22 14:02:07.802 Model_Service_1] Model service 1 input queue is empty, waiting for next request
[2026-08-22 14:02:09.534 Model_Service_2] Model service 2 input queue is empty, waiting for next request
[2026-08-22 14:02:10.973 Model_Service_5] Model service 5 input queue is empty, waiting for next request
[2026-08-22 14:02:11.013 Model_Service_3] Model service 3 input queue is empty, waiting for next request
[2026-08-22 14:02:11.186 Model_Service_0] Model service 0 input queue is empty, waiting for next request
[2026-08-22 14:02:12.884 Model_Service_4] Model service 4 input queue is empty, waiting for next request
[2026-08-22 14:02:13.078 Model_Service_1] Model service 1 input queue is empty, waiting for next request
[2026-08-22 14:02:14.812 Model_Service_2] Model service 2 input queue is empty, waiting for next request
[2026-08-22 14:02:16.241 Model_Service_5] Model service 5 input queue is empty, waiting for next request
[2026-08-22 14:02:16.255 Model_Service_3] Model service 3 input queue is empty, waiting for next request
[2026-08-22 14:02:16.482 Model_Service_0] Model service 0 input queue is empty, waiting for next request
[2026-08-22 14:02:18.132 Model_Service_4] Model service 4 input queue is empty, waiting for next request
[2026-08-22 14:02:18.399 Model_Service_1] Model service 1 input queue is empty, waiting for next request
[2026-08-22 14:02:20.122 Model_Service_2] Model service 2 input queue is empty, waiting for next request
[2026-08-22 14:02:20.721 Model_Service_2] Model key: Qwen/Qwen2.5-7B-Instruct, engine id: 0_3, target gpu id: 0
[2026-08-22 14:02:21.215 Model_Service_2] [PAPER-LOAD-V4] {"tag": "Qwen/Qwen2.5-7B-Instruct|engine=0_3|src=None", "start_time": 1787407340.7254274, "end_time": 1787407341.215106, "policy": "paper", "split": 2, "pipeline_depth": null, "target_gpu": 0, "gpu_ids": [0, 1], "source": "cpu", "host_registered": true, "slices": 398, "payload_bytes": 15231233024, "bytes_h2d_direct": 7615616512, "bytes_h2d_helper": 7615616512, "bytes_p2p": 7615616512, "seconds": 0.489677214063704, "payload_gbps": 31.104639110323212, "transfer_path": "host-to-device + helper-gpu-p2p"}
[2026-08-22 14:02:21.217 Model_Service_2] Time taken to copy model to GPU 0, service 2, engine 0_3, model Qwen/Qwen2.5-7B-Instruct: 0.4957 seconds
[2026-08-22 14:02:21.492 Model_Service_5] Model service 5 input queue is empty, waiting for next request
[2026-08-22 14:02:21.499 Model_Service_3] Model service 3 input queue is empty, waiting for next request
[2026-08-22 14:02:21.722 Model_Service_0] Model service 0 input queue is empty, waiting for next request
[2026-08-22 14:02:21.821 Model_Service_2] [PAPER-KV-V6] fetch Qwen/Qwen2.5-7B-Instruct -> 0 requests
[2026-08-22 14:02:23.378 Model_Service_4] Model service 4 input queue is empty, waiting for next request
[2026-08-22 14:02:23.648 Model_Service_1] Model service 1 input queue is empty, waiting for next request
[2026-08-22 14:02:26.739 Model_Service_5] Model service 5 input queue is empty, waiting for next request
[2026-08-22 14:02:26.747 Model_Service_3] Model service 3 input queue is empty, waiting for next request
[2026-08-22 14:02:26.826 Model_Service_2] Model service 2 input queue is empty, waiting for next request
[2026-08-22 14:02:26.965 Model_Service_0] Model service 0 input queue is empty, waiting for next request
[2026-08-22 14:02:28.621 Model_Service_4] Model service 4 input queue is empty, waiting for next request
[2026-08-22 14:02:28.975 Model_Service_1] Model service 1 input queue is empty, waiting for next request
[2026-08-22 14:02:31.982 Model_Service_5] Model service 5 input queue is empty, waiting for next request
[2026-08-22 14:02:31.990 Model_Service_3] Model service 3 input queue is empty, waiting for next request
[2026-08-22 14:02:32.092 Model_Service_2] Model service 2 input queue is empty, waiting for next request
[2026-08-22 14:02:32.215 Model_Service_0] Model service 0 input queue is empty, waiting for next request
[2026-08-22 14:02:33.861 Model_Service_4] Model service 4 input queue is empty, waiting for next request
[2026-08-22 14:02:34.237 Model_Service_1] Model service 1 input queue is empty, waiting for next request
[2026-08-22 14:02:35.054 Model_Service_1] [PAPER-KV-V6] clear Qwen/Qwen2.5-3B-Instruct dropped=0
[2026-08-22 14:02:35.827 Model_Service_1] Model key: Qwen/Qwen2.5-3B-Instruct, engine id: 0_0, target gpu id: 0
[2026-08-22 14:02:36.420 Model_Service_1] [PAPER-LOAD-V4] {"tag": "Qwen/Qwen2.5-3B-Instruct|engine=0_0|src=1", "start_time": 1787407355.8647115, "end_time": 1787407356.4205637, "policy": "paper", "split": 2, "pipeline_depth": null, "target_gpu": 0, "gpu_ids": [0, 1], "source": "gpu", "host_registered": true, "slices": 510, "payload_bytes": 6794207232, "bytes_h2d_direct": 0, "bytes_h2d_helper": 0, "bytes_p2p": 6794207232, "seconds": 0.5558502918574959, "payload_gbps": 12.223088359449562, "transfer_path": "gpu-to-gpu-p2p"}
[2026-08-22 14:02:36.676 Model_Service_1] Time taken to copy model to GPU 0, service 1, engine 0_0, model Qwen/Qwen2.5-3B-Instruct: 0.8493 seconds
[2026-08-22 14:02:37.228 Model_Service_5] Model service 5 input queue is empty, waiting for next request
[2026-08-22 14:02:37.230 Model_Service_3] Model service 3 input queue is empty, waiting for next request
[2026-08-22 14:02:37.420 Model_Service_2] Model service 2 input queue is empty, waiting for next request
[2026-08-22 14:02:37.454 Model_Service_0] Model service 0 input queue is empty, waiting for next request
[2026-08-22 14:02:39.095 Model_Service_4] Model service 4 input queue is empty, waiting for next request
[2026-08-22 14:02:40.373 Model_Service_1] [PAPER-KV-V6] relay-clone Qwen/Qwen2.5-3B-Instruct (51 requests)
[2026-08-22 14:02:40.373 Model_Service_1] [PAPER-KV-V6] stash Qwen/Qwen2.5-3B-Instruct from gpu 1 (51 requests)
[2026-08-22 14:02:41.742 Model_Service_1] [PAPER-LOAD-V4] release Qwen/Qwen2.5-3B-Instruct gpu 1 engine=1_2 held=0 held_engine=0_0 dropped=False
[2026-08-22 14:02:42.478 Model_Service_5] Model service 5 input queue is empty, waiting for next request
[2026-08-22 14:02:42.509 Model_Service_3] Model service 3 input queue is empty, waiting for next request
[2026-08-22 14:02:42.675 Model_Service_2] Model service 2 input queue is empty, waiting for next request
[2026-08-22 14:02:42.730 Model_Service_0] Model service 0 input queue is empty, waiting for next request
[2026-08-22 14:02:43.217 Model_Service_1] [PAPER-KV-V6] fetch Qwen/Qwen2.5-3B-Instruct -> 51 requests
[2026-08-22 14:02:44.335 Model_Service_4] Model service 4 input queue is empty, waiting for next request
[2026-08-22 14:02:47.752 Model_Service_3] Model service 3 input queue is empty, waiting for next request
[2026-08-22 14:02:47.770 Model_Service_5] Model service 5 input queue is empty, waiting for next request
[2026-08-22 14:02:47.946 Model_Service_2] Model service 2 input queue is empty, waiting for next request
[2026-08-22 14:02:47.985 Model_Service_0] Model service 0 input queue is empty, waiting for next request
[2026-08-22 14:02:48.224 Model_Service_1] Model service 1 input queue is empty, waiting for next request
[2026-08-22 14:02:49.605 Model_Service_4] Model service 4 input queue is empty, waiting for next request
[2026-08-22 14:02:53.016 Model_Service_5] Model service 5 input queue is empty, waiting for next request
[2026-08-22 14:02:53.041 Model_Service_3] Model service 3 input queue is empty, waiting for next request
[2026-08-22 14:02:53.256 Model_Service_2] Model service 2 input queue is empty, waiting for next request
[2026-08-22 14:02:53.270 Model_Service_0] Model service 0 input queue is empty, waiting for next request
[2026-08-22 14:02:54.842 Model_Service_4] Model service 4 input queue is empty, waiting for next request
[2026-08-22 14:02:55.112 Model_Service_1] Model service 1 input queue is empty, waiting for next request
[2026-08-22 14:02:58.256 Model_Service_5] Model service 5 input queue is empty, waiting for next request
[2026-08-22 14:02:58.285 Model_Service_3] Model service 3 input queue is empty, waiting for next request
[2026-08-22 14:02:58.524 Model_Service_2] Model service 2 input queue is empty, waiting for next request
[2026-08-22 14:02:58.527 Model_Service_0] Model service 0 input queue is empty, waiting for next request
[2026-08-22 14:03:00.086 Model_Service_4] Model service 4 input queue is empty, waiting for next request
[2026-08-22 14:03:00.426 Model_Service_1] Model service 1 input queue is empty, waiting for next request
[2026-08-22 14:03:03.498 Model_Service_5] Model service 5 input queue is empty, waiting for next request
[2026-08-22 14:03:03.527 Model_Service_3] Model service 3 input queue is empty, waiting for next request
[2026-08-22 14:03:03.768 Model_Service_2] Model service 2 input queue is empty, waiting for next request
[2026-08-22 14:03:03.780 Model_Service_0] Model service 0 input queue is empty, waiting for next request
[2026-08-22 14:03:05.362 Model_Service_4] Model service 4 input queue is empty, waiting for next request
[2026-08-22 14:03:05.673 Model_Service_1] Model service 1 input queue is empty, waiting for next request
[2026-08-22 14:03:07.407 Model_Service_0] [PAPER-KV-V6] relay-clone Qwen/Qwen2.5-1.5B-Instruct (0 requests)
[2026-08-22 14:03:07.408 Model_Service_0] [PAPER-KV-V6] stash Qwen/Qwen2.5-1.5B-Instruct from gpu 1 (0 requests)
[2026-08-22 14:03:08.740 Model_Service_5] Model service 5 input queue is empty, waiting for next request
[2026-08-22 14:03:08.766 Model_Service_3] Model service 3 input queue is empty, waiting for next request
[2026-08-22 14:03:08.779 Model_Service_0] [PAPER-LOAD-V4] release Qwen/Qwen2.5-1.5B-Instruct gpu 1 engine=1_0 held=1 held_engine=1_0 dropped=True
[2026-08-22 14:03:09.036 Model_Service_2] Model service 2 input queue is empty, waiting for next request
[2026-08-22 14:03:10.615 Model_Service_4] Model service 4 input queue is empty, waiting for next request
[2026-08-22 14:03:10.929 Model_Service_1] Model service 1 input queue is empty, waiting for next request
[2026-08-22 14:03:13.784 Model_Service_0] Model service 0 input queue is empty, waiting for next request
[2026-08-22 14:03:13.983 Model_Service_5] Model service 5 input queue is empty, waiting for next request
[2026-08-22 14:03:14.018 Model_Service_3] Model service 3 input queue is empty, waiting for next request
[2026-08-22 14:03:14.348 Model_Service_2] Model service 2 input queue is empty, waiting for next request
[2026-08-22 14:03:15.848 Model_Service_4] Model service 4 input queue is empty, waiting for next request
[2026-08-22 14:03:16.206 Model_Service_1] Model service 1 input queue is empty, waiting for next request
[2026-08-22 14:03:18.653 Model_Service_0] Model key: Qwen/Qwen2.5-1.5B-Instruct, engine id: 1_2, target gpu id: 1
[2026-08-22 14:03:18.990 Model_Service_0] [PAPER-LOAD-V4] {"tag": "Qwen/Qwen2.5-1.5B-Instruct|engine=1_2|src=None", "start_time": 1787407398.6574209, "end_time": 1787407398.9898221, "policy": "paper", "split": 2, "pipeline_depth": null, "target_gpu": 1, "gpu_ids": [0, 1], "source": "cpu", "host_registered": true, "slices": 398, "payload_bytes": 3554176000, "bytes_h2d_direct": 1777088000, "bytes_h2d_helper": 1777088000, "bytes_p2p": 1777088000, "seconds": 0.3324002691078931, "payload_gbps": 10.692458250827581, "transfer_path": "host-to-device + helper-gpu-p2p"}
[2026-08-22 14:03:18.992 Model_Service_0] Time taken to copy model to GPU 1, service 0, engine 1_2, model Qwen/Qwen2.5-1.5B-Instruct: 0.3382 seconds
[2026-08-22 14:03:19.229 Model_Service_5] Model service 5 input queue is empty, waiting for next request
[2026-08-22 14:03:19.261 Model_Service_3] Model service 3 input queue is empty, waiting for next request
[2026-08-22 14:03:19.611 Model_Service_2] Model service 2 input queue is empty, waiting for next request
[2026-08-22 14:03:20.102 Model_Service_0] [PAPER-KV-V6] fetch Qwen/Qwen2.5-1.5B-Instruct -> 0 requests
[2026-08-22 14:03:21.087 Model_Service_4] Model service 4 input queue is empty, waiting for next request
[2026-08-22 14:03:21.508 Model_Service_1] Model service 1 input queue is empty, waiting for next request
[2026-08-22 14:03:24.475 Model_Service_5] Model service 5 input queue is empty, waiting for next request
[2026-08-22 14:03:24.502 Model_Service_3] Model service 3 input queue is empty, waiting for next request
[2026-08-22 14:03:24.862 Model_Service_2] Model service 2 input queue is empty, waiting for next request
[2026-08-22 14:03:25.106 Model_Service_0] Model service 0 input queue is empty, waiting for next request
[2026-08-22 14:03:26.325 Model_Service_4] Model service 4 input queue is empty, waiting for next request
[2026-08-22 14:03:26.761 Model_Service_1] Model service 1 input queue is empty, waiting for next request
[2026-08-22 14:03:29.721 Model_Service_5] Model service 5 input queue is empty, waiting for next request
[2026-08-22 14:03:29.761 Model_Service_3] Model service 3 input queue is empty, waiting for next request
[2026-08-22 14:03:30.093 Model_Service_2] Model service 2 input queue is empty, waiting for next request
[2026-08-22 14:03:30.369 Model_Service_0] Model service 0 input queue is empty, waiting for next request
[2026-08-22 14:03:31.571 Model_Service_4] Model service 4 input queue is empty, waiting for next request
[2026-08-22 14:03:32.006 Model_Service_1] Model service 1 input queue is empty, waiting for next request
[2026-08-22 14:03:34.959 Model_Service_5] Model service 5 input queue is empty, waiting for next request
[2026-08-22 14:03:35.027 Model_Service_3] Model service 3 input queue is empty, waiting for next request
[2026-08-22 14:03:35.359 Model_Service_2] Model service 2 input queue is empty, waiting for next request
[2026-08-22 14:03:35.683 Model_Service_0] Model service 0 input queue is empty, waiting for next request
[2026-08-22 14:03:36.811 Model_Service_4] Model service 4 input queue is empty, waiting for next request
[2026-08-22 14:03:37.256 Model_Service_1] Model service 1 input queue is empty, waiting for next request
[2026-08-22 14:03:40.204 Model_Service_5] Model service 5 input queue is empty, waiting for next request
[2026-08-22 14:03:40.269 Model_Service_3] Model service 3 input queue is empty, waiting for next request
[2026-08-22 14:03:40.606 Model_Service_2] Model service 2 input queue is empty, waiting for next request
[2026-08-22 14:03:40.930 Model_Service_0] Model service 0 input queue is empty, waiting for next request
[2026-08-22 14:03:42.056 Model_Service_4] Model service 4 input queue is empty, waiting for next request
[2026-08-22 14:03:42.499 Model_Service_1] Model service 1 input queue is empty, waiting for next request
[2026-08-22 14:03:43.677 Model_Service_1] [PAPER-KV-V6] clear Qwen/Qwen2.5-3B-Instruct dropped=0
[2026-08-22 14:03:43.988 Model_Service_1] Model key: Qwen/Qwen2.5-3B-Instruct, engine id: 1_0, target gpu id: 1
[2026-08-22 14:03:44.434 Model_Service_1] [PAPER-LOAD-V4] {"tag": "Qwen/Qwen2.5-3B-Instruct|engine=1_0|src=0", "start_time": 1787407424.0104787, "end_time": 1787407424.4338195, "policy": "paper", "split": 2, "pipeline_depth": null, "target_gpu": 1, "gpu_ids": [0, 1], "source": "gpu", "host_registered": true, "slices": 510, "payload_bytes": 6794207232, "bytes_h2d_direct": 0, "bytes_h2d_helper": 0, "bytes_p2p": 6794207232, "seconds": 0.4233385748229921, "payload_gbps": 16.0491097104506, "transfer_path": "gpu-to-gpu-p2p"}
[2026-08-22 14:03:44.742 Model_Service_1] Time taken to copy model to GPU 1, service 1, engine 1_0, model Qwen/Qwen2.5-3B-Instruct: 0.7534 seconds
[2026-08-22 14:03:45.441 Model_Service_5] Model service 5 input queue is empty, waiting for next request
[2026-08-22 14:03:45.551 Model_Service_3] Model service 3 input queue is empty, waiting for next request
[2026-08-22 14:03:45.601 Model_Service_1] [PAPER-KV-V6] relay-clone Qwen/Qwen2.5-3B-Instruct (16 requests)
[2026-08-22 14:03:45.601 Model_Service_1] [PAPER-KV-V6] stash Qwen/Qwen2.5-3B-Instruct from gpu 0 (16 requests)
[2026-08-22 14:03:45.906 Model_Service_2] Model service 2 input queue is empty, waiting for next request
[2026-08-22 14:03:46.259 Model_Service_0] Model service 0 input queue is empty, waiting for next request
[2026-08-22 14:03:46.991 Model_Service_1] [PAPER-LOAD-V4] release Qwen/Qwen2.5-3B-Instruct gpu 0 engine=0_0 held=1 held_engine=1_0 dropped=False
[2026-08-22 14:03:47.313 Model_Service_4] Model service 4 input queue is empty, waiting for next request
[2026-08-22 14:03:48.253 Model_Service_1] [PAPER-KV-V6] fetch Qwen/Qwen2.5-3B-Instruct -> 16 requests
[2026-08-22 14:03:50.687 Model_Service_5] Model service 5 input queue is empty, waiting for next request
[2026-08-22 14:03:50.804 Model_Service_3] Model service 3 input queue is empty, waiting for next request
[2026-08-22 14:03:51.142 Model_Service_2] Model service 2 input queue is empty, waiting for next request
[2026-08-22 14:03:51.509 Model_Service_0] Model service 0 input queue is empty, waiting for next request
[2026-08-22 14:03:52.550 Model_Service_4] Model service 4 input queue is empty, waiting for next request
[2026-08-22 14:03:53.262 Model_Service_1] Model service 1 input queue is empty, waiting for next request
[2026-08-22 14:03:55.927 Model_Service_5] Model service 5 input queue is empty, waiting for next request
[2026-08-22 14:03:56.049 Model_Service_3] Model service 3 input queue is empty, waiting for next request
[2026-08-22 14:03:56.378 Model_Service_2] Model service 2 input queue is empty, waiting for next request
[2026-08-22 14:03:56.766 Model_Service_0] Model service 0 input queue is empty, waiting for next request
[2026-08-22 14:03:57.780 Model_Service_4] Model service 4 input queue is empty, waiting for next request
[2026-08-22 14:03:58.715 Model_Service_1] Model service 1 input queue is empty, waiting for next request
[2026-08-22 14:04:01.167 Model_Service_5] Model service 5 input queue is empty, waiting for next request
[2026-08-22 14:04:01.291 Model_Service_3] Model service 3 input queue is empty, waiting for next request
[2026-08-22 14:04:01.622 Model_Service_2] Model service 2 input queue is empty, waiting for next request
[2026-08-22 14:04:02.073 Model_Service_0] Model service 0 input queue is empty, waiting for next request
[2026-08-22 14:04:03.016 Model_Service_4] Model service 4 input queue is empty, waiting for next request
[2026-08-22 14:04:04.047 Model_Service_1] Model service 1 input queue is empty, waiting for next request
[2026-08-22 14:04:06.409 Model_Service_5] Model service 5 input queue is empty, waiting for next request
[2026-08-22 14:04:06.529 Model_Service_3] Model service 3 input queue is empty, waiting for next request
[2026-08-22 14:04:06.897 Model_Service_2] Model service 2 input queue is empty, waiting for next request
[2026-08-22 14:04:07.352 Model_Service_0] Model service 0 input queue is empty, waiting for next request
[2026-08-22 14:04:08.297 Model_Service_4] Model service 4 input queue is empty, waiting for next request
[2026-08-22 14:04:09.300 Model_Service_1] Model service 1 input queue is empty, waiting for next request
[2026-08-22 14:04:11.649 Model_Service_5] Model service 5 input queue is empty, waiting for next request
[2026-08-22 14:04:11.766 Model_Service_3] Model service 3 input queue is empty, waiting for next request
[2026-08-22 14:04:12.398 Model_Service_2] Model service 2 input queue is empty, waiting for next request
[2026-08-22 14:04:12.626 Model_Service_0] Model service 0 input queue is empty, waiting for next request
[2026-08-22 14:04:13.533 Model_Service_4] Model service 4 input queue is empty, waiting for next request
[2026-08-22 14:04:14.626 Model_Service_1] Model service 1 input queue is empty, waiting for next request
[2026-08-22 14:04:16.894 Model_Service_5] Model service 5 input queue is empty, waiting for next request
[2026-08-22 14:04:17.024 Model_Service_3] Model service 3 input queue is empty, waiting for next request
[2026-08-22 14:04:17.638 Model_Service_2] Model service 2 input queue is empty, waiting for next request
[2026-08-22 14:04:17.933 Model_Service_0] Model service 0 input queue is empty, waiting for next request
[2026-08-22 14:04:18.774 Model_Service_4] Model service 4 input queue is empty, waiting for next request
[2026-08-22 14:04:19.899 Model_Service_1] Model service 1 input queue is empty, waiting for next request
[2026-08-22 14:04:22.147 Model_Service_5] Model service 5 input queue is empty, waiting for next request
[2026-08-22 14:04:22.264 Model_Service_3] Model service 3 input queue is empty, waiting for next request
[2026-08-22 14:04:22.939 Model_Service_2] Model service 2 input queue is empty, waiting for next request
[2026-08-22 14:04:23.178 Model_Service_0] Model service 0 input queue is empty, waiting for next request
[2026-08-22 14:04:24.013 Model_Service_4] Model service 4 input queue is empty, waiting for next request
[2026-08-22 14:04:25.150 Model_Service_1] Model service 1 input queue is empty, waiting for next request
[2026-08-22 14:04:27.387 Model_Service_5] Model service 5 input queue is empty, waiting for next request
[2026-08-22 14:04:27.503 Model_Service_3] Model service 3 input queue is empty, waiting for next request
[2026-08-22 14:04:28.204 Model_Service_2] Model service 2 input queue is empty, waiting for next request
[2026-08-22 14:04:28.448 Model_Service_0] Model service 0 input queue is empty, waiting for next request
[2026-08-22 14:04:29.311 Model_Service_4] Model service 4 input queue is empty, waiting for next request
[2026-08-22 14:04:30.420 Model_Service_1] Model service 1 input queue is empty, waiting for next request
[2026-08-22 14:04:32.661 Model_Service_5] Model service 5 input queue is empty, waiting for next request
[2026-08-22 14:04:32.772 Model_Service_3] Model service 3 input queue is empty, waiting for next request
[2026-08-22 14:04:33.439 Model_Service_2] Model service 2 input queue is empty, waiting for next request
[2026-08-22 14:04:33.716 Model_Service_0] Model service 0 input queue is empty, waiting for next request
[2026-08-22 14:04:34.561 Model_Service_4] Model service 4 input queue is empty, waiting for next request
[2026-08-22 14:04:35.718 Model_Service_1] Model service 1 input queue is empty, waiting for next request
[2026-08-22 14:04:37.899 Model_Service_5] Model service 5 input queue is empty, waiting for next request
[2026-08-22 14:04:38.024 Model_Service_3] Model service 3 input queue is empty, waiting for next request
[2026-08-22 14:04:38.677 Model_Service_2] Model service 2 input queue is empty, waiting for next request
[2026-08-22 14:04:39.025 Model_Service_0] Model service 0 input queue is empty, waiting for next request
[2026-08-22 14:04:39.796 Model_Service_4] Model service 4 input queue is empty, waiting for next request
[2026-08-22 14:04:40.959 Model_Service_1] Model service 1 input queue is empty, waiting for next request
[2026-08-22 14:04:43.141 Model_Service_5] Model service 5 input queue is empty, waiting for next request
[2026-08-22 14:04:43.266 Model_Service_3] Model service 3 input queue is empty, waiting for next request
[2026-08-22 14:04:43.913 Model_Service_2] Model service 2 input queue is empty, waiting for next request
[2026-08-22 14:04:44.260 Model_Service_0] Model service 0 input queue is empty, waiting for next request
[2026-08-22 14:04:45.034 Model_Service_4] Model service 4 input queue is empty, waiting for next request
[2026-08-22 14:04:46.207 Model_Service_1] Model service 1 input queue is empty, waiting for next request
[2026-08-22 14:04:48.382 Model_Service_5] Model service 5 input queue is empty, waiting for next request
[2026-08-22 14:04:48.538 Model_Service_3] Model service 3 input queue is empty, waiting for next request
[2026-08-22 14:04:49.155 Model_Service_2] Model service 2 input queue is empty, waiting for next request
[2026-08-22 14:04:49.500 Model_Service_0] Model service 0 input queue is empty, waiting for next request
[2026-08-22 14:04:50.266 Model_Service_4] Model service 4 input queue is empty, waiting for next request
[2026-08-22 14:04:51.478 Model_Service_1] Model service 1 input queue is empty, waiting for next request
[2026-08-22 14:04:53.632 Model_Service_5] Model service 5 input queue is empty, waiting for next request
[2026-08-22 14:04:53.805 Model_Service_3] Model service 3 input queue is empty, waiting for next request
[2026-08-22 14:04:54.442 Model_Service_2] Model service 2 input queue is empty, waiting for next request
[2026-08-22 14:04:54.738 Model_Service_0] Model service 0 input queue is empty, waiting for next request
[2026-08-22 14:04:55.503 Model_Service_4] Model service 4 input queue is empty, waiting for next request
[2026-08-22 14:04:56.782 Model_Service_1] Model service 1 input queue is empty, waiting for next request
[2026-08-22 14:04:58.870 Model_Service_5] Model service 5 input queue is empty, waiting for next request
[2026-08-22 14:04:59.054 Model_Service_3] Model service 3 input queue is empty, waiting for next request
[2026-08-22 14:04:59.688 Model_Service_2] Model service 2 input queue is empty, waiting for next request
[2026-08-22 14:05:00.008 Model_Service_0] Model service 0 input queue is empty, waiting for next request
[2026-08-22 14:05:00.738 Model_Service_4] Model service 4 input queue is empty, waiting for next request
[2026-08-22 14:05:02.023 Model_Service_1] Model service 1 input queue is empty, waiting for next request
[2026-08-22 14:05:04.108 Model_Service_5] Model service 5 input queue is empty, waiting for next request
[2026-08-22 14:05:04.293 Model_Service_3] Model service 3 input queue is empty, waiting for next request
[2026-08-22 14:05:04.927 Model_Service_2] Model service 2 input queue is empty, waiting for next request
[2026-08-22 14:05:05.298 Model_Service_0] Model service 0 input queue is empty, waiting for next request
[2026-08-22 14:05:05.969 Model_Service_4] Model service 4 input queue is empty, waiting for next request
[2026-08-22 14:05:07.267 Model_Service_1] Model service 1 input queue is empty, waiting for next request
[2026-08-22 14:05:09.362 Model_Service_5] Model service 5 input queue is empty, waiting for next request
[2026-08-22 14:05:09.532 Model_Service_3] Model service 3 input queue is empty, waiting for next request
[2026-08-22 14:05:10.220 Model_Service_2] Model service 2 input queue is empty, waiting for next request
[2026-08-22 14:05:10.542 Model_Service_0] Model service 0 input queue is empty, waiting for next request
[2026-08-22 14:05:11.228 Model_Service_4] Model service 4 input queue is empty, waiting for next request
[2026-08-22 14:05:12.533 Model_Service_1] Model service 1 input queue is empty, waiting for next request
[2026-08-22 14:05:14.644 Model_Service_5] Model service 5 input queue is empty, waiting for next request
[2026-08-22 14:05:14.772 Model_Service_3] Model service 3 input queue is empty, waiting for next request
[2026-08-22 14:05:15.458 Model_Service_2] Model service 2 input queue is empty, waiting for next request
[2026-08-22 14:05:15.796 Model_Service_0] Model service 0 input queue is empty, waiting for next request
[2026-08-22 14:05:16.478 Model_Service_4] Model service 4 input queue is empty, waiting for next request
[2026-08-22 14:05:17.823 Model_Service_1] Model service 1 input queue is empty, waiting for next request
[2026-08-22 14:05:19.879 Model_Service_5] Model service 5 input queue is empty, waiting for next request
[2026-08-22 14:05:20.013 Model_Service_3] Model service 3 input queue is empty, waiting for next request
[2026-08-22 14:05:20.705 Model_Service_2] Model service 2 input queue is empty, waiting for next request
[2026-08-22 14:05:21.038 Model_Service_0] Model service 0 input queue is empty, waiting for next request
[2026-08-22 14:05:21.724 Model_Service_4] Model service 4 input queue is empty, waiting for next request
[2026-08-22 14:05:23.082 Model_Service_1] Model service 1 input queue is empty, waiting for next request
[2026-08-22 14:05:25.120 Model_Service_5] Model service 5 input queue is empty, waiting for next request
[2026-08-22 14:05:25.248 Model_Service_3] Model service 3 input queue is empty, waiting for next request
[2026-08-22 14:05:25.939 Model_Service_2] Model service 2 input queue is empty, waiting for next request
[2026-08-22 14:05:26.307 Model_Service_0] Model service 0 input queue is empty, waiting for next request
[2026-08-22 14:05:26.959 Model_Service_4] Model service 4 input queue is empty, waiting for next request
[2026-08-22 14:05:28.323 Model_Service_1] Model service 1 input queue is empty, waiting for next request
[2026-08-22 14:05:30.361 Model_Service_5] Model service 5 input queue is empty, waiting for next request
[2026-08-22 14:05:30.483 Model_Service_3] Model service 3 input queue is empty, waiting for next request
[2026-08-22 14:05:31.175 Model_Service_2] Model service 2 input queue is empty, waiting for next request
[2026-08-22 14:05:31.576 Model_Service_0] Model service 0 input queue is empty, waiting for next request
[2026-08-22 14:05:32.198 Model_Service_4] Model service 4 input queue is empty, waiting for next request
[2026-08-22 14:05:33.570 Model_Service_1] Model service 1 input queue is empty, waiting for next request
[2026-08-22 14:05:35.601 Model_Service_5] Model service 5 input queue is empty, waiting for next request
[2026-08-22 14:05:35.724 Model_Service_3] Model service 3 input queue is empty, waiting for next request
[2026-08-22 14:05:36.413 Model_Service_2] Model service 2 input queue is empty, waiting for next request
[2026-08-22 14:05:36.859 Model_Service_0] Model service 0 input queue is empty, waiting for next request
[2026-08-22 14:05:37.451 Model_Service_4] Model service 4 input queue is empty, waiting for next request
[2026-08-22 14:05:38.833 Model_Service_1] Model service 1 input queue is empty, waiting for next request
[2026-08-22 14:05:40.847 Model_Service_5] Model service 5 input queue is empty, waiting for next request
[2026-08-22 14:05:40.972 Model_Service_3] Model service 3 input queue is empty, waiting for next request
[2026-08-22 14:05:41.648 Model_Service_2] Model service 2 input queue is empty, waiting for next request
[2026-08-22 14:05:42.098 Model_Service_0] Model service 0 input queue is empty, waiting for next request
[2026-08-22 14:05:42.696 Model_Service_4] Model service 4 input queue is empty, waiting for next request
[2026-08-22 14:05:44.082 Model_Service_1] Model service 1 input queue is empty, waiting for next request
[2026-08-22 14:05:46.091 Model_Service_5] Model service 5 input queue is empty, waiting for next request
[2026-08-22 14:05:46.226 Model_Service_3] Model service 3 input queue is empty, waiting for next request
[2026-08-22 14:05:46.899 Model_Service_2] Model service 2 input queue is empty, waiting for next request
[2026-08-22 14:05:47.342 Model_Service_0] Model service 0 input queue is empty, waiting for next request
[2026-08-22 14:05:47.967 Model_Service_4] Model service 4 input queue is empty, waiting for next request
[2026-08-22 14:05:49.399 Model_Service_1] Model service 1 input queue is empty, waiting for next request
[2026-08-22 14:05:51.330 Model_Service_5] Model service 5 input queue is empty, waiting for next request
[2026-08-22 14:05:51.486 Model_Service_3] Model service 3 input queue is empty, waiting for next request
[2026-08-22 14:05:52.148 Model_Service_2] Model service 2 input queue is empty, waiting for next request
[2026-08-22 14:05:52.596 Model_Service_0] Model service 0 input queue is empty, waiting for next request
[2026-08-22 14:05:53.205 Model_Service_4] Model service 4 input queue is empty, waiting for next request
[2026-08-22 14:05:54.642 Model_Service_1] Model service 1 input queue is empty, waiting for next request
[2026-08-22 14:05:56.572 Model_Service_5] Model service 5 input queue is empty, waiting for next request
[2026-08-22 14:05:56.722 Model_Service_3] Model service 3 input queue is empty, waiting for next request
[2026-08-22 14:05:57.414 Model_Service_2] Model service 2 input queue is empty, waiting for next request
[2026-08-22 14:05:57.862 Model_Service_0] Model service 0 input queue is empty, waiting for next request
[2026-08-22 14:05:58.442 Model_Service_4] Model service 4 input queue is empty, waiting for next request
[2026-08-22 14:05:59.887 Model_Service_1] Model service 1 input queue is empty, waiting for next request
[2026-08-22 14:06:01.811 Model_Service_5] Model service 5 input queue is empty, waiting for next request
[2026-08-22 14:06:01.961 Model_Service_3] Model service 3 input queue is empty, waiting for next request
[2026-08-22 14:06:02.650 Model_Service_2] Model service 2 input queue is empty, waiting for next request
[2026-08-22 14:06:03.112 Model_Service_0] Model service 0 input queue is empty, waiting for next request
[2026-08-22 14:06:03.683 Model_Service_4] Model service 4 input queue is empty, waiting for next request
[2026-08-22 14:06:05.138 Model_Service_1] Model service 1 input queue is empty, waiting for next request
[2026-08-22 14:06:07.058 Model_Service_5] Model service 5 input queue is empty, waiting for next request
[2026-08-22 14:06:07.248 Model_Service_3] Model service 3 input queue is empty, waiting for next request
[2026-08-22 14:06:07.888 Model_Service_2] Model service 2 input queue is empty, waiting for next request
[2026-08-22 14:06:08.412 Model_Service_0] Model service 0 input queue is empty, waiting for next request
[2026-08-22 14:06:08.930 Model_Service_4] Model service 4 input queue is empty, waiting for next request
[2026-08-22 14:06:10.398 Model_Service_1] Model service 1 input queue is empty, waiting for next request
[2026-08-22 14:06:12.299 Model_Service_5] Model service 5 input queue is empty, waiting for next request
[2026-08-22 14:06:12.501 Model_Service_3] Model service 3 input queue is empty, waiting for next request
[2026-08-22 14:06:13.186 Model_Service_2] Model service 2 input queue is empty, waiting for next request
[2026-08-22 14:06:13.667 Model_Service_0] Model service 0 input queue is empty, waiting for next request
[2026-08-22 14:06:14.179 Model_Service_4] Model service 4 input queue is empty, waiting for next request
[2026-08-22 14:06:15.658 Model_Service_1] Model service 1 input queue is empty, waiting for next request
[2026-08-22 14:06:17.537 Model_Service_5] Model service 5 input queue is empty, waiting for next request
[2026-08-22 14:06:17.756 Model_Service_3] Model service 3 input queue is empty, waiting for next request
[2026-08-22 14:06:18.426 Model_Service_2] Model service 2 input queue is empty, waiting for next request
[2026-08-22 14:06:18.898 Model_Service_0] Model service 0 input queue is empty, waiting for next request
[2026-08-22 14:06:19.486 Model_Service_4] Model service 4 input queue is empty, waiting for next request
[2026-08-22 14:06:20.950 Model_Service_1] Model service 1 input queue is empty, waiting for next request
[2026-08-22 14:06:22.778 Model_Service_5] Model service 5 input queue is empty, waiting for next request
[2026-08-22 14:06:22.992 Model_Service_3] Model service 3 input queue is empty, waiting for next request
[2026-08-22 14:06:23.666 Model_Service_2] Model service 2 input queue is empty, waiting for next request
[2026-08-22 14:06:24.134 Model_Service_0] Model service 0 input queue is empty, waiting for next request
[2026-08-22 14:06:24.730 Model_Service_4] Model service 4 input queue is empty, waiting for next request
[2026-08-22 14:06:26.206 Model_Service_1] Model service 1 input queue is empty, waiting for next request
[2026-08-22 14:06:28.017 Model_Service_5] Model service 5 input queue is empty, waiting for next request
[2026-08-22 14:06:28.226 Model_Service_3] Model service 3 input queue is empty, waiting for next request
[2026-08-22 14:06:28.921 Model_Service_2] Model service 2 input queue is empty, waiting for next request
[2026-08-22 14:06:29.371 Model_Service_0] Model service 0 input queue is empty, waiting for next request
[2026-08-22 14:06:29.963 Model_Service_4] Model service 4 input queue is empty, waiting for next request
[2026-08-22 14:06:31.451 Model_Service_1] Model service 1 input queue is empty, waiting for next request
[2026-08-22 14:06:33.259 Model_Service_5] Model service 5 input queue is empty, waiting for next request
[2026-08-22 14:06:33.464 Model_Service_3] Model service 3 input queue is empty, waiting for next request
[2026-08-22 14:06:34.154 Model_Service_2] Model service 2 input queue is empty, waiting for next request
[2026-08-22 14:06:34.605 Model_Service_0] Model service 0 input queue is empty, waiting for next request
[2026-08-22 14:06:35.198 Model_Service_4] Model service 4 input queue is empty, waiting for next request
[2026-08-22 14:06:36.694 Model_Service_1] Model service 1 input queue is empty, waiting for next request
[2026-08-22 14:06:38.498 Model_Service_5] Model service 5 input queue is empty, waiting for next request
[2026-08-22 14:06:38.710 Model_Service_3] Model service 3 input queue is empty, waiting for next request
[2026-08-22 14:06:39.390 Model_Service_2] Model service 2 input queue is empty, waiting for next request
[2026-08-22 14:06:39.875 Model_Service_0] Model service 0 input queue is empty, waiting for next request
[2026-08-22 14:06:40.431 Model_Service_4] Model service 4 input queue is empty, waiting for next request
[2026-08-22 14:06:41.944 Model_Service_1] Model service 1 input queue is empty, waiting for next request
[2026-08-22 14:06:43.236 Model_Service_2] [PAPER-KV-V6] relay-clone Qwen/Qwen2.5-7B-Instruct (0 requests)
[2026-08-22 14:06:43.236 Model_Service_2] [PAPER-KV-V6] stash Qwen/Qwen2.5-7B-Instruct from gpu 0 (0 requests)
[2026-08-22 14:06:43.736 Model_Service_5] Model service 5 input queue is empty, waiting for next request
[2026-08-22 14:06:43.943 Model_Service_3] Model service 3 input queue is empty, waiting for next request
[2026-08-22 14:06:45.109 Model_Service_0] Model service 0 input queue is empty, waiting for next request
[2026-08-22 14:06:45.274 Model_Service_2] [PAPER-LOAD-V4] release Qwen/Qwen2.5-7B-Instruct gpu 0 engine=0_3 held=0 held_engine=0_3 dropped=True
[2026-08-22 14:06:45.662 Model_Service_4] Model service 4 input queue is empty, waiting for next request
[2026-08-22 14:06:47.191 Model_Service_1] Model service 1 input queue is empty, waiting for next request
[2026-08-22 14:06:48.974 Model_Service_5] Model service 5 input queue is empty, waiting for next request
[2026-08-22 14:06:49.182 Model_Service_3] Model service 3 input queue is empty, waiting for next request
[2026-08-22 14:06:50.278 Model_Service_2] Model service 2 input queue is empty, waiting for next request
[2026-08-22 14:06:50.403 Model_Service_0] Model service 0 input queue is empty, waiting for next request
[2026-08-22 14:06:50.900 Model_Service_4] Model service 4 input queue is empty, waiting for next request
[2026-08-22 14:06:52.468 Model_Service_1] Model service 1 input queue is empty, waiting for next request
[2026-08-22 14:06:54.214 Model_Service_5] Model service 5 input queue is empty, waiting for next request
[2026-08-22 14:06:54.418 Model_Service_3] Model service 3 input queue is empty, waiting for next request
[2026-08-22 14:06:55.543 Model_Service_2] Model service 2 input queue is empty, waiting for next request
[2026-08-22 14:06:55.636 Model_Service_0] Model service 0 input queue is empty, waiting for next request
[2026-08-22 14:06:56.133 Model_Service_4] Model service 4 input queue is empty, waiting for next request
[2026-08-22 14:06:57.714 Model_Service_1] Model service 1 input queue is empty, waiting for next request
[2026-08-22 14:06:59.446 Model_Service_5] Model service 5 input queue is empty, waiting for next request
[2026-08-22 14:06:59.652 Model_Service_3] Model service 3 input queue is empty, waiting for next request
[2026-08-22 14:07:00.788 Model_Service_2] Model service 2 input queue is empty, waiting for next request
[2026-08-22 14:07:00.870 Model_Service_0] Model service 0 input queue is empty, waiting for next request
[2026-08-22 14:07:01.368 Model_Service_4] Model service 4 input queue is empty, waiting for next request
[2026-08-22 14:07:03.034 Model_Service_1] Model service 1 input queue is empty, waiting for next request
[2026-08-22 14:07:03.872 Model_Service_3] [PAPER-KV-V6] relay-clone meta-llama/Llama-3.1-8B (0 requests)
[2026-08-22 14:07:03.872 Model_Service_3] [PAPER-KV-V6] stash meta-llama/Llama-3.1-8B from gpu 0 (0 requests)
[2026-08-22 14:07:04.469 Model_Service_3] [PAPER-LOAD-V4] release meta-llama/Llama-3.1-8B gpu 0 engine=0_2 held=0 held_engine=0_2 dropped=True
[2026-08-22 14:07:04.683 Model_Service_5] Model service 5 input queue is empty, waiting for next request
[2026-08-22 14:07:06.123 Model_Service_0] Model service 0 input queue is empty, waiting for next request
[2026-08-22 14:07:06.126 Model_Service_2] Model service 2 input queue is empty, waiting for next request
[2026-08-22 14:07:06.612 Model_Service_4] Model service 4 input queue is empty, waiting for next request
[2026-08-22 14:07:08.284 Model_Service_1] Model service 1 input queue is empty, waiting for next request
[2026-08-22 14:07:09.473 Model_Service_3] Model service 3 input queue is empty, waiting for next request
[2026-08-22 14:07:09.921 Model_Service_5] Model service 5 input queue is empty, waiting for next request
[2026-08-22 14:07:11.362 Model_Service_0] Model service 0 input queue is empty, waiting for next request
[2026-08-22 14:07:11.378 Model_Service_2] Model service 2 input queue is empty, waiting for next request
[2026-08-22 14:07:11.843 Model_Service_4] Model service 4 input queue is empty, waiting for next request
[2026-08-22 14:07:13.530 Model_Service_1] Model service 1 input queue is empty, waiting for next request
[2026-08-22 14:07:14.709 Model_Service_3] Model service 3 input queue is empty, waiting for next request
[2026-08-22 14:07:15.169 Model_Service_5] Model service 5 input queue is empty, waiting for next request
[2026-08-22 14:07:16.603 Model_Service_0] Model service 0 input queue is empty, waiting for next request
[2026-08-22 14:07:16.654 Model_Service_2] Model service 2 input queue is empty, waiting for next request
[2026-08-22 14:07:17.097 Model_Service_4] Model service 4 input queue is empty, waiting for next request
[2026-08-22 14:07:18.775 Model_Service_1] Model service 1 input queue is empty, waiting for next request
[2026-08-22 14:07:19.939 Model_Service_3] Model service 3 input queue is empty, waiting for next request
[2026-08-22 14:07:20.440 Model_Service_5] Model service 5 input queue is empty, waiting for next request
[2026-08-22 14:07:21.841 Model_Service_0] Model service 0 input queue is empty, waiting for next request
[2026-08-22 14:07:21.942 Model_Service_2] Model service 2 input queue is empty, waiting for next request
[2026-08-22 14:07:22.340 Model_Service_4] Model service 4 input queue is empty, waiting for next request
[2026-08-22 14:07:24.022 Model_Service_1] Model service 1 input queue is empty, waiting for next request
[2026-08-22 14:07:25.170 Model_Service_3] Model service 3 input queue is empty, waiting for next request
[2026-08-22 14:07:25.679 Model_Service_5] Model service 5 input queue is empty, waiting for next request
[2026-08-22 14:07:27.110 Model_Service_0] Model service 0 input queue is empty, waiting for next request
[2026-08-22 14:07:27.187 Model_Service_2] Model service 2 input queue is empty, waiting for next request
[2026-08-22 14:07:27.574 Model_Service_4] Model service 4 input queue is empty, waiting for next request
[2026-08-22 14:07:29.266 Model_Service_1] Model service 1 input queue is empty, waiting for next request
[2026-08-22 14:07:30.443 Model_Service_3] Model service 3 input queue is empty, waiting for next request
[2026-08-22 14:07:30.920 Model_Service_5] Model service 5 input queue is empty, waiting for next request
[2026-08-22 14:07:32.350 Model_Service_0] Model service 0 input queue is empty, waiting for next request
[2026-08-22 14:07:32.423 Model_Service_2] Model service 2 input queue is empty, waiting for next request
[2026-08-22 14:07:32.810 Model_Service_4] Model service 4 input queue is empty, waiting for next request
[2026-08-22 14:07:34.518 Model_Service_1] Model service 1 input queue is empty, waiting for next request
[2026-08-22 14:07:35.686 Model_Service_3] Model service 3 input queue is empty, waiting for next request
[2026-08-22 14:07:36.157 Model_Service_5] Model service 5 input queue is empty, waiting for next request
[2026-08-22 14:07:37.632 Model_Service_0] Model service 0 input queue is empty, waiting for next request
[2026-08-22 14:07:37.682 Model_Service_2] Model service 2 input queue is empty, waiting for next request
[2026-08-22 14:07:38.049 Model_Service_4] Model service 4 input queue is empty, waiting for next request
[2026-08-22 14:07:39.788 Model_Service_1] Model service 1 input queue is empty, waiting for next request
[2026-08-22 14:07:40.919 Model_Service_3] Model service 3 input queue is empty, waiting for next request
[2026-08-22 14:07:41.396 Model_Service_5] Model service 5 input queue is empty, waiting for next request
[2026-08-22 14:07:42.905 Model_Service_0] Model service 0 input queue is empty, waiting for next request
[2026-08-22 14:07:42.966 Model_Service_2] Model service 2 input queue is empty, waiting for next request
[2026-08-22 14:07:43.286 Model_Service_4] Model service 4 input queue is empty, waiting for next request
[2026-08-22 14:07:45.040 Model_Service_1] Model service 1 input queue is empty, waiting for next request
[2026-08-22 14:07:46.150 Model_Service_3] Model service 3 input queue is empty, waiting for next request
[2026-08-22 14:07:46.635 Model_Service_5] Model service 5 input queue is empty, waiting for next request
[2026-08-22 14:07:48.150 Model_Service_0] Model service 0 input queue is empty, waiting for next request
[2026-08-22 14:07:48.217 Model_Service_2] Model service 2 input queue is empty, waiting for next request
[2026-08-22 14:07:48.521 Model_Service_4] Model service 4 input queue is empty, waiting for next request
[2026-08-22 14:07:50.333 Model_Service_1] Model service 1 input queue is empty, waiting for next request
[2026-08-22 14:07:51.394 Model_Service_3] Model service 3 input queue is empty, waiting for next request
[2026-08-22 14:07:51.876 Model_Service_5] Model service 5 input queue is empty, waiting for next request
[2026-08-22 14:07:53.393 Model_Service_0] Model service 0 input queue is empty, waiting for next request
[2026-08-22 14:07:53.455 Model_Service_2] Model service 2 input queue is empty, waiting for next request
[2026-08-22 14:07:53.759 Model_Service_4] Model service 4 input queue is empty, waiting for next request
[2026-08-22 14:07:55.594 Model_Service_1] Model service 1 input queue is empty, waiting for next request
[2026-08-22 14:07:56.631 Model_Service_3] Model service 3 input queue is empty, waiting for next request
[2026-08-22 14:07:57.116 Model_Service_5] Model service 5 input queue is empty, waiting for next request
[2026-08-22 14:07:58.631 Model_Service_0] Model service 0 input queue is empty, waiting for next request
[2026-08-22 14:07:58.693 Model_Service_2] Model service 2 input queue is empty, waiting for next request
[2026-08-22 14:07:59.008 Model_Service_4] Model service 4 input queue is empty, waiting for next request
[2026-08-22 14:08:00.835 Model_Service_1] Model service 1 input queue is empty, waiting for next request
[2026-08-22 14:08:01.867 Model_Service_3] Model service 3 input queue is empty, waiting for next request
[2026-08-22 14:08:02.355 Model_Service_5] Model service 5 input queue is empty, waiting for next request
[2026-08-22 14:08:03.870 Model_Service_0] Model service 0 input queue is empty, waiting for next request
[2026-08-22 14:08:03.959 Model_Service_2] Model service 2 input queue is empty, waiting for next request
[2026-08-22 14:08:04.266 Model_Service_4] Model service 4 input queue is empty, waiting for next request
[2026-08-22 14:08:06.095 Model_Service_1] Model service 1 input queue is empty, waiting for next request
[2026-08-22 14:08:07.105 Model_Service_3] Model service 3 input queue is empty, waiting for next request
[2026-08-22 14:08:07.650 Model_Service_5] Model service 5 input queue is empty, waiting for next request
[2026-08-22 14:08:09.122 Model_Service_0] Model service 0 input queue is empty, waiting for next request
[2026-08-22 14:08:09.207 Model_Service_2] Model service 2 input queue is empty, waiting for next request
[2026-08-22 14:08:09.506 Model_Service_4] Model service 4 input queue is empty, waiting for next request
[2026-08-22 14:08:11.341 Model_Service_1] Model service 1 input queue is empty, waiting for next request
[2026-08-22 14:08:12.350 Model_Service_3] Model service 3 input queue is empty, waiting for next request
[2026-08-22 14:08:12.891 Model_Service_5] Model service 5 input queue is empty, waiting for next request
[2026-08-22 14:08:14.363 Model_Service_0] Model service 0 input queue is empty, waiting for next request
[2026-08-22 14:08:14.498 Model_Service_2] Model service 2 input queue is empty, waiting for next request
[2026-08-22 14:08:14.745 Model_Service_4] Model service 4 input queue is empty, waiting for next request
[2026-08-22 14:08:16.587 Model_Service_1] Model service 1 input queue is empty, waiting for next request
[2026-08-22 14:08:17.587 Model_Service_3] Model service 3 input queue is empty, waiting for next request
[2026-08-22 14:08:18.130 Model_Service_5] Model service 5 input queue is empty, waiting for next request
[2026-08-22 14:08:19.602 Model_Service_0] Model service 0 input queue is empty, waiting for next request
[2026-08-22 14:08:19.742 Model_Service_2] Model service 2 input queue is empty, waiting for next request
[2026-08-22 14:08:19.982 Model_Service_4] Model service 4 input queue is empty, waiting for next request
[2026-08-22 14:08:21.833 Model_Service_1] Model service 1 input queue is empty, waiting for next request
[2026-08-22 14:08:22.825 Model_Service_3] Model service 3 input queue is empty, waiting for next request
[2026-08-22 14:08:23.367 Model_Service_5] Model service 5 input queue is empty, waiting for next request
[2026-08-22 14:08:24.855 Model_Service_0] Model service 0 input queue is empty, waiting for next request
[2026-08-22 14:08:24.983 Model_Service_2] Model service 2 input queue is empty, waiting for next request
[2026-08-22 14:08:25.221 Model_Service_4] Model service 4 input queue is empty, waiting for next request
[2026-08-22 14:08:27.078 Model_Service_1] Model service 1 input queue is empty, waiting for next request
[2026-08-22 14:08:28.063 Model_Service_3] Model service 3 input queue is empty, waiting for next request
[2026-08-22 14:08:28.612 Model_Service_5] Model service 5 input queue is empty, waiting for next request
[2026-08-22 14:08:30.116 Model_Service_0] Model service 0 input queue is empty, waiting for next request
[2026-08-22 14:08:30.222 Model_Service_2] Model service 2 input queue is empty, waiting for next request
[2026-08-22 14:08:30.474 Model_Service_4] Model service 4 input queue is empty, waiting for next request
[2026-08-22 14:08:32.356 Model_Service_1] Model service 1 input queue is empty, waiting for next request
[2026-08-22 14:08:33.330 Model_Service_3] Model service 3 input queue is empty, waiting for next request
[2026-08-22 14:08:33.862 Model_Service_5] Model service 5 input queue is empty, waiting for next request
[2026-08-22 14:08:35.364 Model_Service_0] Model service 0 input queue is empty, waiting for next request
[2026-08-22 14:08:35.457 Model_Service_2] Model service 2 input queue is empty, waiting for next request
[2026-08-22 14:08:35.711 Model_Service_4] Model service 4 input queue is empty, waiting for next request
[2026-08-22 14:08:37.612 Model_Service_1] Model service 1 input queue is empty, waiting for next request
[2026-08-22 14:08:38.575 Model_Service_3] Model service 3 input queue is empty, waiting for next request
[2026-08-22 14:08:39.101 Model_Service_5] Model service 5 input queue is empty, waiting for next request
[2026-08-22 14:08:40.604 Model_Service_0] Model service 0 input queue is empty, waiting for next request
[2026-08-22 14:08:40.732 Model_Service_2] Model service 2 input queue is empty, waiting for next request
[2026-08-22 14:08:40.993 Model_Service_4] Model service 4 input queue is empty, waiting for next request
[2026-08-22 14:08:42.854 Model_Service_1] Model service 1 input queue is empty, waiting for next request
[2026-08-22 14:08:43.814 Model_Service_3] Model service 3 input queue is empty, waiting for next request
[2026-08-22 14:08:44.340 Model_Service_5] Model service 5 input queue is empty, waiting for next request
[2026-08-22 14:08:45.892 Model_Service_0] Model service 0 input queue is empty, waiting for next request
[2026-08-22 14:08:45.968 Model_Service_2] Model service 2 input queue is empty, waiting for next request
[2026-08-22 14:08:46.240 Model_Service_4] Model service 4 input queue is empty, waiting for next request
[2026-08-22 14:08:48.142 Model_Service_1] Model service 1 input queue is empty, waiting for next request
[2026-08-22 14:08:49.050 Model_Service_3] Model service 3 input queue is empty, waiting for next request
[2026-08-22 14:08:49.577 Model_Service_5] Model service 5 input queue is empty, waiting for next request
[2026-08-22 14:08:51.130 Model_Service_0] Model service 0 input queue is empty, waiting for next request
[2026-08-22 14:08:51.256 Model_Service_2] Model service 2 input queue is empty, waiting for next request
[2026-08-22 14:08:51.474 Model_Service_4] Model service 4 input queue is empty, waiting for next request
[2026-08-22 14:08:53.413 Model_Service_1] Model service 1 input queue is empty, waiting for next request
[2026-08-22 14:08:54.343 Model_Service_3] Model service 3 input queue is empty, waiting for next request
[2026-08-22 14:08:54.815 Model_Service_5] Model service 5 input queue is empty, waiting for next request
[2026-08-22 14:08:56.366 Model_Service_0] Model service 0 input queue is empty, waiting for next request
[2026-08-22 14:08:56.493 Model_Service_2] Model service 2 input queue is empty, waiting for next request
[2026-08-22 14:08:56.713 Model_Service_4] Model service 4 input queue is empty, waiting for next request
[2026-08-22 14:08:58.662 Model_Service_1] Model service 1 input queue is empty, waiting for next request
[2026-08-22 14:08:59.591 Model_Service_3] Model service 3 input queue is empty, waiting for next request
[2026-08-22 14:09:00.058 Model_Service_5] Model service 5 input queue is empty, waiting for next request
[2026-08-22 14:09:01.610 Model_Service_0] Model service 0 input queue is empty, waiting for next request
[2026-08-22 14:09:01.732 Model_Service_2] Model service 2 input queue is empty, waiting for next request
[2026-08-22 14:09:01.950 Model_Service_4] Model service 4 input queue is empty, waiting for next request
[2026-08-22 14:09:03.902 Model_Service_1] Model service 1 input queue is empty, waiting for next request
[2026-08-22 14:09:04.825 Model_Service_3] Model service 3 input queue is empty, waiting for next request
[2026-08-22 14:09:05.307 Model_Service_5] Model service 5 input queue is empty, waiting for next request
[2026-08-22 14:09:06.850 Model_Service_0] Model service 0 input queue is empty, waiting for next request
[2026-08-22 14:09:06.966 Model_Service_2] Model service 2 input queue is empty, waiting for next request
[2026-08-22 14:09:07.186 Model_Service_4] Model service 4 input queue is empty, waiting for next request
[2026-08-22 14:09:09.146 Model_Service_1] Model service 1 input queue is empty, waiting for next request
[2026-08-22 14:09:10.058 Model_Service_3] Model service 3 input queue is empty, waiting for next request
[2026-08-22 14:09:10.546 Model_Service_5] Model service 5 input queue is empty, waiting for next request
[2026-08-22 14:09:12.090 Model_Service_0] Model service 0 input queue is empty, waiting for next request
[2026-08-22 14:09:12.203 Model_Service_2] Model service 2 input queue is empty, waiting for next request
[2026-08-22 14:09:12.422 Model_Service_4] Model service 4 input queue is empty, waiting for next request
[2026-08-22 14:09:14.390 Model_Service_1] Model service 1 input queue is empty, waiting for next request
[2026-08-22 14:09:15.304 Model_Service_3] Model service 3 input queue is empty, waiting for next request
[2026-08-22 14:09:15.786 Model_Service_5] Model service 5 input queue is empty, waiting for next request
[2026-08-22 14:09:17.337 Model_Service_0] Model service 0 input queue is empty, waiting for next request
[2026-08-22 14:09:17.444 Model_Service_2] Model service 2 input queue is empty, waiting for next request
[2026-08-22 14:09:17.679 Model_Service_4] Model service 4 input queue is empty, waiting for next request
[2026-08-22 14:09:19.638 Model_Service_1] Model service 1 input queue is empty, waiting for next request
[2026-08-22 14:09:20.546 Model_Service_3] Model service 3 input queue is empty, waiting for next request
[2026-08-22 14:09:21.023 Model_Service_5] Model service 5 input queue is empty, waiting for next request
[2026-08-22 14:09:22.584 Model_Service_0] Model service 0 input queue is empty, waiting for next request
[2026-08-22 14:09:22.688 Model_Service_2] Model service 2 input queue is empty, waiting for next request
[2026-08-22 14:09:22.918 Model_Service_4] Model service 4 input queue is empty, waiting for next request
[2026-08-22 14:09:24.882 Model_Service_1] Model service 1 input queue is empty, waiting for next request
[2026-08-22 14:09:25.789 Model_Service_3] Model service 3 input queue is empty, waiting for next request
[2026-08-22 14:09:26.258 Model_Service_5] Model service 5 input queue is empty, waiting for next request
[2026-08-22 14:09:27.828 Model_Service_0] Model service 0 input queue is empty, waiting for next request
[2026-08-22 14:09:27.954 Model_Service_2] Model service 2 input queue is empty, waiting for next request
[2026-08-22 14:09:28.156 Model_Service_4] Model service 4 input queue is empty, waiting for next request
[2026-08-22 14:09:30.126 Model_Service_1] Model service 1 input queue is empty, waiting for next request
[2026-08-22 14:09:31.026 Model_Service_3] Model service 3 input queue is empty, waiting for next request
[2026-08-22 14:09:31.497 Model_Service_5] Model service 5 input queue is empty, waiting for next request
[2026-08-22 14:09:33.067 Model_Service_0] Model service 0 input queue is empty, waiting for next request
[2026-08-22 14:09:33.195 Model_Service_2] Model service 2 input queue is empty, waiting for next request
[2026-08-22 14:09:33.386 Model_Service_4] Model service 4 input queue is empty, waiting for next request
[2026-08-22 14:09:35.373 Model_Service_1] Model service 1 input queue is empty, waiting for next request
[2026-08-22 14:09:36.277 Model_Service_3] Model service 3 input queue is empty, waiting for next request
[2026-08-22 14:09:36.735 Model_Service_5] Model service 5 input queue is empty, waiting for next request
[2026-08-22 14:09:38.344 Model_Service_0] Model service 0 input queue is empty, waiting for next request
[2026-08-22 14:09:38.491 Model_Service_2] Model service 2 input queue is empty, waiting for next request
[2026-08-22 14:09:38.618 Model_Service_4] Model service 4 input queue is empty, waiting for next request
[2026-08-22 14:09:40.638 Model_Service_1] Model service 1 input queue is empty, waiting for next request
[2026-08-22 14:09:41.520 Model_Service_3] Model service 3 input queue is empty, waiting for next request
[2026-08-22 14:09:41.971 Model_Service_5] Model service 5 input queue is empty, waiting for next request
[2026-08-22 14:09:43.582 Model_Service_0] Model service 0 input queue is empty, waiting for next request
[2026-08-22 14:09:43.752 Model_Service_2] Model service 2 input queue is empty, waiting for next request
[2026-08-22 14:09:43.854 Model_Service_4] Model service 4 input queue is empty, waiting for next request
[2026-08-22 14:09:45.896 Model_Service_1] Model service 1 input queue is empty, waiting for next request
[2026-08-22 14:09:46.758 Model_Service_3] Model service 3 input queue is empty, waiting for next request
[2026-08-22 14:09:47.210 Model_Service_5] Model service 5 input queue is empty, waiting for next request
[2026-08-22 14:09:48.824 Model_Service_0] Model service 0 input queue is empty, waiting for next request
[2026-08-22 14:09:49.021 Model_Service_2] Model service 2 input queue is empty, waiting for next request
[2026-08-22 14:09:49.095 Model_Service_4] Model service 4 input queue is empty, waiting for next request
[2026-08-22 14:09:51.140 Model_Service_1] Model service 1 input queue is empty, waiting for next request
[2026-08-22 14:09:51.998 Model_Service_3] Model service 3 input queue is empty, waiting for next request
[2026-08-22 14:09:52.452 Model_Service_5] Model service 5 input queue is empty, waiting for next request
[2026-08-22 14:09:54.082 Model_Service_0] Model service 0 input queue is empty, waiting for next request
[2026-08-22 14:09:54.273 Model_Service_2] Model service 2 input queue is empty, waiting for next request
[2026-08-22 14:09:54.333 Model_Service_4] Model service 4 input queue is empty, waiting for next request
[2026-08-22 14:09:56.388 Model_Service_1] Model service 1 input queue is empty, waiting for next request
[2026-08-22 14:09:57.265 Model_Service_3] Model service 3 input queue is empty, waiting for next request
[2026-08-22 14:09:57.695 Model_Service_5] Model service 5 input queue is empty, waiting for next request
[2026-08-22 14:09:59.370 Model_Service_0] Model service 0 input queue is empty, waiting for next request
[2026-08-22 14:09:59.519 Model_Service_2] Model service 2 input queue is empty, waiting for next request
[2026-08-22 14:09:59.570 Model_Service_4] Model service 4 input queue is empty, waiting for next request
[2026-08-22 14:10:01.680 Model_Service_1] Model service 1 input queue is empty, waiting for next request
[2026-08-22 14:10:02.498 Model_Service_3] Model service 3 input queue is empty, waiting for next request
[2026-08-22 14:10:02.941 Model_Service_5] Model service 5 input queue is empty, waiting for next request
[2026-08-22 14:10:04.606 Model_Service_0] Model service 0 input queue is empty, waiting for next request
[2026-08-22 14:10:04.763 Model_Service_2] Model service 2 input queue is empty, waiting for next request
[2026-08-22 14:10:04.818 Model_Service_4] Model service 4 input queue is empty, waiting for next request
[2026-08-22 14:10:06.934 Model_Service_1] Model service 1 input queue is empty, waiting for next request
[2026-08-22 14:10:07.738 Model_Service_3] Model service 3 input queue is empty, waiting for next request
[2026-08-22 14:10:08.190 Model_Service_5] Model service 5 input queue is empty, waiting for next request
[2026-08-22 14:10:09.846 Model_Service_0] Model service 0 input queue is empty, waiting for next request
[2026-08-22 14:10:10.004 Model_Service_2] Model service 2 input queue is empty, waiting for next request
[2026-08-22 14:10:10.052 Model_Service_4] Model service 4 input queue is empty, waiting for next request
[2026-08-22 14:10:12.179 Model_Service_1] Model service 1 input queue is empty, waiting for next request
[2026-08-22 14:10:12.978 Model_Service_3] Model service 3 input queue is empty, waiting for next request
[2026-08-22 14:10:13.426 Model_Service_5] Model service 5 input queue is empty, waiting for next request
[2026-08-22 14:10:15.094 Model_Service_0] Model service 0 input queue is empty, waiting for next request
[2026-08-22 14:10:15.244 Model_Service_2] Model service 2 input queue is empty, waiting for next request
[2026-08-22 14:10:15.290 Model_Service_4] Model service 4 input queue is empty, waiting for next request
[2026-08-22 14:10:17.422 Model_Service_1] Model service 1 input queue is empty, waiting for next request
[2026-08-22 14:10:18.271 Model_Service_3] Model service 3 input queue is empty, waiting for next request
[2026-08-22 14:10:18.658 Model_Service_5] Model service 5 input queue is empty, waiting for next request
[2026-08-22 14:10:20.335 Model_Service_0] Model service 0 input queue is empty, waiting for next request
[2026-08-22 14:10:20.482 Model_Service_2] Model service 2 input queue is empty, waiting for next request
[2026-08-22 14:10:20.524 Model_Service_4] Model service 4 input queue is empty, waiting for next request
[2026-08-22 14:10:22.662 Model_Service_1] Model service 1 input queue is empty, waiting for next request
[2026-08-22 14:10:23.509 Model_Service_3] Model service 3 input queue is empty, waiting for next request
[2026-08-22 14:10:23.942 Model_Service_5] Model service 5 input queue is empty, waiting for next request
[2026-08-22 14:10:25.576 Model_Service_0] Model service 0 input queue is empty, waiting for next request
[2026-08-22 14:10:25.761 Model_Service_2] Model service 2 input queue is empty, waiting for next request
[2026-08-22 14:10:25.774 Model_Service_4] Model service 4 input queue is empty, waiting for next request
[2026-08-22 14:10:27.912 Model_Service_1] Model service 1 input queue is empty, waiting for next request
[2026-08-22 14:10:28.745 Model_Service_3] Model service 3 input queue is empty, waiting for next request
[2026-08-22 14:10:29.176 Model_Service_5] Model service 5 input queue is empty, waiting for next request
[2026-08-22 14:10:30.814 Model_Service_0] Model service 0 input queue is empty, waiting for next request
[2026-08-22 14:10:31.010 Model_Service_4] Model service 4 input queue is empty, waiting for next request
[2026-08-22 14:10:31.015 Model_Service_2] Model service 2 input queue is empty, waiting for next request
[2026-08-22 14:10:33.154 Model_Service_1] Model service 1 input queue is empty, waiting for next request
[2026-08-22 14:10:33.986 Model_Service_3] Model service 3 input queue is empty, waiting for next request
[2026-08-22 14:10:34.410 Model_Service_5] Model service 5 input queue is empty, waiting for next request
[2026-08-22 14:10:36.052 Model_Service_0] Model service 0 input queue is empty, waiting for next request
[2026-08-22 14:10:36.242 Model_Service_4] Model service 4 input queue is empty, waiting for next request
[2026-08-22 14:10:36.254 Model_Service_2] Model service 2 input queue is empty, waiting for next request
[2026-08-22 14:10:38.399 Model_Service_1] Model service 1 input queue is empty, waiting for next request
[2026-08-22 14:10:39.222 Model_Service_3] Model service 3 input queue is empty, waiting for next request
[2026-08-22 14:10:39.645 Model_Service_5] Model service 5 input queue is empty, waiting for next request
[2026-08-22 14:10:41.291 Model_Service_0] Model service 0 input queue is empty, waiting for next request
[2026-08-22 14:10:41.478 Model_Service_4] Model service 4 input queue is empty, waiting for next request
[2026-08-22 14:10:41.551 Model_Service_2] Model service 2 input queue is empty, waiting for next request
[2026-08-22 14:10:43.646 Model_Service_1] Model service 1 input queue is empty, waiting for next request
[2026-08-22 14:10:44.466 Model_Service_3] Model service 3 input queue is empty, waiting for next request
[2026-08-22 14:10:44.888 Model_Service_5] Model service 5 input queue is empty, waiting for next request
[2026-08-22 14:10:46.531 Model_Service_0] Model service 0 input queue is empty, waiting for next request
[2026-08-22 14:10:46.714 Model_Service_4] Model service 4 input queue is empty, waiting for next request
[2026-08-22 14:10:46.801 Model_Service_2] Model service 2 input queue is empty, waiting for next request
[2026-08-22 14:10:48.890 Model_Service_1] Model service 1 input queue is empty, waiting for next request
[2026-08-22 14:10:49.727 Model_Service_3] Model service 3 input queue is empty, waiting for next request
[2026-08-22 14:10:50.122 Model_Service_5] Model service 5 input queue is empty, waiting for next request
[2026-08-22 14:10:51.769 Model_Service_0] Model service 0 input queue is empty, waiting for next request
[2026-08-22 14:10:51.950 Model_Service_4] Model service 4 input queue is empty, waiting for next request
[2026-08-22 14:10:52.039 Model_Service_2] Model service 2 input queue is empty, waiting for next request
[2026-08-22 14:10:54.136 Model_Service_1] Model service 1 input queue is empty, waiting for next request
[2026-08-22 14:10:54.966 Model_Service_3] Model service 3 input queue is empty, waiting for next request
[2026-08-22 14:10:55.352 Model_Service_5] Model service 5 input queue is empty, waiting for next request
[2026-08-22 14:10:57.009 Model_Service_0] Model service 0 input queue is empty, waiting for next request
[2026-08-22 14:10:57.230 Model_Service_4] Model service 4 input queue is empty, waiting for next request
[2026-08-22 14:10:57.279 Model_Service_2] Model service 2 input queue is empty, waiting for next request
[2026-08-22 14:10:59.382 Model_Service_1] Model service 1 input queue is empty, waiting for next request
[2026-08-22 14:11:00.202 Model_Service_3] Model service 3 input queue is empty, waiting for next request
[2026-08-22 14:11:00.600 Model_Service_5] Model service 5 input queue is empty, waiting for next request
[2026-08-22 14:11:02.288 Model_Service_0] Model service 0 input queue is empty, waiting for next request
[2026-08-22 14:11:02.470 Model_Service_4] Model service 4 input queue is empty, waiting for next request
[2026-08-22 14:11:02.517 Model_Service_2] Model service 2 input queue is empty, waiting for next request
[2026-08-22 14:11:04.659 Model_Service_1] Model service 1 input queue is empty, waiting for next request
[2026-08-22 14:11:05.437 Model_Service_3] Model service 3 input queue is empty, waiting for next request
[2026-08-22 14:11:05.865 Model_Service_5] Model service 5 input queue is empty, waiting for next request
[2026-08-22 14:11:07.527 Model_Service_0] Model service 0 input queue is empty, waiting for next request
[2026-08-22 14:11:07.706 Model_Service_4] Model service 4 input queue is empty, waiting for next request
[2026-08-22 14:11:07.758 Model_Service_2] Model service 2 input queue is empty, waiting for next request
[2026-08-22 14:11:09.910 Model_Service_1] Model service 1 input queue is empty, waiting for next request
[2026-08-22 14:11:10.671 Model_Service_3] Model service 3 input queue is empty, waiting for next request
[2026-08-22 14:11:11.136 Model_Service_5] Model service 5 input queue is empty, waiting for next request
[2026-08-22 14:11:12.766 Model_Service_0] Model service 0 input queue is empty, waiting for next request
[2026-08-22 14:11:12.946 Model_Service_4] Model service 4 input queue is empty, waiting for next request
[2026-08-22 14:11:12.999 Model_Service_2] Model service 2 input queue is empty, waiting for next request
[2026-08-22 14:11:15.168 Model_Service_1] Model service 1 input queue is empty, waiting for next request
[2026-08-22 14:11:15.923 Model_Service_3] Model service 3 input queue is empty, waiting for next request
[2026-08-22 14:11:16.379 Model_Service_5] Model service 5 input queue is empty, waiting for next request
[2026-08-22 14:11:18.005 Model_Service_0] Model service 0 input queue is empty, waiting for next request
[2026-08-22 14:11:18.181 Model_Service_4] Model service 4 input queue is empty, waiting for next request
[2026-08-22 14:11:18.261 Model_Service_2] Model service 2 input queue is empty, waiting for next request
[2026-08-22 14:11:20.405 Model_Service_1] Model service 1 input queue is empty, waiting for next request
[2026-08-22 14:11:21.176 Model_Service_3] Model service 3 input queue is empty, waiting for next request
[2026-08-22 14:11:21.621 Model_Service_5] Model service 5 input queue is empty, waiting for next request
[2026-08-22 14:11:23.292 Model_Service_0] Model service 0 input queue is empty, waiting for next request
[2026-08-22 14:11:23.419 Model_Service_4] Model service 4 input queue is empty, waiting for next request
[2026-08-22 14:11:23.508 Model_Service_2] Model service 2 input queue is empty, waiting for next request
[2026-08-22 14:11:25.643 Model_Service_1] Model service 1 input queue is empty, waiting for next request
[2026-08-22 14:11:26.423 Model_Service_3] Model service 3 input queue is empty, waiting for next request
[2026-08-22 14:11:26.864 Model_Service_5] Model service 5 input queue is empty, waiting for next request
[2026-08-22 14:11:28.546 Model_Service_0] Model service 0 input queue is empty, waiting for next request
[2026-08-22 14:11:28.654 Model_Service_4] Model service 4 input queue is empty, waiting for next request
[2026-08-22 14:11:28.757 Model_Service_2] Model service 2 input queue is empty, waiting for next request
[2026-08-22 14:11:30.942 Model_Service_1] Model service 1 input queue is empty, waiting for next request
[2026-08-22 14:11:31.659 Model_Service_3] Model service 3 input queue is empty, waiting for next request
[2026-08-22 14:11:32.107 Model_Service_5] Model service 5 input queue is empty, waiting for next request
[2026-08-22 14:11:33.786 Model_Service_0] Model service 0 input queue is empty, waiting for next request
[2026-08-22 14:11:33.891 Model_Service_4] Model service 4 input queue is empty, waiting for next request
[2026-08-22 14:11:34.003 Model_Service_2] Model service 2 input queue is empty, waiting for next request
[2026-08-22 14:11:36.185 Model_Service_1] Model service 1 input queue is empty, waiting for next request
[2026-08-22 14:11:36.953 Model_Service_3] Model service 3 input queue is empty, waiting for next request
[2026-08-22 14:11:37.346 Model_Service_5] Model service 5 input queue is empty, waiting for next request
[2026-08-22 14:11:39.025 Model_Service_0] Model service 0 input queue is empty, waiting for next request
[2026-08-22 14:11:39.138 Model_Service_4] Model service 4 input queue is empty, waiting for next request
[2026-08-22 14:11:39.281 Model_Service_2] Model service 2 input queue is empty, waiting for next request
[2026-08-22 14:11:41.429 Model_Service_1] Model service 1 input queue is empty, waiting for next request
[2026-08-22 14:11:42.210 Model_Service_3] Model service 3 input queue is empty, waiting for next request
[2026-08-22 14:11:42.588 Model_Service_5] Model service 5 input queue is empty, waiting for next request
[2026-08-22 14:11:44.263 Model_Service_0] Model service 0 input queue is empty, waiting for next request
[2026-08-22 14:11:44.378 Model_Service_4] Model service 4 input queue is empty, waiting for next request
[2026-08-22 14:11:44.526 Model_Service_2] Model service 2 input queue is empty, waiting for next request
[2026-08-22 14:11:46.671 Model_Service_1] Model service 1 input queue is empty, waiting for next request
[2026-08-22 14:11:47.447 Model_Service_3] Model service 3 input queue is empty, waiting for next request
[2026-08-22 14:11:47.835 Model_Service_5] Model service 5 input queue is empty, waiting for next request
[2026-08-22 14:11:49.501 Model_Service_0] Model service 0 input queue is empty, waiting for next request
[2026-08-22 14:11:49.669 Model_Service_4] Model service 4 input queue is empty, waiting for next request
[2026-08-22 14:11:49.776 Model_Service_2] Model service 2 input queue is empty, waiting for next request
[2026-08-22 14:11:51.911 Model_Service_1] Model service 1 input queue is empty, waiting for next request
[2026-08-22 14:11:52.686 Model_Service_3] Model service 3 input queue is empty, waiting for next request
[2026-08-22 14:11:53.088 Model_Service_5] Model service 5 input queue is empty, waiting for next request
[2026-08-22 14:11:54.740 Model_Service_0] Model service 0 input queue is empty, waiting for next request
[2026-08-22 14:11:54.917 Model_Service_4] Model service 4 input queue is empty, waiting for next request
[2026-08-22 14:11:55.027 Model_Service_2] Model service 2 input queue is empty, waiting for next request
[2026-08-22 14:11:57.151 Model_Service_1] Model service 1 input queue is empty, waiting for next request
[2026-08-22 14:11:57.938 Model_Service_3] Model service 3 input queue is empty, waiting for next request
[2026-08-22 14:11:58.329 Model_Service_5] Model service 5 input queue is empty, waiting for next request
[2026-08-22 14:11:59.977 Model_Service_0] Model service 0 input queue is empty, waiting for next request
[2026-08-22 14:12:00.153 Model_Service_4] Model service 4 input queue is empty, waiting for next request
[2026-08-22 14:12:00.325 Model_Service_2] Model service 2 input queue is empty, waiting for next request
[2026-08-22 14:12:02.405 Model_Service_1] Model service 1 input queue is empty, waiting for next request
[2026-08-22 14:12:03.174 Model_Service_3] Model service 3 input queue is empty, waiting for next request
[2026-08-22 14:12:03.574 Model_Service_5] Model service 5 input queue is empty, waiting for next request
[2026-08-22 14:12:05.213 Model_Service_0] Model service 0 input queue is empty, waiting for next request
[2026-08-22 14:12:05.392 Model_Service_4] Model service 4 input queue is empty, waiting for next request
[2026-08-22 14:12:05.570 Model_Service_2] Model service 2 input queue is empty, waiting for next request
[2026-08-22 14:12:07.647 Model_Service_1] Model service 1 input queue is empty, waiting for next request
[2026-08-22 14:12:08.411 Model_Service_3] Model service 3 input queue is empty, waiting for next request
[2026-08-22 14:12:08.819 Model_Service_5] Model service 5 input queue is empty, waiting for next request
[2026-08-22 14:12:10.452 Model_Service_0] Model service 0 input queue is empty, waiting for next request
[2026-08-22 14:12:10.628 Model_Service_4] Model service 4 input queue is empty, waiting for next request
[2026-08-22 14:12:10.817 Model_Service_2] Model service 2 input queue is empty, waiting for next request
[2026-08-22 14:12:12.889 Model_Service_1] Model service 1 input queue is empty, waiting for next request
[2026-08-22 14:12:13.648 Model_Service_3] Model service 3 input queue is empty, waiting for next request
[2026-08-22 14:12:14.058 Model_Service_5] Model service 5 input queue is empty, waiting for next request
[2026-08-22 14:12:15.693 Model_Service_0] Model service 0 input queue is empty, waiting for next request
[2026-08-22 14:12:15.860 Model_Service_4] Model service 4 input queue is empty, waiting for next request
[2026-08-22 14:12:16.058 Model_Service_2] Model service 2 input queue is empty, waiting for next request
[2026-08-22 14:12:18.134 Model_Service_1] Model service 1 input queue is empty, waiting for next request
[2026-08-22 14:12:18.891 Model_Service_3] Model service 3 input queue is empty, waiting for next request
[2026-08-22 14:12:19.300 Model_Service_5] Model service 5 input queue is empty, waiting for next request
[2026-08-22 14:12:20.936 Model_Service_0] Model service 0 input queue is empty, waiting for next request
[2026-08-22 14:12:21.098 Model_Service_4] Model service 4 input queue is empty, waiting for next request
[2026-08-22 14:12:21.301 Model_Service_2] Model service 2 input queue is empty, waiting for next request
[2026-08-22 14:12:23.394 Model_Service_1] Model service 1 input queue is empty, waiting for next request
[2026-08-22 14:12:24.127 Model_Service_3] Model service 3 input queue is empty, waiting for next request
[2026-08-22 14:12:24.542 Model_Service_5] Model service 5 input queue is empty, waiting for next request
[2026-08-22 14:12:26.188 Model_Service_0] Model service 0 input queue is empty, waiting for next request
[2026-08-22 14:12:26.338 Model_Service_4] Model service 4 input queue is empty, waiting for next request
[2026-08-22 14:12:26.547 Model_Service_2] Model service 2 input queue is empty, waiting for next request
[2026-08-22 14:12:28.636 Model_Service_1] Model service 1 input queue is empty, waiting for next request
[2026-08-22 14:12:29.366 Model_Service_3] Model service 3 input queue is empty, waiting for next request
[2026-08-22 14:12:29.787 Model_Service_5] Model service 5 input queue is empty, waiting for next request
[2026-08-22 14:12:31.431 Model_Service_0] Model service 0 input queue is empty, waiting for next request
[2026-08-22 14:12:31.574 Model_Service_4] Model service 4 input queue is empty, waiting for next request
[2026-08-22 14:12:31.799 Model_Service_2] Model service 2 input queue is empty, waiting for next request
[2026-08-22 14:12:33.880 Model_Service_1] Model service 1 input queue is empty, waiting for next request
[2026-08-22 14:12:34.605 Model_Service_3] Model service 3 input queue is empty, waiting for next request
[2026-08-22 14:12:35.029 Model_Service_5] Model service 5 input queue is empty, waiting for next request
[2026-08-22 14:12:36.680 Model_Service_0] Model service 0 input queue is empty, waiting for next request
[2026-08-22 14:12:36.823 Model_Service_4] Model service 4 input queue is empty, waiting for next request
[2026-08-22 14:12:37.042 Model_Service_2] Model service 2 input queue is empty, waiting for next request
[2026-08-22 14:12:39.122 Model_Service_1] Model service 1 input queue is empty, waiting for next request
[2026-08-22 14:12:39.873 Model_Service_3] Model service 3 input queue is empty, waiting for next request
[2026-08-22 14:12:40.271 Model_Service_5] Model service 5 input queue is empty, waiting for next request
[2026-08-22 14:12:41.950 Model_Service_0] Model service 0 input queue is empty, waiting for next request
[2026-08-22 14:12:42.058 Model_Service_4] Model service 4 input queue is empty, waiting for next request
[2026-08-22 14:12:42.287 Model_Service_2] Model service 2 input queue is empty, waiting for next request
[2026-08-22 14:12:44.390 Model_Service_1] Model service 1 input queue is empty, waiting for next request
[2026-08-22 14:12:45.117 Model_Service_3] Model service 3 input queue is empty, waiting for next request
[2026-08-22 14:12:45.513 Model_Service_5] Model service 5 input queue is empty, waiting for next request
[2026-08-22 14:12:47.208 Model_Service_0] Model service 0 input queue is empty, waiting for next request
[2026-08-22 14:12:47.288 Model_Service_4] Model service 4 input queue is empty, waiting for next request
[2026-08-22 14:12:47.527 Model_Service_2] Model service 2 input queue is empty, waiting for next request
[2026-08-22 14:12:49.642 Model_Service_1] Model service 1 input queue is empty, waiting for next request
[2026-08-22 14:12:50.353 Model_Service_3] Model service 3 input queue is empty, waiting for next request
[2026-08-22 14:12:50.760 Model_Service_5] Model service 5 input queue is empty, waiting for next request
[2026-08-22 14:12:52.448 Model_Service_0] Model service 0 input queue is empty, waiting for next request
[2026-08-22 14:12:52.522 Model_Service_4] Model service 4 input queue is empty, waiting for next request
[2026-08-22 14:12:52.766 Model_Service_2] Model service 2 input queue is empty, waiting for next request
[2026-08-22 14:12:54.886 Model_Service_1] Model service 1 input queue is empty, waiting for next request
[2026-08-22 14:12:55.589 Model_Service_3] Model service 3 input queue is empty, waiting for next request
[2026-08-22 14:12:56.004 Model_Service_5] Model service 5 input queue is empty, waiting for next request
[2026-08-22 14:12:57.690 Model_Service_0] Model service 0 input queue is empty, waiting for next request
[2026-08-22 14:12:57.767 Model_Service_4] Model service 4 input queue is empty, waiting for next request
[2026-08-22 14:12:58.008 Model_Service_2] Model service 2 input queue is empty, waiting for next request
[2026-08-22 14:13:00.129 Model_Service_1] Model service 1 input queue is empty, waiting for next request
[2026-08-22 14:13:00.872 Model_Service_3] Model service 3 input queue is empty, waiting for next request
[2026-08-22 14:13:01.245 Model_Service_5] Model service 5 input queue is empty, waiting for next request
[2026-08-22 14:13:02.937 Model_Service_0] Model service 0 input queue is empty, waiting for next request
[2026-08-22 14:13:03.009 Model_Service_4] Model service 4 input queue is empty, waiting for next request
[2026-08-22 14:13:03.296 Model_Service_2] Model service 2 input queue is empty, waiting for next request
[2026-08-22 14:13:05.379 Model_Service_1] Model service 1 input queue is empty, waiting for next request
[2026-08-22 14:13:06.115 Model_Service_3] Model service 3 input queue is empty, waiting for next request
[2026-08-22 14:13:06.485 Model_Service_5] Model service 5 input queue is empty, waiting for next request
[2026-08-22 14:13:08.203 Model_Service_0] Model service 0 input queue is empty, waiting for next request
[2026-08-22 14:13:08.248 Model_Service_4] Model service 4 input queue is empty, waiting for next request
[2026-08-22 14:13:08.534 Model_Service_2] Model service 2 input queue is empty, waiting for next request
[2026-08-22 14:13:10.663 Model_Service_1] Model service 1 input queue is empty, waiting for next request
[2026-08-22 14:13:11.354 Model_Service_3] Model service 3 input queue is empty, waiting for next request
[2026-08-22 14:13:11.740 Model_Service_5] Model service 5 input queue is empty, waiting for next request
[2026-08-22 14:13:13.472 Model_Service_0] Model service 0 input queue is empty, waiting for next request
[2026-08-22 14:13:13.486 Model_Service_4] Model service 4 input queue is empty, waiting for next request
[2026-08-22 14:13:13.773 Model_Service_2] Model service 2 input queue is empty, waiting for next request
[2026-08-22 14:13:15.953 Model_Service_1] Model service 1 input queue is empty, waiting for next request
[2026-08-22 14:13:16.589 Model_Service_3] Model service 3 input queue is empty, waiting for next request
[2026-08-22 14:13:16.981 Model_Service_5] Model service 5 input queue is empty, waiting for next request
[2026-08-22 14:13:18.714 Model_Service_0] Model service 0 input queue is empty, waiting for next request
[2026-08-22 14:13:18.723 Model_Service_4] Model service 4 input queue is empty, waiting for next request
[2026-08-22 14:13:19.026 Model_Service_2] Model service 2 input queue is empty, waiting for next request
[2026-08-22 14:13:21.205 Model_Service_1] Model service 1 input queue is empty, waiting for next request
[2026-08-22 14:13:21.825 Model_Service_3] Model service 3 input queue is empty, waiting for next request
[2026-08-22 14:13:22.250 Model_Service_5] Model service 5 input queue is empty, waiting for next request
[2026-08-22 14:13:23.956 Model_Service_0] Model service 0 input queue is empty, waiting for next request
[2026-08-22 14:13:23.960 Model_Service_4] Model service 4 input queue is empty, waiting for next request
[2026-08-22 14:13:24.324 Model_Service_2] Model service 2 input queue is empty, waiting for next request
[2026-08-22 14:13:26.450 Model_Service_1] Model service 1 input queue is empty, waiting for next request
[2026-08-22 14:13:27.063 Model_Service_3] Model service 3 input queue is empty, waiting for next request
[2026-08-22 14:13:27.499 Model_Service_5] Model service 5 input queue is empty, waiting for next request
[2026-08-22 14:13:29.196 Model_Service_0] Model service 0 input queue is empty, waiting for next request
[2026-08-22 14:13:29.199 Model_Service_4] Model service 4 input queue is empty, waiting for next request
[2026-08-22 14:13:29.561 Model_Service_2] Model service 2 input queue is empty, waiting for next request
[2026-08-22 14:13:31.694 Model_Service_1] Model service 1 input queue is empty, waiting for next request
[2026-08-22 14:13:32.302 Model_Service_3] Model service 3 input queue is empty, waiting for next request
[2026-08-22 14:13:32.737 Model_Service_5] Model service 5 input queue is empty, waiting for next request
[2026-08-22 14:13:34.434 Model_Service_0] Model service 0 input queue is empty, waiting for next request
[2026-08-22 14:13:34.441 Model_Service_4] Model service 4 input queue is empty, waiting for next request
[2026-08-22 14:13:34.800 Model_Service_2] Model service 2 input queue is empty, waiting for next request
[2026-08-22 14:13:36.939 Model_Service_1] Model service 1 input queue is empty, waiting for next request
[2026-08-22 14:13:37.540 Model_Service_3] Model service 3 input queue is empty, waiting for next request
[2026-08-22 14:13:37.981 Model_Service_5] Model service 5 input queue is empty, waiting for next request
[2026-08-22 14:13:39.673 Model_Service_0] Model service 0 input queue is empty, waiting for next request
[2026-08-22 14:13:39.680 Model_Service_4] Model service 4 input queue is empty, waiting for next request
[2026-08-22 14:13:40.039 Model_Service_2] Model service 2 input queue is empty, waiting for next request
[2026-08-22 14:13:42.182 Model_Service_1] Model service 1 input queue is empty, waiting for next request
[2026-08-22 14:13:42.778 Model_Service_3] Model service 3 input queue is empty, waiting for next request
[2026-08-22 14:13:43.222 Model_Service_5] Model service 5 input queue is empty, waiting for next request
[2026-08-22 14:13:44.914 Model_Service_0] Model service 0 input queue is empty, waiting for next request
[2026-08-22 14:13:44.917 Model_Service_4] Model service 4 input queue is empty, waiting for next request
[2026-08-22 14:13:45.274 Model_Service_2] Model service 2 input queue is empty, waiting for next request
[2026-08-22 14:13:47.426 Model_Service_1] Model service 1 input queue is empty, waiting for next request
[2026-08-22 14:13:48.017 Model_Service_3] Model service 3 input queue is empty, waiting for next request
[2026-08-22 14:13:48.463 Model_Service_5] Model service 5 input queue is empty, waiting for next request
[2026-08-22 14:13:50.151 Model_Service_0] Model service 0 input queue is empty, waiting for next request
[2026-08-22 14:13:50.154 Model_Service_4] Model service 4 input queue is empty, waiting for next request
[2026-08-22 14:13:50.533 Model_Service_2] Model service 2 input queue is empty, waiting for next request
[2026-08-22 14:13:52.672 Model_Service_1] Model service 1 input queue is empty, waiting for next request
[2026-08-22 14:13:53.250 Model_Service_3] Model service 3 input queue is empty, waiting for next request
[2026-08-22 14:13:53.706 Model_Service_5] Model service 5 input queue is empty, waiting for next request
[2026-08-22 14:13:55.394 Model_Service_0] Model service 0 input queue is empty, waiting for next request
[2026-08-22 14:13:55.398 Model_Service_4] Model service 4 input queue is empty, waiting for next request
[2026-08-22 14:13:55.768 Model_Service_2] Model service 2 input queue is empty, waiting for next request
[2026-08-22 14:13:57.930 Model_Service_1] Model service 1 input queue is empty, waiting for next request
[2026-08-22 14:13:58.493 Model_Service_3] Model service 3 input queue is empty, waiting for next request
[2026-08-22 14:13:58.947 Model_Service_5] Model service 5 input queue is empty, waiting for next request
[2026-08-22 14:14:00.637 Model_Service_4] Model service 4 input queue is empty, waiting for next request
[2026-08-22 14:14:00.638 Model_Service_0] Model service 0 input queue is empty, waiting for next request
[2026-08-22 14:14:01.008 Model_Service_2] Model service 2 input queue is empty, waiting for next request
[2026-08-22 14:14:03.185 Model_Service_1] Model service 1 input queue is empty, waiting for next request
[2026-08-22 14:14:03.764 Model_Service_3] Model service 3 input queue is empty, waiting for next request
[2026-08-22 14:14:04.190 Model_Service_5] Model service 5 input queue is empty, waiting for next request
[2026-08-22 14:14:05.878 Model_Service_4] Model service 4 input queue is empty, waiting for next request
[2026-08-22 14:14:05.880 Model_Service_0] Model service 0 input queue is empty, waiting for next request
[2026-08-22 14:14:06.250 Model_Service_2] Model service 2 input queue is empty, waiting for next request
[2026-08-22 14:14:08.434 Model_Service_1] Model service 1 input queue is empty, waiting for next request
[2026-08-22 14:14:09.004 Model_Service_3] Model service 3 input queue is empty, waiting for next request
[2026-08-22 14:14:09.497 Model_Service_5] Model service 5 input queue is empty, waiting for next request
[2026-08-22 14:14:11.118 Model_Service_4] Model service 4 input queue is empty, waiting for next request
[2026-08-22 14:14:11.124 Model_Service_0] Model service 0 input queue is empty, waiting for next request
[2026-08-22 14:14:11.493 Model_Service_2] Model service 2 input queue is empty, waiting for next request
[2026-08-22 14:14:13.684 Model_Service_1] Model service 1 input queue is empty, waiting for next request
[2026-08-22 14:14:14.243 Model_Service_3] Model service 3 input queue is empty, waiting for next request
[2026-08-22 14:14:14.740 Model_Service_5] Model service 5 input queue is empty, waiting for next request
[2026-08-22 14:14:16.356 Model_Service_4] Model service 4 input queue is empty, waiting for next request
[2026-08-22 14:14:16.393 Model_Service_0] Model service 0 input queue is empty, waiting for next request
[2026-08-22 14:14:16.732 Model_Service_2] Model service 2 input queue is empty, waiting for next request
[2026-08-22 14:14:18.932 Model_Service_1] Model service 1 input queue is empty, waiting for next request
[2026-08-22 14:14:19.482 Model_Service_3] Model service 3 input queue is empty, waiting for next request
[2026-08-22 14:14:19.982 Model_Service_5] Model service 5 input queue is empty, waiting for next request
[2026-08-22 14:14:21.591 Model_Service_4] Model service 4 input queue is empty, waiting for next request
[2026-08-22 14:14:21.636 Model_Service_0] Model service 0 input queue is empty, waiting for next request
[2026-08-22 14:14:21.966 Model_Service_2] Model service 2 input queue is empty, waiting for next request
[2026-08-22 14:14:24.182 Model_Service_1] Model service 1 input queue is empty, waiting for next request
[2026-08-22 14:14:24.774 Model_Service_3] Model service 3 input queue is empty, waiting for next request
[2026-08-22 14:14:25.229 Model_Service_5] Model service 5 input queue is empty, waiting for next request
[2026-08-22 14:14:26.830 Model_Service_4] Model service 4 input queue is empty, waiting for next request
[2026-08-22 14:14:26.887 Model_Service_0] Model service 0 input queue is empty, waiting for next request
[2026-08-22 14:14:27.233 Model_Service_2] Model service 2 input queue is empty, waiting for next request
[2026-08-22 14:14:29.429 Model_Service_1] Model service 1 input queue is empty, waiting for next request
[2026-08-22 14:14:30.017 Model_Service_3] Model service 3 input queue is empty, waiting for next request
[2026-08-22 14:14:30.470 Model_Service_5] Model service 5 input queue is empty, waiting for next request
[2026-08-22 14:14:32.066 Model_Service_4] Model service 4 input queue is empty, waiting for next request
[2026-08-22 14:14:32.139 Model_Service_0] Model service 0 input queue is empty, waiting for next request
[2026-08-22 14:14:32.476 Model_Service_2] Model service 2 input queue is empty, waiting for next request
[2026-08-22 14:14:34.676 Model_Service_1] Model service 1 input queue is empty, waiting for next request
[2026-08-22 14:14:35.259 Model_Service_3] Model service 3 input queue is empty, waiting for next request
[2026-08-22 14:14:35.714 Model_Service_5] Model service 5 input queue is empty, waiting for next request
[2026-08-22 14:14:37.306 Model_Service_4] Model service 4 input queue is empty, waiting for next request
[2026-08-22 14:14:37.386 Model_Service_0] Model service 0 input queue is empty, waiting for next request
[2026-08-22 14:14:37.706 Model_Service_2] Model service 2 input queue is empty, waiting for next request
[2026-08-22 14:14:39.926 Model_Service_1] Model service 1 input queue is empty, waiting for next request
[2026-08-22 14:14:40.498 Model_Service_3] Model service 3 input queue is empty, waiting for next request
[2026-08-22 14:14:40.954 Model_Service_5] Model service 5 input queue is empty, waiting for next request
[2026-08-22 14:14:42.582 Model_Service_4] Model service 4 input queue is empty, waiting for next request
[2026-08-22 14:14:42.653 Model_Service_0] Model service 0 input queue is empty, waiting for next request
[2026-08-22 14:14:42.946 Model_Service_2] Model service 2 input queue is empty, waiting for next request
[2026-08-22 14:14:45.205 Model_Service_1] Model service 1 input queue is empty, waiting for next request
[2026-08-22 14:14:45.738 Model_Service_3] Model service 3 input queue is empty, waiting for next request
[2026-08-22 14:14:46.194 Model_Service_5] Model service 5 input queue is empty, waiting for next request
[2026-08-22 14:14:47.820 Model_Service_4] Model service 4 input queue is empty, waiting for next request
[2026-08-22 14:14:47.922 Model_Service_0] Model service 0 input queue is empty, waiting for next request
[2026-08-22 14:14:48.214 Model_Service_2] Model service 2 input queue is empty, waiting for next request
[2026-08-22 14:14:50.458 Model_Service_1] Model service 1 input queue is empty, waiting for next request
[2026-08-22 14:14:50.974 Model_Service_3] Model service 3 input queue is empty, waiting for next request
[2026-08-22 14:14:51.441 Model_Service_5] Model service 5 input queue is empty, waiting for next request
[2026-08-22 14:14:53.062 Model_Service_4] Model service 4 input queue is empty, waiting for next request
[2026-08-22 14:14:53.167 Model_Service_0] Model service 0 input queue is empty, waiting for next request
[2026-08-22 14:14:53.470 Model_Service_2] Model service 2 input queue is empty, waiting for next request
[2026-08-22 14:14:55.707 Model_Service_1] Model service 1 input queue is empty, waiting for next request
[2026-08-22 14:14:56.206 Model_Service_3] Model service 3 input queue is empty, waiting for next request
[2026-08-22 14:14:56.678 Model_Service_5] Model service 5 input queue is empty, waiting for next request
[2026-08-22 14:14:58.306 Model_Service_4] Model service 4 input queue is empty, waiting for next request
[2026-08-22 14:14:58.414 Model_Service_0] Model service 0 input queue is empty, waiting for next request
[2026-08-22 14:14:58.706 Model_Service_2] Model service 2 input queue is empty, waiting for next request
[2026-08-22 14:15:00.958 Model_Service_1] Model service 1 input queue is empty, waiting for next request
[2026-08-22 14:15:01.444 Model_Service_3] Model service 3 input queue is empty, waiting for next request
[2026-08-22 14:15:01.915 Model_Service_5] Model service 5 input queue is empty, waiting for next request
[2026-08-22 14:15:03.544 Model_Service_4] Model service 4 input queue is empty, waiting for next request
[2026-08-22 14:15:03.660 Model_Service_0] Model service 0 input queue is empty, waiting for next request
[2026-08-22 14:15:03.939 Model_Service_2] Model service 2 input queue is empty, waiting for next request
[2026-08-22 14:15:06.209 Model_Service_1] Model service 1 input queue is empty, waiting for next request
[2026-08-22 14:15:06.693 Model_Service_3] Model service 3 input queue is empty, waiting for next request
[2026-08-22 14:15:07.154 Model_Service_5] Model service 5 input queue is empty, waiting for next request
[2026-08-22 14:15:08.784 Model_Service_4] Model service 4 input queue is empty, waiting for next request
[2026-08-22 14:15:08.906 Model_Service_0] Model service 0 input queue is empty, waiting for next request
[2026-08-22 14:15:09.177 Model_Service_2] Model service 2 input queue is empty, waiting for next request
[2026-08-22 14:15:11.457 Model_Service_1] Model service 1 input queue is empty, waiting for next request
[2026-08-22 14:15:11.933 Model_Service_3] Model service 3 input queue is empty, waiting for next request
[2026-08-22 14:15:12.393 Model_Service_5] Model service 5 input queue is empty, waiting for next request
[2026-08-22 14:15:14.022 Model_Service_4] Model service 4 input queue is empty, waiting for next request
[2026-08-22 14:15:14.158 Model_Service_0] Model service 0 input queue is empty, waiting for next request
[2026-08-22 14:15:14.419 Model_Service_2] Model service 2 input queue is empty, waiting for next request
[2026-08-22 14:15:16.727 Model_Service_1] Model service 1 input queue is empty, waiting for next request
[2026-08-22 14:15:17.173 Model_Service_3] Model service 3 input queue is empty, waiting for next request
[2026-08-22 14:15:17.630 Model_Service_5] Model service 5 input queue is empty, waiting for next request
[2026-08-22 14:15:19.266 Model_Service_4] Model service 4 input queue is empty, waiting for next request
[2026-08-22 14:15:19.462 Model_Service_0] Model service 0 input queue is empty, waiting for next request
[2026-08-22 14:15:19.657 Model_Service_2] Model service 2 input queue is empty, waiting for next request
[2026-08-22 14:15:22.016 Model_Service_1] Model service 1 input queue is empty, waiting for next request
[2026-08-22 14:15:22.413 Model_Service_3] Model service 3 input queue is empty, waiting for next request
[2026-08-22 14:15:22.866 Model_Service_5] Model service 5 input queue is empty, waiting for next request
[2026-08-22 14:15:24.502 Model_Service_4] Model service 4 input queue is empty, waiting for next request
[2026-08-22 14:15:24.708 Model_Service_0] Model service 0 input queue is empty, waiting for next request
[2026-08-22 14:15:24.890 Model_Service_2] Model service 2 input queue is empty, waiting for next request
[2026-08-22 14:15:27.259 Model_Service_1] Model service 1 input queue is empty, waiting for next request
[2026-08-22 14:15:27.686 Model_Service_3] Model service 3 input queue is empty, waiting for next request
[2026-08-22 14:15:28.101 Model_Service_5] Model service 5 input queue is empty, waiting for next request
[2026-08-22 14:15:29.741 Model_Service_4] Model service 4 input queue is empty, waiting for next request
[2026-08-22 14:15:29.953 Model_Service_0] Model service 0 input queue is empty, waiting for next request
[2026-08-22 14:15:30.125 Model_Service_2] Model service 2 input queue is empty, waiting for next request
[2026-08-22 14:15:32.503 Model_Service_1] Model service 1 input queue is empty, waiting for next request
[2026-08-22 14:15:32.925 Model_Service_3] Model service 3 input queue is empty, waiting for next request
[2026-08-22 14:15:33.339 Model_Service_5] Model service 5 input queue is empty, waiting for next request
[2026-08-22 14:15:34.977 Model_Service_4] Model service 4 input queue is empty, waiting for next request
[2026-08-22 14:15:35.198 Model_Service_0] Model service 0 input queue is empty, waiting for next request
[2026-08-22 14:15:35.362 Model_Service_2] Model service 2 input queue is empty, waiting for next request
[2026-08-22 14:15:37.755 Model_Service_1] Model service 1 input queue is empty, waiting for next request
[2026-08-22 14:15:38.161 Model_Service_3] Model service 3 input queue is empty, waiting for next request
[2026-08-22 14:15:38.579 Model_Service_5] Model service 5 input queue is empty, waiting for next request
[2026-08-22 14:15:40.213 Model_Service_4] Model service 4 input queue is empty, waiting for next request
[2026-08-22 14:15:40.446 Model_Service_0] Model service 0 input queue is empty, waiting for next request
[2026-08-22 14:15:40.599 Model_Service_2] Model service 2 input queue is empty, waiting for next request
[2026-08-22 14:15:43.031 Model_Service_1] Model service 1 input queue is empty, waiting for next request
[2026-08-22 14:15:43.405 Model_Service_3] Model service 3 input queue is empty, waiting for next request
[2026-08-22 14:15:43.814 Model_Service_5] Model service 5 input queue is empty, waiting for next request
[2026-08-22 14:15:45.455 Model_Service_4] Model service 4 input queue is empty, waiting for next request
[2026-08-22 14:15:45.689 Model_Service_0] Model service 0 input queue is empty, waiting for next request
[2026-08-22 14:15:45.834 Model_Service_2] Model service 2 input queue is empty, waiting for next request
[2026-08-22 14:15:48.278 Model_Service_1] Model service 1 input queue is empty, waiting for next request
[2026-08-22 14:15:48.692 Model_Service_3] Model service 3 input queue is empty, waiting for next request
[2026-08-22 14:15:49.054 Model_Service_5] Model service 5 input queue is empty, waiting for next request
[2026-08-22 14:15:50.746 Model_Service_4] Model service 4 input queue is empty, waiting for next request
[2026-08-22 14:15:50.934 Model_Service_0] Model service 0 input queue is empty, waiting for next request
[2026-08-22 14:15:51.067 Model_Service_2] Model service 2 input queue is empty, waiting for next request
[2026-08-22 14:15:53.526 Model_Service_1] Model service 1 input queue is empty, waiting for next request
[2026-08-22 14:15:53.929 Model_Service_3] Model service 3 input queue is empty, waiting for next request
[2026-08-22 14:15:54.298 Model_Service_5] Model service 5 input queue is empty, waiting for next request
[2026-08-22 14:15:55.986 Model_Service_4] Model service 4 input queue is empty, waiting for next request
[2026-08-22 14:15:56.178 Model_Service_0] Model service 0 input queue is empty, waiting for next request
[2026-08-22 14:15:56.333 Model_Service_2] Model service 2 input queue is empty, waiting for next request
[2026-08-22 14:15:58.778 Model_Service_1] Model service 1 input queue is empty, waiting for next request
[2026-08-22 14:15:59.165 Model_Service_3] Model service 3 input queue is empty, waiting for next request
[2026-08-22 14:15:59.541 Model_Service_5] Model service 5 input queue is empty, waiting for next request
[2026-08-22 14:16:01.224 Model_Service_4] Model service 4 input queue is empty, waiting for next request
[2026-08-22 14:16:01.422 Model_Service_0] Model service 0 input queue is empty, waiting for next request
[2026-08-22 14:16:01.572 Model_Service_2] Model service 2 input queue is empty, waiting for next request
[2026-08-22 14:16:04.027 Model_Service_1] Model service 1 input queue is empty, waiting for next request
[2026-08-22 14:16:04.402 Model_Service_3] Model service 3 input queue is empty, waiting for next request
[2026-08-22 14:16:04.786 Model_Service_5] Model service 5 input queue is empty, waiting for next request
[2026-08-22 14:16:06.461 Model_Service_4] Model service 4 input queue is empty, waiting for next request
[2026-08-22 14:16:06.663 Model_Service_0] Model service 0 input queue is empty, waiting for next request
[2026-08-22 14:16:06.824 Model_Service_2] Model service 2 input queue is empty, waiting for next request
[2026-08-22 14:16:09.282 Model_Service_1] Model service 1 input queue is empty, waiting for next request
[2026-08-22 14:16:09.641 Model_Service_3] Model service 3 input queue is empty, waiting for next request
[2026-08-22 14:16:10.034 Model_Service_5] Model service 5 input queue is empty, waiting for next request
[2026-08-22 14:16:11.699 Model_Service_4] Model service 4 input queue is empty, waiting for next request
[2026-08-22 14:16:11.903 Model_Service_0] Model service 0 input queue is empty, waiting for next request
[2026-08-22 14:16:12.070 Model_Service_2] Model service 2 input queue is empty, waiting for next request
[2026-08-22 14:16:14.534 Model_Service_1] Model service 1 input queue is empty, waiting for next request
[2026-08-22 14:16:14.878 Model_Service_3] Model service 3 input queue is empty, waiting for next request
[2026-08-22 14:16:15.281 Model_Service_5] Model service 5 input queue is empty, waiting for next request
[2026-08-22 14:16:16.935 Model_Service_4] Model service 4 input queue is empty, waiting for next request
[2026-08-22 14:16:17.142 Model_Service_0] Model service 0 input queue is empty, waiting for next request
[2026-08-22 14:16:17.366 Model_Service_2] Model service 2 input queue is empty, waiting for next request
[2026-08-22 14:16:19.781 Model_Service_1] Model service 1 input queue is empty, waiting for next request
[2026-08-22 14:16:20.116 Model_Service_3] Model service 3 input queue is empty, waiting for next request
[2026-08-22 14:16:20.524 Model_Service_5] Model service 5 input queue is empty, waiting for next request
[2026-08-22 14:16:22.170 Model_Service_4] Model service 4 input queue is empty, waiting for next request
[2026-08-22 14:16:22.379 Model_Service_0] Model service 0 input queue is empty, waiting for next request
[2026-08-22 14:16:22.619 Model_Service_2] Model service 2 input queue is empty, waiting for next request
[2026-08-22 14:16:25.037 Model_Service_1] Model service 1 input queue is empty, waiting for next request
[2026-08-22 14:16:25.354 Model_Service_3] Model service 3 input queue is empty, waiting for next request
[2026-08-22 14:16:25.807 Model_Service_5] Model service 5 input queue is empty, waiting for next request
[2026-08-22 14:16:27.409 Model_Service_4] Model service 4 input queue is empty, waiting for next request
[2026-08-22 14:16:27.621 Model_Service_0] Model service 0 input queue is empty, waiting for next request
[2026-08-22 14:16:27.858 Model_Service_2] Model service 2 input queue is empty, waiting for next request
[2026-08-22 14:16:30.288 Model_Service_1] Model service 1 input queue is empty, waiting for next request
[2026-08-22 14:16:30.595 Model_Service_3] Model service 3 input queue is empty, waiting for next request
[2026-08-22 14:16:31.058 Model_Service_5] Model service 5 input queue is empty, waiting for next request
[2026-08-22 14:16:32.648 Model_Service_4] Model service 4 input queue is empty, waiting for next request
[2026-08-22 14:16:32.865 Model_Service_0] Model service 0 input queue is empty, waiting for next request
[2026-08-22 14:16:33.097 Model_Service_2] Model service 2 input queue is empty, waiting for next request
[2026-08-22 14:16:35.537 Model_Service_1] Model service 1 input queue is empty, waiting for next request
[2026-08-22 14:16:35.834 Model_Service_3] Model service 3 input queue is empty, waiting for next request
[2026-08-22 14:16:36.304 Model_Service_5] Model service 5 input queue is empty, waiting for next request
[2026-08-22 14:16:37.885 Model_Service_4] Model service 4 input queue is empty, waiting for next request
[2026-08-22 14:16:38.105 Model_Service_0] Model service 0 input queue is empty, waiting for next request
[2026-08-22 14:16:38.339 Model_Service_2] Model service 2 input queue is empty, waiting for next request
[2026-08-22 14:16:40.782 Model_Service_1] Model service 1 input queue is empty, waiting for next request
[2026-08-22 14:16:41.074 Model_Service_3] Model service 3 input queue is empty, waiting for next request
[2026-08-22 14:16:41.546 Model_Service_5] Model service 5 input queue is empty, waiting for next request
[2026-08-22 14:16:43.122 Model_Service_4] Model service 4 input queue is empty, waiting for next request
[2026-08-22 14:16:43.344 Model_Service_0] Model service 0 input queue is empty, waiting for next request
[2026-08-22 14:16:43.579 Model_Service_2] Model service 2 input queue is empty, waiting for next request
[2026-08-22 14:16:46.030 Model_Service_1] Model service 1 input queue is empty, waiting for next request
[2026-08-22 14:16:46.337 Model_Service_3] Model service 3 input queue is empty, waiting for next request
[2026-08-22 14:16:46.787 Model_Service_5] Model service 5 input queue is empty, waiting for next request
[2026-08-22 14:16:48.359 Model_Service_4] Model service 4 input queue is empty, waiting for next request
[2026-08-22 14:16:48.584 Model_Service_0] Model service 0 input queue is empty, waiting for next request
[2026-08-22 14:16:48.819 Model_Service_2] Model service 2 input queue is empty, waiting for next request
[2026-08-22 14:16:51.282 Model_Service_1] Model service 1 input queue is empty, waiting for next request
[2026-08-22 14:16:51.594 Model_Service_3] Model service 3 input queue is empty, waiting for next request
[2026-08-22 14:16:52.033 Model_Service_5] Model service 5 input queue is empty, waiting for next request
[2026-08-22 14:16:53.598 Model_Service_4] Model service 4 input queue is empty, waiting for next request
[2026-08-22 14:16:53.819 Model_Service_0] Model service 0 input queue is empty, waiting for next request
[2026-08-22 14:16:54.058 Model_Service_2] Model service 2 input queue is empty, waiting for next request
[2026-08-22 14:16:56.532 Model_Service_1] Model service 1 input queue is empty, waiting for next request
[2026-08-22 14:16:56.830 Model_Service_3] Model service 3 input queue is empty, waiting for next request
[2026-08-22 14:16:57.276 Model_Service_5] Model service 5 input queue is empty, waiting for next request
[2026-08-22 14:16:58.840 Model_Service_4] Model service 4 input queue is empty, waiting for next request
[2026-08-22 14:16:59.056 Model_Service_0] Model service 0 input queue is empty, waiting for next request
[2026-08-22 14:16:59.299 Model_Service_2] Model service 2 input queue is empty, waiting for next request
[2026-08-22 14:17:01.778 Model_Service_1] Model service 1 input queue is empty, waiting for next request
[2026-08-22 14:17:02.062 Model_Service_3] Model service 3 input queue is empty, waiting for next request
[2026-08-22 14:17:02.522 Model_Service_5] Model service 5 input queue is empty, waiting for next request
[2026-08-22 14:17:04.083 Model_Service_4] Model service 4 input queue is empty, waiting for next request
[2026-08-22 14:17:04.295 Model_Service_0] Model service 0 input queue is empty, waiting for next request
[2026-08-22 14:17:04.542 Model_Service_2] Model service 2 input queue is empty, waiting for next request
[2026-08-22 14:17:07.058 Model_Service_1] Model service 1 input queue is empty, waiting for next request
[2026-08-22 14:17:07.334 Model_Service_3] Model service 3 input queue is empty, waiting for next request
[2026-08-22 14:17:07.784 Model_Service_5] Model service 5 input queue is empty, waiting for next request
[2026-08-22 14:17:09.326 Model_Service_4] Model service 4 input queue is empty, waiting for next request
[2026-08-22 14:17:09.536 Model_Service_0] Model service 0 input queue is empty, waiting for next request
[2026-08-22 14:17:09.790 Model_Service_2] Model service 2 input queue is empty, waiting for next request
[2026-08-22 14:17:12.308 Model_Service_1] Model service 1 input queue is empty, waiting for next request
[2026-08-22 14:17:12.586 Model_Service_3] Model service 3 input queue is empty, waiting for next request
[2026-08-22 14:17:13.068 Model_Service_5] Model service 5 input queue is empty, waiting for next request
[2026-08-22 14:17:14.561 Model_Service_4] Model service 4 input queue is empty, waiting for next request
[2026-08-22 14:17:14.814 Model_Service_0] Model service 0 input queue is empty, waiting for next request
[2026-08-22 14:17:15.030 Model_Service_2] Model service 2 input queue is empty, waiting for next request
[2026-08-22 14:17:17.556 Model_Service_1] Model service 1 input queue is empty, waiting for next request
[2026-08-22 14:17:17.825 Model_Service_3] Model service 3 input queue is empty, waiting for next request
[2026-08-22 14:17:18.310 Model_Service_5] Model service 5 input queue is empty, waiting for next request
[2026-08-22 14:17:19.795 Model_Service_4] Model service 4 input queue is empty, waiting for next request
[2026-08-22 14:17:20.054 Model_Service_0] Model service 0 input queue is empty, waiting for next request
[2026-08-22 14:17:20.270 Model_Service_2] Model service 2 input queue is empty, waiting for next request
[2026-08-22 14:17:22.805 Model_Service_1] Model service 1 input queue is empty, waiting for next request
[2026-08-22 14:17:23.062 Model_Service_3] Model service 3 input queue is empty, waiting for next request
[2026-08-22 14:17:23.554 Model_Service_5] Model service 5 input queue is empty, waiting for next request
[2026-08-22 14:17:25.040 Model_Service_4] Model service 4 input queue is empty, waiting for next request
[2026-08-22 14:17:25.308 Model_Service_0] Model service 0 input queue is empty, waiting for next request
[2026-08-22 14:17:25.544 Model_Service_2] Model service 2 input queue is empty, waiting for next request
[2026-08-22 14:17:28.053 Model_Service_1] Model service 1 input queue is empty, waiting for next request
[2026-08-22 14:17:28.302 Model_Service_3] Model service 3 input queue is empty, waiting for next request
[2026-08-22 14:17:28.799 Model_Service_5] Model service 5 input queue is empty, waiting for next request
[2026-08-22 14:17:30.284 Model_Service_4] Model service 4 input queue is empty, waiting for next request
[2026-08-22 14:17:30.542 Model_Service_0] Model service 0 input queue is empty, waiting for next request
[2026-08-22 14:17:30.784 Model_Service_2] Model service 2 input queue is empty, waiting for next request
[2026-08-22 14:17:33.302 Model_Service_1] Model service 1 input queue is empty, waiting for next request
[2026-08-22 14:17:33.538 Model_Service_3] Model service 3 input queue is empty, waiting for next request
[2026-08-22 14:17:34.041 Model_Service_5] Model service 5 input queue is empty, waiting for next request
[2026-08-22 14:17:35.523 Model_Service_4] Model service 4 input queue is empty, waiting for next request
[2026-08-22 14:17:35.776 Model_Service_0] Model service 0 input queue is empty, waiting for next request
[2026-08-22 14:17:36.029 Model_Service_2] Model service 2 input queue is empty, waiting for next request
[2026-08-22 14:17:38.550 Model_Service_1] Model service 1 input queue is empty, waiting for next request
[2026-08-22 14:17:38.779 Model_Service_3] Model service 3 input queue is empty, waiting for next request
[2026-08-22 14:17:39.289 Model_Service_5] Model service 5 input queue is empty, waiting for next request
[2026-08-22 14:17:40.762 Model_Service_4] Model service 4 input queue is empty, waiting for next request
[2026-08-22 14:17:41.009 Model_Service_0] Model service 0 input queue is empty, waiting for next request
[2026-08-22 14:17:41.274 Model_Service_2] Model service 2 input queue is empty, waiting for next request
[2026-08-22 14:17:43.798 Model_Service_1] Model service 1 input queue is empty, waiting for next request
[2026-08-22 14:17:44.018 Model_Service_3] Model service 3 input queue is empty, waiting for next request
[2026-08-22 14:17:44.535 Model_Service_5] Model service 5 input queue is empty, waiting for next request
[2026-08-22 14:17:45.995 Model_Service_4] Model service 4 input queue is empty, waiting for next request
[2026-08-22 14:17:46.246 Model_Service_0] Model service 0 input queue is empty, waiting for next request
[2026-08-22 14:17:46.566 Model_Service_2] Model service 2 input queue is empty, waiting for next request
[2026-08-22 14:17:49.111 Model_Service_1] Model service 1 input queue is empty, waiting for next request
[2026-08-22 14:17:49.254 Model_Service_3] Model service 3 input queue is empty, waiting for next request
[2026-08-22 14:17:49.780 Model_Service_5] Model service 5 input queue is empty, waiting for next request
[2026-08-22 14:17:51.231 Model_Service_4] Model service 4 input queue is empty, waiting for next request
[2026-08-22 14:17:51.478 Model_Service_0] Model service 0 input queue is empty, waiting for next request
[2026-08-22 14:17:51.801 Model_Service_2] Model service 2 input queue is empty, waiting for next request
[2026-08-22 14:17:54.361 Model_Service_1] Model service 1 input queue is empty, waiting for next request
[2026-08-22 14:17:54.490 Model_Service_3] Model service 3 input queue is empty, waiting for next request
[2026-08-22 14:17:55.027 Model_Service_5] Model service 5 input queue is empty, waiting for next request
[2026-08-22 14:17:56.466 Model_Service_4] Model service 4 input queue is empty, waiting for next request
[2026-08-22 14:17:56.766 Model_Service_0] Model service 0 input queue is empty, waiting for next request
[2026-08-22 14:17:57.047 Model_Service_2] Model service 2 input queue is empty, waiting for next request
[2026-08-22 14:17:59.608 Model_Service_1] Model service 1 input queue is empty, waiting for next request
[2026-08-22 14:17:59.727 Model_Service_3] Model service 3 input queue is empty, waiting for next request
[2026-08-22 14:18:00.273 Model_Service_5] Model service 5 input queue is empty, waiting for next request
[2026-08-22 14:18:01.699 Model_Service_4] Model service 4 input queue is empty, waiting for next request
[2026-08-22 14:18:01.998 Model_Service_0] Model service 0 input queue is empty, waiting for next request
[2026-08-22 14:18:02.285 Model_Service_2] Model service 2 input queue is empty, waiting for next request
[2026-08-22 14:18:04.858 Model_Service_1] Model service 1 input queue is empty, waiting for next request
[2026-08-22 14:18:04.966 Model_Service_3] Model service 3 input queue is empty, waiting for next request
[2026-08-22 14:18:05.514 Model_Service_5] Model service 5 input queue is empty, waiting for next request
[2026-08-22 14:18:06.939 Model_Service_4] Model service 4 input queue is empty, waiting for next request
[2026-08-22 14:18:07.232 Model_Service_0] Model service 0 input queue is empty, waiting for next request
[2026-08-22 14:18:07.522 Model_Service_2] Model service 2 input queue is empty, waiting for next request
[2026-08-22 14:18:10.107 Model_Service_1] Model service 1 input queue is empty, waiting for next request
[2026-08-22 14:18:10.230 Model_Service_3] Model service 3 input queue is empty, waiting for next request
[2026-08-22 14:18:10.758 Model_Service_5] Model service 5 input queue is empty, waiting for next request
[2026-08-22 14:18:12.174 Model_Service_4] Model service 4 input queue is empty, waiting for next request
[2026-08-22 14:18:12.466 Model_Service_0] Model service 0 input queue is empty, waiting for next request
[2026-08-22 14:18:12.762 Model_Service_2] Model service 2 input queue is empty, waiting for next request
[2026-08-22 14:18:15.354 Model_Service_1] Model service 1 input queue is empty, waiting for next request
[2026-08-22 14:18:15.475 Model_Service_3] Model service 3 input queue is empty, waiting for next request
[2026-08-22 14:18:16.003 Model_Service_5] Model service 5 input queue is empty, waiting for next request
[2026-08-22 14:18:17.410 Model_Service_4] Model service 4 input queue is empty, waiting for next request
[2026-08-22 14:18:17.701 Model_Service_0] Model service 0 input queue is empty, waiting for next request
[2026-08-22 14:18:17.997 Model_Service_2] Model service 2 input queue is empty, waiting for next request
[2026-08-22 14:18:20.605 Model_Service_1] Model service 1 input queue is empty, waiting for next request
[2026-08-22 14:18:20.711 Model_Service_3] Model service 3 input queue is empty, waiting for next request
[2026-08-22 14:18:21.247 Model_Service_5] Model service 5 input queue is empty, waiting for next request
[2026-08-22 14:18:22.644 Model_Service_4] Model service 4 input queue is empty, waiting for next request
[2026-08-22 14:18:22.935 Model_Service_0] Model service 0 input queue is empty, waiting for next request
[2026-08-22 14:18:23.236 Model_Service_2] Model service 2 input queue is empty, waiting for next request
