estimator,workload,rate,seed,cond,cycle,timestamp,replay_match,n_valid,global_best_peak_kvpr,best_separated_peak_kvpr,best_colocated_peak_kvpr,optimum_is_colocated,separated_penalty,colocated_penalty,plan_colocated,residency_colocated,plan_shape,residency_shape,rank1_model,wrate_model_3,wrate_model_4,wrate_model_5,wrate_model_6
OLD,bursty,2,1,bursty_r2_s1,1,1787589176.5197194,True,14,0.0003764869446019669,0.0003764869446019669,0.0006560606105247041,False,0.0,0.742585287302089,False,False,2+2,2+2,model_5,4.0866264912914075e-09,0.009315701003431038,0.02204134134008621,0.01068736982011299
OLD,bursty,2,1,bursty_r2_s1,2,1787589181.5263846,False,14,0.004018438888583129,0.004018438888583129,0.0043095398009447665,False,0.0,0.07244129385386211,False,False,2+2,2+2,model_4,-3.824859483846975e-08,0.2376137065792454,0.21498876174306766,3.8248594902423605e-08
OLD,bursty,2,1,bursty_r2_s1,3,1787589186.5372047,True,14,0.005858017149406909,0.005858017149406909,0.007535254054202568,False,0.0,0.28631478229207125,False,True,3+1,1+3,model_5,6.410055591387753e-08,0.21657019067668304,0.37590850281985155,5.968919491727842e-07
OLD,bursty,2,1,bursty_r2_s1,4,1787589191.5441415,True,14,0.017826838102600485,0.017826838102600485,0.022930927260442848,False,0.0,0.286314888174017,False,True,3+1,1+3,model_5,1.0090455882995352e-07,0.34091622323706894,1.1439468083221462,1.9105962740240123e-06
OLD,bursty,2,1,bursty_r2_s1,5,1787589196.5699031,False,14,0.010127148711448807,0.010127148711448807,0.01032682472903221,False,0.0,0.019716903866304224,False,True,2+2,1+3,model_4,2.0216887126038764e-07,0.5988263026259697,0.5151706971373526,7.037004221832621e-07
OLD,bursty,2,1,bursty_r2_s1,6,1787589201.5772471,True,14,0.0077790183554823636,0.00965806573885331,0.0077790183554823636,True,0.24155327799768772,0.0,True,True,1+3,1+3,model_4,1.1126912077889709e-07,0.5710893397380294,0.28353816406355564,3.873006111931865e-07
OLD,bursty,2,1,bursty_r2_s1,7,1787589206.5848277,False,14,0.010489899014825482,0.01132410963178908,0.010489899014825482,True,0.07952513325291312,0.0,True,True,1+3,1+3,model_4,2.053613865514884e-07,0.6696036193716165,0.5233059270557142,7.148127866632437e-07
OLD,bursty,2,1,bursty_r2_s1,8,1787589211.592747,False,14,0.011694573060165778,0.011694573060165778,0.01211038245803991,False,0.0,0.035555756993854416,False,True,2+2,1+3,model_4,2.3708568865761173e-07,0.6915093298339979,0.6041464184018425,8.252373281947278e-07
OLD,bursty,2,1,bursty_r2_s1,9,1787589216.6108265,True,14,0.012622389190770548,0.012622389190770548,0.013633492674982041,False,0.0,0.08010396993231748,False,False,3+1,2+2,model_5,0.05411371154751409,0.6232478888867652,0.6801296815554532,5.331015611176326e-07
OLD,bursty,2,1,bursty_r2_s1,10,1787589221.614698,True,14,0.022559328509940257,0.022559328509940257,0.034126189442036305,False,0.0,0.512730728088798,False,False,3+1,2+2,model_5,0.23140685928108948,0.4500747408313007,1.4476303480353265,0.2548132666687581
OLD,bursty,2,1,bursty_r2_s1,11,1787589226.622913,True,14,0.02980315615125055,0.02980315615125055,0.043047554232817274,False,0.0,0.4443958221857984,False,False,3+1,2+2,model_5,0.08033074294137943,0.3511382837900523,1.9124662018541736,0.2350350290337539
OLD,bursty,2,1,bursty_r2_s1,12,1787589231.6310604,True,14,0.022914908681713513,0.022914908681713513,0.033997691277334145,False,0.0,0.483649433194769,False,False,3+1,2+2,model_5,0.086716635823624,0.2670299897755086,1.4704478998783155,0.22558536302338125
OLD,bursty,2,1,bursty_r2_s1,13,1787589236.639385,True,14,0.017146582607153616,0.017146582607153616,0.031126797758242772,False,0.0,0.8153353628178107,False,False,3+1,2+2,model_5,0.11909496729004156,0.13366908921692722,1.1002948663242813,0.4525189390293063
OLD,bursty,2,1,bursty_r2_s1,14,1787589241.647845,True,14,0.028851986581166316,0.028851986581166316,0.047983705388498006,False,0.0,0.6630988390872289,False,False,3+1,2+2,model_5,0.11909496152068488,0.07404893455582995,1.8514297248519909,0.5423198904468685
OLD,bursty,2,1,bursty_r2_s1,15,1787589246.676737,True,14,0.019810423657063463,0.019810423657063463,0.03355389709067131,False,0.0,0.6937495972584903,False,False,3+1,3+1,model_5,0.1725359717187945,2.615860061894182e-07,1.2712333383844143,0.4026604887443486
OLD,bursty,2,1,bursty_r2_s1,16,1787589251.6842747,True,14,0.02130788049875041,0.03131396889854452,0.02130788049875041,True,0.46959566909439504,0.0,True,False,1+3,3+1,model_3,1.5553662754162632,1.1707123666604424e-06,0.6475094440649494,0.29111816797427925
OLD,bursty,2,1,bursty_r2_s1,17,1787589256.6926873,True,14,0.01576401451570565,0.025118921432486844,0.01576401451570565,True,0.5934342998391,0.0,True,False,1+3,3+1,model_3,1.154714063275439,9.923544717349575e-07,0.3373382573196273,0.326468274553097
OLD,bursty,2,1,bursty_r2_s1,18,1787589261.7262154,True,14,0.025870616912044564,0.03699562233994614,0.025870616912044564,True,0.43002474450936323,0.0,True,False,1+3,3+1,model_3,1.8950226888072643,2.526303661098961e-06,0.2570097724244074,0.31243054463962927
OLD,bursty,2,1,bursty_r2_s1,19,1787589266.7358692,True,14,0.036393791723276475,0.04893530623240841,0.036393791723276475,True,0.3446058768619793,0.0,True,False,1+3,3+1,model_3,2.665845243730002,3.4530615133088194e-06,0.20904591816915924,0.21971301889234657
OLD,bursty,2,1,bursty_r2_s1,35,1787589346.9406736,True,14,0.017141336432869678,0.017406913709410082,0.017141336432869678,True,0.01549338218641705,0.0,True,False,2+2,2+2,model_6,0.6284107233390642,0.305319024491401,0.13115828741321156,0.7239667422124862
OLD,bursty,2,1,bursty_r2_s1,36,1787589351.951881,True,14,0.014041030268420808,0.016789184235866117,0.014041030268420808,True,0.19572309972339327,0.0,True,False,2+2,2+2,model_6,0.4977765543031739,0.4487863377765382,0.13115818702909676,0.5439725542954279
OLD,bursty,2,1,bursty_r2_s1,37,1787589356.9847126,True,14,0.013909494420080363,0.013909494420080363,0.017672322453299083,False,0.0,0.2705222720235277,False,False,3+1,2+2,model_6,0.16614966640481452,0.4016625348339986,0.16012706240582222,0.7214871174812192
OLD,bursty,2,1,bursty_r2_s1,38,1787589361.997098,True,14,0.018546953944327205,0.018546953944327205,0.02907137350084154,False,0.0,0.5674473332982717,False,False,2+2,2+2,model_6,2.5471802989259913e-07,0.4707063350933988,0.611211386498829,0.8390640470138557
OLD,bursty,2,1,bursty_r2_s1,39,1787589367.0068662,True,14,0.010399708099349494,0.010399708099349494,0.015642772328164842,False,0.0,0.5041549415356478,False,False,2+2,2+2,model_6,-2.1475035428383232e-07,0.4118297453544467,0.19482666441756769,0.5855399191878745
OLD,bursty,2,1,bursty_r2_s1,40,1787589372.0174782,True,14,0.011892143457943477,0.011892143457943477,0.018394744869688222,False,0.0,0.5467980969739535,False,False,3+1,3+1,model_6,2.404244808784392e-07,0.356002234679473,0.14505899535156774,0.772594468440574
OLD,bursty,2,1,bursty_r2_s1,41,1787589377.0307314,True,14,0.013425476354040792,0.013425476354040792,0.01876009202977189,False,0.0,0.3973501971217198,False,False,3+1,3+1,model_6,2.9059956536445644e-07,0.5419603332155654,0.06366923957026305,0.8722101952430837
OLD,bursty,2,1,bursty_r2_s1,42,1787589382.0447774,True,14,0.014501050218739882,0.014501050218739882,0.02016079369952915,False,0.0,0.39029886769684535,False,False,3+1,3+1,model_6,1.9094905187700754e-07,0.3342819564897855,0.0636690610301344,0.9420867840350482
OLD,bursty,2,1,bursty_r2_s1,46,1787589402.1243243,True,14,0.021076355067310634,0.021076355067310634,0.03447730514106956,False,0.0,0.6358286350254062,False,False,2+2,2+2,model_5,0.5259549014595446,0.11491788918816137,1.1145498779902892,0.6054097468401772
OLD,bursty,2,1,bursty_r2_s1,47,1787589407.139539,False,14,0.02696128996247599,0.02696128996247599,0.030979211749777382,False,0.0,0.1490255767766835,True,False,2+2,2+2,model_3,0.8847128212299707,0.07767751910315368,0.6836233095364792,0.8618279141213606
OLD,bursty,2,1,bursty_r2_s1,48,1787589412.1492822,True,14,0.019071998943102096,0.019071998943102096,0.02579503800575349,False,0.0,0.3525083596485288,False,True,2+2,3+1,model_5,0.5017640891647703,0.03510386580967188,0.6639792076252394,0.6228505985133457
OLD,bursty,2,1,bursty_r2_s1,49,1787589417.1647387,True,14,0.020803577192841986,0.020803577192841986,0.030457133823657462,False,0.0,0.46403349488072826,False,True,2+2,3+1,model_6,0.5130460220202663,0.01836872206404991,0.6970964380078837,0.8223100309840282
OLD,bursty,2,1,bursty_r2_s1,50,1787589422.179511,True,14,0.028430876123848963,0.03138490239178324,0.028430876123848963,True,0.10390204843023877,0.0,True,True,2+2,3+1,model_3,1.226622626221465,9.195804268815054e-07,0.7942785829500245,0.6240445380565188
OLD,bursty,2,1,bursty_r2_s1,51,1787589427.194181,True,14,0.033927555510348574,0.033927555510348574,0.036477233768399286,False,0.0,0.07515066204144917,True,True,2+2,3+1,model_3,1.3449608773638917,1.1798352623702967e-06,1.1640911049020182,0.6556383968801195
OLD,bursty,2,1,bursty_r2_s1,52,1787589432.2084768,True,14,0.02929625581399763,0.03232262126432228,0.02929625581399763,True,0.10330212398263765,0.0,True,True,2+2,3+1,model_3,1.2552112937012463,9.47570638296954e-07,0.6249930600395948,0.8365010141813575
OLD,bursty,2,1,bursty_r2_s1,53,1787589437.222912,False,14,0.020645948271119107,0.020645948271119107,0.023823928321223254,False,0.0,0.15392754105413078,False,True,2+2,3+1,model_3,0.9672464629060677,0.23372673506022218,0.23372673506022212,0.9547708766208021
OLD,bursty,2,1,bursty_r2_s1,54,1787589442.2626488,True,14,0.023548041960024222,0.028964716113515105,0.023548041960024222,True,0.23002652036574303,0.0,True,False,2+2,2+2,model_3,1.1431082919084634,-7.8975049555563e-07,0.6098863066737059,0.5648482396992212
OLD,bursty,2,1,bursty_r2_s1,56,1787589452.2923434,True,14,0.022311903742929635,0.027374167157356872,0.022311903742929635,True,0.22688621610925536,0.0,True,False,2+2,2+2,model_3,1.1794592985105665,0.08963576902948489,0.4128938664260736,0.7001738003745294
OLD,bursty,2,1,bursty_r2_s1,57,1787589457.3098085,True,14,0.017746898327289505,0.018724912653972397,0.017746898327289505,True,0.05510902855509087,0.0,False,False,2+2,2+2,model_3,0.8708420575502561,0.23639640931178343,0.21838464864751714,0.6669498768908199
OLD,bursty,2,1,bursty_r2_s1,58,1787589462.323148,True,14,0.014948083275525532,0.01597800742399983,0.014948083275525532,True,0.06890008099972197,0.0,False,False,2+2,2+2,model_3,0.8084680736526303,0.19924294653885274,0.1209713699196099,0.4514257421629321
OLD,bursty,2,1,bursty_r2_s1,59,1787589467.379674,True,14,0.00917745715478266,0.00917745715478266,0.013821413159366545,False,0.0,0.5060177265075843,False,False,1+3,2+2,model_6,0.15035244800226832,0.14493752425223538,0.09327495620508713,0.5962299948037806
OLD,bursty,2,1,bursty_r2_s1,60,1787589472.4256158,True,14,0.025570466374547917,0.025570466374547917,0.03467206702226031,False,0.0,0.3559419102645644,False,False,1+3,1+3,model_6,0.23606017825148742,0.14394404183991483,0.06844436106637776,1.6612312949542722
OLD,bursty,2,1,bursty_r2_s1,61,1787589477.4732516,True,14,0.011047361170578755,0.011047361170578755,0.014386835205197455,False,0.0,0.3022870333516715,False,False,1+3,1+3,model_6,0.18474761933398318,0.13379196220651984,3.3241053173926893e-07,0.7177116691737522
OLD,bursty,2,1,bursty_r2_s1,62,1787589482.4905658,True,14,0.013789167301594876,0.013789167301594876,0.01795745423391827,False,0.0,0.30228706644536,False,False,1+3,1+3,model_6,0.25421003533584474,0.1652018555500636,4.376753714174786e-07,0.8958380311581061
OLD,bursty,2,1,bursty_r2_s1,63,1787589487.5305614,True,14,0.015097918072853978,0.015097918072853978,0.019661824854895215,False,0.0,0.3022871603898243,False,False,1+3,1+3,model_6,0.2767293024590288,0.25029462360654997,5.499734212488505e-07,0.9808633766744959
OLD,bursty,2,1,bursty_r2_s1,64,1787589492.5541453,True,14,0.011613557307304215,0.011613557307304215,0.015124188435514899,False,0.0,0.3022873212157581,False,False,1+3,1+3,model_6,0.2342677444457339,0.2604157676785346,5.162247293521993e-07,0.7544956185798048
OLD,bursty,2,1,bursty_r2_s1,65,1787589497.582582,True,14,0.015109748315036154,0.015109748315036154,0.01967723055254485,False,0.0,0.3022871157267034,False,False,1+3,1+3,model_6,0.23426774459142172,0.2609079888578442,5.167383846094165e-07,0.9816319496153274
OLD,bursty,2,1,bursty_r2_s1,68,1787589512.772292,False,14,0.020200122407750792,0.020200122407750792,0.030584332375283227,False,0.0,0.5140666852369177,True,True,2+2,2+2,model_6,0.5104835283191681,0.1951966664852308,0.6645560140051324,0.8611959733571413
OLD,bursty,2,1,bursty_r2_s1,69,1787589517.803699,False,14,0.017114859322487155,0.017114859322487155,0.030981949068030555,False,0.0,0.8102368523312067,True,True,2+2,2+2,model_6,0.24868356109580564,0.08226256069340784,0.7468864685948876,0.7987013108887773
OLD,bursty,2,1,bursty_r2_s1,70,1787589522.821973,False,14,0.0211429865488287,0.0211429865488287,0.03166132432334276,False,0.0,0.49748590390588715,True,True,2+2,2+2,model_5,0.4719410279598232,0.047930187691771785,0.8046864165753181,0.7747931651958161
OLD,bursty,2,1,bursty_r2_s1,71,1787589527.8506465,False,14,0.019064405396207164,0.019064405396207164,0.04028206372546858,False,0.0,1.1129462413489508,True,True,2+2,2+2,model_5,0.11270837177076239,0.047437862716623445,1.2233614048679422,0.7861785788740864
OLD,bursty,2,1,bursty_r2_s1,72,1787589532.8644416,False,14,0.026086586100010342,0.026086586100010342,0.04380281574604172,False,0.0,0.6791317797626405,True,True,2+2,2+2,model_5,0.23310802287964882,0.009782966093472886,1.6739741920231246,0.5112045575577301
OLD,bursty,2,1,bursty_r2_s1,73,1787589537.8817632,False,14,0.019345905177813205,0.019345905177813205,0.03409030115214617,False,0.0,0.7621455723479162,True,True,2+2,2+2,model_5,0.5045146201474224,1.4556866015691342e-07,1.1773034639115216,0.5233498017683952
OLD,bursty,2,1,bursty_r2_s1,74,1787589542.9011424,False,14,0.01780472569808789,0.01780472569808789,0.030019625201952525,False,0.0,0.6860481711985282,True,True,2+2,2+2,model_5,0.5450483890435157,1.5726395341893923e-07,1.1425278570521047,0.3550527423781129
OLD,bursty,2,1,bursty_r2_s1,75,1787589547.9193707,False,14,0.019652254588495902,0.019652254588495902,0.0323776709940188,False,0.0,0.6475295925065078,True,True,2+2,2+2,model_5,0.42474124684822145,1.2255148173214203e-07,1.2610836416113924,0.3541321250472566
OLD,bursty,2,1,bursty_r2_s1,76,1787589552.9375448,False,14,0.029965076278308817,0.029965076278308817,0.04113469169197852,False,0.0,0.3727544462069394,True,True,2+2,2+2,model_5,0.8907254192452002,2.570028712064632e-07,1.175855648303977,0.8762191470017169
OLD,bursty,2,1,bursty_r2_s1,77,1787589557.957111,False,14,0.02983308715556563,0.02983308715556563,0.046916987591955735,False,0.0,0.572649432735725,True,True,2+2,2+2,model_5,0.7458009283634248,2.1518750416700595e-07,1.3271739025041502,1.0133606620929854
OLD,bursty,2,1,bursty_r2_s1,81,1787589578.04962,False,14,0.024477135291145247,0.024477135291145247,0.04413906825064452,False,0.0,0.8032775374090488,True,True,2+2,2+2,model_5,0.1783616949690097,0.287174209906278,1.3669979555255578,0.8349553281814002
OLD,bursty,2,1,bursty_r2_s1,82,1787589583.0699334,False,14,0.017962289055787936,0.017962289055787936,0.03287970547257035,False,0.0,0.8304852666857413,True,True,2+2,2+2,model_5,0.11024367713369271,0.232990466806259,0.934621273937659,0.7056393455552938
OLD,bursty,2,1,bursty_r2_s1,83,1787589588.0890133,False,14,0.017570935599590366,0.017570935599590366,0.033550379978023424,False,0.0,0.909424787761762,True,True,2+2,2+2,model_5,0.06038755542855916,0.17077187810722871,0.9713188950260568,0.7023994748932291
OLD,bursty,2,1,bursty_r2_s1,84,1787589593.1081398,False,14,0.017700619246788934,0.017700619246788934,0.03515279624979191,False,0.0,0.9859642060923361,True,True,2+2,2+2,model_5,0.035291456167269745,0.19328783346303724,1.1358473542055672,0.6178103055838563
OLD,bursty,2,1,bursty_r2_s1,85,1787589598.1334436,False,14,0.019993793902010618,0.019993793902010618,0.03800971184112211,False,0.0,0.9010755050995987,True,True,2+2,2+2,model_5,4.0838133099271405e-08,0.13797574932524836,1.2830001926768728,0.6131796117097307
OLD,bursty,2,1,bursty_r2_s1,86,1787589603.1572602,False,14,0.013498353400514118,0.013498353400514118,0.02619220706450686,False,0.0,0.94040015751175,True,True,2+2,2+2,model_5,2.794475595969083e-08,0.09441417495634051,0.8661882831521315,0.4404549841166854
OLD,bursty,2,2,bursty_r2_s2,1,1787590331.6003556,True,14,0.0005798731708875061,0.0005798731708875061,0.0006798100245524701,False,0.0,0.17234260642203675,False,False,2+2,2+2,model_3,0.023500927564891173,0.006458632678001982,0.023221155582185106,0.010692335916094564
OLD,bursty,2,2,bursty_r2_s2,2,1787590336.6071973,True,14,0.02378807587578559,0.029550154612477387,0.02378807587578559,True,0.24222550687914807,0.0,True,False,3+1,2+2,model_3,1.7424765579012944,1.3526280413159797e-07,0.35536858765744606,1.4067575040467772e-06
OLD,bursty,2,2,bursty_r2_s2,3,1787590341.6197438,True,14,0.01661690795633469,0.020641938008922053,0.01661690795633469,True,0.24222497128612572,0.0,True,True,3+1,3+1,model_3,1.2171885078015159,1.284266440790595e-07,0.3374083175429123,4.5787693286891695e-07
OLD,bursty,2,2,bursty_r2_s2,4,1787590346.632579,True,14,0.022207577239967996,0.02758680651553155,0.022207577239967996,True,0.24222494950427587,0.0,True,True,3+1,3+1,model_3,1.6267050328276558,1.63634731376526e-07,0.4299086055270943,5.834036195806469e-07
OLD,bursty,2,2,bursty_r2_s2,5,1787590351.639723,True,14,0.015895490017036152,0.019745781773344386,0.015895490017036152,True,0.2422254206810639,0.0,True,True,3+1,3+1,model_3,1.1643446437478981,2.4099621942188863e-07,0.6331562234526086,8.592189774669912e-07
OLD,bursty,2,2,bursty_r2_s2,6,1787590356.6475825,True,14,0.015590000771657031,0.019366292305906183,0.015590000771657031,True,0.24222523074626998,0.0,True,True,3+1,3+1,model_3,1.1419675565238776,1.8739072003088402e-07,0.49232141832326887,6.681003677233566e-07
OLD,bursty,2,2,bursty_r2_s2,7,1787590361.6526084,True,14,0.02470410334501405,0.030688056426463592,0.02470410334501405,True,0.2422250667380431,0.0,True,True,3+1,3+1,model_3,1.809575570022279,2.2993020478875056e-07,0.6040830866974962,8.197655378960889e-07
OLD,bursty,2,2,bursty_r2_s2,8,1787590366.6718454,True,14,0.028869198882139718,0.03586204193326551,0.028869198882139718,True,0.24222504682843835,0.0,True,True,3+1,3+1,model_3,2.1146688181167344,2.591899909590092e-07,0.6809557270643672,9.240848653502276e-07
OLD,bursty,2,2,bursty_r2_s2,9,1787590371.6785293,True,14,0.019075935750993003,0.023696606201671373,0.019075935750993003,True,0.242225100304075,0.0,True,True,3+1,3+1,model_3,1.3973122937602374,1.8813686499679657e-07,0.49428172462875863,6.707605836875352e-07
OLD,bursty,2,2,bursty_r2_s2,10,1787590376.6864824,False,14,0.025758728780694417,0.025758728780694417,0.026875775586960405,False,0.0,0.04336575829406571,False,True,2+2,3+1,model_3,1.5189079083269164,5.103224883486013e-07,1.340742438452302,1.8194425078776888e-06
OLD,bursty,2,2,bursty_r2_s2,11,1787590381.6926267,False,14,0.020335578612204818,0.020335578612204818,0.020431813031761347,False,0.0,0.004732317746728482,False,False,2+2,2+2,model_3,1.199122965270845,3.8796342398930835e-07,1.0192751421774324,9.680906307411693e-07
OLD,bursty,2,2,bursty_r2_s2,49,1787590572.7848706,True,14,0.027415870383969816,0.028681618119279786,0.027415870383969816,True,0.04616843155379297,0.0,True,False,1+3,2+2,model_3,1.6627706756441225,0.1854445239127177,1.0674694071198014,0.028492474041768336
OLD,bursty,2,2,bursty_r2_s2,50,1787590577.8130884,True,14,0.03650947747399711,0.045836183181759096,0.03650947747399711,True,0.2554598518810542,0.0,True,True,1+3,1+3,model_3,2.6743192249702883,0.15483471255062473,0.6692216187685337,0.02849367823379148
OLD,bursty,2,2,bursty_r2_s2,51,1787590582.829293,True,14,0.03145788969359311,0.03524915939532652,0.03145788969359311,True,0.120518882183809,0.0,True,True,1+3,1+3,model_3,2.078528141569673,0.15397353886698034,1.2317691981030756,1.880509043761247e-06
OLD,bursty,2,2,bursty_r2_s2,52,1787590587.8393624,True,14,0.03437147092980128,0.04269710665383999,0.03437147092980128,True,0.24222517974405597,0.0,True,True,1+3,1+3,model_3,2.517710245607944,0.11822581529263372,0.8910286833885523,1.3695992494011655e-06
OLD,bursty,2,2,bursty_r2_s2,53,1787590592.8545125,True,14,0.04244757981786574,0.05272944433664836,0.04244757981786574,True,0.24222498815951563,0.0,True,True,1+3,1+3,model_3,3.1092852216586655,0.06481974751264162,0.8282059803007378,1.2118720975617947e-06
OLD,bursty,2,2,bursty_r2_s2,54,1787590597.869888,True,14,0.04257112963774211,0.05288291323329188,0.04257112963774211,True,0.24222480547962014,0.0,True,True,1+3,1+3,model_3,3.1183352459646096,2.1227538463304508e-07,0.5576995403485562,7.568211621011844e-07
OLD,bursty,2,2,bursty_r2_s2,55,1787590602.8991163,True,14,0.035315790848699374,0.04387016709305313,0.035315790848699374,True,0.2422252493509939,0.0,True,True,1+3,1+3,model_3,2.586881679667229,4.353602488658974e-07,1.1437982363854904,1.5521811439489497e-06
OLD,bursty,2,2,bursty_r2_s2,60,1787590627.9736362,True,14,0.020906373701363265,0.020906373701363265,0.03351729602941013,False,0.0,0.6032094569908376,False,False,2+2,2+2,model_5,0.6834205445344443,0.0680442145795982,1.1515078622536374,0.5205600580260374
OLD,bursty,2,2,bursty_r2_s2,61,1787590632.9913101,True,14,0.021446465193429996,0.021446465193429996,0.03448169965029064,False,0.0,0.6078033997347924,False,False,3+1,2+2,model_5,0.45587511405092634,0.15648109171875912,1.3762179959573095,0.343960856518713
OLD,bursty,2,2,bursty_r2_s2,62,1787590638.0092514,True,14,0.020262657368736794,0.020262657368736794,0.03437165226781147,False,0.0,0.6963052595876891,False,False,3+1,2+2,model_5,0.311124811647773,0.11095474209476347,1.3002531403317332,0.4144358093253772
OLD,bursty,2,2,bursty_r2_s2,63,1787590643.0223427,True,14,0.012872458297430577,0.012872458297430577,0.023518103706789938,False,0.0,0.8270095084700565,False,False,2+2,2+2,model_5,0.11999102034457863,0.10498231837022026,0.6459194628199342,0.5273215623340277
OLD,bursty,2,2,bursty_r2_s2,64,1787590648.0539749,True,14,0.013437833369042928,0.013437833369042928,0.026482020981434484,False,0.0,0.9707061588099296,False,False,3+1,2+2,model_5,2.2232436324069804e-07,0.10749835108380357,0.8623047174607528,0.4587964151716684
OLD,bursty,2,2,bursty_r2_s2,65,1787590653.0955887,True,14,0.020882616982066574,0.020882616982066574,0.03453551755380906,False,0.0,0.6537926057575653,False,False,3+1,3+1,model_5,2.2103373844910303e-07,0.09122459803021005,1.3400359002847604,0.3828277508078004
OLD,bursty,2,2,bursty_r2_s2,66,1787590658.112867,True,14,0.014681345342193394,0.014681345342193394,0.029375950445558366,False,0.0,1.0009031707151164,False,False,3+1,3+1,model_5,2.7221455757836277e-07,0.06045115625686026,0.9421007836284452,0.5233689942630622
OLD,bursty,2,2,bursty_r2_s2,67,1787590663.1251636,False,14,0.014237475762376868,0.014237475762376868,0.02884480532528454,False,0.0,1.0259774841203353,False,False,2+2,3+1,model_6,0.07164371358581266,0.07164371358581256,0.6687422270867072,0.770230463574265
OLD,bursty,2,2,bursty_r2_s2,68,1787590668.1423922,True,14,0.01211280974450602,0.01211280974450602,0.023752227373110665,False,0.0,0.9609180589898978,False,False,3+1,3+1,model_5,3.077535591236637e-07,0.17972105636496644,0.7046008887710948,0.4803197978773281
OLD,bursty,2,2,bursty_r2_s2,75,1787590703.288154,True,14,0.025971585490120234,0.025971585490120234,0.04482485819482329,False,0.0,0.7259192055053769,False,False,2+2,1+3,model_5,0.266276028212691,0.2662760282126908,1.2487500339619597,0.9874150598118228
OLD,bursty,2,2,bursty_r2_s2,76,1787590708.3366287,True,14,0.02329992488173637,0.02329992488173637,0.046861203974884344,False,0.0,1.0112169551077164,False,False,2+2,1+3,model_5,0.1543563927988966,0.15435639279889646,1.2048210611909866,1.1329306417904506
OLD,bursty,2,2,bursty_r2_s2,77,1787590713.353839,True,14,0.025321768611540982,0.025321768611540982,0.04156095705628675,False,0.0,0.6413133574463034,False,False,2+2,2+2,model_5,0.755003010901933,0.00439979112870692,1.4727198634042904,0.6006199122435145
OLD,bursty,2,2,bursty_r2_s2,78,1787590718.3781846,True,14,0.030592750421620497,0.030592750421620497,0.031946411785279606,False,0.0,0.044247782399533774,True,False,2+2,2+2,model_3,1.1661456373808041,0.0005231834486570941,0.9558907972254665,0.6378108625784624
OLD,bursty,2,2,bursty_r2_s2,79,1787590723.4066467,True,14,0.027520669197501603,0.027520669197501603,0.027966716264923815,False,0.0,0.016207711528421154,True,False,2+2,2+2,model_3,1.038360506628108,-1.0553449407701976e-06,0.5625146705382792,0.8326530381310258
OLD,bursty,2,2,bursty_r2_s2,80,1787590728.4263062,True,14,0.025781399360650967,0.025781399360650967,0.031903817536216426,False,0.0,0.23747423830336536,False,False,2+2,2+2,model_6,0.8805369883362725,-4.974583738270866e-07,0.6191649983009693,0.9724117741795777
OLD,bursty,2,2,bursty_r2_s2,81,1787590733.4453044,True,14,0.026507085352807592,0.026507085352807592,0.03326164920736832,False,0.0,0.25482107008967303,False,False,2+2,2+2,model_6,0.8524014934518811,-4.799065285165938e-07,0.6895135906548933,0.9698009485142505
OLD,bursty,2,2,bursty_r2_s2,82,1787590738.4658687,True,14,0.022474284417158964,0.022804548008840728,0.022474284417158964,True,0.014695177187915687,0.0,True,False,2+2,2+2,model_3,1.1287402462490013,-8.730155021119401e-07,0.19779852981995077,0.9233697760063662
OLD,bursty,2,2,bursty_r2_s2,83,1787590743.4820113,True,14,0.015391510697460297,0.01676669562928058,0.015391510697460297,True,0.08934697567063372,0.0,True,True,2+2,1+3,model_3,0.6961283918305378,4.978296103123183e-07,0.27918898302661765,0.48864298227520053
OLD,bursty,4,1,bursty_r4_s1,1,1787591489.0000257,True,14,0.0005798424513239534,0.0005798424513239534,0.0006817588805475646,False,0.0,0.17576572565686702,False,False,2+2,2+2,model_3,0.023499360591267414,0.006452821979097035,0.023318622073736982,0.010692091455454217
OLD,bursty,4,1,bursty_r4_s1,2,1787591494.0071294,True,14,0.007069172787320228,0.007069172787320228,0.009093166796227065,False,0.0,0.28631270868597475,False,False,1+3,2+2,model_5,1.0972996754435417e-08,0.3668580798422691,0.45362826548321505,-1.0972996872249396e-08
OLD,bursty,4,1,bursty_r4_s1,3,1787591499.827983,True,14,0.014861429240776608,0.014861429240776608,0.019116460070338,False,0.0,0.2863137024456902,False,False,1+3,1+3,model_5,2.1697223162503637e-07,0.7330625579725515,0.9536567533314755,7.13693081494382e-07
OLD,bursty,4,1,bursty_r4_s1,4,1787591504.850283,True,14,0.027867171872590038,0.03459859347453506,0.027867171872590038,True,0.24155381223187575,0.0,True,False,3+1,1+3,model_4,3.295521595788585e-07,2.045842297552567,0.8397712974657885,2.267762958307884e-06
OLD,bursty,4,1,bursty_r4_s1,5,1787591509.8811138,False,14,0.01647701697299789,0.01647701697299789,0.019052167044405596,False,0.0,0.15628739568744718,False,False,1+3,1+3,model_4,2.8837358401794e-07,0.9742992249941966,0.9504491503666509,9.485556298205466e-07
OLD,bursty,4,1,bursty_r4_s1,6,1787591514.8867135,True,14,0.022993248103872186,0.022993248103872186,0.029576530204371017,False,0.0,0.286313706996019,False,False,1+3,1+3,model_5,3.372810451907234e-07,1.139538013764934,1.47547493447797,1.1094283669521587e-06
OLD,bursty,4,1,bursty_r4_s1,7,1787591519.8935952,True,14,0.019923788026750686,0.019923788026750686,0.025628241698708122,False,0.0,0.2863137102391547,False,False,1+3,1+3,model_5,2.932360322329906e-07,0.9907274967412474,1.278507921130652,9.645498223465054e-07
OLD,bursty,4,1,bursty_r4_s1,8,1787591524.911819,True,14,0.025793654544422794,0.025793654544422794,0.03317873312337216,False,0.0,0.2863137740420036,False,False,1+3,1+3,model_5,4.045872497996984e-07,1.3669388116240027,1.6551767969863493,1.3308206265327804e-06
OLD,bursty,4,1,bursty_r4_s1,9,1787591529.921012,True,14,0.03218346409000311,0.03218346409000311,0.04954480546484748,False,0.0,0.5394491197806509,False,False,1+3,1+3,model_5,0.06418393997214021,0.7802922244975515,2.0652103763223675,0.40641739942594146
OLD,bursty,4,1,bursty_r4_s1,10,1787591534.9304485,True,14,0.0381268521921053,0.0381268521921053,0.05866347528905132,False,0.0,0.5386393556297421,False,False,1+3,1+3,model_5,0.23323231567195143,0.47773419502201475,2.4465971265070694,0.4799311661354088
OLD,bursty,4,1,bursty_r4_s1,11,1787591539.952314,True,14,0.039882182930765994,0.039882182930765994,0.06570201707606142,False,0.0,0.6474027309417268,False,False,1+3,1+3,model_5,0.6747491786345733,0.30687016464570727,2.559236562871712,0.7184214843094617
OLD,bursty,4,1,bursty_r4_s1,12,1787591544.9725335,True,14,0.04446777633451493,0.04446777633451493,0.07575994426254562,False,0.0,0.7037043564452398,False,False,1+3,1+3,model_5,0.8808072886946453,0.1886142312852226,2.486225380773092,1.2931896511681982
OLD,bursty,4,1,bursty_r4_s1,13,1787591549.983575,True,14,0.04367750135934491,0.04367750135934491,0.0809633321267338,False,0.0,0.8536621740476805,False,False,1+3,1+3,model_5,0.6685431134856511,0.07967927079592152,2.802781849924369,1.23621312894484
OLD,bursty,4,1,bursty_r4_s1,14,1787591554.9942403,True,14,0.05434777233962699,0.05434777233962699,0.09446130656154077,False,0.0,0.7380897596177186,False,False,1+3,1+3,model_5,0.5144612545012056,0.0038462738539752905,3.48749230511415,1.224872328078964
OLD,bursty,4,1,bursty_r4_s1,15,1787591560.0017424,True,14,0.05667138063994747,0.05667138063994747,0.09501779459393034,False,0.0,0.6766451341217653,False,False,1+3,1+3,model_5,0.7951067833509634,8.634550197061941e-07,3.6365980682138166,1.1035279269388565
OLD,bursty,4,1,bursty_r4_s1,16,1787591565.0251224,True,14,0.04433995876375395,0.04433995876375395,0.07307681987393426,False,0.0,0.6481030183923285,False,False,1+3,1+3,model_5,1.546108841419174,1.0670791502631616e-06,2.8452916898108125,0.8002710703845562
OLD,bursty,4,1,bursty_r4_s1,17,1787591570.0372982,True,14,0.06068223972374282,0.08282981470048274,0.06068223972374282,True,0.36497622825998555,0.0,True,False,3+1,1+3,model_3,4.090833475094979,2.8262814018020777e-06,1.9275713885533283,0.7933753835422752
OLD,bursty,4,1,bursty_r4_s1,18,1787591575.089411,True,14,0.05926060105633198,0.0853718238861716,0.05926060105633198,True,0.44061690844172835,0.0,True,True,3+1,2+2,model_3,4.340839027376317,1.2524713774261953e-06,1.7707340358265544,0.6932639705678366
OLD,bursty,4,1,bursty_r4_s1,19,1787591580.1124585,True,14,0.07206797356145658,0.09633887497762261,0.07206797356145658,True,0.33677790864299534,0.0,True,True,3+1,2+2,model_3,5.278979063376695,1.5231548874474253e-06,0.6456011190728567,0.401815808594798
OLD,bursty,4,1,bursty_r4_s1,35,1787591660.3831143,True,14,0.0395053674749009,0.0395053674749009,0.041521549230563545,False,0.0,0.051035641092152625,False,False,1+3,2+2,model_6,1.396082374708921,0.47005545029540197,0.20544297010874044,1.865930878420662
OLD,bursty,4,1,bursty_r4_s1,36,1787591665.4007235,True,14,0.033732601136159404,0.033732601136159404,0.044161385367621674,False,0.0,0.3091603932162591,False,False,1+3,2+2,model_6,0.9657514178437492,0.5814244308976166,0.011567565366645272,2.1914990460782624
OLD,bursty,4,1,bursty_r4_s1,37,1787591670.418727,True,14,0.03421667177089796,0.03421667177089796,0.044791766432283664,False,0.0,0.30906263274793594,False,False,1+3,2+2,model_6,0.2391972016372554,0.790179418257915,0.011566689644551764,2.222947564678474
OLD,bursty,4,1,bursty_r4_s1,38,1787591675.4521348,True,14,0.03473990151635311,0.03473990151635311,0.049665985575131126,False,0.0,0.4296524574703202,False,False,1+3,2+2,model_6,-3.8133339780112125e-07,0.7887354882654798,0.22073292855770676,2.256940125270417
OLD,bursty,4,1,bursty_r4_s1,39,1787591680.4700067,True,14,0.028309812379421304,0.028309812379421304,0.04035170197778156,False,0.0,0.42536098215591256,False,False,1+3,2+2,model_6,-4.2311131591091415e-07,0.8033794744466912,0.17381617722618325,1.8391978304232242
OLD,bursty,4,1,bursty_r4_s1,40,1787591685.4842594,True,14,0.025471884106058076,0.025471884106058076,0.036528284692215626,False,0.0,0.43406292758406373,False,False,1+3,1+3,model_6,4.539779082574032e-07,0.7786717836453321,0.16744954411867546,1.654826720741816
OLD,bursty,4,1,bursty_r4_s1,41,1787591690.549998,True,14,0.026178531314236232,0.026178531314236232,0.03734431309113302,False,0.0,0.4265243776615035,False,False,1+3,1+3,model_6,4.4596157663199447e-07,0.7671648206826572,0.16224991771148423,1.700735326377812
OLD,bursty,4,1,bursty_r4_s1,42,1787591695.5694625,True,14,0.02941972972291849,0.02941972972291849,0.04156528033012974,False,0.0,0.4128369200397395,False,False,1+3,1+3,model_6,4.051371330654662e-07,0.6820839335832367,0.16224984456784375,1.9113056050262456
OLD,bursty,4,1,bursty_r4_s1,46,1787591715.6849973,True,14,0.04021186403822378,0.04021186403822378,0.05730698373287532,False,0.0,0.4251262681680613,False,False,2+2,2+2,model_5,1.0525745188695128,0.3460016089531238,1.54026708005523,1.318590299837546
OLD,bursty,4,1,bursty_r4_s1,47,1787591720.7211585,True,14,0.03800857777128918,0.038402315052797495,0.03800857777128918,True,0.010359169024359944,0.0,True,False,2+2,2+2,model_3,1.4272483031570724,0.24186397284116112,0.8066113632832943,1.0895118660805108
OLD,bursty,4,1,bursty_r4_s1,48,1787591725.737802,True,14,0.04817131045449917,0.04817131045449917,0.06295162693605973,False,0.0,0.3068282000657112,False,False,2+2,3+1,model_5,1.6636691355676934,0.1405921446254086,1.9636113646088127,1.176838743205323
OLD,bursty,4,1,bursty_r4_s1,49,1787591730.7930083,True,14,0.05543519931306755,0.05543519931306755,0.06348949259109735,False,0.0,0.1452920414797027,False,False,2+2,3+1,model_3,2.0578895483793427,0.016767791796844067,1.9563358712328307,1.2109465892394509
OLD,bursty,4,1,bursty_r4_s1,50,1787591735.815964,True,14,0.04986365690359607,0.057006855741264684,0.04986365690359607,True,0.14325461230167932,0.0,True,False,2+2,3+1,model_3,2.77168899088406,0.5898226920935221,1.776405341271945,0.5898226920935223
OLD,bursty,4,1,bursty_r4_s1,51,1787591740.8563485,True,14,0.0540923129026473,0.0540923129026473,0.0739040182806157,False,0.0,0.36625731670273626,False,False,2+2,3+1,model_5,2.0289357816764575,1.4505790164598409e-06,2.5261143287070467,1.1607146457528876
OLD,bursty,4,1,bursty_r4_s1,52,1787591745.8899524,True,14,0.056065482310207714,0.056065482310207714,0.0646254980601337,False,0.0,0.15267889255930786,False,False,2+2,3+1,model_3,1.9772204632298178,1.5034929703450217e-06,1.8951726019494544,1.3287814438551058
OLD,bursty,4,1,bursty_r4_s1,53,1787591750.9076273,True,14,0.05070041480409259,0.05070041480409259,0.08073480456916883,False,0.0,0.592389428787313,False,False,2+2,3+1,model_5,1.6845544296056771,1.2527249763083503e-06,2.9575559522629797,1.0700385366153606
OLD,bursty,4,1,bursty_r4_s1,54,1787591755.9293385,True,14,0.041543643570252815,0.041543643570252815,0.07172745635600608,False,0.0,0.7265567049917182,False,False,3+1,2+2,model_5,1.1869810444385798,9.73635702283815e-07,2.5579799755030317,1.020267466381943
OLD,bursty,4,1,bursty_r4_s1,56,1787591765.9952965,True,14,0.03638371965503357,0.03638371965503357,0.06517551541954814,False,0.0,0.79133733542088,False,False,2+2,2+2,model_5,0.5739357930418217,0.38499327689531593,1.737414056965793,1.5139785501554925
OLD,bursty,4,1,bursty_r4_s1,57,1787591771.0186086,True,14,0.03469726946271979,0.03469726946271979,0.054969266967610855,False,0.0,0.584253395693634,False,False,2+2,2+2,model_6,0.670788362953315,0.4006181720412276,1.3475490909689185,1.3946872701379496
OLD,bursty,4,1,bursty_r4_s1,58,1787591776.0452392,True,14,0.030524991440016767,0.030524991440016767,0.05125808653288453,False,0.0,0.6792170649288927,False,False,2+2,2+2,model_6,0.5857735617763126,0.38766621247176425,1.1898628055245066,1.367234941004667
OLD,bursty,4,1,bursty_r4_s1,59,1787591781.0697944,True,14,0.03629211934714878,0.03629211934714878,0.060136009611312366,False,0.0,0.6569991142178043,False,False,1+3,2+2,model_6,0.2664230928714073,0.6419293849603807,0.6422054524373645,2.3577827457894722
OLD,bursty,4,1,bursty_r4_s1,60,1787591786.101643,True,14,0.022954664432271406,0.022954664432271406,0.03170799189461777,False,0.0,0.38133110105675383,False,False,1+3,1+3,model_6,0.3272911838653219,0.4734709086454334,0.09051665226891253,1.4912910215051636
OLD,bursty,4,1,bursty_r4_s1,61,1787591791.127311,True,14,0.04518009003419076,0.04518009003419076,0.05883744621846347,False,0.0,0.3022870510868236,False,False,1+3,1+3,model_6,0.8500815587643936,0.49094604327967173,1.3994232553882213e-06,2.9352057320454827
OLD,bursty,4,1,bursty_r4_s1,62,1787591796.1557271,True,14,0.030179896173835163,0.030179896173835163,0.03930288947920983,False,0.0,0.302287100420311,False,False,1+3,1+3,model_6,0.5748774304848652,0.3920929434022289,1.0090775361959459e-06,1.9606911844341388
OLD,bursty,4,1,bursty_r4_s1,63,1787591801.1781323,True,14,0.026553500312684653,0.026553500312684653,0.034580280083015065,False,0.0,0.3022870685902003,False,False,1+3,1+3,model_6,0.3023858195206301,0.507989199828552,8.456631661046821e-07,1.725095861134433
OLD,bursty,4,1,bursty_r4_s1,64,1787591806.2295728,True,14,0.028842555115974246,0.028842555115974246,0.03756129048236096,False,0.0,0.3022872048377539,False,False,1+3,1+3,model_6,0.5587111001124694,0.5093833462280313,1.1146051022148384e-06,1.873808419575491
OLD,bursty,4,1,bursty_r4_s1,65,1787591811.2555802,True,14,0.026011907180557507,0.026011907180557507,0.032304223027145085,False,0.0,0.24190136474463292,False,False,1+3,1+3,model_6,0.7595277053645846,0.601777618002683,1.4205839794223518e-06,1.611550268008481
OLD,bursty,4,1,bursty_r4_s1,68,1787591826.3397896,True,14,0.030228059242595407,0.032758693922675865,0.030228059242595407,True,0.08371806670652718,0.0,True,True,2+2,2+2,model_3,1.2539508203237435,0.20066298494288637,0.6516198458853488,0.8563588439083463
OLD,bursty,4,1,bursty_r4_s1,69,1787591831.4134042,False,14,0.03437285417066683,0.03437285417066683,0.03940832936396877,False,0.0,0.1464956959436649,True,True,2+2,2+2,model_3,1.237259127870356,0.13631490018048262,0.7622071138581015,1.2037451295295751
OLD,bursty,4,1,bursty_r4_s1,70,1787591836.461496,True,14,0.041862164966535456,0.041862164966535456,0.05207839257282588,False,0.0,0.24404441610837033,False,True,2+2,2+2,model_5,1.2960700294282097,0.06888099279489135,1.4256123743314255,1.172407748901228
OLD,bursty,4,1,bursty_r4_s1,71,1787591841.4885821,True,14,0.04858556689138301,0.04858556689138301,0.0670701461131891,False,0.0,0.38045412258191535,False,True,2+2,3+1,model_6,1.1860477424244371,0.045782564831395645,1.6401708878998993,1.705738627770171
OLD,bursty,4,1,bursty_r4_s1,72,1787591846.5168352,True,14,0.036699738486877444,0.036699738486877444,0.05656614763599172,False,0.0,0.5413229076882338,False,True,2+2,3+1,model_5,0.767753762033849,0.002804482848732888,1.425587235200224,1.3963122626874727
OLD,bursty,4,1,bursty_r4_s1,73,1787591851.5410423,True,14,0.04288752328284355,0.04288752328284355,0.07433848213890575,False,0.0,0.7333358620091647,False,True,2+2,3+1,model_5,0.9613362979763278,6.517301577286229e-06,2.1408993748505485,1.567603575914941
OLD,bursty,4,1,bursty_r4_s1,74,1787591856.5701125,False,14,0.04409362709578641,0.04409362709578641,0.051559954603001036,False,0.0,0.16932894839871562,False,True,2+2,3+1,model_5,1.5452469050492255,0.662888220236527,1.909268733806154,0.6628882202365266
OLD,bursty,4,1,bursty_r4_s1,75,1787591861.5996418,True,14,0.038304244909438,0.038304244909438,0.06906449993019823,False,0.0,0.8030508131275298,False,True,2+2,3+1,model_5,0.8156111649825807,6.0543065507025664e-06,2.002333819584691,1.4430674640425027
OLD,bursty,4,1,bursty_r4_s1,76,1787591866.6283586,True,14,0.03442864860848924,0.03442864860848924,0.06875068024874637,False,0.0,0.9969032485287319,False,True,1+3,3+1,model_5,0.4599087508164295,5.849118392076136e-06,2.2092836914685816,1.2204621579718082
OLD,bursty,4,1,bursty_r4_s1,77,1787591871.6691253,False,14,0.04732046722847608,0.04732046722847608,0.06703709655160704,False,0.0,0.41666176345921757,True,True,2+2,2+2,model_5,1.4353110992803735,4.141333178769925e-07,1.9892355016753454,1.3550252798112699
OLD,bursty,4,1,bursty_r4_s1,80,1787591886.7601466,False,14,0.03762897843191974,0.03762897843191974,0.06774664368561725,False,0.0,0.8003848764639709,True,True,2+2,3+1,model_5,0.7919835785760627,0.1359145093040018,2.30829588618968,1.0713618736111714
OLD,bursty,4,1,bursty_r4_s1,81,1787591891.8044634,False,14,0.0399661076730176,0.0399661076730176,0.07277220458201444,False,0.0,0.8208479338893763,True,True,2+2,3+1,model_5,0.7537792497750392,0.1933442054628614,2.5646220070253776,1.0657444957750386
OLD,bursty,4,1,bursty_r4_s1,82,1787591896.8362606,False,14,0.03759139607038907,0.03759139607038907,0.06818016049531511,False,0.0,0.8137171699515828,True,True,2+2,3+1,model_5,0.6635901451274608,0.2677280976564954,2.4122369490090487,0.9890475419505971
OLD,bursty,4,1,bursty_r4_s1,83,1787591901.8694606,False,14,0.046538611639251264,0.046538611639251264,0.0838091173111274,False,0.0,0.8008512578927411,True,True,2+2,3+1,model_5,0.4212559422048375,0.41724528156617363,2.9863790730617192,1.1945827909242495
OLD,bursty,4,1,bursty_r4_s1,84,1787591906.9087975,False,14,0.04233678626985345,0.04233678626985345,0.07644031082531585,False,0.0,0.8055293648905593,True,True,2+2,3+1,model_5,0.07450404296973857,0.493647137089437,2.7167482673750687,1.0966080199300436
OLD,bursty,4,1,bursty_r4_s1,85,1787591911.939986,False,14,0.03618016260773444,0.03618016260773444,0.06864517404355347,False,0.0,0.8973152439309048,True,True,2+2,3+1,model_5,0.0,0.3233363196935318,2.3216782079631155,1.1028042830924365
OLD,bursty,4,1,bursty_r4_s1,86,1787591916.9721336,False,14,0.029606867339949997,0.029606867339949997,0.05491467267136523,False,0.0,0.8547951068523272,True,True,2+2,3+1,model_5,0.0,0.17016742422592532,1.8998703641680803,0.8396424666366281
OLD,bursty,4,1,bursty_r4_s1,87,1787591921.9990942,False,14,0.02681088593288177,0.02681088593288177,0.04673730670940561,False,0.0,0.7432212731204606,True,True,2+2,3+1,model_5,0.0,0.13036368199519577,1.7204524557125598,0.611118419232046
OLD,bursty,4,2,bursty_r4_s2,1,1787592653.7302144,True,14,0.00034708441769015644,0.00034708441769015644,0.00044645918985151137,False,0.0,0.2863129748742197,False,False,2+2,2+2,model_5,0.005041626967877046,0.006452909171779021,0.022272379967207205,4.070267997646759e-09
OLD,bursty,4,2,bursty_r4_s2,2,1787592658.733106,True,14,0.017205970368802663,0.02137369526273349,0.017205970368802663,True,0.242225506879148,0.0,True,False,3+1,2+2,model_3,1.260337329514795,1.3197131616095118e-07,0.34672104078624794,1.0175109604506382e-06
OLD,bursty,4,2,bursty_r4_s2,3,1787592663.748448,True,14,0.034418651216679044,0.04275570817885213,0.034418651216679044,True,0.24222497592041042,0.0,True,True,3+1,3+1,model_3,2.52116620162174,2.686485875150904e-07,0.7058057817069053,9.578074094129807e-07
OLD,bursty,4,2,bursty_r4_s2,4,1787592668.7524922,True,14,0.026716714092285362,0.033188172889889664,0.026716714092285362,True,0.24222510205598152,0.0,True,True,3+1,3+1,model_3,1.9569993072599028,2.6426834051585374e-07,0.6942977978090735,9.421906028983518e-07
OLD,bursty,4,2,bursty_r4_s2,5,1787592673.7592027,True,14,0.039425983837660716,0.048975944869926166,0.039425983837660716,True,0.24222505319304374,0.0,True,True,3+1,3+1,model_3,2.8879533161086473,3.5811984559480125e-07,0.9408687379973666,1.2767974870708798e-06
OLD,bursty,4,2,bursty_r4_s2,6,1787592678.7671883,True,14,0.04431437875506476,0.055048425589187974,0.04431437875506476,True,0.24222491966890997,0.0,True,True,3+1,3+1,model_3,3.2460282438084938,3.0465986817016005e-07,0.8004162560344034,1.0861977055021121e-06
OLD,bursty,4,2,bursty_r4_s2,7,1787592683.7753918,True,14,0.05117116658978796,0.0635661041124,0.05117116658978796,True,0.24222503313195243,0.0,True,True,3+1,3+1,model_3,3.748287952701968,4.4782711860256906e-07,1.1765517643401475,1.5966290252689141e-06
OLD,bursty,4,2,bursty_r4_s2,8,1787592688.7813652,True,14,0.05002682616567548,0.0621445791258724,0.05002682616567548,True,0.24222509979078355,0.0,True,True,3+1,3+1,model_3,3.6644650166357287,4.929660508193691e-07,1.2951428197412531,1.7575619542520293e-06
OLD,bursty,4,2,bursty_r4_s2,9,1787592693.7903485,True,14,0.04325501878914576,0.05373247600398957,0.04325501878914576,True,0.24222523786009717,0.0,True,True,3+1,3+1,model_3,3.1684301263049273,5.250115525840146e-07,1.379334218793783,1.8718131373773872e-06
OLD,bursty,4,2,bursty_r4_s2,10,1787592698.8183022,True,14,0.05869155089353192,0.07290811609382862,0.05869155089353192,True,0.24222507301069524,0.0,True,True,3+1,3+1,model_3,4.299156102951213,5.523528452980831e-07,1.451166505203546,1.969292497683295e-06
OLD,bursty,4,2,bursty_r4_s2,11,1787592703.8272154,True,14,0.06719977743145929,0.08347724129824717,0.06719977743145929,True,0.24222496694115028,0.0,True,True,3+1,3+1,model_3,4.922383696854393,5.14535957675006e-07,1.3518122594701503,1.834464709249417e-06
OLD,bursty,4,2,bursty_r4_s2,49,1787592894.9175906,True,14,0.03710060368697275,0.037664065575509546,0.03710060368697275,True,0.015187404854402519,0.0,True,False,2+2,1+3,model_5,1.6025108178182883,0.4159155822395539,1.7811794305411954,0.06964795104602728
OLD,bursty,4,2,bursty_r4_s2,50,1787592899.9345694,True,14,0.02913708362493179,0.030618903753848667,0.02913708362493179,True,0.05085684442518891,0.0,True,True,2+2,2+2,model_3,1.433234696501844,0.3745193141917354,1.4116033389649016,0.041950157027301156
OLD,bursty,4,2,bursty_r4_s2,51,1787592904.9571016,True,14,0.05506265976413844,0.0576092993271204,0.05506265976413844,True,0.04624984651832156,0.0,True,True,3+1,2+2,model_3,3.39479069052114,0.3172068962347244,2.27189318971554,0.0022451610122431616
OLD,bursty,4,2,bursty_r4_s2,52,1787592909.9760597,True,14,0.055478514809768495,0.06895484110265944,0.055478514809768495,True,0.24291072569444616,0.0,True,True,3+1,2+2,model_3,4.0638012098155425,0.1884602222269765,1.9273272334902096,0.002244899032877223
OLD,bursty,4,2,bursty_r4_s2,53,1787592915.0019696,True,14,0.043545237143509455,0.05413102669337721,0.043545237143509455,True,0.24309867724409895,0.0,True,True,3+1,2+2,model_3,3.1896886207620674,0.051591730372962115,1.70896643927881,0.002244634901509244
OLD,bursty,4,2,bursty_r4_s2,54,1787592920.0528412,True,14,0.06032530933340617,0.07493761668644366,0.06032530933340617,True,0.24222515416005796,0.0,True,True,3+1,2+2,model_3,4.418828908672002,9.786196322285823e-07,1.9871272434485707,2.312774132643485e-06
OLD,bursty,4,2,bursty_r4_s2,55,1787592925.0749958,True,14,0.0593231658098174,0.07369272343591539,0.0593231658098174,True,0.24222506385051978,0.0,True,True,3+1,2+2,model_3,4.345421895569125,8.922891132016653e-07,1.6319415144520029,1.95844205013865e-06
OLD,bursty,4,2,bursty_r4_s2,56,1787592930.0989718,True,14,0.05382219705957306,0.06685928513221709,0.05382219705957306,True,0.24222511872218708,0.0,True,True,3+1,3+1,model_3,3.9424759346137264,5.472180248447635e-07,1.4376760720157122,1.9509854263244364e-06
OLD,bursty,4,2,bursty_r4_s2,57,1787592935.1606505,True,14,0.06784804094073536,0.0842825368187138,0.06784804094073536,True,0.2422250613298299,0.0,True,True,3+1,3+1,model_3,4.969868998908866,6.254179192754244e-07,1.6431263899435142,2.229789939023341e-06
OLD,bursty,4,2,bursty_r4_s2,58,1787592940.1812596,True,14,0.0457531615272178,0.057929529934226925,0.0457531615272178,True,0.266131738235523,0.0,True,True,3+1,3+1,model_3,3.3514190818687037,0.0004930112506358068,1.1523909474233776,0.0644997428270877
OLD,bursty,4,2,bursty_r4_s2,59,1787592945.2057416,True,14,0.03950664619227856,0.04086734443442323,0.03950664619227856,True,0.03444226157599317,0.0,True,True,2+2,3+1,model_3,1.8947554506830346,0.15734557441379185,1.4557959999476975,0.5150609474022616
OLD,bursty,4,2,bursty_r4_s2,60,1787592950.2304406,False,14,0.03463402430446406,0.03463402430446406,0.040275664036243046,False,0.0,0.16289298876110753,False,True,2+2,3+1,model_3,1.5151769580793144,0.5270805180458308,1.4821402061997158,0.5270805180458308
OLD,bursty,4,2,bursty_r4_s2,61,1787592955.2728758,False,14,0.0436986430420105,0.0436986430420105,0.051567928105914373,False,0.0,0.18008076489557326,False,True,2+2,3+1,model_5,1.18444622898658,0.5686501146784012,2.0039046112615697,0.5686501146784011
OLD,bursty,4,2,bursty_r4_s2,62,1787592960.3106005,True,14,0.03391622605736362,0.03391622605736362,0.05407820643295148,False,0.0,0.5944641464969375,False,False,1+3,2+2,model_5,0.5356456417061287,0.34327763634036823,1.7747093156870908,0.9230749591380004
OLD,bursty,4,2,bursty_r4_s2,63,1787592965.3518896,True,14,0.0448828428022872,0.0448828428022872,0.08792430580663584,False,0.0,0.9589736370744161,False,False,1+3,2+2,model_5,0.1828438888087623,0.43239446186135577,2.8801285161506756,1.5061265989139578
OLD,bursty,4,2,bursty_r4_s2,64,1787592970.3768198,True,14,0.043957606972933695,0.043957606972933695,0.08184300812936239,False,0.0,0.8618622296649615,False,False,1+3,2+2,model_5,6.622163739080493e-07,0.40919722007228154,2.8207562052651105,1.2621229229383544
OLD,bursty,4,2,bursty_r4_s2,65,1787592975.3994448,True,14,0.04838718249965788,0.04838718249965788,0.07852624105944392,False,0.0,0.6228727733837187,False,False,1+3,2+2,model_5,5.69112550302517e-07,0.4270800172034366,3.105001720754413,0.8124147814727677
OLD,bursty,4,2,bursty_r4_s2,66,1787592980.4218597,True,14,0.05855903106987626,0.05855903106987626,0.09456953008334587,False,0.0,0.6149435596108079,False,False,1+3,2+2,model_5,6.8366194053583e-07,0.5984288736990933,3.7577284488296576,0.9600351007578823
OLD,bursty,4,2,bursty_r4_s2,67,1787592985.4671264,True,14,0.051549063083008065,0.051549063083008065,0.08678127898673711,False,0.0,0.6834695685350394,False,False,1+3,2+2,model_5,6.52910952570086e-07,0.6744178658098909,3.3078993507660743,1.0213339068105647
OLD,bursty,4,2,bursty_r4_s2,68,1787592990.4881217,True,14,0.03999787302364882,0.03999787302364882,0.06733210240328008,False,0.0,0.6833920734602523,False,False,1+3,1+3,model_5,6.623736039043838e-07,0.6282792659588403,2.566660387093715,0.7923172683449178
OLD,bursty,4,2,bursty_r4_s2,74,1787593020.7198374,True,14,0.036111137107373,0.036111137107373,0.06354695880239927,False,0.0,0.7597606692209246,False,False,1+3,2+2,model_5,0.34633520703718,0.3316443269452449,1.9295130476523756,1.2406362135407543
OLD,bursty,4,2,bursty_r4_s2,75,1787593025.7677138,True,14,0.027204284641349306,0.027204284641349306,0.04801219694917627,False,0.0,0.7648762899723474,False,False,2+2,1+3,model_5,0.5600107192506842,0.16529924280465447,1.3510321584477223,1.0441388073254425
OLD,bursty,4,2,bursty_r4_s2,76,1787593030.7969027,True,14,0.034432605552775726,0.034432605552775726,0.055486529018307064,False,0.0,0.6114531017195738,False,False,2+2,1+3,model_5,0.7681440241733162,0.08801633473575565,1.5058044342157908,1.2622364333342073
OLD,bursty,4,2,bursty_r4_s2,77,1787593035.825489,False,14,0.02749889167370782,0.02749889167370782,0.03910476844101457,False,0.0,0.42204889218874725,False,False,2+2,1+3,model_6,0.38343323419034026,0.38343323419034014,0.7082087226647347,1.2425998623360353
OLD,bursty,4,2,bursty_r4_s2,78,1787593040.9075928,True,14,0.02836076879914409,0.02836076879914409,0.04308227899714408,False,0.0,0.519080082146584,False,False,2+2,1+3,model_6,0.45514615142002807,0.4551461514200279,0.9273830552305097,1.2218504802090489
OLD,bursty,4,2,bursty_r4_s2,79,1787593045.9634318,True,14,0.03277527882280891,0.03277527882280891,0.06106501639037368,False,0.0,0.8631425447364136,False,False,2+2,1+3,model_5,0.6226180740104653,8.789258421071366e-07,1.7362981632751153,1.3100351348555965
OLD,bursty,4,2,bursty_r4_s2,80,1787593050.9914114,True,14,0.02892676323689516,0.02892676323689516,0.0519415010221188,False,0.0,0.7956209132955836,False,False,2+2,1+3,model_5,0.54179252493095,7.75721235246607e-07,1.4272650058330134,1.1639260471102646
OLD,bursty,4,2,bursty_r4_s2,81,1787593056.0460806,True,14,0.030955473422467968,0.030955473422467968,0.051231940482741115,False,0.0,0.6550204154059608,False,False,2+2,2+2,model_6,0.872971937714258,4.1281607043863744e-07,0.9277055328743427,1.6280878730049024
OLD,bursty,4,2,bursty_r4_s2,82,1787593061.0967896,True,14,0.03851875648779916,0.03851875648779916,0.0480326379187514,False,0.0,0.24699347275049652,False,False,2+2,2+2,model_6,1.2506028290969493,-7.054361361724659e-07,0.9900302265204771,1.4061604721528593
OLD,bursty,4,2,bursty_r4_s2,83,1787593066.1296809,True,14,0.03770058625289817,0.03770058625289817,0.050656328737166814,False,0.0,0.34364830290331877,False,False,2+2,2+2,model_5,0.9954838665631814,4.946165481634068e-07,1.2994790795387015,1.227598945079882
OLD,bursty,6,1,bursty_r6_s1,1,1787593820.8355424,True,14,0.00027735403486346406,0.00034905388639399097,0.00027735403486346406,True,0.2585138217506853,0.0,False,False,2+2,2+2,model_4,1.7415546807795013e-09,0.02036168645009353,1.7504846565650012e-08,0.004554524119356827
OLD,bursty,6,1,bursty_r6_s1,2,1787593825.8538175,True,14,0.006837114908737562,0.008488636590450951,0.006837114908737562,True,0.24155242434243865,0.0,True,False,1+3,2+2,model_4,4.71430642209831e-09,0.5019403812297412,0.28775176768285016,-4.714306445219307e-09
OLD,bursty,6,1,bursty_r6_s1,3,1787593830.8628454,True,14,0.018598429804364196,0.023090937634491927,0.018598429804364196,True,0.24155307073683957,0.0,True,True,1+3,1+3,model_4,2.005434078295821e-07,1.3653862880594558,0.5110286594920633,6.980425816260905e-07
OLD,bursty,6,1,bursty_r6_s1,4,1787593835.8707128,True,14,0.027469586889996223,0.027469586889996223,0.035334533510671326,False,0.0,0.28631470331792036,False,True,3+1,1+3,model_5,4.088058327117131e-07,1.3811917167671024,1.762721244669582,2.6907397288056245e-06
OLD,bursty,6,1,bursty_r6_s1,5,1787593840.8788686,False,14,0.02468644457621181,0.028144604379673425,0.02468644457621181,True,0.14008334787885757,0.0,True,True,1+3,1+3,model_4,4.539649001157831e-07,1.6642130635986288,1.156802294622978,1.5801408497773117e-06
OLD,bursty,6,1,bursty_r6_s1,6,1787593845.885784,False,14,0.03307370524148524,0.03307370524148524,0.03856531631317609,False,0.0,0.1660416040958898,False,True,3+1,1+3,model_4,5.722719237644367e-07,1.9334783862814255,1.9238942777420507,2.810678151776713e-06
OLD,bursty,6,1,bursty_r6_s1,7,1787593850.8950915,False,14,0.04283212104109911,0.04283212104109911,0.049944036248582444,False,0.0,0.16604163031429542,False,True,3+1,1+3,model_5,7.131099686688426e-07,2.4093139177050635,2.49154042159131,3.667981527621933e-06
OLD,bursty,6,1,bursty_r6_s1,8,1787593855.9189851,False,14,0.03685352458429102,0.04201609122544098,0.03685352458429102,True,0.1400833895640616,0.0,True,True,1+3,1+3,model_4,7.143259383709885e-07,2.484445095344743,1.8202594164232089,2.4863939790675804e-06
OLD,bursty,6,1,bursty_r6_s1,9,1787593860.9287362,True,14,0.03624198956914379,0.03624198956914379,0.05078244578625726,False,0.0,0.4012046907461485,False,True,3+1,1+3,model_5,3.095034849711423e-06,1.6086997732550614,2.325645639246522,0.2077239511296165
OLD,bursty,6,1,bursty_r6_s1,10,1787593865.9348085,True,14,0.03660735781992339,0.03660735781992339,0.05538710240373989,False,0.0,0.5130046444814901,False,False,3+1,2+2,model_5,0.1459888241240599,0.937373708347897,2.3490912913546547,0.4139895086381661
OLD,bursty,6,1,bursty_r6_s1,11,1787593870.967842,True,14,0.08980439196409779,0.08980439196409779,0.13557417361224652,False,0.0,0.5096608378178953,False,False,3+1,2+2,model_5,0.21981738720798596,0.8001373046531821,5.762740816368033,1.0006098523897813
OLD,bursty,6,1,bursty_r6_s1,12,1787593876.0104036,True,14,0.07784497704953826,0.07784497704953826,0.12201893273040194,False,0.0,0.567460578127638,False,False,3+1,2+2,model_5,0.5472343809747346,0.6254602071571957,4.995306095630038,1.091818083666693
OLD,bursty,6,1,bursty_r6_s1,13,1787593881.017695,True,14,0.08312966067289239,0.08312966067289239,0.13569533990768046,False,0.0,0.6323336196646971,False,False,3+1,2+2,model_5,0.4297039921243125,0.3185606309030642,5.334423830874765,1.4349714267853408
OLD,bursty,6,1,bursty_r6_s1,14,1787593886.0312233,True,14,0.07386912453179396,0.07386912453179396,0.11936479374589155,False,0.0,0.6158956059444812,False,False,3+1,2+2,model_5,0.42535503993389256,0.10170613902334047,4.740175950179864,1.214541944073186
OLD,bursty,6,1,bursty_r6_s1,15,1787593891.0439837,True,14,0.0760602351270263,0.0760602351270263,0.13245095676633106,False,0.0,0.7413955734573793,False,False,3+1,2+2,model_5,0.5048233292232783,1.0072200873345594e-06,4.880779345895408,1.7267642824749592
OLD,bursty,6,1,bursty_r6_s1,16,1787593896.052694,True,14,0.052057746512950955,0.052057746512950955,0.08332482516528131,False,0.0,0.6006229763432367,False,False,3+1,3+1,model_5,1.7226848394505052,1.2578542158969697e-06,3.113615405859038,1.0431867120542728
OLD,bursty,6,1,bursty_r6_s1,17,1787593901.4196734,True,14,0.081728206227721,0.11411971721545765,0.081728206227721,True,0.39633209246613704,0.0,True,False,1+3,3+1,model_3,5.986591106180564,5.25858824895753e-06,1.905075097093196,0.7426830782957676
OLD,bursty,6,1,bursty_r6_s1,18,1787593906.4297607,True,14,0.0887701158114531,0.12088413489686467,0.0887701158114531,True,0.3617661055396329,0.0,True,False,1+3,3+1,model_3,6.502410983188939,6.660991289708651e-06,1.2473769156313999,0.6257392446845784
OLD,bursty,6,1,bursty_r6_s1,19,1787593911.445168,True,14,0.08912704651739596,0.12057398072779836,0.08912704651739596,True,0.35283267469504376,0.0,True,False,1+3,3+1,model_3,6.528556157399254,7.202577139320265e-06,0.7926759302225903,0.5813052725869966
OLD,bursty,6,1,bursty_r6_s1,35,1787593991.8739948,True,14,0.04355924701559225,0.04355924701559225,0.044514156745892985,False,0.0,0.021922089928664713,False,False,2+2,2+2,model_3,1.9581679143234452,1.0427122306789816,0.21271754459930958,1.5329834790808925
OLD,bursty,6,1,bursty_r6_s1,36,1787593996.8936167,True,14,0.04989356780686823,0.04989356780686823,0.052720197616192135,False,0.0,0.056653190653060424,False,False,3+1,2+2,model_6,1.409190426732222,1.1705272961014466,0.031411475183976245,2.5986261957394214
OLD,bursty,6,1,bursty_r6_s1,37,1787594001.913866,True,14,0.04639806654495202,0.04639806654495202,0.0622975616213834,False,0.0,0.34267581087732185,False,False,3+1,2+2,model_6,0.28210709459371247,1.469854214142311,0.09348717079811608,3.0143337646186312
OLD,bursty,6,1,bursty_r6_s1,38,1787594006.9377172,True,14,0.045741008806393486,0.045741008806393486,0.0673753122348254,False,0.0,0.4729739022591903,False,False,3+1,2+2,model_6,-6.730722747195225e-07,1.2847704431689224,0.3894864241696171,2.9716468279825516
OLD,bursty,6,1,bursty_r6_s1,39,1787594011.9613101,True,14,0.04748264445010405,0.04748264445010405,0.07364083667249044,False,0.0,0.5509000714961036,False,False,3+1,2+2,model_6,-5.640956742367191e-07,1.1442492026142537,0.5889043905174606,3.084795317077756
OLD,bursty,6,1,bursty_r6_s1,40,1787594016.9840045,True,14,0.04616772776310235,0.04616772776310235,0.06926105096251824,False,0.0,0.5002048902625932,False,False,3+1,2+2,model_6,-4.763868776878978e-07,1.0074662690165328,0.4558371779307957,2.9993693917657684
OLD,bursty,6,1,bursty_r6_s1,41,1787594022.0039012,True,14,0.04177450252262615,0.04177450252262615,0.06641470735081245,False,0.0,0.589838378442461,False,False,3+1,2+2,model_6,-4.2217309059704394e-07,0.902046357028491,0.5992562065319101,2.713955619941628
OLD,bursty,6,1,bursty_r6_s1,42,1787594027.029479,True,14,0.03482897939966366,0.03482897939966366,0.05227256049566478,False,0.0,0.5008352641010656,False,False,3+1,2+2,model_6,-6.511383913261064e-07,1.177414521536397,0.34497929376808134,2.2627272300215084
OLD,bursty,6,1,bursty_r6_s1,45,1787594042.7149131,True,14,0.03647544868188355,0.03647544868188355,0.05589572640275764,False,0.0,0.5324205300459994,False,False,2+2,3+1,model_6,0.2877226452140749,0.8352664269721386,0.9253366542462806,1.863117728135039
OLD,bursty,6,1,bursty_r6_s1,46,1787594047.7701948,True,14,0.04723038109102121,0.04723038109102121,0.070313286694544,False,0.0,0.4887300307621482,False,False,2+2,3+1,model_6,0.8349321998864145,0.6426973505079119,1.3576234857059106,2.150075672012923
OLD,bursty,6,1,bursty_r6_s1,47,1787594052.8267834,True,14,0.0627901255337749,0.0627901255337749,0.1091541805378483,False,0.0,0.7383972337996697,False,False,2+2,3+1,model_5,0.9090295627847,0.9090295627847,2.7537686390068137,2.691575265871548
OLD,bursty,6,1,bursty_r6_s1,48,1787594057.8714845,True,14,0.06903644730142304,0.06903644730142304,0.09089066084872326,False,0.0,0.31656051841546223,False,False,2+2,3+1,model_5,2.1350856720982825,0.16000794139559527,2.5984643418655207,1.9357724928963724
OLD,bursty,6,1,bursty_r6_s1,49,1787594062.918241,True,14,0.07014578862636309,0.07014578862636309,0.1070331862027688,False,0.0,0.5258676008746479,False,False,2+2,3+1,model_5,0.9015489622288939,0.9015489622288935,3.190334375473424,2.1492000815404837
OLD,bursty,6,1,bursty_r6_s1,50,1787594067.9491267,True,14,0.07047690141360188,0.07047690141360188,0.12412699189729108,False,0.0,0.7612436047498372,False,False,1+3,2+2,model_5,2.0058997242055163,1.7213836047691444e-06,4.52249725770291,1.669791076360779
OLD,bursty,6,1,bursty_r6_s1,51,1787594072.9781296,True,14,0.06960943767831539,0.06960943767831539,0.1101615025593742,False,0.0,0.5825656151463428,False,False,2+2,2+2,model_5,2.1368965906837247,1.3427930416476386e-06,3.527846913780435,1.9677489814764706
OLD,bursty,6,1,bursty_r6_s1,52,1787594078.0078497,True,14,0.07506597979093839,0.07506597979093839,0.1097115078175446,False,0.0,0.461534347824345,False,False,2+2,2+2,model_5,2.405234770312056,1.3139166408215885e-06,3.451981521889211,2.0211656122430632
OLD,bursty,6,1,bursty_r6_s1,53,1787594083.063049,True,14,0.06585254431052127,0.06585254431052127,0.11221588202009808,False,0.0,0.7040477812209501,False,False,2+2,2+2,model_5,2.076372549472342,1.4430859827108122e-06,3.791341091031711,1.8067410545881033
OLD,bursty,6,1,bursty_r6_s1,54,1787594088.0929708,True,14,0.05716499153395902,0.05716499153395902,0.0833714877874096,False,0.0,0.4584361083633248,False,False,2+2,2+2,model_5,1.6244100711307046,9.183396190159954e-07,2.4127035900062115,1.7464263730133518
OLD,bursty,6,1,bursty_r6_s1,56,1787594098.1515312,True,14,0.04928245908327544,0.04928245908327544,0.07442385596463161,False,0.0,0.5101489931513621,False,False,2+2,2+2,model_6,1.2488135844377206,0.28806444781346396,1.6179432102442959,2.0948187605537907
OLD,bursty,6,1,bursty_r6_s1,57,1787594103.202812,True,14,0.0606776202327597,0.0606776202327597,0.09485400509560275,False,0.0,0.5632453074418912,False,False,3+1,3+1,model_6,1.3370696202708614,0.7753745503567457,1.0630574585458228,3.668897615969578
OLD,bursty,6,1,bursty_r6_s1,58,1787594108.2719905,True,14,0.047948001695393094,0.047948001695393094,0.0770893366138585,False,0.0,0.607769539669165,False,False,3+1,3+1,model_6,0.7715943346627102,0.5456043223180411,0.7307059675728771,3.115028086706759
OLD,bursty,6,1,bursty_r6_s1,59,1787594113.3038576,True,14,0.04625099411516385,0.04625099411516385,0.0673132276815886,False,0.0,0.4553898563559585,False,False,3+1,3+1,model_6,0.649400676035886,0.6624009866175677,0.35325711755945466,3.0047789399466702
OLD,bursty,6,1,bursty_r6_s1,60,1787594118.3438323,True,14,0.0430428912159858,0.0430428912159858,0.060271907729999435,False,0.0,0.4002755397531222,False,False,3+1,3+1,model_6,0.8780673760432435,1.0335901789179187,0.34094844139106345,2.6658192680613695
OLD,bursty,6,1,bursty_r6_s1,61,1787594123.4050272,True,14,0.042482895133508856,0.042482895133508856,0.05532492760758722,False,0.0,0.3022871307080262,False,False,3+1,3+1,model_6,0.5089781968890488,0.9136941120187417,1.4846232179177576e-06,2.7599776188005958
OLD,bursty,6,1,bursty_r6_s1,62,1787594128.4446764,True,14,0.03728827110513835,0.03728827110513835,0.04856004474315142,False,0.0,0.30228737626990204,False,False,3+1,3+1,model_6,0.5200805673615718,1.1663639971932618,1.7598815560404546e-06,2.422499534707455
OLD,bursty,6,1,bursty_r6_s1,63,1787594133.4760447,True,14,0.04612093840369098,0.04612093840369098,0.04854096153961501,False,0.0,0.052471246676333155,False,False,3+1,3+1,model_6,1.3511178801463795,1.0625720708375501,2.518795171713162e-06,2.4215467773861694
OLD,bursty,6,1,bursty_r6_s1,64,1787594138.5131636,True,14,0.040709263232763394,0.040709263232763394,0.05275176492983706,False,0.0,0.2958172352129844,False,False,3+1,3+1,model_6,1.120348943949177,1.0101267787437729,2.2232482518869112e-06,2.631610237372643
OLD,bursty,6,1,bursty_r6_s1,65,1787594143.5737772,True,14,0.03807083482709371,0.03807083482709371,0.049579170862427434,False,0.0,0.3022874619797839,False,False,3+1,3+1,model_6,0.9712643073713723,0.9065634725233871,1.9595986397447085e-06,2.4733401930734726
OLD,bursty,6,2,bursty_r6_s2,1,1787595017.7081933,True,14,0.0012336229236391111,0.0012336229236391111,0.0015868251286146123,False,0.0,0.2863129390734541,False,False,1+3,2+2,model_5,0.005041618774646167,1.3744517490618629e-08,0.07916148663313086,1.2263498879981899e-08
OLD,bursty,6,2,bursty_r6_s2,2,1787595022.7131114,True,14,0.03943980513715074,0.0489931501014366,0.03943980513715074,True,0.24222596767566154,0.0,True,False,3+1,1+3,model_3,2.8889657262962913,2.4218931687945925e-07,0.6362907840519718,3.4040015065761367e-06
OLD,bursty,6,2,bursty_r6_s2,3,1787595027.718811,True,14,0.06446643940582668,0.08008187825510978,0.06446643940582668,True,0.24222586190903736,0.0,True,False,3+1,1+3,model_3,4.722166686476804,7.979302709726788e-07,2.0963586816817847,5.161960733450847e-06
OLD,bursty,6,2,bursty_r6_s2,4,1787595032.7555366,False,14,0.06797337281890282,0.07771092644368069,0.06797337281890282,True,0.14325541342079662,0.0,True,False,3+1,1+3,model_3,4.582359917341169,1.2862081479422976e-06,3.3791845150264055,4.49723141695115e-06
OLD,bursty,6,2,bursty_r6_s2,5,1787595037.7637432,False,14,0.05076987634831545,0.05804293586281482,0.05076987634831545,True,0.14325541123246585,0.0,True,False,3+1,1+3,model_3,3.422602653307426,9.639551837294222e-07,2.5325468757850738,3.3557438284522377e-06
OLD,bursty,6,2,bursty_r6_s2,6,1787595042.7718582,True,14,0.0843367561770234,0.10476530338621676,0.0843367561770234,True,0.24222590641634012,0.0,True,False,3+1,1+3,model_3,6.177667389966963,8.225363069651173e-07,2.161004777553795,6.97435582995886e-06
OLD,bursty,6,2,bursty_r6_s2,7,1787595047.7765326,True,14,0.08444457681199785,0.10489923818794764,0.08444457681199785,True,0.24222587344464724,0.0,True,False,3+1,1+3,model_3,6.185565251478843,9.877679915346198e-07,2.5951089678584855,6.819092109096914e-06
OLD,bursty,6,2,bursty_r6_s2,8,1787595052.78317,True,14,0.08172148310903875,0.1015164877577414,0.08172148310903875,True,0.2422252251870015,0.0,True,True,3+1,2+2,model_3,5.986098637737088,1.4016360254528484e-06,3.0409757460582454,3.475337073358036e-06
OLD,bursty,6,2,bursty_r6_s2,9,1787595057.7945712,True,14,0.09719714264029373,0.1207407222819677,0.09719714264029373,True,0.24222501816543945,0.0,True,True,3+1,2+2,model_3,7.119690698401516,1.403878071987469e-06,2.406798855744457,2.9469400601066933e-06
OLD,bursty,6,2,bursty_r6_s2,10,1787595062.8049304,True,14,0.11030865674890056,0.13702816768123616,0.11030865674890056,True,0.24222496873620855,0.0,True,True,3+1,2+2,model_3,8.080109106856966,1.5219394729985689e-06,2.4035772946094336,3.0229559264763003e-06
OLD,bursty,6,2,bursty_r6_s2,11,1787595067.8129995,True,14,0.110765516554789,0.13759568092144941,0.110765516554789,True,0.24222488371088988,0.0,True,True,3+1,2+2,model_3,8.113574087638295,1.4050606200428997e-06,1.8471797988268666,2.480134127158314e-06
OLD,bursty,6,2,bursty_r6_s2,49,1787595258.671326,False,14,0.06771462441589249,0.06771462441589249,0.0699257448555609,False,0.0,0.03265351404872393,False,False,2+2,1+3,model_3,3.6465925555808463,0.34632194781800185,3.1420440191756236,0.34632194781800196
OLD,bursty,6,2,bursty_r6_s2,50,1787595263.696837,True,14,0.06145729617947367,0.0629955136201127,0.06145729617947367,True,0.025029045146193533,0.0,True,False,2+2,2+2,model_5,2.9155462231427687,0.6088790025183386,3.065900304692415,2.544948437266381e-06
OLD,bursty,6,2,bursty_r6_s2,51,1787595268.7258773,True,14,0.06017999073621736,0.06017999073621736,0.06069523808068623,False,0.0,0.008561771747810885,True,False,2+2,2+2,model_5,3.0143059025739998,0.4826549597732966,3.0278836795208517,2.5920746316576704e-06
OLD,bursty,6,2,bursty_r6_s2,52,1787595273.7805274,True,14,0.06921473642791554,0.07317368856310118,0.06921473642791554,True,0.05719811039530198,0.0,True,False,3+1,2+2,model_3,4.3148145466060015,0.3512320208665229,3.0046599540418533,3.4834888968937605e-06
OLD,bursty,6,2,bursty_r6_s2,53,1787595278.8105574,True,14,0.07649541104908443,0.09502455076437769,0.07649541104908443,True,0.242225506879148,0.0,True,False,3+1,2+2,model_3,5.603288859345435,0.13197790839792226,2.6042194111808206,4.523715750770485e-06
OLD,bursty,6,2,bursty_r6_s2,54,1787595283.8674393,True,14,0.07002518883152131,0.08698707569054463,0.07002518883152131,True,0.24222550687914823,0.0,True,False,3+1,2+2,model_3,5.129345081908936,8.054570301599934e-07,2.11613332291016,4.141085658985747e-06
OLD,bursty,6,2,bursty_r6_s2,59,1787595309.037161,True,14,0.06918986928135167,0.06918986928135167,0.09055063426118892,False,0.0,0.3087267717326718,False,False,2+2,2+2,model_5,2.690324186214034,0.1489555826740554,3.127693242514814,1.3895807815072323
OLD,bursty,6,2,bursty_r6_s2,60,1787595314.0725129,True,14,0.06348794317297929,0.06348794317297929,0.09046302569900896,False,0.0,0.424885122715873,False,False,2+2,2+2,model_5,2.208008539620463,0.3763175770959688,3.327187107957493,1.1857164123629893
OLD,bursty,6,2,bursty_r6_s2,61,1787595319.101182,True,14,0.055162690060743834,0.055162690060743834,0.07463303940202744,False,0.0,0.35296228881955033,False,False,1+3,2+2,model_5,1.7179623983428132,0.4470288118219841,2.9573475279073174,0.7658499181992939
OLD,bursty,6,2,bursty_r6_s2,62,1787595324.1305213,True,14,0.04170651894120789,0.04170651894120789,0.06489797430083671,False,0.0,0.5560630795468917,False,False,1+3,1+3,model_5,0.6014109647545645,0.5683405374178188,2.191395300676862,1.0461516907137072
OLD,bursty,6,2,bursty_r6_s2,63,1787595329.1654441,True,14,0.06906760738583065,0.06906760738583065,0.1082404070147262,False,0.0,0.5671660147435762,False,False,1+3,1+3,model_5,0.2422231854543968,0.5614274571777602,4.432062970041926,0.9676957720872476
OLD,bursty,6,2,bursty_r6_s2,64,1787595334.2166955,True,14,0.03851790833414149,0.03851790833414149,0.07488384264122808,False,0.0,0.944130558482392,False,False,1+3,1+3,model_5,8.102255697599282e-07,0.4736774794489589,2.471691168590271,1.2640180281719315
OLD,bursty,6,2,bursty_r6_s2,65,1787595339.2941253,True,14,0.05847155188042155,0.05847155188042155,0.09988515326932063,False,0.0,0.7082692361850222,False,False,1+3,1+3,model_5,8.203773748233858e-07,0.5286405111485815,3.7521149160766605,1.2308276323705805
OLD,bursty,6,2,bursty_r6_s2,66,1787595344.330495,True,14,0.04886833661158667,0.04886833661158667,0.09641461452789643,False,0.0,0.9729465173782189,False,False,1+3,1+3,model_5,1.0506732699069053e-06,0.5794536774668602,3.135877342526719,1.6739314158161145
OLD,bursty,6,2,bursty_r6_s2,67,1787595349.376351,True,14,0.053860106942327,0.053860106942327,0.09780486447069126,False,0.0,0.8159055008082322,False,False,1+3,1+3,model_5,9.188500112674623e-07,0.5476980695162379,3.4561988546682687,1.4229649115629737
OLD,bursty,6,2,bursty_r6_s2,68,1787595354.45625,True,14,0.04814018040573755,0.04814018040573755,0.08685502952505558,False,0.0,0.8042107194659335,False,False,1+3,1+3,model_5,8.085310945252943e-07,0.49030054234289344,3.0891516156845844,1.243760814254809
OLD,bursty,6,2,bursty_r6_s2,74,1787595385.0780542,True,14,0.07307370359498301,0.07307370359498301,0.10851242382095103,False,0.0,0.4849722743271646,False,False,2+2,2+2,model_5,1.760272208518443,0.41643475476295766,2.864678739765707,2.5486500282708775
OLD,bursty,6,2,bursty_r6_s2,75,1787595390.1311738,True,14,0.060071559583835706,0.060071559583835706,0.11478848126603186,False,0.0,0.9108623458632428,False,False,2+2,1+3,model_5,1.0793666284679342,0.21888648458465143,3.285326933560702,2.441093747097473
OLD,bursty,6,2,bursty_r6_s2,76,1787595395.1687608,True,14,0.09162369807616116,0.09162369807616116,0.10071872641096306,False,0.0,0.09926502123109852,False,False,2+2,1+3,model_3,3.048080534457378,0.16222030539901588,2.669851318385965,2.3546754589359464
OLD,bursty,6,2,bursty_r6_s2,77,1787595400.2045038,True,14,0.07235986692108044,0.07308412018864585,0.07235986692108044,True,0.01000904642839266,0.0,True,False,2+2,1+3,model_3,3.083054771097747,1.2264816988542186,2.3833146310251494,1.226481698854219
OLD,bursty,6,2,bursty_r6_s2,78,1787595405.2457309,True,14,0.07628134332198709,0.07628134332198709,0.08038606349021428,False,0.0,0.05381027639879091,True,False,2+2,1+3,model_3,2.546784914372346,0.026061980603121926,1.890494867187696,2.1197020735682672
OLD,bursty,6,2,bursty_r6_s2,79,1787595410.2921116,True,14,0.06571106609783996,0.06869771902148053,0.06571106609783996,True,0.04545129307738852,0.0,True,False,2+2,1+3,model_3,3.1036061781276207,0.9472782651878444,2.330831207997757,0.9472782651878449
OLD,bursty,6,2,bursty_r6_s2,80,1787595415.3350773,True,14,0.07665201773122839,0.07665201773122839,0.07981347690890607,False,0.0,0.041244304732629244,True,False,2+2,1+3,model_3,2.9548050861778212,5.803421489147809e-06,1.5040367968088493,2.4775956782053674
OLD,bursty,6,2,bursty_r6_s2,81,1787595422.4508119,True,14,0.08512452070031054,0.0911316688126229,0.08512452070031054,True,0.07056895078988025,0.0,True,True,2+2,2+2,model_3,3.576503725794853,1.031936111149176e-06,1.7246183293737947,2.5219646935311504
OLD,bursty,6,2,bursty_r6_s2,82,1787595427.49518,True,14,0.047832287742545096,0.047832287742545096,0.060864676004852805,False,0.0,0.2724600657291136,False,True,2+2,2+2,model_6,1.719231650652929,9.237303700837529e-07,1.0631687904334393,1.9731701832305264
OLD,bursty,8,1,bursty_r8_s1,1,1787596187.2422993,True,14,0.0005751846222998725,0.0005751846222998725,0.0007030281774437784,False,0.0,0.22226525221193177,False,False,2+2,2+2,model_5,0.023227025359864855,0.006437053374021002,0.024381999532547542,0.010689769428915322
OLD,bursty,8,1,bursty_r8_s1,2,1787596192.2476468,True,14,0.018461874890122312,0.018461874890122312,0.02374774499852335,False,0.0,0.2863127466663282,False,False,1+3,2+2,model_5,-6.322880419761971e-09,0.6760853125960957,1.184697069365173,6.32288033042272e-09
OLD,bursty,8,1,bursty_r8_s1,3,1787596197.2701473,False,14,0.019014340575940987,0.019014340575940987,0.022171501505844102,False,0.0,0.16604104240658754,False,False,1+3,1+3,model_4,3.2938912407235886e-07,1.1128743622525101,1.1060623764180058,1.0834692404371182e-06
OLD,bursty,8,1,bursty_r8_s1,4,1787596202.2911754,False,14,0.049357994233716895,0.049357994233716895,0.0533378907301633,False,0.0,0.0806332704202088,True,False,2+2,1+3,model_4,8.638421478189337e-07,2.918577774604844,2.6608495121127573,2.8414611310534355e-06
OLD,bursty,8,1,bursty_r8_s1,5,1787596207.2995017,True,14,0.036845885079066026,0.036845885079066026,0.04632263063719029,False,0.0,0.25719956347332995,False,False,1+3,1+3,model_5,5.794265622865577e-07,1.9576510533320366,2.3108821404329767,1.9059246688657439e-06
OLD,bursty,8,1,bursty_r8_s1,6,1787596212.3087037,False,14,0.040661584268914884,0.040661584268914884,0.04728930787199791,False,0.0,0.16299718080954875,False,False,1+3,1+3,model_4,7.116413616258736e-07,2.404352080547261,2.3591060608698635,2.3408226571541846e-06
OLD,bursty,8,1,bursty_r8_s1,7,1787596217.326575,False,14,0.05302603038452285,0.05302603038452285,0.055101303315391495,False,0.0,0.039136871378446035,True,False,2+2,1+3,model_4,9.280385213376533e-07,3.135471693257566,2.748820168629246,3.0526241321382486e-06
OLD,bursty,8,1,bursty_r8_s1,8,1787596222.33277,False,14,0.04014107510408536,0.04014107510408536,0.04448003230052057,False,0.0,0.10809270018763438,True,False,2+2,1+3,model_4,7.025316385684608e-07,2.373573956283211,2.2189605505092116,2.3108577738018e-06
OLD,bursty,8,1,bursty_r8_s1,9,1787596227.3648412,True,14,0.04378806911584535,0.044006586626528135,0.04378806911584535,True,0.00499034360489096,0.0,True,True,2+2,2+2,model_4,7.173977724006844e-07,2.4238006905987812,2.0060964937995287,0.17834659478820966
OLD,bursty,8,1,bursty_r8_s1,10,1787596232.4043741,True,14,0.05137754745547326,0.05137754745547326,0.07266843551283803,False,0.0,0.41440063046638564,False,True,1+3,2+2,model_5,0.36466598368027225,1.3840944745395138,2.623961937933712,1.0012278664977508
OLD,bursty,8,1,bursty_r8_s1,11,1787596237.4165747,True,14,0.0656670268205226,0.0656670268205226,0.0949462934450799,False,0.0,0.44587471128518946,False,True,1+3,2+2,model_5,0.8532527530340633,1.2522111543493912,3.3530773772575846,1.3834816601920847
OLD,bursty,8,1,bursty_r8_s1,12,1787596242.4547842,True,14,0.07272792775310823,0.07272792775310823,0.13020456201657885,False,0.0,0.7902966032331946,False,True,1+3,2+2,model_5,0.5350062183658914,0.9943483546099144,4.6669454420475995,1.828532923240401
OLD,bursty,8,1,bursty_r8_s1,13,1787596247.468335,True,14,0.0741504435647611,0.0741504435647611,0.14028193329341862,False,0.0,0.8918556187853411,False,True,1+3,2+2,model_5,0.6668869921659445,0.4743171173478844,4.758228170547316,2.2399771813677196
OLD,bursty,8,1,bursty_r8_s1,14,1787596252.5059776,True,14,0.07790291110041533,0.07790291110041533,0.14808079254099207,False,0.0,0.900837728003756,False,True,1+3,2+2,model_5,0.7041383203081395,0.20328776039710306,4.999023719148722,2.3882411306208473
OLD,bursty,8,1,bursty_r8_s1,15,1787596258.5832267,True,14,0.10996236706426639,0.10996236706426639,0.18619265975111296,False,0.0,0.693239830334814,False,False,1+3,1+3,model_5,0.871668365907059,1.4115965889516247e-06,7.056276503704047,2.23226434661417
OLD,bursty,8,1,bursty_r8_s1,16,1787596263.5984144,True,14,0.11175888286104002,0.11175888286104002,0.12672779004423865,False,0.0,0.1339393057624854,False,False,2+2,1+3,model_3,4.10470821963574,2.9970079244989734e-06,3.836678494737858,2.4853551250081254
OLD,bursty,8,1,bursty_r8_s1,17,1787596268.613835,True,14,0.0960115818204891,0.15106530999259052,0.0960115818204891,True,0.5734071570139762,0.0,True,False,3+1,1+3,model_3,7.032848368350827,6.099008182491872e-06,2.0351715750654704,1.874989080841166
OLD,bursty,8,1,bursty_r8_s1,18,1787596273.6508,True,14,0.10716652137081073,0.15563468394186988,0.10716652137081073,True,0.45226962628891093,0.0,True,False,3+1,1+3,model_3,7.849947690411886,7.759993521760933e-06,1.6073175789935186,1.3273311042931797
OLD,bursty,8,1,bursty_r8_s1,19,1787596278.6678598,True,14,0.12212823382544138,0.16611733870005155,0.12212823382544138,True,0.36018784106453267,0.0,True,False,3+1,1+3,model_3,8.945893127713582,9.976868898031732e-06,0.9730707202330866,0.8495142408279341
OLD,bursty,8,1,bursty_r8_s1,34,1787596354.6832154,True,14,0.06112861805227423,0.06112861805227423,0.06285001782221247,False,0.0,0.028160292589408546,False,False,2+2,2+2,model_3,3.2249607171186843,1.012014312474061,0.3308862193088222,2.476193050990515
OLD,bursty,8,1,bursty_r8_s1,35,1787596359.711275,True,14,0.06028098209665627,0.06876404423955525,0.06028098209665627,True,0.1407253473292288,0.0,True,False,2+2,2+2,model_6,2.5797442253316105,1.4840416692937568,0.3095375089778878,2.5820353606916635
OLD,bursty,8,1,bursty_r8_s1,36,1787596364.7566772,True,14,0.05268413506950708,0.05268413506950708,0.05823113631357338,False,0.0,0.10528788669963061,False,False,1+3,2+2,model_6,1.3833100414893489,1.2519333994786588,0.12192726056996483,2.7830330591981824
OLD,bursty,8,1,bursty_r8_s1,37,1787596369.7867727,True,14,0.04904001646420009,0.04904001646420009,0.07187773676544082,False,0.0,0.4656956083591977,False,False,1+3,2+2,model_6,0.3445104774242718,1.7651134589073563,0.4568355190555622,3.128908919348519
OLD,bursty,8,1,bursty_r8_s1,38,1787596374.8782845,True,14,0.04677054280476656,0.04677054280476656,0.06774094384047281,False,0.0,0.4483677070681567,False,False,1+3,2+2,model_6,-8.868048282387657e-07,1.5967995821332337,0.3408410590984501,3.0385323541307616
OLD,bursty,8,1,bursty_r8_s1,39,1787596379.9384437,True,14,0.050200580344959396,0.050200580344959396,0.07585314227889009,False,0.0,0.5110013023286981,False,False,1+3,2+2,model_6,-8.643141313422443e-07,1.5913430602469347,0.5226934688926295,3.2613709062780947
OLD,bursty,8,1,bursty_r8_s1,40,1787596384.9810925,True,14,0.05658008742130919,0.05658008742130919,0.08225276445163744,False,0.0,0.45374049776846775,False,False,1+3,1+3,model_6,6.75118924909283e-07,0.9795010059918768,0.42749347993889775,3.6758270466699368
OLD,bursty,8,1,bursty_r8_s1,41,1787596390.0170066,True,14,0.05314125683355645,0.05314125683355645,0.08008632639758308,False,0.0,0.5070461477495948,False,False,1+3,1+3,model_6,1.14784612143981e-06,1.849363823591323,0.5428268023290598,3.4524172383878677
OLD,bursty,8,1,bursty_r8_s1,42,1787596395.0508564,True,14,0.048079906431439834,0.048079906431439834,0.07679382545977953,False,0.0,0.5972124565026906,False,False,1+3,1+3,model_6,1.080196053416077e-06,1.5438087521256585,0.7073944575482529,3.1235975149003576
OLD,bursty,8,1,bursty_r8_s1,45,1787596410.1674685,True,14,0.05491832783842566,0.05491832783842566,0.08139542895886391,False,0.0,0.4821177585438528,False,False,2+2,2+2,model_6,0.898955939726613,0.8541685929090357,1.6673515443913896,2.3931993276150596
OLD,bursty,8,1,bursty_r8_s1,46,1787596415.2016652,True,14,0.07106957902785689,0.07106957902785689,0.11345788892455318,False,0.0,0.5964339521426107,False,False,2+2,1+3,model_6,1.5217788211001178,0.5029603623823515,2.6123330386394557,3.047708756108469
OLD,bursty,8,1,bursty_r8_s1,47,1787596420.2399154,True,14,0.09305868022453669,0.09305868022453669,0.12398880224957147,False,0.0,0.3323722402940276,False,False,2+2,1+3,model_6,2.3662017900534043,0.3503414352442906,3.0642240017713087,3.1211705042024303
OLD,bursty,8,1,bursty_r8_s1,48,1787596425.2840872,True,14,0.08728983057383616,0.08728983057383616,0.1273814870163378,False,0.0,0.4592935532002113,False,False,2+2,1+3,model_5,1.3420103103025158,1.3420103103025154,3.7499533024880405,2.6046911142527804
OLD,bursty,8,1,bursty_r8_s1,49,1787596430.341597,True,14,0.0901216811269519,0.0901216811269519,0.1352795027758935,False,0.0,0.5010761126984421,False,False,2+2,1+3,model_5,1.3919492764582062,1.391949276458206,3.8652074622501384,2.8834430453707056
OLD,bursty,8,1,bursty_r8_s1,50,1787596435.3790412,True,14,0.0917197257053492,0.0917197257053492,0.14109153688440657,False,0.0,0.5382900003175429,False,False,2+2,1+3,model_5,1.1726049809148378,1.1726049809148371,4.177772065260289,2.8608217532973534
OLD,bursty,8,1,bursty_r8_s1,51,1787596440.4194963,True,14,0.08158117800988349,0.08158117800988349,0.10986878974423286,False,0.0,0.3467418885630992,False,False,2+2,1+3,model_5,2.8438146308636574,6.812025745706052e-06,3.5142272917050708,1.966766121668359
OLD,bursty,8,1,bursty_r8_s1,52,1787596445.4598048,True,14,0.08529228825280483,0.08529228825280483,0.13754447077872625,False,0.0,0.6126249347543226,False,False,2+2,2+2,model_5,2.5095732957176167,1.6526063748578679e-06,4.341802588666435,2.5198397406894744
OLD,bursty,8,1,bursty_r8_s1,53,1787596450.5063798,True,14,0.0907606634162681,0.0907606634162681,0.1318365447451933,False,0.0,0.4525736126512567,False,False,2+2,2+2,model_5,3.093160856358925,1.6436179852696853e-06,4.31818788112685,2.258704747548399
OLD,bursty,8,1,bursty_r8_s1,54,1787596455.549258,True,14,0.10311576713633278,0.10311576713633278,0.14314512967452755,False,0.0,0.3881982712233584,False,False,2+2,2+2,model_5,3.4369931486177463,1.711917502866811e-06,4.497627477785246,2.643413346720189
OLD,bursty,8,1,bursty_r8_s1,56,1787596465.6340342,True,14,0.06597781486730474,0.06597781486730474,0.10713189688840394,False,0.0,0.6237563657400402,False,False,2+2,2+2,model_6,1.6245368119607597,0.5823104643959209,2.0254443808333478,3.3190144283924594
OLD,bursty,8,1,bursty_r8_s1,57,1787596470.679863,True,14,0.0665277522303572,0.0665277522303572,0.0912117031968495,False,0.0,0.37103239082875245,False,False,2+2,2+2,model_6,1.5836561621644178,0.7110852644865955,1.3274946869082087,3.2227578971814985
OLD,bursty,8,1,bursty_r8_s1,58,1787596475.7214108,True,14,0.07296492214677743,0.07296492214677743,0.11623706306967108,False,0.0,0.5930540271919527,False,False,1+3,1+3,model_6,1.316796589998467,0.7002305400942066,1.058388397572814,4.740297276109878
OLD,bursty,8,1,bursty_r8_s1,59,1787596480.7699935,True,14,0.05888625781614853,0.05888625781614853,0.08830297097709962,False,0.0,0.4995514106668886,False,False,1+3,1+3,model_6,0.7478418086830041,0.8762007582067319,0.5794939276533786,3.8256515502706026
OLD,bursty,8,1,bursty_r8_s1,60,1787596485.8154676,True,14,0.05802245512758058,0.05802245512758058,0.0769849306588866,False,0.0,0.3268127053502144,False,False,1+3,1+3,model_6,0.7907222572893583,0.9443464966639737,0.07099252730579864,3.7695330564623295
OLD,bursty,8,1,bursty_r8_s1,61,1787596490.8599155,True,14,0.06223107936249743,0.06223107936249743,0.08104272978521955,False,0.0,0.3022870664534651,False,False,1+3,1+3,model_6,0.7830995381768662,1.1097476925563865,1.975272119703053e-06,4.042953892255375
OLD,bursty,8,1,bursty_r8_s1,62,1787596495.9295387,True,14,0.05549288527048445,0.05549288527048445,0.07226767930682847,False,0.0,0.30228729240838714,False,False,1+3,1+3,model_6,1.2058324263937135,1.081485005021686,2.386919703722956e-06,3.605195005375243
OLD,bursty,8,1,bursty_r8_s1,63,1787596500.980855,True,14,0.05881368463388383,0.05881368463388383,0.07659232491497944,False,0.0,0.30228747598059774,False,False,1+3,1+3,model_6,1.9071019093946082,1.0332226834182274,3.0683623573057872e-06,3.82093670307984
OLD,bursty,8,1,bursty_r8_s1,64,1787596506.0267375,True,14,0.05799728375080981,0.05799728375080981,0.0755291293504071,False,0.0,0.3022873566790532,False,False,1+3,1+3,model_6,1.419909017594139,1.1488296262170343,2.6805955303244033e-06,3.767897752740599
OLD,bursty,8,1,bursty_r8_s1,65,1787596511.0747788,True,14,0.051368831739252954,0.051368831739252954,0.06689698579318008,False,0.0,0.3022874674812091,False,False,1+3,1+3,model_6,1.6111644955434103,0.93609112745725,2.6581770213862654e-06,3.3372684573100995
OLD,bursty,8,1,bursty_r8_s1,74,1787596556.587008,True,14,0.06354230914340599,0.06354230914340599,0.08780620391634644,False,0.0,0.38185415512962056,False,True,2+2,3+1,model_5,1.8688110035580496,7.699260645605055e-06,2.5022879666102975,1.8780754326696263
OLD,bursty,8,1,bursty_r8_s1,75,1787596561.6616688,True,14,0.06741493769943402,0.06741493769943402,0.11631418128643176,False,0.0,0.7253473081145971,False,True,2+2,3+1,model_5,1.9711032182561,1.0176401775190895e-05,3.798393129065528,2.004139719407206
OLD,bursty,8,1,bursty_r8_s1,76,1787596566.727876,False,14,0.08455565447761987,0.08455565447761987,0.09887337453148042,False,0.0,0.16932894839871593,False,True,2+2,3+1,model_5,3.4233243116125354,1.0273763389633561,3.9050918881520205,1.027376338963356
OLD,bursty,8,1,bursty_r8_s1,80,1787596587.0271616,True,14,0.08498602142584498,0.08498602142584498,0.14782225090256595,False,0.0,0.7393713509879866,False,False,1+3,2+2,model_5,1.8170047246952437,0.34848817391380127,5.02447960115998,2.349887454608262
OLD,bursty,8,1,bursty_r8_s1,81,1787596592.0848963,True,14,0.08121248088305442,0.08121248088305442,0.14234069589692816,False,0.0,0.7526948364241952,False,False,1+3,2+2,model_5,1.166074213752015,0.6048686470150928,4.556964222364002,2.5439460405253325
OLD,bursty,8,1,bursty_r8_s1,82,1787596597.1438696,True,14,0.07842809480520677,0.07842809480520677,0.14260549747436244,False,0.0,0.8182960816344476,False,False,1+3,2+2,model_5,0.7926572313238105,0.6036290202117938,5.032724716455212,2.0813956282521424
OLD,bursty,8,1,bursty_r8_s1,83,1787596602.2344575,True,14,0.09578415886929077,0.09578415886929077,0.16177846320363073,False,0.0,0.6889897569012146,False,False,1+3,2+2,model_5,0.35381167170532807,0.5455612373617154,6.146461991504977,1.9241347021417736
OLD,bursty,8,1,bursty_r8_s1,84,1787596607.3166447,True,14,0.09491913617103519,0.09491913617103519,0.15570060895465762,False,0.0,0.6403500414721437,False,False,1+3,2+2,model_5,1.1355736353396991e-06,0.6077997224719045,6.0909535525378145,1.6764389355869218
OLD,bursty,8,1,bursty_r8_s1,85,1787596612.3786764,True,14,0.07478151684601021,0.07478151684601021,0.1266489971703861,False,0.0,0.693586898366627,False,False,1+3,2+2,model_5,9.494001376661101e-07,0.46942714837360633,4.7987240937024715,1.5193788081061264
OLD,bursty,8,1,bursty_r8_s1,86,1787596617.4377537,True,14,0.043965592427227015,0.043965592427227015,0.0718885650374768,False,0.0,0.6351096634594111,False,False,1+3,2+2,model_5,5.225876440072409e-07,0.26776916547106966,2.821268631243249,0.7650159941224391
OLD,bursty,8,2,bursty_r8_s2,1,1787597356.2266428,True,14,8.106370247932755e-05,0.00010069939890188312,8.106370247932755e-05,True,0.24222550687914807,0.0,False,False,2+2,2+2,model_3,0.005937916206610743,0.0,0.0,4.793871196476359e-09
OLD,bursty,8,2,bursty_r8_s2,2,1787597361.2330556,True,14,0.03704711044756548,0.046020865554134816,0.03704711044756548,True,0.24222550687914823,0.0,True,False,3+1,2+2,model_3,2.7137008402841714,5.994744593806165e-07,1.5749665484866595,2.1908581806450312e-06
OLD,bursty,8,2,bursty_r8_s2,3,1787597366.2522416,True,14,0.056229466508495925,0.06984966765466767,0.056229466508495925,True,0.24222533116357806,0.0,True,True,3+1,3+1,model_3,4.118808421747326,7.692612626747094e-07,2.0210381607980095,2.7426317199541472e-06
OLD,bursty,8,2,bursty_r8_s2,4,1787597371.2605653,True,14,0.0867978678113767,0.10782248744595381,0.0867978678113767,True,0.24222507032392085,0.0,True,True,3+1,3+1,model_3,6.357943817183344,8.130075428460569e-07,2.1359703760547446,2.898599452350048e-06
OLD,bursty,8,2,bursty_r8_s2,5,1787597376.268596,True,14,0.08616707736341188,0.1070389257470561,0.08616707736341188,True,0.24222532575425143,0.0,True,True,3+1,3+1,model_3,6.31173841686992,1.171121219062751e-06,3.076822907091123,4.175374945458721e-06
OLD,bursty,8,2,bursty_r8_s2,6,1787597381.3017342,True,14,0.09969143933593923,0.12383924773096208,0.09969143933593923,True,0.24222549655091052,0.0,True,True,3+1,3+1,model_3,7.302397931357548,1.6365466550786147e-06,4.299609769546591,5.834746897193099e-06
OLD,bursty,8,2,bursty_r8_s2,7,1787597386.3210425,True,14,0.11553106187358687,0.1435155934554969,0.11553106187358687,True,0.2422251741486671,0.0,True,True,3+1,3+1,model_3,8.462650282240238,1.280529229409613e-06,3.3642646056075547,4.56544512639212e-06
OLD,bursty,8,2,bursty_r8_s2,8,1787597391.3336918,True,14,0.13347227503290535,0.16580260055064194,0.13347227503290535,True,0.24222502770531257,0.0,True,True,3+1,3+1,model_3,9.776844146160316,1.1561101142198615e-06,3.03738504704611,4.121856151173553e-06
OLD,bursty,8,2,bursty_r8_s2,9,1787597396.349953,True,14,0.12686262990567104,0.1575919483976986,0.12686262990567104,True,0.24222514159509706,0.0,True,True,3+1,3+1,model_3,9.292687640590405,1.3378226407453376e-06,3.5147884568406504,4.769712169450102e-06
OLD,bursty,8,2,bursty_r8_s2,10,1787597401.3589182,True,14,0.1329869075461871,0.16519966195270475,0.1329869075461871,True,0.24222500546025527,0.0,True,True,3+1,3+1,model_3,9.741290977758206,1.1029780857482626e-06,2.897794168305337,3.932425601371747e-06
OLD,bursty,8,2,bursty_r8_s2,11,1787597406.3711383,True,14,0.11307690337642515,0.140466954634196,0.11307690337642515,True,0.24222498529687608,0.0,True,True,3+1,3+1,model_3,8.282883172323142,9.001372745378536e-07,2.364881567956769,3.209241333568258e-06
OLD,bursty,8,2,bursty_r8_s2,49,1787597599.1275036,True,14,0.08023982815687197,0.08023982815687197,0.10321352050952998,False,0.0,0.286312830926601,False,False,3+1,2+2,model_5,2.9493444588290383,0.5951878106003021,5.1489835040899,3.6476637887972174e-07
OLD,bursty,8,2,bursty_r8_s2,50,1787597605.1839888,True,14,0.09510884912123996,0.1115183722879218,0.09510884912123996,True,0.17253413660556247,0.0,True,False,1+3,3+1,model_3,6.575874197464998,0.38491874129970594,3.8046933572117743,7.009067515661993e-06
OLD,bursty,8,2,bursty_r8_s2,51,1787597610.232325,True,14,0.16110885541782785,0.2001335871303605,0.16110885541782785,True,0.24222586406764507,0.0,True,False,1+3,3+1,model_3,11.801223659355891,0.1493605273260894,5.345988989141505,1.2920825190373963e-05
OLD,bursty,8,2,bursty_r8_s2,52,1787597615.268192,True,14,0.0948377936358488,0.1106154537791033,0.0948377936358488,True,0.16636469005000692,0.0,True,False,1+3,3+1,model_3,6.522632298293614,0.06805120077331331,4.109621004977383,6.695934721676067e-06
OLD,bursty,8,2,bursty_r8_s2,58,1787597645.4945977,True,14,0.08998349540490844,0.12773883669698716,0.08998349540490844,True,0.4195807366916226,0.0,True,False,1+3,2+2,model_3,6.591291038409543,0.16842213370416925,2.5402832336971133,0.9410589981504938
OLD,bursty,8,2,bursty_r8_s2,59,1787597650.5351615,True,14,0.10733208406661408,0.12260163881766624,0.10733208406661408,True,0.142264588299388,0.0,True,False,2+2,2+2,model_3,5.367988162075606,0.23668865128874383,3.493007720054697,1.8614377706278353
OLD,bursty,8,2,bursty_r8_s2,60,1787597655.5768828,True,14,0.10632753285363628,0.10632753285363628,0.12518979025359858,False,0.0,0.17739767766385486,False,False,2+2,2+2,model_3,4.131557282097818,0.5001839498440264,4.107071106850322,2.1382367499024415
OLD,bursty,8,2,bursty_r8_s2,61,1787597660.6228087,True,14,0.08135533632920838,0.08135533632920838,0.11883255236343908,False,0.0,0.4606608210993965,False,False,2+2,2+2,model_5,2.4362261870330313,0.5158488078275796,4.229932110423332,1.6982340076762013
OLD,bursty,8,2,bursty_r8_s2,62,1787597665.6665177,True,14,0.07420196143134355,0.07420196143134355,0.12690359455267164,False,0.0,0.710245822411191,False,False,3+1,2+2,model_5,1.3315514933890973,0.7329031291713903,4.452844574215762,1.8779593555974003
OLD,bursty,8,2,bursty_r8_s2,63,1787597670.7181811,True,14,0.08577574325736459,0.08577574325736459,0.15682096840937823,False,0.0,0.8282670887368124,False,False,3+1,2+2,model_5,1.2521695244740405e-06,0.7800642093968948,5.504222743595144,2.319060801546143
OLD,bursty,8,2,bursty_r8_s2,64,1787597675.7655241,True,14,0.08308632155848164,0.08308632155848164,0.14811976336640537,False,0.0,0.7827213985174309,False,False,3+1,2+2,model_5,1.158528389025839e-06,0.6191426778996494,5.331642763288895,2.057566213087523
OLD,bursty,8,2,bursty_r8_s2,65,1787597680.8111312,True,14,0.077249321738692,0.077249321738692,0.148827755201128,False,0.0,0.9265897984782484,False,False,3+1,2+2,model_5,1.2320412226748714e-06,0.6781980961812133,4.957082940868605,2.467445425043917
OLD,bursty,8,2,bursty_r8_s2,66,1787597685.8520522,True,14,0.07130184866709322,0.07130184866709322,0.13219477657672948,False,0.0,0.8540161166640157,False,False,3+1,2+2,model_5,1.0670604963517827e-06,0.7022451614602812,4.575434058510445,2.019329580791947
OLD,bursty,8,2,bursty_r8_s2,67,1787597690.911316,True,14,0.07329722021610065,0.07329722021610065,0.13886118192312033,False,0.0,0.8944945185331563,False,False,3+1,2+2,model_5,1.139430295327433e-06,0.8209591174387363,4.703476894921849,2.2238518329694386
OLD,bursty,8,2,bursty_r8_s2,73,1787597721.2495782,True,14,0.06721425056247628,0.06721425056247628,0.11204463519779674,False,0.0,0.6669773784600961,False,False,2+2,2+2,model_5,1.2054898183503913,0.43575836426483416,3.485116677823992,2.1044225257348446
OLD,bursty,8,2,bursty_r8_s2,74,1787597726.3126664,True,14,0.07389639631662645,0.07389639631662645,0.10847085623309635,False,0.0,0.4678774830686941,False,False,2+2,2+2,model_6,1.6704287917281246,0.18366120730423008,2.628118808854074,2.783136288618089
OLD,bursty,8,2,bursty_r8_s2,75,1787597731.3847969,True,14,0.06766764849065061,0.06766764849065061,0.08750506184579368,False,0.0,0.293159490504298,False,False,2+2,2+2,model_6,2.1731366189018844,0.15172826555782803,1.7630852072642234,2.6022552022382417
OLD,bursty,8,2,bursty_r8_s2,76,1787597736.4328098,True,14,0.06776441602325671,0.06776441602325671,0.07359178285747692,False,0.0,0.08599449646581855,False,False,2+2,2+2,model_3,2.8755615255896942,0.13013204497194997,1.0662892603881469,2.6049633133338754
OLD,bursty,8,2,bursty_r8_s2,77,1787597741.5229232,True,14,0.0804403899652797,0.0804403899652797,0.10101390987950859,False,0.0,0.2557610663388005,False,False,2+2,2+2,model_6,3.19218930548196,0.06666657701644807,1.4870218943928937,3.5522306176039975
OLD,bursty,8,2,bursty_r8_s2,78,1787597746.8364077,True,14,0.08432942739990072,0.08432942739990072,0.09631937035745604,False,0.0,0.14217982176847357,False,False,2+2,2+2,model_3,3.364760238595263,1.2107311690989775e-06,1.540675965020446,3.2643813741790506
OLD,bursty,8,2,bursty_r8_s2,79,1787597751.888794,True,14,0.08673098468281105,0.08673098468281105,0.1122165728240149,False,0.0,0.29384640603826506,False,False,2+2,2+2,model_6,3.416711086187441,1.4723252608206394e-06,1.6284235169535,3.969693090607025
OLD,bursty,8,2,bursty_r8_s2,80,1787597756.9422755,False,14,0.10470968841898082,0.10470968841898082,0.10711478434669316,False,0.0,0.022969182355778776,False,False,2+2,2+2,model_3,4.485880010959483,1.3865891173026057e-06,1.605074383928223,3.7385307367421605
OLD,bursty,8,2,bursty_r8_s2,81,1787597761.9950173,False,14,0.08907376467367006,0.09053955872648063,0.08907376467367006,True,0.016455957129247197,0.0,False,False,2+2,2+2,model_3,3.545995019952436,1.0099054745804636e-06,1.7206840377639168,2.7229138085151474
OLD,bursty,8,2,bursty_r8_s2,82,1787597767.0479755,True,14,0.08994158592697071,0.08994158592697071,0.11238590951401772,False,0.0,0.24954333810914767,False,False,2+2,2+2,model_6,3.1781569328035006,1.317712878812216e-06,2.0537380938819845,3.552826165506767
OLD,bursty,10,1,bursty_r10_s1,1,1787598523.9803126,True,14,0.0006594050540273329,0.0007337552409574916,0.0006594050540273329,True,0.11275343808189374,0.0,False,False,2+2,2+2,model_3,0.023421577632916853,0.020543201286264454,0.02225966547482422,0.010635888997765894
OLD,bursty,10,1,bursty_r10_s1,2,1787598528.9865882,True,14,0.01513927333502968,0.01513927333502968,0.017653000534300037,False,0.0,0.16604014893198502,False,False,1+3,2+2,model_5,3.7197360557962606e-08,0.8403414777083723,0.8806503099455866,-3.71973609691878e-08
OLD,bursty,10,1,bursty_r10_s1,3,1787598534.088218,False,14,0.023994415907658537,0.023994415907658537,0.027517820222359813,False,0.0,0.14684267907420392,False,False,1+3,1+3,model_4,4.19939830353569e-07,1.4188090515007041,1.3727723767256108,1.3813203156298748e-06
OLD,bursty,10,1,bursty_r10_s1,4,1787598539.0971355,False,14,0.054136667386934345,0.06172031668757334,0.054136667386934345,True,0.14008341604103394,0.0,True,False,3+1,1+3,model_4,9.72736745982762e-07,3.649571706027758,2.4787469178677766,3.6606056070809245e-06
OLD,bursty,10,1,bursty_r10_s1,5,1787598544.1067233,True,14,0.04922709738580648,0.04922709738580648,0.049828045568602326,False,0.0,0.012207670464217025,False,False,2+2,1+3,model_4,1.8477390527272425e-06,2.9108387252205006,2.4857558474039956,1.847739052429631e-06
OLD,bursty,10,1,bursty_r10_s1,6,1787598549.1158295,False,14,0.057923045126031886,0.057923045126031886,0.06754064738117868,False,0.0,0.16604103313664417,False,False,1+3,1+3,model_5,9.917116705827438e-07,3.3505978525056017,3.369378018031704,3.26206608103341e-06
OLD,bursty,10,1,bursty_r10_s1,7,1787598554.126836,True,14,0.06617227524722456,0.06843751786750417,0.06617227524722456,True,0.03423250314148169,0.0,False,False,2+2,1+3,model_4,2.5688021670789056e-06,4.046766676195273,3.3011151155037126,2.568802166091899e-06
OLD,bursty,10,1,bursty_r10_s1,8,1787598559.1386921,True,14,0.058222270508650115,0.058222270508650115,0.06788955327290139,False,0.0,0.1660409784742936,False,False,1+3,1+3,model_5,9.274835385988361e-07,3.1335966356647655,3.3867839993897553,3.0507986181760316e-06
OLD,bursty,10,1,bursty_r10_s1,9,1787598564.1624317,True,14,0.06272125701990484,0.06272125701990484,0.07166458471360479,False,0.0,0.1425884639215975,False,False,1+3,1+3,model_5,0.2612738179547989,3.0069947852975445,3.387216802794861,0.18789417914829054
OLD,bursty,10,1,bursty_r10_s1,10,1787598569.1759095,True,14,0.10218380458014811,0.10218380458014811,0.15101200252171793,False,0.0,0.4778467404124819,False,False,1+3,1+3,model_5,0.2835929019068998,2.1352411309968407,6.557126756798372,0.9763665408768609
OLD,bursty,10,1,bursty_r10_s1,11,1787598574.210091,True,14,0.07735560764977238,0.07735560764977238,0.12695860528435246,False,0.0,0.6412333784404838,False,False,1+3,1+3,model_5,0.42001575460507357,1.415672665389122,4.963903299479046,1.3696449352337088
OLD,bursty,10,1,bursty_r10_s1,12,1787598579.224178,True,14,0.09370943981377841,0.09370943981377841,0.1637573826604248,False,0.0,0.7475014575462974,False,False,1+3,1+3,model_5,1.065421957734346,0.9482360069773872,6.0133274318001755,2.155991060216564
OLD,bursty,10,1,bursty_r10_s1,13,1787598584.2379365,True,14,0.10691386971061236,0.10691386971061236,0.18692421062075926,False,0.0,0.7483625943641717,False,False,1+3,1+3,model_5,0.9727637422558912,0.5311396537421587,6.860654666683923,2.4643808561196567
OLD,bursty,10,1,bursty_r10_s1,14,1787598589.2535963,True,14,0.1266264693016603,0.1266264693016603,0.20907933442081678,False,0.0,0.6511503129944363,False,False,1+3,1+3,model_5,0.7782171275498398,0.25580292090305834,8.125610642394626,2.304671310293854
OLD,bursty,10,1,bursty_r10_s1,15,1787598594.2701569,True,14,0.14075039169868206,0.14075039169868206,0.23086231475251962,False,0.0,0.6402250250695489,False,False,1+3,1+3,model_5,1.216392341684945,1.6833172504782112e-06,9.031941639180076,2.485021726852847
OLD,bursty,10,1,bursty_r10_s1,16,1787598599.3259683,True,14,0.08743743600204587,0.08743743600204587,0.1505933012803184,False,0.0,0.7222977727388391,False,False,1+3,1+3,model_5,2.5715016604927716,2.0343320930038544e-06,5.6108534372015955,1.9017522294036624
OLD,bursty,10,1,bursty_r10_s1,17,1787598604.3438463,True,14,0.10550766315785516,0.14782506079504387,0.10550766315785516,True,0.40108364047335204,0.0,True,False,3+1,1+3,model_3,7.112695207732262,4.990620332767648e-06,3.219516428775555,1.6040751252036158
OLD,bursty,10,1,bursty_r10_s1,18,1787598609.4439423,True,14,0.09783933896800869,0.14292298224282748,0.09783933896800869,True,0.4607925988702781,0.0,True,True,3+1,2+2,model_3,7.166731579406636,2.0678320747209114e-06,2.6579580589311163,1.260978883275404
OLD,bursty,10,1,bursty_r10_s1,19,1787598614.4748921,True,14,0.19320836026494695,0.25653663271782334,0.19320836026494695,True,0.3277719057603627,0.0,True,True,3+1,2+2,model_3,14.152512389407365,4.083454045818652e-06,1.9571773570315196,0.9746311230610035
OLD,bursty,10,1,bursty_r10_s1,34,1787598691.3389585,True,14,0.06988411138591465,0.08469486808274922,0.06988411138591465,True,0.21193310472313917,0.0,True,False,3+1,2+2,model_3,4.478645289797441,0.6928312431437584,0.4480485697895115,1.9375698905782899
OLD,bursty,10,1,bursty_r10_s1,35,1787598696.373045,True,14,0.06991837181666748,0.07652447951719453,0.06991837181666748,True,0.09448314554361888,0.0,True,False,2+2,2+2,model_6,2.463562670855531,1.5789767243651194,0.5420166375648376,2.945981512711179
OLD,bursty,10,1,bursty_r10_s1,36,1787598701.4097993,True,14,0.07764384819838466,0.07764384819838466,0.08101943670689139,False,0.0,0.043475286025003626,False,False,1+3,2+2,model_6,1.4076226723466307,1.955766195873057,0.7000230702094473,3.34177078207067
OLD,bursty,10,1,bursty_r10_s1,37,1787598706.461187,True,14,0.06672845222874943,0.06672845222874943,0.0941636502949682,False,0.0,0.4111469268336863,False,False,1+3,2+2,model_6,0.45441874063469845,2.1212764150836994,0.3623817370101289,4.335133801728305
OLD,bursty,10,1,bursty_r10_s1,38,1787598711.521382,True,14,0.0641433536265413,0.0641433536265413,0.09434499167109464,False,0.0,0.47084594641550626,False,False,1+3,2+2,model_6,-1.0920418553447223e-06,2.0135192755980307,0.5393738390301872,4.167188225936804
OLD,bursty,10,1,bursty_r10_s1,39,1787598716.5567822,True,14,0.053134410534823165,0.053134410534823165,0.07763449955224194,False,0.0,0.46109646782214586,False,False,1+3,2+2,model_6,-1.274756034087548e-06,2.197004476843767,0.4209579881709784,3.4519724562887166
OLD,bursty,10,1,bursty_r10_s1,40,1787598723.5577855,True,14,0.09408955963962523,0.09408955963962523,0.14335663967901704,False,0.0,0.5236189884200849,False,False,1+3,1+3,model_6,1.5849117179299976e-06,2.2641704718546407,1.038895055446483,6.11269730916573
OLD,bursty,10,1,bursty_r10_s1,41,1787598728.5886197,True,14,0.08755691263073213,0.08755691263073213,0.12646698258759967,False,0.0,0.444397464320941,False,False,1+3,1+3,model_6,1.4229113055176244e-06,2.344714840580274,0.6207306336258351,5.688292157882897
OLD,bursty,10,1,bursty_r10_s1,45,1787598748.8397493,True,14,0.08188682261843937,0.08188682261843937,0.13320358446683753,False,0.0,0.6266791189043228,False,False,2+2,2+2,model_6,1.7887592894065991,0.5081755667068748,2.974590784900002,3.6704989698889907
OLD,bursty,10,1,bursty_r10_s1,46,1787598753.8830953,True,14,0.0741359307499063,0.0741359307499063,0.12346082713412711,False,0.0,0.6653305068849242,False,False,2+2,1+3,model_5,1.0472734396012433,1.047273439601243,3.2773707863898736,2.881684773492694
OLD,bursty,10,1,bursty_r10_s1,47,1787598758.9616203,False,14,0.1284980706313667,0.1284980706313667,0.19551261454923394,False,0.0,0.5215217908611058,False,False,2+2,1+3,model_5,1.9797926064856486,1.979792606485649,5.516011837942142,4.237470976152649
OLD,bursty,10,1,bursty_r10_s1,48,1787598764.0167308,False,14,0.12607954717634592,0.12607954717634592,0.18949937731158625,False,0.0,0.5030144187188093,False,False,2+2,1+3,model_5,1.533683575518195,1.533683575518194,5.821038759473845,3.632463379769388
OLD,bursty,10,1,bursty_r10_s1,49,1787598769.1344533,False,14,0.11462515333816468,0.11462515333816468,0.19662745236243614,False,0.0,0.715395326733828,False,False,2+2,1+3,model_5,1.451990169652751,1.451990169652749,6.622945850991535,3.1861525635423398
OLD,bursty,10,1,bursty_r10_s1,50,1787598774.1926687,True,14,0.11059148684329105,0.11059148684329105,0.18258240731158212,False,0.0,0.6509625878373688,False,False,2+2,1+3,model_5,3.421621418481051,9.728211484372196e-06,6.008832879939313,3.0996043223115275
OLD,bursty,10,1,bursty_r10_s1,51,1787598779.2371554,True,14,0.1301839155992904,0.1301839155992904,0.20195717586248516,False,0.0,0.5513220272473197,False,False,2+2,1+3,model_5,4.075437166259751,1.0999306411463294e-05,6.473889490520336,3.6010913412757497
OLD,bursty,10,1,bursty_r10_s1,52,1787598784.2806385,True,14,0.12546931723194327,0.12546931723194327,0.2243798453801914,False,0.0,0.7883244312663437,False,False,3+1,2+2,model_5,3.0766937653092126,3.064561882482053e-06,8.05135628448339,3.142217955166705
OLD,bursty,10,1,bursty_r10_s1,53,1787598789.3503125,True,14,0.12759834059124261,0.12759834059124261,0.19069493963691486,False,0.0,0.4944938841156271,False,False,2+2,2+2,model_5,4.56124884211263,2.493230396805046e-06,6.550328231596759,2.962816589118239
OLD,bursty,10,1,bursty_r10_s1,56,1787598804.5369976,True,14,0.0907618961866751,0.0907618961866751,0.13141628242205552,False,0.0,0.4479235003174048,False,False,2+2,2+2,model_6,2.9299951843061547,0.7005925181130368,1.8896907184500562,4.666236401909598
OLD,bursty,10,1,bursty_r10_s1,57,1787598809.5839841,True,14,0.08271895571990281,0.08271895571990281,0.12270578524738293,False,0.0,0.4834058793353333,False,False,1+3,2+2,model_6,1.9860892486387969,1.0949081719383975,1.2480151155845167,4.873373882049575
OLD,bursty,10,1,bursty_r10_s1,58,1787598814.6304603,True,14,0.07870820798900978,0.07870820798900978,0.1172351966075075,False,0.0,0.48949137075865506,False,False,1+3,1+3,model_6,1.6368361022162667,1.0228052426588181,0.7350591199424299,5.113420160817251
OLD,bursty,10,1,bursty_r10_s1,59,1787598819.679699,True,14,0.07320650071970532,0.07320650071970532,0.10279566933209203,False,0.0,0.40418771996326364,False,False,1+3,1+3,model_6,1.243035382652013,1.2695088033842046,0.3721467825014385,4.755991862186637
OLD,bursty,10,1,bursty_r10_s1,60,1787598824.744163,True,14,0.06124884067050796,0.06124884067050796,0.07976359083134883,False,0.0,0.3022873569222665,False,False,1+3,1+3,model_6,1.1036750392819679,1.6097893742302416,2.8316234480518787e-06,3.9791409906701296
OLD,bursty,10,1,bursty_r10_s1,61,1787598829.8498025,True,14,0.06103000695577892,0.06103000695577892,0.0794786035641944,False,0.0,0.3022873096144811,False,False,1+3,1+3,model_6,0.9631089428521037,1.602638223157186,2.67747378679406e-06,3.9649240651759263
OLD,bursty,10,1,bursty_r10_s1,62,1787598834.9009187,True,14,0.061016575229268635,0.061016575229268635,0.07946110862958647,False,0.0,0.3022872609780678,False,False,1+3,1+3,model_6,0.9399778198207667,1.4833371592906115,2.5288393260547437e-06,3.964051448928052
OLD,bursty,10,1,bursty_r10_s1,63,1787598839.9519615,True,14,0.05832603126041295,0.05832603126041295,0.07595724170562254,False,0.0,0.30228716173898584,False,False,1+3,1+3,model_6,0.6450204446821548,1.3947316424501577,2.128574013993134e-06,3.7892554254201483
OLD,bursty,10,1,bursty_r10_s1,64,1787598845.0226634,True,14,0.06161908591192467,0.06161908591192467,0.08024574866167512,False,0.0,0.3022872292583908,False,False,1+3,1+3,model_6,0.8684957035438059,1.485311680347142,2.4563049913495227e-06,4.003194638063184
OLD,bursty,10,1,bursty_r10_s1,67,1787598860.1988022,False,14,0.06470030945559146,0.06470030945559146,0.0932834608392557,False,0.0,0.44177766109886907,True,True,2+2,2+2,model_6,1.6140118970794393,0.9151726261385571,1.7429935011155837,2.910612273799005
OLD,bursty,10,1,bursty_r10_s1,68,1787598865.2751365,False,14,0.07655278567923945,0.07655278567923945,0.10890803510361388,False,0.0,0.4226528027333293,True,True,2+2,2+2,model_6,2.1270019969572944,0.4990515095902533,2.3260675653176834,3.106996951511429
OLD,bursty,10,1,bursty_r10_s1,69,1787598870.353983,True,14,0.0936612181247598,0.0936612181247598,0.14969278784533732,False,0.0,0.5982366110799631,False,True,2+2,2+2,model_5,2.3361913259265012,0.38270172047090734,4.280971307842482,3.1867106983012787
OLD,bursty,10,1,bursty_r10_s1,70,1787598875.4417236,True,14,0.0942578421896658,0.0942578421896658,0.1600216622443876,False,0.0,0.6977013108616651,False,True,2+2,3+1,model_5,2.134759289508049,0.21437683025562906,4.559631913527478,3.42332374476578
OLD,bursty,10,1,bursty_r10_s1,71,1787598880.5052006,True,14,0.09717004590446685,0.09717004590446685,0.16794318209217665,False,0.0,0.7283431383503793,False,True,2+2,3+1,model_5,2.3092899545918932,0.13808306489645714,4.9576178864212235,3.420516404591229
OLD,bursty,10,1,bursty_r10_s1,72,1787598885.5688982,True,14,0.08960099375519587,0.08960099375519587,0.1668788975742641,False,0.0,0.862467039486233,False,True,2+2,3+1,model_5,2.169694974385153,1.461146634251519e-05,5.2112520044217465,3.113788624175625
OLD,bursty,10,1,bursty_r10_s1,73,1787598890.6338987,True,14,0.1075579627264252,0.1075579627264252,0.16176883652015972,False,0.0,0.5040154389277569,False,True,2+2,3+1,model_5,2.80449911328126,1.4188282433132683e-05,4.53226702289926,3.5378494270966767
OLD,bursty,10,1,bursty_r10_s1,74,1787598895.699017,True,14,0.10236920763566647,0.10236920763566647,0.16440577407252813,False,0.0,0.6060080747879844,False,True,2+2,3+1,model_5,2.6006982334051014,1.4412101784947079e-05,4.765978572530312,3.435686039501942
OLD,bursty,10,1,bursty_r10_s1,75,1787598900.7615178,True,14,0.11767380092600635,0.11767380092600635,0.1724648220013063,False,0.0,0.4656178405399917,False,True,2+2,3+1,model_5,3.06915197701321,1.5130966714993713e-05,4.734008929748187,3.8696951396997936
OLD,bursty,10,1,bursty_r10_s1,76,1787598906.4276729,True,14,0.12221237227073896,0.12221237227073896,0.22655733109517906,False,0.0,0.8538002894934655,False,False,1+3,2+2,model_5,3.012807557868574,2.977172918861015e-06,7.82176402713554,3.480437829960288
OLD,bursty,10,1,bursty_r10_s1,79,1787598921.6670365,True,14,0.10414282187659102,0.10414282187659102,0.19979096346541916,False,0.0,0.9184323975988566,False,False,2+2,2+2,model_5,1.8183499139698858,0.3585622607198382,5.644296893574527,4.322618709616363
OLD,bursty,10,1,bursty_r10_s1,80,1787598926.7334707,False,14,0.09137200837230006,0.09137200837230006,0.1618208382050281,False,0.0,0.7710110687912274,False,False,2+2,2+2,model_5,1.598421956401696,0.5687030785055844,5.863334638812341,2.2093760046111512
OLD,bursty,10,1,bursty_r10_s1,81,1787598931.8117216,False,14,0.08947501204545251,0.08947501204545251,0.15164222190080892,False,0.0,0.6947996813208142,False,False,2+2,2+2,model_5,0.9621679717712472,0.4524428631069697,5.741604532721372,1.8233283418693738
OLD,bursty,10,1,bursty_r10_s1,82,1787598936.8852546,False,14,0.11791309665266565,0.11791309665266565,0.1982833738879189,False,0.0,0.6816060261058059,False,False,2+2,2+2,model_5,0.5995068376784025,0.5614280520495858,7.566474200240879,2.3252327057068243
OLD,bursty,10,1,bursty_r10_s1,83,1787598941.9536982,False,14,0.12127473038179316,0.12127473038179316,0.20065987668491342,False,0.0,0.6545893448140641,False,False,2+2,2+2,model_5,0.08189934727695428,0.7198650989030106,7.782189974011356,2.2280728585786034
OLD,bursty,10,1,bursty_r10_s1,84,1787598947.0195532,False,14,0.11689505708766411,0.11689505708766411,0.19197428422171667,False,0.0,0.6422788867603508,False,False,2+2,2+2,model_5,7.937502833870817e-07,0.7546655607769479,7.501146680889071,2.0758204433122724
OLD,bursty,10,1,bursty_r10_s1,85,1787598952.0885062,False,14,0.06680689927142355,0.06680689927142355,0.1122603276498026,False,0.0,0.6803702742393495,False,False,2+2,2+2,model_5,5.021806785559201e-07,0.3526459989458923,4.286993506958244,1.3133058852903068
OLD,bursty,10,2,bursty_r10_s2,1,1787599700.762407,True,14,0.002048005838020956,0.0027213821493280582,0.002048005838020956,True,0.32879608974054697,0.0,True,False,3+1,2+2,model_3,0.150016427635035,3.593154804942822e-08,0.05157167072454751,0.010454760783643522
OLD,bursty,10,2,bursty_r10_s2,2,1787599705.7971764,True,14,0.06211037167453801,0.07715507014137528,0.06211037167453801,True,0.24222522038142627,0.0,True,True,3+1,3+1,model_3,4.549584725159909,7.359149957632527e-07,1.933429332068194,2.6237429442410587e-06
OLD,bursty,10,2,bursty_r10_s2,3,1787599710.8109457,True,14,0.08902023010677475,0.11058318007534329,0.08902023010677475,True,0.2422252778127511,0.0,True,True,3+1,3+1,model_3,6.52073185532125,1.1393139323634142e-06,2.9932573575972565,4.061973065905278e-06
OLD,bursty,10,2,bursty_r10_s2,4,1787599715.8217597,True,14,0.10519348970709105,0.13067402582622312,0.10519348970709105,True,0.24222540948191806,0.0,True,True,3+1,3+1,model_3,7.7054231210444195,1.5753851406428727e-06,4.138923462452642,5.616688983467455e-06
OLD,bursty,10,2,bursty_r10_s2,5,1787599720.843198,True,14,0.09748767669799861,0.12101048963064727,0.09748767669799861,True,0.2412901171654609,0.0,True,True,3+1,3+1,model_3,7.13559513411648,1.6345640043591918e-06,4.294400858552064,5.827678191350216e-06
OLD,bursty,10,2,bursty_r10_s2,6,1787599725.8531694,True,14,0.0989713004935106,0.1229446471679113,0.0989713004935106,True,0.2422252365570622,0.0,True,True,3+1,3+1,model_3,7.249647761149652,1.1991398242944176e-06,3.150434661052828,4.2752691169489765e-06
OLD,bursty,10,2,bursty_r10_s2,7,1787599730.8622277,True,14,0.14697456892839025,0.1825754887428189,0.14697456892839025,True,0.24222503303802387,0.0,True,True,3+1,3+1,model_3,10.765887174004586,1.2860272384363913e-06,3.3787092239135013,4.585047065797099e-06
OLD,bursty,10,2,bursty_r10_s2,8,1787599735.8737369,True,14,0.14249025428357961,0.17700498642458434,0.14249025428357961,True,0.2422252126262235,0.0,True,True,3+1,3+1,model_3,10.437411126272206,1.6700199032729142e-06,4.3875522064764745,5.954088392101653e-06
OLD,bursty,10,2,bursty_r10_s2,9,1787599740.8901556,True,14,0.1460979143586315,0.1814864954455261,0.1460979143586315,True,0.24222509432971817,0.0,True,True,3+1,3+1,model_3,10.701672226769757,1.4264580444688589e-06,3.7476554193265814,5.08572219382053e-06
OLD,bursty,10,2,bursty_r10_s2,10,1787599745.9031506,True,14,0.1375003736395922,0.17080640827186228,0.1375003736395922,True,0.2422250481992862,0.0,True,True,3+1,3+1,model_3,10.071902369100128,1.23760692306761e-06,3.2514971740509755,4.412415094412481e-06
OLD,bursty,10,2,bursty_r10_s2,11,1787599750.9147568,True,14,0.12261178203255174,0.15231145599737206,0.12261178203255174,True,0.24222528595934983,0.0,True,True,3+1,3+1,model_3,8.981313033884415,1.5857515481036748e-06,4.1661585566455335,5.653648124548383e-06
OLD,bursty,10,2,bursty_r10_s2,48,1787599941.5116851,True,14,0.11320079038188184,0.11320079038188184,0.1462113885474086,False,0.0,0.2916110219210113,False,False,3+1,2+2,model_5,1.889303976760752,0.98130440695682,7.264085874993609,0.029920543517934384
OLD,bursty,10,2,bursty_r10_s2,49,1787599948.2007167,True,14,0.1173961314289764,0.1173961314289764,0.1249456403193664,False,0.0,0.0643079869710817,False,False,3+1,3+1,model_5,5.718189272359309,0.6443193643029479,6.203864732160407,0.029263285490484986
OLD,bursty,10,2,bursty_r10_s2,50,1787599953.250754,True,14,0.11757368236926209,0.11757368236926209,0.15182311163292384,False,0.0,0.2913018336543634,False,False,3+1,3+1,model_5,5.4634430908560905,0.4595517109295348,7.544694012191614,0.029262857589910263
OLD,bursty,10,2,bursty_r10_s2,51,1787599958.3082852,True,14,0.1980795770919284,0.24636642542489345,0.1980795770919284,True,0.24377499710914277,0.0,True,False,1+3,3+1,model_3,14.509329021983755,0.20393655815681797,7.869870390642259,0.018109942865774442
OLD,bursty,10,2,bursty_r10_s2,52,1787599963.354944,True,14,0.19265373343459827,0.2396263113076033,0.19265373343459827,True,0.24381867423789744,0.0,True,False,1+3,3+1,model_3,14.111885974084323,0.04679413771436188,6.099490716818253,0.018110050696636917
OLD,bursty,10,2,bursty_r10_s2,53,1787599968.4201334,True,14,0.16379936946169815,0.20347580984088523,0.16379936946169815,True,0.24222584317374174,0.0,True,False,1+3,3+1,model_3,11.99830381306939,2.2083779145221382e-06,5.801950847198089,1.2934794214565675e-05
OLD,bursty,10,2,bursty_r10_s2,54,1787599973.4664776,True,14,0.16876331911274334,0.20620657650481478,0.16876331911274334,True,0.2218684580803797,0.0,True,False,1+3,3+1,model_3,12.159328794278386,2.8296331026997746e-06,7.434140706856124,1.2516770174321694e-05
OLD,bursty,10,2,bursty_r10_s2,55,1787599978.5217392,True,14,0.15376567034179275,0.19101160096362813,0.15376567034179275,True,0.24222526744132503,0.0,True,True,1+3,2+2,model_3,11.26333535253632,2.7222748327443572e-06,6.112564006669908,6.922254494278587e-06
OLD,bursty,10,2,bursty_r10_s2,56,1787599983.5871072,False,14,0.14105954357306458,0.16126705357523696,0.14105954357306458,True,0.14325517785122782,0.0,True,True,1+3,2+2,model_3,9.509394258168099,2.628487949984809e-06,6.678536284271569,7.3326326410303475e-06
OLD,bursty,10,2,bursty_r10_s2,57,1787599988.635873,True,14,0.1235215769863412,0.1419343624275082,0.1235215769863412,True,0.14906533652175652,0.0,True,True,1+3,2+2,model_3,8.08582184373457,0.24126946732119764,5.163002154101213,0.28359287511093856
OLD,bursty,10,2,bursty_r10_s2,58,1787599993.6858656,True,14,0.11501043145535786,0.11501043145535786,0.13701768847624604,False,0.0,0.1913500953122714,False,True,2+2,2+2,model_5,5.223252526337859,0.6775961026397292,6.031420608839125,0.803942279950477
OLD,bursty,10,2,bursty_r10_s2,59,1787599998.780682,True,14,0.10338322350325496,0.10338322350325496,0.1463141497533898,False,0.0,0.4152600856828882,False,True,3+1,2+2,model_5,3.5547938245748103,0.6937746680964263,6.054861820878341,1.2442710170143978
OLD,bursty,10,2,bursty_r10_s2,60,1787600003.8335297,True,14,0.1034573899163975,0.1034573899163975,0.1730722820029607,False,0.0,0.6728846739978465,False,True,3+1,2+2,model_5,1.932736130797284,0.8301472286730922,6.6388526283266405,1.9951556273757458
OLD,bursty,10,2,bursty_r10_s2,61,1787600009.0415432,True,14,0.15945129762507645,0.15945129762507645,0.2524326949028022,False,0.0,0.58313352517429,False,False,3+1,3+1,model_5,0.93315078985851,0.9311148757996559,10.23197731146853,2.3610615424521204
OLD,bursty,10,2,bursty_r10_s2,62,1787600014.4197235,True,14,0.10821417505009898,0.10821417505009898,0.20105270497998254,False,0.0,0.857914685270233,False,False,3+1,3+1,model_5,0.06711153868413931,0.7687741428282826,6.944095158732425,3.085764588530688
OLD,bursty,10,2,bursty_r10_s2,63,1787600019.4752715,True,14,0.10145368844721855,0.10145368844721855,0.2043496879218669,False,0.0,1.0142164474205406,False,False,3+1,3+1,model_5,2.1440296973875093e-06,0.9142528573154518,6.510275261588605,3.6840601464198413
OLD,bursty,10,2,bursty_r10_s2,64,1787600024.5287306,True,14,0.1287185280402082,0.1287185280402082,0.22654274253193213,False,0.0,0.7599854968910636,False,False,3+1,3+1,model_5,1.9245181147147465e-06,1.0859090364382964,8.259857888205158,3.041616193339004
OLD,bursty,10,2,bursty_r10_s2,65,1787600029.583536,True,14,0.13576958401767167,0.13576958401767167,0.22639511953707792,False,0.0,0.6674951254738358,False,False,3+1,3+1,model_5,1.6468505814282934e-06,0.9502239966002146,8.712323599415239,2.581786055303597
OLD,bursty,10,2,bursty_r10_s2,66,1787600034.6535156,True,14,0.14940073320532585,0.14940073320532585,0.2452677571924834,False,0.0,0.6416770649673095,False,False,3+1,3+1,model_5,1.7831935104572918e-06,1.1758552840245806,9.587033377853478,2.648570243651231
OLD,bursty,10,2,bursty_r10_s2,73,1787600070.0912075,True,14,0.10525072061899582,0.10525072061899582,0.15127864671193245,False,0.0,0.43731696868429265,False,False,2+2,2+2,model_6,2.721986104757922,0.5762444711848125,3.4004400909365162,4.1463552104622705
OLD,bursty,10,2,bursty_r10_s2,74,1787600075.1517901,True,14,0.1254068788177782,0.1254068788177782,0.13881263111961686,False,0.0,0.10689806195813081,False,False,2+2,2+2,model_3,4.190355450135255,0.2841363209365211,3.1045528932824964,3.8203537943293266
OLD,bursty,10,2,bursty_r10_s2,75,1787600080.2510176,True,14,0.11221177184322707,0.11221177184322707,0.15059958652474156,False,0.0,0.34210149301578396,False,False,2+2,2+2,model_6,3.549257121122862,0.18040088905867124,2.9780928804529823,4.53482633637309
OLD,bursty,10,2,bursty_r10_s2,76,1787600085.3507257,True,14,0.12415828275608602,0.12415828275608602,0.1351169617182023,False,0.0,0.08826377684076911,False,False,2+2,2+2,model_3,4.835859620071579,0.06783590067174039,2.386417987984104,4.354123879606371
OLD,bursty,10,2,bursty_r10_s2,77,1787600090.4209244,False,14,0.12587334624433957,0.12692469921894586,0.12587334624433957,True,0.008352467031149325,0.0,False,False,2+2,2+2,model_3,5.373694322244969,1.5836704427840687e-06,2.009505515328986,4.269902706883751
OLD,bursty,10,2,bursty_r10_s2,78,1787600095.4853425,False,14,0.1116639751284212,0.12620014577915217,0.1116639751284212,True,0.13017780026202166,0.0,False,False,2+2,2+2,model_3,5.335817238811348,1.3223444872423329e-06,2.0052353817755457,3.5653139399629983
OLD,bursty,10,2,bursty_r10_s2,79,1787600100.551494,False,14,0.11280773929439941,0.12659915976558628,0.11280773929439941,True,0.12225597780303689,0.0,False,False,2+2,2+2,model_3,5.381501609226693,1.3518423749303565e-06,1.9827616237781043,3.6448463392249226
OLD,bursty,10,2,bursty_r10_s2,80,1787600105.6183903,False,14,0.11718439630800989,0.11718439630800989,0.11745608792675727,False,0.0,0.0023184965516505917,False,False,2+2,2+2,model_3,4.802167147207102,1.4260994634085478e-06,2.0144400309988715,3.8450587928785387
OLD,bursty,10,2,bursty_r10_s2,81,1787600110.684717,True,14,0.10119018911424169,0.10119018911424169,0.1292425894230651,False,0.0,0.27722450718174685,False,False,2+2,2+2,model_6,3.8170094314082332,1.6238639641841246e-06,2.0692159638836816,4.378272745186492
OLD,steady,2,1,steady_r2_s1,1,1787600871.5997279,True,14,3.897122032631817e-05,4.8384813530161764e-05,3.897122032631817e-05,True,0.24155243600330317,0.0,False,False,2+2,2+2,model_4,0.0,0.0028610356047375925,2.459618921791648e-09,0.0
OLD,steady,2,1,steady_r2_s1,2,1787600876.6083863,True,14,0.002361129202952626,0.002719310827464691,0.002361129202952626,True,0.15169929034978416,0.0,True,False,3+1,2+2,model_3,0.15818199891152007,0.0999317444668314,9.947594258041814e-08,0.004077742079479016
OLD,steady,2,1,steady_r2_s1,3,1787600881.6121702,True,14,0.01031741010934443,0.012901120017162392,0.01031741010934443,True,0.2504223327788344,0.0,True,True,2+2,3+1,model_3,0.4997249270490057,0.04306767510376261,0.2536889398902667,0.2610127964630056
OLD,steady,2,1,steady_r2_s1,4,1787600886.6192648,True,14,0.012335093497915424,0.013690849555332878,0.012335093497915424,True,0.10991048082826213,0.0,True,True,2+2,3+1,model_3,0.6210773834123612,0.03141033260365167,0.4291291787223238,0.18622816136313666
OLD,steady,2,1,steady_r2_s1,5,1787600891.6344204,True,14,0.011617142976917955,0.014177863374981087,0.011617142976917955,True,0.2204260034632452,0.0,True,True,2+2,3+1,model_3,0.6809230383641229,0.10223576435326008,0.3761666191686028,0.15510015138988872
OLD,steady,2,1,steady_r2_s1,6,1787600896.6418133,False,14,0.013583850193318708,0.013583850193318708,0.015883989261759057,False,0.0,0.16932894839871576,False,True,2+2,3+1,model_5,0.32669742751843245,0.2002099751929138,0.5921901297364804,0.20020997519291373
OLD,steady,2,1,steady_r2_s1,7,1787600901.6504054,True,14,0.020486577825404504,0.022929400108313708,0.020486577825404504,True,0.11924013389293195,0.0,True,True,2+2,3+1,model_3,0.8765811394552101,0.15920476418329618,0.5465160069286139,0.47549213919732725
OLD,steady,2,1,steady_r2_s1,8,1787600906.6567364,True,14,0.014391521664129991,0.014391521664129991,0.021577163164858162,False,0.0,0.4992968546639479,False,True,2+2,3+1,model_6,0.35960021744022114,0.24078957701716658,0.4662204035313692,0.6101934666967699
OLD,steady,2,1,steady_r2_s1,9,1787600911.9619002,True,14,0.015847326406849643,0.015847326406849643,0.024123994714867567,False,0.0,0.5222753728629281,False,False,3+1,2+2,model_5,0.24356702783828776,0.16312051941466266,0.7613171715880294,0.44214976787905524
OLD,steady,2,1,steady_r2_s1,10,1787600916.9654703,True,14,0.024333819363311474,0.024333819363311474,0.04023416162616748,False,0.0,0.6534256717147015,False,False,3+1,2+2,model_5,0.558501682289258,0.19391943788016186,1.4666946907073255,0.5404556144793341
OLD,steady,2,1,steady_r2_s1,11,1787600921.9736514,True,14,0.024927390158913876,0.024927390158913876,0.0348778964274673,False,0.0,0.39917962550905833,False,False,2+2,2+2,model_5,0.8255345486007579,0.17775213338055562,1.2763618546590552,0.4635819550096359
OLD,steady,2,1,steady_r2_s1,12,1787600926.9783375,True,14,0.02385804309357568,0.02385804309357568,0.029848384404662233,False,0.0,0.25108267629458625,False,False,2+2,2+2,model_5,0.9380976830837079,0.11112586966043903,1.0203032600871051,0.4687346978501659
OLD,steady,2,1,steady_r2_s1,13,1787600931.9868717,True,14,0.03055212705398109,0.03055212705398109,0.031138624496455325,False,0.0,0.019196615719683997,True,False,2+2,2+2,model_3,1.2391669278970057,0.22178499704336996,0.9910096603222379,0.5623941421942892
OLD,steady,2,1,steady_r2_s1,14,1787600936.995379,True,14,0.027314588138111093,0.02734845105094105,0.027314588138111093,True,0.0012397372663550729,0.0,True,False,2+2,2+2,model_3,1.0812208321420085,0.24569701184157922,0.8312054503933215,0.5314297258247127
OLD,steady,2,1,steady_r2_s1,15,1787600942.0018148,True,14,0.0226978404973121,0.02893467214517821,0.0226978404973121,True,0.27477643296527177,0.0,True,True,3+1,3+1,model_3,1.4516867367075443,0.16543955164932306,0.23144088145621067,0.6029771734889529
OLD,steady,2,1,steady_r2_s1,16,1787600947.0114138,True,14,0.020672347284011832,0.023059578952095053,0.020672347284011832,True,0.11547946806841455,0.0,True,True,2+2,3+1,model_3,0.953210975726082,0.1341004734367749,0.38816293038768157,0.643112644472143
OLD,steady,2,1,steady_r2_s1,17,1787600952.0211365,False,14,0.015502706286961147,0.015502706286961147,0.018375398670337037,False,0.0,0.18530263879101053,False,True,2+2,3+1,model_6,0.42752996687597333,0.23024401836047306,0.2302440183604728,0.686444327025755
OLD,steady,2,1,steady_r2_s1,18,1787600957.0712519,False,14,0.013209493715205438,0.013209493715205438,0.015657247757726277,False,0.0,0.1853026387910107,False,True,2+2,3+1,model_6,0.43183700703803407,0.25445914173137096,0.25445914173137085,0.526629573557388
OLD,steady,2,1,steady_r2_s1,19,1787600962.0866494,True,14,0.018032981511714192,0.018032981511714192,0.0194922291392835,False,0.0,0.08092104051797451,True,True,2+2,3+1,model_3,0.5768636235955362,0.1922929909082005,0.4859198186256456,0.486483534256345
OLD,steady,2,1,steady_r2_s1,20,1787600967.1126428,True,14,0.015421164428497948,0.015421164428497948,0.01803241398425919,False,0.0,0.1693289483987158,False,True,2+2,3+1,model_5,0.4996260075116402,0.31577929088647755,0.5837986739298275,0.31577929088647766
OLD,steady,2,1,steady_r2_s1,21,1787600972.1189456,True,14,0.00864753966486745,0.00864753966486745,0.013671151792107419,False,0.0,0.5809296426415375,False,False,2+2,2+2,model_6,0.1507418503212586,0.173340717396302,0.3311047262962686,0.3509041781451526
OLD,steady,2,1,steady_r2_s1,22,1787600977.1590426,True,14,0.02036883377903231,0.02036883377903231,0.027067092217014716,False,0.0,0.3288484019579755,False,False,2+2,2+2,model_5,0.7222048170125472,0.2858261313340258,0.8714083497942374,0.47888006701628966
OLD,steady,2,1,steady_r2_s1,23,1787600982.170954,True,14,0.017934979751158008,0.019983080056446924,0.017934979751158008,True,0.11419585266923296,0.0,True,False,2+2,2+2,model_3,0.7615948568988494,0.30674016787830616,0.4008193488065387,0.49389794182642593
OLD,steady,2,1,steady_r2_s1,24,1787600987.1825082,True,14,0.017856537498541488,0.017856537498541488,0.02224447827126112,False,0.0,0.24573301364153244,False,False,2+2,2+2,model_5,0.6112250648584328,0.34844267458631906,0.6679862765500061,0.4417177547088837
OLD,steady,2,1,steady_r2_s1,25,1787600992.211787,True,14,0.01596636934273219,0.01596636934273219,0.018524254602078703,False,0.0,0.16020456526084614,False,False,2+2,2+2,model_3,0.5728081724310699,0.3559542848630568,0.35595428486305686,0.5681599945242365
OLD,steady,2,1,steady_r2_s1,26,1787600997.2242346,True,14,0.02639401740781078,0.026458457156945173,0.02639401740781078,True,0.0024414528542109405,0.0,True,False,2+2,2+2,model_3,0.9458070870024339,0.2827441842033389,0.7023475413090183,0.6143633817970422
OLD,steady,2,1,steady_r2_s1,27,1787601002.2344553,True,14,0.030049988414586875,0.034354787854588474,0.030049988414586875,True,0.14325461230167935,0.0,True,False,2+2,1+3,model_3,1.5807845707008539,0.4450072264043816,0.9106842191959291,0.4450072264043818
OLD,steady,2,1,steady_r2_s1,28,1787601007.2462246,True,14,0.030010099877601965,0.030052979004903356,0.030010099877601965,True,0.0014288232120611376,0.0,True,False,2+2,1+3,model_3,1.3103742265474903,0.46175368192328536,1.0353517303300532,0.46175368192328553
OLD,steady,2,1,steady_r2_s1,29,1787601012.257808,True,14,0.025071776783009696,0.028663424445773994,0.025071776783009696,True,0.1432546123016793,0.0,True,False,2+2,1+3,model_3,1.3226306188415988,0.36755970819426553,0.6374046078746645,0.3675597081942657
OLD,steady,2,1,steady_r2_s1,30,1787601017.266618,True,14,0.01835490155398374,0.023179654148557046,0.01835490155398374,True,0.26285908319274764,0.0,True,False,2+2,1+3,model_3,1.0392468924989806,0.19813158804262637,0.3091117784121024,0.49655460430405074
OLD,steady,2,1,steady_r2_s1,31,1787601022.2781746,True,14,0.021861856912260422,0.024993668748421075,0.021861856912260422,True,0.1432546123016792,0.0,True,False,2+2,1+3,model_3,1.2091778032064802,0.26461878504270075,0.6090955755666642,0.2646187850427008
OLD,steady,2,1,steady_r2_s1,32,1787601027.3002226,True,14,0.02027278690861155,0.023176957137479262,0.02027278690861155,True,0.14325461230167946,0.0,True,False,2+2,1+3,model_3,1.12652045090137,0.24015047280495105,0.7466436240854384,0.2401504728049511
OLD,steady,2,1,steady_r2_s1,33,1787601032.3089788,True,14,0.017905649972117108,0.017905649972117108,0.017995943522561175,False,0.0,0.005042740731817791,True,True,2+2,2+2,model_3,0.8015730801143006,0.2420658197317794,0.6434928284445154,0.25426574470637825
OLD,steady,2,1,steady_r2_s1,34,1787601037.321038,True,14,0.014383890529147248,0.014383890529147248,0.015231514998942566,False,0.0,0.05892873475904914,False,True,2+2,2+2,model_3,0.729052214509971,0.2977660895984305,0.4438721385077034,0.119119736594491
OLD,steady,2,1,steady_r2_s1,35,1787601042.3317735,True,14,0.012681021830079013,0.016872071848141944,0.012681021830079013,True,0.33049781588750865,0.0,True,True,3+1,2+2,model_3,0.9288848490532877,0.07872484361754882,0.2539252463416026,0.06600718447650414
OLD,steady,2,1,steady_r2_s1,36,1787601047.353648,True,14,0.013465617939759488,0.013465617939759488,0.017749723903618137,False,0.0,0.3181514567711824,False,True,2+2,2+2,model_5,0.5364139346915288,0.13591521610437884,0.6278650611113252,0.2576104231586249
OLD,steady,2,1,steady_r2_s1,37,1787601052.3670344,True,14,0.014452065626041772,0.014452065626041772,0.02032719610106146,False,0.0,0.4065253111245944,False,True,2+2,2+2,model_5,0.4307788395474893,0.17621553446159627,0.5926439362222641,0.4214131786474856
OLD,steady,2,1,steady_r2_s1,38,1787601057.386156,True,14,0.018237328026287806,0.018237328026287806,0.02298123846169594,False,0.0,0.2601209140160294,False,True,2+2,2+2,model_5,0.6989080319663841,0.2133322568393135,0.7699697943628342,0.3764887853024737
OLD,steady,2,1,steady_r2_s1,39,1787601062.3961356,True,14,0.015617555093604317,0.018323980613111045,0.015617555093604317,True,0.17329380324165208,0.0,True,False,2+2,1+3,model_3,0.7581722318622501,0.23638796943744955,0.307732288841434,0.4713762896758344
OLD,steady,2,1,steady_r2_s1,40,1787601067.434915,True,14,0.021109564629920956,0.026659630166611582,0.021109564629920956,True,0.2629171010388293,0.0,True,False,2+2,1+3,model_3,1.1699320579880554,0.25314945132122524,0.38085654602013375,0.47384375330189327
OLD,steady,2,1,steady_r2_s1,41,1787601072.4479697,True,14,0.02143937460106819,0.02647120414424266,0.02143937460106819,True,0.23470038827176273,0.0,True,False,3+1,1+3,model_3,1.2262589409954157,0.2190563983219077,0.31356893601235614,0.4588825623013303
OLD,steady,2,1,steady_r2_s1,42,1787601077.4579213,True,14,0.025035094953229524,0.028019470521236985,0.025035094953229524,True,0.11920767920324893,0.0,True,False,2+2,1+3,model_3,1.2489149288959134,0.40330349787491815,0.8456152429363873,0.4033034978749183
OLD,steady,2,1,steady_r2_s1,43,1787601082.4713416,True,14,0.017029965192448482,0.021373253861030513,0.017029965192448482,True,0.255038023830369,0.0,True,False,2+2,1+3,model_3,1.0091914384902965,0.1388676993662501,0.2340890688203905,0.4360525477473926
OLD,steady,2,1,steady_r2_s1,44,1787601087.5040987,True,14,0.015877060964752967,0.021980120353281937,0.015877060964752967,True,0.3843947820114659,0.0,True,False,2+2,1+3,model_3,0.947295433110155,0.12304174708401178,0.3312864506433528,0.3985657272834989
OLD,steady,2,1,steady_r2_s1,45,1787601093.4017246,True,14,0.012185658893546124,0.012185658893546124,0.012421824515939732,False,0.0,0.019380619829977946,True,True,2+2,2+2,model_3,0.5166888711180591,0.057452028428578036,0.19214995471491797,0.4275341112736223
OLD,steady,2,1,steady_r2_s1,46,1787601098.415346,False,14,0.0153733994117874,0.0153733994117874,0.018660460666929838,False,0.0,0.213814860792735,False,True,1+3,2+2,model_6,0.5382718284953206,0.12841339770389038,0.35599761424152343,0.5749115387950428
OLD,steady,2,1,steady_r2_s1,47,1787601103.440153,True,14,0.019676129723316248,0.019676129723316248,0.02523325687945873,False,0.0,0.2824298901402992,False,True,1+3,2+2,model_6,0.3951986742135344,0.32569285677692417,0.30883873451004706,0.9499656545820134
OLD,steady,2,1,steady_r2_s1,48,1787601108.4594543,True,14,0.015470921091794794,0.015470921091794794,0.015516417894800951,False,0.0,0.0029407947165012017,True,True,2+2,2+2,model_3,0.5568762767868396,0.18333805095660802,0.3430659944571533,0.43099718106824886
OLD,steady,2,1,steady_r2_s1,49,1787601113.472159,True,14,0.011725534875682005,0.01569993602326376,0.011725534875682005,True,0.33895265245634154,0.0,True,True,2+2,2+2,model_3,0.6393816631410937,0.09822910265195807,0.2738823887746575,0.31106607176180695
OLD,steady,2,1,steady_r2_s1,50,1787601118.4846377,True,14,0.01371394447725583,0.018738989521625428,0.01371394447725583,True,0.3664186516653531,0.0,True,True,2+2,2+2,model_3,0.8357280474804536,0.08878466263080093,0.2543175090089412,0.3949847195812461
OLD,steady,2,1,steady_r2_s1,51,1787601123.521892,True,14,0.014335450725913197,0.01544056552369153,0.014335450725913197,True,0.07708964433051922,0.0,True,True,2+2,2+2,model_3,0.5609645116602614,0.08878458335270238,0.3656324193077299,0.3495161792103851
OLD,steady,2,1,steady_r2_s1,52,1787601128.5770557,True,14,0.014997841096667226,0.016958225857027238,0.014997841096667226,True,0.1307111302036426,0.0,True,True,2+2,2+2,model_3,0.7575936301465555,0.07594359370717219,0.22886504309532402,0.5193280375513054
OLD,steady,2,1,steady_r2_s1,53,1787601133.6442394,True,14,0.019215734156012843,0.022563201015259646,0.019215734156012843,True,0.17420447389980873,0.0,True,True,2+2,2+2,model_3,0.8665132945586849,0.06705412915076722,0.4946435288578569,0.4639663965579244
OLD,steady,2,1,steady_r2_s1,54,1787601138.6571858,False,14,0.0194097155154021,0.0194097155154021,0.022338765934623857,False,0.0,0.15090640647965609,False,True,1+3,2+2,model_3,0.7199570854651748,0.08303878028999312,0.6898360666695842,0.42457166673307695
OLD,steady,2,1,steady_r2_s1,55,1787601143.6686554,False,14,0.023647422162066913,0.026084406241336663,0.023647422162066913,True,0.10305495721977437,0.0,False,False,2+2,1+3,model_3,1.1995972080893031,0.134908198760036,0.8411756222129708,0.33851667634857807
OLD,steady,2,1,steady_r2_s1,56,1787601148.6806803,False,14,0.027910547973684367,0.028959552629056383,0.027910547973684367,True,0.03758452382809097,0.0,False,False,2+2,1+3,model_3,1.1807419656790965,0.07838063071125878,0.865455565132231,0.5269100917893434
OLD,steady,2,1,steady_r2_s1,57,1787601153.7114532,False,14,0.023336690199619006,0.023624262032559202,0.023336690199619006,True,0.012322734307236561,0.0,False,False,2+2,1+3,model_3,0.9589951160172798,0.06912611128489576,0.41522636077121766,0.748964539773057
OLD,steady,2,1,steady_r2_s1,58,1787601158.726505,True,14,0.0213468926590179,0.0213468926590179,0.031467231565199594,False,0.0,0.4740895580372164,False,False,2+2,1+3,model_5,0.7844951345164101,0.10576225398214362,1.0955341821139077,0.4742627488203269
OLD,steady,2,1,steady_r2_s1,59,1787601163.7614682,False,14,0.023989505632630415,0.026732970325083864,0.023989505632630415,True,0.11436103496529756,0.0,False,False,2+2,1+3,model_3,1.1512889547123226,0.1098679239571847,0.7716890441342739,0.42506867631230033
OLD,steady,2,1,steady_r2_s1,60,1787601168.7777693,False,14,0.024525273923667646,0.024715123132811805,0.024525273923667646,True,0.007740961823099104,0.0,False,False,2+2,1+3,model_3,0.9727153873554298,0.14041093163988505,0.4649613944112383,0.7585240480854785
OLD,steady,2,1,steady_r2_s1,61,1787601173.8301206,True,14,0.01590690724519797,0.01590690724519797,0.020472671965328926,False,0.0,0.28703032272406587,False,False,2+2,1+3,model_6,0.6184201795434764,0.14526549164110403,0.3068833721825611,0.7144310562128128
OLD,steady,2,1,steady_r2_s1,62,1787601178.850678,False,14,0.022038118804348937,0.022038118804348937,0.023143907256429706,False,0.0,0.050176172562539936,False,False,2+2,1+3,model_3,0.9285733979948311,0.09640532264432211,0.353382251126115,0.8011913409514777
OLD,steady,2,1,steady_r2_s1,63,1787601183.868938,True,14,0.02965768817187175,0.02965768817187175,0.03387292508531644,False,0.0,0.14212965248729492,False,False,2+2,1+3,model_3,1.1728004558980292,0.10847585365890755,1.1137906686561785,0.5760184183148225
OLD,steady,2,1,steady_r2_s1,64,1787601188.8858676,True,14,0.027873596509038458,0.027873596509038458,0.034635854960050526,False,0.0,0.2426044464272595,False,False,2+2,1+3,model_5,1.0160423417627966,0.09296534138846824,1.10029479329645,0.6275743617613831
OLD,steady,2,1,steady_r2_s1,65,1787601193.913124,True,14,0.026643312421905235,0.026643312421905235,0.031688799842867196,False,0.0,0.18937162696083282,False,False,2+2,1+3,model_5,0.8837647636138553,0.05068106849721932,0.8935442172403649,0.687306028045795
OLD,steady,2,1,steady_r2_s1,66,1787601198.9358418,False,14,0.02273375561111544,0.033356175681280194,0.02273375561111544,True,0.46725320056537545,0.0,False,False,2+2,1+3,model_3,1.5369018426640872,0.06187045259568957,0.4034242907647566,0.5361449520557603
OLD,steady,2,1,steady_r2_s1,67,1787601203.984486,False,14,0.022001297985607862,0.02442523543517886,0.022001297985607862,True,0.11017247487655578,0.0,False,False,2+2,1+3,model_3,0.9428420153843915,0.09038354161043244,0.6001366835971084,0.49743588114585263
OLD,steady,2,1,steady_r2_s1,68,1787601209.0114782,False,14,0.018166234681356568,0.018625002591364515,0.018166234681356568,True,0.025253879962189703,0.0,False,False,2+2,1+3,model_3,0.6791370318008766,0.08425117484051453,0.40427791386046996,0.5019759264348611
OLD,steady,2,1,steady_r2_s1,69,1787601214.0373945,False,14,0.01640888007072562,0.01912727913187924,0.01640888007072562,True,0.16566633733909722,0.0,False,False,2+2,1+3,model_3,0.7755347658254226,0.060328506543467164,0.3370975669573106,0.48148761813345853
OLD,steady,2,1,steady_r2_s1,70,1787601219.0568657,False,14,0.027198375591461828,0.028381111570548952,0.027198375591461828,True,0.043485537403138576,0.0,False,False,2+2,1+3,model_3,1.0796289772868939,0.05962112712393475,0.7629234498077425,0.5939142637803785
OLD,steady,2,1,steady_r2_s1,71,1787601224.0749068,False,14,0.019730244070402744,0.029587562908700054,0.019730244070402744,True,0.4996045058096485,0.0,False,False,2+2,1+3,model_3,1.445240378157001,0.07101789654479251,0.275865844713729,0.4707876856395722
OLD,steady,2,1,steady_r2_s1,72,1787601229.0928986,False,14,0.017795876253953583,0.024573462459479598,0.017795876253953583,True,0.3808515022698187,0.0,False,False,2+2,1+3,model_3,1.047618151576634,0.15207416244965877,0.3818182398895396,0.4542671955306156
OLD,steady,2,1,steady_r2_s1,73,1787601234.110391,False,14,0.02822463524789675,0.031676838609910773,0.02822463524789675,True,0.12231170860821934,0.0,False,False,2+2,1+3,model_3,1.2528974130004735,0.1698999548137714,0.7930501454808693,0.6149842949522923
OLD,steady,2,1,steady_r2_s1,74,1787601239.1253061,False,14,0.017000666658490846,0.02037456528385257,0.017000666658490846,True,0.19845684249544754,0.0,False,False,2+2,1+3,model_3,0.9386826959785667,0.20740130867860151,0.24650417482022452,0.49210774689493975
OLD,steady,2,1,steady_r2_s1,75,1787601244.1404326,False,14,0.02203715029783233,0.02383971110117856,0.02203715029783233,True,0.08179645639225591,0.0,False,False,2+2,1+3,model_3,0.8992226993987346,0.22294271258670528,0.5928324162962956,0.5065287026631444
OLD,steady,2,1,steady_r2_s1,76,1787601249.160474,False,14,0.02400927445553865,0.02400927445553865,0.024639877565591276,False,0.0,0.02626497986102844,False,False,2+2,1+3,model_3,0.8407828597400766,0.24882222207558824,0.5558347596140398,0.6733678825350469
OLD,steady,2,1,steady_r2_s1,77,1787601254.180127,True,14,0.020262333623087936,0.020262333623087936,0.025073763935255865,False,0.0,0.23745686956242493,False,False,2+2,1+3,model_6,0.7915122805665926,0.2703360192887133,0.3230546286545689,0.9277931807874336
OLD,steady,2,1,steady_r2_s1,78,1787601259.222785,True,14,0.021583673063689787,0.021583673063689787,0.02824188045159007,False,0.0,0.30848351752980296,False,False,2+2,1+3,model_6,0.6321230614659085,0.29006869995627604,0.4227023102908568,0.9861924367687402
OLD,steady,2,1,steady_r2_s1,79,1787601264.2431848,True,14,0.022486312734459085,0.022486312734459085,0.03246392912697357,False,0.0,0.443719542209529,False,False,2+2,1+3,model_6,0.6766449996804528,0.30807123725496643,0.6313820553398497,0.9881368465374141
OLD,steady,2,1,steady_r2_s1,80,1787601269.3080196,True,14,0.021896323565975893,0.021896323565975893,0.026348351686804918,False,0.0,0.203323087888001,False,False,2+2,1+3,model_6,0.7263721451609443,0.40822950943290504,0.42791388994941104,0.886518920176314
OLD,steady,2,1,steady_r2_s1,81,1787601274.3273895,True,14,0.021551398560834892,0.021551398560834892,0.028350166194515393,False,0.0,0.3154675839012983,False,False,2+2,1+3,model_6,0.7458509564837985,0.29474706413157714,0.43469111395781884,0.9796056535037283
OLD,steady,2,1,steady_r2_s1,82,1787601279.3526874,True,14,0.03182107573266478,0.03182107573266478,0.0382819651013134,False,0.0,0.20303805637898123,False,False,2+2,1+3,model_5,1.1264524435420538,0.2202305530464007,1.1598271606765551,0.749934465529982
OLD,steady,2,1,steady_r2_s1,83,1787601284.3949037,True,14,0.026688206707520878,0.026688206707520878,0.03218788890515685,False,0.0,0.20607162773833482,False,False,2+2,1+3,model_5,0.8677224658351196,0.22894082416765815,0.8997525629225287,0.7059955980452766
OLD,steady,2,1,steady_r2_s1,84,1787601289.4149082,True,14,0.021840489164036726,0.021840489164036726,0.027957520063188367,False,0.0,0.28007755930779,False,False,2+2,1+3,model_6,0.6571172623481146,0.2155475426298772,0.6133422860356856,0.7813666543040748
OLD,steady,2,1,steady_r2_s1,85,1787601294.4349637,True,14,0.014253096204974915,0.014253096204974915,0.023376174775501662,False,0.0,0.6400769656871058,False,False,2+2,1+3,model_6,0.21644205133924083,0.21644205133924066,0.5398048804608186,0.6263557760154772
OLD,steady,2,2,steady_r2_s2,1,1787602039.2457175,True,14,4.190453798528834e-06,5.2026681215227685e-06,4.190453798528834e-06,True,0.241552436003303,0.0,False,False,2+2,2+2,model_4,0.0,0.00030763823706855825,2.644751528419781e-10,0.0
OLD,steady,2,2,steady_r2_s2,2,1787602044.2513509,True,14,0.010121538966660053,0.01108695967943476,0.010121538966660053,True,0.09538279859957706,0.0,True,False,2+2,2+2,model_3,0.4099995035372398,0.06730439247549005,0.2611673719056308,0.24376299584130495
OLD,steady,2,2,steady_r2_s2,3,1787602049.2550423,True,14,0.010723017570569668,0.015075119448956184,0.010723017570569668,True,0.40586540586590764,0.0,True,True,3+1,3+1,model_3,0.7854610370442282,0.023965280668881768,0.2186929953087886,0.10347046936873308
OLD,steady,2,2,steady_r2_s2,4,1787602054.263462,True,14,0.013246081626311211,0.013903549942672795,0.013246081626311211,True,0.049634928646040424,0.0,True,True,2+2,3+1,model_3,0.5986229207306858,0.083524217400656,0.43957866405101115,0.22122488458031886
OLD,steady,2,2,steady_r2_s2,5,1787602059.2912912,True,14,0.018612220735597765,0.027432552112788878,0.018612220735597765,True,0.4738999984199269,0.0,True,True,3+1,3+1,model_3,1.3633451688825364,0.05370839348371406,0.5051893722473131,0.2542645593151374
OLD,steady,2,2,steady_r2_s2,6,1787602064.298766,False,14,0.013647802026653442,0.013647802026653442,0.015958769991780534,False,0.0,0.16932894839871596,False,True,2+2,3+1,model_5,0.4675329668858577,0.2008510826167823,0.5952795875591129,0.20085108261678225
OLD,steady,2,2,steady_r2_s2,7,1787602069.306562,False,14,0.012917982003377708,0.012917982003377708,0.01510537031144319,False,0.0,0.1693289483987158,False,True,2+2,3+1,model_5,0.36848691327439115,0.22407552584778345,0.5294818344937829,0.22407552584778345
OLD,steady,2,2,steady_r2_s2,8,1787602074.3260813,True,14,0.0136685672654694,0.0136685672654694,0.020354553799190985,False,0.0,0.4891505015754099,False,True,1+3,3+1,model_5,0.46132404078755423,0.031659282154184454,0.7821824983643405,0.2332394022976442
OLD,steady,2,2,steady_r2_s2,9,1787602079.3409703,True,14,0.01637255648886771,0.01637255648886771,0.02396193623572116,False,0.0,0.463542743127119,False,False,1+3,2+2,model_5,0.5320144944938254,0.10872037879809485,1.0506256707846653,0.14475670291219
OLD,steady,2,2,steady_r2_s2,10,1787602084.34619,True,14,0.01807228976549239,0.01807228976549239,0.025782775832259568,False,0.0,0.4266468813204701,False,False,2+2,2+2,model_5,0.6353832320145754,0.06620418160079417,0.9880244871999112,0.29819359933831896
OLD,steady,2,2,steady_r2_s2,11,1787602089.3527389,True,14,0.020017309263022847,0.020017309263022847,0.02077966883260528,False,0.0,0.038085017300037896,True,False,2+2,2+2,model_3,0.8586062041732084,0.0760176521153641,0.7148790896468048,0.32175040512351566
OLD,steady,2,2,steady_r2_s2,12,1787602094.3771226,True,14,0.012857078650900862,0.012857078650900862,0.017342540180287424,False,0.0,0.34887097226182695,False,False,1+3,2+2,model_5,0.39261623540356405,0.14568281302312852,0.7203538350369371,0.1448085893476359
OLD,steady,2,2,steady_r2_s2,13,1787602099.384013,True,14,0.015054950576346763,0.01716946466318564,0.015054950576346763,True,0.14045307396498846,0.0,True,False,2+2,2+2,model_3,0.8106353557457877,0.19352739507783837,0.5492491056965911,0.2017929795007703
OLD,steady,2,2,steady_r2_s2,14,1787602104.3927863,True,14,0.014537039872132248,0.014537039872132248,0.019166500114798382,False,0.0,0.31845962337496836,False,False,2+2,2+2,model_5,0.4885059802438054,0.09370898561810131,0.5874571035887968,0.36869669705999286
OLD,steady,2,2,steady_r2_s2,15,1787602109.4010782,True,14,0.015381920088742666,0.015381920088742666,0.021934747525161023,False,0.0,0.42600841758462105,False,False,1+3,2+2,model_5,0.47824565597475993,0.09021969781338987,0.8454633012756421,0.24878927936432443
OLD,steady,2,2,steady_r2_s2,16,1787602114.4064052,True,14,0.018780151656492328,0.018780151656492328,0.030026433866361998,False,0.0,0.5988387322730598,False,False,1+3,1+3,model_5,0.48868876547710377,0.1493507229239981,1.2051208645977645,0.2927993967589115
OLD,steady,2,2,steady_r2_s2,17,1787602119.4143565,True,14,0.02001366906829824,0.02001366906829824,0.03317452631626911,False,0.0,0.6575934279246048,False,False,1+3,1+3,model_5,0.5154753607503819,0.11139947255556393,1.284275580544802,0.37069268345938855
OLD,steady,2,2,steady_r2_s2,18,1787602124.4199677,True,14,0.01683641665196239,0.01683641665196239,0.0228514411263449,False,0.0,0.35726274769289584,False,False,2+2,1+3,model_5,0.6281595173113262,0.10318733483330572,0.7753533729943436,0.3646300435078076
OLD,steady,2,2,steady_r2_s2,19,1787602129.4705734,True,14,0.016028505434896787,0.016028505434896787,0.02429623394425446,False,0.0,0.5158140628231886,False,False,1+3,1+3,model_5,0.4211204316223809,0.07761457034666369,0.8591861231773457,0.35287326628387977
OLD,steady,2,2,steady_r2_s2,20,1787602134.4936872,True,14,0.02437528701611725,0.02437528701611725,0.041462797518348256,False,0.0,0.7010178173874436,False,False,1+3,1+3,model_5,0.5430582973770819,0.15428534702522845,1.4707066161097588,0.5977363022762786
OLD,steady,2,2,steady_r2_s2,21,1787602139.5021513,True,14,0.020886136182295442,0.020886136182295442,0.03137184146636692,False,0.0,0.5020414112285594,False,False,2+2,1+3,model_5,0.5568306245793904,0.25257113660439523,0.9658004051077493,0.599237826794485
OLD,steady,2,2,steady_r2_s2,22,1787602144.5092058,True,14,0.02125170232795224,0.02125170232795224,0.022952853524490835,False,0.0,0.08004776136456052,True,False,2+2,2+2,model_3,0.6896127534461144,0.3436111410026871,0.5815104873120107,0.5635320609742098
OLD,steady,2,2,steady_r2_s2,23,1787602149.5191464,True,14,0.014968865758935867,0.014968865758935867,0.020221281347569037,False,0.0,0.3508893508178914,False,False,2+2,2+2,model_5,0.39287206886422477,0.21037792023491986,0.5189793775587083,0.4897939977920892
OLD,steady,2,2,steady_r2_s2,24,1787602154.5294116,True,14,0.021141394289501313,0.021141394289501313,0.026314926053894946,False,0.0,0.24471100124946718,False,False,2+2,2+2,model_5,0.680050149675613,0.23628995944456344,0.7461751619300085,0.5665901530476959
OLD,steady,2,2,steady_r2_s2,25,1787602159.5353205,True,14,0.02620501391279484,0.02620501391279484,0.028438308986088758,False,0.0,0.08522396060257356,False,False,2+2,2+2,model_3,1.0368844181722163,0.27829697707752127,0.9103526077845018,0.5083413143301059
OLD,steady,2,2,steady_r2_s2,26,1787602164.5461457,True,14,0.018611428699240328,0.020716492162810664,0.018611428699240328,True,0.11310595750536116,0.0,True,False,2+2,2+2,model_3,0.8785395893432457,0.1589262193101557,0.5854175130709405,0.34304559598374007
OLD,steady,2,2,steady_r2_s2,27,1787602169.557463,True,14,0.02226995619248099,0.02226995619248099,0.03153484149933571,False,0.0,0.4160262026012798,False,False,2+2,2+2,model_5,0.8446692024912779,0.05229896572218895,1.1046509879772919,0.468518780725897
OLD,steady,2,2,steady_r2_s2,28,1787602174.5671363,True,14,0.02026824233575434,0.02026824233575434,0.029455300651120803,False,0.0,0.4532735578733419,False,False,2+2,2+2,model_5,0.6615734943403102,0.11063324262259361,1.0716940891000135,0.39773421017914196
OLD,steady,2,2,steady_r2_s2,29,1787602179.578895,True,14,0.018996814674959377,0.018996814674959377,0.02413472539606542,False,0.0,0.270461696290514,False,False,2+2,2+2,model_5,0.744578958030477,0.07397088498142468,0.8283999037621264,0.37560235417987176
OLD,steady,2,2,steady_r2_s2,30,1787602184.5971289,True,14,0.020246060589871974,0.020246060589871974,0.022229563712896187,False,0.0,0.09796983043785093,False,False,2+2,2+2,model_3,0.8266225032723276,0.058992646814506444,0.7417371538308621,0.36722283904959574
OLD,steady,2,2,steady_r2_s2,31,1787602189.6091115,True,14,0.01831282961203151,0.01831282961203151,0.020542710023562106,False,0.0,0.12176602189677804,False,False,2+2,2+2,model_3,0.5944939859210101,0.05205018828339175,0.5394534792901117,0.4853549180181371
OLD,steady,2,2,steady_r2_s2,32,1787602194.621117,True,14,0.015915445109285845,0.015915445109285845,0.02788346503308591,False,0.0,0.7519751940093299,False,False,2+2,2+2,model_6,0.337677525865637,0.06411210387952215,0.5881226727473714,0.8028919051336446
OLD,steady,2,2,steady_r2_s2,33,1787602199.6295977,True,14,0.017082134668804424,0.017082134668804424,0.027742708659968106,False,0.0,0.6240773883273579,False,False,2+2,3+1,model_5,0.2444155630384355,0.24441556303843537,0.7520534138232478,0.6319392904597706
OLD,steady,2,2,steady_r2_s2,34,1787602204.64162,True,14,0.024144859573360586,0.024144859573360586,0.027667992100052545,False,0.0,0.14591646375028366,False,False,2+2,3+1,model_3,0.8749322496825875,0.10293213897228026,0.8314525599173779,0.5488127803551652
OLD,steady,2,2,steady_r2_s2,35,1787602209.6636693,True,14,0.0226651948955903,0.0226651948955903,0.031982486449736565,False,0.0,0.41108367243552896,False,False,2+2,3+1,model_6,0.5401349431670954,0.2359172687124551,0.7782976731910412,0.8172036332526528
OLD,steady,2,2,steady_r2_s2,36,1787602214.679103,True,14,0.025043002992611724,0.025043002992611724,0.03738239281201918,False,0.0,0.49272804156306127,False,False,2+2,3+1,model_5,0.4191606027458136,0.41916060274581346,1.041697542528277,0.8231873738869452
OLD,steady,2,2,steady_r2_s2,37,1787602219.6905682,True,14,0.024368353292784153,0.024368353292784153,0.028928955415677596,False,0.0,0.18715265935691713,False,False,2+2,3+1,model_5,0.8260985451325792,0.15964274245137544,0.8323454688919363,0.6108251936612613
OLD,steady,2,2,steady_r2_s2,38,1787602224.7203872,True,14,0.02266890165364286,0.02266890165364286,0.026464988344488304,False,0.0,0.16745790108606423,False,False,2+2,3+1,model_3,0.8948181153737612,0.15790314689278584,0.8783570264475671,0.441894403815949
OLD,steady,2,2,steady_r2_s2,39,1787602229.7306817,True,14,0.02279920030764827,0.02279920030764827,0.02837576289729488,False,0.0,0.24459465746155507,False,True,2+2,2+2,model_5,0.9258627168878213,0.13693027384932038,0.9970406064083228,0.4185330965657118
OLD,steady,2,2,steady_r2_s2,40,1787602234.7441378,True,14,0.0198743779652604,0.0198743779652604,0.027916175750225737,False,0.0,0.40463142036556154,False,True,3+1,2+2,model_5,0.6208172323064005,0.1196632566007198,1.077184116296353,0.3154622919307285
OLD,steady,2,2,steady_r2_s2,41,1787602239.7548041,True,14,0.018078391875465307,0.018078391875465307,0.027507749387728247,False,0.0,0.5215816526833775,False,True,3+1,2+2,model_5,0.49002378416586606,0.027780176126639383,1.1600889942742434,0.2121823628768405
OLD,steady,2,2,steady_r2_s2,42,1787602244.7681532,True,14,0.019325941613530667,0.019325941613530667,0.030085331848557724,False,0.0,0.5567330405000338,False,True,3+1,2+2,model_5,0.5099199487373888,0.027503338147875367,1.2401441635010744,0.2607143249283424
OLD,steady,2,2,steady_r2_s2,43,1787602249.7892265,True,14,0.021743746501107972,0.021743746501107972,0.03316059400893913,False,0.0,0.5250634938762463,False,True,3+1,2+2,model_5,0.843746838128977,0.029872220505473668,1.3952945142459032,0.25897871266097783
OLD,steady,2,2,steady_r2_s2,44,1787602254.8022106,True,14,0.031053358275311155,0.031053358275311155,0.04620352683052383,False,0.0,0.48787536667999465,False,True,3+1,2+2,model_5,0.49784540293211016,0.046281705296012554,1.9926915744831015,0.31225077376931976
OLD,steady,2,2,steady_r2_s2,45,1787602259.9458818,True,14,0.023860440543230124,0.023860440543230124,0.038245477507018705,False,0.0,0.602882287010833,False,False,3+1,3+1,model_5,0.32886032967274104,0.0043687894388752535,1.5311226055621596,0.37681877428993377
OLD,steady,2,2,steady_r2_s2,46,1787602264.9599078,True,14,0.02879951371359057,0.02879951371359057,0.0447416638442295,False,0.0,0.5535562263023831,False,False,3+1,3+1,model_5,0.30411685818352874,0.08833575916244951,1.848062545039098,0.38395225556502266
OLD,steady,2,2,steady_r2_s2,47,1787602269.9734879,True,14,0.02726522276511339,0.02726522276511339,0.0455154630114405,False,0.0,0.6693596602364386,False,False,3+1,3+1,model_5,0.5533323271979663,0.03037592625650154,1.7496072147417978,0.5210098872859623
OLD,steady,2,2,steady_r2_s2,48,1787602274.9871168,True,14,0.030797083821155546,0.030797083821155546,0.04770023056720272,False,0.0,0.5488554320339849,False,False,3+1,3+1,model_5,0.6989510804635765,0.09656426560827858,1.9762464627813778,0.40336152383481694
OLD,steady,2,2,steady_r2_s2,49,1787602280.0472748,True,14,0.021113512456569863,0.021113512456569863,0.03515894722190451,False,0.0,0.6652343987873107,False,False,3+1,3+1,model_5,0.6351246812501149,0.0628510532013325,1.3301611848143673,0.42380332679087684
OLD,steady,2,2,steady_r2_s2,50,1787602285.0610967,True,14,0.01787855700243994,0.01787855700243994,0.02459200748841398,False,0.0,0.37550292705713517,False,False,2+2,3+1,model_5,0.670729286970694,0.08626235063277721,0.8433026088621112,0.3835119522102908
OLD,steady,2,2,steady_r2_s2,51,1787602290.073656,True,14,0.020674257373132762,0.020674257373132762,0.029107565332569925,False,0.0,0.40791346490620123,False,False,2+2,2+2,model_5,0.6515900928093369,0.09573743837383275,0.8845762829895126,0.5675046422536536
OLD,steady,2,2,steady_r2_s2,52,1787602295.088554,True,14,0.020592428494564267,0.020592428494564267,0.02731468330155402,False,0.0,0.3264430326303772,False,False,2+2,2+2,model_5,0.5884145995880037,0.0694958179388232,0.7367849749960174,0.6258549486139295
OLD,steady,2,2,steady_r2_s2,53,1787602300.146056,True,14,0.022516882799387457,0.022516882799387457,0.029182143029269164,False,0.0,0.29601167662794897,False,False,2+2,2+2,model_5,0.6545160024265148,0.14151111599612654,0.7825689099602771,0.6732324518631467
OLD,steady,2,2,steady_r2_s2,54,1787602305.1687634,True,14,0.027115701012587517,0.029040507835899242,0.027115701012587517,True,0.07098495526330671,0.0,True,False,2+2,2+2,model_3,1.276128021566739,0.10207471882656588,0.9164156449844661,0.4362977051395775
OLD,steady,2,2,steady_r2_s2,55,1787602310.1821613,True,14,0.028395907948673645,0.028395907948673645,0.03421265984531018,False,0.0,0.20484472294918235,False,False,2+2,2+2,model_5,1.2200417398223777,0.11822595283389825,1.252383343124149,0.4543739962682588
OLD,steady,2,2,steady_r2_s2,56,1787602315.1984186,True,14,0.03168713935597047,0.03168713935597047,0.03376200387735853,False,0.0,0.06547970449712166,True,False,2+2,2+2,model_3,1.258651932736311,0.09610650146617739,1.0744384146491766,0.6098371772170181
OLD,steady,2,2,steady_r2_s2,57,1787602320.219205,True,14,0.022371557069804572,0.022371557069804572,0.026227852478157967,False,0.0,0.17237492215319827,False,False,2+2,3+1,model_3,0.9851339095231747,0.10202698226733375,0.9743763480048955,0.3340451519894617
OLD,steady,2,2,steady_r2_s2,58,1787602325.2339725,True,14,0.02367341996691421,0.02367341996691421,0.02768309956678494,False,0.0,0.16937475047858017,False,False,2+2,3+1,model_3,1.005584960432396,0.1369889779155385,0.9906582161232438,0.39036078609320335
OLD,steady,2,2,steady_r2_s2,59,1787602330.2488782,True,14,0.028105914285764318,0.028105914285764318,0.02973735085232391,False,0.0,0.0580460236935226,True,False,2+2,3+1,model_3,0.9548366047173773,0.04820885064344882,0.6800822335109795,0.803416624828976
OLD,steady,2,2,steady_r2_s2,60,1787602335.2634668,True,14,0.021085037677289736,0.021085037677289736,0.03332037792137875,False,0.0,0.5802854342189508,False,False,3+1,3+1,model_5,0.4995692144391943,0.09289231951284016,1.3530252204831137,0.30921910152441767
OLD,steady,2,2,steady_r2_s2,61,1787602340.297726,True,14,0.021372557399876316,0.021372557399876316,0.03263498511445906,False,0.0,0.5269574203903141,False,False,3+1,3+1,model_5,0.7347200958274428,0.09288919629321396,1.3201192742391683,0.30793304957628725
OLD,steady,2,2,steady_r2_s2,62,1787602345.3114078,True,14,0.024873841504025253,0.028437134025137808,0.024873841504025253,True,0.1432546123016792,0.0,True,False,2+2,3+1,model_3,1.409756094489052,0.26709061127840034,0.7323322394689314,0.2670906112784004
OLD,steady,2,2,steady_r2_s2,63,1787602350.3486521,True,14,0.018839403054882232,0.018839403054882232,0.018887908643896945,False,0.0,0.002574688214557974,True,True,2+2,2+2,model_3,0.6709342890520889,0.07341719608670322,0.42495231482204676,0.517303471471734
OLD,steady,2,2,steady_r2_s2,64,1787602355.416456,True,14,0.016070297534620047,0.016070297534620047,0.02068061877449225,False,0.0,0.28688462238737295,False,True,3+1,2+2,model_5,0.6758707355062066,0.055771427657365064,0.8816730576287618,0.15001515475030264
OLD,steady,2,2,steady_r2_s2,65,1787602360.4326847,True,14,0.019652544612310488,0.019652544612310488,0.02681806538562862,False,0.0,0.3646103298414396,False,True,3+1,2+2,model_5,0.6553780294974415,0.07937823298441318,1.2611022524169162,0.07676303289504906
OLD,steady,2,2,steady_r2_s2,66,1787602365.4492307,True,14,0.02276610735103035,0.02276610735103035,0.030737260181968488,False,0.0,0.35013244504345964,False,True,3+1,2+2,model_5,0.7397101054052344,0.07342959839438223,1.460899330113481,0.07248172372995491
OLD,steady,2,2,steady_r2_s2,67,1787602370.465078,True,14,0.019880514202296185,0.019880514202296185,0.02762071379901396,False,0.0,0.38933598587826207,False,True,2+2,2+2,model_5,0.7864619544053448,0.0360556494049627,0.9920784926336467,0.3858282883320069
OLD,steady,2,2,steady_r2_s2,68,1787602375.47755,True,14,0.028966122210944883,0.028966122210944883,0.0318688892971892,False,0.0,0.10021248495414771,False,True,2+2,2+2,model_3,1.3492431929747601,0.07611725049439538,1.23103806554931,0.35879625169445273
OLD,steady,2,2,steady_r2_s2,69,1787602380.4920003,True,14,0.023438704117302814,0.023438704117302814,0.039826705538117936,False,0.0,0.6991854728315481,False,False,3+1,3+1,model_5,0.5973626929312482,0.030056861012876968,1.3372161387361134,0.6496075191830433
OLD,steady,2,2,steady_r2_s2,70,1787602385.532271,True,14,0.02311236202311817,0.02311236202311817,0.029999270581607954,False,0.0,0.2979751075031251,False,False,2+2,3+1,model_5,0.8896655658554443,0.07821205381894603,1.023368783346596,0.4731963908632289
OLD,steady,2,2,steady_r2_s2,71,1787602390.5509384,True,14,0.022822858296188905,0.022985135287799212,0.022822858296188905,True,0.007110283449352403,0.0,True,False,2+2,3+1,model_3,1.0820089395636785,0.27335086409637205,0.8652066487967078,0.27335086409637216
OLD,steady,2,2,steady_r2_s2,72,1787602395.5871122,True,14,0.022303684099181664,0.025498789717709063,0.022303684099181664,True,0.14325461230167935,0.0,True,False,2+2,3+1,model_3,1.271772610617322,0.23180934322516683,0.8509085640577331,0.23180934322516691
OLD,steady,2,2,steady_r2_s2,73,1787602400.6391828,True,14,0.021772135714705175,0.023021870997636848,0.021772135714705175,True,0.057400674849164474,0.0,True,False,2+2,3+1,model_3,1.1949140182065086,0.16261197259359705,0.9235284383927301,0.16261197259359714
OLD,steady,2,2,steady_r2_s2,74,1787602405.6567643,True,14,0.021284734964131136,0.021284734964131136,0.02899539437131603,False,0.0,0.36226241107436086,False,False,2+2,3+1,model_5,0.8371320006471017,0.07752550495055632,1.0285244415261467,0.41796064252102927
OLD,steady,2,2,steady_r2_s2,75,1787602410.7061496,False,14,0.019240842810826567,0.026437168893876137,0.019240842810826567,True,0.3740130385037132,0.0,False,False,2+2,2+2,model_3,1.1873053808375658,0.10979799896417192,0.46095128875489205,0.3716097872776969
OLD,steady,2,2,steady_r2_s2,76,1787602415.724489,True,14,0.029452893586583352,0.029452893586583352,0.03146725075467539,False,0.0,0.06839250487122368,False,False,2+2,2+2,model_3,1.376978627997505,0.10195125114127906,1.2100337227306708,0.3597641655035456
OLD,steady,2,2,steady_r2_s2,77,1787602420.7604265,True,14,0.025087186339102927,0.025087186339102927,0.03708807526527954,False,0.0,0.47836727339450785,False,False,3+1,2+2,model_5,0.8947073333325839,0.07493728044097009,1.4869432240140874,0.3632591557237448
OLD,steady,2,2,steady_r2_s2,78,1787602425.7758396,True,14,0.024491899961266533,0.024491899961266533,0.03194827511863005,False,0.0,0.3044424960560687,False,False,2+2,2+2,model_5,1.0531544615628259,0.0496533119442894,1.202740186854722,0.39105442853599803
OLD,steady,2,2,steady_r2_s2,79,1787602430.817752,True,14,0.031081011537316332,0.031081011537316332,0.036406107017125565,False,0.0,0.17132954226460237,False,False,2+2,2+2,model_3,1.3529788255462452,0.10812525816406848,1.336412353101526,0.47976886844421857
OLD,steady,2,2,steady_r2_s2,80,1787602435.8365152,True,14,0.02967817649013622,0.02967817649013622,0.03645194180798381,False,0.0,0.22824061714502264,False,False,2+2,2+2,model_5,1.3305928620875513,0.13157139761594616,1.3990336262395433,0.41943414262671175
OLD,steady,2,2,steady_r2_s2,81,1787602440.8558145,True,14,0.02604872796406159,0.02604872796406159,0.0329847664796864,False,0.0,0.2662716784172413,False,False,2+2,2+2,model_5,1.1226263634261828,0.06285101484252842,1.2321180811237735,0.4133836872827695
OLD,steady,2,2,steady_r2_s2,82,1787602445.8721225,True,14,0.024495994608920522,0.024495994608920522,0.034014795290878246,False,0.0,0.38858600493369366,False,False,2+2,2+2,model_5,1.0394794762157216,0.0628510658388371,1.366097900928017,0.33078862508685025
OLD,steady,2,2,steady_r2_s2,83,1787602450.8905983,True,14,0.028338971531692434,0.028338971531692434,0.039890944885828464,False,0.0,0.40763558907623254,False,False,3+1,2+2,model_5,1.1701603900442936,0.05905714923029093,1.713571976183181,0.2764563720078946
OLD,steady,2,2,steady_r2_s2,84,1787602455.907028,True,14,0.022051449865822994,0.022051449865822994,0.02459093565583976,False,0.0,0.11516185128274274,False,False,2+2,3+1,model_3,1.0768166301577613,0.04891513314146623,1.0032743559827557,0.22348673487946913
OLD,steady,2,2,steady_r2_s2,85,1787602460.9392245,True,14,0.018881042497146505,0.018881042497146505,0.027850714196124525,False,0.0,0.47506231185770637,False,False,3+1,3+1,model_5,0.6868849291051027,0.05955142851059486,1.211595021960446,0.17778572412825036
OLD,steady,4,1,steady_r4_s1,1,1787603198.142124,True,14,0.000738750345236136,0.0009176945220681048,0.000738750345236136,True,0.24222550687914818,0.0,True,False,3+1,2+2,model_3,0.054113462788546965,0.0,0.0,4.36875431791799e-08
OLD,steady,4,1,steady_r4_s1,2,1787603203.150738,True,14,0.00994596871367301,0.00994596871367301,0.013095019066487638,False,0.0,0.31661575091077215,False,True,1+3,3+1,model_6,0.1437893660539844,1.0382845858636358e-06,0.007109804049456827,0.6461577291462995
OLD,steady,4,1,steady_r4_s1,3,1787603208.1645796,False,14,0.019068896889482788,0.019068896889482788,0.02229781314690245,False,0.0,0.16932894839871582,False,True,2+2,3+1,model_5,0.7599538338901818,0.2898137125014608,0.8225510206981141,0.28981371250146076
OLD,steady,4,1,steady_r4_s1,4,1787603213.173107,False,14,0.020314218788835797,0.020314218788835797,0.02306009208889989,False,0.0,0.1351700170509712,False,True,2+2,3+1,model_3,0.8731782717900998,0.32468614120548933,0.8257061871825595,0.3246861412054892
OLD,steady,4,1,steady_r4_s1,5,1787603218.225561,False,14,0.02682573578413331,0.02682573578413331,0.030357741234027374,False,0.0,0.1316648116687688,False,True,2+2,3+1,model_3,1.0573411645369137,0.503109790265513,0.5031097902655128,1.0113383085616887
OLD,steady,4,1,steady_r4_s1,6,1787603223.237232,False,14,0.025770481343480024,0.025770481343480024,0.029597070520791677,False,0.0,0.14848729933714594,False,True,2+2,3+1,model_3,1.0730180960518572,0.4260487903795212,0.4260487903795209,1.0504519425151295
OLD,steady,4,1,steady_r4_s1,7,1787603228.248704,True,14,0.04347296810674236,0.04347296810674236,0.04729427816478957,False,0.0,0.08790083181494468,True,True,2+2,3+1,model_3,1.433238254434352,0.24440050382511802,1.0955809040092175,1.2637754492819062
OLD,steady,4,1,steady_r4_s1,8,1787603233.2576346,True,14,0.04801759922765855,0.06025699704029494,0.04801759922765855,True,0.25489399739890345,0.0,True,True,2+2,2+2,model_3,2.376258464842226,0.1400684164214537,1.1288863454138367,1.266554122306583
OLD,steady,4,1,steady_r4_s1,9,1787603238.2842963,True,14,0.04333500309171585,0.04333500309171585,0.04754190906781948,False,0.0,0.0970787048797476,True,True,2+2,2+2,model_3,1.491202288007294,0.4463918314939431,1.0295914562907005,1.3421183902136842
OLD,steady,4,1,steady_r4_s1,10,1787603243.2897353,True,14,0.04225299249986068,0.04225299249986068,0.04924149352626824,False,0.0,0.16539659354140676,False,True,2+2,2+2,model_3,1.4970212066706752,0.3539773606871427,0.9608320660311817,1.495664472343708
OLD,steady,4,1,steady_r4_s1,11,1787603248.299619,True,14,0.04605447497256269,0.049100413749048805,0.04605447497256269,True,0.06613773750109535,0.0,True,True,2+2,2+2,model_3,1.8478129382356654,0.33099875473413026,1.0083542935766796,1.2891523465584693
OLD,steady,4,1,steady_r4_s1,12,1787603253.3051,True,14,0.05594184378740427,0.0589458361030976,0.05594184378740427,True,0.053698486004669393,0.0,True,True,2+2,2+2,model_3,2.180296254155528,0.31609365061903505,1.2485784268182138,1.5421766005604576
OLD,steady,4,1,steady_r4_s1,13,1787603258.3155472,True,14,0.05927973709545013,0.0595502948085742,0.05927973709545013,True,0.004564084228113595,0.0,True,True,2+2,2+2,model_3,2.3131188600983696,0.30213612079669994,1.7589002943294707,1.1983712777251918
OLD,steady,4,1,steady_r4_s1,14,1787603263.325865,True,14,0.04419364875994987,0.04419364875994987,0.050701294878449835,False,0.0,0.14725297188851866,False,True,2+2,2+2,model_3,1.5844985062134707,0.292732774993931,1.5078618344824533,1.021459403379589
OLD,steady,4,1,steady_r4_s1,15,1787603269.3411155,True,14,0.042147030730341435,0.042147030730341435,0.05686150757799493,False,0.0,0.34912250264549755,False,False,2+2,1+3,model_5,1.4855936261057154,0.28111733771969605,1.8369522623897157,0.9996817738547109
OLD,steady,4,1,steady_r4_s1,16,1787603274.3709757,True,14,0.045272339857350824,0.045272339857350824,0.0534819550788492,False,0.0,0.18133843418224366,False,False,2+2,1+3,model_6,1.411367349862228,0.28164520260208126,1.222121122738318,1.4459181284803666
OLD,steady,4,1,steady_r4_s1,17,1787603279.382405,True,14,0.04188367506188744,0.04188367506188744,0.061306284522478806,False,0.0,0.4637274411066474,False,False,2+2,1+3,model_5,1.0158205380027736,0.2953356685154038,1.6044437518303318,1.4539256217500462
OLD,steady,4,1,steady_r4_s1,18,1787603284.4440742,True,14,0.043764740159429036,0.043764740159429036,0.06831096700853556,False,0.0,0.5608676473272305,False,False,2+2,1+3,model_5,0.9268764896763414,0.14107477907112576,1.7540199451034768,1.6537900535918657
OLD,steady,4,1,steady_r4_s1,19,1787603289.4847033,True,14,0.037601446572624576,0.037601446572624576,0.04221323309479321,False,0.0,0.12264917822406884,False,False,2+2,1+3,model_3,1.3534218752904483,0.1882112040529067,0.8338513342261096,1.2720283527020315
OLD,steady,4,1,steady_r4_s1,20,1787603294.4925723,True,14,0.03842198332820076,0.03842198332820076,0.040256478024078425,False,0.0,0.0477459656417891,True,False,2+2,1+3,model_3,1.443518298307672,0.19330321071597412,0.7914854701763187,1.2167781268764373
OLD,steady,4,1,steady_r4_s1,21,1787603299.8077679,True,14,0.03154264603598462,0.03154264603598462,0.03773107805967187,False,0.0,0.19619254569281666,False,True,2+2,2+2,model_6,1.2321974175624701,0.21241160904089684,0.6026358380815338,1.2796438412156128
OLD,steady,4,1,steady_r4_s1,22,1787603304.8200586,True,14,0.04018166154389183,0.048064268653905846,0.04018166154389183,True,0.19617424484558887,0.0,True,True,2+2,2+2,model_3,1.8194134129876667,0.32359681320797556,0.9764813395890475,1.028049908758775
OLD,steady,4,1,steady_r4_s1,23,1787603309.845421,True,14,0.0477888086184336,0.0477888086184336,0.049827271789690784,False,0.0,0.04265565997958127,True,True,2+2,2+2,model_3,1.7353991716824546,0.37500876162130437,1.4031652948331443,1.0825537990189689
OLD,steady,4,1,steady_r4_s1,24,1787603314.859819,True,14,0.049808320583119285,0.049808320583119285,0.057668037019063235,False,0.0,0.15779926614525755,False,True,2+2,2+2,model_3,1.813668893936254,0.41049733843833636,1.7535009150611733,1.1233682285734223
OLD,steady,4,1,steady_r4_s1,25,1787603319.8738127,True,14,0.04087698925851809,0.04087698925851809,0.058824941805023144,False,0.0,0.439072272006065,False,True,2+2,2+2,model_5,1.172875504388072,0.3998130892324071,1.98470456347103,0.949878763841277
OLD,steady,4,1,steady_r4_s1,26,1787603324.887978,True,14,0.03555139873783394,0.03555139873783394,0.05146593865570126,False,0.0,0.4476487700308401,False,True,2+2,2+2,model_5,1.0520067693701525,0.37782148758749146,1.5231214682958893,1.0443453386258326
OLD,steady,4,1,steady_r4_s1,27,1787603329.8992548,True,14,0.03425336937768873,0.03425336937768873,0.04406494802857911,False,0.0,0.28644127071718806,False,False,2+2,1+3,model_5,1.2958817249988606,0.3534745333804492,1.474325919655437,0.7239297493796563
OLD,steady,4,1,steady_r4_s1,28,1787603334.9143085,True,14,0.04823109605087248,0.04823109605087248,0.055747986729426935,False,0.0,0.15585154172374394,False,False,2+2,1+3,model_3,1.574146592197335,0.4924087155068855,1.5111974831565766,1.2698866516930774
OLD,steady,4,1,steady_r4_s1,29,1787603339.959109,True,14,0.0453045581205206,0.0453045581205206,0.06246228669680544,False,0.0,0.3787196981513717,False,False,2+2,1+3,model_5,1.5719312899286633,0.3991329555799885,2.016505142649693,1.0995333862757066
OLD,steady,4,1,steady_r4_s1,30,1787603344.9978533,True,14,0.04472120526538181,0.04472120526538181,0.06006154651534283,False,0.0,0.3430216417229661,False,False,2+2,1+3,model_5,1.14693300533485,0.27531327181547494,1.5061402571468512,1.4901332215540994
OLD,steady,4,1,steady_r4_s1,31,1787603350.0181189,True,14,0.04504650101977884,0.04504650101977884,0.055791414680869865,False,0.0,0.23852937337737262,False,False,2+2,1+3,model_6,1.4074863219943368,0.2714400703097226,1.2128651230683065,1.5703854897808696
OLD,steady,4,1,steady_r4_s1,32,1787603355.0458279,True,14,0.05035142145907758,0.05035142145907758,0.05629423270322133,False,0.0,0.11802668270197066,False,False,2+2,1+3,model_3,1.5698716460197122,0.2702975342393892,1.3590666065500296,1.4492679475626251
OLD,steady,4,1,steady_r4_s1,33,1787603360.1286178,True,14,0.031120544095332207,0.031120544095332207,0.03431032664685191,False,0.0,0.10249764726954558,False,False,2+2,2+2,model_3,1.2357530323341284,0.5745265863988385,0.5745265863988386,1.1371030292532933
OLD,steady,4,1,steady_r4_s1,34,1787603365.1453042,True,14,0.04350935671423553,0.04350935671423553,0.05880902430948783,False,0.0,0.35164085959116254,False,False,2+2,2+2,model_6,1.5333363332768888,0.1407660936113313,0.9975995476216986,1.9361897080676338
OLD,steady,4,1,steady_r4_s1,35,1787603370.162341,True,14,0.03095873056446702,0.03095873056446702,0.04251451336357256,False,0.0,0.37326410315960196,False,False,2+2,2+2,model_6,1.1880543420896588,0.12739651275244768,0.6128125961945623,1.5080969747670985
OLD,steady,4,1,steady_r4_s1,36,1787603375.1787922,True,14,0.029306552454035715,0.029306552454035715,0.04207068169984527,False,0.0,0.4355384095699679,False,False,2+2,2+2,model_6,0.7633942564917235,0.2634381142489106,0.9413656101851235,1.1574026553958294
OLD,steady,4,1,steady_r4_s1,37,1787603380.2380443,True,14,0.03026999903982364,0.03026999903982364,0.03969178589685536,False,0.0,0.3112582476344411,False,False,2+2,2+2,model_6,0.8596784488194584,0.48583644589687913,0.9011250304834078,1.0789679292382321
OLD,steady,4,1,steady_r4_s1,38,1787603385.2583058,True,14,0.03895335501975872,0.03895335501975872,0.04288526370585606,False,0.0,0.10093889689611897,False,False,2+2,2+2,model_3,1.4720407865535767,0.3778644016948066,1.3144913025173275,0.8249137864962968
OLD,steady,4,1,steady_r4_s1,39,1787603390.2927706,True,14,0.04163085723077731,0.04163085723077731,0.04657636991905028,False,0.0,0.11879439956900048,False,False,2+2,2+2,model_3,1.6246306034400055,0.47542972973464276,1.4933345679282568,0.8302076986193648
OLD,steady,4,1,steady_r4_s1,40,1787603395.3112738,True,14,0.041016108240577616,0.041016108240577616,0.04280130114401724,False,0.0,0.04352419037341819,True,False,2+2,2+2,model_3,1.536029074778261,0.36092286125765716,1.2526570238587484,0.882559448446893
OLD,steady,4,1,steady_r4_s1,41,1787603400.3406725,True,14,0.0415602999372908,0.04207991520016916,0.0415602999372908,True,0.012502683177512968,0.0,True,False,2+2,1+3,model_3,1.94366942859419,0.5376483835314096,1.5356586106058594,0.5376483835314099
OLD,steady,4,1,steady_r4_s1,42,1787603405.3602257,True,14,0.049121602145615284,0.05671001301531366,0.049121602145615284,True,0.15448215323277548,0.0,True,False,2+2,1+3,model_3,2.1123611710365875,0.300532149845111,1.1864558555944411,1.2640596951932652
OLD,steady,4,1,steady_r4_s1,43,1787603410.3798978,True,14,0.04395767502351566,0.048031879761635775,0.04395767502351566,True,0.09268471856030987,0.0,True,False,2+2,1+3,model_3,1.9364764945338049,0.3489041051159192,0.8575341987099417,1.3353699720920837
OLD,steady,4,1,steady_r4_s1,44,1787603415.3965034,True,14,0.045040945976868266,0.045040945976868266,0.051783621407518465,False,0.0,0.14970101725023813,False,False,2+2,1+3,model_3,1.426060444274233,0.2469524228764286,1.1939678643762894,1.3893470926370635
OLD,steady,4,1,steady_r4_s1,45,1787603420.4350948,True,14,0.03471019497044511,0.03471019497044511,0.03663464772135018,False,0.0,0.055443443995163155,True,False,2+2,1+3,model_3,1.3255539382866093,0.7211950780272742,1.1063872893530504,0.7211950780272744
OLD,steady,4,1,steady_r4_s1,46,1787603425.4557378,True,14,0.041471430119774014,0.041471430119774014,0.049536996107260915,False,0.0,0.19448487703926937,False,False,2+2,1+3,model_5,1.367627411376931,0.4492349141907688,1.3934282079112301,1.07780998461154
OLD,steady,4,1,steady_r4_s1,47,1787603430.473414,True,14,0.04058279566571917,0.04058279566571917,0.040911610430977886,False,0.0,0.008102319218398954,True,False,2+2,2+2,model_3,1.3881029633822988,0.6260827765221825,0.9725950899616741,1.068350913218086
OLD,steady,4,1,steady_r4_s1,48,1787603435.4908073,True,14,0.04302348858954264,0.04302348858954264,0.043666792077746194,False,0.0,0.014952378556301318,True,False,2+2,2+2,model_3,1.5922484902173712,0.3575244212956681,0.9104244798262782,1.267968495270974
OLD,steady,4,1,steady_r4_s1,49,1787603440.513467,True,14,0.030671593796838495,0.030671593796838495,0.03545817897559703,False,0.0,0.15605922569475061,False,False,2+2,2+2,model_3,1.1116924420481846,0.6724717728956453,0.6724717728956454,1.0964204290471267
OLD,steady,4,1,steady_r4_s1,50,1787603445.5807798,True,14,0.0284662650090394,0.0284662650090394,0.03987499416843408,False,0.0,0.40078068393489164,False,False,2+2,2+2,model_5,0.918005974027487,0.2726806962420536,1.2286741266881018,0.7605584925504594
OLD,steady,4,1,steady_r4_s1,51,1787603450.6077144,True,14,0.027353850731953584,0.027353850731953584,0.04151700601398619,False,0.0,0.5177755563858445,False,False,2+2,2+2,model_5,0.7847046695032317,0.29578102295560127,1.2428829120048424,0.8282642903569455
OLD,steady,4,1,steady_r4_s1,52,1787603455.6383948,True,14,0.033796057945630405,0.033796057945630405,0.04662064467676122,False,0.0,0.37946990006238124,False,False,2+2,2+2,model_5,0.9013329432358433,0.272723330046001,1.2342386481133967,1.0915123408198746
OLD,steady,4,1,steady_r4_s1,53,1787603460.6840959,True,14,0.02737341608545837,0.02737341608545837,0.03929235738727582,False,0.0,0.435420309420174,False,False,2+2,2+2,model_5,0.8680218360240161,0.2910114028159768,1.2140659519414483,0.7461008300620655
OLD,steady,4,1,steady_r4_s1,54,1787603465.7068465,True,14,0.03134143114688393,0.03134143114688393,0.03488913435564855,False,0.0,0.11319531619784824,False,False,2+2,2+2,model_3,1.0657533072703733,0.33870683801191537,0.9581539360914717,0.7823504969397297
OLD,steady,4,1,steady_r4_s1,55,1787603470.7288315,True,14,0.042530699610861214,0.046249944549344356,0.042530699610861214,True,0.08744847774696246,0.0,True,False,2+2,2+2,model_3,1.8674071835033337,0.32320291238455623,1.261913147509899,0.8598039022178687
OLD,steady,4,1,steady_r4_s1,56,1787603475.7613578,True,14,0.030478498959293138,0.03076744808839531,0.030478498959293138,True,0.009480425183933498,0.0,True,True,2+2,3+1,model_3,1.3967394892870792,0.342006061876323,1.1029539330009903,0.4175183725034342
OLD,steady,4,1,steady_r4_s1,57,1787603480.783781,True,14,0.03857672809907156,0.0444941275476655,0.03857672809907156,True,0.15339298432456622,0.0,True,True,2+2,3+1,model_3,1.6587227682251604,0.30813857802471356,0.9595129719652327,0.9649534130083727
OLD,steady,4,1,steady_r4_s1,58,1787603485.80815,True,14,0.03498618879252004,0.03731196011275977,0.03498618879252004,True,0.06647684130536045,0.0,True,True,2+2,3+1,model_3,1.4616240358774375,0.3742044739643776,0.7088097688849146,1.0365363915419346
OLD,steady,4,1,steady_r4_s1,59,1787603490.8314028,True,14,0.0399855774679168,0.05074618051285303,0.0399855774679168,True,0.2691121080737227,0.0,True,True,2+2,3+1,model_3,2.1060720959723356,0.3682325090118454,0.8458292599149728,1.1489199972833297
OLD,steady,4,1,steady_r4_s1,60,1787603495.8722138,True,14,0.03527142767002695,0.048794844232611156,0.03527142767002695,True,0.3834099568948316,0.0,True,True,2+2,3+1,model_3,2.016523721772613,0.36126650763881335,0.8675217315500068,0.8607519466390344
OLD,steady,4,1,steady_r4_s1,61,1787603500.9082882,True,14,0.03610468783261471,0.045940120897101706,0.03610468783261471,True,0.2724142945117028,0.0,True,True,2+2,3+1,model_3,1.8402588281148293,0.3440438401253446,0.9324614582246871,0.86868294923751
OLD,steady,4,1,steady_r4_s1,62,1787603505.9524248,True,14,0.03732232046341261,0.04612959849411682,0.03732232046341261,True,0.2359788437950436,0.0,True,True,2+2,2+2,model_3,1.7878223324718936,0.49935369885918807,0.8955328080559993,0.9663552959996353
OLD,steady,4,1,steady_r4_s1,63,1787603510.9811792,True,14,0.040084449523400706,0.052318422270612217,0.040084449523400706,True,0.3052049583484862,0.0,True,True,2+2,2+2,model_3,2.1069566418677352,0.5666063895527329,0.9364018942370373,1.0632797653854253
OLD,steady,4,1,steady_r4_s1,64,1787603516.0069337,True,14,0.049023109781248325,0.06490549992678579,0.049023109781248325,True,0.3239776141580596,0.0,True,True,2+2,2+2,model_3,2.8855201137095117,0.419326873027924,0.8900277462894362,1.2374032240533432
OLD,steady,4,1,steady_r4_s1,65,1787603521.0322392,True,14,0.044154092822795324,0.047060079788347635,0.044154092822795324,True,0.06581466812634965,0.0,True,True,2+2,2+2,model_3,1.7378200120433382,0.40464736847325566,1.1655406565547342,1.0371621537574498
OLD,steady,4,1,steady_r4_s1,66,1787603526.0578744,True,14,0.04647397686421437,0.05342545096715668,0.04647397686421437,True,0.14957777603695993,0.0,True,True,2+2,2+2,model_3,2.231962025839313,0.46769671090216836,1.400068523722782,0.9183656892962873
OLD,steady,4,1,steady_r4_s1,67,1787603531.1099863,True,14,0.039716823665889155,0.04904056357152506,0.039716823665889155,True,0.23475542717288367,0.0,True,True,2+2,2+2,model_3,1.883492470407304,0.5049610221081633,0.9730695315132172,1.008272480350339
OLD,steady,4,1,steady_r4_s1,68,1787603536.1466427,True,14,0.04585463621279429,0.04585463621279429,0.048473341077848044,False,0.0,0.057108835252804455,True,True,2+2,2+2,model_3,1.5147519886142897,0.3207402916675742,1.1526086174905001,1.265567315732927
OLD,steady,4,1,steady_r4_s1,69,1787603541.1786804,True,14,0.044370351973478106,0.044370351973478106,0.04508079208403086,False,0.0,0.016011595106962685,True,True,2+2,2+2,model_3,1.5277478482378934,0.18394845588509137,1.1603031118688283,1.0886296838544456
OLD,steady,4,1,steady_r4_s1,70,1787603546.2297113,True,14,0.03501464117847542,0.03501464117847542,0.05343706292696,False,0.0,0.5261348147074376,False,True,2+2,2+2,model_5,1.0060816214019825,0.2328641869506578,1.607180116443117,1.0586196126201886
OLD,steady,4,1,steady_r4_s1,71,1787603551.254492,True,14,0.033218568589443796,0.033218568589443796,0.0524212027324318,False,0.0,0.5780692834877366,False,False,2+2,1+3,model_5,1.091746945664806,0.18494028607183732,1.7528311749846428,0.8622906222649139
OLD,steady,4,1,steady_r4_s1,72,1787603556.282717,True,14,0.039769097181431054,0.039769097181431054,0.048822052846562124,False,0.0,0.22763794772183227,False,False,2+2,1+3,model_5,1.2976950193443963,0.24589746438847082,1.388210763098898,1.0473612560551837
OLD,steady,4,1,steady_r4_s1,73,1787603561.3267968,True,14,0.04287025510521151,0.04287025510521151,0.05743067297107786,False,0.0,0.3396391700989976,False,False,2+2,1+3,model_5,1.433523653881428,0.30579933093412803,1.7706298592443777,1.0943979708870106
OLD,steady,4,1,steady_r4_s1,74,1787603566.3547447,True,14,0.04003994957097526,0.04003994957097526,0.05536336555318904,False,0.0,0.3827031788601863,False,False,2+2,1+3,model_5,1.3307788228953557,0.3689611574914837,1.7316478960637944,1.0302487503415856
OLD,steady,4,1,steady_r4_s1,75,1787603571.4120412,True,14,0.04385130654013957,0.04385130654013957,0.0673771664257858,False,0.0,0.5364916519445476,False,False,2+2,1+3,model_5,1.3525427249065687,0.3395946402723726,2.1279973911059185,1.2332283605492003
OLD,steady,4,1,steady_r4_s1,76,1787603576.436427,True,14,0.047447640583877175,0.047447640583877175,0.05723599648938623,False,0.0,0.20629805370838952,False,False,2+2,1+3,model_5,1.7296704503169174,0.37576999287713475,1.7871511250514238,1.0681649341905746
OLD,steady,4,1,steady_r4_s1,77,1787603581.4630136,True,14,0.05115281482928006,0.0627438461510811,0.05115281482928006,True,0.22659615820723691,0.0,True,False,2+2,2+2,model_3,2.43859859637586,0.47807911880863796,1.290641051887934,1.2612050347711898
OLD,steady,4,1,steady_r4_s1,78,1787603586.4929228,True,14,0.04730310573938688,0.05492829562653879,0.04730310573938688,True,0.16119850415662662,0.0,True,False,2+2,2+2,model_3,2.1700769290854054,0.31535177260365743,1.0250977362372602,1.3346989957850444
OLD,steady,4,1,steady_r4_s1,79,1787603591.5729952,True,14,0.03529561149198654,0.046001930260485734,0.03529561149198654,True,0.30333285969361773,0.0,True,False,2+2,2+2,model_3,2.0301847893826164,0.3492357697138824,1.0412714691471348,0.6824016881453616
OLD,steady,4,1,steady_r4_s1,80,1787603596.9533658,True,14,0.04332055078641914,0.05567546479290331,0.04332055078641914,True,0.28519752824466404,0.0,True,False,2+2,2+2,model_3,2.4710312608770386,0.293329431843922,1.349147570689878,0.8119725624873051
OLD,steady,4,1,steady_r4_s1,81,1787603601.995946,True,14,0.04520695302048428,0.06009202530837852,0.04520695302048428,True,0.329265108425898,0.0,True,False,2+2,2+2,model_3,2.5819169798979797,0.26894287419886087,1.2937092806088268,0.9615172702685355
OLD,steady,4,1,steady_r4_s1,82,1787603607.0243137,True,14,0.04904175314665449,0.06823738157068653,0.04904175314665449,True,0.39141399302405483,0.0,True,False,2+2,2+2,model_3,2.9516100952181827,0.35449371651995465,1.1675393720034093,1.0721297231423579
OLD,steady,4,1,steady_r4_s1,83,1787603612.072402,True,14,0.04841556092789662,0.05959315180616839,0.04841556092789662,True,0.2308677347540829,0.0,True,True,3+1,3+1,model_3,2.9389467374655913,0.3249429129001895,1.2870724295710918,0.5750705402297798
OLD,steady,4,1,steady_r4_s1,84,1787603617.1257021,True,14,0.0448388777089977,0.0457690245817198,0.0448388777089977,True,0.020744205034718174,0.0,True,True,2+2,3+1,model_3,1.7401705904740021,0.2966579604600574,1.278182296131261,0.9586821852031515
OLD,steady,4,1,steady_r4_s1,85,1787603622.161382,False,14,0.033964554917820085,0.033964554917820085,0.03971573728488499,False,0.0,0.16932894839871582,False,True,2+2,3+1,model_5,1.3266840747893427,0.6447816183366337,1.3365061975433123,0.6447816183366337
OLD,steady,4,1,steady_r4_s1,86,1787603627.1914315,True,14,0.028801861668717024,0.028801861668717024,0.038128514220666605,False,0.0,0.3238211702849636,False,True,2+2,3+1,model_5,0.8317564135448707,0.17818434046691262,1.0355093521855558,0.8665971130962146
OLD,steady,4,1,steady_r4_s1,87,1787603632.2218156,True,14,0.021915722946514234,0.021915722946514234,0.02199919593822881,False,0.0,0.0038088176200389862,True,True,2+2,3+1,model_3,0.7806679269370502,0.12176801619143943,0.4941679646958276,0.6032997358007355
OLD,steady,4,2,steady_r4_s2,1,1787604380.0234933,True,14,0.0002721820532795685,0.0002721820532795685,0.00028342811859731774,False,0.0,0.04131817356156823,False,False,2+2,2+2,model_3,0.012652833143987343,0.006454207757389646,0.0031799756310622444,0.009164632859362911
OLD,steady,4,2,steady_r4_s2,2,1787604385.0399597,True,14,0.013731461657823484,0.019236528844932068,0.013731461657823484,True,0.40090904554010676,0.0,True,False,2+2,2+2,model_3,0.8772896512646395,0.00033857907232248685,0.42799072803570065,0.2570268377145482
OLD,steady,4,2,steady_r4_s2,3,1787604390.0434809,True,14,0.010430590233474129,0.010430590233474129,0.01219679110888622,False,0.0,0.1693289483987159,False,True,2+2,3+1,model_5,0.43426921961548665,0.14640399853516275,0.46205388916634466,0.14640399853516284
OLD,steady,4,2,steady_r4_s2,4,1787604395.0719416,True,14,0.021187562296842273,0.028395102150466086,0.021187562296842273,True,0.34017787193470583,0.0,True,True,2+2,3+1,model_3,1.2988429179975967,0.0055074219500711764,0.6814526585468618,0.3755253027538127
OLD,steady,4,2,steady_r4_s2,5,1787604400.0900297,True,14,0.025919779015367832,0.03183295127365343,0.025919779015367832,True,0.2281335907524397,0.0,True,True,2+2,3+1,model_3,1.4740059494970363,0.06669889530151223,0.8899715036135488,0.40308122218825815
OLD,steady,4,2,steady_r4_s2,6,1787604405.1229782,False,14,0.024634938410755557,0.024634938410755557,0.02880634662571592,False,0.0,0.16932894839871557,False,True,2+2,3+1,model_3,1.1719021430044219,0.2700633441592643,1.1669907681728375,0.27006334415926425
OLD,steady,4,2,steady_r4_s2,7,1787604410.131561,False,14,0.02434953332429382,0.02434953332429382,0.02847261419609598,False,0.0,0.16932894839871582,False,True,2+2,3+1,model_5,0.8146786322969023,0.274802430321846,1.1456028661560516,0.2748024303218459
OLD,steady,4,2,steady_r4_s2,8,1787604415.1392477,False,14,0.03249891575706839,0.03249891575706839,0.038001922986311235,False,0.0,0.16932894839871576,False,True,2+2,3+1,model_5,1.2308157462422282,0.3898429467962293,1.5059482971810396,0.389842946796229
OLD,steady,4,2,steady_r4_s2,9,1787604420.143271,True,14,0.033860295650714516,0.033860295650714516,0.04300925633338482,False,0.0,0.27019730651634893,False,False,2+2,2+2,model_5,1.3983846449022923,0.2309124205776954,1.5473421434893886,0.5982485308608364
OLD,steady,4,2,steady_r4_s2,10,1787604425.151903,True,14,0.04162571428299826,0.04162571428299826,0.0581166842522948,False,0.0,0.39617266041803795,False,False,2+2,2+2,model_5,1.4348549208045434,0.29865687592046064,1.8795705638789837,1.019680118097801
OLD,steady,4,2,steady_r4_s2,11,1787604430.1774967,True,14,0.0423142943245185,0.0423142943245185,0.056445218819435275,False,0.0,0.33395155751726163,False,False,2+2,2+2,model_5,1.6686841051724037,0.2635905341375646,1.9894124628569312,0.8264542931704435
OLD,steady,4,2,steady_r4_s2,12,1787604435.2028635,True,14,0.03991603621125909,0.03991603621125909,0.040121298813357534,False,0.0,0.005142359351817276,True,False,2+2,2+2,model_3,1.7360114500126615,0.23688200965748013,1.3838106004748785,0.6177093493117978
OLD,steady,4,2,steady_r4_s2,13,1787604440.2118602,True,14,0.0356005511436817,0.0356005511436817,0.047218242382308546,False,0.0,0.3263345893646011,False,False,2+2,2+2,model_5,1.2752369044989997,0.2874888607226596,1.789233133434257,0.5663300441612995
OLD,steady,4,2,steady_r4_s2,14,1787604445.2229555,True,14,0.03903536352761582,0.03903536352761582,0.06090013465680507,False,0.0,0.5601272577805219,False,False,1+3,2+2,model_5,1.1554822683872872,0.36429763626060724,2.4839053838712966,0.5542025055898657
OLD,steady,4,2,steady_r4_s2,15,1787604450.2285502,True,14,0.046896942657562786,0.046896942657562786,0.07031108721734446,False,0.0,0.49926803823331567,False,False,1+3,1+3,model_5,1.637129857800023,0.2265005431215733,2.8795449684835726,0.6280444645348108
OLD,steady,4,2,steady_r4_s2,16,1787604455.2401104,True,14,0.053154871143282205,0.053154871143282205,0.07959288951266158,False,0.0,0.4973771509691761,False,False,1+3,1+3,model_5,1.3876875226456387,0.32302695635384937,3.410943928540111,0.5596841650778617
OLD,steady,4,2,steady_r4_s2,17,1787604460.305145,True,14,0.041262632289001996,0.041262632289001996,0.06280893479988939,False,0.0,0.522174696950448,False,False,1+3,1+3,model_5,0.9731744840063986,0.22589534544945644,2.6478198903421104,0.48551177500705933
OLD,steady,4,2,steady_r4_s2,18,1787604465.315875,True,14,0.04857916084744192,0.04857916084744192,0.07405155700058248,False,0.0,0.5243482124595384,False,False,1+3,1+3,model_5,0.9335221089334486,0.2238102975438332,3.1173209563334066,0.576868240754245
OLD,steady,4,2,steady_r4_s2,19,1787604470.326951,True,14,0.0425697810337,0.0425697810337,0.06435002694177182,False,0.0,0.5116363152262792,False,False,1+3,1+3,model_5,0.8231893400820063,0.13785734440561348,2.731699523168386,0.47851217243070765
OLD,steady,4,2,steady_r4_s2,20,1787604475.3385613,True,14,0.051151214768081966,0.051151214768081966,0.07436850943521625,False,0.0,0.4538952744798102,False,False,1+3,1+3,model_5,1.1158844856148766,0.2066794100350075,3.282369455479166,0.42763145857218865
OLD,steady,4,2,steady_r4_s2,21,1787604480.3502572,True,14,0.03268858861921655,0.03268858861921655,0.04556196395228567,False,0.0,0.3938186344791064,False,False,2+2,1+3,model_5,1.2228928920435815,0.20031603398489528,1.7065395837692856,0.5663972976160283
OLD,steady,4,2,steady_r4_s2,22,1787604485.3603296,True,14,0.04265176685911781,0.04265176685911781,0.0627783267179253,False,0.0,0.4718810342672818,False,False,2+2,2+2,model_5,1.2772094798831617,0.1871611535266562,2.3008863479992647,0.8309183805734852
OLD,steady,4,2,steady_r4_s2,23,1787604490.3735487,True,14,0.03667427997632725,0.03667427997632725,0.060396999168244245,False,0.0,0.6468489417441783,False,False,1+3,2+2,model_5,1.0932712000298583,0.12447143348621881,2.3533856809027967,0.659622429947388
OLD,steady,4,2,steady_r4_s2,24,1787604495.3871248,True,14,0.045524491551523834,0.045524491551523834,0.0653339124527383,False,0.0,0.43513766383957314,False,False,2+2,2+2,model_5,1.9369354361490108,0.11668823969256736,2.5117965053595293,0.7474980100073491
OLD,steady,4,2,steady_r4_s2,25,1787604500.3987858,True,14,0.05346857279510127,0.05346857279510127,0.0564194431180788,False,0.0,0.05518887392572951,True,False,2+2,2+2,model_3,2.3486807897112163,0.17303760048633587,2.010391209369549,0.8041896814936714
OLD,steady,4,2,steady_r4_s2,26,1787604505.410019,True,14,0.052195635223049375,0.052195635223049375,0.06484885567173178,False,0.0,0.24241912938909485,False,False,2+2,2+2,model_5,2.0118078680756133,0.18973324158092286,2.169095072271492,1.0660015518835342
OLD,steady,4,2,steady_r4_s2,27,1787604510.424591,True,14,0.045420585564827934,0.045420585564827934,0.06187854333124505,False,0.0,0.36234578576550913,False,False,2+2,2+2,model_5,1.9903193130233416,0.11824909155160823,2.398930357904086,0.6879871299214241
OLD,steady,4,2,steady_r4_s2,28,1787604515.437881,True,14,0.048821550721638844,0.05086223733846716,0.048821550721638844,True,0.04179888976619167,0.0,True,False,2+2,2+2,model_3,2.297903124641923,0.1655139497221435,1.7342668766857454,0.7012800931035108
OLD,steady,4,2,steady_r4_s2,29,1787604520.447851,True,14,0.04683399228882879,0.054303269292432406,0.04683399228882879,True,0.15948409773696026,0.0,True,True,2+2,3+1,model_3,2.5985295160404114,0.09986512405826596,1.7328338672775956,0.6035603339748751
OLD,steady,4,2,steady_r4_s2,30,1787604525.459311,False,14,0.02874622774151755,0.02874622774151755,0.03361379625541871,False,0.0,0.16932894839871576,False,True,2+2,3+1,model_5,1.162375106482763,0.23343082283104177,1.4434511770828347,0.23343082283104155
OLD,steady,4,2,steady_r4_s2,31,1787604530.4728103,False,14,0.03242964446872156,0.03242964446872156,0.040348217087478246,False,0.0,0.24417697907216213,False,True,2+2,3+1,model_5,1.195630777685058,0.263692051081917,1.7491481068250545,0.26369205108191673
OLD,steady,4,2,steady_r4_s2,32,1787604535.4876597,True,14,0.031981869885508975,0.031981869885508975,0.04773813250261534,False,0.0,0.49266233255002856,False,True,1+3,3+1,model_5,1.2109091628913875,0.11478244845519558,2.0079661697182636,0.37353262008994154
OLD,steady,4,2,steady_r4_s2,33,1787604540.504764,False,14,0.03776634322886815,0.03776634322886815,0.044161278412677356,False,0.0,0.1693289483987159,False,True,2+2,3+1,model_5,1.5936709055085563,0.34066379549220394,1.8623974803214778,0.3406637954922038
OLD,steady,4,2,steady_r4_s2,34,1787604545.5177422,False,14,0.03615215973164368,0.03615215973164368,0.042273766921345296,False,0.0,0.1693289483987156,False,True,2+2,3+1,model_5,1.3659776814506077,0.4313171413689944,1.677582379539212,0.43131714136899413
OLD,steady,4,2,steady_r4_s2,35,1787604550.541506,True,14,0.04099518130697743,0.04099518130697743,0.06303958958953991,False,0.0,0.5377316938176463,False,False,2+2,2+2,model_5,1.3403504939067699,0.20136593190359042,2.0678342408932404,1.077004035075565
OLD,steady,4,2,steady_r4_s2,36,1787604555.5628028,True,14,0.05872333128883474,0.05872333128883474,0.0611634220890114,False,0.0,0.04155232250321266,True,False,2+2,2+2,model_3,2.249608787404835,0.18640394197940968,1.838124475014834,1.213117960527215
OLD,steady,4,2,steady_r4_s2,37,1787604560.5801895,True,14,0.04729961829672291,0.04729961829672291,0.06264860827931729,False,0.0,0.3245055781699153,False,False,2+2,2+2,model_5,1.7868157378637288,0.23711954342215968,2.1230422548050587,1.0022912465041642
OLD,steady,4,2,steady_r4_s2,38,1787604565.5977683,True,14,0.047612714037735454,0.047612714037735454,0.06441568712057956,False,0.0,0.35290937352420004,False,False,2+2,2+2,model_5,1.8863552929393246,0.24745603257438298,2.292273322081067,0.921213944391283
OLD,steady,4,2,steady_r4_s2,39,1787604570.6207087,True,14,0.04363815013005605,0.04363815013005605,0.0574572626997369,False,0.0,0.3166750315605806,False,False,2+2,2+2,model_5,1.8326871748754683,0.23685605747092486,2.125839544602339,0.7405147598443017
OLD,steady,4,2,steady_r4_s2,40,1787604575.645495,True,14,0.04856402676626005,0.04856402676626005,0.07684371712414825,False,0.0,0.5823176585829487,False,False,1+3,2+2,model_5,1.650523961404628,0.1318789770862423,3.116349803526316,0.7171311003506263
OLD,steady,4,2,steady_r4_s2,41,1787604580.6684647,True,14,0.04152258966409753,0.04152258966409753,0.06526503381008013,False,0.0,0.5717958426497536,False,False,1+3,1+3,model_5,1.2319313904874356,0.17478365987914135,2.664501334792821,0.591357051099887
OLD,steady,4,2,steady_r4_s2,42,1787604585.6852996,True,14,0.043984450659135144,0.043984450659135144,0.07112870391683994,False,0.0,0.6171329379117116,False,False,1+3,1+3,model_5,1.4012081124061153,0.1812690075650777,2.793923104665475,0.7544545426859423
OLD,steady,4,2,steady_r4_s2,43,1787604590.7032597,True,14,0.04107301117466771,0.04107301117466771,0.060778407755679505,False,0.0,0.47976508216581265,False,False,2+2,1+3,model_5,1.4621682680012396,0.22876723230459184,2.0722596948004055,0.9597756389799964
OLD,steady,4,2,steady_r4_s2,44,1787604595.7313788,True,14,0.03856782911089485,0.03856782911089485,0.047684317304289306,False,0.0,0.236375456009765,False,False,2+2,1+3,model_5,1.4199546055268277,0.2138988598180619,1.5245473865798183,0.8542667395650204
OLD,steady,4,2,steady_r4_s2,45,1787604600.7600353,True,14,0.03829008064863593,0.03829008064863593,0.05596872707344996,False,0.0,0.461703034450094,False,False,2+2,1+3,model_5,1.372504642149435,0.21293157031809096,2.020681395956927,0.7714147503517815
OLD,steady,4,2,steady_r4_s2,46,1787604605.77612,True,14,0.04194493756742161,0.04194493756742161,0.06227074780158047,False,0.0,0.4845831562268386,False,False,2+2,1+3,model_5,1.4612558764804975,0.29187274598026747,2.0943805449374167,1.012102736992209
OLD,steady,4,2,steady_r4_s2,47,1787604610.792495,True,14,0.04683577103152913,0.04683577103152913,0.061653301861607675,False,0.0,0.3163720913253164,False,False,2+2,2+2,model_5,1.5896986430573505,0.3251648618266042,1.903624176136037,1.1720567538428366
OLD,steady,4,2,steady_r4_s2,48,1787604615.8071637,True,14,0.05564222279792159,0.05564222279792159,0.05859770756798308,False,0.0,0.053115864561972384,True,False,2+2,2+2,model_3,2.18645971331059,0.48833934562862136,1.8286634207507715,1.0945839360879468
OLD,steady,4,2,steady_r4_s2,49,1787604620.826173,True,14,0.05388705971525576,0.05546577314355488,0.05388705971525576,True,0.02929670753314784,0.0,True,False,2+2,2+2,model_3,2.3379002442926327,0.299725843886097,1.7555098581012207,0.9327387341781982
OLD,steady,4,2,steady_r4_s2,50,1787604625.845504,True,14,0.03866817727456506,0.03866817727456506,0.05310668500904475,False,0.0,0.3733950951956809,False,False,2+2,2+2,model_5,1.5689557290152951,0.2899265084407636,1.9381354329305827,0.7111828258604741
OLD,steady,4,2,steady_r4_s2,51,1787604630.8651533,True,14,0.04497548966808357,0.04497548966808357,0.06944881636530251,False,0.0,0.5441480877213485,False,False,2+2,2+2,model_5,1.464742129871811,0.26673192913584964,2.356867582420111,1.1077059871161326
OLD,steady,4,2,steady_r4_s2,52,1787604635.885341,True,14,0.03856719491166307,0.03856719491166307,0.06524800679663104,False,0.0,0.6918006856884332,False,False,1+3,2+2,model_5,1.1216679898722526,0.1459138827559303,2.4734826273500174,0.7815263367116035
OLD,steady,4,2,steady_r4_s2,53,1787604640.910503,True,14,0.03572519182408536,0.03572519182408536,0.05619158147791145,False,0.0,0.5728839681142867,False,False,1+3,1+3,model_5,1.1269874298866853,0.23794000722344444,2.2700309154660285,0.5331827058402492
OLD,steady,4,2,steady_r4_s2,54,1787604645.9289594,True,14,0.038997652463411324,0.038997652463411324,0.05156212970978066,False,0.0,0.32218547662984787,False,False,1+3,1+3,model_5,1.4477810057704443,0.17888836645975614,2.0960000830025605,0.47626537998028634
OLD,steady,4,2,steady_r4_s2,55,1787604650.949904,True,14,0.03423580280363113,0.03423580280363113,0.04408269336190065,False,0.0,0.2876196774104895,False,False,2+2,1+3,model_5,1.4079922395925186,0.16999425984396777,1.8271165259686317,0.372024399518998
OLD,steady,4,2,steady_r4_s2,56,1787604655.970669,True,14,0.035197523760128094,0.035197523760128094,0.03755473067254968,False,0.0,0.06697081671102777,False,False,2+2,1+3,model_3,1.6389280527667505,0.1423855833118755,1.4369251054937748,0.4365571812997092
OLD,steady,4,2,steady_r4_s2,57,1787604660.989379,True,14,0.03422048412073394,0.03571123973213237,0.03422048412073394,True,0.0435632531129269,0.0,True,False,2+2,1+3,model_3,1.7046076596999553,0.4011697597391236,1.3059779070807713,0.4011697597391237
OLD,steady,4,2,steady_r4_s2,58,1787604666.0271926,True,14,0.03542402472758617,0.03542402472758617,0.04647273853971414,False,0.0,0.31189888492607887,False,False,2+2,1+3,model_5,1.4311498419480309,0.2240970224923856,1.8423274824662395,0.4760449546067657
OLD,steady,4,2,steady_r4_s2,59,1787604671.1023352,True,14,0.04237752321177795,0.04237752321177795,0.05681781808224941,False,0.0,0.34075363013329857,False,False,2+2,2+2,model_5,1.9539648033821666,0.1514513175919074,2.3205984592951476,0.513856051362693
OLD,steady,4,2,steady_r4_s2,60,1787604676.145602,True,14,0.03684469689383346,0.03684469689383346,0.05086015822561366,False,0.0,0.3803929062617939,False,False,2+2,2+2,model_5,1.3902715348754084,0.23165540472915236,1.9176425681773397,0.6196038408043479
OLD,steady,4,2,steady_r4_s2,61,1787604681.1723115,True,14,0.03742751904057492,0.03742751904057492,0.049998400474202676,False,0.0,0.33587268822172667,False,False,2+2,2+2,model_5,1.3830944173930915,0.4103562117726159,1.7729400991352964,0.7213160432711191
OLD,steady,4,2,steady_r4_s2,62,1787604686.1969435,True,14,0.030924777397243548,0.030924777397243548,0.038570963775905416,False,0.0,0.2472511371850135,False,False,2+2,2+2,model_5,1.342177477035652,0.2480376802711309,1.4428212316528322,0.48135759015219926
OLD,steady,4,2,steady_r4_s2,63,1787604691.215972,True,14,0.03434499328864299,0.03434499328864299,0.04855808545415275,False,0.0,0.41383301624372915,False,False,1+3,2+2,model_5,1.1851550459678462,0.13521255608911598,1.9179921454925373,0.504411406597247
OLD,steady,4,2,steady_r4_s2,64,1787604696.2467377,True,14,0.04086065968076524,0.04086065968076524,0.04953673907410399,False,0.0,0.21233331671889102,False,False,2+2,2+2,model_5,1.7222479892316567,0.04417756787933247,1.784051139639431,0.6871742303425299
OLD,steady,4,2,steady_r4_s2,65,1787604701.2762654,True,14,0.04568487444466078,0.04568487444466078,0.050118441312316436,False,0.0,0.09704671232108003,False,False,2+2,2+2,model_3,1.6843959577412106,0.16301482524161204,1.4907498320389307,1.00949475389698
OLD,steady,4,2,steady_r4_s2,66,1787604706.3099024,True,14,0.03963236091245519,0.04038188915559659,0.03963236091245519,True,0.018912026078815865,0.0,True,False,2+2,2+2,model_3,1.5381172483376537,0.24135547228205012,1.1340550353089696,0.8430734069291759
OLD,steady,4,2,steady_r4_s2,67,1787604711.3323276,True,14,0.035601084310023096,0.035601084310023096,0.04655269753286575,False,0.0,0.3076202153696579,False,False,2+2,1+3,model_5,1.1672271312916715,0.37101994447573616,1.390306553128683,0.9320547757472096
OLD,steady,4,2,steady_r4_s2,68,1787604716.356209,True,14,0.03973428466621293,0.03973428466621293,0.05642300006658121,False,0.0,0.42000794881703557,False,False,2+2,1+3,model_5,1.4570272582853425,0.3526601927969296,1.9651989480737375,0.8495593872790306
OLD,steady,4,2,steady_r4_s2,69,1787604721.3830485,True,14,0.04479088558077247,0.04479088558077247,0.06349613293270451,False,0.0,0.4176128046899279,False,False,1+3,1+3,model_5,1.2931843409481387,0.4086017241782396,2.4896215473790844,0.6779921779473586
OLD,steady,4,2,steady_r4_s2,70,1787604726.4128685,True,14,0.031784234196862785,0.031784234196862785,0.041602074355639417,False,0.0,0.3088902535127207,False,False,2+2,1+3,model_5,1.1389067683265741,0.31943347611665607,1.3400832694091087,0.7353077133872623
OLD,steady,4,2,steady_r4_s2,71,1787604731.4445212,True,14,0.04476619632875461,0.04476619632875461,0.0643568122762172,False,0.0,0.43762073962220865,False,False,1+3,1+3,model_5,1.4432639093235018,0.2660405891002259,2.54138821019722,0.6691619834729748
OLD,steady,4,2,steady_r4_s2,72,1787604736.4737384,True,14,0.03848781938375475,0.03848781938375475,0.053886458885908976,False,0.0,0.4000912431181749,False,False,2+2,1+3,model_5,1.5175978627379199,0.28060926055124613,1.9645385940085254,0.723680024866254
OLD,steady,4,2,steady_r4_s2,73,1787604741.4983914,True,14,0.04160467700990291,0.04160467700990291,0.042124919080083284,False,0.0,0.012504413147025332,True,False,2+2,2+2,model_3,1.9019638963974428,0.18197474399144936,1.5501433486191387,0.5513306418954846
OLD,steady,4,2,steady_r4_s2,74,1787604746.525186,True,14,0.03376208433107392,0.03376208433107392,0.04399736413525263,False,0.0,0.3031590023829888,False,False,2+2,2+2,model_5,1.3811144402234923,0.24579220774464955,1.585156601753121,0.6097275286035643
OLD,steady,4,2,steady_r4_s2,75,1787604751.5504594,True,14,0.0404342039219414,0.0404342039219414,0.05492530495214466,False,0.0,0.35838719758594645,False,False,2+2,2+2,model_5,1.8045236431339688,0.1559120148471283,2.160291394072145,0.5797518463334778
OLD,steady,4,2,steady_r4_s2,76,1787604756.5785484,True,14,0.037975001560835206,0.041594837179205396,0.037975001560835206,True,0.09532153968634563,0.0,True,False,2+2,2+2,model_3,2.0113779873304556,0.27638272414279835,1.45311189473175,0.4413363276644468
OLD,steady,4,2,steady_r4_s2,77,1787604761.6041563,True,14,0.04119905488798859,0.04119905488798859,0.05271269925856931,False,0.0,0.2794637984265379,False,False,2+2,2+2,model_5,1.6009026708230765,0.23984455800908835,2.1634604660916055,0.466203136373975
OLD,steady,4,2,steady_r4_s2,78,1787604766.6304524,True,14,0.03937515393479491,0.03937515393479491,0.056566387315710856,False,0.0,0.4366010456590101,False,False,1+3,2+2,model_5,1.394069957320335,0.1589139133693708,2.526700551811888,0.29521090291054664
OLD,steady,4,2,steady_r4_s2,79,1787604771.657453,True,14,0.03889300741402763,0.03889300741402763,0.05725251305222617,False,0.0,0.47205158096302874,False,False,1+3,1+3,model_5,1.367586121310956,0.282258459429475,2.4395656895220075,0.41657432684510365
OLD,steady,4,2,steady_r4_s2,80,1787604776.6822317,True,14,0.044103011392224944,0.044103011392224944,0.06073532217887125,False,0.0,0.3771241523334724,False,False,1+3,1+3,model_5,1.467203082793953,0.2329535881794227,2.3868117104070365,0.6430742253209508
OLD,steady,4,2,steady_r4_s2,81,1787604781.7112026,True,14,0.041444843538848274,0.041444843538848274,0.05616293138815921,False,0.0,0.3551247053331244,False,False,1+3,1+3,model_5,1.3781374924873406,0.2302074663957666,2.1874353890237286,0.6143489733129172
OLD,steady,4,2,steady_r4_s2,82,1787604786.7563372,True,14,0.03882375715930052,0.03882375715930052,0.05800913822526312,False,0.0,0.49416600735579774,False,False,1+3,1+3,model_5,1.1074489909219385,0.170522951034062,2.109117923489631,0.7847676400839446
OLD,steady,4,2,steady_r4_s2,83,1787604791.7826083,True,14,0.0355285821466621,0.0355285821466621,0.047082102659879645,False,0.0,0.325189461980908,False,False,2+2,1+3,model_5,1.3601971368039636,0.26553167018006796,1.6139620636570307,0.734809549895012
OLD,steady,4,2,steady_r4_s2,84,1787604796.8128266,True,14,0.035351270954274934,0.035351270954274934,0.049830025912081945,False,0.0,0.40956815885161646,False,False,2+2,1+3,model_5,1.204400541958379,0.27966256233148235,1.605705816305806,0.8801506716754384
OLD,steady,4,2,steady_r4_s2,85,1787604801.848935,True,14,0.030664018312583172,0.030664018312583172,0.03411828173791651,False,0.0,0.11264875301473003,False,False,2+2,2+2,model_3,1.135351826928258,0.21268708469931802,1.029242013011588,0.6728071122811142
OLD,steady,6,1,steady_r6_s1,1,1787605546.923636,True,14,0.0008962745960397874,0.0011072765588396457,0.0008962745960397874,True,0.23542111282878708,0.0,True,False,3+1,2+2,model_3,0.05411346593607262,0.006308045698515856,0.022258777044151384,0.011179085993473751
OLD,steady,6,1,steady_r6_s1,2,1787605551.9357774,False,14,0.006781486788808202,0.006781486788808202,0.00792978881533688,False,0.0,0.16932894839871596,False,True,2+2,3+1,model_5,0.23777074803882028,0.11595493891952662,0.27963620545807993,0.1159549389195266
OLD,steady,6,1,steady_r6_s1,3,1787605556.9664679,False,14,0.027496809314379773,0.027496809314379773,0.03215281511990371,False,0.0,0.1693289483987158,False,True,2+2,3+1,model_5,1.0888105514379705,0.407390586664955,1.196607858242429,0.407390586664955
OLD,steady,6,1,steady_r6_s1,4,1787605561.9755101,True,14,0.028303760942917536,0.028303760942917536,0.04634779964400935,False,0.0,0.637513817951002,False,True,2+2,3+1,model_5,0.6732453218597534,0.21632509026785762,1.4347460583300293,0.8773935871920151
OLD,steady,6,1,steady_r6_s1,5,1787605567.004667,False,14,0.04228089351716653,0.04228089351716653,0.04944027275378642,False,0.0,0.16932894839871585,False,True,2+2,3+1,model_5,1.1032798565891988,0.7079169071952958,1.7584960745961353,0.7079169071952958
OLD,steady,6,1,steady_r6_s1,6,1787605572.011181,True,14,0.050670940226933754,0.050670940226933754,0.05750288966515719,False,0.0,0.1348297349057668,False,True,2+2,3+1,model_3,2.078546334553911,0.9093567052729579,1.95927377876502,0.9093567052729582
OLD,steady,6,1,steady_r6_s1,7,1787605577.0206718,True,14,0.07139897238032683,0.07453036789697225,0.07139897238032683,True,0.04385771128420661,0.0,True,True,2+2,3+1,model_3,2.8956134442195687,0.46341702923548916,2.0626568335961677,1.4992036205802148
OLD,steady,6,1,steady_r6_s1,8,1787605582.0257142,True,14,0.06386136876167348,0.06386136876167348,0.07001921506895459,False,0.0,0.0964252164757351,True,True,2+2,2+2,model_3,2.2696167056918193,0.5162318824612322,1.996945235003449,1.4960836542372506
OLD,steady,6,1,steady_r6_s1,9,1787605587.05786,True,14,0.07076584964631018,0.07076584964631018,0.07538015513374483,False,0.0,0.06520525805168854,True,True,2+2,2+2,model_3,2.6223136297456846,0.5326000616221442,2.209946746453418,1.550521852035078
OLD,steady,6,1,steady_r6_s1,10,1787605592.0837562,True,14,0.08282217608170848,0.08282217608170848,0.08508573562323658,False,0.0,0.027330355813097406,True,True,2+2,2+2,model_3,3.2968255258332477,0.3886628141496619,2.65771525475092,1.5869329079223393
OLD,steady,6,1,steady_r6_s1,11,1787605597.1075015,True,14,0.07715798773420281,0.08125526080844181,0.07715798773420281,True,0.05310238375258654,0.0,True,True,2+2,2+2,model_3,3.0157885791649677,0.4129859149931354,2.073584953460556,1.775573879951569
OLD,steady,6,1,steady_r6_s1,12,1787605602.116103,True,14,0.0679471978796518,0.0679471978796518,0.08612001471577586,False,0.0,0.26745498568332127,False,True,2+2,2+2,model_5,2.482725397556731,0.46592663115153554,2.7723417348336445,1.523903218038127
OLD,steady,6,1,steady_r6_s1,13,1787605607.1518788,True,14,0.07013849607755072,0.07013849607755072,0.07647371584288001,False,0.0,0.09032443122710479,True,True,2+2,2+2,model_3,2.5895745647970876,0.7211202616505709,2.2687548674953444,1.5462678865258304
OLD,steady,6,1,steady_r6_s1,14,1787605612.1635993,True,14,0.07133820313125554,0.07133820313125554,0.07696694042951409,False,0.0,0.07890214571149498,True,True,2+2,2+2,model_3,2.7690855239857233,0.5040935230347057,2.4021283007726626,1.4374998094825107
OLD,steady,6,1,steady_r6_s1,15,1787605617.17258,True,14,0.06293206819968512,0.06293206819968512,0.07229563833877525,False,0.0,0.1487885335244231,False,True,2+2,2+2,model_3,2.1375312923469747,0.5630693462829726,2.0332209865506936,1.573371190107505
OLD,steady,6,1,steady_r6_s1,16,1787605622.3594055,True,14,0.06029345274848918,0.06029345274848918,0.07132594460908409,False,0.0,0.1829799316124148,False,False,2+2,1+3,model_5,2.284415429780979,0.43341020469665237,2.287320986959864,1.270896351331593
OLD,steady,6,1,steady_r6_s1,17,1787605627.3857203,True,14,0.05764552498145376,0.05764552498145376,0.08293147678911127,False,0.0,0.43864552913331484,False,False,2+2,1+3,model_5,1.7161747636025757,0.6505394108856166,2.712153742671179,1.4250255154293676
OLD,steady,6,1,steady_r6_s1,18,1787605632.4213889,True,14,0.04619909313205795,0.04619909313205795,0.06707649379723667,False,0.0,0.451900659727273,False,False,2+2,1+3,model_6,0.973821768519682,0.9738217685196815,1.588255870074299,1.7579703107245659
OLD,steady,6,1,steady_r6_s1,19,1787605637.435176,True,14,0.04974875219349355,0.04974875219349355,0.06060768907334935,False,0.0,0.21827556272408372,False,False,2+2,1+3,model_6,1.4064400239869335,0.4223150845294146,1.4964341974981155,1.5270845413915113
OLD,steady,6,1,steady_r6_s1,20,1787605642.445129,True,14,0.05241102110398934,0.05241102110398934,0.0665828637482619,False,0.0,0.27039814042458815,False,False,2+2,1+3,model_5,1.6525692357479853,0.3740006662972106,1.8836597976768203,1.4379407997022922
OLD,steady,6,1,steady_r6_s1,21,1787605647.4659128,True,14,0.05769129558118895,0.05769129558118895,0.07893430714638383,False,0.0,0.368218660218847,False,False,2+2,1+3,model_5,1.7283913110711018,0.3730827803924124,2.264293983417313,1.6734795969204521
OLD,steady,6,1,steady_r6_s1,22,1787605653.7839282,True,14,0.04548611809037076,0.04548611809037076,0.06755728101016727,False,0.0,0.48522854546404764,False,False,2+2,2+2,model_6,1.5682138555797756,0.3916464326485498,1.072224257601123,2.2979868196678073
OLD,steady,6,1,steady_r6_s1,23,1787605658.797162,True,14,0.06916336413085616,0.06916336413085616,0.07035427985895287,False,0.0,0.017218880878083258,True,False,2+2,2+2,model_3,2.339015207699325,0.5121050612244336,1.6842122804047548,1.8255318917776173
OLD,steady,6,1,steady_r6_s1,24,1787605663.8115911,True,14,0.06259681639476501,0.06259681639476501,0.063970990330813,False,0.0,0.02195277675755574,True,False,2+2,2+2,model_3,2.247251788777922,0.5255383861443963,1.394000130529278,1.7973026722629595
OLD,steady,6,1,steady_r6_s1,25,1787605668.8365037,True,14,0.06886588646147512,0.06886588646147512,0.07610554250418027,False,0.0,0.1051268837838186,False,False,2+2,2+2,model_3,2.317260093665404,0.4534294655189137,2.053115149297,1.7435406449252115
OLD,steady,6,1,steady_r6_s1,26,1787605673.8796513,True,14,0.06432207852127014,0.06432207852127014,0.06845445739465332,False,0.0,0.0642451078756212,True,False,2+2,2+2,model_3,2.3152353864820703,0.4113487755201044,1.9373367109714614,1.4776315522594663
OLD,steady,6,1,steady_r6_s1,27,1787605678.911793,True,14,0.0724687950822277,0.0724687950822277,0.07279987884340443,False,0.0,0.004568638968000778,True,False,2+2,2+2,model_3,2.9222219238034115,0.48309660586244274,2.2807162853086833,1.3510307955863083
OLD,steady,6,1,steady_r6_s1,28,1787605683.9563365,True,14,0.06440442009567428,0.07363065032699459,0.06440442009567428,True,0.14325461230167946,0.0,True,False,2+2,1+3,model_3,3.5228935772481096,0.8188700243579325,2.1394173119140456,0.8188700243579328
OLD,steady,6,1,steady_r6_s1,29,1787605688.9753199,True,14,0.060004960351308444,0.07179486880334715,0.060004960351308444,True,0.19648223051915775,0.0,True,False,2+2,1+3,model_3,2.7283532469096494,0.679317964829085,1.48829038216603,1.5051601984845957
OLD,steady,6,1,steady_r6_s1,30,1787605693.9929252,True,14,0.064545832824446,0.064545832824446,0.07828117969232022,False,0.0,0.21279990150924386,False,False,2+2,1+3,model_5,2.2462752676487687,0.6745558780521632,2.3454054490909444,1.5597857456380464
OLD,steady,6,1,steady_r6_s1,31,1787605699.0213652,True,14,0.06239195170015999,0.06239195170015999,0.062497953488297106,False,0.0,0.001698965735941991,True,False,2+2,1+3,model_3,2.617208550073676,1.0618449924644684,2.0559728356567906,1.0618449924644686
OLD,steady,6,1,steady_r6_s1,32,1787605704.039559,True,14,0.07342753197500704,0.07342753197500704,0.08224913818225575,False,0.0,0.12014030663935941,False,False,2+2,1+3,model_3,2.620360351871891,0.510706042828184,2.393713612797162,1.7094260111309167
OLD,steady,6,1,steady_r6_s1,33,1787605709.0603797,True,14,0.0675271508303245,0.0675271508303245,0.09477289947816599,False,0.0,0.4034784277557022,False,False,2+2,1+3,model_5,2.1222135072934494,0.3941940506425319,2.8682627021235056,1.8596462792657829
OLD,steady,6,1,steady_r6_s1,34,1787605714.0792303,True,14,0.06500141724678357,0.06500141724678357,0.0838730745850413,False,0.0,0.2903268595915352,False,False,2+2,2+2,model_5,1.8166350989814548,0.35106753505494215,2.1678622141249746,2.016290268396754
OLD,steady,6,1,steady_r6_s1,35,1787605719.1007447,True,14,0.05775513185008457,0.05775513185008457,0.0868191925550384,False,0.0,0.5032290598936839,False,False,2+2,2+2,model_5,1.5351066148475623,0.2932501237739744,2.4605961276500765,1.8705285134452176
OLD,steady,6,1,steady_r6_s1,36,1787605724.1275394,True,14,0.04579978645309246,0.04579978645309246,0.06809304065871691,False,0.0,0.4867545447718824,False,False,2+2,2+2,model_5,1.3148782213812136,0.36335619756268334,2.0111498848570584,1.3857884833166665
OLD,steady,6,1,steady_r6_s1,37,1787605729.1493392,True,14,0.049148110945671813,0.049148110945671813,0.06813299607296329,False,0.0,0.3862790402723172,False,False,2+2,2+2,model_5,1.590037173491897,0.4290388564565091,2.0908621112552774,1.3080695014314971
OLD,steady,6,1,steady_r6_s1,38,1787605734.1885102,True,14,0.062326077891901435,0.062326077891901435,0.06307384038890804,False,0.0,0.01199758628007242,True,False,2+2,2+2,model_3,2.2380272354753528,0.5136201874331442,1.7094049963720184,1.4371419395918275
OLD,steady,6,1,steady_r6_s1,39,1787605739.2167675,True,14,0.05874637925733046,0.06449990983924421,0.05874637925733046,True,0.09793847135176113,0.0,True,False,2+2,2+2,model_3,2.354342308904877,0.5610117786913837,1.3976124073885026,1.5330516922027762
OLD,steady,6,1,steady_r6_s1,40,1787605744.7077973,True,14,0.0697145295466764,0.07577793220860425,0.0697145295466764,True,0.08697473398092988,0.0,True,True,2+2,3+1,model_3,3.236132151019652,0.7071040741202868,2.2455793431509745,1.2322497851326357
OLD,steady,6,1,steady_r6_s1,41,1787605749.7326615,True,14,0.05703854354249396,0.0613567365569807,0.05703854354249396,True,0.07570657920586052,0.0,True,True,2+2,3+1,model_3,2.3756496028412166,0.7264302312015788,1.6031051609868738,1.242360618627151
OLD,steady,6,1,steady_r6_s1,42,1787605754.754645,True,14,0.06346801922025253,0.06418718535178691,0.06346801922025253,True,0.011331157650259601,0.0,True,True,2+2,3+1,model_3,2.399755506359611,0.8131279992317942,1.7810540102031482,1.3851572142571835
OLD,steady,6,1,steady_r6_s1,43,1787605759.7804203,True,14,0.06670983489306456,0.06670983489306456,0.06798814182544119,False,0.0,0.019162196015411297,True,True,2+2,3+1,model_3,2.3840636869527554,0.831829207248806,1.8421037128295263,1.54960159675137
OLD,steady,6,1,steady_r6_s1,44,1787605764.8059032,True,14,0.07500237894771003,0.07515456151740851,0.07500237894771003,True,0.0020290365696877667,0.0,True,True,2+2,3+1,model_3,2.9966364285096927,0.7625455361113646,2.3066352494283042,1.434987334717027
OLD,steady,6,1,steady_r6_s1,45,1787605769.8575678,True,14,0.06581694353949996,0.06581694353949996,0.07174877680191592,False,0.0,0.0901262341186655,True,True,2+2,3+1,model_3,2.547385119487589,0.6765924585272446,2.245681827834255,1.3336292211394492
OLD,steady,6,1,steady_r6_s1,46,1787605774.8803117,True,14,0.06604198466025878,0.06604198466025878,0.07024234213107945,False,0.0,0.06360132107520189,True,True,2+2,2+2,model_3,2.342782068742606,0.9825885833614213,1.9526577402936964,1.5515022259407394
OLD,steady,6,1,steady_r6_s1,47,1787605779.915032,True,14,0.06623892343701217,0.06623892343701217,0.07000170162791548,False,0.0,0.05680614955165163,True,True,2+2,2+2,model_3,2.1351584298650192,0.6192045313739242,1.7214164874692823,1.7707387136639543
OLD,steady,6,1,steady_r6_s1,48,1787605784.9646657,True,14,0.06097678946985048,0.06097678946985048,0.061366077892039926,False,0.0,0.006384206606710991,True,True,2+2,2+2,model_3,2.222797454441831,0.564827921706614,1.3242176252076938,1.7371346433830948
OLD,steady,6,1,steady_r6_s1,49,1787605790.0281003,True,14,0.059267673472015836,0.059267673472015836,0.07011645131767408,False,0.0,0.1830471353119785,False,True,2+2,2+2,model_6,1.859320420531223,0.4336642109002311,1.5882755150489485,1.9096041715839251
OLD,steady,6,1,steady_r6_s1,50,1787605795.0838892,True,14,0.04991513788493159,0.04991513788493159,0.060221419656454445,False,0.0,0.20647607535977816,False,True,2+2,2+2,model_6,1.5593960820400838,0.6035449388567347,1.3441635891062396,1.660085436021025
OLD,steady,6,1,steady_r6_s1,51,1787605800.1221974,True,14,0.03427157790570123,0.03427157790570123,0.04679655012343171,False,0.0,0.3654623738712333,False,True,2+2,2+2,model_6,1.1948392353290866,0.4747985974581298,0.7987357739785298,1.5357905604993856
OLD,steady,6,1,steady_r6_s1,52,1787605805.1485806,True,14,0.03926319759394691,0.03926319759394691,0.04698204843028184,False,0.0,0.19659251689487772,False,False,2+2,1+3,model_6,1.3817221889239626,0.5733419394089525,0.5954555602087884,1.7483246761315607
OLD,steady,6,1,steady_r6_s1,53,1787605810.1747026,True,14,0.04014568860849049,0.04631200774273332,0.04014568860849049,True,0.15359853941921678,0.0,True,False,2+2,1+3,model_3,1.9572584701402331,0.7367074021289592,0.7367074021289595,1.2660292745078845
OLD,steady,6,1,steady_r6_s1,54,1787605815.4500628,True,14,0.046052354535906094,0.05337081788810176,0.046052354535906094,True,0.15891616022563204,0.0,True,False,2+2,1+3,model_3,2.353417888684146,0.7511584182715854,0.7511584182715857,1.4470201516506334
OLD,steady,6,1,steady_r6_s1,55,1787605820.4817626,True,14,0.05582618384810018,0.06469786662529046,0.05582618384810018,True,0.1589161602256321,0.0,True,False,2+2,1+3,model_3,2.8827797448231673,0.8806901022491485,0.8806901022491488,1.268963821587854
OLD,steady,6,1,steady_r6_s1,56,1787605825.512606,True,14,0.06312215206351934,0.0731532820946323,0.06312215206351934,True,0.15891616022563218,0.0,True,False,2+2,1+3,model_3,3.3409565653139737,0.9143641390306234,0.9143641390306236,1.3766360457190474
OLD,steady,6,1,steady_r6_s1,57,1787605830.5433865,True,14,0.05677958688618638,0.06580278081333678,0.05677958688618638,True,0.15891616022563215,0.0,True,False,2+2,1+3,model_3,2.8225504559171926,1.0051921631523564,1.0051921631523566,1.7671474317314064
OLD,steady,6,1,steady_r6_s1,58,1787605835.571092,True,14,0.0606815154639446,0.07848096035423047,0.0606815154639446,True,0.2933256487449104,0.0,True,True,2+2,2+2,model_3,3.130989980811906,0.3680405233956008,1.4342413516686527,1.5929603436049276
OLD,steady,6,1,steady_r6_s1,59,1787605840.6036384,True,14,0.08172330006874803,0.08590815548052193,0.08172330006874803,True,0.05120761653351579,0.0,True,True,2+2,2+2,model_3,3.647291110443408,0.5818994858344687,2.6584696421690426,1.4184376436824462
OLD,steady,6,1,steady_r6_s1,60,1787605845.636315,True,14,0.06968800482534505,0.06968800482534505,0.07830544254638112,False,0.0,0.123657403345575,False,True,2+2,2+2,model_3,2.5416701871212175,0.4224244846496572,2.3387933508666747,1.567608238038924
OLD,steady,6,1,steady_r6_s1,61,1787605850.6669292,True,14,0.06882964367718229,0.06882964367718229,0.0773099340176615,False,0.0,0.12320694816106541,False,True,2+2,2+2,model_3,2.173234034609682,0.3783385738365319,1.9713093518387823,1.885429583081354
OLD,steady,6,1,steady_r6_s1,62,1787605855.703373,True,14,0.0777301159381251,0.0777301159381251,0.08677703965467565,False,0.0,0.11638891319488197,False,True,2+2,2+2,model_3,2.6430473967279764,0.40347128185696235,2.3885732103447554,1.940448560865646
OLD,steady,6,1,steady_r6_s1,63,1787605860.784703,True,14,0.09501548099800808,0.09572371587556547,0.09501548099800808,True,0.007453889304335969,0.0,True,True,2+2,2+2,model_3,3.278981338205565,0.4360628874114581,2.374471005494482,2.3655395719491166
OLD,steady,6,1,steady_r6_s1,64,1787605865.8699474,True,14,0.07789892608136058,0.07789892608136058,0.08052941881514393,False,0.0,0.03376802307949619,True,True,2+2,2+2,model_3,2.7678812745402928,0.3593552500288824,2.1917795910521067,1.8255688764799365
OLD,steady,6,1,steady_r6_s1,65,1787605870.9460993,True,14,0.07552015874661647,0.07552015874661647,0.09150171767800236,False,0.0,0.21161977406597962,False,True,2+2,2+2,model_5,2.3183843587117203,0.5119264061749396,2.42992295287664,2.1347975020677668
OLD,steady,6,1,steady_r6_s1,66,1787605876.0838063,True,14,0.045496494775362356,0.045496494775362356,0.05320036839150214,False,0.0,0.169328948398716,False,True,2+2,3+1,model_5,1.5404141856987121,1.0771476580689858,1.576844157274271,1.077147658068986
OLD,steady,6,1,steady_r6_s1,67,1787605881.1296499,True,14,0.05404942022851732,0.05404942022851732,0.0721665111754048,False,0.0,0.33519491736062373,False,True,2+2,3+1,model_5,1.4440406931115293,0.5869154620141611,1.8570699554611836,1.7430804907149675
OLD,steady,6,1,steady_r6_s1,68,1787605886.169306,False,14,0.052766118630231104,0.052766118630231104,0.058990400720957785,False,0.0,0.11795982445372863,False,True,2+2,3+1,model_3,1.9967426783309574,1.1147063208200332,1.8281312088961852,1.1147063208200332
OLD,steady,6,1,steady_r6_s1,69,1787605891.2090244,True,14,0.04970912001392912,0.04970912001392912,0.06347917859904054,False,0.0,0.27701272082975675,False,True,2+2,3+1,model_5,1.3889477174121403,0.6066356646526319,1.624528063967139,1.542239865284215
OLD,steady,6,1,steady_r6_s1,70,1787605896.2608023,True,14,0.05113291111624705,0.05113291111624705,0.056001244957865404,False,0.0,0.09520940105581983,True,True,2+2,3+1,model_3,1.726816356447027,0.5542217313242275,1.247581088426383,1.5461372684365038
OLD,steady,6,1,steady_r6_s1,71,1787605901.3025682,True,14,0.046386564481836104,0.046386564481836104,0.04812600427405725,False,0.0,0.037498784651367516,True,True,2+2,3+1,model_3,1.650700694513171,0.6953635105277844,1.047602137444885,1.3532463023363068
OLD,steady,6,1,steady_r6_s1,72,1787605906.3566246,True,14,0.06338455787101832,0.06338455787101832,0.06712978035004859,False,0.0,0.05908730146310156,True,True,2+2,2+2,model_3,2.2675425405743677,0.7528956625553178,1.878842663654498,1.4700418084176525
OLD,steady,6,1,steady_r6_s1,73,1787605911.4089382,True,14,0.052620078007717855,0.06129281932223257,0.052620078007717855,True,0.16481810067333377,0.0,True,True,2+2,2+2,model_3,2.379017256386155,0.8208922620407306,1.1863812550866042,1.4386617770874768
OLD,steady,6,1,steady_r6_s1,74,1787605916.457435,True,14,0.04590793100147148,0.04590793100147148,0.06159160909376556,False,0.0,0.34163330279012954,False,True,2+2,2+2,model_6,1.186834080045161,0.5960423733674622,1.4836266797533257,1.5889766004672992
OLD,steady,6,1,steady_r6_s1,75,1787605921.517206,True,14,0.0623084360960914,0.0623084360960914,0.07442332606646414,False,0.0,0.19443418466946089,False,True,2+2,2+2,model_5,2.025615881638521,0.5637606461620035,2.0642225226786217,1.6485130132386185
OLD,steady,6,1,steady_r6_s1,76,1787605926.5600178,True,14,0.0733132443160671,0.0733132443160671,0.07997686106406207,False,0.0,0.09089240027718418,True,True,2+2,2+2,model_3,2.470581143814565,0.6187167223716649,2.137317132392478,1.8524660420182126
OLD,steady,6,1,steady_r6_s1,77,1787605931.599463,True,14,0.06566943641386837,0.06566943641386837,0.07458954077111363,False,0.0,0.1358334233451937,False,True,2+2,2+2,model_3,2.482010068721044,0.5478854829862909,2.3307211929489426,1.3903062491912608
OLD,steady,6,1,steady_r6_s1,78,1787605936.640218,True,14,0.06816021549988178,0.07263137601697858,0.06816021549988178,True,0.06559780488230048,0.0,True,True,2+2,3+1,model_3,2.651545781039401,0.34738570971755683,1.7689956852764723,1.6312938153055212
OLD,steady,6,1,steady_r6_s1,79,1787605941.681285,True,14,0.06604534615736116,0.07518003130160922,0.06604534615736116,True,0.1383092931708398,0.0,True,True,2+2,3+1,model_3,2.927769569786851,0.6885831663331409,1.7894295434673881,1.5053560650312812
OLD,steady,6,1,steady_r6_s1,80,1787605946.724106,True,14,0.0599827003767953,0.07219267945969805,0.0599827003767953,True,0.20355834275887752,0.0,True,True,2+2,3+1,model_3,2.748830115801878,0.5112892385949673,1.4841991538025856,1.508140949760121
OLD,steady,6,1,steady_r6_s1,81,1787605951.7672808,True,14,0.06112869530029397,0.07425993386232914,0.06112869530029397,True,0.2148130022655992,0.0,True,True,2+2,3+1,model_3,2.9326910471470993,0.548584268848374,1.6033306411364143,1.4461793888637977
OLD,steady,6,1,steady_r6_s1,82,1787605956.8114228,True,14,0.06416881351941534,0.07700711757507007,0.06416881351941534,True,0.20007077194547626,0.0,True,True,2+2,3+1,model_3,3.155535403961814,0.622393422920317,1.815843896547685,1.3853276560165857
OLD,steady,6,1,steady_r6_s1,83,1787605961.8570943,True,14,0.0587682593735242,0.0587682593735242,0.06472325761404048,False,0.0,0.10133017897751578,True,True,2+2,3+1,model_3,1.9441192520108577,0.833691531464426,1.7075741880103745,1.5212567611650587
OLD,steady,6,1,steady_r6_s1,84,1787605966.9045136,True,14,0.06335786926132281,0.06335786926132281,0.08444664952799853,False,0.0,0.3328517911436377,False,True,2+2,2+2,model_5,2.0907608232995414,0.46901254576921336,2.567516470517396,1.6452497838656868
OLD,steady,6,1,steady_r6_s1,85,1787605971.95056,True,14,0.05154151236833153,0.05154151236833153,0.05888169359408263,False,0.0,0.1424129966015724,False,True,2+2,2+2,model_3,1.5847461358906634,0.6352419659163939,1.4829227332886348,1.4544917545630418
OLD,steady,6,1,steady_r6_s1,86,1787605976.9977758,True,14,0.03314035848602935,0.03314035848602935,0.037286761372964786,False,0.0,0.1251164162476816,False,True,2+2,2+2,model_3,1.0550442208254318,0.38839022366189924,0.9609776113265147,0.8991365663849435
OLD,steady,6,2,steady_r6_s2,1,1787606716.13447,True,14,0.0004175582204727378,0.0004175582204727378,0.0006605157295938953,False,0.0,0.581853014044589,False,False,2+2,2+2,model_5,0.005041635126445494,0.006451844406971237,0.022259214872806164,0.010691747559395545
OLD,steady,6,2,steady_r6_s2,2,1787606721.1415372,True,14,0.01351868185579151,0.018175114771402847,0.01351868185579151,True,0.3444443005082248,0.0,True,False,2+2,2+2,model_3,0.7431001899596786,0.07151240876276144,0.3457745686651538,0.3286281109454452
OLD,steady,6,2,steady_r6_s2,3,1787606726.1448214,True,14,0.01583041378458614,0.016714589600973887,0.01583041378458614,True,0.05585298201419451,0.0,True,True,2+2,3+1,model_3,0.6616536960525041,0.05630634581509562,0.46577528637066146,0.3239521137971104
OLD,steady,6,2,steady_r6_s2,4,1787606731.1527252,False,14,0.028297206721184583,0.028297206721184583,0.03308874297790384,False,0.0,0.16932894839871573,False,True,2+2,3+1,model_5,1.3202748951350596,0.32698145177810817,1.3237073629516183,0.326981451778108
OLD,steady,6,2,steady_r6_s2,5,1787606736.1595573,True,14,0.055564008770778904,0.055564008770778904,0.05627842551137919,False,0.0,0.012857544954099792,True,True,2+2,3+1,model_3,2.271352011866009,0.10403438523194922,1.8024663782977695,1.005079606881229
OLD,steady,6,2,steady_r6_s2,6,1787606741.1684115,False,14,0.051483786108946966,0.051483786108946966,0.06020148147035937,False,0.0,0.16932894839871585,False,True,2+2,3+1,model_5,1.8355639175858873,0.7007908874354296,2.302463487009725,0.7007908874354296
OLD,steady,6,2,steady_r6_s2,7,1787606746.1778913,True,14,0.045931096993591394,0.045931096993591394,0.07647244830031419,False,0.0,0.66493842528917,False,True,2+2,3+1,model_5,1.2208076200239315,0.23987688904196852,2.439467005308801,1.3754925151728887
OLD,steady,6,2,steady_r6_s2,8,1787606751.1879458,False,14,0.061551855758233916,0.061551855758233916,0.0719743667657651,False,0.0,0.16932894839871576,False,True,2+2,3+1,model_5,2.2169246906517297,0.8120840954128306,2.7784808966402403,0.8120840954128303
OLD,steady,6,2,steady_r6_s2,9,1787606757.7889886,True,14,0.05597021892916678,0.05597021892916678,0.07489921276617194,False,0.0,0.3381976022098606,False,False,2+2,2+2,model_5,2.1168201079441054,0.21025347175613407,2.552911539161077,1.1835644227013524
OLD,steady,6,2,steady_r6_s2,10,1787606762.7965267,True,14,0.06760459677660771,0.06760459677660771,0.10768994125128253,False,0.0,0.5929381489713286,False,False,1+3,2+2,model_5,2.2158378974948207,0.1489551583871327,4.145200542847186,1.227097268559569
OLD,steady,6,2,steady_r6_s2,11,1787606767.8074582,True,14,0.06634837284954195,0.06634837284954195,0.1039436682014201,False,0.0,0.566634775462134,False,False,1+3,2+2,model_5,2.0883666265163723,0.29293346487863614,4.04156256517349,1.1438459762340734
OLD,steady,6,2,steady_r6_s2,12,1787606772.8222375,True,14,0.06395348860610679,0.06395348860610679,0.09783415898478924,False,0.0,0.5297704803463568,False,False,1+3,2+2,model_5,1.852772135894084,0.19463431365206119,4.103890367487575,0.7767348059293913
OLD,steady,6,2,steady_r6_s2,13,1787606777.8381045,True,14,0.05925352799201066,0.05925352799201066,0.08283862740869949,False,0.0,0.3980370488634682,False,False,2+2,2+2,model_5,2.2475662904892397,0.23040651655557642,3.226087859493999,0.906459447679834
OLD,steady,6,2,steady_r6_s2,14,1787606782.8960912,True,14,0.0688097531297417,0.0688097531297417,0.09876209901551657,False,0.0,0.4352921573384999,False,False,1+3,2+2,model_5,2.0005095607369903,0.48872739123884923,3.7602326915577935,1.1666843651889334
OLD,steady,6,2,steady_r6_s2,15,1787606787.913227,True,14,0.06734025080035097,0.06734025080035097,0.10842486002629603,False,0.0,0.6101047848448307,False,False,1+3,1+3,model_5,1.834196476885729,0.30525409732173037,4.321218632901428,1.0877418647385193
OLD,steady,6,2,steady_r6_s2,16,1787606792.9256804,True,14,0.05456324740464169,0.05456324740464169,0.07723702016980125,False,0.0,0.41555028052143944,False,False,2+2,1+3,model_5,1.832255816911724,0.4926427412951655,2.690248880256462,1.16285262204249
OLD,steady,6,2,steady_r6_s2,17,1787606797.935113,True,14,0.05858256295538175,0.05858256295538175,0.09617366716757383,False,0.0,0.6416773578312476,False,False,1+3,1+3,model_5,1.2993436210820613,0.5977004892777225,3.759238488084116,1.0385501970607487
OLD,steady,6,2,steady_r6_s2,18,1787606802.9475274,True,14,0.07140527597744188,0.07140527597744188,0.10351931114353707,False,0.0,0.44974316990582813,False,False,1+3,1+3,model_5,1.8780986361061982,0.6085853105017482,3.857099030228791,1.3071397299825838
OLD,steady,6,2,steady_r6_s2,19,1787606807.9620345,True,14,0.059954740908590466,0.059954740908590466,0.08189034038728178,False,0.0,0.3658693065179826,False,False,2+2,1+3,model_5,2.184310955790663,0.6215608780497162,2.8758380413191733,1.2094023379229193
OLD,steady,6,2,steady_r6_s2,20,1787606812.977532,True,14,0.06878611246173817,0.06878611246173817,0.09798195833887724,False,0.0,0.4244439005530232,False,False,2+2,1+3,model_5,2.57306293892157,0.5393925830381774,3.4049646157951354,1.4830337824306503
OLD,steady,6,2,steady_r6_s2,21,1787606818.0186305,True,14,0.07227320916574916,0.07227320916574916,0.08093466872496041,False,0.0,0.1198432954505636,False,False,2+2,2+2,model_3,2.8414375478390212,0.5679514506972339,2.6172829592644233,1.4202820965420975
OLD,steady,6,2,steady_r6_s2,22,1787606823.0340116,True,14,0.061783473666168424,0.061783473666168424,0.08658765032058321,False,0.0,0.401469441301374,False,False,2+2,2+2,model_5,2.182551995176366,0.563579448279831,2.8589522120377833,1.460621546728499
OLD,steady,6,2,steady_r6_s2,23,1787606828.092392,True,14,0.06429913799837043,0.06646337260738165,0.06429913799837043,True,0.03365884328132154,0.0,True,False,2+2,2+2,model_3,2.740475010169377,0.33435044981632855,2.029015831194608,1.178657181997536
OLD,steady,6,2,steady_r6_s2,24,1787606833.147696,True,14,0.06892526295272731,0.06892526295272731,0.06903525077934712,False,0.0,0.001595754907677927,True,False,2+2,2+2,model_3,3.0861721159251716,0.3067228781910959,2.4658122753007454,0.9781298641642623
OLD,steady,6,2,steady_r6_s2,25,1787606838.1644933,True,14,0.07352480483323406,0.07352480483323406,0.08761816536806145,False,0.0,0.19168171295106964,False,False,2+2,2+2,model_5,3.014841480939482,0.2198733088579068,3.0503020221716226,1.3206807509358496
OLD,steady,6,2,steady_r6_s2,26,1787606843.1819992,True,14,0.06766102860071617,0.06766102860071617,0.08526957460091583,False,0.0,0.2602465017803954,False,False,2+2,2+2,model_5,2.6434798547295615,0.3904592150002577,2.9075450109255976,1.3462742751224344
OLD,steady,6,2,steady_r6_s2,27,1787606848.2057512,True,14,0.07532192487093002,0.07532192487093002,0.08921449299752937,False,0.0,0.18444255308670546,False,False,2+2,2+2,model_5,3.2783640666231566,0.4417565939904067,3.2874897431166072,1.1631285774749844
OLD,steady,6,2,steady_r6_s2,28,1787606853.271604,True,14,0.06156798209302308,0.06156798209302308,0.07775245001760053,False,0.0,0.2628715019460007,False,False,2+2,2+2,model_5,2.8167481167232227,0.33534251753649746,3.0650960287917632,0.8137185773597068
OLD,steady,6,2,steady_r6_s2,29,1787606858.3024862,True,14,0.06713931135203406,0.06713931135203406,0.08134651597939022,False,0.0,0.21160783959881546,False,False,2+2,2+2,model_5,2.96257862718668,0.426015757184506,3.0616992563201264,0.9964115076360941
OLD,steady,6,2,steady_r6_s2,30,1787606863.3224707,True,14,0.05504388699675365,0.05504388699675365,0.07309765711281134,False,0.0,0.3279886487144786,False,False,2+2,2+2,model_5,2.181985541569435,0.41906889393687985,2.582826099492165,1.0637761621785913
OLD,steady,6,2,steady_r6_s2,31,1787606868.3401675,True,14,0.05221891828734475,0.05221891828734475,0.05461875734867471,False,0.0,0.04595727257551338,True,False,2+2,2+2,model_3,2.268451252997827,0.5000588720836125,1.914019491643577,0.810731094684254
OLD,steady,6,2,steady_r6_s2,32,1787606873.3751965,True,14,0.051338632656477284,0.051338632656477284,0.058968124265394405,False,0.0,0.14861111825802636,False,False,2+2,1+3,model_3,2.0738725949907155,0.40328321795534805,1.988324101738759,0.9534021287040221
OLD,steady,6,2,steady_r6_s2,33,1787606878.3924303,True,14,0.057250641834459916,0.057250641834459916,0.05767204885065072,False,0.0,0.007360738721660127,True,False,2+2,1+3,model_3,2.6462775656994246,0.7296094023165505,2.1474598784321226,0.7296094023165507
OLD,steady,6,2,steady_r6_s2,34,1787606883.413415,True,14,0.07920533543092813,0.07920533543092813,0.08762810104300488,False,0.0,0.10634088683863871,False,False,2+2,1+3,model_3,3.397948036761298,0.24704386346600238,3.098941542318485,1.272536889010481
OLD,steady,6,2,steady_r6_s2,35,1787606888.4667249,True,14,0.07186168685905897,0.07186168685905897,0.09473594356712409,False,0.0,0.3183094874036005,False,False,2+2,1+3,model_5,2.9148190780196703,0.3607698315884489,3.403430958155673,1.3226344140933173
OLD,steady,6,2,steady_r6_s2,36,1787606893.4922233,True,14,0.07141885225913751,0.07141885225913751,0.08307834926006502,False,0.0,0.16325517187845548,False,False,2+2,1+3,model_3,2.94823971885506,0.27358017502082466,2.881405008395999,1.263101235355136
OLD,steady,6,2,steady_r6_s2,37,1787606898.555985,True,14,0.0654689493957994,0.0654689493957994,0.09593874687693159,False,0.0,0.46540837698377935,False,False,2+2,1+3,model_5,2.49203018183382,0.32503153488587944,3.4176052238689896,1.3684640588079375
OLD,steady,6,2,steady_r6_s2,38,1787606904.703158,True,14,0.07605320844315097,0.07605320844315097,0.10177872073386507,False,0.0,0.3382567654584049,False,False,2+2,2+2,model_5,3.0770326929394467,0.38973215661007443,4.046754516381312,1.0306518996038077
OLD,steady,6,2,steady_r6_s2,39,1787606909.7271383,True,14,0.07913512394841467,0.07913512394841467,0.10841044727459392,False,0.0,0.3699409549830589,False,False,2+2,2+2,model_5,2.687388384966698,0.5077951273532054,4.108471956567304,1.299769536182067
OLD,steady,6,2,steady_r6_s2,40,1787606914.7518778,True,14,0.0667093678391112,0.0667093678391112,0.09250713879027436,False,0.0,0.38671886403393735,False,False,2+2,2+2,model_5,1.9917434350758616,0.4936428724683175,3.3977803487245226,1.2170972664731097
OLD,steady,6,2,steady_r6_s2,41,1787606919.7780929,True,14,0.0675054160602843,0.0675054160602843,0.09820131712847348,False,0.0,0.4547176042997326,False,False,2+2,2+2,model_5,2.187539320049806,0.37890230515763157,3.558957580530867,1.3399839079368474
OLD,steady,6,2,steady_r6_s2,42,1787606924.803845,True,14,0.06507318554856818,0.06507318554856818,0.09854055925180134,False,0.0,0.5143036017232377,False,False,2+2,2+2,model_5,2.0872494219366544,0.29567513870878837,3.5003030503128643,1.4155621145494595
OLD,steady,6,2,steady_r6_s2,43,1787606929.8755813,True,14,0.054440240041745545,0.054440240041745545,0.08455311366365825,False,0.0,0.5531363123825636,False,False,2+2,2+2,model_5,1.6672857486726165,0.238635019456662,2.937081092509772,1.2809963082659293
OLD,steady,6,2,steady_r6_s2,44,1787606934.8975167,True,14,0.05679825955243256,0.05679825955243256,0.08972641902099825,False,0.0,0.5797388815790824,False,False,2+2,2+2,model_5,1.7331809146820916,0.41347156959814746,2.899797215660648,1.5763594144845419
OLD,steady,6,2,steady_r6_s2,45,1787606939.9259534,True,14,0.060003145715634316,0.060003145715634316,0.08229425327881891,False,0.0,0.371498982217135,False,False,2+2,2+2,model_5,2.0820992027944083,0.433679080471566,2.6492961655812777,1.456094102480427
OLD,steady,6,2,steady_r6_s2,46,1787606944.9760103,True,14,0.056628870914305476,0.056628870914305476,0.08568432007635704,False,0.0,0.5130854402168847,False,False,2+2,2+2,model_5,2.084900748209063,0.28028959302797696,3.020187196678818,1.254322380255384
OLD,steady,6,2,steady_r6_s2,47,1787606950.001401,True,14,0.05958829954644667,0.05958829954644667,0.0843513408099256,False,0.0,0.4155688524754283,False,False,2+2,2+2,model_5,2.2590835153137014,0.40827237906423863,3.067750555611001,1.1402610595591545
OLD,steady,6,2,steady_r6_s2,48,1787606955.0306747,True,14,0.06805729577512358,0.06805729577512358,0.08259783323607296,False,0.0,0.21365141378809036,False,False,2+2,2+2,model_5,3.065265627904675,0.3716276472442769,3.1726797680785417,0.9478551079288327
OLD,steady,6,2,steady_r6_s2,49,1787606960.0894692,True,14,0.061847685859647894,0.061847685859647894,0.08444762781634493,False,0.0,0.36541289528574294,False,False,2+2,2+2,model_5,2.5148008512550475,0.3267011773195537,3.281120763247055,0.9316942947316215
OLD,steady,6,2,steady_r6_s2,50,1787606965.1182077,True,14,0.06447969152957349,0.06447969152957349,0.09311395303592784,False,0.0,0.4440818624763629,False,False,2+2,2+2,model_5,2.349631616681683,0.295222415633557,3.466134902557403,1.1790146842466378
OLD,steady,6,2,steady_r6_s2,51,1787606970.1531427,True,14,0.06369654463916855,0.06369654463916855,0.09295395275951407,False,0.0,0.45932488624123,False,False,2+2,2+2,model_5,2.1422147852465168,0.37805236859276314,3.337620871129985,1.29954682688468
OLD,steady,6,2,steady_r6_s2,52,1787606975.2041883,True,14,0.0597658002582571,0.0597658002582571,0.08609858574567185,False,0.0,0.4405995631887599,False,False,2+2,2+2,model_5,1.5707790864001252,0.57193446603424,2.9144427923903002,1.3807331394767899
OLD,steady,6,2,steady_r6_s2,53,1787606980.2430565,True,14,0.061059320017866785,0.061059320017866785,0.07953606352383803,False,0.0,0.3026031652590416,False,False,2+2,2+2,model_5,2.05795855225029,0.46546843863289805,3.0963649812374676,0.8714282502583737
OLD,steady,6,2,steady_r6_s2,54,1787606985.2735925,True,14,0.057933586023628726,0.057933586023628726,0.07637352582338583,False,0.0,0.31829446553224255,False,False,2+2,2+2,model_5,2.1644891910823,0.39124035603800816,2.9882565458520682,0.8217680568450424
OLD,steady,6,2,steady_r6_s2,55,1787606990.6787188,True,14,0.05388287809214589,0.05388287809214589,0.06971511251862385,False,0.0,0.29382681451059506,False,False,2+2,2+2,model_5,2.2284106664588528,0.38977673510896266,2.7534262335983057,0.7244319772428862
OLD,steady,6,2,steady_r6_s2,56,1787606995.7712204,True,14,0.06109419034276389,0.06109419034276389,0.08308320118909489,False,0.0,0.3599198339967102,False,False,2+2,2+2,model_5,2.1769983193388365,0.2659547398584975,3.2979128049995676,0.8468354855704752
OLD,steady,6,2,steady_r6_s2,57,1787607000.8021293,True,14,0.05026691050454986,0.05026691050454986,0.06802286124137097,False,0.0,0.35323338073888483,False,False,2+2,2+2,model_5,2.054598186271579,0.21798020574874788,2.483956832334533,0.909480514984016
OLD,steady,6,2,steady_r6_s2,58,1787607005.8771663,True,14,0.05136998705581411,0.05136998705581411,0.06874331385859925,False,0.0,0.3381999451140373,False,False,2+2,2+2,model_5,2.1013318669396757,0.3084187275928514,2.501586639155024,0.927791725251894
OLD,steady,6,2,steady_r6_s2,59,1787607010.9148958,True,14,0.06324538351823394,0.06324538351823394,0.06943798443780834,False,0.0,0.09791388043032483,False,False,2+2,2+2,model_3,2.7775211831767046,0.447137987759361,2.512176700191352,0.9518565000244692
OLD,steady,6,2,steady_r6_s2,60,1787607015.9511487,True,14,0.06862645831335999,0.07023264783375174,0.06862645831335999,True,0.02340481440929997,0.0,True,False,2+2,2+2,model_3,2.938910034643872,0.34538276913232746,2.2210645805248137,1.202484244162375
OLD,steady,6,2,steady_r6_s2,61,1787607020.9865477,True,14,0.06760547552936523,0.06760547552936523,0.06788833081975844,False,0.0,0.004183910965471229,True,False,2+2,1+3,model_3,3.261922709667952,0.7245556335099099,2.662170432502336,0.7245556335099103
OLD,steady,6,2,steady_r6_s2,62,1787607026.0271285,True,14,0.07054264105326981,0.07054264105326981,0.08942852969939138,False,0.0,0.2677230163789873,False,False,2+2,1+3,model_5,3.0210198984805765,0.35019366921975936,3.32264222180594,1.13865368753362
OLD,steady,6,2,steady_r6_s2,63,1787607031.0685048,True,14,0.07093738671464969,0.07093738671464969,0.11060052559462741,False,0.0,0.5591288418831286,False,False,1+3,1+3,model_5,2.216991310316199,0.29721119803597706,4.262735504327485,1.2547618096138695
OLD,steady,6,2,steady_r6_s2,64,1787607036.108953,True,14,0.06782874964134947,0.06782874964134947,0.1090266616130121,False,0.0,0.6073812681127139,False,False,1+3,1+3,model_5,2.130238551563291,0.2660395887278588,4.231460785654286,1.2075216184854702
OLD,steady,6,2,steady_r6_s2,65,1787607041.1493986,True,14,0.07871339531571073,0.07871339531571073,0.1110228503220381,False,0.0,0.4104695887750454,False,False,2+2,1+3,model_5,3.207420841215914,0.16278437027523895,4.428881602174629,1.1096841066642327
OLD,steady,6,2,steady_r6_s2,66,1787607046.1872785,True,14,0.07001711570458342,0.07001711570458342,0.11091801898397675,False,0.0,0.5841557863074884,False,False,1+3,1+3,model_5,2.32704837966159,0.1676282952545214,4.492992844675954,1.0403431726848549
OLD,steady,6,2,steady_r6_s2,67,1787607051.2434902,True,14,0.07917579483895965,0.07917579483895965,0.11706058608146658,False,0.0,0.4784895600929938,False,False,1+3,1+3,model_5,2.7037858665445276,0.20165546955515756,5.080704569207069,0.7590639653492185
OLD,steady,6,2,steady_r6_s2,68,1787607056.2887707,True,14,0.06259432187708001,0.06259432187708001,0.08969736563741276,False,0.0,0.4329952453763541,False,False,2+2,1+3,model_5,2.4624538776868916,0.2078019171429053,3.2461744662022713,1.228532785967254
OLD,steady,6,2,steady_r6_s2,69,1787607061.3364983,True,14,0.057087717920959354,0.057087717920959354,0.07501011866770335,False,0.0,0.31394494997257394,False,False,2+2,2+2,model_5,2.023191541506845,0.24261801059637444,2.398920368184179,1.343088325195663
OLD,steady,6,2,steady_r6_s2,70,1787607066.3729997,True,14,0.06649594329622617,0.06649594329622617,0.09028352152531839,False,0.0,0.35772976590652006,False,False,2+2,2+2,model_5,2.492360273983383,0.49023560032326463,3.075256138716426,1.4286925073767034
OLD,steady,6,2,steady_r6_s2,71,1787607071.4129848,True,14,0.07262024752366754,0.07262024752366754,0.10080622481410634,False,0.0,0.38812835609315094,False,False,2+2,2+2,model_5,2.3642082383668783,0.3394415046822161,3.110916639177147,1.9179751463734471
OLD,steady,6,2,steady_r6_s2,72,1787607076.4535038,True,14,0.07481565399409121,0.07481565399409121,0.08225942838472582,False,0.0,0.0994948783208191,False,False,2+2,2+2,model_3,2.6237767454892618,0.2349600082609875,2.315790241713987,1.7878627266505966
OLD,steady,6,2,steady_r6_s2,73,1787607081.5053627,True,14,0.06735444290537267,0.06735444290537267,0.08239671119765571,False,0.0,0.22333000828788926,False,False,2+2,2+2,model_5,2.336528078582706,0.2481124322216346,2.475353882595237,1.635147674847189
OLD,steady,6,2,steady_r6_s2,74,1787607086.5486271,True,14,0.06503716363365844,0.06503716363365844,0.07643502034682283,False,0.0,0.17525144204267998,False,False,2+2,2+2,model_3,2.3647549041740463,0.2940738964728944,2.34281404955445,1.4702783131380275
OLD,steady,6,2,steady_r6_s2,75,1787607091.587451,True,14,0.06651224434083373,0.06651224434083373,0.06818234696695982,False,0.0,0.025109701870348184,True,False,2+2,2+2,model_3,2.578883770067726,0.42042532090342144,2.0582633351770547,1.3431302316785858
OLD,steady,6,2,steady_r6_s2,76,1787607096.6265259,True,14,0.054160396882525795,0.06160186054706245,0.054160396882525795,True,0.137396771310174,0.0,True,False,2+2,1+3,model_3,2.9800547877442245,0.6524096102564835,2.0494748764104576,0.6524096102564836
OLD,steady,6,2,steady_r6_s2,77,1787607101.678426,True,14,0.06448207503902609,0.06448207503902609,0.07338458361607411,False,0.0,0.13806175703340834,False,False,2+2,1+3,model_3,2.846333390770212,0.46561336530577746,2.7049480533064,0.9559680301345473
OLD,steady,6,2,steady_r6_s2,78,1787607106.7175355,True,14,0.0686065153345422,0.0686065153345422,0.08249156222995674,False,0.0,0.20238670959613145,False,False,2+2,1+3,model_5,2.80244219916154,0.5100368501210082,2.872169109341992,1.243064254871983
OLD,steady,6,2,steady_r6_s2,79,1787607111.7577715,True,14,0.07457323896259394,0.07457323896259394,0.09764473860142028,False,0.0,0.30938041527737653,False,False,2+2,1+3,model_5,3.1201740114619207,0.4928406271720329,3.5940045892701304,1.2771710227561919
OLD,steady,6,2,steady_r6_s2,80,1787607116.8001568,True,14,0.0736306492264143,0.0736306492264143,0.10179917416217299,False,0.0,0.3825652120646181,False,False,2+2,1+3,model_5,2.8910917624334274,0.42969287975398274,3.865476261740775,1.2129505086698162
OLD,steady,6,2,steady_r6_s2,81,1787607121.8393064,True,14,0.07212903534316685,0.07212903534316685,0.10043147967748065,False,0.0,0.3923862865995619,False,False,1+3,1+3,model_5,2.3840989818626985,0.34030824532382153,3.902326573831135,1.1078704064856828
OLD,steady,6,2,steady_r6_s2,82,1787607126.8907347,True,14,0.07721659599192036,0.07721659599192036,0.11166678838999608,False,0.0,0.44615010485155865,False,False,2+2,1+3,model_5,2.4694334715215316,0.3288728672302621,4.175478836853108,1.3952108292743923
OLD,steady,6,2,steady_r6_s2,83,1787607131.9333184,True,14,0.06333163080020222,0.06333163080020222,0.09754729011836515,False,0.0,0.5402617757642468,False,False,2+2,2+2,model_5,2.298359438870041,0.24043956094389096,3.4302102566715593,1.4361039702879772
OLD,steady,6,2,steady_r6_s2,84,1787607136.978855,True,14,0.059764980121075784,0.059764980121075784,0.08644396481558503,False,0.0,0.4463982860943185,False,False,2+2,2+2,model_5,2.090393014347932,0.23688847597002094,3.249440940584999,1.0629648198049861
OLD,steady,6,2,steady_r6_s2,85,1787607142.0387957,True,14,0.041227648163387566,0.041227648163387566,0.057473497581037994,False,0.0,0.3940522960045449,False,False,2+2,2+2,model_5,1.6635919988721466,0.1908922228581097,2.214080760922938,0.6530834484811099
OLD,steady,8,1,steady_r8_s1,1,1787607886.452763,True,14,0.0010595924689296577,0.0014975779870047643,0.0010595924689296577,True,0.41335280394880075,0.0,True,False,3+1,2+2,model_3,0.07761514834909743,1.729295786428997e-08,0.024380941906237144,0.010692228615083899
OLD,steady,8,1,steady_r8_s1,2,1787607891.6619616,True,14,0.01266394016511341,0.01266394016511341,0.013107413913111767,False,0.0,0.03501862313121455,True,True,2+2,3+1,model_3,0.4246107815660831,0.08226748484684238,0.31204962846823847,0.34183624295500514
OLD,steady,8,1,steady_r8_s1,3,1787607896.6653106,True,14,0.0431956768282708,0.04439109516502802,0.0431956768282708,True,0.027674490239144395,0.0,True,True,2+2,3+1,model_3,1.9387708304345939,0.3038535251419838,1.4760607199274296,0.6788298612204079
OLD,steady,8,1,steady_r8_s1,4,1787607901.671678,False,14,0.03959957596915423,0.03959957596915423,0.04630493052504617,False,0.0,0.16932894839871576,False,True,2+2,3+1,model_5,1.1257651774355086,0.577240799239555,1.7327602466017131,0.5772407992395546
OLD,steady,8,1,steady_r8_s1,5,1787607906.6784513,True,14,0.05095450320164757,0.05095450320164757,0.08047190380651546,False,0.0,0.5792893414749939,False,True,2+2,3+1,model_5,1.4042051877701178,0.5005620652400713,2.4718171283607253,1.542662104111966
OLD,steady,8,1,steady_r8_s1,6,1787607911.7220292,False,14,0.07348561885269311,0.07348561885269311,0.08592886141544848,False,0.0,0.16932894839871573,False,True,2+2,3+1,model_3,3.197535145587836,1.0915055703471388,3.195203371593067,1.0915055703471381
OLD,steady,8,1,steady_r8_s1,7,1787607916.7574716,True,14,0.0786162199837731,0.0786162199837731,0.09192822184070754,False,0.0,0.1693289483987161,False,True,2+2,3+1,model_3,3.322347462211819,1.2997616007038948,3.2862357474510886,1.299761600703895
OLD,steady,8,1,steady_r8_s1,8,1787607923.2666855,True,14,0.09326590239419134,0.09326590239419134,0.09670455549764134,False,0.0,0.03686934898154333,True,False,2+2,2+2,model_3,3.4444081485990927,0.5486728788537614,2.7690895887118354,2.055183373242765
OLD,steady,8,1,steady_r8_s1,9,1787607928.2929373,True,14,0.0781202495941004,0.0781202495941004,0.08299178306139507,False,0.0,0.06235942015810672,True,False,2+2,2+2,model_3,3.0617309321589454,0.5781784808038705,2.595417782664156,1.5447699574806737
OLD,steady,8,1,steady_r8_s1,10,1787607933.3029346,True,14,0.09946351391678758,0.09946351391678758,0.09947223691730533,False,0.0,8.770050618815283e-05,True,False,2+2,2+2,model_3,3.3751747353852313,0.6992302825548586,2.4724734203072605,2.489870086219718
OLD,steady,8,1,steady_r8_s1,11,1787607938.3152473,True,14,0.09080022633173998,0.09080022633173998,0.09190764927554175,False,0.0,0.012196257526449145,True,False,2+2,2+2,model_3,3.0332234912426856,0.6749524807746696,2.2486185807069465,2.336352469675646
OLD,steady,8,1,steady_r8_s1,12,1787607943.3283653,True,14,0.07499436237600683,0.0976778067613102,0.07499436237600683,True,0.30246866119846566,0.0,True,False,2+2,2+2,model_3,3.866360448000431,0.7774793008575065,1.8478357211981855,1.8933869424892489
OLD,steady,8,1,steady_r8_s1,13,1787607948.3370922,True,14,0.07020715898848279,0.0906495694356462,0.07020715898848279,True,0.29117273425801077,0.0,True,False,2+2,2+2,model_3,3.6721486603343405,0.7507954301654537,1.8292387073113578,1.6731660873836174
OLD,steady,8,1,steady_r8_s1,14,1787607953.3474362,True,14,0.07325099706997078,0.08852451835221355,0.07325099706997078,True,0.20850939773083504,0.0,True,True,2+2,3+1,model_3,3.783708282963795,0.5886967512549101,2.2179528798183146,1.4362990091683911
OLD,steady,8,1,steady_r8_s1,15,1787607958.3599837,True,14,0.07270439367713312,0.07522791676707535,0.07270439367713312,True,0.03470936159854021,0.0,True,True,2+2,3+1,model_3,2.8496304210041266,0.6602110604502897,2.0406647729310055,1.586318866329413
OLD,steady,8,1,steady_r8_s1,16,1787607963.3746412,True,14,0.07771890112120132,0.07771890112120132,0.09584903234178566,False,0.0,0.23327827541347634,False,True,2+2,3+1,model_6,2.2355160534855276,0.5912782747885659,2.2853863529456033,2.4962073659487114
OLD,steady,8,1,steady_r8_s1,17,1787607968.385793,True,14,0.08158739984656703,0.08158739984656703,0.09769492617107339,False,0.0,0.19742664130488433,False,True,2+2,3+1,model_6,2.3595774434843726,0.5954898995876994,2.386355231574819,2.4873240736235336
OLD,steady,8,1,steady_r8_s1,18,1787607973.4019547,True,14,0.07292213561817197,0.07292213561817197,0.09410593431800665,False,0.0,0.29049887966467813,False,True,2+2,3+1,model_6,1.9288550239615285,0.5381387779911505,2.3235065433019506,2.3711297347264204
OLD,steady,8,1,steady_r8_s1,19,1787607978.4184785,True,14,0.06751274468393348,0.06751274468393348,0.07894460674477494,False,0.0,0.16932894839871596,False,True,2+2,3+1,model_5,2.6132851520333538,1.2638972917943307,2.674390101711609,1.263897291794331
OLD,steady,8,1,steady_r8_s1,20,1787607985.4653628,True,14,0.07435004739092779,0.07435004739092779,0.09001975384406206,False,0.0,0.2107558367884281,False,False,2+2,2+2,model_6,2.1374896152310363,0.5590155240967505,2.187446832901781,2.303343309061175
OLD,steady,8,1,steady_r8_s1,21,1787607990.485943,True,14,0.07368410147543865,0.07368410147543865,0.07891856401039575,False,0.0,0.0710392395393723,True,False,2+2,2+2,model_3,2.8965611336359243,0.6491487695539583,2.4886338959573298,1.4483543109831547
OLD,steady,8,1,steady_r8_s1,22,1787607995.5347357,True,14,0.11044228534901046,0.11044228534901046,0.1200793557522968,False,0.0,0.08725888252703286,True,False,2+2,2+2,model_3,3.880800426631916,0.6706071909118143,2.5436186838164794,3.4467463642795457
OLD,steady,8,1,steady_r8_s1,23,1787608000.5548818,True,14,0.0770388859051242,0.08195756421395951,0.0770388859051242,True,0.06384669574392367,0.0,True,False,2+2,2+2,model_3,3.1460863301128055,0.7265523335871793,1.6213787772785149,2.2218384566837552
OLD,steady,8,1,steady_r8_s1,24,1787608005.5755424,True,14,0.07973309504527282,0.07973309504527282,0.08123280710119232,False,0.0,0.01880915390363264,True,False,2+2,2+2,model_3,3.1571465872786693,0.7053098814730991,1.4809213223568005,2.5715168787733838
OLD,steady,8,1,steady_r8_s1,25,1787608010.5967417,True,14,0.08582358019285408,0.08582358019285408,0.09032669952505243,False,0.0,0.05246948824646324,True,False,2+2,2+2,model_3,3.050489456638399,0.847429255896611,1.9418614982127202,2.5642411566093286
OLD,steady,8,1,steady_r8_s1,26,1787608016.0123277,True,14,0.0849528890136245,0.10041366904300407,0.0849528890136245,True,0.1819923984798212,0.0,True,True,2+2,3+1,model_3,3.965706785728239,0.767428989098189,1.8753484976854136,2.3626723835372365
OLD,steady,8,1,steady_r8_s1,27,1787608021.0344565,True,14,0.07062544275791072,0.09510306699018825,0.07062544275791072,True,0.34658365705658967,0.0,True,True,2+2,3+1,model_3,4.107041239812688,0.6541067723592772,1.6775826478447544,1.5008819935872602
OLD,steady,8,1,steady_r8_s1,28,1787608026.0577226,True,14,0.07466000942737762,0.08892043536939871,0.07466000942737762,True,0.19100487732850238,0.0,True,True,2+2,3+1,model_3,3.394428367146926,0.6277441020782212,1.778066411381984,1.9464764807939519
OLD,steady,8,1,steady_r8_s1,29,1787608031.0781612,True,14,0.06336033276475218,0.06336033276475218,0.07036477880263096,False,0.0,0.1105493884302231,False,True,2+2,3+1,model_3,2.4072008387783645,1.3289550332931845,2.181312896739628,1.3289550332931848
OLD,steady,8,1,steady_r8_s1,30,1787608036.125415,True,14,0.08720336930130244,0.10298471457394234,0.08720336930130244,True,0.18097173766431746,0.0,True,True,2+2,3+1,model_3,4.05960192863787,0.7416268277722816,2.337213141512819,2.01307681687364
OLD,steady,8,1,steady_r8_s1,31,1787608041.1625383,True,14,0.08313503861953313,0.0899047253190403,0.08313503861953313,True,0.0814300060710694,0.0,True,True,2+2,3+1,model_3,3.3481129493269868,0.8931599191157402,2.194053563219505,1.953280726663532
OLD,steady,8,1,steady_r8_s1,32,1787608046.183672,True,14,0.09223093680502652,0.09223093680502652,0.10551024053382403,False,0.0,0.14397884472180492,False,True,2+2,2+2,model_3,3.2949280234350242,1.0758028859022266,3.1199248020177937,2.1436348927379356
OLD,steady,8,1,steady_r8_s1,33,1787608051.2076411,True,14,0.09183843231046361,0.09183843231046361,0.1086487385065285,False,0.0,0.18304217279359636,False,True,2+2,2+2,model_5,3.009391354410255,1.016037490509413,3.0141022314581916,2.40602682895929
OLD,steady,8,1,steady_r8_s1,34,1787608056.2310472,True,14,0.0856190372722806,0.0856190372722806,0.09703638820208452,False,0.0,0.13335061095694334,False,True,2+2,2+2,model_3,2.6265541105684926,0.9707641463135102,2.4187007378540777,2.422126268899131
OLD,steady,8,1,steady_r8_s1,35,1787608061.2541757,True,14,0.09002585406212617,0.09002585406212617,0.09283683238537473,False,0.0,0.031224122809306795,True,True,2+2,2+2,model_3,2.9675762595318034,0.8153715655562185,2.2692206379922273,2.3621043088578526
OLD,steady,8,1,steady_r8_s1,36,1787608066.3143923,True,14,0.07655668566686832,0.07655668566686832,0.09156972158440192,False,0.0,0.19610352494701633,False,True,2+2,2+2,model_6,2.5749484064747685,0.675181896291186,1.8783480177758942,2.6897649289209693
OLD,steady,8,1,steady_r8_s1,37,1787608071.362527,True,14,0.09025590252294143,0.09345273196259218,0.09025590252294143,True,0.035419616338534556,0.0,True,True,2+2,2+2,model_3,3.3486103232273496,0.6343592217693578,2.0875277940419528,2.4150430306474413
OLD,steady,8,1,steady_r8_s1,38,1787608076.3882182,True,14,0.07793941488992102,0.07793941488992102,0.08552988448898323,False,0.0,0.0973893582570863,False,True,2+2,2+2,model_3,3.0817761052975126,0.580628047450549,1.4519535698324049,2.8148517223894887
OLD,steady,8,1,steady_r8_s1,39,1787608081.4134288,True,14,0.07516010537233832,0.07516010537233832,0.07731789198505029,False,0.0,0.02870920153747041,True,False,2+2,1+3,model_3,3.6067808098919314,0.7652766477337558,0.765276647733756,3.091859284067327
OLD,steady,8,1,steady_r8_s1,40,1787608086.4396572,True,14,0.07454178706472703,0.07662790833153905,0.07454178706472703,True,0.027985930428533742,0.0,True,False,2+2,1+3,model_3,3.340653519143522,1.1167859219467657,1.1167859219467662,2.601859244473659
OLD,steady,8,1,steady_r8_s1,41,1787608091.4676073,True,14,0.07120951444433808,0.07152470470455895,0.07120951444433808,True,0.00442623802002243,0.0,True,False,2+2,1+3,model_3,3.0129702488784886,1.1476162359181499,1.1476162359181503,2.404792783490606
OLD,steady,8,1,steady_r8_s1,42,1787608096.497396,True,14,0.07089703934514646,0.07089703934514646,0.0709973896425909,False,0.0,0.0014154370672082657,True,False,2+2,1+3,model_3,2.9340112036403476,1.1900640362356227,1.1900640362356232,2.3517627728484722
OLD,steady,8,1,steady_r8_s1,43,1787608101.5289423,True,14,0.0712303384181108,0.0825499902910893,0.0712303384181108,True,0.15891616022563212,0.0,True,False,2+2,1+3,model_3,3.5614303441478814,1.2404961418667912,1.2404961418667915,2.0835000616343033
OLD,steady,8,1,steady_r8_s1,44,1787608106.5621896,True,14,0.06776887358092669,0.07853844275322383,0.06776887358092669,True,0.15891616022563196,0.0,True,False,2+2,1+3,model_3,3.207704343301592,1.3608707358375978,1.3608707358375982,1.9770119746144033
OLD,steady,8,1,steady_r8_s1,45,1787608113.3873432,True,14,0.06567642204299426,0.06993489075346457,0.06567642204299426,True,0.06484014472777697,0.0,True,True,2+2,2+2,model_3,2.502989023462748,0.6784059572252381,1.6555337208930423,1.6208474740721128
OLD,steady,8,1,steady_r8_s1,46,1787608118.417168,True,14,0.07118168085101109,0.0900758615378062,0.07118168085101109,True,0.2654360006803172,0.0,True,True,2+2,2+2,model_3,3.7522358208166597,0.9036247500465172,1.9917712829428673,1.5592492098237838
OLD,steady,8,1,steady_r8_s1,47,1787608123.453258,True,14,0.08411169931456981,0.08411169931456981,0.09067402691056828,False,0.0,0.07801920124638048,True,True,2+2,2+2,model_3,2.939737103549297,0.818253242987649,2.5033692936734337,2.0200603847440175
OLD,steady,8,1,steady_r8_s1,48,1787608128.4878979,False,14,0.066978681817932,0.066978681817932,0.08004862867766287,False,0.0,0.19513592243064556,False,True,1+3,2+2,model_5,2.1128412655608897,0.7713141942639286,2.156686365013389,1.8366770601523628
OLD,steady,8,1,steady_r8_s1,49,1787608133.777514,True,14,0.08076400873667103,0.08076400873667103,0.08617405510848096,False,0.0,0.06698585739409306,True,True,2+2,2+2,model_3,2.5878622468887262,0.5882979215564568,2.1244081996465103,2.1745326510972802
OLD,steady,8,1,steady_r8_s1,50,1787608138.8126953,False,14,0.061558240172287004,0.061558240172287004,0.07716718309041118,False,0.0,0.2535638262958529,False,True,1+3,2+2,model_6,1.8488928222738488,0.3332595333536841,1.731945199310573,2.1176723602505256
OLD,steady,8,1,steady_r8_s1,51,1787608143.8460073,True,14,0.06474999985379075,0.06474999985379075,0.09087646851475026,False,0.0,0.4034975864085651,False,False,2+2,1+3,model_6,2.249588957394305,0.5072844785830002,1.2120901684858054,3.3214386573027714
OLD,steady,8,1,steady_r8_s1,52,1787608148.881725,True,14,0.06342137399900248,0.06342137399900248,0.07414064990444214,False,0.0,0.16901677194203096,False,False,2+2,1+3,model_6,2.0267394140789627,0.5891150615996636,1.6624769566481683,2.0361567930769513
OLD,steady,8,1,steady_r8_s1,53,1787608153.980982,False,14,0.07365794572089693,0.07365794572089693,0.07814388777199802,False,0.0,0.06090235082171748,False,False,2+2,1+3,model_3,2.5272825724764716,0.4947582241294657,1.7573943755810932,2.140947775732136
OLD,steady,8,1,steady_r8_s1,54,1787608159.0172186,False,14,0.08360094821909791,0.09229058673362193,0.08360094821909791,True,0.103941865488781,0.0,False,False,2+2,1+3,model_3,3.365945771100481,0.5893317966573859,2.0944424807438775,2.0761345102955735
OLD,steady,8,1,steady_r8_s1,55,1787608164.0556777,False,14,0.08112256369628945,0.09653322158360325,0.08112256369628945,True,0.18996758959700732,0.0,False,False,2+2,1+3,model_3,3.6656520581092273,0.6016109288189146,2.02033570869528,2.0266028107004717
OLD,steady,8,1,steady_r8_s1,56,1787608169.0915508,False,14,0.09162144028244848,0.09162144028244848,0.09723747033026285,False,0.0,0.06129602449493702,False,False,2+2,1+3,model_3,3.3766171646491805,0.7140790755392667,2.824852640446392,2.026005693880901
OLD,steady,8,1,steady_r8_s1,57,1787608174.1294732,False,14,0.08606114817293443,0.08606114817293443,0.08761279403118359,False,0.0,0.018029574217755293,False,False,2+2,1+3,model_3,3.1476428411820416,0.6908331966700696,2.4436074127746736,1.927107401960661
OLD,steady,8,1,steady_r8_s1,58,1787608179.1678255,False,14,0.08105174962744385,0.08785171501534396,0.08105174962744385,True,0.08389658976094035,0.0,False,False,2+2,1+3,model_3,3.33643535925202,0.6079287296739628,2.1995069626815535,1.8438988751781553
OLD,steady,8,1,steady_r8_s1,59,1787608184.2144692,False,14,0.09187980460594343,0.09825413228531706,0.09187980460594343,True,0.06937680926414692,0.0,False,False,2+2,1+3,model_3,3.5416512808642993,0.4783822883020945,2.173783918068509,2.4097980531131453
OLD,steady,8,1,steady_r8_s1,60,1787608189.2565873,False,14,0.08429261852472204,0.08477607502173046,0.08429261852472204,True,0.005735454722724287,0.0,False,False,2+2,1+3,model_3,3.2195573428509756,0.4621126756775249,2.4256659002286836,1.779416252815165
OLD,steady,8,1,steady_r8_s1,61,1787608194.3001518,False,14,0.09223727384052023,0.09584813648662405,0.09223727384052023,True,0.03914754302416892,0.0,False,False,2+2,1+3,model_3,3.5231232051253425,0.6829714922408043,2.472680548420072,2.128734389928693
OLD,steady,8,1,steady_r8_s1,62,1787608199.3398979,False,14,0.09925881528765683,0.09953453311484313,0.09925881528765683,True,0.002777766653644382,0.0,False,False,2+2,1+3,model_3,3.9607141492423454,0.707303376225656,3.043178154724967,1.9085184469885697
OLD,steady,8,1,steady_r8_s1,63,1787608204.4022338,False,14,0.09711682001312434,0.09711682001312434,0.10771947696136137,False,0.0,0.10917425989446722,False,False,2+2,1+3,model_3,3.8387616686987514,0.5446046253544452,3.4858651209074543,1.887906130161086
OLD,steady,8,1,steady_r8_s1,64,1787608209.4637525,False,14,0.10604196531844783,0.10604196531844783,0.10673626163968065,False,0.0,0.006547373194638861,False,False,2+2,1+3,model_3,3.8453604567855417,0.7079222855821925,2.917127292471998,2.4075945723731653
OLD,steady,8,1,steady_r8_s1,65,1787608214.5074666,False,14,0.09618324706525391,0.10345579390027416,0.09618324706525391,True,0.07561136743581047,0.0,False,False,2+2,1+3,model_3,4.216828368779522,0.7437361449678166,2.914638179126276,1.8836284156798087
OLD,steady,8,1,steady_r8_s1,66,1787608219.8479488,False,14,0.09289115717187185,0.09289115717187185,0.09481092693265553,False,0.0,0.020666873136606752,False,False,2+2,1+3,model_3,3.3139714086095142,0.696545326210213,2.5662834584882335,2.163522587827953
OLD,steady,8,1,steady_r8_s1,67,1787608224.9251523,False,14,0.09580879703095568,0.09580879703095568,0.1037596061786763,False,0.0,0.0829862120610044,False,False,2+2,1+3,model_3,3.198892126460125,0.5543342236263009,2.374298111768299,2.8019281792780877
OLD,steady,8,1,steady_r8_s1,68,1787608229.9937372,False,14,0.08587367422901644,0.08587367422901644,0.08798911779721222,False,0.0,0.024634366552828538,False,False,2+2,1+3,model_3,2.9301332830169127,0.5105467757083693,2.255926150454722,2.133562222155423
OLD,steady,8,1,steady_r8_s1,69,1787608235.042235,False,14,0.08338131802472569,0.08338131802472569,0.09082743594116938,False,0.0,0.0893019934541648,False,False,2+2,1+3,model_3,3.0859407988477083,0.5490642275314026,2.7002943072946897,1.830788444286068
OLD,steady,8,1,steady_r8_s1,70,1787608240.1090357,False,14,0.07852590494194861,0.07852590494194861,0.08561996409380403,False,0.0,0.09034036802377254,False,False,2+2,1+3,model_3,2.5972866921615196,0.4993058549740925,2.2381646741567782,2.0331343939759225
OLD,steady,8,1,steady_r8_s1,71,1787608245.155765,False,14,0.09225513000432226,0.09225513000432226,0.09437430309366641,False,0.0,0.02297078860812264,False,False,2+2,1+3,model_3,3.138395207132141,0.5884647128881912,2.4064300111515444,2.301594304509447
OLD,steady,8,1,steady_r8_s1,72,1787608250.2041368,False,14,0.08486910876526987,0.08486910876526987,0.09765651910001819,False,0.0,0.1506721411452028,False,False,2+2,1+3,model_3,2.8953891016154825,0.47968327078526096,2.7626929065381423,2.1090703959084682
OLD,steady,8,1,steady_r8_s1,73,1787608255.2516088,False,14,0.08306847463595657,0.08306847463595657,0.08723080350822836,False,0.0,0.05010720240756782,False,False,2+2,1+3,model_3,3.040206194193729,0.45619286310128837,2.4935828845706904,1.858075676380811
OLD,steady,8,1,steady_r8_s1,74,1787608260.3347359,False,14,0.0852558964305483,0.0896744666364172,0.0852558964305483,True,0.05182715085833841,0.0,False,False,2+2,1+3,model_3,3.40791051351948,0.6097345381222619,2.3732313815057955,1.8799055455040974
OLD,steady,8,1,steady_r8_s1,75,1787608265.3947918,True,14,0.07776629896110232,0.07776629896110232,0.10331594822068073,False,0.0,0.3285439785730064,False,False,2+2,1+3,model_5,2.6551953357636573,0.5901954504560103,3.2236594324784758,1.9304342187961867
OLD,steady,8,1,steady_r8_s1,76,1787608270.4985154,False,14,0.10285406427311995,0.10285406427311995,0.10817888687011333,False,0.0,0.05177065811277791,False,False,2+2,1+3,model_3,4.003466160420856,0.7534139685897738,3.3351811486370084,2.061508555340403
OLD,steady,8,1,steady_r8_s1,77,1787608275.5539615,False,14,0.09219591120911229,0.09219591120911229,0.09789365913478708,False,0.0,0.06180044050708017,False,False,2+2,1+3,model_3,3.3924955478563175,0.5836124828296105,2.839591419548549,2.0440020211169423
OLD,steady,8,1,steady_r8_s1,78,1787608280.632258,False,14,0.08942354470484866,0.09914309974897925,0.08942354470484866,True,0.10869122976740583,0.0,False,False,2+2,1+3,model_3,4.1391059553698994,0.5763046898023596,2.754002155232813,1.707045069086024
OLD,steady,8,1,steady_r8_s1,79,1787608285.6855314,False,14,0.08929006964516563,0.09486940391821214,0.08929006964516563,True,0.06248549581401951,0.0,False,False,2+2,1+3,model_3,3.679606015251456,0.5342984557320833,2.539849736310201,1.9145388552460887
OLD,steady,8,1,steady_r8_s1,80,1787608290.755928,False,14,0.10250557216238801,0.10778469183012414,0.10250557216238801,True,0.0515008067988052,0.0,False,False,2+2,1+3,model_3,3.819143207551813,0.5034466330571581,2.4506838955274586,2.6629827532454216
OLD,steady,8,1,steady_r8_s1,81,1787608295.8121462,False,14,0.08596442166058489,0.10639393871391804,0.08596442166058489,True,0.2376508404139033,0.0,False,False,2+2,1+3,model_3,4.515574195234461,0.5012338623206123,2.5303473482476617,1.7581355776403442
OLD,steady,8,1,steady_r8_s1,82,1787608300.8693435,False,14,0.08519670136454793,0.1104461084146605,0.08519670136454793,True,0.29636601706060134,0.0,False,False,2+2,1+3,model_3,4.745766007462462,0.6187585600378047,2.4832966463418926,1.7668872330590513
OLD,steady,8,1,steady_r8_s1,83,1787608305.9543293,False,14,0.10304187322581719,0.10398535844095672,0.10304187322581719,True,0.009156328253775712,0.0,False,False,2+2,1+3,model_3,4.139049414519768,0.761746220791482,3.147786854447304,1.9926340946421932
OLD,steady,8,1,steady_r8_s1,84,1787608311.0089836,False,14,0.08430645435197906,0.08430645435197906,0.08693630053878745,False,0.0,0.031193889092154172,False,False,2+2,1+3,model_3,3.3225224205877315,0.529386781100214,2.6882076257070855,1.6487591484368778
OLD,steady,8,1,steady_r8_s1,85,1787608316.0956173,False,14,0.05672141128574678,0.05672141128574678,0.05901348519538966,False,0.0,0.04040932441007235,False,False,2+2,1+3,model_3,2.54897947297984,0.4093303894854663,2.14828867362957,0.7957004647701229
OLD,steady,8,2,steady_r8_s2,1,1787609062.524536,True,14,0.00025733643305092416,0.00025733643305092416,0.0003351257447565927,False,0.0,0.30228643019340695,False,False,2+2,2+2,model_6,6.392737038233931e-09,0.0,0.0,0.016718323774556426
OLD,steady,8,2,steady_r8_s2,2,1787609067.5272422,True,14,0.021770615716215413,0.028383463271734393,0.021770615716215413,True,0.3037510579268335,0.0,True,False,2+2,2+2,model_3,1.1644275168715195,0.05378778601151035,0.4866363241872021,0.5994282590619661
OLD,steady,8,2,steady_r8_s2,3,1787609074.1310253,True,14,0.039752492010369796,0.039752492010369796,0.046483739678714074,False,0.0,0.16932894839871604,False,True,2+2,3+1,model_5,1.4621069780368323,0.5787982371649438,1.74012301063528,0.578798237164944
OLD,steady,8,2,steady_r8_s2,4,1787609079.1658368,True,14,0.053027362220373894,0.053027362220373894,0.05337345673536216,False,0.0,0.006526715652005237,True,True,2+2,3+1,model_3,2.044898556678118,0.12494460690029272,1.580671484684587,1.081955140187718
OLD,steady,8,2,steady_r8_s2,5,1787609084.1719391,False,14,0.05320091598343929,0.05320091598343929,0.0622093711407635,False,0.0,0.16932894839871582,False,True,2+2,3+1,model_5,2.2229610062548786,0.879998556476318,2.2234228452373173,0.879998556476318
OLD,steady,8,2,steady_r8_s2,6,1787609089.2138307,False,14,0.07564574834620015,0.07564574834620015,0.08845476336449612,False,0.0,0.16932894839871585,False,True,2+2,3+1,model_5,2.763364930719999,1.0744459543737235,3.338271947688699,1.0744459543737233
OLD,steady,8,2,steady_r8_s2,7,1787609094.2339742,True,14,0.06946012454008184,0.06946012454008184,0.1248576625977715,False,0.0,0.7975444677719028,False,True,1+3,3+1,model_5,1.622419235894567,0.19653692470071116,4.357219149283623,1.871519948513797
OLD,steady,8,2,steady_r8_s2,8,1787609099.243375,False,14,0.08153065679776,0.08153065679776,0.09916735909835854,False,0.0,0.21631988497709603,False,True,2+2,3+1,model_5,2.148498704428219,1.091647578322478,3.855486574197588,1.0916475783224775
OLD,steady,8,2,steady_r8_s2,9,1787609105.4113595,True,14,0.08442390874465128,0.08442390874465128,0.13251110153005044,False,0.0,0.5695921155563145,False,False,1+3,2+2,model_5,2.313116247006638,0.40980633146641465,4.847951808355474,1.762592244926847
OLD,steady,8,2,steady_r8_s2,10,1787609110.4180927,True,14,0.08138763423397369,0.08138763423397369,0.13200161672920965,False,0.0,0.6218878699647488,False,False,2+2,2+2,model_5,2.507177290497226,0.34511220855312796,4.402552775169708,2.1825747531456683
OLD,steady,8,2,steady_r8_s2,11,1787609115.4290733,True,14,0.08712704072774624,0.08712704072774624,0.12534208592942597,False,0.0,0.43861291376914485,False,False,2+2,2+2,model_5,3.1043687806008293,0.46486309513411084,4.219671655987571,2.033233732312035
OLD,steady,8,2,steady_r8_s2,12,1787609120.4412973,True,14,0.07387932312003019,0.07387932312003019,0.11140744016987704,False,0.0,0.5079650904337023,False,False,2+2,2+2,model_5,2.4034265031501434,0.586913755014264,3.6047510978809405,1.9530005365311682
OLD,steady,8,2,steady_r8_s2,13,1787609125.454968,True,14,0.07062238383206404,0.07062238383206404,0.10238639993838515,False,0.0,0.4497726412330418,False,False,2+2,2+2,model_5,2.363505290220643,0.5655587914330227,3.3068510655182752,1.8008704720329614
OLD,steady,8,2,steady_r8_s2,14,1787609130.4654405,True,14,0.07852472631671903,0.07852472631671903,0.11620909776263291,False,0.0,0.47990452451778043,False,False,2+2,2+2,model_5,2.8044347474040308,0.5378508242407305,4.042809333769909,1.7544812425058134
OLD,steady,8,2,steady_r8_s2,15,1787609135.4801707,True,14,0.07833236490327401,0.07833236490327401,0.10640827574031224,False,0.0,0.3584203141537573,False,False,2+2,2+2,model_5,3.0106094135739356,0.5855722057212254,3.699960488113603,1.6083992364158015
OLD,steady,8,2,steady_r8_s2,16,1787609140.4944737,True,14,0.08761898536678189,0.08761898536678189,0.10740305963110018,False,0.0,0.22579666018158234,False,False,2+2,2+2,model_5,3.261611881019697,0.49117234817415567,3.452987197209245,1.9049990314969283
OLD,steady,8,2,steady_r8_s2,17,1787609145.5098126,True,14,0.07819159130320161,0.07819159130320161,0.10441031230595026,False,0.0,0.33531381783855707,False,False,2+2,2+2,model_5,2.7335073559957688,0.5168008681726948,3.3314875588934663,1.8772003257131376
OLD,steady,8,2,steady_r8_s2,18,1787609150.547129,True,14,0.09587993372667897,0.09587993372667897,0.10515318898343118,False,0.0,0.0967173724085699,False,False,2+2,2+2,model_3,3.7517486422538178,0.4494175483700602,3.3437636302863076,1.9019839341957223
OLD,steady,8,2,steady_r8_s2,19,1787609155.5686622,True,14,0.10510031894823724,0.10510031894823724,0.11625348016468172,False,0.0,0.10611919476607397,False,False,2+2,2+2,model_3,4.176820782385079,0.3581085346063242,3.778896292150841,2.02060837653334
OLD,steady,8,2,steady_r8_s2,20,1787609160.5875869,True,14,0.09370125493640606,0.09370125493640606,0.11239662012154758,False,0.0,0.19952096903963393,False,False,2+2,2+2,model_5,3.627631000982286,0.38787757945064505,3.7094667106688735,1.897631865785362
OLD,steady,8,2,steady_r8_s2,21,1787609165.640114,True,14,0.095695144621279,0.095695144621279,0.10591066490219724,False,0.0,0.10675066453315847,False,False,2+2,2+2,model_3,4.189692272285849,0.4595660626780562,3.830391670080552,1.4531438825208578
OLD,steady,8,2,steady_r8_s2,22,1787609170.6590486,True,14,0.09009150991150675,0.09009150991150675,0.10464308884786157,False,0.0,0.1615199806357808,False,False,2+2,2+2,model_3,3.805595123448409,0.4485992382762227,3.713487700819072,1.506812641665459
OLD,steady,8,2,steady_r8_s2,23,1787609175.6788666,True,14,0.08182379267802396,0.08182379267802396,0.10306484069871996,False,0.0,0.2595950068494059,False,False,2+2,2+2,model_5,3.1441092540149476,0.38605725878592856,3.460789012578392,1.6807777083722042
OLD,steady,8,2,steady_r8_s2,24,1787609180.712751,True,14,0.10534466298295778,0.10534466298295778,0.10825312614772388,False,0.0,0.02760902244508222,True,False,2+2,2+2,model_3,4.521839466973171,0.32904832829425135,3.7103953809315406,1.6899978770082313
OLD,steady,8,2,steady_r8_s2,25,1787609185.7411108,True,14,0.10904815821190676,0.10904815821190676,0.15601018566965283,False,0.0,0.43065401770919937,False,False,2+2,1+3,model_5,4.3420007095923685,0.3581750768287988,6.003038480427098,1.7797977742101525
OLD,steady,8,2,steady_r8_s2,26,1787609190.7598977,True,14,0.11204232199068728,0.11204232199068728,0.15675124354243666,False,0.0,0.39903601386862986,False,False,2+2,1+3,model_5,4.140331544531115,0.5799018223146983,5.955973238028772,1.8638319622855193
OLD,steady,8,2,steady_r8_s2,27,1787609195.807356,True,14,0.09974379325884462,0.09974379325884462,0.1449864128923852,False,0.0,0.453588320188823,False,False,2+2,1+3,model_5,3.8306047249714554,0.5640159931113478,5.254436884353324,1.9784595181804703
OLD,steady,8,2,steady_r8_s2,28,1787609200.8409185,True,14,0.09044845040894049,0.09044845040894049,0.12065625418710713,False,0.0,0.3339781239102434,False,False,2+2,1+3,model_5,3.702608123901613,0.5642356863841309,4.388297339039832,1.6308472790208914
OLD,steady,8,2,steady_r8_s2,29,1787609205.8653693,True,14,0.09734875474278762,0.09734875474278762,0.1310237172389768,False,0.0,0.3459208346851924,False,False,2+2,1+3,model_5,3.9232612982688755,0.49607794843298536,4.719260382797087,1.8170829486832751
OLD,steady,8,2,steady_r8_s2,30,1787609210.8882802,True,14,0.07613656922725909,0.07613656922725909,0.11061934839021724,False,0.0,0.4529069212460958,False,False,2+2,1+3,model_5,2.9171680420386497,0.49177612086580247,3.949573318803235,1.5688630026477977
OLD,steady,8,2,steady_r8_s2,31,1787609215.916557,True,14,0.08488775085697814,0.08488775085697814,0.10079495616118374,False,0.0,0.18739105634930317,False,False,2+2,2+2,model_5,3.5116666639002774,0.38223512990272024,3.534437531372793,1.4938920980587596
OLD,steady,8,2,steady_r8_s2,32,1787609220.9432175,True,14,0.07696038964385636,0.07696038964385636,0.08645267161987587,False,0.0,0.123339837804177,False,False,2+2,2+2,model_3,3.257133697066976,0.3047683985431775,3.031866147803699,1.2809739664831552
OLD,steady,8,2,steady_r8_s2,33,1787609225.9655223,True,14,0.061019327151382786,0.061019327151382786,0.08012713586726798,False,0.0,0.31314354988675397,False,False,2+2,2+2,model_5,2.658868961607389,0.432403306249189,3.058034583276063,0.9392453079773723
OLD,steady,8,2,steady_r8_s2,34,1787609230.9944272,True,14,0.07487169162907022,0.07487169162907022,0.0944271435327274,False,0.0,0.261186190376717,False,False,2+2,2+2,model_5,3.107996469337148,0.4191078643003948,3.948456225319605,0.7622041264634482
OLD,steady,8,2,steady_r8_s2,35,1787609236.0211616,True,14,0.08436875227174698,0.08436875227174698,0.11438798327128655,False,0.0,0.35580982521644183,False,False,1+3,2+2,model_5,2.9292449190090384,0.3894302245013721,4.542531980750387,1.16390916908399
OLD,steady,8,2,steady_r8_s2,36,1787609241.0492678,True,14,0.0865642438995097,0.0865642438995097,0.11936957297751598,False,0.0,0.37897089606754003,False,False,2+2,2+2,model_5,3.519960969704018,0.41977519841310307,4.370501097480612,1.5844552169563277
OLD,steady,8,2,steady_r8_s2,37,1787609246.077533,True,14,0.09309286562374493,0.09309286562374493,0.13728081515627316,False,0.0,0.47466526286905214,False,False,2+2,2+2,model_5,3.0945085827104357,0.49022879611649506,4.940248972603016,1.9082404428687192
OLD,steady,8,2,steady_r8_s2,38,1787609251.1125093,True,14,0.10896258237583,0.10896258237583,0.14864313183469885,False,0.0,0.3641667496646148,False,False,2+2,2+2,model_5,3.6832964732422657,0.563585180697076,5.792636397074242,1.6226817148825505
OLD,steady,8,2,steady_r8_s2,39,1787609256.1420496,True,14,0.0971039831602344,0.0971039831602344,0.13993044483016387,False,0.0,0.4410371261419848,False,False,1+3,2+2,model_5,3.188735397809557,0.5394405340235927,5.549628603599145,1.431042142205632
OLD,steady,8,2,steady_r8_s2,40,1787609261.1703248,True,14,0.10255802592739353,0.10255802592739353,0.16558155509474673,False,0.0,0.6145158177281125,False,False,1+3,1+3,model_5,2.3485767873927297,0.4666461817552021,6.581140511415067,1.6791799577841915
OLD,steady,8,2,steady_r8_s2,41,1787609266.1995502,True,14,0.08079240757541324,0.08079240757541324,0.1173862113208324,False,0.0,0.4529361711527383,False,False,2+2,1+3,model_5,2.430755874960066,0.5409917543303533,4.171951286792434,1.684061622497998
OLD,steady,8,2,steady_r8_s2,42,1787609271.229376,True,14,0.08560948729863144,0.08560948729863144,0.1209522953000939,False,0.0,0.4128375150545663,False,False,2+2,1+3,model_5,2.5481156069479405,0.5331912391182589,4.460751255311869,1.5731618824908626
OLD,steady,8,2,steady_r8_s2,43,1787609276.2958903,True,14,0.08146948113287418,0.08146948113287418,0.10828338636006307,False,0.0,0.3291282189886081,False,False,2+2,1+3,model_5,2.5136221810500845,0.7054786370873929,4.046960802357047,1.3549420382850055
OLD,steady,8,2,steady_r8_s2,44,1787609281.3497002,True,14,0.08722892610203574,0.08722892610203574,0.1138347155480109,False,0.0,0.3050110855985219,False,False,2+2,1+3,model_5,3.0471195949036294,0.6652143949606699,4.4231964173235125,1.2556440212063598
OLD,steady,8,2,steady_r8_s2,45,1787609286.381818,True,14,0.0760037403515933,0.0760037403515933,0.09634440239478129,False,0.0,0.2676271187324741,False,False,2+2,1+3,model_5,3.1169253485479107,0.5570587981622255,3.4415343349005476,1.3647717705047324
OLD,steady,8,2,steady_r8_s2,46,1787609292.3753548,True,14,0.08164802421903457,0.08164802421903457,0.09352058915040148,False,0.0,0.14541153989858668,False,False,2+2,2+2,model_3,3.368574073538217,0.8323620785768981,3.2194869424497057,1.4459483858306743
OLD,steady,8,2,steady_r8_s2,47,1787609297.4083788,True,14,0.09675264737211642,0.10217203484791035,0.09675264737211642,True,0.05601280815552927,0.0,True,False,2+2,2+2,model_3,4.5383344221696404,1.031536159792216,3.3402489047581887,1.4864232030125097
OLD,steady,8,2,steady_r8_s2,48,1787609302.4711332,True,14,0.09549855901816388,0.09556339567582918,0.09549855901816388,True,0.000678928125532909,0.0,True,False,2+2,2+2,model_3,4.304171043946506,0.7485191473860132,3.433213457214052,1.3308962975553662
OLD,steady,8,2,steady_r8_s2,49,1787609307.5168223,True,14,0.08686425743849001,0.08686425743849001,0.13026636315250711,False,0.0,0.4996543687114443,False,False,2+2,2+2,model_5,3.304136951397536,0.354618102315553,4.712520133847301,1.7860412873271843
OLD,steady,8,2,steady_r8_s2,50,1787609312.5741184,True,14,0.08041340994456718,0.08041340994456718,0.1188832632935981,False,0.0,0.4784009703798164,False,False,2+2,2+2,model_5,2.8950894570023067,0.5595276195406986,4.131306979706153,1.799388940303774
OLD,steady,8,2,steady_r8_s2,51,1787609317.892814,True,14,0.09416678289926729,0.09416678289926729,0.1431459719160888,False,0.0,0.5201323386954384,False,False,2+2,2+2,model_5,2.8118033213496014,0.39180078061217305,5.101322861677702,2.0397599794956185
OLD,steady,8,2,steady_r8_s2,52,1787609322.9397583,True,14,0.0795329717407672,0.0795329717407672,0.11839896716173774,False,0.0,0.4886777718761955,False,False,2+2,2+2,model_5,2.900894881875271,0.3891251796175177,4.250349951205712,1.656186023882384
OLD,steady,8,2,steady_r8_s2,53,1787609327.9767907,True,14,0.07450445488308746,0.07450445488308746,0.11331672476228823,False,0.0,0.5209389148622731,False,False,2+2,2+2,model_5,2.794538845710764,0.26582994903389245,4.054249366224577,1.5987502116628565
OLD,steady,8,2,steady_r8_s2,54,1787609333.013744,True,14,0.07540891537721571,0.07540891537721571,0.10367544966217494,False,0.0,0.3748434007247341,False,False,2+2,2+2,model_5,2.7524607937583547,0.396280247460187,3.477866596722716,1.6941614018539881
OLD,steady,8,2,steady_r8_s2,55,1787609338.0493836,True,14,0.09601102633085902,0.09601102633085902,0.11413596359019884,False,0.0,0.1887797469936457,False,False,2+2,2+2,model_5,3.4974610819824608,0.5154937552303451,3.529867109454909,2.16400160542958
OLD,steady,8,2,steady_r8_s2,56,1787609343.0845742,True,14,0.0900247291369131,0.0900247291369131,0.10535881338810012,False,0.0,0.1703319121112416,False,False,2+2,2+2,model_3,3.2944430089192487,0.32646337396618863,3.2419785835018846,2.0140269078240007
OLD,steady,8,2,steady_r8_s2,57,1787609348.1327474,True,14,0.09329089167063598,0.09329089167063598,0.1100890272045131,False,0.0,0.1800619035048249,False,False,2+2,2+2,model_3,3.6413876299774164,0.25088786377996986,3.6323029081600393,1.8596774294526053
OLD,steady,8,2,steady_r8_s2,58,1787609353.1709995,True,14,0.0805319791639407,0.0805319791639407,0.09550179266607105,False,0.0,0.1858865714905128,False,False,2+2,2+2,model_5,3.4742678006142964,0.35078197206617046,3.489826014165572,1.274445056687527
OLD,steady,8,2,steady_r8_s2,59,1787609358.2291777,True,14,0.08023421126619971,0.09361181010717151,0.08023421126619971,True,0.1667318545275883,0.0,True,False,2+2,2+2,model_3,3.9165597389314946,0.3998485614001095,2.3991926788058264,1.6034288527591598
OLD,steady,8,2,steady_r8_s2,60,1787609363.2741523,True,14,0.06761507026089615,0.0920104778897923,0.06761507026089615,True,0.3607983772665656,0.0,True,True,2+2,3+1,model_3,4.356947166393287,0.2012594061166581,2.090447915067848,1.0686159937057749
OLD,steady,8,2,steady_r8_s2,61,1787609368.3404322,True,14,0.07348389116721152,0.08371534088911503,0.07348389116721152,True,0.13923391316638362,0.0,True,True,2+2,3+1,model_3,3.708084949518242,0.19947597768889763,2.437529659302704,1.2283405520115862
OLD,steady,8,2,steady_r8_s2,62,1787609373.3909273,True,14,0.06909419620191791,0.06909419620191791,0.08079384378524322,False,0.0,0.16932894839871593,False,True,2+2,3+1,model_5,2.7389361450427123,0.7759607191023618,3.254579042543502,0.7759607191023619
OLD,steady,8,2,steady_r8_s2,63,1787609378.4302735,False,14,0.09750379542405872,0.09750379542405872,0.11401401056809807,False,0.0,0.16932894839871543,False,True,2+2,3+1,model_5,3.6132965951705986,0.9366083380996876,4.75117654067055,0.9366083380996861
OLD,steady,8,2,steady_r8_s2,64,1787609383.5166183,False,14,0.09697484419379022,0.09697484419379022,0.11339549258225401,False,0.0,0.16932894839871554,False,True,2+2,3+1,model_5,3.575016095055313,0.9710277471382606,4.685901298830357,0.9710277471382605
OLD,steady,8,2,steady_r8_s2,65,1787609388.5573213,False,14,0.0961434665639074,0.0961434665639074,0.11242333865258093,False,0.0,0.16932894839871573,False,True,2+2,3+1,model_5,3.6949358311727294,0.9160411714174377,4.692390304879872,0.916041171417437
OLD,steady,8,2,steady_r8_s2,66,1787609393.5975766,True,14,0.10037977633187388,0.10037977633187388,0.15041939320155784,False,0.0,0.4985029723939994,False,False,1+3,2+2,model_5,3.0995834764339745,0.3304108615045239,6.441362405046321,1.062567558145458
OLD,steady,8,2,steady_r8_s2,67,1787609398.6458192,True,14,0.11031251587619186,0.11031251587619186,0.14615388908940677,False,0.0,0.32490758576697787,False,False,2+2,2+2,model_5,4.309267407288011,0.2855254581127846,5.095629650068323,2.1955083091536065
OLD,steady,8,2,steady_r8_s2,68,1787609403.7020335,True,14,0.1105893028465218,0.1105893028465218,0.15863944156884047,False,0.0,0.4344917409326984,False,False,2+2,2+2,model_5,4.371065427178622,0.15326769539034313,5.763969673881715,2.1500315303200885
OLD,steady,8,2,steady_r8_s2,69,1787609408.747373,True,14,0.10517001485307784,0.10517001485307784,0.13151418945412,False,0.0,0.2504913081722474,False,False,2+2,2+2,model_5,4.20756200237166,0.19819182104018296,4.566834480121386,1.9939769008105142
OLD,steady,8,2,steady_r8_s2,70,1787609413.7926896,True,14,0.10915871150905973,0.10915871150905973,0.12917347203124468,False,0.0,0.1833546791226444,False,False,2+2,2+2,model_5,4.433257112479369,0.34357548747862454,4.440558212971614,2.0034824562120805
OLD,steady,8,2,steady_r8_s2,71,1787609418.8858635,True,14,0.1044211232745641,0.1044211232745641,0.11790376159303866,False,0.0,0.12911792073930686,False,False,2+2,2+2,model_3,4.26934753606313,0.3695277887431414,3.9938001646315446,1.8880316295274264
OLD,steady,8,2,steady_r8_s2,72,1787609423.9573143,True,14,0.09986892038474245,0.09986892038474245,0.11765533031441945,False,0.0,0.17809754887862328,False,False,2+2,2+2,model_3,4.018010636081836,0.2856600446164348,3.998498666462974,1.8709397063708184
OLD,steady,8,2,steady_r8_s2,73,1787609429.0070882,True,14,0.08627381714918055,0.08627381714918055,0.0997195115730743,False,0.0,0.15584907296548728,False,False,2+2,2+2,model_3,3.420690344108531,0.3482449104693366,3.3080789203752383,1.666600307358089
OLD,steady,8,2,steady_r8_s2,74,1787609434.0572107,True,14,0.08536255450690988,0.08536255450690988,0.11616891904291413,False,0.0,0.3608885033250797,False,False,2+2,2+2,model_5,3.476563241831643,0.38659169071256616,4.238293021276949,1.5569931705084272
OLD,steady,8,2,steady_r8_s2,75,1787609439.105012,True,14,0.09664161292727545,0.09664161292727545,0.11576929348802832,False,0.0,0.19792385475961366,False,False,2+2,2+2,model_5,4.298081115619724,0.45953095769820906,4.374784940588174,1.400565243535301
OLD,steady,8,2,steady_r8_s2,76,1787609444.1736572,True,14,0.09460099801448182,0.09460099801448182,0.10929795039518425,False,0.0,0.15535726566492006,False,False,2+2,2+2,model_3,3.8043697568602,0.5574939436743978,3.6785680340839804,1.7739480772320282
OLD,steady,8,2,steady_r8_s2,77,1787609449.2241118,True,14,0.07360114035553385,0.07360114035553385,0.1054092858653992,False,0.0,0.4321691940670291,False,False,2+2,2+2,model_5,2.9649719309395337,0.26376248630034826,3.8834718354319246,1.3750515621735953
OLD,steady,8,2,steady_r8_s2,78,1787609454.2714686,True,14,0.08682881973599782,0.08682881973599782,0.10593833644938688,False,0.0,0.2200826496489456,False,False,2+2,2+2,model_5,3.6988748793122546,0.25285101495125795,3.8637734983371166,1.4211424969563198
OLD,steady,8,2,steady_r8_s2,79,1787609459.3355734,True,14,0.08334150772909654,0.08334150772909654,0.08355689111656031,False,0.0,0.0025843471438491074,True,False,2+2,2+2,model_3,3.5031504918446634,0.30115519895540177,2.757147861083002,1.4112312656732153
OLD,steady,8,2,steady_r8_s2,80,1787609464.6163626,True,14,0.08020887409815111,0.08020887409815111,0.0992176498782716,False,0.0,0.2369909314131447,False,False,2+2,1+3,model_5,3.2137001010482913,0.2480712233773701,3.433682709043473,1.515960285469834
OLD,steady,8,2,steady_r8_s2,81,1787609469.6695821,True,14,0.08284709975332692,0.08284709975332692,0.10190981778214539,False,0.0,0.23009517636195778,False,False,2+2,1+3,model_5,3.218686230021522,0.31323929483415003,3.4174045447458665,1.6665418728157693
OLD,steady,8,2,steady_r8_s2,82,1787609474.7208333,True,14,0.08017858801688356,0.08405942392044148,0.08017858801688356,True,0.04840239769177174,0.0,True,False,2+2,1+3,model_3,3.914382007519918,1.0423329682262703,2.9575137019441198,1.0423329682262705
OLD,steady,8,2,steady_r8_s2,83,1787609479.7754107,True,14,0.08656717114601012,0.08656717114601012,0.12330533302998244,False,0.0,0.42438907726356473,False,False,2+2,1+3,model_5,3.2300887554563817,0.305771372665651,4.276798427688062,1.8745000415537574
OLD,steady,8,2,steady_r8_s2,84,1787609484.8277214,True,14,0.0887426257322297,0.0887426257322297,0.09853953930791845,False,0.0,0.1103969315180032,False,False,2+2,1+3,model_3,3.44149852386141,0.23292279517676806,3.1244444213635703,1.7913698618451273
OLD,steady,8,2,steady_r8_s2,85,1787609489.878533,True,14,0.056476690545166484,0.056476690545166484,0.05862212031583031,False,0.0,0.03798788048580944,True,False,2+2,1+3,model_3,2.5567268952438416,0.7735226443052234,2.1509425844192642,0.7735226443052237
OLD,steady,8,2,steady_r8_s2,86,1787609494.9513586,True,14,0.047437278594974076,0.047437278594974076,0.06041084840248157,False,0.0,0.27348891403062126,False,True,2+2,2+2,model_5,1.7808142515179401,0.09053890348000693,1.9972888840088032,1.0164101196946818
OLD,steady,10,1,steady_r10_s1,1,1787610244.7481675,True,14,0.0010595650548757126,0.0013342491202485848,0.0010595650548757126,True,0.2592422844721815,0.0,True,False,3+1,2+2,model_3,0.07761314026964596,0.014089816553700268,2.6817001702594823e-08,0.010691896934963899
OLD,steady,10,1,steady_r10_s1,2,1787610249.83832,True,14,0.016519038045874457,0.016519038045874457,0.021003109795591456,False,0.0,0.2714487210008499,False,True,2+2,3+1,model_6,0.44834384627115,0.3328832028111307,0.5125673063075199,0.5352089249405211
OLD,steady,10,1,steady_r10_s1,3,1787610254.8438897,True,14,0.03609504638787162,0.041781513183455375,0.03609504638787162,True,0.157541473543984,0.0,True,True,2+2,3+1,model_3,1.7248462147463688,0.503783574640381,1.0617876411473761,0.7388757862725791
OLD,steady,10,1,steady_r10_s1,4,1787610259.8525743,True,14,0.049834754372502975,0.049834754372502975,0.06311383402513117,False,0.0,0.26646222741202297,False,True,2+2,3+1,model_5,1.377885602940253,0.5998290799894229,1.5878318517872514,1.5607102354586477
OLD,steady,10,1,steady_r10_s1,5,1787610264.861267,True,14,0.06242775492916934,0.06242775492916934,0.07299858102221833,False,0.0,0.1693289483987158,False,True,2+2,3+1,model_5,2.241191203166537,1.1678593923858893,2.473800288218604,1.1678593923858895
OLD,steady,10,1,steady_r10_s1,6,1787610269.8714705,False,14,0.08531023894051278,0.08531023894051278,0.09975573198795297,False,0.0,0.1693289483987157,False,True,2+2,3+1,model_5,2.668140639815,1.5713753877114836,3.405110757671905,1.571375387711483
OLD,steady,10,1,steady_r10_s1,7,1787610274.8818693,False,14,0.0990092416611668,0.0990092416611668,0.11111819962994669,False,0.0,0.1223012899161437,False,True,2+2,3+1,model_3,4.062431006201842,1.775826835579968,3.7674955373655363,1.775826835579968
OLD,steady,10,1,steady_r10_s1,8,1787610283.476051,True,14,0.11113979772983361,0.11113979772983361,0.13515491724066334,False,0.0,0.21608028808192867,False,False,2+2,2+2,model_5,3.9567264027517073,0.9481592794572302,4.14560386935252,2.596831474711977
OLD,steady,10,1,steady_r10_s1,9,1787610288.4870985,True,14,0.08919767300694863,0.08919767300694863,0.10883708541371512,False,0.0,0.22017852870709476,False,False,2+2,2+2,model_5,3.6706921787803477,0.972148217097091,3.840516182460671,1.5890088871430623
OLD,steady,10,1,steady_r10_s1,10,1787610293.5004222,True,14,0.11033893356426709,0.11033893356426709,0.12808142481544613,False,0.0,0.16079991602279617,False,False,2+2,2+2,model_3,3.706037441044418,1.0057015139775527,3.5892659750235927,2.800296041843839
OLD,steady,10,1,steady_r10_s1,11,1787610298.5137138,True,14,0.09868614966680377,0.09868614966680377,0.10830334035869824,False,0.0,0.09745228407801099,False,False,2+2,2+2,model_3,3.7261322582670533,2.0144333579954785,2.014433357995479,3.3884649221644234
OLD,steady,10,1,steady_r10_s1,12,1787610303.5460107,True,14,0.114757139925898,0.12109705330734437,0.114757139925898,True,0.05524635230139256,0.0,True,False,2+2,2+2,model_3,4.3880538031076375,0.9101012731089062,2.972205622610085,2.7526515414275847
OLD,steady,10,1,steady_r10_s1,13,1787610308.5958288,True,14,0.117182856793766,0.117182856793766,0.12484278038297283,False,0.0,0.06536727127832179,True,False,2+2,2+2,model_3,3.841128191963285,0.9305043637198072,3.159227151106455,3.068769521826928
OLD,steady,10,1,steady_r10_s1,14,1787610313.6133945,True,14,0.09696784453928735,0.09696784453928735,0.12633024682367544,False,0.0,0.30280555810943766,False,False,2+2,1+3,model_5,3.283939597281701,0.6504413753457112,3.8682578978377435,2.4339435950730346
OLD,steady,10,1,steady_r10_s1,15,1787610318.8719134,True,14,0.0965123266849032,0.0965123266849032,0.10889919864707676,False,0.0,0.12834497299619194,False,False,2+2,1+3,model_3,3.36500077800413,1.03269692890207,3.106601709448899,2.326021985558199
OLD,steady,10,1,steady_r10_s1,16,1787610323.8877873,True,14,0.09142004268084453,0.09142004268084453,0.10999025342587886,False,0.0,0.20313062869446016,False,False,2+2,1+3,model_5,2.902694127581896,1.010936128496911,2.998999878414749,2.4880529594832934
OLD,steady,10,1,steady_r10_s1,17,1787610328.9064171,True,14,0.08591251730510557,0.08750651521208282,0.08591251730510557,True,0.018553732994650775,0.0,True,False,2+2,1+3,model_3,3.633086698672666,1.5268922090773187,2.7590013788269907,1.5268922090773192
OLD,steady,10,1,steady_r10_s1,18,1787610333.960035,True,14,0.07937531699608515,0.08329983171784319,0.07937531699608515,True,0.049442507699863504,0.0,True,False,2+2,1+3,model_3,3.3806396548935598,1.531284601734182,2.428489512941612,1.5312846017341826
OLD,steady,10,1,steady_r10_s1,19,1787610338.98414,True,14,0.09464994250489821,0.09464994250489821,0.10740171042072555,False,0.0,0.13472557487467493,False,False,2+2,1+3,model_3,3.2178711549459025,0.8444646523741062,2.9945861420568214,2.3633327789708583
OLD,steady,10,1,steady_r10_s1,20,1787610344.0028448,True,14,0.09263822082720782,0.09263822082720782,0.09825310577934401,False,0.0,0.06061088934997227,True,False,2+2,2+2,model_3,3.0580070133428396,0.6358271742846262,2.496952917291616,2.404572137036519
OLD,steady,10,1,steady_r10_s1,21,1787610349.0256176,True,14,0.09685808966441305,0.09955113475962947,0.09685808966441305,True,0.027804028600472014,0.0,True,False,2+2,2+2,model_3,3.7764029074250325,0.9294297026406575,2.7381236431290654,2.0938086346217903
OLD,steady,10,1,steady_r10_s1,22,1787610354.0570064,True,14,0.10857321963836829,0.10857321963836829,0.11738226686579584,False,0.0,0.08113462285422135,True,False,2+2,2+2,model_3,3.8337137831798356,0.9998316903081466,3.287314928070813,2.568501205300588
OLD,steady,10,1,steady_r10_s1,23,1787610359.115212,True,14,0.09579119427609627,0.09579119427609627,0.11024387646982498,False,0.0,0.1508769391899651,False,False,2+2,2+2,model_3,2.9818827731403563,0.7978141519268218,2.8330881372080263,2.6666171221518753
OLD,steady,10,1,steady_r10_s1,24,1787610364.14425,True,14,0.09069821357636063,0.09069821357636063,0.12723009102201072,False,0.0,0.4027849723290655,False,False,2+2,2+2,model_5,2.5606349206024186,0.7202095039455312,3.5595435510717435,2.7875482162802054
OLD,steady,10,1,steady_r10_s1,25,1787610369.1653228,True,14,0.10395438370668203,0.10395438370668203,0.13012336277062145,False,0.0,0.2517352143395692,False,False,2+2,2+2,model_5,2.92818135392407,0.6854021278418703,3.2897519269685533,3.201675674373659
OLD,steady,10,1,steady_r10_s1,26,1787610374.19243,True,14,0.1080757643025453,0.1080757643025453,0.11783663913329377,False,0.0,0.0903151126780289,True,False,2+2,2+2,model_3,3.5900759994423335,0.6649193966519027,2.6966827666176405,3.181800508270229
OLD,steady,10,1,steady_r10_s1,27,1787610379.2153904,True,14,0.10238412782419874,0.11796656072708615,0.10238412782419874,True,0.15219578692552446,0.0,True,False,2+2,1+3,model_3,4.383265958876682,0.6520609317708628,2.478839662480363,2.6287685267494894
OLD,steady,10,1,steady_r10_s1,28,1787610384.242591,True,14,0.1026442231797323,0.11167195316944786,0.1026442231797323,True,0.087951661672258,0.0,True,False,2+2,1+3,model_3,4.810379834488077,1.7745575446892667,3.3460259483902686,1.7745575446892674
OLD,steady,10,1,steady_r10_s1,29,1787610389.2947285,True,14,0.09558404219302938,0.10927689709961916,0.09558404219302938,True,0.1432546123016793,0.0,True,False,2+2,1+3,model_3,4.850271828900366,1.5934367655031525,2.4839131912172987,1.5934367655031532
OLD,steady,10,1,steady_r10_s1,30,1787610394.3385968,True,14,0.0994922305609103,0.1137449514769428,0.0994922305609103,True,0.14325461230167932,0.0,True,False,2+2,1+3,model_3,4.9369174585821165,1.7702579907155003,2.894417098826491,1.7702579907155007
OLD,steady,10,1,steady_r10_s1,31,1787610399.3923366,True,14,0.1041534898074119,0.1041534898074119,0.10430514471693259,False,0.0,0.0014560713212884567,True,False,2+2,1+3,model_3,4.1946748712104505,1.9469228060855897,3.2565186125860737,1.94692280608559
OLD,steady,10,1,steady_r10_s1,32,1787610404.4313362,True,14,0.10726278230589674,0.10726278230589674,0.10995536839820991,False,0.0,0.025102706031196655,True,False,2+2,1+3,model_3,4.412724251525677,1.9122184449534796,3.573094093380656,1.9122184449534803
OLD,steady,10,1,steady_r10_s1,33,1787610413.4164019,True,14,0.1202127644624313,0.1202127644624313,0.13774858043824875,False,0.0,0.14587316125899188,False,True,2+2,2+2,model_3,4.1116947938354285,1.0958712610093349,3.894957820531691,2.976866870002976
OLD,steady,10,1,steady_r10_s1,34,1787610418.452191,True,14,0.09007291449063407,0.09007291449063407,0.11080843715043401,False,0.0,0.2302081905205372,False,True,2+2,2+2,model_5,3.301075387313625,0.8859652769694564,3.517633473855915,2.010235865394838
OLD,steady,10,1,steady_r10_s1,35,1787610423.4966788,True,14,0.10538701979297986,0.10538701979297986,0.1352636710810066,False,0.0,0.28349460252994935,False,True,2+2,2+2,model_6,3.1688779583485793,0.7707447679605979,2.9614767496481376,3.7863839666625463
OLD,steady,10,1,steady_r10_s1,36,1787610428.5512125,True,14,0.10216778205418854,0.10216778205418854,0.13200455393072805,False,0.0,0.29203699323446647,False,True,2+2,2+2,model_6,3.088540173574619,0.7727276308186735,2.8545517266595555,3.7307223290018805
OLD,steady,10,1,steady_r10_s1,37,1787610433.604377,True,14,0.1159847426331425,0.1159847426331425,0.11990074072453182,False,0.0,0.03376304505649974,True,True,2+2,2+2,model_3,4.567600785921716,0.5692558064524658,2.179222631740165,3.8022318987012254
OLD,steady,10,1,steady_r10_s1,38,1787610438.6513116,True,14,0.12061866342951064,0.12061866342951064,0.12213478596945924,False,0.0,0.012569551815956145,True,True,2+2,2+2,model_3,4.409898387805706,0.5638507732975234,2.606479840555847,3.486423876694012
OLD,steady,10,1,steady_r10_s1,39,1787610443.692027,True,14,0.10262605831557893,0.10262605831557893,0.10661770207070285,False,0.0,0.038895031346224684,True,True,2+2,2+2,model_3,3.4410750509992,0.8557221338833776,2.5286747435572208,2.790132573415226
OLD,steady,10,1,steady_r10_s1,40,1787610448.8032918,True,14,0.11775096213186312,0.11775096213186312,0.12887130141553693,False,0.0,0.09443947703137007,True,True,2+2,2+2,model_3,3.702196631570904,0.9119142300985851,3.147367636345657,3.28159873231771
OLD,steady,10,1,steady_r10_s1,41,1787610453.8448033,True,14,0.1074457981050664,0.1074457981050664,0.11670803872927132,False,0.0,0.08620384219351046,True,True,2+2,2+2,model_3,3.48183445808299,0.9155361719580948,2.7682792234857456,3.05390188046552
OLD,steady,10,1,steady_r10_s1,42,1787610458.8898191,True,14,0.10461590160676967,0.10461590160676967,0.1273234643094273,False,0.0,0.21705651200150067,False,True,2+2,2+2,model_6,3.0992755696958167,0.8377472470430565,2.9862232536526623,3.3655266006273994
OLD,steady,10,1,steady_r10_s1,43,1787610463.9528174,True,14,0.09472005170799533,0.09472005170799533,0.1287925734711918,False,0.0,0.3597181499460732,False,False,2+2,1+3,model_6,2.674438492762376,0.901867130908323,2.8354195150876724,3.589619374758385
OLD,steady,10,1,steady_r10_s1,44,1787610468.992007,True,14,0.0940404511909335,0.0940404511909335,0.13294709754837647,False,0.0,0.4137224552277986,False,False,2+2,1+3,model_6,2.6423676009231007,0.9599853080918685,2.827958097943251,3.80433636608142
OLD,steady,10,1,steady_r10_s1,45,1787610474.049161,True,14,0.09360877117999426,0.09397018235674698,0.09360877117999426,True,0.003860868721989539,0.0,True,False,2+2,1+3,model_3,3.6855651592506633,1.7806730070208117,1.780673007020812,2.889161433368667
OLD,steady,10,1,steady_r10_s1,46,1787610479.0870576,True,14,0.07711070845874012,0.08936484615928128,0.07711070845874012,True,0.15891616022563232,0.0,True,False,2+2,1+3,model_3,3.771673698682932,1.426672420773853,1.4266724207738537,2.410435293873575
OLD,steady,10,1,steady_r10_s1,47,1787610484.1264696,True,14,0.08657327982743433,0.08672644866452166,0.08657327982743433,True,0.0017692391623909264,0.0,True,False,2+2,1+3,model_3,3.543252794454424,1.5016179488569983,1.5016179488569987,2.8172389131592657
OLD,steady,10,1,steady_r10_s1,48,1787610489.173493,True,14,0.08775584222653073,0.08775584222653073,0.09595583542771075,False,0.0,0.09344099484582193,False,False,2+2,1+3,model_3,2.9002069015667913,0.7710018150087055,2.204543584825328,2.582378189578164
OLD,steady,10,1,steady_r10_s1,49,1787610494.2139835,False,14,0.07804710869502161,0.07804710869502161,0.0912627435359099,False,0.0,0.16932894839871582,False,False,2+2,2+2,model_3,3.2293951757634756,1.363714542343569,3.1890842767857484,1.363714542343569
OLD,steady,10,1,steady_r10_s1,50,1787610499.2938263,True,14,0.08505335069821063,0.08505335069821063,0.10468568448608173,False,0.0,0.23082375505147656,False,False,2+2,2+2,model_5,2.627488167270983,0.7419918796477982,2.8345898122198565,2.387835486888542
OLD,steady,10,1,steady_r10_s1,51,1787610504.3409905,True,14,0.09708668537659783,0.09708668537659783,0.10019907332547026,False,0.0,0.032057824786164306,True,False,2+2,2+2,model_3,3.2857735038791733,0.6916297228180666,2.3617513995802275,2.6368515904181344
OLD,steady,10,1,steady_r10_s1,52,1787610509.3869598,True,14,0.10162803989997898,0.10162803989997898,0.10230899535506373,False,0.0,0.006700468254183907,True,False,2+2,2+2,model_3,3.5845397425034977,0.5535680843958302,2.6957198337901622,2.4081402430829577
OLD,steady,10,1,steady_r10_s1,53,1787610514.434801,True,14,0.08597750958916087,0.08899741509973608,0.08597750958916087,True,0.03512436595344148,0.0,True,False,2+2,2+2,model_3,3.5494104140390355,0.5405191107777214,2.5906537551527364,1.6984820845471598
OLD,steady,10,1,steady_r10_s1,54,1787610519.482461,True,14,0.11089196370628776,0.11174692759725195,0.11089196370628776,True,0.0077098814232262865,0.0,True,False,2+2,2+2,model_3,4.533041681400986,0.5177482396348427,3.475719505419283,2.056316699631502
OLD,steady,10,1,steady_r10_s1,55,1787610526.8125658,True,14,0.10082888828590048,0.1351360970362232,0.10082888828590048,True,0.34025178035331083,0.0,True,True,2+2,3+1,model_3,5.8746465375686965,0.7409406894882338,2.9361261449473197,2.093896246846567
OLD,steady,10,1,steady_r10_s1,56,1787610531.860914,True,14,0.09138993782144819,0.1008342304774738,0.09138993782144819,True,0.10334061802818223,0.0,True,True,2+2,3+1,model_3,3.6770884731917555,0.6245412608409351,2.2903610112581982,2.2687831134203758
OLD,steady,10,1,steady_r10_s1,57,1787610536.9173062,True,14,0.1099942301763862,0.1254757187015042,0.1099942301763862,True,0.140748187430304,0.0,True,True,2+2,3+1,model_3,5.0999324923047435,0.5147673743921497,3.1882824998206485,2.298968725111493
OLD,steady,10,1,steady_r10_s1,58,1787610541.9666698,True,14,0.08566164927793482,0.09838506942722332,0.08566164927793482,True,0.1485311134742051,0.0,True,True,2+2,3+1,model_3,3.9717242986812877,0.36787750346946924,2.4436504994229122,1.829728105766562
OLD,steady,10,1,steady_r10_s1,59,1787610547.0117366,True,14,0.10684977555367768,0.10684977555367768,0.10930287356840986,False,0.0,0.02295838247689928,True,True,2+2,3+1,model_3,3.876014505957348,0.6051886777488357,3.0281872070183673,2.4245745052557037
OLD,steady,10,1,steady_r10_s1,60,1787610552.0628297,True,14,0.0797353920112748,0.0797353920112748,0.09323690209070333,False,0.0,0.16932894839871582,False,True,2+2,3+1,model_5,3.005680706143701,1.4246671575202396,3.226615954199964,1.4246671575202399
OLD,steady,10,1,steady_r10_s1,61,1787610557.110039,False,14,0.08180341406837789,0.09480362264332269,0.08180341406837789,True,0.15892012238117809,0.0,False,False,2+2,2+2,model_3,3.9371958498250645,0.9029553492894137,2.427833800821066,1.6530701095978952
OLD,steady,10,1,steady_r10_s1,62,1787610562.1707118,True,14,0.09767353506438606,0.09767353506438606,0.1114561453348282,False,0.0,0.14110895301738277,False,False,2+2,2+2,model_3,3.9753906430764965,1.3098319954853506,3.7760765161493532,1.7841048591283455
OLD,steady,10,1,steady_r10_s1,63,1787610567.2475774,True,14,0.1235755944896155,0.1235755944896155,0.15901094047796618,False,0.0,0.2867503582297429,False,False,2+2,2+2,model_5,3.8752078619801997,1.4582068691841579,4.520884948800962,3.4116491169963274
OLD,steady,10,1,steady_r10_s1,64,1787610572.3472095,False,14,0.13147061262175982,0.13177936902982484,0.13147061262175982,True,0.0023484823102886874,0.0,False,False,2+2,2+2,model_3,4.848468684835662,1.342223615686856,3.6364988746902487,2.9221386010616843
OLD,steady,10,1,steady_r10_s1,65,1787610577.4278083,False,14,0.11576009232604241,0.11817746360558774,0.11576009232604241,True,0.02088259633325724,0.0,False,False,2+2,2+2,model_3,4.072690171919087,0.8092474838629413,2.8790348486290003,2.8958563197143112
OLD,steady,10,1,steady_r10_s1,66,1787610582.4822345,False,14,0.09928460672410565,0.09928460672410565,0.1051157726487564,False,0.0,0.058731822757323665,False,False,2+2,2+2,model_3,3.307708937529431,0.9232920014287513,2.467668879001894,2.7762121073155592
OLD,steady,10,1,steady_r10_s1,67,1787610587.5389197,False,14,0.10662967893198733,0.10662967893198733,0.11361042316270156,False,0.0,0.06546717856261046,False,False,2+2,2+2,model_3,3.437604361606692,0.7818398397509179,2.817644970563907,2.8500062568222715
OLD,steady,10,1,steady_r10_s1,68,1787610592.5977767,False,14,0.10472510273485378,0.11063309154785682,0.10472510273485378,True,0.05641425655089659,0.0,False,False,2+2,2+2,model_3,3.9550927644413396,0.7193434830695367,2.4804255276872142,2.7439662185112916
OLD,steady,10,1,steady_r10_s1,69,1787610597.655037,False,14,0.1029084794007028,0.1029084794007028,0.10869517214099107,False,0.0,0.056231447340273806,False,False,2+2,2+2,model_3,3.5694422205236584,0.684619277875457,2.4167359864902704,3.005709495590186
OLD,steady,10,1,steady_r10_s1,70,1787610602.7134223,False,14,0.11981467121539359,0.11981467121539359,0.12030371947716122,False,0.0,0.004081705994823071,False,False,2+2,2+2,model_3,4.047604532429285,0.7480299040441256,2.9840749703623017,3.0174828477737377
OLD,steady,10,1,steady_r10_s1,71,1787610607.7723129,False,14,0.12084629325895838,0.13115718501390833,0.12084629325895838,True,0.08532236675935943,0.0,False,False,2+2,2+2,model_3,4.808902986920949,0.6531506911885172,3.1036089432987,2.9250161004909776
OLD,steady,10,1,steady_r10_s1,72,1787610612.8323185,False,14,0.11786568609247886,0.1320337632112748,0.11786568609247886,True,0.1202052742278147,0.0,False,False,2+2,2+2,model_3,4.8649234701584625,0.6378597795034389,2.8154702207036415,3.064462111667638
OLD,steady,10,1,steady_r10_s1,73,1787610617.9121945,False,14,0.10612866413978977,0.11391623119156183,0.10612866413978977,True,0.07337854588949205,0.0,False,False,2+2,2+2,model_3,4.198089711504941,0.7062508480669369,2.775225265321479,2.5191855539334247
OLD,steady,10,1,steady_r10_s1,74,1787610623.2815397,False,14,0.12400706907183986,0.12775454909426787,0.12400706907183986,True,0.030219890289133505,0.0,False,False,2+2,2+2,model_3,4.9680475827525825,0.747375020863799,3.621076814252373,2.5652289635463266
OLD,steady,10,1,steady_r10_s1,75,1787610628.3466697,False,14,0.11705354129407508,0.11903279099763288,0.11705354129407508,True,0.016908926305657886,0.0,False,False,2+2,2+2,model_3,4.488443719014036,0.788269762735373,3.3088784040213235,2.5305386892077104
OLD,steady,10,1,steady_r10_s1,76,1787610633.407417,False,14,0.11008680174124624,0.11008680174124624,0.11706495046136453,False,0.0,0.06338769597939717,False,False,2+2,2+2,model_3,4.190694346405554,0.8892381048930997,3.539214528659866,2.3007717304889095
OLD,steady,10,1,steady_r10_s1,77,1787610638.4952052,False,14,0.11289984441688612,0.11289984441688612,0.12073560922996193,False,0.0,0.06940456697302443,False,False,2+2,2+2,model_3,4.586607365865717,0.6296878833971133,3.9523685536811053,2.0707348270839097
OLD,steady,10,1,steady_r10_s1,78,1787610643.5784388,False,14,0.10805205477822798,0.10805205477822798,0.11310642870187361,False,0.0,0.04677721246504298,False,False,2+2,2+2,model_3,4.022652127199712,0.5654677702824944,3.2936771586328657,2.3488314388344307
OLD,steady,10,1,steady_r10_s1,79,1787610648.65029,False,14,0.11022512224801008,0.12092425671918339,0.11022512224801008,True,0.09706620644157608,0.0,False,False,2+2,2+2,model_3,4.989341188487345,0.5334366160306254,3.357594778037751,2.141174894733095
OLD,steady,10,1,steady_r10_s1,80,1787610653.723212,False,14,0.11060837923117713,0.1362667538403851,0.11060837923117713,True,0.23197496236321014,0.0,False,False,2+2,2+2,model_3,5.601787444129863,0.6363692885063736,3.0844625557073213,2.4334265503917534
OLD,steady,10,1,steady_r10_s1,81,1787610658.788572,False,14,0.10675539502113998,0.11606429957833271,0.10675539502113998,True,0.08719844608648918,0.0,False,False,2+2,2+2,model_3,4.857613497947918,0.5564959171564252,3.3393498867379856,1.9863264797267746
OLD,steady,10,1,steady_r10_s1,82,1787610663.8548074,False,14,0.10838077351774406,0.10838077351774406,0.11062295700174192,False,0.0,0.0206880188360233,False,False,2+2,2+2,model_3,3.8012337800184177,0.7404332501160718,2.9289830660814666,2.5896332771577755
OLD,steady,10,1,steady_r10_s1,83,1787610668.9222827,False,14,0.07990881487656169,0.07990881487656169,0.09064605676171596,False,0.0,0.1343686788715426,False,False,2+2,2+2,model_3,2.8642343575361195,0.7103866038621804,1.7840551609573123,2.7379791785109475
OLD,steady,10,1,steady_r10_s1,84,1787610673.9936876,False,14,0.06232816046133351,0.06232816046133351,0.06622760824309386,False,0.0,0.06256317774979818,False,False,2+2,2+2,model_3,2.234897216782474,0.4147694060404856,1.39072700786576,1.9131510580426452
OLD,steady,10,2,steady_r10_s2,1,1787620544.6456113,True,14,0.00013416015259667082,0.00013416015259667082,0.00017471494619932117,False,0.0,0.30228643019340695,False,False,2+2,2+2,model_6,3.3327988837807306e-09,0.0,0.0,0.008715955382466917
OLD,steady,10,2,steady_r10_s2,2,1787620549.66283,True,14,0.033969745332637545,0.033969745332637545,0.053064054445095994,False,0.0,0.5620975054562145,False,False,1+3,2+2,model_5,0.9818849684484442,0.11894446773396583,2.179835904108997,0.467355655728194
OLD,steady,10,2,steady_r10_s2,3,1787620554.6668968,True,14,0.058608991253500504,0.058608991253500504,0.0890930174697191,False,0.0,0.5201254204216983,False,False,1+3,1+3,model_5,1.528587285114419,0.10302918245665482,3.7609343899096856,0.6836239151910274
OLD,steady,10,2,steady_r10_s2,4,1787620559.6774251,True,14,0.08947034556893567,0.08947034556893567,0.1331980881993182,False,0.0,0.4887400663574156,False,False,1+3,1+3,model_5,1.4861285194658294,0.32310816114758656,5.741305085287855,0.9035104787492259
OLD,steady,10,2,steady_r10_s2,5,1787620564.6868343,True,14,0.07447973086003598,0.07447973086003598,0.10276480888000457,False,0.0,0.37976880009304215,False,False,2+2,1+3,model_5,2.5230902492182223,0.3710949918244755,3.9736044644190693,1.1529946535752207
OLD,steady,10,2,steady_r10_s2,6,1787620569.7090135,True,14,0.08278779559470378,0.08278779559470378,0.11087245004379248,False,0.0,0.33923665012872223,False,False,1+3,1+3,model_5,2.9345607801045848,0.3973827297954413,4.464419516649675,1.0666432158084256
OLD,steady,10,2,steady_r10_s2,7,1787620574.7198658,True,14,0.10357785250369717,0.10357785250369717,0.1433085946202998,False,0.0,0.38358337382197083,False,False,1+3,1+3,model_5,3.322402304833609,0.6529293903173259,5.621346933693167,1.5278486205874913
OLD,steady,10,2,steady_r10_s2,8,1787620579.731,True,14,0.0940449180603345,0.0940449180603345,0.12838102108298557,False,0.0,0.36510322653078126,False,False,2+2,1+3,model_5,3.250499390292187,0.6023884260881953,4.883626354591513,1.5208815370132094
OLD,steady,10,2,steady_r10_s2,9,1787620584.7428157,True,14,0.08342737437929583,0.08342737437929583,0.11162069544836224,False,0.0,0.3379384917579661,False,False,2+2,2+2,model_5,2.760240741892356,0.5914701032140954,4.275181050275023,1.293209190236829
OLD,steady,10,2,steady_r10_s2,10,1787620589.754223,True,14,0.09528610876917191,0.09528610876917191,0.13091956954270875,False,0.0,0.373962807735784,False,False,2+2,2+2,model_5,3.3345034032331475,0.8831469725159957,4.675271407579429,1.8558763370687483
OLD,steady,10,2,steady_r10_s2,11,1787620594.7851703,True,14,0.10755141141611024,0.10755141141611024,0.14017306096304005,False,0.0,0.30331214734801126,False,False,2+2,2+2,model_5,4.467953554263262,0.708448461276036,5.118765392259716,1.8740086763300674
OLD,steady,10,2,steady_r10_s2,12,1787620599.79923,True,14,0.10248079900644598,0.10248079900644598,0.1554752321650633,False,0.0,0.5171157297015608,False,False,1+3,2+2,model_5,3.4526742154422867,0.3896106394620553,6.153541113864687,1.602608065744779
OLD,steady,10,2,steady_r10_s2,13,1787620604.8106394,True,14,0.10933059808702954,0.10933059808702954,0.1582624157130184,False,0.0,0.4475583092213406,False,False,2+2,2+2,model_5,3.656364709828655,0.37393694478038997,6.003752455737796,1.8914401656331332
OLD,steady,10,2,steady_r10_s2,14,1787620609.834758,True,14,0.10273196420453871,0.10273196420453871,0.15220512733079017,False,0.0,0.4815751700001636,False,False,2+2,2+2,model_5,3.9813428262882904,0.36378312310536587,5.628981671615255,1.9640327078438125
OLD,steady,10,2,steady_r10_s2,15,1787620614.8627505,True,14,0.11409868978117393,0.11409868978117393,0.13561110955266523,False,0.0,0.18854221562709653,False,False,2+2,2+2,model_5,4.741831141868997,0.3935545354610426,4.7789901594681234,1.986203122161125
OLD,steady,10,2,steady_r10_s2,16,1787620619.8762317,True,14,0.1271031352512948,0.1271031352512948,0.14411527268098132,False,0.0,0.1338451439144434,False,False,2+2,2+2,model_3,5.657624563868326,0.3191739418483346,5.352197881145247,1.8372401946704267
OLD,steady,10,2,steady_r10_s2,17,1787620624.9151106,True,14,0.11440017187212614,0.11440017187212614,0.12556448174916002,False,0.0,0.0975899746856419,False,False,2+2,2+2,model_3,4.64673107025501,0.32649820590833123,4.164919359016112,2.099080626993741
OLD,steady,10,2,steady_r10_s2,18,1787620629.938821,True,14,0.10661434316112706,0.10661434316112706,0.11940718338318963,False,0.0,0.11999173697228206,False,False,2+2,2+2,model_3,4.446897980880114,0.5079535988157797,4.1170242379032445,1.8398083362636104
OLD,steady,10,2,steady_r10_s2,19,1787620635.000101,True,14,0.10002433733999326,0.10002433733999326,0.14277742837856872,False,0.0,0.42742688605127366,False,False,2+2,2+2,model_5,4.058255767023395,0.4829040801568143,5.28283839790946,1.8398590154604655
OLD,steady,10,2,steady_r10_s2,20,1787620640.0159788,True,14,0.1156703824653686,0.1156703824653686,0.14986124303622056,False,0.0,0.29558872238611816,False,False,2+2,2+2,model_5,4.833563566328682,0.46043036414941163,5.488937301913061,1.9871483809602708
OLD,steady,10,2,steady_r10_s2,21,1787620645.0360935,True,14,0.11798835255820639,0.11798835255820639,0.14981994371761861,False,0.0,0.2697858769043238,False,False,2+2,2+2,model_5,5.001809353896749,0.545507597851441,5.518439530362776,1.9555858650188935
OLD,steady,10,2,steady_r10_s2,22,1787620650.059974,True,14,0.10829809870256493,0.10829809870256493,0.15300067633443196,False,0.0,0.4127734297038798,False,False,2+2,2+2,model_5,4.432078980692243,0.6207138062879458,5.678788701404983,1.9539130074506046
OLD,steady,10,2,steady_r10_s2,23,1787620655.0789587,True,14,0.09144620472397928,0.09144620472397928,0.12709754810099336,False,0.0,0.3898613778956042,False,False,2+2,2+2,model_5,3.5606215580082057,0.2848974582297654,4.508811414988506,1.8316682209403465
OLD,steady,10,2,steady_r10_s2,24,1787620660.101939,True,14,0.11137876805258837,0.11137876805258837,0.13471177216841684,False,0.0,0.20949238821542374,False,False,2+2,2+2,model_5,4.465730446042943,0.2983632321614518,4.618409544578115,2.1019187459017745
OLD,steady,10,2,steady_r10_s2,25,1787620665.1265216,True,14,0.1124660371452852,0.1124660371452852,0.14684547003058543,False,0.0,0.3056872435265803,False,False,2+2,2+2,model_5,4.3579285538832675,0.536658384304658,5.0518052493284005,2.2738334137989695
OLD,steady,10,2,steady_r10_s2,26,1787620670.1501648,True,14,0.10484760739800837,0.10484760739800837,0.14916180514010163,False,0.0,0.4226533999376225,False,False,2+2,2+2,model_5,3.7068829279101916,0.6506336523961378,4.965548380908641,2.4756446403579146
OLD,steady,10,2,steady_r10_s2,27,1787620675.179031,True,14,0.11133035378119543,0.11133035378119543,0.1377481170159625,False,0.0,0.23729164902042416,False,False,2+2,2+2,model_5,4.082453913774026,0.6114869365366857,4.389461128253798,2.482340443663613
OLD,steady,10,2,steady_r10_s2,28,1787620680.2402732,True,14,0.11057202561194719,0.11057202561194719,0.13341371995486112,False,0.0,0.2065775155741192,False,False,2+2,2+2,model_5,4.066147553468268,0.6810685978233977,4.201642103930701,2.4539306208487193
OLD,steady,10,2,steady_r10_s2,29,1787620685.2689219,True,14,0.11525104624418787,0.11525104624418787,0.13055250159299464,False,0.0,0.13276630319161567,False,False,2+2,2+2,model_3,4.354322736440407,0.460144577207501,4.0711736320068015,2.4416622970718502
OLD,steady,10,2,steady_r10_s2,30,1787620690.300275,True,14,0.11661750610361613,0.11661750610361613,0.1337674993834138,False,0.0,0.1470619107954487,False,False,2+2,2+2,model_3,4.638817295856721,0.46875133401178015,4.435478121006879,2.237743498624284
OLD,steady,10,2,steady_r10_s2,31,1787620695.3379493,True,14,0.08839863591887166,0.08839863591887166,0.11784075251707306,False,0.0,0.3330607570146451,False,False,2+2,2+2,model_5,3.459658358816181,0.35692566190288044,4.125762428668575,1.7529260494390027
OLD,steady,10,2,steady_r10_s2,32,1787620700.3854291,True,14,0.09621983041358079,0.09621983041358079,0.12338646823595356,False,0.0,0.2823392818881791,False,False,2+2,2+2,model_5,3.5636326943890473,0.27681743139040416,4.045203537487306,2.110142500955518
OLD,steady,10,2,steady_r10_s2,33,1787620705.4716735,True,14,0.10170842236017234,0.10170842236017234,0.13530405143740568,False,0.0,0.33031314710854204,False,False,2+2,2+2,model_5,3.8972607984278103,0.42251606472434644,4.64971607643221,2.1001590833611803
OLD,steady,10,2,steady_r10_s2,34,1787620710.5015106,True,14,0.10326185022987835,0.10326185022987835,0.15089314519746577,False,0.0,0.4612671074704946,False,False,2+2,2+2,model_5,4.061290457569322,0.5111431436475229,5.512532014195791,2.0150318815730968
OLD,steady,10,2,steady_r10_s2,35,1787620715.5328858,True,14,0.10799122469122922,0.10799122469122922,0.15090506525112815,False,0.0,0.39738266403218486,False,False,2+2,2+2,model_5,3.9992005742723378,0.616843224587891,5.682715189187389,1.8454433589460382
OLD,steady,10,2,steady_r10_s2,36,1787620720.5665438,True,14,0.11189945655356415,0.11189945655356415,0.15472048696551147,False,0.0,0.3826741588458895,False,False,2+2,2+2,model_5,3.8907055354731552,0.6650043623015871,5.862536787865015,1.8559606302464966
OLD,steady,10,2,steady_r10_s2,37,1787620725.6029358,True,14,0.11354906933477221,0.11354906933477221,0.1503925115696069,False,0.0,0.32447154741718426,False,False,2+2,2+2,model_5,4.546201894540308,0.6385372354090475,5.353165914510606,2.1494230122684956
OLD,steady,10,2,steady_r10_s2,38,1787620730.6390302,True,14,0.11294932304144553,0.11294932304144553,0.14351410469213657,False,0.0,0.2706061517471479,False,False,2+2,2+2,model_5,4.665670016274548,0.6541317039378798,5.164858004755546,1.9945897726791275
OLD,steady,10,2,steady_r10_s2,39,1787620735.6771994,True,14,0.12433380481517262,0.12433380481517262,0.14228483146695278,False,0.0,0.14437768295167283,False,False,2+2,2+2,model_3,5.264713648565393,0.8866713854794082,5.031270805116235,2.0668525646667875
OLD,steady,10,2,steady_r10_s2,40,1787620740.7169778,True,14,0.11768713140641143,0.11768713140641143,0.15927780909888045,False,0.0,0.35340038622271336,False,False,2+2,2+2,model_5,5.066459922919089,0.6894454597020008,6.0726740161078325,1.8731732495242068
OLD,steady,10,2,steady_r10_s2,41,1787620745.7685907,True,14,0.1027970183356372,0.1027970183356372,0.14091659280860624,False,0.0,0.370823736817996,False,False,2+2,2+2,model_5,4.068779275143807,0.6142214914953164,5.382338169892333,1.64752826275888
OLD,steady,10,2,steady_r10_s2,42,1787620750.8095505,True,14,0.10604400225251058,0.10604400225251058,0.1469872543532214,False,0.0,0.3860968204804011,False,False,2+2,2+2,model_5,3.6134219856149183,0.5494358739524379,5.63653329650798,1.6961785212458893
OLD,steady,10,2,steady_r10_s2,43,1787620755.8579667,True,14,0.09580806467472013,0.09580806467472013,0.14140151713072466,False,0.0,0.47588324230115464,False,False,2+2,2+2,model_5,3.2213033065508476,0.5640089868223799,5.024857160911734,2.029200555012035
OLD,steady,10,2,steady_r10_s2,44,1787620760.8962994,True,14,0.09497115617504459,0.09497115617504459,0.1291758058903261,False,0.0,0.3601582953485134,False,False,2+2,2+2,model_5,3.8616381527688626,0.5448538294730545,4.705650375366397,1.7385067223888937
OLD,steady,10,2,steady_r10_s2,45,1787620765.9338882,True,14,0.10358370832534929,0.10358370832534929,0.11009534934560677,False,0.0,0.06286356344575803,True,False,2+2,2+2,model_3,4.630927281847284,0.5175627923862917,4.0152235219544465,1.4770722065328346
OLD,steady,10,2,steady_r10_s2,46,1787620770.971077,True,14,0.09713441020952118,0.09713441020952118,0.12578416493772818,False,0.0,0.2949495926974674,False,False,2+2,1+3,model_5,4.345512524687982,0.45315930581817465,4.892766747742279,1.3821925117097789
OLD,steady,10,2,steady_r10_s2,47,1787620776.012422,True,14,0.12606822224628295,0.12606822224628295,0.142356522799059,False,0.0,0.1292022705052169,False,False,2+2,1+3,model_3,5.761539378024947,0.6209553878804062,5.429399939540643,1.6722998755639762
OLD,steady,10,2,steady_r10_s2,48,1787620781.4503596,True,14,0.12064447542415332,0.12064447542415332,0.12621238831576223,False,0.0,0.04615141200650615,True,False,2+2,1+3,model_3,5.916449379911583,1.1975688965153952,5.098753022158821,1.1975688965153957
OLD,steady,10,2,steady_r10_s2,49,1787620786.5157008,True,14,0.10436401917559665,0.11086288530479414,0.10436401917559665,True,0.0622711369352582,0.0,True,False,2+2,1+3,model_3,5.391609780800349,1.1456194579438694,4.060759014288727,1.1456194579438699
OLD,steady,10,2,steady_r10_s2,50,1787620791.5595622,True,14,0.12120061630461881,0.12120061630461881,0.16119451909859872,False,0.0,0.32998101835935784,False,False,2+2,1+3,model_5,4.564676128182344,0.5168982027423776,6.553216655011626,1.4882489833016717
OLD,steady,10,2,steady_r10_s2,51,1787620796.604929,True,14,0.11458497067092423,0.11458497067092423,0.160008879748635,False,0.0,0.3964211782028848,False,False,2+2,1+3,model_5,4.382595166069877,0.683466502420206,6.000731386307321,1.981586595215404
OLD,steady,10,2,steady_r10_s2,52,1787620801.646879,True,14,0.1076588142920572,0.1076588142920572,0.1482059040066641,False,0.0,0.3766258246594712,False,False,2+2,2+2,model_5,4.058087840986482,0.42137317566077526,5.103298657093348,2.290207593176602
OLD,steady,10,2,steady_r10_s2,53,1787620806.7196972,True,14,0.11525933006959276,0.11525933006959276,0.1447967613409673,False,0.0,0.2562693298107846,False,False,2+2,2+2,model_5,4.788702179215078,0.5203297362345247,5.215663983980531,2.0077713249471776
OLD,steady,10,2,steady_r10_s2,54,1787620811.7650545,True,14,0.12123037380213782,0.12123037380213782,0.1691901542730015,False,0.0,0.3956086166090658,False,False,2+2,2+2,model_5,5.029268378561497,0.5836014392403772,6.321043192976851,2.1192984485094852
OLD,steady,10,2,steady_r10_s2,55,1787620816.809723,True,14,0.12012423071822817,0.12012423071822817,0.15036248612216466,False,0.0,0.25172486202942235,False,False,2+2,2+2,model_5,5.285794424175845,0.4508688231343072,5.703544367375654,1.7975466883515518
OLD,steady,10,2,steady_r10_s2,56,1787620821.8574355,True,14,0.11788919505580842,0.11788919505580842,0.1497894026690201,False,0.0,0.27059483778908,False,False,2+2,2+2,model_5,5.002595309916809,0.5492463847827138,5.523548893983606,1.9489529086963
OLD,steady,10,2,steady_r10_s2,57,1787620826.9065826,True,14,0.11997942411936775,0.11997942411936775,0.162523380817515,False,0.0,0.3545937731441366,False,False,2+2,2+2,model_5,4.917862143738897,0.40689431365746054,5.950818001655177,2.1569401874873373
OLD,steady,10,2,steady_r10_s2,58,1787620831.9621377,True,14,0.12395629634915853,0.12395629634915853,0.15387322632520314,False,0.0,0.24135062806148214,False,False,2+2,2+2,model_5,5.348248227635959,0.361236521528701,5.715172844278329,1.9610575205621763
OLD,steady,10,2,steady_r10_s2,59,1787620837.012014,True,14,0.09765548160319712,0.09765548160319712,0.12398058563693809,False,0.0,0.26957118639491834,False,False,2+2,2+2,model_5,4.412853806022621,0.36555312484431424,4.8394074647268175,1.3455771414034021
OLD,steady,10,2,steady_r10_s2,60,1787620842.083383,True,14,0.11632485777057353,0.11632485777057353,0.14105723567968256,False,0.0,0.21261472726567596,False,False,2+2,2+2,model_5,5.377757027793451,0.35451606265023683,5.555335412127566,1.4815472318772234
OLD,steady,10,2,steady_r10_s2,61,1787620847.1619313,True,14,0.09249612986523946,0.09249612986523946,0.1315322052961858,False,0.0,0.42202928368807696,False,False,2+2,2+2,model_5,3.822637061886532,0.42671352327256384,4.968954271034286,1.5927558611437969
OLD,steady,10,2,steady_r10_s2,62,1787620852.214541,True,14,0.09737854474292351,0.09737854474292351,0.13741231536853085,False,0.0,0.41111489939899304,False,False,2+2,2+2,model_5,4.140042775910931,0.35744750500033695,5.323031002493601,1.5320185270826008
OLD,steady,10,2,steady_r10_s2,63,1787620857.2674778,True,14,0.09687053565099402,0.09687053565099402,0.13616348364113315,False,0.0,0.40562331699810245,False,False,2+2,2+2,model_5,3.8823501673612593,0.49995811337201124,4.962954380882086,1.8297950315433502
OLD,steady,10,2,steady_r10_s2,64,1787620862.716518,True,14,0.10853604765576325,0.10853604765576325,0.1723590725545588,False,0.0,0.5880352774703839,False,False,1+3,2+2,model_5,3.369641591765475,0.5945375383132865,6.795994221502226,1.802434355037894
OLD,steady,10,2,steady_r10_s2,65,1787620867.7952614,True,14,0.13845059836824972,0.13845059836824972,0.21050357607307846,False,0.0,0.5204237363653919,False,False,1+3,1+3,model_5,3.5391134262215296,0.5008205534609598,8.884364080837587,1.616968614589308
OLD,steady,10,2,steady_r10_s2,66,1787620872.8571985,True,14,0.1176517529272598,0.1176517529272598,0.1653752310216344,False,0.0,0.405633379078342,False,False,1+3,1+3,model_5,3.8191221036867544,0.5811447362721938,6.399355738151014,1.8506719000415364
OLD,steady,10,2,steady_r10_s2,67,1787620877.937898,True,14,0.09997927963385626,0.09997927963385626,0.13344191571672429,False,0.0,0.3346957110054679,False,False,2+2,1+3,model_5,4.068913451653555,0.746703074084786,5.08548666190034,1.5714926569210887
OLD,steady,10,2,steady_r10_s2,68,1787620882.9998608,True,14,0.10427277263825586,0.10427277263825586,0.13777511307350396,False,0.0,0.3212951913293295,False,False,2+2,1+3,model_5,4.591818302347654,0.6568500152861372,5.425796274531808,1.4473520421155321
OLD,steady,10,2,steady_r10_s2,69,1787620888.0583212,True,14,0.11828841948939817,0.11828841948939817,0.16836612934406614,False,0.0,0.4233525992724612,False,False,2+2,1+3,model_5,3.960255984204784,0.5375277946657855,6.362707019572213,2.0365267220413372
OLD,steady,10,2,steady_r10_s2,70,1787620893.1213422,True,14,0.10564090707716821,0.10564090707716821,0.14789306459526527,False,0.0,0.39996019238298336,False,False,2+2,1+3,model_5,4.28432730177705,0.4017896438073638,5.432921111006504,1.9449786075330782
OLD,steady,10,2,steady_r10_s2,71,1787620898.178406,True,14,0.12698325763395688,0.12698325763395688,0.17480752669122834,False,0.0,0.3766186972075496,False,False,2+2,2+2,model_5,5.106870418525784,0.5402944115608994,6.339648378526881,2.3809255409015453
OLD,steady,10,2,steady_r10_s2,72,1787620903.2468407,True,14,0.13106269542811158,0.13106269542811158,0.1813584094110137,False,0.0,0.38375308716651196,False,False,2+2,2+2,model_5,5.504775005602891,0.5355772893362378,6.823803629638037,2.2235723335965565
OLD,steady,10,2,steady_r10_s2,73,1787620908.3118987,True,14,0.10763316250232786,0.10763316250232786,0.16928372475907358,False,0.0,0.5727840827441296,False,False,1+3,2+2,model_5,3.346722632886866,0.4810461306945404,6.554135908592016,1.8908736574162988
OLD,steady,10,2,steady_r10_s2,74,1787620913.4099357,True,14,0.09879790423290298,0.09879790423290298,0.14788643476399208,False,0.0,0.49685801447133315,False,False,1+3,2+2,model_5,2.838345095089494,0.408573347059211,5.354702054745697,2.022866923265798
OLD,steady,10,2,steady_r10_s2,75,1787620918.48216,True,14,0.10995001298161226,0.10995001298161226,0.1594368528602175,False,0.0,0.4500848934586418,False,False,2+2,2+2,model_5,3.693594204519898,0.4253458096366729,5.988476529663744,1.9653049073590598
OLD,steady,10,2,steady_r10_s2,76,1787620923.8244894,True,14,0.10477664685253407,0.10477664685253407,0.1441343249021774,False,0.0,0.3756340676280331,False,False,2+2,2+2,model_5,3.902983635182647,0.47728905015882805,4.9150289116017065,2.2753596170143386
OLD,steady,10,2,steady_r10_s2,77,1787620928.888934,True,14,0.11865561653306661,0.11865561653306661,0.1585365408060867,False,0.0,0.3361065024840707,False,False,2+2,2+2,model_5,4.4282613423902175,0.4483447986640394,5.340387526998133,2.5684802957930137
OLD,steady,10,2,steady_r10_s2,78,1787620933.951959,True,14,0.11568136702811745,0.11568136702811745,0.14074526215246996,False,0.0,0.216663199685914,False,False,2+2,2+2,model_5,4.294211937921258,0.4016149598053058,4.494171574547222,2.527147733848066
OLD,steady,10,2,steady_r10_s2,79,1787620939.07115,True,14,0.12454714691603949,0.12454714691603949,0.1409645913910095,False,0.0,0.13181710606375788,False,False,2+2,2+2,model_3,4.682598361258528,0.5750458959113702,4.3707129721316065,2.6615479523003556
OLD,steady,10,2,steady_r10_s2,80,1787620944.142726,True,14,0.13123300327759624,0.13123300327759624,0.15557388415689008,False,0.0,0.18547834973955254,False,False,2+2,2+2,model_5,5.237554940850562,0.7708503684250991,5.260235697064191,2.500834906715665
OLD,steady,10,2,steady_r10_s2,81,1787620949.2298954,True,14,0.11712792683097228,0.11712792683097228,0.14448178480710205,False,0.0,0.23353830906274142,False,False,2+2,2+2,model_5,4.7027438099137555,0.8134260219020866,5.0038073032518735,2.20391485991805
OLD,steady,10,2,steady_r10_s2,82,1787620954.3303227,True,14,0.10649178484601589,0.10649178484601589,0.14339115828879825,False,0.0,0.34649971822838554,False,False,2+2,2+2,model_5,4.341044946676806,0.9317654240632403,5.214879885595594,1.9384344991944156
OLD,steady,10,2,steady_r10_s2,83,1787620959.3986764,True,14,0.1099617105093232,0.1099617105093232,0.13725455829290747,False,0.0,0.2482031941588452,False,False,2+2,2+2,model_5,4.288839224806949,0.841296169344633,4.6519289238898915,2.195250622823864
OLD,steady,10,2,steady_r10_s2,84,1787620964.4688125,True,14,0.09136745860042705,0.09136745860042705,0.12571472431286998,False,0.0,0.3759244947662623,False,False,2+2,2+2,model_5,3.394467334031498,0.7924629339719922,4.2783160562850755,1.9931790382448558
OLD,steady,10,2,steady_r10_s2,85,1787620969.5437045,True,14,0.07590843242118497,0.07590843242118497,0.1049685158243925,False,0.0,0.38283076696887847,False,False,2+2,2+2,model_5,3.0526615027986845,0.5339786970839439,3.894062613704204,1.3424722128321893
OLD,steady,10,2,steady_r10_s2,86,1787620974.6117523,True,14,0.04290151946902942,0.04290151946902942,0.059800391808122806,False,0.0,0.3938991566788834,False,False,2+2,2+2,model_5,1.7631687979936912,0.2402184460823238,2.2166489411062016,0.7665963861654248
NEW,steady,8,1,steady_r8_s1,1,1787638109.3454728,True,14,0.0007494570406483163,0.0009370449879927236,0.0007494570406483163,True,0.25029846564939157,0.0,True,False,3+1,2+2,model_3,0.05489772822748917,0.00021535958886120094,0.0007427897214635638,0.0003568132422145751
NEW,steady,8,1,steady_r8_s1,2,1787638114.7001376,True,14,0.008280989989081517,0.008280989989081517,0.009858224275890403,False,0.0,0.1904644600329754,False,True,2+2,3+1,model_6,0.23986940751610566,0.0385480227936688,0.2418351331964233,0.2499593286293436
NEW,steady,8,1,steady_r8_s1,3,1787638119.7074566,True,14,0.0180974705247301,0.0180974705247301,0.021161896177359404,False,0.0,0.16932894839871582,False,True,2+2,3+1,model_5,0.5726167873959904,0.30239014264926994,0.7533074201673589,0.30239014264927
NEW,steady,8,1,steady_r8_s1,4,1787638124.7124517,False,14,0.026138223985421594,0.026138223985421594,0.03029241953181218,False,0.0,0.15893182140866027,False,True,2+2,3+1,model_3,1.0151595990207534,0.5261277454008546,0.9850616680396662,0.5261277454008546
NEW,steady,8,1,steady_r8_s1,5,1787638129.7260132,True,14,0.039762346490966965,0.039762346490966965,0.04649526280814778,False,0.0,0.1693289483987161,False,True,2+2,3+1,model_5,1.4331664927351808,0.709843999111985,1.6096520998054182,0.7098439991119853
NEW,steady,8,1,steady_r8_s1,6,1787638134.7454715,True,14,0.05394730861480435,0.05394730861480435,0.06308214965149016,False,0.0,0.16932894839871585,False,True,2+2,3+1,model_5,2.0065675332150636,0.9438104988693503,2.2031509589399496,0.9438104988693505
NEW,steady,8,1,steady_r8_s1,7,1787638139.7558072,True,14,0.06383278766576463,0.06383278766576463,0.07342825314959249,False,0.0,0.15032189310093674,False,True,2+2,3+1,model_3,2.658281845929303,1.1057331783228452,2.557361434854677,1.1057331783228455
NEW,steady,8,1,steady_r8_s1,8,1787638145.686184,True,14,0.08290290013756195,0.08290290013756195,0.08979198176756108,False,0.0,0.08309819823634611,False,False,2+2,2+2,model_3,3.144406721787491,0.4989599267881315,2.7353155894709125,1.7441117509725341
NEW,steady,8,1,steady_r8_s1,9,1787638150.7049117,True,14,0.0863230236614171,0.08763779379723406,0.0863230236614171,True,0.015230816531333005,0.0,True,False,2+2,2+2,model_3,3.381250958631857,0.5435362746879853,2.519903376263932,1.786469026782779
NEW,steady,8,1,steady_r8_s1,10,1787638155.7306623,True,14,0.08361904055237246,0.08738720338064494,0.08361904055237246,True,0.04506345448812463,0.0,True,False,2+2,2+2,model_3,3.433347794426001,0.571992857776247,2.451883881386247,1.7195956767948029
NEW,steady,8,1,steady_r8_s1,11,1787638160.7434309,True,14,0.08329083779522724,0.09244970128172844,0.08329083779522724,True,0.1099624367930902,0.0,True,False,2+2,2+2,model_3,3.4965362068785386,0.6796047520546566,2.2001800497868014,1.95492654975557
NEW,steady,8,1,steady_r8_s1,12,1787638165.7571652,True,14,0.08025780320487645,0.09311677752742466,0.08025780320487645,True,0.16022086088903684,0.0,True,False,2+2,2+2,model_3,3.7085086515529317,0.7133527832201474,2.221509001413238,1.782289454561282
NEW,steady,8,1,steady_r8_s1,13,1787638170.7669048,True,14,0.07845352026899423,0.08774687104672252,0.07845352026899423,True,0.1184567721864373,0.0,True,False,2+2,2+2,model_3,3.3355402657773086,0.7689737159862449,2.075177044955142,1.8386116556515972
NEW,steady,8,1,steady_r8_s1,14,1787638175.7791069,True,14,0.08676029972033004,0.09232715910091813,0.08676029972033004,True,0.06416367161631223,0.0,True,True,2+2,3+1,model_3,3.345623655883207,0.6996044719593439,2.2295734899473696,2.0986131808664394
NEW,steady,8,1,steady_r8_s1,15,1787638180.7937734,True,14,0.08966475938249586,0.09092615270283286,0.08966475938249586,True,0.014067882733684542,0.0,True,True,2+2,3+1,model_3,3.2071469684988503,0.6877912314120005,2.3186036245466672,2.1544770085543274
NEW,steady,8,1,steady_r8_s1,16,1787638185.808663,True,14,0.09010854832654074,0.09010854832654074,0.09115867570604022,False,0.0,0.011654026160692003,True,True,2+2,3+1,model_3,3.0612758948949415,0.5767951577488686,2.2954706455923786,2.252136570977308
NEW,steady,8,1,steady_r8_s1,17,1787638191.1949458,False,14,0.06817652291015344,0.06817652291015344,0.0754394259705782,False,0.0,0.10653085182997957,False,True,2+2,3+1,model_3,2.7070175732854485,1.313133604801353,2.4502918212543277,1.313133604801353
NEW,steady,8,1,steady_r8_s1,18,1787638196.248677,False,14,0.06401345335014152,0.06401345335014152,0.07362403067761855,False,0.0,0.1501337113451602,False,True,2+2,3+1,model_3,2.44216410323964,1.3325041977254433,2.3403571139302857,1.3325041977254433
NEW,steady,8,1,steady_r8_s1,19,1787638201.2663045,False,14,0.06421986663351827,0.06421986663351827,0.07339825016542668,False,0.0,0.14292124872021994,False,True,2+2,3+1,model_3,2.498070144505654,1.2887696866126075,2.3728281761321743,1.2887696866126075
NEW,steady,8,1,steady_r8_s1,20,1787638208.0064497,True,14,0.07492207799340561,0.07492207799340561,0.08571302284405609,False,0.0,0.14402890495909978,False,False,2+2,2+2,model_3,2.3508546370436463,0.5449516823938672,2.2088811463873417,2.06706031744641
NEW,steady,8,1,steady_r8_s1,21,1787638213.0215755,True,14,0.07852543121832174,0.07852543121832174,0.08564104178815272,False,0.0,0.090615364467693,True,False,2+2,2+2,model_3,2.614251370434171,0.5883589596909726,2.2562087834041815,2.016141781738391
NEW,steady,8,1,steady_r8_s1,22,1787638218.0415883,True,14,0.08179695748122066,0.08179695748122066,0.08219767027513919,False,0.0,0.004898871623807318,True,False,2+2,2+2,model_3,2.9048732116572373,0.6533938218523838,2.18214069379019,1.9184313651309135
NEW,steady,8,1,steady_r8_s1,23,1787638223.0637128,True,14,0.07936688015946614,0.0837582144238964,0.07936688015946614,True,0.05532955630367573,0.0,True,False,2+2,2+2,model_3,2.9383730197230373,0.7746000983132313,1.9338357697045145,2.0255174588757274
NEW,steady,8,1,steady_r8_s1,24,1787638228.084853,True,14,0.08183668664815394,0.08183668664815394,0.08368216425481743,False,0.0,0.022550737111313945,True,False,2+2,2+2,model_3,2.9075630992421457,0.7821062207079716,1.852870569589824,2.321758022981557
NEW,steady,8,1,steady_r8_s1,25,1787638233.1065848,True,14,0.0815010783845368,0.0815010783845368,0.08249757421144746,False,0.0,0.012226780880235938,True,False,2+2,2+2,model_3,2.9196630037809284,0.835666137261476,1.8212483585758286,2.294284923667904
NEW,steady,8,1,steady_r8_s1,26,1787638238.1285253,True,14,0.0842992462914912,0.08595483348745131,0.0842992462914912,True,0.01963940686059511,0.0,True,True,2+2,3+1,model_3,3.077185028882465,0.7625165512979034,1.9228009198612108,2.282611870719391
NEW,steady,8,1,steady_r8_s1,27,1787638243.1586196,True,14,0.07960170029553956,0.08508966130744107,0.07960170029553956,True,0.06894276116623381,0.0,True,True,2+2,3+1,model_3,3.1067625737606774,0.7075413245292976,1.8428963768633793,2.128171257801995
NEW,steady,8,1,steady_r8_s1,28,1787638248.180862,True,14,0.0786373121068461,0.09291347621768732,0.0786373121068461,True,0.1815444059360003,0.0,True,True,2+2,3+1,model_3,3.5461683730498708,0.6845606660857986,1.8586012796676714,2.06435619266253
NEW,steady,8,1,steady_r8_s1,29,1787638253.2088592,True,14,0.08170018291239291,0.09061271181471961,0.08170018291239291,True,0.10908823682663729,0.0,True,True,2+2,3+1,model_3,3.3459597643477315,0.6170955502111614,2.078572439250349,1.9971816075237525
NEW,steady,8,1,steady_r8_s1,30,1787638258.2331328,True,14,0.08079425082603296,0.09392864218596288,0.08079425082603296,True,0.1625659155898484,0.0,True,True,2+2,3+1,model_3,3.684308951969702,0.6422603844852747,2.176197855020734,1.8543622125545272
NEW,steady,8,1,steady_r8_s1,31,1787638263.2592196,True,14,0.07974636576849593,0.09033401680507273,0.07974636576849593,True,0.13276656477754484,0.0,True,True,2+2,3+1,model_3,3.5199519128169103,0.7012347313684776,2.1715288133969337,1.8067557070306508
NEW,steady,8,1,steady_r8_s1,32,1787638268.2862167,True,14,0.08723178452317422,0.09562409246810401,0.08723178452317422,True,0.09620699600270434,0.0,True,True,2+2,2+2,model_3,3.6596609979045267,0.80004529204758,2.3727220615498155,1.9789854390183799
NEW,steady,8,1,steady_r8_s1,33,1787638273.3266017,True,14,0.09342906907067447,0.09342906907067447,0.09558448364277049,False,0.0,0.023070063670072034,True,True,2+2,2+2,model_3,3.393575130155461,0.8590810104401627,2.6527584443955203,2.115637807955346
NEW,steady,8,1,steady_r8_s1,34,1787638278.3582752,True,14,0.08519166264116525,0.08519166264116525,0.09980213056369158,False,0.0,0.17150114775980962,False,True,2+2,2+2,model_3,2.808857748809555,0.9606329430712073,2.764179100486099,2.2146217175955623
NEW,steady,8,1,steady_r8_s1,35,1787638283.3895826,True,14,0.08941595231464224,0.08941595231464224,0.09629193020764233,False,0.0,0.07689878276758146,True,True,2+2,2+2,model_3,3.006826323641871,0.8842764779240327,2.537942466282958,2.265745973880324
NEW,steady,8,1,steady_r8_s1,36,1787638288.4378104,True,14,0.08889891865514665,0.08889891865514665,0.09625304850976675,False,0.0,0.08272462664195009,True,True,2+2,2+2,model_3,2.842133176024554,0.8643107029095601,2.401797457116214,2.399951302720626
NEW,steady,8,1,steady_r8_s1,37,1787638293.4703722,True,14,0.08656176292535789,0.08656176292535789,0.0954853936870204,False,0.0,0.10308975302822043,False,True,2+2,2+2,model_3,2.84773441518717,0.7703892915292352,2.18755657154317,2.575896408054242
NEW,steady,8,1,steady_r8_s1,38,1787638298.499838,True,14,0.0777464303619368,0.0777464303619368,0.0903120402706185,False,0.0,0.1616229819193548,False,False,2+2,1+3,model_3,2.774687410809843,0.7205533607095522,1.7478163694041489,2.7575549833148694
NEW,steady,8,1,steady_r8_s1,39,1787638303.547885,True,14,0.08095054967736547,0.08095054967736547,0.08942969885144605,False,0.0,0.10474480047232389,False,False,2+2,1+3,model_3,3.0706869319016468,0.63706031856041,1.6382002185690088,2.8231540159302786
NEW,steady,8,1,steady_r8_s1,40,1787638308.5829096,True,14,0.07546345260346067,0.07546345260346067,0.07947332605195646,False,0.0,0.053136628528866234,True,False,2+2,1+3,model_3,3.3396857396765967,1.0500174026844753,1.0500174026844757,2.9146460621965242
NEW,steady,8,1,steady_r8_s1,41,1787638313.6195192,True,14,0.07556731649134246,0.07556731649134246,0.07803437510886488,False,0.0,0.03264716456889217,True,False,2+2,1+3,model_3,3.2768334568103965,1.1189114397943933,1.1189114397943936,2.773967484093549
NEW,steady,8,1,steady_r8_s1,42,1787638318.6533318,True,14,0.07547852215545216,0.07547852215545216,0.07776208258027101,False,0.0,0.030254440065953236,True,False,2+2,1+3,model_3,3.1864202798531336,1.2041594571699754,1.2041594571699756,2.6751356859262785
NEW,steady,8,1,steady_r8_s1,43,1787638323.6872218,True,14,0.07128010784162586,0.08209189717599284,0.07128010784162586,True,0.15168031673562027,0.0,True,False,2+2,1+3,model_3,3.5533386869597416,1.221940558338294,1.2219405583382945,2.3339901340265645
NEW,steady,8,1,steady_r8_s1,44,1787638328.7474203,True,14,0.07017636503647406,0.07457046852249444,0.07017636503647406,True,0.06261514804502262,0.0,True,False,2+2,1+3,model_3,3.0184780837454084,1.3192802443902394,1.3192802443902398,2.1815883410816754
NEW,steady,8,1,steady_r8_s1,45,1787638333.783902,True,14,0.0665480464414585,0.07169045397643183,0.0665480464414585,True,0.07727360621317478,0.0,True,False,2+2,1+3,model_3,2.8936698072517406,1.2765582997405818,1.2765582997405822,2.043305376446396
NEW,steady,8,1,steady_r8_s1,46,1787638338.828556,True,14,0.06431904121143851,0.07454037627015453,0.06431904121143851,True,0.1589161602256324,0.0,True,False,2+2,1+3,model_3,3.0897330782247368,1.2462747859432552,1.2462747859432557,1.9232698505650536
NEW,steady,8,1,steady_r8_s1,47,1787638343.8758988,True,14,0.0679491766027917,0.07874739883900074,0.0679491766027917,True,0.15891616022563235,0.0,True,False,2+2,1+3,model_3,3.272464046771569,1.308265991552569,1.3082659915525694,1.8751027287145783
NEW,steady,8,1,steady_r8_s1,48,1787638348.9173431,True,14,0.0665073279720474,0.07707641716023196,0.0665073279720474,True,0.15891616022563218,0.0,True,False,2+2,1+3,model_3,3.21622189704103,1.2673072675745722,1.2673072675745727,1.9551773831347858
NEW,steady,8,1,steady_r8_s1,49,1787638354.3155055,True,14,0.07294122784284963,0.07555084262835624,0.07294122784284963,True,0.035776951700469885,0.0,True,True,2+2,2+2,model_3,2.6851705230913154,0.6563163839765118,1.7096160901905864,1.9291824284853225
NEW,steady,8,1,steady_r8_s1,50,1787638359.3535948,True,14,0.07194875935677222,0.07243901598536488,0.07194875935677222,True,0.006813969177169874,0.0,True,True,2+2,2+2,model_3,2.5810889352433644,0.5121877972197812,1.6326829653271868,1.9566045571155404
NEW,steady,8,1,steady_r8_s1,51,1787638364.4339101,True,14,0.07085579209518435,0.07085579209518435,0.07341109386754328,False,0.0,0.036063414109128354,True,True,2+2,2+2,model_3,2.3785275672895483,0.44644542805433796,1.7431483232785676,1.9190902696214138
NEW,steady,8,1,steady_r8_s1,52,1787638369.472455,True,14,0.06492684661086343,0.06492684661086343,0.07038289290004757,False,0.0,0.08403374834888788,True,True,2+2,2+2,model_3,2.169468102354914,0.5790374871551931,1.60732149258912,1.9038500903269249
NEW,steady,8,1,steady_r8_s1,53,1787638374.5766854,True,14,0.06583453357772687,0.06583453357772687,0.07084510529150656,False,0.0,0.07610856250487463,True,True,2+2,2+2,model_3,2.1284628696828474,0.5233241741007046,1.7011268052105886,1.8331030372809358
NEW,steady,8,1,steady_r8_s1,54,1787638379.619589,True,14,0.06655692914216489,0.06655692914216489,0.06679966021466867,False,0.0,0.003646969228182175,True,True,2+2,2+2,model_3,2.3912996889415035,0.5934350249169041,1.7990666293164392,1.5333492324083011
NEW,steady,8,1,steady_r8_s1,55,1787638384.683555,True,14,0.0706090602842669,0.0721964973697825,0.0706090602842669,True,0.022482059372050646,0.0,True,True,2+2,2+2,model_3,2.754632939093176,0.6065405225282681,2.0198910752057584,1.5025632563972597
NEW,steady,8,1,steady_r8_s1,56,1787638389.7281816,True,14,0.0711154737645037,0.07511811089537243,0.0711154737645037,True,0.05628363166254539,0.0,True,True,2+2,2+2,model_3,2.976352489524926,0.6624077068886985,2.0945957411865748,1.4531218972762248
NEW,steady,8,1,steady_r8_s1,57,1787638394.771963,True,14,0.07369720380055238,0.08179477130691551,0.07369720380055238,True,0.1098761837460981,0.0,True,True,2+2,2+2,model_3,3.1438465410132848,0.6552397821708316,1.997182554580907,1.679329124078681
NEW,steady,8,1,steady_r8_s1,58,1787638399.8234046,True,14,0.07077112289006404,0.08272390306876268,0.07077112289006404,True,0.1688934651675105,0.0,True,True,2+2,2+2,model_3,3.334420040399037,0.5782071997952821,1.986995554674432,1.5435435485638804
NEW,steady,8,1,steady_r8_s1,59,1787638404.8907413,True,14,0.06371047014222149,0.08744957221083119,0.06371047014222149,True,0.37260911771042776,0.0,True,True,2+2,2+2,model_3,3.7355094747323667,0.5594721413397367,1.4513291429256183,1.4211116866293605
NEW,steady,8,1,steady_r8_s1,60,1787638409.9494135,True,14,0.060860213957740716,0.08606753404910067,0.060860213957740716,True,0.4141838888187785,0.0,True,True,2+2,2+2,model_3,3.5772023879410266,0.5256318795694787,1.537175840054143,1.4979244098644384
NEW,steady,8,1,steady_r8_s1,61,1787638414.9949157,True,14,0.06306742888140886,0.08571810865551445,0.06306742888140886,True,0.35915020123458063,0.0,True,True,2+2,2+2,model_3,3.648905527039722,0.6027260652858795,1.5773932667682478,1.4056167745591777
NEW,steady,8,1,steady_r8_s1,62,1787638420.037664,True,14,0.06727032100710123,0.09166135153708521,0.06727032100710123,True,0.3625823418831196,0.0,True,True,2+2,2+2,model_3,3.9360541918990313,0.5989114328687544,1.4845430072040215,1.468922105476241
NEW,steady,8,1,steady_r8_s1,63,1787638425.0856056,True,14,0.06939430867010751,0.08717589066056873,0.06939430867010751,True,0.25623977428743894,0.0,True,True,2+2,2+2,model_3,4.048538491360111,0.6296137704708091,2.1099823556286466,1.091944545618856
NEW,steady,8,1,steady_r8_s1,64,1787638430.1292496,True,14,0.06745087876317306,0.08689454375045427,0.06745087876317306,True,0.28826407222283806,0.0,True,True,2+2,2+2,model_3,3.811245915405363,0.6617619072931884,2.0522560228252877,1.3126469954734747
NEW,steady,8,1,steady_r8_s1,65,1787638435.177311,True,14,0.07267944723262226,0.09412130632949922,0.07267944723262226,True,0.29501956761240683,0.0,True,True,2+2,2+2,model_3,4.163375550072865,0.7362412481325843,2.196677969416044,1.3866564018683676
NEW,steady,8,1,steady_r8_s1,66,1787638440.2273886,True,14,0.07161454084859065,0.09348158443463721,0.07161454084859065,True,0.3053436261258512,0.0,True,True,2+2,2+2,model_3,4.063775408418583,0.7640517242571097,1.7690362025088098,1.448534192491831
NEW,steady,8,1,steady_r8_s1,67,1787638445.287433,True,14,0.06456836654641764,0.08475565500689178,0.06456836654641764,True,0.3126498243681242,0.0,True,True,2+2,2+2,model_3,3.4670708477316237,0.6726214409703943,1.6904052969807053,1.5306986450673403
NEW,steady,8,1,steady_r8_s1,68,1787638450.3375502,True,14,0.06022629438259491,0.07859676857171459,0.06022629438259491,True,0.30502414896090063,0.0,True,True,2+2,2+2,model_3,3.1624445427170085,0.5997725969762882,1.409523344727085,1.5949688644921318
NEW,steady,8,1,steady_r8_s1,69,1787638455.3876314,True,14,0.05803308733463399,0.07396914647598767,0.05803308733463399,True,0.2746029872486739,0.0,True,True,2+2,2+2,model_3,3.0404371700943833,0.5709160865952625,1.262342301574251,1.6327380044828224
NEW,steady,8,1,steady_r8_s1,70,1787638460.4386773,True,14,0.05425138650317111,0.07038202875373425,0.05425138650317111,True,0.2973314285639553,0.0,True,True,2+2,2+2,model_3,2.8184935473529524,0.46619593566417106,1.3747144144623378,1.331709245818905
NEW,steady,8,1,steady_r8_s1,71,1787638465.5004072,True,14,0.05641459922143435,0.061590380339836076,0.05641459922143435,True,0.0917454203314666,0.0,True,True,2+2,2+2,model_3,2.2297435536597554,0.5224320521718746,1.3529640589600451,1.4613751857936192
NEW,steady,8,1,steady_r8_s1,72,1787638470.5534914,True,14,0.06335624369148311,0.06768419266607859,0.06335624369148311,True,0.06831132533157536,0.0,True,True,2+2,2+2,model_3,2.546357727242434,0.4789320839285648,1.715872796746893,1.4447623133465872
NEW,steady,8,1,steady_r8_s1,73,1787638475.6239963,True,14,0.05861686791983941,0.06929183331104834,0.05861686791983941,True,0.18211422360210908,0.0,True,True,2+2,2+2,model_3,2.8664450216252058,0.4305406672701994,1.7047307655991857,1.21947243832374
NEW,steady,8,1,steady_r8_s1,74,1787638480.7057137,True,14,0.06076457153832274,0.07007091690859739,0.06076457153832274,True,0.15315413463263483,0.0,True,True,2+2,2+2,model_3,2.802696449520271,0.5122801526590988,1.7021840156225674,1.3291610746739937
NEW,steady,8,1,steady_r8_s1,75,1787638485.7704768,True,14,0.06442153152983292,0.07450263535317345,0.06442153152983292,True,0.15648655944592185,0.0,True,True,2+2,2+2,model_3,3.1047459229735273,0.527631392383428,1.925342982323786,1.2884358425492455
NEW,steady,8,1,steady_r8_s1,76,1787638490.8252225,True,14,0.07309851407974889,0.09102415508572631,0.07309851407974889,True,0.24522579195550998,0.0,True,True,2+2,2+2,model_3,3.830740206347821,0.7317496325660097,2.109982355628647,1.5366626573107007
NEW,steady,8,1,steady_r8_s1,77,1787638495.901819,True,14,0.06999999086092885,0.08690489324687457,0.06999999086092885,True,0.2414986370431278,0.0,True,True,2+2,2+2,model_3,3.6975292182410255,0.5950658849451016,2.0650958872907417,1.4269739692909864
NEW,steady,8,1,steady_r8_s1,78,1787638500.9634292,True,14,0.06462676588264864,0.08559159605921501,0.06462676588264864,True,0.3243985659847963,0.0,True,True,2+2,2+2,model_3,3.623809428355179,0.6521327735414817,1.8007644626341848,1.4232528306756032
NEW,steady,8,1,steady_r8_s1,79,1787638506.0236027,True,14,0.0676914199267135,0.08719328140063158,0.0676914199267135,True,0.28809945920815194,0.0,True,True,2+2,2+2,model_3,3.914543250169422,0.6488103634837873,1.8450142434779362,1.2269652630463352
NEW,steady,8,1,steady_r8_s1,80,1787638511.100664,True,14,0.06677495088361286,0.08918108469141414,0.06677495088361286,True,0.3355469904703432,0.0,True,True,2+2,2+2,model_3,3.923394106401917,0.5781766059003909,1.9661970965320457,1.3353287996888727
NEW,steady,8,1,steady_r8_s1,81,1787638516.1617343,True,14,0.07620759879458122,0.09909346009990382,0.07620759879458122,True,0.3003094398369878,0.0,True,True,2+2,2+2,model_3,4.56737792443208,0.5700859036807434,1.8280359103004777,1.2758460089198655
NEW,steady,8,1,steady_r8_s1,82,1787638521.2175817,False,14,0.0698868436558871,0.09080500194093856,0.0698868436558871,True,0.2993146805720617,0.0,True,True,2+2,2+2,model_3,4.253004473946236,0.45835157219946515,1.7344428486597383,1.101475630739069
NEW,steady,8,1,steady_r8_s1,83,1787638526.3188434,True,14,0.07341294310244674,0.09239652495026539,0.07341294310244674,True,0.2585863070675061,0.0,True,True,2+2,2+2,model_3,4.357198097949028,0.5918666366682606,2.1136963660112156,1.0911290207491402
NEW,steady,8,1,steady_r8_s1,84,1787638531.3801477,True,14,0.06692013698185822,0.08560193575644483,0.06692013698185822,True,0.2791655788100249,0.0,True,True,2+2,2+2,model_3,3.937734734221657,0.5736235627818952,2.175455052944221,1.1099372236354244
NEW,steady,8,1,steady_r8_s1,85,1787638536.439177,True,14,0.05938801642851875,0.07526309482180987,0.05938801642851875,True,0.26731114032742376,0.0,True,True,2+2,2+2,model_3,3.4298748443241758,0.5570724741949733,1.9545244924725433,1.0081487802173512
NEW,steady,8,1,steady_r8_s1,86,1787638541.49792,True,14,0.0499456685482224,0.061117485097904545,0.0499456685482224,True,0.22367938751076666,0.0,True,True,2+2,2+2,model_3,2.8626357923605874,0.5044046287535618,1.5820623083920486,0.7412665369183893
NEW,steady,8,1,steady_r8_s1,87,1787638546.5551925,True,14,0.03280275324485443,0.035481758991540685,0.03280275324485443,True,0.08167014904782396,0.0,True,True,2+2,2+2,model_3,1.4928817632658145,0.43952331013432033,1.0370578133956332,0.59936391195607
NEW,steady,8,1,steady_r8_s1,88,1787638551.612842,False,14,0.01986055750672351,0.01986055750672351,0.025563593117894832,False,0.0,0.2871538530195156,False,True,1+3,2+2,model_5,0.6993294881782769,0.3143452357993204,0.80349980796691,0.47178397214494505
NEW,steady,8,1,steady_r8_s1,89,1787638556.93206,True,14,0.006136581735817763,0.0071106649574366665,0.006136581735817763,True,0.1587338462280087,0.0,True,False,2+2,1+3,model_3,0.2929745449110771,0.11007362601013138,0.12065228014231398,0.18548164699881353
NEW,steady,8,1,steady_r8_s1,90,1787638561.9907596,True,14,0.004681482755173684,0.004681482755173684,0.006021852408750698,False,0.0,0.28631306012944735,False,False,1+3,1+3,model_5,0.05512178818212234,0.021719281869922804,0.30041038265865505,7.481070100640724e-08
NEW,steady,8,1,steady_r8_s1,91,1787638567.054563,True,14,0.013303613128001516,0.013303613128001516,0.01711260706153974,False,0.0,0.2863127405231766,False,False,1+3,1+3,model_5,1.4568788806607132e-10,0.0004922211793096974,0.8536918150790817,4.792153315336979e-10
NEW,steady,8,1,steady_r8_s1,92,1787638572.109883,True,14,0.022825329024960216,0.022825329024960216,0.03443746220305448,False,0.0,0.5087389174279165,False,False,1+3,1+3,model_5,9.68460682005373e-08,1.1518246106900776e-07,1.464699580302867,0.2532724110846672
NEW,steady,8,1,steady_r8_s1,93,1787638577.1690526,True,14,0.03270423329179441,0.03270423329179441,0.05669488461749017,False,0.0,0.7335640958663016,False,False,1+3,1+3,model_5,2.7901958385166986e-07,3.3184787917583947e-07,2.0986280953162213,0.7296936681602123
NEW,steady,8,1,steady_r8_s1,94,1787638582.2453802,True,14,0.05798688600950916,0.05798688600950916,0.11999676518028164,False,0.0,1.069377637567977,False,False,1+3,1+3,model_5,8.661768889410632e-07,1.0301748685215273e-06,3.7210139450047333,2.26523093045377
NEW,steady,8,1,steady_r8_s1,95,1787638587.3077292,True,14,0.0693226558034744,0.0693226558034744,0.1622893311636883,False,0.0,1.3410720388983495,False,False,1+3,1+3,model_5,1.3947860778535229e-06,1.6588685105567436e-06,4.448429407076468,3.64765281281206
NEW,steady,8,2,steady_r8_s2,1,1787638762.8457747,True,14,0.00026282836912213287,0.00026282836912213287,0.0003571675947570502,False,0.0,0.3589385192702661,False,False,2+2,2+2,model_6,0.0007842602462121817,0.0002153472338109648,0.0007428020765138064,0.01707511726974513
NEW,steady,8,2,steady_r8_s2,2,1787638767.8530617,True,14,0.009090647849513502,0.009090647849513502,0.009517886762130822,False,0.0,0.04699763093784173,False,False,2+2,2+2,model_3,0.33532421144124425,0.0226730618912776,0.27409396623359444,0.20072217376317394
NEW,steady,8,2,steady_r8_s2,3,1787638772.8806813,True,14,0.01853971439850892,0.01853971439850892,0.026297839263441744,False,0.0,0.41845978304589104,False,False,2+2,2+2,model_5,0.598609175319268,0.06186641374462615,0.8172945133299053,0.4946183977381201
NEW,steady,8,2,steady_r8_s2,4,1787638777.8868682,True,14,0.0281475323727567,0.0281475323727567,0.03666899192995859,False,0.0,0.30274268608532084,False,False,2+2,2+2,model_5,0.870184814655578,0.10179797590255057,1.0397106779546106,0.7895850093012531
NEW,steady,8,2,steady_r8_s2,5,1787638782.8956668,True,14,0.03937710283738073,0.03937710283738073,0.05778614615882104,False,0.0,0.4675062915996091,False,False,2+2,2+2,model_5,1.2125673038518507,0.11773392953933914,1.7733869003855334,1.1093743206859652
NEW,steady,8,2,steady_r8_s2,6,1787638787.938413,True,14,0.05053749176185694,0.05053749176185694,0.08281251388925147,False,0.0,0.6386352191652303,False,False,2+2,2+2,model_5,1.5685061677839702,0.1336699641177932,2.7197167458641225,1.4115278435094343
NEW,steady,8,2,steady_r8_s2,7,1787638792.9639518,True,14,0.06519939800712354,0.06519939800712354,0.10381782572419809,False,0.0,0.5923126424089864,False,False,2+2,2+2,model_5,2.1864975978908543,0.17560143749588097,3.6277392271110704,1.5513914460285148
NEW,steady,8,2,steady_r8_s2,8,1787638797.9723096,True,14,0.06707904543364931,0.06707904543364931,0.10316861919300427,False,0.0,0.5380156131627225,False,False,2+2,2+2,model_5,2.3076086812747447,0.21593279601473814,3.498916124127106,1.64782776538015
NEW,steady,8,2,steady_r8_s2,9,1787638802.99149,True,14,0.07358739729604423,0.07358739729604423,0.11488597714754538,False,0.0,0.5612181075701831,False,False,2+2,2+2,model_5,2.3837932665671087,0.2789681209131898,4.013677963151172,1.717606467127352
NEW,steady,8,2,steady_r8_s2,10,1787638808.0000587,True,14,0.07492602871428988,0.07492602871428988,0.1123856080499445,False,0.0,0.4999541544967849,False,False,2+2,2+2,model_5,2.4320808493038877,0.3482483148132083,4.022485473486979,1.5840637468483378
NEW,steady,8,2,steady_r8_s2,11,1787638813.011999,True,14,0.08333471794310983,0.08333471794310983,0.12293356763858652,False,0.0,0.47517830110746484,False,False,2+2,2+2,model_5,2.506921000738151,0.394671133728526,4.4665750006598754,1.6661773130603925
NEW,steady,8,2,steady_r8_s2,12,1787638818.0233693,True,14,0.07886385094698843,0.07886385094698843,0.1176858480127879,False,0.0,0.49226605852528393,False,False,2+2,2+2,model_5,2.5065848922736262,0.5137578530797084,4.086684795814244,1.7842760048549535
NEW,steady,8,2,steady_r8_s2,13,1787638823.0369625,True,14,0.07299737549790279,0.07299737549790279,0.1105604943646003,False,0.0,0.5145817724334034,False,False,2+2,2+2,model_5,2.3765109165023977,0.6093717327101351,3.648856029000534,1.8666442582272413
NEW,steady,8,2,steady_r8_s2,14,1787638828.046805,True,14,0.07982237215784523,0.07982237215784523,0.11077995917055104,False,0.0,0.3878309573597807,False,False,2+2,2+2,model_5,2.9482314146596558,0.6190931546361658,3.7678104758251036,1.7586381904526593
NEW,steady,8,2,steady_r8_s2,15,1787638833.0754013,True,14,0.08079461779104084,0.08079461779104084,0.10423312795246267,False,0.0,0.2900998952930362,False,False,2+2,2+2,model_5,3.0306900246231554,0.6070951383278209,3.4663389473428574,1.7335097912544115
NEW,steady,8,2,steady_r8_s2,16,1787638838.0903344,True,14,0.08915257018377672,0.08915257018377672,0.10820600299190114,False,0.0,0.21371714543785095,False,False,2+2,2+2,model_5,3.3452875474186827,0.5442753639059255,3.4862884888263705,1.91175394949226
NEW,steady,8,2,steady_r8_s2,17,1787638843.121721,True,14,0.084248410015774,0.084248410015774,0.09565959536181803,False,0.0,0.13544689263462054,False,False,2+2,2+2,model_3,3.2833315537912156,0.5457518769679071,3.0876160029031743,1.6845273266506458
NEW,steady,8,2,steady_r8_s2,18,1787638848.1344936,True,14,0.07993559981274341,0.07993559981274341,0.09063801348126883,False,0.0,0.13388795097049155,False,False,2+2,2+2,model_3,3.2836676622557417,0.46801162920302386,3.09175447161518,1.429878614983587
NEW,steady,8,2,steady_r8_s2,19,1787638853.1504533,True,14,0.08148031724982449,0.08148031724982449,0.09710322431106894,False,0.0,0.19173841718538592,False,False,2+2,2+2,model_5,3.211292306227995,0.3902099127073073,3.2508202305714944,1.5933410103529648
NEW,steady,8,2,steady_r8_s2,20,1787638858.172358,True,14,0.07984754849725136,0.07984754849725136,0.09603607823553767,False,0.0,0.2027429776237098,False,False,2+2,2+2,model_5,3.0795377881341417,0.3775659365277768,3.162108439719274,1.62881638506999
NEW,steady,8,2,steady_r8_s2,21,1787638863.189233,True,14,0.08390653634290333,0.08390653634290333,0.09834969681615212,False,0.0,0.17213391355142454,False,False,2+2,2+2,model_3,3.416542541898012,0.35123216189886053,3.3751865210963765,1.5311571431187747
NEW,steady,8,2,steady_r8_s2,22,1787638868.2040474,True,14,0.08310449710408355,0.08310449710408355,0.09528336720142044,False,0.0,0.14654886945628912,False,False,2+2,2+2,model_3,3.604987354341772,0.4248193229723569,3.457955895336488,1.2954186457937489
NEW,steady,8,2,steady_r8_s2,23,1787638873.223216,True,14,0.0870947284341295,0.0870947284341295,0.09637012296291765,False,0.0,0.10649777197253914,False,False,2+2,2+2,model_3,3.6961847843829263,0.38538003286408085,3.3680768440783146,1.4395123760756747
NEW,steady,8,2,steady_r8_s2,24,1787638878.2792418,True,14,0.09043325593063886,0.09043325593063886,0.10028376135414542,False,0.0,0.10892569688148537,False,False,2+2,2+2,model_3,3.8072126138310627,0.40709935271520936,3.477480978490563,1.5253468193758086
NEW,steady,8,2,steady_r8_s2,25,1787638883.31419,True,14,0.09875206177789053,0.09875206177789053,0.11370728324053354,False,0.0,0.15144211871018692,False,False,2+2,2+2,model_3,4.230821315287575,0.48403997136679067,4.080211806290339,1.5922714525567474
NEW,steady,8,2,steady_r8_s2,26,1787638888.34633,True,14,0.09360992314216955,0.09360992314216955,0.11976049214822634,False,0.0,0.27935680458086437,False,False,2+2,2+2,model_5,3.8751065236651394,0.5023445571656571,4.329687189416617,1.644770799743534
NEW,steady,8,2,steady_r8_s2,27,1787638893.382384,True,14,0.09702806218929091,0.09702806218929091,0.1179275136310445,False,0.0,0.21539594804007417,False,False,2+2,2+2,model_5,3.9918481970102033,0.522587103479355,4.153430868118127,1.7295858372805817
NEW,steady,8,2,steady_r8_s2,28,1787638898.4047372,True,14,0.09816011311480578,0.09816011311480578,0.1226857562555272,False,0.0,0.24985345230844222,False,False,2+2,2+2,model_5,3.919808949446983,0.4754261587150639,4.252011315129746,1.868378501820793
NEW,steady,8,2,steady_r8_s2,29,1787638903.4236557,True,14,0.09308754648610133,0.09308754648610133,0.12022861714166948,False,0.0,0.2915650017655209,False,False,2+2,2+2,model_5,3.79007108214028,0.49699163548529013,4.298807845950116,1.6990033630977777
NEW,steady,8,2,steady_r8_s2,30,1787638908.4434712,True,14,0.09436660915011608,0.09436660915011608,0.11937565727567573,False,0.0,0.26502009927871706,False,False,2+2,2+2,model_5,3.956220699770539,0.495330405914036,4.346983866341155,1.6082759737668717
NEW,steady,8,2,steady_r8_s2,31,1787638913.466872,True,14,0.081080473245475,0.081080473245475,0.1058809193165295,False,0.0,0.30587446124013074,False,False,2+2,2+2,model_5,3.44063031518898,0.3848880295698436,3.941626161729333,1.340425481205817
NEW,steady,8,2,steady_r8_s2,32,1787638918.5088446,True,14,0.07380508821570822,0.07380508821570822,0.10181894834558015,False,0.0,0.3795654311528841,False,False,2+2,2+2,model_5,3.0566824125464334,0.3564006443476685,3.784046006926046,1.2953672326106889
NEW,steady,8,2,steady_r8_s2,33,1787638923.5340734,True,14,0.06978156614782878,0.06978156614782878,0.09938083024314077,False,0.0,0.42417024623103794,False,False,2+2,2+2,model_5,2.8071778957139393,0.3154539488061059,3.7551828405243675,1.2026006869566905
NEW,steady,8,2,steady_r8_s2,34,1787638928.56067,True,14,0.07166310729206861,0.07166310729206861,0.0971763676954814,False,0.0,0.3560166641872155,False,False,2+2,2+2,model_5,2.61156276936031,0.370244386853089,3.81015019418639,1.0376599301846767
NEW,steady,8,2,steady_r8_s2,35,1787638933.5871725,True,14,0.0784358334823008,0.0784358334823008,0.10454170962939606,False,0.0,0.33283099048072323,False,False,2+2,2+2,model_5,2.872943118606025,0.38596485867641117,4.189509826120226,1.0257330398056226
NEW,steady,8,2,steady_r8_s2,36,1787638938.6100924,True,14,0.07887873396475278,0.07887873396475278,0.1109404039085273,False,0.0,0.4064678568256607,False,False,2+2,2+2,model_5,2.7290886957892657,0.3915331232688536,4.209777711350817,1.3246750164452856
NEW,steady,8,2,steady_r8_s2,37,1787638943.6466928,True,14,0.0821296049845899,0.0821296049845899,0.11852900749434316,False,0.0,0.4431946618589353,False,False,2+2,2+2,model_5,2.7996714733395445,0.41626732155910706,4.374679772336883,1.5383434882500566
NEW,steady,8,2,steady_r8_s2,38,1787638948.6957302,True,14,0.09586896178231809,0.09586896178231809,0.1365297606843412,False,0.0,0.42412891665968283,False,False,1+3,2+2,model_5,3.1246883585353498,0.37667456654198683,5.215743952115228,1.5952778201493083
NEW,steady,8,2,steady_r8_s2,39,1787638953.7680619,True,14,0.09459763640154752,0.09459763640154752,0.13575094578604488,False,0.0,0.4350352815350484,False,False,1+3,1+3,model_5,2.990581081189821,0.40614661722777967,5.142843234034517,1.629326018440402
NEW,steady,8,2,steady_r8_s2,40,1787638958.7979114,True,14,0.0946453292061335,0.0946453292061335,0.1468778307073431,False,0.0,0.5518761669416292,False,False,1+3,1+3,model_5,2.8776486371093752,0.3349590723203124,5.5112730639853655,1.8159799671219718
NEW,steady,8,2,steady_r8_s2,41,1787638963.8289764,True,14,0.08922240728304516,0.08922240728304516,0.14370588894299588,False,0.0,0.6106479674675193,False,False,1+3,1+3,model_5,2.587250923759656,0.37301382221976964,5.388816835942947,1.7801984284750227
NEW,steady,8,2,steady_r8_s2,42,1787638968.8583934,True,14,0.08387963711910394,0.08387963711910394,0.13557310315184692,False,0.0,0.6162814695936444,False,False,1+3,1+3,model_5,2.431632704684519,0.4083305915151427,5.146663358999446,1.616633908001479
NEW,steady,8,2,steady_r8_s2,43,1787638973.891327,True,14,0.0845686845911568,0.0845686845911568,0.11965553714142428,False,0.0,0.4148917855337726,False,False,1+3,1+3,model_5,2.75239221599634,0.48785515724160433,4.7162626129508745,1.2529595153035373
NEW,steady,8,2,steady_r8_s2,44,1787638978.9380603,True,14,0.07383126431429306,0.07383126431429306,0.10057158942526791,False,0.0,0.36218159555203727,False,False,2+2,1+3,model_5,2.8530006830441987,0.6081419361871476,3.6987298827093182,1.3184567131894962
NEW,steady,8,2,steady_r8_s2,45,1787638984.76467,True,14,0.07938091346326573,0.07938091346326573,0.10445404667825944,False,0.0,0.3158584617018365,False,False,2+2,2+2,model_5,3.359067994464214,0.564395075227523,3.8890994434615718,1.3217702054761284
NEW,steady,8,2,steady_r8_s2,46,1787638989.8012936,True,14,0.0798009010374141,0.0798009010374141,0.09612487163950872,False,0.0,0.20455872540137426,False,False,2+2,2+2,model_5,3.4817475840158885,0.7461170172019663,3.571498498460739,1.2238559378992848
NEW,steady,8,2,steady_r8_s2,47,1787638994.8396473,True,14,0.08746042701771749,0.08746042701771749,0.1008981452856391,False,0.0,0.1536434102385464,False,False,2+2,2+2,model_3,3.6690720349112307,0.752823526559276,3.545288196618038,1.4881891996432788
NEW,steady,8,2,steady_r8_s2,48,1787638999.874552,True,14,0.09076703330144527,0.09076703330144527,0.09768438704600092,False,0.0,0.07620997947109846,False,False,2+2,2+2,model_3,4.006973077913836,0.7376877056593564,3.5278854051111432,1.3452681377188478
NEW,steady,8,2,steady_r8_s2,49,1787639004.9099424,True,14,0.08843936213449322,0.08843936213449322,0.10887198114760686,False,0.0,0.23103535032332054,False,False,2+2,2+2,model_5,3.6857654219826457,0.5965125397162735,3.9020454225093837,1.5292204807565821
NEW,steady,8,2,steady_r8_s2,50,1787639009.9615736,True,14,0.07852429340968492,0.07852429340968492,0.11134504670009499,False,0.0,0.41796941895642786,False,False,2+2,2+2,model_5,2.9783691403120764,0.5534739135926494,3.9026821100035383,1.6519569189297152
NEW,steady,8,2,steady_r8_s2,51,1787639015.0168514,True,14,0.08698800978075825,0.08698800978075825,0.12304752229996355,False,0.0,0.41453428593306724,False,False,2+2,2+2,model_5,3.1828351228982004,0.6032192756617798,4.471137927701319,1.6672992101613153
NEW,steady,8,2,steady_r8_s2,52,1787639020.0548806,True,14,0.0833211506270264,0.0833211506270264,0.12184767601926833,False,0.0,0.4623859020466443,False,False,2+2,2+2,model_5,3.1290577685741785,0.38759538268035376,4.294457148073392,1.7841235958409665
NEW,steady,8,2,steady_r8_s2,53,1787639025.09582,True,14,0.08293390862858138,0.08293390862858138,0.12158025578235669,False,0.0,0.46598969942261564,False,False,2+2,2+2,model_5,3.093990452108723,0.3388039066015185,4.268883533724845,1.7963564920426442
NEW,steady,8,2,steady_r8_s2,54,1787639030.1381402,True,14,0.08064510568898606,0.08064510568898606,0.12154325293318176,False,0.0,0.5071373754772236,False,False,2+2,2+2,model_5,2.9826265141960615,0.3162540127183251,4.290637023108465,1.7727570519292866
NEW,steady,8,2,steady_r8_s2,55,1787639035.218156,True,14,0.07674858388800723,0.07674858388800723,0.1139536955629464,False,0.0,0.48476609977885027,False,False,2+2,2+2,model_5,2.821518523533678,0.376612568741858,3.980676328037488,1.7040996330343423
NEW,steady,8,2,steady_r8_s2,56,1787639040.2654655,True,14,0.08576611679841335,0.08576611679841335,0.11394756254435585,False,0.0,0.3285848397704751,False,False,2+2,2+2,model_5,3.0982478259927078,0.4311567778870913,3.7253646428814573,1.9591053620168575
NEW,steady,8,2,steady_r8_s2,57,1787639045.318727,True,14,0.08539950416890253,0.08539950416890253,0.10198971022323351,False,0.0,0.194265835800627,False,False,2+2,2+2,model_5,3.1864202798531354,0.3835033887287995,3.238617053600194,1.8493149357002556
NEW,steady,8,2,steady_r8_s2,58,1787639050.3958764,True,14,0.08425646977392434,0.08425646977392434,0.09555547361230185,False,0.0,0.13410250712728436,False,False,2+2,2+2,model_3,3.276161239881346,0.40282302426350225,3.0747761384377217,1.6921728986822278
NEW,steady,8,2,steady_r8_s2,59,1787639055.4370189,True,14,0.08483945178267355,0.08483945178267355,0.09367265676643859,False,0.0,0.10411671454917407,False,False,2+2,2+2,model_3,3.4008574802201723,0.36193786603508116,3.0711682426375106,1.6018532400350953
NEW,steady,8,2,steady_r8_s2,60,1787639060.500512,True,14,0.08584395819615336,0.08584395819615336,0.08772134026241685,False,0.0,0.02186970528518356,True,False,2+2,2+2,model_3,3.4190071294290365,0.3889787459274736,2.73319371357471,1.6429361164695298
NEW,steady,8,2,steady_r8_s2,61,1787639065.566757,True,14,0.06972422930317256,0.07419408649137343,0.06972422930317256,True,0.06410766003257198,0.0,True,False,2+2,1+3,model_3,3.5155825027780834,0.8594051246849153,2.6189078926229623,0.8594051246849155
NEW,steady,8,2,steady_r8_s2,62,1787639070.615632,True,14,0.08008850580161071,0.08008850580161071,0.09083824110136982,False,0.0,0.13422319710131123,False,False,2+2,1+3,model_3,3.4861169940547154,0.2569111656483303,3.2951761259976027,1.2364456595711228
NEW,steady,8,2,steady_r8_s2,63,1787639075.6998546,True,14,0.08158339577255137,0.08158339577255137,0.10718495266193116,False,0.0,0.3138084244587598,False,False,2+2,1+3,model_5,3.5779866410249177,0.24657454784792088,4.114380701809972,1.2327248858678526
NEW,steady,8,2,steady_r8_s2,64,1787639080.7510302,True,14,0.0798780068396731,0.0798780068396731,0.11442479787494272,False,0.0,0.4324944049318872,False,False,2+2,1+3,model_5,3.354586548270545,0.25038922109761486,4.352714053788545,1.3555636558243198
NEW,steady,8,2,steady_r8_s2,65,1787639085.8022585,True,14,0.08346095511207365,0.08346095511207365,0.1200159730528761,False,0.0,0.43798945137538126,False,False,2+2,1+3,model_5,3.3084276524757597,0.24466712513183841,4.623942926298443,1.363260166897966
NEW,steady,8,2,steady_r8_s2,66,1787639090.8542602,True,14,0.09499081191745834,0.09499081191745834,0.13625746271113381,False,0.0,0.43442781423464266,False,False,1+3,1+3,model_5,3.387301105484324,0.23928354517075,5.301908992990829,1.495528726868116
NEW,steady,8,2,steady_r8_s2,67,1787639095.950215,True,14,0.0898565349823707,0.0898565349823707,0.1309628008393972,False,0.0,0.45746551283210846,False,False,2+2,1+3,model_5,3.7262104738805046,0.25614233102586104,4.960962839870993,1.5723415723162806
NEW,steady,8,2,steady_r8_s2,68,1787639101.8179371,True,14,0.09824665715921627,0.09824665715921627,0.13398504551576723,False,0.0,0.3637618763825639,False,False,2+2,2+2,model_5,4.120689775078174,0.28238328806799085,5.011473381073932,1.6726009012770966
NEW,steady,8,2,steady_r8_s2,69,1787639107.4940438,True,14,0.09864761836539154,0.09864761836539154,0.12022243352849137,False,0.0,0.21870588992008444,False,False,2+2,2+2,model_5,4.128532305917093,0.2925658551273287,4.30910096043895,1.6884017684374688
NEW,steady,8,2,steady_r8_s2,70,1787639112.5590246,True,14,0.10227310501208767,0.10227310501208767,0.121117336970302,False,0.0,0.18425403194698284,False,False,2+2,2+2,model_5,4.148474741478918,0.24208232023559195,4.159903857642033,1.8822426675443997
NEW,steady,8,2,steady_r8_s2,71,1787639117.6356988,True,14,0.10484060749821793,0.10484060749821793,0.12351867098912167,False,0.0,0.17815676517537568,False,False,2+2,2+2,model_3,4.166176453943909,0.35166314919436603,4.146002847352988,2.015938352655109
NEW,steady,8,2,steady_r8_s2,72,1787639122.6928868,True,14,0.11291910387398119,0.11291910387398119,0.11558149597421526,False,0.0,0.023577871315781304,True,False,2+2,2+2,model_3,4.729493981191151,0.332465870488436,3.8369977021170105,1.9289838802529227
NEW,steady,8,2,steady_r8_s2,73,1787639127.767333,True,14,0.09417541063732994,0.09417541063732994,0.11277572271906092,False,0.0,0.19750709825265206,False,False,2+2,2+2,model_5,3.690246868176315,0.3352351074442308,3.7630353196189428,1.8629754414948345
NEW,steady,8,2,steady_r8_s2,74,1787639132.8236778,True,14,0.09152952855448605,0.09152952855448605,0.11904452814232358,False,0.0,0.30061336513339837,False,False,2+2,2+2,model_5,3.6653748418014547,0.38374986808926614,4.20691261762712,1.731828276535437
NEW,steady,8,2,steady_r8_s2,75,1787639137.909771,True,14,0.09163788237126984,0.09163788237126984,0.11816673206373662,False,0.0,0.2894965379599831,False,False,2+2,2+2,model_5,3.7374140893646755,0.4151597674172276,4.2287722215931005,1.666178306477136
NEW,steady,8,2,steady_r8_s2,76,1787639142.9634154,True,14,0.09136762691471983,0.09136762691471983,0.1142443925842039,False,0.0,0.2503815239815371,False,False,2+2,2+2,model_5,3.821329169341118,0.4596134944180785,4.132950753722817,1.566327127889949
NEW,steady,8,2,steady_r8_s2,77,1787639148.0213919,True,14,0.08355603833066381,0.08355603833066381,0.1054171122323333,False,0.0,0.26163368128054004,False,False,2+2,2+2,model_5,3.502250200351922,0.37568959745856456,3.8341320897995503,1.4247817395720457
NEW,steady,8,2,steady_r8_s2,78,1787639153.0989983,True,14,0.08509226485001856,0.08509226485001856,0.10782191620593974,False,0.0,0.26711771505887033,False,False,2+2,2+2,model_5,3.4542987260796685,0.35664676714474974,3.815562037886705,1.563319570965078
NEW,steady,8,2,steady_r8_s2,79,1787639158.1598961,True,14,0.08614976122520826,0.08614976122520826,0.10364169569592575,False,0.0,0.20304100930693217,False,False,2+2,2+2,model_5,3.512221418132833,0.33505046327354493,3.6025900710919605,1.567754052863773
NEW,steady,8,2,steady_r8_s2,80,1787639163.2402213,True,14,0.09131784677312119,0.09131784677312119,0.09637854748018358,False,0.0,0.05541852864353762,True,False,2+2,2+2,model_3,3.751978552325189,0.27084567101281465,3.175267122269617,1.6327423694078225
NEW,steady,8,2,steady_r8_s2,81,1787639168.3205254,True,14,0.08808162841756782,0.08808162841756782,0.10245483672509081,False,0.0,0.16318054701922682,False,False,2+2,1+3,model_3,3.481075367086836,0.28312219107209025,3.398319500050663,1.7128161242311135
NEW,steady,8,2,steady_r8_s2,82,1787639173.3947484,True,14,0.09154250906664807,0.09154250906664807,0.10350796063026022,False,0.0,0.1307092375510554,False,False,2+2,1+3,model_3,3.7683360681009894,0.27158583534535596,3.5340400508879717,1.6296324694598932
NEW,steady,8,2,steady_r8_s2,83,1787639178.502391,True,14,0.09246816205587727,0.09246816205587727,0.11521214344033007,False,0.0,0.24596553969255835,False,False,2+2,1+3,model_5,3.764302766526685,0.27158586016834496,4.059307233565592,1.6882485628268116
NEW,steady,8,2,steady_r8_s2,84,1787639183.5728471,True,14,0.0891328461223998,0.0891328461223998,0.1125909172811643,False,0.0,0.26318099532636036,False,False,2+2,1+3,model_5,3.715903147635067,0.2714319514122565,4.076816139654844,1.5399752845551138
NEW,steady,8,2,steady_r8_s2,85,1787639188.6368346,True,14,0.08058425970994051,0.08058425970994051,0.0987765024273283,False,0.0,0.22575429473286668,False,False,2+2,1+3,model_5,3.3285941603472677,0.24838958895739327,3.504434082409778,1.423201513291041
NEW,steady,8,2,steady_r8_s2,86,1787639193.7207057,True,14,0.06776001740810979,0.06776001740810979,0.08253968577413574,False,0.0,0.21811783602430224,False,False,2+2,1+3,model_5,2.83866005522446,0.2207632962916828,2.960702962401672,1.1569311275260132
NEW,steady,10,1,steady_r10_s1,1,1787639371.264318,True,14,0.0007494570406483163,0.0009370449879927236,0.0007494570406483163,True,0.25029846564939157,0.0,True,False,3+1,2+2,model_3,0.05489772822748917,0.00021535958886120094,0.0007427897214635638,0.0003568132422145751
NEW,steady,10,1,steady_r10_s1,2,1787639377.2571433,False,14,0.010209708720110816,0.010209708720110816,0.012101594687234941,False,0.0,0.18530263879101053,False,True,2+2,3+1,model_6,0.2653016146651742,0.2074641889318714,0.2074641889318713,0.39624466165671246
NEW,steady,10,1,steady_r10_s1,3,1787639382.2626884,True,14,0.02062111631961393,0.02062111631961393,0.024112868260821763,False,0.0,0.1693289483987162,False,True,2+2,3+1,model_3,0.752210743607255,0.45289400906919053,0.7500178681142261,0.45289400906919064
NEW,steady,10,1,steady_r10_s1,4,1787639387.3007658,True,14,0.031221352334632028,0.031221352334632028,0.03565492304305178,False,0.0,0.14200444173271293,False,True,2+2,3+1,model_3,1.1428808155403052,0.6981423257387486,1.0805647921628696,0.6981423257387487
NEW,steady,10,1,steady_r10_s1,5,1787639392.355554,True,14,0.05046737211019696,0.05046737211019696,0.0590129591580633,False,0.0,0.16932894839871607,False,True,2+2,3+1,model_5,1.67393218949002,1.0099185180463066,1.9340443780772336,1.009918518046307
NEW,steady,10,1,steady_r10_s1,6,1787639397.3654234,False,14,0.06582256384786858,0.06582256384786858,0.07696822936513549,False,0.0,0.1693289483987157,False,True,2+2,3+1,model_5,2.165210728470928,1.271295059603982,2.5683973514200233,1.271295059603982
NEW,steady,10,1,steady_r10_s1,7,1787639402.394636,False,14,0.08225220537033105,0.08225220537033105,0.09617988480916442,False,0.0,0.1693289483987159,False,True,2+2,3+1,model_5,2.7390599135701774,1.5289208095625633,3.26917805331962,1.528920809562563
NEW,steady,10,1,steady_r10_s1,8,1787639411.0426714,True,14,0.09222221757364726,0.09222221757364726,0.10754545347590223,False,0.0,0.16615557839972853,False,False,2+2,2+2,model_3,3.3097720863338598,0.8185349930751307,3.2368131057000906,2.128276684693454
NEW,steady,10,1,steady_r10_s1,9,1787639416.0881789,True,14,0.09636486719534008,0.09636486719534008,0.11074475981135895,False,0.0,0.1492233947344062,False,False,2+2,2+2,model_3,3.520512093591121,0.9447283543917431,3.3628772295427187,2.161815456202848
NEW,steady,10,1,steady_r10_s1,10,1787639421.1028996,True,14,0.0959896791285985,0.0959896791285985,0.1065679178090665,False,0.0,0.11020183395233787,False,False,2+2,2+2,model_3,3.581011617205646,0.8964598256373233,3.2371314494471672,2.0791922940668495
NEW,steady,10,1,steady_r10_s1,11,1787639426.118328,True,14,0.10035586792052845,0.10035586792052845,0.10805413448474024,False,0.0,0.07670968049728825,True,False,2+2,2+2,model_3,3.630307214889604,1.0364039080841354,3.1031093528203866,2.287356863994526
NEW,steady,10,1,steady_r10_s1,12,1787639431.1332054,True,14,0.10554603595800817,0.10554603595800817,0.1129155402062958,False,0.0,0.0698226530385244,True,False,2+2,2+2,model_3,3.7340526782006886,0.9841053459848563,3.1433268116791697,2.4896589850966255
NEW,steady,10,1,steady_r10_s1,13,1787639436.16561,True,14,0.10845543524739507,0.10845543524739507,0.12302490088713704,False,0.0,0.1343359657956092,False,False,2+2,2+2,model_3,3.6740016257242654,1.008778710648559,3.4160406353046358,2.7212679944985947
NEW,steady,10,1,steady_r10_s1,14,1787639441.1835206,True,14,0.10691753391842211,0.10691753391842211,0.12855882634595237,False,0.0,0.20241106986289564,False,False,2+2,2+2,model_5,3.452730219911885,0.9377142721667253,3.5615237277189826,2.851854285031634
NEW,steady,10,1,steady_r10_s1,15,1787639446.2007756,True,14,0.10657647026400804,0.10657647026400804,0.12589324553362488,False,0.0,0.18124802990534308,False,False,2+2,2+2,model_3,3.3816992977422387,0.8840312836513857,3.3776271564906364,2.902773775970002
NEW,steady,10,1,steady_r10_s1,16,1787639451.2203612,True,14,0.10110653841215059,0.10110653841215059,0.11928656558556502,False,0.0,0.17981059839379915,False,False,2+2,2+2,model_3,3.1655815550525768,0.8983363890328862,3.154468189789419,2.7963471582310926
NEW,steady,10,1,steady_r10_s1,17,1787639456.2400613,True,14,0.10032844816675174,0.10032844816675174,0.10704548029286327,False,0.0,0.06695042382144131,True,False,2+2,2+2,model_3,3.383267484572291,0.7548837849717311,2.807368029568212,2.5327797392605254
NEW,steady,10,1,steady_r10_s1,18,1787639461.612478,True,14,0.09182198941377478,0.09182198941377478,0.10042418810724374,False,0.0,0.09368342755791441,False,False,2+2,1+3,model_3,3.2645094797778067,0.8623750633466947,2.8598941091605123,2.1499391186426515
NEW,steady,10,1,steady_r10_s1,19,1787639466.63636,True,14,0.07798006740918956,0.07798006740918956,0.08061347192745578,False,0.0,0.033770226235478915,True,False,2+2,1+3,model_3,3.069006389579019,1.5292284056374683,2.492313195868538,1.5292284056374688
NEW,steady,10,1,steady_r10_s1,20,1787639471.6635592,True,14,0.08113839879548944,0.08113839879548944,0.08697166092379695,False,0.0,0.07189274394002197,True,False,2+2,1+3,model_3,3.2897176146171927,1.494753865919177,2.8439769218066457,1.4947538659191777
NEW,steady,10,1,steady_r10_s1,21,1787639476.7006242,True,14,0.08898581853896273,0.08898581853896273,0.10382025803844067,False,0.0,0.16670565875598065,False,False,2+2,1+3,model_3,3.1207670931158917,0.7860806076368569,3.0528104198893837,2.1264415934267324
NEW,steady,10,1,steady_r10_s1,22,1787639481.7255425,True,14,0.0840336063329132,0.0840336063329132,0.08802524164828796,False,0.0,0.047500464273319776,True,False,2+2,1+3,model_3,3.477490210131903,1.4777023851747026,2.913588087834224,1.4777023851747033
NEW,steady,10,1,steady_r10_s1,23,1787639486.7560291,True,14,0.09338356779920183,0.09338356779920183,0.11847243176636614,False,0.0,0.2686646543759356,False,False,2+2,1+3,model_5,3.139813239438983,0.7727292091308411,3.5434842487179323,2.3667166344393413
NEW,steady,10,1,steady_r10_s1,24,1787639491.7857218,True,14,0.09659786382499602,0.09659786382499602,0.11988091607825152,False,0.0,0.24103071570440557,False,False,2+2,2+2,model_5,3.0614999672046266,0.7488549139964538,3.345898896365261,2.634566647522825
NEW,steady,10,1,steady_r10_s1,25,1787639496.8274844,True,14,0.10725483877399507,0.10725483877399507,0.11848753902155128,False,0.0,0.1047290768039426,False,False,2+2,2+2,model_3,3.6016262696965198,0.7535924868602182,3.188106512397258,2.7228480221505214
NEW,steady,10,1,steady_r10_s1,26,1787639501.8593543,True,14,0.11217456663054215,0.11217456663054215,0.11449619268559491,False,0.0,0.02069654579276658,True,False,2+2,2+2,model_3,3.7861508650754723,0.7976100731687561,2.7390349121851463,2.9728044502669335
NEW,steady,10,1,steady_r10_s1,27,1787639506.8906896,True,14,0.11769266373222452,0.12718491037069046,0.11769266373222452,True,0.08065283202411659,0.0,True,False,2+2,2+2,model_3,4.732520478275068,0.8548615991273834,2.6658158216668744,3.2054849928809364
NEW,steady,10,1,steady_r10_s1,28,1787639511.923491,True,14,0.12211908187263033,0.13314367570917213,0.12211908187263033,True,0.0902774051973335,0.0,True,False,2+2,2+2,model_3,4.771621095918478,0.8231747136279473,2.9733361182344,3.1187841731537334
NEW,steady,10,1,steady_r10_s1,29,1787639516.9842134,True,14,0.11406244099483673,0.12619484950414833,0.11406244099483673,True,0.10636637620144218,0.0,True,False,2+2,2+2,model_3,4.678855132337597,0.9119287174428057,2.661889404346094,3.028311509501796
NEW,steady,10,1,steady_r10_s1,30,1787639525.8942978,True,14,0.114936984590107,0.12661468492389563,0.114936984590107,True,0.10160089352817224,0.0,True,True,2+2,3+1,model_3,4.848924781549298,0.9946003427679371,3.1166913984695723,2.6171376257501797
NEW,steady,10,1,steady_r10_s1,31,1787639530.9283183,True,14,0.11242560221255711,0.11763817736095479,0.11242560221255711,True,0.04636466290429596,0.0,True,True,2+2,3+1,model_3,4.522675498650233,1.070217907834225,3.194473387338803,2.4140710105384113
NEW,steady,10,1,steady_r10_s1,32,1787639535.9645905,True,14,0.10216012177170608,0.10216012177170608,0.10921453216387637,False,0.0,0.06905248613480078,True,True,2+2,3+1,model_3,3.9376226980668134,1.1222087812886539,3.3619221983014858,2.0864324511706442
NEW,steady,10,1,steady_r10_s1,33,1787639541.0046153,True,14,0.09845501371649042,0.09845501371649042,0.10583951392398934,False,0.0,0.07500380050490084,True,True,2+2,3+1,model_3,3.485444777125663,1.1346372844540937,2.9598540457427984,2.320132018019967
NEW,steady,10,1,steady_r10_s1,34,1787639546.0424345,True,14,0.08796457970817177,0.08796457970817177,0.09684581546847257,False,0.0,0.1009637718927877,False,True,2+2,3+1,model_3,3.450713569124733,1.736275934721778,3.0950440236683123,1.7362759347217782
NEW,steady,10,1,steady_r10_s1,35,1787639551.0936306,True,14,0.08420004947629753,0.08420004947629753,0.09845755530923883,False,0.0,0.16932894839871582,False,True,2+2,3+1,model_5,3.1774573874657963,1.6952852646374266,3.2164391058871407,1.6952852646374268
NEW,steady,10,1,steady_r10_s1,36,1787639558.7811992,True,14,0.10331651130901408,0.10619183106752195,0.10331651130901408,True,0.02783020566681683,0.0,True,False,2+2,2+2,model_3,3.739206418015626,0.7671893971295942,2.631536027576724,2.522585714327256
NEW,steady,10,1,steady_r10_s1,37,1787639563.8741744,True,14,0.1011810690623593,0.1011810690623593,0.1024445564274341,False,0.0,0.0124873889630094,True,False,2+2,2+2,model_3,3.511324856312998,0.5813141781562523,2.6556240832814195,2.454998690682489
NEW,steady,10,1,steady_r10_s1,38,1787639568.920147,True,14,0.10534285554506921,0.10534285554506921,0.11080017716647121,False,0.0,0.051805332152470226,True,False,2+2,2+2,model_3,3.6910308076901917,0.6280752820637603,3.00675731828555,2.5206999574683713
NEW,steady,10,1,steady_r10_s1,39,1787639573.966784,True,14,0.10683079325075577,0.10683079325075577,0.11706389062043739,False,0.0,0.09578790027012386,False,False,2+2,2+2,model_3,3.6691840710660713,0.7685129623842675,3.2096477726161576,2.630285614546365
NEW,steady,10,1,steady_r10_s1,40,1787639579.0091555,True,14,0.1138141789714296,0.1138141789714296,0.12399189170340157,False,0.0,0.08942394369445689,True,False,2+2,2+2,model_3,3.742679400099512,0.8745859434180097,3.2169704558843786,2.968578172803674
NEW,steady,10,1,steady_r10_s1,41,1787639584.060439,True,14,0.11065271551217344,0.11065271551217344,0.1314030742507205,False,0.0,0.18752688212395674,False,False,2+2,2+2,model_6,3.382148459644713,0.7975201102816949,3.054511356955017,3.5007568510760447
NEW,steady,10,1,steady_r10_s1,42,1787639589.1208386,True,14,0.10333180334139062,0.10333180334139062,0.14097002052899446,False,0.0,0.3642462046583432,False,False,2+2,3+1,model_6,2.976244215847938,0.8582838805010344,3.0345587117236184,3.997973054588055
NEW,steady,10,1,steady_r10_s1,43,1787639594.1919854,True,14,0.09209517702710315,0.09209517702710315,0.13649015505900458,False,0.0,0.4820554068627959,False,False,2+2,3+1,model_6,2.8885161441290212,0.9769398015634265,2.4686531086018637,4.340392868970587
NEW,steady,10,1,steady_r10_s1,44,1787639599.237385,True,14,0.0933202698363316,0.0933202698363316,0.13092835256419438,False,0.0,0.4030001498476288,False,False,2+2,3+1,model_6,2.8956864580388912,0.9356547281996459,2.5327463476944363,3.998839553076371
NEW,steady,10,1,steady_r10_s1,45,1787639604.2915401,True,14,0.0870510348804139,0.0870510348804139,0.11978504560642968,False,0.0,0.3760324132962237,False,False,2+2,3+1,model_6,2.8943420241807907,0.748702550425969,2.1694098739507854,3.806273006673095
NEW,steady,10,1,steady_r10_s1,46,1787639609.6445863,True,14,0.08998331959770506,0.08998331959770506,0.10834868124255789,False,0.0,0.2040974007956162,False,False,2+2,3+1,model_6,2.983522803434794,0.8077077231661254,2.2507998676168657,3.1543603204640207
NEW,steady,10,1,steady_r10_s1,47,1787639614.688559,True,14,0.08970438478099438,0.08970438478099438,0.1039361183446204,False,0.0,0.15865148173494065,False,False,2+2,3+1,model_3,2.9254880752267876,0.8170291666415945,2.292608979328594,2.8924229244961994
NEW,steady,10,1,steady_r10_s1,48,1787639619.7478626,True,14,0.09440504574565951,0.09440504574565951,0.10163224669721002,False,0.0,0.07655524018304705,True,False,2+2,2+2,model_3,3.0887256743362212,0.7895503717215191,2.5920618247911666,2.478037482123166
NEW,steady,10,1,steady_r10_s1,49,1787639624.7932482,True,14,0.0949884518523497,0.0949884518523497,0.10248511085397007,False,0.0,0.0789217937068096,True,False,2+2,2+2,model_3,3.1735370709914705,0.7594325288687074,2.6850182263778253,2.4276276748567525
NEW,steady,10,1,steady_r10_s1,50,1787639629.8352473,True,14,0.10026491909574599,0.10026491909574599,0.10078961610384127,False,0.0,0.005233106582315496,True,False,2+2,2+2,model_3,3.4248342064158983,0.7691848204700769,2.5405963199015367,2.4874669115912638
NEW,steady,10,1,steady_r10_s1,51,1787639634.897096,True,14,0.09871866826157473,0.10164214567614663,0.09871866826157473,True,0.029614230682544904,0.0,True,False,2+2,2+2,model_3,3.5291386682717447,0.6785279362647505,2.460377349186977,2.464373089752754
NEW,steady,10,1,steady_r10_s1,52,1787639639.949454,True,14,0.0985229161261447,0.10421025455801161,0.0985229161261447,True,0.057726046441673354,0.0,True,False,2+2,2+2,model_3,3.904685174415921,0.6418226478539775,2.6747252688164274,2.240259738398392
NEW,steady,10,1,steady_r10_s1,53,1787639645.015782,True,14,0.1045964069643715,0.11483732483571871,0.1045964069643715,True,0.09790888777695347,0.0,True,False,2+2,2+2,model_3,4.617571419852502,0.6233641729736257,3.063953749088427,2.1540177874037156
NEW,steady,10,1,steady_r10_s1,54,1787639651.9922347,True,14,0.09213245423828585,0.11550394773723964,0.09213245423828585,True,0.253672755080497,0.0,True,True,2+2,1+3,model_3,4.870547759433749,0.5448007416669302,2.6558357672839343,1.9403500650486776
NEW,steady,10,1,steady_r10_s1,55,1787639657.046626,True,14,0.09009930275895928,0.11251414002866465,0.09009930275895928,True,0.24877925337193016,0.0,True,True,2+2,1+3,model_3,4.734871975920436,0.4896410177252322,2.5950321115921615,1.8997264647151393
NEW,steady,10,1,steady_r10_s1,56,1787639662.1248379,True,14,0.09870237365705926,0.10864044337960359,0.09870237365705926,True,0.10068724139374885,0.0,True,True,2+2,1+3,model_3,4.481782302133008,0.528926785945698,2.999540899545109,1.924396655042015
NEW,steady,10,1,steady_r10_s1,57,1787639667.1912346,True,14,0.09942522554914301,0.11279061762152154,0.09942522554914301,True,0.13442657030506203,0.0,True,True,2+2,1+3,model_3,4.478533253642599,0.5298497260829942,2.7876300785739554,2.172368185051457
NEW,steady,10,1,steady_r10_s1,58,1787639672.251217,True,14,0.1083481680883692,0.10915741816194957,0.1083481680883692,True,0.007468977905748696,0.0,True,True,2+2,1+3,model_3,3.9930805947134607,0.558122031348556,2.961551879060543,2.4435827094416562
NEW,steady,10,1,steady_r10_s1,59,1787639677.303264,True,14,0.10054058837668091,0.10163745370599425,0.10054058837668091,True,0.010909676848158835,0.0,True,True,2+2,1+3,model_3,3.675346059582365,0.7152637386531004,2.6977510273157854,2.317889027991214
NEW,steady,10,1,steady_r10_s1,60,1787639682.3546205,True,14,0.10289105518399409,0.10289105518399409,0.11151373571565418,False,0.0,0.08380398583959166,True,True,2+2,2+2,model_3,3.5566997716049933,0.867202709369318,3.0525981907246678,2.510456179684002
NEW,steady,10,1,steady_r10_s1,61,1787639687.4400146,True,14,0.10567419479687823,0.10567419479687823,0.11051342848250391,False,0.0,0.045793901670388104,True,True,2+2,2+2,model_3,3.7551158018296658,0.9625091206713652,3.0369993471178773,2.4761529776870344
NEW,steady,10,1,steady_r10_s1,62,1787639692.496345,True,14,0.1129353143029377,0.11617261913381932,0.1129353143029377,True,0.028665124375515324,0.0,True,True,2+2,2+2,model_3,4.2616312578690465,1.0060093264139915,3.0452762845418886,2.5886959770316165
NEW,steady,10,1,steady_r10_s1,63,1787639697.583393,True,14,0.1110405410337521,0.12187733901820792,0.1110405410337521,True,0.09759316627574646,0.0,True,True,2+2,2+2,model_3,4.660816077570066,1.0719055714756724,3.0135480244165134,2.5259002159821122
NEW,steady,10,1,steady_r10_s1,64,1787639702.641428,True,14,0.10915641731408976,0.1210352654257582,0.10915641731408976,True,0.10882409302137411,0.0,True,True,2+2,2+2,model_3,4.636392195814575,1.0508631027849529,2.944785775047807,2.500669715257819
NEW,steady,10,1,steady_r10_s1,65,1787639707.755255,True,14,0.1101590666452678,0.12024556289957564,0.1101590666452678,True,0.09156301484278356,0.0,True,True,2+2,2+2,model_3,4.497467363810851,1.0025638451852934,2.9024460566865193,2.5930283188084613
NEW,steady,10,1,steady_r10_s1,66,1787639712.8106213,True,14,0.10876071285292328,0.1129021515269896,0.10876071285292328,True,0.0380784436349435,0.0,True,True,2+2,2+2,model_3,4.027139585785344,0.9066728426045447,2.7953764430861714,2.6303386500571233
NEW,steady,10,1,steady_r10_s1,67,1787639717.868926,True,14,0.10614991215242656,0.1127789857672563,0.10614991215242656,True,0.06245010928799156,0.0,True,True,2+2,2+2,model_3,4.0551486244957715,0.7774339890413762,2.7004038918747635,2.5950669210105475
NEW,steady,10,1,steady_r10_s1,68,1787639722.9286203,True,14,0.11019642066590021,0.11627144243025808,0.11019642066590021,True,0.05512902985094648,0.0,True,True,2+2,2+2,model_3,4.07408273466402,0.6914183179611504,2.715266051532187,2.782071793484264
NEW,steady,10,1,steady_r10_s1,69,1787639728.007833,True,14,0.11318369648353581,0.11549115950636368,0.11318369648353581,True,0.020386885165599163,0.0,True,True,2+2,2+2,model_3,4.0031638486492165,0.720582411004881,2.714947877089122,2.9314153564703926
NEW,steady,10,1,steady_r10_s1,70,1787639733.0689523,True,14,0.1116683277220381,0.12160630241849021,0.1116683277220381,True,0.08899546450798,0.0,True,True,2+2,2+2,model_3,4.374339629639809,0.7291348636228402,2.774371954561018,2.7963945037911246
NEW,steady,10,1,steady_r10_s1,71,1787639738.1614897,True,14,0.11393031976051816,0.12840636466106303,0.11393031976051816,True,0.12706051322399123,0.0,True,True,2+2,2+2,model_3,4.816546332800047,0.644165284985961,2.9284441293645025,2.755165689626035
NEW,steady,10,1,steady_r10_s1,72,1787639743.2534454,True,14,0.11747441101281998,0.1280226931857143,0.11747441101281998,True,0.0897921690515493,0.0,True,True,2+2,2+2,model_3,4.83189528601336,0.6895111789800279,3.143220044059352,2.7171928584591014
NEW,steady,10,1,steady_r10_s1,73,1787639748.3201869,True,14,0.12219752746969363,0.1249208374092628,0.12219752746969363,True,0.022286129645663882,0.0,True,True,2+2,2+2,model_3,4.582726877645394,0.7707891533771694,3.312578917504499,2.783454767321506
NEW,steady,10,1,steady_r10_s1,74,1787639753.3850305,True,14,0.12473715002736627,0.12569571427098342,0.12473715002736627,True,0.007684673278224238,0.0,True,True,2+2,2+2,model_3,4.730614602036453,0.8839385731313395,3.5414680716531106,2.6812590494386646
NEW,steady,10,1,steady_r10_s1,75,1787639758.4510577,True,14,0.11553300179855733,0.11553300179855733,0.11977768337337763,False,0.0,0.036739992112568017,True,True,2+2,2+2,model_3,4.409855090724631,0.794754129258929,3.572559644284332,2.4027559586899088
NEW,steady,10,1,steady_r10_s1,76,1787639763.516133,True,14,0.11188087228463076,0.11188087228463076,0.1194810217116597,False,0.0,0.06793073089110144,True,True,2+2,2+2,model_3,4.241240677687854,0.7653746202724666,3.6045001335744247,2.3560159925177855
NEW,steady,10,1,steady_r10_s1,77,1787639768.6200058,True,14,0.10250611776718906,0.10250611776718906,0.11178486731523025,False,0.0,0.09051898316074176,True,True,2+2,2+2,model_3,3.8410475325932576,0.7497464777352272,3.3731703440315517,2.203409892229408
NEW,steady,10,1,steady_r10_s1,78,1787639773.6856368,True,14,0.10282476687307014,0.10282476687307014,0.10964769251430154,False,0.0,0.06635488558562755,True,True,2+2,2+2,model_3,3.977171460725939,0.662284940325844,3.383887916849824,2.0860756811976167
NEW,steady,10,1,steady_r10_s1,79,1787639778.7619088,True,14,0.10706668496612336,0.11087716483077245,0.10706668496612336,True,0.03558978094684408,0.0,True,True,2+2,2+2,model_3,4.388792293614389,0.6241994340699784,3.191926637362186,2.1492789630376636
NEW,steady,10,1,steady_r10_s1,80,1787639783.8287513,True,14,0.10790645519070285,0.10946630440567359,0.10790645519070285,True,0.014455569059460062,0.0,True,True,2+2,2+2,model_3,4.330981637716066,0.5821452579352684,3.2592032825778645,2.1238956988302062
NEW,steady,10,1,steady_r10_s1,81,1787639788.911851,True,14,0.11147234054950819,0.11488329423661672,0.11147234054950819,True,0.030599103511185582,0.0,True,True,2+2,2+2,model_3,4.3766923888914855,0.6047566882413629,3.163381814707584,2.3976074866899513
NEW,steady,10,1,steady_r10_s1,82,1787639793.9825711,True,14,0.10837300636563693,0.11180962061996108,0.10837300636563693,True,0.03171098015616033,0.0,True,True,2+2,2+2,model_3,4.149931211491858,0.6261682504508802,2.9632497123782913,2.443123976276198
NEW,steady,10,1,steady_r10_s1,83,1787639799.0609822,True,14,0.09617588002230376,0.1019877219283429,0.09617588002230376,True,0.060429308311931676,0.0,True,True,2+2,2+2,model_3,3.66246190177557,0.5713161958959221,2.4464716962894015,2.351427380917009
NEW,steady,10,1,steady_r10_s1,84,1787639804.1333475,True,14,0.07951104836887356,0.08673938482225646,0.07951104836887356,True,0.09090983708136595,0.0,True,True,2+2,2+2,model_3,3.1375725163421486,0.4746253179192779,1.9080507222540704,2.058494585241571
NEW,steady,10,2,steady_r10_s2,1,1787639972.5502396,True,14,0.00013965208866787958,0.00013965208866787958,0.00019675679619977869,False,0.0,0.40890693491670893,False,False,2+2,2+2,model_6,3.4692292459025155e-09,0.00021534723381096653,0.0007428020765138057,0.009072748877655622
NEW,steady,10,2,steady_r10_s2,2,1787639977.5570076,True,14,0.010047503303426115,0.010047503303426115,0.013969988128254852,False,0.0,0.3903939821041116,False,False,1+3,2+2,model_5,0.3070911004211328,0.07663295886447981,0.5468084428965204,0.1501084257985683
NEW,steady,10,2,steady_r10_s2,3,1787639982.5609255,True,14,0.02245325780633991,0.02245325780633991,0.03583169283235801,False,0.0,0.5958349180955184,False,False,1+3,1+3,model_5,0.389549710384633,0.11342669683842022,1.4408237992720658,0.34670178339216906
NEW,steady,10,2,steady_r10_s2,4,1787639987.5981822,True,14,0.04030110075109073,0.04030110075109073,0.06427422532009006,False,0.0,0.5948503669183404,False,False,1+3,1+3,model_5,0.6204562255134016,0.14480606629937165,2.586118486673996,0.6203117147434652
NEW,steady,10,2,steady_r10_s2,5,1787639992.6070614,True,14,0.057312196866411,0.057312196866411,0.09084758221416186,False,0.0,0.5851352274266941,False,False,1+3,1+3,model_5,0.9307963744249436,0.20651862258170528,3.6777191954022137,0.8543685876331821
NEW,steady,10,2,steady_r10_s2,6,1787639997.617228,True,14,0.06718448653380303,0.06718448653380303,0.10751380321626974,False,0.0,0.6002772181964288,False,False,1+3,1+3,model_5,1.5483396599124617,0.22088571734551032,4.31122325208613,1.052287610706764
NEW,steady,10,2,steady_r10_s2,7,1787640002.6231925,True,14,0.08348947415867503,0.08348947415867503,0.13298680219386524,False,0.0,0.5928571060481062,False,False,1+3,1+3,model_5,2.029983089576981,0.4028542867165623,5.357513034147008,1.2767621643602298
NEW,steady,10,2,steady_r10_s2,8,1787640007.6398392,True,14,0.086016251145572,0.086016251145572,0.1397446122707479,False,0.0,0.6246303507722883,False,False,1+3,1+3,model_5,2.151094172960872,0.40319282386317323,5.519656115991735,1.451744053186864
NEW,steady,10,2,steady_r10_s2,9,1787640012.6522453,True,14,0.09389754638088031,0.09389754638088031,0.15228757286624067,False,0.0,0.6218482669239365,False,False,1+3,1+3,model_5,2.7044407417240874,0.44524733047621545,6.0253982155152785,1.5717291011830008
NEW,steady,10,2,steady_r10_s2,10,1787640017.6651974,True,14,0.0910831050810398,0.0910831050810398,0.1414450747084926,False,0.0,0.5529232845393667,False,False,1+3,1+3,model_5,2.8211824150691514,0.5026834897558112,5.540772917881199,1.5154577426741103
NEW,steady,10,2,steady_r10_s2,11,1787640022.6924572,True,14,0.10334724127304111,0.10334724127304111,0.14545118281903385,False,0.0,0.4074026652995513,False,False,1+3,1+3,model_5,3.3738567669033173,0.5053294770845473,5.644340750263695,1.6117414988842793
NEW,steady,10,2,steady_r10_s2,12,1787640027.7061744,True,14,0.11108313960062272,0.11108313960062272,0.15258991217684045,False,0.0,0.3736550184433665,False,False,1+3,1+3,model_5,3.6595489617496826,0.5687032048917982,5.911218924896871,1.7009911079563693
NEW,steady,10,2,steady_r10_s2,13,1787640032.7640445,True,14,0.10319549208947537,0.10319549208947537,0.1478105494806831,False,0.0,0.43233533256011175,False,False,2+2,1+3,model_5,3.716687400718958,0.4322347744163255,5.587569448701568,1.7862138615242282
NEW,steady,10,2,steady_r10_s2,14,1787640038.0912898,True,14,0.10000914444005134,0.10000914444005134,0.1446812634241681,False,0.0,0.44668034342494195,False,False,2+2,2+2,model_5,3.8397030987351597,0.3743366067465985,5.4595952623764745,1.7580782344596617
NEW,steady,10,2,steady_r10_s2,15,1787640043.316422,True,14,0.0981958934908701,0.0981958934908701,0.1271589208394959,False,0.0,0.29495151292980165,False,False,2+2,2+2,model_5,4.024114609604617,0.3452951963979747,4.577358624642792,1.7661826958306541
NEW,steady,10,2,steady_r10_s2,16,1787640048.3434591,True,14,0.10667039296833834,0.10667039296833834,0.12725121579513768,False,0.0,0.1929384738735151,False,False,2+2,2+2,model_5,4.336919553922677,0.3541243520021684,4.395053772149832,1.953091840817759
NEW,steady,10,2,steady_r10_s2,17,1787640053.3744764,True,14,0.10660596106879668,0.10660596106879668,0.12162644017344335,False,0.0,0.14089717830087767,False,False,2+2,2+2,model_3,4.321906709173888,0.3760281022394345,4.103238670662266,1.9643053428340034
NEW,steady,10,2,steady_r10_s2,18,1787640058.3921213,True,14,0.10844735554050407,0.10844735554050407,0.12831749732244854,False,0.0,0.18322384794826246,False,False,2+2,2+2,model_5,4.283030163443813,0.4290035231301961,4.289575877284872,2.111763022343996
NEW,steady,10,2,steady_r10_s2,19,1787640063.4114335,True,14,0.10447535194666131,0.10447535194666131,0.13119278364944326,False,0.0,0.2557295209344901,False,False,2+2,2+2,model_5,4.186791106434784,0.4360793157801195,4.570991749701245,1.9737857502481293
NEW,steady,10,2,steady_r10_s2,20,1787640068.427713,True,14,0.11473986150624077,0.11473986150624077,0.13416614735749663,False,0.0,0.16930721020784265,False,False,2+2,2+2,model_3,4.682775163919041,0.5087435447082849,4.6100419160094,2.08306694298509
NEW,steady,10,2,steady_r10_s2,21,1787640073.4475024,True,14,0.11456975198959352,0.11456975198959352,0.13964835497186764,False,0.0,0.21889375290392565,False,False,2+2,2+2,model_5,4.809600091199861,0.5359081805829289,5.020387005992098,1.9462112023896276
NEW,steady,10,2,steady_r10_s2,22,1787640078.4693627,True,14,0.11766817717484637,0.11766817717484637,0.1431885418097514,False,0.0,0.2168841673903355,False,False,2+2,2+2,model_5,5.011265169914942,0.5536897604110207,5.2159561812799495,1.9272503322057348
NEW,steady,10,2,steady_r10_s2,23,1787640083.5104394,True,14,0.11081024391461827,0.11081024391461827,0.13759994252048996,False,0.0,0.24176193156396025,False,False,2+2,2+2,model_5,4.630678351917645,0.4664433843159279,4.9609628398709935,1.903446792664855
NEW,steady,10,2,steady_r10_s2,24,1787640088.5601275,True,14,0.11189658111049197,0.11189658111049197,0.1389534574507901,False,0.0,0.24180252936933697,False,False,2+2,2+2,model_5,4.713697142655355,0.3994705154477578,5.047446224493671,1.8844858266939866
NEW,steady,10,2,steady_r10_s2,25,1787640093.5833352,True,14,0.11540010017245665,0.11540010017245665,0.1368826996244719,False,0.0,0.18615754596322817,False,False,2+2,2+2,model_5,4.808815838115969,0.5305551992060644,4.832670309798825,1.9959584281079348
NEW,steady,10,2,steady_r10_s2,26,1787640098.6076255,True,14,0.10278312037677172,0.10278312037677172,0.13932213874114885,False,0.0,0.3554962938509376,False,False,2+2,2+2,model_5,3.973698339925847,0.5620266295463219,4.863231309518247,2.087093041509924
NEW,steady,10,2,steady_r10_s2,27,1787640103.6316721,True,14,0.10537771605060718,0.10537771605060718,0.13217951947580212,False,0.0,0.2543403333236363,False,False,2+2,2+2,model_5,3.9831093769325503,0.579346486905695,4.363325512024457,2.2306770005750303
NEW,steady,10,2,steady_r10_s2,28,1787640108.65823,True,14,0.10465631292344572,0.10465631292344572,0.13115007554758873,False,0.0,0.25315016250880856,False,False,2+2,2+2,model_5,3.947145771228361,0.5603959381659993,4.31854515826891,2.2241017746149008
NEW,steady,10,2,steady_r10_s2,29,1787640113.6905231,True,14,0.10473270867407676,0.10473270867407676,0.12942104610718583,False,0.0,0.235727097538726,False,False,2+2,2+2,model_5,3.959805856725475,0.5783312330789177,4.2404448256526015,2.2159465018273603
NEW,steady,10,2,steady_r10_s2,30,1787640118.7353206,True,14,0.0968140569273322,0.0968140569273322,0.1292661379651246,False,0.0,0.33520009457046757,False,False,2+2,2+2,model_5,3.5633099047406547,0.5201260524573692,4.303158543826838,2.1455049247380305
NEW,steady,10,2,steady_r10_s2,31,1787640123.759348,True,14,0.09792013610391666,0.09792013610391666,0.13240130172995151,False,0.0,0.3521355974162669,False,False,2+2,2+2,model_5,3.6671674202789215,0.44555455392009113,4.498197146202894,2.106869355333086
NEW,steady,10,2,steady_r10_s2,32,1787640128.8072553,True,14,0.09879368860504331,0.09879368860504331,0.13743576519005984,False,0.0,0.39113912164469883,False,False,2+2,2+2,model_5,3.6443120446912127,0.359754243129379,4.674984040413178,2.1812353238143785
NEW,steady,10,2,steady_r10_s2,33,1787640133.8456912,True,14,0.09651141390668365,0.09651141390668365,0.14823239655465328,False,0.0,0.535905345848299,False,False,2+2,2+2,model_5,3.3365487273410297,0.3444340781164741,5.285461232725168,2.1093666438352896
NEW,steady,10,2,steady_r10_s2,34,1787640138.8905692,True,14,0.10172515635484983,0.10172515635484983,0.15121979392248985,False,0.0,0.48655258287327596,False,False,2+2,2+2,model_5,3.725986401570821,0.48674771052542565,5.447285970822817,2.096573358021394
NEW,steady,10,2,steady_r10_s2,35,1787640143.926404,True,14,0.10593154264109829,0.10593154264109829,0.14737164266782055,False,0.0,0.39119698433094213,False,False,2+2,2+2,model_5,4.311599382928452,0.518680575474499,5.417043314850471,1.9348443746445922
NEW,steady,10,2,steady_r10_s2,36,1787640148.9623787,True,14,0.1087377392958403,0.1087377392958403,0.15332348886653807,False,0.0,0.4100301317594468,False,False,2+2,2+2,model_5,4.3904728359370155,0.5786086356282958,5.627362417086237,2.0214433497675044
NEW,steady,10,2,steady_r10_s2,37,1787640154.036937,True,14,0.11099109728906771,0.11099109728906771,0.15029833998593084,False,0.0,0.35414770785165284,False,False,2+2,2+2,model_5,4.375123882723701,0.6693926435742876,5.328225409415892,2.169665606054118
NEW,steady,10,2,steady_r10_s2,38,1787640159.0743797,True,14,0.11331038796526112,0.11331038796526112,0.1426573979113265,False,0.0,0.25899664164121156,False,False,2+2,2+2,model_5,4.690281586293437,0.7949090750187293,5.125440442527622,1.9912690446815604
NEW,steady,10,2,steady_r10_s2,39,1787640164.11,True,14,0.11628237764186106,0.11628237764186106,0.1402315040243815,False,0.0,0.20595662789319236,False,False,2+2,2+2,model_5,4.826741622890643,0.873203012834185,4.965631881494795,2.0300577196590193
NEW,steady,10,2,steady_r10_s2,40,1787640169.1453707,True,14,0.10700324874587133,0.10700324874587133,0.14527655345714247,False,0.0,0.3576835765255014,False,False,2+2,2+2,model_5,4.378821075833477,0.717415009222355,5.31655280535639,1.9308177579294166
NEW,steady,10,2,steady_r10_s2,41,1787640174.196684,True,14,0.10339743677531346,0.10339743677531346,0.14367228086185893,False,0.0,0.389514917802694,False,False,2+2,2+2,model_5,4.144217367594932,0.703571281015013,5.3280131802511725,1.8393254872753921
NEW,steady,10,2,steady_r10_s2,42,1787640179.2371166,True,14,0.10081147218173325,0.10081147218173325,0.13997689827992207,False,0.0,0.38850167793983953,False,False,2+2,2+2,model_5,4.032741393527428,0.6522571410716533,5.2284777019983215,1.7545104539895098
NEW,steady,10,2,steady_r10_s2,43,1787640184.2773342,True,14,0.09884187238821224,0.09884187238821224,0.1386638718179053,False,0.0,0.4028859274669323,False,False,2+2,2+2,model_5,3.7529871148876723,0.572486464252262,5.193353775237455,1.724131798928438
NEW,steady,10,2,steady_r10_s2,44,1787640189.3692682,True,14,0.09744075258704485,0.09744075258704485,0.13602677184054035,False,0.0,0.3959946760368687,False,False,2+2,2+2,model_5,3.7239697507836693,0.580208156592193,5.103899182308722,1.682030126970734
NEW,steady,10,2,steady_r10_s2,45,1787640194.4146674,True,14,0.09569045397612823,0.09569045397612823,0.12578434760644203,False,0.0,0.31449211890896955,False,False,2+2,2+2,model_5,4.110382448832734,0.46219788995267685,4.742791258540654,1.5321771136541549
NEW,steady,10,2,steady_r10_s2,46,1787640199.458242,True,14,0.10472123499221744,0.10472123499221744,0.12681138797557862,False,0.0,0.21094244147333482,False,False,2+2,2+2,model_5,4.55303729661234,0.5547047726648917,4.704165550561934,1.6220384956728884
NEW,steady,10,2,steady_r10_s2,47,1787640204.500686,True,14,0.10482684618546403,0.10482684618546403,0.13515468986404533,False,0.0,0.28931370905620885,False,False,2+2,2+2,model_5,4.473379590519883,0.570271406577237,5.034500245445861,1.7079237555452438
NEW,steady,10,2,steady_r10_s2,48,1787640209.543699,True,14,0.11188637451412858,0.11188637451412858,0.12889711380898353,False,0.0,0.15203584322688812,False,False,2+2,2+2,model_3,5.002862458301814,0.6296147977936698,4.8355354035225195,1.5947186607529835
NEW,steady,10,2,steady_r10_s2,49,1787640214.595872,True,14,0.11356770995869202,0.11356770995869202,0.12958736068169174,False,0.0,0.14105814697528507,False,False,2+2,2+2,model_3,5.239370781172669,0.6268461166712731,5.007334912361927,1.4573533035204378
NEW,steady,10,2,steady_r10_s2,50,1787640219.642752,True,14,0.11495798738996908,0.11495798738996908,0.13897562215632692,False,0.0,0.20892532403932418,False,False,2+2,2+2,model_5,5.263346518308794,0.5437223497424964,5.4176800023446265,1.515357773274323
NEW,steady,10,2,steady_r10_s2,51,1787640224.7006445,True,14,0.11054885384363333,0.11054885384363333,0.14871529531643604,False,0.0,0.3452450219591378,False,False,2+2,2+2,model_5,4.659471643711966,0.7205838424612686,5.7281712703273975,1.6907468409468396
NEW,steady,10,2,steady_r10_s2,52,1787640229.7505333,True,14,0.1042057749850105,0.1042057749850105,0.14075566202162218,False,0.0,0.35074723106151456,False,False,2+2,2+2,model_5,4.306221647496048,0.6268461836783714,5.183379004495699,1.8384591192470232
NEW,steady,10,2,steady_r10_s2,53,1787640234.7985704,True,14,0.10719824732413036,0.10719824732413036,0.14947716876521033,False,0.0,0.39439937215804627,False,False,2+2,2+2,model_5,4.506430256198189,0.6027274998039289,5.642218458616515,1.8147070191198176
NEW,steady,10,2,steady_r10_s2,54,1787640239.866538,True,14,0.11666302912082488,0.11666302912082488,0.16299435951098326,False,0.0,0.39713807141227425,False,False,2+2,2+2,model_5,4.56558534595461,0.5738404688353291,6.231578849039039,1.8996749217217705
NEW,steady,10,2,steady_r10_s2,55,1787640244.9353933,True,14,0.11568454419548056,0.11568454419548056,0.16476034156591457,False,0.0,0.4242208646948297,False,False,2+2,2+2,model_5,4.640425497388874,0.5421229296729475,6.206217463855213,2.013135356997502
NEW,steady,10,2,steady_r10_s2,56,1787640249.9831338,True,14,0.1162567499237051,0.1162567499237051,0.16452998083598241,False,0.0,0.41522948941852583,False,False,2+2,2+2,model_5,4.697451900203307,0.5294482409386323,6.252271192599064,1.9555896873084802
NEW,steady,10,2,steady_r10_s2,57,1787640255.0460746,True,14,0.1154305369325199,0.1154305369325199,0.1635853253345904,False,0.0,0.4171754691760772,False,False,2+2,2+2,model_5,4.95827206867481,0.3656922894680752,6.312438160796684,1.848296955797276
NEW,steady,10,2,steady_r10_s2,58,1787640260.1026511,True,14,0.11950520682355086,0.11950520682355086,0.15005153591467424,False,0.0,0.25560667943301385,False,False,2+2,2+2,model_5,5.333257078930023,0.3477875229716918,5.771996592841712,1.7135821773391648
NEW,steady,10,2,steady_r10_s2,59,1787640265.156013,True,14,0.10471321396320354,0.10471321396320354,0.14962278797293999,False,0.0,0.42888163117137984,False,False,2+2,2+2,model_5,4.079684542406107,0.37082963361054766,5.737509353575,1.7266805886219405
NEW,steady,10,2,steady_r10_s2,60,1787640270.2094254,True,14,0.10392496364370438,0.10392496364370438,0.14182249968765695,False,0.0,0.36466249027404257,False,False,2+2,2+2,model_5,4.517857943992042,0.3537248291222832,5.464794876912071,1.6102642774280331
NEW,steady,10,2,steady_r10_s2,61,1787640275.261722,True,14,0.10458428420335991,0.10458428420335991,0.14375942515964543,False,0.0,0.37457961542396795,False,False,2+2,2+2,model_5,4.4973553276560105,0.38565771975942953,5.502041095320122,1.6696449152807844
NEW,steady,10,2,steady_r10_s2,62,1787640280.3184676,True,14,0.10649319643966046,0.10649319643966046,0.13719366960780668,False,0.0,0.2882857703077892,False,False,2+2,2+2,model_5,4.405933825305173,0.40270069043117673,4.970513152283316,1.8736288577217584
NEW,steady,10,2,steady_r10_s2,63,1787640285.3746233,True,14,0.10825135013861772,0.10825135013861772,0.1572426744361837,False,0.0,0.45257009944755183,False,False,2+2,2+2,model_5,4.21211127742901,0.4452166735290435,5.869515894029737,1.9748051810659735
NEW,steady,10,2,steady_r10_s2,64,1787640290.749755,True,14,0.11465021706590214,0.11465021706590214,0.16514327641340792,False,0.0,0.4404096271224837,False,False,1+3,2+2,model_5,3.6317639953489382,0.5632885102784211,6.342044129274877,1.8964120546143124
NEW,steady,10,2,steady_r10_s2,65,1787640295.8053029,True,14,0.11626805221472784,0.11626805221472784,0.16051747217745824,False,0.0,0.38058107209888614,False,False,2+2,1+3,model_5,4.0569412029732375,0.5718105794736861,6.210568161731932,1.797121827245876
NEW,steady,10,2,steady_r10_s2,66,1787640300.8604882,True,14,0.12005166961431056,0.12005166961431056,0.16735806585919205,False,0.0,0.3940502984828327,False,False,2+2,1+3,model_5,4.002491631720165,0.6018361532425915,6.401256066231263,1.9476886958302269
NEW,steady,10,2,steady_r10_s2,67,1787640305.9282656,True,14,0.11709743345010257,0.11709743345010257,0.15622478078609045,False,0.0,0.33414350923977154,False,False,2+2,1+3,model_5,4.381621979704519,0.6686860556370684,6.162073797593817,1.6314679032622814
NEW,steady,10,2,steady_r10_s2,68,1787640310.9956858,True,14,0.11718501767736932,0.11718501767736932,0.1533207942649599,False,0.0,0.3083651588215709,False,False,2+2,1+3,model_5,4.407614367627797,0.6624409322695188,6.173428057906242,1.4752432841164256
NEW,steady,10,2,steady_r10_s2,69,1787640316.0557,True,14,0.1152386504374851,0.1152386504374851,0.159827850105479,False,0.0,0.3869292073338081,False,False,2+2,1+3,model_5,4.260959040939995,0.5998365756424748,6.122493058373868,1.8507939482553215
NEW,steady,10,2,steady_r10_s2,70,1787640321.1165743,True,14,0.11589743291700834,0.11589743291700834,0.1637931730701404,False,0.0,0.4132597154885146,False,False,2+2,1+3,model_5,4.16628849009875,0.5475380145924633,6.2132210262909116,1.9578829318292577
NEW,steady,10,2,steady_r10_s2,71,1787640326.1766748,True,14,0.11329271713303522,0.11329271713303522,0.16326703248910668,False,0.0,0.4411079248579462,False,False,2+2,2+2,model_5,3.827715230167096,0.5212342302620532,6.087581360777719,2.057275170153458
NEW,steady,10,2,steady_r10_s2,72,1787640331.2559543,True,14,0.11710901334985918,0.11710901334985918,0.16919503079396725,False,0.0,0.44476523159240416,False,False,2+2,2+2,model_5,4.387671932065972,0.5080673921426793,6.323367962779673,2.1172169523365607
NEW,steady,10,2,steady_r10_s2,73,1787640336.3815854,True,14,0.11900364804909333,0.11900364804909333,0.1722930769573049,False,0.0,0.4477965993633047,False,False,2+2,2+2,model_5,3.9992425832297553,0.4732120052521487,6.4687449406116615,2.1263913321295145
NEW,steady,10,2,steady_r10_s2,74,1787640341.4479876,True,14,0.10735453806228179,0.10735453806228179,0.1614000519197263,False,0.0,0.5034301747550717,False,False,2+2,2+2,model_5,3.92541075718907,0.45253844716657365,5.809879498743915,2.2418394976108695
NEW,steady,10,2,steady_r10_s2,75,1787640346.5571337,True,14,0.1071191545745251,0.1071191545745251,0.15494966304269234,False,0.0,0.4465168592689977,False,False,2+2,2+2,model_5,3.9854621361842266,0.43392631968112316,5.814760769532434,1.9151694910856276
NEW,steady,10,2,steady_r10_s2,76,1787640352.0086823,True,14,0.10978436554132287,0.10978436554132287,0.14748721230386075,False,0.0,0.3434263756649986,False,False,2+2,2+2,model_5,4.25065171469456,0.3971940237369558,5.134672411192866,2.222980668231375
NEW,steady,10,2,steady_r10_s2,77,1787640357.0749798,True,14,0.1092015539838988,0.1092015539838988,0.13932527709752318,False,0.0,0.27585434469243875,False,False,2+2,2+2,model_5,4.206957614306291,0.4822866747329879,4.718172675433339,2.232308237896617
NEW,steady,10,2,steady_r10_s2,78,1787640362.1974492,True,14,0.10942256699003629,0.10942256699003629,0.145658858851158,False,0.0,0.33115921932649683,False,False,2+2,2+2,model_5,4.074979023902755,0.4785027862323761,4.889123267613873,2.377319257339795
NEW,steady,10,2,steady_r10_s2,79,1787640367.2665348,True,14,0.1136907137556238,0.1136907137556238,0.15054140972723656,False,0.0,0.3241310987880918,False,False,2+2,2+2,model_5,4.194185492654338,0.5740245832500845,5.0002252353438665,2.5097917319472987
NEW,steady,10,2,steady_r10_s2,80,1787640372.3375092,True,14,0.12184954809618016,0.12184954809618016,0.147065359676425,False,0.0,0.20694218381787605,False,False,2+2,2+2,model_5,4.62171545953031,0.745009976013757,4.773246143677716,2.5633620923676896
NEW,steady,10,2,steady_r10_s2,81,1787640377.408634,True,14,0.11968580266700538,0.11968580266700538,0.14623746067640556,False,0.0,0.22184467512218858,False,False,2+2,2+2,model_5,4.575220455270999,0.7558388664143627,4.8130391120623885,2.4822679594156396
NEW,steady,10,2,steady_r10_s2,82,1787640382.4801116,True,14,0.10742342164474462,0.10742342164474462,0.14352134343769402,False,0.0,0.33603399743053497,False,False,2+2,2+2,model_5,4.269697861017651,0.8546524604669636,5.095091671972915,2.0647172227254837
NEW,steady,10,2,steady_r10_s2,83,1787640387.5635688,True,14,0.10650087901571384,0.10650087901571384,0.13919601009246776,False,0.0,0.3069940021051833,False,False,2+2,2+2,model_5,4.146794199156291,0.8077374807765985,4.8108107058328455,2.133221500772256
NEW,steady,10,2,steady_r10_s2,84,1787640392.6426885,True,14,0.09994682155327099,0.09994682155327099,0.13766398500545035,False,0.0,0.3773723152574328,False,False,2+2,2+2,model_5,3.942440252725008,0.819550839464368,4.916500829862525,1.9511036721085948
NEW,steady,10,2,steady_r10_s2,85,1787640397.7335174,True,14,0.08574730113369382,0.08574730113369382,0.11667697275997414,False,0.0,0.3607072318002872,False,False,2+2,2+2,model_5,3.5005696580292964,0.6178935537075422,4.264957294177557,1.5556740305006846
NEW,steady,10,2,steady_r10_s2,86,1787640403.1872356,True,14,0.06603773398391592,0.06603773398391592,0.09019098988082042,False,0.0,0.3657493139117589,False,False,2+2,2+2,model_5,2.669821569878,0.4067301094895275,3.27512046993173,1.2242120760368544
