arm,cond,cycle,timestamp,critical,chosen_colocated,replay_match,chosen_peak_kvpr,best_peak_kvpr,best_separated_peak_kvpr,best_colocated_peak_kvpr,objective_margin_sep_minus_chosen,rel_margin_sep,chosen_rank,best_separated_rank,n_valid,colocated_is_optimal,separated_strictly_better,chosen_plan,replay_plan,rates
NEW,steady8s1,1,1787638109.3454728,False,True,True,0.0007494570406483163,0.0007494570406483163,0.0009370449879927236,0.0007494570406483163,0.00018758794734440726,0.25029846564939157,1,5,14,True,False,"{""model_3"": 1, ""model_5"": 0, ""model_6"": 0, ""model_4"": 0}","{""model_3"": 1, ""model_5"": 0, ""model_6"": 0, ""model_4"": 0}","{""model_3"": 0.05489772822748917, ""model_4"": 0.00021535958886120094, ""model_5"": 0.0007427897214635638, ""model_6"": 0.0003568132422145751}"
NEW,steady8s1,2,1787638114.7001376,True,False,True,0.008280989989081517,0.008280989989081517,0.008280989989081517,0.009858224275890403,0.0,0.0,1,1,14,False,False,"{""model_6"": 0, ""model_5"": 1, ""model_3"": 1, ""model_4"": 0}","{""model_6"": 0, ""model_5"": 1, ""model_3"": 1, ""model_4"": 0}","{""model_3"": 0.23986940751610566, ""model_4"": 0.0385480227936688, ""model_5"": 0.2418351331964233, ""model_6"": 0.2499593286293436}"
NEW,steady8s1,3,1787638119.7074566,False,False,True,0.0180974705247301,0.0180974705247301,0.0180974705247301,0.021161896177359404,0.0,0.0,1,1,14,False,False,"{""model_5"": 0, ""model_3"": 1, ""model_6"": 1, ""model_4"": 0}","{""model_5"": 0, ""model_3"": 1, ""model_6"": 1, ""model_4"": 0}","{""model_3"": 0.5726167873959904, ""model_4"": 0.30239014264926994, ""model_5"": 0.7533074201673589, ""model_6"": 0.30239014264927}"
NEW,steady8s1,4,1787638124.7124517,False,False,False,0.026138223985421594,0.026138223985421594,0.026138223985421594,0.03029241953181218,0.0,0.0,1,1,14,False,False,"{""model_3"": 1, ""model_5"": 0, ""model_6"": 1, ""model_4"": 0}","{""model_3"": 1, ""model_5"": 0, ""model_4"": 1, ""model_6"": 0}","{""model_3"": 1.0151595990207534, ""model_4"": 0.5261277454008546, ""model_5"": 0.9850616680396662, ""model_6"": 0.5261277454008546}"
NEW,steady8s1,5,1787638129.7260132,False,False,True,0.039762346490966965,0.039762346490966965,0.039762346490966965,0.04649526280814778,0.0,0.0,1,1,14,False,False,"{""model_5"": 0, ""model_3"": 1, ""model_6"": 1, ""model_4"": 0}","{""model_5"": 0, ""model_3"": 1, ""model_6"": 1, ""model_4"": 0}","{""model_3"": 1.4331664927351808, ""model_4"": 0.709843999111985, ""model_5"": 1.6096520998054182, ""model_6"": 0.7098439991119853}"
NEW,steady8s1,6,1787638134.7454715,False,False,True,0.05394730861480435,0.05394730861480435,0.05394730861480435,0.06308214965149016,0.0,0.0,1,1,14,False,False,"{""model_5"": 0, ""model_3"": 1, ""model_6"": 1, ""model_4"": 0}","{""model_5"": 0, ""model_3"": 1, ""model_6"": 1, ""model_4"": 0}","{""model_3"": 2.0065675332150636, ""model_4"": 0.9438104988693503, ""model_5"": 2.2031509589399496, ""model_6"": 0.9438104988693505}"
NEW,steady8s1,7,1787638139.7558072,False,False,True,0.06383278766576463,0.06383278766576463,0.06383278766576463,0.07342825314959249,0.0,0.0,1,1,14,False,False,"{""model_3"": 1, ""model_5"": 0, ""model_6"": 1, ""model_4"": 0}","{""model_3"": 1, ""model_5"": 0, ""model_6"": 1, ""model_4"": 0}","{""model_3"": 2.658281845929303, ""model_4"": 1.1057331783228452, ""model_5"": 2.557361434854677, ""model_6"": 1.1057331783228455}"
NEW,steady8s1,8,1787638145.686184,False,False,True,0.08290290013756195,0.08290290013756195,0.08290290013756195,0.08979198176756108,0.0,0.0,1,1,14,False,False,"{""model_3"": 1, ""model_5"": 0, ""model_6"": 1, ""model_4"": 0}","{""model_3"": 1, ""model_5"": 0, ""model_6"": 1, ""model_4"": 0}","{""model_3"": 3.144406721787491, ""model_4"": 0.4989599267881315, ""model_5"": 2.7353155894709125, ""model_6"": 1.7441117509725341}"
NEW,steady8s1,9,1787638150.7049117,False,True,True,0.0863230236614171,0.0863230236614171,0.08763779379723406,0.0863230236614171,0.0013147701358169617,0.015230816531333005,1,3,14,True,False,"{""model_3"": 1, ""model_5"": 0, ""model_6"": 0, ""model_4"": 1}","{""model_3"": 1, ""model_5"": 0, ""model_6"": 0, ""model_4"": 1}","{""model_3"": 3.381250958631857, ""model_4"": 0.5435362746879853, ""model_5"": 2.519903376263932, ""model_6"": 1.786469026782779}"
NEW,steady8s1,10,1787638155.7306623,False,True,True,0.08361904055237246,0.08361904055237246,0.08738720338064494,0.08361904055237246,0.003768162828272484,0.04506345448812463,1,3,14,True,False,"{""model_3"": 1, ""model_5"": 0, ""model_6"": 0, ""model_4"": 1}","{""model_3"": 1, ""model_5"": 0, ""model_6"": 0, ""model_4"": 1}","{""model_3"": 3.433347794426001, ""model_4"": 0.571992857776247, ""model_5"": 2.451883881386247, ""model_6"": 1.7195956767948029}"
NEW,steady8s1,11,1787638160.7434309,False,True,True,0.08329083779522724,0.08329083779522724,0.09244970128172844,0.08329083779522724,0.009158863486501204,0.1099624367930902,1,3,14,True,False,"{""model_3"": 1, ""model_5"": 0, ""model_6"": 0, ""model_4"": 1}","{""model_3"": 1, ""model_5"": 0, ""model_6"": 0, ""model_4"": 1}","{""model_3"": 3.4965362068785386, ""model_4"": 0.6796047520546566, ""model_5"": 2.2001800497868014, ""model_6"": 1.95492654975557}"
NEW,steady8s1,12,1787638165.7571652,False,True,True,0.08025780320487645,0.08025780320487645,0.09311677752742466,0.08025780320487645,0.012858974322548206,0.16022086088903684,1,3,14,True,False,"{""model_3"": 1, ""model_5"": 0, ""model_6"": 0, ""model_4"": 1}","{""model_3"": 1, ""model_5"": 0, ""model_6"": 0, ""model_4"": 1}","{""model_3"": 3.7085086515529317, ""model_4"": 0.7133527832201474, ""model_5"": 2.221509001413238, ""model_6"": 1.782289454561282}"
NEW,steady8s1,13,1787638170.7669048,False,True,True,0.07845352026899423,0.07845352026899423,0.08774687104672252,0.07845352026899423,0.00929335077772829,0.1184567721864373,1,3,14,True,False,"{""model_3"": 1, ""model_5"": 0, ""model_6"": 0, ""model_4"": 1}","{""model_3"": 1, ""model_5"": 0, ""model_6"": 0, ""model_4"": 1}","{""model_3"": 3.3355402657773086, ""model_4"": 0.7689737159862449, ""model_5"": 2.075177044955142, ""model_6"": 1.8386116556515972}"
NEW,steady8s1,14,1787638175.7791069,True,True,True,0.08676029972033004,0.08676029972033004,0.09232715910091813,0.08676029972033004,0.005566859380588082,0.06416367161631223,1,3,14,True,False,"{""model_3"": 1, ""model_5"": 0, ""model_6"": 0, ""model_4"": 1}","{""model_3"": 1, ""model_5"": 0, ""model_6"": 0, ""model_4"": 1}","{""model_3"": 3.345623655883207, ""model_4"": 0.6996044719593439, ""model_5"": 2.2295734899473696, ""model_6"": 2.0986131808664394}"
NEW,steady8s1,15,1787638180.7937734,False,True,True,0.08966475938249586,0.08966475938249586,0.09092615270283286,0.08966475938249586,0.0012613933203369926,0.014067882733684542,1,3,14,True,False,"{""model_3"": 1, ""model_5"": 0, ""model_6"": 0, ""model_4"": 1}","{""model_3"": 1, ""model_5"": 0, ""model_6"": 0, ""model_4"": 1}","{""model_3"": 3.2071469684988503, ""model_4"": 0.6877912314120005, ""model_5"": 2.3186036245466672, ""model_6"": 2.1544770085543274}"
NEW,steady8s1,16,1787638185.808663,False,True,True,0.09115867570604022,0.09010854832654074,0.09010854832654074,0.09115867570604022,-0.0010501273794994853,-0.011519774408371571,3,1,14,False,True,"{""model_3"": 1, ""model_5"": 0, ""model_6"": 0, ""model_4"": 1}","{""model_3"": 1, ""model_5"": 0, ""model_6"": 0, ""model_4"": 1}","{""model_3"": 3.0612758948949415, ""model_4"": 0.5767951577488686, ""model_5"": 2.2954706455923786, ""model_6"": 2.252136570977308}"
NEW,steady8s1,17,1787638191.1949458,False,False,False,0.06817652291015344,0.06817652291015344,0.06817652291015344,0.0754394259705782,0.0,0.0,1,1,14,False,False,"{""model_3"": 1, ""model_5"": 0, ""model_6"": 1, ""model_4"": 0}","{""model_3"": 1, ""model_5"": 0, ""model_4"": 1, ""model_6"": 0}","{""model_3"": 2.7070175732854485, ""model_4"": 1.313133604801353, ""model_5"": 2.4502918212543277, ""model_6"": 1.313133604801353}"
NEW,steady8s1,18,1787638196.248677,False,False,False,0.06401345335014152,0.06401345335014152,0.06401345335014152,0.07362403067761855,0.0,0.0,1,1,14,False,False,"{""model_3"": 1, ""model_5"": 0, ""model_6"": 1, ""model_4"": 0}","{""model_3"": 1, ""model_5"": 0, ""model_4"": 1, ""model_6"": 0}","{""model_3"": 2.44216410323964, ""model_4"": 1.3325041977254433, ""model_5"": 2.3403571139302857, ""model_6"": 1.3325041977254433}"
NEW,steady8s1,19,1787638201.2663045,False,False,False,0.06421986663351827,0.06421986663351827,0.06421986663351827,0.07339825016542668,0.0,0.0,1,1,14,False,False,"{""model_3"": 1, ""model_5"": 0, ""model_6"": 1, ""model_4"": 0}","{""model_3"": 1, ""model_5"": 0, ""model_4"": 1, ""model_6"": 0}","{""model_3"": 2.498070144505654, ""model_4"": 1.2887696866126075, ""model_5"": 2.3728281761321743, ""model_6"": 1.2887696866126075}"
NEW,steady8s1,20,1787638208.0064497,False,False,True,0.07492207799340561,0.07492207799340561,0.07492207799340561,0.08571302284405609,0.0,0.0,1,1,14,False,False,"{""model_3"": 1, ""model_5"": 0, ""model_6"": 1, ""model_4"": 0}","{""model_3"": 1, ""model_5"": 0, ""model_6"": 1, ""model_4"": 0}","{""model_3"": 2.3508546370436463, ""model_4"": 0.5449516823938672, ""model_5"": 2.2088811463873417, ""model_6"": 2.06706031744641}"
NEW,steady8s1,21,1787638213.0215755,False,True,True,0.08564104178815272,0.07852543121832174,0.07852543121832174,0.08564104178815272,-0.007115610569830982,-0.08308645506009399,5,1,14,False,True,"{""model_3"": 1, ""model_5"": 0, ""model_6"": 0, ""model_4"": 1}","{""model_3"": 1, ""model_5"": 0, ""model_6"": 0, ""model_4"": 1}","{""model_3"": 2.614251370434171, ""model_4"": 0.5883589596909726, ""model_5"": 2.2562087834041815, ""model_6"": 2.016141781738391}"
NEW,steady8s1,22,1787638218.0415883,False,True,True,0.08219767027513919,0.08179695748122066,0.08179695748122066,0.08219767027513919,-0.00040071279391852566,-0.004874989675221025,3,1,14,False,True,"{""model_3"": 1, ""model_5"": 0, ""model_6"": 0, ""model_4"": 1}","{""model_3"": 1, ""model_5"": 0, ""model_6"": 0, ""model_4"": 1}","{""model_3"": 2.9048732116572373, ""model_4"": 0.6533938218523838, ""model_5"": 2.18214069379019, ""model_6"": 1.9184313651309135}"
NEW,steady8s1,23,1787638223.0637128,False,True,True,0.07936688015946614,0.07936688015946614,0.0837582144238964,0.07936688015946614,0.004391334264430266,0.05532955630367573,1,3,14,True,False,"{""model_3"": 1, ""model_6"": 0, ""model_5"": 0, ""model_4"": 1}","{""model_3"": 1, ""model_6"": 0, ""model_5"": 0, ""model_4"": 1}","{""model_3"": 2.9383730197230373, ""model_4"": 0.7746000983132313, ""model_5"": 1.9338357697045145, ""model_6"": 2.0255174588757274}"
NEW,steady8s1,24,1787638228.084853,False,True,True,0.08368216425481743,0.08183668664815394,0.08183668664815394,0.08368216425481743,-0.0018454776066634954,-0.022053416317530942,3,1,14,False,True,"{""model_3"": 1, ""model_6"": 0, ""model_5"": 0, ""model_4"": 1}","{""model_3"": 1, ""model_6"": 0, ""model_5"": 0, ""model_4"": 1}","{""model_3"": 2.9075630992421457, ""model_4"": 0.7821062207079716, ""model_5"": 1.852870569589824, ""model_6"": 2.321758022981557}"
NEW,steady8s1,25,1787638233.1065848,False,True,True,0.08249757421144746,0.0815010783845368,0.0815010783845368,0.08249757421144746,-0.000996495826910665,-0.012079092463453187,3,1,14,False,True,"{""model_3"": 1, ""model_6"": 0, ""model_5"": 0, ""model_4"": 1}","{""model_3"": 1, ""model_6"": 0, ""model_5"": 0, ""model_4"": 1}","{""model_3"": 2.9196630037809284, ""model_4"": 0.835666137261476, ""model_5"": 1.8212483585758286, ""model_6"": 2.294284923667904}"
NEW,steady8s1,26,1787638238.1285253,True,True,True,0.0842992462914912,0.0842992462914912,0.08595483348745131,0.0842992462914912,0.0016555871959601093,0.01963940686059511,1,3,14,True,False,"{""model_3"": 1, ""model_6"": 0, ""model_5"": 0, ""model_4"": 1}","{""model_3"": 1, ""model_6"": 0, ""model_5"": 0, ""model_4"": 1}","{""model_3"": 3.077185028882465, ""model_4"": 0.7625165512979034, ""model_5"": 1.9228009198612108, ""model_6"": 2.282611870719391}"
NEW,steady8s1,27,1787638243.1586196,False,True,True,0.07960170029553956,0.07960170029553956,0.08508966130744107,0.07960170029553956,0.005487961011901507,0.06894276116623381,1,3,14,True,False,"{""model_3"": 1, ""model_6"": 0, ""model_5"": 0, ""model_4"": 1}","{""model_3"": 1, ""model_6"": 0, ""model_5"": 0, ""model_4"": 1}","{""model_3"": 3.1067625737606774, ""model_4"": 0.7075413245292976, ""model_5"": 1.8428963768633793, ""model_6"": 2.128171257801995}"
NEW,steady8s1,28,1787638248.180862,False,True,True,0.0786373121068461,0.0786373121068461,0.09291347621768732,0.0786373121068461,0.014276164110841219,0.1815444059360003,1,3,14,True,False,"{""model_3"": 1, ""model_6"": 0, ""model_5"": 0, ""model_4"": 1}","{""model_3"": 1, ""model_6"": 0, ""model_5"": 0, ""model_4"": 1}","{""model_3"": 3.5461683730498708, ""model_4"": 0.6845606660857986, ""model_5"": 1.8586012796676714, ""model_6"": 2.06435619266253}"
NEW,steady8s1,29,1787638253.2088592,False,True,True,0.08170018291239291,0.08170018291239291,0.09061271181471961,0.08170018291239291,0.008912528902326702,0.10908823682663729,1,3,14,True,False,"{""model_3"": 1, ""model_5"": 0, ""model_6"": 0, ""model_4"": 1}","{""model_3"": 1, ""model_5"": 0, ""model_6"": 0, ""model_4"": 1}","{""model_3"": 3.3459597643477315, ""model_4"": 0.6170955502111614, ""model_5"": 2.078572439250349, ""model_6"": 1.9971816075237525}"
NEW,steady8s1,30,1787638258.2331328,False,True,True,0.08079425082603296,0.08079425082603296,0.09392864218596288,0.08079425082603296,0.013134391359929914,0.1625659155898484,1,3,14,True,False,"{""model_3"": 1, ""model_5"": 0, ""model_6"": 0, ""model_4"": 1}","{""model_3"": 1, ""model_5"": 0, ""model_6"": 0, ""model_4"": 1}","{""model_3"": 3.684308951969702, ""model_4"": 0.6422603844852747, ""model_5"": 2.176197855020734, ""model_6"": 1.8543622125545272}"
NEW,steady8s1,31,1787638263.2592196,False,True,True,0.07974636576849593,0.07974636576849593,0.09033401680507273,0.07974636576849593,0.0105876510365768,0.13276656477754484,1,3,14,True,False,"{""model_3"": 1, ""model_5"": 0, ""model_6"": 0, ""model_4"": 1}","{""model_3"": 1, ""model_5"": 0, ""model_6"": 0, ""model_4"": 1}","{""model_3"": 3.5199519128169103, ""model_4"": 0.7012347313684776, ""model_5"": 2.1715288133969337, ""model_6"": 1.8067557070306508}"
NEW,steady8s1,32,1787638268.2862167,False,True,True,0.08723178452317422,0.08723178452317422,0.09562409246810401,0.08723178452317422,0.008392307944929789,0.09620699600270434,1,3,14,True,False,"{""model_3"": 1, ""model_5"": 0, ""model_6"": 0, ""model_4"": 1}","{""model_3"": 1, ""model_5"": 0, ""model_6"": 0, ""model_4"": 1}","{""model_3"": 3.6596609979045267, ""model_4"": 0.80004529204758, ""model_5"": 2.3727220615498155, ""model_6"": 1.9789854390183799}"
NEW,steady8s1,33,1787638273.3266017,False,True,True,0.09558448364277049,0.09342906907067447,0.09342906907067447,0.09558448364277049,-0.0021554145720960177,-0.022549837483576154,3,1,14,False,True,"{""model_3"": 1, ""model_5"": 0, ""model_6"": 0, ""model_4"": 1}","{""model_3"": 1, ""model_5"": 0, ""model_6"": 0, ""model_4"": 1}","{""model_3"": 3.393575130155461, ""model_4"": 0.8590810104401627, ""model_5"": 2.6527584443955203, ""model_6"": 2.115637807955346}"
NEW,steady8s1,34,1787638278.3582752,False,False,True,0.08519166264116525,0.08519166264116525,0.08519166264116525,0.09980213056369158,0.0,0.0,1,1,14,False,False,"{""model_3"": 1, ""model_5"": 0, ""model_6"": 1, ""model_4"": 0}","{""model_3"": 1, ""model_5"": 0, ""model_6"": 1, ""model_4"": 0}","{""model_3"": 2.808857748809555, ""model_4"": 0.9606329430712073, ""model_5"": 2.764179100486099, ""model_6"": 2.2146217175955623}"
NEW,steady8s1,35,1787638283.3895826,False,True,True,0.09629193020764233,0.08941595231464224,0.08941595231464224,0.09629193020764233,-0.006875977893000096,-0.07140762344438262,5,1,14,False,True,"{""model_3"": 1, ""model_5"": 0, ""model_6"": 0, ""model_4"": 1}","{""model_3"": 1, ""model_5"": 0, ""model_6"": 0, ""model_4"": 1}","{""model_3"": 3.006826323641871, ""model_4"": 0.8842764779240327, ""model_5"": 2.537942466282958, ""model_6"": 2.265745973880324}"
NEW,steady8s1,36,1787638288.4378104,False,True,True,0.09625304850976675,0.08889891865514665,0.08889891865514665,0.09625304850976675,-0.007354129854620098,-0.07640412400936972,5,1,14,False,True,"{""model_3"": 1, ""model_5"": 0, ""model_6"": 0, ""model_4"": 1}","{""model_3"": 1, ""model_5"": 0, ""model_6"": 0, ""model_4"": 1}","{""model_3"": 2.842133176024554, ""model_4"": 0.8643107029095601, ""model_5"": 2.401797457116214, ""model_6"": 2.399951302720626}"
NEW,steady8s1,37,1787638293.4703722,False,False,True,0.08656176292535789,0.08656176292535789,0.08656176292535789,0.0954853936870204,0.0,0.0,1,1,14,False,False,"{""model_3"": 1, ""model_6"": 0, ""model_5"": 1, ""model_4"": 0}","{""model_3"": 1, ""model_6"": 0, ""model_5"": 1, ""model_4"": 0}","{""model_3"": 2.84773441518717, ""model_4"": 0.7703892915292352, ""model_5"": 2.18755657154317, ""model_6"": 2.575896408054242}"
NEW,steady8s1,38,1787638298.499838,False,False,True,0.0777464303619368,0.0777464303619368,0.0777464303619368,0.0903120402706185,0.0,0.0,1,1,14,False,False,"{""model_3"": 1, ""model_6"": 0, ""model_5"": 1, ""model_4"": 0}","{""model_3"": 1, ""model_6"": 0, ""model_5"": 1, ""model_4"": 0}","{""model_3"": 2.774687410809843, ""model_4"": 0.7205533607095522, ""model_5"": 1.7478163694041489, ""model_6"": 2.7575549833148694}"
NEW,steady8s1,39,1787638303.547885,False,False,True,0.08095054967736547,0.08095054967736547,0.08095054967736547,0.08942969885144605,0.0,0.0,1,1,14,False,False,"{""model_3"": 1, ""model_6"": 0, ""model_5"": 1, ""model_4"": 0}","{""model_3"": 1, ""model_6"": 0, ""model_5"": 1, ""model_4"": 0}","{""model_3"": 3.0706869319016468, ""model_4"": 0.63706031856041, ""model_5"": 1.6382002185690088, ""model_6"": 2.8231540159302786}"
NEW,steady8s1,40,1787638308.5829096,False,True,True,0.07947332605195646,0.07546345260346067,0.07546345260346067,0.07947332605195646,-0.004009873448495793,-0.050455588657184164,3,1,14,False,True,"{""model_3"": 1, ""model_6"": 0, ""model_5"": 0, ""model_4"": 1}","{""model_3"": 1, ""model_6"": 0, ""model_5"": 0, ""model_4"": 1}","{""model_3"": 3.3396857396765967, ""model_4"": 1.0500174026844753, ""model_5"": 1.0500174026844757, ""model_6"": 2.9146460621965242}"
NEW,steady8s1,41,1787638313.6195192,False,True,True,0.07803437510886488,0.07556731649134246,0.07556731649134246,0.07803437510886488,-0.0024670586175224163,-0.03161502368771007,3,1,14,False,True,"{""model_3"": 1, ""model_6"": 0, ""model_5"": 0, ""model_4"": 1}","{""model_3"": 1, ""model_6"": 0, ""model_5"": 0, ""model_4"": 1}","{""model_3"": 3.2768334568103965, ""model_4"": 1.1189114397943933, ""model_5"": 1.1189114397943936, ""model_6"": 2.773967484093549}"
NEW,steady8s1,42,1787638318.6533318,False,True,True,0.07776208258027101,0.07547852215545216,0.07547852215545216,0.07776208258027101,-0.0022835604248188507,-0.029365988526112493,3,1,14,False,True,"{""model_3"": 1, ""model_6"": 0, ""model_5"": 0, ""model_4"": 1}","{""model_3"": 1, ""model_6"": 0, ""model_5"": 0, ""model_4"": 1}","{""model_3"": 3.1864202798531336, ""model_4"": 1.2041594571699754, ""model_5"": 1.2041594571699756, ""model_6"": 2.6751356859262785}"
NEW,steady8s1,43,1787638323.6872218,False,True,True,0.07128010784162586,0.07128010784162586,0.08209189717599284,0.07128010784162586,0.01081178933436698,0.15168031673562027,1,3,14,True,False,"{""model_3"": 1, ""model_6"": 0, ""model_5"": 0, ""model_4"": 1}","{""model_3"": 1, ""model_6"": 0, ""model_5"": 0, ""model_4"": 1}","{""model_3"": 3.5533386869597416, ""model_4"": 1.221940558338294, ""model_5"": 1.2219405583382945, ""model_6"": 2.3339901340265645}"
NEW,steady8s1,44,1787638328.7474203,False,True,True,0.07017636503647406,0.07017636503647406,0.07457046852249444,0.07017636503647406,0.004394103486020373,0.06261514804502262,1,3,14,True,False,"{""model_3"": 1, ""model_6"": 0, ""model_5"": 0, ""model_4"": 1}","{""model_3"": 1, ""model_6"": 0, ""model_5"": 0, ""model_4"": 1}","{""model_3"": 3.0184780837454084, ""model_4"": 1.3192802443902394, ""model_5"": 1.3192802443902398, ""model_6"": 2.1815883410816754}"
NEW,steady8s1,45,1787638333.783902,False,True,True,0.0665480464414585,0.0665480464414585,0.07169045397643183,0.0665480464414585,0.005142407534973331,0.07727360621317478,1,3,14,True,False,"{""model_3"": 1, ""model_6"": 0, ""model_5"": 0, ""model_4"": 1}","{""model_3"": 1, ""model_6"": 0, ""model_5"": 0, ""model_4"": 1}","{""model_3"": 2.8936698072517406, ""model_4"": 1.2765582997405818, ""model_5"": 1.2765582997405822, ""model_6"": 2.043305376446396}"
NEW,steady8s1,46,1787638338.828556,False,True,True,0.06431904121143851,0.06431904121143851,0.07454037627015453,0.06431904121143851,0.010221335058716016,0.1589161602256324,1,3,14,True,False,"{""model_3"": 1, ""model_6"": 0, ""model_5"": 0, ""model_4"": 1}","{""model_3"": 1, ""model_6"": 0, ""model_5"": 0, ""model_4"": 1}","{""model_3"": 3.0897330782247368, ""model_4"": 1.2462747859432552, ""model_5"": 1.2462747859432557, ""model_6"": 1.9232698505650536}"
NEW,steady8s1,47,1787638343.8758988,False,True,True,0.0679491766027917,0.0679491766027917,0.07874739883900074,0.0679491766027917,0.010798222236209035,0.15891616022563235,1,3,14,True,False,"{""model_3"": 1, ""model_6"": 0, ""model_5"": 0, ""model_4"": 1}","{""model_3"": 1, ""model_6"": 0, ""model_5"": 0, ""model_4"": 1}","{""model_3"": 3.272464046771569, ""model_4"": 1.308265991552569, ""model_5"": 1.3082659915525694, ""model_6"": 1.8751027287145783}"
NEW,steady8s1,48,1787638348.9173431,False,True,True,0.0665073279720474,0.0665073279720474,0.07707641716023196,0.0665073279720474,0.010569089188184555,0.15891616022563218,1,3,14,True,False,"{""model_3"": 1, ""model_6"": 0, ""model_5"": 0, ""model_4"": 1}","{""model_3"": 1, ""model_6"": 0, ""model_5"": 0, ""model_4"": 1}","{""model_3"": 3.21622189704103, ""model_4"": 1.2673072675745722, ""model_5"": 1.2673072675745727, ""model_6"": 1.9551773831347858}"
NEW,steady8s1,49,1787638354.3155055,True,True,True,0.07294122784284963,0.07294122784284963,0.07555084262835624,0.07294122784284963,0.0026096147855066004,0.035776951700469885,1,3,14,True,False,"{""model_3"": 1, ""model_6"": 0, ""model_5"": 0, ""model_4"": 1}","{""model_3"": 1, ""model_6"": 0, ""model_5"": 0, ""model_4"": 1}","{""model_3"": 2.6851705230913154, ""model_4"": 0.6563163839765118, ""model_5"": 1.7096160901905864, ""model_6"": 1.9291824284853225}"
NEW,steady8s1,50,1787638359.3535948,False,True,True,0.07194875935677222,0.07194875935677222,0.07243901598536488,0.07194875935677222,0.0004902566285926585,0.006813969177169874,1,3,14,True,False,"{""model_3"": 1, ""model_6"": 0, ""model_5"": 0, ""model_4"": 1}","{""model_3"": 1, ""model_6"": 0, ""model_5"": 0, ""model_4"": 1}","{""model_3"": 2.5810889352433644, ""model_4"": 0.5121877972197812, ""model_5"": 1.6326829653271868, ""model_6"": 1.9566045571155404}"
NEW,steady8s1,51,1787638364.4339101,False,True,True,0.07341109386754328,0.07085579209518435,0.07085579209518435,0.07341109386754328,-0.0025553017723589366,-0.03480811465593341,5,1,14,False,True,"{""model_3"": 1, ""model_6"": 0, ""model_5"": 0, ""model_4"": 1}","{""model_3"": 1, ""model_6"": 0, ""model_5"": 0, ""model_4"": 1}","{""model_3"": 2.3785275672895483, ""model_4"": 0.44644542805433796, ""model_5"": 1.7431483232785676, ""model_6"": 1.9190902696214138}"
NEW,steady8s1,52,1787638369.472455,False,True,True,0.07038289290004757,0.06492684661086343,0.06492684661086343,0.07038289290004757,-0.005456046289184141,-0.07751949464385334,5,1,14,False,True,"{""model_3"": 1, ""model_6"": 0, ""model_5"": 0, ""model_4"": 1}","{""model_3"": 1, ""model_6"": 0, ""model_5"": 0, ""model_4"": 1}","{""model_3"": 2.169468102354914, ""model_4"": 0.5790374871551931, ""model_5"": 1.60732149258912, ""model_6"": 1.9038500903269249}"
NEW,steady8s1,53,1787638374.5766854,False,True,True,0.07084510529150656,0.06583453357772687,0.06583453357772687,0.07084510529150656,-0.0050105717137796935,-0.07072572894291962,5,1,14,False,True,"{""model_3"": 1, ""model_6"": 0, ""model_5"": 0, ""model_4"": 1}","{""model_3"": 1, ""model_6"": 0, ""model_5"": 0, ""model_4"": 1}","{""model_3"": 2.1284628696828474, ""model_4"": 0.5233241741007046, ""model_5"": 1.7011268052105886, ""model_6"": 1.8331030372809358}"
NEW,steady8s1,54,1787638379.619589,False,True,True,0.06679966021466867,0.06655692914216489,0.06655692914216489,0.06679966021466867,-0.0002427310725037768,-0.003633717173466625,3,1,14,False,True,"{""model_3"": 1, ""model_5"": 0, ""model_6"": 0, ""model_4"": 1}","{""model_3"": 1, ""model_5"": 0, ""model_6"": 0, ""model_4"": 1}","{""model_3"": 2.3912996889415035, ""model_4"": 0.5934350249169041, ""model_5"": 1.7990666293164392, ""model_6"": 1.5333492324083011}"
NEW,steady8s1,55,1787638384.683555,False,True,True,0.0706090602842669,0.0706090602842669,0.0721964973697825,0.0706090602842669,0.0015874370855155917,0.022482059372050646,1,3,14,True,False,"{""model_3"": 1, ""model_5"": 0, ""model_6"": 0, ""model_4"": 1}","{""model_3"": 1, ""model_5"": 0, ""model_6"": 0, ""model_4"": 1}","{""model_3"": 2.754632939093176, ""model_4"": 0.6065405225282681, ""model_5"": 2.0198910752057584, ""model_6"": 1.5025632563972597}"
NEW,steady8s1,56,1787638389.7281816,False,True,True,0.0711154737645037,0.0711154737645037,0.07511811089537243,0.0711154737645037,0.004002637130868736,0.05628363166254539,1,3,14,True,False,"{""model_3"": 1, ""model_5"": 0, ""model_6"": 0, ""model_4"": 1}","{""model_3"": 1, ""model_5"": 0, ""model_6"": 0, ""model_4"": 1}","{""model_3"": 2.976352489524926, ""model_4"": 0.6624077068886985, ""model_5"": 2.0945957411865748, ""model_6"": 1.4531218972762248}"
NEW,steady8s1,57,1787638394.771963,False,True,True,0.07369720380055238,0.07369720380055238,0.08179477130691551,0.07369720380055238,0.008097567506363132,0.1098761837460981,1,3,14,True,False,"{""model_3"": 1, ""model_5"": 0, ""model_6"": 0, ""model_4"": 1}","{""model_3"": 1, ""model_5"": 0, ""model_6"": 0, ""model_4"": 1}","{""model_3"": 3.1438465410132848, ""model_4"": 0.6552397821708316, ""model_5"": 1.997182554580907, ""model_6"": 1.679329124078681}"
NEW,steady8s1,58,1787638399.8234046,False,True,True,0.07077112289006404,0.07077112289006404,0.08272390306876268,0.07077112289006404,0.011952780178698635,0.1688934651675105,1,3,14,True,False,"{""model_3"": 1, ""model_5"": 0, ""model_6"": 0, ""model_4"": 1}","{""model_3"": 1, ""model_5"": 0, ""model_6"": 0, ""model_4"": 1}","{""model_3"": 3.334420040399037, ""model_4"": 0.5782071997952821, ""model_5"": 1.986995554674432, ""model_6"": 1.5435435485638804}"
NEW,steady8s1,59,1787638404.8907413,False,True,True,0.06371047014222149,0.06371047014222149,0.08744957221083119,0.06371047014222149,0.0237391020686097,0.37260911771042776,1,5,14,True,False,"{""model_3"": 1, ""model_5"": 0, ""model_6"": 0, ""model_4"": 1}","{""model_3"": 1, ""model_5"": 0, ""model_6"": 0, ""model_4"": 1}","{""model_3"": 3.7355094747323667, ""model_4"": 0.5594721413397367, ""model_5"": 1.4513291429256183, ""model_6"": 1.4211116866293605}"
NEW,steady8s1,60,1787638409.9494135,False,True,True,0.060860213957740716,0.060860213957740716,0.08606753404910067,0.060860213957740716,0.025207320091359953,0.4141838888187785,1,5,14,True,False,"{""model_3"": 1, ""model_5"": 0, ""model_6"": 0, ""model_4"": 1}","{""model_3"": 1, ""model_5"": 0, ""model_6"": 0, ""model_4"": 1}","{""model_3"": 3.5772023879410266, ""model_4"": 0.5256318795694787, ""model_5"": 1.537175840054143, ""model_6"": 1.4979244098644384}"
NEW,steady8s1,61,1787638414.9949157,False,True,True,0.06306742888140886,0.06306742888140886,0.08571810865551445,0.06306742888140886,0.022650679774105592,0.35915020123458063,1,5,14,True,False,"{""model_3"": 1, ""model_5"": 0, ""model_6"": 0, ""model_4"": 1}","{""model_3"": 1, ""model_5"": 0, ""model_6"": 0, ""model_4"": 1}","{""model_3"": 3.648905527039722, ""model_4"": 0.6027260652858795, ""model_5"": 1.5773932667682478, ""model_6"": 1.4056167745591777}"
NEW,steady8s1,62,1787638420.037664,False,True,True,0.06727032100710123,0.06727032100710123,0.09166135153708521,0.06727032100710123,0.02439103052998398,0.3625823418831196,1,5,14,True,False,"{""model_3"": 1, ""model_5"": 0, ""model_6"": 0, ""model_4"": 1}","{""model_3"": 1, ""model_5"": 0, ""model_6"": 0, ""model_4"": 1}","{""model_3"": 3.9360541918990313, ""model_4"": 0.5989114328687544, ""model_5"": 1.4845430072040215, ""model_6"": 1.468922105476241}"
NEW,steady8s1,63,1787638425.0856056,False,True,True,0.06939430867010751,0.06939430867010751,0.08717589066056873,0.06939430867010751,0.017781581990461218,0.25623977428743894,1,5,14,True,False,"{""model_3"": 1, ""model_5"": 0, ""model_6"": 0, ""model_4"": 1}","{""model_3"": 1, ""model_5"": 0, ""model_6"": 0, ""model_4"": 1}","{""model_3"": 4.048538491360111, ""model_4"": 0.6296137704708091, ""model_5"": 2.1099823556286466, ""model_6"": 1.091944545618856}"
NEW,steady8s1,64,1787638430.1292496,False,True,True,0.06745087876317306,0.06745087876317306,0.08689454375045427,0.06745087876317306,0.019443664987281215,0.28826407222283806,1,3,14,True,False,"{""model_3"": 1, ""model_5"": 0, ""model_6"": 0, ""model_4"": 1}","{""model_3"": 1, ""model_5"": 0, ""model_6"": 0, ""model_4"": 1}","{""model_3"": 3.811245915405363, ""model_4"": 0.6617619072931884, ""model_5"": 2.0522560228252877, ""model_6"": 1.3126469954734747}"
NEW,steady8s1,65,1787638435.177311,False,True,True,0.07267944723262226,0.07267944723262226,0.09412130632949922,0.07267944723262226,0.02144185909687696,0.29501956761240683,1,3,14,True,False,"{""model_3"": 1, ""model_5"": 0, ""model_6"": 0, ""model_4"": 1}","{""model_3"": 1, ""model_5"": 0, ""model_6"": 0, ""model_4"": 1}","{""model_3"": 4.163375550072865, ""model_4"": 0.7362412481325843, ""model_5"": 2.196677969416044, ""model_6"": 1.3866564018683676}"
NEW,steady8s1,66,1787638440.2273886,False,True,True,0.07161454084859065,0.07161454084859065,0.09348158443463721,0.07161454084859065,0.02186704358604656,0.3053436261258512,1,5,14,True,False,"{""model_3"": 1, ""model_5"": 0, ""model_6"": 0, ""model_4"": 1}","{""model_3"": 1, ""model_5"": 0, ""model_6"": 0, ""model_4"": 1}","{""model_3"": 4.063775408418583, ""model_4"": 0.7640517242571097, ""model_5"": 1.7690362025088098, ""model_6"": 1.448534192491831}"
NEW,steady8s1,67,1787638445.287433,False,True,True,0.06456836654641764,0.06456836654641764,0.08475565500689178,0.06456836654641764,0.020187288460474143,0.3126498243681242,1,3,14,True,False,"{""model_3"": 1, ""model_5"": 0, ""model_6"": 0, ""model_4"": 1}","{""model_3"": 1, ""model_5"": 0, ""model_6"": 0, ""model_4"": 1}","{""model_3"": 3.4670708477316237, ""model_4"": 0.6726214409703943, ""model_5"": 1.6904052969807053, ""model_6"": 1.5306986450673403}"
NEW,steady8s1,68,1787638450.3375502,False,True,True,0.06022629438259491,0.06022629438259491,0.07859676857171459,0.06022629438259491,0.018370474189119683,0.30502414896090063,1,3,14,True,False,"{""model_3"": 1, ""model_6"": 0, ""model_5"": 0, ""model_4"": 1}","{""model_3"": 1, ""model_6"": 0, ""model_5"": 0, ""model_4"": 1}","{""model_3"": 3.1624445427170085, ""model_4"": 0.5997725969762882, ""model_5"": 1.409523344727085, ""model_6"": 1.5949688644921318}"
NEW,steady8s1,69,1787638455.3876314,False,True,True,0.05803308733463399,0.05803308733463399,0.07396914647598767,0.05803308733463399,0.015936059141353674,0.2746029872486739,1,3,14,True,False,"{""model_3"": 1, ""model_6"": 0, ""model_5"": 0, ""model_4"": 1}","{""model_3"": 1, ""model_6"": 0, ""model_5"": 0, ""model_4"": 1}","{""model_3"": 3.0404371700943833, ""model_4"": 0.5709160865952625, ""model_5"": 1.262342301574251, ""model_6"": 1.6327380044828224}"
NEW,steady8s1,70,1787638460.4386773,False,True,True,0.05425138650317111,0.05425138650317111,0.07038202875373425,0.05425138650317111,0.016130642250563147,0.2973314285639553,1,3,14,True,False,"{""model_3"": 1, ""model_5"": 0, ""model_6"": 0, ""model_4"": 1}","{""model_3"": 1, ""model_5"": 0, ""model_6"": 0, ""model_4"": 1}","{""model_3"": 2.8184935473529524, ""model_4"": 0.46619593566417106, ""model_5"": 1.3747144144623378, ""model_6"": 1.331709245818905}"
NEW,steady8s1,71,1787638465.5004072,False,True,True,0.05641459922143435,0.05641459922143435,0.061590380339836076,0.05641459922143435,0.005175781118401723,0.0917454203314666,1,3,14,True,False,"{""model_3"": 1, ""model_6"": 0, ""model_5"": 0, ""model_4"": 1}","{""model_3"": 1, ""model_6"": 0, ""model_5"": 0, ""model_4"": 1}","{""model_3"": 2.2297435536597554, ""model_4"": 0.5224320521718746, ""model_5"": 1.3529640589600451, ""model_6"": 1.4613751857936192}"
NEW,steady8s1,72,1787638470.5534914,False,True,True,0.06335624369148311,0.06335624369148311,0.06768419266607859,0.06335624369148311,0.004327948974595472,0.06831132533157536,1,3,14,True,False,"{""model_3"": 1, ""model_5"": 0, ""model_6"": 0, ""model_4"": 1}","{""model_3"": 1, ""model_5"": 0, ""model_6"": 0, ""model_4"": 1}","{""model_3"": 2.546357727242434, ""model_4"": 0.4789320839285648, ""model_5"": 1.715872796746893, ""model_6"": 1.4447623133465872}"
NEW,steady8s1,73,1787638475.6239963,False,True,True,0.05861686791983941,0.05861686791983941,0.06929183331104834,0.05861686791983941,0.010674965391208928,0.18211422360210908,1,3,14,True,False,"{""model_3"": 1, ""model_5"": 0, ""model_6"": 0, ""model_4"": 1}","{""model_3"": 1, ""model_5"": 0, ""model_6"": 0, ""model_4"": 1}","{""model_3"": 2.8664450216252058, ""model_4"": 0.4305406672701994, ""model_5"": 1.7047307655991857, ""model_6"": 1.21947243832374}"
NEW,steady8s1,74,1787638480.7057137,False,True,True,0.06076457153832274,0.06076457153832274,0.07007091690859739,0.06076457153832274,0.009306345370274652,0.15315413463263483,1,3,14,True,False,"{""model_3"": 1, ""model_5"": 0, ""model_6"": 0, ""model_4"": 1}","{""model_3"": 1, ""model_5"": 0, ""model_6"": 0, ""model_4"": 1}","{""model_3"": 2.802696449520271, ""model_4"": 0.5122801526590988, ""model_5"": 1.7021840156225674, ""model_6"": 1.3291610746739937}"
NEW,steady8s1,75,1787638485.7704768,False,True,True,0.06442153152983292,0.06442153152983292,0.07450263535317345,0.06442153152983292,0.010081103823340529,0.15648655944592185,1,3,14,True,False,"{""model_3"": 1, ""model_5"": 0, ""model_6"": 0, ""model_4"": 1}","{""model_3"": 1, ""model_5"": 0, ""model_6"": 0, ""model_4"": 1}","{""model_3"": 3.1047459229735273, ""model_4"": 0.527631392383428, ""model_5"": 1.925342982323786, ""model_6"": 1.2884358425492455}"
NEW,steady8s1,76,1787638490.8252225,False,True,True,0.07309851407974889,0.07309851407974889,0.09102415508572631,0.07309851407974889,0.01792564100597742,0.24522579195550998,1,3,14,True,False,"{""model_3"": 1, ""model_5"": 0, ""model_6"": 0, ""model_4"": 1}","{""model_3"": 1, ""model_5"": 0, ""model_6"": 0, ""model_4"": 1}","{""model_3"": 3.830740206347821, ""model_4"": 0.7317496325660097, ""model_5"": 2.109982355628647, ""model_6"": 1.5366626573107007}"
NEW,steady8s1,77,1787638495.901819,False,True,True,0.06999999086092885,0.06999999086092885,0.08690489324687457,0.06999999086092885,0.01690490238594572,0.2414986370431278,1,3,14,True,False,"{""model_3"": 1, ""model_5"": 0, ""model_6"": 0, ""model_4"": 1}","{""model_3"": 1, ""model_5"": 0, ""model_6"": 0, ""model_4"": 1}","{""model_3"": 3.6975292182410255, ""model_4"": 0.5950658849451016, ""model_5"": 2.0650958872907417, ""model_6"": 1.4269739692909864}"
NEW,steady8s1,78,1787638500.9634292,False,True,True,0.06462676588264864,0.06462676588264864,0.08559159605921501,0.06462676588264864,0.020964830176566376,0.3243985659847963,1,3,14,True,False,"{""model_3"": 1, ""model_5"": 0, ""model_6"": 0, ""model_4"": 1}","{""model_3"": 1, ""model_5"": 0, ""model_6"": 0, ""model_4"": 1}","{""model_3"": 3.623809428355179, ""model_4"": 0.6521327735414817, ""model_5"": 1.8007644626341848, ""model_6"": 1.4232528306756032}"
NEW,steady8s1,79,1787638506.0236027,False,True,True,0.0676914199267135,0.0676914199267135,0.08719328140063158,0.0676914199267135,0.01950186147391808,0.28809945920815194,1,5,14,True,False,"{""model_3"": 1, ""model_5"": 0, ""model_6"": 0, ""model_4"": 1}","{""model_3"": 1, ""model_5"": 0, ""model_6"": 0, ""model_4"": 1}","{""model_3"": 3.914543250169422, ""model_4"": 0.6488103634837873, ""model_5"": 1.8450142434779362, ""model_6"": 1.2269652630463352}"
NEW,steady8s1,80,1787638511.100664,False,True,True,0.06677495088361286,0.06677495088361286,0.08918108469141414,0.06677495088361286,0.02240613380780128,0.3355469904703432,1,5,14,True,False,"{""model_3"": 1, ""model_5"": 0, ""model_6"": 0, ""model_4"": 1}","{""model_3"": 1, ""model_5"": 0, ""model_6"": 0, ""model_4"": 1}","{""model_3"": 3.923394106401917, ""model_4"": 0.5781766059003909, ""model_5"": 1.9661970965320457, ""model_6"": 1.3353287996888727}"
NEW,steady8s1,81,1787638516.1617343,False,True,True,0.07620759879458122,0.07620759879458122,0.09909346009990382,0.07620759879458122,0.022885861305322594,0.3003094398369878,1,5,14,True,False,"{""model_3"": 1, ""model_5"": 0, ""model_6"": 0, ""model_4"": 1}","{""model_3"": 1, ""model_5"": 0, ""model_6"": 0, ""model_4"": 1}","{""model_3"": 4.56737792443208, ""model_4"": 0.5700859036807434, ""model_5"": 1.8280359103004777, ""model_6"": 1.2758460089198655}"
NEW,steady8s1,82,1787638521.2175817,False,True,False,0.0698868436558871,0.0698868436558871,0.09080500194093856,0.0698868436558871,0.02091815828505146,0.2993146805720617,1,5,14,True,False,"{""model_3"": 1, ""model_5"": 0, ""model_6"": 0, ""model_4"": 1}","{""model_3"": 1, ""model_5"": 0, ""model_6"": 0, ""model_4"": 0}","{""model_3"": 4.253004473946236, ""model_4"": 0.45835157219946515, ""model_5"": 1.7344428486597383, ""model_6"": 1.101475630739069}"
NEW,steady8s1,83,1787638526.3188434,False,True,True,0.07341294310244674,0.07341294310244674,0.09239652495026539,0.07341294310244674,0.018983581847818648,0.2585863070675061,1,5,14,True,False,"{""model_3"": 1, ""model_5"": 0, ""model_6"": 0, ""model_4"": 1}","{""model_3"": 1, ""model_5"": 0, ""model_6"": 0, ""model_4"": 1}","{""model_3"": 4.357198097949028, ""model_4"": 0.5918666366682606, ""model_5"": 2.1136963660112156, ""model_6"": 1.0911290207491402}"
NEW,steady8s1,84,1787638531.3801477,False,True,True,0.06692013698185822,0.06692013698185822,0.08560193575644483,0.06692013698185822,0.018681798774586603,0.2791655788100249,1,3,14,True,False,"{""model_3"": 1, ""model_5"": 0, ""model_6"": 0, ""model_4"": 1}","{""model_3"": 1, ""model_5"": 0, ""model_6"": 0, ""model_4"": 1}","{""model_3"": 3.937734734221657, ""model_4"": 0.5736235627818952, ""model_5"": 2.175455052944221, ""model_6"": 1.1099372236354244}"
NEW,steady8s1,85,1787638536.439177,False,True,True,0.05938801642851875,0.05938801642851875,0.07526309482180987,0.05938801642851875,0.015875078393291123,0.26731114032742376,1,3,14,True,False,"{""model_3"": 1, ""model_5"": 0, ""model_6"": 0, ""model_4"": 1}","{""model_3"": 1, ""model_5"": 0, ""model_6"": 0, ""model_4"": 1}","{""model_3"": 3.4298748443241758, ""model_4"": 0.5570724741949733, ""model_5"": 1.9545244924725433, ""model_6"": 1.0081487802173512}"
NEW,steady8s1,86,1787638541.49792,False,True,True,0.0499456685482224,0.0499456685482224,0.061117485097904545,0.0499456685482224,0.011171816549682148,0.22367938751076666,1,3,14,True,False,"{""model_3"": 1, ""model_5"": 0, ""model_6"": 0, ""model_4"": 1}","{""model_3"": 1, ""model_5"": 0, ""model_6"": 0, ""model_4"": 1}","{""model_3"": 2.8626357923605874, ""model_4"": 0.5044046287535618, ""model_5"": 1.5820623083920486, ""model_6"": 0.7412665369183893}"
NEW,steady8s1,87,1787638546.5551925,False,True,True,0.03280275324485443,0.03280275324485443,0.035481758991540685,0.03280275324485443,0.0026790057466862527,0.08167014904782396,1,3,14,True,False,"{""model_3"": 1, ""model_5"": 0, ""model_6"": 0, ""model_4"": 1}","{""model_3"": 1, ""model_5"": 0, ""model_6"": 0, ""model_4"": 1}","{""model_3"": 1.4928817632658145, ""model_4"": 0.43952331013432033, ""model_5"": 1.0370578133956332, ""model_6"": 0.59936391195607}"
NEW,steady8s1,88,1787638551.612842,False,False,False,0.027958491799240585,0.01986055750672351,0.01986055750672351,0.025563593117894832,-0.008097934292517074,-0.2896413136540159,7,1,14,False,True,"{""model_5"": 0, ""model_3"": 1, ""model_6"": 1, ""model_4"": 1}","{""model_5"": 0, ""model_3"": 1, ""model_6"": 1, ""model_4"": 0}","{""model_3"": 0.6993294881782769, ""model_4"": 0.3143452357993204, ""model_5"": 0.80349980796691, ""model_6"": 0.47178397214494505}"
NEW,steady8s1,89,1787638556.93206,False,True,True,0.006136581735817763,0.006136581735817763,0.0071106649574366665,0.006136581735817763,0.0009740832216189035,0.1587338462280087,1,3,14,True,False,"{""model_3"": 1, ""model_6"": 0, ""model_5"": 0, ""model_4"": 1}","{""model_3"": 1, ""model_6"": 0, ""model_5"": 0, ""model_4"": 1}","{""model_3"": 0.2929745449110771, ""model_4"": 0.11007362601013138, ""model_5"": 0.12065228014231398, ""model_6"": 0.18548164699881353}"
NEW,steady8s1,90,1787638561.9907596,False,False,True,0.004681482755173684,0.004681482755173684,0.004681482755173684,0.006021852408750698,0.0,0.0,1,1,14,False,False,"{""model_5"": 0, ""model_3"": 1, ""model_4"": 1, ""model_6"": 1}","{""model_5"": 0, ""model_3"": 1, ""model_4"": 1, ""model_6"": 1}","{""model_3"": 0.05512178818212234, ""model_4"": 0.021719281869922804, ""model_5"": 0.30041038265865505, ""model_6"": 7.481070100640724e-08}"
NEW,steady8s1,91,1787638567.054563,False,False,True,0.013303613128001516,0.013303613128001516,0.013303613128001516,0.01711260706153974,0.0,0.0,1,1,14,False,False,"{""model_5"": 0, ""model_4"": 1, ""model_3"": 1, ""model_6"": 1}","{""model_5"": 0, ""model_4"": 1, ""model_6"": 1, ""model_3"": 1}","{""model_3"": 1.4568788806607132e-10, ""model_4"": 0.0004922211793096974, ""model_5"": 0.8536918150790817, ""model_6"": 4.792153315336979e-10}"
NEW,steady8s1,92,1787638572.109883,False,False,True,0.022825329024960216,0.022825329024960216,0.022825329024960216,0.03443746220305448,0.0,0.0,1,1,14,False,False,"{""model_5"": 0, ""model_6"": 1, ""model_3"": 1, ""model_4"": 1}","{""model_5"": 0, ""model_6"": 1, ""model_4"": 1, ""model_3"": 1}","{""model_3"": 9.68460682005373e-08, ""model_4"": 1.1518246106900776e-07, ""model_5"": 1.464699580302867, ""model_6"": 0.2532724110846672}"
NEW,steady8s1,93,1787638577.1690526,False,False,True,0.03270423329179441,0.03270423329179441,0.03270423329179441,0.05669488461749017,0.0,0.0,1,1,14,False,False,"{""model_5"": 0, ""model_6"": 1, ""model_3"": 1, ""model_4"": 1}","{""model_5"": 0, ""model_6"": 1, ""model_4"": 1, ""model_3"": 1}","{""model_3"": 2.7901958385166986e-07, ""model_4"": 3.3184787917583947e-07, ""model_5"": 2.0986280953162213, ""model_6"": 0.7296936681602123}"
NEW,steady8s1,94,1787638582.2453802,False,False,True,0.05798688600950916,0.05798688600950916,0.05798688600950916,0.11999676518028164,0.0,0.0,1,1,14,False,False,"{""model_5"": 0, ""model_6"": 1, ""model_3"": 1, ""model_4"": 1}","{""model_5"": 0, ""model_6"": 1, ""model_4"": 1, ""model_3"": 1}","{""model_3"": 8.661768889410632e-07, ""model_4"": 1.0301748685215273e-06, ""model_5"": 3.7210139450047333, ""model_6"": 2.26523093045377}"
NEW,steady8s1,95,1787638587.3077292,False,False,True,0.0693226558034744,0.0693226558034744,0.0693226558034744,0.1622893311636883,0.0,0.0,1,1,14,False,False,"{""model_5"": 0, ""model_6"": 1, ""model_3"": 1, ""model_4"": 1}","{""model_5"": 0, ""model_6"": 1, ""model_4"": 1, ""model_3"": 1}","{""model_3"": 1.3947860778535229e-06, ""model_4"": 1.6588685105567436e-06, ""model_5"": 4.448429407076468, ""model_6"": 3.64765281281206}"
NEW,steady8s2,1,1787638762.8457747,False,False,True,0.0003028717594041318,0.00026282836912213287,0.00026282836912213287,0.0003571675947570502,-4.004339028199891e-05,-0.1322123606399621,5,1,14,False,True,"{""model_6"": 1, ""model_3"": 1, ""model_5"": 0, ""model_4"": 0}","{""model_6"": 1, ""model_3"": 1, ""model_5"": 0, ""model_4"": 0}","{""model_3"": 0.0007842602462121817, ""model_4"": 0.0002153472338109648, ""model_5"": 0.0007428020765138064, ""model_6"": 0.01707511726974513}"
NEW,steady8s2,2,1787638767.8530617,False,False,True,0.009090647849513502,0.009090647849513502,0.009090647849513502,0.009517886762130822,0.0,0.0,1,1,14,False,False,"{""model_3"": 1, ""model_5"": 0, ""model_6"": 1, ""model_4"": 0}","{""model_3"": 1, ""model_5"": 0, ""model_6"": 1, ""model_4"": 0}","{""model_3"": 0.33532421144124425, ""model_4"": 0.0226730618912776, ""model_5"": 0.27409396623359444, ""model_6"": 0.20072217376317394}"
NEW,steady8s2,3,1787638772.8806813,False,False,True,0.01853971439850892,0.01853971439850892,0.01853971439850892,0.026297839263441744,0.0,0.0,1,1,14,False,False,"{""model_5"": 0, ""model_3"": 1, ""model_6"": 1, ""model_4"": 0}","{""model_5"": 0, ""model_3"": 1, ""model_6"": 1, ""model_4"": 0}","{""model_3"": 0.598609175319268, ""model_4"": 0.06186641374462615, ""model_5"": 0.8172945133299053, ""model_6"": 0.4946183977381201}"
NEW,steady8s2,4,1787638777.8868682,False,False,True,0.0281475323727567,0.0281475323727567,0.0281475323727567,0.03666899192995859,0.0,0.0,1,1,14,False,False,"{""model_5"": 0, ""model_3"": 1, ""model_6"": 1, ""model_4"": 0}","{""model_5"": 0, ""model_3"": 1, ""model_6"": 1, ""model_4"": 0}","{""model_3"": 0.870184814655578, ""model_4"": 0.10179797590255057, ""model_5"": 1.0397106779546106, ""model_6"": 0.7895850093012531}"
NEW,steady8s2,5,1787638782.8956668,False,False,True,0.03937710283738073,0.03937710283738073,0.03937710283738073,0.05778614615882104,0.0,0.0,1,1,14,False,False,"{""model_5"": 0, ""model_3"": 1, ""model_6"": 1, ""model_4"": 0}","{""model_5"": 0, ""model_3"": 1, ""model_6"": 1, ""model_4"": 0}","{""model_3"": 1.2125673038518507, ""model_4"": 0.11773392953933914, ""model_5"": 1.7733869003855334, ""model_6"": 1.1093743206859652}"
NEW,steady8s2,6,1787638787.938413,False,False,True,0.05053749176185694,0.05053749176185694,0.05053749176185694,0.08281251388925147,0.0,0.0,1,1,14,False,False,"{""model_5"": 0, ""model_3"": 1, ""model_6"": 1, ""model_4"": 0}","{""model_5"": 0, ""model_3"": 1, ""model_6"": 1, ""model_4"": 0}","{""model_3"": 1.5685061677839702, ""model_4"": 0.1336699641177932, ""model_5"": 2.7197167458641225, ""model_6"": 1.4115278435094343}"
NEW,steady8s2,7,1787638792.9639518,False,False,True,0.06519939800712354,0.06519939800712354,0.06519939800712354,0.10381782572419809,0.0,0.0,1,1,14,False,False,"{""model_5"": 0, ""model_3"": 1, ""model_6"": 1, ""model_4"": 0}","{""model_5"": 0, ""model_3"": 1, ""model_6"": 1, ""model_4"": 0}","{""model_3"": 2.1864975978908543, ""model_4"": 0.17560143749588097, ""model_5"": 3.6277392271110704, ""model_6"": 1.5513914460285148}"
NEW,steady8s2,8,1787638797.9723096,False,False,True,0.06707904543364931,0.06707904543364931,0.06707904543364931,0.10316861919300427,0.0,0.0,1,1,14,False,False,"{""model_5"": 0, ""model_3"": 1, ""model_6"": 1, ""model_4"": 0}","{""model_5"": 0, ""model_3"": 1, ""model_6"": 1, ""model_4"": 0}","{""model_3"": 2.3076086812747447, ""model_4"": 0.21593279601473814, ""model_5"": 3.498916124127106, ""model_6"": 1.64782776538015}"
NEW,steady8s2,9,1787638802.99149,False,False,True,0.07358739729604423,0.07358739729604423,0.07358739729604423,0.11488597714754538,0.0,0.0,1,1,14,False,False,"{""model_5"": 0, ""model_3"": 1, ""model_6"": 1, ""model_4"": 0}","{""model_5"": 0, ""model_3"": 1, ""model_6"": 1, ""model_4"": 0}","{""model_3"": 2.3837932665671087, ""model_4"": 0.2789681209131898, ""model_5"": 4.013677963151172, ""model_6"": 1.717606467127352}"
NEW,steady8s2,10,1787638808.0000587,False,False,True,0.07492602871428988,0.07492602871428988,0.07492602871428988,0.1123856080499445,0.0,0.0,1,1,14,False,False,"{""model_5"": 0, ""model_3"": 1, ""model_6"": 1, ""model_4"": 0}","{""model_5"": 0, ""model_3"": 1, ""model_6"": 1, ""model_4"": 0}","{""model_3"": 2.4320808493038877, ""model_4"": 0.3482483148132083, ""model_5"": 4.022485473486979, ""model_6"": 1.5840637468483378}"
NEW,steady8s2,11,1787638813.011999,False,False,True,0.08333471794310983,0.08333471794310983,0.08333471794310983,0.12293356763858652,0.0,0.0,1,1,14,False,False,"{""model_5"": 0, ""model_3"": 1, ""model_6"": 1, ""model_4"": 0}","{""model_5"": 0, ""model_3"": 1, ""model_6"": 1, ""model_4"": 0}","{""model_3"": 2.506921000738151, ""model_4"": 0.394671133728526, ""model_5"": 4.4665750006598754, ""model_6"": 1.6661773130603925}"
NEW,steady8s2,12,1787638818.0233693,False,False,True,0.07886385094698843,0.07886385094698843,0.07886385094698843,0.1176858480127879,0.0,0.0,1,1,14,False,False,"{""model_5"": 0, ""model_3"": 1, ""model_6"": 1, ""model_4"": 0}","{""model_5"": 0, ""model_3"": 1, ""model_6"": 1, ""model_4"": 0}","{""model_3"": 2.5065848922736262, ""model_4"": 0.5137578530797084, ""model_5"": 4.086684795814244, ""model_6"": 1.7842760048549535}"
NEW,steady8s2,13,1787638823.0369625,False,False,True,0.07299737549790279,0.07299737549790279,0.07299737549790279,0.1105604943646003,0.0,0.0,1,1,14,False,False,"{""model_5"": 0, ""model_3"": 1, ""model_6"": 1, ""model_4"": 0}","{""model_5"": 0, ""model_3"": 1, ""model_6"": 1, ""model_4"": 0}","{""model_3"": 2.3765109165023977, ""model_4"": 0.6093717327101351, ""model_5"": 3.648856029000534, ""model_6"": 1.8666442582272413}"
NEW,steady8s2,14,1787638828.046805,False,False,True,0.07982237215784523,0.07982237215784523,0.07982237215784523,0.11077995917055104,0.0,0.0,1,1,14,False,False,"{""model_5"": 0, ""model_3"": 1, ""model_6"": 1, ""model_4"": 0}","{""model_5"": 0, ""model_3"": 1, ""model_6"": 1, ""model_4"": 0}","{""model_3"": 2.9482314146596558, ""model_4"": 0.6190931546361658, ""model_5"": 3.7678104758251036, ""model_6"": 1.7586381904526593}"
NEW,steady8s2,15,1787638833.0754013,False,False,True,0.08079461779104084,0.08079461779104084,0.08079461779104084,0.10423312795246267,0.0,0.0,1,1,14,False,False,"{""model_5"": 0, ""model_3"": 1, ""model_6"": 1, ""model_4"": 0}","{""model_5"": 0, ""model_3"": 1, ""model_6"": 1, ""model_4"": 0}","{""model_3"": 3.0306900246231554, ""model_4"": 0.6070951383278209, ""model_5"": 3.4663389473428574, ""model_6"": 1.7335097912544115}"
NEW,steady8s2,16,1787638838.0903344,False,False,True,0.08915257018377672,0.08915257018377672,0.08915257018377672,0.10820600299190114,0.0,0.0,1,1,14,False,False,"{""model_5"": 0, ""model_3"": 1, ""model_6"": 1, ""model_4"": 0}","{""model_5"": 0, ""model_3"": 1, ""model_6"": 1, ""model_4"": 0}","{""model_3"": 3.3452875474186827, ""model_4"": 0.5442753639059255, ""model_5"": 3.4862884888263705, ""model_6"": 1.91175394949226}"
NEW,steady8s2,17,1787638843.121721,False,False,True,0.084248410015774,0.084248410015774,0.084248410015774,0.09565959536181803,0.0,0.0,1,1,14,False,False,"{""model_3"": 1, ""model_5"": 0, ""model_6"": 1, ""model_4"": 0}","{""model_3"": 1, ""model_5"": 0, ""model_6"": 1, ""model_4"": 0}","{""model_3"": 3.2833315537912156, ""model_4"": 0.5457518769679071, ""model_5"": 3.0876160029031743, ""model_6"": 1.6845273266506458}"
NEW,steady8s2,18,1787638848.1344936,False,False,True,0.07993559981274341,0.07993559981274341,0.07993559981274341,0.09063801348126883,0.0,0.0,1,1,14,False,False,"{""model_3"": 1, ""model_5"": 0, ""model_6"": 1, ""model_4"": 0}","{""model_3"": 1, ""model_5"": 0, ""model_6"": 1, ""model_4"": 0}","{""model_3"": 3.2836676622557417, ""model_4"": 0.46801162920302386, ""model_5"": 3.09175447161518, ""model_6"": 1.429878614983587}"
NEW,steady8s2,19,1787638853.1504533,False,False,True,0.08148031724982449,0.08148031724982449,0.08148031724982449,0.09710322431106894,0.0,0.0,1,1,14,False,False,"{""model_5"": 0, ""model_3"": 1, ""model_6"": 1, ""model_4"": 0}","{""model_5"": 0, ""model_3"": 1, ""model_6"": 1, ""model_4"": 0}","{""model_3"": 3.211292306227995, ""model_4"": 0.3902099127073073, ""model_5"": 3.2508202305714944, ""model_6"": 1.5933410103529648}"
NEW,steady8s2,20,1787638858.172358,False,False,True,0.07984754849725136,0.07984754849725136,0.07984754849725136,0.09603607823553767,0.0,0.0,1,1,14,False,False,"{""model_5"": 0, ""model_3"": 1, ""model_6"": 1, ""model_4"": 0}","{""model_5"": 0, ""model_3"": 1, ""model_6"": 1, ""model_4"": 0}","{""model_3"": 3.0795377881341417, ""model_4"": 0.3775659365277768, ""model_5"": 3.162108439719274, ""model_6"": 1.62881638506999}"
NEW,steady8s2,21,1787638863.189233,False,False,True,0.08390653634290333,0.08390653634290333,0.08390653634290333,0.09834969681615212,0.0,0.0,1,1,14,False,False,"{""model_3"": 1, ""model_5"": 0, ""model_6"": 1, ""model_4"": 0}","{""model_3"": 1, ""model_5"": 0, ""model_6"": 1, ""model_4"": 0}","{""model_3"": 3.416542541898012, ""model_4"": 0.35123216189886053, ""model_5"": 3.3751865210963765, ""model_6"": 1.5311571431187747}"
NEW,steady8s2,22,1787638868.2040474,False,False,True,0.08310449710408355,0.08310449710408355,0.08310449710408355,0.09528336720142044,0.0,0.0,1,1,14,False,False,"{""model_3"": 1, ""model_5"": 0, ""model_6"": 1, ""model_4"": 0}","{""model_3"": 1, ""model_5"": 0, ""model_6"": 1, ""model_4"": 0}","{""model_3"": 3.604987354341772, ""model_4"": 0.4248193229723569, ""model_5"": 3.457955895336488, ""model_6"": 1.2954186457937489}"
NEW,steady8s2,23,1787638873.223216,False,False,True,0.0870947284341295,0.0870947284341295,0.0870947284341295,0.09637012296291765,0.0,0.0,1,1,14,False,False,"{""model_3"": 1, ""model_5"": 0, ""model_6"": 1, ""model_4"": 0}","{""model_3"": 1, ""model_5"": 0, ""model_6"": 1, ""model_4"": 0}","{""model_3"": 3.6961847843829263, ""model_4"": 0.38538003286408085, ""model_5"": 3.3680768440783146, ""model_6"": 1.4395123760756747}"
NEW,steady8s2,24,1787638878.2792418,False,False,True,0.09043325593063886,0.09043325593063886,0.09043325593063886,0.10028376135414542,0.0,0.0,1,1,14,False,False,"{""model_3"": 1, ""model_5"": 0, ""model_6"": 1, ""model_4"": 0}","{""model_3"": 1, ""model_5"": 0, ""model_6"": 1, ""model_4"": 0}","{""model_3"": 3.8072126138310627, ""model_4"": 0.40709935271520936, ""model_5"": 3.477480978490563, ""model_6"": 1.5253468193758086}"
NEW,steady8s2,25,1787638883.31419,False,False,True,0.09875206177789053,0.09875206177789053,0.09875206177789053,0.11370728324053354,0.0,0.0,1,1,14,False,False,"{""model_3"": 1, ""model_5"": 0, ""model_6"": 1, ""model_4"": 0}","{""model_3"": 1, ""model_5"": 0, ""model_6"": 1, ""model_4"": 0}","{""model_3"": 4.230821315287575, ""model_4"": 0.48403997136679067, ""model_5"": 4.080211806290339, ""model_6"": 1.5922714525567474}"
NEW,steady8s2,26,1787638888.34633,False,False,True,0.09360992314216955,0.09360992314216955,0.09360992314216955,0.11976049214822634,0.0,0.0,1,1,14,False,False,"{""model_5"": 0, ""model_3"": 1, ""model_6"": 1, ""model_4"": 0}","{""model_5"": 0, ""model_3"": 1, ""model_6"": 1, ""model_4"": 0}","{""model_3"": 3.8751065236651394, ""model_4"": 0.5023445571656571, ""model_5"": 4.329687189416617, ""model_6"": 1.644770799743534}"
NEW,steady8s2,27,1787638893.382384,False,False,True,0.09702806218929091,0.09702806218929091,0.09702806218929091,0.1179275136310445,0.0,0.0,1,1,14,False,False,"{""model_5"": 0, ""model_3"": 1, ""model_6"": 1, ""model_4"": 0}","{""model_5"": 0, ""model_3"": 1, ""model_6"": 1, ""model_4"": 0}","{""model_3"": 3.9918481970102033, ""model_4"": 0.522587103479355, ""model_5"": 4.153430868118127, ""model_6"": 1.7295858372805817}"
NEW,steady8s2,28,1787638898.4047372,False,False,True,0.09816011311480578,0.09816011311480578,0.09816011311480578,0.1226857562555272,0.0,0.0,1,1,14,False,False,"{""model_5"": 0, ""model_3"": 1, ""model_6"": 1, ""model_4"": 0}","{""model_5"": 0, ""model_3"": 1, ""model_6"": 1, ""model_4"": 0}","{""model_3"": 3.919808949446983, ""model_4"": 0.4754261587150639, ""model_5"": 4.252011315129746, ""model_6"": 1.868378501820793}"
NEW,steady8s2,29,1787638903.4236557,False,False,True,0.09308754648610133,0.09308754648610133,0.09308754648610133,0.12022861714166948,0.0,0.0,1,1,14,False,False,"{""model_5"": 0, ""model_3"": 1, ""model_6"": 1, ""model_4"": 0}","{""model_5"": 0, ""model_3"": 1, ""model_6"": 1, ""model_4"": 0}","{""model_3"": 3.79007108214028, ""model_4"": 0.49699163548529013, ""model_5"": 4.298807845950116, ""model_6"": 1.6990033630977777}"
NEW,steady8s2,30,1787638908.4434712,False,False,True,0.09436660915011608,0.09436660915011608,0.09436660915011608,0.11937565727567573,0.0,0.0,1,1,14,False,False,"{""model_5"": 0, ""model_3"": 1, ""model_6"": 1, ""model_4"": 0}","{""model_5"": 0, ""model_3"": 1, ""model_6"": 1, ""model_4"": 0}","{""model_3"": 3.956220699770539, ""model_4"": 0.495330405914036, ""model_5"": 4.346983866341155, ""model_6"": 1.6082759737668717}"
NEW,steady8s2,31,1787638913.466872,False,False,True,0.081080473245475,0.081080473245475,0.081080473245475,0.1058809193165295,0.0,0.0,1,1,14,False,False,"{""model_5"": 0, ""model_3"": 1, ""model_6"": 1, ""model_4"": 0}","{""model_5"": 0, ""model_3"": 1, ""model_6"": 1, ""model_4"": 0}","{""model_3"": 3.44063031518898, ""model_4"": 0.3848880295698436, ""model_5"": 3.941626161729333, ""model_6"": 1.340425481205817}"
NEW,steady8s2,32,1787638918.5088446,False,False,True,0.07380508821570822,0.07380508821570822,0.07380508821570822,0.10181894834558015,0.0,0.0,1,1,14,False,False,"{""model_5"": 0, ""model_3"": 1, ""model_6"": 1, ""model_4"": 0}","{""model_5"": 0, ""model_3"": 1, ""model_6"": 1, ""model_4"": 0}","{""model_3"": 3.0566824125464334, ""model_4"": 0.3564006443476685, ""model_5"": 3.784046006926046, ""model_6"": 1.2953672326106889}"
NEW,steady8s2,33,1787638923.5340734,False,False,True,0.06978156614782878,0.06978156614782878,0.06978156614782878,0.09938083024314077,0.0,0.0,1,1,14,False,False,"{""model_5"": 0, ""model_3"": 1, ""model_6"": 1, ""model_4"": 0}","{""model_5"": 0, ""model_3"": 1, ""model_6"": 1, ""model_4"": 0}","{""model_3"": 2.8071778957139393, ""model_4"": 0.3154539488061059, ""model_5"": 3.7551828405243675, ""model_6"": 1.2026006869566905}"
NEW,steady8s2,34,1787638928.56067,False,False,True,0.07166310729206861,0.07166310729206861,0.07166310729206861,0.0971763676954814,0.0,0.0,1,1,14,False,False,"{""model_5"": 0, ""model_3"": 1, ""model_6"": 1, ""model_4"": 0}","{""model_5"": 0, ""model_3"": 1, ""model_6"": 1, ""model_4"": 0}","{""model_3"": 2.61156276936031, ""model_4"": 0.370244386853089, ""model_5"": 3.81015019418639, ""model_6"": 1.0376599301846767}"
NEW,steady8s2,35,1787638933.5871725,False,False,True,0.0784358334823008,0.0784358334823008,0.0784358334823008,0.10454170962939606,0.0,0.0,1,1,14,False,False,"{""model_5"": 0, ""model_3"": 1, ""model_6"": 1, ""model_4"": 0}","{""model_5"": 0, ""model_3"": 1, ""model_6"": 1, ""model_4"": 0}","{""model_3"": 2.872943118606025, ""model_4"": 0.38596485867641117, ""model_5"": 4.189509826120226, ""model_6"": 1.0257330398056226}"
NEW,steady8s2,36,1787638938.6100924,False,False,True,0.07887873396475278,0.07887873396475278,0.07887873396475278,0.1109404039085273,0.0,0.0,1,1,14,False,False,"{""model_5"": 0, ""model_3"": 1, ""model_6"": 1, ""model_4"": 0}","{""model_5"": 0, ""model_3"": 1, ""model_6"": 1, ""model_4"": 0}","{""model_3"": 2.7290886957892657, ""model_4"": 0.3915331232688536, ""model_5"": 4.209777711350817, ""model_6"": 1.3246750164452856}"
NEW,steady8s2,37,1787638943.6466928,False,False,True,0.0821296049845899,0.0821296049845899,0.0821296049845899,0.11852900749434316,0.0,0.0,1,1,14,False,False,"{""model_5"": 0, ""model_3"": 1, ""model_6"": 1, ""model_4"": 0}","{""model_5"": 0, ""model_3"": 1, ""model_6"": 1, ""model_4"": 0}","{""model_3"": 2.7996714733395445, ""model_4"": 0.41626732155910706, ""model_5"": 4.374679772336883, ""model_6"": 1.5383434882500566}"
NEW,steady8s2,38,1787638948.6957302,False,False,True,0.09592618687483152,0.09586896178231809,0.09586896178231809,0.1365297606843412,-5.722509251343544e-05,-0.0005965533956656185,3,1,14,False,True,"{""model_5"": 0, ""model_3"": 1, ""model_6"": 1, ""model_4"": 1}","{""model_5"": 0, ""model_3"": 1, ""model_6"": 1, ""model_4"": 1}","{""model_3"": 3.1246883585353498, ""model_4"": 0.37667456654198683, ""model_5"": 5.215743952115228, ""model_6"": 1.5952778201493083}"
NEW,steady8s2,39,1787638953.7680619,False,False,True,0.09459763640154752,0.09459763640154752,0.09459763640154752,0.13575094578604488,0.0,0.0,1,1,14,False,False,"{""model_5"": 0, ""model_3"": 1, ""model_6"": 1, ""model_4"": 1}","{""model_5"": 0, ""model_3"": 1, ""model_6"": 1, ""model_4"": 1}","{""model_3"": 2.990581081189821, ""model_4"": 0.40614661722777967, ""model_5"": 5.142843234034517, ""model_6"": 1.629326018440402}"
NEW,steady8s2,40,1787638958.7979114,False,False,True,0.0946453292061335,0.0946453292061335,0.0946453292061335,0.1468778307073431,0.0,0.0,1,1,14,False,False,"{""model_5"": 0, ""model_3"": 1, ""model_6"": 1, ""model_4"": 1}","{""model_5"": 0, ""model_3"": 1, ""model_6"": 1, ""model_4"": 1}","{""model_3"": 2.8776486371093752, ""model_4"": 0.3349590723203124, ""model_5"": 5.5112730639853655, ""model_6"": 1.8159799671219718}"
NEW,steady8s2,41,1787638963.8289764,False,False,True,0.08922240728304516,0.08922240728304516,0.08922240728304516,0.14370588894299588,0.0,0.0,1,1,14,False,False,"{""model_5"": 0, ""model_3"": 1, ""model_6"": 1, ""model_4"": 1}","{""model_5"": 0, ""model_3"": 1, ""model_6"": 1, ""model_4"": 1}","{""model_3"": 2.587250923759656, ""model_4"": 0.37301382221976964, ""model_5"": 5.388816835942947, ""model_6"": 1.7801984284750227}"
NEW,steady8s2,42,1787638968.8583934,False,False,True,0.08387963711910393,0.08387963711910394,0.08387963711910394,0.13557310315184692,1.3877787807814457e-17,1.6544882982873247e-16,1,1,14,False,False,"{""model_5"": 0, ""model_3"": 1, ""model_6"": 1, ""model_4"": 1}","{""model_5"": 0, ""model_3"": 1, ""model_6"": 1, ""model_4"": 1}","{""model_3"": 2.431632704684519, ""model_4"": 0.4083305915151427, ""model_5"": 5.146663358999446, ""model_6"": 1.616633908001479}"
NEW,steady8s2,43,1787638973.891327,False,False,True,0.0845686845911568,0.0845686845911568,0.0845686845911568,0.11965553714142428,0.0,0.0,1,1,14,False,False,"{""model_5"": 0, ""model_3"": 1, ""model_6"": 1, ""model_4"": 1}","{""model_5"": 0, ""model_3"": 1, ""model_6"": 1, ""model_4"": 1}","{""model_3"": 2.75239221599634, ""model_4"": 0.48785515724160433, ""model_5"": 4.7162626129508745, ""model_6"": 1.2529595153035373}"
NEW,steady8s2,44,1787638978.9380603,False,False,True,0.07383126431429306,0.07383126431429306,0.07383126431429306,0.10057158942526791,0.0,0.0,1,1,14,False,False,"{""model_5"": 0, ""model_3"": 1, ""model_6"": 1, ""model_4"": 0}","{""model_5"": 0, ""model_3"": 1, ""model_6"": 1, ""model_4"": 0}","{""model_3"": 2.8530006830441987, ""model_4"": 0.6081419361871476, ""model_5"": 3.6987298827093182, ""model_6"": 1.3184567131894962}"
NEW,steady8s2,45,1787638984.76467,False,False,True,0.07938091346326573,0.07938091346326573,0.07938091346326573,0.10445404667825944,0.0,0.0,1,1,14,False,False,"{""model_5"": 0, ""model_3"": 1, ""model_6"": 1, ""model_4"": 0}","{""model_5"": 0, ""model_3"": 1, ""model_6"": 1, ""model_4"": 0}","{""model_3"": 3.359067994464214, ""model_4"": 0.564395075227523, ""model_5"": 3.8890994434615718, ""model_6"": 1.3217702054761284}"
NEW,steady8s2,46,1787638989.8012936,False,False,True,0.0798009010374141,0.0798009010374141,0.0798009010374141,0.09612487163950872,0.0,0.0,1,1,14,False,False,"{""model_5"": 0, ""model_3"": 1, ""model_6"": 1, ""model_4"": 0}","{""model_5"": 0, ""model_3"": 1, ""model_6"": 1, ""model_4"": 0}","{""model_3"": 3.4817475840158885, ""model_4"": 0.7461170172019663, ""model_5"": 3.571498498460739, ""model_6"": 1.2238559378992848}"
NEW,steady8s2,47,1787638994.8396473,False,False,True,0.08746042701771749,0.08746042701771749,0.08746042701771749,0.1008981452856391,0.0,0.0,1,1,14,False,False,"{""model_3"": 1, ""model_5"": 0, ""model_6"": 1, ""model_4"": 0}","{""model_3"": 1, ""model_5"": 0, ""model_6"": 1, ""model_4"": 0}","{""model_3"": 3.6690720349112307, ""model_4"": 0.752823526559276, ""model_5"": 3.545288196618038, ""model_6"": 1.4881891996432788}"
NEW,steady8s2,48,1787638999.874552,False,False,True,0.09076703330144527,0.09076703330144527,0.09076703330144527,0.09768438704600092,0.0,0.0,1,1,14,False,False,"{""model_3"": 1, ""model_5"": 0, ""model_6"": 1, ""model_4"": 0}","{""model_3"": 1, ""model_5"": 0, ""model_6"": 1, ""model_4"": 0}","{""model_3"": 4.006973077913836, ""model_4"": 0.7376877056593564, ""model_5"": 3.5278854051111432, ""model_6"": 1.3452681377188478}"
NEW,steady8s2,49,1787639004.9099424,False,False,True,0.08843936213449322,0.08843936213449322,0.08843936213449322,0.10887198114760686,0.0,0.0,1,1,14,False,False,"{""model_5"": 0, ""model_3"": 1, ""model_6"": 1, ""model_4"": 0}","{""model_5"": 0, ""model_3"": 1, ""model_6"": 1, ""model_4"": 0}","{""model_3"": 3.6857654219826457, ""model_4"": 0.5965125397162735, ""model_5"": 3.9020454225093837, ""model_6"": 1.5292204807565821}"
NEW,steady8s2,50,1787639009.9615736,False,False,True,0.07852429340968492,0.07852429340968492,0.07852429340968492,0.11134504670009499,0.0,0.0,1,1,14,False,False,"{""model_5"": 0, ""model_3"": 1, ""model_6"": 1, ""model_4"": 0}","{""model_5"": 0, ""model_3"": 1, ""model_6"": 1, ""model_4"": 0}","{""model_3"": 2.9783691403120764, ""model_4"": 0.5534739135926494, ""model_5"": 3.9026821100035383, ""model_6"": 1.6519569189297152}"
NEW,steady8s2,51,1787639015.0168514,False,False,True,0.08698800978075825,0.08698800978075825,0.08698800978075825,0.12304752229996355,0.0,0.0,1,1,14,False,False,"{""model_5"": 0, ""model_3"": 1, ""model_6"": 1, ""model_4"": 0}","{""model_5"": 0, ""model_3"": 1, ""model_6"": 1, ""model_4"": 0}","{""model_3"": 3.1828351228982004, ""model_4"": 0.6032192756617798, ""model_5"": 4.471137927701319, ""model_6"": 1.6672992101613153}"
NEW,steady8s2,52,1787639020.0548806,False,False,True,0.0833211506270264,0.0833211506270264,0.0833211506270264,0.12184767601926833,0.0,0.0,1,1,14,False,False,"{""model_5"": 0, ""model_3"": 1, ""model_6"": 1, ""model_4"": 0}","{""model_5"": 0, ""model_3"": 1, ""model_6"": 1, ""model_4"": 0}","{""model_3"": 3.1290577685741785, ""model_4"": 0.38759538268035376, ""model_5"": 4.294457148073392, ""model_6"": 1.7841235958409665}"
NEW,steady8s2,53,1787639025.09582,False,False,True,0.08293390862858138,0.08293390862858138,0.08293390862858138,0.12158025578235669,0.0,0.0,1,1,14,False,False,"{""model_5"": 0, ""model_3"": 1, ""model_6"": 1, ""model_4"": 0}","{""model_5"": 0, ""model_3"": 1, ""model_6"": 1, ""model_4"": 0}","{""model_3"": 3.093990452108723, ""model_4"": 0.3388039066015185, ""model_5"": 4.268883533724845, ""model_6"": 1.7963564920426442}"
NEW,steady8s2,54,1787639030.1381402,False,False,True,0.08064510568898606,0.08064510568898606,0.08064510568898606,0.12154325293318176,0.0,0.0,1,1,14,False,False,"{""model_5"": 0, ""model_3"": 1, ""model_6"": 1, ""model_4"": 0}","{""model_5"": 0, ""model_3"": 1, ""model_6"": 1, ""model_4"": 0}","{""model_3"": 2.9826265141960615, ""model_4"": 0.3162540127183251, ""model_5"": 4.290637023108465, ""model_6"": 1.7727570519292866}"
NEW,steady8s2,55,1787639035.218156,False,False,True,0.07674858388800723,0.07674858388800723,0.07674858388800723,0.1139536955629464,0.0,0.0,1,1,14,False,False,"{""model_5"": 0, ""model_3"": 1, ""model_6"": 1, ""model_4"": 0}","{""model_5"": 0, ""model_3"": 1, ""model_6"": 1, ""model_4"": 0}","{""model_3"": 2.821518523533678, ""model_4"": 0.376612568741858, ""model_5"": 3.980676328037488, ""model_6"": 1.7040996330343423}"
NEW,steady8s2,56,1787639040.2654655,False,False,True,0.08576611679841335,0.08576611679841335,0.08576611679841335,0.11394756254435585,0.0,0.0,1,1,14,False,False,"{""model_5"": 0, ""model_3"": 1, ""model_6"": 1, ""model_4"": 0}","{""model_5"": 0, ""model_3"": 1, ""model_6"": 1, ""model_4"": 0}","{""model_3"": 3.0982478259927078, ""model_4"": 0.4311567778870913, ""model_5"": 3.7253646428814573, ""model_6"": 1.9591053620168575}"
NEW,steady8s2,57,1787639045.318727,False,False,True,0.08539950416890253,0.08539950416890253,0.08539950416890253,0.10198971022323351,0.0,0.0,1,1,14,False,False,"{""model_5"": 0, ""model_3"": 1, ""model_6"": 1, ""model_4"": 0}","{""model_5"": 0, ""model_3"": 1, ""model_6"": 1, ""model_4"": 0}","{""model_3"": 3.1864202798531354, ""model_4"": 0.3835033887287995, ""model_5"": 3.238617053600194, ""model_6"": 1.8493149357002556}"
NEW,steady8s2,58,1787639050.3958764,False,False,True,0.08425646977392434,0.08425646977392434,0.08425646977392434,0.09555547361230185,0.0,0.0,1,1,14,False,False,"{""model_3"": 1, ""model_5"": 0, ""model_6"": 1, ""model_4"": 0}","{""model_3"": 1, ""model_5"": 0, ""model_6"": 1, ""model_4"": 0}","{""model_3"": 3.276161239881346, ""model_4"": 0.40282302426350225, ""model_5"": 3.0747761384377217, ""model_6"": 1.6921728986822278}"
NEW,steady8s2,59,1787639055.4370189,False,False,True,0.08483945178267355,0.08483945178267355,0.08483945178267355,0.09367265676643859,0.0,0.0,1,1,14,False,False,"{""model_3"": 1, ""model_5"": 0, ""model_6"": 1, ""model_4"": 0}","{""model_3"": 1, ""model_5"": 0, ""model_6"": 1, ""model_4"": 0}","{""model_3"": 3.4008574802201723, ""model_4"": 0.36193786603508116, ""model_5"": 3.0711682426375106, ""model_6"": 1.6018532400350953}"
NEW,steady8s2,60,1787639060.500512,False,True,True,0.08772134026241685,0.08584395819615336,0.08584395819615336,0.08772134026241685,-0.0018773820662634916,-0.021401657346403237,3,1,14,False,True,"{""model_3"": 1, ""model_5"": 0, ""model_6"": 0, ""model_4"": 1}","{""model_3"": 1, ""model_5"": 0, ""model_6"": 0, ""model_4"": 1}","{""model_3"": 3.4190071294290365, ""model_4"": 0.3889787459274736, ""model_5"": 2.73319371357471, ""model_6"": 1.6429361164695298}"
NEW,steady8s2,61,1787639065.566757,False,True,True,0.06972422930317256,0.06972422930317256,0.07419408649137343,0.06972422930317256,0.004469857188200879,0.06410766003257198,1,3,14,True,False,"{""model_3"": 1, ""model_5"": 0, ""model_6"": 0, ""model_4"": 1}","{""model_3"": 1, ""model_5"": 0, ""model_6"": 0, ""model_4"": 1}","{""model_3"": 3.5155825027780834, ""model_4"": 0.8594051246849153, ""model_5"": 2.6189078926229623, ""model_6"": 0.8594051246849155}"
NEW,steady8s2,62,1787639070.615632,False,False,True,0.08008850580161071,0.08008850580161071,0.08008850580161071,0.09083824110136982,0.0,0.0,1,1,14,False,False,"{""model_3"": 1, ""model_5"": 0, ""model_6"": 1, ""model_4"": 0}","{""model_3"": 1, ""model_5"": 0, ""model_6"": 1, ""model_4"": 0}","{""model_3"": 3.4861169940547154, ""model_4"": 0.2569111656483303, ""model_5"": 3.2951761259976027, ""model_6"": 1.2364456595711228}"
NEW,steady8s2,63,1787639075.6998546,False,False,True,0.08158339577255137,0.08158339577255137,0.08158339577255137,0.10718495266193116,0.0,0.0,1,1,14,False,False,"{""model_5"": 0, ""model_3"": 1, ""model_6"": 1, ""model_4"": 0}","{""model_5"": 0, ""model_3"": 1, ""model_6"": 1, ""model_4"": 0}","{""model_3"": 3.5779866410249177, ""model_4"": 0.24657454784792088, ""model_5"": 4.114380701809972, ""model_6"": 1.2327248858678526}"
NEW,steady8s2,64,1787639080.7510302,False,False,True,0.0798780068396731,0.0798780068396731,0.0798780068396731,0.11442479787494272,0.0,0.0,1,1,14,False,False,"{""model_5"": 0, ""model_3"": 1, ""model_6"": 1, ""model_4"": 0}","{""model_5"": 0, ""model_3"": 1, ""model_6"": 1, ""model_4"": 0}","{""model_3"": 3.354586548270545, ""model_4"": 0.25038922109761486, ""model_5"": 4.352714053788545, ""model_6"": 1.3555636558243198}"
NEW,steady8s2,65,1787639085.8022585,False,False,True,0.08346095511207365,0.08346095511207365,0.08346095511207365,0.1200159730528761,0.0,0.0,1,1,14,False,False,"{""model_5"": 0, ""model_3"": 1, ""model_6"": 1, ""model_4"": 0}","{""model_5"": 0, ""model_3"": 1, ""model_6"": 1, ""model_4"": 0}","{""model_3"": 3.3084276524757597, ""model_4"": 0.24466712513183841, ""model_5"": 4.623942926298443, ""model_6"": 1.363260166897966}"
NEW,steady8s2,66,1787639090.8542602,False,False,True,0.0964056188395351,0.09499081191745834,0.09499081191745834,0.13625746271113381,-0.0014148069220767667,-0.014675564962989135,3,1,14,False,True,"{""model_5"": 0, ""model_3"": 1, ""model_6"": 1, ""model_4"": 1}","{""model_5"": 0, ""model_3"": 1, ""model_6"": 1, ""model_4"": 1}","{""model_3"": 3.387301105484324, ""model_4"": 0.23928354517075, ""model_5"": 5.301908992990829, ""model_6"": 1.495528726868116}"
NEW,steady8s2,67,1787639095.950215,False,False,True,0.0898565349823707,0.0898565349823707,0.0898565349823707,0.1309628008393972,0.0,0.0,1,1,14,False,False,"{""model_5"": 0, ""model_3"": 1, ""model_6"": 1, ""model_4"": 0}","{""model_5"": 0, ""model_3"": 1, ""model_6"": 1, ""model_4"": 0}","{""model_3"": 3.7262104738805046, ""model_4"": 0.25614233102586104, ""model_5"": 4.960962839870993, ""model_6"": 1.5723415723162806}"
NEW,steady8s2,68,1787639101.8179371,False,False,True,0.09824665715921627,0.09824665715921627,0.09824665715921627,0.13398504551576723,0.0,0.0,1,1,14,False,False,"{""model_5"": 0, ""model_3"": 1, ""model_6"": 1, ""model_4"": 0}","{""model_5"": 0, ""model_3"": 1, ""model_6"": 1, ""model_4"": 0}","{""model_3"": 4.120689775078174, ""model_4"": 0.28238328806799085, ""model_5"": 5.011473381073932, ""model_6"": 1.6726009012770966}"
NEW,steady8s2,69,1787639107.4940438,False,False,True,0.09864761836539154,0.09864761836539154,0.09864761836539154,0.12022243352849137,0.0,0.0,1,1,14,False,False,"{""model_5"": 0, ""model_3"": 1, ""model_6"": 1, ""model_4"": 0}","{""model_5"": 0, ""model_3"": 1, ""model_6"": 1, ""model_4"": 0}","{""model_3"": 4.128532305917093, ""model_4"": 0.2925658551273287, ""model_5"": 4.30910096043895, ""model_6"": 1.6884017684374688}"
NEW,steady8s2,70,1787639112.5590246,False,False,True,0.10227310501208767,0.10227310501208767,0.10227310501208767,0.121117336970302,0.0,0.0,1,1,14,False,False,"{""model_5"": 0, ""model_3"": 1, ""model_6"": 1, ""model_4"": 0}","{""model_5"": 0, ""model_3"": 1, ""model_6"": 1, ""model_4"": 0}","{""model_3"": 4.148474741478918, ""model_4"": 0.24208232023559195, ""model_5"": 4.159903857642033, ""model_6"": 1.8822426675443997}"
NEW,steady8s2,71,1787639117.6356988,False,False,True,0.10484060749821793,0.10484060749821793,0.10484060749821793,0.12351867098912167,0.0,0.0,1,1,14,False,False,"{""model_3"": 1, ""model_5"": 0, ""model_6"": 1, ""model_4"": 0}","{""model_3"": 1, ""model_5"": 0, ""model_6"": 1, ""model_4"": 0}","{""model_3"": 4.166176453943909, ""model_4"": 0.35166314919436603, ""model_5"": 4.146002847352988, ""model_6"": 2.015938352655109}"
NEW,steady8s2,72,1787639122.6928868,False,True,True,0.11558149597421526,0.11291910387398119,0.11291910387398119,0.11558149597421526,-0.0026623921002340706,-0.0230347606923864,3,1,14,False,True,"{""model_3"": 1, ""model_5"": 0, ""model_6"": 0, ""model_4"": 1}","{""model_3"": 1, ""model_5"": 0, ""model_6"": 0, ""model_4"": 1}","{""model_3"": 4.729493981191151, ""model_4"": 0.332465870488436, ""model_5"": 3.8369977021170105, ""model_6"": 1.9289838802529227}"
NEW,steady8s2,73,1787639127.767333,False,False,True,0.09417541063732994,0.09417541063732994,0.09417541063732994,0.11277572271906092,0.0,0.0,1,1,14,False,False,"{""model_5"": 0, ""model_3"": 1, ""model_6"": 1, ""model_4"": 0}","{""model_5"": 0, ""model_3"": 1, ""model_6"": 1, ""model_4"": 0}","{""model_3"": 3.690246868176315, ""model_4"": 0.3352351074442308, ""model_5"": 3.7630353196189428, ""model_6"": 1.8629754414948345}"
NEW,steady8s2,74,1787639132.8236778,False,False,True,0.09152952855448605,0.09152952855448605,0.09152952855448605,0.11904452814232358,0.0,0.0,1,1,14,False,False,"{""model_5"": 0, ""model_3"": 1, ""model_6"": 1, ""model_4"": 0}","{""model_5"": 0, ""model_3"": 1, ""model_6"": 1, ""model_4"": 0}","{""model_3"": 3.6653748418014547, ""model_4"": 0.38374986808926614, ""model_5"": 4.20691261762712, ""model_6"": 1.731828276535437}"
NEW,steady8s2,75,1787639137.909771,False,False,True,0.09163788237126984,0.09163788237126984,0.09163788237126984,0.11816673206373662,0.0,0.0,1,1,14,False,False,"{""model_5"": 0, ""model_3"": 1, ""model_6"": 1, ""model_4"": 0}","{""model_5"": 0, ""model_3"": 1, ""model_6"": 1, ""model_4"": 0}","{""model_3"": 3.7374140893646755, ""model_4"": 0.4151597674172276, ""model_5"": 4.2287722215931005, ""model_6"": 1.666178306477136}"
NEW,steady8s2,76,1787639142.9634154,False,False,True,0.09136762691471983,0.09136762691471983,0.09136762691471983,0.1142443925842039,0.0,0.0,1,1,14,False,False,"{""model_5"": 0, ""model_3"": 1, ""model_6"": 1, ""model_4"": 0}","{""model_5"": 0, ""model_3"": 1, ""model_6"": 1, ""model_4"": 0}","{""model_3"": 3.821329169341118, ""model_4"": 0.4596134944180785, ""model_5"": 4.132950753722817, ""model_6"": 1.566327127889949}"
NEW,steady8s2,77,1787639148.0213919,False,False,True,0.08355603833066381,0.08355603833066381,0.08355603833066381,0.1054171122323333,0.0,0.0,1,1,14,False,False,"{""model_5"": 0, ""model_3"": 1, ""model_6"": 1, ""model_4"": 0}","{""model_5"": 0, ""model_3"": 1, ""model_6"": 1, ""model_4"": 0}","{""model_3"": 3.502250200351922, ""model_4"": 0.37568959745856456, ""model_5"": 3.8341320897995503, ""model_6"": 1.4247817395720457}"
NEW,steady8s2,78,1787639153.0989983,False,False,True,0.08509226485001856,0.08509226485001856,0.08509226485001856,0.10782191620593974,0.0,0.0,1,1,14,False,False,"{""model_5"": 0, ""model_3"": 1, ""model_6"": 1, ""model_4"": 0}","{""model_5"": 0, ""model_3"": 1, ""model_6"": 1, ""model_4"": 0}","{""model_3"": 3.4542987260796685, ""model_4"": 0.35664676714474974, ""model_5"": 3.815562037886705, ""model_6"": 1.563319570965078}"
NEW,steady8s2,79,1787639158.1598961,False,False,True,0.08614976122520826,0.08614976122520826,0.08614976122520826,0.10364169569592575,0.0,0.0,1,1,14,False,False,"{""model_5"": 0, ""model_3"": 1, ""model_6"": 1, ""model_4"": 0}","{""model_5"": 0, ""model_3"": 1, ""model_6"": 1, ""model_4"": 0}","{""model_3"": 3.512221418132833, ""model_4"": 0.33505046327354493, ""model_5"": 3.6025900710919605, ""model_6"": 1.567754052863773}"
NEW,steady8s2,80,1787639163.2402213,False,True,True,0.09637854748018358,0.09131784677312119,0.09131784677312119,0.09637854748018358,-0.005060700707062396,-0.05250858037783697,3,1,14,False,True,"{""model_3"": 1, ""model_5"": 0, ""model_6"": 0, ""model_4"": 1}","{""model_3"": 1, ""model_5"": 0, ""model_6"": 0, ""model_4"": 1}","{""model_3"": 3.751978552325189, ""model_4"": 0.27084567101281465, ""model_5"": 3.175267122269617, ""model_6"": 1.6327423694078225}"
NEW,steady8s2,81,1787639168.3205254,False,False,True,0.08808162841756782,0.08808162841756782,0.08808162841756782,0.10245483672509081,0.0,0.0,1,1,14,False,False,"{""model_3"": 1, ""model_5"": 0, ""model_6"": 1, ""model_4"": 0}","{""model_3"": 1, ""model_5"": 0, ""model_6"": 1, ""model_4"": 0}","{""model_3"": 3.481075367086836, ""model_4"": 0.28312219107209025, ""model_5"": 3.398319500050663, ""model_6"": 1.7128161242311135}"
NEW,steady8s2,82,1787639173.3947484,False,False,True,0.09154250906664807,0.09154250906664807,0.09154250906664807,0.10350796063026022,0.0,0.0,1,1,14,False,False,"{""model_3"": 1, ""model_5"": 0, ""model_6"": 1, ""model_4"": 0}","{""model_3"": 1, ""model_5"": 0, ""model_6"": 1, ""model_4"": 0}","{""model_3"": 3.7683360681009894, ""model_4"": 0.27158583534535596, ""model_5"": 3.5340400508879717, ""model_6"": 1.6296324694598932}"
NEW,steady8s2,83,1787639178.502391,False,False,True,0.09246816205587727,0.09246816205587727,0.09246816205587727,0.11521214344033007,0.0,0.0,1,1,14,False,False,"{""model_5"": 0, ""model_3"": 1, ""model_6"": 1, ""model_4"": 0}","{""model_5"": 0, ""model_3"": 1, ""model_6"": 1, ""model_4"": 0}","{""model_3"": 3.764302766526685, ""model_4"": 0.27158586016834496, ""model_5"": 4.059307233565592, ""model_6"": 1.6882485628268116}"
NEW,steady8s2,84,1787639183.5728471,False,False,True,0.0891328461223998,0.0891328461223998,0.0891328461223998,0.1125909172811643,0.0,0.0,1,1,14,False,False,"{""model_5"": 0, ""model_3"": 1, ""model_6"": 1, ""model_4"": 0}","{""model_5"": 0, ""model_3"": 1, ""model_6"": 1, ""model_4"": 0}","{""model_3"": 3.715903147635067, ""model_4"": 0.2714319514122565, ""model_5"": 4.076816139654844, ""model_6"": 1.5399752845551138}"
NEW,steady8s2,85,1787639188.6368346,False,False,True,0.08058425970994051,0.08058425970994051,0.08058425970994051,0.0987765024273283,0.0,0.0,1,1,14,False,False,"{""model_5"": 0, ""model_3"": 1, ""model_6"": 1, ""model_4"": 0}","{""model_5"": 0, ""model_3"": 1, ""model_6"": 1, ""model_4"": 0}","{""model_3"": 3.3285941603472677, ""model_4"": 0.24838958895739327, ""model_5"": 3.504434082409778, ""model_6"": 1.423201513291041}"
NEW,steady8s2,86,1787639193.7207057,False,False,True,0.06776001740810979,0.06776001740810979,0.06776001740810979,0.08253968577413574,0.0,0.0,1,1,14,False,False,"{""model_5"": 0, ""model_3"": 1, ""model_6"": 1, ""model_4"": 0}","{""model_5"": 0, ""model_3"": 1, ""model_6"": 1, ""model_4"": 0}","{""model_3"": 2.83866005522446, ""model_4"": 0.2207632962916828, ""model_5"": 2.960702962401672, ""model_6"": 1.1569311275260132}"
NEW,steady10s1,1,1787639371.264318,False,True,True,0.0007494570406483163,0.0007494570406483163,0.0009370449879927236,0.0007494570406483163,0.00018758794734440726,0.25029846564939157,1,5,14,True,False,"{""model_3"": 1, ""model_5"": 0, ""model_6"": 0, ""model_4"": 0}","{""model_3"": 1, ""model_5"": 0, ""model_6"": 0, ""model_4"": 0}","{""model_3"": 0.05489772822748917, ""model_4"": 0.00021535958886120094, ""model_5"": 0.0007427897214635638, ""model_6"": 0.0003568132422145751}"
NEW,steady10s1,2,1787639377.2571433,True,False,False,0.010209708720110816,0.010209708720110816,0.010209708720110816,0.012101594687234941,0.0,0.0,1,1,14,False,False,"{""model_6"": 0, ""model_3"": 1, ""model_5"": 1, ""model_4"": 0}","{""model_6"": 0, ""model_3"": 1, ""model_4"": 1, ""model_5"": 0}","{""model_3"": 0.2653016146651742, ""model_4"": 0.2074641889318714, ""model_5"": 0.2074641889318713, ""model_6"": 0.39624466165671246}"
NEW,steady10s1,3,1787639382.2626884,False,False,True,0.02062111631961393,0.02062111631961393,0.02062111631961393,0.024112868260821763,0.0,0.0,1,1,14,False,False,"{""model_3"": 1, ""model_5"": 0, ""model_6"": 1, ""model_4"": 0}","{""model_3"": 1, ""model_5"": 0, ""model_6"": 1, ""model_4"": 0}","{""model_3"": 0.752210743607255, ""model_4"": 0.45289400906919053, ""model_5"": 0.7500178681142261, ""model_6"": 0.45289400906919064}"
NEW,steady10s1,4,1787639387.3007658,False,False,True,0.031221352334632028,0.031221352334632028,0.031221352334632028,0.03565492304305178,0.0,0.0,1,1,14,False,False,"{""model_3"": 1, ""model_5"": 0, ""model_6"": 1, ""model_4"": 0}","{""model_3"": 1, ""model_5"": 0, ""model_6"": 1, ""model_4"": 0}","{""model_3"": 1.1428808155403052, ""model_4"": 0.6981423257387486, ""model_5"": 1.0805647921628696, ""model_6"": 0.6981423257387487}"
NEW,steady10s1,5,1787639392.355554,False,False,True,0.05046737211019696,0.05046737211019696,0.05046737211019696,0.0590129591580633,0.0,0.0,1,1,14,False,False,"{""model_5"": 0, ""model_3"": 1, ""model_6"": 1, ""model_4"": 0}","{""model_5"": 0, ""model_3"": 1, ""model_6"": 1, ""model_4"": 0}","{""model_3"": 1.67393218949002, ""model_4"": 1.0099185180463066, ""model_5"": 1.9340443780772336, ""model_6"": 1.009918518046307}"
NEW,steady10s1,6,1787639397.3654234,False,False,False,0.06582256384786858,0.06582256384786858,0.06582256384786858,0.07696822936513549,0.0,0.0,1,1,14,False,False,"{""model_5"": 0, ""model_3"": 1, ""model_6"": 1, ""model_4"": 0}","{""model_5"": 0, ""model_3"": 1, ""model_4"": 1, ""model_6"": 0}","{""model_3"": 2.165210728470928, ""model_4"": 1.271295059603982, ""model_5"": 2.5683973514200233, ""model_6"": 1.271295059603982}"
NEW,steady10s1,7,1787639402.394636,False,False,False,0.08225220537033105,0.08225220537033105,0.08225220537033105,0.09617988480916442,0.0,0.0,1,1,14,False,False,"{""model_5"": 0, ""model_3"": 1, ""model_6"": 1, ""model_4"": 0}","{""model_5"": 0, ""model_3"": 1, ""model_4"": 1, ""model_6"": 0}","{""model_3"": 2.7390599135701774, ""model_4"": 1.5289208095625633, ""model_5"": 3.26917805331962, ""model_6"": 1.528920809562563}"
NEW,steady10s1,8,1787639411.0426714,False,False,True,0.09222221757364726,0.09222221757364726,0.09222221757364726,0.10754545347590223,0.0,0.0,1,1,14,False,False,"{""model_3"": 1, ""model_5"": 0, ""model_6"": 1, ""model_4"": 0}","{""model_3"": 1, ""model_5"": 0, ""model_6"": 1, ""model_4"": 0}","{""model_3"": 3.3097720863338598, ""model_4"": 0.8185349930751307, ""model_5"": 3.2368131057000906, ""model_6"": 2.128276684693454}"
NEW,steady10s1,9,1787639416.0881789,False,False,True,0.09636486719534008,0.09636486719534008,0.09636486719534008,0.11074475981135895,0.0,0.0,1,1,14,False,False,"{""model_3"": 1, ""model_5"": 0, ""model_6"": 1, ""model_4"": 0}","{""model_3"": 1, ""model_5"": 0, ""model_6"": 1, ""model_4"": 0}","{""model_3"": 3.520512093591121, ""model_4"": 0.9447283543917431, ""model_5"": 3.3628772295427187, ""model_6"": 2.161815456202848}"
NEW,steady10s1,10,1787639421.1028996,False,False,True,0.0959896791285985,0.0959896791285985,0.0959896791285985,0.1065679178090665,0.0,0.0,1,1,14,False,False,"{""model_3"": 1, ""model_5"": 0, ""model_6"": 1, ""model_4"": 0}","{""model_3"": 1, ""model_5"": 0, ""model_6"": 1, ""model_4"": 0}","{""model_3"": 3.581011617205646, ""model_4"": 0.8964598256373233, ""model_5"": 3.2371314494471672, ""model_6"": 2.0791922940668495}"
NEW,steady10s1,11,1787639426.118328,False,True,True,0.10805413448474024,0.10035586792052845,0.10035586792052845,0.10805413448474024,-0.0076982665642117976,-0.07124453498166673,3,1,14,False,True,"{""model_3"": 1, ""model_5"": 0, ""model_6"": 0, ""model_4"": 1}","{""model_3"": 1, ""model_5"": 0, ""model_6"": 0, ""model_4"": 1}","{""model_3"": 3.630307214889604, ""model_4"": 1.0364039080841354, ""model_5"": 3.1031093528203866, ""model_6"": 2.287356863994526}"
NEW,steady10s1,12,1787639431.1332054,False,True,True,0.1129155402062958,0.10554603595800817,0.10554603595800817,0.1129155402062958,-0.0073695042482876255,-0.06526563336475741,3,1,14,False,True,"{""model_3"": 1, ""model_5"": 0, ""model_6"": 0, ""model_4"": 1}","{""model_3"": 1, ""model_5"": 0, ""model_6"": 0, ""model_4"": 1}","{""model_3"": 3.7340526782006886, ""model_4"": 0.9841053459848563, ""model_5"": 3.1433268116791697, ""model_6"": 2.4896589850966255}"
NEW,steady10s1,13,1787639436.16561,False,False,True,0.10845543524739507,0.10845543524739507,0.10845543524739507,0.12302490088713704,0.0,0.0,1,1,14,False,False,"{""model_3"": 1, ""model_5"": 0, ""model_6"": 1, ""model_4"": 0}","{""model_3"": 1, ""model_5"": 0, ""model_6"": 1, ""model_4"": 0}","{""model_3"": 3.6740016257242654, ""model_4"": 1.008778710648559, ""model_5"": 3.4160406353046358, ""model_6"": 2.7212679944985947}"
NEW,steady10s1,14,1787639441.1835206,False,False,True,0.10691753391842211,0.10691753391842211,0.10691753391842211,0.12855882634595237,0.0,0.0,1,1,14,False,False,"{""model_5"": 0, ""model_3"": 1, ""model_6"": 1, ""model_4"": 0}","{""model_5"": 0, ""model_3"": 1, ""model_6"": 1, ""model_4"": 0}","{""model_3"": 3.452730219911885, ""model_4"": 0.9377142721667253, ""model_5"": 3.5615237277189826, ""model_6"": 2.851854285031634}"
NEW,steady10s1,15,1787639446.2007756,False,False,True,0.10657647026400804,0.10657647026400804,0.10657647026400804,0.12589324553362488,0.0,0.0,1,1,14,False,False,"{""model_3"": 1, ""model_5"": 0, ""model_6"": 1, ""model_4"": 0}","{""model_3"": 1, ""model_5"": 0, ""model_6"": 1, ""model_4"": 0}","{""model_3"": 3.3816992977422387, ""model_4"": 0.8840312836513857, ""model_5"": 3.3776271564906364, ""model_6"": 2.902773775970002}"
NEW,steady10s1,16,1787639451.2203612,False,False,True,0.10110653841215059,0.10110653841215059,0.10110653841215059,0.11928656558556502,0.0,0.0,1,1,14,False,False,"{""model_3"": 1, ""model_5"": 0, ""model_6"": 1, ""model_4"": 0}","{""model_3"": 1, ""model_5"": 0, ""model_6"": 1, ""model_4"": 0}","{""model_3"": 3.1655815550525768, ""model_4"": 0.8983363890328862, ""model_5"": 3.154468189789419, ""model_6"": 2.7963471582310926}"
NEW,steady10s1,17,1787639456.2400613,False,True,True,0.10704548029286327,0.10032844816675174,0.10032844816675174,0.10704548029286327,-0.006717032126111536,-0.06274932960956933,5,1,14,False,True,"{""model_3"": 1, ""model_5"": 0, ""model_6"": 0, ""model_4"": 1}","{""model_3"": 1, ""model_5"": 0, ""model_6"": 0, ""model_4"": 1}","{""model_3"": 3.383267484572291, ""model_4"": 0.7548837849717311, ""model_5"": 2.807368029568212, ""model_6"": 2.5327797392605254}"
NEW,steady10s1,18,1787639461.612478,False,False,True,0.09182198941377478,0.09182198941377478,0.09182198941377478,0.10042418810724374,0.0,0.0,1,1,14,False,False,"{""model_3"": 1, ""model_5"": 0, ""model_6"": 1, ""model_4"": 0}","{""model_3"": 1, ""model_5"": 0, ""model_6"": 1, ""model_4"": 0}","{""model_3"": 3.2645094797778067, ""model_4"": 0.8623750633466947, ""model_5"": 2.8598941091605123, ""model_6"": 2.1499391186426515}"
NEW,steady10s1,19,1787639466.63636,False,True,True,0.08061347192745578,0.07798006740918956,0.07798006740918956,0.08061347192745578,-0.0026334045182662275,-0.03266705248269214,3,1,14,False,True,"{""model_3"": 1, ""model_5"": 0, ""model_6"": 0, ""model_4"": 1}","{""model_3"": 1, ""model_5"": 0, ""model_6"": 0, ""model_4"": 1}","{""model_3"": 3.069006389579019, ""model_4"": 1.5292284056374683, ""model_5"": 2.492313195868538, ""model_6"": 1.5292284056374688}"
NEW,steady10s1,20,1787639471.6635592,False,True,True,0.08697166092379695,0.08113839879548944,0.08113839879548944,0.08697166092379695,-0.005833262128307509,-0.06707083740091513,3,1,14,False,True,"{""model_3"": 1, ""model_5"": 0, ""model_6"": 0, ""model_4"": 1}","{""model_3"": 1, ""model_5"": 0, ""model_6"": 0, ""model_4"": 1}","{""model_3"": 3.2897176146171927, ""model_4"": 1.494753865919177, ""model_5"": 2.8439769218066457, ""model_6"": 1.4947538659191777}"
NEW,steady10s1,21,1787639476.7006242,False,False,True,0.08898581853896273,0.08898581853896273,0.08898581853896273,0.10382025803844067,0.0,0.0,1,1,14,False,False,"{""model_3"": 1, ""model_5"": 0, ""model_6"": 1, ""model_4"": 0}","{""model_3"": 1, ""model_5"": 0, ""model_6"": 1, ""model_4"": 0}","{""model_3"": 3.1207670931158917, ""model_4"": 0.7860806076368569, ""model_5"": 3.0528104198893837, ""model_6"": 2.1264415934267324}"
NEW,steady10s1,22,1787639481.7255425,False,True,True,0.08802524164828796,0.0840336063329132,0.0840336063329132,0.08802524164828796,-0.003991635315374761,-0.045346485174373806,3,1,14,False,True,"{""model_3"": 1, ""model_5"": 0, ""model_6"": 0, ""model_4"": 1}","{""model_3"": 1, ""model_5"": 0, ""model_6"": 0, ""model_4"": 1}","{""model_3"": 3.477490210131903, ""model_4"": 1.4777023851747026, ""model_5"": 2.913588087834224, ""model_6"": 1.4777023851747033}"
NEW,steady10s1,23,1787639486.7560291,False,False,True,0.09338356779920183,0.09338356779920183,0.09338356779920183,0.11847243176636614,0.0,0.0,1,1,14,False,False,"{""model_5"": 0, ""model_3"": 1, ""model_6"": 1, ""model_4"": 0}","{""model_5"": 0, ""model_3"": 1, ""model_6"": 1, ""model_4"": 0}","{""model_3"": 3.139813239438983, ""model_4"": 0.7727292091308411, ""model_5"": 3.5434842487179323, ""model_6"": 2.3667166344393413}"
NEW,steady10s1,24,1787639491.7857218,False,False,True,0.09659786382499602,0.09659786382499602,0.09659786382499602,0.11988091607825152,0.0,0.0,1,1,14,False,False,"{""model_5"": 0, ""model_3"": 1, ""model_6"": 1, ""model_4"": 0}","{""model_5"": 0, ""model_3"": 1, ""model_6"": 1, ""model_4"": 0}","{""model_3"": 3.0614999672046266, ""model_4"": 0.7488549139964538, ""model_5"": 3.345898896365261, ""model_6"": 2.634566647522825}"
NEW,steady10s1,25,1787639496.8274844,False,False,True,0.10725483877399507,0.10725483877399507,0.10725483877399507,0.11848753902155128,0.0,0.0,1,1,14,False,False,"{""model_3"": 1, ""model_5"": 0, ""model_6"": 1, ""model_4"": 0}","{""model_3"": 1, ""model_5"": 0, ""model_6"": 1, ""model_4"": 0}","{""model_3"": 3.6016262696965198, ""model_4"": 0.7535924868602182, ""model_5"": 3.188106512397258, ""model_6"": 2.7228480221505214}"
NEW,steady10s1,26,1787639501.8593543,False,True,True,0.11449619268559491,0.11217456663054215,0.11217456663054215,0.11449619268559491,-0.002321626055052761,-0.020276884327742817,3,1,14,False,True,"{""model_3"": 1, ""model_6"": 0, ""model_5"": 0, ""model_4"": 1}","{""model_3"": 1, ""model_6"": 0, ""model_5"": 0, ""model_4"": 1}","{""model_3"": 3.7861508650754723, ""model_4"": 0.7976100731687561, ""model_5"": 2.7390349121851463, ""model_6"": 2.9728044502669335}"
NEW,steady10s1,27,1787639506.8906896,False,True,True,0.11769266373222452,0.11769266373222452,0.12718491037069046,0.11769266373222452,0.009492246638465943,0.08065283202411659,1,3,14,True,False,"{""model_3"": 1, ""model_6"": 0, ""model_5"": 0, ""model_4"": 1}","{""model_3"": 1, ""model_6"": 0, ""model_5"": 0, ""model_4"": 1}","{""model_3"": 4.732520478275068, ""model_4"": 0.8548615991273834, ""model_5"": 2.6658158216668744, ""model_6"": 3.2054849928809364}"
NEW,steady10s1,28,1787639511.923491,False,True,True,0.12211908187263033,0.12211908187263033,0.13314367570917213,0.12211908187263033,0.011024593836541793,0.0902774051973335,1,3,14,True,False,"{""model_3"": 1, ""model_6"": 0, ""model_5"": 0, ""model_4"": 1}","{""model_3"": 1, ""model_6"": 0, ""model_5"": 0, ""model_4"": 1}","{""model_3"": 4.771621095918478, ""model_4"": 0.8231747136279473, ""model_5"": 2.9733361182344, ""model_6"": 3.1187841731537334}"
NEW,steady10s1,29,1787639516.9842134,False,True,True,0.11406244099483673,0.11406244099483673,0.12619484950414833,0.11406244099483673,0.012132408509311604,0.10636637620144218,1,3,14,True,False,"{""model_3"": 1, ""model_6"": 0, ""model_5"": 0, ""model_4"": 1}","{""model_3"": 1, ""model_6"": 0, ""model_5"": 0, ""model_4"": 1}","{""model_3"": 4.678855132337597, ""model_4"": 0.9119287174428057, ""model_5"": 2.661889404346094, ""model_6"": 3.028311509501796}"
NEW,steady10s1,30,1787639525.8942978,True,True,True,0.114936984590107,0.114936984590107,0.12661468492389563,0.114936984590107,0.011677700333788635,0.10160089352817224,1,3,14,True,False,"{""model_3"": 1, ""model_5"": 0, ""model_6"": 0, ""model_4"": 1}","{""model_3"": 1, ""model_5"": 0, ""model_6"": 0, ""model_4"": 1}","{""model_3"": 4.848924781549298, ""model_4"": 0.9946003427679371, ""model_5"": 3.1166913984695723, ""model_6"": 2.6171376257501797}"
NEW,steady10s1,31,1787639530.9283183,False,True,True,0.11242560221255711,0.11242560221255711,0.11763817736095479,0.11242560221255711,0.00521257514839768,0.04636466290429596,1,3,14,True,False,"{""model_3"": 1, ""model_5"": 0, ""model_6"": 0, ""model_4"": 1}","{""model_3"": 1, ""model_5"": 0, ""model_6"": 0, ""model_4"": 1}","{""model_3"": 4.522675498650233, ""model_4"": 1.070217907834225, ""model_5"": 3.194473387338803, ""model_6"": 2.4140710105384113}"
NEW,steady10s1,32,1787639535.9645905,False,True,True,0.10921453216387637,0.10216012177170608,0.10216012177170608,0.10921453216387637,-0.007054410392170293,-0.06459223193471317,3,1,14,False,True,"{""model_3"": 1, ""model_5"": 0, ""model_6"": 0, ""model_4"": 1}","{""model_3"": 1, ""model_5"": 0, ""model_6"": 0, ""model_4"": 1}","{""model_3"": 3.9376226980668134, ""model_4"": 1.1222087812886539, ""model_5"": 3.3619221983014858, ""model_6"": 2.0864324511706442}"
NEW,steady10s1,33,1787639541.0046153,False,True,True,0.10583951392398934,0.09845501371649042,0.09845501371649042,0.10583951392398934,-0.007384500207498923,-0.06977073054967205,3,1,14,False,True,"{""model_3"": 1, ""model_5"": 0, ""model_6"": 0, ""model_4"": 1}","{""model_3"": 1, ""model_5"": 0, ""model_6"": 0, ""model_4"": 1}","{""model_3"": 3.485444777125663, ""model_4"": 1.1346372844540937, ""model_5"": 2.9598540457427984, ""model_6"": 2.320132018019967}"
NEW,steady10s1,34,1787639546.0424345,False,False,True,0.08796457970817177,0.08796457970817177,0.08796457970817177,0.09684581546847257,0.0,0.0,1,1,14,False,False,"{""model_3"": 1, ""model_5"": 0, ""model_6"": 1, ""model_4"": 0}","{""model_3"": 1, ""model_5"": 0, ""model_6"": 1, ""model_4"": 0}","{""model_3"": 3.450713569124733, ""model_4"": 1.736275934721778, ""model_5"": 3.0950440236683123, ""model_6"": 1.7362759347217782}"
NEW,steady10s1,35,1787639551.0936306,False,False,True,0.08420004947629753,0.08420004947629753,0.08420004947629753,0.09845755530923883,0.0,0.0,1,1,14,False,False,"{""model_5"": 0, ""model_3"": 1, ""model_6"": 1, ""model_4"": 0}","{""model_5"": 0, ""model_3"": 1, ""model_6"": 1, ""model_4"": 0}","{""model_3"": 3.1774573874657963, ""model_4"": 1.6952852646374266, ""model_5"": 3.2164391058871407, ""model_6"": 1.6952852646374268}"
NEW,steady10s1,36,1787639558.7811992,False,True,True,0.10331651130901408,0.10331651130901408,0.10619183106752195,0.10331651130901408,0.002875319758507869,0.02783020566681683,1,3,14,True,False,"{""model_3"": 1, ""model_5"": 0, ""model_6"": 0, ""model_4"": 1}","{""model_3"": 1, ""model_5"": 0, ""model_6"": 0, ""model_4"": 1}","{""model_3"": 3.739206418015626, ""model_4"": 0.7671893971295942, ""model_5"": 2.631536027576724, ""model_6"": 2.522585714327256}"
NEW,steady10s1,37,1787639563.8741744,False,True,True,0.1024445564274341,0.1011810690623593,0.1011810690623593,0.1024445564274341,-0.0012634873650747974,-0.01233337728364103,3,1,14,False,True,"{""model_3"": 1, ""model_5"": 0, ""model_6"": 0, ""model_4"": 1}","{""model_3"": 1, ""model_5"": 0, ""model_6"": 0, ""model_4"": 1}","{""model_3"": 3.511324856312998, ""model_4"": 0.5813141781562523, ""model_5"": 2.6556240832814195, ""model_6"": 2.454998690682489}"
NEW,steady10s1,38,1787639568.920147,False,True,True,0.11080017716647121,0.10534285554506921,0.10534285554506921,0.11080017716647121,-0.005457321621402,-0.049253726491814837,3,1,14,False,True,"{""model_3"": 1, ""model_5"": 0, ""model_6"": 0, ""model_4"": 1}","{""model_3"": 1, ""model_5"": 0, ""model_6"": 0, ""model_4"": 1}","{""model_3"": 3.6910308076901917, ""model_4"": 0.6280752820637603, ""model_5"": 3.00675731828555, ""model_6"": 2.5206999574683713}"
NEW,steady10s1,39,1787639573.966784,False,False,True,0.10683079325075577,0.10683079325075577,0.10683079325075577,0.11706389062043739,0.0,0.0,1,1,14,False,False,"{""model_3"": 1, ""model_5"": 0, ""model_6"": 1, ""model_4"": 0}","{""model_3"": 1, ""model_5"": 0, ""model_6"": 1, ""model_4"": 0}","{""model_3"": 3.6691840710660713, ""model_4"": 0.7685129623842675, ""model_5"": 3.2096477726161576, ""model_6"": 2.630285614546365}"
NEW,steady10s1,40,1787639579.0091555,False,True,True,0.12399189170340157,0.1138141789714296,0.1138141789714296,0.12399189170340157,-0.01017771273197196,-0.08208369589454975,5,1,14,False,True,"{""model_3"": 1, ""model_5"": 0, ""model_6"": 0, ""model_4"": 1}","{""model_3"": 1, ""model_5"": 0, ""model_6"": 0, ""model_4"": 1}","{""model_3"": 3.742679400099512, ""model_4"": 0.8745859434180097, ""model_5"": 3.2169704558843786, ""model_6"": 2.968578172803674}"
NEW,steady10s1,41,1787639584.060439,False,False,True,0.11065271551217344,0.11065271551217344,0.11065271551217344,0.1314030742507205,0.0,0.0,1,1,14,False,False,"{""model_6"": 1, ""model_3"": 0, ""model_5"": 0, ""model_4"": 1}","{""model_6"": 1, ""model_3"": 0, ""model_5"": 0, ""model_4"": 1}","{""model_3"": 3.382148459644713, ""model_4"": 0.7975201102816949, ""model_5"": 3.054511356955017, ""model_6"": 3.5007568510760447}"
NEW,steady10s1,42,1787639589.1208386,False,False,True,0.10333180334139062,0.10333180334139062,0.10333180334139062,0.14097002052899446,0.0,0.0,1,1,14,False,False,"{""model_6"": 1, ""model_5"": 0, ""model_3"": 0, ""model_4"": 1}","{""model_6"": 1, ""model_5"": 0, ""model_3"": 0, ""model_4"": 1}","{""model_3"": 2.976244215847938, ""model_4"": 0.8582838805010344, ""model_5"": 3.0345587117236184, ""model_6"": 3.997973054588055}"
NEW,steady10s1,43,1787639594.1919854,False,False,True,0.09209517702710315,0.09209517702710315,0.09209517702710315,0.13649015505900458,0.0,0.0,1,1,14,False,False,"{""model_6"": 1, ""model_3"": 0, ""model_5"": 0, ""model_4"": 1}","{""model_6"": 1, ""model_3"": 0, ""model_5"": 0, ""model_4"": 1}","{""model_3"": 2.8885161441290212, ""model_4"": 0.9769398015634265, ""model_5"": 2.4686531086018637, ""model_6"": 4.340392868970587}"
NEW,steady10s1,44,1787639599.237385,False,False,True,0.0933202698363316,0.0933202698363316,0.0933202698363316,0.13092835256419438,0.0,0.0,1,1,14,False,False,"{""model_6"": 1, ""model_3"": 0, ""model_5"": 0, ""model_4"": 1}","{""model_6"": 1, ""model_3"": 0, ""model_5"": 0, ""model_4"": 1}","{""model_3"": 2.8956864580388912, ""model_4"": 0.9356547281996459, ""model_5"": 2.5327463476944363, ""model_6"": 3.998839553076371}"
NEW,steady10s1,45,1787639604.2915401,False,False,True,0.0870510348804139,0.0870510348804139,0.0870510348804139,0.11978504560642968,0.0,0.0,1,1,14,False,False,"{""model_6"": 1, ""model_3"": 0, ""model_5"": 0, ""model_4"": 1}","{""model_6"": 1, ""model_3"": 0, ""model_5"": 0, ""model_4"": 1}","{""model_3"": 2.8943420241807907, ""model_4"": 0.748702550425969, ""model_5"": 2.1694098739507854, ""model_6"": 3.806273006673095}"
NEW,steady10s1,46,1787639609.6445863,False,False,True,0.08998331959770506,0.08998331959770506,0.08998331959770506,0.10834868124255789,0.0,0.0,1,1,14,False,False,"{""model_6"": 1, ""model_3"": 0, ""model_5"": 0, ""model_4"": 1}","{""model_6"": 1, ""model_3"": 0, ""model_5"": 0, ""model_4"": 1}","{""model_3"": 2.983522803434794, ""model_4"": 0.8077077231661254, ""model_5"": 2.2507998676168657, ""model_6"": 3.1543603204640207}"
NEW,steady10s1,47,1787639614.688559,False,False,True,0.08970438478099438,0.08970438478099438,0.08970438478099438,0.1039361183446204,0.0,0.0,1,1,14,False,False,"{""model_3"": 0, ""model_6"": 1, ""model_5"": 0, ""model_4"": 1}","{""model_3"": 0, ""model_6"": 1, ""model_5"": 0, ""model_4"": 1}","{""model_3"": 2.9254880752267876, ""model_4"": 0.8170291666415945, ""model_5"": 2.292608979328594, ""model_6"": 2.8924229244961994}"
NEW,steady10s1,48,1787639619.7478626,False,True,True,0.10163224669721002,0.09440504574565951,0.09440504574565951,0.10163224669721002,-0.007227200951550508,-0.07111129770733393,5,1,14,False,True,"{""model_3"": 0, ""model_5"": 1, ""model_6"": 1, ""model_4"": 0}","{""model_3"": 0, ""model_5"": 1, ""model_6"": 1, ""model_4"": 0}","{""model_3"": 3.0887256743362212, ""model_4"": 0.7895503717215191, ""model_5"": 2.5920618247911666, ""model_6"": 2.478037482123166}"
NEW,steady10s1,49,1787639624.7932482,False,True,True,0.10248511085397007,0.0949884518523497,0.0949884518523497,0.10248511085397007,-0.007496659001620359,-0.07314876218753638,5,1,14,False,True,"{""model_3"": 0, ""model_5"": 1, ""model_6"": 1, ""model_4"": 0}","{""model_3"": 0, ""model_5"": 1, ""model_6"": 1, ""model_4"": 0}","{""model_3"": 3.1735370709914705, ""model_4"": 0.7594325288687074, ""model_5"": 2.6850182263778253, ""model_6"": 2.4276276748567525}"
NEW,steady10s1,50,1787639629.8352473,False,True,True,0.10078961610384127,0.10026491909574599,0.10026491909574599,0.10078961610384127,-0.000524697008095279,-0.005205863742497992,3,1,14,False,True,"{""model_3"": 0, ""model_5"": 1, ""model_6"": 1, ""model_4"": 0}","{""model_3"": 0, ""model_5"": 1, ""model_6"": 1, ""model_4"": 0}","{""model_3"": 3.4248342064158983, ""model_4"": 0.7691848204700769, ""model_5"": 2.5405963199015367, ""model_6"": 2.4874669115912638}"
NEW,steady10s1,51,1787639634.897096,False,True,True,0.09871866826157473,0.09871866826157473,0.10164214567614663,0.09871866826157473,0.0029234774145718984,0.029614230682544904,1,3,14,True,False,"{""model_3"": 0, ""model_6"": 1, ""model_5"": 1, ""model_4"": 0}","{""model_3"": 0, ""model_6"": 1, ""model_5"": 1, ""model_4"": 0}","{""model_3"": 3.5291386682717447, ""model_4"": 0.6785279362647505, ""model_5"": 2.460377349186977, ""model_6"": 2.464373089752754}"
NEW,steady10s1,52,1787639639.949454,False,True,True,0.0985229161261447,0.0985229161261447,0.10421025455801161,0.0985229161261447,0.005687338431866917,0.057726046441673354,1,3,14,True,False,"{""model_3"": 0, ""model_5"": 1, ""model_6"": 1, ""model_4"": 0}","{""model_3"": 0, ""model_5"": 1, ""model_6"": 1, ""model_4"": 0}","{""model_3"": 3.904685174415921, ""model_4"": 0.6418226478539775, ""model_5"": 2.6747252688164274, ""model_6"": 2.240259738398392}"
NEW,steady10s1,53,1787639645.015782,False,True,True,0.1045964069643715,0.1045964069643715,0.11483732483571871,0.1045964069643715,0.010240917871347205,0.09790888777695347,1,3,14,True,False,"{""model_3"": 0, ""model_5"": 1, ""model_6"": 1, ""model_4"": 0}","{""model_3"": 0, ""model_5"": 1, ""model_6"": 1, ""model_4"": 0}","{""model_3"": 4.617571419852502, ""model_4"": 0.6233641729736257, ""model_5"": 3.063953749088427, ""model_6"": 2.1540177874037156}"
NEW,steady10s1,54,1787639651.9922347,True,True,True,0.09213245423828585,0.09213245423828585,0.11550394773723964,0.09213245423828585,0.023371493498953788,0.253672755080497,1,3,14,True,False,"{""model_3"": 0, ""model_5"": 1, ""model_6"": 1, ""model_4"": 0}","{""model_3"": 0, ""model_5"": 1, ""model_6"": 1, ""model_4"": 0}","{""model_3"": 4.870547759433749, ""model_4"": 0.5448007416669302, ""model_5"": 2.6558357672839343, ""model_6"": 1.9403500650486776}"
NEW,steady10s1,55,1787639657.046626,False,True,True,0.09009930275895928,0.09009930275895928,0.11251414002866465,0.09009930275895928,0.022414837269705376,0.24877925337193016,1,3,14,True,False,"{""model_3"": 0, ""model_5"": 1, ""model_6"": 1, ""model_4"": 0}","{""model_3"": 0, ""model_5"": 1, ""model_6"": 1, ""model_4"": 0}","{""model_3"": 4.734871975920436, ""model_4"": 0.4896410177252322, ""model_5"": 2.5950321115921615, ""model_6"": 1.8997264647151393}"
NEW,steady10s1,56,1787639662.1248379,False,True,True,0.09870237365705926,0.09870237365705926,0.10864044337960359,0.09870237365705926,0.009938069722544324,0.10068724139374885,1,3,14,True,False,"{""model_3"": 0, ""model_5"": 1, ""model_6"": 1, ""model_4"": 0}","{""model_3"": 0, ""model_5"": 1, ""model_6"": 1, ""model_4"": 0}","{""model_3"": 4.481782302133008, ""model_4"": 0.528926785945698, ""model_5"": 2.999540899545109, ""model_6"": 1.924396655042015}"
NEW,steady10s1,57,1787639667.1912346,False,True,True,0.09942522554914301,0.09942522554914301,0.11279061762152154,0.09942522554914301,0.013365392072378524,0.13442657030506203,1,3,14,True,False,"{""model_3"": 0, ""model_5"": 1, ""model_6"": 1, ""model_4"": 0}","{""model_3"": 0, ""model_5"": 1, ""model_6"": 1, ""model_4"": 0}","{""model_3"": 4.478533253642599, ""model_4"": 0.5298497260829942, ""model_5"": 2.7876300785739554, ""model_6"": 2.172368185051457}"
NEW,steady10s1,58,1787639672.251217,False,True,True,0.1083481680883692,0.1083481680883692,0.10915741816194957,0.1083481680883692,0.0008092500735803754,0.007468977905748696,1,3,14,True,False,"{""model_3"": 0, ""model_5"": 1, ""model_6"": 1, ""model_4"": 0}","{""model_3"": 0, ""model_5"": 1, ""model_6"": 1, ""model_4"": 0}","{""model_3"": 3.9930805947134607, ""model_4"": 0.558122031348556, ""model_5"": 2.961551879060543, ""model_6"": 2.4435827094416562}"
NEW,steady10s1,59,1787639677.303264,False,True,True,0.10054058837668091,0.10054058837668091,0.10163745370599425,0.10054058837668091,0.001096865329313343,0.010909676848158835,1,3,14,True,False,"{""model_3"": 0, ""model_5"": 1, ""model_6"": 1, ""model_4"": 0}","{""model_3"": 0, ""model_5"": 1, ""model_6"": 1, ""model_4"": 0}","{""model_3"": 3.675346059582365, ""model_4"": 0.7152637386531004, ""model_5"": 2.6977510273157854, ""model_6"": 2.317889027991214}"
NEW,steady10s1,60,1787639682.3546205,False,True,True,0.11151373571565418,0.10289105518399409,0.10289105518399409,0.11151373571565418,-0.008622680531660085,-0.0773239321265931,3,1,14,False,True,"{""model_3"": 0, ""model_5"": 1, ""model_6"": 1, ""model_4"": 0}","{""model_3"": 0, ""model_5"": 1, ""model_6"": 1, ""model_4"": 0}","{""model_3"": 3.5566997716049933, ""model_4"": 0.867202709369318, ""model_5"": 3.0525981907246678, ""model_6"": 2.510456179684002}"
NEW,steady10s1,61,1787639687.4400146,False,True,True,0.11051342848250391,0.10567419479687823,0.10567419479687823,0.11051342848250391,-0.00483923368562568,-0.04378864860202767,3,1,14,False,True,"{""model_3"": 0, ""model_5"": 1, ""model_6"": 1, ""model_4"": 0}","{""model_3"": 0, ""model_5"": 1, ""model_6"": 1, ""model_4"": 0}","{""model_3"": 3.7551158018296658, ""model_4"": 0.9625091206713652, ""model_5"": 3.0369993471178773, ""model_6"": 2.4761529776870344}"
NEW,steady10s1,62,1787639692.496345,False,True,True,0.1129353143029377,0.1129353143029377,0.11617261913381932,0.1129353143029377,0.003237304830881624,0.028665124375515324,1,3,14,True,False,"{""model_3"": 0, ""model_5"": 1, ""model_6"": 1, ""model_4"": 0}","{""model_3"": 0, ""model_5"": 1, ""model_6"": 1, ""model_4"": 0}","{""model_3"": 4.2616312578690465, ""model_4"": 1.0060093264139915, ""model_5"": 3.0452762845418886, ""model_6"": 2.5886959770316165}"
NEW,steady10s1,63,1787639697.583393,False,True,True,0.1110405410337521,0.1110405410337521,0.12187733901820792,0.1110405410337521,0.010836797984455818,0.09759316627574646,1,3,14,True,False,"{""model_3"": 0, ""model_5"": 1, ""model_6"": 1, ""model_4"": 0}","{""model_3"": 0, ""model_5"": 1, ""model_6"": 1, ""model_4"": 0}","{""model_3"": 4.660816077570066, ""model_4"": 1.0719055714756724, ""model_5"": 3.0135480244165134, ""model_6"": 2.5259002159821122}"
NEW,steady10s1,64,1787639702.641428,False,True,True,0.10915641731408976,0.10915641731408976,0.1210352654257582,0.10915641731408976,0.011878848111668436,0.10882409302137411,1,3,14,True,False,"{""model_3"": 0, ""model_5"": 1, ""model_6"": 1, ""model_4"": 0}","{""model_3"": 0, ""model_5"": 1, ""model_6"": 1, ""model_4"": 0}","{""model_3"": 4.636392195814575, ""model_4"": 1.0508631027849529, ""model_5"": 2.944785775047807, ""model_6"": 2.500669715257819}"
NEW,steady10s1,65,1787639707.755255,False,True,True,0.1101590666452678,0.1101590666452678,0.12024556289957564,0.1101590666452678,0.010086496254307839,0.09156301484278356,1,3,14,True,False,"{""model_3"": 0, ""model_5"": 1, ""model_6"": 1, ""model_4"": 0}","{""model_3"": 0, ""model_5"": 1, ""model_6"": 1, ""model_4"": 0}","{""model_3"": 4.497467363810851, ""model_4"": 1.0025638451852934, ""model_5"": 2.9024460566865193, ""model_6"": 2.5930283188084613}"
NEW,steady10s1,66,1787639712.8106213,False,True,True,0.10876071285292328,0.10876071285292328,0.1129021515269896,0.10876071285292328,0.004141438674066314,0.0380784436349435,1,3,14,True,False,"{""model_3"": 0, ""model_5"": 1, ""model_6"": 1, ""model_4"": 0}","{""model_3"": 0, ""model_5"": 1, ""model_6"": 1, ""model_4"": 0}","{""model_3"": 4.027139585785344, ""model_4"": 0.9066728426045447, ""model_5"": 2.7953764430861714, ""model_6"": 2.6303386500571233}"
NEW,steady10s1,67,1787639717.868926,False,True,True,0.10614991215242656,0.10614991215242656,0.1127789857672563,0.10614991215242656,0.006629073614829742,0.06245010928799156,1,3,14,True,False,"{""model_3"": 0, ""model_5"": 1, ""model_6"": 1, ""model_4"": 0}","{""model_3"": 0, ""model_5"": 1, ""model_6"": 1, ""model_4"": 0}","{""model_3"": 4.0551486244957715, ""model_4"": 0.7774339890413762, ""model_5"": 2.7004038918747635, ""model_6"": 2.5950669210105475}"
NEW,steady10s1,68,1787639722.9286203,False,True,True,0.11019642066590021,0.11019642066590021,0.11627144243025808,0.11019642066590021,0.0060750217643578686,0.05512902985094648,1,3,14,True,False,"{""model_3"": 0, ""model_6"": 1, ""model_5"": 1, ""model_4"": 0}","{""model_3"": 0, ""model_6"": 1, ""model_5"": 1, ""model_4"": 0}","{""model_3"": 4.07408273466402, ""model_4"": 0.6914183179611504, ""model_5"": 2.715266051532187, ""model_6"": 2.782071793484264}"
NEW,steady10s1,69,1787639728.007833,False,True,True,0.11318369648353581,0.11318369648353581,0.11549115950636368,0.11318369648353581,0.002307463022827874,0.020386885165599163,1,3,14,True,False,"{""model_3"": 0, ""model_6"": 1, ""model_5"": 1, ""model_4"": 0}","{""model_3"": 0, ""model_6"": 1, ""model_5"": 1, ""model_4"": 0}","{""model_3"": 4.0031638486492165, ""model_4"": 0.720582411004881, ""model_5"": 2.714947877089122, ""model_6"": 2.9314153564703926}"
NEW,steady10s1,70,1787639733.0689523,False,True,True,0.1116683277220381,0.1116683277220381,0.12160630241849021,0.1116683277220381,0.00993797469645212,0.08899546450798,1,3,14,True,False,"{""model_3"": 0, ""model_6"": 1, ""model_5"": 1, ""model_4"": 0}","{""model_3"": 0, ""model_6"": 1, ""model_5"": 1, ""model_4"": 0}","{""model_3"": 4.374339629639809, ""model_4"": 0.7291348636228402, ""model_5"": 2.774371954561018, ""model_6"": 2.7963945037911246}"
NEW,steady10s1,71,1787639738.1614897,False,True,True,0.11393031976051816,0.11393031976051816,0.12840636466106303,0.11393031976051816,0.014476044900544868,0.12706051322399123,1,3,14,True,False,"{""model_3"": 0, ""model_5"": 1, ""model_6"": 1, ""model_4"": 0}","{""model_3"": 0, ""model_5"": 1, ""model_6"": 1, ""model_4"": 0}","{""model_3"": 4.816546332800047, ""model_4"": 0.644165284985961, ""model_5"": 2.9284441293645025, ""model_6"": 2.755165689626035}"
NEW,steady10s1,72,1787639743.2534454,False,True,True,0.11747441101281998,0.11747441101281998,0.1280226931857143,0.11747441101281998,0.010548282172894316,0.0897921690515493,1,3,14,True,False,"{""model_3"": 0, ""model_5"": 1, ""model_6"": 1, ""model_4"": 0}","{""model_3"": 0, ""model_5"": 1, ""model_6"": 1, ""model_4"": 0}","{""model_3"": 4.83189528601336, ""model_4"": 0.6895111789800279, ""model_5"": 3.143220044059352, ""model_6"": 2.7171928584591014}"
NEW,steady10s1,73,1787639748.3201869,False,True,True,0.12219752746969363,0.12219752746969363,0.1249208374092628,0.12219752746969363,0.0027233099395691657,0.022286129645663882,1,3,14,True,False,"{""model_3"": 0, ""model_5"": 1, ""model_6"": 1, ""model_4"": 0}","{""model_3"": 0, ""model_5"": 1, ""model_6"": 1, ""model_4"": 0}","{""model_3"": 4.582726877645394, ""model_4"": 0.7707891533771694, ""model_5"": 3.312578917504499, ""model_6"": 2.783454767321506}"
NEW,steady10s1,74,1787639753.3850305,False,True,True,0.12473715002736627,0.12473715002736627,0.12569571427098342,0.12473715002736627,0.0009585642436171493,0.007684673278224238,1,3,14,True,False,"{""model_3"": 0, ""model_5"": 1, ""model_6"": 1, ""model_4"": 0}","{""model_3"": 0, ""model_5"": 1, ""model_6"": 1, ""model_4"": 0}","{""model_3"": 4.730614602036453, ""model_4"": 0.8839385731313395, ""model_5"": 3.5414680716531106, ""model_6"": 2.6812590494386646}"
NEW,steady10s1,75,1787639758.4510577,False,True,True,0.11977768337337763,0.11553300179855733,0.11553300179855733,0.11977768337337763,-0.004244681574820303,-0.03543800026244076,3,1,14,False,True,"{""model_3"": 0, ""model_5"": 1, ""model_6"": 1, ""model_4"": 0}","{""model_3"": 0, ""model_5"": 1, ""model_6"": 1, ""model_4"": 0}","{""model_3"": 4.409855090724631, ""model_4"": 0.794754129258929, ""model_5"": 3.572559644284332, ""model_6"": 2.4027559586899088}"
NEW,steady10s1,76,1787639763.516133,False,True,True,0.1194810217116597,0.11188087228463076,0.11188087228463076,0.1194810217116597,-0.0076001494270289405,-0.06360967891093344,3,1,14,False,True,"{""model_3"": 0, ""model_5"": 1, ""model_6"": 1, ""model_4"": 0}","{""model_3"": 0, ""model_5"": 1, ""model_6"": 1, ""model_4"": 0}","{""model_3"": 4.241240677687854, ""model_4"": 0.7653746202724666, ""model_5"": 3.6045001335744247, ""model_6"": 2.3560159925177855}"
NEW,steady10s1,77,1787639768.6200058,False,True,True,0.11178486731523025,0.10250611776718906,0.10250611776718906,0.11178486731523025,-0.009278749548041199,-0.08300541719905057,3,1,14,False,True,"{""model_3"": 0, ""model_5"": 1, ""model_6"": 1, ""model_4"": 0}","{""model_3"": 0, ""model_5"": 1, ""model_6"": 1, ""model_4"": 0}","{""model_3"": 3.8410475325932576, ""model_4"": 0.7497464777352272, ""model_5"": 3.3731703440315517, ""model_6"": 2.203409892229408}"
NEW,steady10s1,78,1787639773.6856368,False,True,True,0.10964769251430154,0.10282476687307014,0.10282476687307014,0.10964769251430154,-0.006822925641231395,-0.06222589353935988,3,1,14,False,True,"{""model_3"": 0, ""model_5"": 1, ""model_6"": 1, ""model_4"": 0}","{""model_3"": 0, ""model_5"": 1, ""model_6"": 1, ""model_4"": 0}","{""model_3"": 3.977171460725939, ""model_4"": 0.662284940325844, ""model_5"": 3.383887916849824, ""model_6"": 2.0860756811976167}"
NEW,steady10s1,79,1787639778.7619088,False,True,True,0.10706668496612336,0.10706668496612336,0.11087716483077245,0.10706668496612336,0.003810479864649094,0.03558978094684408,1,3,14,True,False,"{""model_3"": 0, ""model_5"": 1, ""model_6"": 1, ""model_4"": 0}","{""model_3"": 0, ""model_5"": 1, ""model_6"": 1, ""model_4"": 0}","{""model_3"": 4.388792293614389, ""model_4"": 0.6241994340699784, ""model_5"": 3.191926637362186, ""model_6"": 2.1492789630376636}"
NEW,steady10s1,80,1787639783.8287513,False,True,True,0.10790645519070285,0.10790645519070285,0.10946630440567359,0.10790645519070285,0.0015598492149707377,0.014455569059460062,1,3,14,True,False,"{""model_3"": 0, ""model_5"": 1, ""model_6"": 1, ""model_4"": 0}","{""model_3"": 0, ""model_5"": 1, ""model_6"": 1, ""model_4"": 0}","{""model_3"": 4.330981637716066, ""model_4"": 0.5821452579352684, ""model_5"": 3.2592032825778645, ""model_6"": 2.1238956988302062}"
NEW,steady10s1,81,1787639788.911851,False,True,True,0.11147234054950819,0.11147234054950819,0.11488329423661672,0.11147234054950819,0.003410953687108531,0.030599103511185582,1,3,14,True,False,"{""model_3"": 0, ""model_5"": 1, ""model_6"": 1, ""model_4"": 0}","{""model_3"": 0, ""model_5"": 1, ""model_6"": 1, ""model_4"": 0}","{""model_3"": 4.3766923888914855, ""model_4"": 0.6047566882413629, ""model_5"": 3.163381814707584, ""model_6"": 2.3976074866899513}"
NEW,steady10s1,82,1787639793.9825711,False,True,True,0.10837300636563693,0.10837300636563693,0.11180962061996108,0.10837300636563693,0.0034366142543241496,0.03171098015616033,1,3,14,True,False,"{""model_3"": 0, ""model_5"": 1, ""model_6"": 1, ""model_4"": 0}","{""model_3"": 0, ""model_5"": 1, ""model_6"": 1, ""model_4"": 0}","{""model_3"": 4.149931211491858, ""model_4"": 0.6261682504508802, ""model_5"": 2.9632497123782913, ""model_6"": 2.443123976276198}"
NEW,steady10s1,83,1787639799.0609822,False,True,True,0.09617588002230376,0.09617588002230376,0.1019877219283429,0.09617588002230376,0.005811841906039145,0.060429308311931676,1,3,14,True,False,"{""model_3"": 0, ""model_5"": 1, ""model_6"": 1, ""model_4"": 0}","{""model_3"": 0, ""model_5"": 1, ""model_6"": 1, ""model_4"": 0}","{""model_3"": 3.66246190177557, ""model_4"": 0.5713161958959221, ""model_5"": 2.4464716962894015, ""model_6"": 2.351427380917009}"
NEW,steady10s1,84,1787639804.1333475,False,True,True,0.07951104836887356,0.07951104836887356,0.08673938482225646,0.07951104836887356,0.0072283364533829025,0.09090983708136595,1,3,14,True,False,"{""model_3"": 0, ""model_6"": 1, ""model_5"": 1, ""model_4"": 0}","{""model_3"": 0, ""model_6"": 1, ""model_5"": 1, ""model_4"": 0}","{""model_3"": 3.1375725163421486, ""model_4"": 0.4746253179192779, ""model_5"": 1.9080507222540704, ""model_6"": 2.058494585241571}"
NEW,steady10s2,1,1787639972.5502396,False,False,True,0.00015386205165794615,0.00013965208866787958,0.00013965208866787958,0.00019675679619977869,-1.4209962990066567e-05,-0.09235521583747644,3,1,14,False,True,"{""model_6"": 1, ""model_5"": 0, ""model_4"": 0, ""model_3"": 1}","{""model_6"": 1, ""model_5"": 0, ""model_4"": 0, ""model_3"": 1}","{""model_3"": 3.4692292459025155e-09, ""model_4"": 0.00021534723381096653, ""model_5"": 0.0007428020765138057, ""model_6"": 0.009072748877655622}"
NEW,steady10s2,2,1787639977.5570076,False,False,True,0.010047503303426115,0.010047503303426115,0.010047503303426115,0.013969988128254852,0.0,0.0,1,1,14,False,False,"{""model_5"": 0, ""model_3"": 1, ""model_6"": 1, ""model_4"": 1}","{""model_5"": 0, ""model_3"": 1, ""model_6"": 1, ""model_4"": 1}","{""model_3"": 0.3070911004211328, ""model_4"": 0.07663295886447981, ""model_5"": 0.5468084428965204, ""model_6"": 0.1501084257985683}"
NEW,steady10s2,3,1787639982.5609255,False,False,True,0.02245325780633991,0.02245325780633991,0.02245325780633991,0.03583169283235801,0.0,0.0,1,1,14,False,False,"{""model_5"": 0, ""model_3"": 1, ""model_6"": 1, ""model_4"": 1}","{""model_5"": 0, ""model_3"": 1, ""model_6"": 1, ""model_4"": 1}","{""model_3"": 0.389549710384633, ""model_4"": 0.11342669683842022, ""model_5"": 1.4408237992720658, ""model_6"": 0.34670178339216906}"
NEW,steady10s2,4,1787639987.5981822,False,False,True,0.04030110075109073,0.04030110075109073,0.04030110075109073,0.06427422532009006,0.0,0.0,1,1,14,False,False,"{""model_5"": 0, ""model_3"": 1, ""model_6"": 1, ""model_4"": 1}","{""model_5"": 0, ""model_3"": 1, ""model_6"": 1, ""model_4"": 1}","{""model_3"": 0.6204562255134016, ""model_4"": 0.14480606629937165, ""model_5"": 2.586118486673996, ""model_6"": 0.6203117147434652}"
NEW,steady10s2,5,1787639992.6070614,False,False,True,0.057312196866411,0.057312196866411,0.057312196866411,0.09084758221416186,0.0,0.0,1,1,14,False,False,"{""model_5"": 0, ""model_3"": 1, ""model_6"": 1, ""model_4"": 1}","{""model_5"": 0, ""model_3"": 1, ""model_6"": 1, ""model_4"": 1}","{""model_3"": 0.9307963744249436, ""model_4"": 0.20651862258170528, ""model_5"": 3.6777191954022137, ""model_6"": 0.8543685876331821}"
NEW,steady10s2,6,1787639997.617228,False,False,True,0.06718448653380303,0.06718448653380303,0.06718448653380303,0.10751380321626974,0.0,0.0,1,1,14,False,False,"{""model_5"": 0, ""model_3"": 1, ""model_6"": 1, ""model_4"": 1}","{""model_5"": 0, ""model_3"": 1, ""model_6"": 1, ""model_4"": 1}","{""model_3"": 1.5483396599124617, ""model_4"": 0.22088571734551032, ""model_5"": 4.31122325208613, ""model_6"": 1.052287610706764}"
NEW,steady10s2,7,1787640002.6231925,False,False,True,0.08348947415867503,0.08348947415867503,0.08348947415867503,0.13298680219386524,0.0,0.0,1,1,14,False,False,"{""model_5"": 0, ""model_3"": 1, ""model_6"": 1, ""model_4"": 1}","{""model_5"": 0, ""model_3"": 1, ""model_6"": 1, ""model_4"": 1}","{""model_3"": 2.029983089576981, ""model_4"": 0.4028542867165623, ""model_5"": 5.357513034147008, ""model_6"": 1.2767621643602298}"
NEW,steady10s2,8,1787640007.6398392,False,False,True,0.086016251145572,0.086016251145572,0.086016251145572,0.1397446122707479,0.0,0.0,1,1,14,False,False,"{""model_5"": 0, ""model_3"": 1, ""model_6"": 1, ""model_4"": 1}","{""model_5"": 0, ""model_3"": 1, ""model_6"": 1, ""model_4"": 1}","{""model_3"": 2.151094172960872, ""model_4"": 0.40319282386317323, ""model_5"": 5.519656115991735, ""model_6"": 1.451744053186864}"
NEW,steady10s2,9,1787640012.6522453,False,False,True,0.09389754638088031,0.09389754638088031,0.09389754638088031,0.15228757286624067,0.0,0.0,1,1,14,False,False,"{""model_5"": 0, ""model_3"": 1, ""model_6"": 1, ""model_4"": 1}","{""model_5"": 0, ""model_3"": 1, ""model_6"": 1, ""model_4"": 1}","{""model_3"": 2.7044407417240874, ""model_4"": 0.44524733047621545, ""model_5"": 6.0253982155152785, ""model_6"": 1.5717291011830008}"
NEW,steady10s2,10,1787640017.6651974,False,False,True,0.09108310508103978,0.0910831050810398,0.0910831050810398,0.1414450747084926,1.3877787807814457e-17,1.523640174044013e-16,1,1,14,False,False,"{""model_5"": 0, ""model_3"": 1, ""model_6"": 1, ""model_4"": 1}","{""model_5"": 0, ""model_3"": 1, ""model_6"": 1, ""model_4"": 1}","{""model_3"": 2.8211824150691514, ""model_4"": 0.5026834897558112, ""model_5"": 5.540772917881199, ""model_6"": 1.5154577426741103}"
NEW,steady10s2,11,1787640022.6924572,False,False,True,0.10334724127304114,0.10334724127304111,0.10334724127304111,0.14545118281903385,-2.7755575615628914e-17,-2.6856619754657305e-16,1,1,14,False,False,"{""model_5"": 0, ""model_3"": 1, ""model_6"": 1, ""model_4"": 1}","{""model_5"": 0, ""model_3"": 1, ""model_6"": 1, ""model_4"": 1}","{""model_3"": 3.3738567669033173, ""model_4"": 0.5053294770845473, ""model_5"": 5.644340750263695, ""model_6"": 1.6117414988842793}"
NEW,steady10s2,12,1787640027.7061744,False,False,True,0.11159697667882583,0.11108313960062272,0.11108313960062272,0.15258991217684045,-0.0005138370782031138,-0.004604399630663185,3,1,14,False,True,"{""model_5"": 0, ""model_3"": 1, ""model_6"": 1, ""model_4"": 1}","{""model_5"": 0, ""model_3"": 1, ""model_6"": 1, ""model_4"": 1}","{""model_3"": 3.6595489617496826, ""model_4"": 0.5687032048917982, ""model_5"": 5.911218924896871, ""model_6"": 1.7009911079563693}"
NEW,steady10s2,13,1787640032.7640445,False,False,True,0.10319549208947537,0.10319549208947537,0.10319549208947537,0.1478105494806831,0.0,0.0,1,1,14,False,False,"{""model_5"": 0, ""model_3"": 1, ""model_6"": 1, ""model_4"": 0}","{""model_5"": 0, ""model_3"": 1, ""model_6"": 1, ""model_4"": 0}","{""model_3"": 3.716687400718958, ""model_4"": 0.4322347744163255, ""model_5"": 5.587569448701568, ""model_6"": 1.7862138615242282}"
NEW,steady10s2,14,1787640038.0912898,False,False,True,0.10000914444005134,0.10000914444005134,0.10000914444005134,0.1446812634241681,0.0,0.0,1,1,14,False,False,"{""model_5"": 0, ""model_3"": 1, ""model_6"": 1, ""model_4"": 0}","{""model_5"": 0, ""model_3"": 1, ""model_6"": 1, ""model_4"": 0}","{""model_3"": 3.8397030987351597, ""model_4"": 0.3743366067465985, ""model_5"": 5.4595952623764745, ""model_6"": 1.7580782344596617}"
NEW,steady10s2,15,1787640043.316422,False,False,True,0.0981958934908701,0.0981958934908701,0.0981958934908701,0.1271589208394959,0.0,0.0,1,1,14,False,False,"{""model_5"": 0, ""model_3"": 1, ""model_6"": 1, ""model_4"": 0}","{""model_5"": 0, ""model_3"": 1, ""model_6"": 1, ""model_4"": 0}","{""model_3"": 4.024114609604617, ""model_4"": 0.3452951963979747, ""model_5"": 4.577358624642792, ""model_6"": 1.7661826958306541}"
NEW,steady10s2,16,1787640048.3434591,False,False,True,0.10667039296833834,0.10667039296833834,0.10667039296833834,0.12725121579513768,0.0,0.0,1,1,14,False,False,"{""model_5"": 0, ""model_3"": 1, ""model_6"": 1, ""model_4"": 0}","{""model_5"": 0, ""model_3"": 1, ""model_6"": 1, ""model_4"": 0}","{""model_3"": 4.336919553922677, ""model_4"": 0.3541243520021684, ""model_5"": 4.395053772149832, ""model_6"": 1.953091840817759}"
NEW,steady10s2,17,1787640053.3744764,False,False,True,0.10660596106879668,0.10660596106879668,0.10660596106879668,0.12162644017344335,0.0,0.0,1,1,14,False,False,"{""model_3"": 1, ""model_5"": 0, ""model_6"": 1, ""model_4"": 0}","{""model_3"": 1, ""model_5"": 0, ""model_6"": 1, ""model_4"": 0}","{""model_3"": 4.321906709173888, ""model_4"": 0.3760281022394345, ""model_5"": 4.103238670662266, ""model_6"": 1.9643053428340034}"
NEW,steady10s2,18,1787640058.3921213,False,False,True,0.10844735554050407,0.10844735554050407,0.10844735554050407,0.12831749732244854,0.0,0.0,1,1,14,False,False,"{""model_5"": 0, ""model_3"": 1, ""model_6"": 1, ""model_4"": 0}","{""model_5"": 0, ""model_3"": 1, ""model_6"": 1, ""model_4"": 0}","{""model_3"": 4.283030163443813, ""model_4"": 0.4290035231301961, ""model_5"": 4.289575877284872, ""model_6"": 2.111763022343996}"
NEW,steady10s2,19,1787640063.4114335,False,False,True,0.10447535194666131,0.10447535194666131,0.10447535194666131,0.13119278364944326,0.0,0.0,1,1,14,False,False,"{""model_5"": 0, ""model_3"": 1, ""model_6"": 1, ""model_4"": 0}","{""model_5"": 0, ""model_3"": 1, ""model_6"": 1, ""model_4"": 0}","{""model_3"": 4.186791106434784, ""model_4"": 0.4360793157801195, ""model_5"": 4.570991749701245, ""model_6"": 1.9737857502481293}"
NEW,steady10s2,20,1787640068.427713,False,False,True,0.11473986150624077,0.11473986150624077,0.11473986150624077,0.13416614735749663,0.0,0.0,1,1,14,False,False,"{""model_3"": 1, ""model_5"": 0, ""model_6"": 1, ""model_4"": 0}","{""model_3"": 1, ""model_5"": 0, ""model_6"": 1, ""model_4"": 0}","{""model_3"": 4.682775163919041, ""model_4"": 0.5087435447082849, ""model_5"": 4.6100419160094, ""model_6"": 2.08306694298509}"
NEW,steady10s2,21,1787640073.4475024,False,False,True,0.11456975198959352,0.11456975198959352,0.11456975198959352,0.13964835497186764,0.0,0.0,1,1,14,False,False,"{""model_5"": 0, ""model_3"": 1, ""model_6"": 1, ""model_4"": 0}","{""model_5"": 0, ""model_3"": 1, ""model_6"": 1, ""model_4"": 0}","{""model_3"": 4.809600091199861, ""model_4"": 0.5359081805829289, ""model_5"": 5.020387005992098, ""model_6"": 1.9462112023896276}"
NEW,steady10s2,22,1787640078.4693627,False,False,True,0.11766817717484637,0.11766817717484637,0.11766817717484637,0.1431885418097514,0.0,0.0,1,1,14,False,False,"{""model_5"": 0, ""model_3"": 1, ""model_6"": 1, ""model_4"": 0}","{""model_5"": 0, ""model_3"": 1, ""model_6"": 1, ""model_4"": 0}","{""model_3"": 5.011265169914942, ""model_4"": 0.5536897604110207, ""model_5"": 5.2159561812799495, ""model_6"": 1.9272503322057348}"
NEW,steady10s2,23,1787640083.5104394,False,False,True,0.11081024391461827,0.11081024391461827,0.11081024391461827,0.13759994252048996,0.0,0.0,1,1,14,False,False,"{""model_5"": 0, ""model_3"": 1, ""model_6"": 1, ""model_4"": 0}","{""model_5"": 0, ""model_3"": 1, ""model_6"": 1, ""model_4"": 0}","{""model_3"": 4.630678351917645, ""model_4"": 0.4664433843159279, ""model_5"": 4.9609628398709935, ""model_6"": 1.903446792664855}"
NEW,steady10s2,24,1787640088.5601275,False,False,True,0.11189658111049197,0.11189658111049197,0.11189658111049197,0.1389534574507901,0.0,0.0,1,1,14,False,False,"{""model_5"": 0, ""model_3"": 1, ""model_6"": 1, ""model_4"": 0}","{""model_5"": 0, ""model_3"": 1, ""model_6"": 1, ""model_4"": 0}","{""model_3"": 4.713697142655355, ""model_4"": 0.3994705154477578, ""model_5"": 5.047446224493671, ""model_6"": 1.8844858266939866}"
NEW,steady10s2,25,1787640093.5833352,False,False,True,0.11540010017245665,0.11540010017245665,0.11540010017245665,0.1368826996244719,0.0,0.0,1,1,14,False,False,"{""model_5"": 0, ""model_3"": 1, ""model_6"": 1, ""model_4"": 0}","{""model_5"": 0, ""model_3"": 1, ""model_6"": 1, ""model_4"": 0}","{""model_3"": 4.808815838115969, ""model_4"": 0.5305551992060644, ""model_5"": 4.832670309798825, ""model_6"": 1.9959584281079348}"
NEW,steady10s2,26,1787640098.6076255,False,False,True,0.10278312037677172,0.10278312037677172,0.10278312037677172,0.13932213874114885,0.0,0.0,1,1,14,False,False,"{""model_5"": 0, ""model_3"": 1, ""model_6"": 1, ""model_4"": 0}","{""model_5"": 0, ""model_3"": 1, ""model_6"": 1, ""model_4"": 0}","{""model_3"": 3.973698339925847, ""model_4"": 0.5620266295463219, ""model_5"": 4.863231309518247, ""model_6"": 2.087093041509924}"
NEW,steady10s2,27,1787640103.6316721,False,False,True,0.10537771605060718,0.10537771605060718,0.10537771605060718,0.13217951947580212,0.0,0.0,1,1,14,False,False,"{""model_5"": 0, ""model_3"": 1, ""model_6"": 1, ""model_4"": 0}","{""model_5"": 0, ""model_3"": 1, ""model_6"": 1, ""model_4"": 0}","{""model_3"": 3.9831093769325503, ""model_4"": 0.579346486905695, ""model_5"": 4.363325512024457, ""model_6"": 2.2306770005750303}"
NEW,steady10s2,28,1787640108.65823,False,False,True,0.10465631292344572,0.10465631292344572,0.10465631292344572,0.13115007554758873,0.0,0.0,1,1,14,False,False,"{""model_5"": 0, ""model_3"": 1, ""model_6"": 1, ""model_4"": 0}","{""model_5"": 0, ""model_3"": 1, ""model_6"": 1, ""model_4"": 0}","{""model_3"": 3.947145771228361, ""model_4"": 0.5603959381659993, ""model_5"": 4.31854515826891, ""model_6"": 2.2241017746149008}"
NEW,steady10s2,29,1787640113.6905231,False,False,True,0.10473270867407676,0.10473270867407676,0.10473270867407676,0.12942104610718583,0.0,0.0,1,1,14,False,False,"{""model_5"": 0, ""model_3"": 1, ""model_6"": 1, ""model_4"": 0}","{""model_5"": 0, ""model_3"": 1, ""model_6"": 1, ""model_4"": 0}","{""model_3"": 3.959805856725475, ""model_4"": 0.5783312330789177, ""model_5"": 4.2404448256526015, ""model_6"": 2.2159465018273603}"
NEW,steady10s2,30,1787640118.7353206,False,False,True,0.0968140569273322,0.0968140569273322,0.0968140569273322,0.1292661379651246,0.0,0.0,1,1,14,False,False,"{""model_5"": 0, ""model_3"": 1, ""model_6"": 1, ""model_4"": 0}","{""model_5"": 0, ""model_3"": 1, ""model_6"": 1, ""model_4"": 0}","{""model_3"": 3.5633099047406547, ""model_4"": 0.5201260524573692, ""model_5"": 4.303158543826838, ""model_6"": 2.1455049247380305}"
NEW,steady10s2,31,1787640123.759348,False,False,True,0.09792013610391666,0.09792013610391666,0.09792013610391666,0.13240130172995151,0.0,0.0,1,1,14,False,False,"{""model_5"": 0, ""model_3"": 1, ""model_6"": 1, ""model_4"": 0}","{""model_5"": 0, ""model_3"": 1, ""model_6"": 1, ""model_4"": 0}","{""model_3"": 3.6671674202789215, ""model_4"": 0.44555455392009113, ""model_5"": 4.498197146202894, ""model_6"": 2.106869355333086}"
NEW,steady10s2,32,1787640128.8072553,False,False,True,0.09879368860504331,0.09879368860504331,0.09879368860504331,0.13743576519005984,0.0,0.0,1,1,14,False,False,"{""model_5"": 0, ""model_3"": 1, ""model_6"": 1, ""model_4"": 0}","{""model_5"": 0, ""model_3"": 1, ""model_6"": 1, ""model_4"": 0}","{""model_3"": 3.6443120446912127, ""model_4"": 0.359754243129379, ""model_5"": 4.674984040413178, ""model_6"": 2.1812353238143785}"
NEW,steady10s2,33,1787640133.8456912,False,False,True,0.09651141390668365,0.09651141390668365,0.09651141390668365,0.14823239655465328,0.0,0.0,1,1,14,False,False,"{""model_5"": 0, ""model_3"": 1, ""model_6"": 1, ""model_4"": 0}","{""model_5"": 0, ""model_3"": 1, ""model_6"": 1, ""model_4"": 0}","{""model_3"": 3.3365487273410297, ""model_4"": 0.3444340781164741, ""model_5"": 5.285461232725168, ""model_6"": 2.1093666438352896}"
NEW,steady10s2,34,1787640138.8905692,False,False,True,0.10172515635484983,0.10172515635484983,0.10172515635484983,0.15121979392248985,0.0,0.0,1,1,14,False,False,"{""model_5"": 0, ""model_3"": 1, ""model_6"": 1, ""model_4"": 0}","{""model_5"": 0, ""model_3"": 1, ""model_6"": 1, ""model_4"": 0}","{""model_3"": 3.725986401570821, ""model_4"": 0.48674771052542565, ""model_5"": 5.447285970822817, ""model_6"": 2.096573358021394}"
NEW,steady10s2,35,1787640143.926404,False,False,True,0.10593154264109829,0.10593154264109829,0.10593154264109829,0.14737164266782055,0.0,0.0,1,1,14,False,False,"{""model_5"": 0, ""model_3"": 1, ""model_6"": 1, ""model_4"": 0}","{""model_5"": 0, ""model_3"": 1, ""model_6"": 1, ""model_4"": 0}","{""model_3"": 4.311599382928452, ""model_4"": 0.518680575474499, ""model_5"": 5.417043314850471, ""model_6"": 1.9348443746445922}"
NEW,steady10s2,36,1787640148.9623787,False,False,True,0.1087377392958403,0.1087377392958403,0.1087377392958403,0.15332348886653807,0.0,0.0,1,1,14,False,False,"{""model_5"": 0, ""model_3"": 1, ""model_6"": 1, ""model_4"": 0}","{""model_5"": 0, ""model_3"": 1, ""model_6"": 1, ""model_4"": 0}","{""model_3"": 4.3904728359370155, ""model_4"": 0.5786086356282958, ""model_5"": 5.627362417086237, ""model_6"": 2.0214433497675044}"
NEW,steady10s2,37,1787640154.036937,False,False,True,0.11099109728906771,0.11099109728906771,0.11099109728906771,0.15029833998593084,0.0,0.0,1,1,14,False,False,"{""model_5"": 0, ""model_3"": 1, ""model_6"": 1, ""model_4"": 0}","{""model_5"": 0, ""model_3"": 1, ""model_6"": 1, ""model_4"": 0}","{""model_3"": 4.375123882723701, ""model_4"": 0.6693926435742876, ""model_5"": 5.328225409415892, ""model_6"": 2.169665606054118}"
NEW,steady10s2,38,1787640159.0743797,False,False,True,0.11331038796526112,0.11331038796526112,0.11331038796526112,0.1426573979113265,0.0,0.0,1,1,14,False,False,"{""model_5"": 0, ""model_3"": 1, ""model_6"": 1, ""model_4"": 0}","{""model_5"": 0, ""model_3"": 1, ""model_6"": 1, ""model_4"": 0}","{""model_3"": 4.690281586293437, ""model_4"": 0.7949090750187293, ""model_5"": 5.125440442527622, ""model_6"": 1.9912690446815604}"
NEW,steady10s2,39,1787640164.11,False,False,True,0.11628237764186106,0.11628237764186106,0.11628237764186106,0.1402315040243815,0.0,0.0,1,1,14,False,False,"{""model_5"": 0, ""model_3"": 1, ""model_6"": 1, ""model_4"": 0}","{""model_5"": 0, ""model_3"": 1, ""model_6"": 1, ""model_4"": 0}","{""model_3"": 4.826741622890643, ""model_4"": 0.873203012834185, ""model_5"": 4.965631881494795, ""model_6"": 2.0300577196590193}"
NEW,steady10s2,40,1787640169.1453707,False,False,True,0.10700324874587133,0.10700324874587133,0.10700324874587133,0.14527655345714247,0.0,0.0,1,1,14,False,False,"{""model_5"": 0, ""model_3"": 1, ""model_6"": 1, ""model_4"": 0}","{""model_5"": 0, ""model_3"": 1, ""model_6"": 1, ""model_4"": 0}","{""model_3"": 4.378821075833477, ""model_4"": 0.717415009222355, ""model_5"": 5.31655280535639, ""model_6"": 1.9308177579294166}"
NEW,steady10s2,41,1787640174.196684,False,False,True,0.10339743677531346,0.10339743677531346,0.10339743677531346,0.14367228086185893,0.0,0.0,1,1,14,False,False,"{""model_5"": 0, ""model_3"": 1, ""model_6"": 1, ""model_4"": 0}","{""model_5"": 0, ""model_3"": 1, ""model_6"": 1, ""model_4"": 0}","{""model_3"": 4.144217367594932, ""model_4"": 0.703571281015013, ""model_5"": 5.3280131802511725, ""model_6"": 1.8393254872753921}"
NEW,steady10s2,42,1787640179.2371166,False,False,True,0.10081147218173325,0.10081147218173325,0.10081147218173325,0.13997689827992207,0.0,0.0,1,1,14,False,False,"{""model_5"": 0, ""model_3"": 1, ""model_6"": 1, ""model_4"": 0}","{""model_5"": 0, ""model_3"": 1, ""model_6"": 1, ""model_4"": 0}","{""model_3"": 4.032741393527428, ""model_4"": 0.6522571410716533, ""model_5"": 5.2284777019983215, ""model_6"": 1.7545104539895098}"
NEW,steady10s2,43,1787640184.2773342,False,False,True,0.09884187238821224,0.09884187238821224,0.09884187238821224,0.1386638718179053,0.0,0.0,1,1,14,False,False,"{""model_5"": 0, ""model_3"": 1, ""model_6"": 1, ""model_4"": 0}","{""model_5"": 0, ""model_3"": 1, ""model_6"": 1, ""model_4"": 0}","{""model_3"": 3.7529871148876723, ""model_4"": 0.572486464252262, ""model_5"": 5.193353775237455, ""model_6"": 1.724131798928438}"
NEW,steady10s2,44,1787640189.3692682,False,False,True,0.09744075258704485,0.09744075258704485,0.09744075258704485,0.13602677184054035,0.0,0.0,1,1,14,False,False,"{""model_5"": 0, ""model_3"": 1, ""model_6"": 1, ""model_4"": 0}","{""model_5"": 0, ""model_3"": 1, ""model_6"": 1, ""model_4"": 0}","{""model_3"": 3.7239697507836693, ""model_4"": 0.580208156592193, ""model_5"": 5.103899182308722, ""model_6"": 1.682030126970734}"
NEW,steady10s2,45,1787640194.4146674,False,False,True,0.09569045397612823,0.09569045397612823,0.09569045397612823,0.12578434760644203,0.0,0.0,1,1,14,False,False,"{""model_5"": 0, ""model_3"": 1, ""model_6"": 1, ""model_4"": 0}","{""model_5"": 0, ""model_3"": 1, ""model_6"": 1, ""model_4"": 0}","{""model_3"": 4.110382448832734, ""model_4"": 0.46219788995267685, ""model_5"": 4.742791258540654, ""model_6"": 1.5321771136541549}"
NEW,steady10s2,46,1787640199.458242,False,False,True,0.10472123499221744,0.10472123499221744,0.10472123499221744,0.12681138797557862,0.0,0.0,1,1,14,False,False,"{""model_5"": 0, ""model_3"": 1, ""model_6"": 1, ""model_4"": 0}","{""model_5"": 0, ""model_3"": 1, ""model_6"": 1, ""model_4"": 0}","{""model_3"": 4.55303729661234, ""model_4"": 0.5547047726648917, ""model_5"": 4.704165550561934, ""model_6"": 1.6220384956728884}"
NEW,steady10s2,47,1787640204.500686,False,False,True,0.10482684618546403,0.10482684618546403,0.10482684618546403,0.13515468986404533,0.0,0.0,1,1,14,False,False,"{""model_5"": 0, ""model_3"": 1, ""model_6"": 1, ""model_4"": 0}","{""model_5"": 0, ""model_3"": 1, ""model_6"": 1, ""model_4"": 0}","{""model_3"": 4.473379590519883, ""model_4"": 0.570271406577237, ""model_5"": 5.034500245445861, ""model_6"": 1.7079237555452438}"
NEW,steady10s2,48,1787640209.543699,False,False,True,0.11188637451412858,0.11188637451412858,0.11188637451412858,0.12889711380898353,0.0,0.0,1,1,14,False,False,"{""model_3"": 1, ""model_5"": 0, ""model_6"": 1, ""model_4"": 0}","{""model_3"": 1, ""model_5"": 0, ""model_6"": 1, ""model_4"": 0}","{""model_3"": 5.002862458301814, ""model_4"": 0.6296147977936698, ""model_5"": 4.8355354035225195, ""model_6"": 1.5947186607529835}"
NEW,steady10s2,49,1787640214.595872,False,False,True,0.11356770995869202,0.11356770995869202,0.11356770995869202,0.12958736068169174,0.0,0.0,1,1,14,False,False,"{""model_3"": 1, ""model_5"": 0, ""model_6"": 1, ""model_4"": 0}","{""model_3"": 1, ""model_5"": 0, ""model_6"": 1, ""model_4"": 0}","{""model_3"": 5.239370781172669, ""model_4"": 0.6268461166712731, ""model_5"": 5.007334912361927, ""model_6"": 1.4573533035204378}"
NEW,steady10s2,50,1787640219.642752,False,False,True,0.11495798738996908,0.11495798738996908,0.11495798738996908,0.13897562215632692,0.0,0.0,1,1,14,False,False,"{""model_5"": 0, ""model_3"": 1, ""model_6"": 1, ""model_4"": 0}","{""model_5"": 0, ""model_3"": 1, ""model_6"": 1, ""model_4"": 0}","{""model_3"": 5.263346518308794, ""model_4"": 0.5437223497424964, ""model_5"": 5.4176800023446265, ""model_6"": 1.515357773274323}"
NEW,steady10s2,51,1787640224.7006445,False,False,True,0.11054885384363333,0.11054885384363333,0.11054885384363333,0.14871529531643604,0.0,0.0,1,1,14,False,False,"{""model_5"": 0, ""model_3"": 1, ""model_6"": 1, ""model_4"": 0}","{""model_5"": 0, ""model_3"": 1, ""model_6"": 1, ""model_4"": 0}","{""model_3"": 4.659471643711966, ""model_4"": 0.7205838424612686, ""model_5"": 5.7281712703273975, ""model_6"": 1.6907468409468396}"
NEW,steady10s2,52,1787640229.7505333,False,False,True,0.1042057749850105,0.1042057749850105,0.1042057749850105,0.14075566202162218,0.0,0.0,1,1,14,False,False,"{""model_5"": 0, ""model_3"": 1, ""model_6"": 1, ""model_4"": 0}","{""model_5"": 0, ""model_3"": 1, ""model_6"": 1, ""model_4"": 0}","{""model_3"": 4.306221647496048, ""model_4"": 0.6268461836783714, ""model_5"": 5.183379004495699, ""model_6"": 1.8384591192470232}"
NEW,steady10s2,53,1787640234.7985704,False,False,True,0.10719824732413036,0.10719824732413036,0.10719824732413036,0.14947716876521033,0.0,0.0,1,1,14,False,False,"{""model_5"": 0, ""model_3"": 1, ""model_6"": 1, ""model_4"": 0}","{""model_5"": 0, ""model_3"": 1, ""model_6"": 1, ""model_4"": 0}","{""model_3"": 4.506430256198189, ""model_4"": 0.6027274998039289, ""model_5"": 5.642218458616515, ""model_6"": 1.8147070191198176}"
NEW,steady10s2,54,1787640239.866538,False,False,True,0.11666302912082488,0.11666302912082488,0.11666302912082488,0.16299435951098326,0.0,0.0,1,1,14,False,False,"{""model_5"": 0, ""model_3"": 1, ""model_6"": 1, ""model_4"": 0}","{""model_5"": 0, ""model_3"": 1, ""model_6"": 1, ""model_4"": 0}","{""model_3"": 4.56558534595461, ""model_4"": 0.5738404688353291, ""model_5"": 6.231578849039039, ""model_6"": 1.8996749217217705}"
NEW,steady10s2,55,1787640244.9353933,False,False,True,0.11568454419548056,0.11568454419548056,0.11568454419548056,0.16476034156591457,0.0,0.0,1,1,14,False,False,"{""model_5"": 0, ""model_3"": 1, ""model_6"": 1, ""model_4"": 0}","{""model_5"": 0, ""model_3"": 1, ""model_6"": 1, ""model_4"": 0}","{""model_3"": 4.640425497388874, ""model_4"": 0.5421229296729475, ""model_5"": 6.206217463855213, ""model_6"": 2.013135356997502}"
NEW,steady10s2,56,1787640249.9831338,False,False,True,0.1162567499237051,0.1162567499237051,0.1162567499237051,0.16452998083598241,0.0,0.0,1,1,14,False,False,"{""model_5"": 0, ""model_3"": 1, ""model_6"": 1, ""model_4"": 0}","{""model_5"": 0, ""model_3"": 1, ""model_6"": 1, ""model_4"": 0}","{""model_3"": 4.697451900203307, ""model_4"": 0.5294482409386323, ""model_5"": 6.252271192599064, ""model_6"": 1.9555896873084802}"
NEW,steady10s2,57,1787640255.0460746,False,False,True,0.1154305369325199,0.1154305369325199,0.1154305369325199,0.1635853253345904,0.0,0.0,1,1,14,False,False,"{""model_5"": 0, ""model_3"": 1, ""model_6"": 1, ""model_4"": 0}","{""model_5"": 0, ""model_3"": 1, ""model_6"": 1, ""model_4"": 0}","{""model_3"": 4.95827206867481, ""model_4"": 0.3656922894680752, ""model_5"": 6.312438160796684, ""model_6"": 1.848296955797276}"
NEW,steady10s2,58,1787640260.1026511,False,False,True,0.11950520682355086,0.11950520682355086,0.11950520682355086,0.15005153591467424,0.0,0.0,1,1,14,False,False,"{""model_5"": 0, ""model_3"": 1, ""model_6"": 1, ""model_4"": 0}","{""model_5"": 0, ""model_3"": 1, ""model_6"": 1, ""model_4"": 0}","{""model_3"": 5.333257078930023, ""model_4"": 0.3477875229716918, ""model_5"": 5.771996592841712, ""model_6"": 1.7135821773391648}"
NEW,steady10s2,59,1787640265.156013,False,False,True,0.10471321396320354,0.10471321396320354,0.10471321396320354,0.14962278797293999,0.0,0.0,1,1,14,False,False,"{""model_5"": 0, ""model_3"": 1, ""model_6"": 1, ""model_4"": 0}","{""model_5"": 0, ""model_3"": 1, ""model_6"": 1, ""model_4"": 0}","{""model_3"": 4.079684542406107, ""model_4"": 0.37082963361054766, ""model_5"": 5.737509353575, ""model_6"": 1.7266805886219405}"
NEW,steady10s2,60,1787640270.2094254,False,False,True,0.10392496364370438,0.10392496364370438,0.10392496364370438,0.14182249968765695,0.0,0.0,1,1,14,False,False,"{""model_5"": 0, ""model_3"": 1, ""model_6"": 1, ""model_4"": 0}","{""model_5"": 0, ""model_3"": 1, ""model_6"": 1, ""model_4"": 0}","{""model_3"": 4.517857943992042, ""model_4"": 0.3537248291222832, ""model_5"": 5.464794876912071, ""model_6"": 1.6102642774280331}"
NEW,steady10s2,61,1787640275.261722,False,False,True,0.10458428420335991,0.10458428420335991,0.10458428420335991,0.14375942515964543,0.0,0.0,1,1,14,False,False,"{""model_5"": 0, ""model_3"": 1, ""model_6"": 1, ""model_4"": 0}","{""model_5"": 0, ""model_3"": 1, ""model_6"": 1, ""model_4"": 0}","{""model_3"": 4.4973553276560105, ""model_4"": 0.38565771975942953, ""model_5"": 5.502041095320122, ""model_6"": 1.6696449152807844}"
NEW,steady10s2,62,1787640280.3184676,False,False,True,0.10649319643966046,0.10649319643966046,0.10649319643966046,0.13719366960780668,0.0,0.0,1,1,14,False,False,"{""model_5"": 0, ""model_3"": 1, ""model_6"": 1, ""model_4"": 0}","{""model_5"": 0, ""model_3"": 1, ""model_6"": 1, ""model_4"": 0}","{""model_3"": 4.405933825305173, ""model_4"": 0.40270069043117673, ""model_5"": 4.970513152283316, ""model_6"": 1.8736288577217584}"
NEW,steady10s2,63,1787640285.3746233,False,False,True,0.10825135013861772,0.10825135013861772,0.10825135013861772,0.1572426744361837,0.0,0.0,1,1,14,False,False,"{""model_5"": 0, ""model_3"": 1, ""model_6"": 1, ""model_4"": 0}","{""model_5"": 0, ""model_3"": 1, ""model_6"": 1, ""model_4"": 0}","{""model_3"": 4.21211127742901, ""model_4"": 0.4452166735290435, ""model_5"": 5.869515894029737, ""model_6"": 1.9748051810659735}"
NEW,steady10s2,64,1787640290.749755,False,False,True,0.11465021706590214,0.11465021706590214,0.11465021706590214,0.16514327641340792,0.0,0.0,1,1,14,False,False,"{""model_5"": 0, ""model_3"": 1, ""model_6"": 1, ""model_4"": 1}","{""model_5"": 0, ""model_3"": 1, ""model_6"": 1, ""model_4"": 1}","{""model_3"": 3.6317639953489382, ""model_4"": 0.5632885102784211, ""model_5"": 6.342044129274877, ""model_6"": 1.8964120546143124}"
NEW,steady10s2,65,1787640295.8053029,False,False,True,0.11626805221472784,0.11626805221472784,0.11626805221472784,0.16051747217745824,0.0,0.0,1,1,14,False,False,"{""model_5"": 0, ""model_3"": 1, ""model_6"": 1, ""model_4"": 0}","{""model_5"": 0, ""model_3"": 1, ""model_6"": 1, ""model_4"": 0}","{""model_3"": 4.0569412029732375, ""model_4"": 0.5718105794736861, ""model_5"": 6.210568161731932, ""model_6"": 1.797121827245876}"
NEW,steady10s2,66,1787640300.8604882,False,False,True,0.12005166961431056,0.12005166961431056,0.12005166961431056,0.16735806585919205,0.0,0.0,1,1,14,False,False,"{""model_5"": 0, ""model_3"": 1, ""model_6"": 1, ""model_4"": 0}","{""model_5"": 0, ""model_3"": 1, ""model_6"": 1, ""model_4"": 0}","{""model_3"": 4.002491631720165, ""model_4"": 0.6018361532425915, ""model_5"": 6.401256066231263, ""model_6"": 1.9476886958302269}"
NEW,steady10s2,67,1787640305.9282656,False,False,True,0.11709743345010257,0.11709743345010257,0.11709743345010257,0.15622478078609045,0.0,0.0,1,1,14,False,False,"{""model_5"": 0, ""model_3"": 1, ""model_6"": 1, ""model_4"": 0}","{""model_5"": 0, ""model_3"": 1, ""model_6"": 1, ""model_4"": 0}","{""model_3"": 4.381621979704519, ""model_4"": 0.6686860556370684, ""model_5"": 6.162073797593817, ""model_6"": 1.6314679032622814}"
NEW,steady10s2,68,1787640310.9956858,False,False,True,0.11718501767736932,0.11718501767736932,0.11718501767736932,0.1533207942649599,0.0,0.0,1,1,14,False,False,"{""model_5"": 0, ""model_3"": 1, ""model_6"": 1, ""model_4"": 0}","{""model_5"": 0, ""model_3"": 1, ""model_6"": 1, ""model_4"": 0}","{""model_3"": 4.407614367627797, ""model_4"": 0.6624409322695188, ""model_5"": 6.173428057906242, ""model_6"": 1.4752432841164256}"
NEW,steady10s2,69,1787640316.0557,False,False,True,0.1152386504374851,0.1152386504374851,0.1152386504374851,0.159827850105479,0.0,0.0,1,1,14,False,False,"{""model_5"": 0, ""model_3"": 1, ""model_6"": 1, ""model_4"": 0}","{""model_5"": 0, ""model_3"": 1, ""model_6"": 1, ""model_4"": 0}","{""model_3"": 4.260959040939995, ""model_4"": 0.5998365756424748, ""model_5"": 6.122493058373868, ""model_6"": 1.8507939482553215}"
NEW,steady10s2,70,1787640321.1165743,False,False,True,0.11589743291700834,0.11589743291700834,0.11589743291700834,0.1637931730701404,0.0,0.0,1,1,14,False,False,"{""model_5"": 0, ""model_3"": 1, ""model_6"": 1, ""model_4"": 0}","{""model_5"": 0, ""model_3"": 1, ""model_6"": 1, ""model_4"": 0}","{""model_3"": 4.16628849009875, ""model_4"": 0.5475380145924633, ""model_5"": 6.2132210262909116, ""model_6"": 1.9578829318292577}"
NEW,steady10s2,71,1787640326.1766748,False,False,True,0.11329271713303522,0.11329271713303522,0.11329271713303522,0.16326703248910668,0.0,0.0,1,1,14,False,False,"{""model_5"": 0, ""model_3"": 1, ""model_6"": 1, ""model_4"": 0}","{""model_5"": 0, ""model_3"": 1, ""model_6"": 1, ""model_4"": 0}","{""model_3"": 3.827715230167096, ""model_4"": 0.5212342302620532, ""model_5"": 6.087581360777719, ""model_6"": 2.057275170153458}"
NEW,steady10s2,72,1787640331.2559543,False,False,True,0.11710901334985918,0.11710901334985918,0.11710901334985918,0.16919503079396725,0.0,0.0,1,1,14,False,False,"{""model_5"": 0, ""model_3"": 1, ""model_6"": 1, ""model_4"": 0}","{""model_5"": 0, ""model_3"": 1, ""model_6"": 1, ""model_4"": 0}","{""model_3"": 4.387671932065972, ""model_4"": 0.5080673921426793, ""model_5"": 6.323367962779673, ""model_6"": 2.1172169523365607}"
NEW,steady10s2,73,1787640336.3815854,False,False,True,0.11900364804909333,0.11900364804909333,0.11900364804909333,0.1722930769573049,0.0,0.0,1,1,14,False,False,"{""model_5"": 0, ""model_3"": 1, ""model_6"": 1, ""model_4"": 0}","{""model_5"": 0, ""model_3"": 1, ""model_6"": 1, ""model_4"": 0}","{""model_3"": 3.9992425832297553, ""model_4"": 0.4732120052521487, ""model_5"": 6.4687449406116615, ""model_6"": 2.1263913321295145}"
NEW,steady10s2,74,1787640341.4479876,False,False,True,0.10735453806228179,0.10735453806228179,0.10735453806228179,0.1614000519197263,0.0,0.0,1,1,14,False,False,"{""model_5"": 0, ""model_3"": 1, ""model_6"": 1, ""model_4"": 0}","{""model_5"": 0, ""model_3"": 1, ""model_6"": 1, ""model_4"": 0}","{""model_3"": 3.92541075718907, ""model_4"": 0.45253844716657365, ""model_5"": 5.809879498743915, ""model_6"": 2.2418394976108695}"
NEW,steady10s2,75,1787640346.5571337,False,False,True,0.1071191545745251,0.1071191545745251,0.1071191545745251,0.15494966304269234,0.0,0.0,1,1,14,False,False,"{""model_5"": 0, ""model_3"": 1, ""model_6"": 1, ""model_4"": 0}","{""model_5"": 0, ""model_3"": 1, ""model_6"": 1, ""model_4"": 0}","{""model_3"": 3.9854621361842266, ""model_4"": 0.43392631968112316, ""model_5"": 5.814760769532434, ""model_6"": 1.9151694910856276}"
NEW,steady10s2,76,1787640352.0086823,False,False,True,0.10978436554132287,0.10978436554132287,0.10978436554132287,0.14748721230386075,0.0,0.0,1,1,14,False,False,"{""model_5"": 0, ""model_3"": 1, ""model_6"": 1, ""model_4"": 0}","{""model_5"": 0, ""model_3"": 1, ""model_6"": 1, ""model_4"": 0}","{""model_3"": 4.25065171469456, ""model_4"": 0.3971940237369558, ""model_5"": 5.134672411192866, ""model_6"": 2.222980668231375}"
NEW,steady10s2,77,1787640357.0749798,False,False,True,0.1092015539838988,0.1092015539838988,0.1092015539838988,0.13932527709752318,0.0,0.0,1,1,14,False,False,"{""model_5"": 0, ""model_3"": 1, ""model_6"": 1, ""model_4"": 0}","{""model_5"": 0, ""model_3"": 1, ""model_6"": 1, ""model_4"": 0}","{""model_3"": 4.206957614306291, ""model_4"": 0.4822866747329879, ""model_5"": 4.718172675433339, ""model_6"": 2.232308237896617}"
NEW,steady10s2,78,1787640362.1974492,False,False,True,0.10942256699003629,0.10942256699003629,0.10942256699003629,0.145658858851158,0.0,0.0,1,1,14,False,False,"{""model_5"": 0, ""model_3"": 1, ""model_6"": 1, ""model_4"": 0}","{""model_5"": 0, ""model_3"": 1, ""model_6"": 1, ""model_4"": 0}","{""model_3"": 4.074979023902755, ""model_4"": 0.4785027862323761, ""model_5"": 4.889123267613873, ""model_6"": 2.377319257339795}"
NEW,steady10s2,79,1787640367.2665348,False,False,True,0.1136907137556238,0.1136907137556238,0.1136907137556238,0.15054140972723656,0.0,0.0,1,1,14,False,False,"{""model_5"": 0, ""model_3"": 1, ""model_6"": 1, ""model_4"": 0}","{""model_5"": 0, ""model_3"": 1, ""model_6"": 1, ""model_4"": 0}","{""model_3"": 4.194185492654338, ""model_4"": 0.5740245832500845, ""model_5"": 5.0002252353438665, ""model_6"": 2.5097917319472987}"
NEW,steady10s2,80,1787640372.3375092,False,False,True,0.12184954809618016,0.12184954809618016,0.12184954809618016,0.147065359676425,0.0,0.0,1,1,14,False,False,"{""model_5"": 0, ""model_3"": 1, ""model_6"": 1, ""model_4"": 0}","{""model_5"": 0, ""model_3"": 1, ""model_6"": 1, ""model_4"": 0}","{""model_3"": 4.62171545953031, ""model_4"": 0.745009976013757, ""model_5"": 4.773246143677716, ""model_6"": 2.5633620923676896}"
NEW,steady10s2,81,1787640377.408634,False,False,True,0.11968580266700538,0.11968580266700538,0.11968580266700538,0.14623746067640556,0.0,0.0,1,1,14,False,False,"{""model_5"": 0, ""model_3"": 1, ""model_6"": 1, ""model_4"": 0}","{""model_5"": 0, ""model_3"": 1, ""model_6"": 1, ""model_4"": 0}","{""model_3"": 4.575220455270999, ""model_4"": 0.7558388664143627, ""model_5"": 4.8130391120623885, ""model_6"": 2.4822679594156396}"
NEW,steady10s2,82,1787640382.4801116,False,False,True,0.10742342164474462,0.10742342164474462,0.10742342164474462,0.14352134343769402,0.0,0.0,1,1,14,False,False,"{""model_5"": 0, ""model_3"": 1, ""model_6"": 1, ""model_4"": 0}","{""model_5"": 0, ""model_3"": 1, ""model_6"": 1, ""model_4"": 0}","{""model_3"": 4.269697861017651, ""model_4"": 0.8546524604669636, ""model_5"": 5.095091671972915, ""model_6"": 2.0647172227254837}"
NEW,steady10s2,83,1787640387.5635688,False,False,True,0.10650087901571384,0.10650087901571384,0.10650087901571384,0.13919601009246776,0.0,0.0,1,1,14,False,False,"{""model_5"": 0, ""model_3"": 1, ""model_6"": 1, ""model_4"": 0}","{""model_5"": 0, ""model_3"": 1, ""model_6"": 1, ""model_4"": 0}","{""model_3"": 4.146794199156291, ""model_4"": 0.8077374807765985, ""model_5"": 4.8108107058328455, ""model_6"": 2.133221500772256}"
NEW,steady10s2,84,1787640392.6426885,False,False,True,0.09994682155327099,0.09994682155327099,0.09994682155327099,0.13766398500545035,0.0,0.0,1,1,14,False,False,"{""model_5"": 0, ""model_3"": 1, ""model_6"": 1, ""model_4"": 0}","{""model_5"": 0, ""model_3"": 1, ""model_6"": 1, ""model_4"": 0}","{""model_3"": 3.942440252725008, ""model_4"": 0.819550839464368, ""model_5"": 4.916500829862525, ""model_6"": 1.9511036721085948}"
NEW,steady10s2,85,1787640397.7335174,False,False,True,0.08574730113369382,0.08574730113369382,0.08574730113369382,0.11667697275997414,0.0,0.0,1,1,14,False,False,"{""model_5"": 0, ""model_3"": 1, ""model_6"": 1, ""model_4"": 0}","{""model_5"": 0, ""model_3"": 1, ""model_6"": 1, ""model_4"": 0}","{""model_3"": 3.5005696580292964, ""model_4"": 0.6178935537075422, ""model_5"": 4.264957294177557, ""model_6"": 1.5556740305006846}"
NEW,steady10s2,86,1787640403.1872356,False,False,True,0.06603773398391592,0.06603773398391592,0.06603773398391592,0.09019098988082042,0.0,0.0,1,1,14,False,False,"{""model_5"": 0, ""model_3"": 1, ""model_6"": 1, ""model_4"": 0}","{""model_5"": 0, ""model_3"": 1, ""model_6"": 1, ""model_4"": 0}","{""model_3"": 2.669821569878, ""model_4"": 0.4067301094895275, ""model_5"": 3.27512046993173, ""model_6"": 1.2242120760368544}"
