arm,cond,cycle,timestamp,current_shape,current_colocated,plan_colocated,plan_changed,migration_decision,migration_reason,candidate,cand_from,cand_to,cooldown_active,blocked,misplaced,kvpr0,kvpr1,peak_kvpr,alg1_order,rates,solve_resid,current,plan
NEW,steady8s1,1,1787638109.3454728,2+2,False,True,,MIGRATE,literal line-8 absolute delta exceeds tau,model_6,1,0,False,[],"[""model_6""]",1.6425233431087275e-05,0.0009370451975182683,0.0009370451975182683,"[""model_3"", ""model_5"", ""model_6"", ""model_4""]","{""model_3"": 0.05489772822748917, ""model_4"": 0.00021535958886120094, ""model_5"": 0.0007427897214635638, ""model_6"": 0.0003568132422145751}",2.2360238907401657e-07,"{""model_4"": 0, ""model_5"": 0, ""model_3"": 1, ""model_6"": 1}","{""model_3"": 1, ""model_5"": 0, ""model_6"": 0, ""model_4"": 0}"
NEW,steady8s1,2,1787638114.7001376,3+1,True,False,,,migration cooldown active,,,,True,[],"[""model_5""]",0.012039343447953854,0.00327466767940076,0.012039343447953854,"[""model_6"", ""model_5"", ""model_3"", ""model_4""]","{""model_3"": 0.23986940751610566, ""model_4"": 0.0385480227936688, ""model_5"": 0.2418351331964233, ""model_6"": 0.2499593286293436}",4.1868153384763515e-16,"{""model_6"": 0, ""model_4"": 0, ""model_5"": 0, ""model_3"": 1}","{""model_6"": 0, ""model_5"": 1, ""model_3"": 1, ""model_4"": 0}"
NEW,steady8s1,3,1787638119.7074566,3+1,True,False,,,migration cooldown active,,,,True,[],"[""model_6""]",0.030830048115568866,0.00781729402588383,0.030830048115568866,"[""model_5"", ""model_3"", ""model_6"", ""model_4""]","{""model_3"": 0.5726167873959904, ""model_4"": 0.30239014264926994, ""model_5"": 0.7533074201673589, ""model_6"": 0.30239014264927}",1.6349798619880575e-16,"{""model_6"": 0, ""model_4"": 0, ""model_5"": 0, ""model_3"": 1}","{""model_5"": 0, ""model_3"": 1, ""model_6"": 1, ""model_4"": 0}"
NEW,steady8s1,4,1787638124.7124517,3+1,True,False,,,migration cooldown active,,,,True,[],"[""model_6""]",0.04624928550708454,0.013858834116324282,0.04624928550708454,"[""model_3"", ""model_5"", ""model_6"", ""model_4""]","{""model_3"": 1.0151595990207534, ""model_4"": 0.5261277454008546, ""model_5"": 0.9850616680396662, ""model_6"": 0.5261277454008546}",4.359549105281344e-16,"{""model_6"": 0, ""model_4"": 0, ""model_5"": 0, ""model_3"": 1}","{""model_3"": 1, ""model_5"": 0, ""model_6"": 1, ""model_4"": 0}"
NEW,steady8s1,5,1787638129.7260132,3+1,True,False,,,migration cooldown active,,,,True,[],"[""model_6""]",0.06876927064782509,0.019565412870104864,0.06876927064782509,"[""model_5"", ""model_3"", ""model_6"", ""model_4""]","{""model_3"": 1.4331664927351808, ""model_4"": 0.709843999111985, ""model_5"": 1.6096520998054182, ""model_6"": 0.7098439991119853}",1.465960227242053e-16,"{""model_6"": 0, ""model_4"": 0, ""model_5"": 0, ""model_3"": 1}","{""model_5"": 0, ""model_3"": 1, ""model_6"": 1, ""model_4"": 0}"
NEW,steady8s1,6,1787638134.7454715,3+1,True,False,,,migration cooldown active,,,,True,[],"[""model_6""]",0.09286491273474634,0.027393413422731248,0.09286491273474634,"[""model_5"", ""model_3"", ""model_6"", ""model_4""]","{""model_3"": 2.0065675332150636, ""model_4"": 0.9438104988693503, ""model_5"": 2.2031509589399496, ""model_6"": 0.9438104988693505}",2.1711755852097133e-16,"{""model_6"": 0, ""model_4"": 0, ""model_5"": 0, ""model_3"": 1}","{""model_5"": 0, ""model_3"": 1, ""model_6"": 1, ""model_4"": 0}"
NEW,steady8s1,7,1787638139.7558072,3+1,True,False,,MIGRATE,literal line-8 absolute delta exceeds tau,model_6,0,1,False,[],"[""model_6""]",0.10825750772582196,0.03629053714579254,0.10825750772582196,"[""model_3"", ""model_5"", ""model_6"", ""model_4""]","{""model_3"": 2.658281845929303, ""model_4"": 1.1057331783228452, ""model_5"": 2.557361434854677, ""model_6"": 1.1057331783228455}",1.862466959455222e-16,"{""model_6"": 0, ""model_4"": 0, ""model_5"": 0, ""model_3"": 1}","{""model_3"": 1, ""model_5"": 0, ""model_6"": 1, ""model_4"": 0}"
NEW,steady8s1,8,1787638145.686184,2+2,False,False,,,migration cooldown active,,,,True,[],[],0.055444104340061966,0.08290290013756196,0.08290290013756196,"[""model_3"", ""model_5"", ""model_6"", ""model_4""]","{""model_3"": 3.144406721787491, ""model_4"": 0.4989599267881315, ""model_5"": 2.7353155894709125, ""model_6"": 1.7441117509725341}",1.8168662441376955e-16,"{""model_4"": 0, ""model_5"": 0, ""model_3"": 1, ""model_6"": 1}","{""model_3"": 1, ""model_5"": 0, ""model_6"": 1, ""model_4"": 0}"
NEW,steady8s1,9,1787638150.7049117,2+2,False,True,,,migration cooldown active,,,,True,[],"[""model_6"", ""model_4""]",0.05251552219129413,0.0876377872006061,0.0876377872006061,"[""model_3"", ""model_5"", ""model_6"", ""model_4""]","{""model_3"": 3.381250958631857, ""model_4"": 0.5435362746879853, ""model_5"": 2.519903376263932, ""model_6"": 1.786469026782779}",7.527150449067699e-08,"{""model_4"": 0, ""model_5"": 0, ""model_3"": 1, ""model_6"": 1}","{""model_3"": 1, ""model_5"": 0, ""model_6"": 0, ""model_4"": 1}"
NEW,steady8s1,10,1787638155.7306623,2+2,False,True,,,migration cooldown active,,,,True,[],"[""model_6"", ""model_4""]",0.05183730841568277,0.08738719759100486,0.08738719759100486,"[""model_3"", ""model_5"", ""model_6"", ""model_4""]","{""model_3"": 3.433347794426001, ""model_4"": 0.571992857776247, ""model_5"": 2.451883881386247, ""model_6"": 1.7195956767948029}",6.625272763645184e-08,"{""model_4"": 0, ""model_5"": 0, ""model_3"": 1, ""model_6"": 1}","{""model_3"": 1, ""model_5"": 0, ""model_6"": 0, ""model_4"": 1}"
NEW,steady8s1,11,1787638160.7434309,2+2,False,True,,,migration cooldown active,,,,True,[],"[""model_6"", ""model_4""]",0.049367188487053494,0.09244969620848513,0.09244969620848513,"[""model_3"", ""model_5"", ""model_6"", ""model_4""]","{""model_3"": 3.4965362068785386, ""model_4"": 0.6796047520546566, ""model_5"": 2.2001800497868014, ""model_6"": 1.95492654975557}",5.487571705113914e-08,"{""model_4"": 0, ""model_5"": 0, ""model_3"": 1, ""model_6"": 1}","{""model_3"": 1, ""model_5"": 0, ""model_6"": 0, ""model_4"": 1}"
NEW,steady8s1,12,1787638165.7571652,2+2,False,True,,,migration cooldown active,,,,True,[],"[""model_6"", ""model_4""]",0.050311354797344686,0.09311677380117232,0.09311677380117232,"[""model_3"", ""model_5"", ""model_6"", ""model_4""]","{""model_3"": 3.7085086515529317, ""model_4"": 0.7133527832201474, ""model_5"": 2.221509001413238, ""model_6"": 1.782289454561282}",4.0016982746742004e-08,"{""model_4"": 0, ""model_5"": 0, ""model_3"": 1, ""model_6"": 1}","{""model_3"": 1, ""model_5"": 0, ""model_6"": 0, ""model_4"": 1}"
NEW,steady8s1,13,1787638170.7669048,2+2,False,True,,MIGRATE,literal line-8 absolute delta exceeds tau,model_6,1,0,False,[],"[""model_6"", ""model_4""]",0.048756326032142173,0.08774686642818633,0.08774686642818633,"[""model_3"", ""model_5"", ""model_6"", ""model_4""]","{""model_3"": 3.3355402657773086, ""model_4"": 0.7689737159862449, ""model_5"": 2.075177044955142, ""model_6"": 1.8386116556515972}",5.263477186632984e-08,"{""model_4"": 0, ""model_5"": 0, ""model_3"": 1, ""model_6"": 1}","{""model_3"": 1, ""model_5"": 0, ""model_6"": 0, ""model_4"": 1}"
NEW,steady8s1,14,1787638175.7791069,3+1,True,True,,,migration cooldown active,,,,True,[],"[""model_4""]",0.11413625366231513,0.0456740430837298,0.11413625366231513,"[""model_3"", ""model_5"", ""model_6"", ""model_4""]","{""model_3"": 3.345623655883207, ""model_4"": 0.6996044719593439, ""model_5"": 2.2295734899473696, ""model_6"": 2.0986131808664394}",3.533076034698756e-16,"{""model_6"": 0, ""model_4"": 0, ""model_5"": 0, ""model_3"": 1}","{""model_3"": 1, ""model_5"": 0, ""model_6"": 0, ""model_4"": 1}"
NEW,steady8s1,15,1787638180.7937734,3+1,True,True,,,migration cooldown active,,,,True,[],"[""model_4""]",0.11715732883881592,0.04378357636175906,0.11715732883881592,"[""model_3"", ""model_5"", ""model_6"", ""model_4""]","{""model_3"": 3.2071469684988503, ""model_4"": 0.6877912314120005, ""model_5"": 2.3186036245466672, ""model_6"": 2.1544770085543274}",3.4419704383958304e-16,"{""model_6"": 0, ""model_4"": 0, ""model_5"": 0, ""model_3"": 1}","{""model_3"": 1, ""model_5"": 0, ""model_6"": 0, ""model_4"": 1}"
NEW,steady8s1,16,1787638185.808663,3+1,True,True,,,migration cooldown active,,,,True,[],"[""model_4""]",0.11632943228035389,0.04179216238764426,0.11632943228035389,"[""model_3"", ""model_5"", ""model_6"", ""model_4""]","{""model_3"": 3.0612758948949415, ""model_4"": 0.5767951577488686, ""model_5"": 2.2954706455923786, ""model_6"": 2.252136570977308}",6.93293269983105e-16,"{""model_6"": 0, ""model_4"": 0, ""model_5"": 0, ""model_3"": 1}","{""model_3"": 1, ""model_5"": 0, ""model_6"": 0, ""model_4"": 1}"
NEW,steady8s1,17,1787638191.1949458,3+1,True,False,,,migration cooldown active,,,,True,[],"[""model_6""]",0.11524333704880743,0.03695587130765118,0.11524333704880743,"[""model_3"", ""model_5"", ""model_6"", ""model_4""]","{""model_3"": 2.7070175732854485, ""model_4"": 1.313133604801353, ""model_5"": 2.4502918212543277, ""model_6"": 1.313133604801353}",5.248703389253296e-16,"{""model_6"": 0, ""model_4"": 0, ""model_5"": 0, ""model_3"": 1}","{""model_3"": 1, ""model_5"": 0, ""model_6"": 1, ""model_4"": 0}"
NEW,steady8s1,18,1787638196.248677,3+1,True,False,,,migration cooldown active,,,,True,[],"[""model_6""]",0.11362716772205202,0.033340124276309085,0.11362716772205202,"[""model_3"", ""model_5"", ""model_6"", ""model_4""]","{""model_3"": 2.44216410323964, ""model_4"": 1.3325041977254433, ""model_5"": 2.3403571139302857, ""model_6"": 1.3325041977254433}",3.548905341819615e-16,"{""model_6"": 0, ""model_4"": 0, ""model_5"": 0, ""model_3"": 1}","{""model_3"": 1, ""model_5"": 0, ""model_6"": 1, ""model_4"": 0}"
NEW,steady8s1,19,1787638201.2663045,3+1,True,False,,MIGRATE,literal line-8 absolute delta exceeds tau,model_6,0,1,False,[],"[""model_6""]",0.11237865501777886,0.03410334668267105,0.11237865501777886,"[""model_3"", ""model_5"", ""model_6"", ""model_4""]","{""model_3"": 2.498070144505654, ""model_4"": 1.2887696866126075, ""model_5"": 2.3728281761321743, ""model_6"": 1.2887696866126075}",3.5883332332178845e-16,"{""model_6"": 0, ""model_4"": 0, ""model_5"": 0, ""model_3"": 1}","{""model_3"": 1, ""model_5"": 0, ""model_6"": 1, ""model_4"": 0}"
NEW,steady8s1,20,1787638208.0064497,2+2,False,False,,,migration cooldown active,,,,True,[],[],0.04720803590370571,0.0749220779934056,0.0749220779934056,"[""model_3"", ""model_5"", ""model_6"", ""model_4""]","{""model_3"": 2.3508546370436463, ""model_4"": 0.5449516823938672, ""model_5"": 2.2088811463873417, ""model_6"": 2.06706031744641}",3.0156027068745753e-16,"{""model_4"": 0, ""model_5"": 0, ""model_3"": 1, ""model_6"": 1}","{""model_3"": 1, ""model_5"": 0, ""model_6"": 1, ""model_4"": 0}"
NEW,steady8s1,21,1787638213.0215755,2+2,False,True,,,migration cooldown active,,,,True,[],"[""model_6"", ""model_4""]",0.04876347421785646,0.07852542217450893,0.07852542217450893,"[""model_3"", ""model_5"", ""model_6"", ""model_4""]","{""model_3"": 2.614251370434171, ""model_4"": 0.5883589596909726, ""model_5"": 2.2562087834041815, ""model_6"": 2.016141781738391}",1.151705100236273e-07,"{""model_4"": 0, ""model_5"": 0, ""model_3"": 1, ""model_6"": 1}","{""model_3"": 1, ""model_5"": 0, ""model_6"": 0, ""model_4"": 1}"
NEW,steady8s1,22,1787638218.0415883,2+2,False,True,,,migration cooldown active,,,,True,[],"[""model_6"", ""model_4""]",0.04860862061837475,0.08179695032198248,0.08179695032198248,"[""model_3"", ""model_5"", ""model_6"", ""model_4""]","{""model_3"": 2.9048732116572373, ""model_4"": 0.6533938218523838, ""model_5"": 2.18214069379019, ""model_6"": 1.9184313651309135}",8.75245139449396e-08,"{""model_4"": 0, ""model_5"": 0, ""model_3"": 1, ""model_6"": 1}","{""model_3"": 1, ""model_5"": 0, ""model_6"": 0, ""model_4"": 1}"
NEW,steady8s1,23,1787638223.0637128,2+2,False,True,,,migration cooldown active,,,,True,[],"[""model_6"", ""model_4""]",0.046429810976163846,0.08418113777657471,0.08418113777657471,"[""model_3"", ""model_6"", ""model_5"", ""model_4""]","{""model_3"": 2.9383730197230373, ""model_4"": 0.7746000983132313, ""model_5"": 1.9338357697045145, ""model_6"": 2.0255174588757274}",3.169647703899955e-07,"{""model_4"": 0, ""model_5"": 0, ""model_3"": 1, ""model_6"": 1}","{""model_3"": 1, ""model_6"": 0, ""model_5"": 0, ""model_4"": 1}"
NEW,steady8s1,24,1787638228.084853,2+2,False,True,,,migration cooldown active,,,,True,[],"[""model_6"", ""model_4""]",0.04517052655547835,0.08868249620017658,0.08868249620017658,"[""model_3"", ""model_6"", ""model_5"", ""model_4""]","{""model_3"": 2.9075630992421457, ""model_4"": 0.7821062207079716, ""model_5"": 1.852870569589824, ""model_6"": 2.321758022981557}",3.0932878873390087e-07,"{""model_4"": 0, ""model_5"": 0, ""model_3"": 1, ""model_6"": 1}","{""model_3"": 1, ""model_6"": 0, ""model_5"": 0, ""model_4"": 1}"
NEW,steady8s1,25,1787638233.1065848,2+2,False,True,,MIGRATE,literal line-8 absolute delta exceeds tau,model_6,1,0,False,[],"[""model_6"", ""model_4""]",0.045546597310365956,0.08842178685258037,0.08842178685258037,"[""model_3"", ""model_6"", ""model_5"", ""model_4""]","{""model_3"": 2.9196630037809284, ""model_4"": 0.835666137261476, ""model_5"": 1.8212483585758286, ""model_6"": 2.294284923667904}",3.101702089210477e-07,"{""model_4"": 0, ""model_5"": 0, ""model_3"": 1, ""model_6"": 1}","{""model_3"": 1, ""model_6"": 0, ""model_5"": 0, ""model_4"": 1}"
NEW,steady8s1,26,1787638238.1285253,3+1,True,True,,,migration cooldown active,,,,True,[],"[""model_4""]",0.11277732655146736,0.042009351930136045,0.11277732655146736,"[""model_3"", ""model_6"", ""model_5"", ""model_4""]","{""model_3"": 3.077185028882465, ""model_4"": 0.7625165512979034, ""model_5"": 1.9228009198612108, ""model_6"": 2.282611870719391}",8.939120895027479e-17,"{""model_6"": 0, ""model_4"": 0, ""model_5"": 0, ""model_3"": 1}","{""model_3"": 1, ""model_6"": 0, ""model_5"": 0, ""model_4"": 1}"
NEW,steady8s1,27,1787638243.1586196,3+1,True,True,,,migration cooldown active,,,,True,[],"[""model_4""]",0.10620944342944366,0.04241314093871232,0.10620944342944366,"[""model_3"", ""model_6"", ""model_5"", ""model_4""]","{""model_3"": 3.1067625737606774, ""model_4"": 0.7075413245292976, ""model_5"": 1.8428963768633793, ""model_6"": 2.128171257801995}",2.847572090700033e-16,"{""model_6"": 0, ""model_4"": 0, ""model_5"": 0, ""model_3"": 1}","{""model_3"": 1, ""model_6"": 0, ""model_5"": 0, ""model_4"": 1}"
NEW,steady8s1,28,1787638248.180862,3+1,True,True,,,migration cooldown active,,,,True,[],"[""model_4""]",0.10459560551871029,0.04841185492218254,0.10459560551871029,"[""model_3"", ""model_6"", ""model_5"", ""model_4""]","{""model_3"": 3.5461683730498708, ""model_4"": 0.6845606660857986, ""model_5"": 1.8586012796676714, ""model_6"": 2.06435619266253}",2.8915081602005427e-16,"{""model_6"": 0, ""model_4"": 0, ""model_5"": 0, ""model_3"": 1}","{""model_3"": 1, ""model_6"": 0, ""model_5"": 0, ""model_4"": 1}"
NEW,steady8s1,29,1787638253.2088592,3+1,True,True,,,migration cooldown active,,,,True,[],"[""model_4""]",0.10653272118721534,0.04567863159519089,0.10653272118721534,"[""model_3"", ""model_5"", ""model_6"", ""model_4""]","{""model_3"": 3.3459597643477315, ""model_4"": 0.6170955502111614, ""model_5"": 2.078572439250349, ""model_6"": 1.9971816075237525}",1.892620680344626e-16,"{""model_6"": 0, ""model_4"": 0, ""model_5"": 0, ""model_3"": 1}","{""model_3"": 1, ""model_5"": 0, ""model_6"": 0, ""model_4"": 1}"
NEW,steady8s1,30,1787638258.2331328,3+1,True,True,,,migration cooldown active,,,,True,[],"[""model_4""]",0.10607803810654408,0.05029773313269219,0.10607803810654408,"[""model_3"", ""model_5"", ""model_6"", ""model_4""]","{""model_3"": 3.684308951969702, ""model_4"": 0.6422603844852747, ""model_5"": 2.176197855020734, ""model_6"": 1.8543622125545272}",1.9007330343892673e-16,"{""model_6"": 0, ""model_4"": 0, ""model_5"": 0, ""model_3"": 1}","{""model_3"": 1, ""model_5"": 0, ""model_6"": 0, ""model_4"": 1}"
NEW,steady8s1,31,1787638263.2592196,3+1,True,True,,MIGRATE,literal line-8 absolute delta exceeds tau,model_4,0,1,False,[],"[""model_4""]",0.10623010804822135,0.04805395102821722,0.10623010804822135,"[""model_3"", ""model_5"", ""model_6"", ""model_4""]","{""model_3"": 3.5199519128169103, ""model_4"": 0.7012347313684776, ""model_5"": 2.1715288133969337, ""model_6"": 1.8067557070306508}",1.898012107460035e-16,"{""model_6"": 0, ""model_4"": 0, ""model_5"": 0, ""model_3"": 1}","{""model_3"": 1, ""model_5"": 0, ""model_6"": 0, ""model_4"": 1}"
NEW,steady8s1,32,1787638268.2862167,2+2,True,True,,,migration cooldown active,,,,True,[],[],0.08723178452317422,0.06615394658869736,0.08723178452317422,"[""model_3"", ""model_5"", ""model_6"", ""model_4""]","{""model_3"": 3.6596609979045267, ""model_4"": 0.80004529204758, ""model_5"": 2.3727220615498155, ""model_6"": 1.9789854390183799}",1.9915625872072032e-16,"{""model_6"": 0, ""model_5"": 0, ""model_3"": 1, ""model_4"": 1}","{""model_3"": 1, ""model_5"": 0, ""model_6"": 0, ""model_4"": 1}"
NEW,steady8s1,33,1787638273.3266017,2+2,True,True,,,migration cooldown active,,,,True,[],[],0.09558448364277049,0.06308262672340245,0.09558448364277049,"[""model_3"", ""model_5"", ""model_6"", ""model_4""]","{""model_3"": 3.393575130155461, ""model_4"": 0.8590810104401627, ""model_5"": 2.6527584443955203, ""model_6"": 2.115637807955346}",1.862635512437215e-16,"{""model_6"": 0, ""model_5"": 0, ""model_3"": 1, ""model_4"": 1}","{""model_3"": 1, ""model_5"": 0, ""model_6"": 0, ""model_4"": 1}"
NEW,steady8s1,34,1787638278.3582752,2+2,True,False,,,migration cooldown active,,,,True,[],"[""model_6"", ""model_4""]",0.09980214437953339,0.05591549525561906,0.09980214437953339,"[""model_3"", ""model_5"", ""model_6"", ""model_4""]","{""model_3"": 2.808857748809555, ""model_4"": 0.9606329430712073, ""model_5"": 2.764179100486099, ""model_6"": 2.2146217175955623}",1.3720114124190165e-07,"{""model_6"": 0, ""model_5"": 0, ""model_3"": 1, ""model_4"": 1}","{""model_3"": 1, ""model_5"": 0, ""model_6"": 1, ""model_4"": 0}"
NEW,steady8s1,35,1787638283.3895826,2+2,True,True,,,migration cooldown active,,,,True,[],[],0.09629193020764233,0.057719452845107835,0.09629193020764233,"[""model_3"", ""model_5"", ""model_6"", ""model_4""]","{""model_3"": 3.006826323641871, ""model_4"": 0.8842764779240327, ""model_5"": 2.537942466282958, ""model_6"": 2.265745973880324}",1.8489509275292116e-16,"{""model_6"": 0, ""model_5"": 0, ""model_3"": 1, ""model_4"": 1}","{""model_3"": 1, ""model_5"": 0, ""model_6"": 0, ""model_4"": 1}"
NEW,steady8s1,36,1787638288.4378104,2+2,True,True,,,migration cooldown active,,,,True,[],[],0.09625304850976671,0.054980277726685185,0.09625304850976671,"[""model_3"", ""model_5"", ""model_6"", ""model_4""]","{""model_3"": 2.842133176024554, ""model_4"": 0.8643107029095601, ""model_5"": 2.401797457116214, ""model_6"": 2.399951302720626}",3.699395633228862e-16,"{""model_6"": 0, ""model_5"": 0, ""model_3"": 1, ""model_4"": 1}","{""model_3"": 1, ""model_5"": 0, ""model_6"": 0, ""model_4"": 1}"
NEW,steady8s1,37,1787638293.4703722,2+2,True,False,,MIGRATE,literal line-8 absolute delta exceeds tau,model_5,0,1,False,[],"[""model_5"", ""model_4""]",0.09548540508443203,0.05367016276042407,0.09548540508443203,"[""model_3"", ""model_6"", ""model_5"", ""model_4""]","{""model_3"": 2.84773441518717, ""model_4"": 0.7703892915292352, ""model_5"": 2.18755657154317, ""model_6"": 2.575896408054242}",1.1291890412044966e-07,"{""model_6"": 0, ""model_5"": 0, ""model_3"": 1, ""model_4"": 1}","{""model_3"": 1, ""model_6"": 0, ""model_5"": 1, ""model_4"": 0}"
NEW,steady8s1,38,1787638298.499838,1+3,False,False,,,migration cooldown active,,,,True,[],"[""model_4""]",0.04244560476978064,0.100184558915949,0.100184558915949,"[""model_3"", ""model_6"", ""model_5"", ""model_4""]","{""model_3"": 2.774687410809843, ""model_4"": 0.7205533607095522, ""model_5"": 1.7478163694041489, ""model_6"": 2.7575549833148694}",1.6940086591230175e-16,"{""model_6"": 0, ""model_3"": 1, ""model_4"": 1, ""model_5"": 1}","{""model_3"": 1, ""model_6"": 0, ""model_5"": 1, ""model_4"": 0}"
NEW,steady8s1,39,1787638303.547885,1+3,False,False,,,migration cooldown active,,,,True,[],"[""model_4""]",0.04345533644458716,0.10215059168292236,0.10215059168292236,"[""model_3"", ""model_6"", ""model_5"", ""model_4""]","{""model_3"": 3.0706869319016468, ""model_4"": 0.63706031856041, ""model_5"": 1.6382002185690088, ""model_6"": 2.8231540159302786}",3.322810128028081e-16,"{""model_6"": 0, ""model_3"": 1, ""model_4"": 1, ""model_5"": 1}","{""model_3"": 1, ""model_6"": 0, ""model_5"": 1, ""model_4"": 0}"
NEW,steady8s1,40,1787638308.5829096,1+3,False,True,,,migration cooldown active,,,,True,"[{""model"": ""model_5"", ""reason"": ""target memory infeasible"", ""need_gib"": 21.538958125, ""weights_gib"": 15.080078125, ""reserve_gib"": 6.45888, ""free_gib"": 21.3203125}]","[""model_5""]",0.044863625765704254,0.10394241160900619,0.10394241160900619,"[""model_3"", ""model_6"", ""model_5"", ""model_4""]","{""model_3"": 3.3396857396765967, ""model_4"": 1.0500174026844753, ""model_5"": 1.0500174026844757, ""model_6"": 2.9146460621965242}",1.6327647943405302e-16,"{""model_6"": 0, ""model_3"": 1, ""model_4"": 1, ""model_5"": 1}","{""model_3"": 1, ""model_6"": 0, ""model_5"": 0, ""model_4"": 1}"
NEW,steady8s1,41,1787638313.6195192,1+3,False,True,,,migration cooldown active,,,,True,"[{""model"": ""model_5"", ""reason"": ""target memory infeasible"", ""need_gib"": 21.538958125, ""weights_gib"": 15.080078125, ""reserve_gib"": 6.45888, ""free_gib"": 21.3203125}]","[""model_5""]",0.04269823382905623,0.10537428789835349,0.10537428789835349,"[""model_3"", ""model_6"", ""model_5"", ""model_4""]","{""model_3"": 3.2768334568103965, ""model_4"": 1.1189114397943933, ""model_5"": 1.1189114397943936, ""model_6"": 2.773967484093549}",1.6105780043585906e-16,"{""model_6"": 0, ""model_3"": 1, ""model_4"": 1, ""model_5"": 1}","{""model_3"": 1, ""model_6"": 0, ""model_5"": 0, ""model_4"": 1}"
NEW,steady8s1,42,1787638318.6533318,1+3,False,True,,,migration cooldown active,,,,True,"[{""model"": ""model_5"", ""reason"": ""target memory infeasible"", ""need_gib"": 21.538958125, ""weights_gib"": 15.080078125, ""reserve_gib"": 6.45888, ""free_gib"": 21.3203125}]","[""model_5""]",0.04117696753733141,0.10690451455222466,0.10690451455222466,"[""model_3"", ""model_6"", ""model_5"", ""model_4""]","{""model_3"": 3.1864202798531336, ""model_4"": 1.2041594571699754, ""model_5"": 1.2041594571699756, ""model_6"": 2.6751356859262785}",1.5875242596151524e-16,"{""model_6"": 0, ""model_3"": 1, ""model_4"": 1, ""model_5"": 1}","{""model_3"": 1, ""model_6"": 0, ""model_5"": 0, ""model_4"": 1}"
NEW,steady8s1,43,1787638323.6872218,1+3,False,True,,,line-8 placement unchanged or every candidate blocked,,,,False,"[{""model"": ""model_5"", ""reason"": ""target memory infeasible"", ""need_gib"": 21.538958125, ""weights_gib"": 15.080078125, ""reserve_gib"": 6.45888, ""free_gib"": 21.4296875}]","[""model_5""]",0.03592589209095996,0.11459513116110472,0.11459513116110472,"[""model_3"", ""model_6"", ""model_5"", ""model_4""]","{""model_3"": 3.5533386869597416, ""model_4"": 1.221940558338294, ""model_5"": 1.2219405583382945, ""model_6"": 2.3339901340265645}",7.404918018525774e-17,"{""model_6"": 0, ""model_3"": 1, ""model_4"": 1, ""model_5"": 1}","{""model_3"": 1, ""model_6"": 0, ""model_5"": 0, ""model_4"": 1}"
NEW,steady8s1,44,1787638328.7474203,1+3,False,True,,,line-8 placement unchanged or every candidate blocked,,,,False,"[{""model"": ""model_5"", ""reason"": ""target memory infeasible"", ""need_gib"": 21.538958125, ""weights_gib"": 15.080078125, ""reserve_gib"": 6.45888, ""free_gib"": 21.4296875}]","[""model_5""]",0.033580050826257944,0.10809493372395053,0.10809493372395053,"[""model_3"", ""model_6"", ""model_5"", ""model_4""]","{""model_3"": 3.0184780837454084, ""model_4"": 1.3192802443902394, ""model_5"": 1.3192802443902398, ""model_6"": 2.1815883410816754}",1.5700413004317745e-16,"{""model_6"": 0, ""model_3"": 1, ""model_4"": 1, ""model_5"": 1}","{""model_3"": 1, ""model_6"": 0, ""model_5"": 0, ""model_4"": 1}"
NEW,steady8s1,45,1787638333.783902,1+3,False,True,,,line-8 placement unchanged or every candidate blocked,,,,False,"[{""model"": ""model_5"", ""reason"": ""target memory infeasible"", ""need_gib"": 21.538958125, ""weights_gib"": 15.080078125, ""reserve_gib"": 6.45888, ""free_gib"": 21.4296875}]","[""model_5""]",0.03145153331751661,0.10407742639474704,0.10407742639474704,"[""model_3"", ""model_6"", ""model_5"", ""model_4""]","{""model_3"": 2.8936698072517406, ""model_4"": 1.2765582997405818, ""model_5"": 1.2765582997405822, ""model_6"": 2.043305376446396}",8.153233424044556e-17,"{""model_6"": 0, ""model_3"": 1, ""model_4"": 1, ""model_5"": 1}","{""model_3"": 1, ""model_6"": 0, ""model_5"": 0, ""model_4"": 1}"
NEW,steady8s1,46,1787638338.828556,1+3,False,True,,,line-8 placement unchanged or every candidate blocked,,,,False,"[{""model"": ""model_5"", ""reason"": ""target memory infeasible"", ""need_gib"": 21.538958125, ""weights_gib"": 15.080078125, ""reserve_gib"": 6.45888, ""free_gib"": 21.4296875}]","[""model_5""]",0.02960388911070281,0.10666649437794211,0.10666649437794211,"[""model_3"", ""model_6"", ""model_5"", ""model_4""]","{""model_3"": 3.0897330782247368, ""model_4"": 1.2462747859432552, ""model_5"": 1.2462747859432557, ""model_6"": 1.9232698505650536}",3.9776668227397305e-17,"{""model_6"": 0, ""model_3"": 1, ""model_4"": 1, ""model_5"": 1}","{""model_3"": 1, ""model_6"": 0, ""model_5"": 0, ""model_4"": 1}"
NEW,steady8s1,47,1787638343.8758988,1+3,False,True,,,line-8 placement unchanged or every candidate blocked,,,,False,"[{""model"": ""model_5"", ""reason"": ""target memory infeasible"", ""need_gib"": 21.538958125, ""weights_gib"": 15.080078125, ""reserve_gib"": 6.45888, ""free_gib"": 21.4296875}]","[""model_5""]",0.028862477741089628,0.11252718668769826,0.11252718668769826,"[""model_3"", ""model_6"", ""model_5"", ""model_4""]","{""model_3"": 3.272464046771569, ""model_4"": 1.308265991552569, ""model_5"": 1.3082659915525694, ""model_6"": 1.8751027287145783}",1.5082000653322227e-16,"{""model_6"": 0, ""model_3"": 1, ""model_4"": 1, ""model_5"": 1}","{""model_3"": 1, ""model_6"": 0, ""model_5"": 0, ""model_4"": 1}"
NEW,steady8s1,48,1787638348.9173431,1+3,False,True,,MIGRATE,literal line-8 absolute delta exceeds tau,model_5,1,0,False,[],"[""model_5""]",0.030095025107928046,0.1098872272170692,0.1098872272170692,"[""model_3"", ""model_6"", ""model_5"", ""model_4""]","{""model_3"": 3.21622189704103, ""model_4"": 1.2673072675745722, ""model_5"": 1.2673072675745727, ""model_6"": 1.9551773831347858}",1.5444334579376438e-16,"{""model_6"": 0, ""model_3"": 1, ""model_4"": 1, ""model_5"": 1}","{""model_3"": 1, ""model_6"": 0, ""model_5"": 0, ""model_4"": 1}"
NEW,steady8s1,49,1787638354.3155055,2+2,True,True,,,migration cooldown active,,,,True,[],[],0.07294122784284966,0.0495666153789178,0.07294122784284966,"[""model_3"", ""model_6"", ""model_5"", ""model_4""]","{""model_3"": 2.6851705230913154, ""model_4"": 0.6563163839765118, ""model_5"": 1.7096160901905864, ""model_6"": 1.9291824284853225}",3.661284412182774e-16,"{""model_6"": 0, ""model_5"": 0, ""model_3"": 1, ""model_4"": 1}","{""model_3"": 1, ""model_6"": 0, ""model_5"": 0, ""model_4"": 1}"
NEW,steady8s1,50,1787638359.3535948,2+2,True,True,,,migration cooldown active,,,,True,[],[],0.07194875935677227,0.045884740034219794,0.07194875935677227,"[""model_3"", ""model_6"", ""model_5"", ""model_4""]","{""model_3"": 2.5810889352433644, ""model_4"": 0.5121877972197812, ""model_5"": 1.6326829653271868, ""model_6"": 1.9566045571155404}",4.949051387756564e-16,"{""model_6"": 0, ""model_5"": 0, ""model_3"": 1, ""model_4"": 1}","{""model_3"": 1, ""model_6"": 0, ""model_5"": 0, ""model_4"": 1}"
NEW,steady8s1,51,1787638364.4339101,2+2,True,True,,,migration cooldown active,,,,True,[],[],0.0734110938675433,0.04190480280496204,0.0734110938675433,"[""model_3"", ""model_6"", ""model_5"", ""model_4""]","{""model_3"": 2.3785275672895483, ""model_4"": 0.44644542805433796, ""model_5"": 1.7431483232785676, ""model_6"": 1.9190902696214138}",2.4252336301136836e-16,"{""model_6"": 0, ""model_5"": 0, ""model_3"": 1, ""model_4"": 1}","{""model_3"": 1, ""model_6"": 0, ""model_5"": 0, ""model_4"": 1}"
NEW,steady8s1,52,1787638369.472455,2+2,True,True,,,migration cooldown active,,,,True,[],[],0.07038289290004758,0.04077050822311897,0.07038289290004758,"[""model_3"", ""model_6"", ""model_5"", ""model_4""]","{""model_3"": 2.169468102354914, ""model_4"": 0.5790374871551931, ""model_5"": 1.60732149258912, ""model_6"": 1.9038500903269249}",2.5295785145381263e-16,"{""model_6"": 0, ""model_5"": 0, ""model_3"": 1, ""model_4"": 1}","{""model_3"": 1, ""model_6"": 0, ""model_5"": 0, ""model_4"": 1}"
NEW,steady8s1,53,1787638374.5766854,2+2,True,True,,,migration cooldown active,,,,True,[],[],0.07084510529150659,0.0393358143011119,0.07084510529150659,"[""model_3"", ""model_6"", ""model_5"", ""model_4""]","{""model_3"": 2.1284628696828474, ""model_4"": 0.5233241741007046, ""model_5"": 1.7011268052105886, ""model_6"": 1.8331030372809358}",3.7696123028913684e-16,"{""model_6"": 0, ""model_5"": 0, ""model_3"": 1, ""model_4"": 1}","{""model_3"": 1, ""model_6"": 0, ""model_5"": 0, ""model_4"": 1}"
NEW,steady8s1,54,1787638379.619589,2+2,True,True,,,line-8 placement unchanged or every candidate blocked,,,,False,[],[],0.06679966021466865,0.04427466025888007,0.06679966021466865,"[""model_3"", ""model_5"", ""model_6"", ""model_4""]","{""model_3"": 2.3912996889415035, ""model_4"": 0.5934350249169041, ""model_5"": 1.7990666293164392, ""model_6"": 1.5333492324083011}",2.6652688516505734e-16,"{""model_6"": 0, ""model_5"": 0, ""model_3"": 1, ""model_4"": 1}","{""model_3"": 1, ""model_5"": 0, ""model_6"": 0, ""model_4"": 1}"
NEW,steady8s1,55,1787638384.683555,2+2,True,True,,,line-8 placement unchanged or every candidate blocked,,,,False,[],[],0.07060906028426689,0.049858639829359695,0.07060906028426689,"[""model_3"", ""model_5"", ""model_6"", ""model_4""]","{""model_3"": 2.754632939093176, ""model_4"": 0.6065405225282681, ""model_5"": 2.0198910752057584, ""model_6"": 1.5025632563972597}",2.5214760393953163e-16,"{""model_6"": 0, ""model_5"": 0, ""model_3"": 1, ""model_4"": 1}","{""model_3"": 1, ""model_5"": 0, ""model_6"": 0, ""model_4"": 1}"
NEW,steady8s1,56,1787638389.7281816,2+2,True,True,,,line-8 placement unchanged or every candidate blocked,,,,False,[],[],0.0711154737645037,0.05397627826410288,0.0711154737645037,"[""model_3"", ""model_5"", ""model_6"", ""model_4""]","{""model_3"": 2.976352489524926, ""model_4"": 0.6624077068886985, ""model_5"": 2.0945957411865748, ""model_6"": 1.4531218972762248}",3.6613229716629204e-16,"{""model_6"": 0, ""model_5"": 0, ""model_3"": 1, ""model_4"": 1}","{""model_3"": 1, ""model_5"": 0, ""model_6"": 0, ""model_4"": 1}"
NEW,steady8s1,57,1787638394.771963,2+2,True,True,,,line-8 placement unchanged or every candidate blocked,,,,False,[],[],0.07369720380055238,0.05635450798094411,0.07369720380055238,"[""model_3"", ""model_5"", ""model_6"", ""model_4""]","{""model_3"": 3.1438465410132848, ""model_4"": 0.6552397821708316, ""model_5"": 1.997182554580907, ""model_6"": 1.679329124078681}",3.5068106281764585e-16,"{""model_6"": 0, ""model_5"": 0, ""model_3"": 1, ""model_4"": 1}","{""model_3"": 1, ""model_5"": 0, ""model_6"": 0, ""model_4"": 1}"
NEW,steady8s1,58,1787638399.8234046,2+2,True,True,,,line-8 placement unchanged or every candidate blocked,,,,False,[],[],0.07077112289006404,0.058038739917125125,0.07077112289006404,"[""model_3"", ""model_5"", ""model_6"", ""model_4""]","{""model_3"": 3.334420040399037, ""model_4"": 0.5782071997952821, ""model_5"": 1.986995554674432, ""model_6"": 1.5435435485638804}",3.4050461435831073e-16,"{""model_6"": 0, ""model_5"": 0, ""model_3"": 1, ""model_4"": 1}","{""model_3"": 1, ""model_5"": 0, ""model_6"": 0, ""model_4"": 1}"
NEW,steady8s1,59,1787638404.8907413,2+2,True,True,,,line-8 placement unchanged or every candidate blocked,,,,False,[],[],0.057579269623841085,0.06371047014222148,0.06371047014222148,"[""model_3"", ""model_5"", ""model_6"", ""model_4""]","{""model_3"": 3.7355094747323667, ""model_4"": 0.5594721413397367, ""model_5"": 1.4513291429256183, ""model_6"": 1.4211116866293605}",2.0679446365416406e-16,"{""model_6"": 0, ""model_5"": 0, ""model_3"": 1, ""model_4"": 1}","{""model_3"": 1, ""model_5"": 0, ""model_6"": 0, ""model_4"": 1}"
NEW,steady8s1,60,1787638409.9494135,2+2,True,True,,,line-8 placement unchanged or every candidate blocked,,,,False,[],[],0.060839845272817855,0.0608602139577407,0.0608602139577407,"[""model_3"", ""model_5"", ""model_6"", ""model_4""]","{""model_3"": 3.5772023879410266, ""model_4"": 0.5256318795694787, ""model_5"": 1.537175840054143, ""model_6"": 1.4979244098644384}",2.1647923405861807e-16,"{""model_6"": 0, ""model_5"": 0, ""model_3"": 1, ""model_4"": 1}","{""model_3"": 1, ""model_5"": 0, ""model_6"": 0, ""model_4"": 1}"
NEW,steady8s1,61,1787638414.9949157,2+2,True,True,,,line-8 placement unchanged or every candidate blocked,,,,False,[],[],0.05979567540363486,0.06306742888140884,0.06306742888140884,"[""model_3"", ""model_5"", ""model_6"", ""model_4""]","{""model_3"": 3.648905527039722, ""model_4"": 0.6027260652858795, ""model_5"": 1.5773932667682478, ""model_6"": 1.4056167745591777}",2.0890295887897012e-16,"{""model_6"": 0, ""model_5"": 0, ""model_3"": 1, ""model_4"": 1}","{""model_3"": 1, ""model_5"": 0, ""model_6"": 0, ""model_4"": 1}"
NEW,steady8s1,62,1787638420.037664,2+2,True,True,,,line-8 placement unchanged or every candidate blocked,,,,False,[],[],0.059203435036108934,0.06727032100710122,0.06727032100710122,"[""model_3"", ""model_5"", ""model_6"", ""model_4""]","{""model_3"": 3.9360541918990313, ""model_4"": 0.5989114328687544, ""model_5"": 1.4845430072040215, ""model_6"": 1.468922105476241}",1.95851191208446e-16,"{""model_6"": 0, ""model_5"": 0, ""model_3"": 1, ""model_4"": 1}","{""model_3"": 1, ""model_5"": 0, ""model_6"": 0, ""model_4"": 1}"
NEW,steady8s1,63,1787638425.0856056,2+2,True,True,,,line-8 placement unchanged or every candidate blocked,,,,False,[],[],0.06418395479753822,0.06939430867010749,0.06939430867010749,"[""model_3"", ""model_5"", ""model_6"", ""model_4""]","{""model_3"": 4.048538491360111, ""model_4"": 0.6296137704708091, ""model_5"": 2.1099823556286466, ""model_6"": 1.091944545618856}",3.7971334406824685e-16,"{""model_6"": 0, ""model_5"": 0, ""model_3"": 1, ""model_4"": 1}","{""model_3"": 1, ""model_5"": 0, ""model_6"": 0, ""model_4"": 1}"
NEW,steady8s1,64,1787638430.1292496,2+2,True,True,,,line-8 placement unchanged or every candidate blocked,,,,False,[],[],0.06745087876317306,0.06635125753916034,0.06745087876317306,"[""model_3"", ""model_5"", ""model_6"", ""model_4""]","{""model_3"": 3.811245915405363, ""model_4"": 0.6617619072931884, ""model_5"": 2.0522560228252877, ""model_6"": 1.3126469954734747}",1.9856402110298348e-16,"{""model_6"": 0, ""model_5"": 0, ""model_3"": 1, ""model_4"": 1}","{""model_3"": 1, ""model_5"": 0, ""model_6"": 0, ""model_4"": 1}"
NEW,steady8s1,65,1787638435.177311,2+2,True,True,,,line-8 placement unchanged or every candidate blocked,,,,False,[],[],0.07182942596889902,0.07267944723262225,0.07267944723262225,"[""model_3"", ""model_5"", ""model_6"", ""model_4""]","{""model_3"": 4.163375550072865, ""model_4"": 0.7362412481325843, ""model_5"": 2.196677969416044, ""model_6"": 1.3866564018683676}",1.8127507849704343e-16,"{""model_6"": 0, ""model_5"": 0, ""model_3"": 1, ""model_4"": 1}","{""model_3"": 1, ""model_5"": 0, ""model_6"": 0, ""model_4"": 1}"
NEW,steady8s1,66,1787638440.2273886,2+2,True,True,,,line-8 placement unchanged or every candidate blocked,,,,False,[],[],0.06449753512803726,0.07161454084859063,0.07161454084859063,"[""model_3"", ""model_5"", ""model_6"", ""model_4""]","{""model_3"": 4.063775408418583, ""model_4"": 0.7640517242571097, ""model_5"": 1.7690362025088098, ""model_6"": 1.448534192491831}",1.8397063426085774e-16,"{""model_6"": 0, ""model_5"": 0, ""model_3"": 1, ""model_4"": 1}","{""model_3"": 1, ""model_5"": 0, ""model_6"": 0, ""model_4"": 1}"
NEW,steady8s1,67,1787638445.287433,2+2,True,True,,,line-8 placement unchanged or every candidate blocked,,,,False,[],[],0.06456836654641764,0.06140695479822206,0.06456836654641764,"[""model_3"", ""model_5"", ""model_6"", ""model_4""]","{""model_3"": 3.4670708477316237, ""model_4"": 0.6726214409703943, ""model_5"": 1.6904052969807053, ""model_6"": 1.5306986450673403}",2.1455179703190205e-16,"{""model_6"": 0, ""model_5"": 0, ""model_3"": 1, ""model_4"": 1}","{""model_3"": 1, ""model_5"": 0, ""model_6"": 0, ""model_4"": 1}"
NEW,steady8s1,68,1787638450.3375502,2+2,True,True,,,line-8 placement unchanged or every candidate blocked,,,,False,[],[],0.06022629438259492,0.055807601562260035,0.06022629438259492,"[""model_3"", ""model_6"", ""model_5"", ""model_4""]","{""model_3"": 3.1624445427170085, ""model_4"": 0.5997725969762882, ""model_5"": 1.409523344727085, ""model_6"": 1.5949688644921318}",2.9509807206812745e-16,"{""model_6"": 0, ""model_5"": 0, ""model_3"": 1, ""model_4"": 1}","{""model_3"": 1, ""model_6"": 0, ""model_5"": 0, ""model_4"": 1}"
NEW,steady8s1,69,1787638455.3876314,2+2,True,True,,,line-8 placement unchanged or every candidate blocked,,,,False,[],[],0.05803308733463402,0.053569731933743724,0.05803308733463402,"[""model_3"", ""model_6"", ""model_5"", ""model_4""]","{""model_3"": 3.0404371700943833, ""model_4"": 0.5709160865952625, ""model_5"": 1.262342301574251, ""model_6"": 1.6327380044828224}",3.689109136809878e-16,"{""model_6"": 0, ""model_5"": 0, ""model_3"": 1, ""model_4"": 1}","{""model_3"": 1, ""model_6"": 0, ""model_5"": 0, ""model_4"": 1}"
NEW,steady8s1,70,1787638460.4386773,2+2,True,True,,,line-8 placement unchanged or every candidate blocked,,,,False,[],[],0.05425138650317109,0.04872409941200506,0.05425138650317109,"[""model_3"", ""model_5"", ""model_6"", ""model_4""]","{""model_3"": 2.8184935473529524, ""model_4"": 0.46619593566417106, ""model_5"": 1.3747144144623378, ""model_6"": 1.331709245818905}",2.7039950786589933e-16,"{""model_6"": 0, ""model_5"": 0, ""model_3"": 1, ""model_4"": 1}","{""model_3"": 1, ""model_5"": 0, ""model_6"": 0, ""model_4"": 1}"
NEW,steady8s1,71,1787638465.5004072,2+2,True,True,,,line-8 placement unchanged or every candidate blocked,,,,False,[],[],0.05641459922143437,0.040824948145375885,0.05641459922143437,"[""model_3"", ""model_6"", ""model_5"", ""model_4""]","{""model_3"": 2.2297435536597554, ""model_4"": 0.5224320521718746, ""model_5"": 1.3529640589600451, ""model_6"": 1.4613751857936192}",3.155903899488372e-16,"{""model_6"": 0, ""model_5"": 0, ""model_3"": 1, ""model_4"": 1}","{""model_3"": 1, ""model_6"": 0, ""model_5"": 0, ""model_4"": 1}"
NEW,steady8s1,72,1787638470.5534914,2+2,True,True,,,line-8 placement unchanged or every candidate blocked,,,,False,[],[],0.06335624369148311,0.04487624241857547,0.06335624369148311,"[""model_3"", ""model_5"", ""model_6"", ""model_4""]","{""model_3"": 2.546357727242434, ""model_4"": 0.4789320839285648, ""model_5"": 1.715872796746893, ""model_6"": 1.4447623133465872}",2.810126410555049e-16,"{""model_6"": 0, ""model_5"": 0, ""model_3"": 1, ""model_4"": 1}","{""model_3"": 1, ""model_5"": 0, ""model_6"": 0, ""model_4"": 1}"
NEW,steady8s1,73,1787638475.6239963,2+2,True,True,,,line-8 placement unchanged or every candidate blocked,,,,False,[],[],0.058616867919839395,0.04890649764498919,0.058616867919839395,"[""model_3"", ""model_5"", ""model_6"", ""model_4""]","{""model_3"": 2.8664450216252058, ""model_4"": 0.4305406672701994, ""model_5"": 1.7047307655991857, ""model_6"": 1.21947243832374}",4.04086567326454e-16,"{""model_6"": 0, ""model_5"": 0, ""model_3"": 1, ""model_4"": 1}","{""model_3"": 1, ""model_5"": 0, ""model_6"": 0, ""model_4"": 1}"
NEW,steady8s1,74,1787638480.7057137,2+2,True,True,,,line-8 placement unchanged or every candidate blocked,,,,False,[],[],0.060764571538322716,0.049173369460998866,0.060764571538322716,"[""model_3"", ""model_5"", ""model_6"", ""model_4""]","{""model_3"": 2.802696449520271, ""model_4"": 0.5122801526590988, ""model_5"": 1.7021840156225674, ""model_6"": 1.3291610746739937}",2.67929016185577e-16,"{""model_6"": 0, ""model_5"": 0, ""model_3"": 1, ""model_4"": 1}","{""model_3"": 1, ""model_5"": 0, ""model_6"": 0, ""model_4"": 1}"
NEW,steady8s1,75,1787638485.7704768,2+2,True,True,,,line-8 placement unchanged or every candidate blocked,,,,False,[],[],0.06442153152983289,0.05388159651937537,0.06442153152983289,"[""model_3"", ""model_5"", ""model_6"", ""model_4""]","{""model_3"": 3.1047459229735273, ""model_4"": 0.527631392383428, ""model_5"": 1.925342982323786, ""model_6"": 1.2884358425492455}",3.6677567165658444e-16,"{""model_6"": 0, ""model_5"": 0, ""model_3"": 1, ""model_4"": 1}","{""model_3"": 1, ""model_5"": 0, ""model_6"": 0, ""model_4"": 1}"
NEW,steady8s1,76,1787638490.8252225,2+2,True,True,,,line-8 placement unchanged or every candidate blocked,,,,False,[],[],0.07309851407974886,0.0676786069510917,0.07309851407974886,"[""model_3"", ""model_5"", ""model_6"", ""model_4""]","{""model_3"": 3.830740206347821, ""model_4"": 0.7317496325660097, ""model_5"": 2.109982355628647, ""model_6"": 1.5366626573107007}",1.9466967622037916e-16,"{""model_6"": 0, ""model_5"": 0, ""model_3"": 1, ""model_4"": 1}","{""model_3"": 1, ""model_5"": 0, ""model_6"": 0, ""model_4"": 1}"
NEW,steady8s1,77,1787638495.901819,2+2,True,True,,,line-8 placement unchanged or every candidate blocked,,,,False,[],[],0.06999999086092884,0.06367506932527803,0.06999999086092884,"[""model_3"", ""model_5"", ""model_6"", ""model_4""]","{""model_3"": 3.6975292182410255, ""model_4"": 0.5950658849451016, ""model_5"": 2.0650958872907417, ""model_6"": 1.4269739692909864}",3.1036414978000806e-16,"{""model_6"": 0, ""model_5"": 0, ""model_3"": 1, ""model_4"": 1}","{""model_3"": 1, ""model_5"": 0, ""model_6"": 0, ""model_4"": 1}"
NEW,steady8s1,78,1787638500.9634292,2+2,True,True,,,line-8 placement unchanged or every candidate blocked,,,,False,[],[],0.06462676588264862,0.0634280451782098,0.06462676588264862,"[""model_3"", ""model_5"", ""model_6"", ""model_4""]","{""model_3"": 3.623809428355179, ""model_4"": 0.6521327735414817, ""model_5"": 1.8007644626341848, ""model_6"": 1.4232528306756032}",4.1543050759954624e-16,"{""model_6"": 0, ""model_5"": 0, ""model_3"": 1, ""model_4"": 1}","{""model_3"": 1, ""model_5"": 0, ""model_6"": 0, ""model_4"": 1}"
NEW,steady8s1,79,1787638506.0236027,2+2,True,True,,,line-8 placement unchanged or every candidate blocked,,,,False,[],[],0.06157910529091014,0.06769141992671349,0.06769141992671349,"[""model_3"", ""model_5"", ""model_6"", ""model_4""]","{""model_3"": 3.914543250169422, ""model_4"": 0.6488103634837873, ""model_5"": 1.8450142434779362, ""model_6"": 1.2269652630463352}",1.9463282815575865e-16,"{""model_6"": 0, ""model_5"": 0, ""model_3"": 1, ""model_4"": 1}","{""model_3"": 1, ""model_5"": 0, ""model_6"": 0, ""model_4"": 1}"
NEW,steady8s1,80,1787638511.100664,2+2,True,True,,,line-8 placement unchanged or every candidate blocked,,,,False,[],[],0.06618045802463042,0.06677495088361285,0.06677495088361285,"[""model_3"", ""model_5"", ""model_6"", ""model_4""]","{""model_3"": 3.923394106401917, ""model_4"": 0.5781766059003909, ""model_5"": 1.9661970965320457, ""model_6"": 1.3353287996888727}",1.973041137114273e-16,"{""model_6"": 0, ""model_5"": 0, ""model_3"": 1, ""model_4"": 1}","{""model_3"": 1, ""model_5"": 0, ""model_6"": 0, ""model_4"": 1}"
NEW,steady8s1,81,1787638516.1617343,2+2,True,True,,,line-8 placement unchanged or every candidate blocked,,,,False,[],[],0.06221860240548178,0.07620759879458121,0.07620759879458121,"[""model_3"", ""model_5"", ""model_6"", ""model_4""]","{""model_3"": 4.56737792443208, ""model_4"": 0.5700859036807434, ""model_5"": 1.8280359103004777, ""model_6"": 1.2758460089198655}",1.7288266144861316e-16,"{""model_6"": 0, ""model_5"": 0, ""model_3"": 1, ""model_4"": 1}","{""model_3"": 1, ""model_5"": 0, ""model_6"": 0, ""model_4"": 1}"
NEW,steady8s1,82,1787638521.2175817,2+2,True,True,,,line-8 placement unchanged or every candidate blocked,,,,False,[],[],0.05684716394378628,0.06988684365588707,0.06988684365588707,"[""model_3"", ""model_5"", ""model_6"", ""model_4""]","{""model_3"": 4.253004473946236, ""model_4"": 0.45835157219946515, ""model_5"": 1.7344428486597383, ""model_6"": 1.101475630739069}",3.770372737703544e-16,"{""model_6"": 0, ""model_5"": 0, ""model_3"": 1, ""model_4"": 1}","{""model_3"": 1, ""model_5"": 0, ""model_6"": 0, ""model_4"": 1}"
NEW,steady8s1,83,1787638526.3188434,2+2,True,True,,,line-8 placement unchanged or every candidate blocked,,,,False,[],[],0.06424205614365758,0.07341294310244671,0.07341294310244671,"[""model_3"", ""model_5"", ""model_6"", ""model_4""]","{""model_3"": 4.357198097949028, ""model_4"": 0.5918666366682606, ""model_5"": 2.1136963660112156, ""model_6"": 1.0911290207491402}",3.589277842690447e-16,"{""model_6"": 0, ""model_5"": 0, ""model_3"": 1, ""model_4"": 1}","{""model_3"": 1, ""model_5"": 0, ""model_6"": 0, ""model_4"": 1}"
NEW,steady8s1,84,1787638531.3801477,2+2,True,True,,,line-8 placement unchanged or every candidate blocked,,,,False,[],[],0.06585705291710822,0.06692013698185821,0.06692013698185821,"[""model_3"", ""model_5"", ""model_6"", ""model_4""]","{""model_3"": 3.937734734221657, ""model_4"": 0.5736235627818952, ""model_5"": 2.175455052944221, ""model_6"": 1.1099372236354244}",2.9531408100196376e-16,"{""model_6"": 0, ""model_5"": 0, ""model_3"": 1, ""model_4"": 1}","{""model_3"": 1, ""model_5"": 0, ""model_6"": 0, ""model_4"": 1}"
NEW,steady8s1,85,1787638536.439177,2+2,True,True,,,line-8 placement unchanged or every candidate blocked,,,,False,[],[],0.059388016428518736,0.05914118168622679,0.059388016428518736,"[""model_3"", ""model_5"", ""model_6"", ""model_4""]","{""model_3"": 3.4298748443241758, ""model_4"": 0.5570724741949733, ""model_5"": 1.9545244924725433, ""model_6"": 1.0081487802173512}",2.2277154643468347e-16,"{""model_6"": 0, ""model_5"": 0, ""model_3"": 1, ""model_4"": 1}","{""model_3"": 1, ""model_5"": 0, ""model_6"": 0, ""model_4"": 1}"
NEW,steady8s1,86,1787638541.49792,2+2,True,True,,,line-8 placement unchanged or every candidate blocked,,,,False,[],[],0.04657209180169696,0.04994566854822239,0.04994566854822239,"[""model_3"", ""model_5"", ""model_6"", ""model_4""]","{""model_3"": 2.8626357923605874, ""model_4"": 0.5044046287535618, ""model_5"": 1.5820623083920486, ""model_6"": 0.7412665369183893}",2.6378608766633946e-16,"{""model_6"": 0, ""model_5"": 0, ""model_3"": 1, ""model_4"": 1}","{""model_3"": 1, ""model_5"": 0, ""model_6"": 0, ""model_4"": 1}"
NEW,steady8s1,87,1787638546.5551925,2+2,True,True,,,line-8 placement unchanged or every candidate blocked,,,,False,[],[],0.032802753244854425,0.028664717741941965,0.032802753244854425,"[""model_3"", ""model_5"", ""model_6"", ""model_4""]","{""model_3"": 1.4928817632658145, ""model_4"": 0.43952331013432033, ""model_5"": 1.0370578133956332, ""model_6"": 0.59936391195607}",2.298116559323e-16,"{""model_6"": 0, ""model_5"": 0, ""model_3"": 1, ""model_4"": 1}","{""model_3"": 1, ""model_5"": 0, ""model_6"": 0, ""model_4"": 1}"
NEW,steady8s1,88,1787638551.612842,2+2,True,False,,MIGRATE,literal line-8 absolute delta exceeds tau,model_6,0,1,False,[],"[""model_6""]",0.025563596933413178,0.015036547070243652,0.025563596933413178,"[""model_5"", ""model_3"", ""model_6"", ""model_4""]","{""model_3"": 0.6993294881782769, ""model_4"": 0.3143452357993204, ""model_5"": 0.80349980796691, ""model_6"": 0.47178397214494505}",1.4925592652044456e-07,"{""model_6"": 0, ""model_5"": 0, ""model_3"": 1, ""model_4"": 1}","{""model_5"": 0, ""model_3"": 1, ""model_6"": 1, ""model_4"": 1}"
NEW,steady8s1,89,1787638556.93206,1+3,False,True,,,migration cooldown active,,,,True,"[{""model"": ""model_6"", ""reason"": ""target memory infeasible"", ""need_gib"": 20.742083125, ""weights_gib"": 14.283203125, ""reserve_gib"": 6.45888, ""free_gib"": 18.41796875}]","[""model_6""]",0.0018801998914279331,0.01107698661085363,0.01107698661085363,"[""model_3"", ""model_6"", ""model_5"", ""model_4""]","{""model_3"": 0.2929745449110771, ""model_4"": 0.11007362601013138, ""model_5"": 0.12065228014231398, ""model_6"": 0.18548164699881353}",1.8864346220364822e-16,"{""model_5"": 0, ""model_3"": 1, ""model_6"": 1, ""model_4"": 1}","{""model_3"": 1, ""model_6"": 0, ""model_5"": 0, ""model_4"": 1}"
NEW,steady8s1,90,1787638561.9907596,1+3,False,False,,,migration cooldown active,,,,True,[],[],0.004681482755173684,0.0014462620361624097,0.004681482755173684,"[""model_5"", ""model_3"", ""model_4"", ""model_6""]","{""model_3"": 0.05512178818212234, ""model_4"": 0.021719281869922804, ""model_5"": 0.30041038265865505, ""model_6"": 7.481070100640724e-08}",4.619609909948839e-17,"{""model_5"": 0, ""model_3"": 1, ""model_6"": 1, ""model_4"": 1}","{""model_5"": 0, ""model_3"": 1, ""model_4"": 1, ""model_6"": 1}"
NEW,steady8s1,91,1787638567.054563,1+3,False,False,,,migration cooldown active,,,,True,[],[],0.013303613128001516,9.264329807632586e-06,0.013303613128001516,"[""model_5"", ""model_4"", ""model_3"", ""model_6""]","{""model_3"": 1.4568788806607132e-10, ""model_4"": 0.0004922211793096974, ""model_5"": 0.8536918150790817, ""model_6"": 4.792153315336979e-10}",3.594144975900638e-17,"{""model_5"": 0, ""model_3"": 1, ""model_6"": 1, ""model_4"": 1}","{""model_5"": 0, ""model_4"": 1, ""model_3"": 1, ""model_6"": 1}"
NEW,steady8s1,92,1787638572.109883,1+3,False,False,,,migration cooldown active,,,,True,[],[],0.022825329024960213,0.004766958902839999,0.022825329024960213,"[""model_5"", ""model_6"", ""model_3"", ""model_4""]","{""model_3"": 9.68460682005373e-08, ""model_4"": 1.1518246106900776e-07, ""model_5"": 1.464699580302867, ""model_6"": 0.2532724110846672}",1.5159737048543258e-16,"{""model_5"": 0, ""model_3"": 1, ""model_6"": 1, ""model_4"": 1}","{""model_5"": 0, ""model_6"": 1, ""model_3"": 1, ""model_4"": 1}"
NEW,steady8s1,93,1787638577.1690526,1+3,False,False,,,migration cooldown active,,,,True,[],[],0.0327042332917944,0.013733906953724577,0.0327042332917944,"[""model_5"", ""model_6"", ""model_3"", ""model_4""]","{""model_3"": 2.7901958385166986e-07, ""model_4"": 3.3184787917583947e-07, ""model_5"": 2.0986280953162213, ""model_6"": 0.7296936681602123}",2.1160929411037326e-16,"{""model_5"": 0, ""model_3"": 1, ""model_6"": 1, ""model_4"": 1}","{""model_5"": 0, ""model_6"": 1, ""model_3"": 1, ""model_4"": 1}"
NEW,steady8s1,94,1787638582.2453802,1+3,False,False,,,line-8 placement unchanged or every candidate blocked,,,,False,[],[],0.057986886009509145,0.0426349743529916,0.057986886009509145,"[""model_5"", ""model_6"", ""model_3"", ""model_4""]","{""model_3"": 8.661768889410632e-07, ""model_4"": 1.0301748685215273e-06, ""model_5"": 3.7210139450047333, ""model_6"": 2.26523093045377}",2.386925802555668e-16,"{""model_5"": 0, ""model_3"": 1, ""model_6"": 1, ""model_4"": 1}","{""model_5"": 0, ""model_6"": 1, ""model_3"": 1, ""model_4"": 1}"
NEW,steady8s1,95,1787638587.3077292,1+3,False,False,,,line-8 placement unchanged or every candidate blocked,,,,False,[],[],0.06932265580347438,0.06865418533363689,0.06932265580347438,"[""model_5"", ""model_6"", ""model_3"", ""model_4""]","{""model_3"": 1.3947860778535229e-06, ""model_4"": 1.6588685105567436e-06, ""model_5"": 4.448429407076468, ""model_6"": 3.64765281281206}",1.9966112495507513e-16,"{""model_5"": 0, ""model_3"": 1, ""model_6"": 1, ""model_4"": 1}","{""model_5"": 0, ""model_6"": 1, ""model_3"": 1, ""model_4"": 1}"
NEW,steady8s2,1,1787638762.8457747,2+2,False,False,,,line-8 placement unchanged or every candidate blocked,,,,False,[],[],1.6425233431087275e-05,0.00030287175940413183,0.00030287175940413183,"[""model_6"", ""model_3"", ""model_5"", ""model_4""]","{""model_3"": 0.0007842602462121817, ""model_4"": 0.0002153472338109648, ""model_5"": 0.0007428020765138064, ""model_6"": 0.01707511726974513}",1.9426471884888883e-16,"{""model_4"": 0, ""model_5"": 0, ""model_3"": 1, ""model_6"": 1}","{""model_6"": 1, ""model_3"": 1, ""model_5"": 0, ""model_4"": 0}"
NEW,steady8s2,2,1787638767.8530617,2+2,False,False,,,line-8 placement unchanged or every candidate blocked,,,,False,[],[],0.005087377989082749,0.009090647849513505,0.009090647849513505,"[""model_3"", ""model_5"", ""model_6"", ""model_4""]","{""model_3"": 0.33532421144124425, ""model_4"": 0.0226730618912776, ""model_5"": 0.27409396623359444, ""model_6"": 0.20072217376317394}",4.1422647564418477e-16,"{""model_4"": 0, ""model_5"": 0, ""model_3"": 1, ""model_6"": 1}","{""model_3"": 1, ""model_5"": 0, ""model_6"": 1, ""model_4"": 0}"
NEW,steady8s2,3,1787638772.8806813,2+2,False,False,,,line-8 placement unchanged or every candidate blocked,,,,False,[],[],0.015071161973487793,0.01853971439850892,0.01853971439850892,"[""model_5"", ""model_3"", ""model_6"", ""model_4""]","{""model_3"": 0.598609175319268, ""model_4"": 0.06186641374462615, ""model_5"": 0.8172945133299053, ""model_6"": 0.4946183977381201}",4.062184496573711e-16,"{""model_4"": 0, ""model_5"": 0, ""model_3"": 1, ""model_6"": 1}","{""model_5"": 0, ""model_3"": 1, ""model_6"": 1, ""model_4"": 0}"
NEW,steady8s2,4,1787638777.8868682,2+2,False,False,,,line-8 placement unchanged or every candidate blocked,,,,False,[],[],0.019568501381955542,0.028147532372756703,0.028147532372756703,"[""model_5"", ""model_3"", ""model_6"", ""model_4""]","{""model_3"": 0.870184814655578, ""model_4"": 0.10179797590255057, ""model_5"": 1.0397106779546106, ""model_6"": 0.7895850093012531}",4.013410806487944e-16,"{""model_4"": 0, ""model_5"": 0, ""model_3"": 1, ""model_6"": 1}","{""model_5"": 0, ""model_3"": 1, ""model_6"": 1, ""model_4"": 0}"
NEW,steady8s2,5,1787638782.8956668,2+2,False,False,,,line-8 placement unchanged or every candidate blocked,,,,False,[],[],0.03241885240973429,0.03937710283738074,0.03937710283738074,"[""model_5"", ""model_3"", ""model_6"", ""model_4""]","{""model_3"": 1.2125673038518507, ""model_4"": 0.11773392953933914, ""model_5"": 1.7733869003855334, ""model_6"": 1.1093743206859652}",4.781442448391213e-16,"{""model_4"": 0, ""model_5"": 0, ""model_3"": 1, ""model_6"": 1}","{""model_5"": 0, ""model_3"": 1, ""model_6"": 1, ""model_4"": 0}"
NEW,steady8s2,6,1787638787.938413,2+2,False,False,,,line-8 placement unchanged or every candidate blocked,,,,False,[],[],0.04891465482006027,0.05053749176185694,0.05053749176185694,"[""model_5"", ""model_3"", ""model_6"", ""model_4""]","{""model_3"": 1.5685061677839702, ""model_4"": 0.1336699641177932, ""model_5"": 2.7197167458641225, ""model_6"": 1.4115278435094343}",4.470645719147187e-16,"{""model_4"": 0, ""model_5"": 0, ""model_3"": 1, ""model_6"": 1}","{""model_5"": 0, ""model_3"": 1, ""model_6"": 1, ""model_4"": 0}"
NEW,steady8s2,7,1787638792.9639518,2+2,False,False,,,line-8 placement unchanged or every candidate blocked,,,,False,[],[],0.06519939800712354,0.06338972509975545,0.06519939800712354,"[""model_5"", ""model_3"", ""model_6"", ""model_4""]","{""model_3"": 2.1864975978908543, ""model_4"": 0.17560143749588097, ""model_5"": 3.6277392271110704, ""model_6"": 1.5513914460285148}",2.3352586529135234e-16,"{""model_4"": 0, ""model_5"": 0, ""model_3"": 1, ""model_6"": 1}","{""model_5"": 0, ""model_3"": 1, ""model_6"": 1, ""model_4"": 0}"
NEW,steady8s2,8,1787638797.9723096,2+2,False,False,,,line-8 placement unchanged or every candidate blocked,,,,False,[],[],0.06368241360406547,0.0670790454336493,0.0670790454336493,"[""model_5"", ""model_3"", ""model_6"", ""model_4""]","{""model_3"": 2.3076086812747447, ""model_4"": 0.21593279601473814, ""model_5"": 3.498916124127106, ""model_6"": 1.64782776538015}",3.368193744275386e-16,"{""model_4"": 0, ""model_5"": 0, ""model_3"": 1, ""model_6"": 1}","{""model_5"": 0, ""model_3"": 1, ""model_6"": 1, ""model_4"": 0}"
NEW,steady8s2,9,1787638802.99149,2+2,False,False,,,line-8 placement unchanged or every candidate blocked,,,,False,[],[],0.07358739729604423,0.06955439248953542,0.07358739729604423,"[""model_5"", ""model_3"", ""model_6"", ""model_4""]","{""model_3"": 2.3837932665671087, ""model_4"": 0.2789681209131898, ""model_5"": 4.013677963151172, ""model_6"": 1.717606467127352}",1.0345348793105959e-16,"{""model_4"": 0, ""model_5"": 0, ""model_3"": 1, ""model_6"": 1}","{""model_5"": 0, ""model_3"": 1, ""model_6"": 1, ""model_4"": 0}"
NEW,steady8s2,10,1787638808.0000587,2+2,False,False,,,line-8 placement unchanged or every candidate blocked,,,,False,[],[],0.07492602871428986,0.06810857650392298,0.07492602871428986,"[""model_5"", ""model_3"", ""model_6"", ""model_4""]","{""model_3"": 2.4320808493038877, ""model_4"": 0.3482483148132083, ""model_5"": 4.022485473486979, ""model_6"": 1.5840637468483378}",4.0642073515328196e-16,"{""model_4"": 0, ""model_5"": 0, ""model_3"": 1, ""model_6"": 1}","{""model_5"": 0, ""model_3"": 1, ""model_6"": 1, ""model_4"": 0}"
NEW,steady8s2,11,1787638813.011999,2+2,False,False,,,line-8 placement unchanged or every candidate blocked,,,,False,[],[],0.0833347179431098,0.07077030693467769,0.0833347179431098,"[""model_5"", ""model_3"", ""model_6"", ""model_4""]","{""model_3"": 2.506921000738151, ""model_4"": 0.394671133728526, ""model_5"": 4.4665750006598754, ""model_6"": 1.6661773130603925}",3.654118286326468e-16,"{""model_4"": 0, ""model_5"": 0, ""model_3"": 1, ""model_6"": 1}","{""model_5"": 0, ""model_3"": 1, ""model_6"": 1, ""model_4"": 0}"
NEW,steady8s2,12,1787638818.0233693,2+2,False,False,,,line-8 placement unchanged or every candidate blocked,,,,False,[],[],0.0788638509469884,0.07276740682090134,0.0788638509469884,"[""model_5"", ""model_3"", ""model_6"", ""model_4""]","{""model_3"": 2.5065848922736262, ""model_4"": 0.5137578530797084, ""model_5"": 4.086684795814244, ""model_6"": 1.7842760048549535}",3.8612737403156773e-16,"{""model_4"": 0, ""model_5"": 0, ""model_3"": 1, ""model_6"": 1}","{""model_5"": 0, ""model_3"": 1, ""model_6"": 1, ""model_4"": 0}"
NEW,steady8s2,13,1787638823.0369625,2+2,False,False,,,line-8 placement unchanged or every candidate blocked,,,,False,[],[],0.07299737549790276,0.07195837996295501,0.07299737549790276,"[""model_5"", ""model_3"", ""model_6"", ""model_4""]","{""model_3"": 2.3765109165023977, ""model_4"": 0.6093717327101351, ""model_5"": 3.648856029000534, ""model_6"": 1.8666442582272413}",4.1715871926179697e-16,"{""model_4"": 0, ""model_5"": 0, ""model_3"": 1, ""model_6"": 1}","{""model_5"": 0, ""model_3"": 1, ""model_6"": 1, ""model_4"": 0}"
NEW,steady8s2,14,1787638828.046805,2+2,False,False,,,line-8 placement unchanged or every candidate blocked,,,,False,[],[],0.07520322291479455,0.07982237215784521,0.07982237215784521,"[""model_5"", ""model_3"", ""model_6"", ""model_4""]","{""model_3"": 2.9482314146596558, ""model_4"": 0.6190931546361658, ""model_5"": 3.7678104758251036, ""model_6"": 1.7586381904526593}",3.7739665391853647e-16,"{""model_4"": 0, ""model_5"": 0, ""model_3"": 1, ""model_6"": 1}","{""model_5"": 0, ""model_3"": 1, ""model_6"": 1, ""model_4"": 0}"
NEW,steady8s2,15,1787638833.0754013,2+2,False,False,,,line-8 placement unchanged or every candidate blocked,,,,False,[],[],0.0698295192641841,0.08079461779104083,0.08079461779104083,"[""model_5"", ""model_3"", ""model_6"", ""model_4""]","{""model_3"": 3.0306900246231554, ""model_4"": 0.6070951383278209, ""model_5"": 3.4663389473428574, ""model_6"": 1.7335097912544115}",3.7285523446775193e-16,"{""model_4"": 0, ""model_5"": 0, ""model_3"": 1, ""model_6"": 1}","{""model_5"": 0, ""model_3"": 1, ""model_6"": 1, ""model_4"": 0}"
NEW,steady8s2,16,1787638838.0903344,2+2,False,False,,,line-8 placement unchanged or every candidate blocked,,,,False,[],[],0.06909460918736181,0.08915257018377669,0.08915257018377669,"[""model_5"", ""model_3"", ""model_6"", ""model_4""]","{""model_3"": 3.3452875474186827, ""model_4"": 0.5442753639059255, ""model_5"": 3.4862884888263705, ""model_6"": 1.91175394949226}",1.6895023944970234e-16,"{""model_4"": 0, ""model_5"": 0, ""model_3"": 1, ""model_6"": 1}","{""model_5"": 0, ""model_3"": 1, ""model_6"": 1, ""model_4"": 0}"
NEW,steady8s2,17,1787638843.121721,2+2,False,False,,,line-8 placement unchanged or every candidate blocked,,,,False,[],[],0.06228561136016316,0.08424841001577399,0.08424841001577399,"[""model_3"", ""model_5"", ""model_6"", ""model_4""]","{""model_3"": 3.2833315537912156, ""model_4"": 0.5457518769679071, ""model_5"": 3.0876160029031743, ""model_6"": 1.6845273266506458}",2.6817743048121587e-16,"{""model_4"": 0, ""model_5"": 0, ""model_3"": 1, ""model_6"": 1}","{""model_3"": 1, ""model_5"": 0, ""model_6"": 1, ""model_4"": 0}"
NEW,steady8s2,18,1787638848.1344936,2+2,False,False,,,line-8 placement unchanged or every candidate blocked,,,,False,[],[],0.06102388065821541,0.07993559981274338,0.07993559981274338,"[""model_3"", ""model_5"", ""model_6"", ""model_4""]","{""model_3"": 3.2836676622557417, ""model_4"": 0.46801162920302386, ""model_5"": 3.09175447161518, ""model_6"": 1.429878614983587}",3.768620768566302e-16,"{""model_4"": 0, ""model_5"": 0, ""model_3"": 1, ""model_6"": 1}","{""model_3"": 1, ""model_5"": 0, ""model_6"": 1, ""model_4"": 0}"
NEW,steady8s2,19,1787638853.1504533,2+2,False,False,,,line-8 placement unchanged or every candidate blocked,,,,False,[],[],0.06241696298117474,0.08148031724982449,0.08148031724982449,"[""model_5"", ""model_3"", ""model_6"", ""model_4""]","{""model_3"": 3.211292306227995, ""model_4"": 0.3902099127073073, ""model_5"": 3.2508202305714944, ""model_6"": 1.5933410103529648}",2.772880970858869e-16,"{""model_4"": 0, ""model_5"": 0, ""model_3"": 1, ""model_6"": 1}","{""model_5"": 0, ""model_3"": 1, ""model_6"": 1, ""model_4"": 0}"
NEW,steady8s2,20,1787638858.172358,2+2,False,False,,,line-8 placement unchanged or every candidate blocked,,,,False,[],[],0.06067945493817555,0.07984754849725134,0.07984754849725134,"[""model_5"", ""model_3"", ""model_6"", ""model_4""]","{""model_3"": 3.0795377881341417, ""model_4"": 0.3775659365277768, ""model_5"": 3.162108439719274, ""model_6"": 1.62881638506999}",2.8295824412111985e-16,"{""model_4"": 0, ""model_5"": 0, ""model_3"": 1, ""model_6"": 1}","{""model_5"": 0, ""model_3"": 1, ""model_6"": 1, ""model_4"": 0}"
NEW,steady8s2,21,1787638863.189233,2+2,False,False,,,line-8 placement unchanged or every candidate blocked,,,,False,[],[],0.06388075018226005,0.08390653634290332,0.08390653634290332,"[""model_3"", ""model_5"", ""model_6"", ""model_4""]","{""model_3"": 3.416542541898012, ""model_4"": 0.35123216189886053, ""model_5"": 3.3751865210963765, ""model_6"": 1.5311571431187747}",1.7951340546998298e-16,"{""model_4"": 0, ""model_5"": 0, ""model_3"": 1, ""model_6"": 1}","{""model_3"": 1, ""model_5"": 0, ""model_6"": 1, ""model_4"": 0}"
NEW,steady8s2,22,1787638868.2040474,2+2,False,False,,,line-8 placement unchanged or every candidate blocked,,,,False,[],[],0.06656111801567374,0.08310449710408353,0.08310449710408353,"[""model_3"", ""model_5"", ""model_6"", ""model_4""]","{""model_3"": 3.604987354341772, ""model_4"": 0.4248193229723569, ""model_5"": 3.457955895336488, ""model_6"": 1.2954186457937489}",4.531147111461596e-16,"{""model_4"": 0, ""model_5"": 0, ""model_3"": 1, ""model_6"": 1}","{""model_3"": 1, ""model_5"": 0, ""model_6"": 1, ""model_4"": 0}"
NEW,steady8s2,23,1787638873.223216,2+2,False,False,,,line-8 placement unchanged or every candidate blocked,,,,False,[],[],0.06434425690543094,0.08709472843412948,0.08709472843412948,"[""model_3"", ""model_5"", ""model_6"", ""model_4""]","{""model_3"": 3.6961847843829263, ""model_4"": 0.38538003286408085, ""model_5"": 3.3680768440783146, ""model_6"": 1.4395123760756747}",3.45884265349016e-16,"{""model_4"": 0, ""model_5"": 0, ""model_3"": 1, ""model_6"": 1}","{""model_3"": 1, ""model_5"": 0, ""model_6"": 1, ""model_4"": 0}"
NEW,steady8s2,24,1787638878.2792418,2+2,False,False,,,line-8 placement unchanged or every candidate blocked,,,,False,[],[],0.06659206246283038,0.09043325593063885,0.09043325593063885,"[""model_3"", ""model_5"", ""model_6"", ""model_4""]","{""model_3"": 3.8072126138310627, ""model_4"": 0.40709935271520936, ""model_5"": 3.477480978490563, ""model_6"": 1.5253468193758086}",2.4983643337454464e-16,"{""model_4"": 0, ""model_5"": 0, ""model_3"": 1, ""model_6"": 1}","{""model_3"": 1, ""model_5"": 0, ""model_6"": 1, ""model_4"": 0}"
NEW,steady8s2,25,1787638883.31419,2+2,False,False,,,line-8 placement unchanged or every candidate blocked,,,,False,[],[],0.07824344293569656,0.09875206177789053,0.09875206177789053,"[""model_3"", ""model_5"", ""model_6"", ""model_4""]","{""model_3"": 4.230821315287575, ""model_4"": 0.48403997136679067, ""model_5"": 4.080211806290339, ""model_6"": 1.5922714525567474}",4.575807677003182e-16,"{""model_4"": 0, ""model_5"": 0, ""model_3"": 1, ""model_6"": 1}","{""model_3"": 1, ""model_5"": 0, ""model_6"": 1, ""model_4"": 0}"
NEW,steady8s2,26,1787638888.34633,2+2,False,False,,,line-8 placement unchanged or every candidate blocked,,,,False,[],[],0.08283390545585842,0.09360992314216952,0.09360992314216952,"[""model_5"", ""model_3"", ""model_6"", ""model_4""]","{""model_3"": 3.8751065236651394, ""model_4"": 0.5023445571656571, ""model_5"": 4.329687189416617, ""model_6"": 1.644770799743534}",3.218109271862046e-16,"{""model_4"": 0, ""model_5"": 0, ""model_3"": 1, ""model_6"": 1}","{""model_5"": 0, ""model_3"": 1, ""model_6"": 1, ""model_4"": 0}"
NEW,steady8s2,27,1787638893.382384,2+2,False,False,,,line-8 placement unchanged or every candidate blocked,,,,False,[],[],0.08015941344821743,0.0970280621892909,0.0970280621892909,"[""model_5"", ""model_3"", ""model_6"", ""model_4""]","{""model_3"": 3.9918481970102033, ""model_4"": 0.522587103479355, ""model_5"": 4.153430868118127, ""model_6"": 1.7295858372805817}",2.3285554313226173e-16,"{""model_4"": 0, ""model_5"": 0, ""model_3"": 1, ""model_6"": 1}","{""model_5"": 0, ""model_3"": 1, ""model_6"": 1, ""model_4"": 0}"
NEW,steady8s2,28,1787638898.4047372,2+2,False,False,,,line-8 placement unchanged or every candidate blocked,,,,False,[],[],0.081040880791795,0.09816011311480576,0.09816011311480576,"[""model_5"", ""model_3"", ""model_6"", ""model_4""]","{""model_3"": 3.919808949446983, ""model_4"": 0.4754261587150639, ""model_5"": 4.252011315129746, ""model_6"": 1.868378501820793}",4.603401810210497e-16,"{""model_4"": 0, ""model_5"": 0, ""model_3"": 1, ""model_6"": 1}","{""model_5"": 0, ""model_3"": 1, ""model_6"": 1, ""model_4"": 0}"
NEW,steady8s2,29,1787638903.4236557,2+2,False,False,,,line-8 placement unchanged or every candidate blocked,,,,False,[],[],0.08221278784259976,0.09308754648610132,0.09308754648610132,"[""model_5"", ""model_3"", ""model_6"", ""model_4""]","{""model_3"": 3.79007108214028, ""model_4"": 0.49699163548529013, ""model_5"": 4.298807845950116, ""model_6"": 1.6990033630977777}",3.236168241334922e-16,"{""model_4"": 0, ""model_5"": 0, ""model_3"": 1, ""model_6"": 1}","{""model_5"": 0, ""model_3"": 1, ""model_6"": 1, ""model_4"": 0}"
NEW,steady8s2,30,1787638908.4434712,2+2,False,False,,,line-8 placement unchanged or every candidate blocked,,,,False,[],[],0.08301017535723901,0.09436660915011606,0.09436660915011606,"[""model_5"", ""model_3"", ""model_6"", ""model_4""]","{""model_3"": 3.956220699770539, ""model_4"": 0.495330405914036, ""model_5"": 4.346983866341155, ""model_6"": 1.6082759737668717}",1.5961523059649899e-16,"{""model_4"": 0, ""model_5"": 0, ""model_3"": 1, ""model_6"": 1}","{""model_5"": 0, ""model_3"": 1, ""model_6"": 1, ""model_4"": 0}"
NEW,steady8s2,31,1787638913.466872,2+2,False,False,,,line-8 placement unchanged or every candidate blocked,,,,False,[],[],0.07416798694027447,0.081080473245475,0.081080473245475,"[""model_5"", ""model_3"", ""model_6"", ""model_4""]","{""model_3"": 3.44063031518898, ""model_4"": 0.3848880295698436, ""model_5"": 3.941626161729333, ""model_6"": 1.340425481205817}",3.7154070461585707e-16,"{""model_4"": 0, ""model_5"": 0, ""model_3"": 1, ""model_6"": 1}","{""model_5"": 0, ""model_3"": 1, ""model_6"": 1, ""model_4"": 0}"
NEW,steady8s2,32,1787638918.5088446,2+2,False,False,,,line-8 placement unchanged or every candidate blocked,,,,False,[],[],0.07097829328195471,0.07380508821570818,0.07380508821570818,"[""model_5"", ""model_3"", ""model_6"", ""model_4""]","{""model_3"": 3.0566824125464334, ""model_4"": 0.3564006443476685, ""model_5"": 3.784046006926046, ""model_6"": 1.2953672326106889}",4.0816557351935245e-16,"{""model_4"": 0, ""model_5"": 0, ""model_3"": 1, ""model_6"": 1}","{""model_5"": 0, ""model_3"": 1, ""model_6"": 1, ""model_4"": 0}"
NEW,steady8s2,33,1787638923.5340734,2+2,False,False,,,line-8 placement unchanged or every candidate blocked,,,,False,[],[],0.06978156614782877,0.0680006172146455,0.06978156614782877,"[""model_5"", ""model_3"", ""model_6"", ""model_4""]","{""model_3"": 2.8071778957139393, ""model_4"": 0.3154539488061059, ""model_5"": 3.7551828405243675, ""model_6"": 1.2026006869566905}",2.1819151785492768e-16,"{""model_4"": 0, ""model_5"": 0, ""model_3"": 1, ""model_6"": 1}","{""model_5"": 0, ""model_3"": 1, ""model_6"": 1, ""model_4"": 0}"
NEW,steady8s2,34,1787638928.56067,2+2,False,False,,,line-8 placement unchanged or every candidate blocked,,,,False,[],[],0.07166310729206858,0.06188605949345941,0.07166310729206858,"[""model_5"", ""model_3"", ""model_6"", ""model_4""]","{""model_3"": 2.61156276936031, ""model_4"": 0.370244386853089, ""model_5"": 3.81015019418639, ""model_6"": 1.0376599301846767}",2.1246281959328224e-16,"{""model_4"": 0, ""model_5"": 0, ""model_3"": 1, ""model_6"": 1}","{""model_5"": 0, ""model_3"": 1, ""model_6"": 1, ""model_4"": 0}"
NEW,steady8s2,35,1787638933.5871725,2+2,False,False,,,line-8 placement unchanged or every candidate blocked,,,,False,[],[],0.07843583348230078,0.066116464943419,0.07843583348230078,"[""model_5"", ""model_3"", ""model_6"", ""model_4""]","{""model_3"": 2.872943118606025, ""model_4"": 0.38596485867641117, ""model_5"": 4.189509826120226, ""model_6"": 1.0257330398056226}",3.882344372492586e-16,"{""model_4"": 0, ""model_5"": 0, ""model_3"": 1, ""model_6"": 1}","{""model_5"": 0, ""model_3"": 1, ""model_6"": 1, ""model_4"": 0}"
NEW,steady8s2,36,1787638938.6100924,2+2,False,False,,,line-8 placement unchanged or every candidate blocked,,,,False,[],[],0.07887873396475276,0.06874654766864596,0.07887873396475276,"[""model_5"", ""model_3"", ""model_6"", ""model_4""]","{""model_3"": 2.7290886957892657, ""model_4"": 0.3915331232688536, ""model_5"": 4.209777711350817, ""model_6"": 1.3246750164452856}",3.860545186461151e-16,"{""model_4"": 0, ""model_5"": 0, ""model_3"": 1, ""model_6"": 1}","{""model_5"": 0, ""model_3"": 1, ""model_6"": 1, ""model_4"": 0}"
NEW,steady8s2,37,1787638943.6466928,2+2,False,False,,,line-8 placement unchanged or every candidate blocked,,,,False,[],[],0.08212960498458989,0.07356707827941689,0.08212960498458989,"[""model_5"", ""model_3"", ""model_6"", ""model_4""]","{""model_3"": 2.7996714733395445, ""model_4"": 0.41626732155910706, ""model_5"": 4.374679772336883, ""model_6"": 1.5383434882500566}",1.8538681440079528e-16,"{""model_4"": 0, ""model_5"": 0, ""model_3"": 1, ""model_6"": 1}","{""model_5"": 0, ""model_3"": 1, ""model_6"": 1, ""model_4"": 0}"
NEW,steady8s2,38,1787638948.6957302,2+2,False,False,,MIGRATE,literal line-8 absolute delta exceeds tau,model_4,0,1,False,[],"[""model_4""]",0.09586896178231812,0.08004447297163214,0.09586896178231812,"[""model_5"", ""model_3"", ""model_6"", ""model_4""]","{""model_3"": 3.1246883585353498, ""model_4"": 0.37667456654198683, ""model_5"": 5.215743952115228, ""model_6"": 1.5952778201493083}",4.764549094834468e-16,"{""model_4"": 0, ""model_5"": 0, ""model_3"": 1, ""model_6"": 1}","{""model_5"": 0, ""model_3"": 1, ""model_6"": 1, ""model_4"": 1}"
NEW,steady8s2,39,1787638953.7680619,1+3,False,False,,,migration cooldown active,,,,True,[],[],0.08014414049081335,0.09459763640154749,0.09459763640154749,"[""model_5"", ""model_3"", ""model_6"", ""model_4""]","{""model_3"": 2.990581081189821, ""model_4"": 0.40614661722777967, ""model_5"": 5.142843234034517, ""model_6"": 1.629326018440402}",3.45403652914132e-16,"{""model_5"": 0, ""model_3"": 1, ""model_6"": 1, ""model_4"": 1}","{""model_5"": 0, ""model_3"": 1, ""model_6"": 1, ""model_4"": 1}"
NEW,steady8s2,40,1787638958.7979114,1+3,False,False,,,migration cooldown active,,,,True,[],[],0.08588561280658978,0.0946453292061335,0.0946453292061335,"[""model_5"", ""model_3"", ""model_6"", ""model_4""]","{""model_3"": 2.8776486371093752, ""model_4"": 0.3349590723203124, ""model_5"": 5.5112730639853655, ""model_6"": 1.8159799671219718}",1.6115667095214784e-16,"{""model_5"": 0, ""model_3"": 1, ""model_6"": 1, ""model_4"": 1}","{""model_5"": 0, ""model_3"": 1, ""model_6"": 1, ""model_4"": 1}"
NEW,steady8s2,41,1787638963.8289764,1+3,False,False,,,migration cooldown active,,,,True,[],[],0.08397730086753276,0.08922240728304517,0.08922240728304517,"[""model_5"", ""model_3"", ""model_6"", ""model_4""]","{""model_3"": 2.587250923759656, ""model_4"": 0.37301382221976964, ""model_5"": 5.388816835942947, ""model_6"": 1.7801984284750227}",4.944564530989722e-16,"{""model_5"": 0, ""model_3"": 1, ""model_6"": 1, ""model_4"": 1}","{""model_5"": 0, ""model_3"": 1, ""model_6"": 1, ""model_4"": 1}"
NEW,steady8s2,42,1787638968.8583934,1+3,False,False,,,migration cooldown active,,,,True,[],[],0.08020367188579261,0.08387963711910389,0.08387963711910389,"[""model_5"", ""model_3"", ""model_6"", ""model_4""]","{""model_3"": 2.431632704684519, ""model_4"": 0.4083305915151427, ""model_5"": 5.146663358999446, ""model_6"": 1.616633908001479}",3.45147276107367e-16,"{""model_5"": 0, ""model_3"": 1, ""model_6"": 1, ""model_4"": 1}","{""model_5"": 0, ""model_3"": 1, ""model_6"": 1, ""model_4"": 1}"
NEW,steady8s2,43,1787638973.891327,1+3,False,False,,,migration cooldown active,,,,True,[],[],0.07349646805146394,0.08456868459115681,0.08456868459115681,"[""model_5"", ""model_3"", ""model_6"", ""model_4""]","{""model_3"": 2.75239221599634, ""model_4"": 0.48785515724160433, ""model_5"": 4.7162626129508745, ""model_6"": 1.2529595153035373}",3.766450228030916e-16,"{""model_5"": 0, ""model_3"": 1, ""model_6"": 1, ""model_4"": 1}","{""model_5"": 0, ""model_3"": 1, ""model_6"": 1, ""model_4"": 1}"
NEW,steady8s2,44,1787638978.9380603,1+3,False,False,,MIGRATE,literal line-8 absolute delta exceeds tau,model_4,1,0,False,[],"[""model_4""]",0.057639619538796864,0.08995900666101057,0.08995900666101057,"[""model_5"", ""model_3"", ""model_6"", ""model_4""]","{""model_3"": 2.8530006830441987, ""model_4"": 0.6081419361871476, ""model_5"": 3.6987298827093182, ""model_6"": 1.3184567131894962}",1.8582696120058828e-16,"{""model_5"": 0, ""model_3"": 1, ""model_6"": 1, ""model_4"": 1}","{""model_5"": 0, ""model_3"": 1, ""model_6"": 1, ""model_4"": 0}"
NEW,steady8s2,45,1787638984.76467,2+2,False,False,,,migration cooldown active,,,,True,[],[],0.07634476825823872,0.07938091346326571,0.07938091346326571,"[""model_5"", ""model_3"", ""model_6"", ""model_4""]","{""model_3"": 3.359067994464214, ""model_4"": 0.564395075227523, ""model_5"": 3.8890994434615718, ""model_6"": 1.3217702054761284}",1.8974772930870484e-16,"{""model_4"": 0, ""model_5"": 0, ""model_3"": 1, ""model_6"": 1}","{""model_5"": 0, ""model_3"": 1, ""model_6"": 1, ""model_4"": 0}"
NEW,steady8s2,46,1787638989.8012936,2+2,False,False,,,migration cooldown active,,,,True,[],[],0.07401543991761157,0.07980090103741407,0.07980090103741407,"[""model_5"", ""model_3"", ""model_6"", ""model_4""]","{""model_3"": 3.4817475840158885, ""model_4"": 0.7461170172019663, ""model_5"": 3.571498498460739, ""model_6"": 1.2238559378992848}",1.8874909787100767e-16,"{""model_4"": 0, ""model_5"": 0, ""model_3"": 1, ""model_6"": 1}","{""model_5"": 0, ""model_3"": 1, ""model_6"": 1, ""model_4"": 0}"
NEW,steady8s2,47,1787638994.8396473,2+2,False,False,,,migration cooldown active,,,,True,[],[],0.07368109292084186,0.08746042701771747,0.08746042701771747,"[""model_3"", ""model_5"", ""model_6"", ""model_4""]","{""model_3"": 3.6690720349112307, ""model_4"": 0.752823526559276, ""model_5"": 3.545288196618038, ""model_6"": 1.4881891996432788}",3.444380182834959e-16,"{""model_4"": 0, ""model_5"": 0, ""model_3"": 1, ""model_6"": 1}","{""model_3"": 1, ""model_5"": 0, ""model_6"": 1, ""model_4"": 0}"
NEW,steady8s2,48,1787638999.874552,2+2,False,False,,,migration cooldown active,,,,True,[],[],0.07312329436215541,0.09076703330144524,0.09076703330144524,"[""model_3"", ""model_5"", ""model_6"", ""model_4""]","{""model_3"": 4.006973077913836, ""model_4"": 0.7376877056593564, ""model_5"": 3.5278854051111432, ""model_6"": 1.3452681377188478}",3.3189028069435946e-16,"{""model_4"": 0, ""model_5"": 0, ""model_3"": 1, ""model_6"": 1}","{""model_3"": 1, ""model_5"": 0, ""model_6"": 1, ""model_4"": 0}"
NEW,steady8s2,49,1787639004.9099424,2+2,False,False,,,migration cooldown active,,,,True,[],[],0.07711727581141513,0.0884393621344932,0.0884393621344932,"[""model_5"", ""model_3"", ""model_6"", ""model_4""]","{""model_3"": 3.6857654219826457, ""model_4"": 0.5965125397162735, ""model_5"": 3.9020454225093837, ""model_6"": 1.5292204807565821}",3.406254345706285e-16,"{""model_4"": 0, ""model_5"": 0, ""model_3"": 1, ""model_6"": 1}","{""model_5"": 0, ""model_3"": 1, ""model_6"": 1, ""model_4"": 0}"
NEW,steady8s2,50,1787639009.9615736,2+2,False,False,,,line-8 placement unchanged or every candidate blocked,,,,False,[],[],0.07639039354743521,0.0785242934096849,0.0785242934096849,"[""model_5"", ""model_3"", ""model_6"", ""model_4""]","{""model_3"": 2.9783691403120764, ""model_4"": 0.5534739135926494, ""model_5"": 3.9026821100035383, ""model_6"": 1.6519569189297152}",3.836353675039304e-16,"{""model_4"": 0, ""model_5"": 0, ""model_3"": 1, ""model_6"": 1}","{""model_5"": 0, ""model_3"": 1, ""model_6"": 1, ""model_4"": 0}"
NEW,steady8s2,51,1787639015.0168514,2+2,False,False,,,line-8 placement unchanged or every candidate blocked,,,,False,[],[],0.0869880097807582,0.08225195516963571,0.0869880097807582,"[""model_5"", ""model_3"", ""model_6"", ""model_4""]","{""model_3"": 3.1828351228982004, ""model_4"": 0.6032192756617798, ""model_5"": 4.471137927701319, ""model_6"": 1.6672992101613153}",5.250980867752906e-16,"{""model_4"": 0, ""model_5"": 0, ""model_3"": 1, ""model_6"": 1}","{""model_5"": 0, ""model_3"": 1, ""model_6"": 1, ""model_4"": 0}"
NEW,steady8s2,52,1787639020.0548806,2+2,False,False,,,line-8 placement unchanged or every candidate blocked,,,,False,[],[],0.080262861879195,0.08332115062702641,0.08332115062702641,"[""model_5"", ""model_3"", ""model_6"", ""model_4""]","{""model_3"": 3.1290577685741785, ""model_4"": 0.38759538268035376, ""model_5"": 4.294457148073392, ""model_6"": 1.7841235958409665}",1.80774604848289e-16,"{""model_4"": 0, ""model_5"": 0, ""model_3"": 1, ""model_6"": 1}","{""model_5"": 0, ""model_3"": 1, ""model_6"": 1, ""model_4"": 0}"
NEW,steady8s2,53,1787639025.09582,2+2,False,False,,,line-8 placement unchanged or every candidate blocked,,,,False,[],[],0.0789880459854387,0.08293390862858137,0.08293390862858137,"[""model_5"", ""model_3"", ""model_6"", ""model_4""]","{""model_3"": 3.093990452108723, ""model_4"": 0.3388039066015185, ""model_5"": 4.268883533724845, ""model_6"": 1.7963564920426442}",3.6323738574922433e-16,"{""model_4"": 0, ""model_5"": 0, ""model_3"": 1, ""model_6"": 1}","{""model_5"": 0, ""model_3"": 1, ""model_6"": 1, ""model_4"": 0}"
NEW,steady8s2,54,1787639030.1381402,2+2,False,False,,,line-8 placement unchanged or every candidate blocked,,,,False,[],[],0.07897439348924618,0.08064510568898606,0.08064510568898606,"[""model_5"", ""model_3"", ""model_6"", ""model_4""]","{""model_3"": 2.9826265141960615, ""model_4"": 0.3162540127183251, ""model_5"": 4.290637023108465, ""model_6"": 1.7727570519292866}",3.7354648993069834e-16,"{""model_4"": 0, ""model_5"": 0, ""model_3"": 1, ""model_6"": 1}","{""model_5"": 0, ""model_3"": 1, ""model_6"": 1, ""model_4"": 0}"
NEW,steady8s2,55,1787639035.218156,2+2,False,False,,,line-8 placement unchanged or every candidate blocked,,,,False,[],[],0.0746955474319826,0.07674858388800723,0.07674858388800723,"[""model_5"", ""model_3"", ""model_6"", ""model_4""]","{""model_3"": 2.821518523533678, ""model_4"": 0.376612568741858, ""model_5"": 3.980676328037488, ""model_6"": 1.7040996330343423}",3.9251142671465276e-16,"{""model_4"": 0, ""model_5"": 0, ""model_3"": 1, ""model_6"": 1}","{""model_5"": 0, ""model_3"": 1, ""model_6"": 1, ""model_4"": 0}"
NEW,steady8s2,56,1787639040.2654655,2+2,False,False,,,line-8 placement unchanged or every candidate blocked,,,,False,[],[],0.07125385768351344,0.08576611679841334,0.08576611679841334,"[""model_5"", ""model_3"", ""model_6"", ""model_4""]","{""model_3"": 3.0982478259927078, ""model_4"": 0.4311567778870913, ""model_5"": 3.7253646428814573, ""model_6"": 1.9591053620168575}",3.512423936718123e-16,"{""model_4"": 0, ""model_5"": 0, ""model_3"": 1, ""model_6"": 1}","{""model_5"": 0, ""model_3"": 1, ""model_6"": 1, ""model_4"": 0}"
NEW,steady8s2,57,1787639045.318727,2+2,False,False,,,line-8 placement unchanged or every candidate blocked,,,,False,[],[],0.06209280029706513,0.08539950416890252,0.08539950416890252,"[""model_5"", ""model_3"", ""model_6"", ""model_4""]","{""model_3"": 3.1864202798531354, ""model_4"": 0.3835033887287995, ""model_5"": 3.238617053600194, ""model_6"": 1.8493149357002556}",2.645626849949023e-16,"{""model_4"": 0, ""model_5"": 0, ""model_3"": 1, ""model_6"": 1}","{""model_5"": 0, ""model_3"": 1, ""model_6"": 1, ""model_4"": 0}"
NEW,steady8s2,58,1787639050.3958764,2+2,False,False,,,line-8 placement unchanged or every candidate blocked,,,,False,[],[],0.05961532029674979,0.08425646977392434,0.08425646977392434,"[""model_3"", ""model_5"", ""model_6"", ""model_4""]","{""model_3"": 3.276161239881346, ""model_4"": 0.40282302426350225, ""model_5"": 3.0747761384377217, ""model_6"": 1.6921728986822278}",1.7876785154327646e-16,"{""model_4"": 0, ""model_5"": 0, ""model_3"": 1, ""model_6"": 1}","{""model_3"": 1, ""model_5"": 0, ""model_6"": 1, ""model_4"": 0}"
NEW,steady8s2,59,1787639055.4370189,2+2,False,False,,,line-8 placement unchanged or every candidate blocked,,,,False,[],[],0.058852590740294204,0.08483945178267355,0.08483945178267355,"[""model_3"", ""model_5"", ""model_6"", ""model_4""]","{""model_3"": 3.4008574802201723, ""model_4"": 0.36193786603508116, ""model_5"": 3.0711682426375106, ""model_6"": 1.6018532400350953}",8.876971599657127e-17,"{""model_4"": 0, ""model_5"": 0, ""model_3"": 1, ""model_6"": 1}","{""model_3"": 1, ""model_5"": 0, ""model_6"": 1, ""model_4"": 0}"
NEW,steady8s2,60,1787639060.500512,2+2,False,True,,MIGRATE,literal line-8 absolute delta exceeds tau,model_4,0,1,False,[],"[""model_6"", ""model_4""]",0.053522359100851055,0.08584395114555873,0.08584395114555873,"[""model_3"", ""model_5"", ""model_6"", ""model_4""]","{""model_3"": 3.4190071294290365, ""model_4"": 0.3889787459274736, ""model_5"": 2.73319371357471, ""model_6"": 1.6429361164695298}",8.213269068827012e-08,"{""model_4"": 0, ""model_5"": 0, ""model_3"": 1, ""model_6"": 1}","{""model_3"": 1, ""model_5"": 0, ""model_6"": 0, ""model_4"": 1}"
NEW,steady8s2,61,1787639065.566757,1+3,False,True,,,migration cooldown active,,,,True,[],"[""model_6""]",0.04081207855799595,0.09851887986985745,0.09851887986985745,"[""model_3"", ""model_5"", ""model_6"", ""model_4""]","{""model_3"": 3.5155825027780834, ""model_4"": 0.8594051246849153, ""model_5"": 2.6189078926229623, ""model_6"": 0.8594051246849155}",8.48406359396383e-17,"{""model_5"": 0, ""model_3"": 1, ""model_6"": 1, ""model_4"": 1}","{""model_3"": 1, ""model_5"": 0, ""model_6"": 0, ""model_4"": 1}"
NEW,steady8s2,62,1787639070.615632,1+3,False,False,,,migration cooldown active,,,,True,[],"[""model_4""]",0.05135078911918347,0.09372093502438604,0.09372093502438604,"[""model_3"", ""model_5"", ""model_6"", ""model_4""]","{""model_3"": 3.4861169940547154, ""model_4"": 0.2569111656483303, ""model_5"": 3.2951761259976027, ""model_6"": 1.2364456595711228}",3.567358527972301e-16,"{""model_5"": 0, ""model_3"": 1, ""model_6"": 1, ""model_4"": 1}","{""model_3"": 1, ""model_5"": 0, ""model_6"": 1, ""model_4"": 0}"
NEW,steady8s2,63,1787639075.6998546,1+3,False,False,,,migration cooldown active,,,,True,[],"[""model_4""]",0.06411696604251121,0.0951854747736365,0.0951854747736365,"[""model_5"", ""model_3"", ""model_6"", ""model_4""]","{""model_3"": 3.5779866410249177, ""model_4"": 0.24657454784792088, ""model_5"": 4.114380701809972, ""model_6"": 1.2327248858678526}",1.7562352743623784e-16,"{""model_5"": 0, ""model_3"": 1, ""model_6"": 1, ""model_4"": 1}","{""model_5"": 0, ""model_3"": 1, ""model_6"": 1, ""model_4"": 0}"
NEW,steady8s2,64,1787639080.7510302,1+3,False,False,,,migration cooldown active,,,,True,[],"[""model_4""]",0.06783106362927212,0.09336456220632094,0.09336456220632094,"[""model_5"", ""model_3"", ""model_6"", ""model_4""]","{""model_3"": 3.354586548270545, ""model_4"": 0.25038922109761486, ""model_5"": 4.352714053788545, ""model_6"": 1.3555636558243198}",3.580975146329625e-16,"{""model_5"": 0, ""model_3"": 1, ""model_6"": 1, ""model_4"": 1}","{""model_5"": 0, ""model_3"": 1, ""model_6"": 1, ""model_4"": 0}"
NEW,steady8s2,65,1787639085.8022585,1+3,False,False,,,migration cooldown active,,,,True,[],"[""model_4""]",0.07205779267279876,0.09253294605693667,0.09253294605693667,"[""model_5"", ""model_3"", ""model_6"", ""model_4""]","{""model_3"": 3.3084276524757597, ""model_4"": 0.24466712513183841, ""model_5"": 4.623942926298443, ""model_6"": 1.363260166897966}",1.8065791215761156e-16,"{""model_5"": 0, ""model_3"": 1, ""model_6"": 1, ""model_4"": 1}","{""model_5"": 0, ""model_3"": 1, ""model_6"": 1, ""model_4"": 0}"
NEW,steady8s2,66,1787639090.8542602,1+3,False,False,,,line-8 placement unchanged or every candidate blocked,,,,False,[],[],0.08262296163175484,0.09640561883953508,0.09640561883953508,"[""model_5"", ""model_3"", ""model_6"", ""model_4""]","{""model_3"": 3.387301105484324, ""model_4"": 0.23928354517075, ""model_5"": 5.301908992990829, ""model_6"": 1.495528726868116}",1.6752049514133586e-16,"{""model_5"": 0, ""model_3"": 1, ""model_6"": 1, ""model_4"": 1}","{""model_5"": 0, ""model_3"": 1, ""model_6"": 1, ""model_4"": 1}"
NEW,steady8s2,67,1787639095.950215,1+3,False,False,,MIGRATE,literal line-8 absolute delta exceeds tau,model_4,1,0,False,[],"[""model_4""]",0.07730978462985691,0.1045474220173508,0.1045474220173508,"[""model_5"", ""model_3"", ""model_6"", ""model_4""]","{""model_3"": 3.7262104738805046, ""model_4"": 0.25614233102586104, ""model_5"": 4.960962839870993, ""model_6"": 1.5723415723162806}",3.1979380300099094e-16,"{""model_5"": 0, ""model_3"": 1, ""model_6"": 1, ""model_4"": 1}","{""model_5"": 0, ""model_3"": 1, ""model_6"": 1, ""model_4"": 0}"
NEW,steady8s2,68,1787639101.8179371,2+2,False,False,,,migration cooldown active,,,,True,[],[],0.0907508157699355,0.09824665715921624,0.09824665715921624,"[""model_5"", ""model_3"", ""model_6"", ""model_4""]","{""model_3"": 4.120689775078174, ""model_4"": 0.28238328806799085, ""model_5"": 5.011473381073932, ""model_6"": 1.6726009012770966}",3.066231160556593e-16,"{""model_4"": 0, ""model_5"": 0, ""model_3"": 1, ""model_6"": 1}","{""model_5"": 0, ""model_3"": 1, ""model_6"": 1, ""model_4"": 0}"
NEW,steady8s2,69,1787639107.4940438,2+2,False,False,,,migration cooldown active,,,,True,[],[],0.0788848364271582,0.09864761836539153,0.09864761836539153,"[""model_5"", ""model_3"", ""model_6"", ""model_4""]","{""model_3"": 4.128532305917093, ""model_4"": 0.2925658551273287, ""model_5"": 4.30910096043895, ""model_6"": 1.6884017684374688}",1.5268841082725803e-16,"{""model_4"": 0, ""model_5"": 0, ""model_3"": 1, ""model_6"": 1}","{""model_5"": 0, ""model_3"": 1, ""model_6"": 1, ""model_4"": 0}"
NEW,steady8s2,70,1787639112.5590246,2+2,False,False,,,migration cooldown active,,,,True,[],[],0.07546177798484426,0.10227310501208764,0.10227310501208764,"[""model_5"", ""model_3"", ""model_6"", ""model_4""]","{""model_3"": 4.148474741478918, ""model_4"": 0.24208232023559195, ""model_5"": 4.159903857642033, ""model_6"": 1.8822426675443997}",1.4727574838297174e-16,"{""model_4"": 0, ""model_5"": 0, ""model_3"": 1, ""model_6"": 1}","{""model_5"": 0, ""model_3"": 1, ""model_6"": 1, ""model_4"": 0}"
NEW,steady8s2,71,1787639117.6356988,2+2,False,False,,,migration cooldown active,,,,True,[],[],0.07710198514187044,0.10484060749821787,0.10484060749821787,"[""model_3"", ""model_5"", ""model_6"", ""model_4""]","{""model_3"": 4.166176453943909, ""model_4"": 0.35166314919436603, ""model_5"": 4.146002847352988, ""model_6"": 2.015938352655109}",4.310070813075411e-16,"{""model_4"": 0, ""model_5"": 0, ""model_3"": 1, ""model_6"": 1}","{""model_3"": 1, ""model_5"": 0, ""model_6"": 1, ""model_4"": 0}"
NEW,steady8s2,72,1787639122.6928868,2+2,False,True,,,migration cooldown active,,,,True,[],"[""model_6"", ""model_4""]",0.07147572066742525,0.11291909507930699,0.11291909507930699,"[""model_3"", ""model_5"", ""model_6"", ""model_4""]","{""model_3"": 4.729493981191151, ""model_4"": 0.332465870488436, ""model_5"": 3.8369977021170105, ""model_6"": 1.9289838802529227}",7.788473922467978e-08,"{""model_4"": 0, ""model_5"": 0, ""model_3"": 1, ""model_6"": 1}","{""model_3"": 1, ""model_5"": 0, ""model_6"": 0, ""model_4"": 1}"
NEW,steady8s2,73,1787639127.767333,2+2,False,False,,,line-8 placement unchanged or every candidate blocked,,,,False,[],[],0.07025528036482888,0.09417541063732994,0.09417541063732994,"[""model_5"", ""model_3"", ""model_6"", ""model_4""]","{""model_3"": 3.690246868176315, ""model_4"": 0.3352351074442308, ""model_5"": 3.7630353196189428, ""model_6"": 1.8629754414948345}",3.198785750584228e-16,"{""model_4"": 0, ""model_5"": 0, ""model_3"": 1, ""model_6"": 1}","{""model_5"": 0, ""model_3"": 1, ""model_6"": 1, ""model_4"": 0}"
NEW,steady8s2,74,1787639132.8236778,2+2,False,False,,,line-8 placement unchanged or every candidate blocked,,,,False,[],[],0.07869619287798536,0.09152952855448604,0.09152952855448604,"[""model_5"", ""model_3"", ""model_6"", ""model_4""]","{""model_3"": 3.6653748418014547, ""model_4"": 0.38374986808926614, ""model_5"": 4.20691261762712, ""model_6"": 1.731828276535437}",3.2912543783373896e-16,"{""model_4"": 0, ""model_5"": 0, ""model_3"": 1, ""model_6"": 1}","{""model_5"": 0, ""model_3"": 1, ""model_6"": 1, ""model_4"": 0}"
NEW,steady8s2,75,1787639137.909771,2+2,False,False,,,line-8 placement unchanged or every candidate blocked,,,,False,[],[],0.07960937417126886,0.09163788237126981,0.09163788237126981,"[""model_5"", ""model_3"", ""model_6"", ""model_4""]","{""model_3"": 3.7374140893646755, ""model_4"": 0.4151597674172276, ""model_5"": 4.2287722215931005, ""model_6"": 1.666178306477136}",3.287362756612061e-16,"{""model_4"": 0, ""model_5"": 0, ""model_3"": 1, ""model_6"": 1}","{""model_5"": 0, ""model_3"": 1, ""model_6"": 1, ""model_4"": 0}"
NEW,steady8s2,76,1787639142.9634154,2+2,False,False,,,line-8 placement unchanged or every candidate blocked,,,,False,[],[],0.07872879415569484,0.09136762691471981,0.09136762691471981,"[""model_5"", ""model_3"", ""model_6"", ""model_4""]","{""model_3"": 3.821329169341118, ""model_4"": 0.4596134944180785, ""model_5"": 4.132950753722817, ""model_6"": 1.566327127889949}",3.2970864164315603e-16,"{""model_4"": 0, ""model_5"": 0, ""model_3"": 1, ""model_6"": 1}","{""model_5"": 0, ""model_3"": 1, ""model_6"": 1, ""model_4"": 0}"
NEW,steady8s2,77,1787639148.0213919,2+2,False,False,,,line-8 placement unchanged or every candidate blocked,,,,False,[],[],0.07216756633997903,0.0835560383306638,0.0835560383306638,"[""model_5"", ""model_3"", ""model_6"", ""model_4""]","{""model_3"": 3.502250200351922, ""model_4"": 0.37568959745856456, ""model_5"": 3.8341320897995503, ""model_6"": 1.4247817395720457}",5.40799266493388e-16,"{""model_4"": 0, ""model_5"": 0, ""model_3"": 1, ""model_6"": 1}","{""model_5"": 0, ""model_3"": 1, ""model_6"": 1, ""model_4"": 0}"
NEW,steady8s2,78,1787639153.0989983,2+2,False,False,,,line-8 placement unchanged or every candidate blocked,,,,False,[],[],0.07152278126949824,0.08509226485001854,0.08509226485001854,"[""model_5"", ""model_3"", ""model_6"", ""model_4""]","{""model_3"": 3.4542987260796685, ""model_4"": 0.35664676714474974, ""model_5"": 3.815562037886705, ""model_6"": 1.563319570965078}",3.540239082049109e-16,"{""model_4"": 0, ""model_5"": 0, ""model_3"": 1, ""model_6"": 1}","{""model_5"": 0, ""model_3"": 1, ""model_6"": 1, ""model_4"": 0}"
NEW,steady8s2,79,1787639158.1598961,2+2,False,False,,,line-8 placement unchanged or every candidate blocked,,,,False,[],[],0.06750165579385738,0.08614976122520823,0.08614976122520823,"[""model_5"", ""model_3"", ""model_6"", ""model_4""]","{""model_3"": 3.512221418132833, ""model_4"": 0.33505046327354493, ""model_5"": 3.6025900710919605, ""model_6"": 1.567754052863773}",2.622586737193082e-16,"{""model_4"": 0, ""model_5"": 0, ""model_3"": 1, ""model_6"": 1}","{""model_5"": 0, ""model_3"": 1, ""model_6"": 1, ""model_4"": 0}"
NEW,steady8s2,80,1787639163.2402213,2+2,False,True,,MIGRATE,literal line-8 absolute delta exceeds tau,model_4,0,1,False,[],"[""model_6"", ""model_4""]",0.05907555998796684,0.09131783872897027,0.09131783872897027,"[""model_3"", ""model_5"", ""model_6"", ""model_4""]","{""model_3"": 3.751978552325189, ""model_4"": 0.27084567101281465, ""model_5"": 3.175267122269617, ""model_6"": 1.6327423694078225}",8.808959043184392e-08,"{""model_4"": 0, ""model_5"": 0, ""model_3"": 1, ""model_6"": 1}","{""model_3"": 1, ""model_5"": 0, ""model_6"": 0, ""model_4"": 1}"
NEW,steady8s2,81,1787639168.3205254,1+3,False,False,,,migration cooldown active,,,,True,[],"[""model_4""]",0.05295813678362318,0.10308535843045621,0.10308535843045621,"[""model_3"", ""model_5"", ""model_6"", ""model_4""]","{""model_3"": 3.481075367086836, ""model_4"": 0.28312219107209025, ""model_5"": 3.398319500050663, ""model_6"": 1.7128161242311135}",8.108236268934653e-17,"{""model_5"": 0, ""model_3"": 1, ""model_6"": 1, ""model_4"": 1}","{""model_3"": 1, ""model_5"": 0, ""model_6"": 1, ""model_4"": 0}"
NEW,steady8s2,82,1787639173.3947484,1+3,False,False,,,migration cooldown active,,,,True,[],"[""model_4""]",0.05507315495524705,0.10670925408697543,0.10670925408697543,"[""model_3"", ""model_5"", ""model_6"", ""model_4""]","{""model_3"": 3.7683360681009894, ""model_4"": 0.27158583534535596, ""model_5"": 3.5340400508879717, ""model_6"": 1.6296324694598932}",6.266301450036833e-16,"{""model_5"": 0, ""model_3"": 1, ""model_6"": 1, ""model_4"": 1}","{""model_3"": 1, ""model_5"": 0, ""model_6"": 1, ""model_4"": 0}"
NEW,steady8s2,83,1787639178.502391,1+3,False,False,,,migration cooldown active,,,,True,[],"[""model_4""]",0.06325872176489372,0.1077365820326869,0.1077365820326869,"[""model_5"", ""model_3"", ""model_6"", ""model_4""]","{""model_3"": 3.764302766526685, ""model_4"": 0.27158586016834496, ""model_5"": 4.059307233565592, ""model_6"": 1.6882485628268116}",3.103274398545009e-16,"{""model_5"": 0, ""model_3"": 1, ""model_6"": 1, ""model_4"": 1}","{""model_5"": 0, ""model_3"": 1, ""model_6"": 1, ""model_4"": 0}"
NEW,steady8s2,84,1787639183.5728471,1+3,False,False,,,migration cooldown active,,,,True,[],"[""model_4""]",0.06353157399188193,0.10403201545434132,0.10403201545434132,"[""model_5"", ""model_3"", ""model_6"", ""model_4""]","{""model_3"": 3.715903147635067, ""model_4"": 0.2714319514122565, ""model_5"": 4.076816139654844, ""model_6"": 1.5399752845551138}",3.2137815974114096e-16,"{""model_5"": 0, ""model_3"": 1, ""model_6"": 1, ""model_4"": 1}","{""model_5"": 0, ""model_3"": 1, ""model_6"": 1, ""model_4"": 0}"
NEW,steady8s2,85,1787639188.6368346,1+3,False,False,,,migration cooldown active,,,,True,[],"[""model_4""]",0.05461178664415786,0.0941107544921148,0.0941107544921148,"[""model_5"", ""model_3"", ""model_6"", ""model_4""]","{""model_3"": 3.3285941603472677, ""model_4"": 0.24838958895739327, ""model_5"": 3.504434082409778, ""model_6"": 1.423201513291041}",1.7762910233431096e-16,"{""model_5"": 0, ""model_3"": 1, ""model_6"": 1, ""model_4"": 1}","{""model_5"": 0, ""model_3"": 1, ""model_6"": 1, ""model_4"": 0}"
NEW,steady8s2,86,1787639193.7207057,1+3,False,False,,MIGRATE,literal line-8 absolute delta exceeds tau,model_4,1,0,False,[],"[""model_4""]",0.04613848475877816,0.07935791983492935,0.07935791983492935,"[""model_5"", ""model_3"", ""model_6"", ""model_4""]","{""model_3"": 2.83866005522446, ""model_4"": 0.2207632962916828, ""model_5"": 2.960702962401672, ""model_6"": 1.1569311275260132}",4.2130158842901474e-16,"{""model_5"": 0, ""model_3"": 1, ""model_6"": 1, ""model_4"": 1}","{""model_5"": 0, ""model_3"": 1, ""model_6"": 1, ""model_4"": 0}"
NEW,steady10s1,1,1787639371.264318,2+2,False,True,,MIGRATE,literal line-8 absolute delta exceeds tau,model_6,1,0,False,[],"[""model_6""]",1.6425233431087275e-05,0.0009370451975182683,0.0009370451975182683,"[""model_3"", ""model_5"", ""model_6"", ""model_4""]","{""model_3"": 0.05489772822748917, ""model_4"": 0.00021535958886120094, ""model_5"": 0.0007427897214635638, ""model_6"": 0.0003568132422145751}",2.2360238907401657e-07,"{""model_4"": 0, ""model_5"": 0, ""model_3"": 1, ""model_6"": 1}","{""model_3"": 1, ""model_5"": 0, ""model_6"": 0, ""model_4"": 0}"
NEW,steady10s1,2,1787639377.2571433,3+1,True,False,,,migration cooldown active,,,,True,[],"[""model_5""]",0.01841449836988885,0.0036218650466235394,0.01841449836988885,"[""model_6"", ""model_3"", ""model_5"", ""model_4""]","{""model_3"": 0.2653016146651742, ""model_4"": 0.2074641889318714, ""model_5"": 0.2074641889318713, ""model_6"": 0.39624466165671246}",6.843318074781503e-17,"{""model_6"": 0, ""model_4"": 0, ""model_5"": 0, ""model_3"": 1}","{""model_6"": 0, ""model_3"": 1, ""model_5"": 1, ""model_4"": 0}"
NEW,steady10s1,3,1787639382.2626884,3+1,True,False,,,migration cooldown active,,,,True,[],"[""model_6""]",0.037588570265200634,0.010269088649928398,0.037588570265200634,"[""model_3"", ""model_5"", ""model_6"", ""model_4""]","{""model_3"": 0.752210743607255, ""model_4"": 0.45289400906919053, ""model_5"": 0.7500178681142261, ""model_6"": 0.45289400906919064}",2.68201250845362e-16,"{""model_6"": 0, ""model_4"": 0, ""model_5"": 0, ""model_3"": 1}","{""model_3"": 1, ""model_5"": 0, ""model_6"": 1, ""model_4"": 0}"
NEW,steady10s1,4,1787639387.3007658,3+1,True,False,,,migration cooldown active,,,,True,[],"[""model_6""]",0.056227139981549545,0.015602468471540005,0.056227139981549545,"[""model_3"", ""model_5"", ""model_6"", ""model_4""]","{""model_3"": 1.1428808155403052, ""model_4"": 0.6981423257387486, ""model_5"": 1.0805647921628696, ""model_6"": 0.6981423257387487}",5.378880145383715e-16,"{""model_6"": 0, ""model_4"": 0, ""model_5"": 0, ""model_3"": 1}","{""model_3"": 1, ""model_5"": 0, ""model_6"": 1, ""model_4"": 0}"
NEW,steady10s1,5,1787639392.355554,3+1,True,False,,,migration cooldown active,,,,True,[],"[""model_6""]",0.08975735053892712,0.02285231658006854,0.08975735053892712,"[""model_5"", ""model_3"", ""model_6"", ""model_4""]","{""model_3"": 1.67393218949002, ""model_4"": 1.0099185180463066, ""model_5"": 1.9340443780772336, ""model_6"": 1.009918518046307}",2.2463456200711727e-16,"{""model_6"": 0, ""model_4"": 0, ""model_5"": 0, ""model_3"": 1}","{""model_5"": 0, ""model_3"": 1, ""model_6"": 1, ""model_4"": 0}"
NEW,steady10s1,6,1787639397.3654234,3+1,True,False,,,migration cooldown active,,,,True,[],"[""model_6""]",0.11602489957264922,0.029559190832367625,0.11602489957264922,"[""model_5"", ""model_3"", ""model_6"", ""model_4""]","{""model_3"": 2.165210728470928, ""model_4"": 1.271295059603982, ""model_5"": 2.5683973514200233, ""model_6"": 1.271295059603982}",3.475564848492944e-16,"{""model_6"": 0, ""model_4"": 0, ""model_5"": 0, ""model_3"": 1}","{""model_5"": 0, ""model_3"": 1, ""model_6"": 1, ""model_4"": 0}"
NEW,steady10s1,7,1787639402.394636,3+1,True,False,,MIGRATE,literal line-8 absolute delta exceeds tau,model_6,0,1,False,[],"[""model_6""]",0.1436301353326111,0.037393309400275465,0.1436301353326111,"[""model_5"", ""model_3"", ""model_6"", ""model_4""]","{""model_3"": 2.7390599135701774, ""model_4"": 1.5289208095625633, ""model_5"": 3.26917805331962, ""model_6"": 1.528920809562563}",2.807572808942871e-16,"{""model_6"": 0, ""model_4"": 0, ""model_5"": 0, ""model_3"": 1}","{""model_5"": 0, ""model_3"": 1, ""model_6"": 1, ""model_4"": 0}"
NEW,steady10s1,8,1787639411.0426714,2+2,False,False,,,migration cooldown active,,,,True,[],[],0.0695194772348382,0.09222221757364726,0.09222221757364726,"[""model_3"", ""model_5"", ""model_6"", ""model_4""]","{""model_3"": 3.3097720863338598, ""model_4"": 0.8185349930751307, ""model_5"": 3.2368131057000906, ""model_6"": 2.128276684693454}",3.266533483230742e-16,"{""model_4"": 0, ""model_5"": 0, ""model_3"": 1, ""model_6"": 1}","{""model_3"": 1, ""model_5"": 0, ""model_6"": 1, ""model_4"": 0}"
NEW,steady10s1,9,1787639416.0881789,2+2,False,False,,,migration cooldown active,,,,True,[],[],0.07384384300312868,0.09636486719534007,0.09636486719534007,"[""model_3"", ""model_5"", ""model_6"", ""model_4""]","{""model_3"": 3.520512093591121, ""model_4"": 0.9447283543917431, ""model_5"": 3.3628772295427187, ""model_6"": 2.161815456202848}",2.344580839234608e-16,"{""model_4"": 0, ""model_5"": 0, ""model_3"": 1, ""model_6"": 1}","{""model_3"": 1, ""model_5"": 0, ""model_6"": 1, ""model_4"": 0}"
NEW,steady10s1,10,1787639421.1028996,2+2,False,False,,,migration cooldown active,,,,True,[],[],0.070860773858883,0.09598967912859849,0.09598967912859849,"[""model_3"", ""model_5"", ""model_6"", ""model_4""]","{""model_3"": 3.581011617205646, ""model_4"": 0.8964598256373233, ""model_5"": 3.2371314494471672, ""model_6"": 2.0791922940668495}",3.1383265819497662e-16,"{""model_4"": 0, ""model_5"": 0, ""model_3"": 1, ""model_6"": 1}","{""model_3"": 1, ""model_5"": 0, ""model_6"": 1, ""model_4"": 0}"
NEW,steady10s1,11,1787639426.118328,2+2,False,True,,,migration cooldown active,,,,True,[],"[""model_6"", ""model_4""]",0.07096229248277751,0.10035585739099634,0.10035585739099634,"[""model_3"", ""model_5"", ""model_6"", ""model_4""]","{""model_3"": 3.630307214889604, ""model_4"": 1.0364039080841354, ""model_5"": 3.1031093528203866, ""model_6"": 2.287356863994526}",1.0492194987872968e-07,"{""model_4"": 0, ""model_5"": 0, ""model_3"": 1, ""model_6"": 1}","{""model_3"": 1, ""model_5"": 0, ""model_6"": 0, ""model_4"": 1}"
NEW,steady10s1,12,1787639431.1332054,2+2,False,True,,,migration cooldown active,,,,True,[],"[""model_6"", ""model_4""]",0.07075519016720737,0.10554602488334423,0.10554602488334423,"[""model_3"", ""model_5"", ""model_6"", ""model_4""]","{""model_3"": 3.7340526782006886, ""model_4"": 0.9841053459848563, ""model_5"": 3.1433268116791697, ""model_6"": 2.4896589850966255}",1.0492734424536653e-07,"{""model_4"": 0, ""model_5"": 0, ""model_3"": 1, ""model_6"": 1}","{""model_3"": 1, ""model_5"": 0, ""model_6"": 0, ""model_4"": 1}"
NEW,steady10s1,13,1787639436.16561,2+2,False,False,,,line-8 placement unchanged or every candidate blocked,,,,False,[],[],0.07585319935474052,0.10845543524739507,0.10845543524739507,"[""model_3"", ""model_5"", ""model_6"", ""model_4""]","{""model_3"": 3.6740016257242654, ""model_4"": 1.008778710648559, ""model_5"": 3.4160406353046358, ""model_6"": 2.7212679944985947}",1.3888052770935e-16,"{""model_4"": 0, ""model_5"": 0, ""model_3"": 1, ""model_6"": 1}","{""model_3"": 1, ""model_5"": 0, ""model_6"": 1, ""model_4"": 0}"
NEW,steady10s1,14,1787639441.1835206,2+2,False,False,,,line-8 placement unchanged or every candidate blocked,,,,False,[],[],0.07712893346976535,0.1069175339184221,0.1069175339184221,"[""model_5"", ""model_3"", ""model_6"", ""model_4""]","{""model_3"": 3.452730219911885, ""model_4"": 0.9377142721667253, ""model_5"": 3.5615237277189826, ""model_6"": 2.851854285031634}",2.113172768967625e-16,"{""model_4"": 0, ""model_5"": 0, ""model_3"": 1, ""model_6"": 1}","{""model_5"": 0, ""model_3"": 1, ""model_6"": 1, ""model_4"": 0}"
NEW,steady10s1,15,1787639446.2007756,2+2,False,False,,,line-8 placement unchanged or every candidate blocked,,,,False,[],[],0.07305618647178205,0.10657647026400804,0.10657647026400804,"[""model_3"", ""model_5"", ""model_6"", ""model_4""]","{""model_3"": 3.3816992977422387, ""model_4"": 0.8840312836513857, ""model_5"": 3.3776271564906364, ""model_6"": 2.902773775970002}",2.826580396741132e-16,"{""model_4"": 0, ""model_5"": 0, ""model_3"": 1, ""model_6"": 1}","{""model_3"": 1, ""model_5"": 0, ""model_6"": 1, ""model_4"": 0}"
NEW,steady10s1,16,1787639451.2203612,2+2,False,False,,,line-8 placement unchanged or every candidate blocked,,,,False,[],[],0.06947587452228277,0.10110653841215057,0.10110653841215057,"[""model_3"", ""model_5"", ""model_6"", ""model_4""]","{""model_3"": 3.1655815550525768, ""model_4"": 0.8983363890328862, ""model_5"": 3.154468189789419, ""model_6"": 2.7963471582310926}",2.9795003007036653e-16,"{""model_4"": 0, ""model_5"": 0, ""model_3"": 1, ""model_6"": 1}","{""model_3"": 1, ""model_5"": 0, ""model_6"": 1, ""model_4"": 0}"
NEW,steady10s1,17,1787639456.2400613,2+2,False,True,,MIGRATE,literal line-8 absolute delta exceeds tau,model_4,0,1,False,[],"[""model_6"", ""model_4""]",0.06106649241786758,0.1003284373356486,0.1003284373356486,"[""model_3"", ""model_5"", ""model_6"", ""model_4""]","{""model_3"": 3.383267484572291, ""model_4"": 0.7548837849717311, ""model_5"": 2.807368029568212, ""model_6"": 2.5327797392605254}",1.0795646304024435e-07,"{""model_4"": 0, ""model_5"": 0, ""model_3"": 1, ""model_6"": 1}","{""model_3"": 1, ""model_5"": 0, ""model_6"": 0, ""model_4"": 1}"
NEW,steady10s1,18,1787639461.612478,1+3,False,False,,,migration cooldown active,,,,True,[],"[""model_4""]",0.044567517391270205,0.11813894477906048,0.11813894477906048,"[""model_3"", ""model_5"", ""model_6"", ""model_4""]","{""model_3"": 3.2645094797778067, ""model_4"": 0.8623750633466947, ""model_5"": 2.8598941091605123, ""model_6"": 2.1499391186426515}",1.4150125406742284e-16,"{""model_5"": 0, ""model_3"": 1, ""model_6"": 1, ""model_4"": 1}","{""model_3"": 1, ""model_5"": 0, ""model_6"": 1, ""model_4"": 0}"
NEW,steady10s1,19,1787639466.63636,1+3,False,True,,,migration cooldown active,,,,True,[],"[""model_6""]",0.038839274274378076,0.11532776380683109,0.11532776380683109,"[""model_3"", ""model_5"", ""model_6"", ""model_4""]","{""model_3"": 3.069006389579019, ""model_4"": 1.5292284056374683, ""model_5"": 2.492313195868538, ""model_6"": 1.5292284056374688}",1.4495042900891575e-16,"{""model_5"": 0, ""model_3"": 1, ""model_6"": 1, ""model_4"": 1}","{""model_3"": 1, ""model_5"": 0, ""model_6"": 0, ""model_4"": 1}"
NEW,steady10s1,20,1787639471.6635592,1+3,False,True,,,migration cooldown active,,,,True,[],"[""model_6""]",0.04431946991219001,0.11818414797578357,0.11818414797578357,"[""model_3"", ""model_5"", ""model_6"", ""model_4""]","{""model_3"": 3.2897176146171927, ""model_4"": 1.494753865919177, ""model_5"": 2.8439769218066457, ""model_6"": 1.4947538659191777}",1.4144713251953568e-16,"{""model_5"": 0, ""model_3"": 1, ""model_6"": 1, ""model_4"": 1}","{""model_3"": 1, ""model_5"": 0, ""model_6"": 0, ""model_4"": 1}"
NEW,steady10s1,21,1787639476.7006242,1+3,False,False,,,migration cooldown active,,,,True,[],"[""model_4""]",0.04757385283772226,0.11355527399992255,0.11355527399992255,"[""model_3"", ""model_5"", ""model_6"", ""model_4""]","{""model_3"": 3.1207670931158917, ""model_4"": 0.7860806076368569, ""model_5"": 3.0528104198893837, ""model_6"": 2.1264415934267324}",2.9442593464131794e-16,"{""model_5"": 0, ""model_3"": 1, ""model_6"": 1, ""model_4"": 1}","{""model_3"": 1, ""model_5"": 0, ""model_6"": 1, ""model_4"": 0}"
NEW,steady10s1,22,1787639481.7255425,1+3,False,True,,,migration cooldown active,,,,True,[],"[""model_6""]",0.045404264220700756,0.12107643384944419,0.12107643384944419,"[""model_3"", ""model_5"", ""model_6"", ""model_4""]","{""model_3"": 3.477490210131903, ""model_4"": 1.4777023851747026, ""model_5"": 2.913588087834224, ""model_6"": 1.4777023851747033}",1.3806822937340595e-16,"{""model_5"": 0, ""model_3"": 1, ""model_6"": 1, ""model_4"": 1}","{""model_3"": 1, ""model_5"": 0, ""model_6"": 0, ""model_4"": 1}"
NEW,steady10s1,23,1787639486.7560291,1+3,False,False,,MIGRATE,literal line-8 absolute delta exceeds tau,model_4,1,0,False,[],"[""model_4""]",0.05522032979283463,0.11818478294675923,0.11818478294675923,"[""model_5"", ""model_3"", ""model_6"", ""model_4""]","{""model_3"": 3.139813239438983, ""model_4"": 0.7727292091308411, ""model_5"": 3.5434842487179323, ""model_6"": 2.3667166344393413}",4.2433911770104413e-16,"{""model_5"": 0, ""model_3"": 1, ""model_6"": 1, ""model_4"": 1}","{""model_5"": 0, ""model_3"": 1, ""model_6"": 1, ""model_4"": 0}"
NEW,steady10s1,24,1787639491.7857218,2+2,False,False,,,migration cooldown active,,,,True,[],[],0.07019499617990414,0.09659786382499602,0.09659786382499602,"[""model_5"", ""model_3"", ""model_6"", ""model_4""]","{""model_3"": 3.0614999672046266, ""model_4"": 0.7488549139964538, ""model_5"": 3.345898896365261, ""model_6"": 2.634566647522825}",3.1185675301047135e-16,"{""model_4"": 0, ""model_5"": 0, ""model_3"": 1, ""model_6"": 1}","{""model_5"": 0, ""model_3"": 1, ""model_6"": 1, ""model_4"": 0}"
NEW,steady10s1,25,1787639496.8274844,2+2,False,False,,,migration cooldown active,,,,True,[],[],0.06757122870123637,0.10725483877399507,0.10725483877399507,"[""model_3"", ""model_5"", ""model_6"", ""model_4""]","{""model_3"": 3.6016262696965198, ""model_4"": 0.7535924868602182, ""model_5"": 3.188106512397258, ""model_6"": 2.7228480221505214}",2.808702759200356e-16,"{""model_4"": 0, ""model_5"": 0, ""model_3"": 1, ""model_6"": 1}","{""model_3"": 1, ""model_5"": 0, ""model_6"": 1, ""model_4"": 0}"
NEW,steady10s1,26,1787639501.8593543,2+2,False,True,,,migration cooldown active,,,,True,[],"[""model_6"", ""model_4""]",0.06062752310246082,0.11462310605711881,0.11462310605711881,"[""model_3"", ""model_6"", ""model_5"", ""model_4""]","{""model_3"": 3.7861508650754723, ""model_4"": 0.7976100731687561, ""model_5"": 2.7390349121851463, ""model_6"": 2.9728044502669335}",3.102119414974818e-07,"{""model_4"": 0, ""model_5"": 0, ""model_3"": 1, ""model_6"": 1}","{""model_3"": 1, ""model_6"": 0, ""model_5"": 0, ""model_4"": 1}"
NEW,steady10s1,27,1787639506.8906896,2+2,False,True,,,migration cooldown active,,,,True,[],"[""model_6"", ""model_4""]",0.060353796479280165,0.13461826680523106,0.13461826680523106,"[""model_3"", ""model_6"", ""model_5"", ""model_4""]","{""model_3"": 4.732520478275068, ""model_4"": 0.8548615991273834, ""model_5"": 2.6658158216668744, ""model_6"": 3.2054849928809364}",3.178647103873105e-07,"{""model_4"": 0, ""model_5"": 0, ""model_3"": 1, ""model_6"": 1}","{""model_3"": 1, ""model_6"": 0, ""model_5"": 0, ""model_4"": 1}"
NEW,steady10s1,28,1787639511.923491,2+2,False,True,,,migration cooldown active,,,,True,[],"[""model_6"", ""model_4""]",0.06508231646678678,0.13381102942081974,0.13381102942081974,"[""model_3"", ""model_6"", ""model_5"", ""model_4""]","{""model_3"": 4.771621095918478, ""model_4"": 0.8231747136279473, ""model_5"": 2.9733361182344, ""model_6"": 3.1187841731537334}",3.196818190216861e-07,"{""model_4"": 0, ""model_5"": 0, ""model_3"": 1, ""model_6"": 1}","{""model_3"": 1, ""model_6"": 0, ""model_5"": 0, ""model_4"": 1}"
NEW,steady10s1,29,1787639516.9842134,2+2,False,True,,MIGRATE,literal line-8 absolute delta exceeds tau,model_6,1,0,False,[],"[""model_6"", ""model_4""]",0.061264769757790064,0.13070354026272388,0.13070354026272388,"[""model_3"", ""model_6"", ""model_5"", ""model_4""]","{""model_3"": 4.678855132337597, ""model_4"": 0.9119287174428057, ""model_5"": 2.661889404346094, ""model_6"": 3.028311509501796}",3.2017930250051797e-07,"{""model_4"": 0, ""model_5"": 0, ""model_3"": 1, ""model_6"": 1}","{""model_3"": 1, ""model_6"": 0, ""model_5"": 0, ""model_4"": 1}"
NEW,steady10s1,30,1787639525.8942978,3+1,True,True,,,migration cooldown active,,,,True,[],"[""model_4""]",0.15274256610347156,0.06619692534538293,0.15274256610347156,"[""model_3"", ""model_5"", ""model_6"", ""model_4""]","{""model_3"": 4.848924781549298, ""model_4"": 0.9946003427679371, ""model_5"": 3.1166913984695723, ""model_6"": 2.6171376257501797}",2.6400765208530726e-16,"{""model_6"": 0, ""model_4"": 0, ""model_5"": 0, ""model_3"": 1}","{""model_3"": 1, ""model_5"": 0, ""model_6"": 0, ""model_4"": 1}"
NEW,steady10s1,31,1787639530.9283183,3+1,True,True,,,migration cooldown active,,,,True,[],"[""model_4""]",0.15161507052071732,0.061743010220481016,0.15161507052071732,"[""model_3"", ""model_5"", ""model_6"", ""model_4""]","{""model_3"": 4.522675498650233, ""model_4"": 1.070217907834225, ""model_5"": 3.194473387338803, ""model_6"": 2.4140710105384113}",5.319419251920891e-16,"{""model_6"": 0, ""model_4"": 0, ""model_5"": 0, ""model_3"": 1}","{""model_3"": 1, ""model_5"": 0, ""model_6"": 0, ""model_4"": 1}"
NEW,steady10s1,32,1787639535.9645905,3+1,True,True,,,migration cooldown active,,,,True,[],"[""model_4""]",0.14915883996406507,0.05375594127053671,0.14915883996406507,"[""model_3"", ""model_5"", ""model_6"", ""model_4""]","{""model_3"": 3.9376226980668134, ""model_4"": 1.1222087812886539, ""model_5"": 3.3619221983014858, ""model_6"": 2.0864324511706442}",6.758769084718245e-16,"{""model_6"": 0, ""model_4"": 0, ""model_5"": 0, ""model_3"": 1}","{""model_3"": 1, ""model_5"": 0, ""model_6"": 0, ""model_4"": 1}"
NEW,steady10s1,33,1787639541.0046153,3+1,True,True,,,migration cooldown active,,,,True,[],"[""model_4""]",0.14561883276966542,0.0475828638515449,0.14561883276966542,"[""model_3"", ""model_5"", ""model_6"", ""model_4""]","{""model_3"": 3.485444777125663, ""model_4"": 1.1346372844540937, ""model_5"": 2.9598540457427984, ""model_6"": 2.320132018019967}",6.923075381713729e-16,"{""model_6"": 0, ""model_4"": 0, ""model_5"": 0, ""model_3"": 1}","{""model_3"": 1, ""model_5"": 0, ""model_6"": 0, ""model_4"": 1}"
NEW,steady10s1,34,1787639546.0424345,3+1,True,False,,,migration cooldown active,,,,True,[],"[""model_6""]",0.1490914736753249,0.047108717667231854,0.1490914736753249,"[""model_3"", ""model_5"", ""model_6"", ""model_4""]","{""model_3"": 3.450713569124733, ""model_4"": 1.736275934721778, ""model_5"": 3.0950440236683123, ""model_6"": 1.7362759347217782}",4.0570938018506194e-16,"{""model_6"": 0, ""model_4"": 0, ""model_5"": 0, ""model_3"": 1}","{""model_3"": 1, ""model_5"": 0, ""model_6"": 1, ""model_4"": 0}"
NEW,steady10s1,35,1787639551.0936306,3+1,True,False,,MIGRATE,literal line-8 absolute delta exceeds tau,model_6,0,1,False,[],"[""model_6""]",0.14998620791003556,0.04337825784936242,0.14998620791003556,"[""model_5"", ""model_3"", ""model_6"", ""model_4""]","{""model_3"": 3.1774573874657963, ""model_4"": 1.6952852646374266, ""model_5"": 3.2164391058871407, ""model_6"": 1.6952852646374268}",2.6885942922598693e-16,"{""model_6"": 0, ""model_4"": 0, ""model_5"": 0, ""model_3"": 1}","{""model_5"": 0, ""model_3"": 1, ""model_6"": 1, ""model_4"": 0}"
NEW,steady10s1,36,1787639558.7811992,2+2,False,True,,,migration cooldown active,,,,True,"[{""model"": ""model_6"", ""reason"": ""target memory infeasible"", ""need_gib"": 20.742083125, ""weights_gib"": 14.283203125, ""reserve_gib"": 6.45888, ""free_gib"": 15.27734375}]","[""model_6"", ""model_4""]",0.05826321416445027,0.10619182259405797,0.10619182259405797,"[""model_3"", ""model_5"", ""model_6"", ""model_4""]","{""model_3"": 3.739206418015626, ""model_4"": 0.7671893971295942, ""model_5"": 2.631536027576724, ""model_6"": 2.522585714327256}",7.979394138477056e-08,"{""model_4"": 0, ""model_5"": 0, ""model_3"": 1, ""model_6"": 1}","{""model_3"": 1, ""model_5"": 0, ""model_6"": 0, ""model_4"": 1}"
NEW,steady10s1,37,1787639563.8741744,2+2,False,True,,,migration cooldown active,,,,True,"[{""model"": ""model_6"", ""reason"": ""target memory infeasible"", ""need_gib"": 20.742083125, ""weights_gib"": 14.283203125, ""reserve_gib"": 6.45888, ""free_gib"": 15.27734375}]","[""model_6"", ""model_4""]",0.055489750890818895,0.10118105981711906,0.10118105981711906,"[""model_3"", ""model_5"", ""model_6"", ""model_4""]","{""model_3"": 3.511324856312998, ""model_4"": 0.5813141781562523, ""model_5"": 2.6556240832814195, ""model_6"": 2.454998690682489}",9.137323050822109e-08,"{""model_4"": 0, ""model_5"": 0, ""model_3"": 1, ""model_6"": 1}","{""model_3"": 1, ""model_5"": 0, ""model_6"": 0, ""model_4"": 1}"
NEW,steady10s1,38,1787639568.920147,2+2,False,True,,,migration cooldown active,,,,True,"[{""model"": ""model_6"", ""reason"": ""target memory infeasible"", ""need_gib"": 20.742083125, ""weights_gib"": 14.283203125, ""reserve_gib"": 6.45888, ""free_gib"": 15.27734375}]","[""model_6"", ""model_4""]",0.06231072057383894,0.10534284490959207,0.10534284490959207,"[""model_3"", ""model_5"", ""model_6"", ""model_4""]","{""model_3"": 3.6910308076901917, ""model_4"": 0.6280752820637603, ""model_5"": 3.00675731828555, ""model_6"": 2.5206999574683713}",1.0096060463656317e-07,"{""model_4"": 0, ""model_5"": 0, ""model_3"": 1, ""model_6"": 1}","{""model_3"": 1, ""model_5"": 0, ""model_6"": 0, ""model_4"": 1}"
NEW,steady10s1,39,1787639573.966784,2+2,False,False,,,migration cooldown active,,,,True,[],[],0.06819628005223885,0.10683079325075578,0.10683079325075578,"[""model_3"", ""model_5"", ""model_6"", ""model_4""]","{""model_3"": 3.6691840710660713, ""model_4"": 0.7685129623842675, ""model_5"": 3.2096477726161576, ""model_6"": 2.630285614546365}",1.4099256985531093e-16,"{""model_4"": 0, ""model_5"": 0, ""model_3"": 1, ""model_6"": 1}","{""model_3"": 1, ""model_5"": 0, ""model_6"": 1, ""model_4"": 0}"
NEW,steady10s1,40,1787639579.0091555,2+2,False,True,,,migration cooldown active,,,,True,"[{""model"": ""model_6"", ""reason"": ""target memory infeasible"", ""need_gib"": 20.742083125, ""weights_gib"": 14.283203125, ""reserve_gib"": 6.45888, ""free_gib"": 15.40234375}]","[""model_6"", ""model_4""]",0.0701401840306299,0.11381416579307357,0.11381416579307357,"[""model_3"", ""model_5"", ""model_6"", ""model_4""]","{""model_3"": 3.742679400099512, ""model_4"": 0.8745859434180097, ""model_5"": 3.2169704558843786, ""model_6"": 2.968578172803674}",1.1578836454562793e-07,"{""model_4"": 0, ""model_5"": 0, ""model_3"": 1, ""model_6"": 1}","{""model_3"": 1, ""model_5"": 0, ""model_6"": 0, ""model_4"": 1}"
NEW,steady10s1,41,1787639584.060439,2+2,False,False,,MIGRATE,literal line-8 absolute delta exceeds tau,model_3,1,0,False,[],"[""model_3"", ""model_4""]",0.06603408816503824,0.11672513533128837,0.11672513533128837,"[""model_6"", ""model_3"", ""model_5"", ""model_4""]","{""model_3"": 3.382148459644713, ""model_4"": 0.7975201102816949, ""model_5"": 3.054511356955017, ""model_6"": 3.5007568510760447}",2.955969195538917e-07,"{""model_4"": 0, ""model_5"": 0, ""model_3"": 1, ""model_6"": 1}","{""model_6"": 1, ""model_3"": 0, ""model_5"": 0, ""model_4"": 1}"
NEW,steady10s1,42,1787639589.1208386,3+1,False,False,,,migration cooldown active,,,,True,[],"[""model_4""]",0.13125480297567324,0.06153871280248579,0.13125480297567324,"[""model_6"", ""model_5"", ""model_3"", ""model_4""]","{""model_3"": 2.976244215847938, ""model_4"": 0.8582838805010344, ""model_5"": 3.0345587117236184, ""model_6"": 3.997973054588055}",6.465040001069234e-16,"{""model_3"": 0, ""model_4"": 0, ""model_5"": 0, ""model_6"": 1}","{""model_6"": 1, ""model_5"": 0, ""model_3"": 0, ""model_4"": 1}"
NEW,steady10s1,43,1787639594.1919854,3+1,False,False,,,migration cooldown active,,,,True,[],"[""model_4""]",0.12103242529571516,0.06680940230625441,0.12103242529571516,"[""model_6"", ""model_3"", ""model_5"", ""model_4""]","{""model_3"": 2.8885161441290212, ""model_4"": 0.9769398015634265, ""model_5"": 2.4686531086018637, ""model_6"": 4.340392868970587}",1.4022152319874731e-16,"{""model_3"": 0, ""model_4"": 0, ""model_5"": 0, ""model_6"": 1}","{""model_6"": 1, ""model_3"": 0, ""model_5"": 0, ""model_4"": 1}"
NEW,steady10s1,44,1787639599.237385,3+1,False,False,,,migration cooldown active,,,,True,[],"[""model_4""]",0.12160525536009263,0.06155205036151587,0.12160525536009263,"[""model_6"", ""model_3"", ""model_5"", ""model_4""]","{""model_3"": 2.8956864580388912, ""model_4"": 0.9356547281996459, ""model_5"": 2.5327463476944363, ""model_6"": 3.998839553076371}",1.3956099990209212e-16,"{""model_3"": 0, ""model_4"": 0, ""model_5"": 0, ""model_6"": 1}","{""model_6"": 1, ""model_3"": 0, ""model_5"": 0, ""model_4"": 1}"
NEW,steady10s1,45,1787639604.2915401,3+1,False,False,,,migration cooldown active,,,,True,[],"[""model_4""]",0.11106462689537087,0.058587974007654905,0.11106462689537087,"[""model_6"", ""model_3"", ""model_5"", ""model_4""]","{""model_3"": 2.8943420241807907, ""model_4"": 0.748702550425969, ""model_5"": 2.1694098739507854, ""model_6"": 3.806273006673095}",3.056121738452647e-16,"{""model_3"": 0, ""model_4"": 0, ""model_5"": 0, ""model_6"": 1}","{""model_6"": 1, ""model_3"": 0, ""model_5"": 0, ""model_4"": 1}"
NEW,steady10s1,46,1787639609.6445863,3+1,False,False,,,migration cooldown active,,,,True,[],"[""model_4""]",0.11545137383241295,0.04855342224326065,0.11545137383241295,"[""model_6"", ""model_3"", ""model_5"", ""model_4""]","{""model_3"": 2.983522803434794, ""model_4"": 0.8077077231661254, ""model_5"": 2.2507998676168657, ""model_6"": 3.1543603204640207}",1.4699999201429225e-16,"{""model_3"": 0, ""model_4"": 0, ""model_5"": 0, ""model_6"": 1}","{""model_6"": 1, ""model_3"": 0, ""model_5"": 0, ""model_4"": 1}"
NEW,steady10s1,47,1787639614.688559,3+1,False,False,,MIGRATE,literal line-8 absolute delta exceeds tau,model_4,0,1,False,[],"[""model_4""]",0.11531944860059155,0.04452155660469754,0.11531944860059155,"[""model_3"", ""model_6"", ""model_5"", ""model_4""]","{""model_3"": 2.9254880752267876, ""model_4"": 0.8170291666415945, ""model_5"": 2.292608979328594, ""model_6"": 2.8924229244961994}",4.415044791841829e-16,"{""model_3"": 0, ""model_4"": 0, ""model_5"": 0, ""model_6"": 1}","{""model_3"": 0, ""model_6"": 1, ""model_5"": 0, ""model_4"": 1}"
NEW,steady10s1,48,1787639619.7478626,2+2,False,True,,,migration cooldown active,,,,True,[],"[""model_5"", ""model_4""]",0.09765853484116442,0.055260280137687155,0.09765853484116442,"[""model_3"", ""model_5"", ""model_6"", ""model_4""]","{""model_3"": 3.0887256743362212, ""model_4"": 0.7895503717215191, ""model_5"": 2.5920618247911666, ""model_6"": 2.478037482123166}",3.2442852579737765e-07,"{""model_3"": 0, ""model_5"": 0, ""model_6"": 1, ""model_4"": 1}","{""model_3"": 0, ""model_5"": 1, ""model_6"": 1, ""model_4"": 0}"
NEW,steady10s1,49,1787639624.7932482,2+2,False,True,,,migration cooldown active,,,,True,[],"[""model_5"", ""model_4""]",0.10071454467222551,0.053898425245497476,0.10071454467222551,"[""model_3"", ""model_5"", ""model_6"", ""model_4""]","{""model_3"": 3.1735370709914705, ""model_4"": 0.7594325288687074, ""model_5"": 2.6850182263778253, ""model_6"": 2.4276276748567525}",3.2395181883831684e-07,"{""model_3"": 0, ""model_5"": 0, ""model_6"": 1, ""model_4"": 1}","{""model_3"": 0, ""model_5"": 1, ""model_6"": 1, ""model_4"": 0}"
NEW,steady10s1,50,1787639629.8352473,2+2,False,True,,,migration cooldown active,,,,True,[],"[""model_5"", ""model_4""]",0.10255183971633328,0.0550753323473297,0.10255183971633328,"[""model_3"", ""model_5"", ""model_6"", ""model_4""]","{""model_3"": 3.4248342064158983, ""model_4"": 0.7691848204700769, ""model_5"": 2.5405963199015367, ""model_6"": 2.4874669115912638}",3.3159694495049194e-07,"{""model_3"": 0, ""model_5"": 0, ""model_6"": 1, ""model_4"": 1}","{""model_3"": 0, ""model_5"": 1, ""model_6"": 1, ""model_4"": 0}"
NEW,steady10s1,51,1787639634.897096,2+2,False,True,,,migration cooldown active,,,,True,[],"[""model_5"", ""model_4""]",0.10296585255598378,0.0531516209850029,0.10296585255598378,"[""model_3"", ""model_6"", ""model_5"", ""model_4""]","{""model_3"": 3.5291386682717447, ""model_4"": 0.6785279362647505, ""model_5"": 2.460377349186977, ""model_6"": 2.464373089752754}",6.986948595859203e-08,"{""model_3"": 0, ""model_5"": 0, ""model_6"": 1, ""model_4"": 1}","{""model_3"": 0, ""model_6"": 1, ""model_5"": 1, ""model_4"": 0}"
NEW,steady10s1,52,1787639639.949454,2+2,False,True,,,migration cooldown active,,,,True,[],"[""model_5"", ""model_4""]",0.11310678169924021,0.04874074919112181,0.11310678169924021,"[""model_3"", ""model_5"", ""model_6"", ""model_4""]","{""model_3"": 3.904685174415921, ""model_4"": 0.6418226478539775, ""model_5"": 2.6747252688164274, ""model_6"": 2.240259738398392}",3.361614859225527e-07,"{""model_3"": 0, ""model_5"": 0, ""model_6"": 1, ""model_4"": 1}","{""model_3"": 0, ""model_5"": 1, ""model_6"": 1, ""model_4"": 0}"
NEW,steady10s1,53,1787639645.015782,2+2,False,True,,MIGRATE,literal line-8 absolute delta exceeds tau,model_5,0,1,False,[],"[""model_5"", ""model_4""]",0.13205325909754964,0.04697009293850369,0.13205325909754964,"[""model_3"", ""model_5"", ""model_6"", ""model_4""]","{""model_3"": 4.617571419852502, ""model_4"": 0.6233641729736257, ""model_5"": 3.063953749088427, ""model_6"": 2.1540177874037156}",3.379669703192151e-07,"{""model_3"": 0, ""model_5"": 0, ""model_6"": 1, ""model_4"": 1}","{""model_3"": 0, ""model_5"": 1, ""model_6"": 1, ""model_4"": 0}"
NEW,steady10s1,54,1787639651.9922347,1+3,True,True,,,migration cooldown active,,,,True,[],"[""model_4""]",0.06649211958271331,0.11670591140763352,0.11670591140763352,"[""model_3"", ""model_5"", ""model_6"", ""model_4""]","{""model_3"": 4.870547759433749, ""model_4"": 0.5448007416669302, ""model_5"": 2.6558357672839343, ""model_6"": 1.9403500650486776}",3.455283949551914e-16,"{""model_3"": 0, ""model_6"": 1, ""model_4"": 1, ""model_5"": 1}","{""model_3"": 0, ""model_5"": 1, ""model_6"": 1, ""model_4"": 0}"
NEW,steady10s1,55,1787639657.046626,1+3,True,True,,,migration cooldown active,,,,True,[],"[""model_4""]",0.06463989045625171,0.1131512189476216,0.1131512189476216,"[""model_3"", ""model_5"", ""model_6"", ""model_4""]","{""model_3"": 4.734871975920436, ""model_4"": 0.4896410177252322, ""model_5"": 2.5950321115921615, ""model_6"": 1.8997264647151393}",3.563833127518419e-16,"{""model_3"": 0, ""model_6"": 1, ""model_4"": 1, ""model_5"": 1}","{""model_3"": 0, ""model_5"": 1, ""model_6"": 1, ""model_4"": 0}"
NEW,steady10s1,56,1787639662.1248379,1+3,True,True,,,migration cooldown active,,,,True,[],"[""model_4""]",0.06118474132604791,0.12378587134667048,0.12378587134667048,"[""model_3"", ""model_5"", ""model_6"", ""model_4""]","{""model_3"": 4.481782302133008, ""model_4"": 0.528926785945698, ""model_5"": 2.999540899545109, ""model_6"": 1.924396655042015}",3.257658229631795e-16,"{""model_3"": 0, ""model_6"": 1, ""model_4"": 1, ""model_5"": 1}","{""model_3"": 0, ""model_5"": 1, ""model_6"": 1, ""model_4"": 0}"
NEW,steady10s1,57,1787639667.1912346,1+3,True,True,,,migration cooldown active,,,,True,[],"[""model_4""]",0.06114038571525734,0.12462543986568707,0.12462543986568707,"[""model_3"", ""model_5"", ""model_6"", ""model_4""]","{""model_3"": 4.478533253642599, ""model_4"": 0.5298497260829942, ""model_5"": 2.7876300785739554, ""model_6"": 2.172368185051457}",6.471424501116653e-16,"{""model_3"": 0, ""model_6"": 1, ""model_4"": 1, ""model_5"": 1}","{""model_3"": 0, ""model_5"": 1, ""model_6"": 1, ""model_4"": 0}"
NEW,steady10s1,58,1787639672.251217,1+3,True,True,,,migration cooldown active,,,,True,[],"[""model_4""]",0.05451304566161722,0.13537232372810099,0.13537232372810099,"[""model_3"", ""model_5"", ""model_6"", ""model_4""]","{""model_3"": 3.9930805947134607, ""model_4"": 0.558122031348556, ""model_5"": 2.961551879060543, ""model_6"": 2.4435827094416562}",1.0425928874508963e-15,"{""model_3"": 0, ""model_6"": 1, ""model_4"": 1, ""model_5"": 1}","{""model_3"": 0, ""model_5"": 1, ""model_6"": 1, ""model_4"": 0}"
NEW,steady10s1,59,1787639677.303264,1+3,True,True,,MIGRATE,literal line-8 absolute delta exceeds tau,model_4,1,0,False,[],"[""model_4""]",0.05017537282706301,0.13009766527035432,0.13009766527035432,"[""model_3"", ""model_5"", ""model_6"", ""model_4""]","{""model_3"": 3.675346059582365, ""model_4"": 0.7152637386531004, ""model_5"": 2.6977510273157854, ""model_6"": 2.317889027991214}",1.5498051470279294e-16,"{""model_3"": 0, ""model_6"": 1, ""model_4"": 1, ""model_5"": 1}","{""model_3"": 0, ""model_5"": 1, ""model_6"": 1, ""model_4"": 0}"
NEW,steady10s1,60,1787639682.3546205,2+2,True,True,,,migration cooldown active,,,,True,[],[],0.06562284361626049,0.11151373571565416,0.11151373571565416,"[""model_3"", ""model_5"", ""model_6"", ""model_4""]","{""model_3"": 3.5566997716049933, ""model_4"": 0.867202709369318, ""model_5"": 3.0525981907246678, ""model_6"": 2.510456179684002}",1.5965661317721015e-16,"{""model_3"": 0, ""model_4"": 0, ""model_6"": 1, ""model_5"": 1}","{""model_3"": 0, ""model_5"": 1, ""model_6"": 1, ""model_4"": 0}"
NEW,steady10s1,61,1787639687.4400146,2+2,True,True,,,migration cooldown active,,,,True,[],[],0.06997983428904066,0.11051342848250388,0.11051342848250388,"[""model_3"", ""model_5"", ""model_6"", ""model_4""]","{""model_3"": 3.7551158018296658, ""model_4"": 0.9625091206713652, ""model_5"": 3.0369993471178773, ""model_6"": 2.4761529776870344}",2.4165260654163617e-16,"{""model_3"": 0, ""model_4"": 0, ""model_6"": 1, ""model_5"": 1}","{""model_3"": 0, ""model_5"": 1, ""model_6"": 1, ""model_4"": 0}"
NEW,steady10s1,62,1787639692.496345,2+2,True,True,,,migration cooldown active,,,,True,[],[],0.0781386017833154,0.11293531430293767,0.11293531430293767,"[""model_3"", ""model_5"", ""model_6"", ""model_4""]","{""model_3"": 4.2616312578690465, ""model_4"": 1.0060093264139915, ""model_5"": 3.0452762845418886, ""model_6"": 2.5886959770316165}",3.152938560801743e-16,"{""model_3"": 0, ""model_4"": 0, ""model_6"": 1, ""model_5"": 1}","{""model_3"": 0, ""model_5"": 1, ""model_6"": 1, ""model_4"": 0}"
NEW,steady10s1,63,1787639697.583393,2+2,True,True,,,migration cooldown active,,,,True,[],[],0.08503747491920899,0.11104054103375209,0.11104054103375209,"[""model_3"", ""model_5"", ""model_6"", ""model_4""]","{""model_3"": 4.660816077570066, ""model_4"": 1.0719055714756724, ""model_5"": 3.0135480244165134, ""model_6"": 2.5259002159821122}",3.0986274027380013e-16,"{""model_3"": 0, ""model_4"": 0, ""model_6"": 1, ""model_5"": 1}","{""model_3"": 0, ""model_5"": 1, ""model_6"": 1, ""model_4"": 0}"
NEW,steady10s1,64,1787639702.641428,2+2,True,True,,,migration cooldown active,,,,True,[],[],0.08436304070236866,0.10915641731408973,0.10915641731408973,"[""model_3"", ""model_5"", ""model_6"", ""model_4""]","{""model_3"": 4.636392195814575, ""model_4"": 1.0508631027849529, ""model_5"": 2.944785775047807, ""model_6"": 2.500669715257819}",4.685098732523072e-16,"{""model_3"": 0, ""model_4"": 0, ""model_6"": 1, ""model_5"": 1}","{""model_3"": 0, ""model_5"": 1, ""model_6"": 1, ""model_4"": 0}"
NEW,steady10s1,65,1787639707.755255,2+2,True,True,,,line-8 placement unchanged or every candidate blocked,,,,False,[],[],0.08158581466583686,0.1101590666452678,0.1101590666452678,"[""model_3"", ""model_5"", ""model_6"", ""model_4""]","{""model_3"": 4.497467363810851, ""model_4"": 1.0025638451852934, ""model_5"": 2.9024460566865193, ""model_6"": 2.5930283188084613}",3.229721381389158e-16,"{""model_3"": 0, ""model_4"": 0, ""model_6"": 1, ""model_5"": 1}","{""model_3"": 0, ""model_5"": 1, ""model_6"": 1, ""model_4"": 0}"
NEW,steady10s1,66,1787639712.8106213,2+2,True,True,,,line-8 placement unchanged or every candidate blocked,,,,False,[],[],0.07318669496278893,0.1087607128529233,0.1087607128529233,"[""model_3"", ""model_5"", ""model_6"", ""model_4""]","{""model_3"": 4.027139585785344, ""model_4"": 0.9066728426045447, ""model_5"": 2.7953764430861714, ""model_6"": 2.6303386500571233}",1.6369794662136865e-16,"{""model_3"": 0, ""model_4"": 0, ""model_6"": 1, ""model_5"": 1}","{""model_3"": 0, ""model_5"": 1, ""model_6"": 1, ""model_4"": 0}"
NEW,steady10s1,67,1787639717.868926,2+2,True,True,,,line-8 placement unchanged or every candidate blocked,,,,False,[],[],0.07168508222653318,0.10614991215242654,0.10614991215242654,"[""model_3"", ""model_5"", ""model_6"", ""model_4""]","{""model_3"": 4.0551486244957715, ""model_4"": 0.7774339890413762, ""model_5"": 2.7004038918747635, ""model_6"": 2.5950669210105475}",1.677241648729226e-16,"{""model_3"": 0, ""model_4"": 0, ""model_6"": 1, ""model_5"": 1}","{""model_3"": 0, ""model_5"": 1, ""model_6"": 1, ""model_4"": 0}"
NEW,steady10s1,68,1787639722.9286203,2+2,True,True,,,line-8 placement unchanged or every candidate blocked,,,,False,[],[],0.07069001445544347,0.11019642066590023,0.11019642066590023,"[""model_3"", ""model_6"", ""model_5"", ""model_4""]","{""model_3"": 4.07408273466402, ""model_4"": 0.6914183179611504, ""model_5"": 2.715266051532187, ""model_6"": 2.782071793484264}",2.423477812552379e-16,"{""model_3"": 0, ""model_4"": 0, ""model_6"": 1, ""model_5"": 1}","{""model_3"": 0, ""model_6"": 1, ""model_5"": 1, ""model_4"": 0}"
NEW,steady10s1,69,1787639728.007833,2+2,True,True,,,line-8 placement unchanged or every candidate blocked,,,,False,[],[],0.07007063636988346,0.11318369648353585,0.11318369648353585,"[""model_3"", ""model_6"", ""model_5"", ""model_4""]","{""model_3"": 4.0031638486492165, ""model_4"": 0.720582411004881, ""model_5"": 2.714947877089122, ""model_6"": 2.9314153564703926}",3.1460194215674283e-16,"{""model_3"": 0, ""model_4"": 0, ""model_6"": 1, ""model_5"": 1}","{""model_3"": 0, ""model_6"": 1, ""model_5"": 1, ""model_4"": 0}"
NEW,steady10s1,70,1787639733.0689523,2+2,True,True,,,line-8 placement unchanged or every candidate blocked,,,,False,[],[],0.07570341118757896,0.11166832772203814,0.11166832772203814,"[""model_3"", ""model_6"", ""model_5"", ""model_4""]","{""model_3"": 4.374339629639809, ""model_4"": 0.7291348636228402, ""model_5"": 2.774371954561018, ""model_6"": 2.7963945037911246}",3.188711737748389e-16,"{""model_3"": 0, ""model_4"": 0, ""model_6"": 1, ""model_5"": 1}","{""model_3"": 0, ""model_6"": 1, ""model_5"": 1, ""model_4"": 0}"
NEW,steady10s1,71,1787639738.1614897,2+2,True,True,,,line-8 placement unchanged or every candidate blocked,,,,False,[],[],0.08100255963340003,0.11393031976051818,0.11393031976051818,"[""model_3"", ""model_5"", ""model_6"", ""model_4""]","{""model_3"": 4.816546332800047, ""model_4"": 0.644165284985961, ""model_5"": 2.9284441293645025, ""model_6"": 2.755165689626035}",3.125402509976922e-16,"{""model_3"": 0, ""model_4"": 0, ""model_6"": 1, ""model_5"": 1}","{""model_3"": 0, ""model_5"": 1, ""model_6"": 1, ""model_4"": 0}"
NEW,steady10s1,72,1787639743.2534454,2+2,True,True,,,line-8 placement unchanged or every candidate blocked,,,,False,[],[],0.08190288880741146,0.11747441101281998,0.11747441101281998,"[""model_3"", ""model_5"", ""model_6"", ""model_4""]","{""model_3"": 4.83189528601336, ""model_4"": 0.6895111789800279, ""model_5"": 3.143220044059352, ""model_6"": 2.7171928584591014}",2.2733340665768777e-16,"{""model_3"": 0, ""model_4"": 0, ""model_6"": 1, ""model_5"": 1}","{""model_3"": 0, ""model_5"": 1, ""model_6"": 1, ""model_4"": 0}"
NEW,steady10s1,73,1787639748.3201869,2+2,True,True,,,line-8 placement unchanged or every candidate blocked,,,,False,[],[],0.07941245242448579,0.12219752746969363,0.12219752746969363,"[""model_3"", ""model_5"", ""model_6"", ""model_4""]","{""model_3"": 4.582726877645394, ""model_4"": 0.7707891533771694, ""model_5"": 3.312578917504499, ""model_6"": 2.783454767321506}",2.913955091524321e-16,"{""model_3"": 0, ""model_4"": 0, ""model_6"": 1, ""model_5"": 1}","{""model_3"": 0, ""model_5"": 1, ""model_6"": 1, ""model_4"": 0}"
NEW,steady10s1,74,1787639753.3850305,2+2,True,True,,,line-8 placement unchanged or every candidate blocked,,,,False,[],[],0.08328459919127099,0.12473715002736625,0.12473715002736625,"[""model_3"", ""model_5"", ""model_6"", ""model_4""]","{""model_3"": 4.730614602036453, ""model_4"": 0.8839385731313395, ""model_5"": 3.5414680716531106, ""model_6"": 2.6812590494386646}",1.4273137844815133e-16,"{""model_3"": 0, ""model_4"": 0, ""model_6"": 1, ""model_5"": 1}","{""model_3"": 0, ""model_5"": 1, ""model_6"": 1, ""model_4"": 0}"
NEW,steady10s1,75,1787639758.4510577,2+2,True,True,,,line-8 placement unchanged or every candidate blocked,,,,False,[],[],0.07720361341498384,0.1197776833733776,0.1197776833733776,"[""model_3"", ""model_5"", ""model_6"", ""model_4""]","{""model_3"": 4.409855090724631, ""model_4"": 0.794754129258929, ""model_5"": 3.572559644284332, ""model_6"": 2.4027559586899088}",2.972825131640011e-16,"{""model_3"": 0, ""model_4"": 0, ""model_6"": 1, ""model_5"": 1}","{""model_3"": 0, ""model_5"": 1, ""model_6"": 1, ""model_4"": 0}"
NEW,steady10s1,76,1787639763.516133,2+2,True,True,,,line-8 placement unchanged or every candidate blocked,,,,False,[],[],0.07426663091191574,0.11948102171165967,0.11948102171165967,"[""model_3"", ""model_5"", ""model_6"", ""model_4""]","{""model_3"": 4.241240677687854, ""model_4"": 0.7653746202724666, ""model_5"": 3.6045001335744247, ""model_6"": 2.3560159925177855}",1.490103207358364e-16,"{""model_3"": 0, ""model_4"": 0, ""model_6"": 1, ""model_5"": 1}","{""model_3"": 0, ""model_5"": 1, ""model_6"": 1, ""model_4"": 0}"
NEW,steady10s1,77,1787639768.6200058,2+2,True,True,,,line-8 placement unchanged or every candidate blocked,,,,False,[],[],0.06809846254746159,0.11178486731523028,0.11178486731523028,"[""model_3"", ""model_5"", ""model_6"", ""model_4""]","{""model_3"": 3.8410475325932576, ""model_4"": 0.7497464777352272, ""model_5"": 3.3731703440315517, ""model_6"": 2.203409892229408}",3.185387395396429e-16,"{""model_3"": 0, ""model_4"": 0, ""model_6"": 1, ""model_5"": 1}","{""model_3"": 0, ""model_5"": 1, ""model_6"": 1, ""model_4"": 0}"
NEW,steady10s1,78,1787639773.6856368,2+2,True,True,,,line-8 placement unchanged or every candidate blocked,,,,False,[],[],0.06882030586796015,0.10964769251430152,0.10964769251430152,"[""model_3"", ""model_5"", ""model_6"", ""model_4""]","{""model_3"": 3.977171460725939, ""model_4"": 0.662284940325844, ""model_5"": 3.383887916849824, ""model_6"": 2.0860756811976167}",1.623737349947209e-16,"{""model_3"": 0, ""model_4"": 0, ""model_6"": 1, ""model_5"": 1}","{""model_3"": 0, ""model_5"": 1, ""model_6"": 1, ""model_4"": 0}"
NEW,steady10s1,79,1787639778.7619088,2+2,True,True,,,line-8 placement unchanged or every candidate blocked,,,,False,[],[],0.07436121695950851,0.10706668496612334,0.10706668496612334,"[""model_3"", ""model_5"", ""model_6"", ""model_4""]","{""model_3"": 4.388792293614389, ""model_4"": 0.6241994340699784, ""model_5"": 3.191926637362186, ""model_6"": 2.1492789630376636}",2.4943200640890003e-16,"{""model_3"": 0, ""model_4"": 0, ""model_6"": 1, ""model_5"": 1}","{""model_3"": 0, ""model_5"": 1, ""model_6"": 1, ""model_4"": 0}"
NEW,steady10s1,80,1787639783.8287513,2+2,True,True,,,line-8 placement unchanged or every candidate blocked,,,,False,[],[],0.07287985196933257,0.10790645519070283,0.10790645519070283,"[""model_3"", ""model_5"", ""model_6"", ""model_4""]","{""model_3"": 4.330981637716066, ""model_4"": 0.5821452579352684, ""model_5"": 3.2592032825778645, ""model_6"": 2.1238956988302062}",2.474908290097433e-16,"{""model_3"": 0, ""model_4"": 0, ""model_6"": 1, ""model_5"": 1}","{""model_3"": 0, ""model_5"": 1, ""model_6"": 1, ""model_4"": 0}"
NEW,steady10s1,81,1787639788.911851,2+2,True,True,,,line-8 placement unchanged or every candidate blocked,,,,False,[],[],0.07389332273415279,0.11147234054950816,0.11147234054950816,"[""model_3"", ""model_5"", ""model_6"", ""model_4""]","{""model_3"": 4.3766923888914855, ""model_4"": 0.6047566882413629, ""model_5"": 3.163381814707584, ""model_6"": 2.3976074866899513}",1.5971590153516691e-16,"{""model_3"": 0, ""model_4"": 0, ""model_6"": 1, ""model_5"": 1}","{""model_3"": 0, ""model_5"": 1, ""model_6"": 1, ""model_4"": 0}"
NEW,steady10s1,82,1787639793.9825711,2+2,True,True,,,line-8 placement unchanged or every candidate blocked,,,,False,[],[],0.07084722808305371,0.10837300636563693,0.10837300636563693,"[""model_3"", ""model_5"", ""model_6"", ""model_4""]","{""model_3"": 4.149931211491858, ""model_4"": 0.6261682504508802, ""model_5"": 2.9632497123782913, ""model_6"": 2.443123976276198}",8.214178956626752e-17,"{""model_3"": 0, ""model_4"": 0, ""model_6"": 1, ""model_5"": 1}","{""model_3"": 0, ""model_5"": 1, ""model_6"": 1, ""model_4"": 0}"
NEW,steady10s1,83,1787639799.0609822,2+2,True,True,,,line-8 placement unchanged or every candidate blocked,,,,False,[],[],0.06280259549217185,0.09617588002230373,0.09617588002230373,"[""model_3"", ""model_5"", ""model_6"", ""model_4""]","{""model_3"": 3.66246190177557, ""model_4"": 0.5713161958959221, ""model_5"": 2.4464716962894015, ""model_6"": 2.351427380917009}",1.8511819557014724e-16,"{""model_3"": 0, ""model_4"": 0, ""model_6"": 1, ""model_5"": 1}","{""model_3"": 0, ""model_5"": 1, ""model_6"": 1, ""model_4"": 0}"
NEW,steady10s1,84,1787639804.1333475,2+2,True,True,,,line-8 placement unchanged or every candidate blocked,,,,False,[],[],0.05358226014433451,0.07951104836887359,0.07951104836887359,"[""model_3"", ""model_6"", ""model_5"", ""model_4""]","{""model_3"": 3.1375725163421486, ""model_4"": 0.4746253179192779, ""model_5"": 1.9080507222540704, ""model_6"": 2.058494585241571}",3.3587606500613543e-16,"{""model_3"": 0, ""model_4"": 0, ""model_6"": 1, ""model_5"": 1}","{""model_3"": 0, ""model_6"": 1, ""model_5"": 1, ""model_4"": 0}"
NEW,steady10s2,1,1787639972.5502396,2+2,False,False,,,line-8 placement unchanged or every candidate blocked,,,,False,[],[],1.6425233431087275e-05,0.00015386205165794615,0.00015386205165794615,"[""model_6"", ""model_5"", ""model_4"", ""model_3""]","{""model_3"": 3.4692292459025155e-09, ""model_4"": 0.00021534723381096653, ""model_5"": 0.0007428020765138057, ""model_6"": 0.009072748877655622}",5.975045559673883e-17,"{""model_4"": 0, ""model_5"": 0, ""model_3"": 1, ""model_6"": 1}","{""model_6"": 1, ""model_5"": 0, ""model_4"": 0, ""model_3"": 1}"
NEW,steady10s2,2,1787639977.5570076,2+2,False,False,,MIGRATE,literal line-8 absolute delta exceeds tau,model_4,0,1,False,[],"[""model_4""]",0.01068744760778224,0.007753507913765262,0.01068744760778224,"[""model_5"", ""model_3"", ""model_6"", ""model_4""]","{""model_3"": 0.3070911004211328, ""model_4"": 0.07663295886447981, ""model_5"": 0.5468084428965204, ""model_6"": 0.1501084257985683}",1.7807977164961632e-16,"{""model_4"": 0, ""model_5"": 0, ""model_3"": 1, ""model_6"": 1}","{""model_5"": 0, ""model_3"": 1, ""model_6"": 1, ""model_4"": 1}"
NEW,steady10s2,3,1787639982.5609255,1+3,False,False,,,migration cooldown active,,,,True,[],[],0.02245325780633991,0.015992178568356198,0.02245325780633991,"[""model_5"", ""model_3"", ""model_6"", ""model_4""]","{""model_3"": 0.389549710384633, ""model_4"": 0.11342669683842022, ""model_5"": 1.4408237992720658, ""model_6"": 0.34670178339216906}",1.541094789225531e-16,"{""model_5"": 0, ""model_3"": 1, ""model_6"": 1, ""model_4"": 1}","{""model_5"": 0, ""model_3"": 1, ""model_6"": 1, ""model_4"": 1}"
NEW,steady10s2,4,1787639987.5981822,1+3,False,False,,,migration cooldown active,,,,True,[],[],0.04030110075109073,0.02607851675759269,0.04030110075109073,"[""model_5"", ""model_3"", ""model_6"", ""model_4""]","{""model_3"": 0.6204562255134016, ""model_4"": 0.14480606629937165, ""model_5"": 2.586118486673996, ""model_6"": 0.6203117147434652}",1.7172036476225233e-16,"{""model_5"": 0, ""model_3"": 1, ""model_6"": 1, ""model_4"": 1}","{""model_5"": 0, ""model_3"": 1, ""model_6"": 1, ""model_4"": 1}"
NEW,steady10s2,5,1787639992.6070614,1+3,False,False,,,migration cooldown active,,,,True,[],[],0.057312196866411,0.037486380007190144,0.057312196866411,"[""model_5"", ""model_3"", ""model_6"", ""model_4""]","{""model_3"": 0.9307963744249436, ""model_4"": 0.20651862258170528, ""model_5"": 3.6777191954022137, ""model_6"": 0.8543685876331821}",2.1131469694836665e-16,"{""model_5"": 0, ""model_3"": 1, ""model_6"": 1, ""model_4"": 1}","{""model_5"": 0, ""model_3"": 1, ""model_6"": 1, ""model_4"": 1}"
NEW,steady10s2,6,1787639997.617228,1+3,False,False,,,migration cooldown active,,,,True,[],[],0.06718448653380305,0.05310497554820955,0.06718448653380305,"[""model_5"", ""model_3"", ""model_6"", ""model_4""]","{""model_3"": 1.5483396599124617, ""model_4"": 0.22088571734551032, ""model_5"": 4.31122325208613, ""model_6"": 1.052287610706764}",2.0601540856654784e-16,"{""model_5"": 0, ""model_3"": 1, ""model_6"": 1, ""model_4"": 1}","{""model_5"": 0, ""model_3"": 1, ""model_6"": 1, ""model_4"": 1}"
NEW,steady10s2,7,1787640002.6231925,1+3,False,False,,,migration cooldown active,,,,True,[],[],0.08348947415867503,0.06982005531796977,0.08348947415867503,"[""model_5"", ""model_3"", ""model_6"", ""model_4""]","{""model_3"": 2.029983089576981, ""model_4"": 0.4028542867165623, ""model_5"": 5.357513034147008, ""model_6"": 1.2767621643602298}",8.289092476669409e-17,"{""model_5"": 0, ""model_3"": 1, ""model_6"": 1, ""model_4"": 1}","{""model_5"": 0, ""model_3"": 1, ""model_6"": 1, ""model_4"": 1}"
NEW,steady10s2,8,1787640007.6398392,1+3,False,False,,,line-8 placement unchanged or every candidate blocked,,,,False,[],[],0.086016251145572,0.07539932719205915,0.086016251145572,"[""model_5"", ""model_3"", ""model_6"", ""model_4""]","{""model_3"": 2.151094172960872, ""model_4"": 0.40319282386317323, ""model_5"": 5.519656115991735, ""model_6"": 1.451744053186864}",1.6091191208938987e-16,"{""model_5"": 0, ""model_3"": 1, ""model_6"": 1, ""model_4"": 1}","{""model_5"": 0, ""model_3"": 1, ""model_6"": 1, ""model_4"": 1}"
NEW,steady10s2,9,1787640012.6522453,1+3,False,False,,,line-8 placement unchanged or every candidate blocked,,,,False,[],[],0.09389754638088031,0.08886393385921595,0.09389754638088031,"[""model_5"", ""model_3"", ""model_6"", ""model_4""]","{""model_3"": 2.7044407417240874, ""model_4"": 0.44524733047621545, ""model_5"": 6.0253982155152785, ""model_6"": 1.5717291011830008}",2.948115254567188e-16,"{""model_5"": 0, ""model_3"": 1, ""model_6"": 1, ""model_4"": 1}","{""model_5"": 0, ""model_3"": 1, ""model_6"": 1, ""model_4"": 1}"
NEW,steady10s2,10,1787640017.6651974,1+3,False,False,,,line-8 placement unchanged or every candidate blocked,,,,False,[],[],0.08634532746781841,0.09108310508103977,0.09108310508103977,"[""model_5"", ""model_3"", ""model_6"", ""model_4""]","{""model_3"": 2.8211824150691514, ""model_4"": 0.5026834897558112, ""model_5"": 5.540772917881199, ""model_6"": 1.5154577426741103}",2.4044797527267176e-16,"{""model_5"": 0, ""model_3"": 1, ""model_6"": 1, ""model_4"": 1}","{""model_5"": 0, ""model_3"": 1, ""model_6"": 1, ""model_4"": 1}"
NEW,steady10s2,11,1787640022.6924572,1+3,False,False,,,line-8 placement unchanged or every candidate blocked,,,,False,[],[],0.08795928973170025,0.10334724127304112,0.10334724127304112,"[""model_5"", ""model_3"", ""model_6"", ""model_4""]","{""model_3"": 3.3738567669033173, ""model_4"": 0.5053294770845473, ""model_5"": 5.644340750263695, ""model_6"": 1.6117414988842793}",1.5735733524922832e-16,"{""model_5"": 0, ""model_3"": 1, ""model_6"": 1, ""model_4"": 1}","{""model_5"": 0, ""model_3"": 1, ""model_6"": 1, ""model_4"": 1}"
NEW,steady10s2,12,1787640027.7061744,1+3,False,False,,,line-8 placement unchanged or every candidate blocked,,,,False,[],[],0.09211821913094499,0.11159697667882583,0.11159697667882583,"[""model_5"", ""model_3"", ""model_6"", ""model_4""]","{""model_3"": 3.6595489617496826, ""model_4"": 0.5687032048917982, ""model_5"": 5.911218924896871, ""model_6"": 1.7009911079563693}",2.2469437799219814e-16,"{""model_5"": 0, ""model_3"": 1, ""model_6"": 1, ""model_4"": 1}","{""model_5"": 0, ""model_3"": 1, ""model_6"": 1, ""model_4"": 1}"
NEW,steady10s2,13,1787640032.7640445,1+3,False,False,,MIGRATE,literal line-8 absolute delta exceeds tau,model_4,1,0,False,[],"[""model_4""]",0.0870745870563142,0.11170788702605113,0.11170788702605113,"[""model_5"", ""model_3"", ""model_6"", ""model_4""]","{""model_3"": 3.716687400718958, ""model_4"": 0.4322347744163255, ""model_5"": 5.587569448701568, ""model_6"": 1.7862138615242282}",4.489425756448313e-16,"{""model_5"": 0, ""model_3"": 1, ""model_6"": 1, ""model_4"": 1}","{""model_5"": 0, ""model_3"": 1, ""model_6"": 1, ""model_4"": 0}"
NEW,steady10s2,14,1787640038.0912898,2+2,False,False,,,migration cooldown active,,,,True,[],[],0.10000914444005134,0.09493107358470233,0.10000914444005134,"[""model_5"", ""model_3"", ""model_6"", ""model_4""]","{""model_3"": 3.8397030987351597, ""model_4"": 0.3743366067465985, ""model_5"": 5.4595952623764745, ""model_6"": 1.7580782344596617}",2.283653048129353e-16,"{""model_4"": 0, ""model_5"": 0, ""model_3"": 1, ""model_6"": 1}","{""model_5"": 0, ""model_3"": 1, ""model_6"": 1, ""model_4"": 0}"
NEW,steady10s2,15,1787640043.316422,2+2,False,False,,,migration cooldown active,,,,True,[],[],0.08438740939407614,0.09819589349087006,0.09819589349087006,"[""model_5"", ""model_3"", ""model_6"", ""model_4""]","{""model_3"": 4.024114609604617, ""model_4"": 0.3452951963979747, ""model_5"": 4.577358624642792, ""model_6"": 1.7661826958306541}",3.0678162893860553e-16,"{""model_4"": 0, ""model_5"": 0, ""model_3"": 1, ""model_6"": 1}","{""model_5"": 0, ""model_3"": 1, ""model_6"": 1, ""model_4"": 0}"
NEW,steady10s2,16,1787640048.3434591,2+2,False,False,,,migration cooldown active,,,,True,[],[],0.08141357349468724,0.10667039296833833,0.10667039296833833,"[""model_5"", ""model_3"", ""model_6"", ""model_4""]","{""model_3"": 4.336919553922677, ""model_4"": 0.3541243520021684, ""model_5"": 4.395053772149832, ""model_6"": 1.953091840817759}",1.4120458039913886e-16,"{""model_4"": 0, ""model_5"": 0, ""model_3"": 1, ""model_6"": 1}","{""model_5"": 0, ""model_3"": 1, ""model_6"": 1, ""model_4"": 0}"
NEW,steady10s2,17,1787640053.3744764,2+2,False,False,,,migration cooldown active,,,,True,[],[],0.07678657339959388,0.10660596106879666,0.10660596106879666,"[""model_3"", ""model_5"", ""model_6"", ""model_4""]","{""model_3"": 4.321906709173888, ""model_4"": 0.3760281022394345, ""model_5"": 4.103238670662266, ""model_6"": 1.9643053428340034}",1.41289923462959e-16,"{""model_4"": 0, ""model_5"": 0, ""model_3"": 1, ""model_6"": 1}","{""model_3"": 1, ""model_5"": 0, ""model_6"": 1, ""model_4"": 0}"
NEW,steady10s2,18,1787640058.3921213,2+2,False,False,,,migration cooldown active,,,,True,[],[],0.08088902979919356,0.10844735554050405,0.10844735554050405,"[""model_5"", ""model_3"", ""model_6"", ""model_4""]","{""model_3"": 4.283030163443813, ""model_4"": 0.4290035231301961, ""model_5"": 4.289575877284872, ""model_6"": 2.111763022343996}",2.7778174958779555e-16,"{""model_4"": 0, ""model_5"": 0, ""model_3"": 1, ""model_6"": 1}","{""model_5"": 0, ""model_3"": 1, ""model_6"": 1, ""model_4"": 0}"
NEW,steady10s2,19,1787640063.4114335,2+2,False,False,,,line-8 placement unchanged or every candidate blocked,,,,False,[],[],0.08583454600483674,0.10447535194666127,0.10447535194666127,"[""model_5"", ""model_3"", ""model_6"", ""model_4""]","{""model_3"": 4.186791106434784, ""model_4"": 0.4360793157801195, ""model_5"": 4.570991749701245, ""model_6"": 1.9737857502481293}",4.3251392216784433e-16,"{""model_4"": 0, ""model_5"": 0, ""model_3"": 1, ""model_6"": 1}","{""model_5"": 0, ""model_3"": 1, ""model_6"": 1, ""model_4"": 0}"
NEW,steady10s2,20,1787640068.427713,2+2,False,False,,,line-8 placement unchanged or every candidate blocked,,,,False,[],[],0.0877496285494845,0.11473986150624077,0.11473986150624077,"[""model_3"", ""model_5"", ""model_6"", ""model_4""]","{""model_3"": 4.682775163919041, ""model_4"": 0.5087435447082849, ""model_5"": 4.6100419160094, ""model_6"": 2.08306694298509}",2.6254778212864087e-16,"{""model_4"": 0, ""model_5"": 0, ""model_3"": 1, ""model_6"": 1}","{""model_3"": 1, ""model_5"": 0, ""model_6"": 1, ""model_4"": 0}"
NEW,steady10s2,21,1787640073.4475024,2+2,False,False,,,line-8 placement unchanged or every candidate blocked,,,,False,[],[],0.09524971157218376,0.1145697519895935,0.1145697519895935,"[""model_5"", ""model_3"", ""model_6"", ""model_4""]","{""model_3"": 4.809600091199861, ""model_4"": 0.5359081805829289, ""model_5"": 5.020387005992098, ""model_6"": 1.9462112023896276}",3.9440640706301596e-16,"{""model_4"": 0, ""model_5"": 0, ""model_3"": 1, ""model_6"": 1}","{""model_5"": 0, ""model_3"": 1, ""model_6"": 1, ""model_4"": 0}"
NEW,steady10s2,22,1787640078.4693627,2+2,False,False,,,line-8 placement unchanged or every candidate blocked,,,,False,[],[],0.09890711226925288,0.11766817717484634,0.11766817717484634,"[""model_5"", ""model_3"", ""model_6"", ""model_4""]","{""model_3"": 5.011265169914942, ""model_4"": 0.5536897604110207, ""model_5"": 5.2159561812799495, ""model_6"": 1.9272503322057348}",2.560139613231862e-16,"{""model_4"": 0, ""model_5"": 0, ""model_3"": 1, ""model_6"": 1}","{""model_5"": 0, ""model_3"": 1, ""model_6"": 1, ""model_4"": 0}"
NEW,steady10s2,23,1787640083.5104394,2+2,False,False,,,line-8 placement unchanged or every candidate blocked,,,,False,[],[],0.09304021116227619,0.11081024391461826,0.11081024391461826,"[""model_5"", ""model_3"", ""model_6"", ""model_4""]","{""model_3"": 4.630678351917645, ""model_4"": 0.4664433843159279, ""model_5"": 4.9609628398709935, ""model_6"": 1.903446792664855}",1.3592920246354964e-16,"{""model_4"": 0, ""model_5"": 0, ""model_3"": 1, ""model_6"": 1}","{""model_5"": 0, ""model_3"": 1, ""model_6"": 1, ""model_4"": 0}"
NEW,steady10s2,24,1787640088.5601275,2+2,False,False,,,line-8 placement unchanged or every candidate blocked,,,,False,[],[],0.09337467341380153,0.11189658111049196,0.11189658111049196,"[""model_5"", ""model_3"", ""model_6"", ""model_4""]","{""model_3"": 4.713697142655355, ""model_4"": 0.3994705154477578, ""model_5"": 5.047446224493671, ""model_6"": 1.8844858266939866}",4.038286406239399e-16,"{""model_4"": 0, ""model_5"": 0, ""model_3"": 1, ""model_6"": 1}","{""model_5"": 0, ""model_3"": 1, ""model_6"": 1, ""model_4"": 0}"
NEW,steady10s2,25,1787640093.5833352,2+2,False,False,,,line-8 placement unchanged or every candidate blocked,,,,False,[],[],0.09193998260992071,0.11540010017245662,0.11540010017245662,"[""model_5"", ""model_3"", ""model_6"", ""model_4""]","{""model_3"": 4.808815838115969, ""model_4"": 0.5305551992060644, ""model_5"": 4.832670309798825, ""model_6"": 1.9959584281079348}",3.9156850100465957e-16,"{""model_4"": 0, ""model_5"": 0, ""model_3"": 1, ""model_6"": 1}","{""model_5"": 0, ""model_3"": 1, ""model_6"": 1, ""model_4"": 0}"
NEW,steady10s2,26,1787640098.6076255,2+2,False,False,,,line-8 placement unchanged or every candidate blocked,,,,False,[],[],0.09300338382834096,0.10278312037677168,0.10278312037677168,"[""model_5"", ""model_3"", ""model_6"", ""model_4""]","{""model_3"": 3.973698339925847, ""model_4"": 0.5620266295463219, ""model_5"": 4.863231309518247, ""model_6"": 2.087093041509924}",2.9308991641607056e-16,"{""model_4"": 0, ""model_5"": 0, ""model_3"": 1, ""model_6"": 1}","{""model_5"": 0, ""model_3"": 1, ""model_6"": 1, ""model_4"": 0}"
NEW,steady10s2,27,1787640103.6316721,2+2,False,False,,,line-8 placement unchanged or every candidate blocked,,,,False,[],[],0.08473057432792837,0.10537771605060717,0.10537771605060717,"[""model_5"", ""model_3"", ""model_6"", ""model_4""]","{""model_3"": 3.9831093769325503, ""model_4"": 0.579346486905695, ""model_5"": 4.363325512024457, ""model_6"": 2.2306770005750303}",2.8587349668637425e-16,"{""model_4"": 0, ""model_5"": 0, ""model_3"": 1, ""model_6"": 1}","{""model_5"": 0, ""model_3"": 1, ""model_6"": 1, ""model_4"": 0}"
NEW,steady10s2,28,1787640108.65823,2+2,False,False,,,line-8 placement unchanged or every candidate blocked,,,,False,[],[],0.08363805676414346,0.10465631292344571,0.10465631292344571,"[""model_5"", ""model_3"", ""model_6"", ""model_4""]","{""model_3"": 3.947145771228361, ""model_4"": 0.5603959381659993, ""model_5"": 4.31854515826891, ""model_6"": 2.2241017746149008}",2.8784404226285547e-16,"{""model_4"": 0, ""model_5"": 0, ""model_3"": 1, ""model_6"": 1}","{""model_5"": 0, ""model_3"": 1, ""model_6"": 1, ""model_4"": 0}"
NEW,steady10s2,29,1787640113.6905231,2+2,False,False,,,line-8 placement unchanged or every candidate blocked,,,,False,[],[],0.0826066676288391,0.10473270867407675,0.10473270867407675,"[""model_5"", ""model_3"", ""model_6"", ""model_4""]","{""model_3"": 3.959805856725475, ""model_4"": 0.5783312330789177, ""model_5"": 4.2404448256526015, ""model_6"": 2.2159465018273603}",2.1572555896045977e-16,"{""model_4"": 0, ""model_5"": 0, ""model_3"": 1, ""model_6"": 1}","{""model_5"": 0, ""model_3"": 1, ""model_6"": 1, ""model_4"": 0}"
NEW,steady10s2,30,1787640118.7353206,2+2,False,False,,,line-8 placement unchanged or every candidate blocked,,,,False,[],[],0.08268395598143481,0.09681405692733219,0.09681405692733219,"[""model_5"", ""model_3"", ""model_6"", ""model_4""]","{""model_3"": 3.5633099047406547, ""model_4"": 0.5201260524573692, ""model_5"": 4.303158543826838, ""model_6"": 2.1455049247380305}",1.5558017666185745e-16,"{""model_4"": 0, ""model_5"": 0, ""model_3"": 1, ""model_6"": 1}","{""model_5"": 0, ""model_3"": 1, ""model_6"": 1, ""model_4"": 0}"
NEW,steady10s2,31,1787640123.759348,2+2,False,False,,,line-8 placement unchanged or every candidate blocked,,,,False,[],[],0.0847490832846609,0.09792013610391666,0.09792013610391666,"[""model_5"", ""model_3"", ""model_6"", ""model_4""]","{""model_3"": 3.6671674202789215, ""model_4"": 0.44555455392009113, ""model_5"": 4.498197146202894, ""model_6"": 2.106869355333086}",3.0764557075616636e-16,"{""model_4"": 0, ""model_5"": 0, ""model_3"": 1, ""model_6"": 1}","{""model_5"": 0, ""model_3"": 1, ""model_6"": 1, ""model_4"": 0}"
NEW,steady10s2,32,1787640128.8072553,2+2,False,False,,,line-8 placement unchanged or every candidate blocked,,,,False,[],[],0.08630883587818622,0.09879368860504331,0.09879368860504331,"[""model_5"", ""model_3"", ""model_6"", ""model_4""]","{""model_3"": 3.6443120446912127, ""model_4"": 0.359754243129379, ""model_5"": 4.674984040413178, ""model_6"": 2.1812353238143785}",4.5738796555076345e-16,"{""model_4"": 0, ""model_5"": 0, ""model_3"": 1, ""model_6"": 1}","{""model_5"": 0, ""model_3"": 1, ""model_6"": 1, ""model_4"": 0}"
NEW,steady10s2,33,1787640133.8456912,2+2,False,False,,,line-8 placement unchanged or every candidate blocked,,,,False,[],[],0.09651141390668362,0.09235562485648952,0.09651141390668362,"[""model_5"", ""model_3"", ""model_6"", ""model_4""]","{""model_3"": 3.3365487273410297, ""model_4"": 0.3444340781164741, ""model_5"": 5.285461232725168, ""model_6"": 2.1093666438352896}",3.1552217960065307e-16,"{""model_4"": 0, ""model_5"": 0, ""model_3"": 1, ""model_6"": 1}","{""model_5"": 0, ""model_3"": 1, ""model_6"": 1, ""model_4"": 0}"
NEW,steady10s2,34,1787640138.8905692,2+2,False,False,,,line-8 placement unchanged or every candidate blocked,,,,False,[],[],0.10172515635484983,0.09874302265281754,0.10172515635484983,"[""model_5"", ""model_3"", ""model_6"", ""model_4""]","{""model_3"": 3.725986401570821, ""model_4"": 0.48674771052542565, ""model_5"": 5.447285970822817, ""model_6"": 2.096573358021394}",2.9935064996069476e-16,"{""model_4"": 0, ""model_5"": 0, ""model_3"": 1, ""model_6"": 1}","{""model_5"": 0, ""model_3"": 1, ""model_6"": 1, ""model_4"": 0}"
NEW,steady10s2,35,1787640143.926404,2+2,False,False,,,line-8 placement unchanged or every candidate blocked,,,,False,[],[],0.1017541310425012,0.10593154264109826,0.10593154264109826,"[""model_5"", ""model_3"", ""model_6"", ""model_4""]","{""model_3"": 4.311599382928452, ""model_4"": 0.518680575474499, ""model_5"": 5.417043314850471, ""model_6"": 1.9348443746445922}",4.265683583350856e-16,"{""model_4"": 0, ""model_5"": 0, ""model_3"": 1, ""model_6"": 1}","{""model_5"": 0, ""model_3"": 1, ""model_6"": 1, ""model_4"": 0}"
NEW,steady10s2,36,1787640148.9623787,2+2,False,False,,,line-8 placement unchanged or every candidate blocked,,,,False,[],[],0.10638688783573308,0.10873773929584025,0.10873773929584025,"[""model_5"", ""model_3"", ""model_6"", ""model_4""]","{""model_3"": 4.3904728359370155, ""model_4"": 0.5786086356282958, ""model_5"": 5.627362417086237, ""model_6"": 2.0214433497675044}",2.770399343897648e-16,"{""model_4"": 0, ""model_5"": 0, ""model_3"": 1, ""model_6"": 1}","{""model_5"": 0, ""model_3"": 1, ""model_6"": 1, ""model_4"": 0}"
NEW,steady10s2,37,1787640154.036937,2+2,False,False,,,line-8 placement unchanged or every candidate blocked,,,,False,[],[],0.10281516198918442,0.11099109728906771,0.11099109728906771,"[""model_5"", ""model_3"", ""model_6"", ""model_4""]","{""model_3"": 4.375123882723701, ""model_4"": 0.6693926435742876, ""model_5"": 5.328225409415892, ""model_6"": 2.169665606054118}",2.7141542786763784e-16,"{""model_4"": 0, ""model_5"": 0, ""model_3"": 1, ""model_6"": 1}","{""model_5"": 0, ""model_3"": 1, ""model_6"": 1, ""model_4"": 0}"
NEW,steady10s2,38,1787640159.0743797,2+2,False,False,,,line-8 placement unchanged or every candidate blocked,,,,False,[],[],0.10149057330778893,0.1133103879652611,0.1133103879652611,"[""model_5"", ""model_3"", ""model_6"", ""model_4""]","{""model_3"": 4.690281586293437, ""model_4"": 0.7949090750187293, ""model_5"": 5.125440442527622, ""model_6"": 1.9912690446815604}",1.3292998418400356e-16,"{""model_4"": 0, ""model_5"": 0, ""model_3"": 1, ""model_6"": 1}","{""model_5"": 0, ""model_3"": 1, ""model_6"": 1, ""model_4"": 0}"
NEW,steady10s2,39,1787640164.11,2+2,False,False,,,line-8 placement unchanged or every candidate blocked,,,,False,[],[],0.10009319536265569,0.11628237764186104,0.11628237764186104,"[""model_5"", ""model_3"", ""model_6"", ""model_4""]","{""model_3"": 4.826741622890643, ""model_4"": 0.873203012834185, ""model_5"": 4.965631881494795, ""model_6"": 2.0300577196590193}",2.590650171687425e-16,"{""model_4"": 0, ""model_5"": 0, ""model_3"": 1, ""model_6"": 1}","{""model_5"": 0, ""model_3"": 1, ""model_6"": 1, ""model_4"": 0}"
NEW,steady10s2,40,1787640169.1453707,2+2,False,False,,,line-8 placement unchanged or every candidate blocked,,,,False,[],[],0.10343829380467794,0.10700324874587135,0.10700324874587135,"[""model_5"", ""model_3"", ""model_6"", ""model_4""]","{""model_3"": 4.378821075833477, ""model_4"": 0.717415009222355, ""model_5"": 5.31655280535639, ""model_6"": 1.9308177579294166}",5.630613371703497e-16,"{""model_4"": 0, ""model_5"": 0, ""model_3"": 1, ""model_6"": 1}","{""model_5"": 0, ""model_3"": 1, ""model_6"": 1, ""model_4"": 0}"
NEW,steady10s2,41,1787640174.196684,2+2,False,False,,,line-8 placement unchanged or every candidate blocked,,,,False,[],[],0.10339743677531345,0.10147308607510865,0.10339743677531345,"[""model_5"", ""model_3"", ""model_6"", ""model_4""]","{""model_3"": 4.144217367594932, ""model_4"": 0.703571281015013, ""model_5"": 5.3280131802511725, ""model_6"": 1.8393254872753921}",1.4725457720170494e-16,"{""model_4"": 0, ""model_5"": 0, ""model_3"": 1, ""model_6"": 1}","{""model_5"": 0, ""model_3"": 1, ""model_6"": 1, ""model_4"": 0}"
NEW,steady10s2,42,1787640179.2371166,2+2,False,False,,,line-8 placement unchanged or every candidate blocked,,,,False,[],[],0.10081147218173325,0.09814424649493797,0.10081147218173325,"[""model_5"", ""model_3"", ""model_6"", ""model_4""]","{""model_3"": 4.032741393527428, ""model_4"": 0.6522571410716533, ""model_5"": 5.2284777019983215, ""model_6"": 1.7545104539895098}",3.020637533919013e-16,"{""model_4"": 0, ""model_5"": 0, ""model_3"": 1, ""model_6"": 1}","{""model_5"": 0, ""model_3"": 1, ""model_6"": 1, ""model_4"": 0}"
NEW,steady10s2,43,1787640184.2773342,2+2,False,False,,,line-8 placement unchanged or every candidate blocked,,,,False,[],[],0.09884187238821224,0.09288479625960877,0.09884187238821224,"[""model_5"", ""model_3"", ""model_6"", ""model_4""]","{""model_3"": 3.7529871148876723, ""model_4"": 0.572486464252262, ""model_5"": 5.193353775237455, ""model_6"": 1.724131798928438}",3.0808290996932996e-16,"{""model_4"": 0, ""model_5"": 0, ""model_3"": 1, ""model_6"": 1}","{""model_5"": 0, ""model_3"": 1, ""model_6"": 1, ""model_4"": 0}"
NEW,steady10s2,44,1787640189.3692682,2+2,False,False,,,line-8 placement unchanged or every candidate blocked,,,,False,[],[],0.09744075258704483,0.09167871012587375,0.09744075258704483,"[""model_5"", ""model_3"", ""model_6"", ""model_4""]","{""model_3"": 3.7239697507836693, ""model_4"": 0.580208156592193, ""model_5"": 5.103899182308722, ""model_6"": 1.682030126970734}",1.5625644744982322e-16,"{""model_4"": 0, ""model_5"": 0, ""model_3"": 1, ""model_6"": 1}","{""model_5"": 0, ""model_3"": 1, ""model_6"": 1, ""model_4"": 0}"
NEW,steady10s2,45,1787640194.4146674,2+2,False,False,,,line-8 placement unchanged or every candidate blocked,,,,False,[],[],0.08922738956134142,0.09569045397612821,0.09569045397612821,"[""model_5"", ""model_3"", ""model_6"", ""model_4""]","{""model_3"": 4.110382448832734, ""model_4"": 0.46219788995267685, ""model_5"": 4.742791258540654, ""model_6"": 1.5321771136541549}",3.1481401653425227e-16,"{""model_4"": 0, ""model_5"": 0, ""model_3"": 1, ""model_6"": 1}","{""model_5"": 0, ""model_3"": 1, ""model_6"": 1, ""model_4"": 0}"
NEW,steady10s2,46,1787640199.458242,2+2,False,False,,,line-8 placement unchanged or every candidate blocked,,,,False,[],[],0.0901510565337039,0.10472123499221742,0.10472123499221742,"[""model_5"", ""model_3"", ""model_6"", ""model_4""]","{""model_3"": 4.55303729661234, ""model_4"": 0.5547047726648917, ""model_5"": 4.704165550561934, ""model_6"": 1.6220384956728884}",2.876655929664095e-16,"{""model_4"": 0, ""model_5"": 0, ""model_3"": 1, ""model_6"": 1}","{""model_5"": 0, ""model_3"": 1, ""model_6"": 1, ""model_4"": 0}"
NEW,steady10s2,47,1787640204.500686,2+2,False,False,,,line-8 placement unchanged or every candidate blocked,,,,False,[],[],0.09608072741942028,0.10482684618546402,0.10482684618546402,"[""model_5"", ""model_3"", ""model_6"", ""model_4""]","{""model_3"": 4.473379590519883, ""model_4"": 0.570271406577237, ""model_5"": 5.034500245445861, ""model_6"": 1.7079237555452438}",2.873757749700212e-16,"{""model_4"": 0, ""model_5"": 0, ""model_3"": 1, ""model_6"": 1}","{""model_5"": 0, ""model_3"": 1, ""model_6"": 1, ""model_4"": 0}"
NEW,steady10s2,48,1787640209.543699,2+2,False,False,,,line-8 placement unchanged or every candidate blocked,,,,False,[],[],0.09368724354886292,0.11188637451412857,0.11188637451412857,"[""model_3"", ""model_5"", ""model_6"", ""model_4""]","{""model_3"": 5.002862458301814, ""model_4"": 0.6296147977936698, ""model_5"": 4.8355354035225195, ""model_6"": 1.5947186607529835}",2.6924365268808406e-16,"{""model_4"": 0, ""model_5"": 0, ""model_3"": 1, ""model_6"": 1}","{""model_3"": 1, ""model_5"": 0, ""model_6"": 1, ""model_4"": 0}"
NEW,steady10s2,49,1787640214.595872,2+2,False,False,,,line-8 placement unchanged or every candidate blocked,,,,False,[],[],0.0965848825414336,0.11356770995869196,0.11356770995869196,"[""model_3"", ""model_5"", ""model_6"", ""model_4""]","{""model_3"": 5.239370781172669, ""model_4"": 0.6268461166712731, ""model_5"": 5.007334912361927, ""model_6"": 1.4573533035204378}",3.9788637330762683e-16,"{""model_4"": 0, ""model_5"": 0, ""model_3"": 1, ""model_6"": 1}","{""model_3"": 1, ""model_5"": 0, ""model_6"": 1, ""model_4"": 0}"
NEW,steady10s2,50,1787640219.642752,2+2,False,False,,,line-8 placement unchanged or every candidate blocked,,,,False,[],[],0.10219432833122194,0.11495798738996905,0.11495798738996905,"[""model_5"", ""model_3"", ""model_6"", ""model_4""]","{""model_3"": 5.263346518308794, ""model_4"": 0.5437223497424964, ""model_5"": 5.4176800023446265, ""model_6"": 1.515357773274323}",2.6204961346461025e-16,"{""model_4"": 0, ""model_5"": 0, ""model_3"": 1, ""model_6"": 1}","{""model_5"": 0, ""model_3"": 1, ""model_6"": 1, ""model_4"": 0}"
NEW,steady10s2,51,1787640224.7006445,2+2,False,False,,,line-8 placement unchanged or every candidate blocked,,,,False,[],[],0.1105488538436333,0.10769142672138411,0.1105488538436333,"[""model_5"", ""model_3"", ""model_6"", ""model_4""]","{""model_3"": 4.659471643711966, ""model_4"": 0.7205838424612686, ""model_5"": 5.7281712703273975, ""model_6"": 1.6907468409468396}",2.75457326000412e-16,"{""model_4"": 0, ""model_5"": 0, ""model_3"": 1, ""model_6"": 1}","{""model_5"": 0, ""model_3"": 1, ""model_6"": 1, ""model_4"": 0}"
NEW,steady10s2,52,1787640229.7505333,2+2,False,False,,,line-8 placement unchanged or every candidate blocked,,,,False,[],[],0.09960274873087765,0.1042057749850105,0.1042057749850105,"[""model_5"", ""model_3"", ""model_6"", ""model_4""]","{""model_3"": 4.306221647496048, ""model_4"": 0.6268461836783714, ""model_5"": 5.183379004495699, ""model_6"": 1.8384591192470232}",4.336328216628717e-16,"{""model_4"": 0, ""model_5"": 0, ""model_3"": 1, ""model_6"": 1}","{""model_5"": 0, ""model_3"": 1, ""model_6"": 1, ""model_4"": 0}"
NEW,steady10s2,53,1787640234.7985704,2+2,False,False,,,line-8 placement unchanged or every candidate blocked,,,,False,[],[],0.10705502161955557,0.10719824732413033,0.10719824732413033,"[""model_5"", ""model_3"", ""model_6"", ""model_4""]","{""model_3"": 4.506430256198189, ""model_4"": 0.6027274998039289, ""model_5"": 5.642218458616515, ""model_6"": 1.8147070191198176}",2.8101855125601353e-16,"{""model_4"": 0, ""model_5"": 0, ""model_3"": 1, ""model_6"": 1}","{""model_5"": 0, ""model_3"": 1, ""model_6"": 1, ""model_4"": 0}"
NEW,steady10s2,54,1787640239.866538,2+2,False,False,,,line-8 placement unchanged or every candidate blocked,,,,False,[],[],0.11666302912082484,0.10964238538141521,0.11666302912082484,"[""model_5"", ""model_3"", ""model_6"", ""model_4""]","{""model_3"": 4.56558534595461, ""model_4"": 0.5738404688353291, ""model_5"": 6.231578849039039, ""model_6"": 1.8996749217217705}",2.610209241236123e-16,"{""model_4"": 0, ""model_5"": 0, ""model_3"": 1, ""model_6"": 1}","{""model_5"": 0, ""model_3"": 1, ""model_6"": 1, ""model_4"": 0}"
NEW,steady10s2,55,1787640244.9353933,2+2,False,False,,,line-8 placement unchanged or every candidate blocked,,,,False,[],[],0.11568454419548052,0.11283571784458363,0.11568454419548052,"[""model_5"", ""model_3"", ""model_6"", ""model_4""]","{""model_3"": 4.640425497388874, ""model_4"": 0.5421229296729475, ""model_5"": 6.206217463855213, ""model_6"": 2.013135356997502}",3.948430434326842e-16,"{""model_4"": 0, ""model_5"": 0, ""model_3"": 1, ""model_6"": 1}","{""model_5"": 0, ""model_3"": 1, ""model_6"": 1, ""model_4"": 0}"
NEW,steady10s2,56,1787640249.9831338,2+2,False,False,,,line-8 placement unchanged or every candidate blocked,,,,False,[],[],0.1162567499237051,0.11282691175535868,0.1162567499237051,"[""model_5"", ""model_3"", ""model_6"", ""model_4""]","{""model_3"": 4.697451900203307, ""model_4"": 0.5294482409386323, ""model_5"": 6.252271192599064, ""model_6"": 1.9555896873084802}",2.6193310661240534e-16,"{""model_4"": 0, ""model_5"": 0, ""model_3"": 1, ""model_6"": 1}","{""model_5"": 0, ""model_3"": 1, ""model_6"": 1, ""model_4"": 0}"
NEW,steady10s2,57,1787640255.0460746,2+2,False,False,,,line-8 placement unchanged or every candidate blocked,,,,False,[],[],0.11448095860098288,0.1154305369325199,0.1154305369325199,"[""model_5"", ""model_3"", ""model_6"", ""model_4""]","{""model_3"": 4.95827206867481, ""model_4"": 0.3656922894680752, ""model_5"": 6.312438160796684, ""model_6"": 1.848296955797276}",2.609768347332706e-16,"{""model_4"": 0, ""model_5"": 0, ""model_3"": 1, ""model_6"": 1}","{""model_5"": 0, ""model_3"": 1, ""model_6"": 1, ""model_4"": 0}"
NEW,steady10s2,58,1787640260.1026511,2+2,False,False,,,line-8 placement unchanged or every candidate blocked,,,,False,[],[],0.10490941397852016,0.11950520682355086,0.11950520682355086,"[""model_5"", ""model_3"", ""model_6"", ""model_4""]","{""model_3"": 5.333257078930023, ""model_4"": 0.3477875229716918, ""model_5"": 5.771996592841712, ""model_6"": 1.7135821773391648}",3.781177861734088e-16,"{""model_4"": 0, ""model_5"": 0, ""model_3"": 1, ""model_6"": 1}","{""model_5"": 0, ""model_3"": 1, ""model_6"": 1, ""model_4"": 0}"
NEW,steady10s2,59,1787640265.156013,2+2,False,False,,,line-8 placement unchanged or every candidate blocked,,,,False,[],[],0.10471321396320352,0.09846838286530289,0.10471321396320352,"[""model_5"", ""model_3"", ""model_6"", ""model_4""]","{""model_3"": 4.079684542406107, ""model_4"": 0.37082963361054766, ""model_5"": 5.737509353575, ""model_6"": 1.7266805886219405}",2.908084903484896e-16,"{""model_4"": 0, ""model_5"": 0, ""model_3"": 1, ""model_6"": 1}","{""model_5"": 0, ""model_3"": 1, ""model_6"": 1, ""model_4"": 0}"
NEW,steady10s2,60,1787640270.2094254,2+2,False,False,,,line-8 placement unchanged or every candidate blocked,,,,False,[],[],0.09974493887868179,0.10392496364370435,0.10392496364370435,"[""model_5"", ""model_3"", ""model_6"", ""model_4""]","{""model_3"": 4.517857943992042, ""model_4"": 0.3537248291222832, ""model_5"": 5.464794876912071, ""model_6"": 1.6102642774280331}",2.8986968197064024e-16,"{""model_4"": 0, ""model_5"": 0, ""model_3"": 1, ""model_6"": 1}","{""model_5"": 0, ""model_3"": 1, ""model_6"": 1, ""model_4"": 0}"
NEW,steady10s2,61,1787640275.261722,2+2,False,False,,,line-8 placement unchanged or every candidate blocked,,,,False,[],[],0.10093085322666251,0.10458428420335986,0.10458428420335986,"[""model_5"", ""model_3"", ""model_6"", ""model_4""]","{""model_3"": 4.4973553276560105, ""model_4"": 0.38565771975942953, ""model_5"": 5.502041095320122, ""model_6"": 1.6696449152807844}",4.3206342697199167e-16,"{""model_4"": 0, ""model_5"": 0, ""model_3"": 1, ""model_6"": 1}","{""model_5"": 0, ""model_3"": 1, ""model_6"": 1, ""model_4"": 0}"
NEW,steady10s2,62,1787640280.3184676,2+2,False,False,,,line-8 placement unchanged or every candidate blocked,,,,False,[],[],0.09211120927678772,0.10649319643966043,0.10649319643966043,"[""model_5"", ""model_3"", ""model_6"", ""model_4""]","{""model_3"": 4.405933825305173, ""model_4"": 0.40270069043117673, ""model_5"": 4.970513152283316, ""model_6"": 1.8736288577217584}",4.24318602042522e-16,"{""model_4"": 0, ""model_5"": 0, ""model_3"": 1, ""model_6"": 1}","{""model_5"": 0, ""model_3"": 1, ""model_6"": 1, ""model_4"": 0}"
NEW,steady10s2,63,1787640285.3746233,2+2,False,False,,,line-8 placement unchanged or every candidate blocked,,,,False,[],[],0.1082513501386177,0.10492203725446095,0.1082513501386177,"[""model_5"", ""model_3"", ""model_6"", ""model_4""]","{""model_3"": 4.21211127742901, ""model_4"": 0.4452166735290435, ""model_5"": 5.869515894029737, ""model_6"": 1.9748051810659735}",2.813035738878447e-16,"{""model_4"": 0, ""model_5"": 0, ""model_3"": 1, ""model_6"": 1}","{""model_5"": 0, ""model_3"": 1, ""model_6"": 1, ""model_4"": 0}"
NEW,steady10s2,64,1787640290.749755,2+2,False,False,,MIGRATE,literal line-8 absolute delta exceeds tau,model_4,0,1,False,[],"[""model_4""]",0.1183758098051793,0.09375065872548724,0.1183758098051793,"[""model_5"", ""model_3"", ""model_6"", ""model_4""]","{""model_3"": 3.6317639953489382, ""model_4"": 0.5632885102784211, ""model_5"": 6.342044129274877, ""model_6"": 1.8964120546143124}",3.858663149459433e-16,"{""model_4"": 0, ""model_5"": 0, ""model_3"": 1, ""model_6"": 1}","{""model_5"": 0, ""model_3"": 1, ""model_6"": 1, ""model_4"": 1}"
NEW,steady10s2,65,1787640295.8053029,1+3,False,False,,,migration cooldown active,,,,True,[],"[""model_4""]",0.09678316538751332,0.1209442814455285,0.1209442814455285,"[""model_5"", ""model_3"", ""model_6"", ""model_4""]","{""model_3"": 4.0569412029732375, ""model_4"": 0.5718105794736861, ""model_5"": 6.210568161731932, ""model_6"": 1.797121827245876}",4.146572778962205e-16,"{""model_5"": 0, ""model_3"": 1, ""model_6"": 1, ""model_4"": 1}","{""model_5"": 0, ""model_3"": 1, ""model_6"": 1, ""model_4"": 0}"
NEW,steady10s2,66,1787640300.8604882,1+3,False,False,,,migration cooldown active,,,,True,[],"[""model_4""]",0.09975477418689414,0.12331847363033516,0.12331847363033516,"[""model_5"", ""model_3"", ""model_6"", ""model_4""]","{""model_3"": 4.002491631720165, ""model_4"": 0.6018361532425915, ""model_5"": 6.401256066231263, ""model_6"": 1.9476886958302269}",1.3555802588467086e-16,"{""model_5"": 0, ""model_3"": 1, ""model_6"": 1, ""model_4"": 1}","{""model_5"": 0, ""model_3"": 1, ""model_6"": 1, ""model_4"": 0}"
NEW,steady10s2,67,1787640305.9282656,1+3,False,False,,,migration cooldown active,,,,True,[],"[""model_4""]",0.09602744740124898,0.12576073523380435,0.12576073523380435,"[""model_5"", ""model_3"", ""model_6"", ""model_4""]","{""model_3"": 4.381621979704519, ""model_4"": 0.6686860556370684, ""model_5"": 6.162073797593817, ""model_6"": 1.6314679032622814}",3.987765054655695e-16,"{""model_5"": 0, ""model_3"": 1, ""model_6"": 1, ""model_4"": 1}","{""model_5"": 0, ""model_3"": 1, ""model_6"": 1, ""model_4"": 0}"
NEW,steady10s2,68,1787640310.9956858,1+3,False,False,,,migration cooldown active,,,,True,[],"[""model_4""]",0.09620438793632617,0.1231920330483783,0.1231920330483783,"[""model_5"", ""model_3"", ""model_6"", ""model_4""]","{""model_3"": 4.407614367627797, ""model_4"": 0.6624409322695188, ""model_5"": 6.173428057906242, ""model_6"": 1.4752432841164256}",2.713943170963706e-16,"{""model_5"": 0, ""model_3"": 1, ""model_6"": 1, ""model_4"": 1}","{""model_5"": 0, ""model_3"": 1, ""model_6"": 1, ""model_4"": 0}"
NEW,steady10s2,69,1787640316.0557,1+3,False,False,,,migration cooldown active,,,,True,[],"[""model_4""]",0.09541063600326956,0.12632187101411418,0.12632187101411418,"[""model_5"", ""model_3"", ""model_6"", ""model_4""]","{""model_3"": 4.260959040939995, ""model_4"": 0.5998365756424748, ""model_5"": 6.122493058373868, ""model_6"": 1.8507939482553215}",3.970050959403049e-16,"{""model_5"": 0, ""model_3"": 1, ""model_6"": 1, ""model_4"": 1}","{""model_5"": 0, ""model_3"": 1, ""model_6"": 1, ""model_4"": 0}"
NEW,steady10s2,70,1787640321.1165743,1+3,False,False,,MIGRATE,literal line-8 absolute delta exceeds tau,model_4,1,0,False,[],"[""model_4""]",0.0968245066340267,0.1255712690327714,0.1255712690327714,"[""model_5"", ""model_3"", ""model_6"", ""model_4""]","{""model_3"": 4.16628849009875, ""model_4"": 0.5475380145924633, ""model_5"": 6.2132210262909116, ""model_6"": 1.9578829318292577}",2.6625212867883567e-16,"{""model_5"": 0, ""model_3"": 1, ""model_6"": 1, ""model_4"": 1}","{""model_5"": 0, ""model_3"": 1, ""model_6"": 1, ""model_4"": 0}"
NEW,steady10s2,71,1787640326.1766748,2+2,False,False,,,migration cooldown active,,,,True,[],[],0.1132927171330352,0.09980176492875768,0.1132927171330352,"[""model_5"", ""model_3"", ""model_6"", ""model_4""]","{""model_3"": 3.827715230167096, ""model_4"": 0.5212342302620532, ""model_5"": 6.087581360777719, ""model_6"": 2.057275170153458}",2.6878595944009006e-16,"{""model_4"": 0, ""model_5"": 0, ""model_3"": 1, ""model_6"": 1}","{""model_5"": 0, ""model_3"": 1, ""model_6"": 1, ""model_4"": 0}"
NEW,steady10s2,72,1787640331.2559543,2+2,False,False,,,migration cooldown active,,,,True,[],[],0.11710901334985915,0.11031443505727193,0.11710901334985915,"[""model_5"", ""model_3"", ""model_6"", ""model_4""]","{""model_3"": 4.387671932065972, ""model_4"": 0.5080673921426793, ""model_5"": 6.323367962779673, ""model_6"": 2.1172169523365607}",2.6002688265509343e-16,"{""model_4"": 0, ""model_5"": 0, ""model_3"": 1, ""model_6"": 1}","{""model_5"": 0, ""model_3"": 1, ""model_6"": 1, ""model_4"": 0}"
NEW,steady10s2,73,1787640336.3815854,2+2,False,False,,,migration cooldown active,,,,True,[],[],0.11900364804909332,0.10388276521691717,0.11900364804909332,"[""model_5"", ""model_3"", ""model_6"", ""model_4""]","{""model_3"": 3.9992425832297553, ""model_4"": 0.4732120052521487, ""model_5"": 6.4687449406116615, ""model_6"": 2.1263913321295145}",1.279435217801695e-16,"{""model_4"": 0, ""model_5"": 0, ""model_3"": 1, ""model_6"": 1}","{""model_5"": 0, ""model_3"": 1, ""model_6"": 1, ""model_4"": 0}"
NEW,steady10s2,74,1787640341.4479876,2+2,False,False,,,migration cooldown active,,,,True,[],[],0.10735453806228178,0.10458852407861842,0.10735453806228178,"[""model_5"", ""model_3"", ""model_6"", ""model_4""]","{""model_3"": 3.92541075718907, ""model_4"": 0.45253844716657365, ""model_5"": 5.809879498743915, ""model_6"": 2.2418394976108695}",2.8365351127039594e-16,"{""model_4"": 0, ""model_5"": 0, ""model_3"": 1, ""model_6"": 1}","{""model_5"": 0, ""model_3"": 1, ""model_6"": 1, ""model_4"": 0}"
NEW,steady10s2,75,1787640346.5571337,2+2,False,False,,,migration cooldown active,,,,True,[],[],0.10711915457452507,0.1000670197463537,0.10711915457452507,"[""model_5"", ""model_3"", ""model_6"", ""model_4""]","{""model_3"": 3.9854621361842266, ""model_4"": 0.43392631968112316, ""model_5"": 5.814760769532434, ""model_6"": 1.9151694910856276}",2.842768111187047e-16,"{""model_4"": 0, ""model_5"": 0, ""model_3"": 1, ""model_6"": 1}","{""model_5"": 0, ""model_3"": 1, ""model_6"": 1, ""model_4"": 0}"
NEW,steady10s2,76,1787640352.0086823,2+2,False,False,,,line-8 placement unchanged or every candidate blocked,,,,False,[],[],0.09483093764636781,0.10978436554132284,0.10978436554132284,"[""model_5"", ""model_3"", ""model_6"", ""model_4""]","{""model_3"": 4.25065171469456, ""model_4"": 0.3971940237369558, ""model_5"": 5.134672411192866, ""model_6"": 2.222980668231375}",2.7439878175432904e-16,"{""model_4"": 0, ""model_5"": 0, ""model_3"": 1, ""model_6"": 1}","{""model_5"": 0, ""model_3"": 1, ""model_6"": 1, ""model_4"": 0}"
NEW,steady10s2,77,1787640357.0749798,2+2,False,False,,,line-8 placement unchanged or every candidate blocked,,,,False,[],[],0.08914973674239658,0.10920155398389879,0.10920155398389879,"[""model_5"", ""model_3"", ""model_6"", ""model_4""]","{""model_3"": 4.206957614306291, ""model_4"": 0.4822866747329879, ""model_5"": 4.718172675433339, ""model_6"": 2.232308237896617}",1.3793162762433154e-16,"{""model_4"": 0, ""model_5"": 0, ""model_3"": 1, ""model_6"": 1}","{""model_5"": 0, ""model_3"": 1, ""model_6"": 1, ""model_4"": 0}"
NEW,steady10s2,78,1787640362.1974492,2+2,False,False,,,line-8 placement unchanged or every candidate blocked,,,,False,[],[],0.09201541967955532,0.10942256699003627,0.10942256699003627,"[""model_5"", ""model_3"", ""model_6"", ""model_4""]","{""model_3"": 4.074979023902755, ""model_4"": 0.4785027862323761, ""model_5"": 4.889123267613873, ""model_6"": 2.377319257339795}",2.7530606335486544e-16,"{""model_4"": 0, ""model_5"": 0, ""model_3"": 1, ""model_6"": 1}","{""model_5"": 0, ""model_3"": 1, ""model_6"": 1, ""model_4"": 0}"
NEW,steady10s2,79,1787640367.2665348,2+2,False,False,,,line-8 placement unchanged or every candidate blocked,,,,False,[],[],0.09555750182877762,0.11369071375562377,0.11369071375562377,"[""model_5"", ""model_3"", ""model_6"", ""model_4""]","{""model_3"": 4.194185492654338, ""model_4"": 0.5740245832500845, ""model_5"": 5.0002252353438665, ""model_6"": 2.5097917319472987}",5.29941191590431e-16,"{""model_4"": 0, ""model_5"": 0, ""model_3"": 1, ""model_6"": 1}","{""model_5"": 0, ""model_3"": 1, ""model_6"": 1, ""model_4"": 0}"
NEW,steady10s2,80,1787640372.3375092,2+2,False,False,,,line-8 placement unchanged or every candidate blocked,,,,False,[],[],0.09459762056055292,0.12184954809618016,0.12184954809618016,"[""model_5"", ""model_3"", ""model_6"", ""model_4""]","{""model_3"": 4.62171545953031, ""model_4"": 0.745009976013757, ""model_5"": 4.773246143677716, ""model_6"": 2.5633620923676896}",2.472286244051758e-16,"{""model_4"": 0, ""model_5"": 0, ""model_3"": 1, ""model_6"": 1}","{""model_5"": 0, ""model_3"": 1, ""model_6"": 1, ""model_4"": 0}"
NEW,steady10s2,81,1787640377.408634,2+2,False,False,,,line-8 placement unchanged or every candidate blocked,,,,False,[],[],0.09546541416881829,0.11968580266700536,0.11968580266700536,"[""model_5"", ""model_3"", ""model_6"", ""model_4""]","{""model_3"": 4.575220455270999, ""model_4"": 0.7558388664143627, ""model_5"": 4.8130391120623885, ""model_6"": 2.4822679594156396}",2.516981587534243e-16,"{""model_4"": 0, ""model_5"": 0, ""model_3"": 1, ""model_6"": 1}","{""model_5"": 0, ""model_3"": 1, ""model_6"": 1, ""model_4"": 0}"
NEW,steady10s2,82,1787640382.4801116,2+2,False,False,,,line-8 placement unchanged or every candidate blocked,,,,False,[],[],0.10199447536777102,0.10742342164474458,0.10742342164474458,"[""model_5"", ""model_3"", ""model_6"", ""model_4""]","{""model_3"": 4.269697861017651, ""model_4"": 0.8546524604669636, ""model_5"": 5.095091671972915, ""model_6"": 2.0647172227254837}",4.206442463707081e-16,"{""model_4"": 0, ""model_5"": 0, ""model_3"": 1, ""model_6"": 1}","{""model_5"": 0, ""model_3"": 1, ""model_6"": 1, ""model_4"": 0}"
NEW,steady10s2,83,1787640387.5635688,2+2,False,False,,,line-8 placement unchanged or every candidate blocked,,,,False,[],[],0.09631689394797047,0.10650087901571383,0.10650087901571383,"[""model_5"", ""model_3"", ""model_6"", ""model_4""]","{""model_3"": 4.146794199156291, ""model_4"": 0.8077374807765985, ""model_5"": 4.8108107058328455, ""model_6"": 2.133221500772256}",4.242879932817194e-16,"{""model_4"": 0, ""model_5"": 0, ""model_3"": 1, ""model_6"": 1}","{""model_5"": 0, ""model_3"": 1, ""model_6"": 1, ""model_4"": 0}"
NEW,steady10s2,84,1787640392.6426885,2+2,False,False,,,line-8 placement unchanged or every candidate blocked,,,,False,[],[],0.09833121688470112,0.09994682155327099,0.09994682155327099,"[""model_5"", ""model_3"", ""model_6"", ""model_4""]","{""model_3"": 3.942440252725008, ""model_4"": 0.819550839464368, ""model_5"": 4.916500829862525, ""model_6"": 1.9511036721085948}",1.5070362264674253e-16,"{""model_4"": 0, ""model_5"": 0, ""model_3"": 1, ""model_6"": 1}","{""model_5"": 0, ""model_3"": 1, ""model_6"": 1, ""model_4"": 0}"
NEW,steady10s2,85,1787640397.7335174,2+2,False,False,,,line-8 placement unchanged or every candidate blocked,,,,False,[],[],0.0837050803266873,0.0857473011336938,0.0857473011336938,"[""model_5"", ""model_3"", ""model_6"", ""model_4""]","{""model_3"": 3.5005696580292964, ""model_4"": 0.6178935537075422, ""model_5"": 4.264957294177557, ""model_6"": 1.5556740305006846}",5.269792010113828e-16,"{""model_4"": 0, ""model_5"": 0, ""model_3"": 1, ""model_6"": 1}","{""model_5"": 0, ""model_3"": 1, ""model_6"": 1, ""model_4"": 0}"
NEW,steady10s2,86,1787640403.1872356,2+2,False,False,,,line-8 placement unchanged or every candidate blocked,,,,False,[],[],0.06311673407652872,0.06603773398391591,0.06603773398391591,"[""model_5"", ""model_3"", ""model_6"", ""model_4""]","{""model_3"": 2.669821569878, ""model_4"": 0.4067301094895275, ""model_5"": 3.27512046993173, ""model_6"": 1.2242120760368544}",2.2808699165501403e-16,"{""model_4"": 0, ""model_5"": 0, ""model_3"": 1, ""model_6"": 1}","{""model_5"": 0, ""model_3"": 1, ""model_6"": 1, ""model_4"": 0}"
OLD,steady8s1,1,1787607886.452763,2+2,False,True,,MIGRATE,literal line-8 absolute delta exceeds tau,model_6,1,0,False,[],"[""model_6""]",0.000417954635885353,0.00149757812289336,0.00149757812289336,"[""model_3"", ""model_5"", ""model_6"", ""model_4""]","{""model_3"": 0.07761514834909743, ""model_4"": 1.729295786428997e-08, ""model_5"": 0.024380941906237144, ""model_6"": 0.010692228615083899}",9.073890278047359e-08,"{""model_4"": 0, ""model_5"": 0, ""model_3"": 1, ""model_6"": 1}","{""model_3"": 1, ""model_5"": 0, ""model_6"": 0, ""model_4"": 0}"
OLD,steady8s1,2,1787607891.6619616,3+1,True,True,,,migration cooldown active,,,,True,[],"[""model_4""]",0.016711471065455532,0.005796734219332193,0.016711471065455532,"[""model_3"", ""model_6"", ""model_5"", ""model_4""]","{""model_3"": 0.4246107815660831, ""model_4"": 0.08226748484684238, ""model_5"": 0.31204962846823847, ""model_6"": 0.34183624295500514}",3.016281906939588e-16,"{""model_6"": 0, ""model_4"": 0, ""model_5"": 0, ""model_3"": 1}","{""model_3"": 1, ""model_6"": 0, ""model_5"": 0, ""model_4"": 1}"
OLD,steady8s1,3,1787607896.6653106,3+1,True,True,,,migration cooldown active,,,,True,[],"[""model_4""]",0.05581612939701999,0.02646786116634258,0.05581612939701999,"[""model_3"", ""model_5"", ""model_6"", ""model_4""]","{""model_3"": 1.9387708304345939, ""model_4"": 0.3038535251419838, ""model_5"": 1.4760607199274296, ""model_6"": 0.6788298612204079}",3.612325566650213e-16,"{""model_6"": 0, ""model_4"": 0, ""model_5"": 0, ""model_3"": 1}","{""model_3"": 1, ""model_5"": 0, ""model_6"": 0, ""model_4"": 1}"
OLD,steady8s1,4,1787607901.671678,3+1,True,False,,,migration cooldown active,,,,True,[],"[""model_6""]",0.065543487837252,0.01536880788307862,0.065543487837252,"[""model_5"", ""model_3"", ""model_6"", ""model_4""]","{""model_3"": 1.1257651774355086, ""model_4"": 0.577240799239555, ""model_5"": 1.7327602466017131, ""model_6"": 0.5772407992395546}",3.0762176061328944e-16,"{""model_6"": 0, ""model_4"": 0, ""model_5"": 0, ""model_3"": 1}","{""model_5"": 0, ""model_3"": 1, ""model_6"": 1, ""model_4"": 0}"
OLD,steady8s1,5,1787607906.6784513,3+1,True,False,,,migration cooldown active,,,,True,[],"[""model_6""]",0.102496282008909,0.01917003669310741,0.102496282008909,"[""model_5"", ""model_6"", ""model_3"", ""model_4""]","{""model_3"": 1.4042051877701178, ""model_4"": 0.5005620652400713, ""model_5"": 2.4718171283607253, ""model_6"": 1.542662104111966}",4.917886466232659e-16,"{""model_6"": 0, ""model_4"": 0, ""model_5"": 0, ""model_3"": 1}","{""model_5"": 0, ""model_6"": 1, ""model_3"": 1, ""model_4"": 0}"
OLD,steady8s1,6,1787607911.7220292,3+1,True,False,,,migration cooldown active,,,,True,[],"[""model_6""]",0.12209124014769539,0.04365235693635272,0.12209124014769539,"[""model_3"", ""model_5"", ""model_6"", ""model_4""]","{""model_3"": 3.197535145587836, ""model_4"": 1.0915055703471388, ""model_5"": 3.195203371593067, ""model_6"": 1.0915055703471381}",4.954311980328863e-16,"{""model_6"": 0, ""model_4"": 0, ""model_5"": 0, ""model_3"": 1}","{""model_3"": 1, ""model_5"": 0, ""model_6"": 1, ""model_4"": 0}"
OLD,steady8s1,7,1787607916.7574716,3+1,True,False,,MIGRATE,literal line-8 absolute delta exceeds tau,model_6,0,1,False,[],"[""model_6""]",0.13361304344310304,0.045356279347601634,0.13361304344310304,"[""model_3"", ""model_5"", ""model_6"", ""model_4""]","{""model_3"": 3.322347462211819, ""model_4"": 1.2997616007038948, ""model_5"": 3.2862357474510886, ""model_6"": 1.299761600703895}",1.5090295532274963e-16,"{""model_6"": 0, ""model_4"": 0, ""model_5"": 0, ""model_3"": 1}","{""model_3"": 1, ""model_5"": 0, ""model_6"": 1, ""model_4"": 0}"
OLD,steady8s1,8,1787607923.2666855,2+2,False,True,,,migration cooldown active,,,,True,[],"[""model_6"", ""model_4""]",0.05687529324651243,0.09326589374820603,0.09326589374820603,"[""model_3"", ""model_5"", ""model_6"", ""model_4""]","{""model_3"": 3.4444081485990927, ""model_4"": 0.5486728788537614, ""model_5"": 2.7690895887118354, ""model_6"": 2.055183373242765}",9.270254230894238e-08,"{""model_4"": 0, ""model_5"": 0, ""model_3"": 1, ""model_6"": 1}","{""model_3"": 1, ""model_5"": 0, ""model_6"": 0, ""model_4"": 1}"
OLD,steady8s1,9,1787607928.2929373,2+2,False,True,,,migration cooldown active,,,,True,[],"[""model_6"", ""model_4""]",0.05440390018735159,0.07812024223155119,0.07812024223155119,"[""model_3"", ""model_5"", ""model_6"", ""model_4""]","{""model_3"": 3.0617309321589454, ""model_4"": 0.5781784808038705, ""model_5"": 2.595417782664156, ""model_6"": 1.5447699574806737}",9.424637047563637e-08,"{""model_4"": 0, ""model_5"": 0, ""model_3"": 1, ""model_6"": 1}","{""model_3"": 1, ""model_5"": 0, ""model_6"": 0, ""model_4"": 1}"
OLD,steady8s1,10,1787607933.3029346,2+2,False,True,,,migration cooldown active,,,,True,[],"[""model_6"", ""model_4""]",0.054371456653343336,0.09946354509501573,0.09946354509501573,"[""model_3"", ""model_6"", ""model_5"", ""model_4""]","{""model_3"": 3.3751747353852313, ""model_4"": 0.6992302825548586, ""model_5"": 2.4724734203072605, ""model_6"": 2.489870086219718}",3.1346387382990136e-07,"{""model_4"": 0, ""model_5"": 0, ""model_3"": 1, ""model_6"": 1}","{""model_3"": 1, ""model_6"": 0, ""model_5"": 0, ""model_4"": 1}"
OLD,steady8s1,11,1787607938.3152473,2+2,False,True,,,migration cooldown active,,,,True,[],"[""model_6"", ""model_4""]",0.050117801703505147,0.09106103632178228,0.09106103632178228,"[""model_3"", ""model_6"", ""model_5"", ""model_4""]","{""model_3"": 3.0332234912426856, ""model_4"": 0.6749524807746696, ""model_5"": 2.2486185807069465, ""model_6"": 2.336352469675646}",3.1121539074516676e-07,"{""model_4"": 0, ""model_5"": 0, ""model_3"": 1, ""model_6"": 1}","{""model_3"": 1, ""model_6"": 0, ""model_5"": 0, ""model_4"": 1}"
OLD,steady8s1,12,1787607943.3283653,2+2,False,True,,,migration cooldown active,,,,True,[],"[""model_6"", ""model_4""]",0.045004898091288534,0.09767783936803157,0.09767783936803157,"[""model_3"", ""model_6"", ""model_5"", ""model_4""]","{""model_3"": 3.866360448000431, ""model_4"": 0.7774793008575065, ""model_5"": 1.8478357211981855, ""model_6"": 1.8933869424892489}",3.3381902764147465e-07,"{""model_4"": 0, ""model_5"": 0, ""model_3"": 1, ""model_6"": 1}","{""model_3"": 1, ""model_6"": 0, ""model_5"": 0, ""model_4"": 1}"
OLD,steady8s1,13,1787607948.3370922,2+2,False,True,,MIGRATE,literal line-8 absolute delta exceeds tau,model_6,1,0,False,[],"[""model_6"", ""model_4""]",0.044228663018988444,0.09064956803604901,0.09064956803604901,"[""model_3"", ""model_5"", ""model_6"", ""model_4""]","{""model_3"": 3.6721486603343405, ""model_4"": 0.7507954301654537, ""model_5"": 1.8292387073113578, ""model_6"": 1.6731660873836174}",1.5439646155514747e-08,"{""model_4"": 0, ""model_5"": 0, ""model_3"": 1, ""model_6"": 1}","{""model_3"": 1, ""model_5"": 0, ""model_6"": 0, ""model_4"": 1}"
OLD,steady8s1,14,1787607953.3474362,3+1,True,True,,,migration cooldown active,,,,True,[],"[""model_4""]",0.09631948673422489,0.05165472058653646,0.09631948673422489,"[""model_3"", ""model_5"", ""model_6"", ""model_4""]","{""model_3"": 3.783708282963795, ""model_4"": 0.5886967512549101, ""model_5"": 2.2179528798183146, ""model_6"": 1.4362990091683911}",2.0933046685418926e-16,"{""model_6"": 0, ""model_4"": 0, ""model_5"": 0, ""model_3"": 1}","{""model_3"": 1, ""model_5"": 0, ""model_6"": 0, ""model_4"": 1}"
OLD,steady8s1,15,1787607958.3599837,3+1,True,True,,,migration cooldown active,,,,True,[],"[""model_4""]",0.09732391975932801,0.0389028043823089,0.09732391975932801,"[""model_3"", ""model_5"", ""model_6"", ""model_4""]","{""model_3"": 2.8496304210041266, ""model_4"": 0.6602110604502897, ""model_5"": 2.0406647729310055, ""model_6"": 1.586318866329413}",6.215102055617328e-16,"{""model_6"": 0, ""model_4"": 0, ""model_5"": 0, ""model_3"": 1}","{""model_3"": 1, ""model_5"": 0, ""model_6"": 0, ""model_4"": 1}"
OLD,steady8s1,16,1787607963.3746412,3+1,True,False,,,migration cooldown active,,,,True,[],"[""model_5""]",0.1219699592429563,0.030518990491270007,0.1219699592429563,"[""model_6"", ""model_5"", ""model_3"", ""model_4""]","{""model_3"": 2.2355160534855276, ""model_4"": 0.5912782747885659, ""model_5"": 2.2853863529456033, ""model_6"": 2.4962073659487114}",4.959238303524045e-16,"{""model_6"": 0, ""model_4"": 0, ""model_5"": 0, ""model_3"": 1}","{""model_6"": 0, ""model_5"": 1, ""model_3"": 1, ""model_4"": 0}"
OLD,steady8s1,17,1787607968.385793,3+1,True,False,,,migration cooldown active,,,,True,[],"[""model_5""]",0.12415600926001859,0.03221266134449655,0.12415600926001859,"[""model_6"", ""model_5"", ""model_3"", ""model_4""]","{""model_3"": 2.3595774434843726, ""model_4"": 0.5954898995876994, ""model_5"": 2.386355231574819, ""model_6"": 2.4873240736235336}",2.4359597951080476e-16,"{""model_6"": 0, ""model_4"": 0, ""model_5"": 0, ""model_3"": 1}","{""model_6"": 0, ""model_5"": 1, ""model_3"": 1, ""model_4"": 0}"
OLD,steady8s1,18,1787607973.4019547,3+1,True,False,,,migration cooldown active,,,,True,[],"[""model_5""]",0.11878960843672945,0.026332491794696638,0.11878960843672945,"[""model_6"", ""model_5"", ""model_3"", ""model_4""]","{""model_3"": 1.9288550239615285, ""model_4"": 0.5381387779911505, ""model_5"": 2.3235065433019506, ""model_6"": 2.3711297347264204}",3.3946745663313356e-16,"{""model_6"": 0, ""model_4"": 0, ""model_5"": 0, ""model_3"": 1}","{""model_6"": 0, ""model_5"": 1, ""model_3"": 1, ""model_4"": 0}"
OLD,steady8s1,19,1787607978.4184785,3+1,True,False,,MIGRATE,literal line-8 absolute delta exceeds tau,model_6,0,1,False,[],"[""model_6""]",0.11809517419853416,0.03567624780932907,0.11809517419853416,"[""model_5"", ""model_3"", ""model_6"", ""model_4""]","{""model_3"": 2.6132851520333538, ""model_4"": 1.2638972917943307, ""model_5"": 2.674390101711609, ""model_6"": 1.263897291794331}",3.414636247766583e-16,"{""model_6"": 0, ""model_4"": 0, ""model_5"": 0, ""model_3"": 1}","{""model_5"": 0, ""model_3"": 1, ""model_6"": 1, ""model_4"": 0}"
OLD,steady8s1,20,1787607985.4653628,2+2,False,False,,,migration cooldown active,,,,True,[],"[""model_3"", ""model_4""]",0.04708168636901083,0.0753107364038605,0.0753107364038605,"[""model_6"", ""model_5"", ""model_3"", ""model_4""]","{""model_3"": 2.1374896152310363, ""model_4"": 0.5590155240967505, ""model_5"": 2.187446832901781, ""model_6"": 2.303343309061175}",6.363468632740058e-09,"{""model_4"": 0, ""model_5"": 0, ""model_3"": 1, ""model_6"": 1}","{""model_6"": 1, ""model_5"": 0, ""model_3"": 0, ""model_4"": 1}"
OLD,steady8s1,21,1787607990.485943,2+2,False,True,,,migration cooldown active,,,,True,[],"[""model_6"", ""model_4""]",0.05378995964582249,0.07368409438244664,0.07368409438244664,"[""model_3"", ""model_5"", ""model_6"", ""model_4""]","{""model_3"": 2.8965611336359243, ""model_4"": 0.6491487695539583, ""model_5"": 2.4886338959573298, ""model_6"": 1.4483543109831547}",9.626218739440515e-08,"{""model_4"": 0, ""model_5"": 0, ""model_3"": 1, ""model_6"": 1}","{""model_3"": 1, ""model_5"": 0, ""model_6"": 0, ""model_4"": 1}"
OLD,steady8s1,22,1787607995.5347357,2+2,False,True,,,migration cooldown active,,,,True,[],"[""model_6"", ""model_4""]",0.055100400035520365,0.12426567300307718,0.12426567300307718,"[""model_3"", ""model_6"", ""model_5"", ""model_4""]","{""model_3"": 3.880800426631916, ""model_4"": 0.6706071909118143, ""model_5"": 2.5436186838164794, ""model_6"": 3.4467463642795457}",2.603321035246381e-07,"{""model_4"": 0, ""model_5"": 0, ""model_3"": 1, ""model_6"": 1}","{""model_3"": 1, ""model_6"": 0, ""model_5"": 0, ""model_4"": 1}"
OLD,steady8s1,23,1787608000.5548818,2+2,False,True,,,migration cooldown active,,,,True,[],"[""model_6"", ""model_4""]",0.04024979839834048,0.09103303496264022,0.09103303496264022,"[""model_3"", ""model_6"", ""model_5"", ""model_4""]","{""model_3"": 3.1460863301128055, ""model_4"": 0.7265523335871793, ""model_5"": 1.6213787772785149, ""model_6"": 2.2218384566837552}",3.157197149043789e-07,"{""model_4"": 0, ""model_5"": 0, ""model_3"": 1, ""model_6"": 1}","{""model_3"": 1, ""model_6"": 0, ""model_5"": 0, ""model_4"": 1}"
OLD,steady8s1,24,1787608005.5755424,2+2,False,True,,,migration cooldown active,,,,True,[],"[""model_6"", ""model_4""]",0.03747783092914953,0.0971506938773627,0.0971506938773627,"[""model_3"", ""model_6"", ""model_5"", ""model_4""]","{""model_3"": 3.1571465872786693, ""model_4"": 0.7053098814730991, ""model_5"": 1.4809213223568005, ""model_6"": 2.5715168787733838}",3.082881663872953e-07,"{""model_4"": 0, ""model_5"": 0, ""model_3"": 1, ""model_6"": 1}","{""model_3"": 1, ""model_6"": 0, ""model_5"": 0, ""model_4"": 1}"
OLD,steady8s1,25,1787608010.5967417,2+2,False,True,,MIGRATE,literal line-8 absolute delta exceeds tau,model_6,1,0,False,[],"[""model_6"", ""model_4""]",0.047815879268221693,0.09521854047430875,0.09521854047430875,"[""model_3"", ""model_6"", ""model_5"", ""model_4""]","{""model_3"": 3.050489456638399, ""model_4"": 0.847429255896611, ""model_5"": 1.9418614982127202, ""model_6"": 2.5642411566093286}",3.066281167378773e-07,"{""model_4"": 0, ""model_5"": 0, ""model_3"": 1, ""model_6"": 1}","{""model_3"": 1, ""model_6"": 0, ""model_5"": 0, ""model_4"": 1}"
OLD,steady8s1,26,1787608016.0123277,3+1,True,True,,,migration cooldown active,,,,True,[],"[""model_4""]",0.11362908280590006,0.05413934178468586,0.11362908280590006,"[""model_3"", ""model_6"", ""model_5"", ""model_4""]","{""model_3"": 3.965706785728239, ""model_4"": 0.767428989098189, ""model_5"": 1.8753484976854136, ""model_6"": 2.3626723835372365}",1.7744227646079585e-16,"{""model_6"": 0, ""model_4"": 0, ""model_5"": 0, ""model_3"": 1}","{""model_3"": 1, ""model_6"": 0, ""model_5"": 0, ""model_4"": 1}"
OLD,steady8s1,27,1787608021.0344565,3+1,True,True,,,migration cooldown active,,,,True,[],"[""model_4""]",0.08700348336708087,0.05606882238652136,0.08700348336708087,"[""model_3"", ""model_5"", ""model_6"", ""model_4""]","{""model_3"": 4.107041239812688, ""model_4"": 0.6541067723592772, ""model_5"": 1.6775826478447544, ""model_6"": 1.5008819935872602}",4.3251497505811873e-16,"{""model_6"": 0, ""model_4"": 0, ""model_5"": 0, ""model_3"": 1}","{""model_3"": 1, ""model_5"": 0, ""model_6"": 0, ""model_4"": 1}"
OLD,steady8s1,28,1787608026.0577226,3+1,True,True,,,migration cooldown active,,,,True,[],"[""model_4""]",0.09880158468822066,0.04634031900541879,0.09880158468822066,"[""model_3"", ""model_6"", ""model_5"", ""model_4""]","{""model_3"": 3.394428367146926, ""model_4"": 0.6277441020782212, ""model_5"": 1.778066411381984, ""model_6"": 1.9464764807939519}",1.5305374292975546e-16,"{""model_6"": 0, ""model_4"": 0, ""model_5"": 0, ""model_3"": 1}","{""model_3"": 1, ""model_6"": 0, ""model_5"": 0, ""model_4"": 1}"
OLD,steady8s1,29,1787608031.0781612,3+1,True,False,,,migration cooldown active,,,,True,[],"[""model_6""]",0.10985555365890357,0.032862810085711465,0.10985555365890357,"[""model_3"", ""model_5"", ""model_6"", ""model_4""]","{""model_3"": 2.4072008387783645, ""model_4"": 1.3289550332931845, ""model_5"": 2.181312896739628, ""model_6"": 1.3289550332931848}",9.176870196219273e-17,"{""model_6"": 0, ""model_4"": 0, ""model_5"": 0, ""model_3"": 1}","{""model_3"": 1, ""model_5"": 0, ""model_6"": 1, ""model_4"": 0}"
OLD,steady8s1,30,1787608036.125415,3+1,True,True,,,migration cooldown active,,,,True,[],"[""model_4""]",0.11559197457272663,0.05542118673908358,0.11559197457272663,"[""model_3"", ""model_5"", ""model_6"", ""model_4""]","{""model_3"": 4.05960192863787, ""model_4"": 0.7416268277722816, ""model_5"": 2.337213141512819, ""model_6"": 2.01307681687364}",3.488581832737107e-16,"{""model_6"": 0, ""model_4"": 0, ""model_5"": 0, ""model_3"": 1}","{""model_3"": 1, ""model_5"": 0, ""model_6"": 0, ""model_4"": 1}"
OLD,steady8s1,31,1787608041.1625383,3+1,True,True,,MIGRATE,literal line-8 absolute delta exceeds tau,model_4,0,1,False,[],"[""model_4""]",0.1144246268957779,0.04570802661197252,0.1144246268957779,"[""model_3"", ""model_5"", ""model_6"", ""model_4""]","{""model_3"": 3.3481129493269868, ""model_4"": 0.8931599191157402, ""model_5"": 2.194053563219505, ""model_6"": 1.953280726663532}",3.524171967560098e-16,"{""model_6"": 0, ""model_4"": 0, ""model_5"": 0, ""model_3"": 1}","{""model_3"": 1, ""model_5"": 0, ""model_6"": 0, ""model_4"": 1}"
OLD,steady8s1,32,1787608046.183672,2+2,True,False,,,migration cooldown active,,,,True,[],"[""model_6"", ""model_4""]",0.10551025401520113,0.06483411245743044,0.10551025401520113,"[""model_3"", ""model_5"", ""model_6"", ""model_4""]","{""model_3"": 3.2949280234350242, ""model_4"": 1.0758028859022266, ""model_5"": 3.1199248020177937, ""model_6"": 2.1436348927379356}",1.2366166746941486e-07,"{""model_6"": 0, ""model_5"": 0, ""model_3"": 1, ""model_4"": 1}","{""model_3"": 1, ""model_5"": 0, ""model_6"": 1, ""model_4"": 0}"
OLD,steady8s1,33,1787608051.2076411,2+2,True,False,,,migration cooldown active,,,,True,[],"[""model_6"", ""model_4""]",0.10864875378046496,0.05971200511643494,0.10864875378046496,"[""model_5"", ""model_3"", ""model_6"", ""model_4""]","{""model_3"": 3.009391354410255, ""model_4"": 1.016037490509413, ""model_5"": 3.0141022314581916, ""model_6"": 2.40602682895929}",1.4058087186591637e-07,"{""model_6"": 0, ""model_5"": 0, ""model_3"": 1, ""model_4"": 1}","{""model_5"": 0, ""model_3"": 1, ""model_6"": 1, ""model_4"": 0}"
OLD,steady8s1,34,1787608056.2310472,2+2,True,False,,,migration cooldown active,,,,True,[],"[""model_5"", ""model_4""]",0.09703640061614904,0.05336154095270553,0.09703640061614904,"[""model_3"", ""model_6"", ""model_5"", ""model_4""]","{""model_3"": 2.6265541105684926, ""model_4"": 0.9707641463135102, ""model_5"": 2.4187007378540777, ""model_6"": 2.422126268899131}",1.2274841315926657e-07,"{""model_6"": 0, ""model_5"": 0, ""model_3"": 1, ""model_4"": 1}","{""model_3"": 1, ""model_6"": 0, ""model_5"": 1, ""model_4"": 0}"
OLD,steady8s1,35,1787608061.2541757,2+2,True,True,,,migration cooldown active,,,,True,[],[],0.09283683238537474,0.05611511433668637,0.09283683238537474,"[""model_3"", ""model_6"", ""model_5"", ""model_4""]","{""model_3"": 2.9675762595318034, ""model_4"": 0.8153715655562185, ""model_5"": 2.2692206379922273, ""model_6"": 2.3621043088578526}",2.876644685569531e-16,"{""model_6"": 0, ""model_5"": 0, ""model_3"": 1, ""model_4"": 1}","{""model_3"": 1, ""model_6"": 0, ""model_5"": 0, ""model_4"": 1}"
OLD,steady8s1,36,1787608066.3143923,2+2,True,False,,,migration cooldown active,,,,True,[],"[""model_5"", ""model_4""]",0.0915697338384529,0.048211458889099786,0.0915697338384529,"[""model_6"", ""model_3"", ""model_5"", ""model_4""]","{""model_3"": 2.5749484064747685, ""model_4"": 0.675181896291186, ""model_5"": 1.8783480177758942, ""model_6"": 2.6897649289209693}",1.3382206652129755e-07,"{""model_6"": 0, ""model_5"": 0, ""model_3"": 1, ""model_4"": 1}","{""model_6"": 0, ""model_3"": 1, ""model_5"": 1, ""model_4"": 0}"
OLD,steady8s1,37,1787608071.362527,2+2,True,True,,,line-8 placement unchanged or every candidate blocked,,,,False,[],[],0.09025590252294144,0.05908217658588231,0.09025590252294144,"[""model_3"", ""model_6"", ""model_5"", ""model_4""]","{""model_3"": 3.3486103232273496, ""model_4"": 0.6343592217693578, ""model_5"": 2.0875277940419528, ""model_6"": 2.4150430306474413}",2.9589043269343637e-16,"{""model_6"": 0, ""model_5"": 0, ""model_3"": 1, ""model_4"": 1}","{""model_3"": 1, ""model_6"": 0, ""model_5"": 0, ""model_4"": 1}"
OLD,steady8s1,38,1787608076.3882182,2+2,True,False,,MIGRATE,literal line-8 absolute delta exceeds tau,model_5,0,1,False,[],"[""model_5"", ""model_4""]",0.08552989334691563,0.05432700562657915,0.08552989334691563,"[""model_3"", ""model_6"", ""model_5"", ""model_4""]","{""model_3"": 3.0817761052975126, ""model_4"": 0.580628047450549, ""model_5"": 1.4519535698324049, ""model_6"": 2.8148517223894887}",9.746792613976669e-08,"{""model_6"": 0, ""model_5"": 0, ""model_3"": 1, ""model_4"": 1}","{""model_3"": 1, ""model_6"": 0, ""model_5"": 1, ""model_4"": 0}"
OLD,steady8s1,39,1787608081.4134288,1+3,False,True,,,migration cooldown active,,,,True,"[{""model"": ""model_5"", ""reason"": ""target memory infeasible"", ""need_gib"": 21.538958125, ""weights_gib"": 15.080078125, ""reserve_gib"": 6.45888, ""free_gib"": 21.35546875}]","[""model_5""]",0.04759137640749396,0.09816439865437712,0.09816439865437712,"[""model_3"", ""model_6"", ""model_5"", ""model_4""]","{""model_3"": 3.6067808098919314, ""model_4"": 0.7652766477337558, ""model_5"": 0.765276647733756, ""model_6"": 3.091859284067327}",8.644351345316894e-17,"{""model_6"": 0, ""model_3"": 1, ""model_4"": 1, ""model_5"": 1}","{""model_3"": 1, ""model_6"": 0, ""model_5"": 0, ""model_4"": 1}"
OLD,steady8s1,40,1787608086.4396572,1+3,False,True,,,migration cooldown active,,,,True,"[{""model"": ""model_5"", ""reason"": ""target memory infeasible"", ""need_gib"": 21.538958125, ""weights_gib"": 15.080078125, ""reserve_gib"": 6.45888, ""free_gib"": 21.35546875}]","[""model_5""]",0.04004906151491187,0.10651253539372914,0.10651253539372914,"[""model_3"", ""model_6"", ""model_5"", ""model_4""]","{""model_3"": 3.340653519143522, ""model_4"": 1.1167859219467657, ""model_5"": 1.1167859219467662, ""model_6"": 2.601859244473659}",7.966832715355189e-17,"{""model_6"": 0, ""model_3"": 1, ""model_4"": 1, ""model_5"": 1}","{""model_3"": 1, ""model_6"": 0, ""model_5"": 0, ""model_4"": 1}"
OLD,steady8s1,41,1787608091.4676073,1+3,False,True,,,migration cooldown active,,,,True,"[{""model"": ""model_5"", ""reason"": ""target memory infeasible"", ""need_gib"": 21.538958125, ""weights_gib"": 15.080078125, ""reserve_gib"": 6.45888, ""free_gib"": 21.35546875}]","[""model_5""]",0.03701572032429999,0.1014293634262352,0.1014293634262352,"[""model_3"", ""model_6"", ""model_5"", ""model_4""]","{""model_3"": 3.0129702488784886, ""model_4"": 1.1476162359181499, ""model_5"": 1.1476162359181503, ""model_6"": 2.404792783490606}",8.366093633105683e-17,"{""model_6"": 0, ""model_3"": 1, ""model_4"": 1, ""model_5"": 1}","{""model_3"": 1, ""model_6"": 0, ""model_5"": 0, ""model_4"": 1}"
OLD,steady8s1,42,1787608096.497396,1+3,False,True,,,migration cooldown active,,,,True,"[{""model"": ""model_5"", ""reason"": ""target memory infeasible"", ""need_gib"": 21.538958125, ""weights_gib"": 15.080078125, ""reserve_gib"": 6.45888, ""free_gib"": 21.35546875}]","[""model_5""]",0.03619945704531816,0.10154279937932958,0.10154279937932958,"[""model_3"", ""model_6"", ""model_5"", ""model_4""]","{""model_3"": 2.9340112036403476, ""model_4"": 1.1900640362356227, ""model_5"": 1.1900640362356232, ""model_6"": 2.3517627728484722}",8.356747664600294e-17,"{""model_6"": 0, ""model_3"": 1, ""model_4"": 1, ""model_5"": 1}","{""model_3"": 1, ""model_6"": 0, ""model_5"": 0, ""model_4"": 1}"
OLD,steady8s1,43,1787608101.5289423,1+3,False,True,,,migration cooldown active,,,,True,[],"[""model_5""]",0.03207022913016756,0.11545886864994624,0.11545886864994624,"[""model_3"", ""model_6"", ""model_5"", ""model_4""]","{""model_3"": 3.5614303441478814, ""model_4"": 1.2404961418667912, ""model_5"": 1.2404961418667915, ""model_6"": 2.0835000616343033}",7.349522487899276e-17,"{""model_6"": 0, ""model_3"": 1, ""model_4"": 1, ""model_5"": 1}","{""model_3"": 1, ""model_6"": 0, ""model_5"": 0, ""model_4"": 1}"
OLD,steady8s1,44,1787608106.5621896,1+3,False,True,,MIGRATE,literal line-8 absolute delta exceeds tau,model_5,1,0,False,[],"[""model_5""]",0.030431113579730468,0.11330010290233684,0.11330010290233684,"[""model_3"", ""model_6"", ""model_5"", ""model_4""]","{""model_3"": 3.207704343301592, ""model_4"": 1.3608707358375978, ""model_5"": 1.3608707358375982, ""model_6"": 1.9770119746144033}",1.497911351945801e-16,"{""model_6"": 0, ""model_3"": 1, ""model_4"": 1, ""model_5"": 1}","{""model_3"": 1, ""model_6"": 0, ""model_5"": 0, ""model_4"": 1}"
OLD,steady8s1,45,1787608113.3873432,2+2,True,True,,,migration cooldown active,,,,True,[],[],0.06567642204299426,0.04719185972048465,0.06567642204299426,"[""model_3"", ""model_5"", ""model_6"", ""model_4""]","{""model_3"": 2.502989023462748, ""model_4"": 0.6784059572252381, ""model_5"": 1.6555337208930423, ""model_6"": 1.6208474740721128}",4.0662778543519165e-16,"{""model_6"": 0, ""model_5"": 0, ""model_3"": 1, ""model_4"": 1}","{""model_3"": 1, ""model_5"": 0, ""model_6"": 0, ""model_4"": 1}"
OLD,steady8s1,46,1787608118.417168,2+2,True,True,,,migration cooldown active,,,,True,[],[],0.07118168085101108,0.06906364040682426,0.07118168085101108,"[""model_3"", ""model_5"", ""model_6"", ""model_4""]","{""model_3"": 3.7522358208166597, ""model_4"": 0.9036247500465172, ""model_5"": 1.9917712829428673, ""model_6"": 1.5592492098237838}",1.907656825589734e-16,"{""model_6"": 0, ""model_5"": 0, ""model_3"": 1, ""model_4"": 1}","{""model_3"": 1, ""model_5"": 0, ""model_6"": 0, ""model_4"": 1}"
OLD,steady8s1,47,1787608123.453258,2+2,True,True,,,migration cooldown active,,,,True,[],[],0.09067402691056826,0.05574490257929413,0.09067402691056826,"[""model_3"", ""model_5"", ""model_6"", ""model_4""]","{""model_3"": 2.939737103549297, ""model_4"": 0.818253242987649, ""model_5"": 2.5033692936734337, ""model_6"": 2.0200603847440175}",1.9635066373152062e-16,"{""model_6"": 0, ""model_5"": 0, ""model_3"": 1, ""model_4"": 1}","{""model_3"": 1, ""model_5"": 0, ""model_6"": 0, ""model_4"": 1}"
OLD,steady8s1,48,1787608128.4878979,2+2,True,False,,,migration cooldown active,,,,True,[],"[""model_6""]",0.08004864029052193,0.042782697746850964,0.08004864029052193,"[""model_5"", ""model_3"", ""model_6"", ""model_4""]","{""model_3"": 2.1128412655608897, ""model_4"": 0.7713141942639286, ""model_5"": 2.156686365013389, ""model_6"": 1.8366770601523628}",1.4507253367663254e-07,"{""model_6"": 0, ""model_5"": 0, ""model_3"": 1, ""model_4"": 1}","{""model_5"": 0, ""model_3"": 1, ""model_6"": 1, ""model_4"": 1}"
OLD,steady8s1,49,1787608133.777514,2+2,True,True,,,migration cooldown active,,,,True,[],[],0.08617405510848099,0.04711420808448062,0.08617405510848099,"[""model_3"", ""model_6"", ""model_5"", ""model_4""]","{""model_3"": 2.5878622468887262, ""model_4"": 0.5882979215564568, ""model_5"": 2.1244081996465103, ""model_6"": 2.1745326510972802}",4.132080205506688e-16,"{""model_6"": 0, ""model_5"": 0, ""model_3"": 1, ""model_4"": 1}","{""model_3"": 1, ""model_6"": 0, ""model_5"": 0, ""model_4"": 1}"
OLD,steady8s1,50,1787608138.8126953,2+2,True,False,,MIGRATE,literal line-8 absolute delta exceeds tau,model_5,0,1,False,[],"[""model_5""]",0.07716719463107849,0.03236939408046407,0.07716719463107849,"[""model_6"", ""model_3"", ""model_5"", ""model_4""]","{""model_3"": 1.8488928222738488, ""model_4"": 0.3332595333536841, ""model_5"": 1.731945199310573, ""model_6"": 2.1176723602505256}",1.495540607923236e-07,"{""model_6"": 0, ""model_5"": 0, ""model_3"": 1, ""model_4"": 1}","{""model_6"": 0, ""model_3"": 1, ""model_5"": 1, ""model_4"": 1}"
OLD,steady8s1,51,1787608143.8460073,1+3,False,False,,,migration cooldown active,,,,True,"[{""model"": ""model_4"", ""reason"": ""target memory infeasible"", ""need_gib"": 12.2948175, ""weights_gib"": 5.8359375, ""reserve_gib"": 6.45888, ""free_gib"": 6.84765625}]","[""model_4""]",0.05112517188885607,0.07583912541463379,0.07583912541463379,"[""model_6"", ""model_3"", ""model_5"", ""model_4""]","{""model_3"": 2.249588957394305, ""model_4"": 0.5072844785830002, ""model_5"": 1.2120901684858054, ""model_6"": 3.3214386573027714}",2.2378094339322394e-16,"{""model_6"": 0, ""model_3"": 1, ""model_4"": 1, ""model_5"": 1}","{""model_6"": 0, ""model_3"": 1, ""model_5"": 1, ""model_4"": 0}"
OLD,steady8s1,52,1787608148.881725,1+3,False,False,,,migration cooldown active,,,,True,"[{""model"": ""model_4"", ""reason"": ""target memory infeasible"", ""need_gib"": 12.2948175, ""weights_gib"": 5.8359375, ""reserve_gib"": 6.45888, ""free_gib"": 6.84765625}]","[""model_4""]",0.03134149890435016,0.08175053903158494,0.08175053903158494,"[""model_6"", ""model_3"", ""model_5"", ""model_4""]","{""model_3"": 2.0267394140789627, ""model_4"": 0.5891150615996636, ""model_5"": 1.6624769566481683, ""model_6"": 2.0361567930769513}",2.0759925539875358e-16,"{""model_6"": 0, ""model_3"": 1, ""model_4"": 1, ""model_5"": 1}","{""model_6"": 0, ""model_3"": 1, ""model_5"": 1, ""model_4"": 0}"
OLD,steady8s1,53,1787608153.980982,1+3,False,False,,,migration cooldown active,,,,True,"[{""model"": ""model_4"", ""reason"": ""target memory infeasible"", ""need_gib"": 12.2948175, ""weights_gib"": 5.8359375, ""reserve_gib"": 6.45888, ""free_gib"": 6.84765625}]","[""model_4""]",0.032954491812970985,0.0913256506124187,0.0913256506124187,"[""model_3"", ""model_6"", ""model_5"", ""model_4""]","{""model_3"": 2.5272825724764716, ""model_4"": 0.4947582241294657, ""model_5"": 1.7573943755810932, ""model_6"": 2.140947775732136}",1.858333438370924e-16,"{""model_6"": 0, ""model_3"": 1, ""model_4"": 1, ""model_5"": 1}","{""model_3"": 1, ""model_6"": 0, ""model_5"": 1, ""model_4"": 0}"
OLD,steady8s1,54,1787608159.0172186,1+3,False,False,,,migration cooldown active,,,,True,"[{""model"": ""model_4"", ""reason"": ""target memory infeasible"", ""need_gib"": 12.2948175, ""weights_gib"": 5.8359375, ""reserve_gib"": 6.45888, ""free_gib"": 6.84765625}]","[""model_4""]",0.03195685504227923,0.1155983080736291,0.1155983080736291,"[""model_3"", ""model_5"", ""model_6"", ""model_4""]","{""model_3"": 3.365945771100481, ""model_4"": 0.5893317966573859, ""model_5"": 2.0944424807438775, ""model_6"": 2.0761345102955735}",4.4043943153373973e-16,"{""model_6"": 0, ""model_3"": 1, ""model_4"": 1, ""model_5"": 1}","{""model_3"": 1, ""model_5"": 1, ""model_6"": 0, ""model_4"": 0}"
OLD,steady8s1,55,1787608164.0556777,1+3,False,False,,,migration cooldown active,,,,True,"[{""model"": ""model_4"", ""reason"": ""target memory infeasible"", ""need_gib"": 12.2948175, ""weights_gib"": 5.8359375, ""reserve_gib"": 6.45888, ""free_gib"": 6.84765625}]","[""model_4""]",0.031194439439576758,0.12014370338343687,0.12014370338343687,"[""model_3"", ""model_6"", ""model_5"", ""model_4""]","{""model_3"": 3.6656520581092273, ""model_4"": 0.6016109288189146, ""model_5"": 2.02033570869528, ""model_6"": 2.0266028107004717}",1.4125876390908273e-16,"{""model_6"": 0, ""model_3"": 1, ""model_4"": 1, ""model_5"": 1}","{""model_3"": 1, ""model_6"": 0, ""model_5"": 1, ""model_4"": 0}"
OLD,steady8s1,56,1787608169.0915508,1+3,False,False,,,line-8 placement unchanged or every candidate blocked,,,,False,"[{""model"": ""model_4"", ""reason"": ""target memory infeasible"", ""need_gib"": 12.2948175, ""weights_gib"": 5.8359375, ""reserve_gib"": 6.45888, ""free_gib"": 6.84765625}]","[""model_4""]",0.031185248331991145,0.13214260223493324,0.13214260223493324,"[""model_3"", ""model_5"", ""model_6"", ""model_4""]","{""model_3"": 3.3766171646491805, ""model_4"": 0.7140790755392667, ""model_5"": 2.824852640446392, ""model_6"": 2.026005693880901}",3.8529628017838196e-16,"{""model_6"": 0, ""model_3"": 1, ""model_4"": 1, ""model_5"": 1}","{""model_3"": 1, ""model_5"": 1, ""model_6"": 0, ""model_4"": 0}"
OLD,steady8s1,57,1787608174.1294732,1+3,False,False,,,line-8 placement unchanged or every candidate blocked,,,,False,"[{""model"": ""model_4"", ""reason"": ""target memory infeasible"", ""need_gib"": 12.2948175, ""weights_gib"": 5.8359375, ""reserve_gib"": 6.45888, ""free_gib"": 6.84765625}]","[""model_4""]",0.029662958536628047,0.12003831784739365,0.12003831784739365,"[""model_3"", ""model_5"", ""model_6"", ""model_4""]","{""model_3"": 3.1476428411820416, ""model_4"": 0.6908331966700696, ""model_5"": 2.4436074127746736, ""model_6"": 1.927107401960661}",4.241483386908091e-16,"{""model_6"": 0, ""model_3"": 1, ""model_4"": 1, ""model_5"": 1}","{""model_3"": 1, ""model_5"": 1, ""model_6"": 0, ""model_4"": 0}"
OLD,steady8s1,58,1787608179.1678255,1+3,False,False,,,line-8 placement unchanged or every candidate blocked,,,,False,"[{""model"": ""model_4"", ""reason"": ""target memory infeasible"", ""need_gib"": 12.2948175, ""weights_gib"": 5.8359375, ""reserve_gib"": 6.45888, ""free_gib"": 6.84765625}]","[""model_4""]",0.028382173107994336,0.11739734944665263,0.11739734944665263,"[""model_3"", ""model_5"", ""model_6"", ""model_4""]","{""model_3"": 3.33643535925202, ""model_4"": 0.6079287296739628, ""model_5"": 2.1995069626815535, ""model_6"": 1.8438988751781553}",5.782532948621927e-16,"{""model_6"": 0, ""model_3"": 1, ""model_4"": 1, ""model_5"": 1}","{""model_3"": 1, ""model_5"": 1, ""model_6"": 0, ""model_4"": 0}"
OLD,steady8s1,59,1787608184.2144692,1+3,False,False,,,line-8 placement unchanged or every candidate blocked,,,,False,"[{""model"": ""model_4"", ""reason"": ""target memory infeasible"", ""need_gib"": 12.2948175, ""weights_gib"": 5.8359375, ""reserve_gib"": 6.45888, ""free_gib"": 6.84765625}]","[""model_4""]",0.03709276382749393,0.11835172806360401,0.11835172806360401,"[""model_3"", ""model_6"", ""model_5"", ""model_4""]","{""model_3"": 3.5416512808642993, ""model_4"": 0.4783822883020945, ""model_5"": 2.173783918068509, ""model_6"": 2.4097980531131453}",1.4339757694355854e-16,"{""model_6"": 0, ""model_3"": 1, ""model_4"": 1, ""model_5"": 1}","{""model_3"": 1, ""model_6"": 0, ""model_5"": 1, ""model_4"": 0}"
OLD,steady8s1,60,1787608189.2565873,1+3,False,False,,,line-8 placement unchanged or every candidate blocked,,,,False,"[{""model"": ""model_4"", ""reason"": ""target memory infeasible"", ""need_gib"": 12.2948175, ""weights_gib"": 5.8359375, ""reserve_gib"": 6.45888, ""free_gib"": 6.84765625}]","[""model_4""]",0.027389625753580997,0.11669923457375173,0.11669923457375173,"[""model_3"", ""model_5"", ""model_6"", ""model_4""]","{""model_3"": 3.2195573428509756, ""model_4"": 0.4621126756775249, ""model_5"": 2.4256659002286836, ""model_6"": 1.779416252815165}",4.362843790722089e-16,"{""model_6"": 0, ""model_3"": 1, ""model_4"": 1, ""model_5"": 1}","{""model_3"": 1, ""model_5"": 1, ""model_6"": 0, ""model_4"": 0}"
OLD,steady8s1,61,1787608194.3001518,1+3,False,False,,,line-8 placement unchanged or every candidate blocked,,,,False,"[{""model"": ""model_4"", ""reason"": ""target memory infeasible"", ""need_gib"": 12.2948175, ""weights_gib"": 5.8359375, ""reserve_gib"": 6.45888, ""free_gib"": 6.84765625}]","[""model_4""]",0.03276649753911226,0.12761832154665212,0.12761832154665212,"[""model_3"", ""model_5"", ""model_6"", ""model_4""]","{""model_3"": 3.5231232051253425, ""model_4"": 0.6829714922408043, ""model_5"": 2.472680548420072, ""model_6"": 2.128734389928693}",2.6597044727938586e-16,"{""model_6"": 0, ""model_3"": 1, ""model_4"": 1, ""model_5"": 1}","{""model_3"": 1, ""model_5"": 1, ""model_6"": 0, ""model_4"": 0}"
OLD,steady8s1,62,1787608199.3398979,1+3,False,False,,,line-8 placement unchanged or every candidate blocked,,,,False,"[{""model"": ""model_4"", ""reason"": ""target memory infeasible"", ""need_gib"": 12.2948175, ""weights_gib"": 5.8359375, ""reserve_gib"": 6.45888, ""free_gib"": 6.84765625}]","[""model_4""]",0.029376828453781915,0.1473458551318828,0.1473458551318828,"[""model_3"", ""model_5"", ""model_6"", ""model_4""]","{""model_3"": 3.9607141492423454, ""model_4"": 0.707303376225656, ""model_5"": 3.043178154724967, ""model_6"": 1.9085184469885697}",1.7277056435907336e-16,"{""model_6"": 0, ""model_3"": 1, ""model_4"": 1, ""model_5"": 1}","{""model_3"": 1, ""model_5"": 1, ""model_6"": 0, ""model_4"": 0}"
OLD,steady8s1,63,1787608204.4022338,1+3,False,False,,,line-8 placement unchanged or every candidate blocked,,,,False,"[{""model"": ""model_4"", ""reason"": ""target memory infeasible"", ""need_gib"": 12.2948175, ""weights_gib"": 5.8359375, ""reserve_gib"": 6.45888, ""free_gib"": 6.84765625}]","[""model_4""]",0.02905955381782991,0.15036560867549362,0.15036560867549362,"[""model_3"", ""model_5"", ""model_6"", ""model_4""]","{""model_3"": 3.8387616686987514, ""model_4"": 0.5446046253544452, ""model_5"": 3.4858651209074543, ""model_6"": 1.887906130161086}",4.514689543944829e-16,"{""model_6"": 0, ""model_3"": 1, ""model_4"": 1, ""model_5"": 1}","{""model_3"": 1, ""model_5"": 1, ""model_6"": 0, ""model_4"": 0}"
OLD,steady8s1,64,1787608209.4637525,1+3,False,False,,,line-8 placement unchanged or every candidate blocked,,,,False,"[{""model"": ""model_4"", ""reason"": ""target memory infeasible"", ""need_gib"": 12.2948175, ""weights_gib"": 5.8359375, ""reserve_gib"": 6.45888, ""free_gib"": 6.84765625}]","[""model_4""]",0.037058846798396446,0.1427449127761874,0.1427449127761874,"[""model_3"", ""model_5"", ""model_6"", ""model_4""]","{""model_3"": 3.8453604567855417, ""model_4"": 0.7079222855821925, ""model_5"": 2.917127292471998, ""model_6"": 2.4075945723731653}",4.755714428300081e-16,"{""model_6"": 0, ""model_3"": 1, ""model_4"": 1, ""model_5"": 1}","{""model_3"": 1, ""model_5"": 1, ""model_6"": 0, ""model_4"": 0}"
OLD,steady8s1,65,1787608214.5074666,1+3,False,False,,,line-8 placement unchanged or every candidate blocked,,,,False,"[{""model"": ""model_4"", ""reason"": ""target memory infeasible"", ""need_gib"": 12.2948175, ""weights_gib"": 5.8359375, ""reserve_gib"": 6.45888, ""free_gib"": 6.84765625}]","[""model_4""]",0.028993709191235374,0.15047970810790412,0.15047970810790412,"[""model_3"", ""model_5"", ""model_6"", ""model_4""]","{""model_3"": 4.216828368779522, ""model_4"": 0.7437361449678166, ""model_5"": 2.914638179126276, ""model_6"": 1.8836284156798087}",1.1278165836973959e-16,"{""model_6"": 0, ""model_3"": 1, ""model_4"": 1, ""model_5"": 1}","{""model_3"": 1, ""model_5"": 1, ""model_6"": 0, ""model_4"": 0}"
OLD,steady8s1,66,1787608219.8479488,1+3,False,False,,,line-8 placement unchanged or every candidate blocked,,,,False,"[{""model"": ""model_4"", ""reason"": ""target memory infeasible"", ""need_gib"": 12.2948175, ""weights_gib"": 5.8359375, ""reserve_gib"": 6.45888, ""free_gib"": 6.84765625}]","[""model_4""]",0.033301974114418785,0.1256697779053434,0.1256697779053434,"[""model_3"", ""model_5"", ""model_6"", ""model_4""]","{""model_3"": 3.3139714086095142, ""model_4"": 0.696545326210213, ""model_5"": 2.5662834584882335, ""model_6"": 2.163522587827953}",1.350471952308763e-16,"{""model_6"": 0, ""model_3"": 1, ""model_4"": 1, ""model_5"": 1}","{""model_3"": 1, ""model_5"": 1, ""model_6"": 0, ""model_4"": 0}"
OLD,steady8s1,67,1787608224.9251523,1+3,False,False,,,line-8 placement unchanged or every candidate blocked,,,,False,"[{""model"": ""model_4"", ""reason"": ""target memory infeasible"", ""need_gib"": 12.2948175, ""weights_gib"": 5.8359375, ""reserve_gib"": 6.45888, ""free_gib"": 6.84765625}]","[""model_4""]",0.04312861821815173,0.1170849981141862,0.1170849981141862,"[""model_3"", ""model_6"", ""model_5"", ""model_4""]","{""model_3"": 3.198892126460125, ""model_4"": 0.5543342236263009, ""model_5"": 2.374298111768299, ""model_6"": 2.8019281792780877}",1.4494897984157287e-16,"{""model_6"": 0, ""model_3"": 1, ""model_4"": 1, ""model_5"": 1}","{""model_3"": 1, ""model_6"": 0, ""model_5"": 1, ""model_4"": 0}"
OLD,steady8s1,68,1787608229.9937372,1+3,False,False,,,line-8 placement unchanged or every candidate blocked,,,,False,"[{""model"": ""model_4"", ""reason"": ""target memory infeasible"", ""need_gib"": 12.2948175, ""weights_gib"": 5.8359375, ""reserve_gib"": 6.45888, ""free_gib"": 6.84765625}]","[""model_4""]",0.03284080984107197,0.10885099380855238,0.10885099380855238,"[""model_3"", ""model_5"", ""model_6"", ""model_4""]","{""model_3"": 2.9301332830169127, ""model_4"": 0.5105467757083693, ""model_5"": 2.255926150454722, ""model_6"": 2.133562222155423}",3.1182721328668916e-16,"{""model_6"": 0, ""model_3"": 1, ""model_4"": 1, ""model_5"": 1}","{""model_3"": 1, ""model_5"": 1, ""model_6"": 0, ""model_4"": 0}"
OLD,steady8s1,69,1787608235.042235,1+3,False,False,,,line-8 placement unchanged or every candidate blocked,,,,False,"[{""model"": ""model_4"", ""reason"": ""target memory infeasible"", ""need_gib"": 12.2948175, ""weights_gib"": 5.8359375, ""reserve_gib"": 6.45888, ""free_gib"": 6.84765625}]","[""model_4""]",0.02818037108722806,0.12105516920473915,0.12105516920473915,"[""model_3"", ""model_5"", ""model_6"", ""model_4""]","{""model_3"": 3.0859407988477083, ""model_4"": 0.5490642275314026, ""model_5"": 2.7002943072946897, ""model_6"": 1.830788444286068}",1.4019517830502828e-16,"{""model_6"": 0, ""model_3"": 1, ""model_4"": 1, ""model_5"": 1}","{""model_3"": 1, ""model_5"": 1, ""model_6"": 0, ""model_4"": 0}"
OLD,steady8s1,70,1787608240.1090357,1+3,False,False,,,line-8 placement unchanged or every candidate blocked,,,,False,"[{""model"": ""model_4"", ""reason"": ""target memory infeasible"", ""need_gib"": 12.2948175, ""weights_gib"": 5.8359375, ""reserve_gib"": 6.45888, ""free_gib"": 6.84765625}]","[""model_4""]",0.031294976692290914,0.10193676795303988,0.10193676795303988,"[""model_3"", ""model_5"", ""model_6"", ""model_4""]","{""model_3"": 2.5972866921615196, ""model_4"": 0.4993058549740925, ""model_5"": 2.2381646741567782, ""model_6"": 2.0331343939759225}",1.6648900462708529e-16,"{""model_6"": 0, ""model_3"": 1, ""model_4"": 1, ""model_5"": 1}","{""model_3"": 1, ""model_5"": 1, ""model_6"": 0, ""model_4"": 0}"
OLD,steady8s1,71,1787608245.155765,1+3,False,False,,,line-8 placement unchanged or every candidate blocked,,,,False,"[{""model"": ""model_4"", ""reason"": ""target memory infeasible"", ""need_gib"": 12.2948175, ""weights_gib"": 5.8359375, ""reserve_gib"": 6.45888, ""free_gib"": 6.84765625}]","[""model_4""]",0.03542723999365172,0.11719516494719165,0.11719516494719165,"[""model_3"", ""model_5"", ""model_6"", ""model_4""]","{""model_3"": 3.138395207132141, ""model_4"": 0.5884647128881912, ""model_5"": 2.4064300111515444, ""model_6"": 2.301594304509447}",2.896254472452186e-16,"{""model_6"": 0, ""model_3"": 1, ""model_4"": 1, ""model_5"": 1}","{""model_3"": 1, ""model_5"": 1, ""model_6"": 0, ""model_4"": 0}"
OLD,steady8s1,72,1787608250.2041368,1+3,False,False,,,line-8 placement unchanged or every candidate blocked,,,,False,"[{""model"": ""model_4"", ""reason"": ""target memory infeasible"", ""need_gib"": 12.2948175, ""weights_gib"": 5.8359375, ""reserve_gib"": 6.45888, ""free_gib"": 6.84765625}]","[""model_4""]",0.03246381994123007,0.11728068008272845,0.11728068008272845,"[""model_3"", ""model_5"", ""model_6"", ""model_4""]","{""model_3"": 2.8953891016154825, ""model_4"": 0.47968327078526096, ""model_5"": 2.7626929065381423, ""model_6"": 2.1090703959084682}",2.894142670290175e-16,"{""model_6"": 0, ""model_3"": 1, ""model_4"": 1, ""model_5"": 1}","{""model_3"": 1, ""model_5"": 1, ""model_6"": 0, ""model_4"": 0}"
OLD,steady8s1,73,1787608255.2516088,1+3,False,False,,,line-8 placement unchanged or every candidate blocked,,,,False,"[{""model"": ""model_4"", ""reason"": ""target memory infeasible"", ""need_gib"": 12.2948175, ""weights_gib"": 5.8359375, ""reserve_gib"": 6.45888, ""free_gib"": 6.84765625}]","[""model_4""]",0.0286003892104433,0.11445682979045498,0.11445682979045498,"[""model_3"", ""model_5"", ""model_6"", ""model_4""]","{""model_3"": 3.040206194193729, ""model_4"": 0.45619286310128837, ""model_5"": 2.4935828845706904, ""model_6"": 1.858075676380811}",4.448319352145577e-16,"{""model_6"": 0, ""model_3"": 1, ""model_4"": 1, ""model_5"": 1}","{""model_3"": 1, ""model_5"": 1, ""model_6"": 0, ""model_4"": 0}"
OLD,steady8s1,74,1787608260.3347359,1+3,False,False,,,line-8 placement unchanged or every candidate blocked,,,,False,"[{""model"": ""model_4"", ""reason"": ""target memory infeasible"", ""need_gib"": 12.2948175, ""weights_gib"": 5.8359375, ""reserve_gib"": 6.45888, ""free_gib"": 6.84765625}]","[""model_4""]",0.028936404993479183,0.12211713878602497,0.12211713878602497,"[""model_3"", ""model_5"", ""model_6"", ""model_4""]","{""model_3"": 3.40791051351948, ""model_4"": 0.6097345381222619, ""model_5"": 2.3732313815057955, ""model_6"": 1.8799055455040974}",1.389759963271099e-16,"{""model_6"": 0, ""model_3"": 1, ""model_4"": 1, ""model_5"": 1}","{""model_3"": 1, ""model_5"": 1, ""model_6"": 0, ""model_4"": 0}"
OLD,steady8s1,75,1787608265.3947918,1+3,False,False,,,line-8 placement unchanged or every candidate blocked,,,,False,"[{""model"": ""model_3"", ""reason"": ""target memory infeasible"", ""need_gib"": 12.45888, ""weights_gib"": 6.0, ""reserve_gib"": 6.45888, ""free_gib"": 6.84765625}]","[""model_3""]",0.029714166492007563,0.1236108868062492,0.1236108868062492,"[""model_5"", ""model_3"", ""model_6"", ""model_4""]","{""model_3"": 2.6551953357636573, ""model_4"": 0.5901954504560103, ""model_5"": 3.2236594324784758, ""model_6"": 1.9304342187961867}",6.864828604459854e-16,"{""model_6"": 0, ""model_3"": 1, ""model_4"": 1, ""model_5"": 1}","{""model_5"": 1, ""model_3"": 0, ""model_6"": 0, ""model_4"": 1}"
OLD,steady8s1,76,1787608270.4985154,1+3,False,False,,,line-8 placement unchanged or every candidate blocked,,,,False,"[{""model"": ""model_4"", ""reason"": ""target memory infeasible"", ""need_gib"": 12.2948175, ""weights_gib"": 5.8359375, ""reserve_gib"": 6.45888, ""free_gib"": 6.84765625}]","[""model_4""]",0.031731725350518186,0.15462345117206902,0.15462345117206902,"[""model_3"", ""model_5"", ""model_6"", ""model_4""]","{""model_3"": 4.003466160420856, ""model_4"": 0.7534139685897738, ""model_5"": 3.3351811486370084, ""model_6"": 2.061508555340403}",2.1951846117465855e-16,"{""model_6"": 0, ""model_3"": 1, ""model_4"": 1, ""model_5"": 1}","{""model_3"": 1, ""model_5"": 1, ""model_6"": 0, ""model_4"": 0}"
OLD,steady8s1,77,1787608275.5539615,1+3,False,False,,,line-8 placement unchanged or every candidate blocked,,,,False,"[{""model"": ""model_4"", ""reason"": ""target memory infeasible"", ""need_gib"": 12.2948175, ""weights_gib"": 5.8359375, ""reserve_gib"": 6.45888, ""free_gib"": 6.84765625}]","[""model_4""]",0.03146225640537158,0.13023467507072406,0.13023467507072406,"[""model_3"", ""model_5"", ""model_6"", ""model_4""]","{""model_3"": 3.3924955478563175, ""model_4"": 0.5836124828296105, ""model_5"": 2.839591419548549, ""model_6"": 2.0440020211169423}",2.606272257705172e-16,"{""model_6"": 0, ""model_3"": 1, ""model_4"": 1, ""model_5"": 1}","{""model_3"": 1, ""model_5"": 1, ""model_6"": 0, ""model_4"": 0}"
OLD,steady8s1,78,1787608280.632258,1+3,False,False,,,line-8 placement unchanged or every candidate blocked,,,,False,"[{""model"": ""model_4"", ""reason"": ""target memory infeasible"", ""need_gib"": 12.2948175, ""weights_gib"": 5.8359375, ""reserve_gib"": 6.45888, ""free_gib"": 6.84765625}]","[""model_4""]",0.026275653890871067,0.14272585757818237,0.14272585757818237,"[""model_3"", ""model_5"", ""model_6"", ""model_4""]","{""model_3"": 4.1391059553698994, ""model_4"": 0.5763046898023596, ""model_5"": 2.754002155232813, ""model_6"": 1.707045069086024}",1.1890873398400992e-16,"{""model_6"": 0, ""model_3"": 1, ""model_4"": 1, ""model_5"": 1}","{""model_3"": 1, ""model_5"": 1, ""model_6"": 0, ""model_4"": 0}"
OLD,steady8s1,79,1787608285.6855314,1+3,False,False,,,line-8 placement unchanged or every candidate blocked,,,,False,"[{""model"": ""model_4"", ""reason"": ""target memory infeasible"", ""need_gib"": 12.2948175, ""weights_gib"": 5.8359375, ""reserve_gib"": 6.45888, ""free_gib"": 6.84765625}]","[""model_4""]",0.029469497456212537,0.12905102273313657,0.12905102273313657,"[""model_3"", ""model_5"", ""model_6"", ""model_4""]","{""model_3"": 3.679606015251456, ""model_4"": 0.5342984557320833, ""model_5"": 2.539849736310201, ""model_6"": 1.9145388552460887}",2.630176913281606e-16,"{""model_6"": 0, ""model_3"": 1, ""model_4"": 1, ""model_5"": 1}","{""model_3"": 1, ""model_5"": 1, ""model_6"": 0, ""model_4"": 0}"
OLD,steady8s1,80,1787608290.755928,1+3,False,False,,,line-8 placement unchanged or every candidate blocked,,,,False,"[{""model"": ""model_4"", ""reason"": ""target memory infeasible"", ""need_gib"": 12.2948175, ""weights_gib"": 5.8359375, ""reserve_gib"": 6.45888, ""free_gib"": 6.84765625}]","[""model_4""]",0.040989903786839914,0.12942400272072593,0.12942400272072593,"[""model_3"", ""model_6"", ""model_5"", ""model_4""]","{""model_3"": 3.819143207551813, ""model_4"": 0.5034466330571581, ""model_5"": 2.4506838955274586, ""model_6"": 2.6629827532454216}",1.3112985748111146e-16,"{""model_6"": 0, ""model_3"": 1, ""model_4"": 1, ""model_5"": 1}","{""model_3"": 1, ""model_6"": 0, ""model_5"": 1, ""model_4"": 0}"
OLD,steady8s1,81,1787608295.8121462,1+3,False,False,,,line-8 placement unchanged or every candidate blocked,,,,False,"[{""model"": ""model_4"", ""reason"": ""target memory infeasible"", ""need_gib"": 12.2948175, ""weights_gib"": 5.8359375, ""reserve_gib"": 6.45888, ""free_gib"": 6.84765625}]","[""model_4""]",0.027062063426385365,0.14421136658969952,0.14421136658969952,"[""model_3"", ""model_5"", ""model_6"", ""model_4""]","{""model_3"": 4.515574195234461, ""model_4"": 0.5012338623206123, ""model_5"": 2.5303473482476617, ""model_6"": 1.7581355776403442}",3.5305159571137386e-16,"{""model_6"": 0, ""model_3"": 1, ""model_4"": 1, ""model_5"": 1}","{""model_3"": 1, ""model_5"": 1, ""model_6"": 0, ""model_4"": 0}"
OLD,steady8s1,82,1787608300.8693435,1+3,False,False,,,line-8 placement unchanged or every candidate blocked,,,,False,"[{""model"": ""model_4"", ""reason"": ""target memory infeasible"", ""need_gib"": 12.2948175, ""weights_gib"": 5.8359375, ""reserve_gib"": 6.45888, ""free_gib"": 6.84765625}]","[""model_4""]",0.02719677309100906,0.14995650164161914,0.14995650164161914,"[""model_3"", ""model_5"", ""model_6"", ""model_4""]","{""model_3"": 4.745766007462462, ""model_4"": 0.6187585600378047, ""model_5"": 2.4832966463418926, ""model_6"": 1.7668872330590513}",2.2635031953417513e-16,"{""model_6"": 0, ""model_3"": 1, ""model_4"": 1, ""model_5"": 1}","{""model_3"": 1, ""model_5"": 1, ""model_6"": 0, ""model_4"": 0}"
OLD,steady8s1,83,1787608305.9543293,1+3,False,False,,,line-8 placement unchanged or every candidate blocked,,,,False,"[{""model"": ""model_4"", ""reason"": ""target memory infeasible"", ""need_gib"": 12.2948175, ""weights_gib"": 5.8359375, ""reserve_gib"": 6.45888, ""free_gib"": 6.84765625}]","[""model_4""]",0.030671576720584525,0.15379265664326847,0.15379265664326847,"[""model_3"", ""model_5"", ""model_6"", ""model_4""]","{""model_3"": 4.139049414519768, ""model_4"": 0.761746220791482, ""model_5"": 3.147786854447304, ""model_6"": 1.9926340946421932}",2.2070430931913566e-16,"{""model_6"": 0, ""model_3"": 1, ""model_4"": 1, ""model_5"": 1}","{""model_3"": 1, ""model_5"": 1, ""model_6"": 0, ""model_4"": 0}"
OLD,steady8s1,84,1787608311.0089836,1+3,False,False,,,line-8 placement unchanged or every candidate blocked,,,,False,"[{""model"": ""model_4"", ""reason"": ""target memory infeasible"", ""need_gib"": 12.2948175, ""weights_gib"": 5.8359375, ""reserve_gib"": 6.45888, ""free_gib"": 6.84765625}]","[""model_4""]",0.025378489132059093,0.12496883058877607,0.12496883058877607,"[""model_3"", ""model_5"", ""model_6"", ""model_4""]","{""model_3"": 3.3225224205877315, ""model_4"": 0.529386781100214, ""model_5"": 2.6882076257070855, ""model_6"": 1.6487591484368778}",4.07414015593614e-16,"{""model_6"": 0, ""model_3"": 1, ""model_4"": 1, ""model_5"": 1}","{""model_3"": 1, ""model_5"": 1, ""model_6"": 0, ""model_4"": 0}"
OLD,steady8s1,85,1787608316.0956173,1+3,False,False,,,line-8 placement unchanged or every candidate blocked,,,,False,"[{""model"": ""model_4"", ""reason"": ""target memory infeasible"", ""need_gib"": 12.2948175, ""weights_gib"": 5.8359375, ""reserve_gib"": 6.45888, ""free_gib"": 6.84765625}]","[""model_4""]",0.012247802001091393,0.09757710208921726,0.09757710208921726,"[""model_3"", ""model_5"", ""model_6"", ""model_4""]","{""model_3"": 2.54897947297984, ""model_4"": 0.4093303894854663, ""model_5"": 2.14828867362957, ""model_6"": 0.7957004647701229}",1.7392759846348408e-16,"{""model_6"": 0, ""model_3"": 1, ""model_4"": 1, ""model_5"": 1}","{""model_3"": 1, ""model_5"": 1, ""model_6"": 0, ""model_4"": 0}"
OLD,steady8s2,1,1787609062.524536,2+2,False,False,,,line-8 placement unchanged or every candidate blocked,,,,False,[],[],0.0,0.0002835210839539682,0.0002835210839539682,"[""model_6"", ""model_3"", ""model_4"", ""model_5""]","{""model_3"": 6.392737038233931e-09, ""model_4"": 0.0, ""model_5"": 0.0, ""model_6"": 0.016718323774556426}",0.0,"{""model_4"": 0, ""model_5"": 0, ""model_3"": 1, ""model_6"": 1}","{""model_6"": 1, ""model_3"": 1, ""model_4"": 0, ""model_5"": 0}"
OLD,steady8s2,2,1787609067.5272422,2+2,False,True,,MIGRATE,literal line-8 absolute delta exceeds tau,model_6,1,0,False,[],"[""model_6"", ""model_4""]",0.009264309921376125,0.029912704336251237,0.029912704336251237,"[""model_3"", ""model_6"", ""model_5"", ""model_4""]","{""model_3"": 1.1644275168715195, ""model_4"": 0.05378778601151035, ""model_5"": 0.4866363241872021, ""model_6"": 0.5994282590619661}",3.3145792715368394e-07,"{""model_4"": 0, ""model_5"": 0, ""model_3"": 1, ""model_6"": 1}","{""model_3"": 1, ""model_6"": 0, ""model_5"": 0, ""model_4"": 1}"
OLD,steady8s2,3,1787609074.1310253,3+1,True,False,,,migration cooldown active,,,,True,[],"[""model_6""]",0.06578134150492888,0.01996050481961546,0.06578134150492888,"[""model_5"", ""model_3"", ""model_6"", ""model_4""]","{""model_3"": 1.4621069780368323, ""model_4"": 0.5787982371649438, ""model_5"": 1.74012301063528, ""model_6"": 0.578798237164944}",1.532547274345297e-16,"{""model_6"": 0, ""model_4"": 0, ""model_5"": 0, ""model_3"": 1}","{""model_5"": 0, ""model_3"": 1, ""model_6"": 1, ""model_4"": 0}"
OLD,steady8s2,4,1787609079.1658368,3+1,True,True,,,migration cooldown active,,,,True,[],"[""model_4""]",0.0632808579705405,0.027916703845435063,0.0632808579705405,"[""model_3"", ""model_5"", ""model_6"", ""model_4""]","{""model_3"": 2.044898556678118, ""model_4"": 0.12494460690029272, ""model_5"": 1.580671484684587, ""model_6"": 1.081955140187718}",3.1862088745095073e-16,"{""model_6"": 0, ""model_4"": 0, ""model_5"": 0, ""model_3"": 1}","{""model_3"": 1, ""model_5"": 0, ""model_6"": 0, ""model_4"": 1}"
OLD,steady8s2,5,1787609084.1719391,3+1,True,False,,,migration cooldown active,,,,True,[],"[""model_6""]",0.09042790718246238,0.030347590529076846,0.09042790718246238,"[""model_5"", ""model_3"", ""model_6"", ""model_4""]","{""model_3"": 2.2229610062548786, ""model_4"": 0.879998556476318, ""model_5"": 2.2234228452373173, ""model_6"": 0.879998556476318}",2.2296881298544e-16,"{""model_6"": 0, ""model_4"": 0, ""model_5"": 0, ""model_3"": 1}","{""model_5"": 0, ""model_3"": 1, ""model_6"": 1, ""model_4"": 0}"
OLD,steady8s2,6,1787609089.2138307,3+1,True,False,,,migration cooldown active,,,,True,[],"[""model_6""]",0.1245645071603843,0.03772511850812286,0.1245645071603843,"[""model_5"", ""model_3"", ""model_6"", ""model_4""]","{""model_3"": 2.763364930719999, ""model_4"": 1.0744459543737235, ""model_5"": 3.338271947688699, ""model_6"": 1.0744459543737233}",3.2372950505508954e-16,"{""model_6"": 0, ""model_4"": 0, ""model_5"": 0, ""model_3"": 1}","{""model_5"": 0, ""model_3"": 1, ""model_6"": 1, ""model_4"": 0}"
OLD,steady8s2,7,1787609094.2339742,3+1,True,False,,,migration cooldown active,,,,True,[],"[""model_6"", ""model_4""]",0.145860659905961,0.022149057006284417,0.145860659905961,"[""model_5"", ""model_6"", ""model_3"", ""model_4""]","{""model_3"": 1.622419235894567, ""model_4"": 0.19653692470071116, ""model_5"": 4.357219149283623, ""model_6"": 1.871519948513797}",1.2609329929773175e-07,"{""model_6"": 0, ""model_4"": 0, ""model_5"": 0, ""model_3"": 1}","{""model_5"": 0, ""model_6"": 1, ""model_3"": 1, ""model_4"": 1}"
OLD,steady8s2,8,1787609099.243375,3+1,True,False,,MIGRATE,literal line-8 absolute delta exceeds tau,model_6,0,1,False,[],"[""model_6""]",0.1370868247845785,0.029331040333491046,0.1370868247845785,"[""model_5"", ""model_3"", ""model_6"", ""model_4""]","{""model_3"": 2.148498704428219, ""model_4"": 1.091647578322478, ""model_5"": 3.855486574197588, ""model_6"": 1.0916475783224775}",4.412372193370554e-16,"{""model_6"": 0, ""model_4"": 0, ""model_5"": 0, ""model_3"": 1}","{""model_5"": 0, ""model_3"": 1, ""model_6"": 1, ""model_4"": 0}"
OLD,steady8s2,9,1787609105.4113595,2+2,False,False,,,migration cooldown active,,,,True,[],"[""model_4""]",0.09013199074526426,0.06911870252293546,0.09013199074526426,"[""model_5"", ""model_3"", ""model_6"", ""model_4""]","{""model_3"": 2.313116247006638, ""model_4"": 0.40980633146641465, ""model_5"": 4.847951808355474, ""model_6"": 1.762592244926847}",1.689272111954189e-16,"{""model_4"": 0, ""model_5"": 0, ""model_3"": 1, ""model_6"": 1}","{""model_5"": 0, ""model_3"": 1, ""model_6"": 1, ""model_4"": 1}"
OLD,steady8s2,10,1787609110.4180927,2+2,False,False,,,migration cooldown active,,,,True,[],[],0.08138763423397366,0.07953208063148492,0.08138763423397366,"[""model_5"", ""model_3"", ""model_6"", ""model_4""]","{""model_3"": 2.507177290497226, ""model_4"": 0.34511220855312796, ""model_5"": 4.402552775169708, ""model_6"": 2.1825747531456683}",3.7415378833393127e-16,"{""model_4"": 0, ""model_5"": 0, ""model_3"": 1, ""model_6"": 1}","{""model_5"": 0, ""model_3"": 1, ""model_6"": 1, ""model_4"": 0}"
OLD,steady8s2,11,1787609115.4290733,2+2,False,False,,,migration cooldown active,,,,True,[],[],0.0803054137534503,0.08712704072774621,0.08712704072774621,"[""model_5"", ""model_3"", ""model_6"", ""model_4""]","{""model_3"": 3.1043687806008293, ""model_4"": 0.46486309513411084, ""model_5"": 4.219671655987571, ""model_6"": 2.033233732312035}",3.4575598928401925e-16,"{""model_4"": 0, ""model_5"": 0, ""model_3"": 1, ""model_6"": 1}","{""model_5"": 0, ""model_3"": 1, ""model_6"": 1, ""model_4"": 0}"
OLD,steady8s2,12,1787609120.4412973,2+2,False,False,,,migration cooldown active,,,,True,[],[],0.0718563097961745,0.07387932312003018,0.07387932312003018,"[""model_5"", ""model_3"", ""model_6"", ""model_4""]","{""model_3"": 2.4034265031501434, ""model_4"": 0.586913755014264, ""model_5"": 3.6047510978809405, ""model_6"": 1.9530005365311682}",4.0775544344481844e-16,"{""model_4"": 0, ""model_5"": 0, ""model_3"": 1, ""model_6"": 1}","{""model_5"": 0, ""model_3"": 1, ""model_6"": 1, ""model_4"": 0}"
OLD,steady8s2,13,1787609125.454968,2+2,False,False,,,migration cooldown active,,,,True,[],[],0.06638342808983372,0.07062238383206403,0.07062238383206403,"[""model_5"", ""model_3"", ""model_6"", ""model_4""]","{""model_3"": 2.363505290220643, ""model_4"": 0.5655587914330227, ""model_5"": 3.3068510655182752, ""model_6"": 1.8008704720329614}",3.1992012863633003e-16,"{""model_4"": 0, ""model_5"": 0, ""model_3"": 1, ""model_6"": 1}","{""model_5"": 0, ""model_3"": 1, ""model_6"": 1, ""model_4"": 0}"
OLD,steady8s2,14,1787609130.4654405,2+2,False,False,,,line-8 placement unchanged or every candidate blocked,,,,False,[],[],0.07852472631671902,0.07731327173110661,0.07852472631671902,"[""model_5"", ""model_3"", ""model_6"", ""model_4""]","{""model_3"": 2.8044347474040308, ""model_4"": 0.5378508242407305, ""model_5"": 4.042809333769909, ""model_6"": 1.7544812425058134}",2.9084620635310045e-16,"{""model_4"": 0, ""model_5"": 0, ""model_3"": 1, ""model_6"": 1}","{""model_5"": 0, ""model_3"": 1, ""model_6"": 1, ""model_4"": 0}"
OLD,steady8s2,15,1787609135.4801707,2+2,False,False,,,line-8 placement unchanged or every candidate blocked,,,,False,[],[],0.07346545482450301,0.078332364903274,0.078332364903274,"[""model_5"", ""model_3"", ""model_6"", ""model_4""]","{""model_3"": 3.0106094135739356, ""model_4"": 0.5855722057212254, ""model_5"": 3.699960488113603, ""model_6"": 1.6083992364158015}",1.9228767188000369e-16,"{""model_4"": 0, ""model_5"": 0, ""model_3"": 1, ""model_6"": 1}","{""model_5"": 0, ""model_3"": 1, ""model_6"": 1, ""model_4"": 0}"
OLD,steady8s2,16,1787609140.4944737,2+2,False,False,,,line-8 placement unchanged or every candidate blocked,,,,False,[],[],0.06761340902120404,0.08761898536678188,0.08761898536678188,"[""model_5"", ""model_3"", ""model_6"", ""model_4""]","{""model_3"": 3.261611881019697, ""model_4"": 0.49117234817415567, ""model_5"": 3.452987197209245, ""model_6"": 1.9049990314969283}",1.7190735566102442e-16,"{""model_4"": 0, ""model_5"": 0, ""model_3"": 1, ""model_6"": 1}","{""model_5"": 0, ""model_3"": 1, ""model_6"": 1, ""model_4"": 0}"
OLD,steady8s2,17,1787609145.5098126,2+2,False,False,,,line-8 placement unchanged or every candidate blocked,,,,False,[],[],0.06596992247824937,0.07819159130320161,0.07819159130320161,"[""model_5"", ""model_3"", ""model_6"", ""model_4""]","{""model_3"": 2.7335073559957688, ""model_4"": 0.5168008681726948, ""model_5"": 3.3314875588934663, ""model_6"": 1.8772003257131376}",2.889507905338293e-16,"{""model_4"": 0, ""model_5"": 0, ""model_3"": 1, ""model_6"": 1}","{""model_5"": 0, ""model_3"": 1, ""model_6"": 1, ""model_4"": 0}"
OLD,steady8s2,18,1787609150.547129,2+2,False,False,,,line-8 placement unchanged or every candidate blocked,,,,False,[],[],0.06502523733458533,0.09587993372667894,0.09587993372667894,"[""model_3"", ""model_5"", ""model_6"", ""model_4""]","{""model_3"": 3.7517486422538178, ""model_4"": 0.4494175483700602, ""model_5"": 3.3437636302863076, ""model_6"": 1.9019839341957223}",3.1419187508082964e-16,"{""model_4"": 0, ""model_5"": 0, ""model_3"": 1, ""model_6"": 1}","{""model_3"": 1, ""model_5"": 0, ""model_6"": 1, ""model_4"": 0}"
OLD,steady8s2,19,1787609155.5686622,2+2,False,False,,,line-8 placement unchanged or every candidate blocked,,,,False,[],[],0.0709192912344617,0.10510031894823724,0.10510031894823724,"[""model_3"", ""model_5"", ""model_6"", ""model_4""]","{""model_3"": 4.176820782385079, ""model_4"": 0.3581085346063242, ""model_5"": 3.778896292150841, ""model_6"": 2.02060837653334}",2.8662801846536345e-16,"{""model_4"": 0, ""model_5"": 0, ""model_3"": 1, ""model_6"": 1}","{""model_3"": 1, ""model_5"": 0, ""model_6"": 1, ""model_4"": 0}"
OLD,steady8s2,20,1787609160.5875869,2+2,False,False,,,line-8 placement unchanged or every candidate blocked,,,,False,[],[],0.07023940390870168,0.09370125493640605,0.09370125493640605,"[""model_5"", ""model_3"", ""model_6"", ""model_4""]","{""model_3"": 3.627631000982286, ""model_4"": 0.38787757945064505, ""model_5"": 3.7094667106688735, ""model_6"": 1.897631865785362}",2.41122940514427e-16,"{""model_4"": 0, ""model_5"": 0, ""model_3"": 1, ""model_6"": 1}","{""model_5"": 0, ""model_3"": 1, ""model_6"": 1, ""model_4"": 0}"
OLD,steady8s2,21,1787609165.640114,2+2,False,False,,,line-8 placement unchanged or every candidate blocked,,,,False,[],[],0.07354131178800707,0.095695144621279,0.095695144621279,"[""model_3"", ""model_5"", ""model_6"", ""model_4""]","{""model_3"": 4.189692272285849, ""model_4"": 0.4595660626780562, ""model_5"": 3.830391670080552, ""model_6"": 1.4531438825208578}",1.5739929271977052e-16,"{""model_4"": 0, ""model_5"": 0, ""model_3"": 1, ""model_6"": 1}","{""model_3"": 1, ""model_5"": 0, ""model_6"": 1, ""model_4"": 0}"
OLD,steady8s2,22,1787609170.6590486,2+2,False,False,,,line-8 placement unchanged or every candidate blocked,,,,False,[],[],0.07134926550429539,0.09009150991150675,0.09009150991150675,"[""model_3"", ""model_5"", ""model_6"", ""model_4""]","{""model_3"": 3.805595123448409, ""model_4"": 0.4485992382762227, ""model_5"": 3.713487700819072, ""model_6"": 1.506812641665459}",1.6718942878080967e-16,"{""model_4"": 0, ""model_5"": 0, ""model_3"": 1, ""model_6"": 1}","{""model_3"": 1, ""model_5"": 0, ""model_6"": 1, ""model_4"": 0}"
OLD,steady8s2,23,1787609175.6788666,2+2,False,False,,,line-8 placement unchanged or every candidate blocked,,,,False,[],[],0.06594520008499453,0.08182379267802395,0.08182379267802395,"[""model_5"", ""model_3"", ""model_6"", ""model_4""]","{""model_3"": 3.1441092540149476, ""model_4"": 0.38605725878592856, ""model_5"": 3.460789012578392, ""model_6"": 1.6807777083722042}",1.840827415489734e-16,"{""model_4"": 0, ""model_5"": 0, ""model_3"": 1, ""model_6"": 1}","{""model_5"": 0, ""model_3"": 1, ""model_6"": 1, ""model_4"": 0}"
OLD,steady8s2,24,1787609180.712751,2+2,False,True,,MIGRATE,literal line-8 absolute delta exceeds tau,model_4,0,1,False,[],"[""model_6"", ""model_4""]",0.06924683359974577,0.10534465491683834,0.10534465491683834,"[""model_3"", ""model_5"", ""model_6"", ""model_4""]","{""model_3"": 4.521839466973171, ""model_4"": 0.32904832829425135, ""model_5"": 3.7103953809315406, ""model_6"": 1.6899978770082313}",7.656885433981136e-08,"{""model_4"": 0, ""model_5"": 0, ""model_3"": 1, ""model_6"": 1}","{""model_3"": 1, ""model_5"": 0, ""model_6"": 0, ""model_4"": 1}"
OLD,steady8s2,25,1787609185.7411108,1+3,False,False,,,migration cooldown active,,,,True,[],"[""model_4""]",0.09354910065374143,0.12196252115734424,0.12196252115734424,"[""model_5"", ""model_3"", ""model_6"", ""model_4""]","{""model_3"": 4.3420007095923685, ""model_4"": 0.3581750768287988, ""model_5"": 6.003038480427098, ""model_6"": 1.7797977742101525}",1.3706513018759807e-16,"{""model_5"": 0, ""model_3"": 1, ""model_6"": 1, ""model_4"": 1}","{""model_5"": 0, ""model_3"": 1, ""model_6"": 1, ""model_4"": 0}"
OLD,steady8s2,26,1787609190.7598977,1+3,False,False,,,migration cooldown active,,,,True,[],"[""model_4""]",0.0928156535647765,0.12392167953958169,0.12392167953958169,"[""model_5"", ""model_3"", ""model_6"", ""model_4""]","{""model_3"": 4.140331544531115, ""model_4"": 0.5799018223146983, ""model_5"": 5.955973238028772, ""model_6"": 1.8638319622855193}",4.0469453535205457e-16,"{""model_5"": 0, ""model_3"": 1, ""model_6"": 1, ""model_4"": 1}","{""model_5"": 0, ""model_3"": 1, ""model_6"": 1, ""model_4"": 0}"
OLD,steady8s2,27,1787609195.807356,1+3,False,False,,,migration cooldown active,,,,True,[],"[""model_4""]",0.08188317409188563,0.11995063342156362,0.11995063342156362,"[""model_5"", ""model_3"", ""model_6"", ""model_4""]","{""model_3"": 3.8306047249714554, ""model_4"": 0.5640159931113478, ""model_5"": 5.254436884353324, ""model_6"": 1.9784595181804703}",2.787281461313881e-16,"{""model_5"": 0, ""model_3"": 1, ""model_6"": 1, ""model_4"": 1}","{""model_5"": 0, ""model_3"": 1, ""model_6"": 1, ""model_4"": 0}"
OLD,steady8s2,28,1787609200.8409185,1+3,False,False,,,migration cooldown active,,,,True,[],"[""model_4""]",0.06838558020357312,0.11100311869003403,0.11100311869003403,"[""model_5"", ""model_3"", ""model_6"", ""model_4""]","{""model_3"": 3.702608123901613, ""model_4"": 0.5642356863841309, ""model_5"": 4.388297339039832, ""model_6"": 1.6308472790208914}",4.51792950622925e-16,"{""model_5"": 0, ""model_3"": 1, ""model_6"": 1, ""model_4"": 1}","{""model_5"": 0, ""model_3"": 1, ""model_6"": 1, ""model_4"": 0}"
OLD,steady8s2,29,1787609205.8653693,1+3,False,False,,,migration cooldown active,,,,True,[],"[""model_4""]",0.07354318417264066,0.11737853045756674,0.11737853045756674,"[""model_5"", ""model_3"", ""model_6"", ""model_4""]","{""model_3"": 3.9232612982688755, ""model_4"": 0.49607794843298536, ""model_5"": 4.719260382797087, ""model_6"": 1.8170829486832751}",4.272538284967453e-16,"{""model_5"": 0, ""model_3"": 1, ""model_6"": 1, ""model_4"": 1}","{""model_5"": 0, ""model_3"": 1, ""model_6"": 1, ""model_4"": 0}"
OLD,steady8s2,30,1787609210.8882802,1+3,False,False,,MIGRATE,literal line-8 absolute delta exceeds tau,model_4,1,0,False,[],"[""model_4""]",0.061548669585367734,0.09368956617883142,0.09368956617883142,"[""model_5"", ""model_3"", ""model_6"", ""model_4""]","{""model_3"": 2.9171680420386497, ""model_4"": 0.49177612086580247, ""model_5"": 3.949573318803235, ""model_6"": 1.5688630026477977}",2.6764147047917697e-16,"{""model_5"": 0, ""model_3"": 1, ""model_6"": 1, ""model_4"": 1}","{""model_5"": 0, ""model_3"": 1, ""model_6"": 1, ""model_4"": 0}"
OLD,steady8s2,31,1787609215.916557,2+2,False,False,,,migration cooldown active,,,,True,[],[],0.0671422105525517,0.08488775085697814,0.08488775085697814,"[""model_5"", ""model_3"", ""model_6"", ""model_4""]","{""model_3"": 3.5116666639002774, ""model_4"": 0.38223512990272024, ""model_5"": 3.534437531372793, ""model_6"": 1.4938920980587596}",3.5487683271248495e-16,"{""model_4"": 0, ""model_5"": 0, ""model_3"": 1, ""model_6"": 1}","{""model_5"": 0, ""model_3"": 1, ""model_6"": 1, ""model_4"": 0}"
OLD,steady8s2,32,1787609220.9432175,2+2,False,False,,,migration cooldown active,,,,True,[],[],0.057198810986359545,0.07696038964385636,0.07696038964385636,"[""model_3"", ""model_5"", ""model_6"", ""model_4""]","{""model_3"": 3.257133697066976, ""model_4"": 0.3047683985431775, ""model_5"": 3.031866147803699, ""model_6"": 1.2809739664831552}",9.785779509308834e-17,"{""model_4"": 0, ""model_5"": 0, ""model_3"": 1, ""model_6"": 1}","{""model_3"": 1, ""model_5"": 0, ""model_6"": 1, ""model_4"": 0}"
OLD,steady8s2,33,1787609225.9655223,2+2,False,False,,,migration cooldown active,,,,True,[],[],0.059835410300228625,0.061019327151382766,0.061019327151382766,"[""model_5"", ""model_3"", ""model_6"", ""model_4""]","{""model_3"": 2.658868961607389, ""model_4"": 0.432403306249189, ""model_5"": 3.058034583276063, ""model_6"": 0.9392453079773723}",3.702682932590515e-16,"{""model_4"": 0, ""model_5"": 0, ""model_3"": 1, ""model_6"": 1}","{""model_5"": 0, ""model_3"": 1, ""model_6"": 1, ""model_4"": 0}"
OLD,steady8s2,34,1787609230.9944272,2+2,False,False,,,migration cooldown active,,,,True,[],[],0.07487169162907018,0.06563355652512022,0.07487169162907018,"[""model_5"", ""model_3"", ""model_6"", ""model_4""]","{""model_3"": 3.107996469337148, ""model_4"": 0.4191078643003948, ""model_5"": 3.948456225319605, ""model_6"": 0.7622041264634482}",4.0671568932942737e-16,"{""model_4"": 0, ""model_5"": 0, ""model_3"": 1, ""model_6"": 1}","{""model_5"": 0, ""model_3"": 1, ""model_6"": 1, ""model_4"": 0}"
OLD,steady8s2,35,1787609236.0211616,2+2,False,False,,,migration cooldown active,,,,True,[],"[""model_4""]",0.08454697991391506,0.0694145570899815,0.08454697991391506,"[""model_5"", ""model_3"", ""model_6"", ""model_4""]","{""model_3"": 2.9292449190090384, ""model_4"": 0.3894302245013721, ""model_5"": 4.542531980750387, ""model_6"": 1.16390916908399}",3.60172435528543e-16,"{""model_4"": 0, ""model_5"": 0, ""model_3"": 1, ""model_6"": 1}","{""model_5"": 0, ""model_3"": 1, ""model_6"": 1, ""model_4"": 1}"
OLD,steady8s2,36,1787609241.0492678,2+2,False,False,,,line-8 placement unchanged or every candidate blocked,,,,False,[],[],0.08211810571860519,0.08656424389950969,0.08656424389950969,"[""model_5"", ""model_3"", ""model_6"", ""model_4""]","{""model_3"": 3.519960969704018, ""model_4"": 0.41977519841310307, ""model_5"": 4.370501097480612, ""model_6"": 1.5844552169563277}",3.480039194379374e-16,"{""model_4"": 0, ""model_5"": 0, ""model_3"": 1, ""model_6"": 1}","{""model_5"": 0, ""model_3"": 1, ""model_6"": 1, ""model_4"": 0}"
OLD,steady8s2,37,1787609246.077533,2+2,False,False,,,line-8 placement unchanged or every candidate blocked,,,,False,[],[],0.09309286562374491,0.08484010139102802,0.09309286562374491,"[""model_5"", ""model_3"", ""model_6"", ""model_4""]","{""model_3"": 3.0945085827104357, ""model_4"": 0.49022879611649506, ""model_5"": 4.940248972603016, ""model_6"": 1.9082404428687192}",2.453315686557598e-16,"{""model_4"": 0, ""model_5"": 0, ""model_3"": 1, ""model_6"": 1}","{""model_5"": 0, ""model_3"": 1, ""model_6"": 1, ""model_4"": 0}"
OLD,steady8s2,38,1787609251.1125093,2+2,False,False,,,line-8 placement unchanged or every candidate blocked,,,,False,[],[],0.10896258237583002,0.08998247266801057,0.10896258237583002,"[""model_5"", ""model_3"", ""model_6"", ""model_4""]","{""model_3"": 3.6832964732422657, ""model_4"": 0.563585180697076, ""model_5"": 5.792636397074242, ""model_6"": 1.6226817148825505}",2.794674190736904e-16,"{""model_4"": 0, ""model_5"": 0, ""model_3"": 1, ""model_6"": 1}","{""model_5"": 0, ""model_3"": 1, ""model_6"": 1, ""model_4"": 0}"
OLD,steady8s2,39,1787609256.1420496,2+2,False,False,,MIGRATE,literal line-8 absolute delta exceeds tau,model_4,0,1,False,[],"[""model_4""]",0.1043828773717763,0.07834540427570394,0.1043828773717763,"[""model_5"", ""model_3"", ""model_6"", ""model_4""]","{""model_3"": 3.188735397809557, ""model_4"": 0.5394405340235927, ""model_5"": 5.549628603599145, ""model_6"": 1.431042142205632}",4.37593201666396e-16,"{""model_4"": 0, ""model_5"": 0, ""model_3"": 1, ""model_6"": 1}","{""model_5"": 0, ""model_3"": 1, ""model_6"": 1, ""model_4"": 1}"
OLD,steady8s2,40,1787609261.1703248,1+3,False,False,,,migration cooldown active,,,,True,[],[],0.10255802592739353,0.0845911957721298,0.10255802592739353,"[""model_5"", ""model_3"", ""model_6"", ""model_4""]","{""model_3"": 2.3485767873927297, ""model_4"": 0.4666461817552021, ""model_5"": 6.581140511415067, ""model_6"": 1.6791799577841915}",1.3495813045771765e-16,"{""model_5"": 0, ""model_3"": 1, ""model_6"": 1, ""model_4"": 1}","{""model_5"": 0, ""model_3"": 1, ""model_6"": 1, ""model_4"": 1}"
OLD,steady8s2,41,1787609266.1995502,1+3,False,False,,,migration cooldown active,,,,True,[],"[""model_4""]",0.06501412445100371,0.08762909741262617,0.08762909741262617,"[""model_5"", ""model_3"", ""model_6"", ""model_4""]","{""model_3"": 2.430755874960066, ""model_4"": 0.5409917543303533, ""model_5"": 4.171951286792434, ""model_6"": 1.684061622497998}",1.9076778529080694e-16,"{""model_5"": 0, ""model_3"": 1, ""model_6"": 1, ""model_4"": 1}","{""model_5"": 0, ""model_3"": 1, ""model_6"": 1, ""model_4"": 0}"
OLD,steady8s2,42,1787609271.229376,1+3,False,False,,,migration cooldown active,,,,True,[],"[""model_4""]",0.06951467486591621,0.08760386681693988,0.08760386681693988,"[""model_5"", ""model_3"", ""model_6"", ""model_4""]","{""model_3"": 2.5481156069479405, ""model_4"": 0.5331912391182589, ""model_5"": 4.460751255311869, ""model_6"": 1.5731618824908626}",1.9082272789820004e-16,"{""model_5"": 0, ""model_3"": 1, ""model_6"": 1, ""model_4"": 1}","{""model_5"": 0, ""model_3"": 1, ""model_6"": 1, ""model_4"": 0}"
OLD,steady8s2,43,1787609276.2958903,1+3,False,False,,,migration cooldown active,,,,True,[],"[""model_4""]",0.06306631961061661,0.08609013500306258,0.08609013500306258,"[""model_5"", ""model_3"", ""model_6"", ""model_4""]","{""model_3"": 2.5136221810500845, ""model_4"": 0.7054786370873929, ""model_5"": 4.046960802357047, ""model_6"": 1.3549420382850055}",1.9417798380551256e-16,"{""model_5"": 0, ""model_3"": 1, ""model_6"": 1, ""model_4"": 1}","{""model_5"": 0, ""model_3"": 1, ""model_6"": 1, ""model_4"": 0}"
OLD,steady8s2,44,1787609281.3497002,1+3,False,False,,,migration cooldown active,,,,True,[],"[""model_4""]",0.06892943435305551,0.09350456720465306,0.09350456720465306,"[""model_5"", ""model_3"", ""model_6"", ""model_4""]","{""model_3"": 3.0471195949036294, ""model_4"": 0.6652143949606699, ""model_5"": 4.4231964173235125, ""model_6"": 1.2556440212063598}",1.7878066644435735e-16,"{""model_5"": 0, ""model_3"": 1, ""model_6"": 1, ""model_4"": 1}","{""model_5"": 0, ""model_3"": 1, ""model_6"": 1, ""model_4"": 0}"
OLD,steady8s2,45,1787609286.381818,1+3,False,False,,MIGRATE,literal line-8 absolute delta exceeds tau,model_4,1,0,False,[],"[""model_4""]",0.0536315805651828,0.09483671027511718,0.09483671027511718,"[""model_5"", ""model_3"", ""model_6"", ""model_4""]","{""model_3"": 3.1169253485479107, ""model_4"": 0.5570587981622255, ""model_5"": 3.4415343349005476, ""model_6"": 1.3647717705047324}",1.762693875815002e-16,"{""model_5"": 0, ""model_3"": 1, ""model_6"": 1, ""model_4"": 1}","{""model_5"": 0, ""model_3"": 1, ""model_6"": 1, ""model_4"": 0}"
OLD,steady8s2,46,1787609292.3753548,2+2,False,False,,,migration cooldown active,,,,True,[],[],0.06945949371432082,0.08164802421903454,0.08164802421903454,"[""model_3"", ""model_5"", ""model_6"", ""model_4""]","{""model_3"": 3.368574073538217, ""model_4"": 0.8323620785768981, ""model_5"": 3.2194869424497057, ""model_6"": 1.4459483858306743}",3.6895805438471323e-16,"{""model_4"": 0, ""model_5"": 0, ""model_3"": 1, ""model_6"": 1}","{""model_3"": 1, ""model_5"": 0, ""model_6"": 1, ""model_4"": 0}"
OLD,steady8s2,47,1787609297.4083788,2+2,False,True,,,migration cooldown active,,,,True,[],"[""model_6"", ""model_4""]",0.07494405039173024,0.10217202954331554,0.10217202954331554,"[""model_3"", ""model_5"", ""model_6"", ""model_4""]","{""model_3"": 4.5383344221696404, ""model_4"": 1.031536159792216, ""model_5"": 3.3402489047581887, ""model_6"": 1.4864232030125097}",5.191826863301946e-08,"{""model_4"": 0, ""model_5"": 0, ""model_3"": 1, ""model_6"": 1}","{""model_3"": 1, ""model_5"": 0, ""model_6"": 0, ""model_4"": 1}"
OLD,steady8s2,48,1787609302.4711332,2+2,False,True,,,migration cooldown active,,,,True,[],"[""model_6"", ""model_4""]",0.07168604458282499,0.09556338953245631,0.09556338953245631,"[""model_3"", ""model_5"", ""model_6"", ""model_4""]","{""model_3"": 4.304171043946506, ""model_4"": 0.7485191473860132, ""model_5"": 3.433213457214052, ""model_6"": 1.3308962975553662}",6.428584192916701e-08,"{""model_4"": 0, ""model_5"": 0, ""model_3"": 1, ""model_6"": 1}","{""model_3"": 1, ""model_5"": 0, ""model_6"": 0, ""model_4"": 1}"
OLD,steady8s2,49,1787609307.5168223,2+2,False,False,,,migration cooldown active,,,,True,[],[],0.08686425743849001,0.08632278686453104,0.08686425743849001,"[""model_5"", ""model_3"", ""model_6"", ""model_4""]","{""model_3"": 3.304136951397536, ""model_4"": 0.354618102315553, ""model_5"": 4.712520133847301, ""model_6"": 1.7860412873271843}",1.7448866779223966e-16,"{""model_4"": 0, ""model_5"": 0, ""model_3"": 1, ""model_6"": 1}","{""model_5"": 0, ""model_3"": 1, ""model_6"": 1, ""model_4"": 0}"
OLD,steady8s2,50,1787609312.5741184,2+2,False,False,,,migration cooldown active,,,,True,[],[],0.08041340994456717,0.07961223342786634,0.08041340994456717,"[""model_5"", ""model_3"", ""model_6"", ""model_4""]","{""model_3"": 2.8950894570023067, ""model_4"": 0.5595276195406986, ""model_5"": 4.131306979706153, ""model_6"": 1.799388940303774}",1.8919640150219995e-16,"{""model_4"": 0, ""model_5"": 0, ""model_3"": 1, ""model_6"": 1}","{""model_5"": 0, ""model_3"": 1, ""model_6"": 1, ""model_4"": 0}"
OLD,steady8s2,51,1787609317.892814,2+2,False,False,,,line-8 placement unchanged or every candidate blocked,,,,False,[],[],0.09416678289926728,0.08227618860033627,0.09416678289926728,"[""model_5"", ""model_3"", ""model_6"", ""model_4""]","{""model_3"": 2.8118033213496014, ""model_4"": 0.39180078061217305, ""model_5"": 5.101322861677702, ""model_6"": 2.0397599794956185}",1.6168913673493748e-16,"{""model_4"": 0, ""model_5"": 0, ""model_3"": 1, ""model_6"": 1}","{""model_5"": 0, ""model_3"": 1, ""model_6"": 1, ""model_4"": 0}"
OLD,steady8s2,52,1787609322.9397583,2+2,False,False,,,line-8 placement unchanged or every candidate blocked,,,,False,[],[],0.07953297174076719,0.07728215109628428,0.07953297174076719,"[""model_5"", ""model_3"", ""model_6"", ""model_4""]","{""model_3"": 2.900894881875271, ""model_4"": 0.3891251796175177, ""model_5"": 4.250349951205712, ""model_6"": 1.656186023882384}",2.8715912726830157e-16,"{""model_4"": 0, ""model_5"": 0, ""model_3"": 1, ""model_6"": 1}","{""model_5"": 0, ""model_3"": 1, ""model_6"": 1, ""model_4"": 0}"
OLD,steady8s2,53,1787609327.9767907,2+2,False,False,,,line-8 placement unchanged or every candidate blocked,,,,False,[],[],0.07405767601072542,0.07450445488308743,0.07450445488308743,"[""model_5"", ""model_3"", ""model_6"", ""model_4""]","{""model_3"": 2.794538845710764, ""model_4"": 0.26582994903389245, ""model_5"": 4.054249366224577, ""model_6"": 1.5987502116628565}",3.0325061978658865e-16,"{""model_4"": 0, ""model_5"": 0, ""model_3"": 1, ""model_6"": 1}","{""model_5"": 0, ""model_3"": 1, ""model_6"": 1, ""model_4"": 0}"
OLD,steady8s2,54,1787609333.013744,2+2,False,False,,,line-8 placement unchanged or every candidate blocked,,,,False,[],[],0.06641320468147606,0.07540891537721571,0.07540891537721571,"[""model_5"", ""model_3"", ""model_6"", ""model_4""]","{""model_3"": 2.7524607937583547, ""model_4"": 0.396280247460187, ""model_5"": 3.477866596722716, ""model_6"": 1.6941614018539881}",2.9961340787278685e-16,"{""model_4"": 0, ""model_5"": 0, ""model_3"": 1, ""model_6"": 1}","{""model_5"": 0, ""model_3"": 1, ""model_6"": 1, ""model_4"": 0}"
OLD,steady8s2,55,1787609338.0493836,2+2,False,False,,,line-8 placement unchanged or every candidate blocked,,,,False,[],[],0.06934826941838315,0.09601102633085902,0.09601102633085902,"[""model_5"", ""model_3"", ""model_6"", ""model_4""]","{""model_3"": 3.4974610819824608, ""model_4"": 0.5154937552303451, ""model_5"": 3.529867109454909, ""model_6"": 2.16400160542958}",1.5688144014000877e-16,"{""model_4"": 0, ""model_5"": 0, ""model_3"": 1, ""model_6"": 1}","{""model_5"": 0, ""model_3"": 1, ""model_6"": 1, ""model_4"": 0}"
OLD,steady8s2,56,1787609343.0845742,2+2,False,False,,,line-8 placement unchanged or every candidate blocked,,,,False,[],[],0.06117260796945301,0.0900247291369131,0.0900247291369131,"[""model_3"", ""model_5"", ""model_6"", ""model_4""]","{""model_3"": 3.2944430089192487, ""model_4"": 0.32646337396618863, ""model_5"": 3.2419785835018846, ""model_6"": 2.0140269078240007}",1.6731345069861928e-16,"{""model_4"": 0, ""model_5"": 0, ""model_3"": 1, ""model_6"": 1}","{""model_3"": 1, ""model_5"": 0, ""model_6"": 1, ""model_4"": 0}"
OLD,steady8s2,57,1787609348.1327474,2+2,False,False,,,line-8 placement unchanged or every candidate blocked,,,,False,[],[],0.06656824171270245,0.09329089167063598,0.09329089167063598,"[""model_3"", ""model_5"", ""model_6"", ""model_4""]","{""model_3"": 3.6413876299774164, ""model_4"": 0.25088786377996986, ""model_5"": 3.6323029081600393, ""model_6"": 1.8596774294526053}",1.6145571995691895e-16,"{""model_4"": 0, ""model_5"": 0, ""model_3"": 1, ""model_6"": 1}","{""model_3"": 1, ""model_5"": 0, ""model_6"": 1, ""model_4"": 0}"
OLD,steady8s2,58,1787609353.1709995,2+2,False,False,,,line-8 placement unchanged or every candidate blocked,,,,False,[],[],0.06583825924768646,0.08053197916394068,0.08053197916394068,"[""model_5"", ""model_3"", ""model_6"", ""model_4""]","{""model_3"": 3.4742678006142964, ""model_4"": 0.35078197206617046, ""model_5"": 3.489826014165572, ""model_6"": 1.274445056687527}",2.805534193337541e-16,"{""model_4"": 0, ""model_5"": 0, ""model_3"": 1, ""model_6"": 1}","{""model_5"": 0, ""model_3"": 1, ""model_6"": 1, ""model_4"": 0}"
OLD,steady8s2,59,1787609358.2291777,2+2,False,True,,MIGRATE,literal line-8 absolute delta exceeds tau,model_6,1,0,False,[],"[""model_6"", ""model_4""]",0.04798302859294337,0.09361180691004364,0.09361180691004364,"[""model_3"", ""model_5"", ""model_6"", ""model_4""]","{""model_3"": 3.9165597389314946, ""model_4"": 0.3998485614001095, ""model_5"": 2.3991926788058264, ""model_6"": 1.6034288527591598}",3.415304125370101e-08,"{""model_4"": 0, ""model_5"": 0, ""model_3"": 1, ""model_6"": 1}","{""model_3"": 1, ""model_5"": 0, ""model_6"": 0, ""model_4"": 1}"
OLD,steady8s2,60,1787609363.2741523,3+1,True,True,,,migration cooldown active,,,,True,[],"[""model_4""]",0.07628294480907266,0.05948050739103464,0.07628294480907266,"[""model_3"", ""model_5"", ""model_6"", ""model_4""]","{""model_3"": 4.356947166393287, ""model_4"": 0.2012594061166581, ""model_5"": 2.090447915067848, ""model_6"": 1.0686159937057749}",4.0770676612788296e-16,"{""model_6"": 0, ""model_4"": 0, ""model_5"": 0, ""model_3"": 1}","{""model_3"": 1, ""model_5"": 0, ""model_6"": 0, ""model_4"": 1}"
OLD,steady8s2,61,1787609368.3404322,3+1,True,True,,,migration cooldown active,,,,True,[],"[""model_4""]",0.08774750593108241,0.05062232012994188,0.08774750593108241,"[""model_3"", ""model_5"", ""model_6"", ""model_4""]","{""model_3"": 3.708084949518242, ""model_4"": 0.19947597768889763, ""model_5"": 2.437529659302704, ""model_6"": 1.2283405520115862}",2.297797858900634e-16,"{""model_6"": 0, ""model_4"": 0, ""model_5"": 0, ""model_3"": 1}","{""model_3"": 1, ""model_5"": 0, ""model_6"": 0, ""model_4"": 1}"
OLD,steady8s2,62,1787609373.3909273,3+1,True,False,,,migration cooldown active,,,,True,[],"[""model_6""]",0.10911271819380565,0.037391619727545566,0.10911271819380565,"[""model_5"", ""model_3"", ""model_6"", ""model_4""]","{""model_3"": 2.7389361450427123, ""model_4"": 0.7759607191023618, ""model_5"": 3.254579042543502, ""model_6"": 0.7759607191023619}",3.695738399517907e-16,"{""model_6"": 0, ""model_4"": 0, ""model_5"": 0, ""model_3"": 1}","{""model_5"": 0, ""model_3"": 1, ""model_6"": 1, ""model_4"": 0}"
OLD,steady8s2,63,1787609378.4302735,3+1,True,False,,,migration cooldown active,,,,True,[],"[""model_6""]",0.15038083386704815,0.04932828116273856,0.15038083386704815,"[""model_5"", ""model_3"", ""model_6"", ""model_4""]","{""model_3"": 3.6132965951705986, ""model_4"": 0.9366083380996876, ""model_5"": 4.75117654067055, ""model_6"": 0.9366083380996861}",8.044616833175814e-16,"{""model_6"": 0, ""model_4"": 0, ""model_5"": 0, ""model_3"": 1}","{""model_5"": 0, ""model_3"": 1, ""model_6"": 1, ""model_4"": 0}"
OLD,steady8s2,64,1787609383.5166183,3+1,True,False,,,migration cooldown active,,,,True,[],"[""model_6""]",0.1504617308712744,0.04880568047857083,0.1504617308712744,"[""model_5"", ""model_3"", ""model_6"", ""model_4""]","{""model_3"": 3.575016095055313, ""model_4"": 0.9710277471382606, ""model_5"": 4.685901298830357, ""model_6"": 0.9710277471382605}",4.0201457889277585e-16,"{""model_6"": 0, ""model_4"": 0, ""model_5"": 0, ""model_3"": 1}","{""model_5"": 0, ""model_3"": 1, ""model_6"": 1, ""model_4"": 0}"
OLD,steady8s2,65,1787609388.5573213,3+1,True,False,,MIGRATE,literal line-8 absolute delta exceeds tau,model_6,0,1,False,[],"[""model_6""]",0.14811252973441308,0.05044280998188027,0.14811252973441308,"[""model_5"", ""model_3"", ""model_6"", ""model_4""]","{""model_3"": 3.6949358311727294, ""model_4"": 0.9160411714174377, ""model_5"": 4.692390304879872, ""model_6"": 0.916041171417437}",6.80651500632175e-16,"{""model_6"": 0, ""model_4"": 0, ""model_5"": 0, ""model_3"": 1}","{""model_5"": 0, ""model_3"": 1, ""model_6"": 1, ""model_4"": 0}"
OLD,steady8s2,66,1787609393.5975766,2+2,False,False,,,migration cooldown active,,,,True,[],"[""model_4""]",0.11608624610687493,0.07058465535108707,0.11608624610687493,"[""model_5"", ""model_3"", ""model_6"", ""model_4""]","{""model_3"": 3.0995834764339745, ""model_4"": 0.3304108615045239, ""model_5"": 6.441362405046321, ""model_6"": 1.062567558145458}",3.9347673854673183e-16,"{""model_4"": 0, ""model_5"": 0, ""model_3"": 1, ""model_6"": 1}","{""model_5"": 0, ""model_3"": 1, ""model_6"": 1, ""model_4"": 1}"
OLD,steady8s2,67,1787609398.6458192,2+2,False,False,,,migration cooldown active,,,,True,[],[],0.0922473437368576,0.11031251587619181,0.11031251587619181,"[""model_5"", ""model_3"", ""model_6"", ""model_4""]","{""model_3"": 4.309267407288011, ""model_4"": 0.2855254581127846, ""model_5"": 5.095629650068323, ""model_6"": 2.1955083091536065}",4.096275375591256e-16,"{""model_4"": 0, ""model_5"": 0, ""model_3"": 1, ""model_6"": 1}","{""model_5"": 0, ""model_3"": 1, ""model_6"": 1, ""model_4"": 0}"
OLD,steady8s2,68,1787609403.7020335,2+2,False,False,,,migration cooldown active,,,,True,[],[],0.1014372227899452,0.11058930284652177,0.11058930284652177,"[""model_5"", ""model_3"", ""model_6"", ""model_4""]","{""model_3"": 4.371065427178622, ""model_4"": 0.15326769539034313, ""model_5"": 5.763969673881715, ""model_6"": 2.1500315303200885}",2.7240153780532133e-16,"{""model_4"": 0, ""model_5"": 0, ""model_3"": 1, ""model_6"": 1}","{""model_5"": 0, ""model_3"": 1, ""model_6"": 1, ""model_4"": 0}"
OLD,steady8s2,69,1787609408.747373,2+2,False,False,,,migration cooldown active,,,,True,[],[],0.08168525349699411,0.10517001485307784,0.10517001485307784,"[""model_5"", ""model_3"", ""model_6"", ""model_4""]","{""model_3"": 4.20756200237166, ""model_4"": 0.19819182104018296, ""model_5"": 4.566834480121386, ""model_6"": 1.9939769008105142}",1.4321903539851654e-16,"{""model_4"": 0, ""model_5"": 0, ""model_3"": 1, ""model_6"": 1}","{""model_5"": 0, ""model_3"": 1, ""model_6"": 1, ""model_4"": 0}"
OLD,steady8s2,70,1787609413.7926896,2+2,False,False,,,migration cooldown active,,,,True,[],[],0.0820128052576597,0.10915871150905973,0.10915871150905973,"[""model_5"", ""model_3"", ""model_6"", ""model_4""]","{""model_3"": 4.433257112479369, ""model_4"": 0.34357548747862454, ""model_5"": 4.440558212971614, ""model_6"": 2.0034824562120805}",1.379857628573726e-16,"{""model_4"": 0, ""model_5"": 0, ""model_3"": 1, ""model_6"": 1}","{""model_5"": 0, ""model_3"": 1, ""model_6"": 1, ""model_4"": 0}"
OLD,steady8s2,71,1787609418.8858635,2+2,False,False,,,line-8 placement unchanged or every candidate blocked,,,,False,[],[],0.0747990729610553,0.10442112327456407,0.10442112327456407,"[""model_3"", ""model_5"", ""model_6"", ""model_4""]","{""model_3"": 4.26934753606313, ""model_4"": 0.3695277887431414, ""model_5"": 3.9938001646315446, ""model_6"": 1.8880316295274264}",2.8849235878263153e-16,"{""model_4"": 0, ""model_5"": 0, ""model_3"": 1, ""model_6"": 1}","{""model_3"": 1, ""model_5"": 0, ""model_6"": 1, ""model_4"": 0}"
OLD,steady8s2,72,1787609423.9573143,2+2,False,False,,,line-8 placement unchanged or every candidate blocked,,,,False,[],[],0.0734419010972865,0.09986892038474243,0.09986892038474243,"[""model_3"", ""model_5"", ""model_6"", ""model_4""]","{""model_3"": 4.018010636081836, ""model_4"": 0.2856600446164348, ""model_5"": 3.998498666462974, ""model_6"": 1.8709397063708184}",3.016423532381878e-16,"{""model_4"": 0, ""model_5"": 0, ""model_3"": 1, ""model_6"": 1}","{""model_3"": 1, ""model_5"": 0, ""model_6"": 1, ""model_4"": 0}"
OLD,steady8s2,73,1787609429.0070882,2+2,False,False,,,line-8 placement unchanged or every candidate blocked,,,,False,[],[],0.06267913755624675,0.08627381714918055,0.08627381714918055,"[""model_3"", ""model_5"", ""model_6"", ""model_4""]","{""model_3"": 3.420690344108531, ""model_4"": 0.3482449104693366, ""model_5"": 3.3080789203752383, ""model_6"": 1.666600307358089}",2.61881563453841e-16,"{""model_4"": 0, ""model_5"": 0, ""model_3"": 1, ""model_6"": 1}","{""model_3"": 1, ""model_5"": 0, ""model_6"": 1, ""model_4"": 0}"
OLD,steady8s2,74,1787609434.0572107,2+2,False,False,,,line-8 placement unchanged or every candidate blocked,,,,False,[],[],0.0792828530665494,0.08536255450690985,0.08536255450690985,"[""model_5"", ""model_3"", ""model_6"", ""model_4""]","{""model_3"": 3.476563241831643, ""model_4"": 0.38659169071256616, ""model_5"": 4.238293021276949, ""model_6"": 1.5569931705084272}",1.7645146829440548e-16,"{""model_4"": 0, ""model_5"": 0, ""model_3"": 1, ""model_6"": 1}","{""model_5"": 0, ""model_3"": 1, ""model_6"": 1, ""model_4"": 0}"
OLD,steady8s2,75,1787609439.105012,2+2,False,False,,,line-8 placement unchanged or every candidate blocked,,,,False,[],[],0.08287306190520063,0.09664161292727544,0.09664161292727544,"[""model_5"", ""model_3"", ""model_6"", ""model_4""]","{""model_3"": 4.298081115619724, ""model_4"": 0.45953095769820906, ""model_5"": 4.374784940588174, ""model_6"": 1.400565243535301}",1.5585778862610825e-16,"{""model_4"": 0, ""model_5"": 0, ""model_3"": 1, ""model_6"": 1}","{""model_5"": 0, ""model_3"": 1, ""model_6"": 1, ""model_4"": 0}"
OLD,steady8s2,76,1787609444.1736572,2+2,False,False,,,line-8 placement unchanged or every candidate blocked,,,,False,[],[],0.07261739487100441,0.09460099801448181,0.09460099801448181,"[""model_3"", ""model_5"", ""model_6"", ""model_4""]","{""model_3"": 3.8043697568602, ""model_4"": 0.5574939436743978, ""model_5"": 3.6785680340839804, ""model_6"": 1.7739480772320282}",3.1843951747315974e-16,"{""model_4"": 0, ""model_5"": 0, ""model_3"": 1, ""model_6"": 1}","{""model_3"": 1, ""model_5"": 0, ""model_6"": 1, ""model_4"": 0}"
OLD,steady8s2,77,1787609449.2241118,2+2,False,False,,,line-8 placement unchanged or every candidate blocked,,,,False,[],[],0.0710946520483116,0.0736011403555338,0.0736011403555338,"[""model_5"", ""model_3"", ""model_6"", ""model_4""]","{""model_3"": 2.9649719309395337, ""model_4"": 0.26376248630034826, ""model_5"": 3.8834718354319246, ""model_6"": 1.3750515621735953}",6.139448930008181e-16,"{""model_4"": 0, ""model_5"": 0, ""model_3"": 1, ""model_6"": 1}","{""model_5"": 0, ""model_3"": 1, ""model_6"": 1, ""model_4"": 0}"
OLD,steady8s2,78,1787609454.2714686,2+2,False,False,,,line-8 placement unchanged or every candidate blocked,,,,False,[],[],0.07056991833139073,0.0868288197359978,0.0868288197359978,"[""model_5"", ""model_3"", ""model_6"", ""model_4""]","{""model_3"": 3.6988748793122546, ""model_4"": 0.25285101495125795, ""model_5"": 3.8637734983371166, ""model_6"": 1.4211424969563198}",3.469435177375989e-16,"{""model_4"": 0, ""model_5"": 0, ""model_3"": 1, ""model_6"": 1}","{""model_5"": 0, ""model_3"": 1, ""model_6"": 1, ""model_4"": 0}"
OLD,steady8s2,79,1787609459.3355734,2+2,False,True,,MIGRATE,literal line-8 absolute delta exceeds tau,model_4,0,1,False,[],"[""model_6"", ""model_4""]",0.05242746732981764,0.08334150172727706,0.08334150172727706,"[""model_3"", ""model_5"", ""model_6"", ""model_4""]","{""model_3"": 3.5031504918446634, ""model_4"": 0.30115519895540177, ""model_5"": 2.757147861083002, ""model_6"": 1.4112312656732153}",7.201477568305616e-08,"{""model_4"": 0, ""model_5"": 0, ""model_3"": 1, ""model_6"": 1}","{""model_3"": 1, ""model_5"": 0, ""model_6"": 0, ""model_4"": 1}"
OLD,steady8s2,80,1787609464.6163626,1+3,False,False,,,migration cooldown active,,,,True,[],"[""model_4""]",0.05350922377203649,0.09368814411154998,0.09368814411154998,"[""model_5"", ""model_3"", ""model_6"", ""model_4""]","{""model_3"": 3.2137001010482913, ""model_4"": 0.2480712233773701, ""model_5"": 3.433682709043473, ""model_6"": 1.515960285469834}",2.6764553293747345e-16,"{""model_5"": 0, ""model_3"": 1, ""model_6"": 1, ""model_4"": 1}","{""model_5"": 0, ""model_3"": 1, ""model_6"": 1, ""model_4"": 0}"
OLD,steady8s2,81,1787609469.6695821,1+3,False,False,,,migration cooldown active,,,,True,[],"[""model_4""]",0.053255550963624526,0.09784271248052705,0.09784271248052705,"[""model_5"", ""model_3"", ""model_6"", ""model_4""]","{""model_3"": 3.218686230021522, ""model_4"": 0.31323929483415003, ""model_5"": 3.4174045447458665, ""model_6"": 1.6665418728157693}",3.417077964547662e-16,"{""model_5"": 0, ""model_3"": 1, ""model_6"": 1, ""model_4"": 1}","{""model_5"": 0, ""model_3"": 1, ""model_6"": 1, ""model_4"": 0}"
OLD,steady8s2,82,1787609474.7208333,1+3,False,True,,,migration cooldown active,,,,True,[],"[""model_6""]",0.04608878451971967,0.11291080201867068,0.11291080201867068,"[""model_3"", ""model_5"", ""model_6"", ""model_4""]","{""model_3"": 3.914382007519918, ""model_4"": 1.0423329682262703, ""model_5"": 2.9575137019441198, ""model_6"": 1.0423329682262705}",1.4805322911154964e-16,"{""model_5"": 0, ""model_3"": 1, ""model_6"": 1, ""model_4"": 1}","{""model_3"": 1, ""model_5"": 0, ""model_6"": 0, ""model_4"": 1}"
OLD,steady8s2,83,1787609479.7754107,1+3,False,False,,,migration cooldown active,,,,True,[],"[""model_4""]",0.06664802297903784,0.10183084243921638,0.10183084243921638,"[""model_5"", ""model_3"", ""model_6"", ""model_4""]","{""model_3"": 3.2300887554563817, ""model_4"": 0.305771372665651, ""model_5"": 4.276798427688062, ""model_6"": 1.8745000415537574}",6.566501244617501e-16,"{""model_5"": 0, ""model_3"": 1, ""model_6"": 1, ""model_4"": 1}","{""model_5"": 0, ""model_3"": 1, ""model_6"": 1, ""model_4"": 0}"
OLD,steady8s2,84,1787609484.8277214,1+3,False,False,,,migration cooldown active,,,,True,[],"[""model_4""]",0.04869017025530812,0.10287413464001213,0.10287413464001213,"[""model_3"", ""model_5"", ""model_6"", ""model_4""]","{""model_3"": 3.44149852386141, ""model_4"": 0.23292279517676806, ""model_5"": 3.1244444213635703, ""model_6"": 1.7913698618451273}",9.749861167106543e-16,"{""model_5"": 0, ""model_3"": 1, ""model_6"": 1, ""model_4"": 1}","{""model_3"": 1, ""model_5"": 0, ""model_6"": 1, ""model_4"": 0}"
OLD,steady8s2,85,1787609489.878533,1+3,False,True,,MIGRATE,literal line-8 absolute delta exceeds tau,model_6,1,0,False,[],"[""model_6""]",0.033519482673038004,0.07723895739930874,0.07723895739930874,"[""model_3"", ""model_5"", ""model_6"", ""model_4""]","{""model_3"": 2.5567268952438416, ""model_4"": 0.7735226443052234, ""model_5"": 2.1509425844192642, ""model_6"": 0.7735226443052237}",1.0821487888564303e-16,"{""model_5"": 0, ""model_3"": 1, ""model_6"": 1, ""model_4"": 1}","{""model_3"": 1, ""model_5"": 0, ""model_6"": 0, ""model_4"": 1}"
OLD,steady8s2,86,1787609494.9513586,2+2,True,False,,,migration cooldown active,,,,True,[],"[""model_6"", ""model_4""]",0.060410857015817665,0.027759091880836362,0.060410857015817665,"[""model_5"", ""model_3"", ""model_6"", ""model_4""]","{""model_3"": 1.7808142515179401, ""model_4"": 0.09053890348000693, ""model_5"": 1.9972888840088032, ""model_6"": 1.0164101196946818}",1.4257927403928347e-07,"{""model_6"": 0, ""model_5"": 0, ""model_3"": 1, ""model_4"": 1}","{""model_5"": 0, ""model_3"": 1, ""model_6"": 1, ""model_4"": 0}"
OLD,steady10s1,1,1787610244.7481675,2+2,False,True,,MIGRATE,literal line-8 absolute delta exceeds tau,model_6,1,0,False,[],"[""model_6""]",0.00024153747633841403,0.0014975385570941198,0.0014975385570941198,"[""model_3"", ""model_4"", ""model_6"", ""model_5""]","{""model_3"": 0.07761314026964596, ""model_4"": 0.014089816553700268, ""model_5"": 2.6817001702594823e-08, ""model_6"": 0.010691896934963899}",1.6651413918864316e-07,"{""model_4"": 0, ""model_5"": 0, ""model_3"": 1, ""model_6"": 1}","{""model_3"": 1, ""model_4"": 0, ""model_6"": 0, ""model_5"": 0}"
OLD,steady10s1,2,1787610249.83832,3+1,True,False,,,migration cooldown active,,,,True,[],"[""model_5""]",0.031342450573658594,0.0061207351026778154,0.031342450573658594,"[""model_6"", ""model_5"", ""model_3"", ""model_4""]","{""model_3"": 0.44834384627115, ""model_4"": 0.3328832028111307, ""model_5"": 0.5125673063075199, ""model_6"": 0.5352089249405211}",1.6082503725934415e-16,"{""model_6"": 0, ""model_4"": 0, ""model_5"": 0, ""model_3"": 1}","{""model_6"": 0, ""model_5"": 1, ""model_3"": 1, ""model_4"": 0}"
OLD,steady10s1,3,1787610254.8438897,3+1,True,True,,,migration cooldown active,,,,True,[],"[""model_4""]",0.05231341957324166,0.023547388597220057,0.05231341957324166,"[""model_3"", ""model_5"", ""model_6"", ""model_4""]","{""model_3"": 1.7248462147463688, ""model_4"": 0.503783574640381, ""model_5"": 1.0617876411473761, ""model_6"": 0.7388757862725791}",1.9270966503157407e-16,"{""model_6"": 0, ""model_4"": 0, ""model_5"": 0, ""model_3"": 1}","{""model_3"": 1, ""model_5"": 0, ""model_6"": 0, ""model_4"": 1}"
OLD,steady10s1,4,1787610259.8525743,3+1,True,False,,,migration cooldown active,,,,True,[],"[""model_6""]",0.08509204742504586,0.018810724954815745,0.08509204742504586,"[""model_5"", ""model_6"", ""model_3"", ""model_4""]","{""model_3"": 1.377885602940253, ""model_4"": 0.5998290799894229, ""model_5"": 1.5878318517872514, ""model_6"": 1.5607102354586477}",3.5542574897480757e-16,"{""model_6"": 0, ""model_4"": 0, ""model_5"": 0, ""model_3"": 1}","{""model_5"": 0, ""model_6"": 1, ""model_3"": 1, ""model_4"": 0}"
OLD,steady10s1,5,1787610264.861267,3+1,True,False,,,migration cooldown active,,,,True,[],"[""model_6""]",0.10918124347659292,0.030596466937427135,0.10918124347659292,"[""model_5"", ""model_3"", ""model_6"", ""model_4""]","{""model_3"": 2.241191203166537, ""model_4"": 1.1678593923858893, ""model_5"": 2.473800288218604, ""model_6"": 1.1678593923858895}",1.8467094240004504e-16,"{""model_6"": 0, ""model_4"": 0, ""model_5"": 0, ""model_3"": 1}","{""model_5"": 0, ""model_3"": 1, ""model_6"": 1, ""model_4"": 0}"
OLD,steady10s1,6,1787610269.8714705,3+1,True,False,,,migration cooldown active,,,,True,[],"[""model_6""]",0.14864348252835752,0.036425128188600685,0.14864348252835752,"[""model_5"", ""model_3"", ""model_6"", ""model_4""]","{""model_3"": 2.668140639815, ""model_4"": 1.5713753877114836, ""model_5"": 3.405110757671905, ""model_6"": 1.571375387711483}",4.0693213282428287e-16,"{""model_6"": 0, ""model_4"": 0, ""model_5"": 0, ""model_3"": 1}","{""model_5"": 0, ""model_3"": 1, ""model_6"": 1, ""model_4"": 0}"
OLD,steady10s1,7,1787610274.8818693,3+1,True,False,,MIGRATE,literal line-8 absolute delta exceeds tau,model_6,0,1,False,[],"[""model_6""]",0.16615254033719262,0.05545980895838693,0.16615254033719262,"[""model_3"", ""model_5"", ""model_6"", ""model_4""]","{""model_3"": 4.062431006201842, ""model_4"": 1.775826835579968, ""model_5"": 3.7674955373655363, ""model_6"": 1.775826835579968}",2.4269990797989455e-16,"{""model_6"": 0, ""model_4"": 0, ""model_5"": 0, ""model_3"": 1}","{""model_3"": 1, ""model_5"": 0, ""model_6"": 1, ""model_4"": 0}"
OLD,steady10s1,8,1787610283.476051,2+2,False,False,,,migration cooldown active,,,,True,[],[],0.08732067941844146,0.11113979772983362,0.11113979772983362,"[""model_5"", ""model_3"", ""model_6"", ""model_4""]","{""model_3"": 3.9567264027517073, ""model_4"": 0.9481592794572302, ""model_5"": 4.14560386935252, ""model_6"": 2.596831474711977}",2.710522852798432e-16,"{""model_4"": 0, ""model_5"": 0, ""model_3"": 1, ""model_6"": 1}","{""model_5"": 0, ""model_3"": 1, ""model_6"": 1, ""model_4"": 0}"
OLD,steady10s1,9,1787610288.4870985,2+2,False,False,,,migration cooldown active,,,,True,[],[],0.08250189749802704,0.08919767300694861,0.08919767300694861,"[""model_5"", ""model_3"", ""model_6"", ""model_4""]","{""model_3"": 3.6706921787803477, ""model_4"": 0.972148217097091, ""model_5"": 3.840516182460671, ""model_6"": 1.5890088871430623}",1.6886480972359097e-16,"{""model_4"": 0, ""model_5"": 0, ""model_3"": 1, ""model_6"": 1}","{""model_5"": 0, ""model_3"": 1, ""model_6"": 1, ""model_4"": 0}"
OLD,steady10s1,10,1787610293.5004222,2+2,False,False,,,migration cooldown active,,,,True,[],[],0.07876999211064338,0.11033893356426708,0.11033893356426708,"[""model_3"", ""model_5"", ""model_6"", ""model_4""]","{""model_3"": 3.706037441044418, ""model_4"": 1.0057015139775527, ""model_5"": 3.5892659750235927, ""model_6"": 2.800296041843839}",2.730196421797457e-16,"{""model_4"": 0, ""model_5"": 0, ""model_3"": 1, ""model_6"": 1}","{""model_3"": 1, ""model_5"": 0, ""model_6"": 1, ""model_4"": 0}"
OLD,steady10s1,11,1787610298.5137138,2+2,False,False,,,migration cooldown active,,,,True,[],"[""model_6"", ""model_5""]",0.0690655157393568,0.12065433269331217,0.12065433269331217,"[""model_3"", ""model_6"", ""model_5"", ""model_4""]","{""model_3"": 3.7261322582670533, ""model_4"": 2.0144333579954785, ""model_5"": 2.014433357995479, ""model_6"": 3.3884649221644234}",3.2996709433701014e-07,"{""model_4"": 0, ""model_5"": 0, ""model_3"": 1, ""model_6"": 1}","{""model_3"": 1, ""model_6"": 0, ""model_5"": 1, ""model_4"": 0}"
OLD,steady10s1,12,1787610303.5460107,2+2,False,True,,,migration cooldown active,,,,True,[],"[""model_6"", ""model_4""]",0.06655308971802068,0.12109704473389285,0.12109704473389285,"[""model_3"", ""model_5"", ""model_6"", ""model_4""]","{""model_3"": 4.3880538031076375, ""model_4"": 0.9101012731089062, ""model_5"": 2.972205622610085, ""model_6"": 2.7526515414275847}",7.079819035454696e-08,"{""model_4"": 0, ""model_5"": 0, ""model_3"": 1, ""model_6"": 1}","{""model_3"": 1, ""model_5"": 0, ""model_6"": 0, ""model_4"": 1}"
OLD,steady10s1,13,1787610308.5958288,2+2,False,True,,MIGRATE,literal line-8 absolute delta exceeds tau,model_4,0,1,False,[],"[""model_6"", ""model_4""]",0.07010890064589834,0.11718284393945337,0.11718284393945337,"[""model_3"", ""model_5"", ""model_6"", ""model_4""]","{""model_3"": 3.841128191963285, ""model_4"": 0.9305043637198072, ""model_5"": 3.159227151106455, ""model_6"": 3.068769521826928}",1.0969449326683242e-07,"{""model_4"": 0, ""model_5"": 0, ""model_3"": 1, ""model_6"": 1}","{""model_3"": 1, ""model_5"": 0, ""model_6"": 0, ""model_4"": 1}"
OLD,steady10s1,14,1787610313.6133945,1+3,False,False,,,migration cooldown active,,,,True,[],"[""model_4""]",0.060281480556777504,0.11986112482677015,0.11986112482677015,"[""model_5"", ""model_3"", ""model_6"", ""model_4""]","{""model_3"": 3.283939597281701, ""model_4"": 0.6504413753457112, ""model_5"": 3.8682578978377435, ""model_6"": 2.4339435950730346}",1.3946814586129672e-16,"{""model_5"": 0, ""model_3"": 1, ""model_6"": 1, ""model_4"": 1}","{""model_5"": 0, ""model_3"": 1, ""model_6"": 1, ""model_4"": 0}"
OLD,steady10s1,15,1787610318.8719134,1+3,False,False,,,migration cooldown active,,,,True,[],"[""model_4""]",0.04841211612350743,0.1265501776473834,0.1265501776473834,"[""model_3"", ""model_5"", ""model_6"", ""model_4""]","{""model_3"": 3.36500077800413, ""model_4"": 1.03269692890207, ""model_5"": 3.106601709448899, ""model_6"": 2.326021985558199}",5.283851560293631e-16,"{""model_5"": 0, ""model_3"": 1, ""model_6"": 1, ""model_4"": 1}","{""model_3"": 1, ""model_5"": 0, ""model_6"": 1, ""model_4"": 0}"
OLD,steady10s1,16,1787610323.8877873,1+3,False,False,,,migration cooldown active,,,,True,[],"[""model_4""]",0.04673528953731097,0.1204889830668601,0.1204889830668601,"[""model_5"", ""model_3"", ""model_6"", ""model_4""]","{""model_3"": 2.902694127581896, ""model_4"": 1.010936128496911, ""model_5"": 2.998999878414749, ""model_6"": 2.4880529594832934}",2.08112083133312e-16,"{""model_5"": 0, ""model_3"": 1, ""model_6"": 1, ""model_4"": 1}","{""model_5"": 0, ""model_3"": 1, ""model_6"": 1, ""model_4"": 0}"
OLD,steady10s1,17,1787610328.9064171,1+3,False,True,,,migration cooldown active,,,,True,[],"[""model_6""]",0.0429952429146072,0.1258566338938933,0.1258566338938933,"[""model_3"", ""model_5"", ""model_6"", ""model_4""]","{""model_3"": 3.633086698672666, ""model_4"": 1.5268922090773187, ""model_5"": 2.7590013788269907, ""model_6"": 1.5268922090773192}",6.641210845720144e-17,"{""model_5"": 0, ""model_3"": 1, ""model_6"": 1, ""model_4"": 1}","{""model_3"": 1, ""model_5"": 0, ""model_6"": 0, ""model_4"": 1}"
OLD,steady10s1,18,1787610333.960035,1+3,False,True,,,migration cooldown active,,,,True,[],"[""model_6""]",0.03784466993231184,0.12127055602254551,0.12127055602254551,"[""model_3"", ""model_5"", ""model_6"", ""model_4""]","{""model_3"": 3.3806396548935598, ""model_4"": 1.531284601734182, ""model_5"": 2.428489512941612, ""model_6"": 1.5312846017341826}",1.3784721855593075e-16,"{""model_5"": 0, ""model_3"": 1, ""model_6"": 1, ""model_4"": 1}","{""model_3"": 1, ""model_5"": 0, ""model_6"": 0, ""model_4"": 1}"
OLD,steady10s1,19,1787610338.98414,1+3,False,False,,MIGRATE,literal line-8 absolute delta exceeds tau,model_4,1,0,False,[],"[""model_4""]",0.04666650752497619,0.12094042260709933,0.12094042260709933,"[""model_3"", ""model_5"", ""model_6"", ""model_4""]","{""model_3"": 3.2178711549459025, ""model_4"": 0.8444646523741062, ""model_5"": 2.9945861420568214, ""model_6"": 2.3633327789708583}",2.764470055598727e-16,"{""model_5"": 0, ""model_3"": 1, ""model_6"": 1, ""model_4"": 1}","{""model_3"": 1, ""model_5"": 0, ""model_6"": 1, ""model_4"": 0}"
OLD,steady10s1,20,1787610344.0028448,2+2,False,True,,,migration cooldown active,,,,True,[],"[""model_6"", ""model_4""]",0.053704202192621835,0.09263821083028581,0.09263821083028581,"[""model_3"", ""model_5"", ""model_6"", ""model_4""]","{""model_3"": 3.0580070133428396, ""model_4"": 0.6358271742846262, ""model_5"": 2.496952917291616, ""model_6"": 2.404572137036519}",1.0791359179499815e-07,"{""model_4"": 0, ""model_5"": 0, ""model_3"": 1, ""model_6"": 1}","{""model_3"": 1, ""model_5"": 0, ""model_6"": 0, ""model_4"": 1}"
OLD,steady10s1,21,1787610349.0256176,2+2,False,True,,,migration cooldown active,,,,True,[],"[""model_6"", ""model_4""]",0.06287164137791204,0.09955112743474445,0.09955112743474445,"[""model_3"", ""model_5"", ""model_6"", ""model_4""]","{""model_3"": 3.7764029074250325, ""model_4"": 0.9294297026406575, ""model_5"": 2.7381236431290654, ""model_6"": 2.0938086346217903}",7.357912818652568e-08,"{""model_4"": 0, ""model_5"": 0, ""model_3"": 1, ""model_6"": 1}","{""model_3"": 1, ""model_5"": 0, ""model_6"": 0, ""model_4"": 1}"
OLD,steady10s1,22,1787610354.0570064,2+2,False,True,,,migration cooldown active,,,,True,[],"[""model_6"", ""model_4""]",0.0734931217936193,0.1085732079056917,0.1085732079056917,"[""model_3"", ""model_5"", ""model_6"", ""model_4""]","{""model_3"": 3.8337137831798356, ""model_4"": 0.9998316903081466, ""model_5"": 3.287314928070813, ""model_6"": 2.568501205300588}",1.0806235618719625e-07,"{""model_4"": 0, ""model_5"": 0, ""model_3"": 1, ""model_6"": 1}","{""model_3"": 1, ""model_5"": 0, ""model_6"": 0, ""model_4"": 1}"
OLD,steady10s1,23,1787610359.115212,2+2,False,False,,,migration cooldown active,,,,True,[],[],0.06224334456212681,0.09579119427609627,0.09579119427609627,"[""model_3"", ""model_5"", ""model_6"", ""model_4""]","{""model_3"": 2.9818827731403563, ""model_4"": 0.7978141519268218, ""model_5"": 2.8330881372080263, ""model_6"": 2.6666171221518753}",3.14482937475269e-16,"{""model_4"": 0, ""model_5"": 0, ""model_3"": 1, ""model_6"": 1}","{""model_3"": 1, ""model_5"": 0, ""model_6"": 1, ""model_4"": 0}"
OLD,steady10s1,24,1787610364.14425,2+2,False,False,,,migration cooldown active,,,,True,[],[],0.07336637640770227,0.09069821357636065,0.09069821357636065,"[""model_5"", ""model_6"", ""model_3"", ""model_4""]","{""model_3"": 2.5606349206024186, ""model_4"": 0.7202095039455312, ""model_5"": 3.5595435510717435, ""model_6"": 2.7875482162802054}",3.321421114303243e-16,"{""model_4"": 0, ""model_5"": 0, ""model_3"": 1, ""model_6"": 1}","{""model_5"": 0, ""model_6"": 1, ""model_3"": 1, ""model_4"": 0}"
OLD,steady10s1,25,1787610369.1653228,2+2,False,False,,,line-8 placement unchanged or every candidate blocked,,,,False,[],[],0.06814473753851864,0.10395438370668207,0.10395438370668207,"[""model_5"", ""model_6"", ""model_3"", ""model_4""]","{""model_3"": 2.92818135392407, ""model_4"": 0.6854021278418703, ""model_5"": 3.2897519269685533, ""model_6"": 3.201675674373659}",4.3468146920880473e-16,"{""model_4"": 0, ""model_5"": 0, ""model_3"": 1, ""model_6"": 1}","{""model_5"": 0, ""model_6"": 1, ""model_3"": 1, ""model_4"": 0}"
OLD,steady10s1,26,1787610374.19243,2+2,False,True,,MIGRATE,literal line-8 absolute delta exceeds tau,model_4,0,1,False,[],"[""model_6"", ""model_4""]",0.057626822499548175,0.11484223196973432,0.11484223196973432,"[""model_3"", ""model_6"", ""model_5"", ""model_4""]","{""model_3"": 3.5900759994423335, ""model_4"": 0.6649193966519027, ""model_5"": 2.6966827666176405, ""model_6"": 3.181800508270229}",3.0383273609762056e-07,"{""model_4"": 0, ""model_5"": 0, ""model_3"": 1, ""model_6"": 1}","{""model_3"": 1, ""model_6"": 0, ""model_5"": 0, ""model_4"": 1}"
OLD,steady10s1,27,1787610379.2153904,1+3,False,True,,,migration cooldown active,,,,True,[],"[""model_6""]",0.03862930778237546,0.14424941564192484,0.14424941564192484,"[""model_3"", ""model_6"", ""model_5"", ""model_4""]","{""model_3"": 4.383265958876682, ""model_4"": 0.6520609317708628, ""model_5"": 2.478839662480363, ""model_6"": 2.6287685267494894}",1.1588822572381e-16,"{""model_5"": 0, ""model_3"": 1, ""model_6"": 1, ""model_4"": 1}","{""model_3"": 1, ""model_6"": 0, ""model_5"": 0, ""model_4"": 1}"
OLD,steady10s1,28,1787610384.242591,1+3,False,True,,,migration cooldown active,,,,True,[],"[""model_6""]",0.05214321368363469,0.15733784512810003,0.15733784512810003,"[""model_3"", ""model_5"", ""model_6"", ""model_4""]","{""model_3"": 4.810379834488077, ""model_4"": 1.7745575446892667, ""model_5"": 3.3460259483902686, ""model_6"": 1.7745575446892674}",5.3123928406508683e-17,"{""model_5"": 0, ""model_3"": 1, ""model_6"": 1, ""model_4"": 1}","{""model_3"": 1, ""model_5"": 0, ""model_6"": 0, ""model_4"": 1}"
OLD,steady10s1,29,1787610389.2947285,1+3,False,True,,,migration cooldown active,,,,True,[],"[""model_6""]",0.03870837175173512,0.1512707577940748,0.1512707577940748,"[""model_3"", ""model_5"", ""model_6"", ""model_4""]","{""model_3"": 4.850271828900366, ""model_4"": 1.5934367655031525, ""model_5"": 2.4839131912172987, ""model_6"": 1.5934367655031532}",2.2101837902069216e-16,"{""model_5"": 0, ""model_3"": 1, ""model_6"": 1, ""model_4"": 1}","{""model_3"": 1, ""model_5"": 0, ""model_6"": 0, ""model_4"": 1}"
OLD,steady10s1,30,1787610394.3385968,1+3,False,True,,,migration cooldown active,,,,True,[],"[""model_6""]",0.045105510716760416,0.15955761942751598,0.15955761942751598,"[""model_3"", ""model_5"", ""model_6"", ""model_4""]","{""model_3"": 4.9369174585821165, ""model_4"": 1.7702579907155003, ""model_5"": 2.894417098826491, ""model_6"": 1.7702579907155007}",2.0953946167432268e-16,"{""model_5"": 0, ""model_3"": 1, ""model_6"": 1, ""model_4"": 1}","{""model_3"": 1, ""model_5"": 0, ""model_6"": 0, ""model_4"": 1}"
OLD,steady10s1,31,1787610399.3923366,1+3,False,True,,,migration cooldown active,,,,True,[],"[""model_6""]",0.050748364926010356,0.15223771229244548,0.15223771229244548,"[""model_3"", ""model_5"", ""model_6"", ""model_4""]","{""model_3"": 4.1946748712104505, ""model_4"": 1.9469228060855897, ""model_5"": 3.2565186125860737, ""model_6"": 1.94692280608559}",2.1961455658669427e-16,"{""model_5"": 0, ""model_3"": 1, ""model_6"": 1, ""model_4"": 1}","{""model_3"": 1, ""model_5"": 0, ""model_6"": 0, ""model_4"": 1}"
OLD,steady10s1,32,1787610404.4313362,1+3,False,True,,MIGRATE,literal line-8 absolute delta exceeds tau,model_6,1,0,False,[],"[""model_6""]",0.05568175850893003,0.15503534552856338,0.15503534552856338,"[""model_3"", ""model_5"", ""model_6"", ""model_4""]","{""model_3"": 4.412724251525677, ""model_4"": 1.9122184449534796, ""model_5"": 3.573094093380656, ""model_6"": 1.9122184449534803}",5.391289574466489e-17,"{""model_5"": 0, ""model_3"": 1, ""model_6"": 1, ""model_4"": 1}","{""model_3"": 1, ""model_5"": 0, ""model_6"": 0, ""model_4"": 1}"
OLD,steady10s1,33,1787610413.4164019,2+2,True,False,,,migration cooldown active,,,,True,[],"[""model_6"", ""model_4""]",0.137748598574566,0.07724747421718961,0.137748598574566,"[""model_3"", ""model_5"", ""model_6"", ""model_4""]","{""model_3"": 4.1116947938354285, ""model_4"": 1.0958712610093349, ""model_5"": 3.894957820531691, ""model_6"": 2.976866870002976}",1.2763682152779447e-07,"{""model_6"": 0, ""model_5"": 0, ""model_3"": 1, ""model_4"": 1}","{""model_3"": 1, ""model_5"": 0, ""model_6"": 1, ""model_4"": 0}"
OLD,steady10s1,34,1787610418.452191,2+2,True,False,,,migration cooldown active,,,,True,[],"[""model_6"", ""model_4""]",0.11080845250883811,0.06210930641189403,0.11080845250883811,"[""model_5"", ""model_3"", ""model_6"", ""model_4""]","{""model_3"": 3.301075387313625, ""model_4"": 0.8859652769694564, ""model_5"": 3.517633473855915, ""model_6"": 2.010235865394838}",1.3860318335693462e-07,"{""model_6"": 0, ""model_5"": 0, ""model_3"": 1, ""model_4"": 1}","{""model_5"": 0, ""model_3"": 1, ""model_6"": 1, ""model_4"": 0}"
OLD,steady10s1,35,1787610423.4966788,2+2,True,False,,,migration cooldown active,,,,True,[],"[""model_5"", ""model_4""]",0.13526369185353265,0.05843918286795391,0.13526369185353265,"[""model_6"", ""model_3"", ""model_5"", ""model_4""]","{""model_3"": 3.1688779583485793, ""model_4"": 0.7707447679605979, ""model_5"": 2.9614767496481376, ""model_6"": 3.7863839666625463}",1.5357059912565183e-07,"{""model_6"": 0, ""model_5"": 0, ""model_3"": 1, ""model_4"": 1}","{""model_6"": 0, ""model_3"": 1, ""model_5"": 1, ""model_4"": 0}"
OLD,steady10s1,36,1787610428.5512125,2+2,True,False,,,migration cooldown active,,,,True,[],"[""model_5"", ""model_4""]",0.13200457431192164,0.05727688943821316,0.13200457431192164,"[""model_6"", ""model_3"", ""model_5"", ""model_4""]","{""model_3"": 3.088540173574619, ""model_4"": 0.7727276308186735, ""model_5"": 2.8545517266595555, ""model_6"": 3.7307223290018805}",1.5439763200311482e-07,"{""model_6"": 0, ""model_5"": 0, ""model_3"": 1, ""model_4"": 1}","{""model_6"": 0, ""model_3"": 1, ""model_5"": 1, ""model_4"": 0}"
OLD,steady10s1,37,1787610433.604377,2+2,True,True,,,migration cooldown active,,,,True,[],[],0.11990074072453187,0.0761985912416149,0.11990074072453187,"[""model_3"", ""model_6"", ""model_5"", ""model_4""]","{""model_3"": 4.567600785921716, ""model_4"": 0.5692558064524658, ""model_5"": 2.179222631740165, ""model_6"": 3.8022318987012254}",4.454661062020562e-16,"{""model_6"": 0, ""model_5"": 0, ""model_3"": 1, ""model_4"": 1}","{""model_3"": 1, ""model_6"": 0, ""model_5"": 0, ""model_4"": 1}"
OLD,steady10s1,38,1787610438.6513116,2+2,True,True,,,line-8 placement unchanged or every candidate blocked,,,,False,[],[],0.12213478596945926,0.07377910448733493,0.12213478596945926,"[""model_3"", ""model_6"", ""model_5"", ""model_4""]","{""model_3"": 4.409898387805706, ""model_4"": 0.5638507732975234, ""model_5"": 2.606479840555847, ""model_6"": 3.486423876694012}",2.915452010789431e-16,"{""model_6"": 0, ""model_5"": 0, ""model_3"": 1, ""model_4"": 1}","{""model_3"": 1, ""model_6"": 0, ""model_5"": 0, ""model_4"": 1}"
OLD,steady10s1,39,1787610443.692027,2+2,True,True,,,line-8 placement unchanged or every candidate blocked,,,,False,[],[],0.1066177020707029,0.06373740174585348,0.1066177020707029,"[""model_3"", ""model_6"", ""model_5"", ""model_4""]","{""model_3"": 3.4410750509992, ""model_4"": 0.8557221338833776, ""model_5"": 2.5286747435572208, ""model_6"": 2.790132573415226}",3.339765352529036e-16,"{""model_6"": 0, ""model_5"": 0, ""model_3"": 1, ""model_4"": 1}","{""model_3"": 1, ""model_6"": 0, ""model_5"": 0, ""model_4"": 1}"
OLD,steady10s1,40,1787610448.8032918,2+2,True,True,,,line-8 placement unchanged or every candidate blocked,,,,False,[],[],0.12887130141553696,0.06844433773249443,0.12887130141553696,"[""model_3"", ""model_6"", ""model_5"", ""model_4""]","{""model_3"": 3.702196631570904, ""model_4"": 0.9119142300985851, ""model_5"": 3.147367636345657, ""model_6"": 3.28159873231771}",2.763052001731918e-16,"{""model_6"": 0, ""model_5"": 0, ""model_3"": 1, ""model_4"": 1}","{""model_3"": 1, ""model_6"": 0, ""model_5"": 0, ""model_4"": 1}"
OLD,steady10s1,41,1787610453.8448033,2+2,True,True,,,line-8 placement unchanged or every candidate blocked,,,,False,[],[],0.11670803872927135,0.0652292780907705,0.11670803872927135,"[""model_3"", ""model_6"", ""model_5"", ""model_4""]","{""model_3"": 3.48183445808299, ""model_4"": 0.9155361719580948, ""model_5"": 2.7682792234857456, ""model_6"": 3.05390188046552}",3.0510161186753745e-16,"{""model_6"": 0, ""model_5"": 0, ""model_3"": 1, ""model_4"": 1}","{""model_3"": 1, ""model_6"": 0, ""model_5"": 0, ""model_4"": 1}"
OLD,steady10s1,42,1787610458.8898191,2+2,True,False,,MIGRATE,literal line-8 absolute delta exceeds tau,model_5,0,1,False,[],"[""model_5"", ""model_4""]",0.1273234827870486,0.05840061658854739,0.1273234827870486,"[""model_6"", ""model_3"", ""model_5"", ""model_4""]","{""model_3"": 3.0992755696958167, ""model_4"": 0.8377472470430565, ""model_5"": 2.9862232536526623, ""model_6"": 3.3655266006273994}",1.4512343772977113e-07,"{""model_6"": 0, ""model_5"": 0, ""model_3"": 1, ""model_4"": 1}","{""model_6"": 0, ""model_3"": 1, ""model_5"": 1, ""model_4"": 0}"
OLD,steady10s1,43,1787610463.9528174,1+3,False,False,,,migration cooldown active,,,,True,[],"[""model_4""]",0.0552531377168714,0.12251551673985019,0.12251551673985019,"[""model_6"", ""model_5"", ""model_3"", ""model_4""]","{""model_3"": 2.674438492762376, ""model_4"": 0.901867130908323, ""model_5"": 2.8354195150876724, ""model_6"": 3.589619374758385}",2.770481892092214e-16,"{""model_6"": 0, ""model_3"": 1, ""model_4"": 1, ""model_5"": 1}","{""model_6"": 0, ""model_5"": 1, ""model_3"": 1, ""model_4"": 0}"
OLD,steady10s1,44,1787610468.992007,1+3,False,False,,,migration cooldown active,,,,True,[],"[""model_4""]",0.05855816430970409,0.12287065630015336,0.12287065630015336,"[""model_6"", ""model_5"", ""model_3"", ""model_4""]","{""model_3"": 2.6423676009231007, ""model_4"": 0.9599853080918685, ""model_5"": 2.827958097943251, ""model_6"": 3.80433636608142}",1.3812371108318554e-16,"{""model_6"": 0, ""model_3"": 1, ""model_4"": 1, ""model_5"": 1}","{""model_6"": 0, ""model_5"": 1, ""model_3"": 1, ""model_4"": 0}"
OLD,steady10s1,45,1787610474.049161,1+3,False,True,,,migration cooldown active,,,,True,"[{""model"": ""model_5"", ""reason"": ""target memory infeasible"", ""need_gib"": 21.538958125, ""weights_gib"": 15.080078125, ""reserve_gib"": 6.45888, ""free_gib"": 16.77734375}]","[""model_5""]",0.04447135417384955,0.1384742870209237,0.1384742870209237,"[""model_3"", ""model_6"", ""model_5"", ""model_4""]","{""model_3"": 3.6855651592506633, ""model_4"": 1.7806730070208117, ""model_5"": 1.780673007020812, ""model_6"": 2.889161433368667}",6.12797920701313e-17,"{""model_6"": 0, ""model_3"": 1, ""model_4"": 1, ""model_5"": 1}","{""model_3"": 1, ""model_6"": 0, ""model_5"": 0, ""model_4"": 1}"
OLD,steady10s1,46,1787610479.0870576,1+3,False,True,,,migration cooldown active,,,,True,"[{""model"": ""model_5"", ""reason"": ""target memory infeasible"", ""need_gib"": 21.538958125, ""weights_gib"": 15.080078125, ""reserve_gib"": 6.45888, ""free_gib"": 16.77734375}]","[""model_5""]",0.037102572541961656,0.12659113612980358,0.12659113612980358,"[""model_3"", ""model_6"", ""model_5"", ""model_4""]","{""model_3"": 3.771673698682932, ""model_4"": 1.426672420773853, ""model_5"": 1.4266724207738537, ""model_6"": 2.410435293873575}",6.703214597111187e-17,"{""model_6"": 0, ""model_3"": 1, ""model_4"": 1, ""model_5"": 1}","{""model_3"": 1, ""model_6"": 0, ""model_5"": 0, ""model_4"": 1}"
OLD,steady10s1,47,1787610484.1264696,1+3,False,True,,,migration cooldown active,,,,True,"[{""model"": ""model_5"", ""reason"": ""target memory infeasible"", ""need_gib"": 21.538958125, ""weights_gib"": 15.080078125, ""reserve_gib"": 6.45888, ""free_gib"": 16.88671875}]","[""model_5""]",0.043364288354554435,0.12509058445195861,0.12509058445195861,"[""model_3"", ""model_6"", ""model_5"", ""model_4""]","{""model_3"": 3.543252794454424, ""model_4"": 1.5016179488569983, ""model_5"": 1.5016179488569987, ""model_6"": 2.8172389131592657}",6.783624485311149e-17,"{""model_6"": 0, ""model_3"": 1, ""model_4"": 1, ""model_5"": 1}","{""model_3"": 1, ""model_6"": 0, ""model_5"": 0, ""model_4"": 1}"
OLD,steady10s1,48,1787610489.173493,1+3,False,False,,MIGRATE,literal line-8 absolute delta exceeds tau,model_4,1,0,False,[],"[""model_4""]",0.039749199803506004,0.11227412496052329,0.11227412496052329,"[""model_3"", ""model_6"", ""model_5"", ""model_4""]","{""model_3"": 2.9002069015667913, ""model_4"": 0.7710018150087055, ""model_5"": 2.204543584825328, ""model_6"": 2.582378189578164}",1.5115994925251984e-16,"{""model_6"": 0, ""model_3"": 1, ""model_4"": 1, ""model_5"": 1}","{""model_3"": 1, ""model_6"": 0, ""model_5"": 1, ""model_4"": 0}"
OLD,steady10s1,49,1787610494.2139835,2+2,False,False,,,migration cooldown active,,,,True,[],"[""model_5"", ""model_6""]",0.04612530772451908,0.11034021450106747,0.11034021450106747,"[""model_3"", ""model_5"", ""model_6"", ""model_4""]","{""model_3"": 3.2293951757634756, ""model_4"": 1.363714542343569, ""model_5"": 3.1890842767857484, ""model_6"": 1.363714542343569}",3.434844453659485e-07,"{""model_6"": 0, ""model_4"": 0, ""model_3"": 1, ""model_5"": 1}","{""model_3"": 1, ""model_5"": 0, ""model_6"": 1, ""model_4"": 0}"
OLD,steady10s1,50,1787610499.2938263,2+2,False,False,,,migration cooldown active,,,,True,[],"[""model_3"", ""model_4""]",0.05293052391962364,0.09389869359906855,0.09389869359906855,"[""model_5"", ""model_3"", ""model_6"", ""model_4""]","{""model_3"": 2.627488167270983, ""model_4"": 0.7419918796477982, ""model_5"": 2.8345898122198565, ""model_6"": 2.387835486888542}",3.0964973829171367e-07,"{""model_6"": 0, ""model_4"": 0, ""model_3"": 1, ""model_5"": 1}","{""model_5"": 1, ""model_3"": 0, ""model_6"": 0, ""model_4"": 1}"
OLD,steady10s1,51,1787610504.3409905,2+2,False,True,,,migration cooldown active,,,,True,[],"[""model_5"", ""model_4""]",0.05629008860039421,0.09708667652481481,0.09708667652481481,"[""model_3"", ""model_6"", ""model_5"", ""model_4""]","{""model_3"": 3.2857735038791733, ""model_4"": 0.6916297228180666, ""model_5"": 2.3617513995802275, ""model_6"": 2.6368515904181344}",9.117402439875304e-08,"{""model_6"": 0, ""model_4"": 0, ""model_3"": 1, ""model_5"": 1}","{""model_3"": 1, ""model_6"": 0, ""model_5"": 0, ""model_4"": 1}"
OLD,steady10s1,52,1787610509.3869598,2+2,False,True,,,migration cooldown active,,,,True,[],"[""model_5"", ""model_4""]",0.05008735470418298,0.10796407234898506,0.10796407234898506,"[""model_3"", ""model_5"", ""model_6"", ""model_4""]","{""model_3"": 3.5845397425034977, ""model_4"": 0.5535680843958302, ""model_5"": 2.6957198337901622, ""model_6"": 2.4081402430829577}",3.308068616782673e-07,"{""model_6"": 0, ""model_4"": 0, ""model_3"": 1, ""model_5"": 1}","{""model_3"": 1, ""model_5"": 0, ""model_6"": 0, ""model_4"": 1}"
OLD,steady10s1,53,1787610514.434801,2+2,False,True,,,migration cooldown active,,,,True,[],"[""model_5"", ""model_4""]",0.03786518949649346,0.10555397038605847,0.10555397038605847,"[""model_3"", ""model_5"", ""model_6"", ""model_4""]","{""model_3"": 3.5494104140390355, ""model_4"": 0.5405191107777214, ""model_5"": 2.5906537551527364, ""model_6"": 1.6984820845471598}",3.3253082992289985e-07,"{""model_6"": 0, ""model_4"": 0, ""model_3"": 1, ""model_5"": 1}","{""model_3"": 1, ""model_5"": 0, ""model_6"": 0, ""model_4"": 1}"
OLD,steady10s1,54,1787610519.482461,2+2,False,True,,MIGRATE,literal line-8 absolute delta exceeds tau,model_5,1,0,False,[],"[""model_5"", ""model_4""]",0.04353166800675041,0.13767877915340093,0.13767877915340093,"[""model_3"", ""model_5"", ""model_6"", ""model_4""]","{""model_3"": 4.533041681400986, ""model_4"": 0.5177482396348427, ""model_5"": 3.475719505419283, ""model_6"": 2.056316699631502}",3.2968614121721796e-07,"{""model_6"": 0, ""model_4"": 0, ""model_3"": 1, ""model_5"": 1}","{""model_3"": 1, ""model_5"": 0, ""model_6"": 0, ""model_4"": 1}"
OLD,steady10s1,55,1787610526.8125658,3+1,True,True,,,migration cooldown active,,,,True,[],"[""model_4""]",0.13100705407539445,0.08019995273131328,0.13100705407539445,"[""model_3"", ""model_5"", ""model_6"", ""model_4""]","{""model_3"": 5.8746465375686965, ""model_4"": 0.7409406894882338, ""model_5"": 2.9361261449473197, ""model_6"": 2.093896246846567}",3.023768031047226e-16,"{""model_6"": 0, ""model_4"": 0, ""model_5"": 0, ""model_3"": 1}","{""model_3"": 1, ""model_5"": 0, ""model_6"": 0, ""model_4"": 1}"
OLD,steady10s1,56,1787610531.860914,3+1,True,True,,,migration cooldown active,,,,True,[],"[""model_4""]",0.11767522024412475,0.050199160043573464,0.11767522024412475,"[""model_3"", ""model_5"", ""model_6"", ""model_4""]","{""model_3"": 3.6770884731917555, ""model_4"": 0.6245412608409351, ""model_5"": 2.2903610112581982, ""model_6"": 2.2687831134203758}",5.140233368606213e-16,"{""model_6"": 0, ""model_4"": 0, ""model_5"": 0, ""model_3"": 1}","{""model_3"": 1, ""model_5"": 0, ""model_6"": 0, ""model_4"": 1}"
OLD,steady10s1,57,1787610536.9173062,3+1,True,True,,,migration cooldown active,,,,True,[],"[""model_4""]",0.13625226225299447,0.06962365177207842,0.13625226225299447,"[""model_3"", ""model_5"", ""model_6"", ""model_4""]","{""model_3"": 5.0999324923047435, ""model_4"": 0.5147673743921497, ""model_5"": 3.1882824998206485, ""model_6"": 2.298968725111493}",1.4797995124508885e-16,"{""model_6"": 0, ""model_4"": 0, ""model_5"": 0, ""model_3"": 1}","{""model_3"": 1, ""model_5"": 0, ""model_6"": 0, ""model_4"": 1}"
OLD,steady10s1,58,1787610541.9666698,3+1,True,True,,,migration cooldown active,,,,True,[],"[""model_4""]",0.10536149364340602,0.05422149213216776,0.10536149364340602,"[""model_3"", ""model_5"", ""model_6"", ""model_4""]","{""model_3"": 3.9717242986812877, ""model_4"": 0.36787750346946924, ""model_5"": 2.4436504994229122, ""model_6"": 1.829728105766562}",1.9136595759994757e-16,"{""model_6"": 0, ""model_4"": 0, ""model_5"": 0, ""model_3"": 1}","{""model_3"": 1, ""model_5"": 0, ""model_6"": 0, ""model_4"": 1}"
OLD,steady10s1,59,1787610547.0117366,3+1,True,True,,,migration cooldown active,,,,True,[],"[""model_4""]",0.1375219739155684,0.05291487380146551,0.1375219739155684,"[""model_3"", ""model_5"", ""model_6"", ""model_4""]","{""model_3"": 3.876014505957348, ""model_4"": 0.6051886777488357, ""model_5"": 3.0281872070183673, ""model_6"": 2.4245745052557037}",4.3984104978619663e-16,"{""model_6"": 0, ""model_4"": 0, ""model_5"": 0, ""model_3"": 1}","{""model_3"": 1, ""model_5"": 0, ""model_6"": 0, ""model_4"": 1}"
OLD,steady10s1,60,1787610552.0628297,3+1,True,False,,MIGRATE,literal line-8 absolute delta exceeds tau,model_6,0,1,False,[],"[""model_6""]",0.13793059048732415,0.0410331837016205,0.13793059048732415,"[""model_5"", ""model_3"", ""model_6"", ""model_4""]","{""model_3"": 3.005680706143701, ""model_4"": 1.4246671575202396, ""model_5"": 3.226615954199964, ""model_6"": 1.4246671575202399}",4.3853802961317997e-16,"{""model_6"": 0, ""model_4"": 0, ""model_5"": 0, ""model_3"": 1}","{""model_5"": 0, ""model_3"": 1, ""model_6"": 1, ""model_4"": 0}"
OLD,steady10s1,61,1787610557.110039,2+2,False,False,,,migration cooldown active,,,,True,[],[],0.057098605312102486,0.09480362264332266,0.09480362264332266,"[""model_3"", ""model_5"", ""model_6"", ""model_4""]","{""model_3"": 3.9371958498250645, ""model_4"": 0.9029553492894137, ""model_5"": 2.427833800821066, ""model_6"": 1.6530701095978952}",2.3831918538768554e-16,"{""model_4"": 0, ""model_5"": 0, ""model_3"": 1, ""model_6"": 1}","{""model_3"": 1, ""model_5"": 0, ""model_6"": 1, ""model_4"": 0}"
OLD,steady10s1,62,1787610562.1707118,2+2,False,False,,,migration cooldown active,,,,True,[],[],0.08718602999822439,0.09767353506438603,0.09767353506438603,"[""model_3"", ""model_5"", ""model_6"", ""model_4""]","{""model_3"": 3.9753906430764965, ""model_4"": 1.3098319954853506, ""model_5"": 3.7760765161493532, ""model_6"": 1.7841048591283455}",3.0842229822390316e-16,"{""model_4"": 0, ""model_5"": 0, ""model_3"": 1, ""model_6"": 1}","{""model_3"": 1, ""model_5"": 0, ""model_6"": 1, ""model_4"": 0}"
OLD,steady10s1,63,1787610567.2475774,2+2,False,False,,,migration cooldown active,,,,True,[],[],0.1024975729336184,0.12357559448961548,0.12357559448961548,"[""model_5"", ""model_3"", ""model_6"", ""model_4""]","{""model_3"": 3.8752078619801997, ""model_4"": 1.4582068691841579, ""model_5"": 4.520884948800962, ""model_6"": 3.4116491169963274}",2.4377545003631296e-16,"{""model_4"": 0, ""model_5"": 0, ""model_3"": 1, ""model_6"": 1}","{""model_5"": 0, ""model_3"": 1, ""model_6"": 1, ""model_4"": 0}"
OLD,steady10s1,64,1787610572.3472095,2+2,False,False,,,migration cooldown active,,,,True,[],[],0.08534857585539482,0.13177936902982482,0.13177936902982482,"[""model_3"", ""model_5"", ""model_6"", ""model_4""]","{""model_3"": 4.848468684835662, ""model_4"": 1.342223615686856, ""model_5"": 3.6364988746902487, ""model_6"": 2.9221386010616843}",2.285994870213181e-16,"{""model_4"": 0, ""model_5"": 0, ""model_3"": 1, ""model_6"": 1}","{""model_3"": 1, ""model_5"": 0, ""model_6"": 1, ""model_4"": 0}"
OLD,steady10s1,65,1787610577.4278083,2+2,False,False,,,migration cooldown active,,,,True,[],[],0.06322699147004632,0.11817746360558773,0.11817746360558773,"[""model_3"", ""model_6"", ""model_5"", ""model_4""]","{""model_3"": 4.072690171919087, ""model_4"": 0.8092474838629413, ""model_5"": 2.8790348486290003, ""model_6"": 2.8958563197143112}",1.9118300080938545e-16,"{""model_4"": 0, ""model_5"": 0, ""model_3"": 1, ""model_6"": 1}","{""model_3"": 1, ""model_6"": 1, ""model_5"": 0, ""model_4"": 0}"
OLD,steady10s1,66,1787610582.4822345,2+2,False,False,,,line-8 placement unchanged or every candidate blocked,,,,False,[],[],0.0581301091766997,0.10317536931405501,0.10317536931405501,"[""model_3"", ""model_6"", ""model_5"", ""model_4""]","{""model_3"": 3.307708937529431, ""model_4"": 0.9232920014287513, ""model_5"": 2.467668879001894, ""model_6"": 2.7762121073155592}",1.459878281051484e-16,"{""model_4"": 0, ""model_5"": 0, ""model_3"": 1, ""model_6"": 1}","{""model_3"": 1, ""model_6"": 1, ""model_5"": 0, ""model_4"": 0}"
OLD,steady10s1,67,1787610587.5389197,2+2,False,False,,,line-8 placement unchanged or every candidate blocked,,,,False,[],[],0.06170476522185656,0.10662967893198728,0.10662967893198728,"[""model_3"", ""model_6"", ""model_5"", ""model_4""]","{""model_3"": 3.437604361606692, ""model_4"": 0.7818398397509179, ""model_5"": 2.817644970563907, ""model_6"": 2.8500062568222715}",4.2377548814658366e-16,"{""model_4"": 0, ""model_5"": 0, ""model_3"": 1, ""model_6"": 1}","{""model_3"": 1, ""model_6"": 1, ""model_5"": 0, ""model_4"": 0}"
OLD,steady10s1,68,1787610592.5977767,2+2,False,False,,,line-8 placement unchanged or every candidate blocked,,,,False,[],[],0.05485257084767322,0.1136073067891672,0.1136073067891672,"[""model_3"", ""model_6"", ""model_5"", ""model_4""]","{""model_3"": 3.9550927644413396, ""model_4"": 0.7193434830695367, ""model_5"": 2.4804255276872142, ""model_6"": 2.7439662185112916}",1.3258256450052301e-16,"{""model_4"": 0, ""model_5"": 0, ""model_3"": 1, ""model_6"": 1}","{""model_3"": 1, ""model_6"": 1, ""model_5"": 0, ""model_4"": 0}"
OLD,steady10s1,69,1787610597.655037,2+2,False,False,,,line-8 placement unchanged or every candidate blocked,,,,False,[],[],0.05316549688134904,0.11150600108145764,0.11150600108145764,"[""model_3"", ""model_6"", ""model_5"", ""model_4""]","{""model_3"": 3.5694422205236584, ""model_4"": 0.684619277875457, ""model_5"": 2.4167359864902704, ""model_6"": 3.005709495590186}",2.7016210668521925e-16,"{""model_4"": 0, ""model_5"": 0, ""model_3"": 1, ""model_6"": 1}","{""model_3"": 1, ""model_6"": 1, ""model_5"": 0, ""model_4"": 0}"
OLD,steady10s1,70,1787610602.7134223,2+2,False,False,,,line-8 placement unchanged or every candidate blocked,,,,False,[],[],0.06397822666140188,0.11981467121539359,0.11981467121539359,"[""model_3"", ""model_6"", ""model_5"", ""model_4""]","{""model_3"": 4.047604532429285, ""model_4"": 0.7480299040441256, ""model_5"": 2.9840749703623017, ""model_6"": 3.0174828477737377}",2.514274408520061e-16,"{""model_4"": 0, ""model_5"": 0, ""model_3"": 1, ""model_6"": 1}","{""model_3"": 1, ""model_6"": 1, ""model_5"": 0, ""model_4"": 0}"
OLD,steady10s1,71,1787610607.7723129,2+2,False,False,,,line-8 placement unchanged or every candidate blocked,,,,False,[],[],0.06440087497430122,0.13115718501390833,0.13115718501390833,"[""model_3"", ""model_5"", ""model_6"", ""model_4""]","{""model_3"": 4.808902986920949, ""model_4"": 0.6531506911885172, ""model_5"": 3.1036089432987, ""model_6"": 2.9250161004909776}",1.7226293868507704e-16,"{""model_4"": 0, ""model_5"": 0, ""model_3"": 1, ""model_6"": 1}","{""model_3"": 1, ""model_5"": 0, ""model_6"": 1, ""model_4"": 0}"
OLD,steady10s1,72,1787610612.8323185,2+2,False,False,,,line-8 placement unchanged or every candidate blocked,,,,False,[],[],0.05919928215441875,0.13447204192954731,0.13447204192954731,"[""model_3"", ""model_6"", ""model_5"", ""model_4""]","{""model_3"": 4.8649234701584625, ""model_4"": 0.6378597795034389, ""model_5"": 2.8154702207036415, ""model_6"": 3.064462111667638}",2.240220028486954e-16,"{""model_4"": 0, ""model_5"": 0, ""model_3"": 1, ""model_6"": 1}","{""model_3"": 1, ""model_6"": 1, ""model_5"": 0, ""model_4"": 0}"
OLD,steady10s1,73,1787610617.9121945,2+2,False,False,,,line-8 placement unchanged or every candidate blocked,,,,False,[],[],0.05968178156677498,0.11391623119156181,0.11391623119156181,"[""model_3"", ""model_5"", ""model_6"", ""model_4""]","{""model_3"": 4.198089711504941, ""model_4"": 0.7062508480669369, ""model_5"": 2.775225265321479, ""model_6"": 2.5191855539334247}",1.9833452953833134e-16,"{""model_4"": 0, ""model_5"": 0, ""model_3"": 1, ""model_6"": 1}","{""model_3"": 1, ""model_5"": 0, ""model_6"": 1, ""model_4"": 0}"
OLD,steady10s1,74,1787610623.2815397,2+2,False,False,,,line-8 placement unchanged or every candidate blocked,,,,False,[],[],0.07488690995344292,0.12775454909426787,0.12775454909426787,"[""model_3"", ""model_5"", ""model_6"", ""model_4""]","{""model_3"": 4.9680475827525825, ""model_4"": 0.747375020863799, ""model_5"": 3.621076814252373, ""model_6"": 2.5652289635463266}",2.358013579460285e-16,"{""model_4"": 0, ""model_5"": 0, ""model_3"": 1, ""model_6"": 1}","{""model_3"": 1, ""model_5"": 0, ""model_6"": 1, ""model_4"": 0}"
OLD,steady10s1,75,1787610628.3466697,2+2,False,False,,,line-8 placement unchanged or every candidate blocked,,,,False,[],[],0.07023604183143362,0.11903279099763288,0.11903279099763288,"[""model_3"", ""model_5"", ""model_6"", ""model_4""]","{""model_3"": 4.488443719014036, ""model_4"": 0.788269762735373, ""model_5"": 3.3088784040213235, ""model_6"": 2.5305386892077104}",2.5307897015377887e-16,"{""model_4"": 0, ""model_5"": 0, ""model_3"": 1, ""model_6"": 1}","{""model_3"": 1, ""model_5"": 0, ""model_6"": 1, ""model_4"": 0}"
OLD,steady10s1,76,1787610633.407417,2+2,False,False,,,line-8 placement unchanged or every candidate blocked,,,,False,[],[],0.07591548358988576,0.11008680174124624,0.11008680174124624,"[""model_3"", ""model_5"", ""model_6"", ""model_4""]","{""model_3"": 4.190694346405554, ""model_4"": 0.8892381048930997, ""model_5"": 3.539214528659866, ""model_6"": 2.3007717304889095}",1.3682246955914656e-16,"{""model_4"": 0, ""model_5"": 0, ""model_3"": 1, ""model_6"": 1}","{""model_3"": 1, ""model_5"": 0, ""model_6"": 1, ""model_4"": 0}"
OLD,steady10s1,77,1787610638.4952052,2+2,False,False,,,line-8 placement unchanged or every candidate blocked,,,,False,[],[],0.07854866226216382,0.11289984441688611,0.11289984441688611,"[""model_3"", ""model_5"", ""model_6"", ""model_4""]","{""model_3"": 4.586607365865717, ""model_4"": 0.6296878833971133, ""model_5"": 3.9523685536811053, ""model_6"": 2.0707348270839097}",2.6682672873289867e-16,"{""model_4"": 0, ""model_5"": 0, ""model_3"": 1, ""model_6"": 1}","{""model_3"": 1, ""model_5"": 0, ""model_6"": 1, ""model_4"": 0}"
OLD,steady10s1,78,1787610643.5784388,2+2,False,False,,,line-8 placement unchanged or every candidate blocked,,,,False,[],[],0.0661560318614077,0.10805205477822796,0.10805205477822796,"[""model_3"", ""model_5"", ""model_6"", ""model_4""]","{""model_3"": 4.022652127199712, ""model_4"": 0.5654677702824944, ""model_5"": 3.2936771586328657, ""model_6"": 2.3488314388344307}",2.0909849578085671e-16,"{""model_4"": 0, ""model_5"": 0, ""model_3"": 1, ""model_6"": 1}","{""model_3"": 1, ""model_5"": 0, ""model_6"": 1, ""model_4"": 0}"
OLD,steady10s1,79,1787610648.65029,2+2,False,False,,,line-8 placement unchanged or every candidate blocked,,,,False,[],[],0.06670265087765789,0.12092425671918337,0.12092425671918337,"[""model_3"", ""model_5"", ""model_6"", ""model_4""]","{""model_3"": 4.989341188487345, ""model_4"": 0.5334366160306254, ""model_5"": 3.357594778037751, ""model_6"": 2.141174894733095}",1.2456018741619424e-16,"{""model_4"": 0, ""model_5"": 0, ""model_3"": 1, ""model_6"": 1}","{""model_3"": 1, ""model_5"": 0, ""model_6"": 1, ""model_4"": 0}"
OLD,steady10s1,80,1787610653.723212,2+2,False,False,,,line-8 placement unchanged or every candidate blocked,,,,False,[],[],0.06378497687204644,0.13626675384038514,0.13626675384038514,"[""model_3"", ""model_5"", ""model_6"", ""model_4""]","{""model_3"": 5.601787444129863, ""model_4"": 0.6363692885063736, ""model_5"": 3.0844625557073213, ""model_6"": 2.4334265503917534}",2.210715035855131e-16,"{""model_4"": 0, ""model_5"": 0, ""model_3"": 1, ""model_6"": 1}","{""model_3"": 1, ""model_5"": 0, ""model_6"": 1, ""model_4"": 0}"
OLD,steady10s1,81,1787610658.788572,2+2,False,False,,,line-8 placement unchanged or every candidate blocked,,,,False,[],[],0.06678518269641873,0.11606429957833267,0.11606429957833267,"[""model_3"", ""model_5"", ""model_6"", ""model_4""]","{""model_3"": 4.857613497947918, ""model_4"": 0.5564959171564252, ""model_5"": 3.3393498867379856, ""model_6"": 1.9863264797267746}",3.893276778861645e-16,"{""model_4"": 0, ""model_5"": 0, ""model_3"": 1, ""model_6"": 1}","{""model_3"": 1, ""model_5"": 0, ""model_6"": 1, ""model_4"": 0}"
OLD,steady10s1,82,1787610663.8548074,2+2,False,False,,,line-8 placement unchanged or every candidate blocked,,,,False,[],[],0.0629035776573857,0.10838077351774406,0.10838077351774406,"[""model_3"", ""model_5"", ""model_6"", ""model_4""]","{""model_3"": 3.8012337800184177, ""model_4"": 0.7404332501160718, ""model_5"": 2.9289830660814666, ""model_6"": 2.5896332771577755}",2.7795240043455613e-16,"{""model_4"": 0, ""model_5"": 0, ""model_3"": 1, ""model_6"": 1}","{""model_3"": 1, ""model_5"": 0, ""model_6"": 1, ""model_4"": 0}"
OLD,steady10s1,83,1787610668.9222827,2+2,False,False,,,line-8 placement unchanged or every candidate blocked,,,,False,[],[],0.042761381577914745,0.09500623796681454,0.09500623796681454,"[""model_3"", ""model_6"", ""model_5"", ""model_4""]","{""model_3"": 2.8642343575361195, ""model_4"": 0.7103866038621804, ""model_5"": 1.7840551609573123, ""model_6"": 2.7379791785109475}",2.378109332994541e-16,"{""model_4"": 0, ""model_5"": 0, ""model_3"": 1, ""model_6"": 1}","{""model_3"": 1, ""model_6"": 1, ""model_5"": 0, ""model_4"": 0}"
OLD,steady10s1,84,1787610673.9936876,2+2,False,False,,,line-8 placement unchanged or every candidate blocked,,,,False,[],[],0.030951021660026026,0.07034549093141866,0.07034549093141866,"[""model_3"", ""model_6"", ""model_5"", ""model_4""]","{""model_3"": 2.234897216782474, ""model_4"": 0.4147694060404856, ""model_5"": 1.39072700786576, ""model_6"": 1.9131510580426452}",2.1411959573627932e-16,"{""model_4"": 0, ""model_5"": 0, ""model_3"": 1, ""model_6"": 1}","{""model_3"": 1, ""model_6"": 1, ""model_5"": 0, ""model_4"": 0}"
OLD,steady10s2,1,1787620544.6456113,2+2,False,False,,,line-8 placement unchanged or every candidate blocked,,,,False,[],[],0.0,0.0001478112968174651,0.0001478112968174651,"[""model_6"", ""model_3"", ""model_4"", ""model_5""]","{""model_3"": 3.3327988837807306e-09, ""model_4"": 0.0, ""model_5"": 0.0, ""model_6"": 0.008715955382466917}",1.9902841817486805e-16,"{""model_4"": 0, ""model_5"": 0, ""model_3"": 1, ""model_6"": 1}","{""model_6"": 1, ""model_3"": 1, ""model_4"": 0, ""model_5"": 0}"
OLD,steady10s2,2,1787620549.66283,2+2,False,False,,MIGRATE,literal line-8 absolute delta exceeds tau,model_4,0,1,False,[],"[""model_4""]",0.039407223704543394,0.02457723161135567,0.039407223704543394,"[""model_5"", ""model_3"", ""model_6"", ""model_4""]","{""model_3"": 0.9818849684484442, ""model_4"": 0.11894446773396583, ""model_5"": 2.179835904108997, ""model_6"": 0.467355655728194}",3.8636941161458603e-16,"{""model_4"": 0, ""model_5"": 0, ""model_3"": 1, ""model_6"": 1}","{""model_5"": 0, ""model_3"": 1, ""model_6"": 1, ""model_4"": 1}"
OLD,steady10s2,3,1787620554.6668968,1+3,False,False,,,migration cooldown active,,,,True,[],[],0.058608991253500504,0.043576189242884825,0.058608991253500504,"[""model_5"", ""model_3"", ""model_6"", ""model_4""]","{""model_3"": 1.528587285114419, ""model_4"": 0.10302918245665482, ""model_5"": 3.7609343899096856, ""model_6"": 0.6836239151910274}",1.180794887146986e-16,"{""model_5"": 0, ""model_3"": 1, ""model_6"": 1, ""model_4"": 1}","{""model_5"": 0, ""model_3"": 1, ""model_6"": 1, ""model_4"": 1}"
OLD,steady10s2,4,1787620559.6774251,1+3,False,False,,,migration cooldown active,,,,True,[],[],0.08947034556893566,0.05105784456102903,0.08947034556893566,"[""model_5"", ""model_3"", ""model_6"", ""model_4""]","{""model_3"": 1.4861285194658294, ""model_4"": 0.32310816114758656, ""model_5"": 5.741305085287855, ""model_6"": 0.9035104787492259}",1.5469974274248036e-16,"{""model_5"": 0, ""model_3"": 1, ""model_6"": 1, ""model_4"": 1}","{""model_5"": 0, ""model_3"": 1, ""model_6"": 1, ""model_4"": 1}"
OLD,steady10s2,5,1787620564.6868343,1+3,False,False,,,migration cooldown active,,,,True,[],"[""model_4""]",0.06192316194742243,0.07617380825807353,0.07617380825807353,"[""model_5"", ""model_3"", ""model_6"", ""model_4""]","{""model_3"": 2.5230902492182223, ""model_4"": 0.3710949918244755, ""model_5"": 3.9736044644190693, ""model_6"": 1.1529946535752207}",2.1945612570403802e-16,"{""model_5"": 0, ""model_3"": 1, ""model_6"": 1, ""model_4"": 1}","{""model_5"": 0, ""model_3"": 1, ""model_6"": 1, ""model_4"": 0}"
OLD,steady10s2,6,1787620569.7090135,1+3,False,False,,,migration cooldown active,,,,True,[],[],0.06957183967507637,0.08278779559470378,0.08278779559470378,"[""model_5"", ""model_3"", ""model_6"", ""model_4""]","{""model_3"": 2.9345607801045848, ""model_4"": 0.3973827297954413, ""model_5"": 4.464419516649675, ""model_6"": 1.0666432158084256}",9.947300162851395e-17,"{""model_5"": 0, ""model_3"": 1, ""model_6"": 1, ""model_4"": 1}","{""model_5"": 0, ""model_3"": 1, ""model_6"": 1, ""model_4"": 1}"
OLD,steady10s2,7,1787620574.7198658,1+3,False,False,,,migration cooldown active,,,,True,[],[],0.08760096271650895,0.10357785250369717,0.10357785250369717,"[""model_5"", ""model_3"", ""model_6"", ""model_4""]","{""model_3"": 3.322402304833609, ""model_4"": 0.6529293903173259, ""model_5"": 5.621346933693167, ""model_6"": 1.5278486205874913}",1.5800099694551341e-16,"{""model_5"": 0, ""model_3"": 1, ""model_6"": 1, ""model_4"": 1}","{""model_5"": 0, ""model_3"": 1, ""model_6"": 1, ""model_4"": 1}"
OLD,steady10s2,8,1787620579.731,1+3,False,False,,MIGRATE,literal line-8 absolute delta exceeds tau,model_4,1,0,False,[],"[""model_4""]",0.07610460184297231,0.10114215009144277,0.10114215009144277,"[""model_5"", ""model_3"", ""model_6"", ""model_4""]","{""model_3"": 3.250499390292187, ""model_4"": 0.6023884260881953, ""model_5"": 4.883626354591513, ""model_6"": 1.5208815370132094}",3.305606777258617e-16,"{""model_5"": 0, ""model_3"": 1, ""model_6"": 1, ""model_4"": 1}","{""model_5"": 0, ""model_3"": 1, ""model_6"": 1, ""model_4"": 0}"
OLD,steady10s2,9,1787620584.7428157,2+2,False,False,,,migration cooldown active,,,,True,[],[],0.08342737437929582,0.06874122636713399,0.08342737437929582,"[""model_5"", ""model_3"", ""model_6"", ""model_4""]","{""model_3"": 2.760240741892356, ""model_4"": 0.5914701032140954, ""model_5"": 4.275181050275023, ""model_6"": 1.293209190236829}",2.737544951408786e-16,"{""model_4"": 0, ""model_5"": 0, ""model_3"": 1, ""model_6"": 1}","{""model_5"": 0, ""model_3"": 1, ""model_6"": 1, ""model_4"": 0}"
OLD,steady10s2,10,1787620589.754223,2+2,False,False,,,migration cooldown active,,,,True,[],[],0.0952861087691719,0.08802207369860457,0.0952861087691719,"[""model_5"", ""model_3"", ""model_6"", ""model_4""]","{""model_3"": 3.3345034032331475, ""model_4"": 0.8831469725159957, ""model_5"": 4.675271407579429, ""model_6"": 1.8558763370687483}",1.597897745302284e-16,"{""model_4"": 0, ""model_5"": 0, ""model_3"": 1, ""model_6"": 1}","{""model_5"": 0, ""model_3"": 1, ""model_6"": 1, ""model_4"": 0}"
OLD,steady10s2,11,1787620594.7851703,2+2,False,False,,,migration cooldown active,,,,True,[],[],0.09989397974387468,0.10755141141611022,0.10755141141611022,"[""model_5"", ""model_3"", ""model_6"", ""model_4""]","{""model_3"": 4.467953554263262, ""model_4"": 0.708448461276036, ""model_5"": 5.118765392259716, ""model_6"": 1.8740086763300674}",2.8009577711314466e-16,"{""model_4"": 0, ""model_5"": 0, ""model_3"": 1, ""model_6"": 1}","{""model_5"": 0, ""model_3"": 1, ""model_6"": 1, ""model_4"": 0}"
OLD,steady10s2,12,1787620599.79923,2+2,False,False,,,migration cooldown active,,,,True,[],"[""model_4""]",0.11216706390676305,0.08573099691854455,0.11216706390676305,"[""model_5"", ""model_3"", ""model_6"", ""model_4""]","{""model_3"": 3.4526742154422867, ""model_4"": 0.3896106394620553, ""model_5"": 6.153541113864687, ""model_6"": 1.602608065744779}",2.714833625090684e-16,"{""model_4"": 0, ""model_5"": 0, ""model_3"": 1, ""model_6"": 1}","{""model_5"": 0, ""model_3"": 1, ""model_6"": 1, ""model_4"": 1}"
OLD,steady10s2,13,1787620604.8106394,2+2,False,False,,,migration cooldown active,,,,True,[],[],0.10933059808702952,0.09408353801584696,0.10933059808702952,"[""model_5"", ""model_3"", ""model_6"", ""model_4""]","{""model_3"": 3.656364709828655, ""model_4"": 0.37393694478038997, ""model_5"": 6.003752455737796, ""model_6"": 1.8914401656331332}",1.3926335447254002e-16,"{""model_4"": 0, ""model_5"": 0, ""model_3"": 1, ""model_6"": 1}","{""model_5"": 0, ""model_3"": 1, ""model_6"": 1, ""model_4"": 0}"
OLD,steady10s2,14,1787620609.834758,2+2,False,False,,,line-8 placement unchanged or every candidate blocked,,,,False,[],[],0.10273196420453873,0.100825818074116,0.10273196420453873,"[""model_5"", ""model_3"", ""model_6"", ""model_4""]","{""model_3"": 3.9813428262882904, ""model_4"": 0.36378312310536587, ""model_5"": 5.628981671615255, ""model_6"": 1.9640327078438125}",7.410422819218383e-17,"{""model_4"": 0, ""model_5"": 0, ""model_3"": 1, ""model_6"": 1}","{""model_5"": 0, ""model_3"": 1, ""model_6"": 1, ""model_4"": 0}"
OLD,steady10s2,15,1787620614.8627505,2+2,False,False,,,line-8 placement unchanged or every candidate blocked,,,,False,[],[],0.08867120513622834,0.11409868978117393,0.11409868978117393,"[""model_5"", ""model_3"", ""model_6"", ""model_4""]","{""model_3"": 4.741831141868997, ""model_4"": 0.3935545354610426, ""model_5"": 4.7789901594681234, ""model_6"": 1.986203122161125}",3.9603473385171315e-16,"{""model_4"": 0, ""model_5"": 0, ""model_3"": 1, ""model_6"": 1}","{""model_5"": 0, ""model_3"": 1, ""model_6"": 1, ""model_4"": 0}"
OLD,steady10s2,16,1787620619.8762317,2+2,False,False,,,line-8 placement unchanged or every candidate blocked,,,,False,[],[],0.09722243189381971,0.12710313525129477,0.12710313525129477,"[""model_3"", ""model_5"", ""model_6"", ""model_4""]","{""model_3"": 5.657624563868326, ""model_4"": 0.3191739418483346, ""model_5"": 5.352197881145247, ""model_6"": 1.8372401946704267}",2.3700985896729924e-16,"{""model_4"": 0, ""model_5"": 0, ""model_3"": 1, ""model_6"": 1}","{""model_3"": 1, ""model_5"": 0, ""model_6"": 1, ""model_4"": 0}"
OLD,steady10s2,17,1787620624.9151106,2+2,False,False,,,line-8 placement unchanged or every candidate blocked,,,,False,[],[],0.07699487036666937,0.11440017187212613,0.11440017187212613,"[""model_3"", ""model_5"", ""model_6"", ""model_4""]","{""model_3"": 4.64673107025501, ""model_4"": 0.32649820590833123, ""model_5"": 4.164919359016112, ""model_6"": 2.099080626993741}",2.6332736802077206e-16,"{""model_4"": 0, ""model_5"": 0, ""model_3"": 1, ""model_6"": 1}","{""model_3"": 1, ""model_5"": 0, ""model_6"": 1, ""model_4"": 0}"
OLD,steady10s2,18,1787620629.938821,2+2,False,False,,,line-8 placement unchanged or every candidate blocked,,,,False,[],[],0.07928444947266682,0.10661434316112701,0.10661434316112701,"[""model_3"", ""model_5"", ""model_6"", ""model_4""]","{""model_3"": 4.446897980880114, ""model_4"": 0.5079535988157797, ""model_5"": 4.1170242379032445, ""model_6"": 1.8398083362636104}",2.825576303057391e-16,"{""model_4"": 0, ""model_5"": 0, ""model_3"": 1, ""model_6"": 1}","{""model_3"": 1, ""model_5"": 0, ""model_6"": 1, ""model_4"": 0}"
OLD,steady10s2,19,1787620635.000101,2+2,False,False,,,line-8 placement unchanged or every candidate blocked,,,,False,[],[],0.09884019649680019,0.10002433733999325,0.10002433733999325,"[""model_5"", ""model_3"", ""model_6"", ""model_4""]","{""model_3"": 4.058255767023395, ""model_4"": 0.4829040801568143, ""model_5"": 5.28283839790946, ""model_6"": 1.8398590154604655}",3.0117366394354525e-16,"{""model_4"": 0, ""model_5"": 0, ""model_3"": 1, ""model_6"": 1}","{""model_5"": 0, ""model_3"": 1, ""model_6"": 1, ""model_4"": 0}"
OLD,steady10s2,20,1787620640.0159788,2+2,False,False,,,line-8 placement unchanged or every candidate blocked,,,,False,[],[],0.10198802173047125,0.11567038246536858,0.11567038246536858,"[""model_5"", ""model_3"", ""model_6"", ""model_4""]","{""model_3"": 4.833563566328682, ""model_4"": 0.46043036414941163, ""model_5"": 5.488937301913061, ""model_6"": 1.9871483809602708}",2.6043569250953406e-16,"{""model_4"": 0, ""model_5"": 0, ""model_3"": 1, ""model_6"": 1}","{""model_5"": 0, ""model_3"": 1, ""model_6"": 1, ""model_4"": 0}"
OLD,steady10s2,21,1787620645.0360935,2+2,False,False,,,line-8 placement unchanged or every candidate blocked,,,,False,[],[],0.10395221915979773,0.11798835255820637,0.11798835255820637,"[""model_5"", ""model_3"", ""model_6"", ""model_4""]","{""model_3"": 5.001809353896749, ""model_4"": 0.545507597851441, ""model_5"": 5.518439530362776, ""model_6"": 1.9555858650188935}",3.8297885562919937e-16,"{""model_4"": 0, ""model_5"": 0, ""model_3"": 1, ""model_6"": 1}","{""model_5"": 0, ""model_3"": 1, ""model_6"": 1, ""model_4"": 0}"
OLD,steady10s2,22,1787620650.059974,2+2,False,False,,,line-8 placement unchanged or every candidate blocked,,,,False,[],[],0.10799026631194224,0.1082980987025649,0.1082980987025649,"[""model_5"", ""model_3"", ""model_6"", ""model_4""]","{""model_3"": 4.432078980692243, ""model_4"": 0.6207138062879458, ""model_5"": 5.678788701404983, ""model_6"": 1.9539130074506046}",2.7816458941672505e-16,"{""model_4"": 0, ""model_5"": 0, ""model_3"": 1, ""model_6"": 1}","{""model_5"": 0, ""model_3"": 1, ""model_6"": 1, ""model_4"": 0}"
OLD,steady10s2,23,1787620655.0789587,2+2,False,False,,,line-8 placement unchanged or every candidate blocked,,,,False,[],[],0.08217694924457611,0.09144620472397927,0.09144620472397927,"[""model_5"", ""model_3"", ""model_6"", ""model_4""]","{""model_3"": 3.5606215580082057, ""model_4"": 0.2848974582297654, ""model_5"": 4.508811414988506, ""model_6"": 1.8316682209403465}",2.470689974324726e-16,"{""model_4"": 0, ""model_5"": 0, ""model_3"": 1, ""model_6"": 1}","{""model_5"": 0, ""model_3"": 1, ""model_6"": 1, ""model_4"": 0}"
OLD,steady10s2,24,1787620660.101939,2+2,False,False,,,line-8 placement unchanged or every candidate blocked,,,,False,[],[],0.0842865926169571,0.11137876805258834,0.11137876805258834,"[""model_5"", ""model_3"", ""model_6"", ""model_4""]","{""model_3"": 4.465730446042943, ""model_4"": 0.2983632321614518, ""model_5"": 4.618409544578115, ""model_6"": 2.1019187459017745}",2.704707251384512e-16,"{""model_4"": 0, ""model_5"": 0, ""model_3"": 1, ""model_6"": 1}","{""model_5"": 0, ""model_3"": 1, ""model_6"": 1, ""model_4"": 0}"
OLD,steady10s2,25,1787620665.1265216,2+2,False,False,,,line-8 placement unchanged or every candidate blocked,,,,False,[],[],0.09580116450999848,0.11246603714528519,0.11246603714528519,"[""model_5"", ""model_3"", ""model_6"", ""model_4""]","{""model_3"": 4.3579285538832675, ""model_4"": 0.536658384304658, ""model_5"": 5.0518052493284005, ""model_6"": 2.2738334137989695}",2.678559405564849e-16,"{""model_4"": 0, ""model_5"": 0, ""model_3"": 1, ""model_6"": 1}","{""model_5"": 0, ""model_3"": 1, ""model_6"": 1, ""model_4"": 0}"
OLD,steady10s2,26,1787620670.1501648,2+2,False,False,,,line-8 placement unchanged or every candidate blocked,,,,False,[],[],0.09627633177259334,0.10484760739800836,0.10484760739800836,"[""model_5"", ""model_3"", ""model_6"", ""model_4""]","{""model_3"": 3.7068829279101916, ""model_4"": 0.6506336523961378, ""model_5"": 4.965548380908641, ""model_6"": 2.4756446403579146}",4.3097830615040583e-16,"{""model_4"": 0, ""model_5"": 0, ""model_3"": 1, ""model_6"": 1}","{""model_5"": 0, ""model_3"": 1, ""model_6"": 1, ""model_4"": 0}"
OLD,steady10s2,27,1787620675.179031,2+2,False,False,,,line-8 placement unchanged or every candidate blocked,,,,False,[],[],0.08572958145018672,0.11133035378119542,0.11133035378119542,"[""model_5"", ""model_3"", ""model_6"", ""model_4""]","{""model_3"": 4.082453913774026, ""model_4"": 0.6114869365366857, ""model_5"": 4.389461128253798, ""model_6"": 2.482340443663613}",2.7058834484094876e-16,"{""model_4"": 0, ""model_5"": 0, ""model_3"": 1, ""model_6"": 1}","{""model_5"": 0, ""model_3"": 1, ""model_6"": 1, ""model_4"": 0}"
OLD,steady10s2,28,1787620680.2402732,2+2,False,False,,,line-8 placement unchanged or every candidate blocked,,,,False,[],[],0.08370267784839781,0.11057202561194718,0.11057202561194718,"[""model_5"", ""model_3"", ""model_6"", ""model_4""]","{""model_3"": 4.066147553468268, ""model_4"": 0.6810685978233977, ""model_5"": 4.201642103930701, ""model_6"": 2.4539306208487193}",2.724441014215805e-16,"{""model_4"": 0, ""model_5"": 0, ""model_3"": 1, ""model_6"": 1}","{""model_5"": 0, ""model_3"": 1, ""model_6"": 1, ""model_4"": 0}"
OLD,steady10s2,29,1787620685.2689219,2+2,False,False,,,line-8 placement unchanged or every candidate blocked,,,,False,[],[],0.07767887377767173,0.11525104624418782,0.11525104624418782,"[""model_3"", ""model_5"", ""model_6"", ""model_4""]","{""model_3"": 4.354322736440407, ""model_4"": 0.460144577207501, ""model_5"": 4.0711736320068015, ""model_6"": 2.4416622970718502}",3.9207491569817487e-16,"{""model_4"": 0, ""model_5"": 0, ""model_3"": 1, ""model_6"": 1}","{""model_3"": 1, ""model_5"": 0, ""model_6"": 1, ""model_4"": 0}"
OLD,steady10s2,30,1787620690.300275,2+2,False,False,,,line-8 placement unchanged or every candidate blocked,,,,False,[],[],0.08407156664444214,0.1166175061036161,0.1166175061036161,"[""model_3"", ""model_5"", ""model_6"", ""model_4""]","{""model_3"": 4.638817295856721, ""model_4"": 0.46875133401178015, ""model_5"": 4.435478121006879, ""model_6"": 2.237743498624284}",2.5832053151132184e-16,"{""model_4"": 0, ""model_5"": 0, ""model_3"": 1, ""model_6"": 1}","{""model_3"": 1, ""model_5"": 0, ""model_6"": 1, ""model_4"": 0}"
OLD,steady10s2,31,1787620695.3379493,2+2,False,False,,,line-8 placement unchanged or every candidate blocked,,,,False,[],[],0.07684522390506529,0.08839863591887165,0.08839863591887165,"[""model_5"", ""model_3"", ""model_6"", ""model_4""]","{""model_3"": 3.459658358816181, ""model_4"": 0.35692566190288044, ""model_5"": 4.125762428668575, ""model_6"": 1.7529260494390027}",1.703911822115561e-16,"{""model_4"": 0, ""model_5"": 0, ""model_3"": 1, ""model_6"": 1}","{""model_5"": 0, ""model_3"": 1, ""model_6"": 1, ""model_4"": 0}"
OLD,steady10s2,32,1787620700.3854291,2+2,False,False,,,line-8 placement unchanged or every candidate blocked,,,,False,[],[],0.07409096112985528,0.09621983041358077,0.09621983041358077,"[""model_5"", ""model_3"", ""model_6"", ""model_4""]","{""model_3"": 3.5636326943890473, ""model_4"": 0.27681743139040416, ""model_5"": 4.045203537487306, ""model_6"": 2.110142500955518}",1.565409959190649e-16,"{""model_4"": 0, ""model_5"": 0, ""model_3"": 1, ""model_6"": 1}","{""model_5"": 0, ""model_3"": 1, ""model_6"": 1, ""model_4"": 0}"
OLD,steady10s2,33,1787620705.4716735,2+2,False,False,,,line-8 placement unchanged or every candidate blocked,,,,False,[],[],0.086951580549508,0.10170842236017233,0.10170842236017233,"[""model_5"", ""model_3"", ""model_6"", ""model_4""]","{""model_3"": 3.8972607984278103, ""model_4"": 0.42251606472434644, ""model_5"": 4.64971607643221, ""model_6"": 2.1001590833611803}",4.442802591146183e-16,"{""model_4"": 0, ""model_5"": 0, ""model_3"": 1, ""model_6"": 1}","{""model_5"": 0, ""model_3"": 1, ""model_6"": 1, ""model_4"": 0}"
OLD,steady10s2,34,1787620710.5015106,2+2,False,False,,,line-8 placement unchanged or every candidate blocked,,,,False,[],[],0.10326185022987833,0.10304650517177033,0.10326185022987833,"[""model_5"", ""model_3"", ""model_6"", ""model_4""]","{""model_3"": 4.061290457569322, ""model_4"": 0.5111431436475229, ""model_5"": 5.512532014195791, ""model_6"": 2.0150318815730968}",2.923407844836218e-16,"{""model_4"": 0, ""model_5"": 0, ""model_3"": 1, ""model_6"": 1}","{""model_5"": 0, ""model_3"": 1, ""model_6"": 1, ""model_4"": 0}"
OLD,steady10s2,35,1787620715.5328858,2+2,False,False,,,line-8 placement unchanged or every candidate blocked,,,,False,[],[],0.10799122469122921,0.09911754144638496,0.10799122469122921,"[""model_5"", ""model_3"", ""model_6"", ""model_4""]","{""model_3"": 3.9992005742723378, ""model_4"": 0.616843224587891, ""model_5"": 5.682715189187389, ""model_6"": 1.8454433589460382}",1.409905839999738e-16,"{""model_4"": 0, ""model_5"": 0, ""model_3"": 1, ""model_6"": 1}","{""model_5"": 0, ""model_3"": 1, ""model_6"": 1, ""model_4"": 0}"
OLD,steady10s2,36,1787620720.5665438,2+2,False,False,,,line-8 placement unchanged or every candidate blocked,,,,False,[],[],0.11189945655356413,0.09745596624320031,0.11189945655356413,"[""model_5"", ""model_3"", ""model_6"", ""model_4""]","{""model_3"": 3.8907055354731552, ""model_4"": 0.6650043623015871, ""model_5"": 5.862536787865015, ""model_6"": 1.8559606302464966}",2.721326144921986e-16,"{""model_4"": 0, ""model_5"": 0, ""model_3"": 1, ""model_6"": 1}","{""model_5"": 0, ""model_3"": 1, ""model_6"": 1, ""model_4"": 0}"
OLD,steady10s2,37,1787620725.6029358,2+2,False,False,,,line-8 placement unchanged or every candidate blocked,,,,False,[],[],0.10271376478249779,0.11354906933477218,0.11354906933477218,"[""model_5"", ""model_3"", ""model_6"", ""model_4""]","{""model_3"": 4.546201894540308, ""model_4"": 0.6385372354090475, ""model_5"": 5.353165914510606, ""model_6"": 2.1494230122684956}",2.6530112784452236e-16,"{""model_4"": 0, ""model_5"": 0, ""model_3"": 1, ""model_6"": 1}","{""model_5"": 0, ""model_3"": 1, ""model_6"": 1, ""model_4"": 0}"
OLD,steady10s2,38,1787620730.6390302,2+2,False,False,,,line-8 placement unchanged or every candidate blocked,,,,False,[],[],0.09975299597720001,0.11294932304144552,0.11294932304144552,"[""model_5"", ""model_3"", ""model_6"", ""model_4""]","{""model_3"": 4.665670016274548, ""model_4"": 0.6541317039378798, ""model_5"": 5.164858004755546, ""model_6"": 1.9945897726791275}",4.0006476376786703e-16,"{""model_4"": 0, ""model_5"": 0, ""model_3"": 1, ""model_6"": 1}","{""model_5"": 0, ""model_3"": 1, ""model_6"": 1, ""model_4"": 0}"
OLD,steady10s2,39,1787620735.6771994,2+2,False,False,,,line-8 placement unchanged or every candidate blocked,,,,False,[],[],0.10144930530635712,0.12433380481517259,0.12433380481517259,"[""model_3"", ""model_5"", ""model_6"", ""model_4""]","{""model_3"": 5.264713648565393, ""model_4"": 0.8866713854794082, ""model_5"": 5.031270805116235, ""model_6"": 2.0668525646667875}",3.6343329400631493e-16,"{""model_4"": 0, ""model_5"": 0, ""model_3"": 1, ""model_6"": 1}","{""model_3"": 1, ""model_5"": 0, ""model_6"": 1, ""model_4"": 0}"
OLD,steady10s2,40,1787620740.7169778,2+2,False,False,,,line-8 placement unchanged or every candidate blocked,,,,False,[],[],0.11592075439832035,0.1176871314064114,0.1176871314064114,"[""model_5"", ""model_3"", ""model_6"", ""model_4""]","{""model_3"": 5.066459922919089, ""model_4"": 0.6894454597020008, ""model_5"": 6.0726740161078325, ""model_6"": 1.8731732495242068}",2.559727287105053e-16,"{""model_4"": 0, ""model_5"": 0, ""model_3"": 1, ""model_6"": 1}","{""model_5"": 0, ""model_3"": 1, ""model_6"": 1, ""model_4"": 0}"
OLD,steady10s2,41,1787620745.7685907,2+2,False,False,,,line-8 placement unchanged or every candidate blocked,,,,False,[],[],0.1027970183356372,0.09694112349396097,0.1027970183356372,"[""model_5"", ""model_3"", ""model_6"", ""model_4""]","{""model_3"": 4.068779275143807, ""model_4"": 0.6142214914953164, ""model_5"": 5.382338169892333, ""model_6"": 1.64752826275888}",2.9622932809930355e-16,"{""model_4"": 0, ""model_5"": 0, ""model_3"": 1, ""model_6"": 1}","{""model_5"": 0, ""model_3"": 1, ""model_6"": 1, ""model_4"": 0}"
OLD,steady10s2,42,1787620750.8095505,2+2,False,False,,,line-8 placement unchanged or every candidate blocked,,,,False,[],[],0.10604400225251055,0.09004390247135681,0.10604400225251055,"[""model_5"", ""model_3"", ""model_6"", ""model_4""]","{""model_3"": 3.6134219856149183, ""model_4"": 0.5494358739524379, ""model_5"": 5.63653329650798, ""model_6"": 1.6961785212458893}",2.871590191368571e-16,"{""model_4"": 0, ""model_5"": 0, ""model_3"": 1, ""model_6"": 1}","{""model_5"": 0, ""model_3"": 1, ""model_6"": 1, ""model_4"": 0}"
OLD,steady10s2,43,1787620755.8579667,2+2,False,False,,,line-8 placement unchanged or every candidate blocked,,,,False,[],[],0.09580806467472011,0.08904170041138733,0.09580806467472011,"[""model_5"", ""model_3"", ""model_6"", ""model_4""]","{""model_3"": 3.2213033065508476, ""model_4"": 0.5640089868223799, ""model_5"": 5.024857160911734, ""model_6"": 2.029200555012035}",3.1783850112789634e-16,"{""model_4"": 0, ""model_5"": 0, ""model_3"": 1, ""model_6"": 1}","{""model_5"": 0, ""model_3"": 1, ""model_6"": 1, ""model_4"": 0}"
OLD,steady10s2,44,1787620760.8962994,2+2,False,False,,,line-8 placement unchanged or every candidate blocked,,,,False,[],[],0.09000763896199142,0.09497115617504458,0.09497115617504458,"[""model_5"", ""model_3"", ""model_6"", ""model_4""]","{""model_3"": 3.8616381527688626, ""model_4"": 0.5448538294730545, ""model_5"": 4.705650375366397, ""model_6"": 1.7385067223888937}",4.75797558545361e-16,"{""model_4"": 0, ""model_5"": 0, ""model_3"": 1, ""model_6"": 1}","{""model_5"": 0, ""model_3"": 1, ""model_6"": 1, ""model_4"": 0}"
OLD,steady10s2,45,1787620765.9338882,2+2,False,True,,MIGRATE,literal line-8 absolute delta exceeds tau,model_4,0,1,False,[],"[""model_6"", ""model_4""]",0.07770404101324067,0.10358369985453822,0.10358369985453822,"[""model_3"", ""model_5"", ""model_6"", ""model_4""]","{""model_3"": 4.630927281847284, ""model_4"": 0.5175627923862917, ""model_5"": 4.0152235219544465, ""model_6"": 1.4770722065328346}",8.177745348341247e-08,"{""model_4"": 0, ""model_5"": 0, ""model_3"": 1, ""model_6"": 1}","{""model_3"": 1, ""model_5"": 0, ""model_6"": 0, ""model_4"": 1}"
OLD,steady10s2,46,1787620770.971077,1+3,False,False,,,migration cooldown active,,,,True,[],"[""model_4""]",0.07624704230236029,0.11633285090668523,0.11633285090668523,"[""model_5"", ""model_3"", ""model_6"", ""model_4""]","{""model_3"": 4.345512524687982, ""model_4"": 0.45315930581817465, ""model_5"": 4.892766747742279, ""model_6"": 1.3821925117097789}",2.8739618620450086e-16,"{""model_5"": 0, ""model_3"": 1, ""model_6"": 1, ""model_4"": 1}","{""model_5"": 0, ""model_3"": 1, ""model_6"": 1, ""model_4"": 0}"
OLD,steady10s2,47,1787620776.012422,1+3,False,False,,,migration cooldown active,,,,True,[],"[""model_4""]",0.08460973273610743,0.15160294292659984,0.15160294292659984,"[""model_3"", ""model_5"", ""model_6"", ""model_4""]","{""model_3"": 5.761539378024947, ""model_4"": 0.6209553878804062, ""model_5"": 5.429399939540643, ""model_6"": 1.6722998755639762}",2.2053409409779983e-16,"{""model_5"": 0, ""model_3"": 1, ""model_6"": 1, ""model_4"": 1}","{""model_3"": 1, ""model_5"": 0, ""model_6"": 1, ""model_4"": 0}"
OLD,steady10s2,48,1787620781.4503596,1+3,False,True,,,migration cooldown active,,,,True,[],"[""model_6""]",0.07945705516193324,0.1564361516210159,0.1564361516210159,"[""model_3"", ""model_5"", ""model_6"", ""model_4""]","{""model_3"": 5.916449379911583, ""model_4"": 1.1975688965153952, ""model_5"": 5.098753022158821, ""model_6"": 1.1975688965153957}",1.0686026642318212e-16,"{""model_5"": 0, ""model_3"": 1, ""model_6"": 1, ""model_4"": 1}","{""model_3"": 1, ""model_5"": 0, ""model_6"": 0, ""model_4"": 1}"
OLD,steady10s2,49,1787620786.5157008,1+3,False,True,,,migration cooldown active,,,,True,[],"[""model_6""]",0.06328134577129291,0.14460237961637692,0.14460237961637692,"[""model_3"", ""model_5"", ""model_6"", ""model_4""]","{""model_3"": 5.391609780800349, ""model_4"": 1.1456194579438694, ""model_5"": 4.060759014288727, ""model_6"": 1.1456194579438699}",1.1560535092705912e-16,"{""model_5"": 0, ""model_3"": 1, ""model_6"": 1, ""model_4"": 1}","{""model_3"": 1, ""model_5"": 0, ""model_6"": 0, ""model_4"": 1}"
OLD,steady10s2,50,1787620791.5595622,1+3,False,False,,,migration cooldown active,,,,True,[],"[""model_4""]",0.10212287102011729,0.12365362411807199,0.12365362411807199,"[""model_5"", ""model_3"", ""model_6"", ""model_4""]","{""model_3"": 4.564676128182344, ""model_4"": 0.5168982027423776, ""model_5"": 6.553216655011626, ""model_6"": 1.4882489833016717}",4.055718292043794e-16,"{""model_5"": 0, ""model_3"": 1, ""model_6"": 1, ""model_4"": 1}","{""model_5"": 0, ""model_3"": 1, ""model_6"": 1, ""model_4"": 0}"
OLD,steady10s2,51,1787620796.604929,1+3,False,False,,MIGRATE,literal line-8 absolute delta exceeds tau,model_4,1,0,False,[],"[""model_4""]",0.09351314776409524,0.13264698419355253,0.13264698419355253,"[""model_5"", ""model_3"", ""model_6"", ""model_4""]","{""model_3"": 4.382595166069877, ""model_4"": 0.683466502420206, ""model_5"": 6.000731386307321, ""model_6"": 1.981586595215404}",1.2602479386976982e-16,"{""model_5"": 0, ""model_3"": 1, ""model_6"": 1, ""model_4"": 1}","{""model_5"": 0, ""model_3"": 1, ""model_6"": 1, ""model_4"": 0}"
OLD,steady10s2,52,1787620801.646879,2+2,False,False,,,migration cooldown active,,,,True,[],[],0.09470760298557306,0.10765881429205719,0.10765881429205719,"[""model_5"", ""model_3"", ""model_6"", ""model_4""]","{""model_3"": 4.058087840986482, ""model_4"": 0.42137317566077526, ""model_5"": 5.103298657093348, ""model_6"": 2.290207593176602}",1.3990817360522174e-16,"{""model_4"": 0, ""model_5"": 0, ""model_3"": 1, ""model_6"": 1}","{""model_5"": 0, ""model_3"": 1, ""model_6"": 1, ""model_4"": 0}"
OLD,steady10s2,53,1787620806.7196972,2+2,False,False,,,migration cooldown active,,,,True,[],[],0.09833022348244239,0.11525933006959271,0.11525933006959271,"[""model_5"", ""model_3"", ""model_6"", ""model_4""]","{""model_3"": 4.788702179215078, ""model_4"": 0.5203297362345247, ""model_5"": 5.215663983980531, ""model_6"": 2.0077713249471776}",5.227289824090053e-16,"{""model_4"": 0, ""model_5"": 0, ""model_3"": 1, ""model_6"": 1}","{""model_5"": 0, ""model_3"": 1, ""model_6"": 1, ""model_4"": 0}"
OLD,steady10s2,54,1787620811.7650545,2+2,False,False,,,migration cooldown active,,,,True,[],[],0.1183640155253363,0.12123037380213778,0.12123037380213778,"[""model_5"", ""model_3"", ""model_6"", ""model_4""]","{""model_3"": 5.029268378561497, ""model_4"": 0.5836014392403772, ""model_5"": 6.321043192976851, ""model_6"": 2.1192984485094852}",3.727369868055259e-16,"{""model_4"": 0, ""model_5"": 0, ""model_3"": 1, ""model_6"": 1}","{""model_5"": 0, ""model_3"": 1, ""model_6"": 1, ""model_4"": 0}"
OLD,steady10s2,55,1787620816.809723,2+2,False,False,,,migration cooldown active,,,,True,[],[],0.1055030486336458,0.12012423071822817,0.12012423071822817,"[""model_5"", ""model_3"", ""model_6"", ""model_4""]","{""model_3"": 5.285794424175845, ""model_4"": 0.4508688231343072, ""model_5"": 5.703544367375654, ""model_6"": 1.7975466883515518}",2.507795136759172e-16,"{""model_4"": 0, ""model_5"": 0, ""model_3"": 1, ""model_6"": 1}","{""model_5"": 0, ""model_3"": 1, ""model_6"": 1, ""model_4"": 0}"
OLD,steady10s2,56,1787620821.8574355,2+2,False,False,,,migration cooldown active,,,,True,[],[],0.10410390004782383,0.11788919505580839,0.11788919505580839,"[""model_5"", ""model_3"", ""model_6"", ""model_4""]","{""model_3"": 5.002595309916809, ""model_4"": 0.5492463847827138, ""model_5"": 5.523548893983606, ""model_6"": 1.9489529086963}",3.833009820698579e-16,"{""model_4"": 0, ""model_5"": 0, ""model_3"": 1, ""model_6"": 1}","{""model_5"": 0, ""model_3"": 1, ""model_6"": 1, ""model_4"": 0}"
OLD,steady10s2,57,1787620826.9065826,2+2,False,False,,,line-8 placement unchanged or every candidate blocked,,,,False,[],[],0.10898813759132386,0.11997942411936774,0.11997942411936774,"[""model_5"", ""model_3"", ""model_6"", ""model_4""]","{""model_3"": 4.917862143738897, ""model_4"": 0.40689431365746054, ""model_5"": 5.950818001655177, ""model_6"": 2.1569401874873373}",2.510821866442684e-16,"{""model_4"": 0, ""model_5"": 0, ""model_3"": 1, ""model_6"": 1}","{""model_5"": 0, ""model_3"": 1, ""model_6"": 1, ""model_4"": 0}"
OLD,steady10s2,58,1787620831.9621377,2+2,False,False,,,line-8 placement unchanged or every candidate blocked,,,,False,[],[],0.1041658551342016,0.12395629634915853,0.12395629634915853,"[""model_5"", ""model_3"", ""model_6"", ""model_4""]","{""model_3"": 5.348248227635959, ""model_4"": 0.361236521528701, ""model_5"": 5.715172844278329, ""model_6"": 1.9610575205621763}",1.2151337627640984e-16,"{""model_4"": 0, ""model_5"": 0, ""model_3"": 1, ""model_6"": 1}","{""model_5"": 0, ""model_3"": 1, ""model_6"": 1, ""model_4"": 0}"
OLD,steady10s2,59,1787620837.012014,2+2,False,False,,,line-8 placement unchanged or every candidate blocked,,,,False,[],[],0.08922689998528206,0.0976554816031971,0.0976554816031971,"[""model_5"", ""model_3"", ""model_6"", ""model_4""]","{""model_3"": 4.412853806022621, ""model_4"": 0.36555312484431424, ""model_5"": 4.8394074647268175, ""model_6"": 1.3455771414034021}",1.5423965795702292e-16,"{""model_4"": 0, ""model_5"": 0, ""model_3"": 1, ""model_6"": 1}","{""model_5"": 0, ""model_3"": 1, ""model_6"": 1, ""model_4"": 0}"
OLD,steady10s2,60,1787620842.083383,2+2,False,False,,,line-8 placement unchanged or every candidate blocked,,,,False,[],[],0.10131060886885974,0.11632485777057351,0.11632485777057351,"[""model_5"", ""model_3"", ""model_6"", ""model_4""]","{""model_3"": 5.377757027793451, ""model_4"": 0.35451606265023683, ""model_5"": 5.555335412127566, ""model_6"": 1.4815472318772234}",2.5897041043132505e-16,"{""model_4"": 0, ""model_5"": 0, ""model_3"": 1, ""model_6"": 1}","{""model_5"": 0, ""model_3"": 1, ""model_6"": 1, ""model_4"": 0}"
OLD,steady10s2,61,1787620847.1619313,2+2,False,False,,,line-8 placement unchanged or every candidate blocked,,,,False,[],[],0.09249612986523943,0.09183800392804238,0.09249612986523943,"[""model_5"", ""model_3"", ""model_6"", ""model_4""]","{""model_3"": 3.822637061886532, ""model_4"": 0.42671352327256384, ""model_5"": 4.968954271034286, ""model_6"": 1.5927558611437969}",3.28019935884217e-16,"{""model_4"": 0, ""model_5"": 0, ""model_3"": 1, ""model_6"": 1}","{""model_5"": 0, ""model_3"": 1, ""model_6"": 1, ""model_4"": 0}"
OLD,steady10s2,62,1787620852.214541,2+2,False,False,,,line-8 placement unchanged or every candidate blocked,,,,False,[],[],0.09737854474292347,0.09619076503370833,0.09737854474292347,"[""model_5"", ""model_3"", ""model_6"", ""model_4""]","{""model_3"": 4.140042775910931, ""model_4"": 0.35744750500033695, ""model_5"": 5.323031002493601, ""model_6"": 1.5320185270826008}",4.690688039018551e-16,"{""model_4"": 0, ""model_5"": 0, ""model_3"": 1, ""model_6"": 1}","{""model_5"": 0, ""model_3"": 1, ""model_6"": 1, ""model_4"": 0}"
OLD,steady10s2,63,1787620857.2674778,2+2,False,False,,,line-8 placement unchanged or every candidate blocked,,,,False,[],[],0.09364888328449782,0.09687053565099399,0.09687053565099399,"[""model_5"", ""model_3"", ""model_6"", ""model_4""]","{""model_3"": 3.8823501673612593, ""model_4"": 0.49995811337201124, ""model_5"": 4.962954380882086, ""model_6"": 1.8297950315433502}",4.664684048317506e-16,"{""model_4"": 0, ""model_5"": 0, ""model_3"": 1, ""model_6"": 1}","{""model_5"": 0, ""model_3"": 1, ""model_6"": 1, ""model_4"": 0}"
OLD,steady10s2,64,1787620862.716518,2+2,False,False,,MIGRATE,literal line-8 absolute delta exceeds tau,model_4,0,1,False,[],"[""model_4""]",0.12669341617924604,0.08771166522352111,0.12669341617924604,"[""model_5"", ""model_3"", ""model_6"", ""model_4""]","{""model_3"": 3.369641591765475, ""model_4"": 0.5945375383132865, ""model_5"": 6.795994221502226, ""model_6"": 1.802434355037894}",2.4035575478598495e-16,"{""model_4"": 0, ""model_5"": 0, ""model_3"": 1, ""model_6"": 1}","{""model_5"": 0, ""model_3"": 1, ""model_6"": 1, ""model_4"": 1}"
OLD,steady10s2,65,1787620867.7952614,1+3,False,False,,,migration cooldown active,,,,True,[],[],0.13845059836824972,0.10647112922351065,0.13845059836824972,"[""model_5"", ""model_3"", ""model_6"", ""model_4""]","{""model_3"": 3.5391134262215296, ""model_4"": 0.5008205534609598, ""model_5"": 8.884364080837587, ""model_6"": 1.616968614589308}",9.997096152506966e-17,"{""model_5"": 0, ""model_3"": 1, ""model_6"": 1, ""model_4"": 1}","{""model_5"": 0, ""model_3"": 1, ""model_6"": 1, ""model_4"": 1}"
OLD,steady10s2,66,1787620872.8571985,1+3,False,False,,,migration cooldown active,,,,True,[],[],0.0997251601866784,0.1176517529272598,0.1176517529272598,"[""model_5"", ""model_3"", ""model_6"", ""model_4""]","{""model_3"": 3.8191221036867544, ""model_4"": 0.5811447362721938, ""model_5"": 6.399355738151014, ""model_6"": 1.8506719000415364}",1.387918496865357e-16,"{""model_5"": 0, ""model_3"": 1, ""model_6"": 1, ""model_4"": 1}","{""model_5"": 0, ""model_3"": 1, ""model_6"": 1, ""model_4"": 1}"
OLD,steady10s2,67,1787620877.937898,1+3,False,False,,,migration cooldown active,,,,True,[],"[""model_4""]",0.07925031717829781,0.12021467858403953,0.12021467858403953,"[""model_5"", ""model_3"", ""model_6"", ""model_4""]","{""model_3"": 4.068913451653555, ""model_4"": 0.746703074084786, ""model_5"": 5.08548666190034, ""model_6"": 1.5714926569210887}",1.3905796727437662e-16,"{""model_5"": 0, ""model_3"": 1, ""model_6"": 1, ""model_4"": 1}","{""model_5"": 0, ""model_3"": 1, ""model_6"": 1, ""model_4"": 0}"
OLD,steady10s2,68,1787620882.9998608,1+3,False,False,,,migration cooldown active,,,,True,[],"[""model_4""]",0.08455357457191558,0.12602883594425812,0.12602883594425812,"[""model_5"", ""model_3"", ""model_6"", ""model_4""]","{""model_3"": 4.591818302347654, ""model_4"": 0.6568500152861372, ""model_5"": 5.425796274531808, ""model_6"": 1.4473520421155321}",1.3264272985773532e-16,"{""model_5"": 0, ""model_3"": 1, ""model_6"": 1, ""model_4"": 1}","{""model_5"": 0, ""model_3"": 1, ""model_6"": 1, ""model_4"": 0}"
OLD,steady10s2,69,1787620888.0583212,1+3,False,False,,,migration cooldown active,,,,True,[],"[""model_4""]",0.09915404029891868,0.12298522135304546,0.12298522135304546,"[""model_5"", ""model_3"", ""model_6"", ""model_4""]","{""model_3"": 3.960255984204784, ""model_4"": 0.5375277946657855, ""model_5"": 6.362707019572213, ""model_6"": 2.0365267220413372}",2.7185069322193187e-16,"{""model_5"": 0, ""model_3"": 1, ""model_6"": 1, ""model_4"": 1}","{""model_5"": 0, ""model_3"": 1, ""model_6"": 1, ""model_4"": 0}"
OLD,steady10s2,70,1787620893.1213422,1+3,False,False,,MIGRATE,literal line-8 absolute delta exceeds tau,model_4,1,0,False,[],"[""model_4""]",0.08466460535185909,0.12480685671419159,0.12480685671419159,"[""model_5"", ""model_3"", ""model_6"", ""model_4""]","{""model_3"": 4.28432730177705, ""model_4"": 0.4017896438073638, ""model_5"": 5.432921111006504, ""model_6"": 1.9449786075330782}",5.357657193056519e-16,"{""model_5"": 0, ""model_3"": 1, ""model_6"": 1, ""model_4"": 1}","{""model_5"": 0, ""model_3"": 1, ""model_6"": 1, ""model_4"": 0}"
OLD,steady10s2,71,1787620898.178406,2+2,False,False,,,migration cooldown active,,,,True,[],[],0.1179405601006108,0.1269832576339569,0.1269832576339569,"[""model_5"", ""model_3"", ""model_6"", ""model_4""]","{""model_3"": 5.106870418525784, ""model_4"": 0.5402944115608994, ""model_5"": 6.339648378526881, ""model_6"": 2.3809255409015453}",2.372336063943851e-16,"{""model_4"": 0, ""model_5"": 0, ""model_3"": 1, ""model_6"": 1}","{""model_5"": 0, ""model_3"": 1, ""model_6"": 1, ""model_4"": 0}"
OLD,steady10s2,72,1787620903.2468407,2+2,False,False,,,migration cooldown active,,,,True,[],[],0.1261594077247406,0.13106269542811155,0.13106269542811155,"[""model_5"", ""model_3"", ""model_6"", ""model_4""]","{""model_3"": 5.504775005602891, ""model_4"": 0.5355772893362378, ""model_5"": 6.823803629638037, ""model_6"": 2.2235723335965565}",3.447742631319656e-16,"{""model_4"": 0, ""model_5"": 0, ""model_3"": 1, ""model_6"": 1}","{""model_5"": 0, ""model_3"": 1, ""model_6"": 1, ""model_4"": 0}"
OLD,steady10s2,73,1787620908.3118987,2+2,False,False,,,migration cooldown active,,,,True,[],"[""model_4""]",0.12060177467153436,0.08882280483042036,0.12060177467153436,"[""model_5"", ""model_3"", ""model_6"", ""model_4""]","{""model_3"": 3.346722632886866, ""model_4"": 0.4810461306945404, ""model_5"": 6.554135908592016, ""model_6"": 1.8908736574162988}",2.524962153758842e-16,"{""model_4"": 0, ""model_5"": 0, ""model_3"": 1, ""model_6"": 1}","{""model_5"": 0, ""model_3"": 1, ""model_6"": 1, ""model_4"": 1}"
OLD,steady10s2,74,1787620913.4099357,2+2,False,False,,,migration cooldown active,,,,True,[],"[""model_4""]",0.09879790423290298,0.08243981827027624,0.09879790423290298,"[""model_5"", ""model_3"", ""model_6"", ""model_4""]","{""model_3"": 2.838345095089494, ""model_4"": 0.408573347059211, ""model_5"": 5.354702054745697, ""model_6"": 2.022866923265798}",1.5411000824669437e-16,"{""model_4"": 0, ""model_5"": 0, ""model_3"": 1, ""model_6"": 1}","{""model_5"": 0, ""model_3"": 1, ""model_6"": 1, ""model_4"": 1}"
OLD,steady10s2,75,1787620918.48216,2+2,False,False,,,migration cooldown active,,,,True,[],[],0.10995001298161225,0.09596755143195079,0.10995001298161225,"[""model_5"", ""model_3"", ""model_6"", ""model_4""]","{""model_3"": 3.693594204519898, ""model_4"": 0.4253458096366729, ""model_5"": 5.988476529663744, ""model_6"": 1.9653049073590598}",1.384787998036445e-16,"{""model_4"": 0, ""model_5"": 0, ""model_3"": 1, ""model_6"": 1}","{""model_5"": 0, ""model_3"": 1, ""model_6"": 1, ""model_4"": 0}"
OLD,steady10s2,76,1787620923.8244894,2+2,False,False,,,line-8 placement unchanged or every candidate blocked,,,,False,[],[],0.09243870480535016,0.10477664685253407,0.10477664685253407,"[""model_5"", ""model_3"", ""model_6"", ""model_4""]","{""model_3"": 3.902983635182647, ""model_4"": 0.47728905015882805, ""model_5"": 4.9150289116017065, ""model_6"": 2.2753596170143386}",1.4375672950580947e-16,"{""model_4"": 0, ""model_5"": 0, ""model_3"": 1, ""model_6"": 1}","{""model_5"": 0, ""model_3"": 1, ""model_6"": 1, ""model_4"": 0}"
OLD,steady10s2,77,1787620928.888934,2+2,False,False,,,line-8 placement unchanged or every candidate blocked,,,,False,[],[],0.09923430377135402,0.11865561653306661,0.11865561653306661,"[""model_5"", ""model_3"", ""model_6"", ""model_4""]","{""model_3"": 4.4282613423902175, ""model_4"": 0.4483447986640394, ""model_5"": 5.340387526998133, ""model_6"": 2.5684802957930137}",5.077668810024828e-16,"{""model_4"": 0, ""model_5"": 0, ""model_3"": 1, ""model_6"": 1}","{""model_5"": 0, ""model_3"": 1, ""model_6"": 1, ""model_4"": 0}"
OLD,steady10s2,78,1787620933.951959,2+2,False,False,,,line-8 placement unchanged or every candidate blocked,,,,False,[],[],0.08392683247693082,0.11568136702811743,0.11568136702811743,"[""model_5"", ""model_3"", ""model_6"", ""model_4""]","{""model_3"": 4.294211937921258, ""model_4"": 0.4016149598053058, ""model_5"": 4.494171574547222, ""model_6"": 2.527147733848066}",3.9061644412736983e-16,"{""model_4"": 0, ""model_5"": 0, ""model_3"": 1, ""model_6"": 1}","{""model_5"": 0, ""model_3"": 1, ""model_6"": 1, ""model_4"": 0}"
OLD,steady10s2,79,1787620939.07115,2+2,False,False,,,line-8 placement unchanged or every candidate blocked,,,,False,[],[],0.08478349149355485,0.12454714691603948,0.12454714691603948,"[""model_3"", ""model_5"", ""model_6"", ""model_4""]","{""model_3"": 4.682598361258528, ""model_4"": 0.5750458959113702, ""model_5"": 4.3707129721316065, ""model_6"": 2.6615479523003556}",3.6281075367208676e-16,"{""model_4"": 0, ""model_5"": 0, ""model_3"": 1, ""model_6"": 1}","{""model_3"": 1, ""model_5"": 0, ""model_6"": 1, ""model_4"": 0}"
OLD,steady10s2,80,1787620944.142726,2+2,False,False,,,line-8 placement unchanged or every candidate blocked,,,,False,[],[],0.10338889294306476,0.13123300327759627,0.13123300327759627,"[""model_5"", ""model_3"", ""model_6"", ""model_4""]","{""model_3"": 5.237554940850562, ""model_4"": 0.7708503684250991, ""model_5"": 5.260235697064191, ""model_6"": 2.500834906715665}",3.4432683175536687e-16,"{""model_4"": 0, ""model_5"": 0, ""model_3"": 1, ""model_6"": 1}","{""model_5"": 0, ""model_3"": 1, ""model_6"": 1, ""model_4"": 0}"
OLD,steady10s2,81,1787620949.2298954,2+2,False,False,,,line-8 placement unchanged or every candidate blocked,,,,False,[],[],0.09972288688113391,0.11712792683097224,0.11712792683097224,"[""model_5"", ""model_3"", ""model_6"", ""model_4""]","{""model_3"": 4.7027438099137555, ""model_4"": 0.8134260219020866, ""model_5"": 5.0038073032518735, ""model_6"": 2.20391485991805}",3.8579223130557066e-16,"{""model_4"": 0, ""model_5"": 0, ""model_3"": 1, ""model_6"": 1}","{""model_5"": 0, ""model_3"": 1, ""model_6"": 1, ""model_4"": 0}"
OLD,steady10s2,82,1787620954.3303227,2+2,False,False,,,line-8 placement unchanged or every candidate blocked,,,,False,[],[],0.1053698864480973,0.10649178484601587,0.10649178484601587,"[""model_5"", ""model_3"", ""model_6"", ""model_4""]","{""model_3"": 4.341044946676806, ""model_4"": 0.9317654240632403, ""model_5"": 5.214879885595594, ""model_6"": 1.9384344991944156}",2.828828177100271e-16,"{""model_4"": 0, ""model_5"": 0, ""model_3"": 1, ""model_6"": 1}","{""model_5"": 0, ""model_3"": 1, ""model_6"": 1, ""model_4"": 0}"
OLD,steady10s2,83,1787620959.3986764,2+2,False,False,,,line-8 placement unchanged or every candidate blocked,,,,False,[],[],0.09416852203890837,0.10996171050932319,0.10996171050932319,"[""model_5"", ""model_3"", ""model_6"", ""model_4""]","{""model_3"": 4.288839224806949, ""model_4"": 0.841296169344633, ""model_5"": 4.6519289238898915, ""model_6"": 2.195250622823864}",1.369781172950051e-16,"{""model_4"": 0, ""model_5"": 0, ""model_3"": 1, ""model_6"": 1}","{""model_5"": 0, ""model_3"": 1, ""model_6"": 1, ""model_4"": 0}"
OLD,steady10s2,84,1787620964.4688125,2+2,False,False,,,line-8 placement unchanged or every candidate blocked,,,,False,[],[],0.0869266696692543,0.09136745860042704,0.09136745860042704,"[""model_5"", ""model_3"", ""model_6"", ""model_4""]","{""model_3"": 3.394467334031498, ""model_4"": 0.7924629339719922, ""model_5"": 4.2783160562850755, ""model_6"": 1.9931790382448558}",1.6485462451108458e-16,"{""model_4"": 0, ""model_5"": 0, ""model_3"": 1, ""model_6"": 1}","{""model_5"": 0, ""model_3"": 1, ""model_6"": 1, ""model_4"": 0}"
OLD,steady10s2,85,1787620969.5437045,2+2,False,False,,,line-8 placement unchanged or every candidate blocked,,,,False,[],[],0.07590843242118495,0.07453573788224992,0.07590843242118495,"[""model_5"", ""model_3"", ""model_6"", ""model_4""]","{""model_3"": 3.0526615027986845, ""model_4"": 0.5339786970839439, ""model_5"": 3.894062613704204, ""model_6"": 1.3424722128321893}",4.011608552685515e-16,"{""model_4"": 0, ""model_5"": 0, ""model_3"": 1, ""model_6"": 1}","{""model_5"": 0, ""model_3"": 1, ""model_6"": 1, ""model_4"": 0}"
OLD,steady10s2,86,1787620974.6117523,2+2,False,False,,,line-8 placement unchanged or every candidate blocked,,,,False,[],[],0.0421172565788504,0.04290151946902942,0.04290151946902942,"[""model_5"", ""model_3"", ""model_6"", ""model_4""]","{""model_3"": 1.7631687979936912, ""model_4"": 0.2402184460823238, ""model_5"": 2.2166489411062016, ""model_6"": 0.7665963861654248}",1.755456247998275e-16,"{""model_4"": 0, ""model_5"": 0, ""model_3"": 1, ""model_6"": 1}","{""model_5"": 0, ""model_3"": 1, ""model_6"": 1, ""model_4"": 0}"
