window_s,workload,rate,seed,cond,cycle,timestamp,replay_match,rank1_model,optimum_is_colocated,separated_penalty,plan_colocated,residency_colocated,residency_shape,plan_id,migration,cand_model,wrate_model_3,wrate_model_4,wrate_model_5,wrate_model_6
30,steady,8,3,steady_r8_s3,1,1787644275.6728563,True,model_5,False,0.0,False,False,2+2,"{""model_3"": 1, ""model_4"": 0, ""model_5"": 0, ""model_6"": 1}",False,,0.0007842530838919848,0.00021534897058323076,0.005305729117955757,0.0003567942647718672
30,steady,8,3,steady_r8_s3,2,1787644280.6763988,True,model_5,False,0.0,False,False,2+2,"{""model_3"": 1, ""model_4"": 0, ""model_5"": 0, ""model_6"": 1}",False,,0.208611574470651,0.037931938716884966,0.292876247311158,0.22421922647644418
30,steady,8,3,steady_r8_s3,3,1787644285.686796,True,model_5,False,0.0,False,False,2+2,"{""model_3"": 1, ""model_4"": 0, ""model_5"": 0, ""model_6"": 1}",False,,0.6904788222894721,0.071680038605344,0.7034335664585748,0.43855090122445184
30,steady,8,3,steady_r8_s3,4,1787644290.6954453,True,model_5,False,0.0,False,False,2+2,"{""model_3"": 1, ""model_4"": 0, ""model_5"": 0, ""model_6"": 1}",False,,0.951298990760978,0.2001808420849549,1.232520874101123,0.7267384251035844
30,steady,8,3,steady_r8_s3,5,1787644295.704562,True,model_5,False,0.0,False,False,2+2,"{""model_3"": 1, ""model_4"": 0, ""model_5"": 0, ""model_6"": 1}",False,,1.4002278632117187,0.34049502000445764,1.908682992893404,1.0649281797944108
30,steady,8,3,steady_r8_s3,6,1787644300.731095,True,model_5,False,0.0,False,False,2+2,"{""model_3"": 1, ""model_4"": 0, ""model_5"": 0, ""model_6"": 1}",False,,1.8201393715584555,0.44423095165581516,2.5101404457048693,1.319169466590496
30,steady,8,3,steady_r8_s3,7,1787644305.7579727,True,model_5,False,0.0,False,False,2+2,"{""model_3"": 1, ""model_4"": 0, ""model_5"": 0, ""model_6"": 1}",False,,2.3153391759588233,0.5108041528861547,3.1130835026693626,1.57769233774868
30,steady,8,3,steady_r8_s3,8,1787644310.7693586,True,model_5,False,0.0,False,False,2+2,"{""model_3"": 1, ""model_4"": 0, ""model_5"": 0, ""model_6"": 1}",False,,2.6101062993473683,0.5720859398606284,3.6318776958230754,1.9963644171692567
30,steady,8,3,steady_r8_s3,9,1787644315.7810738,True,model_5,False,0.0,False,False,2+2,"{""model_3"": 1, ""model_4"": 0, ""model_5"": 0, ""model_6"": 1}",False,,2.4558325141303308,0.6451501260636949,3.7424490906412724,2.0386698232253178
30,steady,8,3,steady_r8_s3,10,1787644320.8218246,True,model_5,False,0.0,False,False,2+2,"{""model_3"": 1, ""model_4"": 0, ""model_5"": 0, ""model_6"": 1}",False,,2.576607489049695,0.638843642159697,4.019302036016205,2.0036531743133774
30,steady,8,3,steady_r8_s3,11,1787644325.854637,True,model_5,False,0.0,False,False,2+2,"{""model_3"": 1, ""model_4"": 0, ""model_5"": 0, ""model_6"": 1}",False,,2.4277114392650603,0.5632875821957937,3.903743255827129,2.154321907685648
30,steady,8,3,steady_r8_s3,12,1787644330.8671756,True,model_5,False,0.0,False,False,2+2,"{""model_3"": 1, ""model_4"": 0, ""model_5"": 0, ""model_6"": 1}",False,,2.192211441787782,0.49960643834704976,3.971974932284041,2.12649181429262
30,steady,8,3,steady_r8_s3,13,1787644335.8811023,True,model_5,False,0.0,False,False,2+2,"{""model_3"": 1, ""model_4"": 0, ""model_5"": 0, ""model_6"": 1}",False,,2.267611773996254,0.5551351455873035,3.8608729645540465,2.2163019292961392
30,steady,8,3,steady_r8_s3,14,1787644340.9042492,True,model_5,False,0.0,False,False,2+2,"{""model_3"": 1, ""model_4"": 0, ""model_5"": 0, ""model_6"": 1}",False,,2.0154183894475595,0.5715322667738789,3.8321159127347277,1.8935564006334398
30,steady,8,3,steady_r8_s3,15,1787644345.9186015,True,model_5,False,0.0,False,False,2+2,"{""model_3"": 1, ""model_4"": 0, ""model_5"": 0, ""model_6"": 1}",False,,2.3678841325795865,0.588698483810413,3.8022977150918162,1.8361129104997282
30,steady,8,3,steady_r8_s3,16,1787644351.1812224,True,model_5,False,0.0,False,False,2+2,"{""model_3"": 1, ""model_4"": 0, ""model_5"": 0, ""model_6"": 1}",False,,2.3488379862564948,0.5196950496116961,3.491488103361967,1.89019261557285
30,steady,8,3,steady_r8_s3,17,1787644356.1989508,True,model_5,False,0.0,False,False,2+2,"{""model_3"": 1, ""model_4"": 0, ""model_5"": 0, ""model_6"": 1}",False,,2.6017035877342387,0.508035633404748,3.7095535701099482,1.7102668883457883
30,steady,8,3,steady_r8_s3,18,1787644361.2119172,True,model_5,False,0.0,False,False,2+2,"{""model_3"": 1, ""model_4"": 0, ""model_5"": 0, ""model_6"": 1}",False,,2.6725104375942017,0.5192335940404429,3.4972182908093585,1.8813749771311843
30,steady,8,3,steady_r8_s3,19,1787644366.2297974,True,model_5,False,0.0,False,False,2+2,"{""model_3"": 1, ""model_4"": 0, ""model_5"": 0, ""model_6"": 1}",False,,2.3442445039079844,0.4847780016529022,3.286474730244156,2.09259654203
30,steady,8,3,steady_r8_s3,20,1787644371.2646332,True,model_5,False,0.0,False,False,2+2,"{""model_3"": 1, ""model_4"": 0, ""model_5"": 0, ""model_6"": 1}",False,,2.4441807540267924,0.4044534678508518,2.968449326913889,2.145860814860604
30,steady,8,3,steady_r8_s3,21,1787644376.296523,True,model_5,False,0.0,False,False,2+2,"{""model_3"": 1, ""model_4"": 0, ""model_5"": 0, ""model_6"": 1}",False,,2.2410592052987677,0.3954090478124548,3.3675462711665207,2.2073310965501145
30,steady,8,3,steady_r8_s3,22,1787644381.34247,True,model_5,False,0.0,False,False,2+2,"{""model_3"": 1, ""model_4"": 0, ""model_5"": 0, ""model_6"": 1}",False,,2.1823522601617102,0.375843255876146,3.411583822845554,2.172671096368252
30,steady,8,3,steady_r8_s3,23,1787644386.361706,True,model_5,False,0.0,False,False,2+2,"{""model_3"": 1, ""model_4"": 0, ""model_5"": 0, ""model_6"": 1}",False,,1.758409752759051,0.41125239206945396,3.266206845013566,2.3089636188640426
30,steady,8,3,steady_r8_s3,24,1787644391.3823109,True,model_5,False,0.0,False,False,2+2,"{""model_3"": 1, ""model_4"": 0, ""model_5"": 0, ""model_6"": 1}",False,,1.7840660141847227,0.4414009854157652,3.3192641361931234,2.2076342662304502
30,steady,8,3,steady_r8_s3,25,1787644396.408514,True,model_5,False,0.0,False,False,2+2,"{""model_3"": 1, ""model_4"": 0, ""model_5"": 0, ""model_6"": 1}",False,,1.8005352713183642,0.44918431951751514,3.5294771238465303,2.0221526192316364
30,steady,8,3,steady_r8_s3,26,1787644401.4317293,True,model_5,False,0.0,False,False,2+2,"{""model_3"": 1, ""model_4"": 1, ""model_5"": 0, ""model_6"": 1}",True,model_4,1.6090653097155339,0.4633050881774121,3.9536171095359114,1.9740364678804738
30,steady,8,3,steady_r8_s3,27,1787644407.2351367,True,model_5,False,0.0,False,False,1+3,"{""model_3"": 1, ""model_4"": 0, ""model_5"": 0, ""model_6"": 1}",False,,1.2164904285705214,0.452784128653299,3.55812806108349,2.294029262565431
30,steady,8,3,steady_r8_s3,28,1787644412.2570457,True,model_5,False,0.0,False,False,1+3,"{""model_3"": 1, ""model_4"": 0, ""model_5"": 0, ""model_6"": 1}",False,,1.3436515689845447,0.5215414221467931,3.598982175291749,2.299279223994636
30,steady,8,3,steady_r8_s3,29,1787644417.310037,True,model_5,False,0.0,False,False,1+3,"{""model_3"": 1, ""model_4"": 0, ""model_5"": 0, ""model_6"": 1}",False,,1.3718846657865464,0.5237563890863077,3.2868991885735914,2.2024862457998715
30,steady,8,3,steady_r8_s3,30,1787644422.3563,True,model_5,False,0.0,False,False,1+3,"{""model_3"": 1, ""model_4"": 0, ""model_5"": 0, ""model_6"": 1}",False,,1.659817797418355,0.5658106981065263,3.304938667574642,2.153401654961768
30,steady,8,3,steady_r8_s3,31,1787644427.4151409,True,model_5,False,0.0,False,False,1+3,"{""model_3"": 1, ""model_4"": 0, ""model_5"": 0, ""model_6"": 1}",False,,1.71247474363611,0.5211414873878413,3.4542418849539165,1.9204664731028571
30,steady,8,3,steady_r8_s3,32,1787644432.4381201,True,model_5,False,0.0,False,False,1+3,"{""model_3"": 1, ""model_4"": 0, ""model_5"": 0, ""model_6"": 1}",True,model_4,2.0837604439010033,0.5591965341965941,3.4779054368199986,1.8758696857836399
30,steady,8,3,steady_r8_s3,33,1787644438.1400177,True,model_5,False,0.0,False,False,2+2,"{""model_3"": 1, ""model_4"": 0, ""model_5"": 0, ""model_6"": 1}",False,,2.329455731468879,0.44715393230710254,3.6001494356977015,1.6658713466741433
30,steady,8,3,steady_r8_s3,34,1787644443.1678877,True,model_5,False,0.0,False,False,2+2,"{""model_3"": 1, ""model_4"": 0, ""model_5"": 0, ""model_6"": 1}",False,,2.7537366498544427,0.45376822459320554,3.7696144237252076,1.5820761562981285
30,steady,8,3,steady_r8_s3,35,1787644448.1922667,True,model_5,False,0.0,False,False,2+2,"{""model_3"": 1, ""model_4"": 0, ""model_5"": 0, ""model_6"": 1}",False,,2.8451581522052805,0.4999755468719074,3.8204433086752236,1.7110826131953494
30,steady,8,3,steady_r8_s3,36,1787644453.2216063,True,model_5,False,0.0,False,False,2+2,"{""model_3"": 1, ""model_4"": 0, ""model_5"": 0, ""model_6"": 1}",False,,2.589603683011334,0.5981428957783781,3.5657683110133465,1.8324432121472736
30,steady,8,3,steady_r8_s3,37,1787644458.2512207,True,model_5,False,0.0,False,False,2+2,"{""model_3"": 1, ""model_4"": 0, ""model_5"": 0, ""model_6"": 1}",False,,2.4969497829572393,0.6187853363181073,3.2953883551623218,1.8899888530730684
30,steady,8,3,steady_r8_s3,38,1787644463.2819712,True,model_5,False,0.0,False,False,2+2,"{""model_3"": 1, ""model_4"": 0, ""model_5"": 0, ""model_6"": 1}",False,,2.4595297072401063,0.5791922137918999,3.17091595005508,1.7707687793830638
30,steady,8,3,steady_r8_s3,39,1787644468.3130987,True,model_5,False,0.0,False,False,2+2,"{""model_3"": 1, ""model_4"": 0, ""model_5"": 0, ""model_6"": 1}",False,,2.540531847190665,0.63367491498756,2.9674942956726564,1.6078160961663934
30,steady,8,3,steady_r8_s3,40,1787644473.350621,True,model_5,False,0.0,False,False,2+2,"{""model_3"": 1, ""model_4"": 0, ""model_5"": 0, ""model_6"": 1}",False,,2.308841078978004,0.6513947371747753,2.558953153590062,1.5387508561372751
30,steady,8,3,steady_r8_s3,41,1787644478.423387,True,model_5,False,0.0,False,False,2+2,"{""model_3"": 1, ""model_4"": 0, ""model_5"": 0, ""model_6"": 1}",False,,2.251814676163572,0.5744544990782704,2.956033920777871,1.478605597910808
30,steady,8,3,steady_r8_s3,42,1787644483.4550323,True,model_5,False,0.0,False,False,2+2,"{""model_3"": 1, ""model_4"": 0, ""model_5"": 0, ""model_6"": 1}",False,,2.249910061531263,0.4603514038167592,3.0216127326758055,1.398072176664847
30,steady,8,3,steady_r8_s3,43,1787644488.495534,True,model_5,False,0.0,False,False,2+2,"{""model_3"": 1, ""model_4"": 0, ""model_5"": 0, ""model_6"": 1}",False,,2.1517663898899237,0.44819978830264984,3.2982534488860185,1.4301325537572107
30,steady,8,3,steady_r8_s3,44,1787644493.5247893,True,model_5,False,0.0,False,False,2+2,"{""model_3"": 1, ""model_4"": 0, ""model_5"": 0, ""model_6"": 1}",False,,1.6546619708572465,0.5739931355155574,3.203493126839327,1.5707598138055012
30,steady,8,3,steady_r8_s3,45,1787644498.558134,True,model_5,False,0.0,False,False,2+2,"{""model_3"": 1, ""model_4"": 0, ""model_5"": 0, ""model_6"": 1}",False,,1.7649055472214918,0.604141770705962,3.36648512534293,1.7030283991017638
30,steady,8,3,steady_r8_s3,46,1787644503.590376,True,model_5,False,0.0,False,False,2+2,"{""model_3"": 1, ""model_4"": 1, ""model_5"": 0, ""model_6"": 1}",True,model_4,1.4638662891967535,0.5723630043048749,4.130510118328558,1.8521150335245626
30,steady,8,3,steady_r8_s3,47,1787644508.659213,True,model_5,False,0.0,False,False,1+3,"{""model_3"": 1, ""model_4"": 1, ""model_5"": 0, ""model_6"": 1}",False,,1.6511908798650148,0.6083877295995026,4.57152232261304,1.8221443799287114
30,steady,8,3,steady_r8_s3,48,1787644513.6936972,True,model_5,False,0.0,False,False,1+3,"{""model_3"": 1, ""model_4"": 1, ""model_5"": 0, ""model_6"": 1}",False,,1.7225558806913226,0.6312452509393438,4.761149081288778,1.687686238751894
30,steady,8,3,steady_r8_s3,49,1787644518.7292943,True,model_5,False,0.0,False,False,1+3,"{""model_3"": 1, ""model_4"": 1, ""model_5"": 0, ""model_6"": 1}",False,,1.8146495999712102,0.6644701909854938,5.170645254612605,1.52580394538467
30,steady,8,3,steady_r8_s3,50,1787644523.7803717,True,model_5,False,0.0,False,False,1+3,"{""model_3"": 1, ""model_4"": 1, ""model_5"": 0, ""model_6"": 1}",False,,1.8545344710948601,0.5947285978166121,5.18932142110781,1.669999575277919
30,steady,8,3,steady_r8_s3,51,1787644529.1338887,True,model_5,False,0.0,False,False,1+3,"{""model_3"": 1, ""model_4"": 1, ""model_5"": 0, ""model_6"": 1}",False,,1.7366745087892865,0.5846995629471745,4.760724622959343,1.7535380878538553
30,steady,8,3,steady_r8_s3,52,1787644534.167753,True,model_5,False,0.0,False,False,1+3,"{""model_3"": 1, ""model_4"": 1, ""model_5"": 0, ""model_6"": 1}",False,,1.879296711940543,0.6660701196199037,4.356428064171116,1.9180198891358475
30,steady,8,3,steady_r8_s3,53,1787644539.2072732,True,model_5,False,0.0,False,False,1+3,"{""model_3"": 1, ""model_4"": 0, ""model_5"": 0, ""model_6"": 1}",True,model_4,1.6905157516656355,0.6827441818295781,3.7964614130620626,2.2136487851493465
30,steady,8,3,steady_r8_s3,54,1787644544.323779,True,model_5,False,0.0,False,False,2+2,"{""model_3"": 1, ""model_4"": 0, ""model_5"": 0, ""model_6"": 1}",False,,1.7961660059543254,0.5829146797678999,3.2762877303376827,2.409732296005195
30,steady,8,3,steady_r8_s3,55,1787644549.3595192,True,model_6,False,0.0,False,False,2+2,"{""model_3"": 0, ""model_4"": 1, ""model_5"": 0, ""model_6"": 1}",False,,1.9662371498401445,0.6241379168740235,2.4847790813523734,2.651077599835034
30,steady,8,3,steady_r8_s3,56,1787644554.3996763,True,model_6,False,0.0,False,False,2+2,"{""model_3"": 0, ""model_4"": 1, ""model_5"": 0, ""model_6"": 1}",False,,2.4794728922121787,0.6300422323056338,2.1921172956081962,2.604440352789851
30,steady,8,3,steady_r8_s3,57,1787644559.4401834,True,model_3,False,0.0,False,False,2+2,"{""model_3"": 1, ""model_4"": 0, ""model_5"": 1, ""model_6"": 0}",False,,2.53269011348094,1.4929284331851933,1.4929284331851935,2.2963744369532764
30,steady,8,3,steady_r8_s3,58,1787644564.4818702,True,model_3,False,0.0,False,False,2+2,"{""model_3"": 1, ""model_4"": 0, ""model_5"": 1, ""model_6"": 0}",False,,2.435330666385281,1.4421363588729674,1.4421363588729676,2.2282778308460722
30,steady,8,3,steady_r8_s3,59,1787644569.5229006,True,model_3,False,0.0,False,False,2+2,"{""model_3"": 1, ""model_4"": 0, ""model_5"": 0, ""model_6"": 1}",False,,2.509273759989827,0.6409349365580397,2.318391395381948,2.2156904781720184
30,steady,8,3,steady_r8_s3,60,1787644574.5864015,True,model_3,False,0.0,False,False,2+2,"{""model_3"": 1, ""model_4"": 0, ""model_5"": 0, ""model_6"": 1}",False,,2.583329658340198,0.7155988142114156,2.353409207560456,2.3180393397156025
30,steady,8,3,steady_r8_s3,61,1787644579.6636457,True,model_3,False,0.0,False,False,2+2,"{""model_3"": 1, ""model_4"": 0, ""model_5"": 0, ""model_6"": 1}",False,,2.749591312125299,0.6791437455237974,2.5997011532159635,2.362893530490393
30,steady,8,3,steady_r8_s3,62,1787644584.7050364,True,model_3,False,0.0,False,False,2+2,"{""model_3"": 1, ""model_4"": 0, ""model_5"": 0, ""model_6"": 1}",False,,2.7838743755068642,0.6866809331598964,2.716214964646271,2.402497651277931
30,steady,8,3,steady_r8_s3,63,1787644589.7787197,True,model_5,False,0.0,False,False,2+2,"{""model_3"": 1, ""model_4"": 0, ""model_5"": 0, ""model_6"": 1}",False,,2.974896019511982,0.5926667160201122,3.002405993268804,2.5652466720329614
30,steady,8,3,steady_r8_s3,64,1787644594.8264942,True,model_5,False,0.0,False,False,2+2,"{""model_3"": 1, ""model_4"": 0, ""model_5"": 0, ""model_6"": 1}",False,,3.3393496312120723,0.5998656765973396,3.579457092137673,2.4713083001146927
30,steady,8,3,steady_r8_s3,65,1787644599.874154,True,model_5,False,0.0,False,False,2+2,"{""model_3"": 1, ""model_4"": 0, ""model_5"": 0, ""model_6"": 1}",False,,3.2387411641642148,0.7032936843914326,3.431215020581989,2.2652853818896235
30,steady,8,3,steady_r8_s3,66,1787644604.9256945,True,model_5,False,0.0,False,False,2+2,"{""model_3"": 1, ""model_4"": 0, ""model_5"": 0, ""model_6"": 1}",False,,3.4811874032416794,0.7389491628613676,3.8939807142500915,2.196424406721808
30,steady,8,3,steady_r8_s3,67,1787644610.006385,True,model_5,False,0.0,False,False,2+2,"{""model_3"": 1, ""model_4"": 0, ""model_5"": 0, ""model_6"": 1}",False,,3.346183836657416,0.659640078373948,4.212430575909795,1.9822971482388334
30,steady,8,3,steady_r8_s3,68,1787644615.0873885,True,model_5,False,0.0,False,False,2+2,"{""model_3"": 1, ""model_4"": 0, ""model_5"": 0, ""model_6"": 1}",False,,2.9306417383495065,0.7141229601535335,4.483447219254978,1.8717417574751924
30,steady,8,3,steady_r8_s3,69,1787644620.147612,True,model_5,False,0.0,False,False,2+2,"{""model_3"": 1, ""model_4"": 0, ""model_5"": 0, ""model_6"": 1}",False,,2.5711177174624513,0.7515317022585987,4.221556429992678,1.712050831810923
30,steady,8,3,steady_r8_s3,70,1787644625.234226,True,model_5,False,0.0,False,False,2+2,"{""model_3"": 1, ""model_4"": 0, ""model_5"": 0, ""model_6"": 1}",False,,2.2980856081131993,0.8509604064225871,4.065143535595345,1.9275029943624138
30,steady,8,3,steady_r8_s3,71,1787644630.284892,True,model_5,False,0.0,False,False,2+2,"{""model_3"": 1, ""model_4"": 0, ""model_5"": 0, ""model_6"": 1}",False,,2.246548976886012,0.8310562474758778,4.202031346838603,2.0160897144343632
30,steady,8,3,steady_r8_s3,72,1787644635.3329303,True,model_5,False,0.0,False,False,2+2,"{""model_3"": 1, ""model_4"": 0, ""model_5"": 0, ""model_6"": 1}",False,,2.1504219560318227,0.8613893908032708,4.168074680483686,2.0805673431133656
30,steady,8,3,steady_r8_s3,73,1787644640.413558,True,model_5,False,0.0,False,False,2+2,"{""model_3"": 1, ""model_4"": 1, ""model_5"": 0, ""model_6"": 1}",True,model_4,1.8330257668025647,0.8921532630106104,4.226013242451761,1.9812233082835609
30,steady,8,3,steady_r8_s3,74,1787644645.4623015,True,model_5,False,0.0,False,False,1+3,"{""model_3"": 1, ""model_4"": 0, ""model_5"": 0, ""model_6"": 1}",False,,1.897446616616053,0.8250578098093801,4.000625869521001,2.004160032974265
30,steady,8,3,steady_r8_s3,75,1787644650.5141914,True,model_5,False,0.0,False,False,1+3,"{""model_3"": 1, ""model_4"": 0, ""model_5"": 0, ""model_6"": 1}",False,,1.9231029869521343,0.8022311187556483,4.035325337952431,2.187653830499883
30,steady,8,3,steady_r8_s3,76,1787644655.5677304,True,model_5,False,0.0,False,False,1+3,"{""model_3"": 1, ""model_4"": 0, ""model_5"": 0, ""model_6"": 1}",False,,2.018557837536532,0.7267981345095529,3.940034442993946,2.1081398515721164
30,steady,8,3,steady_r8_s3,77,1787644660.635749,True,model_5,False,0.0,False,False,1+3,"{""model_3"": 1, ""model_4"": 0, ""model_5"": 0, ""model_6"": 1}",False,,2.0803993592557526,0.7159999891093101,3.8096196212745936,1.9812767159541604
30,steady,8,3,steady_r8_s3,78,1787644665.689534,True,model_5,False,0.0,False,False,1+3,"{""model_3"": 1, ""model_4"": 0, ""model_5"": 0, ""model_6"": 1}",False,,1.9169409473086256,0.6162635106583774,3.595692623238617,2.066955688127476
30,steady,8,3,steady_r8_s3,79,1787644670.7590249,True,model_5,False,0.0,False,False,1+3,"{""model_3"": 1, ""model_4"": 0, ""model_5"": 0, ""model_6"": 1}",True,model_4,1.957834202157824,0.6129410621883227,3.437263551776458,2.1331663667346374
30,steady,8,3,steady_r8_s3,80,1787644675.8407836,True,model_5,False,0.0,False,False,2+2,"{""model_3"": 1, ""model_4"": 0, ""model_5"": 0, ""model_6"": 1}",False,,1.913355808781392,0.6855428854177044,3.2803200844673284,2.1227174143755385
30,steady,8,3,steady_r8_s3,81,1787644680.8981059,True,model_5,False,0.0,False,False,2+2,"{""model_3"": 1, ""model_4"": 0, ""model_5"": 0, ""model_6"": 1}",False,,2.098327645042076,0.6921263387281558,3.252411949306881,2.110382553541872
30,steady,8,3,steady_r8_s3,82,1787644685.955262,True,model_5,False,0.0,False,False,2+2,"{""model_3"": 1, ""model_4"": 0, ""model_5"": 0, ""model_6"": 1}",False,,2.0280809298465106,0.6482571730655731,3.474828113931586,2.138110505167965
30,steady,8,3,steady_r8_s3,83,1787644691.0092633,True,model_5,False,0.0,False,False,2+2,"{""model_3"": 1, ""model_4"": 0, ""model_5"": 0, ""model_6"": 1}",False,,2.123423787473023,0.5931591599294301,3.5864606545733766,2.171802005213641
30,steady,8,3,steady_r8_s3,84,1787644696.0659494,True,model_5,False,0.0,False,False,2+2,"{""model_3"": 1, ""model_4"": 0, ""model_5"": 0, ""model_6"": 1}",False,,2.211817768885081,0.6182932091475812,3.5434842487179323,1.9576774718468166
30,steady,8,3,steady_r8_s3,85,1787644701.1239614,True,model_5,False,0.0,False,False,2+2,"{""model_3"": 1, ""model_4"": 0, ""model_5"": 0, ""model_6"": 1}",False,,1.8931869445152523,0.46047442407803185,2.929293046023374,1.7568024000043452
30,steady,8,4,steady_r8_s4,1,1787645475.6231432,True,model_5,False,0.0,False,False,2+2,"{""model_3"": 1, ""model_4"": 1, ""model_5"": 0, ""model_6"": 1}",True,model_4,0.0028009038710428012,0.0002153597547272911,0.033638322607839506,0.0003567958928790691
30,steady,8,4,steady_r8_s4,2,1787645480.629237,True,model_3,True,0.43523073757198355,True,False,1+3,"{""model_3"": 1, ""model_4"": 0, ""model_5"": 0, ""model_6"": 0}",False,,0.3221039451699225,0.018612591088161393,0.08839353541538802,0.10958661767736742
30,steady,8,4,steady_r8_s4,3,1787645485.638431,True,model_3,True,0.36341608382553264,True,False,1+3,"{""model_3"": 1, ""model_4"": 1, ""model_5"": 0, ""model_6"": 0}",False,,0.7999381455698248,0.03488740571151405,0.1821989777781599,0.35317470967128417
30,steady,8,4,steady_r8_s4,4,1787645490.6581879,True,model_3,True,0.14325461230167946,True,False,1+3,"{""model_3"": 1, ""model_4"": 1, ""model_5"": 0, ""model_6"": 0}",False,,1.3186655424869516,0.4017408033289782,0.8038179613702973,0.4017408033289784
30,steady,8,4,steady_r8_s4,5,1787645495.6654096,True,model_3,True,0.14325461230167938,True,False,1+3,"{""model_3"": 1, ""model_4"": 1, ""model_5"": 0, ""model_6"": 0}",False,,1.9412504549423457,0.5554322846806219,1.2215910721181338,0.5554322846806221
30,steady,8,4,steady_r8_s4,6,1787645500.6757414,True,model_3,True,0.1432546123016793,True,False,1+3,"{""model_3"": 1, ""model_4"": 1, ""model_5"": 0, ""model_6"": 0}",False,,2.7603467829901027,0.7172374380996749,1.6914664428042958,0.7172374380996751
30,steady,8,4,steady_r8_s4,7,1787645505.686666,True,model_3,True,0.14325461230167916,True,False,1+3,"{""model_3"": 1, ""model_4"": 1, ""model_5"": 0, ""model_6"": 0}",True,model_6,3.187652677556393,0.8871474618990642,2.1051010848401264,0.8871474618990645
30,steady,8,4,steady_r8_s4,8,1787645512.4317563,True,model_3,True,0.035256211815475814,True,True,2+2,"{""model_3"": 1, ""model_4"": 1, ""model_5"": 0, ""model_6"": 0}",False,,3.517263045100711,0.5136954951438635,2.6121165593519797,1.4343652959618929
30,steady,8,4,steady_r8_s4,9,1787645517.4415746,True,model_3,True,0.0010556694034730956,True,True,2+2,"{""model_3"": 1, ""model_4"": 1, ""model_5"": 0, ""model_6"": 0}",False,,3.5624136155019217,0.526154860460254,2.793572495186067,1.4017443370066525
30,steady,8,4,steady_r8_s4,10,1787645522.4532835,True,model_3,True,0.16187924940574686,True,True,2+2,"{""model_3"": 1, ""model_4"": 1, ""model_5"": 0, ""model_6"": 0}",False,,3.645320370084788,0.4733026196098979,2.2723376666380926,1.4050568554394451
30,steady,8,4,steady_r8_s4,11,1787645527.4618044,True,model_3,True,0.06829080515865962,True,True,2+2,"{""model_3"": 1, ""model_4"": 1, ""model_5"": 0, ""model_6"": 0}",False,,3.4641579077057396,0.47376402483089886,2.388320905156606,1.706445886587279
30,steady,8,4,steady_r8_s4,12,1787645532.4838774,True,model_3,True,0.17310978596687446,True,True,2+2,"{""model_3"": 1, ""model_4"": 1, ""model_5"": 0, ""model_6"": 0}",False,,3.4920549102613254,0.40233041308980805,1.9865710963449954,1.9072694443803693
30,steady,8,4,steady_r8_s4,13,1787645537.5162928,True,model_3,True,0.3314677007539886,True,True,2+2,"{""model_3"": 1, ""model_4"": 1, ""model_5"": 0, ""model_6"": 0}",False,,3.9353819749699803,0.4358631187693541,1.81148615558141,1.8898841735152523
30,steady,8,4,steady_r8_s4,14,1787645542.531376,True,model_3,True,0.12163763370456464,True,True,2+2,"{""model_3"": 1, ""model_4"": 1, ""model_5"": 0, ""model_6"": 0}",False,,3.769792538113929,0.47441015350535853,2.356486530448872,1.9815849197507718
30,steady,8,4,steady_r8_s4,15,1787645547.546998,True,model_3,True,0.188189588270537,True,True,2+2,"{""model_3"": 1, ""model_4"": 1, ""model_5"": 0, ""model_6"": 0}",False,,3.931348673395679,0.4534907938070919,2.208456688057906,2.051312480769144
30,steady,8,4,steady_r8_s4,16,1787645552.5604517,True,model_3,True,0.25811969997707884,True,True,2+2,"{""model_3"": 1, ""model_4"": 1, ""model_5"": 0, ""model_6"": 0}",False,,4.333446433122584,0.41482077198007894,2.286450906091855,1.9158328246542773
30,steady,8,4,steady_r8_s4,17,1787645557.7992148,True,model_3,True,0.3664413723133677,True,True,2+2,"{""model_3"": 1, ""model_4"": 1, ""model_5"": 0, ""model_6"": 0}",False,,4.877606037188779,0.4564751586155097,2.38906370723312,1.6563418296550927
30,steady,8,4,steady_r8_s4,18,1787645562.8339698,True,model_3,True,0.3109331187140094,True,True,2+2,"{""model_3"": 1, ""model_4"": 1, ""model_5"": 0, ""model_6"": 0}",False,,4.709439768771372,0.4766561844190435,2.515658403987544,1.476364930033403
30,steady,8,4,steady_r8_s4,19,1787645567.8473022,True,model_3,True,0.2584942605290554,True,True,2+2,"{""model_3"": 1, ""model_4"": 1, ""model_5"": 0, ""model_6"": 0}",False,,4.442345575628727,0.439462633483668,2.445728894212887,1.6494098955999272
30,steady,8,4,steady_r8_s4,20,1787645572.8631508,True,model_3,True,0.3640665092777965,True,True,2+2,"{""model_3"": 1, ""model_4"": 1, ""model_5"": 0, ""model_6"": 0}",False,,4.525028257901912,0.3739356934499744,2.17439390712063,1.6643439732958063
30,steady,8,4,steady_r8_s4,21,1787645577.8830404,True,model_3,True,0.3666903141785568,True,True,2+2,"{""model_3"": 1, ""model_4"": 1, ""model_5"": 0, ""model_6"": 0}",False,,4.3976431498468855,0.35723089547817666,2.0868493766743597,1.6678098758232567
30,steady,8,4,steady_r8_s4,22,1787645582.9031203,True,model_3,True,0.43420516854360847,True,True,2+2,"{""model_3"": 1, ""model_4"": 1, ""model_5"": 0, ""model_6"": 0}",False,,4.48570356755247,0.4665655827015185,1.8949942117690797,1.726884542644565
30,steady,8,4,steady_r8_s4,23,1787645587.9626186,True,model_3,True,0.4276428790938919,True,True,2+2,"{""model_3"": 1, ""model_4"": 1, ""model_5"": 0, ""model_6"": 0}",False,,4.387896004375657,0.3955318645171862,1.855731816296207,1.8274494092588127
30,steady,8,4,steady_r8_s4,24,1787645592.9841902,True,model_3,True,0.4473098758640144,True,True,2+2,"{""model_3"": 1, ""model_4"": 1, ""model_5"": 0, ""model_6"": 0}",False,,4.8422026122587996,0.357723245072848,2.0585167831844755,1.8580829350400219
30,steady,8,4,steady_r8_s4,25,1787645598.0051305,True,model_3,True,0.4254587784358332,True,True,2+2,"{""model_3"": 1, ""model_4"": 1, ""model_5"": 0, ""model_6"": 0}",False,,5.4651236331787185,0.44690777612855126,2.089077782903902,1.9062501448976092
30,steady,8,4,steady_r8_s4,26,1787645603.0276184,True,model_3,True,0.4053344204416692,True,True,2+2,"{""model_3"": 1, ""model_4"": 1, ""model_5"": 0, ""model_6"": 0}",False,,5.482041092559817,0.46924232363154506,2.0919428766275967,1.8335151628742559
30,steady,8,4,steady_r8_s4,27,1787645608.0513034,True,model_3,True,0.3902564777633027,True,True,2+2,"{""model_3"": 1, ""model_4"": 1, ""model_5"": 0, ""model_6"": 0}",False,,5.419076773538774,0.5339078820358748,2.2450662189718007,1.8200591025685002
30,steady,8,4,steady_r8_s4,28,1787645613.0714948,True,model_3,True,0.3490169417346745,True,True,2+2,"{""model_3"": 1, ""model_4"": 1, ""model_5"": 0, ""model_6"": 0}",False,,4.870547759433752,0.5077584658771538,2.3374920202065894,1.9229177877065962
30,steady,8,4,steady_r8_s4,29,1787645618.1049638,True,model_3,True,0.20303270287920308,True,True,2+2,"{""model_3"": 1, ""model_4"": 1, ""model_5"": 0, ""model_6"": 0}",False,,4.3326621800386915,0.695540746166474,2.499741216633677,1.84365874797849
30,steady,8,4,steady_r8_s4,30,1787645623.130288,True,model_3,True,0.32154195346877634,True,True,2+2,"{""model_3"": 1, ""model_4"": 1, ""model_5"": 0, ""model_6"": 0}",False,,4.470690722803682,0.684804208340629,2.1975268860749164,1.8466656816491356
30,steady,8,4,steady_r8_s4,31,1787645628.1597047,True,model_3,True,0.2474854565587268,True,True,2+2,"{""model_3"": 1, ""model_4"": 1, ""model_5"": 0, ""model_6"": 0}",False,,4.161022790821189,0.67102192189156,2.2512208647486287,1.773268137750394
30,steady,8,4,steady_r8_s4,32,1787645633.1853926,True,model_3,True,0.3117739757144514,True,True,2+2,"{""model_3"": 1, ""model_4"": 1, ""model_5"": 0, ""model_6"": 0}",False,,4.223875073687389,0.6228150140095111,2.058941241513912,1.8734760437810054
30,steady,8,4,steady_r8_s4,33,1787645638.2206244,True,model_3,True,0.35783690415450625,True,True,2+2,"{""model_3"": 1, ""model_4"": 1, ""model_5"": 0, ""model_6"": 0}",False,,4.454893624970999,0.718705947541866,2.0584106686021166,1.9028350841582906
30,steady,8,4,steady_r8_s4,34,1787645643.2476676,True,model_3,True,0.38035184848652065,True,True,2+2,"{""model_3"": 1, ""model_4"": 1, ""model_5"": 0, ""model_6"": 0}",False,,4.594266601594091,0.6640386568479014,2.127915720047337,1.777039824666747
30,steady,8,4,steady_r8_s4,35,1787645648.274283,True,model_3,True,0.42287740098567245,True,True,2+2,"{""model_3"": 1, ""model_4"": 1, ""model_5"": 0, ""model_6"": 0}",False,,4.837833202219972,0.48982314190835496,1.767130101651835,1.7928873133232377
30,steady,8,4,steady_r8_s4,36,1787645653.3083506,True,model_3,True,0.39505766808399584,True,True,2+2,"{""model_3"": 1, ""model_4"": 1, ""model_5"": 0, ""model_6"": 0}",False,,4.552701188147814,0.5213867521040885,1.6536896514844515,1.6389600685950958
30,steady,8,4,steady_r8_s4,37,1787645658.404657,True,model_3,True,0.4171125190495623,True,True,2+2,"{""model_3"": 1, ""model_4"": 1, ""model_5"": 0, ""model_6"": 0}",False,,4.198106758073797,0.4973293325329566,1.5612673936001458,1.6220851701264745
30,steady,8,4,steady_r8_s4,38,1787645663.435091,True,model_3,True,0.3584983331497868,True,True,2+2,"{""model_3"": 1, ""model_4"": 1, ""model_5"": 0, ""model_6"": 0}",False,,4.516625546288784,0.5317541533528678,2.1922211569569607,1.6449242104166804
30,steady,8,4,steady_r8_s4,39,1787645668.463334,True,model_3,True,0.34844162961845365,True,True,2+2,"{""model_3"": 1, ""model_4"": 1, ""model_5"": 0, ""model_6"": 0}",False,,4.476628639010292,0.38064219503822305,2.225010562905928,1.566378617467776
30,steady,8,4,steady_r8_s4,40,1787645673.5077236,True,model_3,True,0.3427244458205171,True,True,2+2,"{""model_3"": 1, ""model_4"": 1, ""model_5"": 0, ""model_6"": 0}",False,,4.646251377440645,0.5081275671541965,2.3489523951013744,1.5638811951753209
30,steady,8,4,steady_r8_s4,41,1787645678.5405848,True,model_3,True,0.20274025847501068,True,True,2+2,"{""model_3"": 1, ""model_4"": 1, ""model_5"": 0, ""model_6"": 0}",False,,4.473491626674725,0.5511661194119393,2.5795393825677313,1.9121632637989703
30,steady,8,4,steady_r8_s4,42,1787645683.5982635,True,model_3,True,0.18752377919546329,True,True,2+2,"{""model_3"": 1, ""model_4"": 1, ""model_5"": 0, ""model_6"": 0}",False,,4.583623166884126,0.5028054060074112,2.630580496682466,2.2076396395679008
30,steady,8,4,steady_r8_s4,43,1787645688.6321328,True,model_3,True,0.17784604492512746,True,True,2+2,"{""model_3"": 1, ""model_4"": 1, ""model_5"": 0, ""model_6"": 0}",False,,4.477861036713552,0.660716129317426,2.573172507626185,2.282872119480639
30,steady,8,4,steady_r8_s4,44,1787645693.699479,True,model_3,True,0.23189519474049197,True,True,2+2,"{""model_3"": 1, ""model_4"": 1, ""model_5"": 0, ""model_6"": 0}",False,,4.347675024787482,0.7977382031007823,2.1819331044358017,2.363756905625164
30,steady,8,4,steady_r8_s4,45,1787645698.7402835,True,model_3,True,0.19480699831609352,True,True,2+2,"{""model_3"": 1, ""model_4"": 1, ""model_5"": 0, ""model_6"": 0}",False,,4.3202261668512625,0.9188861687959338,2.3337833264292183,2.4423024450659923
30,steady,8,4,steady_r8_s4,46,1787645703.7758348,True,model_3,True,0.23602016068993523,True,True,2+2,"{""model_3"": 1, ""model_4"": 1, ""model_5"": 0, ""model_6"": 0}",False,,4.260510896320628,0.8131200943573074,2.229255146200293,2.177005897514743
30,steady,8,4,steady_r8_s4,47,1787645708.8109148,True,model_3,True,0.36853072372116,True,True,2+2,"{""model_3"": 1, ""model_4"": 1, ""model_5"": 0, ""model_6"": 0}",False,,4.482118410597536,0.9389134706678783,1.9709767545249317,2.0729192365470572
30,steady,8,4,steady_r8_s4,48,1787645713.8471882,True,model_3,True,0.32109945365658926,True,True,2+2,"{""model_3"": 1, ""model_4"": 1, ""model_5"": 0, ""model_6"": 0}",False,,4.234630544552195,0.9414667973831127,1.9663032111144048,1.746661196521163
30,steady,8,4,steady_r8_s4,49,1787645718.9116702,True,model_3,True,0.3410648421360612,True,True,2+2,"{""model_3"": 1, ""model_4"": 1, ""model_5"": 0, ""model_6"": 0}",False,,4.694875068641946,0.7952156689885262,1.7998094313929531,1.7451318984414674
30,steady,8,4,steady_r8_s4,50,1787645723.9497795,True,model_3,True,0.37717828547055987,True,True,2+2,"{""model_3"": 1, ""model_4"": 1, ""model_5"": 0, ""model_6"": 0}",False,,4.762993050785709,0.5804841356125597,1.6926337032102472,1.673823972151579
30,steady,8,4,steady_r8_s4,51,1787645728.988684,True,model_3,True,0.349411250944856,True,True,2+2,"{""model_3"": 1, ""model_4"": 0, ""model_5"": 0, ""model_6"": 0}",True,model_4,4.488056326804147,0.4986830248364566,1.3183707622125167,1.5448138931684632
30,steady,8,4,steady_r8_s4,52,1787645734.8807368,True,model_3,True,0.4251983565741034,True,True,3+1,"{""model_3"": 1, ""model_4"": 0, ""model_5"": 0, ""model_6"": 0}",False,,4.652749474421464,0.3810433065423047,1.1192996136386641,1.5666292668742887
30,steady,8,4,steady_r8_s4,53,1787645739.9414494,True,model_3,True,0.38904825422783723,True,True,3+1,"{""model_3"": 1, ""model_4"": 1, ""model_5"": 0, ""model_6"": 0}",False,,4.178948575595861,0.33012922380494975,1.2255205830840672,1.7046573790130033
30,steady,8,4,steady_r8_s4,54,1787645744.978556,True,model_3,True,0.4225052056679535,True,True,3+1,"{""model_3"": 1, ""model_4"": 1, ""model_5"": 0, ""model_6"": 0}",False,,4.569058466754704,0.3102558848680396,1.4200288404085497,1.7187252368233006
30,steady,8,4,steady_r8_s4,55,1787645750.018348,True,model_3,True,0.4416847157129347,True,True,3+1,"{""model_3"": 1, ""model_4"": 1, ""model_5"": 0, ""model_6"": 0}",False,,4.359102712581334,0.3040109541315792,1.4417825728764524,1.9118524587190153
30,steady,8,4,steady_r8_s4,56,1787645755.068516,True,model_3,True,0.4663128192975643,True,True,3+1,"{""model_3"": 1, ""model_4"": 1, ""model_5"": 0, ""model_6"": 0}",False,,4.363023978000793,0.31963909565906096,1.5936326810938297,1.8902409670104432
30,steady,8,4,steady_r8_s4,57,1787645760.1394749,True,model_3,True,0.36913171463223543,True,True,3+1,"{""model_3"": 1, ""model_4"": 1, ""model_5"": 0, ""model_6"": 0}",True,model_4,4.246506376965414,0.3427737353639255,1.7905816749033758,1.990958673652282
30,steady,8,4,steady_r8_s4,58,1787645765.4110522,True,model_3,True,0.19907824978768543,True,True,2+2,"{""model_3"": 1, ""model_4"": 1, ""model_5"": 0, ""model_6"": 0}",False,,3.928435733369794,0.3406798180437342,1.823795915416255,2.2903084161156047
30,steady,8,4,steady_r8_s4,59,1787645770.4574788,True,model_3,True,0.33562373286969543,True,True,2+2,"{""model_3"": 1, ""model_4"": 1, ""model_5"": 0, ""model_6"": 0}",False,,4.470690722803683,0.28730472457227757,1.938187431034689,2.1769500256442216
30,steady,8,4,steady_r8_s4,60,1787645775.5008116,True,model_3,True,0.31140666358751207,True,True,2+2,"{""model_3"": 1, ""model_4"": 1, ""model_5"": 0, ""model_6"": 0}",False,,4.489512796817088,0.3612302202511239,2.006737599271811,2.2415296482733775
30,steady,8,4,steady_r8_s4,61,1787645780.5423937,True,model_3,True,0.37434270980840406,True,True,2+2,"{""model_3"": 1, ""model_4"": 1, ""model_5"": 0, ""model_6"": 0}",False,,4.4890646521977215,0.37968851980922835,1.9849838399956097,2.0248030851958956
30,steady,8,4,steady_r8_s4,62,1787645785.589782,True,model_3,True,0.20115602262278623,True,True,2+2,"{""model_3"": 1, ""model_4"": 1, ""model_5"": 0, ""model_6"": 0}",False,,4.355293483316719,0.37615064043853186,2.4869013521682244,1.9639492490168595
30,steady,8,4,steady_r8_s4,63,1787645790.6453435,True,model_3,True,0.2241389968794613,True,True,2+2,"{""model_3"": 1, ""model_4"": 1, ""model_5"": 0, ""model_6"": 0}",False,,4.3369195539226775,0.4255573506336948,2.417184071558285,1.87801281361041
30,steady,8,4,steady_r8_s4,64,1787645795.6898181,True,model_3,True,0.26142608444810406,True,True,2+2,"{""model_3"": 1, ""model_4"": 1, ""model_5"": 0, ""model_6"": 0}",False,,4.66104014987975,0.4446310204965453,2.555239143207494,1.7333585226218953
30,steady,8,4,steady_r8_s4,65,1787645800.73708,True,model_3,True,0.2661754474705091,True,True,2+2,"{""model_3"": 1, ""model_4"": 1, ""model_5"": 0, ""model_6"": 0}",False,,4.441225214080311,0.5020055052679118,2.4232326027527553,1.640082259124344
30,steady,8,4,steady_r8_s4,66,1787645805.784783,True,model_3,True,0.2972303831767126,True,True,2+2,"{""model_3"": 1, ""model_4"": 1, ""model_5"": 0, ""model_6"": 0}",False,,4.1516117538144846,0.5064661774629243,2.1565666572842987,1.5840653262644164
30,steady,8,4,steady_r8_s4,67,1787645810.8723125,True,model_3,True,0.2890655135416644,True,True,2+2,"{""model_3"": 1, ""model_4"": 1, ""model_5"": 0, ""model_6"": 0}",False,,3.993976883952196,0.5945429853219575,2.043448512489482,1.6811131439791223
30,steady,8,4,steady_r8_s4,68,1787645815.9229183,True,model_3,True,0.35154703389151826,True,True,2+2,"{""model_3"": 1, ""model_4"": 1, ""model_5"": 0, ""model_6"": 0}",False,,4.137383162149587,0.6154316691788555,1.9033772637754496,1.8352479564131936
30,steady,8,4,steady_r8_s4,69,1787645821.1946437,True,model_3,True,0.3682684302905104,True,True,2+2,"{""model_3"": 1, ""model_4"": 1, ""model_5"": 0, ""model_6"": 0}",False,,4.342073217045396,0.5871290020511462,1.953569461231311,1.91562857981446
30,steady,8,4,steady_r8_s4,70,1787645826.2424362,True,model_3,True,0.4269967958282354,True,True,2+2,"{""model_3"": 1, ""model_4"": 1, ""model_5"": 0, ""model_6"": 0}",False,,4.678181681570533,0.5685477440105658,1.955903982043211,1.870723521451973
30,steady,8,4,steady_r8_s4,71,1787645831.2933574,True,model_3,True,0.45889136498548333,True,True,2+2,"{""model_3"": 1, ""model_4"": 1, ""model_5"": 0, ""model_6"": 0}",False,,4.92264457143515,0.5107118088587407,2.0013254875571698,2.01078619788491
30,steady,8,4,steady_r8_s4,72,1787645836.3542519,True,model_3,True,0.4599321279535417,True,True,2+2,"{""model_3"": 1, ""model_4"": 1, ""model_5"": 0, ""model_6"": 0}",False,,5.3898353371250876,0.48828510953807014,2.2287245732884964,2.116503845523807
30,steady,8,4,steady_r8_s4,73,1787645841.4064345,True,model_3,True,0.3659078173219701,True,True,2+2,"{""model_3"": 1, ""model_4"": 1, ""model_5"": 0, ""model_6"": 0}",False,,5.339082958981793,0.47920976421473593,2.501014591621987,2.1173196710473694
30,steady,8,4,steady_r8_s4,74,1787645846.4575708,True,model_3,True,0.39805661933229625,True,True,2+2,"{""model_3"": 1, ""model_4"": 1, ""model_5"": 0, ""model_6"": 0}",False,,6.019702599645194,0.5459059501325187,2.3822723739621363,2.009210989849508
30,steady,8,4,steady_r8_s4,75,1787645851.5392158,True,model_3,True,0.3935867655095449,True,True,2+2,"{""model_3"": 1, ""model_4"": 1, ""model_5"": 0, ""model_6"": 0}",False,,5.804257073884582,0.5084047757713177,2.409543821628429,1.890653503476876
30,steady,8,4,steady_r8_s4,76,1787645856.6218832,True,model_3,True,0.3590071066201204,True,True,2+2,"{""model_3"": 1, ""model_4"": 1, ""model_5"": 0, ""model_6"": 0}",False,,5.3168998003231325,0.502590270751568,2.5399586433477817,2.03969155483263
30,steady,8,4,steady_r8_s4,77,1787645861.6965027,True,model_3,True,0.39002045911356864,True,True,2+2,"{""model_3"": 1, ""model_4"": 1, ""model_5"": 0, ""model_6"": 0}",False,,5.256960457482816,0.4305721208434381,2.3632778637198553,2.1368412444223743
30,steady,8,4,steady_r8_s4,78,1787645866.7717123,True,model_3,True,0.27165530575252916,True,True,2+2,"{""model_3"": 1, ""model_4"": 1, ""model_5"": 0, ""model_6"": 0}",False,,4.669666933802563,0.43903200541380305,2.4395742484360583,1.993002415074951
30,steady,8,4,steady_r8_s4,79,1787645871.8324826,True,model_3,True,0.29961397960617164,True,True,2+2,"{""model_3"": 1, ""model_4"": 1, ""model_5"": 0, ""model_6"": 0}",False,,4.724676685829842,0.39371689555329337,2.3620044887315457,2.0446355050352114
30,steady,8,4,steady_r8_s4,80,1787645876.8927484,True,model_3,True,0.22667428097474554,True,True,2+2,"{""model_3"": 1, ""model_4"": 1, ""model_5"": 0, ""model_6"": 0}",False,,4.124947148962158,0.3639065685169074,2.232756927418143,1.9726139669012663
30,steady,8,4,steady_r8_s4,81,1787645881.9698312,True,model_3,True,0.2198614328533528,True,True,2+2,"{""model_3"": 1, ""model_4"": 1, ""model_5"": 0, ""model_6"": 0}",False,,3.868720462839162,0.4317099821057008,2.1303563554415965,1.8035445170766164
30,steady,8,4,steady_r8_s4,82,1787645887.031135,True,model_3,True,0.2706246804525677,True,True,2+2,"{""model_3"": 1, ""model_4"": 1, ""model_5"": 0, ""model_6"": 0}",False,,4.143769222975566,0.4185431410224114,2.1929639590334755,1.6939069167084424
30,steady,8,4,steady_r8_s4,83,1787645892.0915346,True,model_3,True,0.05368440015691169,True,True,2+2,"{""model_3"": 1, ""model_4"": 1, ""model_5"": 0, ""model_6"": 0}",False,,4.0805808316448395,0.45948978426376735,2.9702532748139925,1.5530251432777742
30,steady,8,4,steady_r8_s4,84,1787645897.195646,True,model_3,True,0.0194304733405595,True,True,2+2,"{""model_3"": 1, ""model_4"": 1, ""model_5"": 0, ""model_6"": 0}",False,,4.005516607900892,0.44069306075698483,3.097272429897854,1.3335970328348417
30,steady,8,4,steady_r8_s4,85,1787645902.2785435,True,model_3,False,0.0,True,True,2+2,"{""model_3"": 1, ""model_4"": 1, ""model_5"": 0, ""model_6"": 0}",False,,3.356827271367379,0.36968994745839184,2.86031856748995,1.1616221146788008
30,steady,8,4,steady_r8_s4,86,1787645907.3426151,True,model_3,False,0.0,False,True,2+2,"{""model_3"": 1, ""model_4"": 0, ""model_5"": 0, ""model_6"": 1}",True,model_6,2.8951259288732594,0.31200797611111264,2.645012254079017,0.8963196072575423
30,steady,10,3,steady_r10_s3,1,1787646675.117507,True,model_5,False,0.0,False,False,2+2,"{""model_3"": 1, ""model_4"": 1, ""model_5"": 0, ""model_6"": 1}",True,model_4,0.000784253083891986,0.0002153677115676628,0.054542895332585196,0.0003567942647718645
30,steady,10,3,steady_r10_s3,2,1787646680.1205795,True,model_5,False,0.0,False,False,1+3,"{""model_3"": 1, ""model_4"": 1, ""model_5"": 0, ""model_6"": 1}",False,,0.2390851544322136,0.04876093125609854,0.6335040566839176,0.21998895217371003
30,steady,10,3,steady_r10_s3,3,1787646685.1692717,True,model_5,False,0.0,False,False,1+3,"{""model_3"": 1, ""model_4"": 1, ""model_5"": 0, ""model_6"": 1}",False,,0.7915354339566959,0.10290571355209477,1.5137245173527782,0.5115407657362134
30,steady,10,3,steady_r10_s3,4,1787646690.1783714,True,model_5,False,0.0,False,False,1+3,"{""model_3"": 1, ""model_4"": 1, ""model_5"": 0, ""model_6"": 1}",False,,1.209318255361441,0.26087849871368063,2.3712364573967877,0.8630847712081425
30,steady,10,3,steady_r10_s3,5,1787646695.195168,True,model_5,False,0.0,False,False,1+3,"{""model_3"": 1, ""model_4"": 0, ""model_5"": 0, ""model_6"": 1}",False,,1.9952518815760518,0.3866416545363691,2.995402430833103,1.1432703475762716
30,steady,10,3,steady_r10_s3,6,1787646700.205334,True,model_5,False,0.0,False,False,1+3,"{""model_3"": 1, ""model_4"": 0, ""model_5"": 0, ""model_6"": 1}",False,,2.551735462674836,0.5017296815608714,3.702762236838964,1.5024600428462034
30,steady,10,3,steady_r10_s3,7,1787646705.213767,True,model_5,False,0.0,False,False,1+3,"{""model_3"": 1, ""model_4"": 0, ""model_5"": 0, ""model_6"": 1}",True,model_4,3.279522324526597,0.5692568614499216,4.616833249280383,1.8765842384239955
30,steady,10,3,steady_r10_s3,8,1787646710.2223077,True,model_5,False,0.0,False,False,2+2,"{""model_3"": 1, ""model_4"": 0, ""model_5"": 0, ""model_6"": 1}",False,,3.5218565274492217,0.7014483871771051,4.833625341040057,2.0679277616536362
30,steady,10,3,steady_r10_s3,9,1787646715.241464,True,model_5,False,0.0,False,False,2+2,"{""model_3"": 1, ""model_4"": 0, ""model_5"": 0, ""model_6"": 1}",False,,3.406011143342891,0.7978006543032707,4.540536864564179,2.3215569696902767
30,steady,10,3,steady_r10_s3,10,1787646720.3013413,True,model_5,False,0.0,False,False,2+2,"{""model_3"": 1, ""model_4"": 0, ""model_5"": 0, ""model_6"": 1}",False,,3.3732965861291118,0.8139515419836316,4.189403711537868,2.5101988333676415
30,steady,10,3,steady_r10_s3,11,1787646725.3167813,True,model_5,False,0.0,False,False,2+2,"{""model_3"": 1, ""model_4"": 0, ""model_5"": 0, ""model_6"": 1}",False,,3.1687185673881446,0.8036765792886662,4.6183188534334105,2.7221850559057392
30,steady,10,3,steady_r10_s3,12,1787646730.3367462,True,model_5,False,0.0,False,False,2+2,"{""model_3"": 1, ""model_4"": 0, ""model_5"": 0, ""model_6"": 1}",False,,2.9253795737531543,0.8329021789351998,4.465938313165722,3.067455619135914
30,steady,10,3,steady_r10_s3,13,1787646735.3502178,True,model_5,False,0.0,False,False,2+2,"{""model_3"": 1, ""model_4"": 0, ""model_5"": 0, ""model_6"": 1}",False,,2.6960414317760883,1.0032722601219,4.148125139000173,3.203801704797311
30,steady,10,3,steady_r10_s3,14,1787646740.3779752,True,model_5,False,0.0,False,False,2+2,"{""model_3"": 1, ""model_4"": 0, ""model_5"": 0, ""model_6"": 1}",False,,2.6773313892784647,0.9203944576611973,4.174017097095796,3.2311728629282164
30,steady,10,3,steady_r10_s3,15,1787646745.3917239,True,model_5,False,0.0,False,False,2+2,"{""model_3"": 1, ""model_4"": 0, ""model_5"": 0, ""model_6"": 1}",False,,3.3215358825922405,0.8735720497878705,4.626065217945625,3.1008961339843233
30,steady,10,3,steady_r10_s3,16,1787646750.4187818,True,model_5,False,0.0,False,False,2+2,"{""model_3"": 1, ""model_4"": 0, ""model_5"": 0, ""model_6"": 1}",False,,3.470207860067192,0.7524548624865588,4.864504684506559,3.0182220725139874
30,steady,10,3,steady_r10_s3,17,1787646755.4408033,True,model_5,False,0.0,False,False,2+2,"{""model_3"": 1, ""model_4"": 0, ""model_5"": 0, ""model_6"": 1}",False,,3.4964243203001524,0.7376265881200337,4.605478988967958,3.083362416709261
30,steady,10,3,steady_r10_s3,18,1787646760.4593353,True,model_5,False,0.0,False,False,2+2,"{""model_3"": 1, ""model_4"": 0, ""model_5"": 0, ""model_6"": 1}",False,,3.5214083828298555,0.6685311317321143,5.0023475269910485,2.877747364029512
30,steady,10,3,steady_r10_s3,19,1787646765.478919,True,model_5,False,0.0,False,False,2+2,"{""model_3"": 1, ""model_4"": 0, ""model_5"": 0, ""model_6"": 1}",False,,3.4302109527887006,0.6134637951228314,4.884560340572431,2.919135351670699
30,steady,10,3,steady_r10_s3,20,1787646770.5094151,True,model_5,False,0.0,False,False,2+2,"{""model_3"": 1, ""model_4"": 0, ""model_5"": 0, ""model_6"": 1}",False,,2.9012917280218993,0.6385671504060055,5.025268276780618,2.9288668315047586
30,steady,10,3,steady_r10_s3,21,1787646775.536032,True,model_5,False,0.0,False,False,2+2,"{""model_3"": 1, ""model_4"": 0, ""model_5"": 0, ""model_6"": 1}",False,,2.723490214519847,0.6830517873882189,5.313369367885614,2.949204060730514
30,steady,10,3,steady_r10_s3,22,1787646780.5576181,True,model_5,False,0.0,False,False,2+2,"{""model_3"": 1, ""model_4"": 0, ""model_5"": 0, ""model_6"": 1}",False,,2.537061942055009,0.7016024743754867,5.537589480410426,3.0530309678304275
30,steady,10,3,steady_r10_s3,23,1787646785.5853245,True,model_5,False,0.0,False,False,2+2,"{""model_3"": 1, ""model_4"": 0, ""model_5"": 0, ""model_6"": 1}",False,,2.1829153290558914,0.7182764657705469,5.497159824531605,2.9441579812985608
30,steady,10,3,steady_r10_s3,24,1787646790.6143289,True,model_5,False,0.0,False,False,2+2,"{""model_3"": 1, ""model_4"": 0, ""model_5"": 0, ""model_6"": 1}",False,,2.3862611075564963,0.7439948763558131,5.055404818170607,2.9266241295350017
30,steady,10,3,steady_r10_s3,25,1787646795.6405609,True,model_5,False,0.0,False,False,2+2,"{""model_3"": 1, ""model_4"": 0, ""model_5"": 0, ""model_6"": 1}",False,,2.614142753455968,0.6855128422472601,5.173722577501023,2.725188716251321
30,steady,10,3,steady_r10_s3,26,1787646800.7224517,True,model_5,False,0.0,False,False,2+2,"{""model_3"": 1, ""model_4"": 0, ""model_5"": 0, ""model_6"": 1}",False,,2.4539309035879966,0.6772987749034387,4.860153986629835,2.6752376269249027
30,steady,10,3,steady_r10_s3,27,1787646805.7547195,True,model_5,False,0.0,False,False,2+2,"{""model_3"": 1, ""model_4"": 0, ""model_5"": 0, ""model_6"": 1}",False,,2.2271695398814138,0.6209391561318394,4.215720127962929,2.6667765240389993
30,steady,10,3,steady_r10_s3,28,1787646810.8203137,True,model_5,False,0.0,False,False,2+2,"{""model_3"": 1, ""model_4"": 0, ""model_5"": 0, ""model_6"": 1}",False,,2.25887581622392,0.6075259381327003,3.744571382288457,2.7162688788716043
30,steady,10,3,steady_r10_s3,29,1787646815.8850815,True,model_5,False,0.0,False,False,2+2,"{""model_3"": 1, ""model_4"": 0, ""model_5"": 0, ""model_6"": 1}",False,,2.5568922082558734,0.6184472094669577,4.019195921433847,2.6628008250926105
30,steady,10,3,steady_r10_s3,30,1787646820.942679,True,model_5,False,0.0,False,False,2+2,"{""model_3"": 1, ""model_4"": 0, ""model_5"": 0, ""model_6"": 1}",False,,2.2384850978848734,0.6696382026474021,3.8787002143903786,2.3980090811632793
30,steady,10,3,steady_r10_s3,31,1787646825.9735236,True,model_5,False,0.0,False,False,2+2,"{""model_3"": 1, ""model_4"": 0, ""model_5"": 0, ""model_6"": 1}",False,,1.894197799324734,0.7167992526681704,4.0566543690066155,2.61565311322839
30,steady,10,3,steady_r10_s3,32,1787646831.0058866,True,model_5,False,0.0,False,False,2+2,"{""model_3"": 1, ""model_4"": 0, ""model_5"": 0, ""model_6"": 1}",False,,2.2663822077833142,0.7973083169429089,4.236412471522956,2.6198326941720285
30,steady,10,3,steady_r10_s3,33,1787646836.041024,True,model_5,False,0.0,False,False,2+2,"{""model_3"": 1, ""model_4"": 0, ""model_5"": 0, ""model_6"": 1}",False,,2.6727345099038855,0.8145361103093753,4.3343562310404185,2.6669835836184683
30,steady,10,3,steady_r10_s3,34,1787646841.0745375,True,model_5,False,0.0,False,False,2+2,"{""model_3"": 1, ""model_4"": 0, ""model_5"": 0, ""model_6"": 1}",False,,2.998647684338426,0.8620970629976963,4.440364698817176,2.5075990344425647
30,steady,10,3,steady_r10_s3,35,1787646846.1109517,True,model_5,False,0.0,False,False,2+2,"{""model_3"": 1, ""model_4"": 0, ""model_5"": 0, ""model_6"": 1}",False,,2.8834745171611456,0.789278958474638,4.253284690118054,2.445109085407415
30,steady,10,3,steady_r10_s3,36,1787646851.1588266,True,model_5,False,0.0,False,False,2+2,"{""model_3"": 1, ""model_4"": 0, ""model_5"": 0, ""model_6"": 1}",False,,2.8838106256256713,0.7459637681779581,5.069624172206729,2.468657465365623
30,steady,10,3,steady_r10_s3,37,1787646856.2334242,True,model_5,False,0.0,False,False,2+2,"{""model_3"": 1, ""model_4"": 0, ""model_5"": 0, ""model_6"": 1}",False,,3.077857245811516,0.6851435799978634,4.921382100651044,2.536856176183761
30,steady,10,3,steady_r10_s3,38,1787646861.2999573,True,model_5,False,0.0,False,False,2+2,"{""model_3"": 1, ""model_4"": 0, ""model_5"": 0, ""model_6"": 1}",False,,3.0060420705579785,0.5519053569347379,4.952792017029342,2.4825725156801526
30,steady,10,3,steady_r10_s3,39,1787646866.341151,True,model_5,False,0.0,False,False,2+2,"{""model_3"": 1, ""model_4"": 0, ""model_5"": 0, ""model_6"": 1}",False,,2.583777802959566,0.5377231066191908,4.649622655229352,2.383026751550877
30,steady,10,3,steady_r10_s3,40,1787646871.38061,True,model_5,False,0.0,False,False,2+2,"{""model_3"": 1, ""model_4"": 0, ""model_5"": 0, ""model_6"": 1}",False,,2.28699402878387,0.6375824905892149,4.456175771588684,2.11099685309763
30,steady,10,3,steady_r10_s3,41,1787646876.4256601,True,model_5,False,0.0,False,False,2+2,"{""model_3"": 1, ""model_4"": 0, ""model_5"": 0, ""model_6"": 1}",False,,2.1825763324713936,0.6066648604835936,4.559425260224103,2.058140340799433
30,steady,10,3,steady_r10_s3,42,1787646881.4693208,True,model_5,False,0.0,False,False,2+2,"{""model_3"": 1, ""model_4"": 0, ""model_5"": 0, ""model_6"": 1}",False,,1.9264640847965437,0.5959896079420299,4.043071702464647,2.2150759591300995
30,steady,10,3,steady_r10_s3,43,1787646886.5219784,True,model_5,False,0.0,False,False,2+2,"{""model_3"": 1, ""model_4"": 1, ""model_5"": 0, ""model_6"": 1}",True,model_4,1.8910605300139265,0.6558561876922717,4.377650980642934,1.9502332447014563
30,steady,10,3,steady_r10_s3,44,1787646891.5922103,True,model_5,False,0.0,False,False,1+3,"{""model_3"": 1, ""model_4"": 1, ""model_5"": 0, ""model_6"": 1}",False,,1.4226370125762915,0.678129389491859,4.537671770840484,2.013334722850544
30,steady,10,3,steady_r10_s3,45,1787646896.6792393,True,model_5,False,0.0,False,False,1+3,"{""model_3"": 1, ""model_4"": 1, ""model_5"": 0, ""model_6"": 1}",False,,1.6332651521662571,0.6605325539256222,5.357831377894084,2.00925708290553
30,steady,10,3,steady_r10_s3,46,1787646901.742384,True,model_5,False,0.0,False,False,1+3,"{""model_3"": 1, ""model_4"": 1, ""model_5"": 0, ""model_6"": 1}",False,,1.7631151898897943,0.6253695528420469,5.97955671593614,2.0862225368676652
30,steady,10,3,steady_r10_s3,47,1787646907.4130907,True,model_5,False,0.0,False,False,1+3,"{""model_3"": 1, ""model_4"": 1, ""model_5"": 0, ""model_6"": 1}",False,,1.8599145820282823,0.6165096950229172,5.423622418956735,2.2855171891802124
30,steady,10,3,steady_r10_s3,48,1787646912.4626248,True,model_5,False,0.0,False,False,1+3,"{""model_3"": 1, ""model_4"": 1, ""model_5"": 0, ""model_6"": 1}",False,,2.364974008373001,0.7382733322635202,5.770404874106325,2.370688893531688
30,steady,10,3,steady_r10_s3,49,1787646917.520752,True,model_5,False,0.0,False,False,1+3,"{""model_3"": 1, ""model_4"": 1, ""model_5"": 0, ""model_6"": 1}",False,,2.3849165315439955,0.7251372569811392,5.757671124223229,2.557699655509882
30,steady,10,3,steady_r10_s3,50,1787646922.5691125,True,model_5,False,0.0,False,False,1+3,"{""model_3"": 1, ""model_4"": 0, ""model_5"": 0, ""model_6"": 1}",True,model_4,2.703099559114178,0.8335493622201144,5.290660847260764,2.79552800530281
30,steady,10,3,steady_r10_s3,51,1787646927.6152244,True,model_5,False,0.0,False,False,2+2,"{""model_3"": 1, ""model_4"": 0, ""model_5"": 0, ""model_6"": 1}",False,,2.4727531246277823,0.8559137073579719,4.908648350767952,3.0200020842758164
30,steady,10,3,steady_r10_s3,52,1787646932.6671774,True,model_5,False,0.0,False,False,2+2,"{""model_3"": 1, ""model_4"": 0, ""model_5"": 0, ""model_6"": 1}",False,,2.9573099232099285,0.9368841465854167,4.870871559448105,3.118579029946524
30,steady,10,3,steady_r10_s3,53,1787646937.7250333,True,model_5,False,0.0,False,False,2+2,"{""model_3"": 1, ""model_4"": 0, ""model_5"": 0, ""model_6"": 1}",False,,3.009854940241246,0.9805071608951512,4.541916354134848,3.16562480081212
30,steady,10,3,steady_r10_s3,54,1787646942.80469,True,model_5,False,0.0,False,False,2+2,"{""model_3"": 1, ""model_4"": 0, ""model_5"": 0, ""model_6"": 1}",False,,2.909582448101156,0.8923381084449282,4.915227454874216,3.0280554231672183
30,steady,10,3,steady_r10_s3,55,1787646947.8562462,True,model_5,False,0.0,False,False,2+2,"{""model_3"": 1, ""model_4"": 0, ""model_5"": 0, ""model_6"": 1}",False,,3.352345825173711,0.8257342950694757,4.710850769250562,3.0767361329456935
30,steady,10,3,steady_r10_s3,56,1787646952.908285,True,model_5,False,0.0,False,False,2+2,"{""model_3"": 1, ""model_4"": 0, ""model_5"": 0, ""model_6"": 1}",False,,3.5141260327651436,0.8333943677005575,4.379667157707762,2.635637393837298
30,steady,10,3,steady_r10_s3,57,1787646957.961714,True,model_5,False,0.0,False,False,2+2,"{""model_3"": 1, ""model_4"": 0, ""model_5"": 0, ""model_6"": 1}",False,,3.609020655916074,0.8533601388839582,4.464877167342128,2.6685134550765435
30,steady,10,3,steady_r10_s3,58,1787646963.0149896,True,model_5,False,0.0,False,False,2+2,"{""model_3"": 1, ""model_4"": 0, ""model_5"": 0, ""model_6"": 1}",False,,3.2503929242677527,0.6686846874377919,4.3099498770978215,2.656688005182582
30,steady,10,3,steady_r10_s3,59,1787646968.0793352,True,model_5,False,0.0,False,False,2+2,"{""model_3"": 1, ""model_4"": 0, ""model_5"": 0, ""model_6"": 1}",False,,2.8729431186060244,0.5241868425091472,4.202880263497476,2.630896617941006
30,steady,10,3,steady_r10_s3,60,1787646973.1308134,True,model_5,False,0.0,False,False,2+2,"{""model_3"": 1, ""model_4"": 0, ""model_5"": 0, ""model_6"": 1}",False,,2.879217143277161,0.5406146573479647,3.989696067538013,2.6674934555065852
30,steady,10,3,steady_r10_s3,61,1787646978.1881676,True,model_5,False,0.0,False,False,2+2,"{""model_3"": 1, ""model_4"": 0, ""model_5"": 0, ""model_6"": 1}",False,,3.1984081484211995,0.6244154714820156,4.216462930039442,2.4894027205030547
30,steady,10,3,steady_r10_s3,62,1787646983.6987374,True,model_5,False,0.0,False,False,2+2,"{""model_3"": 1, ""model_4"": 0, ""model_5"": 0, ""model_6"": 1}",False,,3.1004885490895413,0.6652392653878896,4.649304311482274,2.4481165212192004
30,steady,10,3,steady_r10_s3,63,1787646988.7550914,True,model_5,False,0.0,False,False,2+2,"{""model_3"": 1, ""model_4"": 0, ""model_5"": 0, ""model_6"": 1}",False,,3.283107481481532,0.708924020455461,4.880103528113349,2.4490341379918013
30,steady,10,3,steady_r10_s3,64,1787646993.814745,True,model_5,False,0.0,False,False,2+2,"{""model_3"": 1, ""model_4"": 0, ""model_5"": 0, ""model_6"": 1}",False,,3.4075796495106747,0.813521044336738,4.705014467220807,2.426454298652589
30,steady,10,3,steady_r10_s3,65,1787646998.9332519,True,model_5,False,0.0,False,False,2+2,"{""model_3"": 1, ""model_4"": 0, ""model_5"": 0, ""model_6"": 1}",False,,3.5430313607143047,0.9057513282212339,5.391045242172488,2.4453644704829314
30,steady,10,3,steady_r10_s3,66,1787647003.9915152,True,model_5,False,0.0,False,False,2+2,"{""model_3"": 1, ""model_4"": 0, ""model_5"": 0, ""model_6"": 1}",False,,3.450489496815051,0.9979813424617348,5.368655065294716,2.383995891132423
30,steady,10,3,steady_r10_s3,67,1787647009.0501645,True,model_5,False,0.0,False,False,2+2,"{""model_3"": 1, ""model_4"": 0, ""model_5"": 0, ""model_6"": 1}",False,,3.3307228472892603,0.932854218531622,5.229008274910118,2.5768682375904515
30,steady,10,3,steady_r10_s3,68,1787647014.1072176,True,model_5,False,0.0,False,False,2+2,"{""model_3"": 1, ""model_4"": 0, ""model_5"": 0, ""model_6"": 1}",False,,3.1748805559044384,1.0604932814401915,4.831290820228153,2.5451644490786522
30,steady,10,3,steady_r10_s3,69,1787647019.1673424,True,model_5,False,0.0,False,False,2+2,"{""model_3"": 1, ""model_4"": 0, ""model_5"": 0, ""model_6"": 1}",False,,3.0380844108427087,1.0857809953363813,4.382213907684379,2.6988404528289256
30,steady,10,3,steady_r10_s3,70,1787647024.227837,True,model_5,False,0.0,False,False,2+2,"{""model_3"": 1, ""model_4"": 0, ""model_5"": 0, ""model_6"": 1}",False,,2.9084585796908478,1.0801819565539326,4.334780689369853,2.6685638600089945
30,steady,10,3,steady_r10_s3,71,1787647029.2896671,True,model_5,False,0.0,False,False,2+2,"{""model_3"": 1, ""model_4"": 0, ""model_5"": 0, ""model_6"": 1}",False,,2.927840834478463,1.1126068244741183,3.7301397990876164,2.745427418011423
30,steady,10,3,steady_r10_s3,72,1787647034.4014456,True,model_5,False,0.0,False,False,2+2,"{""model_3"": 1, ""model_4"": 0, ""model_5"": 0, ""model_6"": 1}",False,,2.9743358387377743,1.1122069443038254,3.8611913083011253,2.8037377290586543
30,steady,10,3,steady_r10_s3,73,1787647039.4621956,True,model_5,False,0.0,False,False,2+2,"{""model_3"": 1, ""model_4"": 0, ""model_5"": 0, ""model_6"": 1}",False,,2.9984236120287426,1.0825198178783753,3.832222027317086,2.6803381224840965
30,steady,10,3,steady_r10_s3,74,1787647044.5531218,True,model_5,False,0.0,False,False,2+2,"{""model_3"": 1, ""model_4"": 0, ""model_5"": 0, ""model_6"": 1}",False,,2.77972903777772,1.0809509391501821,4.036174254611306,2.6872189659632824
30,steady,10,3,steady_r10_s3,75,1787647049.6349332,True,model_5,False,0.0,False,False,2+2,"{""model_3"": 1, ""model_4"": 0, ""model_5"": 0, ""model_6"": 1}",False,,2.79541409945556,1.0242840843639163,4.44917220915298,2.778354266245609
30,steady,10,3,steady_r10_s3,76,1787647054.7009335,True,model_5,False,0.0,False,False,2+2,"{""model_3"": 1, ""model_4"": 0, ""model_5"": 0, ""model_6"": 1}",False,,2.7628149026851982,0.9673096739161022,5.079811172113206,2.8604644214271535
30,steady,10,3,steady_r10_s3,77,1787647059.7688065,True,model_5,False,0.0,False,False,2+2,"{""model_3"": 1, ""model_4"": 0, ""model_5"": 0, ""model_6"": 1}",False,,2.865660768541314,0.8489918832404535,5.019431974750867,2.7286580671253535
30,steady,10,3,steady_r10_s3,78,1787647064.8365958,True,model_5,False,0.0,False,False,2+2,"{""model_3"": 1, ""model_4"": 0, ""model_5"": 0, ""model_6"": 1}",False,,2.6319533495415017,0.7189838134309012,4.916819173609602,2.6303357476753653
30,steady,10,3,steady_r10_s3,79,1787647069.9045005,True,model_5,False,0.0,False,False,2+2,"{""model_3"": 1, ""model_4"": 0, ""model_5"": 0, ""model_6"": 1}",False,,2.52406557893261,0.6766834327511952,4.688991165284581,2.638080132925965
30,steady,10,3,steady_r10_s3,80,1787647074.9724832,True,model_5,False,0.0,False,False,2+2,"{""model_3"": 1, ""model_4"": 0, ""model_5"": 0, ""model_6"": 1}",False,,2.652904110496902,0.5426761722017384,4.8747977989953934,2.6231489214384056
30,steady,10,3,steady_r10_s3,81,1787647080.0413854,True,model_5,False,0.0,False,False,2+2,"{""model_3"": 1, ""model_4"": 0, ""model_5"": 0, ""model_6"": 1}",False,,2.510285076148952,0.5368001388902233,4.512416500239014,2.521408659999258
30,steady,10,3,steady_r10_s3,82,1787647085.140506,True,model_5,False,0.0,False,False,2+2,"{""model_3"": 1, ""model_4"": 0, ""model_5"": 0, ""model_6"": 1}",False,,2.464571334207984,0.5638106130872265,4.023122160981133,2.4134050845180752
30,steady,10,3,steady_r10_s3,83,1787647090.240579,True,model_5,False,0.0,False,False,2+2,"{""model_3"": 1, ""model_4"": 0, ""model_5"": 0, ""model_6"": 1}",False,,2.374497101657481,0.5905752065447372,4.138256482840775,2.403208072093172
30,steady,10,3,steady_r10_s3,84,1787647095.3127007,True,model_5,False,0.0,False,False,2+2,"{""model_3"": 1, ""model_4"": 0, ""model_5"": 0, ""model_6"": 1}",False,,2.433204180317088,0.6314910767220945,4.005507140309522,2.62844670855587
30,steady,10,3,steady_r10_s3,85,1787647100.3843987,True,model_5,False,0.0,False,False,2+2,"{""model_3"": 1, ""model_4"": 0, ""model_5"": 0, ""model_6"": 1}",False,,1.9353149598491617,0.5880216229648434,3.654798445612646,2.245607288218391
30,steady,10,3,steady_r10_s3,86,1787647105.4562438,True,model_5,False,0.0,False,False,2+2,"{""model_3"": 1, ""model_4"": 0, ""model_5"": 0, ""model_6"": 1}",False,,1.5945005045091916,0.5237249597726961,3.0863426279148665,1.7299897171714005
30,steady,10,4,steady_r10_s4,1,1787647874.1000955,True,model_3,False,0.0,False,False,2+2,"{""model_3"": 1, ""model_4"": 0, ""model_5"": 0, ""model_6"": 1}",False,,0.0028009038710428025,0.00021534796083191507,0.002652864558977878,0.00020388433647089394
30,steady,10,4,steady_r10_s4,2,1787647879.106961,True,model_3,True,0.3144609760773458,True,False,2+2,"{""model_3"": 1, ""model_4"": 0, ""model_5"": 0, ""model_6"": 0}",True,model_6,0.4407504046137736,0.044238253767017705,0.045311106668864176,0.1904768416646945
30,steady,10,4,steady_r10_s4,3,1787647885.2052634,True,model_3,True,0.19829346182813717,True,True,3+1,"{""model_3"": 1, ""model_4"": 1, ""model_5"": 0, ""model_6"": 0}",False,,1.1471381894242902,0.09453824223982739,0.5821459775684479,0.6554806211609625
30,steady,10,4,steady_r10_s4,4,1787647890.2136855,True,model_3,True,0.40369007086995246,True,True,3+1,"{""model_3"": 1, ""model_4"": 1, ""model_5"": 0, ""model_6"": 0}",False,,2.0789428892428106,0.22931521356212647,0.8578322819964257,0.9364300133724107
30,steady,10,4,steady_r10_s4,5,1787647895.244793,True,model_3,True,0.4075663757715229,True,True,3+1,"{""model_3"": 1, ""model_4"": 1, ""model_5"": 0, ""model_6"": 0}",False,,2.9382601968787414,0.3595390950203601,1.1767046037802285,1.1219651871894463
30,steady,10,4,steady_r10_s4,6,1787647900.2535155,True,model_3,True,0.38915921062036346,True,True,3+1,"{""model_3"": 1, ""model_4"": 1, ""model_5"": 0, ""model_6"": 0}",False,,3.6147344998129993,0.5466456635280592,1.566679244701068,1.6234104031086036
30,steady,10,4,steady_r10_s4,7,1787647905.2648265,True,model_3,True,0.4114373338981286,True,True,3+1,"{""model_3"": 1, ""model_4"": 1, ""model_5"": 0, ""model_6"": 0}",False,,4.593258276200513,0.6732394949437401,1.9234329198413223,1.9086455806481233
30,steady,10,4,steady_r10_s4,8,1787647910.2775154,True,model_3,True,0.3492662540426357,True,True,3+1,"{""model_3"": 1, ""model_4"": 1, ""model_5"": 0, ""model_6"": 0}",True,model_4,4.766354135430958,0.7087413579549572,2.1824586153799217,2.16130691491693
30,steady,10,4,steady_r10_s4,9,1787647915.3018286,True,model_3,True,0.26964318254000125,True,True,2+2,"{""model_3"": 1, ""model_4"": 1, ""model_5"": 0, ""model_6"": 0}",False,,4.5556141281736995,0.7082770372795778,2.124312850720053,2.3877640108014337
30,steady,10,4,steady_r10_s4,10,1787647920.3162544,True,model_3,True,0.14497736174825357,True,True,2+2,"{""model_3"": 1, ""model_4"": 1, ""model_5"": 0, ""model_6"": 0}",False,,4.442121503319045,0.651363913830471,2.32306608482765,2.744149741995635
30,steady,10,4,steady_r10_s4,11,1787647925.3267627,True,model_3,True,0.10468813335425442,True,True,2+2,"{""model_3"": 1, ""model_4"": 1, ""model_5"": 0, ""model_6"": 0}",False,,4.499708086907685,0.5817761406245163,2.3790948918314516,2.9611311575696804
30,steady,10,4,steady_r10_s4,12,1787647930.342092,True,model_3,True,0.12221221088345542,True,True,2+2,"{""model_3"": 1, ""model_4"": 1, ""model_5"": 0, ""model_6"": 0}",False,,4.621043242601259,0.4621048659935689,2.371772990237429,2.9721917559205298
30,steady,10,4,steady_r10_s4,13,1787647935.3580468,True,model_3,True,0.12074359605613114,True,True,2+2,"{""model_3"": 1, ""model_4"": 1, ""model_5"": 0, ""model_6"": 0}",False,,4.62709319496271,0.4555829351829564,2.469292384857985,2.9609272755724296
30,steady,10,4,steady_r10_s4,14,1787647940.3751829,True,model_3,True,0.17515734728492666,True,True,2+2,"{""model_3"": 1, ""model_4"": 1, ""model_5"": 0, ""model_6"": 0}",False,,4.945948091642224,0.49751413130605704,2.7622749404858076,2.8505251740611817
30,steady,10,4,steady_r10_s4,15,1787647945.3903122,True,model_3,True,0.2627172005376294,True,True,2+2,"{""model_3"": 1, ""model_4"": 1, ""model_5"": 0, ""model_6"": 0}",False,,5.365411455369594,0.5440599313797838,2.709529745957648,2.682583377687806
30,steady,10,4,steady_r10_s4,16,1787647950.4039946,True,model_3,True,0.23879234128636545,True,True,2+2,"{""model_3"": 1, ""model_4"": 1, ""model_5"": 0, ""model_6"": 0}",False,,5.350174538311121,0.537168828433477,2.958262327007414,2.1937250343954586
30,steady,10,4,steady_r10_s4,17,1787647955.4268465,True,model_3,True,0.2396923043891212,True,True,2+2,"{""model_3"": 1, ""model_4"": 1, ""model_5"": 0, ""model_6"": 0}",False,,5.41739623121615,0.5741469748695366,3.039227753347419,2.071446755835576
30,steady,10,4,steady_r10_s4,18,1787647960.4503014,True,model_3,True,0.24549124144120713,True,True,2+2,"{""model_3"": 1, ""model_4"": 1, ""model_5"": 0, ""model_6"": 0}",False,,5.600351272072666,0.5954663637968961,3.147782971100793,2.04626741882212
30,steady,10,4,steady_r10_s4,19,1787647965.4715645,True,model_3,True,0.15642955126572677,True,True,2+2,"{""model_3"": 1, ""model_4"": 1, ""model_5"": 0, ""model_6"": 0}",False,,5.1851452822292785,0.6065104599762732,3.1848169603441248,2.2669190013428553
30,steady,10,4,steady_r10_s4,20,1787647970.4942093,True,model_3,True,0.14650128235355908,True,True,2+2,"{""model_3"": 1, ""model_4"": 1, ""model_5"": 0, ""model_6"": 0}",False,,4.907967835150885,0.5526736725800748,3.0153519723166173,2.3132510532505077
30,steady,10,4,steady_r10_s4,21,1787647975.517039,True,model_3,True,0.22095720656054826,True,True,2+2,"{""model_3"": 1, ""model_4"": 1, ""model_5"": 0, ""model_6"": 0}",False,,5.409553700377229,0.5008367590148888,3.043578451224142,2.2949526539580694
30,steady,10,4,steady_r10_s4,22,1787647980.5410123,True,model_3,True,0.2534211641078893,True,True,2+2,"{""model_3"": 1, ""model_4"": 1, ""model_5"": 0, ""model_6"": 0}",False,,5.635754697002645,0.5018827945967559,2.9696165873198384,2.566829525569989
30,steady,10,4,steady_r10_s4,23,1787647985.568693,True,model_3,True,0.2786994905370609,True,True,2+2,"{""model_3"": 1, ""model_4"": 1, ""model_5"": 0, ""model_6"": 0}",False,,5.78453871063244,0.5095122680631807,2.919954962775773,2.6810544901895996
30,steady,10,4,steady_r10_s4,24,1787647990.5972962,True,model_3,True,0.27289040836900014,True,True,2+2,"{""model_3"": 1, ""model_4"": 1, ""model_5"": 0, ""model_6"": 0}",False,,5.561362690187749,0.48760835470734515,2.7978170784804313,2.6791684465267096
30,steady,10,4,steady_r10_s4,25,1787647995.6484478,True,model_3,True,0.2510304664933515,True,True,2+2,"{""model_3"": 1, ""model_4"": 1, ""model_5"": 0, ""model_6"": 0}",False,,5.846270631950224,0.4454619859595131,3.0936645340976447,2.656079106378264
30,steady,10,4,steady_r10_s4,26,1787648000.6961224,True,model_3,True,0.3230979126255615,True,True,2+2,"{""model_3"": 1, ""model_4"": 1, ""model_5"": 0, ""model_6"": 0}",False,,6.299792986749473,0.47142679170888807,3.0363626596237223,2.7506803981479
30,steady,10,4,steady_r10_s4,27,1787648005.72695,True,model_3,True,0.30121002557267956,True,True,2+2,"{""model_3"": 1, ""model_4"": 1, ""model_5"": 0, ""model_6"": 0}",False,,5.809858881626667,0.5414451338280806,2.8610613695664635,2.6194819929217728
30,steady,10,4,steady_r10_s4,28,1787648010.7593453,True,model_3,True,0.29456592752034144,True,True,2+2,"{""model_3"": 1, ""model_4"": 1, ""model_5"": 0, ""model_6"": 0}",False,,5.79899137460702,0.533538825659683,2.9176204419638725,2.5169292934176153
30,steady,10,4,steady_r10_s4,29,1787648015.7869995,True,model_3,True,0.3823281110714558,True,True,2+2,"{""model_3"": 1, ""model_4"": 1, ""model_5"": 0, ""model_6"": 0}",False,,6.199296555856457,0.4943458181576431,2.8136281512519394,2.527123291580605
30,steady,10,4,steady_r10_s4,30,1787648020.8142798,True,model_3,True,0.44061923438778766,True,True,2+2,"{""model_3"": 1, ""model_4"": 1, ""model_5"": 0, ""model_6"": 0}",False,,6.751746835380943,0.5593191924569585,2.9445735458830873,2.472330085215672
30,steady,10,4,steady_r10_s4,31,1787648025.8759308,True,model_3,True,0.4542415857035748,True,True,2+2,"{""model_3"": 1, ""model_4"": 1, ""model_5"": 0, ""model_6"": 0}",False,,6.183499458023778,0.5599035413227872,2.369013351547949,2.394237264214142
30,steady,10,4,steady_r10_s4,32,1787648030.9169319,True,model_3,True,0.4528656827362675,True,True,2+2,"{""model_3"": 1, ""model_4"": 1, ""model_5"": 0, ""model_6"": 0}",False,,6.440510397230664,0.5783003875004766,2.4216463381371742,2.479103145569741
30,steady,10,4,steady_r10_s4,33,1787648035.9542181,True,model_3,True,0.45773942414874985,True,True,2+2,"{""model_3"": 1, ""model_4"": 1, ""model_5"": 0, ""model_6"": 0}",False,,6.614502545699845,0.541722240488914,2.482237866044742,2.5102461206497844
30,steady,10,4,steady_r10_s4,34,1787648040.9925396,True,model_3,True,0.4028381128939779,True,True,2+2,"{""model_3"": 1, ""model_4"": 1, ""model_5"": 0, ""model_6"": 0}",False,,6.717911916618742,0.5937746754443303,2.132696067728444,2.5249765949511467
30,steady,10,4,steady_r10_s4,35,1787648046.0536542,True,model_3,True,0.4311431345655208,True,True,2+2,"{""model_3"": 1, ""model_4"": 1, ""model_5"": 0, ""model_6"": 0}",False,,6.074712351672475,0.6289990784307505,2.203686827292091,2.548423024634974
30,steady,10,4,steady_r10_s4,36,1787648051.112049,True,model_3,True,0.4072407476711938,True,True,2+2,"{""model_3"": 1, ""model_4"": 1, ""model_5"": 0, ""model_6"": 0}",False,,5.776808215948362,0.6002040449634869,1.9666263912684299,2.3716573330186286
30,steady,10,4,steady_r10_s4,37,1787648056.1483288,True,model_3,True,0.45749649509257734,True,True,2+2,"{""model_3"": 1, ""model_4"": 1, ""model_5"": 0, ""model_6"": 0}",False,,5.551167400097155,0.5803613076949053,2.16007341945147,2.3133980523042443
30,steady,10,4,steady_r10_s4,38,1787648061.1868849,True,model_3,True,0.39150812654362543,True,True,2+2,"{""model_3"": 1, ""model_4"": 1, ""model_5"": 0, ""model_6"": 0}",False,,5.4873067918373755,0.6098945687689251,2.5002717895454722,2.132355984616348
30,steady,10,4,steady_r10_s4,39,1787648066.2278564,True,model_3,True,0.3901286310886376,True,True,2+2,"{""model_3"": 1, ""model_4"": 1, ""model_5"": 0, ""model_6"": 0}",False,,5.486074394134119,0.6222616292039044,2.447638956695351,2.2766535747556302
30,steady,10,4,steady_r10_s4,40,1787648071.278438,True,model_3,True,0.4176461798265119,True,True,2+2,"{""model_3"": 1, ""model_4"": 1, ""model_5"": 0, ""model_6"": 0}",False,,5.881225912260839,0.5871294461460974,2.60373350734561,2.139593916442575
30,steady,10,4,steady_r10_s4,41,1787648076.3290548,True,model_3,True,0.4206390116937546,True,True,2+2,"{""model_3"": 1, ""model_4"": 1, ""model_5"": 0, ""model_6"": 0}",False,,6.35648328109938,0.567625313270071,2.838140619776895,2.2476007825208897
30,steady,10,4,steady_r10_s4,42,1787648081.4087162,True,model_3,True,0.2980193092429875,True,True,2+2,"{""model_3"": 1, ""model_4"": 1, ""model_5"": 0, ""model_6"": 0}",False,,6.254418344038579,0.5394763767977634,3.24296775147692,2.3935299288065615
30,steady,10,4,steady_r10_s4,43,1787648086.4667842,True,model_3,True,0.3036821180247544,True,True,2+2,"{""model_3"": 1, ""model_4"": 1, ""model_5"": 0, ""model_6"": 0}",False,,6.304386469097984,0.5802692335243457,3.281169001126202,2.3073387581707343
30,steady,10,4,steady_r10_s4,44,1787648091.5091932,True,model_3,True,0.3141164365422707,True,True,2+2,"{""model_3"": 1, ""model_4"": 1, ""model_5"": 0, ""model_6"": 0}",False,,6.044686662174895,0.5830379035457265,3.02829795136443,2.423296500377638
30,steady,10,4,steady_r10_s4,45,1787648096.5526624,True,model_3,True,0.24536725372271995,True,True,2+2,"{""model_3"": 1, ""model_4"": 1, ""model_5"": 0, ""model_6"": 0}",False,,5.619173346086072,0.5951894947323558,3.03912163876506,2.4266095983868925
30,steady,10,4,steady_r10_s4,46,1787648101.6244366,True,model_3,True,0.20447790735640517,True,True,2+2,"{""model_3"": 1, ""model_4"": 1, ""model_5"": 0, ""model_6"": 0}",False,,5.363506840737286,0.5978658744190367,3.0238411389053472,2.4980193323984627
30,steady,10,4,steady_r10_s4,47,1787648107.027496,True,model_3,True,0.3331874763831644,True,True,2+2,"{""model_3"": 1, ""model_4"": 1, ""model_5"": 0, ""model_6"": 0}",False,,5.600351272072665,0.6806206530214746,2.642253100741969,2.4947058305120327
30,steady,10,4,steady_r10_s4,48,1787648112.0803888,True,model_3,True,0.4059039975440089,True,True,2+2,"{""model_3"": 1, ""model_4"": 1, ""model_5"": 0, ""model_6"": 0}",False,,5.584218065775458,0.7280892423959799,2.4038136341810366,2.401888186090996
30,steady,10,4,steady_r10_s4,49,1787648117.1252542,True,model_3,True,0.3826969653837993,True,True,2+2,"{""model_3"": 1, ""model_4"": 1, ""model_5"": 0, ""model_6"": 0}",False,,5.494253033437565,0.6362591754933214,2.1993361520634216,2.572532070809869
30,steady,10,4,steady_r10_s4,50,1787648122.1789858,True,model_3,True,0.3836748314807931,True,True,2+2,"{""model_3"": 1, ""model_4"": 1, ""model_5"": 0, ""model_6"": 0}",False,,5.263458554463636,0.5601801503567697,1.9390367440841263,2.5250785359497714
30,steady,10,4,steady_r10_s4,51,1787648127.2387803,True,model_3,True,0.35607026542757636,True,True,2+2,"{""model_3"": 1, ""model_4"": 1, ""model_5"": 0, ""model_6"": 0}",False,,5.2400429981017185,0.5244940975383073,2.000371100296018,2.578597560228077
30,steady,10,4,steady_r10_s4,52,1787648132.2992222,True,model_3,True,0.2761044858109605,True,True,2+2,"{""model_3"": 1, ""model_4"": 1, ""model_5"": 0, ""model_6"": 0}",False,,4.909536341318666,0.4723493055595976,2.0556569109659435,2.6252865375984844
30,steady,10,4,steady_r10_s4,53,1787648137.3470862,True,model_3,True,0.1169454795855403,True,True,2+2,"{""model_3"": 1, ""model_4"": 1, ""model_5"": 0, ""model_6"": 0}",False,,4.27955704264372,0.427926149209321,2.1176280864540673,2.7942027723206793
30,steady,10,4,steady_r10_s4,54,1787648142.3992815,True,model_3,True,0.10236136344357478,True,True,2+2,"{""model_3"": 1, ""model_4"": 1, ""model_5"": 0, ""model_6"": 0}",False,,4.307678117508989,0.35187796261102844,2.5894140132197507,2.7763121270619315
30,steady,10,4,steady_r10_s4,55,1787648147.4503894,True,model_3,True,0.07146994408020878,True,True,2+2,"{""model_3"": 1, ""model_4"": 1, ""model_5"": 0, ""model_6"": 0}",False,,4.461839866571186,0.3715668600915435,2.930566421011685,2.815463861121988
30,steady,10,4,steady_r10_s4,56,1787648152.5016499,True,model_3,True,0.0841058923304476,True,True,2+2,"{""model_3"": 1, ""model_4"": 1, ""model_5"": 0, ""model_6"": 0}",False,,4.893627207331145,0.4133750334680314,3.2156963038106268,2.746501007806219
30,steady,10,4,steady_r10_s4,57,1787648157.551889,True,model_3,True,0.13869337358403663,True,True,2+2,"{""model_3"": 1, ""model_4"": 1, ""model_5"": 0, ""model_6"": 0}",False,,5.18256845066792,0.4703804990381341,3.193836699844649,2.5547497477554058
30,steady,10,4,steady_r10_s4,58,1787648162.6264546,True,model_3,True,0.17236223772668766,True,True,2+2,"{""model_3"": 1, ""model_4"": 1, ""model_5"": 0, ""model_6"": 0}",False,,5.525175012173876,0.51461898947528,3.274802126184654,2.5589803922005827
30,steady,10,4,steady_r10_s4,59,1787648167.6795855,True,model_3,True,0.18486210033739972,True,True,2+2,"{""model_3"": 1, ""model_4"": 1, ""model_5"": 0, ""model_6"": 0}",False,,5.534361976870896,0.5707629870085505,3.2307645745056215,2.520701455762366
30,steady,10,4,steady_r10_s4,60,1787648172.732143,True,model_3,True,0.3107961672647373,True,True,2+2,"{""model_3"": 1, ""model_4"": 1, ""model_5"": 0, ""model_6"": 0}",False,,6.316262301511205,0.6591477042817645,3.1772828249966274,2.5364003291260837
30,steady,10,4,steady_r10_s4,61,1787648177.7872975,True,model_3,True,0.31629025228242275,True,True,2+2,"{""model_3"": 1, ""model_4"": 1, ""model_5"": 0, ""model_6"": 0}",False,,6.336764917847239,0.7131997644487225,3.211027262186826,2.4120831768393622
30,steady,10,4,steady_r10_s4,62,1787648182.837939,True,model_3,True,0.31883599217907177,True,True,2+2,"{""model_3"": 1, ""model_4"": 1, ""model_5"": 0, ""model_6"": 0}",False,,6.1082111619701465,0.758361005072156,3.061617930225192,2.3896049983549803
30,steady,10,4,steady_r10_s4,63,1787648188.2300136,True,model_3,True,0.24270456516146266,True,True,2+2,"{""model_3"": 1, ""model_4"": 1, ""model_5"": 0, ""model_6"": 0}",False,,5.486410502598644,0.7161528470441675,3.0138663681635904,2.259273231542635
30,steady,10,4,steady_r10_s4,64,1787648193.2878597,True,model_3,True,0.24377191239391136,True,True,2+2,"{""model_3"": 1, ""model_4"": 1, ""model_5"": 0, ""model_6"": 0}",False,,5.449438571500879,0.7994612956324181,3.0254328576407334,2.130317734390792
30,steady,10,4,steady_r10_s4,65,1787648198.3423188,True,model_3,True,0.2750732930565901,True,True,2+2,"{""model_3"": 1, ""model_4"": 1, ""model_5"": 0, ""model_6"": 0}",False,,5.289450942386914,0.8037989498973933,2.8264680157173934,2.0300074610593923
30,steady,10,4,steady_r10_s4,66,1787648203.4007638,True,model_3,True,0.14362375054698276,True,True,2+2,"{""model_3"": 1, ""model_4"": 1, ""model_5"": 0, ""model_6"": 0}",False,,4.703725924874441,0.7606371234612029,2.9121024836811986,2.180931374252392
30,steady,10,4,steady_r10_s4,67,1787648208.4704754,True,model_3,True,0.2680329451491883,True,True,2+2,"{""model_3"": 1, ""model_4"": 1, ""model_5"": 0, ""model_6"": 0}",False,,5.283064881560936,0.7502083512956993,2.7692722558258307,2.2700787232332766
30,steady,10,4,steady_r10_s4,68,1787648213.5426571,True,model_3,True,0.3034673302103058,True,True,2+2,"{""model_3"": 1, ""model_4"": 1, ""model_5"": 0, ""model_6"": 0}",False,,5.499070588095757,0.7525772287468292,2.720565662522996,2.4179952272116414
30,steady,10,4,steady_r10_s4,69,1787648218.6026053,True,model_3,True,0.42832380306835793,True,True,2+2,"{""model_3"": 1, ""model_4"": 1, ""model_5"": 0, ""model_6"": 0}",False,,6.131514682177222,0.7413178484179298,2.4645111752904505,2.455050543383578
30,steady,10,4,steady_r10_s4,70,1787648223.6597762,True,model_3,True,0.4163416196848735,True,True,2+2,"{""model_3"": 1, ""model_4"": 1, ""model_5"": 0, ""model_6"": 0}",False,,6.727322953625447,0.6949876881123401,2.3874773927166477,2.467940606220266
30,steady,10,4,steady_r10_s4,71,1787648228.7384427,True,model_3,True,0.4073649237627378,True,True,2+2,"{""model_3"": 1, ""model_4"": 1, ""model_5"": 0, ""model_6"": 0}",False,,6.839919289241368,0.7024018043077744,2.3281592502749926,2.4447999995323126
30,steady,10,4,steady_r10_s4,72,1787648233.8259008,True,model_3,True,0.3591516820059902,True,True,2+2,"{""model_3"": 1, ""model_4"": 0, ""model_5"": 0, ""model_6"": 0}",True,model_4,7.1523881250949,0.7407643939820585,2.613283819757929,2.231340929830958
30,steady,10,4,steady_r10_s4,73,1787648239.107695,True,model_3,True,0.39355537846373817,True,True,3+1,"{""model_3"": 1, ""model_4"": 1, ""model_5"": 0, ""model_6"": 0}",False,,6.3851645367388565,0.699635470102282,2.4387253317771833,2.250760521981238
30,steady,10,4,steady_r10_s4,74,1787648244.1721365,True,model_3,True,0.39894604098192754,True,True,3+1,"{""model_3"": 1, ""model_4"": 0, ""model_5"": 0, ""model_6"": 0}",False,,6.959573902612315,0.6457371174537276,2.3211555687502563,2.346681788355421
30,steady,10,4,steady_r10_s4,75,1787648249.5001116,True,model_3,True,0.40529732158012177,True,True,3+1,"{""model_3"": 1, ""model_4"": 1, ""model_5"": 0, ""model_6"": 0}",False,,6.6876621548114805,0.6557661057506359,2.2169509828416776,2.3884775977918116
30,steady,10,4,steady_r10_s4,76,1787648254.5667167,True,model_3,True,0.42569149973419684,True,True,3+1,"{""model_3"": 1, ""model_4"": 1, ""model_5"": 0, ""model_6"": 0}",False,,6.8076528766469515,0.5953767836910236,2.299508470528605,2.610912856792311
30,steady,10,4,steady_r10_s4,77,1787648259.6330516,True,model_3,True,0.47192708104963466,True,True,3+1,"{""model_3"": 1, ""model_4"": 1, ""model_5"": 0, ""model_6"": 0}",False,,6.500449740070979,0.5421246507779722,2.444249041399974,2.719072256333801
30,steady,10,4,steady_r10_s4,78,1787648264.697748,True,model_3,True,0.4577402564843804,True,True,3+1,"{""model_3"": 1, ""model_4"": 1, ""model_5"": 0, ""model_6"": 0}",True,model_4,6.62357747424202,0.5142218100392717,2.3546883542165737,2.8228481929344027
30,steady,10,4,steady_r10_s4,79,1787648269.774367,True,model_3,True,0.4504224239178721,True,True,2+2,"{""model_3"": 1, ""model_4"": 1, ""model_5"": 0, ""model_6"": 0}",False,,6.491822956148167,0.4915771576077877,2.553971724890765,2.7946105363151807
30,steady,10,4,steady_r10_s4,80,1787648274.8561616,True,model_3,True,0.4228904745589095,True,True,2+2,"{""model_3"": 1, ""model_4"": 1, ""model_5"": 0, ""model_6"": 0}",False,,6.47244070136055,0.481794253181058,2.8037594950925415,2.5765137507709164
30,steady,10,4,steady_r10_s4,81,1787648279.9394772,True,model_3,True,0.31319769937652836,True,True,2+2,"{""model_3"": 1, ""model_4"": 1, ""model_5"": 0, ""model_6"": 0}",False,,6.47221662905087,0.3955939935762051,3.2163329913047822,2.6796786079922597
30,steady,10,4,steady_r10_s4,82,1787648285.020546,True,model_3,True,0.25767761464165845,True,True,2+2,"{""model_3"": 1, ""model_4"": 1, ""model_5"": 0, ""model_6"": 0}",False,,6.173192131778339,0.4442315269743644,3.2788344803143015,2.6693826235185116
30,steady,10,4,steady_r10_s4,83,1787648290.1377165,True,model_3,True,0.3432684089724806,True,True,2+2,"{""model_3"": 1, ""model_4"": 1, ""model_5"": 0, ""model_6"": 0}",False,,6.019926671954877,0.54630588002373,2.7611076024944436,2.7833460559670797
30,steady,10,4,steady_r10_s4,84,1787648295.2469256,True,model_3,True,0.2924699310008496,True,True,2+2,"{""model_3"": 1, ""model_4"": 1, ""model_5"": 0, ""model_6"": 0}",False,,5.646286095557767,0.5969122771927458,2.8167054741403548,2.5452178427437206
30,steady,10,4,steady_r10_s4,85,1787648301.0106776,True,model_3,True,0.27046611711518226,True,True,2+2,"{""model_3"": 1, ""model_4"": 1, ""model_5"": 0, ""model_6"": 0}",False,,4.662160511428167,0.5853140282706742,2.3502257700896845,2.2578963035877706
30,steady,10,4,steady_r10_s4,86,1787648306.1165686,True,model_3,True,0.18490206449597113,True,True,2+2,"{""model_3"": 1, ""model_4"": 1, ""model_5"": 0, ""model_6"": 0}",False,,3.3057387847595585,0.5428595476184314,1.7869736707191175,1.8990078928922207
30,bursty,8,3,bursty_r8_s3,1,1787649086.6240017,True,model_3,True,0.25494528948788175,True,False,2+2,"{""model_3"": 1, ""model_4"": 0, ""model_5"": 0, ""model_6"": 0}",True,model_6,0.03484325188493081,0.00021535496296932476,0.0007427943473554577,0.0003568063033767352
30,bursty,8,3,bursty_r8_s3,2,1787649091.6273198,True,model_3,True,0.26054079480702724,True,True,3+1,"{""model_3"": 1, ""model_4"": 0, ""model_5"": 0, ""model_6"": 0}",False,,0.7206165479418922,0.07863250752907956,0.0007433374074231613,0.2991968309653847
30,bursty,8,3,bursty_r8_s3,3,1787649096.6569574,True,model_3,True,0.2598699060632774,True,True,3+1,"{""model_3"": 1, ""model_4"": 0, ""model_5"": 0, ""model_6"": 0}",False,,1.4912012209431884,0.17707689375954427,0.0007437482304299414,0.49140658387347114
30,bursty,8,3,bursty_r8_s3,4,1787649101.6653035,True,model_3,True,0.25965276026385975,True,True,3+1,"{""model_3"": 1, ""model_4"": 0, ""model_5"": 0, ""model_6"": 0}",False,,2.2808320402675752,0.37642669507310594,0.0007442722115212907,0.662769402562674
30,bursty,8,3,bursty_r8_s3,5,1787649106.6720395,True,model_3,True,0.2595266062394085,True,True,3+1,"{""model_3"": 1, ""model_4"": 0, ""model_5"": 0, ""model_6"": 0}",False,,3.294983313894753,0.6227837207252396,0.0007451063591042972,1.0065654204266468
30,bursty,8,3,bursty_r8_s3,6,1787649111.6804976,True,model_3,True,0.2594804349139869,True,True,3+1,"{""model_3"": 1, ""model_4"": 0, ""model_5"": 0, ""model_6"": 0}",False,,3.9362782642087137,0.7847862676977575,0.0007457972137958624,1.3333372915201873
30,bursty,8,3,bursty_r8_s3,7,1787649116.6905897,True,model_3,True,0.2592428934644999,True,True,3+1,"{""model_3"": 1, ""model_4"": 0, ""model_5"": 0, ""model_6"": 0}",False,,4.370642436530031,1.0182839559180812,3.6238729133053482e-06,1.5455784506581534
30,bursty,8,3,bursty_r8_s3,8,1787649121.7002487,True,model_3,True,0.2451241195519258,True,True,3+1,"{""model_3"": 1, ""model_4"": 0, ""model_5"": 0, ""model_6"": 0}",False,,4.498363653049583,1.0806115534979581,3.8670078523761475e-06,1.6552669651790235
30,bursty,8,3,bursty_r8_s3,9,1787649126.7076728,True,model_3,True,0.15087549546389248,True,True,3+1,"{""model_3"": 1, ""model_4"": 0, ""model_5"": 0, ""model_6"": 0}",False,,4.478757325952284,1.1251884316373915,4.165454141613623e-06,1.821838556932836
30,bursty,8,3,bursty_r8_s3,10,1787649131.7166748,True,model_3,True,0.08779761027325976,True,True,3+1,"{""model_3"": 1, ""model_4"": 0, ""model_5"": 0, ""model_6"": 0}",False,,4.204492818899772,1.0487710494616833,0.03205078292150132,1.8684765638039305
30,bursty,8,3,bursty_r8_s3,11,1787649136.7673848,True,model_3,True,0.10167649102484046,True,True,3+1,"{""model_3"": 1, ""model_4"": 0, ""model_5"": 0, ""model_6"": 0}",False,,3.4624773653831125,0.8325935261869781,0.6204570097891433,1.9751578188653545
30,bursty,8,3,bursty_r8_s3,12,1787649141.778722,True,model_3,True,0.1973474637313793,True,True,3+1,"{""model_3"": 1, ""model_4"": 1, ""model_5"": 0, ""model_6"": 0}",True,model_4,3.158859385762072,0.6777920573021217,1.1283197898128106,1.9423837878073065
30,bursty,8,3,bursty_r8_s3,13,1787649146.789976,True,model_3,True,0.0523356419863122,True,True,2+2,"{""model_3"": 1, ""model_4"": 1, ""model_5"": 0, ""model_6"": 0}",False,,3.105642212212261,0.44407682272369864,2.070300196921735,2.1478458705366856
30,bursty,8,3,bursty_r8_s3,14,1787649151.804099,True,model_3,False,0.0,False,True,2+2,"{""model_3"": 1, ""model_4"": 0, ""model_5"": 0, ""model_6"": 1}",False,,2.8884034256227737,0.3033329072784503,2.8370798151290084,2.1625298978477505
30,bursty,8,3,bursty_r8_s3,15,1787649156.8579283,True,model_5,False,0.0,False,True,2+2,"{""model_3"": 1, ""model_4"": 0, ""model_5"": 0, ""model_6"": 1}",False,,2.7712132478306346,0.15348260366418742,3.8174726214587267,2.2910272007937165
30,bursty,8,3,bursty_r8_s3,16,1787649161.8747847,True,model_5,False,0.0,False,True,2+2,"{""model_3"": 1, ""model_4"": 0, ""model_5"": 0, ""model_6"": 1}",False,,2.5825440317797392,0.037380175490807854,4.547222769991089,2.5727417684928024
30,bursty,8,3,bursty_r8_s3,17,1787649166.893385,True,model_5,False,0.0,False,True,2+2,"{""model_3"": 1, ""model_4"": 0, ""model_5"": 0, ""model_6"": 1}",False,,2.6118974416595755,0.006800996833445261,4.7874662157964725,2.5480721864676705
30,bursty,8,3,bursty_r8_s3,18,1787649171.9099183,True,model_5,False,0.0,False,True,2+2,"{""model_3"": 1, ""model_4"": 0, ""model_5"": 0, ""model_6"": 1}",True,model_6,2.776702576129692,2.2866355458006637e-06,4.9839904469765735,2.669535164431189
30,bursty,8,3,bursty_r8_s3,19,1787649178.8134367,True,model_5,False,0.0,False,False,1+3,"{""model_3"": 1, ""model_4"": 0, ""model_5"": 0, ""model_6"": 1}",False,,2.933106533756024,2.5259057947479846e-06,4.858774497059165,2.621059356383946
30,bursty,8,3,bursty_r8_s3,20,1787649183.831812,True,model_5,False,0.0,False,False,1+3,"{""model_3"": 1, ""model_4"": 0, ""model_5"": 0, ""model_6"": 1}",False,,2.7220304180342376,2.2448424046306314e-06,4.608556311856371,2.214110563854444
30,bursty,8,3,bursty_r8_s3,21,1787649188.8469307,True,model_5,False,0.0,False,False,1+3,"{""model_3"": 1, ""model_4"": 0, ""model_5"": 0, ""model_6"": 1}",False,,2.867565383173622,2.2577139009438696e-06,5.347856607152328,2.096878488103248
30,bursty,8,3,bursty_r8_s3,22,1787649193.873837,True,model_5,False,0.0,False,False,1+3,"{""model_3"": 1, ""model_4"": 0, ""model_5"": 0, ""model_6"": 1}",False,,3.213420993169987,2.399794919005771e-06,5.588312250778081,2.0634421069890463
30,bursty,8,3,bursty_r8_s3,23,1787649198.8929496,True,model_5,False,0.0,False,False,1+3,"{""model_3"": 1, ""model_4"": 0, ""model_5"": 0, ""model_6"": 1}",False,,3.3758734176904706,2.408909066220488e-06,5.44346584585789,1.9210306086073152
30,bursty,8,3,bursty_r8_s3,24,1787649203.9289906,True,model_5,False,0.0,False,False,1+3,"{""model_3"": 1, ""model_4"": 1, ""model_5"": 0, ""model_6"": 1}",False,,3.0690063895790183,2.2025707664408145e-06,5.8461706859107325,1.7741842961930219
30,bursty,8,3,bursty_r8_s3,25,1787649208.9484417,True,model_5,False,0.0,False,False,1+3,"{""model_3"": 1, ""model_4"": 1, ""model_5"": 0, ""model_6"": 1}",False,,2.995398635848014,2.153495359369373e-06,6.234656171927453,1.7398810776128752
30,bursty,8,3,bursty_r8_s3,26,1787649213.969391,True,model_5,False,0.0,False,False,1+3,"{""model_3"": 1, ""model_4"": 1, ""model_5"": 0, ""model_6"": 1}",False,,2.8284647651338632,2.1649206751739314e-06,6.272432963247299,1.9319378576904433
30,bursty,8,3,bursty_r8_s3,27,1787649218.9921255,True,model_5,False,0.0,False,False,1+3,"{""model_3"": 1, ""model_4"": 1, ""model_5"": 0, ""model_6"": 1}",False,,3.3310589557537837,2.402413418423066e-06,6.076227100465295,1.9515619131899886
30,bursty,8,3,bursty_r8_s3,28,1787649224.0165465,True,model_5,False,0.0,False,False,1+3,"{""model_3"": 1, ""model_4"": 1, ""model_5"": 0, ""model_6"": 1}",False,,3.1376845524969887,2.288810662998131e-06,5.907929372843739,1.8951373927579824
30,bursty,8,3,bursty_r8_s3,29,1787649229.040658,True,model_5,False,0.0,False,False,1+3,"{""model_3"": 1, ""model_4"": 1, ""model_5"": 0, ""model_6"": 1}",False,,3.072367474224271,2.35282353577837e-06,5.962578382758682,2.101211147544811
30,bursty,8,3,bursty_r8_s3,30,1787649234.0654423,True,model_5,False,0.0,False,False,1+3,"{""model_3"": 1, ""model_4"": 0, ""model_5"": 0, ""model_6"": 1}",True,model_4,3.231122705634978,2.472981641465921e-06,5.649434250216933,2.2066692791158635
30,bursty,8,3,bursty_r8_s3,31,1787649239.0886986,True,model_5,False,0.0,False,False,2+2,"{""model_3"": 1, ""model_4"": 0, ""model_5"": 0, ""model_6"": 1}",False,,3.423600819653039,2.1082799710470113e-06,5.5389689699810924,2.2108999875702757
30,bursty,8,3,bursty_r8_s3,32,1787649244.1189096,True,model_5,False,0.0,False,False,2+2,"{""model_3"": 1, ""model_4"": 0, ""model_5"": 0, ""model_6"": 1}",False,,3.387077033174642,2.039011030241511e-06,5.35698246123521,2.1549852989568574
30,bursty,8,3,bursty_r8_s3,33,1787649249.141756,True,model_5,False,0.0,False,False,2+2,"{""model_3"": 1, ""model_4"": 0, ""model_5"": 0, ""model_6"": 1}",False,,2.6341940726383357,0.09204734473949516,5.005106506132385,2.254937878502311
30,bursty,8,3,bursty_r8_s3,34,1787649254.1701043,True,model_5,False,0.0,False,False,2+2,"{""model_3"": 1, ""model_4"": 0, ""model_5"": 0, ""model_6"": 1}",False,,2.2687348636102076,0.24943498446726098,4.433255021799115,2.344388115886349
30,bursty,8,3,bursty_r8_s3,35,1787649259.2134237,True,model_5,False,0.0,False,False,2+2,"{""model_3"": 1, ""model_4"": 0, ""model_5"": 0, ""model_6"": 1}",False,,1.7679328873234643,0.5356307531532778,3.568102831825248,2.4494383149697665
30,bursty,8,3,bursty_r8_s3,36,1787649264.2424748,True,model_5,False,0.0,False,False,2+2,"{""model_3"": 1, ""model_4"": 0, ""model_5"": 0, ""model_6"": 1}",False,,1.3028704585309345,0.7834025331776617,2.861061369566463,2.515903846073491
30,bursty,8,3,bursty_r8_s3,37,1787649269.291799,True,model_6,False,0.0,False,False,2+2,"{""model_3"": 1, ""model_4"": 0, ""model_5"": 0, ""model_6"": 1}",False,,0.789744503564821,1.1650276678236777,1.740491379854208,2.6426674778641055
30,bursty,8,3,bursty_r8_s3,38,1787649274.3379428,True,model_6,False,0.0,False,False,2+2,"{""model_3"": 0, ""model_4"": 0, ""model_5"": 0, ""model_6"": 1}",True,model_3,0.27538614263070466,1.4263339223446643,0.9283980606450684,2.7504191134110947
30,bursty,8,3,bursty_r8_s3,39,1787649279.4054384,True,model_6,False,0.0,False,False,3+1,"{""model_3"": 0, ""model_4"": 0, ""model_5"": 0, ""model_6"": 1}",False,,0.05938016605738879,1.655462881313327,0.27207931592255863,2.679417207868543
30,bursty,8,3,bursty_r8_s3,40,1787649284.4312544,True,model_6,False,0.0,False,False,3+1,"{""model_3"": 0, ""model_4"": 0, ""model_5"": 0, ""model_6"": 1}",False,,9.8095433607621e-07,1.8880681523608647,0.15630846247287944,2.6584173621517224
30,bursty,8,3,bursty_r8_s3,41,1787649289.4574406,True,model_6,False,0.0,False,False,3+1,"{""model_3"": 0, ""model_4"": 0, ""model_5"": 0, ""model_6"": 1}",False,,8.902715078696425e-07,1.7739958940558425,0.0813914407445806,2.4179385463945353
30,bursty,8,3,bursty_r8_s3,42,1787649294.4891372,True,model_6,False,0.0,False,False,3+1,"{""model_3"": 0, ""model_4"": 0, ""model_5"": 0, ""model_6"": 1}",False,,9.60609745682817e-07,1.920585514019011,0.08139156676699066,2.4190089268801023
30,bursty,8,3,bursty_r8_s3,43,1787649299.5213704,True,model_6,False,0.0,False,False,3+1,"{""model_3"": 0, ""model_4"": 0, ""model_5"": 0, ""model_6"": 1}",False,,1.030195977148775e-06,1.8374616623630866,0.3095379342165159,2.543275004204396
30,bursty,8,3,bursty_r8_s3,44,1787649304.550078,True,model_6,False,0.0,False,False,3+1,"{""model_3"": 0, ""model_4"": 0, ""model_5"": 0, ""model_6"": 1}",False,,1.1328070178568385e-06,1.7576910674912096,0.6031570267850559,2.688082192751697
30,bursty,8,3,bursty_r8_s3,45,1787649309.5813525,True,model_6,False,0.0,False,False,3+1,"{""model_3"": 0, ""model_4"": 0, ""model_5"": 0, ""model_6"": 1}",False,,1.09399902499894e-06,1.6432804071254115,0.6366891492154835,2.816629792018256
30,bursty,8,3,bursty_r8_s3,46,1787649314.6119175,True,model_6,False,0.0,False,False,3+1,"{""model_3"": 0, ""model_4"": 0, ""model_5"": 0, ""model_6"": 1}",False,,0.14363164618251198,1.5897205900517763,0.7118182560767706,2.7281959757107708
30,bursty,8,3,bursty_r8_s3,47,1787649319.6455867,True,model_6,False,0.0,False,False,3+1,"{""model_3"": 1, ""model_4"": 0, ""model_5"": 0, ""model_6"": 1}",True,model_3,0.4249551040836748,1.719236287857639,1.2040841023541995,2.3369464229866996
30,bursty,8,3,bursty_r8_s3,48,1787649324.6858172,True,model_6,False,0.0,False,False,2+2,"{""model_3"": 1, ""model_4"": 0, ""model_5"": 0, ""model_6"": 1}",False,,0.6908162563597195,1.4878328016969458,1.8828971493801405,2.0081867024199647
30,bursty,8,3,bursty_r8_s3,49,1787649329.7180254,True,model_5,False,0.0,False,False,2+2,"{""model_3"": 0, ""model_4"": 1, ""model_5"": 0, ""model_6"": 1}",False,,0.9994760822234928,1.4319349966886232,2.9097680562467527,1.4415474748060777
30,bursty,8,3,bursty_r8_s3,50,1787649334.76278,True,model_5,False,0.0,False,False,2+2,"{""model_3"": 1, ""model_4"": 1, ""model_5"": 0, ""model_6"": 1}",False,,1.431710349908112,1.470172892177725,3.5240663222477964,0.7906045458288378
30,bursty,8,3,bursty_r8_s3,51,1787649339.8006759,True,model_5,False,0.0,False,False,2+2,"{""model_3"": 1, ""model_4"": 1, ""model_5"": 0, ""model_6"": 1}",False,,2.1130013644878547,1.4285199600504923,4.22930331033173,0.2730003204287651
30,bursty,8,3,bursty_r8_s3,52,1787649344.8513882,True,model_5,False,0.0,False,False,2+2,"{""model_3"": 1, ""model_4"": 1, ""model_5"": 0, ""model_6"": 1}",False,,2.5102815326910957,1.3688075304880176,4.957886069674883,0.008514655964019568
30,bursty,8,3,bursty_r8_s3,53,1787649349.899964,True,model_5,False,0.0,False,False,2+2,"{""model_3"": 1, ""model_4"": 1, ""model_5"": 0, ""model_6"": 1}",True,model_4,2.7904839329871116,1.2453216208713072,5.564330930820337,2.8285035237329836e-06
30,bursty,8,3,bursty_r8_s3,54,1787649355.0513818,True,model_5,False,0.0,False,False,1+3,"{""model_3"": 1, ""model_4"": 1, ""model_5"": 0, ""model_6"": 1}",False,,3.04077327855891,1.124480494317633,6.197728297266481,4.0551954114120825e-06
30,bursty,8,3,bursty_r8_s3,55,1787649360.0921829,True,model_5,False,0.0,False,False,1+3,"{""model_3"": 1, ""model_4"": 1, ""model_5"": 0, ""model_6"": 1}",False,,2.8543451169023,0.964631565234165,5.566346532229745,0.7087491043406768
30,bursty,8,3,bursty_r8_s3,56,1787649365.1446693,True,model_5,False,0.0,False,False,1+3,"{""model_3"": 1, ""model_4"": 1, ""model_5"": 0, ""model_6"": 1}",False,,2.5268634362999736,0.7648221273836646,4.825772861945481,1.2886896669075905
30,bursty,8,3,bursty_r8_s3,57,1787649370.1859956,True,model_5,False,0.0,False,False,1+3,"{""model_3"": 1, ""model_4"": 0, ""model_5"": 0, ""model_6"": 1}",False,,1.843445250306212,0.5649186853210977,4.1066343372977565,2.2759347353094324
30,bursty,8,3,bursty_r8_s3,58,1787649375.2291563,True,model_6,False,0.0,False,False,1+3,"{""model_3"": 0, ""model_4"": 1, ""model_5"": 0, ""model_6"": 1}",False,,0.8314728491156501,0.8314728491156496,3.3548125212834257,3.45819546686686
30,bursty,8,3,bursty_r8_s3,59,1787649380.2916248,True,model_6,False,0.0,False,False,1+3,"{""model_3"": 0, ""model_4"": 0, ""model_5"": 0, ""model_6"": 1}",True,model_3,0.7515400684891036,0.18643208380500553,2.274141614538197,4.382392560404227
30,bursty,8,3,bursty_r8_s3,60,1787649385.3325171,True,model_6,False,0.0,False,False,2+2,"{""model_3"": 0, ""model_4"": 0, ""model_5"": 0, ""model_6"": 1}",False,,0.22295258880996263,0.07857288841396026,1.1416867916017195,5.445127471073441
30,bursty,8,3,bursty_r8_s3,61,1787649390.3790336,True,model_6,False,0.0,False,False,2+2,"{""model_3"": 0, ""model_4"": 0, ""model_5"": 0, ""model_6"": 1}",False,,0.08055425952998137,0.03476520669788363,0.4958734433641452,5.548750496176103
30,bursty,8,3,bursty_r8_s3,62,1787649395.4262338,True,model_6,False,0.0,False,False,2+2,"{""model_3"": 0, ""model_4"": 0, ""model_5"": 0, ""model_6"": 1}",False,,0.007507132923126049,0.008522564290838253,0.3763878672714058,5.637745544332401
30,bursty,8,3,bursty_r8_s3,63,1787649400.52595,True,model_6,False,0.0,False,False,2+2,"{""model_3"": 0, ""model_4"": 0, ""model_5"": 0, ""model_6"": 1}",False,,2.055480469720983e-07,2.1246604154923077e-06,0.5237815785245921,5.728523447251898
30,bursty,8,3,bursty_r8_s3,64,1787649405.5734937,True,model_6,False,0.0,False,False,2+2,"{""model_3"": 0, ""model_4"": 0, ""model_5"": 0, ""model_6"": 1}",False,,2.0804660479945826e-07,1.997943398501789e-06,0.5301484534661394,5.386868190359055
30,bursty,8,3,bursty_r8_s3,65,1787649410.6289103,True,model_6,False,0.0,False,False,2+2,"{""model_3"": 0, ""model_4"": 0, ""model_5"": 0, ""model_6"": 1}",True,model_4,0.7307009747186954,1.7629601791746552e-06,1.3798079144155735,4.753304883902544
30,bursty,8,3,bursty_r8_s3,66,1787649415.675565,True,model_6,False,0.0,False,False,3+1,"{""model_3"": 0, ""model_4"": 0, ""model_5"": 0, ""model_6"": 1}",False,,1.0864161760127937,0.04670082322589986,1.6405314432719202,3.726911939243267
30,bursty,8,3,bursty_r8_s3,67,1787649420.7550833,True,model_6,False,0.0,False,False,3+1,"{""model_3"": 0, ""model_4"": 1, ""model_5"": 0, ""model_6"": 1}",False,,1.6776316306962464,0.1664650106006642,2.034853231318392,2.83197191231137
30,bursty,8,3,bursty_r8_s3,68,1787649425.802708,True,model_5,False,0.0,False,False,3+1,"{""model_3"": 1, ""model_4"": 0, ""model_5"": 0, ""model_6"": 1}",False,,2.1240934596440213,0.25651437265989596,2.8328348906589396,2.0952952857453218
30,bursty,8,3,bursty_r8_s3,69,1787649430.9068792,True,model_5,False,0.0,False,False,3+1,"{""model_3"": 1, ""model_4"": 0, ""model_5"": 0, ""model_6"": 1}",False,,2.7159804656727866,0.402705852507907,3.7687655070663357,1.1693142247320094
30,bursty,8,3,bursty_r8_s3,70,1787649435.9582925,True,model_5,False,0.0,False,False,3+1,"{""model_3"": 1, ""model_4"": 1, ""model_5"": 0, ""model_6"": 1}",False,,3.371279935341963,0.5108364099546832,4.55847222236605,0.29598568950868653
30,bursty,8,3,bursty_r8_s3,71,1787649441.0076542,True,model_5,False,0.0,False,False,3+1,"{""model_3"": 1, ""model_4"": 1, ""model_5"": 0, ""model_6"": 1}",True,model_3,3.3661262722192427,0.6039585975558954,4.7640162355608835,0.03333470655048751
30,bursty,8,3,bursty_r8_s3,72,1787649446.100689,True,model_5,False,0.0,False,False,2+2,"{""model_3"": 1, ""model_4"": 1, ""model_5"": 0, ""model_6"": 1}",False,,3.567678875667337,0.6291220690707159,5.810516625350214,3.3194146785708867e-06
30,bursty,8,3,bursty_r8_s3,73,1787649451.1534426,True,model_5,False,0.0,False,False,2+2,"{""model_3"": 1, ""model_4"": 1, ""model_5"": 0, ""model_6"": 1}",False,,3.640838355786525,0.6805286482977182,6.975973212392827,3.507471238672899e-06
30,bursty,8,3,bursty_r8_s3,74,1787649456.2055955,True,model_5,False,0.0,False,False,2+2,"{""model_3"": 1, ""model_4"": 1, ""model_5"": 0, ""model_6"": 1}",False,,3.849001474460123,0.8090908512157317,7.467708244067268,3.7325503839946705e-06
30,bursty,8,3,bursty_r8_s3,75,1787649461.2584858,True,model_5,False,0.0,False,False,2+2,"{""model_3"": 1, ""model_4"": 1, ""model_5"": 0, ""model_6"": 1}",False,,3.6787065078505323,0.7564539010135259,7.520022744420497,3.6063159657984123e-06
30,bursty,8,3,bursty_r8_s3,76,1787649466.3115582,True,model_5,False,0.0,False,False,2+2,"{""model_3"": 1, ""model_4"": 1, ""model_5"": 0, ""model_6"": 1}",False,,3.1772326087164595,0.8588358970155827,7.632504271783733,3.271522546255401e-06
30,bursty,8,3,bursty_r8_s3,77,1787649471.38652,True,model_5,False,0.0,False,False,2+2,"{""model_3"": 1, ""model_4"": 1, ""model_5"": 0, ""model_6"": 1}",True,model_4,3.159754933867676,0.9396217689781632,7.818629283935099,3.2921057595558523e-06
30,bursty,8,3,bursty_r8_s3,78,1787649476.4374297,True,model_5,False,0.0,False,False,1+3,"{""model_3"": 1, ""model_4"": 1, ""model_5"": 0, ""model_6"": 1}",False,,2.98587556268647,0.9310374977538359,7.628365096632073,3.8134165963876754e-06
30,bursty,8,3,bursty_r8_s3,79,1787649481.4894774,True,model_5,False,0.0,False,False,1+3,"{""model_3"": 1, ""model_4"": 1, ""model_5"": 0, ""model_6"": 1}",False,,2.871598684747924,0.8630493942659986,7.405100015348495,3.6359675958386184e-06
30,bursty,8,3,bursty_r8_s3,80,1787649486.5571399,True,model_5,False,0.0,False,False,1+3,"{""model_3"": 1, ""model_4"": 1, ""model_5"": 0, ""model_6"": 1}",False,,2.701415765543363,0.6844345318542715,7.499648108230465,0.09231094791718089
30,bursty,8,3,bursty_r8_s3,81,1787649491.6127605,True,model_5,False,0.0,False,False,1+3,"{""model_3"": 1, ""model_4"": 1, ""model_5"": 0, ""model_6"": 1}",False,,2.6294885541349835,0.556149328273471,6.898508999166078,0.3448697885204051
30,bursty,8,3,bursty_r8_s3,82,1787649496.6647892,True,model_5,False,0.0,False,False,1+3,"{""model_3"": 1, ""model_4"": 1, ""model_5"": 0, ""model_6"": 1}",False,,2.78768360477148,0.3649841292218925,6.7323335631917045,0.8655326303759074
30,bursty,8,3,bursty_r8_s3,83,1787649501.7197924,True,model_5,False,0.0,False,False,1+3,"{""model_3"": 1, ""model_4"": 1, ""model_5"": 0, ""model_6"": 1}",False,,2.51218670001571,0.18772282485761416,6.162816599670332,1.3012793732028625
30,bursty,8,3,bursty_r8_s3,84,1787649506.7766957,True,model_5,False,0.0,False,False,1+3,"{""model_3"": 1, ""model_4"": 1, ""model_5"": 0, ""model_6"": 1}",False,,2.2555118692733482,0.10367604036551636,5.553400553181934,1.752725051016721
30,bursty,8,3,bursty_r8_s3,85,1787649511.8374224,True,model_5,False,0.0,False,False,1+3,"{""model_3"": 1, ""model_4"": 1, ""model_5"": 0, ""model_6"": 1}",False,,1.78316962850674,0.01147662189777754,4.332658397722673,1.9573181441059178
30,bursty,8,4,bursty_r8_s4,1,1787650281.2456172,True,model_5,False,0.0,False,False,2+2,"{""model_3"": 1, ""model_4"": 1, ""model_5"": 0, ""model_6"": 1}",True,model_4,1.3643036280464729e-10,1.2520916322202383e-08,0.03289552053132569,0.00035679349518870487
30,bursty,8,4,bursty_r8_s4,2,1787650286.2515354,True,model_5,False,0.0,False,False,1+3,"{""model_3"": 1, ""model_4"": 1, ""model_5"": 0, ""model_6"": 1}",False,,0.037308039562290125,0.02227302572070692,1.2578822592849512,0.00035685180063719374
30,bursty,8,4,bursty_r8_s4,3,1787650291.2601979,True,model_5,False,0.0,False,False,1+3,"{""model_3"": 1, ""model_4"": 1, ""model_5"": 0, ""model_6"": 1}",False,,0.1255925295775593,0.0564516694481345,3.1699609188138482,0.0003569710279317552
30,bursty,8,4,bursty_r8_s4,4,1787650296.2842066,True,model_5,False,0.0,False,False,1+3,"{""model_3"": 1, ""model_4"": 1, ""model_5"": 0, ""model_6"": 1}",False,,0.19202996939869443,0.10561229345160081,5.046703422417159,0.0003570835715511131
30,bursty,8,4,bursty_r8_s4,5,1787650301.3183255,True,model_5,False,0.0,False,False,1+3,"{""model_3"": 1, ""model_4"": 1, ""model_5"": 0, ""model_6"": 1}",False,,0.26194053001992296,0.1353917037853939,7.377404109352765,0.0003571806274180467
30,bursty,8,4,bursty_r8_s4,6,1787650306.3333209,True,model_5,False,0.0,False,False,1+3,"{""model_3"": 1, ""model_4"": 1, ""model_5"": 0, ""model_6"": 1}",False,,0.3346519945121941,0.14215976798370172,8.857596418680062,0.0003572580068618367
30,bursty,8,4,bursty_r8_s4,7,1787650311.33996,True,model_5,False,0.0,False,False,1+3,"{""model_3"": 1, ""model_4"": 1, ""model_5"": 0, ""model_6"": 1}",False,,0.35280185159655136,0.14292886904082738,10.69900276635779,4.826320431153275e-07
30,bursty,8,4,bursty_r8_s4,8,1787650316.350687,True,model_5,False,0.0,False,False,1+3,"{""model_3"": 1, ""model_4"": 1, ""model_5"": 0, ""model_6"": 1}",False,,0.4163263513918024,0.12145573206666439,11.475867623808872,5.235722865121195e-07
30,bursty,8,4,bursty_r8_s4,9,1787650321.4068766,True,model_5,False,0.0,False,False,1+3,"{""model_3"": 1, ""model_4"": 1, ""model_5"": 0, ""model_6"": 1}",False,,0.3477602246286745,0.09312222226296339,11.397448947445485,4.292330258656718e-07
30,bursty,8,4,bursty_r8_s4,10,1787650326.4189906,True,model_5,False,0.0,False,False,1+3,"{""model_3"": 1, ""model_4"": 1, ""model_5"": 0, ""model_6"": 1}",False,,0.7423515619811845,0.06841897836691363,10.755880182502272,7.893475771000857e-07
30,bursty,8,4,bursty_r8_s4,11,1787650331.431718,True,model_5,False,0.0,False,False,1+3,"{""model_3"": 1, ""model_4"": 1, ""model_5"": 0, ""model_6"": 1}",False,,1.7795822835057555,0.04411584971951073,9.050618843991293,0.026200634089846176
30,bursty,8,4,bursty_r8_s4,12,1787650336.4557984,True,model_5,False,0.0,False,False,1+3,"{""model_3"": 1, ""model_4"": 1, ""model_5"": 0, ""model_6"": 1}",False,,2.2160751427690664,0.04190097969922129,7.652453106827593,0.03282722735070373
30,bursty,8,4,bursty_r8_s4,13,1787650341.474466,True,model_5,False,0.0,False,False,1+3,"{""model_3"": 1, ""model_4"": 1, ""model_5"": 0, ""model_6"": 1}",False,,4.69577135788068,0.041286418514917,5.753532655511225,0.033645169599391705
30,bursty,8,4,bursty_r8_s4,14,1787650346.4890172,True,model_3,True,0.24983901204153158,True,False,1+3,"{""model_3"": 1, ""model_4"": 0, ""model_5"": 0, ""model_6"": 0}",True,model_6,6.40454679152648,0.04048920693675978,3.7698266528899285,0.04414460905573981
30,bursty,8,4,bursty_r8_s4,15,1787650351.4998233,True,model_3,True,0.24987290227304443,True,True,2+2,"{""model_3"": 1, ""model_4"": 0, ""model_5"": 0, ""model_6"": 0}",False,,8.427807711812951,0.034642507439715454,1.959193534096343,0.05189016141218397
30,bursty,8,4,bursty_r8_s4,16,1787650356.5146484,True,model_3,True,0.2529330484244204,True,True,2+2,"{""model_3"": 1, ""model_4"": 0, ""model_5"": 0, ""model_6"": 0}",False,,9.75610836361629,0.010185643611268006,0.6472989523906024,0.08410212451201937
30,bursty,8,4,bursty_r8_s4,17,1787650361.530948,True,model_3,True,0.2584934317535295,True,True,2+2,"{""model_3"": 1, ""model_4"": 0, ""model_5"": 0, ""model_6"": 0}",False,,10.893387371414514,0.004710009512168579,0.06175891627305619,0.14266642757616896
30,bursty,8,4,bursty_r8_s4,18,1787650366.555956,True,model_3,True,0.2563175519687861,True,True,2+2,"{""model_3"": 1, ""model_4"": 0, ""model_5"": 0, ""model_6"": 0}",False,,12.840240677160107,0.00015543786297296628,1.2085430594055424e-06,0.1456726439744502
30,bursty,8,4,bursty_r8_s4,19,1787650371.5724754,True,model_3,True,0.2592419749358235,True,True,2+2,"{""model_3"": 1, ""model_4"": 0, ""model_5"": 0, ""model_6"": 0}",False,,12.456292736190449,1.5845718299681506e-06,1.2420135586943548e-06,0.2088761014492681
30,bursty,8,4,bursty_r8_s4,20,1787650376.612747,True,model_3,True,0.25924197565354007,True,True,2+2,"{""model_3"": 1, ""model_4"": 0, ""model_5"": 0, ""model_6"": 0}",True,model_4,12.199617884029138,1.5533508109117127e-06,1.2233738639622072e-06,0.211322706835231
30,bursty,8,4,bursty_r8_s4,21,1787650381.6310358,True,model_3,True,0.25924188260938713,True,True,3+1,"{""model_3"": 1, ""model_4"": 0, ""model_5"": 0, ""model_6"": 0}",False,,12.216310287785449,8.459773963650665e-08,3.2239651104326583e-07,0.22809298442420733
30,bursty,8,4,bursty_r8_s4,22,1787650386.650381,True,model_3,True,0.2592418800873671,True,True,3+1,"{""model_3"": 1, ""model_4"": 0, ""model_5"": 0, ""model_6"": 0}",False,,13.07775628236337,8.36903226034877e-08,3.1893840318764077e-07,0.22564640045719905
30,bursty,8,4,bursty_r8_s4,23,1787650391.670516,True,model_3,True,0.25924188744575244,True,True,3+1,"{""model_3"": 1, ""model_4"": 0, ""model_5"": 0, ""model_6"": 0}",False,,13.249955852355084,1.0510914706575073e-07,4.0056415662181877e-07,0.28339597617845647
30,bursty,8,4,bursty_r8_s4,24,1787650396.689183,True,model_3,True,0.25924189752677573,True,True,3+1,"{""model_3"": 1, ""model_4"": 0, ""model_5"": 0, ""model_6"": 0}",False,,13.11551246654503,1.3159438363075674e-07,5.014976787731662e-07,0.3548056457155099
30,bursty,8,4,bursty_r8_s4,25,1787650401.7104497,True,model_3,True,0.2592418990982831,True,True,3+1,"{""model_3"": 1, ""model_4"": 0, ""model_5"": 0, ""model_6"": 0}",False,,13.40344538448823,1.388726248916537e-07,5.292345854335245e-07,0.37442928795088853
30,bursty,8,4,bursty_r8_s4,26,1787650406.7403147,True,model_3,True,0.2592419012233806,True,True,3+1,"{""model_3"": 1, ""model_4"": 0, ""model_5"": 0, ""model_6"": 0}",False,,14.26265065596932,1.540907655769436e-07,5.872299356224353e-07,0.4154605398975898
30,bursty,8,4,bursty_r8_s4,27,1787650411.803613,True,model_3,True,0.25924190553037274,True,True,3+1,"{""model_3"": 1, ""model_4"": 0, ""model_5"": 0, ""model_6"": 0}",False,,14.499943231924064,1.6966809235480706e-07,6.465941198574576e-07,0.4574602313312316
30,bursty,8,4,bursty_r8_s4,28,1787650416.8295662,True,model_3,True,0.2669864352794383,True,True,3+1,"{""model_3"": 1, ""model_4"": 0, ""model_5"": 0, ""model_6"": 0}",False,,13.078540535447264,4.3139960825193843e-07,0.0804356055219087,0.5849374501122245
30,bursty,8,4,bursty_r8_s4,29,1787650421.8666666,True,model_3,True,0.27801363177677335,True,True,3+1,"{""model_3"": 1, ""model_4"": 0, ""model_5"": 0, ""model_6"": 0}",False,,10.87691805665278,0.06602012524996707,0.16214449911975437,1.0921448887726237
30,bursty,8,4,bursty_r8_s4,30,1787650426.8864846,True,model_3,True,0.29589803176958085,True,True,3+1,"{""model_3"": 1, ""model_4"": 0, ""model_5"": 0, ""model_6"": 0}",False,,8.391620033799077,0.08629384912915734,0.24427774114953826,1.5022025557430707
30,bursty,8,4,bursty_r8_s4,31,1787650431.9091694,True,model_3,True,0.32075562555424314,True,True,3+1,"{""model_3"": 1, ""model_4"": 0, ""model_5"": 0, ""model_6"": 0}",False,,6.21923899141828,0.0978308087588577,0.30380889540726996,2.2141075196431603
30,bursty,8,4,bursty_r8_s4,32,1787650436.951755,True,model_3,True,0.09309832235786591,True,True,3+1,"{""model_3"": 1, ""model_4"": 1, ""model_5"": 0, ""model_6"": 0}",True,model_4,3.603194775864303,0.12862583207550027,0.3286403504500952,2.7561278093341155
30,bursty,8,4,bursty_r8_s4,33,1787650441.991864,True,model_6,False,0.0,False,True,2+2,"{""model_3"": 1, ""model_4"": 1, ""model_5"": 1, ""model_6"": 0}",False,,1.4067251540617371,0.1600039064734109,0.365673418989148,3.3293938212345378
30,bursty,8,4,bursty_r8_s4,34,1787650447.0353582,True,model_6,False,0.0,False,True,2+2,"{""model_3"": 1, ""model_4"": 1, ""model_5"": 1, ""model_6"": 0}",False,,0.12099987844745753,0.18793545834433334,0.3880620776424255,4.249259716109814
30,bursty,8,4,bursty_r8_s4,35,1787650452.0629113,True,model_6,False,0.0,False,True,2+2,"{""model_3"": 1, ""model_4"": 1, ""model_5"": 1, ""model_6"": 0}",False,,8.838824048983224e-07,0.1335756781888097,0.32407501705742675,4.454008277003914
30,bursty,8,4,bursty_r8_s4,36,1787650457.0877848,True,model_6,False,0.0,False,True,2+2,"{""model_3"": 1, ""model_4"": 1, ""model_5"": 1, ""model_6"": 0}",False,,9.65469035851848e-07,0.2142998939017786,0.3912457003497509,5.0615259636296575
30,bursty,8,4,bursty_r8_s4,37,1787650462.116965,True,model_6,False,0.0,False,True,2+2,"{""model_3"": 1, ""model_4"": 1, ""model_5"": 1, ""model_6"": 0}",False,,9.435988921014917e-07,0.2228830251265701,0.5686693325546383,5.113668885427414
30,bursty,8,4,bursty_r8_s4,38,1787650467.1469393,True,model_6,False,0.0,False,True,2+2,"{""model_3"": 1, ""model_4"": 1, ""model_5"": 1, ""model_6"": 0}",True,model_5,9.879102477349539e-07,0.20460926412467934,0.7979830663257841,5.4276474037796705
30,bursty,8,4,bursty_r8_s4,39,1787650472.4008172,True,model_6,False,0.0,False,False,1+3,"{""model_3"": 1, ""model_4"": 1, ""model_5"": 1, ""model_6"": 0}",False,,4.793044537954201e-07,0.18436806400919037,0.8145355341885682,5.455678364431163
30,bursty,8,4,bursty_r8_s4,40,1787650477.4330049,True,model_6,False,0.0,False,False,1+3,"{""model_3"": 1, ""model_4"": 1, ""model_5"": 1, ""model_6"": 0}",False,,5.280781808518365e-07,0.19624294433876244,0.90430847086438,5.445382323570004
30,bursty,8,4,bursty_r8_s4,41,1787650482.4671957,True,model_6,False,0.0,False,False,1+3,"{""model_3"": 1, ""model_4"": 1, ""model_5"": 1, ""model_6"": 0}",False,,5.591682315151962e-07,0.2163625193439338,0.9489827100375674,5.620873752703535
30,bursty,8,4,bursty_r8_s4,42,1787650487.499427,True,model_6,False,0.0,False,False,1+3,"{""model_3"": 1, ""model_4"": 1, ""model_5"": 1, ""model_6"": 0}",False,,4.732805085482077e-07,0.14231389207660017,0.8440353880844025,5.488707247985775
30,bursty,8,4,bursty_r8_s4,43,1787650492.5314336,True,model_6,False,0.0,False,False,1+3,"{""model_3"": 1, ""model_4"": 1, ""model_5"": 1, ""model_6"": 0}",False,,3.7561918097534056e-07,0.15557302897625624,0.6272432963247301,5.436666368187537
30,bursty,8,4,bursty_r8_s4,44,1787650497.5655134,True,model_6,False,0.0,False,False,1+3,"{""model_3"": 1, ""model_4"": 1, ""model_5"": 1, ""model_6"": 0}",False,,3.2680140351069887e-07,0.1698166474514028,0.5112600578062171,5.468828753253833
30,bursty,8,4,bursty_r8_s4,45,1787650502.5984182,True,model_6,False,0.0,False,False,1+3,"{""model_3"": 1, ""model_4"": 1, ""model_5"": 1, ""model_6"": 0}",False,,0.07069527061317804,0.1702166058572262,0.5857524946223158,5.242213913309692
30,bursty,8,4,bursty_r8_s4,46,1787650507.636519,True,model_6,False,0.0,False,False,1+3,"{""model_3"": 1, ""model_4"": 1, ""model_5"": 1, ""model_6"": 0}",False,,0.739214549645616,0.3214829372714191,0.43358499239019277,4.375868336492206
30,bursty,8,4,bursty_r8_s4,47,1787650512.6918137,True,model_6,False,0.0,False,False,1+3,"{""model_3"": 1, ""model_4"": 1, ""model_5"": 1, ""model_6"": 0}",False,,1.6547740070120878,0.524708409902821,0.4019646582365479,3.2779637812972506
30,bursty,8,4,bursty_r8_s4,48,1787650517.729526,True,model_3,False,0.0,True,False,1+3,"{""model_3"": 1, ""model_4"": 1, ""model_5"": 0, ""model_6"": 0}",True,model_5,2.4781277089438296,0.7571294043640785,0.36142995464494015,2.3292498775904864
30,bursty,8,4,bursty_r8_s4,49,1787650522.766217,True,model_3,False,0.0,True,True,2+2,"{""model_3"": 1, ""model_4"": 0, ""model_5"": 0, ""model_6"": 0}",False,,3.288037030746936,1.0353885889318746,0.33765866963946745,1.5337533363652436
30,bursty,8,4,bursty_r8_s4,50,1787650527.8043222,True,model_3,True,0.31127157257430493,True,True,2+2,"{""model_3"": 1, ""model_4"": 0, ""model_5"": 0, ""model_6"": 0}",False,,4.312048182250412,1.326413350296093,0.1781664685351767,0.8219003443993379
30,bursty,8,4,bursty_r8_s4,51,1787650532.8523352,True,model_3,True,0.2784710782593484,True,True,2+2,"{""model_3"": 1, ""model_4"": 0, ""model_5"": 0, ""model_6"": 0}",False,,4.912898191609836,1.6777670363237545,0.07502231906291418,0.2516424133536303
30,bursty,8,4,bursty_r8_s4,52,1787650537.8886344,True,model_3,True,0.2679497261073542,True,True,2+2,"{""model_3"": 1, ""model_4"": 0, ""model_5"": 0, ""model_6"": 0}",False,,5.002415102094223,1.7827947418418892,0.03459257177946867,0.2851301168074156
30,bursty,8,4,bursty_r8_s4,53,1787650542.9266114,True,model_3,True,0.2602252483557754,True,True,2+2,"{""model_3"": 1, ""model_4"": 0, ""model_5"": 0, ""model_6"": 0}",False,,4.890715036797579,1.7318806041473156,0.0038193808236742788,0.3374258370590198
30,bursty,8,4,bursty_r8_s4,54,1787650547.966496,True,model_3,True,0.25924166932154175,True,True,2+2,"{""model_3"": 1, ""model_4"": 0, ""model_5"": 0, ""model_6"": 0}",True,model_4,4.985049486259253,1.6997631757398333,-7.127988760347037e-07,0.3454791495951504
30,bursty,8,4,bursty_r8_s4,55,1787650553.0268362,True,model_3,True,0.25924246068867673,True,True,3+1,"{""model_3"": 1, ""model_4"": 0, ""model_5"": 0, ""model_6"": 0}",False,,5.285641713122295,1.5557573286794064,2.5659674884603856e-06,0.2596450695274405
30,bursty,8,4,bursty_r8_s4,56,1787650558.0835268,True,model_3,True,0.25924259097752517,True,True,3+1,"{""model_3"": 1, ""model_4"": 0, ""model_5"": 0, ""model_6"": 0}",False,,5.006783723721273,1.763536193995511,2.948625502263713e-06,0.322593826432995
30,bursty,8,4,bursty_r8_s4,57,1787650563.1253815,True,model_3,True,0.25924263631866823,True,True,3+1,"{""model_3"": 1, ""model_4"": 0, ""model_5"": 0, ""model_6"": 0}",False,,4.643114365105075,1.7405863815101958,2.9016343580101633e-06,0.3122977633176963
30,bursty,8,4,bursty_r8_s4,58,1787650568.208786,True,model_3,True,0.2592425781281672,True,True,3+1,"{""model_3"": 1, ""model_4"": 0, ""model_5"": 0, ""model_6"": 0}",False,,4.835368406813453,1.7159753225447116,2.7983342443804737e-06,0.26382478072325155
30,bursty,8,4,bursty_r8_s4,59,1787650573.2814445,True,model_3,True,0.25924261795292447,True,True,3+1,"{""model_3"": 1, ""model_4"": 0, ""model_5"": 0, ""model_6"": 0}",False,,4.702381491016341,1.7832558049916054,2.870089207879234e-06,0.24731038686682422
30,bursty,8,4,bursty_r8_s4,60,1787650578.3381827,True,model_3,True,0.25924257242367055,True,True,3+1,"{""model_3"": 1, ""model_4"": 0, ""model_5"": 0, ""model_6"": 0}",False,,5.24598091430833,1.7846094132347066,3.012199911778257e-06,0.3464990164048296
30,bursty,8,4,bursty_r8_s4,61,1787650583.4131608,True,model_3,True,0.2742064135593171,True,True,3+1,"{""model_3"": 1, ""model_4"": 0, ""model_5"": 0, ""model_6"": 0}",False,,4.723892432745949,1.7318186917537415,0.056137739969800815,0.41072182695207504
30,bursty,8,4,bursty_r8_s4,62,1787650588.482795,True,model_3,True,0.39070209241615167,True,True,3+1,"{""model_3"": 1, ""model_4"": 0, ""model_5"": 0, ""model_6"": 0}",False,,4.602557277052376,1.2033269642936657,0.48049014455916195,0.5517568263253219
30,bursty,8,4,bursty_r8_s4,63,1787650593.5220609,True,model_3,True,0.47308569720856325,True,True,3+1,"{""model_3"": 1, ""model_4"": 0, ""model_5"": 0, ""model_6"": 0}",False,,4.6753807776994885,0.8351792825583445,0.8974110230110375,0.8688960663849257
30,bursty,8,4,bursty_r8_s4,64,1787650598.56549,True,model_3,True,0.26232715265975476,True,True,3+1,"{""model_3"": 1, ""model_4"": 0, ""model_5"": 0, ""model_6"": 0}",False,,4.278212608785618,0.6376448618443346,1.4328652055951328,1.149642478794838
30,bursty,8,4,bursty_r8_s4,65,1787650603.6394901,True,model_3,True,0.2784357195828762,True,True,3+1,"{""model_3"": 1, ""model_4"": 1, ""model_5"": 0, ""model_6"": 0}",True,model_4,4.130773029013925,0.3901807725420283,2.292711666451043,1.3033706159911786
30,bursty,8,4,bursty_r8_s4,66,1787650608.6824393,True,model_3,True,0.0012244135290543844,True,True,2+2,"{""model_3"": 1, ""model_4"": 1, ""model_5"": 0, ""model_6"": 0}",False,,3.7304678477644897,0.178923527996319,2.883239317279519,1.7347860555176315
30,bursty,8,4,bursty_r8_s4,67,1787650613.727858,True,model_5,False,0.0,False,True,2+2,"{""model_3"": 1, ""model_4"": 0, ""model_5"": 0, ""model_6"": 1}",False,,3.315373175618735,0.036302997767561296,3.452438296282419,1.8981462337361048
30,bursty,8,4,bursty_r8_s4,68,1787650618.7700174,True,model_5,False,0.0,False,True,2+2,"{""model_3"": 1, ""model_4"": 0, ""model_5"": 0, ""model_6"": 1}",False,,3.5702553287669176,0.007692805910499478,3.812060665455817,2.111713111527603
30,bursty,8,4,bursty_r8_s4,69,1787650623.826854,True,model_5,False,0.0,False,True,2+2,"{""model_3"": 1, ""model_4"": 0, ""model_5"": 0, ""model_6"": 1}",False,,3.5884051268164194,0.0003710779728329783,4.02482043260327,2.097798292617135
30,bursty,8,4,bursty_r8_s4,70,1787650628.8763816,True,model_5,False,0.0,False,True,2+2,"{""model_3"": 1, ""model_4"": 0, ""model_5"": 0, ""model_6"": 1}",False,,3.79836093432559,1.9192222548980453e-06,4.024395947605933,2.0756261797703965
30,bursty,8,4,bursty_r8_s4,71,1787650633.9249904,True,model_5,False,0.0,False,True,2+2,"{""model_3"": 1, ""model_4"": 0, ""model_5"": 0, ""model_6"": 1}",True,model_6,3.880819515842359,1.9714609407195383e-06,3.9921371287921277,2.342711821761624
30,bursty,8,4,bursty_r8_s4,72,1787650638.99298,True,model_5,False,0.0,False,False,1+3,"{""model_3"": 1, ""model_4"": 0, ""model_5"": 0, ""model_6"": 1}",False,,3.293638880036652,2.402015833347093e-06,4.458934750730019,1.9881077449611058
30,bursty,8,4,bursty_r8_s4,73,1787650644.0613258,True,model_5,False,0.0,False,False,1+3,"{""model_3"": 1, ""model_4"": 0, ""model_5"": 0, ""model_6"": 1}",False,,3.12928184088386,2.338350144848178e-06,4.706075613044399,2.012471520258072
30,bursty,8,4,bursty_r8_s4,74,1787650649.1342227,True,model_5,False,0.0,False,False,1+3,"{""model_3"": 1, ""model_4"": 0, ""model_5"": 0, ""model_6"": 1}",False,,2.7917169063457816,2.281981577034742e-06,4.531198781316577,2.2260886920332337
30,bursty,8,4,bursty_r8_s4,75,1787650654.1867118,True,model_5,False,0.0,False,False,1+3,"{""model_3"": 1, ""model_4"": 0, ""model_5"": 0, ""model_6"": 1}",False,,2.6849464507816316,2.303985369156436e-06,4.751810998041177,2.3812428650694937
30,bursty,8,4,bursty_r8_s4,76,1787650659.2403166,True,model_5,False,0.0,False,False,1+3,"{""model_3"": 1, ""model_4"": 0, ""model_5"": 0, ""model_6"": 1}",False,,2.465806689321182,2.271106448681337e-06,5.283657284825063,2.528085795409221
30,bursty,8,4,bursty_r8_s4,77,1787650664.3136466,True,model_5,False,0.0,False,False,1+3,"{""model_3"": 1, ""model_4"": 0, ""model_5"": 0, ""model_6"": 1}",True,model_4,2.7384997327959706,0.04710193162273324,5.100397401090871,2.6657603442615914
30,bursty,8,4,bursty_r8_s4,78,1787650669.3652484,True,model_5,False,0.0,False,False,2+2,"{""model_3"": 1, ""model_4"": 0, ""model_5"": 0, ""model_6"": 1}",False,,2.933218569910866,0.3732286221679275,4.182824607431602,2.9134772228456214
30,bursty,8,4,bursty_r8_s4,79,1787650674.4191065,True,model_5,False,0.0,False,False,2+2,"{""model_3"": 1, ""model_4"": 0, ""model_5"": 0, ""model_6"": 1}",False,,2.7361503780047647,0.588421424374534,3.3168235007988622,3.126428486840675
30,bursty,8,4,bursty_r8_s4,80,1787650679.469226,True,model_6,False,0.0,False,False,2+2,"{""model_3"": 0, ""model_4"": 1, ""model_5"": 0, ""model_6"": 1}",False,,2.4329802436694723,0.803860385677436,2.6011867663066353,2.948643380769258
30,bursty,8,4,bursty_r8_s4,81,1787650684.524199,True,model_6,False,0.0,False,False,2+2,"{""model_3"": 0, ""model_4"": 1, ""model_5"": 0, ""model_6"": 1}",False,,1.9806878434924133,1.0251119438980938,1.827931562423026,2.7436406990482953
30,bursty,8,4,bursty_r8_s4,82,1787650689.6144898,False,model_6,False,0.0,False,False,2+2,"{""model_3"": 0, ""model_4"": 0, ""model_5"": 0, ""model_6"": 1}",False,,1.850613715389194,1.2901736447317695,0.663853782961043,2.757759884739707
30,bursty,8,4,bursty_r8_s4,83,1787650694.685827,False,model_6,True,0.04927716630500787,False,False,2+2,"{""model_3"": 0, ""model_4"": 0, ""model_5"": 0, ""model_6"": 1}",True,model_3,1.3856645471730102,1.4806624709875913,0.06451932757378598,2.5980686549889
30,bursty,8,4,bursty_r8_s4,84,1787650699.739154,True,model_6,False,0.0,False,False,3+1,"{""model_3"": 0, ""model_4"": 0, ""model_5"": 0, ""model_6"": 1}",False,,1.0708422971768203,1.4197812278951039,2.599078853138259e-06,2.691854009700836
30,bursty,8,4,bursty_r8_s4,85,1787650704.7950528,True,model_6,False,0.0,False,False,3+1,"{""model_3"": 0, ""model_4"": 0, ""model_5"": 0, ""model_6"": 1}",False,,1.0094464232940734,1.27343771852159,2.3822933638562027e-06,2.479154116069055
30,bursty,8,4,bursty_r8_s4,86,1787650709.8517666,True,model_6,False,0.0,False,False,3+1,"{""model_3"": 0, ""model_4"": 0, ""model_5"": 0, ""model_6"": 1}",False,,0.9386395057738736,1.1138657649541288,2.14188254110681e-06,2.0656304551453473
30,bursty,10,3,bursty_r10_s3,1,1787651481.0426903,True,model_4,True,0.37487966765351877,False,False,2+2,"{""model_3"": 1, ""model_4"": 0, ""model_5"": 0, ""model_6"": 1}",False,,0.0007842530838919848,0.0033224929603404294,0.0007428052155758261,0.0003567942647718673
30,bursty,10,3,bursty_r10_s3,2,1787651486.0967503,True,model_3,True,0.18433652174456672,True,False,2+2,"{""model_3"": 1, ""model_4"": 0, ""model_5"": 0, ""model_6"": 0}",True,model_6,0.6831967318080904,0.18187583652867456,0.0007428479432139423,0.254699714857087
30,bursty,10,3,bursty_r10_s3,3,1787651492.1444094,True,model_3,True,0.0642848251913912,True,True,3+1,"{""model_3"": 1, ""model_4"": 0, ""model_5"": 0, ""model_6"": 0}",False,,1.5300777666732621,0.4000841040164629,0.0007443418879909958,0.6884075637169484
30,bursty,10,3,bursty_r10_s3,4,1787651497.1510947,True,model_3,True,0.25958761875606,True,True,3+1,"{""model_3"": 1, ""model_4"": 0, ""model_5"": 0, ""model_6"": 0}",False,,2.713403634111425,0.518002079948316,0.0007450609187837909,1.0791983819472044
30,bursty,10,3,bursty_r10_s3,5,1787651502.160362,True,model_3,True,0.12900835382685163,True,True,3+1,"{""model_3"": 1, ""model_4"": 0, ""model_5"": 0, ""model_6"": 0}",False,,3.50549924884233,0.7648513877074387,0.0007461264467036877,1.5862019386103534
30,bursty,10,3,bursty_r10_s3,6,1787651507.1765604,True,model_3,True,0.10303291883491701,True,True,3+1,"{""model_3"": 1, ""model_4"": 0, ""model_5"": 0, ""model_6"": 0}",False,,4.403020885279286,0.9515881274319355,0.0007470756698539915,2.071033328072489
30,bursty,10,3,bursty_r10_s3,7,1787651512.1882117,True,model_3,True,0.04693468579217301,True,True,3+1,"{""model_3"": 1, ""model_4"": 0, ""model_5"": 0, ""model_6"": 0}",False,,5.007007796030956,1.0554470633715698,5.119079665938386e-06,2.566262699394411
30,bursty,10,3,bursty_r10_s3,8,1787651517.2018409,True,model_3,True,0.08023220453658585,True,True,3+1,"{""model_3"": 1, ""model_4"": 0, ""model_5"": 0, ""model_6"": 0}",False,,5.469156934753018,1.1074380266736852,5.4192159857358035e-06,2.726615890232076
30,bursty,10,3,bursty_r10_s3,9,1787651522.2311325,True,model_3,True,0.02293771912008372,True,True,3+1,"{""model_3"": 1, ""model_4"": 0, ""model_5"": 0, ""model_6"": 0}",False,,5.633065829286443,1.0809197238230916,5.894254087035478e-06,3.089220022342426
30,bursty,10,3,bursty_r10_s3,10,1787651527.2454536,True,model_3,True,0.018866416059942468,False,True,3+1,"{""model_3"": 1, ""model_4"": 0, ""model_5"": 1, ""model_6"": 0}",True,model_5,5.0454361971416635,1.070121725604378,0.33108438027623244,3.3927493457493885
30,bursty,10,3,bursty_r10_s3,11,1787651532.648621,True,model_3,True,0.1820961182554805,True,False,2+2,"{""model_3"": 1, ""model_4"": 1, ""model_5"": 0, ""model_6"": 0}",False,,4.953454470613205,0.8105669916098805,1.302455305244853,3.2361680586676895
30,bursty,10,3,bursty_r10_s3,12,1787651537.6693678,True,model_3,True,0.05520738766909139,True,False,2+2,"{""model_3"": 1, ""model_4"": 1, ""model_5"": 0, ""model_6"": 0}",False,,4.632022604860291,0.6404119246301199,2.049396278395899,3.380822610741131
30,bursty,10,3,bursty_r10_s3,13,1787651542.684591,True,model_3,True,0.009393790266754444,True,False,2+2,"{""model_3"": 1, ""model_4"": 1, ""model_5"": 0, ""model_6"": 0}",False,,4.524581411682976,0.5059990548510824,3.2722566746084687,3.2125235756234125
30,bursty,10,3,bursty_r10_s3,14,1787651547.962666,True,model_5,False,0.0,False,False,2+2,"{""model_3"": 0, ""model_4"": 1, ""model_5"": 1, ""model_6"": 0}",False,,4.128869763974408,0.2765034492264551,4.665328963011292,3.185149703758018
30,bursty,10,3,bursty_r10_s3,15,1787651552.9820151,True,model_5,False,0.0,False,False,2+2,"{""model_3"": 0, ""model_4"": 1, ""model_5"": 1, ""model_6"": 0}",False,,4.164609417201492,0.12243818558462838,5.808077020269183,3.336379142066801
30,bursty,10,3,bursty_r10_s3,16,1787651558.0001247,True,model_5,False,0.0,False,False,2+2,"{""model_3"": 0, ""model_4"": 1, ""model_5"": 1, ""model_6"": 0}",True,model_3,3.57339457069503,0.01565728860111193,6.524668737533541,3.2511050442098295
30,bursty,10,3,bursty_r10_s3,17,1787651563.9016783,True,model_5,False,0.0,False,False,3+1,"{""model_3"": 0, ""model_4"": 1, ""model_5"": 1, ""model_6"": 0}",False,,3.457995919189446,3.04966053876754e-06,6.76024169835215,3.2478442498611644
30,bursty,10,3,bursty_r10_s3,18,1787651568.9215362,True,model_5,False,0.0,False,False,3+1,"{""model_3"": 0, ""model_4"": 1, ""model_5"": 1, ""model_6"": 0}",False,,3.5410147099271545,2.9942543267047483e-06,6.489649513336406,3.042993801816766
30,bursty,10,3,bursty_r10_s3,19,1787651573.9404418,True,model_5,False,0.0,False,False,3+1,"{""model_3"": 0, ""model_4"": 1, ""model_5"": 1, ""model_6"": 0}",False,,3.3567152352125382,2.8798180764511017e-06,6.029961142556719,2.975661597687459
30,bursty,10,3,bursty_r10_s3,20,1787651578.968109,True,model_5,False,0.0,False,False,3+1,"{""model_3"": 0, ""model_4"": 1, ""model_5"": 1, ""model_6"": 0}",False,,3.407915757975199,2.865319164158109e-06,5.667792072965059,2.892579693374852
30,bursty,10,3,bursty_r10_s3,21,1787651584.0020907,True,model_5,False,0.0,False,False,3+1,"{""model_3"": 0, ""model_4"": 1, ""model_5"": 1, ""model_6"": 0}",False,,3.7930960583210065,2.8610987299337864e-06,5.940931007957422,2.4981191593290455
30,bursty,10,3,bursty_r10_s3,22,1787651589.0364387,True,model_5,False,0.0,False,False,3+1,"{""model_3"": 0, ""model_4"": 1, ""model_5"": 1, ""model_6"": 0}",True,model_4,4.137943342923796,2.8388139212687236e-06,5.77698397821259,2.1042702389467296
30,bursty,10,3,bursty_r10_s3,23,1787651594.114658,True,model_5,False,0.0,False,False,2+2,"{""model_3"": 0, ""model_4"": 1, ""model_5"": 1, ""model_6"": 0}",False,,4.265888631753031,2.242859625578575e-06,5.892542758401665,2.116503266753738
30,bursty,10,3,bursty_r10_s3,24,1787651599.1515121,True,model_5,False,0.0,False,False,2+2,"{""model_3"": 0, ""model_4"": 1, ""model_5"": 1, ""model_6"": 0}",False,,4.56289647823841,2.3802261934768865e-06,6.253438453005018,2.161765327234568
30,bursty,10,3,bursty_r10_s3,25,1787651604.1758304,True,model_5,False,0.0,False,False,2+2,"{""model_3"": 0, ""model_4"": 1, ""model_5"": 1, ""model_6"": 0}",False,,4.56087982745126,2.660977451274249e-06,6.991040914983226,2.103251170020932
30,bursty,10,3,bursty_r10_s3,26,1787651609.20243,True,model_5,False,0.0,False,False,2+2,"{""model_3"": 0, ""model_4"": 0, ""model_5"": 1, ""model_6"": 0}",False,,4.122370317400796,2.8346142855184553e-06,7.4472275045450615,1.9749070496528083
30,bursty,10,3,bursty_r10_s3,27,1787651614.2267792,True,model_5,False,0.0,False,False,2+2,"{""model_3"": 0, ""model_4"": 0, ""model_5"": 1, ""model_6"": 0}",False,,3.4358127605307853,2.661623689892423e-06,6.992738748300969,2.116298714531513
30,bursty,10,3,bursty_r10_s3,28,1787651619.254459,True,model_5,False,0.0,False,False,2+2,"{""model_3"": 0, ""model_4"": 0, ""model_5"": 1, ""model_6"": 0}",True,model_4,3.5212963466750113,2.616265661892214e-06,6.873572072311682,2.2112568600746436
30,bursty,10,3,bursty_r10_s3,29,1787651624.2815175,True,model_5,False,0.0,False,False,3+1,"{""model_3"": 0, ""model_4"": 0, ""model_5"": 1, ""model_6"": 0}",False,,3.1000404044701724,2.336827354065818e-06,6.874102645223482,2.038364520202301
30,bursty,10,3,bursty_r10_s3,30,1787651629.345244,True,model_5,False,0.0,False,False,3+1,"{""model_3"": 0, ""model_4"": 0, ""model_5"": 1, ""model_6"": 0}",False,,3.0672138111015514,2.2789456393113028e-06,6.95464361323405,1.9439161223588857
30,bursty,10,3,bursty_r10_s3,31,1787651634.4005024,True,model_5,False,0.0,False,False,3+1,"{""model_3"": 0, ""model_4"": 0, ""model_5"": 1, ""model_6"": 0}",False,,3.289941686926877,2.497529052014613e-06,6.280709900671308,2.201827127316066
30,bursty,10,3,bursty_r10_s3,32,1787651639.4502122,True,model_5,False,0.0,False,False,3+1,"{""model_3"": 0, ""model_4"": 1, ""model_5"": 1, ""model_6"": 0}",False,,3.603754956638512,2.627958650025519e-06,6.193377599389757,2.1748130057021915
30,bursty,10,3,bursty_r10_s3,33,1787651644.481675,True,model_5,False,0.0,False,False,3+1,"{""model_3"": 0, ""model_4"": 0, ""model_5"": 1, ""model_6"": 0}",False,,3.656972130188325,0.17357238951501275,6.409533003655277,2.22680297784491
30,bursty,10,3,bursty_r10_s3,34,1787651649.5144675,True,model_5,False,0.0,False,False,3+1,"{""model_3"": 0, ""model_4"": 1, ""model_5"": 1, ""model_6"": 0}",True,model_4,3.193478557608163,0.469735943779781,5.610702427655855,2.3548405468840476
30,bursty,10,3,bursty_r10_s3,35,1787651655.0882506,True,model_5,False,0.0,False,False,2+2,"{""model_3"": 0, ""model_4"": 1, ""model_5"": 1, ""model_6"": 0}",False,,2.8810097217546278,0.7225522115149645,4.36894958488949,2.403313257999273
30,bursty,10,3,bursty_r10_s3,36,1787651660.1231759,True,model_6,False,0.0,False,False,2+2,"{""model_3"": 1, ""model_4"": 0, ""model_5"": 1, ""model_6"": 0}",False,,2.115357612553924,0.9342992702862536,3.0827347643880754,3.1821392264527244
30,bursty,10,3,bursty_r10_s3,37,1787651665.1676052,True,model_6,False,0.0,False,False,2+2,"{""model_3"": 1, ""model_4"": 0, ""model_5"": 1, ""model_6"": 0}",False,,1.3773747205168083,1.339797356685167,2.1540198085732127,3.318689259615312
30,bursty,10,3,bursty_r10_s3,38,1787651670.2039187,True,model_6,False,0.0,False,False,2+2,"{""model_3"": 1, ""model_4"": 1, ""model_5"": 1, ""model_6"": 0}",False,,0.5679130458097695,1.828109459956202,0.9243660503851499,3.4479503965050124
30,bursty,10,3,bursty_r10_s3,39,1787651675.2399566,True,model_6,False,0.0,False,False,2+2,"{""model_3"": 1, ""model_4"": 1, ""model_5"": 1, ""model_6"": 0}",False,,0.20245031599230717,1.9891886162059205,0.16798138258765039,3.3215947533882764
30,bursty,10,3,bursty_r10_s3,40,1787651680.2773926,True,model_6,False,0.0,False,False,2+2,"{""model_3"": 1, ""model_4"": 1, ""model_5"": 1, ""model_6"": 0}",True,model_3,0.05355466686684531,1.9810979552503958,0.14962332121696875,3.508605290687092
30,bursty,10,3,bursty_r10_s3,41,1787651685.3134394,True,model_6,False,0.0,False,False,1+3,"{""model_3"": 1, ""model_4"": 1, ""model_5"": 1, ""model_6"": 0}",False,,1.0944755743800474e-06,2.0919707758899038,0.18899194157375443,3.474455056147601
30,bursty,10,3,bursty_r10_s3,42,1787651690.3512933,True,model_6,False,0.0,False,False,1+3,"{""model_3"": 1, ""model_4"": 1, ""model_5"": 1, ""model_6"": 0}",False,,1.1268831594124116e-06,2.155159669783787,0.1933426954296671,2.9800921833139955
30,bursty,10,3,bursty_r10_s3,43,1787651695.389063,True,model_6,False,0.0,False,False,1+3,"{""model_3"": 1, ""model_4"": 1, ""model_5"": 1, ""model_6"": 0}",False,,1.0818234386496798e-06,2.048624548286944,0.20597024394907204,2.705157310021442
30,bursty,10,3,bursty_r10_s3,44,1787651700.4278767,True,model_6,False,0.0,False,False,1+3,"{""model_3"": 1, ""model_4"": 1, ""model_5"": 1, ""model_6"": 0}",False,,1.1027718061383163e-06,2.0098313665926,0.2884212724748587,3.071584229580241
30,bursty,10,3,bursty_r10_s3,45,1787651705.467097,True,model_6,False,0.0,False,False,1+3,"{""model_3"": 1, ""model_4"": 1, ""model_5"": 1, ""model_6"": 0}",False,,1.0943566523969998e-06,1.972237974022822,0.308476903855589,3.492039878410473
30,bursty,10,3,bursty_r10_s3,46,1787651710.8318205,True,model_6,False,0.0,False,False,1+3,"{""model_3"": 1, ""model_4"": 1, ""model_5"": 1, ""model_6"": 0}",False,,0.4293244731799533,1.9989102091766648,0.8269529735380184,3.2763327253192447
30,bursty,10,3,bursty_r10_s3,47,1787651715.9337933,True,model_6,False,0.0,False,False,1+3,"{""model_3"": 0, ""model_4"": 1, ""model_5"": 1, ""model_6"": 0}",True,model_3,1.265676040041019,1.9168962908460623,2.0695526997498224,2.9223935780920507
30,bursty,10,3,bursty_r10_s3,48,1787651720.9778903,True,model_5,False,0.0,False,False,2+2,"{""model_3"": 1, ""model_4"": 0, ""model_5"": 1, ""model_6"": 0}",False,,1.4733896816093184,1.815160440076727,2.9922190431957736,2.4062662023850425
30,bursty,10,3,bursty_r10_s3,49,1787651726.0381377,True,model_5,False,0.0,False,False,2+2,"{""model_3"": 0, ""model_4"": 1, ""model_5"": 1, ""model_6"": 0}",False,,2.872046829367291,1.788734905366414,4.208822680109586,2.059822924551684
30,bursty,10,3,bursty_r10_s3,50,1787651731.081455,True,model_5,False,0.0,False,False,2+2,"{""model_3"": 0, ""model_4"": 0, ""model_5"": 1, ""model_6"": 0}",False,,3.6894620364250934,1.6825990043679342,5.625877391600541,1.1658522338641553
30,bursty,10,3,bursty_r10_s3,51,1787651736.1257792,True,model_5,False,0.0,False,False,2+2,"{""model_3"": 0, ""model_4"": 0, ""model_5"": 1, ""model_6"": 0}",False,,4.255692695202183,1.5706496818289195,6.844285094040825,0.23808737554621517
30,bursty,10,3,bursty_r10_s3,52,1787651741.1710596,True,model_5,False,0.0,False,False,2+2,"{""model_3"": 0, ""model_4"": 0, ""model_5"": 1, ""model_6"": 0}",False,,4.668657892691677,1.4920175481998748,7.910630601424627,0.016569903486809645
30,bursty,10,3,bursty_r10_s3,53,1787651746.230701,True,model_5,False,0.0,False,False,2+2,"{""model_3"": 0, ""model_4"": 0, ""model_5"": 1, ""model_6"": 0}",True,model_4,4.369521341602781,1.5072455856237825,7.823722776134037,4.261034878050296e-06
30,bursty,10,3,bursty_r10_s3,54,1787651751.5605881,True,model_5,False,0.0,False,False,3+1,"{""model_3"": 0, ""model_4"": 0, ""model_5"": 1, ""model_6"": 0}",False,,4.383078449717462,1.3585936493177262,8.085506717435141,0.41913635668574983
30,bursty,10,3,bursty_r10_s3,55,1787651756.6047516,True,model_5,False,0.0,False,False,3+1,"{""model_3"": 0, ""model_4"": 0, ""model_5"": 1, ""model_6"": 0}",False,,3.152361288781253,1.1386648770829242,6.738275979803815,1.2995468923971552
30,bursty,10,3,bursty_r10_s3,56,1787651761.6500766,True,model_5,False,0.0,False,False,3+1,"{""model_3"": 0, ""model_4"": 0, ""model_5"": 1, ""model_6"": 0}",False,,2.3265427914429924,0.8643435940483069,5.737297124410281,2.303971269213735
30,bursty,10,3,bursty_r10_s3,57,1787651766.736715,True,model_5,False,0.0,False,False,3+1,"{""model_3"": 0, ""model_4"": 1, ""model_5"": 1, ""model_6"": 0}",False,,1.5521514221691437,0.7091092647973287,4.426569803110488,3.34718171936386
30,bursty,10,3,bursty_r10_s3,58,1787651771.7901204,True,model_6,False,0.0,False,False,3+1,"{""model_3"": 1, ""model_4"": 1, ""model_5"": 1, ""model_6"": 0}",False,,0.770922565727056,0.5092680093068198,2.849282650924602,4.582655652203716
30,bursty,10,3,bursty_r10_s3,59,1787651776.841759,True,model_6,False,0.0,False,False,3+1,"{""model_3"": 1, ""model_4"": 1, ""model_5"": 1, ""model_6"": 0}",True,model_3,0.3144863867178964,0.2038152026143809,1.6011629332166881,6.109935693608621
30,bursty,10,3,bursty_r10_s3,60,1787651781.8921273,True,model_6,False,0.0,False,False,2+2,"{""model_3"": 1, ""model_4"": 1, ""model_5"": 1, ""model_6"": 0}",False,,0.02296831719892255,0.11431971210719172,0.40132462236325883,7.300301462675677
30,bursty,10,3,bursty_r10_s3,61,1787651786.944248,True,model_6,False,0.0,False,False,2+2,"{""model_3"": 1, ""model_4"": 1, ""model_5"": 1, ""model_6"": 0}",False,,8.240237662648305e-07,0.08693985535888732,0.10197532964191229,7.5163144946490625
30,bursty,10,3,bursty_r10_s3,62,1787651792.0413775,True,model_6,False,0.0,False,False,2+2,"{""model_3"": 1, ""model_4"": 1, ""model_5"": 1, ""model_6"": 0}",False,,8.441866225378924e-07,0.013352749124786373,0.13518918679160383,7.606481315061889
30,bursty,10,3,bursty_r10_s3,63,1787651797.112937,True,model_6,False,0.0,False,False,2+2,"{""model_3"": 1, ""model_4"": 1, ""model_5"": 1, ""model_6"": 0}",False,,8.561725769868563e-08,2.8500458609526103e-06,0.21817158133034076,7.684312476378435
30,bursty,10,3,bursty_r10_s3,64,1787651802.1668613,True,model_6,False,0.0,False,False,2+2,"{""model_3"": 1, ""model_4"": 1, ""model_5"": 1, ""model_6"": 0}",False,,0.16939909882450765,0.04820960130291829,0.7296438683012756,7.147185354621496
30,bursty,10,3,bursty_r10_s3,65,1787651807.2239246,True,model_6,False,0.0,False,False,2+2,"{""model_3"": 1, ""model_4"": 1, ""model_5"": 1, ""model_6"": 0}",True,model_4,0.488590795942335,0.19270693696506336,1.7901530043982723,5.905951755359308
30,bursty,10,3,bursty_r10_s3,66,1787651812.2771559,True,model_6,False,0.0,False,False,1+3,"{""model_3"": 1, ""model_4"": 1, ""model_5"": 1, ""model_6"": 0}",False,,0.9218353369379255,0.2800451560432111,2.697008225239271,4.245129005755201
30,bursty,10,3,bursty_r10_s3,67,1787651817.3337533,True,model_5,False,0.0,False,False,1+3,"{""model_3"": 0, ""model_4"": 1, ""model_5"": 1, ""model_6"": 0}",False,,0.9376282786165242,0.9376282786165242,3.6490682581652543,3.0316233581191057
30,bursty,10,3,bursty_r10_s3,68,1787651822.4302185,True,model_5,False,0.0,False,False,1+3,"{""model_3"": 0, ""model_4"": 0, ""model_5"": 1, ""model_6"": 0}",False,,1.8596904065912452,0.6082676628251074,5.021554266398048,2.0162910118106803
30,bursty,10,3,bursty_r10_s3,69,1787651827.4943469,True,model_5,False,0.0,False,False,1+3,"{""model_3"": 0, ""model_4"": 0, ""model_5"": 1, ""model_6"": 0}",False,,2.442836786554276,0.7839636276485686,6.125039808350484,0.9408144090844524
30,bursty,10,3,bursty_r10_s3,70,1787651832.5804412,True,model_5,False,0.0,False,False,1+3,"{""model_3"": 0, ""model_4"": 0, ""model_5"": 1, ""model_6"": 0}",False,,2.6539124358904767,0.9152579979045412,7.024257221427078,0.22228234750256273
30,bursty,10,3,bursty_r10_s3,71,1787651837.6496167,True,model_5,False,0.0,False,False,1+3,"{""model_3"": 0, ""model_4"": 0, ""model_5"": 1, ""model_6"": 0}",True,model_3,3.020494734532562,0.8419479918405974,7.141620051273387,0.035067703527118355
30,bursty,10,3,bursty_r10_s3,72,1787651842.7311547,True,model_5,False,0.0,False,False,2+2,"{""model_3"": 0, ""model_4"": 0, ""model_5"": 1, ""model_6"": 0}",False,,2.9626833578781073,0.8616968930375003,7.59727424475698,3.112626502099758e-06
30,bursty,10,3,bursty_r10_s3,73,1787651847.812737,True,model_5,False,0.0,False,False,2+2,"{""model_3"": 0, ""model_4"": 0, ""model_5"": 1, ""model_6"": 0}",False,,3.1491114724533675,0.9075966560060584,8.10354696427367,3.3102173185306505e-06
30,bursty,10,3,bursty_r10_s3,74,1787651852.8756073,True,model_5,False,0.0,False,False,2+2,"{""model_3"": 0, ""model_4"": 0, ""model_5"": 1, ""model_6"": 0}",False,,3.566894268773002,0.9003057858009422,8.661709692567719,3.6725919660973716e-06
30,bursty,10,3,bursty_r10_s3,75,1787651857.9381413,True,model_5,False,0.0,False,False,2+2,"{""model_3"": 0, ""model_4"": 0, ""model_5"": 1, ""model_6"": 0}",False,,3.9478172849166104,0.864896589619742,8.178251565657813,3.890441541753997e-06
30,bursty,10,3,bursty_r10_s3,76,1787651862.9984174,True,model_5,False,0.0,False,False,2+2,"{""model_3"": 0, ""model_4"": 0, ""model_5"": 1, ""model_6"": 0}",False,,3.9980094326034203,0.7617763110382272,8.825868911477766,3.9806455989221945e-06
30,bursty,10,3,bursty_r10_s3,77,1787651868.06386,True,model_5,False,0.0,False,False,2+2,"{""model_3"": 0, ""model_4"": 0, ""model_5"": 1, ""model_6"": 0}",True,model_4,3.9763864111746536,0.8175819628373789,9.12723436892197,4.006732987671402e-06
30,bursty,10,3,bursty_r10_s3,78,1787651873.170104,True,model_5,False,0.0,False,False,3+1,"{""model_3"": 0, ""model_4"": 0, ""model_5"": 1, ""model_6"": 0}",False,,3.779987828204524,0.8459449653217547,9.550842985232162,4.503701924729597e-06
30,bursty,10,3,bursty_r10_s3,79,1787651878.2729683,True,model_5,False,0.0,False,False,3+1,"{""model_3"": 0, ""model_4"": 0, ""model_5"": 1, ""model_6"": 0}",False,,3.6599971063690524,0.825148579719433,10.019975553841808,4.366634830776928e-06
30,bursty,10,3,bursty_r10_s3,80,1787651883.3424323,True,model_5,False,0.0,False,False,3+1,"{""model_3"": 0, ""model_4"": 0, ""model_5"": 1, ""model_6"": 0}",False,,3.3415903543089054,0.81416579953486,10.093300730251958,0.2919123398850053
30,bursty,10,3,bursty_r10_s3,81,1787651888.4168863,True,model_5,False,0.0,False,False,3+1,"{""model_3"": 0, ""model_4"": 0, ""model_5"": 1, ""model_6"": 0}",False,,2.690884366988241,0.7426413113525758,10.239208280995742,0.9685949412458708
30,bursty,10,3,bursty_r10_s3,82,1787651893.524892,True,model_5,False,0.0,False,False,3+1,"{""model_3"": 0, ""model_4"": 0, ""model_5"": 1, ""model_6"": 0}",False,,2.358136987108356,0.6688388182310392,9.792784233010945,1.3313518549271686
30,bursty,10,3,bursty_r10_s3,83,1787651898.622633,True,model_5,False,0.0,False,False,3+1,"{""model_3"": 0, ""model_4"": 0, ""model_5"": 1, ""model_6"": 0}",False,,1.8938614432211192,0.5392307431347834,9.032579364990243,1.9687355359519552
30,bursty,10,3,bursty_r10_s3,84,1787651903.692926,True,model_5,False,0.0,False,False,3+1,"{""model_3"": 0, ""model_4"": 0, ""model_5"": 1, ""model_6"": 0}",False,,1.5708611773834011,0.35729338462096427,7.691184929388669,2.5685054013641673
30,bursty,10,3,bursty_r10_s3,85,1787651908.7623374,True,model_5,False,0.0,False,False,3+1,"{""model_3"": 0, ""model_4"": 0, ""model_5"": 1, ""model_6"": 0}",False,,1.2322877432175523,0.15742053214371943,5.586720532042698,2.8276903903691055
30,bursty,10,4,bursty_r10_s4,1,1787652680.163838,True,model_5,False,0.0,False,False,2+2,"{""model_3"": 1, ""model_4"": 1, ""model_5"": 0, ""model_6"": 1}",True,model_4,0.000784253083891986,1.3409497477798356e-08,0.035230041343226236,0.0003567942647718645
30,bursty,10,4,bursty_r10_s4,2,1787652685.1693628,True,model_5,False,0.0,False,False,1+3,"{""model_3"": 1, ""model_4"": 1, ""model_5"": 0, ""model_6"": 1}",False,,0.04470242578184312,0.004122366494939229,1.6480655786194178,0.00035684132857687284
30,bursty,10,4,bursty_r10_s4,3,1787652690.1759536,True,model_5,False,0.0,False,False,1+3,"{""model_3"": 1, ""model_4"": 1, ""model_5"": 0, ""model_6"": 1}",False,,0.13321098810679574,0.04119281057137944,3.177813397908422,0.0003569635894138095
30,bursty,10,4,bursty_r10_s4,4,1787652695.1853395,True,model_5,False,0.0,False,False,1+3,"{""model_3"": 1, ""model_4"": 1, ""model_5"": 0, ""model_6"": 1}",False,,0.21645385115418783,0.050852678092694406,5.564542584329641,0.00035705403737868596
30,bursty,10,4,bursty_r10_s4,5,1787652700.2244287,True,model_5,False,0.0,False,False,1+3,"{""model_3"": 1, ""model_4"": 1, ""model_5"": 0, ""model_6"": 1}",False,,0.3728563233132179,0.06318902017757905,8.252212726321309,0.0003572183176125329
30,bursty,10,4,bursty_r10_s4,6,1787652705.2461824,True,model_5,False,0.0,False,False,1+3,"{""model_3"": 1, ""model_4"": 1, ""model_5"": 0, ""model_6"": 1}",False,,0.4190152191080033,0.06318903349590213,10.274226093174248,0.0003572632568656642
30,bursty,10,4,bursty_r10_s4,7,1787652710.2579873,True,model_5,False,0.0,False,False,1+3,"{""model_3"": 1, ""model_4"": 1, ""model_5"": 0, ""model_6"": 1}",False,,0.46954352494161544,0.06491182271243195,12.287325835109026,5.203334508263602e-07
30,bursty,10,4,bursty_r10_s4,8,1787652715.2694783,True,model_5,False,0.0,False,False,1+3,"{""model_3"": 1, ""model_4"": 1, ""model_5"": 0, ""model_6"": 1}",False,,0.5620853888408696,0.06125095330906013,13.028217849140368,6.068659458360881e-07
30,bursty,10,4,bursty_r10_s4,9,1787652720.3358576,True,model_5,False,0.0,False,False,1+3,"{""model_3"": 1, ""model_4"": 1, ""model_5"": 0, ""model_6"": 1}",False,,0.6356931425718747,0.024180556008379876,13.526744157063494,6.424378771758416e-07
30,bursty,10,4,bursty_r10_s4,10,1787652725.3463697,True,model_5,False,0.0,False,False,1+3,"{""model_3"": 1, ""model_4"": 1, ""model_5"": 0, ""model_6"": 1}",False,,0.8218972319188003,0.016612706862397613,12.747757007965227,8.16354018873082e-07
30,bursty,10,4,bursty_r10_s4,11,1787652730.3602612,True,model_5,False,0.0,False,False,1+3,"{""model_3"": 1, ""model_4"": 1, ""model_5"": 0, ""model_6"": 1}",False,,2.233104638305006,0.007261329689649099,11.128236252000411,0.09348173434156808
30,bursty,10,4,bursty_r10_s4,12,1787652735.3863482,True,model_5,False,0.0,False,False,1+3,"{""model_3"": 1, ""model_4"": 1, ""model_5"": 0, ""model_6"": 1}",False,,3.4917188017968,0.00726192616287194,9.157900686756358,0.14644111949739064
30,bursty,10,4,bursty_r10_s4,13,1787652740.4280386,True,model_5,False,0.0,False,False,1+3,"{""model_3"": 1, ""model_4"": 1, ""model_5"": 0, ""model_6"": 1}",False,,6.182267060320516,0.005540394657934156,7.093123143212694,0.1930813163682378
30,bursty,10,4,bursty_r10_s4,14,1787652745.4691856,True,model_3,True,0.273867844024535,True,False,1+3,"{""model_3"": 1, ""model_4"": 0, ""model_5"": 0, ""model_6"": 0}",True,model_6,8.33817878793959,0.0050813391898083815,4.735469352357876,0.21239947030291983
30,bursty,10,4,bursty_r10_s4,15,1787652750.486306,True,model_3,True,0.2777145819919848,True,True,2+2,"{""model_3"": 1, ""model_4"": 0, ""model_5"": 0, ""model_6"": 0}",False,,10.97214878826823,0.0050791982311128026,2.685653964926845,0.3134718523745899
30,bursty,10,4,bursty_r10_s4,16,1787652755.5575578,True,model_3,True,0.2740697225503389,True,True,2+2,"{""model_3"": 1, ""model_4"": 0, ""model_5"": 0, ""model_6"": 0}",False,,13.683311699282823,0.002988039857386238,0.9731768348154449,0.35078043483739735
30,bursty,10,4,bursty_r10_s4,17,1787652760.5743241,True,model_3,True,0.26425117384505625,True,True,2+2,"{""model_3"": 1, ""model_4"": 0, ""model_5"": 0, ""model_6"": 0}",False,,15.235124479995383,4.3958223812021555e-06,0.08467983584155236,0.2701436463571616
30,bursty,10,4,bursty_r10_s4,18,1787652765.5943005,True,model_3,True,0.25924197936463333,True,True,2+2,"{""model_3"": 1, ""model_4"": 0, ""model_5"": 0, ""model_6"": 0}",False,,16.147212113165477,2.0657811119541106e-06,1.6668245920725688e-06,0.32590407600149823
30,bursty,10,4,bursty_r10_s4,19,1787652770.6154945,True,model_3,True,0.25924197967830975,True,True,2+2,"{""model_3"": 1, ""model_4"": 0, ""model_5"": 0, ""model_6"": 0}",False,,16.480071555506118,2.1092099232879736e-06,1.7052897732794392e-06,0.3366078545512518
30,bursty,10,4,bursty_r10_s4,20,1787652775.6361868,True,model_3,True,0.2592419791403239,True,True,2+2,"{""model_3"": 1, ""model_4"": 0, ""model_5"": 0, ""model_6"": 0}",True,model_4,17.708099948082353,2.264823041429683e-06,1.8247956487527084e-06,0.35434548895583207
30,bursty,10,4,bursty_r10_s4,30,1787652825.9499722,True,model_3,True,0.3183135313680414,True,True,2+2,"{""model_3"": 1, ""model_4"": 0, ""model_5"": 0, ""model_6"": 0}",True,model_4,8.994038438382969,0.03710377744044113,0.4219149631253861,2.5740611857892484
30,bursty,10,4,bursty_r10_s4,31,1787652830.9838738,True,model_3,True,0.36971357330213106,True,True,3+1,"{""model_3"": 1, ""model_4"": 0, ""model_5"": 0, ""model_6"": 0}",False,,6.878907871126282,0.06491434873334306,0.6034780464294709,3.3092086973759205
30,bursty,10,4,bursty_r10_s4,32,1787652836.041798,False,model_6,False,0.0,False,True,3+1,"{""model_3"": 1, ""model_4"": 0, ""model_5"": 1, ""model_6"": 0}",False,,3.9305644203117858,0.3904257991428534,0.39042579914285236,4.158275274926412
30,bursty,10,4,bursty_r10_s4,33,1787652841.078881,True,model_6,False,0.0,False,True,3+1,"{""model_3"": 1, ""model_4"": 1, ""model_5"": 1, ""model_6"": 0}",False,,1.9458439372908558,0.13100117870537265,0.7667859543449674,5.142974351147922
30,bursty,10,4,bursty_r10_s4,34,1787652846.1288958,True,model_6,False,0.0,False,True,3+1,"{""model_3"": 1, ""model_4"": 1, ""model_5"": 1, ""model_6"": 0}",False,,0.27908226891990084,0.1433394541109294,0.7055559617103534,5.245272143268462
30,bursty,10,4,bursty_r10_s4,35,1787652851.164393,True,model_6,False,0.0,False,True,3+1,"{""model_3"": 1, ""model_4"": 1, ""model_5"": 1, ""model_6"": 0}",False,,0.0,0.17351104008055518,0.7650861388092216,5.190889254499454
30,bursty,10,4,bursty_r10_s4,36,1787652856.2014575,True,model_6,False,0.0,False,True,3+1,"{""model_3"": 1, ""model_4"": 1, ""model_5"": 1, ""model_6"": 0}",True,model_5,0.0,0.16846582041168953,1.023369032271308,4.893935078950892
30,bursty,10,4,bursty_r10_s4,37,1787652862.127739,True,model_6,False,0.0,False,False,2+2,"{""model_3"": 1, ""model_4"": 1, ""model_5"": 1, ""model_6"": 0}",False,,7.554025321110642e-07,0.16403379785399042,0.8858441257640759,4.7820526532847065
30,bursty,10,4,bursty_r10_s4,38,1787652867.163606,True,model_6,False,0.0,False,False,2+2,"{""model_3"": 1, ""model_4"": 1, ""model_5"": 1, ""model_6"": 0}",False,,8.194807564510527e-07,0.20784159482628484,0.9904730809515789,5.113309951336347
30,bursty,10,4,bursty_r10_s4,39,1787652872.200316,True,model_6,False,0.0,False,False,2+2,"{""model_3"": 1, ""model_4"": 1, ""model_5"": 1, ""model_6"": 0}",False,,8.294159929784161e-07,0.23146823898805524,1.0272948455449489,5.112086654838087
30,bursty,10,4,bursty_r10_s4,40,1787652877.2370398,True,model_6,False,0.0,False,False,2+2,"{""model_3"": 1, ""model_4"": 1, ""model_5"": 1, ""model_6"": 0}",False,,9.272883533215203e-07,0.21854755754029243,1.0810948620414764,5.889692669111754
30,bursty,10,4,bursty_r10_s4,41,1787652882.2748744,True,model_6,False,0.0,False,False,2+2,"{""model_3"": 1, ""model_4"": 1, ""model_5"": 1, ""model_6"": 0}",False,,9.134698545792014e-07,0.22340825509121642,0.9370973310895999,6.14551364785261
30,bursty,10,4,bursty_r10_s4,42,1787652887.3172636,True,model_6,False,0.0,False,False,2+2,"{""model_3"": 1, ""model_4"": 1, ""model_5"": 1, ""model_6"": 0}",True,model_4,9.057921320949425e-07,0.27253816694821487,0.6742514151149859,6.784174099711478
30,bursty,10,4,bursty_r10_s4,43,1787652892.372549,True,model_6,False,0.0,False,False,1+3,"{""model_3"": 1, ""model_4"": 1, ""model_5"": 1, ""model_6"": 0}",False,,4.632173018639668e-07,0.2915492643898101,0.6738275979803816,7.187452049078506
30,bursty,10,4,bursty_r10_s4,44,1787652897.413477,True,model_6,False,0.0,False,False,1+3,"{""model_3"": 1, ""model_4"": 1, ""model_5"": 1, ""model_6"": 0}",False,,6.250544088690074e-07,0.25084883450494466,1.05180774034355,7.716118067949543
30,bursty,10,4,bursty_r10_s4,45,1787652902.4535701,True,model_6,False,0.0,False,False,1+3,"{""model_3"": 1, ""model_4"": 1, ""model_5"": 1, ""model_6"": 0}",False,,0.10329809169348315,0.2957947979314127,0.9949303241990644,8.252786455212666
30,bursty,10,4,bursty_r10_s4,46,1787652907.507015,True,model_6,False,0.0,False,False,1+3,"{""model_3"": 1, ""model_4"": 1, ""model_5"": 1, ""model_6"": 0}",False,,0.8803801047461732,0.48810029393553833,0.8570885787554109,8.142129501204854
30,bursty,10,4,bursty_r10_s4,47,1787652912.55019,True,model_6,False,0.0,False,False,1+3,"{""model_3"": 1, ""model_4"": 1, ""model_5"": 1, ""model_6"": 0}",False,,1.909768295431824,0.7378110396250503,0.7980897372542923,7.0417273915435805
30,bursty,10,4,bursty_r10_s4,48,1787652917.6180258,True,model_6,False,0.0,False,False,1+3,"{""model_3"": 1, ""model_4"": 1, ""model_5"": 1, ""model_6"": 0}",False,,3.152473324936096,0.9499880668350433,0.7127765441208256,5.832707147846998
30,bursty,10,4,bursty_r10_s4,49,1787652922.6729019,True,model_3,True,0.014690951142309039,True,False,1+3,"{""model_3"": 1, ""model_4"": 1, ""model_5"": 0, ""model_6"": 0}",True,model_5,4.777781823224812,1.3262302110837245,0.3025393044363486,4.74734133548296
30,bursty,10,4,bursty_r10_s4,50,1787652927.714758,True,model_3,False,0.0,True,True,2+2,"{""model_3"": 1, ""model_4"": 0, ""model_5"": 0, ""model_6"": 0}",False,,6.217558365734164,1.717454455103105,0.1338142703913734,3.2743959297068517
30,bursty,10,4,bursty_r10_s4,51,1787652932.7611232,True,model_3,True,0.26525347442687286,True,True,2+2,"{""model_3"": 1, ""model_4"": 0, ""model_5"": 0, ""model_6"": 0}",False,,7.713018173953594,2.0258906475829557,0.036821976085333885,1.618467927318642
30,bursty,10,4,bursty_r10_s4,52,1787652937.8125281,True,model_3,True,0.25932628364095345,True,True,2+2,"{""model_3"": 1, ""model_4"": 0, ""model_5"": 0, ""model_6"": 0}",False,,7.902023210889339,2.210904305214875,0.0005298438203977796,0.6005358347643215
30,bursty,10,4,bursty_r10_s4,53,1787652942.8648334,True,model_3,True,0.2592416995813089,True,True,2+2,"{""model_3"": 1, ""model_4"": 0, ""model_5"": 0, ""model_6"": 0}",False,,7.554262959360414,2.322700027115465,-8.986337771688113e-07,0.5146506148232104
30,bursty,10,4,bursty_r10_s4,54,1787652947.9119837,True,model_3,True,0.25924166549147626,True,True,2+2,"{""model_3"": 1, ""model_4"": 0, ""model_5"": 0, ""model_6"": 0}",False,,6.922603054949111,2.40283975616496,-1.0109000163627258e-06,0.49349794584565115
30,bursty,10,4,bursty_r10_s4,55,1787652953.0193162,True,model_3,True,0.25924165823415135,True,True,2+2,"{""model_3"": 1, ""model_4"": 0, ""model_5"": 0, ""model_6"": 0}",True,model_4,6.435245705439734,2.236438195760612,-9.768196918558125e-07,0.4129644313672601
30,bursty,10,4,bursty_r10_s4,56,1787652958.7497005,True,model_3,True,0.25924262701715844,True,True,3+1,"{""model_3"": 1, ""model_4"": 0, ""model_5"": 0, ""model_6"": 0}",False,,5.792941422245567,2.176232889022981,3.5774088608109267e-06,0.3547565549444312
30,bursty,10,4,bursty_r10_s4,57,1787652963.7997878,True,model_3,True,0.25924254201697666,True,True,3+1,"{""model_3"": 1, ""model_4"": 0, ""model_5"": 0, ""model_6"": 0}",False,,6.095887184937555,1.9973412541676157,3.3530129067149694e-06,0.37488976593781664
30,bursty,10,4,bursty_r10_s4,58,1787652968.9051094,True,model_3,True,0.25924253384002843,True,True,3+1,"{""model_3"": 1, ""model_4"": 0, ""model_5"": 0, ""model_6"": 0}",False,,6.19683176044994,1.9745144969771276,3.3682975473792176e-06,0.4085302896245893
30,bursty,10,4,bursty_r10_s4,59,1787652973.9592104,True,model_3,True,0.2592425200408042,True,True,3+1,"{""model_3"": 1, ""model_4"": 0, ""model_5"": 0, ""model_6"": 0}",False,,6.796225188853099,2.08427981996319,3.619623303585673e-06,0.47657601961826523
30,bursty,10,4,bursty_r10_s4,60,1787652979.0127478,True,model_3,True,0.2592425212450138,True,True,3+1,"{""model_3"": 1, ""model_4"": 0, ""model_5"": 0, ""model_6"": 0}",False,,7.095137649970787,2.138916370866565,3.7856071075648146e-06,0.5393717419510113
30,bursty,10,4,bursty_r10_s4,61,1787652984.0660303,True,model_3,True,0.3225276387496046,True,True,3+1,"{""model_3"": 1, ""model_4"": 0, ""model_5"": 0, ""model_6"": 0}",False,,7.128300351803934,2.0512394733020263,0.35824739693245333,0.7393799850050417
30,bursty,10,4,bursty_r10_s4,62,1787652989.1215124,True,model_3,True,0.410413380308219,True,True,3+1,"{""model_3"": 1, ""model_4"": 0, ""model_5"": 0, ""model_6"": 0}",False,,7.0974904092224635,1.8513053830311699,1.1831796352117974,0.9609526561117929
30,bursty,10,4,bursty_r10_s4,63,1787652994.2164764,True,model_3,True,0.1159318301528114,True,True,3+1,"{""model_3"": 1, ""model_4"": 0, ""model_5"": 0, ""model_6"": 0}",False,,5.936907881217167,1.6307616785949905,1.9592996486787024,1.1625930651243004
30,bursty,10,4,bursty_r10_s4,64,1787652999.2763078,True,model_3,True,0.2129673496011616,True,True,3+1,"{""model_3"": 1, ""model_4"": 1, ""model_5"": 0, ""model_6"": 0}",True,model_4,5.3701169738729435,1.1869354911849261,3.0616179302251916,1.586767751677816
30,bursty,10,4,bursty_r10_s4,65,1787653004.3321311,True,model_3,False,0.0,True,True,2+2,"{""model_3"": 1, ""model_4"": 1, ""model_5"": 0, ""model_6"": 0}",False,,4.508222834675657,0.7478393126023497,3.9387610680056384,2.052996393994414
30,bursty,10,4,bursty_r10_s4,66,1787653009.3887362,True,model_5,False,0.0,False,True,2+2,"{""model_3"": 1, ""model_4"": 0, ""model_5"": 0, ""model_6"": 1}",False,,3.9807556574057474,0.3340358055276549,4.390172981498878,2.3785953647913436
30,bursty,10,4,bursty_r10_s4,67,1787653014.4738636,True,model_5,False,0.0,False,True,2+2,"{""model_3"": 1, ""model_4"": 0, ""model_5"": 0, ""model_6"": 1}",False,,3.941206703010066,0.09490871340274154,4.898461926867316,2.492005120671521
30,bursty,10,4,bursty_r10_s4,68,1787653019.568332,True,model_5,False,0.0,False,True,2+2,"{""model_3"": 1, ""model_4"": 0, ""model_5"": 0, ""model_6"": 1}",False,,4.448394519174828,0.021721558285755282,4.832458585041784,2.4657044560456125
30,bursty,10,4,bursty_r10_s4,69,1787653024.632269,True,model_5,False,0.0,False,True,2+2,"{""model_3"": 1, ""model_4"": 0, ""model_5"": 0, ""model_6"": 1}",False,,4.3957375332204025,0.0008944214573847198,4.62415565646025,2.6787101979681562
30,bursty,10,4,bursty_r10_s4,70,1787653029.7425704,True,model_5,False,0.0,False,True,2+2,"{""model_3"": 1, ""model_4"": 0, ""model_5"": 0, ""model_6"": 1}",True,model_4,4.213790866243168,2.169322652179062e-06,4.292123104015726,2.7385493431796877
30,bursty,10,4,bursty_r10_s4,71,1787653034.8102846,True,model_5,False,0.0,False,True,3+1,"{""model_3"": 1, ""model_4"": 0, ""model_5"": 0, ""model_6"": 1}",False,,4.202700240422304,1.3229453399945585,4.223784836222222,1.322945339994559
30,bursty,10,4,bursty_r10_s4,78,1787653070.5947669,True,model_5,False,0.0,False,False,2+2,"{""model_3"": 1, ""model_4"": 0, ""model_5"": 0, ""model_6"": 1}",False,,4.880518977214664,0.47268853746151507,5.201524598079109,2.4918506634278907
30,bursty,10,4,bursty_r10_s4,79,1787653075.6664376,True,model_5,False,0.0,False,False,2+2,"{""model_3"": 1, ""model_4"": 0, ""model_5"": 0, ""model_6"": 1}",False,,4.203820601970724,0.7313199056585358,4.360672647465479,3.067154362833821
30,bursty,10,4,bursty_r10_s4,80,1787653080.7429686,True,model_6,False,0.0,False,False,2+2,"{""model_3"": 0, ""model_4"": 1, ""model_5"": 0, ""model_6"": 1}",False,,2.8066212527886156,0.9252546584892403,2.95454833995871,3.2349446682104306
30,bursty,10,4,bursty_r10_s4,81,1787653085.841901,True,model_6,False,0.0,False,False,2+2,"{""model_3"": 0, ""model_4"": 1, ""model_5"": 0, ""model_6"": 1}",False,,2.0602336108072166,1.096176468111393,1.6829789573909595,3.5943384299539796
30,bursty,10,4,bursty_r10_s4,82,1787653090.9168746,True,model_6,False,0.0,False,False,2+2,"{""model_3"": 0, ""model_4"": 0, ""model_5"": 0, ""model_6"": 1}",False,,1.3852155314896824,1.249657539322632,0.6855012807577036,3.7836941015310903
30,bursty,10,4,bursty_r10_s4,83,1787653096.0435534,True,model_6,False,0.0,False,False,2+2,"{""model_3"": 0, ""model_4"": 0, ""model_5"": 0, ""model_6"": 1}",False,,1.2683628616945806,1.3030627466931133,0.10006774354805215,4.176115483744024
30,bursty,10,4,bursty_r10_s4,84,1787653101.3798842,True,model_6,False,0.0,False,False,2+2,"{""model_3"": 0, ""model_4"": 0, ""model_5"": 0, ""model_6"": 1}",False,,1.307014316489388,1.2078186830550526,8.378557134758324e-07,4.224436051246206
30,bursty,10,4,bursty_r10_s4,85,1787653106.4491928,True,model_6,False,0.0,False,False,2+2,"{""model_3"": 0, ""model_4"": 0, ""model_5"": 0, ""model_6"": 1}",False,,1.171562541113643,1.0239125155927842,7.090951519295174e-07,3.671304064360857
30,bursty,10,4,bursty_r10_s4,86,1787653111.5199766,True,model_6,False,0.0,False,False,2+2,"{""model_3"": 0, ""model_4"": 0, ""model_5"": 0, ""model_6"": 1}",False,,1.0335339320726267,0.8434211349330978,5.808991414557596e-07,3.0961018470653014
60,steady,8,3,steady_r8_s3,1,1787644873.4264538,True,model_5,False,0.0,False,False,2+2,"{""model_3"": 1, ""model_4"": 0, ""model_5"": 0, ""model_6"": 1}",False,,0.0,9.289712113764936e-10,0.0024406353942596493,0.0
60,steady,8,3,steady_r8_s3,2,1787644878.4444265,True,model_5,False,0.0,False,False,2+2,"{""model_3"": 1, ""model_4"": 0, ""model_5"": 0, ""model_6"": 1}",False,,0.11859026989995232,0.015089723936066404,0.14564226428788554,0.10586586329500605
60,steady,8,3,steady_r8_s3,3,1787644883.4528017,True,model_3,False,0.0,False,False,2+2,"{""model_3"": 1, ""model_4"": 0, ""model_5"": 0, ""model_6"": 1}",False,,0.37190401599706346,0.04626896612060588,0.3559613665236519,0.24035178166434734
60,steady,8,3,steady_r8_s3,4,1787644888.459141,True,model_5,False,0.0,False,False,2+2,"{""model_3"": 1, ""model_4"": 0, ""model_5"": 0, ""model_6"": 1}",False,,0.5139658603363546,0.13062355352893057,0.6457072336552159,0.3877586367329322
60,steady,8,3,steady_r8_s3,5,1787644893.4686756,True,model_5,False,0.0,False,False,2+2,"{""model_3"": 1, ""model_4"": 0, ""model_5"": 0, ""model_6"": 1}",False,,0.7478413335684285,0.22925253822706992,0.8587853150323194,0.5516800140177025
60,steady,8,3,steady_r8_s3,6,1787644898.479191,True,model_5,False,0.0,False,False,2+2,"{""model_3"": 1, ""model_4"": 0, ""model_5"": 0, ""model_6"": 1}",False,,1.0158318159498039,0.3342496737136387,1.1606813018440023,0.7115747478592042
60,steady,8,3,steady_r8_s3,7,1787644903.5025663,True,model_5,False,0.0,False,False,2+2,"{""model_3"": 1, ""model_4"": 0, ""model_5"": 0, ""model_6"": 1}",False,,1.2747473697890008,0.36778238519062845,1.4623120021997864,0.8582171394855156
60,steady,8,3,steady_r8_s3,8,1787644908.5148063,True,model_5,False,0.0,False,False,2+2,"{""model_3"": 1, ""model_4"": 0, ""model_5"": 0, ""model_6"": 1}",False,,1.5329907066991473,0.42126543535759375,1.716297255076329,1.1787199702052156
60,steady,8,3,steady_r8_s3,9,1787644913.5246751,True,model_5,False,0.0,False,False,2+2,"{""model_3"": 1, ""model_4"": 0, ""model_5"": 0, ""model_6"": 1}",False,,1.613824792417443,0.4821472042095517,2.0037086013959926,1.3087203436715262
60,steady,8,3,steady_r8_s3,10,1787644918.539075,True,model_5,False,0.0,False,False,2+2,"{""model_3"": 1, ""model_4"": 0, ""model_5"": 0, ""model_6"": 1}",False,,1.7725240057507279,0.5439672957551964,2.3574946189812827,1.4240922411044832
60,steady,8,3,steady_r8_s3,11,1787644923.6024194,True,model_5,False,0.0,False,False,2+2,"{""model_3"": 1, ""model_4"": 0, ""model_5"": 0, ""model_6"": 1}",False,,1.870051478540438,0.5763925156948868,2.6776953712499125,1.6654377263724547
60,steady,8,3,steady_r8_s3,12,1787644928.6573205,True,model_5,False,0.0,False,False,2+2,"{""model_3"": 1, ""model_4"": 0, ""model_5"": 0, ""model_6"": 1}",False,,1.961585017046118,0.605479849693648,2.9763548632996426,1.7890667936264386
60,steady,8,3,steady_r8_s3,13,1787644933.6735163,True,model_5,False,0.0,False,False,2+2,"{""model_3"": 1, ""model_4"": 0, ""model_5"": 0, ""model_6"": 1}",False,,2.2119858231173435,0.6736526355022181,3.2229651527022254,1.9735547885895435
60,steady,8,3,steady_r8_s3,14,1787644938.690201,True,model_5,False,0.0,False,False,2+2,"{""model_3"": 1, ""model_4"": 0, ""model_5"": 0, ""model_6"": 1}",False,,2.2552877969636653,0.717506570863981,3.3989031302536383,2.0036784001610317
60,steady,8,3,steady_r8_s3,15,1787644943.706301,True,model_5,False,0.0,False,False,2+2,"{""model_3"": 1, ""model_4"": 0, ""model_5"": 0, ""model_6"": 1}",False,,2.2630743097251647,0.7404256442979373,3.412220510339708,2.0080618710643683
60,steady,8,3,steady_r8_s3,16,1787644948.7258914,True,model_5,False,0.0,False,False,2+2,"{""model_3"": 1, ""model_4"": 0, ""model_5"": 0, ""model_6"": 1}",False,,2.232936584072744,0.688680890768036,3.5236938791079586,1.9928726321299988
60,steady,8,3,steady_r8_s3,17,1787644953.7559426,True,model_5,False,0.0,False,False,2+2,"{""model_3"": 1, ""model_4"": 0, ""model_5"": 0, ""model_6"": 1}",False,,2.3482217874048663,0.615201454566422,3.575955310919822,1.95655623055652
60,steady,8,3,steady_r8_s3,18,1787644958.7724078,True,model_5,False,0.0,False,False,2+2,"{""model_3"": 1, ""model_4"": 0, ""model_5"": 0, ""model_6"": 1}",False,,2.193723929878145,0.5378457118120865,3.4668164629634717,1.9176146294601364
60,steady,8,3,steady_r8_s3,19,1787644963.7960253,True,model_5,False,0.0,False,False,2+2,"{""model_3"": 1, ""model_4"": 0, ""model_5"": 0, ""model_6"": 1}",False,,2.1200601580697187,0.540937446238609,3.381394224164385,2.0069404041907735
60,steady,8,3,steady_r8_s3,20,1787644968.8148756,True,model_5,False,0.0,False,False,2+2,"{""model_3"": 1, ""model_4"": 0, ""model_5"": 0, ""model_6"": 1}",False,,2.0780466000040776,0.5147266179571681,3.307962933171877,1.7911821641799421
60,steady,8,3,steady_r8_s3,21,1787644973.832616,True,model_5,False,0.0,False,False,2+2,"{""model_3"": 1, ""model_4"": 0, ""model_5"": 0, ""model_6"": 1}",False,,2.2238616555305657,0.5043131205560896,3.481035816999594,1.727647530213542
60,steady,8,3,steady_r8_s3,22,1787644978.8892367,True,model_5,False,0.0,False,False,2+2,"{""model_3"": 1, ""model_4"": 0, ""model_5"": 0, ""model_6"": 1}",False,,2.251198477311944,0.4729954789115287,3.3701991357254983,1.7176318453387045
60,steady,8,3,steady_r8_s3,23,1787644983.9099116,True,model_5,False,0.0,False,False,2+2,"{""model_3"": 1, ""model_4"": 0, ""model_5"": 0, ""model_6"": 1}",False,,2.185825380961804,0.4900540471710402,3.4052700051951863,1.6350595521004836
60,steady,8,3,steady_r8_s3,24,1787644988.9305584,True,model_5,False,0.0,False,False,2+2,"{""model_3"": 1, ""model_4"": 0, ""model_5"": 0, ""model_6"": 1}",False,,2.2296875355823347,0.48511644180968916,3.385797979332288,1.6480570698065098
60,steady,8,3,steady_r8_s3,25,1787644993.9565852,True,model_5,False,0.0,False,False,2+2,"{""model_3"": 1, ""model_4"": 0, ""model_5"": 0, ""model_6"": 1}",False,,2.1186597061341974,0.4754412188323953,3.406543380183494,1.5889821488778062
60,steady,8,3,steady_r8_s3,26,1787644998.99449,True,model_5,False,0.0,False,False,2+2,"{""model_3"": 1, ""model_4"": 0, ""model_5"": 0, ""model_6"": 1}",False,,2.090482613191507,0.4573674806968331,3.4691509837753727,1.5790173897035986
60,steady,8,3,steady_r8_s3,27,1787645004.0147028,True,model_5,False,0.0,False,False,2+2,"{""model_3"": 1, ""model_4"": 0, ""model_5"": 0, ""model_6"": 1}",False,,1.9250052124902985,0.4693192277777498,3.446283291276983,1.6564414741696944
60,steady,8,3,steady_r8_s3,28,1787645009.0360591,True,model_5,False,0.0,False,False,2+2,"{""model_3"": 1, ""model_4"": 0, ""model_5"": 0, ""model_6"": 1}",False,,1.8285981012490051,0.4840089234533962,3.3339079485586804,1.644743662271901
60,steady,8,3,steady_r8_s3,29,1787645014.0586524,True,model_5,False,0.0,False,False,2+2,"{""model_3"": 1, ""model_4"": 0, ""model_5"": 0, ""model_6"": 1}",False,,1.7293361550410313,0.4973912272100196,3.4099390468189883,1.806674833387316
60,steady,8,3,steady_r8_s3,30,1787645019.0839949,True,model_5,False,0.0,False,False,2+2,"{""model_3"": 1, ""model_4"": 0, ""model_5"": 0, ""model_6"": 1}",False,,1.7721900197812974,0.5101889939229949,3.4232033696138764,1.809070446855011
60,steady,8,3,steady_r8_s3,31,1787645024.1490006,True,model_5,False,0.0,False,False,2+2,"{""model_3"": 1, ""model_4"": 0, ""model_5"": 0, ""model_6"": 1}",False,,1.8115125876356442,0.5082048193131565,3.6694422579782033,1.6857494308550063
60,steady,8,3,steady_r8_s3,32,1787645029.2162952,True,model_5,False,0.0,False,False,2+2,"{""model_3"": 1, ""model_4"": 0, ""model_5"": 0, ""model_6"": 1}",False,,1.9093761688898794,0.5228792404002902,3.839066417879249,1.7280550404696917
60,steady,8,3,steady_r8_s3,33,1787645034.243749,True,model_5,False,0.0,False,False,2+2,"{""model_3"": 1, ""model_4"": 0, ""model_5"": 0, ""model_6"": 1}",False,,1.7288319642223628,0.500790720197517,3.6399424040823702,1.7341947833646962
60,steady,8,3,steady_r8_s3,34,1787645039.271895,True,model_5,False,0.0,False,False,2+2,"{""model_3"": 1, ""model_4"": 0, ""model_5"": 0, ""model_6"": 1}",False,,1.932791725251797,0.5090507928399688,3.584444477508552,1.8269888363699127
60,steady,8,3,steady_r8_s3,35,1787645044.3029115,True,model_5,False,0.0,False,False,2+2,"{""model_3"": 1, ""model_4"": 0, ""model_5"": 0, ""model_6"": 1}",False,,2.1858253809618047,0.5090508184674567,3.6517741800154115,1.8142973814702628
60,steady,8,3,steady_r8_s3,36,1787645049.363691,True,model_5,False,0.0,False,False,2+2,"{""model_3"": 1, ""model_4"": 0, ""model_5"": 0, ""model_6"": 1}",False,,2.1472849436962553,0.5833916296697474,3.565874425595707,1.8157500101412027
60,steady,8,3,steady_r8_s3,37,1787645054.3934865,True,model_5,False,0.0,False,False,2+2,"{""model_3"": 1, ""model_4"": 0, ""model_5"": 0, ""model_6"": 1}",False,,2.104879259088667,0.5731472326915314,3.4742444837286097,1.8137621256724203
60,steady,8,3,steady_r8_s3,38,1787645059.4189858,True,model_5,False,0.0,False,False,2+2,"{""model_3"": 1, ""model_4"": 0, ""model_5"": 0, ""model_6"": 1}",False,,2.200109990704123,0.5547350000745617,3.294804724959345,1.8060401689566472
60,steady,8,3,steady_r8_s3,39,1787645064.4625309,True,model_5,False,0.0,False,False,2+2,"{""model_3"": 1, ""model_4"": 0, ""model_5"": 0, ""model_6"": 1}",False,,2.2161871789239074,0.5163878859999449,3.3608610524778966,1.6630678766946385
60,steady,8,3,steady_r8_s3,40,1787645069.488971,True,model_5,False,0.0,False,False,2+2,"{""model_3"": 1, ""model_4"": 0, ""model_5"": 0, ""model_6"": 1}",False,,2.3105216213006297,0.5300777734488118,3.2928946624768822,1.5282764158800717
60,steady,8,3,steady_r8_s3,41,1787645074.5191672,True,model_5,False,0.0,False,False,2+2,"{""model_3"": 1, ""model_4"": 0, ""model_5"": 0, ""model_6"": 1}",False,,2.2850894141515603,0.5207255387274623,3.2291197984790525,1.5258043251858995
60,steady,8,3,steady_r8_s3,42,1787645079.5579834,True,model_5,False,0.0,False,False,2+2,"{""model_3"": 1, ""model_4"": 0, ""model_5"": 0, ""model_6"": 1}",False,,2.2245898905370356,0.5041284161840301,3.162426783466351,1.4987134455990354
60,steady,8,3,steady_r8_s3,43,1787645084.608128,True,model_5,False,0.0,False,False,2+2,"{""model_3"": 1, ""model_4"": 0, ""model_5"": 0, ""model_6"": 1}",False,,2.1338406051152496,0.5058665520080983,3.105390195448327,1.5392349347823773
60,steady,8,3,steady_r8_s3,44,1787645089.6400871,True,model_5,False,0.0,False,False,2+2,"{""model_3"": 1, ""model_4"": 0, ""model_5"": 0, ""model_6"": 1}",False,,1.968699312878566,0.5274781155234951,2.9971002641508497,1.5679821740632234
60,steady,8,3,steady_r8_s3,45,1787645094.680455,True,model_5,False,0.0,False,False,2+2,"{""model_3"": 1, ""model_4"": 0, ""model_5"": 0, ""model_6"": 1}",False,,1.9107766208254011,0.5226021022240026,3.146721825277201,1.6015971844507637
60,steady,8,3,steady_r8_s3,46,1787645099.7406085,True,model_5,False,0.0,False,False,2+2,"{""model_3"": 1, ""model_4"": 0, ""model_5"": 0, ""model_6"": 1}",False,,1.7577352333116223,0.546121138732625,3.338683104764841,1.5929320726990541
60,steady,8,3,steady_r8_s3,47,1787645104.7761767,True,model_5,False,0.0,False,False,2+2,"{""model_3"": 1, ""model_4"": 0, ""model_5"": 0, ""model_6"": 1}",False,,1.7325831165496572,0.5234328124513226,3.3733825731962717,1.5578133649378618
60,steady,8,3,steady_r8_s3,48,1787645109.809077,True,model_5,False,0.0,False,False,2+2,"{""model_3"": 1, ""model_4"": 1, ""model_5"": 0, ""model_6"": 1}",True,model_4,1.7194748864331757,0.49062326004738743,3.6197806334341367,1.5673958118900781
60,steady,8,3,steady_r8_s3,49,1787645114.8549888,True,model_5,False,0.0,False,False,1+3,"{""model_3"": 1, ""model_4"": 1, ""model_5"": 0, ""model_6"": 1}",False,,1.8196352088616659,0.46775062938473155,3.8265448971608738,1.4303106824328096
60,steady,8,3,steady_r8_s3,50,1787645119.9058278,True,model_5,False,0.0,False,False,1+3,"{""model_3"": 1, ""model_4"": 1, ""model_5"": 0, ""model_6"": 1}",False,,1.7400895389240512,0.48971603795348173,4.132738524558101,1.5330671841193175
60,steady,8,3,steady_r8_s3,51,1787645124.9609497,True,model_5,False,0.0,False,False,1+3,"{""model_3"": 1, ""model_4"": 1, ""model_5"": 0, ""model_6"": 1}",False,,1.6865922749871336,0.49788387118101607,4.037341515017255,1.6473940146037602
60,steady,8,3,steady_r8_s3,52,1787645130.000603,True,model_5,False,0.0,False,False,1+3,"{""model_3"": 1, ""model_4"": 1, ""model_5"": 0, ""model_6"": 1}",False,,1.7109061893869155,0.4836402822871848,4.029435978631501,1.7980353337538177
60,steady,8,3,steady_r8_s3,53,1787645135.0405345,True,model_5,False,0.0,False,False,1+3,"{""model_3"": 1, ""model_4"": 1, ""model_5"": 0, ""model_6"": 1}",False,,1.5873862302776862,0.5056210076338108,3.988528807132063,1.8015013277070797
60,steady,8,3,steady_r8_s3,54,1787645140.0857964,True,model_5,False,0.0,False,False,1+3,"{""model_3"": 1, ""model_4"": 1, ""model_5"": 0, ""model_6"": 1}",False,,1.6565126392491314,0.4990530086357807,3.9232152816900276,1.920823266598045
60,steady,8,3,steady_r8_s3,55,1787645145.1237783,True,model_5,False,0.0,False,False,1+3,"{""model_3"": 1, ""model_4"": 0, ""model_5"": 0, ""model_6"": 1}",True,model_4,1.8227184177448372,0.49348483529621245,3.7333232365583897,1.9433267420445899
60,steady,8,3,steady_r8_s3,56,1787645150.3973985,True,model_5,False,0.0,False,False,2+2,"{""model_3"": 1, ""model_4"": 0, ""model_5"": 0, ""model_6"": 1}",False,,1.9662345174720484,0.46741192696731937,3.5983985450887745,1.9632075748696365
60,steady,8,3,steady_r8_s3,57,1787645155.440273,True,model_5,False,0.0,False,False,2+2,"{""model_3"": 1, ""model_4"": 0, ""model_5"": 0, ""model_6"": 1}",False,,2.115858802263155,0.5489052918499169,3.403519114586261,1.9532174739808106
60,steady,8,3,steady_r8_s3,58,1787645160.4820557,True,model_5,False,0.0,False,False,2+2,"{""model_3"": 1, ""model_4"": 0, ""model_5"": 0, ""model_6"": 1}",False,,2.1112653199146454,0.5445367168018749,3.118919804699114,1.985252441339858
60,steady,8,3,steady_r8_s3,59,1787645165.5265405,True,model_5,False,0.0,False,False,2+2,"{""model_3"": 1, ""model_4"": 0, ""model_5"": 0, ""model_6"": 1}",False,,1.9924533904247186,0.5493973651199184,3.013813310872409,2.103017316391191
60,steady,8,3,steady_r8_s3,60,1787645170.5808167,True,model_5,False,0.0,False,False,2+2,"{""model_3"": 1, ""model_4"": 0, ""model_5"": 0, ""model_6"": 1}",False,,2.099167927864411,0.527585725202947,2.829492281314627,2.139104429904562
60,steady,8,3,steady_r8_s3,61,1787645175.629582,True,model_5,False,0.0,False,False,2+2,"{""model_3"": 1, ""model_4"": 0, ""model_5"": 0, ""model_6"": 1}",False,,2.29136617388422,0.568947641137149,2.6177406322170125,2.314901682033968
60,steady,8,3,steady_r8_s3,62,1787645180.676886,True,model_5,False,0.0,False,False,2+2,"{""model_3"": 1, ""model_4"": 0, ""model_5"": 0, ""model_6"": 1}",False,,2.4311285419877326,0.5719624290621679,2.435435779724053,2.382567893642982
60,steady,8,3,steady_r8_s3,63,1787645185.7228923,True,model_3,False,0.0,False,False,2+2,"{""model_3"": 1, ""model_4"": 0, ""model_5"": 0, ""model_6"": 1}",False,,2.6592341532454595,0.5891748766728491,2.6284051477441035,2.407874940385548
60,steady,8,3,steady_r8_s3,64,1787645190.770838,True,model_3,False,0.0,False,False,2+2,"{""model_3"": 1, ""model_4"": 0, ""model_5"": 0, ""model_6"": 1}",False,,2.7774883146808853,0.5721317399575949,2.723696042702588,2.3507370842780935
60,steady,8,3,steady_r8_s3,65,1787645195.845171,True,model_5,False,0.0,False,False,2+2,"{""model_3"": 1, ""model_4"": 0, ""model_5"": 0, ""model_6"": 1}",False,,2.84773498376664,0.6041108407517166,2.930088905391067,2.2192332024794648
60,steady,8,3,steady_r8_s3,66,1787645200.892197,True,model_3,False,0.0,False,False,2+2,"{""model_3"": 1, ""model_4"": 0, ""model_5"": 0, ""model_6"": 1}",False,,3.0518088398108185,0.6842199438135232,3.0279796076173504,2.1902821125549226
60,steady,8,3,steady_r8_s3,67,1787645206.247359,True,model_5,False,0.0,False,False,2+2,"{""model_3"": 1, ""model_4"": 0, ""model_5"": 0, ""model_6"": 1}",False,,3.0191503006744593,0.6732834899194864,3.277136646996554,2.2065416816866996
60,steady,8,3,steady_r8_s3,68,1787645211.2975254,True,model_5,False,0.0,False,False,2+2,"{""model_3"": 1, ""model_4"": 0, ""model_5"": 0, ""model_6"": 1}",False,,2.918989978245968,0.728197040902717,3.4832642232291353,2.216710219325185
60,steady,8,3,steady_r8_s3,69,1787645216.3455782,True,model_5,False,0.0,False,False,2+2,"{""model_3"": 1, ""model_4"": 0, ""model_5"": 0, ""model_6"": 1}",False,,2.779336911235774,0.6955874257970143,3.656814622677467,2.1402033578558735
60,steady,8,3,steady_r8_s3,70,1787645221.3962853,True,model_5,False,0.0,False,False,2+2,"{""model_3"": 1, ""model_4"": 0, ""model_5"": 0, ""model_6"": 1}",False,,2.8247675720240886,0.7290739657097236,3.8906911621969575,2.149199691102191
60,steady,8,3,steady_r8_s3,71,1787645226.4480407,True,model_5,False,0.0,False,False,2+2,"{""model_3"": 1, ""model_4"": 0, ""model_5"": 0, ""model_6"": 1}",False,,2.829753180914545,0.7423946915006177,3.8346626627113447,2.1140810076721577
60,steady,8,3,steady_r8_s3,72,1787645231.5019367,True,model_5,False,0.0,False,False,2+2,"{""model_3"": 1, ""model_4"": 0, ""model_5"": 0, ""model_6"": 1}",False,,2.7169327729889403,0.7865408840245032,4.0121393017069655,2.138164486722892
60,steady,8,3,steady_r8_s3,73,1787645236.5554056,True,model_5,False,0.0,False,False,2+2,"{""model_3"": 1, ""model_4"": 0, ""model_5"": 0, ""model_6"": 1}",False,,2.6203015894379624,0.802738160648409,4.299868991773706,2.014739297428625
60,steady,8,3,steady_r8_s3,74,1787645241.6059926,True,model_5,False,0.0,False,False,2+2,"{""model_3"": 1, ""model_4"": 0, ""model_5"": 0, ""model_6"": 1}",False,,2.387490459676886,0.7975544315004213,4.246281127682353,1.8943722293200609
60,steady,8,3,steady_r8_s3,75,1787645246.697543,True,model_5,False,0.0,False,False,2+2,"{""model_3"": 1, ""model_4"": 0, ""model_5"": 0, ""model_6"": 1}",False,,2.3262066829784693,0.8025381628054877,4.213650893606926,1.9447310524207846
60,steady,8,3,steady_r8_s3,76,1787645251.7593186,True,model_5,False,0.0,False,False,2+2,"{""model_3"": 1, ""model_4"": 0, ""model_5"": 0, ""model_6"": 1}",False,,2.1778147958906215,0.7742814880416042,4.007682489247884,2.005691673107287
60,steady,8,3,steady_r8_s3,77,1787645256.8215609,True,model_5,False,0.0,False,False,2+2,"{""model_3"": 1, ""model_4"": 0, ""model_5"": 0, ""model_6"": 1}",False,,2.2297995717371752,0.8025380640114186,3.9540946251565297,2.0099222681368984
60,steady,8,3,steady_r8_s3,78,1787645261.8811715,True,model_5,False,0.0,False,False,2+2,"{""model_3"": 1, ""model_4"": 0, ""model_5"": 0, ""model_6"": 1}",False,,2.0647167951251117,0.7439790357612965,3.8503676209004944,2.1722862249571118
60,steady,8,3,steady_r8_s3,79,1787645266.9676845,True,model_5,False,0.0,False,False,2+2,"{""model_3"": 1, ""model_4"": 0, ""model_5"": 0, ""model_6"": 1}",False,,1.9660688450205972,0.7617759436745257,3.904486057903644,2.0778124044810733
60,steady,8,3,steady_r8_s3,80,1787645272.3176394,True,model_5,False,0.0,False,False,2+2,"{""model_3"": 1, ""model_4"": 0, ""model_5"": 0, ""model_6"": 1}",False,,1.9029364393140404,0.7762809940485651,3.6286942583523043,2.126234378828113
60,steady,8,3,steady_r8_s3,81,1787645277.3946128,True,model_5,False,0.0,False,False,2+2,"{""model_3"": 1, ""model_4"": 0, ""model_5"": 0, ""model_6"": 1}",False,,2.0505442090139616,0.7518083670836626,3.6702911746370783,2.169457362245259
60,steady,8,3,steady_r8_s3,82,1787645282.453263,True,model_5,False,0.0,False,False,2+2,"{""model_3"": 1, ""model_4"": 0, ""model_5"": 0, ""model_6"": 1}",False,,2.0755842960475377,0.6730221349636429,3.6390934874234975,2.133395733981543
60,steady,8,3,steady_r8_s3,83,1787645287.5125728,True,model_5,False,0.0,False,False,2+2,"{""model_3"": 1, ""model_4"": 0, ""model_5"": 0, ""model_6"": 1}",False,,2.1367535451411337,0.6720530770765465,3.6480071123416615,2.110945761284842
60,steady,8,3,steady_r8_s3,84,1787645292.5817783,True,model_5,False,0.0,False,False,2+2,"{""model_3"": 1, ""model_4"": 0, ""model_5"": 0, ""model_6"": 1}",False,,2.102694554069253,0.6113406001770798,3.5990882898741092,2.0044683200090287
60,steady,8,3,steady_r8_s3,85,1787645297.6386228,True,model_5,False,0.0,False,False,2+2,"{""model_3"": 1, ""model_4"": 0, ""model_5"": 0, ""model_6"": 1}",False,,1.99575604427284,0.5943588287537327,3.267692449166594,1.960684558022583
60,steady,8,3,steady_r8_s3,86,1787645302.722034,True,model_5,False,0.0,False,False,2+2,"{""model_3"": 1, ""model_4"": 0, ""model_5"": 0, ""model_6"": 1}",False,,1.8436109459977943,0.5293855055959433,3.079498237352701,1.797706201319229
60,steady,8,4,steady_r8_s4,1,1787646079.3656638,True,model_3,True,0.2592418493771615,False,False,2+2,"{""model_3"": 1, ""model_4"": 0, ""model_5"": 0, ""model_6"": 1}",False,,0.0014004519355214013,0.0,0.0,0.0001783979464395331
60,steady,8,4,steady_r8_s4,2,1787646084.3727486,True,model_3,True,0.4800401719857063,True,False,2+2,"{""model_3"": 1, ""model_4"": 0, ""model_5"": 0, ""model_6"": 0}",True,model_6,0.19197396485505075,0.009198427469533643,0.05974249633440473,0.05644997749322288
60,steady,8,4,steady_r8_s4,3,1787646090.5736876,True,model_3,True,0.46574278646689327,True,True,3+1,"{""model_3"": 1, ""model_4"": 0, ""model_5"": 0, ""model_6"": 0}",False,,0.49968125059403606,0.03181004393405386,0.09836852811808205,0.17880451158885352
60,steady,8,4,steady_r8_s4,4,1787646095.5849433,True,model_3,True,0.42642210194118874,True,True,3+1,"{""model_3"": 1, ""model_4"": 1, ""model_5"": 0, ""model_6"": 0}",False,,0.7721531791690797,0.09750656252828492,0.31505419502421284,0.3129085939280976
60,steady,8,4,steady_r8_s4,5,1787646100.5939307,True,model_3,True,0.3496000097074385,True,True,3+1,"{""model_3"": 1, ""model_4"": 1, ""model_5"": 0, ""model_6"": 0}",False,,1.121201819578434,0.1295011736390998,0.5249488389305428,0.3552398703345509
60,steady,8,4,steady_r8_s4,6,1787646105.6124427,True,model_3,True,0.3253110431551205,True,True,3+1,"{""model_3"": 1, ""model_4"": 1, ""model_5"": 0, ""model_6"": 0}",False,,1.4867197747495193,0.16532597486501524,0.770391867927176,0.4940074797130236
60,steady,8,4,steady_r8_s4,7,1787646110.6411939,True,model_3,True,0.21795901852492908,True,True,3+1,"{""model_3"": 1, ""model_4"": 1, ""model_5"": 0, ""model_6"": 0}",False,,1.7445149670402984,0.22774615055337372,1.026552469742081,0.6064997785224531
60,steady,8,4,steady_r8_s4,8,1787646115.6515577,True,model_3,True,0.17310339181362466,True,True,3+1,"{""model_3"": 1, ""model_4"": 1, ""model_5"": 0, ""model_6"": 0}",True,model_4,2.023148884131637,0.2699698427858256,1.2423364729693405,0.7772258949662194
60,steady,8,4,steady_r8_s4,9,1787646120.6587257,True,model_3,True,0.16082749711771813,True,True,2+2,"{""model_3"": 1, ""model_4"": 1, ""model_5"": 0, ""model_6"": 0}",False,,2.2416193860729767,0.29388754163549946,1.3852197581158898,0.9162227601328403
60,steady,8,4,steady_r8_s4,10,1787646125.681907,True,model_3,True,0.14727708084366092,True,True,2+2,"{""model_3"": 1, ""model_4"": 1, ""model_5"": 0, ""model_6"": 0}",False,,2.5711177174624513,0.33083499991397325,1.6114029904143443,1.0836867722428942
60,steady,8,4,steady_r8_s4,11,1787646130.6943793,True,model_3,True,0.13435981561772628,True,True,2+2,"{""model_3"": 1, ""model_4"": 1, ""model_5"": 0, ""model_6"": 0}",False,,2.8437577002697587,0.36161429330811273,1.7872879106745774,1.3124173393336975
60,steady,8,4,steady_r8_s4,12,1787646135.7063649,True,model_3,True,0.14973697460712895,True,True,2+2,"{""model_3"": 1, ""model_4"": 1, ""model_5"": 0, ""model_6"": 0}",False,,3.1171819361609563,0.40131509844411484,1.897010388833903,1.501747593626722
60,steady,8,4,steady_r8_s4,13,1787646140.7198682,True,model_3,True,0.16686161031471433,True,True,2+2,"{""model_3"": 1, ""model_4"": 1, ""model_5"": 0, ""model_6"": 0}",False,,3.4620292207637475,0.4504604208613508,2.0674304081026413,1.6098563311177092
60,steady,8,4,steady_r8_s4,14,1787646145.7340195,True,model_3,True,0.0855248967365366,True,True,2+2,"{""model_3"": 1, ""model_4"": 1, ""model_5"": 0, ""model_6"": 0}",False,,3.5546831208178418,0.4976521671291172,2.408854076843095,1.638502156188045
60,steady,8,4,steady_r8_s4,15,1787646150.7719843,True,model_3,True,0.0757607444876256,True,True,2+2,"{""model_3"": 1, ""model_4"": 1, ""model_5"": 0, ""model_6"": 0}",False,,3.6215126871809242,0.4983443726498691,2.483293456368014,1.708051562594033
60,steady,8,4,steady_r8_s4,16,1787646155.8042285,True,model_3,True,0.16567968468907718,True,True,2+2,"{""model_3"": 1, ""model_4"": 1, ""model_5"": 0, ""model_6"": 0}",False,,3.949106403938089,0.4537215276768587,2.4089601914254537,1.667122124179278
60,steady,8,4,steady_r8_s4,17,1787646160.8286765,True,model_3,True,0.16596726195636252,True,True,2+2,"{""model_3"": 1, ""model_4"": 1, ""model_5"": 0, ""model_6"": 0}",False,,4.1102704126778935,0.4637813475074878,2.5077528676017904,1.7295866496608054
60,steady,8,4,steady_r8_s4,18,1787646165.8458445,True,model_3,True,0.17950812015001763,True,True,2+2,"{""model_3"": 1, ""model_4"": 1, ""model_5"": 0, ""model_6"": 0}",False,,4.057613419902288,0.4605818937017709,2.417714644470081,1.7424056467206142
60,steady,8,4,steady_r8_s4,19,1787646170.8629694,True,model_3,True,0.18852290199711608,True,True,2+2,"{""model_3"": 1, ""model_4"": 1, ""model_5"": 0, ""model_6"": 0}",False,,4.116488419271608,0.43880111705795416,2.419571649661365,1.7718921160917465
60,steady,8,4,steady_r8_s4,20,1787646175.8771145,True,model_3,True,0.19003985510856353,True,True,2+2,"{""model_3"": 1, ""model_4"": 1, ""model_5"": 0, ""model_6"": 0}",False,,4.030052525811227,0.41743561023024967,2.3554253846252804,1.7627428311966955
60,steady,8,4,steady_r8_s4,21,1787646180.895487,True,model_3,True,0.26735214782148764,True,True,2+2,"{""model_3"": 1, ""model_4"": 1, ""model_5"": 0, ""model_6"": 0}",False,,4.2017479331061525,0.41689729269566833,2.204212104763541,1.806679286797054
60,steady,8,4,steady_r8_s4,22,1787646185.910833,True,model_3,True,0.34961672864362464,True,True,2+2,"{""model_3"": 1, ""model_4"": 1, ""model_5"": 0, ""model_6"": 0}",False,,4.41226386805373,0.4402624844572502,2.107966178563824,1.7630738702588928
60,steady,8,4,steady_r8_s4,23,1787646190.9254189,True,model_3,True,0.4032303120207358,True,True,2+2,"{""model_3"": 1, ""model_4"": 1, ""model_5"": 0, ""model_6"": 0}",False,,4.618186320652795,0.4201276152968055,2.1086559233491577,1.701526923174375
60,steady,8,4,steady_r8_s4,24,1787646195.9484522,True,model_3,True,0.3822778793364797,True,True,2+2,"{""model_3"": 1, ""model_4"": 1, ""model_5"": 0, ""model_6"": 0}",False,,4.826797640968062,0.4229887119394152,2.305074015295881,1.673212992602135
60,steady,8,4,steady_r8_s4,25,1787646200.9690251,True,model_3,True,0.3989551838351817,True,True,2+2,"{""model_3"": 1, ""model_4"": 1, ""model_5"": 0, ""model_6"": 0}",False,,5.07714242896187,0.43558657370857756,2.371873144890943,1.7672537434268354
60,steady,8,4,steady_r8_s4,26,1787646205.991339,True,model_3,True,0.423520610676089,True,True,2+2,"{""model_3"": 1, ""model_4"": 1, ""model_5"": 0, ""model_6"": 0}",False,,4.972612696494553,0.4174512641055163,2.1343356522800647,1.7388119137495661
60,steady,8,4,steady_r8_s4,27,1787646211.0353165,True,model_3,True,0.42155927682812083,True,True,2+2,"{""model_3"": 1, ""model_4"": 1, ""model_5"": 0, ""model_6"": 0}",False,,4.978606630778583,0.43597109318799093,2.162243787440511,1.7540521407571423
60,steady,8,4,steady_r8_s4,28,1787646216.0662522,True,model_3,True,0.4011634123793165,True,True,2+2,"{""model_3"": 1, ""model_4"": 1, ""model_5"": 0, ""model_6"": 0}",False,,4.7170582273006065,0.4803478465546958,2.1273851471355414,1.819116019068917
60,steady,8,4,steady_r8_s4,29,1787646221.107468,True,model_3,True,0.3069467905012566,True,True,2+2,"{""model_3"": 1, ""model_4"": 1, ""model_5"": 0, ""model_6"": 0}",False,,4.353108778297305,0.5366917013394137,2.170414610282163,1.8357834381502915
60,steady,8,4,steady_r8_s4,30,1787646226.1279445,True,model_3,True,0.36102756758307725,True,True,2+2,"{""model_3"": 1, ""model_4"": 1, ""model_5"": 0, ""model_6"": 0}",False,,4.643170383182497,0.5221097282784433,2.1852706518124387,1.8523234001490523
60,steady,8,4,steady_r8_s4,31,1787646231.1684783,True,model_3,True,0.3857739906924081,True,True,2+2,"{""model_3"": 1, ""model_4"": 1, ""model_5"": 0, ""model_6"": 0}",False,,4.738457132875375,0.5356304602927555,2.17078601132042,1.8537505599727857
60,steady,8,4,steady_r8_s4,32,1787646236.1938305,True,model_3,True,0.41832211914687667,True,True,2+2,"{""model_3"": 1, ""model_4"": 1, ""model_5"": 0, ""model_6"": 0}",False,,4.881639338763083,0.5520583883272112,2.0741686840824447,1.859408186577351
60,steady,8,4,steady_r8_s4,33,1787646241.219487,True,model_3,True,0.40472881447534853,True,True,2+2,"{""model_3"": 1, ""model_4"": 1, ""model_5"": 0, ""model_6"": 0}",False,,4.911440955950977,0.6054182649389528,2.1320541887593425,1.8671812596077175
60,steady,8,4,steady_r8_s4,34,1787646246.2416134,True,model_3,True,0.387160227218878,True,True,2+2,"{""model_3"": 1, ""model_4"": 1, ""model_5"": 0, ""model_6"": 0}",False,,4.722155872345902,0.5868214733890668,2.1625090738964086,1.8391729715934424
60,steady,8,4,steady_r8_s4,35,1787646251.277443,True,model_3,True,0.3559234440665063,True,True,2+2,"{""model_3"": 1, ""model_4"": 1, ""model_5"": 0, ""model_6"": 0}",False,,4.585135654974491,0.5930972557480554,2.1707860113204203,1.8349679096394393
60,steady,8,4,steady_r8_s4,36,1787646256.3046763,True,model_3,True,0.40038136061525315,True,True,2+2,"{""model_3"": 1, ""model_4"": 1, ""model_5"": 0, ""model_6"": 0}",False,,4.533038842973095,0.6103403690077737,1.9716619975235403,1.7671258810799475
60,steady,8,4,steady_r8_s4,37,1787646261.333301,True,model_3,True,0.3993610493046616,True,True,2+2,"{""model_3"": 1, ""model_4"": 1, ""model_5"": 0, ""model_6"": 0}",False,,4.215136253609735,0.5846986226335806,1.8834277222919356,1.6599347031445333
60,steady,8,4,steady_r8_s4,38,1787646266.3586826,True,model_3,True,0.3470740753055489,True,True,2+2,"{""model_3"": 1, ""model_4"": 1, ""model_5"": 0, ""model_6"": 0}",False,,4.319834040309316,0.5769923127227605,2.0733197674235724,1.7197998294435677
60,steady,8,4,steady_r8_s4,39,1787646271.3998096,True,model_3,True,0.3416575135015231,True,True,2+2,"{""model_3"": 1, ""model_4"": 1, ""model_5"": 0, ""model_6"": 0}",False,,4.421954995447537,0.5531657536747699,2.1421350740834595,1.749286371753021
60,steady,8,4,steady_r8_s4,40,1787646276.4296038,True,model_3,True,0.3672304068139129,True,True,2+2,"{""model_3"": 1, ""model_4"": 1, ""model_5"": 0, ""model_6"": 0}",False,,4.624516363401352,0.5784383007755691,2.214558276543555,1.6971690558930346
60,steady,8,4,steady_r8_s4,41,1787646281.4565146,True,model_3,True,0.3660762634322051,True,True,2+2,"{""model_3"": 1, ""model_4"": 1, ""model_5"": 0, ""model_6"": 0}",False,,4.714425377661827,0.5271088716698031,2.2151949640377095,1.8504375221289757
60,steady,8,4,steady_r8_s4,42,1787646286.4831705,True,model_3,True,0.35670563969111546,True,True,2+2,"{""model_3"": 1, ""model_4"": 1, ""model_5"": 0, ""model_6"": 0}",False,,4.628997809595021,0.5059740938791254,2.1585297770579417,1.9340546595125525
60,steady,8,4,steady_r8_s4,43,1787646291.514872,True,model_3,True,0.34835502232166604,True,True,2+2,"{""model_3"": 1, ""model_4"": 1, ""model_5"": 0, ""model_6"": 0}",False,,4.449515889538597,0.583375845448697,2.0571903509049867,1.971823732018089
60,steady,8,4,steady_r8_s4,44,1787646296.558224,True,model_3,True,0.31085090929167697,True,True,2+2,"{""model_3"": 1, ""model_4"": 1, ""model_5"": 0, ""model_6"": 0}",False,,4.465425023526121,0.6642847303354691,2.162296844731691,2.029446061441992
60,steady,8,4,steady_r8_s4,45,1787646301.591162,True,model_3,True,0.2938923402164933,True,True,2+2,"{""model_3"": 1, ""model_4"": 1, ""model_5"": 0, ""model_6"": 0}",False,,4.443353901022304,0.6504563811180931,2.2061221672460056,2.0198636444251115
60,steady,8,4,steady_r8_s4,46,1787646306.6356359,True,model_3,True,0.2283205649294462,True,True,2+2,"{""model_3"": 1, ""model_4"": 1, ""model_5"": 0, ""model_6"": 0}",False,,4.316472955664064,0.6694068655212729,2.3468831607453717,2.0116575380459683
60,steady,8,4,steady_r8_s4,47,1787646311.7163455,True,model_3,True,0.27820723295555744,True,True,2+2,"{""model_3"": 1, ""model_4"": 1, ""model_5"": 0, ""model_6"": 0}",False,,4.428901237047723,0.7349338618507418,2.2607711771609496,1.9833178144323915
60,steady,8,4,steady_r8_s4,48,1787646316.7515144,True,model_3,True,0.27520999441658983,True,True,2+2,"{""model_3"": 1, ""model_4"": 1, ""model_5"": 0, ""model_6"": 0}",False,,4.419098073499073,0.7231513110550852,2.2632648698463895,1.9862231389099907
60,steady,8,4,steady_r8_s4,49,1787646321.7814944,True,model_3,True,0.328543137989023,True,True,2+2,"{""model_3"": 1, ""model_4"": 1, ""model_5"": 0, ""model_6"": 0}",False,,4.6348797077242105,0.7218131465876755,2.2141338182141186,2.0301342204308934
60,steady,8,4,steady_r8_s4,50,1787646326.813396,True,model_3,True,0.39141501014513486,True,True,2+2,"{""model_3"": 1, ""model_4"": 1, ""model_5"": 0, ""model_6"": 0}",False,,4.516625546288784,0.7069234173863789,1.9613732941091961,2.002274124499694
60,steady,8,4,steady_r8_s4,51,1787646331.8562982,True,model_3,True,0.39974637016421405,True,True,2+2,"{""model_3"": 1, ""model_4"": 1, ""model_5"": 0, ""model_6"": 0}",False,,4.42929336358967,0.7131069225835223,1.8708574418476231,1.9891492209266812
60,steady,8,4,steady_r8_s4,52,1787646336.8915253,True,model_3,True,0.392644735876983,True,True,2+2,"{""model_3"": 1, ""model_4"": 1, ""model_5"": 0, ""model_6"": 0}",False,,4.545979018857312,0.6461802379678158,1.6933275893486477,2.021872281485417
60,steady,8,4,steady_r8_s4,53,1787646341.92655,True,model_3,True,0.38104492767275405,True,True,2+2,"{""model_3"": 1, ""model_4"": 1, ""model_5"": 0, ""model_6"": 0}",False,,4.4019005237308715,0.6406580884067294,1.6071622823562908,1.8702350460302175
60,steady,8,4,steady_r8_s4,54,1787646346.964679,True,model_3,True,0.39567098212927254,True,True,2+2,"{""model_3"": 1, ""model_4"": 1, ""model_5"": 0, ""model_6"": 0}",False,,4.264152071352985,0.6480567504532486,1.6515712104930511,1.8060122168962502
60,steady,8,4,steady_r8_s4,55,1787646352.000965,True,model_3,True,0.42109408304098594,True,True,2+2,"{""model_3"": 1, ""model_4"": 1, ""model_5"": 0, ""model_6"": 0}",False,,4.410975452273049,0.5541194293240032,1.6773570778393383,1.8022658851967692
60,steady,8,4,steady_r8_s4,56,1787646357.041239,True,model_3,True,0.4486851817186245,True,True,2+2,"{""model_3"": 1, ""model_4"": 1, ""model_5"": 0, ""model_6"": 0}",False,,4.39663482445331,0.47014954352496585,1.6870135346629385,1.8192645467175452
60,steady,8,4,steady_r8_s4,57,1787646362.079176,True,model_3,True,0.4269702750304523,True,True,2+2,"{""model_3"": 1, ""model_4"": 1, ""model_5"": 0, ""model_6"": 0}",False,,4.318321552218952,0.42964893503161783,1.527841427085207,1.7658729486875218
60,steady,8,4,steady_r8_s4,58,1787646367.142833,True,model_3,True,0.4328355295347961,True,True,2+2,"{""model_3"": 1, ""model_4"": 1, ""model_5"": 0, ""model_6"": 0}",False,,4.33378254158711,0.39670087455058417,1.5147895494238557,1.9685061687050491
60,steady,8,4,steady_r8_s4,59,1787646372.1852775,True,model_3,True,0.4273053800429739,True,True,2+2,"{""model_3"": 1, ""model_4"": 1, ""model_5"": 0, ""model_6"": 0}",False,,4.3151845398833855,0.3244366259082573,1.531767915745002,1.9814017050311548
60,steady,8,4,steady_r8_s4,60,1787646377.2407792,True,model_3,True,0.4343302466618361,True,True,2+2,"{""model_3"": 1, ""model_4"": 1, ""model_5"": 0, ""model_6"": 0}",False,,4.406269933769697,0.33006643359397625,1.65592209795891,1.9687355359519558
60,steady,8,4,steady_r8_s4,61,1787646382.2891319,True,model_3,True,0.3977222613194939,True,True,2+2,"{""model_3"": 1, ""model_4"": 1, ""model_5"": 0, ""model_6"": 0}",False,,4.321010419935154,0.32780526728216414,1.7383201731637905,1.9795157965565864
60,steady,8,4,steady_r8_s4,62,1787646387.3323917,True,model_3,True,0.3653941017339848,True,True,2+2,"{""model_3"": 1, ""model_4"": 1, ""model_5"": 0, ""model_6"": 0}",False,,4.28409450691481,0.3495245225962548,1.909854557416771,1.957522026103169
60,steady,8,4,steady_r8_s4,63,1787646392.3876393,True,model_3,True,0.3233972007400515,True,True,2+2,"{""model_3"": 1, ""model_4"": 1, ""model_5"": 0, ""model_6"": 0}",False,,4.3329422704257965,0.36262992946846423,2.068597668508592,1.9442486729914352
60,steady,8,4,steady_r8_s4,64,1787646397.4544973,True,model_3,True,0.26266363459407466,True,True,2+2,"{""model_3"": 1, ""model_4"": 1, ""model_5"": 0, ""model_6"": 0}",False,,4.2208500975066645,0.3950549769104896,2.1714226988145744,1.9899693748206562
60,steady,8,4,steady_r8_s4,65,1787646402.4975247,True,model_3,True,0.3052525487455663,True,True,2+2,"{""model_3"": 1, ""model_4"": 1, ""model_5"": 0, ""model_6"": 0}",False,,4.451140413783804,0.37628910534110305,2.199118604810304,1.9495752383980058
60,steady,8,4,steady_r8_s4,66,1787646407.5391712,True,model_3,True,0.34660314723503566,True,True,2+2,"{""model_3"": 1, ""model_4"": 1, ""model_5"": 0, ""model_6"": 0}",False,,4.404981517989017,0.42669563208581357,2.089449183942157,1.8238817248444132
60,steady,8,4,steady_r8_s4,67,1787646412.5953891,True,model_3,True,0.35678067268942365,True,True,2+2,"{""model_3"": 1, ""model_4"": 1, ""model_5"": 0, ""model_6"": 0}",False,,4.382630305098095,0.46479663257486425,2.051088762419338,1.8107822498540471
60,steady,8,4,steady_r8_s4,68,1787646417.869308,True,model_3,True,0.32762680075725975,True,True,2+2,"{""model_3"": 1, ""model_4"": 1, ""model_5"": 0, ""model_6"": 0}",False,,4.264152071352985,0.4869157941821697,2.0461013770484597,1.8501824851476358
60,steady,8,4,steady_r8_s4,69,1787646422.913383,True,model_3,True,0.3211248242809967,True,True,2+2,"{""model_3"": 1, ""model_4"": 1, ""model_5"": 0, ""model_6"": 0}",False,,4.356469862942557,0.47667146449230374,2.114120824340652,1.8787515565603017
60,steady,8,4,steady_r8_s4,70,1787646427.9704926,True,model_3,True,0.3519457847873358,True,True,2+2,"{""model_3"": 1, ""model_4"": 1, ""model_5"": 0, ""model_6"": 0}",False,,4.565753400186876,0.4882694898475756,2.180866896644535,1.807112511103213
60,steady,8,4,steady_r8_s4,71,1787646433.0168393,True,model_3,True,0.39605417061990345,True,True,2+2,"{""model_3"": 1, ""model_4"": 1, ""model_5"": 0, ""model_6"": 0}",False,,4.803662174993249,0.5284163603120073,2.193547589236451,1.8210529723144324
60,steady,8,4,steady_r8_s4,72,1787646438.0796201,True,model_3,True,0.4156126232170146,True,True,2+2,"{""model_3"": 1, ""model_4"": 1, ""model_5"": 0, ""model_6"": 0}",False,,4.786744715612152,0.49445308400594545,2.142347303248177,1.7853225559344787
60,steady,8,4,steady_r8_s4,73,1787646443.1279447,True,model_3,True,0.37435859053632364,True,True,2+2,"{""model_3"": 1, ""model_4"": 1, ""model_5"": 0, ""model_6"": 0}",False,,4.783271594812058,0.5320157228677155,2.2133910161376043,1.9016374448853473
60,steady,8,4,steady_r8_s4,74,1787646448.179432,True,model_3,True,0.42051391634526386,True,True,2+2,"{""model_3"": 1, ""model_4"": 1, ""model_5"": 0, ""model_6"": 0}",False,,4.952110080158519,0.5765002738296924,2.1111496160345973,1.917285294577494
60,steady,8,4,steady_r8_s4,75,1787646453.234894,True,model_3,True,0.41160124371251183,True,True,2+2,"{""model_3"": 1, ""model_4"": 1, ""model_5"": 0, ""model_6"": 0}",False,,5.072268856226254,0.558718813133819,2.1651619384553866,1.8804336405479387
60,steady,8,4,steady_r8_s4,76,1787646458.3178356,True,model_3,True,0.4235685445766218,True,True,2+2,"{""model_3"": 1, ""model_4"": 1, ""model_5"": 0, ""model_6"": 0}",False,,5.075237814329561,0.5396144738139902,2.093587652654163,1.9163168348600128
60,steady,8,4,steady_r8_s4,77,1787646463.4224827,True,model_3,True,0.40191914397981016,True,True,2+2,"{""model_3"": 1, ""model_4"": 1, ""model_5"": 0, ""model_6"": 0}",False,,5.00975268182458,0.48345507812048544,2.2166275108995572,2.0341354118885935
60,steady,8,4,steady_r8_s4,78,1787646468.4922366,True,model_3,True,0.402890701005924,True,True,2+2,"{""model_3"": 1, ""model_4"": 1, ""model_5"": 0, ""model_6"": 0}",False,,5.08834604444604,0.4713495325855356,2.233552786785837,2.1034808734150596
60,steady,8,4,steady_r8_s4,79,1787646473.5487473,True,model_3,True,0.3492454287646984,True,True,2+2,"{""model_3"": 1, ""model_4"": 1, ""model_5"": 0, ""model_6"": 0}",False,,5.059832843038825,0.4709495945319997,2.386410842674142,2.1080429047954596
60,steady,8,4,steady_r8_s4,80,1787646478.826919,True,model_3,True,0.380002678780597,True,True,2+2,"{""model_3"": 1, ""model_4"": 1, ""model_5"": 0, ""model_6"": 0}",False,,5.1080644076981825,0.4389552223235128,2.3764360719323854,1.9513594010541189
60,steady,8,4,steady_r8_s4,81,1787646483.8892298,True,model_3,True,0.39947164213342795,True,True,2+2,"{""model_3"": 1, ""model_4"": 1, ""model_5"": 0, ""model_6"": 0}",False,,4.969811792623508,0.4514452985550103,2.25838359905787,1.8862953561747964
60,steady,8,4,steady_r8_s4,82,1787646488.9466038,True,model_3,True,0.2855719366553882,True,True,2+2,"{""model_3"": 1, ""model_4"": 1, ""model_5"": 0, ""model_6"": 0}",False,,4.560263628599631,0.4618279739613888,2.364975697037601,1.8602750028288653
60,steady,8,4,steady_r8_s4,83,1787646494.023285,True,model_3,True,0.23995854846869719,True,True,2+2,"{""model_3"": 1, ""model_4"": 1, ""model_5"": 0, ""model_6"": 0}",False,,4.615609489091435,0.46261246766715935,2.5610754452372455,1.851126001422301
60,steady,8,4,steady_r8_s4,84,1787646499.0884027,True,model_3,True,0.1701186941649512,True,True,2+2,"{""model_3"": 1, ""model_4"": 1, ""model_5"": 0, ""model_6"": 0}",False,,4.5444665307669485,0.45013771293472604,2.792086891033039,1.782163089154797
60,steady,8,4,steady_r8_s4,85,1787646504.14659,True,model_3,True,0.15588482450891936,True,True,2+2,"{""model_3"": 1, ""model_4"": 1, ""model_5"": 0, ""model_6"": 0}",False,,4.2465063769654146,0.41986601547630714,2.6707448661053914,1.6314175340154606
60,steady,8,4,steady_r8_s4,86,1787646509.204462,True,model_3,True,0.11800006801271436,True,True,2+2,"{""model_3"": 1, ""model_4"": 1, ""model_5"": 0, ""model_6"": 0}",False,,3.7324844985516403,0.3423563903937882,2.465731492987581,1.4745044503092286
60,steady,10,3,steady_r10_s3,1,1787647278.4219513,True,model_5,False,0.0,False,False,2+2,"{""model_3"": 1, ""model_4"": 1, ""model_5"": 0, ""model_6"": 1}",True,model_4,0.000392126541945993,0.0001076838557838314,0.027271447666292598,0.00017839713238593225
60,steady,10,3,steady_r10_s3,2,1787647283.424766,True,model_5,False,0.0,False,False,1+3,"{""model_3"": 1, ""model_4"": 1, ""model_5"": 0, ""model_6"": 1}",False,,0.09573501311592039,0.03184069087191532,0.298500320176191,0.10856716353599134
60,steady,10,3,steady_r10_s3,3,1787647288.4501312,True,model_5,False,0.0,False,False,1+3,"{""model_3"": 1, ""model_4"": 1, ""model_5"": 0, ""model_6"": 1}",False,,0.23768470249669205,0.05409846773952193,0.7579234044999803,0.2352291361650946
60,steady,10,3,steady_r10_s3,4,1787647293.5054328,True,model_5,False,0.0,False,False,1+3,"{""model_3"": 1, ""model_4"": 1, ""model_5"": 0, ""model_6"": 1}",False,,0.4450076070312805,0.121794511622896,1.1886424942956286,0.38824280098933717
60,steady,10,3,steady_r10_s3,5,1787647298.51414,True,model_5,False,0.0,False,False,1+3,"{""model_3"": 1, ""model_4"": 1, ""model_5"": 0, ""model_6"": 1}",False,,0.8355096247320681,0.18502987321755915,1.505288408055228,0.5291766007437381
60,steady,10,3,steady_r10_s3,6,1787647303.569563,True,model_5,False,0.0,False,False,1+3,"{""model_3"": 1, ""model_4"": 0, ""model_5"": 0, ""model_6"": 1}",False,,1.1103903306362088,0.24308148828781506,1.9203555969529071,0.7073442711387157
60,steady,10,3,steady_r10_s3,7,1787647308.6100972,True,model_5,False,0.0,False,False,1+3,"{""model_3"": 1, ""model_4"": 0, ""model_5"": 0, ""model_6"": 1}",True,model_4,1.4780929908267082,0.27707581520566116,2.3764891292235637,0.908193897339062
60,steady,10,3,steady_r10_s3,8,1787647314.2377117,True,model_5,False,0.0,False,False,2+2,"{""model_3"": 1, ""model_4"": 0, ""model_5"": 0, ""model_6"": 1}",False,,1.7708994815055228,0.3825802919738066,2.7624278652636653,1.1895513975222185
60,steady,10,3,steady_r10_s3,9,1787647319.2508683,True,model_5,False,0.0,False,False,2+2,"{""model_3"": 1, ""model_4"": 0, ""model_5"": 0, ""model_6"": 1}",False,,1.9428749791875508,0.44987633497294566,3.0797635238086,1.3782698822306678
60,steady,10,3,steady_r10_s3,10,1787647324.2859037,True,model_5,False,0.0,False,False,2+2,"{""model_3"": 1, ""model_4"": 0, ""model_5"": 0, ""model_6"": 1}",False,,2.3201567306170165,0.5383686687493334,3.391899567817937,1.694542255993292
60,steady,10,3,steady_r10_s3,11,1787647329.3264625,True,model_5,False,0.0,False,False,2+2,"{""model_3"": 1, ""model_4"": 0, ""model_5"": 0, ""model_6"": 1}",False,,2.444460844413896,0.6127097230795462,3.944756541908927,1.979263674380026
60,steady,10,3,steady_r10_s3,12,1787647334.341315,True,model_5,False,0.0,False,False,2+2,"{""model_3"": 1, ""model_4"": 0, ""model_5"": 0, ""model_6"": 1}",False,,2.6136914563023024,0.6804364522057624,4.241665143349731,2.275759318880801
60,steady,10,3,steady_r10_s3,13,1787647339.3649673,True,model_5,False,0.0,False,False,2+2,"{""model_3"": 1, ""model_4"": 0, ""model_5"": 0, ""model_6"": 1}",False,,2.811883414217291,0.7896328274897437,4.4759130839074786,2.5065285027668907
60,steady,10,3,steady_r10_s3,14,1787647344.3817222,True,model_5,False,0.0,False,False,2+2,"{""model_3"": 1, ""model_4"": 0, ""model_5"": 0, ""model_6"": 1}",False,,3.1929743949113756,0.8205197512606466,4.52377076055144,2.608291451223565
60,steady,10,3,steady_r10_s3,15,1787647349.3987656,True,model_5,False,0.0,False,False,2+2,"{""model_3"": 1, ""model_4"": 0, ""model_5"": 0, ""model_6"": 1}",False,,3.374865092296895,0.8214580783164576,4.60160580671185,2.6625242300758876
60,steady,10,3,steady_r10_s3,16,1787647354.4389193,True,model_5,False,0.0,False,False,2+2,"{""model_3"": 1, ""model_4"": 0, ""model_5"": 0, ""model_6"": 1}",False,,3.440742351343822,0.8079527485631752,4.60282612440898,2.758935019576075
60,steady,10,3,steady_r10_s3,17,1787647359.4797637,True,model_5,False,0.0,False,False,2+2,"{""model_3"": 1, ""model_4"": 0, ""model_5"": 0, ""model_6"": 1}",False,,3.280082505300808,0.7666523171321207,4.7010882276735195,2.9015504014802223
60,steady,10,3,steady_r10_s3,18,1787647364.500209,True,model_5,False,0.0,False,False,2+2,"{""model_3"": 1, ""model_4"": 0, ""model_5"": 0, ""model_6"": 1}",False,,3.1641250850396356,0.7750816257666471,4.737061071093261,3.008766794165587
60,steady,10,3,steady_r10_s3,19,1787647369.5215724,True,model_5,False,0.0,False,False,2+2,"{""model_3"": 1, ""model_4"": 0, ""model_5"": 0, ""model_6"": 1}",False,,3.0814460703542896,0.7864949615456776,4.598793770279336,3.0855246611422564
60,steady,10,3,steady_r10_s3,20,1787647374.540887,True,model_5,False,0.0,False,False,2+2,"{""model_3"": 1, ""model_4"": 0, ""model_5"": 0, ""model_6"": 1}",False,,2.950755767252015,0.7821111916592827,4.805717205879609,3.025455927702273
60,steady,10,3,steady_r10_s3,21,1787647379.565178,True,model_5,False,0.0,False,False,2+2,"{""model_3"": 1, ""model_4"": 0, ""model_5"": 0, ""model_6"": 1}",False,,3.0705748957468044,0.76380677497357,5.0005435790909445,3.0454145216586634
60,steady,10,3,steady_r10_s3,22,1787647384.593878,True,model_5,False,0.0,False,False,2+2,"{""model_3"": 1, ""model_4"": 0, ""model_5"": 0, ""model_6"": 1}",False,,2.849306951846854,0.7194453904348435,5.23012247802489,3.037765303286283
60,steady,10,3,steady_r10_s3,23,1787647389.6185133,True,model_5,False,0.0,False,False,2+2,"{""model_3"": 1, ""model_4"": 0, ""model_5"": 0, ""model_6"": 1}",False,,2.777099552941651,0.7057708109568681,5.1037930677263645,2.936257553905096
60,steady,10,3,steady_r10_s3,24,1787647394.6418686,True,model_5,False,0.0,False,False,2+2,"{""model_3"": 1, ""model_4"": 0, ""model_5"": 0, ""model_6"": 1}",False,,2.9926537500543926,0.7036326955827845,5.030786235063295,2.881748122874865
60,steady,10,3,steady_r10_s3,25,1787647399.665931,True,model_5,False,0.0,False,False,2+2,"{""model_3"": 1, ""model_4"": 0, ""model_5"": 0, ""model_6"": 1}",False,,2.9691261575376346,0.6538106266665276,4.995078678099451,2.794257208355403
60,steady,10,3,steady_r10_s3,26,1787647404.689397,True,model_5,False,0.0,False,False,2+2,"{""model_3"": 1, ""model_4"": 0, ""model_5"": 0, ""model_6"": 1}",False,,2.662374391853709,0.6455659054142737,4.970353980409775,2.8161965427740974
60,steady,10,3,steady_r10_s3,27,1787647409.7172084,True,model_5,False,0.0,False,False,2+2,"{""model_3"": 1, ""model_4"": 0, ""model_5"": 0, ""model_6"": 1}",False,,2.5298915435093097,0.6461964673255314,4.715466753583184,2.8468298128610128
60,steady,10,3,steady_r10_s3,28,1787647414.7451854,True,model_5,False,0.0,False,False,2+2,"{""model_3"": 1, ""model_4"": 0, ""model_5"": 0, ""model_6"": 1}",False,,2.3459280468264274,0.6237234775140932,4.72262948789242,2.8941304362231732
60,steady,10,3,steady_r10_s3,29,1787647419.7749972,True,model_5,False,0.0,False,False,2+2,"{""model_3"": 1, ""model_4"": 0, ""model_5"": 0, ""model_6"": 1}",False,,2.4248575473419756,0.6750837274067067,4.728041331592737,2.804447842682526
60,steady,10,3,steady_r10_s3,30,1787647424.804877,True,model_5,False,0.0,False,False,2+2,"{""model_3"": 1, ""model_4"": 0, ""model_5"": 0, ""model_6"": 1}",False,,2.3381974587222696,0.6957569582520753,4.5271664271869305,2.666139392797591
60,steady,10,3,steady_r10_s3,31,1787647429.8358514,True,model_5,False,0.0,False,False,2+2,"{""model_3"": 1, ""model_4"": 0, ""model_5"": 0, ""model_6"": 1}",False,,2.2522096489972165,0.7057244730663514,4.599059056735232,2.688464471496541
60,steady,10,3,steady_r10_s3,32,1787647434.8682194,True,model_5,False,0.0,False,False,2+2,"{""model_3"": 1, ""model_4"": 0, ""model_5"": 0, ""model_6"": 1}",False,,2.522945221703023,0.714215181263745,4.298383387620678,2.6517402267417607
60,steady,10,3,steady_r10_s3,33,1787647439.9032462,True,model_5,False,0.0,False,False,2+2,"{""model_3"": 1, ""model_4"": 0, ""model_5"": 0, ""model_6"": 1}",False,,2.5468089555250657,0.7180145200495969,4.307031726082948,2.687241179513037
60,steady,10,3,steady_r10_s3,34,1787647444.940332,True,model_5,False,0.0,False,False,2+2,"{""model_3"": 1, ""model_4"": 0, ""model_5"": 0, ""model_6"": 1}",False,,2.672566455671623,0.7399182886037545,4.06333958769524,2.5860423996240676
60,steady,10,3,steady_r10_s3,35,1787647449.990556,True,model_5,False,0.0,False,False,2+2,"{""model_3"": 1, ""model_4"": 0, ""model_5"": 0, ""model_6"": 1}",False,,2.7003514220723663,0.698663973402609,4.083978873964086,2.562111763477889
60,steady,10,3,steady_r10_s3,36,1787647455.0394459,True,model_5,False,0.0,False,False,2+2,"{""model_3"": 1, ""model_4"": 0, ""model_5"": 0, ""model_6"": 1}",False,,2.5909481168694346,0.7236751434621365,4.504033448232644,2.435806729559924
60,steady,10,3,steady_r10_s3,37,1787647460.0750504,True,model_5,False,0.0,False,False,2+2,"{""model_3"": 1, ""model_4"": 0, ""model_5"": 0, ""model_6"": 1}",False,,2.5569481925145547,0.71078504852453,4.394417084655679,2.5742395825368436
60,steady,10,3,steady_r10_s3,38,1787647465.1123133,True,model_5,False,0.0,False,False,2+2,"{""model_3"": 1, ""model_4"": 0, ""model_5"": 0, ""model_6"": 1}",False,,2.781521616255188,0.6754374591562207,4.590039317234706,2.537544038946289
60,steady,10,3,steady_r10_s3,39,1787647470.1502275,True,model_5,False,0.0,False,False,2+2,"{""model_3"": 1, ""model_4"": 0, ""model_5"": 0, ""model_6"": 1}",False,,2.67245441951678,0.6880044701538481,4.532790500051962,2.454462005244385
60,steady,10,3,steady_r10_s3,40,1787647475.1898158,True,model_5,False,0.0,False,False,2+2,"{""model_3"": 1, ""model_4"": 0, ""model_5"": 0, ""model_6"": 1}",False,,2.6724544195167805,0.7245672034917789,4.26331251815099,2.3047106210019828
60,steady,10,3,steady_r10_s3,41,1787647480.2285142,True,model_5,False,0.0,False,False,2+2,"{""model_3"": 1, ""model_4"": 0, ""model_5"": 0, ""model_6"": 1}",False,,2.558065505423393,0.7030633899304863,4.572530411145454,2.287660890112615
60,steady,10,3,steady_r10_s3,42,1787647485.2679565,True,model_5,False,0.0,False,False,2+2,"{""model_3"": 1, ""model_4"": 0, ""model_5"": 0, ""model_6"": 1}",False,,2.4739823712146873,0.6853587954793228,4.5759791350721235,2.3445184359540274
60,steady,10,3,steady_r10_s3,43,1787647490.3515234,True,model_5,False,0.0,False,False,2+2,"{""model_3"": 1, ""model_4"": 0, ""model_5"": 0, ""model_6"": 1}",False,,2.5420443352810276,0.6499957980535711,4.7029452328648045,2.2540967905466123
60,steady,10,3,steady_r10_s3,44,1787647495.4080856,True,model_5,False,0.0,False,False,2+2,"{""model_3"": 1, ""model_4"": 1, ""model_5"": 0, ""model_6"": 1}",True,model_4,2.1877886301952336,0.6192474131691483,4.921912673562837,2.223588032515316
60,steady,10,3,steady_r10_s3,45,1787647500.446166,True,model_5,False,0.0,False,False,1+3,"{""model_3"": 1, ""model_4"": 1, ""model_5"": 0, ""model_6"": 1}",False,,2.1052739132019944,0.5976053582101417,4.943029475452304,2.165175840302993
60,steady,10,3,steady_r10_s3,46,1787647505.4893935,True,model_5,False,0.0,False,False,1+3,"{""model_3"": 1, ""model_4"": 1, ""model_5"": 0, ""model_6"": 1}",False,,2.002424637012622,0.6234623345078965,5.1911253690079135,2.1573008981591855
60,steady,10,3,steady_r10_s3,47,1787647510.8342903,True,model_5,False,0.0,False,False,1+3,"{""model_3"": 1, ""model_4"": 1, ""model_5"": 0, ""model_6"": 1}",False,,2.1076827091495147,0.6467660318320338,5.109735484338474,2.208781102464984
60,steady,10,3,steady_r10_s3,48,1787647515.8784738,True,model_5,False,0.0,False,False,1+3,"{""model_3"": 1, ""model_4"": 1, ""model_5"": 0, ""model_6"": 1}",False,,2.172663749983214,0.6888202838604909,4.937193173422552,2.2573305030603055
60,steady,10,3,steady_r10_s3,49,1787647520.9247017,True,model_5,False,0.0,False,False,1+3,"{""model_3"": 1, ""model_4"": 1, ""model_5"": 0, ""model_6"": 1}",False,,2.1277372331718682,0.7143081446021236,4.995874537467143,2.3032294376913667
60,steady,10,3,steady_r10_s3,50,1787647526.0079806,True,model_5,False,0.0,False,False,1+3,"{""model_3"": 1, ""model_4"": 1, ""model_5"": 0, ""model_6"": 1}",False,,2.017605665735737,0.7472716468330636,5.125281270654084,2.464551068015973
60,steady,10,3,steady_r10_s3,51,1787647531.0834973,True,model_5,False,0.0,False,False,1+3,"{""model_3"": 1, ""model_4"": 1, ""model_5"": 0, ""model_6"": 1}",False,,2.1499205040715577,0.771129121406565,5.121726432145055,2.5499266543646986
60,steady,10,3,steady_r10_s3,52,1787647536.150197,True,model_5,False,0.0,False,False,1+3,"{""model_3"": 1, ""model_4"": 1, ""model_5"": 0, ""model_6"": 1}",False,,2.324416978381406,0.7870033804327594,5.5199214024476335,2.6081604498294273
60,steady,10,3,steady_r10_s3,53,1787647541.203319,True,model_5,False,0.0,False,False,1+3,"{""model_3"": 1, ""model_4"": 0, ""model_5"": 0, ""model_6"": 1}",True,model_4,2.467823400343025,0.822904906782223,5.261107936073748,2.6813540868424255
60,steady,10,3,steady_r10_s3,54,1787647546.9670324,True,model_5,False,0.0,False,False,2+2,"{""model_3"": 1, ""model_4"": 0, ""model_5"": 0, ""model_6"": 1}",False,,2.702648163246623,0.807014760743413,5.416247455482779,2.6881618583312568
60,steady,10,3,steady_r10_s3,55,1787647552.0176575,True,model_5,False,0.0,False,False,2+2,"{""model_3"": 1, ""model_4"": 0, ""model_5"": 0, ""model_6"": 1}",False,,2.895686458038892,0.8081837447608957,5.305145487752781,2.7874270995456025
60,steady,10,3,steady_r10_s3,56,1787647557.0699894,True,model_5,False,0.0,False,False,2+2,"{""model_3"": 1, ""model_4"": 0, ""model_5"": 0, ""model_6"": 1}",False,,3.1501205656844204,0.8320563361509894,4.894428996731828,2.801520653407414
60,steady,10,3,steady_r10_s3,57,1787647562.1226873,True,model_5,False,0.0,False,False,2+2,"{""model_3"": 1, ""model_4"": 0, ""model_5"": 0, ""model_6"": 1}",False,,3.151745089929625,0.8447463459425764,4.688460592372785,2.8411502330880616
60,steady,10,3,steady_r10_s3,58,1787647567.1753073,True,model_5,False,0.0,False,False,2+2,"{""model_3"": 1, ""model_4"": 0, ""model_5"": 0, ""model_6"": 1}",False,,3.10295334449606,0.8122750572514836,4.570620348662988,2.907998029106686
60,steady,10,3,steady_r10_s3,59,1787647572.2302864,True,model_5,False,0.0,False,False,2+2,"{""model_3"": 1, ""model_4"": 0, ""model_5"": 0, ""model_6"": 1}",False,,2.891768635068746,0.7714514066495131,4.5142735054303,2.89721415143159
60,steady,10,3,steady_r10_s3,60,1787647577.284959,True,model_5,False,0.0,False,False,2+2,"{""model_3"": 1, ""model_4"": 0, ""model_5"": 0, ""model_6"": 1}",False,,3.0334349104167773,0.7351962157251926,4.531304895898934,2.770250145917851
60,steady,10,3,steady_r10_s3,61,1787647582.3924744,True,model_5,False,0.0,False,False,2+2,"{""model_3"": 1, ""model_4"": 0, ""model_5"": 0, ""model_6"": 1}",False,,3.2836676622557417,0.7598533761112547,4.359187043312451,2.720732488921973
60,steady,10,3,steady_r10_s3,62,1787647587.4552765,True,model_5,False,0.0,False,False,2+2,"{""model_3"": 1, ""model_4"": 0, ""model_5"": 0, ""model_6"": 1}",False,,3.411612951084977,0.757069296463468,4.487373458802264,2.584641307013057
60,steady,10,3,steady_r10_s3,63,1787647592.783763,True,model_5,False,0.0,False,False,2+2,"{""model_3"": 1, ""model_4"": 0, ""model_5"": 0, ""model_6"": 1}",False,,3.3369968719603964,0.7046015640203431,4.524142161589694,2.6005950191583436
60,steady,10,3,steady_r10_s3,64,1787647597.8398561,True,model_5,False,0.0,False,False,2+2,"{""model_3"": 1, ""model_4"": 0, ""model_5"": 0, ""model_6"": 1}",False,,3.3499370478446147,0.7442869392013907,4.546426223885109,2.5964409323229423
60,steady,10,3,steady_r10_s3,65,1787647602.8988895,True,model_5,False,0.0,False,False,2+2,"{""model_3"": 1, ""model_4"": 0, ""model_5"": 0, ""model_6"": 1}",False,,3.295319422359279,0.7407491256558401,4.623200124221931,2.591955482573731
60,steady,10,3,steady_r10_s3,66,1787647607.960561,True,model_5,False,0.0,False,False,2+2,"{""model_3"": 1, ""model_4"": 0, ""model_5"": 0, ""model_6"": 1}",False,,3.178073586317428,0.7946012117869334,4.535018906281506,2.56468616035793
60,steady,10,3,steady_r10_s3,67,1787647613.0158687,True,model_5,False,0.0,False,False,2+2,"{""model_3"": 1, ""model_4"": 0, ""model_5"": 0, ""model_6"": 1}",False,,3.2255208978928933,0.7928169638123532,4.680395884113493,2.602582779393502
60,steady,10,3,steady_r10_s3,68,1787647618.0728674,True,model_5,False,0.0,False,False,2+2,"{""model_3"": 1, ""model_4"": 0, ""model_5"": 0, ""model_6"": 1}",False,,3.160371873852437,0.8722800346441932,4.800942049673447,2.6038315045072604
60,steady,10,3,steady_r10_s3,69,1787647623.1344845,True,model_5,False,0.0,False,False,2+2,"{""model_3"": 1, ""model_4"": 0, ""model_5"": 0, ""model_6"": 1}",False,,3.1601478015427538,0.9129805543969258,4.6590668530593105,2.5874954530500873
60,steady,10,3,steady_r10_s3,70,1787647628.205585,True,model_5,False,0.0,False,False,2+2,"{""model_3"": 1, ""model_4"": 0, ""model_5"": 0, ""model_6"": 1}",False,,3.2962157115980135,0.958587943832919,4.610678603503554,2.5421318011676735
60,steady,10,3,steady_r10_s3,71,1787647633.2699187,True,model_5,False,0.0,False,False,2+2,"{""model_3"": 1, ""model_4"": 0, ""model_5"": 0, ""model_6"": 1}",False,,3.113036598431814,1.0065487842242746,4.605425931676778,2.609667590694878
60,steady,10,3,steady_r10_s3,72,1787647638.336828,True,model_5,False,0.0,False,False,2+2,"{""model_3"": 1, ""model_4"": 0, ""model_5"": 0, ""model_6"": 1}",False,,3.206810860034326,1.0556786960775753,4.7188093629274945,2.6159115549551957
60,steady,10,3,steady_r10_s3,73,1787647643.400786,True,model_5,False,0.0,False,False,2+2,"{""model_3"": 1, ""model_4"": 0, ""model_5"": 0, ""model_6"": 1}",False,,3.1220555088965725,0.9881365695808781,4.473207162057321,2.636070326715946
60,steady,10,3,steady_r10_s3,74,1787647648.4632025,True,model_5,False,0.0,False,False,2+2,"{""model_3"": 1, ""model_4"": 0, ""model_5"": 0, ""model_6"": 1}",False,,2.9601632651502974,1.0687378247742625,4.388580782625924,2.7496834824263905
60,steady,10,3,steady_r10_s3,75,1787647653.7988665,True,model_5,False,0.0,False,False,2+2,"{""model_3"": 1, ""model_4"": 0, ""model_5"": 0, ""model_6"": 1}",False,,2.9395486126594226,1.0556324317373453,4.407310006412309,2.7486640554074615
60,steady,10,3,steady_r10_s3,76,1787647658.867956,True,model_5,False,0.0,False,False,2+2,"{""model_3"": 1, ""model_4"": 0, ""model_5"": 0, ""model_6"": 1}",False,,2.9356833653173844,1.021992223814415,4.570779520536528,2.7460900410873856
60,steady,10,3,steady_r10_s3,77,1787647663.9520147,True,model_5,False,0.0,False,False,2+2,"{""model_3"": 1, ""model_4"": 0, ""model_5"": 0, ""model_6"": 1}",False,,2.948903631588706,0.9290238103448645,4.417603120901145,2.7567683754497043
60,steady,10,3,steady_r10_s3,78,1787647669.0291576,True,model_5,False,0.0,False,False,2+2,"{""model_3"": 1, ""model_4"": 0, ""model_5"": 0, ""model_6"": 1}",False,,2.8223587946949915,0.918210326951558,4.443707308161486,2.725421404222302
60,steady,10,3,steady_r10_s3,79,1787647674.0953119,True,model_5,False,0.0,False,False,2+2,"{""model_3"": 1, ""model_4"": 0, ""model_5"": 0, ""model_6"": 1}",False,,2.719901731092247,0.8852007038612428,4.412509620947907,2.692443395840048
60,steady,10,3,steady_r10_s3,80,1787647679.2007282,True,model_5,False,0.0,False,False,2+2,"{""model_3"": 1, ""model_4"": 0, ""model_5"": 0, ""model_6"": 1}",False,,2.7011916932336804,0.8033535015687545,4.467795318357007,2.6786558553986946
60,steady,10,3,steady_r10_s3,81,1787647684.2712464,True,model_5,False,0.0,False,False,2+2,"{""model_3"": 1, ""model_4"": 0, ""model_5"": 0, ""model_6"": 1}",False,,2.646745271600895,0.7609301766620515,4.532047697975453,2.6487329672823132
60,steady,10,3,steady_r10_s3,82,1787647689.3386707,True,model_5,False,0.0,False,False,2+2,"{""model_3"": 1, ""model_4"": 0, ""model_5"": 0, ""model_6"": 1}",False,,2.600754386184414,0.7671137060193953,4.520162864751232,2.6311481450194405
60,steady,10,3,steady_r10_s3,83,1787647694.423642,True,model_5,False,0.0,False,False,2+2,"{""model_3"": 1, ""model_4"": 0, ""model_5"": 0, ""model_6"": 1}",False,,2.6782802995685495,0.7032941285002563,4.597997910911642,2.557447943188711
60,steady,10,3,steady_r10_s3,84,1787647699.4983106,True,model_5,False,0.0,False,False,2+2,"{""model_3"": 1, ""model_4"": 0, ""model_5"": 0, ""model_6"": 1}",False,,2.5300035038116127,0.6742068384054822,4.414684969886271,2.648223262289187
60,steady,10,3,steady_r10_s3,85,1787647704.582709,True,model_5,False,0.0,False,False,2+2,"{""model_3"": 1, ""model_4"": 0, ""model_5"": 0, ""model_6"": 1}",False,,2.27943436260268,0.593267078996687,4.231690372607975,2.4426337533115237
60,steady,10,3,steady_r10_s3,86,1787647709.6537163,True,model_5,False,0.0,False,False,2+2,"{""model_3"": 1, ""model_4"": 0, ""model_5"": 0, ""model_6"": 1}",False,,2.0095949649263747,0.5007446371480369,3.804738350486075,2.178784963619478
60,steady,10,4,steady_r10_s4,1,1787648482.4203866,True,model_3,False,0.0,False,False,2+2,"{""model_3"": 1, ""model_4"": 0, ""model_5"": 0, ""model_6"": 1}",False,,0.0014004519355214017,0.0001076739804159577,0.0013264322794889394,0.0001783979464395333
60,steady,10,4,steady_r10_s4,2,1787648487.4312818,True,model_3,True,0.37746269770707364,True,False,2+2,"{""model_3"": 1, ""model_4"": 0, ""model_5"": 0, ""model_6"": 0}",True,model_6,0.2740965581588224,0.02302665132246,0.02573288653476095,0.10999439018603312
60,steady,10,4,steady_r10_s4,3,1787648493.3556237,True,model_3,True,0.13988709245163392,True,True,3+1,"{""model_3"": 1, ""model_4"": 1, ""model_5"": 0, ""model_6"": 0}",False,,0.5891981383125641,0.04928418510089828,0.29287698751807806,0.3707594120003764
60,steady,10,4,steady_r10_s4,4,1787648498.376596,True,model_3,True,0.2947772193551946,True,True,3+1,"{""model_3"": 1, ""model_4"": 1, ""model_5"": 0, ""model_6"": 0}",False,,0.9355579110057171,0.10533615103992168,0.42705914203500894,0.475478302838261
60,steady,10,4,steady_r10_s4,5,1787648503.3945985,True,model_3,True,0.28875180699773073,True,True,3+1,"{""model_3"": 1, ""model_4"": 1, ""model_5"": 0, ""model_6"": 0}",False,,1.1940813383029674,0.1346850690690982,0.5884584164724733,0.5688065742426583
60,steady,10,4,steady_r10_s4,6,1787648508.404988,True,model_3,True,0.15023834080075513,True,True,3+1,"{""model_3"": 1, ""model_4"": 1, ""model_5"": 0, ""model_6"": 0}",False,,1.3530046239459363,0.21102594763108243,0.7811112109143064,0.809258617587294
60,steady,10,4,steady_r10_s4,7,1787648513.4134426,True,model_3,True,0.20885971729215752,True,True,3+1,"{""model_3"": 1, ""model_4"": 1, ""model_5"": 0, ""model_6"": 0}",False,,1.7375127073626926,0.2564951702791704,0.9294597237549926,0.9546009963773777
60,steady,10,4,steady_r10_s4,8,1787648518.4457448,True,model_3,True,0.1776204387761683,True,True,3+1,"{""model_3"": 1, ""model_4"": 1, ""model_5"": 0, ""model_6"": 0}",True,model_4,2.1489094679414587,0.3002571405442148,1.2084859211967833,1.1907754740479934
60,steady,10,4,steady_r10_s4,9,1787648523.461328,True,model_3,True,0.12545499228393459,True,True,2+2,"{""model_3"": 1, ""model_4"": 1, ""model_5"": 0, ""model_6"": 0}",False,,2.4002625813288407,0.32175961993714003,1.4353621497693245,1.4858919959630141
60,steady,10,4,steady_r10_s4,10,1787648528.4751282,True,model_3,True,0.07994174090644601,True,True,2+2,"{""model_3"": 1, ""model_4"": 1, ""model_5"": 0, ""model_6"": 0}",False,,2.7618592710804672,0.3588301428082695,1.6672231784096025,1.8499997578030862
60,steady,10,4,steady_r10_s4,11,1787648533.490219,True,model_3,True,0.1105167500578794,True,True,2+2,"{""model_3"": 1, ""model_4"": 1, ""model_5"": 0, ""model_6"": 0}",False,,3.21879872860239,0.39840794556305487,1.8539322320024647,2.06351517942387
60,steady,10,4,steady_r10_s4,12,1787648538.5048368,True,model_3,True,0.1068354840478712,True,True,2+2,"{""model_3"": 1, ""model_4"": 1, ""model_5"": 0, ""model_6"": 0}",False,,3.5817398522121158,0.42786442020104076,2.0278545117107662,2.3185970432341363
60,steady,10,4,steady_r10_s4,13,1787648543.5209265,True,model_3,True,0.1472661204638612,True,True,2+2,"{""model_3"": 1, ""model_4"": 1, ""model_5"": 0, ""model_6"": 0}",False,,4.06287911917985,0.4853929263842512,2.2788159349511226,2.46172220530412
60,steady,10,4,steady_r10_s4,14,1787648548.538364,True,model_3,True,0.12359717162215217,True,True,2+2,"{""model_3"": 1, ""model_4"": 1, ""model_5"": 0, ""model_6"": 0}",False,,4.215136253609735,0.5176027032698506,2.5545493984221603,2.5065563895277925
60,steady,10,4,steady_r10_s4,15,1787648553.5723915,True,model_3,True,0.1648662718372905,True,True,2+2,"{""model_3"": 1, ""model_4"": 1, ""model_5"": 0, ""model_6"": 0}",False,,4.443297882944883,0.5430906045868336,2.5396402996007046,2.5113476056652813
60,steady,10,4,steady_r10_s4,16,1787648558.5913668,True,model_3,True,0.14167858200852682,True,True,2+2,"{""model_3"": 1, ""model_4"": 1, ""model_5"": 0, ""model_6"": 0}",False,,4.468225927397165,0.5277086953732005,2.67334467337319,2.4625179574997613
60,steady,10,4,steady_r10_s4,17,1787648563.6111872,True,model_3,True,0.14227908228136094,True,True,2+2,"{""model_3"": 1, ""model_4"": 1, ""model_5"": 0, ""model_6"": 0}",False,,4.659135535247441,0.5459517033144722,2.7990904534687404,2.51244375526693
60,steady,10,4,steady_r10_s4,18,1787648568.6514487,True,model_3,True,0.18107517160121467,True,True,2+2,"{""model_3"": 1, ""model_4"": 1, ""model_5"": 0, ""model_6"": 0}",False,,4.9715483530235565,0.5166800065346476,2.8524130311041955,2.498299483724852
60,steady,10,4,steady_r10_s4,19,1787648573.671218,True,model_3,True,0.14459663307723386,True,True,2+2,"{""model_3"": 1, ""model_4"": 1, ""model_5"": 0, ""model_6"": 0}",False,,4.9140177875123365,0.5333232234867142,2.953699399965972,2.6007249287785292
60,steady,10,4,steady_r10_s4,20,1787648578.6973963,True,model_3,True,0.15842283524099596,True,True,2+2,"{""model_3"": 1, ""model_4"": 1, ""model_5"": 0, ""model_6"": 0}",False,,4.932111626519274,0.5261860194949022,2.8950180359213813,2.6214953669210472
60,steady,10,4,steady_r10_s4,21,1787648583.719172,True,model_3,True,0.2329059656774071,True,True,2+2,"{""model_3"": 1, ""model_4"": 1, ""model_5"": 0, ""model_6"": 0}",False,,5.367148015769642,0.524847918289525,2.905151978536676,2.478471994417661
60,steady,10,4,steady_r10_s4,22,1787648588.7412548,True,model_3,True,0.24025273042103795,True,True,2+2,"{""model_3"": 1, ""model_4"": 1, ""model_5"": 0, ""model_6"": 0}",False,,5.470501368611121,0.5224483691509225,2.9733305977024074,2.3854508017698026
60,steady,10,4,steady_r10_s4,23,1787648593.7642229,True,model_3,True,0.2555737952161262,True,True,2+2,"{""model_3"": 1, ""model_4"": 1, ""model_5"": 0, ""model_6"": 0}",False,,5.564611738678158,0.5415527364812514,2.9755590039319504,2.3725552532220915
60,steady,10,4,steady_r10_s4,24,1787648598.7879446,True,model_3,True,0.25364539399489217,True,True,2+2,"{""model_3"": 1, ""model_4"": 1, ""model_5"": 0, ""model_6"": 0}",False,,5.5512794362519955,0.5412912400555497,2.975824290387847,2.3693695936851995
60,steady,10,4,steady_r10_s4,25,1787648603.8131871,True,model_3,True,0.19764568675270008,True,True,2+2,"{""model_3"": 1, ""model_4"": 1, ""model_5"": 0, ""model_6"": 0}",False,,5.538171206135514,0.5281858434953436,3.1840741582676118,2.479797532737839
60,steady,10,4,steady_r10_s4,26,1787648608.8411276,True,model_3,True,0.2584977403679836,True,True,2+2,"{""model_3"": 1, ""model_4"": 1, ""model_5"": 0, ""model_6"": 0}",False,,5.69827087140432,0.5156034820689861,3.008454524463275,2.5084173093093227
60,steady,10,4,steady_r10_s4,27,1787648613.8820388,True,model_3,True,0.26032323877978697,True,True,2+2,"{""model_3"": 1, ""model_4"": 1, ""model_5"": 0, ""model_6"": 0}",False,,5.60197579631787,0.5210178888597403,2.9513648791540716,2.4611420553050705
60,steady,10,4,steady_r10_s4,28,1787648618.9304664,True,model_3,True,0.27747601202660066,True,True,2+2,"{""model_3"": 1, ""model_4"": 1, ""model_5"": 0, ""model_6"": 0}",False,,5.687795490926621,0.5223407584324065,2.9118371972253003,2.531277498973603
60,steady,10,4,steady_r10_s4,29,1787648624.0044563,True,model_3,True,0.33202436104395,True,True,2+2,"{""model_3"": 1, ""model_4"": 1, ""model_5"": 0, ""model_6"": 0}",False,,5.9878843316701476,0.5006369609685567,2.857241244601536,2.5923656523226435
60,steady,10,4,steady_r10_s4,30,1787648629.0364676,True,model_3,True,0.3543609737782815,True,True,2+2,"{""model_3"": 1, ""model_4"": 1, ""model_5"": 0, ""model_6"": 0}",False,,6.190053573082016,0.5219563554398282,2.895707780706716,2.5868863593241103
60,steady,10,4,steady_r10_s4,31,1787648634.0643497,True,model_3,True,0.40240746541249356,True,True,2+2,"{""model_3"": 1, ""model_4"": 1, ""model_5"": 0, ""model_6"": 0}",False,,6.180194391455947,0.5021905900132035,2.7296915166058797,2.5169036034262224
60,steady,10,4,steady_r10_s4,32,1787648639.1056237,True,model_3,True,0.4285778652480593,True,True,2+2,"{""model_3"": 1, ""model_4"": 1, ""model_5"": 0, ""model_6"": 0}",False,,6.408187966558831,0.5381689582707102,2.7304873759735737,2.610358120944964
60,steady,10,4,steady_r10_s4,33,1787648644.139751,True,model_3,True,0.43422477581824903,True,True,2+2,"{""model_3"": 1, ""model_4"": 1, ""model_5"": 0, ""model_6"": 0}",False,,6.287581045871726,0.542183603653755,2.657798887057579,2.5628534824412794
60,steady,10,4,steady_r10_s4,34,1787648649.1731284,True,model_3,True,0.4696166420082755,True,True,2+2,"{""model_3"": 1, ""model_4"": 1, ""model_5"": 0, ""model_6"": 0}",False,,6.320631711550031,0.5606265309609341,2.521447263699969,2.525002080200802
60,steady,10,4,steady_r10_s4,35,1787648654.2059605,True,model_3,True,0.46725522984978246,True,True,2+2,"{""model_3"": 1, ""model_4"": 1, ""model_5"": 0, ""model_6"": 0}",False,,6.1967197242950975,0.5548428946396273,2.4973592448381914,2.5404716267421983
60,steady,10,4,steady_r10_s4,36,1787648659.247118,True,model_3,True,0.4505722698649162,True,True,2+2,"{""model_3"": 1, ""model_4"": 1, ""model_5"": 0, ""model_6"": 0}",False,,6.328362206234111,0.5808229894327362,2.4633439148845,2.4380773465598207
60,steady,10,4,steady_r10_s4,37,1787648664.3027222,True,model_3,True,0.45811049320468195,True,True,2+2,"{""model_3"": 1, ""model_4"": 1, ""model_5"": 0, ""model_6"": 0}",False,,5.917973771048918,0.5645180396319575,2.2478303160272146,2.3498164740631484
60,steady,10,4,steady_r10_s4,38,1787648669.3416798,True,model_3,True,0.44677325892196246,True,True,2+2,"{""model_3"": 1, ""model_4"": 1, ""model_5"": 0, ""model_6"": 0}",False,,5.977633023502129,0.5691326317674181,2.4469492119100176,2.3072104230540567
60,steady,10,4,steady_r10_s4,39,1787648674.3772895,True,model_3,True,0.4413577516319635,True,True,2+2,"{""model_3"": 1, ""model_4"": 1, ""model_5"": 0, ""model_6"": 0}",False,,6.206242797456644,0.5921132808394998,2.43103202455615,2.364781650088485
60,steady,10,4,steady_r10_s4,40,1787648679.44315,True,model_3,True,0.43220746535842824,True,True,2+2,"{""model_3"": 1, ""model_4"": 1, ""model_5"": 0, ""model_6"": 0}",False,,6.366454498880292,0.601450150324265,2.3533613976145586,2.3625590988913165
60,steady,10,4,steady_r10_s4,41,1787648684.4852607,True,model_3,True,0.4395858634936784,True,True,2+2,"{""model_3"": 1, ""model_4"": 1, ""model_5"": 0, ""model_6"": 0}",False,,6.312565108401429,0.5956972980395366,2.5436726537303507,2.386316833211907
60,steady,10,4,steady_r10_s4,42,1787648689.5282948,True,model_3,True,0.43086184148167445,True,True,2+2,"{""model_3"": 1, ""model_4"": 1, ""model_5"": 0, ""model_6"": 0}",False,,6.038916800200546,0.5679943876356983,2.6081903198046925,2.354536761068714
60,steady,10,4,steady_r10_s4,43,1787648694.5721,True,model_3,True,0.39288702890557153,True,True,2+2,"{""model_3"": 1, ""model_4"": 1, ""model_5"": 0, ""model_6"": 0}",False,,5.956402172159627,0.5850990548712443,2.7055504491191815,2.3235212830593412
60,steady,10,4,steady_r10_s4,44,1787648699.6158836,True,model_3,True,0.3394681623634161,True,True,2+2,"{""model_3"": 1, ""model_4"": 1, ""model_5"": 0, ""model_6"": 0}",False,,5.7437575502700575,0.5922515846453161,2.7937847243507847,2.2638603419548398
60,steady,10,4,steady_r10_s4,45,1787648704.669372,True,model_3,True,0.3113640162902593,True,True,2+2,"{""model_3"": 1, ""model_4"": 1, ""model_5"": 0, ""model_6"": 0}",False,,5.580296800355999,0.6063875186589194,2.774790214108504,2.32566212188587
60,steady,10,4,steady_r10_s4,46,1787648709.7179997,True,model_3,True,0.3098144743575163,True,True,2+2,"{""model_3"": 1, ""model_4"": 1, ""model_5"": 0, ""model_6"": 0}",False,,5.61771687607313,0.592651478105099,2.8192522241169726,2.2853954301197326
60,steady,10,4,steady_r10_s4,47,1787648715.0286505,True,model_3,True,0.3326906530772774,True,True,2+2,"{""model_3"": 1, ""model_4"": 1, ""model_5"": 0, ""model_6"": 0}",False,,5.846606740414746,0.6255380814235706,2.852678317560094,2.3518101025808935
60,steady,10,4,steady_r10_s4,48,1787648720.0777974,True,model_3,True,0.3497432089238362,True,True,2+2,"{""model_3"": 1, ""model_4"": 1, ""model_5"": 0, ""model_6"": 0}",False,,5.965477100701806,0.6074182181950113,2.847213416568601,2.389910588145364
60,steady,10,4,steady_r10_s4,49,1787648725.1548371,True,model_3,True,0.363359782936725,True,True,2+2,"{""model_3"": 1, ""model_4"": 1, ""model_5"": 0, ""model_6"": 0}",False,,5.8306415883498035,0.6182162846077743,2.7189739437876095,2.369522225567287
60,steady,10,4,steady_r10_s4,50,1787648730.227887,True,model_3,True,0.3771244777117593,True,True,2+2,"{""model_3"": 1, ""model_4"": 1, ""model_5"": 0, ""model_6"": 0}",False,,5.648078674035233,0.5740086041811694,2.509291529045998,2.490526099984167
60,steady,10,4,steady_r10_s4,51,1787648735.2721164,True,model_3,True,0.33048420302180326,True,True,2+2,"{""model_3"": 1, ""model_4"": 1, ""model_5"": 0, ""model_6"": 0}",False,,5.404736145719035,0.5604878294480126,2.5262168049322753,2.5004398917991506
60,steady,10,4,steady_r10_s4,52,1787648740.3237765,True,model_3,True,0.28822549913865825,True,True,2+2,"{""model_3"": 1, ""model_4"": 1, ""model_5"": 0, ""model_6"": 0}",False,,5.199934054668384,0.544736687956114,2.545264372465737,2.5334943189011048
60,steady,10,4,steady_r10_s4,53,1787648745.3775592,True,model_3,True,0.26066602253392807,True,True,2+2,"{""model_3"": 1, ""model_4"": 1, ""model_5"": 0, ""model_6"": 0}",False,,5.004711054856703,0.5577651148240419,2.404933451082703,2.6356845194582696
60,steady,10,4,steady_r10_s4,54,1787648750.428697,True,model_3,True,0.23993639497217176,True,True,2+2,"{""model_3"": 1, ""model_4"": 1, ""model_5"": 0, ""model_6"": 0}",False,,4.892114719240782,0.5395836571442884,2.511154225863959,2.602349812907782
60,steady,10,4,steady_r10_s4,55,1787648755.4786804,True,model_3,True,0.23267506700256102,True,True,2+2,"{""model_3"": 1, ""model_4"": 1, ""model_5"": 0, ""model_6"": 0}",False,,4.940458320054979,0.5029285642970569,2.528238766724043,2.667923360273534
60,steady,10,4,steady_r10_s4,56,1787648760.5433688,True,model_3,True,0.26590045476167073,True,True,2+2,"{""model_3"": 1, ""model_4"": 1, ""model_5"": 0, ""model_6"": 0}",False,,5.107448208846552,0.48268601048847193,2.541874459379187,2.62740181331996
60,steady,10,4,steady_r10_s4,57,1787648765.5994396,True,model_3,True,0.2606125312355968,True,True,2+2,"{""model_3"": 1, ""model_4"": 1, ""model_5"": 0, ""model_6"": 0}",False,,5.204807627404001,0.4883312019008567,2.6366820851681148,2.603731846324143
60,steady,10,4,steady_r10_s4,58,1787648770.652311,True,model_3,True,0.27183298800316996,True,True,2+2,"{""model_3"": 1, ""model_4"": 1, ""model_5"": 0, ""model_6"": 0}",False,,5.316003511084398,0.4823015227532166,2.653554303763214,2.636174624369903
60,steady,10,4,steady_r10_s4,59,1787648775.7044284,True,model_3,True,0.20318621837629042,True,True,2+2,"{""model_3"": 1, ""model_4"": 1, ""model_5"": 0, ""model_6"": 0}",False,,4.956591526352187,0.4904999804958154,2.692869756527267,2.6690761618782175
60,steady,10,4,steady_r10_s4,60,1787648780.763588,True,model_3,True,0.22191072280731472,True,True,2+2,"{""model_3"": 1, ""model_4"": 1, ""model_5"": 0, ""model_6"": 0}",False,,5.315443330310191,0.5023441596688315,2.86159194247826,2.661175909300753
60,steady,10,4,steady_r10_s4,61,1787648785.8181214,True,model_3,True,0.20894383972849512,True,True,2+2,"{""model_3"": 1, ""model_4"": 1, ""model_5"": 0, ""model_6"": 0}",False,,5.472686073630533,0.5415065642085286,3.0497861542921503,2.5981510203074505
60,steady,10,4,steady_r10_s4,62,1787648790.8684924,True,model_3,True,0.21216107600625658,True,True,2+2,"{""model_3"": 1, ""model_4"": 1, ""model_5"": 0, ""model_6"": 0}",False,,5.567524678704045,0.5836991882746462,3.1132426745429016,2.5575785258889328
60,steady,10,4,steady_r10_s4,63,1787648796.143994,True,model_3,True,0.23259153090549273,True,True,2+2,"{""model_3"": 1, ""model_4"": 1, ""model_5"": 0, ""model_6"": 0}",False,,5.591276343530487,0.5910056054206968,3.0795512946438826,2.41728203045715
60,steady,10,4,steady_r10_s4,64,1787648801.2048297,True,model_3,True,0.18762076507860173,True,True,2+2,"{""model_3"": 1, ""model_4"": 1, ""model_5"": 0, ""model_6"": 0}",False,,5.50125529311517,0.6661308591744878,3.2390945692208115,2.3633043841595858
60,steady,10,4,steady_r10_s4,65,1787648806.2605076,True,model_3,True,0.23855330516506057,True,True,2+2,"{""model_3"": 1, ""model_4"": 1, ""model_5"": 0, ""model_6"": 0}",False,,5.51951718635437,0.6898190157091395,3.036150430459005,2.3160799418318434
60,steady,10,4,steady_r10_s4,66,1787648811.3404386,True,model_3,True,0.24386806691298019,True,True,2+2,"{""model_3"": 1, ""model_4"": 1, ""model_5"": 0, ""model_6"": 0}",False,,5.5196852405866315,0.6986174719419593,2.997630837062645,2.3653684286979844
60,steady,10,4,steady_r10_s4,67,1787648816.3960419,True,model_3,True,0.28729554098770294,True,True,2+2,"{""model_3"": 1, ""model_4"": 1, ""model_5"": 0, ""model_6"": 0}",False,,5.830305479885278,0.7238131406391809,3.0379013210679293,2.3156212087241785
60,steady,10,4,steady_r10_s4,68,1787648821.4555092,True,model_3,True,0.27163542025804455,True,True,2+2,"{""model_3"": 1, ""model_4"": 1, ""model_5"": 0, ""model_6"": 0}",False,,5.590324036214332,0.7552075627818334,2.9218650252582377,2.3822650858819845
60,steady,10,4,steady_r10_s4,69,1787648826.5163293,True,model_3,True,0.33962130598523277,True,True,2+2,"{""model_3"": 1, ""model_4"": 1, ""model_5"": 0, ""model_6"": 0}",False,,5.816525032839747,0.7289353148263344,2.7931480368566306,2.388738206435505
60,steady,10,4,steady_r10_s4,70,1787648831.5871863,True,model_3,True,0.3981234858713535,True,True,2+2,"{""model_3"": 1, ""model_4"": 1, ""model_5"": 0, ""model_6"": 0}",False,,5.98020985506349,0.7471936968287878,2.7082563709693384,2.305452223474578
60,steady,10,4,steady_r10_s4,71,1787648836.7010624,True,model_3,True,0.3956213950688057,True,True,2+2,"{""model_3"": 1, ""model_4"": 1, ""model_5"": 0, ""model_6"": 0}",False,,6.034603408239142,0.7541463387386639,2.744123099806719,2.252723221106704
60,steady,10,4,steady_r10_s4,72,1787648841.7673352,True,model_3,True,0.38088008504877346,True,True,2+2,"{""model_3"": 1, ""model_4"": 1, ""model_5"": 0, ""model_6"": 0}",False,,5.949511948636861,0.7470398688073961,2.776488047426249,2.2423762332477177
60,steady,10,4,steady_r10_s4,73,1787648846.8331914,True,model_3,True,0.4073441559143752,True,True,2+2,"{""model_3"": 1, ""model_4"": 1, ""model_5"": 0, ""model_6"": 0}",False,,5.95937113026293,0.7262281387545321,2.636841257041654,2.2705882845470544
60,steady,10,4,steady_r10_s4,74,1787648851.9181337,True,model_3,True,0.418895612905657,True,True,2+2,"{""model_3"": 1, ""model_4"": 1, ""model_5"": 0, ""model_6"": 0}",False,,6.110339848912139,0.7151839663342195,2.5585817525518064,2.360831570845548
60,steady,10,4,steady_r10_s4,75,1787648857.3478425,True,model_3,True,0.42544039097716574,True,True,2+2,"{""model_3"": 1, ""model_4"": 1, ""model_5"": 0, ""model_6"": 0}",False,,6.436813204120887,0.711600074009623,2.3788821113599923,2.4760194303613248
60,steady,10,4,steady_r10_s4,76,1787648862.418817,True,model_3,True,0.42947334158299894,True,True,2+2,"{""model_3"": 1, ""model_4"": 1, ""model_5"": 0, ""model_6"": 0}",False,,6.656067959146119,0.6689614649937419,2.3790414365847896,2.6108618862929975
60,steady,10,4,steady_r10_s4,77,1787648867.4885817,True,model_3,True,0.4289172814855144,True,True,2+2,"{""model_3"": 1, ""model_4"": 1, ""model_5"": 0, ""model_6"": 0}",False,,6.655787868759013,0.6392897481654165,2.3388770037818922,2.5935828870260025
60,steady,10,4,steady_r10_s4,78,1787648872.5580332,True,model_3,True,0.44443493188567657,True,True,2+2,"{""model_3"": 1, ""model_4"": 1, ""model_5"": 0, ""model_6"": 0}",False,,6.879075925358547,0.6351674589943328,2.4864295387614725,2.635378696462393
60,steady,10,4,steady_r10_s4,79,1787648877.626582,True,model_3,True,0.4731591396619068,True,True,2+2,"{""model_3"": 1, ""model_4"": 1, ""model_5"": 0, ""model_6"": 0}",False,,6.404098646907106,0.6186009979786943,2.52335746470748,2.645114061831114
60,steady,10,4,steady_r10_s4,80,1787648882.6915338,True,model_3,True,0.44637129157061567,True,True,2+2,"{""model_3"": 1, ""model_4"": 1, ""model_5"": 0, ""model_6"": 0}",False,,6.750626473832523,0.5725476402430083,2.6218260436378396,2.514176561116377
60,steady,10,4,steady_r10_s4,81,1787648887.7617595,True,model_3,True,0.4592749950353831,True,True,2+2,"{""model_3"": 1, ""model_4"": 1, ""model_5"": 0, ""model_6"": 0}",False,,6.535853165000963,0.5309394943953161,2.706717709525131,2.5756981161469414
60,steady,10,4,steady_r10_s4,82,1787648892.8321424,True,model_3,True,0.4224445000464045,True,True,2+2,"{""model_3"": 1, ""model_4"": 1, ""model_5"": 0, ""model_6"": 0}",False,,6.4843725518511945,0.5292936144860445,2.786568932750365,2.6406092077416328
60,steady,10,4,steady_r10_s4,83,1787648897.9042423,True,model_3,True,0.40910558522038987,True,True,2+2,"{""model_3"": 1, ""model_4"": 1, ""model_5"": 0, ""model_6"": 0}",False,,6.294695341704177,0.537292156289293,2.6831663109628425,2.7429519352617873
60,steady,10,4,steady_r10_s4,84,1787648903.0049574,True,model_3,True,0.4064617846247904,True,True,2+2,"{""model_3"": 1, ""model_4"": 1, ""model_5"": 0, ""model_6"": 0}",False,,6.137844724925779,0.5660255308795892,2.590899568124774,2.731534543415749
60,steady,10,4,steady_r10_s4,85,1787648908.33041,True,model_3,True,0.38945724391549225,True,True,2+2,"{""model_3"": 1, ""model_4"": 1, ""model_5"": 0, ""model_6"": 0}",False,,5.743589496037794,0.5301086423158872,2.5071217866274287,2.531296936865917
60,steady,10,4,steady_r10_s4,86,1787648913.406353,True,model_3,True,0.3542598140154215,True,True,2+2,"{""model_3"": 1, ""model_4"": 1, ""model_5"": 0, ""model_6"": 0}",False,,5.193772066152093,0.4992215955323138,2.390708483259686,2.2752008518601206
60,bursty,8,3,bursty_r8_s3,1,1787649684.3412342,True,model_3,True,0.25494584342656457,False,False,2+2,"{""model_3"": 1, ""model_4"": 0, ""model_5"": 0, ""model_6"": 1}",False,,0.01742162207788623,0.00010767361690548322,0.00037140103825690306,0.00017841088084672238
60,bursty,8,3,bursty_r8_s3,2,1787649689.348341,True,model_3,True,0.0022325060784212057,True,False,2+2,"{""model_3"": 1, ""model_4"": 0, ""model_5"": 0, ""model_6"": 0}",True,model_6,0.2662540335383247,0.042054187026865475,0.00037139731378278,0.16720877877371845
60,bursty,8,3,bursty_r8_s3,3,1787649694.3530269,True,model_3,True,0.2600000006180917,True,True,3+1,"{""model_3"": 1, ""model_4"": 0, ""model_5"": 0, ""model_6"": 0}",False,,0.6177113397197797,0.1374837197237135,0.00037190522136545945,0.21876538304998835
60,bursty,8,3,bursty_r8_s3,4,1787649699.3616428,True,model_3,True,0.1956023503333624,True,True,3+1,"{""model_3"": 1, ""model_4"": 0, ""model_5"": 0, ""model_6"": 0}",False,,0.8900712321399818,0.22808329662858304,0.0003721983312306998,0.3355387969753198
60,bursty,8,3,bursty_r8_s3,5,1787649704.3784606,True,model_3,True,0.25957273944366693,True,True,3+1,"{""model_3"": 1, ""model_4"": 0, ""model_5"": 0, ""model_6"": 0}",False,,1.4179855937541292,0.3412174134278391,0.0003726030449617279,0.5087365536397793
60,bursty,8,3,bursty_r8_s3,6,1787649709.409698,True,model_3,True,0.19216447724724472,True,True,3+1,"{""model_3"": 1, ""model_4"": 0, ""model_5"": 0, ""model_6"": 0}",False,,1.7477640155307088,0.4230339344267799,0.00037297069745056977,0.6870313602355064
60,bursty,8,3,bursty_r8_s3,7,1787649714.4630475,True,model_3,True,0.08799496257961896,True,True,3+1,"{""model_3"": 1, ""model_4"": 0, ""model_5"": 0, ""model_6"": 0}",False,,1.9820316153047293,0.55371881395084,0.0003733514444700381,0.8257220888652868
60,bursty,8,3,bursty_r8_s3,8,1787649719.4724824,True,model_3,True,0.08318736694873617,True,True,3+1,"{""model_3"": 1, ""model_4"": 0, ""model_5"": 0, ""model_6"": 0}",False,,2.3652512829408057,0.6431186259387321,0.0003737387849707119,1.0103627226254406
60,bursty,8,3,bursty_r8_s3,9,1787649724.4851599,True,model_3,True,0.09583631780071857,True,True,3+1,"{""model_3"": 1, ""model_4"": 0, ""model_5"": 0, ""model_6"": 0}",False,,2.7281363884731107,0.7131218229818173,0.00037406625369440505,1.1720411464452365
60,bursty,8,3,bursty_r8_s3,10,1787649729.497556,True,model_3,True,0.08587862843813682,True,True,3+1,"{""model_3"": 1, ""model_4"": 0, ""model_5"": 0, ""model_6"": 0}",False,,2.985931580763891,0.7710194354918535,0.016716011895890004,1.3062719563851584
60,bursty,8,3,bursty_r8_s3,11,1787649734.5144806,True,model_3,True,0.024259748753160313,True,True,3+1,"{""model_3"": 1, ""model_4"": 0, ""model_5"": 0, ""model_6"": 0}",False,,3.2800825053008063,0.7842787535794237,0.3120338053840379,1.5743258122705006
60,bursty,8,3,bursty_r8_s3,12,1787649739.5267422,True,model_3,True,0.10120781376631435,True,True,3+1,"{""model_3"": 1, ""model_4"": 0, ""model_5"": 0, ""model_6"": 0}",False,,3.4405742971115583,0.7872629087127822,0.5767373309179196,1.741050315522251
60,bursty,8,3,bursty_r8_s3,13,1787649744.5431933,True,model_3,True,0.21516515515801957,True,True,3+1,"{""model_3"": 1, ""model_4"": 1, ""model_5"": 0, ""model_6"": 0}",True,model_4,3.6237534102777564,0.7815431849524161,0.9953580529861155,1.9245186277982138
60,bursty,8,3,bursty_r8_s3,14,1787649749.580734,True,model_3,True,0.2883648640078317,True,True,2+2,"{""model_3"": 1, ""model_4"": 1, ""model_5"": 0, ""model_6"": 0}",False,,3.681115921556715,0.7446550172593805,1.3697838417719594,1.9923603623833799
60,bursty,8,3,bursty_r8_s3,15,1787649754.595573,True,model_3,True,0.17137192922423888,True,True,2+2,"{""model_3"": 1, ""model_4"": 1, ""model_5"": 0, ""model_6"": 0}",False,,3.6311477964973125,0.6497793424486912,1.8512794771138092,2.1626018300877043
60,bursty,8,3,bursty_r8_s3,16,1787649759.6115093,True,model_3,True,0.08207966818178022,True,True,2+2,"{""model_3"": 1, ""model_4"": 1, ""model_5"": 0, ""model_6"": 0}",False,,3.514854267771615,0.5591798212619105,2.2441162563201256,2.309957543600639
60,bursty,8,3,bursty_r8_s3,17,1787649764.628501,True,model_3,False,0.0,True,True,2+2,"{""model_3"": 1, ""model_4"": 1, ""model_5"": 0, ""model_6"": 0}",False,,3.165301464665472,0.43803174678968143,2.683425558697305,2.3441133640729275
60,bursty,8,3,bursty_r8_s3,18,1787649769.6453598,True,model_3,False,0.0,False,True,2+2,"{""model_3"": 1, ""model_4"": 0, ""model_5"": 0, ""model_6"": 1}",False,,3.082169892895308,0.3450641649224706,3.0129647666523467,2.4062712002487587
60,bursty,8,3,bursty_r8_s3,19,1787649774.6631284,True,model_5,False,0.0,False,True,2+2,"{""model_3"": 1, ""model_4"": 0, ""model_5"": 0, ""model_6"": 1}",True,model_6,3.1157806461753115,0.22862316059805066,3.3174606073180812,2.4348658747772265
60,bursty,8,3,bursty_r8_s3,20,1787649780.8387053,True,model_5,False,0.0,False,False,1+3,"{""model_3"": 1, ""model_4"": 0, ""model_5"": 0, ""model_6"": 1}",False,,3.0661494676305563,0.126749577062526,3.8663909228367204,2.3485455850150334
60,bursty,8,3,bursty_r8_s3,21,1787649785.8588855,True,model_5,False,0.0,False,False,1+3,"{""model_3"": 1, ""model_4"": 0, ""model_5"": 0, ""model_6"": 1}",False,,2.876136149019013,0.05130111609755117,4.51278790127727,2.346073361449222
60,bursty,8,3,bursty_r8_s3,22,1787649790.8793225,True,model_5,False,0.0,False,False,1+3,"{""model_3"": 1, ""model_4"": 0, ""model_5"": 0, ""model_6"": 1}",False,,2.962852132866499,0.01336932686359038,4.969611178333261,2.377114477408689
60,bursty,8,3,bursty_r8_s3,23,1787649795.9303405,True,model_5,False,0.0,False,False,1+3,"{""model_3"": 1, ""model_4"": 0, ""model_5"": 0, ""model_6"": 1}",False,,3.009123064816125,0.00120220161179585,5.130958400810297,2.2922995714769723
60,bursty,8,3,bursty_r8_s3,24,1787649800.951582,True,model_5,False,0.0,False,False,1+3,"{""model_3"": 1, ""model_4"": 0, ""model_5"": 0, ""model_6"": 1}",False,,3.042677893191218,2.4056747411904666e-06,5.187146072169448,2.2471142336482517
60,bursty,8,3,bursty_r8_s3,25,1787649805.9742606,True,model_5,False,0.0,False,False,1+3,"{""model_3"": 1, ""model_4"": 0, ""model_5"": 0, ""model_6"": 1}",True,model_4,2.976912670299133,2.357395903818116e-06,5.444367819807942,2.2067200444027075
60,bursty,8,3,bursty_r8_s3,26,1787649810.9952898,True,model_5,False,0.0,False,False,2+2,"{""model_3"": 1, ""model_4"": 0, ""model_5"": 0, ""model_6"": 1}",False,,2.906834055445642,2.0412930687996322e-06,5.362977935138503,2.161228799794552
60,bursty,8,3,bursty_r8_s3,27,1787649816.015769,True,model_5,False,0.0,False,False,2+2,"{""model_3"": 1, ""model_4"": 1, ""model_5"": 0, ""model_6"": 1}",False,,3.0198785356809283,2.1598984560888823e-06,5.674583406236043,2.0975157425556
60,bursty,8,3,bursty_r8_s3,28,1787649821.0349052,True,model_5,False,0.0,False,False,2+2,"{""model_3"": 1, ""model_4"": 1, ""model_5"": 0, ""model_6"": 1}",False,,3.199528509969614,2.187444473777944e-06,5.746953551404956,1.9624694980249986
60,bursty,8,3,bursty_r8_s3,29,1787649826.0590487,True,model_5,False,0.0,False,False,2+2,"{""model_3"": 1, ""model_4"": 1, ""model_5"": 0, ""model_6"": 1}",False,,3.2279856932994093,2.1582222686777897e-06,5.670179651068141,1.957525380675536
60,bursty,8,3,bursty_r8_s3,30,1787649831.0843303,True,model_5,False,0.0,False,False,2+2,"{""model_3"": 1, ""model_4"": 1, ""model_5"": 0, ""model_6"": 1}",False,,3.1611001088589066,2.1524464912658914e-06,5.655005265790785,1.980462060137874
60,bursty,8,3,bursty_r8_s3,31,1787649836.1214514,True,model_5,False,0.0,False,False,2+2,"{""model_3"": 1, ""model_4"": 1, ""model_5"": 0, ""model_6"": 1}",True,model_4,3.166589880446151,2.241304606132033e-06,5.888457346980839,1.9473057420887712
60,bursty,8,3,bursty_r8_s3,32,1787649841.196691,True,model_5,False,0.0,False,False,1+3,"{""model_3"": 1, ""model_4"": 1, ""model_5"": 0, ""model_6"": 1}",False,,3.0246400722617013,2.2978893710057235e-06,5.928250315365508,2.0281448703092355
60,bursty,8,3,bursty_r8_s3,33,1787649846.2230244,True,model_5,False,0.0,False,False,1+3,"{""model_3"": 1, ""model_4"": 1, ""model_5"": 0, ""model_6"": 1}",False,,2.9834667853573715,0.034104082048140416,5.615902042191453,2.1622992425574834
60,bursty,8,3,bursty_r8_s3,34,1787649851.2664068,True,model_5,False,0.0,False,False,1+3,"{""model_3"": 1, ""model_4"": 0, ""model_5"": 0, ""model_6"": 1}",False,,2.7620833433901497,0.09741598545984442,5.217707071888872,2.106282463663301
60,bursty,8,3,bursty_r8_s3,35,1787649856.2982442,True,model_5,False,0.0,False,False,1+3,"{""model_3"": 1, ""model_4"": 0, ""model_5"": 0, ""model_6"": 1}",False,,2.430680397368366,0.23545332595343282,4.812879940188848,2.192014608737198
60,bursty,8,3,bursty_r8_s3,36,1787649861.3267934,True,model_5,False,0.0,False,False,1+3,"{""model_3"": 1, ""model_4"": 0, ""model_5"": 0, ""model_6"": 1}",False,,2.2759051608563654,0.3556938557679836,4.29801198658242,2.2856701006781517
60,bursty,8,3,bursty_r8_s3,37,1787649866.3528013,True,model_5,False,0.0,False,False,1+3,"{""model_3"": 1, ""model_4"": 0, ""model_5"": 0, ""model_6"": 1}",True,model_4,2.1268409668119865,0.541430645467329,3.7866458141938444,2.3649547123590136
60,bursty,8,3,bursty_r8_s3,38,1787649871.3807492,True,model_5,False,0.0,False,False,2+2,"{""model_3"": 1, ""model_4"": 0, ""model_5"": 0, ""model_6"": 1}",False,,1.847310560885854,0.6611624984655591,3.1865147936618703,2.433153240439367
60,bursty,8,3,bursty_r8_s3,39,1787649876.4067416,True,model_5,False,0.0,False,False,2+2,"{""model_3"": 1, ""model_4"": 0, ""model_5"": 0, ""model_6"": 1}",False,,1.4238135857817855,0.8674031700233633,2.7139335011255508,2.5171016528073378
60,bursty,8,3,bursty_r8_s3,40,1787649881.4373357,True,model_6,False,0.0,False,False,2+2,"{""model_3"": 0, ""model_4"": 1, ""model_5"": 0, ""model_6"": 1}",False,,1.1485405345282662,1.0460794537813363,2.3028456105338897,2.5203127935302643
60,bursty,8,3,bursty_r8_s3,41,1787649886.469297,True,model_6,False,0.0,False,False,2+2,"{""model_3"": 1, ""model_4"": 0, ""model_5"": 0, ""model_6"": 1}",False,,0.9001001197818894,1.1537220011984497,1.8674044203557096,2.4193402351256332
60,bursty,8,3,bursty_r8_s3,42,1787649891.5024166,True,model_6,False,0.0,False,False,2+2,"{""model_3"": 1, ""model_4"": 0, ""model_5"": 0, ""model_6"": 1}",False,,0.6648240313893149,1.3108789826316778,1.4809881686949915,2.4892207896833063
60,bursty,8,3,bursty_r8_s3,43,1787649896.535737,True,model_6,False,0.0,False,False,2+2,"{""model_3"": 1, ""model_4"": 0, ""model_5"": 0, ""model_6"": 1}",False,,0.4121823210394729,1.4919685402232414,1.0885781401107115,2.5488053033798197
60,bursty,8,3,bursty_r8_s3,44,1787649901.5700305,True,model_6,False,0.0,False,False,2+2,"{""model_3"": 0, ""model_4"": 0, ""model_5"": 0, ""model_6"": 1}",True,model_3,0.14553610302637798,1.5911664897659978,0.7807927621067633,2.6685350062652877
60,bursty,8,3,bursty_r8_s3,45,1787649906.6200173,True,model_6,False,0.0,False,False,3+1,"{""model_3"": 0, ""model_4"": 0, ""model_5"": 0, ""model_6"": 1}",False,,0.03506837236761261,1.655893574845223,0.447327615763075,2.7185625513406757
60,bursty,8,3,bursty_r8_s3,46,1787649911.6542857,True,model_6,False,0.0,False,False,3+1,"{""model_3"": 0, ""model_4"": 0, ""model_5"": 0, ""model_6"": 1}",False,,0.06974362798384232,1.7503385136252707,0.3935275832231192,2.7665512764435563
60,bursty,8,3,bursty_r8_s3,47,1787649916.6894794,True,model_6,False,0.0,False,False,3+1,"{""model_3"": 1, ""model_4"": 0, ""model_5"": 0, ""model_6"": 1}",False,,0.18995867230713323,1.7418938440177374,0.5896273988037383,2.5023456932563204
60,bursty,8,3,bursty_r8_s3,48,1787649921.7225826,True,model_6,False,0.0,False,False,3+1,"{""model_3"": 1, ""model_4"": 0, ""model_5"": 0, ""model_6"": 1}",False,,0.3638392044765722,1.737740727817312,0.9860716258242141,2.305191801914905
60,bursty,8,3,bursty_r8_s3,49,1787649926.7718506,True,model_6,False,0.0,False,False,3+1,"{""model_3"": 1, ""model_4"": 0, ""model_5"": 0, ""model_6"": 1}",False,,0.4766039537589156,1.6541861826294917,1.5056618042840628,2.080462870445334
60,bursty,8,3,bursty_r8_s3,50,1787649931.8306823,False,model_5,False,0.0,False,False,3+1,"{""model_3"": 0, ""model_4"": 1, ""model_5"": 0, ""model_6"": 1}",True,model_4,1.1176298867782524,1.1176298867782521,1.9365911280538537,1.8061906136438457
60,bursty,8,3,bursty_r8_s3,51,1787649937.3298163,True,model_5,False,0.0,False,False,2+2,"{""model_3"": 0, ""model_4"": 1, ""model_5"": 0, ""model_6"": 1}",False,,0.957742805760478,1.5296252701406703,2.315207957911174,1.5663998996273805
60,bursty,8,3,bursty_r8_s3,52,1787649942.3695438,True,model_5,False,0.0,False,False,2+2,"{""model_3"": 0, ""model_4"": 1, ""model_5"": 0, ""model_6"": 1}",False,,1.2860652222315472,1.4887537206458747,2.776488047426248,1.3748034985188051
60,bursty,8,3,bursty_r8_s3,53,1787649947.406539,True,model_5,False,0.0,False,False,2+2,"{""model_3"": 1, ""model_4"": 1, ""model_5"": 0, ""model_6"": 1}",False,,1.5709154646858352,1.4967526915057867,3.161101390332398,1.1773178554153703
60,bursty,8,3,bursty_r8_s3,54,1787649952.4475386,True,model_5,False,0.0,False,False,2+2,"{""model_3"": 1, ""model_4"": 1, ""model_5"": 0, ""model_6"": 1}",False,,1.8164988265322508,1.3360885350685652,4.027421061578982,1.0146199193339203
60,bursty,8,3,bursty_r8_s3,55,1787649957.4844933,True,model_5,False,0.0,False,False,2+2,"{""model_3"": 1, ""model_4"": 1, ""model_5"": 0, ""model_6"": 1}",False,,1.9487575394648478,1.2405668402051413,4.145738885193306,1.0820028899387926
60,bursty,8,3,bursty_r8_s3,56,1787649962.5248246,True,model_5,False,0.0,False,False,2+2,"{""model_3"": 1, ""model_4"": 1, ""model_5"": 0, ""model_6"": 1}",True,model_3,1.9837688441905275,1.1422148704683064,4.149399850959984,1.0275918080825224
60,bursty,8,3,bursty_r8_s3,57,1787649967.5662582,True,model_5,False,0.0,False,False,1+3,"{""model_3"": 1, ""model_4"": 1, ""model_5"": 0, ""model_6"": 1}",False,,1.9837681757047743,1.0090562144355204,4.166642133621837,1.3492931753057162
60,bursty,8,3,bursty_r8_s3,58,1787649972.6191418,True,model_5,False,0.0,False,False,1+3,"{""model_3"": 1, ""model_4"": 1, ""model_5"": 0, ""model_6"": 1}",False,,1.9111687473673449,0.8793405267584355,4.137301451599542,1.728997996514749
60,bursty,8,3,bursty_r8_s3,59,1787649977.665766,True,model_5,False,0.0,False,False,1+3,"{""model_3"": 1, ""model_4"": 0, ""model_5"": 0, ""model_6"": 1}",False,,1.7681568539830665,0.7135695889909068,3.916211719254324,2.172668503701959
60,bursty,8,3,bursty_r8_s3,60,1787649982.7101867,True,model_5,False,0.0,False,False,1+3,"{""model_3"": 1, ""model_4"": 0, ""model_5"": 0, ""model_6"": 1}",False,,1.6102419647695063,0.612679665356128,3.6410566071971378,2.691854009700836
60,bursty,8,3,bursty_r8_s3,61,1787649987.756762,True,model_6,False,0.0,False,False,1+3,"{""model_3"": 1, ""model_4"": 0, ""model_5"": 0, ""model_6"": 1}",False,,1.48268886213917,0.5121434972646273,3.077535117579059,3.1171773412154287
60,bursty,8,3,bursty_r8_s3,62,1787649992.8262172,True,model_6,False,0.0,False,False,1+3,"{""model_3"": 0, ""model_4"": 1, ""model_5"": 0, ""model_6"": 1}",True,model_3,0.8710715452349943,0.8710715452349942,2.704754589751486,3.508758202185031
60,bursty,8,3,bursty_r8_s3,63,1787649997.8667252,True,model_6,False,0.0,False,False,2+2,"{""model_3"": 0, ""model_4"": 0, ""model_5"": 0, ""model_6"": 1}",False,,1.0064225923097998,0.3374962712160712,2.404927837295805,3.9691747224763976
60,bursty,8,3,bursty_r8_s3,64,1787650002.9133077,True,model_6,False,0.0,False,False,2+2,"{""model_3"": 0, ""model_4"": 0, ""model_5"": 0, ""model_6"": 1}",False,,0.6965861664593455,0.18210820096653468,1.9668337840261987,4.3146017963183745
60,bursty,8,3,bursty_r8_s3,65,1787650007.987623,True,model_6,False,0.0,False,False,2+2,"{""model_3"": 0, ""model_4"": 0, ""model_5"": 0, ""model_6"": 1}",False,,0.762519445876624,0.08686342557553561,1.8275053373886803,4.582375314457497
60,bursty,8,3,bursty_r8_s3,66,1787650013.0483367,True,model_6,False,0.0,False,False,2+2,"{""model_3"": 0, ""model_4"": 0, ""model_5"": 0, ""model_6"": 1}",False,,0.6994988894205431,0.04059460322438291,1.4072915912465846,4.597666464251298
60,bursty,8,3,bursty_r8_s3,67,1787650018.145203,True,model_6,False,0.0,False,False,2+2,"{""model_3"": 0, ""model_4"": 0, ""model_5"": 0, ""model_6"": 1}",False,,0.8764601421503344,0.10190681301302118,1.3901010289044078,4.21989860859543
60,bursty,8,3,bursty_r8_s3,68,1787650023.2183464,True,model_6,False,0.0,False,False,2+2,"{""model_3"": 0, ""model_4"": 0, ""model_5"": 0, ""model_6"": 1}",True,model_4,1.034991543940186,0.13851566367469226,1.6594728962230216,3.872203347534038
60,bursty,8,3,bursty_r8_s3,69,1787650028.338983,True,model_6,False,0.0,False,False,3+1,"{""model_3"": 0, ""model_4"": 1, ""model_5"": 0, ""model_6"": 1}",False,,1.3567038869846824,0.20035137582892837,2.287458994624267,3.3406320102021803
60,bursty,8,3,bursty_r8_s3,70,1787650033.3909323,True,model_6,False,0.0,False,False,3+1,"{""model_3"": 0, ""model_4"": 1, ""model_5"": 0, ""model_6"": 1}",False,,1.7113547738083712,0.2518965551907817,2.624425850905637,2.788137282902472
60,bursty,8,3,bursty_r8_s3,71,1787650038.4450536,True,model_5,False,0.0,False,False,3+1,"{""model_3"": 1, ""model_4"": 0, ""model_5"": 0, ""model_6"": 1}",False,,1.1615254961472945,1.161525496147294,3.1235357890317363,2.3510652512963097
60,bursty,8,3,bursty_r8_s3,72,1787650043.4934268,True,model_5,False,0.0,False,False,3+1,"{""model_3"": 1, ""model_4"": 0, ""model_5"": 0, ""model_6"": 1}",False,,2.3371862261529603,0.3421620151579132,3.7145940127720074,1.8332559487788753
60,bursty,8,3,bursty_r8_s3,73,1787650048.5476036,True,model_5,False,0.0,False,False,3+1,"{""model_3"": 1, ""model_4"": 0, ""model_5"": 0, ""model_6"": 1}",False,,2.557337270416922,0.41201206084776887,4.17613938874298,1.3892009587668763
60,bursty,8,3,bursty_r8_s3,74,1787650053.6023202,True,model_5,False,0.0,False,False,3+1,"{""model_3"": 1, ""model_4"": 1, ""model_5"": 0, ""model_6"": 1}",True,model_3,2.8742880929778303,0.5188092293554725,4.79181619559056,0.9991757790537019
60,bursty,8,3,bursty_r8_s3,75,1787650058.6535828,True,model_5,False,0.0,False,False,2+2,"{""model_3"": 1, ""model_4"": 1, ""model_5"": 0, ""model_6"": 1}",False,,3.0807137510749922,0.5769156706423512,5.312467810620548,0.5506374184706855
60,bursty,8,3,bursty_r8_s3,76,1787650063.745824,True,model_5,False,0.0,False,False,2+2,"{""model_3"": 1, ""model_4"": 1, ""model_5"": 0, ""model_6"": 1}",False,,3.2515688284174757,0.6712838652781093,5.842828552042536,0.12381049074466288
60,bursty,8,3,bursty_r8_s3,77,1787650068.8079765,True,model_5,False,0.0,False,False,2+2,"{""model_3"": 1, ""model_4"": 1, ""model_5"": 0, ""model_6"": 1}",False,,3.262436279778452,0.7747273397332578,6.209666718916662,0.005533466295298994
60,bursty,8,3,bursty_r8_s3,78,1787650073.88389,True,model_5,False,0.0,False,False,2+2,"{""model_3"": 1, ""model_4"": 1, ""model_5"": 0, ""model_6"": 1}",False,,3.2427178780621215,0.7818030732870065,6.53793221790878,3.1875501252942584e-06
60,bursty,8,3,bursty_r8_s3,79,1787650079.1541157,True,model_5,False,0.0,False,False,2+2,"{""model_3"": 1, ""model_4"": 1, ""model_5"": 0, ""model_6"": 1}",False,,3.220534678787837,0.7598838969310923,6.927054432035279,3.2102565700187213e-06
60,bursty,8,3,bursty_r8_s3,80,1787650084.2137957,True,model_5,False,0.0,False,False,2+2,"{""model_3"": 1, ""model_4"": 1, ""model_5"": 0, ""model_6"": 1}",True,model_4,3.224792027978955,0.7333501293981337,7.196638553211484,0.046157043162422196
60,bursty,8,3,bursty_r8_s3,81,1787650089.2718034,True,model_5,False,0.0,False,False,1+3,"{""model_3"": 1, ""model_4"": 1, ""model_5"": 0, ""model_6"": 1}",False,,3.2161658789636083,0.6401809068756368,7.07221857048795,0.1807198110511533
60,bursty,8,3,bursty_r8_s3,82,1787650094.3359933,True,model_5,False,0.0,False,False,1+3,"{""model_3"": 1, ""model_4"": 1, ""model_5"": 0, ""model_6"": 1}",False,,2.999095828957791,0.6160312354862677,7.133765028256238,0.4335334644405221
60,bursty,8,3,bursty_r8_s3,83,1787650099.403848,True,model_5,False,0.0,False,False,1+3,"{""model_3"": 1, ""model_4"": 1, ""model_5"": 0, ""model_6"": 1}",False,,2.827680512049971,0.5730554380796353,6.839137890336153,0.6563496535003216
60,bursty,8,3,bursty_r8_s3,84,1787650104.4858274,True,model_5,False,0.0,False,False,1+3,"{""model_3"": 1, ""model_4"": 1, ""model_5"": 0, ""model_6"": 1}",False,,2.566020072417153,0.531893373428233,6.593005116554187,0.8822252963276824
60,bursty,8,3,bursty_r8_s3,85,1787650109.565549,True,model_5,False,0.0,False,False,1+3,"{""model_3"": 1, ""model_4"": 1, ""model_5"": 0, ""model_6"": 1}",False,,2.378527567289547,0.4429857648419513,6.0936298919721885,0.970327686709447
60,bursty,8,3,bursty_r8_s3,86,1787650114.6542404,True,model_5,False,0.0,False,False,1+3,"{""model_3"": 1, ""model_4"": 1, ""model_5"": 0, ""model_6"": 1}",False,,2.039618198893369,0.3465101491532687,5.558653225008709,0.9968575681338052
60,bursty,8,4,bursty_r8_s4,1,1787650881.0998635,True,model_5,False,0.0,False,False,2+2,"{""model_3"": 1, ""model_4"": 0, ""model_5"": 0, ""model_6"": 1}",False,,6.821518270891251e-11,0.00010767987736364663,0.01681916130391975,0.00017839674759435122
60,bursty,8,4,bursty_r8_s4,2,1787650886.1051705,True,model_5,False,0.0,False,False,2+2,"{""model_3"": 1, ""model_4"": 1, ""model_5"": 0, ""model_6"": 1}",True,model_4,0.0010082924674822188,0.0044915528076303005,0.44366513793631956,0.0001784305559563537
60,bursty,8,4,bursty_r8_s4,3,1787650891.1099763,True,model_5,False,0.0,False,False,1+3,"{""model_3"": 1, ""model_4"": 1, ""model_5"": 0, ""model_6"": 1}",False,,0.036691840710660714,0.015320399327323056,1.3794895706684973,0.00017844753486259777
60,bursty,8,4,bursty_r8_s4,4,1787650896.1256776,True,model_5,False,0.0,False,False,1+3,"{""model_3"": 1, ""model_4"": 1, ""model_5"": 0, ""model_6"": 1}",False,,0.07147906678901234,0.044484522870660216,2.4174493580141823,0.00017850979642810953
60,bursty,8,4,bursty_r8_s4,5,1787650901.1394007,True,model_5,False,0.0,False,False,1+3,"{""model_3"": 1, ""model_4"": 1, ""model_5"": 0, ""model_6"": 1}",False,,0.10800285326741045,0.06145078720495502,3.658671627868753,0.0001785618731127564
60,bursty,8,4,bursty_r8_s4,6,1787650906.1506093,True,model_5,False,0.0,False,False,1+3,"{""model_3"": 1, ""model_4"": 1, ""model_5"": 0, ""model_6"": 1}",False,,0.14194980818444916,0.06469638136144398,4.402269563750252,0.00017859808292373588
60,bursty,8,4,bursty_r8_s4,7,1787650911.1623971,True,model_5,False,0.0,False,False,1+3,"{""model_3"": 1, ""model_4"": 1, ""model_5"": 0, ""model_6"": 1}",False,,0.15029650172015682,0.06469638376973247,5.346530174872839,0.00017860620907640332
60,bursty,8,4,bursty_r8_s4,8,1787650916.2009275,True,model_5,False,0.0,False,False,1+3,"{""model_3"": 1, ""model_4"": 1, ""model_5"": 0, ""model_6"": 1}",False,,0.19908824715372242,0.06532705642037026,6.276783661124022,0.00017865432560717
60,bursty,8,4,bursty_r8_s4,9,1787650921.2131968,True,model_5,False,0.0,False,False,1+3,"{""model_3"": 1, ""model_4"": 1, ""model_5"": 0, ""model_6"": 1}",False,,0.2105719530249979,0.06801889510486861,7.176423090364602,0.00017866812659127207
60,bursty,8,4,bursty_r8_s4,10,1787650926.2264931,True,model_5,False,0.0,False,False,1+3,"{""model_3"": 1, ""model_4"": 1, ""model_5"": 0, ""model_6"": 1}",False,,0.44769647474748153,0.08038602431346768,8.054839603133356,0.00017891102593257588
60,bursty,8,4,bursty_r8_s4,11,1787650931.2398694,True,model_5,False,0.0,False,False,1+3,"{""model_3"": 1, ""model_4"": 1, ""model_5"": 0, ""model_6"": 1}",False,,1.0001467542719644,0.08290881800371613,8.27858220003755,0.012794660475747597
60,bursty,8,4,bursty_r8_s4,12,1787650936.2542922,True,model_5,False,0.0,False,False,1+3,"{""model_3"": 1, ""model_4"": 1, ""model_5"": 0, ""model_6"": 1}",False,,1.4399446801031048,0.08509317702920934,8.298160340482807,0.016108176008440573
60,bursty,8,4,bursty_r8_s4,13,1787650941.2685378,True,model_5,False,0.0,False,False,1+3,"{""model_3"": 1, ""model_4"": 1, ""model_5"": 0, ""model_6"": 1}",False,,2.636434795735169,0.0852319595026655,8.27624767922565,0.016822928606612046
60,bursty,8,4,bursty_r8_s4,14,1787650946.2818873,True,model_5,False,0.0,False,False,1+3,"{""model_3"": 1, ""model_4"": 1, ""model_5"": 0, ""model_6"": 1}",False,,3.6976972724732873,0.08084841953518981,7.821069178196227,0.02158970323507645
60,bursty,8,4,bursty_r8_s4,15,1787650951.293953,True,model_5,False,0.0,False,False,1+3,"{""model_3"": 1, ""model_4"": 1, ""model_5"": 0, ""model_6"": 1}",False,,4.752405634153168,0.07001985470245559,6.9186707698143115,0.027503302402492248
60,bursty,8,4,bursty_r8_s4,16,1787650956.3096645,True,model_5,False,0.0,False,False,1+3,"{""model_3"": 1, ""model_4"": 0, ""model_5"": 0, ""model_6"": 1}",True,model_4,5.454704270778441,0.04085690928173543,5.808659181046784,0.04146892080463763
60,bursty,8,4,bursty_r8_s4,17,1787650961.324291,True,model_3,True,0.15361120581146578,True,False,2+2,"{""model_3"": 1, ""model_4"": 1, ""model_5"": 0, ""model_6"": 0}",False,,6.468631494372362,0.023889922723498935,4.593806340355594,0.0827048222628694
60,bursty,8,4,bursty_r8_s4,18,1787650966.3523877,True,model_3,True,0.25650105848270993,True,False,2+2,"{""model_3"": 1, ""model_4"": 0, ""model_5"": 0, ""model_6"": 0}",False,,7.770604199241251,0.020644584533090718,3.860341819912472,0.08930547894164856
60,bursty,8,4,bursty_r8_s4,19,1787650971.3710868,True,model_3,True,0.2587083177168041,True,False,2+2,"{""model_3"": 1, ""model_4"": 0, ""model_5"": 0, ""model_6"": 0}",False,,8.765877893020773,0.020644743969151072,2.933430430762425,0.11631963293687655
60,bursty,8,4,bursty_r8_s4,20,1787650976.389669,True,model_3,True,0.2588474463672117,True,False,2+2,"{""model_3"": 1, ""model_4"": 0, ""model_5"": 0, ""model_6"": 0}",False,,9.503804481066815,0.020014189080723235,2.0135226621101556,0.1271760408312117
60,bursty,8,4,bursty_r8_s4,21,1787650981.4042652,True,model_3,True,0.2582699543830451,True,False,2+2,"{""model_3"": 1, ""model_4"": 0, ""model_5"": 0, ""model_6"": 0}",False,,10.435777734491401,0.017322501747776498,1.0944637649240505,0.13479588705625808
60,bursty,8,4,bursty_r8_s4,22,1787650986.4237988,True,model_3,True,0.2584335151835074,True,False,2+2,"{""model_3"": 1, ""model_4"": 0, ""model_5"": 0, ""model_6"": 0}",True,model_6,11.541407045079065,0.004955626549333791,0.24331818328936022,0.15059660743041856
60,bursty,8,4,bursty_r8_s4,23,1787650991.4423335,True,model_3,True,0.26128362409470435,True,True,3+1,"{""model_3"": 1, ""model_4"": 0, ""model_5"": 0, ""model_6"": 0}",False,,12.074752606142944,0.002430488856016594,0.01957838726849942,0.19850460957320126
60,bursty,8,4,bursty_r8_s4,24,1787650996.4759448,True,model_3,True,0.25924188340771687,True,True,3+1,"{""model_3"": 1, ""model_4"": 0, ""model_5"": 0, ""model_6"": 0}",False,,13.14889924068786,0.0002462039393901715,3.553442451675881e-07,0.25115713536319134
60,bursty,8,4,bursty_r8_s4,25,1787651001.5023954,True,model_3,True,0.2592418889363685,True,True,3+1,"{""model_3"": 1, ""model_4"": 0, ""model_5"": 0, ""model_6"": 0}",False,,13.17494764668856,1.0860648367859927e-07,4.138922805041467e-07,0.2928255185513008
60,bursty,8,4,bursty_r8_s4,26,1787651006.562787,True,model_3,True,0.25924189122979463,True,True,3+1,"{""model_3"": 1, ""model_4"": 0, ""model_5"": 0, ""model_6"": 0}",False,,13.388320503584596,1.1676378541414809e-07,4.449792289640264e-07,0.31481928900471867
60,bursty,8,4,bursty_r8_s4,27,1787651011.589875,True,model_3,True,0.25924189504974476,True,True,3+1,"{""model_3"": 1, ""model_4"": 0, ""model_5"": 0, ""model_6"": 0}",False,,13.294490223904663,1.2652797141454182e-07,4.821899100559968e-07,0.34114555189971374
60,bursty,8,4,bursty_r8_s4,28,1787651016.6362429,True,model_3,True,0.26308439846959236,True,True,3+1,"{""model_3"": 1, ""model_4"": 0, ""model_5"": 0, ""model_6"": 0}",False,,13.179821219424172,2.926335528037714e-07,0.04021793755516451,0.4111280474560127
60,bursty,8,4,bursty_r8_s4,29,1787651021.6646495,True,model_3,True,0.26762822445609835,True,True,3+1,"{""model_3"": 1, ""model_4"": 0, ""model_5"": 0, ""model_6"": 0}",False,,12.173288404326229,0.03285633065778371,0.08107240285355044,0.6810168413166111
60,bursty,8,4,bursty_r8_s4,30,1787651026.6933913,True,model_3,True,0.2710781851213457,True,True,3+1,"{""model_3"": 1, ""model_4"": 0, ""model_5"": 0, ""model_6"": 0}",False,,10.826557805051426,0.042316384638391547,0.1017650209114237,0.9028149690757038
60,bursty,8,4,bursty_r8_s4,31,1787651031.7259333,True,model_3,True,0.27862302456632665,True,True,3+1,"{""model_3"": 1, ""model_4"": 0, ""model_5"": 0, ""model_6"": 0}",False,,9.893744779839334,0.04920778803166875,0.15227607067681026,1.3020668901918637
60,bursty,8,4,bursty_r8_s4,32,1787651036.7558663,True,model_3,True,0.28219905503101106,True,True,3+1,"{""model_3"": 1, ""model_4"": 0, ""model_5"": 0, ""model_6"": 0}",False,,9.016165578964204,0.06457455148736367,0.1643734819548921,1.5975938452067362
60,bursty,8,4,bursty_r8_s4,33,1787651041.7960055,True,model_3,True,0.28711794241990696,True,True,3+1,"{""model_3"": 1, ""model_4"": 0, ""model_5"": 0, ""model_6"": 0}",False,,8.113098152862584,0.08191022191703133,0.17960130461514345,1.9175866398916916
60,bursty,8,4,bursty_r8_s4,34,1787651046.8428717,True,model_3,True,0.3017362956899013,True,True,3+1,"{""model_3"": 1, ""model_4"": 0, ""model_5"": 0, ""model_6"": 0}",False,,6.853531682054635,0.09115509220164754,0.2312796658241485,2.3606477051670933
60,bursty,8,4,bursty_r8_s4,35,1787651051.8762307,True,model_3,True,0.31188439975730864,True,True,3+1,"{""model_3"": 1, ""model_4"": 0, ""model_5"": 0, ""model_6"": 0}",False,,5.725271584721173,0.09841557286382517,0.23934472793116157,2.664406395820962
60,bursty,8,4,bursty_r8_s4,36,1787651056.9100509,True,model_3,True,0.15396606146504455,True,True,3+1,"{""model_3"": 1, ""model_4"": 1, ""model_5"": 0, ""model_6"": 0}",True,model_4,4.204548836977192,0.14594606178831332,0.2753180531339505,3.054024892567027
60,bursty,8,4,bursty_r8_s4,37,1787651061.9571033,True,model_6,False,0.0,False,True,2+2,"{""model_3"": 1, ""model_4"": 0, ""model_5"": 1, ""model_6"": 0}",False,,3.06911798595578,0.15857350154850497,0.4322614523020228,3.4242493342136573
60,bursty,8,4,bursty_r8_s4,38,1787651067.0026603,True,model_6,False,0.0,False,True,2+2,"{""model_3"": 1, ""model_4"": 1, ""model_5"": 1, ""model_6"": 0}",False,,1.7665851526569845,0.1658031235460674,0.5563619053922821,3.888999063944694
60,bursty,8,4,bursty_r8_s4,39,1787651072.032729,True,model_6,False,0.0,False,True,2+2,"{""model_3"": 1, ""model_4"": 1, ""model_5"": 1, ""model_6"": 0}",False,,0.6524972195378079,0.1722789982762506,0.6133451099126135,4.267939650457946
60,bursty,8,4,bursty_r8_s4,40,1787651077.0676827,True,model_6,False,0.0,False,True,2+2,"{""model_3"": 1, ""model_4"": 1, ""model_5"": 1, ""model_6"": 0}",False,,0.062124898717655294,0.19345752970730573,0.6300565145616401,4.597541401611807
60,bursty,8,4,bursty_r8_s4,41,1787651082.100434,True,model_6,False,0.0,False,True,2+2,"{""model_3"": 1, ""model_4"": 1, ""model_5"": 1, ""model_6"": 0}",False,,8.915026875851057e-07,0.16678522808945556,0.6279342656406656,4.787635964250835
60,bursty,8,4,bursty_r8_s4,42,1787651087.1341407,True,model_6,False,0.0,False,True,2+2,"{""model_3"": 1, ""model_4"": 1, ""model_5"": 1, ""model_6"": 0}",True,model_5,9.386256710957176e-07,0.17819856293985495,0.6166331118747532,5.015270312691892
60,bursty,8,4,bursty_r8_s4,43,1787651092.1632786,True,model_6,False,0.0,False,False,1+3,"{""model_3"": 1, ""model_4"": 1, ""model_5"": 1, ""model_6"": 0}",False,,3.7480065109376604e-07,0.1853831877799964,0.595727265364073,5.008361262463155
60,bursty,8,4,bursty_r8_s4,44,1787651097.1926236,True,model_6,False,0.0,False,False,1+3,"{""model_3"": 1, ""model_4"": 1, ""model_5"": 1, ""model_6"": 0}",False,,3.998475705845054e-07,0.183198975118938,0.6501109888231194,5.317803163790385
60,bursty,8,4,bursty_r8_s4,45,1787651102.227277,True,model_6,False,0.0,False,False,1+3,"{""model_3"": 1, ""model_4"": 1, ""model_5"": 1, ""model_6"": 0}",False,,0.035179821372517295,0.1831374649277171,0.696111660275796,5.37223965705632
60,bursty,8,4,bursty_r8_s4,46,1787651107.2609353,True,model_6,False,0.0,False,False,1+3,"{""model_3"": 1, ""model_4"": 1, ""model_5"": 1, ""model_6"": 0}",False,,0.3367252169224913,0.2602166221705904,0.66915855635658,5.033489718624301
60,bursty,8,4,bursty_r8_s4,47,1787651112.2977552,True,model_6,False,0.0,False,False,1+3,"{""model_3"": 1, ""model_4"": 1, ""model_5"": 1, ""model_6"": 0}",False,,0.8193204003574405,0.3717820086998407,0.6788690149857752,4.666017903829593
60,bursty,8,4,bursty_r8_s4,48,1787651117.3305285,True,model_6,False,0.0,False,False,1+3,"{""model_3"": 1, ""model_4"": 1, ""model_5"": 1, ""model_6"": 0}",False,,1.2100464903679118,0.4455846687628897,0.6046421731038039,4.265058470986457
60,bursty,8,4,bursty_r8_s4,49,1787651122.368239,True,model_6,False,0.0,False,False,1+3,"{""model_3"": 1, ""model_4"": 1, ""model_5"": 1, ""model_6"": 0}",False,,1.606822532739835,0.567024048100667,0.4885011687300861,3.8423091496871553
60,bursty,8,4,bursty_r8_s4,50,1787651127.4043689,True,model_6,False,0.0,False,False,1+3,"{""model_3"": 1, ""model_4"": 1, ""model_5"": 1, ""model_6"": 0}",False,,2.120508302689085,0.7319183401896838,0.3633926766067695,3.408703112034255
60,bursty,8,4,bursty_r8_s4,51,1787651132.4407542,True,model_6,True,0.0028722111633040157,True,False,1+3,"{""model_3"": 1, ""model_4"": 1, ""model_5"": 0, ""model_6"": 0}",True,model_5,2.4971178371895006,0.9287300692706184,0.30630358056550255,2.9920702506524726
60,bursty,8,4,bursty_r8_s4,52,1787651137.4835837,True,model_3,True,0.0431182864694555,True,True,2+2,"{""model_3"": 1, ""model_4"": 1, ""model_5"": 0, ""model_6"": 0}",False,,2.9520966620016926,1.0657523118928107,0.2244355514937094,2.610377666549531
60,bursty,8,4,bursty_r8_s4,53,1787651142.5230541,True,model_3,False,0.0,False,True,2+2,"{""model_3"": 1, ""model_4"": 0, ""model_5"": 1, ""model_6"": 0}",False,,3.2767213611304014,1.1355249569513377,0.2036894512019254,2.1193534804712084
60,bursty,8,4,bursty_r8_s4,54,1787651147.5638485,True,model_3,False,0.0,True,True,2+2,"{""model_3"": 1, ""model_4"": 0, ""model_5"": 0, ""model_6"": 0}",False,,3.6692960522416924,1.2281087564534785,0.18257220661550688,1.6934948946427482
60,bursty,8,4,bursty_r8_s4,55,1787651152.636863,True,model_3,True,0.21364500203210046,True,True,2+2,"{""model_3"": 1, ""model_4"": 0, ""model_5"": 0, ""model_6"": 0}",False,,4.271210999576423,1.330458790996451,0.1709510068208393,1.2703644543000967
60,bursty,8,4,bursty_r8_s4,56,1787651157.6746793,True,model_3,True,0.2848082045978498,True,True,2+2,"{""model_3"": 1, ""model_4"": 0, ""model_5"": 0, ""model_6"": 0}",False,,4.6202597127024125,1.6043952955524683,0.0938050153631812,0.7183284404417103
60,bursty,8,4,bursty_r8_s4,57,1787651162.715596,True,model_3,True,0.2700745164296114,True,True,2+2,"{""model_3"": 1, ""model_4"": 0, ""model_5"": 0, ""model_6"": 0}",True,model_4,4.86001712742534,1.7369258697624337,0.04180844802501016,0.3516211319081429
60,bursty,8,4,bursty_r8_s4,58,1787651168.1390982,True,model_3,True,0.2633688712989685,True,True,3+1,"{""model_3"": 1, ""model_4"": 0, ""model_5"": 0, ""model_6"": 0}",False,,4.889930014221367,1.7309111589543895,0.01602618938909589,0.29224085662719124
60,bursty,8,4,bursty_r8_s4,59,1787651173.1803267,True,model_3,True,0.25924258398322086,True,True,3+1,"{""model_3"": 1, ""model_4"": 0, ""model_5"": 0, ""model_6"": 0}",False,,4.864721879381982,1.713898764444499,2.837941076749839e-06,0.29392287006242046
60,bursty,8,4,bursty_r8_s4,60,1787651178.2233055,True,model_3,True,0.2592425640651537,True,True,3+1,"{""model_3"": 1, ""model_4"": 0, ""model_5"": 0, ""model_6"": 0}",False,,5.107784317311076,1.7074383614660595,2.8989444083027394e-06,0.34354266435726255
60,bursty,8,4,bursty_r8_s4,61,1787651183.2658656,True,model_3,True,0.2664203260908925,True,True,3+1,"{""model_3"": 1, ""model_4"": 0, ""model_5"": 0, ""model_6"": 0}",False,,4.989194047411124,1.6542323283650522,0.028441568478160595,0.33452083989278275
60,bursty,8,4,bursty_r8_s4,62,1787651188.314486,True,model_3,True,0.32116571011193984,True,True,3+1,"{""model_3"": 1, ""model_4"": 0, ""model_5"": 0, ""model_6"": 0}",False,,4.807807512722392,1.464373390358191,0.23642638862796483,0.43758307521558537
60,bursty,8,4,bursty_r8_s4,63,1787651193.3592613,True,model_3,True,0.3802471549053885,True,True,3+1,"{""model_3"": 1, ""model_4"": 0, ""model_5"": 0, ""model_6"": 0}",False,,4.645747214743855,1.2798673576763229,0.4464273970921804,0.5407727411338827
60,bursty,8,4,bursty_r8_s4,64,1787651198.4031157,True,model_3,True,0.4347200477050301,True,True,3+1,"{""model_3"": 1, ""model_4"": 0, ""model_5"": 0, ""model_6"": 0}",False,,4.552197025451026,1.1772084779665457,0.7090058639391857,0.7054100435878939
60,bursty,8,4,bursty_r8_s4,65,1787651203.4562862,True,model_3,True,0.27909967550993076,True,True,3+1,"{""model_3"": 1, ""model_4"": 0, ""model_5"": 0, ""model_6"": 0}",False,,4.395738535214575,1.0895637206236692,1.1552164008525072,0.7753166947192958
60,bursty,8,4,bursty_r8_s4,66,1787651208.5016148,True,model_3,True,0.1825181298256288,True,True,3+1,"{""model_3"": 1, ""model_4"": 0, ""model_5"": 0, ""model_6"": 0}",False,,4.418145766182916,0.9625730199542367,1.4503210543932068,1.0270583077100757
60,bursty,8,4,bursty_r8_s4,67,1787651213.5491467,True,model_3,True,0.2115346195824028,True,True,3+1,"{""model_3"": 1, ""model_4"": 1, ""model_5"": 0, ""model_6"": 0}",True,model_4,4.158165868872725,0.8559149005920178,1.7752439055768172,1.1553770394378202
60,bursty,8,4,bursty_r8_s4,68,1787651218.6110506,True,model_3,True,0.3155088129133553,True,True,2+2,"{""model_3"": 1, ""model_4"": 1, ""model_5"": 0, ""model_6"": 0}",False,,4.119233305065231,0.589451607132012,2.1733327612970386,1.333111806084938
60,bursty,8,4,bursty_r8_s4,69,1787651223.6605809,True,model_3,True,0.20034234192527647,True,True,2+2,"{""model_3"": 1, ""model_4"": 1, ""model_5"": 0, ""model_6"": 0}",False,,4.223090820603497,0.42049666729282126,2.532530622582643,1.5039400198652282
60,bursty,8,4,bursty_r8_s4,70,1787651228.708703,True,model_3,True,0.09452851232102215,True,True,2+2,"{""model_3"": 1, ""model_4"": 1, ""model_5"": 0, ""model_6"": 0}",False,,4.114191678097353,0.3461250700480723,2.809171338792857,1.6334819923719155
60,bursty,8,4,bursty_r8_s4,71,1787651233.7554917,True,model_3,False,0.0,True,True,2+2,"{""model_3"": 1, ""model_4"": 1, ""model_5"": 0, ""model_6"": 0}",False,,3.9861903711906965,0.21187166672249919,3.2099130590720555,1.838409554182473
60,bursty,8,4,bursty_r8_s4,72,1787651238.8168523,True,model_5,False,0.0,False,True,2+2,"{""model_3"": 1, ""model_4"": 0, ""model_5"": 0, ""model_6"": 1}",False,,3.5123327117925687,0.11515078213265983,3.680584660373463,1.8910105681913207
60,bursty,8,4,bursty_r8_s4,73,1787651243.872721,True,model_5,False,0.0,False,True,2+2,"{""model_3"": 1, ""model_4"": 0, ""model_5"": 0, ""model_6"": 1}",True,model_6,3.2417091783100145,0.01706042458936774,4.051720512905665,2.0002915449462124
60,bursty,8,4,bursty_r8_s4,74,1787651248.9217849,True,model_5,False,0.0,False,False,1+3,"{""model_3"": 1, ""model_4"": 0, ""model_5"": 0, ""model_6"": 1}",False,,3.2346518445124928,0.0024020373495750036,4.227604961187147,2.165918352182274
60,bursty,8,4,bursty_r8_s4,75,1787651253.970033,True,model_5,False,0.0,False,False,1+3,"{""model_3"": 1, ""model_4"": 0, ""model_5"": 0, ""model_6"": 1}",False,,3.171239380872083,2.4171552852614298e-06,4.3809935899872485,2.1437970958269648
60,bursty,8,4,bursty_r8_s4,76,1787651259.020253,True,model_5,False,0.0,False,False,1+3,"{""model_3"": 1, ""model_4"": 0, ""model_5"": 0, ""model_6"": 1}",False,,3.1695588385494573,2.459401891030666e-06,4.677689962263335,2.238372892108663
60,bursty,8,4,bursty_r8_s4,77,1787651264.0830815,True,model_5,False,0.0,False,False,1+3,"{""model_3"": 1, ""model_4"": 0, ""model_5"": 0, ""model_6"": 1}",False,,3.3248969672374913,0.022967837963306703,4.635562473066767,2.4238802207006573
60,bursty,8,4,bursty_r8_s4,78,1787651269.1531472,True,model_5,False,0.0,False,False,1+3,"{""model_3"": 1, ""model_4"": 0, ""model_5"": 0, ""model_6"": 1}",False,,3.122111526973992,0.17480278842752428,4.363803027645072,2.4195220776278017
60,bursty,8,4,bursty_r8_s4,79,1787651274.207506,True,model_5,False,0.0,False,False,1+3,"{""model_3"": 1, ""model_4"": 0, ""model_5"": 0, ""model_6"": 1}",True,model_4,2.95052815583391,0.26487935565406184,4.0241302495135445,2.5406533770376862
60,bursty,8,4,bursty_r8_s4,80,1787651279.478463,True,model_5,False,0.0,False,False,2+2,"{""model_3"": 1, ""model_4"": 0, ""model_5"": 0, ""model_6"": 1}",False,,2.6465740677483454,0.350939986466011,3.588370717055839,2.5426154966196557
60,bursty,8,4,bursty_r8_s4,81,1787651284.535813,True,model_5,False,0.0,False,False,2+2,"{""model_3"": 1, ""model_4"": 0, ""model_5"": 0, ""model_6"": 1}",False,,2.3370210387475625,0.5038823424002778,3.259680798198481,2.5631025284370246
60,bursty,8,4,bursty_r8_s4,82,1787651289.5932803,True,model_5,False,0.0,False,False,2+2,"{""model_3"": 1, ""model_4"": 0, ""model_5"": 0, ""model_6"": 1}",False,,2.131378531728813,0.641335117634223,2.9778935247438496,2.618583916938869
60,bursty,8,4,bursty_r8_s4,83,1787651294.6923146,True,model_6,False,0.0,False,False,2+2,"{""model_3"": 0, ""model_4"": 1, ""model_5"": 0, ""model_6"": 1}",False,,2.05603421021138,0.7615292860755742,2.550251789176481,2.6354041660421212
60,bursty,8,4,bursty_r8_s4,84,1787651299.7902718,True,model_6,False,0.0,False,False,2+2,"{""model_3"": 0, ""model_4"": 1, ""model_5"": 0, ""model_6"": 1}",False,,1.966853312079991,0.9001818583423695,2.119320406571068,2.762473652651136
60,bursty,8,4,bursty_r8_s4,85,1787651304.8459737,True,model_6,False,0.0,False,False,2+2,"{""model_3"": 0, ""model_4"": 1, ""model_5"": 0, ""model_6"": 1}",True,model_3,1.8261339379561716,0.952970820798464,1.6667964022660435,2.7568420284381765
60,bursty,8,4,bursty_r8_s4,86,1787651309.9013622,True,model_6,False,0.0,False,False,3+1,"{""model_3"": 0, ""model_4"": 1, ""model_5"": 0, ""model_6"": 1}",False,,1.6181381843788487,0.9587110685603646,1.2967751607672393,2.5110871338884433
60,bursty,10,3,bursty_r10_s3,1,1787652083.0129719,True,model_3,True,0.25523874591285406,False,False,2+2,"{""model_3"": 1, ""model_4"": 0, ""model_5"": 0, ""model_6"": 1}",False,,0.01702949553594024,0.00010767361690548322,0.00037140103825690306,0.00017841056427032477
60,bursty,10,3,bursty_r10_s3,2,1787652088.0502355,True,model_3,False,0.0,True,False,2+2,"{""model_3"": 1, ""model_4"": 0, ""model_5"": 0, ""model_6"": 0}",True,model_6,0.28994968381145747,0.08927668257837039,0.00037141174923760456,0.14021990114971394
60,bursty,10,3,bursty_r10_s3,3,1787652094.0295846,True,model_3,True,0.09482725235145685,True,True,3+1,"{""model_3"": 1, ""model_4"": 0, ""model_5"": 0, ""model_6"": 0}",False,,0.8026270132860256,0.19662727010805953,0.0003721862176409019,0.35842455116670957
60,bursty,10,3,bursty_r10_s3,4,1787652099.0570083,True,model_3,True,0.2595832250146815,True,True,3+1,"{""model_3"": 1, ""model_4"": 0, ""model_5"": 0, ""model_6"": 0}",False,,1.373899366823916,0.24987954351067235,0.00037245885091091724,0.4980582340337747
60,bursty,10,3,bursty_r10_s3,5,1787652104.0728729,True,model_3,True,0.25949289894639727,True,True,3+1,"{""model_3"": 1, ""model_4"": 0, ""model_5"": 0, ""model_6"": 0}",False,,1.8707236954694884,0.3701201314508695,0.0003729580446671932,0.7309934158926855
60,bursty,10,3,bursty_r10_s3,6,1787652109.108673,True,model_3,True,0.23741621036544128,True,True,3+1,"{""model_3"": 1, ""model_4"": 0, ""model_5"": 0, ""model_6"": 0}",False,,2.344020431598301,0.46115044875763916,0.0003734290633639059,0.9732052286265029
60,bursty,10,3,bursty_r10_s3,7,1787652114.1357844,True,model_3,True,0.1595989855214498,True,True,3+1,"{""model_3"": 1, ""model_4"": 0, ""model_5"": 0, ""model_6"": 0}",False,,2.6478624835290234,0.49022238403472435,0.00037384561159559127,1.2388379857944933
60,bursty,10,3,bursty_r10_s3,8,1787652119.145664,True,model_3,True,0.24410978056549437,True,True,3+1,"{""model_3"": 1, ""model_4"": 0, ""model_5"": 0, ""model_6"": 0}",False,,3.327977961495638,0.5585797398388793,0.0003742646992450638,1.4669819407180136
60,bursty,10,3,bursty_r10_s3,9,1787652124.157435,True,model_3,True,0.14611889660848607,True,True,3+1,"{""model_3"": 1, ""model_4"": 0, ""model_5"": 0, ""model_6"": 0}",False,,3.7250340942546654,0.6402271248070476,0.0003748803398802014,1.8208956026955518
60,bursty,10,3,bursty_r10_s3,10,1787652129.170962,True,model_3,True,0.06157941765659014,True,True,3+1,"{""model_3"": 1, ""model_4"": 0, ""model_5"": 0, ""model_6"": 0}",False,,4.047418129811691,0.6700374241868875,0.15726610153480225,2.172107828209518
60,bursty,10,3,bursty_r10_s3,11,1787652134.1850762,True,model_3,True,0.1213932588245942,True,True,3+1,"{""model_3"": 1, ""model_4"": 0, ""model_5"": 0, ""model_6"": 0}",False,,4.369746147291298,0.6700375032266974,0.5068615018116067,2.3852154858357992
60,bursty,10,3,bursty_r10_s3,12,1787652139.2005296,True,model_3,True,0.23022391737309528,True,True,3+1,"{""model_3"": 1, ""model_4"": 1, ""model_5"": 0, ""model_6"": 0}",True,model_4,4.682214983144832,0.6705167283427114,0.9998686746336034,2.582089039430996
60,bursty,10,3,bursty_r10_s3,13,1787652144.2499976,True,model_3,True,0.2946514391224572,True,True,2+2,"{""model_3"": 1, ""model_4"": 1, ""model_5"": 0, ""model_6"": 0}",False,,5.016754941502186,0.6584705250103117,1.6219132539300154,2.7756749958205233
60,bursty,10,3,bursty_r10_s3,14,1787652149.287701,True,model_3,True,0.21978667171544156,True,True,2+2,"{""model_3"": 1, ""model_4"": 1, ""model_5"": 0, ""model_6"": 0}",False,,5.03395249127039,0.5625488992634554,2.2851302127594653,2.860744759173372
60,bursty,10,3,bursty_r10_s3,15,1787652154.3182805,True,model_3,True,0.14364845656363293,True,True,2+2,"{""model_3"": 1, ""model_4"": 1, ""model_5"": 0, ""model_6"": 0}",False,,4.888921688827794,0.4737029082553523,2.7502841246890606,2.9782317600890815
60,bursty,10,3,bursty_r10_s3,16,1787652159.3827739,True,model_3,True,0.0016731992919671998,True,True,2+2,"{""model_3"": 1, ""model_4"": 1, ""model_5"": 0, ""model_6"": 0}",False,,4.480101759810384,0.4118521044284571,3.294857782250527,3.146976762067703
60,bursty,10,3,bursty_r10_s3,17,1787652164.41512,True,model_3,False,0.0,False,True,2+2,"{""model_3"": 1, ""model_4"": 0, ""model_5"": 0, ""model_6"": 1}",False,,4.282861238011493,0.29307376023007015,3.7779979113316093,3.17342970075038
60,bursty,10,3,bursty_r10_s3,18,1787652169.433571,True,model_3,False,0.0,False,True,2+2,"{""model_3"": 1, ""model_4"": 0, ""model_5"": 0, ""model_6"": 1}",True,model_6,4.1910474784322895,0.2073504442937062,4.1456850045491525,3.1505441250566952
60,bursty,10,3,bursty_r10_s3,19,1787652176.7493455,True,model_5,False,0.0,False,False,1+3,"{""model_3"": 1, ""model_4"": 0, ""model_5"": 0, ""model_6"": 1}",False,,3.9093895870467024,0.14247060335517503,4.7502192793057905,3.0278558551332733
60,bursty,10,3,bursty_r10_s3,20,1787652181.7739031,True,model_5,False,0.0,False,False,1+3,"{""model_3"": 1, ""model_4"": 0, ""model_5"": 0, ""model_6"": 1}",False,,3.7933201306306885,0.09175625181472791,5.3218054771831635,2.8717585475933136
60,bursty,10,3,bursty_r10_s3,21,1787652186.796591,True,model_5,False,0.0,False,False,1+3,"{""model_3"": 1, ""model_4"": 0, ""model_5"": 0, ""model_6"": 1}",False,,3.9081571893434446,0.0004798299440977871,5.933980502812899,2.6666532726428143
60,bursty,10,3,bursty_r10_s3,22,1787652191.8213384,True,model_5,False,0.0,False,False,1+3,"{""model_3"": 1, ""model_4"": 0, ""model_5"": 0, ""model_6"": 1}",False,,3.7442482948100184,0.00047974740490452916,6.253173166549118,2.6490683113269373
60,bursty,10,3,bursty_r10_s3,23,1787652196.8462815,True,model_5,False,0.0,False,False,1+3,"{""model_3"": 1, ""model_4"": 0, ""model_5"": 0, ""model_6"": 1}",False,,3.9652956283127163,3.035945143725627e-06,6.241394447907256,2.7103860239052544
60,bursty,10,3,bursty_r10_s3,24,1787652201.8694308,True,model_5,False,0.0,False,False,1+3,"{""model_3"": 1, ""model_4"": 0, ""model_5"": 0, ""model_6"": 1}",True,model_4,4.012854976043024,3.041915819235186e-06,6.356687941640434,2.6759554768502083
60,bursty,10,3,bursty_r10_s3,25,1787652206.9178896,True,model_5,False,0.0,False,False,2+2,"{""model_3"": 1, ""model_4"": 0, ""model_5"": 0, ""model_6"": 1}",False,,3.9212094013825047,2.4962062301625565e-06,6.558146476249217,2.609413390564825
60,bursty,10,3,bursty_r10_s3,26,1787652211.9444835,True,model_5,False,0.0,False,False,2+2,"{""model_3"": 1, ""model_4"": 0, ""model_5"": 0, ""model_6"": 1}",False,,3.6965769109248705,2.482897709654708e-06,6.523181721361886,2.491543884480473
60,bursty,10,3,bursty_r10_s3,27,1787652216.9707022,True,model_5,False,0.0,False,False,2+2,"{""model_3"": 1, ""model_4"": 0, ""model_5"": 0, ""model_6"": 1}",False,,3.652378647839815,2.429077964993809e-06,6.381784040368366,2.3999753117686975
60,bursty,10,3,bursty_r10_s3,28,1787652221.9988308,True,model_5,False,0.0,False,False,2+2,"{""model_3"": 1, ""model_4"": 0, ""model_5"": 0, ""model_6"": 1}",False,,3.8288355917155132,2.4333391137609794e-06,6.392979128807253,2.295001670753867
60,bursty,10,3,bursty_r10_s3,29,1787652227.0527666,True,model_5,False,0.0,False,False,2+2,"{""model_3"": 1, ""model_4"": 1, ""model_5"": 0, ""model_6"": 1}",False,,3.569415875179526,2.465772324988791e-06,6.478189138441621,2.1945130834963953
60,bursty,10,3,bursty_r10_s3,30,1787652232.0811708,True,model_5,False,0.0,False,False,2+2,"{""model_3"": 1, ""model_4"": 1, ""model_5"": 0, ""model_6"": 1}",True,model_4,3.717303599570586,2.5831256240671507e-06,6.786505057486028,2.0843913970176375
60,bursty,10,3,bursty_r10_s3,31,1787652237.1317372,True,model_5,False,0.0,False,False,1+3,"{""model_3"": 1, ""model_4"": 1, ""model_5"": 0, ""model_6"": 1}",False,,3.85230716615485,2.7926979782044725e-06,6.785603083535979,2.2885029485558803
60,bursty,10,3,bursty_r10_s3,32,1787652242.1811614,True,model_5,False,0.0,False,False,1+3,"{""model_3"": 1, ""model_4"": 1, ""model_5"": 0, ""model_6"": 1}",False,,3.7776910870302687,2.7450995561117963e-06,6.698164667672068,2.258455767481708
60,bursty,10,3,bursty_r10_s3,33,1787652247.2127972,True,model_5,False,0.0,False,False,1+3,"{""model_3"": 1, ""model_4"": 1, ""model_5"": 0, ""model_6"": 1}",False,,3.5504257469338567,0.09077145195213188,6.591360340527619,2.3312924553721635
60,bursty,10,3,bursty_r10_s3,34,1787652252.2824862,True,model_5,False,0.0,False,False,1+3,"{""model_3"": 1, ""model_4"": 0, ""model_5"": 0, ""model_6"": 1}",False,,3.2855162588106306,0.26157230048312385,5.993723012681081,2.337765497390139
60,bursty,10,3,bursty_r10_s3,35,1787652257.3153205,True,model_5,False,0.0,False,False,1+3,"{""model_3"": 1, ""model_4"": 0, ""model_5"": 0, ""model_6"": 1}",False,,2.9300255394978767,0.4028551661415567,5.5705380582329305,2.310470497572161
60,bursty,10,3,bursty_r10_s3,36,1787652262.3565884,True,model_5,False,0.0,False,False,1+3,"{""model_3"": 1, ""model_4"": 0, ""model_5"": 0, ""model_6"": 1}",True,model_4,2.5777278505981123,0.5415078347376334,4.803329627776527,2.528904371479954
60,bursty,10,3,bursty_r10_s3,37,1787652267.3936312,True,model_5,False,0.0,False,False,2+2,"{""model_3"": 1, ""model_4"": 0, ""model_5"": 0, ""model_6"": 1}",False,,2.3401581209246385,0.6340599247324006,4.1802778574549855,2.739129147813337
60,bursty,10,3,bursty_r10_s3,38,1787652272.4599938,True,model_5,False,0.0,False,False,2+2,"{""model_3"": 1, ""model_4"": 0, ""model_5"": 0, ""model_6"": 1}",False,,2.106618608288968,0.8982750228927885,3.5789265192258783,2.8455045798788836
60,bursty,10,3,bursty_r10_s3,39,1787652277.494769,True,model_5,False,0.0,False,False,2+2,"{""model_3"": 1, ""model_4"": 0, ""model_5"": 0, ""model_6"": 1}",False,,1.9117875936103763,1.0900875033557402,3.2498651993302623,2.8870455368187122
60,bursty,10,3,bursty_r10_s3,40,1787652282.5282342,True,model_6,False,0.0,False,False,2+2,"{""model_3"": 0, ""model_4"": 1, ""model_5"": 0, ""model_6"": 1}",False,,1.6059846980382444,1.2524435226064403,2.7798837351131915,2.8984884033886877
60,bursty,10,3,bursty_r10_s3,41,1787652287.5668108,True,model_6,False,0.0,False,False,2+2,"{""model_3"": 0, ""model_4"": 1, ""model_5"": 0, ""model_6"": 1}",False,,1.4085207350433455,1.4066933321590156,2.2355158555314025,2.9702803877103507
60,bursty,10,3,bursty_r10_s3,42,1787652292.605977,True,model_6,False,0.0,False,False,2+2,"{""model_3"": 1, ""model_4"": 0, ""model_5"": 0, ""model_6"": 1}",False,,1.0369526475564814,1.551836887534828,1.6085909539818275,3.083995546162876
60,bursty,10,3,bursty_r10_s3,43,1787652297.6463728,True,model_6,False,0.0,False,False,2+2,"{""model_3"": 1, ""model_4"": 0, ""model_5"": 0, ""model_6"": 1}",False,,0.6901444296635082,1.7224357255231526,1.1716660878548706,3.0301452136390377
60,bursty,10,3,bursty_r10_s3,44,1787652302.6852057,True,model_6,False,0.0,False,False,2+2,"{""model_3"": 0, ""model_4"": 0, ""model_5"": 0, ""model_6"": 1}",True,model_3,0.28658998452271917,1.9190011770981068,0.5898397803075822,3.3188676069956697
60,bursty,10,3,bursty_r10_s3,45,1787652307.7216773,True,model_6,False,0.0,False,False,3+1,"{""model_3"": 0, ""model_4"": 0, ""model_5"": 0, ""model_6"": 1}",False,,0.10497907470904719,1.974329914034887,0.23016431406513327,3.458475804613079
60,bursty,10,3,bursty_r10_s3,46,1787652312.7629821,True,model_6,False,0.0,False,False,3+1,"{""model_3"": 0, ""model_4"": 0, ""model_5"": 0, ""model_6"": 1}",False,,0.23863851901471628,1.9787445227368217,0.5040461591759551,3.4332199222036506
60,bursty,10,3,bursty_r10_s3,47,1787652317.80158,True,model_6,False,0.0,False,False,3+1,"{""model_3"": 1, ""model_4"": 0, ""model_5"": 0, ""model_6"": 1}",False,,0.5492594541980168,1.9904347757454262,1.080301628065366,3.20584052476982
60,bursty,10,3,bursty_r10_s3,48,1787652322.8548799,True,model_6,False,0.0,False,False,3+1,"{""model_3"": 1, ""model_4"": 0, ""model_5"": 0, ""model_6"": 1}",False,,0.7826873305400742,1.9705305818070897,1.5936841558142976,2.775598540071555
60,bursty,10,3,bursty_r10_s3,49,1787652327.9013515,True,model_6,False,0.0,False,False,3+1,"{""model_3"": 1, ""model_4"": 0, ""model_5"": 0, ""model_6"": 1}",False,,1.291500442089836,1.9503673740111211,2.106851975449052,2.4075660497844074
60,bursty,10,3,bursty_r10_s3,50,1787652332.9523735,False,model_5,False,0.0,False,False,3+1,"{""model_3"": 0, ""model_4"": 1, ""model_5"": 0, ""model_6"": 1}",True,model_4,1.7728502778819493,1.7728502778819486,2.8461522707450095,2.136683331187211
60,bursty,10,3,bursty_r10_s3,51,1787652340.1035469,True,model_5,False,0.0,False,False,2+2,"{""model_3"": 1, ""model_4"": 0, ""model_5"": 0, ""model_6"": 1}",False,,2.2509752430644148,1.7142221617398579,3.586090091597276,1.79793505946934
60,bursty,10,3,bursty_r10_s3,52,1787652345.1823528,True,model_5,False,0.0,False,False,2+2,"{""model_3"": 1, ""model_4"": 1, ""model_5"": 0, ""model_6"": 1}",False,,2.591116952409663,1.690641780431208,4.249625299642604,1.5549330053641803
60,bursty,10,3,bursty_r10_s3,53,1787652350.2436135,True,model_5,False,0.0,False,False,2+2,"{""model_3"": 1, ""model_4"": 1, ""model_5"": 0, ""model_6"": 1}",False,,2.8863323318364253,1.6991171901312412,5.019221531039787,1.3235268831975797
60,bursty,10,3,bursty_r10_s3,54,1787652355.3359003,True,model_5,False,0.0,False,False,2+2,"{""model_3"": 1, ""model_4"": 1, ""model_5"": 0, ""model_6"": 1}",False,,3.0009453736668985,1.6312367706729165,5.473073710644523,1.504446725530825
60,bursty,10,3,bursty_r10_s3,55,1787652360.385635,True,model_5,False,0.0,False,False,2+2,"{""model_3"": 1, ""model_4"": 1, ""model_5"": 0, ""model_6"": 1}",False,,3.0370770611974502,1.4407310537863127,5.745098497710314,1.6715031845382535
60,bursty,10,3,bursty_r10_s3,56,1787652365.454372,True,model_5,False,0.0,False,False,2+2,"{""model_3"": 1, ""model_4"": 1, ""model_5"": 0, ""model_6"": 1}",True,model_3,3.0370770613973352,1.2683765921263768,5.7476452480867,1.7664867461272444
60,bursty,10,3,bursty_r10_s3,57,1787652370.5249088,True,model_5,False,0.0,False,False,1+3,"{""model_3"": 1, ""model_4"": 1, ""model_5"": 0, ""model_6"": 1}",False,,2.9704705913957334,1.053541538250855,5.686149895713188,2.073890867201911
60,bursty,10,3,bursty_r10_s3,58,1787652375.6052744,True,model_5,False,0.0,False,False,1+3,"{""model_3"": 1, ""model_4"": 0, ""model_5"": 0, ""model_6"": 1}",False,,2.6721775110639427,0.9259947030146809,5.0669182503565695,2.679544634116826
60,bursty,10,3,bursty_r10_s3,59,1787652380.6580904,True,model_5,False,0.0,False,False,1+3,"{""model_3"": 1, ""model_4"": 0, ""model_5"": 0, ""model_6"": 1}",False,,2.334780619241092,0.7863423048273459,4.640496801146465,3.3617847674169403
60,bursty,10,3,bursty_r10_s3,60,1787652385.7110198,True,model_5,False,0.0,False,False,1+3,"{""model_3"": 1, ""model_4"": 0, ""model_5"": 0, ""model_6"": 1}",False,,1.935091586885778,0.6860984006043496,4.084933905205318,4.075014964299162
60,bursty,10,3,bursty_r10_s3,61,1787652390.7637322,True,model_6,False,0.0,False,False,1+3,"{""model_3"": 0, ""model_4"": 1, ""model_5"": 0, ""model_6"": 1}",False,,1.0533678712370902,1.0533678712370893,3.347384500518287,4.678429220412231
60,bursty,10,3,bursty_r10_s3,62,1787652395.8185444,True,model_6,False,0.0,False,False,1+3,"{""model_3"": 0, ""model_4"": 0, ""model_5"": 0, ""model_6"": 1}",True,model_3,1.2172189457196072,0.4270370165147206,2.7768063911733263,5.306869991687818
60,bursty,10,3,bursty_r10_s3,63,1787652400.8742044,True,model_6,False,0.0,False,False,2+2,"{""model_3"": 0, ""model_4"": 0, ""model_5"": 0, ""model_6"": 1}",False,,0.7556854145056459,0.36400001279724403,2.286132562344777,5.819225450778797
60,bursty,10,3,bursty_r10_s3,64,1787652405.931302,True,model_6,False,0.0,False,False,2+2,"{""model_3"": 0, ""model_4"": 0, ""model_5"": 0, ""model_6"": 1}",False,,0.5148074002783982,0.24369805929484878,2.099636183848631,6.023438756275017
60,bursty,10,3,bursty_r10_s3,65,1787652411.0736902,True,model_6,False,0.0,False,False,2+2,"{""model_3"": 0, ""model_4"": 0, ""model_5"": 0, ""model_6"": 1}",False,,0.36495880936536934,0.1552212578492813,1.8337660977478685,6.095179734057602
60,bursty,10,3,bursty_r10_s3,66,1787652416.1329756,True,model_6,False,0.0,False,False,2+2,"{""model_3"": 0, ""model_4"": 0, ""model_5"": 0, ""model_6"": 1}",False,,0.5204651740402513,0.18904595118221557,1.9545244924725418,5.66916830080229
60,bursty,10,3,bursty_r10_s3,67,1787652421.245536,True,model_6,False,0.0,False,False,2+2,"{""model_3"": 0, ""model_4"": 0, ""model_5"": 0, ""model_6"": 1}",False,,0.7995476066505295,0.2591873214848124,2.285177531103544,5.118890790222682
60,bursty,10,3,bursty_r10_s3,68,1787652426.3005557,True,model_6,False,0.0,False,False,2+2,"{""model_3"": 0, ""model_4"": 0, ""model_5"": 0, ""model_6"": 1}",True,model_4,1.0548224525934848,0.3733979055648131,2.913481973251865,4.57108534885974
60,bursty,10,3,bursty_r10_s3,69,1787652431.6626534,True,model_6,False,0.0,False,False,3+1,"{""model_3"": 0, ""model_4"": 1, ""model_5"": 0, ""model_6"": 1}",False,,1.3109376434441524,0.4474012457605321,3.7278583355668964,3.897943449686936
60,bursty,10,3,bursty_r10_s3,70,1787652436.7530239,True,model_5,False,0.0,False,False,3+1,"{""model_3"": 1, ""model_4"": 0, ""model_5"": 0, ""model_6"": 1}",False,,0.9908733045061002,0.9908733045060996,4.478619005757638,3.322817820692402
60,bursty,10,3,bursty_r10_s3,71,1787652441.8443892,True,model_5,False,0.0,False,False,3+1,"{""model_3"": 1, ""model_4"": 1, ""model_5"": 0, ""model_6"": 1}",False,,1.8348745365085193,0.5202519968292751,4.931834387013415,2.4301459809799213
60,bursty,10,3,bursty_r10_s3,72,1787652446.912427,True,model_5,False,0.0,False,False,3+1,"{""model_3"": 1, ""model_4"": 1, ""model_5"": 0, ""model_6"": 1}",False,,2.1376503204770114,0.6092238993339718,5.486601423586868,1.8429158305928977
60,bursty,10,3,bursty_r10_s3,73,1787652452.0060856,True,model_5,False,0.0,False,False,3+1,"{""model_3"": 1, ""model_4"": 1, ""model_5"": 0, ""model_6"": 1}",False,,2.550503572299355,0.7168525192852409,6.311536186846627,1.2488547035649717
60,bursty,10,3,bursty_r10_s3,74,1787652457.06865,True,model_5,False,0.0,False,False,3+1,"{""model_3"": 1, ""model_4"": 1, ""model_5"": 0, ""model_6"": 1}",True,model_3,2.8414049410180855,0.7898338716115179,6.790858163513522,0.6512500697180105
60,bursty,10,3,bursty_r10_s3,75,1787652462.1292763,True,model_5,False,0.0,False,False,2+2,"{""model_3"": 1, ""model_4"": 1, ""model_5"": 0, ""model_6"": 1}",False,,3.0720306840229683,0.8362551763228652,7.359046968341415,0.17256385329336427
60,bursty,10,3,bursty_r10_s3,76,1787652467.2279654,True,model_5,False,0.0,False,False,2+2,"{""model_3"": 1, ""model_4"": 1, ""model_5"": 0, ""model_6"": 1}",False,,3.3964313856840636,0.8379472577521775,7.4616066968745836,0.044424215605531336
60,bursty,10,3,bursty_r10_s3,77,1787652472.29326,True,model_5,False,0.0,False,False,2+2,"{""model_3"": 1, ""model_4"": 1, ""model_5"": 0, ""model_6"": 1}",False,,3.5600601329416075,0.8530370502919632,8.086409414693836,0.0019659624344515736
60,bursty,10,3,bursty_r10_s3,78,1787652477.3580444,True,model_5,False,0.0,False,False,2+2,"{""model_3"": 1, ""model_4"": 1, ""model_5"": 0, ""model_6"": 1}",False,,3.413404744886174,0.886938843787851,8.489326545279027,3.5404286048423828e-06
60,bursty,10,3,bursty_r10_s3,79,1787652482.428549,True,model_5,False,0.0,False,False,2+2,"{""model_3"": 1, ""model_4"": 1, ""model_5"": 0, ""model_6"": 1}",False,,3.4748005597196814,0.8755100946423497,8.534584412674938,0.0043105968540088635
60,bursty,10,3,bursty_r10_s3,80,1787652487.49922,True,model_5,False,0.0,False,False,2+2,"{""model_3"": 1, ""model_4"": 1, ""model_5"": 0, ""model_6"": 1}",True,model_4,3.4091473605408376,0.7887868496636878,8.727659907718948,0.31882414256387714
60,bursty,10,3,bursty_r10_s3,81,1787652492.5654607,True,model_5,False,0.0,False,False,1+3,"{""model_3"": 1, ""model_4"": 1, ""model_5"": 0, ""model_6"": 1}",False,,3.286524584204203,0.7582986632593934,8.716676253307158,0.6193979641236228
60,bursty,10,3,bursty_r10_s3,82,1787652497.668597,True,model_5,False,0.0,False,False,1+3,"{""model_3"": 1, ""model_4"": 1, ""model_5"": 0, ""model_6"": 1}",False,,3.161772325787957,0.7241216121421932,8.975914178010475,0.8191242750199126
60,bursty,10,3,bursty_r10_s3,83,1787652502.7385886,True,model_5,False,0.0,False,False,1+3,"{""model_3"": 1, ""model_4"": 1, ""model_5"": 0, ""model_6"": 1}",False,,2.9608354820793465,0.6751917863252519,8.921848798298507,1.235349369340165
60,bursty,10,3,bursty_r10_s3,84,1787652507.81262,True,model_5,False,0.0,False,False,1+3,"{""model_3"": 1, ""model_4"": 1, ""model_5"": 0, ""model_6"": 1}",False,,2.670717859116732,0.5780394478239423,8.458446417136251,1.3937655075577202
60,bursty,10,3,bursty_r10_s3,85,1787652512.8846972,True,model_5,False,0.0,False,False,1+3,"{""model_3"": 1, ""model_4"": 1, ""model_5"": 0, ""model_6"": 1}",False,,2.3112498563070996,0.47625706943990886,7.82276701151397,1.448838862913955
60,bursty,10,4,bursty_r10_s4,1,1787653284.339626,True,model_5,False,0.0,False,False,2+2,"{""model_3"": 1, ""model_4"": 0, ""model_5"": 0, ""model_6"": 1}",False,,0.0003921265419459924,3.6351047416312635e-10,0.0009550312412320363,0.0001783971323859336
60,bursty,10,4,bursty_r10_s4,2,1787653289.3469183,True,model_5,False,0.0,False,False,2+2,"{""model_3"": 1, ""model_4"": 1, ""model_5"": 0, ""model_6"": 1}",True,model_4,0.024871958627310297,0.002138195178160551,0.6386506816758848,0.00017848464334829924
60,bursty,10,4,bursty_r10_s4,3,1787653294.3520446,True,model_5,False,0.0,False,False,1+3,"{""model_3"": 1, ""model_4"": 1, ""model_5"": 0, ""model_6"": 1}",False,,0.06548513250498071,0.016197176870263848,1.3676047374442766,0.00017847642096048555
60,bursty,10,4,bursty_r10_s4,4,1787653299.3622453,True,model_5,False,0.0,False,False,1+3,"{""model_3"": 1, ""model_4"": 1, ""model_5"": 0, ""model_6"": 1}",False,,0.10850701596419819,0.022411483511552123,2.530302216353101,0.00017852435618482924
60,bursty,10,4,bursty_r10_s4,5,1787653304.3806145,True,model_5,False,0.0,False,False,1+3,"{""model_3"": 1, ""model_4"": 1, ""model_5"": 0, ""model_6"": 1}",False,,0.18357123970814532,0.031579127348069905,3.874190344640116,0.00017860636239585594
60,bursty,10,4,bursty_r10_s4,6,1787653309.4032495,True,model_5,False,0.0,False,False,1+3,"{""model_3"": 1, ""model_4"": 1, ""model_5"": 0, ""model_6"": 1}",False,,0.20866733839268886,0.03157913458909971,4.963403475265253,0.00017863079538848678
60,bursty,10,4,bursty_r10_s4,7,1787653314.4622974,True,model_5,False,0.0,False,False,1+3,"{""model_3"": 1, ""model_4"": 1, ""model_5"": 0, ""model_6"": 1}",False,,0.23432361785144082,0.032440529310505645,6.030491715468516,0.00017865661238646545
60,bursty,10,4,bursty_r10_s4,8,1787653319.5169888,True,model_5,False,0.0,False,False,1+3,"{""model_3"": 1, ""model_4"": 1, ""model_5"": 0, ""model_6"": 1}",False,,0.30563463040819067,0.03244054988602133,7.2325046471413925,0.00017872603917103505
60,bursty,10,4,bursty_r10_s4,9,1787653324.5416718,True,model_5,False,0.0,False,False,1+3,"{""model_3"": 1, ""model_4"": 1, ""model_5"": 0, ""model_6"": 1}",False,,0.3845641014941769,0.0324405726597067,8.334504584940804,0.00017880288311382907
60,bursty,10,4,bursty_r10_s4,10,1787653329.5963163,True,model_5,False,0.0,False,False,1+3,"{""model_3"": 1, ""model_4"": 1, ""model_5"": 0, ""model_6"": 1}",False,,0.5215843188655908,0.03324047184755829,9.283911753307809,0.00017893706161374937
60,bursty,10,4,bursty_r10_s4,11,1787653334.609966,True,model_5,False,0.0,False,False,1+3,"{""model_3"": 1, ""model_4"": 1, ""model_5"": 0, ""model_6"": 1}",False,,1.3347987487841588,0.034979140242539064,9.726515676327677,0.046715558108761476
60,bursty,10,4,bursty_r10_s4,12,1787653339.6404757,True,model_5,False,0.0,False,False,1+3,"{""model_3"": 1, ""model_4"": 1, ""model_5"": 0, ""model_6"": 1}",False,,1.9567114443105016,0.03497943449048614,9.794482066328689,0.07181904070927322
60,bursty,10,4,bursty_r10_s4,13,1787653344.6563153,True,model_5,False,0.0,False,False,1+3,"{""model_3"": 1, ""model_4"": 1, ""model_5"": 0, ""model_6"": 1}",False,,3.159083458071757,0.03497999179087019,9.632126755319243,0.09488417118119893
60,bursty,10,4,bursty_r10_s4,14,1787653349.6703959,True,model_5,False,0.0,False,False,1+3,"{""model_3"": 1, ""model_4"": 1, ""model_5"": 0, ""model_6"": 1}",False,,4.233454164926356,0.032842396529358914,9.020429245310124,0.10500268653764885
60,bursty,10,4,bursty_r10_s4,15,1787653354.9629624,True,model_5,False,0.0,False,False,1+3,"{""model_3"": 1, ""model_4"": 1, ""model_5"": 0, ""model_6"": 1}",False,,4.7650097015728585,0.018783575528601743,8.347928079609233,0.1545719452152182
60,bursty,10,4,bursty_r10_s4,16,1787653359.9809766,True,model_5,False,0.0,False,False,1+3,"{""model_3"": 1, ""model_4"": 1, ""model_5"": 0, ""model_6"": 1}",False,,5.975448318482715,0.011293134106570568,7.060652081010806,0.1736613817329624
60,bursty,10,4,bursty_r10_s4,17,1787653364.9997249,True,model_3,True,0.030941664732832126,True,False,1+3,"{""model_3"": 1, ""model_4"": 1, ""model_5"": 0, ""model_6"": 0}",True,model_6,7.190200327353981,0.09045669705519671,5.884212763686474,0.09045669705519674
60,bursty,10,4,bursty_r10_s4,18,1787653370.285242,True,model_3,True,0.27523700368964704,True,True,2+2,"{""model_3"": 1, ""model_4"": 0, ""model_5"": 0, ""model_6"": 0}",False,,8.325126575900521,0.0034018055919726653,4.686762759055037,0.22124280892298362
60,bursty,10,4,bursty_r10_s4,19,1787653375.308059,True,model_3,True,0.27375213136391613,True,True,2+2,"{""model_3"": 1, ""model_4"": 0, ""model_5"": 0, ""model_6"": 0}",False,,10.31376832434091,0.0025409920601958676,3.571020982840122,0.2617631865198335
60,bursty,10,4,bursty_r10_s4,20,1787653380.3286378,True,model_3,True,0.27139026483348655,True,True,2+2,"{""model_3"": 1, ""model_4"": 0, ""model_5"": 0, ""model_6"": 0}",False,,12.17143980777134,0.0025415280580389694,2.3958550405041024,0.2857690388480429
60,bursty,10,4,bursty_r10_s4,21,1787653385.3575058,True,model_3,True,0.27430255944009035,True,True,2+2,"{""model_3"": 1, ""model_4"": 0, ""model_5"": 0, ""model_6"": 0}",False,,13.230685633722306,0.0025418336844549236,1.2217502439916723,0.3416569758695038
60,bursty,10,4,bursty_r10_s4,22,1787653390.3760507,True,model_3,True,0.2812383907020452,True,True,2+2,"{""model_3"": 1, ""model_4"": 0, ""model_5"": 0, ""model_6"": 0}",False,,14.312618781028723,0.0011577733803435466,0.39182903281465054,0.4495088334384544
60,bursty,10,4,bursty_r10_s4,23,1787653395.3985405,True,model_3,True,0.26175744520657246,True,True,2+2,"{""model_3"": 1, ""model_4"": 0, ""model_5"": 0, ""model_6"": 0}",True,model_4,14.820254598616522,4.276119102619948e-06,0.029606521318785342,0.458275759320234
60,bursty,10,4,bursty_r10_s4,24,1787653400.4201908,True,model_3,True,0.25924190130088237,True,True,3+1,"{""model_3"": 1, ""model_4"": 0, ""model_5"": 0, ""model_6"": 0}",False,,15.433820600607158,1.6699310254427568e-07,6.363999059955106e-07,0.4502479056784884
60,bursty,10,4,bursty_r10_s4,25,1787653405.4584758,True,model_3,True,0.2592419003700239,True,True,3+1,"{""model_3"": 1, ""model_4"": 0, ""model_5"": 0, ""model_6"": 0}",False,,15.630163961967257,1.6608568547614837e-07,6.329417984174412e-07,0.44780132171148
60,bursty,10,4,bursty_r10_s4,26,1787653410.4839795,True,model_3,True,0.2592418988972279,True,True,3+1,"{""model_3"": 1, ""model_4"": 0, ""model_5"": 0, ""model_6"": 0}",False,,15.9246509949687,1.643275647841932e-07,6.262417144298205e-07,0.44306106527540157
60,bursty,10,4,bursty_r10_s4,27,1787653415.5110326,True,model_3,True,0.25924189638998296,True,True,3+1,"{""model_3"": 1, ""model_4"": 0, ""model_5"": 0, ""model_6"": 0}",False,,16.12844476062577,1.5800400183543343e-07,6.021430253300153e-07,0.42601143325531277
60,bursty,10,4,bursty_r10_s4,28,1787653420.5511944,True,model_3,True,0.2666012025156974,True,True,3+1,"{""model_3"": 1, ""model_4"": 0, ""model_5"": 0, ""model_6"": 0}",False,,15.687806563633318,4.733919359322135e-07,0.09168382430104571,0.6384564743905301
60,bursty,10,4,bursty_r10_s4,29,1787653425.5789952,True,model_3,True,0.27315092757865883,True,True,3+1,"{""model_3"": 1, ""model_4"": 0, ""model_5"": 0, ""model_6"": 0}",False,,14.727600698562426,0.006999640024221558,0.16267514452291365,1.155450248918963
60,bursty,10,4,bursty_r10_s4,30,1787653430.6062267,True,model_3,True,0.2785836363078111,True,True,3+1,"{""model_3"": 1, ""model_4"": 0, ""model_5"": 0, ""model_6"": 0}",False,,13.468370336219,0.01815184010383259,0.20687237282899895,1.5574036064986945
60,bursty,10,4,bursty_r10_s4,31,1787653435.6364644,True,model_3,True,0.2920897189048935,True,True,3+1,"{""model_3"": 1, ""model_4"": 0, ""model_5"": 0, ""model_6"": 0}",False,,11.494125233675772,0.0327495903799805,0.29982923947289386,1.9018112703544197
60,bursty,10,4,bursty_r10_s4,32,1787653440.667753,True,model_3,True,0.30264878286666536,True,True,3+1,"{""model_3"": 1, ""model_4"": 0, ""model_5"": 0, ""model_6"": 0}",False,,9.610853488864011,0.058207010460987724,0.3312927364785625,2.332333592798905
60,bursty,10,4,bursty_r10_s4,33,1787653445.7291408,True,model_3,True,0.3162403664907231,True,True,3+1,"{""model_3"": 1, ""model_4"": 0, ""model_5"": 0, ""model_6"": 0}",False,,8.507689490215093,0.0655906532113401,0.3850933680807578,2.754649664854048
60,bursty,10,4,bursty_r10_s4,34,1787653450.762081,True,model_3,True,0.33755895227853666,True,True,3+1,"{""model_3"": 1, ""model_4"": 0, ""model_5"": 0, ""model_6"": 0}",False,,7.1507075827722755,0.08044978314389017,0.4447300586893741,2.9574357963695137
60,bursty,10,4,bursty_r10_s4,35,1787653455.802411,True,model_3,True,0.24790316948935562,True,True,3+1,"{""model_3"": 1, ""model_4"": 0, ""model_5"": 0, ""model_6"": 0}",False,,5.862235784015166,0.0941246725669966,0.5514819183446034,3.374272539748546
60,bursty,10,4,bursty_r10_s4,36,1787653460.835745,True,model_3,False,0.0,True,True,3+1,"{""model_3"": 1, ""model_4"": 1, ""model_5"": 0, ""model_6"": 0}",True,model_4,4.396914914840413,0.10124683249155904,0.7307630556989282,3.686925582532475
60,bursty,10,4,bursty_r10_s4,37,1787653465.8726847,True,model_6,False,0.0,False,True,2+2,"{""model_3"": 1, ""model_4"": 0, ""model_5"": 1, ""model_6"": 0}",False,,3.176840507447554,0.10839796270157143,0.7796813071387735,4.036787430397959
60,bursty,10,4,bursty_r10_s4,38,1787653470.9415095,True,model_6,False,0.0,False,True,2+2,"{""model_3"": 1, ""model_4"": 1, ""model_5"": 1, ""model_6"": 0}",False,,1.8305575293747776,0.1648343489674644,0.8164493056414318,4.6028921450148035
60,bursty,10,4,bursty_r10_s4,39,1787653475.9767566,True,model_6,False,0.0,False,True,2+2,"{""model_3"": 1, ""model_4"": 1, ""model_5"": 1, ""model_6"": 0}",False,,0.8513625157490198,0.18407586417131083,0.893114693424673,4.913941034484794
60,bursty,10,4,bursty_r10_s4,40,1787653481.029172,True,model_6,False,0.0,False,True,2+2,"{""model_3"": 1, ""model_4"": 1, ""model_5"": 1, ""model_6"": 0}",False,,0.19012629415313928,0.1988872946023443,0.8400574076394515,4.988561856267215
60,bursty,10,4,bursty_r10_s4,41,1787653486.1009328,True,model_6,False,0.0,False,True,2+2,"{""model_3"": 1, ""model_4"": 1, ""model_5"": 1, ""model_6"": 0}",False,,8.673774407445633e-07,0.2027327908559325,0.8344333176494524,4.9185793264609865
60,bursty,10,4,bursty_r10_s4,42,1787653491.1661432,True,model_6,False,0.0,False,True,2+2,"{""model_3"": 1, ""model_4"": 1, ""model_5"": 1, ""model_6"": 0}",True,model_5,8.758189117705525e-07,0.22305229398701834,0.816818310168967,4.993531472082527
60,bursty,10,4,bursty_r10_s4,43,1787653496.2049506,True,model_6,False,0.0,False,False,1+3,"{""model_3"": 1, ""model_4"": 1, ""model_5"": 1, ""model_6"": 0}",False,,4.885765273263816e-07,0.2516024402854601,0.7666248002534277,5.317140547299322
60,bursty,10,4,bursty_r10_s4,44,1787653501.2461274,True,model_6,False,0.0,False,False,1+3,"{""model_3"": 1, ""model_4"": 1, ""model_5"": 1, ""model_6"": 0}",False,,5.966233895423011e-07,0.22974481877882225,1.013659547985448,5.662746017888893
60,bursty,10,4,bursty_r10_s4,45,1787653506.2882395,True,model_6,False,0.0,False,False,1+3,"{""model_3"": 1, ""model_4"": 1, ""model_5"": 1, ""model_6"": 0}",False,,0.04330264485140581,0.26576928684510526,1.0124392302883178,6.029070996449068
60,bursty,10,4,bursty_r10_s4,46,1787653511.335094,True,model_6,False,0.0,False,False,1+3,"{""model_3"": 1, ""model_4"": 1, ""model_5"": 1, ""model_6"": 0}",False,,0.4134701670033603,0.34084888841011285,0.9690914233946196,6.545300213487809
60,bursty,10,4,bursty_r10_s4,47,1787653516.3779993,True,model_6,False,0.0,False,False,1+3,"{""model_3"": 1, ""model_4"": 1, ""model_5"": 1, ""model_6"": 0}",False,,0.8926480637013408,0.46118192045849415,0.8626065498036442,6.704506568090942
60,bursty,10,4,bursty_r10_s4,48,1787653521.4213986,True,model_6,False,0.0,False,False,1+3,"{""model_3"": 1, ""model_4"": 1, ""model_5"": 1, ""model_6"": 0}",False,,1.5357916105701894,0.604187964638117,0.6855017980535212,6.465837205059356
60,bursty,10,4,bursty_r10_s4,49,1787653526.4639502,True,model_6,False,0.0,False,False,1+3,"{""model_3"": 1, ""model_4"": 1, ""model_5"": 1, ""model_6"": 0}",False,,2.3444685762176682,0.8019830340395336,0.643164320556135,6.183129330621619
60,bursty,10,4,bursty_r10_s4,50,1787653531.5057025,True,model_6,False,0.0,False,False,1+3,"{""model_3"": 1, ""model_4"": 1, ""model_5"": 1, ""model_6"": 0}",False,,3.0189822464421945,0.9645547031552293,0.6077759504250551,5.688358693793513
60,bursty,10,4,bursty_r10_s4,51,1787653536.5525846,True,model_6,False,0.0,False,False,1+3,"{""model_3"": 1, ""model_4"": 1, ""model_5"": 1, ""model_6"": 0}",False,,3.831804549818817,1.1099755753845229,0.527395085093213,5.401777061408013
60,bursty,10,4,bursty_r10_s4,52,1787653541.5985706,True,model_6,False,0.0,True,False,1+3,"{""model_3"": 1, ""model_4"": 1, ""model_5"": 0, ""model_6"": 0}",True,model_5,4.33002933039991,1.2914515688984007,0.44059399133290955,5.014171899384797
60,bursty,10,4,bursty_r10_s4,53,1787653546.661001,True,model_3,True,0.031751845333403896,True,True,2+2,"{""model_3"": 1, ""model_4"": 1, ""model_5"": 0, ""model_6"": 0}",False,,4.719691076939386,1.5331169699857221,0.42218250694951776,4.560967704746172
60,bursty,10,4,bursty_r10_s4,54,1787653551.7358,True,model_3,False,0.0,False,True,2+2,"{""model_3"": 1, ""model_4"": 0, ""model_5"": 1, ""model_6"": 0}",False,,5.227270756008991,1.6664786930026296,0.3793113592446171,4.06020827513037
60,bursty,10,4,bursty_r10_s4,55,1787653556.8200996,True,model_3,False,0.0,False,True,2+2,"{""model_3"": 1, ""model_4"": 0, ""model_5"": 1, ""model_6"": 0}",False,,5.619621413523391,1.7824583261347524,0.16464065086890445,3.390353886645786
60,bursty,10,4,bursty_r10_s4,56,1787653561.8674076,True,model_3,True,0.022241613969059427,True,True,2+2,"{""model_3"": 1, ""model_4"": 0, ""model_5"": 0, ""model_6"": 0}",False,,6.137116438294592,1.9871147449361002,0.06091267433144232,2.5434789378263583
60,bursty,10,4,bursty_r10_s4,57,1787653566.918432,True,model_3,True,0.2623212646835584,True,True,2+2,"{""model_3"": 1, ""model_4"": 0, ""model_5"": 0, ""model_6"": 0}",False,,6.725923523522842,2.074251324351211,0.016447922103475232,1.6981604254979843
60,bursty,10,4,bursty_r10_s4,58,1787653571.9944043,True,model_3,True,0.25924176036032187,True,True,2+2,"{""model_3"": 1, ""model_4"": 0, ""model_5"": 0, ""model_6"": 0}",True,model_4,6.869161774046469,2.1589441442954334,-4.855866833075595e-07,0.9469314975077524
60,bursty,10,4,bursty_r10_s4,59,1787653578.319678,True,model_3,True,0.2592425195691429,True,True,3+1,"{""model_3"": 1, ""model_4"": 0, ""model_5"": 0, ""model_6"": 0}",False,,7.024162745878561,2.143330979568499,3.738390326080143e-06,0.501551620980077
60,bursty,10,4,bursty_r10_s4,60,1787653583.3748593,True,model_3,True,0.25924252604771625,True,True,3+1,"{""model_3"": 1, ""model_4"": 0, ""model_5"": 0, ""model_6"": 0}",False,,7.0179447392848475,2.147930171212674,3.7711870535250824e-06,0.5201558638238518
60,bursty,10,4,bursty_r10_s4,61,1787653588.4289412,True,model_3,True,0.2925432667853797,True,True,3+1,"{""model_3"": 1, ""model_4"": 0, ""model_5"": 0, ""model_6"": 0}",False,,6.911790482572324,2.1307947214079554,0.18278650762134152,0.573165189004947
60,bursty,10,4,bursty_r10_s4,62,1787653593.4845126,True,model_3,True,0.37626727070037497,True,True,3+1,"{""model_3"": 1, ""model_4"": 0, ""model_5"": 0, ""model_6"": 0}",False,,6.2963758840268005,2.006370436425577,0.5890468664363694,0.6794131342795262
60,bursty,10,4,bursty_r10_s4,63,1787653598.5579934,True,model_3,True,0.39895319120703426,True,True,3+1,"{""model_3"": 1, ""model_4"": 0, ""model_5"": 0, ""model_6"": 0}",False,,6.053425482252548,1.827448037746504,0.9941894715854813,0.7637471535488731
60,bursty,10,4,bursty_r10_s4,64,1787653603.6182606,True,model_3,True,0.24555495366751842,True,True,3+1,"{""model_3"": 1, ""model_4"": 0, ""model_5"": 0, ""model_6"": 0}",False,,5.89791929933225,1.5776304073349805,1.5604699411193683,0.9976261364148624
60,bursty,10,4,bursty_r10_s4,65,1787653608.6766095,True,model_3,True,0.11702530854003643,True,True,3+1,"{""model_3"": 1, ""model_4"": 0, ""model_5"": 0, ""model_6"": 0}",False,,5.627127913079832,1.399617489571542,1.9569651278668023,1.2279625302941013
60,bursty,10,4,bursty_r10_s4,66,1787653613.7315998,True,model_3,True,0.17486254096324536,True,True,3+1,"{""model_3"": 1, ""model_4"": 0, ""model_5"": 0, ""model_6"": 0}",False,,5.556377081297293,1.251323663440574,2.2009225527104093,1.4395383596015228
60,bursty,10,4,bursty_r10_s4,67,1787653618.801118,True,model_3,True,0.24669656960408282,True,True,3+1,"{""model_3"": 1, ""model_4"": 1, ""model_5"": 0, ""model_6"": 0}",True,model_4,5.497446063850551,1.015703432181831,2.6783320587440653,1.6050147936434278
60,bursty,10,4,bursty_r10_s4,68,1787653623.8567152,True,model_3,True,0.28054067010890454,True,True,2+2,"{""model_3"": 1, ""model_4"": 1, ""model_5"": 0, ""model_6"": 0}",False,,5.744541803353948,0.8941832220083918,3.0482474928479433,1.6913848057949334
60,bursty,10,4,bursty_r10_s4,69,1787653628.9223146,True,model_3,True,0.1399130962518306,True,True,2+2,"{""model_3"": 1, ""model_4"": 1, ""model_5"": 0, ""model_6"": 0}",False,,5.279703796915686,0.7593298267547797,3.420550505054899,1.9311761977612856
60,bursty,10,4,bursty_r10_s4,70,1787653633.994036,True,model_3,True,0.017649238649023586,True,True,2+2,"{""model_3"": 1, ""model_4"": 1, ""model_5"": 0, ""model_6"": 0}",False,,4.910656702867085,0.5627642105183498,3.7188916533575513,2.155472459767224
60,bursty,10,4,bursty_r10_s4,71,1787653639.0769603,True,model_3,False,0.0,False,True,2+2,"{""model_3"": 1, ""model_4"": 0, ""model_5"": 0, ""model_6"": 1}",False,,4.544801898999191,0.4136217837157332,4.123347754135459,2.3465858942700764
60,bursty,10,4,bursty_r10_s4,72,1787653644.1515017,True,model_5,False,0.0,False,True,2+2,"{""model_3"": 1, ""model_4"": 0, ""model_5"": 0, ""model_6"": 1}",False,,4.191831705811664,0.2333305270345345,4.665646470961076,2.519172360689543
60,bursty,10,4,bursty_r10_s4,73,1787653649.2326689,True,model_5,False,0.0,False,True,2+2,"{""model_3"": 1, ""model_4"": 0, ""model_5"": 0, ""model_6"": 1}",True,model_4,4.146849161343773,0.08057273052486624,4.712655245095635,2.5344635366124137
60,bursty,10,4,bursty_r10_s4,74,1787653654.568153,False,model_5,False,0.0,False,True,3+1,"{""model_3"": 1, ""model_4"": 0, ""model_5"": 0, ""model_6"": 1}",False,,4.419770290428121,1.321416421350627,4.983883589660562,1.3214164213506265
60,bursty,10,4,bursty_r10_s4,75,1787653659.6675591,False,model_5,False,0.0,False,True,3+1,"{""model_3"": 1, ""model_4"": 0, ""model_5"": 0, ""model_6"": 1}",False,,4.722043836191061,1.3445437214267995,5.226939040554116,1.3445437214267981
60,bursty,10,4,bursty_r10_s4,76,1787653664.74405,False,model_5,False,0.0,False,True,3+1,"{""model_3"": 1, ""model_4"": 0, ""model_5"": 0, ""model_6"": 1}",False,,4.868307036336915,1.3328854671275852,5.2159561812799495,1.3328854671275852
60,bursty,10,4,bursty_r10_s4,77,1787653669.8126464,True,model_5,False,0.0,False,True,3+1,"{""model_3"": 1, ""model_4"": 0, ""model_5"": 0, ""model_6"": 1}",False,,4.724116505055633,1.398176527462941,5.114086182215199,1.3981765274629412
60,bursty,10,4,bursty_r10_s4,78,1787653674.9071107,False,model_5,False,0.0,False,True,3+1,"{""model_3"": 1, ""model_4"": 0, ""model_5"": 0, ""model_6"": 1}",False,,4.604629945916947,1.4754276079435633,4.962766787771099,1.4754276079435633
60,bursty,10,4,bursty_r10_s4,79,1787653679.9756198,True,model_5,False,0.0,False,True,3+1,"{""model_3"": 1, ""model_4"": 0, ""model_5"": 0, ""model_6"": 1}",True,model_6,4.111334756148887,1.5943012751991639,4.563988187265544,1.594301275199164
60,bursty,10,4,bursty_r10_s4,80,1787653685.271842,True,model_5,False,0.0,False,False,2+2,"{""model_3"": 1, ""model_4"": 0, ""model_5"": 0, ""model_6"": 1}",False,,3.7522028618037826,0.45858291971579,4.170462258586766,2.9216586523058825
60,bursty,10,4,bursty_r10_s4,81,1787653690.3426661,True,model_5,False,0.0,False,False,2+2,"{""model_3"": 1, ""model_4"": 0, ""model_5"": 0, ""model_6"": 1}",False,,3.608516493219287,0.5539814766291675,3.796302241188526,2.8937012067399523
60,bursty,10,4,bursty_r10_s4,82,1787653695.4239492,True,model_3,False,0.0,False,False,2+2,"{""model_3"": 1, ""model_4"": 0, ""model_5"": 0, ""model_6"": 1}",False,,3.474353197796335,0.6320907680928749,3.4703182441813247,2.8961986538469318
60,bursty,10,4,bursty_r10_s4,83,1787653700.5008342,False,model_3,False,0.0,True,False,2+2,"{""model_3"": 1, ""model_4"": 1, ""model_5"": 0, ""model_6"": 0}",False,,3.2572280810976686,0.7691223483404128,3.001987346942978,3.0751531159167023
60,bursty,10,4,bursty_r10_s4,84,1787653705.8180752,True,model_6,False,0.0,False,False,2+2,"{""model_3"": 0, ""model_4"": 1, ""model_5"": 0, ""model_6"": 1}",False,,2.9605562973435573,0.865477713852032,2.5517930731015035,3.22312042968813
60,bursty,10,4,bursty_r10_s4,85,1787653710.8911848,True,model_6,False,0.0,False,False,2+2,"{""model_3"": 0, ""model_4"": 1, ""model_5"": 0, ""model_6"": 1}",True,model_3,2.664724778247445,0.892119417394841,2.049234010452321,3.3012836381475403
60,bursty,10,4,bursty_r10_s4,86,1787653715.9608696,True,model_6,False,0.0,False,False,3+1,"{""model_3"": 0, ""model_4"": 1, ""model_5"": 0, ""model_6"": 1}",False,,1.8370568309395534,0.8927842063948672,1.292265478404032,3.1674852240370335
