[2026-08-22 13:18:54.367 Model_Service_0] [PAPER-LOAD-V4] worker 0/6 host page-lock: {'Qwen/Qwen2.5-1.5B-Instruct': {'locked': 199, 'already_locked': 0, 'failed': 0, 'seconds': 1.9980024499818683}}
[2026-08-22 13:18:54.368 Model_Service_0] [PAPER-LOAD-V4] peer access: {'0->1': True, '1->0': True} p2p=True
[2026-08-22 13:18:59.376 Model_Service_0] Model service 0 input queue is empty, waiting for next request
[2026-08-22 13:19:04.613 Model_Service_0] Model service 0 input queue is empty, waiting for next request
[2026-08-22 13:19:05.774 Model_Service_1] [PAPER-LOAD-V4] worker 1/6 host page-lock: {'Qwen/Qwen2.5-3B-Instruct': {'locked': 255, 'already_locked': 0, 'failed': 0, 'seconds': 3.2999989360105246}}
[2026-08-22 13:19:05.775 Model_Service_1] [PAPER-LOAD-V4] peer access: {'0->1': True, '1->0': True} p2p=True
[2026-08-22 13:19:09.853 Model_Service_0] Model service 0 input queue is empty, waiting for next request
[2026-08-22 13:19:10.783 Model_Service_1] Model service 1 input queue is empty, waiting for next request
[2026-08-22 13:19:15.090 Model_Service_0] Model service 0 input queue is empty, waiting for next request
[2026-08-22 13:19:16.155 Model_Service_1] Model service 1 input queue is empty, waiting for next request
[2026-08-22 13:19:20.329 Model_Service_0] Model service 0 input queue is empty, waiting for next request
[2026-08-22 13:19:20.882 Model_Service_2] [PAPER-LOAD-V4] worker 2/6 host page-lock: {'Qwen/Qwen2.5-7B-Instruct': {'locked': 199, 'already_locked': 0, 'failed': 0, 'seconds': 7.067574612097815}}
[2026-08-22 13:19:20.882 Model_Service_2] [PAPER-LOAD-V4] peer access: {'0->1': True, '1->0': True} p2p=True
[2026-08-22 13:19:21.392 Model_Service_1] Model service 1 input queue is empty, waiting for next request
[2026-08-22 13:19:25.571 Model_Service_0] Model service 0 input queue is empty, waiting for next request
[2026-08-22 13:19:25.891 Model_Service_2] Model service 2 input queue is empty, waiting for next request
[2026-08-22 13:19:26.630 Model_Service_1] Model service 1 input queue is empty, waiting for next request
[2026-08-22 13:19:30.820 Model_Service_0] Model service 0 input queue is empty, waiting for next request
[2026-08-22 13:19:31.132 Model_Service_2] Model service 2 input queue is empty, waiting for next request
[2026-08-22 13:19:31.885 Model_Service_1] Model service 1 input queue is empty, waiting for next request
[2026-08-22 13:19:36.058 Model_Service_0] Model service 0 input queue is empty, waiting for next request
[2026-08-22 13:19:36.365 Model_Service_2] Model service 2 input queue is empty, waiting for next request
[2026-08-22 13:19:36.868 Model_Service_3] [PAPER-LOAD-V4] worker 3/6 host page-lock: {'meta-llama/Llama-3.1-8B': {'locked': 195, 'already_locked': 0, 'failed': 0, 'seconds': 7.547833272954449}}
[2026-08-22 13:19:36.869 Model_Service_3] [PAPER-LOAD-V4] peer access: {'0->1': True, '1->0': True} p2p=True
[2026-08-22 13:19:37.174 Model_Service_1] Model service 1 input queue is empty, waiting for next request
[2026-08-22 13:19:41.298 Model_Service_0] Model service 0 input queue is empty, waiting for next request
[2026-08-22 13:19:41.598 Model_Service_2] Model service 2 input queue is empty, waiting for next request
[2026-08-22 13:19:41.877 Model_Service_3] Model service 3 input queue is empty, waiting for next request
[2026-08-22 13:19:42.425 Model_Service_1] Model service 1 input queue is empty, waiting for next request
[2026-08-22 13:19:46.060 Model_Service_4] [PAPER-LOAD-V4] worker 4/6 host page-lock: {'meta-llama/Llama-3.2-1B': {'locked': 98, 'already_locked': 1, 'failed': 0, 'seconds': 1.1436087649781257}}
[2026-08-22 13:19:46.061 Model_Service_4] [PAPER-LOAD-V4] peer access: {'0->1': True, '1->0': True} p2p=True
[2026-08-22 13:19:46.536 Model_Service_0] Model service 0 input queue is empty, waiting for next request
[2026-08-22 13:19:46.847 Model_Service_2] Model service 2 input queue is empty, waiting for next request
[2026-08-22 13:19:47.112 Model_Service_3] Model service 3 input queue is empty, waiting for next request
[2026-08-22 13:19:47.662 Model_Service_1] Model service 1 input queue is empty, waiting for next request
[2026-08-22 13:19:51.068 Model_Service_4] Model service 4 input queue is empty, waiting for next request
[2026-08-22 13:19:51.771 Model_Service_0] Model service 0 input queue is empty, waiting for next request
[2026-08-22 13:19:52.090 Model_Service_2] Model service 2 input queue is empty, waiting for next request
[2026-08-22 13:19:52.347 Model_Service_3] Model service 3 input queue is empty, waiting for next request
[2026-08-22 13:19:52.905 Model_Service_1] Model service 1 input queue is empty, waiting for next request
[2026-08-22 13:19:56.302 Model_Service_4] Model service 4 input queue is empty, waiting for next request
[2026-08-22 13:19:57.025 Model_Service_0] Model service 0 input queue is empty, waiting for next request
[2026-08-22 13:19:57.346 Model_Service_2] Model service 2 input queue is empty, waiting for next request
[2026-08-22 13:19:57.355 Model_Service_5] [PAPER-LOAD-V4] worker 5/6 host page-lock: {'meta-llama/Llama-3.2-3B': {'locked': 170, 'already_locked': 1, 'failed': 0, 'seconds': 3.1867975380737334}}
[2026-08-22 13:19:57.356 Model_Service_5] [PAPER-LOAD-V4] peer access: {'0->1': True, '1->0': True} p2p=True
[2026-08-22 13:19:57.610 Model_Service_3] Model service 3 input queue is empty, waiting for next request
[2026-08-22 13:19:58.148 Model_Service_1] Model service 1 input queue is empty, waiting for next request
[2026-08-22 13:20:01.538 Model_Service_4] Model service 4 input queue is empty, waiting for next request
[2026-08-22 13:20:02.257 Model_Service_0] Model service 0 input queue is empty, waiting for next request
[2026-08-22 13:20:02.363 Model_Service_5] Model service 5 input queue is empty, waiting for next request
[2026-08-22 13:20:02.582 Model_Service_2] Model service 2 input queue is empty, waiting for next request
[2026-08-22 13:20:03.022 Model_Service_3] Model service 3 input queue is empty, waiting for next request
[2026-08-22 13:20:03.483 Model_Service_1] Model service 1 input queue is empty, waiting for next request
[2026-08-22 13:20:06.790 Model_Service_4] Model service 4 input queue is empty, waiting for next request
[2026-08-22 13:20:07.510 Model_Service_0] Model service 0 input queue is empty, waiting for next request
[2026-08-22 13:20:07.629 Model_Service_5] Model service 5 input queue is empty, waiting for next request
[2026-08-22 13:20:07.844 Model_Service_2] Model service 2 input queue is empty, waiting for next request
[2026-08-22 13:20:08.302 Model_Service_3] Model service 3 input queue is empty, waiting for next request
[2026-08-22 13:20:08.772 Model_Service_1] Model service 1 input queue is empty, waiting for next request
[2026-08-22 13:20:12.051 Model_Service_4] Model service 4 input queue is empty, waiting for next request
[2026-08-22 13:20:12.841 Model_Service_0] Model service 0 input queue is empty, waiting for next request
[2026-08-22 13:20:12.899 Model_Service_5] Model service 5 input queue is empty, waiting for next request
[2026-08-22 13:20:13.358 Model_Service_2] Model service 2 input queue is empty, waiting for next request
[2026-08-22 13:20:13.562 Model_Service_3] Model service 3 input queue is empty, waiting for next request
[2026-08-22 13:20:14.102 Model_Service_1] Model service 1 input queue is empty, waiting for next request
[2026-08-22 13:20:17.307 Model_Service_4] Model service 4 input queue is empty, waiting for next request
[2026-08-22 13:20:18.086 Model_Service_0] Model service 0 input queue is empty, waiting for next request
[2026-08-22 13:20:18.156 Model_Service_5] Model service 5 input queue is empty, waiting for next request
[2026-08-22 13:20:18.614 Model_Service_2] Model service 2 input queue is empty, waiting for next request
[2026-08-22 13:20:18.807 Model_Service_3] Model service 3 input queue is empty, waiting for next request
[2026-08-22 13:20:19.425 Model_Service_1] Model service 1 input queue is empty, waiting for next request
[2026-08-22 13:20:22.561 Model_Service_4] Model service 4 input queue is empty, waiting for next request
[2026-08-22 13:20:23.344 Model_Service_0] Model service 0 input queue is empty, waiting for next request
[2026-08-22 13:20:23.422 Model_Service_5] Model service 5 input queue is empty, waiting for next request
[2026-08-22 13:20:23.899 Model_Service_2] Model service 2 input queue is empty, waiting for next request
[2026-08-22 13:20:24.064 Model_Service_3] Model service 3 input queue is empty, waiting for next request
[2026-08-22 13:20:24.670 Model_Service_1] Model service 1 input queue is empty, waiting for next request
[2026-08-22 13:20:27.796 Model_Service_4] Model service 4 input queue is empty, waiting for next request
[2026-08-22 13:20:28.662 Model_Service_5] Model service 5 input queue is empty, waiting for next request
[2026-08-22 13:20:28.790 Model_Service_0] Model service 0 input queue is empty, waiting for next request
[2026-08-22 13:20:29.178 Model_Service_2] Model service 2 input queue is empty, waiting for next request
[2026-08-22 13:20:29.304 Model_Service_3] Model service 3 input queue is empty, waiting for next request
[2026-08-22 13:20:29.909 Model_Service_1] Model service 1 input queue is empty, waiting for next request
[2026-08-22 13:20:33.031 Model_Service_4] Model service 4 input queue is empty, waiting for next request
[2026-08-22 13:20:33.901 Model_Service_5] Model service 5 input queue is empty, waiting for next request
[2026-08-22 13:20:34.222 Model_Service_0] Model service 0 input queue is empty, waiting for next request
[2026-08-22 13:20:34.434 Model_Service_2] Model service 2 input queue is empty, waiting for next request
[2026-08-22 13:20:34.541 Model_Service_3] Model service 3 input queue is empty, waiting for next request
[2026-08-22 13:20:35.146 Model_Service_1] Model service 1 input queue is empty, waiting for next request
[2026-08-22 13:20:38.268 Model_Service_4] Model service 4 input queue is empty, waiting for next request
[2026-08-22 13:20:39.138 Model_Service_5] Model service 5 input queue is empty, waiting for next request
[2026-08-22 13:20:39.478 Model_Service_0] Model service 0 input queue is empty, waiting for next request
[2026-08-22 13:20:39.731 Model_Service_2] Model service 2 input queue is empty, waiting for next request
[2026-08-22 13:20:39.778 Model_Service_3] Model service 3 input queue is empty, waiting for next request
[2026-08-22 13:20:40.442 Model_Service_1] Model service 1 input queue is empty, waiting for next request
[2026-08-22 13:20:43.509 Model_Service_4] Model service 4 input queue is empty, waiting for next request
[2026-08-22 13:20:44.435 Model_Service_5] Model service 5 input queue is empty, waiting for next request
[2026-08-22 13:20:44.827 Model_Service_0] Model service 0 input queue is empty, waiting for next request
[2026-08-22 13:20:44.992 Model_Service_2] Model service 2 input queue is empty, waiting for next request
[2026-08-22 13:20:45.032 Model_Service_3] Model service 3 input queue is empty, waiting for next request
[2026-08-22 13:20:45.750 Model_Service_1] Model service 1 input queue is empty, waiting for next request
[2026-08-22 13:20:48.977 Model_Service_4] Model service 4 input queue is empty, waiting for next request
[2026-08-22 13:20:50.011 Model_Service_5] Model service 5 input queue is empty, waiting for next request
[2026-08-22 13:20:50.107 Model_Service_0] Model service 0 input queue is empty, waiting for next request
[2026-08-22 13:20:50.230 Model_Service_2] Model service 2 input queue is empty, waiting for next request
[2026-08-22 13:20:50.270 Model_Service_3] Model service 3 input queue is empty, waiting for next request
[2026-08-22 13:20:50.388 Model_Service_4] Model key: meta-llama/Llama-3.2-1B, engine id: 0_0, target gpu id: 0
[2026-08-22 13:20:50.707 Model_Service_4] [PAPER-LOAD-V4] {"tag": "meta-llama/Llama-3.2-1B|engine=0_0|src=None", "start_time": 1787404850.3902173, "end_time": 1787404850.7077317, "policy": "paper", "split": 2, "pipeline_depth": null, "target_gpu": 0, "gpu_ids": [0, 1], "source": "cpu", "host_registered": true, "slices": 198, "payload_bytes": 2996965376, "bytes_h2d_direct": 1498482688, "bytes_h2d_helper": 1498482688, "bytes_p2p": 1498482688, "seconds": 0.3175132710020989, "payload_gbps": 9.438866496954038, "transfer_path": "host-to-device + helper-gpu-p2p"}
[2026-08-22 13:20:50.709 Model_Service_4] Time taken to copy model to GPU 0, service 4, engine 0_0, model meta-llama/Llama-3.2-1B: 0.3206 seconds
[2026-08-22 13:20:51.218 Model_Service_1] Model key: Qwen/Qwen2.5-3B-Instruct, engine id: 0_1, target gpu id: 0
[2026-08-22 13:20:51.325 Model_Service_3] Model key: meta-llama/Llama-3.1-8B, engine id: 0_2, target gpu id: 0
[2026-08-22 13:20:51.439 Model_Service_4] [PAPER-KV-V6] fetch meta-llama/Llama-3.2-1B -> None requests
[2026-08-22 13:20:51.450 Model_Service_4] [PAPER-KV-V6] fetch meta-llama/Llama-3.2-1B -> None requests
[2026-08-22 13:20:51.460 Model_Service_4] [PAPER-KV-V6] fetch meta-llama/Llama-3.2-1B -> None requests
[2026-08-22 13:20:51.471 Model_Service_4] [PAPER-KV-V6] fetch meta-llama/Llama-3.2-1B -> None requests
[2026-08-22 13:20:51.481 Model_Service_4] [PAPER-KV-V6] fetch meta-llama/Llama-3.2-1B -> None requests
[2026-08-22 13:20:51.492 Model_Service_4] [PAPER-KV-V6] fetch meta-llama/Llama-3.2-1B -> None requests
[2026-08-22 13:20:51.503 Model_Service_4] [PAPER-KV-V6] fetch meta-llama/Llama-3.2-1B -> None requests
[2026-08-22 13:20:51.513 Model_Service_4] [PAPER-KV-V6] fetch meta-llama/Llama-3.2-1B -> None requests
[2026-08-22 13:20:51.524 Model_Service_4] [PAPER-KV-V6] fetch meta-llama/Llama-3.2-1B -> None requests
[2026-08-22 13:20:51.535 Model_Service_4] [PAPER-KV-V6] fetch meta-llama/Llama-3.2-1B -> None requests
[2026-08-22 13:20:51.545 Model_Service_4] [PAPER-KV-V6] fetch meta-llama/Llama-3.2-1B -> None requests
[2026-08-22 13:20:51.556 Model_Service_4] [PAPER-KV-V6] fetch meta-llama/Llama-3.2-1B -> None requests
[2026-08-22 13:20:51.567 Model_Service_4] [PAPER-KV-V6] fetch meta-llama/Llama-3.2-1B -> None requests
[2026-08-22 13:20:51.577 Model_Service_4] [PAPER-KV-V6] fetch meta-llama/Llama-3.2-1B -> None requests
[2026-08-22 13:20:51.588 Model_Service_4] [PAPER-KV-V6] fetch meta-llama/Llama-3.2-1B -> None requests
[2026-08-22 13:20:51.599 Model_Service_4] [PAPER-KV-V6] fetch meta-llama/Llama-3.2-1B -> None requests
[2026-08-22 13:20:51.609 Model_Service_4] [PAPER-KV-V6] fetch meta-llama/Llama-3.2-1B -> None requests
[2026-08-22 13:20:51.620 Model_Service_4] [PAPER-KV-V6] fetch meta-llama/Llama-3.2-1B -> None requests
[2026-08-22 13:20:51.631 Model_Service_4] [PAPER-KV-V6] fetch meta-llama/Llama-3.2-1B -> None requests
[2026-08-22 13:20:51.642 Model_Service_4] [PAPER-KV-V6] fetch meta-llama/Llama-3.2-1B -> None requests
[2026-08-22 13:20:51.652 Model_Service_4] [PAPER-KV-V6] fetch meta-llama/Llama-3.2-1B -> None requests
[2026-08-22 13:20:51.663 Model_Service_4] [PAPER-KV-V6] fetch meta-llama/Llama-3.2-1B -> None requests
[2026-08-22 13:20:51.674 Model_Service_4] [PAPER-KV-V6] fetch meta-llama/Llama-3.2-1B -> None requests
[2026-08-22 13:20:51.684 Model_Service_4] [PAPER-KV-V6] fetch meta-llama/Llama-3.2-1B -> None requests
[2026-08-22 13:20:51.695 Model_Service_4] [PAPER-KV-V6] fetch meta-llama/Llama-3.2-1B -> None requests
[2026-08-22 13:20:51.706 Model_Service_4] [PAPER-KV-V6] fetch meta-llama/Llama-3.2-1B -> None requests
[2026-08-22 13:20:51.716 Model_Service_4] [PAPER-KV-V6] fetch meta-llama/Llama-3.2-1B -> None requests
[2026-08-22 13:20:51.727 Model_Service_4] [PAPER-KV-V6] fetch meta-llama/Llama-3.2-1B -> None requests
[2026-08-22 13:20:51.737 Model_Service_4] [PAPER-KV-V6] fetch meta-llama/Llama-3.2-1B -> None requests
[2026-08-22 13:20:51.748 Model_Service_4] [PAPER-KV-V6] fetch meta-llama/Llama-3.2-1B -> None requests
[2026-08-22 13:20:51.758 Model_Service_4] [PAPER-KV-V6] fetch meta-llama/Llama-3.2-1B -> None requests
[2026-08-22 13:20:51.769 Model_Service_4] [PAPER-KV-V6] fetch meta-llama/Llama-3.2-1B -> None requests
[2026-08-22 13:20:51.779 Model_Service_4] [PAPER-KV-V6] fetch meta-llama/Llama-3.2-1B -> None requests
[2026-08-22 13:20:51.790 Model_Service_4] [PAPER-KV-V6] fetch meta-llama/Llama-3.2-1B -> None requests
[2026-08-22 13:20:51.800 Model_Service_4] [PAPER-KV-V6] fetch meta-llama/Llama-3.2-1B -> None requests
[2026-08-22 13:20:51.811 Model_Service_4] [PAPER-KV-V6] fetch meta-llama/Llama-3.2-1B -> None requests
[2026-08-22 13:20:51.821 Model_Service_4] [PAPER-KV-V6] fetch meta-llama/Llama-3.2-1B -> None requests
[2026-08-22 13:20:51.832 Model_Service_4] [PAPER-KV-V6] fetch meta-llama/Llama-3.2-1B -> None requests
[2026-08-22 13:20:51.842 Model_Service_4] [PAPER-KV-V6] fetch meta-llama/Llama-3.2-1B -> None requests
[2026-08-22 13:20:51.852 Model_Service_4] [PAPER-KV-V6] fetch meta-llama/Llama-3.2-1B -> None requests
[2026-08-22 13:20:51.863 Model_Service_4] [PAPER-KV-V6] fetch meta-llama/Llama-3.2-1B -> None requests
[2026-08-22 13:20:51.873 Model_Service_4] [PAPER-KV-V6] fetch meta-llama/Llama-3.2-1B -> None requests
[2026-08-22 13:20:51.883 Model_Service_4] [PAPER-KV-V6] fetch meta-llama/Llama-3.2-1B -> None requests
[2026-08-22 13:20:51.894 Model_Service_4] [PAPER-KV-V6] fetch meta-llama/Llama-3.2-1B -> None requests
[2026-08-22 13:20:51.904 Model_Service_4] [PAPER-KV-V6] fetch meta-llama/Llama-3.2-1B -> None requests
[2026-08-22 13:20:51.915 Model_Service_4] [PAPER-KV-V6] fetch meta-llama/Llama-3.2-1B -> None requests
[2026-08-22 13:20:51.925 Model_Service_4] [PAPER-KV-V6] fetch meta-llama/Llama-3.2-1B -> None requests
[2026-08-22 13:20:51.935 Model_Service_4] [PAPER-KV-V6] fetch meta-llama/Llama-3.2-1B -> None requests
[2026-08-22 13:20:51.946 Model_Service_4] [PAPER-KV-V6] fetch meta-llama/Llama-3.2-1B -> None requests
[2026-08-22 13:20:51.956 Model_Service_4] [PAPER-KV-V6] fetch meta-llama/Llama-3.2-1B -> None requests
[2026-08-22 13:20:51.967 Model_Service_4] [PAPER-KV-V6] fetch meta-llama/Llama-3.2-1B -> None requests
[2026-08-22 13:20:51.977 Model_Service_4] [PAPER-KV-V6] fetch meta-llama/Llama-3.2-1B -> None requests
[2026-08-22 13:20:51.987 Model_Service_4] [PAPER-KV-V6] fetch meta-llama/Llama-3.2-1B -> None requests
[2026-08-22 13:20:51.998 Model_Service_4] [PAPER-KV-V6] fetch meta-llama/Llama-3.2-1B -> None requests
[2026-08-22 13:20:52.008 Model_Service_4] [PAPER-KV-V6] fetch meta-llama/Llama-3.2-1B -> None requests
[2026-08-22 13:20:52.018 Model_Service_4] [PAPER-KV-V6] fetch meta-llama/Llama-3.2-1B -> None requests
[2026-08-22 13:20:52.029 Model_Service_4] [PAPER-KV-V6] fetch meta-llama/Llama-3.2-1B -> None requests
[2026-08-22 13:20:52.039 Model_Service_4] [PAPER-KV-V6] fetch meta-llama/Llama-3.2-1B -> None requests
[2026-08-22 13:20:52.050 Model_Service_4] [PAPER-KV-V6] fetch meta-llama/Llama-3.2-1B -> None requests
[2026-08-22 13:20:52.060 Model_Service_4] [PAPER-KV-V6] fetch meta-llama/Llama-3.2-1B -> None requests
[2026-08-22 13:20:52.070 Model_Service_4] [PAPER-KV-V6] fetch meta-llama/Llama-3.2-1B -> None requests
[2026-08-22 13:20:52.081 Model_Service_4] [PAPER-KV-V6] fetch meta-llama/Llama-3.2-1B -> None requests
[2026-08-22 13:20:52.091 Model_Service_4] [PAPER-KV-V6] fetch meta-llama/Llama-3.2-1B -> None requests
[2026-08-22 13:20:52.101 Model_Service_4] [PAPER-KV-V6] fetch meta-llama/Llama-3.2-1B -> None requests
[2026-08-22 13:20:52.112 Model_Service_4] [PAPER-KV-V6] fetch meta-llama/Llama-3.2-1B -> None requests
[2026-08-22 13:20:52.122 Model_Service_4] [PAPER-KV-V6] fetch meta-llama/Llama-3.2-1B -> None requests
[2026-08-22 13:20:52.133 Model_Service_4] [PAPER-KV-V6] fetch meta-llama/Llama-3.2-1B -> None requests
[2026-08-22 13:20:52.143 Model_Service_4] [PAPER-KV-V6] fetch meta-llama/Llama-3.2-1B -> None requests
[2026-08-22 13:20:52.153 Model_Service_4] [PAPER-KV-V6] fetch meta-llama/Llama-3.2-1B -> None requests
[2026-08-22 13:20:52.164 Model_Service_4] [PAPER-KV-V6] fetch meta-llama/Llama-3.2-1B -> None requests
[2026-08-22 13:20:52.174 Model_Service_4] [PAPER-KV-V6] fetch meta-llama/Llama-3.2-1B -> None requests
[2026-08-22 13:20:52.184 Model_Service_4] [PAPER-KV-V6] fetch meta-llama/Llama-3.2-1B -> None requests
[2026-08-22 13:20:52.195 Model_Service_4] [PAPER-KV-V6] fetch meta-llama/Llama-3.2-1B -> None requests
[2026-08-22 13:20:52.205 Model_Service_4] [PAPER-KV-V6] fetch meta-llama/Llama-3.2-1B -> None requests
[2026-08-22 13:20:52.215 Model_Service_4] [PAPER-KV-V6] fetch meta-llama/Llama-3.2-1B -> None requests
[2026-08-22 13:20:52.226 Model_Service_4] [PAPER-KV-V6] fetch meta-llama/Llama-3.2-1B -> None requests
[2026-08-22 13:20:52.236 Model_Service_4] [PAPER-KV-V6] fetch meta-llama/Llama-3.2-1B -> None requests
[2026-08-22 13:20:52.247 Model_Service_4] [PAPER-KV-V6] fetch meta-llama/Llama-3.2-1B -> None requests
[2026-08-22 13:20:52.257 Model_Service_4] [PAPER-KV-V6] fetch meta-llama/Llama-3.2-1B -> None requests
[2026-08-22 13:20:52.267 Model_Service_4] [PAPER-KV-V6] fetch meta-llama/Llama-3.2-1B -> None requests
[2026-08-22 13:20:52.278 Model_Service_4] [PAPER-KV-V6] fetch meta-llama/Llama-3.2-1B -> None requests
[2026-08-22 13:20:52.288 Model_Service_4] [PAPER-KV-V6] fetch meta-llama/Llama-3.2-1B -> None requests
[2026-08-22 13:20:52.299 Model_Service_4] [PAPER-KV-V6] fetch meta-llama/Llama-3.2-1B -> None requests
[2026-08-22 13:20:52.309 Model_Service_4] [PAPER-KV-V6] fetch meta-llama/Llama-3.2-1B -> None requests
[2026-08-22 13:20:52.319 Model_Service_4] [PAPER-KV-V6] fetch meta-llama/Llama-3.2-1B -> None requests
[2026-08-22 13:20:52.330 Model_Service_4] [PAPER-KV-V6] fetch meta-llama/Llama-3.2-1B -> None requests
[2026-08-22 13:20:52.340 Model_Service_4] [PAPER-KV-V6] fetch meta-llama/Llama-3.2-1B -> None requests
[2026-08-22 13:20:52.351 Model_Service_4] [PAPER-KV-V6] fetch meta-llama/Llama-3.2-1B -> None requests
[2026-08-22 13:20:52.362 Model_Service_4] [PAPER-KV-V6] fetch meta-llama/Llama-3.2-1B -> None requests
[2026-08-22 13:20:52.363 Model_Service_1] [PAPER-LOAD-V4] {"tag": "Qwen/Qwen2.5-3B-Instruct|engine=0_1|src=None", "start_time": 1787404851.2222438, "end_time": 1787404852.363657, "policy": "paper", "split": 2, "pipeline_depth": null, "target_gpu": 0, "gpu_ids": [0, 1], "source": "cpu", "host_registered": true, "slices": 510, "payload_bytes": 6794207232, "bytes_h2d_direct": 3397103616, "bytes_h2d_helper": 3397103616, "bytes_p2p": 3397103616, "seconds": 1.1414108730386943, "payload_gbps": 5.952464088512038, "transfer_path": "host-to-device + helper-gpu-p2p"}
[2026-08-22 13:20:52.368 Model_Service_1] Time taken to copy model to GPU 0, service 1, engine 0_1, model Qwen/Qwen2.5-3B-Instruct: 1.1493 seconds
[2026-08-22 13:20:52.372 Model_Service_4] [PAPER-KV-V6] fetch meta-llama/Llama-3.2-1B -> None requests
[2026-08-22 13:20:52.383 Model_Service_4] [PAPER-KV-V6] fetch meta-llama/Llama-3.2-1B -> None requests
[2026-08-22 13:20:52.393 Model_Service_4] [PAPER-KV-V6] fetch meta-llama/Llama-3.2-1B -> None requests
[2026-08-22 13:20:52.404 Model_Service_4] [PAPER-KV-V6] fetch meta-llama/Llama-3.2-1B -> None requests
[2026-08-22 13:20:52.414 Model_Service_4] [PAPER-KV-V6] fetch meta-llama/Llama-3.2-1B -> None requests
[2026-08-22 13:20:52.425 Model_Service_4] [PAPER-KV-V6] fetch meta-llama/Llama-3.2-1B -> None requests
[2026-08-22 13:20:52.435 Model_Service_4] [PAPER-KV-V6] fetch meta-llama/Llama-3.2-1B -> None requests
[2026-08-22 13:20:52.446 Model_Service_4] [PAPER-KV-V6] fetch meta-llama/Llama-3.2-1B -> None requests
[2026-08-22 13:20:52.456 Model_Service_4] [PAPER-KV-V6] fetch meta-llama/Llama-3.2-1B -> None requests
[2026-08-22 13:20:52.467 Model_Service_4] [PAPER-KV-V6] fetch meta-llama/Llama-3.2-1B -> None requests
[2026-08-22 13:20:52.478 Model_Service_4] [PAPER-KV-V6] fetch meta-llama/Llama-3.2-1B -> None requests
[2026-08-22 13:20:52.488 Model_Service_4] [PAPER-KV-V6] fetch meta-llama/Llama-3.2-1B -> None requests
[2026-08-22 13:20:52.499 Model_Service_4] [PAPER-KV-V6] fetch meta-llama/Llama-3.2-1B -> None requests
[2026-08-22 13:20:52.509 Model_Service_4] [PAPER-KV-V6] fetch meta-llama/Llama-3.2-1B -> None requests
[2026-08-22 13:20:52.520 Model_Service_4] [PAPER-KV-V6] fetch meta-llama/Llama-3.2-1B -> None requests
[2026-08-22 13:20:52.530 Model_Service_4] [PAPER-KV-V6] fetch meta-llama/Llama-3.2-1B -> None requests
[2026-08-22 13:20:52.541 Model_Service_4] [PAPER-KV-V6] fetch meta-llama/Llama-3.2-1B -> None requests
[2026-08-22 13:20:52.551 Model_Service_4] [PAPER-KV-V6] fetch meta-llama/Llama-3.2-1B -> None requests
[2026-08-22 13:20:52.562 Model_Service_4] [PAPER-KV-V6] fetch meta-llama/Llama-3.2-1B -> None requests
[2026-08-22 13:20:52.573 Model_Service_4] [PAPER-KV-V6] fetch meta-llama/Llama-3.2-1B -> None requests
[2026-08-22 13:20:52.583 Model_Service_4] [PAPER-KV-V6] fetch meta-llama/Llama-3.2-1B -> None requests
[2026-08-22 13:20:52.594 Model_Service_4] [PAPER-KV-V6] fetch meta-llama/Llama-3.2-1B -> None requests
[2026-08-22 13:20:52.605 Model_Service_4] [PAPER-KV-V6] fetch meta-llama/Llama-3.2-1B -> None requests
[2026-08-22 13:20:52.615 Model_Service_4] [PAPER-KV-V6] fetch meta-llama/Llama-3.2-1B -> None requests
[2026-08-22 13:20:52.626 Model_Service_4] [PAPER-KV-V6] fetch meta-llama/Llama-3.2-1B -> None requests
[2026-08-22 13:20:52.637 Model_Service_4] [PAPER-KV-V6] fetch meta-llama/Llama-3.2-1B -> None requests
[2026-08-22 13:20:52.647 Model_Service_4] [PAPER-KV-V6] fetch meta-llama/Llama-3.2-1B -> None requests
[2026-08-22 13:20:52.658 Model_Service_4] [PAPER-KV-V6] fetch meta-llama/Llama-3.2-1B -> None requests
[2026-08-22 13:20:52.668 Model_Service_4] [PAPER-KV-V6] fetch meta-llama/Llama-3.2-1B -> None requests
[2026-08-22 13:20:52.679 Model_Service_4] [PAPER-KV-V6] fetch meta-llama/Llama-3.2-1B -> None requests
[2026-08-22 13:20:52.689 Model_Service_4] [PAPER-KV-V6] fetch meta-llama/Llama-3.2-1B -> None requests
[2026-08-22 13:20:52.699 Model_Service_4] [PAPER-KV-V6] fetch meta-llama/Llama-3.2-1B -> None requests
[2026-08-22 13:20:52.710 Model_Service_4] [PAPER-KV-V6] fetch meta-llama/Llama-3.2-1B -> None requests
[2026-08-22 13:20:52.720 Model_Service_4] [PAPER-KV-V6] fetch meta-llama/Llama-3.2-1B -> None requests
[2026-08-22 13:20:52.731 Model_Service_4] [PAPER-KV-V6] fetch meta-llama/Llama-3.2-1B -> None requests
[2026-08-22 13:20:52.741 Model_Service_4] [PAPER-KV-V6] fetch meta-llama/Llama-3.2-1B -> None requests
[2026-08-22 13:20:52.752 Model_Service_4] [PAPER-KV-V6] fetch meta-llama/Llama-3.2-1B -> None requests
[2026-08-22 13:20:52.762 Model_Service_4] [PAPER-KV-V6] fetch meta-llama/Llama-3.2-1B -> None requests
[2026-08-22 13:20:52.773 Model_Service_4] [PAPER-KV-V6] fetch meta-llama/Llama-3.2-1B -> None requests
[2026-08-22 13:20:52.783 Model_Service_4] [PAPER-KV-V6] fetch meta-llama/Llama-3.2-1B -> None requests
[2026-08-22 13:20:52.794 Model_Service_4] [PAPER-KV-V6] fetch meta-llama/Llama-3.2-1B -> None requests
[2026-08-22 13:20:52.804 Model_Service_4] [PAPER-KV-V6] fetch meta-llama/Llama-3.2-1B -> None requests
[2026-08-22 13:20:52.815 Model_Service_4] [PAPER-KV-V6] fetch meta-llama/Llama-3.2-1B -> None requests
[2026-08-22 13:20:52.825 Model_Service_4] [PAPER-KV-V6] fetch meta-llama/Llama-3.2-1B -> None requests
[2026-08-22 13:20:52.836 Model_Service_4] [PAPER-KV-V6] fetch meta-llama/Llama-3.2-1B -> None requests
[2026-08-22 13:20:52.846 Model_Service_4] [PAPER-KV-V6] fetch meta-llama/Llama-3.2-1B -> None requests
[2026-08-22 13:20:52.857 Model_Service_4] [PAPER-KV-V6] fetch meta-llama/Llama-3.2-1B -> None requests
[2026-08-22 13:20:52.867 Model_Service_4] [PAPER-KV-V6] fetch meta-llama/Llama-3.2-1B -> None requests
[2026-08-22 13:20:52.878 Model_Service_4] [PAPER-KV-V6] fetch meta-llama/Llama-3.2-1B -> None requests
[2026-08-22 13:20:52.888 Model_Service_4] [PAPER-KV-V6] fetch meta-llama/Llama-3.2-1B -> None requests
[2026-08-22 13:20:52.899 Model_Service_4] [PAPER-KV-V6] fetch meta-llama/Llama-3.2-1B -> None requests
[2026-08-22 13:20:52.909 Model_Service_4] [PAPER-KV-V6] fetch meta-llama/Llama-3.2-1B -> None requests
[2026-08-22 13:20:52.920 Model_Service_4] [PAPER-KV-V6] fetch meta-llama/Llama-3.2-1B -> None requests
[2026-08-22 13:20:52.930 Model_Service_4] [PAPER-KV-V6] fetch meta-llama/Llama-3.2-1B -> None requests
[2026-08-22 13:20:52.939 Model_Service_1] [PAPER-KV-V6] fetch Qwen/Qwen2.5-3B-Instruct -> None requests
[2026-08-22 13:20:52.941 Model_Service_4] [PAPER-KV-V6] fetch meta-llama/Llama-3.2-1B -> None requests
[2026-08-22 13:20:52.950 Model_Service_1] [PAPER-KV-V6] fetch Qwen/Qwen2.5-3B-Instruct -> None requests
[2026-08-22 13:20:52.951 Model_Service_4] [PAPER-KV-V6] fetch meta-llama/Llama-3.2-1B -> None requests
[2026-08-22 13:20:52.960 Model_Service_1] [PAPER-KV-V6] fetch Qwen/Qwen2.5-3B-Instruct -> None requests
[2026-08-22 13:20:52.962 Model_Service_4] [PAPER-KV-V6] fetch meta-llama/Llama-3.2-1B -> None requests
[2026-08-22 13:20:52.971 Model_Service_1] [PAPER-KV-V6] fetch Qwen/Qwen2.5-3B-Instruct -> None requests
[2026-08-22 13:20:52.973 Model_Service_4] [PAPER-KV-V6] fetch meta-llama/Llama-3.2-1B -> None requests
[2026-08-22 13:20:52.981 Model_Service_1] [PAPER-KV-V6] fetch Qwen/Qwen2.5-3B-Instruct -> None requests
[2026-08-22 13:20:52.983 Model_Service_4] [PAPER-KV-V6] fetch meta-llama/Llama-3.2-1B -> None requests
[2026-08-22 13:20:52.991 Model_Service_1] [PAPER-KV-V6] fetch Qwen/Qwen2.5-3B-Instruct -> None requests
[2026-08-22 13:20:52.994 Model_Service_4] [PAPER-KV-V6] fetch meta-llama/Llama-3.2-1B -> None requests
[2026-08-22 13:20:53.002 Model_Service_1] [PAPER-KV-V6] fetch Qwen/Qwen2.5-3B-Instruct -> None requests
[2026-08-22 13:20:53.004 Model_Service_4] [PAPER-KV-V6] fetch meta-llama/Llama-3.2-1B -> None requests
[2026-08-22 13:20:53.012 Model_Service_1] [PAPER-KV-V6] fetch Qwen/Qwen2.5-3B-Instruct -> None requests
[2026-08-22 13:20:53.015 Model_Service_4] [PAPER-KV-V6] fetch meta-llama/Llama-3.2-1B -> None requests
[2026-08-22 13:20:53.023 Model_Service_1] [PAPER-KV-V6] fetch Qwen/Qwen2.5-3B-Instruct -> None requests
[2026-08-22 13:20:53.025 Model_Service_4] [PAPER-KV-V6] fetch meta-llama/Llama-3.2-1B -> None requests
[2026-08-22 13:20:53.033 Model_Service_1] [PAPER-KV-V6] fetch Qwen/Qwen2.5-3B-Instruct -> None requests
[2026-08-22 13:20:53.036 Model_Service_4] [PAPER-KV-V6] fetch meta-llama/Llama-3.2-1B -> None requests
[2026-08-22 13:20:53.044 Model_Service_1] [PAPER-KV-V6] fetch Qwen/Qwen2.5-3B-Instruct -> None requests
[2026-08-22 13:20:53.046 Model_Service_4] [PAPER-KV-V6] fetch meta-llama/Llama-3.2-1B -> None requests
[2026-08-22 13:20:53.054 Model_Service_1] [PAPER-KV-V6] fetch Qwen/Qwen2.5-3B-Instruct -> None requests
[2026-08-22 13:20:53.057 Model_Service_4] [PAPER-KV-V6] fetch meta-llama/Llama-3.2-1B -> None requests
[2026-08-22 13:20:53.065 Model_Service_1] [PAPER-KV-V6] fetch Qwen/Qwen2.5-3B-Instruct -> None requests
[2026-08-22 13:20:53.067 Model_Service_4] [PAPER-KV-V6] fetch meta-llama/Llama-3.2-1B -> None requests
[2026-08-22 13:20:53.075 Model_Service_1] [PAPER-KV-V6] fetch Qwen/Qwen2.5-3B-Instruct -> None requests
[2026-08-22 13:20:53.078 Model_Service_4] [PAPER-KV-V6] fetch meta-llama/Llama-3.2-1B -> None requests
[2026-08-22 13:20:53.086 Model_Service_1] [PAPER-KV-V6] fetch Qwen/Qwen2.5-3B-Instruct -> None requests
[2026-08-22 13:20:53.088 Model_Service_4] [PAPER-KV-V6] fetch meta-llama/Llama-3.2-1B -> None requests
[2026-08-22 13:20:53.097 Model_Service_1] [PAPER-KV-V6] fetch Qwen/Qwen2.5-3B-Instruct -> None requests
[2026-08-22 13:20:53.099 Model_Service_4] [PAPER-KV-V6] fetch meta-llama/Llama-3.2-1B -> None requests
[2026-08-22 13:20:53.107 Model_Service_1] [PAPER-KV-V6] fetch Qwen/Qwen2.5-3B-Instruct -> None requests
[2026-08-22 13:20:53.110 Model_Service_4] [PAPER-KV-V6] fetch meta-llama/Llama-3.2-1B -> None requests
[2026-08-22 13:20:53.118 Model_Service_1] [PAPER-KV-V6] fetch Qwen/Qwen2.5-3B-Instruct -> None requests
[2026-08-22 13:20:53.120 Model_Service_4] [PAPER-KV-V6] fetch meta-llama/Llama-3.2-1B -> None requests
[2026-08-22 13:20:53.128 Model_Service_1] [PAPER-KV-V6] fetch Qwen/Qwen2.5-3B-Instruct -> None requests
[2026-08-22 13:20:53.131 Model_Service_4] [PAPER-KV-V6] fetch meta-llama/Llama-3.2-1B -> None requests
[2026-08-22 13:20:53.139 Model_Service_1] [PAPER-KV-V6] fetch Qwen/Qwen2.5-3B-Instruct -> None requests
[2026-08-22 13:20:53.142 Model_Service_4] [PAPER-KV-V6] fetch meta-llama/Llama-3.2-1B -> None requests
[2026-08-22 13:20:53.149 Model_Service_1] [PAPER-KV-V6] fetch Qwen/Qwen2.5-3B-Instruct -> None requests
[2026-08-22 13:20:53.152 Model_Service_4] [PAPER-KV-V6] fetch meta-llama/Llama-3.2-1B -> None requests
[2026-08-22 13:20:53.160 Model_Service_1] [PAPER-KV-V6] fetch Qwen/Qwen2.5-3B-Instruct -> None requests
[2026-08-22 13:20:53.163 Model_Service_4] [PAPER-KV-V6] fetch meta-llama/Llama-3.2-1B -> None requests
[2026-08-22 13:20:53.170 Model_Service_1] [PAPER-KV-V6] fetch Qwen/Qwen2.5-3B-Instruct -> None requests
[2026-08-22 13:20:53.174 Model_Service_4] [PAPER-KV-V6] fetch meta-llama/Llama-3.2-1B -> None requests
[2026-08-22 13:20:53.181 Model_Service_1] [PAPER-KV-V6] fetch Qwen/Qwen2.5-3B-Instruct -> None requests
[2026-08-22 13:20:53.184 Model_Service_4] [PAPER-KV-V6] fetch meta-llama/Llama-3.2-1B -> None requests
[2026-08-22 13:20:53.191 Model_Service_1] [PAPER-KV-V6] fetch Qwen/Qwen2.5-3B-Instruct -> None requests
[2026-08-22 13:20:53.195 Model_Service_4] [PAPER-KV-V6] fetch meta-llama/Llama-3.2-1B -> None requests
[2026-08-22 13:20:53.202 Model_Service_1] [PAPER-KV-V6] fetch Qwen/Qwen2.5-3B-Instruct -> None requests
[2026-08-22 13:20:53.206 Model_Service_4] [PAPER-KV-V6] fetch meta-llama/Llama-3.2-1B -> None requests
[2026-08-22 13:20:53.212 Model_Service_1] [PAPER-KV-V6] fetch Qwen/Qwen2.5-3B-Instruct -> None requests
[2026-08-22 13:20:53.217 Model_Service_4] [PAPER-KV-V6] fetch meta-llama/Llama-3.2-1B -> None requests
[2026-08-22 13:20:53.223 Model_Service_1] [PAPER-KV-V6] fetch Qwen/Qwen2.5-3B-Instruct -> None requests
[2026-08-22 13:20:53.227 Model_Service_4] [PAPER-KV-V6] fetch meta-llama/Llama-3.2-1B -> None requests
[2026-08-22 13:20:53.233 Model_Service_1] [PAPER-KV-V6] fetch Qwen/Qwen2.5-3B-Instruct -> None requests
[2026-08-22 13:20:53.238 Model_Service_4] [PAPER-KV-V6] fetch meta-llama/Llama-3.2-1B -> None requests
[2026-08-22 13:20:53.244 Model_Service_1] [PAPER-KV-V6] fetch Qwen/Qwen2.5-3B-Instruct -> None requests
[2026-08-22 13:20:53.249 Model_Service_4] [PAPER-KV-V6] fetch meta-llama/Llama-3.2-1B -> None requests
[2026-08-22 13:20:53.254 Model_Service_1] [PAPER-KV-V6] fetch Qwen/Qwen2.5-3B-Instruct -> None requests
[2026-08-22 13:20:53.260 Model_Service_4] [PAPER-KV-V6] fetch meta-llama/Llama-3.2-1B -> None requests
[2026-08-22 13:20:53.265 Model_Service_1] [PAPER-KV-V6] fetch Qwen/Qwen2.5-3B-Instruct -> None requests
[2026-08-22 13:20:53.271 Model_Service_4] [PAPER-KV-V6] fetch meta-llama/Llama-3.2-1B -> None requests
[2026-08-22 13:20:53.276 Model_Service_1] [PAPER-KV-V6] fetch Qwen/Qwen2.5-3B-Instruct -> None requests
[2026-08-22 13:20:53.282 Model_Service_4] [PAPER-KV-V6] fetch meta-llama/Llama-3.2-1B -> None requests
[2026-08-22 13:20:53.286 Model_Service_1] [PAPER-KV-V6] fetch Qwen/Qwen2.5-3B-Instruct -> None requests
[2026-08-22 13:20:53.293 Model_Service_4] [PAPER-KV-V6] fetch meta-llama/Llama-3.2-1B -> None requests
[2026-08-22 13:20:53.297 Model_Service_1] [PAPER-KV-V6] fetch Qwen/Qwen2.5-3B-Instruct -> None requests
[2026-08-22 13:20:53.299 Model_Service_3] [PAPER-LOAD-V4] {"tag": "meta-llama/Llama-3.1-8B|engine=0_2|src=None", "start_time": 1787404851.3287141, "end_time": 1787404853.2991645, "policy": "paper", "split": 2, "pipeline_depth": null, "target_gpu": 0, "gpu_ids": [0, 1], "source": "cpu", "host_registered": true, "slices": 390, "payload_bytes": 16060522496, "bytes_h2d_direct": 8030261248, "bytes_h2d_helper": 8030261248, "bytes_p2p": 8030261248, "seconds": 1.9704452569130808, "payload_gbps": 8.150707277785822, "transfer_path": "host-to-device + helper-gpu-p2p"}
[2026-08-22 13:20:53.302 Model_Service_3] Time taken to copy model to GPU 0, service 3, engine 0_2, model meta-llama/Llama-3.1-8B: 1.9765 seconds
[2026-08-22 13:20:53.303 Model_Service_4] [PAPER-KV-V6] fetch meta-llama/Llama-3.2-1B -> None requests
[2026-08-22 13:20:53.307 Model_Service_1] [PAPER-KV-V6] fetch Qwen/Qwen2.5-3B-Instruct -> None requests
[2026-08-22 13:20:53.314 Model_Service_4] [PAPER-KV-V6] fetch meta-llama/Llama-3.2-1B -> None requests
[2026-08-22 13:20:53.318 Model_Service_1] [PAPER-KV-V6] fetch Qwen/Qwen2.5-3B-Instruct -> None requests
[2026-08-22 13:20:53.325 Model_Service_4] [PAPER-KV-V6] fetch meta-llama/Llama-3.2-1B -> None requests
[2026-08-22 13:20:53.328 Model_Service_1] [PAPER-KV-V6] fetch Qwen/Qwen2.5-3B-Instruct -> None requests
[2026-08-22 13:20:53.336 Model_Service_4] [PAPER-KV-V6] fetch meta-llama/Llama-3.2-1B -> None requests
[2026-08-22 13:20:53.339 Model_Service_1] [PAPER-KV-V6] fetch Qwen/Qwen2.5-3B-Instruct -> None requests
[2026-08-22 13:20:53.347 Model_Service_4] [PAPER-KV-V6] fetch meta-llama/Llama-3.2-1B -> None requests
[2026-08-22 13:20:53.349 Model_Service_1] [PAPER-KV-V6] fetch Qwen/Qwen2.5-3B-Instruct -> None requests
[2026-08-22 13:20:53.358 Model_Service_4] [PAPER-KV-V6] fetch meta-llama/Llama-3.2-1B -> None requests
[2026-08-22 13:20:53.360 Model_Service_1] [PAPER-KV-V6] fetch Qwen/Qwen2.5-3B-Instruct -> None requests
[2026-08-22 13:20:53.368 Model_Service_4] [PAPER-KV-V6] fetch meta-llama/Llama-3.2-1B -> None requests
[2026-08-22 13:20:53.370 Model_Service_1] [PAPER-KV-V6] fetch Qwen/Qwen2.5-3B-Instruct -> None requests
[2026-08-22 13:20:53.379 Model_Service_4] [PAPER-KV-V6] fetch meta-llama/Llama-3.2-1B -> None requests
[2026-08-22 13:20:53.381 Model_Service_1] [PAPER-KV-V6] fetch Qwen/Qwen2.5-3B-Instruct -> None requests
[2026-08-22 13:20:53.390 Model_Service_4] [PAPER-KV-V6] fetch meta-llama/Llama-3.2-1B -> None requests
[2026-08-22 13:20:53.392 Model_Service_1] [PAPER-KV-V6] fetch Qwen/Qwen2.5-3B-Instruct -> None requests
[2026-08-22 13:20:53.401 Model_Service_4] [PAPER-KV-V6] fetch meta-llama/Llama-3.2-1B -> None requests
[2026-08-22 13:20:53.402 Model_Service_1] [PAPER-KV-V6] fetch Qwen/Qwen2.5-3B-Instruct -> None requests
[2026-08-22 13:20:53.412 Model_Service_4] [PAPER-KV-V6] fetch meta-llama/Llama-3.2-1B -> None requests
[2026-08-22 13:20:53.413 Model_Service_1] [PAPER-KV-V6] fetch Qwen/Qwen2.5-3B-Instruct -> None requests
[2026-08-22 13:20:53.423 Model_Service_4] [PAPER-KV-V6] fetch meta-llama/Llama-3.2-1B -> None requests
[2026-08-22 13:20:53.423 Model_Service_1] [PAPER-KV-V6] fetch Qwen/Qwen2.5-3B-Instruct -> None requests
[2026-08-22 13:20:53.434 Model_Service_4] [PAPER-KV-V6] fetch meta-llama/Llama-3.2-1B -> None requests
[2026-08-22 13:20:53.434 Model_Service_1] [PAPER-KV-V6] fetch Qwen/Qwen2.5-3B-Instruct -> None requests
[2026-08-22 13:20:53.445 Model_Service_4] [PAPER-KV-V6] fetch meta-llama/Llama-3.2-1B -> None requests
[2026-08-22 13:20:53.445 Model_Service_1] [PAPER-KV-V6] fetch Qwen/Qwen2.5-3B-Instruct -> None requests
[2026-08-22 13:20:53.456 Model_Service_1] [PAPER-KV-V6] fetch Qwen/Qwen2.5-3B-Instruct -> None requests
[2026-08-22 13:20:53.456 Model_Service_4] [PAPER-KV-V6] fetch meta-llama/Llama-3.2-1B -> None requests
[2026-08-22 13:20:53.466 Model_Service_1] [PAPER-KV-V6] fetch Qwen/Qwen2.5-3B-Instruct -> None requests
[2026-08-22 13:20:53.467 Model_Service_4] [PAPER-KV-V6] fetch meta-llama/Llama-3.2-1B -> None requests
[2026-08-22 13:20:53.477 Model_Service_1] [PAPER-KV-V6] fetch Qwen/Qwen2.5-3B-Instruct -> None requests
[2026-08-22 13:20:53.477 Model_Service_4] [PAPER-KV-V6] fetch meta-llama/Llama-3.2-1B -> None requests
[2026-08-22 13:20:53.487 Model_Service_1] [PAPER-KV-V6] fetch Qwen/Qwen2.5-3B-Instruct -> None requests
[2026-08-22 13:20:53.488 Model_Service_4] [PAPER-KV-V6] fetch meta-llama/Llama-3.2-1B -> None requests
[2026-08-22 13:20:53.498 Model_Service_1] [PAPER-KV-V6] fetch Qwen/Qwen2.5-3B-Instruct -> None requests
[2026-08-22 13:20:53.499 Model_Service_4] [PAPER-KV-V6] fetch meta-llama/Llama-3.2-1B -> None requests
[2026-08-22 13:20:53.509 Model_Service_1] [PAPER-KV-V6] fetch Qwen/Qwen2.5-3B-Instruct -> None requests
[2026-08-22 13:20:53.510 Model_Service_4] [PAPER-KV-V6] fetch meta-llama/Llama-3.2-1B -> None requests
[2026-08-22 13:20:53.520 Model_Service_1] [PAPER-KV-V6] fetch Qwen/Qwen2.5-3B-Instruct -> None requests
[2026-08-22 13:20:53.520 Model_Service_4] [PAPER-KV-V6] fetch meta-llama/Llama-3.2-1B -> None requests
[2026-08-22 13:20:53.530 Model_Service_1] [PAPER-KV-V6] fetch Qwen/Qwen2.5-3B-Instruct -> None requests
[2026-08-22 13:20:53.531 Model_Service_4] [PAPER-KV-V6] fetch meta-llama/Llama-3.2-1B -> None requests
[2026-08-22 13:20:53.541 Model_Service_1] [PAPER-KV-V6] fetch Qwen/Qwen2.5-3B-Instruct -> None requests
[2026-08-22 13:20:53.542 Model_Service_4] [PAPER-KV-V6] fetch meta-llama/Llama-3.2-1B -> None requests
[2026-08-22 13:20:53.551 Model_Service_1] [PAPER-KV-V6] fetch Qwen/Qwen2.5-3B-Instruct -> None requests
[2026-08-22 13:20:53.553 Model_Service_4] [PAPER-KV-V6] fetch meta-llama/Llama-3.2-1B -> None requests
[2026-08-22 13:20:53.562 Model_Service_1] [PAPER-KV-V6] fetch Qwen/Qwen2.5-3B-Instruct -> None requests
[2026-08-22 13:20:53.563 Model_Service_4] [PAPER-KV-V6] fetch meta-llama/Llama-3.2-1B -> None requests
[2026-08-22 13:20:53.572 Model_Service_1] [PAPER-KV-V6] fetch Qwen/Qwen2.5-3B-Instruct -> None requests
[2026-08-22 13:20:53.574 Model_Service_4] [PAPER-KV-V6] fetch meta-llama/Llama-3.2-1B -> None requests
[2026-08-22 13:20:53.583 Model_Service_1] [PAPER-KV-V6] fetch Qwen/Qwen2.5-3B-Instruct -> None requests
[2026-08-22 13:20:53.585 Model_Service_4] [PAPER-KV-V6] fetch meta-llama/Llama-3.2-1B -> None requests
[2026-08-22 13:20:53.594 Model_Service_1] [PAPER-KV-V6] fetch Qwen/Qwen2.5-3B-Instruct -> None requests
[2026-08-22 13:20:53.596 Model_Service_4] [PAPER-KV-V6] fetch meta-llama/Llama-3.2-1B -> None requests
[2026-08-22 13:20:53.605 Model_Service_1] [PAPER-KV-V6] fetch Qwen/Qwen2.5-3B-Instruct -> None requests
[2026-08-22 13:20:53.607 Model_Service_4] [PAPER-KV-V6] fetch meta-llama/Llama-3.2-1B -> None requests
[2026-08-22 13:20:53.615 Model_Service_1] [PAPER-KV-V6] fetch Qwen/Qwen2.5-3B-Instruct -> None requests
[2026-08-22 13:20:53.617 Model_Service_4] [PAPER-KV-V6] fetch meta-llama/Llama-3.2-1B -> None requests
[2026-08-22 13:20:53.626 Model_Service_1] [PAPER-KV-V6] fetch Qwen/Qwen2.5-3B-Instruct -> None requests
[2026-08-22 13:20:53.628 Model_Service_4] [PAPER-KV-V6] fetch meta-llama/Llama-3.2-1B -> None requests
[2026-08-22 13:20:53.637 Model_Service_1] [PAPER-KV-V6] fetch Qwen/Qwen2.5-3B-Instruct -> None requests
[2026-08-22 13:20:53.638 Model_Service_4] [PAPER-KV-V6] fetch meta-llama/Llama-3.2-1B -> None requests
[2026-08-22 13:20:53.647 Model_Service_1] [PAPER-KV-V6] fetch Qwen/Qwen2.5-3B-Instruct -> None requests
[2026-08-22 13:20:53.649 Model_Service_4] [PAPER-KV-V6] fetch meta-llama/Llama-3.2-1B -> None requests
[2026-08-22 13:20:53.658 Model_Service_1] [PAPER-KV-V6] fetch Qwen/Qwen2.5-3B-Instruct -> None requests
[2026-08-22 13:20:53.660 Model_Service_4] [PAPER-KV-V6] fetch meta-llama/Llama-3.2-1B -> None requests
[2026-08-22 13:20:53.669 Model_Service_1] [PAPER-KV-V6] fetch Qwen/Qwen2.5-3B-Instruct -> None requests
[2026-08-22 13:20:53.670 Model_Service_4] [PAPER-KV-V6] fetch meta-llama/Llama-3.2-1B -> None requests
[2026-08-22 13:20:53.679 Model_Service_1] [PAPER-KV-V6] fetch Qwen/Qwen2.5-3B-Instruct -> None requests
[2026-08-22 13:20:53.681 Model_Service_4] [PAPER-KV-V6] fetch meta-llama/Llama-3.2-1B -> None requests
[2026-08-22 13:20:53.690 Model_Service_1] [PAPER-KV-V6] fetch Qwen/Qwen2.5-3B-Instruct -> None requests
[2026-08-22 13:20:53.691 Model_Service_4] [PAPER-KV-V6] fetch meta-llama/Llama-3.2-1B -> None requests
[2026-08-22 13:20:53.700 Model_Service_1] [PAPER-KV-V6] fetch Qwen/Qwen2.5-3B-Instruct -> None requests
[2026-08-22 13:20:53.702 Model_Service_4] [PAPER-KV-V6] fetch meta-llama/Llama-3.2-1B -> None requests
[2026-08-22 13:20:53.711 Model_Service_1] [PAPER-KV-V6] fetch Qwen/Qwen2.5-3B-Instruct -> None requests
[2026-08-22 13:20:53.712 Model_Service_4] [PAPER-KV-V6] fetch meta-llama/Llama-3.2-1B -> None requests
[2026-08-22 13:20:53.722 Model_Service_1] [PAPER-KV-V6] fetch Qwen/Qwen2.5-3B-Instruct -> None requests
[2026-08-22 13:20:53.723 Model_Service_4] [PAPER-KV-V6] fetch meta-llama/Llama-3.2-1B -> None requests
[2026-08-22 13:20:53.733 Model_Service_1] [PAPER-KV-V6] fetch Qwen/Qwen2.5-3B-Instruct -> None requests
[2026-08-22 13:20:53.734 Model_Service_4] [PAPER-KV-V6] fetch meta-llama/Llama-3.2-1B -> None requests
[2026-08-22 13:20:53.743 Model_Service_1] [PAPER-KV-V6] fetch Qwen/Qwen2.5-3B-Instruct -> None requests
[2026-08-22 13:20:53.744 Model_Service_4] [PAPER-KV-V6] fetch meta-llama/Llama-3.2-1B -> None requests
[2026-08-22 13:20:53.754 Model_Service_1] [PAPER-KV-V6] fetch Qwen/Qwen2.5-3B-Instruct -> None requests
[2026-08-22 13:20:53.755 Model_Service_4] [PAPER-KV-V6] fetch meta-llama/Llama-3.2-1B -> None requests
[2026-08-22 13:20:53.765 Model_Service_1] [PAPER-KV-V6] fetch Qwen/Qwen2.5-3B-Instruct -> None requests
[2026-08-22 13:20:53.765 Model_Service_4] [PAPER-KV-V6] fetch meta-llama/Llama-3.2-1B -> None requests
[2026-08-22 13:20:53.776 Model_Service_1] [PAPER-KV-V6] fetch Qwen/Qwen2.5-3B-Instruct -> None requests
[2026-08-22 13:20:53.776 Model_Service_4] [PAPER-KV-V6] fetch meta-llama/Llama-3.2-1B -> None requests
[2026-08-22 13:20:53.787 Model_Service_1] [PAPER-KV-V6] fetch Qwen/Qwen2.5-3B-Instruct -> None requests
[2026-08-22 13:20:53.787 Model_Service_4] [PAPER-KV-V6] fetch meta-llama/Llama-3.2-1B -> None requests
[2026-08-22 13:20:53.798 Model_Service_1] [PAPER-KV-V6] fetch Qwen/Qwen2.5-3B-Instruct -> None requests
[2026-08-22 13:20:53.798 Model_Service_4] [PAPER-KV-V6] fetch meta-llama/Llama-3.2-1B -> None requests
[2026-08-22 13:20:53.808 Model_Service_1] [PAPER-KV-V6] fetch Qwen/Qwen2.5-3B-Instruct -> None requests
[2026-08-22 13:20:53.809 Model_Service_4] [PAPER-KV-V6] fetch meta-llama/Llama-3.2-1B -> None requests
[2026-08-22 13:20:53.819 Model_Service_1] [PAPER-KV-V6] fetch Qwen/Qwen2.5-3B-Instruct -> None requests
[2026-08-22 13:20:53.819 Model_Service_4] [PAPER-KV-V6] fetch meta-llama/Llama-3.2-1B -> None requests
[2026-08-22 13:20:53.829 Model_Service_1] [PAPER-KV-V6] fetch Qwen/Qwen2.5-3B-Instruct -> None requests
[2026-08-22 13:20:53.830 Model_Service_4] [PAPER-KV-V6] fetch meta-llama/Llama-3.2-1B -> None requests
[2026-08-22 13:20:53.840 Model_Service_1] [PAPER-KV-V6] fetch Qwen/Qwen2.5-3B-Instruct -> None requests
[2026-08-22 13:20:53.840 Model_Service_4] [PAPER-KV-V6] fetch meta-llama/Llama-3.2-1B -> None requests
[2026-08-22 13:20:53.850 Model_Service_1] [PAPER-KV-V6] fetch Qwen/Qwen2.5-3B-Instruct -> None requests
[2026-08-22 13:20:53.851 Model_Service_4] [PAPER-KV-V6] fetch meta-llama/Llama-3.2-1B -> None requests
[2026-08-22 13:20:53.861 Model_Service_1] [PAPER-KV-V6] fetch Qwen/Qwen2.5-3B-Instruct -> None requests
[2026-08-22 13:20:53.861 Model_Service_4] [PAPER-KV-V6] fetch meta-llama/Llama-3.2-1B -> None requests
[2026-08-22 13:20:53.871 Model_Service_1] [PAPER-KV-V6] fetch Qwen/Qwen2.5-3B-Instruct -> None requests
[2026-08-22 13:20:53.872 Model_Service_4] [PAPER-KV-V6] fetch meta-llama/Llama-3.2-1B -> None requests
[2026-08-22 13:20:53.882 Model_Service_1] [PAPER-KV-V6] fetch Qwen/Qwen2.5-3B-Instruct -> None requests
[2026-08-22 13:20:53.882 Model_Service_4] [PAPER-KV-V6] fetch meta-llama/Llama-3.2-1B -> None requests
[2026-08-22 13:20:53.893 Model_Service_1] [PAPER-KV-V6] fetch Qwen/Qwen2.5-3B-Instruct -> None requests
[2026-08-22 13:20:53.893 Model_Service_4] [PAPER-KV-V6] fetch meta-llama/Llama-3.2-1B -> None requests
[2026-08-22 13:20:53.904 Model_Service_1] [PAPER-KV-V6] fetch Qwen/Qwen2.5-3B-Instruct -> None requests
[2026-08-22 13:20:53.904 Model_Service_4] [PAPER-KV-V6] fetch meta-llama/Llama-3.2-1B -> None requests
[2026-08-22 13:20:53.905 Model_Service_3] [PAPER-KV-V6] fetch meta-llama/Llama-3.1-8B -> None requests
[2026-08-22 13:20:53.914 Model_Service_1] [PAPER-KV-V6] fetch Qwen/Qwen2.5-3B-Instruct -> None requests
[2026-08-22 13:20:53.914 Model_Service_4] [PAPER-KV-V6] fetch meta-llama/Llama-3.2-1B -> None requests
[2026-08-22 13:20:53.916 Model_Service_3] [PAPER-KV-V6] fetch meta-llama/Llama-3.1-8B -> None requests
[2026-08-22 13:20:53.925 Model_Service_4] [PAPER-KV-V6] fetch meta-llama/Llama-3.2-1B -> None requests
[2026-08-22 13:20:53.925 Model_Service_1] [PAPER-KV-V6] fetch Qwen/Qwen2.5-3B-Instruct -> None requests
[2026-08-22 13:20:53.926 Model_Service_3] [PAPER-KV-V6] fetch meta-llama/Llama-3.1-8B -> None requests
[2026-08-22 13:20:53.936 Model_Service_1] [PAPER-KV-V6] fetch Qwen/Qwen2.5-3B-Instruct -> None requests
[2026-08-22 13:20:53.936 Model_Service_4] [PAPER-KV-V6] fetch meta-llama/Llama-3.2-1B -> None requests
[2026-08-22 13:20:53.937 Model_Service_3] [PAPER-KV-V6] fetch meta-llama/Llama-3.1-8B -> None requests
[2026-08-22 13:20:53.947 Model_Service_1] [PAPER-KV-V6] fetch Qwen/Qwen2.5-3B-Instruct -> None requests
[2026-08-22 13:20:53.947 Model_Service_4] [PAPER-KV-V6] fetch meta-llama/Llama-3.2-1B -> None requests
[2026-08-22 13:20:53.947 Model_Service_3] [PAPER-KV-V6] fetch meta-llama/Llama-3.1-8B -> None requests
[2026-08-22 13:20:53.957 Model_Service_1] [PAPER-KV-V6] fetch Qwen/Qwen2.5-3B-Instruct -> None requests
[2026-08-22 13:20:53.957 Model_Service_4] [PAPER-KV-V6] fetch meta-llama/Llama-3.2-1B -> None requests
[2026-08-22 13:20:53.958 Model_Service_3] [PAPER-KV-V6] fetch meta-llama/Llama-3.1-8B -> None requests
[2026-08-22 13:20:53.968 Model_Service_1] [PAPER-KV-V6] fetch Qwen/Qwen2.5-3B-Instruct -> None requests
[2026-08-22 13:20:53.968 Model_Service_3] [PAPER-KV-V6] fetch meta-llama/Llama-3.1-8B -> None requests
[2026-08-22 13:20:53.968 Model_Service_4] [PAPER-KV-V6] fetch meta-llama/Llama-3.2-1B -> None requests
[2026-08-22 13:20:53.979 Model_Service_1] [PAPER-KV-V6] fetch Qwen/Qwen2.5-3B-Instruct -> None requests
[2026-08-22 13:20:53.979 Model_Service_3] [PAPER-KV-V6] fetch meta-llama/Llama-3.1-8B -> None requests
[2026-08-22 13:20:53.979 Model_Service_4] [PAPER-KV-V6] fetch meta-llama/Llama-3.2-1B -> None requests
[2026-08-22 13:20:53.989 Model_Service_3] [PAPER-KV-V6] fetch meta-llama/Llama-3.1-8B -> None requests
[2026-08-22 13:20:53.989 Model_Service_1] [PAPER-KV-V6] fetch Qwen/Qwen2.5-3B-Instruct -> None requests
[2026-08-22 13:20:53.990 Model_Service_4] [PAPER-KV-V6] fetch meta-llama/Llama-3.2-1B -> None requests
[2026-08-22 13:20:54.000 Model_Service_3] [PAPER-KV-V6] fetch meta-llama/Llama-3.1-8B -> None requests
[2026-08-22 13:20:54.000 Model_Service_1] [PAPER-KV-V6] fetch Qwen/Qwen2.5-3B-Instruct -> None requests
[2026-08-22 13:20:54.000 Model_Service_4] [PAPER-KV-V6] fetch meta-llama/Llama-3.2-1B -> None requests
[2026-08-22 13:20:54.010 Model_Service_1] [PAPER-KV-V6] fetch Qwen/Qwen2.5-3B-Instruct -> None requests
[2026-08-22 13:20:54.010 Model_Service_3] [PAPER-KV-V6] fetch meta-llama/Llama-3.1-8B -> None requests
[2026-08-22 13:20:54.011 Model_Service_4] [PAPER-KV-V6] fetch meta-llama/Llama-3.2-1B -> None requests
[2026-08-22 13:20:54.020 Model_Service_1] [PAPER-KV-V6] fetch Qwen/Qwen2.5-3B-Instruct -> None requests
[2026-08-22 13:20:54.020 Model_Service_3] [PAPER-KV-V6] fetch meta-llama/Llama-3.1-8B -> None requests
[2026-08-22 13:20:54.021 Model_Service_4] [PAPER-KV-V6] fetch meta-llama/Llama-3.2-1B -> None requests
[2026-08-22 13:20:54.030 Model_Service_1] [PAPER-KV-V6] fetch Qwen/Qwen2.5-3B-Instruct -> None requests
[2026-08-22 13:20:54.031 Model_Service_3] [PAPER-KV-V6] fetch meta-llama/Llama-3.1-8B -> None requests
[2026-08-22 13:20:54.031 Model_Service_4] [PAPER-KV-V6] fetch meta-llama/Llama-3.2-1B -> None requests
[2026-08-22 13:20:54.041 Model_Service_1] [PAPER-KV-V6] fetch Qwen/Qwen2.5-3B-Instruct -> None requests
[2026-08-22 13:20:54.041 Model_Service_3] [PAPER-KV-V6] fetch meta-llama/Llama-3.1-8B -> None requests
[2026-08-22 13:20:54.041 Model_Service_4] [PAPER-KV-V6] fetch meta-llama/Llama-3.2-1B -> None requests
[2026-08-22 13:20:54.051 Model_Service_1] [PAPER-KV-V6] fetch Qwen/Qwen2.5-3B-Instruct -> None requests
[2026-08-22 13:20:54.052 Model_Service_3] [PAPER-KV-V6] fetch meta-llama/Llama-3.1-8B -> None requests
[2026-08-22 13:20:54.052 Model_Service_4] [PAPER-KV-V6] fetch meta-llama/Llama-3.2-1B -> None requests
[2026-08-22 13:20:54.061 Model_Service_1] [PAPER-KV-V6] fetch Qwen/Qwen2.5-3B-Instruct -> None requests
[2026-08-22 13:20:54.062 Model_Service_3] [PAPER-KV-V6] fetch meta-llama/Llama-3.1-8B -> None requests
[2026-08-22 13:20:54.062 Model_Service_4] [PAPER-KV-V6] fetch meta-llama/Llama-3.2-1B -> None requests
[2026-08-22 13:20:54.072 Model_Service_1] [PAPER-KV-V6] fetch Qwen/Qwen2.5-3B-Instruct -> None requests
[2026-08-22 13:20:54.072 Model_Service_4] [PAPER-KV-V6] fetch meta-llama/Llama-3.2-1B -> None requests
[2026-08-22 13:20:54.073 Model_Service_3] [PAPER-KV-V6] fetch meta-llama/Llama-3.1-8B -> None requests
[2026-08-22 13:20:54.082 Model_Service_1] [PAPER-KV-V6] fetch Qwen/Qwen2.5-3B-Instruct -> None requests
[2026-08-22 13:20:54.083 Model_Service_4] [PAPER-KV-V6] fetch meta-llama/Llama-3.2-1B -> None requests
[2026-08-22 13:20:54.083 Model_Service_3] [PAPER-KV-V6] fetch meta-llama/Llama-3.1-8B -> None requests
[2026-08-22 13:20:54.092 Model_Service_1] [PAPER-KV-V6] fetch Qwen/Qwen2.5-3B-Instruct -> None requests
[2026-08-22 13:20:54.093 Model_Service_4] [PAPER-KV-V6] fetch meta-llama/Llama-3.2-1B -> None requests
[2026-08-22 13:20:54.093 Model_Service_3] [PAPER-KV-V6] fetch meta-llama/Llama-3.1-8B -> None requests
[2026-08-22 13:20:54.103 Model_Service_1] [PAPER-KV-V6] fetch Qwen/Qwen2.5-3B-Instruct -> None requests
[2026-08-22 13:20:54.103 Model_Service_4] [PAPER-KV-V6] fetch meta-llama/Llama-3.2-1B -> None requests
[2026-08-22 13:20:54.104 Model_Service_3] [PAPER-KV-V6] fetch meta-llama/Llama-3.1-8B -> None requests
[2026-08-22 13:20:54.113 Model_Service_1] [PAPER-KV-V6] fetch Qwen/Qwen2.5-3B-Instruct -> None requests
[2026-08-22 13:20:54.114 Model_Service_4] [PAPER-KV-V6] fetch meta-llama/Llama-3.2-1B -> None requests
[2026-08-22 13:20:54.114 Model_Service_3] [PAPER-KV-V6] fetch meta-llama/Llama-3.1-8B -> None requests
[2026-08-22 13:20:54.124 Model_Service_1] [PAPER-KV-V6] fetch Qwen/Qwen2.5-3B-Instruct -> None requests
[2026-08-22 13:20:54.124 Model_Service_4] [PAPER-KV-V6] fetch meta-llama/Llama-3.2-1B -> None requests
[2026-08-22 13:20:54.125 Model_Service_3] [PAPER-KV-V6] fetch meta-llama/Llama-3.1-8B -> None requests
[2026-08-22 13:20:54.134 Model_Service_1] [PAPER-KV-V6] fetch Qwen/Qwen2.5-3B-Instruct -> None requests
[2026-08-22 13:20:54.134 Model_Service_4] [PAPER-KV-V6] fetch meta-llama/Llama-3.2-1B -> None requests
[2026-08-22 13:20:54.135 Model_Service_3] [PAPER-KV-V6] fetch meta-llama/Llama-3.1-8B -> None requests
[2026-08-22 13:20:54.145 Model_Service_1] [PAPER-KV-V6] fetch Qwen/Qwen2.5-3B-Instruct -> None requests
[2026-08-22 13:20:54.145 Model_Service_4] [PAPER-KV-V6] fetch meta-llama/Llama-3.2-1B -> None requests
[2026-08-22 13:20:54.146 Model_Service_3] [PAPER-KV-V6] fetch meta-llama/Llama-3.1-8B -> None requests
[2026-08-22 13:20:54.155 Model_Service_1] [PAPER-KV-V6] fetch Qwen/Qwen2.5-3B-Instruct -> None requests
[2026-08-22 13:20:54.155 Model_Service_4] [PAPER-KV-V6] fetch meta-llama/Llama-3.2-1B -> None requests
[2026-08-22 13:20:54.156 Model_Service_3] [PAPER-KV-V6] fetch meta-llama/Llama-3.1-8B -> None requests
[2026-08-22 13:20:54.165 Model_Service_1] [PAPER-KV-V6] fetch Qwen/Qwen2.5-3B-Instruct -> None requests
[2026-08-22 13:20:54.165 Model_Service_4] [PAPER-KV-V6] fetch meta-llama/Llama-3.2-1B -> None requests
[2026-08-22 13:20:54.167 Model_Service_3] [PAPER-KV-V6] fetch meta-llama/Llama-3.1-8B -> None requests
[2026-08-22 13:20:54.176 Model_Service_1] [PAPER-KV-V6] fetch Qwen/Qwen2.5-3B-Instruct -> None requests
[2026-08-22 13:20:54.176 Model_Service_4] [PAPER-KV-V6] fetch meta-llama/Llama-3.2-1B -> None requests
[2026-08-22 13:20:54.177 Model_Service_3] [PAPER-KV-V6] fetch meta-llama/Llama-3.1-8B -> None requests
[2026-08-22 13:20:54.186 Model_Service_1] [PAPER-KV-V6] fetch Qwen/Qwen2.5-3B-Instruct -> None requests
[2026-08-22 13:20:54.186 Model_Service_4] [PAPER-KV-V6] fetch meta-llama/Llama-3.2-1B -> None requests
[2026-08-22 13:20:54.187 Model_Service_3] [PAPER-KV-V6] fetch meta-llama/Llama-3.1-8B -> None requests
[2026-08-22 13:20:54.197 Model_Service_1] [PAPER-KV-V6] fetch Qwen/Qwen2.5-3B-Instruct -> None requests
[2026-08-22 13:20:54.197 Model_Service_4] [PAPER-KV-V6] fetch meta-llama/Llama-3.2-1B -> None requests
[2026-08-22 13:20:54.198 Model_Service_3] [PAPER-KV-V6] fetch meta-llama/Llama-3.1-8B -> None requests
[2026-08-22 13:20:54.207 Model_Service_1] [PAPER-KV-V6] fetch Qwen/Qwen2.5-3B-Instruct -> None requests
[2026-08-22 13:20:54.207 Model_Service_4] [PAPER-KV-V6] fetch meta-llama/Llama-3.2-1B -> None requests
[2026-08-22 13:20:54.208 Model_Service_3] [PAPER-KV-V6] fetch meta-llama/Llama-3.1-8B -> None requests
[2026-08-22 13:20:54.217 Model_Service_1] [PAPER-KV-V6] fetch Qwen/Qwen2.5-3B-Instruct -> None requests
[2026-08-22 13:20:54.217 Model_Service_4] [PAPER-KV-V6] fetch meta-llama/Llama-3.2-1B -> None requests
[2026-08-22 13:20:54.219 Model_Service_3] [PAPER-KV-V6] fetch meta-llama/Llama-3.1-8B -> None requests
[2026-08-22 13:20:54.228 Model_Service_1] [PAPER-KV-V6] fetch Qwen/Qwen2.5-3B-Instruct -> None requests
[2026-08-22 13:20:54.228 Model_Service_4] [PAPER-KV-V6] fetch meta-llama/Llama-3.2-1B -> None requests
[2026-08-22 13:20:54.229 Model_Service_3] [PAPER-KV-V6] fetch meta-llama/Llama-3.1-8B -> None requests
[2026-08-22 13:20:54.238 Model_Service_1] [PAPER-KV-V6] fetch Qwen/Qwen2.5-3B-Instruct -> None requests
[2026-08-22 13:20:54.239 Model_Service_4] [PAPER-KV-V6] fetch meta-llama/Llama-3.2-1B -> None requests
[2026-08-22 13:20:54.240 Model_Service_3] [PAPER-KV-V6] fetch meta-llama/Llama-3.1-8B -> None requests
[2026-08-22 13:20:54.249 Model_Service_1] [PAPER-KV-V6] fetch Qwen/Qwen2.5-3B-Instruct -> None requests
[2026-08-22 13:20:54.249 Model_Service_4] [PAPER-KV-V6] fetch meta-llama/Llama-3.2-1B -> None requests
[2026-08-22 13:20:54.250 Model_Service_3] [PAPER-KV-V6] fetch meta-llama/Llama-3.1-8B -> None requests
[2026-08-22 13:20:54.260 Model_Service_1] [PAPER-KV-V6] fetch Qwen/Qwen2.5-3B-Instruct -> None requests
[2026-08-22 13:20:54.260 Model_Service_4] [PAPER-KV-V6] fetch meta-llama/Llama-3.2-1B -> None requests
[2026-08-22 13:20:54.260 Model_Service_3] [PAPER-KV-V6] fetch meta-llama/Llama-3.1-8B -> None requests
[2026-08-22 13:20:54.270 Model_Service_1] [PAPER-KV-V6] fetch Qwen/Qwen2.5-3B-Instruct -> None requests
[2026-08-22 13:20:54.270 Model_Service_4] [PAPER-KV-V6] fetch meta-llama/Llama-3.2-1B -> None requests
[2026-08-22 13:20:54.271 Model_Service_3] [PAPER-KV-V6] fetch meta-llama/Llama-3.1-8B -> None requests
[2026-08-22 13:20:54.281 Model_Service_1] [PAPER-KV-V6] fetch Qwen/Qwen2.5-3B-Instruct -> None requests
[2026-08-22 13:20:54.281 Model_Service_4] [PAPER-KV-V6] fetch meta-llama/Llama-3.2-1B -> None requests
[2026-08-22 13:20:54.281 Model_Service_3] [PAPER-KV-V6] fetch meta-llama/Llama-3.1-8B -> None requests
[2026-08-22 13:20:54.291 Model_Service_1] [PAPER-KV-V6] fetch Qwen/Qwen2.5-3B-Instruct -> None requests
[2026-08-22 13:20:54.291 Model_Service_4] [PAPER-KV-V6] fetch meta-llama/Llama-3.2-1B -> None requests
[2026-08-22 13:20:54.291 Model_Service_3] [PAPER-KV-V6] fetch meta-llama/Llama-3.1-8B -> None requests
[2026-08-22 13:20:54.302 Model_Service_1] [PAPER-KV-V6] fetch Qwen/Qwen2.5-3B-Instruct -> None requests
[2026-08-22 13:20:54.302 Model_Service_4] [PAPER-KV-V6] fetch meta-llama/Llama-3.2-1B -> None requests
[2026-08-22 13:20:54.302 Model_Service_3] [PAPER-KV-V6] fetch meta-llama/Llama-3.1-8B -> None requests
[2026-08-22 13:20:54.312 Model_Service_4] [PAPER-KV-V6] fetch meta-llama/Llama-3.2-1B -> None requests
[2026-08-22 13:20:54.312 Model_Service_1] [PAPER-KV-V6] fetch Qwen/Qwen2.5-3B-Instruct -> None requests
[2026-08-22 13:20:54.312 Model_Service_3] [PAPER-KV-V6] fetch meta-llama/Llama-3.1-8B -> None requests
[2026-08-22 13:20:54.323 Model_Service_4] [PAPER-KV-V6] fetch meta-llama/Llama-3.2-1B -> None requests
[2026-08-22 13:20:54.323 Model_Service_1] [PAPER-KV-V6] fetch Qwen/Qwen2.5-3B-Instruct -> None requests
[2026-08-22 13:20:54.323 Model_Service_3] [PAPER-KV-V6] fetch meta-llama/Llama-3.1-8B -> None requests
[2026-08-22 13:20:54.333 Model_Service_4] [PAPER-KV-V6] fetch meta-llama/Llama-3.2-1B -> None requests
[2026-08-22 13:20:54.333 Model_Service_1] [PAPER-KV-V6] fetch Qwen/Qwen2.5-3B-Instruct -> None requests
[2026-08-22 13:20:54.333 Model_Service_3] [PAPER-KV-V6] fetch meta-llama/Llama-3.1-8B -> None requests
[2026-08-22 13:20:54.343 Model_Service_4] [PAPER-KV-V6] fetch meta-llama/Llama-3.2-1B -> None requests
[2026-08-22 13:20:54.344 Model_Service_1] [PAPER-KV-V6] fetch Qwen/Qwen2.5-3B-Instruct -> None requests
[2026-08-22 13:20:54.344 Model_Service_3] [PAPER-KV-V6] fetch meta-llama/Llama-3.1-8B -> None requests
[2026-08-22 13:20:54.354 Model_Service_4] [PAPER-KV-V6] fetch meta-llama/Llama-3.2-1B -> None requests
[2026-08-22 13:20:54.354 Model_Service_1] [PAPER-KV-V6] fetch Qwen/Qwen2.5-3B-Instruct -> None requests
[2026-08-22 13:20:54.354 Model_Service_3] [PAPER-KV-V6] fetch meta-llama/Llama-3.1-8B -> None requests
[2026-08-22 13:20:54.364 Model_Service_4] [PAPER-KV-V6] fetch meta-llama/Llama-3.2-1B -> None requests
[2026-08-22 13:20:54.364 Model_Service_1] [PAPER-KV-V6] fetch Qwen/Qwen2.5-3B-Instruct -> None requests
[2026-08-22 13:20:54.364 Model_Service_3] [PAPER-KV-V6] fetch meta-llama/Llama-3.1-8B -> None requests
[2026-08-22 13:20:54.374 Model_Service_4] [PAPER-KV-V6] fetch meta-llama/Llama-3.2-1B -> None requests
[2026-08-22 13:20:54.375 Model_Service_1] [PAPER-KV-V6] fetch Qwen/Qwen2.5-3B-Instruct -> None requests
[2026-08-22 13:20:54.375 Model_Service_3] [PAPER-KV-V6] fetch meta-llama/Llama-3.1-8B -> None requests
[2026-08-22 13:20:54.385 Model_Service_4] [PAPER-KV-V6] fetch meta-llama/Llama-3.2-1B -> None requests
[2026-08-22 13:20:54.385 Model_Service_3] [PAPER-KV-V6] fetch meta-llama/Llama-3.1-8B -> None requests
[2026-08-22 13:20:54.385 Model_Service_1] [PAPER-KV-V6] fetch Qwen/Qwen2.5-3B-Instruct -> None requests
[2026-08-22 13:20:54.395 Model_Service_4] [PAPER-KV-V6] fetch meta-llama/Llama-3.2-1B -> None requests
[2026-08-22 13:20:54.396 Model_Service_3] [PAPER-KV-V6] fetch meta-llama/Llama-3.1-8B -> None requests
[2026-08-22 13:20:54.396 Model_Service_1] [PAPER-KV-V6] fetch Qwen/Qwen2.5-3B-Instruct -> None requests
[2026-08-22 13:20:54.405 Model_Service_4] [PAPER-KV-V6] fetch meta-llama/Llama-3.2-1B -> None requests
[2026-08-22 13:20:54.407 Model_Service_3] [PAPER-KV-V6] fetch meta-llama/Llama-3.1-8B -> None requests
[2026-08-22 13:20:54.407 Model_Service_1] [PAPER-KV-V6] fetch Qwen/Qwen2.5-3B-Instruct -> None requests
[2026-08-22 13:20:54.416 Model_Service_4] [PAPER-KV-V6] fetch meta-llama/Llama-3.2-1B -> None requests
[2026-08-22 13:20:54.417 Model_Service_3] [PAPER-KV-V6] fetch meta-llama/Llama-3.1-8B -> None requests
[2026-08-22 13:20:54.417 Model_Service_1] [PAPER-KV-V6] fetch Qwen/Qwen2.5-3B-Instruct -> None requests
[2026-08-22 13:20:54.426 Model_Service_4] [PAPER-KV-V6] fetch meta-llama/Llama-3.2-1B -> None requests
[2026-08-22 13:20:54.428 Model_Service_3] [PAPER-KV-V6] fetch meta-llama/Llama-3.1-8B -> None requests
[2026-08-22 13:20:54.428 Model_Service_1] [PAPER-KV-V6] fetch Qwen/Qwen2.5-3B-Instruct -> None requests
[2026-08-22 13:20:54.437 Model_Service_4] [PAPER-KV-V6] fetch meta-llama/Llama-3.2-1B -> None requests
[2026-08-22 13:20:54.438 Model_Service_3] [PAPER-KV-V6] fetch meta-llama/Llama-3.1-8B -> None requests
[2026-08-22 13:20:54.438 Model_Service_1] [PAPER-KV-V6] fetch Qwen/Qwen2.5-3B-Instruct -> None requests
[2026-08-22 13:20:54.447 Model_Service_4] [PAPER-KV-V6] fetch meta-llama/Llama-3.2-1B -> None requests
[2026-08-22 13:20:54.448 Model_Service_3] [PAPER-KV-V6] fetch meta-llama/Llama-3.1-8B -> None requests
[2026-08-22 13:20:54.449 Model_Service_1] [PAPER-KV-V6] fetch Qwen/Qwen2.5-3B-Instruct -> None requests
[2026-08-22 13:20:54.457 Model_Service_4] [PAPER-KV-V6] fetch meta-llama/Llama-3.2-1B -> None requests
[2026-08-22 13:20:54.459 Model_Service_3] [PAPER-KV-V6] fetch meta-llama/Llama-3.1-8B -> None requests
[2026-08-22 13:20:54.459 Model_Service_1] [PAPER-KV-V6] fetch Qwen/Qwen2.5-3B-Instruct -> None requests
[2026-08-22 13:20:54.467 Model_Service_4] [PAPER-KV-V6] fetch meta-llama/Llama-3.2-1B -> None requests
[2026-08-22 13:20:54.469 Model_Service_3] [PAPER-KV-V6] fetch meta-llama/Llama-3.1-8B -> None requests
[2026-08-22 13:20:54.469 Model_Service_1] [PAPER-KV-V6] fetch Qwen/Qwen2.5-3B-Instruct -> None requests
[2026-08-22 13:20:54.478 Model_Service_4] [PAPER-KV-V6] fetch meta-llama/Llama-3.2-1B -> None requests
[2026-08-22 13:20:54.480 Model_Service_3] [PAPER-KV-V6] fetch meta-llama/Llama-3.1-8B -> None requests
[2026-08-22 13:20:54.480 Model_Service_1] [PAPER-KV-V6] fetch Qwen/Qwen2.5-3B-Instruct -> None requests
[2026-08-22 13:20:54.488 Model_Service_4] [PAPER-KV-V6] fetch meta-llama/Llama-3.2-1B -> None requests
[2026-08-22 13:20:54.490 Model_Service_3] [PAPER-KV-V6] fetch meta-llama/Llama-3.1-8B -> None requests
[2026-08-22 13:20:54.490 Model_Service_1] [PAPER-KV-V6] fetch Qwen/Qwen2.5-3B-Instruct -> None requests
[2026-08-22 13:20:54.498 Model_Service_4] [PAPER-KV-V6] fetch meta-llama/Llama-3.2-1B -> None requests
[2026-08-22 13:20:54.500 Model_Service_3] [PAPER-KV-V6] fetch meta-llama/Llama-3.1-8B -> None requests
[2026-08-22 13:20:54.500 Model_Service_1] [PAPER-KV-V6] fetch Qwen/Qwen2.5-3B-Instruct -> None requests
[2026-08-22 13:20:54.508 Model_Service_4] [PAPER-KV-V6] fetch meta-llama/Llama-3.2-1B -> None requests
[2026-08-22 13:20:54.511 Model_Service_1] [PAPER-KV-V6] fetch Qwen/Qwen2.5-3B-Instruct -> None requests
[2026-08-22 13:20:54.511 Model_Service_3] [PAPER-KV-V6] fetch meta-llama/Llama-3.1-8B -> None requests
[2026-08-22 13:20:54.519 Model_Service_4] [PAPER-KV-V6] fetch meta-llama/Llama-3.2-1B -> None requests
[2026-08-22 13:20:54.521 Model_Service_1] [PAPER-KV-V6] fetch Qwen/Qwen2.5-3B-Instruct -> None requests
[2026-08-22 13:20:54.521 Model_Service_3] [PAPER-KV-V6] fetch meta-llama/Llama-3.1-8B -> None requests
[2026-08-22 13:20:54.529 Model_Service_4] [PAPER-KV-V6] fetch meta-llama/Llama-3.2-1B -> None requests
[2026-08-22 13:20:54.531 Model_Service_1] [PAPER-KV-V6] fetch Qwen/Qwen2.5-3B-Instruct -> None requests
[2026-08-22 13:20:54.531 Model_Service_3] [PAPER-KV-V6] fetch meta-llama/Llama-3.1-8B -> None requests
[2026-08-22 13:20:54.539 Model_Service_4] [PAPER-KV-V6] fetch meta-llama/Llama-3.2-1B -> None requests
[2026-08-22 13:20:54.542 Model_Service_1] [PAPER-KV-V6] fetch Qwen/Qwen2.5-3B-Instruct -> None requests
[2026-08-22 13:20:54.542 Model_Service_3] [PAPER-KV-V6] fetch meta-llama/Llama-3.1-8B -> None requests
[2026-08-22 13:20:54.549 Model_Service_4] [PAPER-KV-V6] fetch meta-llama/Llama-3.2-1B -> None requests
[2026-08-22 13:20:54.552 Model_Service_1] [PAPER-KV-V6] fetch Qwen/Qwen2.5-3B-Instruct -> None requests
[2026-08-22 13:20:54.552 Model_Service_3] [PAPER-KV-V6] fetch meta-llama/Llama-3.1-8B -> None requests
[2026-08-22 13:20:54.560 Model_Service_4] [PAPER-KV-V6] fetch meta-llama/Llama-3.2-1B -> None requests
[2026-08-22 13:20:54.562 Model_Service_1] [PAPER-KV-V6] fetch Qwen/Qwen2.5-3B-Instruct -> None requests
[2026-08-22 13:20:54.563 Model_Service_3] [PAPER-KV-V6] fetch meta-llama/Llama-3.1-8B -> None requests
[2026-08-22 13:20:54.570 Model_Service_4] [PAPER-KV-V6] fetch meta-llama/Llama-3.2-1B -> None requests
[2026-08-22 13:20:54.572 Model_Service_1] [PAPER-KV-V6] fetch Qwen/Qwen2.5-3B-Instruct -> None requests
[2026-08-22 13:20:54.573 Model_Service_3] [PAPER-KV-V6] fetch meta-llama/Llama-3.1-8B -> None requests
[2026-08-22 13:20:54.580 Model_Service_4] [PAPER-KV-V6] fetch meta-llama/Llama-3.2-1B -> None requests
[2026-08-22 13:20:54.583 Model_Service_1] [PAPER-KV-V6] fetch Qwen/Qwen2.5-3B-Instruct -> None requests
[2026-08-22 13:20:54.583 Model_Service_3] [PAPER-KV-V6] fetch meta-llama/Llama-3.1-8B -> None requests
[2026-08-22 13:20:54.590 Model_Service_4] [PAPER-KV-V6] fetch meta-llama/Llama-3.2-1B -> None requests
[2026-08-22 13:20:54.593 Model_Service_1] [PAPER-KV-V6] fetch Qwen/Qwen2.5-3B-Instruct -> None requests
[2026-08-22 13:20:54.594 Model_Service_3] [PAPER-KV-V6] fetch meta-llama/Llama-3.1-8B -> None requests
[2026-08-22 13:20:54.601 Model_Service_4] [PAPER-KV-V6] fetch meta-llama/Llama-3.2-1B -> None requests
[2026-08-22 13:20:54.603 Model_Service_1] [PAPER-KV-V6] fetch Qwen/Qwen2.5-3B-Instruct -> None requests
[2026-08-22 13:20:54.604 Model_Service_3] [PAPER-KV-V6] fetch meta-llama/Llama-3.1-8B -> None requests
[2026-08-22 13:20:54.611 Model_Service_4] [PAPER-KV-V6] fetch meta-llama/Llama-3.2-1B -> None requests
[2026-08-22 13:20:54.614 Model_Service_1] [PAPER-KV-V6] fetch Qwen/Qwen2.5-3B-Instruct -> None requests
[2026-08-22 13:20:54.614 Model_Service_3] [PAPER-KV-V6] fetch meta-llama/Llama-3.1-8B -> None requests
[2026-08-22 13:20:54.621 Model_Service_4] [PAPER-KV-V6] fetch meta-llama/Llama-3.2-1B -> None requests
[2026-08-22 13:20:54.624 Model_Service_1] [PAPER-KV-V6] fetch Qwen/Qwen2.5-3B-Instruct -> None requests
[2026-08-22 13:20:54.625 Model_Service_3] [PAPER-KV-V6] fetch meta-llama/Llama-3.1-8B -> None requests
[2026-08-22 13:20:54.631 Model_Service_4] [PAPER-KV-V6] fetch meta-llama/Llama-3.2-1B -> None requests
[2026-08-22 13:20:54.634 Model_Service_1] [PAPER-KV-V6] fetch Qwen/Qwen2.5-3B-Instruct -> None requests
[2026-08-22 13:20:54.635 Model_Service_3] [PAPER-KV-V6] fetch meta-llama/Llama-3.1-8B -> None requests
[2026-08-22 13:20:54.642 Model_Service_4] [PAPER-KV-V6] fetch meta-llama/Llama-3.2-1B -> None requests
[2026-08-22 13:20:54.644 Model_Service_1] [PAPER-KV-V6] fetch Qwen/Qwen2.5-3B-Instruct -> None requests
[2026-08-22 13:20:54.645 Model_Service_3] [PAPER-KV-V6] fetch meta-llama/Llama-3.1-8B -> None requests
[2026-08-22 13:20:54.652 Model_Service_4] [PAPER-KV-V6] fetch meta-llama/Llama-3.2-1B -> None requests
[2026-08-22 13:20:54.655 Model_Service_1] [PAPER-KV-V6] fetch Qwen/Qwen2.5-3B-Instruct -> None requests
[2026-08-22 13:20:54.656 Model_Service_3] [PAPER-KV-V6] fetch meta-llama/Llama-3.1-8B -> None requests
[2026-08-22 13:20:54.662 Model_Service_4] [PAPER-KV-V6] fetch meta-llama/Llama-3.2-1B -> None requests
[2026-08-22 13:20:54.665 Model_Service_1] [PAPER-KV-V6] fetch Qwen/Qwen2.5-3B-Instruct -> None requests
[2026-08-22 13:20:54.666 Model_Service_3] [PAPER-KV-V6] fetch meta-llama/Llama-3.1-8B -> None requests
[2026-08-22 13:20:54.672 Model_Service_4] [PAPER-KV-V6] fetch meta-llama/Llama-3.2-1B -> None requests
[2026-08-22 13:20:54.676 Model_Service_1] [PAPER-KV-V6] fetch Qwen/Qwen2.5-3B-Instruct -> None requests
[2026-08-22 13:20:54.677 Model_Service_3] [PAPER-KV-V6] fetch meta-llama/Llama-3.1-8B -> None requests
[2026-08-22 13:20:54.683 Model_Service_4] [PAPER-KV-V6] fetch meta-llama/Llama-3.2-1B -> None requests
[2026-08-22 13:20:54.686 Model_Service_1] [PAPER-KV-V6] fetch Qwen/Qwen2.5-3B-Instruct -> None requests
[2026-08-22 13:20:54.687 Model_Service_3] [PAPER-KV-V6] fetch meta-llama/Llama-3.1-8B -> None requests
[2026-08-22 13:20:54.693 Model_Service_4] [PAPER-KV-V6] fetch meta-llama/Llama-3.2-1B -> None requests
[2026-08-22 13:20:54.696 Model_Service_1] [PAPER-KV-V6] fetch Qwen/Qwen2.5-3B-Instruct -> None requests
[2026-08-22 13:20:54.697 Model_Service_3] [PAPER-KV-V6] fetch meta-llama/Llama-3.1-8B -> None requests
[2026-08-22 13:20:54.703 Model_Service_4] [PAPER-KV-V6] fetch meta-llama/Llama-3.2-1B -> None requests
[2026-08-22 13:20:54.707 Model_Service_1] [PAPER-KV-V6] fetch Qwen/Qwen2.5-3B-Instruct -> None requests
[2026-08-22 13:20:54.708 Model_Service_3] [PAPER-KV-V6] fetch meta-llama/Llama-3.1-8B -> None requests
[2026-08-22 13:20:54.713 Model_Service_4] [PAPER-KV-V6] fetch meta-llama/Llama-3.2-1B -> None requests
[2026-08-22 13:20:54.717 Model_Service_1] [PAPER-KV-V6] fetch Qwen/Qwen2.5-3B-Instruct -> None requests
[2026-08-22 13:20:54.718 Model_Service_3] [PAPER-KV-V6] fetch meta-llama/Llama-3.1-8B -> None requests
[2026-08-22 13:20:54.724 Model_Service_4] [PAPER-KV-V6] fetch meta-llama/Llama-3.2-1B -> None requests
[2026-08-22 13:20:54.727 Model_Service_1] [PAPER-KV-V6] fetch Qwen/Qwen2.5-3B-Instruct -> None requests
[2026-08-22 13:20:54.729 Model_Service_3] [PAPER-KV-V6] fetch meta-llama/Llama-3.1-8B -> None requests
[2026-08-22 13:20:54.734 Model_Service_4] [PAPER-KV-V6] fetch meta-llama/Llama-3.2-1B -> None requests
[2026-08-22 13:20:54.738 Model_Service_1] [PAPER-KV-V6] fetch Qwen/Qwen2.5-3B-Instruct -> None requests
[2026-08-22 13:20:54.739 Model_Service_3] [PAPER-KV-V6] fetch meta-llama/Llama-3.1-8B -> None requests
[2026-08-22 13:20:54.744 Model_Service_4] [PAPER-KV-V6] fetch meta-llama/Llama-3.2-1B -> None requests
[2026-08-22 13:20:54.748 Model_Service_1] [PAPER-KV-V6] fetch Qwen/Qwen2.5-3B-Instruct -> None requests
[2026-08-22 13:20:54.749 Model_Service_3] [PAPER-KV-V6] fetch meta-llama/Llama-3.1-8B -> None requests
[2026-08-22 13:20:54.755 Model_Service_4] [PAPER-KV-V6] fetch meta-llama/Llama-3.2-1B -> None requests
[2026-08-22 13:20:54.758 Model_Service_1] [PAPER-KV-V6] fetch Qwen/Qwen2.5-3B-Instruct -> None requests
[2026-08-22 13:20:54.760 Model_Service_3] [PAPER-KV-V6] fetch meta-llama/Llama-3.1-8B -> None requests
[2026-08-22 13:20:54.765 Model_Service_4] [PAPER-KV-V6] fetch meta-llama/Llama-3.2-1B -> None requests
[2026-08-22 13:20:54.769 Model_Service_1] [PAPER-KV-V6] fetch Qwen/Qwen2.5-3B-Instruct -> None requests
[2026-08-22 13:20:54.770 Model_Service_3] [PAPER-KV-V6] fetch meta-llama/Llama-3.1-8B -> None requests
[2026-08-22 13:20:54.775 Model_Service_4] [PAPER-KV-V6] fetch meta-llama/Llama-3.2-1B -> None requests
[2026-08-22 13:20:54.779 Model_Service_1] [PAPER-KV-V6] fetch Qwen/Qwen2.5-3B-Instruct -> None requests
[2026-08-22 13:20:54.781 Model_Service_3] [PAPER-KV-V6] fetch meta-llama/Llama-3.1-8B -> None requests
[2026-08-22 13:20:54.785 Model_Service_4] [PAPER-KV-V6] fetch meta-llama/Llama-3.2-1B -> None requests
[2026-08-22 13:20:54.789 Model_Service_1] [PAPER-KV-V6] fetch Qwen/Qwen2.5-3B-Instruct -> None requests
[2026-08-22 13:20:54.791 Model_Service_3] [PAPER-KV-V6] fetch meta-llama/Llama-3.1-8B -> None requests
[2026-08-22 13:20:54.796 Model_Service_4] [PAPER-KV-V6] fetch meta-llama/Llama-3.2-1B -> None requests
[2026-08-22 13:20:54.800 Model_Service_1] [PAPER-KV-V6] fetch Qwen/Qwen2.5-3B-Instruct -> None requests
[2026-08-22 13:20:54.802 Model_Service_3] [PAPER-KV-V6] fetch meta-llama/Llama-3.1-8B -> None requests
[2026-08-22 13:20:54.806 Model_Service_4] [PAPER-KV-V6] fetch meta-llama/Llama-3.2-1B -> None requests
[2026-08-22 13:20:54.810 Model_Service_1] [PAPER-KV-V6] fetch Qwen/Qwen2.5-3B-Instruct -> None requests
[2026-08-22 13:20:54.812 Model_Service_3] [PAPER-KV-V6] fetch meta-llama/Llama-3.1-8B -> None requests
[2026-08-22 13:20:54.816 Model_Service_4] [PAPER-KV-V6] fetch meta-llama/Llama-3.2-1B -> None requests
[2026-08-22 13:20:54.821 Model_Service_1] [PAPER-KV-V6] fetch Qwen/Qwen2.5-3B-Instruct -> None requests
[2026-08-22 13:20:54.822 Model_Service_3] [PAPER-KV-V6] fetch meta-llama/Llama-3.1-8B -> None requests
[2026-08-22 13:20:54.827 Model_Service_4] [PAPER-KV-V6] fetch meta-llama/Llama-3.2-1B -> None requests
[2026-08-22 13:20:54.831 Model_Service_1] [PAPER-KV-V6] fetch Qwen/Qwen2.5-3B-Instruct -> None requests
[2026-08-22 13:20:54.833 Model_Service_3] [PAPER-KV-V6] fetch meta-llama/Llama-3.1-8B -> None requests
[2026-08-22 13:20:54.837 Model_Service_4] [PAPER-KV-V6] fetch meta-llama/Llama-3.2-1B -> None requests
[2026-08-22 13:20:54.841 Model_Service_1] [PAPER-KV-V6] fetch Qwen/Qwen2.5-3B-Instruct -> None requests
[2026-08-22 13:20:54.843 Model_Service_3] [PAPER-KV-V6] fetch meta-llama/Llama-3.1-8B -> None requests
[2026-08-22 13:20:54.847 Model_Service_4] [PAPER-KV-V6] fetch meta-llama/Llama-3.2-1B -> None requests
[2026-08-22 13:20:54.852 Model_Service_1] [PAPER-KV-V6] fetch Qwen/Qwen2.5-3B-Instruct -> None requests
[2026-08-22 13:20:54.854 Model_Service_3] [PAPER-KV-V6] fetch meta-llama/Llama-3.1-8B -> None requests
[2026-08-22 13:20:54.857 Model_Service_4] [PAPER-KV-V6] fetch meta-llama/Llama-3.2-1B -> None requests
[2026-08-22 13:20:54.862 Model_Service_1] [PAPER-KV-V6] fetch Qwen/Qwen2.5-3B-Instruct -> None requests
[2026-08-22 13:20:54.865 Model_Service_3] [PAPER-KV-V6] fetch meta-llama/Llama-3.1-8B -> None requests
[2026-08-22 13:20:54.868 Model_Service_4] [PAPER-KV-V6] fetch meta-llama/Llama-3.2-1B -> None requests
[2026-08-22 13:20:54.872 Model_Service_1] [PAPER-KV-V6] fetch Qwen/Qwen2.5-3B-Instruct -> None requests
[2026-08-22 13:20:54.875 Model_Service_3] [PAPER-KV-V6] fetch meta-llama/Llama-3.1-8B -> None requests
[2026-08-22 13:20:54.878 Model_Service_4] [PAPER-KV-V6] fetch meta-llama/Llama-3.2-1B -> None requests
[2026-08-22 13:20:54.883 Model_Service_1] [PAPER-KV-V6] fetch Qwen/Qwen2.5-3B-Instruct -> None requests
[2026-08-22 13:20:54.886 Model_Service_3] [PAPER-KV-V6] fetch meta-llama/Llama-3.1-8B -> None requests
[2026-08-22 13:20:54.889 Model_Service_4] [PAPER-KV-V6] fetch meta-llama/Llama-3.2-1B -> None requests
[2026-08-22 13:20:54.893 Model_Service_1] [PAPER-KV-V6] fetch Qwen/Qwen2.5-3B-Instruct -> None requests
[2026-08-22 13:20:54.897 Model_Service_3] [PAPER-KV-V6] fetch meta-llama/Llama-3.1-8B -> None requests
[2026-08-22 13:20:54.899 Model_Service_4] [PAPER-KV-V6] fetch meta-llama/Llama-3.2-1B -> None requests
[2026-08-22 13:20:54.903 Model_Service_1] [PAPER-KV-V6] fetch Qwen/Qwen2.5-3B-Instruct -> None requests
[2026-08-22 13:20:54.908 Model_Service_3] [PAPER-KV-V6] fetch meta-llama/Llama-3.1-8B -> None requests
[2026-08-22 13:20:54.909 Model_Service_4] [PAPER-KV-V6] fetch meta-llama/Llama-3.2-1B -> None requests
[2026-08-22 13:20:54.914 Model_Service_1] [PAPER-KV-V6] fetch Qwen/Qwen2.5-3B-Instruct -> None requests
[2026-08-22 13:20:54.919 Model_Service_3] [PAPER-KV-V6] fetch meta-llama/Llama-3.1-8B -> None requests
[2026-08-22 13:20:54.920 Model_Service_4] [PAPER-KV-V6] fetch meta-llama/Llama-3.2-1B -> None requests
[2026-08-22 13:20:54.924 Model_Service_1] [PAPER-KV-V6] fetch Qwen/Qwen2.5-3B-Instruct -> None requests
[2026-08-22 13:20:54.930 Model_Service_4] [PAPER-KV-V6] fetch meta-llama/Llama-3.2-1B -> None requests
[2026-08-22 13:20:54.930 Model_Service_3] [PAPER-KV-V6] fetch meta-llama/Llama-3.1-8B -> None requests
[2026-08-22 13:20:54.934 Model_Service_1] [PAPER-KV-V6] fetch Qwen/Qwen2.5-3B-Instruct -> None requests
[2026-08-22 13:20:54.940 Model_Service_4] [PAPER-KV-V6] fetch meta-llama/Llama-3.2-1B -> None requests
[2026-08-22 13:20:54.941 Model_Service_3] [PAPER-KV-V6] fetch meta-llama/Llama-3.1-8B -> None requests
[2026-08-22 13:20:54.944 Model_Service_1] [PAPER-KV-V6] fetch Qwen/Qwen2.5-3B-Instruct -> None requests
[2026-08-22 13:20:54.950 Model_Service_4] [PAPER-KV-V6] fetch meta-llama/Llama-3.2-1B -> None requests
[2026-08-22 13:20:54.951 Model_Service_3] [PAPER-KV-V6] fetch meta-llama/Llama-3.1-8B -> None requests
[2026-08-22 13:20:54.955 Model_Service_1] [PAPER-KV-V6] fetch Qwen/Qwen2.5-3B-Instruct -> None requests
[2026-08-22 13:20:54.961 Model_Service_4] [PAPER-KV-V6] fetch meta-llama/Llama-3.2-1B -> None requests
[2026-08-22 13:20:54.962 Model_Service_3] [PAPER-KV-V6] fetch meta-llama/Llama-3.1-8B -> None requests
[2026-08-22 13:20:54.965 Model_Service_1] [PAPER-KV-V6] fetch Qwen/Qwen2.5-3B-Instruct -> None requests
[2026-08-22 13:20:54.971 Model_Service_4] [PAPER-KV-V6] fetch meta-llama/Llama-3.2-1B -> None requests
[2026-08-22 13:20:54.974 Model_Service_3] [PAPER-KV-V6] fetch meta-llama/Llama-3.1-8B -> None requests
[2026-08-22 13:20:54.976 Model_Service_1] [PAPER-KV-V6] fetch Qwen/Qwen2.5-3B-Instruct -> None requests
[2026-08-22 13:20:54.981 Model_Service_4] [PAPER-KV-V6] fetch meta-llama/Llama-3.2-1B -> None requests
[2026-08-22 13:20:54.984 Model_Service_3] [PAPER-KV-V6] fetch meta-llama/Llama-3.1-8B -> None requests
[2026-08-22 13:20:54.986 Model_Service_1] [PAPER-KV-V6] fetch Qwen/Qwen2.5-3B-Instruct -> None requests
[2026-08-22 13:20:54.991 Model_Service_4] [PAPER-KV-V6] fetch meta-llama/Llama-3.2-1B -> None requests
[2026-08-22 13:20:54.995 Model_Service_3] [PAPER-KV-V6] fetch meta-llama/Llama-3.1-8B -> None requests
[2026-08-22 13:20:54.996 Model_Service_1] [PAPER-KV-V6] fetch Qwen/Qwen2.5-3B-Instruct -> None requests
[2026-08-22 13:20:55.002 Model_Service_4] [PAPER-KV-V6] fetch meta-llama/Llama-3.2-1B -> None requests
[2026-08-22 13:20:55.005 Model_Service_3] [PAPER-KV-V6] fetch meta-llama/Llama-3.1-8B -> None requests
[2026-08-22 13:20:55.007 Model_Service_1] [PAPER-KV-V6] fetch Qwen/Qwen2.5-3B-Instruct -> None requests
[2026-08-22 13:20:55.012 Model_Service_4] [PAPER-KV-V6] fetch meta-llama/Llama-3.2-1B -> None requests
[2026-08-22 13:20:55.016 Model_Service_3] [PAPER-KV-V6] fetch meta-llama/Llama-3.1-8B -> None requests
[2026-08-22 13:20:55.017 Model_Service_1] [PAPER-KV-V6] fetch Qwen/Qwen2.5-3B-Instruct -> None requests
[2026-08-22 13:20:55.022 Model_Service_4] [PAPER-KV-V6] fetch meta-llama/Llama-3.2-1B -> None requests
[2026-08-22 13:20:55.027 Model_Service_3] [PAPER-KV-V6] fetch meta-llama/Llama-3.1-8B -> None requests
[2026-08-22 13:20:55.027 Model_Service_1] [PAPER-KV-V6] fetch Qwen/Qwen2.5-3B-Instruct -> None requests
[2026-08-22 13:20:55.032 Model_Service_4] [PAPER-KV-V6] fetch meta-llama/Llama-3.2-1B -> None requests
[2026-08-22 13:20:55.037 Model_Service_3] [PAPER-KV-V6] fetch meta-llama/Llama-3.1-8B -> None requests
[2026-08-22 13:20:55.038 Model_Service_1] [PAPER-KV-V6] fetch Qwen/Qwen2.5-3B-Instruct -> None requests
[2026-08-22 13:20:55.043 Model_Service_4] [PAPER-KV-V6] fetch meta-llama/Llama-3.2-1B -> None requests
[2026-08-22 13:20:55.048 Model_Service_1] [PAPER-KV-V6] fetch Qwen/Qwen2.5-3B-Instruct -> None requests
[2026-08-22 13:20:55.048 Model_Service_3] [PAPER-KV-V6] fetch meta-llama/Llama-3.1-8B -> None requests
[2026-08-22 13:20:55.053 Model_Service_4] [PAPER-KV-V6] fetch meta-llama/Llama-3.2-1B -> None requests
[2026-08-22 13:20:55.058 Model_Service_1] [PAPER-KV-V6] fetch Qwen/Qwen2.5-3B-Instruct -> None requests
[2026-08-22 13:20:55.058 Model_Service_3] [PAPER-KV-V6] fetch meta-llama/Llama-3.1-8B -> None requests
[2026-08-22 13:20:55.063 Model_Service_4] [PAPER-KV-V6] fetch meta-llama/Llama-3.2-1B -> None requests
[2026-08-22 13:20:55.068 Model_Service_1] [PAPER-KV-V6] fetch Qwen/Qwen2.5-3B-Instruct -> None requests
[2026-08-22 13:20:55.069 Model_Service_3] [PAPER-KV-V6] fetch meta-llama/Llama-3.1-8B -> None requests
[2026-08-22 13:20:55.073 Model_Service_4] [PAPER-KV-V6] fetch meta-llama/Llama-3.2-1B -> None requests
[2026-08-22 13:20:55.079 Model_Service_1] [PAPER-KV-V6] fetch Qwen/Qwen2.5-3B-Instruct -> None requests
[2026-08-22 13:20:55.080 Model_Service_3] [PAPER-KV-V6] fetch meta-llama/Llama-3.1-8B -> None requests
[2026-08-22 13:20:55.084 Model_Service_4] [PAPER-KV-V6] fetch meta-llama/Llama-3.2-1B -> None requests
[2026-08-22 13:20:55.089 Model_Service_1] [PAPER-KV-V6] fetch Qwen/Qwen2.5-3B-Instruct -> None requests
[2026-08-22 13:20:55.090 Model_Service_3] [PAPER-KV-V6] fetch meta-llama/Llama-3.1-8B -> None requests
[2026-08-22 13:20:55.094 Model_Service_4] [PAPER-KV-V6] fetch meta-llama/Llama-3.2-1B -> None requests
[2026-08-22 13:20:55.099 Model_Service_1] [PAPER-KV-V6] fetch Qwen/Qwen2.5-3B-Instruct -> None requests
[2026-08-22 13:20:55.101 Model_Service_3] [PAPER-KV-V6] fetch meta-llama/Llama-3.1-8B -> None requests
[2026-08-22 13:20:55.104 Model_Service_4] [PAPER-KV-V6] fetch meta-llama/Llama-3.2-1B -> None requests
[2026-08-22 13:20:55.110 Model_Service_1] [PAPER-KV-V6] fetch Qwen/Qwen2.5-3B-Instruct -> None requests
[2026-08-22 13:20:55.111 Model_Service_3] [PAPER-KV-V6] fetch meta-llama/Llama-3.1-8B -> None requests
[2026-08-22 13:20:55.114 Model_Service_4] [PAPER-KV-V6] fetch meta-llama/Llama-3.2-1B -> None requests
[2026-08-22 13:20:55.120 Model_Service_1] [PAPER-KV-V6] fetch Qwen/Qwen2.5-3B-Instruct -> None requests
[2026-08-22 13:20:55.122 Model_Service_3] [PAPER-KV-V6] fetch meta-llama/Llama-3.1-8B -> None requests
[2026-08-22 13:20:55.125 Model_Service_4] [PAPER-KV-V6] fetch meta-llama/Llama-3.2-1B -> None requests
[2026-08-22 13:20:55.130 Model_Service_1] [PAPER-KV-V6] fetch Qwen/Qwen2.5-3B-Instruct -> None requests
[2026-08-22 13:20:55.133 Model_Service_3] [PAPER-KV-V6] fetch meta-llama/Llama-3.1-8B -> None requests
[2026-08-22 13:20:55.135 Model_Service_4] [PAPER-KV-V6] fetch meta-llama/Llama-3.2-1B -> None requests
[2026-08-22 13:20:55.141 Model_Service_1] [PAPER-KV-V6] fetch Qwen/Qwen2.5-3B-Instruct -> None requests
[2026-08-22 13:20:55.143 Model_Service_3] [PAPER-KV-V6] fetch meta-llama/Llama-3.1-8B -> None requests
[2026-08-22 13:20:55.145 Model_Service_4] [PAPER-KV-V6] fetch meta-llama/Llama-3.2-1B -> None requests
[2026-08-22 13:20:55.151 Model_Service_1] [PAPER-KV-V6] fetch Qwen/Qwen2.5-3B-Instruct -> None requests
[2026-08-22 13:20:55.154 Model_Service_3] [PAPER-KV-V6] fetch meta-llama/Llama-3.1-8B -> None requests
[2026-08-22 13:20:55.155 Model_Service_4] [PAPER-KV-V6] fetch meta-llama/Llama-3.2-1B -> None requests
[2026-08-22 13:20:55.161 Model_Service_1] [PAPER-KV-V6] fetch Qwen/Qwen2.5-3B-Instruct -> None requests
[2026-08-22 13:20:55.165 Model_Service_3] [PAPER-KV-V6] fetch meta-llama/Llama-3.1-8B -> None requests
[2026-08-22 13:20:55.166 Model_Service_4] [PAPER-KV-V6] fetch meta-llama/Llama-3.2-1B -> None requests
[2026-08-22 13:20:55.172 Model_Service_1] [PAPER-KV-V6] fetch Qwen/Qwen2.5-3B-Instruct -> None requests
[2026-08-22 13:20:55.176 Model_Service_3] [PAPER-KV-V6] fetch meta-llama/Llama-3.1-8B -> None requests
[2026-08-22 13:20:55.176 Model_Service_4] [PAPER-KV-V6] fetch meta-llama/Llama-3.2-1B -> None requests
[2026-08-22 13:20:55.182 Model_Service_1] [PAPER-KV-V6] fetch Qwen/Qwen2.5-3B-Instruct -> None requests
[2026-08-22 13:20:55.186 Model_Service_4] [PAPER-KV-V6] fetch meta-llama/Llama-3.2-1B -> None requests
[2026-08-22 13:20:55.187 Model_Service_3] [PAPER-KV-V6] fetch meta-llama/Llama-3.1-8B -> None requests
[2026-08-22 13:20:55.193 Model_Service_1] [PAPER-KV-V6] fetch Qwen/Qwen2.5-3B-Instruct -> None requests
[2026-08-22 13:20:55.197 Model_Service_4] [PAPER-KV-V6] fetch meta-llama/Llama-3.2-1B -> None requests
[2026-08-22 13:20:55.197 Model_Service_3] [PAPER-KV-V6] fetch meta-llama/Llama-3.1-8B -> None requests
[2026-08-22 13:20:55.203 Model_Service_1] [PAPER-KV-V6] fetch Qwen/Qwen2.5-3B-Instruct -> None requests
[2026-08-22 13:20:55.207 Model_Service_4] [PAPER-KV-V6] fetch meta-llama/Llama-3.2-1B -> None requests
[2026-08-22 13:20:55.208 Model_Service_3] [PAPER-KV-V6] fetch meta-llama/Llama-3.1-8B -> None requests
[2026-08-22 13:20:55.213 Model_Service_1] [PAPER-KV-V6] fetch Qwen/Qwen2.5-3B-Instruct -> None requests
[2026-08-22 13:20:55.217 Model_Service_4] [PAPER-KV-V6] fetch meta-llama/Llama-3.2-1B -> None requests
[2026-08-22 13:20:55.219 Model_Service_3] [PAPER-KV-V6] fetch meta-llama/Llama-3.1-8B -> None requests
[2026-08-22 13:20:55.223 Model_Service_1] [PAPER-KV-V6] fetch Qwen/Qwen2.5-3B-Instruct -> None requests
[2026-08-22 13:20:55.227 Model_Service_4] [PAPER-KV-V6] fetch meta-llama/Llama-3.2-1B -> None requests
[2026-08-22 13:20:55.230 Model_Service_3] [PAPER-KV-V6] fetch meta-llama/Llama-3.1-8B -> None requests
[2026-08-22 13:20:55.234 Model_Service_1] [PAPER-KV-V6] fetch Qwen/Qwen2.5-3B-Instruct -> None requests
[2026-08-22 13:20:55.238 Model_Service_4] [PAPER-KV-V6] fetch meta-llama/Llama-3.2-1B -> None requests
[2026-08-22 13:20:55.240 Model_Service_3] [PAPER-KV-V6] fetch meta-llama/Llama-3.1-8B -> None requests
[2026-08-22 13:20:55.244 Model_Service_1] [PAPER-KV-V6] fetch Qwen/Qwen2.5-3B-Instruct -> None requests
[2026-08-22 13:20:55.248 Model_Service_4] [PAPER-KV-V6] fetch meta-llama/Llama-3.2-1B -> None requests
[2026-08-22 13:20:55.251 Model_Service_3] [PAPER-KV-V6] fetch meta-llama/Llama-3.1-8B -> None requests
[2026-08-22 13:20:55.255 Model_Service_1] [PAPER-KV-V6] fetch Qwen/Qwen2.5-3B-Instruct -> None requests
[2026-08-22 13:20:55.258 Model_Service_4] [PAPER-KV-V6] fetch meta-llama/Llama-3.2-1B -> None requests
[2026-08-22 13:20:55.261 Model_Service_3] [PAPER-KV-V6] fetch meta-llama/Llama-3.1-8B -> None requests
[2026-08-22 13:20:55.265 Model_Service_1] [PAPER-KV-V6] fetch Qwen/Qwen2.5-3B-Instruct -> None requests
[2026-08-22 13:20:55.267 Model_Service_5] Model service 5 input queue is empty, waiting for next request
[2026-08-22 13:20:55.269 Model_Service_4] [PAPER-KV-V6] fetch meta-llama/Llama-3.2-1B -> None requests
[2026-08-22 13:20:55.272 Model_Service_3] [PAPER-KV-V6] fetch meta-llama/Llama-3.1-8B -> None requests
[2026-08-22 13:20:55.275 Model_Service_1] [PAPER-KV-V6] fetch Qwen/Qwen2.5-3B-Instruct -> None requests
[2026-08-22 13:20:55.279 Model_Service_4] [PAPER-KV-V6] fetch meta-llama/Llama-3.2-1B -> None requests
[2026-08-22 13:20:55.283 Model_Service_3] [PAPER-KV-V6] fetch meta-llama/Llama-3.1-8B -> None requests
[2026-08-22 13:20:55.286 Model_Service_1] [PAPER-KV-V6] fetch Qwen/Qwen2.5-3B-Instruct -> None requests
[2026-08-22 13:20:55.289 Model_Service_4] [PAPER-KV-V6] fetch meta-llama/Llama-3.2-1B -> None requests
[2026-08-22 13:20:55.293 Model_Service_3] [PAPER-KV-V6] fetch meta-llama/Llama-3.1-8B -> None requests
[2026-08-22 13:20:55.296 Model_Service_1] [PAPER-KV-V6] fetch Qwen/Qwen2.5-3B-Instruct -> None requests
[2026-08-22 13:20:55.300 Model_Service_4] [PAPER-KV-V6] fetch meta-llama/Llama-3.2-1B -> None requests
[2026-08-22 13:20:55.304 Model_Service_3] [PAPER-KV-V6] fetch meta-llama/Llama-3.1-8B -> None requests
[2026-08-22 13:20:55.307 Model_Service_1] [PAPER-KV-V6] fetch Qwen/Qwen2.5-3B-Instruct -> None requests
[2026-08-22 13:20:55.310 Model_Service_4] [PAPER-KV-V6] fetch meta-llama/Llama-3.2-1B -> None requests
[2026-08-22 13:20:55.314 Model_Service_3] [PAPER-KV-V6] fetch meta-llama/Llama-3.1-8B -> None requests
[2026-08-22 13:20:55.317 Model_Service_1] [PAPER-KV-V6] fetch Qwen/Qwen2.5-3B-Instruct -> None requests
[2026-08-22 13:20:55.320 Model_Service_4] [PAPER-KV-V6] fetch meta-llama/Llama-3.2-1B -> None requests
[2026-08-22 13:20:55.325 Model_Service_3] [PAPER-KV-V6] fetch meta-llama/Llama-3.1-8B -> None requests
[2026-08-22 13:20:55.327 Model_Service_1] [PAPER-KV-V6] fetch Qwen/Qwen2.5-3B-Instruct -> None requests
[2026-08-22 13:20:55.331 Model_Service_4] [PAPER-KV-V6] fetch meta-llama/Llama-3.2-1B -> None requests
[2026-08-22 13:20:55.336 Model_Service_3] [PAPER-KV-V6] fetch meta-llama/Llama-3.1-8B -> None requests
[2026-08-22 13:20:55.338 Model_Service_1] [PAPER-KV-V6] fetch Qwen/Qwen2.5-3B-Instruct -> None requests
[2026-08-22 13:20:55.341 Model_Service_4] [PAPER-KV-V6] fetch meta-llama/Llama-3.2-1B -> None requests
[2026-08-22 13:20:55.346 Model_Service_3] [PAPER-KV-V6] fetch meta-llama/Llama-3.1-8B -> None requests
[2026-08-22 13:20:55.348 Model_Service_1] [PAPER-KV-V6] fetch Qwen/Qwen2.5-3B-Instruct -> None requests
[2026-08-22 13:20:55.351 Model_Service_4] [PAPER-KV-V6] fetch meta-llama/Llama-3.2-1B -> None requests
[2026-08-22 13:20:55.357 Model_Service_3] [PAPER-KV-V6] fetch meta-llama/Llama-3.1-8B -> None requests
[2026-08-22 13:20:55.359 Model_Service_1] [PAPER-KV-V6] fetch Qwen/Qwen2.5-3B-Instruct -> None requests
[2026-08-22 13:20:55.362 Model_Service_4] [PAPER-KV-V6] fetch meta-llama/Llama-3.2-1B -> None requests
[2026-08-22 13:20:55.368 Model_Service_3] [PAPER-KV-V6] fetch meta-llama/Llama-3.1-8B -> None requests
[2026-08-22 13:20:55.369 Model_Service_1] [PAPER-KV-V6] fetch Qwen/Qwen2.5-3B-Instruct -> None requests
[2026-08-22 13:20:55.372 Model_Service_4] [PAPER-KV-V6] fetch meta-llama/Llama-3.2-1B -> None requests
[2026-08-22 13:20:55.378 Model_Service_3] [PAPER-KV-V6] fetch meta-llama/Llama-3.1-8B -> None requests
[2026-08-22 13:20:55.380 Model_Service_1] [PAPER-KV-V6] fetch Qwen/Qwen2.5-3B-Instruct -> None requests
[2026-08-22 13:20:55.383 Model_Service_4] [PAPER-KV-V6] fetch meta-llama/Llama-3.2-1B -> None requests
[2026-08-22 13:20:55.389 Model_Service_3] [PAPER-KV-V6] fetch meta-llama/Llama-3.1-8B -> None requests
[2026-08-22 13:20:55.390 Model_Service_1] [PAPER-KV-V6] fetch Qwen/Qwen2.5-3B-Instruct -> None requests
[2026-08-22 13:20:55.393 Model_Service_4] [PAPER-KV-V6] fetch meta-llama/Llama-3.2-1B -> None requests
[2026-08-22 13:20:55.400 Model_Service_3] [PAPER-KV-V6] fetch meta-llama/Llama-3.1-8B -> None requests
[2026-08-22 13:20:55.401 Model_Service_1] [PAPER-KV-V6] fetch Qwen/Qwen2.5-3B-Instruct -> None requests
[2026-08-22 13:20:55.403 Model_Service_4] [PAPER-KV-V6] fetch meta-llama/Llama-3.2-1B -> None requests
[2026-08-22 13:20:55.411 Model_Service_3] [PAPER-KV-V6] fetch meta-llama/Llama-3.1-8B -> None requests
[2026-08-22 13:20:55.411 Model_Service_1] [PAPER-KV-V6] fetch Qwen/Qwen2.5-3B-Instruct -> None requests
[2026-08-22 13:20:55.414 Model_Service_4] [PAPER-KV-V6] fetch meta-llama/Llama-3.2-1B -> None requests
[2026-08-22 13:20:55.421 Model_Service_3] [PAPER-KV-V6] fetch meta-llama/Llama-3.1-8B -> None requests
[2026-08-22 13:20:55.422 Model_Service_1] [PAPER-KV-V6] fetch Qwen/Qwen2.5-3B-Instruct -> None requests
[2026-08-22 13:20:55.424 Model_Service_4] [PAPER-KV-V6] fetch meta-llama/Llama-3.2-1B -> None requests
[2026-08-22 13:20:55.432 Model_Service_3] [PAPER-KV-V6] fetch meta-llama/Llama-3.1-8B -> None requests
[2026-08-22 13:20:55.432 Model_Service_1] [PAPER-KV-V6] fetch Qwen/Qwen2.5-3B-Instruct -> None requests
[2026-08-22 13:20:55.434 Model_Service_4] [PAPER-KV-V6] fetch meta-llama/Llama-3.2-1B -> None requests
[2026-08-22 13:20:55.443 Model_Service_3] [PAPER-KV-V6] fetch meta-llama/Llama-3.1-8B -> None requests
[2026-08-22 13:20:55.443 Model_Service_1] [PAPER-KV-V6] fetch Qwen/Qwen2.5-3B-Instruct -> None requests
[2026-08-22 13:20:55.445 Model_Service_4] [PAPER-KV-V6] fetch meta-llama/Llama-3.2-1B -> None requests
[2026-08-22 13:20:55.453 Model_Service_1] [PAPER-KV-V6] fetch Qwen/Qwen2.5-3B-Instruct -> None requests
[2026-08-22 13:20:55.453 Model_Service_3] [PAPER-KV-V6] fetch meta-llama/Llama-3.1-8B -> None requests
[2026-08-22 13:20:55.455 Model_Service_4] [PAPER-KV-V6] fetch meta-llama/Llama-3.2-1B -> None requests
[2026-08-22 13:20:55.456 Model_Service_0] Model service 0 input queue is empty, waiting for next request
[2026-08-22 13:20:55.464 Model_Service_1] [PAPER-KV-V6] fetch Qwen/Qwen2.5-3B-Instruct -> None requests
[2026-08-22 13:20:55.464 Model_Service_3] [PAPER-KV-V6] fetch meta-llama/Llama-3.1-8B -> None requests
[2026-08-22 13:20:55.466 Model_Service_4] [PAPER-KV-V6] fetch meta-llama/Llama-3.2-1B -> None requests
[2026-08-22 13:20:55.474 Model_Service_3] [PAPER-KV-V6] fetch meta-llama/Llama-3.1-8B -> None requests
[2026-08-22 13:20:55.474 Model_Service_1] [PAPER-KV-V6] fetch Qwen/Qwen2.5-3B-Instruct -> None requests
[2026-08-22 13:20:55.476 Model_Service_4] [PAPER-KV-V6] fetch meta-llama/Llama-3.2-1B -> None requests
[2026-08-22 13:20:55.485 Model_Service_3] [PAPER-KV-V6] fetch meta-llama/Llama-3.1-8B -> None requests
[2026-08-22 13:20:55.485 Model_Service_1] [PAPER-KV-V6] fetch Qwen/Qwen2.5-3B-Instruct -> None requests
[2026-08-22 13:20:55.486 Model_Service_4] [PAPER-KV-V6] fetch meta-llama/Llama-3.2-1B -> None requests
[2026-08-22 13:20:55.495 Model_Service_3] [PAPER-KV-V6] fetch meta-llama/Llama-3.1-8B -> None requests
[2026-08-22 13:20:55.495 Model_Service_1] [PAPER-KV-V6] fetch Qwen/Qwen2.5-3B-Instruct -> None requests
[2026-08-22 13:20:55.497 Model_Service_4] [PAPER-KV-V6] fetch meta-llama/Llama-3.2-1B -> None requests
[2026-08-22 13:20:55.505 Model_Service_3] [PAPER-KV-V6] fetch meta-llama/Llama-3.1-8B -> None requests
[2026-08-22 13:20:55.506 Model_Service_1] [PAPER-KV-V6] fetch Qwen/Qwen2.5-3B-Instruct -> None requests
[2026-08-22 13:20:55.507 Model_Service_4] [PAPER-KV-V6] fetch meta-llama/Llama-3.2-1B -> None requests
[2026-08-22 13:20:55.516 Model_Service_3] [PAPER-KV-V6] fetch meta-llama/Llama-3.1-8B -> None requests
[2026-08-22 13:20:55.516 Model_Service_1] [PAPER-KV-V6] fetch Qwen/Qwen2.5-3B-Instruct -> None requests
[2026-08-22 13:20:55.518 Model_Service_4] [PAPER-KV-V6] fetch meta-llama/Llama-3.2-1B -> None requests
[2026-08-22 13:20:55.526 Model_Service_3] [PAPER-KV-V6] fetch meta-llama/Llama-3.1-8B -> None requests
[2026-08-22 13:20:55.527 Model_Service_1] [PAPER-KV-V6] fetch Qwen/Qwen2.5-3B-Instruct -> None requests
[2026-08-22 13:20:55.528 Model_Service_4] [PAPER-KV-V6] fetch meta-llama/Llama-3.2-1B -> None requests
[2026-08-22 13:20:55.537 Model_Service_3] [PAPER-KV-V6] fetch meta-llama/Llama-3.1-8B -> None requests
[2026-08-22 13:20:55.537 Model_Service_1] [PAPER-KV-V6] fetch Qwen/Qwen2.5-3B-Instruct -> None requests
[2026-08-22 13:20:55.538 Model_Service_4] [PAPER-KV-V6] fetch meta-llama/Llama-3.2-1B -> None requests
[2026-08-22 13:20:55.548 Model_Service_3] [PAPER-KV-V6] fetch meta-llama/Llama-3.1-8B -> None requests
[2026-08-22 13:20:55.548 Model_Service_1] [PAPER-KV-V6] fetch Qwen/Qwen2.5-3B-Instruct -> None requests
[2026-08-22 13:20:55.549 Model_Service_4] [PAPER-KV-V6] fetch meta-llama/Llama-3.2-1B -> None requests
[2026-08-22 13:20:55.558 Model_Service_3] [PAPER-KV-V6] fetch meta-llama/Llama-3.1-8B -> None requests
[2026-08-22 13:20:55.558 Model_Service_1] [PAPER-KV-V6] fetch Qwen/Qwen2.5-3B-Instruct -> None requests
[2026-08-22 13:20:55.560 Model_Service_4] [PAPER-KV-V6] fetch meta-llama/Llama-3.2-1B -> None requests
[2026-08-22 13:20:55.569 Model_Service_3] [PAPER-KV-V6] fetch meta-llama/Llama-3.1-8B -> None requests
[2026-08-22 13:20:55.569 Model_Service_1] [PAPER-KV-V6] fetch Qwen/Qwen2.5-3B-Instruct -> None requests
[2026-08-22 13:20:55.570 Model_Service_4] [PAPER-KV-V6] fetch meta-llama/Llama-3.2-1B -> None requests
[2026-08-22 13:20:55.580 Model_Service_1] [PAPER-KV-V6] fetch Qwen/Qwen2.5-3B-Instruct -> None requests
[2026-08-22 13:20:55.580 Model_Service_3] [PAPER-KV-V6] fetch meta-llama/Llama-3.1-8B -> None requests
[2026-08-22 13:20:55.581 Model_Service_4] [PAPER-KV-V6] fetch meta-llama/Llama-3.2-1B -> None requests
[2026-08-22 13:20:55.591 Model_Service_1] [PAPER-KV-V6] fetch Qwen/Qwen2.5-3B-Instruct -> None requests
[2026-08-22 13:20:55.591 Model_Service_3] [PAPER-KV-V6] fetch meta-llama/Llama-3.1-8B -> None requests
[2026-08-22 13:20:55.591 Model_Service_4] [PAPER-KV-V6] fetch meta-llama/Llama-3.2-1B -> None requests
[2026-08-22 13:20:55.601 Model_Service_3] [PAPER-KV-V6] fetch meta-llama/Llama-3.1-8B -> None requests
[2026-08-22 13:20:55.601 Model_Service_1] [PAPER-KV-V6] fetch Qwen/Qwen2.5-3B-Instruct -> None requests
[2026-08-22 13:20:55.602 Model_Service_4] [PAPER-KV-V6] fetch meta-llama/Llama-3.2-1B -> None requests
[2026-08-22 13:20:55.606 Model_Service_2] Model service 2 input queue is empty, waiting for next request
[2026-08-22 13:20:55.612 Model_Service_3] [PAPER-KV-V6] fetch meta-llama/Llama-3.1-8B -> None requests
[2026-08-22 13:20:55.612 Model_Service_1] [PAPER-KV-V6] fetch Qwen/Qwen2.5-3B-Instruct -> None requests
[2026-08-22 13:20:55.612 Model_Service_4] [PAPER-KV-V6] fetch meta-llama/Llama-3.2-1B -> None requests
[2026-08-22 13:20:55.622 Model_Service_3] [PAPER-KV-V6] fetch meta-llama/Llama-3.1-8B -> None requests
[2026-08-22 13:20:55.623 Model_Service_1] [PAPER-KV-V6] fetch Qwen/Qwen2.5-3B-Instruct -> None requests
[2026-08-22 13:20:55.623 Model_Service_4] [PAPER-KV-V6] fetch meta-llama/Llama-3.2-1B -> None requests
[2026-08-22 13:20:55.633 Model_Service_3] [PAPER-KV-V6] fetch meta-llama/Llama-3.1-8B -> None requests
[2026-08-22 13:20:55.633 Model_Service_1] [PAPER-KV-V6] fetch Qwen/Qwen2.5-3B-Instruct -> None requests
[2026-08-22 13:20:55.634 Model_Service_4] [PAPER-KV-V6] fetch meta-llama/Llama-3.2-1B -> None requests
[2026-08-22 13:20:55.643 Model_Service_3] [PAPER-KV-V6] fetch meta-llama/Llama-3.1-8B -> None requests
[2026-08-22 13:20:55.644 Model_Service_1] [PAPER-KV-V6] fetch Qwen/Qwen2.5-3B-Instruct -> None requests
[2026-08-22 13:20:55.644 Model_Service_4] [PAPER-KV-V6] fetch meta-llama/Llama-3.2-1B -> None requests
[2026-08-22 13:20:55.654 Model_Service_3] [PAPER-KV-V6] fetch meta-llama/Llama-3.1-8B -> None requests
[2026-08-22 13:20:55.655 Model_Service_1] [PAPER-KV-V6] fetch Qwen/Qwen2.5-3B-Instruct -> None requests
[2026-08-22 13:20:55.655 Model_Service_4] [PAPER-KV-V6] fetch meta-llama/Llama-3.2-1B -> None requests
[2026-08-22 13:20:55.664 Model_Service_3] [PAPER-KV-V6] fetch meta-llama/Llama-3.1-8B -> None requests
[2026-08-22 13:20:55.665 Model_Service_1] [PAPER-KV-V6] fetch Qwen/Qwen2.5-3B-Instruct -> None requests
[2026-08-22 13:20:55.665 Model_Service_4] [PAPER-KV-V6] fetch meta-llama/Llama-3.2-1B -> None requests
[2026-08-22 13:20:55.674 Model_Service_3] [PAPER-KV-V6] fetch meta-llama/Llama-3.1-8B -> None requests
[2026-08-22 13:20:55.676 Model_Service_1] [PAPER-KV-V6] fetch Qwen/Qwen2.5-3B-Instruct -> None requests
[2026-08-22 13:20:55.676 Model_Service_4] [PAPER-KV-V6] fetch meta-llama/Llama-3.2-1B -> None requests
[2026-08-22 13:20:55.685 Model_Service_3] [PAPER-KV-V6] fetch meta-llama/Llama-3.1-8B -> None requests
[2026-08-22 13:20:55.686 Model_Service_1] [PAPER-KV-V6] fetch Qwen/Qwen2.5-3B-Instruct -> None requests
[2026-08-22 13:20:55.687 Model_Service_4] [PAPER-KV-V6] fetch meta-llama/Llama-3.2-1B -> None requests
[2026-08-22 13:20:55.695 Model_Service_3] [PAPER-KV-V6] fetch meta-llama/Llama-3.1-8B -> None requests
[2026-08-22 13:20:55.697 Model_Service_1] [PAPER-KV-V6] fetch Qwen/Qwen2.5-3B-Instruct -> None requests
[2026-08-22 13:20:55.697 Model_Service_4] [PAPER-KV-V6] fetch meta-llama/Llama-3.2-1B -> None requests
[2026-08-22 13:20:55.706 Model_Service_3] [PAPER-KV-V6] fetch meta-llama/Llama-3.1-8B -> None requests
[2026-08-22 13:20:55.708 Model_Service_1] [PAPER-KV-V6] fetch Qwen/Qwen2.5-3B-Instruct -> None requests
[2026-08-22 13:20:55.708 Model_Service_4] [PAPER-KV-V6] fetch meta-llama/Llama-3.2-1B -> None requests
[2026-08-22 13:20:55.717 Model_Service_3] [PAPER-KV-V6] fetch meta-llama/Llama-3.1-8B -> None requests
[2026-08-22 13:20:55.718 Model_Service_1] [PAPER-KV-V6] fetch Qwen/Qwen2.5-3B-Instruct -> None requests
[2026-08-22 13:20:55.719 Model_Service_4] [PAPER-KV-V6] fetch meta-llama/Llama-3.2-1B -> None requests
[2026-08-22 13:20:55.728 Model_Service_3] [PAPER-KV-V6] fetch meta-llama/Llama-3.1-8B -> None requests
[2026-08-22 13:20:55.729 Model_Service_1] [PAPER-KV-V6] fetch Qwen/Qwen2.5-3B-Instruct -> None requests
[2026-08-22 13:20:55.729 Model_Service_4] [PAPER-KV-V6] fetch meta-llama/Llama-3.2-1B -> None requests
[2026-08-22 13:20:55.738 Model_Service_3] [PAPER-KV-V6] fetch meta-llama/Llama-3.1-8B -> None requests
[2026-08-22 13:20:55.739 Model_Service_1] [PAPER-KV-V6] fetch Qwen/Qwen2.5-3B-Instruct -> None requests
[2026-08-22 13:20:55.740 Model_Service_4] [PAPER-KV-V6] fetch meta-llama/Llama-3.2-1B -> None requests
[2026-08-22 13:20:55.749 Model_Service_3] [PAPER-KV-V6] fetch meta-llama/Llama-3.1-8B -> None requests
[2026-08-22 13:20:55.750 Model_Service_1] [PAPER-KV-V6] fetch Qwen/Qwen2.5-3B-Instruct -> None requests
[2026-08-22 13:20:55.750 Model_Service_4] [PAPER-KV-V6] fetch meta-llama/Llama-3.2-1B -> None requests
[2026-08-22 13:20:55.759 Model_Service_3] [PAPER-KV-V6] fetch meta-llama/Llama-3.1-8B -> None requests
[2026-08-22 13:20:55.761 Model_Service_1] [PAPER-KV-V6] fetch Qwen/Qwen2.5-3B-Instruct -> None requests
[2026-08-22 13:20:55.761 Model_Service_4] [PAPER-KV-V6] fetch meta-llama/Llama-3.2-1B -> None requests
[2026-08-22 13:20:55.770 Model_Service_3] [PAPER-KV-V6] fetch meta-llama/Llama-3.1-8B -> None requests
[2026-08-22 13:20:55.771 Model_Service_1] [PAPER-KV-V6] fetch Qwen/Qwen2.5-3B-Instruct -> None requests
[2026-08-22 13:20:55.771 Model_Service_4] [PAPER-KV-V6] fetch meta-llama/Llama-3.2-1B -> None requests
[2026-08-22 13:20:55.780 Model_Service_3] [PAPER-KV-V6] fetch meta-llama/Llama-3.1-8B -> None requests
[2026-08-22 13:20:55.782 Model_Service_1] [PAPER-KV-V6] fetch Qwen/Qwen2.5-3B-Instruct -> None requests
[2026-08-22 13:20:55.782 Model_Service_4] [PAPER-KV-V6] fetch meta-llama/Llama-3.2-1B -> None requests
[2026-08-22 13:20:55.791 Model_Service_3] [PAPER-KV-V6] fetch meta-llama/Llama-3.1-8B -> None requests
[2026-08-22 13:20:55.792 Model_Service_1] [PAPER-KV-V6] fetch Qwen/Qwen2.5-3B-Instruct -> None requests
[2026-08-22 13:20:55.793 Model_Service_4] [PAPER-KV-V6] fetch meta-llama/Llama-3.2-1B -> None requests
[2026-08-22 13:20:55.801 Model_Service_3] [PAPER-KV-V6] fetch meta-llama/Llama-3.1-8B -> None requests
[2026-08-22 13:20:55.803 Model_Service_1] [PAPER-KV-V6] fetch Qwen/Qwen2.5-3B-Instruct -> None requests
[2026-08-22 13:20:55.803 Model_Service_4] [PAPER-KV-V6] fetch meta-llama/Llama-3.2-1B -> None requests
[2026-08-22 13:20:55.812 Model_Service_3] [PAPER-KV-V6] fetch meta-llama/Llama-3.1-8B -> None requests
[2026-08-22 13:20:55.814 Model_Service_1] [PAPER-KV-V6] fetch Qwen/Qwen2.5-3B-Instruct -> None requests
[2026-08-22 13:20:55.814 Model_Service_4] [PAPER-KV-V6] fetch meta-llama/Llama-3.2-1B -> None requests
[2026-08-22 13:20:55.823 Model_Service_3] [PAPER-KV-V6] fetch meta-llama/Llama-3.1-8B -> None requests
[2026-08-22 13:20:55.824 Model_Service_1] [PAPER-KV-V6] fetch Qwen/Qwen2.5-3B-Instruct -> None requests
[2026-08-22 13:20:55.825 Model_Service_4] [PAPER-KV-V6] fetch meta-llama/Llama-3.2-1B -> None requests
[2026-08-22 13:20:55.834 Model_Service_3] [PAPER-KV-V6] fetch meta-llama/Llama-3.1-8B -> None requests
[2026-08-22 13:20:55.835 Model_Service_1] [PAPER-KV-V6] fetch Qwen/Qwen2.5-3B-Instruct -> None requests
[2026-08-22 13:20:55.835 Model_Service_4] [PAPER-KV-V6] fetch meta-llama/Llama-3.2-1B -> None requests
[2026-08-22 13:20:55.844 Model_Service_3] [PAPER-KV-V6] fetch meta-llama/Llama-3.1-8B -> None requests
[2026-08-22 13:20:55.846 Model_Service_1] [PAPER-KV-V6] fetch Qwen/Qwen2.5-3B-Instruct -> None requests
[2026-08-22 13:20:55.846 Model_Service_4] [PAPER-KV-V6] fetch meta-llama/Llama-3.2-1B -> None requests
[2026-08-22 13:20:55.854 Model_Service_3] [PAPER-KV-V6] fetch meta-llama/Llama-3.1-8B -> None requests
[2026-08-22 13:20:55.856 Model_Service_1] [PAPER-KV-V6] fetch Qwen/Qwen2.5-3B-Instruct -> None requests
[2026-08-22 13:20:55.857 Model_Service_4] [PAPER-KV-V6] fetch meta-llama/Llama-3.2-1B -> None requests
[2026-08-22 13:20:55.865 Model_Service_3] [PAPER-KV-V6] fetch meta-llama/Llama-3.1-8B -> None requests
[2026-08-22 13:20:55.867 Model_Service_1] [PAPER-KV-V6] fetch Qwen/Qwen2.5-3B-Instruct -> None requests
[2026-08-22 13:20:55.867 Model_Service_4] [PAPER-KV-V6] fetch meta-llama/Llama-3.2-1B -> None requests
[2026-08-22 13:20:55.875 Model_Service_3] [PAPER-KV-V6] fetch meta-llama/Llama-3.1-8B -> None requests
[2026-08-22 13:20:55.878 Model_Service_1] [PAPER-KV-V6] fetch Qwen/Qwen2.5-3B-Instruct -> None requests
[2026-08-22 13:20:55.878 Model_Service_4] [PAPER-KV-V6] fetch meta-llama/Llama-3.2-1B -> None requests
[2026-08-22 13:20:55.885 Model_Service_3] [PAPER-KV-V6] fetch meta-llama/Llama-3.1-8B -> None requests
[2026-08-22 13:20:55.888 Model_Service_1] [PAPER-KV-V6] fetch Qwen/Qwen2.5-3B-Instruct -> None requests
[2026-08-22 13:20:55.888 Model_Service_4] [PAPER-KV-V6] fetch meta-llama/Llama-3.2-1B -> None requests
[2026-08-22 13:20:55.896 Model_Service_3] [PAPER-KV-V6] fetch meta-llama/Llama-3.1-8B -> None requests
[2026-08-22 13:20:55.899 Model_Service_1] [PAPER-KV-V6] fetch Qwen/Qwen2.5-3B-Instruct -> None requests
[2026-08-22 13:20:55.899 Model_Service_4] [PAPER-KV-V6] fetch meta-llama/Llama-3.2-1B -> None requests
[2026-08-22 13:20:55.906 Model_Service_3] [PAPER-KV-V6] fetch meta-llama/Llama-3.1-8B -> None requests
[2026-08-22 13:20:55.909 Model_Service_1] [PAPER-KV-V6] fetch Qwen/Qwen2.5-3B-Instruct -> None requests
[2026-08-22 13:20:55.910 Model_Service_4] [PAPER-KV-V6] fetch meta-llama/Llama-3.2-1B -> None requests
[2026-08-22 13:20:55.917 Model_Service_3] [PAPER-KV-V6] fetch meta-llama/Llama-3.1-8B -> None requests
[2026-08-22 13:20:55.921 Model_Service_1] [PAPER-KV-V6] fetch Qwen/Qwen2.5-3B-Instruct -> None requests
[2026-08-22 13:20:55.921 Model_Service_4] [PAPER-KV-V6] fetch meta-llama/Llama-3.2-1B -> None requests
[2026-08-22 13:20:55.928 Model_Service_3] [PAPER-KV-V6] fetch meta-llama/Llama-3.1-8B -> None requests
[2026-08-22 13:20:55.931 Model_Service_1] [PAPER-KV-V6] fetch Qwen/Qwen2.5-3B-Instruct -> None requests
[2026-08-22 13:20:55.931 Model_Service_4] [PAPER-KV-V6] fetch meta-llama/Llama-3.2-1B -> None requests
[2026-08-22 13:20:55.938 Model_Service_3] [PAPER-KV-V6] fetch meta-llama/Llama-3.1-8B -> None requests
[2026-08-22 13:20:55.942 Model_Service_1] [PAPER-KV-V6] fetch Qwen/Qwen2.5-3B-Instruct -> None requests
[2026-08-22 13:20:55.942 Model_Service_4] [PAPER-KV-V6] fetch meta-llama/Llama-3.2-1B -> None requests
[2026-08-22 13:20:55.949 Model_Service_3] [PAPER-KV-V6] fetch meta-llama/Llama-3.1-8B -> None requests
[2026-08-22 13:20:55.953 Model_Service_4] [PAPER-KV-V6] fetch meta-llama/Llama-3.2-1B -> None requests
[2026-08-22 13:20:55.953 Model_Service_1] [PAPER-KV-V6] fetch Qwen/Qwen2.5-3B-Instruct -> None requests
[2026-08-22 13:20:55.959 Model_Service_3] [PAPER-KV-V6] fetch meta-llama/Llama-3.1-8B -> None requests
[2026-08-22 13:20:55.964 Model_Service_4] [PAPER-KV-V6] fetch meta-llama/Llama-3.2-1B -> None requests
[2026-08-22 13:20:55.964 Model_Service_1] [PAPER-KV-V6] fetch Qwen/Qwen2.5-3B-Instruct -> None requests
[2026-08-22 13:20:55.969 Model_Service_3] [PAPER-KV-V6] fetch meta-llama/Llama-3.1-8B -> None requests
[2026-08-22 13:20:55.975 Model_Service_4] [PAPER-KV-V6] fetch meta-llama/Llama-3.2-1B -> None requests
[2026-08-22 13:20:55.975 Model_Service_1] [PAPER-KV-V6] fetch Qwen/Qwen2.5-3B-Instruct -> None requests
[2026-08-22 13:20:55.980 Model_Service_3] [PAPER-KV-V6] fetch meta-llama/Llama-3.1-8B -> None requests
[2026-08-22 13:20:55.985 Model_Service_4] [PAPER-KV-V6] fetch meta-llama/Llama-3.2-1B -> None requests
[2026-08-22 13:20:55.986 Model_Service_1] [PAPER-KV-V6] fetch Qwen/Qwen2.5-3B-Instruct -> None requests
[2026-08-22 13:20:55.990 Model_Service_3] [PAPER-KV-V6] fetch meta-llama/Llama-3.1-8B -> None requests
[2026-08-22 13:20:55.996 Model_Service_4] [PAPER-KV-V6] fetch meta-llama/Llama-3.2-1B -> None requests
[2026-08-22 13:20:55.996 Model_Service_1] [PAPER-KV-V6] fetch Qwen/Qwen2.5-3B-Instruct -> None requests
[2026-08-22 13:20:56.001 Model_Service_3] [PAPER-KV-V6] fetch meta-llama/Llama-3.1-8B -> None requests
[2026-08-22 13:20:56.006 Model_Service_4] [PAPER-KV-V6] fetch meta-llama/Llama-3.2-1B -> None requests
[2026-08-22 13:20:56.007 Model_Service_1] [PAPER-KV-V6] fetch Qwen/Qwen2.5-3B-Instruct -> None requests
[2026-08-22 13:20:56.011 Model_Service_3] [PAPER-KV-V6] fetch meta-llama/Llama-3.1-8B -> None requests
[2026-08-22 13:20:56.017 Model_Service_4] [PAPER-KV-V6] fetch meta-llama/Llama-3.2-1B -> None requests
[2026-08-22 13:20:56.018 Model_Service_1] [PAPER-KV-V6] fetch Qwen/Qwen2.5-3B-Instruct -> None requests
[2026-08-22 13:20:56.022 Model_Service_3] [PAPER-KV-V6] fetch meta-llama/Llama-3.1-8B -> None requests
[2026-08-22 13:20:56.027 Model_Service_4] [PAPER-KV-V6] fetch meta-llama/Llama-3.2-1B -> None requests
[2026-08-22 13:20:56.028 Model_Service_1] [PAPER-KV-V6] fetch Qwen/Qwen2.5-3B-Instruct -> None requests
[2026-08-22 13:20:56.032 Model_Service_3] [PAPER-KV-V6] fetch meta-llama/Llama-3.1-8B -> None requests
[2026-08-22 13:20:56.038 Model_Service_4] [PAPER-KV-V6] fetch meta-llama/Llama-3.2-1B -> None requests
[2026-08-22 13:20:56.039 Model_Service_1] [PAPER-KV-V6] fetch Qwen/Qwen2.5-3B-Instruct -> None requests
[2026-08-22 13:20:56.042 Model_Service_3] [PAPER-KV-V6] fetch meta-llama/Llama-3.1-8B -> None requests
[2026-08-22 13:20:56.048 Model_Service_4] [PAPER-KV-V6] fetch meta-llama/Llama-3.2-1B -> None requests
[2026-08-22 13:20:56.050 Model_Service_1] [PAPER-KV-V6] fetch Qwen/Qwen2.5-3B-Instruct -> None requests
[2026-08-22 13:20:56.053 Model_Service_3] [PAPER-KV-V6] fetch meta-llama/Llama-3.1-8B -> None requests
[2026-08-22 13:20:56.059 Model_Service_4] [PAPER-KV-V6] fetch meta-llama/Llama-3.2-1B -> None requests
[2026-08-22 13:20:56.060 Model_Service_1] [PAPER-KV-V6] fetch Qwen/Qwen2.5-3B-Instruct -> None requests
[2026-08-22 13:20:56.063 Model_Service_3] [PAPER-KV-V6] fetch meta-llama/Llama-3.1-8B -> None requests
[2026-08-22 13:20:56.069 Model_Service_4] [PAPER-KV-V6] fetch meta-llama/Llama-3.2-1B -> None requests
[2026-08-22 13:20:56.071 Model_Service_1] [PAPER-KV-V6] fetch Qwen/Qwen2.5-3B-Instruct -> None requests
[2026-08-22 13:20:56.074 Model_Service_3] [PAPER-KV-V6] fetch meta-llama/Llama-3.1-8B -> None requests
[2026-08-22 13:20:56.079 Model_Service_4] [PAPER-KV-V6] fetch meta-llama/Llama-3.2-1B -> None requests
[2026-08-22 13:20:56.082 Model_Service_1] [PAPER-KV-V6] fetch Qwen/Qwen2.5-3B-Instruct -> None requests
[2026-08-22 13:20:56.084 Model_Service_3] [PAPER-KV-V6] fetch meta-llama/Llama-3.1-8B -> None requests
[2026-08-22 13:20:56.090 Model_Service_4] [PAPER-KV-V6] fetch meta-llama/Llama-3.2-1B -> None requests
[2026-08-22 13:20:56.093 Model_Service_1] [PAPER-KV-V6] fetch Qwen/Qwen2.5-3B-Instruct -> None requests
[2026-08-22 13:20:56.094 Model_Service_3] [PAPER-KV-V6] fetch meta-llama/Llama-3.1-8B -> None requests
[2026-08-22 13:20:56.100 Model_Service_4] [PAPER-KV-V6] fetch meta-llama/Llama-3.2-1B -> None requests
[2026-08-22 13:20:56.104 Model_Service_1] [PAPER-KV-V6] fetch Qwen/Qwen2.5-3B-Instruct -> None requests
[2026-08-22 13:20:56.105 Model_Service_3] [PAPER-KV-V6] fetch meta-llama/Llama-3.1-8B -> None requests
[2026-08-22 13:20:56.111 Model_Service_4] [PAPER-KV-V6] fetch meta-llama/Llama-3.2-1B -> None requests
[2026-08-22 13:20:56.115 Model_Service_1] [PAPER-KV-V6] fetch Qwen/Qwen2.5-3B-Instruct -> None requests
[2026-08-22 13:20:56.115 Model_Service_3] [PAPER-KV-V6] fetch meta-llama/Llama-3.1-8B -> None requests
[2026-08-22 13:20:56.121 Model_Service_4] [PAPER-KV-V6] fetch meta-llama/Llama-3.2-1B -> None requests
[2026-08-22 13:20:56.126 Model_Service_1] [PAPER-KV-V6] fetch Qwen/Qwen2.5-3B-Instruct -> None requests
[2026-08-22 13:20:56.126 Model_Service_3] [PAPER-KV-V6] fetch meta-llama/Llama-3.1-8B -> None requests
[2026-08-22 13:20:56.132 Model_Service_4] [PAPER-KV-V6] fetch meta-llama/Llama-3.2-1B -> None requests
[2026-08-22 13:20:56.136 Model_Service_3] [PAPER-KV-V6] fetch meta-llama/Llama-3.1-8B -> None requests
[2026-08-22 13:20:56.137 Model_Service_1] [PAPER-KV-V6] fetch Qwen/Qwen2.5-3B-Instruct -> None requests
[2026-08-22 13:20:56.142 Model_Service_4] [PAPER-KV-V6] fetch meta-llama/Llama-3.2-1B -> None requests
[2026-08-22 13:20:56.147 Model_Service_3] [PAPER-KV-V6] fetch meta-llama/Llama-3.1-8B -> None requests
[2026-08-22 13:20:56.147 Model_Service_1] [PAPER-KV-V6] fetch Qwen/Qwen2.5-3B-Instruct -> None requests
[2026-08-22 13:20:56.152 Model_Service_4] [PAPER-KV-V6] fetch meta-llama/Llama-3.2-1B -> None requests
[2026-08-22 13:20:56.157 Model_Service_3] [PAPER-KV-V6] fetch meta-llama/Llama-3.1-8B -> None requests
[2026-08-22 13:20:56.158 Model_Service_1] [PAPER-KV-V6] fetch Qwen/Qwen2.5-3B-Instruct -> None requests
[2026-08-22 13:20:56.163 Model_Service_4] [PAPER-KV-V6] fetch meta-llama/Llama-3.2-1B -> None requests
[2026-08-22 13:20:56.167 Model_Service_3] [PAPER-KV-V6] fetch meta-llama/Llama-3.1-8B -> None requests
[2026-08-22 13:20:56.169 Model_Service_1] [PAPER-KV-V6] fetch Qwen/Qwen2.5-3B-Instruct -> None requests
[2026-08-22 13:20:56.173 Model_Service_4] [PAPER-KV-V6] fetch meta-llama/Llama-3.2-1B -> None requests
[2026-08-22 13:20:56.178 Model_Service_3] [PAPER-KV-V6] fetch meta-llama/Llama-3.1-8B -> None requests
[2026-08-22 13:20:56.179 Model_Service_1] [PAPER-KV-V6] fetch Qwen/Qwen2.5-3B-Instruct -> None requests
[2026-08-22 13:20:56.184 Model_Service_4] [PAPER-KV-V6] fetch meta-llama/Llama-3.2-1B -> None requests
[2026-08-22 13:20:56.188 Model_Service_3] [PAPER-KV-V6] fetch meta-llama/Llama-3.1-8B -> None requests
[2026-08-22 13:20:56.190 Model_Service_1] [PAPER-KV-V6] fetch Qwen/Qwen2.5-3B-Instruct -> None requests
[2026-08-22 13:20:56.194 Model_Service_4] [PAPER-KV-V6] fetch meta-llama/Llama-3.2-1B -> None requests
[2026-08-22 13:20:56.198 Model_Service_3] [PAPER-KV-V6] fetch meta-llama/Llama-3.1-8B -> None requests
[2026-08-22 13:20:56.200 Model_Service_1] [PAPER-KV-V6] fetch Qwen/Qwen2.5-3B-Instruct -> None requests
[2026-08-22 13:20:56.205 Model_Service_4] [PAPER-KV-V6] fetch meta-llama/Llama-3.2-1B -> None requests
[2026-08-22 13:20:56.209 Model_Service_3] [PAPER-KV-V6] fetch meta-llama/Llama-3.1-8B -> None requests
[2026-08-22 13:20:56.211 Model_Service_1] [PAPER-KV-V6] fetch Qwen/Qwen2.5-3B-Instruct -> None requests
[2026-08-22 13:20:56.215 Model_Service_4] [PAPER-KV-V6] fetch meta-llama/Llama-3.2-1B -> None requests
[2026-08-22 13:20:56.219 Model_Service_3] [PAPER-KV-V6] fetch meta-llama/Llama-3.1-8B -> None requests
[2026-08-22 13:20:56.222 Model_Service_1] [PAPER-KV-V6] fetch Qwen/Qwen2.5-3B-Instruct -> None requests
[2026-08-22 13:20:56.225 Model_Service_4] [PAPER-KV-V6] fetch meta-llama/Llama-3.2-1B -> None requests
[2026-08-22 13:20:56.229 Model_Service_3] [PAPER-KV-V6] fetch meta-llama/Llama-3.1-8B -> None requests
[2026-08-22 13:20:56.232 Model_Service_1] [PAPER-KV-V6] fetch Qwen/Qwen2.5-3B-Instruct -> None requests
[2026-08-22 13:20:56.236 Model_Service_4] [PAPER-KV-V6] fetch meta-llama/Llama-3.2-1B -> None requests
[2026-08-22 13:20:56.239 Model_Service_3] [PAPER-KV-V6] fetch meta-llama/Llama-3.1-8B -> None requests
[2026-08-22 13:20:56.243 Model_Service_1] [PAPER-KV-V6] fetch Qwen/Qwen2.5-3B-Instruct -> None requests
[2026-08-22 13:20:56.246 Model_Service_4] [PAPER-KV-V6] fetch meta-llama/Llama-3.2-1B -> None requests
[2026-08-22 13:20:56.250 Model_Service_3] [PAPER-KV-V6] fetch meta-llama/Llama-3.1-8B -> None requests
[2026-08-22 13:20:56.254 Model_Service_1] [PAPER-KV-V6] fetch Qwen/Qwen2.5-3B-Instruct -> None requests
[2026-08-22 13:20:56.257 Model_Service_4] [PAPER-KV-V6] fetch meta-llama/Llama-3.2-1B -> None requests
[2026-08-22 13:20:56.260 Model_Service_3] [PAPER-KV-V6] fetch meta-llama/Llama-3.1-8B -> None requests
[2026-08-22 13:20:56.264 Model_Service_1] [PAPER-KV-V6] fetch Qwen/Qwen2.5-3B-Instruct -> None requests
[2026-08-22 13:20:56.267 Model_Service_4] [PAPER-KV-V6] fetch meta-llama/Llama-3.2-1B -> None requests
[2026-08-22 13:20:56.270 Model_Service_3] [PAPER-KV-V6] fetch meta-llama/Llama-3.1-8B -> None requests
[2026-08-22 13:20:56.275 Model_Service_1] [PAPER-KV-V6] fetch Qwen/Qwen2.5-3B-Instruct -> None requests
[2026-08-22 13:20:56.278 Model_Service_4] [PAPER-KV-V6] fetch meta-llama/Llama-3.2-1B -> None requests
[2026-08-22 13:20:56.281 Model_Service_3] [PAPER-KV-V6] fetch meta-llama/Llama-3.1-8B -> None requests
[2026-08-22 13:20:56.286 Model_Service_1] [PAPER-KV-V6] fetch Qwen/Qwen2.5-3B-Instruct -> None requests
[2026-08-22 13:20:56.288 Model_Service_4] [PAPER-KV-V6] fetch meta-llama/Llama-3.2-1B -> None requests
[2026-08-22 13:20:56.291 Model_Service_3] [PAPER-KV-V6] fetch meta-llama/Llama-3.1-8B -> None requests
[2026-08-22 13:20:56.296 Model_Service_1] [PAPER-KV-V6] fetch Qwen/Qwen2.5-3B-Instruct -> None requests
[2026-08-22 13:20:56.299 Model_Service_4] [PAPER-KV-V6] fetch meta-llama/Llama-3.2-1B -> None requests
[2026-08-22 13:20:56.301 Model_Service_3] [PAPER-KV-V6] fetch meta-llama/Llama-3.1-8B -> None requests
[2026-08-22 13:20:56.307 Model_Service_1] [PAPER-KV-V6] fetch Qwen/Qwen2.5-3B-Instruct -> None requests
[2026-08-22 13:20:56.309 Model_Service_4] [PAPER-KV-V6] fetch meta-llama/Llama-3.2-1B -> None requests
[2026-08-22 13:20:56.312 Model_Service_3] [PAPER-KV-V6] fetch meta-llama/Llama-3.1-8B -> None requests
[2026-08-22 13:20:56.317 Model_Service_1] [PAPER-KV-V6] fetch Qwen/Qwen2.5-3B-Instruct -> None requests
[2026-08-22 13:20:56.320 Model_Service_4] [PAPER-KV-V6] fetch meta-llama/Llama-3.2-1B -> None requests
[2026-08-22 13:20:56.322 Model_Service_3] [PAPER-KV-V6] fetch meta-llama/Llama-3.1-8B -> None requests
[2026-08-22 13:20:56.328 Model_Service_1] [PAPER-KV-V6] fetch Qwen/Qwen2.5-3B-Instruct -> None requests
[2026-08-22 13:20:56.330 Model_Service_4] [PAPER-KV-V6] fetch meta-llama/Llama-3.2-1B -> None requests
[2026-08-22 13:20:56.332 Model_Service_3] [PAPER-KV-V6] fetch meta-llama/Llama-3.1-8B -> None requests
[2026-08-22 13:20:56.338 Model_Service_1] [PAPER-KV-V6] fetch Qwen/Qwen2.5-3B-Instruct -> None requests
[2026-08-22 13:20:56.341 Model_Service_4] [PAPER-KV-V6] fetch meta-llama/Llama-3.2-1B -> None requests
[2026-08-22 13:20:56.343 Model_Service_3] [PAPER-KV-V6] fetch meta-llama/Llama-3.1-8B -> None requests
[2026-08-22 13:20:56.349 Model_Service_1] [PAPER-KV-V6] fetch Qwen/Qwen2.5-3B-Instruct -> None requests
[2026-08-22 13:20:56.351 Model_Service_4] [PAPER-KV-V6] fetch meta-llama/Llama-3.2-1B -> None requests
[2026-08-22 13:20:56.353 Model_Service_3] [PAPER-KV-V6] fetch meta-llama/Llama-3.1-8B -> None requests
[2026-08-22 13:20:56.359 Model_Service_1] [PAPER-KV-V6] fetch Qwen/Qwen2.5-3B-Instruct -> None requests
[2026-08-22 13:20:56.361 Model_Service_4] [PAPER-KV-V6] fetch meta-llama/Llama-3.2-1B -> None requests
[2026-08-22 13:20:56.363 Model_Service_3] [PAPER-KV-V6] fetch meta-llama/Llama-3.1-8B -> None requests
[2026-08-22 13:20:56.370 Model_Service_1] [PAPER-KV-V6] fetch Qwen/Qwen2.5-3B-Instruct -> None requests
[2026-08-22 13:20:56.372 Model_Service_4] [PAPER-KV-V6] fetch meta-llama/Llama-3.2-1B -> None requests
[2026-08-22 13:20:56.374 Model_Service_3] [PAPER-KV-V6] fetch meta-llama/Llama-3.1-8B -> None requests
[2026-08-22 13:20:56.381 Model_Service_1] [PAPER-KV-V6] fetch Qwen/Qwen2.5-3B-Instruct -> None requests
[2026-08-22 13:20:56.382 Model_Service_4] [PAPER-KV-V6] fetch meta-llama/Llama-3.2-1B -> None requests
[2026-08-22 13:20:56.384 Model_Service_3] [PAPER-KV-V6] fetch meta-llama/Llama-3.1-8B -> None requests
[2026-08-22 13:20:56.391 Model_Service_1] [PAPER-KV-V6] fetch Qwen/Qwen2.5-3B-Instruct -> None requests
[2026-08-22 13:20:56.393 Model_Service_4] [PAPER-KV-V6] fetch meta-llama/Llama-3.2-1B -> None requests
[2026-08-22 13:20:56.394 Model_Service_3] [PAPER-KV-V6] fetch meta-llama/Llama-3.1-8B -> None requests
[2026-08-22 13:20:56.401 Model_Service_1] [PAPER-KV-V6] fetch Qwen/Qwen2.5-3B-Instruct -> None requests
[2026-08-22 13:20:56.403 Model_Service_4] [PAPER-KV-V6] fetch meta-llama/Llama-3.2-1B -> None requests
[2026-08-22 13:20:56.404 Model_Service_3] [PAPER-KV-V6] fetch meta-llama/Llama-3.1-8B -> None requests
[2026-08-22 13:20:56.412 Model_Service_1] [PAPER-KV-V6] fetch Qwen/Qwen2.5-3B-Instruct -> None requests
[2026-08-22 13:20:56.414 Model_Service_4] [PAPER-KV-V6] fetch meta-llama/Llama-3.2-1B -> None requests
[2026-08-22 13:20:56.415 Model_Service_3] [PAPER-KV-V6] fetch meta-llama/Llama-3.1-8B -> None requests
[2026-08-22 13:20:56.423 Model_Service_1] [PAPER-KV-V6] fetch Qwen/Qwen2.5-3B-Instruct -> None requests
[2026-08-22 13:20:56.424 Model_Service_4] [PAPER-KV-V6] fetch meta-llama/Llama-3.2-1B -> None requests
[2026-08-22 13:20:56.425 Model_Service_3] [PAPER-KV-V6] fetch meta-llama/Llama-3.1-8B -> None requests
[2026-08-22 13:20:56.433 Model_Service_1] [PAPER-KV-V6] fetch Qwen/Qwen2.5-3B-Instruct -> None requests
[2026-08-22 13:20:56.434 Model_Service_4] [PAPER-KV-V6] fetch meta-llama/Llama-3.2-1B -> None requests
[2026-08-22 13:20:56.435 Model_Service_3] [PAPER-KV-V6] fetch meta-llama/Llama-3.1-8B -> None requests
[2026-08-22 13:20:56.444 Model_Service_1] [PAPER-KV-V6] fetch Qwen/Qwen2.5-3B-Instruct -> None requests
[2026-08-22 13:20:56.445 Model_Service_4] [PAPER-KV-V6] fetch meta-llama/Llama-3.2-1B -> None requests
[2026-08-22 13:20:56.446 Model_Service_3] [PAPER-KV-V6] fetch meta-llama/Llama-3.1-8B -> None requests
[2026-08-22 13:20:56.454 Model_Service_1] [PAPER-KV-V6] fetch Qwen/Qwen2.5-3B-Instruct -> None requests
[2026-08-22 13:20:56.456 Model_Service_3] [PAPER-KV-V6] fetch meta-llama/Llama-3.1-8B -> None requests
[2026-08-22 13:20:56.464 Model_Service_1] [PAPER-KV-V6] fetch Qwen/Qwen2.5-3B-Instruct -> None requests
[2026-08-22 13:20:56.466 Model_Service_3] [PAPER-KV-V6] fetch meta-llama/Llama-3.1-8B -> None requests
[2026-08-22 13:20:56.475 Model_Service_1] [PAPER-KV-V6] fetch Qwen/Qwen2.5-3B-Instruct -> None requests
[2026-08-22 13:20:56.476 Model_Service_3] [PAPER-KV-V6] fetch meta-llama/Llama-3.1-8B -> None requests
[2026-08-22 13:20:56.485 Model_Service_1] [PAPER-KV-V6] fetch Qwen/Qwen2.5-3B-Instruct -> None requests
[2026-08-22 13:20:56.487 Model_Service_3] [PAPER-KV-V6] fetch meta-llama/Llama-3.1-8B -> None requests
[2026-08-22 13:20:56.496 Model_Service_1] [PAPER-KV-V6] fetch Qwen/Qwen2.5-3B-Instruct -> None requests
[2026-08-22 13:20:56.497 Model_Service_3] [PAPER-KV-V6] fetch meta-llama/Llama-3.1-8B -> None requests
[2026-08-22 13:20:56.506 Model_Service_1] [PAPER-KV-V6] fetch Qwen/Qwen2.5-3B-Instruct -> None requests
[2026-08-22 13:20:56.507 Model_Service_3] [PAPER-KV-V6] fetch meta-llama/Llama-3.1-8B -> None requests
[2026-08-22 13:20:56.517 Model_Service_1] [PAPER-KV-V6] fetch Qwen/Qwen2.5-3B-Instruct -> None requests
[2026-08-22 13:20:56.518 Model_Service_3] [PAPER-KV-V6] fetch meta-llama/Llama-3.1-8B -> None requests
[2026-08-22 13:20:56.527 Model_Service_1] [PAPER-KV-V6] fetch Qwen/Qwen2.5-3B-Instruct -> None requests
[2026-08-22 13:20:56.528 Model_Service_3] [PAPER-KV-V6] fetch meta-llama/Llama-3.1-8B -> None requests
[2026-08-22 13:20:56.538 Model_Service_1] [PAPER-KV-V6] fetch Qwen/Qwen2.5-3B-Instruct -> None requests
[2026-08-22 13:20:56.538 Model_Service_3] [PAPER-KV-V6] fetch meta-llama/Llama-3.1-8B -> None requests
[2026-08-22 13:20:56.548 Model_Service_1] [PAPER-KV-V6] fetch Qwen/Qwen2.5-3B-Instruct -> None requests
[2026-08-22 13:20:56.549 Model_Service_3] [PAPER-KV-V6] fetch meta-llama/Llama-3.1-8B -> None requests
[2026-08-22 13:20:56.559 Model_Service_1] [PAPER-KV-V6] fetch Qwen/Qwen2.5-3B-Instruct -> None requests
[2026-08-22 13:20:56.559 Model_Service_3] [PAPER-KV-V6] fetch meta-llama/Llama-3.1-8B -> None requests
[2026-08-22 13:20:56.569 Model_Service_3] [PAPER-KV-V6] fetch meta-llama/Llama-3.1-8B -> None requests
[2026-08-22 13:20:56.569 Model_Service_1] [PAPER-KV-V6] fetch Qwen/Qwen2.5-3B-Instruct -> None requests
[2026-08-22 13:20:56.580 Model_Service_3] [PAPER-KV-V6] fetch meta-llama/Llama-3.1-8B -> None requests
[2026-08-22 13:20:56.580 Model_Service_1] [PAPER-KV-V6] fetch Qwen/Qwen2.5-3B-Instruct -> None requests
[2026-08-22 13:20:56.590 Model_Service_3] [PAPER-KV-V6] fetch meta-llama/Llama-3.1-8B -> None requests
[2026-08-22 13:20:56.591 Model_Service_1] [PAPER-KV-V6] fetch Qwen/Qwen2.5-3B-Instruct -> None requests
[2026-08-22 13:20:56.600 Model_Service_3] [PAPER-KV-V6] fetch meta-llama/Llama-3.1-8B -> None requests
[2026-08-22 13:20:56.601 Model_Service_1] [PAPER-KV-V6] fetch Qwen/Qwen2.5-3B-Instruct -> None requests
[2026-08-22 13:20:56.611 Model_Service_3] [PAPER-KV-V6] fetch meta-llama/Llama-3.1-8B -> None requests
[2026-08-22 13:20:56.612 Model_Service_1] [PAPER-KV-V6] fetch Qwen/Qwen2.5-3B-Instruct -> None requests
[2026-08-22 13:20:56.621 Model_Service_3] [PAPER-KV-V6] fetch meta-llama/Llama-3.1-8B -> None requests
[2026-08-22 13:20:56.622 Model_Service_1] [PAPER-KV-V6] fetch Qwen/Qwen2.5-3B-Instruct -> None requests
[2026-08-22 13:20:56.632 Model_Service_3] [PAPER-KV-V6] fetch meta-llama/Llama-3.1-8B -> None requests
[2026-08-22 13:20:56.633 Model_Service_1] [PAPER-KV-V6] fetch Qwen/Qwen2.5-3B-Instruct -> None requests
[2026-08-22 13:20:56.642 Model_Service_3] [PAPER-KV-V6] fetch meta-llama/Llama-3.1-8B -> None requests
[2026-08-22 13:20:56.644 Model_Service_1] [PAPER-KV-V6] fetch Qwen/Qwen2.5-3B-Instruct -> None requests
[2026-08-22 13:20:56.653 Model_Service_3] [PAPER-KV-V6] fetch meta-llama/Llama-3.1-8B -> None requests
[2026-08-22 13:20:56.655 Model_Service_1] [PAPER-KV-V6] fetch Qwen/Qwen2.5-3B-Instruct -> None requests
[2026-08-22 13:20:56.663 Model_Service_3] [PAPER-KV-V6] fetch meta-llama/Llama-3.1-8B -> None requests
[2026-08-22 13:20:56.665 Model_Service_1] [PAPER-KV-V6] fetch Qwen/Qwen2.5-3B-Instruct -> None requests
[2026-08-22 13:20:56.674 Model_Service_3] [PAPER-KV-V6] fetch meta-llama/Llama-3.1-8B -> None requests
[2026-08-22 13:20:56.676 Model_Service_1] [PAPER-KV-V6] fetch Qwen/Qwen2.5-3B-Instruct -> None requests
[2026-08-22 13:20:56.684 Model_Service_3] [PAPER-KV-V6] fetch meta-llama/Llama-3.1-8B -> None requests
[2026-08-22 13:20:56.687 Model_Service_1] [PAPER-KV-V6] fetch Qwen/Qwen2.5-3B-Instruct -> None requests
[2026-08-22 13:20:56.695 Model_Service_3] [PAPER-KV-V6] fetch meta-llama/Llama-3.1-8B -> None requests
[2026-08-22 13:20:56.698 Model_Service_1] [PAPER-KV-V6] fetch Qwen/Qwen2.5-3B-Instruct -> None requests
[2026-08-22 13:20:56.705 Model_Service_3] [PAPER-KV-V6] fetch meta-llama/Llama-3.1-8B -> None requests
[2026-08-22 13:20:56.708 Model_Service_1] [PAPER-KV-V6] fetch Qwen/Qwen2.5-3B-Instruct -> None requests
[2026-08-22 13:20:56.716 Model_Service_3] [PAPER-KV-V6] fetch meta-llama/Llama-3.1-8B -> None requests
[2026-08-22 13:20:56.719 Model_Service_1] [PAPER-KV-V6] fetch Qwen/Qwen2.5-3B-Instruct -> None requests
[2026-08-22 13:20:56.726 Model_Service_3] [PAPER-KV-V6] fetch meta-llama/Llama-3.1-8B -> None requests
[2026-08-22 13:20:56.730 Model_Service_1] [PAPER-KV-V6] fetch Qwen/Qwen2.5-3B-Instruct -> None requests
[2026-08-22 13:20:56.737 Model_Service_3] [PAPER-KV-V6] fetch meta-llama/Llama-3.1-8B -> None requests
[2026-08-22 13:20:56.741 Model_Service_1] [PAPER-KV-V6] fetch Qwen/Qwen2.5-3B-Instruct -> None requests
[2026-08-22 13:20:56.748 Model_Service_3] [PAPER-KV-V6] fetch meta-llama/Llama-3.1-8B -> None requests
[2026-08-22 13:20:56.752 Model_Service_1] [PAPER-KV-V6] fetch Qwen/Qwen2.5-3B-Instruct -> None requests
[2026-08-22 13:20:56.759 Model_Service_3] [PAPER-KV-V6] fetch meta-llama/Llama-3.1-8B -> None requests
[2026-08-22 13:20:56.763 Model_Service_1] [PAPER-KV-V6] fetch Qwen/Qwen2.5-3B-Instruct -> None requests
[2026-08-22 13:20:56.769 Model_Service_3] [PAPER-KV-V6] fetch meta-llama/Llama-3.1-8B -> None requests
[2026-08-22 13:20:56.773 Model_Service_1] [PAPER-KV-V6] fetch Qwen/Qwen2.5-3B-Instruct -> None requests
[2026-08-22 13:20:56.780 Model_Service_3] [PAPER-KV-V6] fetch meta-llama/Llama-3.1-8B -> None requests
[2026-08-22 13:20:56.784 Model_Service_1] [PAPER-KV-V6] fetch Qwen/Qwen2.5-3B-Instruct -> None requests
[2026-08-22 13:20:56.791 Model_Service_3] [PAPER-KV-V6] fetch meta-llama/Llama-3.1-8B -> None requests
[2026-08-22 13:20:56.795 Model_Service_1] [PAPER-KV-V6] fetch Qwen/Qwen2.5-3B-Instruct -> None requests
[2026-08-22 13:20:56.802 Model_Service_3] [PAPER-KV-V6] fetch meta-llama/Llama-3.1-8B -> None requests
[2026-08-22 13:20:56.806 Model_Service_1] [PAPER-KV-V6] fetch Qwen/Qwen2.5-3B-Instruct -> None requests
[2026-08-22 13:20:56.812 Model_Service_3] [PAPER-KV-V6] fetch meta-llama/Llama-3.1-8B -> None requests
[2026-08-22 13:20:56.817 Model_Service_1] [PAPER-KV-V6] fetch Qwen/Qwen2.5-3B-Instruct -> None requests
[2026-08-22 13:20:56.823 Model_Service_3] [PAPER-KV-V6] fetch meta-llama/Llama-3.1-8B -> None requests
[2026-08-22 13:20:56.828 Model_Service_1] [PAPER-KV-V6] fetch Qwen/Qwen2.5-3B-Instruct -> None requests
[2026-08-22 13:20:56.834 Model_Service_3] [PAPER-KV-V6] fetch meta-llama/Llama-3.1-8B -> None requests
[2026-08-22 13:20:56.838 Model_Service_1] [PAPER-KV-V6] fetch Qwen/Qwen2.5-3B-Instruct -> None requests
[2026-08-22 13:20:56.844 Model_Service_3] [PAPER-KV-V6] fetch meta-llama/Llama-3.1-8B -> None requests
[2026-08-22 13:20:56.849 Model_Service_1] [PAPER-KV-V6] fetch Qwen/Qwen2.5-3B-Instruct -> None requests
[2026-08-22 13:20:56.855 Model_Service_3] [PAPER-KV-V6] fetch meta-llama/Llama-3.1-8B -> None requests
[2026-08-22 13:20:56.860 Model_Service_1] [PAPER-KV-V6] fetch Qwen/Qwen2.5-3B-Instruct -> None requests
[2026-08-22 13:20:56.866 Model_Service_3] [PAPER-KV-V6] fetch meta-llama/Llama-3.1-8B -> None requests
[2026-08-22 13:20:56.871 Model_Service_1] [PAPER-KV-V6] fetch Qwen/Qwen2.5-3B-Instruct -> None requests
[2026-08-22 13:20:56.877 Model_Service_3] [PAPER-KV-V6] fetch meta-llama/Llama-3.1-8B -> None requests
[2026-08-22 13:20:56.881 Model_Service_1] [PAPER-KV-V6] fetch Qwen/Qwen2.5-3B-Instruct -> None requests
[2026-08-22 13:20:56.888 Model_Service_3] [PAPER-KV-V6] fetch meta-llama/Llama-3.1-8B -> None requests
[2026-08-22 13:20:56.893 Model_Service_1] [PAPER-KV-V6] fetch Qwen/Qwen2.5-3B-Instruct -> None requests
[2026-08-22 13:20:56.899 Model_Service_3] [PAPER-KV-V6] fetch meta-llama/Llama-3.1-8B -> None requests
[2026-08-22 13:20:56.904 Model_Service_1] [PAPER-KV-V6] fetch Qwen/Qwen2.5-3B-Instruct -> None requests
[2026-08-22 13:20:56.910 Model_Service_3] [PAPER-KV-V6] fetch meta-llama/Llama-3.1-8B -> None requests
[2026-08-22 13:20:56.915 Model_Service_1] [PAPER-KV-V6] fetch Qwen/Qwen2.5-3B-Instruct -> None requests
[2026-08-22 13:20:56.921 Model_Service_3] [PAPER-KV-V6] fetch meta-llama/Llama-3.1-8B -> None requests
[2026-08-22 13:20:56.926 Model_Service_1] [PAPER-KV-V6] fetch Qwen/Qwen2.5-3B-Instruct -> None requests
[2026-08-22 13:20:56.932 Model_Service_3] [PAPER-KV-V6] fetch meta-llama/Llama-3.1-8B -> None requests
[2026-08-22 13:20:56.937 Model_Service_1] [PAPER-KV-V6] fetch Qwen/Qwen2.5-3B-Instruct -> None requests
[2026-08-22 13:20:56.943 Model_Service_3] [PAPER-KV-V6] fetch meta-llama/Llama-3.1-8B -> None requests
[2026-08-22 13:20:56.947 Model_Service_1] [PAPER-KV-V6] fetch Qwen/Qwen2.5-3B-Instruct -> None requests
[2026-08-22 13:20:56.953 Model_Service_3] [PAPER-KV-V6] fetch meta-llama/Llama-3.1-8B -> None requests
[2026-08-22 13:20:56.958 Model_Service_1] [PAPER-KV-V6] fetch Qwen/Qwen2.5-3B-Instruct -> None requests
[2026-08-22 13:20:56.964 Model_Service_3] [PAPER-KV-V6] fetch meta-llama/Llama-3.1-8B -> None requests
[2026-08-22 13:20:56.969 Model_Service_1] [PAPER-KV-V6] fetch Qwen/Qwen2.5-3B-Instruct -> None requests
[2026-08-22 13:20:56.975 Model_Service_3] [PAPER-KV-V6] fetch meta-llama/Llama-3.1-8B -> None requests
[2026-08-22 13:20:56.980 Model_Service_1] [PAPER-KV-V6] fetch Qwen/Qwen2.5-3B-Instruct -> None requests
[2026-08-22 13:20:56.986 Model_Service_3] [PAPER-KV-V6] fetch meta-llama/Llama-3.1-8B -> None requests
[2026-08-22 13:20:56.991 Model_Service_1] [PAPER-KV-V6] fetch Qwen/Qwen2.5-3B-Instruct -> None requests
[2026-08-22 13:20:56.997 Model_Service_3] [PAPER-KV-V6] fetch meta-llama/Llama-3.1-8B -> None requests
[2026-08-22 13:20:57.002 Model_Service_1] [PAPER-KV-V6] fetch Qwen/Qwen2.5-3B-Instruct -> None requests
[2026-08-22 13:20:57.008 Model_Service_3] [PAPER-KV-V6] fetch meta-llama/Llama-3.1-8B -> None requests
[2026-08-22 13:20:57.012 Model_Service_1] [PAPER-KV-V6] fetch Qwen/Qwen2.5-3B-Instruct -> None requests
[2026-08-22 13:20:57.018 Model_Service_3] [PAPER-KV-V6] fetch meta-llama/Llama-3.1-8B -> None requests
[2026-08-22 13:20:57.023 Model_Service_1] [PAPER-KV-V6] fetch Qwen/Qwen2.5-3B-Instruct -> None requests
[2026-08-22 13:20:57.029 Model_Service_3] [PAPER-KV-V6] fetch meta-llama/Llama-3.1-8B -> None requests
[2026-08-22 13:20:57.034 Model_Service_1] [PAPER-KV-V6] fetch Qwen/Qwen2.5-3B-Instruct -> None requests
[2026-08-22 13:20:57.039 Model_Service_3] [PAPER-KV-V6] fetch meta-llama/Llama-3.1-8B -> None requests
[2026-08-22 13:20:57.045 Model_Service_1] [PAPER-KV-V6] fetch Qwen/Qwen2.5-3B-Instruct -> None requests
[2026-08-22 13:20:57.050 Model_Service_3] [PAPER-KV-V6] fetch meta-llama/Llama-3.1-8B -> None requests
[2026-08-22 13:20:57.056 Model_Service_1] [PAPER-KV-V6] fetch Qwen/Qwen2.5-3B-Instruct -> None requests
[2026-08-22 13:20:57.061 Model_Service_3] [PAPER-KV-V6] fetch meta-llama/Llama-3.1-8B -> None requests
[2026-08-22 13:20:57.067 Model_Service_1] [PAPER-KV-V6] fetch Qwen/Qwen2.5-3B-Instruct -> None requests
[2026-08-22 13:20:57.071 Model_Service_3] [PAPER-KV-V6] fetch meta-llama/Llama-3.1-8B -> None requests
[2026-08-22 13:20:57.077 Model_Service_1] [PAPER-KV-V6] fetch Qwen/Qwen2.5-3B-Instruct -> None requests
[2026-08-22 13:20:57.082 Model_Service_3] [PAPER-KV-V6] fetch meta-llama/Llama-3.1-8B -> None requests
[2026-08-22 13:20:57.088 Model_Service_1] [PAPER-KV-V6] fetch Qwen/Qwen2.5-3B-Instruct -> None requests
[2026-08-22 13:20:57.092 Model_Service_3] [PAPER-KV-V6] fetch meta-llama/Llama-3.1-8B -> None requests
[2026-08-22 13:20:57.099 Model_Service_1] [PAPER-KV-V6] fetch Qwen/Qwen2.5-3B-Instruct -> None requests
[2026-08-22 13:20:57.103 Model_Service_3] [PAPER-KV-V6] fetch meta-llama/Llama-3.1-8B -> None requests
[2026-08-22 13:20:57.110 Model_Service_1] [PAPER-KV-V6] fetch Qwen/Qwen2.5-3B-Instruct -> None requests
[2026-08-22 13:20:57.113 Model_Service_3] [PAPER-KV-V6] fetch meta-llama/Llama-3.1-8B -> None requests
[2026-08-22 13:20:57.121 Model_Service_1] [PAPER-KV-V6] fetch Qwen/Qwen2.5-3B-Instruct -> None requests
[2026-08-22 13:20:57.124 Model_Service_3] [PAPER-KV-V6] fetch meta-llama/Llama-3.1-8B -> None requests
[2026-08-22 13:20:57.132 Model_Service_1] [PAPER-KV-V6] fetch Qwen/Qwen2.5-3B-Instruct -> None requests
[2026-08-22 13:20:57.134 Model_Service_3] [PAPER-KV-V6] fetch meta-llama/Llama-3.1-8B -> None requests
[2026-08-22 13:20:57.142 Model_Service_1] [PAPER-KV-V6] fetch Qwen/Qwen2.5-3B-Instruct -> None requests
[2026-08-22 13:20:57.145 Model_Service_3] [PAPER-KV-V6] fetch meta-llama/Llama-3.1-8B -> None requests
[2026-08-22 13:20:57.153 Model_Service_1] [PAPER-KV-V6] fetch Qwen/Qwen2.5-3B-Instruct -> None requests
[2026-08-22 13:20:57.155 Model_Service_3] [PAPER-KV-V6] fetch meta-llama/Llama-3.1-8B -> None requests
[2026-08-22 13:20:57.164 Model_Service_1] [PAPER-KV-V6] fetch Qwen/Qwen2.5-3B-Instruct -> None requests
[2026-08-22 13:20:57.166 Model_Service_3] [PAPER-KV-V6] fetch meta-llama/Llama-3.1-8B -> None requests
[2026-08-22 13:20:57.175 Model_Service_1] [PAPER-KV-V6] fetch Qwen/Qwen2.5-3B-Instruct -> None requests
[2026-08-22 13:20:57.177 Model_Service_3] [PAPER-KV-V6] fetch meta-llama/Llama-3.1-8B -> None requests
[2026-08-22 13:20:57.185 Model_Service_1] [PAPER-KV-V6] fetch Qwen/Qwen2.5-3B-Instruct -> None requests
[2026-08-22 13:20:57.187 Model_Service_3] [PAPER-KV-V6] fetch meta-llama/Llama-3.1-8B -> None requests
[2026-08-22 13:20:57.196 Model_Service_1] [PAPER-KV-V6] fetch Qwen/Qwen2.5-3B-Instruct -> None requests
[2026-08-22 13:20:57.198 Model_Service_3] [PAPER-KV-V6] fetch meta-llama/Llama-3.1-8B -> None requests
[2026-08-22 13:20:57.207 Model_Service_1] [PAPER-KV-V6] fetch Qwen/Qwen2.5-3B-Instruct -> None requests
[2026-08-22 13:20:57.209 Model_Service_3] [PAPER-KV-V6] fetch meta-llama/Llama-3.1-8B -> None requests
[2026-08-22 13:20:57.217 Model_Service_1] [PAPER-KV-V6] fetch Qwen/Qwen2.5-3B-Instruct -> None requests
[2026-08-22 13:20:57.219 Model_Service_3] [PAPER-KV-V6] fetch meta-llama/Llama-3.1-8B -> None requests
[2026-08-22 13:20:57.228 Model_Service_1] [PAPER-KV-V6] fetch Qwen/Qwen2.5-3B-Instruct -> None requests
[2026-08-22 13:20:57.230 Model_Service_3] [PAPER-KV-V6] fetch meta-llama/Llama-3.1-8B -> None requests
[2026-08-22 13:20:57.239 Model_Service_1] [PAPER-KV-V6] fetch Qwen/Qwen2.5-3B-Instruct -> None requests
[2026-08-22 13:20:57.240 Model_Service_3] [PAPER-KV-V6] fetch meta-llama/Llama-3.1-8B -> None requests
[2026-08-22 13:20:57.249 Model_Service_1] [PAPER-KV-V6] fetch Qwen/Qwen2.5-3B-Instruct -> None requests
[2026-08-22 13:20:57.251 Model_Service_3] [PAPER-KV-V6] fetch meta-llama/Llama-3.1-8B -> None requests
[2026-08-22 13:20:57.260 Model_Service_1] [PAPER-KV-V6] fetch Qwen/Qwen2.5-3B-Instruct -> None requests
[2026-08-22 13:20:57.262 Model_Service_3] [PAPER-KV-V6] fetch meta-llama/Llama-3.1-8B -> None requests
[2026-08-22 13:20:57.271 Model_Service_1] [PAPER-KV-V6] fetch Qwen/Qwen2.5-3B-Instruct -> None requests
[2026-08-22 13:20:57.272 Model_Service_3] [PAPER-KV-V6] fetch meta-llama/Llama-3.1-8B -> None requests
[2026-08-22 13:20:57.281 Model_Service_1] [PAPER-KV-V6] fetch Qwen/Qwen2.5-3B-Instruct -> None requests
[2026-08-22 13:20:57.283 Model_Service_3] [PAPER-KV-V6] fetch meta-llama/Llama-3.1-8B -> None requests
[2026-08-22 13:20:57.292 Model_Service_1] [PAPER-KV-V6] fetch Qwen/Qwen2.5-3B-Instruct -> None requests
[2026-08-22 13:20:57.293 Model_Service_3] [PAPER-KV-V6] fetch meta-llama/Llama-3.1-8B -> None requests
[2026-08-22 13:20:57.303 Model_Service_1] [PAPER-KV-V6] fetch Qwen/Qwen2.5-3B-Instruct -> None requests
[2026-08-22 13:20:57.304 Model_Service_3] [PAPER-KV-V6] fetch meta-llama/Llama-3.1-8B -> None requests
[2026-08-22 13:20:57.313 Model_Service_1] [PAPER-KV-V6] fetch Qwen/Qwen2.5-3B-Instruct -> None requests
[2026-08-22 13:20:57.314 Model_Service_3] [PAPER-KV-V6] fetch meta-llama/Llama-3.1-8B -> None requests
[2026-08-22 13:20:57.323 Model_Service_1] [PAPER-KV-V6] fetch Qwen/Qwen2.5-3B-Instruct -> None requests
[2026-08-22 13:20:57.325 Model_Service_3] [PAPER-KV-V6] fetch meta-llama/Llama-3.1-8B -> None requests
[2026-08-22 13:20:57.334 Model_Service_1] [PAPER-KV-V6] fetch Qwen/Qwen2.5-3B-Instruct -> None requests
[2026-08-22 13:20:57.335 Model_Service_3] [PAPER-KV-V6] fetch meta-llama/Llama-3.1-8B -> None requests
[2026-08-22 13:20:57.345 Model_Service_1] [PAPER-KV-V6] fetch Qwen/Qwen2.5-3B-Instruct -> None requests
[2026-08-22 13:20:57.346 Model_Service_3] [PAPER-KV-V6] fetch meta-llama/Llama-3.1-8B -> None requests
[2026-08-22 13:20:57.355 Model_Service_1] [PAPER-KV-V6] fetch Qwen/Qwen2.5-3B-Instruct -> None requests
[2026-08-22 13:20:57.357 Model_Service_3] [PAPER-KV-V6] fetch meta-llama/Llama-3.1-8B -> None requests
[2026-08-22 13:20:57.366 Model_Service_1] [PAPER-KV-V6] fetch Qwen/Qwen2.5-3B-Instruct -> None requests
[2026-08-22 13:20:57.367 Model_Service_3] [PAPER-KV-V6] fetch meta-llama/Llama-3.1-8B -> None requests
[2026-08-22 13:20:57.377 Model_Service_1] [PAPER-KV-V6] fetch Qwen/Qwen2.5-3B-Instruct -> None requests
[2026-08-22 13:20:57.378 Model_Service_3] [PAPER-KV-V6] fetch meta-llama/Llama-3.1-8B -> None requests
[2026-08-22 13:20:57.387 Model_Service_1] [PAPER-KV-V6] fetch Qwen/Qwen2.5-3B-Instruct -> None requests
[2026-08-22 13:20:57.389 Model_Service_3] [PAPER-KV-V6] fetch meta-llama/Llama-3.1-8B -> None requests
[2026-08-22 13:20:57.398 Model_Service_1] [PAPER-KV-V6] fetch Qwen/Qwen2.5-3B-Instruct -> None requests
[2026-08-22 13:20:57.399 Model_Service_3] [PAPER-KV-V6] fetch meta-llama/Llama-3.1-8B -> None requests
[2026-08-22 13:20:57.409 Model_Service_1] [PAPER-KV-V6] fetch Qwen/Qwen2.5-3B-Instruct -> None requests
[2026-08-22 13:20:57.410 Model_Service_3] [PAPER-KV-V6] fetch meta-llama/Llama-3.1-8B -> None requests
[2026-08-22 13:20:57.420 Model_Service_1] [PAPER-KV-V6] fetch Qwen/Qwen2.5-3B-Instruct -> None requests
[2026-08-22 13:20:57.421 Model_Service_3] [PAPER-KV-V6] fetch meta-llama/Llama-3.1-8B -> None requests
[2026-08-22 13:20:57.430 Model_Service_1] [PAPER-KV-V6] fetch Qwen/Qwen2.5-3B-Instruct -> None requests
[2026-08-22 13:20:57.431 Model_Service_3] [PAPER-KV-V6] fetch meta-llama/Llama-3.1-8B -> None requests
[2026-08-22 13:20:57.441 Model_Service_1] [PAPER-KV-V6] fetch Qwen/Qwen2.5-3B-Instruct -> None requests
[2026-08-22 13:20:57.442 Model_Service_3] [PAPER-KV-V6] fetch meta-llama/Llama-3.1-8B -> None requests
[2026-08-22 13:20:57.452 Model_Service_1] [PAPER-KV-V6] fetch Qwen/Qwen2.5-3B-Instruct -> None requests
[2026-08-22 13:20:57.453 Model_Service_3] [PAPER-KV-V6] fetch meta-llama/Llama-3.1-8B -> None requests
[2026-08-22 13:20:57.463 Model_Service_1] [PAPER-KV-V6] fetch Qwen/Qwen2.5-3B-Instruct -> None requests
[2026-08-22 13:20:57.463 Model_Service_3] [PAPER-KV-V6] fetch meta-llama/Llama-3.1-8B -> None requests
[2026-08-22 13:20:57.474 Model_Service_3] [PAPER-KV-V6] fetch meta-llama/Llama-3.1-8B -> None requests
[2026-08-22 13:20:57.474 Model_Service_1] [PAPER-KV-V6] fetch Qwen/Qwen2.5-3B-Instruct -> None requests
[2026-08-22 13:20:57.485 Model_Service_3] [PAPER-KV-V6] fetch meta-llama/Llama-3.1-8B -> None requests
[2026-08-22 13:20:57.485 Model_Service_1] [PAPER-KV-V6] fetch Qwen/Qwen2.5-3B-Instruct -> None requests
[2026-08-22 13:20:57.495 Model_Service_3] [PAPER-KV-V6] fetch meta-llama/Llama-3.1-8B -> None requests
[2026-08-22 13:20:57.496 Model_Service_1] [PAPER-KV-V6] fetch Qwen/Qwen2.5-3B-Instruct -> None requests
[2026-08-22 13:20:57.506 Model_Service_3] [PAPER-KV-V6] fetch meta-llama/Llama-3.1-8B -> None requests
[2026-08-22 13:20:57.507 Model_Service_1] [PAPER-KV-V6] fetch Qwen/Qwen2.5-3B-Instruct -> None requests
[2026-08-22 13:20:57.517 Model_Service_3] [PAPER-KV-V6] fetch meta-llama/Llama-3.1-8B -> None requests
[2026-08-22 13:20:57.517 Model_Service_1] [PAPER-KV-V6] fetch Qwen/Qwen2.5-3B-Instruct -> None requests
[2026-08-22 13:20:57.527 Model_Service_3] [PAPER-KV-V6] fetch meta-llama/Llama-3.1-8B -> None requests
[2026-08-22 13:20:57.528 Model_Service_1] [PAPER-KV-V6] fetch Qwen/Qwen2.5-3B-Instruct -> None requests
[2026-08-22 13:20:57.537 Model_Service_3] [PAPER-KV-V6] fetch meta-llama/Llama-3.1-8B -> None requests
[2026-08-22 13:20:57.539 Model_Service_1] [PAPER-KV-V6] fetch Qwen/Qwen2.5-3B-Instruct -> None requests
[2026-08-22 13:20:57.548 Model_Service_3] [PAPER-KV-V6] fetch meta-llama/Llama-3.1-8B -> None requests
[2026-08-22 13:20:57.549 Model_Service_1] [PAPER-KV-V6] fetch Qwen/Qwen2.5-3B-Instruct -> None requests
[2026-08-22 13:20:57.558 Model_Service_3] [PAPER-KV-V6] fetch meta-llama/Llama-3.1-8B -> None requests
[2026-08-22 13:20:57.560 Model_Service_1] [PAPER-KV-V6] fetch Qwen/Qwen2.5-3B-Instruct -> None requests
[2026-08-22 13:20:57.569 Model_Service_3] [PAPER-KV-V6] fetch meta-llama/Llama-3.1-8B -> None requests
[2026-08-22 13:20:57.571 Model_Service_1] [PAPER-KV-V6] fetch Qwen/Qwen2.5-3B-Instruct -> None requests
[2026-08-22 13:20:57.580 Model_Service_3] [PAPER-KV-V6] fetch meta-llama/Llama-3.1-8B -> None requests
[2026-08-22 13:20:57.581 Model_Service_1] [PAPER-KV-V6] fetch Qwen/Qwen2.5-3B-Instruct -> None requests
[2026-08-22 13:20:57.590 Model_Service_3] [PAPER-KV-V6] fetch meta-llama/Llama-3.1-8B -> None requests
[2026-08-22 13:20:57.592 Model_Service_1] [PAPER-KV-V6] fetch Qwen/Qwen2.5-3B-Instruct -> None requests
[2026-08-22 13:20:57.601 Model_Service_3] [PAPER-KV-V6] fetch meta-llama/Llama-3.1-8B -> None requests
[2026-08-22 13:20:57.602 Model_Service_1] [PAPER-KV-V6] fetch Qwen/Qwen2.5-3B-Instruct -> None requests
[2026-08-22 13:20:57.612 Model_Service_3] [PAPER-KV-V6] fetch meta-llama/Llama-3.1-8B -> None requests
[2026-08-22 13:20:57.613 Model_Service_1] [PAPER-KV-V6] fetch Qwen/Qwen2.5-3B-Instruct -> None requests
[2026-08-22 13:20:57.623 Model_Service_3] [PAPER-KV-V6] fetch meta-llama/Llama-3.1-8B -> None requests
[2026-08-22 13:20:57.623 Model_Service_1] [PAPER-KV-V6] fetch Qwen/Qwen2.5-3B-Instruct -> None requests
[2026-08-22 13:20:57.633 Model_Service_3] [PAPER-KV-V6] fetch meta-llama/Llama-3.1-8B -> None requests
[2026-08-22 13:20:57.634 Model_Service_1] [PAPER-KV-V6] fetch Qwen/Qwen2.5-3B-Instruct -> None requests
[2026-08-22 13:20:57.644 Model_Service_3] [PAPER-KV-V6] fetch meta-llama/Llama-3.1-8B -> None requests
[2026-08-22 13:20:57.645 Model_Service_1] [PAPER-KV-V6] fetch Qwen/Qwen2.5-3B-Instruct -> None requests
[2026-08-22 13:20:57.654 Model_Service_3] [PAPER-KV-V6] fetch meta-llama/Llama-3.1-8B -> None requests
[2026-08-22 13:20:57.655 Model_Service_1] [PAPER-KV-V6] fetch Qwen/Qwen2.5-3B-Instruct -> None requests
[2026-08-22 13:20:57.665 Model_Service_3] [PAPER-KV-V6] fetch meta-llama/Llama-3.1-8B -> None requests
[2026-08-22 13:20:57.666 Model_Service_1] [PAPER-KV-V6] fetch Qwen/Qwen2.5-3B-Instruct -> None requests
[2026-08-22 13:20:57.676 Model_Service_3] [PAPER-KV-V6] fetch meta-llama/Llama-3.1-8B -> None requests
[2026-08-22 13:20:57.676 Model_Service_1] [PAPER-KV-V6] fetch Qwen/Qwen2.5-3B-Instruct -> None requests
[2026-08-22 13:20:57.686 Model_Service_3] [PAPER-KV-V6] fetch meta-llama/Llama-3.1-8B -> None requests
[2026-08-22 13:20:57.687 Model_Service_1] [PAPER-KV-V6] fetch Qwen/Qwen2.5-3B-Instruct -> None requests
[2026-08-22 13:20:57.697 Model_Service_3] [PAPER-KV-V6] fetch meta-llama/Llama-3.1-8B -> None requests
[2026-08-22 13:20:57.697 Model_Service_1] [PAPER-KV-V6] fetch Qwen/Qwen2.5-3B-Instruct -> None requests
[2026-08-22 13:20:57.708 Model_Service_3] [PAPER-KV-V6] fetch meta-llama/Llama-3.1-8B -> None requests
[2026-08-22 13:20:57.708 Model_Service_1] [PAPER-KV-V6] fetch Qwen/Qwen2.5-3B-Instruct -> None requests
[2026-08-22 13:20:57.718 Model_Service_3] [PAPER-KV-V6] fetch meta-llama/Llama-3.1-8B -> None requests
[2026-08-22 13:20:57.718 Model_Service_1] [PAPER-KV-V6] fetch Qwen/Qwen2.5-3B-Instruct -> None requests
[2026-08-22 13:20:57.729 Model_Service_3] [PAPER-KV-V6] fetch meta-llama/Llama-3.1-8B -> None requests
[2026-08-22 13:20:57.729 Model_Service_1] [PAPER-KV-V6] fetch Qwen/Qwen2.5-3B-Instruct -> None requests
[2026-08-22 13:20:57.739 Model_Service_3] [PAPER-KV-V6] fetch meta-llama/Llama-3.1-8B -> None requests
[2026-08-22 13:20:57.740 Model_Service_1] [PAPER-KV-V6] fetch Qwen/Qwen2.5-3B-Instruct -> None requests
[2026-08-22 13:20:57.750 Model_Service_3] [PAPER-KV-V6] fetch meta-llama/Llama-3.1-8B -> None requests
[2026-08-22 13:20:57.750 Model_Service_1] [PAPER-KV-V6] fetch Qwen/Qwen2.5-3B-Instruct -> None requests
[2026-08-22 13:20:57.761 Model_Service_3] [PAPER-KV-V6] fetch meta-llama/Llama-3.1-8B -> None requests
[2026-08-22 13:20:57.761 Model_Service_1] [PAPER-KV-V6] fetch Qwen/Qwen2.5-3B-Instruct -> None requests
[2026-08-22 13:20:57.771 Model_Service_3] [PAPER-KV-V6] fetch meta-llama/Llama-3.1-8B -> None requests
[2026-08-22 13:20:57.771 Model_Service_1] [PAPER-KV-V6] fetch Qwen/Qwen2.5-3B-Instruct -> None requests
[2026-08-22 13:20:57.782 Model_Service_3] [PAPER-KV-V6] fetch meta-llama/Llama-3.1-8B -> None requests
[2026-08-22 13:20:57.782 Model_Service_1] [PAPER-KV-V6] fetch Qwen/Qwen2.5-3B-Instruct -> None requests
[2026-08-22 13:20:57.793 Model_Service_1] [PAPER-KV-V6] fetch Qwen/Qwen2.5-3B-Instruct -> None requests
[2026-08-22 13:20:57.793 Model_Service_3] [PAPER-KV-V6] fetch meta-llama/Llama-3.1-8B -> None requests
[2026-08-22 13:20:57.803 Model_Service_1] [PAPER-KV-V6] fetch Qwen/Qwen2.5-3B-Instruct -> None requests
[2026-08-22 13:20:57.803 Model_Service_3] [PAPER-KV-V6] fetch meta-llama/Llama-3.1-8B -> None requests
[2026-08-22 13:20:57.814 Model_Service_1] [PAPER-KV-V6] fetch Qwen/Qwen2.5-3B-Instruct -> None requests
[2026-08-22 13:20:57.814 Model_Service_3] [PAPER-KV-V6] fetch meta-llama/Llama-3.1-8B -> None requests
[2026-08-22 13:20:57.824 Model_Service_1] [PAPER-KV-V6] fetch Qwen/Qwen2.5-3B-Instruct -> None requests
[2026-08-22 13:20:57.825 Model_Service_3] [PAPER-KV-V6] fetch meta-llama/Llama-3.1-8B -> None requests
[2026-08-22 13:20:57.835 Model_Service_1] [PAPER-KV-V6] fetch Qwen/Qwen2.5-3B-Instruct -> None requests
[2026-08-22 13:20:57.835 Model_Service_3] [PAPER-KV-V6] fetch meta-llama/Llama-3.1-8B -> None requests
[2026-08-22 13:20:57.846 Model_Service_1] [PAPER-KV-V6] fetch Qwen/Qwen2.5-3B-Instruct -> None requests
[2026-08-22 13:20:57.846 Model_Service_3] [PAPER-KV-V6] fetch meta-llama/Llama-3.1-8B -> None requests
[2026-08-22 13:20:57.857 Model_Service_1] [PAPER-KV-V6] fetch Qwen/Qwen2.5-3B-Instruct -> None requests
[2026-08-22 13:20:57.857 Model_Service_3] [PAPER-KV-V6] fetch meta-llama/Llama-3.1-8B -> None requests
[2026-08-22 13:20:57.867 Model_Service_1] [PAPER-KV-V6] fetch Qwen/Qwen2.5-3B-Instruct -> None requests
[2026-08-22 13:20:57.867 Model_Service_3] [PAPER-KV-V6] fetch meta-llama/Llama-3.1-8B -> None requests
[2026-08-22 13:20:57.878 Model_Service_1] [PAPER-KV-V6] fetch Qwen/Qwen2.5-3B-Instruct -> None requests
[2026-08-22 13:20:57.878 Model_Service_3] [PAPER-KV-V6] fetch meta-llama/Llama-3.1-8B -> None requests
[2026-08-22 13:20:57.888 Model_Service_1] [PAPER-KV-V6] fetch Qwen/Qwen2.5-3B-Instruct -> None requests
[2026-08-22 13:20:57.889 Model_Service_3] [PAPER-KV-V6] fetch meta-llama/Llama-3.1-8B -> None requests
[2026-08-22 13:20:57.899 Model_Service_1] [PAPER-KV-V6] fetch Qwen/Qwen2.5-3B-Instruct -> None requests
[2026-08-22 13:20:57.899 Model_Service_3] [PAPER-KV-V6] fetch meta-llama/Llama-3.1-8B -> None requests
[2026-08-22 13:20:57.909 Model_Service_1] [PAPER-KV-V6] fetch Qwen/Qwen2.5-3B-Instruct -> None requests
[2026-08-22 13:20:57.909 Model_Service_3] [PAPER-KV-V6] fetch meta-llama/Llama-3.1-8B -> None requests
[2026-08-22 13:20:57.920 Model_Service_1] [PAPER-KV-V6] fetch Qwen/Qwen2.5-3B-Instruct -> None requests
[2026-08-22 13:20:57.920 Model_Service_3] [PAPER-KV-V6] fetch meta-llama/Llama-3.1-8B -> None requests
[2026-08-22 13:20:57.931 Model_Service_3] [PAPER-KV-V6] fetch meta-llama/Llama-3.1-8B -> None requests
[2026-08-22 13:20:57.931 Model_Service_1] [PAPER-KV-V6] fetch Qwen/Qwen2.5-3B-Instruct -> None requests
[2026-08-22 13:20:57.941 Model_Service_3] [PAPER-KV-V6] fetch meta-llama/Llama-3.1-8B -> None requests
[2026-08-22 13:20:57.941 Model_Service_1] [PAPER-KV-V6] fetch Qwen/Qwen2.5-3B-Instruct -> None requests
[2026-08-22 13:20:57.952 Model_Service_3] [PAPER-KV-V6] fetch meta-llama/Llama-3.1-8B -> None requests
[2026-08-22 13:20:57.962 Model_Service_3] [PAPER-KV-V6] fetch meta-llama/Llama-3.1-8B -> None requests
[2026-08-22 13:20:57.973 Model_Service_3] [PAPER-KV-V6] fetch meta-llama/Llama-3.1-8B -> None requests
[2026-08-22 13:20:57.983 Model_Service_3] [PAPER-KV-V6] fetch meta-llama/Llama-3.1-8B -> None requests
[2026-08-22 13:20:57.994 Model_Service_3] [PAPER-KV-V6] fetch meta-llama/Llama-3.1-8B -> None requests
[2026-08-22 13:20:58.005 Model_Service_3] [PAPER-KV-V6] fetch meta-llama/Llama-3.1-8B -> None requests
[2026-08-22 13:20:58.015 Model_Service_3] [PAPER-KV-V6] fetch meta-llama/Llama-3.1-8B -> None requests
[2026-08-22 13:20:58.026 Model_Service_3] [PAPER-KV-V6] fetch meta-llama/Llama-3.1-8B -> None requests
[2026-08-22 13:20:58.036 Model_Service_3] [PAPER-KV-V6] fetch meta-llama/Llama-3.1-8B -> None requests
[2026-08-22 13:20:58.047 Model_Service_3] [PAPER-KV-V6] fetch meta-llama/Llama-3.1-8B -> None requests
[2026-08-22 13:20:58.058 Model_Service_3] [PAPER-KV-V6] fetch meta-llama/Llama-3.1-8B -> None requests
[2026-08-22 13:20:58.074 Model_Service_3] [PAPER-KV-V6] fetch meta-llama/Llama-3.1-8B -> None requests
[2026-08-22 13:20:58.084 Model_Service_3] [PAPER-KV-V6] fetch meta-llama/Llama-3.1-8B -> None requests
[2026-08-22 13:20:58.095 Model_Service_3] [PAPER-KV-V6] fetch meta-llama/Llama-3.1-8B -> None requests
[2026-08-22 13:20:58.106 Model_Service_3] [PAPER-KV-V6] fetch meta-llama/Llama-3.1-8B -> None requests
[2026-08-22 13:20:58.116 Model_Service_3] [PAPER-KV-V6] fetch meta-llama/Llama-3.1-8B -> None requests
[2026-08-22 13:20:58.127 Model_Service_3] [PAPER-KV-V6] fetch meta-llama/Llama-3.1-8B -> None requests
[2026-08-22 13:20:58.137 Model_Service_3] [PAPER-KV-V6] fetch meta-llama/Llama-3.1-8B -> None requests
[2026-08-22 13:20:58.148 Model_Service_3] [PAPER-KV-V6] fetch meta-llama/Llama-3.1-8B -> None requests
[2026-08-22 13:20:58.159 Model_Service_3] [PAPER-KV-V6] fetch meta-llama/Llama-3.1-8B -> None requests
[2026-08-22 13:20:58.169 Model_Service_3] [PAPER-KV-V6] fetch meta-llama/Llama-3.1-8B -> None requests
[2026-08-22 13:20:58.180 Model_Service_3] [PAPER-KV-V6] fetch meta-llama/Llama-3.1-8B -> None requests
[2026-08-22 13:20:58.191 Model_Service_3] [PAPER-KV-V6] fetch meta-llama/Llama-3.1-8B -> None requests
[2026-08-22 13:20:58.202 Model_Service_3] [PAPER-KV-V6] fetch meta-llama/Llama-3.1-8B -> None requests
[2026-08-22 13:20:58.212 Model_Service_3] [PAPER-KV-V6] fetch meta-llama/Llama-3.1-8B -> None requests
[2026-08-22 13:20:58.223 Model_Service_3] [PAPER-KV-V6] fetch meta-llama/Llama-3.1-8B -> None requests
[2026-08-22 13:20:58.234 Model_Service_3] [PAPER-KV-V6] fetch meta-llama/Llama-3.1-8B -> None requests
[2026-08-22 13:20:58.245 Model_Service_3] [PAPER-KV-V6] fetch meta-llama/Llama-3.1-8B -> None requests
[2026-08-22 13:20:58.256 Model_Service_3] [PAPER-KV-V6] fetch meta-llama/Llama-3.1-8B -> None requests
[2026-08-22 13:20:58.267 Model_Service_3] [PAPER-KV-V6] fetch meta-llama/Llama-3.1-8B -> None requests
[2026-08-22 13:20:58.278 Model_Service_3] [PAPER-KV-V6] fetch meta-llama/Llama-3.1-8B -> None requests
[2026-08-22 13:20:58.289 Model_Service_3] [PAPER-KV-V6] fetch meta-llama/Llama-3.1-8B -> None requests
[2026-08-22 13:20:58.299 Model_Service_3] [PAPER-KV-V6] fetch meta-llama/Llama-3.1-8B -> None requests
[2026-08-22 13:20:58.310 Model_Service_3] [PAPER-KV-V6] fetch meta-llama/Llama-3.1-8B -> None requests
[2026-08-22 13:20:58.321 Model_Service_3] [PAPER-KV-V6] fetch meta-llama/Llama-3.1-8B -> None requests
[2026-08-22 13:20:58.331 Model_Service_3] [PAPER-KV-V6] fetch meta-llama/Llama-3.1-8B -> None requests
[2026-08-22 13:20:58.342 Model_Service_3] [PAPER-KV-V6] fetch meta-llama/Llama-3.1-8B -> None requests
[2026-08-22 13:20:58.352 Model_Service_3] [PAPER-KV-V6] fetch meta-llama/Llama-3.1-8B -> None requests
[2026-08-22 13:20:58.363 Model_Service_3] [PAPER-KV-V6] fetch meta-llama/Llama-3.1-8B -> None requests
[2026-08-22 13:20:58.373 Model_Service_3] [PAPER-KV-V6] fetch meta-llama/Llama-3.1-8B -> None requests
[2026-08-22 13:20:58.384 Model_Service_3] [PAPER-KV-V6] fetch meta-llama/Llama-3.1-8B -> None requests
[2026-08-22 13:20:58.394 Model_Service_3] [PAPER-KV-V6] fetch meta-llama/Llama-3.1-8B -> None requests
[2026-08-22 13:20:58.405 Model_Service_3] [PAPER-KV-V6] fetch meta-llama/Llama-3.1-8B -> None requests
[2026-08-22 13:20:58.415 Model_Service_3] [PAPER-KV-V6] fetch meta-llama/Llama-3.1-8B -> None requests
[2026-08-22 13:20:58.425 Model_Service_3] [PAPER-KV-V6] fetch meta-llama/Llama-3.1-8B -> None requests
[2026-08-22 13:20:58.436 Model_Service_3] [PAPER-KV-V6] fetch meta-llama/Llama-3.1-8B -> None requests
[2026-08-22 13:20:58.446 Model_Service_3] [PAPER-KV-V6] fetch meta-llama/Llama-3.1-8B -> None requests
[2026-08-22 13:20:58.456 Model_Service_3] [PAPER-KV-V6] fetch meta-llama/Llama-3.1-8B -> None requests
[2026-08-22 13:20:58.467 Model_Service_3] [PAPER-KV-V6] fetch meta-llama/Llama-3.1-8B -> None requests
[2026-08-22 13:20:58.477 Model_Service_3] [PAPER-KV-V6] fetch meta-llama/Llama-3.1-8B -> None requests
[2026-08-22 13:20:58.487 Model_Service_3] [PAPER-KV-V6] fetch meta-llama/Llama-3.1-8B -> None requests
[2026-08-22 13:20:58.498 Model_Service_3] [PAPER-KV-V6] fetch meta-llama/Llama-3.1-8B -> None requests
[2026-08-22 13:20:58.508 Model_Service_3] [PAPER-KV-V6] fetch meta-llama/Llama-3.1-8B -> None requests
[2026-08-22 13:20:58.518 Model_Service_3] [PAPER-KV-V6] fetch meta-llama/Llama-3.1-8B -> None requests
[2026-08-22 13:20:58.529 Model_Service_3] [PAPER-KV-V6] fetch meta-llama/Llama-3.1-8B -> None requests
[2026-08-22 13:20:58.539 Model_Service_3] [PAPER-KV-V6] fetch meta-llama/Llama-3.1-8B -> None requests
[2026-08-22 13:20:58.549 Model_Service_3] [PAPER-KV-V6] fetch meta-llama/Llama-3.1-8B -> None requests
[2026-08-22 13:20:58.560 Model_Service_3] [PAPER-KV-V6] fetch meta-llama/Llama-3.1-8B -> None requests
[2026-08-22 13:20:58.570 Model_Service_3] [PAPER-KV-V6] fetch meta-llama/Llama-3.1-8B -> None requests
[2026-08-22 13:20:58.581 Model_Service_3] [PAPER-KV-V6] fetch meta-llama/Llama-3.1-8B -> None requests
[2026-08-22 13:20:58.591 Model_Service_3] [PAPER-KV-V6] fetch meta-llama/Llama-3.1-8B -> None requests
[2026-08-22 13:20:58.602 Model_Service_3] [PAPER-KV-V6] fetch meta-llama/Llama-3.1-8B -> None requests
[2026-08-22 13:20:58.612 Model_Service_3] [PAPER-KV-V6] fetch meta-llama/Llama-3.1-8B -> None requests
[2026-08-22 13:20:58.622 Model_Service_3] [PAPER-KV-V6] fetch meta-llama/Llama-3.1-8B -> None requests
[2026-08-22 13:20:58.633 Model_Service_3] [PAPER-KV-V6] fetch meta-llama/Llama-3.1-8B -> None requests
[2026-08-22 13:20:58.643 Model_Service_3] [PAPER-KV-V6] fetch meta-llama/Llama-3.1-8B -> None requests
[2026-08-22 13:20:58.653 Model_Service_3] [PAPER-KV-V6] fetch meta-llama/Llama-3.1-8B -> None requests
[2026-08-22 13:20:58.664 Model_Service_3] [PAPER-KV-V6] fetch meta-llama/Llama-3.1-8B -> None requests
[2026-08-22 13:20:58.674 Model_Service_3] [PAPER-KV-V6] fetch meta-llama/Llama-3.1-8B -> None requests
[2026-08-22 13:20:58.685 Model_Service_3] [PAPER-KV-V6] fetch meta-llama/Llama-3.1-8B -> None requests
[2026-08-22 13:20:58.695 Model_Service_3] [PAPER-KV-V6] fetch meta-llama/Llama-3.1-8B -> None requests
[2026-08-22 13:20:58.705 Model_Service_3] [PAPER-KV-V6] fetch meta-llama/Llama-3.1-8B -> None requests
[2026-08-22 13:20:58.716 Model_Service_3] [PAPER-KV-V6] fetch meta-llama/Llama-3.1-8B -> None requests
[2026-08-22 13:20:58.726 Model_Service_3] [PAPER-KV-V6] fetch meta-llama/Llama-3.1-8B -> None requests
[2026-08-22 13:20:58.736 Model_Service_3] [PAPER-KV-V6] fetch meta-llama/Llama-3.1-8B -> None requests
[2026-08-22 13:20:58.747 Model_Service_3] [PAPER-KV-V6] fetch meta-llama/Llama-3.1-8B -> None requests
[2026-08-22 13:20:58.757 Model_Service_3] [PAPER-KV-V6] fetch meta-llama/Llama-3.1-8B -> None requests
[2026-08-22 13:20:58.768 Model_Service_3] [PAPER-KV-V6] fetch meta-llama/Llama-3.1-8B -> None requests
[2026-08-22 13:20:58.778 Model_Service_3] [PAPER-KV-V6] fetch meta-llama/Llama-3.1-8B -> None requests
[2026-08-22 13:20:58.789 Model_Service_3] [PAPER-KV-V6] fetch meta-llama/Llama-3.1-8B -> None requests
[2026-08-22 13:20:58.799 Model_Service_3] [PAPER-KV-V6] fetch meta-llama/Llama-3.1-8B -> None requests
[2026-08-22 13:20:58.809 Model_Service_3] [PAPER-KV-V6] fetch meta-llama/Llama-3.1-8B -> None requests
[2026-08-22 13:20:58.820 Model_Service_3] [PAPER-KV-V6] fetch meta-llama/Llama-3.1-8B -> None requests
[2026-08-22 13:20:58.830 Model_Service_3] [PAPER-KV-V6] fetch meta-llama/Llama-3.1-8B -> None requests
[2026-08-22 13:20:58.840 Model_Service_3] [PAPER-KV-V6] fetch meta-llama/Llama-3.1-8B -> None requests
[2026-08-22 13:20:58.851 Model_Service_3] [PAPER-KV-V6] fetch meta-llama/Llama-3.1-8B -> None requests
[2026-08-22 13:20:58.861 Model_Service_3] [PAPER-KV-V6] fetch meta-llama/Llama-3.1-8B -> None requests
[2026-08-22 13:20:58.871 Model_Service_3] [PAPER-KV-V6] fetch meta-llama/Llama-3.1-8B -> None requests
[2026-08-22 13:20:58.882 Model_Service_3] [PAPER-KV-V6] fetch meta-llama/Llama-3.1-8B -> None requests
[2026-08-22 13:20:58.892 Model_Service_3] [PAPER-KV-V6] fetch meta-llama/Llama-3.1-8B -> None requests
[2026-08-22 13:20:58.902 Model_Service_3] [PAPER-KV-V6] fetch meta-llama/Llama-3.1-8B -> None requests
[2026-08-22 13:20:58.913 Model_Service_3] [PAPER-KV-V6] fetch meta-llama/Llama-3.1-8B -> None requests
[2026-08-22 13:21:00.526 Model_Service_5] Model service 5 input queue is empty, waiting for next request
[2026-08-22 13:21:00.702 Model_Service_0] Model service 0 input queue is empty, waiting for next request
[2026-08-22 13:21:00.858 Model_Service_2] Model service 2 input queue is empty, waiting for next request
[2026-08-22 13:21:01.450 Model_Service_4] Model service 4 input queue is empty, waiting for next request
[2026-08-22 13:21:02.946 Model_Service_1] Model service 1 input queue is empty, waiting for next request
[2026-08-22 13:21:03.918 Model_Service_3] Model service 3 input queue is empty, waiting for next request
[2026-08-22 13:21:05.846 Model_Service_5] Model service 5 input queue is empty, waiting for next request
[2026-08-22 13:21:05.957 Model_Service_0] Model service 0 input queue is empty, waiting for next request
[2026-08-22 13:21:06.098 Model_Service_2] Model service 2 input queue is empty, waiting for next request
[2026-08-22 13:21:06.751 Model_Service_4] Model service 4 input queue is empty, waiting for next request
[2026-08-22 13:21:08.191 Model_Service_1] Model service 1 input queue is empty, waiting for next request
[2026-08-22 13:21:09.230 Model_Service_3] Model service 3 input queue is empty, waiting for next request
[2026-08-22 13:21:09.274 Model_Service_5] Model key: meta-llama/Llama-3.2-3B, engine id: 1_1, target gpu id: 1
[2026-08-22 13:21:09.284 Model_Service_0] Model key: Qwen/Qwen2.5-1.5B-Instruct, engine id: 1_0, target gpu id: 1
[2026-08-22 13:21:09.348 Model_Service_2] Model key: Qwen/Qwen2.5-7B-Instruct, engine id: 1_2, target gpu id: 1
[2026-08-22 13:21:10.184 Model_Service_0] [PAPER-LOAD-V4] {"tag": "Qwen/Qwen2.5-1.5B-Instruct|engine=1_0|src=None", "start_time": 1787404869.2893455, "end_time": 1787404870.1845517, "policy": "paper", "split": 2, "pipeline_depth": null, "target_gpu": 1, "gpu_ids": [0, 1], "source": "cpu", "host_registered": true, "slices": 398, "payload_bytes": 3554176000, "bytes_h2d_direct": 1777088000, "bytes_h2d_helper": 1777088000, "bytes_p2p": 1777088000, "seconds": 0.8952046390622854, "payload_gbps": 3.9702385855852476, "transfer_path": "host-to-device + helper-gpu-p2p"}
[2026-08-22 13:21:10.187 Model_Service_0] Time taken to copy model to GPU 1, service 0, engine 1_0, model Qwen/Qwen2.5-1.5B-Instruct: 0.9026 seconds
[2026-08-22 13:21:10.524 Model_Service_5] [PAPER-LOAD-V4] {"tag": "meta-llama/Llama-3.2-3B|engine=1_1|src=None", "start_time": 1787404869.2773159, "end_time": 1787404870.524238, "policy": "paper", "split": 2, "pipeline_depth": null, "target_gpu": 1, "gpu_ids": [0, 1], "source": "cpu", "host_registered": true, "slices": 342, "payload_bytes": 7213504512, "bytes_h2d_direct": 3606752256, "bytes_h2d_helper": 3606752256, "bytes_p2p": 3606752256, "seconds": 1.2469205828383565, "payload_gbps": 5.785055288428996, "transfer_path": "host-to-device + helper-gpu-p2p"}
[2026-08-22 13:21:10.526 Model_Service_5] Time taken to copy model to GPU 1, service 5, engine 1_1, model meta-llama/Llama-3.2-3B: 1.2519 seconds
[2026-08-22 13:21:10.609 Model_Service_0] [PAPER-KV-V6] fetch Qwen/Qwen2.5-1.5B-Instruct -> None requests
[2026-08-22 13:21:10.620 Model_Service_0] [PAPER-KV-V6] fetch Qwen/Qwen2.5-1.5B-Instruct -> None requests
[2026-08-22 13:21:10.630 Model_Service_0] [PAPER-KV-V6] fetch Qwen/Qwen2.5-1.5B-Instruct -> None requests
[2026-08-22 13:21:10.640 Model_Service_0] [PAPER-KV-V6] fetch Qwen/Qwen2.5-1.5B-Instruct -> None requests
[2026-08-22 13:21:10.651 Model_Service_0] [PAPER-KV-V6] fetch Qwen/Qwen2.5-1.5B-Instruct -> None requests
[2026-08-22 13:21:10.661 Model_Service_0] [PAPER-KV-V6] fetch Qwen/Qwen2.5-1.5B-Instruct -> None requests
[2026-08-22 13:21:10.671 Model_Service_0] [PAPER-KV-V6] fetch Qwen/Qwen2.5-1.5B-Instruct -> None requests
[2026-08-22 13:21:10.682 Model_Service_0] [PAPER-KV-V6] fetch Qwen/Qwen2.5-1.5B-Instruct -> None requests
[2026-08-22 13:21:10.692 Model_Service_0] [PAPER-KV-V6] fetch Qwen/Qwen2.5-1.5B-Instruct -> None requests
[2026-08-22 13:21:10.702 Model_Service_0] [PAPER-KV-V6] fetch Qwen/Qwen2.5-1.5B-Instruct -> None requests
[2026-08-22 13:21:10.713 Model_Service_0] [PAPER-KV-V6] fetch Qwen/Qwen2.5-1.5B-Instruct -> None requests
[2026-08-22 13:21:10.723 Model_Service_0] [PAPER-KV-V6] fetch Qwen/Qwen2.5-1.5B-Instruct -> None requests
[2026-08-22 13:21:10.733 Model_Service_0] [PAPER-KV-V6] fetch Qwen/Qwen2.5-1.5B-Instruct -> None requests
[2026-08-22 13:21:10.743 Model_Service_0] [PAPER-KV-V6] fetch Qwen/Qwen2.5-1.5B-Instruct -> None requests
[2026-08-22 13:21:10.754 Model_Service_0] [PAPER-KV-V6] fetch Qwen/Qwen2.5-1.5B-Instruct -> None requests
[2026-08-22 13:21:10.765 Model_Service_0] [PAPER-KV-V6] fetch Qwen/Qwen2.5-1.5B-Instruct -> None requests
[2026-08-22 13:21:10.775 Model_Service_0] [PAPER-KV-V6] fetch Qwen/Qwen2.5-1.5B-Instruct -> None requests
[2026-08-22 13:21:10.785 Model_Service_0] [PAPER-KV-V6] fetch Qwen/Qwen2.5-1.5B-Instruct -> None requests
[2026-08-22 13:21:10.796 Model_Service_0] [PAPER-KV-V6] fetch Qwen/Qwen2.5-1.5B-Instruct -> None requests
[2026-08-22 13:21:10.806 Model_Service_0] [PAPER-KV-V6] fetch Qwen/Qwen2.5-1.5B-Instruct -> None requests
[2026-08-22 13:21:10.817 Model_Service_0] [PAPER-KV-V6] fetch Qwen/Qwen2.5-1.5B-Instruct -> None requests
[2026-08-22 13:21:10.827 Model_Service_0] [PAPER-KV-V6] fetch Qwen/Qwen2.5-1.5B-Instruct -> None requests
[2026-08-22 13:21:10.838 Model_Service_0] [PAPER-KV-V6] fetch Qwen/Qwen2.5-1.5B-Instruct -> None requests
[2026-08-22 13:21:10.848 Model_Service_0] [PAPER-KV-V6] fetch Qwen/Qwen2.5-1.5B-Instruct -> None requests
[2026-08-22 13:21:10.858 Model_Service_0] [PAPER-KV-V6] fetch Qwen/Qwen2.5-1.5B-Instruct -> None requests
[2026-08-22 13:21:10.869 Model_Service_0] [PAPER-KV-V6] fetch Qwen/Qwen2.5-1.5B-Instruct -> None requests
[2026-08-22 13:21:10.879 Model_Service_0] [PAPER-KV-V6] fetch Qwen/Qwen2.5-1.5B-Instruct -> None requests
[2026-08-22 13:21:10.889 Model_Service_0] [PAPER-KV-V6] fetch Qwen/Qwen2.5-1.5B-Instruct -> None requests
[2026-08-22 13:21:10.899 Model_Service_0] [PAPER-KV-V6] fetch Qwen/Qwen2.5-1.5B-Instruct -> None requests
[2026-08-22 13:21:10.910 Model_Service_0] [PAPER-KV-V6] fetch Qwen/Qwen2.5-1.5B-Instruct -> None requests
[2026-08-22 13:21:10.920 Model_Service_0] [PAPER-KV-V6] fetch Qwen/Qwen2.5-1.5B-Instruct -> None requests
[2026-08-22 13:21:10.930 Model_Service_0] [PAPER-KV-V6] fetch Qwen/Qwen2.5-1.5B-Instruct -> None requests
[2026-08-22 13:21:10.941 Model_Service_0] [PAPER-KV-V6] fetch Qwen/Qwen2.5-1.5B-Instruct -> None requests
[2026-08-22 13:21:10.951 Model_Service_0] [PAPER-KV-V6] fetch Qwen/Qwen2.5-1.5B-Instruct -> None requests
[2026-08-22 13:21:10.961 Model_Service_0] [PAPER-KV-V6] fetch Qwen/Qwen2.5-1.5B-Instruct -> None requests
[2026-08-22 13:21:10.972 Model_Service_0] [PAPER-KV-V6] fetch Qwen/Qwen2.5-1.5B-Instruct -> None requests
[2026-08-22 13:21:10.982 Model_Service_0] [PAPER-KV-V6] fetch Qwen/Qwen2.5-1.5B-Instruct -> None requests
[2026-08-22 13:21:10.993 Model_Service_0] [PAPER-KV-V6] fetch Qwen/Qwen2.5-1.5B-Instruct -> None requests
[2026-08-22 13:21:11.003 Model_Service_0] [PAPER-KV-V6] fetch Qwen/Qwen2.5-1.5B-Instruct -> None requests
[2026-08-22 13:21:11.013 Model_Service_0] [PAPER-KV-V6] fetch Qwen/Qwen2.5-1.5B-Instruct -> None requests
[2026-08-22 13:21:11.024 Model_Service_0] [PAPER-KV-V6] fetch Qwen/Qwen2.5-1.5B-Instruct -> None requests
[2026-08-22 13:21:11.034 Model_Service_2] [PAPER-LOAD-V4] {"tag": "Qwen/Qwen2.5-7B-Instruct|engine=1_2|src=None", "start_time": 1787404869.3518968, "end_time": 1787404871.0345047, "policy": "paper", "split": 2, "pipeline_depth": null, "target_gpu": 1, "gpu_ids": [0, 1], "source": "cpu", "host_registered": true, "slices": 398, "payload_bytes": 15231233024, "bytes_h2d_direct": 7615616512, "bytes_h2d_helper": 7615616512, "bytes_p2p": 7615616512, "seconds": 1.6826061529573053, "payload_gbps": 9.052167672886478, "transfer_path": "host-to-device + helper-gpu-p2p"}
[2026-08-22 13:21:11.034 Model_Service_0] [PAPER-KV-V6] fetch Qwen/Qwen2.5-1.5B-Instruct -> None requests
[2026-08-22 13:21:11.038 Model_Service_2] Time taken to copy model to GPU 1, service 2, engine 1_2, model Qwen/Qwen2.5-7B-Instruct: 1.6894 seconds
[2026-08-22 13:21:11.045 Model_Service_0] [PAPER-KV-V6] fetch Qwen/Qwen2.5-1.5B-Instruct -> None requests
[2026-08-22 13:21:11.055 Model_Service_0] [PAPER-KV-V6] fetch Qwen/Qwen2.5-1.5B-Instruct -> None requests
[2026-08-22 13:21:11.066 Model_Service_0] [PAPER-KV-V6] fetch Qwen/Qwen2.5-1.5B-Instruct -> None requests
[2026-08-22 13:21:11.076 Model_Service_0] [PAPER-KV-V6] fetch Qwen/Qwen2.5-1.5B-Instruct -> None requests
[2026-08-22 13:21:11.087 Model_Service_0] [PAPER-KV-V6] fetch Qwen/Qwen2.5-1.5B-Instruct -> None requests
[2026-08-22 13:21:11.097 Model_Service_0] [PAPER-KV-V6] fetch Qwen/Qwen2.5-1.5B-Instruct -> None requests
[2026-08-22 13:21:11.108 Model_Service_0] [PAPER-KV-V6] fetch Qwen/Qwen2.5-1.5B-Instruct -> None requests
[2026-08-22 13:21:11.118 Model_Service_0] [PAPER-KV-V6] fetch Qwen/Qwen2.5-1.5B-Instruct -> None requests
[2026-08-22 13:21:11.129 Model_Service_0] [PAPER-KV-V6] fetch Qwen/Qwen2.5-1.5B-Instruct -> None requests
[2026-08-22 13:21:11.139 Model_Service_0] [PAPER-KV-V6] fetch Qwen/Qwen2.5-1.5B-Instruct -> None requests
[2026-08-22 13:21:11.150 Model_Service_0] [PAPER-KV-V6] fetch Qwen/Qwen2.5-1.5B-Instruct -> None requests
[2026-08-22 13:21:11.160 Model_Service_0] [PAPER-KV-V6] fetch Qwen/Qwen2.5-1.5B-Instruct -> None requests
[2026-08-22 13:21:11.170 Model_Service_0] [PAPER-KV-V6] fetch Qwen/Qwen2.5-1.5B-Instruct -> None requests
[2026-08-22 13:21:11.181 Model_Service_0] [PAPER-KV-V6] fetch Qwen/Qwen2.5-1.5B-Instruct -> None requests
[2026-08-22 13:21:11.191 Model_Service_0] [PAPER-KV-V6] fetch Qwen/Qwen2.5-1.5B-Instruct -> None requests
[2026-08-22 13:21:11.202 Model_Service_0] [PAPER-KV-V6] fetch Qwen/Qwen2.5-1.5B-Instruct -> None requests
[2026-08-22 13:21:11.212 Model_Service_0] [PAPER-KV-V6] fetch Qwen/Qwen2.5-1.5B-Instruct -> None requests
[2026-08-22 13:21:11.223 Model_Service_0] [PAPER-KV-V6] fetch Qwen/Qwen2.5-1.5B-Instruct -> None requests
[2026-08-22 13:21:11.233 Model_Service_0] [PAPER-KV-V6] fetch Qwen/Qwen2.5-1.5B-Instruct -> None requests
[2026-08-22 13:21:11.244 Model_Service_0] [PAPER-KV-V6] fetch Qwen/Qwen2.5-1.5B-Instruct -> None requests
[2026-08-22 13:21:11.254 Model_Service_0] [PAPER-KV-V6] fetch Qwen/Qwen2.5-1.5B-Instruct -> None requests
[2026-08-22 13:21:11.265 Model_Service_0] [PAPER-KV-V6] fetch Qwen/Qwen2.5-1.5B-Instruct -> None requests
[2026-08-22 13:21:11.275 Model_Service_0] [PAPER-KV-V6] fetch Qwen/Qwen2.5-1.5B-Instruct -> None requests
[2026-08-22 13:21:11.286 Model_Service_0] [PAPER-KV-V6] fetch Qwen/Qwen2.5-1.5B-Instruct -> None requests
[2026-08-22 13:21:11.296 Model_Service_0] [PAPER-KV-V6] fetch Qwen/Qwen2.5-1.5B-Instruct -> None requests
[2026-08-22 13:21:11.307 Model_Service_0] [PAPER-KV-V6] fetch Qwen/Qwen2.5-1.5B-Instruct -> None requests
[2026-08-22 13:21:11.317 Model_Service_0] [PAPER-KV-V6] fetch Qwen/Qwen2.5-1.5B-Instruct -> None requests
[2026-08-22 13:21:11.327 Model_Service_0] [PAPER-KV-V6] fetch Qwen/Qwen2.5-1.5B-Instruct -> None requests
[2026-08-22 13:21:11.338 Model_Service_0] [PAPER-KV-V6] fetch Qwen/Qwen2.5-1.5B-Instruct -> None requests
[2026-08-22 13:21:11.348 Model_Service_0] [PAPER-KV-V6] fetch Qwen/Qwen2.5-1.5B-Instruct -> None requests
[2026-08-22 13:21:11.358 Model_Service_0] [PAPER-KV-V6] fetch Qwen/Qwen2.5-1.5B-Instruct -> None requests
[2026-08-22 13:21:11.369 Model_Service_0] [PAPER-KV-V6] fetch Qwen/Qwen2.5-1.5B-Instruct -> None requests
[2026-08-22 13:21:11.379 Model_Service_0] [PAPER-KV-V6] fetch Qwen/Qwen2.5-1.5B-Instruct -> None requests
[2026-08-22 13:21:11.389 Model_Service_0] [PAPER-KV-V6] fetch Qwen/Qwen2.5-1.5B-Instruct -> None requests
[2026-08-22 13:21:11.399 Model_Service_0] [PAPER-KV-V6] fetch Qwen/Qwen2.5-1.5B-Instruct -> None requests
[2026-08-22 13:21:11.410 Model_Service_0] [PAPER-KV-V6] fetch Qwen/Qwen2.5-1.5B-Instruct -> None requests
[2026-08-22 13:21:11.420 Model_Service_0] [PAPER-KV-V6] fetch Qwen/Qwen2.5-1.5B-Instruct -> None requests
[2026-08-22 13:21:11.430 Model_Service_0] [PAPER-KV-V6] fetch Qwen/Qwen2.5-1.5B-Instruct -> None requests
[2026-08-22 13:21:11.441 Model_Service_0] [PAPER-KV-V6] fetch Qwen/Qwen2.5-1.5B-Instruct -> None requests
[2026-08-22 13:21:11.451 Model_Service_0] [PAPER-KV-V6] fetch Qwen/Qwen2.5-1.5B-Instruct -> None requests
[2026-08-22 13:21:11.461 Model_Service_0] [PAPER-KV-V6] fetch Qwen/Qwen2.5-1.5B-Instruct -> None requests
[2026-08-22 13:21:11.472 Model_Service_0] [PAPER-KV-V6] fetch Qwen/Qwen2.5-1.5B-Instruct -> None requests
[2026-08-22 13:21:11.482 Model_Service_0] [PAPER-KV-V6] fetch Qwen/Qwen2.5-1.5B-Instruct -> None requests
[2026-08-22 13:21:11.492 Model_Service_0] [PAPER-KV-V6] fetch Qwen/Qwen2.5-1.5B-Instruct -> None requests
[2026-08-22 13:21:11.502 Model_Service_0] [PAPER-KV-V6] fetch Qwen/Qwen2.5-1.5B-Instruct -> None requests
[2026-08-22 13:21:11.512 Model_Service_0] [PAPER-KV-V6] fetch Qwen/Qwen2.5-1.5B-Instruct -> None requests
[2026-08-22 13:21:11.523 Model_Service_0] [PAPER-KV-V6] fetch Qwen/Qwen2.5-1.5B-Instruct -> None requests
[2026-08-22 13:21:11.533 Model_Service_0] [PAPER-KV-V6] fetch Qwen/Qwen2.5-1.5B-Instruct -> None requests
[2026-08-22 13:21:11.543 Model_Service_0] [PAPER-KV-V6] fetch Qwen/Qwen2.5-1.5B-Instruct -> None requests
[2026-08-22 13:21:11.553 Model_Service_0] [PAPER-KV-V6] fetch Qwen/Qwen2.5-1.5B-Instruct -> None requests
[2026-08-22 13:21:11.563 Model_Service_0] [PAPER-KV-V6] fetch Qwen/Qwen2.5-1.5B-Instruct -> None requests
[2026-08-22 13:21:11.567 Model_Service_5] [PAPER-KV-V6] fetch meta-llama/Llama-3.2-3B -> None requests
[2026-08-22 13:21:11.574 Model_Service_0] [PAPER-KV-V6] fetch Qwen/Qwen2.5-1.5B-Instruct -> None requests
[2026-08-22 13:21:11.577 Model_Service_5] [PAPER-KV-V6] fetch meta-llama/Llama-3.2-3B -> None requests
[2026-08-22 13:21:11.583 Model_Service_2] [PAPER-KV-V6] fetch Qwen/Qwen2.5-7B-Instruct -> None requests
[2026-08-22 13:21:11.584 Model_Service_0] [PAPER-KV-V6] fetch Qwen/Qwen2.5-1.5B-Instruct -> None requests
[2026-08-22 13:21:11.588 Model_Service_5] [PAPER-KV-V6] fetch meta-llama/Llama-3.2-3B -> None requests
[2026-08-22 13:21:11.594 Model_Service_2] [PAPER-KV-V6] fetch Qwen/Qwen2.5-7B-Instruct -> None requests
[2026-08-22 13:21:11.594 Model_Service_0] [PAPER-KV-V6] fetch Qwen/Qwen2.5-1.5B-Instruct -> None requests
[2026-08-22 13:21:11.598 Model_Service_5] [PAPER-KV-V6] fetch meta-llama/Llama-3.2-3B -> None requests
[2026-08-22 13:21:11.604 Model_Service_0] [PAPER-KV-V6] fetch Qwen/Qwen2.5-1.5B-Instruct -> None requests
[2026-08-22 13:21:11.604 Model_Service_2] [PAPER-KV-V6] fetch Qwen/Qwen2.5-7B-Instruct -> None requests
[2026-08-22 13:21:11.609 Model_Service_5] [PAPER-KV-V6] fetch meta-llama/Llama-3.2-3B -> None requests
[2026-08-22 13:21:11.615 Model_Service_0] [PAPER-KV-V6] fetch Qwen/Qwen2.5-1.5B-Instruct -> None requests
[2026-08-22 13:21:11.615 Model_Service_2] [PAPER-KV-V6] fetch Qwen/Qwen2.5-7B-Instruct -> None requests
[2026-08-22 13:21:11.619 Model_Service_5] [PAPER-KV-V6] fetch meta-llama/Llama-3.2-3B -> None requests
[2026-08-22 13:21:11.625 Model_Service_0] [PAPER-KV-V6] fetch Qwen/Qwen2.5-1.5B-Instruct -> None requests
[2026-08-22 13:21:11.626 Model_Service_2] [PAPER-KV-V6] fetch Qwen/Qwen2.5-7B-Instruct -> None requests
[2026-08-22 13:21:11.630 Model_Service_5] [PAPER-KV-V6] fetch meta-llama/Llama-3.2-3B -> None requests
[2026-08-22 13:21:11.635 Model_Service_0] [PAPER-KV-V6] fetch Qwen/Qwen2.5-1.5B-Instruct -> None requests
[2026-08-22 13:21:11.636 Model_Service_2] [PAPER-KV-V6] fetch Qwen/Qwen2.5-7B-Instruct -> None requests
[2026-08-22 13:21:11.641 Model_Service_5] [PAPER-KV-V6] fetch meta-llama/Llama-3.2-3B -> None requests
[2026-08-22 13:21:11.645 Model_Service_0] [PAPER-KV-V6] fetch Qwen/Qwen2.5-1.5B-Instruct -> None requests
[2026-08-22 13:21:11.647 Model_Service_2] [PAPER-KV-V6] fetch Qwen/Qwen2.5-7B-Instruct -> None requests
[2026-08-22 13:21:11.651 Model_Service_5] [PAPER-KV-V6] fetch meta-llama/Llama-3.2-3B -> None requests
[2026-08-22 13:21:11.656 Model_Service_0] [PAPER-KV-V6] fetch Qwen/Qwen2.5-1.5B-Instruct -> None requests
[2026-08-22 13:21:11.657 Model_Service_2] [PAPER-KV-V6] fetch Qwen/Qwen2.5-7B-Instruct -> None requests
[2026-08-22 13:21:11.662 Model_Service_5] [PAPER-KV-V6] fetch meta-llama/Llama-3.2-3B -> None requests
[2026-08-22 13:21:11.666 Model_Service_0] [PAPER-KV-V6] fetch Qwen/Qwen2.5-1.5B-Instruct -> None requests
[2026-08-22 13:21:11.668 Model_Service_2] [PAPER-KV-V6] fetch Qwen/Qwen2.5-7B-Instruct -> None requests
[2026-08-22 13:21:11.673 Model_Service_5] [PAPER-KV-V6] fetch meta-llama/Llama-3.2-3B -> None requests
[2026-08-22 13:21:11.676 Model_Service_0] [PAPER-KV-V6] fetch Qwen/Qwen2.5-1.5B-Instruct -> None requests
[2026-08-22 13:21:11.679 Model_Service_2] [PAPER-KV-V6] fetch Qwen/Qwen2.5-7B-Instruct -> None requests
[2026-08-22 13:21:11.683 Model_Service_5] [PAPER-KV-V6] fetch meta-llama/Llama-3.2-3B -> None requests
[2026-08-22 13:21:11.686 Model_Service_0] [PAPER-KV-V6] fetch Qwen/Qwen2.5-1.5B-Instruct -> None requests
[2026-08-22 13:21:11.689 Model_Service_2] [PAPER-KV-V6] fetch Qwen/Qwen2.5-7B-Instruct -> None requests
[2026-08-22 13:21:11.694 Model_Service_5] [PAPER-KV-V6] fetch meta-llama/Llama-3.2-3B -> None requests
[2026-08-22 13:21:11.696 Model_Service_0] [PAPER-KV-V6] fetch Qwen/Qwen2.5-1.5B-Instruct -> None requests
[2026-08-22 13:21:11.700 Model_Service_2] [PAPER-KV-V6] fetch Qwen/Qwen2.5-7B-Instruct -> None requests
[2026-08-22 13:21:11.705 Model_Service_5] [PAPER-KV-V6] fetch meta-llama/Llama-3.2-3B -> None requests
[2026-08-22 13:21:11.707 Model_Service_0] [PAPER-KV-V6] fetch Qwen/Qwen2.5-1.5B-Instruct -> None requests
[2026-08-22 13:21:11.711 Model_Service_2] [PAPER-KV-V6] fetch Qwen/Qwen2.5-7B-Instruct -> None requests
[2026-08-22 13:21:11.715 Model_Service_5] [PAPER-KV-V6] fetch meta-llama/Llama-3.2-3B -> None requests
[2026-08-22 13:21:11.717 Model_Service_0] [PAPER-KV-V6] fetch Qwen/Qwen2.5-1.5B-Instruct -> None requests
[2026-08-22 13:21:11.721 Model_Service_2] [PAPER-KV-V6] fetch Qwen/Qwen2.5-7B-Instruct -> None requests
[2026-08-22 13:21:11.726 Model_Service_5] [PAPER-KV-V6] fetch meta-llama/Llama-3.2-3B -> None requests
[2026-08-22 13:21:11.727 Model_Service_0] [PAPER-KV-V6] fetch Qwen/Qwen2.5-1.5B-Instruct -> None requests
[2026-08-22 13:21:11.732 Model_Service_2] [PAPER-KV-V6] fetch Qwen/Qwen2.5-7B-Instruct -> None requests
[2026-08-22 13:21:11.737 Model_Service_5] [PAPER-KV-V6] fetch meta-llama/Llama-3.2-3B -> None requests
[2026-08-22 13:21:11.737 Model_Service_0] [PAPER-KV-V6] fetch Qwen/Qwen2.5-1.5B-Instruct -> None requests
[2026-08-22 13:21:11.743 Model_Service_2] [PAPER-KV-V6] fetch Qwen/Qwen2.5-7B-Instruct -> None requests
[2026-08-22 13:21:11.747 Model_Service_5] [PAPER-KV-V6] fetch meta-llama/Llama-3.2-3B -> None requests
[2026-08-22 13:21:11.747 Model_Service_0] [PAPER-KV-V6] fetch Qwen/Qwen2.5-1.5B-Instruct -> None requests
[2026-08-22 13:21:11.753 Model_Service_2] [PAPER-KV-V6] fetch Qwen/Qwen2.5-7B-Instruct -> None requests
[2026-08-22 13:21:11.758 Model_Service_0] [PAPER-KV-V6] fetch Qwen/Qwen2.5-1.5B-Instruct -> None requests
[2026-08-22 13:21:11.758 Model_Service_5] [PAPER-KV-V6] fetch meta-llama/Llama-3.2-3B -> None requests
[2026-08-22 13:21:11.764 Model_Service_2] [PAPER-KV-V6] fetch Qwen/Qwen2.5-7B-Instruct -> None requests
[2026-08-22 13:21:11.768 Model_Service_0] [PAPER-KV-V6] fetch Qwen/Qwen2.5-1.5B-Instruct -> None requests
[2026-08-22 13:21:11.769 Model_Service_5] [PAPER-KV-V6] fetch meta-llama/Llama-3.2-3B -> None requests
[2026-08-22 13:21:11.775 Model_Service_2] [PAPER-KV-V6] fetch Qwen/Qwen2.5-7B-Instruct -> None requests
[2026-08-22 13:21:11.778 Model_Service_0] [PAPER-KV-V6] fetch Qwen/Qwen2.5-1.5B-Instruct -> None requests
[2026-08-22 13:21:11.780 Model_Service_5] [PAPER-KV-V6] fetch meta-llama/Llama-3.2-3B -> None requests
[2026-08-22 13:21:11.785 Model_Service_2] [PAPER-KV-V6] fetch Qwen/Qwen2.5-7B-Instruct -> None requests
[2026-08-22 13:21:11.789 Model_Service_0] [PAPER-KV-V6] fetch Qwen/Qwen2.5-1.5B-Instruct -> None requests
[2026-08-22 13:21:11.790 Model_Service_5] [PAPER-KV-V6] fetch meta-llama/Llama-3.2-3B -> None requests
[2026-08-22 13:21:11.796 Model_Service_2] [PAPER-KV-V6] fetch Qwen/Qwen2.5-7B-Instruct -> None requests
[2026-08-22 13:21:11.799 Model_Service_0] [PAPER-KV-V6] fetch Qwen/Qwen2.5-1.5B-Instruct -> None requests
[2026-08-22 13:21:11.801 Model_Service_5] [PAPER-KV-V6] fetch meta-llama/Llama-3.2-3B -> None requests
[2026-08-22 13:21:11.807 Model_Service_2] [PAPER-KV-V6] fetch Qwen/Qwen2.5-7B-Instruct -> None requests
[2026-08-22 13:21:11.809 Model_Service_0] [PAPER-KV-V6] fetch Qwen/Qwen2.5-1.5B-Instruct -> None requests
[2026-08-22 13:21:11.812 Model_Service_5] [PAPER-KV-V6] fetch meta-llama/Llama-3.2-3B -> None requests
[2026-08-22 13:21:11.818 Model_Service_2] [PAPER-KV-V6] fetch Qwen/Qwen2.5-7B-Instruct -> None requests
[2026-08-22 13:21:11.819 Model_Service_0] [PAPER-KV-V6] fetch Qwen/Qwen2.5-1.5B-Instruct -> None requests
[2026-08-22 13:21:11.822 Model_Service_5] [PAPER-KV-V6] fetch meta-llama/Llama-3.2-3B -> None requests
[2026-08-22 13:21:11.829 Model_Service_2] [PAPER-KV-V6] fetch Qwen/Qwen2.5-7B-Instruct -> None requests
[2026-08-22 13:21:11.830 Model_Service_0] [PAPER-KV-V6] fetch Qwen/Qwen2.5-1.5B-Instruct -> None requests
[2026-08-22 13:21:11.833 Model_Service_5] [PAPER-KV-V6] fetch meta-llama/Llama-3.2-3B -> None requests
[2026-08-22 13:21:11.839 Model_Service_2] [PAPER-KV-V6] fetch Qwen/Qwen2.5-7B-Instruct -> None requests
[2026-08-22 13:21:11.840 Model_Service_0] [PAPER-KV-V6] fetch Qwen/Qwen2.5-1.5B-Instruct -> None requests
[2026-08-22 13:21:11.844 Model_Service_5] [PAPER-KV-V6] fetch meta-llama/Llama-3.2-3B -> None requests
[2026-08-22 13:21:11.850 Model_Service_0] [PAPER-KV-V6] fetch Qwen/Qwen2.5-1.5B-Instruct -> None requests
[2026-08-22 13:21:11.850 Model_Service_2] [PAPER-KV-V6] fetch Qwen/Qwen2.5-7B-Instruct -> None requests
[2026-08-22 13:21:11.855 Model_Service_5] [PAPER-KV-V6] fetch meta-llama/Llama-3.2-3B -> None requests
[2026-08-22 13:21:11.861 Model_Service_0] [PAPER-KV-V6] fetch Qwen/Qwen2.5-1.5B-Instruct -> None requests
[2026-08-22 13:21:11.861 Model_Service_2] [PAPER-KV-V6] fetch Qwen/Qwen2.5-7B-Instruct -> None requests
[2026-08-22 13:21:11.865 Model_Service_5] [PAPER-KV-V6] fetch meta-llama/Llama-3.2-3B -> None requests
[2026-08-22 13:21:11.871 Model_Service_0] [PAPER-KV-V6] fetch Qwen/Qwen2.5-1.5B-Instruct -> None requests
[2026-08-22 13:21:11.872 Model_Service_2] [PAPER-KV-V6] fetch Qwen/Qwen2.5-7B-Instruct -> None requests
[2026-08-22 13:21:11.876 Model_Service_5] [PAPER-KV-V6] fetch meta-llama/Llama-3.2-3B -> None requests
[2026-08-22 13:21:11.881 Model_Service_0] [PAPER-KV-V6] fetch Qwen/Qwen2.5-1.5B-Instruct -> None requests
[2026-08-22 13:21:11.883 Model_Service_2] [PAPER-KV-V6] fetch Qwen/Qwen2.5-7B-Instruct -> None requests
[2026-08-22 13:21:11.887 Model_Service_5] [PAPER-KV-V6] fetch meta-llama/Llama-3.2-3B -> None requests
[2026-08-22 13:21:11.892 Model_Service_0] [PAPER-KV-V6] fetch Qwen/Qwen2.5-1.5B-Instruct -> None requests
[2026-08-22 13:21:11.893 Model_Service_2] [PAPER-KV-V6] fetch Qwen/Qwen2.5-7B-Instruct -> None requests
[2026-08-22 13:21:11.897 Model_Service_5] [PAPER-KV-V6] fetch meta-llama/Llama-3.2-3B -> None requests
[2026-08-22 13:21:11.903 Model_Service_0] [PAPER-KV-V6] fetch Qwen/Qwen2.5-1.5B-Instruct -> None requests
[2026-08-22 13:21:11.904 Model_Service_2] [PAPER-KV-V6] fetch Qwen/Qwen2.5-7B-Instruct -> None requests
[2026-08-22 13:21:11.908 Model_Service_5] [PAPER-KV-V6] fetch meta-llama/Llama-3.2-3B -> None requests
[2026-08-22 13:21:11.913 Model_Service_0] [PAPER-KV-V6] fetch Qwen/Qwen2.5-1.5B-Instruct -> None requests
[2026-08-22 13:21:11.915 Model_Service_2] [PAPER-KV-V6] fetch Qwen/Qwen2.5-7B-Instruct -> None requests
[2026-08-22 13:21:11.919 Model_Service_5] [PAPER-KV-V6] fetch meta-llama/Llama-3.2-3B -> None requests
[2026-08-22 13:21:11.924 Model_Service_0] [PAPER-KV-V6] fetch Qwen/Qwen2.5-1.5B-Instruct -> None requests
[2026-08-22 13:21:11.925 Model_Service_2] [PAPER-KV-V6] fetch Qwen/Qwen2.5-7B-Instruct -> None requests
[2026-08-22 13:21:11.929 Model_Service_5] [PAPER-KV-V6] fetch meta-llama/Llama-3.2-3B -> None requests
[2026-08-22 13:21:11.934 Model_Service_0] [PAPER-KV-V6] fetch Qwen/Qwen2.5-1.5B-Instruct -> None requests
[2026-08-22 13:21:11.936 Model_Service_2] [PAPER-KV-V6] fetch Qwen/Qwen2.5-7B-Instruct -> None requests
[2026-08-22 13:21:11.940 Model_Service_5] [PAPER-KV-V6] fetch meta-llama/Llama-3.2-3B -> None requests
[2026-08-22 13:21:11.945 Model_Service_0] [PAPER-KV-V6] fetch Qwen/Qwen2.5-1.5B-Instruct -> None requests
[2026-08-22 13:21:11.946 Model_Service_2] [PAPER-KV-V6] fetch Qwen/Qwen2.5-7B-Instruct -> None requests
[2026-08-22 13:21:11.951 Model_Service_5] [PAPER-KV-V6] fetch meta-llama/Llama-3.2-3B -> None requests
[2026-08-22 13:21:11.955 Model_Service_0] [PAPER-KV-V6] fetch Qwen/Qwen2.5-1.5B-Instruct -> None requests
[2026-08-22 13:21:11.957 Model_Service_2] [PAPER-KV-V6] fetch Qwen/Qwen2.5-7B-Instruct -> None requests
[2026-08-22 13:21:11.961 Model_Service_5] [PAPER-KV-V6] fetch meta-llama/Llama-3.2-3B -> None requests
[2026-08-22 13:21:11.965 Model_Service_0] [PAPER-KV-V6] fetch Qwen/Qwen2.5-1.5B-Instruct -> None requests
[2026-08-22 13:21:11.967 Model_Service_2] [PAPER-KV-V6] fetch Qwen/Qwen2.5-7B-Instruct -> None requests
[2026-08-22 13:21:11.971 Model_Service_5] [PAPER-KV-V6] fetch meta-llama/Llama-3.2-3B -> None requests
[2026-08-22 13:21:11.976 Model_Service_0] [PAPER-KV-V6] fetch Qwen/Qwen2.5-1.5B-Instruct -> None requests
[2026-08-22 13:21:11.978 Model_Service_2] [PAPER-KV-V6] fetch Qwen/Qwen2.5-7B-Instruct -> None requests
[2026-08-22 13:21:11.982 Model_Service_5] [PAPER-KV-V6] fetch meta-llama/Llama-3.2-3B -> None requests
[2026-08-22 13:21:11.986 Model_Service_0] [PAPER-KV-V6] fetch Qwen/Qwen2.5-1.5B-Instruct -> None requests
[2026-08-22 13:21:11.988 Model_Service_2] [PAPER-KV-V6] fetch Qwen/Qwen2.5-7B-Instruct -> None requests
[2026-08-22 13:21:11.992 Model_Service_5] [PAPER-KV-V6] fetch meta-llama/Llama-3.2-3B -> None requests
[2026-08-22 13:21:11.996 Model_Service_0] [PAPER-KV-V6] fetch Qwen/Qwen2.5-1.5B-Instruct -> None requests
[2026-08-22 13:21:11.998 Model_Service_2] [PAPER-KV-V6] fetch Qwen/Qwen2.5-7B-Instruct -> None requests
[2026-08-22 13:21:12.003 Model_Service_5] [PAPER-KV-V6] fetch meta-llama/Llama-3.2-3B -> None requests
[2026-08-22 13:21:12.006 Model_Service_0] [PAPER-KV-V6] fetch Qwen/Qwen2.5-1.5B-Instruct -> None requests
[2026-08-22 13:21:12.009 Model_Service_2] [PAPER-KV-V6] fetch Qwen/Qwen2.5-7B-Instruct -> None requests
[2026-08-22 13:21:12.013 Model_Service_5] [PAPER-KV-V6] fetch meta-llama/Llama-3.2-3B -> None requests
[2026-08-22 13:21:12.017 Model_Service_0] [PAPER-KV-V6] fetch Qwen/Qwen2.5-1.5B-Instruct -> None requests
[2026-08-22 13:21:12.019 Model_Service_2] [PAPER-KV-V6] fetch Qwen/Qwen2.5-7B-Instruct -> None requests
[2026-08-22 13:21:12.023 Model_Service_5] [PAPER-KV-V6] fetch meta-llama/Llama-3.2-3B -> None requests
[2026-08-22 13:21:12.027 Model_Service_0] [PAPER-KV-V6] fetch Qwen/Qwen2.5-1.5B-Instruct -> None requests
[2026-08-22 13:21:12.029 Model_Service_2] [PAPER-KV-V6] fetch Qwen/Qwen2.5-7B-Instruct -> None requests
[2026-08-22 13:21:12.034 Model_Service_5] [PAPER-KV-V6] fetch meta-llama/Llama-3.2-3B -> None requests
[2026-08-22 13:21:12.037 Model_Service_0] [PAPER-KV-V6] fetch Qwen/Qwen2.5-1.5B-Instruct -> None requests
[2026-08-22 13:21:12.040 Model_Service_2] [PAPER-KV-V6] fetch Qwen/Qwen2.5-7B-Instruct -> None requests
[2026-08-22 13:21:12.044 Model_Service_5] [PAPER-KV-V6] fetch meta-llama/Llama-3.2-3B -> None requests
[2026-08-22 13:21:12.048 Model_Service_0] [PAPER-KV-V6] fetch Qwen/Qwen2.5-1.5B-Instruct -> None requests
[2026-08-22 13:21:12.050 Model_Service_2] [PAPER-KV-V6] fetch Qwen/Qwen2.5-7B-Instruct -> None requests
[2026-08-22 13:21:12.054 Model_Service_5] [PAPER-KV-V6] fetch meta-llama/Llama-3.2-3B -> None requests
[2026-08-22 13:21:12.058 Model_Service_0] [PAPER-KV-V6] fetch Qwen/Qwen2.5-1.5B-Instruct -> None requests
[2026-08-22 13:21:12.060 Model_Service_2] [PAPER-KV-V6] fetch Qwen/Qwen2.5-7B-Instruct -> None requests
[2026-08-22 13:21:12.064 Model_Service_5] [PAPER-KV-V6] fetch meta-llama/Llama-3.2-3B -> None requests
[2026-08-22 13:21:12.065 Model_Service_4] Model service 4 input queue is empty, waiting for next request
[2026-08-22 13:21:12.068 Model_Service_0] [PAPER-KV-V6] fetch Qwen/Qwen2.5-1.5B-Instruct -> None requests
[2026-08-22 13:21:12.071 Model_Service_2] [PAPER-KV-V6] fetch Qwen/Qwen2.5-7B-Instruct -> None requests
[2026-08-22 13:21:12.075 Model_Service_5] [PAPER-KV-V6] fetch meta-llama/Llama-3.2-3B -> None requests
[2026-08-22 13:21:12.079 Model_Service_0] [PAPER-KV-V6] fetch Qwen/Qwen2.5-1.5B-Instruct -> None requests
[2026-08-22 13:21:12.081 Model_Service_2] [PAPER-KV-V6] fetch Qwen/Qwen2.5-7B-Instruct -> None requests
[2026-08-22 13:21:12.085 Model_Service_5] [PAPER-KV-V6] fetch meta-llama/Llama-3.2-3B -> None requests
[2026-08-22 13:21:12.089 Model_Service_0] [PAPER-KV-V6] fetch Qwen/Qwen2.5-1.5B-Instruct -> None requests
[2026-08-22 13:21:12.091 Model_Service_2] [PAPER-KV-V6] fetch Qwen/Qwen2.5-7B-Instruct -> None requests
[2026-08-22 13:21:12.095 Model_Service_5] [PAPER-KV-V6] fetch meta-llama/Llama-3.2-3B -> None requests
[2026-08-22 13:21:12.099 Model_Service_0] [PAPER-KV-V6] fetch Qwen/Qwen2.5-1.5B-Instruct -> None requests
[2026-08-22 13:21:12.102 Model_Service_2] [PAPER-KV-V6] fetch Qwen/Qwen2.5-7B-Instruct -> None requests
[2026-08-22 13:21:12.106 Model_Service_5] [PAPER-KV-V6] fetch meta-llama/Llama-3.2-3B -> None requests
[2026-08-22 13:21:12.109 Model_Service_0] [PAPER-KV-V6] fetch Qwen/Qwen2.5-1.5B-Instruct -> None requests
[2026-08-22 13:21:12.112 Model_Service_2] [PAPER-KV-V6] fetch Qwen/Qwen2.5-7B-Instruct -> None requests
[2026-08-22 13:21:12.116 Model_Service_5] [PAPER-KV-V6] fetch meta-llama/Llama-3.2-3B -> None requests
[2026-08-22 13:21:12.120 Model_Service_0] [PAPER-KV-V6] fetch Qwen/Qwen2.5-1.5B-Instruct -> None requests
[2026-08-22 13:21:12.122 Model_Service_2] [PAPER-KV-V6] fetch Qwen/Qwen2.5-7B-Instruct -> None requests
[2026-08-22 13:21:12.126 Model_Service_5] [PAPER-KV-V6] fetch meta-llama/Llama-3.2-3B -> None requests
[2026-08-22 13:21:12.130 Model_Service_0] [PAPER-KV-V6] fetch Qwen/Qwen2.5-1.5B-Instruct -> None requests
[2026-08-22 13:21:12.133 Model_Service_2] [PAPER-KV-V6] fetch Qwen/Qwen2.5-7B-Instruct -> None requests
[2026-08-22 13:21:12.137 Model_Service_5] [PAPER-KV-V6] fetch meta-llama/Llama-3.2-3B -> None requests
[2026-08-22 13:21:12.141 Model_Service_0] [PAPER-KV-V6] fetch Qwen/Qwen2.5-1.5B-Instruct -> None requests
[2026-08-22 13:21:12.143 Model_Service_2] [PAPER-KV-V6] fetch Qwen/Qwen2.5-7B-Instruct -> None requests
[2026-08-22 13:21:12.147 Model_Service_5] [PAPER-KV-V6] fetch meta-llama/Llama-3.2-3B -> None requests
[2026-08-22 13:21:12.151 Model_Service_0] [PAPER-KV-V6] fetch Qwen/Qwen2.5-1.5B-Instruct -> None requests
[2026-08-22 13:21:12.154 Model_Service_2] [PAPER-KV-V6] fetch Qwen/Qwen2.5-7B-Instruct -> None requests
[2026-08-22 13:21:12.158 Model_Service_5] [PAPER-KV-V6] fetch meta-llama/Llama-3.2-3B -> None requests
[2026-08-22 13:21:12.162 Model_Service_0] [PAPER-KV-V6] fetch Qwen/Qwen2.5-1.5B-Instruct -> None requests
[2026-08-22 13:21:12.164 Model_Service_2] [PAPER-KV-V6] fetch Qwen/Qwen2.5-7B-Instruct -> None requests
[2026-08-22 13:21:12.169 Model_Service_5] [PAPER-KV-V6] fetch meta-llama/Llama-3.2-3B -> None requests
[2026-08-22 13:21:12.172 Model_Service_0] [PAPER-KV-V6] fetch Qwen/Qwen2.5-1.5B-Instruct -> None requests
[2026-08-22 13:21:12.175 Model_Service_2] [PAPER-KV-V6] fetch Qwen/Qwen2.5-7B-Instruct -> None requests
[2026-08-22 13:21:12.179 Model_Service_5] [PAPER-KV-V6] fetch meta-llama/Llama-3.2-3B -> None requests
[2026-08-22 13:21:12.183 Model_Service_0] [PAPER-KV-V6] fetch Qwen/Qwen2.5-1.5B-Instruct -> None requests
[2026-08-22 13:21:12.186 Model_Service_2] [PAPER-KV-V6] fetch Qwen/Qwen2.5-7B-Instruct -> None requests
[2026-08-22 13:21:12.190 Model_Service_5] [PAPER-KV-V6] fetch meta-llama/Llama-3.2-3B -> None requests
[2026-08-22 13:21:12.194 Model_Service_0] [PAPER-KV-V6] fetch Qwen/Qwen2.5-1.5B-Instruct -> None requests
[2026-08-22 13:21:12.196 Model_Service_2] [PAPER-KV-V6] fetch Qwen/Qwen2.5-7B-Instruct -> None requests
[2026-08-22 13:21:12.200 Model_Service_5] [PAPER-KV-V6] fetch meta-llama/Llama-3.2-3B -> None requests
[2026-08-22 13:21:12.204 Model_Service_0] [PAPER-KV-V6] fetch Qwen/Qwen2.5-1.5B-Instruct -> None requests
[2026-08-22 13:21:12.207 Model_Service_2] [PAPER-KV-V6] fetch Qwen/Qwen2.5-7B-Instruct -> None requests
[2026-08-22 13:21:12.211 Model_Service_5] [PAPER-KV-V6] fetch meta-llama/Llama-3.2-3B -> None requests
[2026-08-22 13:21:12.215 Model_Service_0] [PAPER-KV-V6] fetch Qwen/Qwen2.5-1.5B-Instruct -> None requests
[2026-08-22 13:21:12.217 Model_Service_2] [PAPER-KV-V6] fetch Qwen/Qwen2.5-7B-Instruct -> None requests
[2026-08-22 13:21:12.221 Model_Service_5] [PAPER-KV-V6] fetch meta-llama/Llama-3.2-3B -> None requests
[2026-08-22 13:21:12.225 Model_Service_0] [PAPER-KV-V6] fetch Qwen/Qwen2.5-1.5B-Instruct -> None requests
[2026-08-22 13:21:12.228 Model_Service_2] [PAPER-KV-V6] fetch Qwen/Qwen2.5-7B-Instruct -> None requests
[2026-08-22 13:21:12.232 Model_Service_5] [PAPER-KV-V6] fetch meta-llama/Llama-3.2-3B -> None requests
[2026-08-22 13:21:12.236 Model_Service_0] [PAPER-KV-V6] fetch Qwen/Qwen2.5-1.5B-Instruct -> None requests
[2026-08-22 13:21:12.239 Model_Service_2] [PAPER-KV-V6] fetch Qwen/Qwen2.5-7B-Instruct -> None requests
[2026-08-22 13:21:12.242 Model_Service_5] [PAPER-KV-V6] fetch meta-llama/Llama-3.2-3B -> None requests
[2026-08-22 13:21:12.246 Model_Service_0] [PAPER-KV-V6] fetch Qwen/Qwen2.5-1.5B-Instruct -> None requests
[2026-08-22 13:21:12.249 Model_Service_2] [PAPER-KV-V6] fetch Qwen/Qwen2.5-7B-Instruct -> None requests
[2026-08-22 13:21:12.253 Model_Service_5] [PAPER-KV-V6] fetch meta-llama/Llama-3.2-3B -> None requests
[2026-08-22 13:21:12.257 Model_Service_0] [PAPER-KV-V6] fetch Qwen/Qwen2.5-1.5B-Instruct -> None requests
[2026-08-22 13:21:12.260 Model_Service_2] [PAPER-KV-V6] fetch Qwen/Qwen2.5-7B-Instruct -> None requests
[2026-08-22 13:21:12.263 Model_Service_5] [PAPER-KV-V6] fetch meta-llama/Llama-3.2-3B -> None requests
[2026-08-22 13:21:12.267 Model_Service_0] [PAPER-KV-V6] fetch Qwen/Qwen2.5-1.5B-Instruct -> None requests
[2026-08-22 13:21:12.270 Model_Service_2] [PAPER-KV-V6] fetch Qwen/Qwen2.5-7B-Instruct -> None requests
[2026-08-22 13:21:12.274 Model_Service_5] [PAPER-KV-V6] fetch meta-llama/Llama-3.2-3B -> None requests
[2026-08-22 13:21:12.278 Model_Service_0] [PAPER-KV-V6] fetch Qwen/Qwen2.5-1.5B-Instruct -> None requests
[2026-08-22 13:21:12.281 Model_Service_2] [PAPER-KV-V6] fetch Qwen/Qwen2.5-7B-Instruct -> None requests
[2026-08-22 13:21:12.284 Model_Service_5] [PAPER-KV-V6] fetch meta-llama/Llama-3.2-3B -> None requests
[2026-08-22 13:21:12.289 Model_Service_0] [PAPER-KV-V6] fetch Qwen/Qwen2.5-1.5B-Instruct -> None requests
[2026-08-22 13:21:12.291 Model_Service_2] [PAPER-KV-V6] fetch Qwen/Qwen2.5-7B-Instruct -> None requests
[2026-08-22 13:21:12.295 Model_Service_5] [PAPER-KV-V6] fetch meta-llama/Llama-3.2-3B -> None requests
[2026-08-22 13:21:12.299 Model_Service_0] [PAPER-KV-V6] fetch Qwen/Qwen2.5-1.5B-Instruct -> None requests
[2026-08-22 13:21:12.302 Model_Service_2] [PAPER-KV-V6] fetch Qwen/Qwen2.5-7B-Instruct -> None requests
[2026-08-22 13:21:12.306 Model_Service_5] [PAPER-KV-V6] fetch meta-llama/Llama-3.2-3B -> None requests
[2026-08-22 13:21:12.310 Model_Service_0] [PAPER-KV-V6] fetch Qwen/Qwen2.5-1.5B-Instruct -> None requests
[2026-08-22 13:21:12.313 Model_Service_2] [PAPER-KV-V6] fetch Qwen/Qwen2.5-7B-Instruct -> None requests
[2026-08-22 13:21:12.316 Model_Service_5] [PAPER-KV-V6] fetch meta-llama/Llama-3.2-3B -> None requests
[2026-08-22 13:21:12.320 Model_Service_0] [PAPER-KV-V6] fetch Qwen/Qwen2.5-1.5B-Instruct -> None requests
[2026-08-22 13:21:12.323 Model_Service_2] [PAPER-KV-V6] fetch Qwen/Qwen2.5-7B-Instruct -> None requests
[2026-08-22 13:21:12.327 Model_Service_5] [PAPER-KV-V6] fetch meta-llama/Llama-3.2-3B -> None requests
[2026-08-22 13:21:12.331 Model_Service_0] [PAPER-KV-V6] fetch Qwen/Qwen2.5-1.5B-Instruct -> None requests
[2026-08-22 13:21:12.334 Model_Service_2] [PAPER-KV-V6] fetch Qwen/Qwen2.5-7B-Instruct -> None requests
[2026-08-22 13:21:12.337 Model_Service_5] [PAPER-KV-V6] fetch meta-llama/Llama-3.2-3B -> None requests
[2026-08-22 13:21:12.342 Model_Service_0] [PAPER-KV-V6] fetch Qwen/Qwen2.5-1.5B-Instruct -> None requests
[2026-08-22 13:21:12.344 Model_Service_2] [PAPER-KV-V6] fetch Qwen/Qwen2.5-7B-Instruct -> None requests
[2026-08-22 13:21:12.348 Model_Service_5] [PAPER-KV-V6] fetch meta-llama/Llama-3.2-3B -> None requests
[2026-08-22 13:21:12.352 Model_Service_0] [PAPER-KV-V6] fetch Qwen/Qwen2.5-1.5B-Instruct -> None requests
[2026-08-22 13:21:12.355 Model_Service_2] [PAPER-KV-V6] fetch Qwen/Qwen2.5-7B-Instruct -> None requests
[2026-08-22 13:21:12.358 Model_Service_5] [PAPER-KV-V6] fetch meta-llama/Llama-3.2-3B -> None requests
[2026-08-22 13:21:12.363 Model_Service_0] [PAPER-KV-V6] fetch Qwen/Qwen2.5-1.5B-Instruct -> None requests
[2026-08-22 13:21:12.365 Model_Service_2] [PAPER-KV-V6] fetch Qwen/Qwen2.5-7B-Instruct -> None requests
[2026-08-22 13:21:12.369 Model_Service_5] [PAPER-KV-V6] fetch meta-llama/Llama-3.2-3B -> None requests
[2026-08-22 13:21:12.374 Model_Service_0] [PAPER-KV-V6] fetch Qwen/Qwen2.5-1.5B-Instruct -> None requests
[2026-08-22 13:21:12.376 Model_Service_2] [PAPER-KV-V6] fetch Qwen/Qwen2.5-7B-Instruct -> None requests
[2026-08-22 13:21:12.379 Model_Service_5] [PAPER-KV-V6] fetch meta-llama/Llama-3.2-3B -> None requests
[2026-08-22 13:21:12.384 Model_Service_0] [PAPER-KV-V6] fetch Qwen/Qwen2.5-1.5B-Instruct -> None requests
[2026-08-22 13:21:12.387 Model_Service_2] [PAPER-KV-V6] fetch Qwen/Qwen2.5-7B-Instruct -> None requests
[2026-08-22 13:21:12.390 Model_Service_5] [PAPER-KV-V6] fetch meta-llama/Llama-3.2-3B -> None requests
[2026-08-22 13:21:12.395 Model_Service_0] [PAPER-KV-V6] fetch Qwen/Qwen2.5-1.5B-Instruct -> None requests
[2026-08-22 13:21:12.397 Model_Service_2] [PAPER-KV-V6] fetch Qwen/Qwen2.5-7B-Instruct -> None requests
[2026-08-22 13:21:12.400 Model_Service_5] [PAPER-KV-V6] fetch meta-llama/Llama-3.2-3B -> None requests
[2026-08-22 13:21:12.405 Model_Service_0] [PAPER-KV-V6] fetch Qwen/Qwen2.5-1.5B-Instruct -> None requests
[2026-08-22 13:21:12.408 Model_Service_2] [PAPER-KV-V6] fetch Qwen/Qwen2.5-7B-Instruct -> None requests
[2026-08-22 13:21:12.411 Model_Service_5] [PAPER-KV-V6] fetch meta-llama/Llama-3.2-3B -> None requests
[2026-08-22 13:21:12.416 Model_Service_0] [PAPER-KV-V6] fetch Qwen/Qwen2.5-1.5B-Instruct -> None requests
[2026-08-22 13:21:12.418 Model_Service_2] [PAPER-KV-V6] fetch Qwen/Qwen2.5-7B-Instruct -> None requests
[2026-08-22 13:21:12.421 Model_Service_5] [PAPER-KV-V6] fetch meta-llama/Llama-3.2-3B -> None requests
[2026-08-22 13:21:12.427 Model_Service_0] [PAPER-KV-V6] fetch Qwen/Qwen2.5-1.5B-Instruct -> None requests
[2026-08-22 13:21:12.429 Model_Service_2] [PAPER-KV-V6] fetch Qwen/Qwen2.5-7B-Instruct -> None requests
[2026-08-22 13:21:12.432 Model_Service_5] [PAPER-KV-V6] fetch meta-llama/Llama-3.2-3B -> None requests
[2026-08-22 13:21:12.437 Model_Service_0] [PAPER-KV-V6] fetch Qwen/Qwen2.5-1.5B-Instruct -> None requests
[2026-08-22 13:21:12.440 Model_Service_2] [PAPER-KV-V6] fetch Qwen/Qwen2.5-7B-Instruct -> None requests
[2026-08-22 13:21:12.442 Model_Service_5] [PAPER-KV-V6] fetch meta-llama/Llama-3.2-3B -> None requests
[2026-08-22 13:21:12.448 Model_Service_0] [PAPER-KV-V6] fetch Qwen/Qwen2.5-1.5B-Instruct -> None requests
[2026-08-22 13:21:12.450 Model_Service_2] [PAPER-KV-V6] fetch Qwen/Qwen2.5-7B-Instruct -> None requests
[2026-08-22 13:21:12.453 Model_Service_5] [PAPER-KV-V6] fetch meta-llama/Llama-3.2-3B -> None requests
[2026-08-22 13:21:12.458 Model_Service_0] [PAPER-KV-V6] fetch Qwen/Qwen2.5-1.5B-Instruct -> None requests
[2026-08-22 13:21:12.460 Model_Service_2] [PAPER-KV-V6] fetch Qwen/Qwen2.5-7B-Instruct -> None requests
[2026-08-22 13:21:12.463 Model_Service_5] [PAPER-KV-V6] fetch meta-llama/Llama-3.2-3B -> None requests
[2026-08-22 13:21:12.469 Model_Service_0] [PAPER-KV-V6] fetch Qwen/Qwen2.5-1.5B-Instruct -> None requests
[2026-08-22 13:21:12.471 Model_Service_2] [PAPER-KV-V6] fetch Qwen/Qwen2.5-7B-Instruct -> None requests
[2026-08-22 13:21:12.473 Model_Service_5] [PAPER-KV-V6] fetch meta-llama/Llama-3.2-3B -> None requests
[2026-08-22 13:21:12.480 Model_Service_0] [PAPER-KV-V6] fetch Qwen/Qwen2.5-1.5B-Instruct -> None requests
[2026-08-22 13:21:12.481 Model_Service_2] [PAPER-KV-V6] fetch Qwen/Qwen2.5-7B-Instruct -> None requests
[2026-08-22 13:21:12.484 Model_Service_5] [PAPER-KV-V6] fetch meta-llama/Llama-3.2-3B -> None requests
[2026-08-22 13:21:12.490 Model_Service_0] [PAPER-KV-V6] fetch Qwen/Qwen2.5-1.5B-Instruct -> None requests
[2026-08-22 13:21:12.491 Model_Service_2] [PAPER-KV-V6] fetch Qwen/Qwen2.5-7B-Instruct -> None requests
[2026-08-22 13:21:12.494 Model_Service_5] [PAPER-KV-V6] fetch meta-llama/Llama-3.2-3B -> None requests
[2026-08-22 13:21:12.501 Model_Service_0] [PAPER-KV-V6] fetch Qwen/Qwen2.5-1.5B-Instruct -> None requests
[2026-08-22 13:21:12.502 Model_Service_2] [PAPER-KV-V6] fetch Qwen/Qwen2.5-7B-Instruct -> None requests
[2026-08-22 13:21:12.505 Model_Service_5] [PAPER-KV-V6] fetch meta-llama/Llama-3.2-3B -> None requests
[2026-08-22 13:21:12.511 Model_Service_0] [PAPER-KV-V6] fetch Qwen/Qwen2.5-1.5B-Instruct -> None requests
[2026-08-22 13:21:12.512 Model_Service_2] [PAPER-KV-V6] fetch Qwen/Qwen2.5-7B-Instruct -> None requests
[2026-08-22 13:21:12.515 Model_Service_5] [PAPER-KV-V6] fetch meta-llama/Llama-3.2-3B -> None requests
[2026-08-22 13:21:12.522 Model_Service_0] [PAPER-KV-V6] fetch Qwen/Qwen2.5-1.5B-Instruct -> None requests
[2026-08-22 13:21:12.523 Model_Service_2] [PAPER-KV-V6] fetch Qwen/Qwen2.5-7B-Instruct -> None requests
[2026-08-22 13:21:12.525 Model_Service_5] [PAPER-KV-V6] fetch meta-llama/Llama-3.2-3B -> None requests
[2026-08-22 13:21:12.533 Model_Service_0] [PAPER-KV-V6] fetch Qwen/Qwen2.5-1.5B-Instruct -> None requests
[2026-08-22 13:21:12.533 Model_Service_2] [PAPER-KV-V6] fetch Qwen/Qwen2.5-7B-Instruct -> None requests
[2026-08-22 13:21:12.536 Model_Service_5] [PAPER-KV-V6] fetch meta-llama/Llama-3.2-3B -> None requests
[2026-08-22 13:21:12.543 Model_Service_0] [PAPER-KV-V6] fetch Qwen/Qwen2.5-1.5B-Instruct -> None requests
[2026-08-22 13:21:12.543 Model_Service_2] [PAPER-KV-V6] fetch Qwen/Qwen2.5-7B-Instruct -> None requests
[2026-08-22 13:21:12.546 Model_Service_5] [PAPER-KV-V6] fetch meta-llama/Llama-3.2-3B -> None requests
[2026-08-22 13:21:12.554 Model_Service_2] [PAPER-KV-V6] fetch Qwen/Qwen2.5-7B-Instruct -> None requests
[2026-08-22 13:21:12.554 Model_Service_0] [PAPER-KV-V6] fetch Qwen/Qwen2.5-1.5B-Instruct -> None requests
[2026-08-22 13:21:12.557 Model_Service_5] [PAPER-KV-V6] fetch meta-llama/Llama-3.2-3B -> None requests
[2026-08-22 13:21:12.564 Model_Service_2] [PAPER-KV-V6] fetch Qwen/Qwen2.5-7B-Instruct -> None requests
[2026-08-22 13:21:12.565 Model_Service_0] [PAPER-KV-V6] fetch Qwen/Qwen2.5-1.5B-Instruct -> None requests
[2026-08-22 13:21:12.567 Model_Service_5] [PAPER-KV-V6] fetch meta-llama/Llama-3.2-3B -> None requests
[2026-08-22 13:21:12.575 Model_Service_2] [PAPER-KV-V6] fetch Qwen/Qwen2.5-7B-Instruct -> None requests
[2026-08-22 13:21:12.575 Model_Service_0] [PAPER-KV-V6] fetch Qwen/Qwen2.5-1.5B-Instruct -> None requests
[2026-08-22 13:21:12.577 Model_Service_5] [PAPER-KV-V6] fetch meta-llama/Llama-3.2-3B -> None requests
[2026-08-22 13:21:12.585 Model_Service_2] [PAPER-KV-V6] fetch Qwen/Qwen2.5-7B-Instruct -> None requests
[2026-08-22 13:21:12.586 Model_Service_0] [PAPER-KV-V6] fetch Qwen/Qwen2.5-1.5B-Instruct -> None requests
[2026-08-22 13:21:12.588 Model_Service_5] [PAPER-KV-V6] fetch meta-llama/Llama-3.2-3B -> None requests
[2026-08-22 13:21:12.595 Model_Service_2] [PAPER-KV-V6] fetch Qwen/Qwen2.5-7B-Instruct -> None requests
[2026-08-22 13:21:12.596 Model_Service_0] [PAPER-KV-V6] fetch Qwen/Qwen2.5-1.5B-Instruct -> None requests
[2026-08-22 13:21:12.599 Model_Service_5] [PAPER-KV-V6] fetch meta-llama/Llama-3.2-3B -> None requests
[2026-08-22 13:21:12.606 Model_Service_2] [PAPER-KV-V6] fetch Qwen/Qwen2.5-7B-Instruct -> None requests
[2026-08-22 13:21:12.607 Model_Service_0] [PAPER-KV-V6] fetch Qwen/Qwen2.5-1.5B-Instruct -> None requests
[2026-08-22 13:21:12.609 Model_Service_5] [PAPER-KV-V6] fetch meta-llama/Llama-3.2-3B -> None requests
[2026-08-22 13:21:12.616 Model_Service_2] [PAPER-KV-V6] fetch Qwen/Qwen2.5-7B-Instruct -> None requests
[2026-08-22 13:21:12.617 Model_Service_0] [PAPER-KV-V6] fetch Qwen/Qwen2.5-1.5B-Instruct -> None requests
[2026-08-22 13:21:12.619 Model_Service_5] [PAPER-KV-V6] fetch meta-llama/Llama-3.2-3B -> None requests
[2026-08-22 13:21:12.627 Model_Service_2] [PAPER-KV-V6] fetch Qwen/Qwen2.5-7B-Instruct -> None requests
[2026-08-22 13:21:12.628 Model_Service_0] [PAPER-KV-V6] fetch Qwen/Qwen2.5-1.5B-Instruct -> None requests
[2026-08-22 13:21:12.630 Model_Service_5] [PAPER-KV-V6] fetch meta-llama/Llama-3.2-3B -> None requests
[2026-08-22 13:21:12.637 Model_Service_2] [PAPER-KV-V6] fetch Qwen/Qwen2.5-7B-Instruct -> None requests
[2026-08-22 13:21:12.639 Model_Service_0] [PAPER-KV-V6] fetch Qwen/Qwen2.5-1.5B-Instruct -> None requests
[2026-08-22 13:21:12.640 Model_Service_5] [PAPER-KV-V6] fetch meta-llama/Llama-3.2-3B -> None requests
[2026-08-22 13:21:12.647 Model_Service_2] [PAPER-KV-V6] fetch Qwen/Qwen2.5-7B-Instruct -> None requests
[2026-08-22 13:21:12.649 Model_Service_0] [PAPER-KV-V6] fetch Qwen/Qwen2.5-1.5B-Instruct -> None requests
[2026-08-22 13:21:12.651 Model_Service_5] [PAPER-KV-V6] fetch meta-llama/Llama-3.2-3B -> None requests
[2026-08-22 13:21:12.658 Model_Service_2] [PAPER-KV-V6] fetch Qwen/Qwen2.5-7B-Instruct -> None requests
[2026-08-22 13:21:12.660 Model_Service_0] [PAPER-KV-V6] fetch Qwen/Qwen2.5-1.5B-Instruct -> None requests
[2026-08-22 13:21:12.661 Model_Service_5] [PAPER-KV-V6] fetch meta-llama/Llama-3.2-3B -> None requests
[2026-08-22 13:21:12.668 Model_Service_2] [PAPER-KV-V6] fetch Qwen/Qwen2.5-7B-Instruct -> None requests
[2026-08-22 13:21:12.670 Model_Service_0] [PAPER-KV-V6] fetch Qwen/Qwen2.5-1.5B-Instruct -> None requests
[2026-08-22 13:21:12.671 Model_Service_5] [PAPER-KV-V6] fetch meta-llama/Llama-3.2-3B -> None requests
[2026-08-22 13:21:12.679 Model_Service_2] [PAPER-KV-V6] fetch Qwen/Qwen2.5-7B-Instruct -> None requests
[2026-08-22 13:21:12.681 Model_Service_0] [PAPER-KV-V6] fetch Qwen/Qwen2.5-1.5B-Instruct -> None requests
[2026-08-22 13:21:12.682 Model_Service_5] [PAPER-KV-V6] fetch meta-llama/Llama-3.2-3B -> None requests
[2026-08-22 13:21:12.689 Model_Service_2] [PAPER-KV-V6] fetch Qwen/Qwen2.5-7B-Instruct -> None requests
[2026-08-22 13:21:12.691 Model_Service_0] [PAPER-KV-V6] fetch Qwen/Qwen2.5-1.5B-Instruct -> None requests
[2026-08-22 13:21:12.692 Model_Service_5] [PAPER-KV-V6] fetch meta-llama/Llama-3.2-3B -> None requests
[2026-08-22 13:21:12.699 Model_Service_2] [PAPER-KV-V6] fetch Qwen/Qwen2.5-7B-Instruct -> None requests
[2026-08-22 13:21:12.702 Model_Service_0] [PAPER-KV-V6] fetch Qwen/Qwen2.5-1.5B-Instruct -> None requests
[2026-08-22 13:21:12.703 Model_Service_5] [PAPER-KV-V6] fetch meta-llama/Llama-3.2-3B -> None requests
[2026-08-22 13:21:12.710 Model_Service_2] [PAPER-KV-V6] fetch Qwen/Qwen2.5-7B-Instruct -> None requests
[2026-08-22 13:21:12.712 Model_Service_0] [PAPER-KV-V6] fetch Qwen/Qwen2.5-1.5B-Instruct -> None requests
[2026-08-22 13:21:12.713 Model_Service_5] [PAPER-KV-V6] fetch meta-llama/Llama-3.2-3B -> None requests
[2026-08-22 13:21:12.720 Model_Service_2] [PAPER-KV-V6] fetch Qwen/Qwen2.5-7B-Instruct -> None requests
[2026-08-22 13:21:12.723 Model_Service_0] [PAPER-KV-V6] fetch Qwen/Qwen2.5-1.5B-Instruct -> None requests
[2026-08-22 13:21:12.723 Model_Service_5] [PAPER-KV-V6] fetch meta-llama/Llama-3.2-3B -> None requests
[2026-08-22 13:21:12.731 Model_Service_2] [PAPER-KV-V6] fetch Qwen/Qwen2.5-7B-Instruct -> None requests
[2026-08-22 13:21:12.733 Model_Service_0] [PAPER-KV-V6] fetch Qwen/Qwen2.5-1.5B-Instruct -> None requests
[2026-08-22 13:21:12.734 Model_Service_5] [PAPER-KV-V6] fetch meta-llama/Llama-3.2-3B -> None requests
[2026-08-22 13:21:12.741 Model_Service_2] [PAPER-KV-V6] fetch Qwen/Qwen2.5-7B-Instruct -> None requests
[2026-08-22 13:21:12.744 Model_Service_0] [PAPER-KV-V6] fetch Qwen/Qwen2.5-1.5B-Instruct -> None requests
[2026-08-22 13:21:12.744 Model_Service_5] [PAPER-KV-V6] fetch meta-llama/Llama-3.2-3B -> None requests
[2026-08-22 13:21:12.751 Model_Service_2] [PAPER-KV-V6] fetch Qwen/Qwen2.5-7B-Instruct -> None requests
[2026-08-22 13:21:12.755 Model_Service_5] [PAPER-KV-V6] fetch meta-llama/Llama-3.2-3B -> None requests
[2026-08-22 13:21:12.755 Model_Service_0] [PAPER-KV-V6] fetch Qwen/Qwen2.5-1.5B-Instruct -> None requests
[2026-08-22 13:21:12.762 Model_Service_2] [PAPER-KV-V6] fetch Qwen/Qwen2.5-7B-Instruct -> None requests
[2026-08-22 13:21:12.765 Model_Service_5] [PAPER-KV-V6] fetch meta-llama/Llama-3.2-3B -> None requests
[2026-08-22 13:21:12.765 Model_Service_0] [PAPER-KV-V6] fetch Qwen/Qwen2.5-1.5B-Instruct -> None requests
[2026-08-22 13:21:12.772 Model_Service_2] [PAPER-KV-V6] fetch Qwen/Qwen2.5-7B-Instruct -> None requests
[2026-08-22 13:21:12.775 Model_Service_5] [PAPER-KV-V6] fetch meta-llama/Llama-3.2-3B -> None requests
[2026-08-22 13:21:12.776 Model_Service_0] [PAPER-KV-V6] fetch Qwen/Qwen2.5-1.5B-Instruct -> None requests
[2026-08-22 13:21:12.782 Model_Service_2] [PAPER-KV-V6] fetch Qwen/Qwen2.5-7B-Instruct -> None requests
[2026-08-22 13:21:12.785 Model_Service_5] [PAPER-KV-V6] fetch meta-llama/Llama-3.2-3B -> None requests
[2026-08-22 13:21:12.786 Model_Service_0] [PAPER-KV-V6] fetch Qwen/Qwen2.5-1.5B-Instruct -> None requests
[2026-08-22 13:21:12.793 Model_Service_2] [PAPER-KV-V6] fetch Qwen/Qwen2.5-7B-Instruct -> None requests
[2026-08-22 13:21:12.796 Model_Service_5] [PAPER-KV-V6] fetch meta-llama/Llama-3.2-3B -> None requests
[2026-08-22 13:21:12.797 Model_Service_0] [PAPER-KV-V6] fetch Qwen/Qwen2.5-1.5B-Instruct -> None requests
[2026-08-22 13:21:12.803 Model_Service_2] [PAPER-KV-V6] fetch Qwen/Qwen2.5-7B-Instruct -> None requests
[2026-08-22 13:21:12.806 Model_Service_5] [PAPER-KV-V6] fetch meta-llama/Llama-3.2-3B -> None requests
[2026-08-22 13:21:12.807 Model_Service_0] [PAPER-KV-V6] fetch Qwen/Qwen2.5-1.5B-Instruct -> None requests
[2026-08-22 13:21:12.813 Model_Service_2] [PAPER-KV-V6] fetch Qwen/Qwen2.5-7B-Instruct -> None requests
[2026-08-22 13:21:12.816 Model_Service_5] [PAPER-KV-V6] fetch meta-llama/Llama-3.2-3B -> None requests
[2026-08-22 13:21:12.817 Model_Service_0] [PAPER-KV-V6] fetch Qwen/Qwen2.5-1.5B-Instruct -> None requests
[2026-08-22 13:21:12.823 Model_Service_2] [PAPER-KV-V6] fetch Qwen/Qwen2.5-7B-Instruct -> None requests
[2026-08-22 13:21:12.826 Model_Service_5] [PAPER-KV-V6] fetch meta-llama/Llama-3.2-3B -> None requests
[2026-08-22 13:21:12.828 Model_Service_0] [PAPER-KV-V6] fetch Qwen/Qwen2.5-1.5B-Instruct -> None requests
[2026-08-22 13:21:12.834 Model_Service_2] [PAPER-KV-V6] fetch Qwen/Qwen2.5-7B-Instruct -> None requests
[2026-08-22 13:21:12.837 Model_Service_5] [PAPER-KV-V6] fetch meta-llama/Llama-3.2-3B -> None requests
[2026-08-22 13:21:12.838 Model_Service_0] [PAPER-KV-V6] fetch Qwen/Qwen2.5-1.5B-Instruct -> None requests
[2026-08-22 13:21:12.844 Model_Service_2] [PAPER-KV-V6] fetch Qwen/Qwen2.5-7B-Instruct -> None requests
[2026-08-22 13:21:12.847 Model_Service_5] [PAPER-KV-V6] fetch meta-llama/Llama-3.2-3B -> None requests
[2026-08-22 13:21:12.848 Model_Service_0] [PAPER-KV-V6] fetch Qwen/Qwen2.5-1.5B-Instruct -> None requests
[2026-08-22 13:21:12.855 Model_Service_2] [PAPER-KV-V6] fetch Qwen/Qwen2.5-7B-Instruct -> None requests
[2026-08-22 13:21:12.857 Model_Service_5] [PAPER-KV-V6] fetch meta-llama/Llama-3.2-3B -> None requests
[2026-08-22 13:21:12.858 Model_Service_0] [PAPER-KV-V6] fetch Qwen/Qwen2.5-1.5B-Instruct -> None requests
[2026-08-22 13:21:12.865 Model_Service_2] [PAPER-KV-V6] fetch Qwen/Qwen2.5-7B-Instruct -> None requests
[2026-08-22 13:21:12.868 Model_Service_5] [PAPER-KV-V6] fetch meta-llama/Llama-3.2-3B -> None requests
[2026-08-22 13:21:12.869 Model_Service_0] [PAPER-KV-V6] fetch Qwen/Qwen2.5-1.5B-Instruct -> None requests
[2026-08-22 13:21:12.875 Model_Service_2] [PAPER-KV-V6] fetch Qwen/Qwen2.5-7B-Instruct -> None requests
[2026-08-22 13:21:12.878 Model_Service_5] [PAPER-KV-V6] fetch meta-llama/Llama-3.2-3B -> None requests
[2026-08-22 13:21:12.879 Model_Service_0] [PAPER-KV-V6] fetch Qwen/Qwen2.5-1.5B-Instruct -> None requests
[2026-08-22 13:21:12.885 Model_Service_2] [PAPER-KV-V6] fetch Qwen/Qwen2.5-7B-Instruct -> None requests
[2026-08-22 13:21:12.888 Model_Service_5] [PAPER-KV-V6] fetch meta-llama/Llama-3.2-3B -> None requests
[2026-08-22 13:21:12.889 Model_Service_0] [PAPER-KV-V6] fetch Qwen/Qwen2.5-1.5B-Instruct -> None requests
[2026-08-22 13:21:12.896 Model_Service_2] [PAPER-KV-V6] fetch Qwen/Qwen2.5-7B-Instruct -> None requests
[2026-08-22 13:21:12.898 Model_Service_5] [PAPER-KV-V6] fetch meta-llama/Llama-3.2-3B -> None requests
[2026-08-22 13:21:12.900 Model_Service_0] [PAPER-KV-V6] fetch Qwen/Qwen2.5-1.5B-Instruct -> None requests
[2026-08-22 13:21:12.906 Model_Service_2] [PAPER-KV-V6] fetch Qwen/Qwen2.5-7B-Instruct -> None requests
[2026-08-22 13:21:12.909 Model_Service_5] [PAPER-KV-V6] fetch meta-llama/Llama-3.2-3B -> None requests
[2026-08-22 13:21:12.910 Model_Service_0] [PAPER-KV-V6] fetch Qwen/Qwen2.5-1.5B-Instruct -> None requests
[2026-08-22 13:21:12.916 Model_Service_2] [PAPER-KV-V6] fetch Qwen/Qwen2.5-7B-Instruct -> None requests
[2026-08-22 13:21:12.919 Model_Service_5] [PAPER-KV-V6] fetch meta-llama/Llama-3.2-3B -> None requests
[2026-08-22 13:21:12.920 Model_Service_0] [PAPER-KV-V6] fetch Qwen/Qwen2.5-1.5B-Instruct -> None requests
[2026-08-22 13:21:12.927 Model_Service_2] [PAPER-KV-V6] fetch Qwen/Qwen2.5-7B-Instruct -> None requests
[2026-08-22 13:21:12.929 Model_Service_5] [PAPER-KV-V6] fetch meta-llama/Llama-3.2-3B -> None requests
[2026-08-22 13:21:12.930 Model_Service_0] [PAPER-KV-V6] fetch Qwen/Qwen2.5-1.5B-Instruct -> None requests
[2026-08-22 13:21:12.937 Model_Service_2] [PAPER-KV-V6] fetch Qwen/Qwen2.5-7B-Instruct -> None requests
[2026-08-22 13:21:12.939 Model_Service_5] [PAPER-KV-V6] fetch meta-llama/Llama-3.2-3B -> None requests
[2026-08-22 13:21:12.941 Model_Service_0] [PAPER-KV-V6] fetch Qwen/Qwen2.5-1.5B-Instruct -> None requests
[2026-08-22 13:21:12.947 Model_Service_2] [PAPER-KV-V6] fetch Qwen/Qwen2.5-7B-Instruct -> None requests
[2026-08-22 13:21:12.950 Model_Service_5] [PAPER-KV-V6] fetch meta-llama/Llama-3.2-3B -> None requests
[2026-08-22 13:21:12.951 Model_Service_0] [PAPER-KV-V6] fetch Qwen/Qwen2.5-1.5B-Instruct -> None requests
[2026-08-22 13:21:12.958 Model_Service_2] [PAPER-KV-V6] fetch Qwen/Qwen2.5-7B-Instruct -> None requests
[2026-08-22 13:21:12.960 Model_Service_5] [PAPER-KV-V6] fetch meta-llama/Llama-3.2-3B -> None requests
[2026-08-22 13:21:12.961 Model_Service_0] [PAPER-KV-V6] fetch Qwen/Qwen2.5-1.5B-Instruct -> None requests
[2026-08-22 13:21:12.968 Model_Service_2] [PAPER-KV-V6] fetch Qwen/Qwen2.5-7B-Instruct -> None requests
[2026-08-22 13:21:12.970 Model_Service_5] [PAPER-KV-V6] fetch meta-llama/Llama-3.2-3B -> None requests
[2026-08-22 13:21:12.972 Model_Service_0] [PAPER-KV-V6] fetch Qwen/Qwen2.5-1.5B-Instruct -> None requests
[2026-08-22 13:21:12.978 Model_Service_2] [PAPER-KV-V6] fetch Qwen/Qwen2.5-7B-Instruct -> None requests
[2026-08-22 13:21:12.980 Model_Service_5] [PAPER-KV-V6] fetch meta-llama/Llama-3.2-3B -> None requests
[2026-08-22 13:21:12.982 Model_Service_0] [PAPER-KV-V6] fetch Qwen/Qwen2.5-1.5B-Instruct -> None requests
[2026-08-22 13:21:12.989 Model_Service_2] [PAPER-KV-V6] fetch Qwen/Qwen2.5-7B-Instruct -> None requests
[2026-08-22 13:21:12.991 Model_Service_5] [PAPER-KV-V6] fetch meta-llama/Llama-3.2-3B -> None requests
[2026-08-22 13:21:12.992 Model_Service_0] [PAPER-KV-V6] fetch Qwen/Qwen2.5-1.5B-Instruct -> None requests
[2026-08-22 13:21:12.999 Model_Service_2] [PAPER-KV-V6] fetch Qwen/Qwen2.5-7B-Instruct -> None requests
[2026-08-22 13:21:13.001 Model_Service_5] [PAPER-KV-V6] fetch meta-llama/Llama-3.2-3B -> None requests
[2026-08-22 13:21:13.002 Model_Service_0] [PAPER-KV-V6] fetch Qwen/Qwen2.5-1.5B-Instruct -> None requests
[2026-08-22 13:21:13.009 Model_Service_2] [PAPER-KV-V6] fetch Qwen/Qwen2.5-7B-Instruct -> None requests
[2026-08-22 13:21:13.011 Model_Service_5] [PAPER-KV-V6] fetch meta-llama/Llama-3.2-3B -> None requests
[2026-08-22 13:21:13.013 Model_Service_0] [PAPER-KV-V6] fetch Qwen/Qwen2.5-1.5B-Instruct -> None requests
[2026-08-22 13:21:13.019 Model_Service_2] [PAPER-KV-V6] fetch Qwen/Qwen2.5-7B-Instruct -> None requests
[2026-08-22 13:21:13.022 Model_Service_5] [PAPER-KV-V6] fetch meta-llama/Llama-3.2-3B -> None requests
[2026-08-22 13:21:13.023 Model_Service_0] [PAPER-KV-V6] fetch Qwen/Qwen2.5-1.5B-Instruct -> None requests
[2026-08-22 13:21:13.030 Model_Service_2] [PAPER-KV-V6] fetch Qwen/Qwen2.5-7B-Instruct -> None requests
[2026-08-22 13:21:13.032 Model_Service_5] [PAPER-KV-V6] fetch meta-llama/Llama-3.2-3B -> None requests
[2026-08-22 13:21:13.033 Model_Service_0] [PAPER-KV-V6] fetch Qwen/Qwen2.5-1.5B-Instruct -> None requests
[2026-08-22 13:21:13.040 Model_Service_2] [PAPER-KV-V6] fetch Qwen/Qwen2.5-7B-Instruct -> None requests
[2026-08-22 13:21:13.042 Model_Service_5] [PAPER-KV-V6] fetch meta-llama/Llama-3.2-3B -> None requests
[2026-08-22 13:21:13.044 Model_Service_0] [PAPER-KV-V6] fetch Qwen/Qwen2.5-1.5B-Instruct -> None requests
[2026-08-22 13:21:13.050 Model_Service_2] [PAPER-KV-V6] fetch Qwen/Qwen2.5-7B-Instruct -> None requests
[2026-08-22 13:21:13.052 Model_Service_5] [PAPER-KV-V6] fetch meta-llama/Llama-3.2-3B -> None requests
[2026-08-22 13:21:13.054 Model_Service_0] [PAPER-KV-V6] fetch Qwen/Qwen2.5-1.5B-Instruct -> None requests
[2026-08-22 13:21:13.061 Model_Service_2] [PAPER-KV-V6] fetch Qwen/Qwen2.5-7B-Instruct -> None requests
[2026-08-22 13:21:13.063 Model_Service_5] [PAPER-KV-V6] fetch meta-llama/Llama-3.2-3B -> None requests
[2026-08-22 13:21:13.064 Model_Service_0] [PAPER-KV-V6] fetch Qwen/Qwen2.5-1.5B-Instruct -> None requests
[2026-08-22 13:21:13.071 Model_Service_2] [PAPER-KV-V6] fetch Qwen/Qwen2.5-7B-Instruct -> None requests
[2026-08-22 13:21:13.073 Model_Service_5] [PAPER-KV-V6] fetch meta-llama/Llama-3.2-3B -> None requests
[2026-08-22 13:21:13.074 Model_Service_0] [PAPER-KV-V6] fetch Qwen/Qwen2.5-1.5B-Instruct -> None requests
[2026-08-22 13:21:13.081 Model_Service_2] [PAPER-KV-V6] fetch Qwen/Qwen2.5-7B-Instruct -> None requests
[2026-08-22 13:21:13.083 Model_Service_5] [PAPER-KV-V6] fetch meta-llama/Llama-3.2-3B -> None requests
[2026-08-22 13:21:13.085 Model_Service_0] [PAPER-KV-V6] fetch Qwen/Qwen2.5-1.5B-Instruct -> None requests
[2026-08-22 13:21:13.092 Model_Service_2] [PAPER-KV-V6] fetch Qwen/Qwen2.5-7B-Instruct -> None requests
[2026-08-22 13:21:13.093 Model_Service_5] [PAPER-KV-V6] fetch meta-llama/Llama-3.2-3B -> None requests
[2026-08-22 13:21:13.095 Model_Service_0] [PAPER-KV-V6] fetch Qwen/Qwen2.5-1.5B-Instruct -> None requests
[2026-08-22 13:21:13.102 Model_Service_2] [PAPER-KV-V6] fetch Qwen/Qwen2.5-7B-Instruct -> None requests
[2026-08-22 13:21:13.104 Model_Service_5] [PAPER-KV-V6] fetch meta-llama/Llama-3.2-3B -> None requests
[2026-08-22 13:21:13.105 Model_Service_0] [PAPER-KV-V6] fetch Qwen/Qwen2.5-1.5B-Instruct -> None requests
[2026-08-22 13:21:13.112 Model_Service_2] [PAPER-KV-V6] fetch Qwen/Qwen2.5-7B-Instruct -> None requests
[2026-08-22 13:21:13.114 Model_Service_5] [PAPER-KV-V6] fetch meta-llama/Llama-3.2-3B -> None requests
[2026-08-22 13:21:13.116 Model_Service_0] [PAPER-KV-V6] fetch Qwen/Qwen2.5-1.5B-Instruct -> None requests
[2026-08-22 13:21:13.123 Model_Service_2] [PAPER-KV-V6] fetch Qwen/Qwen2.5-7B-Instruct -> None requests
[2026-08-22 13:21:13.124 Model_Service_5] [PAPER-KV-V6] fetch meta-llama/Llama-3.2-3B -> None requests
[2026-08-22 13:21:13.126 Model_Service_0] [PAPER-KV-V6] fetch Qwen/Qwen2.5-1.5B-Instruct -> None requests
[2026-08-22 13:21:13.133 Model_Service_2] [PAPER-KV-V6] fetch Qwen/Qwen2.5-7B-Instruct -> None requests
[2026-08-22 13:21:13.135 Model_Service_5] [PAPER-KV-V6] fetch meta-llama/Llama-3.2-3B -> None requests
[2026-08-22 13:21:13.136 Model_Service_0] [PAPER-KV-V6] fetch Qwen/Qwen2.5-1.5B-Instruct -> None requests
[2026-08-22 13:21:13.143 Model_Service_2] [PAPER-KV-V6] fetch Qwen/Qwen2.5-7B-Instruct -> None requests
[2026-08-22 13:21:13.145 Model_Service_5] [PAPER-KV-V6] fetch meta-llama/Llama-3.2-3B -> None requests
[2026-08-22 13:21:13.146 Model_Service_0] [PAPER-KV-V6] fetch Qwen/Qwen2.5-1.5B-Instruct -> None requests
[2026-08-22 13:21:13.153 Model_Service_2] [PAPER-KV-V6] fetch Qwen/Qwen2.5-7B-Instruct -> None requests
[2026-08-22 13:21:13.155 Model_Service_5] [PAPER-KV-V6] fetch meta-llama/Llama-3.2-3B -> None requests
[2026-08-22 13:21:13.157 Model_Service_0] [PAPER-KV-V6] fetch Qwen/Qwen2.5-1.5B-Instruct -> None requests
[2026-08-22 13:21:13.164 Model_Service_2] [PAPER-KV-V6] fetch Qwen/Qwen2.5-7B-Instruct -> None requests
[2026-08-22 13:21:13.165 Model_Service_5] [PAPER-KV-V6] fetch meta-llama/Llama-3.2-3B -> None requests
[2026-08-22 13:21:13.167 Model_Service_0] [PAPER-KV-V6] fetch Qwen/Qwen2.5-1.5B-Instruct -> None requests
[2026-08-22 13:21:13.174 Model_Service_2] [PAPER-KV-V6] fetch Qwen/Qwen2.5-7B-Instruct -> None requests
[2026-08-22 13:21:13.176 Model_Service_5] [PAPER-KV-V6] fetch meta-llama/Llama-3.2-3B -> None requests
[2026-08-22 13:21:13.177 Model_Service_0] [PAPER-KV-V6] fetch Qwen/Qwen2.5-1.5B-Instruct -> None requests
[2026-08-22 13:21:13.184 Model_Service_2] [PAPER-KV-V6] fetch Qwen/Qwen2.5-7B-Instruct -> None requests
[2026-08-22 13:21:13.186 Model_Service_5] [PAPER-KV-V6] fetch meta-llama/Llama-3.2-3B -> None requests
[2026-08-22 13:21:13.188 Model_Service_0] [PAPER-KV-V6] fetch Qwen/Qwen2.5-1.5B-Instruct -> None requests
[2026-08-22 13:21:13.195 Model_Service_2] [PAPER-KV-V6] fetch Qwen/Qwen2.5-7B-Instruct -> None requests
[2026-08-22 13:21:13.196 Model_Service_5] [PAPER-KV-V6] fetch meta-llama/Llama-3.2-3B -> None requests
[2026-08-22 13:21:13.198 Model_Service_0] [PAPER-KV-V6] fetch Qwen/Qwen2.5-1.5B-Instruct -> None requests
[2026-08-22 13:21:13.205 Model_Service_2] [PAPER-KV-V6] fetch Qwen/Qwen2.5-7B-Instruct -> None requests
[2026-08-22 13:21:13.207 Model_Service_5] [PAPER-KV-V6] fetch meta-llama/Llama-3.2-3B -> None requests
[2026-08-22 13:21:13.208 Model_Service_0] [PAPER-KV-V6] fetch Qwen/Qwen2.5-1.5B-Instruct -> None requests
[2026-08-22 13:21:13.215 Model_Service_2] [PAPER-KV-V6] fetch Qwen/Qwen2.5-7B-Instruct -> None requests
[2026-08-22 13:21:13.217 Model_Service_5] [PAPER-KV-V6] fetch meta-llama/Llama-3.2-3B -> None requests
[2026-08-22 13:21:13.219 Model_Service_0] [PAPER-KV-V6] fetch Qwen/Qwen2.5-1.5B-Instruct -> None requests
[2026-08-22 13:21:13.226 Model_Service_2] [PAPER-KV-V6] fetch Qwen/Qwen2.5-7B-Instruct -> None requests
[2026-08-22 13:21:13.227 Model_Service_5] [PAPER-KV-V6] fetch meta-llama/Llama-3.2-3B -> None requests
[2026-08-22 13:21:13.229 Model_Service_0] [PAPER-KV-V6] fetch Qwen/Qwen2.5-1.5B-Instruct -> None requests
[2026-08-22 13:21:13.236 Model_Service_2] [PAPER-KV-V6] fetch Qwen/Qwen2.5-7B-Instruct -> None requests
[2026-08-22 13:21:13.237 Model_Service_5] [PAPER-KV-V6] fetch meta-llama/Llama-3.2-3B -> None requests
[2026-08-22 13:21:13.239 Model_Service_0] [PAPER-KV-V6] fetch Qwen/Qwen2.5-1.5B-Instruct -> None requests
[2026-08-22 13:21:13.246 Model_Service_2] [PAPER-KV-V6] fetch Qwen/Qwen2.5-7B-Instruct -> None requests
[2026-08-22 13:21:13.248 Model_Service_5] [PAPER-KV-V6] fetch meta-llama/Llama-3.2-3B -> None requests
[2026-08-22 13:21:13.249 Model_Service_0] [PAPER-KV-V6] fetch Qwen/Qwen2.5-1.5B-Instruct -> None requests
[2026-08-22 13:21:13.257 Model_Service_2] [PAPER-KV-V6] fetch Qwen/Qwen2.5-7B-Instruct -> None requests
[2026-08-22 13:21:13.258 Model_Service_5] [PAPER-KV-V6] fetch meta-llama/Llama-3.2-3B -> None requests
[2026-08-22 13:21:13.260 Model_Service_0] [PAPER-KV-V6] fetch Qwen/Qwen2.5-1.5B-Instruct -> None requests
[2026-08-22 13:21:13.267 Model_Service_2] [PAPER-KV-V6] fetch Qwen/Qwen2.5-7B-Instruct -> None requests
[2026-08-22 13:21:13.268 Model_Service_5] [PAPER-KV-V6] fetch meta-llama/Llama-3.2-3B -> None requests
[2026-08-22 13:21:13.270 Model_Service_0] [PAPER-KV-V6] fetch Qwen/Qwen2.5-1.5B-Instruct -> None requests
[2026-08-22 13:21:13.277 Model_Service_2] [PAPER-KV-V6] fetch Qwen/Qwen2.5-7B-Instruct -> None requests
[2026-08-22 13:21:13.278 Model_Service_5] [PAPER-KV-V6] fetch meta-llama/Llama-3.2-3B -> None requests
[2026-08-22 13:21:13.280 Model_Service_0] [PAPER-KV-V6] fetch Qwen/Qwen2.5-1.5B-Instruct -> None requests
[2026-08-22 13:21:13.288 Model_Service_2] [PAPER-KV-V6] fetch Qwen/Qwen2.5-7B-Instruct -> None requests
[2026-08-22 13:21:13.289 Model_Service_5] [PAPER-KV-V6] fetch meta-llama/Llama-3.2-3B -> None requests
[2026-08-22 13:21:13.291 Model_Service_0] [PAPER-KV-V6] fetch Qwen/Qwen2.5-1.5B-Instruct -> None requests
[2026-08-22 13:21:13.298 Model_Service_2] [PAPER-KV-V6] fetch Qwen/Qwen2.5-7B-Instruct -> None requests
[2026-08-22 13:21:13.299 Model_Service_5] [PAPER-KV-V6] fetch meta-llama/Llama-3.2-3B -> None requests
[2026-08-22 13:21:13.301 Model_Service_0] [PAPER-KV-V6] fetch Qwen/Qwen2.5-1.5B-Instruct -> None requests
[2026-08-22 13:21:13.308 Model_Service_2] [PAPER-KV-V6] fetch Qwen/Qwen2.5-7B-Instruct -> None requests
[2026-08-22 13:21:13.309 Model_Service_5] [PAPER-KV-V6] fetch meta-llama/Llama-3.2-3B -> None requests
[2026-08-22 13:21:13.311 Model_Service_0] [PAPER-KV-V6] fetch Qwen/Qwen2.5-1.5B-Instruct -> None requests
[2026-08-22 13:21:13.319 Model_Service_2] [PAPER-KV-V6] fetch Qwen/Qwen2.5-7B-Instruct -> None requests
[2026-08-22 13:21:13.320 Model_Service_5] [PAPER-KV-V6] fetch meta-llama/Llama-3.2-3B -> None requests
[2026-08-22 13:21:13.321 Model_Service_0] [PAPER-KV-V6] fetch Qwen/Qwen2.5-1.5B-Instruct -> None requests
[2026-08-22 13:21:13.329 Model_Service_2] [PAPER-KV-V6] fetch Qwen/Qwen2.5-7B-Instruct -> None requests
[2026-08-22 13:21:13.330 Model_Service_5] [PAPER-KV-V6] fetch meta-llama/Llama-3.2-3B -> None requests
[2026-08-22 13:21:13.332 Model_Service_0] [PAPER-KV-V6] fetch Qwen/Qwen2.5-1.5B-Instruct -> None requests
[2026-08-22 13:21:13.339 Model_Service_2] [PAPER-KV-V6] fetch Qwen/Qwen2.5-7B-Instruct -> None requests
[2026-08-22 13:21:13.340 Model_Service_5] [PAPER-KV-V6] fetch meta-llama/Llama-3.2-3B -> None requests
[2026-08-22 13:21:13.342 Model_Service_0] [PAPER-KV-V6] fetch Qwen/Qwen2.5-1.5B-Instruct -> None requests
[2026-08-22 13:21:13.349 Model_Service_2] [PAPER-KV-V6] fetch Qwen/Qwen2.5-7B-Instruct -> None requests
[2026-08-22 13:21:13.350 Model_Service_5] [PAPER-KV-V6] fetch meta-llama/Llama-3.2-3B -> None requests
[2026-08-22 13:21:13.352 Model_Service_0] [PAPER-KV-V6] fetch Qwen/Qwen2.5-1.5B-Instruct -> None requests
[2026-08-22 13:21:13.360 Model_Service_2] [PAPER-KV-V6] fetch Qwen/Qwen2.5-7B-Instruct -> None requests
[2026-08-22 13:21:13.361 Model_Service_5] [PAPER-KV-V6] fetch meta-llama/Llama-3.2-3B -> None requests
[2026-08-22 13:21:13.363 Model_Service_0] [PAPER-KV-V6] fetch Qwen/Qwen2.5-1.5B-Instruct -> None requests
[2026-08-22 13:21:13.370 Model_Service_2] [PAPER-KV-V6] fetch Qwen/Qwen2.5-7B-Instruct -> None requests
[2026-08-22 13:21:13.371 Model_Service_5] [PAPER-KV-V6] fetch meta-llama/Llama-3.2-3B -> None requests
[2026-08-22 13:21:13.373 Model_Service_0] [PAPER-KV-V6] fetch Qwen/Qwen2.5-1.5B-Instruct -> None requests
[2026-08-22 13:21:13.380 Model_Service_2] [PAPER-KV-V6] fetch Qwen/Qwen2.5-7B-Instruct -> None requests
[2026-08-22 13:21:13.381 Model_Service_5] [PAPER-KV-V6] fetch meta-llama/Llama-3.2-3B -> None requests
[2026-08-22 13:21:13.384 Model_Service_0] [PAPER-KV-V6] fetch Qwen/Qwen2.5-1.5B-Instruct -> None requests
[2026-08-22 13:21:13.391 Model_Service_2] [PAPER-KV-V6] fetch Qwen/Qwen2.5-7B-Instruct -> None requests
[2026-08-22 13:21:13.392 Model_Service_5] [PAPER-KV-V6] fetch meta-llama/Llama-3.2-3B -> None requests
[2026-08-22 13:21:13.394 Model_Service_0] [PAPER-KV-V6] fetch Qwen/Qwen2.5-1.5B-Instruct -> None requests
[2026-08-22 13:21:13.401 Model_Service_2] [PAPER-KV-V6] fetch Qwen/Qwen2.5-7B-Instruct -> None requests
[2026-08-22 13:21:13.402 Model_Service_5] [PAPER-KV-V6] fetch meta-llama/Llama-3.2-3B -> None requests
[2026-08-22 13:21:13.404 Model_Service_0] [PAPER-KV-V6] fetch Qwen/Qwen2.5-1.5B-Instruct -> None requests
[2026-08-22 13:21:13.411 Model_Service_2] [PAPER-KV-V6] fetch Qwen/Qwen2.5-7B-Instruct -> None requests
[2026-08-22 13:21:13.412 Model_Service_5] [PAPER-KV-V6] fetch meta-llama/Llama-3.2-3B -> None requests
[2026-08-22 13:21:13.414 Model_Service_0] [PAPER-KV-V6] fetch Qwen/Qwen2.5-1.5B-Instruct -> None requests
[2026-08-22 13:21:13.422 Model_Service_2] [PAPER-KV-V6] fetch Qwen/Qwen2.5-7B-Instruct -> None requests
[2026-08-22 13:21:13.423 Model_Service_5] [PAPER-KV-V6] fetch meta-llama/Llama-3.2-3B -> None requests
[2026-08-22 13:21:13.425 Model_Service_0] [PAPER-KV-V6] fetch Qwen/Qwen2.5-1.5B-Instruct -> None requests
[2026-08-22 13:21:13.430 Model_Service_1] Model service 1 input queue is empty, waiting for next request
[2026-08-22 13:21:13.432 Model_Service_2] [PAPER-KV-V6] fetch Qwen/Qwen2.5-7B-Instruct -> None requests
[2026-08-22 13:21:13.433 Model_Service_5] [PAPER-KV-V6] fetch meta-llama/Llama-3.2-3B -> None requests
[2026-08-22 13:21:13.435 Model_Service_0] [PAPER-KV-V6] fetch Qwen/Qwen2.5-1.5B-Instruct -> None requests
[2026-08-22 13:21:13.442 Model_Service_2] [PAPER-KV-V6] fetch Qwen/Qwen2.5-7B-Instruct -> None requests
[2026-08-22 13:21:13.443 Model_Service_5] [PAPER-KV-V6] fetch meta-llama/Llama-3.2-3B -> None requests
[2026-08-22 13:21:13.445 Model_Service_0] [PAPER-KV-V6] fetch Qwen/Qwen2.5-1.5B-Instruct -> None requests
[2026-08-22 13:21:13.453 Model_Service_2] [PAPER-KV-V6] fetch Qwen/Qwen2.5-7B-Instruct -> None requests
[2026-08-22 13:21:13.453 Model_Service_5] [PAPER-KV-V6] fetch meta-llama/Llama-3.2-3B -> None requests
[2026-08-22 13:21:13.456 Model_Service_0] [PAPER-KV-V6] fetch Qwen/Qwen2.5-1.5B-Instruct -> None requests
[2026-08-22 13:21:13.463 Model_Service_2] [PAPER-KV-V6] fetch Qwen/Qwen2.5-7B-Instruct -> None requests
[2026-08-22 13:21:13.464 Model_Service_5] [PAPER-KV-V6] fetch meta-llama/Llama-3.2-3B -> None requests
[2026-08-22 13:21:13.466 Model_Service_0] [PAPER-KV-V6] fetch Qwen/Qwen2.5-1.5B-Instruct -> None requests
[2026-08-22 13:21:13.473 Model_Service_2] [PAPER-KV-V6] fetch Qwen/Qwen2.5-7B-Instruct -> None requests
[2026-08-22 13:21:13.474 Model_Service_5] [PAPER-KV-V6] fetch meta-llama/Llama-3.2-3B -> None requests
[2026-08-22 13:21:13.476 Model_Service_0] [PAPER-KV-V6] fetch Qwen/Qwen2.5-1.5B-Instruct -> None requests
[2026-08-22 13:21:13.484 Model_Service_2] [PAPER-KV-V6] fetch Qwen/Qwen2.5-7B-Instruct -> None requests
[2026-08-22 13:21:13.484 Model_Service_5] [PAPER-KV-V6] fetch meta-llama/Llama-3.2-3B -> None requests
[2026-08-22 13:21:13.487 Model_Service_0] [PAPER-KV-V6] fetch Qwen/Qwen2.5-1.5B-Instruct -> None requests
[2026-08-22 13:21:13.494 Model_Service_2] [PAPER-KV-V6] fetch Qwen/Qwen2.5-7B-Instruct -> None requests
[2026-08-22 13:21:13.495 Model_Service_5] [PAPER-KV-V6] fetch meta-llama/Llama-3.2-3B -> None requests
[2026-08-22 13:21:13.497 Model_Service_0] [PAPER-KV-V6] fetch Qwen/Qwen2.5-1.5B-Instruct -> None requests
[2026-08-22 13:21:13.504 Model_Service_2] [PAPER-KV-V6] fetch Qwen/Qwen2.5-7B-Instruct -> None requests
[2026-08-22 13:21:13.505 Model_Service_5] [PAPER-KV-V6] fetch meta-llama/Llama-3.2-3B -> None requests
[2026-08-22 13:21:13.507 Model_Service_0] [PAPER-KV-V6] fetch Qwen/Qwen2.5-1.5B-Instruct -> None requests
[2026-08-22 13:21:13.515 Model_Service_2] [PAPER-KV-V6] fetch Qwen/Qwen2.5-7B-Instruct -> None requests
[2026-08-22 13:21:13.515 Model_Service_5] [PAPER-KV-V6] fetch meta-llama/Llama-3.2-3B -> None requests
[2026-08-22 13:21:13.518 Model_Service_0] [PAPER-KV-V6] fetch Qwen/Qwen2.5-1.5B-Instruct -> None requests
[2026-08-22 13:21:13.525 Model_Service_2] [PAPER-KV-V6] fetch Qwen/Qwen2.5-7B-Instruct -> None requests
[2026-08-22 13:21:13.525 Model_Service_5] [PAPER-KV-V6] fetch meta-llama/Llama-3.2-3B -> None requests
[2026-08-22 13:21:13.528 Model_Service_0] [PAPER-KV-V6] fetch Qwen/Qwen2.5-1.5B-Instruct -> None requests
[2026-08-22 13:21:13.535 Model_Service_2] [PAPER-KV-V6] fetch Qwen/Qwen2.5-7B-Instruct -> None requests
[2026-08-22 13:21:13.536 Model_Service_5] [PAPER-KV-V6] fetch meta-llama/Llama-3.2-3B -> None requests
[2026-08-22 13:21:13.539 Model_Service_0] [PAPER-KV-V6] fetch Qwen/Qwen2.5-1.5B-Instruct -> None requests
[2026-08-22 13:21:13.546 Model_Service_2] [PAPER-KV-V6] fetch Qwen/Qwen2.5-7B-Instruct -> None requests
[2026-08-22 13:21:13.546 Model_Service_5] [PAPER-KV-V6] fetch meta-llama/Llama-3.2-3B -> None requests
[2026-08-22 13:21:13.549 Model_Service_0] [PAPER-KV-V6] fetch Qwen/Qwen2.5-1.5B-Instruct -> None requests
[2026-08-22 13:21:13.556 Model_Service_2] [PAPER-KV-V6] fetch Qwen/Qwen2.5-7B-Instruct -> None requests
[2026-08-22 13:21:13.556 Model_Service_5] [PAPER-KV-V6] fetch meta-llama/Llama-3.2-3B -> None requests
[2026-08-22 13:21:13.559 Model_Service_0] [PAPER-KV-V6] fetch Qwen/Qwen2.5-1.5B-Instruct -> None requests
[2026-08-22 13:21:13.566 Model_Service_2] [PAPER-KV-V6] fetch Qwen/Qwen2.5-7B-Instruct -> None requests
[2026-08-22 13:21:13.567 Model_Service_5] [PAPER-KV-V6] fetch meta-llama/Llama-3.2-3B -> None requests
[2026-08-22 13:21:13.570 Model_Service_0] [PAPER-KV-V6] fetch Qwen/Qwen2.5-1.5B-Instruct -> None requests
[2026-08-22 13:21:13.576 Model_Service_2] [PAPER-KV-V6] fetch Qwen/Qwen2.5-7B-Instruct -> None requests
[2026-08-22 13:21:13.577 Model_Service_5] [PAPER-KV-V6] fetch meta-llama/Llama-3.2-3B -> None requests
[2026-08-22 13:21:13.580 Model_Service_0] [PAPER-KV-V6] fetch Qwen/Qwen2.5-1.5B-Instruct -> None requests
[2026-08-22 13:21:13.587 Model_Service_2] [PAPER-KV-V6] fetch Qwen/Qwen2.5-7B-Instruct -> None requests
[2026-08-22 13:21:13.587 Model_Service_5] [PAPER-KV-V6] fetch meta-llama/Llama-3.2-3B -> None requests
[2026-08-22 13:21:13.590 Model_Service_0] [PAPER-KV-V6] fetch Qwen/Qwen2.5-1.5B-Instruct -> None requests
[2026-08-22 13:21:13.597 Model_Service_2] [PAPER-KV-V6] fetch Qwen/Qwen2.5-7B-Instruct -> None requests
[2026-08-22 13:21:13.597 Model_Service_5] [PAPER-KV-V6] fetch meta-llama/Llama-3.2-3B -> None requests
[2026-08-22 13:21:13.601 Model_Service_0] [PAPER-KV-V6] fetch Qwen/Qwen2.5-1.5B-Instruct -> None requests
[2026-08-22 13:21:13.607 Model_Service_2] [PAPER-KV-V6] fetch Qwen/Qwen2.5-7B-Instruct -> None requests
[2026-08-22 13:21:13.608 Model_Service_5] [PAPER-KV-V6] fetch meta-llama/Llama-3.2-3B -> None requests
[2026-08-22 13:21:13.611 Model_Service_0] [PAPER-KV-V6] fetch Qwen/Qwen2.5-1.5B-Instruct -> None requests
[2026-08-22 13:21:13.618 Model_Service_2] [PAPER-KV-V6] fetch Qwen/Qwen2.5-7B-Instruct -> None requests
[2026-08-22 13:21:13.618 Model_Service_5] [PAPER-KV-V6] fetch meta-llama/Llama-3.2-3B -> None requests
[2026-08-22 13:21:13.621 Model_Service_0] [PAPER-KV-V6] fetch Qwen/Qwen2.5-1.5B-Instruct -> None requests
[2026-08-22 13:21:13.628 Model_Service_2] [PAPER-KV-V6] fetch Qwen/Qwen2.5-7B-Instruct -> None requests
[2026-08-22 13:21:13.628 Model_Service_5] [PAPER-KV-V6] fetch meta-llama/Llama-3.2-3B -> None requests
[2026-08-22 13:21:13.632 Model_Service_0] [PAPER-KV-V6] fetch Qwen/Qwen2.5-1.5B-Instruct -> None requests
[2026-08-22 13:21:13.638 Model_Service_2] [PAPER-KV-V6] fetch Qwen/Qwen2.5-7B-Instruct -> None requests
[2026-08-22 13:21:13.638 Model_Service_5] [PAPER-KV-V6] fetch meta-llama/Llama-3.2-3B -> None requests
[2026-08-22 13:21:13.642 Model_Service_0] [PAPER-KV-V6] fetch Qwen/Qwen2.5-1.5B-Instruct -> None requests
[2026-08-22 13:21:13.649 Model_Service_2] [PAPER-KV-V6] fetch Qwen/Qwen2.5-7B-Instruct -> None requests
[2026-08-22 13:21:13.649 Model_Service_5] [PAPER-KV-V6] fetch meta-llama/Llama-3.2-3B -> None requests
[2026-08-22 13:21:13.652 Model_Service_0] [PAPER-KV-V6] fetch Qwen/Qwen2.5-1.5B-Instruct -> None requests
[2026-08-22 13:21:13.659 Model_Service_2] [PAPER-KV-V6] fetch Qwen/Qwen2.5-7B-Instruct -> None requests
[2026-08-22 13:21:13.659 Model_Service_5] [PAPER-KV-V6] fetch meta-llama/Llama-3.2-3B -> None requests
[2026-08-22 13:21:13.663 Model_Service_0] [PAPER-KV-V6] fetch Qwen/Qwen2.5-1.5B-Instruct -> None requests
[2026-08-22 13:21:13.669 Model_Service_2] [PAPER-KV-V6] fetch Qwen/Qwen2.5-7B-Instruct -> None requests
[2026-08-22 13:21:13.669 Model_Service_5] [PAPER-KV-V6] fetch meta-llama/Llama-3.2-3B -> None requests
[2026-08-22 13:21:13.673 Model_Service_0] [PAPER-KV-V6] fetch Qwen/Qwen2.5-1.5B-Instruct -> None requests
[2026-08-22 13:21:13.680 Model_Service_2] [PAPER-KV-V6] fetch Qwen/Qwen2.5-7B-Instruct -> None requests
[2026-08-22 13:21:13.680 Model_Service_5] [PAPER-KV-V6] fetch meta-llama/Llama-3.2-3B -> None requests
[2026-08-22 13:21:13.683 Model_Service_0] [PAPER-KV-V6] fetch Qwen/Qwen2.5-1.5B-Instruct -> None requests
[2026-08-22 13:21:13.690 Model_Service_2] [PAPER-KV-V6] fetch Qwen/Qwen2.5-7B-Instruct -> None requests
[2026-08-22 13:21:13.690 Model_Service_5] [PAPER-KV-V6] fetch meta-llama/Llama-3.2-3B -> None requests
[2026-08-22 13:21:13.694 Model_Service_0] [PAPER-KV-V6] fetch Qwen/Qwen2.5-1.5B-Instruct -> None requests
[2026-08-22 13:21:13.700 Model_Service_2] [PAPER-KV-V6] fetch Qwen/Qwen2.5-7B-Instruct -> None requests
[2026-08-22 13:21:13.700 Model_Service_5] [PAPER-KV-V6] fetch meta-llama/Llama-3.2-3B -> None requests
[2026-08-22 13:21:13.704 Model_Service_0] [PAPER-KV-V6] fetch Qwen/Qwen2.5-1.5B-Instruct -> None requests
[2026-08-22 13:21:13.710 Model_Service_2] [PAPER-KV-V6] fetch Qwen/Qwen2.5-7B-Instruct -> None requests
[2026-08-22 13:21:13.711 Model_Service_5] [PAPER-KV-V6] fetch meta-llama/Llama-3.2-3B -> None requests
[2026-08-22 13:21:13.714 Model_Service_0] [PAPER-KV-V6] fetch Qwen/Qwen2.5-1.5B-Instruct -> None requests
[2026-08-22 13:21:13.721 Model_Service_2] [PAPER-KV-V6] fetch Qwen/Qwen2.5-7B-Instruct -> None requests
[2026-08-22 13:21:13.721 Model_Service_5] [PAPER-KV-V6] fetch meta-llama/Llama-3.2-3B -> None requests
[2026-08-22 13:21:13.725 Model_Service_0] [PAPER-KV-V6] fetch Qwen/Qwen2.5-1.5B-Instruct -> None requests
[2026-08-22 13:21:13.731 Model_Service_2] [PAPER-KV-V6] fetch Qwen/Qwen2.5-7B-Instruct -> None requests
[2026-08-22 13:21:13.731 Model_Service_5] [PAPER-KV-V6] fetch meta-llama/Llama-3.2-3B -> None requests
[2026-08-22 13:21:13.735 Model_Service_0] [PAPER-KV-V6] fetch Qwen/Qwen2.5-1.5B-Instruct -> None requests
[2026-08-22 13:21:13.741 Model_Service_2] [PAPER-KV-V6] fetch Qwen/Qwen2.5-7B-Instruct -> None requests
[2026-08-22 13:21:13.741 Model_Service_5] [PAPER-KV-V6] fetch meta-llama/Llama-3.2-3B -> None requests
[2026-08-22 13:21:13.745 Model_Service_0] [PAPER-KV-V6] fetch Qwen/Qwen2.5-1.5B-Instruct -> None requests
[2026-08-22 13:21:13.752 Model_Service_2] [PAPER-KV-V6] fetch Qwen/Qwen2.5-7B-Instruct -> None requests
[2026-08-22 13:21:13.752 Model_Service_5] [PAPER-KV-V6] fetch meta-llama/Llama-3.2-3B -> None requests
[2026-08-22 13:21:13.755 Model_Service_0] [PAPER-KV-V6] fetch Qwen/Qwen2.5-1.5B-Instruct -> None requests
[2026-08-22 13:21:13.762 Model_Service_2] [PAPER-KV-V6] fetch Qwen/Qwen2.5-7B-Instruct -> None requests
[2026-08-22 13:21:13.762 Model_Service_5] [PAPER-KV-V6] fetch meta-llama/Llama-3.2-3B -> None requests
[2026-08-22 13:21:13.766 Model_Service_0] [PAPER-KV-V6] fetch Qwen/Qwen2.5-1.5B-Instruct -> None requests
[2026-08-22 13:21:13.772 Model_Service_2] [PAPER-KV-V6] fetch Qwen/Qwen2.5-7B-Instruct -> None requests
[2026-08-22 13:21:13.772 Model_Service_5] [PAPER-KV-V6] fetch meta-llama/Llama-3.2-3B -> None requests
[2026-08-22 13:21:13.776 Model_Service_0] [PAPER-KV-V6] fetch Qwen/Qwen2.5-1.5B-Instruct -> None requests
[2026-08-22 13:21:13.782 Model_Service_2] [PAPER-KV-V6] fetch Qwen/Qwen2.5-7B-Instruct -> None requests
[2026-08-22 13:21:13.783 Model_Service_5] [PAPER-KV-V6] fetch meta-llama/Llama-3.2-3B -> None requests
[2026-08-22 13:21:13.786 Model_Service_0] [PAPER-KV-V6] fetch Qwen/Qwen2.5-1.5B-Instruct -> None requests
[2026-08-22 13:21:13.793 Model_Service_2] [PAPER-KV-V6] fetch Qwen/Qwen2.5-7B-Instruct -> None requests
[2026-08-22 13:21:13.793 Model_Service_5] [PAPER-KV-V6] fetch meta-llama/Llama-3.2-3B -> None requests
[2026-08-22 13:21:13.797 Model_Service_0] [PAPER-KV-V6] fetch Qwen/Qwen2.5-1.5B-Instruct -> None requests
[2026-08-22 13:21:13.803 Model_Service_2] [PAPER-KV-V6] fetch Qwen/Qwen2.5-7B-Instruct -> None requests
[2026-08-22 13:21:13.803 Model_Service_5] [PAPER-KV-V6] fetch meta-llama/Llama-3.2-3B -> None requests
[2026-08-22 13:21:13.807 Model_Service_0] [PAPER-KV-V6] fetch Qwen/Qwen2.5-1.5B-Instruct -> None requests
[2026-08-22 13:21:13.813 Model_Service_2] [PAPER-KV-V6] fetch Qwen/Qwen2.5-7B-Instruct -> None requests
[2026-08-22 13:21:13.813 Model_Service_5] [PAPER-KV-V6] fetch meta-llama/Llama-3.2-3B -> None requests
[2026-08-22 13:21:13.817 Model_Service_0] [PAPER-KV-V6] fetch Qwen/Qwen2.5-1.5B-Instruct -> None requests
[2026-08-22 13:21:13.824 Model_Service_2] [PAPER-KV-V6] fetch Qwen/Qwen2.5-7B-Instruct -> None requests
[2026-08-22 13:21:13.824 Model_Service_5] [PAPER-KV-V6] fetch meta-llama/Llama-3.2-3B -> None requests
[2026-08-22 13:21:13.827 Model_Service_0] [PAPER-KV-V6] fetch Qwen/Qwen2.5-1.5B-Instruct -> None requests
[2026-08-22 13:21:13.834 Model_Service_2] [PAPER-KV-V6] fetch Qwen/Qwen2.5-7B-Instruct -> None requests
[2026-08-22 13:21:13.834 Model_Service_5] [PAPER-KV-V6] fetch meta-llama/Llama-3.2-3B -> None requests
[2026-08-22 13:21:13.838 Model_Service_0] [PAPER-KV-V6] fetch Qwen/Qwen2.5-1.5B-Instruct -> None requests
[2026-08-22 13:21:13.844 Model_Service_2] [PAPER-KV-V6] fetch Qwen/Qwen2.5-7B-Instruct -> None requests
[2026-08-22 13:21:13.844 Model_Service_5] [PAPER-KV-V6] fetch meta-llama/Llama-3.2-3B -> None requests
[2026-08-22 13:21:13.848 Model_Service_0] [PAPER-KV-V6] fetch Qwen/Qwen2.5-1.5B-Instruct -> None requests
[2026-08-22 13:21:13.854 Model_Service_2] [PAPER-KV-V6] fetch Qwen/Qwen2.5-7B-Instruct -> None requests
[2026-08-22 13:21:13.855 Model_Service_5] [PAPER-KV-V6] fetch meta-llama/Llama-3.2-3B -> None requests
[2026-08-22 13:21:13.858 Model_Service_0] [PAPER-KV-V6] fetch Qwen/Qwen2.5-1.5B-Instruct -> None requests
[2026-08-22 13:21:13.865 Model_Service_2] [PAPER-KV-V6] fetch Qwen/Qwen2.5-7B-Instruct -> None requests
[2026-08-22 13:21:13.865 Model_Service_5] [PAPER-KV-V6] fetch meta-llama/Llama-3.2-3B -> None requests
[2026-08-22 13:21:13.869 Model_Service_0] [PAPER-KV-V6] fetch Qwen/Qwen2.5-1.5B-Instruct -> None requests
[2026-08-22 13:21:13.875 Model_Service_2] [PAPER-KV-V6] fetch Qwen/Qwen2.5-7B-Instruct -> None requests
[2026-08-22 13:21:13.875 Model_Service_5] [PAPER-KV-V6] fetch meta-llama/Llama-3.2-3B -> None requests
[2026-08-22 13:21:13.879 Model_Service_0] [PAPER-KV-V6] fetch Qwen/Qwen2.5-1.5B-Instruct -> None requests
[2026-08-22 13:21:13.885 Model_Service_2] [PAPER-KV-V6] fetch Qwen/Qwen2.5-7B-Instruct -> None requests
[2026-08-22 13:21:13.886 Model_Service_5] [PAPER-KV-V6] fetch meta-llama/Llama-3.2-3B -> None requests
[2026-08-22 13:21:13.889 Model_Service_0] [PAPER-KV-V6] fetch Qwen/Qwen2.5-1.5B-Instruct -> None requests
[2026-08-22 13:21:13.896 Model_Service_2] [PAPER-KV-V6] fetch Qwen/Qwen2.5-7B-Instruct -> None requests
[2026-08-22 13:21:13.896 Model_Service_5] [PAPER-KV-V6] fetch meta-llama/Llama-3.2-3B -> None requests
[2026-08-22 13:21:13.900 Model_Service_0] [PAPER-KV-V6] fetch Qwen/Qwen2.5-1.5B-Instruct -> None requests
[2026-08-22 13:21:13.906 Model_Service_2] [PAPER-KV-V6] fetch Qwen/Qwen2.5-7B-Instruct -> None requests
[2026-08-22 13:21:13.906 Model_Service_5] [PAPER-KV-V6] fetch meta-llama/Llama-3.2-3B -> None requests
[2026-08-22 13:21:13.910 Model_Service_0] [PAPER-KV-V6] fetch Qwen/Qwen2.5-1.5B-Instruct -> None requests
[2026-08-22 13:21:13.916 Model_Service_2] [PAPER-KV-V6] fetch Qwen/Qwen2.5-7B-Instruct -> None requests
[2026-08-22 13:21:13.916 Model_Service_5] [PAPER-KV-V6] fetch meta-llama/Llama-3.2-3B -> None requests
[2026-08-22 13:21:13.920 Model_Service_0] [PAPER-KV-V6] fetch Qwen/Qwen2.5-1.5B-Instruct -> None requests
[2026-08-22 13:21:13.926 Model_Service_2] [PAPER-KV-V6] fetch Qwen/Qwen2.5-7B-Instruct -> None requests
[2026-08-22 13:21:13.927 Model_Service_5] [PAPER-KV-V6] fetch meta-llama/Llama-3.2-3B -> None requests
[2026-08-22 13:21:13.930 Model_Service_0] [PAPER-KV-V6] fetch Qwen/Qwen2.5-1.5B-Instruct -> None requests
[2026-08-22 13:21:13.937 Model_Service_2] [PAPER-KV-V6] fetch Qwen/Qwen2.5-7B-Instruct -> None requests
[2026-08-22 13:21:13.937 Model_Service_5] [PAPER-KV-V6] fetch meta-llama/Llama-3.2-3B -> None requests
[2026-08-22 13:21:13.941 Model_Service_0] [PAPER-KV-V6] fetch Qwen/Qwen2.5-1.5B-Instruct -> None requests
[2026-08-22 13:21:13.947 Model_Service_2] [PAPER-KV-V6] fetch Qwen/Qwen2.5-7B-Instruct -> None requests
[2026-08-22 13:21:13.947 Model_Service_5] [PAPER-KV-V6] fetch meta-llama/Llama-3.2-3B -> None requests
[2026-08-22 13:21:13.951 Model_Service_0] [PAPER-KV-V6] fetch Qwen/Qwen2.5-1.5B-Instruct -> None requests
[2026-08-22 13:21:13.957 Model_Service_2] [PAPER-KV-V6] fetch Qwen/Qwen2.5-7B-Instruct -> None requests
[2026-08-22 13:21:13.957 Model_Service_5] [PAPER-KV-V6] fetch meta-llama/Llama-3.2-3B -> None requests
[2026-08-22 13:21:13.961 Model_Service_0] [PAPER-KV-V6] fetch Qwen/Qwen2.5-1.5B-Instruct -> None requests
[2026-08-22 13:21:13.967 Model_Service_2] [PAPER-KV-V6] fetch Qwen/Qwen2.5-7B-Instruct -> None requests
[2026-08-22 13:21:13.968 Model_Service_5] [PAPER-KV-V6] fetch meta-llama/Llama-3.2-3B -> None requests
[2026-08-22 13:21:13.972 Model_Service_0] [PAPER-KV-V6] fetch Qwen/Qwen2.5-1.5B-Instruct -> None requests
[2026-08-22 13:21:13.978 Model_Service_2] [PAPER-KV-V6] fetch Qwen/Qwen2.5-7B-Instruct -> None requests
[2026-08-22 13:21:13.978 Model_Service_5] [PAPER-KV-V6] fetch meta-llama/Llama-3.2-3B -> None requests
[2026-08-22 13:21:13.982 Model_Service_0] [PAPER-KV-V6] fetch Qwen/Qwen2.5-1.5B-Instruct -> None requests
[2026-08-22 13:21:13.988 Model_Service_2] [PAPER-KV-V6] fetch Qwen/Qwen2.5-7B-Instruct -> None requests
[2026-08-22 13:21:13.988 Model_Service_5] [PAPER-KV-V6] fetch meta-llama/Llama-3.2-3B -> None requests
[2026-08-22 13:21:13.992 Model_Service_0] [PAPER-KV-V6] fetch Qwen/Qwen2.5-1.5B-Instruct -> None requests
[2026-08-22 13:21:13.998 Model_Service_2] [PAPER-KV-V6] fetch Qwen/Qwen2.5-7B-Instruct -> None requests
[2026-08-22 13:21:13.998 Model_Service_5] [PAPER-KV-V6] fetch meta-llama/Llama-3.2-3B -> None requests
[2026-08-22 13:21:14.002 Model_Service_0] [PAPER-KV-V6] fetch Qwen/Qwen2.5-1.5B-Instruct -> None requests
[2026-08-22 13:21:14.008 Model_Service_2] [PAPER-KV-V6] fetch Qwen/Qwen2.5-7B-Instruct -> None requests
[2026-08-22 13:21:14.009 Model_Service_5] [PAPER-KV-V6] fetch meta-llama/Llama-3.2-3B -> None requests
[2026-08-22 13:21:14.013 Model_Service_0] [PAPER-KV-V6] fetch Qwen/Qwen2.5-1.5B-Instruct -> None requests
[2026-08-22 13:21:14.019 Model_Service_2] [PAPER-KV-V6] fetch Qwen/Qwen2.5-7B-Instruct -> None requests
[2026-08-22 13:21:14.019 Model_Service_5] [PAPER-KV-V6] fetch meta-llama/Llama-3.2-3B -> None requests
[2026-08-22 13:21:14.023 Model_Service_0] [PAPER-KV-V6] fetch Qwen/Qwen2.5-1.5B-Instruct -> None requests
[2026-08-22 13:21:14.029 Model_Service_2] [PAPER-KV-V6] fetch Qwen/Qwen2.5-7B-Instruct -> None requests
[2026-08-22 13:21:14.029 Model_Service_5] [PAPER-KV-V6] fetch meta-llama/Llama-3.2-3B -> None requests
[2026-08-22 13:21:14.033 Model_Service_0] [PAPER-KV-V6] fetch Qwen/Qwen2.5-1.5B-Instruct -> None requests
[2026-08-22 13:21:14.039 Model_Service_2] [PAPER-KV-V6] fetch Qwen/Qwen2.5-7B-Instruct -> None requests
[2026-08-22 13:21:14.040 Model_Service_5] [PAPER-KV-V6] fetch meta-llama/Llama-3.2-3B -> None requests
[2026-08-22 13:21:14.044 Model_Service_0] [PAPER-KV-V6] fetch Qwen/Qwen2.5-1.5B-Instruct -> None requests
[2026-08-22 13:21:14.050 Model_Service_2] [PAPER-KV-V6] fetch Qwen/Qwen2.5-7B-Instruct -> None requests
[2026-08-22 13:21:14.050 Model_Service_5] [PAPER-KV-V6] fetch meta-llama/Llama-3.2-3B -> None requests
[2026-08-22 13:21:14.054 Model_Service_0] [PAPER-KV-V6] fetch Qwen/Qwen2.5-1.5B-Instruct -> None requests
[2026-08-22 13:21:14.060 Model_Service_2] [PAPER-KV-V6] fetch Qwen/Qwen2.5-7B-Instruct -> None requests
[2026-08-22 13:21:14.060 Model_Service_5] [PAPER-KV-V6] fetch meta-llama/Llama-3.2-3B -> None requests
[2026-08-22 13:21:14.064 Model_Service_0] [PAPER-KV-V6] fetch Qwen/Qwen2.5-1.5B-Instruct -> None requests
[2026-08-22 13:21:14.070 Model_Service_2] [PAPER-KV-V6] fetch Qwen/Qwen2.5-7B-Instruct -> None requests
[2026-08-22 13:21:14.070 Model_Service_5] [PAPER-KV-V6] fetch meta-llama/Llama-3.2-3B -> None requests
[2026-08-22 13:21:14.074 Model_Service_0] [PAPER-KV-V6] fetch Qwen/Qwen2.5-1.5B-Instruct -> None requests
[2026-08-22 13:21:14.080 Model_Service_2] [PAPER-KV-V6] fetch Qwen/Qwen2.5-7B-Instruct -> None requests
[2026-08-22 13:21:14.081 Model_Service_5] [PAPER-KV-V6] fetch meta-llama/Llama-3.2-3B -> None requests
[2026-08-22 13:21:14.085 Model_Service_0] [PAPER-KV-V6] fetch Qwen/Qwen2.5-1.5B-Instruct -> None requests
[2026-08-22 13:21:14.091 Model_Service_2] [PAPER-KV-V6] fetch Qwen/Qwen2.5-7B-Instruct -> None requests
[2026-08-22 13:21:14.091 Model_Service_5] [PAPER-KV-V6] fetch meta-llama/Llama-3.2-3B -> None requests
[2026-08-22 13:21:14.095 Model_Service_0] [PAPER-KV-V6] fetch Qwen/Qwen2.5-1.5B-Instruct -> None requests
[2026-08-22 13:21:14.101 Model_Service_2] [PAPER-KV-V6] fetch Qwen/Qwen2.5-7B-Instruct -> None requests
[2026-08-22 13:21:14.101 Model_Service_5] [PAPER-KV-V6] fetch meta-llama/Llama-3.2-3B -> None requests
[2026-08-22 13:21:14.105 Model_Service_0] [PAPER-KV-V6] fetch Qwen/Qwen2.5-1.5B-Instruct -> None requests
[2026-08-22 13:21:14.111 Model_Service_2] [PAPER-KV-V6] fetch Qwen/Qwen2.5-7B-Instruct -> None requests
[2026-08-22 13:21:14.112 Model_Service_5] [PAPER-KV-V6] fetch meta-llama/Llama-3.2-3B -> None requests
[2026-08-22 13:21:14.116 Model_Service_0] [PAPER-KV-V6] fetch Qwen/Qwen2.5-1.5B-Instruct -> None requests
[2026-08-22 13:21:14.121 Model_Service_2] [PAPER-KV-V6] fetch Qwen/Qwen2.5-7B-Instruct -> None requests
[2026-08-22 13:21:14.122 Model_Service_5] [PAPER-KV-V6] fetch meta-llama/Llama-3.2-3B -> None requests
[2026-08-22 13:21:14.126 Model_Service_0] [PAPER-KV-V6] fetch Qwen/Qwen2.5-1.5B-Instruct -> None requests
[2026-08-22 13:21:14.132 Model_Service_2] [PAPER-KV-V6] fetch Qwen/Qwen2.5-7B-Instruct -> None requests
[2026-08-22 13:21:14.132 Model_Service_5] [PAPER-KV-V6] fetch meta-llama/Llama-3.2-3B -> None requests
[2026-08-22 13:21:14.136 Model_Service_0] [PAPER-KV-V6] fetch Qwen/Qwen2.5-1.5B-Instruct -> None requests
[2026-08-22 13:21:14.142 Model_Service_2] [PAPER-KV-V6] fetch Qwen/Qwen2.5-7B-Instruct -> None requests
[2026-08-22 13:21:14.143 Model_Service_5] [PAPER-KV-V6] fetch meta-llama/Llama-3.2-3B -> None requests
[2026-08-22 13:21:14.147 Model_Service_0] [PAPER-KV-V6] fetch Qwen/Qwen2.5-1.5B-Instruct -> None requests
[2026-08-22 13:21:14.152 Model_Service_2] [PAPER-KV-V6] fetch Qwen/Qwen2.5-7B-Instruct -> None requests
[2026-08-22 13:21:14.153 Model_Service_5] [PAPER-KV-V6] fetch meta-llama/Llama-3.2-3B -> None requests
[2026-08-22 13:21:14.157 Model_Service_0] [PAPER-KV-V6] fetch Qwen/Qwen2.5-1.5B-Instruct -> None requests
[2026-08-22 13:21:14.163 Model_Service_2] [PAPER-KV-V6] fetch Qwen/Qwen2.5-7B-Instruct -> None requests
[2026-08-22 13:21:14.163 Model_Service_5] [PAPER-KV-V6] fetch meta-llama/Llama-3.2-3B -> None requests
[2026-08-22 13:21:14.167 Model_Service_0] [PAPER-KV-V6] fetch Qwen/Qwen2.5-1.5B-Instruct -> None requests
[2026-08-22 13:21:14.173 Model_Service_2] [PAPER-KV-V6] fetch Qwen/Qwen2.5-7B-Instruct -> None requests
[2026-08-22 13:21:14.173 Model_Service_5] [PAPER-KV-V6] fetch meta-llama/Llama-3.2-3B -> None requests
[2026-08-22 13:21:14.178 Model_Service_0] [PAPER-KV-V6] fetch Qwen/Qwen2.5-1.5B-Instruct -> None requests
[2026-08-22 13:21:14.183 Model_Service_2] [PAPER-KV-V6] fetch Qwen/Qwen2.5-7B-Instruct -> None requests
[2026-08-22 13:21:14.184 Model_Service_5] [PAPER-KV-V6] fetch meta-llama/Llama-3.2-3B -> None requests
[2026-08-22 13:21:14.188 Model_Service_0] [PAPER-KV-V6] fetch Qwen/Qwen2.5-1.5B-Instruct -> None requests
[2026-08-22 13:21:14.193 Model_Service_2] [PAPER-KV-V6] fetch Qwen/Qwen2.5-7B-Instruct -> None requests
[2026-08-22 13:21:14.194 Model_Service_5] [PAPER-KV-V6] fetch meta-llama/Llama-3.2-3B -> None requests
[2026-08-22 13:21:14.198 Model_Service_0] [PAPER-KV-V6] fetch Qwen/Qwen2.5-1.5B-Instruct -> None requests
[2026-08-22 13:21:14.204 Model_Service_2] [PAPER-KV-V6] fetch Qwen/Qwen2.5-7B-Instruct -> None requests
[2026-08-22 13:21:14.204 Model_Service_5] [PAPER-KV-V6] fetch meta-llama/Llama-3.2-3B -> None requests
[2026-08-22 13:21:14.209 Model_Service_0] [PAPER-KV-V6] fetch Qwen/Qwen2.5-1.5B-Instruct -> None requests
[2026-08-22 13:21:14.214 Model_Service_2] [PAPER-KV-V6] fetch Qwen/Qwen2.5-7B-Instruct -> None requests
[2026-08-22 13:21:14.214 Model_Service_5] [PAPER-KV-V6] fetch meta-llama/Llama-3.2-3B -> None requests
[2026-08-22 13:21:14.219 Model_Service_0] [PAPER-KV-V6] fetch Qwen/Qwen2.5-1.5B-Instruct -> None requests
[2026-08-22 13:21:14.224 Model_Service_2] [PAPER-KV-V6] fetch Qwen/Qwen2.5-7B-Instruct -> None requests
[2026-08-22 13:21:14.225 Model_Service_5] [PAPER-KV-V6] fetch meta-llama/Llama-3.2-3B -> None requests
[2026-08-22 13:21:14.230 Model_Service_0] [PAPER-KV-V6] fetch Qwen/Qwen2.5-1.5B-Instruct -> None requests
[2026-08-22 13:21:14.234 Model_Service_2] [PAPER-KV-V6] fetch Qwen/Qwen2.5-7B-Instruct -> None requests
[2026-08-22 13:21:14.235 Model_Service_5] [PAPER-KV-V6] fetch meta-llama/Llama-3.2-3B -> None requests
[2026-08-22 13:21:14.240 Model_Service_0] [PAPER-KV-V6] fetch Qwen/Qwen2.5-1.5B-Instruct -> None requests
[2026-08-22 13:21:14.245 Model_Service_2] [PAPER-KV-V6] fetch Qwen/Qwen2.5-7B-Instruct -> None requests
[2026-08-22 13:21:14.245 Model_Service_5] [PAPER-KV-V6] fetch meta-llama/Llama-3.2-3B -> None requests
[2026-08-22 13:21:14.250 Model_Service_0] [PAPER-KV-V6] fetch Qwen/Qwen2.5-1.5B-Instruct -> None requests
[2026-08-22 13:21:14.255 Model_Service_2] [PAPER-KV-V6] fetch Qwen/Qwen2.5-7B-Instruct -> None requests
[2026-08-22 13:21:14.255 Model_Service_5] [PAPER-KV-V6] fetch meta-llama/Llama-3.2-3B -> None requests
[2026-08-22 13:21:14.261 Model_Service_0] [PAPER-KV-V6] fetch Qwen/Qwen2.5-1.5B-Instruct -> None requests
[2026-08-22 13:21:14.265 Model_Service_2] [PAPER-KV-V6] fetch Qwen/Qwen2.5-7B-Instruct -> None requests
[2026-08-22 13:21:14.266 Model_Service_5] [PAPER-KV-V6] fetch meta-llama/Llama-3.2-3B -> None requests
[2026-08-22 13:21:14.271 Model_Service_0] [PAPER-KV-V6] fetch Qwen/Qwen2.5-1.5B-Instruct -> None requests
[2026-08-22 13:21:14.275 Model_Service_2] [PAPER-KV-V6] fetch Qwen/Qwen2.5-7B-Instruct -> None requests
[2026-08-22 13:21:14.276 Model_Service_5] [PAPER-KV-V6] fetch meta-llama/Llama-3.2-3B -> None requests
[2026-08-22 13:21:14.281 Model_Service_0] [PAPER-KV-V6] fetch Qwen/Qwen2.5-1.5B-Instruct -> None requests
[2026-08-22 13:21:14.286 Model_Service_2] [PAPER-KV-V6] fetch Qwen/Qwen2.5-7B-Instruct -> None requests
[2026-08-22 13:21:14.286 Model_Service_5] [PAPER-KV-V6] fetch meta-llama/Llama-3.2-3B -> None requests
[2026-08-22 13:21:14.292 Model_Service_0] [PAPER-KV-V6] fetch Qwen/Qwen2.5-1.5B-Instruct -> None requests
[2026-08-22 13:21:14.296 Model_Service_2] [PAPER-KV-V6] fetch Qwen/Qwen2.5-7B-Instruct -> None requests
[2026-08-22 13:21:14.296 Model_Service_5] [PAPER-KV-V6] fetch meta-llama/Llama-3.2-3B -> None requests
[2026-08-22 13:21:14.302 Model_Service_0] [PAPER-KV-V6] fetch Qwen/Qwen2.5-1.5B-Instruct -> None requests
[2026-08-22 13:21:14.306 Model_Service_2] [PAPER-KV-V6] fetch Qwen/Qwen2.5-7B-Instruct -> None requests
[2026-08-22 13:21:14.307 Model_Service_5] [PAPER-KV-V6] fetch meta-llama/Llama-3.2-3B -> None requests
[2026-08-22 13:21:14.312 Model_Service_0] [PAPER-KV-V6] fetch Qwen/Qwen2.5-1.5B-Instruct -> None requests
[2026-08-22 13:21:14.317 Model_Service_2] [PAPER-KV-V6] fetch Qwen/Qwen2.5-7B-Instruct -> None requests
[2026-08-22 13:21:14.317 Model_Service_5] [PAPER-KV-V6] fetch meta-llama/Llama-3.2-3B -> None requests
[2026-08-22 13:21:14.323 Model_Service_0] [PAPER-KV-V6] fetch Qwen/Qwen2.5-1.5B-Instruct -> None requests
[2026-08-22 13:21:14.327 Model_Service_2] [PAPER-KV-V6] fetch Qwen/Qwen2.5-7B-Instruct -> None requests
[2026-08-22 13:21:14.327 Model_Service_5] [PAPER-KV-V6] fetch meta-llama/Llama-3.2-3B -> None requests
[2026-08-22 13:21:14.333 Model_Service_0] [PAPER-KV-V6] fetch Qwen/Qwen2.5-1.5B-Instruct -> None requests
[2026-08-22 13:21:14.337 Model_Service_2] [PAPER-KV-V6] fetch Qwen/Qwen2.5-7B-Instruct -> None requests
[2026-08-22 13:21:14.337 Model_Service_5] [PAPER-KV-V6] fetch meta-llama/Llama-3.2-3B -> None requests
[2026-08-22 13:21:14.343 Model_Service_0] [PAPER-KV-V6] fetch Qwen/Qwen2.5-1.5B-Instruct -> None requests
[2026-08-22 13:21:14.348 Model_Service_2] [PAPER-KV-V6] fetch Qwen/Qwen2.5-7B-Instruct -> None requests
[2026-08-22 13:21:14.348 Model_Service_5] [PAPER-KV-V6] fetch meta-llama/Llama-3.2-3B -> None requests
[2026-08-22 13:21:14.354 Model_Service_0] [PAPER-KV-V6] fetch Qwen/Qwen2.5-1.5B-Instruct -> None requests
[2026-08-22 13:21:14.358 Model_Service_2] [PAPER-KV-V6] fetch Qwen/Qwen2.5-7B-Instruct -> None requests
[2026-08-22 13:21:14.358 Model_Service_5] [PAPER-KV-V6] fetch meta-llama/Llama-3.2-3B -> None requests
[2026-08-22 13:21:14.364 Model_Service_0] [PAPER-KV-V6] fetch Qwen/Qwen2.5-1.5B-Instruct -> None requests
[2026-08-22 13:21:14.368 Model_Service_2] [PAPER-KV-V6] fetch Qwen/Qwen2.5-7B-Instruct -> None requests
[2026-08-22 13:21:14.368 Model_Service_5] [PAPER-KV-V6] fetch meta-llama/Llama-3.2-3B -> None requests
[2026-08-22 13:21:14.375 Model_Service_0] [PAPER-KV-V6] fetch Qwen/Qwen2.5-1.5B-Instruct -> None requests
[2026-08-22 13:21:14.378 Model_Service_2] [PAPER-KV-V6] fetch Qwen/Qwen2.5-7B-Instruct -> None requests
[2026-08-22 13:21:14.379 Model_Service_5] [PAPER-KV-V6] fetch meta-llama/Llama-3.2-3B -> None requests
[2026-08-22 13:21:14.385 Model_Service_0] [PAPER-KV-V6] fetch Qwen/Qwen2.5-1.5B-Instruct -> None requests
[2026-08-22 13:21:14.389 Model_Service_2] [PAPER-KV-V6] fetch Qwen/Qwen2.5-7B-Instruct -> None requests
[2026-08-22 13:21:14.389 Model_Service_5] [PAPER-KV-V6] fetch meta-llama/Llama-3.2-3B -> None requests
[2026-08-22 13:21:14.395 Model_Service_0] [PAPER-KV-V6] fetch Qwen/Qwen2.5-1.5B-Instruct -> None requests
[2026-08-22 13:21:14.399 Model_Service_2] [PAPER-KV-V6] fetch Qwen/Qwen2.5-7B-Instruct -> None requests
[2026-08-22 13:21:14.399 Model_Service_5] [PAPER-KV-V6] fetch meta-llama/Llama-3.2-3B -> None requests
[2026-08-22 13:21:14.406 Model_Service_0] [PAPER-KV-V6] fetch Qwen/Qwen2.5-1.5B-Instruct -> None requests
[2026-08-22 13:21:14.409 Model_Service_2] [PAPER-KV-V6] fetch Qwen/Qwen2.5-7B-Instruct -> None requests
[2026-08-22 13:21:14.410 Model_Service_5] [PAPER-KV-V6] fetch meta-llama/Llama-3.2-3B -> None requests
[2026-08-22 13:21:14.416 Model_Service_0] [PAPER-KV-V6] fetch Qwen/Qwen2.5-1.5B-Instruct -> None requests
[2026-08-22 13:21:14.419 Model_Service_2] [PAPER-KV-V6] fetch Qwen/Qwen2.5-7B-Instruct -> None requests
[2026-08-22 13:21:14.420 Model_Service_5] [PAPER-KV-V6] fetch meta-llama/Llama-3.2-3B -> None requests
[2026-08-22 13:21:14.427 Model_Service_0] [PAPER-KV-V6] fetch Qwen/Qwen2.5-1.5B-Instruct -> None requests
[2026-08-22 13:21:14.430 Model_Service_2] [PAPER-KV-V6] fetch Qwen/Qwen2.5-7B-Instruct -> None requests
[2026-08-22 13:21:14.430 Model_Service_5] [PAPER-KV-V6] fetch meta-llama/Llama-3.2-3B -> None requests
[2026-08-22 13:21:14.437 Model_Service_0] [PAPER-KV-V6] fetch Qwen/Qwen2.5-1.5B-Instruct -> None requests
[2026-08-22 13:21:14.440 Model_Service_2] [PAPER-KV-V6] fetch Qwen/Qwen2.5-7B-Instruct -> None requests
[2026-08-22 13:21:14.441 Model_Service_5] [PAPER-KV-V6] fetch meta-llama/Llama-3.2-3B -> None requests
[2026-08-22 13:21:14.447 Model_Service_0] [PAPER-KV-V6] fetch Qwen/Qwen2.5-1.5B-Instruct -> None requests
[2026-08-22 13:21:14.450 Model_Service_2] [PAPER-KV-V6] fetch Qwen/Qwen2.5-7B-Instruct -> None requests
[2026-08-22 13:21:14.451 Model_Service_5] [PAPER-KV-V6] fetch meta-llama/Llama-3.2-3B -> None requests
[2026-08-22 13:21:14.458 Model_Service_0] [PAPER-KV-V6] fetch Qwen/Qwen2.5-1.5B-Instruct -> None requests
[2026-08-22 13:21:14.461 Model_Service_2] [PAPER-KV-V6] fetch Qwen/Qwen2.5-7B-Instruct -> None requests
[2026-08-22 13:21:14.461 Model_Service_5] [PAPER-KV-V6] fetch meta-llama/Llama-3.2-3B -> None requests
[2026-08-22 13:21:14.468 Model_Service_0] [PAPER-KV-V6] fetch Qwen/Qwen2.5-1.5B-Instruct -> None requests
[2026-08-22 13:21:14.471 Model_Service_2] [PAPER-KV-V6] fetch Qwen/Qwen2.5-7B-Instruct -> None requests
[2026-08-22 13:21:14.472 Model_Service_5] [PAPER-KV-V6] fetch meta-llama/Llama-3.2-3B -> None requests
[2026-08-22 13:21:14.478 Model_Service_0] [PAPER-KV-V6] fetch Qwen/Qwen2.5-1.5B-Instruct -> None requests
[2026-08-22 13:21:14.481 Model_Service_2] [PAPER-KV-V6] fetch Qwen/Qwen2.5-7B-Instruct -> None requests
[2026-08-22 13:21:14.482 Model_Service_5] [PAPER-KV-V6] fetch meta-llama/Llama-3.2-3B -> None requests
[2026-08-22 13:21:14.489 Model_Service_0] [PAPER-KV-V6] fetch Qwen/Qwen2.5-1.5B-Instruct -> None requests
[2026-08-22 13:21:14.491 Model_Service_2] [PAPER-KV-V6] fetch Qwen/Qwen2.5-7B-Instruct -> None requests
[2026-08-22 13:21:14.492 Model_Service_5] [PAPER-KV-V6] fetch meta-llama/Llama-3.2-3B -> None requests
[2026-08-22 13:21:14.499 Model_Service_0] [PAPER-KV-V6] fetch Qwen/Qwen2.5-1.5B-Instruct -> None requests
[2026-08-22 13:21:14.502 Model_Service_2] [PAPER-KV-V6] fetch Qwen/Qwen2.5-7B-Instruct -> None requests
[2026-08-22 13:21:14.502 Model_Service_5] [PAPER-KV-V6] fetch meta-llama/Llama-3.2-3B -> None requests
[2026-08-22 13:21:14.509 Model_Service_0] [PAPER-KV-V6] fetch Qwen/Qwen2.5-1.5B-Instruct -> None requests
[2026-08-22 13:21:14.512 Model_Service_2] [PAPER-KV-V6] fetch Qwen/Qwen2.5-7B-Instruct -> None requests
[2026-08-22 13:21:14.513 Model_Service_5] [PAPER-KV-V6] fetch meta-llama/Llama-3.2-3B -> None requests
[2026-08-22 13:21:14.520 Model_Service_0] [PAPER-KV-V6] fetch Qwen/Qwen2.5-1.5B-Instruct -> None requests
[2026-08-22 13:21:14.520 Model_Service_3] Model service 3 input queue is empty, waiting for next request
[2026-08-22 13:21:14.522 Model_Service_2] [PAPER-KV-V6] fetch Qwen/Qwen2.5-7B-Instruct -> None requests
[2026-08-22 13:21:14.523 Model_Service_5] [PAPER-KV-V6] fetch meta-llama/Llama-3.2-3B -> None requests
[2026-08-22 13:21:14.530 Model_Service_0] [PAPER-KV-V6] fetch Qwen/Qwen2.5-1.5B-Instruct -> None requests
[2026-08-22 13:21:14.533 Model_Service_2] [PAPER-KV-V6] fetch Qwen/Qwen2.5-7B-Instruct -> None requests
[2026-08-22 13:21:14.533 Model_Service_5] [PAPER-KV-V6] fetch meta-llama/Llama-3.2-3B -> None requests
[2026-08-22 13:21:14.540 Model_Service_0] [PAPER-KV-V6] fetch Qwen/Qwen2.5-1.5B-Instruct -> None requests
[2026-08-22 13:21:14.543 Model_Service_2] [PAPER-KV-V6] fetch Qwen/Qwen2.5-7B-Instruct -> None requests
[2026-08-22 13:21:14.544 Model_Service_5] [PAPER-KV-V6] fetch meta-llama/Llama-3.2-3B -> None requests
[2026-08-22 13:21:14.551 Model_Service_0] [PAPER-KV-V6] fetch Qwen/Qwen2.5-1.5B-Instruct -> None requests
[2026-08-22 13:21:14.553 Model_Service_2] [PAPER-KV-V6] fetch Qwen/Qwen2.5-7B-Instruct -> None requests
[2026-08-22 13:21:14.554 Model_Service_5] [PAPER-KV-V6] fetch meta-llama/Llama-3.2-3B -> None requests
[2026-08-22 13:21:14.561 Model_Service_0] [PAPER-KV-V6] fetch Qwen/Qwen2.5-1.5B-Instruct -> None requests
[2026-08-22 13:21:14.564 Model_Service_2] [PAPER-KV-V6] fetch Qwen/Qwen2.5-7B-Instruct -> None requests
[2026-08-22 13:21:14.564 Model_Service_5] [PAPER-KV-V6] fetch meta-llama/Llama-3.2-3B -> None requests
[2026-08-22 13:21:14.572 Model_Service_0] [PAPER-KV-V6] fetch Qwen/Qwen2.5-1.5B-Instruct -> None requests
[2026-08-22 13:21:14.574 Model_Service_2] [PAPER-KV-V6] fetch Qwen/Qwen2.5-7B-Instruct -> None requests
[2026-08-22 13:21:14.575 Model_Service_5] [PAPER-KV-V6] fetch meta-llama/Llama-3.2-3B -> None requests
[2026-08-22 13:21:14.582 Model_Service_0] [PAPER-KV-V6] fetch Qwen/Qwen2.5-1.5B-Instruct -> None requests
[2026-08-22 13:21:14.584 Model_Service_2] [PAPER-KV-V6] fetch Qwen/Qwen2.5-7B-Instruct -> None requests
[2026-08-22 13:21:14.585 Model_Service_5] [PAPER-KV-V6] fetch meta-llama/Llama-3.2-3B -> None requests
[2026-08-22 13:21:14.592 Model_Service_0] [PAPER-KV-V6] fetch Qwen/Qwen2.5-1.5B-Instruct -> None requests
[2026-08-22 13:21:14.595 Model_Service_2] [PAPER-KV-V6] fetch Qwen/Qwen2.5-7B-Instruct -> None requests
[2026-08-22 13:21:14.595 Model_Service_5] [PAPER-KV-V6] fetch meta-llama/Llama-3.2-3B -> None requests
[2026-08-22 13:21:14.603 Model_Service_0] [PAPER-KV-V6] fetch Qwen/Qwen2.5-1.5B-Instruct -> None requests
[2026-08-22 13:21:14.605 Model_Service_2] [PAPER-KV-V6] fetch Qwen/Qwen2.5-7B-Instruct -> None requests
[2026-08-22 13:21:14.606 Model_Service_5] [PAPER-KV-V6] fetch meta-llama/Llama-3.2-3B -> None requests
[2026-08-22 13:21:14.613 Model_Service_0] [PAPER-KV-V6] fetch Qwen/Qwen2.5-1.5B-Instruct -> None requests
[2026-08-22 13:21:14.615 Model_Service_2] [PAPER-KV-V6] fetch Qwen/Qwen2.5-7B-Instruct -> None requests
[2026-08-22 13:21:14.616 Model_Service_5] [PAPER-KV-V6] fetch meta-llama/Llama-3.2-3B -> None requests
[2026-08-22 13:21:14.623 Model_Service_0] [PAPER-KV-V6] fetch Qwen/Qwen2.5-1.5B-Instruct -> None requests
[2026-08-22 13:21:14.626 Model_Service_2] [PAPER-KV-V6] fetch Qwen/Qwen2.5-7B-Instruct -> None requests
[2026-08-22 13:21:14.626 Model_Service_5] [PAPER-KV-V6] fetch meta-llama/Llama-3.2-3B -> None requests
[2026-08-22 13:21:14.634 Model_Service_0] [PAPER-KV-V6] fetch Qwen/Qwen2.5-1.5B-Instruct -> None requests
[2026-08-22 13:21:14.636 Model_Service_2] [PAPER-KV-V6] fetch Qwen/Qwen2.5-7B-Instruct -> None requests
[2026-08-22 13:21:14.637 Model_Service_5] [PAPER-KV-V6] fetch meta-llama/Llama-3.2-3B -> None requests
[2026-08-22 13:21:14.644 Model_Service_0] [PAPER-KV-V6] fetch Qwen/Qwen2.5-1.5B-Instruct -> None requests
[2026-08-22 13:21:14.646 Model_Service_2] [PAPER-KV-V6] fetch Qwen/Qwen2.5-7B-Instruct -> None requests
[2026-08-22 13:21:14.647 Model_Service_5] [PAPER-KV-V6] fetch meta-llama/Llama-3.2-3B -> None requests
[2026-08-22 13:21:14.655 Model_Service_0] [PAPER-KV-V6] fetch Qwen/Qwen2.5-1.5B-Instruct -> None requests
[2026-08-22 13:21:14.657 Model_Service_2] [PAPER-KV-V6] fetch Qwen/Qwen2.5-7B-Instruct -> None requests
[2026-08-22 13:21:14.657 Model_Service_5] [PAPER-KV-V6] fetch meta-llama/Llama-3.2-3B -> None requests
[2026-08-22 13:21:14.665 Model_Service_0] [PAPER-KV-V6] fetch Qwen/Qwen2.5-1.5B-Instruct -> None requests
[2026-08-22 13:21:14.667 Model_Service_2] [PAPER-KV-V6] fetch Qwen/Qwen2.5-7B-Instruct -> None requests
[2026-08-22 13:21:14.668 Model_Service_5] [PAPER-KV-V6] fetch meta-llama/Llama-3.2-3B -> None requests
[2026-08-22 13:21:14.675 Model_Service_0] [PAPER-KV-V6] fetch Qwen/Qwen2.5-1.5B-Instruct -> None requests
[2026-08-22 13:21:14.677 Model_Service_2] [PAPER-KV-V6] fetch Qwen/Qwen2.5-7B-Instruct -> None requests
[2026-08-22 13:21:14.678 Model_Service_5] [PAPER-KV-V6] fetch meta-llama/Llama-3.2-3B -> None requests
[2026-08-22 13:21:14.686 Model_Service_0] [PAPER-KV-V6] fetch Qwen/Qwen2.5-1.5B-Instruct -> None requests
[2026-08-22 13:21:14.688 Model_Service_2] [PAPER-KV-V6] fetch Qwen/Qwen2.5-7B-Instruct -> None requests
[2026-08-22 13:21:14.688 Model_Service_5] [PAPER-KV-V6] fetch meta-llama/Llama-3.2-3B -> None requests
[2026-08-22 13:21:14.696 Model_Service_0] [PAPER-KV-V6] fetch Qwen/Qwen2.5-1.5B-Instruct -> None requests
[2026-08-22 13:21:14.698 Model_Service_2] [PAPER-KV-V6] fetch Qwen/Qwen2.5-7B-Instruct -> None requests
[2026-08-22 13:21:14.698 Model_Service_5] [PAPER-KV-V6] fetch meta-llama/Llama-3.2-3B -> None requests
[2026-08-22 13:21:14.706 Model_Service_0] [PAPER-KV-V6] fetch Qwen/Qwen2.5-1.5B-Instruct -> None requests
[2026-08-22 13:21:14.709 Model_Service_2] [PAPER-KV-V6] fetch Qwen/Qwen2.5-7B-Instruct -> None requests
[2026-08-22 13:21:14.709 Model_Service_5] [PAPER-KV-V6] fetch meta-llama/Llama-3.2-3B -> None requests
[2026-08-22 13:21:14.717 Model_Service_0] [PAPER-KV-V6] fetch Qwen/Qwen2.5-1.5B-Instruct -> None requests
[2026-08-22 13:21:14.719 Model_Service_2] [PAPER-KV-V6] fetch Qwen/Qwen2.5-7B-Instruct -> None requests
[2026-08-22 13:21:14.719 Model_Service_5] [PAPER-KV-V6] fetch meta-llama/Llama-3.2-3B -> None requests
[2026-08-22 13:21:14.727 Model_Service_0] [PAPER-KV-V6] fetch Qwen/Qwen2.5-1.5B-Instruct -> None requests
[2026-08-22 13:21:14.729 Model_Service_2] [PAPER-KV-V6] fetch Qwen/Qwen2.5-7B-Instruct -> None requests
[2026-08-22 13:21:14.729 Model_Service_5] [PAPER-KV-V6] fetch meta-llama/Llama-3.2-3B -> None requests
[2026-08-22 13:21:14.737 Model_Service_0] [PAPER-KV-V6] fetch Qwen/Qwen2.5-1.5B-Instruct -> None requests
[2026-08-22 13:21:14.740 Model_Service_2] [PAPER-KV-V6] fetch Qwen/Qwen2.5-7B-Instruct -> None requests
[2026-08-22 13:21:14.740 Model_Service_5] [PAPER-KV-V6] fetch meta-llama/Llama-3.2-3B -> None requests
[2026-08-22 13:21:14.748 Model_Service_0] [PAPER-KV-V6] fetch Qwen/Qwen2.5-1.5B-Instruct -> None requests
[2026-08-22 13:21:14.750 Model_Service_2] [PAPER-KV-V6] fetch Qwen/Qwen2.5-7B-Instruct -> None requests
[2026-08-22 13:21:14.750 Model_Service_5] [PAPER-KV-V6] fetch meta-llama/Llama-3.2-3B -> None requests
[2026-08-22 13:21:14.758 Model_Service_0] [PAPER-KV-V6] fetch Qwen/Qwen2.5-1.5B-Instruct -> None requests
[2026-08-22 13:21:14.760 Model_Service_2] [PAPER-KV-V6] fetch Qwen/Qwen2.5-7B-Instruct -> None requests
[2026-08-22 13:21:14.760 Model_Service_5] [PAPER-KV-V6] fetch meta-llama/Llama-3.2-3B -> None requests
[2026-08-22 13:21:14.768 Model_Service_0] [PAPER-KV-V6] fetch Qwen/Qwen2.5-1.5B-Instruct -> None requests
[2026-08-22 13:21:14.770 Model_Service_2] [PAPER-KV-V6] fetch Qwen/Qwen2.5-7B-Instruct -> None requests
[2026-08-22 13:21:14.771 Model_Service_5] [PAPER-KV-V6] fetch meta-llama/Llama-3.2-3B -> None requests
[2026-08-22 13:21:14.779 Model_Service_0] [PAPER-KV-V6] fetch Qwen/Qwen2.5-1.5B-Instruct -> None requests
[2026-08-22 13:21:14.781 Model_Service_2] [PAPER-KV-V6] fetch Qwen/Qwen2.5-7B-Instruct -> None requests
[2026-08-22 13:21:14.781 Model_Service_5] [PAPER-KV-V6] fetch meta-llama/Llama-3.2-3B -> None requests
[2026-08-22 13:21:14.789 Model_Service_0] [PAPER-KV-V6] fetch Qwen/Qwen2.5-1.5B-Instruct -> None requests
[2026-08-22 13:21:14.791 Model_Service_2] [PAPER-KV-V6] fetch Qwen/Qwen2.5-7B-Instruct -> None requests
[2026-08-22 13:21:14.791 Model_Service_5] [PAPER-KV-V6] fetch meta-llama/Llama-3.2-3B -> None requests
[2026-08-22 13:21:14.799 Model_Service_0] [PAPER-KV-V6] fetch Qwen/Qwen2.5-1.5B-Instruct -> None requests
[2026-08-22 13:21:14.801 Model_Service_2] [PAPER-KV-V6] fetch Qwen/Qwen2.5-7B-Instruct -> None requests
[2026-08-22 13:21:14.802 Model_Service_5] [PAPER-KV-V6] fetch meta-llama/Llama-3.2-3B -> None requests
[2026-08-22 13:21:14.810 Model_Service_0] [PAPER-KV-V6] fetch Qwen/Qwen2.5-1.5B-Instruct -> None requests
[2026-08-22 13:21:14.812 Model_Service_2] [PAPER-KV-V6] fetch Qwen/Qwen2.5-7B-Instruct -> None requests
[2026-08-22 13:21:14.812 Model_Service_5] [PAPER-KV-V6] fetch meta-llama/Llama-3.2-3B -> None requests
[2026-08-22 13:21:14.820 Model_Service_0] [PAPER-KV-V6] fetch Qwen/Qwen2.5-1.5B-Instruct -> None requests
[2026-08-22 13:21:14.822 Model_Service_2] [PAPER-KV-V6] fetch Qwen/Qwen2.5-7B-Instruct -> None requests
[2026-08-22 13:21:14.822 Model_Service_5] [PAPER-KV-V6] fetch meta-llama/Llama-3.2-3B -> None requests
[2026-08-22 13:21:14.830 Model_Service_0] [PAPER-KV-V6] fetch Qwen/Qwen2.5-1.5B-Instruct -> None requests
[2026-08-22 13:21:14.832 Model_Service_2] [PAPER-KV-V6] fetch Qwen/Qwen2.5-7B-Instruct -> None requests
[2026-08-22 13:21:14.833 Model_Service_5] [PAPER-KV-V6] fetch meta-llama/Llama-3.2-3B -> None requests
[2026-08-22 13:21:14.841 Model_Service_0] [PAPER-KV-V6] fetch Qwen/Qwen2.5-1.5B-Instruct -> None requests
[2026-08-22 13:21:14.843 Model_Service_2] [PAPER-KV-V6] fetch Qwen/Qwen2.5-7B-Instruct -> None requests
[2026-08-22 13:21:14.843 Model_Service_5] [PAPER-KV-V6] fetch meta-llama/Llama-3.2-3B -> None requests
[2026-08-22 13:21:14.851 Model_Service_0] [PAPER-KV-V6] fetch Qwen/Qwen2.5-1.5B-Instruct -> None requests
[2026-08-22 13:21:14.853 Model_Service_2] [PAPER-KV-V6] fetch Qwen/Qwen2.5-7B-Instruct -> None requests
[2026-08-22 13:21:14.853 Model_Service_5] [PAPER-KV-V6] fetch meta-llama/Llama-3.2-3B -> None requests
[2026-08-22 13:21:14.861 Model_Service_0] [PAPER-KV-V6] fetch Qwen/Qwen2.5-1.5B-Instruct -> None requests
[2026-08-22 13:21:14.863 Model_Service_2] [PAPER-KV-V6] fetch Qwen/Qwen2.5-7B-Instruct -> None requests
[2026-08-22 13:21:14.864 Model_Service_5] [PAPER-KV-V6] fetch meta-llama/Llama-3.2-3B -> None requests
[2026-08-22 13:21:14.872 Model_Service_0] [PAPER-KV-V6] fetch Qwen/Qwen2.5-1.5B-Instruct -> None requests
[2026-08-22 13:21:14.874 Model_Service_2] [PAPER-KV-V6] fetch Qwen/Qwen2.5-7B-Instruct -> None requests
[2026-08-22 13:21:14.874 Model_Service_5] [PAPER-KV-V6] fetch meta-llama/Llama-3.2-3B -> None requests
[2026-08-22 13:21:14.882 Model_Service_0] [PAPER-KV-V6] fetch Qwen/Qwen2.5-1.5B-Instruct -> None requests
[2026-08-22 13:21:14.884 Model_Service_2] [PAPER-KV-V6] fetch Qwen/Qwen2.5-7B-Instruct -> None requests
[2026-08-22 13:21:14.884 Model_Service_5] [PAPER-KV-V6] fetch meta-llama/Llama-3.2-3B -> None requests
[2026-08-22 13:21:14.892 Model_Service_0] [PAPER-KV-V6] fetch Qwen/Qwen2.5-1.5B-Instruct -> None requests
[2026-08-22 13:21:14.894 Model_Service_2] [PAPER-KV-V6] fetch Qwen/Qwen2.5-7B-Instruct -> None requests
[2026-08-22 13:21:14.895 Model_Service_5] [PAPER-KV-V6] fetch meta-llama/Llama-3.2-3B -> None requests
[2026-08-22 13:21:14.903 Model_Service_0] [PAPER-KV-V6] fetch Qwen/Qwen2.5-1.5B-Instruct -> None requests
[2026-08-22 13:21:14.905 Model_Service_2] [PAPER-KV-V6] fetch Qwen/Qwen2.5-7B-Instruct -> None requests
[2026-08-22 13:21:14.905 Model_Service_5] [PAPER-KV-V6] fetch meta-llama/Llama-3.2-3B -> None requests
[2026-08-22 13:21:14.913 Model_Service_0] [PAPER-KV-V6] fetch Qwen/Qwen2.5-1.5B-Instruct -> None requests
[2026-08-22 13:21:14.915 Model_Service_2] [PAPER-KV-V6] fetch Qwen/Qwen2.5-7B-Instruct -> None requests
[2026-08-22 13:21:14.916 Model_Service_5] [PAPER-KV-V6] fetch meta-llama/Llama-3.2-3B -> None requests
[2026-08-22 13:21:14.924 Model_Service_0] [PAPER-KV-V6] fetch Qwen/Qwen2.5-1.5B-Instruct -> None requests
[2026-08-22 13:21:14.926 Model_Service_2] [PAPER-KV-V6] fetch Qwen/Qwen2.5-7B-Instruct -> None requests
[2026-08-22 13:21:14.926 Model_Service_5] [PAPER-KV-V6] fetch meta-llama/Llama-3.2-3B -> None requests
[2026-08-22 13:21:14.934 Model_Service_0] [PAPER-KV-V6] fetch Qwen/Qwen2.5-1.5B-Instruct -> None requests
[2026-08-22 13:21:14.936 Model_Service_2] [PAPER-KV-V6] fetch Qwen/Qwen2.5-7B-Instruct -> None requests
[2026-08-22 13:21:14.936 Model_Service_5] [PAPER-KV-V6] fetch meta-llama/Llama-3.2-3B -> None requests
[2026-08-22 13:21:14.944 Model_Service_0] [PAPER-KV-V6] fetch Qwen/Qwen2.5-1.5B-Instruct -> None requests
[2026-08-22 13:21:14.946 Model_Service_2] [PAPER-KV-V6] fetch Qwen/Qwen2.5-7B-Instruct -> None requests
[2026-08-22 13:21:14.947 Model_Service_5] [PAPER-KV-V6] fetch meta-llama/Llama-3.2-3B -> None requests
[2026-08-22 13:21:14.955 Model_Service_0] [PAPER-KV-V6] fetch Qwen/Qwen2.5-1.5B-Instruct -> None requests
[2026-08-22 13:21:14.957 Model_Service_2] [PAPER-KV-V6] fetch Qwen/Qwen2.5-7B-Instruct -> None requests
[2026-08-22 13:21:14.957 Model_Service_5] [PAPER-KV-V6] fetch meta-llama/Llama-3.2-3B -> None requests
[2026-08-22 13:21:14.965 Model_Service_0] [PAPER-KV-V6] fetch Qwen/Qwen2.5-1.5B-Instruct -> None requests
[2026-08-22 13:21:14.967 Model_Service_2] [PAPER-KV-V6] fetch Qwen/Qwen2.5-7B-Instruct -> None requests
[2026-08-22 13:21:14.967 Model_Service_5] [PAPER-KV-V6] fetch meta-llama/Llama-3.2-3B -> None requests
[2026-08-22 13:21:14.976 Model_Service_0] [PAPER-KV-V6] fetch Qwen/Qwen2.5-1.5B-Instruct -> None requests
[2026-08-22 13:21:14.977 Model_Service_2] [PAPER-KV-V6] fetch Qwen/Qwen2.5-7B-Instruct -> None requests
[2026-08-22 13:21:14.978 Model_Service_5] [PAPER-KV-V6] fetch meta-llama/Llama-3.2-3B -> None requests
[2026-08-22 13:21:14.986 Model_Service_0] [PAPER-KV-V6] fetch Qwen/Qwen2.5-1.5B-Instruct -> None requests
[2026-08-22 13:21:14.988 Model_Service_2] [PAPER-KV-V6] fetch Qwen/Qwen2.5-7B-Instruct -> None requests
[2026-08-22 13:21:14.988 Model_Service_5] [PAPER-KV-V6] fetch meta-llama/Llama-3.2-3B -> None requests
[2026-08-22 13:21:14.997 Model_Service_0] [PAPER-KV-V6] fetch Qwen/Qwen2.5-1.5B-Instruct -> None requests
[2026-08-22 13:21:14.998 Model_Service_2] [PAPER-KV-V6] fetch Qwen/Qwen2.5-7B-Instruct -> None requests
[2026-08-22 13:21:14.998 Model_Service_5] [PAPER-KV-V6] fetch meta-llama/Llama-3.2-3B -> None requests
[2026-08-22 13:21:15.007 Model_Service_0] [PAPER-KV-V6] fetch Qwen/Qwen2.5-1.5B-Instruct -> None requests
[2026-08-22 13:21:15.009 Model_Service_2] [PAPER-KV-V6] fetch Qwen/Qwen2.5-7B-Instruct -> None requests
[2026-08-22 13:21:15.009 Model_Service_5] [PAPER-KV-V6] fetch meta-llama/Llama-3.2-3B -> None requests
[2026-08-22 13:21:15.018 Model_Service_0] [PAPER-KV-V6] fetch Qwen/Qwen2.5-1.5B-Instruct -> None requests
[2026-08-22 13:21:15.019 Model_Service_2] [PAPER-KV-V6] fetch Qwen/Qwen2.5-7B-Instruct -> None requests
[2026-08-22 13:21:15.019 Model_Service_5] [PAPER-KV-V6] fetch meta-llama/Llama-3.2-3B -> None requests
[2026-08-22 13:21:15.028 Model_Service_0] [PAPER-KV-V6] fetch Qwen/Qwen2.5-1.5B-Instruct -> None requests
[2026-08-22 13:21:15.029 Model_Service_2] [PAPER-KV-V6] fetch Qwen/Qwen2.5-7B-Instruct -> None requests
[2026-08-22 13:21:15.029 Model_Service_5] [PAPER-KV-V6] fetch meta-llama/Llama-3.2-3B -> None requests
[2026-08-22 13:21:15.039 Model_Service_0] [PAPER-KV-V6] fetch Qwen/Qwen2.5-1.5B-Instruct -> None requests
[2026-08-22 13:21:15.040 Model_Service_2] [PAPER-KV-V6] fetch Qwen/Qwen2.5-7B-Instruct -> None requests
[2026-08-22 13:21:15.040 Model_Service_5] [PAPER-KV-V6] fetch meta-llama/Llama-3.2-3B -> None requests
[2026-08-22 13:21:15.049 Model_Service_0] [PAPER-KV-V6] fetch Qwen/Qwen2.5-1.5B-Instruct -> None requests
[2026-08-22 13:21:15.050 Model_Service_2] [PAPER-KV-V6] fetch Qwen/Qwen2.5-7B-Instruct -> None requests
[2026-08-22 13:21:15.050 Model_Service_5] [PAPER-KV-V6] fetch meta-llama/Llama-3.2-3B -> None requests
[2026-08-22 13:21:15.059 Model_Service_0] [PAPER-KV-V6] fetch Qwen/Qwen2.5-1.5B-Instruct -> None requests
[2026-08-22 13:21:15.060 Model_Service_2] [PAPER-KV-V6] fetch Qwen/Qwen2.5-7B-Instruct -> None requests
[2026-08-22 13:21:15.061 Model_Service_5] [PAPER-KV-V6] fetch meta-llama/Llama-3.2-3B -> None requests
[2026-08-22 13:21:15.070 Model_Service_0] [PAPER-KV-V6] fetch Qwen/Qwen2.5-1.5B-Instruct -> None requests
[2026-08-22 13:21:15.071 Model_Service_2] [PAPER-KV-V6] fetch Qwen/Qwen2.5-7B-Instruct -> None requests
[2026-08-22 13:21:15.071 Model_Service_5] [PAPER-KV-V6] fetch meta-llama/Llama-3.2-3B -> None requests
[2026-08-22 13:21:15.081 Model_Service_0] [PAPER-KV-V6] fetch Qwen/Qwen2.5-1.5B-Instruct -> None requests
[2026-08-22 13:21:15.081 Model_Service_5] [PAPER-KV-V6] fetch meta-llama/Llama-3.2-3B -> None requests
[2026-08-22 13:21:15.081 Model_Service_2] [PAPER-KV-V6] fetch Qwen/Qwen2.5-7B-Instruct -> None requests
[2026-08-22 13:21:15.091 Model_Service_0] [PAPER-KV-V6] fetch Qwen/Qwen2.5-1.5B-Instruct -> None requests
[2026-08-22 13:21:15.092 Model_Service_2] [PAPER-KV-V6] fetch Qwen/Qwen2.5-7B-Instruct -> None requests
[2026-08-22 13:21:15.092 Model_Service_5] [PAPER-KV-V6] fetch meta-llama/Llama-3.2-3B -> None requests
[2026-08-22 13:21:15.102 Model_Service_5] [PAPER-KV-V6] fetch meta-llama/Llama-3.2-3B -> None requests
[2026-08-22 13:21:15.102 Model_Service_2] [PAPER-KV-V6] fetch Qwen/Qwen2.5-7B-Instruct -> None requests
[2026-08-22 13:21:15.103 Model_Service_0] [PAPER-KV-V6] fetch Qwen/Qwen2.5-1.5B-Instruct -> None requests
[2026-08-22 13:21:15.112 Model_Service_5] [PAPER-KV-V6] fetch meta-llama/Llama-3.2-3B -> None requests
[2026-08-22 13:21:15.112 Model_Service_2] [PAPER-KV-V6] fetch Qwen/Qwen2.5-7B-Instruct -> None requests
[2026-08-22 13:21:15.113 Model_Service_0] [PAPER-KV-V6] fetch Qwen/Qwen2.5-1.5B-Instruct -> None requests
[2026-08-22 13:21:15.123 Model_Service_5] [PAPER-KV-V6] fetch meta-llama/Llama-3.2-3B -> None requests
[2026-08-22 13:21:15.123 Model_Service_2] [PAPER-KV-V6] fetch Qwen/Qwen2.5-7B-Instruct -> None requests
[2026-08-22 13:21:15.124 Model_Service_0] [PAPER-KV-V6] fetch Qwen/Qwen2.5-1.5B-Instruct -> None requests
[2026-08-22 13:21:15.133 Model_Service_5] [PAPER-KV-V6] fetch meta-llama/Llama-3.2-3B -> None requests
[2026-08-22 13:21:15.133 Model_Service_2] [PAPER-KV-V6] fetch Qwen/Qwen2.5-7B-Instruct -> None requests
[2026-08-22 13:21:15.134 Model_Service_0] [PAPER-KV-V6] fetch Qwen/Qwen2.5-1.5B-Instruct -> None requests
[2026-08-22 13:21:15.143 Model_Service_2] [PAPER-KV-V6] fetch Qwen/Qwen2.5-7B-Instruct -> None requests
[2026-08-22 13:21:15.144 Model_Service_5] [PAPER-KV-V6] fetch meta-llama/Llama-3.2-3B -> None requests
[2026-08-22 13:21:15.144 Model_Service_0] [PAPER-KV-V6] fetch Qwen/Qwen2.5-1.5B-Instruct -> None requests
[2026-08-22 13:21:15.154 Model_Service_2] [PAPER-KV-V6] fetch Qwen/Qwen2.5-7B-Instruct -> None requests
[2026-08-22 13:21:15.154 Model_Service_5] [PAPER-KV-V6] fetch meta-llama/Llama-3.2-3B -> None requests
[2026-08-22 13:21:15.155 Model_Service_0] [PAPER-KV-V6] fetch Qwen/Qwen2.5-1.5B-Instruct -> None requests
[2026-08-22 13:21:15.164 Model_Service_2] [PAPER-KV-V6] fetch Qwen/Qwen2.5-7B-Instruct -> None requests
[2026-08-22 13:21:15.164 Model_Service_5] [PAPER-KV-V6] fetch meta-llama/Llama-3.2-3B -> None requests
[2026-08-22 13:21:15.165 Model_Service_0] [PAPER-KV-V6] fetch Qwen/Qwen2.5-1.5B-Instruct -> None requests
[2026-08-22 13:21:15.174 Model_Service_2] [PAPER-KV-V6] fetch Qwen/Qwen2.5-7B-Instruct -> None requests
[2026-08-22 13:21:15.174 Model_Service_5] [PAPER-KV-V6] fetch meta-llama/Llama-3.2-3B -> None requests
[2026-08-22 13:21:15.175 Model_Service_0] [PAPER-KV-V6] fetch Qwen/Qwen2.5-1.5B-Instruct -> None requests
[2026-08-22 13:21:15.185 Model_Service_2] [PAPER-KV-V6] fetch Qwen/Qwen2.5-7B-Instruct -> None requests
[2026-08-22 13:21:15.185 Model_Service_5] [PAPER-KV-V6] fetch meta-llama/Llama-3.2-3B -> None requests
[2026-08-22 13:21:15.186 Model_Service_0] [PAPER-KV-V6] fetch Qwen/Qwen2.5-1.5B-Instruct -> None requests
[2026-08-22 13:21:15.195 Model_Service_2] [PAPER-KV-V6] fetch Qwen/Qwen2.5-7B-Instruct -> None requests
[2026-08-22 13:21:15.195 Model_Service_5] [PAPER-KV-V6] fetch meta-llama/Llama-3.2-3B -> None requests
[2026-08-22 13:21:15.196 Model_Service_0] [PAPER-KV-V6] fetch Qwen/Qwen2.5-1.5B-Instruct -> None requests
[2026-08-22 13:21:15.205 Model_Service_2] [PAPER-KV-V6] fetch Qwen/Qwen2.5-7B-Instruct -> None requests
[2026-08-22 13:21:15.205 Model_Service_5] [PAPER-KV-V6] fetch meta-llama/Llama-3.2-3B -> None requests
[2026-08-22 13:21:15.206 Model_Service_0] [PAPER-KV-V6] fetch Qwen/Qwen2.5-1.5B-Instruct -> None requests
[2026-08-22 13:21:15.215 Model_Service_2] [PAPER-KV-V6] fetch Qwen/Qwen2.5-7B-Instruct -> None requests
[2026-08-22 13:21:15.215 Model_Service_5] [PAPER-KV-V6] fetch meta-llama/Llama-3.2-3B -> None requests
[2026-08-22 13:21:15.217 Model_Service_0] [PAPER-KV-V6] fetch Qwen/Qwen2.5-1.5B-Instruct -> None requests
[2026-08-22 13:21:15.226 Model_Service_2] [PAPER-KV-V6] fetch Qwen/Qwen2.5-7B-Instruct -> None requests
[2026-08-22 13:21:15.226 Model_Service_5] [PAPER-KV-V6] fetch meta-llama/Llama-3.2-3B -> None requests
[2026-08-22 13:21:15.227 Model_Service_0] [PAPER-KV-V6] fetch Qwen/Qwen2.5-1.5B-Instruct -> None requests
[2026-08-22 13:21:15.236 Model_Service_2] [PAPER-KV-V6] fetch Qwen/Qwen2.5-7B-Instruct -> None requests
[2026-08-22 13:21:15.236 Model_Service_5] [PAPER-KV-V6] fetch meta-llama/Llama-3.2-3B -> None requests
[2026-08-22 13:21:15.237 Model_Service_0] [PAPER-KV-V6] fetch Qwen/Qwen2.5-1.5B-Instruct -> None requests
[2026-08-22 13:21:15.246 Model_Service_2] [PAPER-KV-V6] fetch Qwen/Qwen2.5-7B-Instruct -> None requests
[2026-08-22 13:21:15.246 Model_Service_5] [PAPER-KV-V6] fetch meta-llama/Llama-3.2-3B -> None requests
[2026-08-22 13:21:15.248 Model_Service_0] [PAPER-KV-V6] fetch Qwen/Qwen2.5-1.5B-Instruct -> None requests
[2026-08-22 13:21:15.256 Model_Service_2] [PAPER-KV-V6] fetch Qwen/Qwen2.5-7B-Instruct -> None requests
[2026-08-22 13:21:15.257 Model_Service_5] [PAPER-KV-V6] fetch meta-llama/Llama-3.2-3B -> None requests
[2026-08-22 13:21:15.258 Model_Service_0] [PAPER-KV-V6] fetch Qwen/Qwen2.5-1.5B-Instruct -> None requests
[2026-08-22 13:21:15.267 Model_Service_2] [PAPER-KV-V6] fetch Qwen/Qwen2.5-7B-Instruct -> None requests
[2026-08-22 13:21:15.267 Model_Service_5] [PAPER-KV-V6] fetch meta-llama/Llama-3.2-3B -> None requests
[2026-08-22 13:21:15.268 Model_Service_0] [PAPER-KV-V6] fetch Qwen/Qwen2.5-1.5B-Instruct -> None requests
[2026-08-22 13:21:15.277 Model_Service_2] [PAPER-KV-V6] fetch Qwen/Qwen2.5-7B-Instruct -> None requests
[2026-08-22 13:21:15.277 Model_Service_5] [PAPER-KV-V6] fetch meta-llama/Llama-3.2-3B -> None requests
[2026-08-22 13:21:15.279 Model_Service_0] [PAPER-KV-V6] fetch Qwen/Qwen2.5-1.5B-Instruct -> None requests
[2026-08-22 13:21:15.287 Model_Service_2] [PAPER-KV-V6] fetch Qwen/Qwen2.5-7B-Instruct -> None requests
[2026-08-22 13:21:15.287 Model_Service_5] [PAPER-KV-V6] fetch meta-llama/Llama-3.2-3B -> None requests
[2026-08-22 13:21:15.289 Model_Service_0] [PAPER-KV-V6] fetch Qwen/Qwen2.5-1.5B-Instruct -> None requests
[2026-08-22 13:21:15.297 Model_Service_2] [PAPER-KV-V6] fetch Qwen/Qwen2.5-7B-Instruct -> None requests
[2026-08-22 13:21:15.298 Model_Service_5] [PAPER-KV-V6] fetch meta-llama/Llama-3.2-3B -> None requests
[2026-08-22 13:21:15.299 Model_Service_0] [PAPER-KV-V6] fetch Qwen/Qwen2.5-1.5B-Instruct -> None requests
[2026-08-22 13:21:15.308 Model_Service_2] [PAPER-KV-V6] fetch Qwen/Qwen2.5-7B-Instruct -> None requests
[2026-08-22 13:21:15.308 Model_Service_5] [PAPER-KV-V6] fetch meta-llama/Llama-3.2-3B -> None requests
[2026-08-22 13:21:15.309 Model_Service_0] [PAPER-KV-V6] fetch Qwen/Qwen2.5-1.5B-Instruct -> None requests
[2026-08-22 13:21:15.318 Model_Service_2] [PAPER-KV-V6] fetch Qwen/Qwen2.5-7B-Instruct -> None requests
[2026-08-22 13:21:15.318 Model_Service_5] [PAPER-KV-V6] fetch meta-llama/Llama-3.2-3B -> None requests
[2026-08-22 13:21:15.320 Model_Service_0] [PAPER-KV-V6] fetch Qwen/Qwen2.5-1.5B-Instruct -> None requests
[2026-08-22 13:21:15.328 Model_Service_2] [PAPER-KV-V6] fetch Qwen/Qwen2.5-7B-Instruct -> None requests
[2026-08-22 13:21:15.329 Model_Service_5] [PAPER-KV-V6] fetch meta-llama/Llama-3.2-3B -> None requests
[2026-08-22 13:21:15.330 Model_Service_0] [PAPER-KV-V6] fetch Qwen/Qwen2.5-1.5B-Instruct -> None requests
[2026-08-22 13:21:15.339 Model_Service_2] [PAPER-KV-V6] fetch Qwen/Qwen2.5-7B-Instruct -> None requests
[2026-08-22 13:21:15.339 Model_Service_5] [PAPER-KV-V6] fetch meta-llama/Llama-3.2-3B -> None requests
[2026-08-22 13:21:15.340 Model_Service_0] [PAPER-KV-V6] fetch Qwen/Qwen2.5-1.5B-Instruct -> None requests
[2026-08-22 13:21:15.349 Model_Service_2] [PAPER-KV-V6] fetch Qwen/Qwen2.5-7B-Instruct -> None requests
[2026-08-22 13:21:15.349 Model_Service_5] [PAPER-KV-V6] fetch meta-llama/Llama-3.2-3B -> None requests
[2026-08-22 13:21:15.350 Model_Service_0] [PAPER-KV-V6] fetch Qwen/Qwen2.5-1.5B-Instruct -> None requests
[2026-08-22 13:21:15.359 Model_Service_2] [PAPER-KV-V6] fetch Qwen/Qwen2.5-7B-Instruct -> None requests
[2026-08-22 13:21:15.360 Model_Service_5] [PAPER-KV-V6] fetch meta-llama/Llama-3.2-3B -> None requests
[2026-08-22 13:21:15.361 Model_Service_0] [PAPER-KV-V6] fetch Qwen/Qwen2.5-1.5B-Instruct -> None requests
[2026-08-22 13:21:15.369 Model_Service_2] [PAPER-KV-V6] fetch Qwen/Qwen2.5-7B-Instruct -> None requests
[2026-08-22 13:21:15.370 Model_Service_5] [PAPER-KV-V6] fetch meta-llama/Llama-3.2-3B -> None requests
[2026-08-22 13:21:15.371 Model_Service_0] [PAPER-KV-V6] fetch Qwen/Qwen2.5-1.5B-Instruct -> None requests
[2026-08-22 13:21:15.380 Model_Service_2] [PAPER-KV-V6] fetch Qwen/Qwen2.5-7B-Instruct -> None requests
[2026-08-22 13:21:15.380 Model_Service_5] [PAPER-KV-V6] fetch meta-llama/Llama-3.2-3B -> None requests
[2026-08-22 13:21:15.381 Model_Service_0] [PAPER-KV-V6] fetch Qwen/Qwen2.5-1.5B-Instruct -> None requests
[2026-08-22 13:21:15.390 Model_Service_2] [PAPER-KV-V6] fetch Qwen/Qwen2.5-7B-Instruct -> None requests
[2026-08-22 13:21:15.391 Model_Service_5] [PAPER-KV-V6] fetch meta-llama/Llama-3.2-3B -> None requests
[2026-08-22 13:21:15.392 Model_Service_0] [PAPER-KV-V6] fetch Qwen/Qwen2.5-1.5B-Instruct -> None requests
[2026-08-22 13:21:15.400 Model_Service_2] [PAPER-KV-V6] fetch Qwen/Qwen2.5-7B-Instruct -> None requests
[2026-08-22 13:21:15.401 Model_Service_5] [PAPER-KV-V6] fetch meta-llama/Llama-3.2-3B -> None requests
[2026-08-22 13:21:15.402 Model_Service_0] [PAPER-KV-V6] fetch Qwen/Qwen2.5-1.5B-Instruct -> None requests
[2026-08-22 13:21:15.411 Model_Service_2] [PAPER-KV-V6] fetch Qwen/Qwen2.5-7B-Instruct -> None requests
[2026-08-22 13:21:15.412 Model_Service_5] [PAPER-KV-V6] fetch meta-llama/Llama-3.2-3B -> None requests
[2026-08-22 13:21:15.412 Model_Service_0] [PAPER-KV-V6] fetch Qwen/Qwen2.5-1.5B-Instruct -> None requests
[2026-08-22 13:21:15.421 Model_Service_2] [PAPER-KV-V6] fetch Qwen/Qwen2.5-7B-Instruct -> None requests
[2026-08-22 13:21:15.422 Model_Service_5] [PAPER-KV-V6] fetch meta-llama/Llama-3.2-3B -> None requests
[2026-08-22 13:21:15.422 Model_Service_0] [PAPER-KV-V6] fetch Qwen/Qwen2.5-1.5B-Instruct -> None requests
[2026-08-22 13:21:15.431 Model_Service_2] [PAPER-KV-V6] fetch Qwen/Qwen2.5-7B-Instruct -> None requests
[2026-08-22 13:21:15.432 Model_Service_5] [PAPER-KV-V6] fetch meta-llama/Llama-3.2-3B -> None requests
[2026-08-22 13:21:15.433 Model_Service_0] [PAPER-KV-V6] fetch Qwen/Qwen2.5-1.5B-Instruct -> None requests
[2026-08-22 13:21:15.442 Model_Service_2] [PAPER-KV-V6] fetch Qwen/Qwen2.5-7B-Instruct -> None requests
[2026-08-22 13:21:15.443 Model_Service_5] [PAPER-KV-V6] fetch meta-llama/Llama-3.2-3B -> None requests
[2026-08-22 13:21:15.443 Model_Service_0] [PAPER-KV-V6] fetch Qwen/Qwen2.5-1.5B-Instruct -> None requests
[2026-08-22 13:21:15.452 Model_Service_2] [PAPER-KV-V6] fetch Qwen/Qwen2.5-7B-Instruct -> None requests
[2026-08-22 13:21:15.453 Model_Service_5] [PAPER-KV-V6] fetch meta-llama/Llama-3.2-3B -> None requests
[2026-08-22 13:21:15.453 Model_Service_0] [PAPER-KV-V6] fetch Qwen/Qwen2.5-1.5B-Instruct -> None requests
[2026-08-22 13:21:15.463 Model_Service_2] [PAPER-KV-V6] fetch Qwen/Qwen2.5-7B-Instruct -> None requests
[2026-08-22 13:21:15.463 Model_Service_5] [PAPER-KV-V6] fetch meta-llama/Llama-3.2-3B -> None requests
[2026-08-22 13:21:15.464 Model_Service_0] [PAPER-KV-V6] fetch Qwen/Qwen2.5-1.5B-Instruct -> None requests
[2026-08-22 13:21:15.473 Model_Service_2] [PAPER-KV-V6] fetch Qwen/Qwen2.5-7B-Instruct -> None requests
[2026-08-22 13:21:15.474 Model_Service_5] [PAPER-KV-V6] fetch meta-llama/Llama-3.2-3B -> None requests
[2026-08-22 13:21:15.474 Model_Service_0] [PAPER-KV-V6] fetch Qwen/Qwen2.5-1.5B-Instruct -> None requests
[2026-08-22 13:21:15.483 Model_Service_2] [PAPER-KV-V6] fetch Qwen/Qwen2.5-7B-Instruct -> None requests
[2026-08-22 13:21:15.484 Model_Service_5] [PAPER-KV-V6] fetch meta-llama/Llama-3.2-3B -> None requests
[2026-08-22 13:21:15.484 Model_Service_0] [PAPER-KV-V6] fetch Qwen/Qwen2.5-1.5B-Instruct -> None requests
[2026-08-22 13:21:15.494 Model_Service_2] [PAPER-KV-V6] fetch Qwen/Qwen2.5-7B-Instruct -> None requests
[2026-08-22 13:21:15.494 Model_Service_5] [PAPER-KV-V6] fetch meta-llama/Llama-3.2-3B -> None requests
[2026-08-22 13:21:15.495 Model_Service_0] [PAPER-KV-V6] fetch Qwen/Qwen2.5-1.5B-Instruct -> None requests
[2026-08-22 13:21:15.504 Model_Service_2] [PAPER-KV-V6] fetch Qwen/Qwen2.5-7B-Instruct -> None requests
[2026-08-22 13:21:15.505 Model_Service_5] [PAPER-KV-V6] fetch meta-llama/Llama-3.2-3B -> None requests
[2026-08-22 13:21:15.505 Model_Service_0] [PAPER-KV-V6] fetch Qwen/Qwen2.5-1.5B-Instruct -> None requests
[2026-08-22 13:21:15.514 Model_Service_2] [PAPER-KV-V6] fetch Qwen/Qwen2.5-7B-Instruct -> None requests
[2026-08-22 13:21:15.515 Model_Service_5] [PAPER-KV-V6] fetch meta-llama/Llama-3.2-3B -> None requests
[2026-08-22 13:21:15.516 Model_Service_0] [PAPER-KV-V6] fetch Qwen/Qwen2.5-1.5B-Instruct -> None requests
[2026-08-22 13:21:15.525 Model_Service_2] [PAPER-KV-V6] fetch Qwen/Qwen2.5-7B-Instruct -> None requests
[2026-08-22 13:21:15.525 Model_Service_5] [PAPER-KV-V6] fetch meta-llama/Llama-3.2-3B -> None requests
[2026-08-22 13:21:15.526 Model_Service_0] [PAPER-KV-V6] fetch Qwen/Qwen2.5-1.5B-Instruct -> None requests
[2026-08-22 13:21:15.535 Model_Service_2] [PAPER-KV-V6] fetch Qwen/Qwen2.5-7B-Instruct -> None requests
[2026-08-22 13:21:15.536 Model_Service_5] [PAPER-KV-V6] fetch meta-llama/Llama-3.2-3B -> None requests
[2026-08-22 13:21:15.536 Model_Service_0] [PAPER-KV-V6] fetch Qwen/Qwen2.5-1.5B-Instruct -> None requests
[2026-08-22 13:21:15.545 Model_Service_2] [PAPER-KV-V6] fetch Qwen/Qwen2.5-7B-Instruct -> None requests
[2026-08-22 13:21:15.546 Model_Service_5] [PAPER-KV-V6] fetch meta-llama/Llama-3.2-3B -> None requests
[2026-08-22 13:21:15.547 Model_Service_0] [PAPER-KV-V6] fetch Qwen/Qwen2.5-1.5B-Instruct -> None requests
[2026-08-22 13:21:15.556 Model_Service_2] [PAPER-KV-V6] fetch Qwen/Qwen2.5-7B-Instruct -> None requests
[2026-08-22 13:21:15.557 Model_Service_5] [PAPER-KV-V6] fetch meta-llama/Llama-3.2-3B -> None requests
[2026-08-22 13:21:15.557 Model_Service_0] [PAPER-KV-V6] fetch Qwen/Qwen2.5-1.5B-Instruct -> None requests
[2026-08-22 13:21:15.566 Model_Service_2] [PAPER-KV-V6] fetch Qwen/Qwen2.5-7B-Instruct -> None requests
[2026-08-22 13:21:15.567 Model_Service_5] [PAPER-KV-V6] fetch meta-llama/Llama-3.2-3B -> None requests
[2026-08-22 13:21:15.568 Model_Service_0] [PAPER-KV-V6] fetch Qwen/Qwen2.5-1.5B-Instruct -> None requests
[2026-08-22 13:21:15.577 Model_Service_2] [PAPER-KV-V6] fetch Qwen/Qwen2.5-7B-Instruct -> None requests
[2026-08-22 13:21:15.578 Model_Service_5] [PAPER-KV-V6] fetch meta-llama/Llama-3.2-3B -> None requests
[2026-08-22 13:21:15.578 Model_Service_0] [PAPER-KV-V6] fetch Qwen/Qwen2.5-1.5B-Instruct -> None requests
[2026-08-22 13:21:15.587 Model_Service_2] [PAPER-KV-V6] fetch Qwen/Qwen2.5-7B-Instruct -> None requests
[2026-08-22 13:21:15.588 Model_Service_5] [PAPER-KV-V6] fetch meta-llama/Llama-3.2-3B -> None requests
[2026-08-22 13:21:15.588 Model_Service_0] [PAPER-KV-V6] fetch Qwen/Qwen2.5-1.5B-Instruct -> None requests
[2026-08-22 13:21:15.598 Model_Service_2] [PAPER-KV-V6] fetch Qwen/Qwen2.5-7B-Instruct -> None requests
[2026-08-22 13:21:15.599 Model_Service_0] [PAPER-KV-V6] fetch Qwen/Qwen2.5-1.5B-Instruct -> None requests
[2026-08-22 13:21:15.599 Model_Service_5] [PAPER-KV-V6] fetch meta-llama/Llama-3.2-3B -> None requests
[2026-08-22 13:21:15.608 Model_Service_2] [PAPER-KV-V6] fetch Qwen/Qwen2.5-7B-Instruct -> None requests
[2026-08-22 13:21:15.609 Model_Service_0] [PAPER-KV-V6] fetch Qwen/Qwen2.5-1.5B-Instruct -> None requests
[2026-08-22 13:21:15.609 Model_Service_5] [PAPER-KV-V6] fetch meta-llama/Llama-3.2-3B -> None requests
[2026-08-22 13:21:15.619 Model_Service_2] [PAPER-KV-V6] fetch Qwen/Qwen2.5-7B-Instruct -> None requests
[2026-08-22 13:21:15.620 Model_Service_5] [PAPER-KV-V6] fetch meta-llama/Llama-3.2-3B -> None requests
[2026-08-22 13:21:15.629 Model_Service_2] [PAPER-KV-V6] fetch Qwen/Qwen2.5-7B-Instruct -> None requests
[2026-08-22 13:21:15.631 Model_Service_5] [PAPER-KV-V6] fetch meta-llama/Llama-3.2-3B -> None requests
[2026-08-22 13:21:15.640 Model_Service_2] [PAPER-KV-V6] fetch Qwen/Qwen2.5-7B-Instruct -> None requests
[2026-08-22 13:21:15.641 Model_Service_5] [PAPER-KV-V6] fetch meta-llama/Llama-3.2-3B -> None requests
[2026-08-22 13:21:15.650 Model_Service_2] [PAPER-KV-V6] fetch Qwen/Qwen2.5-7B-Instruct -> None requests
[2026-08-22 13:21:15.652 Model_Service_5] [PAPER-KV-V6] fetch meta-llama/Llama-3.2-3B -> None requests
[2026-08-22 13:21:15.661 Model_Service_2] [PAPER-KV-V6] fetch Qwen/Qwen2.5-7B-Instruct -> None requests
[2026-08-22 13:21:15.662 Model_Service_5] [PAPER-KV-V6] fetch meta-llama/Llama-3.2-3B -> None requests
[2026-08-22 13:21:15.672 Model_Service_2] [PAPER-KV-V6] fetch Qwen/Qwen2.5-7B-Instruct -> None requests
[2026-08-22 13:21:15.673 Model_Service_5] [PAPER-KV-V6] fetch meta-llama/Llama-3.2-3B -> None requests
[2026-08-22 13:21:15.682 Model_Service_2] [PAPER-KV-V6] fetch Qwen/Qwen2.5-7B-Instruct -> None requests
[2026-08-22 13:21:15.684 Model_Service_5] [PAPER-KV-V6] fetch meta-llama/Llama-3.2-3B -> None requests
[2026-08-22 13:21:15.693 Model_Service_2] [PAPER-KV-V6] fetch Qwen/Qwen2.5-7B-Instruct -> None requests
[2026-08-22 13:21:15.694 Model_Service_5] [PAPER-KV-V6] fetch meta-llama/Llama-3.2-3B -> None requests
[2026-08-22 13:21:15.703 Model_Service_2] [PAPER-KV-V6] fetch Qwen/Qwen2.5-7B-Instruct -> None requests
[2026-08-22 13:21:15.704 Model_Service_5] [PAPER-KV-V6] fetch meta-llama/Llama-3.2-3B -> None requests
[2026-08-22 13:21:15.713 Model_Service_2] [PAPER-KV-V6] fetch Qwen/Qwen2.5-7B-Instruct -> None requests
[2026-08-22 13:21:15.715 Model_Service_5] [PAPER-KV-V6] fetch meta-llama/Llama-3.2-3B -> None requests
[2026-08-22 13:21:15.724 Model_Service_2] [PAPER-KV-V6] fetch Qwen/Qwen2.5-7B-Instruct -> None requests
[2026-08-22 13:21:15.725 Model_Service_5] [PAPER-KV-V6] fetch meta-llama/Llama-3.2-3B -> None requests
[2026-08-22 13:21:15.734 Model_Service_2] [PAPER-KV-V6] fetch Qwen/Qwen2.5-7B-Instruct -> None requests
[2026-08-22 13:21:15.736 Model_Service_5] [PAPER-KV-V6] fetch meta-llama/Llama-3.2-3B -> None requests
[2026-08-22 13:21:15.745 Model_Service_2] [PAPER-KV-V6] fetch Qwen/Qwen2.5-7B-Instruct -> None requests
[2026-08-22 13:21:15.747 Model_Service_5] [PAPER-KV-V6] fetch meta-llama/Llama-3.2-3B -> None requests
[2026-08-22 13:21:15.756 Model_Service_2] [PAPER-KV-V6] fetch Qwen/Qwen2.5-7B-Instruct -> None requests
[2026-08-22 13:21:15.757 Model_Service_5] [PAPER-KV-V6] fetch meta-llama/Llama-3.2-3B -> None requests
[2026-08-22 13:21:15.766 Model_Service_2] [PAPER-KV-V6] fetch Qwen/Qwen2.5-7B-Instruct -> None requests
[2026-08-22 13:21:15.768 Model_Service_5] [PAPER-KV-V6] fetch meta-llama/Llama-3.2-3B -> None requests
[2026-08-22 13:21:15.777 Model_Service_2] [PAPER-KV-V6] fetch Qwen/Qwen2.5-7B-Instruct -> None requests
[2026-08-22 13:21:15.778 Model_Service_5] [PAPER-KV-V6] fetch meta-llama/Llama-3.2-3B -> None requests
[2026-08-22 13:21:15.787 Model_Service_2] [PAPER-KV-V6] fetch Qwen/Qwen2.5-7B-Instruct -> None requests
[2026-08-22 13:21:15.789 Model_Service_5] [PAPER-KV-V6] fetch meta-llama/Llama-3.2-3B -> None requests
[2026-08-22 13:21:15.798 Model_Service_2] [PAPER-KV-V6] fetch Qwen/Qwen2.5-7B-Instruct -> None requests
[2026-08-22 13:21:15.800 Model_Service_5] [PAPER-KV-V6] fetch meta-llama/Llama-3.2-3B -> None requests
[2026-08-22 13:21:15.808 Model_Service_2] [PAPER-KV-V6] fetch Qwen/Qwen2.5-7B-Instruct -> None requests
[2026-08-22 13:21:15.810 Model_Service_5] [PAPER-KV-V6] fetch meta-llama/Llama-3.2-3B -> None requests
[2026-08-22 13:21:15.819 Model_Service_2] [PAPER-KV-V6] fetch Qwen/Qwen2.5-7B-Instruct -> None requests
[2026-08-22 13:21:15.821 Model_Service_5] [PAPER-KV-V6] fetch meta-llama/Llama-3.2-3B -> None requests
[2026-08-22 13:21:15.829 Model_Service_2] [PAPER-KV-V6] fetch Qwen/Qwen2.5-7B-Instruct -> None requests
[2026-08-22 13:21:15.831 Model_Service_5] [PAPER-KV-V6] fetch meta-llama/Llama-3.2-3B -> None requests
[2026-08-22 13:21:15.840 Model_Service_2] [PAPER-KV-V6] fetch Qwen/Qwen2.5-7B-Instruct -> None requests
[2026-08-22 13:21:15.842 Model_Service_5] [PAPER-KV-V6] fetch meta-llama/Llama-3.2-3B -> None requests
[2026-08-22 13:21:15.850 Model_Service_2] [PAPER-KV-V6] fetch Qwen/Qwen2.5-7B-Instruct -> None requests
[2026-08-22 13:21:15.852 Model_Service_5] [PAPER-KV-V6] fetch meta-llama/Llama-3.2-3B -> None requests
[2026-08-22 13:21:15.860 Model_Service_2] [PAPER-KV-V6] fetch Qwen/Qwen2.5-7B-Instruct -> None requests
[2026-08-22 13:21:15.862 Model_Service_5] [PAPER-KV-V6] fetch meta-llama/Llama-3.2-3B -> None requests
[2026-08-22 13:21:15.871 Model_Service_2] [PAPER-KV-V6] fetch Qwen/Qwen2.5-7B-Instruct -> None requests
[2026-08-22 13:21:15.873 Model_Service_5] [PAPER-KV-V6] fetch meta-llama/Llama-3.2-3B -> None requests
[2026-08-22 13:21:15.881 Model_Service_2] [PAPER-KV-V6] fetch Qwen/Qwen2.5-7B-Instruct -> None requests
[2026-08-22 13:21:15.883 Model_Service_5] [PAPER-KV-V6] fetch meta-llama/Llama-3.2-3B -> None requests
[2026-08-22 13:21:15.891 Model_Service_2] [PAPER-KV-V6] fetch Qwen/Qwen2.5-7B-Instruct -> None requests
[2026-08-22 13:21:15.893 Model_Service_5] [PAPER-KV-V6] fetch meta-llama/Llama-3.2-3B -> None requests
[2026-08-22 13:21:15.901 Model_Service_2] [PAPER-KV-V6] fetch Qwen/Qwen2.5-7B-Instruct -> None requests
[2026-08-22 13:21:15.904 Model_Service_5] [PAPER-KV-V6] fetch meta-llama/Llama-3.2-3B -> None requests
[2026-08-22 13:21:15.912 Model_Service_2] [PAPER-KV-V6] fetch Qwen/Qwen2.5-7B-Instruct -> None requests
[2026-08-22 13:21:15.914 Model_Service_5] [PAPER-KV-V6] fetch meta-llama/Llama-3.2-3B -> None requests
[2026-08-22 13:21:15.922 Model_Service_2] [PAPER-KV-V6] fetch Qwen/Qwen2.5-7B-Instruct -> None requests
[2026-08-22 13:21:15.924 Model_Service_5] [PAPER-KV-V6] fetch meta-llama/Llama-3.2-3B -> None requests
[2026-08-22 13:21:15.932 Model_Service_2] [PAPER-KV-V6] fetch Qwen/Qwen2.5-7B-Instruct -> None requests
[2026-08-22 13:21:15.935 Model_Service_5] [PAPER-KV-V6] fetch meta-llama/Llama-3.2-3B -> None requests
[2026-08-22 13:21:15.943 Model_Service_2] [PAPER-KV-V6] fetch Qwen/Qwen2.5-7B-Instruct -> None requests
[2026-08-22 13:21:15.945 Model_Service_5] [PAPER-KV-V6] fetch meta-llama/Llama-3.2-3B -> None requests
[2026-08-22 13:21:15.953 Model_Service_2] [PAPER-KV-V6] fetch Qwen/Qwen2.5-7B-Instruct -> None requests
[2026-08-22 13:21:15.955 Model_Service_5] [PAPER-KV-V6] fetch meta-llama/Llama-3.2-3B -> None requests
[2026-08-22 13:21:15.963 Model_Service_2] [PAPER-KV-V6] fetch Qwen/Qwen2.5-7B-Instruct -> None requests
[2026-08-22 13:21:15.966 Model_Service_5] [PAPER-KV-V6] fetch meta-llama/Llama-3.2-3B -> None requests
[2026-08-22 13:21:15.974 Model_Service_2] [PAPER-KV-V6] fetch Qwen/Qwen2.5-7B-Instruct -> None requests
[2026-08-22 13:21:15.976 Model_Service_5] [PAPER-KV-V6] fetch meta-llama/Llama-3.2-3B -> None requests
[2026-08-22 13:21:15.984 Model_Service_2] [PAPER-KV-V6] fetch Qwen/Qwen2.5-7B-Instruct -> None requests
[2026-08-22 13:21:15.986 Model_Service_5] [PAPER-KV-V6] fetch meta-llama/Llama-3.2-3B -> None requests
[2026-08-22 13:21:15.994 Model_Service_2] [PAPER-KV-V6] fetch Qwen/Qwen2.5-7B-Instruct -> None requests
[2026-08-22 13:21:15.997 Model_Service_5] [PAPER-KV-V6] fetch meta-llama/Llama-3.2-3B -> None requests
[2026-08-22 13:21:16.005 Model_Service_2] [PAPER-KV-V6] fetch Qwen/Qwen2.5-7B-Instruct -> None requests
[2026-08-22 13:21:16.007 Model_Service_5] [PAPER-KV-V6] fetch meta-llama/Llama-3.2-3B -> None requests
[2026-08-22 13:21:16.015 Model_Service_2] [PAPER-KV-V6] fetch Qwen/Qwen2.5-7B-Instruct -> None requests
[2026-08-22 13:21:16.017 Model_Service_5] [PAPER-KV-V6] fetch meta-llama/Llama-3.2-3B -> None requests
[2026-08-22 13:21:16.025 Model_Service_2] [PAPER-KV-V6] fetch Qwen/Qwen2.5-7B-Instruct -> None requests
[2026-08-22 13:21:16.028 Model_Service_5] [PAPER-KV-V6] fetch meta-llama/Llama-3.2-3B -> None requests
[2026-08-22 13:21:16.035 Model_Service_2] [PAPER-KV-V6] fetch Qwen/Qwen2.5-7B-Instruct -> None requests
[2026-08-22 13:21:16.038 Model_Service_5] [PAPER-KV-V6] fetch meta-llama/Llama-3.2-3B -> None requests
[2026-08-22 13:21:16.046 Model_Service_2] [PAPER-KV-V6] fetch Qwen/Qwen2.5-7B-Instruct -> None requests
[2026-08-22 13:21:16.048 Model_Service_5] [PAPER-KV-V6] fetch meta-llama/Llama-3.2-3B -> None requests
[2026-08-22 13:21:16.056 Model_Service_2] [PAPER-KV-V6] fetch Qwen/Qwen2.5-7B-Instruct -> None requests
[2026-08-22 13:21:16.059 Model_Service_5] [PAPER-KV-V6] fetch meta-llama/Llama-3.2-3B -> None requests
[2026-08-22 13:21:16.066 Model_Service_2] [PAPER-KV-V6] fetch Qwen/Qwen2.5-7B-Instruct -> None requests
[2026-08-22 13:21:16.069 Model_Service_5] [PAPER-KV-V6] fetch meta-llama/Llama-3.2-3B -> None requests
[2026-08-22 13:21:16.077 Model_Service_2] [PAPER-KV-V6] fetch Qwen/Qwen2.5-7B-Instruct -> None requests
[2026-08-22 13:21:16.079 Model_Service_5] [PAPER-KV-V6] fetch meta-llama/Llama-3.2-3B -> None requests
[2026-08-22 13:21:16.087 Model_Service_2] [PAPER-KV-V6] fetch Qwen/Qwen2.5-7B-Instruct -> None requests
[2026-08-22 13:21:16.090 Model_Service_5] [PAPER-KV-V6] fetch meta-llama/Llama-3.2-3B -> None requests
[2026-08-22 13:21:16.097 Model_Service_2] [PAPER-KV-V6] fetch Qwen/Qwen2.5-7B-Instruct -> None requests
[2026-08-22 13:21:16.100 Model_Service_5] [PAPER-KV-V6] fetch meta-llama/Llama-3.2-3B -> None requests
[2026-08-22 13:21:16.107 Model_Service_2] [PAPER-KV-V6] fetch Qwen/Qwen2.5-7B-Instruct -> None requests
[2026-08-22 13:21:16.110 Model_Service_5] [PAPER-KV-V6] fetch meta-llama/Llama-3.2-3B -> None requests
[2026-08-22 13:21:16.118 Model_Service_2] [PAPER-KV-V6] fetch Qwen/Qwen2.5-7B-Instruct -> None requests
[2026-08-22 13:21:16.121 Model_Service_5] [PAPER-KV-V6] fetch meta-llama/Llama-3.2-3B -> None requests
[2026-08-22 13:21:16.128 Model_Service_2] [PAPER-KV-V6] fetch Qwen/Qwen2.5-7B-Instruct -> None requests
[2026-08-22 13:21:16.131 Model_Service_5] [PAPER-KV-V6] fetch meta-llama/Llama-3.2-3B -> None requests
[2026-08-22 13:21:16.139 Model_Service_2] [PAPER-KV-V6] fetch Qwen/Qwen2.5-7B-Instruct -> None requests
[2026-08-22 13:21:16.141 Model_Service_5] [PAPER-KV-V6] fetch meta-llama/Llama-3.2-3B -> None requests
[2026-08-22 13:21:16.149 Model_Service_2] [PAPER-KV-V6] fetch Qwen/Qwen2.5-7B-Instruct -> None requests
[2026-08-22 13:21:16.152 Model_Service_5] [PAPER-KV-V6] fetch meta-llama/Llama-3.2-3B -> None requests
[2026-08-22 13:21:16.160 Model_Service_2] [PAPER-KV-V6] fetch Qwen/Qwen2.5-7B-Instruct -> None requests
[2026-08-22 13:21:16.162 Model_Service_5] [PAPER-KV-V6] fetch meta-llama/Llama-3.2-3B -> None requests
[2026-08-22 13:21:16.170 Model_Service_2] [PAPER-KV-V6] fetch Qwen/Qwen2.5-7B-Instruct -> None requests
[2026-08-22 13:21:16.173 Model_Service_5] [PAPER-KV-V6] fetch meta-llama/Llama-3.2-3B -> None requests
[2026-08-22 13:21:16.180 Model_Service_2] [PAPER-KV-V6] fetch Qwen/Qwen2.5-7B-Instruct -> None requests
[2026-08-22 13:21:16.183 Model_Service_5] [PAPER-KV-V6] fetch meta-llama/Llama-3.2-3B -> None requests
[2026-08-22 13:21:16.191 Model_Service_2] [PAPER-KV-V6] fetch Qwen/Qwen2.5-7B-Instruct -> None requests
[2026-08-22 13:21:16.194 Model_Service_5] [PAPER-KV-V6] fetch meta-llama/Llama-3.2-3B -> None requests
[2026-08-22 13:21:16.201 Model_Service_2] [PAPER-KV-V6] fetch Qwen/Qwen2.5-7B-Instruct -> None requests
[2026-08-22 13:21:16.204 Model_Service_5] [PAPER-KV-V6] fetch meta-llama/Llama-3.2-3B -> None requests
[2026-08-22 13:21:16.211 Model_Service_2] [PAPER-KV-V6] fetch Qwen/Qwen2.5-7B-Instruct -> None requests
[2026-08-22 13:21:16.215 Model_Service_5] [PAPER-KV-V6] fetch meta-llama/Llama-3.2-3B -> None requests
[2026-08-22 13:21:16.222 Model_Service_2] [PAPER-KV-V6] fetch Qwen/Qwen2.5-7B-Instruct -> None requests
[2026-08-22 13:21:16.225 Model_Service_5] [PAPER-KV-V6] fetch meta-llama/Llama-3.2-3B -> None requests
[2026-08-22 13:21:16.232 Model_Service_2] [PAPER-KV-V6] fetch Qwen/Qwen2.5-7B-Instruct -> None requests
[2026-08-22 13:21:16.236 Model_Service_5] [PAPER-KV-V6] fetch meta-llama/Llama-3.2-3B -> None requests
[2026-08-22 13:21:16.242 Model_Service_2] [PAPER-KV-V6] fetch Qwen/Qwen2.5-7B-Instruct -> None requests
[2026-08-22 13:21:16.246 Model_Service_5] [PAPER-KV-V6] fetch meta-llama/Llama-3.2-3B -> None requests
[2026-08-22 13:21:16.253 Model_Service_2] [PAPER-KV-V6] fetch Qwen/Qwen2.5-7B-Instruct -> None requests
[2026-08-22 13:21:16.256 Model_Service_5] [PAPER-KV-V6] fetch meta-llama/Llama-3.2-3B -> None requests
[2026-08-22 13:21:16.263 Model_Service_2] [PAPER-KV-V6] fetch Qwen/Qwen2.5-7B-Instruct -> None requests
[2026-08-22 13:21:16.267 Model_Service_5] [PAPER-KV-V6] fetch meta-llama/Llama-3.2-3B -> None requests
[2026-08-22 13:21:16.273 Model_Service_2] [PAPER-KV-V6] fetch Qwen/Qwen2.5-7B-Instruct -> None requests
[2026-08-22 13:21:16.277 Model_Service_5] [PAPER-KV-V6] fetch meta-llama/Llama-3.2-3B -> None requests
[2026-08-22 13:21:16.284 Model_Service_2] [PAPER-KV-V6] fetch Qwen/Qwen2.5-7B-Instruct -> None requests
[2026-08-22 13:21:16.287 Model_Service_5] [PAPER-KV-V6] fetch meta-llama/Llama-3.2-3B -> None requests
[2026-08-22 13:21:16.294 Model_Service_2] [PAPER-KV-V6] fetch Qwen/Qwen2.5-7B-Instruct -> None requests
[2026-08-22 13:21:16.298 Model_Service_5] [PAPER-KV-V6] fetch meta-llama/Llama-3.2-3B -> None requests
[2026-08-22 13:21:16.304 Model_Service_2] [PAPER-KV-V6] fetch Qwen/Qwen2.5-7B-Instruct -> None requests
[2026-08-22 13:21:16.308 Model_Service_5] [PAPER-KV-V6] fetch meta-llama/Llama-3.2-3B -> None requests
[2026-08-22 13:21:16.315 Model_Service_2] [PAPER-KV-V6] fetch Qwen/Qwen2.5-7B-Instruct -> None requests
[2026-08-22 13:21:16.318 Model_Service_5] [PAPER-KV-V6] fetch meta-llama/Llama-3.2-3B -> None requests
[2026-08-22 13:21:16.325 Model_Service_2] [PAPER-KV-V6] fetch Qwen/Qwen2.5-7B-Instruct -> None requests
[2026-08-22 13:21:16.329 Model_Service_5] [PAPER-KV-V6] fetch meta-llama/Llama-3.2-3B -> None requests
[2026-08-22 13:21:16.335 Model_Service_2] [PAPER-KV-V6] fetch Qwen/Qwen2.5-7B-Instruct -> None requests
[2026-08-22 13:21:16.339 Model_Service_5] [PAPER-KV-V6] fetch meta-llama/Llama-3.2-3B -> None requests
[2026-08-22 13:21:16.345 Model_Service_2] [PAPER-KV-V6] fetch Qwen/Qwen2.5-7B-Instruct -> None requests
[2026-08-22 13:21:16.350 Model_Service_5] [PAPER-KV-V6] fetch meta-llama/Llama-3.2-3B -> None requests
[2026-08-22 13:21:16.356 Model_Service_2] [PAPER-KV-V6] fetch Qwen/Qwen2.5-7B-Instruct -> None requests
[2026-08-22 13:21:16.360 Model_Service_5] [PAPER-KV-V6] fetch meta-llama/Llama-3.2-3B -> None requests
[2026-08-22 13:21:16.366 Model_Service_2] [PAPER-KV-V6] fetch Qwen/Qwen2.5-7B-Instruct -> None requests
[2026-08-22 13:21:16.370 Model_Service_5] [PAPER-KV-V6] fetch meta-llama/Llama-3.2-3B -> None requests
[2026-08-22 13:21:16.376 Model_Service_2] [PAPER-KV-V6] fetch Qwen/Qwen2.5-7B-Instruct -> None requests
[2026-08-22 13:21:16.381 Model_Service_5] [PAPER-KV-V6] fetch meta-llama/Llama-3.2-3B -> None requests
[2026-08-22 13:21:16.387 Model_Service_2] [PAPER-KV-V6] fetch Qwen/Qwen2.5-7B-Instruct -> None requests
[2026-08-22 13:21:16.391 Model_Service_5] [PAPER-KV-V6] fetch meta-llama/Llama-3.2-3B -> None requests
[2026-08-22 13:21:16.397 Model_Service_2] [PAPER-KV-V6] fetch Qwen/Qwen2.5-7B-Instruct -> None requests
[2026-08-22 13:21:16.401 Model_Service_5] [PAPER-KV-V6] fetch meta-llama/Llama-3.2-3B -> None requests
[2026-08-22 13:21:16.407 Model_Service_2] [PAPER-KV-V6] fetch Qwen/Qwen2.5-7B-Instruct -> None requests
[2026-08-22 13:21:16.412 Model_Service_5] [PAPER-KV-V6] fetch meta-llama/Llama-3.2-3B -> None requests
[2026-08-22 13:21:16.418 Model_Service_2] [PAPER-KV-V6] fetch Qwen/Qwen2.5-7B-Instruct -> None requests
[2026-08-22 13:21:16.422 Model_Service_5] [PAPER-KV-V6] fetch meta-llama/Llama-3.2-3B -> None requests
[2026-08-22 13:21:16.428 Model_Service_2] [PAPER-KV-V6] fetch Qwen/Qwen2.5-7B-Instruct -> None requests
[2026-08-22 13:21:16.432 Model_Service_5] [PAPER-KV-V6] fetch meta-llama/Llama-3.2-3B -> None requests
[2026-08-22 13:21:16.438 Model_Service_2] [PAPER-KV-V6] fetch Qwen/Qwen2.5-7B-Instruct -> None requests
[2026-08-22 13:21:16.443 Model_Service_5] [PAPER-KV-V6] fetch meta-llama/Llama-3.2-3B -> None requests
[2026-08-22 13:21:16.448 Model_Service_2] [PAPER-KV-V6] fetch Qwen/Qwen2.5-7B-Instruct -> None requests
[2026-08-22 13:21:16.453 Model_Service_5] [PAPER-KV-V6] fetch meta-llama/Llama-3.2-3B -> None requests
[2026-08-22 13:21:16.459 Model_Service_2] [PAPER-KV-V6] fetch Qwen/Qwen2.5-7B-Instruct -> None requests
[2026-08-22 13:21:16.463 Model_Service_5] [PAPER-KV-V6] fetch meta-llama/Llama-3.2-3B -> None requests
[2026-08-22 13:21:16.469 Model_Service_2] [PAPER-KV-V6] fetch Qwen/Qwen2.5-7B-Instruct -> None requests
[2026-08-22 13:21:16.474 Model_Service_5] [PAPER-KV-V6] fetch meta-llama/Llama-3.2-3B -> None requests
[2026-08-22 13:21:16.479 Model_Service_2] [PAPER-KV-V6] fetch Qwen/Qwen2.5-7B-Instruct -> None requests
[2026-08-22 13:21:16.484 Model_Service_5] [PAPER-KV-V6] fetch meta-llama/Llama-3.2-3B -> None requests
[2026-08-22 13:21:16.490 Model_Service_2] [PAPER-KV-V6] fetch Qwen/Qwen2.5-7B-Instruct -> None requests
[2026-08-22 13:21:16.494 Model_Service_5] [PAPER-KV-V6] fetch meta-llama/Llama-3.2-3B -> None requests
[2026-08-22 13:21:16.500 Model_Service_2] [PAPER-KV-V6] fetch Qwen/Qwen2.5-7B-Instruct -> None requests
[2026-08-22 13:21:16.505 Model_Service_5] [PAPER-KV-V6] fetch meta-llama/Llama-3.2-3B -> None requests
[2026-08-22 13:21:16.510 Model_Service_2] [PAPER-KV-V6] fetch Qwen/Qwen2.5-7B-Instruct -> None requests
[2026-08-22 13:21:16.515 Model_Service_5] [PAPER-KV-V6] fetch meta-llama/Llama-3.2-3B -> None requests
[2026-08-22 13:21:16.521 Model_Service_2] [PAPER-KV-V6] fetch Qwen/Qwen2.5-7B-Instruct -> None requests
[2026-08-22 13:21:16.525 Model_Service_5] [PAPER-KV-V6] fetch meta-llama/Llama-3.2-3B -> None requests
[2026-08-22 13:21:16.531 Model_Service_2] [PAPER-KV-V6] fetch Qwen/Qwen2.5-7B-Instruct -> None requests
[2026-08-22 13:21:16.536 Model_Service_5] [PAPER-KV-V6] fetch meta-llama/Llama-3.2-3B -> None requests
[2026-08-22 13:21:16.541 Model_Service_2] [PAPER-KV-V6] fetch Qwen/Qwen2.5-7B-Instruct -> None requests
[2026-08-22 13:21:16.546 Model_Service_5] [PAPER-KV-V6] fetch meta-llama/Llama-3.2-3B -> None requests
[2026-08-22 13:21:16.551 Model_Service_2] [PAPER-KV-V6] fetch Qwen/Qwen2.5-7B-Instruct -> None requests
[2026-08-22 13:21:16.556 Model_Service_5] [PAPER-KV-V6] fetch meta-llama/Llama-3.2-3B -> None requests
[2026-08-22 13:21:16.562 Model_Service_2] [PAPER-KV-V6] fetch Qwen/Qwen2.5-7B-Instruct -> None requests
[2026-08-22 13:21:16.567 Model_Service_5] [PAPER-KV-V6] fetch meta-llama/Llama-3.2-3B -> None requests
[2026-08-22 13:21:16.572 Model_Service_2] [PAPER-KV-V6] fetch Qwen/Qwen2.5-7B-Instruct -> None requests
[2026-08-22 13:21:16.582 Model_Service_2] [PAPER-KV-V6] fetch Qwen/Qwen2.5-7B-Instruct -> None requests
[2026-08-22 13:21:16.592 Model_Service_2] [PAPER-KV-V6] fetch Qwen/Qwen2.5-7B-Instruct -> None requests
[2026-08-22 13:21:17.338 Model_Service_4] Model service 4 input queue is empty, waiting for next request
[2026-08-22 13:21:18.674 Model_Service_1] Model service 1 input queue is empty, waiting for next request
[2026-08-22 13:21:19.850 Model_Service_3] Model service 3 input queue is empty, waiting for next request
[2026-08-22 13:21:20.614 Model_Service_0] Model service 0 input queue is empty, waiting for next request
[2026-08-22 13:21:21.570 Model_Service_5] Model service 5 input queue is empty, waiting for next request
[2026-08-22 13:21:21.598 Model_Service_2] Model service 2 input queue is empty, waiting for next request
[2026-08-22 13:21:22.650 Model_Service_4] Model service 4 input queue is empty, waiting for next request
[2026-08-22 13:21:23.939 Model_Service_1] Model service 1 input queue is empty, waiting for next request
[2026-08-22 13:21:25.094 Model_Service_3] Model service 3 input queue is empty, waiting for next request
[2026-08-22 13:21:25.850 Model_Service_0] Model service 0 input queue is empty, waiting for next request
[2026-08-22 13:21:26.855 Model_Service_2] Model service 2 input queue is empty, waiting for next request
[2026-08-22 13:21:26.886 Model_Service_5] Model service 5 input queue is empty, waiting for next request
[2026-08-22 13:21:27.907 Model_Service_4] Model service 4 input queue is empty, waiting for next request
[2026-08-22 13:21:29.187 Model_Service_1] Model service 1 input queue is empty, waiting for next request
[2026-08-22 13:21:30.381 Model_Service_3] Model service 3 input queue is empty, waiting for next request
[2026-08-22 13:21:31.093 Model_Service_0] Model service 0 input queue is empty, waiting for next request
[2026-08-22 13:21:32.105 Model_Service_2] Model service 2 input queue is empty, waiting for next request
[2026-08-22 13:21:32.130 Model_Service_5] Model service 5 input queue is empty, waiting for next request
[2026-08-22 13:21:33.178 Model_Service_4] Model service 4 input queue is empty, waiting for next request
[2026-08-22 13:21:34.457 Model_Service_1] Model service 1 input queue is empty, waiting for next request
[2026-08-22 13:21:35.677 Model_Service_3] Model service 3 input queue is empty, waiting for next request
[2026-08-22 13:21:36.351 Model_Service_0] Model service 0 input queue is empty, waiting for next request
[2026-08-22 13:21:37.372 Model_Service_2] Model service 2 input queue is empty, waiting for next request
[2026-08-22 13:21:37.373 Model_Service_5] Model service 5 input queue is empty, waiting for next request
[2026-08-22 13:21:38.474 Model_Service_4] Model service 4 input queue is empty, waiting for next request
[2026-08-22 13:21:39.706 Model_Service_1] Model service 1 input queue is empty, waiting for next request
[2026-08-22 13:21:40.942 Model_Service_3] Model service 3 input queue is empty, waiting for next request
[2026-08-22 13:21:41.638 Model_Service_0] Model service 0 input queue is empty, waiting for next request
[2026-08-22 13:21:42.647 Model_Service_2] Model service 2 input queue is empty, waiting for next request
[2026-08-22 13:21:42.689 Model_Service_5] Model service 5 input queue is empty, waiting for next request
[2026-08-22 13:21:43.730 Model_Service_4] Model service 4 input queue is empty, waiting for next request
[2026-08-22 13:21:44.957 Model_Service_1] Model service 1 input queue is empty, waiting for next request
[2026-08-22 13:21:46.250 Model_Service_3] Model service 3 input queue is empty, waiting for next request
[2026-08-22 13:21:46.904 Model_Service_0] Model service 0 input queue is empty, waiting for next request
[2026-08-22 13:21:47.939 Model_Service_2] Model service 2 input queue is empty, waiting for next request
[2026-08-22 13:21:47.954 Model_Service_5] Model service 5 input queue is empty, waiting for next request
[2026-08-22 13:21:48.974 Model_Service_4] Model service 4 input queue is empty, waiting for next request
[2026-08-22 13:21:50.263 Model_Service_1] Model service 1 input queue is empty, waiting for next request
[2026-08-22 13:21:51.506 Model_Service_3] Model service 3 input queue is empty, waiting for next request
[2026-08-22 13:21:52.150 Model_Service_0] Model service 0 input queue is empty, waiting for next request
[2026-08-22 13:21:53.184 Model_Service_2] Model service 2 input queue is empty, waiting for next request
[2026-08-22 13:21:53.197 Model_Service_5] Model service 5 input queue is empty, waiting for next request
[2026-08-22 13:21:54.246 Model_Service_4] Model service 4 input queue is empty, waiting for next request
[2026-08-22 13:21:55.506 Model_Service_1] Model service 1 input queue is empty, waiting for next request
[2026-08-22 13:21:56.749 Model_Service_3] Model service 3 input queue is empty, waiting for next request
[2026-08-22 13:21:57.398 Model_Service_0] Model service 0 input queue is empty, waiting for next request
[2026-08-22 13:21:58.426 Model_Service_2] Model service 2 input queue is empty, waiting for next request
[2026-08-22 13:21:58.438 Model_Service_5] Model service 5 input queue is empty, waiting for next request
[2026-08-22 13:21:59.540 Model_Service_4] Model service 4 input queue is empty, waiting for next request
[2026-08-22 13:22:00.756 Model_Service_1] Model service 1 input queue is empty, waiting for next request
[2026-08-22 13:22:02.034 Model_Service_3] Model service 3 input queue is empty, waiting for next request
[2026-08-22 13:22:02.642 Model_Service_0] Model service 0 input queue is empty, waiting for next request
[2026-08-22 13:22:03.668 Model_Service_2] Model service 2 input queue is empty, waiting for next request
[2026-08-22 13:22:03.712 Model_Service_5] Model service 5 input queue is empty, waiting for next request
[2026-08-22 13:22:04.782 Model_Service_4] Model service 4 input queue is empty, waiting for next request
[2026-08-22 13:22:05.999 Model_Service_1] Model service 1 input queue is empty, waiting for next request
[2026-08-22 13:22:07.316 Model_Service_3] Model service 3 input queue is empty, waiting for next request
[2026-08-22 13:22:07.943 Model_Service_0] Model service 0 input queue is empty, waiting for next request
[2026-08-22 13:22:08.912 Model_Service_2] Model service 2 input queue is empty, waiting for next request
[2026-08-22 13:22:09.022 Model_Service_5] Model service 5 input queue is empty, waiting for next request
[2026-08-22 13:22:10.031 Model_Service_4] Model service 4 input queue is empty, waiting for next request
[2026-08-22 13:22:11.249 Model_Service_1] Model service 1 input queue is empty, waiting for next request
[2026-08-22 13:22:11.496 Model_Service_1] [PAPER-KV-V6] clear Qwen/Qwen2.5-3B-Instruct dropped=0
[2026-08-22 13:22:11.703 Model_Service_1] Model key: Qwen/Qwen2.5-3B-Instruct, engine id: 1_3, target gpu id: 1
[2026-08-22 13:22:12.115 Model_Service_1] [PAPER-LOAD-V4] {"tag": "Qwen/Qwen2.5-3B-Instruct|engine=1_3|src=0", "start_time": 1787404931.7070334, "end_time": 1787404932.1148589, "policy": "paper", "split": 2, "pipeline_depth": null, "target_gpu": 1, "gpu_ids": [0, 1], "source": "gpu", "host_registered": true, "slices": 510, "payload_bytes": 6794207232, "bytes_h2d_direct": 0, "bytes_h2d_helper": 0, "bytes_p2p": 6794207232, "seconds": 0.4078242101240903, "payload_gbps": 16.65964664023428, "transfer_path": "gpu-to-gpu-p2p"}
[2026-08-22 13:22:12.390 Model_Service_1] Time taken to copy model to GPU 1, service 1, engine 1_3, model Qwen/Qwen2.5-3B-Instruct: 0.6867 seconds
[2026-08-22 13:22:12.560 Model_Service_3] Model service 3 input queue is empty, waiting for next request
[2026-08-22 13:22:13.227 Model_Service_0] Model service 0 input queue is empty, waiting for next request
[2026-08-22 13:22:13.308 Model_Service_1] [PAPER-KV-V6] relay-clone Qwen/Qwen2.5-3B-Instruct (17 requests)
[2026-08-22 13:22:13.308 Model_Service_1] [PAPER-KV-V6] stash Qwen/Qwen2.5-3B-Instruct from gpu 0 (17 requests)
[2026-08-22 13:22:14.187 Model_Service_2] Model service 2 input queue is empty, waiting for next request
[2026-08-22 13:22:14.263 Model_Service_5] Model service 5 input queue is empty, waiting for next request
[2026-08-22 13:22:14.529 Model_Service_1] [PAPER-LOAD-V4] release Qwen/Qwen2.5-3B-Instruct gpu 0 engine=0_1 held=1 held_engine=1_3 dropped=False
[2026-08-22 13:22:14.662 Model_Service_1] [PAPER-KV-V6] fetch Qwen/Qwen2.5-3B-Instruct -> 17 requests
[2026-08-22 13:22:15.274 Model_Service_4] Model service 4 input queue is empty, waiting for next request
[2026-08-22 13:22:17.820 Model_Service_3] Model service 3 input queue is empty, waiting for next request
[2026-08-22 13:22:18.474 Model_Service_0] Model service 0 input queue is empty, waiting for next request
[2026-08-22 13:22:19.439 Model_Service_2] Model service 2 input queue is empty, waiting for next request
[2026-08-22 13:22:19.510 Model_Service_5] Model service 5 input queue is empty, waiting for next request
[2026-08-22 13:22:19.674 Model_Service_1] Model service 1 input queue is empty, waiting for next request
[2026-08-22 13:22:20.551 Model_Service_4] Model service 4 input queue is empty, waiting for next request
[2026-08-22 13:22:23.090 Model_Service_3] Model service 3 input queue is empty, waiting for next request
[2026-08-22 13:22:23.722 Model_Service_0] Model service 0 input queue is empty, waiting for next request
[2026-08-22 13:22:24.737 Model_Service_2] Model service 2 input queue is empty, waiting for next request
[2026-08-22 13:22:24.750 Model_Service_5] Model service 5 input queue is empty, waiting for next request
[2026-08-22 13:22:24.974 Model_Service_1] Model service 1 input queue is empty, waiting for next request
[2026-08-22 13:22:25.846 Model_Service_4] Model service 4 input queue is empty, waiting for next request
[2026-08-22 13:22:28.395 Model_Service_3] Model service 3 input queue is empty, waiting for next request
[2026-08-22 13:22:28.979 Model_Service_0] Model service 0 input queue is empty, waiting for next request
[2026-08-22 13:22:29.979 Model_Service_2] Model service 2 input queue is empty, waiting for next request
[2026-08-22 13:22:30.023 Model_Service_5] Model service 5 input queue is empty, waiting for next request
[2026-08-22 13:22:30.218 Model_Service_1] Model service 1 input queue is empty, waiting for next request
[2026-08-22 13:22:31.106 Model_Service_4] Model service 4 input queue is empty, waiting for next request
[2026-08-22 13:22:33.640 Model_Service_3] Model service 3 input queue is empty, waiting for next request
[2026-08-22 13:22:34.222 Model_Service_0] Model service 0 input queue is empty, waiting for next request
[2026-08-22 13:22:35.226 Model_Service_2] Model service 2 input queue is empty, waiting for next request
[2026-08-22 13:22:35.314 Model_Service_5] Model service 5 input queue is empty, waiting for next request
[2026-08-22 13:22:35.463 Model_Service_1] Model service 1 input queue is empty, waiting for next request
[2026-08-22 13:22:36.346 Model_Service_4] Model service 4 input queue is empty, waiting for next request
[2026-08-22 13:22:38.880 Model_Service_3] Model service 3 input queue is empty, waiting for next request
[2026-08-22 13:22:39.500 Model_Service_0] Model service 0 input queue is empty, waiting for next request
[2026-08-22 13:22:40.466 Model_Service_2] Model service 2 input queue is empty, waiting for next request
[2026-08-22 13:22:40.567 Model_Service_5] Model service 5 input queue is empty, waiting for next request
[2026-08-22 13:22:40.704 Model_Service_1] Model service 1 input queue is empty, waiting for next request
[2026-08-22 13:22:41.586 Model_Service_4] Model service 4 input queue is empty, waiting for next request
[2026-08-22 13:22:44.142 Model_Service_3] Model service 3 input queue is empty, waiting for next request
[2026-08-22 13:22:45.013 Model_Service_0] Model service 0 input queue is empty, waiting for next request
[2026-08-22 13:22:45.732 Model_Service_2] Model service 2 input queue is empty, waiting for next request
[2026-08-22 13:22:45.811 Model_Service_5] Model service 5 input queue is empty, waiting for next request
[2026-08-22 13:22:45.950 Model_Service_1] Model service 1 input queue is empty, waiting for next request
[2026-08-22 13:22:46.848 Model_Service_4] Model service 4 input queue is empty, waiting for next request
[2026-08-22 13:22:49.395 Model_Service_3] Model service 3 input queue is empty, waiting for next request
[2026-08-22 13:22:50.263 Model_Service_0] Model service 0 input queue is empty, waiting for next request
[2026-08-22 13:22:50.972 Model_Service_2] Model service 2 input queue is empty, waiting for next request
[2026-08-22 13:22:51.046 Model_Service_5] Model service 5 input queue is empty, waiting for next request
[2026-08-22 13:22:51.201 Model_Service_1] Model service 1 input queue is empty, waiting for next request
[2026-08-22 13:22:52.100 Model_Service_4] Model service 4 input queue is empty, waiting for next request
[2026-08-22 13:22:54.661 Model_Service_3] Model service 3 input queue is empty, waiting for next request
[2026-08-22 13:22:55.501 Model_Service_0] Model service 0 input queue is empty, waiting for next request
[2026-08-22 13:22:56.231 Model_Service_2] Model service 2 input queue is empty, waiting for next request
[2026-08-22 13:22:56.281 Model_Service_5] Model service 5 input queue is empty, waiting for next request
[2026-08-22 13:22:56.440 Model_Service_1] Model service 1 input queue is empty, waiting for next request
[2026-08-22 13:22:57.385 Model_Service_4] Model service 4 input queue is empty, waiting for next request
[2026-08-22 13:22:59.947 Model_Service_3] Model service 3 input queue is empty, waiting for next request
[2026-08-22 13:23:00.738 Model_Service_0] Model service 0 input queue is empty, waiting for next request
[2026-08-22 13:23:01.490 Model_Service_2] Model service 2 input queue is empty, waiting for next request
[2026-08-22 13:23:01.542 Model_Service_5] Model service 5 input queue is empty, waiting for next request
[2026-08-22 13:23:01.696 Model_Service_1] Model service 1 input queue is empty, waiting for next request
[2026-08-22 13:23:02.629 Model_Service_4] Model service 4 input queue is empty, waiting for next request
[2026-08-22 13:23:05.198 Model_Service_3] Model service 3 input queue is empty, waiting for next request
[2026-08-22 13:23:05.979 Model_Service_0] Model service 0 input queue is empty, waiting for next request
[2026-08-22 13:23:06.729 Model_Service_2] Model service 2 input queue is empty, waiting for next request
[2026-08-22 13:23:06.782 Model_Service_5] Model service 5 input queue is empty, waiting for next request
[2026-08-22 13:23:06.935 Model_Service_1] Model service 1 input queue is empty, waiting for next request
[2026-08-22 13:23:07.868 Model_Service_4] Model service 4 input queue is empty, waiting for next request
[2026-08-22 13:23:10.440 Model_Service_3] Model service 3 input queue is empty, waiting for next request
[2026-08-22 13:23:11.215 Model_Service_0] Model service 0 input queue is empty, waiting for next request
[2026-08-22 13:23:12.015 Model_Service_2] Model service 2 input queue is empty, waiting for next request
[2026-08-22 13:23:12.063 Model_Service_5] Model service 5 input queue is empty, waiting for next request
[2026-08-22 13:23:12.184 Model_Service_1] Model service 1 input queue is empty, waiting for next request
[2026-08-22 13:23:13.105 Model_Service_4] Model service 4 input queue is empty, waiting for next request
[2026-08-22 13:23:15.685 Model_Service_3] Model service 3 input queue is empty, waiting for next request
[2026-08-22 13:23:16.456 Model_Service_0] Model service 0 input queue is empty, waiting for next request
[2026-08-22 13:23:17.262 Model_Service_2] Model service 2 input queue is empty, waiting for next request
[2026-08-22 13:23:17.309 Model_Service_5] Model service 5 input queue is empty, waiting for next request
[2026-08-22 13:23:17.428 Model_Service_1] Model service 1 input queue is empty, waiting for next request
[2026-08-22 13:23:18.341 Model_Service_4] Model service 4 input queue is empty, waiting for next request
[2026-08-22 13:23:20.928 Model_Service_3] Model service 3 input queue is empty, waiting for next request
[2026-08-22 13:23:21.727 Model_Service_0] Model service 0 input queue is empty, waiting for next request
[2026-08-22 13:23:22.504 Model_Service_2] Model service 2 input queue is empty, waiting for next request
[2026-08-22 13:23:22.542 Model_Service_5] Model service 5 input queue is empty, waiting for next request
[2026-08-22 13:23:22.679 Model_Service_1] Model service 1 input queue is empty, waiting for next request
[2026-08-22 13:23:23.568 Model_Service_4] Model service 4 input queue is empty, waiting for next request
[2026-08-22 13:23:26.199 Model_Service_3] Model service 3 input queue is empty, waiting for next request
[2026-08-22 13:23:26.975 Model_Service_0] Model service 0 input queue is empty, waiting for next request
[2026-08-22 13:23:27.742 Model_Service_2] Model service 2 input queue is empty, waiting for next request
[2026-08-22 13:23:27.778 Model_Service_5] Model service 5 input queue is empty, waiting for next request
[2026-08-22 13:23:27.948 Model_Service_1] Model service 1 input queue is empty, waiting for next request
[2026-08-22 13:23:28.834 Model_Service_4] Model service 4 input queue is empty, waiting for next request
[2026-08-22 13:23:31.449 Model_Service_3] Model service 3 input queue is empty, waiting for next request
[2026-08-22 13:23:32.220 Model_Service_0] Model service 0 input queue is empty, waiting for next request
[2026-08-22 13:23:32.985 Model_Service_2] Model service 2 input queue is empty, waiting for next request
[2026-08-22 13:23:33.020 Model_Service_5] Model service 5 input queue is empty, waiting for next request
[2026-08-22 13:23:33.186 Model_Service_1] Model service 1 input queue is empty, waiting for next request
[2026-08-22 13:23:34.076 Model_Service_4] Model service 4 input queue is empty, waiting for next request
[2026-08-22 13:23:36.742 Model_Service_3] Model service 3 input queue is empty, waiting for next request
[2026-08-22 13:23:37.526 Model_Service_0] Model service 0 input queue is empty, waiting for next request
[2026-08-22 13:23:38.230 Model_Service_2] Model service 2 input queue is empty, waiting for next request
[2026-08-22 13:23:38.254 Model_Service_5] Model service 5 input queue is empty, waiting for next request
[2026-08-22 13:23:38.425 Model_Service_1] Model service 1 input queue is empty, waiting for next request
[2026-08-22 13:23:39.357 Model_Service_4] Model service 4 input queue is empty, waiting for next request
[2026-08-22 13:23:41.986 Model_Service_3] Model service 3 input queue is empty, waiting for next request
[2026-08-22 13:23:42.764 Model_Service_0] Model service 0 input queue is empty, waiting for next request
[2026-08-22 13:23:43.470 Model_Service_2] Model service 2 input queue is empty, waiting for next request
[2026-08-22 13:23:43.490 Model_Service_5] Model service 5 input queue is empty, waiting for next request
[2026-08-22 13:23:43.667 Model_Service_1] Model service 1 input queue is empty, waiting for next request
[2026-08-22 13:23:44.606 Model_Service_4] Model service 4 input queue is empty, waiting for next request
[2026-08-22 13:23:47.227 Model_Service_3] Model service 3 input queue is empty, waiting for next request
[2026-08-22 13:23:48.004 Model_Service_0] Model service 0 input queue is empty, waiting for next request
[2026-08-22 13:23:48.709 Model_Service_2] Model service 2 input queue is empty, waiting for next request
[2026-08-22 13:23:48.756 Model_Service_5] Model service 5 input queue is empty, waiting for next request
[2026-08-22 13:23:48.981 Model_Service_1] Model service 1 input queue is empty, waiting for next request
[2026-08-22 13:23:49.836 Model_Service_4] Model service 4 input queue is empty, waiting for next request
[2026-08-22 13:23:52.473 Model_Service_3] Model service 3 input queue is empty, waiting for next request
[2026-08-22 13:23:53.242 Model_Service_0] Model service 0 input queue is empty, waiting for next request
[2026-08-22 13:23:53.953 Model_Service_2] Model service 2 input queue is empty, waiting for next request
[2026-08-22 13:23:53.997 Model_Service_5] Model service 5 input queue is empty, waiting for next request
[2026-08-22 13:23:54.225 Model_Service_1] Model service 1 input queue is empty, waiting for next request
[2026-08-22 13:23:55.065 Model_Service_4] Model service 4 input queue is empty, waiting for next request
[2026-08-22 13:23:57.719 Model_Service_3] Model service 3 input queue is empty, waiting for next request
[2026-08-22 13:23:58.482 Model_Service_0] Model service 0 input queue is empty, waiting for next request
[2026-08-22 13:23:59.227 Model_Service_2] Model service 2 input queue is empty, waiting for next request
[2026-08-22 13:23:59.230 Model_Service_5] Model service 5 input queue is empty, waiting for next request
[2026-08-22 13:23:59.468 Model_Service_1] Model service 1 input queue is empty, waiting for next request
[2026-08-22 13:24:00.297 Model_Service_4] Model service 4 input queue is empty, waiting for next request
[2026-08-22 13:24:02.962 Model_Service_3] Model service 3 input queue is empty, waiting for next request
[2026-08-22 13:24:03.718 Model_Service_0] Model service 0 input queue is empty, waiting for next request
[2026-08-22 13:24:04.468 Model_Service_2] Model service 2 input queue is empty, waiting for next request
[2026-08-22 13:24:04.519 Model_Service_5] Model service 5 input queue is empty, waiting for next request
[2026-08-22 13:24:04.710 Model_Service_1] Model service 1 input queue is empty, waiting for next request
[2026-08-22 13:24:05.531 Model_Service_4] Model service 4 input queue is empty, waiting for next request
[2026-08-22 13:24:08.233 Model_Service_3] Model service 3 input queue is empty, waiting for next request
[2026-08-22 13:24:08.959 Model_Service_0] Model service 0 input queue is empty, waiting for next request
[2026-08-22 13:24:09.708 Model_Service_2] Model service 2 input queue is empty, waiting for next request
[2026-08-22 13:24:09.756 Model_Service_5] Model service 5 input queue is empty, waiting for next request
[2026-08-22 13:24:09.956 Model_Service_1] Model service 1 input queue is empty, waiting for next request
[2026-08-22 13:24:10.764 Model_Service_4] Model service 4 input queue is empty, waiting for next request
[2026-08-22 13:24:13.478 Model_Service_3] Model service 3 input queue is empty, waiting for next request
[2026-08-22 13:24:14.200 Model_Service_0] Model service 0 input queue is empty, waiting for next request
[2026-08-22 13:24:14.989 Model_Service_2] Model service 2 input queue is empty, waiting for next request
[2026-08-22 13:24:14.994 Model_Service_5] Model service 5 input queue is empty, waiting for next request
[2026-08-22 13:24:15.201 Model_Service_1] Model service 1 input queue is empty, waiting for next request
[2026-08-22 13:24:16.030 Model_Service_4] Model service 4 input queue is empty, waiting for next request
[2026-08-22 13:24:18.760 Model_Service_3] Model service 3 input queue is empty, waiting for next request
[2026-08-22 13:24:19.437 Model_Service_0] Model service 0 input queue is empty, waiting for next request
[2026-08-22 13:24:20.227 Model_Service_5] Model service 5 input queue is empty, waiting for next request
[2026-08-22 13:24:20.240 Model_Service_2] Model service 2 input queue is empty, waiting for next request
[2026-08-22 13:24:20.446 Model_Service_1] Model service 1 input queue is empty, waiting for next request
[2026-08-22 13:24:21.268 Model_Service_4] Model service 4 input queue is empty, waiting for next request
[2026-08-22 13:24:24.014 Model_Service_3] Model service 3 input queue is empty, waiting for next request
[2026-08-22 13:24:24.704 Model_Service_0] Model service 0 input queue is empty, waiting for next request
[2026-08-22 13:24:25.460 Model_Service_5] Model service 5 input queue is empty, waiting for next request
[2026-08-22 13:24:25.480 Model_Service_2] Model service 2 input queue is empty, waiting for next request
[2026-08-22 13:24:25.694 Model_Service_1] Model service 1 input queue is empty, waiting for next request
[2026-08-22 13:24:26.509 Model_Service_4] Model service 4 input queue is empty, waiting for next request
[2026-08-22 13:24:29.280 Model_Service_3] Model service 3 input queue is empty, waiting for next request
[2026-08-22 13:24:29.949 Model_Service_0] Model service 0 input queue is empty, waiting for next request
[2026-08-22 13:24:30.701 Model_Service_5] Model service 5 input queue is empty, waiting for next request
[2026-08-22 13:24:30.722 Model_Service_2] Model service 2 input queue is empty, waiting for next request
[2026-08-22 13:24:30.945 Model_Service_1] Model service 1 input queue is empty, waiting for next request
[2026-08-22 13:24:31.794 Model_Service_4] Model service 4 input queue is empty, waiting for next request
[2026-08-22 13:24:34.521 Model_Service_3] Model service 3 input queue is empty, waiting for next request
[2026-08-22 13:24:35.193 Model_Service_0] Model service 0 input queue is empty, waiting for next request
[2026-08-22 13:24:35.937 Model_Service_5] Model service 5 input queue is empty, waiting for next request
[2026-08-22 13:24:35.971 Model_Service_2] Model service 2 input queue is empty, waiting for next request
[2026-08-22 13:24:36.205 Model_Service_1] Model service 1 input queue is empty, waiting for next request
[2026-08-22 13:24:37.053 Model_Service_4] Model service 4 input queue is empty, waiting for next request
[2026-08-22 13:24:39.760 Model_Service_3] Model service 3 input queue is empty, waiting for next request
[2026-08-22 13:24:40.461 Model_Service_0] Model service 0 input queue is empty, waiting for next request
[2026-08-22 13:24:41.174 Model_Service_5] Model service 5 input queue is empty, waiting for next request
[2026-08-22 13:24:41.213 Model_Service_2] Model service 2 input queue is empty, waiting for next request
[2026-08-22 13:24:41.471 Model_Service_1] Model service 1 input queue is empty, waiting for next request
[2026-08-22 13:24:42.288 Model_Service_4] Model service 4 input queue is empty, waiting for next request
[2026-08-22 13:24:45.001 Model_Service_3] Model service 3 input queue is empty, waiting for next request
[2026-08-22 13:24:45.737 Model_Service_0] Model service 0 input queue is empty, waiting for next request
[2026-08-22 13:24:46.433 Model_Service_5] Model service 5 input queue is empty, waiting for next request
[2026-08-22 13:24:46.453 Model_Service_2] Model service 2 input queue is empty, waiting for next request
[2026-08-22 13:24:46.708 Model_Service_1] Model service 1 input queue is empty, waiting for next request
[2026-08-22 13:24:47.520 Model_Service_4] Model service 4 input queue is empty, waiting for next request
[2026-08-22 13:24:50.240 Model_Service_3] Model service 3 input queue is empty, waiting for next request
[2026-08-22 13:24:50.983 Model_Service_0] Model service 0 input queue is empty, waiting for next request
[2026-08-22 13:24:51.696 Model_Service_5] Model service 5 input queue is empty, waiting for next request
[2026-08-22 13:24:51.697 Model_Service_2] Model service 2 input queue is empty, waiting for next request
[2026-08-22 13:24:51.945 Model_Service_1] Model service 1 input queue is empty, waiting for next request
[2026-08-22 13:24:52.755 Model_Service_4] Model service 4 input queue is empty, waiting for next request
[2026-08-22 13:24:55.481 Model_Service_3] Model service 3 input queue is empty, waiting for next request
[2026-08-22 13:24:56.224 Model_Service_0] Model service 0 input queue is empty, waiting for next request
[2026-08-22 13:24:56.933 Model_Service_5] Model service 5 input queue is empty, waiting for next request
[2026-08-22 13:24:56.936 Model_Service_2] Model service 2 input queue is empty, waiting for next request
[2026-08-22 13:24:57.181 Model_Service_1] Model service 1 input queue is empty, waiting for next request
[2026-08-22 13:24:57.986 Model_Service_4] Model service 4 input queue is empty, waiting for next request
[2026-08-22 13:25:00.754 Model_Service_3] Model service 3 input queue is empty, waiting for next request
[2026-08-22 13:25:01.467 Model_Service_0] Model service 0 input queue is empty, waiting for next request
[2026-08-22 13:25:02.168 Model_Service_5] Model service 5 input queue is empty, waiting for next request
[2026-08-22 13:25:02.174 Model_Service_2] Model service 2 input queue is empty, waiting for next request
[2026-08-22 13:25:02.447 Model_Service_1] Model service 1 input queue is empty, waiting for next request
[2026-08-22 13:25:03.222 Model_Service_4] Model service 4 input queue is empty, waiting for next request
[2026-08-22 13:25:05.990 Model_Service_3] Model service 3 input queue is empty, waiting for next request
[2026-08-22 13:25:06.707 Model_Service_0] Model service 0 input queue is empty, waiting for next request
[2026-08-22 13:25:07.414 Model_Service_2] Model service 2 input queue is empty, waiting for next request
[2026-08-22 13:25:07.467 Model_Service_5] Model service 5 input queue is empty, waiting for next request
[2026-08-22 13:25:07.687 Model_Service_1] Model service 1 input queue is empty, waiting for next request
[2026-08-22 13:25:08.456 Model_Service_4] Model service 4 input queue is empty, waiting for next request
[2026-08-22 13:25:11.224 Model_Service_3] Model service 3 input queue is empty, waiting for next request
[2026-08-22 13:25:11.948 Model_Service_0] Model service 0 input queue is empty, waiting for next request
[2026-08-22 13:25:12.686 Model_Service_2] Model service 2 input queue is empty, waiting for next request
[2026-08-22 13:25:12.698 Model_Service_5] Model service 5 input queue is empty, waiting for next request
[2026-08-22 13:25:12.918 Model_Service_1] Model service 1 input queue is empty, waiting for next request
[2026-08-22 13:25:13.722 Model_Service_4] Model service 4 input queue is empty, waiting for next request
[2026-08-22 13:25:16.517 Model_Service_3] Model service 3 input queue is empty, waiting for next request
[2026-08-22 13:25:17.189 Model_Service_0] Model service 0 input queue is empty, waiting for next request
[2026-08-22 13:25:17.935 Model_Service_5] Model service 5 input queue is empty, waiting for next request
[2026-08-22 13:25:17.939 Model_Service_2] Model service 2 input queue is empty, waiting for next request
[2026-08-22 13:25:18.151 Model_Service_1] Model service 1 input queue is empty, waiting for next request
[2026-08-22 13:25:18.953 Model_Service_4] Model service 4 input queue is empty, waiting for next request
[2026-08-22 13:25:21.747 Model_Service_3] Model service 3 input queue is empty, waiting for next request
[2026-08-22 13:25:22.428 Model_Service_0] Model service 0 input queue is empty, waiting for next request
[2026-08-22 13:25:23.169 Model_Service_5] Model service 5 input queue is empty, waiting for next request
[2026-08-22 13:25:23.185 Model_Service_2] Model service 2 input queue is empty, waiting for next request
[2026-08-22 13:25:23.390 Model_Service_1] Model service 1 input queue is empty, waiting for next request
[2026-08-22 13:25:24.182 Model_Service_4] Model service 4 input queue is empty, waiting for next request
[2026-08-22 13:25:26.982 Model_Service_3] Model service 3 input queue is empty, waiting for next request
[2026-08-22 13:25:27.665 Model_Service_0] Model service 0 input queue is empty, waiting for next request
[2026-08-22 13:25:28.406 Model_Service_5] Model service 5 input queue is empty, waiting for next request
[2026-08-22 13:25:28.433 Model_Service_2] Model service 2 input queue is empty, waiting for next request
[2026-08-22 13:25:28.641 Model_Service_1] Model service 1 input queue is empty, waiting for next request
[2026-08-22 13:25:29.468 Model_Service_4] Model service 4 input queue is empty, waiting for next request
[2026-08-22 13:25:32.216 Model_Service_3] Model service 3 input queue is empty, waiting for next request
[2026-08-22 13:25:32.904 Model_Service_0] Model service 0 input queue is empty, waiting for next request
[2026-08-22 13:25:33.643 Model_Service_5] Model service 5 input queue is empty, waiting for next request
[2026-08-22 13:25:33.718 Model_Service_2] Model service 2 input queue is empty, waiting for next request
[2026-08-22 13:25:33.938 Model_Service_1] Model service 1 input queue is empty, waiting for next request
[2026-08-22 13:25:34.700 Model_Service_4] Model service 4 input queue is empty, waiting for next request
[2026-08-22 13:25:37.450 Model_Service_3] Model service 3 input queue is empty, waiting for next request
[2026-08-22 13:25:38.141 Model_Service_0] Model service 0 input queue is empty, waiting for next request
[2026-08-22 13:25:38.878 Model_Service_5] Model service 5 input queue is empty, waiting for next request
[2026-08-22 13:25:38.970 Model_Service_2] Model service 2 input queue is empty, waiting for next request
[2026-08-22 13:25:39.172 Model_Service_1] Model service 1 input queue is empty, waiting for next request
[2026-08-22 13:25:39.933 Model_Service_4] Model service 4 input queue is empty, waiting for next request
[2026-08-22 13:25:42.691 Model_Service_3] Model service 3 input queue is empty, waiting for next request
[2026-08-22 13:25:43.416 Model_Service_0] Model service 0 input queue is empty, waiting for next request
[2026-08-22 13:25:44.113 Model_Service_5] Model service 5 input queue is empty, waiting for next request
[2026-08-22 13:25:44.209 Model_Service_2] Model service 2 input queue is empty, waiting for next request
[2026-08-22 13:25:44.407 Model_Service_1] Model service 1 input queue is empty, waiting for next request
[2026-08-22 13:25:45.168 Model_Service_4] Model service 4 input queue is empty, waiting for next request
[2026-08-22 13:25:47.930 Model_Service_3] Model service 3 input queue is empty, waiting for next request
[2026-08-22 13:25:48.653 Model_Service_0] Model service 0 input queue is empty, waiting for next request
[2026-08-22 13:25:49.352 Model_Service_5] Model service 5 input queue is empty, waiting for next request
[2026-08-22 13:25:49.451 Model_Service_2] Model service 2 input queue is empty, waiting for next request
[2026-08-22 13:25:49.647 Model_Service_1] Model service 1 input queue is empty, waiting for next request
[2026-08-22 13:25:50.404 Model_Service_4] Model service 4 input queue is empty, waiting for next request
[2026-08-22 13:25:53.173 Model_Service_3] Model service 3 input queue is empty, waiting for next request
