[2026-08-22 08:41:48.425 Model_Service_0] [PAPER-LOAD-V4] worker 0/6 host page-lock: {'Qwen/Qwen2.5-1.5B-Instruct': {'locked': 199, 'already_locked': 0, 'failed': 0, 'seconds': 1.9636371778324246}}
[2026-08-22 08:41:48.425 Model_Service_0] [PAPER-LOAD-V4] peer access: {'0->1': True, '1->0': True} p2p=True
[2026-08-22 08:41:53.433 Model_Service_0] Model service 0 input queue is empty, waiting for next request
[2026-08-22 08:41:58.662 Model_Service_0] Model service 0 input queue is empty, waiting for next request
[2026-08-22 08:42:00.030 Model_Service_1] [PAPER-LOAD-V4] worker 1/6 host page-lock: {'Qwen/Qwen2.5-3B-Instruct': {'locked': 255, 'already_locked': 0, 'failed': 0, 'seconds': 3.3569694431498647}}
[2026-08-22 08:42:00.030 Model_Service_1] [PAPER-LOAD-V4] peer access: {'0->1': True, '1->0': True} p2p=True
[2026-08-22 08:42:03.896 Model_Service_0] Model service 0 input queue is empty, waiting for next request
[2026-08-22 08:42:05.038 Model_Service_1] Model service 1 input queue is empty, waiting for next request
[2026-08-22 08:42:09.141 Model_Service_0] Model service 0 input queue is empty, waiting for next request
[2026-08-22 08:42:10.262 Model_Service_1] Model service 1 input queue is empty, waiting for next request
[2026-08-22 08:42:14.376 Model_Service_0] Model service 0 input queue is empty, waiting for next request
[2026-08-22 08:42:15.490 Model_Service_1] Model service 1 input queue is empty, waiting for next request
[2026-08-22 08:42:15.596 Model_Service_2] [PAPER-LOAD-V4] worker 2/6 host page-lock: {'Qwen/Qwen2.5-7B-Instruct': {'locked': 199, 'already_locked': 0, 'failed': 0, 'seconds': 7.519667468033731}}
[2026-08-22 08:42:15.596 Model_Service_2] [PAPER-LOAD-V4] peer access: {'0->1': True, '1->0': True} p2p=True
[2026-08-22 08:42:19.609 Model_Service_0] Model service 0 input queue is empty, waiting for next request
[2026-08-22 08:42:20.605 Model_Service_2] Model service 2 input queue is empty, waiting for next request
[2026-08-22 08:42:20.719 Model_Service_1] Model service 1 input queue is empty, waiting for next request
[2026-08-22 08:42:24.841 Model_Service_0] Model service 0 input queue is empty, waiting for next request
[2026-08-22 08:42:25.947 Model_Service_1] Model service 1 input queue is empty, waiting for next request
[2026-08-22 08:42:25.955 Model_Service_2] Model service 2 input queue is empty, waiting for next request
[2026-08-22 08:42:30.071 Model_Service_0] Model service 0 input queue is empty, waiting for next request
[2026-08-22 08:42:31.170 Model_Service_1] Model service 1 input queue is empty, waiting for next request
[2026-08-22 08:42:31.192 Model_Service_2] Model service 2 input queue is empty, waiting for next request
[2026-08-22 08:42:31.426 Model_Service_3] [PAPER-LOAD-V4] worker 3/6 host page-lock: {'meta-llama/Llama-3.1-8B': {'locked': 195, 'already_locked': 0, 'failed': 0, 'seconds': 7.597156147938222}}
[2026-08-22 08:42:31.426 Model_Service_3] [PAPER-LOAD-V4] peer access: {'0->1': True, '1->0': True} p2p=True
[2026-08-22 08:42:35.307 Model_Service_0] Model service 0 input queue is empty, waiting for next request
[2026-08-22 08:42:36.397 Model_Service_1] Model service 1 input queue is empty, waiting for next request
[2026-08-22 08:42:36.425 Model_Service_2] Model service 2 input queue is empty, waiting for next request
[2026-08-22 08:42:36.433 Model_Service_3] Model service 3 input queue is empty, waiting for next request
[2026-08-22 08:42:40.537 Model_Service_0] Model service 0 input queue is empty, waiting for next request
[2026-08-22 08:42:40.824 Model_Service_4] [PAPER-LOAD-V4] worker 4/6 host page-lock: {'meta-llama/Llama-3.2-1B': {'locked': 98, 'already_locked': 1, 'failed': 0, 'seconds': 1.1621706699952483}}
[2026-08-22 08:42:40.824 Model_Service_4] [PAPER-LOAD-V4] peer access: {'0->1': True, '1->0': True} p2p=True
[2026-08-22 08:42:41.648 Model_Service_1] Model service 1 input queue is empty, waiting for next request
[2026-08-22 08:42:41.658 Model_Service_2] Model service 2 input queue is empty, waiting for next request
[2026-08-22 08:42:41.746 Model_Service_3] Model service 3 input queue is empty, waiting for next request
[2026-08-22 08:42:45.769 Model_Service_0] Model service 0 input queue is empty, waiting for next request
[2026-08-22 08:42:45.832 Model_Service_4] Model service 4 input queue is empty, waiting for next request
[2026-08-22 08:42:46.897 Model_Service_1] Model service 1 input queue is empty, waiting for next request
[2026-08-22 08:42:46.952 Model_Service_2] Model service 2 input queue is empty, waiting for next request
[2026-08-22 08:42:46.981 Model_Service_3] Model service 3 input queue is empty, waiting for next request
[2026-08-22 08:42:51.007 Model_Service_0] Model service 0 input queue is empty, waiting for next request
[2026-08-22 08:42:51.069 Model_Service_4] Model service 4 input queue is empty, waiting for next request
[2026-08-22 08:42:52.139 Model_Service_1] Model service 1 input queue is empty, waiting for next request
[2026-08-22 08:42:52.158 Model_Service_5] [PAPER-LOAD-V4] worker 5/6 host page-lock: {'meta-llama/Llama-3.2-3B': {'locked': 170, 'already_locked': 1, 'failed': 0, 'seconds': 3.1256602199282497}}
[2026-08-22 08:42:52.158 Model_Service_5] [PAPER-LOAD-V4] peer access: {'0->1': True, '1->0': True} p2p=True
[2026-08-22 08:42:52.215 Model_Service_3] Model service 3 input queue is empty, waiting for next request
[2026-08-22 08:42:52.215 Model_Service_2] Model service 2 input queue is empty, waiting for next request
[2026-08-22 08:42:56.253 Model_Service_0] Model service 0 input queue is empty, waiting for next request
[2026-08-22 08:42:56.308 Model_Service_4] Model service 4 input queue is empty, waiting for next request
[2026-08-22 08:42:57.166 Model_Service_5] Model service 5 input queue is empty, waiting for next request
[2026-08-22 08:42:57.367 Model_Service_1] Model service 1 input queue is empty, waiting for next request
[2026-08-22 08:42:57.446 Model_Service_2] Model service 2 input queue is empty, waiting for next request
[2026-08-22 08:42:57.453 Model_Service_3] Model service 3 input queue is empty, waiting for next request
[2026-08-22 08:43:01.510 Model_Service_0] Model service 0 input queue is empty, waiting for next request
[2026-08-22 08:43:01.562 Model_Service_4] Model service 4 input queue is empty, waiting for next request
[2026-08-22 08:43:02.414 Model_Service_5] Model service 5 input queue is empty, waiting for next request
[2026-08-22 08:43:02.622 Model_Service_1] Model service 1 input queue is empty, waiting for next request
[2026-08-22 08:43:02.702 Model_Service_3] Model service 3 input queue is empty, waiting for next request
[2026-08-22 08:43:02.705 Model_Service_2] Model service 2 input queue is empty, waiting for next request
[2026-08-22 08:43:06.761 Model_Service_0] Model service 0 input queue is empty, waiting for next request
[2026-08-22 08:43:06.812 Model_Service_4] Model service 4 input queue is empty, waiting for next request
[2026-08-22 08:43:07.735 Model_Service_5] Model service 5 input queue is empty, waiting for next request
[2026-08-22 08:43:07.890 Model_Service_1] Model service 1 input queue is empty, waiting for next request
[2026-08-22 08:43:07.962 Model_Service_3] Model service 3 input queue is empty, waiting for next request
[2026-08-22 08:43:07.970 Model_Service_2] Model service 2 input queue is empty, waiting for next request
[2026-08-22 08:43:12.006 Model_Service_0] Model service 0 input queue is empty, waiting for next request
[2026-08-22 08:43:12.065 Model_Service_4] Model service 4 input queue is empty, waiting for next request
[2026-08-22 08:43:12.990 Model_Service_5] Model service 5 input queue is empty, waiting for next request
[2026-08-22 08:43:13.146 Model_Service_1] Model service 1 input queue is empty, waiting for next request
[2026-08-22 08:43:13.222 Model_Service_2] Model service 2 input queue is empty, waiting for next request
[2026-08-22 08:43:13.222 Model_Service_3] Model service 3 input queue is empty, waiting for next request
[2026-08-22 08:43:17.254 Model_Service_0] Model service 0 input queue is empty, waiting for next request
[2026-08-22 08:43:17.324 Model_Service_4] Model service 4 input queue is empty, waiting for next request
[2026-08-22 08:43:18.246 Model_Service_5] Model service 5 input queue is empty, waiting for next request
[2026-08-22 08:43:18.406 Model_Service_1] Model service 1 input queue is empty, waiting for next request
[2026-08-22 08:43:18.476 Model_Service_2] Model service 2 input queue is empty, waiting for next request
[2026-08-22 08:43:18.500 Model_Service_3] Model service 3 input queue is empty, waiting for next request
[2026-08-22 08:43:22.489 Model_Service_0] Model service 0 input queue is empty, waiting for next request
[2026-08-22 08:43:22.559 Model_Service_4] Model service 4 input queue is empty, waiting for next request
[2026-08-22 08:43:23.487 Model_Service_5] Model service 5 input queue is empty, waiting for next request
[2026-08-22 08:43:23.634 Model_Service_1] Model service 1 input queue is empty, waiting for next request
[2026-08-22 08:43:23.732 Model_Service_2] Model service 2 input queue is empty, waiting for next request
[2026-08-22 08:43:23.738 Model_Service_3] Model service 3 input queue is empty, waiting for next request
[2026-08-22 08:43:27.724 Model_Service_0] Model service 0 input queue is empty, waiting for next request
[2026-08-22 08:43:27.795 Model_Service_4] Model service 4 input queue is empty, waiting for next request
[2026-08-22 08:43:28.728 Model_Service_5] Model service 5 input queue is empty, waiting for next request
[2026-08-22 08:43:28.865 Model_Service_1] Model service 1 input queue is empty, waiting for next request
[2026-08-22 08:43:28.969 Model_Service_2] Model service 2 input queue is empty, waiting for next request
[2026-08-22 08:43:28.975 Model_Service_3] Model service 3 input queue is empty, waiting for next request
[2026-08-22 08:43:32.951 Model_Service_0] Model service 0 input queue is empty, waiting for next request
[2026-08-22 08:43:33.026 Model_Service_4] Model service 4 input queue is empty, waiting for next request
[2026-08-22 08:43:33.966 Model_Service_5] Model service 5 input queue is empty, waiting for next request
[2026-08-22 08:43:34.092 Model_Service_1] Model service 1 input queue is empty, waiting for next request
[2026-08-22 08:43:34.204 Model_Service_2] Model service 2 input queue is empty, waiting for next request
[2026-08-22 08:43:34.207 Model_Service_3] Model service 3 input queue is empty, waiting for next request
[2026-08-22 08:43:38.191 Model_Service_0] Model service 0 input queue is empty, waiting for next request
[2026-08-22 08:43:38.270 Model_Service_4] Model service 4 input queue is empty, waiting for next request
[2026-08-22 08:43:39.205 Model_Service_5] Model service 5 input queue is empty, waiting for next request
[2026-08-22 08:43:39.327 Model_Service_1] Model service 1 input queue is empty, waiting for next request
[2026-08-22 08:43:39.441 Model_Service_2] Model service 2 input queue is empty, waiting for next request
[2026-08-22 08:43:39.469 Model_Service_3] Model service 3 input queue is empty, waiting for next request
[2026-08-22 08:43:43.426 Model_Service_0] Model service 0 input queue is empty, waiting for next request
[2026-08-22 08:43:43.523 Model_Service_4] Model service 4 input queue is empty, waiting for next request
[2026-08-22 08:43:44.439 Model_Service_5] Model service 5 input queue is empty, waiting for next request
[2026-08-22 08:43:44.590 Model_Service_1] Model service 1 input queue is empty, waiting for next request
[2026-08-22 08:43:44.677 Model_Service_2] Model service 2 input queue is empty, waiting for next request
[2026-08-22 08:43:44.734 Model_Service_3] Model service 3 input queue is empty, waiting for next request
[2026-08-22 08:43:48.666 Model_Service_0] Model service 0 input queue is empty, waiting for next request
[2026-08-22 08:43:49.678 Model_Service_5] Model service 5 input queue is empty, waiting for next request
[2026-08-22 08:43:49.909 Model_Service_4] Model key: meta-llama/Llama-3.2-1B, engine id: 0_0, target gpu id: 0
[2026-08-22 08:43:49.972 Model_Service_1] Model service 1 input queue is empty, waiting for next request
[2026-08-22 08:43:50.009 Model_Service_2] Model service 2 input queue is empty, waiting for next request
[2026-08-22 08:43:50.023 Model_Service_3] Model service 3 input queue is empty, waiting for next request
[2026-08-22 08:43:50.249 Model_Service_4] [PAPER-LOAD-V4] {"tag": "meta-llama/Llama-3.2-1B|engine=0_0|src=None", "start_time": 1787388229.9124393, "end_time": 1787388230.248911, "policy": "paper", "split": 2, "pipeline_depth": null, "target_gpu": 0, "gpu_ids": [0, 1], "source": "cpu", "host_registered": true, "slices": 198, "payload_bytes": 2996965376, "bytes_h2d_direct": 1498482688, "bytes_h2d_helper": 1498482688, "bytes_p2p": 1498482688, "seconds": 0.33646902814507484, "payload_gbps": 8.907106227643048, "transfer_path": "host-to-device + helper-gpu-p2p"}
[2026-08-22 08:43:50.250 Model_Service_4] Time taken to copy model to GPU 0, service 4, engine 0_0, model meta-llama/Llama-3.2-1B: 0.3413 seconds
[2026-08-22 08:43:50.822 Model_Service_1] Model key: Qwen/Qwen2.5-3B-Instruct, engine id: 0_1, target gpu id: 0
[2026-08-22 08:43:50.869 Model_Service_3] Model key: meta-llama/Llama-3.1-8B, engine id: 0_2, target gpu id: 0
[2026-08-22 08:43:50.873 Model_Service_4] [PAPER-KV-V6] fetch meta-llama/Llama-3.2-1B -> None requests
[2026-08-22 08:43:50.884 Model_Service_4] [PAPER-KV-V6] fetch meta-llama/Llama-3.2-1B -> None requests
[2026-08-22 08:43:50.894 Model_Service_4] [PAPER-KV-V6] fetch meta-llama/Llama-3.2-1B -> None requests
[2026-08-22 08:43:50.905 Model_Service_4] [PAPER-KV-V6] fetch meta-llama/Llama-3.2-1B -> None requests
[2026-08-22 08:43:50.916 Model_Service_4] [PAPER-KV-V6] fetch meta-llama/Llama-3.2-1B -> None requests
[2026-08-22 08:43:50.926 Model_Service_4] [PAPER-KV-V6] fetch meta-llama/Llama-3.2-1B -> None requests
[2026-08-22 08:43:50.937 Model_Service_4] [PAPER-KV-V6] fetch meta-llama/Llama-3.2-1B -> None requests
[2026-08-22 08:43:50.947 Model_Service_4] [PAPER-KV-V6] fetch meta-llama/Llama-3.2-1B -> None requests
[2026-08-22 08:43:50.958 Model_Service_4] [PAPER-KV-V6] fetch meta-llama/Llama-3.2-1B -> None requests
[2026-08-22 08:43:50.969 Model_Service_4] [PAPER-KV-V6] fetch meta-llama/Llama-3.2-1B -> None requests
[2026-08-22 08:43:50.980 Model_Service_4] [PAPER-KV-V6] fetch meta-llama/Llama-3.2-1B -> None requests
[2026-08-22 08:43:50.991 Model_Service_4] [PAPER-KV-V6] fetch meta-llama/Llama-3.2-1B -> None requests
[2026-08-22 08:43:51.001 Model_Service_4] [PAPER-KV-V6] fetch meta-llama/Llama-3.2-1B -> None requests
[2026-08-22 08:43:51.012 Model_Service_4] [PAPER-KV-V6] fetch meta-llama/Llama-3.2-1B -> None requests
[2026-08-22 08:43:51.023 Model_Service_4] [PAPER-KV-V6] fetch meta-llama/Llama-3.2-1B -> None requests
[2026-08-22 08:43:51.034 Model_Service_4] [PAPER-KV-V6] fetch meta-llama/Llama-3.2-1B -> None requests
[2026-08-22 08:43:51.045 Model_Service_4] [PAPER-KV-V6] fetch meta-llama/Llama-3.2-1B -> None requests
[2026-08-22 08:43:51.056 Model_Service_4] [PAPER-KV-V6] fetch meta-llama/Llama-3.2-1B -> None requests
[2026-08-22 08:43:51.067 Model_Service_4] [PAPER-KV-V6] fetch meta-llama/Llama-3.2-1B -> None requests
[2026-08-22 08:43:51.077 Model_Service_4] [PAPER-KV-V6] fetch meta-llama/Llama-3.2-1B -> None requests
[2026-08-22 08:43:51.088 Model_Service_4] [PAPER-KV-V6] fetch meta-llama/Llama-3.2-1B -> None requests
[2026-08-22 08:43:51.099 Model_Service_4] [PAPER-KV-V6] fetch meta-llama/Llama-3.2-1B -> None requests
[2026-08-22 08:43:51.110 Model_Service_4] [PAPER-KV-V6] fetch meta-llama/Llama-3.2-1B -> None requests
[2026-08-22 08:43:51.121 Model_Service_4] [PAPER-KV-V6] fetch meta-llama/Llama-3.2-1B -> None requests
[2026-08-22 08:43:51.132 Model_Service_4] [PAPER-KV-V6] fetch meta-llama/Llama-3.2-1B -> None requests
[2026-08-22 08:43:51.143 Model_Service_4] [PAPER-KV-V6] fetch meta-llama/Llama-3.2-1B -> None requests
[2026-08-22 08:43:51.153 Model_Service_4] [PAPER-KV-V6] fetch meta-llama/Llama-3.2-1B -> None requests
[2026-08-22 08:43:51.164 Model_Service_4] [PAPER-KV-V6] fetch meta-llama/Llama-3.2-1B -> None requests
[2026-08-22 08:43:51.175 Model_Service_4] [PAPER-KV-V6] fetch meta-llama/Llama-3.2-1B -> None requests
[2026-08-22 08:43:51.186 Model_Service_4] [PAPER-KV-V6] fetch meta-llama/Llama-3.2-1B -> None requests
[2026-08-22 08:43:51.197 Model_Service_4] [PAPER-KV-V6] fetch meta-llama/Llama-3.2-1B -> None requests
[2026-08-22 08:43:51.208 Model_Service_4] [PAPER-KV-V6] fetch meta-llama/Llama-3.2-1B -> None requests
[2026-08-22 08:43:51.219 Model_Service_4] [PAPER-KV-V6] fetch meta-llama/Llama-3.2-1B -> None requests
[2026-08-22 08:43:51.229 Model_Service_4] [PAPER-KV-V6] fetch meta-llama/Llama-3.2-1B -> None requests
[2026-08-22 08:43:51.240 Model_Service_4] [PAPER-KV-V6] fetch meta-llama/Llama-3.2-1B -> None requests
[2026-08-22 08:43:51.251 Model_Service_4] [PAPER-KV-V6] fetch meta-llama/Llama-3.2-1B -> None requests
[2026-08-22 08:43:51.262 Model_Service_4] [PAPER-KV-V6] fetch meta-llama/Llama-3.2-1B -> None requests
[2026-08-22 08:43:51.272 Model_Service_4] [PAPER-KV-V6] fetch meta-llama/Llama-3.2-1B -> None requests
[2026-08-22 08:43:51.283 Model_Service_4] [PAPER-KV-V6] fetch meta-llama/Llama-3.2-1B -> None requests
[2026-08-22 08:43:51.294 Model_Service_4] [PAPER-KV-V6] fetch meta-llama/Llama-3.2-1B -> None requests
[2026-08-22 08:43:51.304 Model_Service_4] [PAPER-KV-V6] fetch meta-llama/Llama-3.2-1B -> None requests
[2026-08-22 08:43:51.315 Model_Service_4] [PAPER-KV-V6] fetch meta-llama/Llama-3.2-1B -> None requests
[2026-08-22 08:43:51.326 Model_Service_4] [PAPER-KV-V6] fetch meta-llama/Llama-3.2-1B -> None requests
[2026-08-22 08:43:51.337 Model_Service_4] [PAPER-KV-V6] fetch meta-llama/Llama-3.2-1B -> None requests
[2026-08-22 08:43:51.347 Model_Service_4] [PAPER-KV-V6] fetch meta-llama/Llama-3.2-1B -> None requests
[2026-08-22 08:43:51.358 Model_Service_4] [PAPER-KV-V6] fetch meta-llama/Llama-3.2-1B -> None requests
[2026-08-22 08:43:51.369 Model_Service_4] [PAPER-KV-V6] fetch meta-llama/Llama-3.2-1B -> None requests
[2026-08-22 08:43:51.379 Model_Service_4] [PAPER-KV-V6] fetch meta-llama/Llama-3.2-1B -> None requests
[2026-08-22 08:43:51.390 Model_Service_4] [PAPER-KV-V6] fetch meta-llama/Llama-3.2-1B -> None requests
[2026-08-22 08:43:51.401 Model_Service_4] [PAPER-KV-V6] fetch meta-llama/Llama-3.2-1B -> None requests
[2026-08-22 08:43:51.412 Model_Service_4] [PAPER-KV-V6] fetch meta-llama/Llama-3.2-1B -> None requests
[2026-08-22 08:43:51.422 Model_Service_4] [PAPER-KV-V6] fetch meta-llama/Llama-3.2-1B -> None requests
[2026-08-22 08:43:51.433 Model_Service_4] [PAPER-KV-V6] fetch meta-llama/Llama-3.2-1B -> None requests
[2026-08-22 08:43:51.443 Model_Service_4] [PAPER-KV-V6] fetch meta-llama/Llama-3.2-1B -> None requests
[2026-08-22 08:43:51.454 Model_Service_4] [PAPER-KV-V6] fetch meta-llama/Llama-3.2-1B -> None requests
[2026-08-22 08:43:51.465 Model_Service_4] [PAPER-KV-V6] fetch meta-llama/Llama-3.2-1B -> None requests
[2026-08-22 08:43:51.475 Model_Service_4] [PAPER-KV-V6] fetch meta-llama/Llama-3.2-1B -> None requests
[2026-08-22 08:43:51.486 Model_Service_4] [PAPER-KV-V6] fetch meta-llama/Llama-3.2-1B -> None requests
[2026-08-22 08:43:51.496 Model_Service_4] [PAPER-KV-V6] fetch meta-llama/Llama-3.2-1B -> None requests
[2026-08-22 08:43:51.507 Model_Service_4] [PAPER-KV-V6] fetch meta-llama/Llama-3.2-1B -> None requests
[2026-08-22 08:43:51.518 Model_Service_4] [PAPER-KV-V6] fetch meta-llama/Llama-3.2-1B -> None requests
[2026-08-22 08:43:51.528 Model_Service_4] [PAPER-KV-V6] fetch meta-llama/Llama-3.2-1B -> None requests
[2026-08-22 08:43:51.539 Model_Service_4] [PAPER-KV-V6] fetch meta-llama/Llama-3.2-1B -> None requests
[2026-08-22 08:43:51.549 Model_Service_4] [PAPER-KV-V6] fetch meta-llama/Llama-3.2-1B -> None requests
[2026-08-22 08:43:51.560 Model_Service_4] [PAPER-KV-V6] fetch meta-llama/Llama-3.2-1B -> None requests
[2026-08-22 08:43:51.570 Model_Service_4] [PAPER-KV-V6] fetch meta-llama/Llama-3.2-1B -> None requests
[2026-08-22 08:43:51.581 Model_Service_4] [PAPER-KV-V6] fetch meta-llama/Llama-3.2-1B -> None requests
[2026-08-22 08:43:51.592 Model_Service_4] [PAPER-KV-V6] fetch meta-llama/Llama-3.2-1B -> None requests
[2026-08-22 08:43:51.602 Model_Service_4] [PAPER-KV-V6] fetch meta-llama/Llama-3.2-1B -> None requests
[2026-08-22 08:43:51.613 Model_Service_4] [PAPER-KV-V6] fetch meta-llama/Llama-3.2-1B -> None requests
[2026-08-22 08:43:51.624 Model_Service_4] [PAPER-KV-V6] fetch meta-llama/Llama-3.2-1B -> None requests
[2026-08-22 08:43:51.634 Model_Service_4] [PAPER-KV-V6] fetch meta-llama/Llama-3.2-1B -> None requests
[2026-08-22 08:43:51.645 Model_Service_4] [PAPER-KV-V6] fetch meta-llama/Llama-3.2-1B -> None requests
[2026-08-22 08:43:51.655 Model_Service_4] [PAPER-KV-V6] fetch meta-llama/Llama-3.2-1B -> None requests
[2026-08-22 08:43:51.666 Model_Service_4] [PAPER-KV-V6] fetch meta-llama/Llama-3.2-1B -> None requests
[2026-08-22 08:43:51.677 Model_Service_4] [PAPER-KV-V6] fetch meta-llama/Llama-3.2-1B -> None requests
[2026-08-22 08:43:51.687 Model_Service_4] [PAPER-KV-V6] fetch meta-llama/Llama-3.2-1B -> None requests
[2026-08-22 08:43:51.698 Model_Service_4] [PAPER-KV-V6] fetch meta-llama/Llama-3.2-1B -> None requests
[2026-08-22 08:43:51.708 Model_Service_4] [PAPER-KV-V6] fetch meta-llama/Llama-3.2-1B -> None requests
[2026-08-22 08:43:51.719 Model_Service_4] [PAPER-KV-V6] fetch meta-llama/Llama-3.2-1B -> None requests
[2026-08-22 08:43:51.729 Model_Service_4] [PAPER-KV-V6] fetch meta-llama/Llama-3.2-1B -> None requests
[2026-08-22 08:43:51.739 Model_Service_4] [PAPER-KV-V6] fetch meta-llama/Llama-3.2-1B -> None requests
[2026-08-22 08:43:51.750 Model_Service_4] [PAPER-KV-V6] fetch meta-llama/Llama-3.2-1B -> None requests
[2026-08-22 08:43:51.761 Model_Service_4] [PAPER-KV-V6] fetch meta-llama/Llama-3.2-1B -> None requests
[2026-08-22 08:43:51.771 Model_Service_4] [PAPER-KV-V6] fetch meta-llama/Llama-3.2-1B -> None requests
[2026-08-22 08:43:51.781 Model_Service_4] [PAPER-KV-V6] fetch meta-llama/Llama-3.2-1B -> None requests
[2026-08-22 08:43:51.792 Model_Service_4] [PAPER-KV-V6] fetch meta-llama/Llama-3.2-1B -> None requests
[2026-08-22 08:43:51.802 Model_Service_4] [PAPER-KV-V6] fetch meta-llama/Llama-3.2-1B -> None requests
[2026-08-22 08:43:51.813 Model_Service_4] [PAPER-KV-V6] fetch meta-llama/Llama-3.2-1B -> None requests
[2026-08-22 08:43:51.822 Model_Service_1] [PAPER-LOAD-V4] {"tag": "Qwen/Qwen2.5-3B-Instruct|engine=0_1|src=None", "start_time": 1787388230.8275049, "end_time": 1787388231.8219335, "policy": "paper", "split": 2, "pipeline_depth": null, "target_gpu": 0, "gpu_ids": [0, 1], "source": "cpu", "host_registered": true, "slices": 510, "payload_bytes": 6794207232, "bytes_h2d_direct": 3397103616, "bytes_h2d_helper": 3397103616, "bytes_p2p": 3397103616, "seconds": 0.9944266900420189, "payload_gbps": 6.832285677803876, "transfer_path": "host-to-device + helper-gpu-p2p"}
[2026-08-22 08:43:51.823 Model_Service_4] [PAPER-KV-V6] fetch meta-llama/Llama-3.2-1B -> None requests
[2026-08-22 08:43:51.824 Model_Service_1] Time taken to copy model to GPU 0, service 1, engine 0_1, model Qwen/Qwen2.5-3B-Instruct: 1.0022 seconds
[2026-08-22 08:43:51.834 Model_Service_4] [PAPER-KV-V6] fetch meta-llama/Llama-3.2-1B -> None requests
[2026-08-22 08:43:51.844 Model_Service_4] [PAPER-KV-V6] fetch meta-llama/Llama-3.2-1B -> None requests
[2026-08-22 08:43:51.854 Model_Service_4] [PAPER-KV-V6] fetch meta-llama/Llama-3.2-1B -> None requests
[2026-08-22 08:43:51.865 Model_Service_4] [PAPER-KV-V6] fetch meta-llama/Llama-3.2-1B -> None requests
[2026-08-22 08:43:51.875 Model_Service_4] [PAPER-KV-V6] fetch meta-llama/Llama-3.2-1B -> None requests
[2026-08-22 08:43:51.886 Model_Service_4] [PAPER-KV-V6] fetch meta-llama/Llama-3.2-1B -> None requests
[2026-08-22 08:43:51.896 Model_Service_4] [PAPER-KV-V6] fetch meta-llama/Llama-3.2-1B -> None requests
[2026-08-22 08:43:51.907 Model_Service_4] [PAPER-KV-V6] fetch meta-llama/Llama-3.2-1B -> None requests
[2026-08-22 08:43:51.917 Model_Service_4] [PAPER-KV-V6] fetch meta-llama/Llama-3.2-1B -> None requests
[2026-08-22 08:43:51.928 Model_Service_4] [PAPER-KV-V6] fetch meta-llama/Llama-3.2-1B -> None requests
[2026-08-22 08:43:51.938 Model_Service_4] [PAPER-KV-V6] fetch meta-llama/Llama-3.2-1B -> None requests
[2026-08-22 08:43:51.949 Model_Service_4] [PAPER-KV-V6] fetch meta-llama/Llama-3.2-1B -> None requests
[2026-08-22 08:43:51.959 Model_Service_4] [PAPER-KV-V6] fetch meta-llama/Llama-3.2-1B -> None requests
[2026-08-22 08:43:51.969 Model_Service_4] [PAPER-KV-V6] fetch meta-llama/Llama-3.2-1B -> None requests
[2026-08-22 08:43:51.980 Model_Service_4] [PAPER-KV-V6] fetch meta-llama/Llama-3.2-1B -> None requests
[2026-08-22 08:43:51.990 Model_Service_4] [PAPER-KV-V6] fetch meta-llama/Llama-3.2-1B -> None requests
[2026-08-22 08:43:52.001 Model_Service_4] [PAPER-KV-V6] fetch meta-llama/Llama-3.2-1B -> None requests
[2026-08-22 08:43:52.011 Model_Service_4] [PAPER-KV-V6] fetch meta-llama/Llama-3.2-1B -> None requests
[2026-08-22 08:43:52.022 Model_Service_4] [PAPER-KV-V6] fetch meta-llama/Llama-3.2-1B -> None requests
[2026-08-22 08:43:52.033 Model_Service_4] [PAPER-KV-V6] fetch meta-llama/Llama-3.2-1B -> None requests
[2026-08-22 08:43:52.043 Model_Service_4] [PAPER-KV-V6] fetch meta-llama/Llama-3.2-1B -> None requests
[2026-08-22 08:43:52.054 Model_Service_4] [PAPER-KV-V6] fetch meta-llama/Llama-3.2-1B -> None requests
[2026-08-22 08:43:52.064 Model_Service_4] [PAPER-KV-V6] fetch meta-llama/Llama-3.2-1B -> None requests
[2026-08-22 08:43:52.075 Model_Service_4] [PAPER-KV-V6] fetch meta-llama/Llama-3.2-1B -> None requests
[2026-08-22 08:43:52.085 Model_Service_4] [PAPER-KV-V6] fetch meta-llama/Llama-3.2-1B -> None requests
[2026-08-22 08:43:52.096 Model_Service_4] [PAPER-KV-V6] fetch meta-llama/Llama-3.2-1B -> None requests
[2026-08-22 08:43:52.106 Model_Service_4] [PAPER-KV-V6] fetch meta-llama/Llama-3.2-1B -> None requests
[2026-08-22 08:43:52.117 Model_Service_4] [PAPER-KV-V6] fetch meta-llama/Llama-3.2-1B -> None requests
[2026-08-22 08:43:52.127 Model_Service_4] [PAPER-KV-V6] fetch meta-llama/Llama-3.2-1B -> None requests
[2026-08-22 08:43:52.138 Model_Service_4] [PAPER-KV-V6] fetch meta-llama/Llama-3.2-1B -> None requests
[2026-08-22 08:43:52.148 Model_Service_4] [PAPER-KV-V6] fetch meta-llama/Llama-3.2-1B -> None requests
[2026-08-22 08:43:52.159 Model_Service_4] [PAPER-KV-V6] fetch meta-llama/Llama-3.2-1B -> None requests
[2026-08-22 08:43:52.169 Model_Service_4] [PAPER-KV-V6] fetch meta-llama/Llama-3.2-1B -> None requests
[2026-08-22 08:43:52.180 Model_Service_4] [PAPER-KV-V6] fetch meta-llama/Llama-3.2-1B -> None requests
[2026-08-22 08:43:52.190 Model_Service_4] [PAPER-KV-V6] fetch meta-llama/Llama-3.2-1B -> None requests
[2026-08-22 08:43:52.201 Model_Service_4] [PAPER-KV-V6] fetch meta-llama/Llama-3.2-1B -> None requests
[2026-08-22 08:43:52.211 Model_Service_4] [PAPER-KV-V6] fetch meta-llama/Llama-3.2-1B -> None requests
[2026-08-22 08:43:52.222 Model_Service_4] [PAPER-KV-V6] fetch meta-llama/Llama-3.2-1B -> None requests
[2026-08-22 08:43:52.233 Model_Service_4] [PAPER-KV-V6] fetch meta-llama/Llama-3.2-1B -> None requests
[2026-08-22 08:43:52.243 Model_Service_4] [PAPER-KV-V6] fetch meta-llama/Llama-3.2-1B -> None requests
[2026-08-22 08:43:52.254 Model_Service_4] [PAPER-KV-V6] fetch meta-llama/Llama-3.2-1B -> None requests
[2026-08-22 08:43:52.265 Model_Service_4] [PAPER-KV-V6] fetch meta-llama/Llama-3.2-1B -> None requests
[2026-08-22 08:43:52.275 Model_Service_4] [PAPER-KV-V6] fetch meta-llama/Llama-3.2-1B -> None requests
[2026-08-22 08:43:52.285 Model_Service_4] [PAPER-KV-V6] fetch meta-llama/Llama-3.2-1B -> None requests
[2026-08-22 08:43:52.295 Model_Service_4] [PAPER-KV-V6] fetch meta-llama/Llama-3.2-1B -> None requests
[2026-08-22 08:43:52.306 Model_Service_4] [PAPER-KV-V6] fetch meta-llama/Llama-3.2-1B -> None requests
[2026-08-22 08:43:52.316 Model_Service_4] [PAPER-KV-V6] fetch meta-llama/Llama-3.2-1B -> None requests
[2026-08-22 08:43:52.327 Model_Service_4] [PAPER-KV-V6] fetch meta-llama/Llama-3.2-1B -> None requests
[2026-08-22 08:43:52.337 Model_Service_4] [PAPER-KV-V6] fetch meta-llama/Llama-3.2-1B -> None requests
[2026-08-22 08:43:52.348 Model_Service_4] [PAPER-KV-V6] fetch meta-llama/Llama-3.2-1B -> None requests
[2026-08-22 08:43:52.358 Model_Service_4] [PAPER-KV-V6] fetch meta-llama/Llama-3.2-1B -> None requests
[2026-08-22 08:43:52.369 Model_Service_4] [PAPER-KV-V6] fetch meta-llama/Llama-3.2-1B -> None requests
[2026-08-22 08:43:52.379 Model_Service_4] [PAPER-KV-V6] fetch meta-llama/Llama-3.2-1B -> None requests
[2026-08-22 08:43:52.390 Model_Service_4] [PAPER-KV-V6] fetch meta-llama/Llama-3.2-1B -> None requests
[2026-08-22 08:43:52.401 Model_Service_4] [PAPER-KV-V6] fetch meta-llama/Llama-3.2-1B -> None requests
[2026-08-22 08:43:52.411 Model_Service_4] [PAPER-KV-V6] fetch meta-llama/Llama-3.2-1B -> None requests
[2026-08-22 08:43:52.422 Model_Service_4] [PAPER-KV-V6] fetch meta-llama/Llama-3.2-1B -> None requests
[2026-08-22 08:43:52.432 Model_Service_4] [PAPER-KV-V6] fetch meta-llama/Llama-3.2-1B -> None requests
[2026-08-22 08:43:52.442 Model_Service_4] [PAPER-KV-V6] fetch meta-llama/Llama-3.2-1B -> None requests
[2026-08-22 08:43:52.453 Model_Service_4] [PAPER-KV-V6] fetch meta-llama/Llama-3.2-1B -> None requests
[2026-08-22 08:43:52.463 Model_Service_4] [PAPER-KV-V6] fetch meta-llama/Llama-3.2-1B -> None requests
[2026-08-22 08:43:52.474 Model_Service_4] [PAPER-KV-V6] fetch meta-llama/Llama-3.2-1B -> None requests
[2026-08-22 08:43:52.485 Model_Service_4] [PAPER-KV-V6] fetch meta-llama/Llama-3.2-1B -> None requests
[2026-08-22 08:43:52.495 Model_Service_4] [PAPER-KV-V6] fetch meta-llama/Llama-3.2-1B -> None requests
[2026-08-22 08:43:52.506 Model_Service_4] [PAPER-KV-V6] fetch meta-llama/Llama-3.2-1B -> None requests
[2026-08-22 08:43:52.516 Model_Service_4] [PAPER-KV-V6] fetch meta-llama/Llama-3.2-1B -> None requests
[2026-08-22 08:43:52.527 Model_Service_4] [PAPER-KV-V6] fetch meta-llama/Llama-3.2-1B -> None requests
[2026-08-22 08:43:52.538 Model_Service_4] [PAPER-KV-V6] fetch meta-llama/Llama-3.2-1B -> None requests
[2026-08-22 08:43:52.548 Model_Service_4] [PAPER-KV-V6] fetch meta-llama/Llama-3.2-1B -> None requests
[2026-08-22 08:43:52.559 Model_Service_4] [PAPER-KV-V6] fetch meta-llama/Llama-3.2-1B -> None requests
[2026-08-22 08:43:52.560 Model_Service_1] [PAPER-KV-V6] fetch Qwen/Qwen2.5-3B-Instruct -> None requests
[2026-08-22 08:43:52.569 Model_Service_4] [PAPER-KV-V6] fetch meta-llama/Llama-3.2-1B -> None requests
[2026-08-22 08:43:52.570 Model_Service_1] [PAPER-KV-V6] fetch Qwen/Qwen2.5-3B-Instruct -> None requests
[2026-08-22 08:43:52.580 Model_Service_4] [PAPER-KV-V6] fetch meta-llama/Llama-3.2-1B -> None requests
[2026-08-22 08:43:52.581 Model_Service_1] [PAPER-KV-V6] fetch Qwen/Qwen2.5-3B-Instruct -> None requests
[2026-08-22 08:43:52.591 Model_Service_4] [PAPER-KV-V6] fetch meta-llama/Llama-3.2-1B -> None requests
[2026-08-22 08:43:52.591 Model_Service_1] [PAPER-KV-V6] fetch Qwen/Qwen2.5-3B-Instruct -> None requests
[2026-08-22 08:43:52.601 Model_Service_4] [PAPER-KV-V6] fetch meta-llama/Llama-3.2-1B -> None requests
[2026-08-22 08:43:52.602 Model_Service_1] [PAPER-KV-V6] fetch Qwen/Qwen2.5-3B-Instruct -> None requests
[2026-08-22 08:43:52.612 Model_Service_4] [PAPER-KV-V6] fetch meta-llama/Llama-3.2-1B -> None requests
[2026-08-22 08:43:52.612 Model_Service_1] [PAPER-KV-V6] fetch Qwen/Qwen2.5-3B-Instruct -> None requests
[2026-08-22 08:43:52.622 Model_Service_4] [PAPER-KV-V6] fetch meta-llama/Llama-3.2-1B -> None requests
[2026-08-22 08:43:52.623 Model_Service_1] [PAPER-KV-V6] fetch Qwen/Qwen2.5-3B-Instruct -> None requests
[2026-08-22 08:43:52.633 Model_Service_4] [PAPER-KV-V6] fetch meta-llama/Llama-3.2-1B -> None requests
[2026-08-22 08:43:52.633 Model_Service_1] [PAPER-KV-V6] fetch Qwen/Qwen2.5-3B-Instruct -> None requests
[2026-08-22 08:43:52.644 Model_Service_4] [PAPER-KV-V6] fetch meta-llama/Llama-3.2-1B -> None requests
[2026-08-22 08:43:52.644 Model_Service_1] [PAPER-KV-V6] fetch Qwen/Qwen2.5-3B-Instruct -> None requests
[2026-08-22 08:43:52.654 Model_Service_4] [PAPER-KV-V6] fetch meta-llama/Llama-3.2-1B -> None requests
[2026-08-22 08:43:52.655 Model_Service_1] [PAPER-KV-V6] fetch Qwen/Qwen2.5-3B-Instruct -> None requests
[2026-08-22 08:43:52.664 Model_Service_4] [PAPER-KV-V6] fetch meta-llama/Llama-3.2-1B -> None requests
[2026-08-22 08:43:52.665 Model_Service_1] [PAPER-KV-V6] fetch Qwen/Qwen2.5-3B-Instruct -> None requests
[2026-08-22 08:43:52.675 Model_Service_4] [PAPER-KV-V6] fetch meta-llama/Llama-3.2-1B -> None requests
[2026-08-22 08:43:52.676 Model_Service_1] [PAPER-KV-V6] fetch Qwen/Qwen2.5-3B-Instruct -> None requests
[2026-08-22 08:43:52.685 Model_Service_4] [PAPER-KV-V6] fetch meta-llama/Llama-3.2-1B -> None requests
[2026-08-22 08:43:52.686 Model_Service_1] [PAPER-KV-V6] fetch Qwen/Qwen2.5-3B-Instruct -> None requests
[2026-08-22 08:43:52.696 Model_Service_4] [PAPER-KV-V6] fetch meta-llama/Llama-3.2-1B -> None requests
[2026-08-22 08:43:52.697 Model_Service_1] [PAPER-KV-V6] fetch Qwen/Qwen2.5-3B-Instruct -> None requests
[2026-08-22 08:43:52.707 Model_Service_4] [PAPER-KV-V6] fetch meta-llama/Llama-3.2-1B -> None requests
[2026-08-22 08:43:52.707 Model_Service_1] [PAPER-KV-V6] fetch Qwen/Qwen2.5-3B-Instruct -> None requests
[2026-08-22 08:43:52.717 Model_Service_4] [PAPER-KV-V6] fetch meta-llama/Llama-3.2-1B -> None requests
[2026-08-22 08:43:52.718 Model_Service_1] [PAPER-KV-V6] fetch Qwen/Qwen2.5-3B-Instruct -> None requests
[2026-08-22 08:43:52.728 Model_Service_4] [PAPER-KV-V6] fetch meta-llama/Llama-3.2-1B -> None requests
[2026-08-22 08:43:52.729 Model_Service_1] [PAPER-KV-V6] fetch Qwen/Qwen2.5-3B-Instruct -> None requests
[2026-08-22 08:43:52.738 Model_Service_4] [PAPER-KV-V6] fetch meta-llama/Llama-3.2-1B -> None requests
[2026-08-22 08:43:52.739 Model_Service_1] [PAPER-KV-V6] fetch Qwen/Qwen2.5-3B-Instruct -> None requests
[2026-08-22 08:43:52.749 Model_Service_4] [PAPER-KV-V6] fetch meta-llama/Llama-3.2-1B -> None requests
[2026-08-22 08:43:52.750 Model_Service_1] [PAPER-KV-V6] fetch Qwen/Qwen2.5-3B-Instruct -> None requests
[2026-08-22 08:43:52.760 Model_Service_4] [PAPER-KV-V6] fetch meta-llama/Llama-3.2-1B -> None requests
[2026-08-22 08:43:52.761 Model_Service_1] [PAPER-KV-V6] fetch Qwen/Qwen2.5-3B-Instruct -> None requests
[2026-08-22 08:43:52.770 Model_Service_4] [PAPER-KV-V6] fetch meta-llama/Llama-3.2-1B -> None requests
[2026-08-22 08:43:52.771 Model_Service_1] [PAPER-KV-V6] fetch Qwen/Qwen2.5-3B-Instruct -> None requests
[2026-08-22 08:43:52.781 Model_Service_4] [PAPER-KV-V6] fetch meta-llama/Llama-3.2-1B -> None requests
[2026-08-22 08:43:52.782 Model_Service_1] [PAPER-KV-V6] fetch Qwen/Qwen2.5-3B-Instruct -> None requests
[2026-08-22 08:43:52.792 Model_Service_4] [PAPER-KV-V6] fetch meta-llama/Llama-3.2-1B -> None requests
[2026-08-22 08:43:52.792 Model_Service_1] [PAPER-KV-V6] fetch Qwen/Qwen2.5-3B-Instruct -> None requests
[2026-08-22 08:43:52.802 Model_Service_4] [PAPER-KV-V6] fetch meta-llama/Llama-3.2-1B -> None requests
[2026-08-22 08:43:52.803 Model_Service_1] [PAPER-KV-V6] fetch Qwen/Qwen2.5-3B-Instruct -> None requests
[2026-08-22 08:43:52.813 Model_Service_4] [PAPER-KV-V6] fetch meta-llama/Llama-3.2-1B -> None requests
[2026-08-22 08:43:52.813 Model_Service_1] [PAPER-KV-V6] fetch Qwen/Qwen2.5-3B-Instruct -> None requests
[2026-08-22 08:43:52.821 Model_Service_3] [PAPER-LOAD-V4] {"tag": "meta-llama/Llama-3.1-8B|engine=0_2|src=None", "start_time": 1787388230.8720667, "end_time": 1787388232.821311, "policy": "paper", "split": 2, "pipeline_depth": null, "target_gpu": 0, "gpu_ids": [0, 1], "source": "cpu", "host_registered": true, "slices": 390, "payload_bytes": 16060522496, "bytes_h2d_direct": 8030261248, "bytes_h2d_helper": 8030261248, "bytes_p2p": 8030261248, "seconds": 1.94924152106978, "payload_gbps": 8.23937019727842, "transfer_path": "host-to-device + helper-gpu-p2p"}
[2026-08-22 08:43:52.823 Model_Service_4] [PAPER-KV-V6] fetch meta-llama/Llama-3.2-1B -> None requests
[2026-08-22 08:43:52.824 Model_Service_1] [PAPER-KV-V6] fetch Qwen/Qwen2.5-3B-Instruct -> None requests
[2026-08-22 08:43:52.824 Model_Service_3] Time taken to copy model to GPU 0, service 3, engine 0_2, model meta-llama/Llama-3.1-8B: 1.9553 seconds
[2026-08-22 08:43:52.834 Model_Service_4] [PAPER-KV-V6] fetch meta-llama/Llama-3.2-1B -> None requests
[2026-08-22 08:43:52.834 Model_Service_1] [PAPER-KV-V6] fetch Qwen/Qwen2.5-3B-Instruct -> None requests
[2026-08-22 08:43:52.845 Model_Service_4] [PAPER-KV-V6] fetch meta-llama/Llama-3.2-1B -> None requests
[2026-08-22 08:43:52.845 Model_Service_1] [PAPER-KV-V6] fetch Qwen/Qwen2.5-3B-Instruct -> None requests
[2026-08-22 08:43:52.855 Model_Service_4] [PAPER-KV-V6] fetch meta-llama/Llama-3.2-1B -> None requests
[2026-08-22 08:43:52.856 Model_Service_1] [PAPER-KV-V6] fetch Qwen/Qwen2.5-3B-Instruct -> None requests
[2026-08-22 08:43:52.866 Model_Service_4] [PAPER-KV-V6] fetch meta-llama/Llama-3.2-1B -> None requests
[2026-08-22 08:43:52.867 Model_Service_1] [PAPER-KV-V6] fetch Qwen/Qwen2.5-3B-Instruct -> None requests
[2026-08-22 08:43:52.877 Model_Service_4] [PAPER-KV-V6] fetch meta-llama/Llama-3.2-1B -> None requests
[2026-08-22 08:43:52.877 Model_Service_1] [PAPER-KV-V6] fetch Qwen/Qwen2.5-3B-Instruct -> None requests
[2026-08-22 08:43:52.887 Model_Service_4] [PAPER-KV-V6] fetch meta-llama/Llama-3.2-1B -> None requests
[2026-08-22 08:43:52.888 Model_Service_1] [PAPER-KV-V6] fetch Qwen/Qwen2.5-3B-Instruct -> None requests
[2026-08-22 08:43:52.898 Model_Service_4] [PAPER-KV-V6] fetch meta-llama/Llama-3.2-1B -> None requests
[2026-08-22 08:43:52.899 Model_Service_1] [PAPER-KV-V6] fetch Qwen/Qwen2.5-3B-Instruct -> None requests
[2026-08-22 08:43:52.909 Model_Service_4] [PAPER-KV-V6] fetch meta-llama/Llama-3.2-1B -> None requests
[2026-08-22 08:43:52.909 Model_Service_1] [PAPER-KV-V6] fetch Qwen/Qwen2.5-3B-Instruct -> None requests
[2026-08-22 08:43:52.919 Model_Service_4] [PAPER-KV-V6] fetch meta-llama/Llama-3.2-1B -> None requests
[2026-08-22 08:43:52.921 Model_Service_1] [PAPER-KV-V6] fetch Qwen/Qwen2.5-3B-Instruct -> None requests
[2026-08-22 08:43:52.930 Model_Service_4] [PAPER-KV-V6] fetch meta-llama/Llama-3.2-1B -> None requests
[2026-08-22 08:43:52.931 Model_Service_1] [PAPER-KV-V6] fetch Qwen/Qwen2.5-3B-Instruct -> None requests
[2026-08-22 08:43:52.940 Model_Service_4] [PAPER-KV-V6] fetch meta-llama/Llama-3.2-1B -> None requests
[2026-08-22 08:43:52.942 Model_Service_1] [PAPER-KV-V6] fetch Qwen/Qwen2.5-3B-Instruct -> None requests
[2026-08-22 08:43:52.951 Model_Service_4] [PAPER-KV-V6] fetch meta-llama/Llama-3.2-1B -> None requests
[2026-08-22 08:43:52.952 Model_Service_1] [PAPER-KV-V6] fetch Qwen/Qwen2.5-3B-Instruct -> None requests
[2026-08-22 08:43:52.962 Model_Service_4] [PAPER-KV-V6] fetch meta-llama/Llama-3.2-1B -> None requests
[2026-08-22 08:43:52.963 Model_Service_1] [PAPER-KV-V6] fetch Qwen/Qwen2.5-3B-Instruct -> None requests
[2026-08-22 08:43:52.972 Model_Service_4] [PAPER-KV-V6] fetch meta-llama/Llama-3.2-1B -> None requests
[2026-08-22 08:43:52.973 Model_Service_1] [PAPER-KV-V6] fetch Qwen/Qwen2.5-3B-Instruct -> None requests
[2026-08-22 08:43:52.983 Model_Service_4] [PAPER-KV-V6] fetch meta-llama/Llama-3.2-1B -> None requests
[2026-08-22 08:43:52.984 Model_Service_1] [PAPER-KV-V6] fetch Qwen/Qwen2.5-3B-Instruct -> None requests
[2026-08-22 08:43:52.993 Model_Service_4] [PAPER-KV-V6] fetch meta-llama/Llama-3.2-1B -> None requests
[2026-08-22 08:43:52.995 Model_Service_1] [PAPER-KV-V6] fetch Qwen/Qwen2.5-3B-Instruct -> None requests
[2026-08-22 08:43:53.004 Model_Service_4] [PAPER-KV-V6] fetch meta-llama/Llama-3.2-1B -> None requests
[2026-08-22 08:43:53.006 Model_Service_1] [PAPER-KV-V6] fetch Qwen/Qwen2.5-3B-Instruct -> None requests
[2026-08-22 08:43:53.014 Model_Service_4] [PAPER-KV-V6] fetch meta-llama/Llama-3.2-1B -> None requests
[2026-08-22 08:43:53.016 Model_Service_1] [PAPER-KV-V6] fetch Qwen/Qwen2.5-3B-Instruct -> None requests
[2026-08-22 08:43:53.025 Model_Service_4] [PAPER-KV-V6] fetch meta-llama/Llama-3.2-1B -> None requests
[2026-08-22 08:43:53.027 Model_Service_1] [PAPER-KV-V6] fetch Qwen/Qwen2.5-3B-Instruct -> None requests
[2026-08-22 08:43:53.035 Model_Service_4] [PAPER-KV-V6] fetch meta-llama/Llama-3.2-1B -> None requests
[2026-08-22 08:43:53.039 Model_Service_1] [PAPER-KV-V6] fetch Qwen/Qwen2.5-3B-Instruct -> None requests
[2026-08-22 08:43:53.046 Model_Service_4] [PAPER-KV-V6] fetch meta-llama/Llama-3.2-1B -> None requests
[2026-08-22 08:43:53.050 Model_Service_1] [PAPER-KV-V6] fetch Qwen/Qwen2.5-3B-Instruct -> None requests
[2026-08-22 08:43:53.056 Model_Service_4] [PAPER-KV-V6] fetch meta-llama/Llama-3.2-1B -> None requests
[2026-08-22 08:43:53.060 Model_Service_1] [PAPER-KV-V6] fetch Qwen/Qwen2.5-3B-Instruct -> None requests
[2026-08-22 08:43:53.067 Model_Service_4] [PAPER-KV-V6] fetch meta-llama/Llama-3.2-1B -> None requests
[2026-08-22 08:43:53.071 Model_Service_1] [PAPER-KV-V6] fetch Qwen/Qwen2.5-3B-Instruct -> None requests
[2026-08-22 08:43:53.077 Model_Service_4] [PAPER-KV-V6] fetch meta-llama/Llama-3.2-1B -> None requests
[2026-08-22 08:43:53.081 Model_Service_1] [PAPER-KV-V6] fetch Qwen/Qwen2.5-3B-Instruct -> None requests
[2026-08-22 08:43:53.088 Model_Service_4] [PAPER-KV-V6] fetch meta-llama/Llama-3.2-1B -> None requests
[2026-08-22 08:43:53.093 Model_Service_1] [PAPER-KV-V6] fetch Qwen/Qwen2.5-3B-Instruct -> None requests
[2026-08-22 08:43:53.098 Model_Service_4] [PAPER-KV-V6] fetch meta-llama/Llama-3.2-1B -> None requests
[2026-08-22 08:43:53.103 Model_Service_1] [PAPER-KV-V6] fetch Qwen/Qwen2.5-3B-Instruct -> None requests
[2026-08-22 08:43:53.109 Model_Service_4] [PAPER-KV-V6] fetch meta-llama/Llama-3.2-1B -> None requests
[2026-08-22 08:43:53.114 Model_Service_1] [PAPER-KV-V6] fetch Qwen/Qwen2.5-3B-Instruct -> None requests
[2026-08-22 08:43:53.119 Model_Service_4] [PAPER-KV-V6] fetch meta-llama/Llama-3.2-1B -> None requests
[2026-08-22 08:43:53.124 Model_Service_1] [PAPER-KV-V6] fetch Qwen/Qwen2.5-3B-Instruct -> None requests
[2026-08-22 08:43:53.129 Model_Service_4] [PAPER-KV-V6] fetch meta-llama/Llama-3.2-1B -> None requests
[2026-08-22 08:43:53.135 Model_Service_1] [PAPER-KV-V6] fetch Qwen/Qwen2.5-3B-Instruct -> None requests
[2026-08-22 08:43:53.139 Model_Service_4] [PAPER-KV-V6] fetch meta-llama/Llama-3.2-1B -> None requests
[2026-08-22 08:43:53.146 Model_Service_1] [PAPER-KV-V6] fetch Qwen/Qwen2.5-3B-Instruct -> None requests
[2026-08-22 08:43:53.150 Model_Service_4] [PAPER-KV-V6] fetch meta-llama/Llama-3.2-1B -> None requests
[2026-08-22 08:43:53.157 Model_Service_1] [PAPER-KV-V6] fetch Qwen/Qwen2.5-3B-Instruct -> None requests
[2026-08-22 08:43:53.160 Model_Service_4] [PAPER-KV-V6] fetch meta-llama/Llama-3.2-1B -> None requests
[2026-08-22 08:43:53.168 Model_Service_1] [PAPER-KV-V6] fetch Qwen/Qwen2.5-3B-Instruct -> None requests
[2026-08-22 08:43:53.170 Model_Service_4] [PAPER-KV-V6] fetch meta-llama/Llama-3.2-1B -> None requests
[2026-08-22 08:43:53.178 Model_Service_1] [PAPER-KV-V6] fetch Qwen/Qwen2.5-3B-Instruct -> None requests
[2026-08-22 08:43:53.180 Model_Service_4] [PAPER-KV-V6] fetch meta-llama/Llama-3.2-1B -> None requests
[2026-08-22 08:43:53.189 Model_Service_1] [PAPER-KV-V6] fetch Qwen/Qwen2.5-3B-Instruct -> None requests
[2026-08-22 08:43:53.191 Model_Service_4] [PAPER-KV-V6] fetch meta-llama/Llama-3.2-1B -> None requests
[2026-08-22 08:43:53.200 Model_Service_1] [PAPER-KV-V6] fetch Qwen/Qwen2.5-3B-Instruct -> None requests
[2026-08-22 08:43:53.201 Model_Service_4] [PAPER-KV-V6] fetch meta-llama/Llama-3.2-1B -> None requests
[2026-08-22 08:43:53.211 Model_Service_1] [PAPER-KV-V6] fetch Qwen/Qwen2.5-3B-Instruct -> None requests
[2026-08-22 08:43:53.211 Model_Service_4] [PAPER-KV-V6] fetch meta-llama/Llama-3.2-1B -> None requests
[2026-08-22 08:43:53.221 Model_Service_4] [PAPER-KV-V6] fetch meta-llama/Llama-3.2-1B -> None requests
[2026-08-22 08:43:53.222 Model_Service_1] [PAPER-KV-V6] fetch Qwen/Qwen2.5-3B-Instruct -> None requests
[2026-08-22 08:43:53.231 Model_Service_4] [PAPER-KV-V6] fetch meta-llama/Llama-3.2-1B -> None requests
[2026-08-22 08:43:53.232 Model_Service_1] [PAPER-KV-V6] fetch Qwen/Qwen2.5-3B-Instruct -> None requests
[2026-08-22 08:43:53.242 Model_Service_4] [PAPER-KV-V6] fetch meta-llama/Llama-3.2-1B -> None requests
[2026-08-22 08:43:53.243 Model_Service_1] [PAPER-KV-V6] fetch Qwen/Qwen2.5-3B-Instruct -> None requests
[2026-08-22 08:43:53.252 Model_Service_4] [PAPER-KV-V6] fetch meta-llama/Llama-3.2-1B -> None requests
[2026-08-22 08:43:53.254 Model_Service_1] [PAPER-KV-V6] fetch Qwen/Qwen2.5-3B-Instruct -> None requests
[2026-08-22 08:43:53.262 Model_Service_4] [PAPER-KV-V6] fetch meta-llama/Llama-3.2-1B -> None requests
[2026-08-22 08:43:53.265 Model_Service_1] [PAPER-KV-V6] fetch Qwen/Qwen2.5-3B-Instruct -> None requests
[2026-08-22 08:43:53.272 Model_Service_4] [PAPER-KV-V6] fetch meta-llama/Llama-3.2-1B -> None requests
[2026-08-22 08:43:53.275 Model_Service_1] [PAPER-KV-V6] fetch Qwen/Qwen2.5-3B-Instruct -> None requests
[2026-08-22 08:43:53.282 Model_Service_4] [PAPER-KV-V6] fetch meta-llama/Llama-3.2-1B -> None requests
[2026-08-22 08:43:53.286 Model_Service_1] [PAPER-KV-V6] fetch Qwen/Qwen2.5-3B-Instruct -> None requests
[2026-08-22 08:43:53.293 Model_Service_4] [PAPER-KV-V6] fetch meta-llama/Llama-3.2-1B -> None requests
[2026-08-22 08:43:53.296 Model_Service_1] [PAPER-KV-V6] fetch Qwen/Qwen2.5-3B-Instruct -> None requests
[2026-08-22 08:43:53.303 Model_Service_4] [PAPER-KV-V6] fetch meta-llama/Llama-3.2-1B -> None requests
[2026-08-22 08:43:53.306 Model_Service_1] [PAPER-KV-V6] fetch Qwen/Qwen2.5-3B-Instruct -> None requests
[2026-08-22 08:43:53.313 Model_Service_4] [PAPER-KV-V6] fetch meta-llama/Llama-3.2-1B -> None requests
[2026-08-22 08:43:53.317 Model_Service_1] [PAPER-KV-V6] fetch Qwen/Qwen2.5-3B-Instruct -> None requests
[2026-08-22 08:43:53.323 Model_Service_4] [PAPER-KV-V6] fetch meta-llama/Llama-3.2-1B -> None requests
[2026-08-22 08:43:53.327 Model_Service_1] [PAPER-KV-V6] fetch Qwen/Qwen2.5-3B-Instruct -> None requests
[2026-08-22 08:43:53.334 Model_Service_4] [PAPER-KV-V6] fetch meta-llama/Llama-3.2-1B -> None requests
[2026-08-22 08:43:53.337 Model_Service_1] [PAPER-KV-V6] fetch Qwen/Qwen2.5-3B-Instruct -> None requests
[2026-08-22 08:43:53.344 Model_Service_4] [PAPER-KV-V6] fetch meta-llama/Llama-3.2-1B -> None requests
[2026-08-22 08:43:53.348 Model_Service_1] [PAPER-KV-V6] fetch Qwen/Qwen2.5-3B-Instruct -> None requests
[2026-08-22 08:43:53.355 Model_Service_4] [PAPER-KV-V6] fetch meta-llama/Llama-3.2-1B -> None requests
[2026-08-22 08:43:53.358 Model_Service_1] [PAPER-KV-V6] fetch Qwen/Qwen2.5-3B-Instruct -> None requests
[2026-08-22 08:43:53.365 Model_Service_4] [PAPER-KV-V6] fetch meta-llama/Llama-3.2-1B -> None requests
[2026-08-22 08:43:53.368 Model_Service_1] [PAPER-KV-V6] fetch Qwen/Qwen2.5-3B-Instruct -> None requests
[2026-08-22 08:43:53.376 Model_Service_4] [PAPER-KV-V6] fetch meta-llama/Llama-3.2-1B -> None requests
[2026-08-22 08:43:53.379 Model_Service_1] [PAPER-KV-V6] fetch Qwen/Qwen2.5-3B-Instruct -> None requests
[2026-08-22 08:43:53.386 Model_Service_4] [PAPER-KV-V6] fetch meta-llama/Llama-3.2-1B -> None requests
[2026-08-22 08:43:53.388 Model_Service_3] [PAPER-KV-V6] fetch meta-llama/Llama-3.1-8B -> None requests
[2026-08-22 08:43:53.389 Model_Service_1] [PAPER-KV-V6] fetch Qwen/Qwen2.5-3B-Instruct -> None requests
[2026-08-22 08:43:53.397 Model_Service_4] [PAPER-KV-V6] fetch meta-llama/Llama-3.2-1B -> None requests
[2026-08-22 08:43:53.398 Model_Service_3] [PAPER-KV-V6] fetch meta-llama/Llama-3.1-8B -> None requests
[2026-08-22 08:43:53.399 Model_Service_1] [PAPER-KV-V6] fetch Qwen/Qwen2.5-3B-Instruct -> None requests
[2026-08-22 08:43:53.407 Model_Service_4] [PAPER-KV-V6] fetch meta-llama/Llama-3.2-1B -> None requests
[2026-08-22 08:43:53.409 Model_Service_3] [PAPER-KV-V6] fetch meta-llama/Llama-3.1-8B -> None requests
[2026-08-22 08:43:53.410 Model_Service_1] [PAPER-KV-V6] fetch Qwen/Qwen2.5-3B-Instruct -> None requests
[2026-08-22 08:43:53.417 Model_Service_4] [PAPER-KV-V6] fetch meta-llama/Llama-3.2-1B -> None requests
[2026-08-22 08:43:53.419 Model_Service_3] [PAPER-KV-V6] fetch meta-llama/Llama-3.1-8B -> None requests
[2026-08-22 08:43:53.420 Model_Service_1] [PAPER-KV-V6] fetch Qwen/Qwen2.5-3B-Instruct -> None requests
[2026-08-22 08:43:53.428 Model_Service_4] [PAPER-KV-V6] fetch meta-llama/Llama-3.2-1B -> None requests
[2026-08-22 08:43:53.429 Model_Service_3] [PAPER-KV-V6] fetch meta-llama/Llama-3.1-8B -> None requests
[2026-08-22 08:43:53.430 Model_Service_1] [PAPER-KV-V6] fetch Qwen/Qwen2.5-3B-Instruct -> None requests
[2026-08-22 08:43:53.438 Model_Service_4] [PAPER-KV-V6] fetch meta-llama/Llama-3.2-1B -> None requests
[2026-08-22 08:43:53.440 Model_Service_3] [PAPER-KV-V6] fetch meta-llama/Llama-3.1-8B -> None requests
[2026-08-22 08:43:53.440 Model_Service_1] [PAPER-KV-V6] fetch Qwen/Qwen2.5-3B-Instruct -> None requests
[2026-08-22 08:43:53.449 Model_Service_4] [PAPER-KV-V6] fetch meta-llama/Llama-3.2-1B -> None requests
[2026-08-22 08:43:53.450 Model_Service_3] [PAPER-KV-V6] fetch meta-llama/Llama-3.1-8B -> None requests
[2026-08-22 08:43:53.451 Model_Service_1] [PAPER-KV-V6] fetch Qwen/Qwen2.5-3B-Instruct -> None requests
[2026-08-22 08:43:53.459 Model_Service_4] [PAPER-KV-V6] fetch meta-llama/Llama-3.2-1B -> None requests
[2026-08-22 08:43:53.460 Model_Service_3] [PAPER-KV-V6] fetch meta-llama/Llama-3.1-8B -> None requests
[2026-08-22 08:43:53.461 Model_Service_1] [PAPER-KV-V6] fetch Qwen/Qwen2.5-3B-Instruct -> None requests
[2026-08-22 08:43:53.470 Model_Service_4] [PAPER-KV-V6] fetch meta-llama/Llama-3.2-1B -> None requests
[2026-08-22 08:43:53.471 Model_Service_3] [PAPER-KV-V6] fetch meta-llama/Llama-3.1-8B -> None requests
[2026-08-22 08:43:53.471 Model_Service_1] [PAPER-KV-V6] fetch Qwen/Qwen2.5-3B-Instruct -> None requests
[2026-08-22 08:43:53.480 Model_Service_4] [PAPER-KV-V6] fetch meta-llama/Llama-3.2-1B -> None requests
[2026-08-22 08:43:53.481 Model_Service_3] [PAPER-KV-V6] fetch meta-llama/Llama-3.1-8B -> None requests
[2026-08-22 08:43:53.482 Model_Service_1] [PAPER-KV-V6] fetch Qwen/Qwen2.5-3B-Instruct -> None requests
[2026-08-22 08:43:53.491 Model_Service_4] [PAPER-KV-V6] fetch meta-llama/Llama-3.2-1B -> None requests
[2026-08-22 08:43:53.491 Model_Service_3] [PAPER-KV-V6] fetch meta-llama/Llama-3.1-8B -> None requests
[2026-08-22 08:43:53.493 Model_Service_1] [PAPER-KV-V6] fetch Qwen/Qwen2.5-3B-Instruct -> None requests
[2026-08-22 08:43:53.502 Model_Service_3] [PAPER-KV-V6] fetch meta-llama/Llama-3.1-8B -> None requests
[2026-08-22 08:43:53.502 Model_Service_4] [PAPER-KV-V6] fetch meta-llama/Llama-3.2-1B -> None requests
[2026-08-22 08:43:53.503 Model_Service_1] [PAPER-KV-V6] fetch Qwen/Qwen2.5-3B-Instruct -> None requests
[2026-08-22 08:43:53.512 Model_Service_3] [PAPER-KV-V6] fetch meta-llama/Llama-3.1-8B -> None requests
[2026-08-22 08:43:53.512 Model_Service_4] [PAPER-KV-V6] fetch meta-llama/Llama-3.2-1B -> None requests
[2026-08-22 08:43:53.513 Model_Service_1] [PAPER-KV-V6] fetch Qwen/Qwen2.5-3B-Instruct -> None requests
[2026-08-22 08:43:53.522 Model_Service_3] [PAPER-KV-V6] fetch meta-llama/Llama-3.1-8B -> None requests
[2026-08-22 08:43:53.523 Model_Service_4] [PAPER-KV-V6] fetch meta-llama/Llama-3.2-1B -> None requests
[2026-08-22 08:43:53.523 Model_Service_1] [PAPER-KV-V6] fetch Qwen/Qwen2.5-3B-Instruct -> None requests
[2026-08-22 08:43:53.533 Model_Service_3] [PAPER-KV-V6] fetch meta-llama/Llama-3.1-8B -> None requests
[2026-08-22 08:43:53.534 Model_Service_1] [PAPER-KV-V6] fetch Qwen/Qwen2.5-3B-Instruct -> None requests
[2026-08-22 08:43:53.534 Model_Service_4] [PAPER-KV-V6] fetch meta-llama/Llama-3.2-1B -> None requests
[2026-08-22 08:43:53.543 Model_Service_3] [PAPER-KV-V6] fetch meta-llama/Llama-3.1-8B -> None requests
[2026-08-22 08:43:53.544 Model_Service_1] [PAPER-KV-V6] fetch Qwen/Qwen2.5-3B-Instruct -> None requests
[2026-08-22 08:43:53.544 Model_Service_4] [PAPER-KV-V6] fetch meta-llama/Llama-3.2-1B -> None requests
[2026-08-22 08:43:53.553 Model_Service_3] [PAPER-KV-V6] fetch meta-llama/Llama-3.1-8B -> None requests
[2026-08-22 08:43:53.554 Model_Service_1] [PAPER-KV-V6] fetch Qwen/Qwen2.5-3B-Instruct -> None requests
[2026-08-22 08:43:53.555 Model_Service_4] [PAPER-KV-V6] fetch meta-llama/Llama-3.2-1B -> None requests
[2026-08-22 08:43:53.563 Model_Service_3] [PAPER-KV-V6] fetch meta-llama/Llama-3.1-8B -> None requests
[2026-08-22 08:43:53.565 Model_Service_1] [PAPER-KV-V6] fetch Qwen/Qwen2.5-3B-Instruct -> None requests
[2026-08-22 08:43:53.565 Model_Service_4] [PAPER-KV-V6] fetch meta-llama/Llama-3.2-1B -> None requests
[2026-08-22 08:43:53.574 Model_Service_3] [PAPER-KV-V6] fetch meta-llama/Llama-3.1-8B -> None requests
[2026-08-22 08:43:53.575 Model_Service_1] [PAPER-KV-V6] fetch Qwen/Qwen2.5-3B-Instruct -> None requests
[2026-08-22 08:43:53.576 Model_Service_4] [PAPER-KV-V6] fetch meta-llama/Llama-3.2-1B -> None requests
[2026-08-22 08:43:53.584 Model_Service_3] [PAPER-KV-V6] fetch meta-llama/Llama-3.1-8B -> None requests
[2026-08-22 08:43:53.585 Model_Service_1] [PAPER-KV-V6] fetch Qwen/Qwen2.5-3B-Instruct -> None requests
[2026-08-22 08:43:53.586 Model_Service_4] [PAPER-KV-V6] fetch meta-llama/Llama-3.2-1B -> None requests
[2026-08-22 08:43:53.595 Model_Service_3] [PAPER-KV-V6] fetch meta-llama/Llama-3.1-8B -> None requests
[2026-08-22 08:43:53.596 Model_Service_1] [PAPER-KV-V6] fetch Qwen/Qwen2.5-3B-Instruct -> None requests
[2026-08-22 08:43:53.597 Model_Service_4] [PAPER-KV-V6] fetch meta-llama/Llama-3.2-1B -> None requests
[2026-08-22 08:43:53.605 Model_Service_3] [PAPER-KV-V6] fetch meta-llama/Llama-3.1-8B -> None requests
[2026-08-22 08:43:53.606 Model_Service_1] [PAPER-KV-V6] fetch Qwen/Qwen2.5-3B-Instruct -> None requests
[2026-08-22 08:43:53.608 Model_Service_4] [PAPER-KV-V6] fetch meta-llama/Llama-3.2-1B -> None requests
[2026-08-22 08:43:53.615 Model_Service_3] [PAPER-KV-V6] fetch meta-llama/Llama-3.1-8B -> None requests
[2026-08-22 08:43:53.616 Model_Service_1] [PAPER-KV-V6] fetch Qwen/Qwen2.5-3B-Instruct -> None requests
[2026-08-22 08:43:53.618 Model_Service_4] [PAPER-KV-V6] fetch meta-llama/Llama-3.2-1B -> None requests
[2026-08-22 08:43:53.625 Model_Service_3] [PAPER-KV-V6] fetch meta-llama/Llama-3.1-8B -> None requests
[2026-08-22 08:43:53.627 Model_Service_1] [PAPER-KV-V6] fetch Qwen/Qwen2.5-3B-Instruct -> None requests
[2026-08-22 08:43:53.629 Model_Service_4] [PAPER-KV-V6] fetch meta-llama/Llama-3.2-1B -> None requests
[2026-08-22 08:43:53.636 Model_Service_3] [PAPER-KV-V6] fetch meta-llama/Llama-3.1-8B -> None requests
[2026-08-22 08:43:53.637 Model_Service_1] [PAPER-KV-V6] fetch Qwen/Qwen2.5-3B-Instruct -> None requests
[2026-08-22 08:43:53.640 Model_Service_4] [PAPER-KV-V6] fetch meta-llama/Llama-3.2-1B -> None requests
[2026-08-22 08:43:53.646 Model_Service_3] [PAPER-KV-V6] fetch meta-llama/Llama-3.1-8B -> None requests
[2026-08-22 08:43:53.647 Model_Service_1] [PAPER-KV-V6] fetch Qwen/Qwen2.5-3B-Instruct -> None requests
[2026-08-22 08:43:53.650 Model_Service_4] [PAPER-KV-V6] fetch meta-llama/Llama-3.2-1B -> None requests
[2026-08-22 08:43:53.656 Model_Service_3] [PAPER-KV-V6] fetch meta-llama/Llama-3.1-8B -> None requests
[2026-08-22 08:43:53.657 Model_Service_1] [PAPER-KV-V6] fetch Qwen/Qwen2.5-3B-Instruct -> None requests
[2026-08-22 08:43:53.661 Model_Service_4] [PAPER-KV-V6] fetch meta-llama/Llama-3.2-1B -> None requests
[2026-08-22 08:43:53.667 Model_Service_3] [PAPER-KV-V6] fetch meta-llama/Llama-3.1-8B -> None requests
[2026-08-22 08:43:53.668 Model_Service_1] [PAPER-KV-V6] fetch Qwen/Qwen2.5-3B-Instruct -> None requests
[2026-08-22 08:43:53.671 Model_Service_4] [PAPER-KV-V6] fetch meta-llama/Llama-3.2-1B -> None requests
[2026-08-22 08:43:53.677 Model_Service_3] [PAPER-KV-V6] fetch meta-llama/Llama-3.1-8B -> None requests
[2026-08-22 08:43:53.678 Model_Service_1] [PAPER-KV-V6] fetch Qwen/Qwen2.5-3B-Instruct -> None requests
[2026-08-22 08:43:53.682 Model_Service_4] [PAPER-KV-V6] fetch meta-llama/Llama-3.2-1B -> None requests
[2026-08-22 08:43:53.688 Model_Service_3] [PAPER-KV-V6] fetch meta-llama/Llama-3.1-8B -> None requests
[2026-08-22 08:43:53.689 Model_Service_1] [PAPER-KV-V6] fetch Qwen/Qwen2.5-3B-Instruct -> None requests
[2026-08-22 08:43:53.693 Model_Service_4] [PAPER-KV-V6] fetch meta-llama/Llama-3.2-1B -> None requests
[2026-08-22 08:43:53.698 Model_Service_3] [PAPER-KV-V6] fetch meta-llama/Llama-3.1-8B -> None requests
[2026-08-22 08:43:53.699 Model_Service_1] [PAPER-KV-V6] fetch Qwen/Qwen2.5-3B-Instruct -> None requests
[2026-08-22 08:43:53.703 Model_Service_4] [PAPER-KV-V6] fetch meta-llama/Llama-3.2-1B -> None requests
[2026-08-22 08:43:53.709 Model_Service_3] [PAPER-KV-V6] fetch meta-llama/Llama-3.1-8B -> None requests
[2026-08-22 08:43:53.709 Model_Service_1] [PAPER-KV-V6] fetch Qwen/Qwen2.5-3B-Instruct -> None requests
[2026-08-22 08:43:53.714 Model_Service_4] [PAPER-KV-V6] fetch meta-llama/Llama-3.2-1B -> None requests
[2026-08-22 08:43:53.719 Model_Service_3] [PAPER-KV-V6] fetch meta-llama/Llama-3.1-8B -> None requests
[2026-08-22 08:43:53.720 Model_Service_1] [PAPER-KV-V6] fetch Qwen/Qwen2.5-3B-Instruct -> None requests
[2026-08-22 08:43:53.725 Model_Service_4] [PAPER-KV-V6] fetch meta-llama/Llama-3.2-1B -> None requests
[2026-08-22 08:43:53.730 Model_Service_3] [PAPER-KV-V6] fetch meta-llama/Llama-3.1-8B -> None requests
[2026-08-22 08:43:53.730 Model_Service_1] [PAPER-KV-V6] fetch Qwen/Qwen2.5-3B-Instruct -> None requests
[2026-08-22 08:43:53.735 Model_Service_4] [PAPER-KV-V6] fetch meta-llama/Llama-3.2-1B -> None requests
[2026-08-22 08:43:53.740 Model_Service_3] [PAPER-KV-V6] fetch meta-llama/Llama-3.1-8B -> None requests
[2026-08-22 08:43:53.740 Model_Service_1] [PAPER-KV-V6] fetch Qwen/Qwen2.5-3B-Instruct -> None requests
[2026-08-22 08:43:53.746 Model_Service_4] [PAPER-KV-V6] fetch meta-llama/Llama-3.2-1B -> None requests
[2026-08-22 08:43:53.751 Model_Service_3] [PAPER-KV-V6] fetch meta-llama/Llama-3.1-8B -> None requests
[2026-08-22 08:43:53.751 Model_Service_1] [PAPER-KV-V6] fetch Qwen/Qwen2.5-3B-Instruct -> None requests
[2026-08-22 08:43:53.757 Model_Service_4] [PAPER-KV-V6] fetch meta-llama/Llama-3.2-1B -> None requests
[2026-08-22 08:43:53.761 Model_Service_3] [PAPER-KV-V6] fetch meta-llama/Llama-3.1-8B -> None requests
[2026-08-22 08:43:53.761 Model_Service_1] [PAPER-KV-V6] fetch Qwen/Qwen2.5-3B-Instruct -> None requests
[2026-08-22 08:43:53.768 Model_Service_4] [PAPER-KV-V6] fetch meta-llama/Llama-3.2-1B -> None requests
[2026-08-22 08:43:53.772 Model_Service_3] [PAPER-KV-V6] fetch meta-llama/Llama-3.1-8B -> None requests
[2026-08-22 08:43:53.772 Model_Service_1] [PAPER-KV-V6] fetch Qwen/Qwen2.5-3B-Instruct -> None requests
[2026-08-22 08:43:53.778 Model_Service_4] [PAPER-KV-V6] fetch meta-llama/Llama-3.2-1B -> None requests
[2026-08-22 08:43:53.782 Model_Service_3] [PAPER-KV-V6] fetch meta-llama/Llama-3.1-8B -> None requests
[2026-08-22 08:43:53.783 Model_Service_1] [PAPER-KV-V6] fetch Qwen/Qwen2.5-3B-Instruct -> None requests
[2026-08-22 08:43:53.789 Model_Service_4] [PAPER-KV-V6] fetch meta-llama/Llama-3.2-1B -> None requests
[2026-08-22 08:43:53.793 Model_Service_3] [PAPER-KV-V6] fetch meta-llama/Llama-3.1-8B -> None requests
[2026-08-22 08:43:53.794 Model_Service_1] [PAPER-KV-V6] fetch Qwen/Qwen2.5-3B-Instruct -> None requests
[2026-08-22 08:43:53.799 Model_Service_4] [PAPER-KV-V6] fetch meta-llama/Llama-3.2-1B -> None requests
[2026-08-22 08:43:53.804 Model_Service_3] [PAPER-KV-V6] fetch meta-llama/Llama-3.1-8B -> None requests
[2026-08-22 08:43:53.804 Model_Service_1] [PAPER-KV-V6] fetch Qwen/Qwen2.5-3B-Instruct -> None requests
[2026-08-22 08:43:53.810 Model_Service_4] [PAPER-KV-V6] fetch meta-llama/Llama-3.2-1B -> None requests
[2026-08-22 08:43:53.814 Model_Service_3] [PAPER-KV-V6] fetch meta-llama/Llama-3.1-8B -> None requests
[2026-08-22 08:43:53.815 Model_Service_1] [PAPER-KV-V6] fetch Qwen/Qwen2.5-3B-Instruct -> None requests
[2026-08-22 08:43:53.820 Model_Service_4] [PAPER-KV-V6] fetch meta-llama/Llama-3.2-1B -> None requests
[2026-08-22 08:43:53.825 Model_Service_3] [PAPER-KV-V6] fetch meta-llama/Llama-3.1-8B -> None requests
[2026-08-22 08:43:53.825 Model_Service_1] [PAPER-KV-V6] fetch Qwen/Qwen2.5-3B-Instruct -> None requests
[2026-08-22 08:43:53.830 Model_Service_4] [PAPER-KV-V6] fetch meta-llama/Llama-3.2-1B -> None requests
[2026-08-22 08:43:53.836 Model_Service_3] [PAPER-KV-V6] fetch meta-llama/Llama-3.1-8B -> None requests
[2026-08-22 08:43:53.836 Model_Service_1] [PAPER-KV-V6] fetch Qwen/Qwen2.5-3B-Instruct -> None requests
[2026-08-22 08:43:53.841 Model_Service_4] [PAPER-KV-V6] fetch meta-llama/Llama-3.2-1B -> None requests
[2026-08-22 08:43:53.846 Model_Service_3] [PAPER-KV-V6] fetch meta-llama/Llama-3.1-8B -> None requests
[2026-08-22 08:43:53.847 Model_Service_1] [PAPER-KV-V6] fetch Qwen/Qwen2.5-3B-Instruct -> None requests
[2026-08-22 08:43:53.851 Model_Service_4] [PAPER-KV-V6] fetch meta-llama/Llama-3.2-1B -> None requests
[2026-08-22 08:43:53.857 Model_Service_3] [PAPER-KV-V6] fetch meta-llama/Llama-3.1-8B -> None requests
[2026-08-22 08:43:53.857 Model_Service_1] [PAPER-KV-V6] fetch Qwen/Qwen2.5-3B-Instruct -> None requests
[2026-08-22 08:43:53.862 Model_Service_4] [PAPER-KV-V6] fetch meta-llama/Llama-3.2-1B -> None requests
[2026-08-22 08:43:53.868 Model_Service_3] [PAPER-KV-V6] fetch meta-llama/Llama-3.1-8B -> None requests
[2026-08-22 08:43:53.868 Model_Service_1] [PAPER-KV-V6] fetch Qwen/Qwen2.5-3B-Instruct -> None requests
[2026-08-22 08:43:53.872 Model_Service_4] [PAPER-KV-V6] fetch meta-llama/Llama-3.2-1B -> None requests
[2026-08-22 08:43:53.879 Model_Service_1] [PAPER-KV-V6] fetch Qwen/Qwen2.5-3B-Instruct -> None requests
[2026-08-22 08:43:53.879 Model_Service_3] [PAPER-KV-V6] fetch meta-llama/Llama-3.1-8B -> None requests
[2026-08-22 08:43:53.883 Model_Service_4] [PAPER-KV-V6] fetch meta-llama/Llama-3.2-1B -> None requests
[2026-08-22 08:43:53.890 Model_Service_1] [PAPER-KV-V6] fetch Qwen/Qwen2.5-3B-Instruct -> None requests
[2026-08-22 08:43:53.890 Model_Service_3] [PAPER-KV-V6] fetch meta-llama/Llama-3.1-8B -> None requests
[2026-08-22 08:43:53.893 Model_Service_4] [PAPER-KV-V6] fetch meta-llama/Llama-3.2-1B -> None requests
[2026-08-22 08:43:53.900 Model_Service_1] [PAPER-KV-V6] fetch Qwen/Qwen2.5-3B-Instruct -> None requests
[2026-08-22 08:43:53.901 Model_Service_3] [PAPER-KV-V6] fetch meta-llama/Llama-3.1-8B -> None requests
[2026-08-22 08:43:53.903 Model_Service_4] [PAPER-KV-V6] fetch meta-llama/Llama-3.2-1B -> None requests
[2026-08-22 08:43:53.904 Model_Service_0] Model service 0 input queue is empty, waiting for next request
[2026-08-22 08:43:53.911 Model_Service_1] [PAPER-KV-V6] fetch Qwen/Qwen2.5-3B-Instruct -> None requests
[2026-08-22 08:43:53.912 Model_Service_3] [PAPER-KV-V6] fetch meta-llama/Llama-3.1-8B -> None requests
[2026-08-22 08:43:53.914 Model_Service_4] [PAPER-KV-V6] fetch meta-llama/Llama-3.2-1B -> None requests
[2026-08-22 08:43:53.922 Model_Service_1] [PAPER-KV-V6] fetch Qwen/Qwen2.5-3B-Instruct -> None requests
[2026-08-22 08:43:53.923 Model_Service_3] [PAPER-KV-V6] fetch meta-llama/Llama-3.1-8B -> None requests
[2026-08-22 08:43:53.924 Model_Service_4] [PAPER-KV-V6] fetch meta-llama/Llama-3.2-1B -> None requests
[2026-08-22 08:43:53.933 Model_Service_1] [PAPER-KV-V6] fetch Qwen/Qwen2.5-3B-Instruct -> None requests
[2026-08-22 08:43:53.933 Model_Service_3] [PAPER-KV-V6] fetch meta-llama/Llama-3.1-8B -> None requests
[2026-08-22 08:43:53.935 Model_Service_4] [PAPER-KV-V6] fetch meta-llama/Llama-3.2-1B -> None requests
[2026-08-22 08:43:53.943 Model_Service_1] [PAPER-KV-V6] fetch Qwen/Qwen2.5-3B-Instruct -> None requests
[2026-08-22 08:43:53.944 Model_Service_3] [PAPER-KV-V6] fetch meta-llama/Llama-3.1-8B -> None requests
[2026-08-22 08:43:53.945 Model_Service_4] [PAPER-KV-V6] fetch meta-llama/Llama-3.2-1B -> None requests
[2026-08-22 08:43:53.954 Model_Service_1] [PAPER-KV-V6] fetch Qwen/Qwen2.5-3B-Instruct -> None requests
[2026-08-22 08:43:53.954 Model_Service_3] [PAPER-KV-V6] fetch meta-llama/Llama-3.1-8B -> None requests
[2026-08-22 08:43:53.955 Model_Service_4] [PAPER-KV-V6] fetch meta-llama/Llama-3.2-1B -> None requests
[2026-08-22 08:43:53.964 Model_Service_1] [PAPER-KV-V6] fetch Qwen/Qwen2.5-3B-Instruct -> None requests
[2026-08-22 08:43:53.965 Model_Service_3] [PAPER-KV-V6] fetch meta-llama/Llama-3.1-8B -> None requests
[2026-08-22 08:43:53.965 Model_Service_4] [PAPER-KV-V6] fetch meta-llama/Llama-3.2-1B -> None requests
[2026-08-22 08:43:53.975 Model_Service_1] [PAPER-KV-V6] fetch Qwen/Qwen2.5-3B-Instruct -> None requests
[2026-08-22 08:43:53.975 Model_Service_3] [PAPER-KV-V6] fetch meta-llama/Llama-3.1-8B -> None requests
[2026-08-22 08:43:53.976 Model_Service_4] [PAPER-KV-V6] fetch meta-llama/Llama-3.2-1B -> None requests
[2026-08-22 08:43:53.985 Model_Service_1] [PAPER-KV-V6] fetch Qwen/Qwen2.5-3B-Instruct -> None requests
[2026-08-22 08:43:53.986 Model_Service_4] [PAPER-KV-V6] fetch meta-llama/Llama-3.2-1B -> None requests
[2026-08-22 08:43:53.986 Model_Service_3] [PAPER-KV-V6] fetch meta-llama/Llama-3.1-8B -> None requests
[2026-08-22 08:43:53.996 Model_Service_1] [PAPER-KV-V6] fetch Qwen/Qwen2.5-3B-Instruct -> None requests
[2026-08-22 08:43:53.996 Model_Service_4] [PAPER-KV-V6] fetch meta-llama/Llama-3.2-1B -> None requests
[2026-08-22 08:43:53.997 Model_Service_3] [PAPER-KV-V6] fetch meta-llama/Llama-3.1-8B -> None requests
[2026-08-22 08:43:54.006 Model_Service_4] [PAPER-KV-V6] fetch meta-llama/Llama-3.2-1B -> None requests
[2026-08-22 08:43:54.007 Model_Service_1] [PAPER-KV-V6] fetch Qwen/Qwen2.5-3B-Instruct -> None requests
[2026-08-22 08:43:54.007 Model_Service_3] [PAPER-KV-V6] fetch meta-llama/Llama-3.1-8B -> None requests
[2026-08-22 08:43:54.016 Model_Service_4] [PAPER-KV-V6] fetch meta-llama/Llama-3.2-1B -> None requests
[2026-08-22 08:43:54.017 Model_Service_1] [PAPER-KV-V6] fetch Qwen/Qwen2.5-3B-Instruct -> None requests
[2026-08-22 08:43:54.018 Model_Service_3] [PAPER-KV-V6] fetch meta-llama/Llama-3.1-8B -> None requests
[2026-08-22 08:43:54.027 Model_Service_4] [PAPER-KV-V6] fetch meta-llama/Llama-3.2-1B -> None requests
[2026-08-22 08:43:54.028 Model_Service_1] [PAPER-KV-V6] fetch Qwen/Qwen2.5-3B-Instruct -> None requests
[2026-08-22 08:43:54.028 Model_Service_3] [PAPER-KV-V6] fetch meta-llama/Llama-3.1-8B -> None requests
[2026-08-22 08:43:54.037 Model_Service_4] [PAPER-KV-V6] fetch meta-llama/Llama-3.2-1B -> None requests
[2026-08-22 08:43:54.039 Model_Service_1] [PAPER-KV-V6] fetch Qwen/Qwen2.5-3B-Instruct -> None requests
[2026-08-22 08:43:54.039 Model_Service_3] [PAPER-KV-V6] fetch meta-llama/Llama-3.1-8B -> None requests
[2026-08-22 08:43:54.047 Model_Service_4] [PAPER-KV-V6] fetch meta-llama/Llama-3.2-1B -> None requests
[2026-08-22 08:43:54.049 Model_Service_1] [PAPER-KV-V6] fetch Qwen/Qwen2.5-3B-Instruct -> None requests
[2026-08-22 08:43:54.050 Model_Service_3] [PAPER-KV-V6] fetch meta-llama/Llama-3.1-8B -> None requests
[2026-08-22 08:43:54.057 Model_Service_4] [PAPER-KV-V6] fetch meta-llama/Llama-3.2-1B -> None requests
[2026-08-22 08:43:54.060 Model_Service_1] [PAPER-KV-V6] fetch Qwen/Qwen2.5-3B-Instruct -> None requests
[2026-08-22 08:43:54.060 Model_Service_3] [PAPER-KV-V6] fetch meta-llama/Llama-3.1-8B -> None requests
[2026-08-22 08:43:54.067 Model_Service_4] [PAPER-KV-V6] fetch meta-llama/Llama-3.2-1B -> None requests
[2026-08-22 08:43:54.071 Model_Service_1] [PAPER-KV-V6] fetch Qwen/Qwen2.5-3B-Instruct -> None requests
[2026-08-22 08:43:54.071 Model_Service_3] [PAPER-KV-V6] fetch meta-llama/Llama-3.1-8B -> None requests
[2026-08-22 08:43:54.078 Model_Service_4] [PAPER-KV-V6] fetch meta-llama/Llama-3.2-1B -> None requests
[2026-08-22 08:43:54.081 Model_Service_1] [PAPER-KV-V6] fetch Qwen/Qwen2.5-3B-Instruct -> None requests
[2026-08-22 08:43:54.082 Model_Service_3] [PAPER-KV-V6] fetch meta-llama/Llama-3.1-8B -> None requests
[2026-08-22 08:43:54.088 Model_Service_4] [PAPER-KV-V6] fetch meta-llama/Llama-3.2-1B -> None requests
[2026-08-22 08:43:54.092 Model_Service_1] [PAPER-KV-V6] fetch Qwen/Qwen2.5-3B-Instruct -> None requests
[2026-08-22 08:43:54.093 Model_Service_3] [PAPER-KV-V6] fetch meta-llama/Llama-3.1-8B -> None requests
[2026-08-22 08:43:54.098 Model_Service_4] [PAPER-KV-V6] fetch meta-llama/Llama-3.2-1B -> None requests
[2026-08-22 08:43:54.103 Model_Service_1] [PAPER-KV-V6] fetch Qwen/Qwen2.5-3B-Instruct -> None requests
[2026-08-22 08:43:54.103 Model_Service_3] [PAPER-KV-V6] fetch meta-llama/Llama-3.1-8B -> None requests
[2026-08-22 08:43:54.108 Model_Service_4] [PAPER-KV-V6] fetch meta-llama/Llama-3.2-1B -> None requests
[2026-08-22 08:43:54.113 Model_Service_3] [PAPER-KV-V6] fetch meta-llama/Llama-3.1-8B -> None requests
[2026-08-22 08:43:54.113 Model_Service_1] [PAPER-KV-V6] fetch Qwen/Qwen2.5-3B-Instruct -> None requests
[2026-08-22 08:43:54.119 Model_Service_4] [PAPER-KV-V6] fetch meta-llama/Llama-3.2-1B -> None requests
[2026-08-22 08:43:54.124 Model_Service_3] [PAPER-KV-V6] fetch meta-llama/Llama-3.1-8B -> None requests
[2026-08-22 08:43:54.124 Model_Service_1] [PAPER-KV-V6] fetch Qwen/Qwen2.5-3B-Instruct -> None requests
[2026-08-22 08:43:54.129 Model_Service_4] [PAPER-KV-V6] fetch meta-llama/Llama-3.2-1B -> None requests
[2026-08-22 08:43:54.134 Model_Service_3] [PAPER-KV-V6] fetch meta-llama/Llama-3.1-8B -> None requests
[2026-08-22 08:43:54.135 Model_Service_1] [PAPER-KV-V6] fetch Qwen/Qwen2.5-3B-Instruct -> None requests
[2026-08-22 08:43:54.139 Model_Service_4] [PAPER-KV-V6] fetch meta-llama/Llama-3.2-1B -> None requests
[2026-08-22 08:43:54.145 Model_Service_3] [PAPER-KV-V6] fetch meta-llama/Llama-3.1-8B -> None requests
[2026-08-22 08:43:54.146 Model_Service_1] [PAPER-KV-V6] fetch Qwen/Qwen2.5-3B-Instruct -> None requests
[2026-08-22 08:43:54.149 Model_Service_4] [PAPER-KV-V6] fetch meta-llama/Llama-3.2-1B -> None requests
[2026-08-22 08:43:54.156 Model_Service_3] [PAPER-KV-V6] fetch meta-llama/Llama-3.1-8B -> None requests
[2026-08-22 08:43:54.156 Model_Service_1] [PAPER-KV-V6] fetch Qwen/Qwen2.5-3B-Instruct -> None requests
[2026-08-22 08:43:54.160 Model_Service_4] [PAPER-KV-V6] fetch meta-llama/Llama-3.2-1B -> None requests
[2026-08-22 08:43:54.167 Model_Service_3] [PAPER-KV-V6] fetch meta-llama/Llama-3.1-8B -> None requests
[2026-08-22 08:43:54.167 Model_Service_1] [PAPER-KV-V6] fetch Qwen/Qwen2.5-3B-Instruct -> None requests
[2026-08-22 08:43:54.170 Model_Service_4] [PAPER-KV-V6] fetch meta-llama/Llama-3.2-1B -> None requests
[2026-08-22 08:43:54.178 Model_Service_3] [PAPER-KV-V6] fetch meta-llama/Llama-3.1-8B -> None requests
[2026-08-22 08:43:54.178 Model_Service_1] [PAPER-KV-V6] fetch Qwen/Qwen2.5-3B-Instruct -> None requests
[2026-08-22 08:43:54.180 Model_Service_4] [PAPER-KV-V6] fetch meta-llama/Llama-3.2-1B -> None requests
[2026-08-22 08:43:54.188 Model_Service_3] [PAPER-KV-V6] fetch meta-llama/Llama-3.1-8B -> None requests
[2026-08-22 08:43:54.188 Model_Service_1] [PAPER-KV-V6] fetch Qwen/Qwen2.5-3B-Instruct -> None requests
[2026-08-22 08:43:54.190 Model_Service_4] [PAPER-KV-V6] fetch meta-llama/Llama-3.2-1B -> None requests
[2026-08-22 08:43:54.199 Model_Service_3] [PAPER-KV-V6] fetch meta-llama/Llama-3.1-8B -> None requests
[2026-08-22 08:43:54.199 Model_Service_1] [PAPER-KV-V6] fetch Qwen/Qwen2.5-3B-Instruct -> None requests
[2026-08-22 08:43:54.201 Model_Service_4] [PAPER-KV-V6] fetch meta-llama/Llama-3.2-1B -> None requests
[2026-08-22 08:43:54.209 Model_Service_3] [PAPER-KV-V6] fetch meta-llama/Llama-3.1-8B -> None requests
[2026-08-22 08:43:54.210 Model_Service_1] [PAPER-KV-V6] fetch Qwen/Qwen2.5-3B-Instruct -> None requests
[2026-08-22 08:43:54.211 Model_Service_4] [PAPER-KV-V6] fetch meta-llama/Llama-3.2-1B -> None requests
[2026-08-22 08:43:54.220 Model_Service_3] [PAPER-KV-V6] fetch meta-llama/Llama-3.1-8B -> None requests
[2026-08-22 08:43:54.221 Model_Service_1] [PAPER-KV-V6] fetch Qwen/Qwen2.5-3B-Instruct -> None requests
[2026-08-22 08:43:54.221 Model_Service_4] [PAPER-KV-V6] fetch meta-llama/Llama-3.2-1B -> None requests
[2026-08-22 08:43:54.230 Model_Service_3] [PAPER-KV-V6] fetch meta-llama/Llama-3.1-8B -> None requests
[2026-08-22 08:43:54.231 Model_Service_4] [PAPER-KV-V6] fetch meta-llama/Llama-3.2-1B -> None requests
[2026-08-22 08:43:54.231 Model_Service_1] [PAPER-KV-V6] fetch Qwen/Qwen2.5-3B-Instruct -> None requests
[2026-08-22 08:43:54.241 Model_Service_3] [PAPER-KV-V6] fetch meta-llama/Llama-3.1-8B -> None requests
[2026-08-22 08:43:54.241 Model_Service_4] [PAPER-KV-V6] fetch meta-llama/Llama-3.2-1B -> None requests
[2026-08-22 08:43:54.242 Model_Service_1] [PAPER-KV-V6] fetch Qwen/Qwen2.5-3B-Instruct -> None requests
[2026-08-22 08:43:54.251 Model_Service_3] [PAPER-KV-V6] fetch meta-llama/Llama-3.1-8B -> None requests
[2026-08-22 08:43:54.252 Model_Service_4] [PAPER-KV-V6] fetch meta-llama/Llama-3.2-1B -> None requests
[2026-08-22 08:43:54.253 Model_Service_1] [PAPER-KV-V6] fetch Qwen/Qwen2.5-3B-Instruct -> None requests
[2026-08-22 08:43:54.262 Model_Service_4] [PAPER-KV-V6] fetch meta-llama/Llama-3.2-1B -> None requests
[2026-08-22 08:43:54.262 Model_Service_3] [PAPER-KV-V6] fetch meta-llama/Llama-3.1-8B -> None requests
[2026-08-22 08:43:54.263 Model_Service_1] [PAPER-KV-V6] fetch Qwen/Qwen2.5-3B-Instruct -> None requests
[2026-08-22 08:43:54.272 Model_Service_4] [PAPER-KV-V6] fetch meta-llama/Llama-3.2-1B -> None requests
[2026-08-22 08:43:54.272 Model_Service_3] [PAPER-KV-V6] fetch meta-llama/Llama-3.1-8B -> None requests
[2026-08-22 08:43:54.273 Model_Service_1] [PAPER-KV-V6] fetch Qwen/Qwen2.5-3B-Instruct -> None requests
[2026-08-22 08:43:54.282 Model_Service_4] [PAPER-KV-V6] fetch meta-llama/Llama-3.2-1B -> None requests
[2026-08-22 08:43:54.283 Model_Service_3] [PAPER-KV-V6] fetch meta-llama/Llama-3.1-8B -> None requests
[2026-08-22 08:43:54.284 Model_Service_1] [PAPER-KV-V6] fetch Qwen/Qwen2.5-3B-Instruct -> None requests
[2026-08-22 08:43:54.292 Model_Service_4] [PAPER-KV-V6] fetch meta-llama/Llama-3.2-1B -> None requests
[2026-08-22 08:43:54.293 Model_Service_3] [PAPER-KV-V6] fetch meta-llama/Llama-3.1-8B -> None requests
[2026-08-22 08:43:54.294 Model_Service_1] [PAPER-KV-V6] fetch Qwen/Qwen2.5-3B-Instruct -> None requests
[2026-08-22 08:43:54.303 Model_Service_4] [PAPER-KV-V6] fetch meta-llama/Llama-3.2-1B -> None requests
[2026-08-22 08:43:54.305 Model_Service_1] [PAPER-KV-V6] fetch Qwen/Qwen2.5-3B-Instruct -> None requests
[2026-08-22 08:43:54.305 Model_Service_3] [PAPER-KV-V6] fetch meta-llama/Llama-3.1-8B -> None requests
[2026-08-22 08:43:54.313 Model_Service_4] [PAPER-KV-V6] fetch meta-llama/Llama-3.2-1B -> None requests
[2026-08-22 08:43:54.315 Model_Service_1] [PAPER-KV-V6] fetch Qwen/Qwen2.5-3B-Instruct -> None requests
[2026-08-22 08:43:54.315 Model_Service_3] [PAPER-KV-V6] fetch meta-llama/Llama-3.1-8B -> None requests
[2026-08-22 08:43:54.323 Model_Service_4] [PAPER-KV-V6] fetch meta-llama/Llama-3.2-1B -> None requests
[2026-08-22 08:43:54.325 Model_Service_1] [PAPER-KV-V6] fetch Qwen/Qwen2.5-3B-Instruct -> None requests
[2026-08-22 08:43:54.326 Model_Service_3] [PAPER-KV-V6] fetch meta-llama/Llama-3.1-8B -> None requests
[2026-08-22 08:43:54.333 Model_Service_4] [PAPER-KV-V6] fetch meta-llama/Llama-3.2-1B -> None requests
[2026-08-22 08:43:54.336 Model_Service_1] [PAPER-KV-V6] fetch Qwen/Qwen2.5-3B-Instruct -> None requests
[2026-08-22 08:43:54.336 Model_Service_3] [PAPER-KV-V6] fetch meta-llama/Llama-3.1-8B -> None requests
[2026-08-22 08:43:54.344 Model_Service_4] [PAPER-KV-V6] fetch meta-llama/Llama-3.2-1B -> None requests
[2026-08-22 08:43:54.346 Model_Service_1] [PAPER-KV-V6] fetch Qwen/Qwen2.5-3B-Instruct -> None requests
[2026-08-22 08:43:54.346 Model_Service_3] [PAPER-KV-V6] fetch meta-llama/Llama-3.1-8B -> None requests
[2026-08-22 08:43:54.354 Model_Service_4] [PAPER-KV-V6] fetch meta-llama/Llama-3.2-1B -> None requests
[2026-08-22 08:43:54.356 Model_Service_1] [PAPER-KV-V6] fetch Qwen/Qwen2.5-3B-Instruct -> None requests
[2026-08-22 08:43:54.357 Model_Service_3] [PAPER-KV-V6] fetch meta-llama/Llama-3.1-8B -> None requests
[2026-08-22 08:43:54.364 Model_Service_4] [PAPER-KV-V6] fetch meta-llama/Llama-3.2-1B -> None requests
[2026-08-22 08:43:54.366 Model_Service_1] [PAPER-KV-V6] fetch Qwen/Qwen2.5-3B-Instruct -> None requests
[2026-08-22 08:43:54.367 Model_Service_3] [PAPER-KV-V6] fetch meta-llama/Llama-3.1-8B -> None requests
[2026-08-22 08:43:54.374 Model_Service_4] [PAPER-KV-V6] fetch meta-llama/Llama-3.2-1B -> None requests
[2026-08-22 08:43:54.377 Model_Service_1] [PAPER-KV-V6] fetch Qwen/Qwen2.5-3B-Instruct -> None requests
[2026-08-22 08:43:54.378 Model_Service_3] [PAPER-KV-V6] fetch meta-llama/Llama-3.1-8B -> None requests
[2026-08-22 08:43:54.384 Model_Service_4] [PAPER-KV-V6] fetch meta-llama/Llama-3.2-1B -> None requests
[2026-08-22 08:43:54.387 Model_Service_1] [PAPER-KV-V6] fetch Qwen/Qwen2.5-3B-Instruct -> None requests
[2026-08-22 08:43:54.388 Model_Service_3] [PAPER-KV-V6] fetch meta-llama/Llama-3.1-8B -> None requests
[2026-08-22 08:43:54.395 Model_Service_4] [PAPER-KV-V6] fetch meta-llama/Llama-3.2-1B -> None requests
[2026-08-22 08:43:54.397 Model_Service_1] [PAPER-KV-V6] fetch Qwen/Qwen2.5-3B-Instruct -> None requests
[2026-08-22 08:43:54.399 Model_Service_3] [PAPER-KV-V6] fetch meta-llama/Llama-3.1-8B -> None requests
[2026-08-22 08:43:54.405 Model_Service_4] [PAPER-KV-V6] fetch meta-llama/Llama-3.2-1B -> None requests
[2026-08-22 08:43:54.408 Model_Service_1] [PAPER-KV-V6] fetch Qwen/Qwen2.5-3B-Instruct -> None requests
[2026-08-22 08:43:54.409 Model_Service_3] [PAPER-KV-V6] fetch meta-llama/Llama-3.1-8B -> None requests
[2026-08-22 08:43:54.415 Model_Service_4] [PAPER-KV-V6] fetch meta-llama/Llama-3.2-1B -> None requests
[2026-08-22 08:43:54.418 Model_Service_1] [PAPER-KV-V6] fetch Qwen/Qwen2.5-3B-Instruct -> None requests
[2026-08-22 08:43:54.420 Model_Service_3] [PAPER-KV-V6] fetch meta-llama/Llama-3.1-8B -> None requests
[2026-08-22 08:43:54.425 Model_Service_4] [PAPER-KV-V6] fetch meta-llama/Llama-3.2-1B -> None requests
[2026-08-22 08:43:54.429 Model_Service_1] [PAPER-KV-V6] fetch Qwen/Qwen2.5-3B-Instruct -> None requests
[2026-08-22 08:43:54.431 Model_Service_3] [PAPER-KV-V6] fetch meta-llama/Llama-3.1-8B -> None requests
[2026-08-22 08:43:54.436 Model_Service_4] [PAPER-KV-V6] fetch meta-llama/Llama-3.2-1B -> None requests
[2026-08-22 08:43:54.439 Model_Service_1] [PAPER-KV-V6] fetch Qwen/Qwen2.5-3B-Instruct -> None requests
[2026-08-22 08:43:54.441 Model_Service_3] [PAPER-KV-V6] fetch meta-llama/Llama-3.1-8B -> None requests
[2026-08-22 08:43:54.446 Model_Service_4] [PAPER-KV-V6] fetch meta-llama/Llama-3.2-1B -> None requests
[2026-08-22 08:43:54.449 Model_Service_1] [PAPER-KV-V6] fetch Qwen/Qwen2.5-3B-Instruct -> None requests
[2026-08-22 08:43:54.452 Model_Service_3] [PAPER-KV-V6] fetch meta-llama/Llama-3.1-8B -> None requests
[2026-08-22 08:43:54.456 Model_Service_4] [PAPER-KV-V6] fetch meta-llama/Llama-3.2-1B -> None requests
[2026-08-22 08:43:54.460 Model_Service_1] [PAPER-KV-V6] fetch Qwen/Qwen2.5-3B-Instruct -> None requests
[2026-08-22 08:43:54.462 Model_Service_3] [PAPER-KV-V6] fetch meta-llama/Llama-3.1-8B -> None requests
[2026-08-22 08:43:54.467 Model_Service_4] [PAPER-KV-V6] fetch meta-llama/Llama-3.2-1B -> None requests
[2026-08-22 08:43:54.470 Model_Service_1] [PAPER-KV-V6] fetch Qwen/Qwen2.5-3B-Instruct -> None requests
[2026-08-22 08:43:54.473 Model_Service_3] [PAPER-KV-V6] fetch meta-llama/Llama-3.1-8B -> None requests
[2026-08-22 08:43:54.478 Model_Service_4] [PAPER-KV-V6] fetch meta-llama/Llama-3.2-1B -> None requests
[2026-08-22 08:43:54.481 Model_Service_1] [PAPER-KV-V6] fetch Qwen/Qwen2.5-3B-Instruct -> None requests
[2026-08-22 08:43:54.484 Model_Service_3] [PAPER-KV-V6] fetch meta-llama/Llama-3.1-8B -> None requests
[2026-08-22 08:43:54.488 Model_Service_4] [PAPER-KV-V6] fetch meta-llama/Llama-3.2-1B -> None requests
[2026-08-22 08:43:54.491 Model_Service_1] [PAPER-KV-V6] fetch Qwen/Qwen2.5-3B-Instruct -> None requests
[2026-08-22 08:43:54.494 Model_Service_3] [PAPER-KV-V6] fetch meta-llama/Llama-3.1-8B -> None requests
[2026-08-22 08:43:54.498 Model_Service_4] [PAPER-KV-V6] fetch meta-llama/Llama-3.2-1B -> None requests
[2026-08-22 08:43:54.501 Model_Service_1] [PAPER-KV-V6] fetch Qwen/Qwen2.5-3B-Instruct -> None requests
[2026-08-22 08:43:54.505 Model_Service_3] [PAPER-KV-V6] fetch meta-llama/Llama-3.1-8B -> None requests
[2026-08-22 08:43:54.508 Model_Service_4] [PAPER-KV-V6] fetch meta-llama/Llama-3.2-1B -> None requests
[2026-08-22 08:43:54.512 Model_Service_1] [PAPER-KV-V6] fetch Qwen/Qwen2.5-3B-Instruct -> None requests
[2026-08-22 08:43:54.515 Model_Service_3] [PAPER-KV-V6] fetch meta-llama/Llama-3.1-8B -> None requests
[2026-08-22 08:43:54.519 Model_Service_4] [PAPER-KV-V6] fetch meta-llama/Llama-3.2-1B -> None requests
[2026-08-22 08:43:54.522 Model_Service_1] [PAPER-KV-V6] fetch Qwen/Qwen2.5-3B-Instruct -> None requests
[2026-08-22 08:43:54.526 Model_Service_3] [PAPER-KV-V6] fetch meta-llama/Llama-3.1-8B -> None requests
[2026-08-22 08:43:54.529 Model_Service_4] [PAPER-KV-V6] fetch meta-llama/Llama-3.2-1B -> None requests
[2026-08-22 08:43:54.533 Model_Service_1] [PAPER-KV-V6] fetch Qwen/Qwen2.5-3B-Instruct -> None requests
[2026-08-22 08:43:54.536 Model_Service_3] [PAPER-KV-V6] fetch meta-llama/Llama-3.1-8B -> None requests
[2026-08-22 08:43:54.539 Model_Service_4] [PAPER-KV-V6] fetch meta-llama/Llama-3.2-1B -> None requests
[2026-08-22 08:43:54.543 Model_Service_1] [PAPER-KV-V6] fetch Qwen/Qwen2.5-3B-Instruct -> None requests
[2026-08-22 08:43:54.547 Model_Service_3] [PAPER-KV-V6] fetch meta-llama/Llama-3.1-8B -> None requests
[2026-08-22 08:43:54.549 Model_Service_4] [PAPER-KV-V6] fetch meta-llama/Llama-3.2-1B -> None requests
[2026-08-22 08:43:54.553 Model_Service_1] [PAPER-KV-V6] fetch Qwen/Qwen2.5-3B-Instruct -> None requests
[2026-08-22 08:43:54.557 Model_Service_3] [PAPER-KV-V6] fetch meta-llama/Llama-3.1-8B -> None requests
[2026-08-22 08:43:54.560 Model_Service_4] [PAPER-KV-V6] fetch meta-llama/Llama-3.2-1B -> None requests
[2026-08-22 08:43:54.564 Model_Service_1] [PAPER-KV-V6] fetch Qwen/Qwen2.5-3B-Instruct -> None requests
[2026-08-22 08:43:54.568 Model_Service_3] [PAPER-KV-V6] fetch meta-llama/Llama-3.1-8B -> None requests
[2026-08-22 08:43:54.570 Model_Service_4] [PAPER-KV-V6] fetch meta-llama/Llama-3.2-1B -> None requests
[2026-08-22 08:43:54.574 Model_Service_1] [PAPER-KV-V6] fetch Qwen/Qwen2.5-3B-Instruct -> None requests
[2026-08-22 08:43:54.578 Model_Service_3] [PAPER-KV-V6] fetch meta-llama/Llama-3.1-8B -> None requests
[2026-08-22 08:43:54.580 Model_Service_4] [PAPER-KV-V6] fetch meta-llama/Llama-3.2-1B -> None requests
[2026-08-22 08:43:54.584 Model_Service_1] [PAPER-KV-V6] fetch Qwen/Qwen2.5-3B-Instruct -> None requests
[2026-08-22 08:43:54.589 Model_Service_3] [PAPER-KV-V6] fetch meta-llama/Llama-3.1-8B -> None requests
[2026-08-22 08:43:54.591 Model_Service_4] [PAPER-KV-V6] fetch meta-llama/Llama-3.2-1B -> None requests
[2026-08-22 08:43:54.594 Model_Service_1] [PAPER-KV-V6] fetch Qwen/Qwen2.5-3B-Instruct -> None requests
[2026-08-22 08:43:54.600 Model_Service_3] [PAPER-KV-V6] fetch meta-llama/Llama-3.1-8B -> None requests
[2026-08-22 08:43:54.601 Model_Service_4] [PAPER-KV-V6] fetch meta-llama/Llama-3.2-1B -> None requests
[2026-08-22 08:43:54.605 Model_Service_1] [PAPER-KV-V6] fetch Qwen/Qwen2.5-3B-Instruct -> None requests
[2026-08-22 08:43:54.610 Model_Service_3] [PAPER-KV-V6] fetch meta-llama/Llama-3.1-8B -> None requests
[2026-08-22 08:43:54.611 Model_Service_4] [PAPER-KV-V6] fetch meta-llama/Llama-3.2-1B -> None requests
[2026-08-22 08:43:54.615 Model_Service_1] [PAPER-KV-V6] fetch Qwen/Qwen2.5-3B-Instruct -> None requests
[2026-08-22 08:43:54.621 Model_Service_3] [PAPER-KV-V6] fetch meta-llama/Llama-3.1-8B -> None requests
[2026-08-22 08:43:54.621 Model_Service_4] [PAPER-KV-V6] fetch meta-llama/Llama-3.2-1B -> None requests
[2026-08-22 08:43:54.625 Model_Service_1] [PAPER-KV-V6] fetch Qwen/Qwen2.5-3B-Instruct -> None requests
[2026-08-22 08:43:54.631 Model_Service_3] [PAPER-KV-V6] fetch meta-llama/Llama-3.1-8B -> None requests
[2026-08-22 08:43:54.632 Model_Service_4] [PAPER-KV-V6] fetch meta-llama/Llama-3.2-1B -> None requests
[2026-08-22 08:43:54.636 Model_Service_1] [PAPER-KV-V6] fetch Qwen/Qwen2.5-3B-Instruct -> None requests
[2026-08-22 08:43:54.642 Model_Service_4] [PAPER-KV-V6] fetch meta-llama/Llama-3.2-1B -> None requests
[2026-08-22 08:43:54.642 Model_Service_3] [PAPER-KV-V6] fetch meta-llama/Llama-3.1-8B -> None requests
[2026-08-22 08:43:54.646 Model_Service_1] [PAPER-KV-V6] fetch Qwen/Qwen2.5-3B-Instruct -> None requests
[2026-08-22 08:43:54.652 Model_Service_4] [PAPER-KV-V6] fetch meta-llama/Llama-3.2-1B -> None requests
[2026-08-22 08:43:54.652 Model_Service_3] [PAPER-KV-V6] fetch meta-llama/Llama-3.1-8B -> None requests
[2026-08-22 08:43:54.656 Model_Service_1] [PAPER-KV-V6] fetch Qwen/Qwen2.5-3B-Instruct -> None requests
[2026-08-22 08:43:54.662 Model_Service_4] [PAPER-KV-V6] fetch meta-llama/Llama-3.2-1B -> None requests
[2026-08-22 08:43:54.663 Model_Service_3] [PAPER-KV-V6] fetch meta-llama/Llama-3.1-8B -> None requests
[2026-08-22 08:43:54.667 Model_Service_1] [PAPER-KV-V6] fetch Qwen/Qwen2.5-3B-Instruct -> None requests
[2026-08-22 08:43:54.673 Model_Service_4] [PAPER-KV-V6] fetch meta-llama/Llama-3.2-1B -> None requests
[2026-08-22 08:43:54.674 Model_Service_3] [PAPER-KV-V6] fetch meta-llama/Llama-3.1-8B -> None requests
[2026-08-22 08:43:54.677 Model_Service_1] [PAPER-KV-V6] fetch Qwen/Qwen2.5-3B-Instruct -> None requests
[2026-08-22 08:43:54.683 Model_Service_4] [PAPER-KV-V6] fetch meta-llama/Llama-3.2-1B -> None requests
[2026-08-22 08:43:54.684 Model_Service_3] [PAPER-KV-V6] fetch meta-llama/Llama-3.1-8B -> None requests
[2026-08-22 08:43:54.688 Model_Service_1] [PAPER-KV-V6] fetch Qwen/Qwen2.5-3B-Instruct -> None requests
[2026-08-22 08:43:54.693 Model_Service_4] [PAPER-KV-V6] fetch meta-llama/Llama-3.2-1B -> None requests
[2026-08-22 08:43:54.695 Model_Service_3] [PAPER-KV-V6] fetch meta-llama/Llama-3.1-8B -> None requests
[2026-08-22 08:43:54.698 Model_Service_1] [PAPER-KV-V6] fetch Qwen/Qwen2.5-3B-Instruct -> None requests
[2026-08-22 08:43:54.703 Model_Service_4] [PAPER-KV-V6] fetch meta-llama/Llama-3.2-1B -> None requests
[2026-08-22 08:43:54.705 Model_Service_3] [PAPER-KV-V6] fetch meta-llama/Llama-3.1-8B -> None requests
[2026-08-22 08:43:54.709 Model_Service_1] [PAPER-KV-V6] fetch Qwen/Qwen2.5-3B-Instruct -> None requests
[2026-08-22 08:43:54.714 Model_Service_4] [PAPER-KV-V6] fetch meta-llama/Llama-3.2-1B -> None requests
[2026-08-22 08:43:54.716 Model_Service_3] [PAPER-KV-V6] fetch meta-llama/Llama-3.1-8B -> None requests
[2026-08-22 08:43:54.719 Model_Service_1] [PAPER-KV-V6] fetch Qwen/Qwen2.5-3B-Instruct -> None requests
[2026-08-22 08:43:54.724 Model_Service_4] [PAPER-KV-V6] fetch meta-llama/Llama-3.2-1B -> None requests
[2026-08-22 08:43:54.726 Model_Service_3] [PAPER-KV-V6] fetch meta-llama/Llama-3.1-8B -> None requests
[2026-08-22 08:43:54.730 Model_Service_1] [PAPER-KV-V6] fetch Qwen/Qwen2.5-3B-Instruct -> None requests
[2026-08-22 08:43:54.734 Model_Service_4] [PAPER-KV-V6] fetch meta-llama/Llama-3.2-1B -> None requests
[2026-08-22 08:43:54.737 Model_Service_3] [PAPER-KV-V6] fetch meta-llama/Llama-3.1-8B -> None requests
[2026-08-22 08:43:54.740 Model_Service_1] [PAPER-KV-V6] fetch Qwen/Qwen2.5-3B-Instruct -> None requests
[2026-08-22 08:43:54.745 Model_Service_4] [PAPER-KV-V6] fetch meta-llama/Llama-3.2-1B -> None requests
[2026-08-22 08:43:54.747 Model_Service_3] [PAPER-KV-V6] fetch meta-llama/Llama-3.1-8B -> None requests
[2026-08-22 08:43:54.751 Model_Service_1] [PAPER-KV-V6] fetch Qwen/Qwen2.5-3B-Instruct -> None requests
[2026-08-22 08:43:54.755 Model_Service_4] [PAPER-KV-V6] fetch meta-llama/Llama-3.2-1B -> None requests
[2026-08-22 08:43:54.758 Model_Service_3] [PAPER-KV-V6] fetch meta-llama/Llama-3.1-8B -> None requests
[2026-08-22 08:43:54.761 Model_Service_1] [PAPER-KV-V6] fetch Qwen/Qwen2.5-3B-Instruct -> None requests
[2026-08-22 08:43:54.765 Model_Service_4] [PAPER-KV-V6] fetch meta-llama/Llama-3.2-1B -> None requests
[2026-08-22 08:43:54.769 Model_Service_3] [PAPER-KV-V6] fetch meta-llama/Llama-3.1-8B -> None requests
[2026-08-22 08:43:54.771 Model_Service_1] [PAPER-KV-V6] fetch Qwen/Qwen2.5-3B-Instruct -> None requests
[2026-08-22 08:43:54.776 Model_Service_4] [PAPER-KV-V6] fetch meta-llama/Llama-3.2-1B -> None requests
[2026-08-22 08:43:54.780 Model_Service_3] [PAPER-KV-V6] fetch meta-llama/Llama-3.1-8B -> None requests
[2026-08-22 08:43:54.782 Model_Service_1] [PAPER-KV-V6] fetch Qwen/Qwen2.5-3B-Instruct -> None requests
[2026-08-22 08:43:54.786 Model_Service_4] [PAPER-KV-V6] fetch meta-llama/Llama-3.2-1B -> None requests
[2026-08-22 08:43:54.790 Model_Service_3] [PAPER-KV-V6] fetch meta-llama/Llama-3.1-8B -> None requests
[2026-08-22 08:43:54.792 Model_Service_1] [PAPER-KV-V6] fetch Qwen/Qwen2.5-3B-Instruct -> None requests
[2026-08-22 08:43:54.796 Model_Service_4] [PAPER-KV-V6] fetch meta-llama/Llama-3.2-1B -> None requests
[2026-08-22 08:43:54.801 Model_Service_3] [PAPER-KV-V6] fetch meta-llama/Llama-3.1-8B -> None requests
[2026-08-22 08:43:54.803 Model_Service_1] [PAPER-KV-V6] fetch Qwen/Qwen2.5-3B-Instruct -> None requests
[2026-08-22 08:43:54.807 Model_Service_4] [PAPER-KV-V6] fetch meta-llama/Llama-3.2-1B -> None requests
[2026-08-22 08:43:54.812 Model_Service_3] [PAPER-KV-V6] fetch meta-llama/Llama-3.1-8B -> None requests
[2026-08-22 08:43:54.813 Model_Service_1] [PAPER-KV-V6] fetch Qwen/Qwen2.5-3B-Instruct -> None requests
[2026-08-22 08:43:54.817 Model_Service_4] [PAPER-KV-V6] fetch meta-llama/Llama-3.2-1B -> None requests
[2026-08-22 08:43:54.822 Model_Service_3] [PAPER-KV-V6] fetch meta-llama/Llama-3.1-8B -> None requests
[2026-08-22 08:43:54.824 Model_Service_1] [PAPER-KV-V6] fetch Qwen/Qwen2.5-3B-Instruct -> None requests
[2026-08-22 08:43:54.828 Model_Service_4] [PAPER-KV-V6] fetch meta-llama/Llama-3.2-1B -> None requests
[2026-08-22 08:43:54.833 Model_Service_3] [PAPER-KV-V6] fetch meta-llama/Llama-3.1-8B -> None requests
[2026-08-22 08:43:54.834 Model_Service_1] [PAPER-KV-V6] fetch Qwen/Qwen2.5-3B-Instruct -> None requests
[2026-08-22 08:43:54.838 Model_Service_4] [PAPER-KV-V6] fetch meta-llama/Llama-3.2-1B -> None requests
[2026-08-22 08:43:54.843 Model_Service_3] [PAPER-KV-V6] fetch meta-llama/Llama-3.1-8B -> None requests
[2026-08-22 08:43:54.845 Model_Service_1] [PAPER-KV-V6] fetch Qwen/Qwen2.5-3B-Instruct -> None requests
[2026-08-22 08:43:54.848 Model_Service_4] [PAPER-KV-V6] fetch meta-llama/Llama-3.2-1B -> None requests
[2026-08-22 08:43:54.854 Model_Service_3] [PAPER-KV-V6] fetch meta-llama/Llama-3.1-8B -> None requests
[2026-08-22 08:43:54.855 Model_Service_1] [PAPER-KV-V6] fetch Qwen/Qwen2.5-3B-Instruct -> None requests
[2026-08-22 08:43:54.859 Model_Service_4] [PAPER-KV-V6] fetch meta-llama/Llama-3.2-1B -> None requests
[2026-08-22 08:43:54.864 Model_Service_3] [PAPER-KV-V6] fetch meta-llama/Llama-3.1-8B -> None requests
[2026-08-22 08:43:54.865 Model_Service_1] [PAPER-KV-V6] fetch Qwen/Qwen2.5-3B-Instruct -> None requests
[2026-08-22 08:43:54.869 Model_Service_4] [PAPER-KV-V6] fetch meta-llama/Llama-3.2-1B -> None requests
[2026-08-22 08:43:54.875 Model_Service_3] [PAPER-KV-V6] fetch meta-llama/Llama-3.1-8B -> None requests
[2026-08-22 08:43:54.876 Model_Service_1] [PAPER-KV-V6] fetch Qwen/Qwen2.5-3B-Instruct -> None requests
[2026-08-22 08:43:54.880 Model_Service_4] [PAPER-KV-V6] fetch meta-llama/Llama-3.2-1B -> None requests
[2026-08-22 08:43:54.885 Model_Service_3] [PAPER-KV-V6] fetch meta-llama/Llama-3.1-8B -> None requests
[2026-08-22 08:43:54.887 Model_Service_1] [PAPER-KV-V6] fetch Qwen/Qwen2.5-3B-Instruct -> None requests
[2026-08-22 08:43:54.890 Model_Service_4] [PAPER-KV-V6] fetch meta-llama/Llama-3.2-1B -> None requests
[2026-08-22 08:43:54.896 Model_Service_3] [PAPER-KV-V6] fetch meta-llama/Llama-3.1-8B -> None requests
[2026-08-22 08:43:54.897 Model_Service_1] [PAPER-KV-V6] fetch Qwen/Qwen2.5-3B-Instruct -> None requests
[2026-08-22 08:43:54.900 Model_Service_4] [PAPER-KV-V6] fetch meta-llama/Llama-3.2-1B -> None requests
[2026-08-22 08:43:54.907 Model_Service_3] [PAPER-KV-V6] fetch meta-llama/Llama-3.1-8B -> None requests
[2026-08-22 08:43:54.908 Model_Service_1] [PAPER-KV-V6] fetch Qwen/Qwen2.5-3B-Instruct -> None requests
[2026-08-22 08:43:54.911 Model_Service_4] [PAPER-KV-V6] fetch meta-llama/Llama-3.2-1B -> None requests
[2026-08-22 08:43:54.917 Model_Service_3] [PAPER-KV-V6] fetch meta-llama/Llama-3.1-8B -> None requests
[2026-08-22 08:43:54.918 Model_Service_1] [PAPER-KV-V6] fetch Qwen/Qwen2.5-3B-Instruct -> None requests
[2026-08-22 08:43:54.921 Model_Service_4] [PAPER-KV-V6] fetch meta-llama/Llama-3.2-1B -> None requests
[2026-08-22 08:43:54.928 Model_Service_3] [PAPER-KV-V6] fetch meta-llama/Llama-3.1-8B -> None requests
[2026-08-22 08:43:54.929 Model_Service_1] [PAPER-KV-V6] fetch Qwen/Qwen2.5-3B-Instruct -> None requests
[2026-08-22 08:43:54.931 Model_Service_4] [PAPER-KV-V6] fetch meta-llama/Llama-3.2-1B -> None requests
[2026-08-22 08:43:54.938 Model_Service_3] [PAPER-KV-V6] fetch meta-llama/Llama-3.1-8B -> None requests
[2026-08-22 08:43:54.939 Model_Service_1] [PAPER-KV-V6] fetch Qwen/Qwen2.5-3B-Instruct -> None requests
[2026-08-22 08:43:54.942 Model_Service_4] [PAPER-KV-V6] fetch meta-llama/Llama-3.2-1B -> None requests
[2026-08-22 08:43:54.942 Model_Service_5] Model service 5 input queue is empty, waiting for next request
[2026-08-22 08:43:54.949 Model_Service_3] [PAPER-KV-V6] fetch meta-llama/Llama-3.1-8B -> None requests
[2026-08-22 08:43:54.950 Model_Service_1] [PAPER-KV-V6] fetch Qwen/Qwen2.5-3B-Instruct -> None requests
[2026-08-22 08:43:54.952 Model_Service_4] [PAPER-KV-V6] fetch meta-llama/Llama-3.2-1B -> None requests
[2026-08-22 08:43:54.959 Model_Service_3] [PAPER-KV-V6] fetch meta-llama/Llama-3.1-8B -> None requests
[2026-08-22 08:43:54.960 Model_Service_1] [PAPER-KV-V6] fetch Qwen/Qwen2.5-3B-Instruct -> None requests
[2026-08-22 08:43:54.963 Model_Service_4] [PAPER-KV-V6] fetch meta-llama/Llama-3.2-1B -> None requests
[2026-08-22 08:43:54.970 Model_Service_3] [PAPER-KV-V6] fetch meta-llama/Llama-3.1-8B -> None requests
[2026-08-22 08:43:54.971 Model_Service_1] [PAPER-KV-V6] fetch Qwen/Qwen2.5-3B-Instruct -> None requests
[2026-08-22 08:43:54.973 Model_Service_4] [PAPER-KV-V6] fetch meta-llama/Llama-3.2-1B -> None requests
[2026-08-22 08:43:54.981 Model_Service_3] [PAPER-KV-V6] fetch meta-llama/Llama-3.1-8B -> None requests
[2026-08-22 08:43:54.982 Model_Service_1] [PAPER-KV-V6] fetch Qwen/Qwen2.5-3B-Instruct -> None requests
[2026-08-22 08:43:54.983 Model_Service_4] [PAPER-KV-V6] fetch meta-llama/Llama-3.2-1B -> None requests
[2026-08-22 08:43:54.992 Model_Service_3] [PAPER-KV-V6] fetch meta-llama/Llama-3.1-8B -> None requests
[2026-08-22 08:43:54.993 Model_Service_1] [PAPER-KV-V6] fetch Qwen/Qwen2.5-3B-Instruct -> None requests
[2026-08-22 08:43:54.993 Model_Service_4] [PAPER-KV-V6] fetch meta-llama/Llama-3.2-1B -> None requests
[2026-08-22 08:43:55.003 Model_Service_3] [PAPER-KV-V6] fetch meta-llama/Llama-3.1-8B -> None requests
[2026-08-22 08:43:55.004 Model_Service_4] [PAPER-KV-V6] fetch meta-llama/Llama-3.2-1B -> None requests
[2026-08-22 08:43:55.004 Model_Service_1] [PAPER-KV-V6] fetch Qwen/Qwen2.5-3B-Instruct -> None requests
[2026-08-22 08:43:55.013 Model_Service_3] [PAPER-KV-V6] fetch meta-llama/Llama-3.1-8B -> None requests
[2026-08-22 08:43:55.014 Model_Service_4] [PAPER-KV-V6] fetch meta-llama/Llama-3.2-1B -> None requests
[2026-08-22 08:43:55.014 Model_Service_1] [PAPER-KV-V6] fetch Qwen/Qwen2.5-3B-Instruct -> None requests
[2026-08-22 08:43:55.024 Model_Service_3] [PAPER-KV-V6] fetch meta-llama/Llama-3.1-8B -> None requests
[2026-08-22 08:43:55.024 Model_Service_4] [PAPER-KV-V6] fetch meta-llama/Llama-3.2-1B -> None requests
[2026-08-22 08:43:55.025 Model_Service_1] [PAPER-KV-V6] fetch Qwen/Qwen2.5-3B-Instruct -> None requests
[2026-08-22 08:43:55.034 Model_Service_3] [PAPER-KV-V6] fetch meta-llama/Llama-3.1-8B -> None requests
[2026-08-22 08:43:55.034 Model_Service_4] [PAPER-KV-V6] fetch meta-llama/Llama-3.2-1B -> None requests
[2026-08-22 08:43:55.036 Model_Service_1] [PAPER-KV-V6] fetch Qwen/Qwen2.5-3B-Instruct -> None requests
[2026-08-22 08:43:55.045 Model_Service_4] [PAPER-KV-V6] fetch meta-llama/Llama-3.2-1B -> None requests
[2026-08-22 08:43:55.045 Model_Service_3] [PAPER-KV-V6] fetch meta-llama/Llama-3.1-8B -> None requests
[2026-08-22 08:43:55.046 Model_Service_1] [PAPER-KV-V6] fetch Qwen/Qwen2.5-3B-Instruct -> None requests
[2026-08-22 08:43:55.055 Model_Service_4] [PAPER-KV-V6] fetch meta-llama/Llama-3.2-1B -> None requests
[2026-08-22 08:43:55.055 Model_Service_3] [PAPER-KV-V6] fetch meta-llama/Llama-3.1-8B -> None requests
[2026-08-22 08:43:55.057 Model_Service_1] [PAPER-KV-V6] fetch Qwen/Qwen2.5-3B-Instruct -> None requests
[2026-08-22 08:43:55.065 Model_Service_4] [PAPER-KV-V6] fetch meta-llama/Llama-3.2-1B -> None requests
[2026-08-22 08:43:55.066 Model_Service_3] [PAPER-KV-V6] fetch meta-llama/Llama-3.1-8B -> None requests
[2026-08-22 08:43:55.068 Model_Service_1] [PAPER-KV-V6] fetch Qwen/Qwen2.5-3B-Instruct -> None requests
[2026-08-22 08:43:55.075 Model_Service_4] [PAPER-KV-V6] fetch meta-llama/Llama-3.2-1B -> None requests
[2026-08-22 08:43:55.077 Model_Service_3] [PAPER-KV-V6] fetch meta-llama/Llama-3.1-8B -> None requests
[2026-08-22 08:43:55.079 Model_Service_1] [PAPER-KV-V6] fetch Qwen/Qwen2.5-3B-Instruct -> None requests
[2026-08-22 08:43:55.085 Model_Service_4] [PAPER-KV-V6] fetch meta-llama/Llama-3.2-1B -> None requests
[2026-08-22 08:43:55.087 Model_Service_3] [PAPER-KV-V6] fetch meta-llama/Llama-3.1-8B -> None requests
[2026-08-22 08:43:55.089 Model_Service_1] [PAPER-KV-V6] fetch Qwen/Qwen2.5-3B-Instruct -> None requests
[2026-08-22 08:43:55.096 Model_Service_4] [PAPER-KV-V6] fetch meta-llama/Llama-3.2-1B -> None requests
[2026-08-22 08:43:55.098 Model_Service_3] [PAPER-KV-V6] fetch meta-llama/Llama-3.1-8B -> None requests
[2026-08-22 08:43:55.100 Model_Service_1] [PAPER-KV-V6] fetch Qwen/Qwen2.5-3B-Instruct -> None requests
[2026-08-22 08:43:55.106 Model_Service_4] [PAPER-KV-V6] fetch meta-llama/Llama-3.2-1B -> None requests
[2026-08-22 08:43:55.109 Model_Service_3] [PAPER-KV-V6] fetch meta-llama/Llama-3.1-8B -> None requests
[2026-08-22 08:43:55.111 Model_Service_1] [PAPER-KV-V6] fetch Qwen/Qwen2.5-3B-Instruct -> None requests
[2026-08-22 08:43:55.116 Model_Service_4] [PAPER-KV-V6] fetch meta-llama/Llama-3.2-1B -> None requests
[2026-08-22 08:43:55.119 Model_Service_3] [PAPER-KV-V6] fetch meta-llama/Llama-3.1-8B -> None requests
[2026-08-22 08:43:55.121 Model_Service_1] [PAPER-KV-V6] fetch Qwen/Qwen2.5-3B-Instruct -> None requests
[2026-08-22 08:43:55.126 Model_Service_4] [PAPER-KV-V6] fetch meta-llama/Llama-3.2-1B -> None requests
[2026-08-22 08:43:55.130 Model_Service_3] [PAPER-KV-V6] fetch meta-llama/Llama-3.1-8B -> None requests
[2026-08-22 08:43:55.133 Model_Service_1] [PAPER-KV-V6] fetch Qwen/Qwen2.5-3B-Instruct -> None requests
[2026-08-22 08:43:55.137 Model_Service_4] [PAPER-KV-V6] fetch meta-llama/Llama-3.2-1B -> None requests
[2026-08-22 08:43:55.140 Model_Service_3] [PAPER-KV-V6] fetch meta-llama/Llama-3.1-8B -> None requests
[2026-08-22 08:43:55.143 Model_Service_1] [PAPER-KV-V6] fetch Qwen/Qwen2.5-3B-Instruct -> None requests
[2026-08-22 08:43:55.147 Model_Service_4] [PAPER-KV-V6] fetch meta-llama/Llama-3.2-1B -> None requests
[2026-08-22 08:43:55.151 Model_Service_3] [PAPER-KV-V6] fetch meta-llama/Llama-3.1-8B -> None requests
[2026-08-22 08:43:55.154 Model_Service_1] [PAPER-KV-V6] fetch Qwen/Qwen2.5-3B-Instruct -> None requests
[2026-08-22 08:43:55.157 Model_Service_4] [PAPER-KV-V6] fetch meta-llama/Llama-3.2-1B -> None requests
[2026-08-22 08:43:55.162 Model_Service_3] [PAPER-KV-V6] fetch meta-llama/Llama-3.1-8B -> None requests
[2026-08-22 08:43:55.165 Model_Service_1] [PAPER-KV-V6] fetch Qwen/Qwen2.5-3B-Instruct -> None requests
[2026-08-22 08:43:55.167 Model_Service_4] [PAPER-KV-V6] fetch meta-llama/Llama-3.2-1B -> None requests
[2026-08-22 08:43:55.172 Model_Service_3] [PAPER-KV-V6] fetch meta-llama/Llama-3.1-8B -> None requests
[2026-08-22 08:43:55.175 Model_Service_1] [PAPER-KV-V6] fetch Qwen/Qwen2.5-3B-Instruct -> None requests
[2026-08-22 08:43:55.178 Model_Service_4] [PAPER-KV-V6] fetch meta-llama/Llama-3.2-1B -> None requests
[2026-08-22 08:43:55.183 Model_Service_3] [PAPER-KV-V6] fetch meta-llama/Llama-3.1-8B -> None requests
[2026-08-22 08:43:55.186 Model_Service_1] [PAPER-KV-V6] fetch Qwen/Qwen2.5-3B-Instruct -> None requests
[2026-08-22 08:43:55.188 Model_Service_4] [PAPER-KV-V6] fetch meta-llama/Llama-3.2-1B -> None requests
[2026-08-22 08:43:55.194 Model_Service_3] [PAPER-KV-V6] fetch meta-llama/Llama-3.1-8B -> None requests
[2026-08-22 08:43:55.197 Model_Service_1] [PAPER-KV-V6] fetch Qwen/Qwen2.5-3B-Instruct -> None requests
[2026-08-22 08:43:55.198 Model_Service_4] [PAPER-KV-V6] fetch meta-llama/Llama-3.2-1B -> None requests
[2026-08-22 08:43:55.205 Model_Service_3] [PAPER-KV-V6] fetch meta-llama/Llama-3.1-8B -> None requests
[2026-08-22 08:43:55.208 Model_Service_1] [PAPER-KV-V6] fetch Qwen/Qwen2.5-3B-Instruct -> None requests
[2026-08-22 08:43:55.209 Model_Service_4] [PAPER-KV-V6] fetch meta-llama/Llama-3.2-1B -> None requests
[2026-08-22 08:43:55.215 Model_Service_3] [PAPER-KV-V6] fetch meta-llama/Llama-3.1-8B -> None requests
[2026-08-22 08:43:55.218 Model_Service_1] [PAPER-KV-V6] fetch Qwen/Qwen2.5-3B-Instruct -> None requests
[2026-08-22 08:43:55.219 Model_Service_4] [PAPER-KV-V6] fetch meta-llama/Llama-3.2-1B -> None requests
[2026-08-22 08:43:55.226 Model_Service_3] [PAPER-KV-V6] fetch meta-llama/Llama-3.1-8B -> None requests
[2026-08-22 08:43:55.229 Model_Service_4] [PAPER-KV-V6] fetch meta-llama/Llama-3.2-1B -> None requests
[2026-08-22 08:43:55.229 Model_Service_1] [PAPER-KV-V6] fetch Qwen/Qwen2.5-3B-Instruct -> None requests
[2026-08-22 08:43:55.237 Model_Service_3] [PAPER-KV-V6] fetch meta-llama/Llama-3.1-8B -> None requests
[2026-08-22 08:43:55.239 Model_Service_4] [PAPER-KV-V6] fetch meta-llama/Llama-3.2-1B -> None requests
[2026-08-22 08:43:55.240 Model_Service_1] [PAPER-KV-V6] fetch Qwen/Qwen2.5-3B-Instruct -> None requests
[2026-08-22 08:43:55.247 Model_Service_3] [PAPER-KV-V6] fetch meta-llama/Llama-3.1-8B -> None requests
[2026-08-22 08:43:55.250 Model_Service_4] [PAPER-KV-V6] fetch meta-llama/Llama-3.2-1B -> None requests
[2026-08-22 08:43:55.250 Model_Service_1] [PAPER-KV-V6] fetch Qwen/Qwen2.5-3B-Instruct -> None requests
[2026-08-22 08:43:55.258 Model_Service_3] [PAPER-KV-V6] fetch meta-llama/Llama-3.1-8B -> None requests
[2026-08-22 08:43:55.260 Model_Service_4] [PAPER-KV-V6] fetch meta-llama/Llama-3.2-1B -> None requests
[2026-08-22 08:43:55.261 Model_Service_1] [PAPER-KV-V6] fetch Qwen/Qwen2.5-3B-Instruct -> None requests
[2026-08-22 08:43:55.269 Model_Service_3] [PAPER-KV-V6] fetch meta-llama/Llama-3.1-8B -> None requests
[2026-08-22 08:43:55.270 Model_Service_4] [PAPER-KV-V6] fetch meta-llama/Llama-3.2-1B -> None requests
[2026-08-22 08:43:55.272 Model_Service_1] [PAPER-KV-V6] fetch Qwen/Qwen2.5-3B-Instruct -> None requests
[2026-08-22 08:43:55.273 Model_Service_2] Model service 2 input queue is empty, waiting for next request
[2026-08-22 08:43:55.279 Model_Service_3] [PAPER-KV-V6] fetch meta-llama/Llama-3.1-8B -> None requests
[2026-08-22 08:43:55.281 Model_Service_4] [PAPER-KV-V6] fetch meta-llama/Llama-3.2-1B -> None requests
[2026-08-22 08:43:55.282 Model_Service_1] [PAPER-KV-V6] fetch Qwen/Qwen2.5-3B-Instruct -> None requests
[2026-08-22 08:43:55.290 Model_Service_3] [PAPER-KV-V6] fetch meta-llama/Llama-3.1-8B -> None requests
[2026-08-22 08:43:55.291 Model_Service_4] [PAPER-KV-V6] fetch meta-llama/Llama-3.2-1B -> None requests
[2026-08-22 08:43:55.293 Model_Service_1] [PAPER-KV-V6] fetch Qwen/Qwen2.5-3B-Instruct -> None requests
[2026-08-22 08:43:55.301 Model_Service_3] [PAPER-KV-V6] fetch meta-llama/Llama-3.1-8B -> None requests
[2026-08-22 08:43:55.301 Model_Service_4] [PAPER-KV-V6] fetch meta-llama/Llama-3.2-1B -> None requests
[2026-08-22 08:43:55.303 Model_Service_1] [PAPER-KV-V6] fetch Qwen/Qwen2.5-3B-Instruct -> None requests
[2026-08-22 08:43:55.311 Model_Service_3] [PAPER-KV-V6] fetch meta-llama/Llama-3.1-8B -> None requests
[2026-08-22 08:43:55.312 Model_Service_4] [PAPER-KV-V6] fetch meta-llama/Llama-3.2-1B -> None requests
[2026-08-22 08:43:55.314 Model_Service_1] [PAPER-KV-V6] fetch Qwen/Qwen2.5-3B-Instruct -> None requests
[2026-08-22 08:43:55.322 Model_Service_3] [PAPER-KV-V6] fetch meta-llama/Llama-3.1-8B -> None requests
[2026-08-22 08:43:55.323 Model_Service_4] [PAPER-KV-V6] fetch meta-llama/Llama-3.2-1B -> None requests
[2026-08-22 08:43:55.324 Model_Service_1] [PAPER-KV-V6] fetch Qwen/Qwen2.5-3B-Instruct -> None requests
[2026-08-22 08:43:55.332 Model_Service_3] [PAPER-KV-V6] fetch meta-llama/Llama-3.1-8B -> None requests
[2026-08-22 08:43:55.334 Model_Service_4] [PAPER-KV-V6] fetch meta-llama/Llama-3.2-1B -> None requests
[2026-08-22 08:43:55.335 Model_Service_1] [PAPER-KV-V6] fetch Qwen/Qwen2.5-3B-Instruct -> None requests
[2026-08-22 08:43:55.343 Model_Service_3] [PAPER-KV-V6] fetch meta-llama/Llama-3.1-8B -> None requests
[2026-08-22 08:43:55.345 Model_Service_4] [PAPER-KV-V6] fetch meta-llama/Llama-3.2-1B -> None requests
[2026-08-22 08:43:55.345 Model_Service_1] [PAPER-KV-V6] fetch Qwen/Qwen2.5-3B-Instruct -> None requests
[2026-08-22 08:43:55.354 Model_Service_3] [PAPER-KV-V6] fetch meta-llama/Llama-3.1-8B -> None requests
[2026-08-22 08:43:55.355 Model_Service_4] [PAPER-KV-V6] fetch meta-llama/Llama-3.2-1B -> None requests
[2026-08-22 08:43:55.356 Model_Service_1] [PAPER-KV-V6] fetch Qwen/Qwen2.5-3B-Instruct -> None requests
[2026-08-22 08:43:55.364 Model_Service_3] [PAPER-KV-V6] fetch meta-llama/Llama-3.1-8B -> None requests
[2026-08-22 08:43:55.366 Model_Service_4] [PAPER-KV-V6] fetch meta-llama/Llama-3.2-1B -> None requests
[2026-08-22 08:43:55.366 Model_Service_1] [PAPER-KV-V6] fetch Qwen/Qwen2.5-3B-Instruct -> None requests
[2026-08-22 08:43:55.375 Model_Service_3] [PAPER-KV-V6] fetch meta-llama/Llama-3.1-8B -> None requests
[2026-08-22 08:43:55.376 Model_Service_4] [PAPER-KV-V6] fetch meta-llama/Llama-3.2-1B -> None requests
[2026-08-22 08:43:55.377 Model_Service_1] [PAPER-KV-V6] fetch Qwen/Qwen2.5-3B-Instruct -> None requests
[2026-08-22 08:43:55.385 Model_Service_3] [PAPER-KV-V6] fetch meta-llama/Llama-3.1-8B -> None requests
[2026-08-22 08:43:55.387 Model_Service_4] [PAPER-KV-V6] fetch meta-llama/Llama-3.2-1B -> None requests
[2026-08-22 08:43:55.387 Model_Service_1] [PAPER-KV-V6] fetch Qwen/Qwen2.5-3B-Instruct -> None requests
[2026-08-22 08:43:55.396 Model_Service_3] [PAPER-KV-V6] fetch meta-llama/Llama-3.1-8B -> None requests
[2026-08-22 08:43:55.397 Model_Service_4] [PAPER-KV-V6] fetch meta-llama/Llama-3.2-1B -> None requests
[2026-08-22 08:43:55.398 Model_Service_1] [PAPER-KV-V6] fetch Qwen/Qwen2.5-3B-Instruct -> None requests
[2026-08-22 08:43:55.407 Model_Service_3] [PAPER-KV-V6] fetch meta-llama/Llama-3.1-8B -> None requests
[2026-08-22 08:43:55.408 Model_Service_4] [PAPER-KV-V6] fetch meta-llama/Llama-3.2-1B -> None requests
[2026-08-22 08:43:55.409 Model_Service_1] [PAPER-KV-V6] fetch Qwen/Qwen2.5-3B-Instruct -> None requests
[2026-08-22 08:43:55.417 Model_Service_3] [PAPER-KV-V6] fetch meta-llama/Llama-3.1-8B -> None requests
[2026-08-22 08:43:55.418 Model_Service_4] [PAPER-KV-V6] fetch meta-llama/Llama-3.2-1B -> None requests
[2026-08-22 08:43:55.420 Model_Service_1] [PAPER-KV-V6] fetch Qwen/Qwen2.5-3B-Instruct -> None requests
[2026-08-22 08:43:55.428 Model_Service_3] [PAPER-KV-V6] fetch meta-llama/Llama-3.1-8B -> None requests
[2026-08-22 08:43:55.429 Model_Service_4] [PAPER-KV-V6] fetch meta-llama/Llama-3.2-1B -> None requests
[2026-08-22 08:43:55.430 Model_Service_1] [PAPER-KV-V6] fetch Qwen/Qwen2.5-3B-Instruct -> None requests
[2026-08-22 08:43:55.438 Model_Service_3] [PAPER-KV-V6] fetch meta-llama/Llama-3.1-8B -> None requests
[2026-08-22 08:43:55.439 Model_Service_4] [PAPER-KV-V6] fetch meta-llama/Llama-3.2-1B -> None requests
[2026-08-22 08:43:55.441 Model_Service_1] [PAPER-KV-V6] fetch Qwen/Qwen2.5-3B-Instruct -> None requests
[2026-08-22 08:43:55.449 Model_Service_3] [PAPER-KV-V6] fetch meta-llama/Llama-3.1-8B -> None requests
[2026-08-22 08:43:55.450 Model_Service_4] [PAPER-KV-V6] fetch meta-llama/Llama-3.2-1B -> None requests
[2026-08-22 08:43:55.451 Model_Service_1] [PAPER-KV-V6] fetch Qwen/Qwen2.5-3B-Instruct -> None requests
[2026-08-22 08:43:55.459 Model_Service_3] [PAPER-KV-V6] fetch meta-llama/Llama-3.1-8B -> None requests
[2026-08-22 08:43:55.461 Model_Service_4] [PAPER-KV-V6] fetch meta-llama/Llama-3.2-1B -> None requests
[2026-08-22 08:43:55.462 Model_Service_1] [PAPER-KV-V6] fetch Qwen/Qwen2.5-3B-Instruct -> None requests
[2026-08-22 08:43:55.470 Model_Service_3] [PAPER-KV-V6] fetch meta-llama/Llama-3.1-8B -> None requests
[2026-08-22 08:43:55.471 Model_Service_4] [PAPER-KV-V6] fetch meta-llama/Llama-3.2-1B -> None requests
[2026-08-22 08:43:55.472 Model_Service_1] [PAPER-KV-V6] fetch Qwen/Qwen2.5-3B-Instruct -> None requests
[2026-08-22 08:43:55.480 Model_Service_3] [PAPER-KV-V6] fetch meta-llama/Llama-3.1-8B -> None requests
[2026-08-22 08:43:55.482 Model_Service_4] [PAPER-KV-V6] fetch meta-llama/Llama-3.2-1B -> None requests
[2026-08-22 08:43:55.483 Model_Service_1] [PAPER-KV-V6] fetch Qwen/Qwen2.5-3B-Instruct -> None requests
[2026-08-22 08:43:55.491 Model_Service_3] [PAPER-KV-V6] fetch meta-llama/Llama-3.1-8B -> None requests
[2026-08-22 08:43:55.492 Model_Service_4] [PAPER-KV-V6] fetch meta-llama/Llama-3.2-1B -> None requests
[2026-08-22 08:43:55.494 Model_Service_1] [PAPER-KV-V6] fetch Qwen/Qwen2.5-3B-Instruct -> None requests
[2026-08-22 08:43:55.502 Model_Service_3] [PAPER-KV-V6] fetch meta-llama/Llama-3.1-8B -> None requests
[2026-08-22 08:43:55.503 Model_Service_4] [PAPER-KV-V6] fetch meta-llama/Llama-3.2-1B -> None requests
[2026-08-22 08:43:55.504 Model_Service_1] [PAPER-KV-V6] fetch Qwen/Qwen2.5-3B-Instruct -> None requests
[2026-08-22 08:43:55.512 Model_Service_3] [PAPER-KV-V6] fetch meta-llama/Llama-3.1-8B -> None requests
[2026-08-22 08:43:55.513 Model_Service_4] [PAPER-KV-V6] fetch meta-llama/Llama-3.2-1B -> None requests
[2026-08-22 08:43:55.515 Model_Service_1] [PAPER-KV-V6] fetch Qwen/Qwen2.5-3B-Instruct -> None requests
[2026-08-22 08:43:55.523 Model_Service_3] [PAPER-KV-V6] fetch meta-llama/Llama-3.1-8B -> None requests
[2026-08-22 08:43:55.524 Model_Service_4] [PAPER-KV-V6] fetch meta-llama/Llama-3.2-1B -> None requests
[2026-08-22 08:43:55.525 Model_Service_1] [PAPER-KV-V6] fetch Qwen/Qwen2.5-3B-Instruct -> None requests
[2026-08-22 08:43:55.533 Model_Service_3] [PAPER-KV-V6] fetch meta-llama/Llama-3.1-8B -> None requests
[2026-08-22 08:43:55.534 Model_Service_4] [PAPER-KV-V6] fetch meta-llama/Llama-3.2-1B -> None requests
[2026-08-22 08:43:55.536 Model_Service_1] [PAPER-KV-V6] fetch Qwen/Qwen2.5-3B-Instruct -> None requests
[2026-08-22 08:43:55.544 Model_Service_3] [PAPER-KV-V6] fetch meta-llama/Llama-3.1-8B -> None requests
[2026-08-22 08:43:55.545 Model_Service_4] [PAPER-KV-V6] fetch meta-llama/Llama-3.2-1B -> None requests
[2026-08-22 08:43:55.547 Model_Service_1] [PAPER-KV-V6] fetch Qwen/Qwen2.5-3B-Instruct -> None requests
[2026-08-22 08:43:55.555 Model_Service_3] [PAPER-KV-V6] fetch meta-llama/Llama-3.1-8B -> None requests
[2026-08-22 08:43:55.556 Model_Service_4] [PAPER-KV-V6] fetch meta-llama/Llama-3.2-1B -> None requests
[2026-08-22 08:43:55.557 Model_Service_1] [PAPER-KV-V6] fetch Qwen/Qwen2.5-3B-Instruct -> None requests
[2026-08-22 08:43:55.566 Model_Service_3] [PAPER-KV-V6] fetch meta-llama/Llama-3.1-8B -> None requests
[2026-08-22 08:43:55.566 Model_Service_4] [PAPER-KV-V6] fetch meta-llama/Llama-3.2-1B -> None requests
[2026-08-22 08:43:55.568 Model_Service_1] [PAPER-KV-V6] fetch Qwen/Qwen2.5-3B-Instruct -> None requests
[2026-08-22 08:43:55.576 Model_Service_3] [PAPER-KV-V6] fetch meta-llama/Llama-3.1-8B -> None requests
[2026-08-22 08:43:55.577 Model_Service_4] [PAPER-KV-V6] fetch meta-llama/Llama-3.2-1B -> None requests
[2026-08-22 08:43:55.579 Model_Service_1] [PAPER-KV-V6] fetch Qwen/Qwen2.5-3B-Instruct -> None requests
[2026-08-22 08:43:55.587 Model_Service_3] [PAPER-KV-V6] fetch meta-llama/Llama-3.1-8B -> None requests
[2026-08-22 08:43:55.588 Model_Service_4] [PAPER-KV-V6] fetch meta-llama/Llama-3.2-1B -> None requests
[2026-08-22 08:43:55.589 Model_Service_1] [PAPER-KV-V6] fetch Qwen/Qwen2.5-3B-Instruct -> None requests
[2026-08-22 08:43:55.598 Model_Service_3] [PAPER-KV-V6] fetch meta-llama/Llama-3.1-8B -> None requests
[2026-08-22 08:43:55.598 Model_Service_4] [PAPER-KV-V6] fetch meta-llama/Llama-3.2-1B -> None requests
[2026-08-22 08:43:55.600 Model_Service_1] [PAPER-KV-V6] fetch Qwen/Qwen2.5-3B-Instruct -> None requests
[2026-08-22 08:43:55.609 Model_Service_3] [PAPER-KV-V6] fetch meta-llama/Llama-3.1-8B -> None requests
[2026-08-22 08:43:55.609 Model_Service_4] [PAPER-KV-V6] fetch meta-llama/Llama-3.2-1B -> None requests
[2026-08-22 08:43:55.610 Model_Service_1] [PAPER-KV-V6] fetch Qwen/Qwen2.5-3B-Instruct -> None requests
[2026-08-22 08:43:55.619 Model_Service_3] [PAPER-KV-V6] fetch meta-llama/Llama-3.1-8B -> None requests
[2026-08-22 08:43:55.620 Model_Service_4] [PAPER-KV-V6] fetch meta-llama/Llama-3.2-1B -> None requests
[2026-08-22 08:43:55.621 Model_Service_1] [PAPER-KV-V6] fetch Qwen/Qwen2.5-3B-Instruct -> None requests
[2026-08-22 08:43:55.630 Model_Service_3] [PAPER-KV-V6] fetch meta-llama/Llama-3.1-8B -> None requests
[2026-08-22 08:43:55.630 Model_Service_4] [PAPER-KV-V6] fetch meta-llama/Llama-3.2-1B -> None requests
[2026-08-22 08:43:55.631 Model_Service_1] [PAPER-KV-V6] fetch Qwen/Qwen2.5-3B-Instruct -> None requests
[2026-08-22 08:43:55.641 Model_Service_3] [PAPER-KV-V6] fetch meta-llama/Llama-3.1-8B -> None requests
[2026-08-22 08:43:55.641 Model_Service_4] [PAPER-KV-V6] fetch meta-llama/Llama-3.2-1B -> None requests
[2026-08-22 08:43:55.641 Model_Service_1] [PAPER-KV-V6] fetch Qwen/Qwen2.5-3B-Instruct -> None requests
[2026-08-22 08:43:55.651 Model_Service_3] [PAPER-KV-V6] fetch meta-llama/Llama-3.1-8B -> None requests
[2026-08-22 08:43:55.652 Model_Service_4] [PAPER-KV-V6] fetch meta-llama/Llama-3.2-1B -> None requests
[2026-08-22 08:43:55.652 Model_Service_1] [PAPER-KV-V6] fetch Qwen/Qwen2.5-3B-Instruct -> None requests
[2026-08-22 08:43:55.662 Model_Service_3] [PAPER-KV-V6] fetch meta-llama/Llama-3.1-8B -> None requests
[2026-08-22 08:43:55.662 Model_Service_4] [PAPER-KV-V6] fetch meta-llama/Llama-3.2-1B -> None requests
[2026-08-22 08:43:55.662 Model_Service_1] [PAPER-KV-V6] fetch Qwen/Qwen2.5-3B-Instruct -> None requests
[2026-08-22 08:43:55.673 Model_Service_3] [PAPER-KV-V6] fetch meta-llama/Llama-3.1-8B -> None requests
[2026-08-22 08:43:55.673 Model_Service_1] [PAPER-KV-V6] fetch Qwen/Qwen2.5-3B-Instruct -> None requests
[2026-08-22 08:43:55.673 Model_Service_4] [PAPER-KV-V6] fetch meta-llama/Llama-3.2-1B -> None requests
[2026-08-22 08:43:55.683 Model_Service_1] [PAPER-KV-V6] fetch Qwen/Qwen2.5-3B-Instruct -> None requests
[2026-08-22 08:43:55.684 Model_Service_4] [PAPER-KV-V6] fetch meta-llama/Llama-3.2-1B -> None requests
[2026-08-22 08:43:55.684 Model_Service_3] [PAPER-KV-V6] fetch meta-llama/Llama-3.1-8B -> None requests
[2026-08-22 08:43:55.694 Model_Service_1] [PAPER-KV-V6] fetch Qwen/Qwen2.5-3B-Instruct -> None requests
[2026-08-22 08:43:55.694 Model_Service_3] [PAPER-KV-V6] fetch meta-llama/Llama-3.1-8B -> None requests
[2026-08-22 08:43:55.694 Model_Service_4] [PAPER-KV-V6] fetch meta-llama/Llama-3.2-1B -> None requests
[2026-08-22 08:43:55.704 Model_Service_1] [PAPER-KV-V6] fetch Qwen/Qwen2.5-3B-Instruct -> None requests
[2026-08-22 08:43:55.705 Model_Service_4] [PAPER-KV-V6] fetch meta-llama/Llama-3.2-1B -> None requests
[2026-08-22 08:43:55.705 Model_Service_3] [PAPER-KV-V6] fetch meta-llama/Llama-3.1-8B -> None requests
[2026-08-22 08:43:55.715 Model_Service_1] [PAPER-KV-V6] fetch Qwen/Qwen2.5-3B-Instruct -> None requests
[2026-08-22 08:43:55.715 Model_Service_4] [PAPER-KV-V6] fetch meta-llama/Llama-3.2-1B -> None requests
[2026-08-22 08:43:55.716 Model_Service_3] [PAPER-KV-V6] fetch meta-llama/Llama-3.1-8B -> None requests
[2026-08-22 08:43:55.725 Model_Service_1] [PAPER-KV-V6] fetch Qwen/Qwen2.5-3B-Instruct -> None requests
[2026-08-22 08:43:55.726 Model_Service_4] [PAPER-KV-V6] fetch meta-llama/Llama-3.2-1B -> None requests
[2026-08-22 08:43:55.726 Model_Service_3] [PAPER-KV-V6] fetch meta-llama/Llama-3.1-8B -> None requests
[2026-08-22 08:43:55.736 Model_Service_1] [PAPER-KV-V6] fetch Qwen/Qwen2.5-3B-Instruct -> None requests
[2026-08-22 08:43:55.737 Model_Service_4] [PAPER-KV-V6] fetch meta-llama/Llama-3.2-1B -> None requests
[2026-08-22 08:43:55.737 Model_Service_3] [PAPER-KV-V6] fetch meta-llama/Llama-3.1-8B -> None requests
[2026-08-22 08:43:55.746 Model_Service_1] [PAPER-KV-V6] fetch Qwen/Qwen2.5-3B-Instruct -> None requests
[2026-08-22 08:43:55.747 Model_Service_4] [PAPER-KV-V6] fetch meta-llama/Llama-3.2-1B -> None requests
[2026-08-22 08:43:55.748 Model_Service_3] [PAPER-KV-V6] fetch meta-llama/Llama-3.1-8B -> None requests
[2026-08-22 08:43:55.756 Model_Service_1] [PAPER-KV-V6] fetch Qwen/Qwen2.5-3B-Instruct -> None requests
[2026-08-22 08:43:55.758 Model_Service_4] [PAPER-KV-V6] fetch meta-llama/Llama-3.2-1B -> None requests
[2026-08-22 08:43:55.759 Model_Service_3] [PAPER-KV-V6] fetch meta-llama/Llama-3.1-8B -> None requests
[2026-08-22 08:43:55.767 Model_Service_1] [PAPER-KV-V6] fetch Qwen/Qwen2.5-3B-Instruct -> None requests
[2026-08-22 08:43:55.769 Model_Service_4] [PAPER-KV-V6] fetch meta-llama/Llama-3.2-1B -> None requests
[2026-08-22 08:43:55.769 Model_Service_3] [PAPER-KV-V6] fetch meta-llama/Llama-3.1-8B -> None requests
[2026-08-22 08:43:55.777 Model_Service_1] [PAPER-KV-V6] fetch Qwen/Qwen2.5-3B-Instruct -> None requests
[2026-08-22 08:43:55.779 Model_Service_4] [PAPER-KV-V6] fetch meta-llama/Llama-3.2-1B -> None requests
[2026-08-22 08:43:55.780 Model_Service_3] [PAPER-KV-V6] fetch meta-llama/Llama-3.1-8B -> None requests
[2026-08-22 08:43:55.788 Model_Service_1] [PAPER-KV-V6] fetch Qwen/Qwen2.5-3B-Instruct -> None requests
[2026-08-22 08:43:55.790 Model_Service_4] [PAPER-KV-V6] fetch meta-llama/Llama-3.2-1B -> None requests
[2026-08-22 08:43:55.791 Model_Service_3] [PAPER-KV-V6] fetch meta-llama/Llama-3.1-8B -> None requests
[2026-08-22 08:43:55.798 Model_Service_1] [PAPER-KV-V6] fetch Qwen/Qwen2.5-3B-Instruct -> None requests
[2026-08-22 08:43:55.800 Model_Service_4] [PAPER-KV-V6] fetch meta-llama/Llama-3.2-1B -> None requests
[2026-08-22 08:43:55.802 Model_Service_3] [PAPER-KV-V6] fetch meta-llama/Llama-3.1-8B -> None requests
[2026-08-22 08:43:55.809 Model_Service_1] [PAPER-KV-V6] fetch Qwen/Qwen2.5-3B-Instruct -> None requests
[2026-08-22 08:43:55.811 Model_Service_4] [PAPER-KV-V6] fetch meta-llama/Llama-3.2-1B -> None requests
[2026-08-22 08:43:55.813 Model_Service_3] [PAPER-KV-V6] fetch meta-llama/Llama-3.1-8B -> None requests
[2026-08-22 08:43:55.819 Model_Service_1] [PAPER-KV-V6] fetch Qwen/Qwen2.5-3B-Instruct -> None requests
[2026-08-22 08:43:55.822 Model_Service_4] [PAPER-KV-V6] fetch meta-llama/Llama-3.2-1B -> None requests
[2026-08-22 08:43:55.824 Model_Service_3] [PAPER-KV-V6] fetch meta-llama/Llama-3.1-8B -> None requests
[2026-08-22 08:43:55.829 Model_Service_1] [PAPER-KV-V6] fetch Qwen/Qwen2.5-3B-Instruct -> None requests
[2026-08-22 08:43:55.832 Model_Service_4] [PAPER-KV-V6] fetch meta-llama/Llama-3.2-1B -> None requests
[2026-08-22 08:43:55.835 Model_Service_3] [PAPER-KV-V6] fetch meta-llama/Llama-3.1-8B -> None requests
[2026-08-22 08:43:55.840 Model_Service_1] [PAPER-KV-V6] fetch Qwen/Qwen2.5-3B-Instruct -> None requests
[2026-08-22 08:43:55.843 Model_Service_4] [PAPER-KV-V6] fetch meta-llama/Llama-3.2-1B -> None requests
[2026-08-22 08:43:55.846 Model_Service_3] [PAPER-KV-V6] fetch meta-llama/Llama-3.1-8B -> None requests
[2026-08-22 08:43:55.850 Model_Service_1] [PAPER-KV-V6] fetch Qwen/Qwen2.5-3B-Instruct -> None requests
[2026-08-22 08:43:55.853 Model_Service_4] [PAPER-KV-V6] fetch meta-llama/Llama-3.2-1B -> None requests
[2026-08-22 08:43:55.856 Model_Service_3] [PAPER-KV-V6] fetch meta-llama/Llama-3.1-8B -> None requests
[2026-08-22 08:43:55.860 Model_Service_1] [PAPER-KV-V6] fetch Qwen/Qwen2.5-3B-Instruct -> None requests
[2026-08-22 08:43:55.864 Model_Service_4] [PAPER-KV-V6] fetch meta-llama/Llama-3.2-1B -> None requests
[2026-08-22 08:43:55.867 Model_Service_3] [PAPER-KV-V6] fetch meta-llama/Llama-3.1-8B -> None requests
[2026-08-22 08:43:55.871 Model_Service_1] [PAPER-KV-V6] fetch Qwen/Qwen2.5-3B-Instruct -> None requests
[2026-08-22 08:43:55.874 Model_Service_4] [PAPER-KV-V6] fetch meta-llama/Llama-3.2-1B -> None requests
[2026-08-22 08:43:55.878 Model_Service_3] [PAPER-KV-V6] fetch meta-llama/Llama-3.1-8B -> None requests
[2026-08-22 08:43:55.881 Model_Service_1] [PAPER-KV-V6] fetch Qwen/Qwen2.5-3B-Instruct -> None requests
[2026-08-22 08:43:55.889 Model_Service_3] [PAPER-KV-V6] fetch meta-llama/Llama-3.1-8B -> None requests
[2026-08-22 08:43:55.892 Model_Service_1] [PAPER-KV-V6] fetch Qwen/Qwen2.5-3B-Instruct -> None requests
[2026-08-22 08:43:55.899 Model_Service_3] [PAPER-KV-V6] fetch meta-llama/Llama-3.1-8B -> None requests
[2026-08-22 08:43:55.902 Model_Service_1] [PAPER-KV-V6] fetch Qwen/Qwen2.5-3B-Instruct -> None requests
[2026-08-22 08:43:55.910 Model_Service_3] [PAPER-KV-V6] fetch meta-llama/Llama-3.1-8B -> None requests
[2026-08-22 08:43:55.913 Model_Service_1] [PAPER-KV-V6] fetch Qwen/Qwen2.5-3B-Instruct -> None requests
[2026-08-22 08:43:55.921 Model_Service_3] [PAPER-KV-V6] fetch meta-llama/Llama-3.1-8B -> None requests
[2026-08-22 08:43:55.923 Model_Service_1] [PAPER-KV-V6] fetch Qwen/Qwen2.5-3B-Instruct -> None requests
[2026-08-22 08:43:55.931 Model_Service_3] [PAPER-KV-V6] fetch meta-llama/Llama-3.1-8B -> None requests
[2026-08-22 08:43:55.933 Model_Service_1] [PAPER-KV-V6] fetch Qwen/Qwen2.5-3B-Instruct -> None requests
[2026-08-22 08:43:55.942 Model_Service_3] [PAPER-KV-V6] fetch meta-llama/Llama-3.1-8B -> None requests
[2026-08-22 08:43:55.944 Model_Service_1] [PAPER-KV-V6] fetch Qwen/Qwen2.5-3B-Instruct -> None requests
[2026-08-22 08:43:55.953 Model_Service_3] [PAPER-KV-V6] fetch meta-llama/Llama-3.1-8B -> None requests
[2026-08-22 08:43:55.954 Model_Service_1] [PAPER-KV-V6] fetch Qwen/Qwen2.5-3B-Instruct -> None requests
[2026-08-22 08:43:55.964 Model_Service_3] [PAPER-KV-V6] fetch meta-llama/Llama-3.1-8B -> None requests
[2026-08-22 08:43:55.964 Model_Service_1] [PAPER-KV-V6] fetch Qwen/Qwen2.5-3B-Instruct -> None requests
[2026-08-22 08:43:55.975 Model_Service_3] [PAPER-KV-V6] fetch meta-llama/Llama-3.1-8B -> None requests
[2026-08-22 08:43:55.975 Model_Service_1] [PAPER-KV-V6] fetch Qwen/Qwen2.5-3B-Instruct -> None requests
[2026-08-22 08:43:55.985 Model_Service_3] [PAPER-KV-V6] fetch meta-llama/Llama-3.1-8B -> None requests
[2026-08-22 08:43:55.986 Model_Service_1] [PAPER-KV-V6] fetch Qwen/Qwen2.5-3B-Instruct -> None requests
[2026-08-22 08:43:55.996 Model_Service_3] [PAPER-KV-V6] fetch meta-llama/Llama-3.1-8B -> None requests
[2026-08-22 08:43:55.996 Model_Service_1] [PAPER-KV-V6] fetch Qwen/Qwen2.5-3B-Instruct -> None requests
[2026-08-22 08:43:56.007 Model_Service_3] [PAPER-KV-V6] fetch meta-llama/Llama-3.1-8B -> None requests
[2026-08-22 08:43:56.007 Model_Service_1] [PAPER-KV-V6] fetch Qwen/Qwen2.5-3B-Instruct -> None requests
[2026-08-22 08:43:56.018 Model_Service_3] [PAPER-KV-V6] fetch meta-llama/Llama-3.1-8B -> None requests
[2026-08-22 08:43:56.018 Model_Service_1] [PAPER-KV-V6] fetch Qwen/Qwen2.5-3B-Instruct -> None requests
[2026-08-22 08:43:56.029 Model_Service_3] [PAPER-KV-V6] fetch meta-llama/Llama-3.1-8B -> None requests
[2026-08-22 08:43:56.029 Model_Service_1] [PAPER-KV-V6] fetch Qwen/Qwen2.5-3B-Instruct -> None requests
[2026-08-22 08:43:56.039 Model_Service_3] [PAPER-KV-V6] fetch meta-llama/Llama-3.1-8B -> None requests
[2026-08-22 08:43:56.040 Model_Service_1] [PAPER-KV-V6] fetch Qwen/Qwen2.5-3B-Instruct -> None requests
[2026-08-22 08:43:56.050 Model_Service_3] [PAPER-KV-V6] fetch meta-llama/Llama-3.1-8B -> None requests
[2026-08-22 08:43:56.050 Model_Service_1] [PAPER-KV-V6] fetch Qwen/Qwen2.5-3B-Instruct -> None requests
[2026-08-22 08:43:56.061 Model_Service_3] [PAPER-KV-V6] fetch meta-llama/Llama-3.1-8B -> None requests
[2026-08-22 08:43:56.062 Model_Service_1] [PAPER-KV-V6] fetch Qwen/Qwen2.5-3B-Instruct -> None requests
[2026-08-22 08:43:56.072 Model_Service_3] [PAPER-KV-V6] fetch meta-llama/Llama-3.1-8B -> None requests
[2026-08-22 08:43:56.072 Model_Service_1] [PAPER-KV-V6] fetch Qwen/Qwen2.5-3B-Instruct -> None requests
[2026-08-22 08:43:56.083 Model_Service_3] [PAPER-KV-V6] fetch meta-llama/Llama-3.1-8B -> None requests
[2026-08-22 08:43:56.083 Model_Service_1] [PAPER-KV-V6] fetch Qwen/Qwen2.5-3B-Instruct -> None requests
[2026-08-22 08:43:56.093 Model_Service_3] [PAPER-KV-V6] fetch meta-llama/Llama-3.1-8B -> None requests
[2026-08-22 08:43:56.094 Model_Service_1] [PAPER-KV-V6] fetch Qwen/Qwen2.5-3B-Instruct -> None requests
[2026-08-22 08:43:56.104 Model_Service_3] [PAPER-KV-V6] fetch meta-llama/Llama-3.1-8B -> None requests
[2026-08-22 08:43:56.104 Model_Service_1] [PAPER-KV-V6] fetch Qwen/Qwen2.5-3B-Instruct -> None requests
[2026-08-22 08:43:56.115 Model_Service_3] [PAPER-KV-V6] fetch meta-llama/Llama-3.1-8B -> None requests
[2026-08-22 08:43:56.115 Model_Service_1] [PAPER-KV-V6] fetch Qwen/Qwen2.5-3B-Instruct -> None requests
[2026-08-22 08:43:56.126 Model_Service_3] [PAPER-KV-V6] fetch meta-llama/Llama-3.1-8B -> None requests
[2026-08-22 08:43:56.126 Model_Service_1] [PAPER-KV-V6] fetch Qwen/Qwen2.5-3B-Instruct -> None requests
[2026-08-22 08:43:56.136 Model_Service_3] [PAPER-KV-V6] fetch meta-llama/Llama-3.1-8B -> None requests
[2026-08-22 08:43:56.137 Model_Service_1] [PAPER-KV-V6] fetch Qwen/Qwen2.5-3B-Instruct -> None requests
[2026-08-22 08:43:56.147 Model_Service_3] [PAPER-KV-V6] fetch meta-llama/Llama-3.1-8B -> None requests
[2026-08-22 08:43:56.147 Model_Service_1] [PAPER-KV-V6] fetch Qwen/Qwen2.5-3B-Instruct -> None requests
[2026-08-22 08:43:56.158 Model_Service_1] [PAPER-KV-V6] fetch Qwen/Qwen2.5-3B-Instruct -> None requests
[2026-08-22 08:43:56.158 Model_Service_3] [PAPER-KV-V6] fetch meta-llama/Llama-3.1-8B -> None requests
[2026-08-22 08:43:56.169 Model_Service_3] [PAPER-KV-V6] fetch meta-llama/Llama-3.1-8B -> None requests
[2026-08-22 08:43:56.169 Model_Service_1] [PAPER-KV-V6] fetch Qwen/Qwen2.5-3B-Instruct -> None requests
[2026-08-22 08:43:56.179 Model_Service_1] [PAPER-KV-V6] fetch Qwen/Qwen2.5-3B-Instruct -> None requests
[2026-08-22 08:43:56.180 Model_Service_3] [PAPER-KV-V6] fetch meta-llama/Llama-3.1-8B -> None requests
[2026-08-22 08:43:56.190 Model_Service_1] [PAPER-KV-V6] fetch Qwen/Qwen2.5-3B-Instruct -> None requests
[2026-08-22 08:43:56.190 Model_Service_3] [PAPER-KV-V6] fetch meta-llama/Llama-3.1-8B -> None requests
[2026-08-22 08:43:56.201 Model_Service_1] [PAPER-KV-V6] fetch Qwen/Qwen2.5-3B-Instruct -> None requests
[2026-08-22 08:43:56.201 Model_Service_3] [PAPER-KV-V6] fetch meta-llama/Llama-3.1-8B -> None requests
[2026-08-22 08:43:56.212 Model_Service_1] [PAPER-KV-V6] fetch Qwen/Qwen2.5-3B-Instruct -> None requests
[2026-08-22 08:43:56.212 Model_Service_3] [PAPER-KV-V6] fetch meta-llama/Llama-3.1-8B -> None requests
[2026-08-22 08:43:56.222 Model_Service_1] [PAPER-KV-V6] fetch Qwen/Qwen2.5-3B-Instruct -> None requests
[2026-08-22 08:43:56.223 Model_Service_3] [PAPER-KV-V6] fetch meta-llama/Llama-3.1-8B -> None requests
[2026-08-22 08:43:56.233 Model_Service_1] [PAPER-KV-V6] fetch Qwen/Qwen2.5-3B-Instruct -> None requests
[2026-08-22 08:43:56.234 Model_Service_3] [PAPER-KV-V6] fetch meta-llama/Llama-3.1-8B -> None requests
[2026-08-22 08:43:56.244 Model_Service_1] [PAPER-KV-V6] fetch Qwen/Qwen2.5-3B-Instruct -> None requests
[2026-08-22 08:43:56.244 Model_Service_3] [PAPER-KV-V6] fetch meta-llama/Llama-3.1-8B -> None requests
[2026-08-22 08:43:56.254 Model_Service_1] [PAPER-KV-V6] fetch Qwen/Qwen2.5-3B-Instruct -> None requests
[2026-08-22 08:43:56.255 Model_Service_3] [PAPER-KV-V6] fetch meta-llama/Llama-3.1-8B -> None requests
[2026-08-22 08:43:56.265 Model_Service_1] [PAPER-KV-V6] fetch Qwen/Qwen2.5-3B-Instruct -> None requests
[2026-08-22 08:43:56.266 Model_Service_3] [PAPER-KV-V6] fetch meta-llama/Llama-3.1-8B -> None requests
[2026-08-22 08:43:56.276 Model_Service_1] [PAPER-KV-V6] fetch Qwen/Qwen2.5-3B-Instruct -> None requests
[2026-08-22 08:43:56.276 Model_Service_3] [PAPER-KV-V6] fetch meta-llama/Llama-3.1-8B -> None requests
[2026-08-22 08:43:56.286 Model_Service_1] [PAPER-KV-V6] fetch Qwen/Qwen2.5-3B-Instruct -> None requests
[2026-08-22 08:43:56.287 Model_Service_3] [PAPER-KV-V6] fetch meta-llama/Llama-3.1-8B -> None requests
[2026-08-22 08:43:56.297 Model_Service_1] [PAPER-KV-V6] fetch Qwen/Qwen2.5-3B-Instruct -> None requests
[2026-08-22 08:43:56.298 Model_Service_3] [PAPER-KV-V6] fetch meta-llama/Llama-3.1-8B -> None requests
[2026-08-22 08:43:56.308 Model_Service_1] [PAPER-KV-V6] fetch Qwen/Qwen2.5-3B-Instruct -> None requests
[2026-08-22 08:43:56.309 Model_Service_3] [PAPER-KV-V6] fetch meta-llama/Llama-3.1-8B -> None requests
[2026-08-22 08:43:56.318 Model_Service_1] [PAPER-KV-V6] fetch Qwen/Qwen2.5-3B-Instruct -> None requests
[2026-08-22 08:43:56.319 Model_Service_3] [PAPER-KV-V6] fetch meta-llama/Llama-3.1-8B -> None requests
[2026-08-22 08:43:56.329 Model_Service_1] [PAPER-KV-V6] fetch Qwen/Qwen2.5-3B-Instruct -> None requests
[2026-08-22 08:43:56.330 Model_Service_3] [PAPER-KV-V6] fetch meta-llama/Llama-3.1-8B -> None requests
[2026-08-22 08:43:56.340 Model_Service_1] [PAPER-KV-V6] fetch Qwen/Qwen2.5-3B-Instruct -> None requests
[2026-08-22 08:43:56.341 Model_Service_3] [PAPER-KV-V6] fetch meta-llama/Llama-3.1-8B -> None requests
[2026-08-22 08:43:56.350 Model_Service_1] [PAPER-KV-V6] fetch Qwen/Qwen2.5-3B-Instruct -> None requests
[2026-08-22 08:43:56.351 Model_Service_3] [PAPER-KV-V6] fetch meta-llama/Llama-3.1-8B -> None requests
[2026-08-22 08:43:56.361 Model_Service_1] [PAPER-KV-V6] fetch Qwen/Qwen2.5-3B-Instruct -> None requests
[2026-08-22 08:43:56.362 Model_Service_3] [PAPER-KV-V6] fetch meta-llama/Llama-3.1-8B -> None requests
[2026-08-22 08:43:56.372 Model_Service_1] [PAPER-KV-V6] fetch Qwen/Qwen2.5-3B-Instruct -> None requests
[2026-08-22 08:43:56.373 Model_Service_3] [PAPER-KV-V6] fetch meta-llama/Llama-3.1-8B -> None requests
[2026-08-22 08:43:56.382 Model_Service_1] [PAPER-KV-V6] fetch Qwen/Qwen2.5-3B-Instruct -> None requests
[2026-08-22 08:43:56.384 Model_Service_3] [PAPER-KV-V6] fetch meta-llama/Llama-3.1-8B -> None requests
[2026-08-22 08:43:56.393 Model_Service_1] [PAPER-KV-V6] fetch Qwen/Qwen2.5-3B-Instruct -> None requests
[2026-08-22 08:43:56.394 Model_Service_3] [PAPER-KV-V6] fetch meta-llama/Llama-3.1-8B -> None requests
[2026-08-22 08:43:56.404 Model_Service_1] [PAPER-KV-V6] fetch Qwen/Qwen2.5-3B-Instruct -> None requests
[2026-08-22 08:43:56.405 Model_Service_3] [PAPER-KV-V6] fetch meta-llama/Llama-3.1-8B -> None requests
[2026-08-22 08:43:56.415 Model_Service_1] [PAPER-KV-V6] fetch Qwen/Qwen2.5-3B-Instruct -> None requests
[2026-08-22 08:43:56.416 Model_Service_3] [PAPER-KV-V6] fetch meta-llama/Llama-3.1-8B -> None requests
[2026-08-22 08:43:56.425 Model_Service_1] [PAPER-KV-V6] fetch Qwen/Qwen2.5-3B-Instruct -> None requests
[2026-08-22 08:43:56.427 Model_Service_3] [PAPER-KV-V6] fetch meta-llama/Llama-3.1-8B -> None requests
[2026-08-22 08:43:56.436 Model_Service_1] [PAPER-KV-V6] fetch Qwen/Qwen2.5-3B-Instruct -> None requests
[2026-08-22 08:43:56.437 Model_Service_3] [PAPER-KV-V6] fetch meta-llama/Llama-3.1-8B -> None requests
[2026-08-22 08:43:56.447 Model_Service_1] [PAPER-KV-V6] fetch Qwen/Qwen2.5-3B-Instruct -> None requests
[2026-08-22 08:43:56.448 Model_Service_3] [PAPER-KV-V6] fetch meta-llama/Llama-3.1-8B -> None requests
[2026-08-22 08:43:56.457 Model_Service_1] [PAPER-KV-V6] fetch Qwen/Qwen2.5-3B-Instruct -> None requests
[2026-08-22 08:43:56.459 Model_Service_3] [PAPER-KV-V6] fetch meta-llama/Llama-3.1-8B -> None requests
[2026-08-22 08:43:56.468 Model_Service_1] [PAPER-KV-V6] fetch Qwen/Qwen2.5-3B-Instruct -> None requests
[2026-08-22 08:43:56.469 Model_Service_3] [PAPER-KV-V6] fetch meta-llama/Llama-3.1-8B -> None requests
[2026-08-22 08:43:56.479 Model_Service_1] [PAPER-KV-V6] fetch Qwen/Qwen2.5-3B-Instruct -> None requests
[2026-08-22 08:43:56.480 Model_Service_3] [PAPER-KV-V6] fetch meta-llama/Llama-3.1-8B -> None requests
[2026-08-22 08:43:56.489 Model_Service_1] [PAPER-KV-V6] fetch Qwen/Qwen2.5-3B-Instruct -> None requests
[2026-08-22 08:43:56.491 Model_Service_3] [PAPER-KV-V6] fetch meta-llama/Llama-3.1-8B -> None requests
[2026-08-22 08:43:56.500 Model_Service_1] [PAPER-KV-V6] fetch Qwen/Qwen2.5-3B-Instruct -> None requests
[2026-08-22 08:43:56.502 Model_Service_3] [PAPER-KV-V6] fetch meta-llama/Llama-3.1-8B -> None requests
[2026-08-22 08:43:56.511 Model_Service_1] [PAPER-KV-V6] fetch Qwen/Qwen2.5-3B-Instruct -> None requests
[2026-08-22 08:43:56.512 Model_Service_3] [PAPER-KV-V6] fetch meta-llama/Llama-3.1-8B -> None requests
[2026-08-22 08:43:56.521 Model_Service_1] [PAPER-KV-V6] fetch Qwen/Qwen2.5-3B-Instruct -> None requests
[2026-08-22 08:43:56.523 Model_Service_3] [PAPER-KV-V6] fetch meta-llama/Llama-3.1-8B -> None requests
[2026-08-22 08:43:56.532 Model_Service_1] [PAPER-KV-V6] fetch Qwen/Qwen2.5-3B-Instruct -> None requests
[2026-08-22 08:43:56.534 Model_Service_3] [PAPER-KV-V6] fetch meta-llama/Llama-3.1-8B -> None requests
[2026-08-22 08:43:56.543 Model_Service_1] [PAPER-KV-V6] fetch Qwen/Qwen2.5-3B-Instruct -> None requests
[2026-08-22 08:43:56.545 Model_Service_3] [PAPER-KV-V6] fetch meta-llama/Llama-3.1-8B -> None requests
[2026-08-22 08:43:56.554 Model_Service_1] [PAPER-KV-V6] fetch Qwen/Qwen2.5-3B-Instruct -> None requests
[2026-08-22 08:43:56.556 Model_Service_3] [PAPER-KV-V6] fetch meta-llama/Llama-3.1-8B -> None requests
[2026-08-22 08:43:56.564 Model_Service_1] [PAPER-KV-V6] fetch Qwen/Qwen2.5-3B-Instruct -> None requests
[2026-08-22 08:43:56.566 Model_Service_3] [PAPER-KV-V6] fetch meta-llama/Llama-3.1-8B -> None requests
[2026-08-22 08:43:56.575 Model_Service_1] [PAPER-KV-V6] fetch Qwen/Qwen2.5-3B-Instruct -> None requests
[2026-08-22 08:43:56.577 Model_Service_3] [PAPER-KV-V6] fetch meta-llama/Llama-3.1-8B -> None requests
[2026-08-22 08:43:56.586 Model_Service_1] [PAPER-KV-V6] fetch Qwen/Qwen2.5-3B-Instruct -> None requests
[2026-08-22 08:43:56.588 Model_Service_3] [PAPER-KV-V6] fetch meta-llama/Llama-3.1-8B -> None requests
[2026-08-22 08:43:56.596 Model_Service_1] [PAPER-KV-V6] fetch Qwen/Qwen2.5-3B-Instruct -> None requests
[2026-08-22 08:43:56.598 Model_Service_3] [PAPER-KV-V6] fetch meta-llama/Llama-3.1-8B -> None requests
[2026-08-22 08:43:56.607 Model_Service_1] [PAPER-KV-V6] fetch Qwen/Qwen2.5-3B-Instruct -> None requests
[2026-08-22 08:43:56.609 Model_Service_3] [PAPER-KV-V6] fetch meta-llama/Llama-3.1-8B -> None requests
[2026-08-22 08:43:56.618 Model_Service_1] [PAPER-KV-V6] fetch Qwen/Qwen2.5-3B-Instruct -> None requests
[2026-08-22 08:43:56.620 Model_Service_3] [PAPER-KV-V6] fetch meta-llama/Llama-3.1-8B -> None requests
[2026-08-22 08:43:56.629 Model_Service_1] [PAPER-KV-V6] fetch Qwen/Qwen2.5-3B-Instruct -> None requests
[2026-08-22 08:43:56.631 Model_Service_3] [PAPER-KV-V6] fetch meta-llama/Llama-3.1-8B -> None requests
[2026-08-22 08:43:56.639 Model_Service_1] [PAPER-KV-V6] fetch Qwen/Qwen2.5-3B-Instruct -> None requests
[2026-08-22 08:43:56.641 Model_Service_3] [PAPER-KV-V6] fetch meta-llama/Llama-3.1-8B -> None requests
[2026-08-22 08:43:56.650 Model_Service_1] [PAPER-KV-V6] fetch Qwen/Qwen2.5-3B-Instruct -> None requests
[2026-08-22 08:43:56.652 Model_Service_3] [PAPER-KV-V6] fetch meta-llama/Llama-3.1-8B -> None requests
[2026-08-22 08:43:56.661 Model_Service_1] [PAPER-KV-V6] fetch Qwen/Qwen2.5-3B-Instruct -> None requests
[2026-08-22 08:43:56.663 Model_Service_3] [PAPER-KV-V6] fetch meta-llama/Llama-3.1-8B -> None requests
[2026-08-22 08:43:56.671 Model_Service_1] [PAPER-KV-V6] fetch Qwen/Qwen2.5-3B-Instruct -> None requests
[2026-08-22 08:43:56.673 Model_Service_3] [PAPER-KV-V6] fetch meta-llama/Llama-3.1-8B -> None requests
[2026-08-22 08:43:56.682 Model_Service_1] [PAPER-KV-V6] fetch Qwen/Qwen2.5-3B-Instruct -> None requests
[2026-08-22 08:43:56.684 Model_Service_3] [PAPER-KV-V6] fetch meta-llama/Llama-3.1-8B -> None requests
[2026-08-22 08:43:56.693 Model_Service_1] [PAPER-KV-V6] fetch Qwen/Qwen2.5-3B-Instruct -> None requests
[2026-08-22 08:43:56.695 Model_Service_3] [PAPER-KV-V6] fetch meta-llama/Llama-3.1-8B -> None requests
[2026-08-22 08:43:56.704 Model_Service_1] [PAPER-KV-V6] fetch Qwen/Qwen2.5-3B-Instruct -> None requests
[2026-08-22 08:43:56.706 Model_Service_3] [PAPER-KV-V6] fetch meta-llama/Llama-3.1-8B -> None requests
[2026-08-22 08:43:56.714 Model_Service_1] [PAPER-KV-V6] fetch Qwen/Qwen2.5-3B-Instruct -> None requests
[2026-08-22 08:43:56.717 Model_Service_3] [PAPER-KV-V6] fetch meta-llama/Llama-3.1-8B -> None requests
[2026-08-22 08:43:56.725 Model_Service_1] [PAPER-KV-V6] fetch Qwen/Qwen2.5-3B-Instruct -> None requests
[2026-08-22 08:43:56.727 Model_Service_3] [PAPER-KV-V6] fetch meta-llama/Llama-3.1-8B -> None requests
[2026-08-22 08:43:56.736 Model_Service_1] [PAPER-KV-V6] fetch Qwen/Qwen2.5-3B-Instruct -> None requests
[2026-08-22 08:43:56.738 Model_Service_3] [PAPER-KV-V6] fetch meta-llama/Llama-3.1-8B -> None requests
[2026-08-22 08:43:56.747 Model_Service_1] [PAPER-KV-V6] fetch Qwen/Qwen2.5-3B-Instruct -> None requests
[2026-08-22 08:43:56.749 Model_Service_3] [PAPER-KV-V6] fetch meta-llama/Llama-3.1-8B -> None requests
[2026-08-22 08:43:56.757 Model_Service_1] [PAPER-KV-V6] fetch Qwen/Qwen2.5-3B-Instruct -> None requests
[2026-08-22 08:43:56.760 Model_Service_3] [PAPER-KV-V6] fetch meta-llama/Llama-3.1-8B -> None requests
[2026-08-22 08:43:56.768 Model_Service_1] [PAPER-KV-V6] fetch Qwen/Qwen2.5-3B-Instruct -> None requests
[2026-08-22 08:43:56.771 Model_Service_3] [PAPER-KV-V6] fetch meta-llama/Llama-3.1-8B -> None requests
[2026-08-22 08:43:56.779 Model_Service_1] [PAPER-KV-V6] fetch Qwen/Qwen2.5-3B-Instruct -> None requests
[2026-08-22 08:43:56.781 Model_Service_3] [PAPER-KV-V6] fetch meta-llama/Llama-3.1-8B -> None requests
[2026-08-22 08:43:56.789 Model_Service_1] [PAPER-KV-V6] fetch Qwen/Qwen2.5-3B-Instruct -> None requests
[2026-08-22 08:43:56.792 Model_Service_3] [PAPER-KV-V6] fetch meta-llama/Llama-3.1-8B -> None requests
[2026-08-22 08:43:56.800 Model_Service_1] [PAPER-KV-V6] fetch Qwen/Qwen2.5-3B-Instruct -> None requests
[2026-08-22 08:43:56.803 Model_Service_3] [PAPER-KV-V6] fetch meta-llama/Llama-3.1-8B -> None requests
[2026-08-22 08:43:56.811 Model_Service_1] [PAPER-KV-V6] fetch Qwen/Qwen2.5-3B-Instruct -> None requests
[2026-08-22 08:43:56.813 Model_Service_3] [PAPER-KV-V6] fetch meta-llama/Llama-3.1-8B -> None requests
[2026-08-22 08:43:56.821 Model_Service_1] [PAPER-KV-V6] fetch Qwen/Qwen2.5-3B-Instruct -> None requests
[2026-08-22 08:43:56.824 Model_Service_3] [PAPER-KV-V6] fetch meta-llama/Llama-3.1-8B -> None requests
[2026-08-22 08:43:56.832 Model_Service_1] [PAPER-KV-V6] fetch Qwen/Qwen2.5-3B-Instruct -> None requests
[2026-08-22 08:43:56.835 Model_Service_3] [PAPER-KV-V6] fetch meta-llama/Llama-3.1-8B -> None requests
[2026-08-22 08:43:56.843 Model_Service_1] [PAPER-KV-V6] fetch Qwen/Qwen2.5-3B-Instruct -> None requests
[2026-08-22 08:43:56.846 Model_Service_3] [PAPER-KV-V6] fetch meta-llama/Llama-3.1-8B -> None requests
[2026-08-22 08:43:56.853 Model_Service_1] [PAPER-KV-V6] fetch Qwen/Qwen2.5-3B-Instruct -> None requests
[2026-08-22 08:43:56.857 Model_Service_3] [PAPER-KV-V6] fetch meta-llama/Llama-3.1-8B -> None requests
[2026-08-22 08:43:56.864 Model_Service_1] [PAPER-KV-V6] fetch Qwen/Qwen2.5-3B-Instruct -> None requests
[2026-08-22 08:43:56.867 Model_Service_3] [PAPER-KV-V6] fetch meta-llama/Llama-3.1-8B -> None requests
[2026-08-22 08:43:56.875 Model_Service_1] [PAPER-KV-V6] fetch Qwen/Qwen2.5-3B-Instruct -> None requests
[2026-08-22 08:43:56.878 Model_Service_3] [PAPER-KV-V6] fetch meta-llama/Llama-3.1-8B -> None requests
[2026-08-22 08:43:56.885 Model_Service_1] [PAPER-KV-V6] fetch Qwen/Qwen2.5-3B-Instruct -> None requests
[2026-08-22 08:43:56.889 Model_Service_3] [PAPER-KV-V6] fetch meta-llama/Llama-3.1-8B -> None requests
[2026-08-22 08:43:56.896 Model_Service_1] [PAPER-KV-V6] fetch Qwen/Qwen2.5-3B-Instruct -> None requests
[2026-08-22 08:43:56.900 Model_Service_3] [PAPER-KV-V6] fetch meta-llama/Llama-3.1-8B -> None requests
[2026-08-22 08:43:56.906 Model_Service_1] [PAPER-KV-V6] fetch Qwen/Qwen2.5-3B-Instruct -> None requests
[2026-08-22 08:43:56.910 Model_Service_3] [PAPER-KV-V6] fetch meta-llama/Llama-3.1-8B -> None requests
[2026-08-22 08:43:56.917 Model_Service_1] [PAPER-KV-V6] fetch Qwen/Qwen2.5-3B-Instruct -> None requests
[2026-08-22 08:43:56.921 Model_Service_3] [PAPER-KV-V6] fetch meta-llama/Llama-3.1-8B -> None requests
[2026-08-22 08:43:56.928 Model_Service_1] [PAPER-KV-V6] fetch Qwen/Qwen2.5-3B-Instruct -> None requests
[2026-08-22 08:43:56.932 Model_Service_3] [PAPER-KV-V6] fetch meta-llama/Llama-3.1-8B -> None requests
[2026-08-22 08:43:56.938 Model_Service_1] [PAPER-KV-V6] fetch Qwen/Qwen2.5-3B-Instruct -> None requests
[2026-08-22 08:43:56.942 Model_Service_3] [PAPER-KV-V6] fetch meta-llama/Llama-3.1-8B -> None requests
[2026-08-22 08:43:56.949 Model_Service_1] [PAPER-KV-V6] fetch Qwen/Qwen2.5-3B-Instruct -> None requests
[2026-08-22 08:43:56.953 Model_Service_3] [PAPER-KV-V6] fetch meta-llama/Llama-3.1-8B -> None requests
[2026-08-22 08:43:56.960 Model_Service_1] [PAPER-KV-V6] fetch Qwen/Qwen2.5-3B-Instruct -> None requests
[2026-08-22 08:43:56.964 Model_Service_3] [PAPER-KV-V6] fetch meta-llama/Llama-3.1-8B -> None requests
[2026-08-22 08:43:56.970 Model_Service_1] [PAPER-KV-V6] fetch Qwen/Qwen2.5-3B-Instruct -> None requests
[2026-08-22 08:43:56.974 Model_Service_3] [PAPER-KV-V6] fetch meta-llama/Llama-3.1-8B -> None requests
[2026-08-22 08:43:56.981 Model_Service_1] [PAPER-KV-V6] fetch Qwen/Qwen2.5-3B-Instruct -> None requests
[2026-08-22 08:43:56.985 Model_Service_3] [PAPER-KV-V6] fetch meta-llama/Llama-3.1-8B -> None requests
[2026-08-22 08:43:56.992 Model_Service_1] [PAPER-KV-V6] fetch Qwen/Qwen2.5-3B-Instruct -> None requests
[2026-08-22 08:43:56.996 Model_Service_3] [PAPER-KV-V6] fetch meta-llama/Llama-3.1-8B -> None requests
[2026-08-22 08:43:57.003 Model_Service_1] [PAPER-KV-V6] fetch Qwen/Qwen2.5-3B-Instruct -> None requests
[2026-08-22 08:43:57.007 Model_Service_3] [PAPER-KV-V6] fetch meta-llama/Llama-3.1-8B -> None requests
[2026-08-22 08:43:57.013 Model_Service_1] [PAPER-KV-V6] fetch Qwen/Qwen2.5-3B-Instruct -> None requests
[2026-08-22 08:43:57.017 Model_Service_3] [PAPER-KV-V6] fetch meta-llama/Llama-3.1-8B -> None requests
[2026-08-22 08:43:57.024 Model_Service_1] [PAPER-KV-V6] fetch Qwen/Qwen2.5-3B-Instruct -> None requests
[2026-08-22 08:43:57.028 Model_Service_3] [PAPER-KV-V6] fetch meta-llama/Llama-3.1-8B -> None requests
[2026-08-22 08:43:57.034 Model_Service_1] [PAPER-KV-V6] fetch Qwen/Qwen2.5-3B-Instruct -> None requests
[2026-08-22 08:43:57.039 Model_Service_3] [PAPER-KV-V6] fetch meta-llama/Llama-3.1-8B -> None requests
[2026-08-22 08:43:57.045 Model_Service_1] [PAPER-KV-V6] fetch Qwen/Qwen2.5-3B-Instruct -> None requests
[2026-08-22 08:43:57.049 Model_Service_3] [PAPER-KV-V6] fetch meta-llama/Llama-3.1-8B -> None requests
[2026-08-22 08:43:57.055 Model_Service_1] [PAPER-KV-V6] fetch Qwen/Qwen2.5-3B-Instruct -> None requests
[2026-08-22 08:43:57.060 Model_Service_3] [PAPER-KV-V6] fetch meta-llama/Llama-3.1-8B -> None requests
[2026-08-22 08:43:57.066 Model_Service_1] [PAPER-KV-V6] fetch Qwen/Qwen2.5-3B-Instruct -> None requests
[2026-08-22 08:43:57.071 Model_Service_3] [PAPER-KV-V6] fetch meta-llama/Llama-3.1-8B -> None requests
[2026-08-22 08:43:57.076 Model_Service_1] [PAPER-KV-V6] fetch Qwen/Qwen2.5-3B-Instruct -> None requests
[2026-08-22 08:43:57.081 Model_Service_3] [PAPER-KV-V6] fetch meta-llama/Llama-3.1-8B -> None requests
[2026-08-22 08:43:57.087 Model_Service_1] [PAPER-KV-V6] fetch Qwen/Qwen2.5-3B-Instruct -> None requests
[2026-08-22 08:43:57.092 Model_Service_3] [PAPER-KV-V6] fetch meta-llama/Llama-3.1-8B -> None requests
[2026-08-22 08:43:57.097 Model_Service_1] [PAPER-KV-V6] fetch Qwen/Qwen2.5-3B-Instruct -> None requests
[2026-08-22 08:43:57.103 Model_Service_3] [PAPER-KV-V6] fetch meta-llama/Llama-3.1-8B -> None requests
[2026-08-22 08:43:57.108 Model_Service_1] [PAPER-KV-V6] fetch Qwen/Qwen2.5-3B-Instruct -> None requests
[2026-08-22 08:43:57.114 Model_Service_3] [PAPER-KV-V6] fetch meta-llama/Llama-3.1-8B -> None requests
[2026-08-22 08:43:57.118 Model_Service_1] [PAPER-KV-V6] fetch Qwen/Qwen2.5-3B-Instruct -> None requests
[2026-08-22 08:43:57.124 Model_Service_3] [PAPER-KV-V6] fetch meta-llama/Llama-3.1-8B -> None requests
[2026-08-22 08:43:57.129 Model_Service_1] [PAPER-KV-V6] fetch Qwen/Qwen2.5-3B-Instruct -> None requests
[2026-08-22 08:43:57.135 Model_Service_3] [PAPER-KV-V6] fetch meta-llama/Llama-3.1-8B -> None requests
[2026-08-22 08:43:57.139 Model_Service_1] [PAPER-KV-V6] fetch Qwen/Qwen2.5-3B-Instruct -> None requests
[2026-08-22 08:43:57.146 Model_Service_3] [PAPER-KV-V6] fetch meta-llama/Llama-3.1-8B -> None requests
[2026-08-22 08:43:57.150 Model_Service_1] [PAPER-KV-V6] fetch Qwen/Qwen2.5-3B-Instruct -> None requests
[2026-08-22 08:43:57.156 Model_Service_3] [PAPER-KV-V6] fetch meta-llama/Llama-3.1-8B -> None requests
[2026-08-22 08:43:57.160 Model_Service_1] [PAPER-KV-V6] fetch Qwen/Qwen2.5-3B-Instruct -> None requests
[2026-08-22 08:43:57.167 Model_Service_3] [PAPER-KV-V6] fetch meta-llama/Llama-3.1-8B -> None requests
[2026-08-22 08:43:57.170 Model_Service_1] [PAPER-KV-V6] fetch Qwen/Qwen2.5-3B-Instruct -> None requests
[2026-08-22 08:43:57.178 Model_Service_3] [PAPER-KV-V6] fetch meta-llama/Llama-3.1-8B -> None requests
[2026-08-22 08:43:57.181 Model_Service_1] [PAPER-KV-V6] fetch Qwen/Qwen2.5-3B-Instruct -> None requests
[2026-08-22 08:43:57.189 Model_Service_3] [PAPER-KV-V6] fetch meta-llama/Llama-3.1-8B -> None requests
[2026-08-22 08:43:57.191 Model_Service_1] [PAPER-KV-V6] fetch Qwen/Qwen2.5-3B-Instruct -> None requests
[2026-08-22 08:43:57.199 Model_Service_3] [PAPER-KV-V6] fetch meta-llama/Llama-3.1-8B -> None requests
[2026-08-22 08:43:57.202 Model_Service_1] [PAPER-KV-V6] fetch Qwen/Qwen2.5-3B-Instruct -> None requests
[2026-08-22 08:43:57.210 Model_Service_3] [PAPER-KV-V6] fetch meta-llama/Llama-3.1-8B -> None requests
[2026-08-22 08:43:57.212 Model_Service_1] [PAPER-KV-V6] fetch Qwen/Qwen2.5-3B-Instruct -> None requests
[2026-08-22 08:43:57.221 Model_Service_3] [PAPER-KV-V6] fetch meta-llama/Llama-3.1-8B -> None requests
[2026-08-22 08:43:57.223 Model_Service_1] [PAPER-KV-V6] fetch Qwen/Qwen2.5-3B-Instruct -> None requests
[2026-08-22 08:43:57.231 Model_Service_3] [PAPER-KV-V6] fetch meta-llama/Llama-3.1-8B -> None requests
[2026-08-22 08:43:57.233 Model_Service_1] [PAPER-KV-V6] fetch Qwen/Qwen2.5-3B-Instruct -> None requests
[2026-08-22 08:43:57.242 Model_Service_3] [PAPER-KV-V6] fetch meta-llama/Llama-3.1-8B -> None requests
[2026-08-22 08:43:57.244 Model_Service_1] [PAPER-KV-V6] fetch Qwen/Qwen2.5-3B-Instruct -> None requests
[2026-08-22 08:43:57.253 Model_Service_3] [PAPER-KV-V6] fetch meta-llama/Llama-3.1-8B -> None requests
[2026-08-22 08:43:57.254 Model_Service_1] [PAPER-KV-V6] fetch Qwen/Qwen2.5-3B-Instruct -> None requests
[2026-08-22 08:43:57.263 Model_Service_3] [PAPER-KV-V6] fetch meta-llama/Llama-3.1-8B -> None requests
[2026-08-22 08:43:57.265 Model_Service_1] [PAPER-KV-V6] fetch Qwen/Qwen2.5-3B-Instruct -> None requests
[2026-08-22 08:43:57.274 Model_Service_3] [PAPER-KV-V6] fetch meta-llama/Llama-3.1-8B -> None requests
[2026-08-22 08:43:57.275 Model_Service_1] [PAPER-KV-V6] fetch Qwen/Qwen2.5-3B-Instruct -> None requests
[2026-08-22 08:43:57.285 Model_Service_3] [PAPER-KV-V6] fetch meta-llama/Llama-3.1-8B -> None requests
[2026-08-22 08:43:57.286 Model_Service_1] [PAPER-KV-V6] fetch Qwen/Qwen2.5-3B-Instruct -> None requests
[2026-08-22 08:43:57.295 Model_Service_3] [PAPER-KV-V6] fetch meta-llama/Llama-3.1-8B -> None requests
[2026-08-22 08:43:57.296 Model_Service_1] [PAPER-KV-V6] fetch Qwen/Qwen2.5-3B-Instruct -> None requests
[2026-08-22 08:43:57.306 Model_Service_3] [PAPER-KV-V6] fetch meta-llama/Llama-3.1-8B -> None requests
[2026-08-22 08:43:57.307 Model_Service_1] [PAPER-KV-V6] fetch Qwen/Qwen2.5-3B-Instruct -> None requests
[2026-08-22 08:43:57.317 Model_Service_3] [PAPER-KV-V6] fetch meta-llama/Llama-3.1-8B -> None requests
[2026-08-22 08:43:57.317 Model_Service_1] [PAPER-KV-V6] fetch Qwen/Qwen2.5-3B-Instruct -> None requests
[2026-08-22 08:43:57.327 Model_Service_3] [PAPER-KV-V6] fetch meta-llama/Llama-3.1-8B -> None requests
[2026-08-22 08:43:57.328 Model_Service_1] [PAPER-KV-V6] fetch Qwen/Qwen2.5-3B-Instruct -> None requests
[2026-08-22 08:43:57.338 Model_Service_3] [PAPER-KV-V6] fetch meta-llama/Llama-3.1-8B -> None requests
[2026-08-22 08:43:57.339 Model_Service_1] [PAPER-KV-V6] fetch Qwen/Qwen2.5-3B-Instruct -> None requests
[2026-08-22 08:43:57.349 Model_Service_3] [PAPER-KV-V6] fetch meta-llama/Llama-3.1-8B -> None requests
[2026-08-22 08:43:57.349 Model_Service_1] [PAPER-KV-V6] fetch Qwen/Qwen2.5-3B-Instruct -> None requests
[2026-08-22 08:43:57.360 Model_Service_3] [PAPER-KV-V6] fetch meta-llama/Llama-3.1-8B -> None requests
[2026-08-22 08:43:57.360 Model_Service_1] [PAPER-KV-V6] fetch Qwen/Qwen2.5-3B-Instruct -> None requests
[2026-08-22 08:43:57.370 Model_Service_3] [PAPER-KV-V6] fetch meta-llama/Llama-3.1-8B -> None requests
[2026-08-22 08:43:57.371 Model_Service_1] [PAPER-KV-V6] fetch Qwen/Qwen2.5-3B-Instruct -> None requests
[2026-08-22 08:43:57.381 Model_Service_3] [PAPER-KV-V6] fetch meta-llama/Llama-3.1-8B -> None requests
[2026-08-22 08:43:57.381 Model_Service_1] [PAPER-KV-V6] fetch Qwen/Qwen2.5-3B-Instruct -> None requests
[2026-08-22 08:43:57.392 Model_Service_3] [PAPER-KV-V6] fetch meta-llama/Llama-3.1-8B -> None requests
[2026-08-22 08:43:57.392 Model_Service_1] [PAPER-KV-V6] fetch Qwen/Qwen2.5-3B-Instruct -> None requests
[2026-08-22 08:43:57.402 Model_Service_3] [PAPER-KV-V6] fetch meta-llama/Llama-3.1-8B -> None requests
[2026-08-22 08:43:57.403 Model_Service_1] [PAPER-KV-V6] fetch Qwen/Qwen2.5-3B-Instruct -> None requests
[2026-08-22 08:43:57.413 Model_Service_3] [PAPER-KV-V6] fetch meta-llama/Llama-3.1-8B -> None requests
[2026-08-22 08:43:57.413 Model_Service_1] [PAPER-KV-V6] fetch Qwen/Qwen2.5-3B-Instruct -> None requests
[2026-08-22 08:43:57.424 Model_Service_3] [PAPER-KV-V6] fetch meta-llama/Llama-3.1-8B -> None requests
[2026-08-22 08:43:57.424 Model_Service_1] [PAPER-KV-V6] fetch Qwen/Qwen2.5-3B-Instruct -> None requests
[2026-08-22 08:43:57.434 Model_Service_3] [PAPER-KV-V6] fetch meta-llama/Llama-3.1-8B -> None requests
[2026-08-22 08:43:57.434 Model_Service_1] [PAPER-KV-V6] fetch Qwen/Qwen2.5-3B-Instruct -> None requests
[2026-08-22 08:43:57.445 Model_Service_3] [PAPER-KV-V6] fetch meta-llama/Llama-3.1-8B -> None requests
[2026-08-22 08:43:57.445 Model_Service_1] [PAPER-KV-V6] fetch Qwen/Qwen2.5-3B-Instruct -> None requests
[2026-08-22 08:43:57.455 Model_Service_3] [PAPER-KV-V6] fetch meta-llama/Llama-3.1-8B -> None requests
[2026-08-22 08:43:57.456 Model_Service_1] [PAPER-KV-V6] fetch Qwen/Qwen2.5-3B-Instruct -> None requests
[2026-08-22 08:43:57.466 Model_Service_3] [PAPER-KV-V6] fetch meta-llama/Llama-3.1-8B -> None requests
[2026-08-22 08:43:57.466 Model_Service_1] [PAPER-KV-V6] fetch Qwen/Qwen2.5-3B-Instruct -> None requests
[2026-08-22 08:43:57.476 Model_Service_3] [PAPER-KV-V6] fetch meta-llama/Llama-3.1-8B -> None requests
[2026-08-22 08:43:57.477 Model_Service_1] [PAPER-KV-V6] fetch Qwen/Qwen2.5-3B-Instruct -> None requests
[2026-08-22 08:43:57.487 Model_Service_3] [PAPER-KV-V6] fetch meta-llama/Llama-3.1-8B -> None requests
[2026-08-22 08:43:57.488 Model_Service_1] [PAPER-KV-V6] fetch Qwen/Qwen2.5-3B-Instruct -> None requests
[2026-08-22 08:43:57.498 Model_Service_3] [PAPER-KV-V6] fetch meta-llama/Llama-3.1-8B -> None requests
[2026-08-22 08:43:57.498 Model_Service_1] [PAPER-KV-V6] fetch Qwen/Qwen2.5-3B-Instruct -> None requests
[2026-08-22 08:43:57.508 Model_Service_3] [PAPER-KV-V6] fetch meta-llama/Llama-3.1-8B -> None requests
[2026-08-22 08:43:57.509 Model_Service_1] [PAPER-KV-V6] fetch Qwen/Qwen2.5-3B-Instruct -> None requests
[2026-08-22 08:43:57.519 Model_Service_3] [PAPER-KV-V6] fetch meta-llama/Llama-3.1-8B -> None requests
[2026-08-22 08:43:57.520 Model_Service_1] [PAPER-KV-V6] fetch Qwen/Qwen2.5-3B-Instruct -> None requests
[2026-08-22 08:43:57.530 Model_Service_3] [PAPER-KV-V6] fetch meta-llama/Llama-3.1-8B -> None requests
[2026-08-22 08:43:57.530 Model_Service_1] [PAPER-KV-V6] fetch Qwen/Qwen2.5-3B-Instruct -> None requests
[2026-08-22 08:43:57.540 Model_Service_3] [PAPER-KV-V6] fetch meta-llama/Llama-3.1-8B -> None requests
[2026-08-22 08:43:57.541 Model_Service_1] [PAPER-KV-V6] fetch Qwen/Qwen2.5-3B-Instruct -> None requests
[2026-08-22 08:43:57.551 Model_Service_3] [PAPER-KV-V6] fetch meta-llama/Llama-3.1-8B -> None requests
[2026-08-22 08:43:57.551 Model_Service_1] [PAPER-KV-V6] fetch Qwen/Qwen2.5-3B-Instruct -> None requests
[2026-08-22 08:43:57.562 Model_Service_3] [PAPER-KV-V6] fetch meta-llama/Llama-3.1-8B -> None requests
[2026-08-22 08:43:57.562 Model_Service_1] [PAPER-KV-V6] fetch Qwen/Qwen2.5-3B-Instruct -> None requests
[2026-08-22 08:43:57.572 Model_Service_3] [PAPER-KV-V6] fetch meta-llama/Llama-3.1-8B -> None requests
[2026-08-22 08:43:57.583 Model_Service_3] [PAPER-KV-V6] fetch meta-llama/Llama-3.1-8B -> None requests
[2026-08-22 08:43:57.593 Model_Service_3] [PAPER-KV-V6] fetch meta-llama/Llama-3.1-8B -> None requests
[2026-08-22 08:43:57.604 Model_Service_3] [PAPER-KV-V6] fetch meta-llama/Llama-3.1-8B -> None requests
[2026-08-22 08:43:57.615 Model_Service_3] [PAPER-KV-V6] fetch meta-llama/Llama-3.1-8B -> None requests
[2026-08-22 08:43:57.625 Model_Service_3] [PAPER-KV-V6] fetch meta-llama/Llama-3.1-8B -> None requests
[2026-08-22 08:43:57.636 Model_Service_3] [PAPER-KV-V6] fetch meta-llama/Llama-3.1-8B -> None requests
[2026-08-22 08:43:57.646 Model_Service_3] [PAPER-KV-V6] fetch meta-llama/Llama-3.1-8B -> None requests
[2026-08-22 08:43:57.657 Model_Service_3] [PAPER-KV-V6] fetch meta-llama/Llama-3.1-8B -> None requests
[2026-08-22 08:43:57.668 Model_Service_3] [PAPER-KV-V6] fetch meta-llama/Llama-3.1-8B -> None requests
[2026-08-22 08:43:57.678 Model_Service_3] [PAPER-KV-V6] fetch meta-llama/Llama-3.1-8B -> None requests
[2026-08-22 08:43:57.689 Model_Service_3] [PAPER-KV-V6] fetch meta-llama/Llama-3.1-8B -> None requests
[2026-08-22 08:43:57.699 Model_Service_3] [PAPER-KV-V6] fetch meta-llama/Llama-3.1-8B -> None requests
[2026-08-22 08:43:57.710 Model_Service_3] [PAPER-KV-V6] fetch meta-llama/Llama-3.1-8B -> None requests
[2026-08-22 08:43:57.721 Model_Service_3] [PAPER-KV-V6] fetch meta-llama/Llama-3.1-8B -> None requests
[2026-08-22 08:43:57.731 Model_Service_3] [PAPER-KV-V6] fetch meta-llama/Llama-3.1-8B -> None requests
[2026-08-22 08:43:57.742 Model_Service_3] [PAPER-KV-V6] fetch meta-llama/Llama-3.1-8B -> None requests
[2026-08-22 08:43:57.753 Model_Service_3] [PAPER-KV-V6] fetch meta-llama/Llama-3.1-8B -> None requests
[2026-08-22 08:43:57.764 Model_Service_3] [PAPER-KV-V6] fetch meta-llama/Llama-3.1-8B -> None requests
[2026-08-22 08:43:57.774 Model_Service_3] [PAPER-KV-V6] fetch meta-llama/Llama-3.1-8B -> None requests
[2026-08-22 08:43:57.785 Model_Service_3] [PAPER-KV-V6] fetch meta-llama/Llama-3.1-8B -> None requests
[2026-08-22 08:43:57.796 Model_Service_3] [PAPER-KV-V6] fetch meta-llama/Llama-3.1-8B -> None requests
[2026-08-22 08:43:57.807 Model_Service_3] [PAPER-KV-V6] fetch meta-llama/Llama-3.1-8B -> None requests
[2026-08-22 08:43:57.818 Model_Service_3] [PAPER-KV-V6] fetch meta-llama/Llama-3.1-8B -> None requests
[2026-08-22 08:43:57.828 Model_Service_3] [PAPER-KV-V6] fetch meta-llama/Llama-3.1-8B -> None requests
[2026-08-22 08:43:57.839 Model_Service_3] [PAPER-KV-V6] fetch meta-llama/Llama-3.1-8B -> None requests
[2026-08-22 08:43:57.850 Model_Service_3] [PAPER-KV-V6] fetch meta-llama/Llama-3.1-8B -> None requests
[2026-08-22 08:43:57.860 Model_Service_3] [PAPER-KV-V6] fetch meta-llama/Llama-3.1-8B -> None requests
[2026-08-22 08:43:57.871 Model_Service_3] [PAPER-KV-V6] fetch meta-llama/Llama-3.1-8B -> None requests
[2026-08-22 08:43:57.882 Model_Service_3] [PAPER-KV-V6] fetch meta-llama/Llama-3.1-8B -> None requests
[2026-08-22 08:43:57.893 Model_Service_3] [PAPER-KV-V6] fetch meta-llama/Llama-3.1-8B -> None requests
[2026-08-22 08:43:57.904 Model_Service_3] [PAPER-KV-V6] fetch meta-llama/Llama-3.1-8B -> None requests
[2026-08-22 08:43:57.914 Model_Service_3] [PAPER-KV-V6] fetch meta-llama/Llama-3.1-8B -> None requests
[2026-08-22 08:43:57.925 Model_Service_3] [PAPER-KV-V6] fetch meta-llama/Llama-3.1-8B -> None requests
[2026-08-22 08:43:57.936 Model_Service_3] [PAPER-KV-V6] fetch meta-llama/Llama-3.1-8B -> None requests
[2026-08-22 08:43:57.946 Model_Service_3] [PAPER-KV-V6] fetch meta-llama/Llama-3.1-8B -> None requests
[2026-08-22 08:43:57.957 Model_Service_3] [PAPER-KV-V6] fetch meta-llama/Llama-3.1-8B -> None requests
[2026-08-22 08:43:57.968 Model_Service_3] [PAPER-KV-V6] fetch meta-llama/Llama-3.1-8B -> None requests
[2026-08-22 08:43:57.979 Model_Service_3] [PAPER-KV-V6] fetch meta-llama/Llama-3.1-8B -> None requests
[2026-08-22 08:43:57.989 Model_Service_3] [PAPER-KV-V6] fetch meta-llama/Llama-3.1-8B -> None requests
[2026-08-22 08:43:58.000 Model_Service_3] [PAPER-KV-V6] fetch meta-llama/Llama-3.1-8B -> None requests
[2026-08-22 08:43:58.011 Model_Service_3] [PAPER-KV-V6] fetch meta-llama/Llama-3.1-8B -> None requests
[2026-08-22 08:43:58.022 Model_Service_3] [PAPER-KV-V6] fetch meta-llama/Llama-3.1-8B -> None requests
[2026-08-22 08:43:58.033 Model_Service_3] [PAPER-KV-V6] fetch meta-llama/Llama-3.1-8B -> None requests
[2026-08-22 08:43:58.043 Model_Service_3] [PAPER-KV-V6] fetch meta-llama/Llama-3.1-8B -> None requests
[2026-08-22 08:43:58.054 Model_Service_3] [PAPER-KV-V6] fetch meta-llama/Llama-3.1-8B -> None requests
[2026-08-22 08:43:58.065 Model_Service_3] [PAPER-KV-V6] fetch meta-llama/Llama-3.1-8B -> None requests
[2026-08-22 08:43:58.076 Model_Service_3] [PAPER-KV-V6] fetch meta-llama/Llama-3.1-8B -> None requests
[2026-08-22 08:43:58.086 Model_Service_3] [PAPER-KV-V6] fetch meta-llama/Llama-3.1-8B -> None requests
[2026-08-22 08:43:58.097 Model_Service_3] [PAPER-KV-V6] fetch meta-llama/Llama-3.1-8B -> None requests
[2026-08-22 08:43:58.108 Model_Service_3] [PAPER-KV-V6] fetch meta-llama/Llama-3.1-8B -> None requests
[2026-08-22 08:43:58.118 Model_Service_3] [PAPER-KV-V6] fetch meta-llama/Llama-3.1-8B -> None requests
[2026-08-22 08:43:58.129 Model_Service_3] [PAPER-KV-V6] fetch meta-llama/Llama-3.1-8B -> None requests
[2026-08-22 08:43:58.140 Model_Service_3] [PAPER-KV-V6] fetch meta-llama/Llama-3.1-8B -> None requests
[2026-08-22 08:43:58.150 Model_Service_3] [PAPER-KV-V6] fetch meta-llama/Llama-3.1-8B -> None requests
[2026-08-22 08:43:58.161 Model_Service_3] [PAPER-KV-V6] fetch meta-llama/Llama-3.1-8B -> None requests
[2026-08-22 08:43:58.172 Model_Service_3] [PAPER-KV-V6] fetch meta-llama/Llama-3.1-8B -> None requests
[2026-08-22 08:43:58.183 Model_Service_3] [PAPER-KV-V6] fetch meta-llama/Llama-3.1-8B -> None requests
[2026-08-22 08:43:58.194 Model_Service_3] [PAPER-KV-V6] fetch meta-llama/Llama-3.1-8B -> None requests
[2026-08-22 08:43:58.204 Model_Service_3] [PAPER-KV-V6] fetch meta-llama/Llama-3.1-8B -> None requests
[2026-08-22 08:43:58.215 Model_Service_3] [PAPER-KV-V6] fetch meta-llama/Llama-3.1-8B -> None requests
[2026-08-22 08:43:58.226 Model_Service_3] [PAPER-KV-V6] fetch meta-llama/Llama-3.1-8B -> None requests
[2026-08-22 08:43:58.236 Model_Service_3] [PAPER-KV-V6] fetch meta-llama/Llama-3.1-8B -> None requests
[2026-08-22 08:43:58.247 Model_Service_3] [PAPER-KV-V6] fetch meta-llama/Llama-3.1-8B -> None requests
[2026-08-22 08:43:58.258 Model_Service_3] [PAPER-KV-V6] fetch meta-llama/Llama-3.1-8B -> None requests
[2026-08-22 08:43:58.268 Model_Service_3] [PAPER-KV-V6] fetch meta-llama/Llama-3.1-8B -> None requests
[2026-08-22 08:43:58.279 Model_Service_3] [PAPER-KV-V6] fetch meta-llama/Llama-3.1-8B -> None requests
[2026-08-22 08:43:58.290 Model_Service_3] [PAPER-KV-V6] fetch meta-llama/Llama-3.1-8B -> None requests
[2026-08-22 08:43:58.300 Model_Service_3] [PAPER-KV-V6] fetch meta-llama/Llama-3.1-8B -> None requests
[2026-08-22 08:43:58.311 Model_Service_3] [PAPER-KV-V6] fetch meta-llama/Llama-3.1-8B -> None requests
[2026-08-22 08:43:58.322 Model_Service_3] [PAPER-KV-V6] fetch meta-llama/Llama-3.1-8B -> None requests
[2026-08-22 08:43:58.332 Model_Service_3] [PAPER-KV-V6] fetch meta-llama/Llama-3.1-8B -> None requests
[2026-08-22 08:43:58.343 Model_Service_3] [PAPER-KV-V6] fetch meta-llama/Llama-3.1-8B -> None requests
[2026-08-22 08:43:58.354 Model_Service_3] [PAPER-KV-V6] fetch meta-llama/Llama-3.1-8B -> None requests
[2026-08-22 08:43:58.364 Model_Service_3] [PAPER-KV-V6] fetch meta-llama/Llama-3.1-8B -> None requests
[2026-08-22 08:43:58.375 Model_Service_3] [PAPER-KV-V6] fetch meta-llama/Llama-3.1-8B -> None requests
[2026-08-22 08:43:58.386 Model_Service_3] [PAPER-KV-V6] fetch meta-llama/Llama-3.1-8B -> None requests
[2026-08-22 08:43:58.396 Model_Service_3] [PAPER-KV-V6] fetch meta-llama/Llama-3.1-8B -> None requests
[2026-08-22 08:43:59.139 Model_Service_0] Model service 0 input queue is empty, waiting for next request
[2026-08-22 08:44:00.503 Model_Service_2] Model service 2 input queue is empty, waiting for next request
[2026-08-22 08:44:00.542 Model_Service_5] Model service 5 input queue is empty, waiting for next request
[2026-08-22 08:44:00.880 Model_Service_4] Model service 4 input queue is empty, waiting for next request
[2026-08-22 08:44:02.568 Model_Service_1] Model service 1 input queue is empty, waiting for next request
[2026-08-22 08:44:03.402 Model_Service_3] Model service 3 input queue is empty, waiting for next request
[2026-08-22 08:44:04.385 Model_Service_0] Model service 0 input queue is empty, waiting for next request
[2026-08-22 08:44:05.747 Model_Service_2] Model service 2 input queue is empty, waiting for next request
[2026-08-22 08:44:05.799 Model_Service_5] Model service 5 input queue is empty, waiting for next request
[2026-08-22 08:44:06.452 Model_Service_4] Model service 4 input queue is empty, waiting for next request
[2026-08-22 08:44:07.577 Model_Service_0] Model key: Qwen/Qwen2.5-1.5B-Instruct, engine id: 1_0, target gpu id: 1
[2026-08-22 08:44:07.605 Model_Service_5] Model key: meta-llama/Llama-3.2-3B, engine id: 1_1, target gpu id: 1
[2026-08-22 08:44:07.659 Model_Service_2] Model key: Qwen/Qwen2.5-7B-Instruct, engine id: 1_2, target gpu id: 1
[2026-08-22 08:44:07.837 Model_Service_1] Model service 1 input queue is empty, waiting for next request
[2026-08-22 08:44:08.301 Model_Service_0] [PAPER-LOAD-V4] {"tag": "Qwen/Qwen2.5-1.5B-Instruct|engine=1_0|src=None", "start_time": 1787388247.5813396, "end_time": 1787388248.3010535, "policy": "paper", "split": 2, "pipeline_depth": null, "target_gpu": 1, "gpu_ids": [0, 1], "source": "cpu", "host_registered": true, "slices": 398, "payload_bytes": 3554176000, "bytes_h2d_direct": 1777088000, "bytes_h2d_helper": 1777088000, "bytes_p2p": 1777088000, "seconds": 0.7197124748490751, "payload_gbps": 4.9383276297181276, "transfer_path": "host-to-device + helper-gpu-p2p"}
[2026-08-22 08:44:08.303 Model_Service_0] Time taken to copy model to GPU 1, service 0, engine 1_0, model Qwen/Qwen2.5-1.5B-Instruct: 0.7252 seconds
[2026-08-22 08:44:08.646 Model_Service_3] Model service 3 input queue is empty, waiting for next request
[2026-08-22 08:44:08.825 Model_Service_5] [PAPER-LOAD-V4] {"tag": "meta-llama/Llama-3.2-3B|engine=1_1|src=None", "start_time": 1787388247.6110446, "end_time": 1787388248.8254592, "policy": "paper", "split": 2, "pipeline_depth": null, "target_gpu": 1, "gpu_ids": [0, 1], "source": "cpu", "host_registered": true, "slices": 342, "payload_bytes": 7213504512, "bytes_h2d_direct": 3606752256, "bytes_h2d_helper": 3606752256, "bytes_p2p": 3606752256, "seconds": 1.2144115699920803, "payload_gbps": 5.9399174795798775, "transfer_path": "host-to-device + helper-gpu-p2p"}
[2026-08-22 08:44:08.828 Model_Service_5] Time taken to copy model to GPU 1, service 5, engine 1_1, model meta-llama/Llama-3.2-3B: 1.2226 seconds
[2026-08-22 08:44:08.983 Model_Service_0] [PAPER-KV-V6] fetch Qwen/Qwen2.5-1.5B-Instruct -> None requests
[2026-08-22 08:44:08.993 Model_Service_0] [PAPER-KV-V6] fetch Qwen/Qwen2.5-1.5B-Instruct -> None requests
[2026-08-22 08:44:09.004 Model_Service_0] [PAPER-KV-V6] fetch Qwen/Qwen2.5-1.5B-Instruct -> None requests
[2026-08-22 08:44:09.014 Model_Service_0] [PAPER-KV-V6] fetch Qwen/Qwen2.5-1.5B-Instruct -> None requests
[2026-08-22 08:44:09.025 Model_Service_0] [PAPER-KV-V6] fetch Qwen/Qwen2.5-1.5B-Instruct -> None requests
[2026-08-22 08:44:09.035 Model_Service_0] [PAPER-KV-V6] fetch Qwen/Qwen2.5-1.5B-Instruct -> None requests
[2026-08-22 08:44:09.045 Model_Service_0] [PAPER-KV-V6] fetch Qwen/Qwen2.5-1.5B-Instruct -> None requests
[2026-08-22 08:44:09.056 Model_Service_0] [PAPER-KV-V6] fetch Qwen/Qwen2.5-1.5B-Instruct -> None requests
[2026-08-22 08:44:09.066 Model_Service_0] [PAPER-KV-V6] fetch Qwen/Qwen2.5-1.5B-Instruct -> None requests
[2026-08-22 08:44:09.076 Model_Service_0] [PAPER-KV-V6] fetch Qwen/Qwen2.5-1.5B-Instruct -> None requests
[2026-08-22 08:44:09.087 Model_Service_0] [PAPER-KV-V6] fetch Qwen/Qwen2.5-1.5B-Instruct -> None requests
[2026-08-22 08:44:09.097 Model_Service_0] [PAPER-KV-V6] fetch Qwen/Qwen2.5-1.5B-Instruct -> None requests
[2026-08-22 08:44:09.108 Model_Service_0] [PAPER-KV-V6] fetch Qwen/Qwen2.5-1.5B-Instruct -> None requests
[2026-08-22 08:44:09.118 Model_Service_0] [PAPER-KV-V6] fetch Qwen/Qwen2.5-1.5B-Instruct -> None requests
[2026-08-22 08:44:09.128 Model_Service_0] [PAPER-KV-V6] fetch Qwen/Qwen2.5-1.5B-Instruct -> None requests
[2026-08-22 08:44:09.138 Model_Service_0] [PAPER-KV-V6] fetch Qwen/Qwen2.5-1.5B-Instruct -> None requests
[2026-08-22 08:44:09.149 Model_Service_0] [PAPER-KV-V6] fetch Qwen/Qwen2.5-1.5B-Instruct -> None requests
[2026-08-22 08:44:09.159 Model_Service_0] [PAPER-KV-V6] fetch Qwen/Qwen2.5-1.5B-Instruct -> None requests
[2026-08-22 08:44:09.169 Model_Service_0] [PAPER-KV-V6] fetch Qwen/Qwen2.5-1.5B-Instruct -> None requests
[2026-08-22 08:44:09.180 Model_Service_0] [PAPER-KV-V6] fetch Qwen/Qwen2.5-1.5B-Instruct -> None requests
[2026-08-22 08:44:09.190 Model_Service_0] [PAPER-KV-V6] fetch Qwen/Qwen2.5-1.5B-Instruct -> None requests
[2026-08-22 08:44:09.201 Model_Service_0] [PAPER-KV-V6] fetch Qwen/Qwen2.5-1.5B-Instruct -> None requests
[2026-08-22 08:44:09.211 Model_Service_0] [PAPER-KV-V6] fetch Qwen/Qwen2.5-1.5B-Instruct -> None requests
[2026-08-22 08:44:09.222 Model_Service_0] [PAPER-KV-V6] fetch Qwen/Qwen2.5-1.5B-Instruct -> None requests
[2026-08-22 08:44:09.225 Model_Service_5] [PAPER-KV-V6] fetch meta-llama/Llama-3.2-3B -> None requests
[2026-08-22 08:44:09.233 Model_Service_0] [PAPER-KV-V6] fetch Qwen/Qwen2.5-1.5B-Instruct -> None requests
[2026-08-22 08:44:09.235 Model_Service_5] [PAPER-KV-V6] fetch meta-llama/Llama-3.2-3B -> None requests
[2026-08-22 08:44:09.243 Model_Service_0] [PAPER-KV-V6] fetch Qwen/Qwen2.5-1.5B-Instruct -> None requests
[2026-08-22 08:44:09.246 Model_Service_5] [PAPER-KV-V6] fetch meta-llama/Llama-3.2-3B -> None requests
[2026-08-22 08:44:09.254 Model_Service_0] [PAPER-KV-V6] fetch Qwen/Qwen2.5-1.5B-Instruct -> None requests
[2026-08-22 08:44:09.256 Model_Service_5] [PAPER-KV-V6] fetch meta-llama/Llama-3.2-3B -> None requests
[2026-08-22 08:44:09.264 Model_Service_0] [PAPER-KV-V6] fetch Qwen/Qwen2.5-1.5B-Instruct -> None requests
[2026-08-22 08:44:09.267 Model_Service_5] [PAPER-KV-V6] fetch meta-llama/Llama-3.2-3B -> None requests
[2026-08-22 08:44:09.275 Model_Service_0] [PAPER-KV-V6] fetch Qwen/Qwen2.5-1.5B-Instruct -> None requests
[2026-08-22 08:44:09.277 Model_Service_5] [PAPER-KV-V6] fetch meta-llama/Llama-3.2-3B -> None requests
[2026-08-22 08:44:09.282 Model_Service_2] [PAPER-LOAD-V4] {"tag": "Qwen/Qwen2.5-7B-Instruct|engine=1_2|src=None", "start_time": 1787388247.664499, "end_time": 1787388249.2816682, "policy": "paper", "split": 2, "pipeline_depth": null, "target_gpu": 1, "gpu_ids": [0, 1], "source": "cpu", "host_registered": true, "slices": 398, "payload_bytes": 15231233024, "bytes_h2d_direct": 7615616512, "bytes_h2d_helper": 7615616512, "bytes_p2p": 7615616512, "seconds": 1.617161831818521, "payload_gbps": 9.418496482119087, "transfer_path": "host-to-device + helper-gpu-p2p"}
[2026-08-22 08:44:09.285 Model_Service_0] [PAPER-KV-V6] fetch Qwen/Qwen2.5-1.5B-Instruct -> None requests
[2026-08-22 08:44:09.288 Model_Service_5] [PAPER-KV-V6] fetch meta-llama/Llama-3.2-3B -> None requests
[2026-08-22 08:44:09.288 Model_Service_2] Time taken to copy model to GPU 1, service 2, engine 1_2, model Qwen/Qwen2.5-7B-Instruct: 1.6291 seconds
[2026-08-22 08:44:09.296 Model_Service_0] [PAPER-KV-V6] fetch Qwen/Qwen2.5-1.5B-Instruct -> None requests
[2026-08-22 08:44:09.298 Model_Service_5] [PAPER-KV-V6] fetch meta-llama/Llama-3.2-3B -> None requests
[2026-08-22 08:44:09.306 Model_Service_0] [PAPER-KV-V6] fetch Qwen/Qwen2.5-1.5B-Instruct -> None requests
[2026-08-22 08:44:09.308 Model_Service_5] [PAPER-KV-V6] fetch meta-llama/Llama-3.2-3B -> None requests
[2026-08-22 08:44:09.317 Model_Service_0] [PAPER-KV-V6] fetch Qwen/Qwen2.5-1.5B-Instruct -> None requests
[2026-08-22 08:44:09.319 Model_Service_5] [PAPER-KV-V6] fetch meta-llama/Llama-3.2-3B -> None requests
[2026-08-22 08:44:09.327 Model_Service_0] [PAPER-KV-V6] fetch Qwen/Qwen2.5-1.5B-Instruct -> None requests
[2026-08-22 08:44:09.329 Model_Service_5] [PAPER-KV-V6] fetch meta-llama/Llama-3.2-3B -> None requests
[2026-08-22 08:44:09.337 Model_Service_0] [PAPER-KV-V6] fetch Qwen/Qwen2.5-1.5B-Instruct -> None requests
[2026-08-22 08:44:09.339 Model_Service_5] [PAPER-KV-V6] fetch meta-llama/Llama-3.2-3B -> None requests
[2026-08-22 08:44:09.348 Model_Service_0] [PAPER-KV-V6] fetch Qwen/Qwen2.5-1.5B-Instruct -> None requests
[2026-08-22 08:44:09.350 Model_Service_5] [PAPER-KV-V6] fetch meta-llama/Llama-3.2-3B -> None requests
[2026-08-22 08:44:09.358 Model_Service_0] [PAPER-KV-V6] fetch Qwen/Qwen2.5-1.5B-Instruct -> None requests
[2026-08-22 08:44:09.360 Model_Service_5] [PAPER-KV-V6] fetch meta-llama/Llama-3.2-3B -> None requests
[2026-08-22 08:44:09.369 Model_Service_0] [PAPER-KV-V6] fetch Qwen/Qwen2.5-1.5B-Instruct -> None requests
[2026-08-22 08:44:09.371 Model_Service_5] [PAPER-KV-V6] fetch meta-llama/Llama-3.2-3B -> None requests
[2026-08-22 08:44:09.379 Model_Service_0] [PAPER-KV-V6] fetch Qwen/Qwen2.5-1.5B-Instruct -> None requests
[2026-08-22 08:44:09.381 Model_Service_5] [PAPER-KV-V6] fetch meta-llama/Llama-3.2-3B -> None requests
[2026-08-22 08:44:09.390 Model_Service_0] [PAPER-KV-V6] fetch Qwen/Qwen2.5-1.5B-Instruct -> None requests
[2026-08-22 08:44:09.391 Model_Service_5] [PAPER-KV-V6] fetch meta-llama/Llama-3.2-3B -> None requests
[2026-08-22 08:44:09.400 Model_Service_0] [PAPER-KV-V6] fetch Qwen/Qwen2.5-1.5B-Instruct -> None requests
[2026-08-22 08:44:09.402 Model_Service_5] [PAPER-KV-V6] fetch meta-llama/Llama-3.2-3B -> None requests
[2026-08-22 08:44:09.410 Model_Service_0] [PAPER-KV-V6] fetch Qwen/Qwen2.5-1.5B-Instruct -> None requests
[2026-08-22 08:44:09.412 Model_Service_5] [PAPER-KV-V6] fetch meta-llama/Llama-3.2-3B -> None requests
[2026-08-22 08:44:09.421 Model_Service_0] [PAPER-KV-V6] fetch Qwen/Qwen2.5-1.5B-Instruct -> None requests
[2026-08-22 08:44:09.422 Model_Service_5] [PAPER-KV-V6] fetch meta-llama/Llama-3.2-3B -> None requests
[2026-08-22 08:44:09.431 Model_Service_0] [PAPER-KV-V6] fetch Qwen/Qwen2.5-1.5B-Instruct -> None requests
[2026-08-22 08:44:09.433 Model_Service_5] [PAPER-KV-V6] fetch meta-llama/Llama-3.2-3B -> None requests
[2026-08-22 08:44:09.442 Model_Service_0] [PAPER-KV-V6] fetch Qwen/Qwen2.5-1.5B-Instruct -> None requests
[2026-08-22 08:44:09.443 Model_Service_5] [PAPER-KV-V6] fetch meta-llama/Llama-3.2-3B -> None requests
[2026-08-22 08:44:09.452 Model_Service_0] [PAPER-KV-V6] fetch Qwen/Qwen2.5-1.5B-Instruct -> None requests
[2026-08-22 08:44:09.453 Model_Service_5] [PAPER-KV-V6] fetch meta-llama/Llama-3.2-3B -> None requests
[2026-08-22 08:44:09.463 Model_Service_0] [PAPER-KV-V6] fetch Qwen/Qwen2.5-1.5B-Instruct -> None requests
[2026-08-22 08:44:09.464 Model_Service_5] [PAPER-KV-V6] fetch meta-llama/Llama-3.2-3B -> None requests
[2026-08-22 08:44:09.473 Model_Service_0] [PAPER-KV-V6] fetch Qwen/Qwen2.5-1.5B-Instruct -> None requests
[2026-08-22 08:44:09.474 Model_Service_5] [PAPER-KV-V6] fetch meta-llama/Llama-3.2-3B -> None requests
[2026-08-22 08:44:09.484 Model_Service_0] [PAPER-KV-V6] fetch Qwen/Qwen2.5-1.5B-Instruct -> None requests
[2026-08-22 08:44:09.485 Model_Service_5] [PAPER-KV-V6] fetch meta-llama/Llama-3.2-3B -> None requests
[2026-08-22 08:44:09.494 Model_Service_0] [PAPER-KV-V6] fetch Qwen/Qwen2.5-1.5B-Instruct -> None requests
[2026-08-22 08:44:09.495 Model_Service_5] [PAPER-KV-V6] fetch meta-llama/Llama-3.2-3B -> None requests
[2026-08-22 08:44:09.505 Model_Service_0] [PAPER-KV-V6] fetch Qwen/Qwen2.5-1.5B-Instruct -> None requests
[2026-08-22 08:44:09.506 Model_Service_5] [PAPER-KV-V6] fetch meta-llama/Llama-3.2-3B -> None requests
[2026-08-22 08:44:09.515 Model_Service_0] [PAPER-KV-V6] fetch Qwen/Qwen2.5-1.5B-Instruct -> None requests
[2026-08-22 08:44:09.516 Model_Service_5] [PAPER-KV-V6] fetch meta-llama/Llama-3.2-3B -> None requests
[2026-08-22 08:44:09.526 Model_Service_0] [PAPER-KV-V6] fetch Qwen/Qwen2.5-1.5B-Instruct -> None requests
[2026-08-22 08:44:09.527 Model_Service_5] [PAPER-KV-V6] fetch meta-llama/Llama-3.2-3B -> None requests
[2026-08-22 08:44:09.536 Model_Service_0] [PAPER-KV-V6] fetch Qwen/Qwen2.5-1.5B-Instruct -> None requests
[2026-08-22 08:44:09.537 Model_Service_5] [PAPER-KV-V6] fetch meta-llama/Llama-3.2-3B -> None requests
[2026-08-22 08:44:09.547 Model_Service_0] [PAPER-KV-V6] fetch Qwen/Qwen2.5-1.5B-Instruct -> None requests
[2026-08-22 08:44:09.548 Model_Service_5] [PAPER-KV-V6] fetch meta-llama/Llama-3.2-3B -> None requests
[2026-08-22 08:44:09.558 Model_Service_0] [PAPER-KV-V6] fetch Qwen/Qwen2.5-1.5B-Instruct -> None requests
[2026-08-22 08:44:09.558 Model_Service_5] [PAPER-KV-V6] fetch meta-llama/Llama-3.2-3B -> None requests
[2026-08-22 08:44:09.568 Model_Service_0] [PAPER-KV-V6] fetch Qwen/Qwen2.5-1.5B-Instruct -> None requests
[2026-08-22 08:44:09.569 Model_Service_5] [PAPER-KV-V6] fetch meta-llama/Llama-3.2-3B -> None requests
[2026-08-22 08:44:09.579 Model_Service_0] [PAPER-KV-V6] fetch Qwen/Qwen2.5-1.5B-Instruct -> None requests
[2026-08-22 08:44:09.580 Model_Service_5] [PAPER-KV-V6] fetch meta-llama/Llama-3.2-3B -> None requests
[2026-08-22 08:44:09.589 Model_Service_0] [PAPER-KV-V6] fetch Qwen/Qwen2.5-1.5B-Instruct -> None requests
[2026-08-22 08:44:09.590 Model_Service_5] [PAPER-KV-V6] fetch meta-llama/Llama-3.2-3B -> None requests
[2026-08-22 08:44:09.601 Model_Service_0] [PAPER-KV-V6] fetch Qwen/Qwen2.5-1.5B-Instruct -> None requests
[2026-08-22 08:44:09.601 Model_Service_5] [PAPER-KV-V6] fetch meta-llama/Llama-3.2-3B -> None requests
[2026-08-22 08:44:09.611 Model_Service_0] [PAPER-KV-V6] fetch Qwen/Qwen2.5-1.5B-Instruct -> None requests
[2026-08-22 08:44:09.612 Model_Service_5] [PAPER-KV-V6] fetch meta-llama/Llama-3.2-3B -> None requests
[2026-08-22 08:44:09.622 Model_Service_0] [PAPER-KV-V6] fetch Qwen/Qwen2.5-1.5B-Instruct -> None requests
[2026-08-22 08:44:09.622 Model_Service_5] [PAPER-KV-V6] fetch meta-llama/Llama-3.2-3B -> None requests
[2026-08-22 08:44:09.632 Model_Service_0] [PAPER-KV-V6] fetch Qwen/Qwen2.5-1.5B-Instruct -> None requests
[2026-08-22 08:44:09.633 Model_Service_5] [PAPER-KV-V6] fetch meta-llama/Llama-3.2-3B -> None requests
[2026-08-22 08:44:09.643 Model_Service_0] [PAPER-KV-V6] fetch Qwen/Qwen2.5-1.5B-Instruct -> None requests
[2026-08-22 08:44:09.643 Model_Service_5] [PAPER-KV-V6] fetch meta-llama/Llama-3.2-3B -> None requests
[2026-08-22 08:44:09.654 Model_Service_0] [PAPER-KV-V6] fetch Qwen/Qwen2.5-1.5B-Instruct -> None requests
[2026-08-22 08:44:09.654 Model_Service_5] [PAPER-KV-V6] fetch meta-llama/Llama-3.2-3B -> None requests
[2026-08-22 08:44:09.664 Model_Service_0] [PAPER-KV-V6] fetch Qwen/Qwen2.5-1.5B-Instruct -> None requests
[2026-08-22 08:44:09.665 Model_Service_5] [PAPER-KV-V6] fetch meta-llama/Llama-3.2-3B -> None requests
[2026-08-22 08:44:09.675 Model_Service_0] [PAPER-KV-V6] fetch Qwen/Qwen2.5-1.5B-Instruct -> None requests
[2026-08-22 08:44:09.676 Model_Service_5] [PAPER-KV-V6] fetch meta-llama/Llama-3.2-3B -> None requests
[2026-08-22 08:44:09.686 Model_Service_0] [PAPER-KV-V6] fetch Qwen/Qwen2.5-1.5B-Instruct -> None requests
[2026-08-22 08:44:09.686 Model_Service_5] [PAPER-KV-V6] fetch meta-llama/Llama-3.2-3B -> None requests
[2026-08-22 08:44:09.697 Model_Service_0] [PAPER-KV-V6] fetch Qwen/Qwen2.5-1.5B-Instruct -> None requests
[2026-08-22 08:44:09.697 Model_Service_5] [PAPER-KV-V6] fetch meta-llama/Llama-3.2-3B -> None requests
[2026-08-22 08:44:09.707 Model_Service_0] [PAPER-KV-V6] fetch Qwen/Qwen2.5-1.5B-Instruct -> None requests
[2026-08-22 08:44:09.708 Model_Service_5] [PAPER-KV-V6] fetch meta-llama/Llama-3.2-3B -> None requests
[2026-08-22 08:44:09.718 Model_Service_5] [PAPER-KV-V6] fetch meta-llama/Llama-3.2-3B -> None requests
[2026-08-22 08:44:09.718 Model_Service_0] [PAPER-KV-V6] fetch Qwen/Qwen2.5-1.5B-Instruct -> None requests
[2026-08-22 08:44:09.729 Model_Service_5] [PAPER-KV-V6] fetch meta-llama/Llama-3.2-3B -> None requests
[2026-08-22 08:44:09.729 Model_Service_0] [PAPER-KV-V6] fetch Qwen/Qwen2.5-1.5B-Instruct -> None requests
[2026-08-22 08:44:09.740 Model_Service_5] [PAPER-KV-V6] fetch meta-llama/Llama-3.2-3B -> None requests
[2026-08-22 08:44:09.740 Model_Service_0] [PAPER-KV-V6] fetch Qwen/Qwen2.5-1.5B-Instruct -> None requests
[2026-08-22 08:44:09.750 Model_Service_5] [PAPER-KV-V6] fetch meta-llama/Llama-3.2-3B -> None requests
[2026-08-22 08:44:09.751 Model_Service_0] [PAPER-KV-V6] fetch Qwen/Qwen2.5-1.5B-Instruct -> None requests
[2026-08-22 08:44:09.761 Model_Service_5] [PAPER-KV-V6] fetch meta-llama/Llama-3.2-3B -> None requests
[2026-08-22 08:44:09.761 Model_Service_0] [PAPER-KV-V6] fetch Qwen/Qwen2.5-1.5B-Instruct -> None requests
[2026-08-22 08:44:09.772 Model_Service_5] [PAPER-KV-V6] fetch meta-llama/Llama-3.2-3B -> None requests
[2026-08-22 08:44:09.772 Model_Service_0] [PAPER-KV-V6] fetch Qwen/Qwen2.5-1.5B-Instruct -> None requests
[2026-08-22 08:44:09.783 Model_Service_5] [PAPER-KV-V6] fetch meta-llama/Llama-3.2-3B -> None requests
[2026-08-22 08:44:09.783 Model_Service_0] [PAPER-KV-V6] fetch Qwen/Qwen2.5-1.5B-Instruct -> None requests
[2026-08-22 08:44:09.793 Model_Service_5] [PAPER-KV-V6] fetch meta-llama/Llama-3.2-3B -> None requests
[2026-08-22 08:44:09.794 Model_Service_0] [PAPER-KV-V6] fetch Qwen/Qwen2.5-1.5B-Instruct -> None requests
[2026-08-22 08:44:09.804 Model_Service_5] [PAPER-KV-V6] fetch meta-llama/Llama-3.2-3B -> None requests
[2026-08-22 08:44:09.805 Model_Service_0] [PAPER-KV-V6] fetch Qwen/Qwen2.5-1.5B-Instruct -> None requests
[2026-08-22 08:44:09.815 Model_Service_5] [PAPER-KV-V6] fetch meta-llama/Llama-3.2-3B -> None requests
[2026-08-22 08:44:09.815 Model_Service_0] [PAPER-KV-V6] fetch Qwen/Qwen2.5-1.5B-Instruct -> None requests
[2026-08-22 08:44:09.826 Model_Service_5] [PAPER-KV-V6] fetch meta-llama/Llama-3.2-3B -> None requests
[2026-08-22 08:44:09.826 Model_Service_0] [PAPER-KV-V6] fetch Qwen/Qwen2.5-1.5B-Instruct -> None requests
[2026-08-22 08:44:09.836 Model_Service_5] [PAPER-KV-V6] fetch meta-llama/Llama-3.2-3B -> None requests
[2026-08-22 08:44:09.837 Model_Service_0] [PAPER-KV-V6] fetch Qwen/Qwen2.5-1.5B-Instruct -> None requests
[2026-08-22 08:44:09.847 Model_Service_5] [PAPER-KV-V6] fetch meta-llama/Llama-3.2-3B -> None requests
[2026-08-22 08:44:09.847 Model_Service_0] [PAPER-KV-V6] fetch Qwen/Qwen2.5-1.5B-Instruct -> None requests
[2026-08-22 08:44:09.857 Model_Service_5] [PAPER-KV-V6] fetch meta-llama/Llama-3.2-3B -> None requests
[2026-08-22 08:44:09.858 Model_Service_0] [PAPER-KV-V6] fetch Qwen/Qwen2.5-1.5B-Instruct -> None requests
[2026-08-22 08:44:09.868 Model_Service_5] [PAPER-KV-V6] fetch meta-llama/Llama-3.2-3B -> None requests
[2026-08-22 08:44:09.869 Model_Service_0] [PAPER-KV-V6] fetch Qwen/Qwen2.5-1.5B-Instruct -> None requests
[2026-08-22 08:44:09.879 Model_Service_5] [PAPER-KV-V6] fetch meta-llama/Llama-3.2-3B -> None requests
[2026-08-22 08:44:09.880 Model_Service_0] [PAPER-KV-V6] fetch Qwen/Qwen2.5-1.5B-Instruct -> None requests
[2026-08-22 08:44:09.890 Model_Service_5] [PAPER-KV-V6] fetch meta-llama/Llama-3.2-3B -> None requests
[2026-08-22 08:44:09.890 Model_Service_0] [PAPER-KV-V6] fetch Qwen/Qwen2.5-1.5B-Instruct -> None requests
[2026-08-22 08:44:09.901 Model_Service_5] [PAPER-KV-V6] fetch meta-llama/Llama-3.2-3B -> None requests
[2026-08-22 08:44:09.901 Model_Service_0] [PAPER-KV-V6] fetch Qwen/Qwen2.5-1.5B-Instruct -> None requests
[2026-08-22 08:44:09.912 Model_Service_5] [PAPER-KV-V6] fetch meta-llama/Llama-3.2-3B -> None requests
[2026-08-22 08:44:09.912 Model_Service_0] [PAPER-KV-V6] fetch Qwen/Qwen2.5-1.5B-Instruct -> None requests
[2026-08-22 08:44:09.922 Model_Service_5] [PAPER-KV-V6] fetch meta-llama/Llama-3.2-3B -> None requests
[2026-08-22 08:44:09.923 Model_Service_0] [PAPER-KV-V6] fetch Qwen/Qwen2.5-1.5B-Instruct -> None requests
[2026-08-22 08:44:09.933 Model_Service_5] [PAPER-KV-V6] fetch meta-llama/Llama-3.2-3B -> None requests
[2026-08-22 08:44:09.933 Model_Service_0] [PAPER-KV-V6] fetch Qwen/Qwen2.5-1.5B-Instruct -> None requests
[2026-08-22 08:44:09.944 Model_Service_5] [PAPER-KV-V6] fetch meta-llama/Llama-3.2-3B -> None requests
[2026-08-22 08:44:09.944 Model_Service_0] [PAPER-KV-V6] fetch Qwen/Qwen2.5-1.5B-Instruct -> None requests
[2026-08-22 08:44:09.955 Model_Service_5] [PAPER-KV-V6] fetch meta-llama/Llama-3.2-3B -> None requests
[2026-08-22 08:44:09.955 Model_Service_0] [PAPER-KV-V6] fetch Qwen/Qwen2.5-1.5B-Instruct -> None requests
[2026-08-22 08:44:09.966 Model_Service_5] [PAPER-KV-V6] fetch meta-llama/Llama-3.2-3B -> None requests
[2026-08-22 08:44:09.966 Model_Service_0] [PAPER-KV-V6] fetch Qwen/Qwen2.5-1.5B-Instruct -> None requests
[2026-08-22 08:44:09.977 Model_Service_5] [PAPER-KV-V6] fetch meta-llama/Llama-3.2-3B -> None requests
[2026-08-22 08:44:09.977 Model_Service_0] [PAPER-KV-V6] fetch Qwen/Qwen2.5-1.5B-Instruct -> None requests
[2026-08-22 08:44:09.988 Model_Service_5] [PAPER-KV-V6] fetch meta-llama/Llama-3.2-3B -> None requests
[2026-08-22 08:44:09.988 Model_Service_0] [PAPER-KV-V6] fetch Qwen/Qwen2.5-1.5B-Instruct -> None requests
[2026-08-22 08:44:09.998 Model_Service_5] [PAPER-KV-V6] fetch meta-llama/Llama-3.2-3B -> None requests
[2026-08-22 08:44:09.999 Model_Service_0] [PAPER-KV-V6] fetch Qwen/Qwen2.5-1.5B-Instruct -> None requests
[2026-08-22 08:44:10.009 Model_Service_5] [PAPER-KV-V6] fetch meta-llama/Llama-3.2-3B -> None requests
[2026-08-22 08:44:10.009 Model_Service_0] [PAPER-KV-V6] fetch Qwen/Qwen2.5-1.5B-Instruct -> None requests
[2026-08-22 08:44:10.020 Model_Service_5] [PAPER-KV-V6] fetch meta-llama/Llama-3.2-3B -> None requests
[2026-08-22 08:44:10.020 Model_Service_0] [PAPER-KV-V6] fetch Qwen/Qwen2.5-1.5B-Instruct -> None requests
[2026-08-22 08:44:10.031 Model_Service_0] [PAPER-KV-V6] fetch Qwen/Qwen2.5-1.5B-Instruct -> None requests
[2026-08-22 08:44:10.031 Model_Service_5] [PAPER-KV-V6] fetch meta-llama/Llama-3.2-3B -> None requests
[2026-08-22 08:44:10.042 Model_Service_5] [PAPER-KV-V6] fetch meta-llama/Llama-3.2-3B -> None requests
[2026-08-22 08:44:10.042 Model_Service_0] [PAPER-KV-V6] fetch Qwen/Qwen2.5-1.5B-Instruct -> None requests
[2026-08-22 08:44:10.052 Model_Service_5] [PAPER-KV-V6] fetch meta-llama/Llama-3.2-3B -> None requests
[2026-08-22 08:44:10.053 Model_Service_0] [PAPER-KV-V6] fetch Qwen/Qwen2.5-1.5B-Instruct -> None requests
[2026-08-22 08:44:10.063 Model_Service_5] [PAPER-KV-V6] fetch meta-llama/Llama-3.2-3B -> None requests
[2026-08-22 08:44:10.063 Model_Service_0] [PAPER-KV-V6] fetch Qwen/Qwen2.5-1.5B-Instruct -> None requests
[2026-08-22 08:44:10.074 Model_Service_5] [PAPER-KV-V6] fetch meta-llama/Llama-3.2-3B -> None requests
[2026-08-22 08:44:10.074 Model_Service_0] [PAPER-KV-V6] fetch Qwen/Qwen2.5-1.5B-Instruct -> None requests
[2026-08-22 08:44:10.085 Model_Service_0] [PAPER-KV-V6] fetch Qwen/Qwen2.5-1.5B-Instruct -> None requests
[2026-08-22 08:44:10.085 Model_Service_5] [PAPER-KV-V6] fetch meta-llama/Llama-3.2-3B -> None requests
[2026-08-22 08:44:10.096 Model_Service_0] [PAPER-KV-V6] fetch Qwen/Qwen2.5-1.5B-Instruct -> None requests
[2026-08-22 08:44:10.096 Model_Service_5] [PAPER-KV-V6] fetch meta-llama/Llama-3.2-3B -> None requests
[2026-08-22 08:44:10.107 Model_Service_0] [PAPER-KV-V6] fetch Qwen/Qwen2.5-1.5B-Instruct -> None requests
[2026-08-22 08:44:10.107 Model_Service_5] [PAPER-KV-V6] fetch meta-llama/Llama-3.2-3B -> None requests
[2026-08-22 08:44:10.117 Model_Service_0] [PAPER-KV-V6] fetch Qwen/Qwen2.5-1.5B-Instruct -> None requests
[2026-08-22 08:44:10.117 Model_Service_5] [PAPER-KV-V6] fetch meta-llama/Llama-3.2-3B -> None requests
[2026-08-22 08:44:10.128 Model_Service_0] [PAPER-KV-V6] fetch Qwen/Qwen2.5-1.5B-Instruct -> None requests
[2026-08-22 08:44:10.128 Model_Service_5] [PAPER-KV-V6] fetch meta-llama/Llama-3.2-3B -> None requests
[2026-08-22 08:44:10.138 Model_Service_0] [PAPER-KV-V6] fetch Qwen/Qwen2.5-1.5B-Instruct -> None requests
[2026-08-22 08:44:10.139 Model_Service_5] [PAPER-KV-V6] fetch meta-llama/Llama-3.2-3B -> None requests
[2026-08-22 08:44:10.149 Model_Service_0] [PAPER-KV-V6] fetch Qwen/Qwen2.5-1.5B-Instruct -> None requests
[2026-08-22 08:44:10.150 Model_Service_5] [PAPER-KV-V6] fetch meta-llama/Llama-3.2-3B -> None requests
[2026-08-22 08:44:10.160 Model_Service_0] [PAPER-KV-V6] fetch Qwen/Qwen2.5-1.5B-Instruct -> None requests
[2026-08-22 08:44:10.160 Model_Service_5] [PAPER-KV-V6] fetch meta-llama/Llama-3.2-3B -> None requests
[2026-08-22 08:44:10.171 Model_Service_0] [PAPER-KV-V6] fetch Qwen/Qwen2.5-1.5B-Instruct -> None requests
[2026-08-22 08:44:10.171 Model_Service_5] [PAPER-KV-V6] fetch meta-llama/Llama-3.2-3B -> None requests
[2026-08-22 08:44:10.181 Model_Service_0] [PAPER-KV-V6] fetch Qwen/Qwen2.5-1.5B-Instruct -> None requests
[2026-08-22 08:44:10.182 Model_Service_5] [PAPER-KV-V6] fetch meta-llama/Llama-3.2-3B -> None requests
[2026-08-22 08:44:10.192 Model_Service_0] [PAPER-KV-V6] fetch Qwen/Qwen2.5-1.5B-Instruct -> None requests
[2026-08-22 08:44:10.193 Model_Service_5] [PAPER-KV-V6] fetch meta-llama/Llama-3.2-3B -> None requests
[2026-08-22 08:44:10.203 Model_Service_0] [PAPER-KV-V6] fetch Qwen/Qwen2.5-1.5B-Instruct -> None requests
[2026-08-22 08:44:10.203 Model_Service_5] [PAPER-KV-V6] fetch meta-llama/Llama-3.2-3B -> None requests
[2026-08-22 08:44:10.208 Model_Service_2] [PAPER-KV-V6] fetch Qwen/Qwen2.5-7B-Instruct -> None requests
[2026-08-22 08:44:10.214 Model_Service_0] [PAPER-KV-V6] fetch Qwen/Qwen2.5-1.5B-Instruct -> None requests
[2026-08-22 08:44:10.214 Model_Service_5] [PAPER-KV-V6] fetch meta-llama/Llama-3.2-3B -> None requests
[2026-08-22 08:44:10.219 Model_Service_2] [PAPER-KV-V6] fetch Qwen/Qwen2.5-7B-Instruct -> None requests
[2026-08-22 08:44:10.225 Model_Service_0] [PAPER-KV-V6] fetch Qwen/Qwen2.5-1.5B-Instruct -> None requests
[2026-08-22 08:44:10.225 Model_Service_5] [PAPER-KV-V6] fetch meta-llama/Llama-3.2-3B -> None requests
[2026-08-22 08:44:10.230 Model_Service_2] [PAPER-KV-V6] fetch Qwen/Qwen2.5-7B-Instruct -> None requests
[2026-08-22 08:44:10.236 Model_Service_0] [PAPER-KV-V6] fetch Qwen/Qwen2.5-1.5B-Instruct -> None requests
[2026-08-22 08:44:10.236 Model_Service_5] [PAPER-KV-V6] fetch meta-llama/Llama-3.2-3B -> None requests
[2026-08-22 08:44:10.241 Model_Service_2] [PAPER-KV-V6] fetch Qwen/Qwen2.5-7B-Instruct -> None requests
[2026-08-22 08:44:10.246 Model_Service_0] [PAPER-KV-V6] fetch Qwen/Qwen2.5-1.5B-Instruct -> None requests
[2026-08-22 08:44:10.247 Model_Service_5] [PAPER-KV-V6] fetch meta-llama/Llama-3.2-3B -> None requests
[2026-08-22 08:44:10.251 Model_Service_2] [PAPER-KV-V6] fetch Qwen/Qwen2.5-7B-Instruct -> None requests
[2026-08-22 08:44:10.257 Model_Service_0] [PAPER-KV-V6] fetch Qwen/Qwen2.5-1.5B-Instruct -> None requests
[2026-08-22 08:44:10.258 Model_Service_5] [PAPER-KV-V6] fetch meta-llama/Llama-3.2-3B -> None requests
[2026-08-22 08:44:10.262 Model_Service_2] [PAPER-KV-V6] fetch Qwen/Qwen2.5-7B-Instruct -> None requests
[2026-08-22 08:44:10.268 Model_Service_0] [PAPER-KV-V6] fetch Qwen/Qwen2.5-1.5B-Instruct -> None requests
[2026-08-22 08:44:10.268 Model_Service_5] [PAPER-KV-V6] fetch meta-llama/Llama-3.2-3B -> None requests
[2026-08-22 08:44:10.272 Model_Service_2] [PAPER-KV-V6] fetch Qwen/Qwen2.5-7B-Instruct -> None requests
[2026-08-22 08:44:10.279 Model_Service_0] [PAPER-KV-V6] fetch Qwen/Qwen2.5-1.5B-Instruct -> None requests
[2026-08-22 08:44:10.279 Model_Service_5] [PAPER-KV-V6] fetch meta-llama/Llama-3.2-3B -> None requests
[2026-08-22 08:44:10.283 Model_Service_2] [PAPER-KV-V6] fetch Qwen/Qwen2.5-7B-Instruct -> None requests
[2026-08-22 08:44:10.290 Model_Service_0] [PAPER-KV-V6] fetch Qwen/Qwen2.5-1.5B-Instruct -> None requests
[2026-08-22 08:44:10.290 Model_Service_5] [PAPER-KV-V6] fetch meta-llama/Llama-3.2-3B -> None requests
[2026-08-22 08:44:10.293 Model_Service_2] [PAPER-KV-V6] fetch Qwen/Qwen2.5-7B-Instruct -> None requests
[2026-08-22 08:44:10.301 Model_Service_0] [PAPER-KV-V6] fetch Qwen/Qwen2.5-1.5B-Instruct -> None requests
[2026-08-22 08:44:10.301 Model_Service_5] [PAPER-KV-V6] fetch meta-llama/Llama-3.2-3B -> None requests
[2026-08-22 08:44:10.304 Model_Service_2] [PAPER-KV-V6] fetch Qwen/Qwen2.5-7B-Instruct -> None requests
[2026-08-22 08:44:10.311 Model_Service_0] [PAPER-KV-V6] fetch Qwen/Qwen2.5-1.5B-Instruct -> None requests
[2026-08-22 08:44:10.312 Model_Service_5] [PAPER-KV-V6] fetch meta-llama/Llama-3.2-3B -> None requests
[2026-08-22 08:44:10.314 Model_Service_2] [PAPER-KV-V6] fetch Qwen/Qwen2.5-7B-Instruct -> None requests
[2026-08-22 08:44:10.322 Model_Service_0] [PAPER-KV-V6] fetch Qwen/Qwen2.5-1.5B-Instruct -> None requests
[2026-08-22 08:44:10.322 Model_Service_5] [PAPER-KV-V6] fetch meta-llama/Llama-3.2-3B -> None requests
[2026-08-22 08:44:10.325 Model_Service_2] [PAPER-KV-V6] fetch Qwen/Qwen2.5-7B-Instruct -> None requests
[2026-08-22 08:44:10.333 Model_Service_0] [PAPER-KV-V6] fetch Qwen/Qwen2.5-1.5B-Instruct -> None requests
[2026-08-22 08:44:10.333 Model_Service_5] [PAPER-KV-V6] fetch meta-llama/Llama-3.2-3B -> None requests
[2026-08-22 08:44:10.336 Model_Service_2] [PAPER-KV-V6] fetch Qwen/Qwen2.5-7B-Instruct -> None requests
[2026-08-22 08:44:10.343 Model_Service_0] [PAPER-KV-V6] fetch Qwen/Qwen2.5-1.5B-Instruct -> None requests
[2026-08-22 08:44:10.344 Model_Service_5] [PAPER-KV-V6] fetch meta-llama/Llama-3.2-3B -> None requests
[2026-08-22 08:44:10.346 Model_Service_2] [PAPER-KV-V6] fetch Qwen/Qwen2.5-7B-Instruct -> None requests
[2026-08-22 08:44:10.354 Model_Service_0] [PAPER-KV-V6] fetch Qwen/Qwen2.5-1.5B-Instruct -> None requests
[2026-08-22 08:44:10.355 Model_Service_5] [PAPER-KV-V6] fetch meta-llama/Llama-3.2-3B -> None requests
[2026-08-22 08:44:10.357 Model_Service_2] [PAPER-KV-V6] fetch Qwen/Qwen2.5-7B-Instruct -> None requests
[2026-08-22 08:44:10.365 Model_Service_0] [PAPER-KV-V6] fetch Qwen/Qwen2.5-1.5B-Instruct -> None requests
[2026-08-22 08:44:10.365 Model_Service_5] [PAPER-KV-V6] fetch meta-llama/Llama-3.2-3B -> None requests
[2026-08-22 08:44:10.367 Model_Service_2] [PAPER-KV-V6] fetch Qwen/Qwen2.5-7B-Instruct -> None requests
[2026-08-22 08:44:10.375 Model_Service_0] [PAPER-KV-V6] fetch Qwen/Qwen2.5-1.5B-Instruct -> None requests
[2026-08-22 08:44:10.376 Model_Service_5] [PAPER-KV-V6] fetch meta-llama/Llama-3.2-3B -> None requests
[2026-08-22 08:44:10.378 Model_Service_2] [PAPER-KV-V6] fetch Qwen/Qwen2.5-7B-Instruct -> None requests
[2026-08-22 08:44:10.386 Model_Service_0] [PAPER-KV-V6] fetch Qwen/Qwen2.5-1.5B-Instruct -> None requests
[2026-08-22 08:44:10.387 Model_Service_5] [PAPER-KV-V6] fetch meta-llama/Llama-3.2-3B -> None requests
[2026-08-22 08:44:10.389 Model_Service_2] [PAPER-KV-V6] fetch Qwen/Qwen2.5-7B-Instruct -> None requests
[2026-08-22 08:44:10.397 Model_Service_0] [PAPER-KV-V6] fetch Qwen/Qwen2.5-1.5B-Instruct -> None requests
[2026-08-22 08:44:10.397 Model_Service_5] [PAPER-KV-V6] fetch meta-llama/Llama-3.2-3B -> None requests
[2026-08-22 08:44:10.399 Model_Service_2] [PAPER-KV-V6] fetch Qwen/Qwen2.5-7B-Instruct -> None requests
[2026-08-22 08:44:10.408 Model_Service_0] [PAPER-KV-V6] fetch Qwen/Qwen2.5-1.5B-Instruct -> None requests
[2026-08-22 08:44:10.408 Model_Service_5] [PAPER-KV-V6] fetch meta-llama/Llama-3.2-3B -> None requests
[2026-08-22 08:44:10.410 Model_Service_2] [PAPER-KV-V6] fetch Qwen/Qwen2.5-7B-Instruct -> None requests
[2026-08-22 08:44:10.419 Model_Service_0] [PAPER-KV-V6] fetch Qwen/Qwen2.5-1.5B-Instruct -> None requests
[2026-08-22 08:44:10.419 Model_Service_5] [PAPER-KV-V6] fetch meta-llama/Llama-3.2-3B -> None requests
[2026-08-22 08:44:10.420 Model_Service_2] [PAPER-KV-V6] fetch Qwen/Qwen2.5-7B-Instruct -> None requests
[2026-08-22 08:44:10.429 Model_Service_0] [PAPER-KV-V6] fetch Qwen/Qwen2.5-1.5B-Instruct -> None requests
[2026-08-22 08:44:10.430 Model_Service_5] [PAPER-KV-V6] fetch meta-llama/Llama-3.2-3B -> None requests
[2026-08-22 08:44:10.431 Model_Service_2] [PAPER-KV-V6] fetch Qwen/Qwen2.5-7B-Instruct -> None requests
[2026-08-22 08:44:10.440 Model_Service_5] [PAPER-KV-V6] fetch meta-llama/Llama-3.2-3B -> None requests
[2026-08-22 08:44:10.440 Model_Service_0] [PAPER-KV-V6] fetch Qwen/Qwen2.5-1.5B-Instruct -> None requests
[2026-08-22 08:44:10.442 Model_Service_2] [PAPER-KV-V6] fetch Qwen/Qwen2.5-7B-Instruct -> None requests
[2026-08-22 08:44:10.451 Model_Service_5] [PAPER-KV-V6] fetch meta-llama/Llama-3.2-3B -> None requests
[2026-08-22 08:44:10.451 Model_Service_0] [PAPER-KV-V6] fetch Qwen/Qwen2.5-1.5B-Instruct -> None requests
[2026-08-22 08:44:10.452 Model_Service_2] [PAPER-KV-V6] fetch Qwen/Qwen2.5-7B-Instruct -> None requests
[2026-08-22 08:44:10.462 Model_Service_5] [PAPER-KV-V6] fetch meta-llama/Llama-3.2-3B -> None requests
[2026-08-22 08:44:10.462 Model_Service_0] [PAPER-KV-V6] fetch Qwen/Qwen2.5-1.5B-Instruct -> None requests
[2026-08-22 08:44:10.463 Model_Service_2] [PAPER-KV-V6] fetch Qwen/Qwen2.5-7B-Instruct -> None requests
[2026-08-22 08:44:10.473 Model_Service_5] [PAPER-KV-V6] fetch meta-llama/Llama-3.2-3B -> None requests
[2026-08-22 08:44:10.473 Model_Service_0] [PAPER-KV-V6] fetch Qwen/Qwen2.5-1.5B-Instruct -> None requests
[2026-08-22 08:44:10.474 Model_Service_2] [PAPER-KV-V6] fetch Qwen/Qwen2.5-7B-Instruct -> None requests
[2026-08-22 08:44:10.483 Model_Service_0] [PAPER-KV-V6] fetch Qwen/Qwen2.5-1.5B-Instruct -> None requests
[2026-08-22 08:44:10.484 Model_Service_5] [PAPER-KV-V6] fetch meta-llama/Llama-3.2-3B -> None requests
[2026-08-22 08:44:10.484 Model_Service_2] [PAPER-KV-V6] fetch Qwen/Qwen2.5-7B-Instruct -> None requests
[2026-08-22 08:44:10.494 Model_Service_0] [PAPER-KV-V6] fetch Qwen/Qwen2.5-1.5B-Instruct -> None requests
[2026-08-22 08:44:10.494 Model_Service_5] [PAPER-KV-V6] fetch meta-llama/Llama-3.2-3B -> None requests
[2026-08-22 08:44:10.495 Model_Service_2] [PAPER-KV-V6] fetch Qwen/Qwen2.5-7B-Instruct -> None requests
[2026-08-22 08:44:10.505 Model_Service_0] [PAPER-KV-V6] fetch Qwen/Qwen2.5-1.5B-Instruct -> None requests
[2026-08-22 08:44:10.505 Model_Service_5] [PAPER-KV-V6] fetch meta-llama/Llama-3.2-3B -> None requests
[2026-08-22 08:44:10.506 Model_Service_2] [PAPER-KV-V6] fetch Qwen/Qwen2.5-7B-Instruct -> None requests
[2026-08-22 08:44:10.515 Model_Service_0] [PAPER-KV-V6] fetch Qwen/Qwen2.5-1.5B-Instruct -> None requests
[2026-08-22 08:44:10.516 Model_Service_5] [PAPER-KV-V6] fetch meta-llama/Llama-3.2-3B -> None requests
[2026-08-22 08:44:10.516 Model_Service_2] [PAPER-KV-V6] fetch Qwen/Qwen2.5-7B-Instruct -> None requests
[2026-08-22 08:44:10.526 Model_Service_0] [PAPER-KV-V6] fetch Qwen/Qwen2.5-1.5B-Instruct -> None requests
[2026-08-22 08:44:10.526 Model_Service_5] [PAPER-KV-V6] fetch meta-llama/Llama-3.2-3B -> None requests
[2026-08-22 08:44:10.527 Model_Service_2] [PAPER-KV-V6] fetch Qwen/Qwen2.5-7B-Instruct -> None requests
[2026-08-22 08:44:10.537 Model_Service_0] [PAPER-KV-V6] fetch Qwen/Qwen2.5-1.5B-Instruct -> None requests
[2026-08-22 08:44:10.537 Model_Service_5] [PAPER-KV-V6] fetch meta-llama/Llama-3.2-3B -> None requests
[2026-08-22 08:44:10.537 Model_Service_2] [PAPER-KV-V6] fetch Qwen/Qwen2.5-7B-Instruct -> None requests
[2026-08-22 08:44:10.547 Model_Service_0] [PAPER-KV-V6] fetch Qwen/Qwen2.5-1.5B-Instruct -> None requests
[2026-08-22 08:44:10.548 Model_Service_5] [PAPER-KV-V6] fetch meta-llama/Llama-3.2-3B -> None requests
[2026-08-22 08:44:10.548 Model_Service_2] [PAPER-KV-V6] fetch Qwen/Qwen2.5-7B-Instruct -> None requests
[2026-08-22 08:44:10.558 Model_Service_0] [PAPER-KV-V6] fetch Qwen/Qwen2.5-1.5B-Instruct -> None requests
[2026-08-22 08:44:10.558 Model_Service_5] [PAPER-KV-V6] fetch meta-llama/Llama-3.2-3B -> None requests
[2026-08-22 08:44:10.559 Model_Service_2] [PAPER-KV-V6] fetch Qwen/Qwen2.5-7B-Instruct -> None requests
[2026-08-22 08:44:10.569 Model_Service_0] [PAPER-KV-V6] fetch Qwen/Qwen2.5-1.5B-Instruct -> None requests
[2026-08-22 08:44:10.569 Model_Service_5] [PAPER-KV-V6] fetch meta-llama/Llama-3.2-3B -> None requests
[2026-08-22 08:44:10.569 Model_Service_2] [PAPER-KV-V6] fetch Qwen/Qwen2.5-7B-Instruct -> None requests
[2026-08-22 08:44:10.579 Model_Service_0] [PAPER-KV-V6] fetch Qwen/Qwen2.5-1.5B-Instruct -> None requests
[2026-08-22 08:44:10.580 Model_Service_5] [PAPER-KV-V6] fetch meta-llama/Llama-3.2-3B -> None requests
[2026-08-22 08:44:10.580 Model_Service_2] [PAPER-KV-V6] fetch Qwen/Qwen2.5-7B-Instruct -> None requests
[2026-08-22 08:44:10.590 Model_Service_0] [PAPER-KV-V6] fetch Qwen/Qwen2.5-1.5B-Instruct -> None requests
[2026-08-22 08:44:10.590 Model_Service_5] [PAPER-KV-V6] fetch meta-llama/Llama-3.2-3B -> None requests
[2026-08-22 08:44:10.591 Model_Service_2] [PAPER-KV-V6] fetch Qwen/Qwen2.5-7B-Instruct -> None requests
[2026-08-22 08:44:10.601 Model_Service_5] [PAPER-KV-V6] fetch meta-llama/Llama-3.2-3B -> None requests
[2026-08-22 08:44:10.601 Model_Service_0] [PAPER-KV-V6] fetch Qwen/Qwen2.5-1.5B-Instruct -> None requests
[2026-08-22 08:44:10.601 Model_Service_2] [PAPER-KV-V6] fetch Qwen/Qwen2.5-7B-Instruct -> None requests
[2026-08-22 08:44:10.612 Model_Service_5] [PAPER-KV-V6] fetch meta-llama/Llama-3.2-3B -> None requests
[2026-08-22 08:44:10.612 Model_Service_0] [PAPER-KV-V6] fetch Qwen/Qwen2.5-1.5B-Instruct -> None requests
[2026-08-22 08:44:10.612 Model_Service_2] [PAPER-KV-V6] fetch Qwen/Qwen2.5-7B-Instruct -> None requests
[2026-08-22 08:44:10.622 Model_Service_5] [PAPER-KV-V6] fetch meta-llama/Llama-3.2-3B -> None requests
[2026-08-22 08:44:10.623 Model_Service_2] [PAPER-KV-V6] fetch Qwen/Qwen2.5-7B-Instruct -> None requests
[2026-08-22 08:44:10.623 Model_Service_0] [PAPER-KV-V6] fetch Qwen/Qwen2.5-1.5B-Instruct -> None requests
[2026-08-22 08:44:10.633 Model_Service_5] [PAPER-KV-V6] fetch meta-llama/Llama-3.2-3B -> None requests
[2026-08-22 08:44:10.633 Model_Service_2] [PAPER-KV-V6] fetch Qwen/Qwen2.5-7B-Instruct -> None requests
[2026-08-22 08:44:10.633 Model_Service_0] [PAPER-KV-V6] fetch Qwen/Qwen2.5-1.5B-Instruct -> None requests
[2026-08-22 08:44:10.644 Model_Service_5] [PAPER-KV-V6] fetch meta-llama/Llama-3.2-3B -> None requests
[2026-08-22 08:44:10.644 Model_Service_2] [PAPER-KV-V6] fetch Qwen/Qwen2.5-7B-Instruct -> None requests
[2026-08-22 08:44:10.644 Model_Service_0] [PAPER-KV-V6] fetch Qwen/Qwen2.5-1.5B-Instruct -> None requests
[2026-08-22 08:44:10.654 Model_Service_5] [PAPER-KV-V6] fetch meta-llama/Llama-3.2-3B -> None requests
[2026-08-22 08:44:10.655 Model_Service_0] [PAPER-KV-V6] fetch Qwen/Qwen2.5-1.5B-Instruct -> None requests
[2026-08-22 08:44:10.655 Model_Service_2] [PAPER-KV-V6] fetch Qwen/Qwen2.5-7B-Instruct -> None requests
[2026-08-22 08:44:10.665 Model_Service_5] [PAPER-KV-V6] fetch meta-llama/Llama-3.2-3B -> None requests
[2026-08-22 08:44:10.665 Model_Service_0] [PAPER-KV-V6] fetch Qwen/Qwen2.5-1.5B-Instruct -> None requests
[2026-08-22 08:44:10.665 Model_Service_2] [PAPER-KV-V6] fetch Qwen/Qwen2.5-7B-Instruct -> None requests
[2026-08-22 08:44:10.676 Model_Service_5] [PAPER-KV-V6] fetch meta-llama/Llama-3.2-3B -> None requests
[2026-08-22 08:44:10.676 Model_Service_0] [PAPER-KV-V6] fetch Qwen/Qwen2.5-1.5B-Instruct -> None requests
[2026-08-22 08:44:10.676 Model_Service_2] [PAPER-KV-V6] fetch Qwen/Qwen2.5-7B-Instruct -> None requests
[2026-08-22 08:44:10.687 Model_Service_2] [PAPER-KV-V6] fetch Qwen/Qwen2.5-7B-Instruct -> None requests
[2026-08-22 08:44:10.687 Model_Service_5] [PAPER-KV-V6] fetch meta-llama/Llama-3.2-3B -> None requests
[2026-08-22 08:44:10.687 Model_Service_0] [PAPER-KV-V6] fetch Qwen/Qwen2.5-1.5B-Instruct -> None requests
[2026-08-22 08:44:10.697 Model_Service_2] [PAPER-KV-V6] fetch Qwen/Qwen2.5-7B-Instruct -> None requests
[2026-08-22 08:44:10.697 Model_Service_5] [PAPER-KV-V6] fetch meta-llama/Llama-3.2-3B -> None requests
[2026-08-22 08:44:10.698 Model_Service_0] [PAPER-KV-V6] fetch Qwen/Qwen2.5-1.5B-Instruct -> None requests
[2026-08-22 08:44:10.707 Model_Service_2] [PAPER-KV-V6] fetch Qwen/Qwen2.5-7B-Instruct -> None requests
[2026-08-22 08:44:10.708 Model_Service_5] [PAPER-KV-V6] fetch meta-llama/Llama-3.2-3B -> None requests
[2026-08-22 08:44:10.708 Model_Service_0] [PAPER-KV-V6] fetch Qwen/Qwen2.5-1.5B-Instruct -> None requests
[2026-08-22 08:44:10.718 Model_Service_2] [PAPER-KV-V6] fetch Qwen/Qwen2.5-7B-Instruct -> None requests
[2026-08-22 08:44:10.719 Model_Service_5] [PAPER-KV-V6] fetch meta-llama/Llama-3.2-3B -> None requests
[2026-08-22 08:44:10.719 Model_Service_0] [PAPER-KV-V6] fetch Qwen/Qwen2.5-1.5B-Instruct -> None requests
[2026-08-22 08:44:10.728 Model_Service_2] [PAPER-KV-V6] fetch Qwen/Qwen2.5-7B-Instruct -> None requests
[2026-08-22 08:44:10.730 Model_Service_5] [PAPER-KV-V6] fetch meta-llama/Llama-3.2-3B -> None requests
[2026-08-22 08:44:10.730 Model_Service_0] [PAPER-KV-V6] fetch Qwen/Qwen2.5-1.5B-Instruct -> None requests
[2026-08-22 08:44:10.739 Model_Service_2] [PAPER-KV-V6] fetch Qwen/Qwen2.5-7B-Instruct -> None requests
[2026-08-22 08:44:10.740 Model_Service_5] [PAPER-KV-V6] fetch meta-llama/Llama-3.2-3B -> None requests
[2026-08-22 08:44:10.740 Model_Service_0] [PAPER-KV-V6] fetch Qwen/Qwen2.5-1.5B-Instruct -> None requests
[2026-08-22 08:44:10.749 Model_Service_2] [PAPER-KV-V6] fetch Qwen/Qwen2.5-7B-Instruct -> None requests
[2026-08-22 08:44:10.751 Model_Service_5] [PAPER-KV-V6] fetch meta-llama/Llama-3.2-3B -> None requests
[2026-08-22 08:44:10.751 Model_Service_0] [PAPER-KV-V6] fetch Qwen/Qwen2.5-1.5B-Instruct -> None requests
[2026-08-22 08:44:10.760 Model_Service_2] [PAPER-KV-V6] fetch Qwen/Qwen2.5-7B-Instruct -> None requests
[2026-08-22 08:44:10.762 Model_Service_5] [PAPER-KV-V6] fetch meta-llama/Llama-3.2-3B -> None requests
[2026-08-22 08:44:10.762 Model_Service_0] [PAPER-KV-V6] fetch Qwen/Qwen2.5-1.5B-Instruct -> None requests
[2026-08-22 08:44:10.771 Model_Service_2] [PAPER-KV-V6] fetch Qwen/Qwen2.5-7B-Instruct -> None requests
[2026-08-22 08:44:10.772 Model_Service_5] [PAPER-KV-V6] fetch meta-llama/Llama-3.2-3B -> None requests
[2026-08-22 08:44:10.773 Model_Service_0] [PAPER-KV-V6] fetch Qwen/Qwen2.5-1.5B-Instruct -> None requests
[2026-08-22 08:44:10.781 Model_Service_2] [PAPER-KV-V6] fetch Qwen/Qwen2.5-7B-Instruct -> None requests
[2026-08-22 08:44:10.783 Model_Service_5] [PAPER-KV-V6] fetch meta-llama/Llama-3.2-3B -> None requests
[2026-08-22 08:44:10.783 Model_Service_0] [PAPER-KV-V6] fetch Qwen/Qwen2.5-1.5B-Instruct -> None requests
[2026-08-22 08:44:10.792 Model_Service_2] [PAPER-KV-V6] fetch Qwen/Qwen2.5-7B-Instruct -> None requests
[2026-08-22 08:44:10.794 Model_Service_5] [PAPER-KV-V6] fetch meta-llama/Llama-3.2-3B -> None requests
[2026-08-22 08:44:10.794 Model_Service_0] [PAPER-KV-V6] fetch Qwen/Qwen2.5-1.5B-Instruct -> None requests
[2026-08-22 08:44:10.803 Model_Service_2] [PAPER-KV-V6] fetch Qwen/Qwen2.5-7B-Instruct -> None requests
[2026-08-22 08:44:10.804 Model_Service_5] [PAPER-KV-V6] fetch meta-llama/Llama-3.2-3B -> None requests
[2026-08-22 08:44:10.805 Model_Service_0] [PAPER-KV-V6] fetch Qwen/Qwen2.5-1.5B-Instruct -> None requests
[2026-08-22 08:44:10.814 Model_Service_2] [PAPER-KV-V6] fetch Qwen/Qwen2.5-7B-Instruct -> None requests
[2026-08-22 08:44:10.815 Model_Service_5] [PAPER-KV-V6] fetch meta-llama/Llama-3.2-3B -> None requests
[2026-08-22 08:44:10.815 Model_Service_0] [PAPER-KV-V6] fetch Qwen/Qwen2.5-1.5B-Instruct -> None requests
[2026-08-22 08:44:10.825 Model_Service_2] [PAPER-KV-V6] fetch Qwen/Qwen2.5-7B-Instruct -> None requests
[2026-08-22 08:44:10.826 Model_Service_5] [PAPER-KV-V6] fetch meta-llama/Llama-3.2-3B -> None requests
[2026-08-22 08:44:10.826 Model_Service_0] [PAPER-KV-V6] fetch Qwen/Qwen2.5-1.5B-Instruct -> None requests
[2026-08-22 08:44:10.836 Model_Service_2] [PAPER-KV-V6] fetch Qwen/Qwen2.5-7B-Instruct -> None requests
[2026-08-22 08:44:10.836 Model_Service_5] [PAPER-KV-V6] fetch meta-llama/Llama-3.2-3B -> None requests
[2026-08-22 08:44:10.837 Model_Service_0] [PAPER-KV-V6] fetch Qwen/Qwen2.5-1.5B-Instruct -> None requests
[2026-08-22 08:44:10.847 Model_Service_2] [PAPER-KV-V6] fetch Qwen/Qwen2.5-7B-Instruct -> None requests
[2026-08-22 08:44:10.847 Model_Service_5] [PAPER-KV-V6] fetch meta-llama/Llama-3.2-3B -> None requests
[2026-08-22 08:44:10.848 Model_Service_0] [PAPER-KV-V6] fetch Qwen/Qwen2.5-1.5B-Instruct -> None requests
[2026-08-22 08:44:10.858 Model_Service_2] [PAPER-KV-V6] fetch Qwen/Qwen2.5-7B-Instruct -> None requests
[2026-08-22 08:44:10.858 Model_Service_5] [PAPER-KV-V6] fetch meta-llama/Llama-3.2-3B -> None requests
[2026-08-22 08:44:10.858 Model_Service_0] [PAPER-KV-V6] fetch Qwen/Qwen2.5-1.5B-Instruct -> None requests
[2026-08-22 08:44:10.869 Model_Service_5] [PAPER-KV-V6] fetch meta-llama/Llama-3.2-3B -> None requests
[2026-08-22 08:44:10.869 Model_Service_2] [PAPER-KV-V6] fetch Qwen/Qwen2.5-7B-Instruct -> None requests
[2026-08-22 08:44:10.869 Model_Service_0] [PAPER-KV-V6] fetch Qwen/Qwen2.5-1.5B-Instruct -> None requests
[2026-08-22 08:44:10.880 Model_Service_2] [PAPER-KV-V6] fetch Qwen/Qwen2.5-7B-Instruct -> None requests
[2026-08-22 08:44:10.880 Model_Service_5] [PAPER-KV-V6] fetch meta-llama/Llama-3.2-3B -> None requests
[2026-08-22 08:44:10.880 Model_Service_0] [PAPER-KV-V6] fetch Qwen/Qwen2.5-1.5B-Instruct -> None requests
[2026-08-22 08:44:10.890 Model_Service_2] [PAPER-KV-V6] fetch Qwen/Qwen2.5-7B-Instruct -> None requests
[2026-08-22 08:44:10.890 Model_Service_5] [PAPER-KV-V6] fetch meta-llama/Llama-3.2-3B -> None requests
[2026-08-22 08:44:10.891 Model_Service_0] [PAPER-KV-V6] fetch Qwen/Qwen2.5-1.5B-Instruct -> None requests
[2026-08-22 08:44:10.901 Model_Service_2] [PAPER-KV-V6] fetch Qwen/Qwen2.5-7B-Instruct -> None requests
[2026-08-22 08:44:10.901 Model_Service_5] [PAPER-KV-V6] fetch meta-llama/Llama-3.2-3B -> None requests
[2026-08-22 08:44:10.901 Model_Service_0] [PAPER-KV-V6] fetch Qwen/Qwen2.5-1.5B-Instruct -> None requests
[2026-08-22 08:44:10.911 Model_Service_2] [PAPER-KV-V6] fetch Qwen/Qwen2.5-7B-Instruct -> None requests
[2026-08-22 08:44:10.912 Model_Service_5] [PAPER-KV-V6] fetch meta-llama/Llama-3.2-3B -> None requests
[2026-08-22 08:44:10.912 Model_Service_0] [PAPER-KV-V6] fetch Qwen/Qwen2.5-1.5B-Instruct -> None requests
[2026-08-22 08:44:10.921 Model_Service_2] [PAPER-KV-V6] fetch Qwen/Qwen2.5-7B-Instruct -> None requests
[2026-08-22 08:44:10.922 Model_Service_5] [PAPER-KV-V6] fetch meta-llama/Llama-3.2-3B -> None requests
[2026-08-22 08:44:10.923 Model_Service_0] [PAPER-KV-V6] fetch Qwen/Qwen2.5-1.5B-Instruct -> None requests
[2026-08-22 08:44:10.932 Model_Service_2] [PAPER-KV-V6] fetch Qwen/Qwen2.5-7B-Instruct -> None requests
[2026-08-22 08:44:10.933 Model_Service_5] [PAPER-KV-V6] fetch meta-llama/Llama-3.2-3B -> None requests
[2026-08-22 08:44:10.933 Model_Service_0] [PAPER-KV-V6] fetch Qwen/Qwen2.5-1.5B-Instruct -> None requests
[2026-08-22 08:44:10.942 Model_Service_2] [PAPER-KV-V6] fetch Qwen/Qwen2.5-7B-Instruct -> None requests
[2026-08-22 08:44:10.944 Model_Service_5] [PAPER-KV-V6] fetch meta-llama/Llama-3.2-3B -> None requests
[2026-08-22 08:44:10.944 Model_Service_0] [PAPER-KV-V6] fetch Qwen/Qwen2.5-1.5B-Instruct -> None requests
[2026-08-22 08:44:10.953 Model_Service_2] [PAPER-KV-V6] fetch Qwen/Qwen2.5-7B-Instruct -> None requests
[2026-08-22 08:44:10.954 Model_Service_5] [PAPER-KV-V6] fetch meta-llama/Llama-3.2-3B -> None requests
[2026-08-22 08:44:10.955 Model_Service_0] [PAPER-KV-V6] fetch Qwen/Qwen2.5-1.5B-Instruct -> None requests
[2026-08-22 08:44:10.963 Model_Service_2] [PAPER-KV-V6] fetch Qwen/Qwen2.5-7B-Instruct -> None requests
[2026-08-22 08:44:10.965 Model_Service_5] [PAPER-KV-V6] fetch meta-llama/Llama-3.2-3B -> None requests
[2026-08-22 08:44:10.965 Model_Service_0] [PAPER-KV-V6] fetch Qwen/Qwen2.5-1.5B-Instruct -> None requests
[2026-08-22 08:44:10.974 Model_Service_2] [PAPER-KV-V6] fetch Qwen/Qwen2.5-7B-Instruct -> None requests
[2026-08-22 08:44:10.976 Model_Service_5] [PAPER-KV-V6] fetch meta-llama/Llama-3.2-3B -> None requests
[2026-08-22 08:44:10.976 Model_Service_0] [PAPER-KV-V6] fetch Qwen/Qwen2.5-1.5B-Instruct -> None requests
[2026-08-22 08:44:10.985 Model_Service_2] [PAPER-KV-V6] fetch Qwen/Qwen2.5-7B-Instruct -> None requests
[2026-08-22 08:44:10.986 Model_Service_5] [PAPER-KV-V6] fetch meta-llama/Llama-3.2-3B -> None requests
[2026-08-22 08:44:10.987 Model_Service_0] [PAPER-KV-V6] fetch Qwen/Qwen2.5-1.5B-Instruct -> None requests
[2026-08-22 08:44:10.996 Model_Service_2] [PAPER-KV-V6] fetch Qwen/Qwen2.5-7B-Instruct -> None requests
[2026-08-22 08:44:10.997 Model_Service_5] [PAPER-KV-V6] fetch meta-llama/Llama-3.2-3B -> None requests
[2026-08-22 08:44:10.998 Model_Service_0] [PAPER-KV-V6] fetch Qwen/Qwen2.5-1.5B-Instruct -> None requests
[2026-08-22 08:44:11.007 Model_Service_2] [PAPER-KV-V6] fetch Qwen/Qwen2.5-7B-Instruct -> None requests
[2026-08-22 08:44:11.008 Model_Service_5] [PAPER-KV-V6] fetch meta-llama/Llama-3.2-3B -> None requests
[2026-08-22 08:44:11.008 Model_Service_0] [PAPER-KV-V6] fetch Qwen/Qwen2.5-1.5B-Instruct -> None requests
[2026-08-22 08:44:11.017 Model_Service_2] [PAPER-KV-V6] fetch Qwen/Qwen2.5-7B-Instruct -> None requests
[2026-08-22 08:44:11.018 Model_Service_5] [PAPER-KV-V6] fetch meta-llama/Llama-3.2-3B -> None requests
[2026-08-22 08:44:11.019 Model_Service_0] [PAPER-KV-V6] fetch Qwen/Qwen2.5-1.5B-Instruct -> None requests
[2026-08-22 08:44:11.028 Model_Service_2] [PAPER-KV-V6] fetch Qwen/Qwen2.5-7B-Instruct -> None requests
[2026-08-22 08:44:11.029 Model_Service_5] [PAPER-KV-V6] fetch meta-llama/Llama-3.2-3B -> None requests
[2026-08-22 08:44:11.030 Model_Service_0] [PAPER-KV-V6] fetch Qwen/Qwen2.5-1.5B-Instruct -> None requests
[2026-08-22 08:44:11.039 Model_Service_2] [PAPER-KV-V6] fetch Qwen/Qwen2.5-7B-Instruct -> None requests
[2026-08-22 08:44:11.040 Model_Service_5] [PAPER-KV-V6] fetch meta-llama/Llama-3.2-3B -> None requests
[2026-08-22 08:44:11.040 Model_Service_0] [PAPER-KV-V6] fetch Qwen/Qwen2.5-1.5B-Instruct -> None requests
[2026-08-22 08:44:11.049 Model_Service_2] [PAPER-KV-V6] fetch Qwen/Qwen2.5-7B-Instruct -> None requests
[2026-08-22 08:44:11.050 Model_Service_5] [PAPER-KV-V6] fetch meta-llama/Llama-3.2-3B -> None requests
[2026-08-22 08:44:11.051 Model_Service_0] [PAPER-KV-V6] fetch Qwen/Qwen2.5-1.5B-Instruct -> None requests
[2026-08-22 08:44:11.060 Model_Service_2] [PAPER-KV-V6] fetch Qwen/Qwen2.5-7B-Instruct -> None requests
[2026-08-22 08:44:11.061 Model_Service_5] [PAPER-KV-V6] fetch meta-llama/Llama-3.2-3B -> None requests
[2026-08-22 08:44:11.062 Model_Service_0] [PAPER-KV-V6] fetch Qwen/Qwen2.5-1.5B-Instruct -> None requests
[2026-08-22 08:44:11.071 Model_Service_2] [PAPER-KV-V6] fetch Qwen/Qwen2.5-7B-Instruct -> None requests
[2026-08-22 08:44:11.072 Model_Service_5] [PAPER-KV-V6] fetch meta-llama/Llama-3.2-3B -> None requests
[2026-08-22 08:44:11.072 Model_Service_0] [PAPER-KV-V6] fetch Qwen/Qwen2.5-1.5B-Instruct -> None requests
[2026-08-22 08:44:11.082 Model_Service_2] [PAPER-KV-V6] fetch Qwen/Qwen2.5-7B-Instruct -> None requests
[2026-08-22 08:44:11.082 Model_Service_5] [PAPER-KV-V6] fetch meta-llama/Llama-3.2-3B -> None requests
[2026-08-22 08:44:11.083 Model_Service_0] [PAPER-KV-V6] fetch Qwen/Qwen2.5-1.5B-Instruct -> None requests
[2026-08-22 08:44:11.093 Model_Service_2] [PAPER-KV-V6] fetch Qwen/Qwen2.5-7B-Instruct -> None requests
[2026-08-22 08:44:11.093 Model_Service_5] [PAPER-KV-V6] fetch meta-llama/Llama-3.2-3B -> None requests
[2026-08-22 08:44:11.094 Model_Service_0] [PAPER-KV-V6] fetch Qwen/Qwen2.5-1.5B-Instruct -> None requests
[2026-08-22 08:44:11.104 Model_Service_2] [PAPER-KV-V6] fetch Qwen/Qwen2.5-7B-Instruct -> None requests
[2026-08-22 08:44:11.104 Model_Service_5] [PAPER-KV-V6] fetch meta-llama/Llama-3.2-3B -> None requests
[2026-08-22 08:44:11.104 Model_Service_0] [PAPER-KV-V6] fetch Qwen/Qwen2.5-1.5B-Instruct -> None requests
[2026-08-22 08:44:11.114 Model_Service_2] [PAPER-KV-V6] fetch Qwen/Qwen2.5-7B-Instruct -> None requests
[2026-08-22 08:44:11.115 Model_Service_5] [PAPER-KV-V6] fetch meta-llama/Llama-3.2-3B -> None requests
[2026-08-22 08:44:11.115 Model_Service_0] [PAPER-KV-V6] fetch Qwen/Qwen2.5-1.5B-Instruct -> None requests
[2026-08-22 08:44:11.125 Model_Service_2] [PAPER-KV-V6] fetch Qwen/Qwen2.5-7B-Instruct -> None requests
[2026-08-22 08:44:11.125 Model_Service_5] [PAPER-KV-V6] fetch meta-llama/Llama-3.2-3B -> None requests
[2026-08-22 08:44:11.126 Model_Service_0] [PAPER-KV-V6] fetch Qwen/Qwen2.5-1.5B-Instruct -> None requests
[2026-08-22 08:44:11.135 Model_Service_2] [PAPER-KV-V6] fetch Qwen/Qwen2.5-7B-Instruct -> None requests
[2026-08-22 08:44:11.136 Model_Service_5] [PAPER-KV-V6] fetch meta-llama/Llama-3.2-3B -> None requests
[2026-08-22 08:44:11.136 Model_Service_0] [PAPER-KV-V6] fetch Qwen/Qwen2.5-1.5B-Instruct -> None requests
[2026-08-22 08:44:11.146 Model_Service_2] [PAPER-KV-V6] fetch Qwen/Qwen2.5-7B-Instruct -> None requests
[2026-08-22 08:44:11.147 Model_Service_5] [PAPER-KV-V6] fetch meta-llama/Llama-3.2-3B -> None requests
[2026-08-22 08:44:11.147 Model_Service_0] [PAPER-KV-V6] fetch Qwen/Qwen2.5-1.5B-Instruct -> None requests
[2026-08-22 08:44:11.156 Model_Service_2] [PAPER-KV-V6] fetch Qwen/Qwen2.5-7B-Instruct -> None requests
[2026-08-22 08:44:11.157 Model_Service_5] [PAPER-KV-V6] fetch meta-llama/Llama-3.2-3B -> None requests
[2026-08-22 08:44:11.158 Model_Service_0] [PAPER-KV-V6] fetch Qwen/Qwen2.5-1.5B-Instruct -> None requests
[2026-08-22 08:44:11.167 Model_Service_2] [PAPER-KV-V6] fetch Qwen/Qwen2.5-7B-Instruct -> None requests
[2026-08-22 08:44:11.168 Model_Service_5] [PAPER-KV-V6] fetch meta-llama/Llama-3.2-3B -> None requests
[2026-08-22 08:44:11.169 Model_Service_0] [PAPER-KV-V6] fetch Qwen/Qwen2.5-1.5B-Instruct -> None requests
[2026-08-22 08:44:11.178 Model_Service_2] [PAPER-KV-V6] fetch Qwen/Qwen2.5-7B-Instruct -> None requests
[2026-08-22 08:44:11.179 Model_Service_5] [PAPER-KV-V6] fetch meta-llama/Llama-3.2-3B -> None requests
[2026-08-22 08:44:11.179 Model_Service_0] [PAPER-KV-V6] fetch Qwen/Qwen2.5-1.5B-Instruct -> None requests
[2026-08-22 08:44:11.188 Model_Service_2] [PAPER-KV-V6] fetch Qwen/Qwen2.5-7B-Instruct -> None requests
[2026-08-22 08:44:11.189 Model_Service_5] [PAPER-KV-V6] fetch meta-llama/Llama-3.2-3B -> None requests
[2026-08-22 08:44:11.190 Model_Service_0] [PAPER-KV-V6] fetch Qwen/Qwen2.5-1.5B-Instruct -> None requests
[2026-08-22 08:44:11.199 Model_Service_2] [PAPER-KV-V6] fetch Qwen/Qwen2.5-7B-Instruct -> None requests
[2026-08-22 08:44:11.200 Model_Service_5] [PAPER-KV-V6] fetch meta-llama/Llama-3.2-3B -> None requests
[2026-08-22 08:44:11.201 Model_Service_0] [PAPER-KV-V6] fetch Qwen/Qwen2.5-1.5B-Instruct -> None requests
[2026-08-22 08:44:11.210 Model_Service_2] [PAPER-KV-V6] fetch Qwen/Qwen2.5-7B-Instruct -> None requests
[2026-08-22 08:44:11.211 Model_Service_5] [PAPER-KV-V6] fetch meta-llama/Llama-3.2-3B -> None requests
[2026-08-22 08:44:11.211 Model_Service_0] [PAPER-KV-V6] fetch Qwen/Qwen2.5-1.5B-Instruct -> None requests
[2026-08-22 08:44:11.220 Model_Service_2] [PAPER-KV-V6] fetch Qwen/Qwen2.5-7B-Instruct -> None requests
[2026-08-22 08:44:11.222 Model_Service_5] [PAPER-KV-V6] fetch meta-llama/Llama-3.2-3B -> None requests
[2026-08-22 08:44:11.222 Model_Service_0] [PAPER-KV-V6] fetch Qwen/Qwen2.5-1.5B-Instruct -> None requests
[2026-08-22 08:44:11.231 Model_Service_2] [PAPER-KV-V6] fetch Qwen/Qwen2.5-7B-Instruct -> None requests
[2026-08-22 08:44:11.232 Model_Service_5] [PAPER-KV-V6] fetch meta-llama/Llama-3.2-3B -> None requests
[2026-08-22 08:44:11.233 Model_Service_0] [PAPER-KV-V6] fetch Qwen/Qwen2.5-1.5B-Instruct -> None requests
[2026-08-22 08:44:11.242 Model_Service_2] [PAPER-KV-V6] fetch Qwen/Qwen2.5-7B-Instruct -> None requests
[2026-08-22 08:44:11.243 Model_Service_5] [PAPER-KV-V6] fetch meta-llama/Llama-3.2-3B -> None requests
[2026-08-22 08:44:11.244 Model_Service_0] [PAPER-KV-V6] fetch Qwen/Qwen2.5-1.5B-Instruct -> None requests
[2026-08-22 08:44:11.253 Model_Service_2] [PAPER-KV-V6] fetch Qwen/Qwen2.5-7B-Instruct -> None requests
[2026-08-22 08:44:11.254 Model_Service_5] [PAPER-KV-V6] fetch meta-llama/Llama-3.2-3B -> None requests
[2026-08-22 08:44:11.254 Model_Service_0] [PAPER-KV-V6] fetch Qwen/Qwen2.5-1.5B-Instruct -> None requests
[2026-08-22 08:44:11.263 Model_Service_2] [PAPER-KV-V6] fetch Qwen/Qwen2.5-7B-Instruct -> None requests
[2026-08-22 08:44:11.264 Model_Service_5] [PAPER-KV-V6] fetch meta-llama/Llama-3.2-3B -> None requests
[2026-08-22 08:44:11.265 Model_Service_0] [PAPER-KV-V6] fetch Qwen/Qwen2.5-1.5B-Instruct -> None requests
[2026-08-22 08:44:11.274 Model_Service_2] [PAPER-KV-V6] fetch Qwen/Qwen2.5-7B-Instruct -> None requests
[2026-08-22 08:44:11.275 Model_Service_5] [PAPER-KV-V6] fetch meta-llama/Llama-3.2-3B -> None requests
[2026-08-22 08:44:11.276 Model_Service_0] [PAPER-KV-V6] fetch Qwen/Qwen2.5-1.5B-Instruct -> None requests
[2026-08-22 08:44:11.285 Model_Service_2] [PAPER-KV-V6] fetch Qwen/Qwen2.5-7B-Instruct -> None requests
[2026-08-22 08:44:11.286 Model_Service_5] [PAPER-KV-V6] fetch meta-llama/Llama-3.2-3B -> None requests
[2026-08-22 08:44:11.286 Model_Service_0] [PAPER-KV-V6] fetch Qwen/Qwen2.5-1.5B-Instruct -> None requests
[2026-08-22 08:44:11.295 Model_Service_2] [PAPER-KV-V6] fetch Qwen/Qwen2.5-7B-Instruct -> None requests
[2026-08-22 08:44:11.297 Model_Service_5] [PAPER-KV-V6] fetch meta-llama/Llama-3.2-3B -> None requests
[2026-08-22 08:44:11.297 Model_Service_0] [PAPER-KV-V6] fetch Qwen/Qwen2.5-1.5B-Instruct -> None requests
[2026-08-22 08:44:11.306 Model_Service_2] [PAPER-KV-V6] fetch Qwen/Qwen2.5-7B-Instruct -> None requests
[2026-08-22 08:44:11.307 Model_Service_5] [PAPER-KV-V6] fetch meta-llama/Llama-3.2-3B -> None requests
[2026-08-22 08:44:11.308 Model_Service_0] [PAPER-KV-V6] fetch Qwen/Qwen2.5-1.5B-Instruct -> None requests
[2026-08-22 08:44:11.316 Model_Service_2] [PAPER-KV-V6] fetch Qwen/Qwen2.5-7B-Instruct -> None requests
[2026-08-22 08:44:11.318 Model_Service_5] [PAPER-KV-V6] fetch meta-llama/Llama-3.2-3B -> None requests
[2026-08-22 08:44:11.318 Model_Service_0] [PAPER-KV-V6] fetch Qwen/Qwen2.5-1.5B-Instruct -> None requests
[2026-08-22 08:44:11.327 Model_Service_2] [PAPER-KV-V6] fetch Qwen/Qwen2.5-7B-Instruct -> None requests
[2026-08-22 08:44:11.329 Model_Service_5] [PAPER-KV-V6] fetch meta-llama/Llama-3.2-3B -> None requests
[2026-08-22 08:44:11.329 Model_Service_0] [PAPER-KV-V6] fetch Qwen/Qwen2.5-1.5B-Instruct -> None requests
[2026-08-22 08:44:11.337 Model_Service_2] [PAPER-KV-V6] fetch Qwen/Qwen2.5-7B-Instruct -> None requests
[2026-08-22 08:44:11.340 Model_Service_5] [PAPER-KV-V6] fetch meta-llama/Llama-3.2-3B -> None requests
[2026-08-22 08:44:11.340 Model_Service_0] [PAPER-KV-V6] fetch Qwen/Qwen2.5-1.5B-Instruct -> None requests
[2026-08-22 08:44:11.347 Model_Service_2] [PAPER-KV-V6] fetch Qwen/Qwen2.5-7B-Instruct -> None requests
[2026-08-22 08:44:11.350 Model_Service_5] [PAPER-KV-V6] fetch meta-llama/Llama-3.2-3B -> None requests
[2026-08-22 08:44:11.350 Model_Service_0] [PAPER-KV-V6] fetch Qwen/Qwen2.5-1.5B-Instruct -> None requests
[2026-08-22 08:44:11.357 Model_Service_2] [PAPER-KV-V6] fetch Qwen/Qwen2.5-7B-Instruct -> None requests
[2026-08-22 08:44:11.361 Model_Service_5] [PAPER-KV-V6] fetch meta-llama/Llama-3.2-3B -> None requests
[2026-08-22 08:44:11.361 Model_Service_0] [PAPER-KV-V6] fetch Qwen/Qwen2.5-1.5B-Instruct -> None requests
[2026-08-22 08:44:11.368 Model_Service_2] [PAPER-KV-V6] fetch Qwen/Qwen2.5-7B-Instruct -> None requests
[2026-08-22 08:44:11.372 Model_Service_5] [PAPER-KV-V6] fetch meta-llama/Llama-3.2-3B -> None requests
[2026-08-22 08:44:11.372 Model_Service_0] [PAPER-KV-V6] fetch Qwen/Qwen2.5-1.5B-Instruct -> None requests
[2026-08-22 08:44:11.378 Model_Service_2] [PAPER-KV-V6] fetch Qwen/Qwen2.5-7B-Instruct -> None requests
[2026-08-22 08:44:11.382 Model_Service_5] [PAPER-KV-V6] fetch meta-llama/Llama-3.2-3B -> None requests
[2026-08-22 08:44:11.382 Model_Service_0] [PAPER-KV-V6] fetch Qwen/Qwen2.5-1.5B-Instruct -> None requests
[2026-08-22 08:44:11.388 Model_Service_2] [PAPER-KV-V6] fetch Qwen/Qwen2.5-7B-Instruct -> None requests
[2026-08-22 08:44:11.393 Model_Service_5] [PAPER-KV-V6] fetch meta-llama/Llama-3.2-3B -> None requests
[2026-08-22 08:44:11.393 Model_Service_0] [PAPER-KV-V6] fetch Qwen/Qwen2.5-1.5B-Instruct -> None requests
[2026-08-22 08:44:11.399 Model_Service_2] [PAPER-KV-V6] fetch Qwen/Qwen2.5-7B-Instruct -> None requests
[2026-08-22 08:44:11.404 Model_Service_5] [PAPER-KV-V6] fetch meta-llama/Llama-3.2-3B -> None requests
[2026-08-22 08:44:11.404 Model_Service_0] [PAPER-KV-V6] fetch Qwen/Qwen2.5-1.5B-Instruct -> None requests
[2026-08-22 08:44:11.409 Model_Service_2] [PAPER-KV-V6] fetch Qwen/Qwen2.5-7B-Instruct -> None requests
[2026-08-22 08:44:11.414 Model_Service_5] [PAPER-KV-V6] fetch meta-llama/Llama-3.2-3B -> None requests
[2026-08-22 08:44:11.414 Model_Service_0] [PAPER-KV-V6] fetch Qwen/Qwen2.5-1.5B-Instruct -> None requests
[2026-08-22 08:44:11.419 Model_Service_2] [PAPER-KV-V6] fetch Qwen/Qwen2.5-7B-Instruct -> None requests
[2026-08-22 08:44:11.426 Model_Service_5] [PAPER-KV-V6] fetch meta-llama/Llama-3.2-3B -> None requests
[2026-08-22 08:44:11.426 Model_Service_0] [PAPER-KV-V6] fetch Qwen/Qwen2.5-1.5B-Instruct -> None requests
[2026-08-22 08:44:11.430 Model_Service_2] [PAPER-KV-V6] fetch Qwen/Qwen2.5-7B-Instruct -> None requests
[2026-08-22 08:44:11.437 Model_Service_5] [PAPER-KV-V6] fetch meta-llama/Llama-3.2-3B -> None requests
[2026-08-22 08:44:11.437 Model_Service_0] [PAPER-KV-V6] fetch Qwen/Qwen2.5-1.5B-Instruct -> None requests
[2026-08-22 08:44:11.440 Model_Service_2] [PAPER-KV-V6] fetch Qwen/Qwen2.5-7B-Instruct -> None requests
[2026-08-22 08:44:11.448 Model_Service_5] [PAPER-KV-V6] fetch meta-llama/Llama-3.2-3B -> None requests
[2026-08-22 08:44:11.448 Model_Service_0] [PAPER-KV-V6] fetch Qwen/Qwen2.5-1.5B-Instruct -> None requests
[2026-08-22 08:44:11.450 Model_Service_2] [PAPER-KV-V6] fetch Qwen/Qwen2.5-7B-Instruct -> None requests
[2026-08-22 08:44:11.459 Model_Service_0] [PAPER-KV-V6] fetch Qwen/Qwen2.5-1.5B-Instruct -> None requests
[2026-08-22 08:44:11.459 Model_Service_5] [PAPER-KV-V6] fetch meta-llama/Llama-3.2-3B -> None requests
[2026-08-22 08:44:11.461 Model_Service_2] [PAPER-KV-V6] fetch Qwen/Qwen2.5-7B-Instruct -> None requests
[2026-08-22 08:44:11.469 Model_Service_0] [PAPER-KV-V6] fetch Qwen/Qwen2.5-1.5B-Instruct -> None requests
[2026-08-22 08:44:11.469 Model_Service_5] [PAPER-KV-V6] fetch meta-llama/Llama-3.2-3B -> None requests
[2026-08-22 08:44:11.471 Model_Service_2] [PAPER-KV-V6] fetch Qwen/Qwen2.5-7B-Instruct -> None requests
[2026-08-22 08:44:11.480 Model_Service_0] [PAPER-KV-V6] fetch Qwen/Qwen2.5-1.5B-Instruct -> None requests
[2026-08-22 08:44:11.480 Model_Service_5] [PAPER-KV-V6] fetch meta-llama/Llama-3.2-3B -> None requests
[2026-08-22 08:44:11.481 Model_Service_2] [PAPER-KV-V6] fetch Qwen/Qwen2.5-7B-Instruct -> None requests
[2026-08-22 08:44:11.490 Model_Service_0] [PAPER-KV-V6] fetch Qwen/Qwen2.5-1.5B-Instruct -> None requests
[2026-08-22 08:44:11.491 Model_Service_5] [PAPER-KV-V6] fetch meta-llama/Llama-3.2-3B -> None requests
[2026-08-22 08:44:11.492 Model_Service_2] [PAPER-KV-V6] fetch Qwen/Qwen2.5-7B-Instruct -> None requests
[2026-08-22 08:44:11.501 Model_Service_0] [PAPER-KV-V6] fetch Qwen/Qwen2.5-1.5B-Instruct -> None requests
[2026-08-22 08:44:11.502 Model_Service_5] [PAPER-KV-V6] fetch meta-llama/Llama-3.2-3B -> None requests
[2026-08-22 08:44:11.502 Model_Service_2] [PAPER-KV-V6] fetch Qwen/Qwen2.5-7B-Instruct -> None requests
[2026-08-22 08:44:11.511 Model_Service_0] [PAPER-KV-V6] fetch Qwen/Qwen2.5-1.5B-Instruct -> None requests
[2026-08-22 08:44:11.512 Model_Service_5] [PAPER-KV-V6] fetch meta-llama/Llama-3.2-3B -> None requests
[2026-08-22 08:44:11.513 Model_Service_2] [PAPER-KV-V6] fetch Qwen/Qwen2.5-7B-Instruct -> None requests
[2026-08-22 08:44:11.521 Model_Service_0] [PAPER-KV-V6] fetch Qwen/Qwen2.5-1.5B-Instruct -> None requests
[2026-08-22 08:44:11.523 Model_Service_5] [PAPER-KV-V6] fetch meta-llama/Llama-3.2-3B -> None requests
[2026-08-22 08:44:11.523 Model_Service_2] [PAPER-KV-V6] fetch Qwen/Qwen2.5-7B-Instruct -> None requests
[2026-08-22 08:44:11.532 Model_Service_0] [PAPER-KV-V6] fetch Qwen/Qwen2.5-1.5B-Instruct -> None requests
[2026-08-22 08:44:11.534 Model_Service_2] [PAPER-KV-V6] fetch Qwen/Qwen2.5-7B-Instruct -> None requests
[2026-08-22 08:44:11.534 Model_Service_5] [PAPER-KV-V6] fetch meta-llama/Llama-3.2-3B -> None requests
[2026-08-22 08:44:11.542 Model_Service_0] [PAPER-KV-V6] fetch Qwen/Qwen2.5-1.5B-Instruct -> None requests
[2026-08-22 08:44:11.544 Model_Service_2] [PAPER-KV-V6] fetch Qwen/Qwen2.5-7B-Instruct -> None requests
[2026-08-22 08:44:11.544 Model_Service_5] [PAPER-KV-V6] fetch meta-llama/Llama-3.2-3B -> None requests
[2026-08-22 08:44:11.553 Model_Service_0] [PAPER-KV-V6] fetch Qwen/Qwen2.5-1.5B-Instruct -> None requests
[2026-08-22 08:44:11.555 Model_Service_2] [PAPER-KV-V6] fetch Qwen/Qwen2.5-7B-Instruct -> None requests
[2026-08-22 08:44:11.555 Model_Service_5] [PAPER-KV-V6] fetch meta-llama/Llama-3.2-3B -> None requests
[2026-08-22 08:44:11.563 Model_Service_0] [PAPER-KV-V6] fetch Qwen/Qwen2.5-1.5B-Instruct -> None requests
[2026-08-22 08:44:11.565 Model_Service_2] [PAPER-KV-V6] fetch Qwen/Qwen2.5-7B-Instruct -> None requests
[2026-08-22 08:44:11.566 Model_Service_5] [PAPER-KV-V6] fetch meta-llama/Llama-3.2-3B -> None requests
[2026-08-22 08:44:11.573 Model_Service_0] [PAPER-KV-V6] fetch Qwen/Qwen2.5-1.5B-Instruct -> None requests
[2026-08-22 08:44:11.576 Model_Service_2] [PAPER-KV-V6] fetch Qwen/Qwen2.5-7B-Instruct -> None requests
[2026-08-22 08:44:11.577 Model_Service_5] [PAPER-KV-V6] fetch meta-llama/Llama-3.2-3B -> None requests
[2026-08-22 08:44:11.584 Model_Service_0] [PAPER-KV-V6] fetch Qwen/Qwen2.5-1.5B-Instruct -> None requests
[2026-08-22 08:44:11.586 Model_Service_2] [PAPER-KV-V6] fetch Qwen/Qwen2.5-7B-Instruct -> None requests
[2026-08-22 08:44:11.587 Model_Service_5] [PAPER-KV-V6] fetch meta-llama/Llama-3.2-3B -> None requests
[2026-08-22 08:44:11.594 Model_Service_0] [PAPER-KV-V6] fetch Qwen/Qwen2.5-1.5B-Instruct -> None requests
[2026-08-22 08:44:11.597 Model_Service_2] [PAPER-KV-V6] fetch Qwen/Qwen2.5-7B-Instruct -> None requests
[2026-08-22 08:44:11.598 Model_Service_5] [PAPER-KV-V6] fetch meta-llama/Llama-3.2-3B -> None requests
[2026-08-22 08:44:11.604 Model_Service_0] [PAPER-KV-V6] fetch Qwen/Qwen2.5-1.5B-Instruct -> None requests
[2026-08-22 08:44:11.608 Model_Service_2] [PAPER-KV-V6] fetch Qwen/Qwen2.5-7B-Instruct -> None requests
[2026-08-22 08:44:11.609 Model_Service_5] [PAPER-KV-V6] fetch meta-llama/Llama-3.2-3B -> None requests
[2026-08-22 08:44:11.614 Model_Service_0] [PAPER-KV-V6] fetch Qwen/Qwen2.5-1.5B-Instruct -> None requests
[2026-08-22 08:44:11.618 Model_Service_2] [PAPER-KV-V6] fetch Qwen/Qwen2.5-7B-Instruct -> None requests
[2026-08-22 08:44:11.620 Model_Service_5] [PAPER-KV-V6] fetch meta-llama/Llama-3.2-3B -> None requests
[2026-08-22 08:44:11.625 Model_Service_0] [PAPER-KV-V6] fetch Qwen/Qwen2.5-1.5B-Instruct -> None requests
[2026-08-22 08:44:11.629 Model_Service_2] [PAPER-KV-V6] fetch Qwen/Qwen2.5-7B-Instruct -> None requests
[2026-08-22 08:44:11.630 Model_Service_5] [PAPER-KV-V6] fetch meta-llama/Llama-3.2-3B -> None requests
[2026-08-22 08:44:11.635 Model_Service_0] [PAPER-KV-V6] fetch Qwen/Qwen2.5-1.5B-Instruct -> None requests
[2026-08-22 08:44:11.640 Model_Service_2] [PAPER-KV-V6] fetch Qwen/Qwen2.5-7B-Instruct -> None requests
[2026-08-22 08:44:11.641 Model_Service_5] [PAPER-KV-V6] fetch meta-llama/Llama-3.2-3B -> None requests
[2026-08-22 08:44:11.645 Model_Service_0] [PAPER-KV-V6] fetch Qwen/Qwen2.5-1.5B-Instruct -> None requests
[2026-08-22 08:44:11.650 Model_Service_2] [PAPER-KV-V6] fetch Qwen/Qwen2.5-7B-Instruct -> None requests
[2026-08-22 08:44:11.652 Model_Service_5] [PAPER-KV-V6] fetch meta-llama/Llama-3.2-3B -> None requests
[2026-08-22 08:44:11.656 Model_Service_0] [PAPER-KV-V6] fetch Qwen/Qwen2.5-1.5B-Instruct -> None requests
[2026-08-22 08:44:11.661 Model_Service_2] [PAPER-KV-V6] fetch Qwen/Qwen2.5-7B-Instruct -> None requests
[2026-08-22 08:44:11.663 Model_Service_5] [PAPER-KV-V6] fetch meta-llama/Llama-3.2-3B -> None requests
[2026-08-22 08:44:11.666 Model_Service_0] [PAPER-KV-V6] fetch Qwen/Qwen2.5-1.5B-Instruct -> None requests
[2026-08-22 08:44:11.672 Model_Service_2] [PAPER-KV-V6] fetch Qwen/Qwen2.5-7B-Instruct -> None requests
[2026-08-22 08:44:11.673 Model_Service_5] [PAPER-KV-V6] fetch meta-llama/Llama-3.2-3B -> None requests
[2026-08-22 08:44:11.676 Model_Service_0] [PAPER-KV-V6] fetch Qwen/Qwen2.5-1.5B-Instruct -> None requests
[2026-08-22 08:44:11.683 Model_Service_2] [PAPER-KV-V6] fetch Qwen/Qwen2.5-7B-Instruct -> None requests
[2026-08-22 08:44:11.684 Model_Service_5] [PAPER-KV-V6] fetch meta-llama/Llama-3.2-3B -> None requests
[2026-08-22 08:44:11.687 Model_Service_0] [PAPER-KV-V6] fetch Qwen/Qwen2.5-1.5B-Instruct -> None requests
[2026-08-22 08:44:11.693 Model_Service_2] [PAPER-KV-V6] fetch Qwen/Qwen2.5-7B-Instruct -> None requests
[2026-08-22 08:44:11.695 Model_Service_5] [PAPER-KV-V6] fetch meta-llama/Llama-3.2-3B -> None requests
[2026-08-22 08:44:11.697 Model_Service_0] [PAPER-KV-V6] fetch Qwen/Qwen2.5-1.5B-Instruct -> None requests
[2026-08-22 08:44:11.704 Model_Service_2] [PAPER-KV-V6] fetch Qwen/Qwen2.5-7B-Instruct -> None requests
[2026-08-22 08:44:11.705 Model_Service_5] [PAPER-KV-V6] fetch meta-llama/Llama-3.2-3B -> None requests
[2026-08-22 08:44:11.707 Model_Service_0] [PAPER-KV-V6] fetch Qwen/Qwen2.5-1.5B-Instruct -> None requests
[2026-08-22 08:44:11.715 Model_Service_2] [PAPER-KV-V6] fetch Qwen/Qwen2.5-7B-Instruct -> None requests
[2026-08-22 08:44:11.716 Model_Service_5] [PAPER-KV-V6] fetch meta-llama/Llama-3.2-3B -> None requests
[2026-08-22 08:44:11.717 Model_Service_0] [PAPER-KV-V6] fetch Qwen/Qwen2.5-1.5B-Instruct -> None requests
[2026-08-22 08:44:11.725 Model_Service_2] [PAPER-KV-V6] fetch Qwen/Qwen2.5-7B-Instruct -> None requests
[2026-08-22 08:44:11.727 Model_Service_5] [PAPER-KV-V6] fetch meta-llama/Llama-3.2-3B -> None requests
[2026-08-22 08:44:11.728 Model_Service_0] [PAPER-KV-V6] fetch Qwen/Qwen2.5-1.5B-Instruct -> None requests
[2026-08-22 08:44:11.736 Model_Service_2] [PAPER-KV-V6] fetch Qwen/Qwen2.5-7B-Instruct -> None requests
[2026-08-22 08:44:11.737 Model_Service_5] [PAPER-KV-V6] fetch meta-llama/Llama-3.2-3B -> None requests
[2026-08-22 08:44:11.738 Model_Service_0] [PAPER-KV-V6] fetch Qwen/Qwen2.5-1.5B-Instruct -> None requests
[2026-08-22 08:44:11.747 Model_Service_2] [PAPER-KV-V6] fetch Qwen/Qwen2.5-7B-Instruct -> None requests
[2026-08-22 08:44:11.748 Model_Service_5] [PAPER-KV-V6] fetch meta-llama/Llama-3.2-3B -> None requests
[2026-08-22 08:44:11.748 Model_Service_0] [PAPER-KV-V6] fetch Qwen/Qwen2.5-1.5B-Instruct -> None requests
[2026-08-22 08:44:11.757 Model_Service_2] [PAPER-KV-V6] fetch Qwen/Qwen2.5-7B-Instruct -> None requests
[2026-08-22 08:44:11.758 Model_Service_4] Model service 4 input queue is empty, waiting for next request
[2026-08-22 08:44:11.759 Model_Service_0] [PAPER-KV-V6] fetch Qwen/Qwen2.5-1.5B-Instruct -> None requests
[2026-08-22 08:44:11.759 Model_Service_5] [PAPER-KV-V6] fetch meta-llama/Llama-3.2-3B -> None requests
[2026-08-22 08:44:11.768 Model_Service_2] [PAPER-KV-V6] fetch Qwen/Qwen2.5-7B-Instruct -> None requests
[2026-08-22 08:44:11.769 Model_Service_0] [PAPER-KV-V6] fetch Qwen/Qwen2.5-1.5B-Instruct -> None requests
[2026-08-22 08:44:11.770 Model_Service_5] [PAPER-KV-V6] fetch meta-llama/Llama-3.2-3B -> None requests
[2026-08-22 08:44:11.778 Model_Service_2] [PAPER-KV-V6] fetch Qwen/Qwen2.5-7B-Instruct -> None requests
[2026-08-22 08:44:11.779 Model_Service_0] [PAPER-KV-V6] fetch Qwen/Qwen2.5-1.5B-Instruct -> None requests
[2026-08-22 08:44:11.780 Model_Service_5] [PAPER-KV-V6] fetch meta-llama/Llama-3.2-3B -> None requests
[2026-08-22 08:44:11.789 Model_Service_2] [PAPER-KV-V6] fetch Qwen/Qwen2.5-7B-Instruct -> None requests
[2026-08-22 08:44:11.790 Model_Service_0] [PAPER-KV-V6] fetch Qwen/Qwen2.5-1.5B-Instruct -> None requests
[2026-08-22 08:44:11.791 Model_Service_5] [PAPER-KV-V6] fetch meta-llama/Llama-3.2-3B -> None requests
[2026-08-22 08:44:11.799 Model_Service_2] [PAPER-KV-V6] fetch Qwen/Qwen2.5-7B-Instruct -> None requests
[2026-08-22 08:44:11.800 Model_Service_0] [PAPER-KV-V6] fetch Qwen/Qwen2.5-1.5B-Instruct -> None requests
[2026-08-22 08:44:11.802 Model_Service_5] [PAPER-KV-V6] fetch meta-llama/Llama-3.2-3B -> None requests
[2026-08-22 08:44:11.810 Model_Service_2] [PAPER-KV-V6] fetch Qwen/Qwen2.5-7B-Instruct -> None requests
[2026-08-22 08:44:11.810 Model_Service_0] [PAPER-KV-V6] fetch Qwen/Qwen2.5-1.5B-Instruct -> None requests
[2026-08-22 08:44:11.812 Model_Service_5] [PAPER-KV-V6] fetch meta-llama/Llama-3.2-3B -> None requests
[2026-08-22 08:44:11.820 Model_Service_2] [PAPER-KV-V6] fetch Qwen/Qwen2.5-7B-Instruct -> None requests
[2026-08-22 08:44:11.820 Model_Service_0] [PAPER-KV-V6] fetch Qwen/Qwen2.5-1.5B-Instruct -> None requests
[2026-08-22 08:44:11.823 Model_Service_5] [PAPER-KV-V6] fetch meta-llama/Llama-3.2-3B -> None requests
[2026-08-22 08:44:11.831 Model_Service_2] [PAPER-KV-V6] fetch Qwen/Qwen2.5-7B-Instruct -> None requests
[2026-08-22 08:44:11.831 Model_Service_0] [PAPER-KV-V6] fetch Qwen/Qwen2.5-1.5B-Instruct -> None requests
[2026-08-22 08:44:11.834 Model_Service_5] [PAPER-KV-V6] fetch meta-llama/Llama-3.2-3B -> None requests
[2026-08-22 08:44:11.841 Model_Service_0] [PAPER-KV-V6] fetch Qwen/Qwen2.5-1.5B-Instruct -> None requests
[2026-08-22 08:44:11.841 Model_Service_2] [PAPER-KV-V6] fetch Qwen/Qwen2.5-7B-Instruct -> None requests
[2026-08-22 08:44:11.845 Model_Service_5] [PAPER-KV-V6] fetch meta-llama/Llama-3.2-3B -> None requests
[2026-08-22 08:44:11.851 Model_Service_0] [PAPER-KV-V6] fetch Qwen/Qwen2.5-1.5B-Instruct -> None requests
[2026-08-22 08:44:11.851 Model_Service_2] [PAPER-KV-V6] fetch Qwen/Qwen2.5-7B-Instruct -> None requests
[2026-08-22 08:44:11.855 Model_Service_5] [PAPER-KV-V6] fetch meta-llama/Llama-3.2-3B -> None requests
[2026-08-22 08:44:11.862 Model_Service_0] [PAPER-KV-V6] fetch Qwen/Qwen2.5-1.5B-Instruct -> None requests
[2026-08-22 08:44:11.862 Model_Service_2] [PAPER-KV-V6] fetch Qwen/Qwen2.5-7B-Instruct -> None requests
[2026-08-22 08:44:11.866 Model_Service_5] [PAPER-KV-V6] fetch meta-llama/Llama-3.2-3B -> None requests
[2026-08-22 08:44:11.872 Model_Service_0] [PAPER-KV-V6] fetch Qwen/Qwen2.5-1.5B-Instruct -> None requests
[2026-08-22 08:44:11.872 Model_Service_2] [PAPER-KV-V6] fetch Qwen/Qwen2.5-7B-Instruct -> None requests
[2026-08-22 08:44:11.877 Model_Service_5] [PAPER-KV-V6] fetch meta-llama/Llama-3.2-3B -> None requests
[2026-08-22 08:44:11.882 Model_Service_0] [PAPER-KV-V6] fetch Qwen/Qwen2.5-1.5B-Instruct -> None requests
[2026-08-22 08:44:11.883 Model_Service_2] [PAPER-KV-V6] fetch Qwen/Qwen2.5-7B-Instruct -> None requests
[2026-08-22 08:44:11.887 Model_Service_5] [PAPER-KV-V6] fetch meta-llama/Llama-3.2-3B -> None requests
[2026-08-22 08:44:11.893 Model_Service_0] [PAPER-KV-V6] fetch Qwen/Qwen2.5-1.5B-Instruct -> None requests
[2026-08-22 08:44:11.893 Model_Service_2] [PAPER-KV-V6] fetch Qwen/Qwen2.5-7B-Instruct -> None requests
[2026-08-22 08:44:11.898 Model_Service_5] [PAPER-KV-V6] fetch meta-llama/Llama-3.2-3B -> None requests
[2026-08-22 08:44:11.903 Model_Service_0] [PAPER-KV-V6] fetch Qwen/Qwen2.5-1.5B-Instruct -> None requests
[2026-08-22 08:44:11.904 Model_Service_2] [PAPER-KV-V6] fetch Qwen/Qwen2.5-7B-Instruct -> None requests
[2026-08-22 08:44:11.909 Model_Service_5] [PAPER-KV-V6] fetch meta-llama/Llama-3.2-3B -> None requests
[2026-08-22 08:44:11.913 Model_Service_0] [PAPER-KV-V6] fetch Qwen/Qwen2.5-1.5B-Instruct -> None requests
[2026-08-22 08:44:11.914 Model_Service_2] [PAPER-KV-V6] fetch Qwen/Qwen2.5-7B-Instruct -> None requests
[2026-08-22 08:44:11.920 Model_Service_5] [PAPER-KV-V6] fetch meta-llama/Llama-3.2-3B -> None requests
[2026-08-22 08:44:11.924 Model_Service_0] [PAPER-KV-V6] fetch Qwen/Qwen2.5-1.5B-Instruct -> None requests
[2026-08-22 08:44:11.924 Model_Service_2] [PAPER-KV-V6] fetch Qwen/Qwen2.5-7B-Instruct -> None requests
[2026-08-22 08:44:11.930 Model_Service_5] [PAPER-KV-V6] fetch meta-llama/Llama-3.2-3B -> None requests
[2026-08-22 08:44:11.934 Model_Service_0] [PAPER-KV-V6] fetch Qwen/Qwen2.5-1.5B-Instruct -> None requests
[2026-08-22 08:44:11.935 Model_Service_2] [PAPER-KV-V6] fetch Qwen/Qwen2.5-7B-Instruct -> None requests
[2026-08-22 08:44:11.941 Model_Service_5] [PAPER-KV-V6] fetch meta-llama/Llama-3.2-3B -> None requests
[2026-08-22 08:44:11.944 Model_Service_0] [PAPER-KV-V6] fetch Qwen/Qwen2.5-1.5B-Instruct -> None requests
[2026-08-22 08:44:11.945 Model_Service_2] [PAPER-KV-V6] fetch Qwen/Qwen2.5-7B-Instruct -> None requests
[2026-08-22 08:44:11.952 Model_Service_5] [PAPER-KV-V6] fetch meta-llama/Llama-3.2-3B -> None requests
[2026-08-22 08:44:11.955 Model_Service_0] [PAPER-KV-V6] fetch Qwen/Qwen2.5-1.5B-Instruct -> None requests
[2026-08-22 08:44:11.956 Model_Service_2] [PAPER-KV-V6] fetch Qwen/Qwen2.5-7B-Instruct -> None requests
[2026-08-22 08:44:11.962 Model_Service_5] [PAPER-KV-V6] fetch meta-llama/Llama-3.2-3B -> None requests
[2026-08-22 08:44:11.965 Model_Service_0] [PAPER-KV-V6] fetch Qwen/Qwen2.5-1.5B-Instruct -> None requests
[2026-08-22 08:44:11.966 Model_Service_2] [PAPER-KV-V6] fetch Qwen/Qwen2.5-7B-Instruct -> None requests
[2026-08-22 08:44:11.973 Model_Service_5] [PAPER-KV-V6] fetch meta-llama/Llama-3.2-3B -> None requests
[2026-08-22 08:44:11.975 Model_Service_0] [PAPER-KV-V6] fetch Qwen/Qwen2.5-1.5B-Instruct -> None requests
[2026-08-22 08:44:11.976 Model_Service_2] [PAPER-KV-V6] fetch Qwen/Qwen2.5-7B-Instruct -> None requests
[2026-08-22 08:44:11.984 Model_Service_5] [PAPER-KV-V6] fetch meta-llama/Llama-3.2-3B -> None requests
[2026-08-22 08:44:11.986 Model_Service_0] [PAPER-KV-V6] fetch Qwen/Qwen2.5-1.5B-Instruct -> None requests
[2026-08-22 08:44:11.987 Model_Service_2] [PAPER-KV-V6] fetch Qwen/Qwen2.5-7B-Instruct -> None requests
[2026-08-22 08:44:11.994 Model_Service_5] [PAPER-KV-V6] fetch meta-llama/Llama-3.2-3B -> None requests
[2026-08-22 08:44:11.996 Model_Service_0] [PAPER-KV-V6] fetch Qwen/Qwen2.5-1.5B-Instruct -> None requests
[2026-08-22 08:44:11.997 Model_Service_2] [PAPER-KV-V6] fetch Qwen/Qwen2.5-7B-Instruct -> None requests
[2026-08-22 08:44:12.005 Model_Service_5] [PAPER-KV-V6] fetch meta-llama/Llama-3.2-3B -> None requests
[2026-08-22 08:44:12.007 Model_Service_0] [PAPER-KV-V6] fetch Qwen/Qwen2.5-1.5B-Instruct -> None requests
[2026-08-22 08:44:12.008 Model_Service_2] [PAPER-KV-V6] fetch Qwen/Qwen2.5-7B-Instruct -> None requests
[2026-08-22 08:44:12.016 Model_Service_5] [PAPER-KV-V6] fetch meta-llama/Llama-3.2-3B -> None requests
[2026-08-22 08:44:12.017 Model_Service_0] [PAPER-KV-V6] fetch Qwen/Qwen2.5-1.5B-Instruct -> None requests
[2026-08-22 08:44:12.018 Model_Service_2] [PAPER-KV-V6] fetch Qwen/Qwen2.5-7B-Instruct -> None requests
[2026-08-22 08:44:12.026 Model_Service_5] [PAPER-KV-V6] fetch meta-llama/Llama-3.2-3B -> None requests
[2026-08-22 08:44:12.027 Model_Service_0] [PAPER-KV-V6] fetch Qwen/Qwen2.5-1.5B-Instruct -> None requests
[2026-08-22 08:44:12.028 Model_Service_2] [PAPER-KV-V6] fetch Qwen/Qwen2.5-7B-Instruct -> None requests
[2026-08-22 08:44:12.037 Model_Service_5] [PAPER-KV-V6] fetch meta-llama/Llama-3.2-3B -> None requests
[2026-08-22 08:44:12.038 Model_Service_0] [PAPER-KV-V6] fetch Qwen/Qwen2.5-1.5B-Instruct -> None requests
[2026-08-22 08:44:12.039 Model_Service_2] [PAPER-KV-V6] fetch Qwen/Qwen2.5-7B-Instruct -> None requests
[2026-08-22 08:44:12.048 Model_Service_5] [PAPER-KV-V6] fetch meta-llama/Llama-3.2-3B -> None requests
[2026-08-22 08:44:12.048 Model_Service_0] [PAPER-KV-V6] fetch Qwen/Qwen2.5-1.5B-Instruct -> None requests
[2026-08-22 08:44:12.049 Model_Service_2] [PAPER-KV-V6] fetch Qwen/Qwen2.5-7B-Instruct -> None requests
[2026-08-22 08:44:12.058 Model_Service_0] [PAPER-KV-V6] fetch Qwen/Qwen2.5-1.5B-Instruct -> None requests
[2026-08-22 08:44:12.059 Model_Service_5] [PAPER-KV-V6] fetch meta-llama/Llama-3.2-3B -> None requests
[2026-08-22 08:44:12.059 Model_Service_2] [PAPER-KV-V6] fetch Qwen/Qwen2.5-7B-Instruct -> None requests
[2026-08-22 08:44:12.069 Model_Service_0] [PAPER-KV-V6] fetch Qwen/Qwen2.5-1.5B-Instruct -> None requests
[2026-08-22 08:44:12.069 Model_Service_5] [PAPER-KV-V6] fetch meta-llama/Llama-3.2-3B -> None requests
[2026-08-22 08:44:12.070 Model_Service_2] [PAPER-KV-V6] fetch Qwen/Qwen2.5-7B-Instruct -> None requests
[2026-08-22 08:44:12.079 Model_Service_0] [PAPER-KV-V6] fetch Qwen/Qwen2.5-1.5B-Instruct -> None requests
[2026-08-22 08:44:12.080 Model_Service_5] [PAPER-KV-V6] fetch meta-llama/Llama-3.2-3B -> None requests
[2026-08-22 08:44:12.081 Model_Service_2] [PAPER-KV-V6] fetch Qwen/Qwen2.5-7B-Instruct -> None requests
[2026-08-22 08:44:12.089 Model_Service_0] [PAPER-KV-V6] fetch Qwen/Qwen2.5-1.5B-Instruct -> None requests
[2026-08-22 08:44:12.091 Model_Service_5] [PAPER-KV-V6] fetch meta-llama/Llama-3.2-3B -> None requests
[2026-08-22 08:44:12.091 Model_Service_2] [PAPER-KV-V6] fetch Qwen/Qwen2.5-7B-Instruct -> None requests
[2026-08-22 08:44:12.101 Model_Service_0] [PAPER-KV-V6] fetch Qwen/Qwen2.5-1.5B-Instruct -> None requests
[2026-08-22 08:44:12.101 Model_Service_5] [PAPER-KV-V6] fetch meta-llama/Llama-3.2-3B -> None requests
[2026-08-22 08:44:12.102 Model_Service_2] [PAPER-KV-V6] fetch Qwen/Qwen2.5-7B-Instruct -> None requests
[2026-08-22 08:44:12.111 Model_Service_0] [PAPER-KV-V6] fetch Qwen/Qwen2.5-1.5B-Instruct -> None requests
[2026-08-22 08:44:12.112 Model_Service_5] [PAPER-KV-V6] fetch meta-llama/Llama-3.2-3B -> None requests
[2026-08-22 08:44:12.113 Model_Service_2] [PAPER-KV-V6] fetch Qwen/Qwen2.5-7B-Instruct -> None requests
[2026-08-22 08:44:12.121 Model_Service_0] [PAPER-KV-V6] fetch Qwen/Qwen2.5-1.5B-Instruct -> None requests
[2026-08-22 08:44:12.123 Model_Service_5] [PAPER-KV-V6] fetch meta-llama/Llama-3.2-3B -> None requests
[2026-08-22 08:44:12.123 Model_Service_2] [PAPER-KV-V6] fetch Qwen/Qwen2.5-7B-Instruct -> None requests
[2026-08-22 08:44:12.132 Model_Service_0] [PAPER-KV-V6] fetch Qwen/Qwen2.5-1.5B-Instruct -> None requests
[2026-08-22 08:44:12.134 Model_Service_5] [PAPER-KV-V6] fetch meta-llama/Llama-3.2-3B -> None requests
[2026-08-22 08:44:12.134 Model_Service_2] [PAPER-KV-V6] fetch Qwen/Qwen2.5-7B-Instruct -> None requests
[2026-08-22 08:44:12.142 Model_Service_0] [PAPER-KV-V6] fetch Qwen/Qwen2.5-1.5B-Instruct -> None requests
[2026-08-22 08:44:12.144 Model_Service_5] [PAPER-KV-V6] fetch meta-llama/Llama-3.2-3B -> None requests
[2026-08-22 08:44:12.145 Model_Service_2] [PAPER-KV-V6] fetch Qwen/Qwen2.5-7B-Instruct -> None requests
[2026-08-22 08:44:12.153 Model_Service_0] [PAPER-KV-V6] fetch Qwen/Qwen2.5-1.5B-Instruct -> None requests
[2026-08-22 08:44:12.155 Model_Service_5] [PAPER-KV-V6] fetch meta-llama/Llama-3.2-3B -> None requests
[2026-08-22 08:44:12.156 Model_Service_2] [PAPER-KV-V6] fetch Qwen/Qwen2.5-7B-Instruct -> None requests
[2026-08-22 08:44:12.164 Model_Service_0] [PAPER-KV-V6] fetch Qwen/Qwen2.5-1.5B-Instruct -> None requests
[2026-08-22 08:44:12.166 Model_Service_5] [PAPER-KV-V6] fetch meta-llama/Llama-3.2-3B -> None requests
[2026-08-22 08:44:12.166 Model_Service_2] [PAPER-KV-V6] fetch Qwen/Qwen2.5-7B-Instruct -> None requests
[2026-08-22 08:44:12.174 Model_Service_0] [PAPER-KV-V6] fetch Qwen/Qwen2.5-1.5B-Instruct -> None requests
[2026-08-22 08:44:12.176 Model_Service_5] [PAPER-KV-V6] fetch meta-llama/Llama-3.2-3B -> None requests
[2026-08-22 08:44:12.177 Model_Service_2] [PAPER-KV-V6] fetch Qwen/Qwen2.5-7B-Instruct -> None requests
[2026-08-22 08:44:12.185 Model_Service_0] [PAPER-KV-V6] fetch Qwen/Qwen2.5-1.5B-Instruct -> None requests
[2026-08-22 08:44:12.187 Model_Service_5] [PAPER-KV-V6] fetch meta-llama/Llama-3.2-3B -> None requests
[2026-08-22 08:44:12.188 Model_Service_2] [PAPER-KV-V6] fetch Qwen/Qwen2.5-7B-Instruct -> None requests
[2026-08-22 08:44:12.195 Model_Service_0] [PAPER-KV-V6] fetch Qwen/Qwen2.5-1.5B-Instruct -> None requests
[2026-08-22 08:44:12.198 Model_Service_5] [PAPER-KV-V6] fetch meta-llama/Llama-3.2-3B -> None requests
[2026-08-22 08:44:12.198 Model_Service_2] [PAPER-KV-V6] fetch Qwen/Qwen2.5-7B-Instruct -> None requests
[2026-08-22 08:44:12.205 Model_Service_0] [PAPER-KV-V6] fetch Qwen/Qwen2.5-1.5B-Instruct -> None requests
[2026-08-22 08:44:12.208 Model_Service_5] [PAPER-KV-V6] fetch meta-llama/Llama-3.2-3B -> None requests
[2026-08-22 08:44:12.209 Model_Service_2] [PAPER-KV-V6] fetch Qwen/Qwen2.5-7B-Instruct -> None requests
[2026-08-22 08:44:12.216 Model_Service_0] [PAPER-KV-V6] fetch Qwen/Qwen2.5-1.5B-Instruct -> None requests
[2026-08-22 08:44:12.219 Model_Service_5] [PAPER-KV-V6] fetch meta-llama/Llama-3.2-3B -> None requests
[2026-08-22 08:44:12.220 Model_Service_2] [PAPER-KV-V6] fetch Qwen/Qwen2.5-7B-Instruct -> None requests
[2026-08-22 08:44:12.226 Model_Service_0] [PAPER-KV-V6] fetch Qwen/Qwen2.5-1.5B-Instruct -> None requests
[2026-08-22 08:44:12.231 Model_Service_5] [PAPER-KV-V6] fetch meta-llama/Llama-3.2-3B -> None requests
[2026-08-22 08:44:12.231 Model_Service_2] [PAPER-KV-V6] fetch Qwen/Qwen2.5-7B-Instruct -> None requests
[2026-08-22 08:44:12.237 Model_Service_0] [PAPER-KV-V6] fetch Qwen/Qwen2.5-1.5B-Instruct -> None requests
[2026-08-22 08:44:12.241 Model_Service_2] [PAPER-KV-V6] fetch Qwen/Qwen2.5-7B-Instruct -> None requests
[2026-08-22 08:44:12.242 Model_Service_5] [PAPER-KV-V6] fetch meta-llama/Llama-3.2-3B -> None requests
[2026-08-22 08:44:12.247 Model_Service_0] [PAPER-KV-V6] fetch Qwen/Qwen2.5-1.5B-Instruct -> None requests
[2026-08-22 08:44:12.253 Model_Service_2] [PAPER-KV-V6] fetch Qwen/Qwen2.5-7B-Instruct -> None requests
[2026-08-22 08:44:12.253 Model_Service_5] [PAPER-KV-V6] fetch meta-llama/Llama-3.2-3B -> None requests
[2026-08-22 08:44:12.257 Model_Service_0] [PAPER-KV-V6] fetch Qwen/Qwen2.5-1.5B-Instruct -> None requests
[2026-08-22 08:44:12.264 Model_Service_2] [PAPER-KV-V6] fetch Qwen/Qwen2.5-7B-Instruct -> None requests
[2026-08-22 08:44:12.264 Model_Service_5] [PAPER-KV-V6] fetch meta-llama/Llama-3.2-3B -> None requests
[2026-08-22 08:44:12.268 Model_Service_0] [PAPER-KV-V6] fetch Qwen/Qwen2.5-1.5B-Instruct -> None requests
[2026-08-22 08:44:12.275 Model_Service_2] [PAPER-KV-V6] fetch Qwen/Qwen2.5-7B-Instruct -> None requests
[2026-08-22 08:44:12.275 Model_Service_5] [PAPER-KV-V6] fetch meta-llama/Llama-3.2-3B -> None requests
[2026-08-22 08:44:12.278 Model_Service_0] [PAPER-KV-V6] fetch Qwen/Qwen2.5-1.5B-Instruct -> None requests
[2026-08-22 08:44:12.285 Model_Service_5] [PAPER-KV-V6] fetch meta-llama/Llama-3.2-3B -> None requests
[2026-08-22 08:44:12.286 Model_Service_2] [PAPER-KV-V6] fetch Qwen/Qwen2.5-7B-Instruct -> None requests
[2026-08-22 08:44:12.288 Model_Service_0] [PAPER-KV-V6] fetch Qwen/Qwen2.5-1.5B-Instruct -> None requests
[2026-08-22 08:44:12.296 Model_Service_5] [PAPER-KV-V6] fetch meta-llama/Llama-3.2-3B -> None requests
[2026-08-22 08:44:12.296 Model_Service_2] [PAPER-KV-V6] fetch Qwen/Qwen2.5-7B-Instruct -> None requests
[2026-08-22 08:44:12.299 Model_Service_0] [PAPER-KV-V6] fetch Qwen/Qwen2.5-1.5B-Instruct -> None requests
[2026-08-22 08:44:12.307 Model_Service_5] [PAPER-KV-V6] fetch meta-llama/Llama-3.2-3B -> None requests
[2026-08-22 08:44:12.307 Model_Service_2] [PAPER-KV-V6] fetch Qwen/Qwen2.5-7B-Instruct -> None requests
[2026-08-22 08:44:12.309 Model_Service_0] [PAPER-KV-V6] fetch Qwen/Qwen2.5-1.5B-Instruct -> None requests
[2026-08-22 08:44:12.318 Model_Service_5] [PAPER-KV-V6] fetch meta-llama/Llama-3.2-3B -> None requests
[2026-08-22 08:44:12.318 Model_Service_2] [PAPER-KV-V6] fetch Qwen/Qwen2.5-7B-Instruct -> None requests
[2026-08-22 08:44:12.319 Model_Service_0] [PAPER-KV-V6] fetch Qwen/Qwen2.5-1.5B-Instruct -> None requests
[2026-08-22 08:44:12.329 Model_Service_5] [PAPER-KV-V6] fetch meta-llama/Llama-3.2-3B -> None requests
[2026-08-22 08:44:12.329 Model_Service_2] [PAPER-KV-V6] fetch Qwen/Qwen2.5-7B-Instruct -> None requests
[2026-08-22 08:44:12.330 Model_Service_0] [PAPER-KV-V6] fetch Qwen/Qwen2.5-1.5B-Instruct -> None requests
[2026-08-22 08:44:12.339 Model_Service_5] [PAPER-KV-V6] fetch meta-llama/Llama-3.2-3B -> None requests
[2026-08-22 08:44:12.339 Model_Service_2] [PAPER-KV-V6] fetch Qwen/Qwen2.5-7B-Instruct -> None requests
[2026-08-22 08:44:12.340 Model_Service_0] [PAPER-KV-V6] fetch Qwen/Qwen2.5-1.5B-Instruct -> None requests
[2026-08-22 08:44:12.350 Model_Service_2] [PAPER-KV-V6] fetch Qwen/Qwen2.5-7B-Instruct -> None requests
[2026-08-22 08:44:12.350 Model_Service_5] [PAPER-KV-V6] fetch meta-llama/Llama-3.2-3B -> None requests
[2026-08-22 08:44:12.350 Model_Service_0] [PAPER-KV-V6] fetch Qwen/Qwen2.5-1.5B-Instruct -> None requests
[2026-08-22 08:44:12.361 Model_Service_0] [PAPER-KV-V6] fetch Qwen/Qwen2.5-1.5B-Instruct -> None requests
[2026-08-22 08:44:12.361 Model_Service_2] [PAPER-KV-V6] fetch Qwen/Qwen2.5-7B-Instruct -> None requests
[2026-08-22 08:44:12.361 Model_Service_5] [PAPER-KV-V6] fetch meta-llama/Llama-3.2-3B -> None requests
[2026-08-22 08:44:12.372 Model_Service_0] [PAPER-KV-V6] fetch Qwen/Qwen2.5-1.5B-Instruct -> None requests
[2026-08-22 08:44:12.372 Model_Service_5] [PAPER-KV-V6] fetch meta-llama/Llama-3.2-3B -> None requests
[2026-08-22 08:44:12.372 Model_Service_2] [PAPER-KV-V6] fetch Qwen/Qwen2.5-7B-Instruct -> None requests
[2026-08-22 08:44:12.382 Model_Service_0] [PAPER-KV-V6] fetch Qwen/Qwen2.5-1.5B-Instruct -> None requests
[2026-08-22 08:44:12.383 Model_Service_5] [PAPER-KV-V6] fetch meta-llama/Llama-3.2-3B -> None requests
[2026-08-22 08:44:12.383 Model_Service_2] [PAPER-KV-V6] fetch Qwen/Qwen2.5-7B-Instruct -> None requests
[2026-08-22 08:44:12.393 Model_Service_0] [PAPER-KV-V6] fetch Qwen/Qwen2.5-1.5B-Instruct -> None requests
[2026-08-22 08:44:12.394 Model_Service_2] [PAPER-KV-V6] fetch Qwen/Qwen2.5-7B-Instruct -> None requests
[2026-08-22 08:44:12.394 Model_Service_5] [PAPER-KV-V6] fetch meta-llama/Llama-3.2-3B -> None requests
[2026-08-22 08:44:12.404 Model_Service_0] [PAPER-KV-V6] fetch Qwen/Qwen2.5-1.5B-Instruct -> None requests
[2026-08-22 08:44:12.404 Model_Service_5] [PAPER-KV-V6] fetch meta-llama/Llama-3.2-3B -> None requests
[2026-08-22 08:44:12.404 Model_Service_2] [PAPER-KV-V6] fetch Qwen/Qwen2.5-7B-Instruct -> None requests
[2026-08-22 08:44:12.414 Model_Service_0] [PAPER-KV-V6] fetch Qwen/Qwen2.5-1.5B-Instruct -> None requests
[2026-08-22 08:44:12.415 Model_Service_5] [PAPER-KV-V6] fetch meta-llama/Llama-3.2-3B -> None requests
[2026-08-22 08:44:12.415 Model_Service_2] [PAPER-KV-V6] fetch Qwen/Qwen2.5-7B-Instruct -> None requests
[2026-08-22 08:44:12.425 Model_Service_0] [PAPER-KV-V6] fetch Qwen/Qwen2.5-1.5B-Instruct -> None requests
[2026-08-22 08:44:12.426 Model_Service_5] [PAPER-KV-V6] fetch meta-llama/Llama-3.2-3B -> None requests
[2026-08-22 08:44:12.426 Model_Service_2] [PAPER-KV-V6] fetch Qwen/Qwen2.5-7B-Instruct -> None requests
[2026-08-22 08:44:12.435 Model_Service_0] [PAPER-KV-V6] fetch Qwen/Qwen2.5-1.5B-Instruct -> None requests
[2026-08-22 08:44:12.436 Model_Service_5] [PAPER-KV-V6] fetch meta-llama/Llama-3.2-3B -> None requests
[2026-08-22 08:44:12.436 Model_Service_2] [PAPER-KV-V6] fetch Qwen/Qwen2.5-7B-Instruct -> None requests
[2026-08-22 08:44:12.446 Model_Service_0] [PAPER-KV-V6] fetch Qwen/Qwen2.5-1.5B-Instruct -> None requests
[2026-08-22 08:44:12.447 Model_Service_5] [PAPER-KV-V6] fetch meta-llama/Llama-3.2-3B -> None requests
[2026-08-22 08:44:12.447 Model_Service_2] [PAPER-KV-V6] fetch Qwen/Qwen2.5-7B-Instruct -> None requests
[2026-08-22 08:44:12.457 Model_Service_0] [PAPER-KV-V6] fetch Qwen/Qwen2.5-1.5B-Instruct -> None requests
[2026-08-22 08:44:12.458 Model_Service_5] [PAPER-KV-V6] fetch meta-llama/Llama-3.2-3B -> None requests
[2026-08-22 08:44:12.458 Model_Service_2] [PAPER-KV-V6] fetch Qwen/Qwen2.5-7B-Instruct -> None requests
[2026-08-22 08:44:12.467 Model_Service_0] [PAPER-KV-V6] fetch Qwen/Qwen2.5-1.5B-Instruct -> None requests
[2026-08-22 08:44:12.468 Model_Service_5] [PAPER-KV-V6] fetch meta-llama/Llama-3.2-3B -> None requests
[2026-08-22 08:44:12.469 Model_Service_2] [PAPER-KV-V6] fetch Qwen/Qwen2.5-7B-Instruct -> None requests
[2026-08-22 08:44:12.478 Model_Service_0] [PAPER-KV-V6] fetch Qwen/Qwen2.5-1.5B-Instruct -> None requests
[2026-08-22 08:44:12.479 Model_Service_5] [PAPER-KV-V6] fetch meta-llama/Llama-3.2-3B -> None requests
[2026-08-22 08:44:12.479 Model_Service_2] [PAPER-KV-V6] fetch Qwen/Qwen2.5-7B-Instruct -> None requests
[2026-08-22 08:44:12.488 Model_Service_0] [PAPER-KV-V6] fetch Qwen/Qwen2.5-1.5B-Instruct -> None requests
[2026-08-22 08:44:12.490 Model_Service_5] [PAPER-KV-V6] fetch meta-llama/Llama-3.2-3B -> None requests
[2026-08-22 08:44:12.490 Model_Service_2] [PAPER-KV-V6] fetch Qwen/Qwen2.5-7B-Instruct -> None requests
[2026-08-22 08:44:12.498 Model_Service_0] [PAPER-KV-V6] fetch Qwen/Qwen2.5-1.5B-Instruct -> None requests
[2026-08-22 08:44:12.501 Model_Service_5] [PAPER-KV-V6] fetch meta-llama/Llama-3.2-3B -> None requests
[2026-08-22 08:44:12.501 Model_Service_2] [PAPER-KV-V6] fetch Qwen/Qwen2.5-7B-Instruct -> None requests
[2026-08-22 08:44:12.509 Model_Service_0] [PAPER-KV-V6] fetch Qwen/Qwen2.5-1.5B-Instruct -> None requests
[2026-08-22 08:44:12.512 Model_Service_5] [PAPER-KV-V6] fetch meta-llama/Llama-3.2-3B -> None requests
[2026-08-22 08:44:12.512 Model_Service_2] [PAPER-KV-V6] fetch Qwen/Qwen2.5-7B-Instruct -> None requests
[2026-08-22 08:44:12.519 Model_Service_0] [PAPER-KV-V6] fetch Qwen/Qwen2.5-1.5B-Instruct -> None requests
[2026-08-22 08:44:12.523 Model_Service_5] [PAPER-KV-V6] fetch meta-llama/Llama-3.2-3B -> None requests
[2026-08-22 08:44:12.523 Model_Service_2] [PAPER-KV-V6] fetch Qwen/Qwen2.5-7B-Instruct -> None requests
[2026-08-22 08:44:12.529 Model_Service_0] [PAPER-KV-V6] fetch Qwen/Qwen2.5-1.5B-Instruct -> None requests
[2026-08-22 08:44:12.533 Model_Service_5] [PAPER-KV-V6] fetch meta-llama/Llama-3.2-3B -> None requests
[2026-08-22 08:44:12.534 Model_Service_2] [PAPER-KV-V6] fetch Qwen/Qwen2.5-7B-Instruct -> None requests
[2026-08-22 08:44:12.540 Model_Service_0] [PAPER-KV-V6] fetch Qwen/Qwen2.5-1.5B-Instruct -> None requests
[2026-08-22 08:44:12.544 Model_Service_5] [PAPER-KV-V6] fetch meta-llama/Llama-3.2-3B -> None requests
[2026-08-22 08:44:12.545 Model_Service_2] [PAPER-KV-V6] fetch Qwen/Qwen2.5-7B-Instruct -> None requests
[2026-08-22 08:44:12.550 Model_Service_0] [PAPER-KV-V6] fetch Qwen/Qwen2.5-1.5B-Instruct -> None requests
[2026-08-22 08:44:12.555 Model_Service_5] [PAPER-KV-V6] fetch meta-llama/Llama-3.2-3B -> None requests
[2026-08-22 08:44:12.556 Model_Service_2] [PAPER-KV-V6] fetch Qwen/Qwen2.5-7B-Instruct -> None requests
[2026-08-22 08:44:12.561 Model_Service_0] [PAPER-KV-V6] fetch Qwen/Qwen2.5-1.5B-Instruct -> None requests
[2026-08-22 08:44:12.567 Model_Service_5] [PAPER-KV-V6] fetch meta-llama/Llama-3.2-3B -> None requests
[2026-08-22 08:44:12.567 Model_Service_2] [PAPER-KV-V6] fetch Qwen/Qwen2.5-7B-Instruct -> None requests
[2026-08-22 08:44:12.571 Model_Service_0] [PAPER-KV-V6] fetch Qwen/Qwen2.5-1.5B-Instruct -> None requests
[2026-08-22 08:44:12.578 Model_Service_2] [PAPER-KV-V6] fetch Qwen/Qwen2.5-7B-Instruct -> None requests
[2026-08-22 08:44:12.578 Model_Service_5] [PAPER-KV-V6] fetch meta-llama/Llama-3.2-3B -> None requests
[2026-08-22 08:44:12.582 Model_Service_0] [PAPER-KV-V6] fetch Qwen/Qwen2.5-1.5B-Instruct -> None requests
[2026-08-22 08:44:12.589 Model_Service_2] [PAPER-KV-V6] fetch Qwen/Qwen2.5-7B-Instruct -> None requests
[2026-08-22 08:44:12.589 Model_Service_5] [PAPER-KV-V6] fetch meta-llama/Llama-3.2-3B -> None requests
[2026-08-22 08:44:12.593 Model_Service_0] [PAPER-KV-V6] fetch Qwen/Qwen2.5-1.5B-Instruct -> None requests
[2026-08-22 08:44:12.599 Model_Service_2] [PAPER-KV-V6] fetch Qwen/Qwen2.5-7B-Instruct -> None requests
[2026-08-22 08:44:12.599 Model_Service_5] [PAPER-KV-V6] fetch meta-llama/Llama-3.2-3B -> None requests
[2026-08-22 08:44:12.603 Model_Service_0] [PAPER-KV-V6] fetch Qwen/Qwen2.5-1.5B-Instruct -> None requests
[2026-08-22 08:44:12.610 Model_Service_2] [PAPER-KV-V6] fetch Qwen/Qwen2.5-7B-Instruct -> None requests
[2026-08-22 08:44:12.610 Model_Service_5] [PAPER-KV-V6] fetch meta-llama/Llama-3.2-3B -> None requests
[2026-08-22 08:44:12.614 Model_Service_0] [PAPER-KV-V6] fetch Qwen/Qwen2.5-1.5B-Instruct -> None requests
[2026-08-22 08:44:12.621 Model_Service_2] [PAPER-KV-V6] fetch Qwen/Qwen2.5-7B-Instruct -> None requests
[2026-08-22 08:44:12.621 Model_Service_5] [PAPER-KV-V6] fetch meta-llama/Llama-3.2-3B -> None requests
[2026-08-22 08:44:12.624 Model_Service_0] [PAPER-KV-V6] fetch Qwen/Qwen2.5-1.5B-Instruct -> None requests
[2026-08-22 08:44:12.631 Model_Service_2] [PAPER-KV-V6] fetch Qwen/Qwen2.5-7B-Instruct -> None requests
[2026-08-22 08:44:12.631 Model_Service_5] [PAPER-KV-V6] fetch meta-llama/Llama-3.2-3B -> None requests
[2026-08-22 08:44:12.635 Model_Service_0] [PAPER-KV-V6] fetch Qwen/Qwen2.5-1.5B-Instruct -> None requests
[2026-08-22 08:44:12.642 Model_Service_2] [PAPER-KV-V6] fetch Qwen/Qwen2.5-7B-Instruct -> None requests
[2026-08-22 08:44:12.642 Model_Service_5] [PAPER-KV-V6] fetch meta-llama/Llama-3.2-3B -> None requests
[2026-08-22 08:44:12.645 Model_Service_0] [PAPER-KV-V6] fetch Qwen/Qwen2.5-1.5B-Instruct -> None requests
[2026-08-22 08:44:12.653 Model_Service_2] [PAPER-KV-V6] fetch Qwen/Qwen2.5-7B-Instruct -> None requests
[2026-08-22 08:44:12.653 Model_Service_5] [PAPER-KV-V6] fetch meta-llama/Llama-3.2-3B -> None requests
[2026-08-22 08:44:12.655 Model_Service_0] [PAPER-KV-V6] fetch Qwen/Qwen2.5-1.5B-Instruct -> None requests
[2026-08-22 08:44:12.663 Model_Service_2] [PAPER-KV-V6] fetch Qwen/Qwen2.5-7B-Instruct -> None requests
[2026-08-22 08:44:12.664 Model_Service_5] [PAPER-KV-V6] fetch meta-llama/Llama-3.2-3B -> None requests
[2026-08-22 08:44:12.666 Model_Service_0] [PAPER-KV-V6] fetch Qwen/Qwen2.5-1.5B-Instruct -> None requests
[2026-08-22 08:44:12.674 Model_Service_2] [PAPER-KV-V6] fetch Qwen/Qwen2.5-7B-Instruct -> None requests
[2026-08-22 08:44:12.674 Model_Service_5] [PAPER-KV-V6] fetch meta-llama/Llama-3.2-3B -> None requests
[2026-08-22 08:44:12.676 Model_Service_0] [PAPER-KV-V6] fetch Qwen/Qwen2.5-1.5B-Instruct -> None requests
[2026-08-22 08:44:12.685 Model_Service_2] [PAPER-KV-V6] fetch Qwen/Qwen2.5-7B-Instruct -> None requests
[2026-08-22 08:44:12.685 Model_Service_5] [PAPER-KV-V6] fetch meta-llama/Llama-3.2-3B -> None requests
[2026-08-22 08:44:12.687 Model_Service_0] [PAPER-KV-V6] fetch Qwen/Qwen2.5-1.5B-Instruct -> None requests
[2026-08-22 08:44:12.696 Model_Service_2] [PAPER-KV-V6] fetch Qwen/Qwen2.5-7B-Instruct -> None requests
[2026-08-22 08:44:12.696 Model_Service_5] [PAPER-KV-V6] fetch meta-llama/Llama-3.2-3B -> None requests
[2026-08-22 08:44:12.697 Model_Service_0] [PAPER-KV-V6] fetch Qwen/Qwen2.5-1.5B-Instruct -> None requests
[2026-08-22 08:44:12.706 Model_Service_2] [PAPER-KV-V6] fetch Qwen/Qwen2.5-7B-Instruct -> None requests
[2026-08-22 08:44:12.707 Model_Service_5] [PAPER-KV-V6] fetch meta-llama/Llama-3.2-3B -> None requests
[2026-08-22 08:44:12.708 Model_Service_0] [PAPER-KV-V6] fetch Qwen/Qwen2.5-1.5B-Instruct -> None requests
[2026-08-22 08:44:12.717 Model_Service_2] [PAPER-KV-V6] fetch Qwen/Qwen2.5-7B-Instruct -> None requests
[2026-08-22 08:44:12.718 Model_Service_5] [PAPER-KV-V6] fetch meta-llama/Llama-3.2-3B -> None requests
[2026-08-22 08:44:12.718 Model_Service_0] [PAPER-KV-V6] fetch Qwen/Qwen2.5-1.5B-Instruct -> None requests
[2026-08-22 08:44:12.728 Model_Service_2] [PAPER-KV-V6] fetch Qwen/Qwen2.5-7B-Instruct -> None requests
[2026-08-22 08:44:12.728 Model_Service_5] [PAPER-KV-V6] fetch meta-llama/Llama-3.2-3B -> None requests
[2026-08-22 08:44:12.728 Model_Service_0] [PAPER-KV-V6] fetch Qwen/Qwen2.5-1.5B-Instruct -> None requests
[2026-08-22 08:44:12.739 Model_Service_2] [PAPER-KV-V6] fetch Qwen/Qwen2.5-7B-Instruct -> None requests
[2026-08-22 08:44:12.739 Model_Service_0] [PAPER-KV-V6] fetch Qwen/Qwen2.5-1.5B-Instruct -> None requests
[2026-08-22 08:44:12.739 Model_Service_5] [PAPER-KV-V6] fetch meta-llama/Llama-3.2-3B -> None requests
[2026-08-22 08:44:12.749 Model_Service_2] [PAPER-KV-V6] fetch Qwen/Qwen2.5-7B-Instruct -> None requests
[2026-08-22 08:44:12.749 Model_Service_0] [PAPER-KV-V6] fetch Qwen/Qwen2.5-1.5B-Instruct -> None requests
[2026-08-22 08:44:12.750 Model_Service_5] [PAPER-KV-V6] fetch meta-llama/Llama-3.2-3B -> None requests
[2026-08-22 08:44:12.760 Model_Service_0] [PAPER-KV-V6] fetch Qwen/Qwen2.5-1.5B-Instruct -> None requests
[2026-08-22 08:44:12.760 Model_Service_2] [PAPER-KV-V6] fetch Qwen/Qwen2.5-7B-Instruct -> None requests
[2026-08-22 08:44:12.761 Model_Service_5] [PAPER-KV-V6] fetch meta-llama/Llama-3.2-3B -> None requests
[2026-08-22 08:44:12.770 Model_Service_0] [PAPER-KV-V6] fetch Qwen/Qwen2.5-1.5B-Instruct -> None requests
[2026-08-22 08:44:12.771 Model_Service_2] [PAPER-KV-V6] fetch Qwen/Qwen2.5-7B-Instruct -> None requests
[2026-08-22 08:44:12.771 Model_Service_5] [PAPER-KV-V6] fetch meta-llama/Llama-3.2-3B -> None requests
[2026-08-22 08:44:12.781 Model_Service_0] [PAPER-KV-V6] fetch Qwen/Qwen2.5-1.5B-Instruct -> None requests
[2026-08-22 08:44:12.781 Model_Service_2] [PAPER-KV-V6] fetch Qwen/Qwen2.5-7B-Instruct -> None requests
[2026-08-22 08:44:12.782 Model_Service_5] [PAPER-KV-V6] fetch meta-llama/Llama-3.2-3B -> None requests
[2026-08-22 08:44:12.791 Model_Service_0] [PAPER-KV-V6] fetch Qwen/Qwen2.5-1.5B-Instruct -> None requests
[2026-08-22 08:44:12.792 Model_Service_2] [PAPER-KV-V6] fetch Qwen/Qwen2.5-7B-Instruct -> None requests
[2026-08-22 08:44:12.793 Model_Service_5] [PAPER-KV-V6] fetch meta-llama/Llama-3.2-3B -> None requests
[2026-08-22 08:44:12.802 Model_Service_0] [PAPER-KV-V6] fetch Qwen/Qwen2.5-1.5B-Instruct -> None requests
[2026-08-22 08:44:12.803 Model_Service_2] [PAPER-KV-V6] fetch Qwen/Qwen2.5-7B-Instruct -> None requests
[2026-08-22 08:44:12.803 Model_Service_5] [PAPER-KV-V6] fetch meta-llama/Llama-3.2-3B -> None requests
[2026-08-22 08:44:12.812 Model_Service_0] [PAPER-KV-V6] fetch Qwen/Qwen2.5-1.5B-Instruct -> None requests
[2026-08-22 08:44:12.813 Model_Service_2] [PAPER-KV-V6] fetch Qwen/Qwen2.5-7B-Instruct -> None requests
[2026-08-22 08:44:12.814 Model_Service_5] [PAPER-KV-V6] fetch meta-llama/Llama-3.2-3B -> None requests
[2026-08-22 08:44:12.823 Model_Service_0] [PAPER-KV-V6] fetch Qwen/Qwen2.5-1.5B-Instruct -> None requests
[2026-08-22 08:44:12.824 Model_Service_2] [PAPER-KV-V6] fetch Qwen/Qwen2.5-7B-Instruct -> None requests
[2026-08-22 08:44:12.825 Model_Service_5] [PAPER-KV-V6] fetch meta-llama/Llama-3.2-3B -> None requests
[2026-08-22 08:44:12.833 Model_Service_0] [PAPER-KV-V6] fetch Qwen/Qwen2.5-1.5B-Instruct -> None requests
[2026-08-22 08:44:12.835 Model_Service_2] [PAPER-KV-V6] fetch Qwen/Qwen2.5-7B-Instruct -> None requests
[2026-08-22 08:44:12.836 Model_Service_5] [PAPER-KV-V6] fetch meta-llama/Llama-3.2-3B -> None requests
[2026-08-22 08:44:12.844 Model_Service_0] [PAPER-KV-V6] fetch Qwen/Qwen2.5-1.5B-Instruct -> None requests
[2026-08-22 08:44:12.845 Model_Service_2] [PAPER-KV-V6] fetch Qwen/Qwen2.5-7B-Instruct -> None requests
[2026-08-22 08:44:12.846 Model_Service_5] [PAPER-KV-V6] fetch meta-llama/Llama-3.2-3B -> None requests
[2026-08-22 08:44:12.854 Model_Service_0] [PAPER-KV-V6] fetch Qwen/Qwen2.5-1.5B-Instruct -> None requests
[2026-08-22 08:44:12.856 Model_Service_2] [PAPER-KV-V6] fetch Qwen/Qwen2.5-7B-Instruct -> None requests
[2026-08-22 08:44:12.857 Model_Service_5] [PAPER-KV-V6] fetch meta-llama/Llama-3.2-3B -> None requests
[2026-08-22 08:44:12.865 Model_Service_0] [PAPER-KV-V6] fetch Qwen/Qwen2.5-1.5B-Instruct -> None requests
[2026-08-22 08:44:12.867 Model_Service_2] [PAPER-KV-V6] fetch Qwen/Qwen2.5-7B-Instruct -> None requests
[2026-08-22 08:44:12.868 Model_Service_5] [PAPER-KV-V6] fetch meta-llama/Llama-3.2-3B -> None requests
[2026-08-22 08:44:12.875 Model_Service_0] [PAPER-KV-V6] fetch Qwen/Qwen2.5-1.5B-Instruct -> None requests
[2026-08-22 08:44:12.878 Model_Service_2] [PAPER-KV-V6] fetch Qwen/Qwen2.5-7B-Instruct -> None requests
[2026-08-22 08:44:12.879 Model_Service_5] [PAPER-KV-V6] fetch meta-llama/Llama-3.2-3B -> None requests
[2026-08-22 08:44:12.885 Model_Service_0] [PAPER-KV-V6] fetch Qwen/Qwen2.5-1.5B-Instruct -> None requests
[2026-08-22 08:44:12.889 Model_Service_2] [PAPER-KV-V6] fetch Qwen/Qwen2.5-7B-Instruct -> None requests
[2026-08-22 08:44:12.889 Model_Service_5] [PAPER-KV-V6] fetch meta-llama/Llama-3.2-3B -> None requests
[2026-08-22 08:44:12.896 Model_Service_0] [PAPER-KV-V6] fetch Qwen/Qwen2.5-1.5B-Instruct -> None requests
[2026-08-22 08:44:12.899 Model_Service_2] [PAPER-KV-V6] fetch Qwen/Qwen2.5-7B-Instruct -> None requests
[2026-08-22 08:44:12.900 Model_Service_5] [PAPER-KV-V6] fetch meta-llama/Llama-3.2-3B -> None requests
[2026-08-22 08:44:12.907 Model_Service_0] [PAPER-KV-V6] fetch Qwen/Qwen2.5-1.5B-Instruct -> None requests
[2026-08-22 08:44:12.910 Model_Service_2] [PAPER-KV-V6] fetch Qwen/Qwen2.5-7B-Instruct -> None requests
[2026-08-22 08:44:12.911 Model_Service_5] [PAPER-KV-V6] fetch meta-llama/Llama-3.2-3B -> None requests
[2026-08-22 08:44:12.917 Model_Service_0] [PAPER-KV-V6] fetch Qwen/Qwen2.5-1.5B-Instruct -> None requests
[2026-08-22 08:44:12.921 Model_Service_2] [PAPER-KV-V6] fetch Qwen/Qwen2.5-7B-Instruct -> None requests
[2026-08-22 08:44:12.922 Model_Service_5] [PAPER-KV-V6] fetch meta-llama/Llama-3.2-3B -> None requests
[2026-08-22 08:44:12.927 Model_Service_0] [PAPER-KV-V6] fetch Qwen/Qwen2.5-1.5B-Instruct -> None requests
[2026-08-22 08:44:12.931 Model_Service_2] [PAPER-KV-V6] fetch Qwen/Qwen2.5-7B-Instruct -> None requests
[2026-08-22 08:44:12.932 Model_Service_5] [PAPER-KV-V6] fetch meta-llama/Llama-3.2-3B -> None requests
[2026-08-22 08:44:12.938 Model_Service_0] [PAPER-KV-V6] fetch Qwen/Qwen2.5-1.5B-Instruct -> None requests
[2026-08-22 08:44:12.942 Model_Service_2] [PAPER-KV-V6] fetch Qwen/Qwen2.5-7B-Instruct -> None requests
[2026-08-22 08:44:12.943 Model_Service_5] [PAPER-KV-V6] fetch meta-llama/Llama-3.2-3B -> None requests
[2026-08-22 08:44:12.948 Model_Service_0] [PAPER-KV-V6] fetch Qwen/Qwen2.5-1.5B-Instruct -> None requests
[2026-08-22 08:44:12.953 Model_Service_2] [PAPER-KV-V6] fetch Qwen/Qwen2.5-7B-Instruct -> None requests
[2026-08-22 08:44:12.954 Model_Service_5] [PAPER-KV-V6] fetch meta-llama/Llama-3.2-3B -> None requests
[2026-08-22 08:44:12.958 Model_Service_0] [PAPER-KV-V6] fetch Qwen/Qwen2.5-1.5B-Instruct -> None requests
[2026-08-22 08:44:12.964 Model_Service_2] [PAPER-KV-V6] fetch Qwen/Qwen2.5-7B-Instruct -> None requests
[2026-08-22 08:44:12.964 Model_Service_5] [PAPER-KV-V6] fetch meta-llama/Llama-3.2-3B -> None requests
[2026-08-22 08:44:12.969 Model_Service_0] [PAPER-KV-V6] fetch Qwen/Qwen2.5-1.5B-Instruct -> None requests
[2026-08-22 08:44:12.975 Model_Service_2] [PAPER-KV-V6] fetch Qwen/Qwen2.5-7B-Instruct -> None requests
[2026-08-22 08:44:12.975 Model_Service_5] [PAPER-KV-V6] fetch meta-llama/Llama-3.2-3B -> None requests
[2026-08-22 08:44:12.979 Model_Service_0] [PAPER-KV-V6] fetch Qwen/Qwen2.5-1.5B-Instruct -> None requests
[2026-08-22 08:44:12.985 Model_Service_2] [PAPER-KV-V6] fetch Qwen/Qwen2.5-7B-Instruct -> None requests
[2026-08-22 08:44:12.986 Model_Service_5] [PAPER-KV-V6] fetch meta-llama/Llama-3.2-3B -> None requests
[2026-08-22 08:44:12.990 Model_Service_0] [PAPER-KV-V6] fetch Qwen/Qwen2.5-1.5B-Instruct -> None requests
[2026-08-22 08:44:12.996 Model_Service_2] [PAPER-KV-V6] fetch Qwen/Qwen2.5-7B-Instruct -> None requests
[2026-08-22 08:44:12.997 Model_Service_5] [PAPER-KV-V6] fetch meta-llama/Llama-3.2-3B -> None requests
[2026-08-22 08:44:13.001 Model_Service_0] [PAPER-KV-V6] fetch Qwen/Qwen2.5-1.5B-Instruct -> None requests
[2026-08-22 08:44:13.007 Model_Service_2] [PAPER-KV-V6] fetch Qwen/Qwen2.5-7B-Instruct -> None requests
[2026-08-22 08:44:13.007 Model_Service_5] [PAPER-KV-V6] fetch meta-llama/Llama-3.2-3B -> None requests
[2026-08-22 08:44:13.011 Model_Service_0] [PAPER-KV-V6] fetch Qwen/Qwen2.5-1.5B-Instruct -> None requests
[2026-08-22 08:44:13.018 Model_Service_2] [PAPER-KV-V6] fetch Qwen/Qwen2.5-7B-Instruct -> None requests
[2026-08-22 08:44:13.018 Model_Service_5] [PAPER-KV-V6] fetch meta-llama/Llama-3.2-3B -> None requests
[2026-08-22 08:44:13.021 Model_Service_0] [PAPER-KV-V6] fetch Qwen/Qwen2.5-1.5B-Instruct -> None requests
[2026-08-22 08:44:13.029 Model_Service_2] [PAPER-KV-V6] fetch Qwen/Qwen2.5-7B-Instruct -> None requests
[2026-08-22 08:44:13.029 Model_Service_5] [PAPER-KV-V6] fetch meta-llama/Llama-3.2-3B -> None requests
[2026-08-22 08:44:13.032 Model_Service_0] [PAPER-KV-V6] fetch Qwen/Qwen2.5-1.5B-Instruct -> None requests
[2026-08-22 08:44:13.040 Model_Service_2] [PAPER-KV-V6] fetch Qwen/Qwen2.5-7B-Instruct -> None requests
[2026-08-22 08:44:13.040 Model_Service_5] [PAPER-KV-V6] fetch meta-llama/Llama-3.2-3B -> None requests
[2026-08-22 08:44:13.043 Model_Service_0] [PAPER-KV-V6] fetch Qwen/Qwen2.5-1.5B-Instruct -> None requests
[2026-08-22 08:44:13.051 Model_Service_2] [PAPER-KV-V6] fetch Qwen/Qwen2.5-7B-Instruct -> None requests
[2026-08-22 08:44:13.051 Model_Service_5] [PAPER-KV-V6] fetch meta-llama/Llama-3.2-3B -> None requests
[2026-08-22 08:44:13.053 Model_Service_0] [PAPER-KV-V6] fetch Qwen/Qwen2.5-1.5B-Instruct -> None requests
[2026-08-22 08:44:13.061 Model_Service_2] [PAPER-KV-V6] fetch Qwen/Qwen2.5-7B-Instruct -> None requests
[2026-08-22 08:44:13.062 Model_Service_5] [PAPER-KV-V6] fetch meta-llama/Llama-3.2-3B -> None requests
[2026-08-22 08:44:13.064 Model_Service_0] [PAPER-KV-V6] fetch Qwen/Qwen2.5-1.5B-Instruct -> None requests
[2026-08-22 08:44:13.072 Model_Service_2] [PAPER-KV-V6] fetch Qwen/Qwen2.5-7B-Instruct -> None requests
[2026-08-22 08:44:13.073 Model_Service_5] [PAPER-KV-V6] fetch meta-llama/Llama-3.2-3B -> None requests
[2026-08-22 08:44:13.074 Model_Service_0] [PAPER-KV-V6] fetch Qwen/Qwen2.5-1.5B-Instruct -> None requests
[2026-08-22 08:44:13.083 Model_Service_2] [PAPER-KV-V6] fetch Qwen/Qwen2.5-7B-Instruct -> None requests
[2026-08-22 08:44:13.084 Model_Service_5] [PAPER-KV-V6] fetch meta-llama/Llama-3.2-3B -> None requests
[2026-08-22 08:44:13.084 Model_Service_0] [PAPER-KV-V6] fetch Qwen/Qwen2.5-1.5B-Instruct -> None requests
[2026-08-22 08:44:13.094 Model_Service_2] [PAPER-KV-V6] fetch Qwen/Qwen2.5-7B-Instruct -> None requests
[2026-08-22 08:44:13.095 Model_Service_5] [PAPER-KV-V6] fetch meta-llama/Llama-3.2-3B -> None requests
[2026-08-22 08:44:13.095 Model_Service_0] [PAPER-KV-V6] fetch Qwen/Qwen2.5-1.5B-Instruct -> None requests
[2026-08-22 08:44:13.105 Model_Service_2] [PAPER-KV-V6] fetch Qwen/Qwen2.5-7B-Instruct -> None requests
[2026-08-22 08:44:13.106 Model_Service_0] [PAPER-KV-V6] fetch Qwen/Qwen2.5-1.5B-Instruct -> None requests
[2026-08-22 08:44:13.106 Model_Service_5] [PAPER-KV-V6] fetch meta-llama/Llama-3.2-3B -> None requests
[2026-08-22 08:44:13.116 Model_Service_0] [PAPER-KV-V6] fetch Qwen/Qwen2.5-1.5B-Instruct -> None requests
[2026-08-22 08:44:13.116 Model_Service_2] [PAPER-KV-V6] fetch Qwen/Qwen2.5-7B-Instruct -> None requests
[2026-08-22 08:44:13.116 Model_Service_5] [PAPER-KV-V6] fetch meta-llama/Llama-3.2-3B -> None requests
[2026-08-22 08:44:13.126 Model_Service_0] [PAPER-KV-V6] fetch Qwen/Qwen2.5-1.5B-Instruct -> None requests
[2026-08-22 08:44:13.127 Model_Service_2] [PAPER-KV-V6] fetch Qwen/Qwen2.5-7B-Instruct -> None requests
[2026-08-22 08:44:13.127 Model_Service_5] [PAPER-KV-V6] fetch meta-llama/Llama-3.2-3B -> None requests
[2026-08-22 08:44:13.137 Model_Service_0] [PAPER-KV-V6] fetch Qwen/Qwen2.5-1.5B-Instruct -> None requests
[2026-08-22 08:44:13.137 Model_Service_2] [PAPER-KV-V6] fetch Qwen/Qwen2.5-7B-Instruct -> None requests
[2026-08-22 08:44:13.138 Model_Service_5] [PAPER-KV-V6] fetch meta-llama/Llama-3.2-3B -> None requests
[2026-08-22 08:44:13.147 Model_Service_0] [PAPER-KV-V6] fetch Qwen/Qwen2.5-1.5B-Instruct -> None requests
[2026-08-22 08:44:13.148 Model_Service_2] [PAPER-KV-V6] fetch Qwen/Qwen2.5-7B-Instruct -> None requests
[2026-08-22 08:44:13.149 Model_Service_5] [PAPER-KV-V6] fetch meta-llama/Llama-3.2-3B -> None requests
[2026-08-22 08:44:13.157 Model_Service_0] [PAPER-KV-V6] fetch Qwen/Qwen2.5-1.5B-Instruct -> None requests
[2026-08-22 08:44:13.159 Model_Service_2] [PAPER-KV-V6] fetch Qwen/Qwen2.5-7B-Instruct -> None requests
[2026-08-22 08:44:13.159 Model_Service_5] [PAPER-KV-V6] fetch meta-llama/Llama-3.2-3B -> None requests
[2026-08-22 08:44:13.162 Model_Service_1] Model service 1 input queue is empty, waiting for next request
[2026-08-22 08:44:13.168 Model_Service_0] [PAPER-KV-V6] fetch Qwen/Qwen2.5-1.5B-Instruct -> None requests
[2026-08-22 08:44:13.169 Model_Service_2] [PAPER-KV-V6] fetch Qwen/Qwen2.5-7B-Instruct -> None requests
[2026-08-22 08:44:13.170 Model_Service_5] [PAPER-KV-V6] fetch meta-llama/Llama-3.2-3B -> None requests
[2026-08-22 08:44:13.178 Model_Service_0] [PAPER-KV-V6] fetch Qwen/Qwen2.5-1.5B-Instruct -> None requests
[2026-08-22 08:44:13.180 Model_Service_2] [PAPER-KV-V6] fetch Qwen/Qwen2.5-7B-Instruct -> None requests
[2026-08-22 08:44:13.181 Model_Service_5] [PAPER-KV-V6] fetch meta-llama/Llama-3.2-3B -> None requests
[2026-08-22 08:44:13.189 Model_Service_0] [PAPER-KV-V6] fetch Qwen/Qwen2.5-1.5B-Instruct -> None requests
[2026-08-22 08:44:13.190 Model_Service_2] [PAPER-KV-V6] fetch Qwen/Qwen2.5-7B-Instruct -> None requests
[2026-08-22 08:44:13.191 Model_Service_5] [PAPER-KV-V6] fetch meta-llama/Llama-3.2-3B -> None requests
[2026-08-22 08:44:13.199 Model_Service_0] [PAPER-KV-V6] fetch Qwen/Qwen2.5-1.5B-Instruct -> None requests
[2026-08-22 08:44:13.200 Model_Service_2] [PAPER-KV-V6] fetch Qwen/Qwen2.5-7B-Instruct -> None requests
[2026-08-22 08:44:13.202 Model_Service_5] [PAPER-KV-V6] fetch meta-llama/Llama-3.2-3B -> None requests
[2026-08-22 08:44:13.210 Model_Service_0] [PAPER-KV-V6] fetch Qwen/Qwen2.5-1.5B-Instruct -> None requests
[2026-08-22 08:44:13.211 Model_Service_2] [PAPER-KV-V6] fetch Qwen/Qwen2.5-7B-Instruct -> None requests
[2026-08-22 08:44:13.213 Model_Service_5] [PAPER-KV-V6] fetch meta-llama/Llama-3.2-3B -> None requests
[2026-08-22 08:44:13.220 Model_Service_0] [PAPER-KV-V6] fetch Qwen/Qwen2.5-1.5B-Instruct -> None requests
[2026-08-22 08:44:13.221 Model_Service_2] [PAPER-KV-V6] fetch Qwen/Qwen2.5-7B-Instruct -> None requests
[2026-08-22 08:44:13.224 Model_Service_5] [PAPER-KV-V6] fetch meta-llama/Llama-3.2-3B -> None requests
[2026-08-22 08:44:13.231 Model_Service_0] [PAPER-KV-V6] fetch Qwen/Qwen2.5-1.5B-Instruct -> None requests
[2026-08-22 08:44:13.232 Model_Service_2] [PAPER-KV-V6] fetch Qwen/Qwen2.5-7B-Instruct -> None requests
[2026-08-22 08:44:13.235 Model_Service_5] [PAPER-KV-V6] fetch meta-llama/Llama-3.2-3B -> None requests
[2026-08-22 08:44:13.241 Model_Service_0] [PAPER-KV-V6] fetch Qwen/Qwen2.5-1.5B-Instruct -> None requests
[2026-08-22 08:44:13.242 Model_Service_2] [PAPER-KV-V6] fetch Qwen/Qwen2.5-7B-Instruct -> None requests
[2026-08-22 08:44:13.245 Model_Service_5] [PAPER-KV-V6] fetch meta-llama/Llama-3.2-3B -> None requests
[2026-08-22 08:44:13.252 Model_Service_0] [PAPER-KV-V6] fetch Qwen/Qwen2.5-1.5B-Instruct -> None requests
[2026-08-22 08:44:13.253 Model_Service_2] [PAPER-KV-V6] fetch Qwen/Qwen2.5-7B-Instruct -> None requests
[2026-08-22 08:44:13.256 Model_Service_5] [PAPER-KV-V6] fetch meta-llama/Llama-3.2-3B -> None requests
[2026-08-22 08:44:13.262 Model_Service_0] [PAPER-KV-V6] fetch Qwen/Qwen2.5-1.5B-Instruct -> None requests
[2026-08-22 08:44:13.263 Model_Service_2] [PAPER-KV-V6] fetch Qwen/Qwen2.5-7B-Instruct -> None requests
[2026-08-22 08:44:13.267 Model_Service_5] [PAPER-KV-V6] fetch meta-llama/Llama-3.2-3B -> None requests
[2026-08-22 08:44:13.272 Model_Service_0] [PAPER-KV-V6] fetch Qwen/Qwen2.5-1.5B-Instruct -> None requests
[2026-08-22 08:44:13.274 Model_Service_2] [PAPER-KV-V6] fetch Qwen/Qwen2.5-7B-Instruct -> None requests
[2026-08-22 08:44:13.278 Model_Service_5] [PAPER-KV-V6] fetch meta-llama/Llama-3.2-3B -> None requests
[2026-08-22 08:44:13.283 Model_Service_0] [PAPER-KV-V6] fetch Qwen/Qwen2.5-1.5B-Instruct -> None requests
[2026-08-22 08:44:13.284 Model_Service_2] [PAPER-KV-V6] fetch Qwen/Qwen2.5-7B-Instruct -> None requests
[2026-08-22 08:44:13.290 Model_Service_5] [PAPER-KV-V6] fetch meta-llama/Llama-3.2-3B -> None requests
[2026-08-22 08:44:13.293 Model_Service_0] [PAPER-KV-V6] fetch Qwen/Qwen2.5-1.5B-Instruct -> None requests
[2026-08-22 08:44:13.295 Model_Service_2] [PAPER-KV-V6] fetch Qwen/Qwen2.5-7B-Instruct -> None requests
[2026-08-22 08:44:13.300 Model_Service_5] [PAPER-KV-V6] fetch meta-llama/Llama-3.2-3B -> None requests
[2026-08-22 08:44:13.304 Model_Service_0] [PAPER-KV-V6] fetch Qwen/Qwen2.5-1.5B-Instruct -> None requests
[2026-08-22 08:44:13.305 Model_Service_2] [PAPER-KV-V6] fetch Qwen/Qwen2.5-7B-Instruct -> None requests
[2026-08-22 08:44:13.311 Model_Service_5] [PAPER-KV-V6] fetch meta-llama/Llama-3.2-3B -> None requests
[2026-08-22 08:44:13.314 Model_Service_0] [PAPER-KV-V6] fetch Qwen/Qwen2.5-1.5B-Instruct -> None requests
[2026-08-22 08:44:13.316 Model_Service_2] [PAPER-KV-V6] fetch Qwen/Qwen2.5-7B-Instruct -> None requests
[2026-08-22 08:44:13.322 Model_Service_5] [PAPER-KV-V6] fetch meta-llama/Llama-3.2-3B -> None requests
[2026-08-22 08:44:13.325 Model_Service_0] [PAPER-KV-V6] fetch Qwen/Qwen2.5-1.5B-Instruct -> None requests
[2026-08-22 08:44:13.326 Model_Service_2] [PAPER-KV-V6] fetch Qwen/Qwen2.5-7B-Instruct -> None requests
[2026-08-22 08:44:13.333 Model_Service_5] [PAPER-KV-V6] fetch meta-llama/Llama-3.2-3B -> None requests
[2026-08-22 08:44:13.336 Model_Service_0] [PAPER-KV-V6] fetch Qwen/Qwen2.5-1.5B-Instruct -> None requests
[2026-08-22 08:44:13.337 Model_Service_2] [PAPER-KV-V6] fetch Qwen/Qwen2.5-7B-Instruct -> None requests
[2026-08-22 08:44:13.344 Model_Service_5] [PAPER-KV-V6] fetch meta-llama/Llama-3.2-3B -> None requests
[2026-08-22 08:44:13.346 Model_Service_0] [PAPER-KV-V6] fetch Qwen/Qwen2.5-1.5B-Instruct -> None requests
[2026-08-22 08:44:13.347 Model_Service_2] [PAPER-KV-V6] fetch Qwen/Qwen2.5-7B-Instruct -> None requests
[2026-08-22 08:44:13.355 Model_Service_5] [PAPER-KV-V6] fetch meta-llama/Llama-3.2-3B -> None requests
[2026-08-22 08:44:13.357 Model_Service_0] [PAPER-KV-V6] fetch Qwen/Qwen2.5-1.5B-Instruct -> None requests
[2026-08-22 08:44:13.358 Model_Service_2] [PAPER-KV-V6] fetch Qwen/Qwen2.5-7B-Instruct -> None requests
[2026-08-22 08:44:13.365 Model_Service_5] [PAPER-KV-V6] fetch meta-llama/Llama-3.2-3B -> None requests
[2026-08-22 08:44:13.367 Model_Service_0] [PAPER-KV-V6] fetch Qwen/Qwen2.5-1.5B-Instruct -> None requests
[2026-08-22 08:44:13.368 Model_Service_2] [PAPER-KV-V6] fetch Qwen/Qwen2.5-7B-Instruct -> None requests
[2026-08-22 08:44:13.376 Model_Service_5] [PAPER-KV-V6] fetch meta-llama/Llama-3.2-3B -> None requests
[2026-08-22 08:44:13.377 Model_Service_0] [PAPER-KV-V6] fetch Qwen/Qwen2.5-1.5B-Instruct -> None requests
[2026-08-22 08:44:13.378 Model_Service_2] [PAPER-KV-V6] fetch Qwen/Qwen2.5-7B-Instruct -> None requests
[2026-08-22 08:44:13.387 Model_Service_5] [PAPER-KV-V6] fetch meta-llama/Llama-3.2-3B -> None requests
[2026-08-22 08:44:13.388 Model_Service_0] [PAPER-KV-V6] fetch Qwen/Qwen2.5-1.5B-Instruct -> None requests
[2026-08-22 08:44:13.389 Model_Service_2] [PAPER-KV-V6] fetch Qwen/Qwen2.5-7B-Instruct -> None requests
[2026-08-22 08:44:13.397 Model_Service_5] [PAPER-KV-V6] fetch meta-llama/Llama-3.2-3B -> None requests
[2026-08-22 08:44:13.398 Model_Service_0] [PAPER-KV-V6] fetch Qwen/Qwen2.5-1.5B-Instruct -> None requests
[2026-08-22 08:44:13.399 Model_Service_2] [PAPER-KV-V6] fetch Qwen/Qwen2.5-7B-Instruct -> None requests
[2026-08-22 08:44:13.408 Model_Service_5] [PAPER-KV-V6] fetch meta-llama/Llama-3.2-3B -> None requests
[2026-08-22 08:44:13.409 Model_Service_0] [PAPER-KV-V6] fetch Qwen/Qwen2.5-1.5B-Instruct -> None requests
[2026-08-22 08:44:13.409 Model_Service_2] [PAPER-KV-V6] fetch Qwen/Qwen2.5-7B-Instruct -> None requests
[2026-08-22 08:44:13.419 Model_Service_5] [PAPER-KV-V6] fetch meta-llama/Llama-3.2-3B -> None requests
[2026-08-22 08:44:13.419 Model_Service_0] [PAPER-KV-V6] fetch Qwen/Qwen2.5-1.5B-Instruct -> None requests
[2026-08-22 08:44:13.420 Model_Service_2] [PAPER-KV-V6] fetch Qwen/Qwen2.5-7B-Instruct -> None requests
[2026-08-22 08:44:13.430 Model_Service_0] [PAPER-KV-V6] fetch Qwen/Qwen2.5-1.5B-Instruct -> None requests
[2026-08-22 08:44:13.430 Model_Service_5] [PAPER-KV-V6] fetch meta-llama/Llama-3.2-3B -> None requests
[2026-08-22 08:44:13.430 Model_Service_2] [PAPER-KV-V6] fetch Qwen/Qwen2.5-7B-Instruct -> None requests
[2026-08-22 08:44:13.440 Model_Service_0] [PAPER-KV-V6] fetch Qwen/Qwen2.5-1.5B-Instruct -> None requests
[2026-08-22 08:44:13.441 Model_Service_5] [PAPER-KV-V6] fetch meta-llama/Llama-3.2-3B -> None requests
[2026-08-22 08:44:13.441 Model_Service_2] [PAPER-KV-V6] fetch Qwen/Qwen2.5-7B-Instruct -> None requests
[2026-08-22 08:44:13.451 Model_Service_0] [PAPER-KV-V6] fetch Qwen/Qwen2.5-1.5B-Instruct -> None requests
[2026-08-22 08:44:13.451 Model_Service_5] [PAPER-KV-V6] fetch meta-llama/Llama-3.2-3B -> None requests
[2026-08-22 08:44:13.452 Model_Service_2] [PAPER-KV-V6] fetch Qwen/Qwen2.5-7B-Instruct -> None requests
[2026-08-22 08:44:13.461 Model_Service_0] [PAPER-KV-V6] fetch Qwen/Qwen2.5-1.5B-Instruct -> None requests
[2026-08-22 08:44:13.462 Model_Service_5] [PAPER-KV-V6] fetch meta-llama/Llama-3.2-3B -> None requests
[2026-08-22 08:44:13.462 Model_Service_2] [PAPER-KV-V6] fetch Qwen/Qwen2.5-7B-Instruct -> None requests
[2026-08-22 08:44:13.472 Model_Service_0] [PAPER-KV-V6] fetch Qwen/Qwen2.5-1.5B-Instruct -> None requests
[2026-08-22 08:44:13.473 Model_Service_5] [PAPER-KV-V6] fetch meta-llama/Llama-3.2-3B -> None requests
[2026-08-22 08:44:13.473 Model_Service_2] [PAPER-KV-V6] fetch Qwen/Qwen2.5-7B-Instruct -> None requests
[2026-08-22 08:44:13.482 Model_Service_0] [PAPER-KV-V6] fetch Qwen/Qwen2.5-1.5B-Instruct -> None requests
[2026-08-22 08:44:13.483 Model_Service_5] [PAPER-KV-V6] fetch meta-llama/Llama-3.2-3B -> None requests
[2026-08-22 08:44:13.484 Model_Service_2] [PAPER-KV-V6] fetch Qwen/Qwen2.5-7B-Instruct -> None requests
[2026-08-22 08:44:13.493 Model_Service_0] [PAPER-KV-V6] fetch Qwen/Qwen2.5-1.5B-Instruct -> None requests
[2026-08-22 08:44:13.494 Model_Service_5] [PAPER-KV-V6] fetch meta-llama/Llama-3.2-3B -> None requests
[2026-08-22 08:44:13.494 Model_Service_2] [PAPER-KV-V6] fetch Qwen/Qwen2.5-7B-Instruct -> None requests
[2026-08-22 08:44:13.503 Model_Service_0] [PAPER-KV-V6] fetch Qwen/Qwen2.5-1.5B-Instruct -> None requests
[2026-08-22 08:44:13.505 Model_Service_5] [PAPER-KV-V6] fetch meta-llama/Llama-3.2-3B -> None requests
[2026-08-22 08:44:13.505 Model_Service_2] [PAPER-KV-V6] fetch Qwen/Qwen2.5-7B-Instruct -> None requests
[2026-08-22 08:44:13.513 Model_Service_0] [PAPER-KV-V6] fetch Qwen/Qwen2.5-1.5B-Instruct -> None requests
[2026-08-22 08:44:13.515 Model_Service_5] [PAPER-KV-V6] fetch meta-llama/Llama-3.2-3B -> None requests
[2026-08-22 08:44:13.516 Model_Service_2] [PAPER-KV-V6] fetch Qwen/Qwen2.5-7B-Instruct -> None requests
[2026-08-22 08:44:13.524 Model_Service_0] [PAPER-KV-V6] fetch Qwen/Qwen2.5-1.5B-Instruct -> None requests
[2026-08-22 08:44:13.526 Model_Service_5] [PAPER-KV-V6] fetch meta-llama/Llama-3.2-3B -> None requests
[2026-08-22 08:44:13.526 Model_Service_2] [PAPER-KV-V6] fetch Qwen/Qwen2.5-7B-Instruct -> None requests
[2026-08-22 08:44:13.534 Model_Service_0] [PAPER-KV-V6] fetch Qwen/Qwen2.5-1.5B-Instruct -> None requests
[2026-08-22 08:44:13.537 Model_Service_5] [PAPER-KV-V6] fetch meta-llama/Llama-3.2-3B -> None requests
[2026-08-22 08:44:13.537 Model_Service_2] [PAPER-KV-V6] fetch Qwen/Qwen2.5-7B-Instruct -> None requests
[2026-08-22 08:44:13.545 Model_Service_0] [PAPER-KV-V6] fetch Qwen/Qwen2.5-1.5B-Instruct -> None requests
[2026-08-22 08:44:13.547 Model_Service_5] [PAPER-KV-V6] fetch meta-llama/Llama-3.2-3B -> None requests
[2026-08-22 08:44:13.548 Model_Service_2] [PAPER-KV-V6] fetch Qwen/Qwen2.5-7B-Instruct -> None requests
[2026-08-22 08:44:13.555 Model_Service_0] [PAPER-KV-V6] fetch Qwen/Qwen2.5-1.5B-Instruct -> None requests
[2026-08-22 08:44:13.558 Model_Service_5] [PAPER-KV-V6] fetch meta-llama/Llama-3.2-3B -> None requests
[2026-08-22 08:44:13.558 Model_Service_2] [PAPER-KV-V6] fetch Qwen/Qwen2.5-7B-Instruct -> None requests
[2026-08-22 08:44:13.566 Model_Service_0] [PAPER-KV-V6] fetch Qwen/Qwen2.5-1.5B-Instruct -> None requests
[2026-08-22 08:44:13.569 Model_Service_5] [PAPER-KV-V6] fetch meta-llama/Llama-3.2-3B -> None requests
[2026-08-22 08:44:13.569 Model_Service_2] [PAPER-KV-V6] fetch Qwen/Qwen2.5-7B-Instruct -> None requests
[2026-08-22 08:44:13.576 Model_Service_0] [PAPER-KV-V6] fetch Qwen/Qwen2.5-1.5B-Instruct -> None requests
[2026-08-22 08:44:13.579 Model_Service_5] [PAPER-KV-V6] fetch meta-llama/Llama-3.2-3B -> None requests
[2026-08-22 08:44:13.580 Model_Service_2] [PAPER-KV-V6] fetch Qwen/Qwen2.5-7B-Instruct -> None requests
[2026-08-22 08:44:13.587 Model_Service_0] [PAPER-KV-V6] fetch Qwen/Qwen2.5-1.5B-Instruct -> None requests
[2026-08-22 08:44:13.591 Model_Service_5] [PAPER-KV-V6] fetch meta-llama/Llama-3.2-3B -> None requests
[2026-08-22 08:44:13.591 Model_Service_2] [PAPER-KV-V6] fetch Qwen/Qwen2.5-7B-Instruct -> None requests
[2026-08-22 08:44:13.597 Model_Service_0] [PAPER-KV-V6] fetch Qwen/Qwen2.5-1.5B-Instruct -> None requests
[2026-08-22 08:44:13.602 Model_Service_5] [PAPER-KV-V6] fetch meta-llama/Llama-3.2-3B -> None requests
[2026-08-22 08:44:13.602 Model_Service_2] [PAPER-KV-V6] fetch Qwen/Qwen2.5-7B-Instruct -> None requests
[2026-08-22 08:44:13.608 Model_Service_0] [PAPER-KV-V6] fetch Qwen/Qwen2.5-1.5B-Instruct -> None requests
[2026-08-22 08:44:13.612 Model_Service_5] [PAPER-KV-V6] fetch meta-llama/Llama-3.2-3B -> None requests
[2026-08-22 08:44:13.612 Model_Service_2] [PAPER-KV-V6] fetch Qwen/Qwen2.5-7B-Instruct -> None requests
[2026-08-22 08:44:13.619 Model_Service_0] [PAPER-KV-V6] fetch Qwen/Qwen2.5-1.5B-Instruct -> None requests
[2026-08-22 08:44:13.623 Model_Service_5] [PAPER-KV-V6] fetch meta-llama/Llama-3.2-3B -> None requests
[2026-08-22 08:44:13.623 Model_Service_2] [PAPER-KV-V6] fetch Qwen/Qwen2.5-7B-Instruct -> None requests
[2026-08-22 08:44:13.629 Model_Service_0] [PAPER-KV-V6] fetch Qwen/Qwen2.5-1.5B-Instruct -> None requests
[2026-08-22 08:44:13.634 Model_Service_5] [PAPER-KV-V6] fetch meta-llama/Llama-3.2-3B -> None requests
[2026-08-22 08:44:13.634 Model_Service_2] [PAPER-KV-V6] fetch Qwen/Qwen2.5-7B-Instruct -> None requests
[2026-08-22 08:44:13.639 Model_Service_0] [PAPER-KV-V6] fetch Qwen/Qwen2.5-1.5B-Instruct -> None requests
[2026-08-22 08:44:13.644 Model_Service_5] [PAPER-KV-V6] fetch meta-llama/Llama-3.2-3B -> None requests
[2026-08-22 08:44:13.644 Model_Service_2] [PAPER-KV-V6] fetch Qwen/Qwen2.5-7B-Instruct -> None requests
[2026-08-22 08:44:13.650 Model_Service_0] [PAPER-KV-V6] fetch Qwen/Qwen2.5-1.5B-Instruct -> None requests
[2026-08-22 08:44:13.655 Model_Service_5] [PAPER-KV-V6] fetch meta-llama/Llama-3.2-3B -> None requests
[2026-08-22 08:44:13.655 Model_Service_2] [PAPER-KV-V6] fetch Qwen/Qwen2.5-7B-Instruct -> None requests
[2026-08-22 08:44:13.660 Model_Service_0] [PAPER-KV-V6] fetch Qwen/Qwen2.5-1.5B-Instruct -> None requests
[2026-08-22 08:44:13.666 Model_Service_5] [PAPER-KV-V6] fetch meta-llama/Llama-3.2-3B -> None requests
[2026-08-22 08:44:13.666 Model_Service_2] [PAPER-KV-V6] fetch Qwen/Qwen2.5-7B-Instruct -> None requests
[2026-08-22 08:44:13.670 Model_Service_0] [PAPER-KV-V6] fetch Qwen/Qwen2.5-1.5B-Instruct -> None requests
[2026-08-22 08:44:13.676 Model_Service_5] [PAPER-KV-V6] fetch meta-llama/Llama-3.2-3B -> None requests
[2026-08-22 08:44:13.676 Model_Service_2] [PAPER-KV-V6] fetch Qwen/Qwen2.5-7B-Instruct -> None requests
[2026-08-22 08:44:13.681 Model_Service_0] [PAPER-KV-V6] fetch Qwen/Qwen2.5-1.5B-Instruct -> None requests
[2026-08-22 08:44:13.687 Model_Service_5] [PAPER-KV-V6] fetch meta-llama/Llama-3.2-3B -> None requests
[2026-08-22 08:44:13.687 Model_Service_2] [PAPER-KV-V6] fetch Qwen/Qwen2.5-7B-Instruct -> None requests
[2026-08-22 08:44:13.691 Model_Service_0] [PAPER-KV-V6] fetch Qwen/Qwen2.5-1.5B-Instruct -> None requests
[2026-08-22 08:44:13.698 Model_Service_5] [PAPER-KV-V6] fetch meta-llama/Llama-3.2-3B -> None requests
[2026-08-22 08:44:13.698 Model_Service_2] [PAPER-KV-V6] fetch Qwen/Qwen2.5-7B-Instruct -> None requests
[2026-08-22 08:44:13.702 Model_Service_0] [PAPER-KV-V6] fetch Qwen/Qwen2.5-1.5B-Instruct -> None requests
[2026-08-22 08:44:13.710 Model_Service_5] [PAPER-KV-V6] fetch meta-llama/Llama-3.2-3B -> None requests
[2026-08-22 08:44:13.710 Model_Service_2] [PAPER-KV-V6] fetch Qwen/Qwen2.5-7B-Instruct -> None requests
[2026-08-22 08:44:13.712 Model_Service_0] [PAPER-KV-V6] fetch Qwen/Qwen2.5-1.5B-Instruct -> None requests
[2026-08-22 08:44:13.720 Model_Service_5] [PAPER-KV-V6] fetch meta-llama/Llama-3.2-3B -> None requests
[2026-08-22 08:44:13.720 Model_Service_2] [PAPER-KV-V6] fetch Qwen/Qwen2.5-7B-Instruct -> None requests
[2026-08-22 08:44:13.722 Model_Service_0] [PAPER-KV-V6] fetch Qwen/Qwen2.5-1.5B-Instruct -> None requests
[2026-08-22 08:44:13.731 Model_Service_5] [PAPER-KV-V6] fetch meta-llama/Llama-3.2-3B -> None requests
[2026-08-22 08:44:13.731 Model_Service_2] [PAPER-KV-V6] fetch Qwen/Qwen2.5-7B-Instruct -> None requests
[2026-08-22 08:44:13.733 Model_Service_0] [PAPER-KV-V6] fetch Qwen/Qwen2.5-1.5B-Instruct -> None requests
[2026-08-22 08:44:13.742 Model_Service_5] [PAPER-KV-V6] fetch meta-llama/Llama-3.2-3B -> None requests
[2026-08-22 08:44:13.742 Model_Service_2] [PAPER-KV-V6] fetch Qwen/Qwen2.5-7B-Instruct -> None requests
[2026-08-22 08:44:13.743 Model_Service_0] [PAPER-KV-V6] fetch Qwen/Qwen2.5-1.5B-Instruct -> None requests
[2026-08-22 08:44:13.752 Model_Service_5] [PAPER-KV-V6] fetch meta-llama/Llama-3.2-3B -> None requests
[2026-08-22 08:44:13.752 Model_Service_2] [PAPER-KV-V6] fetch Qwen/Qwen2.5-7B-Instruct -> None requests
[2026-08-22 08:44:13.753 Model_Service_0] [PAPER-KV-V6] fetch Qwen/Qwen2.5-1.5B-Instruct -> None requests
[2026-08-22 08:44:13.763 Model_Service_5] [PAPER-KV-V6] fetch meta-llama/Llama-3.2-3B -> None requests
[2026-08-22 08:44:13.763 Model_Service_2] [PAPER-KV-V6] fetch Qwen/Qwen2.5-7B-Instruct -> None requests
[2026-08-22 08:44:13.764 Model_Service_0] [PAPER-KV-V6] fetch Qwen/Qwen2.5-1.5B-Instruct -> None requests
[2026-08-22 08:44:13.774 Model_Service_5] [PAPER-KV-V6] fetch meta-llama/Llama-3.2-3B -> None requests
[2026-08-22 08:44:13.774 Model_Service_2] [PAPER-KV-V6] fetch Qwen/Qwen2.5-7B-Instruct -> None requests
[2026-08-22 08:44:13.774 Model_Service_0] [PAPER-KV-V6] fetch Qwen/Qwen2.5-1.5B-Instruct -> None requests
[2026-08-22 08:44:13.784 Model_Service_5] [PAPER-KV-V6] fetch meta-llama/Llama-3.2-3B -> None requests
[2026-08-22 08:44:13.784 Model_Service_2] [PAPER-KV-V6] fetch Qwen/Qwen2.5-7B-Instruct -> None requests
[2026-08-22 08:44:13.785 Model_Service_0] [PAPER-KV-V6] fetch Qwen/Qwen2.5-1.5B-Instruct -> None requests
[2026-08-22 08:44:13.795 Model_Service_5] [PAPER-KV-V6] fetch meta-llama/Llama-3.2-3B -> None requests
[2026-08-22 08:44:13.795 Model_Service_0] [PAPER-KV-V6] fetch Qwen/Qwen2.5-1.5B-Instruct -> None requests
[2026-08-22 08:44:13.795 Model_Service_2] [PAPER-KV-V6] fetch Qwen/Qwen2.5-7B-Instruct -> None requests
[2026-08-22 08:44:13.806 Model_Service_0] [PAPER-KV-V6] fetch Qwen/Qwen2.5-1.5B-Instruct -> None requests
[2026-08-22 08:44:13.806 Model_Service_5] [PAPER-KV-V6] fetch meta-llama/Llama-3.2-3B -> None requests
[2026-08-22 08:44:13.806 Model_Service_2] [PAPER-KV-V6] fetch Qwen/Qwen2.5-7B-Instruct -> None requests
[2026-08-22 08:44:13.816 Model_Service_0] [PAPER-KV-V6] fetch Qwen/Qwen2.5-1.5B-Instruct -> None requests
[2026-08-22 08:44:13.817 Model_Service_5] [PAPER-KV-V6] fetch meta-llama/Llama-3.2-3B -> None requests
[2026-08-22 08:44:13.817 Model_Service_2] [PAPER-KV-V6] fetch Qwen/Qwen2.5-7B-Instruct -> None requests
[2026-08-22 08:44:13.827 Model_Service_0] [PAPER-KV-V6] fetch Qwen/Qwen2.5-1.5B-Instruct -> None requests
[2026-08-22 08:44:13.827 Model_Service_2] [PAPER-KV-V6] fetch Qwen/Qwen2.5-7B-Instruct -> None requests
[2026-08-22 08:44:13.827 Model_Service_5] [PAPER-KV-V6] fetch meta-llama/Llama-3.2-3B -> None requests
[2026-08-22 08:44:13.838 Model_Service_0] [PAPER-KV-V6] fetch Qwen/Qwen2.5-1.5B-Instruct -> None requests
[2026-08-22 08:44:13.838 Model_Service_5] [PAPER-KV-V6] fetch meta-llama/Llama-3.2-3B -> None requests
[2026-08-22 08:44:13.838 Model_Service_2] [PAPER-KV-V6] fetch Qwen/Qwen2.5-7B-Instruct -> None requests
[2026-08-22 08:44:13.849 Model_Service_0] [PAPER-KV-V6] fetch Qwen/Qwen2.5-1.5B-Instruct -> None requests
[2026-08-22 08:44:13.849 Model_Service_5] [PAPER-KV-V6] fetch meta-llama/Llama-3.2-3B -> None requests
[2026-08-22 08:44:13.849 Model_Service_2] [PAPER-KV-V6] fetch Qwen/Qwen2.5-7B-Instruct -> None requests
[2026-08-22 08:44:13.859 Model_Service_0] [PAPER-KV-V6] fetch Qwen/Qwen2.5-1.5B-Instruct -> None requests
[2026-08-22 08:44:13.859 Model_Service_2] [PAPER-KV-V6] fetch Qwen/Qwen2.5-7B-Instruct -> None requests
[2026-08-22 08:44:13.859 Model_Service_5] [PAPER-KV-V6] fetch meta-llama/Llama-3.2-3B -> None requests
[2026-08-22 08:44:13.870 Model_Service_2] [PAPER-KV-V6] fetch Qwen/Qwen2.5-7B-Instruct -> None requests
[2026-08-22 08:44:13.870 Model_Service_0] [PAPER-KV-V6] fetch Qwen/Qwen2.5-1.5B-Instruct -> None requests
[2026-08-22 08:44:13.870 Model_Service_5] [PAPER-KV-V6] fetch meta-llama/Llama-3.2-3B -> None requests
[2026-08-22 08:44:13.881 Model_Service_0] [PAPER-KV-V6] fetch Qwen/Qwen2.5-1.5B-Instruct -> None requests
[2026-08-22 08:44:13.881 Model_Service_2] [PAPER-KV-V6] fetch Qwen/Qwen2.5-7B-Instruct -> None requests
[2026-08-22 08:44:13.881 Model_Service_5] [PAPER-KV-V6] fetch meta-llama/Llama-3.2-3B -> None requests
[2026-08-22 08:44:13.892 Model_Service_0] [PAPER-KV-V6] fetch Qwen/Qwen2.5-1.5B-Instruct -> None requests
[2026-08-22 08:44:13.892 Model_Service_2] [PAPER-KV-V6] fetch Qwen/Qwen2.5-7B-Instruct -> None requests
[2026-08-22 08:44:13.892 Model_Service_5] [PAPER-KV-V6] fetch meta-llama/Llama-3.2-3B -> None requests
[2026-08-22 08:44:13.900 Model_Service_3] Model service 3 input queue is empty, waiting for next request
[2026-08-22 08:44:13.902 Model_Service_0] [PAPER-KV-V6] fetch Qwen/Qwen2.5-1.5B-Instruct -> None requests
[2026-08-22 08:44:13.902 Model_Service_2] [PAPER-KV-V6] fetch Qwen/Qwen2.5-7B-Instruct -> None requests
[2026-08-22 08:44:13.902 Model_Service_5] [PAPER-KV-V6] fetch meta-llama/Llama-3.2-3B -> None requests
[2026-08-22 08:44:13.913 Model_Service_0] [PAPER-KV-V6] fetch Qwen/Qwen2.5-1.5B-Instruct -> None requests
[2026-08-22 08:44:13.913 Model_Service_2] [PAPER-KV-V6] fetch Qwen/Qwen2.5-7B-Instruct -> None requests
[2026-08-22 08:44:13.913 Model_Service_5] [PAPER-KV-V6] fetch meta-llama/Llama-3.2-3B -> None requests
[2026-08-22 08:44:13.923 Model_Service_0] [PAPER-KV-V6] fetch Qwen/Qwen2.5-1.5B-Instruct -> None requests
[2026-08-22 08:44:13.924 Model_Service_2] [PAPER-KV-V6] fetch Qwen/Qwen2.5-7B-Instruct -> None requests
[2026-08-22 08:44:13.924 Model_Service_5] [PAPER-KV-V6] fetch meta-llama/Llama-3.2-3B -> None requests
[2026-08-22 08:44:13.933 Model_Service_0] [PAPER-KV-V6] fetch Qwen/Qwen2.5-1.5B-Instruct -> None requests
[2026-08-22 08:44:13.934 Model_Service_2] [PAPER-KV-V6] fetch Qwen/Qwen2.5-7B-Instruct -> None requests
[2026-08-22 08:44:13.935 Model_Service_5] [PAPER-KV-V6] fetch meta-llama/Llama-3.2-3B -> None requests
[2026-08-22 08:44:13.944 Model_Service_0] [PAPER-KV-V6] fetch Qwen/Qwen2.5-1.5B-Instruct -> None requests
[2026-08-22 08:44:13.945 Model_Service_2] [PAPER-KV-V6] fetch Qwen/Qwen2.5-7B-Instruct -> None requests
[2026-08-22 08:44:13.945 Model_Service_5] [PAPER-KV-V6] fetch meta-llama/Llama-3.2-3B -> None requests
[2026-08-22 08:44:13.954 Model_Service_0] [PAPER-KV-V6] fetch Qwen/Qwen2.5-1.5B-Instruct -> None requests
[2026-08-22 08:44:13.956 Model_Service_2] [PAPER-KV-V6] fetch Qwen/Qwen2.5-7B-Instruct -> None requests
[2026-08-22 08:44:13.956 Model_Service_5] [PAPER-KV-V6] fetch meta-llama/Llama-3.2-3B -> None requests
[2026-08-22 08:44:13.964 Model_Service_0] [PAPER-KV-V6] fetch Qwen/Qwen2.5-1.5B-Instruct -> None requests
[2026-08-22 08:44:13.967 Model_Service_2] [PAPER-KV-V6] fetch Qwen/Qwen2.5-7B-Instruct -> None requests
[2026-08-22 08:44:13.967 Model_Service_5] [PAPER-KV-V6] fetch meta-llama/Llama-3.2-3B -> None requests
[2026-08-22 08:44:13.975 Model_Service_0] [PAPER-KV-V6] fetch Qwen/Qwen2.5-1.5B-Instruct -> None requests
[2026-08-22 08:44:13.977 Model_Service_2] [PAPER-KV-V6] fetch Qwen/Qwen2.5-7B-Instruct -> None requests
[2026-08-22 08:44:13.977 Model_Service_5] [PAPER-KV-V6] fetch meta-llama/Llama-3.2-3B -> None requests
[2026-08-22 08:44:13.985 Model_Service_0] [PAPER-KV-V6] fetch Qwen/Qwen2.5-1.5B-Instruct -> None requests
[2026-08-22 08:44:13.988 Model_Service_2] [PAPER-KV-V6] fetch Qwen/Qwen2.5-7B-Instruct -> None requests
[2026-08-22 08:44:13.988 Model_Service_5] [PAPER-KV-V6] fetch meta-llama/Llama-3.2-3B -> None requests
[2026-08-22 08:44:13.999 Model_Service_2] [PAPER-KV-V6] fetch Qwen/Qwen2.5-7B-Instruct -> None requests
[2026-08-22 08:44:13.999 Model_Service_5] [PAPER-KV-V6] fetch meta-llama/Llama-3.2-3B -> None requests
[2026-08-22 08:44:14.009 Model_Service_2] [PAPER-KV-V6] fetch Qwen/Qwen2.5-7B-Instruct -> None requests
[2026-08-22 08:44:14.013 Model_Service_5] [PAPER-KV-V6] fetch meta-llama/Llama-3.2-3B -> None requests
[2026-08-22 08:44:14.020 Model_Service_2] [PAPER-KV-V6] fetch Qwen/Qwen2.5-7B-Instruct -> None requests
[2026-08-22 08:44:14.024 Model_Service_5] [PAPER-KV-V6] fetch meta-llama/Llama-3.2-3B -> None requests
[2026-08-22 08:44:14.031 Model_Service_2] [PAPER-KV-V6] fetch Qwen/Qwen2.5-7B-Instruct -> None requests
[2026-08-22 08:44:14.035 Model_Service_5] [PAPER-KV-V6] fetch meta-llama/Llama-3.2-3B -> None requests
[2026-08-22 08:44:14.042 Model_Service_2] [PAPER-KV-V6] fetch Qwen/Qwen2.5-7B-Instruct -> None requests
[2026-08-22 08:44:14.045 Model_Service_5] [PAPER-KV-V6] fetch meta-llama/Llama-3.2-3B -> None requests
[2026-08-22 08:44:14.052 Model_Service_2] [PAPER-KV-V6] fetch Qwen/Qwen2.5-7B-Instruct -> None requests
[2026-08-22 08:44:14.056 Model_Service_5] [PAPER-KV-V6] fetch meta-llama/Llama-3.2-3B -> None requests
[2026-08-22 08:44:14.063 Model_Service_2] [PAPER-KV-V6] fetch Qwen/Qwen2.5-7B-Instruct -> None requests
[2026-08-22 08:44:14.067 Model_Service_5] [PAPER-KV-V6] fetch meta-llama/Llama-3.2-3B -> None requests
[2026-08-22 08:44:14.074 Model_Service_2] [PAPER-KV-V6] fetch Qwen/Qwen2.5-7B-Instruct -> None requests
[2026-08-22 08:44:14.078 Model_Service_5] [PAPER-KV-V6] fetch meta-llama/Llama-3.2-3B -> None requests
[2026-08-22 08:44:14.085 Model_Service_2] [PAPER-KV-V6] fetch Qwen/Qwen2.5-7B-Instruct -> None requests
[2026-08-22 08:44:14.089 Model_Service_5] [PAPER-KV-V6] fetch meta-llama/Llama-3.2-3B -> None requests
[2026-08-22 08:44:14.096 Model_Service_2] [PAPER-KV-V6] fetch Qwen/Qwen2.5-7B-Instruct -> None requests
[2026-08-22 08:44:14.099 Model_Service_5] [PAPER-KV-V6] fetch meta-llama/Llama-3.2-3B -> None requests
[2026-08-22 08:44:14.107 Model_Service_2] [PAPER-KV-V6] fetch Qwen/Qwen2.5-7B-Instruct -> None requests
[2026-08-22 08:44:14.110 Model_Service_5] [PAPER-KV-V6] fetch meta-llama/Llama-3.2-3B -> None requests
[2026-08-22 08:44:14.118 Model_Service_2] [PAPER-KV-V6] fetch Qwen/Qwen2.5-7B-Instruct -> None requests
[2026-08-22 08:44:14.121 Model_Service_5] [PAPER-KV-V6] fetch meta-llama/Llama-3.2-3B -> None requests
[2026-08-22 08:44:14.129 Model_Service_2] [PAPER-KV-V6] fetch Qwen/Qwen2.5-7B-Instruct -> None requests
[2026-08-22 08:44:14.132 Model_Service_5] [PAPER-KV-V6] fetch meta-llama/Llama-3.2-3B -> None requests
[2026-08-22 08:44:14.140 Model_Service_2] [PAPER-KV-V6] fetch Qwen/Qwen2.5-7B-Instruct -> None requests
[2026-08-22 08:44:14.143 Model_Service_5] [PAPER-KV-V6] fetch meta-llama/Llama-3.2-3B -> None requests
[2026-08-22 08:44:14.151 Model_Service_2] [PAPER-KV-V6] fetch Qwen/Qwen2.5-7B-Instruct -> None requests
[2026-08-22 08:44:14.154 Model_Service_5] [PAPER-KV-V6] fetch meta-llama/Llama-3.2-3B -> None requests
[2026-08-22 08:44:14.162 Model_Service_2] [PAPER-KV-V6] fetch Qwen/Qwen2.5-7B-Instruct -> None requests
[2026-08-22 08:44:14.165 Model_Service_5] [PAPER-KV-V6] fetch meta-llama/Llama-3.2-3B -> None requests
[2026-08-22 08:44:14.172 Model_Service_2] [PAPER-KV-V6] fetch Qwen/Qwen2.5-7B-Instruct -> None requests
[2026-08-22 08:44:14.176 Model_Service_5] [PAPER-KV-V6] fetch meta-llama/Llama-3.2-3B -> None requests
[2026-08-22 08:44:14.183 Model_Service_2] [PAPER-KV-V6] fetch Qwen/Qwen2.5-7B-Instruct -> None requests
[2026-08-22 08:44:14.186 Model_Service_5] [PAPER-KV-V6] fetch meta-llama/Llama-3.2-3B -> None requests
[2026-08-22 08:44:14.194 Model_Service_2] [PAPER-KV-V6] fetch Qwen/Qwen2.5-7B-Instruct -> None requests
[2026-08-22 08:44:14.197 Model_Service_5] [PAPER-KV-V6] fetch meta-llama/Llama-3.2-3B -> None requests
[2026-08-22 08:44:14.205 Model_Service_2] [PAPER-KV-V6] fetch Qwen/Qwen2.5-7B-Instruct -> None requests
[2026-08-22 08:44:14.208 Model_Service_5] [PAPER-KV-V6] fetch meta-llama/Llama-3.2-3B -> None requests
[2026-08-22 08:44:14.216 Model_Service_2] [PAPER-KV-V6] fetch Qwen/Qwen2.5-7B-Instruct -> None requests
[2026-08-22 08:44:14.218 Model_Service_5] [PAPER-KV-V6] fetch meta-llama/Llama-3.2-3B -> None requests
[2026-08-22 08:44:14.226 Model_Service_2] [PAPER-KV-V6] fetch Qwen/Qwen2.5-7B-Instruct -> None requests
[2026-08-22 08:44:14.230 Model_Service_5] [PAPER-KV-V6] fetch meta-llama/Llama-3.2-3B -> None requests
[2026-08-22 08:44:14.237 Model_Service_2] [PAPER-KV-V6] fetch Qwen/Qwen2.5-7B-Instruct -> None requests
[2026-08-22 08:44:14.248 Model_Service_2] [PAPER-KV-V6] fetch Qwen/Qwen2.5-7B-Instruct -> None requests
[2026-08-22 08:44:14.258 Model_Service_2] [PAPER-KV-V6] fetch Qwen/Qwen2.5-7B-Instruct -> None requests
[2026-08-22 08:44:14.269 Model_Service_2] [PAPER-KV-V6] fetch Qwen/Qwen2.5-7B-Instruct -> None requests
[2026-08-22 08:44:14.280 Model_Service_2] [PAPER-KV-V6] fetch Qwen/Qwen2.5-7B-Instruct -> None requests
[2026-08-22 08:44:14.290 Model_Service_2] [PAPER-KV-V6] fetch Qwen/Qwen2.5-7B-Instruct -> None requests
[2026-08-22 08:44:14.301 Model_Service_2] [PAPER-KV-V6] fetch Qwen/Qwen2.5-7B-Instruct -> None requests
[2026-08-22 08:44:14.312 Model_Service_2] [PAPER-KV-V6] fetch Qwen/Qwen2.5-7B-Instruct -> None requests
[2026-08-22 08:44:14.322 Model_Service_2] [PAPER-KV-V6] fetch Qwen/Qwen2.5-7B-Instruct -> None requests
[2026-08-22 08:44:14.333 Model_Service_2] [PAPER-KV-V6] fetch Qwen/Qwen2.5-7B-Instruct -> None requests
[2026-08-22 08:44:14.344 Model_Service_2] [PAPER-KV-V6] fetch Qwen/Qwen2.5-7B-Instruct -> None requests
[2026-08-22 08:44:14.355 Model_Service_2] [PAPER-KV-V6] fetch Qwen/Qwen2.5-7B-Instruct -> None requests
[2026-08-22 08:44:14.365 Model_Service_2] [PAPER-KV-V6] fetch Qwen/Qwen2.5-7B-Instruct -> None requests
[2026-08-22 08:44:14.376 Model_Service_2] [PAPER-KV-V6] fetch Qwen/Qwen2.5-7B-Instruct -> None requests
[2026-08-22 08:44:14.387 Model_Service_2] [PAPER-KV-V6] fetch Qwen/Qwen2.5-7B-Instruct -> None requests
[2026-08-22 08:44:14.397 Model_Service_2] [PAPER-KV-V6] fetch Qwen/Qwen2.5-7B-Instruct -> None requests
[2026-08-22 08:44:14.408 Model_Service_2] [PAPER-KV-V6] fetch Qwen/Qwen2.5-7B-Instruct -> None requests
[2026-08-22 08:44:14.419 Model_Service_2] [PAPER-KV-V6] fetch Qwen/Qwen2.5-7B-Instruct -> None requests
[2026-08-22 08:44:14.430 Model_Service_2] [PAPER-KV-V6] fetch Qwen/Qwen2.5-7B-Instruct -> None requests
[2026-08-22 08:44:14.440 Model_Service_2] [PAPER-KV-V6] fetch Qwen/Qwen2.5-7B-Instruct -> None requests
[2026-08-22 08:44:14.451 Model_Service_2] [PAPER-KV-V6] fetch Qwen/Qwen2.5-7B-Instruct -> None requests
[2026-08-22 08:44:14.462 Model_Service_2] [PAPER-KV-V6] fetch Qwen/Qwen2.5-7B-Instruct -> None requests
[2026-08-22 08:44:14.472 Model_Service_2] [PAPER-KV-V6] fetch Qwen/Qwen2.5-7B-Instruct -> None requests
[2026-08-22 08:44:14.483 Model_Service_2] [PAPER-KV-V6] fetch Qwen/Qwen2.5-7B-Instruct -> None requests
[2026-08-22 08:44:14.494 Model_Service_2] [PAPER-KV-V6] fetch Qwen/Qwen2.5-7B-Instruct -> None requests
[2026-08-22 08:44:14.505 Model_Service_2] [PAPER-KV-V6] fetch Qwen/Qwen2.5-7B-Instruct -> None requests
[2026-08-22 08:44:14.515 Model_Service_2] [PAPER-KV-V6] fetch Qwen/Qwen2.5-7B-Instruct -> None requests
[2026-08-22 08:44:14.526 Model_Service_2] [PAPER-KV-V6] fetch Qwen/Qwen2.5-7B-Instruct -> None requests
[2026-08-22 08:44:14.538 Model_Service_2] [PAPER-KV-V6] fetch Qwen/Qwen2.5-7B-Instruct -> None requests
[2026-08-22 08:44:14.549 Model_Service_2] [PAPER-KV-V6] fetch Qwen/Qwen2.5-7B-Instruct -> None requests
[2026-08-22 08:44:14.559 Model_Service_2] [PAPER-KV-V6] fetch Qwen/Qwen2.5-7B-Instruct -> None requests
[2026-08-22 08:44:14.570 Model_Service_2] [PAPER-KV-V6] fetch Qwen/Qwen2.5-7B-Instruct -> None requests
[2026-08-22 08:44:14.581 Model_Service_2] [PAPER-KV-V6] fetch Qwen/Qwen2.5-7B-Instruct -> None requests
[2026-08-22 08:44:14.592 Model_Service_2] [PAPER-KV-V6] fetch Qwen/Qwen2.5-7B-Instruct -> None requests
[2026-08-22 08:44:14.602 Model_Service_2] [PAPER-KV-V6] fetch Qwen/Qwen2.5-7B-Instruct -> None requests
[2026-08-22 08:44:14.613 Model_Service_2] [PAPER-KV-V6] fetch Qwen/Qwen2.5-7B-Instruct -> None requests
[2026-08-22 08:44:14.624 Model_Service_2] [PAPER-KV-V6] fetch Qwen/Qwen2.5-7B-Instruct -> None requests
[2026-08-22 08:44:14.635 Model_Service_2] [PAPER-KV-V6] fetch Qwen/Qwen2.5-7B-Instruct -> None requests
[2026-08-22 08:44:14.645 Model_Service_2] [PAPER-KV-V6] fetch Qwen/Qwen2.5-7B-Instruct -> None requests
[2026-08-22 08:44:14.656 Model_Service_2] [PAPER-KV-V6] fetch Qwen/Qwen2.5-7B-Instruct -> None requests
[2026-08-22 08:44:14.667 Model_Service_2] [PAPER-KV-V6] fetch Qwen/Qwen2.5-7B-Instruct -> None requests
[2026-08-22 08:44:14.678 Model_Service_2] [PAPER-KV-V6] fetch Qwen/Qwen2.5-7B-Instruct -> None requests
[2026-08-22 08:44:14.689 Model_Service_2] [PAPER-KV-V6] fetch Qwen/Qwen2.5-7B-Instruct -> None requests
[2026-08-22 08:44:14.699 Model_Service_2] [PAPER-KV-V6] fetch Qwen/Qwen2.5-7B-Instruct -> None requests
[2026-08-22 08:44:14.710 Model_Service_2] [PAPER-KV-V6] fetch Qwen/Qwen2.5-7B-Instruct -> None requests
[2026-08-22 08:44:14.721 Model_Service_2] [PAPER-KV-V6] fetch Qwen/Qwen2.5-7B-Instruct -> None requests
[2026-08-22 08:44:14.732 Model_Service_2] [PAPER-KV-V6] fetch Qwen/Qwen2.5-7B-Instruct -> None requests
[2026-08-22 08:44:14.742 Model_Service_2] [PAPER-KV-V6] fetch Qwen/Qwen2.5-7B-Instruct -> None requests
[2026-08-22 08:44:14.753 Model_Service_2] [PAPER-KV-V6] fetch Qwen/Qwen2.5-7B-Instruct -> None requests
[2026-08-22 08:44:14.764 Model_Service_2] [PAPER-KV-V6] fetch Qwen/Qwen2.5-7B-Instruct -> None requests
[2026-08-22 08:44:14.774 Model_Service_2] [PAPER-KV-V6] fetch Qwen/Qwen2.5-7B-Instruct -> None requests
[2026-08-22 08:44:14.785 Model_Service_2] [PAPER-KV-V6] fetch Qwen/Qwen2.5-7B-Instruct -> None requests
[2026-08-22 08:44:14.796 Model_Service_2] [PAPER-KV-V6] fetch Qwen/Qwen2.5-7B-Instruct -> None requests
[2026-08-22 08:44:14.806 Model_Service_2] [PAPER-KV-V6] fetch Qwen/Qwen2.5-7B-Instruct -> None requests
[2026-08-22 08:44:14.817 Model_Service_2] [PAPER-KV-V6] fetch Qwen/Qwen2.5-7B-Instruct -> None requests
[2026-08-22 08:44:14.828 Model_Service_2] [PAPER-KV-V6] fetch Qwen/Qwen2.5-7B-Instruct -> None requests
[2026-08-22 08:44:14.839 Model_Service_2] [PAPER-KV-V6] fetch Qwen/Qwen2.5-7B-Instruct -> None requests
[2026-08-22 08:44:14.850 Model_Service_2] [PAPER-KV-V6] fetch Qwen/Qwen2.5-7B-Instruct -> None requests
[2026-08-22 08:44:14.860 Model_Service_2] [PAPER-KV-V6] fetch Qwen/Qwen2.5-7B-Instruct -> None requests
[2026-08-22 08:44:14.871 Model_Service_2] [PAPER-KV-V6] fetch Qwen/Qwen2.5-7B-Instruct -> None requests
[2026-08-22 08:44:14.882 Model_Service_2] [PAPER-KV-V6] fetch Qwen/Qwen2.5-7B-Instruct -> None requests
[2026-08-22 08:44:14.892 Model_Service_2] [PAPER-KV-V6] fetch Qwen/Qwen2.5-7B-Instruct -> None requests
[2026-08-22 08:44:14.903 Model_Service_2] [PAPER-KV-V6] fetch Qwen/Qwen2.5-7B-Instruct -> None requests
[2026-08-22 08:44:14.914 Model_Service_2] [PAPER-KV-V6] fetch Qwen/Qwen2.5-7B-Instruct -> None requests
[2026-08-22 08:44:14.924 Model_Service_2] [PAPER-KV-V6] fetch Qwen/Qwen2.5-7B-Instruct -> None requests
[2026-08-22 08:44:14.935 Model_Service_2] [PAPER-KV-V6] fetch Qwen/Qwen2.5-7B-Instruct -> None requests
[2026-08-22 08:44:14.946 Model_Service_2] [PAPER-KV-V6] fetch Qwen/Qwen2.5-7B-Instruct -> None requests
[2026-08-22 08:44:14.957 Model_Service_2] [PAPER-KV-V6] fetch Qwen/Qwen2.5-7B-Instruct -> None requests
[2026-08-22 08:44:14.968 Model_Service_2] [PAPER-KV-V6] fetch Qwen/Qwen2.5-7B-Instruct -> None requests
[2026-08-22 08:44:14.979 Model_Service_2] [PAPER-KV-V6] fetch Qwen/Qwen2.5-7B-Instruct -> None requests
[2026-08-22 08:44:14.990 Model_Service_2] [PAPER-KV-V6] fetch Qwen/Qwen2.5-7B-Instruct -> None requests
[2026-08-22 08:44:15.000 Model_Service_2] [PAPER-KV-V6] fetch Qwen/Qwen2.5-7B-Instruct -> None requests
[2026-08-22 08:44:15.011 Model_Service_2] [PAPER-KV-V6] fetch Qwen/Qwen2.5-7B-Instruct -> None requests
[2026-08-22 08:44:15.022 Model_Service_2] [PAPER-KV-V6] fetch Qwen/Qwen2.5-7B-Instruct -> None requests
[2026-08-22 08:44:15.033 Model_Service_2] [PAPER-KV-V6] fetch Qwen/Qwen2.5-7B-Instruct -> None requests
[2026-08-22 08:44:15.044 Model_Service_2] [PAPER-KV-V6] fetch Qwen/Qwen2.5-7B-Instruct -> None requests
[2026-08-22 08:44:15.054 Model_Service_2] [PAPER-KV-V6] fetch Qwen/Qwen2.5-7B-Instruct -> None requests
[2026-08-22 08:44:15.065 Model_Service_2] [PAPER-KV-V6] fetch Qwen/Qwen2.5-7B-Instruct -> None requests
[2026-08-22 08:44:15.076 Model_Service_2] [PAPER-KV-V6] fetch Qwen/Qwen2.5-7B-Instruct -> None requests
[2026-08-22 08:44:15.087 Model_Service_2] [PAPER-KV-V6] fetch Qwen/Qwen2.5-7B-Instruct -> None requests
[2026-08-22 08:44:15.097 Model_Service_2] [PAPER-KV-V6] fetch Qwen/Qwen2.5-7B-Instruct -> None requests
[2026-08-22 08:44:15.108 Model_Service_2] [PAPER-KV-V6] fetch Qwen/Qwen2.5-7B-Instruct -> None requests
[2026-08-22 08:44:15.118 Model_Service_2] [PAPER-KV-V6] fetch Qwen/Qwen2.5-7B-Instruct -> None requests
[2026-08-22 08:44:15.129 Model_Service_2] [PAPER-KV-V6] fetch Qwen/Qwen2.5-7B-Instruct -> None requests
[2026-08-22 08:44:15.140 Model_Service_2] [PAPER-KV-V6] fetch Qwen/Qwen2.5-7B-Instruct -> None requests
[2026-08-22 08:44:15.151 Model_Service_2] [PAPER-KV-V6] fetch Qwen/Qwen2.5-7B-Instruct -> None requests
[2026-08-22 08:44:15.161 Model_Service_2] [PAPER-KV-V6] fetch Qwen/Qwen2.5-7B-Instruct -> None requests
[2026-08-22 08:44:15.172 Model_Service_2] [PAPER-KV-V6] fetch Qwen/Qwen2.5-7B-Instruct -> None requests
[2026-08-22 08:44:15.183 Model_Service_2] [PAPER-KV-V6] fetch Qwen/Qwen2.5-7B-Instruct -> None requests
[2026-08-22 08:44:15.193 Model_Service_2] [PAPER-KV-V6] fetch Qwen/Qwen2.5-7B-Instruct -> None requests
[2026-08-22 08:44:15.204 Model_Service_2] [PAPER-KV-V6] fetch Qwen/Qwen2.5-7B-Instruct -> None requests
[2026-08-22 08:44:15.215 Model_Service_2] [PAPER-KV-V6] fetch Qwen/Qwen2.5-7B-Instruct -> None requests
[2026-08-22 08:44:17.070 Model_Service_4] Model service 4 input queue is empty, waiting for next request
[2026-08-22 08:44:18.429 Model_Service_1] Model service 1 input queue is empty, waiting for next request
[2026-08-22 08:44:18.990 Model_Service_0] Model service 0 input queue is empty, waiting for next request
[2026-08-22 08:44:19.138 Model_Service_3] Model service 3 input queue is empty, waiting for next request
[2026-08-22 08:44:19.234 Model_Service_5] Model service 5 input queue is empty, waiting for next request
[2026-08-22 08:44:20.220 Model_Service_2] Model service 2 input queue is empty, waiting for next request
[2026-08-22 08:44:22.332 Model_Service_4] Model service 4 input queue is empty, waiting for next request
[2026-08-22 08:44:23.733 Model_Service_1] Model service 1 input queue is empty, waiting for next request
[2026-08-22 08:44:24.257 Model_Service_0] Model service 0 input queue is empty, waiting for next request
[2026-08-22 08:44:24.400 Model_Service_3] Model service 3 input queue is empty, waiting for next request
[2026-08-22 08:44:24.571 Model_Service_5] Model service 5 input queue is empty, waiting for next request
[2026-08-22 08:44:25.530 Model_Service_2] Model service 2 input queue is empty, waiting for next request
[2026-08-22 08:44:27.663 Model_Service_4] Model service 4 input queue is empty, waiting for next request
[2026-08-22 08:44:28.974 Model_Service_1] Model service 1 input queue is empty, waiting for next request
[2026-08-22 08:44:29.543 Model_Service_0] Model service 0 input queue is empty, waiting for next request
[2026-08-22 08:44:29.687 Model_Service_3] Model service 3 input queue is empty, waiting for next request
[2026-08-22 08:44:29.828 Model_Service_5] Model service 5 input queue is empty, waiting for next request
[2026-08-22 08:44:30.818 Model_Service_2] Model service 2 input queue is empty, waiting for next request
[2026-08-22 08:44:32.922 Model_Service_4] Model service 4 input queue is empty, waiting for next request
[2026-08-22 08:44:34.266 Model_Service_1] Model service 1 input queue is empty, waiting for next request
[2026-08-22 08:44:34.797 Model_Service_0] Model service 0 input queue is empty, waiting for next request
[2026-08-22 08:44:34.932 Model_Service_3] Model service 3 input queue is empty, waiting for next request
[2026-08-22 08:44:35.116 Model_Service_5] Model service 5 input queue is empty, waiting for next request
[2026-08-22 08:44:36.072 Model_Service_2] Model service 2 input queue is empty, waiting for next request
[2026-08-22 08:44:38.181 Model_Service_4] Model service 4 input queue is empty, waiting for next request
[2026-08-22 08:44:39.556 Model_Service_1] Model service 1 input queue is empty, waiting for next request
[2026-08-22 08:44:40.063 Model_Service_0] Model service 0 input queue is empty, waiting for next request
[2026-08-22 08:44:40.190 Model_Service_3] Model service 3 input queue is empty, waiting for next request
[2026-08-22 08:44:40.422 Model_Service_5] Model service 5 input queue is empty, waiting for next request
[2026-08-22 08:44:41.385 Model_Service_2] Model service 2 input queue is empty, waiting for next request
[2026-08-22 08:44:43.476 Model_Service_4] Model service 4 input queue is empty, waiting for next request
[2026-08-22 08:44:43.568 Model_Service_2] [PAPER-KV-V6] clear Qwen/Qwen2.5-7B-Instruct dropped=0
[2026-08-22 08:44:43.776 Model_Service_2] Model key: Qwen/Qwen2.5-7B-Instruct, engine id: 0_3, target gpu id: 0
[2026-08-22 08:44:44.786 Model_Service_1] Model service 1 input queue is empty, waiting for next request
[2026-08-22 08:44:44.979 Model_Service_2] [PAPER-LOAD-V4] {"tag": "Qwen/Qwen2.5-7B-Instruct|engine=0_3|src=1", "start_time": 1787388283.77916, "end_time": 1787388284.9789345, "policy": "paper", "split": 2, "pipeline_depth": null, "target_gpu": 0, "gpu_ids": [0, 1], "source": "gpu", "host_registered": true, "slices": 398, "payload_bytes": 15231233024, "bytes_h2d_direct": 0, "bytes_h2d_helper": 0, "bytes_p2p": 15231233024, "seconds": 1.1997726948466152, "payload_gbps": 12.695098904503103, "transfer_path": "gpu-to-gpu-p2p"}
[2026-08-22 08:44:45.245 Model_Service_2] Time taken to copy model to GPU 0, service 2, engine 0_3, model Qwen/Qwen2.5-7B-Instruct: 1.4690 seconds
[2026-08-22 08:44:45.330 Model_Service_0] Model service 0 input queue is empty, waiting for next request
[2026-08-22 08:44:45.441 Model_Service_3] Model service 3 input queue is empty, waiting for next request
[2026-08-22 08:44:45.662 Model_Service_5] Model service 5 input queue is empty, waiting for next request
[2026-08-22 08:44:46.800 Model_Service_2] [PAPER-KV-V6] relay-clone Qwen/Qwen2.5-7B-Instruct (19 requests)
[2026-08-22 08:44:46.800 Model_Service_2] [PAPER-KV-V6] stash Qwen/Qwen2.5-7B-Instruct from gpu 1 (19 requests)
[2026-08-22 08:44:48.040 Model_Service_2] [PAPER-LOAD-V4] release Qwen/Qwen2.5-7B-Instruct gpu 1 engine=1_2 held=0 held_engine=0_3 dropped=False
[2026-08-22 08:44:48.131 Model_Service_2] [PAPER-KV-V6] fetch Qwen/Qwen2.5-7B-Instruct -> 19 requests
[2026-08-22 08:44:48.730 Model_Service_4] Model service 4 input queue is empty, waiting for next request
[2026-08-22 08:44:50.067 Model_Service_1] Model service 1 input queue is empty, waiting for next request
[2026-08-22 08:44:50.589 Model_Service_0] Model service 0 input queue is empty, waiting for next request
[2026-08-22 08:44:50.690 Model_Service_3] Model service 3 input queue is empty, waiting for next request
[2026-08-22 08:44:50.915 Model_Service_5] Model service 5 input queue is empty, waiting for next request
[2026-08-22 08:44:53.134 Model_Service_2] Model service 2 input queue is empty, waiting for next request
[2026-08-22 08:44:53.968 Model_Service_4] Model service 4 input queue is empty, waiting for next request
[2026-08-22 08:44:55.330 Model_Service_1] Model service 1 input queue is empty, waiting for next request
[2026-08-22 08:44:55.843 Model_Service_0] Model service 0 input queue is empty, waiting for next request
[2026-08-22 08:44:55.962 Model_Service_3] Model service 3 input queue is empty, waiting for next request
[2026-08-22 08:44:56.178 Model_Service_5] Model service 5 input queue is empty, waiting for next request
[2026-08-22 08:44:58.439 Model_Service_2] Model service 2 input queue is empty, waiting for next request
[2026-08-22 08:44:59.258 Model_Service_4] Model service 4 input queue is empty, waiting for next request
[2026-08-22 08:45:00.618 Model_Service_1] Model service 1 input queue is empty, waiting for next request
[2026-08-22 08:45:01.106 Model_Service_0] Model service 0 input queue is empty, waiting for next request
[2026-08-22 08:45:01.220 Model_Service_3] Model service 3 input queue is empty, waiting for next request
[2026-08-22 08:45:01.474 Model_Service_5] Model service 5 input queue is empty, waiting for next request
[2026-08-22 08:45:03.682 Model_Service_2] Model service 2 input queue is empty, waiting for next request
[2026-08-22 08:45:04.550 Model_Service_4] Model service 4 input queue is empty, waiting for next request
[2026-08-22 08:45:05.858 Model_Service_1] Model service 1 input queue is empty, waiting for next request
[2026-08-22 08:45:06.344 Model_Service_0] Model service 0 input queue is empty, waiting for next request
[2026-08-22 08:45:06.464 Model_Service_3] Model service 3 input queue is empty, waiting for next request
[2026-08-22 08:45:06.718 Model_Service_5] Model service 5 input queue is empty, waiting for next request
[2026-08-22 08:45:09.008 Model_Service_2] Model service 2 input queue is empty, waiting for next request
[2026-08-22 08:45:09.794 Model_Service_4] Model service 4 input queue is empty, waiting for next request
[2026-08-22 08:45:11.101 Model_Service_1] Model service 1 input queue is empty, waiting for next request
[2026-08-22 08:45:11.585 Model_Service_0] Model service 0 input queue is empty, waiting for next request
[2026-08-22 08:45:11.706 Model_Service_3] Model service 3 input queue is empty, waiting for next request
[2026-08-22 08:45:11.961 Model_Service_5] Model service 5 input queue is empty, waiting for next request
[2026-08-22 08:45:14.260 Model_Service_2] Model service 2 input queue is empty, waiting for next request
[2026-08-22 08:45:15.048 Model_Service_4] Model service 4 input queue is empty, waiting for next request
[2026-08-22 08:45:15.599 Model_Service_2] [PAPER-KV-V6] clear Qwen/Qwen2.5-7B-Instruct dropped=0
[2026-08-22 08:45:15.972 Model_Service_2] Model key: Qwen/Qwen2.5-7B-Instruct, engine id: 1_3, target gpu id: 1
[2026-08-22 08:45:16.341 Model_Service_1] Model service 1 input queue is empty, waiting for next request
[2026-08-22 08:45:16.825 Model_Service_0] Model service 0 input queue is empty, waiting for next request
[2026-08-22 08:45:16.870 Model_Service_2] [PAPER-LOAD-V4] {"tag": "Qwen/Qwen2.5-7B-Instruct|engine=1_3|src=0", "start_time": 1787388315.994827, "end_time": 1787388316.8703449, "policy": "paper", "split": 2, "pipeline_depth": null, "target_gpu": 1, "gpu_ids": [0, 1], "source": "gpu", "host_registered": true, "slices": 398, "payload_bytes": 15231233024, "bytes_h2d_direct": 0, "bytes_h2d_helper": 0, "bytes_p2p": 15231233024, "seconds": 0.8755152109079063, "payload_gbps": 17.396879956209172, "transfer_path": "gpu-to-gpu-p2p"}
[2026-08-22 08:45:17.022 Model_Service_3] Model service 3 input queue is empty, waiting for next request
[2026-08-22 08:45:17.142 Model_Service_2] Time taken to copy model to GPU 1, service 2, engine 1_3, model Qwen/Qwen2.5-7B-Instruct: 1.1700 seconds
[2026-08-22 08:45:17.228 Model_Service_5] Model service 5 input queue is empty, waiting for next request
[2026-08-22 08:45:18.859 Model_Service_2] [PAPER-KV-V6] relay-clone Qwen/Qwen2.5-7B-Instruct (17 requests)
[2026-08-22 08:45:18.860 Model_Service_2] [PAPER-KV-V6] stash Qwen/Qwen2.5-7B-Instruct from gpu 0 (17 requests)
[2026-08-22 08:45:19.344 Model_Service_2] [PAPER-LOAD-V4] release Qwen/Qwen2.5-7B-Instruct gpu 0 engine=0_3 held=1 held_engine=1_3 dropped=False
[2026-08-22 08:45:20.165 Model_Service_2] [PAPER-KV-V6] fetch Qwen/Qwen2.5-7B-Instruct -> 17 requests
[2026-08-22 08:45:20.326 Model_Service_4] Model service 4 input queue is empty, waiting for next request
[2026-08-22 08:45:21.641 Model_Service_1] Model service 1 input queue is empty, waiting for next request
[2026-08-22 08:45:22.084 Model_Service_0] Model service 0 input queue is empty, waiting for next request
[2026-08-22 08:45:22.268 Model_Service_3] Model service 3 input queue is empty, waiting for next request
[2026-08-22 08:45:22.498 Model_Service_5] Model service 5 input queue is empty, waiting for next request
[2026-08-22 08:45:25.175 Model_Service_2] Model service 2 input queue is empty, waiting for next request
[2026-08-22 08:45:25.603 Model_Service_4] Model service 4 input queue is empty, waiting for next request
[2026-08-22 08:45:26.942 Model_Service_1] Model service 1 input queue is empty, waiting for next request
[2026-08-22 08:45:27.316 Model_Service_0] Model service 0 input queue is empty, waiting for next request
[2026-08-22 08:45:27.515 Model_Service_3] Model service 3 input queue is empty, waiting for next request
[2026-08-22 08:45:27.773 Model_Service_5] Model service 5 input queue is empty, waiting for next request
[2026-08-22 08:45:30.852 Model_Service_4] Model service 4 input queue is empty, waiting for next request
[2026-08-22 08:45:31.762 Model_Service_2] Model service 2 input queue is empty, waiting for next request
[2026-08-22 08:45:32.184 Model_Service_1] Model service 1 input queue is empty, waiting for next request
[2026-08-22 08:45:32.551 Model_Service_0] Model service 0 input queue is empty, waiting for next request
[2026-08-22 08:45:32.751 Model_Service_3] Model service 3 input queue is empty, waiting for next request
[2026-08-22 08:45:33.012 Model_Service_5] Model service 5 input queue is empty, waiting for next request
[2026-08-22 08:45:36.086 Model_Service_4] Model service 4 input queue is empty, waiting for next request
[2026-08-22 08:45:37.034 Model_Service_2] Model service 2 input queue is empty, waiting for next request
[2026-08-22 08:45:37.410 Model_Service_1] Model service 1 input queue is empty, waiting for next request
[2026-08-22 08:45:37.786 Model_Service_0] Model service 0 input queue is empty, waiting for next request
[2026-08-22 08:45:37.993 Model_Service_3] Model service 3 input queue is empty, waiting for next request
[2026-08-22 08:45:38.254 Model_Service_5] Model service 5 input queue is empty, waiting for next request
[2026-08-22 08:45:41.329 Model_Service_4] Model service 4 input queue is empty, waiting for next request
[2026-08-22 08:45:42.335 Model_Service_2] Model service 2 input queue is empty, waiting for next request
[2026-08-22 08:45:42.649 Model_Service_1] Model service 1 input queue is empty, waiting for next request
[2026-08-22 08:45:43.027 Model_Service_0] Model service 0 input queue is empty, waiting for next request
[2026-08-22 08:45:43.235 Model_Service_3] Model service 3 input queue is empty, waiting for next request
[2026-08-22 08:45:43.494 Model_Service_5] Model service 5 input queue is empty, waiting for next request
[2026-08-22 08:45:46.152 Model_Service_4] [PAPER-KV-V6] clear meta-llama/Llama-3.2-1B dropped=0
[2026-08-22 08:45:46.233 Model_Service_4] Model key: meta-llama/Llama-3.2-1B, engine id: 1_2, target gpu id: 1
[2026-08-22 08:45:46.435 Model_Service_4] [PAPER-LOAD-V4] {"tag": "meta-llama/Llama-3.2-1B|engine=1_2|src=0", "start_time": 1787388346.235744, "end_time": 1787388346.435733, "policy": "paper", "split": 2, "pipeline_depth": null, "target_gpu": 1, "gpu_ids": [0, 1], "source": "gpu", "host_registered": true, "slices": 198, "payload_bytes": 2996965376, "bytes_h2d_direct": 0, "bytes_h2d_helper": 0, "bytes_p2p": 2996965376, "seconds": 0.1999881649389863, "payload_gbps": 14.985713664177748, "transfer_path": "gpu-to-gpu-p2p"}
[2026-08-22 08:45:46.702 Model_Service_4] Time taken to copy model to GPU 1, service 4, engine 1_2, model meta-llama/Llama-3.2-1B: 0.4685 seconds
[2026-08-22 08:45:47.590 Model_Service_2] Model service 2 input queue is empty, waiting for next request
[2026-08-22 08:45:47.830 Model_Service_2] [PAPER-KV-V6] relay-clone Qwen/Qwen2.5-7B-Instruct (0 requests)
[2026-08-22 08:45:47.831 Model_Service_2] [PAPER-KV-V6] stash Qwen/Qwen2.5-7B-Instruct from gpu 1 (0 requests)
[2026-08-22 08:45:47.880 Model_Service_1] Model service 1 input queue is empty, waiting for next request
[2026-08-22 08:45:48.267 Model_Service_0] Model service 0 input queue is empty, waiting for next request
[2026-08-22 08:45:48.475 Model_Service_3] Model service 3 input queue is empty, waiting for next request
[2026-08-22 08:45:48.780 Model_Service_5] Model service 5 input queue is empty, waiting for next request
[2026-08-22 08:45:49.200 Model_Service_2] [PAPER-LOAD-V4] release Qwen/Qwen2.5-7B-Instruct gpu 1 engine=1_3 held=1 held_engine=1_3 dropped=True
[2026-08-22 08:45:50.702 Model_Service_4] [PAPER-KV-V6] relay-clone meta-llama/Llama-3.2-1B (57 requests)
[2026-08-22 08:45:50.702 Model_Service_4] [PAPER-KV-V6] stash meta-llama/Llama-3.2-1B from gpu 0 (57 requests)
[2026-08-22 08:45:52.504 Model_Service_4] [PAPER-LOAD-V4] release meta-llama/Llama-3.2-1B gpu 0 engine=0_0 held=1 held_engine=1_2 dropped=False
[2026-08-22 08:45:52.504 Model_Service_4] [PAPER-KV-V6] fetch meta-llama/Llama-3.2-1B -> 57 requests
[2026-08-22 08:45:53.142 Model_Service_1] Model service 1 input queue is empty, waiting for next request
[2026-08-22 08:45:53.501 Model_Service_0] Model service 0 input queue is empty, waiting for next request
[2026-08-22 08:45:53.724 Model_Service_3] Model service 3 input queue is empty, waiting for next request
[2026-08-22 08:45:54.020 Model_Service_5] Model service 5 input queue is empty, waiting for next request
[2026-08-22 08:45:54.202 Model_Service_2] Model service 2 input queue is empty, waiting for next request
[2026-08-22 08:45:57.509 Model_Service_4] Model service 4 input queue is empty, waiting for next request
[2026-08-22 08:45:58.382 Model_Service_1] Model service 1 input queue is empty, waiting for next request
[2026-08-22 08:45:58.735 Model_Service_0] Model service 0 input queue is empty, waiting for next request
[2026-08-22 08:45:58.965 Model_Service_3] Model service 3 input queue is empty, waiting for next request
[2026-08-22 08:45:59.306 Model_Service_5] Model service 5 input queue is empty, waiting for next request
[2026-08-22 08:45:59.475 Model_Service_2] Model service 2 input queue is empty, waiting for next request
[2026-08-22 08:46:03.058 Model_Service_4] Model service 4 input queue is empty, waiting for next request
[2026-08-22 08:46:03.664 Model_Service_1] Model service 1 input queue is empty, waiting for next request
[2026-08-22 08:46:03.974 Model_Service_0] Model service 0 input queue is empty, waiting for next request
[2026-08-22 08:46:04.197 Model_Service_3] Model service 3 input queue is empty, waiting for next request
[2026-08-22 08:46:04.550 Model_Service_5] Model service 5 input queue is empty, waiting for next request
[2026-08-22 08:46:04.782 Model_Service_2] Model service 2 input queue is empty, waiting for next request
[2026-08-22 08:46:08.334 Model_Service_4] Model service 4 input queue is empty, waiting for next request
[2026-08-22 08:46:08.924 Model_Service_1] Model service 1 input queue is empty, waiting for next request
[2026-08-22 08:46:09.240 Model_Service_0] Model service 0 input queue is empty, waiting for next request
[2026-08-22 08:46:09.433 Model_Service_3] Model service 3 input queue is empty, waiting for next request
[2026-08-22 08:46:09.806 Model_Service_5] Model service 5 input queue is empty, waiting for next request
[2026-08-22 08:46:10.032 Model_Service_2] Model service 2 input queue is empty, waiting for next request
[2026-08-22 08:46:13.605 Model_Service_4] Model service 4 input queue is empty, waiting for next request
[2026-08-22 08:46:14.150 Model_Service_1] Model service 1 input queue is empty, waiting for next request
[2026-08-22 08:46:14.487 Model_Service_0] Model service 0 input queue is empty, waiting for next request
[2026-08-22 08:46:14.691 Model_Service_3] Model service 3 input queue is empty, waiting for next request
[2026-08-22 08:46:15.039 Model_Service_2] Model key: Qwen/Qwen2.5-7B-Instruct, engine id: 1_3, target gpu id: 1
[2026-08-22 08:46:15.046 Model_Service_5] Model service 5 input queue is empty, waiting for next request
[2026-08-22 08:46:15.706 Model_Service_2] [PAPER-LOAD-V4] {"tag": "Qwen/Qwen2.5-7B-Instruct|engine=1_3|src=None", "start_time": 1787388375.0671878, "end_time": 1787388375.7053916, "policy": "paper", "split": 2, "pipeline_depth": null, "target_gpu": 1, "gpu_ids": [0, 1], "source": "cpu", "host_registered": true, "slices": 398, "payload_bytes": 15231233024, "bytes_h2d_direct": 7615616512, "bytes_h2d_helper": 7615616512, "bytes_p2p": 7615616512, "seconds": 0.63819669210352, "payload_gbps": 23.866048214379315, "transfer_path": "host-to-device + helper-gpu-p2p"}
[2026-08-22 08:46:15.709 Model_Service_2] Time taken to copy model to GPU 1, service 2, engine 1_3, model Qwen/Qwen2.5-7B-Instruct: 0.6703 seconds
[2026-08-22 08:46:16.269 Model_Service_2] [PAPER-KV-V6] fetch Qwen/Qwen2.5-7B-Instruct -> 0 requests
[2026-08-22 08:46:18.915 Model_Service_4] Model service 4 input queue is empty, waiting for next request
[2026-08-22 08:46:19.378 Model_Service_1] Model service 1 input queue is empty, waiting for next request
[2026-08-22 08:46:19.722 Model_Service_0] Model service 0 input queue is empty, waiting for next request
[2026-08-22 08:46:19.938 Model_Service_3] Model service 3 input queue is empty, waiting for next request
[2026-08-22 08:46:20.290 Model_Service_5] Model service 5 input queue is empty, waiting for next request
[2026-08-22 08:46:21.275 Model_Service_2] Model service 2 input queue is empty, waiting for next request
[2026-08-22 08:46:24.163 Model_Service_4] Model service 4 input queue is empty, waiting for next request
[2026-08-22 08:46:24.615 Model_Service_1] Model service 1 input queue is empty, waiting for next request
[2026-08-22 08:46:24.959 Model_Service_0] Model service 0 input queue is empty, waiting for next request
[2026-08-22 08:46:25.182 Model_Service_3] Model service 3 input queue is empty, waiting for next request
[2026-08-22 08:46:25.534 Model_Service_5] Model service 5 input queue is empty, waiting for next request
[2026-08-22 08:46:26.941 Model_Service_2] Model service 2 input queue is empty, waiting for next request
[2026-08-22 08:46:29.488 Model_Service_4] Model service 4 input queue is empty, waiting for next request
[2026-08-22 08:46:29.851 Model_Service_0] [PAPER-KV-V6] clear Qwen/Qwen2.5-1.5B-Instruct dropped=0
[2026-08-22 08:46:29.857 Model_Service_1] Model service 1 input queue is empty, waiting for next request
[2026-08-22 08:46:30.426 Model_Service_3] Model service 3 input queue is empty, waiting for next request
[2026-08-22 08:46:30.430 Model_Service_0] Model key: Qwen/Qwen2.5-1.5B-Instruct, engine id: 0_3, target gpu id: 0
[2026-08-22 08:46:30.688 Model_Service_0] [PAPER-LOAD-V4] {"tag": "Qwen/Qwen2.5-1.5B-Instruct|engine=0_3|src=1", "start_time": 1787388390.4340782, "end_time": 1787388390.6879659, "policy": "paper", "split": 2, "pipeline_depth": null, "target_gpu": 0, "gpu_ids": [0, 1], "source": "gpu", "host_registered": true, "slices": 398, "payload_bytes": 3554176000, "bytes_h2d_direct": 0, "bytes_h2d_helper": 0, "bytes_p2p": 3554176000, "seconds": 0.2538861730135977, "payload_gbps": 13.999092419301007, "transfer_path": "gpu-to-gpu-p2p"}
[2026-08-22 08:46:30.801 Model_Service_5] Model service 5 input queue is empty, waiting for next request
[2026-08-22 08:46:30.931 Model_Service_0] Time taken to copy model to GPU 0, service 0, engine 0_3, model Qwen/Qwen2.5-1.5B-Instruct: 0.5011 seconds
[2026-08-22 08:46:32.182 Model_Service_2] Model service 2 input queue is empty, waiting for next request
[2026-08-22 08:46:32.394 Model_Service_0] [PAPER-KV-V6] relay-clone Qwen/Qwen2.5-1.5B-Instruct (0 requests)
[2026-08-22 08:46:32.394 Model_Service_0] [PAPER-KV-V6] stash Qwen/Qwen2.5-1.5B-Instruct from gpu 1 (0 requests)
[2026-08-22 08:46:33.610 Model_Service_0] [PAPER-LOAD-V4] release Qwen/Qwen2.5-1.5B-Instruct gpu 1 engine=1_0 held=0 held_engine=0_3 dropped=False
[2026-08-22 08:46:33.738 Model_Service_0] [PAPER-KV-V6] fetch Qwen/Qwen2.5-1.5B-Instruct -> 0 requests
[2026-08-22 08:46:34.746 Model_Service_4] Model service 4 input queue is empty, waiting for next request
[2026-08-22 08:46:35.090 Model_Service_1] Model service 1 input queue is empty, waiting for next request
[2026-08-22 08:46:35.731 Model_Service_3] Model service 3 input queue is empty, waiting for next request
[2026-08-22 08:46:36.047 Model_Service_5] Model service 5 input queue is empty, waiting for next request
[2026-08-22 08:46:37.420 Model_Service_2] Model service 2 input queue is empty, waiting for next request
[2026-08-22 08:46:38.742 Model_Service_0] Model service 0 input queue is empty, waiting for next request
[2026-08-22 08:46:39.994 Model_Service_4] Model service 4 input queue is empty, waiting for next request
[2026-08-22 08:46:40.355 Model_Service_1] Model service 1 input queue is empty, waiting for next request
[2026-08-22 08:46:40.981 Model_Service_3] Model service 3 input queue is empty, waiting for next request
[2026-08-22 08:46:41.301 Model_Service_5] Model service 5 input queue is empty, waiting for next request
[2026-08-22 08:46:42.670 Model_Service_2] Model service 2 input queue is empty, waiting for next request
[2026-08-22 08:46:43.986 Model_Service_0] Model service 0 input queue is empty, waiting for next request
[2026-08-22 08:46:45.273 Model_Service_4] Model service 4 input queue is empty, waiting for next request
[2026-08-22 08:46:45.588 Model_Service_1] Model service 1 input queue is empty, waiting for next request
[2026-08-22 08:46:46.220 Model_Service_3] Model service 3 input queue is empty, waiting for next request
[2026-08-22 08:46:46.584 Model_Service_5] Model service 5 input queue is empty, waiting for next request
[2026-08-22 08:46:47.913 Model_Service_2] Model service 2 input queue is empty, waiting for next request
[2026-08-22 08:46:49.224 Model_Service_0] Model service 0 input queue is empty, waiting for next request
[2026-08-22 08:46:50.570 Model_Service_4] Model service 4 input queue is empty, waiting for next request
[2026-08-22 08:46:50.817 Model_Service_1] Model service 1 input queue is empty, waiting for next request
[2026-08-22 08:46:51.460 Model_Service_3] Model service 3 input queue is empty, waiting for next request
[2026-08-22 08:46:51.825 Model_Service_5] Model service 5 input queue is empty, waiting for next request
[2026-08-22 08:46:53.154 Model_Service_2] Model service 2 input queue is empty, waiting for next request
[2026-08-22 08:46:54.506 Model_Service_0] Model service 0 input queue is empty, waiting for next request
[2026-08-22 08:46:55.817 Model_Service_4] Model service 4 input queue is empty, waiting for next request
[2026-08-22 08:46:56.105 Model_Service_1] Model service 1 input queue is empty, waiting for next request
[2026-08-22 08:46:56.699 Model_Service_3] Model service 3 input queue is empty, waiting for next request
[2026-08-22 08:46:57.070 Model_Service_5] Model service 5 input queue is empty, waiting for next request
[2026-08-22 08:46:58.413 Model_Service_2] Model service 2 input queue is empty, waiting for next request
[2026-08-22 08:46:59.762 Model_Service_0] Model service 0 input queue is empty, waiting for next request
[2026-08-22 08:47:00.535 Model_Service_2] [PAPER-KV-V6] clear Qwen/Qwen2.5-7B-Instruct dropped=0
[2026-08-22 08:47:01.073 Model_Service_4] Model service 4 input queue is empty, waiting for next request
[2026-08-22 08:47:01.358 Model_Service_1] Model service 1 input queue is empty, waiting for next request
[2026-08-22 08:47:01.937 Model_Service_3] Model service 3 input queue is empty, waiting for next request
[2026-08-22 08:47:02.244 Model_Service_2] Model key: Qwen/Qwen2.5-7B-Instruct, engine id: 0_0, target gpu id: 0
[2026-08-22 08:47:02.307 Model_Service_5] Model service 5 input queue is empty, waiting for next request
[2026-08-22 08:47:03.809 Model_Service_2] [PAPER-LOAD-V4] {"tag": "Qwen/Qwen2.5-7B-Instruct|engine=0_0|src=1", "start_time": 1787388422.2514446, "end_time": 1787388423.8092344, "policy": "paper", "split": 2, "pipeline_depth": null, "target_gpu": 0, "gpu_ids": [0, 1], "source": "gpu", "host_registered": true, "slices": 398, "payload_bytes": 15231233024, "bytes_h2d_direct": 0, "bytes_h2d_helper": 0, "bytes_p2p": 15231233024, "seconds": 1.5577780038584024, "payload_gbps": 9.777537612082291, "transfer_path": "gpu-to-gpu-p2p"}
[2026-08-22 08:47:04.398 Model_Service_2] Time taken to copy model to GPU 0, service 2, engine 0_0, model Qwen/Qwen2.5-7B-Instruct: 2.1531 seconds
[2026-08-22 08:47:05.016 Model_Service_0] Model service 0 input queue is empty, waiting for next request
[2026-08-22 08:47:05.714 Model_Service_0] [PAPER-KV-V6] relay-clone Qwen/Qwen2.5-1.5B-Instruct (0 requests)
[2026-08-22 08:47:05.714 Model_Service_0] [PAPER-KV-V6] stash Qwen/Qwen2.5-1.5B-Instruct from gpu 0 (0 requests)
[2026-08-22 08:47:06.064 Model_Service_0] [PAPER-LOAD-V4] release Qwen/Qwen2.5-1.5B-Instruct gpu 0 engine=0_3 held=0 held_engine=0_3 dropped=True
[2026-08-22 08:47:06.346 Model_Service_4] Model service 4 input queue is empty, waiting for next request
[2026-08-22 08:47:06.591 Model_Service_1] Model service 1 input queue is empty, waiting for next request
[2026-08-22 08:47:07.175 Model_Service_3] Model service 3 input queue is empty, waiting for next request
[2026-08-22 08:47:07.481 Model_Service_2] [PAPER-KV-V6] relay-clone Qwen/Qwen2.5-7B-Instruct (22 requests)
[2026-08-22 08:47:07.483 Model_Service_2] [PAPER-KV-V6] stash Qwen/Qwen2.5-7B-Instruct from gpu 1 (22 requests)
[2026-08-22 08:47:07.778 Model_Service_5] Model service 5 input queue is empty, waiting for next request
[2026-08-22 08:47:07.983 Model_Service_2] [PAPER-LOAD-V4] release Qwen/Qwen2.5-7B-Instruct gpu 1 engine=1_3 held=0 held_engine=0_0 dropped=False
[2026-08-22 08:47:09.223 Model_Service_2] [PAPER-KV-V6] fetch Qwen/Qwen2.5-7B-Instruct -> 22 requests
[2026-08-22 08:47:11.066 Model_Service_0] Model service 0 input queue is empty, waiting for next request
[2026-08-22 08:47:11.650 Model_Service_4] Model service 4 input queue is empty, waiting for next request
[2026-08-22 08:47:11.818 Model_Service_1] Model service 1 input queue is empty, waiting for next request
[2026-08-22 08:47:12.416 Model_Service_3] Model service 3 input queue is empty, waiting for next request
[2026-08-22 08:47:13.030 Model_Service_5] Model service 5 input queue is empty, waiting for next request
[2026-08-22 08:47:14.233 Model_Service_2] Model service 2 input queue is empty, waiting for next request
[2026-08-22 08:47:15.829 Model_Service_0] Model key: Qwen/Qwen2.5-1.5B-Instruct, engine id: 1_0, target gpu id: 1
[2026-08-22 08:47:16.127 Model_Service_0] [PAPER-LOAD-V4] {"tag": "Qwen/Qwen2.5-1.5B-Instruct|engine=1_0|src=None", "start_time": 1787388435.8452008, "end_time": 1787388436.127419, "policy": "paper", "split": 2, "pipeline_depth": null, "target_gpu": 1, "gpu_ids": [0, 1], "source": "cpu", "host_registered": true, "slices": 398, "payload_bytes": 3554176000, "bytes_h2d_direct": 1777088000, "bytes_h2d_helper": 1777088000, "bytes_p2p": 1777088000, "seconds": 0.2822168869897723, "payload_gbps": 12.593775085219495, "transfer_path": "host-to-device + helper-gpu-p2p"}
[2026-08-22 08:47:16.129 Model_Service_0] Time taken to copy model to GPU 1, service 0, engine 1_0, model Qwen/Qwen2.5-1.5B-Instruct: 0.3000 seconds
[2026-08-22 08:47:16.914 Model_Service_4] Model service 4 input queue is empty, waiting for next request
[2026-08-22 08:47:17.051 Model_Service_1] Model service 1 input queue is empty, waiting for next request
[2026-08-22 08:47:17.335 Model_Service_0] [PAPER-KV-V6] fetch Qwen/Qwen2.5-1.5B-Instruct -> 0 requests
[2026-08-22 08:47:17.349 Model_Service_1] [PAPER-KV-V6] relay-clone Qwen/Qwen2.5-3B-Instruct (0 requests)
[2026-08-22 08:47:17.350 Model_Service_1] [PAPER-KV-V6] stash Qwen/Qwen2.5-3B-Instruct from gpu 0 (0 requests)
[2026-08-22 08:47:17.658 Model_Service_3] Model service 3 input queue is empty, waiting for next request
[2026-08-22 08:47:17.795 Model_Service_1] [PAPER-LOAD-V4] release Qwen/Qwen2.5-3B-Instruct gpu 0 engine=0_1 held=0 held_engine=0_1 dropped=True
[2026-08-22 08:47:18.272 Model_Service_5] Model service 5 input queue is empty, waiting for next request
[2026-08-22 08:47:19.712 Model_Service_2] Model service 2 input queue is empty, waiting for next request
[2026-08-22 08:47:22.185 Model_Service_4] Model service 4 input queue is empty, waiting for next request
[2026-08-22 08:47:22.336 Model_Service_0] Model service 0 input queue is empty, waiting for next request
[2026-08-22 08:47:22.801 Model_Service_1] Model service 1 input queue is empty, waiting for next request
[2026-08-22 08:47:22.901 Model_Service_3] Model service 3 input queue is empty, waiting for next request
[2026-08-22 08:47:23.542 Model_Service_5] Model service 5 input queue is empty, waiting for next request
[2026-08-22 08:47:24.959 Model_Service_2] Model service 2 input queue is empty, waiting for next request
