arm,cond,cycle,timestamp,rate_window_s,current_shape,plan_shape,plan_id,plan_changed,convergence_gap,cooldown_active,decision,reason,kvpr0,kvpr1,peak_kvpr
old,steady8s1,1,1787607886.452763,30.0,2+2,1+3,"(('model_3', 1), ('model_4', 0), ('model_5', 0), ('model_6', 0))",False,1,False,MIGRATE,literal line-8 absolute delta exceeds tau,0.000417954635885353,0.00149757812289336,0.00149757812289336
old,steady8s1,2,1787607891.6619616,30.0,1+3,2+2,"(('model_3', 1), ('model_4', 1), ('model_5', 0), ('model_6', 0))",False,1,True,,migration cooldown active,0.016711471065455532,0.005796734219332193,0.016711471065455532
old,steady8s1,3,1787607896.6653106,30.0,1+3,2+2,"(('model_3', 1), ('model_4', 1), ('model_5', 0), ('model_6', 0))",False,1,True,,migration cooldown active,0.05581612939701999,0.02646786116634258,0.05581612939701999
old,steady8s1,4,1787607901.671678,30.0,1+3,2+2,"(('model_3', 1), ('model_4', 0), ('model_5', 0), ('model_6', 1))",False,1,True,,migration cooldown active,0.065543487837252,0.01536880788307862,0.065543487837252
old,steady8s1,5,1787607906.6784513,30.0,1+3,2+2,"(('model_3', 1), ('model_4', 0), ('model_5', 0), ('model_6', 1))",False,1,True,,migration cooldown active,0.102496282008909,0.01917003669310741,0.102496282008909
old,steady8s1,6,1787607911.7220292,30.0,1+3,2+2,"(('model_3', 1), ('model_4', 0), ('model_5', 0), ('model_6', 1))",False,1,True,,migration cooldown active,0.12209124014769539,0.04365235693635272,0.12209124014769539
old,steady8s1,7,1787607916.7574716,30.0,1+3,2+2,"(('model_3', 1), ('model_4', 0), ('model_5', 0), ('model_6', 1))",False,1,False,MIGRATE,literal line-8 absolute delta exceeds tau,0.13361304344310304,0.045356279347601634,0.13361304344310304
old,steady8s1,8,1787607923.2666855,30.0,2+2,2+2,"(('model_3', 1), ('model_4', 1), ('model_5', 0), ('model_6', 0))",False,2,True,,migration cooldown active,0.05687529324651243,0.09326589374820603,0.09326589374820603
old,steady8s1,9,1787607928.2929373,30.0,2+2,2+2,"(('model_3', 1), ('model_4', 1), ('model_5', 0), ('model_6', 0))",False,2,True,,migration cooldown active,0.05440390018735159,0.07812024223155119,0.07812024223155119
old,steady8s1,10,1787607933.3029346,30.0,2+2,2+2,"(('model_3', 1), ('model_4', 1), ('model_5', 0), ('model_6', 0))",False,2,True,,migration cooldown active,0.054371456653343336,0.09946354509501573,0.09946354509501573
old,steady8s1,11,1787607938.3152473,30.0,2+2,2+2,"(('model_3', 1), ('model_4', 1), ('model_5', 0), ('model_6', 0))",False,2,True,,migration cooldown active,0.050117801703505147,0.09106103632178228,0.09106103632178228
old,steady8s1,12,1787607943.3283653,30.0,2+2,2+2,"(('model_3', 1), ('model_4', 1), ('model_5', 0), ('model_6', 0))",False,2,True,,migration cooldown active,0.045004898091288534,0.09767783936803157,0.09767783936803157
old,steady8s1,13,1787607948.3370922,30.0,2+2,2+2,"(('model_3', 1), ('model_4', 1), ('model_5', 0), ('model_6', 0))",False,2,False,MIGRATE,literal line-8 absolute delta exceeds tau,0.044228663018988444,0.09064956803604901,0.09064956803604901
old,steady8s1,14,1787607953.3474362,30.0,1+3,2+2,"(('model_3', 1), ('model_4', 1), ('model_5', 0), ('model_6', 0))",False,1,True,,migration cooldown active,0.09631948673422489,0.05165472058653646,0.09631948673422489
old,steady8s1,15,1787607958.3599837,30.0,1+3,2+2,"(('model_3', 1), ('model_4', 1), ('model_5', 0), ('model_6', 0))",False,1,True,,migration cooldown active,0.09732391975932801,0.0389028043823089,0.09732391975932801
old,steady8s1,16,1787607963.3746412,30.0,1+3,2+2,"(('model_3', 1), ('model_4', 0), ('model_5', 1), ('model_6', 0))",False,1,True,,migration cooldown active,0.1219699592429563,0.030518990491270007,0.1219699592429563
old,steady8s1,17,1787607968.385793,30.0,1+3,2+2,"(('model_3', 1), ('model_4', 0), ('model_5', 1), ('model_6', 0))",False,1,True,,migration cooldown active,0.12415600926001859,0.03221266134449655,0.12415600926001859
old,steady8s1,18,1787607973.4019547,30.0,1+3,2+2,"(('model_3', 1), ('model_4', 0), ('model_5', 1), ('model_6', 0))",False,1,True,,migration cooldown active,0.11878960843672945,0.026332491794696638,0.11878960843672945
old,steady8s1,19,1787607978.4184785,30.0,1+3,2+2,"(('model_3', 1), ('model_4', 0), ('model_5', 0), ('model_6', 1))",False,1,False,MIGRATE,literal line-8 absolute delta exceeds tau,0.11809517419853416,0.03567624780932907,0.11809517419853416
old,steady8s1,20,1787607985.4653628,30.0,2+2,2+2,"(('model_3', 0), ('model_4', 1), ('model_5', 0), ('model_6', 1))",False,2,True,,migration cooldown active,0.04708168636901083,0.0753107364038605,0.0753107364038605
old,steady8s1,21,1787607990.485943,30.0,2+2,2+2,"(('model_3', 1), ('model_4', 1), ('model_5', 0), ('model_6', 0))",False,2,True,,migration cooldown active,0.05378995964582249,0.07368409438244664,0.07368409438244664
old,steady8s1,22,1787607995.5347357,30.0,2+2,2+2,"(('model_3', 1), ('model_4', 1), ('model_5', 0), ('model_6', 0))",False,2,True,,migration cooldown active,0.055100400035520365,0.12426567300307718,0.12426567300307718
old,steady8s1,23,1787608000.5548818,30.0,2+2,2+2,"(('model_3', 1), ('model_4', 1), ('model_5', 0), ('model_6', 0))",False,2,True,,migration cooldown active,0.04024979839834048,0.09103303496264022,0.09103303496264022
old,steady8s1,24,1787608005.5755424,30.0,2+2,2+2,"(('model_3', 1), ('model_4', 1), ('model_5', 0), ('model_6', 0))",False,2,True,,migration cooldown active,0.03747783092914953,0.0971506938773627,0.0971506938773627
old,steady8s1,25,1787608010.5967417,30.0,2+2,2+2,"(('model_3', 1), ('model_4', 1), ('model_5', 0), ('model_6', 0))",False,2,False,MIGRATE,literal line-8 absolute delta exceeds tau,0.047815879268221693,0.09521854047430875,0.09521854047430875
old,steady8s1,26,1787608016.0123277,30.0,1+3,2+2,"(('model_3', 1), ('model_4', 1), ('model_5', 0), ('model_6', 0))",False,1,True,,migration cooldown active,0.11362908280590006,0.05413934178468586,0.11362908280590006
old,steady8s1,27,1787608021.0344565,30.0,1+3,2+2,"(('model_3', 1), ('model_4', 1), ('model_5', 0), ('model_6', 0))",False,1,True,,migration cooldown active,0.08700348336708087,0.05606882238652136,0.08700348336708087
old,steady8s1,28,1787608026.0577226,30.0,1+3,2+2,"(('model_3', 1), ('model_4', 1), ('model_5', 0), ('model_6', 0))",False,1,True,,migration cooldown active,0.09880158468822066,0.04634031900541879,0.09880158468822066
old,steady8s1,29,1787608031.0781612,30.0,1+3,2+2,"(('model_3', 1), ('model_4', 0), ('model_5', 0), ('model_6', 1))",False,1,True,,migration cooldown active,0.10985555365890357,0.032862810085711465,0.10985555365890357
old,steady8s1,30,1787608036.125415,30.0,1+3,2+2,"(('model_3', 1), ('model_4', 1), ('model_5', 0), ('model_6', 0))",False,1,True,,migration cooldown active,0.11559197457272663,0.05542118673908358,0.11559197457272663
old,steady8s1,31,1787608041.1625383,30.0,1+3,2+2,"(('model_3', 1), ('model_4', 1), ('model_5', 0), ('model_6', 0))",False,1,False,MIGRATE,literal line-8 absolute delta exceeds tau,0.1144246268957779,0.04570802661197252,0.1144246268957779
old,steady8s1,32,1787608046.183672,30.0,2+2,2+2,"(('model_3', 1), ('model_4', 0), ('model_5', 0), ('model_6', 1))",False,2,True,,migration cooldown active,0.10551025401520113,0.06483411245743044,0.10551025401520113
old,steady8s1,33,1787608051.2076411,30.0,2+2,2+2,"(('model_3', 1), ('model_4', 0), ('model_5', 0), ('model_6', 1))",False,2,True,,migration cooldown active,0.10864875378046496,0.05971200511643494,0.10864875378046496
old,steady8s1,34,1787608056.2310472,30.0,2+2,2+2,"(('model_3', 1), ('model_4', 0), ('model_5', 1), ('model_6', 0))",False,2,True,,migration cooldown active,0.09703640061614904,0.05336154095270553,0.09703640061614904
old,steady8s1,35,1787608061.2541757,30.0,2+2,2+2,"(('model_3', 1), ('model_4', 1), ('model_5', 0), ('model_6', 0))",False,0,True,,migration cooldown active,0.09283683238537474,0.05611511433668637,0.09283683238537474
old,steady8s1,36,1787608066.3143923,30.0,2+2,2+2,"(('model_3', 1), ('model_4', 0), ('model_5', 1), ('model_6', 0))",False,2,True,,migration cooldown active,0.0915697338384529,0.048211458889099786,0.0915697338384529
old,steady8s1,37,1787608071.362527,30.0,2+2,2+2,"(('model_3', 1), ('model_4', 1), ('model_5', 0), ('model_6', 0))",False,0,False,,line-8 placement unchanged or every candidate blocked,0.09025590252294144,0.05908217658588231,0.09025590252294144
old,steady8s1,38,1787608076.3882182,30.0,2+2,2+2,"(('model_3', 1), ('model_4', 0), ('model_5', 1), ('model_6', 0))",False,2,False,MIGRATE,literal line-8 absolute delta exceeds tau,0.08552989334691563,0.05432700562657915,0.08552989334691563
old,steady8s1,39,1787608081.4134288,30.0,1+3,2+2,"(('model_3', 1), ('model_4', 1), ('model_5', 0), ('model_6', 0))",False,1,True,,migration cooldown active,0.04759137640749396,0.09816439865437712,0.09816439865437712
old,steady8s1,40,1787608086.4396572,30.0,1+3,2+2,"(('model_3', 1), ('model_4', 1), ('model_5', 0), ('model_6', 0))",False,1,True,,migration cooldown active,0.04004906151491187,0.10651253539372914,0.10651253539372914
old,steady8s1,41,1787608091.4676073,30.0,1+3,2+2,"(('model_3', 1), ('model_4', 1), ('model_5', 0), ('model_6', 0))",False,1,True,,migration cooldown active,0.03701572032429999,0.1014293634262352,0.1014293634262352
old,steady8s1,42,1787608096.497396,30.0,1+3,2+2,"(('model_3', 1), ('model_4', 1), ('model_5', 0), ('model_6', 0))",False,1,True,,migration cooldown active,0.03619945704531816,0.10154279937932958,0.10154279937932958
old,steady8s1,43,1787608101.5289423,30.0,1+3,2+2,"(('model_3', 1), ('model_4', 1), ('model_5', 0), ('model_6', 0))",False,1,True,,migration cooldown active,0.03207022913016756,0.11545886864994624,0.11545886864994624
old,steady8s1,44,1787608106.5621896,30.0,1+3,2+2,"(('model_3', 1), ('model_4', 1), ('model_5', 0), ('model_6', 0))",False,1,False,MIGRATE,literal line-8 absolute delta exceeds tau,0.030431113579730468,0.11330010290233684,0.11330010290233684
old,steady8s1,45,1787608113.3873432,30.0,2+2,2+2,"(('model_3', 1), ('model_4', 1), ('model_5', 0), ('model_6', 0))",False,0,True,,migration cooldown active,0.06567642204299426,0.04719185972048465,0.06567642204299426
old,steady8s1,46,1787608118.417168,30.0,2+2,2+2,"(('model_3', 1), ('model_4', 1), ('model_5', 0), ('model_6', 0))",False,0,True,,migration cooldown active,0.07118168085101108,0.06906364040682426,0.07118168085101108
old,steady8s1,47,1787608123.453258,30.0,2+2,2+2,"(('model_3', 1), ('model_4', 1), ('model_5', 0), ('model_6', 0))",False,0,True,,migration cooldown active,0.09067402691056826,0.05574490257929413,0.09067402691056826
old,steady8s1,48,1787608128.4878979,30.0,2+2,1+3,"(('model_3', 1), ('model_4', 1), ('model_5', 0), ('model_6', 1))",False,1,True,,migration cooldown active,0.08004864029052193,0.042782697746850964,0.08004864029052193
old,steady8s1,49,1787608133.777514,30.0,2+2,2+2,"(('model_3', 1), ('model_4', 1), ('model_5', 0), ('model_6', 0))",False,0,True,,migration cooldown active,0.08617405510848099,0.04711420808448062,0.08617405510848099
old,steady8s1,50,1787608138.8126953,30.0,2+2,1+3,"(('model_3', 1), ('model_4', 1), ('model_5', 1), ('model_6', 0))",False,1,False,MIGRATE,literal line-8 absolute delta exceeds tau,0.07716719463107849,0.03236939408046407,0.07716719463107849
old,steady8s1,51,1787608143.8460073,30.0,1+3,2+2,"(('model_3', 1), ('model_4', 0), ('model_5', 1), ('model_6', 0))",False,1,True,,migration cooldown active,0.05112517188885607,0.07583912541463379,0.07583912541463379
old,steady8s1,52,1787608148.881725,30.0,1+3,2+2,"(('model_3', 1), ('model_4', 0), ('model_5', 1), ('model_6', 0))",False,1,True,,migration cooldown active,0.03134149890435016,0.08175053903158494,0.08175053903158494
old,steady8s1,53,1787608153.980982,30.0,1+3,2+2,"(('model_3', 1), ('model_4', 0), ('model_5', 1), ('model_6', 0))",False,1,True,,migration cooldown active,0.032954491812970985,0.0913256506124187,0.0913256506124187
old,steady8s1,54,1787608159.0172186,30.0,1+3,2+2,"(('model_3', 1), ('model_4', 0), ('model_5', 1), ('model_6', 0))",False,1,True,,migration cooldown active,0.03195685504227923,0.1155983080736291,0.1155983080736291
old,steady8s1,55,1787608164.0556777,30.0,1+3,2+2,"(('model_3', 1), ('model_4', 0), ('model_5', 1), ('model_6', 0))",False,1,True,,migration cooldown active,0.031194439439576758,0.12014370338343687,0.12014370338343687
old,steady8s1,56,1787608169.0915508,30.0,1+3,2+2,"(('model_3', 1), ('model_4', 0), ('model_5', 1), ('model_6', 0))",False,1,False,,line-8 placement unchanged or every candidate blocked,0.031185248331991145,0.13214260223493324,0.13214260223493324
old,steady8s1,57,1787608174.1294732,30.0,1+3,2+2,"(('model_3', 1), ('model_4', 0), ('model_5', 1), ('model_6', 0))",False,1,False,,line-8 placement unchanged or every candidate blocked,0.029662958536628047,0.12003831784739365,0.12003831784739365
old,steady8s1,58,1787608179.1678255,30.0,1+3,2+2,"(('model_3', 1), ('model_4', 0), ('model_5', 1), ('model_6', 0))",False,1,False,,line-8 placement unchanged or every candidate blocked,0.028382173107994336,0.11739734944665263,0.11739734944665263
old,steady8s1,59,1787608184.2144692,30.0,1+3,2+2,"(('model_3', 1), ('model_4', 0), ('model_5', 1), ('model_6', 0))",False,1,False,,line-8 placement unchanged or every candidate blocked,0.03709276382749393,0.11835172806360401,0.11835172806360401
old,steady8s1,60,1787608189.2565873,30.0,1+3,2+2,"(('model_3', 1), ('model_4', 0), ('model_5', 1), ('model_6', 0))",False,1,False,,line-8 placement unchanged or every candidate blocked,0.027389625753580997,0.11669923457375173,0.11669923457375173
old,steady8s1,61,1787608194.3001518,30.0,1+3,2+2,"(('model_3', 1), ('model_4', 0), ('model_5', 1), ('model_6', 0))",False,1,False,,line-8 placement unchanged or every candidate blocked,0.03276649753911226,0.12761832154665212,0.12761832154665212
old,steady8s1,62,1787608199.3398979,30.0,1+3,2+2,"(('model_3', 1), ('model_4', 0), ('model_5', 1), ('model_6', 0))",False,1,False,,line-8 placement unchanged or every candidate blocked,0.029376828453781915,0.1473458551318828,0.1473458551318828
old,steady8s1,63,1787608204.4022338,30.0,1+3,2+2,"(('model_3', 1), ('model_4', 0), ('model_5', 1), ('model_6', 0))",False,1,False,,line-8 placement unchanged or every candidate blocked,0.02905955381782991,0.15036560867549362,0.15036560867549362
old,steady8s1,64,1787608209.4637525,30.0,1+3,2+2,"(('model_3', 1), ('model_4', 0), ('model_5', 1), ('model_6', 0))",False,1,False,,line-8 placement unchanged or every candidate blocked,0.037058846798396446,0.1427449127761874,0.1427449127761874
old,steady8s1,65,1787608214.5074666,30.0,1+3,2+2,"(('model_3', 1), ('model_4', 0), ('model_5', 1), ('model_6', 0))",False,1,False,,line-8 placement unchanged or every candidate blocked,0.028993709191235374,0.15047970810790412,0.15047970810790412
old,steady8s1,66,1787608219.8479488,30.0,1+3,2+2,"(('model_3', 1), ('model_4', 0), ('model_5', 1), ('model_6', 0))",False,1,False,,line-8 placement unchanged or every candidate blocked,0.033301974114418785,0.1256697779053434,0.1256697779053434
old,steady8s1,67,1787608224.9251523,30.0,1+3,2+2,"(('model_3', 1), ('model_4', 0), ('model_5', 1), ('model_6', 0))",False,1,False,,line-8 placement unchanged or every candidate blocked,0.04312861821815173,0.1170849981141862,0.1170849981141862
old,steady8s1,68,1787608229.9937372,30.0,1+3,2+2,"(('model_3', 1), ('model_4', 0), ('model_5', 1), ('model_6', 0))",False,1,False,,line-8 placement unchanged or every candidate blocked,0.03284080984107197,0.10885099380855238,0.10885099380855238
old,steady8s1,69,1787608235.042235,30.0,1+3,2+2,"(('model_3', 1), ('model_4', 0), ('model_5', 1), ('model_6', 0))",False,1,False,,line-8 placement unchanged or every candidate blocked,0.02818037108722806,0.12105516920473915,0.12105516920473915
old,steady8s1,70,1787608240.1090357,30.0,1+3,2+2,"(('model_3', 1), ('model_4', 0), ('model_5', 1), ('model_6', 0))",False,1,False,,line-8 placement unchanged or every candidate blocked,0.031294976692290914,0.10193676795303988,0.10193676795303988
old,steady8s1,71,1787608245.155765,30.0,1+3,2+2,"(('model_3', 1), ('model_4', 0), ('model_5', 1), ('model_6', 0))",False,1,False,,line-8 placement unchanged or every candidate blocked,0.03542723999365172,0.11719516494719165,0.11719516494719165
old,steady8s1,72,1787608250.2041368,30.0,1+3,2+2,"(('model_3', 1), ('model_4', 0), ('model_5', 1), ('model_6', 0))",False,1,False,,line-8 placement unchanged or every candidate blocked,0.03246381994123007,0.11728068008272845,0.11728068008272845
old,steady8s1,73,1787608255.2516088,30.0,1+3,2+2,"(('model_3', 1), ('model_4', 0), ('model_5', 1), ('model_6', 0))",False,1,False,,line-8 placement unchanged or every candidate blocked,0.0286003892104433,0.11445682979045498,0.11445682979045498
old,steady8s1,74,1787608260.3347359,30.0,1+3,2+2,"(('model_3', 1), ('model_4', 0), ('model_5', 1), ('model_6', 0))",False,1,False,,line-8 placement unchanged or every candidate blocked,0.028936404993479183,0.12211713878602497,0.12211713878602497
old,steady8s1,75,1787608265.3947918,30.0,1+3,2+2,"(('model_3', 0), ('model_4', 1), ('model_5', 1), ('model_6', 0))",False,1,False,,line-8 placement unchanged or every candidate blocked,0.029714166492007563,0.1236108868062492,0.1236108868062492
old,steady8s1,76,1787608270.4985154,30.0,1+3,2+2,"(('model_3', 1), ('model_4', 0), ('model_5', 1), ('model_6', 0))",False,1,False,,line-8 placement unchanged or every candidate blocked,0.031731725350518186,0.15462345117206902,0.15462345117206902
old,steady8s1,77,1787608275.5539615,30.0,1+3,2+2,"(('model_3', 1), ('model_4', 0), ('model_5', 1), ('model_6', 0))",False,1,False,,line-8 placement unchanged or every candidate blocked,0.03146225640537158,0.13023467507072406,0.13023467507072406
old,steady8s1,78,1787608280.632258,30.0,1+3,2+2,"(('model_3', 1), ('model_4', 0), ('model_5', 1), ('model_6', 0))",False,1,False,,line-8 placement unchanged or every candidate blocked,0.026275653890871067,0.14272585757818237,0.14272585757818237
old,steady8s1,79,1787608285.6855314,30.0,1+3,2+2,"(('model_3', 1), ('model_4', 0), ('model_5', 1), ('model_6', 0))",False,1,False,,line-8 placement unchanged or every candidate blocked,0.029469497456212537,0.12905102273313657,0.12905102273313657
old,steady8s1,80,1787608290.755928,30.0,1+3,2+2,"(('model_3', 1), ('model_4', 0), ('model_5', 1), ('model_6', 0))",False,1,False,,line-8 placement unchanged or every candidate blocked,0.040989903786839914,0.12942400272072593,0.12942400272072593
old,steady8s1,81,1787608295.8121462,30.0,1+3,2+2,"(('model_3', 1), ('model_4', 0), ('model_5', 1), ('model_6', 0))",False,1,False,,line-8 placement unchanged or every candidate blocked,0.027062063426385365,0.14421136658969952,0.14421136658969952
old,steady8s1,82,1787608300.8693435,30.0,1+3,2+2,"(('model_3', 1), ('model_4', 0), ('model_5', 1), ('model_6', 0))",False,1,False,,line-8 placement unchanged or every candidate blocked,0.02719677309100906,0.14995650164161914,0.14995650164161914
old,steady8s1,83,1787608305.9543293,30.0,1+3,2+2,"(('model_3', 1), ('model_4', 0), ('model_5', 1), ('model_6', 0))",False,1,False,,line-8 placement unchanged or every candidate blocked,0.030671576720584525,0.15379265664326847,0.15379265664326847
old,steady8s1,84,1787608311.0089836,30.0,1+3,2+2,"(('model_3', 1), ('model_4', 0), ('model_5', 1), ('model_6', 0))",False,1,False,,line-8 placement unchanged or every candidate blocked,0.025378489132059093,0.12496883058877607,0.12496883058877607
old,steady8s1,85,1787608316.0956173,30.0,1+3,2+2,"(('model_3', 1), ('model_4', 0), ('model_5', 1), ('model_6', 0))",False,1,False,,line-8 placement unchanged or every candidate blocked,0.012247802001091393,0.09757710208921726,0.09757710208921726
old,steady8s2,1,1787609062.524536,30.0,2+2,2+2,"(('model_3', 1), ('model_4', 0), ('model_5', 0), ('model_6', 1))",False,0,False,,line-8 placement unchanged or every candidate blocked,0.0,0.0002835210839539682,0.0002835210839539682
old,steady8s2,2,1787609067.5272422,30.0,2+2,2+2,"(('model_3', 1), ('model_4', 1), ('model_5', 0), ('model_6', 0))",False,2,False,MIGRATE,literal line-8 absolute delta exceeds tau,0.009264309921376125,0.029912704336251237,0.029912704336251237
old,steady8s2,3,1787609074.1310253,30.0,1+3,2+2,"(('model_3', 1), ('model_4', 0), ('model_5', 0), ('model_6', 1))",False,1,True,,migration cooldown active,0.06578134150492888,0.01996050481961546,0.06578134150492888
old,steady8s2,4,1787609079.1658368,30.0,1+3,2+2,"(('model_3', 1), ('model_4', 1), ('model_5', 0), ('model_6', 0))",False,1,True,,migration cooldown active,0.0632808579705405,0.027916703845435063,0.0632808579705405
old,steady8s2,5,1787609084.1719391,30.0,1+3,2+2,"(('model_3', 1), ('model_4', 0), ('model_5', 0), ('model_6', 1))",False,1,True,,migration cooldown active,0.09042790718246238,0.030347590529076846,0.09042790718246238
old,steady8s2,6,1787609089.2138307,30.0,1+3,2+2,"(('model_3', 1), ('model_4', 0), ('model_5', 0), ('model_6', 1))",False,1,True,,migration cooldown active,0.1245645071603843,0.03772511850812286,0.1245645071603843
old,steady8s2,7,1787609094.2339742,30.0,1+3,1+3,"(('model_3', 1), ('model_4', 1), ('model_5', 0), ('model_6', 1))",False,2,True,,migration cooldown active,0.145860659905961,0.022149057006284417,0.145860659905961
old,steady8s2,8,1787609099.243375,30.0,1+3,2+2,"(('model_3', 1), ('model_4', 0), ('model_5', 0), ('model_6', 1))",False,1,False,MIGRATE,literal line-8 absolute delta exceeds tau,0.1370868247845785,0.029331040333491046,0.1370868247845785
old,steady8s2,9,1787609105.4113595,30.0,2+2,1+3,"(('model_3', 1), ('model_4', 1), ('model_5', 0), ('model_6', 1))",False,1,True,,migration cooldown active,0.09013199074526426,0.06911870252293546,0.09013199074526426
old,steady8s2,10,1787609110.4180927,30.0,2+2,2+2,"(('model_3', 1), ('model_4', 0), ('model_5', 0), ('model_6', 1))",False,0,True,,migration cooldown active,0.08138763423397366,0.07953208063148492,0.08138763423397366
old,steady8s2,11,1787609115.4290733,30.0,2+2,2+2,"(('model_3', 1), ('model_4', 0), ('model_5', 0), ('model_6', 1))",False,0,True,,migration cooldown active,0.0803054137534503,0.08712704072774621,0.08712704072774621
old,steady8s2,12,1787609120.4412973,30.0,2+2,2+2,"(('model_3', 1), ('model_4', 0), ('model_5', 0), ('model_6', 1))",False,0,True,,migration cooldown active,0.0718563097961745,0.07387932312003018,0.07387932312003018
old,steady8s2,13,1787609125.454968,30.0,2+2,2+2,"(('model_3', 1), ('model_4', 0), ('model_5', 0), ('model_6', 1))",False,0,True,,migration cooldown active,0.06638342808983372,0.07062238383206403,0.07062238383206403
old,steady8s2,14,1787609130.4654405,30.0,2+2,2+2,"(('model_3', 1), ('model_4', 0), ('model_5', 0), ('model_6', 1))",False,0,False,,line-8 placement unchanged or every candidate blocked,0.07852472631671902,0.07731327173110661,0.07852472631671902
old,steady8s2,15,1787609135.4801707,30.0,2+2,2+2,"(('model_3', 1), ('model_4', 0), ('model_5', 0), ('model_6', 1))",False,0,False,,line-8 placement unchanged or every candidate blocked,0.07346545482450301,0.078332364903274,0.078332364903274
old,steady8s2,16,1787609140.4944737,30.0,2+2,2+2,"(('model_3', 1), ('model_4', 0), ('model_5', 0), ('model_6', 1))",False,0,False,,line-8 placement unchanged or every candidate blocked,0.06761340902120404,0.08761898536678188,0.08761898536678188
old,steady8s2,17,1787609145.5098126,30.0,2+2,2+2,"(('model_3', 1), ('model_4', 0), ('model_5', 0), ('model_6', 1))",False,0,False,,line-8 placement unchanged or every candidate blocked,0.06596992247824937,0.07819159130320161,0.07819159130320161
old,steady8s2,18,1787609150.547129,30.0,2+2,2+2,"(('model_3', 1), ('model_4', 0), ('model_5', 0), ('model_6', 1))",False,0,False,,line-8 placement unchanged or every candidate blocked,0.06502523733458533,0.09587993372667894,0.09587993372667894
old,steady8s2,19,1787609155.5686622,30.0,2+2,2+2,"(('model_3', 1), ('model_4', 0), ('model_5', 0), ('model_6', 1))",False,0,False,,line-8 placement unchanged or every candidate blocked,0.0709192912344617,0.10510031894823724,0.10510031894823724
old,steady8s2,20,1787609160.5875869,30.0,2+2,2+2,"(('model_3', 1), ('model_4', 0), ('model_5', 0), ('model_6', 1))",False,0,False,,line-8 placement unchanged or every candidate blocked,0.07023940390870168,0.09370125493640605,0.09370125493640605
old,steady8s2,21,1787609165.640114,30.0,2+2,2+2,"(('model_3', 1), ('model_4', 0), ('model_5', 0), ('model_6', 1))",False,0,False,,line-8 placement unchanged or every candidate blocked,0.07354131178800707,0.095695144621279,0.095695144621279
old,steady8s2,22,1787609170.6590486,30.0,2+2,2+2,"(('model_3', 1), ('model_4', 0), ('model_5', 0), ('model_6', 1))",False,0,False,,line-8 placement unchanged or every candidate blocked,0.07134926550429539,0.09009150991150675,0.09009150991150675
old,steady8s2,23,1787609175.6788666,30.0,2+2,2+2,"(('model_3', 1), ('model_4', 0), ('model_5', 0), ('model_6', 1))",False,0,False,,line-8 placement unchanged or every candidate blocked,0.06594520008499453,0.08182379267802395,0.08182379267802395
old,steady8s2,24,1787609180.712751,30.0,2+2,2+2,"(('model_3', 1), ('model_4', 1), ('model_5', 0), ('model_6', 0))",False,2,False,MIGRATE,literal line-8 absolute delta exceeds tau,0.06924683359974577,0.10534465491683834,0.10534465491683834
old,steady8s2,25,1787609185.7411108,30.0,1+3,2+2,"(('model_3', 1), ('model_4', 0), ('model_5', 0), ('model_6', 1))",False,1,True,,migration cooldown active,0.09354910065374143,0.12196252115734424,0.12196252115734424
old,steady8s2,26,1787609190.7598977,30.0,1+3,2+2,"(('model_3', 1), ('model_4', 0), ('model_5', 0), ('model_6', 1))",False,1,True,,migration cooldown active,0.0928156535647765,0.12392167953958169,0.12392167953958169
old,steady8s2,27,1787609195.807356,30.0,1+3,2+2,"(('model_3', 1), ('model_4', 0), ('model_5', 0), ('model_6', 1))",False,1,True,,migration cooldown active,0.08188317409188563,0.11995063342156362,0.11995063342156362
old,steady8s2,28,1787609200.8409185,30.0,1+3,2+2,"(('model_3', 1), ('model_4', 0), ('model_5', 0), ('model_6', 1))",False,1,True,,migration cooldown active,0.06838558020357312,0.11100311869003403,0.11100311869003403
old,steady8s2,29,1787609205.8653693,30.0,1+3,2+2,"(('model_3', 1), ('model_4', 0), ('model_5', 0), ('model_6', 1))",False,1,True,,migration cooldown active,0.07354318417264066,0.11737853045756674,0.11737853045756674
old,steady8s2,30,1787609210.8882802,30.0,1+3,2+2,"(('model_3', 1), ('model_4', 0), ('model_5', 0), ('model_6', 1))",False,1,False,MIGRATE,literal line-8 absolute delta exceeds tau,0.061548669585367734,0.09368956617883142,0.09368956617883142
old,steady8s2,31,1787609215.916557,30.0,2+2,2+2,"(('model_3', 1), ('model_4', 0), ('model_5', 0), ('model_6', 1))",False,0,True,,migration cooldown active,0.0671422105525517,0.08488775085697814,0.08488775085697814
old,steady8s2,32,1787609220.9432175,30.0,2+2,2+2,"(('model_3', 1), ('model_4', 0), ('model_5', 0), ('model_6', 1))",False,0,True,,migration cooldown active,0.057198810986359545,0.07696038964385636,0.07696038964385636
old,steady8s2,33,1787609225.9655223,30.0,2+2,2+2,"(('model_3', 1), ('model_4', 0), ('model_5', 0), ('model_6', 1))",False,0,True,,migration cooldown active,0.059835410300228625,0.061019327151382766,0.061019327151382766
old,steady8s2,34,1787609230.9944272,30.0,2+2,2+2,"(('model_3', 1), ('model_4', 0), ('model_5', 0), ('model_6', 1))",False,0,True,,migration cooldown active,0.07487169162907018,0.06563355652512022,0.07487169162907018
old,steady8s2,35,1787609236.0211616,30.0,2+2,1+3,"(('model_3', 1), ('model_4', 1), ('model_5', 0), ('model_6', 1))",False,1,True,,migration cooldown active,0.08454697991391506,0.0694145570899815,0.08454697991391506
old,steady8s2,36,1787609241.0492678,30.0,2+2,2+2,"(('model_3', 1), ('model_4', 0), ('model_5', 0), ('model_6', 1))",False,0,False,,line-8 placement unchanged or every candidate blocked,0.08211810571860519,0.08656424389950969,0.08656424389950969
old,steady8s2,37,1787609246.077533,30.0,2+2,2+2,"(('model_3', 1), ('model_4', 0), ('model_5', 0), ('model_6', 1))",False,0,False,,line-8 placement unchanged or every candidate blocked,0.09309286562374491,0.08484010139102802,0.09309286562374491
old,steady8s2,38,1787609251.1125093,30.0,2+2,2+2,"(('model_3', 1), ('model_4', 0), ('model_5', 0), ('model_6', 1))",False,0,False,,line-8 placement unchanged or every candidate blocked,0.10896258237583002,0.08998247266801057,0.10896258237583002
old,steady8s2,39,1787609256.1420496,30.0,2+2,1+3,"(('model_3', 1), ('model_4', 1), ('model_5', 0), ('model_6', 1))",False,1,False,MIGRATE,literal line-8 absolute delta exceeds tau,0.1043828773717763,0.07834540427570394,0.1043828773717763
old,steady8s2,40,1787609261.1703248,30.0,1+3,1+3,"(('model_3', 1), ('model_4', 1), ('model_5', 0), ('model_6', 1))",False,0,True,,migration cooldown active,0.10255802592739353,0.0845911957721298,0.10255802592739353
old,steady8s2,41,1787609266.1995502,30.0,1+3,2+2,"(('model_3', 1), ('model_4', 0), ('model_5', 0), ('model_6', 1))",False,1,True,,migration cooldown active,0.06501412445100371,0.08762909741262617,0.08762909741262617
old,steady8s2,42,1787609271.229376,30.0,1+3,2+2,"(('model_3', 1), ('model_4', 0), ('model_5', 0), ('model_6', 1))",False,1,True,,migration cooldown active,0.06951467486591621,0.08760386681693988,0.08760386681693988
old,steady8s2,43,1787609276.2958903,30.0,1+3,2+2,"(('model_3', 1), ('model_4', 0), ('model_5', 0), ('model_6', 1))",False,1,True,,migration cooldown active,0.06306631961061661,0.08609013500306258,0.08609013500306258
old,steady8s2,44,1787609281.3497002,30.0,1+3,2+2,"(('model_3', 1), ('model_4', 0), ('model_5', 0), ('model_6', 1))",False,1,True,,migration cooldown active,0.06892943435305551,0.09350456720465306,0.09350456720465306
old,steady8s2,45,1787609286.381818,30.0,1+3,2+2,"(('model_3', 1), ('model_4', 0), ('model_5', 0), ('model_6', 1))",False,1,False,MIGRATE,literal line-8 absolute delta exceeds tau,0.0536315805651828,0.09483671027511718,0.09483671027511718
old,steady8s2,46,1787609292.3753548,30.0,2+2,2+2,"(('model_3', 1), ('model_4', 0), ('model_5', 0), ('model_6', 1))",False,0,True,,migration cooldown active,0.06945949371432082,0.08164802421903454,0.08164802421903454
old,steady8s2,47,1787609297.4083788,30.0,2+2,2+2,"(('model_3', 1), ('model_4', 1), ('model_5', 0), ('model_6', 0))",False,2,True,,migration cooldown active,0.07494405039173024,0.10217202954331554,0.10217202954331554
old,steady8s2,48,1787609302.4711332,30.0,2+2,2+2,"(('model_3', 1), ('model_4', 1), ('model_5', 0), ('model_6', 0))",False,2,True,,migration cooldown active,0.07168604458282499,0.09556338953245631,0.09556338953245631
old,steady8s2,49,1787609307.5168223,30.0,2+2,2+2,"(('model_3', 1), ('model_4', 0), ('model_5', 0), ('model_6', 1))",False,0,True,,migration cooldown active,0.08686425743849001,0.08632278686453104,0.08686425743849001
old,steady8s2,50,1787609312.5741184,30.0,2+2,2+2,"(('model_3', 1), ('model_4', 0), ('model_5', 0), ('model_6', 1))",False,0,True,,migration cooldown active,0.08041340994456717,0.07961223342786634,0.08041340994456717
old,steady8s2,51,1787609317.892814,30.0,2+2,2+2,"(('model_3', 1), ('model_4', 0), ('model_5', 0), ('model_6', 1))",False,0,False,,line-8 placement unchanged or every candidate blocked,0.09416678289926728,0.08227618860033627,0.09416678289926728
old,steady8s2,52,1787609322.9397583,30.0,2+2,2+2,"(('model_3', 1), ('model_4', 0), ('model_5', 0), ('model_6', 1))",False,0,False,,line-8 placement unchanged or every candidate blocked,0.07953297174076719,0.07728215109628428,0.07953297174076719
old,steady8s2,53,1787609327.9767907,30.0,2+2,2+2,"(('model_3', 1), ('model_4', 0), ('model_5', 0), ('model_6', 1))",False,0,False,,line-8 placement unchanged or every candidate blocked,0.07405767601072542,0.07450445488308743,0.07450445488308743
old,steady8s2,54,1787609333.013744,30.0,2+2,2+2,"(('model_3', 1), ('model_4', 0), ('model_5', 0), ('model_6', 1))",False,0,False,,line-8 placement unchanged or every candidate blocked,0.06641320468147606,0.07540891537721571,0.07540891537721571
old,steady8s2,55,1787609338.0493836,30.0,2+2,2+2,"(('model_3', 1), ('model_4', 0), ('model_5', 0), ('model_6', 1))",False,0,False,,line-8 placement unchanged or every candidate blocked,0.06934826941838315,0.09601102633085902,0.09601102633085902
old,steady8s2,56,1787609343.0845742,30.0,2+2,2+2,"(('model_3', 1), ('model_4', 0), ('model_5', 0), ('model_6', 1))",False,0,False,,line-8 placement unchanged or every candidate blocked,0.06117260796945301,0.0900247291369131,0.0900247291369131
old,steady8s2,57,1787609348.1327474,30.0,2+2,2+2,"(('model_3', 1), ('model_4', 0), ('model_5', 0), ('model_6', 1))",False,0,False,,line-8 placement unchanged or every candidate blocked,0.06656824171270245,0.09329089167063598,0.09329089167063598
old,steady8s2,58,1787609353.1709995,30.0,2+2,2+2,"(('model_3', 1), ('model_4', 0), ('model_5', 0), ('model_6', 1))",False,0,False,,line-8 placement unchanged or every candidate blocked,0.06583825924768646,0.08053197916394068,0.08053197916394068
old,steady8s2,59,1787609358.2291777,30.0,2+2,2+2,"(('model_3', 1), ('model_4', 1), ('model_5', 0), ('model_6', 0))",False,2,False,MIGRATE,literal line-8 absolute delta exceeds tau,0.04798302859294337,0.09361180691004364,0.09361180691004364
old,steady8s2,60,1787609363.2741523,30.0,1+3,2+2,"(('model_3', 1), ('model_4', 1), ('model_5', 0), ('model_6', 0))",False,1,True,,migration cooldown active,0.07628294480907266,0.05948050739103464,0.07628294480907266
old,steady8s2,61,1787609368.3404322,30.0,1+3,2+2,"(('model_3', 1), ('model_4', 1), ('model_5', 0), ('model_6', 0))",False,1,True,,migration cooldown active,0.08774750593108241,0.05062232012994188,0.08774750593108241
old,steady8s2,62,1787609373.3909273,30.0,1+3,2+2,"(('model_3', 1), ('model_4', 0), ('model_5', 0), ('model_6', 1))",False,1,True,,migration cooldown active,0.10911271819380565,0.037391619727545566,0.10911271819380565
old,steady8s2,63,1787609378.4302735,30.0,1+3,2+2,"(('model_3', 1), ('model_4', 0), ('model_5', 0), ('model_6', 1))",False,1,True,,migration cooldown active,0.15038083386704815,0.04932828116273856,0.15038083386704815
old,steady8s2,64,1787609383.5166183,30.0,1+3,2+2,"(('model_3', 1), ('model_4', 0), ('model_5', 0), ('model_6', 1))",False,1,True,,migration cooldown active,0.1504617308712744,0.04880568047857083,0.1504617308712744
old,steady8s2,65,1787609388.5573213,30.0,1+3,2+2,"(('model_3', 1), ('model_4', 0), ('model_5', 0), ('model_6', 1))",False,1,False,MIGRATE,literal line-8 absolute delta exceeds tau,0.14811252973441308,0.05044280998188027,0.14811252973441308
old,steady8s2,66,1787609393.5975766,30.0,2+2,1+3,"(('model_3', 1), ('model_4', 1), ('model_5', 0), ('model_6', 1))",False,1,True,,migration cooldown active,0.11608624610687493,0.07058465535108707,0.11608624610687493
old,steady8s2,67,1787609398.6458192,30.0,2+2,2+2,"(('model_3', 1), ('model_4', 0), ('model_5', 0), ('model_6', 1))",False,0,True,,migration cooldown active,0.0922473437368576,0.11031251587619181,0.11031251587619181
old,steady8s2,68,1787609403.7020335,30.0,2+2,2+2,"(('model_3', 1), ('model_4', 0), ('model_5', 0), ('model_6', 1))",False,0,True,,migration cooldown active,0.1014372227899452,0.11058930284652177,0.11058930284652177
old,steady8s2,69,1787609408.747373,30.0,2+2,2+2,"(('model_3', 1), ('model_4', 0), ('model_5', 0), ('model_6', 1))",False,0,True,,migration cooldown active,0.08168525349699411,0.10517001485307784,0.10517001485307784
old,steady8s2,70,1787609413.7926896,30.0,2+2,2+2,"(('model_3', 1), ('model_4', 0), ('model_5', 0), ('model_6', 1))",False,0,True,,migration cooldown active,0.0820128052576597,0.10915871150905973,0.10915871150905973
old,steady8s2,71,1787609418.8858635,30.0,2+2,2+2,"(('model_3', 1), ('model_4', 0), ('model_5', 0), ('model_6', 1))",False,0,False,,line-8 placement unchanged or every candidate blocked,0.0747990729610553,0.10442112327456407,0.10442112327456407
old,steady8s2,72,1787609423.9573143,30.0,2+2,2+2,"(('model_3', 1), ('model_4', 0), ('model_5', 0), ('model_6', 1))",False,0,False,,line-8 placement unchanged or every candidate blocked,0.0734419010972865,0.09986892038474243,0.09986892038474243
old,steady8s2,73,1787609429.0070882,30.0,2+2,2+2,"(('model_3', 1), ('model_4', 0), ('model_5', 0), ('model_6', 1))",False,0,False,,line-8 placement unchanged or every candidate blocked,0.06267913755624675,0.08627381714918055,0.08627381714918055
old,steady8s2,74,1787609434.0572107,30.0,2+2,2+2,"(('model_3', 1), ('model_4', 0), ('model_5', 0), ('model_6', 1))",False,0,False,,line-8 placement unchanged or every candidate blocked,0.0792828530665494,0.08536255450690985,0.08536255450690985
old,steady8s2,75,1787609439.105012,30.0,2+2,2+2,"(('model_3', 1), ('model_4', 0), ('model_5', 0), ('model_6', 1))",False,0,False,,line-8 placement unchanged or every candidate blocked,0.08287306190520063,0.09664161292727544,0.09664161292727544
old,steady8s2,76,1787609444.1736572,30.0,2+2,2+2,"(('model_3', 1), ('model_4', 0), ('model_5', 0), ('model_6', 1))",False,0,False,,line-8 placement unchanged or every candidate blocked,0.07261739487100441,0.09460099801448181,0.09460099801448181
old,steady8s2,77,1787609449.2241118,30.0,2+2,2+2,"(('model_3', 1), ('model_4', 0), ('model_5', 0), ('model_6', 1))",False,0,False,,line-8 placement unchanged or every candidate blocked,0.0710946520483116,0.0736011403555338,0.0736011403555338
old,steady8s2,78,1787609454.2714686,30.0,2+2,2+2,"(('model_3', 1), ('model_4', 0), ('model_5', 0), ('model_6', 1))",False,0,False,,line-8 placement unchanged or every candidate blocked,0.07056991833139073,0.0868288197359978,0.0868288197359978
old,steady8s2,79,1787609459.3355734,30.0,2+2,2+2,"(('model_3', 1), ('model_4', 1), ('model_5', 0), ('model_6', 0))",False,2,False,MIGRATE,literal line-8 absolute delta exceeds tau,0.05242746732981764,0.08334150172727706,0.08334150172727706
old,steady8s2,80,1787609464.6163626,30.0,1+3,2+2,"(('model_3', 1), ('model_4', 0), ('model_5', 0), ('model_6', 1))",False,1,True,,migration cooldown active,0.05350922377203649,0.09368814411154998,0.09368814411154998
old,steady8s2,81,1787609469.6695821,30.0,1+3,2+2,"(('model_3', 1), ('model_4', 0), ('model_5', 0), ('model_6', 1))",False,1,True,,migration cooldown active,0.053255550963624526,0.09784271248052705,0.09784271248052705
old,steady8s2,82,1787609474.7208333,30.0,1+3,2+2,"(('model_3', 1), ('model_4', 1), ('model_5', 0), ('model_6', 0))",False,1,True,,migration cooldown active,0.04608878451971967,0.11291080201867068,0.11291080201867068
old,steady8s2,83,1787609479.7754107,30.0,1+3,2+2,"(('model_3', 1), ('model_4', 0), ('model_5', 0), ('model_6', 1))",False,1,True,,migration cooldown active,0.06664802297903784,0.10183084243921638,0.10183084243921638
old,steady8s2,84,1787609484.8277214,30.0,1+3,2+2,"(('model_3', 1), ('model_4', 0), ('model_5', 0), ('model_6', 1))",False,1,True,,migration cooldown active,0.04869017025530812,0.10287413464001213,0.10287413464001213
old,steady8s2,85,1787609489.878533,30.0,1+3,2+2,"(('model_3', 1), ('model_4', 1), ('model_5', 0), ('model_6', 0))",False,1,False,MIGRATE,literal line-8 absolute delta exceeds tau,0.033519482673038004,0.07723895739930874,0.07723895739930874
old,steady8s2,86,1787609494.9513586,30.0,2+2,2+2,"(('model_3', 1), ('model_4', 0), ('model_5', 0), ('model_6', 1))",False,2,True,,migration cooldown active,0.060410857015817665,0.027759091880836362,0.060410857015817665
old,steady10s1,1,1787610244.7481675,30.0,2+2,1+3,"(('model_3', 1), ('model_4', 0), ('model_5', 0), ('model_6', 0))",False,1,False,MIGRATE,literal line-8 absolute delta exceeds tau,0.00024153747633841403,0.0014975385570941198,0.0014975385570941198
old,steady10s1,2,1787610249.83832,30.0,1+3,2+2,"(('model_3', 1), ('model_4', 0), ('model_5', 1), ('model_6', 0))",False,1,True,,migration cooldown active,0.031342450573658594,0.0061207351026778154,0.031342450573658594
old,steady10s1,3,1787610254.8438897,30.0,1+3,2+2,"(('model_3', 1), ('model_4', 1), ('model_5', 0), ('model_6', 0))",False,1,True,,migration cooldown active,0.05231341957324166,0.023547388597220057,0.05231341957324166
old,steady10s1,4,1787610259.8525743,30.0,1+3,2+2,"(('model_3', 1), ('model_4', 0), ('model_5', 0), ('model_6', 1))",False,1,True,,migration cooldown active,0.08509204742504586,0.018810724954815745,0.08509204742504586
old,steady10s1,5,1787610264.861267,30.0,1+3,2+2,"(('model_3', 1), ('model_4', 0), ('model_5', 0), ('model_6', 1))",False,1,True,,migration cooldown active,0.10918124347659292,0.030596466937427135,0.10918124347659292
old,steady10s1,6,1787610269.8714705,30.0,1+3,2+2,"(('model_3', 1), ('model_4', 0), ('model_5', 0), ('model_6', 1))",False,1,True,,migration cooldown active,0.14864348252835752,0.036425128188600685,0.14864348252835752
old,steady10s1,7,1787610274.8818693,30.0,1+3,2+2,"(('model_3', 1), ('model_4', 0), ('model_5', 0), ('model_6', 1))",False,1,False,MIGRATE,literal line-8 absolute delta exceeds tau,0.16615254033719262,0.05545980895838693,0.16615254033719262
old,steady10s1,8,1787610283.476051,30.0,2+2,2+2,"(('model_3', 1), ('model_4', 0), ('model_5', 0), ('model_6', 1))",False,0,True,,migration cooldown active,0.08732067941844146,0.11113979772983362,0.11113979772983362
old,steady10s1,9,1787610288.4870985,30.0,2+2,2+2,"(('model_3', 1), ('model_4', 0), ('model_5', 0), ('model_6', 1))",False,0,True,,migration cooldown active,0.08250189749802704,0.08919767300694861,0.08919767300694861
old,steady10s1,10,1787610293.5004222,30.0,2+2,2+2,"(('model_3', 1), ('model_4', 0), ('model_5', 0), ('model_6', 1))",False,0,True,,migration cooldown active,0.07876999211064338,0.11033893356426708,0.11033893356426708
old,steady10s1,11,1787610298.5137138,30.0,2+2,2+2,"(('model_3', 1), ('model_4', 0), ('model_5', 1), ('model_6', 0))",False,2,True,,migration cooldown active,0.0690655157393568,0.12065433269331217,0.12065433269331217
old,steady10s1,12,1787610303.5460107,30.0,2+2,2+2,"(('model_3', 1), ('model_4', 1), ('model_5', 0), ('model_6', 0))",False,2,True,,migration cooldown active,0.06655308971802068,0.12109704473389285,0.12109704473389285
old,steady10s1,13,1787610308.5958288,30.0,2+2,2+2,"(('model_3', 1), ('model_4', 1), ('model_5', 0), ('model_6', 0))",False,2,False,MIGRATE,literal line-8 absolute delta exceeds tau,0.07010890064589834,0.11718284393945337,0.11718284393945337
old,steady10s1,14,1787610313.6133945,30.0,1+3,2+2,"(('model_3', 1), ('model_4', 0), ('model_5', 0), ('model_6', 1))",False,1,True,,migration cooldown active,0.060281480556777504,0.11986112482677015,0.11986112482677015
old,steady10s1,15,1787610318.8719134,30.0,1+3,2+2,"(('model_3', 1), ('model_4', 0), ('model_5', 0), ('model_6', 1))",False,1,True,,migration cooldown active,0.04841211612350743,0.1265501776473834,0.1265501776473834
old,steady10s1,16,1787610323.8877873,30.0,1+3,2+2,"(('model_3', 1), ('model_4', 0), ('model_5', 0), ('model_6', 1))",False,1,True,,migration cooldown active,0.04673528953731097,0.1204889830668601,0.1204889830668601
old,steady10s1,17,1787610328.9064171,30.0,1+3,2+2,"(('model_3', 1), ('model_4', 1), ('model_5', 0), ('model_6', 0))",False,1,True,,migration cooldown active,0.0429952429146072,0.1258566338938933,0.1258566338938933
old,steady10s1,18,1787610333.960035,30.0,1+3,2+2,"(('model_3', 1), ('model_4', 1), ('model_5', 0), ('model_6', 0))",False,1,True,,migration cooldown active,0.03784466993231184,0.12127055602254551,0.12127055602254551
old,steady10s1,19,1787610338.98414,30.0,1+3,2+2,"(('model_3', 1), ('model_4', 0), ('model_5', 0), ('model_6', 1))",False,1,False,MIGRATE,literal line-8 absolute delta exceeds tau,0.04666650752497619,0.12094042260709933,0.12094042260709933
old,steady10s1,20,1787610344.0028448,30.0,2+2,2+2,"(('model_3', 1), ('model_4', 1), ('model_5', 0), ('model_6', 0))",False,2,True,,migration cooldown active,0.053704202192621835,0.09263821083028581,0.09263821083028581
old,steady10s1,21,1787610349.0256176,30.0,2+2,2+2,"(('model_3', 1), ('model_4', 1), ('model_5', 0), ('model_6', 0))",False,2,True,,migration cooldown active,0.06287164137791204,0.09955112743474445,0.09955112743474445
old,steady10s1,22,1787610354.0570064,30.0,2+2,2+2,"(('model_3', 1), ('model_4', 1), ('model_5', 0), ('model_6', 0))",False,2,True,,migration cooldown active,0.0734931217936193,0.1085732079056917,0.1085732079056917
old,steady10s1,23,1787610359.115212,30.0,2+2,2+2,"(('model_3', 1), ('model_4', 0), ('model_5', 0), ('model_6', 1))",False,0,True,,migration cooldown active,0.06224334456212681,0.09579119427609627,0.09579119427609627
old,steady10s1,24,1787610364.14425,30.0,2+2,2+2,"(('model_3', 1), ('model_4', 0), ('model_5', 0), ('model_6', 1))",False,0,True,,migration cooldown active,0.07336637640770227,0.09069821357636065,0.09069821357636065
old,steady10s1,25,1787610369.1653228,30.0,2+2,2+2,"(('model_3', 1), ('model_4', 0), ('model_5', 0), ('model_6', 1))",False,0,False,,line-8 placement unchanged or every candidate blocked,0.06814473753851864,0.10395438370668207,0.10395438370668207
old,steady10s1,26,1787610374.19243,30.0,2+2,2+2,"(('model_3', 1), ('model_4', 1), ('model_5', 0), ('model_6', 0))",False,2,False,MIGRATE,literal line-8 absolute delta exceeds tau,0.057626822499548175,0.11484223196973432,0.11484223196973432
old,steady10s1,27,1787610379.2153904,30.0,1+3,2+2,"(('model_3', 1), ('model_4', 1), ('model_5', 0), ('model_6', 0))",False,1,True,,migration cooldown active,0.03862930778237546,0.14424941564192484,0.14424941564192484
old,steady10s1,28,1787610384.242591,30.0,1+3,2+2,"(('model_3', 1), ('model_4', 1), ('model_5', 0), ('model_6', 0))",False,1,True,,migration cooldown active,0.05214321368363469,0.15733784512810003,0.15733784512810003
old,steady10s1,29,1787610389.2947285,30.0,1+3,2+2,"(('model_3', 1), ('model_4', 1), ('model_5', 0), ('model_6', 0))",False,1,True,,migration cooldown active,0.03870837175173512,0.1512707577940748,0.1512707577940748
old,steady10s1,30,1787610394.3385968,30.0,1+3,2+2,"(('model_3', 1), ('model_4', 1), ('model_5', 0), ('model_6', 0))",False,1,True,,migration cooldown active,0.045105510716760416,0.15955761942751598,0.15955761942751598
old,steady10s1,31,1787610399.3923366,30.0,1+3,2+2,"(('model_3', 1), ('model_4', 1), ('model_5', 0), ('model_6', 0))",False,1,True,,migration cooldown active,0.050748364926010356,0.15223771229244548,0.15223771229244548
old,steady10s1,32,1787610404.4313362,30.0,1+3,2+2,"(('model_3', 1), ('model_4', 1), ('model_5', 0), ('model_6', 0))",False,1,False,MIGRATE,literal line-8 absolute delta exceeds tau,0.05568175850893003,0.15503534552856338,0.15503534552856338
old,steady10s1,33,1787610413.4164019,30.0,2+2,2+2,"(('model_3', 1), ('model_4', 0), ('model_5', 0), ('model_6', 1))",False,2,True,,migration cooldown active,0.137748598574566,0.07724747421718961,0.137748598574566
old,steady10s1,34,1787610418.452191,30.0,2+2,2+2,"(('model_3', 1), ('model_4', 0), ('model_5', 0), ('model_6', 1))",False,2,True,,migration cooldown active,0.11080845250883811,0.06210930641189403,0.11080845250883811
old,steady10s1,35,1787610423.4966788,30.0,2+2,2+2,"(('model_3', 1), ('model_4', 0), ('model_5', 1), ('model_6', 0))",False,2,True,,migration cooldown active,0.13526369185353265,0.05843918286795391,0.13526369185353265
old,steady10s1,36,1787610428.5512125,30.0,2+2,2+2,"(('model_3', 1), ('model_4', 0), ('model_5', 1), ('model_6', 0))",False,2,True,,migration cooldown active,0.13200457431192164,0.05727688943821316,0.13200457431192164
old,steady10s1,37,1787610433.604377,30.0,2+2,2+2,"(('model_3', 1), ('model_4', 1), ('model_5', 0), ('model_6', 0))",False,0,True,,migration cooldown active,0.11990074072453187,0.0761985912416149,0.11990074072453187
old,steady10s1,38,1787610438.6513116,30.0,2+2,2+2,"(('model_3', 1), ('model_4', 1), ('model_5', 0), ('model_6', 0))",False,0,False,,line-8 placement unchanged or every candidate blocked,0.12213478596945926,0.07377910448733493,0.12213478596945926
old,steady10s1,39,1787610443.692027,30.0,2+2,2+2,"(('model_3', 1), ('model_4', 1), ('model_5', 0), ('model_6', 0))",False,0,False,,line-8 placement unchanged or every candidate blocked,0.1066177020707029,0.06373740174585348,0.1066177020707029
old,steady10s1,40,1787610448.8032918,30.0,2+2,2+2,"(('model_3', 1), ('model_4', 1), ('model_5', 0), ('model_6', 0))",False,0,False,,line-8 placement unchanged or every candidate blocked,0.12887130141553696,0.06844433773249443,0.12887130141553696
old,steady10s1,41,1787610453.8448033,30.0,2+2,2+2,"(('model_3', 1), ('model_4', 1), ('model_5', 0), ('model_6', 0))",False,0,False,,line-8 placement unchanged or every candidate blocked,0.11670803872927135,0.0652292780907705,0.11670803872927135
old,steady10s1,42,1787610458.8898191,30.0,2+2,2+2,"(('model_3', 1), ('model_4', 0), ('model_5', 1), ('model_6', 0))",False,2,False,MIGRATE,literal line-8 absolute delta exceeds tau,0.1273234827870486,0.05840061658854739,0.1273234827870486
old,steady10s1,43,1787610463.9528174,30.0,1+3,2+2,"(('model_3', 1), ('model_4', 0), ('model_5', 1), ('model_6', 0))",False,1,True,,migration cooldown active,0.0552531377168714,0.12251551673985019,0.12251551673985019
old,steady10s1,44,1787610468.992007,30.0,1+3,2+2,"(('model_3', 1), ('model_4', 0), ('model_5', 1), ('model_6', 0))",False,1,True,,migration cooldown active,0.05855816430970409,0.12287065630015336,0.12287065630015336
old,steady10s1,45,1787610474.049161,30.0,1+3,2+2,"(('model_3', 1), ('model_4', 1), ('model_5', 0), ('model_6', 0))",False,1,True,,migration cooldown active,0.04447135417384955,0.1384742870209237,0.1384742870209237
old,steady10s1,46,1787610479.0870576,30.0,1+3,2+2,"(('model_3', 1), ('model_4', 1), ('model_5', 0), ('model_6', 0))",False,1,True,,migration cooldown active,0.037102572541961656,0.12659113612980358,0.12659113612980358
old,steady10s1,47,1787610484.1264696,30.0,1+3,2+2,"(('model_3', 1), ('model_4', 1), ('model_5', 0), ('model_6', 0))",False,1,True,,migration cooldown active,0.043364288354554435,0.12509058445195861,0.12509058445195861
old,steady10s1,48,1787610489.173493,30.0,1+3,2+2,"(('model_3', 1), ('model_4', 0), ('model_5', 1), ('model_6', 0))",False,1,False,MIGRATE,literal line-8 absolute delta exceeds tau,0.039749199803506004,0.11227412496052329,0.11227412496052329
old,steady10s1,49,1787610494.2139835,30.0,2+2,2+2,"(('model_3', 1), ('model_4', 0), ('model_5', 0), ('model_6', 1))",False,2,True,,migration cooldown active,0.04612530772451908,0.11034021450106747,0.11034021450106747
old,steady10s1,50,1787610499.2938263,30.0,2+2,2+2,"(('model_3', 0), ('model_4', 1), ('model_5', 1), ('model_6', 0))",False,2,True,,migration cooldown active,0.05293052391962364,0.09389869359906855,0.09389869359906855
old,steady10s1,51,1787610504.3409905,30.0,2+2,2+2,"(('model_3', 1), ('model_4', 1), ('model_5', 0), ('model_6', 0))",False,2,True,,migration cooldown active,0.05629008860039421,0.09708667652481481,0.09708667652481481
old,steady10s1,52,1787610509.3869598,30.0,2+2,2+2,"(('model_3', 1), ('model_4', 1), ('model_5', 0), ('model_6', 0))",False,2,True,,migration cooldown active,0.05008735470418298,0.10796407234898506,0.10796407234898506
old,steady10s1,53,1787610514.434801,30.0,2+2,2+2,"(('model_3', 1), ('model_4', 1), ('model_5', 0), ('model_6', 0))",False,2,True,,migration cooldown active,0.03786518949649346,0.10555397038605847,0.10555397038605847
old,steady10s1,54,1787610519.482461,30.0,2+2,2+2,"(('model_3', 1), ('model_4', 1), ('model_5', 0), ('model_6', 0))",False,2,False,MIGRATE,literal line-8 absolute delta exceeds tau,0.04353166800675041,0.13767877915340093,0.13767877915340093
old,steady10s1,55,1787610526.8125658,30.0,1+3,2+2,"(('model_3', 1), ('model_4', 1), ('model_5', 0), ('model_6', 0))",False,1,True,,migration cooldown active,0.13100705407539445,0.08019995273131328,0.13100705407539445
old,steady10s1,56,1787610531.860914,30.0,1+3,2+2,"(('model_3', 1), ('model_4', 1), ('model_5', 0), ('model_6', 0))",False,1,True,,migration cooldown active,0.11767522024412475,0.050199160043573464,0.11767522024412475
old,steady10s1,57,1787610536.9173062,30.0,1+3,2+2,"(('model_3', 1), ('model_4', 1), ('model_5', 0), ('model_6', 0))",False,1,True,,migration cooldown active,0.13625226225299447,0.06962365177207842,0.13625226225299447
old,steady10s1,58,1787610541.9666698,30.0,1+3,2+2,"(('model_3', 1), ('model_4', 1), ('model_5', 0), ('model_6', 0))",False,1,True,,migration cooldown active,0.10536149364340602,0.05422149213216776,0.10536149364340602
old,steady10s1,59,1787610547.0117366,30.0,1+3,2+2,"(('model_3', 1), ('model_4', 1), ('model_5', 0), ('model_6', 0))",False,1,True,,migration cooldown active,0.1375219739155684,0.05291487380146551,0.1375219739155684
old,steady10s1,60,1787610552.0628297,30.0,1+3,2+2,"(('model_3', 1), ('model_4', 0), ('model_5', 0), ('model_6', 1))",False,1,False,MIGRATE,literal line-8 absolute delta exceeds tau,0.13793059048732415,0.0410331837016205,0.13793059048732415
old,steady10s1,61,1787610557.110039,30.0,2+2,2+2,"(('model_3', 1), ('model_4', 0), ('model_5', 0), ('model_6', 1))",False,0,True,,migration cooldown active,0.057098605312102486,0.09480362264332266,0.09480362264332266
old,steady10s1,62,1787610562.1707118,30.0,2+2,2+2,"(('model_3', 1), ('model_4', 0), ('model_5', 0), ('model_6', 1))",False,0,True,,migration cooldown active,0.08718602999822439,0.09767353506438603,0.09767353506438603
old,steady10s1,63,1787610567.2475774,30.0,2+2,2+2,"(('model_3', 1), ('model_4', 0), ('model_5', 0), ('model_6', 1))",False,0,True,,migration cooldown active,0.1024975729336184,0.12357559448961548,0.12357559448961548
old,steady10s1,64,1787610572.3472095,30.0,2+2,2+2,"(('model_3', 1), ('model_4', 0), ('model_5', 0), ('model_6', 1))",False,0,True,,migration cooldown active,0.08534857585539482,0.13177936902982482,0.13177936902982482
old,steady10s1,65,1787610577.4278083,30.0,2+2,2+2,"(('model_3', 1), ('model_4', 0), ('model_5', 0), ('model_6', 1))",False,0,True,,migration cooldown active,0.06322699147004632,0.11817746360558773,0.11817746360558773
old,steady10s1,66,1787610582.4822345,30.0,2+2,2+2,"(('model_3', 1), ('model_4', 0), ('model_5', 0), ('model_6', 1))",False,0,False,,line-8 placement unchanged or every candidate blocked,0.0581301091766997,0.10317536931405501,0.10317536931405501
old,steady10s1,67,1787610587.5389197,30.0,2+2,2+2,"(('model_3', 1), ('model_4', 0), ('model_5', 0), ('model_6', 1))",False,0,False,,line-8 placement unchanged or every candidate blocked,0.06170476522185656,0.10662967893198728,0.10662967893198728
old,steady10s1,68,1787610592.5977767,30.0,2+2,2+2,"(('model_3', 1), ('model_4', 0), ('model_5', 0), ('model_6', 1))",False,0,False,,line-8 placement unchanged or every candidate blocked,0.05485257084767322,0.1136073067891672,0.1136073067891672
old,steady10s1,69,1787610597.655037,30.0,2+2,2+2,"(('model_3', 1), ('model_4', 0), ('model_5', 0), ('model_6', 1))",False,0,False,,line-8 placement unchanged or every candidate blocked,0.05316549688134904,0.11150600108145764,0.11150600108145764
old,steady10s1,70,1787610602.7134223,30.0,2+2,2+2,"(('model_3', 1), ('model_4', 0), ('model_5', 0), ('model_6', 1))",False,0,False,,line-8 placement unchanged or every candidate blocked,0.06397822666140188,0.11981467121539359,0.11981467121539359
old,steady10s1,71,1787610607.7723129,30.0,2+2,2+2,"(('model_3', 1), ('model_4', 0), ('model_5', 0), ('model_6', 1))",False,0,False,,line-8 placement unchanged or every candidate blocked,0.06440087497430122,0.13115718501390833,0.13115718501390833
old,steady10s1,72,1787610612.8323185,30.0,2+2,2+2,"(('model_3', 1), ('model_4', 0), ('model_5', 0), ('model_6', 1))",False,0,False,,line-8 placement unchanged or every candidate blocked,0.05919928215441875,0.13447204192954731,0.13447204192954731
old,steady10s1,73,1787610617.9121945,30.0,2+2,2+2,"(('model_3', 1), ('model_4', 0), ('model_5', 0), ('model_6', 1))",False,0,False,,line-8 placement unchanged or every candidate blocked,0.05968178156677498,0.11391623119156181,0.11391623119156181
old,steady10s1,74,1787610623.2815397,30.0,2+2,2+2,"(('model_3', 1), ('model_4', 0), ('model_5', 0), ('model_6', 1))",False,0,False,,line-8 placement unchanged or every candidate blocked,0.07488690995344292,0.12775454909426787,0.12775454909426787
old,steady10s1,75,1787610628.3466697,30.0,2+2,2+2,"(('model_3', 1), ('model_4', 0), ('model_5', 0), ('model_6', 1))",False,0,False,,line-8 placement unchanged or every candidate blocked,0.07023604183143362,0.11903279099763288,0.11903279099763288
old,steady10s1,76,1787610633.407417,30.0,2+2,2+2,"(('model_3', 1), ('model_4', 0), ('model_5', 0), ('model_6', 1))",False,0,False,,line-8 placement unchanged or every candidate blocked,0.07591548358988576,0.11008680174124624,0.11008680174124624
old,steady10s1,77,1787610638.4952052,30.0,2+2,2+2,"(('model_3', 1), ('model_4', 0), ('model_5', 0), ('model_6', 1))",False,0,False,,line-8 placement unchanged or every candidate blocked,0.07854866226216382,0.11289984441688611,0.11289984441688611
old,steady10s1,78,1787610643.5784388,30.0,2+2,2+2,"(('model_3', 1), ('model_4', 0), ('model_5', 0), ('model_6', 1))",False,0,False,,line-8 placement unchanged or every candidate blocked,0.0661560318614077,0.10805205477822796,0.10805205477822796
old,steady10s1,79,1787610648.65029,30.0,2+2,2+2,"(('model_3', 1), ('model_4', 0), ('model_5', 0), ('model_6', 1))",False,0,False,,line-8 placement unchanged or every candidate blocked,0.06670265087765789,0.12092425671918337,0.12092425671918337
old,steady10s1,80,1787610653.723212,30.0,2+2,2+2,"(('model_3', 1), ('model_4', 0), ('model_5', 0), ('model_6', 1))",False,0,False,,line-8 placement unchanged or every candidate blocked,0.06378497687204644,0.13626675384038514,0.13626675384038514
old,steady10s1,81,1787610658.788572,30.0,2+2,2+2,"(('model_3', 1), ('model_4', 0), ('model_5', 0), ('model_6', 1))",False,0,False,,line-8 placement unchanged or every candidate blocked,0.06678518269641873,0.11606429957833267,0.11606429957833267
old,steady10s1,82,1787610663.8548074,30.0,2+2,2+2,"(('model_3', 1), ('model_4', 0), ('model_5', 0), ('model_6', 1))",False,0,False,,line-8 placement unchanged or every candidate blocked,0.0629035776573857,0.10838077351774406,0.10838077351774406
old,steady10s1,83,1787610668.9222827,30.0,2+2,2+2,"(('model_3', 1), ('model_4', 0), ('model_5', 0), ('model_6', 1))",False,0,False,,line-8 placement unchanged or every candidate blocked,0.042761381577914745,0.09500623796681454,0.09500623796681454
old,steady10s1,84,1787610673.9936876,30.0,2+2,2+2,"(('model_3', 1), ('model_4', 0), ('model_5', 0), ('model_6', 1))",False,0,False,,line-8 placement unchanged or every candidate blocked,0.030951021660026026,0.07034549093141866,0.07034549093141866
old,steady10s2,1,1787620544.6456113,30.0,2+2,2+2,"(('model_3', 1), ('model_4', 0), ('model_5', 0), ('model_6', 1))",False,0,False,,line-8 placement unchanged or every candidate blocked,0.0,0.0001478112968174651,0.0001478112968174651
old,steady10s2,2,1787620549.66283,30.0,2+2,1+3,"(('model_3', 1), ('model_4', 1), ('model_5', 0), ('model_6', 1))",False,1,False,MIGRATE,literal line-8 absolute delta exceeds tau,0.039407223704543394,0.02457723161135567,0.039407223704543394
old,steady10s2,3,1787620554.6668968,30.0,1+3,1+3,"(('model_3', 1), ('model_4', 1), ('model_5', 0), ('model_6', 1))",False,0,True,,migration cooldown active,0.058608991253500504,0.043576189242884825,0.058608991253500504
old,steady10s2,4,1787620559.6774251,30.0,1+3,1+3,"(('model_3', 1), ('model_4', 1), ('model_5', 0), ('model_6', 1))",False,0,True,,migration cooldown active,0.08947034556893566,0.05105784456102903,0.08947034556893566
old,steady10s2,5,1787620564.6868343,30.0,1+3,2+2,"(('model_3', 1), ('model_4', 0), ('model_5', 0), ('model_6', 1))",False,1,True,,migration cooldown active,0.06192316194742243,0.07617380825807353,0.07617380825807353
old,steady10s2,6,1787620569.7090135,30.0,1+3,1+3,"(('model_3', 1), ('model_4', 1), ('model_5', 0), ('model_6', 1))",False,0,True,,migration cooldown active,0.06957183967507637,0.08278779559470378,0.08278779559470378
old,steady10s2,7,1787620574.7198658,30.0,1+3,1+3,"(('model_3', 1), ('model_4', 1), ('model_5', 0), ('model_6', 1))",False,0,True,,migration cooldown active,0.08760096271650895,0.10357785250369717,0.10357785250369717
old,steady10s2,8,1787620579.731,30.0,1+3,2+2,"(('model_3', 1), ('model_4', 0), ('model_5', 0), ('model_6', 1))",False,1,False,MIGRATE,literal line-8 absolute delta exceeds tau,0.07610460184297231,0.10114215009144277,0.10114215009144277
old,steady10s2,9,1787620584.7428157,30.0,2+2,2+2,"(('model_3', 1), ('model_4', 0), ('model_5', 0), ('model_6', 1))",False,0,True,,migration cooldown active,0.08342737437929582,0.06874122636713399,0.08342737437929582
old,steady10s2,10,1787620589.754223,30.0,2+2,2+2,"(('model_3', 1), ('model_4', 0), ('model_5', 0), ('model_6', 1))",False,0,True,,migration cooldown active,0.0952861087691719,0.08802207369860457,0.0952861087691719
old,steady10s2,11,1787620594.7851703,30.0,2+2,2+2,"(('model_3', 1), ('model_4', 0), ('model_5', 0), ('model_6', 1))",False,0,True,,migration cooldown active,0.09989397974387468,0.10755141141611022,0.10755141141611022
old,steady10s2,12,1787620599.79923,30.0,2+2,1+3,"(('model_3', 1), ('model_4', 1), ('model_5', 0), ('model_6', 1))",False,1,True,,migration cooldown active,0.11216706390676305,0.08573099691854455,0.11216706390676305
old,steady10s2,13,1787620604.8106394,30.0,2+2,2+2,"(('model_3', 1), ('model_4', 0), ('model_5', 0), ('model_6', 1))",False,0,True,,migration cooldown active,0.10933059808702952,0.09408353801584696,0.10933059808702952
old,steady10s2,14,1787620609.834758,30.0,2+2,2+2,"(('model_3', 1), ('model_4', 0), ('model_5', 0), ('model_6', 1))",False,0,False,,line-8 placement unchanged or every candidate blocked,0.10273196420453873,0.100825818074116,0.10273196420453873
old,steady10s2,15,1787620614.8627505,30.0,2+2,2+2,"(('model_3', 1), ('model_4', 0), ('model_5', 0), ('model_6', 1))",False,0,False,,line-8 placement unchanged or every candidate blocked,0.08867120513622834,0.11409868978117393,0.11409868978117393
old,steady10s2,16,1787620619.8762317,30.0,2+2,2+2,"(('model_3', 1), ('model_4', 0), ('model_5', 0), ('model_6', 1))",False,0,False,,line-8 placement unchanged or every candidate blocked,0.09722243189381971,0.12710313525129477,0.12710313525129477
old,steady10s2,17,1787620624.9151106,30.0,2+2,2+2,"(('model_3', 1), ('model_4', 0), ('model_5', 0), ('model_6', 1))",False,0,False,,line-8 placement unchanged or every candidate blocked,0.07699487036666937,0.11440017187212613,0.11440017187212613
old,steady10s2,18,1787620629.938821,30.0,2+2,2+2,"(('model_3', 1), ('model_4', 0), ('model_5', 0), ('model_6', 1))",False,0,False,,line-8 placement unchanged or every candidate blocked,0.07928444947266682,0.10661434316112701,0.10661434316112701
old,steady10s2,19,1787620635.000101,30.0,2+2,2+2,"(('model_3', 1), ('model_4', 0), ('model_5', 0), ('model_6', 1))",False,0,False,,line-8 placement unchanged or every candidate blocked,0.09884019649680019,0.10002433733999325,0.10002433733999325
old,steady10s2,20,1787620640.0159788,30.0,2+2,2+2,"(('model_3', 1), ('model_4', 0), ('model_5', 0), ('model_6', 1))",False,0,False,,line-8 placement unchanged or every candidate blocked,0.10198802173047125,0.11567038246536858,0.11567038246536858
old,steady10s2,21,1787620645.0360935,30.0,2+2,2+2,"(('model_3', 1), ('model_4', 0), ('model_5', 0), ('model_6', 1))",False,0,False,,line-8 placement unchanged or every candidate blocked,0.10395221915979773,0.11798835255820637,0.11798835255820637
old,steady10s2,22,1787620650.059974,30.0,2+2,2+2,"(('model_3', 1), ('model_4', 0), ('model_5', 0), ('model_6', 1))",False,0,False,,line-8 placement unchanged or every candidate blocked,0.10799026631194224,0.1082980987025649,0.1082980987025649
old,steady10s2,23,1787620655.0789587,30.0,2+2,2+2,"(('model_3', 1), ('model_4', 0), ('model_5', 0), ('model_6', 1))",False,0,False,,line-8 placement unchanged or every candidate blocked,0.08217694924457611,0.09144620472397927,0.09144620472397927
old,steady10s2,24,1787620660.101939,30.0,2+2,2+2,"(('model_3', 1), ('model_4', 0), ('model_5', 0), ('model_6', 1))",False,0,False,,line-8 placement unchanged or every candidate blocked,0.0842865926169571,0.11137876805258834,0.11137876805258834
old,steady10s2,25,1787620665.1265216,30.0,2+2,2+2,"(('model_3', 1), ('model_4', 0), ('model_5', 0), ('model_6', 1))",False,0,False,,line-8 placement unchanged or every candidate blocked,0.09580116450999848,0.11246603714528519,0.11246603714528519
old,steady10s2,26,1787620670.1501648,30.0,2+2,2+2,"(('model_3', 1), ('model_4', 0), ('model_5', 0), ('model_6', 1))",False,0,False,,line-8 placement unchanged or every candidate blocked,0.09627633177259334,0.10484760739800836,0.10484760739800836
old,steady10s2,27,1787620675.179031,30.0,2+2,2+2,"(('model_3', 1), ('model_4', 0), ('model_5', 0), ('model_6', 1))",False,0,False,,line-8 placement unchanged or every candidate blocked,0.08572958145018672,0.11133035378119542,0.11133035378119542
old,steady10s2,28,1787620680.2402732,30.0,2+2,2+2,"(('model_3', 1), ('model_4', 0), ('model_5', 0), ('model_6', 1))",False,0,False,,line-8 placement unchanged or every candidate blocked,0.08370267784839781,0.11057202561194718,0.11057202561194718
old,steady10s2,29,1787620685.2689219,30.0,2+2,2+2,"(('model_3', 1), ('model_4', 0), ('model_5', 0), ('model_6', 1))",False,0,False,,line-8 placement unchanged or every candidate blocked,0.07767887377767173,0.11525104624418782,0.11525104624418782
old,steady10s2,30,1787620690.300275,30.0,2+2,2+2,"(('model_3', 1), ('model_4', 0), ('model_5', 0), ('model_6', 1))",False,0,False,,line-8 placement unchanged or every candidate blocked,0.08407156664444214,0.1166175061036161,0.1166175061036161
old,steady10s2,31,1787620695.3379493,30.0,2+2,2+2,"(('model_3', 1), ('model_4', 0), ('model_5', 0), ('model_6', 1))",False,0,False,,line-8 placement unchanged or every candidate blocked,0.07684522390506529,0.08839863591887165,0.08839863591887165
old,steady10s2,32,1787620700.3854291,30.0,2+2,2+2,"(('model_3', 1), ('model_4', 0), ('model_5', 0), ('model_6', 1))",False,0,False,,line-8 placement unchanged or every candidate blocked,0.07409096112985528,0.09621983041358077,0.09621983041358077
old,steady10s2,33,1787620705.4716735,30.0,2+2,2+2,"(('model_3', 1), ('model_4', 0), ('model_5', 0), ('model_6', 1))",False,0,False,,line-8 placement unchanged or every candidate blocked,0.086951580549508,0.10170842236017233,0.10170842236017233
old,steady10s2,34,1787620710.5015106,30.0,2+2,2+2,"(('model_3', 1), ('model_4', 0), ('model_5', 0), ('model_6', 1))",False,0,False,,line-8 placement unchanged or every candidate blocked,0.10326185022987833,0.10304650517177033,0.10326185022987833
old,steady10s2,35,1787620715.5328858,30.0,2+2,2+2,"(('model_3', 1), ('model_4', 0), ('model_5', 0), ('model_6', 1))",False,0,False,,line-8 placement unchanged or every candidate blocked,0.10799122469122921,0.09911754144638496,0.10799122469122921
old,steady10s2,36,1787620720.5665438,30.0,2+2,2+2,"(('model_3', 1), ('model_4', 0), ('model_5', 0), ('model_6', 1))",False,0,False,,line-8 placement unchanged or every candidate blocked,0.11189945655356413,0.09745596624320031,0.11189945655356413
old,steady10s2,37,1787620725.6029358,30.0,2+2,2+2,"(('model_3', 1), ('model_4', 0), ('model_5', 0), ('model_6', 1))",False,0,False,,line-8 placement unchanged or every candidate blocked,0.10271376478249779,0.11354906933477218,0.11354906933477218
old,steady10s2,38,1787620730.6390302,30.0,2+2,2+2,"(('model_3', 1), ('model_4', 0), ('model_5', 0), ('model_6', 1))",False,0,False,,line-8 placement unchanged or every candidate blocked,0.09975299597720001,0.11294932304144552,0.11294932304144552
old,steady10s2,39,1787620735.6771994,30.0,2+2,2+2,"(('model_3', 1), ('model_4', 0), ('model_5', 0), ('model_6', 1))",False,0,False,,line-8 placement unchanged or every candidate blocked,0.10144930530635712,0.12433380481517259,0.12433380481517259
old,steady10s2,40,1787620740.7169778,30.0,2+2,2+2,"(('model_3', 1), ('model_4', 0), ('model_5', 0), ('model_6', 1))",False,0,False,,line-8 placement unchanged or every candidate blocked,0.11592075439832035,0.1176871314064114,0.1176871314064114
old,steady10s2,41,1787620745.7685907,30.0,2+2,2+2,"(('model_3', 1), ('model_4', 0), ('model_5', 0), ('model_6', 1))",False,0,False,,line-8 placement unchanged or every candidate blocked,0.1027970183356372,0.09694112349396097,0.1027970183356372
old,steady10s2,42,1787620750.8095505,30.0,2+2,2+2,"(('model_3', 1), ('model_4', 0), ('model_5', 0), ('model_6', 1))",False,0,False,,line-8 placement unchanged or every candidate blocked,0.10604400225251055,0.09004390247135681,0.10604400225251055
old,steady10s2,43,1787620755.8579667,30.0,2+2,2+2,"(('model_3', 1), ('model_4', 0), ('model_5', 0), ('model_6', 1))",False,0,False,,line-8 placement unchanged or every candidate blocked,0.09580806467472011,0.08904170041138733,0.09580806467472011
old,steady10s2,44,1787620760.8962994,30.0,2+2,2+2,"(('model_3', 1), ('model_4', 0), ('model_5', 0), ('model_6', 1))",False,0,False,,line-8 placement unchanged or every candidate blocked,0.09000763896199142,0.09497115617504458,0.09497115617504458
old,steady10s2,45,1787620765.9338882,30.0,2+2,2+2,"(('model_3', 1), ('model_4', 1), ('model_5', 0), ('model_6', 0))",False,2,False,MIGRATE,literal line-8 absolute delta exceeds tau,0.07770404101324067,0.10358369985453822,0.10358369985453822
old,steady10s2,46,1787620770.971077,30.0,1+3,2+2,"(('model_3', 1), ('model_4', 0), ('model_5', 0), ('model_6', 1))",False,1,True,,migration cooldown active,0.07624704230236029,0.11633285090668523,0.11633285090668523
old,steady10s2,47,1787620776.012422,30.0,1+3,2+2,"(('model_3', 1), ('model_4', 0), ('model_5', 0), ('model_6', 1))",False,1,True,,migration cooldown active,0.08460973273610743,0.15160294292659984,0.15160294292659984
old,steady10s2,48,1787620781.4503596,30.0,1+3,2+2,"(('model_3', 1), ('model_4', 1), ('model_5', 0), ('model_6', 0))",False,1,True,,migration cooldown active,0.07945705516193324,0.1564361516210159,0.1564361516210159
old,steady10s2,49,1787620786.5157008,30.0,1+3,2+2,"(('model_3', 1), ('model_4', 1), ('model_5', 0), ('model_6', 0))",False,1,True,,migration cooldown active,0.06328134577129291,0.14460237961637692,0.14460237961637692
old,steady10s2,50,1787620791.5595622,30.0,1+3,2+2,"(('model_3', 1), ('model_4', 0), ('model_5', 0), ('model_6', 1))",False,1,True,,migration cooldown active,0.10212287102011729,0.12365362411807199,0.12365362411807199
old,steady10s2,51,1787620796.604929,30.0,1+3,2+2,"(('model_3', 1), ('model_4', 0), ('model_5', 0), ('model_6', 1))",False,1,False,MIGRATE,literal line-8 absolute delta exceeds tau,0.09351314776409524,0.13264698419355253,0.13264698419355253
old,steady10s2,52,1787620801.646879,30.0,2+2,2+2,"(('model_3', 1), ('model_4', 0), ('model_5', 0), ('model_6', 1))",False,0,True,,migration cooldown active,0.09470760298557306,0.10765881429205719,0.10765881429205719
old,steady10s2,53,1787620806.7196972,30.0,2+2,2+2,"(('model_3', 1), ('model_4', 0), ('model_5', 0), ('model_6', 1))",False,0,True,,migration cooldown active,0.09833022348244239,0.11525933006959271,0.11525933006959271
old,steady10s2,54,1787620811.7650545,30.0,2+2,2+2,"(('model_3', 1), ('model_4', 0), ('model_5', 0), ('model_6', 1))",False,0,True,,migration cooldown active,0.1183640155253363,0.12123037380213778,0.12123037380213778
old,steady10s2,55,1787620816.809723,30.0,2+2,2+2,"(('model_3', 1), ('model_4', 0), ('model_5', 0), ('model_6', 1))",False,0,True,,migration cooldown active,0.1055030486336458,0.12012423071822817,0.12012423071822817
old,steady10s2,56,1787620821.8574355,30.0,2+2,2+2,"(('model_3', 1), ('model_4', 0), ('model_5', 0), ('model_6', 1))",False,0,True,,migration cooldown active,0.10410390004782383,0.11788919505580839,0.11788919505580839
old,steady10s2,57,1787620826.9065826,30.0,2+2,2+2,"(('model_3', 1), ('model_4', 0), ('model_5', 0), ('model_6', 1))",False,0,False,,line-8 placement unchanged or every candidate blocked,0.10898813759132386,0.11997942411936774,0.11997942411936774
old,steady10s2,58,1787620831.9621377,30.0,2+2,2+2,"(('model_3', 1), ('model_4', 0), ('model_5', 0), ('model_6', 1))",False,0,False,,line-8 placement unchanged or every candidate blocked,0.1041658551342016,0.12395629634915853,0.12395629634915853
old,steady10s2,59,1787620837.012014,30.0,2+2,2+2,"(('model_3', 1), ('model_4', 0), ('model_5', 0), ('model_6', 1))",False,0,False,,line-8 placement unchanged or every candidate blocked,0.08922689998528206,0.0976554816031971,0.0976554816031971
old,steady10s2,60,1787620842.083383,30.0,2+2,2+2,"(('model_3', 1), ('model_4', 0), ('model_5', 0), ('model_6', 1))",False,0,False,,line-8 placement unchanged or every candidate blocked,0.10131060886885974,0.11632485777057351,0.11632485777057351
old,steady10s2,61,1787620847.1619313,30.0,2+2,2+2,"(('model_3', 1), ('model_4', 0), ('model_5', 0), ('model_6', 1))",False,0,False,,line-8 placement unchanged or every candidate blocked,0.09249612986523943,0.09183800392804238,0.09249612986523943
old,steady10s2,62,1787620852.214541,30.0,2+2,2+2,"(('model_3', 1), ('model_4', 0), ('model_5', 0), ('model_6', 1))",False,0,False,,line-8 placement unchanged or every candidate blocked,0.09737854474292347,0.09619076503370833,0.09737854474292347
old,steady10s2,63,1787620857.2674778,30.0,2+2,2+2,"(('model_3', 1), ('model_4', 0), ('model_5', 0), ('model_6', 1))",False,0,False,,line-8 placement unchanged or every candidate blocked,0.09364888328449782,0.09687053565099399,0.09687053565099399
old,steady10s2,64,1787620862.716518,30.0,2+2,1+3,"(('model_3', 1), ('model_4', 1), ('model_5', 0), ('model_6', 1))",False,1,False,MIGRATE,literal line-8 absolute delta exceeds tau,0.12669341617924604,0.08771166522352111,0.12669341617924604
old,steady10s2,65,1787620867.7952614,30.0,1+3,1+3,"(('model_3', 1), ('model_4', 1), ('model_5', 0), ('model_6', 1))",False,0,True,,migration cooldown active,0.13845059836824972,0.10647112922351065,0.13845059836824972
old,steady10s2,66,1787620872.8571985,30.0,1+3,1+3,"(('model_3', 1), ('model_4', 1), ('model_5', 0), ('model_6', 1))",False,0,True,,migration cooldown active,0.0997251601866784,0.1176517529272598,0.1176517529272598
old,steady10s2,67,1787620877.937898,30.0,1+3,2+2,"(('model_3', 1), ('model_4', 0), ('model_5', 0), ('model_6', 1))",False,1,True,,migration cooldown active,0.07925031717829781,0.12021467858403953,0.12021467858403953
old,steady10s2,68,1787620882.9998608,30.0,1+3,2+2,"(('model_3', 1), ('model_4', 0), ('model_5', 0), ('model_6', 1))",False,1,True,,migration cooldown active,0.08455357457191558,0.12602883594425812,0.12602883594425812
old,steady10s2,69,1787620888.0583212,30.0,1+3,2+2,"(('model_3', 1), ('model_4', 0), ('model_5', 0), ('model_6', 1))",False,1,True,,migration cooldown active,0.09915404029891868,0.12298522135304546,0.12298522135304546
old,steady10s2,70,1787620893.1213422,30.0,1+3,2+2,"(('model_3', 1), ('model_4', 0), ('model_5', 0), ('model_6', 1))",False,1,False,MIGRATE,literal line-8 absolute delta exceeds tau,0.08466460535185909,0.12480685671419159,0.12480685671419159
old,steady10s2,71,1787620898.178406,30.0,2+2,2+2,"(('model_3', 1), ('model_4', 0), ('model_5', 0), ('model_6', 1))",False,0,True,,migration cooldown active,0.1179405601006108,0.1269832576339569,0.1269832576339569
old,steady10s2,72,1787620903.2468407,30.0,2+2,2+2,"(('model_3', 1), ('model_4', 0), ('model_5', 0), ('model_6', 1))",False,0,True,,migration cooldown active,0.1261594077247406,0.13106269542811155,0.13106269542811155
old,steady10s2,73,1787620908.3118987,30.0,2+2,1+3,"(('model_3', 1), ('model_4', 1), ('model_5', 0), ('model_6', 1))",False,1,True,,migration cooldown active,0.12060177467153436,0.08882280483042036,0.12060177467153436
old,steady10s2,74,1787620913.4099357,30.0,2+2,1+3,"(('model_3', 1), ('model_4', 1), ('model_5', 0), ('model_6', 1))",False,1,True,,migration cooldown active,0.09879790423290298,0.08243981827027624,0.09879790423290298
old,steady10s2,75,1787620918.48216,30.0,2+2,2+2,"(('model_3', 1), ('model_4', 0), ('model_5', 0), ('model_6', 1))",False,0,True,,migration cooldown active,0.10995001298161225,0.09596755143195079,0.10995001298161225
old,steady10s2,76,1787620923.8244894,30.0,2+2,2+2,"(('model_3', 1), ('model_4', 0), ('model_5', 0), ('model_6', 1))",False,0,False,,line-8 placement unchanged or every candidate blocked,0.09243870480535016,0.10477664685253407,0.10477664685253407
old,steady10s2,77,1787620928.888934,30.0,2+2,2+2,"(('model_3', 1), ('model_4', 0), ('model_5', 0), ('model_6', 1))",False,0,False,,line-8 placement unchanged or every candidate blocked,0.09923430377135402,0.11865561653306661,0.11865561653306661
old,steady10s2,78,1787620933.951959,30.0,2+2,2+2,"(('model_3', 1), ('model_4', 0), ('model_5', 0), ('model_6', 1))",False,0,False,,line-8 placement unchanged or every candidate blocked,0.08392683247693082,0.11568136702811743,0.11568136702811743
old,steady10s2,79,1787620939.07115,30.0,2+2,2+2,"(('model_3', 1), ('model_4', 0), ('model_5', 0), ('model_6', 1))",False,0,False,,line-8 placement unchanged or every candidate blocked,0.08478349149355485,0.12454714691603948,0.12454714691603948
old,steady10s2,80,1787620944.142726,30.0,2+2,2+2,"(('model_3', 1), ('model_4', 0), ('model_5', 0), ('model_6', 1))",False,0,False,,line-8 placement unchanged or every candidate blocked,0.10338889294306476,0.13123300327759627,0.13123300327759627
old,steady10s2,81,1787620949.2298954,30.0,2+2,2+2,"(('model_3', 1), ('model_4', 0), ('model_5', 0), ('model_6', 1))",False,0,False,,line-8 placement unchanged or every candidate blocked,0.09972288688113391,0.11712792683097224,0.11712792683097224
old,steady10s2,82,1787620954.3303227,30.0,2+2,2+2,"(('model_3', 1), ('model_4', 0), ('model_5', 0), ('model_6', 1))",False,0,False,,line-8 placement unchanged or every candidate blocked,0.1053698864480973,0.10649178484601587,0.10649178484601587
old,steady10s2,83,1787620959.3986764,30.0,2+2,2+2,"(('model_3', 1), ('model_4', 0), ('model_5', 0), ('model_6', 1))",False,0,False,,line-8 placement unchanged or every candidate blocked,0.09416852203890837,0.10996171050932319,0.10996171050932319
old,steady10s2,84,1787620964.4688125,30.0,2+2,2+2,"(('model_3', 1), ('model_4', 0), ('model_5', 0), ('model_6', 1))",False,0,False,,line-8 placement unchanged or every candidate blocked,0.0869266696692543,0.09136745860042704,0.09136745860042704
old,steady10s2,85,1787620969.5437045,30.0,2+2,2+2,"(('model_3', 1), ('model_4', 0), ('model_5', 0), ('model_6', 1))",False,0,False,,line-8 placement unchanged or every candidate blocked,0.07590843242118495,0.07453573788224992,0.07590843242118495
old,steady10s2,86,1787620974.6117523,30.0,2+2,2+2,"(('model_3', 1), ('model_4', 0), ('model_5', 0), ('model_6', 1))",False,0,False,,line-8 placement unchanged or every candidate blocked,0.0421172565788504,0.04290151946902942,0.04290151946902942
new,steady8s1,1,1787638109.3454728,30.0,2+2,1+3,"(('model_3', 1), ('model_4', 0), ('model_5', 0), ('model_6', 0))",False,1,False,MIGRATE,literal line-8 absolute delta exceeds tau,1.6425233431087275e-05,0.0009370451975182683,0.0009370451975182683
new,steady8s1,2,1787638114.7001376,30.0,1+3,2+2,"(('model_3', 1), ('model_4', 0), ('model_5', 1), ('model_6', 0))",False,1,True,,migration cooldown active,0.012039343447953854,0.00327466767940076,0.012039343447953854
new,steady8s1,3,1787638119.7074566,30.0,1+3,2+2,"(('model_3', 1), ('model_4', 0), ('model_5', 0), ('model_6', 1))",False,1,True,,migration cooldown active,0.030830048115568866,0.00781729402588383,0.030830048115568866
new,steady8s1,4,1787638124.7124517,30.0,1+3,2+2,"(('model_3', 1), ('model_4', 0), ('model_5', 0), ('model_6', 1))",False,1,True,,migration cooldown active,0.04624928550708454,0.013858834116324282,0.04624928550708454
new,steady8s1,5,1787638129.7260132,30.0,1+3,2+2,"(('model_3', 1), ('model_4', 0), ('model_5', 0), ('model_6', 1))",False,1,True,,migration cooldown active,0.06876927064782509,0.019565412870104864,0.06876927064782509
new,steady8s1,6,1787638134.7454715,30.0,1+3,2+2,"(('model_3', 1), ('model_4', 0), ('model_5', 0), ('model_6', 1))",False,1,True,,migration cooldown active,0.09286491273474634,0.027393413422731248,0.09286491273474634
new,steady8s1,7,1787638139.7558072,30.0,1+3,2+2,"(('model_3', 1), ('model_4', 0), ('model_5', 0), ('model_6', 1))",False,1,False,MIGRATE,literal line-8 absolute delta exceeds tau,0.10825750772582196,0.03629053714579254,0.10825750772582196
new,steady8s1,8,1787638145.686184,30.0,2+2,2+2,"(('model_3', 1), ('model_4', 0), ('model_5', 0), ('model_6', 1))",False,0,True,,migration cooldown active,0.055444104340061966,0.08290290013756196,0.08290290013756196
new,steady8s1,9,1787638150.7049117,30.0,2+2,2+2,"(('model_3', 1), ('model_4', 1), ('model_5', 0), ('model_6', 0))",False,2,True,,migration cooldown active,0.05251552219129413,0.0876377872006061,0.0876377872006061
new,steady8s1,10,1787638155.7306623,30.0,2+2,2+2,"(('model_3', 1), ('model_4', 1), ('model_5', 0), ('model_6', 0))",False,2,True,,migration cooldown active,0.05183730841568277,0.08738719759100486,0.08738719759100486
new,steady8s1,11,1787638160.7434309,30.0,2+2,2+2,"(('model_3', 1), ('model_4', 1), ('model_5', 0), ('model_6', 0))",False,2,True,,migration cooldown active,0.049367188487053494,0.09244969620848513,0.09244969620848513
new,steady8s1,12,1787638165.7571652,30.0,2+2,2+2,"(('model_3', 1), ('model_4', 1), ('model_5', 0), ('model_6', 0))",False,2,True,,migration cooldown active,0.050311354797344686,0.09311677380117232,0.09311677380117232
new,steady8s1,13,1787638170.7669048,30.0,2+2,2+2,"(('model_3', 1), ('model_4', 1), ('model_5', 0), ('model_6', 0))",False,2,False,MIGRATE,literal line-8 absolute delta exceeds tau,0.048756326032142173,0.08774686642818633,0.08774686642818633
new,steady8s1,14,1787638175.7791069,30.0,1+3,2+2,"(('model_3', 1), ('model_4', 1), ('model_5', 0), ('model_6', 0))",False,1,True,,migration cooldown active,0.11413625366231513,0.0456740430837298,0.11413625366231513
new,steady8s1,15,1787638180.7937734,30.0,1+3,2+2,"(('model_3', 1), ('model_4', 1), ('model_5', 0), ('model_6', 0))",False,1,True,,migration cooldown active,0.11715732883881592,0.04378357636175906,0.11715732883881592
new,steady8s1,16,1787638185.808663,30.0,1+3,2+2,"(('model_3', 1), ('model_4', 1), ('model_5', 0), ('model_6', 0))",False,1,True,,migration cooldown active,0.11632943228035389,0.04179216238764426,0.11632943228035389
new,steady8s1,17,1787638191.1949458,30.0,1+3,2+2,"(('model_3', 1), ('model_4', 0), ('model_5', 0), ('model_6', 1))",False,1,True,,migration cooldown active,0.11524333704880743,0.03695587130765118,0.11524333704880743
new,steady8s1,18,1787638196.248677,30.0,1+3,2+2,"(('model_3', 1), ('model_4', 0), ('model_5', 0), ('model_6', 1))",False,1,True,,migration cooldown active,0.11362716772205202,0.033340124276309085,0.11362716772205202
new,steady8s1,19,1787638201.2663045,30.0,1+3,2+2,"(('model_3', 1), ('model_4', 0), ('model_5', 0), ('model_6', 1))",False,1,False,MIGRATE,literal line-8 absolute delta exceeds tau,0.11237865501777886,0.03410334668267105,0.11237865501777886
new,steady8s1,20,1787638208.0064497,30.0,2+2,2+2,"(('model_3', 1), ('model_4', 0), ('model_5', 0), ('model_6', 1))",False,0,True,,migration cooldown active,0.04720803590370571,0.0749220779934056,0.0749220779934056
new,steady8s1,21,1787638213.0215755,30.0,2+2,2+2,"(('model_3', 1), ('model_4', 1), ('model_5', 0), ('model_6', 0))",False,2,True,,migration cooldown active,0.04876347421785646,0.07852542217450893,0.07852542217450893
new,steady8s1,22,1787638218.0415883,30.0,2+2,2+2,"(('model_3', 1), ('model_4', 1), ('model_5', 0), ('model_6', 0))",False,2,True,,migration cooldown active,0.04860862061837475,0.08179695032198248,0.08179695032198248
new,steady8s1,23,1787638223.0637128,30.0,2+2,2+2,"(('model_3', 1), ('model_4', 1), ('model_5', 0), ('model_6', 0))",False,2,True,,migration cooldown active,0.046429810976163846,0.08418113777657471,0.08418113777657471
new,steady8s1,24,1787638228.084853,30.0,2+2,2+2,"(('model_3', 1), ('model_4', 1), ('model_5', 0), ('model_6', 0))",False,2,True,,migration cooldown active,0.04517052655547835,0.08868249620017658,0.08868249620017658
new,steady8s1,25,1787638233.1065848,30.0,2+2,2+2,"(('model_3', 1), ('model_4', 1), ('model_5', 0), ('model_6', 0))",False,2,False,MIGRATE,literal line-8 absolute delta exceeds tau,0.045546597310365956,0.08842178685258037,0.08842178685258037
new,steady8s1,26,1787638238.1285253,30.0,1+3,2+2,"(('model_3', 1), ('model_4', 1), ('model_5', 0), ('model_6', 0))",False,1,True,,migration cooldown active,0.11277732655146736,0.042009351930136045,0.11277732655146736
new,steady8s1,27,1787638243.1586196,30.0,1+3,2+2,"(('model_3', 1), ('model_4', 1), ('model_5', 0), ('model_6', 0))",False,1,True,,migration cooldown active,0.10620944342944366,0.04241314093871232,0.10620944342944366
new,steady8s1,28,1787638248.180862,30.0,1+3,2+2,"(('model_3', 1), ('model_4', 1), ('model_5', 0), ('model_6', 0))",False,1,True,,migration cooldown active,0.10459560551871029,0.04841185492218254,0.10459560551871029
new,steady8s1,29,1787638253.2088592,30.0,1+3,2+2,"(('model_3', 1), ('model_4', 1), ('model_5', 0), ('model_6', 0))",False,1,True,,migration cooldown active,0.10653272118721534,0.04567863159519089,0.10653272118721534
new,steady8s1,30,1787638258.2331328,30.0,1+3,2+2,"(('model_3', 1), ('model_4', 1), ('model_5', 0), ('model_6', 0))",False,1,True,,migration cooldown active,0.10607803810654408,0.05029773313269219,0.10607803810654408
new,steady8s1,31,1787638263.2592196,30.0,1+3,2+2,"(('model_3', 1), ('model_4', 1), ('model_5', 0), ('model_6', 0))",False,1,False,MIGRATE,literal line-8 absolute delta exceeds tau,0.10623010804822135,0.04805395102821722,0.10623010804822135
new,steady8s1,32,1787638268.2862167,30.0,2+2,2+2,"(('model_3', 1), ('model_4', 1), ('model_5', 0), ('model_6', 0))",False,0,True,,migration cooldown active,0.08723178452317422,0.06615394658869736,0.08723178452317422
new,steady8s1,33,1787638273.3266017,30.0,2+2,2+2,"(('model_3', 1), ('model_4', 1), ('model_5', 0), ('model_6', 0))",False,0,True,,migration cooldown active,0.09558448364277049,0.06308262672340245,0.09558448364277049
new,steady8s1,34,1787638278.3582752,30.0,2+2,2+2,"(('model_3', 1), ('model_4', 0), ('model_5', 0), ('model_6', 1))",False,2,True,,migration cooldown active,0.09980214437953339,0.05591549525561906,0.09980214437953339
new,steady8s1,35,1787638283.3895826,30.0,2+2,2+2,"(('model_3', 1), ('model_4', 1), ('model_5', 0), ('model_6', 0))",False,0,True,,migration cooldown active,0.09629193020764233,0.057719452845107835,0.09629193020764233
new,steady8s1,36,1787638288.4378104,30.0,2+2,2+2,"(('model_3', 1), ('model_4', 1), ('model_5', 0), ('model_6', 0))",False,0,True,,migration cooldown active,0.09625304850976671,0.054980277726685185,0.09625304850976671
new,steady8s1,37,1787638293.4703722,30.0,2+2,2+2,"(('model_3', 1), ('model_4', 0), ('model_5', 1), ('model_6', 0))",False,2,False,MIGRATE,literal line-8 absolute delta exceeds tau,0.09548540508443203,0.05367016276042407,0.09548540508443203
new,steady8s1,38,1787638298.499838,30.0,1+3,2+2,"(('model_3', 1), ('model_4', 0), ('model_5', 1), ('model_6', 0))",False,1,True,,migration cooldown active,0.04244560476978064,0.100184558915949,0.100184558915949
new,steady8s1,39,1787638303.547885,30.0,1+3,2+2,"(('model_3', 1), ('model_4', 0), ('model_5', 1), ('model_6', 0))",False,1,True,,migration cooldown active,0.04345533644458716,0.10215059168292236,0.10215059168292236
new,steady8s1,40,1787638308.5829096,30.0,1+3,2+2,"(('model_3', 1), ('model_4', 1), ('model_5', 0), ('model_6', 0))",False,1,True,,migration cooldown active,0.044863625765704254,0.10394241160900619,0.10394241160900619
new,steady8s1,41,1787638313.6195192,30.0,1+3,2+2,"(('model_3', 1), ('model_4', 1), ('model_5', 0), ('model_6', 0))",False,1,True,,migration cooldown active,0.04269823382905623,0.10537428789835349,0.10537428789835349
new,steady8s1,42,1787638318.6533318,30.0,1+3,2+2,"(('model_3', 1), ('model_4', 1), ('model_5', 0), ('model_6', 0))",False,1,True,,migration cooldown active,0.04117696753733141,0.10690451455222466,0.10690451455222466
new,steady8s1,43,1787638323.6872218,30.0,1+3,2+2,"(('model_3', 1), ('model_4', 1), ('model_5', 0), ('model_6', 0))",False,1,False,,line-8 placement unchanged or every candidate blocked,0.03592589209095996,0.11459513116110472,0.11459513116110472
new,steady8s1,44,1787638328.7474203,30.0,1+3,2+2,"(('model_3', 1), ('model_4', 1), ('model_5', 0), ('model_6', 0))",False,1,False,,line-8 placement unchanged or every candidate blocked,0.033580050826257944,0.10809493372395053,0.10809493372395053
new,steady8s1,45,1787638333.783902,30.0,1+3,2+2,"(('model_3', 1), ('model_4', 1), ('model_5', 0), ('model_6', 0))",False,1,False,,line-8 placement unchanged or every candidate blocked,0.03145153331751661,0.10407742639474704,0.10407742639474704
new,steady8s1,46,1787638338.828556,30.0,1+3,2+2,"(('model_3', 1), ('model_4', 1), ('model_5', 0), ('model_6', 0))",False,1,False,,line-8 placement unchanged or every candidate blocked,0.02960388911070281,0.10666649437794211,0.10666649437794211
new,steady8s1,47,1787638343.8758988,30.0,1+3,2+2,"(('model_3', 1), ('model_4', 1), ('model_5', 0), ('model_6', 0))",False,1,False,,line-8 placement unchanged or every candidate blocked,0.028862477741089628,0.11252718668769826,0.11252718668769826
new,steady8s1,48,1787638348.9173431,30.0,1+3,2+2,"(('model_3', 1), ('model_4', 1), ('model_5', 0), ('model_6', 0))",False,1,False,MIGRATE,literal line-8 absolute delta exceeds tau,0.030095025107928046,0.1098872272170692,0.1098872272170692
new,steady8s1,49,1787638354.3155055,30.0,2+2,2+2,"(('model_3', 1), ('model_4', 1), ('model_5', 0), ('model_6', 0))",False,0,True,,migration cooldown active,0.07294122784284966,0.0495666153789178,0.07294122784284966
new,steady8s1,50,1787638359.3535948,30.0,2+2,2+2,"(('model_3', 1), ('model_4', 1), ('model_5', 0), ('model_6', 0))",False,0,True,,migration cooldown active,0.07194875935677227,0.045884740034219794,0.07194875935677227
new,steady8s1,51,1787638364.4339101,30.0,2+2,2+2,"(('model_3', 1), ('model_4', 1), ('model_5', 0), ('model_6', 0))",False,0,True,,migration cooldown active,0.0734110938675433,0.04190480280496204,0.0734110938675433
new,steady8s1,52,1787638369.472455,30.0,2+2,2+2,"(('model_3', 1), ('model_4', 1), ('model_5', 0), ('model_6', 0))",False,0,True,,migration cooldown active,0.07038289290004758,0.04077050822311897,0.07038289290004758
new,steady8s1,53,1787638374.5766854,30.0,2+2,2+2,"(('model_3', 1), ('model_4', 1), ('model_5', 0), ('model_6', 0))",False,0,True,,migration cooldown active,0.07084510529150659,0.0393358143011119,0.07084510529150659
new,steady8s1,54,1787638379.619589,30.0,2+2,2+2,"(('model_3', 1), ('model_4', 1), ('model_5', 0), ('model_6', 0))",False,0,False,,line-8 placement unchanged or every candidate blocked,0.06679966021466865,0.04427466025888007,0.06679966021466865
new,steady8s1,55,1787638384.683555,30.0,2+2,2+2,"(('model_3', 1), ('model_4', 1), ('model_5', 0), ('model_6', 0))",False,0,False,,line-8 placement unchanged or every candidate blocked,0.07060906028426689,0.049858639829359695,0.07060906028426689
new,steady8s1,56,1787638389.7281816,30.0,2+2,2+2,"(('model_3', 1), ('model_4', 1), ('model_5', 0), ('model_6', 0))",False,0,False,,line-8 placement unchanged or every candidate blocked,0.0711154737645037,0.05397627826410288,0.0711154737645037
new,steady8s1,57,1787638394.771963,30.0,2+2,2+2,"(('model_3', 1), ('model_4', 1), ('model_5', 0), ('model_6', 0))",False,0,False,,line-8 placement unchanged or every candidate blocked,0.07369720380055238,0.05635450798094411,0.07369720380055238
new,steady8s1,58,1787638399.8234046,30.0,2+2,2+2,"(('model_3', 1), ('model_4', 1), ('model_5', 0), ('model_6', 0))",False,0,False,,line-8 placement unchanged or every candidate blocked,0.07077112289006404,0.058038739917125125,0.07077112289006404
new,steady8s1,59,1787638404.8907413,30.0,2+2,2+2,"(('model_3', 1), ('model_4', 1), ('model_5', 0), ('model_6', 0))",False,0,False,,line-8 placement unchanged or every candidate blocked,0.057579269623841085,0.06371047014222148,0.06371047014222148
new,steady8s1,60,1787638409.9494135,30.0,2+2,2+2,"(('model_3', 1), ('model_4', 1), ('model_5', 0), ('model_6', 0))",False,0,False,,line-8 placement unchanged or every candidate blocked,0.060839845272817855,0.0608602139577407,0.0608602139577407
new,steady8s1,61,1787638414.9949157,30.0,2+2,2+2,"(('model_3', 1), ('model_4', 1), ('model_5', 0), ('model_6', 0))",False,0,False,,line-8 placement unchanged or every candidate blocked,0.05979567540363486,0.06306742888140884,0.06306742888140884
new,steady8s1,62,1787638420.037664,30.0,2+2,2+2,"(('model_3', 1), ('model_4', 1), ('model_5', 0), ('model_6', 0))",False,0,False,,line-8 placement unchanged or every candidate blocked,0.059203435036108934,0.06727032100710122,0.06727032100710122
new,steady8s1,63,1787638425.0856056,30.0,2+2,2+2,"(('model_3', 1), ('model_4', 1), ('model_5', 0), ('model_6', 0))",False,0,False,,line-8 placement unchanged or every candidate blocked,0.06418395479753822,0.06939430867010749,0.06939430867010749
new,steady8s1,64,1787638430.1292496,30.0,2+2,2+2,"(('model_3', 1), ('model_4', 1), ('model_5', 0), ('model_6', 0))",False,0,False,,line-8 placement unchanged or every candidate blocked,0.06745087876317306,0.06635125753916034,0.06745087876317306
new,steady8s1,65,1787638435.177311,30.0,2+2,2+2,"(('model_3', 1), ('model_4', 1), ('model_5', 0), ('model_6', 0))",False,0,False,,line-8 placement unchanged or every candidate blocked,0.07182942596889902,0.07267944723262225,0.07267944723262225
new,steady8s1,66,1787638440.2273886,30.0,2+2,2+2,"(('model_3', 1), ('model_4', 1), ('model_5', 0), ('model_6', 0))",False,0,False,,line-8 placement unchanged or every candidate blocked,0.06449753512803726,0.07161454084859063,0.07161454084859063
new,steady8s1,67,1787638445.287433,30.0,2+2,2+2,"(('model_3', 1), ('model_4', 1), ('model_5', 0), ('model_6', 0))",False,0,False,,line-8 placement unchanged or every candidate blocked,0.06456836654641764,0.06140695479822206,0.06456836654641764
new,steady8s1,68,1787638450.3375502,30.0,2+2,2+2,"(('model_3', 1), ('model_4', 1), ('model_5', 0), ('model_6', 0))",False,0,False,,line-8 placement unchanged or every candidate blocked,0.06022629438259492,0.055807601562260035,0.06022629438259492
new,steady8s1,69,1787638455.3876314,30.0,2+2,2+2,"(('model_3', 1), ('model_4', 1), ('model_5', 0), ('model_6', 0))",False,0,False,,line-8 placement unchanged or every candidate blocked,0.05803308733463402,0.053569731933743724,0.05803308733463402
new,steady8s1,70,1787638460.4386773,30.0,2+2,2+2,"(('model_3', 1), ('model_4', 1), ('model_5', 0), ('model_6', 0))",False,0,False,,line-8 placement unchanged or every candidate blocked,0.05425138650317109,0.04872409941200506,0.05425138650317109
new,steady8s1,71,1787638465.5004072,30.0,2+2,2+2,"(('model_3', 1), ('model_4', 1), ('model_5', 0), ('model_6', 0))",False,0,False,,line-8 placement unchanged or every candidate blocked,0.05641459922143437,0.040824948145375885,0.05641459922143437
new,steady8s1,72,1787638470.5534914,30.0,2+2,2+2,"(('model_3', 1), ('model_4', 1), ('model_5', 0), ('model_6', 0))",False,0,False,,line-8 placement unchanged or every candidate blocked,0.06335624369148311,0.04487624241857547,0.06335624369148311
new,steady8s1,73,1787638475.6239963,30.0,2+2,2+2,"(('model_3', 1), ('model_4', 1), ('model_5', 0), ('model_6', 0))",False,0,False,,line-8 placement unchanged or every candidate blocked,0.058616867919839395,0.04890649764498919,0.058616867919839395
new,steady8s1,74,1787638480.7057137,30.0,2+2,2+2,"(('model_3', 1), ('model_4', 1), ('model_5', 0), ('model_6', 0))",False,0,False,,line-8 placement unchanged or every candidate blocked,0.060764571538322716,0.049173369460998866,0.060764571538322716
new,steady8s1,75,1787638485.7704768,30.0,2+2,2+2,"(('model_3', 1), ('model_4', 1), ('model_5', 0), ('model_6', 0))",False,0,False,,line-8 placement unchanged or every candidate blocked,0.06442153152983289,0.05388159651937537,0.06442153152983289
new,steady8s1,76,1787638490.8252225,30.0,2+2,2+2,"(('model_3', 1), ('model_4', 1), ('model_5', 0), ('model_6', 0))",False,0,False,,line-8 placement unchanged or every candidate blocked,0.07309851407974886,0.0676786069510917,0.07309851407974886
new,steady8s1,77,1787638495.901819,30.0,2+2,2+2,"(('model_3', 1), ('model_4', 1), ('model_5', 0), ('model_6', 0))",False,0,False,,line-8 placement unchanged or every candidate blocked,0.06999999086092884,0.06367506932527803,0.06999999086092884
new,steady8s1,78,1787638500.9634292,30.0,2+2,2+2,"(('model_3', 1), ('model_4', 1), ('model_5', 0), ('model_6', 0))",False,0,False,,line-8 placement unchanged or every candidate blocked,0.06462676588264862,0.0634280451782098,0.06462676588264862
new,steady8s1,79,1787638506.0236027,30.0,2+2,2+2,"(('model_3', 1), ('model_4', 1), ('model_5', 0), ('model_6', 0))",False,0,False,,line-8 placement unchanged or every candidate blocked,0.06157910529091014,0.06769141992671349,0.06769141992671349
new,steady8s1,80,1787638511.100664,30.0,2+2,2+2,"(('model_3', 1), ('model_4', 1), ('model_5', 0), ('model_6', 0))",False,0,False,,line-8 placement unchanged or every candidate blocked,0.06618045802463042,0.06677495088361285,0.06677495088361285
new,steady8s1,81,1787638516.1617343,30.0,2+2,2+2,"(('model_3', 1), ('model_4', 1), ('model_5', 0), ('model_6', 0))",False,0,False,,line-8 placement unchanged or every candidate blocked,0.06221860240548178,0.07620759879458121,0.07620759879458121
new,steady8s1,82,1787638521.2175817,30.0,2+2,2+2,"(('model_3', 1), ('model_4', 1), ('model_5', 0), ('model_6', 0))",False,0,False,,line-8 placement unchanged or every candidate blocked,0.05684716394378628,0.06988684365588707,0.06988684365588707
new,steady8s1,83,1787638526.3188434,30.0,2+2,2+2,"(('model_3', 1), ('model_4', 1), ('model_5', 0), ('model_6', 0))",False,0,False,,line-8 placement unchanged or every candidate blocked,0.06424205614365758,0.07341294310244671,0.07341294310244671
new,steady8s1,84,1787638531.3801477,30.0,2+2,2+2,"(('model_3', 1), ('model_4', 1), ('model_5', 0), ('model_6', 0))",False,0,False,,line-8 placement unchanged or every candidate blocked,0.06585705291710822,0.06692013698185821,0.06692013698185821
new,steady8s1,85,1787638536.439177,30.0,2+2,2+2,"(('model_3', 1), ('model_4', 1), ('model_5', 0), ('model_6', 0))",False,0,False,,line-8 placement unchanged or every candidate blocked,0.059388016428518736,0.05914118168622679,0.059388016428518736
new,steady8s1,86,1787638541.49792,30.0,2+2,2+2,"(('model_3', 1), ('model_4', 1), ('model_5', 0), ('model_6', 0))",False,0,False,,line-8 placement unchanged or every candidate blocked,0.04657209180169696,0.04994566854822239,0.04994566854822239
new,steady8s1,87,1787638546.5551925,30.0,2+2,2+2,"(('model_3', 1), ('model_4', 1), ('model_5', 0), ('model_6', 0))",False,0,False,,line-8 placement unchanged or every candidate blocked,0.032802753244854425,0.028664717741941965,0.032802753244854425
new,steady8s1,88,1787638551.612842,30.0,2+2,1+3,"(('model_3', 1), ('model_4', 1), ('model_5', 0), ('model_6', 1))",False,1,False,MIGRATE,literal line-8 absolute delta exceeds tau,0.025563596933413178,0.015036547070243652,0.025563596933413178
new,steady8s1,89,1787638556.93206,30.0,1+3,2+2,"(('model_3', 1), ('model_4', 1), ('model_5', 0), ('model_6', 0))",False,1,True,,migration cooldown active,0.0018801998914279331,0.01107698661085363,0.01107698661085363
new,steady8s1,90,1787638561.9907596,30.0,1+3,1+3,"(('model_3', 1), ('model_4', 1), ('model_5', 0), ('model_6', 1))",False,0,True,,migration cooldown active,0.004681482755173684,0.0014462620361624097,0.004681482755173684
new,steady8s1,91,1787638567.054563,30.0,1+3,1+3,"(('model_3', 1), ('model_4', 1), ('model_5', 0), ('model_6', 1))",False,0,True,,migration cooldown active,0.013303613128001516,9.264329807632586e-06,0.013303613128001516
new,steady8s1,92,1787638572.109883,30.0,1+3,1+3,"(('model_3', 1), ('model_4', 1), ('model_5', 0), ('model_6', 1))",False,0,True,,migration cooldown active,0.022825329024960213,0.004766958902839999,0.022825329024960213
new,steady8s1,93,1787638577.1690526,30.0,1+3,1+3,"(('model_3', 1), ('model_4', 1), ('model_5', 0), ('model_6', 1))",False,0,True,,migration cooldown active,0.0327042332917944,0.013733906953724577,0.0327042332917944
new,steady8s1,94,1787638582.2453802,30.0,1+3,1+3,"(('model_3', 1), ('model_4', 1), ('model_5', 0), ('model_6', 1))",False,0,False,,line-8 placement unchanged or every candidate blocked,0.057986886009509145,0.0426349743529916,0.057986886009509145
new,steady8s1,95,1787638587.3077292,30.0,1+3,1+3,"(('model_3', 1), ('model_4', 1), ('model_5', 0), ('model_6', 1))",False,0,False,,line-8 placement unchanged or every candidate blocked,0.06932265580347438,0.06865418533363689,0.06932265580347438
new,steady8s2,1,1787638762.8457747,30.0,2+2,2+2,"(('model_3', 1), ('model_4', 0), ('model_5', 0), ('model_6', 1))",False,0,False,,line-8 placement unchanged or every candidate blocked,1.6425233431087275e-05,0.00030287175940413183,0.00030287175940413183
new,steady8s2,2,1787638767.8530617,30.0,2+2,2+2,"(('model_3', 1), ('model_4', 0), ('model_5', 0), ('model_6', 1))",False,0,False,,line-8 placement unchanged or every candidate blocked,0.005087377989082749,0.009090647849513505,0.009090647849513505
new,steady8s2,3,1787638772.8806813,30.0,2+2,2+2,"(('model_3', 1), ('model_4', 0), ('model_5', 0), ('model_6', 1))",False,0,False,,line-8 placement unchanged or every candidate blocked,0.015071161973487793,0.01853971439850892,0.01853971439850892
new,steady8s2,4,1787638777.8868682,30.0,2+2,2+2,"(('model_3', 1), ('model_4', 0), ('model_5', 0), ('model_6', 1))",False,0,False,,line-8 placement unchanged or every candidate blocked,0.019568501381955542,0.028147532372756703,0.028147532372756703
new,steady8s2,5,1787638782.8956668,30.0,2+2,2+2,"(('model_3', 1), ('model_4', 0), ('model_5', 0), ('model_6', 1))",False,0,False,,line-8 placement unchanged or every candidate blocked,0.03241885240973429,0.03937710283738074,0.03937710283738074
new,steady8s2,6,1787638787.938413,30.0,2+2,2+2,"(('model_3', 1), ('model_4', 0), ('model_5', 0), ('model_6', 1))",False,0,False,,line-8 placement unchanged or every candidate blocked,0.04891465482006027,0.05053749176185694,0.05053749176185694
new,steady8s2,7,1787638792.9639518,30.0,2+2,2+2,"(('model_3', 1), ('model_4', 0), ('model_5', 0), ('model_6', 1))",False,0,False,,line-8 placement unchanged or every candidate blocked,0.06519939800712354,0.06338972509975545,0.06519939800712354
new,steady8s2,8,1787638797.9723096,30.0,2+2,2+2,"(('model_3', 1), ('model_4', 0), ('model_5', 0), ('model_6', 1))",False,0,False,,line-8 placement unchanged or every candidate blocked,0.06368241360406547,0.0670790454336493,0.0670790454336493
new,steady8s2,9,1787638802.99149,30.0,2+2,2+2,"(('model_3', 1), ('model_4', 0), ('model_5', 0), ('model_6', 1))",False,0,False,,line-8 placement unchanged or every candidate blocked,0.07358739729604423,0.06955439248953542,0.07358739729604423
new,steady8s2,10,1787638808.0000587,30.0,2+2,2+2,"(('model_3', 1), ('model_4', 0), ('model_5', 0), ('model_6', 1))",False,0,False,,line-8 placement unchanged or every candidate blocked,0.07492602871428986,0.06810857650392298,0.07492602871428986
new,steady8s2,11,1787638813.011999,30.0,2+2,2+2,"(('model_3', 1), ('model_4', 0), ('model_5', 0), ('model_6', 1))",False,0,False,,line-8 placement unchanged or every candidate blocked,0.0833347179431098,0.07077030693467769,0.0833347179431098
new,steady8s2,12,1787638818.0233693,30.0,2+2,2+2,"(('model_3', 1), ('model_4', 0), ('model_5', 0), ('model_6', 1))",False,0,False,,line-8 placement unchanged or every candidate blocked,0.0788638509469884,0.07276740682090134,0.0788638509469884
new,steady8s2,13,1787638823.0369625,30.0,2+2,2+2,"(('model_3', 1), ('model_4', 0), ('model_5', 0), ('model_6', 1))",False,0,False,,line-8 placement unchanged or every candidate blocked,0.07299737549790276,0.07195837996295501,0.07299737549790276
new,steady8s2,14,1787638828.046805,30.0,2+2,2+2,"(('model_3', 1), ('model_4', 0), ('model_5', 0), ('model_6', 1))",False,0,False,,line-8 placement unchanged or every candidate blocked,0.07520322291479455,0.07982237215784521,0.07982237215784521
new,steady8s2,15,1787638833.0754013,30.0,2+2,2+2,"(('model_3', 1), ('model_4', 0), ('model_5', 0), ('model_6', 1))",False,0,False,,line-8 placement unchanged or every candidate blocked,0.0698295192641841,0.08079461779104083,0.08079461779104083
new,steady8s2,16,1787638838.0903344,30.0,2+2,2+2,"(('model_3', 1), ('model_4', 0), ('model_5', 0), ('model_6', 1))",False,0,False,,line-8 placement unchanged or every candidate blocked,0.06909460918736181,0.08915257018377669,0.08915257018377669
new,steady8s2,17,1787638843.121721,30.0,2+2,2+2,"(('model_3', 1), ('model_4', 0), ('model_5', 0), ('model_6', 1))",False,0,False,,line-8 placement unchanged or every candidate blocked,0.06228561136016316,0.08424841001577399,0.08424841001577399
new,steady8s2,18,1787638848.1344936,30.0,2+2,2+2,"(('model_3', 1), ('model_4', 0), ('model_5', 0), ('model_6', 1))",False,0,False,,line-8 placement unchanged or every candidate blocked,0.06102388065821541,0.07993559981274338,0.07993559981274338
new,steady8s2,19,1787638853.1504533,30.0,2+2,2+2,"(('model_3', 1), ('model_4', 0), ('model_5', 0), ('model_6', 1))",False,0,False,,line-8 placement unchanged or every candidate blocked,0.06241696298117474,0.08148031724982449,0.08148031724982449
new,steady8s2,20,1787638858.172358,30.0,2+2,2+2,"(('model_3', 1), ('model_4', 0), ('model_5', 0), ('model_6', 1))",False,0,False,,line-8 placement unchanged or every candidate blocked,0.06067945493817555,0.07984754849725134,0.07984754849725134
new,steady8s2,21,1787638863.189233,30.0,2+2,2+2,"(('model_3', 1), ('model_4', 0), ('model_5', 0), ('model_6', 1))",False,0,False,,line-8 placement unchanged or every candidate blocked,0.06388075018226005,0.08390653634290332,0.08390653634290332
new,steady8s2,22,1787638868.2040474,30.0,2+2,2+2,"(('model_3', 1), ('model_4', 0), ('model_5', 0), ('model_6', 1))",False,0,False,,line-8 placement unchanged or every candidate blocked,0.06656111801567374,0.08310449710408353,0.08310449710408353
new,steady8s2,23,1787638873.223216,30.0,2+2,2+2,"(('model_3', 1), ('model_4', 0), ('model_5', 0), ('model_6', 1))",False,0,False,,line-8 placement unchanged or every candidate blocked,0.06434425690543094,0.08709472843412948,0.08709472843412948
new,steady8s2,24,1787638878.2792418,30.0,2+2,2+2,"(('model_3', 1), ('model_4', 0), ('model_5', 0), ('model_6', 1))",False,0,False,,line-8 placement unchanged or every candidate blocked,0.06659206246283038,0.09043325593063885,0.09043325593063885
new,steady8s2,25,1787638883.31419,30.0,2+2,2+2,"(('model_3', 1), ('model_4', 0), ('model_5', 0), ('model_6', 1))",False,0,False,,line-8 placement unchanged or every candidate blocked,0.07824344293569656,0.09875206177789053,0.09875206177789053
new,steady8s2,26,1787638888.34633,30.0,2+2,2+2,"(('model_3', 1), ('model_4', 0), ('model_5', 0), ('model_6', 1))",False,0,False,,line-8 placement unchanged or every candidate blocked,0.08283390545585842,0.09360992314216952,0.09360992314216952
new,steady8s2,27,1787638893.382384,30.0,2+2,2+2,"(('model_3', 1), ('model_4', 0), ('model_5', 0), ('model_6', 1))",False,0,False,,line-8 placement unchanged or every candidate blocked,0.08015941344821743,0.0970280621892909,0.0970280621892909
new,steady8s2,28,1787638898.4047372,30.0,2+2,2+2,"(('model_3', 1), ('model_4', 0), ('model_5', 0), ('model_6', 1))",False,0,False,,line-8 placement unchanged or every candidate blocked,0.081040880791795,0.09816011311480576,0.09816011311480576
new,steady8s2,29,1787638903.4236557,30.0,2+2,2+2,"(('model_3', 1), ('model_4', 0), ('model_5', 0), ('model_6', 1))",False,0,False,,line-8 placement unchanged or every candidate blocked,0.08221278784259976,0.09308754648610132,0.09308754648610132
new,steady8s2,30,1787638908.4434712,30.0,2+2,2+2,"(('model_3', 1), ('model_4', 0), ('model_5', 0), ('model_6', 1))",False,0,False,,line-8 placement unchanged or every candidate blocked,0.08301017535723901,0.09436660915011606,0.09436660915011606
new,steady8s2,31,1787638913.466872,30.0,2+2,2+2,"(('model_3', 1), ('model_4', 0), ('model_5', 0), ('model_6', 1))",False,0,False,,line-8 placement unchanged or every candidate blocked,0.07416798694027447,0.081080473245475,0.081080473245475
new,steady8s2,32,1787638918.5088446,30.0,2+2,2+2,"(('model_3', 1), ('model_4', 0), ('model_5', 0), ('model_6', 1))",False,0,False,,line-8 placement unchanged or every candidate blocked,0.07097829328195471,0.07380508821570818,0.07380508821570818
new,steady8s2,33,1787638923.5340734,30.0,2+2,2+2,"(('model_3', 1), ('model_4', 0), ('model_5', 0), ('model_6', 1))",False,0,False,,line-8 placement unchanged or every candidate blocked,0.06978156614782877,0.0680006172146455,0.06978156614782877
new,steady8s2,34,1787638928.56067,30.0,2+2,2+2,"(('model_3', 1), ('model_4', 0), ('model_5', 0), ('model_6', 1))",False,0,False,,line-8 placement unchanged or every candidate blocked,0.07166310729206858,0.06188605949345941,0.07166310729206858
new,steady8s2,35,1787638933.5871725,30.0,2+2,2+2,"(('model_3', 1), ('model_4', 0), ('model_5', 0), ('model_6', 1))",False,0,False,,line-8 placement unchanged or every candidate blocked,0.07843583348230078,0.066116464943419,0.07843583348230078
new,steady8s2,36,1787638938.6100924,30.0,2+2,2+2,"(('model_3', 1), ('model_4', 0), ('model_5', 0), ('model_6', 1))",False,0,False,,line-8 placement unchanged or every candidate blocked,0.07887873396475276,0.06874654766864596,0.07887873396475276
new,steady8s2,37,1787638943.6466928,30.0,2+2,2+2,"(('model_3', 1), ('model_4', 0), ('model_5', 0), ('model_6', 1))",False,0,False,,line-8 placement unchanged or every candidate blocked,0.08212960498458989,0.07356707827941689,0.08212960498458989
new,steady8s2,38,1787638948.6957302,30.0,2+2,1+3,"(('model_3', 1), ('model_4', 1), ('model_5', 0), ('model_6', 1))",False,1,False,MIGRATE,literal line-8 absolute delta exceeds tau,0.09586896178231812,0.08004447297163214,0.09586896178231812
new,steady8s2,39,1787638953.7680619,30.0,1+3,1+3,"(('model_3', 1), ('model_4', 1), ('model_5', 0), ('model_6', 1))",False,0,True,,migration cooldown active,0.08014414049081335,0.09459763640154749,0.09459763640154749
new,steady8s2,40,1787638958.7979114,30.0,1+3,1+3,"(('model_3', 1), ('model_4', 1), ('model_5', 0), ('model_6', 1))",False,0,True,,migration cooldown active,0.08588561280658978,0.0946453292061335,0.0946453292061335
new,steady8s2,41,1787638963.8289764,30.0,1+3,1+3,"(('model_3', 1), ('model_4', 1), ('model_5', 0), ('model_6', 1))",False,0,True,,migration cooldown active,0.08397730086753276,0.08922240728304517,0.08922240728304517
new,steady8s2,42,1787638968.8583934,30.0,1+3,1+3,"(('model_3', 1), ('model_4', 1), ('model_5', 0), ('model_6', 1))",False,0,True,,migration cooldown active,0.08020367188579261,0.08387963711910389,0.08387963711910389
new,steady8s2,43,1787638973.891327,30.0,1+3,1+3,"(('model_3', 1), ('model_4', 1), ('model_5', 0), ('model_6', 1))",False,0,True,,migration cooldown active,0.07349646805146394,0.08456868459115681,0.08456868459115681
new,steady8s2,44,1787638978.9380603,30.0,1+3,2+2,"(('model_3', 1), ('model_4', 0), ('model_5', 0), ('model_6', 1))",False,1,False,MIGRATE,literal line-8 absolute delta exceeds tau,0.057639619538796864,0.08995900666101057,0.08995900666101057
new,steady8s2,45,1787638984.76467,30.0,2+2,2+2,"(('model_3', 1), ('model_4', 0), ('model_5', 0), ('model_6', 1))",False,0,True,,migration cooldown active,0.07634476825823872,0.07938091346326571,0.07938091346326571
new,steady8s2,46,1787638989.8012936,30.0,2+2,2+2,"(('model_3', 1), ('model_4', 0), ('model_5', 0), ('model_6', 1))",False,0,True,,migration cooldown active,0.07401543991761157,0.07980090103741407,0.07980090103741407
new,steady8s2,47,1787638994.8396473,30.0,2+2,2+2,"(('model_3', 1), ('model_4', 0), ('model_5', 0), ('model_6', 1))",False,0,True,,migration cooldown active,0.07368109292084186,0.08746042701771747,0.08746042701771747
new,steady8s2,48,1787638999.874552,30.0,2+2,2+2,"(('model_3', 1), ('model_4', 0), ('model_5', 0), ('model_6', 1))",False,0,True,,migration cooldown active,0.07312329436215541,0.09076703330144524,0.09076703330144524
new,steady8s2,49,1787639004.9099424,30.0,2+2,2+2,"(('model_3', 1), ('model_4', 0), ('model_5', 0), ('model_6', 1))",False,0,True,,migration cooldown active,0.07711727581141513,0.0884393621344932,0.0884393621344932
new,steady8s2,50,1787639009.9615736,30.0,2+2,2+2,"(('model_3', 1), ('model_4', 0), ('model_5', 0), ('model_6', 1))",False,0,False,,line-8 placement unchanged or every candidate blocked,0.07639039354743521,0.0785242934096849,0.0785242934096849
new,steady8s2,51,1787639015.0168514,30.0,2+2,2+2,"(('model_3', 1), ('model_4', 0), ('model_5', 0), ('model_6', 1))",False,0,False,,line-8 placement unchanged or every candidate blocked,0.0869880097807582,0.08225195516963571,0.0869880097807582
new,steady8s2,52,1787639020.0548806,30.0,2+2,2+2,"(('model_3', 1), ('model_4', 0), ('model_5', 0), ('model_6', 1))",False,0,False,,line-8 placement unchanged or every candidate blocked,0.080262861879195,0.08332115062702641,0.08332115062702641
new,steady8s2,53,1787639025.09582,30.0,2+2,2+2,"(('model_3', 1), ('model_4', 0), ('model_5', 0), ('model_6', 1))",False,0,False,,line-8 placement unchanged or every candidate blocked,0.0789880459854387,0.08293390862858137,0.08293390862858137
new,steady8s2,54,1787639030.1381402,30.0,2+2,2+2,"(('model_3', 1), ('model_4', 0), ('model_5', 0), ('model_6', 1))",False,0,False,,line-8 placement unchanged or every candidate blocked,0.07897439348924618,0.08064510568898606,0.08064510568898606
new,steady8s2,55,1787639035.218156,30.0,2+2,2+2,"(('model_3', 1), ('model_4', 0), ('model_5', 0), ('model_6', 1))",False,0,False,,line-8 placement unchanged or every candidate blocked,0.0746955474319826,0.07674858388800723,0.07674858388800723
new,steady8s2,56,1787639040.2654655,30.0,2+2,2+2,"(('model_3', 1), ('model_4', 0), ('model_5', 0), ('model_6', 1))",False,0,False,,line-8 placement unchanged or every candidate blocked,0.07125385768351344,0.08576611679841334,0.08576611679841334
new,steady8s2,57,1787639045.318727,30.0,2+2,2+2,"(('model_3', 1), ('model_4', 0), ('model_5', 0), ('model_6', 1))",False,0,False,,line-8 placement unchanged or every candidate blocked,0.06209280029706513,0.08539950416890252,0.08539950416890252
new,steady8s2,58,1787639050.3958764,30.0,2+2,2+2,"(('model_3', 1), ('model_4', 0), ('model_5', 0), ('model_6', 1))",False,0,False,,line-8 placement unchanged or every candidate blocked,0.05961532029674979,0.08425646977392434,0.08425646977392434
new,steady8s2,59,1787639055.4370189,30.0,2+2,2+2,"(('model_3', 1), ('model_4', 0), ('model_5', 0), ('model_6', 1))",False,0,False,,line-8 placement unchanged or every candidate blocked,0.058852590740294204,0.08483945178267355,0.08483945178267355
new,steady8s2,60,1787639060.500512,30.0,2+2,2+2,"(('model_3', 1), ('model_4', 1), ('model_5', 0), ('model_6', 0))",False,2,False,MIGRATE,literal line-8 absolute delta exceeds tau,0.053522359100851055,0.08584395114555873,0.08584395114555873
new,steady8s2,61,1787639065.566757,30.0,1+3,2+2,"(('model_3', 1), ('model_4', 1), ('model_5', 0), ('model_6', 0))",False,1,True,,migration cooldown active,0.04081207855799595,0.09851887986985745,0.09851887986985745
new,steady8s2,62,1787639070.615632,30.0,1+3,2+2,"(('model_3', 1), ('model_4', 0), ('model_5', 0), ('model_6', 1))",False,1,True,,migration cooldown active,0.05135078911918347,0.09372093502438604,0.09372093502438604
new,steady8s2,63,1787639075.6998546,30.0,1+3,2+2,"(('model_3', 1), ('model_4', 0), ('model_5', 0), ('model_6', 1))",False,1,True,,migration cooldown active,0.06411696604251121,0.0951854747736365,0.0951854747736365
new,steady8s2,64,1787639080.7510302,30.0,1+3,2+2,"(('model_3', 1), ('model_4', 0), ('model_5', 0), ('model_6', 1))",False,1,True,,migration cooldown active,0.06783106362927212,0.09336456220632094,0.09336456220632094
new,steady8s2,65,1787639085.8022585,30.0,1+3,2+2,"(('model_3', 1), ('model_4', 0), ('model_5', 0), ('model_6', 1))",False,1,True,,migration cooldown active,0.07205779267279876,0.09253294605693667,0.09253294605693667
new,steady8s2,66,1787639090.8542602,30.0,1+3,1+3,"(('model_3', 1), ('model_4', 1), ('model_5', 0), ('model_6', 1))",False,0,False,,line-8 placement unchanged or every candidate blocked,0.08262296163175484,0.09640561883953508,0.09640561883953508
new,steady8s2,67,1787639095.950215,30.0,1+3,2+2,"(('model_3', 1), ('model_4', 0), ('model_5', 0), ('model_6', 1))",False,1,False,MIGRATE,literal line-8 absolute delta exceeds tau,0.07730978462985691,0.1045474220173508,0.1045474220173508
new,steady8s2,68,1787639101.8179371,30.0,2+2,2+2,"(('model_3', 1), ('model_4', 0), ('model_5', 0), ('model_6', 1))",False,0,True,,migration cooldown active,0.0907508157699355,0.09824665715921624,0.09824665715921624
new,steady8s2,69,1787639107.4940438,30.0,2+2,2+2,"(('model_3', 1), ('model_4', 0), ('model_5', 0), ('model_6', 1))",False,0,True,,migration cooldown active,0.0788848364271582,0.09864761836539153,0.09864761836539153
new,steady8s2,70,1787639112.5590246,30.0,2+2,2+2,"(('model_3', 1), ('model_4', 0), ('model_5', 0), ('model_6', 1))",False,0,True,,migration cooldown active,0.07546177798484426,0.10227310501208764,0.10227310501208764
new,steady8s2,71,1787639117.6356988,30.0,2+2,2+2,"(('model_3', 1), ('model_4', 0), ('model_5', 0), ('model_6', 1))",False,0,True,,migration cooldown active,0.07710198514187044,0.10484060749821787,0.10484060749821787
new,steady8s2,72,1787639122.6928868,30.0,2+2,2+2,"(('model_3', 1), ('model_4', 1), ('model_5', 0), ('model_6', 0))",False,2,True,,migration cooldown active,0.07147572066742525,0.11291909507930699,0.11291909507930699
new,steady8s2,73,1787639127.767333,30.0,2+2,2+2,"(('model_3', 1), ('model_4', 0), ('model_5', 0), ('model_6', 1))",False,0,False,,line-8 placement unchanged or every candidate blocked,0.07025528036482888,0.09417541063732994,0.09417541063732994
new,steady8s2,74,1787639132.8236778,30.0,2+2,2+2,"(('model_3', 1), ('model_4', 0), ('model_5', 0), ('model_6', 1))",False,0,False,,line-8 placement unchanged or every candidate blocked,0.07869619287798536,0.09152952855448604,0.09152952855448604
new,steady8s2,75,1787639137.909771,30.0,2+2,2+2,"(('model_3', 1), ('model_4', 0), ('model_5', 0), ('model_6', 1))",False,0,False,,line-8 placement unchanged or every candidate blocked,0.07960937417126886,0.09163788237126981,0.09163788237126981
new,steady8s2,76,1787639142.9634154,30.0,2+2,2+2,"(('model_3', 1), ('model_4', 0), ('model_5', 0), ('model_6', 1))",False,0,False,,line-8 placement unchanged or every candidate blocked,0.07872879415569484,0.09136762691471981,0.09136762691471981
new,steady8s2,77,1787639148.0213919,30.0,2+2,2+2,"(('model_3', 1), ('model_4', 0), ('model_5', 0), ('model_6', 1))",False,0,False,,line-8 placement unchanged or every candidate blocked,0.07216756633997903,0.0835560383306638,0.0835560383306638
new,steady8s2,78,1787639153.0989983,30.0,2+2,2+2,"(('model_3', 1), ('model_4', 0), ('model_5', 0), ('model_6', 1))",False,0,False,,line-8 placement unchanged or every candidate blocked,0.07152278126949824,0.08509226485001854,0.08509226485001854
new,steady8s2,79,1787639158.1598961,30.0,2+2,2+2,"(('model_3', 1), ('model_4', 0), ('model_5', 0), ('model_6', 1))",False,0,False,,line-8 placement unchanged or every candidate blocked,0.06750165579385738,0.08614976122520823,0.08614976122520823
new,steady8s2,80,1787639163.2402213,30.0,2+2,2+2,"(('model_3', 1), ('model_4', 1), ('model_5', 0), ('model_6', 0))",False,2,False,MIGRATE,literal line-8 absolute delta exceeds tau,0.05907555998796684,0.09131783872897027,0.09131783872897027
new,steady8s2,81,1787639168.3205254,30.0,1+3,2+2,"(('model_3', 1), ('model_4', 0), ('model_5', 0), ('model_6', 1))",False,1,True,,migration cooldown active,0.05295813678362318,0.10308535843045621,0.10308535843045621
new,steady8s2,82,1787639173.3947484,30.0,1+3,2+2,"(('model_3', 1), ('model_4', 0), ('model_5', 0), ('model_6', 1))",False,1,True,,migration cooldown active,0.05507315495524705,0.10670925408697543,0.10670925408697543
new,steady8s2,83,1787639178.502391,30.0,1+3,2+2,"(('model_3', 1), ('model_4', 0), ('model_5', 0), ('model_6', 1))",False,1,True,,migration cooldown active,0.06325872176489372,0.1077365820326869,0.1077365820326869
new,steady8s2,84,1787639183.5728471,30.0,1+3,2+2,"(('model_3', 1), ('model_4', 0), ('model_5', 0), ('model_6', 1))",False,1,True,,migration cooldown active,0.06353157399188193,0.10403201545434132,0.10403201545434132
new,steady8s2,85,1787639188.6368346,30.0,1+3,2+2,"(('model_3', 1), ('model_4', 0), ('model_5', 0), ('model_6', 1))",False,1,True,,migration cooldown active,0.05461178664415786,0.0941107544921148,0.0941107544921148
new,steady8s2,86,1787639193.7207057,30.0,1+3,2+2,"(('model_3', 1), ('model_4', 0), ('model_5', 0), ('model_6', 1))",False,1,False,MIGRATE,literal line-8 absolute delta exceeds tau,0.04613848475877816,0.07935791983492935,0.07935791983492935
new,steady10s1,1,1787639371.264318,30.0,2+2,1+3,"(('model_3', 1), ('model_4', 0), ('model_5', 0), ('model_6', 0))",False,1,False,MIGRATE,literal line-8 absolute delta exceeds tau,1.6425233431087275e-05,0.0009370451975182683,0.0009370451975182683
new,steady10s1,2,1787639377.2571433,30.0,1+3,2+2,"(('model_3', 1), ('model_4', 0), ('model_5', 1), ('model_6', 0))",False,1,True,,migration cooldown active,0.01841449836988885,0.0036218650466235394,0.01841449836988885
new,steady10s1,3,1787639382.2626884,30.0,1+3,2+2,"(('model_3', 1), ('model_4', 0), ('model_5', 0), ('model_6', 1))",False,1,True,,migration cooldown active,0.037588570265200634,0.010269088649928398,0.037588570265200634
new,steady10s1,4,1787639387.3007658,30.0,1+3,2+2,"(('model_3', 1), ('model_4', 0), ('model_5', 0), ('model_6', 1))",False,1,True,,migration cooldown active,0.056227139981549545,0.015602468471540005,0.056227139981549545
new,steady10s1,5,1787639392.355554,30.0,1+3,2+2,"(('model_3', 1), ('model_4', 0), ('model_5', 0), ('model_6', 1))",False,1,True,,migration cooldown active,0.08975735053892712,0.02285231658006854,0.08975735053892712
new,steady10s1,6,1787639397.3654234,30.0,1+3,2+2,"(('model_3', 1), ('model_4', 0), ('model_5', 0), ('model_6', 1))",False,1,True,,migration cooldown active,0.11602489957264922,0.029559190832367625,0.11602489957264922
new,steady10s1,7,1787639402.394636,30.0,1+3,2+2,"(('model_3', 1), ('model_4', 0), ('model_5', 0), ('model_6', 1))",False,1,False,MIGRATE,literal line-8 absolute delta exceeds tau,0.1436301353326111,0.037393309400275465,0.1436301353326111
new,steady10s1,8,1787639411.0426714,30.0,2+2,2+2,"(('model_3', 1), ('model_4', 0), ('model_5', 0), ('model_6', 1))",False,0,True,,migration cooldown active,0.0695194772348382,0.09222221757364726,0.09222221757364726
new,steady10s1,9,1787639416.0881789,30.0,2+2,2+2,"(('model_3', 1), ('model_4', 0), ('model_5', 0), ('model_6', 1))",False,0,True,,migration cooldown active,0.07384384300312868,0.09636486719534007,0.09636486719534007
new,steady10s1,10,1787639421.1028996,30.0,2+2,2+2,"(('model_3', 1), ('model_4', 0), ('model_5', 0), ('model_6', 1))",False,0,True,,migration cooldown active,0.070860773858883,0.09598967912859849,0.09598967912859849
new,steady10s1,11,1787639426.118328,30.0,2+2,2+2,"(('model_3', 1), ('model_4', 1), ('model_5', 0), ('model_6', 0))",False,2,True,,migration cooldown active,0.07096229248277751,0.10035585739099634,0.10035585739099634
new,steady10s1,12,1787639431.1332054,30.0,2+2,2+2,"(('model_3', 1), ('model_4', 1), ('model_5', 0), ('model_6', 0))",False,2,True,,migration cooldown active,0.07075519016720737,0.10554602488334423,0.10554602488334423
new,steady10s1,13,1787639436.16561,30.0,2+2,2+2,"(('model_3', 1), ('model_4', 0), ('model_5', 0), ('model_6', 1))",False,0,False,,line-8 placement unchanged or every candidate blocked,0.07585319935474052,0.10845543524739507,0.10845543524739507
new,steady10s1,14,1787639441.1835206,30.0,2+2,2+2,"(('model_3', 1), ('model_4', 0), ('model_5', 0), ('model_6', 1))",False,0,False,,line-8 placement unchanged or every candidate blocked,0.07712893346976535,0.1069175339184221,0.1069175339184221
new,steady10s1,15,1787639446.2007756,30.0,2+2,2+2,"(('model_3', 1), ('model_4', 0), ('model_5', 0), ('model_6', 1))",False,0,False,,line-8 placement unchanged or every candidate blocked,0.07305618647178205,0.10657647026400804,0.10657647026400804
new,steady10s1,16,1787639451.2203612,30.0,2+2,2+2,"(('model_3', 1), ('model_4', 0), ('model_5', 0), ('model_6', 1))",False,0,False,,line-8 placement unchanged or every candidate blocked,0.06947587452228277,0.10110653841215057,0.10110653841215057
new,steady10s1,17,1787639456.2400613,30.0,2+2,2+2,"(('model_3', 1), ('model_4', 1), ('model_5', 0), ('model_6', 0))",False,2,False,MIGRATE,literal line-8 absolute delta exceeds tau,0.06106649241786758,0.1003284373356486,0.1003284373356486
new,steady10s1,18,1787639461.612478,30.0,1+3,2+2,"(('model_3', 1), ('model_4', 0), ('model_5', 0), ('model_6', 1))",False,1,True,,migration cooldown active,0.044567517391270205,0.11813894477906048,0.11813894477906048
new,steady10s1,19,1787639466.63636,30.0,1+3,2+2,"(('model_3', 1), ('model_4', 1), ('model_5', 0), ('model_6', 0))",False,1,True,,migration cooldown active,0.038839274274378076,0.11532776380683109,0.11532776380683109
new,steady10s1,20,1787639471.6635592,30.0,1+3,2+2,"(('model_3', 1), ('model_4', 1), ('model_5', 0), ('model_6', 0))",False,1,True,,migration cooldown active,0.04431946991219001,0.11818414797578357,0.11818414797578357
new,steady10s1,21,1787639476.7006242,30.0,1+3,2+2,"(('model_3', 1), ('model_4', 0), ('model_5', 0), ('model_6', 1))",False,1,True,,migration cooldown active,0.04757385283772226,0.11355527399992255,0.11355527399992255
new,steady10s1,22,1787639481.7255425,30.0,1+3,2+2,"(('model_3', 1), ('model_4', 1), ('model_5', 0), ('model_6', 0))",False,1,True,,migration cooldown active,0.045404264220700756,0.12107643384944419,0.12107643384944419
new,steady10s1,23,1787639486.7560291,30.0,1+3,2+2,"(('model_3', 1), ('model_4', 0), ('model_5', 0), ('model_6', 1))",False,1,False,MIGRATE,literal line-8 absolute delta exceeds tau,0.05522032979283463,0.11818478294675923,0.11818478294675923
new,steady10s1,24,1787639491.7857218,30.0,2+2,2+2,"(('model_3', 1), ('model_4', 0), ('model_5', 0), ('model_6', 1))",False,0,True,,migration cooldown active,0.07019499617990414,0.09659786382499602,0.09659786382499602
new,steady10s1,25,1787639496.8274844,30.0,2+2,2+2,"(('model_3', 1), ('model_4', 0), ('model_5', 0), ('model_6', 1))",False,0,True,,migration cooldown active,0.06757122870123637,0.10725483877399507,0.10725483877399507
new,steady10s1,26,1787639501.8593543,30.0,2+2,2+2,"(('model_3', 1), ('model_4', 1), ('model_5', 0), ('model_6', 0))",False,2,True,,migration cooldown active,0.06062752310246082,0.11462310605711881,0.11462310605711881
new,steady10s1,27,1787639506.8906896,30.0,2+2,2+2,"(('model_3', 1), ('model_4', 1), ('model_5', 0), ('model_6', 0))",False,2,True,,migration cooldown active,0.060353796479280165,0.13461826680523106,0.13461826680523106
new,steady10s1,28,1787639511.923491,30.0,2+2,2+2,"(('model_3', 1), ('model_4', 1), ('model_5', 0), ('model_6', 0))",False,2,True,,migration cooldown active,0.06508231646678678,0.13381102942081974,0.13381102942081974
new,steady10s1,29,1787639516.9842134,30.0,2+2,2+2,"(('model_3', 1), ('model_4', 1), ('model_5', 0), ('model_6', 0))",False,2,False,MIGRATE,literal line-8 absolute delta exceeds tau,0.061264769757790064,0.13070354026272388,0.13070354026272388
new,steady10s1,30,1787639525.8942978,30.0,1+3,2+2,"(('model_3', 1), ('model_4', 1), ('model_5', 0), ('model_6', 0))",False,1,True,,migration cooldown active,0.15274256610347156,0.06619692534538293,0.15274256610347156
new,steady10s1,31,1787639530.9283183,30.0,1+3,2+2,"(('model_3', 1), ('model_4', 1), ('model_5', 0), ('model_6', 0))",False,1,True,,migration cooldown active,0.15161507052071732,0.061743010220481016,0.15161507052071732
new,steady10s1,32,1787639535.9645905,30.0,1+3,2+2,"(('model_3', 1), ('model_4', 1), ('model_5', 0), ('model_6', 0))",False,1,True,,migration cooldown active,0.14915883996406507,0.05375594127053671,0.14915883996406507
new,steady10s1,33,1787639541.0046153,30.0,1+3,2+2,"(('model_3', 1), ('model_4', 1), ('model_5', 0), ('model_6', 0))",False,1,True,,migration cooldown active,0.14561883276966542,0.0475828638515449,0.14561883276966542
new,steady10s1,34,1787639546.0424345,30.0,1+3,2+2,"(('model_3', 1), ('model_4', 0), ('model_5', 0), ('model_6', 1))",False,1,True,,migration cooldown active,0.1490914736753249,0.047108717667231854,0.1490914736753249
new,steady10s1,35,1787639551.0936306,30.0,1+3,2+2,"(('model_3', 1), ('model_4', 0), ('model_5', 0), ('model_6', 1))",False,1,False,MIGRATE,literal line-8 absolute delta exceeds tau,0.14998620791003556,0.04337825784936242,0.14998620791003556
new,steady10s1,36,1787639558.7811992,30.0,2+2,2+2,"(('model_3', 1), ('model_4', 1), ('model_5', 0), ('model_6', 0))",False,2,True,,migration cooldown active,0.05826321416445027,0.10619182259405797,0.10619182259405797
new,steady10s1,37,1787639563.8741744,30.0,2+2,2+2,"(('model_3', 1), ('model_4', 1), ('model_5', 0), ('model_6', 0))",False,2,True,,migration cooldown active,0.055489750890818895,0.10118105981711906,0.10118105981711906
new,steady10s1,38,1787639568.920147,30.0,2+2,2+2,"(('model_3', 1), ('model_4', 1), ('model_5', 0), ('model_6', 0))",False,2,True,,migration cooldown active,0.06231072057383894,0.10534284490959207,0.10534284490959207
new,steady10s1,39,1787639573.966784,30.0,2+2,2+2,"(('model_3', 1), ('model_4', 0), ('model_5', 0), ('model_6', 1))",False,0,True,,migration cooldown active,0.06819628005223885,0.10683079325075578,0.10683079325075578
new,steady10s1,40,1787639579.0091555,30.0,2+2,2+2,"(('model_3', 1), ('model_4', 1), ('model_5', 0), ('model_6', 0))",False,2,True,,migration cooldown active,0.0701401840306299,0.11381416579307357,0.11381416579307357
new,steady10s1,41,1787639584.060439,30.0,2+2,2+2,"(('model_3', 0), ('model_4', 1), ('model_5', 0), ('model_6', 1))",False,2,False,MIGRATE,literal line-8 absolute delta exceeds tau,0.06603408816503824,0.11672513533128837,0.11672513533128837
new,steady10s1,42,1787639589.1208386,30.0,1+3,2+2,"(('model_3', 0), ('model_4', 1), ('model_5', 0), ('model_6', 1))",False,1,True,,migration cooldown active,0.13125480297567324,0.06153871280248579,0.13125480297567324
new,steady10s1,43,1787639594.1919854,30.0,1+3,2+2,"(('model_3', 0), ('model_4', 1), ('model_5', 0), ('model_6', 1))",False,1,True,,migration cooldown active,0.12103242529571516,0.06680940230625441,0.12103242529571516
new,steady10s1,44,1787639599.237385,30.0,1+3,2+2,"(('model_3', 0), ('model_4', 1), ('model_5', 0), ('model_6', 1))",False,1,True,,migration cooldown active,0.12160525536009263,0.06155205036151587,0.12160525536009263
new,steady10s1,45,1787639604.2915401,30.0,1+3,2+2,"(('model_3', 0), ('model_4', 1), ('model_5', 0), ('model_6', 1))",False,1,True,,migration cooldown active,0.11106462689537087,0.058587974007654905,0.11106462689537087
new,steady10s1,46,1787639609.6445863,30.0,1+3,2+2,"(('model_3', 0), ('model_4', 1), ('model_5', 0), ('model_6', 1))",False,1,True,,migration cooldown active,0.11545137383241295,0.04855342224326065,0.11545137383241295
new,steady10s1,47,1787639614.688559,30.0,1+3,2+2,"(('model_3', 0), ('model_4', 1), ('model_5', 0), ('model_6', 1))",False,1,False,MIGRATE,literal line-8 absolute delta exceeds tau,0.11531944860059155,0.04452155660469754,0.11531944860059155
new,steady10s1,48,1787639619.7478626,30.0,2+2,2+2,"(('model_3', 0), ('model_4', 0), ('model_5', 1), ('model_6', 1))",False,2,True,,migration cooldown active,0.09765853484116442,0.055260280137687155,0.09765853484116442
new,steady10s1,49,1787639624.7932482,30.0,2+2,2+2,"(('model_3', 0), ('model_4', 0), ('model_5', 1), ('model_6', 1))",False,2,True,,migration cooldown active,0.10071454467222551,0.053898425245497476,0.10071454467222551
new,steady10s1,50,1787639629.8352473,30.0,2+2,2+2,"(('model_3', 0), ('model_4', 0), ('model_5', 1), ('model_6', 1))",False,2,True,,migration cooldown active,0.10255183971633328,0.0550753323473297,0.10255183971633328
new,steady10s1,51,1787639634.897096,30.0,2+2,2+2,"(('model_3', 0), ('model_4', 0), ('model_5', 1), ('model_6', 1))",False,2,True,,migration cooldown active,0.10296585255598378,0.0531516209850029,0.10296585255598378
new,steady10s1,52,1787639639.949454,30.0,2+2,2+2,"(('model_3', 0), ('model_4', 0), ('model_5', 1), ('model_6', 1))",False,2,True,,migration cooldown active,0.11310678169924021,0.04874074919112181,0.11310678169924021
new,steady10s1,53,1787639645.015782,30.0,2+2,2+2,"(('model_3', 0), ('model_4', 0), ('model_5', 1), ('model_6', 1))",False,2,False,MIGRATE,literal line-8 absolute delta exceeds tau,0.13205325909754964,0.04697009293850369,0.13205325909754964
new,steady10s1,54,1787639651.9922347,30.0,1+3,2+2,"(('model_3', 0), ('model_4', 0), ('model_5', 1), ('model_6', 1))",False,1,True,,migration cooldown active,0.06649211958271331,0.11670591140763352,0.11670591140763352
new,steady10s1,55,1787639657.046626,30.0,1+3,2+2,"(('model_3', 0), ('model_4', 0), ('model_5', 1), ('model_6', 1))",False,1,True,,migration cooldown active,0.06463989045625171,0.1131512189476216,0.1131512189476216
new,steady10s1,56,1787639662.1248379,30.0,1+3,2+2,"(('model_3', 0), ('model_4', 0), ('model_5', 1), ('model_6', 1))",False,1,True,,migration cooldown active,0.06118474132604791,0.12378587134667048,0.12378587134667048
new,steady10s1,57,1787639667.1912346,30.0,1+3,2+2,"(('model_3', 0), ('model_4', 0), ('model_5', 1), ('model_6', 1))",False,1,True,,migration cooldown active,0.06114038571525734,0.12462543986568707,0.12462543986568707
new,steady10s1,58,1787639672.251217,30.0,1+3,2+2,"(('model_3', 0), ('model_4', 0), ('model_5', 1), ('model_6', 1))",False,1,True,,migration cooldown active,0.05451304566161722,0.13537232372810099,0.13537232372810099
new,steady10s1,59,1787639677.303264,30.0,1+3,2+2,"(('model_3', 0), ('model_4', 0), ('model_5', 1), ('model_6', 1))",False,1,False,MIGRATE,literal line-8 absolute delta exceeds tau,0.05017537282706301,0.13009766527035432,0.13009766527035432
new,steady10s1,60,1787639682.3546205,30.0,2+2,2+2,"(('model_3', 0), ('model_4', 0), ('model_5', 1), ('model_6', 1))",False,0,True,,migration cooldown active,0.06562284361626049,0.11151373571565416,0.11151373571565416
new,steady10s1,61,1787639687.4400146,30.0,2+2,2+2,"(('model_3', 0), ('model_4', 0), ('model_5', 1), ('model_6', 1))",False,0,True,,migration cooldown active,0.06997983428904066,0.11051342848250388,0.11051342848250388
new,steady10s1,62,1787639692.496345,30.0,2+2,2+2,"(('model_3', 0), ('model_4', 0), ('model_5', 1), ('model_6', 1))",False,0,True,,migration cooldown active,0.0781386017833154,0.11293531430293767,0.11293531430293767
new,steady10s1,63,1787639697.583393,30.0,2+2,2+2,"(('model_3', 0), ('model_4', 0), ('model_5', 1), ('model_6', 1))",False,0,True,,migration cooldown active,0.08503747491920899,0.11104054103375209,0.11104054103375209
new,steady10s1,64,1787639702.641428,30.0,2+2,2+2,"(('model_3', 0), ('model_4', 0), ('model_5', 1), ('model_6', 1))",False,0,True,,migration cooldown active,0.08436304070236866,0.10915641731408973,0.10915641731408973
new,steady10s1,65,1787639707.755255,30.0,2+2,2+2,"(('model_3', 0), ('model_4', 0), ('model_5', 1), ('model_6', 1))",False,0,False,,line-8 placement unchanged or every candidate blocked,0.08158581466583686,0.1101590666452678,0.1101590666452678
new,steady10s1,66,1787639712.8106213,30.0,2+2,2+2,"(('model_3', 0), ('model_4', 0), ('model_5', 1), ('model_6', 1))",False,0,False,,line-8 placement unchanged or every candidate blocked,0.07318669496278893,0.1087607128529233,0.1087607128529233
new,steady10s1,67,1787639717.868926,30.0,2+2,2+2,"(('model_3', 0), ('model_4', 0), ('model_5', 1), ('model_6', 1))",False,0,False,,line-8 placement unchanged or every candidate blocked,0.07168508222653318,0.10614991215242654,0.10614991215242654
new,steady10s1,68,1787639722.9286203,30.0,2+2,2+2,"(('model_3', 0), ('model_4', 0), ('model_5', 1), ('model_6', 1))",False,0,False,,line-8 placement unchanged or every candidate blocked,0.07069001445544347,0.11019642066590023,0.11019642066590023
new,steady10s1,69,1787639728.007833,30.0,2+2,2+2,"(('model_3', 0), ('model_4', 0), ('model_5', 1), ('model_6', 1))",False,0,False,,line-8 placement unchanged or every candidate blocked,0.07007063636988346,0.11318369648353585,0.11318369648353585
new,steady10s1,70,1787639733.0689523,30.0,2+2,2+2,"(('model_3', 0), ('model_4', 0), ('model_5', 1), ('model_6', 1))",False,0,False,,line-8 placement unchanged or every candidate blocked,0.07570341118757896,0.11166832772203814,0.11166832772203814
new,steady10s1,71,1787639738.1614897,30.0,2+2,2+2,"(('model_3', 0), ('model_4', 0), ('model_5', 1), ('model_6', 1))",False,0,False,,line-8 placement unchanged or every candidate blocked,0.08100255963340003,0.11393031976051818,0.11393031976051818
new,steady10s1,72,1787639743.2534454,30.0,2+2,2+2,"(('model_3', 0), ('model_4', 0), ('model_5', 1), ('model_6', 1))",False,0,False,,line-8 placement unchanged or every candidate blocked,0.08190288880741146,0.11747441101281998,0.11747441101281998
new,steady10s1,73,1787639748.3201869,30.0,2+2,2+2,"(('model_3', 0), ('model_4', 0), ('model_5', 1), ('model_6', 1))",False,0,False,,line-8 placement unchanged or every candidate blocked,0.07941245242448579,0.12219752746969363,0.12219752746969363
new,steady10s1,74,1787639753.3850305,30.0,2+2,2+2,"(('model_3', 0), ('model_4', 0), ('model_5', 1), ('model_6', 1))",False,0,False,,line-8 placement unchanged or every candidate blocked,0.08328459919127099,0.12473715002736625,0.12473715002736625
new,steady10s1,75,1787639758.4510577,30.0,2+2,2+2,"(('model_3', 0), ('model_4', 0), ('model_5', 1), ('model_6', 1))",False,0,False,,line-8 placement unchanged or every candidate blocked,0.07720361341498384,0.1197776833733776,0.1197776833733776
new,steady10s1,76,1787639763.516133,30.0,2+2,2+2,"(('model_3', 0), ('model_4', 0), ('model_5', 1), ('model_6', 1))",False,0,False,,line-8 placement unchanged or every candidate blocked,0.07426663091191574,0.11948102171165967,0.11948102171165967
new,steady10s1,77,1787639768.6200058,30.0,2+2,2+2,"(('model_3', 0), ('model_4', 0), ('model_5', 1), ('model_6', 1))",False,0,False,,line-8 placement unchanged or every candidate blocked,0.06809846254746159,0.11178486731523028,0.11178486731523028
new,steady10s1,78,1787639773.6856368,30.0,2+2,2+2,"(('model_3', 0), ('model_4', 0), ('model_5', 1), ('model_6', 1))",False,0,False,,line-8 placement unchanged or every candidate blocked,0.06882030586796015,0.10964769251430152,0.10964769251430152
new,steady10s1,79,1787639778.7619088,30.0,2+2,2+2,"(('model_3', 0), ('model_4', 0), ('model_5', 1), ('model_6', 1))",False,0,False,,line-8 placement unchanged or every candidate blocked,0.07436121695950851,0.10706668496612334,0.10706668496612334
new,steady10s1,80,1787639783.8287513,30.0,2+2,2+2,"(('model_3', 0), ('model_4', 0), ('model_5', 1), ('model_6', 1))",False,0,False,,line-8 placement unchanged or every candidate blocked,0.07287985196933257,0.10790645519070283,0.10790645519070283
new,steady10s1,81,1787639788.911851,30.0,2+2,2+2,"(('model_3', 0), ('model_4', 0), ('model_5', 1), ('model_6', 1))",False,0,False,,line-8 placement unchanged or every candidate blocked,0.07389332273415279,0.11147234054950816,0.11147234054950816
new,steady10s1,82,1787639793.9825711,30.0,2+2,2+2,"(('model_3', 0), ('model_4', 0), ('model_5', 1), ('model_6', 1))",False,0,False,,line-8 placement unchanged or every candidate blocked,0.07084722808305371,0.10837300636563693,0.10837300636563693
new,steady10s1,83,1787639799.0609822,30.0,2+2,2+2,"(('model_3', 0), ('model_4', 0), ('model_5', 1), ('model_6', 1))",False,0,False,,line-8 placement unchanged or every candidate blocked,0.06280259549217185,0.09617588002230373,0.09617588002230373
new,steady10s1,84,1787639804.1333475,30.0,2+2,2+2,"(('model_3', 0), ('model_4', 0), ('model_5', 1), ('model_6', 1))",False,0,False,,line-8 placement unchanged or every candidate blocked,0.05358226014433451,0.07951104836887359,0.07951104836887359
new,steady10s2,1,1787639972.5502396,30.0,2+2,2+2,"(('model_3', 1), ('model_4', 0), ('model_5', 0), ('model_6', 1))",False,0,False,,line-8 placement unchanged or every candidate blocked,1.6425233431087275e-05,0.00015386205165794615,0.00015386205165794615
new,steady10s2,2,1787639977.5570076,30.0,2+2,1+3,"(('model_3', 1), ('model_4', 1), ('model_5', 0), ('model_6', 1))",False,1,False,MIGRATE,literal line-8 absolute delta exceeds tau,0.01068744760778224,0.007753507913765262,0.01068744760778224
new,steady10s2,3,1787639982.5609255,30.0,1+3,1+3,"(('model_3', 1), ('model_4', 1), ('model_5', 0), ('model_6', 1))",False,0,True,,migration cooldown active,0.02245325780633991,0.015992178568356198,0.02245325780633991
new,steady10s2,4,1787639987.5981822,30.0,1+3,1+3,"(('model_3', 1), ('model_4', 1), ('model_5', 0), ('model_6', 1))",False,0,True,,migration cooldown active,0.04030110075109073,0.02607851675759269,0.04030110075109073
new,steady10s2,5,1787639992.6070614,30.0,1+3,1+3,"(('model_3', 1), ('model_4', 1), ('model_5', 0), ('model_6', 1))",False,0,True,,migration cooldown active,0.057312196866411,0.037486380007190144,0.057312196866411
new,steady10s2,6,1787639997.617228,30.0,1+3,1+3,"(('model_3', 1), ('model_4', 1), ('model_5', 0), ('model_6', 1))",False,0,True,,migration cooldown active,0.06718448653380305,0.05310497554820955,0.06718448653380305
new,steady10s2,7,1787640002.6231925,30.0,1+3,1+3,"(('model_3', 1), ('model_4', 1), ('model_5', 0), ('model_6', 1))",False,0,True,,migration cooldown active,0.08348947415867503,0.06982005531796977,0.08348947415867503
new,steady10s2,8,1787640007.6398392,30.0,1+3,1+3,"(('model_3', 1), ('model_4', 1), ('model_5', 0), ('model_6', 1))",False,0,False,,line-8 placement unchanged or every candidate blocked,0.086016251145572,0.07539932719205915,0.086016251145572
new,steady10s2,9,1787640012.6522453,30.0,1+3,1+3,"(('model_3', 1), ('model_4', 1), ('model_5', 0), ('model_6', 1))",False,0,False,,line-8 placement unchanged or every candidate blocked,0.09389754638088031,0.08886393385921595,0.09389754638088031
new,steady10s2,10,1787640017.6651974,30.0,1+3,1+3,"(('model_3', 1), ('model_4', 1), ('model_5', 0), ('model_6', 1))",False,0,False,,line-8 placement unchanged or every candidate blocked,0.08634532746781841,0.09108310508103977,0.09108310508103977
new,steady10s2,11,1787640022.6924572,30.0,1+3,1+3,"(('model_3', 1), ('model_4', 1), ('model_5', 0), ('model_6', 1))",False,0,False,,line-8 placement unchanged or every candidate blocked,0.08795928973170025,0.10334724127304112,0.10334724127304112
new,steady10s2,12,1787640027.7061744,30.0,1+3,1+3,"(('model_3', 1), ('model_4', 1), ('model_5', 0), ('model_6', 1))",False,0,False,,line-8 placement unchanged or every candidate blocked,0.09211821913094499,0.11159697667882583,0.11159697667882583
new,steady10s2,13,1787640032.7640445,30.0,1+3,2+2,"(('model_3', 1), ('model_4', 0), ('model_5', 0), ('model_6', 1))",False,1,False,MIGRATE,literal line-8 absolute delta exceeds tau,0.0870745870563142,0.11170788702605113,0.11170788702605113
new,steady10s2,14,1787640038.0912898,30.0,2+2,2+2,"(('model_3', 1), ('model_4', 0), ('model_5', 0), ('model_6', 1))",False,0,True,,migration cooldown active,0.10000914444005134,0.09493107358470233,0.10000914444005134
new,steady10s2,15,1787640043.316422,30.0,2+2,2+2,"(('model_3', 1), ('model_4', 0), ('model_5', 0), ('model_6', 1))",False,0,True,,migration cooldown active,0.08438740939407614,0.09819589349087006,0.09819589349087006
new,steady10s2,16,1787640048.3434591,30.0,2+2,2+2,"(('model_3', 1), ('model_4', 0), ('model_5', 0), ('model_6', 1))",False,0,True,,migration cooldown active,0.08141357349468724,0.10667039296833833,0.10667039296833833
new,steady10s2,17,1787640053.3744764,30.0,2+2,2+2,"(('model_3', 1), ('model_4', 0), ('model_5', 0), ('model_6', 1))",False,0,True,,migration cooldown active,0.07678657339959388,0.10660596106879666,0.10660596106879666
new,steady10s2,18,1787640058.3921213,30.0,2+2,2+2,"(('model_3', 1), ('model_4', 0), ('model_5', 0), ('model_6', 1))",False,0,True,,migration cooldown active,0.08088902979919356,0.10844735554050405,0.10844735554050405
new,steady10s2,19,1787640063.4114335,30.0,2+2,2+2,"(('model_3', 1), ('model_4', 0), ('model_5', 0), ('model_6', 1))",False,0,False,,line-8 placement unchanged or every candidate blocked,0.08583454600483674,0.10447535194666127,0.10447535194666127
new,steady10s2,20,1787640068.427713,30.0,2+2,2+2,"(('model_3', 1), ('model_4', 0), ('model_5', 0), ('model_6', 1))",False,0,False,,line-8 placement unchanged or every candidate blocked,0.0877496285494845,0.11473986150624077,0.11473986150624077
new,steady10s2,21,1787640073.4475024,30.0,2+2,2+2,"(('model_3', 1), ('model_4', 0), ('model_5', 0), ('model_6', 1))",False,0,False,,line-8 placement unchanged or every candidate blocked,0.09524971157218376,0.1145697519895935,0.1145697519895935
new,steady10s2,22,1787640078.4693627,30.0,2+2,2+2,"(('model_3', 1), ('model_4', 0), ('model_5', 0), ('model_6', 1))",False,0,False,,line-8 placement unchanged or every candidate blocked,0.09890711226925288,0.11766817717484634,0.11766817717484634
new,steady10s2,23,1787640083.5104394,30.0,2+2,2+2,"(('model_3', 1), ('model_4', 0), ('model_5', 0), ('model_6', 1))",False,0,False,,line-8 placement unchanged or every candidate blocked,0.09304021116227619,0.11081024391461826,0.11081024391461826
new,steady10s2,24,1787640088.5601275,30.0,2+2,2+2,"(('model_3', 1), ('model_4', 0), ('model_5', 0), ('model_6', 1))",False,0,False,,line-8 placement unchanged or every candidate blocked,0.09337467341380153,0.11189658111049196,0.11189658111049196
new,steady10s2,25,1787640093.5833352,30.0,2+2,2+2,"(('model_3', 1), ('model_4', 0), ('model_5', 0), ('model_6', 1))",False,0,False,,line-8 placement unchanged or every candidate blocked,0.09193998260992071,0.11540010017245662,0.11540010017245662
new,steady10s2,26,1787640098.6076255,30.0,2+2,2+2,"(('model_3', 1), ('model_4', 0), ('model_5', 0), ('model_6', 1))",False,0,False,,line-8 placement unchanged or every candidate blocked,0.09300338382834096,0.10278312037677168,0.10278312037677168
new,steady10s2,27,1787640103.6316721,30.0,2+2,2+2,"(('model_3', 1), ('model_4', 0), ('model_5', 0), ('model_6', 1))",False,0,False,,line-8 placement unchanged or every candidate blocked,0.08473057432792837,0.10537771605060717,0.10537771605060717
new,steady10s2,28,1787640108.65823,30.0,2+2,2+2,"(('model_3', 1), ('model_4', 0), ('model_5', 0), ('model_6', 1))",False,0,False,,line-8 placement unchanged or every candidate blocked,0.08363805676414346,0.10465631292344571,0.10465631292344571
new,steady10s2,29,1787640113.6905231,30.0,2+2,2+2,"(('model_3', 1), ('model_4', 0), ('model_5', 0), ('model_6', 1))",False,0,False,,line-8 placement unchanged or every candidate blocked,0.0826066676288391,0.10473270867407675,0.10473270867407675
new,steady10s2,30,1787640118.7353206,30.0,2+2,2+2,"(('model_3', 1), ('model_4', 0), ('model_5', 0), ('model_6', 1))",False,0,False,,line-8 placement unchanged or every candidate blocked,0.08268395598143481,0.09681405692733219,0.09681405692733219
new,steady10s2,31,1787640123.759348,30.0,2+2,2+2,"(('model_3', 1), ('model_4', 0), ('model_5', 0), ('model_6', 1))",False,0,False,,line-8 placement unchanged or every candidate blocked,0.0847490832846609,0.09792013610391666,0.09792013610391666
new,steady10s2,32,1787640128.8072553,30.0,2+2,2+2,"(('model_3', 1), ('model_4', 0), ('model_5', 0), ('model_6', 1))",False,0,False,,line-8 placement unchanged or every candidate blocked,0.08630883587818622,0.09879368860504331,0.09879368860504331
new,steady10s2,33,1787640133.8456912,30.0,2+2,2+2,"(('model_3', 1), ('model_4', 0), ('model_5', 0), ('model_6', 1))",False,0,False,,line-8 placement unchanged or every candidate blocked,0.09651141390668362,0.09235562485648952,0.09651141390668362
new,steady10s2,34,1787640138.8905692,30.0,2+2,2+2,"(('model_3', 1), ('model_4', 0), ('model_5', 0), ('model_6', 1))",False,0,False,,line-8 placement unchanged or every candidate blocked,0.10172515635484983,0.09874302265281754,0.10172515635484983
new,steady10s2,35,1787640143.926404,30.0,2+2,2+2,"(('model_3', 1), ('model_4', 0), ('model_5', 0), ('model_6', 1))",False,0,False,,line-8 placement unchanged or every candidate blocked,0.1017541310425012,0.10593154264109826,0.10593154264109826
new,steady10s2,36,1787640148.9623787,30.0,2+2,2+2,"(('model_3', 1), ('model_4', 0), ('model_5', 0), ('model_6', 1))",False,0,False,,line-8 placement unchanged or every candidate blocked,0.10638688783573308,0.10873773929584025,0.10873773929584025
new,steady10s2,37,1787640154.036937,30.0,2+2,2+2,"(('model_3', 1), ('model_4', 0), ('model_5', 0), ('model_6', 1))",False,0,False,,line-8 placement unchanged or every candidate blocked,0.10281516198918442,0.11099109728906771,0.11099109728906771
new,steady10s2,38,1787640159.0743797,30.0,2+2,2+2,"(('model_3', 1), ('model_4', 0), ('model_5', 0), ('model_6', 1))",False,0,False,,line-8 placement unchanged or every candidate blocked,0.10149057330778893,0.1133103879652611,0.1133103879652611
new,steady10s2,39,1787640164.11,30.0,2+2,2+2,"(('model_3', 1), ('model_4', 0), ('model_5', 0), ('model_6', 1))",False,0,False,,line-8 placement unchanged or every candidate blocked,0.10009319536265569,0.11628237764186104,0.11628237764186104
new,steady10s2,40,1787640169.1453707,30.0,2+2,2+2,"(('model_3', 1), ('model_4', 0), ('model_5', 0), ('model_6', 1))",False,0,False,,line-8 placement unchanged or every candidate blocked,0.10343829380467794,0.10700324874587135,0.10700324874587135
new,steady10s2,41,1787640174.196684,30.0,2+2,2+2,"(('model_3', 1), ('model_4', 0), ('model_5', 0), ('model_6', 1))",False,0,False,,line-8 placement unchanged or every candidate blocked,0.10339743677531345,0.10147308607510865,0.10339743677531345
new,steady10s2,42,1787640179.2371166,30.0,2+2,2+2,"(('model_3', 1), ('model_4', 0), ('model_5', 0), ('model_6', 1))",False,0,False,,line-8 placement unchanged or every candidate blocked,0.10081147218173325,0.09814424649493797,0.10081147218173325
new,steady10s2,43,1787640184.2773342,30.0,2+2,2+2,"(('model_3', 1), ('model_4', 0), ('model_5', 0), ('model_6', 1))",False,0,False,,line-8 placement unchanged or every candidate blocked,0.09884187238821224,0.09288479625960877,0.09884187238821224
new,steady10s2,44,1787640189.3692682,30.0,2+2,2+2,"(('model_3', 1), ('model_4', 0), ('model_5', 0), ('model_6', 1))",False,0,False,,line-8 placement unchanged or every candidate blocked,0.09744075258704483,0.09167871012587375,0.09744075258704483
new,steady10s2,45,1787640194.4146674,30.0,2+2,2+2,"(('model_3', 1), ('model_4', 0), ('model_5', 0), ('model_6', 1))",False,0,False,,line-8 placement unchanged or every candidate blocked,0.08922738956134142,0.09569045397612821,0.09569045397612821
new,steady10s2,46,1787640199.458242,30.0,2+2,2+2,"(('model_3', 1), ('model_4', 0), ('model_5', 0), ('model_6', 1))",False,0,False,,line-8 placement unchanged or every candidate blocked,0.0901510565337039,0.10472123499221742,0.10472123499221742
new,steady10s2,47,1787640204.500686,30.0,2+2,2+2,"(('model_3', 1), ('model_4', 0), ('model_5', 0), ('model_6', 1))",False,0,False,,line-8 placement unchanged or every candidate blocked,0.09608072741942028,0.10482684618546402,0.10482684618546402
new,steady10s2,48,1787640209.543699,30.0,2+2,2+2,"(('model_3', 1), ('model_4', 0), ('model_5', 0), ('model_6', 1))",False,0,False,,line-8 placement unchanged or every candidate blocked,0.09368724354886292,0.11188637451412857,0.11188637451412857
new,steady10s2,49,1787640214.595872,30.0,2+2,2+2,"(('model_3', 1), ('model_4', 0), ('model_5', 0), ('model_6', 1))",False,0,False,,line-8 placement unchanged or every candidate blocked,0.0965848825414336,0.11356770995869196,0.11356770995869196
new,steady10s2,50,1787640219.642752,30.0,2+2,2+2,"(('model_3', 1), ('model_4', 0), ('model_5', 0), ('model_6', 1))",False,0,False,,line-8 placement unchanged or every candidate blocked,0.10219432833122194,0.11495798738996905,0.11495798738996905
new,steady10s2,51,1787640224.7006445,30.0,2+2,2+2,"(('model_3', 1), ('model_4', 0), ('model_5', 0), ('model_6', 1))",False,0,False,,line-8 placement unchanged or every candidate blocked,0.1105488538436333,0.10769142672138411,0.1105488538436333
new,steady10s2,52,1787640229.7505333,30.0,2+2,2+2,"(('model_3', 1), ('model_4', 0), ('model_5', 0), ('model_6', 1))",False,0,False,,line-8 placement unchanged or every candidate blocked,0.09960274873087765,0.1042057749850105,0.1042057749850105
new,steady10s2,53,1787640234.7985704,30.0,2+2,2+2,"(('model_3', 1), ('model_4', 0), ('model_5', 0), ('model_6', 1))",False,0,False,,line-8 placement unchanged or every candidate blocked,0.10705502161955557,0.10719824732413033,0.10719824732413033
new,steady10s2,54,1787640239.866538,30.0,2+2,2+2,"(('model_3', 1), ('model_4', 0), ('model_5', 0), ('model_6', 1))",False,0,False,,line-8 placement unchanged or every candidate blocked,0.11666302912082484,0.10964238538141521,0.11666302912082484
new,steady10s2,55,1787640244.9353933,30.0,2+2,2+2,"(('model_3', 1), ('model_4', 0), ('model_5', 0), ('model_6', 1))",False,0,False,,line-8 placement unchanged or every candidate blocked,0.11568454419548052,0.11283571784458363,0.11568454419548052
new,steady10s2,56,1787640249.9831338,30.0,2+2,2+2,"(('model_3', 1), ('model_4', 0), ('model_5', 0), ('model_6', 1))",False,0,False,,line-8 placement unchanged or every candidate blocked,0.1162567499237051,0.11282691175535868,0.1162567499237051
new,steady10s2,57,1787640255.0460746,30.0,2+2,2+2,"(('model_3', 1), ('model_4', 0), ('model_5', 0), ('model_6', 1))",False,0,False,,line-8 placement unchanged or every candidate blocked,0.11448095860098288,0.1154305369325199,0.1154305369325199
new,steady10s2,58,1787640260.1026511,30.0,2+2,2+2,"(('model_3', 1), ('model_4', 0), ('model_5', 0), ('model_6', 1))",False,0,False,,line-8 placement unchanged or every candidate blocked,0.10490941397852016,0.11950520682355086,0.11950520682355086
new,steady10s2,59,1787640265.156013,30.0,2+2,2+2,"(('model_3', 1), ('model_4', 0), ('model_5', 0), ('model_6', 1))",False,0,False,,line-8 placement unchanged or every candidate blocked,0.10471321396320352,0.09846838286530289,0.10471321396320352
new,steady10s2,60,1787640270.2094254,30.0,2+2,2+2,"(('model_3', 1), ('model_4', 0), ('model_5', 0), ('model_6', 1))",False,0,False,,line-8 placement unchanged or every candidate blocked,0.09974493887868179,0.10392496364370435,0.10392496364370435
new,steady10s2,61,1787640275.261722,30.0,2+2,2+2,"(('model_3', 1), ('model_4', 0), ('model_5', 0), ('model_6', 1))",False,0,False,,line-8 placement unchanged or every candidate blocked,0.10093085322666251,0.10458428420335986,0.10458428420335986
new,steady10s2,62,1787640280.3184676,30.0,2+2,2+2,"(('model_3', 1), ('model_4', 0), ('model_5', 0), ('model_6', 1))",False,0,False,,line-8 placement unchanged or every candidate blocked,0.09211120927678772,0.10649319643966043,0.10649319643966043
new,steady10s2,63,1787640285.3746233,30.0,2+2,2+2,"(('model_3', 1), ('model_4', 0), ('model_5', 0), ('model_6', 1))",False,0,False,,line-8 placement unchanged or every candidate blocked,0.1082513501386177,0.10492203725446095,0.1082513501386177
new,steady10s2,64,1787640290.749755,30.0,2+2,1+3,"(('model_3', 1), ('model_4', 1), ('model_5', 0), ('model_6', 1))",False,1,False,MIGRATE,literal line-8 absolute delta exceeds tau,0.1183758098051793,0.09375065872548724,0.1183758098051793
new,steady10s2,65,1787640295.8053029,30.0,1+3,2+2,"(('model_3', 1), ('model_4', 0), ('model_5', 0), ('model_6', 1))",False,1,True,,migration cooldown active,0.09678316538751332,0.1209442814455285,0.1209442814455285
new,steady10s2,66,1787640300.8604882,30.0,1+3,2+2,"(('model_3', 1), ('model_4', 0), ('model_5', 0), ('model_6', 1))",False,1,True,,migration cooldown active,0.09975477418689414,0.12331847363033516,0.12331847363033516
new,steady10s2,67,1787640305.9282656,30.0,1+3,2+2,"(('model_3', 1), ('model_4', 0), ('model_5', 0), ('model_6', 1))",False,1,True,,migration cooldown active,0.09602744740124898,0.12576073523380435,0.12576073523380435
new,steady10s2,68,1787640310.9956858,30.0,1+3,2+2,"(('model_3', 1), ('model_4', 0), ('model_5', 0), ('model_6', 1))",False,1,True,,migration cooldown active,0.09620438793632617,0.1231920330483783,0.1231920330483783
new,steady10s2,69,1787640316.0557,30.0,1+3,2+2,"(('model_3', 1), ('model_4', 0), ('model_5', 0), ('model_6', 1))",False,1,True,,migration cooldown active,0.09541063600326956,0.12632187101411418,0.12632187101411418
new,steady10s2,70,1787640321.1165743,30.0,1+3,2+2,"(('model_3', 1), ('model_4', 0), ('model_5', 0), ('model_6', 1))",False,1,False,MIGRATE,literal line-8 absolute delta exceeds tau,0.0968245066340267,0.1255712690327714,0.1255712690327714
new,steady10s2,71,1787640326.1766748,30.0,2+2,2+2,"(('model_3', 1), ('model_4', 0), ('model_5', 0), ('model_6', 1))",False,0,True,,migration cooldown active,0.1132927171330352,0.09980176492875768,0.1132927171330352
new,steady10s2,72,1787640331.2559543,30.0,2+2,2+2,"(('model_3', 1), ('model_4', 0), ('model_5', 0), ('model_6', 1))",False,0,True,,migration cooldown active,0.11710901334985915,0.11031443505727193,0.11710901334985915
new,steady10s2,73,1787640336.3815854,30.0,2+2,2+2,"(('model_3', 1), ('model_4', 0), ('model_5', 0), ('model_6', 1))",False,0,True,,migration cooldown active,0.11900364804909332,0.10388276521691717,0.11900364804909332
new,steady10s2,74,1787640341.4479876,30.0,2+2,2+2,"(('model_3', 1), ('model_4', 0), ('model_5', 0), ('model_6', 1))",False,0,True,,migration cooldown active,0.10735453806228178,0.10458852407861842,0.10735453806228178
new,steady10s2,75,1787640346.5571337,30.0,2+2,2+2,"(('model_3', 1), ('model_4', 0), ('model_5', 0), ('model_6', 1))",False,0,True,,migration cooldown active,0.10711915457452507,0.1000670197463537,0.10711915457452507
new,steady10s2,76,1787640352.0086823,30.0,2+2,2+2,"(('model_3', 1), ('model_4', 0), ('model_5', 0), ('model_6', 1))",False,0,False,,line-8 placement unchanged or every candidate blocked,0.09483093764636781,0.10978436554132284,0.10978436554132284
new,steady10s2,77,1787640357.0749798,30.0,2+2,2+2,"(('model_3', 1), ('model_4', 0), ('model_5', 0), ('model_6', 1))",False,0,False,,line-8 placement unchanged or every candidate blocked,0.08914973674239658,0.10920155398389879,0.10920155398389879
new,steady10s2,78,1787640362.1974492,30.0,2+2,2+2,"(('model_3', 1), ('model_4', 0), ('model_5', 0), ('model_6', 1))",False,0,False,,line-8 placement unchanged or every candidate blocked,0.09201541967955532,0.10942256699003627,0.10942256699003627
new,steady10s2,79,1787640367.2665348,30.0,2+2,2+2,"(('model_3', 1), ('model_4', 0), ('model_5', 0), ('model_6', 1))",False,0,False,,line-8 placement unchanged or every candidate blocked,0.09555750182877762,0.11369071375562377,0.11369071375562377
new,steady10s2,80,1787640372.3375092,30.0,2+2,2+2,"(('model_3', 1), ('model_4', 0), ('model_5', 0), ('model_6', 1))",False,0,False,,line-8 placement unchanged or every candidate blocked,0.09459762056055292,0.12184954809618016,0.12184954809618016
new,steady10s2,81,1787640377.408634,30.0,2+2,2+2,"(('model_3', 1), ('model_4', 0), ('model_5', 0), ('model_6', 1))",False,0,False,,line-8 placement unchanged or every candidate blocked,0.09546541416881829,0.11968580266700536,0.11968580266700536
new,steady10s2,82,1787640382.4801116,30.0,2+2,2+2,"(('model_3', 1), ('model_4', 0), ('model_5', 0), ('model_6', 1))",False,0,False,,line-8 placement unchanged or every candidate blocked,0.10199447536777102,0.10742342164474458,0.10742342164474458
new,steady10s2,83,1787640387.5635688,30.0,2+2,2+2,"(('model_3', 1), ('model_4', 0), ('model_5', 0), ('model_6', 1))",False,0,False,,line-8 placement unchanged or every candidate blocked,0.09631689394797047,0.10650087901571383,0.10650087901571383
new,steady10s2,84,1787640392.6426885,30.0,2+2,2+2,"(('model_3', 1), ('model_4', 0), ('model_5', 0), ('model_6', 1))",False,0,False,,line-8 placement unchanged or every candidate blocked,0.09833121688470112,0.09994682155327099,0.09994682155327099
new,steady10s2,85,1787640397.7335174,30.0,2+2,2+2,"(('model_3', 1), ('model_4', 0), ('model_5', 0), ('model_6', 1))",False,0,False,,line-8 placement unchanged or every candidate blocked,0.0837050803266873,0.0857473011336938,0.0857473011336938
new,steady10s2,86,1787640403.1872356,30.0,2+2,2+2,"(('model_3', 1), ('model_4', 0), ('model_5', 0), ('model_6', 1))",False,0,False,,line-8 placement unchanged or every candidate blocked,0.06311673407652872,0.06603773398391591,0.06603773398391591
