workload,rate,seed,cycle,timestamp,tau,peak_kvpr,kvpr_gpu0,kvpr_gpu1,current_shape,plan_shape,current_placement,placement_plan,convergence_gap,misplaced,cooldown_active,migration_decision,migration_reason,n_wants_moved,n_blocked,blocked_reasons,cand_model,cand_from,cand_to,peak_kvpr_after,n_line8,n_best_differs,n_tau_suppressed,max_abs_delta,line8
steady,8,1,1,1787607886.452763,0.00035,0.00149757812289336,0.000417954635885353,0.00149757812289336,2+2,1+3,"{""model_3"": 1, ""model_4"": 0, ""model_5"": 0, ""model_6"": 1}","{""model_3"": 1, ""model_4"": 0, ""model_5"": 0, ""model_6"": 0}",1,model_6,False,MIGRATE,literal line-8 absolute delta exceeds tau,1,0,,model_6,1,0,0.0010595923595383239,4,2,1,0.0006796487783906752,"[{""model"": ""model_3"", ""current_gpu"": 1, ""best_gpu"": 0, ""current_r"": 0.0, ""best_r"": 0.0, ""absolute_delta"": 0.0, ""tau"": 0.00035, ""chosen_gpu"": 1}, {""model"": ""model_5"", ""current_gpu"": 0, ""best_gpu"": 0, ""current_r"": 0.0, ""best_r"": 0.0, ""absolute_delta"": 0.0, ""tau"": 0.00035, ""chosen_gpu"": 0}, {""model"": ""model_6"", ""current_gpu"": 1, ""best_gpu"": 0, ""current_r"": 0.0010595923595383239, ""best_r"": 0.00037994358114764866, ""absolute_delta"": 0.0006796487783906752, ""tau"": 0.00035, ""chosen_gpu"": 0}, {""model"": ""model_4"", ""current_gpu"": 0, ""best_gpu"": 0, ""current_r"": 0.0007030561919822278, ""best_r"": 0.0007030561919822278, ""absolute_delta"": 0.0, ""tau"": 0.00035, ""chosen_gpu"": 0}]"
steady,8,1,2,1787607891.6619616,0.00035,0.016711471065455532,0.016711471065455532,0.005796734219332193,1+3,2+2,"{""model_3"": 1, ""model_4"": 0, ""model_5"": 0, ""model_6"": 0}","{""model_3"": 1, ""model_4"": 1, ""model_5"": 0, ""model_6"": 0}",1,model_4,True,,migration cooldown active,1,0,,,,,,4,2,1,0.007310679693779569,"[{""model"": ""model_3"", ""current_gpu"": 1, ""best_gpu"": 0, ""current_r"": 0.0, ""best_r"": 0.0, ""absolute_delta"": 0.0, ""tau"": 0.00035, ""chosen_gpu"": 1}, {""model"": ""model_6"", ""current_gpu"": 0, ""best_gpu"": 0, ""current_r"": 0.0, ""best_r"": 0.0, ""absolute_delta"": 0.0, ""tau"": 0.00035, ""chosen_gpu"": 0}, {""model"": ""model_5"", ""current_gpu"": 0, ""best_gpu"": 0, ""current_r"": 0.005261706893333814, ""best_r"": 0.005261706893333814, ""absolute_delta"": 0.0, ""tau"": 0.00035, ""chosen_gpu"": 0}, {""model"": ""model_4"", ""current_gpu"": 0, ""best_gpu"": 1, ""current_r"": 0.013107413913111762, ""best_r"": 0.005796734219332193, ""absolute_delta"": 0.007310679693779569, ""tau"": 0.00035, ""chosen_gpu"": 1}]"
steady,8,1,3,1787607896.6653106,0.00035,0.05581612939701999,0.05581612939701999,0.02646786116634258,1+3,2+2,"{""model_3"": 1, ""model_4"": 0, ""model_5"": 0, ""model_6"": 0}","{""model_3"": 1, ""model_4"": 1, ""model_5"": 0, ""model_6"": 0}",1,model_4,True,,migration cooldown active,1,0,,,,,,4,2,1,0.016727815661928214,"[{""model"": ""model_3"", ""current_gpu"": 1, ""best_gpu"": 0, ""current_r"": 0.0, ""best_r"": 0.0, ""absolute_delta"": 0.0, ""tau"": 0.00035, ""chosen_gpu"": 1}, {""model"": ""model_5"", ""current_gpu"": 0, ""best_gpu"": 0, ""current_r"": 0.0, ""best_r"": 0.0, ""absolute_delta"": 0.0, ""tau"": 0.00035, ""chosen_gpu"": 0}, {""model"": ""model_6"", ""current_gpu"": 0, ""best_gpu"": 0, ""current_r"": 0.02300237676465816, ""best_r"": 0.02300237676465816, ""absolute_delta"": 0.0, ""tau"": 0.00035, ""chosen_gpu"": 0}, {""model"": ""model_4"", ""current_gpu"": 0, ""best_gpu"": 1, ""current_r"": 0.043195676828270795, ""best_r"": 0.02646786116634258, ""absolute_delta"": 0.016727815661928214, ""tau"": 0.00035, ""chosen_gpu"": 1}]"
steady,8,1,4,1787607901.671678,0.00035,0.065543487837252,0.065543487837252,0.01536880788307862,1+3,2+2,"{""model_3"": 1, ""model_4"": 0, ""model_5"": 0, ""model_6"": 0}","{""model_3"": 1, ""model_4"": 0, ""model_5"": 0, ""model_6"": 1}",1,model_6,True,,migration cooldown active,1,0,,,,,,4,1,0,0.011633878047832264,"[{""model"": ""model_5"", ""current_gpu"": 0, ""best_gpu"": 0, ""current_r"": 0.0, ""best_r"": 0.0, ""absolute_delta"": 0.0, ""tau"": 0.00035, ""chosen_gpu"": 0}, {""model"": ""model_3"", ""current_gpu"": 1, ""best_gpu"": 1, ""current_r"": 0.0, ""best_r"": 0.0, ""absolute_delta"": 0.0, ""tau"": 0.00035, ""chosen_gpu"": 1}, {""model"": ""model_6"", ""current_gpu"": 0, ""best_gpu"": 1, ""current_r"": 0.027002685930910885, ""best_r"": 0.01536880788307862, ""absolute_delta"": 0.011633878047832264, ""tau"": 0.00035, ""chosen_gpu"": 1}, {""model"": ""model_4"", ""current_gpu"": 0, ""best_gpu"": 0, ""current_r"": 0.027002685930910885, ""best_r"": 0.027002685930910885, ""absolute_delta"": 0.0, ""tau"": 0.00035, ""chosen_gpu"": 0}]"
steady,8,1,5,1787607906.6784513,0.00035,0.102496282008909,0.102496282008909,0.01917003669310741,1+3,2+2,"{""model_3"": 1, ""model_4"": 0, ""model_5"": 0, ""model_6"": 0}","{""model_3"": 1, ""model_4"": 0, ""model_5"": 0, ""model_6"": 1}",1,model_6,True,,migration cooldown active,1,0,,,,,,4,1,0,0.0385198712439717,"[{""model"": ""model_5"", ""current_gpu"": 0, ""best_gpu"": 0, ""current_r"": 0.0, ""best_r"": 0.0, ""absolute_delta"": 0.0, ""tau"": 0.00035, ""chosen_gpu"": 0}, {""model"": ""model_6"", ""current_gpu"": 0, ""best_gpu"": 1, ""current_r"": 0.0385198712439717, ""best_r"": 0.0, ""absolute_delta"": 0.0385198712439717, ""tau"": 0.00035, ""chosen_gpu"": 1}, {""model"": ""model_3"", ""current_gpu"": 1, ""best_gpu"": 1, ""current_r"": 0.023745392697752058, ""best_r"": 0.023745392697752058, ""absolute_delta"": 0.0, ""tau"": 0.00035, ""chosen_gpu"": 1}, {""model"": ""model_4"", ""current_gpu"": 0, ""best_gpu"": 0, ""current_r"": 0.0385198712439717, ""best_r"": 0.0385198712439717, ""absolute_delta"": 0.0, ""tau"": 0.00035, ""chosen_gpu"": 0}]"
steady,8,1,6,1787607911.7220292,0.00035,0.12209124014769539,0.12209124014769539,0.04365235693635272,1+3,2+2,"{""model_3"": 1, ""model_4"": 0, ""model_5"": 0, ""model_6"": 0}","{""model_3"": 1, ""model_4"": 0, ""model_5"": 0, ""model_6"": 1}",1,model_6,True,,migration cooldown active,1,0,,,,,,4,2,1,0.006140494266071585,"[{""model"": ""model_3"", ""current_gpu"": 1, ""best_gpu"": 0, ""current_r"": 0.0, ""best_r"": 0.0, ""absolute_delta"": 0.0, ""tau"": 0.00035, ""chosen_gpu"": 1}, {""model"": ""model_5"", ""current_gpu"": 0, ""best_gpu"": 0, ""current_r"": 0.0, ""best_r"": 0.0, ""absolute_delta"": 0.0, ""tau"": 0.00035, ""chosen_gpu"": 0}, {""model"": ""model_6"", ""current_gpu"": 0, ""best_gpu"": 1, ""current_r"": 0.049792851202424306, ""best_r"": 0.04365235693635272, ""absolute_delta"": 0.006140494266071585, ""tau"": 0.00035, ""chosen_gpu"": 1}, {""model"": ""model_4"", ""current_gpu"": 0, ""best_gpu"": 0, ""current_r"": 0.049792851202424306, ""best_r"": 0.049792851202424306, ""absolute_delta"": 0.0, ""tau"": 0.00035, ""chosen_gpu"": 0}]"
steady,8,1,7,1787607916.7574716,0.00035,0.13361304344310304,0.13361304344310304,0.045356279347601634,1+3,2+2,"{""model_3"": 1, ""model_4"": 0, ""model_5"": 0, ""model_6"": 0}","{""model_3"": 1, ""model_4"": 0, ""model_5"": 0, ""model_6"": 1}",1,model_6,False,MIGRATE,literal line-8 absolute delta exceeds tau,1,0,,model_6,0,1,0.09105613687702119,4,2,1,0.005855186264784817,"[{""model"": ""model_3"", ""current_gpu"": 1, ""best_gpu"": 0, ""current_r"": 0.0, ""best_r"": 0.0, ""absolute_delta"": 0.0, ""tau"": 0.00035, ""chosen_gpu"": 1}, {""model"": ""model_5"", ""current_gpu"": 0, ""best_gpu"": 0, ""current_r"": 0.0, ""best_r"": 0.0, ""absolute_delta"": 0.0, ""tau"": 0.00035, ""chosen_gpu"": 0}, {""model"": ""model_6"", ""current_gpu"": 0, ""best_gpu"": 1, ""current_r"": 0.05121146561238645, ""best_r"": 0.045356279347601634, ""absolute_delta"": 0.005855186264784817, ""tau"": 0.00035, ""chosen_gpu"": 1}, {""model"": ""model_4"", ""current_gpu"": 0, ""best_gpu"": 0, ""current_r"": 0.05121146561238645, ""best_r"": 0.05121146561238645, ""absolute_delta"": 0.0, ""tau"": 0.00035, ""chosen_gpu"": 0}]"
steady,8,1,8,1787607923.2666855,0.00035,0.09326589374820603,0.05687529324651243,0.09326589374820603,2+2,2+2,"{""model_3"": 1, ""model_4"": 0, ""model_5"": 0, ""model_6"": 1}","{""model_3"": 1, ""model_4"": 1, ""model_5"": 0, ""model_6"": 0}",2,"model_6,model_4",True,,migration cooldown active,2,0,,,,,,4,3,1,0.049681925396332025,"[{""model"": ""model_3"", ""current_gpu"": 1, ""best_gpu"": 0, ""current_r"": 0.0, ""best_r"": 0.0, ""absolute_delta"": 0.0, ""tau"": 0.00035, ""chosen_gpu"": 1}, {""model"": ""model_5"", ""current_gpu"": 0, ""best_gpu"": 0, ""current_r"": 0.0, ""best_r"": 0.0, ""absolute_delta"": 0.0, ""tau"": 0.00035, ""chosen_gpu"": 0}, {""model"": ""model_6"", ""current_gpu"": 1, ""best_gpu"": 0, ""current_r"": 0.047022640320984646, ""best_r"": 0.04315244584962768, ""absolute_delta"": 0.0038701944713569678, ""tau"": 0.00035, ""chosen_gpu"": 0}, {""model"": ""model_4"", ""current_gpu"": 0, ""best_gpu"": 1, ""current_r"": 0.09670456571731667, ""best_r"": 0.047022640320984646, ""absolute_delta"": 0.049681925396332025, ""tau"": 0.00035, ""chosen_gpu"": 1}]"
steady,8,1,9,1787607928.2929373,0.00035,0.07812024223155119,0.05440390018735159,0.07812024223155119,2+2,2+2,"{""model_3"": 1, ""model_4"": 0, ""model_5"": 0, ""model_6"": 1}","{""model_3"": 1, ""model_4"": 1, ""model_5"": 0, ""model_6"": 0}",2,"model_6,model_4",True,,migration cooldown active,2,0,,,,,,4,3,1,0.04119341430011399,"[{""model"": ""model_3"", ""current_gpu"": 1, ""best_gpu"": 0, ""current_r"": 0.0, ""best_r"": 0.0, ""absolute_delta"": 0.0, ""tau"": 0.00035, ""chosen_gpu"": 1}, {""model"": ""model_5"", ""current_gpu"": 0, ""best_gpu"": 0, ""current_r"": 0.0, ""best_r"": 0.0, ""absolute_delta"": 0.0, ""tau"": 0.00035, ""chosen_gpu"": 0}, {""model"": ""model_6"", ""current_gpu"": 1, ""best_gpu"": 0, ""current_r"": 0.04179837746391697, ""best_r"": 0.04044601072717471, ""absolute_delta"": 0.001352366736742265, ""tau"": 0.00035, ""chosen_gpu"": 0}, {""model"": ""model_4"", ""current_gpu"": 0, ""best_gpu"": 1, ""current_r"": 0.08299179176403096, ""best_r"": 0.04179837746391697, ""absolute_delta"": 0.04119341430011399, ""tau"": 0.00035, ""chosen_gpu"": 1}]"
steady,8,1,10,1787607933.3029346,0.00035,0.09946354509501573,0.054371456653343336,0.09946354509501573,2+2,2+2,"{""model_3"": 1, ""model_4"": 0, ""model_5"": 0, ""model_6"": 1}","{""model_3"": 1, ""model_4"": 1, ""model_5"": 0, ""model_6"": 0}",2,"model_6,model_4",True,,migration cooldown active,2,0,,,,,,4,3,1,0.0533947786764165,"[{""model"": ""model_3"", ""current_gpu"": 1, ""best_gpu"": 0, ""current_r"": 0.0, ""best_r"": 0.0, ""absolute_delta"": 0.0, ""tau"": 0.00035, ""chosen_gpu"": 1}, {""model"": ""model_6"", ""current_gpu"": 1, ""best_gpu"": 0, ""current_r"": 0.04607745824088887, ""best_r"": 0.0, ""absolute_delta"": 0.04607745824088887, ""tau"": 0.00035, ""chosen_gpu"": 0}, {""model"": ""model_5"", ""current_gpu"": 0, ""best_gpu"": 0, ""current_r"": 0.03832525669643609, ""best_r"": 0.03832525669643609, ""absolute_delta"": 0.0, ""tau"": 0.00035, ""chosen_gpu"": 0}, {""model"": ""model_4"", ""current_gpu"": 0, ""best_gpu"": 1, ""current_r"": 0.09947223691730538, ""best_r"": 0.04607745824088887, ""absolute_delta"": 0.0533947786764165, ""tau"": 0.00035, ""chosen_gpu"": 1}]"
steady,8,1,11,1787607938.3152473,0.00035,0.09106103632178228,0.050117801703505147,0.09106103632178228,2+2,2+2,"{""model_3"": 1, ""model_4"": 0, ""model_5"": 0, ""model_6"": 1}","{""model_3"": 1, ""model_4"": 1, ""model_5"": 0, ""model_6"": 0}",2,"model_6,model_4",True,,migration cooldown active,2,0,,,,,,4,3,1,0.050498466262639576,"[{""model"": ""model_3"", ""current_gpu"": 1, ""best_gpu"": 0, ""current_r"": 0.0, ""best_r"": 0.0, ""absolute_delta"": 0.0, ""tau"": 0.00035, ""chosen_gpu"": 1}, {""model"": ""model_6"", ""current_gpu"": 1, ""best_gpu"": 0, ""current_r"": 0.04140918301290219, ""best_r"": 0.0, ""absolute_delta"": 0.04140918301290219, ""tau"": 0.00035, ""chosen_gpu"": 0}, {""model"": ""model_5"", ""current_gpu"": 0, ""best_gpu"": 0, ""current_r"": 0.03596224142962331, ""best_r"": 0.03596224142962331, ""absolute_delta"": 0.0, ""tau"": 0.00035, ""chosen_gpu"": 0}, {""model"": ""model_4"", ""current_gpu"": 0, ""best_gpu"": 1, ""current_r"": 0.09190764927554176, ""best_r"": 0.04140918301290219, ""absolute_delta"": 0.050498466262639576, ""tau"": 0.00035, ""chosen_gpu"": 1}]"
steady,8,1,12,1787607943.3283653,0.00035,0.09767783936803157,0.045004898091288534,0.09767783936803157,2+2,2+2,"{""model_3"": 1, ""model_4"": 0, ""model_5"": 0, ""model_6"": 1}","{""model_3"": 1, ""model_4"": 1, ""model_5"": 0, ""model_6"": 0}",2,"model_6,model_4",True,,migration cooldown active,2,0,,,,,,4,3,1,0.052783064664074716,"[{""model"": ""model_3"", ""current_gpu"": 1, ""best_gpu"": 0, ""current_r"": 0.0, ""best_r"": 0.0, ""absolute_delta"": 0.0, ""tau"": 0.00035, ""chosen_gpu"": 1}, {""model"": ""model_6"", ""current_gpu"": 1, ""best_gpu"": 0, ""current_r"": 0.052783064664074716, ""best_r"": 0.0, ""absolute_delta"": 0.052783064664074716, ""tau"": 0.00035, ""chosen_gpu"": 0}, {""model"": ""model_5"", ""current_gpu"": 0, ""best_gpu"": 0, ""current_r"": 0.02914390230405355, ""best_r"": 0.02914390230405355, ""absolute_delta"": 0.0, ""tau"": 0.00035, ""chosen_gpu"": 0}, {""model"": ""model_4"", ""current_gpu"": 0, ""best_gpu"": 1, ""current_r"": 0.07499436237600683, ""best_r"": 0.052783064664074716, ""absolute_delta"": 0.022211297711932115, ""tau"": 0.00035, ""chosen_gpu"": 1}]"
steady,8,1,13,1787607948.3370922,0.00035,0.09064956803604901,0.044228663018988444,0.09064956803604901,2+2,2+2,"{""model_3"": 1, ""model_4"": 0, ""model_5"": 0, ""model_6"": 1}","{""model_3"": 1, ""model_4"": 1, ""model_5"": 0, ""model_6"": 0}",2,"model_6,model_4",False,MIGRATE,literal line-8 absolute delta exceeds tau,2,0,,model_6,1,0,0.09655227132508985,4,3,1,0.021625554089816926,"[{""model"": ""model_3"", ""current_gpu"": 1, ""best_gpu"": 0, ""current_r"": 0.0, ""best_r"": 0.0, ""absolute_delta"": 0.0, ""tau"": 0.00035, ""chosen_gpu"": 1}, {""model"": ""model_5"", ""current_gpu"": 0, ""best_gpu"": 0, ""current_r"": 0.0, ""best_r"": 0.0, ""absolute_delta"": 0.0, ""tau"": 0.00035, ""chosen_gpu"": 0}, {""model"": ""model_6"", ""current_gpu"": 1, ""best_gpu"": 0, ""current_r"": 0.05013172288872658, ""best_r"": 0.028506168798909656, ""absolute_delta"": 0.021625554089816926, ""tau"": 0.00035, ""chosen_gpu"": 0}, {""model"": ""model_4"", ""current_gpu"": 0, ""best_gpu"": 1, ""current_r"": 0.07020716064282624, ""best_r"": 0.05013172288872658, ""absolute_delta"": 0.02007543775409966, ""tau"": 0.00035, ""chosen_gpu"": 1}]"
steady,8,1,14,1787607953.3474362,0.00035,0.09631948673422489,0.09631948673422489,0.05165472058653646,1+3,2+2,"{""model_3"": 1, ""model_4"": 0, ""model_5"": 0, ""model_6"": 0}","{""model_3"": 1, ""model_4"": 1, ""model_5"": 0, ""model_6"": 0}",1,model_4,True,,migration cooldown active,1,0,,,,,,4,2,1,0.02159627648343429,"[{""model"": ""model_3"", ""current_gpu"": 1, ""best_gpu"": 0, ""current_r"": 0.0, ""best_r"": 0.0, ""absolute_delta"": 0.0, ""tau"": 0.00035, ""chosen_gpu"": 1}, {""model"": ""model_5"", ""current_gpu"": 0, ""best_gpu"": 0, ""current_r"": 0.0, ""best_r"": 0.0, ""absolute_delta"": 0.0, ""tau"": 0.00035, ""chosen_gpu"": 0}, {""model"": ""model_6"", ""current_gpu"": 0, ""best_gpu"": 0, ""current_r"": 0.03456374598895074, ""best_r"": 0.03456374598895074, ""absolute_delta"": 0.0, ""tau"": 0.00035, ""chosen_gpu"": 0}, {""model"": ""model_4"", ""current_gpu"": 0, ""best_gpu"": 1, ""current_r"": 0.07325099706997075, ""best_r"": 0.05165472058653646, ""absolute_delta"": 0.02159627648343429, ""tau"": 0.00035, ""chosen_gpu"": 1}]"
steady,8,1,15,1787607958.3599837,0.00035,0.09732391975932801,0.09732391975932801,0.0389028043823089,1+3,2+2,"{""model_3"": 1, ""model_4"": 0, ""model_5"": 0, ""model_6"": 0}","{""model_3"": 1, ""model_4"": 1, ""model_5"": 0, ""model_6"": 0}",1,model_4,True,,migration cooldown active,1,0,,,,,,4,2,1,0.033801589294824276,"[{""model"": ""model_3"", ""current_gpu"": 1, ""best_gpu"": 0, ""current_r"": 0.0, ""best_r"": 0.0, ""absolute_delta"": 0.0, ""tau"": 0.00035, ""chosen_gpu"": 1}, {""model"": ""model_5"", ""current_gpu"": 0, ""best_gpu"": 0, ""current_r"": 0.0, ""best_r"": 0.0, ""absolute_delta"": 0.0, ""tau"": 0.00035, ""chosen_gpu"": 0}, {""model"": ""model_6"", ""current_gpu"": 0, ""best_gpu"": 0, ""current_r"": 0.031800954610886494, ""best_r"": 0.031800954610886494, ""absolute_delta"": 0.0, ""tau"": 0.00035, ""chosen_gpu"": 0}, {""model"": ""model_4"", ""current_gpu"": 0, ""best_gpu"": 1, ""current_r"": 0.07270439367713318, ""best_r"": 0.0389028043823089, ""absolute_delta"": 0.033801589294824276, ""tau"": 0.00035, ""chosen_gpu"": 1}]"
steady,8,1,16,1787607963.3746412,0.00035,0.1219699592429563,0.1219699592429563,0.030518990491270007,1+3,2+2,"{""model_3"": 1, ""model_4"": 0, ""model_5"": 0, ""model_6"": 0}","{""model_3"": 1, ""model_4"": 0, ""model_5"": 1, ""model_6"": 0}",1,model_5,True,,migration cooldown active,1,0,,,,,,4,1,0,0.03842281728544451,"[{""model"": ""model_6"", ""current_gpu"": 0, ""best_gpu"": 0, ""current_r"": 0.0, ""best_r"": 0.0, ""absolute_delta"": 0.0, ""tau"": 0.00035, ""chosen_gpu"": 0}, {""model"": ""model_5"", ""current_gpu"": 0, ""best_gpu"": 1, ""current_r"": 0.03842281728544451, ""best_r"": 0.0, ""absolute_delta"": 0.03842281728544451, ""tau"": 0.00035, ""chosen_gpu"": 1}, {""model"": ""model_3"", ""current_gpu"": 1, ""best_gpu"": 1, ""current_r"": 0.035614603947896804, ""best_r"": 0.035614603947896804, ""absolute_delta"": 0.0, ""tau"": 0.00035, ""chosen_gpu"": 1}, {""model"": ""model_4"", ""current_gpu"": 0, ""best_gpu"": 0, ""current_r"": 0.03842281728544451, ""best_r"": 0.03842281728544451, ""absolute_delta"": 0.0, ""tau"": 0.00035, ""chosen_gpu"": 0}]"
steady,8,1,17,1787607968.385793,0.00035,0.12415600926001859,0.12415600926001859,0.03221266134449655,1+3,2+2,"{""model_3"": 1, ""model_4"": 0, ""model_5"": 0, ""model_6"": 0}","{""model_3"": 1, ""model_4"": 0, ""model_5"": 1, ""model_6"": 0}",1,model_5,True,,migration cooldown active,1,0,,,,,,4,1,0,0.03828608140261699,"[{""model"": ""model_6"", ""current_gpu"": 0, ""best_gpu"": 0, ""current_r"": 0.0, ""best_r"": 0.0, ""absolute_delta"": 0.0, ""tau"": 0.00035, ""chosen_gpu"": 0}, {""model"": ""model_5"", ""current_gpu"": 0, ""best_gpu"": 1, ""current_r"": 0.03828608140261699, ""best_r"": 0.0, ""absolute_delta"": 0.03828608140261699, ""tau"": 0.00035, ""chosen_gpu"": 1}, {""model"": ""model_3"", ""current_gpu"": 1, ""best_gpu"": 1, ""current_r"": 0.03718806509104575, ""best_r"": 0.03718806509104575, ""absolute_delta"": 0.0, ""tau"": 0.00035, ""chosen_gpu"": 1}, {""model"": ""model_4"", ""current_gpu"": 0, ""best_gpu"": 0, ""current_r"": 0.03828608140261699, ""best_r"": 0.03828608140261699, ""absolute_delta"": 0.0, ""tau"": 0.00035, ""chosen_gpu"": 0}]"
steady,8,1,18,1787607973.4019547,0.00035,0.11878960843672945,0.11878960843672945,0.026332491794696638,1+3,2+2,"{""model_3"": 1, ""model_4"": 0, ""model_5"": 0, ""model_6"": 0}","{""model_3"": 1, ""model_4"": 0, ""model_5"": 1, ""model_6"": 0}",1,model_5,True,,migration cooldown active,1,0,,,,,,4,1,0,0.03649756258244679,"[{""model"": ""model_6"", ""current_gpu"": 0, ""best_gpu"": 0, ""current_r"": 0.0, ""best_r"": 0.0, ""absolute_delta"": 0.0, ""tau"": 0.00035, ""chosen_gpu"": 0}, {""model"": ""model_5"", ""current_gpu"": 0, ""best_gpu"": 1, ""current_r"": 0.03649756258244679, ""best_r"": 0.0, ""absolute_delta"": 0.03649756258244679, ""tau"": 0.00035, ""chosen_gpu"": 1}, {""model"": ""model_3"", ""current_gpu"": 1, ""best_gpu"": 1, ""current_r"": 0.0362086547000639, ""best_r"": 0.0362086547000639, ""absolute_delta"": 0.0, ""tau"": 0.00035, ""chosen_gpu"": 1}, {""model"": ""model_4"", ""current_gpu"": 0, ""best_gpu"": 0, ""current_r"": 0.03649756258244679, ""best_r"": 0.03649756258244679, ""absolute_delta"": 0.0, ""tau"": 0.00035, ""chosen_gpu"": 0}]"
steady,8,1,19,1787607978.4184785,0.00035,0.11809517419853416,0.11809517419853416,0.03567624780932907,1+3,2+2,"{""model_3"": 1, ""model_4"": 0, ""model_5"": 0, ""model_6"": 0}","{""model_3"": 1, ""model_4"": 0, ""model_5"": 0, ""model_6"": 1}",1,model_6,False,MIGRATE,literal line-8 absolute delta exceeds tau,1,0,,model_6,0,1,0.0798015942498743,4,1,0,0.006000444690331376,"[{""model"": ""model_5"", ""current_gpu"": 0, ""best_gpu"": 0, ""current_r"": 0.0, ""best_r"": 0.0, ""absolute_delta"": 0.0, ""tau"": 0.00035, ""chosen_gpu"": 0}, {""model"": ""model_3"", ""current_gpu"": 1, ""best_gpu"": 1, ""current_r"": 0.0, ""best_r"": 0.0, ""absolute_delta"": 0.0, ""tau"": 0.00035, ""chosen_gpu"": 1}, {""model"": ""model_6"", ""current_gpu"": 0, ""best_gpu"": 1, ""current_r"": 0.041676692499660446, ""best_r"": 0.03567624780932907, ""absolute_delta"": 0.006000444690331376, ""tau"": 0.00035, ""chosen_gpu"": 1}, {""model"": ""model_4"", ""current_gpu"": 0, ""best_gpu"": 0, ""current_r"": 0.041676692499660446, ""best_r"": 0.041676692499660446, ""absolute_delta"": 0.0, ""tau"": 0.00035, ""chosen_gpu"": 0}]"
steady,8,1,20,1787607985.4653628,0.00035,0.0753107364038605,0.04708168636901083,0.0753107364038605,2+2,2+2,"{""model_3"": 1, ""model_4"": 0, ""model_5"": 0, ""model_6"": 1}","{""model_3"": 0, ""model_4"": 1, ""model_5"": 0, ""model_6"": 1}",2,"model_3,model_4",True,,migration cooldown active,2,0,,,,,,4,3,1,0.03889588615128023,"[{""model"": ""model_6"", ""current_gpu"": 1, ""best_gpu"": 0, ""current_r"": 0.0, ""best_r"": 0.0, ""absolute_delta"": 0.0, ""tau"": 0.00035, ""chosen_gpu"": 1}, {""model"": ""model_5"", ""current_gpu"": 0, ""best_gpu"": 0, ""current_r"": 0.0, ""best_r"": 0.0, ""absolute_delta"": 0.0, ""tau"": 0.00035, ""chosen_gpu"": 0}, {""model"": ""model_3"", ""current_gpu"": 1, ""best_gpu"": 0, ""current_r"": 0.03545416172545017, ""best_r"": 0.03408835075261155, ""absolute_delta"": 0.0013658109728386172, ""tau"": 0.00035, ""chosen_gpu"": 0}, {""model"": ""model_4"", ""current_gpu"": 0, ""best_gpu"": 1, ""current_r"": 0.0743500478767304, ""best_r"": 0.03545416172545017, ""absolute_delta"": 0.03889588615128023, ""tau"": 0.00035, ""chosen_gpu"": 1}]"
steady,8,1,21,1787607990.485943,0.00035,0.07368409438244664,0.05378995964582249,0.07368409438244664,2+2,2+2,"{""model_3"": 1, ""model_4"": 0, ""model_5"": 0, ""model_6"": 1}","{""model_3"": 1, ""model_4"": 1, ""model_5"": 0, ""model_6"": 0}",2,"model_6,model_4",True,,migration cooldown active,2,0,,,,,,4,3,1,0.039375072834528194,"[{""model"": ""model_3"", ""current_gpu"": 1, ""best_gpu"": 0, ""current_r"": 0.0, ""best_r"": 0.0, ""absolute_delta"": 0.0, ""tau"": 0.00035, ""chosen_gpu"": 1}, {""model"": ""model_5"", ""current_gpu"": 0, ""best_gpu"": 0, ""current_r"": 0.0, ""best_r"": 0.0, ""absolute_delta"": 0.0, ""tau"": 0.00035, ""chosen_gpu"": 0}, {""model"": ""model_6"", ""current_gpu"": 1, ""best_gpu"": 0, ""current_r"": 0.03954349955988308, ""best_r"": 0.03878193092636223, ""absolute_delta"": 0.000761568633520851, ""tau"": 0.00035, ""chosen_gpu"": 0}, {""model"": ""model_4"", ""current_gpu"": 0, ""best_gpu"": 1, ""current_r"": 0.07891857239441127, ""best_r"": 0.03954349955988308, ""absolute_delta"": 0.039375072834528194, ""tau"": 0.00035, ""chosen_gpu"": 1}]"
steady,8,1,22,1787607995.5347357,0.00035,0.12426567300307718,0.055100400035520365,0.12426567300307718,2+2,2+2,"{""model_3"": 1, ""model_4"": 0, ""model_5"": 0, ""model_6"": 1}","{""model_3"": 1, ""model_4"": 1, ""model_5"": 0, ""model_6"": 0}",2,"model_6,model_4",True,,migration cooldown active,2,0,,,,,,4,4,2,0.06709915383056947,"[{""model"": ""model_3"", ""current_gpu"": 1, ""best_gpu"": 0, ""current_r"": 0.0, ""best_r"": 0.0, ""absolute_delta"": 0.0, ""tau"": 0.00035, ""chosen_gpu"": 1}, {""model"": ""model_6"", ""current_gpu"": 1, ""best_gpu"": 0, ""current_r"": 0.05298020192172731, ""best_r"": 0.0, ""absolute_delta"": 0.05298020192172731, ""tau"": 0.00035, ""chosen_gpu"": 0}, {""model"": ""model_5"", ""current_gpu"": 0, ""best_gpu"": 1, ""current_r"": 0.053053938665240365, ""best_r"": 0.05298020192172731, ""absolute_delta"": 7.373674351305454e-05, ""tau"": 0.00035, ""chosen_gpu"": 0}, {""model"": ""model_4"", ""current_gpu"": 0, ""best_gpu"": 1, ""current_r"": 0.12007935575229678, ""best_r"": 0.05298020192172731, ""absolute_delta"": 0.06709915383056947, ""tau"": 0.00035, ""chosen_gpu"": 1}]"
steady,8,1,23,1787608000.5548818,0.00035,0.09103303496264022,0.04024979839834048,0.09103303496264022,2+2,2+2,"{""model_3"": 1, ""model_4"": 0, ""model_5"": 0, ""model_6"": 1}","{""model_3"": 1, ""model_4"": 1, ""model_5"": 0, ""model_6"": 0}",2,"model_6,model_4",True,,migration cooldown active,2,0,,,,,,4,3,1,0.042949972460514636,"[{""model"": ""model_3"", ""current_gpu"": 1, ""best_gpu"": 0, ""current_r"": 0.0, ""best_r"": 0.0, ""absolute_delta"": 0.0, ""tau"": 0.00035, ""chosen_gpu"": 1}, {""model"": ""model_6"", ""current_gpu"": 1, ""best_gpu"": 0, ""current_r"": 0.042949972460514636, ""best_r"": 0.0, ""absolute_delta"": 0.042949972460514636, ""tau"": 0.00035, ""chosen_gpu"": 0}, {""model"": ""model_5"", ""current_gpu"": 0, ""best_gpu"": 0, ""current_r"": 0.034199586807066945, ""best_r"": 0.034199586807066945, ""absolute_delta"": 0.0, ""tau"": 0.00035, ""chosen_gpu"": 0}, {""model"": ""model_4"", ""current_gpu"": 0, ""best_gpu"": 1, ""current_r"": 0.0770388859051242, ""best_r"": 0.042949972460514636, ""absolute_delta"": 0.03408891344460956, ""tau"": 0.00035, ""chosen_gpu"": 1}]"
steady,8,1,24,1787608005.5755424,0.00035,0.0971506938773627,0.03747783092914953,0.0971506938773627,2+2,2+2,"{""model_3"": 1, ""model_4"": 0, ""model_5"": 0, ""model_6"": 1}","{""model_3"": 1, ""model_4"": 1, ""model_5"": 0, ""model_6"": 0}",2,"model_6,model_4",True,,migration cooldown active,2,0,,,,,,4,3,1,0.04310096524558113,"[{""model"": ""model_3"", ""current_gpu"": 1, ""best_gpu"": 0, ""current_r"": 0.0, ""best_r"": 0.0, ""absolute_delta"": 0.0, ""tau"": 0.00035, ""chosen_gpu"": 1}, {""model"": ""model_6"", ""current_gpu"": 1, ""best_gpu"": 0, ""current_r"": 0.04310096524558113, ""best_r"": 0.0, ""absolute_delta"": 0.04310096524558113, ""tau"": 0.00035, ""chosen_gpu"": 0}, {""model"": ""model_5"", ""current_gpu"": 0, ""best_gpu"": 0, ""current_r"": 0.039582003722321166, ""best_r"": 0.039582003722321166, ""absolute_delta"": 0.0, ""tau"": 0.00035, ""chosen_gpu"": 0}, {""model"": ""model_4"", ""current_gpu"": 0, ""best_gpu"": 1, ""current_r"": 0.08123280710119232, ""best_r"": 0.04310096524558113, ""absolute_delta"": 0.03813184185561119, ""tau"": 0.00035, ""chosen_gpu"": 1}]"
steady,8,1,25,1787608010.5967417,0.00035,0.09521854047430875,0.047815879268221693,0.09521854047430875,2+2,2+2,"{""model_3"": 1, ""model_4"": 0, ""model_5"": 0, ""model_6"": 1}","{""model_3"": 1, ""model_4"": 1, ""model_5"": 0, ""model_6"": 0}",2,"model_6,model_4",False,MIGRATE,literal line-8 absolute delta exceeds tau,2,0,,model_6,1,0,0.1215310888622444,4,3,1,0.04868180401896371,"[{""model"": ""model_3"", ""current_gpu"": 1, ""best_gpu"": 0, ""current_r"": 0.0, ""best_r"": 0.0, ""absolute_delta"": 0.0, ""tau"": 0.00035, ""chosen_gpu"": 1}, {""model"": ""model_6"", ""current_gpu"": 1, ""best_gpu"": 0, ""current_r"": 0.04164489550608871, ""best_r"": 0.0, ""absolute_delta"": 0.04164489550608871, ""tau"": 0.00035, ""chosen_gpu"": 0}, {""model"": ""model_5"", ""current_gpu"": 0, ""best_gpu"": 0, ""current_r"": 0.03947001267009793, ""best_r"": 0.03947001267009793, ""absolute_delta"": 0.0, ""tau"": 0.00035, ""chosen_gpu"": 0}, {""model"": ""model_4"", ""current_gpu"": 0, ""best_gpu"": 1, ""current_r"": 0.09032669952505241, ""best_r"": 0.04164489550608871, ""absolute_delta"": 0.04868180401896371, ""tau"": 0.00035, ""chosen_gpu"": 1}]"
steady,8,1,26,1787608016.0123277,0.00035,0.11362908280590006,0.11362908280590006,0.05413934178468586,1+3,2+2,"{""model_3"": 1, ""model_4"": 0, ""model_5"": 0, ""model_6"": 0}","{""model_3"": 1, ""model_4"": 1, ""model_5"": 0, ""model_6"": 0}",1,model_4,True,,migration cooldown active,1,0,,,,,,4,2,1,0.03081354722893862,"[{""model"": ""model_3"", ""current_gpu"": 1, ""best_gpu"": 0, ""current_r"": 0.0, ""best_r"": 0.0, ""absolute_delta"": 0.0, ""tau"": 0.00035, ""chosen_gpu"": 1}, {""model"": ""model_6"", ""current_gpu"": 0, ""best_gpu"": 0, ""current_r"": 0.0, ""best_r"": 0.0, ""absolute_delta"": 0.0, ""tau"": 0.00035, ""chosen_gpu"": 0}, {""model"": ""model_5"", ""current_gpu"": 0, ""best_gpu"": 0, ""current_r"": 0.03636738298923926, ""best_r"": 0.03636738298923926, ""absolute_delta"": 0.0, ""tau"": 0.00035, ""chosen_gpu"": 0}, {""model"": ""model_4"", ""current_gpu"": 0, ""best_gpu"": 1, ""current_r"": 0.08495288901362448, ""best_r"": 0.05413934178468586, ""absolute_delta"": 0.03081354722893862, ""tau"": 0.00035, ""chosen_gpu"": 1}]"
steady,8,1,27,1787608021.0344565,0.00035,0.08700348336708087,0.08700348336708087,0.05606882238652136,1+3,2+2,"{""model_3"": 1, ""model_4"": 0, ""model_5"": 0, ""model_6"": 0}","{""model_3"": 1, ""model_4"": 1, ""model_5"": 0, ""model_6"": 0}",1,model_4,True,,migration cooldown active,1,0,,,,,,4,2,1,0.007644821666927523,"[{""model"": ""model_3"", ""current_gpu"": 1, ""best_gpu"": 0, ""current_r"": 0.0, ""best_r"": 0.0, ""absolute_delta"": 0.0, ""tau"": 0.00035, ""chosen_gpu"": 1}, {""model"": ""model_5"", ""current_gpu"": 0, ""best_gpu"": 0, ""current_r"": 0.0, ""best_r"": 0.0, ""absolute_delta"": 0.0, ""tau"": 0.00035, ""chosen_gpu"": 0}, {""model"": ""model_6"", ""current_gpu"": 0, ""best_gpu"": 0, ""current_r"": 0.026142818922432323, ""best_r"": 0.026142818922432323, ""absolute_delta"": 0.0, ""tau"": 0.00035, ""chosen_gpu"": 0}, {""model"": ""model_4"", ""current_gpu"": 0, ""best_gpu"": 1, ""current_r"": 0.06371364405344888, ""best_r"": 0.05606882238652136, ""absolute_delta"": 0.007644821666927523, ""tau"": 0.00035, ""chosen_gpu"": 1}]"
steady,8,1,28,1787608026.0577226,0.00035,0.09880158468822066,0.09880158468822066,0.04634031900541879,1+3,2+2,"{""model_3"": 1, ""model_4"": 0, ""model_5"": 0, ""model_6"": 0}","{""model_3"": 1, ""model_4"": 1, ""model_5"": 0, ""model_6"": 0}",1,model_4,True,,migration cooldown active,1,0,,,,,,4,2,1,0.02831969042195883,"[{""model"": ""model_3"", ""current_gpu"": 1, ""best_gpu"": 0, ""current_r"": 0.0, ""best_r"": 0.0, ""absolute_delta"": 0.0, ""tau"": 0.00035, ""chosen_gpu"": 1}, {""model"": ""model_6"", ""current_gpu"": 0, ""best_gpu"": 0, ""current_r"": 0.0, ""best_r"": 0.0, ""absolute_delta"": 0.0, ""tau"": 0.00035, ""chosen_gpu"": 0}, {""model"": ""model_5"", ""current_gpu"": 0, ""best_gpu"": 0, ""current_r"": 0.029961096658945485, ""best_r"": 0.029961096658945485, ""absolute_delta"": 0.0, ""tau"": 0.00035, ""chosen_gpu"": 0}, {""model"": ""model_4"", ""current_gpu"": 0, ""best_gpu"": 1, ""current_r"": 0.07466000942737762, ""best_r"": 0.04634031900541879, ""absolute_delta"": 0.02831969042195883, ""tau"": 0.00035, ""chosen_gpu"": 1}]"
steady,8,1,29,1787608031.0781612,0.00035,0.10985555365890357,0.10985555365890357,0.032862810085711465,1+3,2+2,"{""model_3"": 1, ""model_4"": 0, ""model_5"": 0, ""model_6"": 0}","{""model_3"": 1, ""model_4"": 0, ""model_5"": 0, ""model_6"": 1}",1,model_6,True,,migration cooldown active,1,0,,,,,,4,2,1,0.0011299521462376852,"[{""model"": ""model_3"", ""current_gpu"": 1, ""best_gpu"": 0, ""current_r"": 0.0, ""best_r"": 0.0, ""absolute_delta"": 0.0, ""tau"": 0.00035, ""chosen_gpu"": 1}, {""model"": ""model_5"", ""current_gpu"": 0, ""best_gpu"": 0, ""current_r"": 0.0, ""best_r"": 0.0, ""absolute_delta"": 0.0, ""tau"": 0.00035, ""chosen_gpu"": 0}, {""model"": ""model_6"", ""current_gpu"": 0, ""best_gpu"": 1, ""current_r"": 0.03399276223194915, ""best_r"": 0.032862810085711465, ""absolute_delta"": 0.0011299521462376852, ""tau"": 0.00035, ""chosen_gpu"": 1}, {""model"": ""model_4"", ""current_gpu"": 0, ""best_gpu"": 0, ""current_r"": 0.03399276223194915, ""best_r"": 0.03399276223194915, ""absolute_delta"": 0.0, ""tau"": 0.00035, ""chosen_gpu"": 0}]"
steady,8,1,30,1787608036.125415,0.00035,0.11559197457272663,0.11559197457272663,0.05542118673908358,1+3,2+2,"{""model_3"": 1, ""model_4"": 0, ""model_5"": 0, ""model_6"": 0}","{""model_3"": 1, ""model_4"": 1, ""model_5"": 0, ""model_6"": 0}",1,model_4,True,,migration cooldown active,1,0,,,,,,4,2,1,0.0317821825622189,"[{""model"": ""model_3"", ""current_gpu"": 1, ""best_gpu"": 0, ""current_r"": 0.0, ""best_r"": 0.0, ""absolute_delta"": 0.0, ""tau"": 0.00035, ""chosen_gpu"": 1}, {""model"": ""model_5"", ""current_gpu"": 0, ""best_gpu"": 0, ""current_r"": 0.0, ""best_r"": 0.0, ""absolute_delta"": 0.0, ""tau"": 0.00035, ""chosen_gpu"": 0}, {""model"": ""model_6"", ""current_gpu"": 0, ""best_gpu"": 0, ""current_r"": 0.03642225318686848, ""best_r"": 0.03642225318686848, ""absolute_delta"": 0.0, ""tau"": 0.00035, ""chosen_gpu"": 0}, {""model"": ""model_4"", ""current_gpu"": 0, ""best_gpu"": 1, ""current_r"": 0.08720336930130249, ""best_r"": 0.05542118673908358, ""absolute_delta"": 0.0317821825622189, ""tau"": 0.00035, ""chosen_gpu"": 1}]"
steady,8,1,31,1787608041.1625383,0.00035,0.1144246268957779,0.1144246268957779,0.04570802661197252,1+3,2+2,"{""model_3"": 1, ""model_4"": 0, ""model_5"": 0, ""model_6"": 0}","{""model_3"": 1, ""model_4"": 1, ""model_5"": 0, ""model_6"": 0}",1,model_4,False,MIGRATE,literal line-8 absolute delta exceeds tau,1,0,,model_4,0,1,0.08313503861953311,4,2,1,0.037427012007560594,"[{""model"": ""model_3"", ""current_gpu"": 1, ""best_gpu"": 0, ""current_r"": 0.0, ""best_r"": 0.0, ""absolute_delta"": 0.0, ""tau"": 0.00035, ""chosen_gpu"": 1}, {""model"": ""model_5"", ""current_gpu"": 0, ""best_gpu"": 0, ""current_r"": 0.0, ""best_r"": 0.0, ""absolute_delta"": 0.0, ""tau"": 0.00035, ""chosen_gpu"": 0}, {""model"": ""model_6"", ""current_gpu"": 0, ""best_gpu"": 0, ""current_r"": 0.034191308000863986, ""best_r"": 0.034191308000863986, ""absolute_delta"": 0.0, ""tau"": 0.00035, ""chosen_gpu"": 0}, {""model"": ""model_4"", ""current_gpu"": 0, ""best_gpu"": 1, ""current_r"": 0.08313503861953311, ""best_r"": 0.04570802661197252, ""absolute_delta"": 0.037427012007560594, ""tau"": 0.00035, ""chosen_gpu"": 1}]"
steady,8,1,32,1787608046.183672,0.00035,0.10551025401520113,0.10551025401520113,0.06483411245743044,2+2,2+2,"{""model_3"": 1, ""model_4"": 1, ""model_5"": 0, ""model_6"": 0}","{""model_3"": 1, ""model_4"": 0, ""model_5"": 0, ""model_6"": 1}",2,"model_6,model_4",True,,migration cooldown active,2,0,,,,,,4,3,1,0.04361119243772028,"[{""model"": ""model_3"", ""current_gpu"": 1, ""best_gpu"": 0, ""current_r"": 0.0, ""best_r"": 0.0, ""absolute_delta"": 0.0, ""tau"": 0.00035, ""chosen_gpu"": 1}, {""model"": ""model_5"", ""current_gpu"": 0, ""best_gpu"": 0, ""current_r"": 0.0, ""best_r"": 0.0, ""absolute_delta"": 0.0, ""tau"": 0.00035, ""chosen_gpu"": 0}, {""model"": ""model_6"", ""current_gpu"": 0, ""best_gpu"": 1, ""current_r"": 0.04861973296187621, ""best_r"": 0.044981961719818275, ""absolute_delta"": 0.003637771242057934, ""tau"": 0.00035, ""chosen_gpu"": 1}, {""model"": ""model_4"", ""current_gpu"": 1, ""best_gpu"": 0, ""current_r"": 0.09223092539959649, ""best_r"": 0.04861973296187621, ""absolute_delta"": 0.04361119243772028, ""tau"": 0.00035, ""chosen_gpu"": 0}]"
steady,8,1,33,1787608051.2076411,0.00035,0.10864875378046496,0.10864875378046496,0.05971200511643494,2+2,2+2,"{""model_3"": 1, ""model_4"": 1, ""model_5"": 0, ""model_6"": 0}","{""model_3"": 1, ""model_4"": 0, ""model_5"": 0, ""model_6"": 1}",2,"model_6,model_4",True,,migration cooldown active,2,0,,,,,,4,2,0,0.044867786381559666,"[{""model"": ""model_5"", ""current_gpu"": 0, ""best_gpu"": 0, ""current_r"": 0.0, ""best_r"": 0.0, ""absolute_delta"": 0.0, ""tau"": 0.00035, ""chosen_gpu"": 0}, {""model"": ""model_3"", ""current_gpu"": 1, ""best_gpu"": 1, ""current_r"": 0.0, ""best_r"": 0.0, ""absolute_delta"": 0.0, ""tau"": 0.00035, ""chosen_gpu"": 1}, {""model"": ""model_6"", ""current_gpu"": 0, ""best_gpu"": 1, ""current_r"": 0.04697063300694418, ""best_r"": 0.04108385141811367, ""absolute_delta"": 0.005886781588830506, ""tau"": 0.00035, ""chosen_gpu"": 1}, {""model"": ""model_4"", ""current_gpu"": 1, ""best_gpu"": 0, ""current_r"": 0.09183841938850384, ""best_r"": 0.04697063300694418, ""absolute_delta"": 0.044867786381559666, ""tau"": 0.00035, ""chosen_gpu"": 0}]"
steady,8,1,34,1787608056.2310472,0.00035,0.09703640061614904,0.09703640061614904,0.05336154095270553,2+2,2+2,"{""model_3"": 1, ""model_4"": 1, ""model_5"": 0, ""model_6"": 0}","{""model_3"": 1, ""model_4"": 0, ""model_5"": 1, ""model_6"": 0}",2,"model_5,model_4",True,,migration cooldown active,2,0,,,,,,4,3,1,0.04945052032181897,"[{""model"": ""model_3"", ""current_gpu"": 1, ""best_gpu"": 0, ""current_r"": 0.0, ""best_r"": 0.0, ""absolute_delta"": 0.0, ""tau"": 0.00035, ""chosen_gpu"": 1}, {""model"": ""model_6"", ""current_gpu"": 0, ""best_gpu"": 0, ""current_r"": 0.0, ""best_r"": 0.0, ""absolute_delta"": 0.0, ""tau"": 0.00035, ""chosen_gpu"": 0}, {""model"": ""model_5"", ""current_gpu"": 0, ""best_gpu"": 1, ""current_r"": 0.03728252085309011, ""best_r"": 0.0358574024555009, ""absolute_delta"": 0.0014251183975892145, ""tau"": 0.00035, ""chosen_gpu"": 1}, {""model"": ""model_4"", ""current_gpu"": 1, ""best_gpu"": 0, ""current_r"": 0.08673304117490908, ""best_r"": 0.03728252085309011, ""absolute_delta"": 0.04945052032181897, ""tau"": 0.00035, ""chosen_gpu"": 0}]"
steady,8,1,35,1787608061.2541757,0.00035,0.09283683238537474,0.09283683238537474,0.05611511433668637,2+2,2+2,"{""model_3"": 1, ""model_4"": 1, ""model_5"": 0, ""model_6"": 0}","{""model_3"": 1, ""model_4"": 1, ""model_5"": 0, ""model_6"": 0}",0,,True,,migration cooldown active,0,0,,,,,,4,1,1,0.0,"[{""model"": ""model_3"", ""current_gpu"": 1, ""best_gpu"": 0, ""current_r"": 0.0, ""best_r"": 0.0, ""absolute_delta"": 0.0, ""tau"": 0.00035, ""chosen_gpu"": 1}, {""model"": ""model_6"", ""current_gpu"": 0, ""best_gpu"": 0, ""current_r"": 0.0, ""best_r"": 0.0, ""absolute_delta"": 0.0, ""tau"": 0.00035, ""chosen_gpu"": 0}, {""model"": ""model_5"", ""current_gpu"": 0, ""best_gpu"": 0, ""current_r"": 0.03635863891216129, ""best_r"": 0.03635863891216129, ""absolute_delta"": 0.0, ""tau"": 0.00035, ""chosen_gpu"": 0}, {""model"": ""model_4"", ""current_gpu"": 1, ""best_gpu"": 1, ""current_r"": 0.04051298647824986, ""best_r"": 0.04051298647824986, ""absolute_delta"": 0.0, ""tau"": 0.00035, ""chosen_gpu"": 1}]"
steady,8,1,36,1787608066.3143923,0.00035,0.0915697338384529,0.0915697338384529,0.048211458889099786,2+2,2+2,"{""model_3"": 1, ""model_4"": 1, ""model_5"": 0, ""model_6"": 0}","{""model_3"": 1, ""model_4"": 0, ""model_5"": 1, ""model_6"": 0}",2,"model_5,model_4",True,,migration cooldown active,2,0,,,,,,4,2,0,0.035154532022406246,"[{""model"": ""model_6"", ""current_gpu"": 0, ""best_gpu"": 0, ""current_r"": 0.0, ""best_r"": 0.0, ""absolute_delta"": 0.0, ""tau"": 0.00035, ""chosen_gpu"": 0}, {""model"": ""model_3"", ""current_gpu"": 1, ""best_gpu"": 1, ""current_r"": 0.0, ""best_r"": 0.0, ""absolute_delta"": 0.0, ""tau"": 0.00035, ""chosen_gpu"": 1}, {""model"": ""model_5"", ""current_gpu"": 0, ""best_gpu"": 1, ""current_r"": 0.041402143135347125, ""best_r"": 0.03515288761486911, ""absolute_delta"": 0.006249255520478017, ""tau"": 0.00035, ""chosen_gpu"": 1}, {""model"": ""model_4"", ""current_gpu"": 1, ""best_gpu"": 0, ""current_r"": 0.07655667515775337, ""best_r"": 0.041402143135347125, ""absolute_delta"": 0.035154532022406246, ""tau"": 0.00035, ""chosen_gpu"": 0}]"
steady,8,1,37,1787608071.362527,0.00035,0.09025590252294144,0.09025590252294144,0.05908217658588231,2+2,2+2,"{""model_3"": 1, ""model_4"": 1, ""model_5"": 0, ""model_6"": 0}","{""model_3"": 1, ""model_4"": 1, ""model_5"": 0, ""model_6"": 0}",0,,False,,line-8 placement unchanged or every candidate blocked,0,0,,,,,,4,1,1,0.0,"[{""model"": ""model_3"", ""current_gpu"": 1, ""best_gpu"": 0, ""current_r"": 0.0, ""best_r"": 0.0, ""absolute_delta"": 0.0, ""tau"": 0.00035, ""chosen_gpu"": 1}, {""model"": ""model_6"", ""current_gpu"": 0, ""best_gpu"": 0, ""current_r"": 0.0, ""best_r"": 0.0, ""absolute_delta"": 0.0, ""tau"": 0.00035, ""chosen_gpu"": 0}, {""model"": ""model_5"", ""current_gpu"": 0, ""best_gpu"": 0, ""current_r"": 0.037173497029476914, ""best_r"": 0.037173497029476914, ""absolute_delta"": 0.0, ""tau"": 0.00035, ""chosen_gpu"": 0}, {""model"": ""model_4"", ""current_gpu"": 1, ""best_gpu"": 1, ""current_r"": 0.04571481669934947, ""best_r"": 0.04571481669934947, ""absolute_delta"": 0.0, ""tau"": 0.00035, ""chosen_gpu"": 1}]"
steady,8,1,38,1787608076.3882182,0.00035,0.08552989334691563,0.08552989334691563,0.05432700562657915,2+2,2+2,"{""model_3"": 1, ""model_4"": 1, ""model_5"": 0, ""model_6"": 0}","{""model_3"": 1, ""model_4"": 0, ""model_5"": 1, ""model_6"": 0}",2,"model_5,model_4",False,MIGRATE,literal line-8 absolute delta exceeds tau,2,0,,model_5,0,1,0.09772538319978392,4,3,1,0.034611867121402934,"[{""model"": ""model_3"", ""current_gpu"": 1, ""best_gpu"": 0, ""current_r"": 0.0, ""best_r"": 0.0, ""absolute_delta"": 0.0, ""tau"": 0.00035, ""chosen_gpu"": 1}, {""model"": ""model_6"", ""current_gpu"": 0, ""best_gpu"": 0, ""current_r"": 0.0, ""best_r"": 0.0, ""absolute_delta"": 0.0, ""tau"": 0.00035, ""chosen_gpu"": 0}, {""model"": ""model_5"", ""current_gpu"": 0, ""best_gpu"": 1, ""current_r"": 0.043327540171925694, ""best_r"": 0.04207203477393435, ""absolute_delta"": 0.0012555053979913453, ""tau"": 0.00035, ""chosen_gpu"": 1}, {""model"": ""model_4"", ""current_gpu"": 1, ""best_gpu"": 0, ""current_r"": 0.07793940729332863, ""best_r"": 0.043327540171925694, ""absolute_delta"": 0.034611867121402934, ""tau"": 0.00035, ""chosen_gpu"": 0}]"
steady,8,1,39,1787608081.4134288,0.00035,0.09816439865437712,0.04759137640749396,0.09816439865437712,1+3,2+2,"{""model_3"": 1, ""model_4"": 1, ""model_5"": 1, ""model_6"": 0}","{""model_3"": 1, ""model_4"": 1, ""model_5"": 0, ""model_6"": 0}",1,model_5,True,,migration cooldown active,1,1,target memory infeasible,,,,,4,2,1,0.0016479520551945168,"[{""model"": ""model_3"", ""current_gpu"": 1, ""best_gpu"": 0, ""current_r"": 0.0, ""best_r"": 0.0, ""absolute_delta"": 0.0, ""tau"": 0.00035, ""chosen_gpu"": 1}, {""model"": ""model_6"", ""current_gpu"": 0, ""best_gpu"": 0, ""current_r"": 0.0, ""best_r"": 0.0, ""absolute_delta"": 0.0, ""tau"": 0.00035, ""chosen_gpu"": 0}, {""model"": ""model_5"", ""current_gpu"": 1, ""best_gpu"": 0, ""current_r"": 0.04923932846268848, ""best_r"": 0.04759137640749396, ""absolute_delta"": 0.0016479520551945168, ""tau"": 0.00035, ""chosen_gpu"": 0}, {""model"": ""model_4"", ""current_gpu"": 1, ""best_gpu"": 1, ""current_r"": 0.04923932846268848, ""best_r"": 0.04923932846268848, ""absolute_delta"": 0.0, ""tau"": 0.00035, ""chosen_gpu"": 1}]"
steady,8,1,40,1787608086.4396572,0.00035,0.10651253539372914,0.04004906151491187,0.10651253539372914,1+3,2+2,"{""model_3"": 1, ""model_4"": 1, ""model_5"": 1, ""model_6"": 0}","{""model_3"": 1, ""model_4"": 1, ""model_5"": 0, ""model_6"": 0}",1,model_5,True,,migration cooldown active,1,1,target memory infeasible,,,,,4,2,1,0.005557129872713014,"[{""model"": ""model_3"", ""current_gpu"": 1, ""best_gpu"": 0, ""current_r"": 0.0, ""best_r"": 0.0, ""absolute_delta"": 0.0, ""tau"": 0.00035, ""chosen_gpu"": 1}, {""model"": ""model_6"", ""current_gpu"": 0, ""best_gpu"": 0, ""current_r"": 0.0, ""best_r"": 0.0, ""absolute_delta"": 0.0, ""tau"": 0.00035, ""chosen_gpu"": 0}, {""model"": ""model_5"", ""current_gpu"": 1, ""best_gpu"": 0, ""current_r"": 0.04560619138762488, ""best_r"": 0.04004906151491187, ""absolute_delta"": 0.005557129872713014, ""tau"": 0.00035, ""chosen_gpu"": 0}, {""model"": ""model_4"", ""current_gpu"": 1, ""best_gpu"": 1, ""current_r"": 0.04560619138762488, ""best_r"": 0.04560619138762488, ""absolute_delta"": 0.0, ""tau"": 0.00035, ""chosen_gpu"": 1}]"
steady,8,1,41,1787608091.4676073,0.00035,0.1014293634262352,0.03701572032429999,0.1014293634262352,1+3,2+2,"{""model_3"": 1, ""model_4"": 1, ""model_5"": 1, ""model_6"": 0}","{""model_3"": 1, ""model_4"": 1, ""model_5"": 0, ""model_6"": 0}",1,model_5,True,,migration cooldown active,1,1,target memory infeasible,,,,,4,2,1,0.004116979319092343,"[{""model"": ""model_3"", ""current_gpu"": 1, ""best_gpu"": 0, ""current_r"": 0.0, ""best_r"": 0.0, ""absolute_delta"": 0.0, ""tau"": 0.00035, ""chosen_gpu"": 1}, {""model"": ""model_6"", ""current_gpu"": 0, ""best_gpu"": 0, ""current_r"": 0.0, ""best_r"": 0.0, ""absolute_delta"": 0.0, ""tau"": 0.00035, ""chosen_gpu"": 0}, {""model"": ""model_5"", ""current_gpu"": 1, ""best_gpu"": 0, ""current_r"": 0.041132699643392334, ""best_r"": 0.03701572032429999, ""absolute_delta"": 0.004116979319092343, ""tau"": 0.00035, ""chosen_gpu"": 0}, {""model"": ""model_4"", ""current_gpu"": 1, ""best_gpu"": 1, ""current_r"": 0.041132699643392334, ""best_r"": 0.041132699643392334, ""absolute_delta"": 0.0, ""tau"": 0.00035, ""chosen_gpu"": 1}]"
steady,8,1,42,1787608096.497396,0.00035,0.10154279937932958,0.03619945704531816,0.10154279937932958,1+3,2+2,"{""model_3"": 1, ""model_4"": 1, ""model_5"": 1, ""model_6"": 0}","{""model_3"": 1, ""model_4"": 1, ""model_5"": 0, ""model_6"": 0}",1,model_5,True,,migration cooldown active,1,1,target memory infeasible,,,,,4,2,1,0.0038553034139357373,"[{""model"": ""model_3"", ""current_gpu"": 1, ""best_gpu"": 0, ""current_r"": 0.0, ""best_r"": 0.0, ""absolute_delta"": 0.0, ""tau"": 0.00035, ""chosen_gpu"": 1}, {""model"": ""model_6"", ""current_gpu"": 0, ""best_gpu"": 0, ""current_r"": 0.0, ""best_r"": 0.0, ""absolute_delta"": 0.0, ""tau"": 0.00035, ""chosen_gpu"": 0}, {""model"": ""model_5"", ""current_gpu"": 1, ""best_gpu"": 0, ""current_r"": 0.0400547604592539, ""best_r"": 0.03619945704531816, ""absolute_delta"": 0.0038553034139357373, ""tau"": 0.00035, ""chosen_gpu"": 0}, {""model"": ""model_4"", ""current_gpu"": 1, ""best_gpu"": 1, ""current_r"": 0.0400547604592539, ""best_r"": 0.0400547604592539, ""absolute_delta"": 0.0, ""tau"": 0.00035, ""chosen_gpu"": 1}]"
steady,8,1,43,1787608101.5289423,0.00035,0.11545886864994624,0.03207022913016756,0.11545886864994624,1+3,2+2,"{""model_3"": 1, ""model_4"": 1, ""model_5"": 1, ""model_6"": 0}","{""model_3"": 1, ""model_4"": 1, ""model_5"": 0, ""model_6"": 0}",1,model_5,True,,migration cooldown active,1,0,,,,,,4,2,1,0.016549980346254024,"[{""model"": ""model_3"", ""current_gpu"": 1, ""best_gpu"": 0, ""current_r"": 0.0, ""best_r"": 0.0, ""absolute_delta"": 0.0, ""tau"": 0.00035, ""chosen_gpu"": 1}, {""model"": ""model_6"", ""current_gpu"": 0, ""best_gpu"": 0, ""current_r"": 0.0, ""best_r"": 0.0, ""absolute_delta"": 0.0, ""tau"": 0.00035, ""chosen_gpu"": 0}, {""model"": ""model_5"", ""current_gpu"": 1, ""best_gpu"": 0, ""current_r"": 0.04862020947642159, ""best_r"": 0.03207022913016756, ""absolute_delta"": 0.016549980346254024, ""tau"": 0.00035, ""chosen_gpu"": 0}, {""model"": ""model_4"", ""current_gpu"": 1, ""best_gpu"": 1, ""current_r"": 0.04862020947642159, ""best_r"": 0.04862020947642159, ""absolute_delta"": 0.0, ""tau"": 0.00035, ""chosen_gpu"": 1}]"
steady,8,1,44,1787608106.5621896,0.00035,0.11330010290233684,0.030431113579730468,0.11330010290233684,1+3,2+2,"{""model_3"": 1, ""model_4"": 1, ""model_5"": 1, ""model_6"": 0}","{""model_3"": 1, ""model_4"": 1, ""model_5"": 0, ""model_6"": 0}",1,model_5,False,MIGRATE,literal line-8 absolute delta exceeds tau,1,0,,model_5,1,0,0.07695907519972661,4,2,1,0.013360071994352705,"[{""model"": ""model_3"", ""current_gpu"": 1, ""best_gpu"": 0, ""current_r"": 0.0, ""best_r"": 0.0, ""absolute_delta"": 0.0, ""tau"": 0.00035, ""chosen_gpu"": 1}, {""model"": ""model_6"", ""current_gpu"": 0, ""best_gpu"": 0, ""current_r"": 0.0, ""best_r"": 0.0, ""absolute_delta"": 0.0, ""tau"": 0.00035, ""chosen_gpu"": 0}, {""model"": ""model_5"", ""current_gpu"": 1, ""best_gpu"": 0, ""current_r"": 0.04379118557408317, ""best_r"": 0.030431113579730468, ""absolute_delta"": 0.013360071994352705, ""tau"": 0.00035, ""chosen_gpu"": 0}, {""model"": ""model_4"", ""current_gpu"": 1, ""best_gpu"": 1, ""current_r"": 0.04379118557408317, ""best_r"": 0.04379118557408317, ""absolute_delta"": 0.0, ""tau"": 0.00035, ""chosen_gpu"": 1}]"
steady,8,1,45,1787608113.3873432,0.00035,0.06567642204299426,0.06567642204299426,0.04719185972048465,2+2,2+2,"{""model_3"": 1, ""model_4"": 1, ""model_5"": 0, ""model_6"": 0}","{""model_3"": 1, ""model_4"": 1, ""model_5"": 0, ""model_6"": 0}",0,,True,,migration cooldown active,0,0,,,,,,4,0,0,0.0,"[{""model"": ""model_3"", ""current_gpu"": 1, ""best_gpu"": 1, ""current_r"": 0.0, ""best_r"": 0.0, ""absolute_delta"": 0.0, ""tau"": 0.00035, ""chosen_gpu"": 1}, {""model"": ""model_5"", ""current_gpu"": 0, ""best_gpu"": 0, ""current_r"": 0.0, ""best_r"": 0.0, ""absolute_delta"": 0.0, ""tau"": 0.00035, ""chosen_gpu"": 0}, {""model"": ""model_6"", ""current_gpu"": 0, ""best_gpu"": 0, ""current_r"": 0.025799216712745012, ""best_r"": 0.025799216712745012, ""absolute_delta"": 0.0, ""tau"": 0.00035, ""chosen_gpu"": 0}, {""model"": ""model_4"", ""current_gpu"": 1, ""best_gpu"": 1, ""current_r"": 0.03417049861382589, ""best_r"": 0.03417049861382589, ""absolute_delta"": 0.0, ""tau"": 0.00035, ""chosen_gpu"": 1}]"
steady,8,1,46,1787608118.417168,0.00035,0.07118168085101108,0.07118168085101108,0.06906364040682426,2+2,2+2,"{""model_3"": 1, ""model_4"": 1, ""model_5"": 0, ""model_6"": 0}","{""model_3"": 1, ""model_4"": 1, ""model_5"": 0, ""model_6"": 0}",0,,True,,migration cooldown active,0,0,,,,,,4,0,0,0.0,"[{""model"": ""model_3"", ""current_gpu"": 1, ""best_gpu"": 1, ""current_r"": 0.0, ""best_r"": 0.0, ""absolute_delta"": 0.0, ""tau"": 0.00035, ""chosen_gpu"": 1}, {""model"": ""model_5"", ""current_gpu"": 0, ""best_gpu"": 0, ""current_r"": 0.0, ""best_r"": 0.0, ""absolute_delta"": 0.0, ""tau"": 0.00035, ""chosen_gpu"": 0}, {""model"": ""model_6"", ""current_gpu"": 0, ""best_gpu"": 0, ""current_r"": 0.031039016797039954, ""best_r"": 0.031039016797039954, ""absolute_delta"": 0.0, ""tau"": 0.00035, ""chosen_gpu"": 0}, {""model"": ""model_4"", ""current_gpu"": 1, ""best_gpu"": 1, ""current_r"": 0.05122506240022742, ""best_r"": 0.05122506240022742, ""absolute_delta"": 0.0, ""tau"": 0.00035, ""chosen_gpu"": 1}]"
steady,8,1,47,1787608123.453258,0.00035,0.09067402691056826,0.09067402691056826,0.05574490257929413,2+2,2+2,"{""model_3"": 1, ""model_4"": 1, ""model_5"": 0, ""model_6"": 0}","{""model_3"": 1, ""model_4"": 1, ""model_5"": 0, ""model_6"": 0}",0,,True,,migration cooldown active,0,0,,,,,,4,0,0,0.0,"[{""model"": ""model_3"", ""current_gpu"": 1, ""best_gpu"": 1, ""current_r"": 0.0, ""best_r"": 0.0, ""absolute_delta"": 0.0, ""tau"": 0.00035, ""chosen_gpu"": 1}, {""model"": ""model_5"", ""current_gpu"": 0, ""best_gpu"": 0, ""current_r"": 0.0, ""best_r"": 0.0, ""absolute_delta"": 0.0, ""tau"": 0.00035, ""chosen_gpu"": 0}, {""model"": ""model_6"", ""current_gpu"": 0, ""best_gpu"": 0, ""current_r"": 0.039011568356743194, ""best_r"": 0.039011568356743194, ""absolute_delta"": 0.0, ""tau"": 0.00035, ""chosen_gpu"": 0}, {""model"": ""model_4"", ""current_gpu"": 1, ""best_gpu"": 1, ""current_r"": 0.04013292974128733, ""best_r"": 0.04013292974128733, ""absolute_delta"": 0.0, ""tau"": 0.00035, ""chosen_gpu"": 1}]"
steady,8,1,48,1787608128.4878979,0.00035,0.08004864029052193,0.08004864029052193,0.042782697746850964,2+2,1+3,"{""model_3"": 1, ""model_4"": 1, ""model_5"": 0, ""model_6"": 0}","{""model_3"": 1, ""model_4"": 1, ""model_5"": 0, ""model_6"": 1}",1,model_6,True,,migration cooldown active,1,0,,,,,,4,1,0,0.004764725299886925,"[{""model"": ""model_5"", ""current_gpu"": 0, ""best_gpu"": 0, ""current_r"": 0.0, ""best_r"": 0.0, ""absolute_delta"": 0.0, ""tau"": 0.00035, ""chosen_gpu"": 0}, {""model"": ""model_3"", ""current_gpu"": 1, ""best_gpu"": 1, ""current_r"": 0.0, ""best_r"": 0.0, ""absolute_delta"": 0.0, ""tau"": 0.00035, ""chosen_gpu"": 1}, {""model"": ""model_6"", ""current_gpu"": 0, ""best_gpu"": 1, ""current_r"": 0.03360898256798691, ""best_r"": 0.028844257268099985, ""absolute_delta"": 0.004764725299886925, ""tau"": 0.00035, ""chosen_gpu"": 1}, {""model"": ""model_4"", ""current_gpu"": 1, ""best_gpu"": 1, ""current_r"": 0.066978676905613, ""best_r"": 0.066978676905613, ""absolute_delta"": 0.0, ""tau"": 0.00035, ""chosen_gpu"": 1}]"
steady,8,1,49,1787608133.777514,0.00035,0.08617405510848099,0.08617405510848099,0.04711420808448062,2+2,2+2,"{""model_3"": 1, ""model_4"": 1, ""model_5"": 0, ""model_6"": 0}","{""model_3"": 1, ""model_4"": 1, ""model_5"": 0, ""model_6"": 0}",0,,True,,migration cooldown active,0,0,,,,,,4,0,0,0.0,"[{""model"": ""model_3"", ""current_gpu"": 1, ""best_gpu"": 1, ""current_r"": 0.0, ""best_r"": 0.0, ""absolute_delta"": 0.0, ""tau"": 0.00035, ""chosen_gpu"": 1}, {""model"": ""model_6"", ""current_gpu"": 0, ""best_gpu"": 0, ""current_r"": 0.0, ""best_r"": 0.0, ""absolute_delta"": 0.0, ""tau"": 0.00035, ""chosen_gpu"": 0}, {""model"": ""model_5"", ""current_gpu"": 0, ""best_gpu"": 0, ""current_r"": 0.03347144627248919, ""best_r"": 0.03347144627248919, ""absolute_delta"": 0.0, ""tau"": 0.00035, ""chosen_gpu"": 0}, {""model"": ""model_4"", ""current_gpu"": 1, ""best_gpu"": 1, ""current_r"": 0.03532917743192799, ""best_r"": 0.03532917743192799, ""absolute_delta"": 0.0, ""tau"": 0.00035, ""chosen_gpu"": 1}]"
steady,8,1,50,1787608138.8126953,0.00035,0.07716719463107849,0.07716719463107849,0.03236939408046407,2+2,1+3,"{""model_3"": 1, ""model_4"": 1, ""model_5"": 0, ""model_6"": 0}","{""model_3"": 1, ""model_4"": 1, ""model_5"": 1, ""model_6"": 0}",1,model_5,False,MIGRATE,literal line-8 absolute delta exceeds tau,1,0,,model_5,0,1,0.07479075457994294,4,1,0,0.007355351125675369,"[{""model"": ""model_6"", ""current_gpu"": 0, ""best_gpu"": 0, ""current_r"": 0.0, ""best_r"": 0.0, ""absolute_delta"": 0.0, ""tau"": 0.00035, ""chosen_gpu"": 0}, {""model"": ""model_3"", ""current_gpu"": 1, ""best_gpu"": 1, ""current_r"": 0.0, ""best_r"": 0.0, ""absolute_delta"": 0.0, ""tau"": 0.00035, ""chosen_gpu"": 1}, {""model"": ""model_5"", ""current_gpu"": 0, ""best_gpu"": 1, ""current_r"": 0.032596216627380124, ""best_r"": 0.025240865501704755, ""absolute_delta"": 0.007355351125675369, ""tau"": 0.00035, ""chosen_gpu"": 1}, {""model"": ""model_4"", ""current_gpu"": 1, ""best_gpu"": 1, ""current_r"": 0.06155823522362963, ""best_r"": 0.06155823522362963, ""absolute_delta"": 0.0, ""tau"": 0.00035, ""chosen_gpu"": 1}]"
steady,8,1,51,1787608143.8460073,0.00035,0.07583912541463379,0.05112517188885607,0.07583912541463379,1+3,2+2,"{""model_3"": 1, ""model_4"": 1, ""model_5"": 1, ""model_6"": 0}","{""model_3"": 1, ""model_4"": 0, ""model_5"": 1, ""model_6"": 0}",1,model_4,True,,migration cooldown active,1,1,target memory infeasible,,,,,4,1,0,0.008384605918974455,"[{""model"": ""model_6"", ""current_gpu"": 0, ""best_gpu"": 0, ""current_r"": 0.0, ""best_r"": 0.0, ""absolute_delta"": 0.0, ""tau"": 0.00035, ""chosen_gpu"": 0}, {""model"": ""model_3"", ""current_gpu"": 1, ""best_gpu"": 1, ""current_r"": 0.0, ""best_r"": 0.0, ""absolute_delta"": 0.0, ""tau"": 0.00035, ""chosen_gpu"": 1}, {""model"": ""model_5"", ""current_gpu"": 1, ""best_gpu"": 1, ""current_r"": 0.030711112046338637, ""best_r"": 0.030711112046338637, ""absolute_delta"": 0.0, ""tau"": 0.00035, ""chosen_gpu"": 1}, {""model"": ""model_4"", ""current_gpu"": 1, ""best_gpu"": 0, ""current_r"": 0.059509777807830525, ""best_r"": 0.05112517188885607, ""absolute_delta"": 0.008384605918974455, ""tau"": 0.00035, ""chosen_gpu"": 0}]"
steady,8,1,52,1787608148.881725,0.00035,0.08175053903158494,0.03134149890435016,0.08175053903158494,1+3,2+2,"{""model_3"": 1, ""model_4"": 1, ""model_5"": 1, ""model_6"": 0}","{""model_3"": 1, ""model_4"": 0, ""model_5"": 1, ""model_6"": 0}",1,model_4,True,,migration cooldown active,1,1,target memory infeasible,,,,,4,1,0,0.03207987509465232,"[{""model"": ""model_6"", ""current_gpu"": 0, ""best_gpu"": 0, ""current_r"": 0.0, ""best_r"": 0.0, ""absolute_delta"": 0.0, ""tau"": 0.00035, ""chosen_gpu"": 0}, {""model"": ""model_3"", ""current_gpu"": 1, ""best_gpu"": 1, ""current_r"": 0.0, ""best_r"": 0.0, ""absolute_delta"": 0.0, ""tau"": 0.00035, ""chosen_gpu"": 1}, {""model"": ""model_5"", ""current_gpu"": 1, ""best_gpu"": 1, ""current_r"": 0.02766879746182884, ""best_r"": 0.02766879746182884, ""absolute_delta"": 0.0, ""tau"": 0.00035, ""chosen_gpu"": 1}, {""model"": ""model_4"", ""current_gpu"": 1, ""best_gpu"": 0, ""current_r"": 0.06342137399900248, ""best_r"": 0.03134149890435016, ""absolute_delta"": 0.03207987509465232, ""tau"": 0.00035, ""chosen_gpu"": 0}]"
steady,8,1,53,1787608153.980982,0.00035,0.0913256506124187,0.032954491812970985,0.0913256506124187,1+3,2+2,"{""model_3"": 1, ""model_4"": 1, ""model_5"": 1, ""model_6"": 0}","{""model_3"": 1, ""model_4"": 0, ""model_5"": 1, ""model_6"": 0}",1,model_4,True,,migration cooldown active,1,1,target memory infeasible,,,,,4,2,1,0.04070345390792593,"[{""model"": ""model_3"", ""current_gpu"": 1, ""best_gpu"": 0, ""current_r"": 0.0, ""best_r"": 0.0, ""absolute_delta"": 0.0, ""tau"": 0.00035, ""chosen_gpu"": 1}, {""model"": ""model_6"", ""current_gpu"": 0, ""best_gpu"": 0, ""current_r"": 0.0, ""best_r"": 0.0, ""absolute_delta"": 0.0, ""tau"": 0.00035, ""chosen_gpu"": 0}, {""model"": ""model_5"", ""current_gpu"": 1, ""best_gpu"": 1, ""current_r"": 0.03450215116008835, ""best_r"": 0.03450215116008835, ""absolute_delta"": 0.0, ""tau"": 0.00035, ""chosen_gpu"": 1}, {""model"": ""model_4"", ""current_gpu"": 1, ""best_gpu"": 0, ""current_r"": 0.07365794572089691, ""best_r"": 0.032954491812970985, ""absolute_delta"": 0.04070345390792593, ""tau"": 0.00035, ""chosen_gpu"": 0}]"
steady,8,1,54,1787608159.0172186,0.00035,0.1155983080736291,0.03195685504227923,0.1155983080736291,1+3,2+2,"{""model_3"": 1, ""model_4"": 1, ""model_5"": 1, ""model_6"": 0}","{""model_3"": 1, ""model_4"": 0, ""model_5"": 1, ""model_6"": 0}",1,model_4,True,,migration cooldown active,1,1,target memory infeasible,,,,,4,2,1,0.06191276134775234,"[{""model"": ""model_3"", ""current_gpu"": 1, ""best_gpu"": 0, ""current_r"": 0.0, ""best_r"": 0.0, ""absolute_delta"": 0.0, ""tau"": 0.00035, ""chosen_gpu"": 1}, {""model"": ""model_5"", ""current_gpu"": 1, ""best_gpu"": 1, ""current_r"": 0.04595147810376082, ""best_r"": 0.04595147810376082, ""absolute_delta"": 0.0, ""tau"": 0.00035, ""chosen_gpu"": 1}, {""model"": ""model_6"", ""current_gpu"": 0, ""best_gpu"": 0, ""current_r"": 0.0, ""best_r"": 0.0, ""absolute_delta"": 0.0, ""tau"": 0.00035, ""chosen_gpu"": 0}, {""model"": ""model_4"", ""current_gpu"": 1, ""best_gpu"": 0, ""current_r"": 0.09386961639003157, ""best_r"": 0.03195685504227923, ""absolute_delta"": 0.06191276134775234, ""tau"": 0.00035, ""chosen_gpu"": 0}]"
steady,8,1,55,1787608164.0556777,0.00035,0.12014370338343687,0.031194439439576758,0.12014370338343687,1+3,2+2,"{""model_3"": 1, ""model_4"": 1, ""model_5"": 1, ""model_6"": 0}","{""model_3"": 1, ""model_4"": 0, ""model_5"": 1, ""model_6"": 0}",1,model_4,True,,migration cooldown active,1,1,target memory infeasible,,,,,4,2,1,0.06655346159805904,"[{""model"": ""model_3"", ""current_gpu"": 1, ""best_gpu"": 0, ""current_r"": 0.0, ""best_r"": 0.0, ""absolute_delta"": 0.0, ""tau"": 0.00035, ""chosen_gpu"": 1}, {""model"": ""model_6"", ""current_gpu"": 0, ""best_gpu"": 0, ""current_r"": 0.0, ""best_r"": 0.0, ""absolute_delta"": 0.0, ""tau"": 0.00035, ""chosen_gpu"": 0}, {""model"": ""model_5"", ""current_gpu"": 1, ""best_gpu"": 1, ""current_r"": 0.05004303151002357, ""best_r"": 0.05004303151002357, ""absolute_delta"": 0.0, ""tau"": 0.00035, ""chosen_gpu"": 1}, {""model"": ""model_4"", ""current_gpu"": 1, ""best_gpu"": 0, ""current_r"": 0.0977479010376358, ""best_r"": 0.031194439439576758, ""absolute_delta"": 0.06655346159805904, ""tau"": 0.00035, ""chosen_gpu"": 0}]"
steady,8,1,56,1787608169.0915508,0.00035,0.13214260223493324,0.031185248331991145,0.13214260223493324,1+3,2+2,"{""model_3"": 1, ""model_4"": 1, ""model_5"": 1, ""model_6"": 0}","{""model_3"": 1, ""model_4"": 0, ""model_5"": 1, ""model_6"": 0}",1,model_4,False,,line-8 placement unchanged or every candidate blocked,1,1,target memory infeasible,,,,,4,2,1,0.07542431216255045,"[{""model"": ""model_3"", ""current_gpu"": 1, ""best_gpu"": 0, ""current_r"": 0.0, ""best_r"": 0.0, ""absolute_delta"": 0.0, ""tau"": 0.00035, ""chosen_gpu"": 1}, {""model"": ""model_5"", ""current_gpu"": 1, ""best_gpu"": 1, ""current_r"": 0.04609716265732669, ""best_r"": 0.04609716265732669, ""absolute_delta"": 0.0, ""tau"": 0.00035, ""chosen_gpu"": 1}, {""model"": ""model_6"", ""current_gpu"": 0, ""best_gpu"": 0, ""current_r"": 0.0, ""best_r"": 0.0, ""absolute_delta"": 0.0, ""tau"": 0.00035, ""chosen_gpu"": 0}, {""model"": ""model_4"", ""current_gpu"": 1, ""best_gpu"": 0, ""current_r"": 0.1066095604945416, ""best_r"": 0.031185248331991145, ""absolute_delta"": 0.07542431216255045, ""tau"": 0.00035, ""chosen_gpu"": 0}]"
steady,8,1,57,1787608174.1294732,0.00035,0.12003831784739365,0.029662958536628047,0.12003831784739365,1+3,2+2,"{""model_3"": 1, ""model_4"": 1, ""model_5"": 1, ""model_6"": 0}","{""model_3"": 1, ""model_4"": 0, ""model_5"": 1, ""model_6"": 0}",1,model_4,False,,line-8 placement unchanged or every candidate blocked,1,1,target memory infeasible,,,,,4,2,1,0.06645630849576753,"[{""model"": ""model_3"", ""current_gpu"": 1, ""best_gpu"": 0, ""current_r"": 0.0, ""best_r"": 0.0, ""absolute_delta"": 0.0, ""tau"": 0.00035, ""chosen_gpu"": 1}, {""model"": ""model_5"", ""current_gpu"": 1, ""best_gpu"": 1, ""current_r"": 0.04297123332671729, ""best_r"": 0.04297123332671729, ""absolute_delta"": 0.0, ""tau"": 0.00035, ""chosen_gpu"": 1}, {""model"": ""model_6"", ""current_gpu"": 0, ""best_gpu"": 0, ""current_r"": 0.0, ""best_r"": 0.0, ""absolute_delta"": 0.0, ""tau"": 0.00035, ""chosen_gpu"": 0}, {""model"": ""model_4"", ""current_gpu"": 1, ""best_gpu"": 0, ""current_r"": 0.09611926703239558, ""best_r"": 0.029662958536628047, ""absolute_delta"": 0.06645630849576753, ""tau"": 0.00035, ""chosen_gpu"": 0}]"
steady,8,1,58,1787608179.1678255,0.00035,0.11739734944665263,0.028382173107994336,0.11739734944665263,1+3,2+2,"{""model_3"": 1, ""model_4"": 1, ""model_5"": 1, ""model_6"": 0}","{""model_3"": 1, ""model_4"": 0, ""model_5"": 1, ""model_6"": 0}",1,model_4,False,,line-8 placement unchanged or every candidate blocked,1,1,target memory infeasible,,,,,4,2,1,0.06678629443489888,"[{""model"": ""model_3"", ""current_gpu"": 1, ""best_gpu"": 0, ""current_r"": 0.0, ""best_r"": 0.0, ""absolute_delta"": 0.0, ""tau"": 0.00035, ""chosen_gpu"": 1}, {""model"": ""model_5"", ""current_gpu"": 1, ""best_gpu"": 1, ""current_r"": 0.04554860558705828, ""best_r"": 0.04554860558705828, ""absolute_delta"": 0.0, ""tau"": 0.00035, ""chosen_gpu"": 1}, {""model"": ""model_6"", ""current_gpu"": 0, ""best_gpu"": 0, ""current_r"": 0.0, ""best_r"": 0.0, ""absolute_delta"": 0.0, ""tau"": 0.00035, ""chosen_gpu"": 0}, {""model"": ""model_4"", ""current_gpu"": 1, ""best_gpu"": 0, ""current_r"": 0.09516846754289321, ""best_r"": 0.028382173107994336, ""absolute_delta"": 0.06678629443489888, ""tau"": 0.00035, ""chosen_gpu"": 0}]"
steady,8,1,59,1787608184.2144692,0.00035,0.11835172806360401,0.03709276382749393,0.11835172806360401,1+3,2+2,"{""model_3"": 1, ""model_4"": 1, ""model_5"": 1, ""model_6"": 0}","{""model_3"": 1, ""model_4"": 0, ""model_5"": 1, ""model_6"": 0}",1,model_4,False,,line-8 placement unchanged or every candidate blocked,1,1,target memory infeasible,,,,,4,2,1,0.06116136845782313,"[{""model"": ""model_3"", ""current_gpu"": 1, ""best_gpu"": 0, ""current_r"": 0.0, ""best_r"": 0.0, ""absolute_delta"": 0.0, ""tau"": 0.00035, ""chosen_gpu"": 1}, {""model"": ""model_6"", ""current_gpu"": 0, ""best_gpu"": 0, ""current_r"": 0.0, ""best_r"": 0.0, ""absolute_delta"": 0.0, ""tau"": 0.00035, ""chosen_gpu"": 0}, {""model"": ""model_5"", ""current_gpu"": 1, ""best_gpu"": 1, ""current_r"": 0.048350188134666204, ""best_r"": 0.048350188134666204, ""absolute_delta"": 0.0, ""tau"": 0.00035, ""chosen_gpu"": 1}, {""model"": ""model_4"", ""current_gpu"": 1, ""best_gpu"": 0, ""current_r"": 0.09825413228531706, ""best_r"": 0.03709276382749393, ""absolute_delta"": 0.06116136845782313, ""tau"": 0.00035, ""chosen_gpu"": 0}]"
steady,8,1,60,1787608189.2565873,0.00035,0.11669923457375173,0.027389625753580997,0.11669923457375173,1+3,2+2,"{""model_3"": 1, ""model_4"": 1, ""model_5"": 1, ""model_6"": 0}","{""model_3"": 1, ""model_4"": 0, ""model_5"": 1, ""model_6"": 0}",1,model_4,False,,line-8 placement unchanged or every candidate blocked,1,1,target memory infeasible,,,,,4,2,1,0.06965749174488403,"[{""model"": ""model_3"", ""current_gpu"": 1, ""best_gpu"": 0, ""current_r"": 0.0, ""best_r"": 0.0, ""absolute_delta"": 0.0, ""tau"": 0.00035, ""chosen_gpu"": 1}, {""model"": ""model_5"", ""current_gpu"": 1, ""best_gpu"": 1, ""current_r"": 0.0439530012675901, ""best_r"": 0.0439530012675901, ""absolute_delta"": 0.0, ""tau"": 0.00035, ""chosen_gpu"": 1}, {""model"": ""model_6"", ""current_gpu"": 0, ""best_gpu"": 0, ""current_r"": 0.0, ""best_r"": 0.0, ""absolute_delta"": 0.0, ""tau"": 0.00035, ""chosen_gpu"": 0}, {""model"": ""model_4"", ""current_gpu"": 1, ""best_gpu"": 0, ""current_r"": 0.09704711749846504, ""best_r"": 0.027389625753580997, ""absolute_delta"": 0.06965749174488403, ""tau"": 0.00035, ""chosen_gpu"": 0}]"
steady,8,1,61,1787608194.3001518,0.00035,0.12761832154665212,0.03276649753911226,0.12761832154665212,1+3,2+2,"{""model_3"": 1, ""model_4"": 1, ""model_5"": 1, ""model_6"": 0}","{""model_3"": 1, ""model_4"": 0, ""model_5"": 1, ""model_6"": 0}",1,model_4,False,,line-8 placement unchanged or every candidate blocked,1,1,target memory infeasible,,,,,4,2,1,0.07030745477647891,"[{""model"": ""model_3"", ""current_gpu"": 1, ""best_gpu"": 0, ""current_r"": 0.0, ""best_r"": 0.0, ""absolute_delta"": 0.0, ""tau"": 0.00035, ""chosen_gpu"": 1}, {""model"": ""model_5"", ""current_gpu"": 1, ""best_gpu"": 1, ""current_r"": 0.0480972451211651, ""best_r"": 0.0480972451211651, ""absolute_delta"": 0.0, ""tau"": 0.00035, ""chosen_gpu"": 1}, {""model"": ""model_6"", ""current_gpu"": 0, ""best_gpu"": 0, ""current_r"": 0.0, ""best_r"": 0.0, ""absolute_delta"": 0.0, ""tau"": 0.00035, ""chosen_gpu"": 0}, {""model"": ""model_4"", ""current_gpu"": 1, ""best_gpu"": 0, ""current_r"": 0.10307395231559117, ""best_r"": 0.03276649753911226, ""absolute_delta"": 0.07030745477647891, ""tau"": 0.00035, ""chosen_gpu"": 0}]"
steady,8,1,62,1787608199.3398979,0.00035,0.1473458551318828,0.029376828453781915,0.1473458551318828,1+3,2+2,"{""model_3"": 1, ""model_4"": 1, ""model_5"": 1, ""model_6"": 0}","{""model_3"": 1, ""model_4"": 0, ""model_5"": 1, ""model_6"": 0}",1,model_4,False,,line-8 placement unchanged or every candidate blocked,1,1,target memory infeasible,,,,,4,2,1,0.09102718926207154,"[{""model"": ""model_3"", ""current_gpu"": 1, ""best_gpu"": 0, ""current_r"": 0.0, ""best_r"": 0.0, ""absolute_delta"": 0.0, ""tau"": 0.00035, ""chosen_gpu"": 1}, {""model"": ""model_5"", ""current_gpu"": 1, ""best_gpu"": 1, ""current_r"": 0.054071182924810196, ""best_r"": 0.054071182924810196, ""absolute_delta"": 0.0, ""tau"": 0.00035, ""chosen_gpu"": 1}, {""model"": ""model_6"", ""current_gpu"": 0, ""best_gpu"": 0, ""current_r"": 0.0, ""best_r"": 0.0, ""absolute_delta"": 0.0, ""tau"": 0.00035, ""chosen_gpu"": 0}, {""model"": ""model_4"", ""current_gpu"": 1, ""best_gpu"": 0, ""current_r"": 0.12040401771585346, ""best_r"": 0.029376828453781915, ""absolute_delta"": 0.09102718926207154, ""tau"": 0.00035, ""chosen_gpu"": 0}]"
steady,8,1,63,1787608204.4022338,0.00035,0.15036560867549362,0.02905955381782991,0.15036560867549362,1+3,2+2,"{""model_3"": 1, ""model_4"": 1, ""model_5"": 1, ""model_6"": 0}","{""model_3"": 1, ""model_4"": 0, ""model_5"": 1, ""model_6"": 0}",1,model_4,False,,line-8 placement unchanged or every candidate blocked,1,1,target memory infeasible,,,,,4,2,1,0.09685821525440513,"[{""model"": ""model_3"", ""current_gpu"": 1, ""best_gpu"": 0, ""current_r"": 0.0, ""best_r"": 0.0, ""absolute_delta"": 0.0, ""tau"": 0.00035, ""chosen_gpu"": 1}, {""model"": ""model_5"", ""current_gpu"": 1, ""best_gpu"": 1, ""current_r"": 0.05240630264435154, ""best_r"": 0.05240630264435154, ""absolute_delta"": 0.0, ""tau"": 0.00035, ""chosen_gpu"": 1}, {""model"": ""model_6"", ""current_gpu"": 0, ""best_gpu"": 0, ""current_r"": 0.0, ""best_r"": 0.0, ""absolute_delta"": 0.0, ""tau"": 0.00035, ""chosen_gpu"": 0}, {""model"": ""model_4"", ""current_gpu"": 1, ""best_gpu"": 0, ""current_r"": 0.12591776907223504, ""best_r"": 0.02905955381782991, ""absolute_delta"": 0.09685821525440513, ""tau"": 0.00035, ""chosen_gpu"": 0}]"
steady,8,1,64,1787608209.4637525,0.00035,0.1427449127761874,0.037058846798396446,0.1427449127761874,1+3,2+2,"{""model_3"": 1, ""model_4"": 1, ""model_5"": 1, ""model_6"": 0}","{""model_3"": 1, ""model_4"": 0, ""model_5"": 1, ""model_6"": 0}",1,model_4,False,,line-8 placement unchanged or every candidate blocked,1,1,target memory infeasible,,,,,4,2,1,0.07919518159430608,"[{""model"": ""model_3"", ""current_gpu"": 1, ""best_gpu"": 0, ""current_r"": 0.0, ""best_r"": 0.0, ""absolute_delta"": 0.0, ""tau"": 0.00035, ""chosen_gpu"": 1}, {""model"": ""model_5"", ""current_gpu"": 1, ""best_gpu"": 1, ""current_r"": 0.05249638848853982, ""best_r"": 0.05249638848853982, ""absolute_delta"": 0.0, ""tau"": 0.00035, ""chosen_gpu"": 1}, {""model"": ""model_6"", ""current_gpu"": 0, ""best_gpu"": 0, ""current_r"": 0.0, ""best_r"": 0.0, ""absolute_delta"": 0.0, ""tau"": 0.00035, ""chosen_gpu"": 0}, {""model"": ""model_4"", ""current_gpu"": 1, ""best_gpu"": 0, ""current_r"": 0.11625402839270252, ""best_r"": 0.037058846798396446, ""absolute_delta"": 0.07919518159430608, ""tau"": 0.00035, ""chosen_gpu"": 0}]"
steady,8,1,65,1787608214.5074666,0.00035,0.15047970810790412,0.028993709191235374,0.15047970810790412,1+3,2+2,"{""model_3"": 1, ""model_4"": 1, ""model_5"": 1, ""model_6"": 0}","{""model_3"": 1, ""model_4"": 0, ""model_5"": 1, ""model_6"": 0}",1,model_4,False,,line-8 placement unchanged or every candidate blocked,1,1,target memory infeasible,,,,,4,2,1,0.09360343926687054,"[{""model"": ""model_3"", ""current_gpu"": 1, ""best_gpu"": 0, ""current_r"": 0.0, ""best_r"": 0.0, ""absolute_delta"": 0.0, ""tau"": 0.00035, ""chosen_gpu"": 1}, {""model"": ""model_5"", ""current_gpu"": 1, ""best_gpu"": 1, ""current_r"": 0.05756762278197301, ""best_r"": 0.05756762278197301, ""absolute_delta"": 0.0, ""tau"": 0.00035, ""chosen_gpu"": 1}, {""model"": ""model_6"", ""current_gpu"": 0, ""best_gpu"": 0, ""current_r"": 0.0, ""best_r"": 0.0, ""absolute_delta"": 0.0, ""tau"": 0.00035, ""chosen_gpu"": 0}, {""model"": ""model_4"", ""current_gpu"": 1, ""best_gpu"": 0, ""current_r"": 0.12259714845810592, ""best_r"": 0.028993709191235374, ""absolute_delta"": 0.09360343926687054, ""tau"": 0.00035, ""chosen_gpu"": 0}]"
steady,8,1,66,1787608219.8479488,0.00035,0.1256697779053434,0.033301974114418785,0.1256697779053434,1+3,2+2,"{""model_3"": 1, ""model_4"": 1, ""model_5"": 1, ""model_6"": 0}","{""model_3"": 1, ""model_4"": 0, ""model_5"": 1, ""model_6"": 0}",1,model_4,False,,line-8 placement unchanged or every candidate blocked,1,1,target memory infeasible,,,,,4,2,1,0.06778557556002796,"[{""model"": ""model_3"", ""current_gpu"": 1, ""best_gpu"": 0, ""current_r"": 0.0, ""best_r"": 0.0, ""absolute_delta"": 0.0, ""tau"": 0.00035, ""chosen_gpu"": 1}, {""model"": ""model_5"", ""current_gpu"": 1, ""best_gpu"": 1, ""current_r"": 0.04524193049296266, ""best_r"": 0.04524193049296266, ""absolute_delta"": 0.0, ""tau"": 0.00035, ""chosen_gpu"": 1}, {""model"": ""model_6"", ""current_gpu"": 0, ""best_gpu"": 0, ""current_r"": 0.0, ""best_r"": 0.0, ""absolute_delta"": 0.0, ""tau"": 0.00035, ""chosen_gpu"": 0}, {""model"": ""model_4"", ""current_gpu"": 1, ""best_gpu"": 0, ""current_r"": 0.10108754967444673, ""best_r"": 0.033301974114418785, ""absolute_delta"": 0.06778557556002796, ""tau"": 0.00035, ""chosen_gpu"": 0}]"
steady,8,1,67,1787608224.9251523,0.00035,0.1170849981141862,0.04312861821815173,0.1170849981141862,1+3,2+2,"{""model_3"": 1, ""model_4"": 1, ""model_5"": 1, ""model_6"": 0}","{""model_3"": 1, ""model_4"": 0, ""model_5"": 1, ""model_6"": 0}",1,model_4,False,,line-8 placement unchanged or every candidate blocked,1,1,target memory infeasible,,,,,4,2,1,0.052680178812803964,"[{""model"": ""model_3"", ""current_gpu"": 1, ""best_gpu"": 0, ""current_r"": 0.0, ""best_r"": 0.0, ""absolute_delta"": 0.0, ""tau"": 0.00035, ""chosen_gpu"": 1}, {""model"": ""model_6"", ""current_gpu"": 0, ""best_gpu"": 0, ""current_r"": 0.0, ""best_r"": 0.0, ""absolute_delta"": 0.0, ""tau"": 0.00035, ""chosen_gpu"": 0}, {""model"": ""model_5"", ""current_gpu"": 1, ""best_gpu"": 1, ""current_r"": 0.043670882272493175, ""best_r"": 0.043670882272493175, ""absolute_delta"": 0.0, ""tau"": 0.00035, ""chosen_gpu"": 1}, {""model"": ""model_4"", ""current_gpu"": 1, ""best_gpu"": 0, ""current_r"": 0.0958087970309557, ""best_r"": 0.04312861821815173, ""absolute_delta"": 0.052680178812803964, ""tau"": 0.00035, ""chosen_gpu"": 0}]"
steady,8,1,68,1787608229.9937372,0.00035,0.10885099380855238,0.03284080984107197,0.10885099380855238,1+3,2+2,"{""model_3"": 1, ""model_4"": 1, ""model_5"": 1, ""model_6"": 0}","{""model_3"": 1, ""model_4"": 0, ""model_5"": 1, ""model_6"": 0}",1,model_4,False,,line-8 placement unchanged or every candidate blocked,1,1,target memory infeasible,,,,,4,2,1,0.05631281571503307,"[{""model"": ""model_3"", ""current_gpu"": 1, ""best_gpu"": 0, ""current_r"": 0.0, ""best_r"": 0.0, ""absolute_delta"": 0.0, ""tau"": 0.00035, ""chosen_gpu"": 1}, {""model"": ""model_5"", ""current_gpu"": 1, ""best_gpu"": 1, ""current_r"": 0.040001819563370816, ""best_r"": 0.040001819563370816, ""absolute_delta"": 0.0, ""tau"": 0.00035, ""chosen_gpu"": 1}, {""model"": ""model_6"", ""current_gpu"": 0, ""best_gpu"": 0, ""current_r"": 0.0, ""best_r"": 0.0, ""absolute_delta"": 0.0, ""tau"": 0.00035, ""chosen_gpu"": 0}, {""model"": ""model_4"", ""current_gpu"": 1, ""best_gpu"": 0, ""current_r"": 0.08915362555610504, ""best_r"": 0.03284080984107197, ""absolute_delta"": 0.05631281571503307, ""tau"": 0.00035, ""chosen_gpu"": 0}]"
steady,8,1,69,1787608235.042235,0.00035,0.12105516920473915,0.02818037108722806,0.12105516920473915,1+3,2+2,"{""model_3"": 1, ""model_4"": 1, ""model_5"": 1, ""model_6"": 0}","{""model_3"": 1, ""model_4"": 0, ""model_5"": 1, ""model_6"": 0}",1,model_4,False,,line-8 placement unchanged or every candidate blocked,1,1,target memory infeasible,,,,,4,2,1,0.07129088346553383,"[{""model"": ""model_3"", ""current_gpu"": 1, ""best_gpu"": 0, ""current_r"": 0.0, ""best_r"": 0.0, ""absolute_delta"": 0.0, ""tau"": 0.00035, ""chosen_gpu"": 1}, {""model"": ""model_5"", ""current_gpu"": 1, ""best_gpu"": 1, ""current_r"": 0.042128884625907276, ""best_r"": 0.042128884625907276, ""absolute_delta"": 0.0, ""tau"": 0.00035, ""chosen_gpu"": 1}, {""model"": ""model_6"", ""current_gpu"": 0, ""best_gpu"": 0, ""current_r"": 0.0, ""best_r"": 0.0, ""absolute_delta"": 0.0, ""tau"": 0.00035, ""chosen_gpu"": 0}, {""model"": ""model_4"", ""current_gpu"": 1, ""best_gpu"": 0, ""current_r"": 0.09947125455276189, ""best_r"": 0.02818037108722806, ""absolute_delta"": 0.07129088346553383, ""tau"": 0.00035, ""chosen_gpu"": 0}]"
steady,8,1,70,1787608240.1090357,0.00035,0.10193676795303988,0.031294976692290914,0.10193676795303988,1+3,2+2,"{""model_3"": 1, ""model_4"": 1, ""model_5"": 1, ""model_6"": 0}","{""model_3"": 1, ""model_4"": 0, ""model_5"": 1, ""model_6"": 0}",1,model_4,False,,line-8 placement unchanged or every candidate blocked,1,1,target memory infeasible,,,,,4,2,1,0.05183134031925824,"[{""model"": ""model_3"", ""current_gpu"": 1, ""best_gpu"": 0, ""current_r"": 0.0, ""best_r"": 0.0, ""absolute_delta"": 0.0, ""tau"": 0.00035, ""chosen_gpu"": 1}, {""model"": ""model_5"", ""current_gpu"": 1, ""best_gpu"": 1, ""current_r"": 0.03545783880083987, ""best_r"": 0.03545783880083987, ""absolute_delta"": 0.0, ""tau"": 0.00035, ""chosen_gpu"": 1}, {""model"": ""model_6"", ""current_gpu"": 0, ""best_gpu"": 0, ""current_r"": 0.0, ""best_r"": 0.0, ""absolute_delta"": 0.0, ""tau"": 0.00035, ""chosen_gpu"": 0}, {""model"": ""model_4"", ""current_gpu"": 1, ""best_gpu"": 0, ""current_r"": 0.08312631701154916, ""best_r"": 0.031294976692290914, ""absolute_delta"": 0.05183134031925824, ""tau"": 0.00035, ""chosen_gpu"": 0}]"
steady,8,1,71,1787608245.155765,0.00035,0.11719516494719165,0.03542723999365172,0.11719516494719165,1+3,2+2,"{""model_3"": 1, ""model_4"": 1, ""model_5"": 1, ""model_6"": 0}","{""model_3"": 1, ""model_4"": 0, ""model_5"": 1, ""model_6"": 0}",1,model_4,False,,line-8 placement unchanged or every candidate blocked,1,1,target memory infeasible,,,,,4,2,1,0.059893933553715785,"[{""model"": ""model_3"", ""current_gpu"": 1, ""best_gpu"": 0, ""current_r"": 0.0, ""best_r"": 0.0, ""absolute_delta"": 0.0, ""tau"": 0.00035, ""chosen_gpu"": 1}, {""model"": ""model_5"", ""current_gpu"": 1, ""best_gpu"": 1, ""current_r"": 0.04284498576289613, ""best_r"": 0.04284498576289613, ""absolute_delta"": 0.0, ""tau"": 0.00035, ""chosen_gpu"": 1}, {""model"": ""model_6"", ""current_gpu"": 0, ""best_gpu"": 0, ""current_r"": 0.0, ""best_r"": 0.0, ""absolute_delta"": 0.0, ""tau"": 0.00035, ""chosen_gpu"": 0}, {""model"": ""model_4"", ""current_gpu"": 1, ""best_gpu"": 0, ""current_r"": 0.09532117354736751, ""best_r"": 0.03542723999365172, ""absolute_delta"": 0.059893933553715785, ""tau"": 0.00035, ""chosen_gpu"": 0}]"
steady,8,1,72,1787608250.2041368,0.00035,0.11728068008272845,0.03246381994123007,0.11728068008272845,1+3,2+2,"{""model_3"": 1, ""model_4"": 1, ""model_5"": 1, ""model_6"": 0}","{""model_3"": 1, ""model_4"": 0, ""model_5"": 1, ""model_6"": 0}",1,model_4,False,,line-8 placement unchanged or every candidate blocked,1,1,target memory infeasible,,,,,4,2,1,0.06480435278061311,"[{""model"": ""model_3"", ""current_gpu"": 1, ""best_gpu"": 0, ""current_r"": 0.0, ""best_r"": 0.0, ""absolute_delta"": 0.0, ""tau"": 0.00035, ""chosen_gpu"": 1}, {""model"": ""model_5"", ""current_gpu"": 1, ""best_gpu"": 1, ""current_r"": 0.03952749626778816, ""best_r"": 0.03952749626778816, ""absolute_delta"": 0.0, ""tau"": 0.00035, ""chosen_gpu"": 1}, {""model"": ""model_6"", ""current_gpu"": 0, ""best_gpu"": 0, ""current_r"": 0.0, ""best_r"": 0.0, ""absolute_delta"": 0.0, ""tau"": 0.00035, ""chosen_gpu"": 0}, {""model"": ""model_4"", ""current_gpu"": 1, ""best_gpu"": 0, ""current_r"": 0.09726817272184318, ""best_r"": 0.03246381994123007, ""absolute_delta"": 0.06480435278061311, ""tau"": 0.00035, ""chosen_gpu"": 0}]"
steady,8,1,73,1787608255.2516088,0.00035,0.11445682979045498,0.0286003892104433,0.11445682979045498,1+3,2+2,"{""model_3"": 1, ""model_4"": 1, ""model_5"": 1, ""model_6"": 0}","{""model_3"": 1, ""model_4"": 0, ""model_5"": 1, ""model_6"": 0}",1,model_4,False,,line-8 placement unchanged or every candidate blocked,1,1,target memory infeasible,,,,,4,2,1,0.0665310618968119,"[{""model"": ""model_3"", ""current_gpu"": 1, ""best_gpu"": 0, ""current_r"": 0.0, ""best_r"": 0.0, ""absolute_delta"": 0.0, ""tau"": 0.00035, ""chosen_gpu"": 1}, {""model"": ""model_5"", ""current_gpu"": 1, ""best_gpu"": 1, ""current_r"": 0.041504521422439995, ""best_r"": 0.041504521422439995, ""absolute_delta"": 0.0, ""tau"": 0.00035, ""chosen_gpu"": 1}, {""model"": ""model_6"", ""current_gpu"": 0, ""best_gpu"": 0, ""current_r"": 0.0, ""best_r"": 0.0, ""absolute_delta"": 0.0, ""tau"": 0.00035, ""chosen_gpu"": 0}, {""model"": ""model_4"", ""current_gpu"": 1, ""best_gpu"": 0, ""current_r"": 0.0951314511072552, ""best_r"": 0.0286003892104433, ""absolute_delta"": 0.0665310618968119, ""tau"": 0.00035, ""chosen_gpu"": 0}]"
steady,8,1,74,1787608260.3347359,0.00035,0.12211713878602497,0.028936404993479183,0.12211713878602497,1+3,2+2,"{""model_3"": 1, ""model_4"": 1, ""model_5"": 1, ""model_6"": 0}","{""model_3"": 1, ""model_4"": 0, ""model_5"": 1, ""model_6"": 0}",1,model_4,False,,line-8 placement unchanged or every candidate blocked,1,1,target memory infeasible,,,,,4,2,1,0.07044729209052648,"[{""model"": ""model_3"", ""current_gpu"": 1, ""best_gpu"": 0, ""current_r"": 0.0, ""best_r"": 0.0, ""absolute_delta"": 0.0, ""tau"": 0.00035, ""chosen_gpu"": 1}, {""model"": ""model_5"", ""current_gpu"": 1, ""best_gpu"": 1, ""current_r"": 0.046524375611187455, ""best_r"": 0.046524375611187455, ""absolute_delta"": 0.0, ""tau"": 0.00035, ""chosen_gpu"": 1}, {""model"": ""model_6"", ""current_gpu"": 0, ""best_gpu"": 0, ""current_r"": 0.0, ""best_r"": 0.0, ""absolute_delta"": 0.0, ""tau"": 0.00035, ""chosen_gpu"": 0}, {""model"": ""model_4"", ""current_gpu"": 1, ""best_gpu"": 0, ""current_r"": 0.09938369708400567, ""best_r"": 0.028936404993479183, ""absolute_delta"": 0.07044729209052648, ""tau"": 0.00035, ""chosen_gpu"": 0}]"
steady,8,1,75,1787608265.3947918,0.00035,0.1236108868062492,0.029714166492007563,0.1236108868062492,1+3,2+2,"{""model_3"": 1, ""model_4"": 1, ""model_5"": 1, ""model_6"": 0}","{""model_3"": 0, ""model_4"": 1, ""model_5"": 1, ""model_6"": 0}",1,model_3,False,,line-8 placement unchanged or every candidate blocked,1,1,target memory infeasible,,,,,4,1,0,0.05023629978478099,"[{""model"": ""model_5"", ""current_gpu"": 1, ""best_gpu"": 1, ""current_r"": 0.0, ""best_r"": 0.0, ""absolute_delta"": 0.0, ""tau"": 0.00035, ""chosen_gpu"": 1}, {""model"": ""model_3"", ""current_gpu"": 1, ""best_gpu"": 0, ""current_r"": 0.05023629978478099, ""best_r"": 0.0, ""absolute_delta"": 0.05023629978478099, ""tau"": 0.00035, ""chosen_gpu"": 0}, {""model"": ""model_6"", ""current_gpu"": 0, ""best_gpu"": 0, ""current_r"": 0.03624840048824103, ""best_r"": 0.03624840048824103, ""absolute_delta"": 0.0, ""tau"": 0.00035, ""chosen_gpu"": 0}, {""model"": ""model_4"", ""current_gpu"": 1, ""best_gpu"": 1, ""current_r"": 0.05023629978478099, ""best_r"": 0.05023629978478099, ""absolute_delta"": 0.0, ""tau"": 0.00035, ""chosen_gpu"": 1}]"
steady,8,1,76,1787608270.4985154,0.00035,0.15462345117206902,0.031731725350518186,0.15462345117206902,1+3,2+2,"{""model_3"": 1, ""model_4"": 1, ""model_5"": 1, ""model_6"": 0}","{""model_3"": 1, ""model_4"": 0, ""model_5"": 1, ""model_6"": 0}",1,model_4,False,,line-8 placement unchanged or every candidate blocked,1,1,target memory infeasible,,,,,4,2,1,0.09442707068203815,"[{""model"": ""model_3"", ""current_gpu"": 1, ""best_gpu"": 0, ""current_r"": 0.0, ""best_r"": 0.0, ""absolute_delta"": 0.0, ""tau"": 0.00035, ""chosen_gpu"": 1}, {""model"": ""model_5"", ""current_gpu"": 1, ""best_gpu"": 1, ""current_r"": 0.054654828128612366, ""best_r"": 0.054654828128612366, ""absolute_delta"": 0.0, ""tau"": 0.00035, ""chosen_gpu"": 1}, {""model"": ""model_6"", ""current_gpu"": 0, ""best_gpu"": 0, ""current_r"": 0.0, ""best_r"": 0.0, ""absolute_delta"": 0.0, ""tau"": 0.00035, ""chosen_gpu"": 0}, {""model"": ""model_4"", ""current_gpu"": 1, ""best_gpu"": 0, ""current_r"": 0.12615879603255634, ""best_r"": 0.031731725350518186, ""absolute_delta"": 0.09442707068203815, ""tau"": 0.00035, ""chosen_gpu"": 0}]"
steady,8,1,77,1787608275.5539615,0.00035,0.13023467507072406,0.03146225640537158,0.13023467507072406,1+3,2+2,"{""model_3"": 1, ""model_4"": 1, ""model_5"": 1, ""model_6"": 0}","{""model_3"": 1, ""model_4"": 0, ""model_5"": 1, ""model_6"": 0}",1,model_4,False,,line-8 placement unchanged or every candidate blocked,1,1,target memory infeasible,,,,,4,2,1,0.07567364418594866,"[{""model"": ""model_3"", ""current_gpu"": 1, ""best_gpu"": 0, ""current_r"": 0.0, ""best_r"": 0.0, ""absolute_delta"": 0.0, ""tau"": 0.00035, ""chosen_gpu"": 1}, {""model"": ""model_5"", ""current_gpu"": 1, ""best_gpu"": 1, ""current_r"": 0.04631393239394289, ""best_r"": 0.04631393239394289, ""absolute_delta"": 0.0, ""tau"": 0.00035, ""chosen_gpu"": 1}, {""model"": ""model_6"", ""current_gpu"": 0, ""best_gpu"": 0, ""current_r"": 0.0, ""best_r"": 0.0, ""absolute_delta"": 0.0, ""tau"": 0.00035, ""chosen_gpu"": 0}, {""model"": ""model_4"", ""current_gpu"": 1, ""best_gpu"": 0, ""current_r"": 0.10713590059132024, ""best_r"": 0.03146225640537158, ""absolute_delta"": 0.07567364418594866, ""tau"": 0.00035, ""chosen_gpu"": 0}]"
steady,8,1,78,1787608280.632258,0.00035,0.14272585757818237,0.026275653890871067,0.14272585757818237,1+3,2+2,"{""model_3"": 1, ""model_4"": 1, ""model_5"": 1, ""model_6"": 0}","{""model_3"": 1, ""model_4"": 0, ""model_5"": 1, ""model_6"": 0}",1,model_4,False,,line-8 placement unchanged or every candidate blocked,1,1,target memory infeasible,,,,,4,2,1,0.09222387109414013,"[{""model"": ""model_3"", ""current_gpu"": 1, ""best_gpu"": 0, ""current_r"": 0.0, ""best_r"": 0.0, ""absolute_delta"": 0.0, ""tau"": 0.00035, ""chosen_gpu"": 1}, {""model"": ""model_5"", ""current_gpu"": 1, ""best_gpu"": 1, ""current_r"": 0.05650656594361639, ""best_r"": 0.05650656594361639, ""absolute_delta"": 0.0, ""tau"": 0.00035, ""chosen_gpu"": 1}, {""model"": ""model_6"", ""current_gpu"": 0, ""best_gpu"": 0, ""current_r"": 0.0, ""best_r"": 0.0, ""absolute_delta"": 0.0, ""tau"": 0.00035, ""chosen_gpu"": 0}, {""model"": ""model_4"", ""current_gpu"": 1, ""best_gpu"": 0, ""current_r"": 0.11849952498501119, ""best_r"": 0.026275653890871067, ""absolute_delta"": 0.09222387109414013, ""tau"": 0.00035, ""chosen_gpu"": 0}]"
steady,8,1,79,1787608285.6855314,0.00035,0.12905102273313657,0.029469497456212537,0.12905102273313657,1+3,2+2,"{""model_3"": 1, ""model_4"": 1, ""model_5"": 1, ""model_6"": 0}","{""model_3"": 1, ""model_4"": 0, ""model_5"": 1, ""model_6"": 0}",1,model_4,False,,line-8 placement unchanged or every candidate blocked,1,1,target memory infeasible,,,,,4,2,1,0.07744925971397071,"[{""model"": ""model_3"", ""current_gpu"": 1, ""best_gpu"": 0, ""current_r"": 0.0, ""best_r"": 0.0, ""absolute_delta"": 0.0, ""tau"": 0.00035, ""chosen_gpu"": 1}, {""model"": ""model_5"", ""current_gpu"": 1, ""best_gpu"": 1, ""current_r"": 0.05023352921844992, ""best_r"": 0.05023352921844992, ""absolute_delta"": 0.0, ""tau"": 0.00035, ""chosen_gpu"": 1}, {""model"": ""model_6"", ""current_gpu"": 0, ""best_gpu"": 0, ""current_r"": 0.0, ""best_r"": 0.0, ""absolute_delta"": 0.0, ""tau"": 0.00035, ""chosen_gpu"": 0}, {""model"": ""model_4"", ""current_gpu"": 1, ""best_gpu"": 0, ""current_r"": 0.10691875717018325, ""best_r"": 0.029469497456212537, ""absolute_delta"": 0.07744925971397071, ""tau"": 0.00035, ""chosen_gpu"": 0}]"
steady,8,1,80,1787608290.755928,0.00035,0.12942400272072593,0.040989903786839914,0.12942400272072593,1+3,2+2,"{""model_3"": 1, ""model_4"": 1, ""model_5"": 1, ""model_6"": 0}","{""model_3"": 1, ""model_4"": 0, ""model_5"": 1, ""model_6"": 0}",1,model_4,False,,line-8 placement unchanged or every candidate blocked,1,1,target memory infeasible,,,,,4,2,1,0.06679478804328423,"[{""model"": ""model_3"", ""current_gpu"": 1, ""best_gpu"": 0, ""current_r"": 0.0, ""best_r"": 0.0, ""absolute_delta"": 0.0, ""tau"": 0.00035, ""chosen_gpu"": 1}, {""model"": ""model_6"", ""current_gpu"": 0, ""best_gpu"": 0, ""current_r"": 0.0, ""best_r"": 0.0, ""absolute_delta"": 0.0, ""tau"": 0.00035, ""chosen_gpu"": 0}, {""model"": ""model_5"", ""current_gpu"": 1, ""best_gpu"": 1, ""current_r"": 0.052138473823232945, ""best_r"": 0.052138473823232945, ""absolute_delta"": 0.0, ""tau"": 0.00035, ""chosen_gpu"": 1}, {""model"": ""model_4"", ""current_gpu"": 1, ""best_gpu"": 0, ""current_r"": 0.10778469183012414, ""best_r"": 0.040989903786839914, ""absolute_delta"": 0.06679478804328423, ""tau"": 0.00035, ""chosen_gpu"": 0}]"
steady,8,1,81,1787608295.8121462,0.00035,0.14421136658969952,0.027062063426385365,0.14421136658969952,1+3,2+2,"{""model_3"": 1, ""model_4"": 1, ""model_5"": 1, ""model_6"": 0}","{""model_3"": 1, ""model_4"": 0, ""model_5"": 1, ""model_6"": 0}",1,model_4,False,,line-8 placement unchanged or every candidate blocked,1,1,target memory infeasible,,,,,4,2,1,0.0940644795767656,"[{""model"": ""model_3"", ""current_gpu"": 1, ""best_gpu"": 0, ""current_r"": 0.0, ""best_r"": 0.0, ""absolute_delta"": 0.0, ""tau"": 0.00035, ""chosen_gpu"": 1}, {""model"": ""model_5"", ""current_gpu"": 1, ""best_gpu"": 1, ""current_r"": 0.061646064098763956, ""best_r"": 0.061646064098763956, ""absolute_delta"": 0.0, ""tau"": 0.00035, ""chosen_gpu"": 1}, {""model"": ""model_6"", ""current_gpu"": 0, ""best_gpu"": 0, ""current_r"": 0.0, ""best_r"": 0.0, ""absolute_delta"": 0.0, ""tau"": 0.00035, ""chosen_gpu"": 0}, {""model"": ""model_4"", ""current_gpu"": 1, ""best_gpu"": 0, ""current_r"": 0.12112654300315097, ""best_r"": 0.027062063426385365, ""absolute_delta"": 0.0940644795767656, ""tau"": 0.00035, ""chosen_gpu"": 0}]"
steady,8,1,82,1787608300.8693435,0.00035,0.14995650164161914,0.02719677309100906,0.14995650164161914,1+3,2+2,"{""model_3"": 1, ""model_4"": 1, ""model_5"": 1, ""model_6"": 0}","{""model_3"": 1, ""model_4"": 0, ""model_5"": 1, ""model_6"": 0}",1,model_4,False,,line-8 placement unchanged or every candidate blocked,1,1,target memory infeasible,,,,,4,2,1,0.09707815148837613,"[{""model"": ""model_3"", ""current_gpu"": 1, ""best_gpu"": 0, ""current_r"": 0.0, ""best_r"": 0.0, ""absolute_delta"": 0.0, ""tau"": 0.00035, ""chosen_gpu"": 1}, {""model"": ""model_5"", ""current_gpu"": 1, ""best_gpu"": 1, ""current_r"": 0.0647886144363476, ""best_r"": 0.0647886144363476, ""absolute_delta"": 0.0, ""tau"": 0.00035, ""chosen_gpu"": 1}, {""model"": ""model_6"", ""current_gpu"": 0, ""best_gpu"": 0, ""current_r"": 0.0, ""best_r"": 0.0, ""absolute_delta"": 0.0, ""tau"": 0.00035, ""chosen_gpu"": 0}, {""model"": ""model_4"", ""current_gpu"": 1, ""best_gpu"": 0, ""current_r"": 0.12427492457938519, ""best_r"": 0.02719677309100906, ""absolute_delta"": 0.09707815148837613, ""tau"": 0.00035, ""chosen_gpu"": 0}]"
steady,8,1,83,1787608305.9543293,0.00035,0.15379265664326847,0.030671576720584525,0.15379265664326847,1+3,2+2,"{""model_3"": 1, ""model_4"": 1, ""model_5"": 1, ""model_6"": 0}","{""model_3"": 1, ""model_4"": 0, ""model_5"": 1, ""model_6"": 0}",1,model_4,False,,line-8 placement unchanged or every candidate blocked,1,1,target memory infeasible,,,,,4,2,1,0.0945965349441618,"[{""model"": ""model_3"", ""current_gpu"": 1, ""best_gpu"": 0, ""current_r"": 0.0, ""best_r"": 0.0, ""absolute_delta"": 0.0, ""tau"": 0.00035, ""chosen_gpu"": 1}, {""model"": ""model_5"", ""current_gpu"": 1, ""best_gpu"": 1, ""current_r"": 0.05650579405487738, ""best_r"": 0.05650579405487738, ""absolute_delta"": 0.0, ""tau"": 0.00035, ""chosen_gpu"": 1}, {""model"": ""model_6"", ""current_gpu"": 0, ""best_gpu"": 0, ""current_r"": 0.0, ""best_r"": 0.0, ""absolute_delta"": 0.0, ""tau"": 0.00035, ""chosen_gpu"": 0}, {""model"": ""model_4"", ""current_gpu"": 1, ""best_gpu"": 0, ""current_r"": 0.12526811166474633, ""best_r"": 0.030671576720584525, ""absolute_delta"": 0.0945965349441618, ""tau"": 0.00035, ""chosen_gpu"": 0}]"
steady,8,1,84,1787608311.0089836,0.00035,0.12496883058877607,0.025378489132059093,0.12496883058877607,1+3,2+2,"{""model_3"": 1, ""model_4"": 1, ""model_5"": 1, ""model_6"": 0}","{""model_3"": 1, ""model_4"": 0, ""model_5"": 1, ""model_6"": 0}",1,model_4,False,,line-8 placement unchanged or every candidate blocked,1,1,target memory infeasible,,,,,4,2,1,0.07795206130620924,"[{""model"": ""model_3"", ""current_gpu"": 1, ""best_gpu"": 0, ""current_r"": 0.0, ""best_r"": 0.0, ""absolute_delta"": 0.0, ""tau"": 0.00035, ""chosen_gpu"": 1}, {""model"": ""model_5"", ""current_gpu"": 1, ""best_gpu"": 1, ""current_r"": 0.045358667857852995, ""best_r"": 0.045358667857852995, ""absolute_delta"": 0.0, ""tau"": 0.00035, ""chosen_gpu"": 1}, {""model"": ""model_6"", ""current_gpu"": 0, ""best_gpu"": 0, ""current_r"": 0.0, ""best_r"": 0.0, ""absolute_delta"": 0.0, ""tau"": 0.00035, ""chosen_gpu"": 0}, {""model"": ""model_4"", ""current_gpu"": 1, ""best_gpu"": 0, ""current_r"": 0.10333055043826833, ""best_r"": 0.025378489132059093, ""absolute_delta"": 0.07795206130620924, ""tau"": 0.00035, ""chosen_gpu"": 0}]"
steady,8,1,85,1787608316.0956173,0.00035,0.09757710208921726,0.012247802001091393,0.09757710208921726,1+3,2+2,"{""model_3"": 1, ""model_4"": 1, ""model_5"": 1, ""model_6"": 0}","{""model_3"": 1, ""model_4"": 0, ""model_5"": 1, ""model_6"": 0}",1,model_4,False,,line-8 placement unchanged or every candidate blocked,1,1,target memory infeasible,,,,,4,2,1,0.06850300520651086,"[{""model"": ""model_3"", ""current_gpu"": 1, ""best_gpu"": 0, ""current_r"": 0.0, ""best_r"": 0.0, ""absolute_delta"": 0.0, ""tau"": 0.00035, ""chosen_gpu"": 1}, {""model"": ""model_5"", ""current_gpu"": 1, ""best_gpu"": 1, ""current_r"": 0.03479835457992956, ""best_r"": 0.03479835457992956, ""absolute_delta"": 0.0, ""tau"": 0.00035, ""chosen_gpu"": 1}, {""model"": ""model_6"", ""current_gpu"": 0, ""best_gpu"": 0, ""current_r"": 0.0, ""best_r"": 0.0, ""absolute_delta"": 0.0, ""tau"": 0.00035, ""chosen_gpu"": 0}, {""model"": ""model_4"", ""current_gpu"": 1, ""best_gpu"": 0, ""current_r"": 0.08075080720760225, ""best_r"": 0.012247802001091393, ""absolute_delta"": 0.06850300520651086, ""tau"": 0.00035, ""chosen_gpu"": 0}]"
steady,8,2,1,1787609062.524536,0.00035,0.0002835210839539682,0.0,0.0002835210839539682,2+2,2+2,"{""model_3"": 1, ""model_4"": 0, ""model_5"": 0, ""model_6"": 1}","{""model_3"": 1, ""model_4"": 0, ""model_5"": 0, ""model_6"": 1}",0,,False,,line-8 placement unchanged or every candidate blocked,0,0,,,,,,4,2,2,0.00025733643305092416,"[{""model"": ""model_6"", ""current_gpu"": 1, ""best_gpu"": 0, ""current_r"": 0.0, ""best_r"": 0.0, ""absolute_delta"": 0.0, ""tau"": 0.00035, ""chosen_gpu"": 1}, {""model"": ""model_3"", ""current_gpu"": 1, ""best_gpu"": 0, ""current_r"": 0.00025733643305092416, ""best_r"": 0.0, ""absolute_delta"": 0.00025733643305092416, ""tau"": 0.00035, ""chosen_gpu"": 1}, {""model"": ""model_4"", ""current_gpu"": 0, ""best_gpu"": 0, ""current_r"": 0.0, ""best_r"": 0.0, ""absolute_delta"": 0.0, ""tau"": 0.00035, ""chosen_gpu"": 0}, {""model"": ""model_5"", ""current_gpu"": 0, ""best_gpu"": 0, ""current_r"": 0.0, ""best_r"": 0.0, ""absolute_delta"": 0.0, ""tau"": 0.00035, ""chosen_gpu"": 0}]"
steady,8,2,2,1787609067.5272422,0.00035,0.029912704336251237,0.009264309921376125,0.029912704336251237,2+2,2+2,"{""model_3"": 1, ""model_4"": 0, ""model_5"": 0, ""model_6"": 1}","{""model_3"": 1, ""model_4"": 1, ""model_5"": 0, ""model_6"": 0}",2,"model_6,model_4",False,MIGRATE,literal line-8 absolute delta exceeds tau,2,0,,model_6,1,0,0.02587590611451847,4,3,1,0.01589661739999225,"[{""model"": ""model_3"", ""current_gpu"": 1, ""best_gpu"": 0, ""current_r"": 0.0, ""best_r"": 0.0, ""absolute_delta"": 0.0, ""tau"": 0.00035, ""chosen_gpu"": 1}, {""model"": ""model_6"", ""current_gpu"": 1, ""best_gpu"": 0, ""current_r"": 0.01589661739999225, ""best_r"": 0.0, ""absolute_delta"": 0.01589661739999225, ""tau"": 0.00035, ""chosen_gpu"": 0}, {""model"": ""model_5"", ""current_gpu"": 0, ""best_gpu"": 0, ""current_r"": 0.009226681867865743, ""best_r"": 0.009226681867865743, ""absolute_delta"": 0.0, ""tau"": 0.00035, ""chosen_gpu"": 0}, {""model"": ""model_4"", ""current_gpu"": 0, ""best_gpu"": 1, ""current_r"": 0.02177061571621541, ""best_r"": 0.01589661739999225, ""absolute_delta"": 0.005873998316223161, ""tau"": 0.00035, ""chosen_gpu"": 1}]"
steady,8,2,3,1787609074.1310253,0.00035,0.06578134150492888,0.06578134150492888,0.01996050481961546,1+3,2+2,"{""model_3"": 1, ""model_4"": 0, ""model_5"": 0, ""model_6"": 0}","{""model_3"": 1, ""model_4"": 0, ""model_5"": 0, ""model_6"": 1}",1,model_6,True,,migration cooldown active,1,0,,,,,,4,1,0,0.007156919665098075,"[{""model"": ""model_5"", ""current_gpu"": 0, ""best_gpu"": 0, ""current_r"": 0.0, ""best_r"": 0.0, ""absolute_delta"": 0.0, ""tau"": 0.00035, ""chosen_gpu"": 0}, {""model"": ""model_3"", ""current_gpu"": 1, ""best_gpu"": 1, ""current_r"": 0.0, ""best_r"": 0.0, ""absolute_delta"": 0.0, ""tau"": 0.00035, ""chosen_gpu"": 1}, {""model"": ""model_6"", ""current_gpu"": 0, ""best_gpu"": 1, ""current_r"": 0.027117424484713534, ""best_r"": 0.01996050481961546, ""absolute_delta"": 0.007156919665098075, ""tau"": 0.00035, ""chosen_gpu"": 1}, {""model"": ""model_4"", ""current_gpu"": 0, ""best_gpu"": 0, ""current_r"": 0.027117424484713534, ""best_r"": 0.027117424484713534, ""absolute_delta"": 0.0, ""tau"": 0.00035, ""chosen_gpu"": 0}]"
steady,8,2,4,1787609079.1658368,0.00035,0.0632808579705405,0.0632808579705405,0.027916703845435063,1+3,2+2,"{""model_3"": 1, ""model_4"": 0, ""model_5"": 0, ""model_6"": 0}","{""model_3"": 1, ""model_4"": 1, ""model_5"": 0, ""model_6"": 0}",1,model_4,True,,migration cooldown active,1,0,,,,,,4,2,1,0.025456752889927096,"[{""model"": ""model_3"", ""current_gpu"": 1, ""best_gpu"": 0, ""current_r"": 0.0, ""best_r"": 0.0, ""absolute_delta"": 0.0, ""tau"": 0.00035, ""chosen_gpu"": 1}, {""model"": ""model_5"", ""current_gpu"": 0, ""best_gpu"": 0, ""current_r"": 0.0, ""best_r"": 0.0, ""absolute_delta"": 0.0, ""tau"": 0.00035, ""chosen_gpu"": 0}, {""model"": ""model_6"", ""current_gpu"": 0, ""best_gpu"": 0, ""current_r"": 0.024632591695586927, ""best_r"": 0.024632591695586927, ""absolute_delta"": 0.0, ""tau"": 0.00035, ""chosen_gpu"": 0}, {""model"": ""model_4"", ""current_gpu"": 0, ""best_gpu"": 1, ""current_r"": 0.05337345673536216, ""best_r"": 0.027916703845435063, ""absolute_delta"": 0.025456752889927096, ""tau"": 0.00035, ""chosen_gpu"": 1}]"
steady,8,2,5,1787609084.1719391,0.00035,0.09042790718246238,0.09042790718246238,0.030347590529076846,1+3,2+2,"{""model_3"": 1, ""model_4"": 0, ""model_5"": 0, ""model_6"": 0}","{""model_3"": 1, ""model_4"": 0, ""model_5"": 0, ""model_6"": 1}",1,model_6,True,,migration cooldown active,1,0,,,,,,4,1,0,0.004301397349830663,"[{""model"": ""model_5"", ""current_gpu"": 0, ""best_gpu"": 0, ""current_r"": 0.0, ""best_r"": 0.0, ""absolute_delta"": 0.0, ""tau"": 0.00035, ""chosen_gpu"": 0}, {""model"": ""model_3"", ""current_gpu"": 1, ""best_gpu"": 1, ""current_r"": 0.0, ""best_r"": 0.0, ""absolute_delta"": 0.0, ""tau"": 0.00035, ""chosen_gpu"": 1}, {""model"": ""model_6"", ""current_gpu"": 0, ""best_gpu"": 1, ""current_r"": 0.03464898787890751, ""best_r"": 0.030347590529076846, ""absolute_delta"": 0.004301397349830663, ""tau"": 0.00035, ""chosen_gpu"": 1}, {""model"": ""model_4"", ""current_gpu"": 0, ""best_gpu"": 0, ""current_r"": 0.03464898787890751, ""best_r"": 0.03464898787890751, ""absolute_delta"": 0.0, ""tau"": 0.00035, ""chosen_gpu"": 0}]"
steady,8,2,6,1787609089.2138307,0.00035,0.1245645071603843,0.1245645071603843,0.03772511850812286,1+3,2+2,"{""model_3"": 1, ""model_4"": 0, ""model_5"": 0, ""model_6"": 0}","{""model_3"": 1, ""model_4"": 0, ""model_5"": 0, ""model_6"": 1}",1,model_6,True,,migration cooldown active,1,0,,,,,,4,1,0,0.014297259736181324,"[{""model"": ""model_5"", ""current_gpu"": 0, ""best_gpu"": 0, ""current_r"": 0.0, ""best_r"": 0.0, ""absolute_delta"": 0.0, ""tau"": 0.00035, ""chosen_gpu"": 0}, {""model"": ""model_3"", ""current_gpu"": 1, ""best_gpu"": 1, ""current_r"": 0.0, ""best_r"": 0.0, ""absolute_delta"": 0.0, ""tau"": 0.00035, ""chosen_gpu"": 1}, {""model"": ""model_6"", ""current_gpu"": 0, ""best_gpu"": 1, ""current_r"": 0.05202237824430418, ""best_r"": 0.03772511850812286, ""absolute_delta"": 0.014297259736181324, ""tau"": 0.00035, ""chosen_gpu"": 1}, {""model"": ""model_4"", ""current_gpu"": 0, ""best_gpu"": 0, ""current_r"": 0.05202237824430418, ""best_r"": 0.05202237824430418, ""absolute_delta"": 0.0, ""tau"": 0.00035, ""chosen_gpu"": 0}]"
steady,8,2,7,1787609094.2339742,0.00035,0.145860659905961,0.145860659905961,0.022149057006284417,1+3,1+3,"{""model_3"": 1, ""model_4"": 0, ""model_5"": 0, ""model_6"": 0}","{""model_3"": 1, ""model_4"": 1, ""model_5"": 0, ""model_6"": 1}",2,"model_6,model_4",True,,migration cooldown active,2,0,,,,,,4,2,0,0.06790126934814224,"[{""model"": ""model_5"", ""current_gpu"": 0, ""best_gpu"": 0, ""current_r"": 0.0, ""best_r"": 0.0, ""absolute_delta"": 0.0, ""tau"": 0.00035, ""chosen_gpu"": 0}, {""model"": ""model_6"", ""current_gpu"": 0, ""best_gpu"": 1, ""current_r"": 0.06790126934814224, ""best_r"": 0.0, ""absolute_delta"": 0.06790126934814224, ""tau"": 0.00035, ""chosen_gpu"": 1}, {""model"": ""model_3"", ""current_gpu"": 1, ""best_gpu"": 1, ""current_r"": 0.02880732363983712, ""best_r"": 0.02880732363983712, ""absolute_delta"": 0.0, ""tau"": 0.00035, ""chosen_gpu"": 1}, {""model"": ""model_4"", ""current_gpu"": 0, ""best_gpu"": 1, ""current_r"": 0.06790126934814224, ""best_r"": 0.059252667259495205, ""absolute_delta"": 0.008648602088647032, ""tau"": 0.00035, ""chosen_gpu"": 1}]"
steady,8,2,8,1787609099.243375,0.00035,0.1370868247845785,0.1370868247845785,0.029331040333491046,1+3,2+2,"{""model_3"": 1, ""model_4"": 0, ""model_5"": 0, ""model_6"": 0}","{""model_3"": 1, ""model_4"": 0, ""model_5"": 0, ""model_6"": 1}",1,model_6,False,MIGRATE,literal line-8 absolute delta exceeds tau,1,0,,model_6,0,1,0.07224440021046523,4,1,0,0.030751416704681695,"[{""model"": ""model_5"", ""current_gpu"": 0, ""best_gpu"": 0, ""current_r"": 0.0, ""best_r"": 0.0, ""absolute_delta"": 0.0, ""tau"": 0.00035, ""chosen_gpu"": 0}, {""model"": ""model_3"", ""current_gpu"": 1, ""best_gpu"": 1, ""current_r"": 0.0, ""best_r"": 0.0, ""absolute_delta"": 0.0, ""tau"": 0.00035, ""chosen_gpu"": 1}, {""model"": ""model_6"", ""current_gpu"": 0, ""best_gpu"": 1, ""current_r"": 0.06008245703817274, ""best_r"": 0.029331040333491046, ""absolute_delta"": 0.030751416704681695, ""tau"": 0.00035, ""chosen_gpu"": 1}, {""model"": ""model_4"", ""current_gpu"": 0, ""best_gpu"": 0, ""current_r"": 0.06008245703817274, ""best_r"": 0.06008245703817274, ""absolute_delta"": 0.0, ""tau"": 0.00035, ""chosen_gpu"": 0}]"
steady,8,2,9,1787609105.4113595,0.00035,0.09013199074526426,0.09013199074526426,0.06911870252293546,2+2,1+3,"{""model_3"": 1, ""model_4"": 0, ""model_5"": 0, ""model_6"": 1}","{""model_3"": 1, ""model_4"": 1, ""model_5"": 0, ""model_6"": 1}",1,model_4,True,,migration cooldown active,1,0,,,,,,4,1,0,0.006429960568770612,"[{""model"": ""model_5"", ""current_gpu"": 0, ""best_gpu"": 0, ""current_r"": 0.0, ""best_r"": 0.0, ""absolute_delta"": 0.0, ""tau"": 0.00035, ""chosen_gpu"": 0}, {""model"": ""model_3"", ""current_gpu"": 1, ""best_gpu"": 1, ""current_r"": 0.0, ""best_r"": 0.0, ""absolute_delta"": 0.0, ""tau"": 0.00035, ""chosen_gpu"": 1}, {""model"": ""model_6"", ""current_gpu"": 1, ""best_gpu"": 1, ""current_r"": 0.03157837879872544, ""best_r"": 0.03157837879872544, ""absolute_delta"": 0.0, ""tau"": 0.00035, ""chosen_gpu"": 1}, {""model"": ""model_4"", ""current_gpu"": 0, ""best_gpu"": 1, ""current_r"": 0.07554866309170608, ""best_r"": 0.06911870252293546, ""absolute_delta"": 0.006429960568770612, ""tau"": 0.00035, ""chosen_gpu"": 1}]"
steady,8,2,10,1787609110.4180927,0.00035,0.08138763423397366,0.08138763423397366,0.07953208063148492,2+2,2+2,"{""model_3"": 1, ""model_4"": 0, ""model_5"": 0, ""model_6"": 1}","{""model_3"": 1, ""model_4"": 0, ""model_5"": 0, ""model_6"": 1}",0,,True,,migration cooldown active,0,0,,,,,,4,0,0,0.0,"[{""model"": ""model_5"", ""current_gpu"": 0, ""best_gpu"": 0, ""current_r"": 0.0, ""best_r"": 0.0, ""absolute_delta"": 0.0, ""tau"": 0.00035, ""chosen_gpu"": 0}, {""model"": ""model_3"", ""current_gpu"": 1, ""best_gpu"": 1, ""current_r"": 0.0, ""best_r"": 0.0, ""absolute_delta"": 0.0, ""tau"": 0.00035, ""chosen_gpu"": 1}, {""model"": ""model_6"", ""current_gpu"": 1, ""best_gpu"": 1, ""current_r"": 0.03422767632078122, ""best_r"": 0.03422767632078122, ""absolute_delta"": 0.0, ""tau"": 0.00035, ""chosen_gpu"": 1}, {""model"": ""model_4"", ""current_gpu"": 0, ""best_gpu"": 0, ""current_r"": 0.06860773157470369, ""best_r"": 0.06860773157470369, ""absolute_delta"": 0.0, ""tau"": 0.00035, ""chosen_gpu"": 0}]"
steady,8,2,11,1787609115.4290733,0.00035,0.08712704072774621,0.0803054137534503,0.08712704072774621,2+2,2+2,"{""model_3"": 1, ""model_4"": 0, ""model_5"": 0, ""model_6"": 1}","{""model_3"": 1, ""model_4"": 0, ""model_5"": 0, ""model_6"": 1}",0,,True,,migration cooldown active,0,0,,,,,,4,0,0,0.0,"[{""model"": ""model_5"", ""current_gpu"": 0, ""best_gpu"": 0, ""current_r"": 0.0, ""best_r"": 0.0, ""absolute_delta"": 0.0, ""tau"": 0.00035, ""chosen_gpu"": 0}, {""model"": ""model_3"", ""current_gpu"": 1, ""best_gpu"": 1, ""current_r"": 0.0, ""best_r"": 0.0, ""absolute_delta"": 0.0, ""tau"": 0.00035, ""chosen_gpu"": 1}, {""model"": ""model_6"", ""current_gpu"": 1, ""best_gpu"": 1, ""current_r"": 0.04238046116861199, ""best_r"": 0.04238046116861199, ""absolute_delta"": 0.0, ""tau"": 0.00035, ""chosen_gpu"": 1}, {""model"": ""model_4"", ""current_gpu"": 0, ""best_gpu"": 0, ""current_r"": 0.06575778079031003, ""best_r"": 0.06575778079031003, ""absolute_delta"": 0.0, ""tau"": 0.00035, ""chosen_gpu"": 0}]"
steady,8,2,12,1787609120.4412973,0.00035,0.07387932312003018,0.0718563097961745,0.07387932312003018,2+2,2+2,"{""model_3"": 1, ""model_4"": 0, ""model_5"": 0, ""model_6"": 1}","{""model_3"": 1, ""model_4"": 0, ""model_5"": 0, ""model_6"": 1}",0,,True,,migration cooldown active,0,0,,,,,,4,0,0,0.0,"[{""model"": ""model_5"", ""current_gpu"": 0, ""best_gpu"": 0, ""current_r"": 0.0, ""best_r"": 0.0, ""absolute_delta"": 0.0, ""tau"": 0.00035, ""chosen_gpu"": 0}, {""model"": ""model_3"", ""current_gpu"": 1, ""best_gpu"": 1, ""current_r"": 0.0, ""best_r"": 0.0, ""absolute_delta"": 0.0, ""tau"": 0.00035, ""chosen_gpu"": 1}, {""model"": ""model_6"", ""current_gpu"": 1, ""best_gpu"": 1, ""current_r"": 0.03281128331945587, ""best_r"": 0.03281128331945587, ""absolute_delta"": 0.0, ""tau"": 0.00035, ""chosen_gpu"": 1}, {""model"": ""model_4"", ""current_gpu"": 0, ""best_gpu"": 0, ""current_r"": 0.05617508939628797, ""best_r"": 0.05617508939628797, ""absolute_delta"": 0.0, ""tau"": 0.00035, ""chosen_gpu"": 0}]"
steady,8,2,13,1787609125.454968,0.00035,0.07062238383206403,0.06638342808983372,0.07062238383206403,2+2,2+2,"{""model_3"": 1, ""model_4"": 0, ""model_5"": 0, ""model_6"": 1}","{""model_3"": 1, ""model_4"": 0, ""model_5"": 0, ""model_6"": 1}",0,,True,,migration cooldown active,0,0,,,,,,4,0,0,0.0,"[{""model"": ""model_5"", ""current_gpu"": 0, ""best_gpu"": 0, ""current_r"": 0.0, ""best_r"": 0.0, ""absolute_delta"": 0.0, ""tau"": 0.00035, ""chosen_gpu"": 0}, {""model"": ""model_3"", ""current_gpu"": 1, ""best_gpu"": 1, ""current_r"": 0.0, ""best_r"": 0.0, ""absolute_delta"": 0.0, ""tau"": 0.00035, ""chosen_gpu"": 1}, {""model"": ""model_6"", ""current_gpu"": 1, ""best_gpu"": 1, ""current_r"": 0.03226628382553778, ""best_r"": 0.03226628382553778, ""absolute_delta"": 0.0, ""tau"": 0.00035, ""chosen_gpu"": 1}, {""model"": ""model_4"", ""current_gpu"": 0, ""best_gpu"": 0, ""current_r"": 0.05153272699879338, ""best_r"": 0.05153272699879338, ""absolute_delta"": 0.0, ""tau"": 0.00035, ""chosen_gpu"": 0}]"
steady,8,2,14,1787609130.4654405,0.00035,0.07852472631671902,0.07852472631671902,0.07731327173110661,2+2,2+2,"{""model_3"": 1, ""model_4"": 0, ""model_5"": 0, ""model_6"": 1}","{""model_3"": 1, ""model_4"": 0, ""model_5"": 0, ""model_6"": 1}",0,,False,,line-8 placement unchanged or every candidate blocked,0,0,,,,,,4,0,0,0.0,"[{""model"": ""model_5"", ""current_gpu"": 0, ""best_gpu"": 0, ""current_r"": 0.0, ""best_r"": 0.0, ""absolute_delta"": 0.0, ""tau"": 0.00035, ""chosen_gpu"": 0}, {""model"": ""model_3"", ""current_gpu"": 1, ""best_gpu"": 1, ""current_r"": 0.0, ""best_r"": 0.0, ""absolute_delta"": 0.0, ""tau"": 0.00035, ""chosen_gpu"": 1}, {""model"": ""model_6"", ""current_gpu"": 1, ""best_gpu"": 1, ""current_r"": 0.038285798599372416, ""best_r"": 0.038285798599372416, ""absolute_delta"": 0.0, ""tau"": 0.00035, ""chosen_gpu"": 1}, {""model"": ""model_4"", ""current_gpu"": 0, ""best_gpu"": 0, ""current_r"": 0.06300162468087638, ""best_r"": 0.06300162468087638, ""absolute_delta"": 0.0, ""tau"": 0.00035, ""chosen_gpu"": 0}]"
steady,8,2,15,1787609135.4801707,0.00035,0.078332364903274,0.07346545482450301,0.078332364903274,2+2,2+2,"{""model_3"": 1, ""model_4"": 0, ""model_5"": 0, ""model_6"": 1}","{""model_3"": 1, ""model_4"": 0, ""model_5"": 0, ""model_6"": 1}",0,,False,,line-8 placement unchanged or every candidate blocked,0,0,,,,,,4,0,0,0.0,"[{""model"": ""model_5"", ""current_gpu"": 0, ""best_gpu"": 0, ""current_r"": 0.0, ""best_r"": 0.0, ""absolute_delta"": 0.0, ""tau"": 0.00035, ""chosen_gpu"": 0}, {""model"": ""model_3"", ""current_gpu"": 1, ""best_gpu"": 1, ""current_r"": 0.0, ""best_r"": 0.0, ""absolute_delta"": 0.0, ""tau"": 0.00035, ""chosen_gpu"": 1}, {""model"": ""model_6"", ""current_gpu"": 1, ""best_gpu"": 1, ""current_r"": 0.04110046980988307, ""best_r"": 0.04110046980988307, ""absolute_delta"": 0.0, ""tau"": 0.00035, ""chosen_gpu"": 1}, {""model"": ""model_4"", ""current_gpu"": 0, ""best_gpu"": 0, ""current_r"": 0.057658796831963614, ""best_r"": 0.057658796831963614, ""absolute_delta"": 0.0, ""tau"": 0.00035, ""chosen_gpu"": 0}]"
steady,8,2,16,1787609140.4944737,0.00035,0.08761898536678188,0.06761340902120404,0.08761898536678188,2+2,2+2,"{""model_3"": 1, ""model_4"": 0, ""model_5"": 0, ""model_6"": 1}","{""model_3"": 1, ""model_4"": 0, ""model_5"": 0, ""model_6"": 1}",0,,False,,line-8 placement unchanged or every candidate blocked,0,0,,,,,,4,0,0,0.0,"[{""model"": ""model_5"", ""current_gpu"": 0, ""best_gpu"": 0, ""current_r"": 0.0, ""best_r"": 0.0, ""absolute_delta"": 0.0, ""tau"": 0.00035, ""chosen_gpu"": 0}, {""model"": ""model_3"", ""current_gpu"": 1, ""best_gpu"": 1, ""current_r"": 0.0, ""best_r"": 0.0, ""absolute_delta"": 0.0, ""tau"": 0.00035, ""chosen_gpu"": 1}, {""model"": ""model_6"", ""current_gpu"": 1, ""best_gpu"": 1, ""current_r"": 0.04452712465555899, ""best_r"": 0.04452712465555899, ""absolute_delta"": 0.0, ""tau"": 0.00035, ""chosen_gpu"": 1}, {""model"": ""model_4"", ""current_gpu"": 0, ""best_gpu"": 0, ""current_r"": 0.05381005767679603, ""best_r"": 0.05381005767679603, ""absolute_delta"": 0.0, ""tau"": 0.00035, ""chosen_gpu"": 0}]"
steady,8,2,17,1787609145.5098126,0.00035,0.07819159130320161,0.06596992247824937,0.07819159130320161,2+2,2+2,"{""model_3"": 1, ""model_4"": 0, ""model_5"": 0, ""model_6"": 1}","{""model_3"": 1, ""model_4"": 0, ""model_5"": 0, ""model_6"": 1}",0,,False,,line-8 placement unchanged or every candidate blocked,0,0,,,,,,4,0,0,0.0,"[{""model"": ""model_5"", ""current_gpu"": 0, ""best_gpu"": 0, ""current_r"": 0.0, ""best_r"": 0.0, ""absolute_delta"": 0.0, ""tau"": 0.00035, ""chosen_gpu"": 0}, {""model"": ""model_3"", ""current_gpu"": 1, ""best_gpu"": 1, ""current_r"": 0.0, ""best_r"": 0.0, ""absolute_delta"": 0.0, ""tau"": 0.00035, ""chosen_gpu"": 1}, {""model"": ""model_6"", ""current_gpu"": 1, ""best_gpu"": 1, ""current_r"": 0.03731750656649513, ""best_r"": 0.03731750656649513, ""absolute_delta"": 0.0, ""tau"": 0.00035, ""chosen_gpu"": 1}, {""model"": ""model_4"", ""current_gpu"": 0, ""best_gpu"": 0, ""current_r"": 0.051916652873336015, ""best_r"": 0.051916652873336015, ""absolute_delta"": 0.0, ""tau"": 0.00035, ""chosen_gpu"": 0}]"
steady,8,2,18,1787609150.547129,0.00035,0.09587993372667894,0.06502523733458533,0.09587993372667894,2+2,2+2,"{""model_3"": 1, ""model_4"": 0, ""model_5"": 0, ""model_6"": 1}","{""model_3"": 1, ""model_4"": 0, ""model_5"": 0, ""model_6"": 1}",0,,False,,line-8 placement unchanged or every candidate blocked,0,0,,,,,,4,1,1,0.0,"[{""model"": ""model_3"", ""current_gpu"": 1, ""best_gpu"": 0, ""current_r"": 0.0, ""best_r"": 0.0, ""absolute_delta"": 0.0, ""tau"": 0.00035, ""chosen_gpu"": 1}, {""model"": ""model_5"", ""current_gpu"": 0, ""best_gpu"": 0, ""current_r"": 0.0, ""best_r"": 0.0, ""absolute_delta"": 0.0, ""tau"": 0.00035, ""chosen_gpu"": 0}, {""model"": ""model_6"", ""current_gpu"": 1, ""best_gpu"": 1, ""current_r"": 0.05121841149834561, ""best_r"": 0.05121841149834561, ""absolute_delta"": 0.0, ""tau"": 0.00035, ""chosen_gpu"": 1}, {""model"": ""model_4"", ""current_gpu"": 0, ""best_gpu"": 0, ""current_r"": 0.0521079585666288, ""best_r"": 0.0521079585666288, ""absolute_delta"": 0.0, ""tau"": 0.00035, ""chosen_gpu"": 0}]"
steady,8,2,19,1787609155.5686622,0.00035,0.10510031894823724,0.0709192912344617,0.10510031894823724,2+2,2+2,"{""model_3"": 1, ""model_4"": 0, ""model_5"": 0, ""model_6"": 1}","{""model_3"": 1, ""model_4"": 0, ""model_5"": 0, ""model_6"": 1}",0,,False,,line-8 placement unchanged or every candidate blocked,0,0,,,,,,4,1,1,0.0,"[{""model"": ""model_3"", ""current_gpu"": 1, ""best_gpu"": 0, ""current_r"": 0.0, ""best_r"": 0.0, ""absolute_delta"": 0.0, ""tau"": 0.00035, ""chosen_gpu"": 1}, {""model"": ""model_5"", ""current_gpu"": 0, ""best_gpu"": 0, ""current_r"": 0.0, ""best_r"": 0.0, ""absolute_delta"": 0.0, ""tau"": 0.00035, ""chosen_gpu"": 0}, {""model"": ""model_6"", ""current_gpu"": 1, ""best_gpu"": 1, ""current_r"": 0.057021444128123926, ""best_r"": 0.057021444128123926, ""absolute_delta"": 0.0, ""tau"": 0.00035, ""chosen_gpu"": 1}, {""model"": ""model_4"", ""current_gpu"": 0, ""best_gpu"": 0, ""current_r"": 0.05888890280265501, ""best_r"": 0.05888890280265501, ""absolute_delta"": 0.0, ""tau"": 0.00035, ""chosen_gpu"": 0}]"
steady,8,2,20,1787609160.5875869,0.00035,0.09370125493640605,0.07023940390870168,0.09370125493640605,2+2,2+2,"{""model_3"": 1, ""model_4"": 0, ""model_5"": 0, ""model_6"": 1}","{""model_3"": 1, ""model_4"": 0, ""model_5"": 0, ""model_6"": 1}",0,,False,,line-8 placement unchanged or every candidate blocked,0,0,,,,,,4,0,0,0.0,"[{""model"": ""model_5"", ""current_gpu"": 0, ""best_gpu"": 0, ""current_r"": 0.0, ""best_r"": 0.0, ""absolute_delta"": 0.0, ""tau"": 0.00035, ""chosen_gpu"": 0}, {""model"": ""model_3"", ""current_gpu"": 1, ""best_gpu"": 1, ""current_r"": 0.0, ""best_r"": 0.0, ""absolute_delta"": 0.0, ""tau"": 0.00035, ""chosen_gpu"": 1}, {""model"": ""model_6"", ""current_gpu"": 1, ""best_gpu"": 1, ""current_r"": 0.049523972709655764, ""best_r"": 0.049523972709655764, ""absolute_delta"": 0.0, ""tau"": 0.00035, ""chosen_gpu"": 1}, {""model"": ""model_4"", ""current_gpu"": 0, ""best_gpu"": 0, ""current_r"": 0.05780693823961233, ""best_r"": 0.05780693823961233, ""absolute_delta"": 0.0, ""tau"": 0.00035, ""chosen_gpu"": 0}]"
steady,8,2,21,1787609165.640114,0.00035,0.095695144621279,0.07354131178800707,0.095695144621279,2+2,2+2,"{""model_3"": 1, ""model_4"": 0, ""model_5"": 0, ""model_6"": 1}","{""model_3"": 1, ""model_4"": 0, ""model_5"": 0, ""model_6"": 1}",0,,False,,line-8 placement unchanged or every candidate blocked,0,0,,,,,,4,1,1,0.0,"[{""model"": ""model_3"", ""current_gpu"": 1, ""best_gpu"": 0, ""current_r"": 0.0, ""best_r"": 0.0, ""absolute_delta"": 0.0, ""tau"": 0.00035, ""chosen_gpu"": 1}, {""model"": ""model_5"", ""current_gpu"": 0, ""best_gpu"": 0, ""current_r"": 0.0, ""best_r"": 0.0, ""absolute_delta"": 0.0, ""tau"": 0.00035, ""chosen_gpu"": 0}, {""model"": ""model_6"", ""current_gpu"": 1, ""best_gpu"": 1, ""current_r"": 0.057197164126769263, ""best_r"": 0.057197164126769263, ""absolute_delta"": 0.0, ""tau"": 0.00035, ""chosen_gpu"": 1}, {""model"": ""model_4"", ""current_gpu"": 0, ""best_gpu"": 0, ""current_r"": 0.05969138746252451, ""best_r"": 0.05969138746252451, ""absolute_delta"": 0.0, ""tau"": 0.00035, ""chosen_gpu"": 0}]"
steady,8,2,22,1787609170.6590486,0.00035,0.09009150991150675,0.07134926550429539,0.09009150991150675,2+2,2+2,"{""model_3"": 1, ""model_4"": 0, ""model_5"": 0, ""model_6"": 1}","{""model_3"": 1, ""model_4"": 0, ""model_5"": 0, ""model_6"": 1}",0,,False,,line-8 placement unchanged or every candidate blocked,0,0,,,,,,4,1,1,0.0,"[{""model"": ""model_3"", ""current_gpu"": 1, ""best_gpu"": 0, ""current_r"": 0.0, ""best_r"": 0.0, ""absolute_delta"": 0.0, ""tau"": 0.00035, ""chosen_gpu"": 1}, {""model"": ""model_5"", ""current_gpu"": 0, ""best_gpu"": 0, ""current_r"": 0.0, ""best_r"": 0.0, ""absolute_delta"": 0.0, ""tau"": 0.00035, ""chosen_gpu"": 0}, {""model"": ""model_6"", ""current_gpu"": 1, ""best_gpu"": 1, ""current_r"": 0.05195351704366428, ""best_r"": 0.05195351704366428, ""absolute_delta"": 0.0, ""tau"": 0.00035, ""chosen_gpu"": 1}, {""model"": ""model_4"", ""current_gpu"": 0, ""best_gpu"": 0, ""current_r"": 0.0578695998423182, ""best_r"": 0.0578695998423182, ""absolute_delta"": 0.0, ""tau"": 0.00035, ""chosen_gpu"": 0}]"
steady,8,2,23,1787609175.6788666,0.00035,0.08182379267802395,0.06594520008499453,0.08182379267802395,2+2,2+2,"{""model_3"": 1, ""model_4"": 0, ""model_5"": 0, ""model_6"": 1}","{""model_3"": 1, ""model_4"": 0, ""model_5"": 0, ""model_6"": 1}",0,,False,,line-8 placement unchanged or every candidate blocked,0,0,,,,,,4,0,0,0.0,"[{""model"": ""model_5"", ""current_gpu"": 0, ""best_gpu"": 0, ""current_r"": 0.0, ""best_r"": 0.0, ""absolute_delta"": 0.0, ""tau"": 0.00035, ""chosen_gpu"": 0}, {""model"": ""model_3"", ""current_gpu"": 1, ""best_gpu"": 1, ""current_r"": 0.0, ""best_r"": 0.0, ""absolute_delta"": 0.0, ""tau"": 0.00035, ""chosen_gpu"": 1}, {""model"": ""model_6"", ""current_gpu"": 1, ""best_gpu"": 1, ""current_r"": 0.04292299322887299, ""best_r"": 0.04292299322887299, ""absolute_delta"": 0.0, ""tau"": 0.00035, ""chosen_gpu"": 1}, {""model"": ""model_4"", ""current_gpu"": 0, ""best_gpu"": 0, ""current_r"": 0.053931638241976464, ""best_r"": 0.053931638241976464, ""absolute_delta"": 0.0, ""tau"": 0.00035, ""chosen_gpu"": 0}]"
steady,8,2,24,1787609180.712751,0.00035,0.10534465491683834,0.06924683359974577,0.10534465491683834,2+2,2+2,"{""model_3"": 1, ""model_4"": 0, ""model_5"": 0, ""model_6"": 1}","{""model_3"": 1, ""model_4"": 1, ""model_5"": 0, ""model_6"": 0}",2,"model_6,model_4",False,MIGRATE,literal line-8 absolute delta exceeds tau,2,0,,model_4,0,1,0.12310900476307855,4,3,1,0.04652153561660001,"[{""model"": ""model_3"", ""current_gpu"": 1, ""best_gpu"": 0, ""current_r"": 0.0, ""best_r"": 0.0, ""absolute_delta"": 0.0, ""tau"": 0.00035, ""chosen_gpu"": 1}, {""model"": ""model_5"", ""current_gpu"": 0, ""best_gpu"": 0, ""current_r"": 0.0, ""best_r"": 0.0, ""absolute_delta"": 0.0, ""tau"": 0.00035, ""chosen_gpu"": 0}, {""model"": ""model_6"", ""current_gpu"": 1, ""best_gpu"": 0, ""current_r"": 0.06173160006538958, ""best_r"": 0.057821402876662244, ""absolute_delta"": 0.0039101971887273365, ""tau"": 0.00035, ""chosen_gpu"": 0}, {""model"": ""model_4"", ""current_gpu"": 0, ""best_gpu"": 1, ""current_r"": 0.10825313568198959, ""best_r"": 0.06173160006538958, ""absolute_delta"": 0.04652153561660001, ""tau"": 0.00035, ""chosen_gpu"": 1}]"
steady,8,2,25,1787609185.7411108,0.00035,0.12196252115734424,0.09354910065374143,0.12196252115734424,1+3,2+2,"{""model_3"": 1, ""model_4"": 1, ""model_5"": 0, ""model_6"": 1}","{""model_3"": 1, ""model_4"": 0, ""model_5"": 0, ""model_6"": 1}",1,model_4,True,,migration cooldown active,1,0,,,,,,4,1,0,0.010268620644224555,"[{""model"": ""model_5"", ""current_gpu"": 0, ""best_gpu"": 0, ""current_r"": 0.0, ""best_r"": 0.0, ""absolute_delta"": 0.0, ""tau"": 0.00035, ""chosen_gpu"": 0}, {""model"": ""model_3"", ""current_gpu"": 1, ""best_gpu"": 1, ""current_r"": 0.0, ""best_r"": 0.0, ""absolute_delta"": 0.0, ""tau"": 0.00035, ""chosen_gpu"": 1}, {""model"": ""model_6"", ""current_gpu"": 1, ""best_gpu"": 1, ""current_r"": 0.05927646019921323, ""best_r"": 0.05927646019921323, ""absolute_delta"": 0.0, ""tau"": 0.00035, ""chosen_gpu"": 1}, {""model"": ""model_4"", ""current_gpu"": 1, ""best_gpu"": 0, ""current_r"": 0.10381772129796599, ""best_r"": 0.09354910065374143, ""absolute_delta"": 0.010268620644224555, ""tau"": 0.00035, ""chosen_gpu"": 0}]"
steady,8,2,26,1787609190.7598977,0.00035,0.12392167953958169,0.0928156535647765,0.12392167953958169,1+3,2+2,"{""model_3"": 1, ""model_4"": 1, ""model_5"": 0, ""model_6"": 1}","{""model_3"": 1, ""model_4"": 0, ""model_5"": 0, ""model_6"": 1}",1,model_4,True,,migration cooldown active,1,0,,,,,,4,1,0,0.009007131884202199,"[{""model"": ""model_5"", ""current_gpu"": 0, ""best_gpu"": 0, ""current_r"": 0.0, ""best_r"": 0.0, ""absolute_delta"": 0.0, ""tau"": 0.00035, ""chosen_gpu"": 0}, {""model"": ""model_3"", ""current_gpu"": 1, ""best_gpu"": 1, ""current_r"": 0.0, ""best_r"": 0.0, ""absolute_delta"": 0.0, ""tau"": 0.00035, ""chosen_gpu"": 1}, {""model"": ""model_6"", ""current_gpu"": 1, ""best_gpu"": 1, ""current_r"": 0.05652329753626094, ""best_r"": 0.05652329753626094, ""absolute_delta"": 0.0, ""tau"": 0.00035, ""chosen_gpu"": 1}, {""model"": ""model_4"", ""current_gpu"": 1, ""best_gpu"": 0, ""current_r"": 0.1018227854489787, ""best_r"": 0.0928156535647765, ""absolute_delta"": 0.009007131884202199, ""tau"": 0.00035, ""chosen_gpu"": 0}]"
steady,8,2,27,1787609195.807356,0.00035,0.11995063342156362,0.08188317409188563,0.11995063342156362,1+3,2+2,"{""model_3"": 1, ""model_4"": 1, ""model_5"": 0, ""model_6"": 1}","{""model_3"": 1, ""model_4"": 0, ""model_5"": 0, ""model_6"": 1}",1,model_4,True,,migration cooldown active,1,0,,,,,,4,1,0,0.016630982196206373,"[{""model"": ""model_5"", ""current_gpu"": 0, ""best_gpu"": 0, ""current_r"": 0.0, ""best_r"": 0.0, ""absolute_delta"": 0.0, ""tau"": 0.00035, ""chosen_gpu"": 0}, {""model"": ""model_3"", ""current_gpu"": 1, ""best_gpu"": 1, ""current_r"": 0.0, ""best_r"": 0.0, ""absolute_delta"": 0.0, ""tau"": 0.00035, ""chosen_gpu"": 1}, {""model"": ""model_6"", ""current_gpu"": 1, ""best_gpu"": 1, ""current_r"": 0.05229494505080485, ""best_r"": 0.05229494505080485, ""absolute_delta"": 0.0, ""tau"": 0.00035, ""chosen_gpu"": 1}, {""model"": ""model_4"", ""current_gpu"": 1, ""best_gpu"": 0, ""current_r"": 0.098514156288092, ""best_r"": 0.08188317409188563, ""absolute_delta"": 0.016630982196206373, ""tau"": 0.00035, ""chosen_gpu"": 0}]"
steady,8,2,28,1787609200.8409185,0.00035,0.11100311869003403,0.06838558020357312,0.11100311869003403,1+3,2+2,"{""model_3"": 1, ""model_4"": 1, ""model_5"": 0, ""model_6"": 1}","{""model_3"": 1, ""model_4"": 0, ""model_5"": 0, ""model_6"": 1}",1,model_4,True,,migration cooldown active,1,0,,,,,,4,1,0,0.022062870205367346,"[{""model"": ""model_5"", ""current_gpu"": 0, ""best_gpu"": 0, ""current_r"": 0.0, ""best_r"": 0.0, ""absolute_delta"": 0.0, ""tau"": 0.00035, ""chosen_gpu"": 0}, {""model"": ""model_3"", ""current_gpu"": 1, ""best_gpu"": 1, ""current_r"": 0.0, ""best_r"": 0.0, ""absolute_delta"": 0.0, ""tau"": 0.00035, ""chosen_gpu"": 1}, {""model"": ""model_6"", ""current_gpu"": 1, ""best_gpu"": 1, ""current_r"": 0.050547551179544195, ""best_r"": 0.050547551179544195, ""absolute_delta"": 0.0, ""tau"": 0.00035, ""chosen_gpu"": 1}, {""model"": ""model_4"", ""current_gpu"": 1, ""best_gpu"": 0, ""current_r"": 0.09044845040894046, ""best_r"": 0.06838558020357312, ""absolute_delta"": 0.022062870205367346, ""tau"": 0.00035, ""chosen_gpu"": 0}]"
steady,8,2,29,1787609205.8653693,0.00035,0.11737853045756674,0.07354318417264066,0.11737853045756674,1+3,2+2,"{""model_3"": 1, ""model_4"": 1, ""model_5"": 0, ""model_6"": 1}","{""model_3"": 1, ""model_4"": 0, ""model_5"": 0, ""model_6"": 1}",1,model_4,True,,migration cooldown active,1,0,,,,,,4,1,0,0.023805570570146928,"[{""model"": ""model_5"", ""current_gpu"": 0, ""best_gpu"": 0, ""current_r"": 0.0, ""best_r"": 0.0, ""absolute_delta"": 0.0, ""tau"": 0.00035, ""chosen_gpu"": 0}, {""model"": ""model_3"", ""current_gpu"": 1, ""best_gpu"": 1, ""current_r"": 0.0, ""best_r"": 0.0, ""absolute_delta"": 0.0, ""tau"": 0.00035, ""chosen_gpu"": 1}, {""model"": ""model_6"", ""current_gpu"": 1, ""best_gpu"": 1, ""current_r"": 0.053559881205035825, ""best_r"": 0.053559881205035825, ""absolute_delta"": 0.0, ""tau"": 0.00035, ""chosen_gpu"": 1}, {""model"": ""model_4"", ""current_gpu"": 1, ""best_gpu"": 0, ""current_r"": 0.09734875474278759, ""best_r"": 0.07354318417264066, ""absolute_delta"": 0.023805570570146928, ""tau"": 0.00035, ""chosen_gpu"": 0}]"
steady,8,2,30,1787609210.8882802,0.00035,0.09368956617883142,0.061548669585367734,0.09368956617883142,1+3,2+2,"{""model_3"": 1, ""model_4"": 1, ""model_5"": 0, ""model_6"": 1}","{""model_3"": 1, ""model_4"": 0, ""model_5"": 0, ""model_6"": 1}",1,model_4,False,MIGRATE,literal line-8 absolute delta exceeds tau,1,0,,model_4,1,0,0.0761365565693042,4,1,0,0.014528568494836976,"[{""model"": ""model_5"", ""current_gpu"": 0, ""best_gpu"": 0, ""current_r"": 0.0, ""best_r"": 0.0, ""absolute_delta"": 0.0, ""tau"": 0.00035, ""chosen_gpu"": 0}, {""model"": ""model_3"", ""current_gpu"": 1, ""best_gpu"": 1, ""current_r"": 0.0, ""best_r"": 0.0, ""absolute_delta"": 0.0, ""tau"": 0.00035, ""chosen_gpu"": 1}, {""model"": ""model_6"", ""current_gpu"": 1, ""best_gpu"": 1, ""current_r"": 0.039824819686534466, ""best_r"": 0.039824819686534466, ""absolute_delta"": 0.0, ""tau"": 0.00035, ""chosen_gpu"": 1}, {""model"": ""model_4"", ""current_gpu"": 1, ""best_gpu"": 0, ""current_r"": 0.07607723808020471, ""best_r"": 0.061548669585367734, ""absolute_delta"": 0.014528568494836976, ""tau"": 0.00035, ""chosen_gpu"": 0}]"
steady,8,2,31,1787609215.916557,0.00035,0.08488775085697814,0.0671422105525517,0.08488775085697814,2+2,2+2,"{""model_3"": 1, ""model_4"": 0, ""model_5"": 0, ""model_6"": 1}","{""model_3"": 1, ""model_4"": 0, ""model_5"": 0, ""model_6"": 1}",0,,True,,migration cooldown active,0,0,,,,,,4,0,0,0.0,"[{""model"": ""model_5"", ""current_gpu"": 0, ""best_gpu"": 0, ""current_r"": 0.0, ""best_r"": 0.0, ""absolute_delta"": 0.0, ""tau"": 0.00035, ""chosen_gpu"": 0}, {""model"": ""model_3"", ""current_gpu"": 1, ""best_gpu"": 1, ""current_r"": 0.0, ""best_r"": 0.0, ""absolute_delta"": 0.0, ""tau"": 0.00035, ""chosen_gpu"": 1}, {""model"": ""model_6"", ""current_gpu"": 1, ""best_gpu"": 1, ""current_r"": 0.047940841827990126, ""best_r"": 0.047940841827990126, ""absolute_delta"": 0.0, ""tau"": 0.00035, ""chosen_gpu"": 1}, {""model"": ""model_4"", ""current_gpu"": 0, ""best_gpu"": 0, ""current_r"": 0.05507934914207486, ""best_r"": 0.05507934914207486, ""absolute_delta"": 0.0, ""tau"": 0.00035, ""chosen_gpu"": 0}]"
steady,8,2,32,1787609220.9432175,0.00035,0.07696038964385636,0.057198810986359545,0.07696038964385636,2+2,2+2,"{""model_3"": 1, ""model_4"": 0, ""model_5"": 0, ""model_6"": 1}","{""model_3"": 1, ""model_4"": 0, ""model_5"": 0, ""model_6"": 1}",0,,True,,migration cooldown active,0,0,,,,,,4,1,1,0.0,"[{""model"": ""model_3"", ""current_gpu"": 1, ""best_gpu"": 0, ""current_r"": 0.0, ""best_r"": 0.0, ""absolute_delta"": 0.0, ""tau"": 0.00035, ""chosen_gpu"": 1}, {""model"": ""model_5"", ""current_gpu"": 0, ""best_gpu"": 0, ""current_r"": 0.0, ""best_r"": 0.0, ""absolute_delta"": 0.0, ""tau"": 0.00035, ""chosen_gpu"": 0}, {""model"": ""model_6"", ""current_gpu"": 1, ""best_gpu"": 1, ""current_r"": 0.044465989038457006, ""best_r"": 0.044465989038457006, ""absolute_delta"": 0.0, ""tau"": 0.00035, ""chosen_gpu"": 1}, {""model"": ""model_4"", ""current_gpu"": 0, ""best_gpu"": 0, ""current_r"": 0.04724746515524255, ""best_r"": 0.04724746515524255, ""absolute_delta"": 0.0, ""tau"": 0.00035, ""chosen_gpu"": 0}]"
steady,8,2,33,1787609225.9655223,0.00035,0.061019327151382766,0.059835410300228625,0.061019327151382766,2+2,2+2,"{""model_3"": 1, ""model_4"": 0, ""model_5"": 0, ""model_6"": 1}","{""model_3"": 1, ""model_4"": 0, ""model_5"": 0, ""model_6"": 1}",0,,True,,migration cooldown active,0,0,,,,,,4,0,0,0.0,"[{""model"": ""model_5"", ""current_gpu"": 0, ""best_gpu"": 0, ""current_r"": 0.0, ""best_r"": 0.0, ""absolute_delta"": 0.0, ""tau"": 0.00035, ""chosen_gpu"": 0}, {""model"": ""model_3"", ""current_gpu"": 1, ""best_gpu"": 1, ""current_r"": 0.0, ""best_r"": 0.0, ""absolute_delta"": 0.0, ""tau"": 0.00035, ""chosen_gpu"": 1}, {""model"": ""model_6"", ""current_gpu"": 1, ""best_gpu"": 1, ""current_r"": 0.03629855237689267, ""best_r"": 0.03629855237689267, ""absolute_delta"": 0.0, ""tau"": 0.00035, ""chosen_gpu"": 1}, {""model"": ""model_4"", ""current_gpu"": 0, ""best_gpu"": 0, ""current_r"": 0.04765526424097836, ""best_r"": 0.04765526424097836, ""absolute_delta"": 0.0, ""tau"": 0.00035, ""chosen_gpu"": 0}]"
steady,8,2,34,1787609230.9944272,0.00035,0.07487169162907018,0.07487169162907018,0.06563355652512022,2+2,2+2,"{""model_3"": 1, ""model_4"": 0, ""model_5"": 0, ""model_6"": 1}","{""model_3"": 1, ""model_4"": 0, ""model_5"": 0, ""model_6"": 1}",0,,True,,migration cooldown active,0,0,,,,,,4,0,0,0.0,"[{""model"": ""model_5"", ""current_gpu"": 0, ""best_gpu"": 0, ""current_r"": 0.0, ""best_r"": 0.0, ""absolute_delta"": 0.0, ""tau"": 0.00035, ""chosen_gpu"": 0}, {""model"": ""model_3"", ""current_gpu"": 1, ""best_gpu"": 1, ""current_r"": 0.0, ""best_r"": 0.0, ""absolute_delta"": 0.0, ""tau"": 0.00035, ""chosen_gpu"": 1}, {""model"": ""model_6"", ""current_gpu"": 1, ""best_gpu"": 1, ""current_r"": 0.042429985929517355, ""best_r"": 0.042429985929517355, ""absolute_delta"": 0.0, ""tau"": 0.00035, ""chosen_gpu"": 1}, {""model"": ""model_4"", ""current_gpu"": 0, ""best_gpu"": 0, ""current_r"": 0.06153126121940763, ""best_r"": 0.06153126121940763, ""absolute_delta"": 0.0, ""tau"": 0.00035, ""chosen_gpu"": 0}]"
steady,8,2,35,1787609236.0211616,0.00035,0.08454697991391506,0.08454697991391506,0.0694145570899815,2+2,1+3,"{""model_3"": 1, ""model_4"": 0, ""model_5"": 0, ""model_6"": 1}","{""model_3"": 1, ""model_4"": 1, ""model_5"": 0, ""model_6"": 1}",1,model_4,True,,migration cooldown active,1,0,,,,,,4,1,0,0.0013745579349522669,"[{""model"": ""model_5"", ""current_gpu"": 0, ""best_gpu"": 0, ""current_r"": 0.0, ""best_r"": 0.0, ""absolute_delta"": 0.0, ""tau"": 0.00035, ""chosen_gpu"": 0}, {""model"": ""model_3"", ""current_gpu"": 1, ""best_gpu"": 1, ""current_r"": 0.0, ""best_r"": 0.0, ""absolute_delta"": 0.0, ""tau"": 0.00035, ""chosen_gpu"": 1}, {""model"": ""model_6"", ""current_gpu"": 1, ""best_gpu"": 1, ""current_r"": 0.03998969172708586, ""best_r"": 0.03998969172708586, ""absolute_delta"": 0.0, ""tau"": 0.00035, ""chosen_gpu"": 1}, {""model"": ""model_4"", ""current_gpu"": 0, ""best_gpu"": 1, ""current_r"": 0.07078911502493376, ""best_r"": 0.0694145570899815, ""absolute_delta"": 0.0013745579349522669, ""tau"": 0.00035, ""chosen_gpu"": 1}]"
steady,8,2,36,1787609241.0492678,0.00035,0.08656424389950969,0.08211810571860519,0.08656424389950969,2+2,2+2,"{""model_3"": 1, ""model_4"": 0, ""model_5"": 0, ""model_6"": 1}","{""model_3"": 1, ""model_4"": 0, ""model_5"": 0, ""model_6"": 1}",0,,False,,line-8 placement unchanged or every candidate blocked,0,0,,,,,,4,0,0,0.0,"[{""model"": ""model_5"", ""current_gpu"": 0, ""best_gpu"": 0, ""current_r"": 0.0, ""best_r"": 0.0, ""absolute_delta"": 0.0, ""tau"": 0.00035, ""chosen_gpu"": 0}, {""model"": ""model_3"", ""current_gpu"": 1, ""best_gpu"": 1, ""current_r"": 0.0, ""best_r"": 0.0, ""absolute_delta"": 0.0, ""tau"": 0.00035, ""chosen_gpu"": 1}, {""model"": ""model_6"", ""current_gpu"": 1, ""best_gpu"": 1, ""current_r"": 0.048054074671727204, ""best_r"": 0.048054074671727204, ""absolute_delta"": 0.0, ""tau"": 0.00035, ""chosen_gpu"": 1}, {""model"": ""model_4"", ""current_gpu"": 0, ""best_gpu"": 0, ""current_r"": 0.06810825024836625, ""best_r"": 0.06810825024836625, ""absolute_delta"": 0.0, ""tau"": 0.00035, ""chosen_gpu"": 0}]"
steady,8,2,37,1787609246.077533,0.00035,0.09309286562374491,0.09309286562374491,0.08484010139102802,2+2,2+2,"{""model_3"": 1, ""model_4"": 0, ""model_5"": 0, ""model_6"": 1}","{""model_3"": 1, ""model_4"": 0, ""model_5"": 0, ""model_6"": 1}",0,,False,,line-8 placement unchanged or every candidate blocked,0,0,,,,,,4,0,0,0.0,"[{""model"": ""model_5"", ""current_gpu"": 0, ""best_gpu"": 0, ""current_r"": 0.0, ""best_r"": 0.0, ""absolute_delta"": 0.0, ""tau"": 0.00035, ""chosen_gpu"": 0}, {""model"": ""model_3"", ""current_gpu"": 1, ""best_gpu"": 1, ""current_r"": 0.0, ""best_r"": 0.0, ""absolute_delta"": 0.0, ""tau"": 0.00035, ""chosen_gpu"": 1}, {""model"": ""model_6"", ""current_gpu"": 1, ""best_gpu"": 1, ""current_r"": 0.04224585095850422, ""best_r"": 0.04224585095850422, ""absolute_delta"": 0.0, ""tau"": 0.00035, ""chosen_gpu"": 1}, {""model"": ""model_4"", ""current_gpu"": 0, ""best_gpu"": 0, ""current_r"": 0.07698698748965892, ""best_r"": 0.07698698748965892, ""absolute_delta"": 0.0, ""tau"": 0.00035, ""chosen_gpu"": 0}]"
steady,8,2,38,1787609251.1125093,0.00035,0.10896258237583002,0.10896258237583002,0.08998247266801057,2+2,2+2,"{""model_3"": 1, ""model_4"": 0, ""model_5"": 0, ""model_6"": 1}","{""model_3"": 1, ""model_4"": 0, ""model_5"": 0, ""model_6"": 1}",0,,False,,line-8 placement unchanged or every candidate blocked,0,0,,,,,,4,1,1,0.00028780081553871073,"[{""model"": ""model_5"", ""current_gpu"": 0, ""best_gpu"": 0, ""current_r"": 0.0, ""best_r"": 0.0, ""absolute_delta"": 0.0, ""tau"": 0.00035, ""chosen_gpu"": 0}, {""model"": ""model_3"", ""current_gpu"": 1, ""best_gpu"": 1, ""current_r"": 0.0, ""best_r"": 0.0, ""absolute_delta"": 0.0, ""tau"": 0.00035, ""chosen_gpu"": 1}, {""model"": ""model_6"", ""current_gpu"": 1, ""best_gpu"": 1, ""current_r"": 0.050283910897505356, ""best_r"": 0.050283910897505356, ""absolute_delta"": 0.0, ""tau"": 0.00035, ""chosen_gpu"": 1}, {""model"": ""model_4"", ""current_gpu"": 0, ""best_gpu"": 1, ""current_r"": 0.09027027348354928, ""best_r"": 0.08998247266801057, ""absolute_delta"": 0.00028780081553871073, ""tau"": 0.00035, ""chosen_gpu"": 0}]"
steady,8,2,39,1787609256.1420496,0.00035,0.1043828773717763,0.1043828773717763,0.07834540427570394,2+2,1+3,"{""model_3"": 1, ""model_4"": 0, ""model_5"": 0, ""model_6"": 1}","{""model_3"": 1, ""model_4"": 1, ""model_5"": 0, ""model_6"": 1}",1,model_4,False,MIGRATE,literal line-8 absolute delta exceeds tau,1,0,,model_4,0,1,0.09710398710757762,4,1,0,0.008137926877629292,"[{""model"": ""model_5"", ""current_gpu"": 0, ""best_gpu"": 0, ""current_r"": 0.0, ""best_r"": 0.0, ""absolute_delta"": 0.0, ""tau"": 0.00035, ""chosen_gpu"": 0}, {""model"": ""model_3"", ""current_gpu"": 1, ""best_gpu"": 1, ""current_r"": 0.0, ""best_r"": 0.0, ""absolute_delta"": 0.0, ""tau"": 0.00035, ""chosen_gpu"": 1}, {""model"": ""model_6"", ""current_gpu"": 1, ""best_gpu"": 1, ""current_r"": 0.04353222386088134, ""best_r"": 0.04353222386088134, ""absolute_delta"": 0.0, ""tau"": 0.00035, ""chosen_gpu"": 1}, {""model"": ""model_4"", ""current_gpu"": 0, ""best_gpu"": 1, ""current_r"": 0.08648333115333323, ""best_r"": 0.07834540427570394, ""absolute_delta"": 0.008137926877629292, ""tau"": 0.00035, ""chosen_gpu"": 1}]"
steady,8,2,40,1787609261.1703248,0.00035,0.10255802592739353,0.10255802592739353,0.0845911957721298,1+3,1+3,"{""model_3"": 1, ""model_4"": 1, ""model_5"": 0, ""model_6"": 1}","{""model_3"": 1, ""model_4"": 1, ""model_5"": 0, ""model_6"": 1}",0,,True,,migration cooldown active,0,0,,,,,,4,0,0,0.0,"[{""model"": ""model_5"", ""current_gpu"": 0, ""best_gpu"": 0, ""current_r"": 0.0, ""best_r"": 0.0, ""absolute_delta"": 0.0, ""tau"": 0.00035, ""chosen_gpu"": 0}, {""model"": ""model_3"", ""current_gpu"": 1, ""best_gpu"": 1, ""current_r"": 0.0, ""best_r"": 0.0, ""absolute_delta"": 0.0, ""tau"": 0.00035, ""chosen_gpu"": 1}, {""model"": ""model_6"", ""current_gpu"": 1, ""best_gpu"": 1, ""current_r"": 0.032062481739149905, ""best_r"": 0.032062481739149905, ""absolute_delta"": 0.0, ""tau"": 0.00035, ""chosen_gpu"": 1}, {""model"": ""model_4"", ""current_gpu"": 1, ""best_gpu"": 1, ""current_r"": 0.06830550341262576, ""best_r"": 0.06830550341262576, ""absolute_delta"": 0.0, ""tau"": 0.00035, ""chosen_gpu"": 1}]"
steady,8,2,41,1787609266.1995502,0.00035,0.08762909741262617,0.06501412445100371,0.08762909741262617,1+3,2+2,"{""model_3"": 1, ""model_4"": 1, ""model_5"": 0, ""model_6"": 1}","{""model_3"": 1, ""model_4"": 0, ""model_5"": 0, ""model_6"": 1}",1,model_4,True,,migration cooldown active,1,0,,,,,,4,1,0,0.0047678158192267645,"[{""model"": ""model_5"", ""current_gpu"": 0, ""best_gpu"": 0, ""current_r"": 0.0, ""best_r"": 0.0, ""absolute_delta"": 0.0, ""tau"": 0.00035, ""chosen_gpu"": 0}, {""model"": ""model_3"", ""current_gpu"": 1, ""best_gpu"": 1, ""current_r"": 0.0, ""best_r"": 0.0, ""absolute_delta"": 0.0, ""tau"": 0.00035, ""chosen_gpu"": 1}, {""model"": ""model_6"", ""current_gpu"": 1, ""best_gpu"": 1, ""current_r"": 0.033184380545529905, ""best_r"": 0.033184380545529905, ""absolute_delta"": 0.0, ""tau"": 0.00035, ""chosen_gpu"": 1}, {""model"": ""model_4"", ""current_gpu"": 1, ""best_gpu"": 0, ""current_r"": 0.06978194027023048, ""best_r"": 0.06501412445100371, ""absolute_delta"": 0.0047678158192267645, ""tau"": 0.00035, ""chosen_gpu"": 0}]"
steady,8,2,42,1787609271.229376,0.00035,0.08760386681693988,0.06951467486591621,0.08760386681693988,1+3,2+2,"{""model_3"": 1, ""model_4"": 1, ""model_5"": 0, ""model_6"": 1}","{""model_3"": 1, ""model_4"": 0, ""model_5"": 0, ""model_6"": 1}",1,model_4,True,,migration cooldown active,1,0,,,,,,4,1,0,0.0003768184464174873,"[{""model"": ""model_5"", ""current_gpu"": 0, ""best_gpu"": 0, ""current_r"": 0.0, ""best_r"": 0.0, ""absolute_delta"": 0.0, ""tau"": 0.00035, ""chosen_gpu"": 0}, {""model"": ""model_3"", ""current_gpu"": 1, ""best_gpu"": 1, ""current_r"": 0.0, ""best_r"": 0.0, ""absolute_delta"": 0.0, ""tau"": 0.00035, ""chosen_gpu"": 1}, {""model"": ""model_6"", ""current_gpu"": 1, ""best_gpu"": 1, ""current_r"": 0.0347865611870026, ""best_r"": 0.0347865611870026, ""absolute_delta"": 0.0, ""tau"": 0.00035, ""chosen_gpu"": 1}, {""model"": ""model_4"", ""current_gpu"": 1, ""best_gpu"": 0, ""current_r"": 0.0698914933123337, ""best_r"": 0.06951467486591621, ""absolute_delta"": 0.0003768184464174873, ""tau"": 0.00035, ""chosen_gpu"": 0}]"
steady,8,2,43,1787609276.2958903,0.00035,0.08609013500306258,0.06306631961061661,0.08609013500306258,1+3,2+2,"{""model_3"": 1, ""model_4"": 1, ""model_5"": 0, ""model_6"": 1}","{""model_3"": 1, ""model_4"": 0, ""model_5"": 0, ""model_6"": 1}",1,model_4,True,,migration cooldown active,1,0,,,,,,4,1,0,0.002539486102992289,"[{""model"": ""model_5"", ""current_gpu"": 0, ""best_gpu"": 0, ""current_r"": 0.0, ""best_r"": 0.0, ""absolute_delta"": 0.0, ""tau"": 0.00035, ""chosen_gpu"": 0}, {""model"": ""model_3"", ""current_gpu"": 1, ""best_gpu"": 1, ""current_r"": 0.0, ""best_r"": 0.0, ""absolute_delta"": 0.0, ""tau"": 0.00035, ""chosen_gpu"": 1}, {""model"": ""model_6"", ""current_gpu"": 1, ""best_gpu"": 1, ""current_r"": 0.03431566117474518, ""best_r"": 0.03431566117474518, ""absolute_delta"": 0.0, ""tau"": 0.00035, ""chosen_gpu"": 1}, {""model"": ""model_4"", ""current_gpu"": 1, ""best_gpu"": 0, ""current_r"": 0.0656058057136089, ""best_r"": 0.06306631961061661, ""absolute_delta"": 0.002539486102992289, ""tau"": 0.00035, ""chosen_gpu"": 0}]"
steady,8,2,44,1787609281.3497002,0.00035,0.09350456720465306,0.06892943435305551,0.09350456720465306,1+3,2+2,"{""model_3"": 1, ""model_4"": 1, ""model_5"": 0, ""model_6"": 1}","{""model_3"": 1, ""model_4"": 0, ""model_5"": 0, ""model_6"": 1}",1,model_4,True,,migration cooldown active,1,0,,,,,,4,1,0,0.004039827064198462,"[{""model"": ""model_5"", ""current_gpu"": 0, ""best_gpu"": 0, ""current_r"": 0.0, ""best_r"": 0.0, ""absolute_delta"": 0.0, ""tau"": 0.00035, ""chosen_gpu"": 0}, {""model"": ""model_3"", ""current_gpu"": 1, ""best_gpu"": 1, ""current_r"": 0.0, ""best_r"": 0.0, ""absolute_delta"": 0.0, ""tau"": 0.00035, ""chosen_gpu"": 1}, {""model"": ""model_6"", ""current_gpu"": 1, ""best_gpu"": 1, ""current_r"": 0.04159890231950347, ""best_r"": 0.04159890231950347, ""absolute_delta"": 0.0, ""tau"": 0.00035, ""chosen_gpu"": 1}, {""model"": ""model_4"", ""current_gpu"": 1, ""best_gpu"": 0, ""current_r"": 0.07296926141725397, ""best_r"": 0.06892943435305551, ""absolute_delta"": 0.004039827064198462, ""tau"": 0.00035, ""chosen_gpu"": 0}]"
steady,8,2,45,1787609286.381818,0.00035,0.09483671027511718,0.0536315805651828,0.09483671027511718,1+3,2+2,"{""model_3"": 1, ""model_4"": 1, ""model_5"": 0, ""model_6"": 1}","{""model_3"": 1, ""model_4"": 0, ""model_5"": 0, ""model_6"": 1}",1,model_4,False,MIGRATE,literal line-8 absolute delta exceeds tau,1,0,,model_4,1,0,0.07600374035159331,4,1,0,0.02237215978641051,"[{""model"": ""model_5"", ""current_gpu"": 0, ""best_gpu"": 0, ""current_r"": 0.0, ""best_r"": 0.0, ""absolute_delta"": 0.0, ""tau"": 0.00035, ""chosen_gpu"": 0}, {""model"": ""model_3"", ""current_gpu"": 1, ""best_gpu"": 1, ""current_r"": 0.0, ""best_r"": 0.0, ""absolute_delta"": 0.0, ""tau"": 0.00035, ""chosen_gpu"": 1}, {""model"": ""model_6"", ""current_gpu"": 1, ""best_gpu"": 1, ""current_r"": 0.04255188189143906, ""best_r"": 0.04255188189143906, ""absolute_delta"": 0.0, ""tau"": 0.00035, ""chosen_gpu"": 1}, {""model"": ""model_4"", ""current_gpu"": 1, ""best_gpu"": 0, ""current_r"": 0.07600374035159331, ""best_r"": 0.0536315805651828, ""absolute_delta"": 0.02237215978641051, ""tau"": 0.00035, ""chosen_gpu"": 0}]"
steady,8,2,46,1787609292.3753548,0.00035,0.08164802421903454,0.06945949371432082,0.08164802421903454,2+2,2+2,"{""model_3"": 1, ""model_4"": 0, ""model_5"": 0, ""model_6"": 1}","{""model_3"": 1, ""model_4"": 0, ""model_5"": 0, ""model_6"": 1}",0,,True,,migration cooldown active,0,0,,,,,,4,1,1,0.0,"[{""model"": ""model_3"", ""current_gpu"": 1, ""best_gpu"": 0, ""current_r"": 0.0, ""best_r"": 0.0, ""absolute_delta"": 0.0, ""tau"": 0.00035, ""chosen_gpu"": 1}, {""model"": ""model_5"", ""current_gpu"": 0, ""best_gpu"": 0, ""current_r"": 0.0, ""best_r"": 0.0, ""absolute_delta"": 0.0, ""tau"": 0.00035, ""chosen_gpu"": 0}, {""model"": ""model_6"", ""current_gpu"": 1, ""best_gpu"": 1, ""current_r"": 0.04598735936570943, ""best_r"": 0.04598735936570943, ""absolute_delta"": 0.0, ""tau"": 0.00035, ""chosen_gpu"": 1}, {""model"": ""model_4"", ""current_gpu"": 0, ""best_gpu"": 0, ""current_r"": 0.050171277264777, ""best_r"": 0.050171277264777, ""absolute_delta"": 0.0, ""tau"": 0.00035, ""chosen_gpu"": 0}]"
steady,8,2,47,1787609297.4083788,0.00035,0.10217202954331554,0.07494405039173024,0.10217202954331554,2+2,2+2,"{""model_3"": 1, ""model_4"": 0, ""model_5"": 0, ""model_6"": 1}","{""model_3"": 1, ""model_4"": 1, ""model_5"": 0, ""model_6"": 0}",2,"model_6,model_4",True,,migration cooldown active,2,0,,,,,,4,3,1,0.03479586758669761,"[{""model"": ""model_3"", ""current_gpu"": 1, ""best_gpu"": 0, ""current_r"": 0.0, ""best_r"": 0.0, ""absolute_delta"": 0.0, ""tau"": 0.00035, ""chosen_gpu"": 1}, {""model"": ""model_5"", ""current_gpu"": 0, ""best_gpu"": 0, ""current_r"": 0.0, ""best_r"": 0.0, ""absolute_delta"": 0.0, ""tau"": 0.00035, ""chosen_gpu"": 0}, {""model"": ""model_6"", ""current_gpu"": 1, ""best_gpu"": 0, ""current_r"": 0.061956786055523884, ""best_r"": 0.052053181527474394, ""absolute_delta"": 0.00990360452804949, ""tau"": 0.00035, ""chosen_gpu"": 0}, {""model"": ""model_4"", ""current_gpu"": 0, ""best_gpu"": 1, ""current_r"": 0.09675265364222149, ""best_r"": 0.061956786055523884, ""absolute_delta"": 0.03479586758669761, ""tau"": 0.00035, ""chosen_gpu"": 1}]"
steady,8,2,48,1787609302.4711332,0.00035,0.09556338953245631,0.07168604458282499,0.09556338953245631,2+2,2+2,"{""model_3"": 1, ""model_4"": 0, ""model_5"": 0, ""model_6"": 1}","{""model_3"": 1, ""model_4"": 1, ""model_5"": 0, ""model_6"": 0}",2,"model_6,model_4",True,,migration cooldown active,2,0,,,,,,4,3,1,0.036738549555156375,"[{""model"": ""model_3"", ""current_gpu"": 1, ""best_gpu"": 0, ""current_r"": 0.0, ""best_r"": 0.0, ""absolute_delta"": 0.0, ""tau"": 0.00035, ""chosen_gpu"": 1}, {""model"": ""model_5"", ""current_gpu"": 0, ""best_gpu"": 0, ""current_r"": 0.0, ""best_r"": 0.0, ""absolute_delta"": 0.0, ""tau"": 0.00035, ""chosen_gpu"": 0}, {""model"": ""model_6"", ""current_gpu"": 1, ""best_gpu"": 0, ""current_r"": 0.058760016724559966, ""best_r"": 0.05350190548224089, ""absolute_delta"": 0.005258111242319077, ""tau"": 0.00035, ""chosen_gpu"": 0}, {""model"": ""model_4"", ""current_gpu"": 0, ""best_gpu"": 1, ""current_r"": 0.09549856627971634, ""best_r"": 0.058760016724559966, ""absolute_delta"": 0.036738549555156375, ""tau"": 0.00035, ""chosen_gpu"": 1}]"
steady,8,2,49,1787609307.5168223,0.00035,0.08686425743849001,0.08686425743849001,0.08632278686453104,2+2,2+2,"{""model_3"": 1, ""model_4"": 0, ""model_5"": 0, ""model_6"": 1}","{""model_3"": 1, ""model_4"": 0, ""model_5"": 0, ""model_6"": 1}",0,,True,,migration cooldown active,0,0,,,,,,4,0,0,0.0,"[{""model"": ""model_5"", ""current_gpu"": 0, ""best_gpu"": 0, ""current_r"": 0.0, ""best_r"": 0.0, ""absolute_delta"": 0.0, ""tau"": 0.00035, ""chosen_gpu"": 0}, {""model"": ""model_3"", ""current_gpu"": 1, ""best_gpu"": 1, ""current_r"": 0.0, ""best_r"": 0.0, ""absolute_delta"": 0.0, ""tau"": 0.00035, ""chosen_gpu"": 1}, {""model"": ""model_6"", ""current_gpu"": 1, ""best_gpu"": 1, ""current_r"": 0.04510767169143393, ""best_r"": 0.04510767169143393, ""absolute_delta"": 0.0, ""tau"": 0.00035, ""chosen_gpu"": 1}, {""model"": ""model_4"", ""current_gpu"": 0, ""best_gpu"": 0, ""current_r"": 0.07343814666047234, ""best_r"": 0.07343814666047234, ""absolute_delta"": 0.0, ""tau"": 0.00035, ""chosen_gpu"": 0}]"
steady,8,2,50,1787609312.5741184,0.00035,0.08041340994456717,0.08041340994456717,0.07961223342786634,2+2,2+2,"{""model_3"": 1, ""model_4"": 0, ""model_5"": 0, ""model_6"": 1}","{""model_3"": 1, ""model_4"": 0, ""model_5"": 0, ""model_6"": 1}",0,,True,,migration cooldown active,0,0,,,,,,4,0,0,0.0,"[{""model"": ""model_5"", ""current_gpu"": 0, ""best_gpu"": 0, ""current_r"": 0.0, ""best_r"": 0.0, ""absolute_delta"": 0.0, ""tau"": 0.00035, ""chosen_gpu"": 0}, {""model"": ""model_3"", ""current_gpu"": 1, ""best_gpu"": 1, ""current_r"": 0.0, ""best_r"": 0.0, ""absolute_delta"": 0.0, ""tau"": 0.00035, ""chosen_gpu"": 1}, {""model"": ""model_6"", ""current_gpu"": 1, ""best_gpu"": 1, ""current_r"": 0.039523405556345474, ""best_r"": 0.039523405556345474, ""absolute_delta"": 0.0, ""tau"": 0.00035, ""chosen_gpu"": 1}, {""model"": ""model_4"", ""current_gpu"": 0, ""best_gpu"": 0, ""current_r"": 0.06438073881021308, ""best_r"": 0.06438073881021308, ""absolute_delta"": 0.0, ""tau"": 0.00035, ""chosen_gpu"": 0}]"
steady,8,2,51,1787609317.892814,0.00035,0.09416678289926728,0.09416678289926728,0.08227618860033627,2+2,2+2,"{""model_3"": 1, ""model_4"": 0, ""model_5"": 0, ""model_6"": 1}","{""model_3"": 1, ""model_4"": 0, ""model_5"": 0, ""model_6"": 1}",0,,False,,line-8 placement unchanged or every candidate blocked,0,0,,,,,,4,0,0,0.0,"[{""model"": ""model_5"", ""current_gpu"": 0, ""best_gpu"": 0, ""current_r"": 0.0, ""best_r"": 0.0, ""absolute_delta"": 0.0, ""tau"": 0.00035, ""chosen_gpu"": 0}, {""model"": ""model_3"", ""current_gpu"": 1, ""best_gpu"": 1, ""current_r"": 0.0, ""best_r"": 0.0, ""absolute_delta"": 0.0, ""tau"": 0.00035, ""chosen_gpu"": 1}, {""model"": ""model_6"", ""current_gpu"": 1, ""best_gpu"": 1, ""current_r"": 0.038386393465523555, ""best_r"": 0.038386393465523555, ""absolute_delta"": 0.0, ""tau"": 0.00035, ""chosen_gpu"": 1}, {""model"": ""model_4"", ""current_gpu"": 0, ""best_gpu"": 0, ""current_r"": 0.07949710257735454, ""best_r"": 0.07949710257735454, ""absolute_delta"": 0.0, ""tau"": 0.00035, ""chosen_gpu"": 0}]"
steady,8,2,52,1787609322.9397583,0.00035,0.07953297174076719,0.07953297174076719,0.07728215109628428,2+2,2+2,"{""model_3"": 1, ""model_4"": 0, ""model_5"": 0, ""model_6"": 1}","{""model_3"": 1, ""model_4"": 0, ""model_5"": 0, ""model_6"": 1}",0,,False,,line-8 placement unchanged or every candidate blocked,0,0,,,,,,4,0,0,0.0,"[{""model"": ""model_5"", ""current_gpu"": 0, ""best_gpu"": 0, ""current_r"": 0.0, ""best_r"": 0.0, ""absolute_delta"": 0.0, ""tau"": 0.00035, ""chosen_gpu"": 0}, {""model"": ""model_3"", ""current_gpu"": 1, ""best_gpu"": 1, ""current_r"": 0.0, ""best_r"": 0.0, ""absolute_delta"": 0.0, ""tau"": 0.00035, ""chosen_gpu"": 1}, {""model"": ""model_6"", ""current_gpu"": 1, ""best_gpu"": 1, ""current_r"": 0.03960266050341665, ""best_r"": 0.03960266050341665, ""absolute_delta"": 0.0, ""tau"": 0.00035, ""chosen_gpu"": 1}, {""model"": ""model_4"", ""current_gpu"": 0, ""best_gpu"": 0, ""current_r"": 0.06623585983921246, ""best_r"": 0.06623585983921246, ""absolute_delta"": 0.0, ""tau"": 0.00035, ""chosen_gpu"": 0}]"
steady,8,2,53,1787609327.9767907,0.00035,0.07450445488308743,0.07405767601072542,0.07450445488308743,2+2,2+2,"{""model_3"": 1, ""model_4"": 0, ""model_5"": 0, ""model_6"": 1}","{""model_3"": 1, ""model_4"": 0, ""model_5"": 0, ""model_6"": 1}",0,,False,,line-8 placement unchanged or every candidate blocked,0,0,,,,,,4,0,0,0.0,"[{""model"": ""model_5"", ""current_gpu"": 0, ""best_gpu"": 0, ""current_r"": 0.0, ""best_r"": 0.0, ""absolute_delta"": 0.0, ""tau"": 0.00035, ""chosen_gpu"": 0}, {""model"": ""model_3"", ""current_gpu"": 1, ""best_gpu"": 1, ""current_r"": 0.0, ""best_r"": 0.0, ""absolute_delta"": 0.0, ""tau"": 0.00035, ""chosen_gpu"": 1}, {""model"": ""model_6"", ""current_gpu"": 1, ""best_gpu"": 1, ""current_r"": 0.03815070096533464, ""best_r"": 0.03815070096533464, ""absolute_delta"": 0.0, ""tau"": 0.00035, ""chosen_gpu"": 1}, {""model"": ""model_4"", ""current_gpu"": 0, ""best_gpu"": 0, ""current_r"": 0.06317990185685539, ""best_r"": 0.06317990185685539, ""absolute_delta"": 0.0, ""tau"": 0.00035, ""chosen_gpu"": 0}]"
steady,8,2,54,1787609333.013744,0.00035,0.07540891537721571,0.06641320468147606,0.07540891537721571,2+2,2+2,"{""model_3"": 1, ""model_4"": 0, ""model_5"": 0, ""model_6"": 1}","{""model_3"": 1, ""model_4"": 0, ""model_5"": 0, ""model_6"": 1}",0,,False,,line-8 placement unchanged or every candidate blocked,0,0,,,,,,4,0,0,0.0,"[{""model"": ""model_5"", ""current_gpu"": 0, ""best_gpu"": 0, ""current_r"": 0.0, ""best_r"": 0.0, ""absolute_delta"": 0.0, ""tau"": 0.00035, ""chosen_gpu"": 0}, {""model"": ""model_3"", ""current_gpu"": 1, ""best_gpu"": 1, ""current_r"": 0.0, ""best_r"": 0.0, ""absolute_delta"": 0.0, ""tau"": 0.00035, ""chosen_gpu"": 1}, {""model"": ""model_6"", ""current_gpu"": 1, ""best_gpu"": 1, ""current_r"": 0.03757625657007992, ""best_r"": 0.03757625657007992, ""absolute_delta"": 0.0, ""tau"": 0.00035, ""chosen_gpu"": 1}, {""model"": ""model_4"", ""current_gpu"": 0, ""best_gpu"": 0, ""current_r"": 0.0541977689095124, ""best_r"": 0.0541977689095124, ""absolute_delta"": 0.0, ""tau"": 0.00035, ""chosen_gpu"": 0}]"
steady,8,2,55,1787609338.0493836,0.00035,0.09601102633085902,0.06934826941838315,0.09601102633085902,2+2,2+2,"{""model_3"": 1, ""model_4"": 0, ""model_5"": 0, ""model_6"": 1}","{""model_3"": 1, ""model_4"": 0, ""model_5"": 0, ""model_6"": 1}",0,,False,,line-8 placement unchanged or every candidate blocked,0,0,,,,,,4,0,0,0.0,"[{""model"": ""model_5"", ""current_gpu"": 0, ""best_gpu"": 0, ""current_r"": 0.0, ""best_r"": 0.0, ""absolute_delta"": 0.0, ""tau"": 0.00035, ""chosen_gpu"": 0}, {""model"": ""model_3"", ""current_gpu"": 1, ""best_gpu"": 1, ""current_r"": 0.0, ""best_r"": 0.0, ""absolute_delta"": 0.0, ""tau"": 0.00035, ""chosen_gpu"": 1}, {""model"": ""model_6"", ""current_gpu"": 1, ""best_gpu"": 1, ""current_r"": 0.04774690896904382, ""best_r"": 0.04774690896904382, ""absolute_delta"": 0.0, ""tau"": 0.00035, ""chosen_gpu"": 1}, {""model"": ""model_4"", ""current_gpu"": 0, ""best_gpu"": 0, ""current_r"": 0.05500812540072783, ""best_r"": 0.05500812540072783, ""absolute_delta"": 0.0, ""tau"": 0.00035, ""chosen_gpu"": 0}]"
steady,8,2,56,1787609343.0845742,0.00035,0.0900247291369131,0.06117260796945301,0.0900247291369131,2+2,2+2,"{""model_3"": 1, ""model_4"": 0, ""model_5"": 0, ""model_6"": 1}","{""model_3"": 1, ""model_4"": 0, ""model_5"": 0, ""model_6"": 1}",0,,False,,line-8 placement unchanged or every candidate blocked,0,0,,,,,,4,1,1,0.0,"[{""model"": ""model_3"", ""current_gpu"": 1, ""best_gpu"": 0, ""current_r"": 0.0, ""best_r"": 0.0, ""absolute_delta"": 0.0, ""tau"": 0.00035, ""chosen_gpu"": 1}, {""model"": ""model_5"", ""current_gpu"": 0, ""best_gpu"": 0, ""current_r"": 0.0, ""best_r"": 0.0, ""absolute_delta"": 0.0, ""tau"": 0.00035, ""chosen_gpu"": 0}, {""model"": ""model_6"", ""current_gpu"": 1, ""best_gpu"": 1, ""current_r"": 0.04497533117978495, ""best_r"": 0.04497533117978495, ""absolute_delta"": 0.0, ""tau"": 0.00035, ""chosen_gpu"": 1}, {""model"": ""model_4"", ""current_gpu"": 0, ""best_gpu"": 0, ""current_r"": 0.05052177856499666, ""best_r"": 0.05052177856499666, ""absolute_delta"": 0.0, ""tau"": 0.00035, ""chosen_gpu"": 0}]"
steady,8,2,57,1787609348.1327474,0.00035,0.09329089167063598,0.06656824171270245,0.09329089167063598,2+2,2+2,"{""model_3"": 1, ""model_4"": 0, ""model_5"": 0, ""model_6"": 1}","{""model_3"": 1, ""model_4"": 0, ""model_5"": 0, ""model_6"": 1}",0,,False,,line-8 placement unchanged or every candidate blocked,0,0,,,,,,4,1,1,0.0,"[{""model"": ""model_3"", ""current_gpu"": 1, ""best_gpu"": 0, ""current_r"": 0.0, ""best_r"": 0.0, ""absolute_delta"": 0.0, ""tau"": 0.00035, ""chosen_gpu"": 1}, {""model"": ""model_5"", ""current_gpu"": 0, ""best_gpu"": 0, ""current_r"": 0.0, ""best_r"": 0.0, ""absolute_delta"": 0.0, ""tau"": 0.00035, ""chosen_gpu"": 0}, {""model"": ""model_6"", ""current_gpu"": 1, ""best_gpu"": 1, ""current_r"": 0.049711776518463015, ""best_r"": 0.049711776518463015, ""absolute_delta"": 0.0, ""tau"": 0.00035, ""chosen_gpu"": 1}, {""model"": ""model_4"", ""current_gpu"": 0, ""best_gpu"": 0, ""current_r"": 0.05660444647627273, ""best_r"": 0.05660444647627273, ""absolute_delta"": 0.0, ""tau"": 0.00035, ""chosen_gpu"": 0}]"
steady,8,2,58,1787609353.1709995,0.00035,0.08053197916394068,0.06583825924768646,0.08053197916394068,2+2,2+2,"{""model_3"": 1, ""model_4"": 0, ""model_5"": 0, ""model_6"": 1}","{""model_3"": 1, ""model_4"": 0, ""model_5"": 0, ""model_6"": 1}",0,,False,,line-8 placement unchanged or every candidate blocked,0,0,,,,,,4,0,0,0.0,"[{""model"": ""model_5"", ""current_gpu"": 0, ""best_gpu"": 0, ""current_r"": 0.0, ""best_r"": 0.0, ""absolute_delta"": 0.0, ""tau"": 0.00035, ""chosen_gpu"": 0}, {""model"": ""model_3"", ""current_gpu"": 1, ""best_gpu"": 1, ""current_r"": 0.0, ""best_r"": 0.0, ""absolute_delta"": 0.0, ""tau"": 0.00035, ""chosen_gpu"": 1}, {""model"": ""model_6"", ""current_gpu"": 1, ""best_gpu"": 1, ""current_r"": 0.04743027714149209, ""best_r"": 0.04743027714149209, ""absolute_delta"": 0.0, ""tau"": 0.00035, ""chosen_gpu"": 1}, {""model"": ""model_4"", ""current_gpu"": 0, ""best_gpu"": 0, ""current_r"": 0.05438413998638785, ""best_r"": 0.05438413998638785, ""absolute_delta"": 0.0, ""tau"": 0.00035, ""chosen_gpu"": 0}]"
steady,8,2,59,1787609358.2291777,0.00035,0.09361180691004364,0.04798302859294337,0.09361180691004364,2+2,2+2,"{""model_3"": 1, ""model_4"": 0, ""model_5"": 0, ""model_6"": 1}","{""model_3"": 1, ""model_4"": 1, ""model_5"": 0, ""model_6"": 0}",2,"model_6,model_4",False,MIGRATE,literal line-8 absolute delta exceeds tau,2,0,,model_6,1,0,0.09994085393335576,4,3,1,0.02676582141803186,"[{""model"": ""model_3"", ""current_gpu"": 1, ""best_gpu"": 0, ""current_r"": 0.0, ""best_r"": 0.0, ""absolute_delta"": 0.0, ""tau"": 0.00035, ""chosen_gpu"": 1}, {""model"": ""model_5"", ""current_gpu"": 0, ""best_gpu"": 0, ""current_r"": 0.0, ""best_r"": 0.0, ""absolute_delta"": 0.0, ""tau"": 0.00035, ""chosen_gpu"": 0}, {""model"": ""model_6"", ""current_gpu"": 1, ""best_gpu"": 0, ""current_r"": 0.05346839362721759, ""best_r"": 0.03738811611700188, ""absolute_delta"": 0.016080277510215714, ""tau"": 0.00035, ""chosen_gpu"": 0}, {""model"": ""model_4"", ""current_gpu"": 0, ""best_gpu"": 1, ""current_r"": 0.08023421504524945, ""best_r"": 0.05346839362721759, ""absolute_delta"": 0.02676582141803186, ""tau"": 0.00035, ""chosen_gpu"": 1}]"
steady,8,2,60,1787609363.2741523,0.00035,0.07628294480907266,0.07628294480907266,0.05948050739103464,1+3,2+2,"{""model_3"": 1, ""model_4"": 0, ""model_5"": 0, ""model_6"": 0}","{""model_3"": 1, ""model_4"": 1, ""model_5"": 0, ""model_6"": 0}",1,model_4,True,,migration cooldown active,1,0,,,,,,4,2,1,0.0038442409173239517,"[{""model"": ""model_3"", ""current_gpu"": 1, ""best_gpu"": 0, ""current_r"": 0.0, ""best_r"": 0.0, ""absolute_delta"": 0.0, ""tau"": 0.00035, ""chosen_gpu"": 1}, {""model"": ""model_5"", ""current_gpu"": 0, ""best_gpu"": 0, ""current_r"": 0.0, ""best_r"": 0.0, ""absolute_delta"": 0.0, ""tau"": 0.00035, ""chosen_gpu"": 0}, {""model"": ""model_6"", ""current_gpu"": 0, ""best_gpu"": 0, ""current_r"": 0.032576756430215736, ""best_r"": 0.032576756430215736, ""absolute_delta"": 0.0, ""tau"": 0.00035, ""chosen_gpu"": 0}, {""model"": ""model_4"", ""current_gpu"": 0, ""best_gpu"": 1, ""current_r"": 0.06332474830835859, ""best_r"": 0.05948050739103464, ""absolute_delta"": 0.0038442409173239517, ""tau"": 0.00035, ""chosen_gpu"": 1}]"
steady,8,2,61,1787609368.3404322,0.00035,0.08774750593108241,0.08774750593108241,0.05062232012994188,1+3,2+2,"{""model_3"": 1, ""model_4"": 0, ""model_5"": 0, ""model_6"": 0}","{""model_3"": 1, ""model_4"": 1, ""model_5"": 0, ""model_6"": 0}",1,model_4,True,,migration cooldown active,1,0,,,,,,4,2,1,0.022861571037269622,"[{""model"": ""model_3"", ""current_gpu"": 1, ""best_gpu"": 0, ""current_r"": 0.0, ""best_r"": 0.0, ""absolute_delta"": 0.0, ""tau"": 0.00035, ""chosen_gpu"": 1}, {""model"": ""model_5"", ""current_gpu"": 0, ""best_gpu"": 0, ""current_r"": 0.0, ""best_r"": 0.0, ""absolute_delta"": 0.0, ""tau"": 0.00035, ""chosen_gpu"": 0}, {""model"": ""model_6"", ""current_gpu"": 0, ""best_gpu"": 0, ""current_r"": 0.037985548183320166, ""best_r"": 0.037985548183320166, ""absolute_delta"": 0.0, ""tau"": 0.00035, ""chosen_gpu"": 0}, {""model"": ""model_4"", ""current_gpu"": 0, ""best_gpu"": 1, ""current_r"": 0.0734838911672115, ""best_r"": 0.05062232012994188, ""absolute_delta"": 0.022861571037269622, ""tau"": 0.00035, ""chosen_gpu"": 1}]"
steady,8,2,62,1787609373.3909273,0.00035,0.10911271819380565,0.10911271819380565,0.037391619727545566,1+3,2+2,"{""model_3"": 1, ""model_4"": 0, ""model_5"": 0, ""model_6"": 0}","{""model_3"": 1, ""model_4"": 0, ""model_5"": 0, ""model_6"": 1}",1,model_6,True,,migration cooldown active,1,0,,,,,,4,1,0,0.01332651966622321,"[{""model"": ""model_5"", ""current_gpu"": 0, ""best_gpu"": 0, ""current_r"": 0.0, ""best_r"": 0.0, ""absolute_delta"": 0.0, ""tau"": 0.00035, ""chosen_gpu"": 0}, {""model"": ""model_3"", ""current_gpu"": 1, ""best_gpu"": 1, ""current_r"": 0.0, ""best_r"": 0.0, ""absolute_delta"": 0.0, ""tau"": 0.00035, ""chosen_gpu"": 1}, {""model"": ""model_6"", ""current_gpu"": 0, ""best_gpu"": 1, ""current_r"": 0.05071813939376878, ""best_r"": 0.037391619727545566, ""absolute_delta"": 0.01332651966622321, ""tau"": 0.00035, ""chosen_gpu"": 1}, {""model"": ""model_4"", ""current_gpu"": 0, ""best_gpu"": 0, ""current_r"": 0.05071813939376878, ""best_r"": 0.05071813939376878, ""absolute_delta"": 0.0, ""tau"": 0.00035, ""chosen_gpu"": 0}]"
steady,8,2,63,1787609378.4302735,0.00035,0.15038083386704815,0.15038083386704815,0.04932828116273856,1+3,2+2,"{""model_3"": 1, ""model_4"": 0, ""model_5"": 0, ""model_6"": 0}","{""model_3"": 1, ""model_4"": 0, ""model_5"": 0, ""model_6"": 1}",1,model_6,True,,migration cooldown active,1,0,,,,,,4,1,0,0.0247122724462501,"[{""model"": ""model_5"", ""current_gpu"": 0, ""best_gpu"": 0, ""current_r"": 0.0, ""best_r"": 0.0, ""absolute_delta"": 0.0, ""tau"": 0.00035, ""chosen_gpu"": 0}, {""model"": ""model_3"", ""current_gpu"": 1, ""best_gpu"": 1, ""current_r"": 0.0, ""best_r"": 0.0, ""absolute_delta"": 0.0, ""tau"": 0.00035, ""chosen_gpu"": 1}, {""model"": ""model_6"", ""current_gpu"": 0, ""best_gpu"": 1, ""current_r"": 0.07404055360898866, ""best_r"": 0.04932828116273856, ""absolute_delta"": 0.0247122724462501, ""tau"": 0.00035, ""chosen_gpu"": 1}, {""model"": ""model_4"", ""current_gpu"": 0, ""best_gpu"": 0, ""current_r"": 0.07404055360898866, ""best_r"": 0.07404055360898866, ""absolute_delta"": 0.0, ""tau"": 0.00035, ""chosen_gpu"": 0}]"
steady,8,2,64,1787609383.5166183,0.00035,0.1504617308712744,0.1504617308712744,0.04880568047857083,1+3,2+2,"{""model_3"": 1, ""model_4"": 0, ""model_5"": 0, ""model_6"": 0}","{""model_3"": 1, ""model_4"": 0, ""model_5"": 0, ""model_6"": 1}",1,model_6,True,,migration cooldown active,1,0,,,,,,4,1,0,0.02421764823855419,"[{""model"": ""model_5"", ""current_gpu"": 0, ""best_gpu"": 0, ""current_r"": 0.0, ""best_r"": 0.0, ""absolute_delta"": 0.0, ""tau"": 0.00035, ""chosen_gpu"": 0}, {""model"": ""model_3"", ""current_gpu"": 1, ""best_gpu"": 1, ""current_r"": 0.0, ""best_r"": 0.0, ""absolute_delta"": 0.0, ""tau"": 0.00035, ""chosen_gpu"": 1}, {""model"": ""model_6"", ""current_gpu"": 0, ""best_gpu"": 1, ""current_r"": 0.07302332871712502, ""best_r"": 0.04880568047857083, ""absolute_delta"": 0.02421764823855419, ""tau"": 0.00035, ""chosen_gpu"": 1}, {""model"": ""model_4"", ""current_gpu"": 0, ""best_gpu"": 0, ""current_r"": 0.07302332871712502, ""best_r"": 0.07302332871712502, ""absolute_delta"": 0.0, ""tau"": 0.00035, ""chosen_gpu"": 0}]"
steady,8,2,65,1787609388.5573213,0.00035,0.14811252973441308,0.14811252973441308,0.05044280998188027,1+3,2+2,"{""model_3"": 1, ""model_4"": 0, ""model_5"": 0, ""model_6"": 0}","{""model_3"": 1, ""model_4"": 0, ""model_5"": 0, ""model_6"": 1}",1,model_6,False,MIGRATE,literal line-8 absolute delta exceeds tau,1,0,,model_6,0,1,0.0890939115274539,4,1,0,0.02268164097226657,"[{""model"": ""model_5"", ""current_gpu"": 0, ""best_gpu"": 0, ""current_r"": 0.0, ""best_r"": 0.0, ""absolute_delta"": 0.0, ""tau"": 0.00035, ""chosen_gpu"": 0}, {""model"": ""model_3"", ""current_gpu"": 1, ""best_gpu"": 1, ""current_r"": 0.0, ""best_r"": 0.0, ""absolute_delta"": 0.0, ""tau"": 0.00035, ""chosen_gpu"": 1}, {""model"": ""model_6"", ""current_gpu"": 0, ""best_gpu"": 1, ""current_r"": 0.07312445095414684, ""best_r"": 0.05044280998188027, ""absolute_delta"": 0.02268164097226657, ""tau"": 0.00035, ""chosen_gpu"": 1}, {""model"": ""model_4"", ""current_gpu"": 0, ""best_gpu"": 0, ""current_r"": 0.07312445095414684, ""best_r"": 0.07312445095414684, ""absolute_delta"": 0.0, ""tau"": 0.00035, ""chosen_gpu"": 0}]"
steady,8,2,66,1787609393.5975766,0.00035,0.11608624610687493,0.11608624610687493,0.07058465535108707,2+2,1+3,"{""model_3"": 1, ""model_4"": 0, ""model_5"": 0, ""model_6"": 1}","{""model_3"": 1, ""model_4"": 1, ""model_5"": 0, ""model_6"": 1}",1,model_4,True,,migration cooldown active,1,0,,,,,,4,1,0,0.02979512098078685,"[{""model"": ""model_5"", ""current_gpu"": 0, ""best_gpu"": 0, ""current_r"": 0.0, ""best_r"": 0.0, ""absolute_delta"": 0.0, ""tau"": 0.00035, ""chosen_gpu"": 0}, {""model"": ""model_3"", ""current_gpu"": 1, ""best_gpu"": 1, ""current_r"": 0.0, ""best_r"": 0.0, ""absolute_delta"": 0.0, ""tau"": 0.00035, ""chosen_gpu"": 1}, {""model"": ""model_6"", ""current_gpu"": 1, ""best_gpu"": 1, ""current_r"": 0.042315132784081576, ""best_r"": 0.042315132784081576, ""absolute_delta"": 0.0, ""tau"": 0.00035, ""chosen_gpu"": 1}, {""model"": ""model_4"", ""current_gpu"": 0, ""best_gpu"": 1, ""current_r"": 0.10037977633187392, ""best_r"": 0.07058465535108707, ""absolute_delta"": 0.02979512098078685, ""tau"": 0.00035, ""chosen_gpu"": 1}]"
steady,8,2,67,1787609398.6458192,0.00035,0.11031251587619181,0.0922473437368576,0.11031251587619181,2+2,2+2,"{""model_3"": 1, ""model_4"": 0, ""model_5"": 0, ""model_6"": 1}","{""model_3"": 1, ""model_4"": 0, ""model_5"": 0, ""model_6"": 1}",0,,True,,migration cooldown active,0,0,,,,,,4,0,0,0.0,"[{""model"": ""model_5"", ""current_gpu"": 0, ""best_gpu"": 0, ""current_r"": 0.0, ""best_r"": 0.0, ""absolute_delta"": 0.0, ""tau"": 0.00035, ""chosen_gpu"": 0}, {""model"": ""model_3"", ""current_gpu"": 1, ""best_gpu"": 1, ""current_r"": 0.0, ""best_r"": 0.0, ""absolute_delta"": 0.0, ""tau"": 0.00035, ""chosen_gpu"": 1}, {""model"": ""model_6"", ""current_gpu"": 1, ""best_gpu"": 1, ""current_r"": 0.05882958917799329, ""best_r"": 0.05882958917799329, ""absolute_delta"": 0.0, ""tau"": 0.00035, ""chosen_gpu"": 1}, {""model"": ""model_4"", ""current_gpu"": 0, ""best_gpu"": 0, ""current_r"": 0.07940838170248002, ""best_r"": 0.07940838170248002, ""absolute_delta"": 0.0, ""tau"": 0.00035, ""chosen_gpu"": 0}]"
steady,8,2,68,1787609403.7020335,0.00035,0.11058930284652177,0.1014372227899452,0.11058930284652177,2+2,2+2,"{""model_3"": 1, ""model_4"": 0, ""model_5"": 0, ""model_6"": 1}","{""model_3"": 1, ""model_4"": 0, ""model_5"": 0, ""model_6"": 1}",0,,True,,migration cooldown active,0,0,,,,,,4,0,0,0.0,"[{""model"": ""model_5"", ""current_gpu"": 0, ""best_gpu"": 0, ""current_r"": 0.0, ""best_r"": 0.0, ""absolute_delta"": 0.0, ""tau"": 0.00035, ""chosen_gpu"": 0}, {""model"": ""model_3"", ""current_gpu"": 1, ""best_gpu"": 1, ""current_r"": 0.0, ""best_r"": 0.0, ""absolute_delta"": 0.0, ""tau"": 0.00035, ""chosen_gpu"": 1}, {""model"": ""model_6"", ""current_gpu"": 1, ""best_gpu"": 1, ""current_r"": 0.059673248152609146, ""best_r"": 0.059673248152609146, ""absolute_delta"": 0.0, ""tau"": 0.00035, ""chosen_gpu"": 1}, {""model"": ""model_4"", ""current_gpu"": 0, ""best_gpu"": 0, ""current_r"": 0.08982354201879285, ""best_r"": 0.08982354201879285, ""absolute_delta"": 0.0, ""tau"": 0.00035, ""chosen_gpu"": 0}]"
steady,8,2,69,1787609408.747373,0.00035,0.10517001485307784,0.08168525349699411,0.10517001485307784,2+2,2+2,"{""model_3"": 1, ""model_4"": 0, ""model_5"": 0, ""model_6"": 1}","{""model_3"": 1, ""model_4"": 0, ""model_5"": 0, ""model_6"": 1}",0,,True,,migration cooldown active,0,0,,,,,,4,0,0,0.0,"[{""model"": ""model_5"", ""current_gpu"": 0, ""best_gpu"": 0, ""current_r"": 0.0, ""best_r"": 0.0, ""absolute_delta"": 0.0, ""tau"": 0.00035, ""chosen_gpu"": 0}, {""model"": ""model_3"", ""current_gpu"": 1, ""best_gpu"": 1, ""current_r"": 0.0, ""best_r"": 0.0, ""absolute_delta"": 0.0, ""tau"": 0.00035, ""chosen_gpu"": 1}, {""model"": ""model_6"", ""current_gpu"": 1, ""best_gpu"": 1, ""current_r"": 0.05744111948630252, ""best_r"": 0.05744111948630252, ""absolute_delta"": 0.0, ""tau"": 0.00035, ""chosen_gpu"": 1}, {""model"": ""model_4"", ""current_gpu"": 0, ""best_gpu"": 0, ""current_r"": 0.07116783606215643, ""best_r"": 0.07116783606215643, ""absolute_delta"": 0.0, ""tau"": 0.00035, ""chosen_gpu"": 0}]"
steady,8,2,70,1787609413.7926896,0.00035,0.10915871150905973,0.0820128052576597,0.10915871150905973,2+2,2+2,"{""model_3"": 1, ""model_4"": 0, ""model_5"": 0, ""model_6"": 1}","{""model_3"": 1, ""model_4"": 0, ""model_5"": 0, ""model_6"": 1}",0,,True,,migration cooldown active,0,0,,,,,,4,0,0,0.0,"[{""model"": ""model_5"", ""current_gpu"": 0, ""best_gpu"": 0, ""current_r"": 0.0, ""best_r"": 0.0, ""absolute_delta"": 0.0, ""tau"": 0.00035, ""chosen_gpu"": 0}, {""model"": ""model_3"", ""current_gpu"": 1, ""best_gpu"": 1, ""current_r"": 0.0, ""best_r"": 0.0, ""absolute_delta"": 0.0, ""tau"": 0.00035, ""chosen_gpu"": 1}, {""model"": ""model_6"", ""current_gpu"": 1, ""best_gpu"": 1, ""current_r"": 0.06052228139903575, ""best_r"": 0.06052228139903575, ""absolute_delta"": 0.0, ""tau"": 0.00035, ""chosen_gpu"": 1}, {""model"": ""model_4"", ""current_gpu"": 0, ""best_gpu"": 0, ""current_r"": 0.06919999406609242, ""best_r"": 0.06919999406609242, ""absolute_delta"": 0.0, ""tau"": 0.00035, ""chosen_gpu"": 0}]"
steady,8,2,71,1787609418.8858635,0.00035,0.10442112327456407,0.0747990729610553,0.10442112327456407,2+2,2+2,"{""model_3"": 1, ""model_4"": 0, ""model_5"": 0, ""model_6"": 1}","{""model_3"": 1, ""model_4"": 0, ""model_5"": 0, ""model_6"": 1}",0,,False,,line-8 placement unchanged or every candidate blocked,0,0,,,,,,4,1,1,0.0,"[{""model"": ""model_3"", ""current_gpu"": 1, ""best_gpu"": 0, ""current_r"": 0.0, ""best_r"": 0.0, ""absolute_delta"": 0.0, ""tau"": 0.00035, ""chosen_gpu"": 1}, {""model"": ""model_5"", ""current_gpu"": 0, ""best_gpu"": 0, ""current_r"": 0.0, ""best_r"": 0.0, ""absolute_delta"": 0.0, ""tau"": 0.00035, ""chosen_gpu"": 0}, {""model"": ""model_6"", ""current_gpu"": 1, ""best_gpu"": 1, ""current_r"": 0.05828460800086182, ""best_r"": 0.05828460800086182, ""absolute_delta"": 0.0, ""tau"": 0.00035, ""chosen_gpu"": 1}, {""model"": ""model_4"", ""current_gpu"": 0, ""best_gpu"": 0, ""current_r"": 0.062237884166530234, ""best_r"": 0.062237884166530234, ""absolute_delta"": 0.0, ""tau"": 0.00035, ""chosen_gpu"": 0}]"
steady,8,2,72,1787609423.9573143,0.00035,0.09986892038474243,0.0734419010972865,0.09986892038474243,2+2,2+2,"{""model_3"": 1, ""model_4"": 0, ""model_5"": 0, ""model_6"": 1}","{""model_3"": 1, ""model_4"": 0, ""model_5"": 0, ""model_6"": 1}",0,,False,,line-8 placement unchanged or every candidate blocked,0,0,,,,,,4,1,1,0.0,"[{""model"": ""model_3"", ""current_gpu"": 1, ""best_gpu"": 0, ""current_r"": 0.0, ""best_r"": 0.0, ""absolute_delta"": 0.0, ""tau"": 0.00035, ""chosen_gpu"": 1}, {""model"": ""model_5"", ""current_gpu"": 0, ""best_gpu"": 0, ""current_r"": 0.0, ""best_r"": 0.0, ""absolute_delta"": 0.0, ""tau"": 0.00035, ""chosen_gpu"": 0}, {""model"": ""model_6"", ""current_gpu"": 1, ""best_gpu"": 1, ""current_r"": 0.05485338752330151, ""best_r"": 0.05485338752330151, ""absolute_delta"": 0.0, ""tau"": 0.00035, ""chosen_gpu"": 1}, {""model"": ""model_4"", ""current_gpu"": 0, ""best_gpu"": 0, ""current_r"": 0.06231110385722242, ""best_r"": 0.06231110385722242, ""absolute_delta"": 0.0, ""tau"": 0.00035, ""chosen_gpu"": 0}]"
steady,8,2,73,1787609429.0070882,0.00035,0.08627381714918055,0.06267913755624675,0.08627381714918055,2+2,2+2,"{""model_3"": 1, ""model_4"": 0, ""model_5"": 0, ""model_6"": 1}","{""model_3"": 1, ""model_4"": 0, ""model_5"": 0, ""model_6"": 1}",0,,False,,line-8 placement unchanged or every candidate blocked,0,0,,,,,,4,1,1,0.0,"[{""model"": ""model_3"", ""current_gpu"": 1, ""best_gpu"": 0, ""current_r"": 0.0, ""best_r"": 0.0, ""absolute_delta"": 0.0, ""tau"": 0.00035, ""chosen_gpu"": 1}, {""model"": ""model_5"", ""current_gpu"": 0, ""best_gpu"": 0, ""current_r"": 0.0, ""best_r"": 0.0, ""absolute_delta"": 0.0, ""tau"": 0.00035, ""chosen_gpu"": 0}, {""model"": ""model_6"", ""current_gpu"": 1, ""best_gpu"": 1, ""current_r"": 0.046698844288171074, ""best_r"": 0.046698844288171074, ""absolute_delta"": 0.0, ""tau"": 0.00035, ""chosen_gpu"": 1}, {""model"": ""model_4"", ""current_gpu"": 0, ""best_gpu"": 0, ""current_r"": 0.05155186142846208, ""best_r"": 0.05155186142846208, ""absolute_delta"": 0.0, ""tau"": 0.00035, ""chosen_gpu"": 0}]"
steady,8,2,74,1787609434.0572107,0.00035,0.08536255450690985,0.0792828530665494,0.08536255450690985,2+2,2+2,"{""model_3"": 1, ""model_4"": 0, ""model_5"": 0, ""model_6"": 1}","{""model_3"": 1, ""model_4"": 0, ""model_5"": 0, ""model_6"": 1}",0,,False,,line-8 placement unchanged or every candidate blocked,0,0,,,,,,4,0,0,0.0,"[{""model"": ""model_5"", ""current_gpu"": 0, ""best_gpu"": 0, ""current_r"": 0.0, ""best_r"": 0.0, ""absolute_delta"": 0.0, ""tau"": 0.00035, ""chosen_gpu"": 0}, {""model"": ""model_3"", ""current_gpu"": 1, ""best_gpu"": 1, ""current_r"": 0.0, ""best_r"": 0.0, ""absolute_delta"": 0.0, ""tau"": 0.00035, ""chosen_gpu"": 1}, {""model"": ""model_6"", ""current_gpu"": 1, ""best_gpu"": 1, ""current_r"": 0.047461614222957575, ""best_r"": 0.047461614222957575, ""absolute_delta"": 0.0, ""tau"": 0.00035, ""chosen_gpu"": 1}, {""model"": ""model_4"", ""current_gpu"": 0, ""best_gpu"": 0, ""current_r"": 0.06604796916432197, ""best_r"": 0.06604796916432197, ""absolute_delta"": 0.0, ""tau"": 0.00035, ""chosen_gpu"": 0}]"
steady,8,2,75,1787609439.105012,0.00035,0.09664161292727544,0.08287306190520063,0.09664161292727544,2+2,2+2,"{""model_3"": 1, ""model_4"": 0, ""model_5"": 0, ""model_6"": 1}","{""model_3"": 1, ""model_4"": 0, ""model_5"": 0, ""model_6"": 1}",0,,False,,line-8 placement unchanged or every candidate blocked,0,0,,,,,,4,0,0,0.0,"[{""model"": ""model_5"", ""current_gpu"": 0, ""best_gpu"": 0, ""current_r"": 0.0, ""best_r"": 0.0, ""absolute_delta"": 0.0, ""tau"": 0.00035, ""chosen_gpu"": 0}, {""model"": ""model_3"", ""current_gpu"": 1, ""best_gpu"": 1, ""current_r"": 0.0, ""best_r"": 0.0, ""absolute_delta"": 0.0, ""tau"": 0.00035, ""chosen_gpu"": 1}, {""model"": ""model_6"", ""current_gpu"": 1, ""best_gpu"": 1, ""current_r"": 0.058676875298562775, ""best_r"": 0.058676875298562775, ""absolute_delta"": 0.0, ""tau"": 0.00035, ""chosen_gpu"": 1}, {""model"": ""model_4"", ""current_gpu"": 0, ""best_gpu"": 0, ""current_r"": 0.06817500805299484, ""best_r"": 0.06817500805299484, ""absolute_delta"": 0.0, ""tau"": 0.00035, ""chosen_gpu"": 0}]"
steady,8,2,76,1787609444.1736572,0.00035,0.09460099801448181,0.07261739487100441,0.09460099801448181,2+2,2+2,"{""model_3"": 1, ""model_4"": 0, ""model_5"": 0, ""model_6"": 1}","{""model_3"": 1, ""model_4"": 0, ""model_5"": 0, ""model_6"": 1}",0,,False,,line-8 placement unchanged or every candidate blocked,0,0,,,,,,4,1,1,0.0,"[{""model"": ""model_3"", ""current_gpu"": 1, ""best_gpu"": 0, ""current_r"": 0.0, ""best_r"": 0.0, ""absolute_delta"": 0.0, ""tau"": 0.00035, ""chosen_gpu"": 1}, {""model"": ""model_5"", ""current_gpu"": 0, ""best_gpu"": 0, ""current_r"": 0.0, ""best_r"": 0.0, ""absolute_delta"": 0.0, ""tau"": 0.00035, ""chosen_gpu"": 0}, {""model"": ""model_6"", ""current_gpu"": 1, ""best_gpu"": 1, ""current_r"": 0.05193678848955903, ""best_r"": 0.05193678848955903, ""absolute_delta"": 0.0, ""tau"": 0.00035, ""chosen_gpu"": 1}, {""model"": ""model_4"", ""current_gpu"": 0, ""best_gpu"": 0, ""current_r"": 0.05732542485012929, ""best_r"": 0.05732542485012929, ""absolute_delta"": 0.0, ""tau"": 0.00035, ""chosen_gpu"": 0}]"
steady,8,2,77,1787609449.2241118,0.00035,0.0736011403555338,0.0710946520483116,0.0736011403555338,2+2,2+2,"{""model_3"": 1, ""model_4"": 0, ""model_5"": 0, ""model_6"": 1}","{""model_3"": 1, ""model_4"": 0, ""model_5"": 0, ""model_6"": 1}",0,,False,,line-8 placement unchanged or every candidate blocked,0,0,,,,,,4,0,0,0.0,"[{""model"": ""model_5"", ""current_gpu"": 0, ""best_gpu"": 0, ""current_r"": 0.0, ""best_r"": 0.0, ""absolute_delta"": 0.0, ""tau"": 0.00035, ""chosen_gpu"": 0}, {""model"": ""model_3"", ""current_gpu"": 1, ""best_gpu"": 1, ""current_r"": 0.0, ""best_r"": 0.0, ""absolute_delta"": 0.0, ""tau"": 0.00035, ""chosen_gpu"": 1}, {""model"": ""model_6"", ""current_gpu"": 1, ""best_gpu"": 1, ""current_r"": 0.040477432504293955, ""best_r"": 0.040477432504293955, ""absolute_delta"": 0.0, ""tau"": 0.00035, ""chosen_gpu"": 1}, {""model"": ""model_4"", ""current_gpu"": 0, ""best_gpu"": 0, ""current_r"": 0.060518568855308014, ""best_r"": 0.060518568855308014, ""absolute_delta"": 0.0, ""tau"": 0.00035, ""chosen_gpu"": 0}]"
steady,8,2,78,1787609454.2714686,0.00035,0.0868288197359978,0.07056991833139073,0.0868288197359978,2+2,2+2,"{""model_3"": 1, ""model_4"": 0, ""model_5"": 0, ""model_6"": 1}","{""model_3"": 1, ""model_4"": 0, ""model_5"": 0, ""model_6"": 1}",0,,False,,line-8 placement unchanged or every candidate blocked,0,0,,,,,,4,0,0,0.0,"[{""model"": ""model_5"", ""current_gpu"": 0, ""best_gpu"": 0, ""current_r"": 0.0, ""best_r"": 0.0, ""absolute_delta"": 0.0, ""tau"": 0.00035, ""chosen_gpu"": 0}, {""model"": ""model_3"", ""current_gpu"": 1, ""best_gpu"": 1, ""current_r"": 0.0, ""best_r"": 0.0, ""absolute_delta"": 0.0, ""tau"": 0.00035, ""chosen_gpu"": 1}, {""model"": ""model_6"", ""current_gpu"": 1, ""best_gpu"": 1, ""current_r"": 0.050496585383102435, ""best_r"": 0.050496585383102435, ""absolute_delta"": 0.0, ""tau"": 0.00035, ""chosen_gpu"": 1}, {""model"": ""model_4"", ""current_gpu"": 0, ""best_gpu"": 0, ""current_r"": 0.06021159735652423, ""best_r"": 0.06021159735652423, ""absolute_delta"": 0.0, ""tau"": 0.00035, ""chosen_gpu"": 0}]"
steady,8,2,79,1787609459.3355734,0.00035,0.08334150172727706,0.05242746732981764,0.08334150172727706,2+2,2+2,"{""model_3"": 1, ""model_4"": 0, ""model_5"": 0, ""model_6"": 1}","{""model_3"": 1, ""model_4"": 1, ""model_5"": 0, ""model_6"": 0}",2,"model_6,model_4",False,MIGRATE,literal line-8 absolute delta exceeds tau,2,0,,model_4,0,1,0.09816401102410303,4,3,1,0.03573231570159742,"[{""model"": ""model_3"", ""current_gpu"": 1, ""best_gpu"": 0, ""current_r"": 0.0, ""best_r"": 0.0, ""absolute_delta"": 0.0, ""tau"": 0.00035, ""chosen_gpu"": 1}, {""model"": ""model_5"", ""current_gpu"": 0, ""best_gpu"": 0, ""current_r"": 0.0, ""best_r"": 0.0, ""absolute_delta"": 0.0, ""tau"": 0.00035, ""chosen_gpu"": 0}, {""model"": ""model_6"", ""current_gpu"": 1, ""best_gpu"": 0, ""current_r"": 0.04782458250919726, ""best_r"": 0.042966352873948115, ""absolute_delta"": 0.004858229635249144, ""tau"": 0.00035, ""chosen_gpu"": 0}, {""model"": ""model_4"", ""current_gpu"": 0, ""best_gpu"": 1, ""current_r"": 0.08355689821079468, ""best_r"": 0.04782458250919726, ""absolute_delta"": 0.03573231570159742, ""tau"": 0.00035, ""chosen_gpu"": 1}]"
steady,8,2,80,1787609464.6163626,0.00035,0.09368814411154998,0.05350922377203649,0.09368814411154998,1+3,2+2,"{""model_3"": 1, ""model_4"": 1, ""model_5"": 0, ""model_6"": 1}","{""model_3"": 1, ""model_4"": 0, ""model_5"": 0, ""model_6"": 1}",1,model_4,True,,migration cooldown active,1,0,,,,,,4,1,0,0.026699650326114634,"[{""model"": ""model_5"", ""current_gpu"": 0, ""best_gpu"": 0, ""current_r"": 0.0, ""best_r"": 0.0, ""absolute_delta"": 0.0, ""tau"": 0.00035, ""chosen_gpu"": 0}, {""model"": ""model_3"", ""current_gpu"": 1, ""best_gpu"": 1, ""current_r"": 0.0, ""best_r"": 0.0, ""absolute_delta"": 0.0, ""tau"": 0.00035, ""chosen_gpu"": 1}, {""model"": ""model_6"", ""current_gpu"": 1, ""best_gpu"": 1, ""current_r"": 0.04387303892216098, ""best_r"": 0.04387303892216098, ""absolute_delta"": 0.0, ""tau"": 0.00035, ""chosen_gpu"": 1}, {""model"": ""model_4"", ""current_gpu"": 1, ""best_gpu"": 0, ""current_r"": 0.08020887409815113, ""best_r"": 0.05350922377203649, ""absolute_delta"": 0.026699650326114634, ""tau"": 0.00035, ""chosen_gpu"": 0}]"
steady,8,2,81,1787609469.6695821,0.00035,0.09784271248052705,0.053255550963624526,0.09784271248052705,1+3,2+2,"{""model_3"": 1, ""model_4"": 1, ""model_5"": 0, ""model_6"": 1}","{""model_3"": 1, ""model_4"": 0, ""model_5"": 0, ""model_6"": 1}",1,model_4,True,,migration cooldown active,1,0,,,,,,4,1,0,0.029591548789702396,"[{""model"": ""model_5"", ""current_gpu"": 0, ""best_gpu"": 0, ""current_r"": 0.0, ""best_r"": 0.0, ""absolute_delta"": 0.0, ""tau"": 0.00035, ""chosen_gpu"": 0}, {""model"": ""model_3"", ""current_gpu"": 1, ""best_gpu"": 1, ""current_r"": 0.0, ""best_r"": 0.0, ""absolute_delta"": 0.0, ""tau"": 0.00035, ""chosen_gpu"": 1}, {""model"": ""model_6"", ""current_gpu"": 1, ""best_gpu"": 1, ""current_r"": 0.043941108942273335, ""best_r"": 0.043941108942273335, ""absolute_delta"": 0.0, ""tau"": 0.00035, ""chosen_gpu"": 1}, {""model"": ""model_4"", ""current_gpu"": 1, ""best_gpu"": 0, ""current_r"": 0.08284709975332692, ""best_r"": 0.053255550963624526, ""absolute_delta"": 0.029591548789702396, ""tau"": 0.00035, ""chosen_gpu"": 0}]"
steady,8,2,82,1787609474.7208333,0.00035,0.11291080201867068,0.04608878451971967,0.11291080201867068,1+3,2+2,"{""model_3"": 1, ""model_4"": 1, ""model_5"": 0, ""model_6"": 1}","{""model_3"": 1, ""model_4"": 1, ""model_5"": 0, ""model_6"": 0}",1,model_6,True,,migration cooldown active,1,0,,,,,,4,2,1,0.0073498776989822726,"[{""model"": ""model_3"", ""current_gpu"": 1, ""best_gpu"": 0, ""current_r"": 0.0, ""best_r"": 0.0, ""absolute_delta"": 0.0, ""tau"": 0.00035, ""chosen_gpu"": 1}, {""model"": ""model_5"", ""current_gpu"": 0, ""best_gpu"": 0, ""current_r"": 0.0, ""best_r"": 0.0, ""absolute_delta"": 0.0, ""tau"": 0.00035, ""chosen_gpu"": 0}, {""model"": ""model_6"", ""current_gpu"": 1, ""best_gpu"": 0, ""current_r"": 0.05343866221870194, ""best_r"": 0.04608878451971967, ""absolute_delta"": 0.0073498776989822726, ""tau"": 0.00035, ""chosen_gpu"": 0}, {""model"": ""model_4"", ""current_gpu"": 1, ""best_gpu"": 1, ""current_r"": 0.05343866221870194, ""best_r"": 0.05343866221870194, ""absolute_delta"": 0.0, ""tau"": 0.00035, ""chosen_gpu"": 1}]"
steady,8,2,83,1787609479.7754107,0.00035,0.10183084243921638,0.06664802297903784,0.10183084243921638,1+3,2+2,"{""model_3"": 1, ""model_4"": 1, ""model_5"": 0, ""model_6"": 1}","{""model_3"": 1, ""model_4"": 0, ""model_5"": 0, ""model_6"": 1}",1,model_4,True,,migration cooldown active,1,0,,,,,,4,1,0,0.019919148166972225,"[{""model"": ""model_5"", ""current_gpu"": 0, ""best_gpu"": 0, ""current_r"": 0.0, ""best_r"": 0.0, ""absolute_delta"": 0.0, ""tau"": 0.00035, ""chosen_gpu"": 0}, {""model"": ""model_3"", ""current_gpu"": 1, ""best_gpu"": 1, ""current_r"": 0.0, ""best_r"": 0.0, ""absolute_delta"": 0.0, ""tau"": 0.00035, ""chosen_gpu"": 1}, {""model"": ""model_6"", ""current_gpu"": 1, ""best_gpu"": 1, ""current_r"": 0.044096774818517134, ""best_r"": 0.044096774818517134, ""absolute_delta"": 0.0, ""tau"": 0.00035, ""chosen_gpu"": 1}, {""model"": ""model_4"", ""current_gpu"": 1, ""best_gpu"": 0, ""current_r"": 0.08656717114601006, ""best_r"": 0.06664802297903784, ""absolute_delta"": 0.019919148166972225, ""tau"": 0.00035, ""chosen_gpu"": 0}]"
steady,8,2,84,1787609484.8277214,0.00035,0.10287413464001213,0.04869017025530812,0.10287413464001213,1+3,2+2,"{""model_3"": 1, ""model_4"": 1, ""model_5"": 0, ""model_6"": 1}","{""model_3"": 1, ""model_4"": 0, ""model_5"": 0, ""model_6"": 1}",1,model_4,True,,migration cooldown active,1,0,,,,,,4,2,1,0.040052455476921524,"[{""model"": ""model_3"", ""current_gpu"": 1, ""best_gpu"": 0, ""current_r"": 0.0, ""best_r"": 0.0, ""absolute_delta"": 0.0, ""tau"": 0.00035, ""chosen_gpu"": 1}, {""model"": ""model_5"", ""current_gpu"": 0, ""best_gpu"": 0, ""current_r"": 0.0, ""best_r"": 0.0, ""absolute_delta"": 0.0, ""tau"": 0.00035, ""chosen_gpu"": 0}, {""model"": ""model_6"", ""current_gpu"": 1, ""best_gpu"": 1, ""current_r"": 0.04698291500152093, ""best_r"": 0.04698291500152093, ""absolute_delta"": 0.0, ""tau"": 0.00035, ""chosen_gpu"": 1}, {""model"": ""model_4"", ""current_gpu"": 1, ""best_gpu"": 0, ""current_r"": 0.08874262573222964, ""best_r"": 0.04869017025530812, ""absolute_delta"": 0.040052455476921524, ""tau"": 0.00035, ""chosen_gpu"": 0}]"
steady,8,2,85,1787609489.878533,0.00035,0.07723895739930874,0.033519482673038004,0.07723895739930874,1+3,2+2,"{""model_3"": 1, ""model_4"": 1, ""model_5"": 0, ""model_6"": 1}","{""model_3"": 1, ""model_4"": 1, ""model_5"": 0, ""model_6"": 0}",1,model_6,False,MIGRATE,literal line-8 absolute delta exceeds tau,1,0,,model_6,1,0,0.07149017735575314,4,2,1,0.00138463876373799,"[{""model"": ""model_3"", ""current_gpu"": 1, ""best_gpu"": 0, ""current_r"": 0.0, ""best_r"": 0.0, ""absolute_delta"": 0.0, ""tau"": 0.00035, ""chosen_gpu"": 1}, {""model"": ""model_5"", ""current_gpu"": 0, ""best_gpu"": 0, ""current_r"": 0.0, ""best_r"": 0.0, ""absolute_delta"": 0.0, ""tau"": 0.00035, ""chosen_gpu"": 0}, {""model"": ""model_6"", ""current_gpu"": 1, ""best_gpu"": 0, ""current_r"": 0.034904121436775994, ""best_r"": 0.033519482673038004, ""absolute_delta"": 0.00138463876373799, ""tau"": 0.00035, ""chosen_gpu"": 0}, {""model"": ""model_4"", ""current_gpu"": 1, ""best_gpu"": 1, ""current_r"": 0.034904121436775994, ""best_r"": 0.034904121436775994, ""absolute_delta"": 0.0, ""tau"": 0.00035, ""chosen_gpu"": 1}]"
steady,8,2,86,1787609494.9513586,0.00035,0.060410857015817665,0.060410857015817665,0.027759091880836362,2+2,2+2,"{""model_3"": 1, ""model_4"": 1, ""model_5"": 0, ""model_6"": 0}","{""model_3"": 1, ""model_4"": 0, ""model_5"": 0, ""model_6"": 1}",2,"model_6,model_4",True,,migration cooldown active,2,0,,,,,,4,2,0,0.016312273632989812,"[{""model"": ""model_5"", ""current_gpu"": 0, ""best_gpu"": 0, ""current_r"": 0.0, ""best_r"": 0.0, ""absolute_delta"": 0.0, ""tau"": 0.00035, ""chosen_gpu"": 0}, {""model"": ""model_3"", ""current_gpu"": 1, ""best_gpu"": 1, ""current_r"": 0.0, ""best_r"": 0.0, ""absolute_delta"": 0.0, ""tau"": 0.00035, ""chosen_gpu"": 1}, {""model"": ""model_6"", ""current_gpu"": 0, ""best_gpu"": 1, ""current_r"": 0.031124997674983782, ""best_r"": 0.02431146322469644, ""absolute_delta"": 0.006813534450287342, ""tau"": 0.00035, ""chosen_gpu"": 1}, {""model"": ""model_4"", ""current_gpu"": 1, ""best_gpu"": 0, ""current_r"": 0.047437271307973594, ""best_r"": 0.031124997674983782, ""absolute_delta"": 0.016312273632989812, ""tau"": 0.00035, ""chosen_gpu"": 0}]"
steady,10,1,1,1787610244.7481675,0.00035,0.0014975385570941198,0.00024153747633841403,0.0014975385570941198,2+2,1+3,"{""model_3"": 1, ""model_4"": 0, ""model_5"": 0, ""model_6"": 1}","{""model_3"": 1, ""model_4"": 0, ""model_5"": 0, ""model_6"": 0}",1,model_6,False,MIGRATE,literal line-8 absolute delta exceeds tau,1,0,,model_6,1,0,0.0010595648541379694,4,2,1,0.0008676420701653486,"[{""model"": ""model_3"", ""current_gpu"": 1, ""best_gpu"": 0, ""current_r"": 0.0, ""best_r"": 0.0, ""absolute_delta"": 0.0, ""tau"": 0.00035, ""chosen_gpu"": 1}, {""model"": ""model_4"", ""current_gpu"": 0, ""best_gpu"": 0, ""current_r"": 0.0, ""best_r"": 0.0, ""absolute_delta"": 0.0, ""tau"": 0.00035, ""chosen_gpu"": 0}, {""model"": ""model_6"", ""current_gpu"": 1, ""best_gpu"": 0, ""current_r"": 0.0010595648541379694, ""best_r"": 0.00019192278397262068, ""absolute_delta"": 0.0008676420701653486, ""tau"": 0.00035, ""chosen_gpu"": 0}, {""model"": ""model_5"", ""current_gpu"": 0, ""best_gpu"": 0, ""current_r"": 0.00041909937380551246, ""best_r"": 0.00041909937380551246, ""absolute_delta"": 0.0, ""tau"": 0.00035, ""chosen_gpu"": 0}]"
steady,10,1,2,1787610249.83832,0.00035,0.031342450573658594,0.031342450573658594,0.0061207351026778154,1+3,2+2,"{""model_3"": 1, ""model_4"": 0, ""model_5"": 0, ""model_6"": 0}","{""model_3"": 1, ""model_4"": 0, ""model_5"": 1, ""model_6"": 0}",1,model_5,True,,migration cooldown active,1,0,,,,,,4,1,0,0.008238191671513299,"[{""model"": ""model_6"", ""current_gpu"": 0, ""best_gpu"": 0, ""current_r"": 0.0, ""best_r"": 0.0, ""absolute_delta"": 0.0, ""tau"": 0.00035, ""chosen_gpu"": 0}, {""model"": ""model_5"", ""current_gpu"": 0, ""best_gpu"": 1, ""current_r"": 0.008238191671513299, ""best_r"": 0.0, ""absolute_delta"": 0.008238191671513299, ""tau"": 0.00035, ""chosen_gpu"": 1}, {""model"": ""model_3"", ""current_gpu"": 1, ""best_gpu"": 1, ""current_r"": 0.007987656698507086, ""best_r"": 0.007987656698507086, ""absolute_delta"": 0.0, ""tau"": 0.00035, ""chosen_gpu"": 1}, {""model"": ""model_4"", ""current_gpu"": 0, ""best_gpu"": 0, ""current_r"": 0.008238191671513299, ""best_r"": 0.008238191671513299, ""absolute_delta"": 0.0, ""tau"": 0.00035, ""chosen_gpu"": 0}]"
steady,10,1,3,1787610254.8438897,0.00035,0.05231341957324166,0.05231341957324166,0.023547388597220057,1+3,2+2,"{""model_3"": 1, ""model_4"": 0, ""model_5"": 0, ""model_6"": 0}","{""model_3"": 1, ""model_4"": 1, ""model_5"": 0, ""model_6"": 0}",1,model_4,True,,migration cooldown active,1,0,,,,,,4,2,1,0.012547657790651572,"[{""model"": ""model_3"", ""current_gpu"": 1, ""best_gpu"": 0, ""current_r"": 0.0, ""best_r"": 0.0, ""absolute_delta"": 0.0, ""tau"": 0.00035, ""chosen_gpu"": 1}, {""model"": ""model_5"", ""current_gpu"": 0, ""best_gpu"": 0, ""current_r"": 0.0, ""best_r"": 0.0, ""absolute_delta"": 0.0, ""tau"": 0.00035, ""chosen_gpu"": 0}, {""model"": ""model_6"", ""current_gpu"": 0, ""best_gpu"": 0, ""current_r"": 0.016546500449473645, ""best_r"": 0.016546500449473645, ""absolute_delta"": 0.0, ""tau"": 0.00035, ""chosen_gpu"": 0}, {""model"": ""model_4"", ""current_gpu"": 0, ""best_gpu"": 1, ""current_r"": 0.03609504638787163, ""best_r"": 0.023547388597220057, ""absolute_delta"": 0.012547657790651572, ""tau"": 0.00035, ""chosen_gpu"": 1}]"
steady,10,1,4,1787610259.8525743,0.00035,0.08509204742504586,0.08509204742504586,0.018810724954815745,1+3,2+2,"{""model_3"": 1, ""model_4"": 0, ""model_5"": 0, ""model_6"": 0}","{""model_3"": 1, ""model_4"": 0, ""model_5"": 0, ""model_6"": 1}",1,model_6,True,,migration cooldown active,1,0,,,,,,4,1,0,0.02474417617151338,"[{""model"": ""model_5"", ""current_gpu"": 0, ""best_gpu"": 0, ""current_r"": 0.0, ""best_r"": 0.0, ""absolute_delta"": 0.0, ""tau"": 0.00035, ""chosen_gpu"": 0}, {""model"": ""model_6"", ""current_gpu"": 0, ""best_gpu"": 1, ""current_r"": 0.02474417617151338, ""best_r"": 0.0, ""absolute_delta"": 0.02474417617151338, ""tau"": 0.00035, ""chosen_gpu"": 1}, {""model"": ""model_3"", ""current_gpu"": 1, ""best_gpu"": 1, ""current_r"": 0.024023198164772493, ""best_r"": 0.024023198164772493, ""absolute_delta"": 0.0, ""tau"": 0.00035, ""chosen_gpu"": 1}, {""model"": ""model_4"", ""current_gpu"": 0, ""best_gpu"": 0, ""current_r"": 0.02474417617151338, ""best_r"": 0.02474417617151338, ""absolute_delta"": 0.0, ""tau"": 0.00035, ""chosen_gpu"": 0}]"
steady,10,1,5,1787610264.861267,0.00035,0.10918124347659292,0.10918124347659292,0.030596466937427135,1+3,2+2,"{""model_3"": 1, ""model_4"": 0, ""model_5"": 0, ""model_6"": 0}","{""model_3"": 1, ""model_4"": 0, ""model_5"": 0, ""model_6"": 1}",1,model_6,True,,migration cooldown active,1,0,,,,,,4,1,0,0.00795430912612256,"[{""model"": ""model_5"", ""current_gpu"": 0, ""best_gpu"": 0, ""current_r"": 0.0, ""best_r"": 0.0, ""absolute_delta"": 0.0, ""tau"": 0.00035, ""chosen_gpu"": 0}, {""model"": ""model_3"", ""current_gpu"": 1, ""best_gpu"": 1, ""current_r"": 0.0, ""best_r"": 0.0, ""absolute_delta"": 0.0, ""tau"": 0.00035, ""chosen_gpu"": 1}, {""model"": ""model_6"", ""current_gpu"": 0, ""best_gpu"": 1, ""current_r"": 0.038550776063549695, ""best_r"": 0.030596466937427135, ""absolute_delta"": 0.00795430912612256, ""tau"": 0.00035, ""chosen_gpu"": 1}, {""model"": ""model_4"", ""current_gpu"": 0, ""best_gpu"": 0, ""current_r"": 0.038550776063549695, ""best_r"": 0.038550776063549695, ""absolute_delta"": 0.0, ""tau"": 0.00035, ""chosen_gpu"": 0}]"
steady,10,1,6,1787610269.8714705,0.00035,0.14864348252835752,0.14864348252835752,0.036425128188600685,1+3,2+2,"{""model_3"": 1, ""model_4"": 0, ""model_5"": 0, ""model_6"": 0}","{""model_3"": 1, ""model_4"": 0, ""model_5"": 0, ""model_6"": 1}",1,model_6,True,,migration cooldown active,1,0,,,,,,4,1,0,0.01663884100719952,"[{""model"": ""model_5"", ""current_gpu"": 0, ""best_gpu"": 0, ""current_r"": 0.0, ""best_r"": 0.0, ""absolute_delta"": 0.0, ""tau"": 0.00035, ""chosen_gpu"": 0}, {""model"": ""model_3"", ""current_gpu"": 1, ""best_gpu"": 1, ""current_r"": 0.0, ""best_r"": 0.0, ""absolute_delta"": 0.0, ""tau"": 0.00035, ""chosen_gpu"": 1}, {""model"": ""model_6"", ""current_gpu"": 0, ""best_gpu"": 1, ""current_r"": 0.053063969195800205, ""best_r"": 0.036425128188600685, ""absolute_delta"": 0.01663884100719952, ""tau"": 0.00035, ""chosen_gpu"": 1}, {""model"": ""model_4"", ""current_gpu"": 0, ""best_gpu"": 0, ""current_r"": 0.053063969195800205, ""best_r"": 0.053063969195800205, ""absolute_delta"": 0.0, ""tau"": 0.00035, ""chosen_gpu"": 0}]"
steady,10,1,7,1787610274.8818693,0.00035,0.16615254033719262,0.16615254033719262,0.05545980895838693,1+3,2+2,"{""model_3"": 1, ""model_4"": 0, ""model_5"": 0, ""model_6"": 0}","{""model_3"": 1, ""model_4"": 0, ""model_5"": 0, ""model_6"": 1}",1,model_6,False,MIGRATE,literal line-8 absolute delta exceeds tau,1,0,,model_6,0,1,0.11455128993159207,4,2,1,0.003251428756760058,"[{""model"": ""model_3"", ""current_gpu"": 1, ""best_gpu"": 0, ""current_r"": 0.0, ""best_r"": 0.0, ""absolute_delta"": 0.0, ""tau"": 0.00035, ""chosen_gpu"": 1}, {""model"": ""model_5"", ""current_gpu"": 0, ""best_gpu"": 0, ""current_r"": 0.0, ""best_r"": 0.0, ""absolute_delta"": 0.0, ""tau"": 0.00035, ""chosen_gpu"": 0}, {""model"": ""model_6"", ""current_gpu"": 0, ""best_gpu"": 1, ""current_r"": 0.05871123771514699, ""best_r"": 0.05545980895838693, ""absolute_delta"": 0.003251428756760058, ""tau"": 0.00035, ""chosen_gpu"": 1}, {""model"": ""model_4"", ""current_gpu"": 0, ""best_gpu"": 0, ""current_r"": 0.05871123771514699, ""best_r"": 0.05871123771514699, ""absolute_delta"": 0.0, ""tau"": 0.00035, ""chosen_gpu"": 0}]"
steady,10,1,8,1787610283.476051,0.00035,0.11113979772983362,0.08732067941844146,0.11113979772983362,2+2,2+2,"{""model_3"": 1, ""model_4"": 0, ""model_5"": 0, ""model_6"": 1}","{""model_3"": 1, ""model_4"": 0, ""model_5"": 0, ""model_6"": 1}",0,,True,,migration cooldown active,0,0,,,,,,4,0,0,0.0,"[{""model"": ""model_5"", ""current_gpu"": 0, ""best_gpu"": 0, ""current_r"": 0.0, ""best_r"": 0.0, ""absolute_delta"": 0.0, ""tau"": 0.00035, ""chosen_gpu"": 0}, {""model"": ""model_3"", ""current_gpu"": 1, ""best_gpu"": 1, ""current_r"": 0.0, ""best_r"": 0.0, ""absolute_delta"": 0.0, ""tau"": 0.00035, ""chosen_gpu"": 1}, {""model"": ""model_6"", ""current_gpu"": 1, ""best_gpu"": 1, ""current_r"": 0.054016742699682, ""best_r"": 0.054016742699682, ""absolute_delta"": 0.0, ""tau"": 0.00035, ""chosen_gpu"": 1}, {""model"": ""model_4"", ""current_gpu"": 0, ""best_gpu"": 0, ""current_r"": 0.06460353617740039, ""best_r"": 0.06460353617740039, ""absolute_delta"": 0.0, ""tau"": 0.00035, ""chosen_gpu"": 0}]"
steady,10,1,9,1787610288.4870985,0.00035,0.08919767300694861,0.08250189749802704,0.08919767300694861,2+2,2+2,"{""model_3"": 1, ""model_4"": 0, ""model_5"": 0, ""model_6"": 1}","{""model_3"": 1, ""model_4"": 0, ""model_5"": 0, ""model_6"": 1}",0,,True,,migration cooldown active,0,0,,,,,,4,0,0,0.0,"[{""model"": ""model_5"", ""current_gpu"": 0, ""best_gpu"": 0, ""current_r"": 0.0, ""best_r"": 0.0, ""absolute_delta"": 0.0, ""tau"": 0.00035, ""chosen_gpu"": 0}, {""model"": ""model_3"", ""current_gpu"": 1, ""best_gpu"": 1, ""current_r"": 0.0, ""best_r"": 0.0, ""absolute_delta"": 0.0, ""tau"": 0.00035, ""chosen_gpu"": 1}, {""model"": ""model_6"", ""current_gpu"": 1, ""best_gpu"": 1, ""current_r"": 0.05011183861816173, ""best_r"": 0.05011183861816173, ""absolute_delta"": 0.0, ""tau"": 0.00035, ""chosen_gpu"": 1}, {""model"": ""model_4"", ""current_gpu"": 0, ""best_gpu"": 0, ""current_r"": 0.059849164066956735, ""best_r"": 0.059849164066956735, ""absolute_delta"": 0.0, ""tau"": 0.00035, ""chosen_gpu"": 0}]"
steady,10,1,10,1787610293.5004222,0.00035,0.11033893356426708,0.07876999211064338,0.11033893356426708,2+2,2+2,"{""model_3"": 1, ""model_4"": 0, ""model_5"": 0, ""model_6"": 1}","{""model_3"": 1, ""model_4"": 0, ""model_5"": 0, ""model_6"": 1}",0,,True,,migration cooldown active,0,0,,,,,,4,1,1,0.0,"[{""model"": ""model_3"", ""current_gpu"": 1, ""best_gpu"": 0, ""current_r"": 0.0, ""best_r"": 0.0, ""absolute_delta"": 0.0, ""tau"": 0.00035, ""chosen_gpu"": 1}, {""model"": ""model_5"", ""current_gpu"": 0, ""best_gpu"": 0, ""current_r"": 0.0, ""best_r"": 0.0, ""absolute_delta"": 0.0, ""tau"": 0.00035, ""chosen_gpu"": 0}, {""model"": ""model_6"", ""current_gpu"": 1, ""best_gpu"": 1, ""current_r"": 0.05059436779582822, ""best_r"": 0.05059436779582822, ""absolute_delta"": 0.0, ""tau"": 0.00035, ""chosen_gpu"": 1}, {""model"": ""model_4"", ""current_gpu"": 0, ""best_gpu"": 0, ""current_r"": 0.05593377504830557, ""best_r"": 0.05593377504830557, ""absolute_delta"": 0.0, ""tau"": 0.00035, ""chosen_gpu"": 0}]"
steady,10,1,11,1787610298.5137138,0.00035,0.12065433269331217,0.0690655157393568,0.12065433269331217,2+2,2+2,"{""model_3"": 1, ""model_4"": 0, ""model_5"": 0, ""model_6"": 1}","{""model_3"": 1, ""model_4"": 0, ""model_5"": 1, ""model_6"": 0}",2,"model_6,model_5",True,,migration cooldown active,2,0,,,,,,4,3,1,0.05086868374710152,"[{""model"": ""model_3"", ""current_gpu"": 1, ""best_gpu"": 0, ""current_r"": 0.0, ""best_r"": 0.0, ""absolute_delta"": 0.0, ""tau"": 0.00035, ""chosen_gpu"": 1}, {""model"": ""model_6"", ""current_gpu"": 1, ""best_gpu"": 0, ""current_r"": 0.05086868374710152, ""best_r"": 0.0, ""absolute_delta"": 0.05086868374710152, ""tau"": 0.00035, ""chosen_gpu"": 0}, {""model"": ""model_5"", ""current_gpu"": 0, ""best_gpu"": 1, ""current_r"": 0.05215686015975391, ""best_r"": 0.05086868374710152, ""absolute_delta"": 0.0012881764126523934, ""tau"": 0.00035, ""chosen_gpu"": 1}, {""model"": ""model_4"", ""current_gpu"": 0, ""best_gpu"": 0, ""current_r"": 0.05215686015975391, ""best_r"": 0.05215686015975391, ""absolute_delta"": 0.0, ""tau"": 0.00035, ""chosen_gpu"": 0}]"
steady,10,1,12,1787610303.5460107,0.00035,0.12109704473389285,0.06655308971802068,0.12109704473389285,2+2,2+2,"{""model_3"": 1, ""model_4"": 0, ""model_5"": 0, ""model_6"": 1}","{""model_3"": 1, ""model_4"": 1, ""model_5"": 0, ""model_6"": 0}",2,"model_6,model_4",True,,migration cooldown active,2,0,,,,,,4,3,1,0.05485197523550797,"[{""model"": ""model_3"", ""current_gpu"": 1, ""best_gpu"": 0, ""current_r"": 0.0, ""best_r"": 0.0, ""absolute_delta"": 0.0, ""tau"": 0.00035, ""chosen_gpu"": 1}, {""model"": ""model_5"", ""current_gpu"": 0, ""best_gpu"": 0, ""current_r"": 0.0, ""best_r"": 0.0, ""absolute_delta"": 0.0, ""tau"": 0.00035, ""chosen_gpu"": 0}, {""model"": ""model_6"", ""current_gpu"": 1, ""best_gpu"": 0, ""current_r"": 0.05990517482432936, ""best_r"": 0.04631773002390164, ""absolute_delta"": 0.013587444800427721, ""tau"": 0.00035, ""chosen_gpu"": 0}, {""model"": ""model_4"", ""current_gpu"": 0, ""best_gpu"": 1, ""current_r"": 0.11475715005983733, ""best_r"": 0.05990517482432936, ""absolute_delta"": 0.05485197523550797, ""tau"": 0.00035, ""chosen_gpu"": 1}]"
steady,10,1,13,1787610308.5958288,0.00035,0.11718284393945337,0.07010890064589834,0.11718284393945337,2+2,2+2,"{""model_3"": 1, ""model_4"": 0, ""model_5"": 0, ""model_6"": 1}","{""model_3"": 1, ""model_4"": 1, ""model_5"": 0, ""model_6"": 0}",2,"model_6,model_4",False,MIGRATE,literal line-8 absolute delta exceeds tau,2,0,,model_4,0,1,0.14756780694106741,4,3,1,0.07240418027384915,"[{""model"": ""model_3"", ""current_gpu"": 1, ""best_gpu"": 0, ""current_r"": 0.0, ""best_r"": 0.0, ""absolute_delta"": 0.0, ""tau"": 0.00035, ""chosen_gpu"": 1}, {""model"": ""model_5"", ""current_gpu"": 0, ""best_gpu"": 0, ""current_r"": 0.0, ""best_r"": 0.0, ""absolute_delta"": 0.0, ""tau"": 0.00035, ""chosen_gpu"": 0}, {""model"": ""model_6"", ""current_gpu"": 1, ""best_gpu"": 0, ""current_r"": 0.05243861530310043, ""best_r"": 0.04923219946071991, ""absolute_delta"": 0.0032064158423805167, ""tau"": 0.00035, ""chosen_gpu"": 0}, {""model"": ""model_4"", ""current_gpu"": 0, ""best_gpu"": 1, ""current_r"": 0.12484279557694958, ""best_r"": 0.05243861530310043, ""absolute_delta"": 0.07240418027384915, ""tau"": 0.00035, ""chosen_gpu"": 1}]"
steady,10,1,14,1787610313.6133945,0.00035,0.11986112482677015,0.060281480556777504,0.11986112482677015,1+3,2+2,"{""model_3"": 1, ""model_4"": 1, ""model_5"": 0, ""model_6"": 1}","{""model_3"": 1, ""model_4"": 0, ""model_5"": 0, ""model_6"": 1}",1,model_4,True,,migration cooldown active,1,0,,,,,,4,1,0,0.03668636398250986,"[{""model"": ""model_5"", ""current_gpu"": 0, ""best_gpu"": 0, ""current_r"": 0.0, ""best_r"": 0.0, ""absolute_delta"": 0.0, ""tau"": 0.00035, ""chosen_gpu"": 0}, {""model"": ""model_3"", ""current_gpu"": 1, ""best_gpu"": 1, ""current_r"": 0.0, ""best_r"": 0.0, ""absolute_delta"": 0.0, ""tau"": 0.00035, ""chosen_gpu"": 1}, {""model"": ""model_6"", ""current_gpu"": 1, ""best_gpu"": 1, ""current_r"": 0.04483193989463074, ""best_r"": 0.04483193989463074, ""absolute_delta"": 0.0, ""tau"": 0.00035, ""chosen_gpu"": 1}, {""model"": ""model_4"", ""current_gpu"": 1, ""best_gpu"": 0, ""current_r"": 0.09696784453928736, ""best_r"": 0.060281480556777504, ""absolute_delta"": 0.03668636398250986, ""tau"": 0.00035, ""chosen_gpu"": 0}]"
steady,10,1,15,1787610318.8719134,0.00035,0.1265501776473834,0.04841211612350743,0.1265501776473834,1+3,2+2,"{""model_3"": 1, ""model_4"": 1, ""model_5"": 0, ""model_6"": 1}","{""model_3"": 1, ""model_4"": 0, ""model_5"": 0, ""model_6"": 1}",1,model_4,True,,migration cooldown active,1,0,,,,,,4,2,1,0.04810021056139574,"[{""model"": ""model_3"", ""current_gpu"": 1, ""best_gpu"": 0, ""current_r"": 0.0, ""best_r"": 0.0, ""absolute_delta"": 0.0, ""tau"": 0.00035, ""chosen_gpu"": 1}, {""model"": ""model_5"", ""current_gpu"": 0, ""best_gpu"": 0, ""current_r"": 0.0, ""best_r"": 0.0, ""absolute_delta"": 0.0, ""tau"": 0.00035, ""chosen_gpu"": 0}, {""model"": ""model_6"", ""current_gpu"": 1, ""best_gpu"": 1, ""current_r"": 0.0459385771741178, ""best_r"": 0.0459385771741178, ""absolute_delta"": 0.0, ""tau"": 0.00035, ""chosen_gpu"": 1}, {""model"": ""model_4"", ""current_gpu"": 1, ""best_gpu"": 0, ""current_r"": 0.09651232668490317, ""best_r"": 0.04841211612350743, ""absolute_delta"": 0.04810021056139574, ""tau"": 0.00035, ""chosen_gpu"": 0}]"
steady,10,1,16,1787610323.8877873,0.00035,0.1204889830668601,0.04673528953731097,0.1204889830668601,1+3,2+2,"{""model_3"": 1, ""model_4"": 1, ""model_5"": 0, ""model_6"": 1}","{""model_3"": 1, ""model_4"": 0, ""model_5"": 0, ""model_6"": 1}",1,model_4,True,,migration cooldown active,1,0,,,,,,4,1,0,0.04468475314353354,"[{""model"": ""model_5"", ""current_gpu"": 0, ""best_gpu"": 0, ""current_r"": 0.0, ""best_r"": 0.0, ""absolute_delta"": 0.0, ""tau"": 0.00035, ""chosen_gpu"": 0}, {""model"": ""model_3"", ""current_gpu"": 1, ""best_gpu"": 1, ""current_r"": 0.0, ""best_r"": 0.0, ""absolute_delta"": 0.0, ""tau"": 0.00035, ""chosen_gpu"": 1}, {""model"": ""model_6"", ""current_gpu"": 1, ""best_gpu"": 1, ""current_r"": 0.03962722358473579, ""best_r"": 0.03962722358473579, ""absolute_delta"": 0.0, ""tau"": 0.00035, ""chosen_gpu"": 1}, {""model"": ""model_4"", ""current_gpu"": 1, ""best_gpu"": 0, ""current_r"": 0.09142004268084451, ""best_r"": 0.04673528953731097, ""absolute_delta"": 0.04468475314353354, ""tau"": 0.00035, ""chosen_gpu"": 0}]"
steady,10,1,17,1787610328.9064171,0.00035,0.1258566338938933,0.0429952429146072,0.1258566338938933,1+3,2+2,"{""model_3"": 1, ""model_4"": 1, ""model_5"": 0, ""model_6"": 1}","{""model_3"": 1, ""model_4"": 1, ""model_5"": 0, ""model_6"": 0}",1,model_6,True,,migration cooldown active,1,0,,,,,,4,2,1,0.006603210309593016,"[{""model"": ""model_3"", ""current_gpu"": 1, ""best_gpu"": 0, ""current_r"": 0.0, ""best_r"": 0.0, ""absolute_delta"": 0.0, ""tau"": 0.00035, ""chosen_gpu"": 1}, {""model"": ""model_5"", ""current_gpu"": 0, ""best_gpu"": 0, ""current_r"": 0.0, ""best_r"": 0.0, ""absolute_delta"": 0.0, ""tau"": 0.00035, ""chosen_gpu"": 0}, {""model"": ""model_6"", ""current_gpu"": 1, ""best_gpu"": 0, ""current_r"": 0.049598453224200215, ""best_r"": 0.0429952429146072, ""absolute_delta"": 0.006603210309593016, ""tau"": 0.00035, ""chosen_gpu"": 0}, {""model"": ""model_4"", ""current_gpu"": 1, ""best_gpu"": 1, ""current_r"": 0.049598453224200215, ""best_r"": 0.049598453224200215, ""absolute_delta"": 0.0, ""tau"": 0.00035, ""chosen_gpu"": 1}]"
steady,10,1,18,1787610333.960035,0.00035,0.12127055602254551,0.03784466993231184,0.12127055602254551,1+3,2+2,"{""model_3"": 1, ""model_4"": 1, ""model_5"": 0, ""model_6"": 1}","{""model_3"": 1, ""model_4"": 1, ""model_5"": 0, ""model_6"": 0}",1,model_6,True,,migration cooldown active,1,0,,,,,,4,2,1,0.008307407267600243,"[{""model"": ""model_3"", ""current_gpu"": 1, ""best_gpu"": 0, ""current_r"": 0.0, ""best_r"": 0.0, ""absolute_delta"": 0.0, ""tau"": 0.00035, ""chosen_gpu"": 1}, {""model"": ""model_5"", ""current_gpu"": 0, ""best_gpu"": 0, ""current_r"": 0.0, ""best_r"": 0.0, ""absolute_delta"": 0.0, ""tau"": 0.00035, ""chosen_gpu"": 0}, {""model"": ""model_6"", ""current_gpu"": 1, ""best_gpu"": 0, ""current_r"": 0.04615207719991209, ""best_r"": 0.03784466993231184, ""absolute_delta"": 0.008307407267600243, ""tau"": 0.00035, ""chosen_gpu"": 0}, {""model"": ""model_4"", ""current_gpu"": 1, ""best_gpu"": 1, ""current_r"": 0.04615207719991209, ""best_r"": 0.04615207719991209, ""absolute_delta"": 0.0, ""tau"": 0.00035, ""chosen_gpu"": 1}]"
steady,10,1,19,1787610338.98414,0.00035,0.12094042260709933,0.04666650752497619,0.12094042260709933,1+3,2+2,"{""model_3"": 1, ""model_4"": 1, ""model_5"": 0, ""model_6"": 1}","{""model_3"": 1, ""model_4"": 0, ""model_5"": 0, ""model_6"": 1}",1,model_4,False,MIGRATE,literal line-8 absolute delta exceeds tau,1,0,,model_4,1,0,0.09464994250489818,4,2,1,0.04798343497992199,"[{""model"": ""model_3"", ""current_gpu"": 1, ""best_gpu"": 0, ""current_r"": 0.0, ""best_r"": 0.0, ""absolute_delta"": 0.0, ""tau"": 0.00035, ""chosen_gpu"": 1}, {""model"": ""model_5"", ""current_gpu"": 0, ""best_gpu"": 0, ""current_r"": 0.0, ""best_r"": 0.0, ""absolute_delta"": 0.0, ""tau"": 0.00035, ""chosen_gpu"": 0}, {""model"": ""model_6"", ""current_gpu"": 1, ""best_gpu"": 1, ""current_r"": 0.04392998163748671, ""best_r"": 0.04392998163748671, ""absolute_delta"": 0.0, ""tau"": 0.00035, ""chosen_gpu"": 1}, {""model"": ""model_4"", ""current_gpu"": 1, ""best_gpu"": 0, ""current_r"": 0.09464994250489818, ""best_r"": 0.04666650752497619, ""absolute_delta"": 0.04798343497992199, ""tau"": 0.00035, ""chosen_gpu"": 0}]"
steady,10,1,20,1787610344.0028448,0.00035,0.09263821083028581,0.053704202192621835,0.09263821083028581,2+2,2+2,"{""model_3"": 1, ""model_4"": 0, ""model_5"": 0, ""model_6"": 1}","{""model_3"": 1, ""model_4"": 1, ""model_5"": 0, ""model_6"": 0}",2,"model_6,model_4",True,,migration cooldown active,2,0,,,,,,4,3,1,0.05650557755371451,"[{""model"": ""model_3"", ""current_gpu"": 1, ""best_gpu"": 0, ""current_r"": 0.0, ""best_r"": 0.0, ""absolute_delta"": 0.0, ""tau"": 0.00035, ""chosen_gpu"": 1}, {""model"": ""model_5"", ""current_gpu"": 0, ""best_gpu"": 0, ""current_r"": 0.0, ""best_r"": 0.0, ""absolute_delta"": 0.0, ""tau"": 0.00035, ""chosen_gpu"": 0}, {""model"": ""model_6"", ""current_gpu"": 1, ""best_gpu"": 0, ""current_r"": 0.04174754004213072, ""best_r"": 0.03891156876689197, ""absolute_delta"": 0.002835971275238755, ""tau"": 0.00035, ""chosen_gpu"": 0}, {""model"": ""model_4"", ""current_gpu"": 0, ""best_gpu"": 1, ""current_r"": 0.09825311759584524, ""best_r"": 0.04174754004213072, ""absolute_delta"": 0.05650557755371451, ""tau"": 0.00035, ""chosen_gpu"": 1}]"
steady,10,1,21,1787610349.0256176,0.00035,0.09955112743474445,0.06287164137791204,0.09955112743474445,2+2,2+2,"{""model_3"": 1, ""model_4"": 0, ""model_5"": 0, ""model_6"": 1}","{""model_3"": 1, ""model_4"": 1, ""model_5"": 0, ""model_6"": 0}",2,"model_6,model_4",True,,migration cooldown active,2,0,,,,,,4,3,1,0.04530310687696574,"[{""model"": ""model_3"", ""current_gpu"": 1, ""best_gpu"": 0, ""current_r"": 0.0, ""best_r"": 0.0, ""absolute_delta"": 0.0, ""tau"": 0.00035, ""chosen_gpu"": 1}, {""model"": ""model_5"", ""current_gpu"": 0, ""best_gpu"": 0, ""current_r"": 0.0, ""best_r"": 0.0, ""absolute_delta"": 0.0, ""tau"": 0.00035, ""chosen_gpu"": 0}, {""model"": ""model_6"", ""current_gpu"": 1, ""best_gpu"": 0, ""current_r"": 0.05155499144556367, ""best_r"": 0.042669885379287086, ""absolute_delta"": 0.008885106066276585, ""tau"": 0.00035, ""chosen_gpu"": 0}, {""model"": ""model_4"", ""current_gpu"": 0, ""best_gpu"": 1, ""current_r"": 0.09685809832252941, ""best_r"": 0.05155499144556367, ""absolute_delta"": 0.04530310687696574, ""tau"": 0.00035, ""chosen_gpu"": 1}]"
steady,10,1,22,1787610354.0570064,0.00035,0.1085732079056917,0.0734931217936193,0.1085732079056917,2+2,2+2,"{""model_3"": 1, ""model_4"": 0, ""model_5"": 0, ""model_6"": 1}","{""model_3"": 1, ""model_4"": 1, ""model_5"": 0, ""model_6"": 0}",2,"model_6,model_4",True,,migration cooldown active,2,0,,,,,,4,3,1,0.06504488648007171,"[{""model"": ""model_3"", ""current_gpu"": 1, ""best_gpu"": 0, ""current_r"": 0.0, ""best_r"": 0.0, ""absolute_delta"": 0.0, ""tau"": 0.00035, ""chosen_gpu"": 1}, {""model"": ""model_5"", ""current_gpu"": 0, ""best_gpu"": 0, ""current_r"": 0.0, ""best_r"": 0.0, ""absolute_delta"": 0.0, ""tau"": 0.00035, ""chosen_gpu"": 0}, {""model"": ""model_6"", ""current_gpu"": 1, ""best_gpu"": 0, ""current_r"": 0.05233739425391147, ""best_r"": 0.051228272377142545, ""absolute_delta"": 0.001109121876768926, ""tau"": 0.00035, ""chosen_gpu"": 0}, {""model"": ""model_4"", ""current_gpu"": 0, ""best_gpu"": 1, ""current_r"": 0.11738228073398319, ""best_r"": 0.05233739425391147, ""absolute_delta"": 0.06504488648007171, ""tau"": 0.00035, ""chosen_gpu"": 1}]"
steady,10,1,23,1787610359.115212,0.00035,0.09579119427609627,0.06224334456212681,0.09579119427609627,2+2,2+2,"{""model_3"": 1, ""model_4"": 0, ""model_5"": 0, ""model_6"": 1}","{""model_3"": 1, ""model_4"": 0, ""model_5"": 0, ""model_6"": 1}",0,,True,,migration cooldown active,0,0,,,,,,4,1,1,0.0,"[{""model"": ""model_3"", ""current_gpu"": 1, ""best_gpu"": 0, ""current_r"": 0.0, ""best_r"": 0.0, ""absolute_delta"": 0.0, ""tau"": 0.00035, ""chosen_gpu"": 1}, {""model"": ""model_5"", ""current_gpu"": 0, ""best_gpu"": 0, ""current_r"": 0.0, ""best_r"": 0.0, ""absolute_delta"": 0.0, ""tau"": 0.00035, ""chosen_gpu"": 0}, {""model"": ""model_6"", ""current_gpu"": 1, ""best_gpu"": 1, ""current_r"": 0.04070829724423694, ""best_r"": 0.04070829724423694, ""absolute_delta"": 0.0, ""tau"": 0.00035, ""chosen_gpu"": 1}, {""model"": ""model_4"", ""current_gpu"": 0, ""best_gpu"": 0, ""current_r"": 0.0441497831760922, ""best_r"": 0.0441497831760922, ""absolute_delta"": 0.0, ""tau"": 0.00035, ""chosen_gpu"": 0}]"
steady,10,1,24,1787610364.14425,0.00035,0.09069821357636065,0.07336637640770227,0.09069821357636065,2+2,2+2,"{""model_3"": 1, ""model_4"": 0, ""model_5"": 0, ""model_6"": 1}","{""model_3"": 1, ""model_4"": 0, ""model_5"": 0, ""model_6"": 1}",0,,True,,migration cooldown active,0,0,,,,,,4,0,0,0.0,"[{""model"": ""model_5"", ""current_gpu"": 0, ""best_gpu"": 0, ""current_r"": 0.0, ""best_r"": 0.0, ""absolute_delta"": 0.0, ""tau"": 0.00035, ""chosen_gpu"": 0}, {""model"": ""model_6"", ""current_gpu"": 1, ""best_gpu"": 1, ""current_r"": 0.0, ""best_r"": 0.0, ""absolute_delta"": 0.0, ""tau"": 0.00035, ""chosen_gpu"": 1}, {""model"": ""model_3"", ""current_gpu"": 1, ""best_gpu"": 1, ""current_r"": 0.042907274952213144, ""best_r"": 0.042907274952213144, ""absolute_delta"": 0.0, ""tau"": 0.00035, ""chosen_gpu"": 1}, {""model"": ""model_4"", ""current_gpu"": 0, ""best_gpu"": 0, ""current_r"": 0.055470591938783495, ""best_r"": 0.055470591938783495, ""absolute_delta"": 0.0, ""tau"": 0.00035, ""chosen_gpu"": 0}]"
steady,10,1,25,1787610369.1653228,0.00035,0.10395438370668207,0.06814473753851864,0.10395438370668207,2+2,2+2,"{""model_3"": 1, ""model_4"": 0, ""model_5"": 0, ""model_6"": 1}","{""model_3"": 1, ""model_4"": 0, ""model_5"": 0, ""model_6"": 1}",0,,False,,line-8 placement unchanged or every candidate blocked,0,0,,,,,,4,0,0,0.0,"[{""model"": ""model_5"", ""current_gpu"": 0, ""best_gpu"": 0, ""current_r"": 0.0, ""best_r"": 0.0, ""absolute_delta"": 0.0, ""tau"": 0.00035, ""chosen_gpu"": 0}, {""model"": ""model_6"", ""current_gpu"": 1, ""best_gpu"": 1, ""current_r"": 0.0, ""best_r"": 0.0, ""absolute_delta"": 0.0, ""tau"": 0.00035, ""chosen_gpu"": 1}, {""model"": ""model_3"", ""current_gpu"": 1, ""best_gpu"": 1, ""current_r"": 0.04928172279347366, ""best_r"": 0.04928172279347366, ""absolute_delta"": 0.0, ""tau"": 0.00035, ""chosen_gpu"": 1}, {""model"": ""model_4"", ""current_gpu"": 0, ""best_gpu"": 0, ""current_r"": 0.05126626043548619, ""best_r"": 0.05126626043548619, ""absolute_delta"": 0.0, ""tau"": 0.00035, ""chosen_gpu"": 0}]"
steady,10,1,26,1787610374.19243,0.00035,0.11484223196973432,0.057626822499548175,0.11484223196973432,2+2,2+2,"{""model_3"": 1, ""model_4"": 0, ""model_5"": 0, ""model_6"": 1}","{""model_3"": 1, ""model_4"": 1, ""model_5"": 0, ""model_6"": 0}",2,"model_6,model_4",False,MIGRATE,literal line-8 absolute delta exceeds tau,2,0,,model_4,0,1,0.13997149487820812,4,3,1,0.06882537673488918,"[{""model"": ""model_3"", ""current_gpu"": 1, ""best_gpu"": 0, ""current_r"": 0.0, ""best_r"": 0.0, ""absolute_delta"": 0.0, ""tau"": 0.00035, ""chosen_gpu"": 1}, {""model"": ""model_6"", ""current_gpu"": 1, ""best_gpu"": 0, ""current_r"": 0.04901126239840459, ""best_r"": 0.0, ""absolute_delta"": 0.04901126239840459, ""tau"": 0.00035, ""chosen_gpu"": 0}, {""model"": ""model_5"", ""current_gpu"": 0, ""best_gpu"": 0, ""current_r"": 0.04897577889876588, ""best_r"": 0.04897577889876588, ""absolute_delta"": 0.0, ""tau"": 0.00035, ""chosen_gpu"": 0}, {""model"": ""model_4"", ""current_gpu"": 0, ""best_gpu"": 1, ""current_r"": 0.11783663913329377, ""best_r"": 0.04901126239840459, ""absolute_delta"": 0.06882537673488918, ""tau"": 0.00035, ""chosen_gpu"": 1}]"
steady,10,1,27,1787610379.2153904,0.00035,0.14424941564192484,0.03862930778237546,0.14424941564192484,1+3,2+2,"{""model_3"": 1, ""model_4"": 1, ""model_5"": 0, ""model_6"": 1}","{""model_3"": 1, ""model_4"": 1, ""model_5"": 0, ""model_6"": 0}",1,model_6,True,,migration cooldown active,1,0,,,,,,4,2,1,0.05983980831230966,"[{""model"": ""model_3"", ""current_gpu"": 1, ""best_gpu"": 0, ""current_r"": 0.0, ""best_r"": 0.0, ""absolute_delta"": 0.0, ""tau"": 0.00035, ""chosen_gpu"": 1}, {""model"": ""model_6"", ""current_gpu"": 1, ""best_gpu"": 0, ""current_r"": 0.05983980831230966, ""best_r"": 0.0, ""absolute_delta"": 0.05983980831230966, ""tau"": 0.00035, ""chosen_gpu"": 0}, {""model"": ""model_5"", ""current_gpu"": 0, ""best_gpu"": 0, ""current_r"": 0.040463262053805675, ""best_r"": 0.040463262053805675, ""absolute_delta"": 0.0, ""tau"": 0.00035, ""chosen_gpu"": 0}, {""model"": ""model_4"", ""current_gpu"": 1, ""best_gpu"": 1, ""current_r"": 0.05983980831230966, ""best_r"": 0.05983980831230966, ""absolute_delta"": 0.0, ""tau"": 0.00035, ""chosen_gpu"": 1}]"
steady,10,1,28,1787610384.242591,0.00035,0.15733784512810003,0.05214321368363469,0.15733784512810003,1+3,2+2,"{""model_3"": 1, ""model_4"": 1, ""model_5"": 0, ""model_6"": 1}","{""model_3"": 1, ""model_4"": 1, ""model_5"": 0, ""model_6"": 0}",1,model_6,True,,migration cooldown active,1,0,,,,,,4,2,1,0.01352750078036636,"[{""model"": ""model_3"", ""current_gpu"": 1, ""best_gpu"": 0, ""current_r"": 0.0, ""best_r"": 0.0, ""absolute_delta"": 0.0, ""tau"": 0.00035, ""chosen_gpu"": 1}, {""model"": ""model_5"", ""current_gpu"": 0, ""best_gpu"": 0, ""current_r"": 0.0, ""best_r"": 0.0, ""absolute_delta"": 0.0, ""tau"": 0.00035, ""chosen_gpu"": 0}, {""model"": ""model_6"", ""current_gpu"": 1, ""best_gpu"": 0, ""current_r"": 0.06567071446400105, ""best_r"": 0.05214321368363469, ""absolute_delta"": 0.01352750078036636, ""tau"": 0.00035, ""chosen_gpu"": 0}, {""model"": ""model_4"", ""current_gpu"": 1, ""best_gpu"": 1, ""current_r"": 0.06567071446400105, ""best_r"": 0.06567071446400105, ""absolute_delta"": 0.0, ""tau"": 0.00035, ""chosen_gpu"": 1}]"
steady,10,1,29,1787610389.2947285,0.00035,0.1512707577940748,0.03870837175173512,0.1512707577940748,1+3,2+2,"{""model_3"": 1, ""model_4"": 1, ""model_5"": 0, ""model_6"": 1}","{""model_3"": 1, ""model_4"": 1, ""model_5"": 0, ""model_6"": 0}",1,model_6,True,,migration cooldown active,1,0,,,,,,4,2,1,0.027506943318577066,"[{""model"": ""model_3"", ""current_gpu"": 1, ""best_gpu"": 0, ""current_r"": 0.0, ""best_r"": 0.0, ""absolute_delta"": 0.0, ""tau"": 0.00035, ""chosen_gpu"": 1}, {""model"": ""model_5"", ""current_gpu"": 0, ""best_gpu"": 0, ""current_r"": 0.0, ""best_r"": 0.0, ""absolute_delta"": 0.0, ""tau"": 0.00035, ""chosen_gpu"": 0}, {""model"": ""model_6"", ""current_gpu"": 1, ""best_gpu"": 0, ""current_r"": 0.06621531507031218, ""best_r"": 0.03870837175173512, ""absolute_delta"": 0.027506943318577066, ""tau"": 0.00035, ""chosen_gpu"": 0}, {""model"": ""model_4"", ""current_gpu"": 1, ""best_gpu"": 1, ""current_r"": 0.06621531507031218, ""best_r"": 0.06621531507031218, ""absolute_delta"": 0.0, ""tau"": 0.00035, ""chosen_gpu"": 1}]"
steady,10,1,30,1787610394.3385968,0.00035,0.15955761942751598,0.045105510716760416,0.15955761942751598,1+3,2+2,"{""model_3"": 1, ""model_4"": 1, ""model_5"": 0, ""model_6"": 1}","{""model_3"": 1, ""model_4"": 1, ""model_5"": 0, ""model_6"": 0}",1,model_6,True,,migration cooldown active,1,0,,,,,,4,2,1,0.0222926798440876,"[{""model"": ""model_3"", ""current_gpu"": 1, ""best_gpu"": 0, ""current_r"": 0.0, ""best_r"": 0.0, ""absolute_delta"": 0.0, ""tau"": 0.00035, ""chosen_gpu"": 1}, {""model"": ""model_5"", ""current_gpu"": 0, ""best_gpu"": 0, ""current_r"": 0.0, ""best_r"": 0.0, ""absolute_delta"": 0.0, ""tau"": 0.00035, ""chosen_gpu"": 0}, {""model"": ""model_6"", ""current_gpu"": 1, ""best_gpu"": 0, ""current_r"": 0.06739819056084802, ""best_r"": 0.045105510716760416, ""absolute_delta"": 0.0222926798440876, ""tau"": 0.00035, ""chosen_gpu"": 0}, {""model"": ""model_4"", ""current_gpu"": 1, ""best_gpu"": 1, ""current_r"": 0.06739819056084802, ""best_r"": 0.06739819056084802, ""absolute_delta"": 0.0, ""tau"": 0.00035, ""chosen_gpu"": 1}]"
steady,10,1,31,1787610399.3923366,0.00035,0.15223771229244548,0.050748364926010356,0.15223771229244548,1+3,2+2,"{""model_3"": 1, ""model_4"": 1, ""model_5"": 0, ""model_6"": 1}","{""model_3"": 1, ""model_4"": 1, ""model_5"": 0, ""model_6"": 0}",1,model_6,True,,migration cooldown active,1,0,,,,,,4,2,1,0.006516821029081105,"[{""model"": ""model_3"", ""current_gpu"": 1, ""best_gpu"": 0, ""current_r"": 0.0, ""best_r"": 0.0, ""absolute_delta"": 0.0, ""tau"": 0.00035, ""chosen_gpu"": 1}, {""model"": ""model_5"", ""current_gpu"": 0, ""best_gpu"": 0, ""current_r"": 0.0, ""best_r"": 0.0, ""absolute_delta"": 0.0, ""tau"": 0.00035, ""chosen_gpu"": 0}, {""model"": ""model_6"", ""current_gpu"": 1, ""best_gpu"": 0, ""current_r"": 0.05726518595509146, ""best_r"": 0.050748364926010356, ""absolute_delta"": 0.006516821029081105, ""tau"": 0.00035, ""chosen_gpu"": 0}, {""model"": ""model_4"", ""current_gpu"": 1, ""best_gpu"": 1, ""current_r"": 0.05726518595509146, ""best_r"": 0.05726518595509146, ""absolute_delta"": 0.0, ""tau"": 0.00035, ""chosen_gpu"": 1}]"
steady,10,1,32,1787610404.4313362,0.00035,0.15503534552856338,0.05568175850893003,0.15503534552856338,1+3,2+2,"{""model_3"": 1, ""model_4"": 1, ""model_5"": 0, ""model_6"": 1}","{""model_3"": 1, ""model_4"": 1, ""model_5"": 0, ""model_6"": 0}",1,model_6,False,MIGRATE,literal line-8 absolute delta exceeds tau,1,0,,model_6,1,0,0.12653329153274487,4,2,1,0.004560210795174768,"[{""model"": ""model_3"", ""current_gpu"": 1, ""best_gpu"": 0, ""current_r"": 0.0, ""best_r"": 0.0, ""absolute_delta"": 0.0, ""tau"": 0.00035, ""chosen_gpu"": 1}, {""model"": ""model_5"", ""current_gpu"": 0, ""best_gpu"": 0, ""current_r"": 0.0, ""best_r"": 0.0, ""absolute_delta"": 0.0, ""tau"": 0.00035, ""chosen_gpu"": 0}, {""model"": ""model_6"", ""current_gpu"": 1, ""best_gpu"": 0, ""current_r"": 0.060241969304104796, ""best_r"": 0.05568175850893003, ""absolute_delta"": 0.004560210795174768, ""tau"": 0.00035, ""chosen_gpu"": 0}, {""model"": ""model_4"", ""current_gpu"": 1, ""best_gpu"": 1, ""current_r"": 0.060241969304104796, ""best_r"": 0.060241969304104796, ""absolute_delta"": 0.0, ""tau"": 0.00035, ""chosen_gpu"": 1}]"
steady,10,1,33,1787610413.4164019,0.00035,0.137748598574566,0.137748598574566,0.07724747421718961,2+2,2+2,"{""model_3"": 1, ""model_4"": 1, ""model_5"": 0, ""model_6"": 0}","{""model_3"": 1, ""model_4"": 0, ""model_5"": 0, ""model_6"": 1}",2,"model_6,model_4",True,,migration cooldown active,2,0,,,,,,4,3,1,0.059515194028512096,"[{""model"": ""model_3"", ""current_gpu"": 1, ""best_gpu"": 0, ""current_r"": 0.0, ""best_r"": 0.0, ""absolute_delta"": 0.0, ""tau"": 0.00035, ""chosen_gpu"": 1}, {""model"": ""model_5"", ""current_gpu"": 0, ""best_gpu"": 0, ""current_r"": 0.0, ""best_r"": 0.0, ""absolute_delta"": 0.0, ""tau"": 0.00035, ""chosen_gpu"": 0}, {""model"": ""model_6"", ""current_gpu"": 0, ""best_gpu"": 1, ""current_r"": 0.060697555090346, ""best_r"": 0.056132364485962934, ""absolute_delta"": 0.004565190604383068, ""tau"": 0.00035, ""chosen_gpu"": 1}, {""model"": ""model_4"", ""current_gpu"": 1, ""best_gpu"": 0, ""current_r"": 0.1202127491188581, ""best_r"": 0.060697555090346, ""absolute_delta"": 0.059515194028512096, ""tau"": 0.00035, ""chosen_gpu"": 0}]"
steady,10,1,34,1787610418.452191,0.00035,0.11080845250883811,0.11080845250883811,0.06210930641189403,2+2,2+2,"{""model_3"": 1, ""model_4"": 1, ""model_5"": 0, ""model_6"": 0}","{""model_3"": 1, ""model_4"": 0, ""model_5"": 0, ""model_6"": 1}",2,"model_6,model_4",True,,migration cooldown active,2,0,,,,,,4,2,0,0.03525542645621362,"[{""model"": ""model_5"", ""current_gpu"": 0, ""best_gpu"": 0, ""current_r"": 0.0, ""best_r"": 0.0, ""absolute_delta"": 0.0, ""tau"": 0.00035, ""chosen_gpu"": 0}, {""model"": ""model_3"", ""current_gpu"": 1, ""best_gpu"": 1, ""current_r"": 0.0, ""best_r"": 0.0, ""absolute_delta"": 0.0, ""tau"": 0.00035, ""chosen_gpu"": 1}, {""model"": ""model_6"", ""current_gpu"": 0, ""best_gpu"": 1, ""current_r"": 0.05481747504099984, ""best_r"": 0.04506588605452569, ""absolute_delta"": 0.009751588986474151, ""tau"": 0.00035, ""chosen_gpu"": 1}, {""model"": ""model_4"", ""current_gpu"": 1, ""best_gpu"": 0, ""current_r"": 0.09007290149721346, ""best_r"": 0.05481747504099984, ""absolute_delta"": 0.03525542645621362, ""tau"": 0.00035, ""chosen_gpu"": 0}]"
steady,10,1,35,1787610423.4966788,0.00035,0.13526369185353265,0.13526369185353265,0.05843918286795391,2+2,2+2,"{""model_3"": 1, ""model_4"": 1, ""model_5"": 0, ""model_6"": 0}","{""model_3"": 1, ""model_4"": 0, ""model_5"": 1, ""model_6"": 0}",2,"model_5,model_4",True,,migration cooldown active,2,0,,,,,,4,2,0,0.04710517755950956,"[{""model"": ""model_6"", ""current_gpu"": 0, ""best_gpu"": 0, ""current_r"": 0.0, ""best_r"": 0.0, ""absolute_delta"": 0.0, ""tau"": 0.00035, ""chosen_gpu"": 0}, {""model"": ""model_3"", ""current_gpu"": 1, ""best_gpu"": 1, ""current_r"": 0.0, ""best_r"": 0.0, ""absolute_delta"": 0.0, ""tau"": 0.00035, ""chosen_gpu"": 1}, {""model"": ""model_5"", ""current_gpu"": 0, ""best_gpu"": 1, ""current_r"": 0.05828182441888263, ""best_r"": 0.043261146684255944, ""absolute_delta"": 0.015020677734626689, ""tau"": 0.00035, ""chosen_gpu"": 1}, {""model"": ""model_4"", ""current_gpu"": 1, ""best_gpu"": 0, ""current_r"": 0.1053870019783922, ""best_r"": 0.05828182441888263, ""absolute_delta"": 0.04710517755950956, ""tau"": 0.00035, ""chosen_gpu"": 0}]"
steady,10,1,36,1787610428.5512125,0.00035,0.13200457431192164,0.13200457431192164,0.05727688943821316,2+2,2+2,"{""model_3"": 1, ""model_4"": 1, ""model_5"": 0, ""model_6"": 0}","{""model_3"": 1, ""model_4"": 0, ""model_5"": 1, ""model_6"": 0}",2,"model_5,model_4",True,,migration cooldown active,2,0,,,,,,4,2,0,0.044742710546385976,"[{""model"": ""model_6"", ""current_gpu"": 0, ""best_gpu"": 0, ""current_r"": 0.0, ""best_r"": 0.0, ""absolute_delta"": 0.0, ""tau"": 0.00035, ""chosen_gpu"": 0}, {""model"": ""model_3"", ""current_gpu"": 1, ""best_gpu"": 1, ""current_r"": 0.0, ""best_r"": 0.0, ""absolute_delta"": 0.0, ""tau"": 0.00035, ""chosen_gpu"": 1}, {""model"": ""model_5"", ""current_gpu"": 0, ""best_gpu"": 1, ""current_r"": 0.05742505402882297, ""best_r"": 0.04216438485085999, ""absolute_delta"": 0.015260669177962975, ""tau"": 0.00035, ""chosen_gpu"": 1}, {""model"": ""model_4"", ""current_gpu"": 1, ""best_gpu"": 0, ""current_r"": 0.10216776457520894, ""best_r"": 0.05742505402882297, ""absolute_delta"": 0.044742710546385976, ""tau"": 0.00035, ""chosen_gpu"": 0}]"
steady,10,1,37,1787610433.604377,0.00035,0.11990074072453187,0.11990074072453187,0.0761985912416149,2+2,2+2,"{""model_3"": 1, ""model_4"": 1, ""model_5"": 0, ""model_6"": 0}","{""model_3"": 1, ""model_4"": 1, ""model_5"": 0, ""model_6"": 0}",0,,True,,migration cooldown active,0,0,,,,,,4,1,1,0.0,"[{""model"": ""model_3"", ""current_gpu"": 1, ""best_gpu"": 0, ""current_r"": 0.0, ""best_r"": 0.0, ""absolute_delta"": 0.0, ""tau"": 0.00035, ""chosen_gpu"": 1}, {""model"": ""model_6"", ""current_gpu"": 0, ""best_gpu"": 0, ""current_r"": 0.0, ""best_r"": 0.0, ""absolute_delta"": 0.0, ""tau"": 0.00035, ""chosen_gpu"": 0}, {""model"": ""model_5"", ""current_gpu"": 0, ""best_gpu"": 0, ""current_r"": 0.058525771341581594, ""best_r"": 0.058525771341581594, ""absolute_delta"": 0.0, ""tau"": 0.00035, ""chosen_gpu"": 0}, {""model"": ""model_4"", ""current_gpu"": 1, ""best_gpu"": 1, ""current_r"": 0.06235632472248073, ""best_r"": 0.06235632472248073, ""absolute_delta"": 0.0, ""tau"": 0.00035, ""chosen_gpu"": 1}]"
steady,10,1,38,1787610438.6513116,0.00035,0.12213478596945926,0.12213478596945926,0.07377910448733493,2+2,2+2,"{""model_3"": 1, ""model_4"": 1, ""model_5"": 0, ""model_6"": 0}","{""model_3"": 1, ""model_4"": 1, ""model_5"": 0, ""model_6"": 0}",0,,False,,line-8 placement unchanged or every candidate blocked,0,0,,,,,,4,1,1,0.0,"[{""model"": ""model_3"", ""current_gpu"": 1, ""best_gpu"": 0, ""current_r"": 0.0, ""best_r"": 0.0, ""absolute_delta"": 0.0, ""tau"": 0.00035, ""chosen_gpu"": 1}, {""model"": ""model_6"", ""current_gpu"": 0, ""best_gpu"": 0, ""current_r"": 0.0, ""best_r"": 0.0, ""absolute_delta"": 0.0, ""tau"": 0.00035, ""chosen_gpu"": 0}, {""model"": ""model_5"", ""current_gpu"": 0, ""best_gpu"": 0, ""current_r"": 0.05366470326991957, ""best_r"": 0.05366470326991957, ""absolute_delta"": 0.0, ""tau"": 0.00035, ""chosen_gpu"": 0}, {""model"": ""model_4"", ""current_gpu"": 1, ""best_gpu"": 1, ""current_r"": 0.060203390959804835, ""best_r"": 0.060203390959804835, ""absolute_delta"": 0.0, ""tau"": 0.00035, ""chosen_gpu"": 1}]"
steady,10,1,39,1787610443.692027,0.00035,0.1066177020707029,0.1066177020707029,0.06373740174585348,2+2,2+2,"{""model_3"": 1, ""model_4"": 1, ""model_5"": 0, ""model_6"": 0}","{""model_3"": 1, ""model_4"": 1, ""model_5"": 0, ""model_6"": 0}",0,,False,,line-8 placement unchanged or every candidate blocked,0,0,,,,,,4,1,1,0.0,"[{""model"": ""model_3"", ""current_gpu"": 1, ""best_gpu"": 0, ""current_r"": 0.0, ""best_r"": 0.0, ""absolute_delta"": 0.0, ""tau"": 0.00035, ""chosen_gpu"": 1}, {""model"": ""model_6"", ""current_gpu"": 0, ""best_gpu"": 0, ""current_r"": 0.0, ""best_r"": 0.0, ""absolute_delta"": 0.0, ""tau"": 0.00035, ""chosen_gpu"": 0}, {""model"": ""model_5"", ""current_gpu"": 0, ""best_gpu"": 0, ""current_r"": 0.04294705461289109, ""best_r"": 0.04294705461289109, ""absolute_delta"": 0.0, ""tau"": 0.00035, ""chosen_gpu"": 0}, {""model"": ""model_4"", ""current_gpu"": 1, ""best_gpu"": 1, ""current_r"": 0.04697713380203684, ""best_r"": 0.04697713380203684, ""absolute_delta"": 0.0, ""tau"": 0.00035, ""chosen_gpu"": 1}]"
steady,10,1,40,1787610448.8032918,0.00035,0.12887130141553696,0.12887130141553696,0.06844433773249443,2+2,2+2,"{""model_3"": 1, ""model_4"": 1, ""model_5"": 0, ""model_6"": 0}","{""model_3"": 1, ""model_4"": 1, ""model_5"": 0, ""model_6"": 0}",0,,False,,line-8 placement unchanged or every candidate blocked,0,0,,,,,,4,1,1,0.0,"[{""model"": ""model_3"", ""current_gpu"": 1, ""best_gpu"": 0, ""current_r"": 0.0, ""best_r"": 0.0, ""absolute_delta"": 0.0, ""tau"": 0.00035, ""chosen_gpu"": 1}, {""model"": ""model_6"", ""current_gpu"": 0, ""best_gpu"": 0, ""current_r"": 0.0, ""best_r"": 0.0, ""absolute_delta"": 0.0, ""tau"": 0.00035, ""chosen_gpu"": 0}, {""model"": ""model_5"", ""current_gpu"": 0, ""best_gpu"": 0, ""current_r"": 0.050511936714868415, ""best_r"": 0.050511936714868415, ""absolute_delta"": 0.0, ""tau"": 0.00035, ""chosen_gpu"": 0}, {""model"": ""model_4"", ""current_gpu"": 1, ""best_gpu"": 1, ""current_r"": 0.05054193353680413, ""best_r"": 0.05054193353680413, ""absolute_delta"": 0.0, ""tau"": 0.00035, ""chosen_gpu"": 1}]"
steady,10,1,41,1787610453.8448033,0.00035,0.11670803872927135,0.11670803872927135,0.0652292780907705,2+2,2+2,"{""model_3"": 1, ""model_4"": 1, ""model_5"": 0, ""model_6"": 0}","{""model_3"": 1, ""model_4"": 1, ""model_5"": 0, ""model_6"": 0}",0,,False,,line-8 placement unchanged or every candidate blocked,0,0,,,,,,4,1,1,0.0,"[{""model"": ""model_3"", ""current_gpu"": 1, ""best_gpu"": 0, ""current_r"": 0.0, ""best_r"": 0.0, ""absolute_delta"": 0.0, ""tau"": 0.00035, ""chosen_gpu"": 1}, {""model"": ""model_6"", ""current_gpu"": 0, ""best_gpu"": 0, ""current_r"": 0.0, ""best_r"": 0.0, ""absolute_delta"": 0.0, ""tau"": 0.00035, ""chosen_gpu"": 0}, {""model"": ""model_5"", ""current_gpu"": 0, ""best_gpu"": 0, ""current_r"": 0.04700711790272516, ""best_r"": 0.04700711790272516, ""absolute_delta"": 0.0, ""tau"": 0.00035, ""chosen_gpu"": 0}, {""model"": ""model_4"", ""current_gpu"": 1, ""best_gpu"": 1, ""current_r"": 0.04753357621956299, ""best_r"": 0.04753357621956299, ""absolute_delta"": 0.0, ""tau"": 0.00035, ""chosen_gpu"": 1}]"
steady,10,1,42,1787610458.8898191,0.00035,0.1273234827870486,0.1273234827870486,0.05840061658854739,2+2,2+2,"{""model_3"": 1, ""model_4"": 1, ""model_5"": 0, ""model_6"": 0}","{""model_3"": 1, ""model_4"": 0, ""model_5"": 1, ""model_6"": 0}",2,"model_5,model_4",False,MIGRATE,literal line-8 absolute delta exceeds tau,2,0,,model_5,0,1,0.13228969927773832,4,2,0,0.05281209826237354,"[{""model"": ""model_6"", ""current_gpu"": 0, ""best_gpu"": 0, ""current_r"": 0.0, ""best_r"": 0.0, ""absolute_delta"": 0.0, ""tau"": 0.00035, ""chosen_gpu"": 0}, {""model"": ""model_3"", ""current_gpu"": 1, ""best_gpu"": 1, ""current_r"": 0.0, ""best_r"": 0.0, ""absolute_delta"": 0.0, ""tau"": 0.00035, ""chosen_gpu"": 1}, {""model"": ""model_5"", ""current_gpu"": 0, ""best_gpu"": 1, ""current_r"": 0.05180378749792636, ""best_r"": 0.04231094186325897, ""absolute_delta"": 0.009492845634667388, ""tau"": 0.00035, ""chosen_gpu"": 1}, {""model"": ""model_4"", ""current_gpu"": 1, ""best_gpu"": 0, ""current_r"": 0.1046158857602999, ""best_r"": 0.05180378749792636, ""absolute_delta"": 0.05281209826237354, ""tau"": 0.00035, ""chosen_gpu"": 0}]"
steady,10,1,43,1787610463.9528174,0.00035,0.12251551673985019,0.0552531377168714,0.12251551673985019,1+3,2+2,"{""model_3"": 1, ""model_4"": 1, ""model_5"": 1, ""model_6"": 0}","{""model_3"": 1, ""model_4"": 0, ""model_5"": 1, ""model_6"": 0}",1,model_4,True,,migration cooldown active,1,0,,,,,,4,1,0,0.0394669139911239,"[{""model"": ""model_6"", ""current_gpu"": 0, ""best_gpu"": 0, ""current_r"": 0.0, ""best_r"": 0.0, ""absolute_delta"": 0.0, ""tau"": 0.00035, ""chosen_gpu"": 0}, {""model"": ""model_5"", ""current_gpu"": 1, ""best_gpu"": 1, ""current_r"": 0.0, ""best_r"": 0.0, ""absolute_delta"": 0.0, ""tau"": 0.00035, ""chosen_gpu"": 1}, {""model"": ""model_3"", ""current_gpu"": 1, ""best_gpu"": 1, ""current_r"": 0.04418611449474625, ""best_r"": 0.04418611449474625, ""absolute_delta"": 0.0, ""tau"": 0.00035, ""chosen_gpu"": 1}, {""model"": ""model_4"", ""current_gpu"": 1, ""best_gpu"": 0, ""current_r"": 0.0947200517079953, ""best_r"": 0.0552531377168714, ""absolute_delta"": 0.0394669139911239, ""tau"": 0.00035, ""chosen_gpu"": 0}]"
steady,10,1,44,1787610468.992007,0.00035,0.12287065630015336,0.05855816430970409,0.12287065630015336,1+3,2+2,"{""model_3"": 1, ""model_4"": 1, ""model_5"": 1, ""model_6"": 0}","{""model_3"": 1, ""model_4"": 0, ""model_5"": 1, ""model_6"": 0}",1,model_4,True,,migration cooldown active,1,0,,,,,,4,1,0,0.0354822868812294,"[{""model"": ""model_6"", ""current_gpu"": 0, ""best_gpu"": 0, ""current_r"": 0.0, ""best_r"": 0.0, ""absolute_delta"": 0.0, ""tau"": 0.00035, ""chosen_gpu"": 0}, {""model"": ""model_5"", ""current_gpu"": 1, ""best_gpu"": 1, ""current_r"": 0.0, ""best_r"": 0.0, ""absolute_delta"": 0.0, ""tau"": 0.00035, ""chosen_gpu"": 1}, {""model"": ""model_3"", ""current_gpu"": 1, ""best_gpu"": 1, ""current_r"": 0.0440698385678571, ""best_r"": 0.0440698385678571, ""absolute_delta"": 0.0, ""tau"": 0.00035, ""chosen_gpu"": 1}, {""model"": ""model_4"", ""current_gpu"": 1, ""best_gpu"": 0, ""current_r"": 0.09404045119093349, ""best_r"": 0.05855816430970409, ""absolute_delta"": 0.0354822868812294, ""tau"": 0.00035, ""chosen_gpu"": 0}]"
steady,10,1,45,1787610474.049161,0.00035,0.1384742870209237,0.04447135417384955,0.1384742870209237,1+3,2+2,"{""model_3"": 1, ""model_4"": 1, ""model_5"": 1, ""model_6"": 0}","{""model_3"": 1, ""model_4"": 1, ""model_5"": 0, ""model_6"": 0}",1,model_5,True,,migration cooldown active,1,1,target memory infeasible,,,,,4,2,1,0.00584352854629603,"[{""model"": ""model_3"", ""current_gpu"": 1, ""best_gpu"": 0, ""current_r"": 0.0, ""best_r"": 0.0, ""absolute_delta"": 0.0, ""tau"": 0.00035, ""chosen_gpu"": 1}, {""model"": ""model_6"", ""current_gpu"": 0, ""best_gpu"": 0, ""current_r"": 0.0, ""best_r"": 0.0, ""absolute_delta"": 0.0, ""tau"": 0.00035, ""chosen_gpu"": 0}, {""model"": ""model_5"", ""current_gpu"": 1, ""best_gpu"": 0, ""current_r"": 0.05031488272014558, ""best_r"": 0.04447135417384955, ""absolute_delta"": 0.00584352854629603, ""tau"": 0.00035, ""chosen_gpu"": 0}, {""model"": ""model_4"", ""current_gpu"": 1, ""best_gpu"": 1, ""current_r"": 0.05031488272014558, ""best_r"": 0.05031488272014558, ""absolute_delta"": 0.0, ""tau"": 0.00035, ""chosen_gpu"": 1}]"
steady,10,1,46,1787610479.0870576,0.00035,0.12659113612980358,0.037102572541961656,0.12659113612980358,1+3,2+2,"{""model_3"": 1, ""model_4"": 1, ""model_5"": 1, ""model_6"": 0}","{""model_3"": 1, ""model_4"": 1, ""model_5"": 0, ""model_6"": 0}",1,model_5,True,,migration cooldown active,1,1,target memory infeasible,,,,,4,2,1,0.014387853378624443,"[{""model"": ""model_3"", ""current_gpu"": 1, ""best_gpu"": 0, ""current_r"": 0.0, ""best_r"": 0.0, ""absolute_delta"": 0.0, ""tau"": 0.00035, ""chosen_gpu"": 1}, {""model"": ""model_6"", ""current_gpu"": 0, ""best_gpu"": 0, ""current_r"": 0.0, ""best_r"": 0.0, ""absolute_delta"": 0.0, ""tau"": 0.00035, ""chosen_gpu"": 0}, {""model"": ""model_5"", ""current_gpu"": 1, ""best_gpu"": 0, ""current_r"": 0.0514904259205861, ""best_r"": 0.037102572541961656, ""absolute_delta"": 0.014387853378624443, ""tau"": 0.00035, ""chosen_gpu"": 0}, {""model"": ""model_4"", ""current_gpu"": 1, ""best_gpu"": 1, ""current_r"": 0.0514904259205861, ""best_r"": 0.0514904259205861, ""absolute_delta"": 0.0, ""tau"": 0.00035, ""chosen_gpu"": 1}]"
steady,10,1,47,1787610484.1264696,0.00035,0.12509058445195861,0.043364288354554435,0.12509058445195861,1+3,2+2,"{""model_3"": 1, ""model_4"": 1, ""model_5"": 1, ""model_6"": 0}","{""model_3"": 1, ""model_4"": 1, ""model_5"": 0, ""model_6"": 0}",1,model_5,True,,migration cooldown active,1,1,target memory infeasible,,,,,4,2,1,0.005007763446871143,"[{""model"": ""model_3"", ""current_gpu"": 1, ""best_gpu"": 0, ""current_r"": 0.0, ""best_r"": 0.0, ""absolute_delta"": 0.0, ""tau"": 0.00035, ""chosen_gpu"": 1}, {""model"": ""model_6"", ""current_gpu"": 0, ""best_gpu"": 0, ""current_r"": 0.0, ""best_r"": 0.0, ""absolute_delta"": 0.0, ""tau"": 0.00035, ""chosen_gpu"": 0}, {""model"": ""model_5"", ""current_gpu"": 1, ""best_gpu"": 0, ""current_r"": 0.04837205180142558, ""best_r"": 0.043364288354554435, ""absolute_delta"": 0.005007763446871143, ""tau"": 0.00035, ""chosen_gpu"": 0}, {""model"": ""model_4"", ""current_gpu"": 1, ""best_gpu"": 1, ""current_r"": 0.04837205180142558, ""best_r"": 0.04837205180142558, ""absolute_delta"": 0.0, ""tau"": 0.00035, ""chosen_gpu"": 1}]"
steady,10,1,48,1787610489.173493,0.00035,0.11227412496052329,0.039749199803506004,0.11227412496052329,1+3,2+2,"{""model_3"": 1, ""model_4"": 1, ""model_5"": 1, ""model_6"": 0}","{""model_3"": 1, ""model_4"": 0, ""model_5"": 1, ""model_6"": 0}",1,model_4,False,MIGRATE,literal line-8 absolute delta exceeds tau,1,0,,model_4,1,0,0.08775584222653074,4,2,1,0.048006642423024735,"[{""model"": ""model_3"", ""current_gpu"": 1, ""best_gpu"": 0, ""current_r"": 0.0, ""best_r"": 0.0, ""absolute_delta"": 0.0, ""tau"": 0.00035, ""chosen_gpu"": 1}, {""model"": ""model_6"", ""current_gpu"": 0, ""best_gpu"": 0, ""current_r"": 0.0, ""best_r"": 0.0, ""absolute_delta"": 0.0, ""tau"": 0.00035, ""chosen_gpu"": 0}, {""model"": ""model_5"", ""current_gpu"": 1, ""best_gpu"": 1, ""current_r"": 0.039593268280775314, ""best_r"": 0.039593268280775314, ""absolute_delta"": 0.0, ""tau"": 0.00035, ""chosen_gpu"": 1}, {""model"": ""model_4"", ""current_gpu"": 1, ""best_gpu"": 0, ""current_r"": 0.08775584222653074, ""best_r"": 0.039749199803506004, ""absolute_delta"": 0.048006642423024735, ""tau"": 0.00035, ""chosen_gpu"": 0}]"
steady,10,1,49,1787610494.2139835,0.00035,0.11034021450106747,0.04612530772451908,0.11034021450106747,2+2,2+2,"{""model_3"": 1, ""model_4"": 0, ""model_5"": 1, ""model_6"": 0}","{""model_3"": 1, ""model_4"": 0, ""model_5"": 0, ""model_6"": 1}",2,"model_5,model_6",True,,migration cooldown active,2,0,,,,,,4,3,1,0.04408729110497158,"[{""model"": ""model_3"", ""current_gpu"": 1, ""best_gpu"": 0, ""current_r"": 0.0, ""best_r"": 0.0, ""absolute_delta"": 0.0, ""tau"": 0.00035, ""chosen_gpu"": 1}, {""model"": ""model_5"", ""current_gpu"": 1, ""best_gpu"": 0, ""current_r"": 0.04408729110497158, ""best_r"": 0.0, ""absolute_delta"": 0.04408729110497158, ""tau"": 0.00035, ""chosen_gpu"": 0}, {""model"": ""model_6"", ""current_gpu"": 0, ""best_gpu"": 1, ""current_r"": 0.04969748207135209, ""best_r"": 0.04408729110497158, ""absolute_delta"": 0.005610190966380511, ""tau"": 0.00035, ""chosen_gpu"": 1}, {""model"": ""model_4"", ""current_gpu"": 0, ""best_gpu"": 0, ""current_r"": 0.04969748207135209, ""best_r"": 0.04969748207135209, ""absolute_delta"": 0.0, ""tau"": 0.00035, ""chosen_gpu"": 0}]"
steady,10,1,50,1787610499.2938263,0.00035,0.09389869359906855,0.05293052391962364,0.09389869359906855,2+2,2+2,"{""model_3"": 1, ""model_4"": 0, ""model_5"": 1, ""model_6"": 0}","{""model_3"": 0, ""model_4"": 1, ""model_5"": 1, ""model_6"": 0}",2,"model_3,model_4",True,,migration cooldown active,2,0,,,,,,4,3,1,0.04417317153783874,"[{""model"": ""model_5"", ""current_gpu"": 1, ""best_gpu"": 0, ""current_r"": 0.0, ""best_r"": 0.0, ""absolute_delta"": 0.0, ""tau"": 0.00035, ""chosen_gpu"": 1}, {""model"": ""model_3"", ""current_gpu"": 1, ""best_gpu"": 0, ""current_r"": 0.04417317153783874, ""best_r"": 0.0, ""absolute_delta"": 0.04417317153783874, ""tau"": 0.00035, ""chosen_gpu"": 0}, {""model"": ""model_6"", ""current_gpu"": 0, ""best_gpu"": 0, ""current_r"": 0.03587013408334763, ""best_r"": 0.03587013408334763, ""absolute_delta"": 0.0, ""tau"": 0.00035, ""chosen_gpu"": 0}, {""model"": ""model_4"", ""current_gpu"": 0, ""best_gpu"": 1, ""current_r"": 0.08505335069821063, ""best_r"": 0.04417317153783874, ""absolute_delta"": 0.040880179160371885, ""tau"": 0.00035, ""chosen_gpu"": 1}]"
steady,10,1,51,1787610504.3409905,0.00035,0.09708667652481481,0.05629008860039421,0.09708667652481481,2+2,2+2,"{""model_3"": 1, ""model_4"": 0, ""model_5"": 1, ""model_6"": 0}","{""model_3"": 1, ""model_4"": 1, ""model_5"": 0, ""model_6"": 0}",2,"model_5,model_4",True,,migration cooldown active,2,0,,,,,,4,3,1,0.055342103970105354,"[{""model"": ""model_3"", ""current_gpu"": 1, ""best_gpu"": 0, ""current_r"": 0.0, ""best_r"": 0.0, ""absolute_delta"": 0.0, ""tau"": 0.00035, ""chosen_gpu"": 1}, {""model"": ""model_6"", ""current_gpu"": 0, ""best_gpu"": 0, ""current_r"": 0.0, ""best_r"": 0.0, ""absolute_delta"": 0.0, ""tau"": 0.00035, ""chosen_gpu"": 0}, {""model"": ""model_5"", ""current_gpu"": 1, ""best_gpu"": 0, ""current_r"": 0.044856979676900145, ""best_r"": 0.04058767250883658, ""absolute_delta"": 0.004269307168063563, ""tau"": 0.00035, ""chosen_gpu"": 0}, {""model"": ""model_4"", ""current_gpu"": 0, ""best_gpu"": 1, ""current_r"": 0.1001990836470055, ""best_r"": 0.044856979676900145, ""absolute_delta"": 0.055342103970105354, ""tau"": 0.00035, ""chosen_gpu"": 1}]"
steady,10,1,52,1787610509.3869598,0.00035,0.10796407234898506,0.05008735470418298,0.10796407234898506,2+2,2+2,"{""model_3"": 1, ""model_4"": 0, ""model_5"": 1, ""model_6"": 0}","{""model_3"": 1, ""model_4"": 1, ""model_5"": 0, ""model_6"": 0}",2,"model_5,model_4",True,,migration cooldown active,2,0,,,,,,4,3,1,0.05337331339292482,"[{""model"": ""model_3"", ""current_gpu"": 1, ""best_gpu"": 0, ""current_r"": 0.0, ""best_r"": 0.0, ""absolute_delta"": 0.0, ""tau"": 0.00035, ""chosen_gpu"": 1}, {""model"": ""model_5"", ""current_gpu"": 1, ""best_gpu"": 0, ""current_r"": 0.04893568196213882, ""best_r"": 0.0, ""absolute_delta"": 0.04893568196213882, ""tau"": 0.00035, ""chosen_gpu"": 0}, {""model"": ""model_6"", ""current_gpu"": 0, ""best_gpu"": 0, ""current_r"": 0.042009070858220254, ""best_r"": 0.042009070858220254, ""absolute_delta"": 0.0, ""tau"": 0.00035, ""chosen_gpu"": 0}, {""model"": ""model_4"", ""current_gpu"": 0, ""best_gpu"": 1, ""current_r"": 0.10230899535506364, ""best_r"": 0.04893568196213882, ""absolute_delta"": 0.05337331339292482, ""tau"": 0.00035, ""chosen_gpu"": 1}]"
steady,10,1,53,1787610514.434801,0.00035,0.10555397038605847,0.03786518949649346,0.10555397038605847,2+2,2+2,"{""model_3"": 1, ""model_4"": 0, ""model_5"": 1, ""model_6"": 0}","{""model_3"": 1, ""model_4"": 1, ""model_5"": 0, ""model_6"": 0}",2,"model_5,model_4",True,,migration cooldown active,2,0,,,,,,4,3,1,0.048456100930489784,"[{""model"": ""model_3"", ""current_gpu"": 1, ""best_gpu"": 0, ""current_r"": 0.0, ""best_r"": 0.0, ""absolute_delta"": 0.0, ""tau"": 0.00035, ""chosen_gpu"": 1}, {""model"": ""model_5"", ""current_gpu"": 1, ""best_gpu"": 0, ""current_r"": 0.048456100930489784, ""best_r"": 0.0, ""absolute_delta"": 0.048456100930489784, ""tau"": 0.00035, ""chosen_gpu"": 0}, {""model"": ""model_6"", ""current_gpu"": 0, ""best_gpu"": 0, ""current_r"": 0.040371760765402644, ""best_r"": 0.040371760765402644, ""absolute_delta"": 0.0, ""tau"": 0.00035, ""chosen_gpu"": 0}, {""model"": ""model_4"", ""current_gpu"": 0, ""best_gpu"": 1, ""current_r"": 0.08597750958916085, ""best_r"": 0.048456100930489784, ""absolute_delta"": 0.03752140865867107, ""tau"": 0.00035, ""chosen_gpu"": 1}]"
steady,10,1,54,1787610519.482461,0.00035,0.13767877915340093,0.04353166800675041,0.13767877915340093,2+2,2+2,"{""model_3"": 1, ""model_4"": 0, ""model_5"": 1, ""model_6"": 0}","{""model_3"": 1, ""model_4"": 1, ""model_5"": 0, ""model_6"": 0}",2,"model_5,model_4",False,MIGRATE,literal line-8 absolute delta exceeds tau,2,0,,model_5,1,0,0.13733678792436108,4,3,1,0.06188451005067249,"[{""model"": ""model_3"", ""current_gpu"": 1, ""best_gpu"": 0, ""current_r"": 0.0, ""best_r"": 0.0, ""absolute_delta"": 0.0, ""tau"": 0.00035, ""chosen_gpu"": 1}, {""model"": ""model_5"", ""current_gpu"": 1, ""best_gpu"": 0, ""current_r"": 0.06188451005067249, ""best_r"": 0.0, ""absolute_delta"": 0.06188451005067249, ""tau"": 0.00035, ""chosen_gpu"": 0}, {""model"": ""model_6"", ""current_gpu"": 0, ""best_gpu"": 0, ""current_r"": 0.05416428887042429, ""best_r"": 0.05416428887042429, ""absolute_delta"": 0.0, ""tau"": 0.00035, ""chosen_gpu"": 0}, {""model"": ""model_4"", ""current_gpu"": 0, ""best_gpu"": 1, ""current_r"": 0.11089196370628773, ""best_r"": 0.06188451005067249, ""absolute_delta"": 0.04900745365561524, ""tau"": 0.00035, ""chosen_gpu"": 1}]"
steady,10,1,55,1787610526.8125658,0.00035,0.13100705407539445,0.13100705407539445,0.08019995273131328,1+3,2+2,"{""model_3"": 1, ""model_4"": 0, ""model_5"": 0, ""model_6"": 0}","{""model_3"": 1, ""model_4"": 1, ""model_5"": 0, ""model_6"": 0}",1,model_4,True,,migration cooldown active,1,0,,,,,,4,1,0,0.02062893555458721,"[{""model"": ""model_3"", ""current_gpu"": 1, ""best_gpu"": 1, ""current_r"": 0.0, ""best_r"": 0.0, ""absolute_delta"": 0.0, ""tau"": 0.00035, ""chosen_gpu"": 1}, {""model"": ""model_5"", ""current_gpu"": 0, ""best_gpu"": 0, ""current_r"": 0.0, ""best_r"": 0.0, ""absolute_delta"": 0.0, ""tau"": 0.00035, ""chosen_gpu"": 0}, {""model"": ""model_6"", ""current_gpu"": 0, ""best_gpu"": 0, ""current_r"": 0.045755488851408545, ""best_r"": 0.045755488851408545, ""absolute_delta"": 0.0, ""tau"": 0.00035, ""chosen_gpu"": 0}, {""model"": ""model_4"", ""current_gpu"": 0, ""best_gpu"": 1, ""current_r"": 0.10082888828590049, ""best_r"": 0.08019995273131328, ""absolute_delta"": 0.02062893555458721, ""tau"": 0.00035, ""chosen_gpu"": 1}]"
steady,10,1,56,1787610531.860914,0.00035,0.11767522024412475,0.11767522024412475,0.050199160043573464,1+3,2+2,"{""model_3"": 1, ""model_4"": 0, ""model_5"": 0, ""model_6"": 0}","{""model_3"": 1, ""model_4"": 1, ""model_5"": 0, ""model_6"": 0}",1,model_4,True,,migration cooldown active,1,0,,,,,,4,1,0,0.041190777777874756,"[{""model"": ""model_3"", ""current_gpu"": 1, ""best_gpu"": 1, ""current_r"": 0.0, ""best_r"": 0.0, ""absolute_delta"": 0.0, ""tau"": 0.00035, ""chosen_gpu"": 1}, {""model"": ""model_5"", ""current_gpu"": 0, ""best_gpu"": 0, ""current_r"": 0.0, ""best_r"": 0.0, ""absolute_delta"": 0.0, ""tau"": 0.00035, ""chosen_gpu"": 0}, {""model"": ""model_6"", ""current_gpu"": 0, ""best_gpu"": 0, ""current_r"": 0.03569212715763804, ""best_r"": 0.03569212715763804, ""absolute_delta"": 0.0, ""tau"": 0.00035, ""chosen_gpu"": 0}, {""model"": ""model_4"", ""current_gpu"": 0, ""best_gpu"": 1, ""current_r"": 0.09138993782144822, ""best_r"": 0.050199160043573464, ""absolute_delta"": 0.041190777777874756, ""tau"": 0.00035, ""chosen_gpu"": 1}]"
steady,10,1,57,1787610536.9173062,0.00035,0.13625226225299447,0.13625226225299447,0.06962365177207842,1+3,2+2,"{""model_3"": 1, ""model_4"": 0, ""model_5"": 0, ""model_6"": 0}","{""model_3"": 1, ""model_4"": 1, ""model_5"": 0, ""model_6"": 0}",1,model_4,True,,migration cooldown active,1,0,,,,,,4,1,0,0.04037057840430777,"[{""model"": ""model_3"", ""current_gpu"": 1, ""best_gpu"": 1, ""current_r"": 0.0, ""best_r"": 0.0, ""absolute_delta"": 0.0, ""tau"": 0.00035, ""chosen_gpu"": 1}, {""model"": ""model_5"", ""current_gpu"": 0, ""best_gpu"": 0, ""current_r"": 0.0, ""best_r"": 0.0, ""absolute_delta"": 0.0, ""tau"": 0.00035, ""chosen_gpu"": 0}, {""model"": ""model_6"", ""current_gpu"": 0, ""best_gpu"": 0, ""current_r"": 0.04968499893191818, ""best_r"": 0.04968499893191818, ""absolute_delta"": 0.0, ""tau"": 0.00035, ""chosen_gpu"": 0}, {""model"": ""model_4"", ""current_gpu"": 0, ""best_gpu"": 1, ""current_r"": 0.1099942301763862, ""best_r"": 0.06962365177207842, ""absolute_delta"": 0.04037057840430777, ""tau"": 0.00035, ""chosen_gpu"": 1}]"
steady,10,1,58,1787610541.9666698,0.00035,0.10536149364340602,0.10536149364340602,0.05422149213216776,1+3,2+2,"{""model_3"": 1, ""model_4"": 0, ""model_5"": 0, ""model_6"": 0}","{""model_3"": 1, ""model_4"": 1, ""model_5"": 0, ""model_6"": 0}",1,model_4,True,,migration cooldown active,1,0,,,,,,4,1,0,0.031440157145767034,"[{""model"": ""model_3"", ""current_gpu"": 1, ""best_gpu"": 1, ""current_r"": 0.0, ""best_r"": 0.0, ""absolute_delta"": 0.0, ""tau"": 0.00035, ""chosen_gpu"": 1}, {""model"": ""model_5"", ""current_gpu"": 0, ""best_gpu"": 0, ""current_r"": 0.0, ""best_r"": 0.0, ""absolute_delta"": 0.0, ""tau"": 0.00035, ""chosen_gpu"": 0}, {""model"": ""model_6"", ""current_gpu"": 0, ""best_gpu"": 0, ""current_r"": 0.038080933060554885, ""best_r"": 0.038080933060554885, ""absolute_delta"": 0.0, ""tau"": 0.00035, ""chosen_gpu"": 0}, {""model"": ""model_4"", ""current_gpu"": 0, ""best_gpu"": 1, ""current_r"": 0.08566164927793479, ""best_r"": 0.05422149213216776, ""absolute_delta"": 0.031440157145767034, ""tau"": 0.00035, ""chosen_gpu"": 1}]"
steady,10,1,59,1787610547.0117366,0.00035,0.1375219739155684,0.1375219739155684,0.05291487380146551,1+3,2+2,"{""model_3"": 1, ""model_4"": 0, ""model_5"": 0, ""model_6"": 0}","{""model_3"": 1, ""model_4"": 1, ""model_5"": 0, ""model_6"": 0}",1,model_4,True,,migration cooldown active,1,0,,,,,,4,1,0,0.05638799976694433,"[{""model"": ""model_3"", ""current_gpu"": 1, ""best_gpu"": 1, ""current_r"": 0.0, ""best_r"": 0.0, ""absolute_delta"": 0.0, ""tau"": 0.00035, ""chosen_gpu"": 1}, {""model"": ""model_5"", ""current_gpu"": 0, ""best_gpu"": 0, ""current_r"": 0.0, ""best_r"": 0.0, ""absolute_delta"": 0.0, ""tau"": 0.00035, ""chosen_gpu"": 0}, {""model"": ""model_6"", ""current_gpu"": 0, ""best_gpu"": 0, ""current_r"": 0.04719013392157674, ""best_r"": 0.04719013392157674, ""absolute_delta"": 0.0, ""tau"": 0.00035, ""chosen_gpu"": 0}, {""model"": ""model_4"", ""current_gpu"": 0, ""best_gpu"": 1, ""current_r"": 0.10930287356840984, ""best_r"": 0.05291487380146551, ""absolute_delta"": 0.05638799976694433, ""tau"": 0.00035, ""chosen_gpu"": 1}]"
steady,10,1,60,1787610552.0628297,0.00035,0.13793059048732415,0.13793059048732415,0.0410331837016205,1+3,2+2,"{""model_3"": 1, ""model_4"": 0, ""model_5"": 0, ""model_6"": 0}","{""model_3"": 1, ""model_4"": 0, ""model_5"": 0, ""model_6"": 1}",1,model_6,False,MIGRATE,literal line-8 absolute delta exceeds tau,1,0,,model_6,0,1,0.08739487167189297,4,1,0,0.009249189409028767,"[{""model"": ""model_5"", ""current_gpu"": 0, ""best_gpu"": 0, ""current_r"": 0.0, ""best_r"": 0.0, ""absolute_delta"": 0.0, ""tau"": 0.00035, ""chosen_gpu"": 0}, {""model"": ""model_3"", ""current_gpu"": 1, ""best_gpu"": 1, ""current_r"": 0.0, ""best_r"": 0.0, ""absolute_delta"": 0.0, ""tau"": 0.00035, ""chosen_gpu"": 1}, {""model"": ""model_6"", ""current_gpu"": 0, ""best_gpu"": 1, ""current_r"": 0.050282373110649266, ""best_r"": 0.0410331837016205, ""absolute_delta"": 0.009249189409028767, ""tau"": 0.00035, ""chosen_gpu"": 1}, {""model"": ""model_4"", ""current_gpu"": 0, ""best_gpu"": 0, ""current_r"": 0.050282373110649266, ""best_r"": 0.050282373110649266, ""absolute_delta"": 0.0, ""tau"": 0.00035, ""chosen_gpu"": 0}]"
steady,10,1,61,1787610557.110039,0.00035,0.09480362264332266,0.057098605312102486,0.09480362264332266,2+2,2+2,"{""model_3"": 1, ""model_4"": 0, ""model_5"": 0, ""model_6"": 1}","{""model_3"": 1, ""model_4"": 0, ""model_5"": 0, ""model_6"": 1}",0,,True,,migration cooldown active,0,0,,,,,,4,1,1,0.0,"[{""model"": ""model_3"", ""current_gpu"": 1, ""best_gpu"": 0, ""current_r"": 0.0, ""best_r"": 0.0, ""absolute_delta"": 0.0, ""tau"": 0.00035, ""chosen_gpu"": 1}, {""model"": ""model_5"", ""current_gpu"": 0, ""best_gpu"": 0, ""current_r"": 0.0, ""best_r"": 0.0, ""absolute_delta"": 0.0, ""tau"": 0.00035, ""chosen_gpu"": 0}, {""model"": ""model_6"", ""current_gpu"": 1, ""best_gpu"": 1, ""current_r"": 0.053750113990785844, ""best_r"": 0.053750113990785844, ""absolute_delta"": 0.0, ""tau"": 0.00035, ""chosen_gpu"": 1}, {""model"": ""model_4"", ""current_gpu"": 0, ""best_gpu"": 0, ""current_r"": 0.03783445156050482, ""best_r"": 0.03783445156050482, ""absolute_delta"": 0.0, ""tau"": 0.00035, ""chosen_gpu"": 0}]"
steady,10,1,62,1787610562.1707118,0.00035,0.09767353506438603,0.08718602999822439,0.09767353506438603,2+2,2+2,"{""model_3"": 1, ""model_4"": 0, ""model_5"": 0, ""model_6"": 1}","{""model_3"": 1, ""model_4"": 0, ""model_5"": 0, ""model_6"": 1}",0,,True,,migration cooldown active,0,0,,,,,,4,1,1,0.0,"[{""model"": ""model_3"", ""current_gpu"": 1, ""best_gpu"": 0, ""current_r"": 0.0, ""best_r"": 0.0, ""absolute_delta"": 0.0, ""tau"": 0.00035, ""chosen_gpu"": 1}, {""model"": ""model_5"", ""current_gpu"": 0, ""best_gpu"": 0, ""current_r"": 0.0, ""best_r"": 0.0, ""absolute_delta"": 0.0, ""tau"": 0.00035, ""chosen_gpu"": 0}, {""model"": ""model_6"", ""current_gpu"": 1, ""best_gpu"": 1, ""current_r"": 0.05427154461537878, ""best_r"": 0.05427154461537878, ""absolute_delta"": 0.0, ""tau"": 0.00035, ""chosen_gpu"": 1}, {""model"": ""model_4"", ""current_gpu"": 0, ""best_gpu"": 0, ""current_r"": 0.05884496047081019, ""best_r"": 0.05884496047081019, ""absolute_delta"": 0.0, ""tau"": 0.00035, ""chosen_gpu"": 0}]"
steady,10,1,63,1787610567.2475774,0.00035,0.12357559448961548,0.1024975729336184,0.12357559448961548,2+2,2+2,"{""model_3"": 1, ""model_4"": 0, ""model_5"": 0, ""model_6"": 1}","{""model_3"": 1, ""model_4"": 0, ""model_5"": 0, ""model_6"": 1}",0,,True,,migration cooldown active,0,0,,,,,,4,0,0,0.0,"[{""model"": ""model_5"", ""current_gpu"": 0, ""best_gpu"": 0, ""current_r"": 0.0, ""best_r"": 0.0, ""absolute_delta"": 0.0, ""tau"": 0.00035, ""chosen_gpu"": 0}, {""model"": ""model_3"", ""current_gpu"": 1, ""best_gpu"": 1, ""current_r"": 0.0, ""best_r"": 0.0, ""absolute_delta"": 0.0, ""tau"": 0.00035, ""chosen_gpu"": 1}, {""model"": ""model_6"", ""current_gpu"": 1, ""best_gpu"": 1, ""current_r"": 0.05290386159699929, ""best_r"": 0.05290386159699929, ""absolute_delta"": 0.0, ""tau"": 0.00035, ""chosen_gpu"": 1}, {""model"": ""model_4"", ""current_gpu"": 0, ""best_gpu"": 0, ""current_r"": 0.07045177579625911, ""best_r"": 0.07045177579625911, ""absolute_delta"": 0.0, ""tau"": 0.00035, ""chosen_gpu"": 0}]"
steady,10,1,64,1787610572.3472095,0.00035,0.13177936902982482,0.08534857585539482,0.13177936902982482,2+2,2+2,"{""model_3"": 1, ""model_4"": 0, ""model_5"": 0, ""model_6"": 1}","{""model_3"": 1, ""model_4"": 0, ""model_5"": 0, ""model_6"": 1}",0,,True,,migration cooldown active,0,0,,,,,,4,1,1,0.0,"[{""model"": ""model_3"", ""current_gpu"": 1, ""best_gpu"": 0, ""current_r"": 0.0, ""best_r"": 0.0, ""absolute_delta"": 0.0, ""tau"": 0.00035, ""chosen_gpu"": 1}, {""model"": ""model_5"", ""current_gpu"": 0, ""best_gpu"": 0, ""current_r"": 0.0, ""best_r"": 0.0, ""absolute_delta"": 0.0, ""tau"": 0.00035, ""chosen_gpu"": 0}, {""model"": ""model_6"", ""current_gpu"": 1, ""best_gpu"": 1, ""current_r"": 0.06619069876908752, ""best_r"": 0.06619069876908752, ""absolute_delta"": 0.0, ""tau"": 0.00035, ""chosen_gpu"": 1}, {""model"": ""model_4"", ""current_gpu"": 0, ""best_gpu"": 0, ""current_r"": 0.05666983484527187, ""best_r"": 0.05666983484527187, ""absolute_delta"": 0.0, ""tau"": 0.00035, ""chosen_gpu"": 0}]"
steady,10,1,65,1787610577.4278083,0.00035,0.11817746360558773,0.06322699147004632,0.11817746360558773,2+2,2+2,"{""model_3"": 1, ""model_4"": 0, ""model_5"": 0, ""model_6"": 1}","{""model_3"": 1, ""model_4"": 0, ""model_5"": 0, ""model_6"": 1}",0,,True,,migration cooldown active,0,0,,,,,,4,1,1,0.0,"[{""model"": ""model_3"", ""current_gpu"": 1, ""best_gpu"": 0, ""current_r"": 0.0, ""best_r"": 0.0, ""absolute_delta"": 0.0, ""tau"": 0.00035, ""chosen_gpu"": 1}, {""model"": ""model_6"", ""current_gpu"": 1, ""best_gpu"": 1, ""current_r"": 0.05559986582824691, ""best_r"": 0.05559986582824691, ""absolute_delta"": 0.0, ""tau"": 0.00035, ""chosen_gpu"": 1}, {""model"": ""model_5"", ""current_gpu"": 0, ""best_gpu"": 0, ""current_r"": 0.0, ""best_r"": 0.0, ""absolute_delta"": 0.0, ""tau"": 0.00035, ""chosen_gpu"": 0}, {""model"": ""model_4"", ""current_gpu"": 0, ""best_gpu"": 0, ""current_r"": 0.044865799497733914, ""best_r"": 0.044865799497733914, ""absolute_delta"": 0.0, ""tau"": 0.00035, ""chosen_gpu"": 0}]"
steady,10,1,66,1787610582.4822345,0.00035,0.10317536931405501,0.0581301091766997,0.10317536931405501,2+2,2+2,"{""model_3"": 1, ""model_4"": 0, ""model_5"": 0, ""model_6"": 1}","{""model_3"": 1, ""model_4"": 0, ""model_5"": 0, ""model_6"": 1}",0,,False,,line-8 placement unchanged or every candidate blocked,0,0,,,,,,4,1,1,0.0,"[{""model"": ""model_3"", ""current_gpu"": 1, ""best_gpu"": 0, ""current_r"": 0.0, ""best_r"": 0.0, ""absolute_delta"": 0.0, ""tau"": 0.00035, ""chosen_gpu"": 1}, {""model"": ""model_6"", ""current_gpu"": 1, ""best_gpu"": 1, ""current_r"": 0.04515643600722771, ""best_r"": 0.04515643600722771, ""absolute_delta"": 0.0, ""tau"": 0.00035, ""chosen_gpu"": 1}, {""model"": ""model_5"", ""current_gpu"": 0, ""best_gpu"": 0, ""current_r"": 0.0, ""best_r"": 0.0, ""absolute_delta"": 0.0, ""tau"": 0.00035, ""chosen_gpu"": 0}, {""model"": ""model_4"", ""current_gpu"": 0, ""best_gpu"": 0, ""current_r"": 0.03845522648147832, ""best_r"": 0.03845522648147832, ""absolute_delta"": 0.0, ""tau"": 0.00035, ""chosen_gpu"": 0}]"
steady,10,1,67,1787610587.5389197,0.00035,0.10662967893198728,0.06170476522185656,0.10662967893198728,2+2,2+2,"{""model_3"": 1, ""model_4"": 0, ""model_5"": 0, ""model_6"": 1}","{""model_3"": 1, ""model_4"": 0, ""model_5"": 0, ""model_6"": 1}",0,,False,,line-8 placement unchanged or every candidate blocked,0,0,,,,,,4,1,1,0.0,"[{""model"": ""model_3"", ""current_gpu"": 1, ""best_gpu"": 0, ""current_r"": 0.0, ""best_r"": 0.0, ""absolute_delta"": 0.0, ""tau"": 0.00035, ""chosen_gpu"": 1}, {""model"": ""model_6"", ""current_gpu"": 1, ""best_gpu"": 1, ""current_r"": 0.04692975237688316, ""best_r"": 0.04692975237688316, ""absolute_delta"": 0.0, ""tau"": 0.00035, ""chosen_gpu"": 1}, {""model"": ""model_5"", ""current_gpu"": 0, ""best_gpu"": 0, ""current_r"": 0.0, ""best_r"": 0.0, ""absolute_delta"": 0.0, ""tau"": 0.00035, ""chosen_gpu"": 0}, {""model"": ""model_4"", ""current_gpu"": 0, ""best_gpu"": 0, ""current_r"": 0.04390912265800398, ""best_r"": 0.04390912265800398, ""absolute_delta"": 0.0, ""tau"": 0.00035, ""chosen_gpu"": 0}]"
steady,10,1,68,1787610592.5977767,0.00035,0.1136073067891672,0.05485257084767322,0.1136073067891672,2+2,2+2,"{""model_3"": 1, ""model_4"": 0, ""model_5"": 0, ""model_6"": 1}","{""model_3"": 1, ""model_4"": 0, ""model_5"": 0, ""model_6"": 1}",0,,False,,line-8 placement unchanged or every candidate blocked,0,0,,,,,,4,1,1,0.0,"[{""model"": ""model_3"", ""current_gpu"": 1, ""best_gpu"": 0, ""current_r"": 0.0, ""best_r"": 0.0, ""absolute_delta"": 0.0, ""tau"": 0.00035, ""chosen_gpu"": 1}, {""model"": ""model_6"", ""current_gpu"": 1, ""best_gpu"": 1, ""current_r"": 0.05399444047018893, ""best_r"": 0.05399444047018893, ""absolute_delta"": 0.0, ""tau"": 0.00035, ""chosen_gpu"": 1}, {""model"": ""model_5"", ""current_gpu"": 0, ""best_gpu"": 0, ""current_r"": 0.0, ""best_r"": 0.0, ""absolute_delta"": 0.0, ""tau"": 0.00035, ""chosen_gpu"": 0}, {""model"": ""model_4"", ""current_gpu"": 0, ""best_gpu"": 0, ""current_r"": 0.03865402131108974, ""best_r"": 0.03865402131108974, ""absolute_delta"": 0.0, ""tau"": 0.00035, ""chosen_gpu"": 0}]"
steady,10,1,69,1787610597.655037,0.00035,0.11150600108145764,0.05316549688134904,0.11150600108145764,2+2,2+2,"{""model_3"": 1, ""model_4"": 0, ""model_5"": 0, ""model_6"": 1}","{""model_3"": 1, ""model_4"": 0, ""model_5"": 0, ""model_6"": 1}",0,,False,,line-8 placement unchanged or every candidate blocked,0,0,,,,,,4,1,1,0.0,"[{""model"": ""model_3"", ""current_gpu"": 1, ""best_gpu"": 0, ""current_r"": 0.0, ""best_r"": 0.0, ""absolute_delta"": 0.0, ""tau"": 0.00035, ""chosen_gpu"": 1}, {""model"": ""model_6"", ""current_gpu"": 1, ""best_gpu"": 1, ""current_r"": 0.04872958662830931, ""best_r"": 0.04872958662830931, ""absolute_delta"": 0.0, ""tau"": 0.00035, ""chosen_gpu"": 1}, {""model"": ""model_5"", ""current_gpu"": 0, ""best_gpu"": 0, ""current_r"": 0.0, ""best_r"": 0.0, ""absolute_delta"": 0.0, ""tau"": 0.00035, ""chosen_gpu"": 0}, {""model"": ""model_4"", ""current_gpu"": 0, ""best_gpu"": 0, ""current_r"": 0.037661507383442955, ""best_r"": 0.037661507383442955, ""absolute_delta"": 0.0, ""tau"": 0.00035, ""chosen_gpu"": 0}]"
steady,10,1,70,1787610602.7134223,0.00035,0.11981467121539359,0.06397822666140188,0.11981467121539359,2+2,2+2,"{""model_3"": 1, ""model_4"": 0, ""model_5"": 0, ""model_6"": 1}","{""model_3"": 1, ""model_4"": 0, ""model_5"": 0, ""model_6"": 1}",0,,False,,line-8 placement unchanged or every candidate blocked,0,0,,,,,,4,1,1,0.0,"[{""model"": ""model_3"", ""current_gpu"": 1, ""best_gpu"": 0, ""current_r"": 0.0, ""best_r"": 0.0, ""absolute_delta"": 0.0, ""tau"": 0.00035, ""chosen_gpu"": 1}, {""model"": ""model_6"", ""current_gpu"": 1, ""best_gpu"": 1, ""current_r"": 0.05525739976012675, ""best_r"": 0.05525739976012675, ""absolute_delta"": 0.0, ""tau"": 0.00035, ""chosen_gpu"": 1}, {""model"": ""model_5"", ""current_gpu"": 0, ""best_gpu"": 0, ""current_r"": 0.0, ""best_r"": 0.0, ""absolute_delta"": 0.0, ""tau"": 0.00035, ""chosen_gpu"": 0}, {""model"": ""model_4"", ""current_gpu"": 0, ""best_gpu"": 0, ""current_r"": 0.046502705366778224, ""best_r"": 0.046502705366778224, ""absolute_delta"": 0.0, ""tau"": 0.00035, ""chosen_gpu"": 0}]"
steady,10,1,71,1787610607.7723129,0.00035,0.13115718501390833,0.06440087497430122,0.13115718501390833,2+2,2+2,"{""model_3"": 1, ""model_4"": 0, ""model_5"": 0, ""model_6"": 1}","{""model_3"": 1, ""model_4"": 0, ""model_5"": 0, ""model_6"": 1}",0,,False,,line-8 placement unchanged or every candidate blocked,0,0,,,,,,4,1,1,0.0,"[{""model"": ""model_3"", ""current_gpu"": 1, ""best_gpu"": 0, ""current_r"": 0.0, ""best_r"": 0.0, ""absolute_delta"": 0.0, ""tau"": 0.00035, ""chosen_gpu"": 1}, {""model"": ""model_5"", ""current_gpu"": 0, ""best_gpu"": 0, ""current_r"": 0.0, ""best_r"": 0.0, ""absolute_delta"": 0.0, ""tau"": 0.00035, ""chosen_gpu"": 0}, {""model"": ""model_6"", ""current_gpu"": 1, ""best_gpu"": 1, ""current_r"": 0.06565055272247028, ""best_r"": 0.06565055272247028, ""absolute_delta"": 0.0, ""tau"": 0.00035, ""chosen_gpu"": 1}, {""model"": ""model_4"", ""current_gpu"": 0, ""best_gpu"": 0, ""current_r"": 0.04836547797805309, ""best_r"": 0.04836547797805309, ""absolute_delta"": 0.0, ""tau"": 0.00035, ""chosen_gpu"": 0}]"
steady,10,1,72,1787610612.8323185,0.00035,0.13447204192954731,0.05919928215441875,0.13447204192954731,2+2,2+2,"{""model_3"": 1, ""model_4"": 0, ""model_5"": 0, ""model_6"": 1}","{""model_3"": 1, ""model_4"": 0, ""model_5"": 0, ""model_6"": 1}",0,,False,,line-8 placement unchanged or every candidate blocked,0,0,,,,,,4,1,1,0.0,"[{""model"": ""model_3"", ""current_gpu"": 1, ""best_gpu"": 0, ""current_r"": 0.0, ""best_r"": 0.0, ""absolute_delta"": 0.0, ""tau"": 0.00035, ""chosen_gpu"": 1}, {""model"": ""model_6"", ""current_gpu"": 1, ""best_gpu"": 1, ""current_r"": 0.06641533747656601, ""best_r"": 0.06641533747656601, ""absolute_delta"": 0.0, ""tau"": 0.00035, ""chosen_gpu"": 1}, {""model"": ""model_5"", ""current_gpu"": 0, ""best_gpu"": 0, ""current_r"": 0.0, ""best_r"": 0.0, ""absolute_delta"": 0.0, ""tau"": 0.00035, ""chosen_gpu"": 0}, {""model"": ""model_4"", ""current_gpu"": 0, ""best_gpu"": 0, ""current_r"": 0.04387523217167144, ""best_r"": 0.04387523217167144, ""absolute_delta"": 0.0, ""tau"": 0.00035, ""chosen_gpu"": 0}]"
steady,10,1,73,1787610617.9121945,0.00035,0.11391623119156181,0.05968178156677498,0.11391623119156181,2+2,2+2,"{""model_3"": 1, ""model_4"": 0, ""model_5"": 0, ""model_6"": 1}","{""model_3"": 1, ""model_4"": 0, ""model_5"": 0, ""model_6"": 1}",0,,False,,line-8 placement unchanged or every candidate blocked,0,0,,,,,,4,1,1,0.0,"[{""model"": ""model_3"", ""current_gpu"": 1, ""best_gpu"": 0, ""current_r"": 0.0, ""best_r"": 0.0, ""absolute_delta"": 0.0, ""tau"": 0.00035, ""chosen_gpu"": 1}, {""model"": ""model_5"", ""current_gpu"": 0, ""best_gpu"": 0, ""current_r"": 0.0, ""best_r"": 0.0, ""absolute_delta"": 0.0, ""tau"": 0.00035, ""chosen_gpu"": 0}, {""model"": ""model_6"", ""current_gpu"": 1, ""best_gpu"": 1, ""current_r"": 0.05731180493522102, ""best_r"": 0.05731180493522102, ""absolute_delta"": 0.0, ""tau"": 0.00035, ""chosen_gpu"": 1}, {""model"": ""model_4"", ""current_gpu"": 0, ""best_gpu"": 0, ""current_r"": 0.04324806987808849, ""best_r"": 0.04324806987808849, ""absolute_delta"": 0.0, ""tau"": 0.00035, ""chosen_gpu"": 0}]"
steady,10,1,74,1787610623.2815397,0.00035,0.12775454909426787,0.07488690995344292,0.12775454909426787,2+2,2+2,"{""model_3"": 1, ""model_4"": 0, ""model_5"": 0, ""model_6"": 1}","{""model_3"": 1, ""model_4"": 0, ""model_5"": 0, ""model_6"": 1}",0,,False,,line-8 placement unchanged or every candidate blocked,0,0,,,,,,4,1,1,0.0,"[{""model"": ""model_3"", ""current_gpu"": 1, ""best_gpu"": 0, ""current_r"": 0.0, ""best_r"": 0.0, ""absolute_delta"": 0.0, ""tau"": 0.00035, ""chosen_gpu"": 1}, {""model"": ""model_5"", ""current_gpu"": 0, ""best_gpu"": 0, ""current_r"": 0.0, ""best_r"": 0.0, ""absolute_delta"": 0.0, ""tau"": 0.00035, ""chosen_gpu"": 0}, {""model"": ""model_6"", ""current_gpu"": 1, ""best_gpu"": 1, ""current_r"": 0.06782317519116152, ""best_r"": 0.06782317519116152, ""absolute_delta"": 0.0, ""tau"": 0.00035, ""chosen_gpu"": 1}, {""model"": ""model_4"", ""current_gpu"": 0, ""best_gpu"": 0, ""current_r"": 0.056429503238387316, ""best_r"": 0.056429503238387316, ""absolute_delta"": 0.0, ""tau"": 0.00035, ""chosen_gpu"": 0}]"
steady,10,1,75,1787610628.3466697,0.00035,0.11903279099763288,0.07023604183143362,0.11903279099763288,2+2,2+2,"{""model_3"": 1, ""model_4"": 0, ""model_5"": 0, ""model_6"": 1}","{""model_3"": 1, ""model_4"": 0, ""model_5"": 0, ""model_6"": 1}",0,,False,,line-8 placement unchanged or every candidate blocked,0,0,,,,,,4,1,1,0.0,"[{""model"": ""model_3"", ""current_gpu"": 1, ""best_gpu"": 0, ""current_r"": 0.0, ""best_r"": 0.0, ""absolute_delta"": 0.0, ""tau"": 0.00035, ""chosen_gpu"": 1}, {""model"": ""model_5"", ""current_gpu"": 0, ""best_gpu"": 0, ""current_r"": 0.0, ""best_r"": 0.0, ""absolute_delta"": 0.0, ""tau"": 0.00035, ""chosen_gpu"": 0}, {""model"": ""model_6"", ""current_gpu"": 1, ""best_gpu"": 1, ""current_r"": 0.061275682170840076, ""best_r"": 0.061275682170840076, ""absolute_delta"": 0.0, ""tau"": 0.00035, ""chosen_gpu"": 1}, {""model"": ""model_4"", ""current_gpu"": 0, ""best_gpu"": 0, ""current_r"": 0.05156432028181151, ""best_r"": 0.05156432028181151, ""absolute_delta"": 0.0, ""tau"": 0.00035, ""chosen_gpu"": 0}]"
steady,10,1,76,1787610633.407417,0.00035,0.11008680174124624,0.07591548358988576,0.11008680174124624,2+2,2+2,"{""model_3"": 1, ""model_4"": 0, ""model_5"": 0, ""model_6"": 1}","{""model_3"": 1, ""model_4"": 0, ""model_5"": 0, ""model_6"": 1}",0,,False,,line-8 placement unchanged or every candidate blocked,0,0,,,,,,4,1,1,0.0,"[{""model"": ""model_3"", ""current_gpu"": 1, ""best_gpu"": 0, ""current_r"": 0.0, ""best_r"": 0.0, ""absolute_delta"": 0.0, ""tau"": 0.00035, ""chosen_gpu"": 1}, {""model"": ""model_5"", ""current_gpu"": 0, ""best_gpu"": 0, ""current_r"": 0.0, ""best_r"": 0.0, ""absolute_delta"": 0.0, ""tau"": 0.00035, ""chosen_gpu"": 0}, {""model"": ""model_6"", ""current_gpu"": 1, ""best_gpu"": 1, ""current_r"": 0.05721084431952975, ""best_r"": 0.05721084431952975, ""absolute_delta"": 0.0, ""tau"": 0.00035, ""chosen_gpu"": 1}, {""model"": ""model_4"", ""current_gpu"": 0, ""best_gpu"": 0, ""current_r"": 0.05515379207651352, ""best_r"": 0.05515379207651352, ""absolute_delta"": 0.0, ""tau"": 0.00035, ""chosen_gpu"": 0}]"
steady,10,1,77,1787610638.4952052,0.00035,0.11289984441688611,0.07854866226216382,0.11289984441688611,2+2,2+2,"{""model_3"": 1, ""model_4"": 0, ""model_5"": 0, ""model_6"": 1}","{""model_3"": 1, ""model_4"": 0, ""model_5"": 0, ""model_6"": 1}",0,,False,,line-8 placement unchanged or every candidate blocked,0,0,,,,,,4,1,1,0.0,"[{""model"": ""model_3"", ""current_gpu"": 1, ""best_gpu"": 0, ""current_r"": 0.0, ""best_r"": 0.0, ""absolute_delta"": 0.0, ""tau"": 0.00035, ""chosen_gpu"": 1}, {""model"": ""model_5"", ""current_gpu"": 0, ""best_gpu"": 0, ""current_r"": 0.0, ""best_r"": 0.0, ""absolute_delta"": 0.0, ""tau"": 0.00035, ""chosen_gpu"": 0}, {""model"": ""model_6"", ""current_gpu"": 1, ""best_gpu"": 1, ""current_r"": 0.06261580021659681, ""best_r"": 0.06261580021659681, ""absolute_delta"": 0.0, ""tau"": 0.00035, ""chosen_gpu"": 1}, {""model"": ""model_4"", ""current_gpu"": 0, ""best_gpu"": 0, ""current_r"": 0.06159222947754453, ""best_r"": 0.06159222947754453, ""absolute_delta"": 0.0, ""tau"": 0.00035, ""chosen_gpu"": 0}]"
steady,10,1,78,1787610643.5784388,0.00035,0.10805205477822796,0.0661560318614077,0.10805205477822796,2+2,2+2,"{""model_3"": 1, ""model_4"": 0, ""model_5"": 0, ""model_6"": 1}","{""model_3"": 1, ""model_4"": 0, ""model_5"": 0, ""model_6"": 1}",0,,False,,line-8 placement unchanged or every candidate blocked,0,0,,,,,,4,1,1,0.0,"[{""model"": ""model_3"", ""current_gpu"": 1, ""best_gpu"": 0, ""current_r"": 0.0, ""best_r"": 0.0, ""absolute_delta"": 0.0, ""tau"": 0.00035, ""chosen_gpu"": 1}, {""model"": ""model_5"", ""current_gpu"": 0, ""best_gpu"": 0, ""current_r"": 0.0, ""best_r"": 0.0, ""absolute_delta"": 0.0, ""tau"": 0.00035, ""chosen_gpu"": 0}, {""model"": ""model_6"", ""current_gpu"": 1, ""best_gpu"": 1, ""current_r"": 0.054916752589757145, ""best_r"": 0.054916752589757145, ""absolute_delta"": 0.0, ""tau"": 0.00035, ""chosen_gpu"": 1}, {""model"": ""model_4"", ""current_gpu"": 0, ""best_gpu"": 0, ""current_r"": 0.05132742977385564, ""best_r"": 0.05132742977385564, ""absolute_delta"": 0.0, ""tau"": 0.00035, ""chosen_gpu"": 0}]"
steady,10,1,79,1787610648.65029,0.00035,0.12092425671918337,0.06670265087765789,0.12092425671918337,2+2,2+2,"{""model_3"": 1, ""model_4"": 0, ""model_5"": 0, ""model_6"": 1}","{""model_3"": 1, ""model_4"": 0, ""model_5"": 0, ""model_6"": 1}",0,,False,,line-8 placement unchanged or every candidate blocked,0,0,,,,,,4,1,1,0.0,"[{""model"": ""model_3"", ""current_gpu"": 1, ""best_gpu"": 0, ""current_r"": 0.0, ""best_r"": 0.0, ""absolute_delta"": 0.0, ""tau"": 0.00035, ""chosen_gpu"": 1}, {""model"": ""model_5"", ""current_gpu"": 0, ""best_gpu"": 0, ""current_r"": 0.0, ""best_r"": 0.0, ""absolute_delta"": 0.0, ""tau"": 0.00035, ""chosen_gpu"": 0}, {""model"": ""model_6"", ""current_gpu"": 1, ""best_gpu"": 1, ""current_r"": 0.06811387288037331, ""best_r"": 0.06811387288037331, ""absolute_delta"": 0.0, ""tau"": 0.00035, ""chosen_gpu"": 1}, {""model"": ""model_4"", ""current_gpu"": 0, ""best_gpu"": 0, ""current_r"": 0.052323497986770016, ""best_r"": 0.052323497986770016, ""absolute_delta"": 0.0, ""tau"": 0.00035, ""chosen_gpu"": 0}]"
steady,10,1,80,1787610653.723212,0.00035,0.13626675384038514,0.06378497687204644,0.13626675384038514,2+2,2+2,"{""model_3"": 1, ""model_4"": 0, ""model_5"": 0, ""model_6"": 1}","{""model_3"": 1, ""model_4"": 0, ""model_5"": 0, ""model_6"": 1}",0,,False,,line-8 placement unchanged or every candidate blocked,0,0,,,,,,4,1,1,0.0,"[{""model"": ""model_3"", ""current_gpu"": 1, ""best_gpu"": 0, ""current_r"": 0.0, ""best_r"": 0.0, ""absolute_delta"": 0.0, ""tau"": 0.00035, ""chosen_gpu"": 1}, {""model"": ""model_5"", ""current_gpu"": 0, ""best_gpu"": 0, ""current_r"": 0.0, ""best_r"": 0.0, ""absolute_delta"": 0.0, ""tau"": 0.00035, ""chosen_gpu"": 0}, {""model"": ""model_6"", ""current_gpu"": 1, ""best_gpu"": 1, ""current_r"": 0.07647491391303565, ""best_r"": 0.07647491391303565, ""absolute_delta"": 0.0, ""tau"": 0.00035, ""chosen_gpu"": 1}, {""model"": ""model_4"", ""current_gpu"": 0, ""best_gpu"": 0, ""current_r"": 0.048067107853360165, ""best_r"": 0.048067107853360165, ""absolute_delta"": 0.0, ""tau"": 0.00035, ""chosen_gpu"": 0}]"
steady,10,1,81,1787610658.788572,0.00035,0.11606429957833267,0.06678518269641873,0.11606429957833267,2+2,2+2,"{""model_3"": 1, ""model_4"": 0, ""model_5"": 0, ""model_6"": 1}","{""model_3"": 1, ""model_4"": 0, ""model_5"": 0, ""model_6"": 1}",0,,False,,line-8 placement unchanged or every candidate blocked,0,0,,,,,,4,1,1,0.0,"[{""model"": ""model_3"", ""current_gpu"": 1, ""best_gpu"": 0, ""current_r"": 0.0, ""best_r"": 0.0, ""absolute_delta"": 0.0, ""tau"": 0.00035, ""chosen_gpu"": 1}, {""model"": ""model_5"", ""current_gpu"": 0, ""best_gpu"": 0, ""current_r"": 0.0, ""best_r"": 0.0, ""absolute_delta"": 0.0, ""tau"": 0.00035, ""chosen_gpu"": 0}, {""model"": ""model_6"", ""current_gpu"": 1, ""best_gpu"": 1, ""current_r"": 0.06631554263410123, ""best_r"": 0.06631554263410123, ""absolute_delta"": 0.0, ""tau"": 0.00035, ""chosen_gpu"": 1}, {""model"": ""model_4"", ""current_gpu"": 0, ""best_gpu"": 0, ""current_r"": 0.05203917644224164, ""best_r"": 0.05203917644224164, ""absolute_delta"": 0.0, ""tau"": 0.00035, ""chosen_gpu"": 0}]"
steady,10,1,82,1787610663.8548074,0.00035,0.10838077351774406,0.0629035776573857,0.10838077351774406,2+2,2+2,"{""model_3"": 1, ""model_4"": 0, ""model_5"": 0, ""model_6"": 1}","{""model_3"": 1, ""model_4"": 0, ""model_5"": 0, ""model_6"": 1}",0,,False,,line-8 placement unchanged or every candidate blocked,0,0,,,,,,4,1,1,0.0,"[{""model"": ""model_3"", ""current_gpu"": 1, ""best_gpu"": 0, ""current_r"": 0.0, ""best_r"": 0.0, ""absolute_delta"": 0.0, ""tau"": 0.00035, ""chosen_gpu"": 1}, {""model"": ""model_5"", ""current_gpu"": 0, ""best_gpu"": 0, ""current_r"": 0.0, ""best_r"": 0.0, ""absolute_delta"": 0.0, ""tau"": 0.00035, ""chosen_gpu"": 0}, {""model"": ""model_6"", ""current_gpu"": 1, ""best_gpu"": 1, ""current_r"": 0.05189397651902275, ""best_r"": 0.05189397651902275, ""absolute_delta"": 0.0, ""tau"": 0.00035, ""chosen_gpu"": 1}, {""model"": ""model_4"", ""current_gpu"": 0, ""best_gpu"": 0, ""current_r"": 0.04564417378888177, ""best_r"": 0.04564417378888177, ""absolute_delta"": 0.0, ""tau"": 0.00035, ""chosen_gpu"": 0}]"
steady,10,1,83,1787610668.9222827,0.00035,0.09500623796681454,0.042761381577914745,0.09500623796681454,2+2,2+2,"{""model_3"": 1, ""model_4"": 0, ""model_5"": 0, ""model_6"": 1}","{""model_3"": 1, ""model_4"": 0, ""model_5"": 0, ""model_6"": 1}",0,,False,,line-8 placement unchanged or every candidate blocked,0,0,,,,,,4,1,1,0.0,"[{""model"": ""model_3"", ""current_gpu"": 1, ""best_gpu"": 0, ""current_r"": 0.0, ""best_r"": 0.0, ""absolute_delta"": 0.0, ""tau"": 0.00035, ""chosen_gpu"": 1}, {""model"": ""model_6"", ""current_gpu"": 1, ""best_gpu"": 1, ""current_r"": 0.039102175529503326, ""best_r"": 0.039102175529503326, ""absolute_delta"": 0.0, ""tau"": 0.00035, ""chosen_gpu"": 1}, {""model"": ""model_5"", ""current_gpu"": 0, ""best_gpu"": 0, ""current_r"": 0.0, ""best_r"": 0.0, ""absolute_delta"": 0.0, ""tau"": 0.00035, ""chosen_gpu"": 0}, {""model"": ""model_4"", ""current_gpu"": 0, ""best_gpu"": 0, ""current_r"": 0.027802046641611435, ""best_r"": 0.027802046641611435, ""absolute_delta"": 0.0, ""tau"": 0.00035, ""chosen_gpu"": 0}]"
steady,10,1,84,1787610673.9936876,0.00035,0.07034549093141866,0.030951021660026026,0.07034549093141866,2+2,2+2,"{""model_3"": 1, ""model_4"": 0, ""model_5"": 0, ""model_6"": 1}","{""model_3"": 1, ""model_4"": 0, ""model_5"": 0, ""model_6"": 1}",0,,False,,line-8 placement unchanged or every candidate blocked,0,0,,,,,,4,1,1,0.0,"[{""model"": ""model_3"", ""current_gpu"": 1, ""best_gpu"": 0, ""current_r"": 0.0, ""best_r"": 0.0, ""absolute_delta"": 0.0, ""tau"": 0.00035, ""chosen_gpu"": 1}, {""model"": ""model_6"", ""current_gpu"": 1, ""best_gpu"": 1, ""current_r"": 0.030510542208634445, ""best_r"": 0.030510542208634445, ""absolute_delta"": 0.0, ""tau"": 0.00035, ""chosen_gpu"": 1}, {""model"": ""model_5"", ""current_gpu"": 0, ""best_gpu"": 0, ""current_r"": 0.0, ""best_r"": 0.0, ""absolute_delta"": 0.0, ""tau"": 0.00035, ""chosen_gpu"": 0}, {""model"": ""model_4"", ""current_gpu"": 0, ""best_gpu"": 0, ""current_r"": 0.021672568194407823, ""best_r"": 0.021672568194407823, ""absolute_delta"": 0.0, ""tau"": 0.00035, ""chosen_gpu"": 0}]"
steady,10,2,1,1787620544.6456113,0.00035,0.0001478112968174651,0.0,0.0001478112968174651,2+2,2+2,"{""model_3"": 1, ""model_4"": 0, ""model_5"": 0, ""model_6"": 1}","{""model_3"": 1, ""model_4"": 0, ""model_5"": 0, ""model_6"": 1}",0,,False,,line-8 placement unchanged or every candidate blocked,0,0,,,,,,4,2,2,0.00013416015259667082,"[{""model"": ""model_6"", ""current_gpu"": 1, ""best_gpu"": 0, ""current_r"": 0.0, ""best_r"": 0.0, ""absolute_delta"": 0.0, ""tau"": 0.00035, ""chosen_gpu"": 1}, {""model"": ""model_3"", ""current_gpu"": 1, ""best_gpu"": 0, ""current_r"": 0.00013416015259667082, ""best_r"": 0.0, ""absolute_delta"": 0.00013416015259667082, ""tau"": 0.00035, ""chosen_gpu"": 1}, {""model"": ""model_4"", ""current_gpu"": 0, ""best_gpu"": 0, ""current_r"": 0.0, ""best_r"": 0.0, ""absolute_delta"": 0.0, ""tau"": 0.00035, ""chosen_gpu"": 0}, {""model"": ""model_5"", ""current_gpu"": 0, ""best_gpu"": 0, ""current_r"": 0.0, ""best_r"": 0.0, ""absolute_delta"": 0.0, ""tau"": 0.00035, ""chosen_gpu"": 0}]"
steady,10,2,2,1787620549.66283,0.00035,0.039407223704543394,0.039407223704543394,0.02457723161135567,2+2,1+3,"{""model_3"": 1, ""model_4"": 0, ""model_5"": 0, ""model_6"": 1}","{""model_3"": 1, ""model_4"": 1, ""model_5"": 0, ""model_6"": 1}",1,model_4,False,MIGRATE,literal line-8 absolute delta exceeds tau,1,0,,model_4,0,1,0.03396974533263755,4,1,0,0.009392513721281883,"[{""model"": ""model_5"", ""current_gpu"": 0, ""best_gpu"": 0, ""current_r"": 0.0, ""best_r"": 0.0, ""absolute_delta"": 0.0, ""tau"": 0.00035, ""chosen_gpu"": 0}, {""model"": ""model_3"", ""current_gpu"": 1, ""best_gpu"": 1, ""current_r"": 0.0, ""best_r"": 0.0, ""absolute_delta"": 0.0, ""tau"": 0.00035, ""chosen_gpu"": 1}, {""model"": ""model_6"", ""current_gpu"": 1, ""best_gpu"": 1, ""current_r"": 0.013404572948101632, ""best_r"": 0.013404572948101632, ""absolute_delta"": 0.0, ""tau"": 0.00035, ""chosen_gpu"": 1}, {""model"": ""model_4"", ""current_gpu"": 0, ""best_gpu"": 1, ""current_r"": 0.03396974533263755, ""best_r"": 0.02457723161135567, ""absolute_delta"": 0.009392513721281883, ""tau"": 0.00035, ""chosen_gpu"": 1}]"
steady,10,2,3,1787620554.6668968,0.00035,0.058608991253500504,0.058608991253500504,0.043576189242884825,1+3,1+3,"{""model_3"": 1, ""model_4"": 1, ""model_5"": 0, ""model_6"": 1}","{""model_3"": 1, ""model_4"": 1, ""model_5"": 0, ""model_6"": 1}",0,,True,,migration cooldown active,0,0,,,,,,4,0,0,0.0,"[{""model"": ""model_5"", ""current_gpu"": 0, ""best_gpu"": 0, ""current_r"": 0.0, ""best_r"": 0.0, ""absolute_delta"": 0.0, ""tau"": 0.00035, ""chosen_gpu"": 0}, {""model"": ""model_3"", ""current_gpu"": 1, ""best_gpu"": 1, ""current_r"": 0.0, ""best_r"": 0.0, ""absolute_delta"": 0.0, ""tau"": 0.00035, ""chosen_gpu"": 1}, {""model"": ""model_6"", ""current_gpu"": 1, ""best_gpu"": 1, ""current_r"": 0.020868085803609823, ""best_r"": 0.020868085803609823, ""absolute_delta"": 0.0, ""tau"": 0.00035, ""chosen_gpu"": 1}, {""model"": ""model_4"", ""current_gpu"": 1, ""best_gpu"": 1, ""current_r"": 0.03751621789792947, ""best_r"": 0.03751621789792947, ""absolute_delta"": 0.0, ""tau"": 0.00035, ""chosen_gpu"": 1}]"
steady,10,2,4,1787620559.6774251,0.00035,0.08947034556893566,0.08947034556893566,0.05105784456102903,1+3,1+3,"{""model_3"": 1, ""model_4"": 1, ""model_5"": 0, ""model_6"": 1}","{""model_3"": 1, ""model_4"": 1, ""model_5"": 0, ""model_6"": 1}",0,,True,,migration cooldown active,0,0,,,,,,4,0,0,0.0,"[{""model"": ""model_5"", ""current_gpu"": 0, ""best_gpu"": 0, ""current_r"": 0.0, ""best_r"": 0.0, ""absolute_delta"": 0.0, ""tau"": 0.00035, ""chosen_gpu"": 0}, {""model"": ""model_3"", ""current_gpu"": 1, ""best_gpu"": 1, ""current_r"": 0.0, ""best_r"": 0.0, ""absolute_delta"": 0.0, ""tau"": 0.00035, ""chosen_gpu"": 1}, {""model"": ""model_6"", ""current_gpu"": 1, ""best_gpu"": 1, ""current_r"": 0.020288443951751944, ""best_r"": 0.020288443951751944, ""absolute_delta"": 0.0, ""tau"": 0.00035, ""chosen_gpu"": 1}, {""model"": ""model_4"", ""current_gpu"": 1, ""best_gpu"": 1, ""current_r"": 0.04052516203789568, ""best_r"": 0.04052516203789568, ""absolute_delta"": 0.0, ""tau"": 0.00035, ""chosen_gpu"": 1}]"
steady,10,2,5,1787620564.6868343,0.00035,0.07617380825807353,0.06192316194742243,0.07617380825807353,1+3,2+2,"{""model_3"": 1, ""model_4"": 1, ""model_5"": 0, ""model_6"": 1}","{""model_3"": 1, ""model_4"": 0, ""model_5"": 0, ""model_6"": 1}",1,model_4,True,,migration cooldown active,1,0,,,,,,4,1,0,0.000418445492882398,"[{""model"": ""model_5"", ""current_gpu"": 0, ""best_gpu"": 0, ""current_r"": 0.0, ""best_r"": 0.0, ""absolute_delta"": 0.0, ""tau"": 0.00035, ""chosen_gpu"": 0}, {""model"": ""model_3"", ""current_gpu"": 1, ""best_gpu"": 1, ""current_r"": 0.0, ""best_r"": 0.0, ""absolute_delta"": 0.0, ""tau"": 0.00035, ""chosen_gpu"": 1}, {""model"": ""model_6"", ""current_gpu"": 1, ""best_gpu"": 1, ""current_r"": 0.034444918078064476, ""best_r"": 0.034444918078064476, ""absolute_delta"": 0.0, ""tau"": 0.00035, ""chosen_gpu"": 1}, {""model"": ""model_4"", ""current_gpu"": 1, ""best_gpu"": 0, ""current_r"": 0.06234160744030483, ""best_r"": 0.06192316194742243, ""absolute_delta"": 0.000418445492882398, ""tau"": 0.00035, ""chosen_gpu"": 0}]"
steady,10,2,6,1787620569.7090135,0.00035,0.08278779559470378,0.06957183967507637,0.08278779559470378,1+3,1+3,"{""model_3"": 1, ""model_4"": 1, ""model_5"": 0, ""model_6"": 1}","{""model_3"": 1, ""model_4"": 1, ""model_5"": 0, ""model_6"": 1}",0,,True,,migration cooldown active,0,0,,,,,,4,0,0,0.0,"[{""model"": ""model_5"", ""current_gpu"": 0, ""best_gpu"": 0, ""current_r"": 0.0, ""best_r"": 0.0, ""absolute_delta"": 0.0, ""tau"": 0.00035, ""chosen_gpu"": 0}, {""model"": ""model_3"", ""current_gpu"": 1, ""best_gpu"": 1, ""current_r"": 0.0, ""best_r"": 0.0, ""absolute_delta"": 0.0, ""tau"": 0.00035, ""chosen_gpu"": 1}, {""model"": ""model_6"", ""current_gpu"": 1, ""best_gpu"": 1, ""current_r"": 0.04006226320961891, ""best_r"": 0.04006226320961891, ""absolute_delta"": 0.0, ""tau"": 0.00035, ""chosen_gpu"": 1}, {""model"": ""model_4"", ""current_gpu"": 1, ""best_gpu"": 1, ""current_r"": 0.06785520340192312, ""best_r"": 0.06785520340192312, ""absolute_delta"": 0.0, ""tau"": 0.00035, ""chosen_gpu"": 1}]"
steady,10,2,7,1787620574.7198658,0.00035,0.10357785250369717,0.08760096271650895,0.10357785250369717,1+3,1+3,"{""model_3"": 1, ""model_4"": 1, ""model_5"": 0, ""model_6"": 1}","{""model_3"": 1, ""model_4"": 1, ""model_5"": 0, ""model_6"": 1}",0,,True,,migration cooldown active,0,0,,,,,,4,0,0,0.0,"[{""model"": ""model_5"", ""current_gpu"": 0, ""best_gpu"": 0, ""current_r"": 0.0, ""best_r"": 0.0, ""absolute_delta"": 0.0, ""tau"": 0.00035, ""chosen_gpu"": 0}, {""model"": ""model_3"", ""current_gpu"": 1, ""best_gpu"": 1, ""current_r"": 0.0, ""best_r"": 0.0, ""absolute_delta"": 0.0, ""tau"": 0.00035, ""chosen_gpu"": 1}, {""model"": ""model_6"", ""current_gpu"": 1, ""best_gpu"": 1, ""current_r"": 0.04535702805233597, ""best_r"": 0.04535702805233597, ""absolute_delta"": 0.0, ""tau"": 0.00035, ""chosen_gpu"": 1}, {""model"": ""model_4"", ""current_gpu"": 1, ""best_gpu"": 1, ""current_r"": 0.08225393242408677, ""best_r"": 0.08225393242408677, ""absolute_delta"": 0.0, ""tau"": 0.00035, ""chosen_gpu"": 1}]"
steady,10,2,8,1787620579.731,0.00035,0.10114215009144277,0.07610460184297231,0.10114215009144277,1+3,2+2,"{""model_3"": 1, ""model_4"": 1, ""model_5"": 0, ""model_6"": 1}","{""model_3"": 1, ""model_4"": 0, ""model_5"": 0, ""model_6"": 1}",1,model_4,False,MIGRATE,literal line-8 absolute delta exceeds tau,1,0,,model_4,1,0,0.09404490849524863,4,1,0,0.00481179823587112,"[{""model"": ""model_5"", ""current_gpu"": 0, ""best_gpu"": 0, ""current_r"": 0.0, ""best_r"": 0.0, ""absolute_delta"": 0.0, ""tau"": 0.00035, ""chosen_gpu"": 0}, {""model"": ""model_3"", ""current_gpu"": 1, ""best_gpu"": 1, ""current_r"": 0.0, ""best_r"": 0.0, ""absolute_delta"": 0.0, ""tau"": 0.00035, ""chosen_gpu"": 1}, {""model"": ""model_6"", ""current_gpu"": 1, ""best_gpu"": 1, ""current_r"": 0.04437541829750425, ""best_r"": 0.04437541829750425, ""absolute_delta"": 0.0, ""tau"": 0.00035, ""chosen_gpu"": 1}, {""model"": ""model_4"", ""current_gpu"": 1, ""best_gpu"": 0, ""current_r"": 0.08091640007884343, ""best_r"": 0.07610460184297231, ""absolute_delta"": 0.00481179823587112, ""tau"": 0.00035, ""chosen_gpu"": 0}]"
steady,10,2,9,1787620584.7428157,0.00035,0.08342737437929582,0.08342737437929582,0.06874122636713399,2+2,2+2,"{""model_3"": 1, ""model_4"": 0, ""model_5"": 0, ""model_6"": 1}","{""model_3"": 1, ""model_4"": 0, ""model_5"": 0, ""model_6"": 1}",0,,True,,migration cooldown active,0,0,,,,,,4,0,0,0.0,"[{""model"": ""model_5"", ""current_gpu"": 0, ""best_gpu"": 0, ""current_r"": 0.0, ""best_r"": 0.0, ""absolute_delta"": 0.0, ""tau"": 0.00035, ""chosen_gpu"": 0}, {""model"": ""model_3"", ""current_gpu"": 1, ""best_gpu"": 1, ""current_r"": 0.0, ""best_r"": 0.0, ""absolute_delta"": 0.0, ""tau"": 0.00035, ""chosen_gpu"": 1}, {""model"": ""model_6"", ""current_gpu"": 1, ""best_gpu"": 1, ""current_r"": 0.03768246746610723, ""best_r"": 0.03768246746610723, ""absolute_delta"": 0.0, ""tau"": 0.00035, ""chosen_gpu"": 1}, {""model"": ""model_4"", ""current_gpu"": 0, ""best_gpu"": 0, ""current_r"": 0.0666228183759188, ""best_r"": 0.0666228183759188, ""absolute_delta"": 0.0, ""tau"": 0.00035, ""chosen_gpu"": 0}]"
steady,10,2,10,1787620589.754223,0.00035,0.0952861087691719,0.0952861087691719,0.08802207369860457,2+2,2+2,"{""model_3"": 1, ""model_4"": 0, ""model_5"": 0, ""model_6"": 1}","{""model_3"": 1, ""model_4"": 0, ""model_5"": 0, ""model_6"": 1}",0,,True,,migration cooldown active,0,0,,,,,,4,0,0,0.0,"[{""model"": ""model_5"", ""current_gpu"": 0, ""best_gpu"": 0, ""current_r"": 0.0, ""best_r"": 0.0, ""absolute_delta"": 0.0, ""tau"": 0.00035, ""chosen_gpu"": 0}, {""model"": ""model_3"", ""current_gpu"": 1, ""best_gpu"": 1, ""current_r"": 0.0, ""best_r"": 0.0, ""absolute_delta"": 0.0, ""tau"": 0.00035, ""chosen_gpu"": 1}, {""model"": ""model_6"", ""current_gpu"": 1, ""best_gpu"": 1, ""current_r"": 0.04552223076086207, ""best_r"": 0.04552223076086207, ""absolute_delta"": 0.0, ""tau"": 0.00035, ""chosen_gpu"": 1}, {""model"": ""model_4"", ""current_gpu"": 0, ""best_gpu"": 0, ""current_r"": 0.07285767647787758, ""best_r"": 0.07285767647787758, ""absolute_delta"": 0.0, ""tau"": 0.00035, ""chosen_gpu"": 0}]"
steady,10,2,11,1787620594.7851703,0.00035,0.10755141141611022,0.09989397974387468,0.10755141141611022,2+2,2+2,"{""model_3"": 1, ""model_4"": 0, ""model_5"": 0, ""model_6"": 1}","{""model_3"": 1, ""model_4"": 0, ""model_5"": 0, ""model_6"": 1}",0,,True,,migration cooldown active,0,0,,,,,,4,0,0,0.0,"[{""model"": ""model_5"", ""current_gpu"": 0, ""best_gpu"": 0, ""current_r"": 0.0, ""best_r"": 0.0, ""absolute_delta"": 0.0, ""tau"": 0.00035, ""chosen_gpu"": 0}, {""model"": ""model_3"", ""current_gpu"": 1, ""best_gpu"": 1, ""current_r"": 0.0, ""best_r"": 0.0, ""absolute_delta"": 0.0, ""tau"": 0.00035, ""chosen_gpu"": 1}, {""model"": ""model_6"", ""current_gpu"": 1, ""best_gpu"": 1, ""current_r"": 0.06099595295922539, ""best_r"": 0.06099595295922539, ""absolute_delta"": 0.0, ""tau"": 0.00035, ""chosen_gpu"": 1}, {""model"": ""model_4"", ""current_gpu"": 0, ""best_gpu"": 0, ""current_r"": 0.0797689204333275, ""best_r"": 0.0797689204333275, ""absolute_delta"": 0.0, ""tau"": 0.00035, ""chosen_gpu"": 0}]"
steady,10,2,12,1787620599.79923,0.00035,0.11216706390676305,0.11216706390676305,0.08573099691854455,2+2,1+3,"{""model_3"": 1, ""model_4"": 0, ""model_5"": 0, ""model_6"": 1}","{""model_3"": 1, ""model_4"": 1, ""model_5"": 0, ""model_6"": 1}",1,model_4,True,,migration cooldown active,1,0,,,,,,4,1,0,0.010163480339063738,"[{""model"": ""model_5"", ""current_gpu"": 0, ""best_gpu"": 0, ""current_r"": 0.0, ""best_r"": 0.0, ""absolute_delta"": 0.0, ""tau"": 0.00035, ""chosen_gpu"": 0}, {""model"": ""model_3"", ""current_gpu"": 1, ""best_gpu"": 1, ""current_r"": 0.0, ""best_r"": 0.0, ""absolute_delta"": 0.0, ""tau"": 0.00035, ""chosen_gpu"": 1}, {""model"": ""model_6"", ""current_gpu"": 1, ""best_gpu"": 1, ""current_r"": 0.04713548416986058, ""best_r"": 0.04713548416986058, ""absolute_delta"": 0.0, ""tau"": 0.00035, ""chosen_gpu"": 1}, {""model"": ""model_4"", ""current_gpu"": 0, ""best_gpu"": 1, ""current_r"": 0.09589447725760829, ""best_r"": 0.08573099691854455, ""absolute_delta"": 0.010163480339063738, ""tau"": 0.00035, ""chosen_gpu"": 1}]"
steady,10,2,13,1787620604.8106394,0.00035,0.10933059808702952,0.10933059808702952,0.09408353801584696,2+2,2+2,"{""model_3"": 1, ""model_4"": 0, ""model_5"": 0, ""model_6"": 1}","{""model_3"": 1, ""model_4"": 0, ""model_5"": 0, ""model_6"": 1}",0,,True,,migration cooldown active,0,0,,,,,,4,0,0,0.0,"[{""model"": ""model_5"", ""current_gpu"": 0, ""best_gpu"": 0, ""current_r"": 0.0, ""best_r"": 0.0, ""absolute_delta"": 0.0, ""tau"": 0.00035, ""chosen_gpu"": 0}, {""model"": ""model_3"", ""current_gpu"": 1, ""best_gpu"": 1, ""current_r"": 0.0, ""best_r"": 0.0, ""absolute_delta"": 0.0, ""tau"": 0.00035, ""chosen_gpu"": 1}, {""model"": ""model_6"", ""current_gpu"": 1, ""best_gpu"": 1, ""current_r"": 0.049916241772404835, ""best_r"": 0.049916241772404835, ""absolute_delta"": 0.0, ""tau"": 0.00035, ""chosen_gpu"": 1}, {""model"": ""model_4"", ""current_gpu"": 0, ""best_gpu"": 0, ""current_r"": 0.09356022697725618, ""best_r"": 0.09356022697725618, ""absolute_delta"": 0.0, ""tau"": 0.00035, ""chosen_gpu"": 0}]"
steady,10,2,14,1787620609.834758,0.00035,0.10273196420453873,0.10273196420453873,0.100825818074116,2+2,2+2,"{""model_3"": 1, ""model_4"": 0, ""model_5"": 0, ""model_6"": 1}","{""model_3"": 1, ""model_4"": 0, ""model_5"": 0, ""model_6"": 1}",0,,False,,line-8 placement unchanged or every candidate blocked,0,0,,,,,,4,0,0,0.0,"[{""model"": ""model_5"", ""current_gpu"": 0, ""best_gpu"": 0, ""current_r"": 0.0, ""best_r"": 0.0, ""absolute_delta"": 0.0, ""tau"": 0.00035, ""chosen_gpu"": 0}, {""model"": ""model_3"", ""current_gpu"": 1, ""best_gpu"": 1, ""current_r"": 0.0, ""best_r"": 0.0, ""absolute_delta"": 0.0, ""tau"": 0.00035, ""chosen_gpu"": 1}, {""model"": ""model_6"", ""current_gpu"": 1, ""best_gpu"": 1, ""current_r"": 0.05435280308925993, ""best_r"": 0.05435280308925993, ""absolute_delta"": 0.0, ""tau"": 0.00035, ""chosen_gpu"": 1}, {""model"": ""model_4"", ""current_gpu"": 0, ""best_gpu"": 0, ""current_r"": 0.08771993960940529, ""best_r"": 0.08771993960940529, ""absolute_delta"": 0.0, ""tau"": 0.00035, ""chosen_gpu"": 0}]"
steady,10,2,15,1787620614.8627505,0.00035,0.11409868978117393,0.08867120513622834,0.11409868978117393,2+2,2+2,"{""model_3"": 1, ""model_4"": 0, ""model_5"": 0, ""model_6"": 1}","{""model_3"": 1, ""model_4"": 0, ""model_5"": 0, ""model_6"": 1}",0,,False,,line-8 placement unchanged or every candidate blocked,0,0,,,,,,4,0,0,0.0,"[{""model"": ""model_5"", ""current_gpu"": 0, ""best_gpu"": 0, ""current_r"": 0.0, ""best_r"": 0.0, ""absolute_delta"": 0.0, ""tau"": 0.00035, ""chosen_gpu"": 0}, {""model"": ""model_3"", ""current_gpu"": 1, ""best_gpu"": 1, ""current_r"": 0.0, ""best_r"": 0.0, ""absolute_delta"": 0.0, ""tau"": 0.00035, ""chosen_gpu"": 1}, {""model"": ""model_6"", ""current_gpu"": 1, ""best_gpu"": 1, ""current_r"": 0.06473489613473032, ""best_r"": 0.06473489613473032, ""absolute_delta"": 0.0, ""tau"": 0.00035, ""chosen_gpu"": 1}, {""model"": ""model_4"", ""current_gpu"": 0, ""best_gpu"": 0, ""current_r"": 0.07447399061475207, ""best_r"": 0.07447399061475207, ""absolute_delta"": 0.0, ""tau"": 0.00035, ""chosen_gpu"": 0}]"
steady,10,2,16,1787620619.8762317,0.00035,0.12710313525129477,0.09722243189381971,0.12710313525129477,2+2,2+2,"{""model_3"": 1, ""model_4"": 0, ""model_5"": 0, ""model_6"": 1}","{""model_3"": 1, ""model_4"": 0, ""model_5"": 0, ""model_6"": 1}",0,,False,,line-8 placement unchanged or every candidate blocked,0,0,,,,,,4,1,1,0.0,"[{""model"": ""model_3"", ""current_gpu"": 1, ""best_gpu"": 0, ""current_r"": 0.0, ""best_r"": 0.0, ""absolute_delta"": 0.0, ""tau"": 0.00035, ""chosen_gpu"": 1}, {""model"": ""model_5"", ""current_gpu"": 0, ""best_gpu"": 0, ""current_r"": 0.0, ""best_r"": 0.0, ""absolute_delta"": 0.0, ""tau"": 0.00035, ""chosen_gpu"": 0}, {""model"": ""model_6"", ""current_gpu"": 1, ""best_gpu"": 1, ""current_r"": 0.07723719541117166, ""best_r"": 0.07723719541117166, ""absolute_delta"": 0.0, ""tau"": 0.00035, ""chosen_gpu"": 1}, {""model"": ""model_4"", ""current_gpu"": 0, ""best_gpu"": 0, ""current_r"": 0.08340664480737683, ""best_r"": 0.08340664480737683, ""absolute_delta"": 0.0, ""tau"": 0.00035, ""chosen_gpu"": 0}]"
steady,10,2,17,1787620624.9151106,0.00035,0.11440017187212613,0.07699487036666937,0.11440017187212613,2+2,2+2,"{""model_3"": 1, ""model_4"": 0, ""model_5"": 0, ""model_6"": 1}","{""model_3"": 1, ""model_4"": 0, ""model_5"": 0, ""model_6"": 1}",0,,False,,line-8 placement unchanged or every candidate blocked,0,0,,,,,,4,1,1,0.0,"[{""model"": ""model_3"", ""current_gpu"": 1, ""best_gpu"": 0, ""current_r"": 0.0, ""best_r"": 0.0, ""absolute_delta"": 0.0, ""tau"": 0.00035, ""chosen_gpu"": 1}, {""model"": ""model_5"", ""current_gpu"": 0, ""best_gpu"": 0, ""current_r"": 0.0, ""best_r"": 0.0, ""absolute_delta"": 0.0, ""tau"": 0.00035, ""chosen_gpu"": 0}, {""model"": ""model_6"", ""current_gpu"": 1, ""best_gpu"": 1, ""current_r"": 0.0634366016417066, ""best_r"": 0.0634366016417066, ""absolute_delta"": 0.0, ""tau"": 0.00035, ""chosen_gpu"": 1}, {""model"": ""model_4"", ""current_gpu"": 0, ""best_gpu"": 0, ""current_r"": 0.06490454152537664, ""best_r"": 0.06490454152537664, ""absolute_delta"": 0.0, ""tau"": 0.00035, ""chosen_gpu"": 0}]"
steady,10,2,18,1787620629.938821,0.00035,0.10661434316112701,0.07928444947266682,0.10661434316112701,2+2,2+2,"{""model_3"": 1, ""model_4"": 0, ""model_5"": 0, ""model_6"": 1}","{""model_3"": 1, ""model_4"": 0, ""model_5"": 0, ""model_6"": 1}",0,,False,,line-8 placement unchanged or every candidate blocked,0,0,,,,,,4,1,1,0.0,"[{""model"": ""model_3"", ""current_gpu"": 1, ""best_gpu"": 0, ""current_r"": 0.0, ""best_r"": 0.0, ""absolute_delta"": 0.0, ""tau"": 0.00035, ""chosen_gpu"": 1}, {""model"": ""model_5"", ""current_gpu"": 0, ""best_gpu"": 0, ""current_r"": 0.0, ""best_r"": 0.0, ""absolute_delta"": 0.0, ""tau"": 0.00035, ""chosen_gpu"": 0}, {""model"": ""model_6"", ""current_gpu"": 1, ""best_gpu"": 1, ""current_r"": 0.060708504858431565, ""best_r"": 0.060708504858431565, ""absolute_delta"": 0.0, ""tau"": 0.00035, ""chosen_gpu"": 1}, {""model"": ""model_4"", ""current_gpu"": 0, ""best_gpu"": 0, ""current_r"": 0.06415816191771302, ""best_r"": 0.06415816191771302, ""absolute_delta"": 0.0, ""tau"": 0.00035, ""chosen_gpu"": 0}]"
steady,10,2,19,1787620635.000101,0.00035,0.10002433733999325,0.09884019649680019,0.10002433733999325,2+2,2+2,"{""model_3"": 1, ""model_4"": 0, ""model_5"": 0, ""model_6"": 1}","{""model_3"": 1, ""model_4"": 0, ""model_5"": 0, ""model_6"": 1}",0,,False,,line-8 placement unchanged or every candidate blocked,0,0,,,,,,4,0,0,0.0,"[{""model"": ""model_5"", ""current_gpu"": 0, ""best_gpu"": 0, ""current_r"": 0.0, ""best_r"": 0.0, ""absolute_delta"": 0.0, ""tau"": 0.00035, ""chosen_gpu"": 0}, {""model"": ""model_3"", ""current_gpu"": 1, ""best_gpu"": 1, ""current_r"": 0.0, ""best_r"": 0.0, ""absolute_delta"": 0.0, ""tau"": 0.00035, ""chosen_gpu"": 1}, {""model"": ""model_6"", ""current_gpu"": 1, ""best_gpu"": 1, ""current_r"": 0.05540280910612142, ""best_r"": 0.05540280910612142, ""absolute_delta"": 0.0, ""tau"": 0.00035, ""chosen_gpu"": 1}, {""model"": ""model_4"", ""current_gpu"": 0, ""best_gpu"": 0, ""current_r"": 0.08232577262911712, ""best_r"": 0.08232577262911712, ""absolute_delta"": 0.0, ""tau"": 0.00035, ""chosen_gpu"": 0}]"
steady,10,2,20,1787620640.0159788,0.00035,0.11567038246536858,0.10198802173047125,0.11567038246536858,2+2,2+2,"{""model_3"": 1, ""model_4"": 0, ""model_5"": 0, ""model_6"": 1}","{""model_3"": 1, ""model_4"": 0, ""model_5"": 0, ""model_6"": 1}",0,,False,,line-8 placement unchanged or every candidate blocked,0,0,,,,,,4,0,0,0.0,"[{""model"": ""model_5"", ""current_gpu"": 0, ""best_gpu"": 0, ""current_r"": 0.0, ""best_r"": 0.0, ""absolute_delta"": 0.0, ""tau"": 0.00035, ""chosen_gpu"": 0}, {""model"": ""model_3"", ""current_gpu"": 1, ""best_gpu"": 1, ""current_r"": 0.0, ""best_r"": 0.0, ""absolute_delta"": 0.0, ""tau"": 0.00035, ""chosen_gpu"": 1}, {""model"": ""model_6"", ""current_gpu"": 1, ""best_gpu"": 1, ""current_r"": 0.06598721592257584, ""best_r"": 0.06598721592257584, ""absolute_delta"": 0.0, ""tau"": 0.00035, ""chosen_gpu"": 1}, {""model"": ""model_4"", ""current_gpu"": 0, ""best_gpu"": 0, ""current_r"": 0.08553754066594085, ""best_r"": 0.08553754066594085, ""absolute_delta"": 0.0, ""tau"": 0.00035, ""chosen_gpu"": 0}]"
steady,10,2,21,1787620645.0360935,0.00035,0.11798835255820637,0.10395221915979773,0.11798835255820637,2+2,2+2,"{""model_3"": 1, ""model_4"": 0, ""model_5"": 0, ""model_6"": 1}","{""model_3"": 1, ""model_4"": 0, ""model_5"": 0, ""model_6"": 1}",0,,False,,line-8 placement unchanged or every candidate blocked,0,0,,,,,,4,0,0,0.0,"[{""model"": ""model_5"", ""current_gpu"": 0, ""best_gpu"": 0, ""current_r"": 0.0, ""best_r"": 0.0, ""absolute_delta"": 0.0, ""tau"": 0.00035, ""chosen_gpu"": 0}, {""model"": ""model_3"", ""current_gpu"": 1, ""best_gpu"": 1, ""current_r"": 0.0, ""best_r"": 0.0, ""absolute_delta"": 0.0, ""tau"": 0.00035, ""chosen_gpu"": 1}, {""model"": ""model_6"", ""current_gpu"": 1, ""best_gpu"": 1, ""current_r"": 0.06828408674261773, ""best_r"": 0.06828408674261773, ""absolute_delta"": 0.0, ""tau"": 0.00035, ""chosen_gpu"": 1}, {""model"": ""model_4"", ""current_gpu"": 0, ""best_gpu"": 0, ""current_r"": 0.08599729233132682, ""best_r"": 0.08599729233132682, ""absolute_delta"": 0.0, ""tau"": 0.00035, ""chosen_gpu"": 0}]"
steady,10,2,22,1787620650.059974,0.00035,0.1082980987025649,0.10799026631194224,0.1082980987025649,2+2,2+2,"{""model_3"": 1, ""model_4"": 0, ""model_5"": 0, ""model_6"": 1}","{""model_3"": 1, ""model_4"": 0, ""model_5"": 0, ""model_6"": 1}",0,,False,,line-8 placement unchanged or every candidate blocked,0,0,,,,,,4,0,0,0.0,"[{""model"": ""model_5"", ""current_gpu"": 0, ""best_gpu"": 0, ""current_r"": 0.0, ""best_r"": 0.0, ""absolute_delta"": 0.0, ""tau"": 0.00035, ""chosen_gpu"": 0}, {""model"": ""model_3"", ""current_gpu"": 1, ""best_gpu"": 1, ""current_r"": 0.0, ""best_r"": 0.0, ""absolute_delta"": 0.0, ""tau"": 0.00035, ""chosen_gpu"": 1}, {""model"": ""model_6"", ""current_gpu"": 1, ""best_gpu"": 1, ""current_r"": 0.060506197688631275, ""best_r"": 0.060506197688631275, ""absolute_delta"": 0.0, ""tau"": 0.00035, ""chosen_gpu"": 1}, {""model"": ""model_4"", ""current_gpu"": 0, ""best_gpu"": 0, ""current_r"": 0.0884961136849597, ""best_r"": 0.0884961136849597, ""absolute_delta"": 0.0, ""tau"": 0.00035, ""chosen_gpu"": 0}]"
steady,10,2,23,1787620655.0789587,0.00035,0.09144620472397927,0.08217694924457611,0.09144620472397927,2+2,2+2,"{""model_3"": 1, ""model_4"": 0, ""model_5"": 0, ""model_6"": 1}","{""model_3"": 1, ""model_4"": 0, ""model_5"": 0, ""model_6"": 1}",0,,False,,line-8 placement unchanged or every candidate blocked,0,0,,,,,,4,0,0,0.0,"[{""model"": ""model_5"", ""current_gpu"": 0, ""best_gpu"": 0, ""current_r"": 0.0, ""best_r"": 0.0, ""absolute_delta"": 0.0, ""tau"": 0.00035, ""chosen_gpu"": 0}, {""model"": ""model_3"", ""current_gpu"": 1, ""best_gpu"": 1, ""current_r"": 0.0, ""best_r"": 0.0, ""absolute_delta"": 0.0, ""tau"": 0.00035, ""chosen_gpu"": 1}, {""model"": ""model_6"", ""current_gpu"": 1, ""best_gpu"": 1, ""current_r"": 0.04860916802741576, ""best_r"": 0.04860916802741576, ""absolute_delta"": 0.0, ""tau"": 0.00035, ""chosen_gpu"": 1}, {""model"": ""model_4"", ""current_gpu"": 0, ""best_gpu"": 0, ""current_r"": 0.07026362637267128, ""best_r"": 0.07026362637267128, ""absolute_delta"": 0.0, ""tau"": 0.00035, ""chosen_gpu"": 0}]"
steady,10,2,24,1787620660.101939,0.00035,0.11137876805258834,0.0842865926169571,0.11137876805258834,2+2,2+2,"{""model_3"": 1, ""model_4"": 0, ""model_5"": 0, ""model_6"": 1}","{""model_3"": 1, ""model_4"": 0, ""model_5"": 0, ""model_6"": 1}",0,,False,,line-8 placement unchanged or every candidate blocked,0,0,,,,,,4,0,0,0.0,"[{""model"": ""model_5"", ""current_gpu"": 0, ""best_gpu"": 0, ""current_r"": 0.0, ""best_r"": 0.0, ""absolute_delta"": 0.0, ""tau"": 0.00035, ""chosen_gpu"": 0}, {""model"": ""model_3"", ""current_gpu"": 1, ""best_gpu"": 1, ""current_r"": 0.0, ""best_r"": 0.0, ""absolute_delta"": 0.0, ""tau"": 0.00035, ""chosen_gpu"": 1}, {""model"": ""model_6"", ""current_gpu"": 1, ""best_gpu"": 1, ""current_r"": 0.060965603358947996, ""best_r"": 0.060965603358947996, ""absolute_delta"": 0.0, ""tau"": 0.00035, ""chosen_gpu"": 1}, {""model"": ""model_4"", ""current_gpu"": 0, ""best_gpu"": 0, ""current_r"": 0.07197156252698203, ""best_r"": 0.07197156252698203, ""absolute_delta"": 0.0, ""tau"": 0.00035, ""chosen_gpu"": 0}]"
steady,10,2,25,1787620665.1265216,0.00035,0.11246603714528519,0.09580116450999848,0.11246603714528519,2+2,2+2,"{""model_3"": 1, ""model_4"": 0, ""model_5"": 0, ""model_6"": 1}","{""model_3"": 1, ""model_4"": 0, ""model_5"": 0, ""model_6"": 1}",0,,False,,line-8 placement unchanged or every candidate blocked,0,0,,,,,,4,0,0,0.0,"[{""model"": ""model_5"", ""current_gpu"": 0, ""best_gpu"": 0, ""current_r"": 0.0, ""best_r"": 0.0, ""absolute_delta"": 0.0, ""tau"": 0.00035, ""chosen_gpu"": 0}, {""model"": ""model_3"", ""current_gpu"": 1, ""best_gpu"": 1, ""current_r"": 0.0, ""best_r"": 0.0, ""absolute_delta"": 0.0, ""tau"": 0.00035, ""chosen_gpu"": 1}, {""model"": ""model_6"", ""current_gpu"": 1, ""best_gpu"": 1, ""current_r"": 0.059493905172467804, ""best_r"": 0.059493905172467804, ""absolute_delta"": 0.0, ""tau"": 0.00035, ""chosen_gpu"": 1}, {""model"": ""model_4"", ""current_gpu"": 0, ""best_gpu"": 0, ""current_r"": 0.07872543867466568, ""best_r"": 0.07872543867466568, ""absolute_delta"": 0.0, ""tau"": 0.00035, ""chosen_gpu"": 0}]"
steady,10,2,26,1787620670.1501648,0.00035,0.10484760739800836,0.09627633177259334,0.10484760739800836,2+2,2+2,"{""model_3"": 1, ""model_4"": 0, ""model_5"": 0, ""model_6"": 1}","{""model_3"": 1, ""model_4"": 0, ""model_5"": 0, ""model_6"": 1}",0,,False,,line-8 placement unchanged or every candidate blocked,0,0,,,,,,4,0,0,0.0,"[{""model"": ""model_5"", ""current_gpu"": 0, ""best_gpu"": 0, ""current_r"": 0.0, ""best_r"": 0.0, ""absolute_delta"": 0.0, ""tau"": 0.00035, ""chosen_gpu"": 0}, {""model"": ""model_3"", ""current_gpu"": 1, ""best_gpu"": 1, ""current_r"": 0.0, ""best_r"": 0.0, ""absolute_delta"": 0.0, ""tau"": 0.00035, ""chosen_gpu"": 1}, {""model"": ""model_6"", ""current_gpu"": 1, ""best_gpu"": 1, ""current_r"": 0.050605910278637416, ""best_r"": 0.050605910278637416, ""absolute_delta"": 0.0, ""tau"": 0.00035, ""chosen_gpu"": 1}, {""model"": ""model_4"", ""current_gpu"": 0, ""best_gpu"": 0, ""current_r"": 0.07738124398189693, ""best_r"": 0.07738124398189693, ""absolute_delta"": 0.0, ""tau"": 0.00035, ""chosen_gpu"": 0}]"
steady,10,2,27,1787620675.179031,0.00035,0.11133035378119542,0.08572958145018672,0.11133035378119542,2+2,2+2,"{""model_3"": 1, ""model_4"": 0, ""model_5"": 0, ""model_6"": 1}","{""model_3"": 1, ""model_4"": 0, ""model_5"": 0, ""model_6"": 1}",0,,False,,line-8 placement unchanged or every candidate blocked,0,0,,,,,,4,0,0,0.0,"[{""model"": ""model_5"", ""current_gpu"": 0, ""best_gpu"": 0, ""current_r"": 0.0, ""best_r"": 0.0, ""absolute_delta"": 0.0, ""tau"": 0.00035, ""chosen_gpu"": 0}, {""model"": ""model_3"", ""current_gpu"": 1, ""best_gpu"": 1, ""current_r"": 0.0, ""best_r"": 0.0, ""absolute_delta"": 0.0, ""tau"": 0.00035, ""chosen_gpu"": 1}, {""model"": ""model_6"", ""current_gpu"": 1, ""best_gpu"": 1, ""current_r"": 0.055733159232409894, ""best_r"": 0.055733159232409894, ""absolute_delta"": 0.0, ""tau"": 0.00035, ""chosen_gpu"": 1}, {""model"": ""model_4"", ""current_gpu"": 0, ""best_gpu"": 0, ""current_r"": 0.06840371625828472, ""best_r"": 0.06840371625828472, ""absolute_delta"": 0.0, ""tau"": 0.00035, ""chosen_gpu"": 0}]"
steady,10,2,28,1787620680.2402732,0.00035,0.11057202561194718,0.08370267784839781,0.11057202561194718,2+2,2+2,"{""model_3"": 1, ""model_4"": 0, ""model_5"": 0, ""model_6"": 1}","{""model_3"": 1, ""model_4"": 0, ""model_5"": 0, ""model_6"": 1}",0,,False,,line-8 placement unchanged or every candidate blocked,0,0,,,,,,4,0,0,0.0,"[{""model"": ""model_5"", ""current_gpu"": 0, ""best_gpu"": 0, ""current_r"": 0.0, ""best_r"": 0.0, ""absolute_delta"": 0.0, ""tau"": 0.00035, ""chosen_gpu"": 0}, {""model"": ""model_3"", ""current_gpu"": 1, ""best_gpu"": 1, ""current_r"": 0.0, ""best_r"": 0.0, ""absolute_delta"": 0.0, ""tau"": 0.00035, ""chosen_gpu"": 1}, {""model"": ""model_6"", ""current_gpu"": 1, ""best_gpu"": 1, ""current_r"": 0.05551054680502752, ""best_r"": 0.05551054680502752, ""absolute_delta"": 0.0, ""tau"": 0.00035, ""chosen_gpu"": 1}, {""model"": ""model_4"", ""current_gpu"": 0, ""best_gpu"": 0, ""current_r"": 0.06547681501179482, ""best_r"": 0.06547681501179482, ""absolute_delta"": 0.0, ""tau"": 0.00035, ""chosen_gpu"": 0}]"
steady,10,2,29,1787620685.2689219,0.00035,0.11525104624418782,0.07767887377767173,0.11525104624418782,2+2,2+2,"{""model_3"": 1, ""model_4"": 0, ""model_5"": 0, ""model_6"": 1}","{""model_3"": 1, ""model_4"": 0, ""model_5"": 0, ""model_6"": 1}",0,,False,,line-8 placement unchanged or every candidate blocked,0,0,,,,,,4,1,1,0.0,"[{""model"": ""model_3"", ""current_gpu"": 1, ""best_gpu"": 0, ""current_r"": 0.0, ""best_r"": 0.0, ""absolute_delta"": 0.0, ""tau"": 0.00035, ""chosen_gpu"": 1}, {""model"": ""model_5"", ""current_gpu"": 0, ""best_gpu"": 0, ""current_r"": 0.0, ""best_r"": 0.0, ""absolute_delta"": 0.0, ""tau"": 0.00035, ""chosen_gpu"": 0}, {""model"": ""model_6"", ""current_gpu"": 1, ""best_gpu"": 1, ""current_r"": 0.059444678995773444, ""best_r"": 0.059444678995773444, ""absolute_delta"": 0.0, ""tau"": 0.00035, ""chosen_gpu"": 1}, {""model"": ""model_4"", ""current_gpu"": 0, ""best_gpu"": 0, ""current_r"": 0.06344364326852785, ""best_r"": 0.06344364326852785, ""absolute_delta"": 0.0, ""tau"": 0.00035, ""chosen_gpu"": 0}]"
steady,10,2,30,1787620690.300275,0.00035,0.1166175061036161,0.08407156664444214,0.1166175061036161,2+2,2+2,"{""model_3"": 1, ""model_4"": 0, ""model_5"": 0, ""model_6"": 1}","{""model_3"": 1, ""model_4"": 0, ""model_5"": 0, ""model_6"": 1}",0,,False,,line-8 placement unchanged or every candidate blocked,0,0,,,,,,4,1,1,0.0,"[{""model"": ""model_3"", ""current_gpu"": 1, ""best_gpu"": 0, ""current_r"": 0.0, ""best_r"": 0.0, ""absolute_delta"": 0.0, ""tau"": 0.00035, ""chosen_gpu"": 1}, {""model"": ""model_5"", ""current_gpu"": 0, ""best_gpu"": 0, ""current_r"": 0.0, ""best_r"": 0.0, ""absolute_delta"": 0.0, ""tau"": 0.00035, ""chosen_gpu"": 0}, {""model"": ""model_6"", ""current_gpu"": 1, ""best_gpu"": 1, ""current_r"": 0.06332856376596203, ""best_r"": 0.06332856376596203, ""absolute_delta"": 0.0, ""tau"": 0.00035, ""chosen_gpu"": 1}, {""model"": ""model_4"", ""current_gpu"": 0, ""best_gpu"": 0, ""current_r"": 0.06912082781785185, ""best_r"": 0.06912082781785185, ""absolute_delta"": 0.0, ""tau"": 0.00035, ""chosen_gpu"": 0}]"
steady,10,2,31,1787620695.3379493,0.00035,0.08839863591887165,0.07684522390506529,0.08839863591887165,2+2,2+2,"{""model_3"": 1, ""model_4"": 0, ""model_5"": 0, ""model_6"": 1}","{""model_3"": 1, ""model_4"": 0, ""model_5"": 0, ""model_6"": 1}",0,,False,,line-8 placement unchanged or every candidate blocked,0,0,,,,,,4,0,0,0.0,"[{""model"": ""model_5"", ""current_gpu"": 0, ""best_gpu"": 0, ""current_r"": 0.0, ""best_r"": 0.0, ""absolute_delta"": 0.0, ""tau"": 0.00035, ""chosen_gpu"": 0}, {""model"": ""model_3"", ""current_gpu"": 1, ""best_gpu"": 1, ""current_r"": 0.0, ""best_r"": 0.0, ""absolute_delta"": 0.0, ""tau"": 0.00035, ""chosen_gpu"": 1}, {""model"": ""model_6"", ""current_gpu"": 1, ""best_gpu"": 1, ""current_r"": 0.04723083083708096, ""best_r"": 0.04723083083708096, ""absolute_delta"": 0.0, ""tau"": 0.00035, ""chosen_gpu"": 1}, {""model"": ""model_4"", ""current_gpu"": 0, ""best_gpu"": 0, ""current_r"": 0.06429433460594462, ""best_r"": 0.06429433460594462, ""absolute_delta"": 0.0, ""tau"": 0.00035, ""chosen_gpu"": 0}]"
steady,10,2,32,1787620700.3854291,0.00035,0.09621983041358077,0.07409096112985528,0.09621983041358077,2+2,2+2,"{""model_3"": 1, ""model_4"": 0, ""model_5"": 0, ""model_6"": 1}","{""model_3"": 1, ""model_4"": 0, ""model_5"": 0, ""model_6"": 1}",0,,False,,line-8 placement unchanged or every candidate blocked,0,0,,,,,,4,0,0,0.0,"[{""model"": ""model_5"", ""current_gpu"": 0, ""best_gpu"": 0, ""current_r"": 0.0, ""best_r"": 0.0, ""absolute_delta"": 0.0, ""tau"": 0.00035, ""chosen_gpu"": 0}, {""model"": ""model_3"", ""current_gpu"": 1, ""best_gpu"": 1, ""current_r"": 0.0, ""best_r"": 0.0, ""absolute_delta"": 0.0, ""tau"": 0.00035, ""chosen_gpu"": 1}, {""model"": ""model_6"", ""current_gpu"": 1, ""best_gpu"": 1, ""current_r"": 0.04865027569131804, ""best_r"": 0.04865027569131804, ""absolute_delta"": 0.0, ""tau"": 0.00035, ""chosen_gpu"": 1}, {""model"": ""model_4"", ""current_gpu"": 0, ""best_gpu"": 0, ""current_r"": 0.06303893505382745, ""best_r"": 0.06303893505382745, ""absolute_delta"": 0.0, ""tau"": 0.00035, ""chosen_gpu"": 0}]"
steady,10,2,33,1787620705.4716735,0.00035,0.10170842236017233,0.086951580549508,0.10170842236017233,2+2,2+2,"{""model_3"": 1, ""model_4"": 0, ""model_5"": 0, ""model_6"": 1}","{""model_3"": 1, ""model_4"": 0, ""model_5"": 0, ""model_6"": 1}",0,,False,,line-8 placement unchanged or every candidate blocked,0,0,,,,,,4,0,0,0.0,"[{""model"": ""model_5"", ""current_gpu"": 0, ""best_gpu"": 0, ""current_r"": 0.0, ""best_r"": 0.0, ""absolute_delta"": 0.0, ""tau"": 0.00035, ""chosen_gpu"": 0}, {""model"": ""model_3"", ""current_gpu"": 1, ""best_gpu"": 1, ""current_r"": 0.0, ""best_r"": 0.0, ""absolute_delta"": 0.0, ""tau"": 0.00035, ""chosen_gpu"": 1}, {""model"": ""model_6"", ""current_gpu"": 1, ""best_gpu"": 1, ""current_r"": 0.05320492557580627, ""best_r"": 0.05320492557580627, ""absolute_delta"": 0.0, ""tau"": 0.00035, ""chosen_gpu"": 1}, {""model"": ""model_4"", ""current_gpu"": 0, ""best_gpu"": 0, ""current_r"": 0.07245943178004231, ""best_r"": 0.07245943178004231, ""absolute_delta"": 0.0, ""tau"": 0.00035, ""chosen_gpu"": 0}]"
steady,10,2,34,1787620710.5015106,0.00035,0.10326185022987833,0.10326185022987833,0.10304650517177033,2+2,2+2,"{""model_3"": 1, ""model_4"": 0, ""model_5"": 0, ""model_6"": 1}","{""model_3"": 1, ""model_4"": 0, ""model_5"": 0, ""model_6"": 1}",0,,False,,line-8 placement unchanged or every candidate blocked,0,0,,,,,,4,0,0,0.0,"[{""model"": ""model_5"", ""current_gpu"": 0, ""best_gpu"": 0, ""current_r"": 0.0, ""best_r"": 0.0, ""absolute_delta"": 0.0, ""tau"": 0.00035, ""chosen_gpu"": 0}, {""model"": ""model_3"", ""current_gpu"": 1, ""best_gpu"": 1, ""current_r"": 0.0, ""best_r"": 0.0, ""absolute_delta"": 0.0, ""tau"": 0.00035, ""chosen_gpu"": 1}, {""model"": ""model_6"", ""current_gpu"": 1, ""best_gpu"": 1, ""current_r"": 0.05544423832859141, ""best_r"": 0.05544423832859141, ""absolute_delta"": 0.0, ""tau"": 0.00035, ""chosen_gpu"": 1}, {""model"": ""model_4"", ""current_gpu"": 0, ""best_gpu"": 0, ""current_r"": 0.08590523181458665, ""best_r"": 0.08590523181458665, ""absolute_delta"": 0.0, ""tau"": 0.00035, ""chosen_gpu"": 0}]"
steady,10,2,35,1787620715.5328858,0.00035,0.10799122469122921,0.10799122469122921,0.09911754144638496,2+2,2+2,"{""model_3"": 1, ""model_4"": 0, ""model_5"": 0, ""model_6"": 1}","{""model_3"": 1, ""model_4"": 0, ""model_5"": 0, ""model_6"": 1}",0,,False,,line-8 placement unchanged or every candidate blocked,0,0,,,,,,4,0,0,0.0,"[{""model"": ""model_5"", ""current_gpu"": 0, ""best_gpu"": 0, ""current_r"": 0.0, ""best_r"": 0.0, ""absolute_delta"": 0.0, ""tau"": 0.00035, ""chosen_gpu"": 0}, {""model"": ""model_3"", ""current_gpu"": 1, ""best_gpu"": 1, ""current_r"": 0.0, ""best_r"": 0.0, ""absolute_delta"": 0.0, ""tau"": 0.00035, ""chosen_gpu"": 1}, {""model"": ""model_6"", ""current_gpu"": 1, ""best_gpu"": 1, ""current_r"": 0.05459659487061211, ""best_r"": 0.05459659487061211, ""absolute_delta"": 0.0, ""tau"": 0.00035, ""chosen_gpu"": 1}, {""model"": ""model_4"", ""current_gpu"": 0, ""best_gpu"": 0, ""current_r"": 0.0885573025982025, ""best_r"": 0.0885573025982025, ""absolute_delta"": 0.0, ""tau"": 0.00035, ""chosen_gpu"": 0}]"
steady,10,2,36,1787620720.5665438,0.00035,0.11189945655356413,0.11189945655356413,0.09745596624320031,2+2,2+2,"{""model_3"": 1, ""model_4"": 0, ""model_5"": 0, ""model_6"": 1}","{""model_3"": 1, ""model_4"": 0, ""model_5"": 0, ""model_6"": 1}",0,,False,,line-8 placement unchanged or every candidate blocked,0,0,,,,,,4,0,0,0.0,"[{""model"": ""model_5"", ""current_gpu"": 0, ""best_gpu"": 0, ""current_r"": 0.0, ""best_r"": 0.0, ""absolute_delta"": 0.0, ""tau"": 0.00035, ""chosen_gpu"": 0}, {""model"": ""model_3"", ""current_gpu"": 1, ""best_gpu"": 1, ""current_r"": 0.0, ""best_r"": 0.0, ""absolute_delta"": 0.0, ""tau"": 0.00035, ""chosen_gpu"": 1}, {""model"": ""model_6"", ""current_gpu"": 1, ""best_gpu"": 1, ""current_r"": 0.053115433931374106, ""best_r"": 0.053115433931374106, ""absolute_delta"": 0.0, ""tau"": 0.00035, ""chosen_gpu"": 1}, {""model"": ""model_4"", ""current_gpu"": 0, ""best_gpu"": 0, ""current_r"": 0.09135957496231584, ""best_r"": 0.09135957496231584, ""absolute_delta"": 0.0, ""tau"": 0.00035, ""chosen_gpu"": 0}]"
steady,10,2,37,1787620725.6029358,0.00035,0.11354906933477218,0.10271376478249779,0.11354906933477218,2+2,2+2,"{""model_3"": 1, ""model_4"": 0, ""model_5"": 0, ""model_6"": 1}","{""model_3"": 1, ""model_4"": 0, ""model_5"": 0, ""model_6"": 1}",0,,False,,line-8 placement unchanged or every candidate blocked,0,0,,,,,,4,0,0,0.0,"[{""model"": ""model_5"", ""current_gpu"": 0, ""best_gpu"": 0, ""current_r"": 0.0, ""best_r"": 0.0, ""absolute_delta"": 0.0, ""tau"": 0.00035, ""chosen_gpu"": 0}, {""model"": ""model_3"", ""current_gpu"": 1, ""best_gpu"": 1, ""current_r"": 0.0, ""best_r"": 0.0, ""absolute_delta"": 0.0, ""tau"": 0.00035, ""chosen_gpu"": 1}, {""model"": ""model_6"", ""current_gpu"": 1, ""best_gpu"": 1, ""current_r"": 0.06206418968655709, ""best_r"": 0.06206418968655709, ""absolute_delta"": 0.0, ""tau"": 0.00035, ""chosen_gpu"": 1}, {""model"": ""model_4"", ""current_gpu"": 0, ""best_gpu"": 0, ""current_r"": 0.08342173027634847, ""best_r"": 0.08342173027634847, ""absolute_delta"": 0.0, ""tau"": 0.00035, ""chosen_gpu"": 0}]"
steady,10,2,38,1787620730.6390302,0.00035,0.11294932304144552,0.09975299597720001,0.11294932304144552,2+2,2+2,"{""model_3"": 1, ""model_4"": 0, ""model_5"": 0, ""model_6"": 1}","{""model_3"": 1, ""model_4"": 0, ""model_5"": 0, ""model_6"": 1}",0,,False,,line-8 placement unchanged or every candidate blocked,0,0,,,,,,4,0,0,0.0,"[{""model"": ""model_5"", ""current_gpu"": 0, ""best_gpu"": 0, ""current_r"": 0.0, ""best_r"": 0.0, ""absolute_delta"": 0.0, ""tau"": 0.00035, ""chosen_gpu"": 0}, {""model"": ""model_3"", ""current_gpu"": 1, ""best_gpu"": 1, ""current_r"": 0.0, ""best_r"": 0.0, ""absolute_delta"": 0.0, ""tau"": 0.00035, ""chosen_gpu"": 1}, {""model"": ""model_6"", ""current_gpu"": 1, ""best_gpu"": 1, ""current_r"": 0.06369515380579586, ""best_r"": 0.06369515380579586, ""absolute_delta"": 0.0, ""tau"": 0.00035, ""chosen_gpu"": 1}, {""model"": ""model_4"", ""current_gpu"": 0, ""best_gpu"": 0, ""current_r"": 0.0804872104226096, ""best_r"": 0.0804872104226096, ""absolute_delta"": 0.0, ""tau"": 0.00035, ""chosen_gpu"": 0}]"
steady,10,2,39,1787620735.6771994,0.00035,0.12433380481517259,0.10144930530635712,0.12433380481517259,2+2,2+2,"{""model_3"": 1, ""model_4"": 0, ""model_5"": 0, ""model_6"": 1}","{""model_3"": 1, ""model_4"": 0, ""model_5"": 0, ""model_6"": 1}",0,,False,,line-8 placement unchanged or every candidate blocked,0,0,,,,,,4,1,1,0.0,"[{""model"": ""model_3"", ""current_gpu"": 1, ""best_gpu"": 0, ""current_r"": 0.0, ""best_r"": 0.0, ""absolute_delta"": 0.0, ""tau"": 0.00035, ""chosen_gpu"": 1}, {""model"": ""model_5"", ""current_gpu"": 0, ""best_gpu"": 0, ""current_r"": 0.0, ""best_r"": 0.0, ""absolute_delta"": 0.0, ""tau"": 0.00035, ""chosen_gpu"": 0}, {""model"": ""model_6"", ""current_gpu"": 1, ""best_gpu"": 1, ""current_r"": 0.07187322387119988, ""best_r"": 0.07187322387119988, ""absolute_delta"": 0.0, ""tau"": 0.00035, ""chosen_gpu"": 1}, {""model"": ""model_4"", ""current_gpu"": 0, ""best_gpu"": 0, ""current_r"": 0.07840543759608924, ""best_r"": 0.07840543759608924, ""absolute_delta"": 0.0, ""tau"": 0.00035, ""chosen_gpu"": 0}]"
steady,10,2,40,1787620740.7169778,0.00035,0.1176871314064114,0.11592075439832035,0.1176871314064114,2+2,2+2,"{""model_3"": 1, ""model_4"": 0, ""model_5"": 0, ""model_6"": 1}","{""model_3"": 1, ""model_4"": 0, ""model_5"": 0, ""model_6"": 1}",0,,False,,line-8 placement unchanged or every candidate blocked,0,0,,,,,,4,0,0,0.0,"[{""model"": ""model_5"", ""current_gpu"": 0, ""best_gpu"": 0, ""current_r"": 0.0, ""best_r"": 0.0, ""absolute_delta"": 0.0, ""tau"": 0.00035, ""chosen_gpu"": 0}, {""model"": ""model_3"", ""current_gpu"": 1, ""best_gpu"": 1, ""current_r"": 0.0, ""best_r"": 0.0, ""absolute_delta"": 0.0, ""tau"": 0.00035, ""chosen_gpu"": 1}, {""model"": ""model_6"", ""current_gpu"": 1, ""best_gpu"": 1, ""current_r"": 0.06916668836749607, ""best_r"": 0.06916668836749607, ""absolute_delta"": 0.0, ""tau"": 0.00035, ""chosen_gpu"": 1}, {""model"": ""model_4"", ""current_gpu"": 0, ""best_gpu"": 0, ""current_r"": 0.09463427472978876, ""best_r"": 0.09463427472978876, ""absolute_delta"": 0.0, ""tau"": 0.00035, ""chosen_gpu"": 0}]"
steady,10,2,41,1787620745.7685907,0.00035,0.1027970183356372,0.1027970183356372,0.09694112349396097,2+2,2+2,"{""model_3"": 1, ""model_4"": 0, ""model_5"": 0, ""model_6"": 1}","{""model_3"": 1, ""model_4"": 0, ""model_5"": 0, ""model_6"": 1}",0,,False,,line-8 placement unchanged or every candidate blocked,0,0,,,,,,4,0,0,0.0,"[{""model"": ""model_5"", ""current_gpu"": 0, ""best_gpu"": 0, ""current_r"": 0.0, ""best_r"": 0.0, ""absolute_delta"": 0.0, ""tau"": 0.00035, ""chosen_gpu"": 0}, {""model"": ""model_3"", ""current_gpu"": 1, ""best_gpu"": 1, ""current_r"": 0.0, ""best_r"": 0.0, ""absolute_delta"": 0.0, ""tau"": 0.00035, ""chosen_gpu"": 1}, {""model"": ""model_6"", ""current_gpu"": 1, ""best_gpu"": 1, ""current_r"": 0.05554647474599054, ""best_r"": 0.05554647474599054, ""absolute_delta"": 0.0, ""tau"": 0.00035, ""chosen_gpu"": 1}, {""model"": ""model_4"", ""current_gpu"": 0, ""best_gpu"": 0, ""current_r"": 0.08387633976517654, ""best_r"": 0.08387633976517654, ""absolute_delta"": 0.0, ""tau"": 0.00035, ""chosen_gpu"": 0}]"
steady,10,2,42,1787620750.8095505,0.00035,0.10604400225251055,0.10604400225251055,0.09004390247135681,2+2,2+2,"{""model_3"": 1, ""model_4"": 0, ""model_5"": 0, ""model_6"": 1}","{""model_3"": 1, ""model_4"": 0, ""model_5"": 0, ""model_6"": 1}",0,,False,,line-8 placement unchanged or every candidate blocked,0,0,,,,,,4,0,0,0.0,"[{""model"": ""model_5"", ""current_gpu"": 0, ""best_gpu"": 0, ""current_r"": 0.0, ""best_r"": 0.0, ""absolute_delta"": 0.0, ""tau"": 0.00035, ""chosen_gpu"": 0}, {""model"": ""model_3"", ""current_gpu"": 1, ""best_gpu"": 1, ""current_r"": 0.0, ""best_r"": 0.0, ""absolute_delta"": 0.0, ""tau"": 0.00035, ""chosen_gpu"": 1}, {""model"": ""model_6"", ""current_gpu"": 1, ""best_gpu"": 1, ""current_r"": 0.04932999297767805, ""best_r"": 0.04932999297767805, ""absolute_delta"": 0.0, ""tau"": 0.00035, ""chosen_gpu"": 1}, {""model"": ""model_4"", ""current_gpu"": 0, ""best_gpu"": 0, ""current_r"": 0.08783762130001782, ""best_r"": 0.08783762130001782, ""absolute_delta"": 0.0, ""tau"": 0.00035, ""chosen_gpu"": 0}]"
steady,10,2,43,1787620755.8579667,0.00035,0.09580806467472011,0.09580806467472011,0.08904170041138733,2+2,2+2,"{""model_3"": 1, ""model_4"": 0, ""model_5"": 0, ""model_6"": 1}","{""model_3"": 1, ""model_4"": 0, ""model_5"": 0, ""model_6"": 1}",0,,False,,line-8 placement unchanged or every candidate blocked,0,0,,,,,,4,0,0,0.0,"[{""model"": ""model_5"", ""current_gpu"": 0, ""best_gpu"": 0, ""current_r"": 0.0, ""best_r"": 0.0, ""absolute_delta"": 0.0, ""tau"": 0.00035, ""chosen_gpu"": 0}, {""model"": ""model_3"", ""current_gpu"": 1, ""best_gpu"": 1, ""current_r"": 0.0, ""best_r"": 0.0, ""absolute_delta"": 0.0, ""tau"": 0.00035, ""chosen_gpu"": 1}, {""model"": ""model_6"", ""current_gpu"": 1, ""best_gpu"": 1, ""current_r"": 0.04397683694949961, ""best_r"": 0.04397683694949961, ""absolute_delta"": 0.0, ""tau"": 0.00035, ""chosen_gpu"": 1}, {""model"": ""model_4"", ""current_gpu"": 0, ""best_gpu"": 0, ""current_r"": 0.07830548976980087, ""best_r"": 0.07830548976980087, ""absolute_delta"": 0.0, ""tau"": 0.00035, ""chosen_gpu"": 0}]"
steady,10,2,44,1787620760.8962994,0.00035,0.09497115617504458,0.09000763896199142,0.09497115617504458,2+2,2+2,"{""model_3"": 1, ""model_4"": 0, ""model_5"": 0, ""model_6"": 1}","{""model_3"": 1, ""model_4"": 0, ""model_5"": 0, ""model_6"": 1}",0,,False,,line-8 placement unchanged or every candidate blocked,0,0,,,,,,4,0,0,0.0,"[{""model"": ""model_5"", ""current_gpu"": 0, ""best_gpu"": 0, ""current_r"": 0.0, ""best_r"": 0.0, ""absolute_delta"": 0.0, ""tau"": 0.00035, ""chosen_gpu"": 0}, {""model"": ""model_3"", ""current_gpu"": 1, ""best_gpu"": 1, ""current_r"": 0.0, ""best_r"": 0.0, ""absolute_delta"": 0.0, ""tau"": 0.00035, ""chosen_gpu"": 1}, {""model"": ""model_6"", ""current_gpu"": 1, ""best_gpu"": 1, ""current_r"": 0.052718609594114146, ""best_r"": 0.052718609594114146, ""absolute_delta"": 0.0, ""tau"": 0.00035, ""chosen_gpu"": 1}, {""model"": ""model_4"", ""current_gpu"": 0, ""best_gpu"": 0, ""current_r"": 0.07333109092033463, ""best_r"": 0.07333109092033463, ""absolute_delta"": 0.0, ""tau"": 0.00035, ""chosen_gpu"": 0}]"
steady,10,2,45,1787620765.9338882,0.00035,0.10358369985453822,0.07770404101324067,0.10358369985453822,2+2,2+2,"{""model_3"": 1, ""model_4"": 0, ""model_5"": 0, ""model_6"": 1}","{""model_3"": 1, ""model_4"": 1, ""model_5"": 0, ""model_6"": 0}",2,"model_6,model_4",False,MIGRATE,literal line-8 absolute delta exceeds tau,2,0,,model_4,0,1,0.12470273999535113,4,3,1,0.04687450568456382,"[{""model"": ""model_3"", ""current_gpu"": 1, ""best_gpu"": 0, ""current_r"": 0.0, ""best_r"": 0.0, ""absolute_delta"": 0.0, ""tau"": 0.00035, ""chosen_gpu"": 1}, {""model"": ""model_5"", ""current_gpu"": 0, ""best_gpu"": 0, ""current_r"": 0.0, ""best_r"": 0.0, ""absolute_delta"": 0.0, ""tau"": 0.00035, ""chosen_gpu"": 0}, {""model"": ""model_6"", ""current_gpu"": 1, ""best_gpu"": 0, ""current_r"": 0.06322085367365984, ""best_r"": 0.06257172994973126, ""absolute_delta"": 0.0006491237239285852, ""tau"": 0.00035, ""chosen_gpu"": 0}, {""model"": ""model_4"", ""current_gpu"": 0, ""best_gpu"": 1, ""current_r"": 0.11009535935822366, ""best_r"": 0.06322085367365984, ""absolute_delta"": 0.04687450568456382, ""tau"": 0.00035, ""chosen_gpu"": 1}]"
steady,10,2,46,1787620770.971077,0.00035,0.11633285090668523,0.07624704230236029,0.11633285090668523,1+3,2+2,"{""model_3"": 1, ""model_4"": 1, ""model_5"": 0, ""model_6"": 1}","{""model_3"": 1, ""model_4"": 0, ""model_5"": 0, ""model_6"": 1}",1,model_4,True,,migration cooldown active,1,0,,,,,,4,1,0,0.020887367907160864,"[{""model"": ""model_5"", ""current_gpu"": 0, ""best_gpu"": 0, ""current_r"": 0.0, ""best_r"": 0.0, ""absolute_delta"": 0.0, ""tau"": 0.00035, ""chosen_gpu"": 0}, {""model"": ""model_3"", ""current_gpu"": 1, ""best_gpu"": 1, ""current_r"": 0.0, ""best_r"": 0.0, ""absolute_delta"": 0.0, ""tau"": 0.00035, ""chosen_gpu"": 1}, {""model"": ""model_6"", ""current_gpu"": 1, ""best_gpu"": 1, ""current_r"": 0.05932440306741271, ""best_r"": 0.05932440306741271, ""absolute_delta"": 0.0, ""tau"": 0.00035, ""chosen_gpu"": 1}, {""model"": ""model_4"", ""current_gpu"": 1, ""best_gpu"": 0, ""current_r"": 0.09713441020952115, ""best_r"": 0.07624704230236029, ""absolute_delta"": 0.020887367907160864, ""tau"": 0.00035, ""chosen_gpu"": 0}]"
steady,10,2,47,1787620776.012422,0.00035,0.15160294292659984,0.08460973273610743,0.15160294292659984,1+3,2+2,"{""model_3"": 1, ""model_4"": 1, ""model_5"": 0, ""model_6"": 1}","{""model_3"": 1, ""model_4"": 0, ""model_5"": 0, ""model_6"": 1}",1,model_4,True,,migration cooldown active,1,0,,,,,,4,2,1,0.041458489510175486,"[{""model"": ""model_3"", ""current_gpu"": 1, ""best_gpu"": 0, ""current_r"": 0.0, ""best_r"": 0.0, ""absolute_delta"": 0.0, ""tau"": 0.00035, ""chosen_gpu"": 1}, {""model"": ""model_5"", ""current_gpu"": 0, ""best_gpu"": 0, ""current_r"": 0.0, ""best_r"": 0.0, ""absolute_delta"": 0.0, ""tau"": 0.00035, ""chosen_gpu"": 0}, {""model"": ""model_6"", ""current_gpu"": 1, ""best_gpu"": 1, ""current_r"": 0.07865582768634738, ""best_r"": 0.07865582768634738, ""absolute_delta"": 0.0, ""tau"": 0.00035, ""chosen_gpu"": 1}, {""model"": ""model_4"", ""current_gpu"": 1, ""best_gpu"": 0, ""current_r"": 0.12606822224628292, ""best_r"": 0.08460973273610743, ""absolute_delta"": 0.041458489510175486, ""tau"": 0.00035, ""chosen_gpu"": 0}]"
steady,10,2,48,1787620781.4503596,0.00035,0.1564361516210159,0.07945705516193324,0.1564361516210159,1+3,2+2,"{""model_3"": 1, ""model_4"": 1, ""model_5"": 0, ""model_6"": 1}","{""model_3"": 1, ""model_4"": 1, ""model_5"": 0, ""model_6"": 0}",1,model_6,True,,migration cooldown active,1,0,,,,,,4,2,1,0.0013135848368596992,"[{""model"": ""model_3"", ""current_gpu"": 1, ""best_gpu"": 0, ""current_r"": 0.0, ""best_r"": 0.0, ""absolute_delta"": 0.0, ""tau"": 0.00035, ""chosen_gpu"": 1}, {""model"": ""model_5"", ""current_gpu"": 0, ""best_gpu"": 0, ""current_r"": 0.0, ""best_r"": 0.0, ""absolute_delta"": 0.0, ""tau"": 0.00035, ""chosen_gpu"": 0}, {""model"": ""model_6"", ""current_gpu"": 1, ""best_gpu"": 0, ""current_r"": 0.08077063999879294, ""best_r"": 0.07945705516193324, ""absolute_delta"": 0.0013135848368596992, ""tau"": 0.00035, ""chosen_gpu"": 0}, {""model"": ""model_4"", ""current_gpu"": 1, ""best_gpu"": 1, ""current_r"": 0.08077063999879294, ""best_r"": 0.08077063999879294, ""absolute_delta"": 0.0, ""tau"": 0.00035, ""chosen_gpu"": 1}]"
steady,10,2,49,1787620786.5157008,0.00035,0.14460237961637692,0.06328134577129291,0.14460237961637692,1+3,2+2,"{""model_3"": 1, ""model_4"": 1, ""model_5"": 0, ""model_6"": 1}","{""model_3"": 1, ""model_4"": 1, ""model_5"": 0, ""model_6"": 0}",1,model_6,True,,migration cooldown active,1,0,,,,,,4,2,1,0.010324248505844957,"[{""model"": ""model_3"", ""current_gpu"": 1, ""best_gpu"": 0, ""current_r"": 0.0, ""best_r"": 0.0, ""absolute_delta"": 0.0, ""tau"": 0.00035, ""chosen_gpu"": 1}, {""model"": ""model_5"", ""current_gpu"": 0, ""best_gpu"": 0, ""current_r"": 0.0, ""best_r"": 0.0, ""absolute_delta"": 0.0, ""tau"": 0.00035, ""chosen_gpu"": 0}, {""model"": ""model_6"", ""current_gpu"": 1, ""best_gpu"": 0, ""current_r"": 0.07360559427713786, ""best_r"": 0.06328134577129291, ""absolute_delta"": 0.010324248505844957, ""tau"": 0.00035, ""chosen_gpu"": 0}, {""model"": ""model_4"", ""current_gpu"": 1, ""best_gpu"": 1, ""current_r"": 0.07360559427713786, ""best_r"": 0.07360559427713786, ""absolute_delta"": 0.0, ""tau"": 0.00035, ""chosen_gpu"": 1}]"
steady,10,2,50,1787620791.5595622,0.00035,0.12365362411807199,0.10212287102011729,0.12365362411807199,1+3,2+2,"{""model_3"": 1, ""model_4"": 1, ""model_5"": 0, ""model_6"": 1}","{""model_3"": 1, ""model_4"": 0, ""model_5"": 0, ""model_6"": 1}",1,model_4,True,,migration cooldown active,1,0,,,,,,4,1,0,0.0005268476735270228,"[{""model"": ""model_5"", ""current_gpu"": 0, ""best_gpu"": 0, ""current_r"": 0.0, ""best_r"": 0.0, ""absolute_delta"": 0.0, ""tau"": 0.00035, ""chosen_gpu"": 0}, {""model"": ""model_3"", ""current_gpu"": 1, ""best_gpu"": 1, ""current_r"": 0.0, ""best_r"": 0.0, ""absolute_delta"": 0.0, ""tau"": 0.00035, ""chosen_gpu"": 1}, {""model"": ""model_6"", ""current_gpu"": 1, ""best_gpu"": 1, ""current_r"": 0.062316397654366466, ""best_r"": 0.062316397654366466, ""absolute_delta"": 0.0, ""tau"": 0.00035, ""chosen_gpu"": 1}, {""model"": ""model_4"", ""current_gpu"": 1, ""best_gpu"": 0, ""current_r"": 0.10264971869364431, ""best_r"": 0.10212287102011729, ""absolute_delta"": 0.0005268476735270228, ""tau"": 0.00035, ""chosen_gpu"": 0}]"
steady,10,2,51,1787620796.604929,0.00035,0.13264698419355253,0.09351314776409524,0.13264698419355253,1+3,2+2,"{""model_3"": 1, ""model_4"": 1, ""model_5"": 0, ""model_6"": 1}","{""model_3"": 1, ""model_4"": 0, ""model_5"": 0, ""model_6"": 1}",1,model_4,False,MIGRATE,literal line-8 absolute delta exceeds tau,1,0,,model_4,1,0,0.11458495540762836,4,1,0,0.014415077924953293,"[{""model"": ""model_5"", ""current_gpu"": 0, ""best_gpu"": 0, ""current_r"": 0.0, ""best_r"": 0.0, ""absolute_delta"": 0.0, ""tau"": 0.00035, ""chosen_gpu"": 0}, {""model"": ""model_3"", ""current_gpu"": 1, ""best_gpu"": 1, ""current_r"": 0.0, ""best_r"": 0.0, ""absolute_delta"": 0.0, ""tau"": 0.00035, ""chosen_gpu"": 1}, {""model"": ""model_6"", ""current_gpu"": 1, ""best_gpu"": 1, ""current_r"": 0.059830650731329385, ""best_r"": 0.059830650731329385, ""absolute_delta"": 0.0, ""tau"": 0.00035, ""chosen_gpu"": 1}, {""model"": ""model_4"", ""current_gpu"": 1, ""best_gpu"": 0, ""current_r"": 0.10792822568904853, ""best_r"": 0.09351314776409524, ""absolute_delta"": 0.014415077924953293, ""tau"": 0.00035, ""chosen_gpu"": 0}]"
steady,10,2,52,1787620801.646879,0.00035,0.10765881429205719,0.09470760298557306,0.10765881429205719,2+2,2+2,"{""model_3"": 1, ""model_4"": 0, ""model_5"": 0, ""model_6"": 1}","{""model_3"": 1, ""model_4"": 0, ""model_5"": 0, ""model_6"": 1}",0,,True,,migration cooldown active,0,0,,,,,,4,0,0,0.0,"[{""model"": ""model_5"", ""current_gpu"": 0, ""best_gpu"": 0, ""current_r"": 0.0, ""best_r"": 0.0, ""absolute_delta"": 0.0, ""tau"": 0.00035, ""chosen_gpu"": 0}, {""model"": ""model_3"", ""current_gpu"": 1, ""best_gpu"": 1, ""current_r"": 0.0, ""best_r"": 0.0, ""absolute_delta"": 0.0, ""tau"": 0.00035, ""chosen_gpu"": 1}, {""model"": ""model_6"", ""current_gpu"": 1, ""best_gpu"": 1, ""current_r"": 0.05540051660049803, ""best_r"": 0.05540051660049803, ""absolute_delta"": 0.0, ""tau"": 0.00035, ""chosen_gpu"": 1}, {""model"": ""model_4"", ""current_gpu"": 0, ""best_gpu"": 0, ""current_r"": 0.07952789263222626, ""best_r"": 0.07952789263222626, ""absolute_delta"": 0.0, ""tau"": 0.00035, ""chosen_gpu"": 0}]"
steady,10,2,53,1787620806.7196972,0.00035,0.11525933006959271,0.09833022348244239,0.11525933006959271,2+2,2+2,"{""model_3"": 1, ""model_4"": 0, ""model_5"": 0, ""model_6"": 1}","{""model_3"": 1, ""model_4"": 0, ""model_5"": 0, ""model_6"": 1}",0,,True,,migration cooldown active,0,0,,,,,,4,0,0,0.0,"[{""model"": ""model_5"", ""current_gpu"": 0, ""best_gpu"": 0, ""current_r"": 0.0, ""best_r"": 0.0, ""absolute_delta"": 0.0, ""tau"": 0.00035, ""chosen_gpu"": 0}, {""model"": ""model_3"", ""current_gpu"": 1, ""best_gpu"": 1, ""current_r"": 0.0, ""best_r"": 0.0, ""absolute_delta"": 0.0, ""tau"": 0.00035, ""chosen_gpu"": 1}, {""model"": ""model_6"", ""current_gpu"": 1, ""best_gpu"": 1, ""current_r"": 0.06537477377768021, ""best_r"": 0.06537477377768021, ""absolute_delta"": 0.0, ""tau"": 0.00035, ""chosen_gpu"": 1}, {""model"": ""model_4"", ""current_gpu"": 0, ""best_gpu"": 0, ""current_r"": 0.08127895175157603, ""best_r"": 0.08127895175157603, ""absolute_delta"": 0.0, ""tau"": 0.00035, ""chosen_gpu"": 0}]"
steady,10,2,54,1787620811.7650545,0.00035,0.12123037380213778,0.1183640155253363,0.12123037380213778,2+2,2+2,"{""model_3"": 1, ""model_4"": 0, ""model_5"": 0, ""model_6"": 1}","{""model_3"": 1, ""model_4"": 0, ""model_5"": 0, ""model_6"": 1}",0,,True,,migration cooldown active,0,0,,,,,,4,0,0,0.0,"[{""model"": ""model_5"", ""current_gpu"": 0, ""best_gpu"": 0, ""current_r"": 0.0, ""best_r"": 0.0, ""absolute_delta"": 0.0, ""tau"": 0.00035, ""chosen_gpu"": 0}, {""model"": ""model_3"", ""current_gpu"": 1, ""best_gpu"": 1, ""current_r"": 0.0, ""best_r"": 0.0, ""absolute_delta"": 0.0, ""tau"": 0.00035, ""chosen_gpu"": 1}, {""model"": ""model_6"", ""current_gpu"": 1, ""best_gpu"": 1, ""current_r"": 0.06865895397353576, ""best_r"": 0.06865895397353576, ""absolute_delta"": 0.0, ""tau"": 0.00035, ""chosen_gpu"": 1}, {""model"": ""model_4"", ""current_gpu"": 0, ""best_gpu"": 0, ""current_r"": 0.09850476684839893, ""best_r"": 0.09850476684839893, ""absolute_delta"": 0.0, ""tau"": 0.00035, ""chosen_gpu"": 0}]"
steady,10,2,55,1787620816.809723,0.00035,0.12012423071822817,0.1055030486336458,0.12012423071822817,2+2,2+2,"{""model_3"": 1, ""model_4"": 0, ""model_5"": 0, ""model_6"": 1}","{""model_3"": 1, ""model_4"": 0, ""model_5"": 0, ""model_6"": 1}",0,,True,,migration cooldown active,0,0,,,,,,4,0,0,0.0,"[{""model"": ""model_5"", ""current_gpu"": 0, ""best_gpu"": 0, ""current_r"": 0.0, ""best_r"": 0.0, ""absolute_delta"": 0.0, ""tau"": 0.00035, ""chosen_gpu"": 0}, {""model"": ""model_3"", ""current_gpu"": 1, ""best_gpu"": 1, ""current_r"": 0.0, ""best_r"": 0.0, ""absolute_delta"": 0.0, ""tau"": 0.00035, ""chosen_gpu"": 1}, {""model"": ""model_6"", ""current_gpu"": 1, ""best_gpu"": 1, ""current_r"": 0.07216101602970436, ""best_r"": 0.07216101602970436, ""absolute_delta"": 0.0, ""tau"": 0.00035, ""chosen_gpu"": 1}, {""model"": ""model_4"", ""current_gpu"": 0, ""best_gpu"": 0, ""current_r"": 0.08888189670054285, ""best_r"": 0.08888189670054285, ""absolute_delta"": 0.0, ""tau"": 0.00035, ""chosen_gpu"": 0}]"
steady,10,2,56,1787620821.8574355,0.00035,0.11788919505580839,0.10410390004782383,0.11788919505580839,2+2,2+2,"{""model_3"": 1, ""model_4"": 0, ""model_5"": 0, ""model_6"": 1}","{""model_3"": 1, ""model_4"": 0, ""model_5"": 0, ""model_6"": 1}",0,,True,,migration cooldown active,0,0,,,,,,4,0,0,0.0,"[{""model"": ""model_5"", ""current_gpu"": 0, ""best_gpu"": 0, ""current_r"": 0.0, ""best_r"": 0.0, ""absolute_delta"": 0.0, ""tau"": 0.00035, ""chosen_gpu"": 0}, {""model"": ""model_3"", ""current_gpu"": 1, ""best_gpu"": 1, ""current_r"": 0.0, ""best_r"": 0.0, ""absolute_delta"": 0.0, ""tau"": 0.00035, ""chosen_gpu"": 1}, {""model"": ""model_6"", ""current_gpu"": 1, ""best_gpu"": 1, ""current_r"": 0.0682948165176356, ""best_r"": 0.0682948165176356, ""absolute_delta"": 0.0, ""tau"": 0.00035, ""chosen_gpu"": 1}, {""model"": ""model_4"", ""current_gpu"": 0, ""best_gpu"": 0, ""current_r"": 0.08607691473807959, ""best_r"": 0.08607691473807959, ""absolute_delta"": 0.0, ""tau"": 0.00035, ""chosen_gpu"": 0}]"
steady,10,2,57,1787620826.9065826,0.00035,0.11997942411936774,0.10898813759132386,0.11997942411936774,2+2,2+2,"{""model_3"": 1, ""model_4"": 0, ""model_5"": 0, ""model_6"": 1}","{""model_3"": 1, ""model_4"": 0, ""model_5"": 0, ""model_6"": 1}",0,,False,,line-8 placement unchanged or every candidate blocked,0,0,,,,,,4,0,0,0.0,"[{""model"": ""model_5"", ""current_gpu"": 0, ""best_gpu"": 0, ""current_r"": 0.0, ""best_r"": 0.0, ""absolute_delta"": 0.0, ""tau"": 0.00035, ""chosen_gpu"": 0}, {""model"": ""model_3"", ""current_gpu"": 1, ""best_gpu"": 1, ""current_r"": 0.0, ""best_r"": 0.0, ""absolute_delta"": 0.0, ""tau"": 0.00035, ""chosen_gpu"": 1}, {""model"": ""model_6"", ""current_gpu"": 1, ""best_gpu"": 1, ""current_r"": 0.0671380497438757, ""best_r"": 0.0671380497438757, ""absolute_delta"": 0.0, ""tau"": 0.00035, ""chosen_gpu"": 1}, {""model"": ""model_4"", ""current_gpu"": 0, ""best_gpu"": 0, ""current_r"": 0.09273531629424597, ""best_r"": 0.09273531629424597, ""absolute_delta"": 0.0, ""tau"": 0.00035, ""chosen_gpu"": 0}]"
steady,10,2,58,1787620831.9621377,0.00035,0.12395629634915853,0.1041658551342016,0.12395629634915853,2+2,2+2,"{""model_3"": 1, ""model_4"": 0, ""model_5"": 0, ""model_6"": 1}","{""model_3"": 1, ""model_4"": 0, ""model_5"": 0, ""model_6"": 1}",0,,False,,line-8 placement unchanged or every candidate blocked,0,0,,,,,,4,0,0,0.0,"[{""model"": ""model_5"", ""current_gpu"": 0, ""best_gpu"": 0, ""current_r"": 0.0, ""best_r"": 0.0, ""absolute_delta"": 0.0, ""tau"": 0.00035, ""chosen_gpu"": 0}, {""model"": ""model_3"", ""current_gpu"": 1, ""best_gpu"": 1, ""current_r"": 0.0, ""best_r"": 0.0, ""absolute_delta"": 0.0, ""tau"": 0.00035, ""chosen_gpu"": 1}, {""model"": ""model_6"", ""current_gpu"": 1, ""best_gpu"": 1, ""current_r"": 0.07301362768103697, ""best_r"": 0.07301362768103697, ""absolute_delta"": 0.0, ""tau"": 0.00035, ""chosen_gpu"": 1}, {""model"": ""model_4"", ""current_gpu"": 0, ""best_gpu"": 0, ""current_r"": 0.0890631105241365, ""best_r"": 0.0890631105241365, ""absolute_delta"": 0.0, ""tau"": 0.00035, ""chosen_gpu"": 0}]"
steady,10,2,59,1787620837.012014,0.00035,0.0976554816031971,0.08922689998528206,0.0976554816031971,2+2,2+2,"{""model_3"": 1, ""model_4"": 0, ""model_5"": 0, ""model_6"": 1}","{""model_3"": 1, ""model_4"": 0, ""model_5"": 0, ""model_6"": 1}",0,,False,,line-8 placement unchanged or every candidate blocked,0,0,,,,,,4,0,0,0.0,"[{""model"": ""model_5"", ""current_gpu"": 0, ""best_gpu"": 0, ""current_r"": 0.0, ""best_r"": 0.0, ""absolute_delta"": 0.0, ""tau"": 0.00035, ""chosen_gpu"": 0}, {""model"": ""model_3"", ""current_gpu"": 1, ""best_gpu"": 1, ""current_r"": 0.0, ""best_r"": 0.0, ""absolute_delta"": 0.0, ""tau"": 0.00035, ""chosen_gpu"": 1}, {""model"": ""model_6"", ""current_gpu"": 1, ""best_gpu"": 1, ""current_r"": 0.060243737966179114, ""best_r"": 0.060243737966179114, ""absolute_delta"": 0.0, ""tau"": 0.00035, ""chosen_gpu"": 1}, {""model"": ""model_4"", ""current_gpu"": 0, ""best_gpu"": 0, ""current_r"": 0.07541551124456342, ""best_r"": 0.07541551124456342, ""absolute_delta"": 0.0, ""tau"": 0.00035, ""chosen_gpu"": 0}]"
steady,10,2,60,1787620842.083383,0.00035,0.11632485777057351,0.10131060886885974,0.11632485777057351,2+2,2+2,"{""model_3"": 1, ""model_4"": 0, ""model_5"": 0, ""model_6"": 1}","{""model_3"": 1, ""model_4"": 0, ""model_5"": 0, ""model_6"": 1}",0,,False,,line-8 placement unchanged or every candidate blocked,0,0,,,,,,4,0,0,0.0,"[{""model"": ""model_5"", ""current_gpu"": 0, ""best_gpu"": 0, ""current_r"": 0.0, ""best_r"": 0.0, ""absolute_delta"": 0.0, ""tau"": 0.00035, ""chosen_gpu"": 0}, {""model"": ""model_3"", ""current_gpu"": 1, ""best_gpu"": 1, ""current_r"": 0.0, ""best_r"": 0.0, ""absolute_delta"": 0.0, ""tau"": 0.00035, ""chosen_gpu"": 1}, {""model"": ""model_6"", ""current_gpu"": 1, ""best_gpu"": 1, ""current_r"": 0.07341647819513242, ""best_r"": 0.07341647819513242, ""absolute_delta"": 0.0, ""tau"": 0.00035, ""chosen_gpu"": 1}, {""model"": ""model_4"", ""current_gpu"": 0, ""best_gpu"": 0, ""current_r"": 0.08657226391749547, ""best_r"": 0.08657226391749547, ""absolute_delta"": 0.0, ""tau"": 0.00035, ""chosen_gpu"": 0}]"
steady,10,2,61,1787620847.1619313,0.00035,0.09249612986523943,0.09249612986523943,0.09183800392804238,2+2,2+2,"{""model_3"": 1, ""model_4"": 0, ""model_5"": 0, ""model_6"": 1}","{""model_3"": 1, ""model_4"": 0, ""model_5"": 0, ""model_6"": 1}",0,,False,,line-8 placement unchanged or every candidate blocked,0,0,,,,,,4,0,0,0.0,"[{""model"": ""model_5"", ""current_gpu"": 0, ""best_gpu"": 0, ""current_r"": 0.0, ""best_r"": 0.0, ""absolute_delta"": 0.0, ""tau"": 0.00035, ""chosen_gpu"": 0}, {""model"": ""model_3"", ""current_gpu"": 1, ""best_gpu"": 1, ""current_r"": 0.0, ""best_r"": 0.0, ""absolute_delta"": 0.0, ""tau"": 0.00035, ""chosen_gpu"": 1}, {""model"": ""model_6"", ""current_gpu"": 1, ""best_gpu"": 1, ""current_r"": 0.052186171493331476, ""best_r"": 0.052186171493331476, ""absolute_delta"": 0.0, ""tau"": 0.00035, ""chosen_gpu"": 1}, {""model"": ""model_4"", ""current_gpu"": 0, ""best_gpu"": 0, ""current_r"": 0.07743432009647097, ""best_r"": 0.07743432009647097, ""absolute_delta"": 0.0, ""tau"": 0.00035, ""chosen_gpu"": 0}]"
steady,10,2,62,1787620852.214541,0.00035,0.09737854474292347,0.09737854474292347,0.09619076503370833,2+2,2+2,"{""model_3"": 1, ""model_4"": 0, ""model_5"": 0, ""model_6"": 1}","{""model_3"": 1, ""model_4"": 0, ""model_5"": 0, ""model_6"": 1}",0,,False,,line-8 placement unchanged or every candidate blocked,0,0,,,,,,4,0,0,0.0,"[{""model"": ""model_5"", ""current_gpu"": 0, ""best_gpu"": 0, ""current_r"": 0.0, ""best_r"": 0.0, ""absolute_delta"": 0.0, ""tau"": 0.00035, ""chosen_gpu"": 0}, {""model"": ""model_3"", ""current_gpu"": 1, ""best_gpu"": 1, ""current_r"": 0.0, ""best_r"": 0.0, ""absolute_delta"": 0.0, ""tau"": 0.00035, ""chosen_gpu"": 1}, {""model"": ""model_6"", ""current_gpu"": 1, ""best_gpu"": 1, ""current_r"": 0.05651935530253829, ""best_r"": 0.05651935530253829, ""absolute_delta"": 0.0, ""tau"": 0.00035, ""chosen_gpu"": 1}, {""model"": ""model_4"", ""current_gpu"": 0, ""best_gpu"": 0, ""current_r"": 0.08295211910749421, ""best_r"": 0.08295211910749421, ""absolute_delta"": 0.0, ""tau"": 0.00035, ""chosen_gpu"": 0}]"
steady,10,2,63,1787620857.2674778,0.00035,0.09687053565099399,0.09364888328449782,0.09687053565099399,2+2,2+2,"{""model_3"": 1, ""model_4"": 0, ""model_5"": 0, ""model_6"": 1}","{""model_3"": 1, ""model_4"": 0, ""model_5"": 0, ""model_6"": 1}",0,,False,,line-8 placement unchanged or every candidate blocked,0,0,,,,,,4,0,0,0.0,"[{""model"": ""model_5"", ""current_gpu"": 0, ""best_gpu"": 0, ""current_r"": 0.0, ""best_r"": 0.0, ""absolute_delta"": 0.0, ""tau"": 0.00035, ""chosen_gpu"": 0}, {""model"": ""model_3"", ""current_gpu"": 1, ""best_gpu"": 1, ""current_r"": 0.0, ""best_r"": 0.0, ""absolute_delta"": 0.0, ""tau"": 0.00035, ""chosen_gpu"": 1}, {""model"": ""model_6"", ""current_gpu"": 1, ""best_gpu"": 1, ""current_r"": 0.053001367472508644, ""best_r"": 0.053001367472508644, ""absolute_delta"": 0.0, ""tau"": 0.00035, ""chosen_gpu"": 1}, {""model"": ""model_4"", ""current_gpu"": 0, ""best_gpu"": 0, ""current_r"": 0.07734082005818373, ""best_r"": 0.07734082005818373, ""absolute_delta"": 0.0, ""tau"": 0.00035, ""chosen_gpu"": 0}]"
steady,10,2,64,1787620862.716518,0.00035,0.12669341617924604,0.12669341617924604,0.08771166522352111,2+2,1+3,"{""model_3"": 1, ""model_4"": 0, ""model_5"": 0, ""model_6"": 1}","{""model_3"": 1, ""model_4"": 1, ""model_5"": 0, ""model_6"": 1}",1,model_4,False,MIGRATE,literal line-8 absolute delta exceeds tau,1,0,,model_4,0,1,0.10853604782666357,4,1,0,0.01819456035581654,"[{""model"": ""model_5"", ""current_gpu"": 0, ""best_gpu"": 0, ""current_r"": 0.0, ""best_r"": 0.0, ""absolute_delta"": 0.0, ""tau"": 0.00035, ""chosen_gpu"": 0}, {""model"": ""model_3"", ""current_gpu"": 1, ""best_gpu"": 1, ""current_r"": 0.0, ""best_r"": 0.0, ""absolute_delta"": 0.0, ""tau"": 0.00035, ""chosen_gpu"": 1}, {""model"": ""model_6"", ""current_gpu"": 1, ""best_gpu"": 1, ""current_r"": 0.046001932993385335, ""best_r"": 0.046001932993385335, ""absolute_delta"": 0.0, ""tau"": 0.00035, ""chosen_gpu"": 1}, {""model"": ""model_4"", ""current_gpu"": 0, ""best_gpu"": 1, ""current_r"": 0.10590622557933765, ""best_r"": 0.08771166522352111, ""absolute_delta"": 0.01819456035581654, ""tau"": 0.00035, ""chosen_gpu"": 1}]"
steady,10,2,65,1787620867.7952614,0.00035,0.13845059836824972,0.13845059836824972,0.10647112922351065,1+3,1+3,"{""model_3"": 1, ""model_4"": 1, ""model_5"": 0, ""model_6"": 1}","{""model_3"": 1, ""model_4"": 1, ""model_5"": 0, ""model_6"": 1}",0,,True,,migration cooldown active,0,0,,,,,,4,0,0,0.0,"[{""model"": ""model_5"", ""current_gpu"": 0, ""best_gpu"": 0, ""current_r"": 0.0, ""best_r"": 0.0, ""absolute_delta"": 0.0, ""tau"": 0.00035, ""chosen_gpu"": 0}, {""model"": ""model_3"", ""current_gpu"": 1, ""best_gpu"": 1, ""current_r"": 0.0, ""best_r"": 0.0, ""absolute_delta"": 0.0, ""tau"": 0.00035, ""chosen_gpu"": 1}, {""model"": ""model_6"", ""current_gpu"": 1, ""best_gpu"": 1, ""current_r"": 0.04831554165490144, ""best_r"": 0.04831554165490144, ""absolute_delta"": 0.0, ""tau"": 0.00035, ""chosen_gpu"": 1}, {""model"": ""model_4"", ""current_gpu"": 1, ""best_gpu"": 1, ""current_r"": 0.08744042942913946, ""best_r"": 0.08744042942913946, ""absolute_delta"": 0.0, ""tau"": 0.00035, ""chosen_gpu"": 1}]"
steady,10,2,66,1787620872.8571985,0.00035,0.1176517529272598,0.0997251601866784,0.1176517529272598,1+3,1+3,"{""model_3"": 1, ""model_4"": 1, ""model_5"": 0, ""model_6"": 1}","{""model_3"": 1, ""model_4"": 1, ""model_5"": 0, ""model_6"": 1}",0,,True,,migration cooldown active,0,0,,,,,,4,0,0,0.0,"[{""model"": ""model_5"", ""current_gpu"": 0, ""best_gpu"": 0, ""current_r"": 0.0, ""best_r"": 0.0, ""absolute_delta"": 0.0, ""tau"": 0.00035, ""chosen_gpu"": 0}, {""model"": ""model_3"", ""current_gpu"": 1, ""best_gpu"": 1, ""current_r"": 0.0, ""best_r"": 0.0, ""absolute_delta"": 0.0, ""tau"": 0.00035, ""chosen_gpu"": 1}, {""model"": ""model_6"", ""current_gpu"": 1, ""best_gpu"": 1, ""current_r"": 0.05213818571586014, ""best_r"": 0.05213818571586014, ""absolute_delta"": 0.0, ""tau"": 0.00035, ""chosen_gpu"": 1}, {""model"": ""model_4"", ""current_gpu"": 1, ""best_gpu"": 1, ""current_r"": 0.09615231459404741, ""best_r"": 0.09615231459404741, ""absolute_delta"": 0.0, ""tau"": 0.00035, ""chosen_gpu"": 1}]"
steady,10,2,67,1787620877.937898,0.00035,0.12021467858403953,0.07925031717829781,0.12021467858403953,1+3,2+2,"{""model_3"": 1, ""model_4"": 1, ""model_5"": 0, ""model_6"": 1}","{""model_3"": 1, ""model_4"": 0, ""model_5"": 0, ""model_6"": 1}",1,model_4,True,,migration cooldown active,1,0,,,,,,4,1,0,0.0164036170269361,"[{""model"": ""model_5"", ""current_gpu"": 0, ""best_gpu"": 0, ""current_r"": 0.0, ""best_r"": 0.0, ""absolute_delta"": 0.0, ""tau"": 0.00035, ""chosen_gpu"": 0}, {""model"": ""model_3"", ""current_gpu"": 1, ""best_gpu"": 1, ""current_r"": 0.0, ""best_r"": 0.0, ""absolute_delta"": 0.0, ""tau"": 0.00035, ""chosen_gpu"": 1}, {""model"": ""model_6"", ""current_gpu"": 1, ""best_gpu"": 1, ""current_r"": 0.055548306507215754, ""best_r"": 0.055548306507215754, ""absolute_delta"": 0.0, ""tau"": 0.00035, ""chosen_gpu"": 1}, {""model"": ""model_4"", ""current_gpu"": 1, ""best_gpu"": 0, ""current_r"": 0.09565393420523391, ""best_r"": 0.07925031717829781, ""absolute_delta"": 0.0164036170269361, ""tau"": 0.00035, ""chosen_gpu"": 0}]"
steady,10,2,68,1787620882.9998608,0.00035,0.12602883594425812,0.08455357457191558,0.12602883594425812,1+3,2+2,"{""model_3"": 1, ""model_4"": 1, ""model_5"": 0, ""model_6"": 1}","{""model_3"": 1, ""model_4"": 0, ""model_5"": 0, ""model_6"": 1}",1,model_4,True,,migration cooldown active,1,0,,,,,,4,1,0,0.017862881205142206,"[{""model"": ""model_5"", ""current_gpu"": 0, ""best_gpu"": 0, ""current_r"": 0.0, ""best_r"": 0.0, ""absolute_delta"": 0.0, ""tau"": 0.00035, ""chosen_gpu"": 0}, {""model"": ""model_3"", ""current_gpu"": 1, ""best_gpu"": 1, ""current_r"": 0.0, ""best_r"": 0.0, ""absolute_delta"": 0.0, ""tau"": 0.00035, ""chosen_gpu"": 1}, {""model"": ""model_6"", ""current_gpu"": 1, ""best_gpu"": 1, ""current_r"": 0.06268693928119665, ""best_r"": 0.06268693928119665, ""absolute_delta"": 0.0, ""tau"": 0.00035, ""chosen_gpu"": 1}, {""model"": ""model_4"", ""current_gpu"": 1, ""best_gpu"": 0, ""current_r"": 0.10241645577705778, ""best_r"": 0.08455357457191558, ""absolute_delta"": 0.017862881205142206, ""tau"": 0.00035, ""chosen_gpu"": 0}]"
steady,10,2,69,1787620888.0583212,0.00035,0.12298522135304546,0.09915404029891868,0.12298522135304546,1+3,2+2,"{""model_3"": 1, ""model_4"": 1, ""model_5"": 0, ""model_6"": 1}","{""model_3"": 1, ""model_4"": 0, ""model_5"": 0, ""model_6"": 1}",1,model_4,True,,migration cooldown active,1,0,,,,,,4,1,0,0.0025435763947321832,"[{""model"": ""model_5"", ""current_gpu"": 0, ""best_gpu"": 0, ""current_r"": 0.0, ""best_r"": 0.0, ""absolute_delta"": 0.0, ""tau"": 0.00035, ""chosen_gpu"": 0}, {""model"": ""model_3"", ""current_gpu"": 1, ""best_gpu"": 1, ""current_r"": 0.0, ""best_r"": 0.0, ""absolute_delta"": 0.0, ""tau"": 0.00035, ""chosen_gpu"": 1}, {""model"": ""model_6"", ""current_gpu"": 1, ""best_gpu"": 1, ""current_r"": 0.054064928112010684, ""best_r"": 0.054064928112010684, ""absolute_delta"": 0.0, ""tau"": 0.00035, ""chosen_gpu"": 1}, {""model"": ""model_4"", ""current_gpu"": 1, ""best_gpu"": 0, ""current_r"": 0.10169761669365086, ""best_r"": 0.09915404029891868, ""absolute_delta"": 0.0025435763947321832, ""tau"": 0.00035, ""chosen_gpu"": 0}]"
steady,10,2,70,1787620893.1213422,0.00035,0.12480685671419159,0.08466460535185909,0.12480685671419159,1+3,2+2,"{""model_3"": 1, ""model_4"": 1, ""model_5"": 0, ""model_6"": 1}","{""model_3"": 1, ""model_4"": 0, ""model_5"": 0, ""model_6"": 1}",1,model_4,False,MIGRATE,literal line-8 absolute delta exceeds tau,1,0,,model_4,1,0,0.10564090707716818,4,1,0,0.020976301725309093,"[{""model"": ""model_5"", ""current_gpu"": 0, ""best_gpu"": 0, ""current_r"": 0.0, ""best_r"": 0.0, ""absolute_delta"": 0.0, ""tau"": 0.00035, ""chosen_gpu"": 0}, {""model"": ""model_3"", ""current_gpu"": 1, ""best_gpu"": 1, ""current_r"": 0.0, ""best_r"": 0.0, ""absolute_delta"": 0.0, ""tau"": 0.00035, ""chosen_gpu"": 1}, {""model"": ""model_6"", ""current_gpu"": 1, ""best_gpu"": 1, ""current_r"": 0.05848910992187098, ""best_r"": 0.05848910992187098, ""absolute_delta"": 0.0, ""tau"": 0.00035, ""chosen_gpu"": 1}, {""model"": ""model_4"", ""current_gpu"": 1, ""best_gpu"": 0, ""current_r"": 0.10564090707716818, ""best_r"": 0.08466460535185909, ""absolute_delta"": 0.020976301725309093, ""tau"": 0.00035, ""chosen_gpu"": 0}]"
steady,10,2,71,1787620898.178406,0.00035,0.1269832576339569,0.1179405601006108,0.1269832576339569,2+2,2+2,"{""model_3"": 1, ""model_4"": 0, ""model_5"": 0, ""model_6"": 1}","{""model_3"": 1, ""model_4"": 0, ""model_5"": 0, ""model_6"": 1}",0,,True,,migration cooldown active,0,0,,,,,,4,0,0,0.0,"[{""model"": ""model_5"", ""current_gpu"": 0, ""best_gpu"": 0, ""current_r"": 0.0, ""best_r"": 0.0, ""absolute_delta"": 0.0, ""tau"": 0.00035, ""chosen_gpu"": 0}, {""model"": ""model_3"", ""current_gpu"": 1, ""best_gpu"": 1, ""current_r"": 0.0, ""best_r"": 0.0, ""absolute_delta"": 0.0, ""tau"": 0.00035, ""chosen_gpu"": 1}, {""model"": ""model_6"", ""current_gpu"": 1, ""best_gpu"": 1, ""current_r"": 0.0697183674884066, ""best_r"": 0.0697183674884066, ""absolute_delta"": 0.0, ""tau"": 0.00035, ""chosen_gpu"": 1}, {""model"": ""model_4"", ""current_gpu"": 0, ""best_gpu"": 0, ""current_r"": 0.09879470308341999, ""best_r"": 0.09879470308341999, ""absolute_delta"": 0.0, ""tau"": 0.00035, ""chosen_gpu"": 0}]"
steady,10,2,72,1787620903.2468407,0.00035,0.13106269542811155,0.1261594077247406,0.13106269542811155,2+2,2+2,"{""model_3"": 1, ""model_4"": 0, ""model_5"": 0, ""model_6"": 1}","{""model_3"": 1, ""model_4"": 0, ""model_5"": 0, ""model_6"": 1}",0,,True,,migration cooldown active,0,0,,,,,,4,0,0,0.0,"[{""model"": ""model_5"", ""current_gpu"": 0, ""best_gpu"": 0, ""current_r"": 0.0, ""best_r"": 0.0, ""absolute_delta"": 0.0, ""tau"": 0.00035, ""chosen_gpu"": 0}, {""model"": ""model_3"", ""current_gpu"": 1, ""best_gpu"": 1, ""current_r"": 0.0, ""best_r"": 0.0, ""absolute_delta"": 0.0, ""tau"": 0.00035, ""chosen_gpu"": 1}, {""model"": ""model_6"", ""current_gpu"": 1, ""best_gpu"": 1, ""current_r"": 0.07515051202188243, ""best_r"": 0.07515051202188243, ""absolute_delta"": 0.0, ""tau"": 0.00035, ""chosen_gpu"": 1}, {""model"": ""model_4"", ""current_gpu"": 0, ""best_gpu"": 0, ""current_r"": 0.10633959696772713, ""best_r"": 0.10633959696772713, ""absolute_delta"": 0.0, ""tau"": 0.00035, ""chosen_gpu"": 0}]"
steady,10,2,73,1787620908.3118987,0.00035,0.12060177467153436,0.12060177467153436,0.08882280483042036,2+2,1+3,"{""model_3"": 1, ""model_4"": 0, ""model_5"": 0, ""model_6"": 1}","{""model_3"": 1, ""model_4"": 1, ""model_5"": 0, ""model_6"": 1}",1,model_4,True,,migration cooldown active,1,0,,,,,,4,1,0,0.013314391492791108,"[{""model"": ""model_5"", ""current_gpu"": 0, ""best_gpu"": 0, ""current_r"": 0.0, ""best_r"": 0.0, ""absolute_delta"": 0.0, ""tau"": 0.00035, ""chosen_gpu"": 0}, {""model"": ""model_3"", ""current_gpu"": 1, ""best_gpu"": 1, ""current_r"": 0.0, ""best_r"": 0.0, ""absolute_delta"": 0.0, ""tau"": 0.00035, ""chosen_gpu"": 1}, {""model"": ""model_6"", ""current_gpu"": 1, ""best_gpu"": 1, ""current_r"": 0.045689046182755856, ""best_r"": 0.045689046182755856, ""absolute_delta"": 0.0, ""tau"": 0.00035, ""chosen_gpu"": 1}, {""model"": ""model_4"", ""current_gpu"": 0, ""best_gpu"": 1, ""current_r"": 0.10213719632321147, ""best_r"": 0.08882280483042036, ""absolute_delta"": 0.013314391492791108, ""tau"": 0.00035, ""chosen_gpu"": 1}]"
steady,10,2,74,1787620913.4099357,0.00035,0.09879790423290298,0.09879790423290298,0.08243981827027624,2+2,1+3,"{""model_3"": 1, ""model_4"": 0, ""model_5"": 0, ""model_6"": 1}","{""model_3"": 1, ""model_4"": 1, ""model_5"": 0, ""model_6"": 1}",1,model_4,True,,migration cooldown active,1,0,,,,,,4,1,0,0.001005850639472547,"[{""model"": ""model_5"", ""current_gpu"": 0, ""best_gpu"": 0, ""current_r"": 0.0, ""best_r"": 0.0, ""absolute_delta"": 0.0, ""tau"": 0.00035, ""chosen_gpu"": 0}, {""model"": ""model_3"", ""current_gpu"": 1, ""best_gpu"": 1, ""current_r"": 0.0, ""best_r"": 0.0, ""absolute_delta"": 0.0, ""tau"": 0.00035, ""chosen_gpu"": 1}, {""model"": ""model_6"", ""current_gpu"": 1, ""best_gpu"": 1, ""current_r"": 0.03874873849951529, ""best_r"": 0.03874873849951529, ""absolute_delta"": 0.0, ""tau"": 0.00035, ""chosen_gpu"": 1}, {""model"": ""model_4"", ""current_gpu"": 0, ""best_gpu"": 1, ""current_r"": 0.08344566890974879, ""best_r"": 0.08243981827027624, ""absolute_delta"": 0.001005850639472547, ""tau"": 0.00035, ""chosen_gpu"": 1}]"
steady,10,2,75,1787620918.48216,0.00035,0.10995001298161225,0.10995001298161225,0.09596755143195079,2+2,2+2,"{""model_3"": 1, ""model_4"": 0, ""model_5"": 0, ""model_6"": 1}","{""model_3"": 1, ""model_4"": 0, ""model_5"": 0, ""model_6"": 1}",0,,True,,migration cooldown active,0,0,,,,,,4,0,0,0.0,"[{""model"": ""model_5"", ""current_gpu"": 0, ""best_gpu"": 0, ""current_r"": 0.0, ""best_r"": 0.0, ""absolute_delta"": 0.0, ""tau"": 0.00035, ""chosen_gpu"": 0}, {""model"": ""model_3"", ""current_gpu"": 1, ""best_gpu"": 1, ""current_r"": 0.0, ""best_r"": 0.0, ""absolute_delta"": 0.0, ""tau"": 0.00035, ""chosen_gpu"": 1}, {""model"": ""model_6"", ""current_gpu"": 1, ""best_gpu"": 1, ""current_r"": 0.0504244942596573, ""best_r"": 0.0504244942596573, ""absolute_delta"": 0.0, ""tau"": 0.00035, ""chosen_gpu"": 1}, {""model"": ""model_4"", ""current_gpu"": 0, ""best_gpu"": 0, ""current_r"": 0.09332217267349985, ""best_r"": 0.09332217267349985, ""absolute_delta"": 0.0, ""tau"": 0.00035, ""chosen_gpu"": 0}]"
steady,10,2,76,1787620923.8244894,0.00035,0.10477664685253407,0.09243870480535016,0.10477664685253407,2+2,2+2,"{""model_3"": 1, ""model_4"": 0, ""model_5"": 0, ""model_6"": 1}","{""model_3"": 1, ""model_4"": 0, ""model_5"": 0, ""model_6"": 1}",0,,False,,line-8 placement unchanged or every candidate blocked,0,0,,,,,,4,0,0,0.0,"[{""model"": ""model_5"", ""current_gpu"": 0, ""best_gpu"": 0, ""current_r"": 0.0, ""best_r"": 0.0, ""absolute_delta"": 0.0, ""tau"": 0.00035, ""chosen_gpu"": 0}, {""model"": ""model_3"", ""current_gpu"": 1, ""best_gpu"": 1, ""current_r"": 0.0, ""best_r"": 0.0, ""absolute_delta"": 0.0, ""tau"": 0.00035, ""chosen_gpu"": 1}, {""model"": ""model_6"", ""current_gpu"": 1, ""best_gpu"": 1, ""current_r"": 0.053283053040036124, ""best_r"": 0.053283053040036124, ""absolute_delta"": 0.0, ""tau"": 0.00035, ""chosen_gpu"": 1}, {""model"": ""model_4"", ""current_gpu"": 0, ""best_gpu"": 0, ""current_r"": 0.07659396751605764, ""best_r"": 0.07659396751605764, ""absolute_delta"": 0.0, ""tau"": 0.00035, ""chosen_gpu"": 0}]"
steady,10,2,77,1787620928.888934,0.00035,0.11865561653306661,0.09923430377135402,0.11865561653306661,2+2,2+2,"{""model_3"": 1, ""model_4"": 0, ""model_5"": 0, ""model_6"": 1}","{""model_3"": 1, ""model_4"": 0, ""model_5"": 0, ""model_6"": 1}",0,,False,,line-8 placement unchanged or every candidate blocked,0,0,,,,,,4,0,0,0.0,"[{""model"": ""model_5"", ""current_gpu"": 0, ""best_gpu"": 0, ""current_r"": 0.0, ""best_r"": 0.0, ""absolute_delta"": 0.0, ""tau"": 0.00035, ""chosen_gpu"": 0}, {""model"": ""model_3"", ""current_gpu"": 1, ""best_gpu"": 1, ""current_r"": 0.0, ""best_r"": 0.0, ""absolute_delta"": 0.0, ""tau"": 0.00035, ""chosen_gpu"": 1}, {""model"": ""model_6"", ""current_gpu"": 1, ""best_gpu"": 1, ""current_r"": 0.060454079759593396, ""best_r"": 0.060454079759593396, ""absolute_delta"": 0.0, ""tau"": 0.00035, ""chosen_gpu"": 1}, {""model"": ""model_4"", ""current_gpu"": 0, ""best_gpu"": 0, ""current_r"": 0.08322259667700634, ""best_r"": 0.08322259667700634, ""absolute_delta"": 0.0, ""tau"": 0.00035, ""chosen_gpu"": 0}]"
steady,10,2,78,1787620933.951959,0.00035,0.11568136702811743,0.08392683247693082,0.11568136702811743,2+2,2+2,"{""model_3"": 1, ""model_4"": 0, ""model_5"": 0, ""model_6"": 1}","{""model_3"": 1, ""model_4"": 0, ""model_5"": 0, ""model_6"": 1}",0,,False,,line-8 placement unchanged or every candidate blocked,0,0,,,,,,4,0,0,0.0,"[{""model"": ""model_5"", ""current_gpu"": 0, ""best_gpu"": 0, ""current_r"": 0.0, ""best_r"": 0.0, ""absolute_delta"": 0.0, ""tau"": 0.00035, ""chosen_gpu"": 0}, {""model"": ""model_3"", ""current_gpu"": 1, ""best_gpu"": 1, ""current_r"": 0.0, ""best_r"": 0.0, ""absolute_delta"": 0.0, ""tau"": 0.00035, ""chosen_gpu"": 1}, {""model"": ""model_6"", ""current_gpu"": 1, ""best_gpu"": 1, ""current_r"": 0.05862405376001715, ""best_r"": 0.05862405376001715, ""absolute_delta"": 0.0, ""tau"": 0.00035, ""chosen_gpu"": 1}, {""model"": ""model_4"", ""current_gpu"": 0, ""best_gpu"": 0, ""current_r"": 0.07003548458889595, ""best_r"": 0.07003548458889595, ""absolute_delta"": 0.0, ""tau"": 0.00035, ""chosen_gpu"": 0}]"
steady,10,2,79,1787620939.07115,0.00035,0.12454714691603948,0.08478349149355485,0.12454714691603948,2+2,2+2,"{""model_3"": 1, ""model_4"": 0, ""model_5"": 0, ""model_6"": 1}","{""model_3"": 1, ""model_4"": 0, ""model_5"": 0, ""model_6"": 1}",0,,False,,line-8 placement unchanged or every candidate blocked,0,0,,,,,,4,1,1,0.0,"[{""model"": ""model_3"", ""current_gpu"": 1, ""best_gpu"": 0, ""current_r"": 0.0, ""best_r"": 0.0, ""absolute_delta"": 0.0, ""tau"": 0.00035, ""chosen_gpu"": 1}, {""model"": ""model_5"", ""current_gpu"": 0, ""best_gpu"": 0, ""current_r"": 0.0, ""best_r"": 0.0, ""absolute_delta"": 0.0, ""tau"": 0.00035, ""chosen_gpu"": 0}, {""model"": ""model_6"", ""current_gpu"": 1, ""best_gpu"": 1, ""current_r"": 0.06392625749158397, ""best_r"": 0.06392625749158397, ""absolute_delta"": 0.0, ""tau"": 0.00035, ""chosen_gpu"": 1}, {""model"": ""model_4"", ""current_gpu"": 0, ""best_gpu"": 0, ""current_r"": 0.06811155202347838, ""best_r"": 0.06811155202347838, ""absolute_delta"": 0.0, ""tau"": 0.00035, ""chosen_gpu"": 0}]"
steady,10,2,80,1787620944.142726,0.00035,0.13123300327759627,0.10338889294306476,0.13123300327759627,2+2,2+2,"{""model_3"": 1, ""model_4"": 0, ""model_5"": 0, ""model_6"": 1}","{""model_3"": 1, ""model_4"": 0, ""model_5"": 0, ""model_6"": 1}",0,,False,,line-8 placement unchanged or every candidate blocked,0,0,,,,,,4,0,0,0.0,"[{""model"": ""model_5"", ""current_gpu"": 0, ""best_gpu"": 0, ""current_r"": 0.0, ""best_r"": 0.0, ""absolute_delta"": 0.0, ""tau"": 0.00035, ""chosen_gpu"": 0}, {""model"": ""model_3"", ""current_gpu"": 1, ""best_gpu"": 1, ""current_r"": 0.0, ""best_r"": 0.0, ""absolute_delta"": 0.0, ""tau"": 0.00035, ""chosen_gpu"": 1}, {""model"": ""model_6"", ""current_gpu"": 1, ""best_gpu"": 1, ""current_r"": 0.0715024565303831, ""best_r"": 0.0715024565303831, ""absolute_delta"": 0.0, ""tau"": 0.00035, ""chosen_gpu"": 1}, {""model"": ""model_4"", ""current_gpu"": 0, ""best_gpu"": 0, ""current_r"": 0.08197354061472731, ""best_r"": 0.08197354061472731, ""absolute_delta"": 0.0, ""tau"": 0.00035, ""chosen_gpu"": 0}]"
steady,10,2,81,1787620949.2298954,0.00035,0.11712792683097224,0.09972288688113391,0.11712792683097224,2+2,2+2,"{""model_3"": 1, ""model_4"": 0, ""model_5"": 0, ""model_6"": 1}","{""model_3"": 1, ""model_4"": 0, ""model_5"": 0, ""model_6"": 1}",0,,False,,line-8 placement unchanged or every candidate blocked,0,0,,,,,,4,0,0,0.0,"[{""model"": ""model_5"", ""current_gpu"": 0, ""best_gpu"": 0, ""current_r"": 0.0, ""best_r"": 0.0, ""absolute_delta"": 0.0, ""tau"": 0.00035, ""chosen_gpu"": 0}, {""model"": ""model_3"", ""current_gpu"": 1, ""best_gpu"": 1, ""current_r"": 0.0, ""best_r"": 0.0, ""absolute_delta"": 0.0, ""tau"": 0.00035, ""chosen_gpu"": 1}, {""model"": ""model_6"", ""current_gpu"": 1, ""best_gpu"": 1, ""current_r"": 0.06420128068141642, ""best_r"": 0.06420128068141642, ""absolute_delta"": 0.0, ""tau"": 0.00035, ""chosen_gpu"": 1}, {""model"": ""model_4"", ""current_gpu"": 0, ""best_gpu"": 0, ""current_r"": 0.07797745668132579, ""best_r"": 0.07797745668132579, ""absolute_delta"": 0.0, ""tau"": 0.00035, ""chosen_gpu"": 0}]"
steady,10,2,82,1787620954.3303227,0.00035,0.10649178484601587,0.1053698864480973,0.10649178484601587,2+2,2+2,"{""model_3"": 1, ""model_4"": 0, ""model_5"": 0, ""model_6"": 1}","{""model_3"": 1, ""model_4"": 0, ""model_5"": 0, ""model_6"": 1}",0,,False,,line-8 placement unchanged or every candidate blocked,0,0,,,,,,4,0,0,0.0,"[{""model"": ""model_5"", ""current_gpu"": 0, ""best_gpu"": 0, ""current_r"": 0.0, ""best_r"": 0.0, ""absolute_delta"": 0.0, ""tau"": 0.00035, ""chosen_gpu"": 0}, {""model"": ""model_3"", ""current_gpu"": 1, ""best_gpu"": 1, ""current_r"": 0.0, ""best_r"": 0.0, ""absolute_delta"": 0.0, ""tau"": 0.00035, ""chosen_gpu"": 1}, {""model"": ""model_6"", ""current_gpu"": 1, ""best_gpu"": 1, ""current_r"": 0.05926341224132158, ""best_r"": 0.05926341224132158, ""absolute_delta"": 0.0, ""tau"": 0.00035, ""chosen_gpu"": 1}, {""model"": ""model_4"", ""current_gpu"": 0, ""best_gpu"": 0, ""current_r"": 0.08126673265636719, ""best_r"": 0.08126673265636719, ""absolute_delta"": 0.0, ""tau"": 0.00035, ""chosen_gpu"": 0}]"
steady,10,2,83,1787620959.3986764,0.00035,0.10996171050932319,0.09416852203890837,0.10996171050932319,2+2,2+2,"{""model_3"": 1, ""model_4"": 0, ""model_5"": 0, ""model_6"": 1}","{""model_3"": 1, ""model_4"": 0, ""model_5"": 0, ""model_6"": 1}",0,,False,,line-8 placement unchanged or every candidate blocked,0,0,,,,,,4,0,0,0.0,"[{""model"": ""model_5"", ""current_gpu"": 0, ""best_gpu"": 0, ""current_r"": 0.0, ""best_r"": 0.0, ""absolute_delta"": 0.0, ""tau"": 0.00035, ""chosen_gpu"": 0}, {""model"": ""model_3"", ""current_gpu"": 1, ""best_gpu"": 1, ""current_r"": 0.0, ""best_r"": 0.0, ""absolute_delta"": 0.0, ""tau"": 0.00035, ""chosen_gpu"": 1}, {""model"": ""model_6"", ""current_gpu"": 1, ""best_gpu"": 1, ""current_r"": 0.058550706140709195, ""best_r"": 0.058550706140709195, ""absolute_delta"": 0.0, ""tau"": 0.00035, ""chosen_gpu"": 1}, {""model"": ""model_4"", ""current_gpu"": 0, ""best_gpu"": 0, ""current_r"": 0.07249391596504715, ""best_r"": 0.07249391596504715, ""absolute_delta"": 0.0, ""tau"": 0.00035, ""chosen_gpu"": 0}]"
steady,10,2,84,1787620964.4688125,0.00035,0.09136745860042704,0.0869266696692543,0.09136745860042704,2+2,2+2,"{""model_3"": 1, ""model_4"": 0, ""model_5"": 0, ""model_6"": 1}","{""model_3"": 1, ""model_4"": 0, ""model_5"": 0, ""model_6"": 1}",0,,False,,line-8 placement unchanged or every candidate blocked,0,0,,,,,,4,0,0,0.0,"[{""model"": ""model_5"", ""current_gpu"": 0, ""best_gpu"": 0, ""current_r"": 0.0, ""best_r"": 0.0, ""absolute_delta"": 0.0, ""tau"": 0.00035, ""chosen_gpu"": 0}, {""model"": ""model_3"", ""current_gpu"": 1, ""best_gpu"": 1, ""current_r"": 0.0, ""best_r"": 0.0, ""absolute_delta"": 0.0, ""tau"": 0.00035, ""chosen_gpu"": 1}, {""model"": ""model_6"", ""current_gpu"": 1, ""best_gpu"": 1, ""current_r"": 0.046340850976539213, ""best_r"": 0.046340850976539213, ""absolute_delta"": 0.0, ""tau"": 0.00035, ""chosen_gpu"": 1}, {""model"": ""model_4"", ""current_gpu"": 0, ""best_gpu"": 0, ""current_r"": 0.06667167313401183, ""best_r"": 0.06667167313401183, ""absolute_delta"": 0.0, ""tau"": 0.00035, ""chosen_gpu"": 0}]"
steady,10,2,85,1787620969.5437045,0.00035,0.07590843242118495,0.07590843242118495,0.07453573788224992,2+2,2+2,"{""model_3"": 1, ""model_4"": 0, ""model_5"": 0, ""model_6"": 1}","{""model_3"": 1, ""model_4"": 0, ""model_5"": 0, ""model_6"": 1}",0,,False,,line-8 placement unchanged or every candidate blocked,0,0,,,,,,4,0,0,0.0,"[{""model"": ""model_5"", ""current_gpu"": 0, ""best_gpu"": 0, ""current_r"": 0.0, ""best_r"": 0.0, ""absolute_delta"": 0.0, ""tau"": 0.00035, ""chosen_gpu"": 0}, {""model"": ""model_3"", ""current_gpu"": 1, ""best_gpu"": 1, ""current_r"": 0.0, ""best_r"": 0.0, ""absolute_delta"": 0.0, ""tau"": 0.00035, ""chosen_gpu"": 1}, {""model"": ""model_6"", ""current_gpu"": 1, ""best_gpu"": 1, ""current_r"": 0.04167455976516974, ""best_r"": 0.04167455976516974, ""absolute_delta"": 0.0, ""tau"": 0.00035, ""chosen_gpu"": 1}, {""model"": ""model_4"", ""current_gpu"": 0, ""best_gpu"": 0, ""current_r"": 0.06068361157256284, ""best_r"": 0.06068361157256284, ""absolute_delta"": 0.0, ""tau"": 0.00035, ""chosen_gpu"": 0}]"
steady,10,2,86,1787620974.6117523,0.00035,0.04290151946902942,0.0421172565788504,0.04290151946902942,2+2,2+2,"{""model_3"": 1, ""model_4"": 0, ""model_5"": 0, ""model_6"": 1}","{""model_3"": 1, ""model_4"": 0, ""model_5"": 0, ""model_6"": 1}",0,,False,,line-8 placement unchanged or every candidate blocked,0,0,,,,,,4,0,0,0.0,"[{""model"": ""model_5"", ""current_gpu"": 0, ""best_gpu"": 0, ""current_r"": 0.0, ""best_r"": 0.0, ""absolute_delta"": 0.0, ""tau"": 0.00035, ""chosen_gpu"": 0}, {""model"": ""model_3"", ""current_gpu"": 1, ""best_gpu"": 1, ""current_r"": 0.0, ""best_r"": 0.0, ""absolute_delta"": 0.0, ""tau"": 0.00035, ""chosen_gpu"": 1}, {""model"": ""model_6"", ""current_gpu"": 1, ""best_gpu"": 1, ""current_r"": 0.024070563795135714, ""best_r"": 0.024070563795135714, ""absolute_delta"": 0.0, ""tau"": 0.00035, ""chosen_gpu"": 1}, {""model"": ""model_4"", ""current_gpu"": 0, ""best_gpu"": 0, ""current_r"": 0.03454342589701339, ""best_r"": 0.03454342589701339, ""absolute_delta"": 0.0, ""tau"": 0.00035, ""chosen_gpu"": 0}]"
steady,2,1,1,1787600871.5997279,0.00035,4.9045819431162677e-05,4.9045819431162677e-05,0.0,2+2,2+2,"{""model_3"": 1, ""model_4"": 0, ""model_5"": 0, ""model_6"": 1}","{""model_3"": 1, ""model_4"": 0, ""model_5"": 0, ""model_6"": 1}",0,,False,,line-8 placement unchanged or every candidate blocked,0,0,,,,,,4,1,1,3.8971220326318174e-05,"[{""model"": ""model_4"", ""current_gpu"": 0, ""best_gpu"": 0, ""current_r"": 0.0, ""best_r"": 0.0, ""absolute_delta"": 0.0, ""tau"": 0.00035, ""chosen_gpu"": 0}, {""model"": ""model_3"", ""current_gpu"": 1, ""best_gpu"": 1, ""current_r"": 0.0, ""best_r"": 0.0, ""absolute_delta"": 0.0, ""tau"": 0.00035, ""chosen_gpu"": 1}, {""model"": ""model_5"", ""current_gpu"": 0, ""best_gpu"": 1, ""current_r"": 3.8971220326318174e-05, ""best_r"": 0.0, ""absolute_delta"": 3.8971220326318174e-05, ""tau"": 0.00035, ""chosen_gpu"": 0}, {""model"": ""model_6"", ""current_gpu"": 1, ""best_gpu"": 1, ""current_r"": 0.0, ""best_r"": 0.0, ""absolute_delta"": 0.0, ""tau"": 0.00035, ""chosen_gpu"": 1}]"
steady,2,1,2,1787600876.6083863,0.00035,0.002751713899265058,0.0017130982053336547,0.002751713899265058,2+2,1+3,"{""model_3"": 1, ""model_4"": 0, ""model_5"": 0, ""model_6"": 1}","{""model_3"": 1, ""model_4"": 0, ""model_5"": 0, ""model_6"": 0}",1,model_6,False,MIGRATE,literal line-8 absolute delta exceeds tau,1,0,,model_6,1,0,0.002361130128088796,4,2,1,0.0007982737254295272,"[{""model"": ""model_3"", ""current_gpu"": 1, ""best_gpu"": 0, ""current_r"": 0.0, ""best_r"": 0.0, ""absolute_delta"": 0.0, ""tau"": 0.00035, ""chosen_gpu"": 1}, {""model"": ""model_4"", ""current_gpu"": 0, ""best_gpu"": 0, ""current_r"": 0.0, ""best_r"": 0.0, ""absolute_delta"": 0.0, ""tau"": 0.00035, ""chosen_gpu"": 0}, {""model"": ""model_6"", ""current_gpu"": 1, ""best_gpu"": 0, ""current_r"": 0.0021594810286203726, ""best_r"": 0.0013612073031908454, ""absolute_delta"": 0.0007982737254295272, ""tau"": 0.00035, ""chosen_gpu"": 0}, {""model"": ""model_5"", ""current_gpu"": 0, ""best_gpu"": 0, ""current_r"": 0.0017589712184657637, ""best_r"": 0.0017589712184657637, ""absolute_delta"": 0.0, ""tau"": 0.00035, ""chosen_gpu"": 0}]"
steady,2,1,3,1787600881.6121702,0.00035,0.012661964115722351,0.012661964115722351,0.006822183304423286,1+3,2+2,"{""model_3"": 1, ""model_4"": 0, ""model_5"": 0, ""model_6"": 0}","{""model_3"": 1, ""model_4"": 1, ""model_5"": 0, ""model_6"": 0}",1,model_4,True,,migration cooldown active,1,0,,,,,,4,2,1,0.0034952268049211425,"[{""model"": ""model_3"", ""current_gpu"": 1, ""best_gpu"": 0, ""current_r"": 0.0, ""best_r"": 0.0, ""absolute_delta"": 0.0, ""tau"": 0.00035, ""chosen_gpu"": 1}, {""model"": ""model_6"", ""current_gpu"": 0, ""best_gpu"": 0, ""current_r"": 0.0, ""best_r"": 0.0, ""absolute_delta"": 0.0, ""tau"": 0.00035, ""chosen_gpu"": 0}, {""model"": ""model_5"", ""current_gpu"": 0, ""best_gpu"": 0, ""current_r"": 0.00401763376090728, ""best_r"": 0.00401763376090728, ""absolute_delta"": 0.0, ""tau"": 0.00035, ""chosen_gpu"": 0}, {""model"": ""model_4"", ""current_gpu"": 0, ""best_gpu"": 1, ""current_r"": 0.010317410109344428, ""best_r"": 0.006822183304423286, ""absolute_delta"": 0.0034952268049211425, ""tau"": 0.00035, ""chosen_gpu"": 1}]"
steady,2,1,4,1787600886.6192648,0.00035,0.014682320139080676,0.014682320139080676,0.0084788721284964,1+3,2+2,"{""model_3"": 1, ""model_4"": 0, ""model_5"": 0, ""model_6"": 0}","{""model_3"": 1, ""model_4"": 1, ""model_5"": 0, ""model_6"": 0}",1,model_4,True,,migration cooldown active,1,0,,,,,,4,2,1,0.003856221369419023,"[{""model"": ""model_3"", ""current_gpu"": 1, ""best_gpu"": 0, ""current_r"": 0.0, ""best_r"": 0.0, ""absolute_delta"": 0.0, ""tau"": 0.00035, ""chosen_gpu"": 1}, {""model"": ""model_5"", ""current_gpu"": 0, ""best_gpu"": 0, ""current_r"": 0.0, ""best_r"": 0.0, ""absolute_delta"": 0.0, ""tau"": 0.00035, ""chosen_gpu"": 0}, {""model"": ""model_6"", ""current_gpu"": 0, ""best_gpu"": 0, ""current_r"": 0.006687388205929988, ""best_r"": 0.006687388205929988, ""absolute_delta"": 0.0, ""tau"": 0.00035, ""chosen_gpu"": 0}, {""model"": ""model_4"", ""current_gpu"": 0, ""best_gpu"": 1, ""current_r"": 0.012335093497915423, ""best_r"": 0.0084788721284964, ""absolute_delta"": 0.003856221369419023, ""tau"": 0.00035, ""chosen_gpu"": 1}]"
steady,2,1,5,1787600891.6344204,0.00035,0.01438118727830172,0.01438118727830172,0.009295877656848098,1+3,2+2,"{""model_3"": 1, ""model_4"": 0, ""model_5"": 0, ""model_6"": 0}","{""model_3"": 1, ""model_4"": 1, ""model_5"": 0, ""model_6"": 0}",1,model_4,True,,migration cooldown active,1,0,,,,,,4,2,1,0.001353585444159958,"[{""model"": ""model_3"", ""current_gpu"": 1, ""best_gpu"": 0, ""current_r"": 0.0, ""best_r"": 0.0, ""absolute_delta"": 0.0, ""tau"": 0.00035, ""chosen_gpu"": 1}, {""model"": ""model_5"", ""current_gpu"": 0, ""best_gpu"": 0, ""current_r"": 0.0, ""best_r"": 0.0, ""absolute_delta"": 0.0, ""tau"": 0.00035, ""chosen_gpu"": 0}, {""model"": ""model_6"", ""current_gpu"": 0, ""best_gpu"": 0, ""current_r"": 0.005862039537797128, ""best_r"": 0.005862039537797128, ""absolute_delta"": 0.0, ""tau"": 0.00035, ""chosen_gpu"": 0}, {""model"": ""model_4"", ""current_gpu"": 0, ""best_gpu"": 1, ""current_r"": 0.010649463101008056, ""best_r"": 0.009295877656848098, ""absolute_delta"": 0.001353585444159958, ""tau"": 0.00035, ""chosen_gpu"": 1}]"
steady,2,1,6,1787600896.6418133,0.00035,0.022533313869939786,0.022533313869939786,0.004460033140183379,1+3,2+2,"{""model_3"": 1, ""model_4"": 0, ""model_5"": 0, ""model_6"": 0}","{""model_3"": 1, ""model_4"": 0, ""model_5"": 0, ""model_6"": 1}",1,model_6,True,,migration cooldown active,1,0,,,,,,4,1,0,0.004768435781596504,"[{""model"": ""model_5"", ""current_gpu"": 0, ""best_gpu"": 0, ""current_r"": 0.0, ""best_r"": 0.0, ""absolute_delta"": 0.0, ""tau"": 0.00035, ""chosen_gpu"": 0}, {""model"": ""model_3"", ""current_gpu"": 1, ""best_gpu"": 1, ""current_r"": 0.0, ""best_r"": 0.0, ""absolute_delta"": 0.0, ""tau"": 0.00035, ""chosen_gpu"": 1}, {""model"": ""model_6"", ""current_gpu"": 0, ""best_gpu"": 1, ""current_r"": 0.009228468921779883, ""best_r"": 0.004460033140183379, ""absolute_delta"": 0.004768435781596504, ""tau"": 0.00035, ""chosen_gpu"": 1}, {""model"": ""model_4"", ""current_gpu"": 0, ""best_gpu"": 0, ""current_r"": 0.009228468921779883, ""best_r"": 0.009228468921779883, ""absolute_delta"": 0.0, ""tau"": 0.00035, ""chosen_gpu"": 0}]"
steady,2,1,7,1787600901.6504054,0.00035,0.026814800482323747,0.026814800482323747,0.011966978013040414,1+3,2+2,"{""model_3"": 1, ""model_4"": 0, ""model_5"": 0, ""model_6"": 0}","{""model_3"": 1, ""model_4"": 1, ""model_5"": 0, ""model_6"": 0}",1,model_4,True,,migration cooldown active,1,0,,,,,,4,2,1,0.0085195998123641,"[{""model"": ""model_3"", ""current_gpu"": 1, ""best_gpu"": 0, ""current_r"": 0.0, ""best_r"": 0.0, ""absolute_delta"": 0.0, ""tau"": 0.00035, ""chosen_gpu"": 1}, {""model"": ""model_5"", ""current_gpu"": 0, ""best_gpu"": 0, ""current_r"": 0.0, ""best_r"": 0.0, ""absolute_delta"": 0.0, ""tau"": 0.00035, ""chosen_gpu"": 0}, {""model"": ""model_6"", ""current_gpu"": 0, ""best_gpu"": 0, ""current_r"": 0.008516700518869288, ""best_r"": 0.008516700518869288, ""absolute_delta"": 0.0, ""tau"": 0.00035, ""chosen_gpu"": 0}, {""model"": ""model_4"", ""current_gpu"": 0, ""best_gpu"": 1, ""current_r"": 0.020486577825404514, ""best_r"": 0.011966978013040414, ""absolute_delta"": 0.0085195998123641, ""tau"": 0.00035, ""chosen_gpu"": 1}]"
steady,2,1,8,1787600906.6567364,0.00035,0.029901931585953577,0.029901931585953577,0.004909217985532029,1+3,2+2,"{""model_3"": 1, ""model_4"": 0, ""model_5"": 0, ""model_6"": 0}","{""model_3"": 1, ""model_4"": 0, ""model_5"": 1, ""model_6"": 0}",1,model_5,False,MIGRATE,literal line-8 absolute delta exceeds tau,1,0,,model_5,0,1,0.014391487621850814,4,1,0,0.009392389590498344,"[{""model"": ""model_6"", ""current_gpu"": 0, ""best_gpu"": 0, ""current_r"": 0.0, ""best_r"": 0.0, ""absolute_delta"": 0.0, ""tau"": 0.00035, ""chosen_gpu"": 0}, {""model"": ""model_5"", ""current_gpu"": 0, ""best_gpu"": 1, ""current_r"": 0.009392389590498344, ""best_r"": 0.0, ""absolute_delta"": 0.009392389590498344, ""tau"": 0.00035, ""chosen_gpu"": 1}, {""model"": ""model_3"", ""current_gpu"": 1, ""best_gpu"": 1, ""current_r"": 0.007265403944850441, ""best_r"": 0.007265403944850441, ""absolute_delta"": 0.0, ""tau"": 0.00035, ""chosen_gpu"": 1}, {""model"": ""model_4"", ""current_gpu"": 0, ""best_gpu"": 0, ""current_r"": 0.009392389590498344, ""best_r"": 0.009392389590498344, ""absolute_delta"": 0.0, ""tau"": 0.00035, ""chosen_gpu"": 0}]"
steady,2,1,9,1787600911.9619002,0.00035,0.01727498005908665,0.010236115180656763,0.01727498005908665,2+2,1+3,"{""model_3"": 1, ""model_4"": 0, ""model_5"": 1, ""model_6"": 0}","{""model_3"": 0, ""model_4"": 0, ""model_5"": 1, ""model_6"": 0}",1,model_3,True,,migration cooldown active,1,0,,,,,,4,2,1,0.005058299420704538,"[{""model"": ""model_5"", ""current_gpu"": 1, ""best_gpu"": 0, ""current_r"": 0.0, ""best_r"": 0.0, ""absolute_delta"": 0.0, ""tau"": 0.00035, ""chosen_gpu"": 1}, {""model"": ""model_6"", ""current_gpu"": 0, ""best_gpu"": 0, ""current_r"": 0.0, ""best_r"": 0.0, ""absolute_delta"": 0.0, ""tau"": 0.00035, ""chosen_gpu"": 0}, {""model"": ""model_3"", ""current_gpu"": 1, ""best_gpu"": 0, ""current_r"": 0.011864080683596633, ""best_r"": 0.006805781262892096, ""absolute_delta"": 0.005058299420704538, ""tau"": 0.00035, ""chosen_gpu"": 0}, {""model"": ""model_4"", ""current_gpu"": 0, ""best_gpu"": 0, ""current_r"": 0.011628862538853556, ""best_r"": 0.011628862538853556, ""absolute_delta"": 0.0, ""tau"": 0.00035, ""chosen_gpu"": 0}]"
steady,2,1,10,1787600916.9654703,0.00035,0.034815188519737084,0.012419488911909563,0.034815188519737084,2+2,1+3,"{""model_3"": 1, ""model_4"": 0, ""model_5"": 1, ""model_6"": 0}","{""model_3"": 0, ""model_4"": 0, ""model_5"": 1, ""model_6"": 0}",1,model_3,True,,migration cooldown active,1,0,,,,,,4,2,1,0.02285641348145096,"[{""model"": ""model_5"", ""current_gpu"": 1, ""best_gpu"": 0, ""current_r"": 0.0, ""best_r"": 0.0, ""absolute_delta"": 0.0, ""tau"": 0.00035, ""chosen_gpu"": 1}, {""model"": ""model_3"", ""current_gpu"": 1, ""best_gpu"": 0, ""current_r"": 0.02285641348145096, ""best_r"": 0.0, ""absolute_delta"": 0.02285641348145096, ""tau"": 0.00035, ""chosen_gpu"": 0}, {""model"": ""model_6"", ""current_gpu"": 0, ""best_gpu"": 0, ""current_r"": 0.007624593456099627, ""best_r"": 0.007624593456099627, ""absolute_delta"": 0.0, ""tau"": 0.00035, ""chosen_gpu"": 0}, {""model"": ""model_4"", ""current_gpu"": 0, ""best_gpu"": 0, ""current_r"": 0.018636883042811407, ""best_r"": 0.018636883042811407, ""absolute_delta"": 0.0, ""tau"": 0.00035, ""chosen_gpu"": 0}]"
steady,2,1,11,1787600921.9736514,0.00035,0.03613374305143781,0.010846013319761453,0.03613374305143781,2+2,2+2,"{""model_3"": 1, ""model_4"": 0, ""model_5"": 1, ""model_6"": 0}","{""model_3"": 0, ""model_4"": 1, ""model_5"": 1, ""model_6"": 0}",2,"model_3,model_4",True,,migration cooldown active,2,0,,,,,,4,3,1,0.01989033980123153,"[{""model"": ""model_5"", ""current_gpu"": 1, ""best_gpu"": 0, ""current_r"": 0.0, ""best_r"": 0.0, ""absolute_delta"": 0.0, ""tau"": 0.00035, ""chosen_gpu"": 1}, {""model"": ""model_3"", ""current_gpu"": 1, ""best_gpu"": 0, ""current_r"": 0.01989033980123153, ""best_r"": 0.0, ""absolute_delta"": 0.01989033980123153, ""tau"": 0.00035, ""chosen_gpu"": 0}, {""model"": ""model_6"", ""current_gpu"": 0, ""best_gpu"": 0, ""current_r"": 0.011270092082647563, ""best_r"": 0.011270092082647563, ""absolute_delta"": 0.0, ""tau"": 0.00035, ""chosen_gpu"": 0}, {""model"": ""model_4"", ""current_gpu"": 0, ""best_gpu"": 1, ""current_r"": 0.02186173528033261, ""best_r"": 0.01989033980123153, ""absolute_delta"": 0.0019713954791010825, ""tau"": 0.00035, ""chosen_gpu"": 1}]"
steady,2,1,12,1787600926.9783375,0.00035,0.03366691041566675,0.009806395064093466,0.03366691041566675,2+2,2+2,"{""model_3"": 1, ""model_4"": 0, ""model_5"": 1, ""model_6"": 0}","{""model_3"": 0, ""model_4"": 1, ""model_5"": 1, ""model_6"": 0}",2,"model_3,model_4",True,,migration cooldown active,2,0,,,,,,4,3,1,0.015900018693088554,"[{""model"": ""model_5"", ""current_gpu"": 1, ""best_gpu"": 0, ""current_r"": 0.0, ""best_r"": 0.0, ""absolute_delta"": 0.0, ""tau"": 0.00035, ""chosen_gpu"": 1}, {""model"": ""model_3"", ""current_gpu"": 1, ""best_gpu"": 0, ""current_r"": 0.015900018693088554, ""best_r"": 0.0, ""absolute_delta"": 0.015900018693088554, ""tau"": 0.00035, ""chosen_gpu"": 0}, {""model"": ""model_6"", ""current_gpu"": 0, ""best_gpu"": 0, ""current_r"": 0.012806790175332901, ""best_r"": 0.012806790175332901, ""absolute_delta"": 0.0, ""tau"": 0.00035, ""chosen_gpu"": 0}, {""model"": ""model_4"", ""current_gpu"": 0, ""best_gpu"": 1, ""current_r"": 0.02385804309357568, ""best_r"": 0.015900018693088554, ""absolute_delta"": 0.007958024400487127, ""tau"": 0.00035, ""chosen_gpu"": 1}]"
steady,2,1,13,1787600931.9868717,0.00035,0.03833901174587195,0.013261757862582376,0.03833901174587195,2+2,2+2,"{""model_3"": 1, ""model_4"": 0, ""model_5"": 1, ""model_6"": 0}","{""model_3"": 1, ""model_4"": 1, ""model_5"": 0, ""model_6"": 0}",2,"model_5,model_4",True,,migration cooldown active,2,0,,,,,,4,3,1,0.016916949665468767,"[{""model"": ""model_3"", ""current_gpu"": 1, ""best_gpu"": 0, ""current_r"": 0.0, ""best_r"": 0.0, ""absolute_delta"": 0.0, ""tau"": 0.00035, ""chosen_gpu"": 1}, {""model"": ""model_5"", ""current_gpu"": 1, ""best_gpu"": 0, ""current_r"": 0.016916949665468767, ""best_r"": 0.0, ""absolute_delta"": 0.016916949665468767, ""tau"": 0.00035, ""chosen_gpu"": 0}, {""model"": ""model_6"", ""current_gpu"": 0, ""best_gpu"": 0, ""current_r"": 0.015443517250204224, ""best_r"": 0.015443517250204224, ""absolute_delta"": 0.0, ""tau"": 0.00035, ""chosen_gpu"": 0}, {""model"": ""model_4"", ""current_gpu"": 0, ""best_gpu"": 1, ""current_r"": 0.031138624496455315, ""best_r"": 0.016916949665468767, ""absolute_delta"": 0.014221674830986547, ""tau"": 0.00035, ""chosen_gpu"": 1}]"
steady,2,1,14,1787600936.995379,0.00035,0.032876559759784076,0.013142490163010457,0.032876559759784076,2+2,2+2,"{""model_3"": 1, ""model_4"": 0, ""model_5"": 1, ""model_6"": 0}","{""model_3"": 1, ""model_4"": 1, ""model_5"": 0, ""model_6"": 0}",2,"model_5,model_4",False,MIGRATE,literal line-8 absolute delta exceeds tau,2,0,,model_5,1,0,0.03651091694854338,4,3,1,0.014760689652381826,"[{""model"": ""model_3"", ""current_gpu"": 1, ""best_gpu"": 0, ""current_r"": 0.0, ""best_r"": 0.0, ""absolute_delta"": 0.0, ""tau"": 0.00035, ""chosen_gpu"": 1}, {""model"": ""model_5"", ""current_gpu"": 1, ""best_gpu"": 0, ""current_r"": 0.014760689652381826, ""best_r"": 0.0, ""absolute_delta"": 0.014760689652381826, ""tau"": 0.00035, ""chosen_gpu"": 0}, {""model"": ""model_6"", ""current_gpu"": 0, ""best_gpu"": 0, ""current_r"": 0.01295318914221885, ""best_r"": 0.01295318914221885, ""absolute_delta"": 0.0, ""tau"": 0.00035, ""chosen_gpu"": 0}, {""model"": ""model_4"", ""current_gpu"": 0, ""best_gpu"": 1, ""current_r"": 0.02731458813811109, ""best_r"": 0.014760689652381826, ""absolute_delta"": 0.012553898485729263, ""tau"": 0.00035, ""chosen_gpu"": 1}]"
steady,2,1,15,1787600942.0018148,0.00035,0.022697840497312098,0.022697840497312098,0.01981824896529071,1+3,1+3,"{""model_3"": 1, ""model_4"": 0, ""model_5"": 0, ""model_6"": 0}","{""model_3"": 1, ""model_4"": 0, ""model_5"": 0, ""model_6"": 0}",0,,True,,migration cooldown active,0,0,,,,,,4,1,1,0.0,"[{""model"": ""model_3"", ""current_gpu"": 1, ""best_gpu"": 0, ""current_r"": 0.0, ""best_r"": 0.0, ""absolute_delta"": 0.0, ""tau"": 0.00035, ""chosen_gpu"": 1}, {""model"": ""model_6"", ""current_gpu"": 0, ""best_gpu"": 0, ""current_r"": 0.0, ""best_r"": 0.0, ""absolute_delta"": 0.0, ""tau"": 0.00035, ""chosen_gpu"": 0}, {""model"": ""model_5"", ""current_gpu"": 0, ""best_gpu"": 0, ""current_r"": 0.00928131295512563, ""best_r"": 0.00928131295512563, ""absolute_delta"": 0.0, ""tau"": 0.00035, ""chosen_gpu"": 0}, {""model"": ""model_4"", ""current_gpu"": 0, ""best_gpu"": 0, ""current_r"": 0.016726256523840084, ""best_r"": 0.016726256523840084, ""absolute_delta"": 0.0, ""tau"": 0.00035, ""chosen_gpu"": 0}]"
steady,2,1,16,1787600947.0114138,0.00035,0.02645528672199428,0.02645528672199428,0.013013119122540369,1+3,2+2,"{""model_3"": 1, ""model_4"": 0, ""model_5"": 0, ""model_6"": 0}","{""model_3"": 1, ""model_4"": 1, ""model_5"": 0, ""model_6"": 0}",1,model_4,True,,migration cooldown active,1,0,,,,,,4,2,1,0.00765922816147146,"[{""model"": ""model_3"", ""current_gpu"": 1, ""best_gpu"": 0, ""current_r"": 0.0, ""best_r"": 0.0, ""absolute_delta"": 0.0, ""tau"": 0.00035, ""chosen_gpu"": 1}, {""model"": ""model_6"", ""current_gpu"": 0, ""best_gpu"": 0, ""current_r"": 0.0, ""best_r"": 0.0, ""absolute_delta"": 0.0, ""tau"": 0.00035, ""chosen_gpu"": 0}, {""model"": ""model_5"", ""current_gpu"": 0, ""best_gpu"": 0, ""current_r"": 0.009899097314425556, ""best_r"": 0.009899097314425556, ""absolute_delta"": 0.0, ""tau"": 0.00035, ""chosen_gpu"": 0}, {""model"": ""model_4"", ""current_gpu"": 0, ""best_gpu"": 1, ""current_r"": 0.02067234728401183, ""best_r"": 0.013013119122540369, ""absolute_delta"": 0.00765922816147146, ""tau"": 0.00035, ""chosen_gpu"": 1}]"
steady,2,1,17,1787600952.0211365,0.00035,0.026036595292999506,0.026036595292999506,0.005836586578511583,1+3,2+2,"{""model_3"": 1, ""model_4"": 0, ""model_5"": 0, ""model_6"": 0}","{""model_3"": 1, ""model_4"": 0, ""model_5"": 1, ""model_6"": 0}",1,model_5,True,,migration cooldown active,1,0,,,,,,4,1,0,0.00472949271190679,"[{""model"": ""model_6"", ""current_gpu"": 0, ""best_gpu"": 0, ""current_r"": 0.0, ""best_r"": 0.0, ""absolute_delta"": 0.0, ""tau"": 0.00035, ""chosen_gpu"": 0}, {""model"": ""model_3"", ""current_gpu"": 1, ""best_gpu"": 1, ""current_r"": 0.0, ""best_r"": 0.0, ""absolute_delta"": 0.0, ""tau"": 0.00035, ""chosen_gpu"": 1}, {""model"": ""model_5"", ""current_gpu"": 0, ""best_gpu"": 1, ""current_r"": 0.010566079290418372, ""best_r"": 0.005836586578511583, ""absolute_delta"": 0.00472949271190679, ""tau"": 0.00035, ""chosen_gpu"": 1}, {""model"": ""model_4"", ""current_gpu"": 0, ""best_gpu"": 0, ""current_r"": 0.010566079290418372, ""best_r"": 0.010566079290418372, ""absolute_delta"": 0.0, ""tau"": 0.00035, ""chosen_gpu"": 0}]"
steady,2,1,18,1787600957.0712519,0.00035,0.023508047476913478,0.023508047476913478,0.005895385761611388,1+3,2+2,"{""model_3"": 1, ""model_4"": 0, ""model_5"": 0, ""model_6"": 0}","{""model_3"": 1, ""model_4"": 0, ""model_5"": 1, ""model_6"": 0}",1,model_5,True,,migration cooldown active,1,0,,,,,,4,1,0,0.0022107484313772952,"[{""model"": ""model_6"", ""current_gpu"": 0, ""best_gpu"": 0, ""current_r"": 0.0, ""best_r"": 0.0, ""absolute_delta"": 0.0, ""tau"": 0.00035, ""chosen_gpu"": 0}, {""model"": ""model_3"", ""current_gpu"": 1, ""best_gpu"": 1, ""current_r"": 0.0, ""best_r"": 0.0, ""absolute_delta"": 0.0, ""tau"": 0.00035, ""chosen_gpu"": 1}, {""model"": ""model_5"", ""current_gpu"": 0, ""best_gpu"": 1, ""current_r"": 0.008106134192988683, ""best_r"": 0.005895385761611388, ""absolute_delta"": 0.0022107484313772952, ""tau"": 0.00035, ""chosen_gpu"": 1}, {""model"": ""model_4"", ""current_gpu"": 0, ""best_gpu"": 0, ""current_r"": 0.008106134192988683, ""best_r"": 0.008106134192988683, ""absolute_delta"": 0.0, ""tau"": 0.00035, ""chosen_gpu"": 0}]"
steady,2,1,19,1787600962.0866494,0.00035,0.02643985670038918,0.02643985670038918,0.007875271311884454,1+3,2+2,"{""model_3"": 1, ""model_4"": 0, ""model_5"": 0, ""model_6"": 0}","{""model_3"": 1, ""model_4"": 1, ""model_5"": 0, ""model_6"": 0}",1,model_4,True,,migration cooldown active,1,0,,,,,,4,2,1,0.011616957827399034,"[{""model"": ""model_3"", ""current_gpu"": 1, ""best_gpu"": 0, ""current_r"": 0.0, ""best_r"": 0.0, ""absolute_delta"": 0.0, ""tau"": 0.00035, ""chosen_gpu"": 1}, {""model"": ""model_6"", ""current_gpu"": 0, ""best_gpu"": 0, ""current_r"": 0.0, ""best_r"": 0.0, ""absolute_delta"": 0.0, ""tau"": 0.00035, ""chosen_gpu"": 0}, {""model"": ""model_5"", ""current_gpu"": 0, ""best_gpu"": 0, ""current_r"": 0.007488187161087351, ""best_r"": 0.007488187161087351, ""absolute_delta"": 0.0, ""tau"": 0.00035, ""chosen_gpu"": 0}, {""model"": ""model_4"", ""current_gpu"": 0, ""best_gpu"": 1, ""current_r"": 0.019492229139283487, ""best_r"": 0.007875271311884454, ""absolute_delta"": 0.011616957827399034, ""tau"": 0.00035, ""chosen_gpu"": 1}]"
steady,2,1,20,1787600967.1126428,0.00035,0.027589913758970692,0.027589913758970692,0.0068208328670531105,1+3,2+2,"{""model_3"": 1, ""model_4"": 0, ""model_5"": 0, ""model_6"": 0}","{""model_3"": 1, ""model_4"": 0, ""model_5"": 0, ""model_6"": 1}",1,model_6,False,MIGRATE,literal line-8 absolute delta exceeds tau,1,0,,model_6,0,1,0.015488570096666373,4,1,0,0.0022768667540721908,"[{""model"": ""model_5"", ""current_gpu"": 0, ""best_gpu"": 0, ""current_r"": 0.0, ""best_r"": 0.0, ""absolute_delta"": 0.0, ""tau"": 0.00035, ""chosen_gpu"": 0}, {""model"": ""model_3"", ""current_gpu"": 1, ""best_gpu"": 1, ""current_r"": 0.0, ""best_r"": 0.0, ""absolute_delta"": 0.0, ""tau"": 0.00035, ""chosen_gpu"": 1}, {""model"": ""model_6"", ""current_gpu"": 0, ""best_gpu"": 1, ""current_r"": 0.009097699621125301, ""best_r"": 0.0068208328670531105, ""absolute_delta"": 0.0022768667540721908, ""tau"": 0.00035, ""chosen_gpu"": 1}, {""model"": ""model_4"", ""current_gpu"": 0, ""best_gpu"": 0, ""current_r"": 0.009097699621125301, ""best_r"": 0.009097699621125301, ""absolute_delta"": 0.0, ""tau"": 0.00035, ""chosen_gpu"": 0}]"
steady,2,1,21,1787600972.1189456,0.00035,0.008647539664867447,0.008647539664867447,0.00850726264697435,2+2,2+2,"{""model_3"": 1, ""model_4"": 0, ""model_5"": 0, ""model_6"": 1}","{""model_3"": 1, ""model_4"": 0, ""model_5"": 0, ""model_6"": 1}",0,,True,,migration cooldown active,0,0,,,,,,4,1,1,0.0,"[{""model"": ""model_6"", ""current_gpu"": 1, ""best_gpu"": 0, ""current_r"": 0.0, ""best_r"": 0.0, ""absolute_delta"": 0.0, ""tau"": 0.00035, ""chosen_gpu"": 1}, {""model"": ""model_5"", ""current_gpu"": 0, ""best_gpu"": 0, ""current_r"": 0.0, ""best_r"": 0.0, ""absolute_delta"": 0.0, ""tau"": 0.00035, ""chosen_gpu"": 0}, {""model"": ""model_4"", ""current_gpu"": 0, ""best_gpu"": 0, ""current_r"": 0.005159811896627284, ""best_r"": 0.005159811896627284, ""absolute_delta"": 0.0, ""tau"": 0.00035, ""chosen_gpu"": 0}, {""model"": ""model_3"", ""current_gpu"": 1, ""best_gpu"": 1, ""current_r"": 0.0054012848874220075, ""best_r"": 0.0054012848874220075, ""absolute_delta"": 0.0, ""tau"": 0.00035, ""chosen_gpu"": 1}]"
steady,2,1,22,1787600977.1590426,0.00035,0.020368833779032307,0.019838083983582906,0.020368833779032307,2+2,2+2,"{""model_3"": 1, ""model_4"": 0, ""model_5"": 0, ""model_6"": 1}","{""model_3"": 1, ""model_4"": 0, ""model_5"": 0, ""model_6"": 1}",0,,True,,migration cooldown active,0,0,,,,,,4,0,0,0.0,"[{""model"": ""model_5"", ""current_gpu"": 0, ""best_gpu"": 0, ""current_r"": 0.0, ""best_r"": 0.0, ""absolute_delta"": 0.0, ""tau"": 0.00035, ""chosen_gpu"": 0}, {""model"": ""model_3"", ""current_gpu"": 1, ""best_gpu"": 1, ""current_r"": 0.0, ""best_r"": 0.0, ""absolute_delta"": 0.0, ""tau"": 0.00035, ""chosen_gpu"": 1}, {""model"": ""model_6"", ""current_gpu"": 1, ""best_gpu"": 1, ""current_r"": 0.009859451426792449, ""best_r"": 0.009859451426792449, ""absolute_delta"": 0.0, ""tau"": 0.00035, ""chosen_gpu"": 1}, {""model"": ""model_4"", ""current_gpu"": 0, ""best_gpu"": 0, ""current_r"": 0.013579700961639006, ""best_r"": 0.013579700961639006, ""absolute_delta"": 0.0, ""tau"": 0.00035, ""chosen_gpu"": 0}]"
steady,2,1,23,1787600982.170954,0.00035,0.02129152789568603,0.01212945634120067,0.02129152789568603,2+2,2+2,"{""model_3"": 1, ""model_4"": 0, ""model_5"": 0, ""model_6"": 1}","{""model_3"": 1, ""model_4"": 1, ""model_5"": 0, ""model_6"": 0}",2,"model_6,model_4",True,,migration cooldown active,2,1,target memory infeasible,,,,,4,3,1,0.010397196668530102,"[{""model"": ""model_3"", ""current_gpu"": 1, ""best_gpu"": 0, ""current_r"": 0.0, ""best_r"": 0.0, ""absolute_delta"": 0.0, ""tau"": 0.00035, ""chosen_gpu"": 1}, {""model"": ""model_6"", ""current_gpu"": 1, ""best_gpu"": 0, ""current_r"": 0.010397196668530102, ""best_r"": 0.0, ""absolute_delta"": 0.010397196668530102, ""tau"": 0.00035, ""chosen_gpu"": 0}, {""model"": ""model_5"", ""current_gpu"": 0, ""best_gpu"": 0, ""current_r"": 0.007602310174652688, ""best_r"": 0.007602310174652688, ""absolute_delta"": 0.0, ""tau"": 0.00035, ""chosen_gpu"": 0}, {""model"": ""model_4"", ""current_gpu"": 0, ""best_gpu"": 1, ""current_r"": 0.01793497975115801, ""best_r"": 0.010397196668530102, ""absolute_delta"": 0.007537783082627909, ""tau"": 0.00035, ""chosen_gpu"": 1}]"
steady,2,1,24,1787600987.1825082,0.00035,0.017856537498541485,0.017424301837539704,0.017856537498541485,2+2,2+2,"{""model_3"": 1, ""model_4"": 0, ""model_5"": 0, ""model_6"": 1}","{""model_3"": 1, ""model_4"": 0, ""model_5"": 0, ""model_6"": 1}",0,,True,,migration cooldown active,0,0,,,,,,4,0,0,0.0,"[{""model"": ""model_5"", ""current_gpu"": 0, ""best_gpu"": 0, ""current_r"": 0.0, ""best_r"": 0.0, ""absolute_delta"": 0.0, ""tau"": 0.00035, ""chosen_gpu"": 0}, {""model"": ""model_3"", ""current_gpu"": 1, ""best_gpu"": 1, ""current_r"": 0.0, ""best_r"": 0.0, ""absolute_delta"": 0.0, ""tau"": 0.00035, ""chosen_gpu"": 1}, {""model"": ""model_6"", ""current_gpu"": 1, ""best_gpu"": 1, ""current_r"": 0.008344369486121946, ""best_r"": 0.008344369486121946, ""absolute_delta"": 0.0, ""tau"": 0.00035, ""chosen_gpu"": 1}, {""model"": ""model_4"", ""current_gpu"": 0, ""best_gpu"": 0, ""current_r"": 0.010409647651608674, ""best_r"": 0.010409647651608674, ""absolute_delta"": 0.0, ""tau"": 0.00035, ""chosen_gpu"": 0}]"
steady,2,1,25,1787600992.211787,0.00035,0.01934933891896438,0.012204010704113909,0.01934933891896438,2+2,2+2,"{""model_3"": 1, ""model_4"": 0, ""model_5"": 0, ""model_6"": 1}","{""model_3"": 1, ""model_4"": 0, ""model_5"": 1, ""model_6"": 0}",2,"model_6,model_5",True,,migration cooldown active,2,1,target memory infeasible,,,,,4,3,1,0.00781990426018663,"[{""model"": ""model_3"", ""current_gpu"": 1, ""best_gpu"": 0, ""current_r"": 0.0, ""best_r"": 0.0, ""absolute_delta"": 0.0, ""tau"": 0.00035, ""chosen_gpu"": 1}, {""model"": ""model_6"", ""current_gpu"": 1, ""best_gpu"": 0, ""current_r"": 0.00781990426018663, ""best_r"": 0.0, ""absolute_delta"": 0.00781990426018663, ""tau"": 0.00035, ""chosen_gpu"": 0}, {""model"": ""model_5"", ""current_gpu"": 0, ""best_gpu"": 1, ""current_r"": 0.008745388387175848, ""best_r"": 0.00781990426018663, ""absolute_delta"": 0.0009254841269892185, ""tau"": 0.00035, ""chosen_gpu"": 1}, {""model"": ""model_4"", ""current_gpu"": 0, ""best_gpu"": 0, ""current_r"": 0.008745388387175848, ""best_r"": 0.008745388387175848, ""absolute_delta"": 0.0, ""tau"": 0.00035, ""chosen_gpu"": 0}]"
steady,2,1,26,1787600997.2242346,0.00035,0.026458454906405093,0.0168870982509903,0.026458454906405093,2+2,2+2,"{""model_3"": 1, ""model_4"": 0, ""model_5"": 0, ""model_6"": 1}","{""model_3"": 1, ""model_4"": 1, ""model_5"": 0, ""model_6"": 0}",2,"model_6,model_4",False,MIGRATE,literal line-8 absolute delta exceeds tau,2,1,target memory infeasible,model_4,0,1,0.03468634297967137,4,3,1,0.013481977018751826,"[{""model"": ""model_3"", ""current_gpu"": 1, ""best_gpu"": 0, ""current_r"": 0.0, ""best_r"": 0.0, ""absolute_delta"": 0.0, ""tau"": 0.00035, ""chosen_gpu"": 1}, {""model"": ""model_5"", ""current_gpu"": 0, ""best_gpu"": 0, ""current_r"": 0.0, ""best_r"": 0.0, ""absolute_delta"": 0.0, ""tau"": 0.00035, ""chosen_gpu"": 0}, {""model"": ""model_6"", ""current_gpu"": 1, ""best_gpu"": 0, ""current_r"": 0.012912043049228727, ""best_r"": 0.0109451186487342, ""absolute_delta"": 0.0019669244004945265, ""tau"": 0.00035, ""chosen_gpu"": 0}, {""model"": ""model_4"", ""current_gpu"": 0, ""best_gpu"": 1, ""current_r"": 0.026394020067980552, ""best_r"": 0.012912043049228727, ""absolute_delta"": 0.013481977018751826, ""tau"": 0.00035, ""chosen_gpu"": 1}]"
steady,2,1,27,1787601002.2344553,0.00035,0.04650402896875065,0.01419176138269109,0.04650402896875065,1+3,2+2,"{""model_3"": 1, ""model_4"": 1, ""model_5"": 0, ""model_6"": 1}","{""model_3"": 1, ""model_4"": 1, ""model_5"": 0, ""model_6"": 0}",1,model_6,True,,migration cooldown active,1,0,,,,,,4,2,1,0.00738891535042637,"[{""model"": ""model_3"", ""current_gpu"": 1, ""best_gpu"": 0, ""current_r"": 0.0, ""best_r"": 0.0, ""absolute_delta"": 0.0, ""tau"": 0.00035, ""chosen_gpu"": 1}, {""model"": ""model_5"", ""current_gpu"": 0, ""best_gpu"": 0, ""current_r"": 0.0, ""best_r"": 0.0, ""absolute_delta"": 0.0, ""tau"": 0.00035, ""chosen_gpu"": 0}, {""model"": ""model_6"", ""current_gpu"": 1, ""best_gpu"": 0, ""current_r"": 0.02158067673311746, ""best_r"": 0.01419176138269109, ""absolute_delta"": 0.00738891535042637, ""tau"": 0.00035, ""chosen_gpu"": 0}, {""model"": ""model_4"", ""current_gpu"": 1, ""best_gpu"": 1, ""current_r"": 0.02158067673311746, ""best_r"": 0.02158067673311746, ""absolute_delta"": 0.0, ""tau"": 0.00035, ""chosen_gpu"": 1}]"
steady,2,1,28,1787601007.2462246,0.00035,0.04204489851419914,0.016134533128260155,0.04204489851419914,1+3,2+2,"{""model_3"": 1, ""model_4"": 1, ""model_5"": 0, ""model_6"": 1}","{""model_3"": 1, ""model_4"": 1, ""model_5"": 0, ""model_6"": 0}",1,model_6,True,,migration cooldown active,1,0,,,,,,4,2,1,0.0017545348109547255,"[{""model"": ""model_3"", ""current_gpu"": 1, ""best_gpu"": 0, ""current_r"": 0.0, ""best_r"": 0.0, ""absolute_delta"": 0.0, ""tau"": 0.00035, ""chosen_gpu"": 1}, {""model"": ""model_5"", ""current_gpu"": 0, ""best_gpu"": 0, ""current_r"": 0.0, ""best_r"": 0.0, ""absolute_delta"": 0.0, ""tau"": 0.00035, ""chosen_gpu"": 0}, {""model"": ""model_6"", ""current_gpu"": 1, ""best_gpu"": 0, ""current_r"": 0.01788906793921488, ""best_r"": 0.016134533128260155, ""absolute_delta"": 0.0017545348109547255, ""tau"": 0.00035, ""chosen_gpu"": 0}, {""model"": ""model_4"", ""current_gpu"": 1, ""best_gpu"": 1, ""current_r"": 0.01788906793921488, ""best_r"": 0.01788906793921488, ""absolute_delta"": 0.0, ""tau"": 0.00035, ""chosen_gpu"": 1}]"
steady,2,1,29,1787601012.257808,0.00035,0.03872984663595289,0.009933074394516154,0.03872984663595289,1+3,2+2,"{""model_3"": 1, ""model_4"": 1, ""model_5"": 0, ""model_6"": 1}","{""model_3"": 1, ""model_4"": 1, ""model_5"": 0, ""model_6"": 0}",1,model_6,True,,migration cooldown active,1,0,,,,,,4,2,1,0.008123316306393043,"[{""model"": ""model_3"", ""current_gpu"": 1, ""best_gpu"": 0, ""current_r"": 0.0, ""best_r"": 0.0, ""absolute_delta"": 0.0, ""tau"": 0.00035, ""chosen_gpu"": 1}, {""model"": ""model_5"", ""current_gpu"": 0, ""best_gpu"": 0, ""current_r"": 0.0, ""best_r"": 0.0, ""absolute_delta"": 0.0, ""tau"": 0.00035, ""chosen_gpu"": 0}, {""model"": ""model_6"", ""current_gpu"": 1, ""best_gpu"": 0, ""current_r"": 0.018056390700909197, ""best_r"": 0.009933074394516154, ""absolute_delta"": 0.008123316306393043, ""tau"": 0.00035, ""chosen_gpu"": 0}, {""model"": ""model_4"", ""current_gpu"": 1, ""best_gpu"": 1, ""current_r"": 0.018056390700909197, ""best_r"": 0.018056390700909197, ""absolute_delta"": 0.0, ""tau"": 0.00035, ""chosen_gpu"": 1}]"
steady,2,1,30,1787601017.266618,0.00035,0.03263514095654807,0.004817082043737528,0.03263514095654807,1+3,2+2,"{""model_3"": 1, ""model_4"": 1, ""model_5"": 0, ""model_6"": 1}","{""model_3"": 1, ""model_4"": 1, ""model_5"": 0, ""model_6"": 0}",1,model_6,True,,migration cooldown active,1,0,,,,,,4,2,1,0.014187670887358103,"[{""model"": ""model_3"", ""current_gpu"": 1, ""best_gpu"": 0, ""current_r"": 0.0, ""best_r"": 0.0, ""absolute_delta"": 0.0, ""tau"": 0.00035, ""chosen_gpu"": 1}, {""model"": ""model_6"", ""current_gpu"": 1, ""best_gpu"": 0, ""current_r"": 0.014187670887358103, ""best_r"": 0.0, ""absolute_delta"": 0.014187670887358103, ""tau"": 0.00035, ""chosen_gpu"": 0}, {""model"": ""model_5"", ""current_gpu"": 0, ""best_gpu"": 0, ""current_r"": 0.007643205886530802, ""best_r"": 0.007643205886530802, ""absolute_delta"": 0.0, ""tau"": 0.00035, ""chosen_gpu"": 0}, {""model"": ""model_4"", ""current_gpu"": 1, ""best_gpu"": 1, ""current_r"": 0.014187670887358103, ""best_r"": 0.014187670887358103, ""absolute_delta"": 0.0, ""tau"": 0.00035, ""chosen_gpu"": 1}]"
steady,2,1,31,1787601022.2781746,0.00035,0.032719504140184666,0.009491917050376872,0.032719504140184666,1+3,2+2,"{""model_3"": 1, ""model_4"": 1, ""model_5"": 0, ""model_6"": 1}","{""model_3"": 1, ""model_4"": 1, ""model_5"": 0, ""model_6"": 0}",1,model_6,True,,migration cooldown active,1,0,,,,,,4,2,1,0.007015629751076783,"[{""model"": ""model_3"", ""current_gpu"": 1, ""best_gpu"": 0, ""current_r"": 0.0, ""best_r"": 0.0, ""absolute_delta"": 0.0, ""tau"": 0.00035, ""chosen_gpu"": 1}, {""model"": ""model_5"", ""current_gpu"": 0, ""best_gpu"": 0, ""current_r"": 0.0, ""best_r"": 0.0, ""absolute_delta"": 0.0, ""tau"": 0.00035, ""chosen_gpu"": 0}, {""model"": ""model_6"", ""current_gpu"": 1, ""best_gpu"": 0, ""current_r"": 0.016507546801453655, ""best_r"": 0.009491917050376872, ""absolute_delta"": 0.007015629751076783, ""tau"": 0.00035, ""chosen_gpu"": 0}, {""model"": ""model_4"", ""current_gpu"": 1, ""best_gpu"": 1, ""current_r"": 0.016507546801453655, ""best_r"": 0.016507546801453655, ""absolute_delta"": 0.0, ""tau"": 0.00035, ""chosen_gpu"": 1}]"
steady,2,1,32,1787601027.3002226,0.00035,0.03024271422320227,0.011635414260591828,0.03024271422320227,1+3,2+2,"{""model_3"": 1, ""model_4"": 1, ""model_5"": 0, ""model_6"": 1}","{""model_3"": 1, ""model_4"": 1, ""model_5"": 0, ""model_6"": 0}",1,model_6,False,MIGRATE,literal line-8 absolute delta exceeds tau,1,0,,model_6,1,0,0.021791682633245827,4,2,1,0.003743704523044622,"[{""model"": ""model_3"", ""current_gpu"": 1, ""best_gpu"": 0, ""current_r"": 0.0, ""best_r"": 0.0, ""absolute_delta"": 0.0, ""tau"": 0.00035, ""chosen_gpu"": 1}, {""model"": ""model_5"", ""current_gpu"": 0, ""best_gpu"": 0, ""current_r"": 0.0, ""best_r"": 0.0, ""absolute_delta"": 0.0, ""tau"": 0.00035, ""chosen_gpu"": 0}, {""model"": ""model_6"", ""current_gpu"": 1, ""best_gpu"": 0, ""current_r"": 0.01537911878363645, ""best_r"": 0.011635414260591828, ""absolute_delta"": 0.003743704523044622, ""tau"": 0.00035, ""chosen_gpu"": 0}, {""model"": ""model_4"", ""current_gpu"": 1, ""best_gpu"": 1, ""current_r"": 0.01537911878363645, ""best_r"": 0.01537911878363645, ""absolute_delta"": 0.0, ""tau"": 0.00035, ""chosen_gpu"": 1}]"
steady,2,1,33,1787601032.3089788,0.00035,0.017995943522561172,0.017995943522561172,0.0154810266751997,2+2,2+2,"{""model_3"": 1, ""model_4"": 1, ""model_5"": 0, ""model_6"": 0}","{""model_3"": 1, ""model_4"": 1, ""model_5"": 0, ""model_6"": 0}",0,,True,,migration cooldown active,0,0,,,,,,4,1,1,0.0,"[{""model"": ""model_3"", ""current_gpu"": 1, ""best_gpu"": 0, ""current_r"": 0.0, ""best_r"": 0.0, ""absolute_delta"": 0.0, ""tau"": 0.00035, ""chosen_gpu"": 1}, {""model"": ""model_5"", ""current_gpu"": 0, ""best_gpu"": 0, ""current_r"": 0.0, ""best_r"": 0.0, ""absolute_delta"": 0.0, ""tau"": 0.00035, ""chosen_gpu"": 0}, {""model"": ""model_6"", ""current_gpu"": 0, ""best_gpu"": 0, ""current_r"": 0.010027950940909811, ""best_r"": 0.010027950940909811, ""absolute_delta"": 0.0, ""tau"": 0.00035, ""chosen_gpu"": 0}, {""model"": ""model_4"", ""current_gpu"": 1, ""best_gpu"": 1, ""current_r"": 0.010942977202925601, ""best_r"": 0.010942977202925601, ""absolute_delta"": 0.0, ""tau"": 0.00035, ""chosen_gpu"": 1}]"
steady,2,1,34,1787601037.321038,0.00035,0.015231514463023862,0.011285406000012679,0.015231514463023862,2+2,2+2,"{""model_3"": 1, ""model_4"": 1, ""model_5"": 0, ""model_6"": 0}","{""model_3"": 1, ""model_4"": 0, ""model_5"": 0, ""model_6"": 1}",2,"model_4,model_6",True,,migration cooldown active,2,1,target memory infeasible,,,,,4,3,1,0.003035795102835891,"[{""model"": ""model_3"", ""current_gpu"": 1, ""best_gpu"": 0, ""current_r"": 0.0, ""best_r"": 0.0, ""absolute_delta"": 0.0, ""tau"": 0.00035, ""chosen_gpu"": 1}, {""model"": ""model_5"", ""current_gpu"": 0, ""best_gpu"": 0, ""current_r"": 0.0, ""best_r"": 0.0, ""absolute_delta"": 0.0, ""tau"": 0.00035, ""chosen_gpu"": 0}, {""model"": ""model_4"", ""current_gpu"": 1, ""best_gpu"": 0, ""current_r"": 0.00995293150271945, ""best_r"": 0.0069171363998835585, ""absolute_delta"": 0.003035795102835891, ""tau"": 0.00035, ""chosen_gpu"": 0}, {""model"": ""model_6"", ""current_gpu"": 0, ""best_gpu"": 1, ""current_r"": 0.01271365692195771, ""best_r"": 0.00995293150271945, ""absolute_delta"": 0.0027607254192382608, ""tau"": 0.00035, ""chosen_gpu"": 1}]"
steady,2,1,35,1787601042.3317735,0.00035,0.014946580751634747,0.006413178473841927,0.014946580751634747,2+2,1+3,"{""model_3"": 1, ""model_4"": 1, ""model_5"": 0, ""model_6"": 0}","{""model_3"": 1, ""model_4"": 0, ""model_5"": 0, ""model_6"": 0}",1,model_4,True,,migration cooldown active,1,1,target memory infeasible,,,,,4,2,1,0.00872394494753035,"[{""model"": ""model_3"", ""current_gpu"": 1, ""best_gpu"": 0, ""current_r"": 0.0, ""best_r"": 0.0, ""absolute_delta"": 0.0, ""tau"": 0.00035, ""chosen_gpu"": 1}, {""model"": ""model_5"", ""current_gpu"": 0, ""best_gpu"": 0, ""current_r"": 0.0, ""best_r"": 0.0, ""absolute_delta"": 0.0, ""tau"": 0.00035, ""chosen_gpu"": 0}, {""model"": ""model_4"", ""current_gpu"": 1, ""best_gpu"": 0, ""current_r"": 0.012681021334773, ""best_r"": 0.00395707638724265, ""absolute_delta"": 0.00872394494753035, ""tau"": 0.00035, ""chosen_gpu"": 0}, {""model"": ""model_6"", ""current_gpu"": 0, ""best_gpu"": 0, ""current_r"": 0.005702509015673055, ""best_r"": 0.005702509015673055, ""absolute_delta"": 0.0, ""tau"": 0.00035, ""chosen_gpu"": 0}]"
steady,2,1,36,1787601047.353648,0.00035,0.017749726452301055,0.017749726452301055,0.009973129134531928,2+2,2+2,"{""model_3"": 1, ""model_4"": 1, ""model_5"": 0, ""model_6"": 0}","{""model_3"": 1, ""model_4"": 0, ""model_5"": 0, ""model_6"": 1}",2,"model_6,model_4",True,,migration cooldown active,2,1,target memory infeasible,,,,,4,2,0,0.003681203099327261,"[{""model"": ""model_5"", ""current_gpu"": 0, ""best_gpu"": 0, ""current_r"": 0.0, ""best_r"": 0.0, ""absolute_delta"": 0.0, ""tau"": 0.00035, ""chosen_gpu"": 0}, {""model"": ""model_3"", ""current_gpu"": 1, ""best_gpu"": 1, ""current_r"": 0.0, ""best_r"": 0.0, ""absolute_delta"": 0.0, ""tau"": 0.00035, ""chosen_gpu"": 1}, {""model"": ""model_6"", ""current_gpu"": 0, ""best_gpu"": 1, ""current_r"": 0.009784412684211515, ""best_r"": 0.007323058864668333, ""absolute_delta"": 0.002461353819543182, ""tau"": 0.00035, ""chosen_gpu"": 1}, {""model"": ""model_4"", ""current_gpu"": 1, ""best_gpu"": 0, ""current_r"": 0.013465615783538776, ""best_r"": 0.009784412684211515, ""absolute_delta"": 0.003681203099327261, ""tau"": 0.00035, ""chosen_gpu"": 0}]"
steady,2,1,37,1787601052.3670344,0.00035,0.020327199625424223,0.020327199625424223,0.009003972635666112,2+2,2+2,"{""model_3"": 1, ""model_4"": 1, ""model_5"": 0, ""model_6"": 0}","{""model_3"": 1, ""model_4"": 0, ""model_5"": 0, ""model_6"": 1}",2,"model_6,model_4",True,,migration cooldown active,2,1,target memory infeasible,,,,,4,2,0,0.005216523142444857,"[{""model"": ""model_5"", ""current_gpu"": 0, ""best_gpu"": 0, ""current_r"": 0.0, ""best_r"": 0.0, ""absolute_delta"": 0.0, ""tau"": 0.00035, ""chosen_gpu"": 0}, {""model"": ""model_3"", ""current_gpu"": 1, ""best_gpu"": 1, ""current_r"": 0.0, ""best_r"": 0.0, ""absolute_delta"": 0.0, ""tau"": 0.00035, ""chosen_gpu"": 1}, {""model"": ""model_6"", ""current_gpu"": 0, ""best_gpu"": 1, ""current_r"": 0.009235539501937671, ""best_r"": 0.005880942189302157, ""absolute_delta"": 0.003354597312635514, ""tau"": 0.00035, ""chosen_gpu"": 1}, {""model"": ""model_4"", ""current_gpu"": 1, ""best_gpu"": 0, ""current_r"": 0.014452062644382528, ""best_r"": 0.009235539501937671, ""absolute_delta"": 0.005216523142444857, ""tau"": 0.00035, ""chosen_gpu"": 0}]"
steady,2,1,38,1787601057.386156,0.00035,0.02298124165867932,0.02298124165867932,0.013531899057495547,2+2,2+2,"{""model_3"": 1, ""model_4"": 1, ""model_5"": 0, ""model_6"": 0}","{""model_3"": 1, ""model_4"": 0, ""model_5"": 0, ""model_6"": 1}",2,"model_6,model_4",False,MIGRATE,literal line-8 absolute delta exceeds tau,2,1,target memory infeasible,model_6,0,1,0.024255757678250223,4,2,0,0.006238406012964243,"[{""model"": ""model_5"", ""current_gpu"": 0, ""best_gpu"": 0, ""current_r"": 0.0, ""best_r"": 0.0, ""absolute_delta"": 0.0, ""tau"": 0.00035, ""chosen_gpu"": 0}, {""model"": ""model_3"", ""current_gpu"": 1, ""best_gpu"": 1, ""current_r"": 0.0, ""best_r"": 0.0, ""absolute_delta"": 0.0, ""tau"": 0.00035, ""chosen_gpu"": 1}, {""model"": ""model_6"", ""current_gpu"": 0, ""best_gpu"": 1, ""current_r"": 0.01199891930863176, ""best_r"": 0.009541408757042912, ""absolute_delta"": 0.002457510551588847, ""tau"": 0.00035, ""chosen_gpu"": 1}, {""model"": ""model_4"", ""current_gpu"": 1, ""best_gpu"": 0, ""current_r"": 0.018237325321596002, ""best_r"": 0.01199891930863176, ""absolute_delta"": 0.006238406012964243, ""tau"": 0.00035, ""chosen_gpu"": 0}]"
steady,2,1,39,1787601062.3961356,0.00035,0.027591055522533315,0.004795584595550577,0.027591055522533315,1+3,2+2,"{""model_3"": 1, ""model_4"": 1, ""model_5"": 0, ""model_6"": 1}","{""model_3"": 1, ""model_4"": 1, ""model_5"": 0, ""model_6"": 0}",1,model_6,True,,migration cooldown active,1,0,,,,,,4,2,1,0.010350474155116047,"[{""model"": ""model_3"", ""current_gpu"": 1, ""best_gpu"": 0, ""current_r"": 0.0, ""best_r"": 0.0, ""absolute_delta"": 0.0, ""tau"": 0.00035, ""chosen_gpu"": 1}, {""model"": ""model_6"", ""current_gpu"": 1, ""best_gpu"": 0, ""current_r"": 0.010350474155116047, ""best_r"": 0.0, ""absolute_delta"": 0.010350474155116047, ""tau"": 0.00035, ""chosen_gpu"": 0}, {""model"": ""model_5"", ""current_gpu"": 0, ""best_gpu"": 0, ""current_r"": 0.0072556492292946305, ""best_r"": 0.0072556492292946305, ""absolute_delta"": 0.0, ""tau"": 0.00035, ""chosen_gpu"": 0}, {""model"": ""model_4"", ""current_gpu"": 1, ""best_gpu"": 1, ""current_r"": 0.010350474155116047, ""best_r"": 0.010350474155116047, ""absolute_delta"": 0.0, ""tau"": 0.00035, ""chosen_gpu"": 1}]"
steady,2,1,40,1787601067.434915,0.00035,0.035702890653858815,0.005935125599218034,0.035702890653858815,1+3,2+2,"{""model_3"": 1, ""model_4"": 1, ""model_5"": 0, ""model_6"": 1}","{""model_3"": 1, ""model_4"": 1, ""model_5"": 0, ""model_6"": 0}",1,model_6,True,,migration cooldown active,1,0,,,,,,4,2,1,0.015971768709734553,"[{""model"": ""model_3"", ""current_gpu"": 1, ""best_gpu"": 0, ""current_r"": 0.0, ""best_r"": 0.0, ""absolute_delta"": 0.0, ""tau"": 0.00035, ""chosen_gpu"": 1}, {""model"": ""model_6"", ""current_gpu"": 1, ""best_gpu"": 0, ""current_r"": 0.015971768709734553, ""best_r"": 0.0, ""absolute_delta"": 0.015971768709734553, ""tau"": 0.00035, ""chosen_gpu"": 0}, {""model"": ""model_5"", ""current_gpu"": 0, ""best_gpu"": 0, ""current_r"": 0.007293629609192476, ""best_r"": 0.007293629609192476, ""absolute_delta"": 0.0, ""tau"": 0.00035, ""chosen_gpu"": 0}, {""model"": ""model_4"", ""current_gpu"": 1, ""best_gpu"": 1, ""current_r"": 0.015971768709734553, ""best_r"": 0.015971768709734553, ""absolute_delta"": 0.0, ""tau"": 0.00035, ""chosen_gpu"": 1}]"
steady,2,1,41,1787601072.4479697,0.00035,0.035839772290877855,0.004886535337879984,0.035839772290877855,1+3,1+3,"{""model_3"": 1, ""model_4"": 1, ""model_5"": 0, ""model_6"": 1}","{""model_3"": 1, ""model_4"": 0, ""model_5"": 0, ""model_6"": 0}",2,"model_6,model_4",True,,migration cooldown active,2,0,,,,,,4,3,1,0.01674073639584184,"[{""model"": ""model_3"", ""current_gpu"": 1, ""best_gpu"": 0, ""current_r"": 0.0, ""best_r"": 0.0, ""absolute_delta"": 0.0, ""tau"": 0.00035, ""chosen_gpu"": 1}, {""model"": ""model_6"", ""current_gpu"": 1, ""best_gpu"": 0, ""current_r"": 0.01674073639584184, ""best_r"": 0.0, ""absolute_delta"": 0.01674073639584184, ""tau"": 0.00035, ""chosen_gpu"": 0}, {""model"": ""model_5"", ""current_gpu"": 0, ""best_gpu"": 0, ""current_r"": 0.007063337147645775, ""best_r"": 0.007063337147645775, ""absolute_delta"": 0.0, ""tau"": 0.00035, ""chosen_gpu"": 0}, {""model"": ""model_4"", ""current_gpu"": 1, ""best_gpu"": 0, ""current_r"": 0.01674073639584184, ""best_r"": 0.015484118074108795, ""absolute_delta"": 0.0012566183217330457, ""tau"": 0.00035, ""chosen_gpu"": 0}]"
steady,2,1,42,1787601077.4579213,0.00035,0.03868791035616013,0.013177750856290683,0.03868791035616013,1+3,2+2,"{""model_3"": 1, ""model_4"": 1, ""model_5"": 0, ""model_6"": 1}","{""model_3"": 1, ""model_4"": 1, ""model_5"": 0, ""model_6"": 0}",1,model_6,True,,migration cooldown active,1,0,,,,,,4,2,1,0.0038722823026978957,"[{""model"": ""model_3"", ""current_gpu"": 1, ""best_gpu"": 0, ""current_r"": 0.0, ""best_r"": 0.0, ""absolute_delta"": 0.0, ""tau"": 0.00035, ""chosen_gpu"": 1}, {""model"": ""model_5"", ""current_gpu"": 0, ""best_gpu"": 0, ""current_r"": 0.0, ""best_r"": 0.0, ""absolute_delta"": 0.0, ""tau"": 0.00035, ""chosen_gpu"": 0}, {""model"": ""model_6"", ""current_gpu"": 1, ""best_gpu"": 0, ""current_r"": 0.01705003315898858, ""best_r"": 0.013177750856290683, ""absolute_delta"": 0.0038722823026978957, ""tau"": 0.00035, ""chosen_gpu"": 0}, {""model"": ""model_4"", ""current_gpu"": 1, ""best_gpu"": 1, ""current_r"": 0.01705003315898858, ""best_r"": 0.01705003315898858, ""absolute_delta"": 0.0, ""tau"": 0.00035, ""chosen_gpu"": 1}]"
steady,2,1,43,1787601082.4713416,0.00035,0.029815284454994536,0.003647951592339508,0.029815284454994536,1+3,2+2,"{""model_3"": 1, ""model_4"": 1, ""model_5"": 0, ""model_6"": 1}","{""model_3"": 1, ""model_4"": 1, ""model_5"": 0, ""model_6"": 0}",1,model_6,True,,migration cooldown active,1,0,,,,,,4,3,2,0.013777357522051824,"[{""model"": ""model_3"", ""current_gpu"": 1, ""best_gpu"": 0, ""current_r"": 0.0, ""best_r"": 0.0, ""absolute_delta"": 0.0, ""tau"": 0.00035, ""chosen_gpu"": 1}, {""model"": ""model_6"", ""current_gpu"": 1, ""best_gpu"": 0, ""current_r"": 0.013777357522051824, ""best_r"": 0.0, ""absolute_delta"": 0.013777357522051824, ""tau"": 0.00035, ""chosen_gpu"": 0}, {""model"": ""model_5"", ""current_gpu"": 0, ""best_gpu"": 0, ""current_r"": 0.006711926994312064, ""best_r"": 0.006711926994312064, ""absolute_delta"": 0.0, ""tau"": 0.00035, ""chosen_gpu"": 0}, {""model"": ""model_4"", ""current_gpu"": 1, ""best_gpu"": 0, ""current_r"": 0.013777357522051824, ""best_r"": 0.013433273093431607, ""absolute_delta"": 0.00034408442862021715, ""tau"": 0.00035, ""chosen_gpu"": 1}]"
steady,2,1,44,1787601087.5040987,0.00035,0.027646887792837735,0.005162643820709074,0.027646887792837735,1+3,2+2,"{""model_3"": 1, ""model_4"": 1, ""model_5"": 0, ""model_6"": 1}","{""model_3"": 1, ""model_4"": 1, ""model_5"": 0, ""model_6"": 0}",1,model_6,False,MIGRATE,literal line-8 absolute delta exceeds tau,1,0,,model_6,1,0,0.01587704055779317,4,2,1,0.012932360861572085,"[{""model"": ""model_3"", ""current_gpu"": 1, ""best_gpu"": 0, ""current_r"": 0.0, ""best_r"": 0.0, ""absolute_delta"": 0.0, ""tau"": 0.00035, ""chosen_gpu"": 1}, {""model"": ""model_6"", ""current_gpu"": 1, ""best_gpu"": 0, ""current_r"": 0.012932360861572085, ""best_r"": 0.0, ""absolute_delta"": 0.012932360861572085, ""tau"": 0.00035, ""chosen_gpu"": 0}, {""model"": ""model_5"", ""current_gpu"": 0, ""best_gpu"": 0, ""current_r"": 0.006134914240121199, ""best_r"": 0.006134914240121199, ""absolute_delta"": 0.0, ""tau"": 0.00035, ""chosen_gpu"": 0}, {""model"": ""model_4"", ""current_gpu"": 1, ""best_gpu"": 1, ""current_r"": 0.012932360861572085, ""best_r"": 0.012932360861572085, ""absolute_delta"": 0.0, ""tau"": 0.00035, ""chosen_gpu"": 1}]"
steady,2,1,45,1787601093.4017246,0.00035,0.012421824515939735,0.012421824515939735,0.008516634041252698,2+2,2+2,"{""model_3"": 1, ""model_4"": 1, ""model_5"": 0, ""model_6"": 0}","{""model_3"": 1, ""model_4"": 1, ""model_5"": 0, ""model_6"": 0}",0,,True,,migration cooldown active,0,0,,,,,,4,0,0,0.0,"[{""model"": ""model_3"", ""current_gpu"": 1, ""best_gpu"": 1, ""current_r"": 0.0, ""best_r"": 0.0, ""absolute_delta"": 0.0, ""tau"": 0.00035, ""chosen_gpu"": 1}, {""model"": ""model_6"", ""current_gpu"": 0, ""best_gpu"": 0, ""current_r"": 0.0, ""best_r"": 0.0, ""absolute_delta"": 0.0, ""tau"": 0.00035, ""chosen_gpu"": 0}, {""model"": ""model_5"", ""current_gpu"": 0, ""best_gpu"": 0, ""current_r"": 0.006580809457117359, ""best_r"": 0.006580809457117359, ""absolute_delta"": 0.0, ""tau"": 0.00035, ""chosen_gpu"": 0}, {""model"": ""model_4"", ""current_gpu"": 1, ""best_gpu"": 1, ""current_r"": 0.0070537729845468805, ""best_r"": 0.0070537729845468805, ""absolute_delta"": 0.0, ""tau"": 0.00035, ""chosen_gpu"": 1}]"
steady,2,1,46,1787601098.415346,0.00035,0.018660463164463334,0.018660463164463334,0.009889408848475962,2+2,1+3,"{""model_3"": 1, ""model_4"": 1, ""model_5"": 0, ""model_6"": 0}","{""model_3"": 1, ""model_4"": 1, ""model_5"": 1, ""model_6"": 0}",1,model_5,True,,migration cooldown active,1,0,,,,,,4,1,0,0.001500888801351772,"[{""model"": ""model_6"", ""current_gpu"": 0, ""best_gpu"": 0, ""current_r"": 0.0, ""best_r"": 0.0, ""absolute_delta"": 0.0, ""tau"": 0.00035, ""chosen_gpu"": 0}, {""model"": ""model_3"", ""current_gpu"": 1, ""best_gpu"": 1, ""current_r"": 0.0, ""best_r"": 0.0, ""absolute_delta"": 0.0, ""tau"": 0.00035, ""chosen_gpu"": 1}, {""model"": ""model_5"", ""current_gpu"": 0, ""best_gpu"": 1, ""current_r"": 0.008849311369120677, ""best_r"": 0.007348422567768905, ""absolute_delta"": 0.001500888801351772, ""tau"": 0.00035, ""chosen_gpu"": 1}, {""model"": ""model_4"", ""current_gpu"": 1, ""best_gpu"": 1, ""current_r"": 0.015373398340840873, ""best_r"": 0.015373398340840873, ""absolute_delta"": 0.0, ""tau"": 0.00035, ""chosen_gpu"": 1}]"
steady,2,1,47,1787601103.440153,0.00035,0.025233256879458734,0.025233256879458734,0.010693488928818948,2+2,1+3,"{""model_3"": 1, ""model_4"": 1, ""model_5"": 0, ""model_6"": 0}","{""model_3"": 1, ""model_4"": 1, ""model_5"": 1, ""model_6"": 0}",1,model_5,True,,migration cooldown active,1,0,,,,,,4,1,0,0.003928836632495153,"[{""model"": ""model_6"", ""current_gpu"": 0, ""best_gpu"": 0, ""current_r"": 0.0, ""best_r"": 0.0, ""absolute_delta"": 0.0, ""tau"": 0.00035, ""chosen_gpu"": 0}, {""model"": ""model_3"", ""current_gpu"": 1, ""best_gpu"": 1, ""current_r"": 0.0, ""best_r"": 0.0, ""absolute_delta"": 0.0, ""tau"": 0.00035, ""chosen_gpu"": 1}, {""model"": ""model_4"", ""current_gpu"": 1, ""best_gpu"": 1, ""current_r"": 0.0053952037435294805, ""best_r"": 0.0053952037435294805, ""absolute_delta"": 0.0, ""tau"": 0.00035, ""chosen_gpu"": 1}, {""model"": ""model_5"", ""current_gpu"": 0, ""best_gpu"": 1, ""current_r"": 0.014622325561314101, ""best_r"": 0.010693488928818948, ""absolute_delta"": 0.003928836632495153, ""tau"": 0.00035, ""chosen_gpu"": 1}]"
steady,2,1,48,1787601108.4594543,0.00035,0.015516417894800955,0.015516417894800955,0.01098011750505983,2+2,2+2,"{""model_3"": 1, ""model_4"": 1, ""model_5"": 0, ""model_6"": 0}","{""model_3"": 1, ""model_4"": 1, ""model_5"": 0, ""model_6"": 0}",0,,True,,migration cooldown active,0,0,,,,,,4,0,0,0.0,"[{""model"": ""model_3"", ""current_gpu"": 1, ""best_gpu"": 1, ""current_r"": 0.0, ""best_r"": 0.0, ""absolute_delta"": 0.0, ""tau"": 0.00035, ""chosen_gpu"": 1}, {""model"": ""model_6"", ""current_gpu"": 0, ""best_gpu"": 0, ""current_r"": 0.0, ""best_r"": 0.0, ""absolute_delta"": 0.0, ""tau"": 0.00035, ""chosen_gpu"": 0}, {""model"": ""model_5"", ""current_gpu"": 0, ""best_gpu"": 0, ""current_r"": 0.006634114683189835, ""best_r"": 0.006634114683189835, ""absolute_delta"": 0.0, ""tau"": 0.00035, ""chosen_gpu"": 0}, {""model"": ""model_4"", ""current_gpu"": 1, ""best_gpu"": 1, ""current_r"": 0.00760240650903535, ""best_r"": 0.00760240650903535, ""absolute_delta"": 0.0, ""tau"": 0.00035, ""chosen_gpu"": 1}]"
steady,2,1,49,1787601113.472159,0.00035,0.011725534875682007,0.011725534875682007,0.010941497047341594,2+2,2+2,"{""model_3"": 1, ""model_4"": 1, ""model_5"": 0, ""model_6"": 0}","{""model_3"": 1, ""model_4"": 1, ""model_5"": 0, ""model_6"": 0}",0,,True,,migration cooldown active,0,0,,,,,,4,0,0,0.0,"[{""model"": ""model_3"", ""current_gpu"": 1, ""best_gpu"": 1, ""current_r"": 0.0, ""best_r"": 0.0, ""absolute_delta"": 0.0, ""tau"": 0.00035, ""chosen_gpu"": 1}, {""model"": ""model_6"", ""current_gpu"": 0, ""best_gpu"": 0, ""current_r"": 0.0, ""best_r"": 0.0, ""absolute_delta"": 0.0, ""tau"": 0.00035, ""chosen_gpu"": 0}, {""model"": ""model_5"", ""current_gpu"": 0, ""best_gpu"": 0, ""current_r"": 0.004788077706221484, ""best_r"": 0.004788077706221484, ""absolute_delta"": 0.0, ""tau"": 0.00035, ""chosen_gpu"": 0}, {""model"": ""model_4"", ""current_gpu"": 1, ""best_gpu"": 1, ""current_r"": 0.008728759906363051, ""best_r"": 0.008728759906363051, ""absolute_delta"": 0.0, ""tau"": 0.00035, ""chosen_gpu"": 1}]"
steady,2,1,50,1787601118.4846377,0.00035,0.013713944477255829,0.013015532888504268,0.013713944477255829,2+2,2+2,"{""model_3"": 1, ""model_4"": 1, ""model_5"": 0, ""model_6"": 0}","{""model_3"": 1, ""model_4"": 1, ""model_5"": 0, ""model_6"": 0}",0,,False,,line-8 placement unchanged or every candidate blocked,0,0,,,,,,4,0,0,0.0,"[{""model"": ""model_3"", ""current_gpu"": 1, ""best_gpu"": 1, ""current_r"": 0.0, ""best_r"": 0.0, ""absolute_delta"": 0.0, ""tau"": 0.00035, ""chosen_gpu"": 1}, {""model"": ""model_6"", ""current_gpu"": 0, ""best_gpu"": 0, ""current_r"": 0.0, ""best_r"": 0.0, ""absolute_delta"": 0.0, ""tau"": 0.00035, ""chosen_gpu"": 0}, {""model"": ""model_5"", ""current_gpu"": 0, ""best_gpu"": 0, ""current_r"": 0.006079793657385027, ""best_r"": 0.006079793657385027, ""absolute_delta"": 0.0, ""tau"": 0.00035, ""chosen_gpu"": 0}, {""model"": ""model_4"", ""current_gpu"": 1, ""best_gpu"": 1, ""current_r"": 0.011409256620893562, ""best_r"": 0.011409256620893562, ""absolute_delta"": 0.0, ""tau"": 0.00035, ""chosen_gpu"": 1}]"
steady,2,1,51,1787601123.521892,0.00035,0.014335450725913194,0.014335450725913194,0.009638183353999229,2+2,2+2,"{""model_3"": 1, ""model_4"": 1, ""model_5"": 0, ""model_6"": 0}","{""model_3"": 1, ""model_4"": 1, ""model_5"": 0, ""model_6"": 0}",0,,False,,line-8 placement unchanged or every candidate blocked,0,0,,,,,,4,0,0,0.0,"[{""model"": ""model_3"", ""current_gpu"": 1, ""best_gpu"": 1, ""current_r"": 0.0, ""best_r"": 0.0, ""absolute_delta"": 0.0, ""tau"": 0.00035, ""chosen_gpu"": 1}, {""model"": ""model_5"", ""current_gpu"": 0, ""best_gpu"": 0, ""current_r"": 0.0, ""best_r"": 0.0, ""absolute_delta"": 0.0, ""tau"": 0.00035, ""chosen_gpu"": 0}, {""model"": ""model_6"", ""current_gpu"": 0, ""best_gpu"": 0, ""current_r"": 0.0056978785172898385, ""best_r"": 0.0056978785172898385, ""absolute_delta"": 0.0, ""tau"": 0.00035, ""chosen_gpu"": 0}, {""model"": ""model_4"", ""current_gpu"": 1, ""best_gpu"": 1, ""current_r"": 0.007658218589218584, ""best_r"": 0.007658218589218584, ""absolute_delta"": 0.0, ""tau"": 0.00035, ""chosen_gpu"": 1}]"
steady,2,1,52,1787601128.5770557,0.00035,0.014997841096667228,0.014997841096667228,0.012364441378291475,2+2,2+2,"{""model_3"": 1, ""model_4"": 1, ""model_5"": 0, ""model_6"": 0}","{""model_3"": 1, ""model_4"": 1, ""model_5"": 0, ""model_6"": 0}",0,,False,,line-8 placement unchanged or every candidate blocked,0,0,,,,,,4,0,0,0.0,"[{""model"": ""model_3"", ""current_gpu"": 1, ""best_gpu"": 1, ""current_r"": 0.0, ""best_r"": 0.0, ""absolute_delta"": 0.0, ""tau"": 0.00035, ""chosen_gpu"": 1}, {""model"": ""model_6"", ""current_gpu"": 0, ""best_gpu"": 0, ""current_r"": 0.0, ""best_r"": 0.0, ""absolute_delta"": 0.0, ""tau"": 0.00035, ""chosen_gpu"": 0}, {""model"": ""model_5"", ""current_gpu"": 0, ""best_gpu"": 0, ""current_r"": 0.007993745459708039, ""best_r"": 0.007993745459708039, ""absolute_delta"": 0.0, ""tau"": 0.00035, ""chosen_gpu"": 0}, {""model"": ""model_4"", ""current_gpu"": 1, ""best_gpu"": 1, ""current_r"": 0.010342575155584375, ""best_r"": 0.010342575155584375, ""absolute_delta"": 0.0, ""tau"": 0.00035, ""chosen_gpu"": 1}]"
steady,2,1,53,1787601133.6442394,0.00035,0.01921573415601284,0.01921573415601284,0.013848259385190619,2+2,2+2,"{""model_3"": 1, ""model_4"": 1, ""model_5"": 0, ""model_6"": 0}","{""model_3"": 1, ""model_4"": 1, ""model_5"": 0, ""model_6"": 0}",0,,False,,line-8 placement unchanged or every candidate blocked,0,0,,,,,,4,0,0,0.0,"[{""model"": ""model_3"", ""current_gpu"": 1, ""best_gpu"": 1, ""current_r"": 0.0, ""best_r"": 0.0, ""absolute_delta"": 0.0, ""tau"": 0.00035, ""chosen_gpu"": 1}, {""model"": ""model_5"", ""current_gpu"": 0, ""best_gpu"": 0, ""current_r"": 0.0, ""best_r"": 0.0, ""absolute_delta"": 0.0, ""tau"": 0.00035, ""chosen_gpu"": 0}, {""model"": ""model_6"", ""current_gpu"": 0, ""best_gpu"": 0, ""current_r"": 0.007708339271807111, ""best_r"": 0.007708339271807111, ""absolute_delta"": 0.0, ""tau"": 0.00035, ""chosen_gpu"": 0}, {""model"": ""model_4"", ""current_gpu"": 1, ""best_gpu"": 1, ""current_r"": 0.01182953303151788, ""best_r"": 0.01182953303151788, ""absolute_delta"": 0.0, ""tau"": 0.00035, ""chosen_gpu"": 1}]"
steady,2,1,54,1787601138.6571858,0.00035,0.022338768741873523,0.022338768741873523,0.011911400025108529,2+2,1+3,"{""model_3"": 1, ""model_4"": 1, ""model_5"": 0, ""model_6"": 0}","{""model_3"": 1, ""model_4"": 1, ""model_5"": 0, ""model_6"": 1}",1,model_6,False,MIGRATE,literal line-8 absolute delta exceeds tau,1,0,,model_6,0,1,0.0231046087053842,4,1,0,0.000921376821426477,"[{""model"": ""model_3"", ""current_gpu"": 1, ""best_gpu"": 1, ""current_r"": 0.0, ""best_r"": 0.0, ""absolute_delta"": 0.0, ""tau"": 0.00035, ""chosen_gpu"": 1}, {""model"": ""model_5"", ""current_gpu"": 0, ""best_gpu"": 0, ""current_r"": 0.0, ""best_r"": 0.0, ""absolute_delta"": 0.0, ""tau"": 0.00035, ""chosen_gpu"": 0}, {""model"": ""model_6"", ""current_gpu"": 0, ""best_gpu"": 1, ""current_r"": 0.010750144405175957, ""best_r"": 0.00982876758374948, ""absolute_delta"": 0.000921376821426477, ""tau"": 0.00035, ""chosen_gpu"": 1}, {""model"": ""model_4"", ""current_gpu"": 1, ""best_gpu"": 1, ""current_r"": 0.01940971432791623, ""best_r"": 0.01940971432791623, ""absolute_delta"": 0.0, ""tau"": 0.00035, ""chosen_gpu"": 1}]"
steady,2,1,55,1787601143.6686554,0.00035,0.03148870737041257,0.013108565471710278,0.03148870737041257,1+3,2+2,"{""model_3"": 1, ""model_4"": 1, ""model_5"": 0, ""model_6"": 1}","{""model_3"": 1, ""model_4"": 0, ""model_5"": 0, ""model_6"": 1}",1,model_4,True,,migration cooldown active,1,1,target memory infeasible,,,,,4,2,1,0.012975840769626379,"[{""model"": ""model_3"", ""current_gpu"": 1, ""best_gpu"": 0, ""current_r"": 0.0, ""best_r"": 0.0, ""absolute_delta"": 0.0, ""tau"": 0.00035, ""chosen_gpu"": 1}, {""model"": ""model_5"", ""current_gpu"": 0, ""best_gpu"": 0, ""current_r"": 0.0, ""best_r"": 0.0, ""absolute_delta"": 0.0, ""tau"": 0.00035, ""chosen_gpu"": 0}, {""model"": ""model_6"", ""current_gpu"": 1, ""best_gpu"": 1, ""current_r"": 0.016376753694051917, ""best_r"": 0.016376753694051917, ""absolute_delta"": 0.0, ""tau"": 0.00035, ""chosen_gpu"": 1}, {""model"": ""model_4"", ""current_gpu"": 1, ""best_gpu"": 0, ""current_r"": 0.026084406241336656, ""best_r"": 0.013108565471710278, ""absolute_delta"": 0.012975840769626379, ""tau"": 0.00035, ""chosen_gpu"": 0}]"
steady,2,1,56,1787601148.6806803,0.00035,0.03361573121890988,0.01348693499764731,0.03361573121890988,1+3,2+2,"{""model_3"": 1, ""model_4"": 1, ""model_5"": 0, ""model_6"": 1}","{""model_3"": 1, ""model_4"": 0, ""model_5"": 0, ""model_6"": 1}",1,model_4,True,,migration cooldown active,1,1,target memory infeasible,,,,,4,2,1,0.015472617631409067,"[{""model"": ""model_3"", ""current_gpu"": 1, ""best_gpu"": 0, ""current_r"": 0.0, ""best_r"": 0.0, ""absolute_delta"": 0.0, ""tau"": 0.00035, ""chosen_gpu"": 1}, {""model"": ""model_5"", ""current_gpu"": 0, ""best_gpu"": 0, ""current_r"": 0.0, ""best_r"": 0.0, ""absolute_delta"": 0.0, ""tau"": 0.00035, ""chosen_gpu"": 0}, {""model"": ""model_6"", ""current_gpu"": 1, ""best_gpu"": 1, ""current_r"": 0.01611934424135285, ""best_r"": 0.01611934424135285, ""absolute_delta"": 0.0, ""tau"": 0.00035, ""chosen_gpu"": 1}, {""model"": ""model_4"", ""current_gpu"": 1, ""best_gpu"": 0, ""current_r"": 0.028959552629056376, ""best_r"": 0.01348693499764731, ""absolute_delta"": 0.015472617631409067, ""tau"": 0.00035, ""chosen_gpu"": 0}]"
steady,2,1,57,1787601153.7114532,0.00035,0.03344733715922944,0.0064707319042722105,0.03344733715922944,1+3,2+2,"{""model_3"": 1, ""model_4"": 1, ""model_5"": 0, ""model_6"": 1}","{""model_3"": 1, ""model_4"": 0, ""model_5"": 0, ""model_6"": 1}",1,model_4,True,,migration cooldown active,1,1,target memory infeasible,,,,,4,2,1,0.022494037191307666,"[{""model"": ""model_3"", ""current_gpu"": 1, ""best_gpu"": 0, ""current_r"": 0.0, ""best_r"": 0.0, ""absolute_delta"": 0.0, ""tau"": 0.00035, ""chosen_gpu"": 1}, {""model"": ""model_6"", ""current_gpu"": 1, ""best_gpu"": 1, ""current_r"": 0.013092083495116447, ""best_r"": 0.013092083495116447, ""absolute_delta"": 0.0, ""tau"": 0.00035, ""chosen_gpu"": 1}, {""model"": ""model_5"", ""current_gpu"": 0, ""best_gpu"": 0, ""current_r"": 0.0, ""best_r"": 0.0, ""absolute_delta"": 0.0, ""tau"": 0.00035, ""chosen_gpu"": 0}, {""model"": ""model_4"", ""current_gpu"": 1, ""best_gpu"": 0, ""current_r"": 0.028964769095579875, ""best_r"": 0.0064707319042722105, ""absolute_delta"": 0.022494037191307666, ""tau"": 0.00035, ""chosen_gpu"": 0}]"
steady,2,1,58,1787601158.726505,0.00035,0.02568225233640652,0.017072393889585175,0.02568225233640652,1+3,2+2,"{""model_3"": 1, ""model_4"": 1, ""model_5"": 0, ""model_6"": 1}","{""model_3"": 1, ""model_4"": 0, ""model_5"": 0, ""model_6"": 1}",1,model_4,True,,migration cooldown active,1,1,target memory infeasible,,,,,4,1,0,0.004274498769432717,"[{""model"": ""model_5"", ""current_gpu"": 0, ""best_gpu"": 0, ""current_r"": 0.0, ""best_r"": 0.0, ""absolute_delta"": 0.0, ""tau"": 0.00035, ""chosen_gpu"": 0}, {""model"": ""model_3"", ""current_gpu"": 1, ""best_gpu"": 1, ""current_r"": 0.0, ""best_r"": 0.0, ""absolute_delta"": 0.0, ""tau"": 0.00035, ""chosen_gpu"": 1}, {""model"": ""model_6"", ""current_gpu"": 1, ""best_gpu"": 1, ""current_r"": 0.010709831187937335, ""best_r"": 0.010709831187937335, ""absolute_delta"": 0.0, ""tau"": 0.00035, ""chosen_gpu"": 1}, {""model"": ""model_4"", ""current_gpu"": 1, ""best_gpu"": 0, ""current_r"": 0.02134689265901789, ""best_r"": 0.017072393889585175, ""absolute_delta"": 0.004274498769432717, ""tau"": 0.00035, ""chosen_gpu"": 0}]"
steady,2,1,59,1787601163.7614682,0.00035,0.03173721590084495,0.0120257126950768,0.03173721590084495,1+3,2+2,"{""model_3"": 1, ""model_4"": 1, ""model_5"": 0, ""model_6"": 1}","{""model_3"": 1, ""model_4"": 0, ""model_5"": 0, ""model_6"": 1}",1,model_4,True,,migration cooldown active,1,1,target memory infeasible,,,,,4,2,1,0.01470725763000706,"[{""model"": ""model_3"", ""current_gpu"": 1, ""best_gpu"": 0, ""current_r"": 0.0, ""best_r"": 0.0, ""absolute_delta"": 0.0, ""tau"": 0.00035, ""chosen_gpu"": 1}, {""model"": ""model_5"", ""current_gpu"": 0, ""best_gpu"": 0, ""current_r"": 0.0, ""best_r"": 0.0, ""absolute_delta"": 0.0, ""tau"": 0.00035, ""chosen_gpu"": 0}, {""model"": ""model_6"", ""current_gpu"": 1, ""best_gpu"": 1, ""current_r"": 0.015717255354434436, ""best_r"": 0.015717255354434436, ""absolute_delta"": 0.0, ""tau"": 0.00035, ""chosen_gpu"": 1}, {""model"": ""model_4"", ""current_gpu"": 1, ""best_gpu"": 0, ""current_r"": 0.02673297032508386, ""best_r"": 0.0120257126950768, ""absolute_delta"": 0.01470725763000706, ""tau"": 0.00035, ""chosen_gpu"": 0}]"
steady,2,1,60,1787601168.7777693,0.00035,0.03522718038250803,0.007245784018826786,0.03522718038250803,1+3,2+2,"{""model_3"": 1, ""model_4"": 1, ""model_5"": 0, ""model_6"": 1}","{""model_3"": 1, ""model_4"": 0, ""model_5"": 0, ""model_6"": 1}",1,model_4,False,,line-8 placement unchanged or every candidate blocked,1,1,target memory infeasible,,,,,4,2,1,0.02211377978978322,"[{""model"": ""model_3"", ""current_gpu"": 1, ""best_gpu"": 0, ""current_r"": 0.0, ""best_r"": 0.0, ""absolute_delta"": 0.0, ""tau"": 0.00035, ""chosen_gpu"": 1}, {""model"": ""model_6"", ""current_gpu"": 1, ""best_gpu"": 1, ""current_r"": 0.013279390953657745, ""best_r"": 0.013279390953657745, ""absolute_delta"": 0.0, ""tau"": 0.00035, ""chosen_gpu"": 1}, {""model"": ""model_5"", ""current_gpu"": 0, ""best_gpu"": 0, ""current_r"": 0.0, ""best_r"": 0.0, ""absolute_delta"": 0.0, ""tau"": 0.00035, ""chosen_gpu"": 0}, {""model"": ""model_4"", ""current_gpu"": 1, ""best_gpu"": 0, ""current_r"": 0.029359563808610007, ""best_r"": 0.007245784018826786, ""absolute_delta"": 0.02211377978978322, ""tau"": 0.00035, ""chosen_gpu"": 0}]"
steady,2,1,61,1787601173.8301206,0.00035,0.027820305276163092,0.004782355396666301,0.027820305276163092,1+3,2+2,"{""model_3"": 1, ""model_4"": 1, ""model_5"": 0, ""model_6"": 1}","{""model_3"": 0, ""model_4"": 1, ""model_5"": 0, ""model_6"": 1}",1,model_3,False,,line-8 placement unchanged or every candidate blocked,1,1,target memory infeasible,,,,,4,1,0,0.01099686440732826,"[{""model"": ""model_6"", ""current_gpu"": 1, ""best_gpu"": 1, ""current_r"": 0.0, ""best_r"": 0.0, ""absolute_delta"": 0.0, ""tau"": 0.00035, ""chosen_gpu"": 1}, {""model"": ""model_3"", ""current_gpu"": 1, ""best_gpu"": 0, ""current_r"": 0.01099686440732826, ""best_r"": 0.0, ""absolute_delta"": 0.01099686440732826, ""tau"": 0.00035, ""chosen_gpu"": 0}, {""model"": ""model_5"", ""current_gpu"": 0, ""best_gpu"": 0, ""current_r"": 0.008442596307760761, ""best_r"": 0.008442596307760761, ""absolute_delta"": 0.0, ""tau"": 0.00035, ""chosen_gpu"": 0}, {""model"": ""model_4"", ""current_gpu"": 1, ""best_gpu"": 1, ""current_r"": 0.01099686440732826, ""best_r"": 0.01099686440732826, ""absolute_delta"": 0.0, ""tau"": 0.00035, ""chosen_gpu"": 1}]"
steady,2,1,62,1787601178.850678,0.00035,0.03437117492682436,0.005506976489927588,0.03437117492682436,1+3,2+2,"{""model_3"": 1, ""model_4"": 1, ""model_5"": 0, ""model_6"": 1}","{""model_3"": 1, ""model_4"": 0, ""model_5"": 0, ""model_6"": 1}",1,model_4,False,,line-8 placement unchanged or every candidate blocked,1,1,target memory infeasible,,,,,4,2,1,0.023827578388695512,"[{""model"": ""model_3"", ""current_gpu"": 1, ""best_gpu"": 0, ""current_r"": 0.0, ""best_r"": 0.0, ""absolute_delta"": 0.0, ""tau"": 0.00035, ""chosen_gpu"": 1}, {""model"": ""model_6"", ""current_gpu"": 1, ""best_gpu"": 1, ""current_r"": 0.012676769938495988, ""best_r"": 0.012676769938495988, ""absolute_delta"": 0.0, ""tau"": 0.00035, ""chosen_gpu"": 1}, {""model"": ""model_5"", ""current_gpu"": 0, ""best_gpu"": 0, ""current_r"": 0.0, ""best_r"": 0.0, ""absolute_delta"": 0.0, ""tau"": 0.00035, ""chosen_gpu"": 0}, {""model"": ""model_4"", ""current_gpu"": 1, ""best_gpu"": 0, ""current_r"": 0.0293345548786231, ""best_r"": 0.005506976489927588, ""absolute_delta"": 0.023827578388695512, ""tau"": 0.00035, ""chosen_gpu"": 0}]"
steady,2,1,63,1787601183.868938,0.00035,0.034956986386440486,0.017356896130024762,0.034956986386440486,1+3,2+2,"{""model_3"": 1, ""model_4"": 1, ""model_5"": 0, ""model_6"": 1}","{""model_3"": 1, ""model_4"": 0, ""model_5"": 0, ""model_6"": 1}",1,model_4,False,,line-8 placement unchanged or every candidate blocked,1,1,target memory infeasible,,,,,4,2,1,0.012300792041846986,"[{""model"": ""model_3"", ""current_gpu"": 1, ""best_gpu"": 0, ""current_r"": 0.0, ""best_r"": 0.0, ""absolute_delta"": 0.0, ""tau"": 0.00035, ""chosen_gpu"": 1}, {""model"": ""model_5"", ""current_gpu"": 0, ""best_gpu"": 0, ""current_r"": 0.0, ""best_r"": 0.0, ""absolute_delta"": 0.0, ""tau"": 0.00035, ""chosen_gpu"": 0}, {""model"": ""model_6"", ""current_gpu"": 1, ""best_gpu"": 1, ""current_r"": 0.016010927725570362, ""best_r"": 0.016010927725570362, ""absolute_delta"": 0.0, ""tau"": 0.00035, ""chosen_gpu"": 1}, {""model"": ""model_4"", ""current_gpu"": 1, ""best_gpu"": 0, ""current_r"": 0.029657688171871747, ""best_r"": 0.017356896130024762, ""absolute_delta"": 0.012300792041846986, ""tau"": 0.00035, ""chosen_gpu"": 0}]"
steady,2,1,64,1787601188.8858676,0.00035,0.032684998235315066,0.01714658146911528,0.032684998235315066,1+3,2+2,"{""model_3"": 1, ""model_4"": 1, ""model_5"": 0, ""model_6"": 1}","{""model_3"": 1, ""model_4"": 0, ""model_5"": 0, ""model_6"": 1}",1,model_4,False,,line-8 placement unchanged or every candidate blocked,1,1,target memory infeasible,,,,,4,1,0,0.010727015039923179,"[{""model"": ""model_5"", ""current_gpu"": 0, ""best_gpu"": 0, ""current_r"": 0.0, ""best_r"": 0.0, ""absolute_delta"": 0.0, ""tau"": 0.00035, ""chosen_gpu"": 0}, {""model"": ""model_3"", ""current_gpu"": 1, ""best_gpu"": 1, ""current_r"": 0.0, ""best_r"": 0.0, ""absolute_delta"": 0.0, ""tau"": 0.00035, ""chosen_gpu"": 1}, {""model"": ""model_6"", ""current_gpu"": 1, ""best_gpu"": 1, ""current_r"": 0.013870885211778794, ""best_r"": 0.013870885211778794, ""absolute_delta"": 0.0, ""tau"": 0.00035, ""chosen_gpu"": 1}, {""model"": ""model_4"", ""current_gpu"": 1, ""best_gpu"": 0, ""current_r"": 0.027873596509038458, ""best_r"": 0.01714658146911528, ""absolute_delta"": 0.010727015039923179, ""tau"": 0.00035, ""chosen_gpu"": 0}]"
steady,2,1,65,1787601193.913124,0.00035,0.030523727250682538,0.013924658019390258,0.030523727250682538,1+3,2+2,"{""model_3"": 1, ""model_4"": 1, ""model_5"": 0, ""model_6"": 1}","{""model_3"": 1, ""model_4"": 0, ""model_5"": 0, ""model_6"": 1}",1,model_4,False,,line-8 placement unchanged or every candidate blocked,1,1,target memory infeasible,,,,,4,1,0,0.012718654402514974,"[{""model"": ""model_5"", ""current_gpu"": 0, ""best_gpu"": 0, ""current_r"": 0.0, ""best_r"": 0.0, ""absolute_delta"": 0.0, ""tau"": 0.00035, ""chosen_gpu"": 0}, {""model"": ""model_3"", ""current_gpu"": 1, ""best_gpu"": 1, ""current_r"": 0.0, ""best_r"": 0.0, ""absolute_delta"": 0.0, ""tau"": 0.00035, ""chosen_gpu"": 1}, {""model"": ""model_6"", ""current_gpu"": 1, ""best_gpu"": 1, ""current_r"": 0.012065047967424644, ""best_r"": 0.012065047967424644, ""absolute_delta"": 0.0, ""tau"": 0.00035, ""chosen_gpu"": 1}, {""model"": ""model_4"", ""current_gpu"": 1, ""best_gpu"": 0, ""current_r"": 0.026643312421905232, ""best_r"": 0.013924658019390258, ""absolute_delta"": 0.012718654402514974, ""tau"": 0.00035, ""chosen_gpu"": 0}]"
steady,2,1,66,1787601198.9358418,0.00035,0.04018224573118976,0.006286812870843264,0.04018224573118976,1+3,2+2,"{""model_3"": 1, ""model_4"": 1, ""model_5"": 0, ""model_6"": 1}","{""model_3"": 1, ""model_4"": 0, ""model_5"": 0, ""model_6"": 1}",1,model_4,False,,line-8 placement unchanged or every candidate blocked,1,1,target memory infeasible,,,,,4,2,1,0.028869358136959126,"[{""model"": ""model_3"", ""current_gpu"": 1, ""best_gpu"": 0, ""current_r"": 0.0, ""best_r"": 0.0, ""absolute_delta"": 0.0, ""tau"": 0.00035, ""chosen_gpu"": 1}, {""model"": ""model_6"", ""current_gpu"": 1, ""best_gpu"": 1, ""current_r"": 0.020981595121694025, ""best_r"": 0.020981595121694025, ""absolute_delta"": 0.0, ""tau"": 0.00035, ""chosen_gpu"": 1}, {""model"": ""model_5"", ""current_gpu"": 0, ""best_gpu"": 0, ""current_r"": 0.0, ""best_r"": 0.0, ""absolute_delta"": 0.0, ""tau"": 0.00035, ""chosen_gpu"": 0}, {""model"": ""model_4"", ""current_gpu"": 1, ""best_gpu"": 0, ""current_r"": 0.03515617100780239, ""best_r"": 0.006286812870843264, ""absolute_delta"": 0.028869358136959126, ""tau"": 0.00035, ""chosen_gpu"": 0}]"
steady,2,1,67,1787601203.984486,0.00035,0.02880927310693771,0.00935230503733738,0.02880927310693771,1+3,2+2,"{""model_3"": 1, ""model_4"": 1, ""model_5"": 0, ""model_6"": 1}","{""model_3"": 1, ""model_4"": 0, ""model_5"": 0, ""model_6"": 1}",1,model_4,False,,line-8 placement unchanged or every candidate blocked,1,1,target memory infeasible,,,,,4,2,1,0.015072930397841485,"[{""model"": ""model_3"", ""current_gpu"": 1, ""best_gpu"": 0, ""current_r"": 0.0, ""best_r"": 0.0, ""absolute_delta"": 0.0, ""tau"": 0.00035, ""chosen_gpu"": 1}, {""model"": ""model_5"", ""current_gpu"": 0, ""best_gpu"": 0, ""current_r"": 0.0, ""best_r"": 0.0, ""absolute_delta"": 0.0, ""tau"": 0.00035, ""chosen_gpu"": 0}, {""model"": ""model_6"", ""current_gpu"": 1, ""best_gpu"": 1, ""current_r"": 0.012871563349957565, ""best_r"": 0.012871563349957565, ""absolute_delta"": 0.0, ""tau"": 0.00035, ""chosen_gpu"": 1}, {""model"": ""model_4"", ""current_gpu"": 1, ""best_gpu"": 0, ""current_r"": 0.024425235435178865, ""best_r"": 0.00935230503733738, ""absolute_delta"": 0.015072930397841485, ""tau"": 0.00035, ""chosen_gpu"": 0}]"
steady,2,1,68,1787601209.0114782,0.00035,0.0238159922117061,0.006300115413074438,0.0238159922117061,1+3,2+2,"{""model_3"": 1, ""model_4"": 1, ""model_5"": 0, ""model_6"": 1}","{""model_3"": 1, ""model_4"": 0, ""model_5"": 0, ""model_6"": 1}",1,model_4,False,,line-8 placement unchanged or every candidate blocked,1,1,target memory infeasible,,,,,4,2,1,0.013730020541902133,"[{""model"": ""model_3"", ""current_gpu"": 1, ""best_gpu"": 0, ""current_r"": 0.0, ""best_r"": 0.0, ""absolute_delta"": 0.0, ""tau"": 0.00035, ""chosen_gpu"": 1}, {""model"": ""model_6"", ""current_gpu"": 1, ""best_gpu"": 1, ""current_r"": 0.009271495314687737, ""best_r"": 0.009271495314687737, ""absolute_delta"": 0.0, ""tau"": 0.00035, ""chosen_gpu"": 1}, {""model"": ""model_5"", ""current_gpu"": 0, ""best_gpu"": 0, ""current_r"": 0.0, ""best_r"": 0.0, ""absolute_delta"": 0.0, ""tau"": 0.00035, ""chosen_gpu"": 0}, {""model"": ""model_4"", ""current_gpu"": 1, ""best_gpu"": 0, ""current_r"": 0.02003013595497657, ""best_r"": 0.006300115413074438, ""absolute_delta"": 0.013730020541902133, ""tau"": 0.00035, ""chosen_gpu"": 0}]"
steady,2,1,69,1787601214.0373945,0.00035,0.024794458550057064,0.00525320207828772,0.024794458550057064,1+3,2+2,"{""model_3"": 1, ""model_4"": 1, ""model_5"": 0, ""model_6"": 1}","{""model_3"": 1, ""model_4"": 0, ""model_5"": 0, ""model_6"": 1}",1,model_4,False,,line-8 placement unchanged or every candidate blocked,1,1,target memory infeasible,,,,,4,2,1,0.01606425877385189,"[{""model"": ""model_3"", ""current_gpu"": 1, ""best_gpu"": 0, ""current_r"": 0.0, ""best_r"": 0.0, ""absolute_delta"": 0.0, ""tau"": 0.00035, ""chosen_gpu"": 1}, {""model"": ""model_6"", ""current_gpu"": 1, ""best_gpu"": 1, ""current_r"": 0.01058750533550065, ""best_r"": 0.01058750533550065, ""absolute_delta"": 0.0, ""tau"": 0.00035, ""chosen_gpu"": 1}, {""model"": ""model_5"", ""current_gpu"": 0, ""best_gpu"": 0, ""current_r"": 0.0, ""best_r"": 0.0, ""absolute_delta"": 0.0, ""tau"": 0.00035, ""chosen_gpu"": 0}, {""model"": ""model_4"", ""current_gpu"": 1, ""best_gpu"": 0, ""current_r"": 0.021317460852139612, ""best_r"": 0.00525320207828772, ""absolute_delta"": 0.01606425877385189, ""tau"": 0.00035, ""chosen_gpu"": 0}]"
steady,2,1,70,1787601219.0568657,0.00035,0.032620672591769206,0.01188911296002326,0.032620672591769206,1+3,2+2,"{""model_3"": 1, ""model_4"": 1, ""model_5"": 0, ""model_6"": 1}","{""model_3"": 1, ""model_4"": 0, ""model_5"": 0, ""model_6"": 1}",1,model_4,False,,line-8 placement unchanged or every candidate blocked,1,1,target memory infeasible,,,,,4,2,1,0.016491998610525686,"[{""model"": ""model_3"", ""current_gpu"": 1, ""best_gpu"": 0, ""current_r"": 0.0, ""best_r"": 0.0, ""absolute_delta"": 0.0, ""tau"": 0.00035, ""chosen_gpu"": 1}, {""model"": ""model_5"", ""current_gpu"": 0, ""best_gpu"": 0, ""current_r"": 0.0, ""best_r"": 0.0, ""absolute_delta"": 0.0, ""tau"": 0.00035, ""chosen_gpu"": 0}, {""model"": ""model_6"", ""current_gpu"": 1, ""best_gpu"": 1, ""current_r"": 0.014738962147261348, ""best_r"": 0.014738962147261348, ""absolute_delta"": 0.0, ""tau"": 0.00035, ""chosen_gpu"": 1}, {""model"": ""model_4"", ""current_gpu"": 1, ""best_gpu"": 0, ""current_r"": 0.02838111157054895, ""best_r"": 0.01188911296002326, ""absolute_delta"": 0.016491998610525686, ""tau"": 0.00035, ""chosen_gpu"": 0}]"
steady,2,1,71,1787601224.0749068,0.00035,0.03739909317703116,0.004298989879574776,0.03739909317703116,1+3,2+2,"{""model_3"": 1, ""model_4"": 1, ""model_5"": 0, ""model_6"": 1}","{""model_3"": 1, ""model_4"": 0, ""model_5"": 0, ""model_6"": 1}",1,model_4,False,,line-8 placement unchanged or every candidate blocked,1,1,target memory infeasible,,,,,4,2,1,0.028194348157053524,"[{""model"": ""model_3"", ""current_gpu"": 1, ""best_gpu"": 0, ""current_r"": 0.0, ""best_r"": 0.0, ""absolute_delta"": 0.0, ""tau"": 0.00035, ""chosen_gpu"": 1}, {""model"": ""model_6"", ""current_gpu"": 1, ""best_gpu"": 1, ""current_r"": 0.01973024407040274, ""best_r"": 0.01973024407040274, ""absolute_delta"": 0.0, ""tau"": 0.00035, ""chosen_gpu"": 1}, {""model"": ""model_5"", ""current_gpu"": 0, ""best_gpu"": 0, ""current_r"": 0.0, ""best_r"": 0.0, ""absolute_delta"": 0.0, ""tau"": 0.00035, ""chosen_gpu"": 0}, {""model"": ""model_4"", ""current_gpu"": 1, ""best_gpu"": 0, ""current_r"": 0.0324933380366283, ""best_r"": 0.004298989879574776, ""absolute_delta"": 0.028194348157053524, ""tau"": 0.00035, ""chosen_gpu"": 0}]"
steady,2,1,72,1787601229.0928986,0.00035,0.03112992202673004,0.005950112275861948,0.03112992202673004,1+3,2+2,"{""model_3"": 1, ""model_4"": 1, ""model_5"": 0, ""model_6"": 1}","{""model_3"": 1, ""model_4"": 0, ""model_5"": 0, ""model_6"": 1}",1,model_4,False,,line-8 placement unchanged or every candidate blocked,1,1,target memory infeasible,,,,,4,2,1,0.019519905203483283,"[{""model"": ""model_3"", ""current_gpu"": 1, ""best_gpu"": 0, ""current_r"": 0.0, ""best_r"": 0.0, ""absolute_delta"": 0.0, ""tau"": 0.00035, ""chosen_gpu"": 1}, {""model"": ""model_6"", ""current_gpu"": 1, ""best_gpu"": 1, ""current_r"": 0.01430195428773562, ""best_r"": 0.01430195428773562, ""absolute_delta"": 0.0, ""tau"": 0.00035, ""chosen_gpu"": 1}, {""model"": ""model_5"", ""current_gpu"": 0, ""best_gpu"": 0, ""current_r"": 0.0, ""best_r"": 0.0, ""absolute_delta"": 0.0, ""tau"": 0.00035, ""chosen_gpu"": 0}, {""model"": ""model_4"", ""current_gpu"": 1, ""best_gpu"": 0, ""current_r"": 0.02547001747934523, ""best_r"": 0.005950112275861948, ""absolute_delta"": 0.019519905203483283, ""tau"": 0.00035, ""chosen_gpu"": 0}]"
steady,2,1,73,1787601234.110391,0.00035,0.03835401284183608,0.01235859608845549,0.03835401284183608,1+3,2+2,"{""model_3"": 1, ""model_4"": 1, ""model_5"": 0, ""model_6"": 1}","{""model_3"": 1, ""model_4"": 0, ""model_5"": 0, ""model_6"": 1}",1,model_4,False,,line-8 placement unchanged or every candidate blocked,1,1,target memory infeasible,,,,,4,2,1,0.01931824252145528,"[{""model"": ""model_3"", ""current_gpu"": 1, ""best_gpu"": 0, ""current_r"": 0.0, ""best_r"": 0.0, ""absolute_delta"": 0.0, ""tau"": 0.00035, ""chosen_gpu"": 1}, {""model"": ""model_5"", ""current_gpu"": 0, ""best_gpu"": 0, ""current_r"": 0.0, ""best_r"": 0.0, ""absolute_delta"": 0.0, ""tau"": 0.00035, ""chosen_gpu"": 0}, {""model"": ""model_6"", ""current_gpu"": 1, ""best_gpu"": 1, ""current_r"": 0.01710440154266858, ""best_r"": 0.01710440154266858, ""absolute_delta"": 0.0, ""tau"": 0.00035, ""chosen_gpu"": 1}, {""model"": ""model_4"", ""current_gpu"": 1, ""best_gpu"": 0, ""current_r"": 0.031676838609910773, ""best_r"": 0.01235859608845549, ""absolute_delta"": 0.01931824252145528, ""tau"": 0.00035, ""chosen_gpu"": 0}]"
steady,2,1,74,1787601239.1253061,0.00035,0.030833149902388675,0.003841428626022066,0.030833149902388675,1+3,2+2,"{""model_3"": 1, ""model_4"": 1, ""model_5"": 0, ""model_6"": 1}","{""model_3"": 1, ""model_4"": 0, ""model_5"": 0, ""model_6"": 1}",1,model_4,False,,line-8 placement unchanged or every candidate blocked,1,1,target memory infeasible,,,,,4,2,1,0.020422911963929747,"[{""model"": ""model_3"", ""current_gpu"": 1, ""best_gpu"": 0, ""current_r"": 0.0, ""best_r"": 0.0, ""absolute_delta"": 0.0, ""tau"": 0.00035, ""chosen_gpu"": 1}, {""model"": ""model_6"", ""current_gpu"": 1, ""best_gpu"": 1, ""current_r"": 0.0128147808324719, ""best_r"": 0.0128147808324719, ""absolute_delta"": 0.0, ""tau"": 0.00035, ""chosen_gpu"": 1}, {""model"": ""model_5"", ""current_gpu"": 0, ""best_gpu"": 0, ""current_r"": 0.0, ""best_r"": 0.0, ""absolute_delta"": 0.0, ""tau"": 0.00035, ""chosen_gpu"": 0}, {""model"": ""model_4"", ""current_gpu"": 1, ""best_gpu"": 0, ""current_r"": 0.024264340589951812, ""best_r"": 0.003841428626022066, ""absolute_delta"": 0.020422911963929747, ""tau"": 0.00035, ""chosen_gpu"": 0}]"
steady,2,1,75,1787601244.1404326,0.00035,0.03065439057089567,0.0092384780746828,0.03065439057089567,1+3,2+2,"{""model_3"": 1, ""model_4"": 1, ""model_5"": 0, ""model_6"": 1}","{""model_3"": 1, ""model_4"": 0, ""model_5"": 0, ""model_6"": 1}",1,model_4,False,,line-8 placement unchanged or every candidate blocked,1,1,target memory infeasible,,,,,4,2,1,0.014601233026495759,"[{""model"": ""model_3"", ""current_gpu"": 1, ""best_gpu"": 0, ""current_r"": 0.0, ""best_r"": 0.0, ""absolute_delta"": 0.0, ""tau"": 0.00035, ""chosen_gpu"": 1}, {""model"": ""model_5"", ""current_gpu"": 0, ""best_gpu"": 0, ""current_r"": 0.0, ""best_r"": 0.0, ""absolute_delta"": 0.0, ""tau"": 0.00035, ""chosen_gpu"": 0}, {""model"": ""model_6"", ""current_gpu"": 1, ""best_gpu"": 1, ""current_r"": 0.012276077807491256, ""best_r"": 0.012276077807491256, ""absolute_delta"": 0.0, ""tau"": 0.00035, ""chosen_gpu"": 1}, {""model"": ""model_4"", ""current_gpu"": 1, ""best_gpu"": 0, ""current_r"": 0.023839711101178558, ""best_r"": 0.0092384780746828, ""absolute_delta"": 0.014601233026495759, ""tau"": 0.00035, ""chosen_gpu"": 0}]"
steady,2,1,76,1787601249.160474,0.00035,0.03318171369876719,0.008661920466363977,0.03318171369876719,1+3,2+2,"{""model_3"": 1, ""model_4"": 1, ""model_5"": 0, ""model_6"": 1}","{""model_3"": 1, ""model_4"": 0, ""model_5"": 0, ""model_6"": 1}",1,model_4,False,,line-8 placement unchanged or every candidate blocked,1,1,target memory infeasible,,,,,4,2,1,0.017016102124635425,"[{""model"": ""model_3"", ""current_gpu"": 1, ""best_gpu"": 0, ""current_r"": 0.0, ""best_r"": 0.0, ""absolute_delta"": 0.0, ""tau"": 0.00035, ""chosen_gpu"": 1}, {""model"": ""model_6"", ""current_gpu"": 1, ""best_gpu"": 1, ""current_r"": 0.011478264296792853, ""best_r"": 0.011478264296792853, ""absolute_delta"": 0.0, ""tau"": 0.00035, ""chosen_gpu"": 1}, {""model"": ""model_5"", ""current_gpu"": 0, ""best_gpu"": 0, ""current_r"": 0.0, ""best_r"": 0.0, ""absolute_delta"": 0.0, ""tau"": 0.00035, ""chosen_gpu"": 0}, {""model"": ""model_4"", ""current_gpu"": 1, ""best_gpu"": 0, ""current_r"": 0.0256780225909994, ""best_r"": 0.008661920466363977, ""absolute_delta"": 0.017016102124635425, ""tau"": 0.00035, ""chosen_gpu"": 0}]"
steady,2,1,77,1787601254.180127,0.00035,0.0374479446417337,0.00503436219361252,0.0374479446417337,1+3,2+2,"{""model_3"": 1, ""model_4"": 1, ""model_5"": 0, ""model_6"": 1}","{""model_3"": 0, ""model_4"": 1, ""model_5"": 0, ""model_6"": 1}",1,model_3,False,,line-8 placement unchanged or every candidate blocked,1,1,target memory infeasible,,,,,4,1,0,0.014281036243368482,"[{""model"": ""model_6"", ""current_gpu"": 1, ""best_gpu"": 1, ""current_r"": 0.0, ""best_r"": 0.0, ""absolute_delta"": 0.0, ""tau"": 0.00035, ""chosen_gpu"": 1}, {""model"": ""model_3"", ""current_gpu"": 1, ""best_gpu"": 0, ""current_r"": 0.014281036243368482, ""best_r"": 0.0, ""absolute_delta"": 0.014281036243368482, ""tau"": 0.00035, ""chosen_gpu"": 0}, {""model"": ""model_5"", ""current_gpu"": 0, ""best_gpu"": 0, ""current_r"": 0.010805628403639479, ""best_r"": 0.010805628403639479, ""absolute_delta"": 0.0, ""tau"": 0.00035, ""chosen_gpu"": 0}, {""model"": ""model_4"", ""current_gpu"": 1, ""best_gpu"": 1, ""current_r"": 0.014281036243368482, ""best_r"": 0.014281036243368482, ""absolute_delta"": 0.0, ""tau"": 0.00035, ""chosen_gpu"": 1}]"
steady,2,1,78,1787601259.222785,0.00035,0.035918564477217696,0.00658723429824741,0.035918564477217696,1+3,2+2,"{""model_3"": 1, ""model_4"": 1, ""model_5"": 0, ""model_6"": 1}","{""model_3"": 0, ""model_4"": 1, ""model_5"": 0, ""model_6"": 1}",1,model_3,False,,line-8 placement unchanged or every candidate blocked,1,1,target memory infeasible,,,,,4,1,0,0.015179945513801963,"[{""model"": ""model_6"", ""current_gpu"": 1, ""best_gpu"": 1, ""current_r"": 0.0, ""best_r"": 0.0, ""absolute_delta"": 0.0, ""tau"": 0.00035, ""chosen_gpu"": 1}, {""model"": ""model_3"", ""current_gpu"": 1, ""best_gpu"": 0, ""current_r"": 0.015179945513801963, ""best_r"": 0.0, ""absolute_delta"": 0.015179945513801963, ""tau"": 0.00035, ""chosen_gpu"": 0}, {""model"": ""model_5"", ""current_gpu"": 0, ""best_gpu"": 0, ""current_r"": 0.00862966636813526, ""best_r"": 0.00862966636813526, ""absolute_delta"": 0.0, ""tau"": 0.00035, ""chosen_gpu"": 0}, {""model"": ""model_4"", ""current_gpu"": 1, ""best_gpu"": 1, ""current_r"": 0.015179945513801963, ""best_r"": 0.015179945513801963, ""absolute_delta"": 0.0, ""tau"": 0.00035, ""chosen_gpu"": 1}]"
steady,2,1,79,1787601264.2431848,0.00035,0.03713196260478956,0.009839221194156237,0.03713196260478956,1+3,2+2,"{""model_3"": 1, ""model_4"": 1, ""model_5"": 0, ""model_6"": 1}","{""model_3"": 0, ""model_4"": 1, ""model_5"": 0, ""model_6"": 1}",1,model_3,False,,line-8 placement unchanged or every candidate blocked,1,1,target memory infeasible,,,,,4,1,0,0.01520987479863981,"[{""model"": ""model_6"", ""current_gpu"": 1, ""best_gpu"": 1, ""current_r"": 0.0, ""best_r"": 0.0, ""absolute_delta"": 0.0, ""tau"": 0.00035, ""chosen_gpu"": 1}, {""model"": ""model_3"", ""current_gpu"": 1, ""best_gpu"": 0, ""current_r"": 0.01520987479863981, ""best_r"": 0.0, ""absolute_delta"": 0.01520987479863981, ""tau"": 0.00035, ""chosen_gpu"": 0}, {""model"": ""model_5"", ""current_gpu"": 0, ""best_gpu"": 0, ""current_r"": 0.009237474398367949, ""best_r"": 0.009237474398367949, ""absolute_delta"": 0.0, ""tau"": 0.00035, ""chosen_gpu"": 0}, {""model"": ""model_4"", ""current_gpu"": 1, ""best_gpu"": 1, ""current_r"": 0.01520987479863981, ""best_r"": 0.01520987479863981, ""absolute_delta"": 0.0, ""tau"": 0.00035, ""chosen_gpu"": 1}]"
steady,2,1,80,1787601269.3080196,0.00035,0.038040426948583714,0.006668449601403087,0.038040426948583714,1+3,2+2,"{""model_3"": 1, ""model_4"": 1, ""model_5"": 0, ""model_6"": 1}","{""model_3"": 0, ""model_4"": 1, ""model_5"": 0, ""model_6"": 1}",1,model_3,False,,line-8 placement unchanged or every candidate blocked,1,1,target memory infeasible,,,,,4,1,0,0.013645723089627285,"[{""model"": ""model_6"", ""current_gpu"": 1, ""best_gpu"": 1, ""current_r"": 0.0, ""best_r"": 0.0, ""absolute_delta"": 0.0, ""tau"": 0.00035, ""chosen_gpu"": 1}, {""model"": ""model_3"", ""current_gpu"": 1, ""best_gpu"": 0, ""current_r"": 0.013645723089627285, ""best_r"": 0.0, ""absolute_delta"": 0.013645723089627285, ""tau"": 0.00035, ""chosen_gpu"": 0}, {""model"": ""model_5"", ""current_gpu"": 0, ""best_gpu"": 0, ""current_r"": 0.009916343278647696, ""best_r"": 0.009916343278647696, ""absolute_delta"": 0.0, ""tau"": 0.00035, ""chosen_gpu"": 0}, {""model"": ""model_4"", ""current_gpu"": 1, ""best_gpu"": 1, ""current_r"": 0.013645723089627285, ""best_r"": 0.013645723089627285, ""absolute_delta"": 0.0, ""tau"": 0.00035, ""chosen_gpu"": 1}]"
steady,2,1,81,1787601274.3273895,0.00035,0.038023169545600866,0.006774063319020036,0.038023169545600866,1+3,2+2,"{""model_3"": 1, ""model_4"": 1, ""model_5"": 0, ""model_6"": 1}","{""model_3"": 0, ""model_4"": 1, ""model_5"": 0, ""model_6"": 1}",1,model_3,False,,line-8 placement unchanged or every candidate blocked,1,1,target memory infeasible,,,,,4,1,0,0.015078558596455781,"[{""model"": ""model_6"", ""current_gpu"": 1, ""best_gpu"": 1, ""current_r"": 0.0, ""best_r"": 0.0, ""absolute_delta"": 0.0, ""tau"": 0.00035, ""chosen_gpu"": 1}, {""model"": ""model_3"", ""current_gpu"": 1, ""best_gpu"": 0, ""current_r"": 0.015078558596455781, ""best_r"": 0.0, ""absolute_delta"": 0.015078558596455781, ""tau"": 0.00035, ""chosen_gpu"": 0}, {""model"": ""model_5"", ""current_gpu"": 0, ""best_gpu"": 0, ""current_r"": 0.010182265617526252, ""best_r"": 0.010182265617526252, ""absolute_delta"": 0.0, ""tau"": 0.00035, ""chosen_gpu"": 0}, {""model"": ""model_4"", ""current_gpu"": 1, ""best_gpu"": 1, ""current_r"": 0.015078558596455781, ""best_r"": 0.015078558596455781, ""absolute_delta"": 0.0, ""tau"": 0.00035, ""chosen_gpu"": 1}]"
steady,2,1,82,1787601279.3526874,0.00035,0.039461388104423754,0.018074311558861557,0.039461388104423754,1+3,2+2,"{""model_3"": 1, ""model_4"": 1, ""model_5"": 0, ""model_6"": 1}","{""model_3"": 1, ""model_4"": 0, ""model_5"": 0, ""model_6"": 1}",1,model_4,False,,line-8 placement unchanged or every candidate blocked,1,1,target memory infeasible,,,,,4,1,0,0.013746764173803216,"[{""model"": ""model_5"", ""current_gpu"": 0, ""best_gpu"": 0, ""current_r"": 0.0, ""best_r"": 0.0, ""absolute_delta"": 0.0, ""tau"": 0.00035, ""chosen_gpu"": 0}, {""model"": ""model_3"", ""current_gpu"": 1, ""best_gpu"": 1, ""current_r"": 0.0, ""best_r"": 0.0, ""absolute_delta"": 0.0, ""tau"": 0.00035, ""chosen_gpu"": 1}, {""model"": ""model_6"", ""current_gpu"": 1, ""best_gpu"": 1, ""current_r"": 0.015378190355522918, ""best_r"": 0.015378190355522918, ""absolute_delta"": 0.0, ""tau"": 0.00035, ""chosen_gpu"": 1}, {""model"": ""model_4"", ""current_gpu"": 1, ""best_gpu"": 0, ""current_r"": 0.03182107573266477, ""best_r"": 0.018074311558861557, ""absolute_delta"": 0.013746764173803216, ""tau"": 0.00035, ""chosen_gpu"": 0}]"
steady,2,1,83,1787601284.3949037,0.00035,0.03392866046688246,0.014021406550489567,0.03392866046688246,1+3,2+2,"{""model_3"": 1, ""model_4"": 1, ""model_5"": 0, ""model_6"": 1}","{""model_3"": 1, ""model_4"": 0, ""model_5"": 0, ""model_6"": 1}",1,model_4,False,,line-8 placement unchanged or every candidate blocked,1,1,target memory infeasible,,,,,4,1,0,0.012666800157031307,"[{""model"": ""model_5"", ""current_gpu"": 0, ""best_gpu"": 0, ""current_r"": 0.0, ""best_r"": 0.0, ""absolute_delta"": 0.0, ""tau"": 0.00035, ""chosen_gpu"": 0}, {""model"": ""model_3"", ""current_gpu"": 1, ""best_gpu"": 1, ""current_r"": 0.0, ""best_r"": 0.0, ""absolute_delta"": 0.0, ""tau"": 0.00035, ""chosen_gpu"": 1}, {""model"": ""model_6"", ""current_gpu"": 1, ""best_gpu"": 1, ""current_r"": 0.011846040489216648, ""best_r"": 0.011846040489216648, ""absolute_delta"": 0.0, ""tau"": 0.00035, ""chosen_gpu"": 1}, {""model"": ""model_4"", ""current_gpu"": 1, ""best_gpu"": 0, ""current_r"": 0.026688206707520874, ""best_r"": 0.014021406550489567, ""absolute_delta"": 0.012666800157031307, ""tau"": 0.00035, ""chosen_gpu"": 0}]"
steady,2,1,84,1787601289.4149082,0.00035,0.03113127622513758,0.00955809619389046,0.03113127622513758,1+3,2+2,"{""model_3"": 1, ""model_4"": 1, ""model_5"": 0, ""model_6"": 1}","{""model_3"": 0, ""model_4"": 1, ""model_5"": 0, ""model_6"": 1}",1,model_3,False,,line-8 placement unchanged or every candidate blocked,1,1,target memory infeasible,,,,,4,1,0,0.012027169136989634,"[{""model"": ""model_6"", ""current_gpu"": 1, ""best_gpu"": 1, ""current_r"": 0.0, ""best_r"": 0.0, ""absolute_delta"": 0.0, ""tau"": 0.00035, ""chosen_gpu"": 1}, {""model"": ""model_3"", ""current_gpu"": 1, ""best_gpu"": 0, ""current_r"": 0.012027169136989634, ""best_r"": 0.0, ""absolute_delta"": 0.012027169136989634, ""tau"": 0.00035, ""chosen_gpu"": 0}, {""model"": ""model_5"", ""current_gpu"": 0, ""best_gpu"": 0, ""current_r"": 0.008970884127619308, ""best_r"": 0.008970884127619308, ""absolute_delta"": 0.0, ""tau"": 0.00035, ""chosen_gpu"": 0}, {""model"": ""model_4"", ""current_gpu"": 1, ""best_gpu"": 1, ""current_r"": 0.012027169136989634, ""best_r"": 0.012027169136989634, ""absolute_delta"": 0.0, ""tau"": 0.00035, ""chosen_gpu"": 1}]"
steady,2,1,85,1787601294.4349637,0.00035,0.01993643413929739,0.008412116840539925,0.01993643413929739,1+3,2+2,"{""model_3"": 1, ""model_4"": 1, ""model_5"": 0, ""model_6"": 1}","{""model_3"": 0, ""model_4"": 1, ""model_5"": 0, ""model_6"": 1}",1,model_3,False,,line-8 placement unchanged or every candidate blocked,1,1,target memory infeasible,,,,,4,1,0,0.0012290507426583504,"[{""model"": ""model_6"", ""current_gpu"": 1, ""best_gpu"": 1, ""current_r"": 0.0, ""best_r"": 0.0, ""absolute_delta"": 0.0, ""tau"": 0.00035, ""chosen_gpu"": 1}, {""model"": ""model_5"", ""current_gpu"": 0, ""best_gpu"": 0, ""current_r"": 0.0, ""best_r"": 0.0, ""absolute_delta"": 0.0, ""tau"": 0.00035, ""chosen_gpu"": 0}, {""model"": ""model_3"", ""current_gpu"": 1, ""best_gpu"": 0, ""current_r"": 0.009641167583198275, ""best_r"": 0.008412116840539925, ""absolute_delta"": 0.0012290507426583504, ""tau"": 0.00035, ""chosen_gpu"": 0}, {""model"": ""model_4"", ""current_gpu"": 1, ""best_gpu"": 1, ""current_r"": 0.009641167583198275, ""best_r"": 0.009641167583198275, ""absolute_delta"": 0.0, ""tau"": 0.00035, ""chosen_gpu"": 1}]"
steady,4,1,1,1787603198.142124,0.00035,0.0009176945220681047,0.0,0.0009176945220681047,2+2,1+3,"{""model_3"": 1, ""model_4"": 0, ""model_5"": 0, ""model_6"": 1}","{""model_3"": 1, ""model_4"": 0, ""model_5"": 0, ""model_6"": 0}",1,model_6,False,MIGRATE,literal line-8 absolute delta exceeds tau,1,0,,model_6,1,0,0.0007387503452361359,4,2,1,0.0007387503452361359,"[{""model"": ""model_3"", ""current_gpu"": 1, ""best_gpu"": 0, ""current_r"": 0.0, ""best_r"": 0.0, ""absolute_delta"": 0.0, ""tau"": 0.00035, ""chosen_gpu"": 1}, {""model"": ""model_4"", ""current_gpu"": 0, ""best_gpu"": 0, ""current_r"": 0.0, ""best_r"": 0.0, ""absolute_delta"": 0.0, ""tau"": 0.00035, ""chosen_gpu"": 0}, {""model"": ""model_5"", ""current_gpu"": 0, ""best_gpu"": 0, ""current_r"": 0.0, ""best_r"": 0.0, ""absolute_delta"": 0.0, ""tau"": 0.00035, ""chosen_gpu"": 0}, {""model"": ""model_6"", ""current_gpu"": 1, ""best_gpu"": 0, ""current_r"": 0.0007387503452361359, ""best_r"": 0.0, ""absolute_delta"": 0.0007387503452361359, ""tau"": 0.00035, ""chosen_gpu"": 0}]"
steady,4,1,2,1787603203.150738,0.00035,0.014829897516978595,0.014829897516978595,0.001962994758416171,1+3,1+3,"{""model_3"": 1, ""model_4"": 0, ""model_5"": 0, ""model_6"": 0}","{""model_3"": 1, ""model_4"": 1, ""model_5"": 1, ""model_6"": 0}",2,"model_5,model_4",True,,migration cooldown active,2,0,,,,,,4,2,0,0.00798297395525684,"[{""model"": ""model_6"", ""current_gpu"": 0, ""best_gpu"": 0, ""current_r"": 0.0, ""best_r"": 0.0, ""absolute_delta"": 0.0, ""tau"": 0.00035, ""chosen_gpu"": 0}, {""model"": ""model_3"", ""current_gpu"": 1, ""best_gpu"": 1, ""current_r"": 0.0, ""best_r"": 0.0, ""absolute_delta"": 0.0, ""tau"": 0.00035, ""chosen_gpu"": 1}, {""model"": ""model_5"", ""current_gpu"": 0, ""best_gpu"": 1, ""current_r"": 0.00994596871367301, ""best_r"": 0.001962994758416171, ""absolute_delta"": 0.00798297395525684, ""tau"": 0.00035, ""chosen_gpu"": 1}, {""model"": ""model_4"", ""current_gpu"": 0, ""best_gpu"": 1, ""current_r"": 0.00994596871367301, ""best_r"": 0.002594109898027802, ""absolute_delta"": 0.007351858815645209, ""tau"": 0.00035, ""chosen_gpu"": 1}]"
steady,4,1,3,1787603208.1645796,0.00035,0.0318309552274067,0.0318309552274067,0.010374796367101459,1+3,2+2,"{""model_3"": 1, ""model_4"": 0, ""model_5"": 0, ""model_6"": 0}","{""model_3"": 1, ""model_4"": 0, ""model_5"": 0, ""model_6"": 1}",1,model_6,True,,migration cooldown active,1,0,,,,,,4,1,0,0.0024435302984725637,"[{""model"": ""model_5"", ""current_gpu"": 0, ""best_gpu"": 0, ""current_r"": 0.0, ""best_r"": 0.0, ""absolute_delta"": 0.0, ""tau"": 0.00035, ""chosen_gpu"": 0}, {""model"": ""model_3"", ""current_gpu"": 1, ""best_gpu"": 1, ""current_r"": 0.0, ""best_r"": 0.0, ""absolute_delta"": 0.0, ""tau"": 0.00035, ""chosen_gpu"": 1}, {""model"": ""model_6"", ""current_gpu"": 0, ""best_gpu"": 1, ""current_r"": 0.012818326665574023, ""best_r"": 0.010374796367101459, ""absolute_delta"": 0.0024435302984725637, ""tau"": 0.00035, ""chosen_gpu"": 1}, {""model"": ""model_4"", ""current_gpu"": 0, ""best_gpu"": 0, ""current_r"": 0.012818326665574023, ""best_r"": 0.012818326665574023, ""absolute_delta"": 0.0, ""tau"": 0.00035, ""chosen_gpu"": 0}]"
steady,4,1,4,1787603213.173107,0.00035,0.03348586399006348,0.03348586399006348,0.01192052248177611,1+3,2+2,"{""model_3"": 1, ""model_4"": 0, ""model_5"": 0, ""model_6"": 0}","{""model_3"": 1, ""model_4"": 0, ""model_5"": 0, ""model_6"": 1}",1,model_6,True,,migration cooldown active,1,0,,,,,,4,2,1,0.0009469731151640973,"[{""model"": ""model_3"", ""current_gpu"": 1, ""best_gpu"": 0, ""current_r"": 0.0, ""best_r"": 0.0, ""absolute_delta"": 0.0, ""tau"": 0.00035, ""chosen_gpu"": 1}, {""model"": ""model_5"", ""current_gpu"": 0, ""best_gpu"": 0, ""current_r"": 0.0, ""best_r"": 0.0, ""absolute_delta"": 0.0, ""tau"": 0.00035, ""chosen_gpu"": 0}, {""model"": ""model_6"", ""current_gpu"": 0, ""best_gpu"": 1, ""current_r"": 0.012867495596940207, ""best_r"": 0.01192052248177611, ""absolute_delta"": 0.0009469731151640973, ""tau"": 0.00035, ""chosen_gpu"": 1}, {""model"": ""model_4"", ""current_gpu"": 0, ""best_gpu"": 0, ""current_r"": 0.012867495596940207, ""best_r"": 0.012867495596940207, ""absolute_delta"": 0.0, ""tau"": 0.00035, ""chosen_gpu"": 0}]"
steady,4,1,5,1787603218.225561,0.00035,0.04580072888248071,0.04580072888248071,0.014434691666032956,1+3,2+2,"{""model_3"": 1, ""model_4"": 0, ""model_5"": 0, ""model_6"": 0}","{""model_3"": 1, ""model_4"": 0, ""model_5"": 1, ""model_6"": 0}",1,model_5,True,,migration cooldown active,1,0,,,,,,4,2,1,0.0011323111293728826,"[{""model"": ""model_3"", ""current_gpu"": 1, ""best_gpu"": 0, ""current_r"": 0.0, ""best_r"": 0.0, ""absolute_delta"": 0.0, ""tau"": 0.00035, ""chosen_gpu"": 1}, {""model"": ""model_6"", ""current_gpu"": 0, ""best_gpu"": 0, ""current_r"": 0.0, ""best_r"": 0.0, ""absolute_delta"": 0.0, ""tau"": 0.00035, ""chosen_gpu"": 0}, {""model"": ""model_5"", ""current_gpu"": 0, ""best_gpu"": 1, ""current_r"": 0.015567002795405838, ""best_r"": 0.014434691666032956, ""absolute_delta"": 0.0011323111293728826, ""tau"": 0.00035, ""chosen_gpu"": 1}, {""model"": ""model_4"", ""current_gpu"": 0, ""best_gpu"": 0, ""current_r"": 0.015567002795405838, ""best_r"": 0.015567002795405838, ""absolute_delta"": 0.0, ""tau"": 0.00035, ""chosen_gpu"": 0}]"
steady,4,1,6,1787603223.237232,0.00035,0.04318991557667712,0.04318991557667712,0.014648711208899077,1+3,2+2,"{""model_3"": 1, ""model_4"": 0, ""model_5"": 0, ""model_6"": 0}","{""model_3"": 1, ""model_4"": 0, ""model_5"": 1, ""model_6"": 0}",1,model_5,True,,migration cooldown active,1,0,,,,,,4,2,1,0.001520347341675013,"[{""model"": ""model_3"", ""current_gpu"": 1, ""best_gpu"": 0, ""current_r"": 0.0, ""best_r"": 0.0, ""absolute_delta"": 0.0, ""tau"": 0.00035, ""chosen_gpu"": 1}, {""model"": ""model_6"", ""current_gpu"": 0, ""best_gpu"": 0, ""current_r"": 0.0, ""best_r"": 0.0, ""absolute_delta"": 0.0, ""tau"": 0.00035, ""chosen_gpu"": 0}, {""model"": ""model_5"", ""current_gpu"": 0, ""best_gpu"": 1, ""current_r"": 0.01616905855057409, ""best_r"": 0.014648711208899077, ""absolute_delta"": 0.001520347341675013, ""tau"": 0.00035, ""chosen_gpu"": 1}, {""model"": ""model_4"", ""current_gpu"": 0, ""best_gpu"": 0, ""current_r"": 0.01616905855057409, ""best_r"": 0.01616905855057409, ""absolute_delta"": 0.0, ""tau"": 0.00035, ""chosen_gpu"": 0}]"
steady,4,1,7,1787603228.248704,0.00035,0.059108074436619494,0.059108074436619494,0.019566392552004805,1+3,2+2,"{""model_3"": 1, ""model_4"": 0, ""model_5"": 0, ""model_6"": 0}","{""model_3"": 1, ""model_4"": 1, ""model_5"": 0, ""model_6"": 0}",1,model_4,False,MIGRATE,literal line-8 absolute delta exceeds tau,1,0,,model_4,0,1,0.04729427816478956,4,2,1,0.027727885612784754,"[{""model"": ""model_3"", ""current_gpu"": 1, ""best_gpu"": 0, ""current_r"": 0.0, ""best_r"": 0.0, ""absolute_delta"": 0.0, ""tau"": 0.00035, ""chosen_gpu"": 1}, {""model"": ""model_6"", ""current_gpu"": 0, ""best_gpu"": 0, ""current_r"": 0.0, ""best_r"": 0.0, ""absolute_delta"": 0.0, ""tau"": 0.00035, ""chosen_gpu"": 0}, {""model"": ""model_5"", ""current_gpu"": 0, ""best_gpu"": 0, ""current_r"": 0.0194526359628517, ""best_r"": 0.0194526359628517, ""absolute_delta"": 0.0, ""tau"": 0.00035, ""chosen_gpu"": 0}, {""model"": ""model_4"", ""current_gpu"": 0, ""best_gpu"": 1, ""current_r"": 0.04729427816478956, ""best_r"": 0.019566392552004805, ""absolute_delta"": 0.027727885612784754, ""tau"": 0.00035, ""chosen_gpu"": 1}]"
steady,4,1,8,1787603233.2576346,0.00035,0.048017599227658574,0.048017599227658574,0.03732643884595561,2+2,2+2,"{""model_3"": 1, ""model_4"": 1, ""model_5"": 0, ""model_6"": 0}","{""model_3"": 1, ""model_4"": 1, ""model_5"": 0, ""model_6"": 0}",0,,True,,migration cooldown active,0,0,,,,,,4,1,1,0.0,"[{""model"": ""model_3"", ""current_gpu"": 1, ""best_gpu"": 0, ""current_r"": 0.0, ""best_r"": 0.0, ""absolute_delta"": 0.0, ""tau"": 0.00035, ""chosen_gpu"": 1}, {""model"": ""model_6"", ""current_gpu"": 0, ""best_gpu"": 0, ""current_r"": 0.0, ""best_r"": 0.0, ""absolute_delta"": 0.0, ""tau"": 0.00035, ""chosen_gpu"": 0}, {""model"": ""model_5"", ""current_gpu"": 0, ""best_gpu"": 0, ""current_r"": 0.019495406626611277, ""best_r"": 0.019495406626611277, ""absolute_delta"": 0.0, ""tau"": 0.00035, ""chosen_gpu"": 0}, {""model"": ""model_4"", ""current_gpu"": 1, ""best_gpu"": 1, ""current_r"": 0.03244038859852868, ""best_r"": 0.03244038859852868, ""absolute_delta"": 0.0, ""tau"": 0.00035, ""chosen_gpu"": 1}]"
steady,4,1,9,1787603238.2842963,0.00035,0.04754190906781947,0.04754190906781947,0.028741690496715534,2+2,2+2,"{""model_3"": 1, ""model_4"": 1, ""model_5"": 0, ""model_6"": 0}","{""model_3"": 1, ""model_4"": 1, ""model_5"": 0, ""model_6"": 0}",0,,True,,migration cooldown active,0,0,,,,,,4,2,2,0.0003008175512121958,"[{""model"": ""model_3"", ""current_gpu"": 1, ""best_gpu"": 0, ""current_r"": 0.0, ""best_r"": 0.0, ""absolute_delta"": 0.0, ""tau"": 0.00035, ""chosen_gpu"": 1}, {""model"": ""model_6"", ""current_gpu"": 0, ""best_gpu"": 0, ""current_r"": 0.0, ""best_r"": 0.0, ""absolute_delta"": 0.0, ""tau"": 0.00035, ""chosen_gpu"": 0}, {""model"": ""model_5"", ""current_gpu"": 0, ""best_gpu"": 1, ""current_r"": 0.020658527967694025, ""best_r"": 0.02035771041648183, ""absolute_delta"": 0.0003008175512121958, ""tau"": 0.00035, ""chosen_gpu"": 0}, {""model"": ""model_4"", ""current_gpu"": 1, ""best_gpu"": 1, ""current_r"": 0.02035771041648183, ""best_r"": 0.02035771041648183, ""absolute_delta"": 0.0, ""tau"": 0.00035, ""chosen_gpu"": 1}]"
steady,4,1,10,1787603243.2897353,0.00035,0.049241499683753846,0.049241499683753846,0.02745715802779007,2+2,2+2,"{""model_3"": 1, ""model_4"": 1, ""model_5"": 0, ""model_6"": 0}","{""model_3"": 1, ""model_4"": 0, ""model_5"": 1, ""model_6"": 0}",2,"model_5,model_4",True,,migration cooldown active,2,0,,,,,,4,3,1,0.019231006904634893,"[{""model"": ""model_3"", ""current_gpu"": 1, ""best_gpu"": 0, ""current_r"": 0.0, ""best_r"": 0.0, ""absolute_delta"": 0.0, ""tau"": 0.00035, ""chosen_gpu"": 1}, {""model"": ""model_6"", ""current_gpu"": 0, ""best_gpu"": 0, ""current_r"": 0.0, ""best_r"": 0.0, ""absolute_delta"": 0.0, ""tau"": 0.00035, ""chosen_gpu"": 0}, {""model"": ""model_5"", ""current_gpu"": 0, ""best_gpu"": 1, ""current_r"": 0.0230219803145456, ""best_r"": 0.02043715377266112, ""absolute_delta"": 0.00258482654188448, ""tau"": 0.00035, ""chosen_gpu"": 1}, {""model"": ""model_4"", ""current_gpu"": 1, ""best_gpu"": 0, ""current_r"": 0.04225298721918049, ""best_r"": 0.0230219803145456, ""absolute_delta"": 0.019231006904634893, ""tau"": 0.00035, ""chosen_gpu"": 0}]"
steady,4,1,11,1787603248.299619,0.00035,0.0460544749725627,0.0460544749725627,0.03231983969175267,2+2,2+2,"{""model_3"": 1, ""model_4"": 1, ""model_5"": 0, ""model_6"": 0}","{""model_3"": 1, ""model_4"": 1, ""model_5"": 0, ""model_6"": 0}",0,,True,,migration cooldown active,0,0,,,,,,4,1,1,0.0,"[{""model"": ""model_3"", ""current_gpu"": 1, ""best_gpu"": 0, ""current_r"": 0.0, ""best_r"": 0.0, ""absolute_delta"": 0.0, ""tau"": 0.00035, ""chosen_gpu"": 1}, {""model"": ""model_6"", ""current_gpu"": 0, ""best_gpu"": 0, ""current_r"": 0.0, ""best_r"": 0.0, ""absolute_delta"": 0.0, ""tau"": 0.00035, ""chosen_gpu"": 0}, {""model"": ""model_5"", ""current_gpu"": 0, ""best_gpu"": 0, ""current_r"": 0.019843249299159326, ""best_r"": 0.019843249299159326, ""absolute_delta"": 0.0, ""tau"": 0.00035, ""chosen_gpu"": 0}, {""model"": ""model_4"", ""current_gpu"": 1, ""best_gpu"": 1, ""current_r"": 0.02522611519775652, ""best_r"": 0.02522611519775652, ""absolute_delta"": 0.0, ""tau"": 0.00035, ""chosen_gpu"": 1}]"
steady,4,1,12,1787603253.3051,0.00035,0.055941843787404286,0.055941843787404286,0.037030699711570754,2+2,2+2,"{""model_3"": 1, ""model_4"": 1, ""model_5"": 0, ""model_6"": 0}","{""model_3"": 1, ""model_4"": 1, ""model_5"": 0, ""model_6"": 0}",0,,True,,migration cooldown active,0,0,,,,,,4,1,1,0.0,"[{""model"": ""model_3"", ""current_gpu"": 1, ""best_gpu"": 0, ""current_r"": 0.0, ""best_r"": 0.0, ""absolute_delta"": 0.0, ""tau"": 0.00035, ""chosen_gpu"": 1}, {""model"": ""model_6"", ""current_gpu"": 0, ""best_gpu"": 0, ""current_r"": 0.0, ""best_r"": 0.0, ""absolute_delta"": 0.0, ""tau"": 0.00035, ""chosen_gpu"": 0}, {""model"": ""model_5"", ""current_gpu"": 0, ""best_gpu"": 0, ""current_r"": 0.023737919594953992, ""best_r"": 0.023737919594953992, ""absolute_delta"": 0.0, ""tau"": 0.00035, ""chosen_gpu"": 0}, {""model"": ""model_4"", ""current_gpu"": 1, ""best_gpu"": 1, ""current_r"": 0.029765136575502085, ""best_r"": 0.029765136575502085, ""absolute_delta"": 0.0, ""tau"": 0.00035, ""chosen_gpu"": 1}]"
steady,4,1,13,1787603258.3155472,0.00035,0.05927973709545012,0.05927973709545012,0.038793908628412185,2+2,2+2,"{""model_3"": 1, ""model_4"": 1, ""model_5"": 0, ""model_6"": 0}","{""model_3"": 1, ""model_4"": 1, ""model_5"": 0, ""model_6"": 0}",0,,False,,line-8 placement unchanged or every candidate blocked,0,0,,,,,,4,1,1,0.0,"[{""model"": ""model_3"", ""current_gpu"": 1, ""best_gpu"": 0, ""current_r"": 0.0, ""best_r"": 0.0, ""absolute_delta"": 0.0, ""tau"": 0.00035, ""chosen_gpu"": 1}, {""model"": ""model_5"", ""current_gpu"": 0, ""best_gpu"": 0, ""current_r"": 0.0, ""best_r"": 0.0, ""absolute_delta"": 0.0, ""tau"": 0.00035, ""chosen_gpu"": 0}, {""model"": ""model_6"", ""current_gpu"": 0, ""best_gpu"": 0, ""current_r"": 0.027410042632679613, ""best_r"": 0.027410042632679613, ""absolute_delta"": 0.0, ""tau"": 0.00035, ""chosen_gpu"": 0}, {""model"": ""model_4"", ""current_gpu"": 1, ""best_gpu"": 1, ""current_r"": 0.03157841447233268, ""best_r"": 0.03157841447233268, ""absolute_delta"": 0.0, ""tau"": 0.00035, ""chosen_gpu"": 1}]"
steady,4,1,14,1787603263.325865,0.00035,0.050701301367888155,0.050701301367888155,0.027846286243428792,2+2,2+2,"{""model_3"": 1, ""model_4"": 1, ""model_5"": 0, ""model_6"": 0}","{""model_3"": 1, ""model_4"": 0, ""model_5"": 0, ""model_6"": 1}",2,"model_6,model_4",False,MIGRATE,literal line-8 absolute delta exceeds tau,2,0,,model_6,0,1,0.0545575788564186,4,3,1,0.02069569238322169,"[{""model"": ""model_3"", ""current_gpu"": 1, ""best_gpu"": 0, ""current_r"": 0.0, ""best_r"": 0.0, ""absolute_delta"": 0.0, ""tau"": 0.00035, ""chosen_gpu"": 1}, {""model"": ""model_5"", ""current_gpu"": 0, ""best_gpu"": 0, ""current_r"": 0.0, ""best_r"": 0.0, ""absolute_delta"": 0.0, ""tau"": 0.00035, ""chosen_gpu"": 0}, {""model"": ""model_6"", ""current_gpu"": 0, ""best_gpu"": 1, ""current_r"": 0.023497950886574307, ""best_r"": 0.021631383344030766, ""absolute_delta"": 0.0018665675425435409, ""tau"": 0.00035, ""chosen_gpu"": 1}, {""model"": ""model_4"", ""current_gpu"": 1, ""best_gpu"": 0, ""current_r"": 0.044193643269795996, ""best_r"": 0.023497950886574307, ""absolute_delta"": 0.02069569238322169, ""tau"": 0.00035, ""chosen_gpu"": 0}]"
steady,4,1,15,1787603269.3411155,0.00035,0.05206753231967878,0.028626375234927247,0.05206753231967878,1+3,2+2,"{""model_3"": 1, ""model_4"": 1, ""model_5"": 0, ""model_6"": 1}","{""model_3"": 1, ""model_4"": 0, ""model_5"": 0, ""model_6"": 1}",1,model_4,True,,migration cooldown active,1,0,,,,,,4,1,0,0.013520655495414181,"[{""model"": ""model_5"", ""current_gpu"": 0, ""best_gpu"": 0, ""current_r"": 0.0, ""best_r"": 0.0, ""absolute_delta"": 0.0, ""tau"": 0.00035, ""chosen_gpu"": 0}, {""model"": ""model_3"", ""current_gpu"": 1, ""best_gpu"": 1, ""current_r"": 0.0, ""best_r"": 0.0, ""absolute_delta"": 0.0, ""tau"": 0.00035, ""chosen_gpu"": 1}, {""model"": ""model_6"", ""current_gpu"": 1, ""best_gpu"": 1, ""current_r"": 0.020281141653320345, ""best_r"": 0.020281141653320345, ""absolute_delta"": 0.0, ""tau"": 0.00035, ""chosen_gpu"": 1}, {""model"": ""model_4"", ""current_gpu"": 1, ""best_gpu"": 0, ""current_r"": 0.04214703073034143, ""best_r"": 0.028626375234927247, ""absolute_delta"": 0.013520655495414181, ""tau"": 0.00035, ""chosen_gpu"": 0}]"
steady,4,1,16,1787603274.3709757,0.00035,0.05907923790183703,0.019045077304581305,0.05907923790183703,1+3,2+2,"{""model_3"": 1, ""model_4"": 1, ""model_5"": 0, ""model_6"": 1}","{""model_3"": 0, ""model_4"": 1, ""model_5"": 0, ""model_6"": 1}",1,model_3,True,,migration cooldown active,1,0,,,,,,4,2,1,0.022256263168744468,"[{""model"": ""model_6"", ""current_gpu"": 1, ""best_gpu"": 0, ""current_r"": 0.0, ""best_r"": 0.0, ""absolute_delta"": 0.0, ""tau"": 0.00035, ""chosen_gpu"": 1}, {""model"": ""model_3"", ""current_gpu"": 1, ""best_gpu"": 0, ""current_r"": 0.022256263168744468, ""best_r"": 0.0, ""absolute_delta"": 0.022256263168744468, ""tau"": 0.00035, ""chosen_gpu"": 0}, {""model"": ""model_5"", ""current_gpu"": 0, ""best_gpu"": 0, ""current_r"": 0.019267813649996274, ""best_r"": 0.019267813649996274, ""absolute_delta"": 0.0, ""tau"": 0.00035, ""chosen_gpu"": 0}, {""model"": ""model_4"", ""current_gpu"": 1, ""best_gpu"": 1, ""current_r"": 0.022256263168744468, ""best_r"": 0.022256263168744468, ""absolute_delta"": 0.0, ""tau"": 0.00035, ""chosen_gpu"": 1}]"
steady,4,1,17,1787603279.382405,0.00035,0.05204285909911884,0.02500304979263826,0.05204285909911884,1+3,2+2,"{""model_3"": 1, ""model_4"": 1, ""model_5"": 0, ""model_6"": 1}","{""model_3"": 1, ""model_4"": 0, ""model_5"": 0, ""model_6"": 1}",1,model_4,True,,migration cooldown active,1,0,,,,,,4,1,0,0.01688062526924916,"[{""model"": ""model_5"", ""current_gpu"": 0, ""best_gpu"": 0, ""current_r"": 0.0, ""best_r"": 0.0, ""absolute_delta"": 0.0, ""tau"": 0.00035, ""chosen_gpu"": 0}, {""model"": ""model_6"", ""current_gpu"": 1, ""best_gpu"": 1, ""current_r"": 0.0, ""best_r"": 0.0, ""absolute_delta"": 0.0, ""tau"": 0.00035, ""chosen_gpu"": 1}, {""model"": ""model_3"", ""current_gpu"": 1, ""best_gpu"": 1, ""current_r"": 0.022379518333764947, ""best_r"": 0.022379518333764947, ""absolute_delta"": 0.0, ""tau"": 0.00035, ""chosen_gpu"": 1}, {""model"": ""model_4"", ""current_gpu"": 1, ""best_gpu"": 0, ""current_r"": 0.04188367506188742, ""best_r"": 0.02500304979263826, ""absolute_delta"": 0.01688062526924916, ""tau"": 0.00035, ""chosen_gpu"": 0}]"
steady,4,1,18,1787603284.4440742,0.00035,0.05122712778141152,0.027333989100379857,0.05122712778141152,1+3,2+2,"{""model_3"": 1, ""model_4"": 1, ""model_5"": 0, ""model_6"": 1}","{""model_3"": 1, ""model_4"": 0, ""model_5"": 0, ""model_6"": 1}",1,model_4,True,,migration cooldown active,1,0,,,,,,4,1,0,0.01643075105904915,"[{""model"": ""model_5"", ""current_gpu"": 0, ""best_gpu"": 0, ""current_r"": 0.0, ""best_r"": 0.0, ""absolute_delta"": 0.0, ""tau"": 0.00035, ""chosen_gpu"": 0}, {""model"": ""model_6"", ""current_gpu"": 1, ""best_gpu"": 1, ""current_r"": 0.0, ""best_r"": 0.0, ""absolute_delta"": 0.0, ""tau"": 0.00035, ""chosen_gpu"": 1}, {""model"": ""model_3"", ""current_gpu"": 1, ""best_gpu"": 1, ""current_r"": 0.02545592722962556, ""best_r"": 0.02545592722962556, ""absolute_delta"": 0.0, ""tau"": 0.00035, ""chosen_gpu"": 1}, {""model"": ""model_4"", ""current_gpu"": 1, ""best_gpu"": 0, ""current_r"": 0.04376474015942901, ""best_r"": 0.027333989100379857, ""absolute_delta"": 0.01643075105904915, ""tau"": 0.00035, ""chosen_gpu"": 0}]"
steady,4,1,19,1787603289.4847033,0.00035,0.05295719785344401,0.012994417184874102,0.05295719785344401,1+3,2+2,"{""model_3"": 1, ""model_4"": 1, ""model_5"": 0, ""model_6"": 1}","{""model_3"": 1, ""model_4"": 0, ""model_5"": 1, ""model_6"": 0}",3,"model_6,model_5,model_4",True,,migration cooldown active,3,1,last active model on source gpu,,,,,4,4,1,0.018476745064295634,"[{""model"": ""model_3"", ""current_gpu"": 1, ""best_gpu"": 0, ""current_r"": 0.0, ""best_r"": 0.0, ""absolute_delta"": 0.0, ""tau"": 0.00035, ""chosen_gpu"": 1}, {""model"": ""model_6"", ""current_gpu"": 1, ""best_gpu"": 0, ""current_r"": 0.018476745064295634, ""best_r"": 0.0, ""absolute_delta"": 0.018476745064295634, ""tau"": 0.00035, ""chosen_gpu"": 0}, {""model"": ""model_5"", ""current_gpu"": 0, ""best_gpu"": 1, ""current_r"": 0.019579668598245517, ""best_r"": 0.018476745064295634, ""absolute_delta"": 0.001102923533949883, ""tau"": 0.00035, ""chosen_gpu"": 1}, {""model"": ""model_4"", ""current_gpu"": 1, ""best_gpu"": 0, ""current_r"": 0.03760145686422486, ""best_r"": 0.019579668598245517, ""absolute_delta"": 0.01802178826597934, ""tau"": 0.00035, ""chosen_gpu"": 0}]"
steady,4,1,20,1787603294.4925723,0.00035,0.053708892900813994,0.012334212775232846,0.053708892900813994,1+3,2+2,"{""model_3"": 1, ""model_4"": 1, ""model_5"": 0, ""model_6"": 1}","{""model_3"": 1, ""model_4"": 1, ""model_5"": 0, ""model_6"": 0}",1,model_6,False,MIGRATE,literal line-8 absolute delta exceeds tau,1,0,,model_6,1,0,0.040256523014092584,4,2,1,0.01970673444788632,"[{""model"": ""model_3"", ""current_gpu"": 1, ""best_gpu"": 0, ""current_r"": 0.0, ""best_r"": 0.0, ""absolute_delta"": 0.0, ""tau"": 0.00035, ""chosen_gpu"": 1}, {""model"": ""model_6"", ""current_gpu"": 1, ""best_gpu"": 0, ""current_r"": 0.01970673444788632, ""best_r"": 0.0, ""absolute_delta"": 0.01970673444788632, ""tau"": 0.00035, ""chosen_gpu"": 0}, {""model"": ""model_5"", ""current_gpu"": 0, ""best_gpu"": 0, ""current_r"": 0.018729230705610916, ""best_r"": 0.018729230705610916, ""absolute_delta"": 0.0, ""tau"": 0.00035, ""chosen_gpu"": 0}, {""model"": ""model_4"", ""current_gpu"": 1, ""best_gpu"": 1, ""current_r"": 0.01970673444788632, ""best_r"": 0.01970673444788632, ""absolute_delta"": 0.0, ""tau"": 0.00035, ""chosen_gpu"": 1}]"
steady,4,1,21,1787603299.8077679,0.00035,0.03773108269260628,0.03773108269260628,0.02142889736994214,2+2,2+2,"{""model_3"": 1, ""model_4"": 1, ""model_5"": 0, ""model_6"": 0}","{""model_3"": 1, ""model_4"": 0, ""model_5"": 1, ""model_6"": 0}",2,"model_5,model_4",True,,migration cooldown active,2,0,,,,,,4,2,0,0.01184575400290265,"[{""model"": ""model_6"", ""current_gpu"": 0, ""best_gpu"": 0, ""current_r"": 0.0, ""best_r"": 0.0, ""absolute_delta"": 0.0, ""tau"": 0.00035, ""chosen_gpu"": 0}, {""model"": ""model_3"", ""current_gpu"": 1, ""best_gpu"": 1, ""current_r"": 0.0, ""best_r"": 0.0, ""absolute_delta"": 0.0, ""tau"": 0.00035, ""chosen_gpu"": 1}, {""model"": ""model_5"", ""current_gpu"": 0, ""best_gpu"": 1, ""current_r"": 0.019696888059862, ""best_r"": 0.016821810903540794, ""absolute_delta"": 0.002875077156321206, ""tau"": 0.00035, ""chosen_gpu"": 1}, {""model"": ""model_4"", ""current_gpu"": 1, ""best_gpu"": 0, ""current_r"": 0.03154264206276465, ""best_r"": 0.019696888059862, ""absolute_delta"": 0.01184575400290265, ""tau"": 0.00035, ""chosen_gpu"": 0}]"
steady,4,1,22,1787603304.8200586,0.00035,0.04018166154389184,0.04018166154389184,0.03178877146286268,2+2,2+2,"{""model_3"": 1, ""model_4"": 1, ""model_5"": 0, ""model_6"": 0}","{""model_3"": 1, ""model_4"": 1, ""model_5"": 0, ""model_6"": 0}",0,,True,,migration cooldown active,0,0,,,,,,4,1,1,0.0,"[{""model"": ""model_3"", ""current_gpu"": 1, ""best_gpu"": 0, ""current_r"": 0.0, ""best_r"": 0.0, ""absolute_delta"": 0.0, ""tau"": 0.00035, ""chosen_gpu"": 1}, {""model"": ""model_6"", ""current_gpu"": 0, ""best_gpu"": 0, ""current_r"": 0.0, ""best_r"": 0.0, ""absolute_delta"": 0.0, ""tau"": 0.00035, ""chosen_gpu"": 0}, {""model"": ""model_5"", ""current_gpu"": 0, ""best_gpu"": 0, ""current_r"": 0.015824235735937626, ""best_r"": 0.015824235735937626, ""absolute_delta"": 0.0, ""tau"": 0.00035, ""chosen_gpu"": 0}, {""model"": ""model_4"", ""current_gpu"": 1, ""best_gpu"": 1, ""current_r"": 0.024838408368432298, ""best_r"": 0.024838408368432298, ""absolute_delta"": 0.0, ""tau"": 0.00035, ""chosen_gpu"": 1}]"
steady,4,1,23,1787603309.845421,0.00035,0.049827271789690784,0.049827271789690784,0.03130515882059116,2+2,2+2,"{""model_3"": 1, ""model_4"": 1, ""model_5"": 0, ""model_6"": 0}","{""model_3"": 1, ""model_4"": 1, ""model_5"": 0, ""model_6"": 0}",0,,True,,migration cooldown active,0,0,,,,,,4,1,1,0.0,"[{""model"": ""model_3"", ""current_gpu"": 1, ""best_gpu"": 0, ""current_r"": 0.0, ""best_r"": 0.0, ""absolute_delta"": 0.0, ""tau"": 0.00035, ""chosen_gpu"": 1}, {""model"": ""model_5"", ""current_gpu"": 0, ""best_gpu"": 0, ""current_r"": 0.0, ""best_r"": 0.0, ""absolute_delta"": 0.0, ""tau"": 0.00035, ""chosen_gpu"": 0}, {""model"": ""model_6"", ""current_gpu"": 0, ""best_gpu"": 0, ""current_r"": 0.02186640179438654, ""best_r"": 0.02186640179438654, ""absolute_delta"": 0.0, ""tau"": 0.00035, ""chosen_gpu"": 0}, {""model"": ""model_4"", ""current_gpu"": 1, ""best_gpu"": 1, ""current_r"": 0.02369145626870245, ""best_r"": 0.02369145626870245, ""absolute_delta"": 0.0, ""tau"": 0.00035, ""chosen_gpu"": 1}]"
steady,4,1,24,1787603314.859819,0.00035,0.0576680444211883,0.0576680444211883,0.0329926153371129,2+2,2+2,"{""model_3"": 1, ""model_4"": 1, ""model_5"": 0, ""model_6"": 0}","{""model_3"": 1, ""model_4"": 0, ""model_5"": 0, ""model_6"": 1}",2,"model_6,model_4",True,,migration cooldown active,2,0,,,,,,4,3,1,0.022482416467257862,"[{""model"": ""model_3"", ""current_gpu"": 1, ""best_gpu"": 0, ""current_r"": 0.0, ""best_r"": 0.0, ""absolute_delta"": 0.0, ""tau"": 0.00035, ""chosen_gpu"": 1}, {""model"": ""model_5"", ""current_gpu"": 0, ""best_gpu"": 0, ""current_r"": 0.0, ""best_r"": 0.0, ""absolute_delta"": 0.0, ""tau"": 0.00035, ""chosen_gpu"": 0}, {""model"": ""model_6"", ""current_gpu"": 0, ""best_gpu"": 1, ""current_r"": 0.027325897853562084, ""best_r"": 0.024759989941351302, ""absolute_delta"": 0.002565907912210782, ""tau"": 0.00035, ""chosen_gpu"": 1}, {""model"": ""model_4"", ""current_gpu"": 1, ""best_gpu"": 0, ""current_r"": 0.049808314320819946, ""best_r"": 0.027325897853562084, ""absolute_delta"": 0.022482416467257862, ""tau"": 0.00035, ""chosen_gpu"": 0}]"
steady,4,1,25,1787603319.8738127,0.00035,0.058824952863685206,0.058824952863685206,0.023328791283279766,2+2,2+2,"{""model_3"": 1, ""model_4"": 1, ""model_5"": 0, ""model_6"": 0}","{""model_3"": 1, ""model_4"": 0, ""model_5"": 0, ""model_6"": 1}",2,"model_6,model_4",True,,migration cooldown active,2,0,,,,,,4,2,0,0.014916927582278323,"[{""model"": ""model_5"", ""current_gpu"": 0, ""best_gpu"": 0, ""current_r"": 0.0, ""best_r"": 0.0, ""absolute_delta"": 0.0, ""tau"": 0.00035, ""chosen_gpu"": 0}, {""model"": ""model_3"", ""current_gpu"": 1, ""best_gpu"": 1, ""current_r"": 0.0, ""best_r"": 0.0, ""absolute_delta"": 0.0, ""tau"": 0.00035, ""chosen_gpu"": 1}, {""model"": ""model_6"", ""current_gpu"": 0, ""best_gpu"": 1, ""current_r"": 0.030928887392086286, ""best_r"": 0.016011959809807963, ""absolute_delta"": 0.014916927582278323, ""tau"": 0.00035, ""chosen_gpu"": 1}, {""model"": ""model_4"", ""current_gpu"": 1, ""best_gpu"": 0, ""current_r"": 0.035999135599121594, ""best_r"": 0.030928887392086286, ""absolute_delta"": 0.0050702482070353085, ""tau"": 0.00035, ""chosen_gpu"": 0}]"
steady,4,1,26,1787603324.887978,0.00035,0.051465947801254144,0.051465947801254144,0.021209643862623497,2+2,2+2,"{""model_3"": 1, ""model_4"": 1, ""model_5"": 0, ""model_6"": 0}","{""model_3"": 1, ""model_4"": 0, ""model_5"": 0, ""model_6"": 1}",2,"model_6,model_4",False,MIGRATE,literal line-8 absolute delta exceeds tau,2,0,,model_6,0,1,0.04656754529997772,4,2,0,0.011815640735173119,"[{""model"": ""model_5"", ""current_gpu"": 0, ""best_gpu"": 0, ""current_r"": 0.0, ""best_r"": 0.0, ""absolute_delta"": 0.0, ""tau"": 0.00035, ""chosen_gpu"": 0}, {""model"": ""model_3"", ""current_gpu"": 1, ""best_gpu"": 1, ""current_r"": 0.0, ""best_r"": 0.0, ""absolute_delta"": 0.0, ""tau"": 0.00035, ""chosen_gpu"": 1}, {""model"": ""model_6"", ""current_gpu"": 0, ""best_gpu"": 1, ""current_r"": 0.023735750265397648, ""best_r"": 0.014361873387191467, ""absolute_delta"": 0.009373876878206181, ""tau"": 0.00035, ""chosen_gpu"": 1}, {""model"": ""model_4"", ""current_gpu"": 1, ""best_gpu"": 0, ""current_r"": 0.03555139100057077, ""best_r"": 0.023735750265397648, ""absolute_delta"": 0.011815640735173119, ""tau"": 0.00035, ""chosen_gpu"": 0}]"
steady,4,1,27,1787603329.8992548,0.00035,0.04466869227557954,0.022975342287736535,0.04466869227557954,1+3,2+2,"{""model_3"": 1, ""model_4"": 1, ""model_5"": 0, ""model_6"": 1}","{""model_3"": 1, ""model_4"": 0, ""model_5"": 0, ""model_6"": 1}",1,model_4,True,,migration cooldown active,1,0,,,,,,4,1,0,0.011278027089952191,"[{""model"": ""model_5"", ""current_gpu"": 0, ""best_gpu"": 0, ""current_r"": 0.0, ""best_r"": 0.0, ""absolute_delta"": 0.0, ""tau"": 0.00035, ""chosen_gpu"": 0}, {""model"": ""model_3"", ""current_gpu"": 1, ""best_gpu"": 1, ""current_r"": 0.0, ""best_r"": 0.0, ""absolute_delta"": 0.0, ""tau"": 0.00035, ""chosen_gpu"": 1}, {""model"": ""model_6"", ""current_gpu"": 1, ""best_gpu"": 1, ""current_r"": 0.017691218088721643, ""best_r"": 0.017691218088721643, ""absolute_delta"": 0.0, ""tau"": 0.00035, ""chosen_gpu"": 1}, {""model"": ""model_4"", ""current_gpu"": 1, ""best_gpu"": 0, ""current_r"": 0.034253369377688726, ""best_r"": 0.022975342287736535, ""absolute_delta"": 0.011278027089952191, ""tau"": 0.00035, ""chosen_gpu"": 0}]"
steady,4,1,28,1787603334.9143085,0.00035,0.0627966872481497,0.023549934907203394,0.0627966872481497,1+3,2+2,"{""model_3"": 1, ""model_4"": 1, ""model_5"": 0, ""model_6"": 1}","{""model_3"": 1, ""model_4"": 0, ""model_5"": 0, ""model_6"": 1}",1,model_4,True,,migration cooldown active,1,0,,,,,,4,2,1,0.02468116114366908,"[{""model"": ""model_3"", ""current_gpu"": 1, ""best_gpu"": 0, ""current_r"": 0.0, ""best_r"": 0.0, ""absolute_delta"": 0.0, ""tau"": 0.00035, ""chosen_gpu"": 1}, {""model"": ""model_5"", ""current_gpu"": 0, ""best_gpu"": 0, ""current_r"": 0.0, ""best_r"": 0.0, ""absolute_delta"": 0.0, ""tau"": 0.00035, ""chosen_gpu"": 0}, {""model"": ""model_6"", ""current_gpu"": 1, ""best_gpu"": 1, ""current_r"": 0.021490055866175216, ""best_r"": 0.021490055866175216, ""absolute_delta"": 0.0, ""tau"": 0.00035, ""chosen_gpu"": 1}, {""model"": ""model_4"", ""current_gpu"": 1, ""best_gpu"": 0, ""current_r"": 0.048231096050872474, ""best_r"": 0.023549934907203394, ""absolute_delta"": 0.02468116114366908, ""tau"": 0.00035, ""chosen_gpu"": 0}]"
steady,4,1,29,1787603339.959109,0.00035,0.057793110593448924,0.03142445999198427,0.057793110593448924,1+3,2+2,"{""model_3"": 1, ""model_4"": 1, ""model_5"": 0, ""model_6"": 1}","{""model_3"": 1, ""model_4"": 0, ""model_5"": 0, ""model_6"": 1}",1,model_4,True,,migration cooldown active,1,0,,,,,,4,1,0,0.013880098128536321,"[{""model"": ""model_5"", ""current_gpu"": 0, ""best_gpu"": 0, ""current_r"": 0.0, ""best_r"": 0.0, ""absolute_delta"": 0.0, ""tau"": 0.00035, ""chosen_gpu"": 0}, {""model"": ""model_3"", ""current_gpu"": 1, ""best_gpu"": 1, ""current_r"": 0.0, ""best_r"": 0.0, ""absolute_delta"": 0.0, ""tau"": 0.00035, ""chosen_gpu"": 1}, {""model"": ""model_6"", ""current_gpu"": 1, ""best_gpu"": 1, ""current_r"": 0.02145981283179062, ""best_r"": 0.02145981283179062, ""absolute_delta"": 0.0, ""tau"": 0.00035, ""chosen_gpu"": 1}, {""model"": ""model_4"", ""current_gpu"": 1, ""best_gpu"": 0, ""current_r"": 0.04530455812052059, ""best_r"": 0.03142445999198427, ""absolute_delta"": 0.013880098128536321, ""tau"": 0.00035, ""chosen_gpu"": 0}]"
steady,4,1,30,1787603344.9978533,0.00035,0.05481521535627192,0.02347112499343138,0.05481521535627192,1+3,2+2,"{""model_3"": 1, ""model_4"": 1, ""model_5"": 0, ""model_6"": 1}","{""model_3"": 1, ""model_4"": 0, ""model_5"": 0, ""model_6"": 1}",1,model_4,True,,migration cooldown active,1,0,,,,,,4,1,0,0.021250080271950415,"[{""model"": ""model_5"", ""current_gpu"": 0, ""best_gpu"": 0, ""current_r"": 0.0, ""best_r"": 0.0, ""absolute_delta"": 0.0, ""tau"": 0.00035, ""chosen_gpu"": 0}, {""model"": ""model_6"", ""current_gpu"": 1, ""best_gpu"": 1, ""current_r"": 0.0, ""best_r"": 0.0, ""absolute_delta"": 0.0, ""tau"": 0.00035, ""chosen_gpu"": 1}, {""model"": ""model_3"", ""current_gpu"": 1, ""best_gpu"": 1, ""current_r"": 0.022936843021847064, ""best_r"": 0.022936843021847064, ""absolute_delta"": 0.0, ""tau"": 0.00035, ""chosen_gpu"": 1}, {""model"": ""model_4"", ""current_gpu"": 1, ""best_gpu"": 0, ""current_r"": 0.04472120526538179, ""best_r"": 0.02347112499343138, ""absolute_delta"": 0.021250080271950415, ""tau"": 0.00035, ""chosen_gpu"": 0}]"
steady,4,1,31,1787603350.0181189,0.00035,0.061156772548155824,0.01890083527654765,0.061156772548155824,1+3,2+2,"{""model_3"": 1, ""model_4"": 1, ""model_5"": 0, ""model_6"": 1}","{""model_3"": 0, ""model_4"": 1, ""model_5"": 0, ""model_6"": 1}",1,model_3,True,,migration cooldown active,1,0,,,,,,4,2,1,0.02417212430531837,"[{""model"": ""model_6"", ""current_gpu"": 1, ""best_gpu"": 0, ""current_r"": 0.0, ""best_r"": 0.0, ""absolute_delta"": 0.0, ""tau"": 0.00035, ""chosen_gpu"": 1}, {""model"": ""model_3"", ""current_gpu"": 1, ""best_gpu"": 0, ""current_r"": 0.02417212430531837, ""best_r"": 0.0, ""absolute_delta"": 0.02417212430531837, ""tau"": 0.00035, ""chosen_gpu"": 0}, {""model"": ""model_5"", ""current_gpu"": 0, ""best_gpu"": 0, ""current_r"": 0.019214830334393668, ""best_r"": 0.019214830334393668, ""absolute_delta"": 0.0, ""tau"": 0.00035, ""chosen_gpu"": 0}, {""model"": ""model_4"", ""current_gpu"": 1, ""best_gpu"": 1, ""current_r"": 0.02417212430531837, ""best_r"": 0.02417212430531837, ""absolute_delta"": 0.0, ""tau"": 0.00035, ""chosen_gpu"": 1}]"
steady,4,1,32,1787603355.0458279,0.00035,0.061911987995615335,0.021179172592451886,0.061911987995615335,1+3,2+2,"{""model_3"": 1, ""model_4"": 1, ""model_5"": 0, ""model_6"": 1}","{""model_3"": 1, ""model_4"": 0, ""model_5"": 1, ""model_6"": 0}",3,"model_6,model_5,model_4",False,MIGRATE,literal line-8 absolute delta exceeds tau,3,2,last active model on source gpu;target memory infeasible,model_4,1,0,0.051200695937447846,4,4,1,0.028043609268324308,"[{""model"": ""model_3"", ""current_gpu"": 1, ""best_gpu"": 0, ""current_r"": 0.0, ""best_r"": 0.0, ""absolute_delta"": 0.0, ""tau"": 0.00035, ""chosen_gpu"": 1}, {""model"": ""model_6"", ""current_gpu"": 1, ""best_gpu"": 0, ""current_r"": 0.021431689666376583, ""best_r"": 0.0, ""absolute_delta"": 0.021431689666376583, ""tau"": 0.00035, ""chosen_gpu"": 0}, {""model"": ""model_5"", ""current_gpu"": 0, ""best_gpu"": 1, ""current_r"": 0.02230782518570378, ""best_r"": 0.021431689666376583, ""absolute_delta"": 0.0008761355193271959, ""tau"": 0.00035, ""chosen_gpu"": 1}, {""model"": ""model_4"", ""current_gpu"": 1, ""best_gpu"": 0, ""current_r"": 0.050351434454028086, ""best_r"": 0.02230782518570378, ""absolute_delta"": 0.028043609268324308, ""tau"": 0.00035, ""chosen_gpu"": 0}]"
steady,4,1,33,1787603360.1286178,0.00035,0.04024055856320738,0.019697834548913867,0.04024055856320738,2+2,2+2,"{""model_3"": 1, ""model_4"": 0, ""model_5"": 0, ""model_6"": 1}","{""model_3"": 1, ""model_4"": 0, ""model_5"": 1, ""model_6"": 0}",2,"model_6,model_5",True,,migration cooldown active,2,0,,,,,,4,3,1,0.016870343230870215,"[{""model"": ""model_3"", ""current_gpu"": 1, ""best_gpu"": 0, ""current_r"": 0.0, ""best_r"": 0.0, ""absolute_delta"": 0.0, ""tau"": 0.00035, ""chosen_gpu"": 1}, {""model"": ""model_6"", ""current_gpu"": 1, ""best_gpu"": 0, ""current_r"": 0.016870343230870215, ""best_r"": 0.0, ""absolute_delta"": 0.016870343230870215, ""tau"": 0.00035, ""chosen_gpu"": 0}, {""model"": ""model_5"", ""current_gpu"": 0, ""best_gpu"": 1, ""current_r"": 0.017502829499083314, ""best_r"": 0.016870343230870215, ""absolute_delta"": 0.0006324862682130991, ""tau"": 0.00035, ""chosen_gpu"": 1}, {""model"": ""model_4"", ""current_gpu"": 0, ""best_gpu"": 0, ""current_r"": 0.017502829499083314, ""best_r"": 0.017502829499083314, ""absolute_delta"": 0.0, ""tau"": 0.00035, ""chosen_gpu"": 0}]"
steady,4,1,34,1787603365.1453042,0.00035,0.0588386552153103,0.019514621766876846,0.0588386552153103,2+2,2+2,"{""model_3"": 1, ""model_4"": 0, ""model_5"": 0, ""model_6"": 1}","{""model_3"": 0, ""model_4"": 1, ""model_5"": 0, ""model_6"": 1}",2,"model_3,model_4",True,,migration cooldown active,2,0,,,,,,4,3,1,0.029802750122120938,"[{""model"": ""model_6"", ""current_gpu"": 1, ""best_gpu"": 0, ""current_r"": 0.0, ""best_r"": 0.0, ""absolute_delta"": 0.0, ""tau"": 0.00035, ""chosen_gpu"": 1}, {""model"": ""model_3"", ""current_gpu"": 1, ""best_gpu"": 0, ""current_r"": 0.029802750122120938, ""best_r"": 0.0, ""absolute_delta"": 0.029802750122120938, ""tau"": 0.00035, ""chosen_gpu"": 0}, {""model"": ""model_5"", ""current_gpu"": 0, ""best_gpu"": 0, ""current_r"": 0.02093291247384938, ""best_r"": 0.02093291247384938, ""absolute_delta"": 0.0, ""tau"": 0.00035, ""chosen_gpu"": 0}, {""model"": ""model_4"", ""current_gpu"": 0, ""best_gpu"": 1, ""current_r"": 0.043509356714235496, ""best_r"": 0.029802750122120938, ""absolute_delta"": 0.013706606592114558, ""tau"": 0.00035, ""chosen_gpu"": 1}]"
steady,4,1,35,1787603370.162341,0.00035,0.04572322438475968,0.012689157390460008,0.04572322438475968,2+2,2+2,"{""model_3"": 1, ""model_4"": 0, ""model_5"": 0, ""model_6"": 1}","{""model_3"": 0, ""model_4"": 1, ""model_5"": 0, ""model_6"": 1}",2,"model_3,model_4",True,,migration cooldown active,2,0,,,,,,4,3,1,0.023213343790275797,"[{""model"": ""model_6"", ""current_gpu"": 1, ""best_gpu"": 0, ""current_r"": 0.0, ""best_r"": 0.0, ""absolute_delta"": 0.0, ""tau"": 0.00035, ""chosen_gpu"": 1}, {""model"": ""model_3"", ""current_gpu"": 1, ""best_gpu"": 0, ""current_r"": 0.023213343790275797, ""best_r"": 0.0, ""absolute_delta"": 0.023213343790275797, ""tau"": 0.00035, ""chosen_gpu"": 0}, {""model"": ""model_5"", ""current_gpu"": 0, ""best_gpu"": 0, ""current_r"": 0.016219166663958368, ""best_r"": 0.016219166663958368, ""absolute_delta"": 0.0, ""tau"": 0.00035, ""chosen_gpu"": 0}, {""model"": ""model_4"", ""current_gpu"": 0, ""best_gpu"": 1, ""current_r"": 0.030958730564467005, ""best_r"": 0.023213343790275797, ""absolute_delta"": 0.007745386774191208, ""tau"": 0.00035, ""chosen_gpu"": 1}]"
steady,4,1,36,1787603375.1787922,0.00035,0.032574211627723844,0.020653547624810833,0.032574211627723844,2+2,2+2,"{""model_3"": 1, ""model_4"": 0, ""model_5"": 0, ""model_6"": 1}","{""model_3"": 0, ""model_4"": 1, ""model_5"": 0, ""model_6"": 1}",2,"model_3,model_4",True,,migration cooldown active,2,0,,,,,,4,3,1,0.011491257313611749,"[{""model"": ""model_6"", ""current_gpu"": 1, ""best_gpu"": 0, ""current_r"": 0.0, ""best_r"": 0.0, ""absolute_delta"": 0.0, ""tau"": 0.00035, ""chosen_gpu"": 1}, {""model"": ""model_5"", ""current_gpu"": 0, ""best_gpu"": 0, ""current_r"": 0.0, ""best_r"": 0.0, ""absolute_delta"": 0.0, ""tau"": 0.00035, ""chosen_gpu"": 0}, {""model"": ""model_3"", ""current_gpu"": 1, ""best_gpu"": 0, ""current_r"": 0.01781529499382414, ""best_r"": 0.014669888807821234, ""absolute_delta"": 0.0031454061860029057, ""tau"": 0.00035, ""chosen_gpu"": 0}, {""model"": ""model_4"", ""current_gpu"": 0, ""best_gpu"": 1, ""current_r"": 0.02930655230743589, ""best_r"": 0.01781529499382414, ""absolute_delta"": 0.011491257313611749, ""tau"": 0.00035, ""chosen_gpu"": 1}]"
steady,4,1,37,1787603380.2380443,0.00035,0.03287691520835874,0.023776217092667702,0.03287691520835874,2+2,2+2,"{""model_3"": 1, ""model_4"": 0, ""model_5"": 0, ""model_6"": 1}","{""model_3"": 0, ""model_4"": 1, ""model_5"": 0, ""model_6"": 1}",2,"model_3,model_4",True,,migration cooldown active,2,0,,,,,,4,3,1,0.013662008759659908,"[{""model"": ""model_6"", ""current_gpu"": 1, ""best_gpu"": 0, ""current_r"": 0.0, ""best_r"": 0.0, ""absolute_delta"": 0.0, ""tau"": 0.00035, ""chosen_gpu"": 1}, {""model"": ""model_5"", ""current_gpu"": 0, ""best_gpu"": 0, ""current_r"": 0.0, ""best_r"": 0.0, ""absolute_delta"": 0.0, ""tau"": 0.00035, ""chosen_gpu"": 0}, {""model"": ""model_3"", ""current_gpu"": 1, ""best_gpu"": 0, ""current_r"": 0.01660799023013448, ""best_r"": 0.014042794615660516, ""absolute_delta"": 0.002565195614473964, ""tau"": 0.00035, ""chosen_gpu"": 0}, {""model"": ""model_4"", ""current_gpu"": 0, ""best_gpu"": 1, ""current_r"": 0.030269998989794388, ""best_r"": 0.01660799023013448, ""absolute_delta"": 0.013662008759659908, ""tau"": 0.00035, ""chosen_gpu"": 1}]"
steady,4,1,38,1787603385.2583058,0.00035,0.038953355019758704,0.029011488283276265,0.038953355019758704,2+2,2+2,"{""model_3"": 1, ""model_4"": 0, ""model_5"": 0, ""model_6"": 1}","{""model_3"": 1, ""model_4"": 0, ""model_5"": 0, ""model_6"": 1}",0,,False,,line-8 placement unchanged or every candidate blocked,0,0,,,,,,4,1,1,0.0,"[{""model"": ""model_3"", ""current_gpu"": 1, ""best_gpu"": 0, ""current_r"": 0.0, ""best_r"": 0.0, ""absolute_delta"": 0.0, ""tau"": 0.00035, ""chosen_gpu"": 1}, {""model"": ""model_5"", ""current_gpu"": 0, ""best_gpu"": 0, ""current_r"": 0.0, ""best_r"": 0.0, ""absolute_delta"": 0.0, ""tau"": 0.00035, ""chosen_gpu"": 0}, {""model"": ""model_6"", ""current_gpu"": 1, ""best_gpu"": 1, ""current_r"": 0.020096119952949847, ""best_r"": 0.020096119952949847, ""absolute_delta"": 0.0, ""tau"": 0.00035, ""chosen_gpu"": 1}, {""model"": ""model_4"", ""current_gpu"": 0, ""best_gpu"": 0, ""current_r"": 0.02048453954919712, ""best_r"": 0.02048453954919712, ""absolute_delta"": 0.0, ""tau"": 0.00035, ""chosen_gpu"": 0}]"
steady,4,1,39,1787603390.2927706,0.00035,0.0416308572307773,0.033749868430153825,0.0416308572307773,2+2,2+2,"{""model_3"": 1, ""model_4"": 0, ""model_5"": 0, ""model_6"": 1}","{""model_3"": 1, ""model_4"": 0, ""model_5"": 0, ""model_6"": 1}",0,,False,,line-8 placement unchanged or every candidate blocked,0,0,,,,,,4,1,1,0.0,"[{""model"": ""model_3"", ""current_gpu"": 1, ""best_gpu"": 0, ""current_r"": 0.0, ""best_r"": 0.0, ""absolute_delta"": 0.0, ""tau"": 0.00035, ""chosen_gpu"": 1}, {""model"": ""model_5"", ""current_gpu"": 0, ""best_gpu"": 0, ""current_r"": 0.0, ""best_r"": 0.0, ""absolute_delta"": 0.0, ""tau"": 0.00035, ""chosen_gpu"": 0}, {""model"": ""model_6"", ""current_gpu"": 1, ""best_gpu"": 1, ""current_r"": 0.022179257384846482, ""best_r"": 0.022179257384846482, ""absolute_delta"": 0.0, ""tau"": 0.00035, ""chosen_gpu"": 1}, {""model"": ""model_4"", ""current_gpu"": 0, ""best_gpu"": 0, ""current_r"": 0.02327156593453866, ""best_r"": 0.02327156593453866, ""absolute_delta"": 0.0, ""tau"": 0.00035, ""chosen_gpu"": 0}]"
steady,4,1,40,1787603395.3112738,0.00035,0.04101610441499434,0.027661060741942602,0.04101610441499434,2+2,2+2,"{""model_3"": 1, ""model_4"": 0, ""model_5"": 0, ""model_6"": 1}","{""model_3"": 1, ""model_4"": 1, ""model_5"": 0, ""model_6"": 0}",2,"model_6,model_4",False,MIGRATE,literal line-8 absolute delta exceeds tau,2,0,,model_4,0,1,0.052314458832983,4,3,1,0.021831623924347465,"[{""model"": ""model_3"", ""current_gpu"": 1, ""best_gpu"": 0, ""current_r"": 0.0, ""best_r"": 0.0, ""absolute_delta"": 0.0, ""tau"": 0.00035, ""chosen_gpu"": 1}, {""model"": ""model_5"", ""current_gpu"": 0, ""best_gpu"": 0, ""current_r"": 0.0, ""best_r"": 0.0, ""absolute_delta"": 0.0, ""tau"": 0.00035, ""chosen_gpu"": 0}, {""model"": ""model_6"", ""current_gpu"": 1, ""best_gpu"": 0, ""current_r"": 0.020969681741562548, ""best_r"": 0.019520933821868657, ""absolute_delta"": 0.0014487479196938907, ""tau"": 0.00035, ""chosen_gpu"": 0}, {""model"": ""model_4"", ""current_gpu"": 0, ""best_gpu"": 1, ""current_r"": 0.04280130566591001, ""best_r"": 0.020969681741562548, ""absolute_delta"": 0.021831623924347465, ""tau"": 0.00035, ""chosen_gpu"": 1}]"
steady,4,1,41,1787603400.3406725,0.00035,0.05682133191840567,0.023931127944915545,0.05682133191840567,1+3,2+2,"{""model_3"": 1, ""model_4"": 1, ""model_5"": 0, ""model_6"": 1}","{""model_3"": 1, ""model_4"": 1, ""model_5"": 0, ""model_6"": 0}",1,model_6,True,,migration cooldown active,1,0,,,,,,4,2,1,0.002603608281626306,"[{""model"": ""model_3"", ""current_gpu"": 1, ""best_gpu"": 0, ""current_r"": 0.0, ""best_r"": 0.0, ""absolute_delta"": 0.0, ""tau"": 0.00035, ""chosen_gpu"": 1}, {""model"": ""model_5"", ""current_gpu"": 0, ""best_gpu"": 0, ""current_r"": 0.0, ""best_r"": 0.0, ""absolute_delta"": 0.0, ""tau"": 0.00035, ""chosen_gpu"": 0}, {""model"": ""model_6"", ""current_gpu"": 1, ""best_gpu"": 0, ""current_r"": 0.02653473622654185, ""best_r"": 0.023931127944915545, ""absolute_delta"": 0.002603608281626306, ""tau"": 0.00035, ""chosen_gpu"": 0}, {""model"": ""model_4"", ""current_gpu"": 1, ""best_gpu"": 1, ""current_r"": 0.02653473622654185, ""best_r"": 0.02653473622654185, ""absolute_delta"": 0.0, ""tau"": 0.00035, ""chosen_gpu"": 1}]"
steady,4,1,42,1787603405.3602257,0.00035,0.06920560027314568,0.01848928315520785,0.06920560027314568,1+3,2+2,"{""model_3"": 1, ""model_4"": 1, ""model_5"": 0, ""model_6"": 1}","{""model_3"": 1, ""model_4"": 1, ""model_5"": 0, ""model_6"": 0}",1,model_6,True,,migration cooldown active,1,0,,,,,,4,2,1,0.028837695167734993,"[{""model"": ""model_3"", ""current_gpu"": 1, ""best_gpu"": 0, ""current_r"": 0.0, ""best_r"": 0.0, ""absolute_delta"": 0.0, ""tau"": 0.00035, ""chosen_gpu"": 1}, {""model"": ""model_6"", ""current_gpu"": 1, ""best_gpu"": 0, ""current_r"": 0.028837695167734993, ""best_r"": 0.0, ""absolute_delta"": 0.028837695167734993, ""tau"": 0.00035, ""chosen_gpu"": 0}, {""model"": ""model_5"", ""current_gpu"": 0, ""best_gpu"": 0, ""current_r"": 0.019457011211825505, ""best_r"": 0.019457011211825505, ""absolute_delta"": 0.0, ""tau"": 0.00035, ""chosen_gpu"": 0}, {""model"": ""model_4"", ""current_gpu"": 1, ""best_gpu"": 1, ""current_r"": 0.028837695167734993, ""best_r"": 0.028837695167734993, ""absolute_delta"": 0.0, ""tau"": 0.00035, ""chosen_gpu"": 1}]"
steady,4,1,43,1787603410.3798978,0.00035,0.06814778857963483,0.013363491393684073,0.06814778857963483,1+3,2+2,"{""model_3"": 1, ""model_4"": 1, ""model_5"": 0, ""model_6"": 1}","{""model_3"": 1, ""model_4"": 1, ""model_5"": 0, ""model_6"": 0}",1,model_6,True,,migration cooldown active,1,0,,,,,,4,2,1,0.02643653917452294,"[{""model"": ""model_3"", ""current_gpu"": 1, ""best_gpu"": 0, ""current_r"": 0.0, ""best_r"": 0.0, ""absolute_delta"": 0.0, ""tau"": 0.00035, ""chosen_gpu"": 1}, {""model"": ""model_6"", ""current_gpu"": 1, ""best_gpu"": 0, ""current_r"": 0.02643653917452294, ""best_r"": 0.0, ""absolute_delta"": 0.02643653917452294, ""tau"": 0.00035, ""chosen_gpu"": 0}, {""model"": ""model_5"", ""current_gpu"": 0, ""best_gpu"": 0, ""current_r"": 0.020554653089352948, ""best_r"": 0.020554653089352948, ""absolute_delta"": 0.0, ""tau"": 0.00035, ""chosen_gpu"": 0}, {""model"": ""model_4"", ""current_gpu"": 1, ""best_gpu"": 1, ""current_r"": 0.02643653917452294, ""best_r"": 0.02643653917452294, ""absolute_delta"": 0.0, ""tau"": 0.00035, ""chosen_gpu"": 1}]"
steady,4,1,44,1787603415.3965034,0.00035,0.05763806563288293,0.018606336881737573,0.05763806563288293,1+3,2+2,"{""model_3"": 1, ""model_4"": 1, ""model_5"": 0, ""model_6"": 1}","{""model_3"": 1, ""model_4"": 0, ""model_5"": 1, ""model_6"": 0}",3,"model_6,model_5,model_4",True,,migration cooldown active,3,1,last active model on source gpu,,,,,4,4,1,0.023655462935034358,"[{""model"": ""model_3"", ""current_gpu"": 1, ""best_gpu"": 0, ""current_r"": 0.0, ""best_r"": 0.0, ""absolute_delta"": 0.0, ""tau"": 0.00035, ""chosen_gpu"": 1}, {""model"": ""model_6"", ""current_gpu"": 1, ""best_gpu"": 0, ""current_r"": 0.019468397325960434, ""best_r"": 0.0, ""absolute_delta"": 0.019468397325960434, ""tau"": 0.00035, ""chosen_gpu"": 0}, {""model"": ""model_5"", ""current_gpu"": 0, ""best_gpu"": 1, ""current_r"": 0.021385494736799952, ""best_r"": 0.019468397325960434, ""absolute_delta"": 0.0019170974108395182, ""tau"": 0.00035, ""chosen_gpu"": 1}, {""model"": ""model_4"", ""current_gpu"": 1, ""best_gpu"": 0, ""current_r"": 0.04504095767183431, ""best_r"": 0.021385494736799952, ""absolute_delta"": 0.023655462935034358, ""tau"": 0.00035, ""chosen_gpu"": 0}]"
steady,4,1,45,1787603420.4350948,0.00035,0.052096731106961475,0.017241524643091217,0.052096731106961475,1+3,2+2,"{""model_3"": 1, ""model_4"": 1, ""model_5"": 0, ""model_6"": 1}","{""model_3"": 1, ""model_4"": 1, ""model_5"": 0, ""model_6"": 0}",1,model_6,True,,migration cooldown active,1,0,,,,,,4,2,1,0.0008547748557020882,"[{""model"": ""model_3"", ""current_gpu"": 1, ""best_gpu"": 0, ""current_r"": 0.0, ""best_r"": 0.0, ""absolute_delta"": 0.0, ""tau"": 0.00035, ""chosen_gpu"": 1}, {""model"": ""model_5"", ""current_gpu"": 0, ""best_gpu"": 0, ""current_r"": 0.0, ""best_r"": 0.0, ""absolute_delta"": 0.0, ""tau"": 0.00035, ""chosen_gpu"": 0}, {""model"": ""model_6"", ""current_gpu"": 1, ""best_gpu"": 0, ""current_r"": 0.018096299498793305, ""best_r"": 0.017241524643091217, ""absolute_delta"": 0.0008547748557020882, ""tau"": 0.00035, ""chosen_gpu"": 0}, {""model"": ""model_4"", ""current_gpu"": 1, ""best_gpu"": 1, ""current_r"": 0.018096299498793305, ""best_r"": 0.018096299498793305, ""absolute_delta"": 0.0, ""tau"": 0.00035, ""chosen_gpu"": 1}]"
steady,4,1,46,1787603425.4557378,0.00035,0.05448194033054335,0.021714662683017805,0.05448194033054335,1+3,2+2,"{""model_3"": 1, ""model_4"": 1, ""model_5"": 0, ""model_6"": 1}","{""model_3"": 1, ""model_4"": 0, ""model_5"": 0, ""model_6"": 1}",1,model_4,False,MIGRATE,literal line-8 absolute delta exceeds tau,1,0,,model_4,1,0,0.04147143011977401,4,1,0,0.019756767436756202,"[{""model"": ""model_5"", ""current_gpu"": 0, ""best_gpu"": 0, ""current_r"": 0.0, ""best_r"": 0.0, ""absolute_delta"": 0.0, ""tau"": 0.00035, ""chosen_gpu"": 0}, {""model"": ""model_3"", ""current_gpu"": 1, ""best_gpu"": 1, ""current_r"": 0.0, ""best_r"": 0.0, ""absolute_delta"": 0.0, ""tau"": 0.00035, ""chosen_gpu"": 1}, {""model"": ""model_6"", ""current_gpu"": 1, ""best_gpu"": 1, ""current_r"": 0.018670681383985404, ""best_r"": 0.018670681383985404, ""absolute_delta"": 0.0, ""tau"": 0.00035, ""chosen_gpu"": 1}, {""model"": ""model_4"", ""current_gpu"": 1, ""best_gpu"": 0, ""current_r"": 0.04147143011977401, ""best_r"": 0.021714662683017805, ""absolute_delta"": 0.019756767436756202, ""tau"": 0.00035, ""chosen_gpu"": 0}]"
steady,4,1,47,1787603430.473414,0.00035,0.04165826823517464,0.027405600416504323,0.04165826823517464,2+2,2+2,"{""model_3"": 1, ""model_4"": 0, ""model_5"": 0, ""model_6"": 1}","{""model_3"": 1, ""model_4"": 1, ""model_5"": 0, ""model_6"": 0}",2,"model_6,model_4",True,,migration cooldown active,2,0,,,,,,4,3,1,0.021961404545809454,"[{""model"": ""model_3"", ""current_gpu"": 1, ""best_gpu"": 0, ""current_r"": 0.0, ""best_r"": 0.0, ""absolute_delta"": 0.0, ""tau"": 0.00035, ""chosen_gpu"": 1}, {""model"": ""model_6"", ""current_gpu"": 1, ""best_gpu"": 0, ""current_r"": 0.018950205885168426, ""best_r"": 0.0, ""absolute_delta"": 0.018950205885168426, ""tau"": 0.00035, ""chosen_gpu"": 0}, {""model"": ""model_5"", ""current_gpu"": 0, ""best_gpu"": 0, ""current_r"": 0.01644456218120073, ""best_r"": 0.01644456218120073, ""absolute_delta"": 0.0, ""tau"": 0.00035, ""chosen_gpu"": 0}, {""model"": ""model_4"", ""current_gpu"": 0, ""best_gpu"": 1, ""current_r"": 0.04091161043097788, ""best_r"": 0.018950205885168426, ""absolute_delta"": 0.021961404545809454, ""tau"": 0.00035, ""chosen_gpu"": 1}]"
steady,4,1,48,1787603435.4908073,0.00035,0.04850556622077257,0.021736024286819457,0.04850556622077257,2+2,2+2,"{""model_3"": 1, ""model_4"": 0, ""model_5"": 0, ""model_6"": 1}","{""model_3"": 1, ""model_4"": 1, ""model_5"": 0, ""model_6"": 0}",2,"model_6,model_4",True,,migration cooldown active,2,0,,,,,,4,3,1,0.021929617365965104,"[{""model"": ""model_3"", ""current_gpu"": 1, ""best_gpu"": 0, ""current_r"": 0.0, ""best_r"": 0.0, ""absolute_delta"": 0.0, ""tau"": 0.00035, ""chosen_gpu"": 1}, {""model"": ""model_6"", ""current_gpu"": 1, ""best_gpu"": 0, ""current_r"": 0.02173717471178109, ""best_r"": 0.0, ""absolute_delta"": 0.02173717471178109, ""tau"": 0.00035, ""chosen_gpu"": 0}, {""model"": ""model_5"", ""current_gpu"": 0, ""best_gpu"": 0, ""current_r"": 0.019517170519137865, ""best_r"": 0.019517170519137865, ""absolute_delta"": 0.0, ""tau"": 0.00035, ""chosen_gpu"": 0}, {""model"": ""model_4"", ""current_gpu"": 0, ""best_gpu"": 1, ""current_r"": 0.043666792077746194, ""best_r"": 0.02173717471178109, ""absolute_delta"": 0.021929617365965104, ""tau"": 0.00035, ""chosen_gpu"": 1}]"
steady,4,1,49,1787603440.513467,0.00035,0.0374467277577423,0.023055917750197233,0.0374467277577423,2+2,2+2,"{""model_3"": 1, ""model_4"": 0, ""model_5"": 0, ""model_6"": 1}","{""model_3"": 1, ""model_4"": 0, ""model_5"": 1, ""model_6"": 0}",2,"model_6,model_5",True,,migration cooldown active,2,0,,,,,,4,3,1,0.015176683726057787,"[{""model"": ""model_3"", ""current_gpu"": 1, ""best_gpu"": 0, ""current_r"": 0.0, ""best_r"": 0.0, ""absolute_delta"": 0.0, ""tau"": 0.00035, ""chosen_gpu"": 1}, {""model"": ""model_6"", ""current_gpu"": 1, ""best_gpu"": 0, ""current_r"": 0.015176683726057787, ""best_r"": 0.0, ""absolute_delta"": 0.015176683726057787, ""tau"": 0.00035, ""chosen_gpu"": 0}, {""model"": ""model_5"", ""current_gpu"": 0, ""best_gpu"": 1, ""current_r"": 0.01687662378902673, ""best_r"": 0.015176683726057787, ""absolute_delta"": 0.001699940062968943, ""tau"": 0.00035, ""chosen_gpu"": 1}, {""model"": ""model_4"", ""current_gpu"": 0, ""best_gpu"": 0, ""current_r"": 0.01687662378902673, ""best_r"": 0.01687662378902673, ""absolute_delta"": 0.0, ""tau"": 0.00035, ""chosen_gpu"": 0}]"
steady,4,1,50,1787603445.5807798,0.00035,0.0284662650090394,0.025737224004427604,0.0284662650090394,2+2,2+2,"{""model_3"": 1, ""model_4"": 0, ""model_5"": 0, ""model_6"": 1}","{""model_3"": 1, ""model_4"": 0, ""model_5"": 0, ""model_6"": 1}",0,,True,,migration cooldown active,0,0,,,,,,4,0,0,0.0,"[{""model"": ""model_5"", ""current_gpu"": 0, ""best_gpu"": 0, ""current_r"": 0.0, ""best_r"": 0.0, ""absolute_delta"": 0.0, ""tau"": 0.00035, ""chosen_gpu"": 0}, {""model"": ""model_3"", ""current_gpu"": 1, ""best_gpu"": 1, ""current_r"": 0.0, ""best_r"": 0.0, ""absolute_delta"": 0.0, ""tau"": 0.00035, ""chosen_gpu"": 1}, {""model"": ""model_6"", ""current_gpu"": 1, ""best_gpu"": 1, ""current_r"": 0.012532504764880364, ""best_r"": 0.012532504764880364, ""absolute_delta"": 0.0, ""tau"": 0.00035, ""chosen_gpu"": 1}, {""model"": ""model_4"", ""current_gpu"": 0, ""best_gpu"": 0, ""current_r"": 0.019147196860882912, ""best_r"": 0.019147196860882912, ""absolute_delta"": 0.0, ""tau"": 0.00035, ""chosen_gpu"": 0}]"
steady,4,1,51,1787603450.6077144,0.00035,0.027353850731953594,0.026376801643946398,0.027353850731953594,2+2,2+2,"{""model_3"": 1, ""model_4"": 0, ""model_5"": 0, ""model_6"": 1}","{""model_3"": 1, ""model_4"": 0, ""model_5"": 0, ""model_6"": 1}",0,,True,,migration cooldown active,0,0,,,,,,4,0,0,0.0,"[{""model"": ""model_5"", ""current_gpu"": 0, ""best_gpu"": 0, ""current_r"": 0.0, ""best_r"": 0.0, ""absolute_delta"": 0.0, ""tau"": 0.00035, ""chosen_gpu"": 0}, {""model"": ""model_6"", ""current_gpu"": 1, ""best_gpu"": 1, ""current_r"": 0.0, ""best_r"": 0.0, ""absolute_delta"": 0.0, ""tau"": 0.00035, ""chosen_gpu"": 1}, {""model"": ""model_3"", ""current_gpu"": 1, ""best_gpu"": 1, ""current_r"": 0.012749039974228311, ""best_r"": 0.012749039974228311, ""absolute_delta"": 0.0, ""tau"": 0.00035, ""chosen_gpu"": 1}, {""model"": ""model_4"", ""current_gpu"": 0, ""best_gpu"": 0, ""current_r"": 0.019368621243234796, ""best_r"": 0.019368621243234796, ""absolute_delta"": 0.0, ""tau"": 0.00035, ""chosen_gpu"": 0}]"
steady,4,1,52,1787603455.6383948,0.00035,0.03379605794563042,0.025833345592714746,0.03379605794563042,2+2,2+2,"{""model_3"": 1, ""model_4"": 0, ""model_5"": 0, ""model_6"": 1}","{""model_3"": 1, ""model_4"": 0, ""model_5"": 0, ""model_6"": 1}",0,,False,,line-8 placement unchanged or every candidate blocked,0,0,,,,,,4,0,0,0.0,"[{""model"": ""model_5"", ""current_gpu"": 0, ""best_gpu"": 0, ""current_r"": 0.0, ""best_r"": 0.0, ""absolute_delta"": 0.0, ""tau"": 0.00035, ""chosen_gpu"": 0}, {""model"": ""model_6"", ""current_gpu"": 1, ""best_gpu"": 1, ""current_r"": 0.0, ""best_r"": 0.0, ""absolute_delta"": 0.0, ""tau"": 0.00035, ""chosen_gpu"": 1}, {""model"": ""model_3"", ""current_gpu"": 1, ""best_gpu"": 1, ""current_r"": 0.016801079833441843, ""best_r"": 0.016801079833441843, ""absolute_delta"": 0.0, ""tau"": 0.00035, ""chosen_gpu"": 1}, {""model"": ""model_4"", ""current_gpu"": 0, ""best_gpu"": 0, ""current_r"": 0.019233912276185018, ""best_r"": 0.019233912276185018, ""absolute_delta"": 0.0, ""tau"": 0.00035, ""chosen_gpu"": 0}]"
steady,4,1,53,1787603460.6840959,0.00035,0.02737341608545837,0.02580103812354108,0.02737341608545837,2+2,2+2,"{""model_3"": 1, ""model_4"": 0, ""model_5"": 0, ""model_6"": 1}","{""model_3"": 1, ""model_4"": 0, ""model_5"": 0, ""model_6"": 1}",0,,False,,line-8 placement unchanged or every candidate blocked,0,0,,,,,,4,0,0,0.0,"[{""model"": ""model_5"", ""current_gpu"": 0, ""best_gpu"": 0, ""current_r"": 0.0, ""best_r"": 0.0, ""absolute_delta"": 0.0, ""tau"": 0.00035, ""chosen_gpu"": 0}, {""model"": ""model_3"", ""current_gpu"": 1, ""best_gpu"": 1, ""current_r"": 0.0, ""best_r"": 0.0, ""absolute_delta"": 0.0, ""tau"": 0.00035, ""chosen_gpu"": 1}, {""model"": ""model_6"", ""current_gpu"": 1, ""best_gpu"": 1, ""current_r"": 0.011850127454252775, ""best_r"": 0.011850127454252775, ""absolute_delta"": 0.0, ""tau"": 0.00035, ""chosen_gpu"": 1}, {""model"": ""model_4"", ""current_gpu"": 0, ""best_gpu"": 0, ""current_r"": 0.0189195485434187, ""best_r"": 0.0189195485434187, ""absolute_delta"": 0.0, ""tau"": 0.00035, ""chosen_gpu"": 0}]"
steady,4,1,54,1787603465.7068465,0.00035,0.03134143114688393,0.022231650863526093,0.03134143114688393,2+2,2+2,"{""model_3"": 1, ""model_4"": 0, ""model_5"": 0, ""model_6"": 1}","{""model_3"": 1, ""model_4"": 0, ""model_5"": 0, ""model_6"": 1}",0,,False,,line-8 placement unchanged or every candidate blocked,0,0,,,,,,4,1,1,0.0,"[{""model"": ""model_3"", ""current_gpu"": 1, ""best_gpu"": 0, ""current_r"": 0.0, ""best_r"": 0.0, ""absolute_delta"": 0.0, ""tau"": 0.00035, ""chosen_gpu"": 1}, {""model"": ""model_5"", ""current_gpu"": 0, ""best_gpu"": 0, ""current_r"": 0.0, ""best_r"": 0.0, ""absolute_delta"": 0.0, ""tau"": 0.00035, ""chosen_gpu"": 0}, {""model"": ""model_6"", ""current_gpu"": 1, ""best_gpu"": 1, ""current_r"": 0.014549533205056288, ""best_r"": 0.014549533205056288, ""absolute_delta"": 0.0, ""tau"": 0.00035, ""chosen_gpu"": 1}, {""model"": ""model_4"", ""current_gpu"": 0, ""best_gpu"": 0, ""current_r"": 0.0149315116505504, ""best_r"": 0.0149315116505504, ""absolute_delta"": 0.0, ""tau"": 0.00035, ""chosen_gpu"": 0}]"
steady,4,1,55,1787603470.7288315,0.00035,0.04624994205428208,0.027173114898247617,0.04624994205428208,2+2,2+2,"{""model_3"": 1, ""model_4"": 0, ""model_5"": 0, ""model_6"": 1}","{""model_3"": 1, ""model_4"": 1, ""model_5"": 0, ""model_6"": 0}",2,"model_6,model_4",False,MIGRATE,literal line-8 absolute delta exceeds tau,2,0,,model_6,1,0,0.05550234345222524,4,3,1,0.017037088129121112,"[{""model"": ""model_3"", ""current_gpu"": 1, ""best_gpu"": 0, ""current_r"": 0.0, ""best_r"": 0.0, ""absolute_delta"": 0.0, ""tau"": 0.00035, ""chosen_gpu"": 1}, {""model"": ""model_5"", ""current_gpu"": 0, ""best_gpu"": 0, ""current_r"": 0.0, ""best_r"": 0.0, ""absolute_delta"": 0.0, ""tau"": 0.00035, ""chosen_gpu"": 0}, {""model"": ""model_6"", ""current_gpu"": 1, ""best_gpu"": 0, ""current_r"": 0.025493614430938578, ""best_r"": 0.019665179004615518, ""absolute_delta"": 0.00582843542632306, ""tau"": 0.00035, ""chosen_gpu"": 0}, {""model"": ""model_4"", ""current_gpu"": 0, ""best_gpu"": 1, ""current_r"": 0.04253070256005969, ""best_r"": 0.025493614430938578, ""absolute_delta"": 0.017037088129121112, ""tau"": 0.00035, ""chosen_gpu"": 1}]"
steady,4,1,56,1787603475.7613578,0.00035,0.042280257342331436,0.042280257342331436,0.019068115894704158,1+3,2+2,"{""model_3"": 1, ""model_4"": 0, ""model_5"": 0, ""model_6"": 0}","{""model_3"": 1, ""model_4"": 1, ""model_5"": 0, ""model_6"": 0}",1,model_4,True,,migration cooldown active,1,0,,,,,,4,2,1,0.011410383064588976,"[{""model"": ""model_3"", ""current_gpu"": 1, ""best_gpu"": 0, ""current_r"": 0.0, ""best_r"": 0.0, ""absolute_delta"": 0.0, ""tau"": 0.00035, ""chosen_gpu"": 1}, {""model"": ""model_5"", ""current_gpu"": 0, ""best_gpu"": 0, ""current_r"": 0.0, ""best_r"": 0.0, ""absolute_delta"": 0.0, ""tau"": 0.00035, ""chosen_gpu"": 0}, {""model"": ""model_6"", ""current_gpu"": 0, ""best_gpu"": 0, ""current_r"": 0.017188020505144022, ""best_r"": 0.017188020505144022, ""absolute_delta"": 0.0, ""tau"": 0.00035, ""chosen_gpu"": 0}, {""model"": ""model_4"", ""current_gpu"": 0, ""best_gpu"": 1, ""current_r"": 0.030478498959293134, ""best_r"": 0.019068115894704158, ""absolute_delta"": 0.011410383064588976, ""tau"": 0.00035, ""chosen_gpu"": 1}]"
steady,4,1,57,1787603480.783781,0.00035,0.05068252820143386,0.05068252820143386,0.022644679429695024,1+3,2+2,"{""model_3"": 1, ""model_4"": 0, ""model_5"": 0, ""model_6"": 0}","{""model_3"": 1, ""model_4"": 1, ""model_5"": 0, ""model_6"": 0}",1,model_4,True,,migration cooldown active,1,0,,,,,,4,2,1,0.015932048669376524,"[{""model"": ""model_3"", ""current_gpu"": 1, ""best_gpu"": 0, ""current_r"": 0.0, ""best_r"": 0.0, ""absolute_delta"": 0.0, ""tau"": 0.00035, ""chosen_gpu"": 1}, {""model"": ""model_6"", ""current_gpu"": 0, ""best_gpu"": 0, ""current_r"": 0.0, ""best_r"": 0.0, ""absolute_delta"": 0.0, ""tau"": 0.00035, ""chosen_gpu"": 0}, {""model"": ""model_5"", ""current_gpu"": 0, ""best_gpu"": 0, ""current_r"": 0.014853024305092348, ""best_r"": 0.014853024305092348, ""absolute_delta"": 0.0, ""tau"": 0.00035, ""chosen_gpu"": 0}, {""model"": ""model_4"", ""current_gpu"": 0, ""best_gpu"": 1, ""current_r"": 0.03857672809907155, ""best_r"": 0.022644679429695024, ""absolute_delta"": 0.015932048669376524, ""tau"": 0.00035, ""chosen_gpu"": 1}]"
steady,4,1,58,1787603485.80815,0.00035,0.048116073636973844,0.048116073636973844,0.019953911752593003,1+3,2+2,"{""model_3"": 1, ""model_4"": 0, ""model_5"": 0, ""model_6"": 0}","{""model_3"": 1, ""model_4"": 1, ""model_5"": 0, ""model_6"": 0}",1,model_4,True,,migration cooldown active,1,0,,,,,,4,2,1,0.01503227703992702,"[{""model"": ""model_3"", ""current_gpu"": 1, ""best_gpu"": 0, ""current_r"": 0.0, ""best_r"": 0.0, ""absolute_delta"": 0.0, ""tau"": 0.00035, ""chosen_gpu"": 1}, {""model"": ""model_6"", ""current_gpu"": 0, ""best_gpu"": 0, ""current_r"": 0.0, ""best_r"": 0.0, ""absolute_delta"": 0.0, ""tau"": 0.00035, ""chosen_gpu"": 0}, {""model"": ""model_5"", ""current_gpu"": 0, ""best_gpu"": 0, ""current_r"": 0.015954863736568275, ""best_r"": 0.015954863736568275, ""absolute_delta"": 0.0, ""tau"": 0.00035, ""chosen_gpu"": 0}, {""model"": ""model_4"", ""current_gpu"": 0, ""best_gpu"": 1, ""current_r"": 0.03498618879252002, ""best_r"": 0.019953911752593003, ""absolute_delta"": 0.01503227703992702, ""tau"": 0.00035, ""chosen_gpu"": 1}]"
steady,4,1,59,1787603490.8314028,0.00035,0.05364222152609719,0.05364222152609719,0.028751837487676943,1+3,2+2,"{""model_3"": 1, ""model_4"": 0, ""model_5"": 0, ""model_6"": 0}","{""model_3"": 1, ""model_4"": 1, ""model_5"": 0, ""model_6"": 0}",1,model_4,True,,migration cooldown active,1,0,,,,,,4,2,1,0.011233739980239861,"[{""model"": ""model_3"", ""current_gpu"": 1, ""best_gpu"": 0, ""current_r"": 0.0, ""best_r"": 0.0, ""absolute_delta"": 0.0, ""tau"": 0.00035, ""chosen_gpu"": 1}, {""model"": ""model_6"", ""current_gpu"": 0, ""best_gpu"": 0, ""current_r"": 0.0, ""best_r"": 0.0, ""absolute_delta"": 0.0, ""tau"": 0.00035, ""chosen_gpu"": 0}, {""model"": ""model_5"", ""current_gpu"": 0, ""best_gpu"": 0, ""current_r"": 0.017684725929984213, ""best_r"": 0.017684725929984213, ""absolute_delta"": 0.0, ""tau"": 0.00035, ""chosen_gpu"": 0}, {""model"": ""model_4"", ""current_gpu"": 0, ""best_gpu"": 1, ""current_r"": 0.039985577467916804, ""best_r"": 0.028751837487676943, ""absolute_delta"": 0.011233739980239861, ""tau"": 0.00035, ""chosen_gpu"": 1}]"
steady,4,1,60,1787603495.8722138,0.00035,0.04743480425396213,0.04743480425396213,0.027529334085632948,1+3,2+2,"{""model_3"": 1, ""model_4"": 0, ""model_5"": 0, ""model_6"": 0}","{""model_3"": 1, ""model_4"": 1, ""model_5"": 0, ""model_6"": 0}",1,model_4,True,,migration cooldown active,1,0,,,,,,4,2,1,0.00711462970861923,"[{""model"": ""model_3"", ""current_gpu"": 1, ""best_gpu"": 0, ""current_r"": 0.0, ""best_r"": 0.0, ""absolute_delta"": 0.0, ""tau"": 0.00035, ""chosen_gpu"": 1}, {""model"": ""model_5"", ""current_gpu"": 0, ""best_gpu"": 0, ""current_r"": 0.0, ""best_r"": 0.0, ""absolute_delta"": 0.0, ""tau"": 0.00035, ""chosen_gpu"": 0}, {""model"": ""model_6"", ""current_gpu"": 0, ""best_gpu"": 0, ""current_r"": 0.013519133360328825, ""best_r"": 0.013519133360328825, ""absolute_delta"": 0.0, ""tau"": 0.00035, ""chosen_gpu"": 0}, {""model"": ""model_4"", ""current_gpu"": 0, ""best_gpu"": 1, ""current_r"": 0.03464396379425218, ""best_r"": 0.027529334085632948, ""absolute_delta"": 0.00711462970861923, ""tau"": 0.00035, ""chosen_gpu"": 1}]"
steady,4,1,61,1787603500.9082882,0.00035,0.04869807496518674,0.04869807496518674,0.02512298741453692,1+3,2+2,"{""model_3"": 1, ""model_4"": 0, ""model_5"": 0, ""model_6"": 0}","{""model_3"": 1, ""model_4"": 1, ""model_5"": 0, ""model_6"": 0}",1,model_4,False,MIGRATE,literal line-8 absolute delta exceeds tau,1,0,,model_4,0,1,0.03610468783261471,4,2,1,0.010981700418077788,"[{""model"": ""model_3"", ""current_gpu"": 1, ""best_gpu"": 0, ""current_r"": 0.0, ""best_r"": 0.0, ""absolute_delta"": 0.0, ""tau"": 0.00035, ""chosen_gpu"": 1}, {""model"": ""model_5"", ""current_gpu"": 0, ""best_gpu"": 0, ""current_r"": 0.0, ""best_r"": 0.0, ""absolute_delta"": 0.0, ""tau"": 0.00035, ""chosen_gpu"": 0}, {""model"": ""model_6"", ""current_gpu"": 0, ""best_gpu"": 0, ""current_r"": 0.014531129709664881, ""best_r"": 0.014531129709664881, ""absolute_delta"": 0.0, ""tau"": 0.00035, ""chosen_gpu"": 0}, {""model"": ""model_4"", ""current_gpu"": 0, ""best_gpu"": 1, ""current_r"": 0.03610468783261471, ""best_r"": 0.02512298741453692, ""absolute_delta"": 0.010981700418077788, ""tau"": 0.00035, ""chosen_gpu"": 1}]"
steady,4,1,62,1787603505.9524248,0.00035,0.03732232046341263,0.03732232046341263,0.0339272838116095,2+2,2+2,"{""model_3"": 1, ""model_4"": 1, ""model_5"": 0, ""model_6"": 0}","{""model_3"": 1, ""model_4"": 1, ""model_5"": 0, ""model_6"": 0}",0,,True,,migration cooldown active,0,0,,,,,,4,1,1,0.0,"[{""model"": ""model_3"", ""current_gpu"": 1, ""best_gpu"": 0, ""current_r"": 0.0, ""best_r"": 0.0, ""absolute_delta"": 0.0, ""tau"": 0.00035, ""chosen_gpu"": 1}, {""model"": ""model_6"", ""current_gpu"": 0, ""best_gpu"": 0, ""current_r"": 0.0, ""best_r"": 0.0, ""absolute_delta"": 0.0, ""tau"": 0.00035, ""chosen_gpu"": 0}, {""model"": ""model_5"", ""current_gpu"": 0, ""best_gpu"": 0, ""current_r"": 0.014874602758374579, ""best_r"": 0.014874602758374579, ""absolute_delta"": 0.0, ""tau"": 0.00035, ""chosen_gpu"": 0}, {""model"": ""model_4"", ""current_gpu"": 1, ""best_gpu"": 1, ""current_r"": 0.024407130818728914, ""best_r"": 0.024407130818728914, ""absolute_delta"": 0.0, ""tau"": 0.00035, ""chosen_gpu"": 1}]"
steady,4,1,63,1787603510.9811792,0.00035,0.04008444952340072,0.04008444952340072,0.039658832775735293,2+2,2+2,"{""model_3"": 1, ""model_4"": 1, ""model_5"": 0, ""model_6"": 0}","{""model_3"": 1, ""model_4"": 1, ""model_5"": 0, ""model_6"": 0}",0,,True,,migration cooldown active,0,0,,,,,,4,1,1,0.0,"[{""model"": ""model_3"", ""current_gpu"": 1, ""best_gpu"": 0, ""current_r"": 0.0, ""best_r"": 0.0, ""absolute_delta"": 0.0, ""tau"": 0.00035, ""chosen_gpu"": 1}, {""model"": ""model_6"", ""current_gpu"": 0, ""best_gpu"": 0, ""current_r"": 0.0, ""best_r"": 0.0, ""absolute_delta"": 0.0, ""tau"": 0.00035, ""chosen_gpu"": 0}, {""model"": ""model_5"", ""current_gpu"": 0, ""best_gpu"": 0, ""current_r"": 0.016366510533545924, ""best_r"": 0.016366510533545924, ""absolute_delta"": 0.0, ""tau"": 0.00035, ""chosen_gpu"": 0}, {""model"": ""model_4"", ""current_gpu"": 1, ""best_gpu"": 1, ""current_r"": 0.028763913199559517, ""best_r"": 0.028763913199559517, ""absolute_delta"": 0.0, ""tau"": 0.00035, ""chosen_gpu"": 1}]"
steady,4,1,64,1787603516.0069337,0.00035,0.04902310978124832,0.04264523752311892,0.04902310978124832,2+2,2+2,"{""model_3"": 1, ""model_4"": 1, ""model_5"": 0, ""model_6"": 0}","{""model_3"": 1, ""model_4"": 1, ""model_5"": 0, ""model_6"": 0}",0,,True,,migration cooldown active,0,0,,,,,,4,1,1,0.0,"[{""model"": ""model_3"", ""current_gpu"": 1, ""best_gpu"": 0, ""current_r"": 0.0, ""best_r"": 0.0, ""absolute_delta"": 0.0, ""tau"": 0.00035, ""chosen_gpu"": 1}, {""model"": ""model_6"", ""current_gpu"": 0, ""best_gpu"": 0, ""current_r"": 0.0, ""best_r"": 0.0, ""absolute_delta"": 0.0, ""tau"": 0.00035, ""chosen_gpu"": 0}, {""model"": ""model_5"", ""current_gpu"": 0, ""best_gpu"": 0, ""current_r"": 0.019046702062811897, ""best_r"": 0.019046702062811897, ""absolute_delta"": 0.0, ""tau"": 0.00035, ""chosen_gpu"": 0}, {""model"": ""model_4"", ""current_gpu"": 1, ""best_gpu"": 1, ""current_r"": 0.03939276605746773, ""best_r"": 0.03939276605746773, ""absolute_delta"": 0.0, ""tau"": 0.00035, ""chosen_gpu"": 1}]"
steady,4,1,65,1787603521.0322392,0.00035,0.044154092822795324,0.044154092822795324,0.03178071905274354,2+2,2+2,"{""model_3"": 1, ""model_4"": 1, ""model_5"": 0, ""model_6"": 0}","{""model_3"": 1, ""model_4"": 1, ""model_5"": 0, ""model_6"": 0}",0,,True,,migration cooldown active,0,0,,,,,,4,1,1,0.0,"[{""model"": ""model_3"", ""current_gpu"": 1, ""best_gpu"": 0, ""current_r"": 0.0, ""best_r"": 0.0, ""absolute_delta"": 0.0, ""tau"": 0.00035, ""chosen_gpu"": 1}, {""model"": ""model_5"", ""current_gpu"": 0, ""best_gpu"": 0, ""current_r"": 0.0, ""best_r"": 0.0, ""absolute_delta"": 0.0, ""tau"": 0.00035, ""chosen_gpu"": 0}, {""model"": ""model_6"", ""current_gpu"": 0, ""best_gpu"": 0, ""current_r"": 0.018163348536174823, ""best_r"": 0.018163348536174823, ""absolute_delta"": 0.0, ""tau"": 0.00035, ""chosen_gpu"": 0}, {""model"": ""model_4"", ""current_gpu"": 1, ""best_gpu"": 1, ""current_r"": 0.023724505283868096, ""best_r"": 0.023724505283868096, ""absolute_delta"": 0.0, ""tau"": 0.00035, ""chosen_gpu"": 1}]"
steady,4,1,66,1787603526.0578744,0.00035,0.04647397686421437,0.04647397686421437,0.04004592864792091,2+2,2+2,"{""model_3"": 1, ""model_4"": 1, ""model_5"": 0, ""model_6"": 0}","{""model_3"": 1, ""model_4"": 1, ""model_5"": 0, ""model_6"": 0}",0,,True,,migration cooldown active,0,0,,,,,,4,1,1,0.0,"[{""model"": ""model_3"", ""current_gpu"": 1, ""best_gpu"": 0, ""current_r"": 0.0, ""best_r"": 0.0, ""absolute_delta"": 0.0, ""tau"": 0.00035, ""chosen_gpu"": 1}, {""model"": ""model_5"", ""current_gpu"": 0, ""best_gpu"": 0, ""current_r"": 0.0, ""best_r"": 0.0, ""absolute_delta"": 0.0, ""tau"": 0.00035, ""chosen_gpu"": 0}, {""model"": ""model_6"", ""current_gpu"": 0, ""best_gpu"": 0, ""current_r"": 0.021818142874632906, ""best_r"": 0.021818142874632906, ""absolute_delta"": 0.0, ""tau"": 0.00035, ""chosen_gpu"": 0}, {""model"": ""model_4"", ""current_gpu"": 1, ""best_gpu"": 1, ""current_r"": 0.030470471342516212, ""best_r"": 0.030470471342516212, ""absolute_delta"": 0.0, ""tau"": 0.00035, ""chosen_gpu"": 1}]"
steady,4,1,67,1787603531.1099863,0.00035,0.03971682366588916,0.03971682366588916,0.03542960331926988,2+2,2+2,"{""model_3"": 1, ""model_4"": 1, ""model_5"": 0, ""model_6"": 0}","{""model_3"": 1, ""model_4"": 1, ""model_5"": 0, ""model_6"": 0}",0,,False,,line-8 placement unchanged or every candidate blocked,0,0,,,,,,4,1,1,0.0,"[{""model"": ""model_3"", ""current_gpu"": 1, ""best_gpu"": 0, ""current_r"": 0.0, ""best_r"": 0.0, ""absolute_delta"": 0.0, ""tau"": 0.00035, ""chosen_gpu"": 1}, {""model"": ""model_6"", ""current_gpu"": 0, ""best_gpu"": 0, ""current_r"": 0.0, ""best_r"": 0.0, ""absolute_delta"": 0.0, ""tau"": 0.00035, ""chosen_gpu"": 0}, {""model"": ""model_5"", ""current_gpu"": 0, ""best_gpu"": 0, ""current_r"": 0.015519812101715828, ""best_r"": 0.015519812101715828, ""absolute_delta"": 0.0, ""tau"": 0.00035, ""chosen_gpu"": 0}, {""model"": ""model_4"", ""current_gpu"": 1, ""best_gpu"": 1, ""current_r"": 0.02571320778713043, ""best_r"": 0.02571320778713043, ""absolute_delta"": 0.0, ""tau"": 0.00035, ""chosen_gpu"": 1}]"
steady,4,1,68,1787603536.1466427,0.00035,0.048473341077848064,0.048473341077848064,0.027227142412339617,2+2,2+2,"{""model_3"": 1, ""model_4"": 1, ""model_5"": 0, ""model_6"": 0}","{""model_3"": 1, ""model_4"": 1, ""model_5"": 0, ""model_6"": 0}",0,,False,,line-8 placement unchanged or every candidate blocked,0,0,,,,,,4,1,1,0.0,"[{""model"": ""model_3"", ""current_gpu"": 1, ""best_gpu"": 0, ""current_r"": 0.0, ""best_r"": 0.0, ""absolute_delta"": 0.0, ""tau"": 0.00035, ""chosen_gpu"": 1}, {""model"": ""model_6"", ""current_gpu"": 0, ""best_gpu"": 0, ""current_r"": 0.0, ""best_r"": 0.0, ""absolute_delta"": 0.0, ""tau"": 0.00035, ""chosen_gpu"": 0}, {""model"": ""model_5"", ""current_gpu"": 0, ""best_gpu"": 0, ""current_r"": 0.019480217228008866, ""best_r"": 0.019480217228008866, ""absolute_delta"": 0.0, ""tau"": 0.00035, ""chosen_gpu"": 0}, {""model"": ""model_4"", ""current_gpu"": 1, ""best_gpu"": 1, ""current_r"": 0.02067920803568996, ""best_r"": 0.02067920803568996, ""absolute_delta"": 0.0, ""tau"": 0.00035, ""chosen_gpu"": 1}]"
steady,4,1,69,1787603541.1786804,0.00035,0.04508079208403086,0.04508079208403086,0.025390790002056095,2+2,2+2,"{""model_3"": 1, ""model_4"": 1, ""model_5"": 0, ""model_6"": 0}","{""model_3"": 1, ""model_4"": 1, ""model_5"": 0, ""model_6"": 0}",0,,False,,line-8 placement unchanged or every candidate blocked,0,0,,,,,,4,1,1,0.0,"[{""model"": ""model_3"", ""current_gpu"": 1, ""best_gpu"": 0, ""current_r"": 0.0, ""best_r"": 0.0, ""absolute_delta"": 0.0, ""tau"": 0.00035, ""chosen_gpu"": 1}, {""model"": ""model_5"", ""current_gpu"": 0, ""best_gpu"": 0, ""current_r"": 0.0, ""best_r"": 0.0, ""absolute_delta"": 0.0, ""tau"": 0.00035, ""chosen_gpu"": 0}, {""model"": ""model_6"", ""current_gpu"": 0, ""best_gpu"": 0, ""current_r"": 0.01808172860376929, ""best_r"": 0.01808172860376929, ""absolute_delta"": 0.0, ""tau"": 0.00035, ""chosen_gpu"": 0}, {""model"": ""model_4"", ""current_gpu"": 1, ""best_gpu"": 1, ""current_r"": 0.02085662591451049, ""best_r"": 0.02085662591451049, ""absolute_delta"": 0.0, ""tau"": 0.00035, ""chosen_gpu"": 1}]"
steady,4,1,70,1787603546.2297113,0.00035,0.053437092526844227,0.053437092526844227,0.018378150825024687,2+2,2+2,"{""model_3"": 1, ""model_4"": 1, ""model_5"": 0, ""model_6"": 0}","{""model_3"": 1, ""model_4"": 0, ""model_5"": 0, ""model_6"": 1}",2,"model_6,model_4",False,MIGRATE,literal line-8 absolute delta exceeds tau,2,0,,model_6,0,1,0.0432435462576338,4,2,0,0.025045680766968628,"[{""model"": ""model_5"", ""current_gpu"": 0, ""best_gpu"": 0, ""current_r"": 0.0, ""best_r"": 0.0, ""absolute_delta"": 0.0, ""tau"": 0.00035, ""chosen_gpu"": 0}, {""model"": ""model_6"", ""current_gpu"": 0, ""best_gpu"": 1, ""current_r"": 0.025045680766968628, ""best_r"": 0.0, ""absolute_delta"": 0.025045680766968628, ""tau"": 0.00035, ""chosen_gpu"": 1}, {""model"": ""model_3"", ""current_gpu"": 1, ""best_gpu"": 1, ""current_r"": 0.016294767869446974, ""best_r"": 0.016294767869446974, ""absolute_delta"": 0.0, ""tau"": 0.00035, ""chosen_gpu"": 1}, {""model"": ""model_4"", ""current_gpu"": 1, ""best_gpu"": 0, ""current_r"": 0.035014641178475414, ""best_r"": 0.025045680766968628, ""absolute_delta"": 0.009968960411506786, ""tau"": 0.00035, ""chosen_gpu"": 0}]"
steady,4,1,71,1787603551.254492,0.00035,0.04025867225117807,0.027315463752614132,0.04025867225117807,1+3,2+2,"{""model_3"": 1, ""model_4"": 1, ""model_5"": 0, ""model_6"": 1}","{""model_3"": 1, ""model_4"": 0, ""model_5"": 0, ""model_6"": 1}",1,model_4,True,,migration cooldown active,1,0,,,,,,4,1,0,0.005822465921130244,"[{""model"": ""model_5"", ""current_gpu"": 0, ""best_gpu"": 0, ""current_r"": 0.0, ""best_r"": 0.0, ""absolute_delta"": 0.0, ""tau"": 0.00035, ""chosen_gpu"": 0}, {""model"": ""model_3"", ""current_gpu"": 1, ""best_gpu"": 1, ""current_r"": 0.0, ""best_r"": 0.0, ""absolute_delta"": 0.0, ""tau"": 0.00035, ""chosen_gpu"": 1}, {""model"": ""model_6"", ""current_gpu"": 1, ""best_gpu"": 1, ""current_r"": 0.014904395162659467, ""best_r"": 0.014904395162659467, ""absolute_delta"": 0.0, ""tau"": 0.00035, ""chosen_gpu"": 1}, {""model"": ""model_4"", ""current_gpu"": 1, ""best_gpu"": 0, ""current_r"": 0.033137929673744376, ""best_r"": 0.027315463752614132, ""absolute_delta"": 0.005822465921130244, ""tau"": 0.00035, ""chosen_gpu"": 0}]"
steady,4,1,72,1787603556.282717,0.00035,0.04876551537593212,0.021633355979504974,0.04876551537593212,1+3,2+2,"{""model_3"": 1, ""model_4"": 1, ""model_5"": 0, ""model_6"": 1}","{""model_3"": 1, ""model_4"": 0, ""model_5"": 0, ""model_6"": 1}",1,model_4,True,,migration cooldown active,1,0,,,,,,4,1,0,0.018135741201926067,"[{""model"": ""model_5"", ""current_gpu"": 0, ""best_gpu"": 0, ""current_r"": 0.0, ""best_r"": 0.0, ""absolute_delta"": 0.0, ""tau"": 0.00035, ""chosen_gpu"": 0}, {""model"": ""model_3"", ""current_gpu"": 1, ""best_gpu"": 1, ""current_r"": 0.0, ""best_r"": 0.0, ""absolute_delta"": 0.0, ""tau"": 0.00035, ""chosen_gpu"": 1}, {""model"": ""model_6"", ""current_gpu"": 1, ""best_gpu"": 1, ""current_r"": 0.01771597296033305, ""best_r"": 0.01771597296033305, ""absolute_delta"": 0.0, ""tau"": 0.00035, ""chosen_gpu"": 1}, {""model"": ""model_4"", ""current_gpu"": 1, ""best_gpu"": 0, ""current_r"": 0.03976909718143104, ""best_r"": 0.021633355979504974, ""absolute_delta"": 0.018135741201926067, ""tau"": 0.00035, ""chosen_gpu"": 0}]"
steady,4,1,73,1787603561.3267968,0.00035,0.053334747245513875,0.027592831773949826,0.053334747245513875,1+3,2+2,"{""model_3"": 1, ""model_4"": 1, ""model_5"": 0, ""model_6"": 1}","{""model_3"": 1, ""model_4"": 0, ""model_5"": 0, ""model_6"": 1}",1,model_4,True,,migration cooldown active,1,0,,,,,,4,1,0,0.015277423331261676,"[{""model"": ""model_5"", ""current_gpu"": 0, ""best_gpu"": 0, ""current_r"": 0.0, ""best_r"": 0.0, ""absolute_delta"": 0.0, ""tau"": 0.00035, ""chosen_gpu"": 0}, {""model"": ""model_3"", ""current_gpu"": 1, ""best_gpu"": 1, ""current_r"": 0.0, ""best_r"": 0.0, ""absolute_delta"": 0.0, ""tau"": 0.00035, ""chosen_gpu"": 1}, {""model"": ""model_6"", ""current_gpu"": 1, ""best_gpu"": 1, ""current_r"": 0.019570288790190144, ""best_r"": 0.019570288790190144, ""absolute_delta"": 0.0, ""tau"": 0.00035, ""chosen_gpu"": 1}, {""model"": ""model_4"", ""current_gpu"": 1, ""best_gpu"": 0, ""current_r"": 0.0428702551052115, ""best_r"": 0.027592831773949826, ""absolute_delta"": 0.015277423331261676, ""tau"": 0.00035, ""chosen_gpu"": 0}]"
steady,4,1,74,1787603566.3547447,0.00035,0.051382355995035586,0.026985351477238254,0.051382355995035586,1+3,2+2,"{""model_3"": 1, ""model_4"": 1, ""model_5"": 0, ""model_6"": 1}","{""model_3"": 1, ""model_4"": 0, ""model_5"": 0, ""model_6"": 1}",1,model_4,True,,migration cooldown active,1,0,,,,,,4,1,0,0.013054598093736991,"[{""model"": ""model_5"", ""current_gpu"": 0, ""best_gpu"": 0, ""current_r"": 0.0, ""best_r"": 0.0, ""absolute_delta"": 0.0, ""tau"": 0.00035, ""chosen_gpu"": 0}, {""model"": ""model_3"", ""current_gpu"": 1, ""best_gpu"": 1, ""current_r"": 0.0, ""best_r"": 0.0, ""absolute_delta"": 0.0, ""tau"": 0.00035, ""chosen_gpu"": 1}, {""model"": ""model_6"", ""current_gpu"": 1, ""best_gpu"": 1, ""current_r"": 0.018167628981506555, ""best_r"": 0.018167628981506555, ""absolute_delta"": 0.0, ""tau"": 0.00035, ""chosen_gpu"": 1}, {""model"": ""model_4"", ""current_gpu"": 1, ""best_gpu"": 0, ""current_r"": 0.040039949570975245, ""best_r"": 0.026985351477238254, ""absolute_delta"": 0.013054598093736991, ""tau"": 0.00035, ""chosen_gpu"": 0}]"
steady,4,1,75,1787603571.4120412,0.00035,0.05505963502454906,0.033161913384453824,0.05505963502454906,1+3,2+2,"{""model_3"": 1, ""model_4"": 1, ""model_5"": 0, ""model_6"": 1}","{""model_3"": 1, ""model_4"": 0, ""model_5"": 0, ""model_6"": 1}",1,model_4,True,,migration cooldown active,1,0,,,,,,4,1,0,0.010689393155685734,"[{""model"": ""model_5"", ""current_gpu"": 0, ""best_gpu"": 0, ""current_r"": 0.0, ""best_r"": 0.0, ""absolute_delta"": 0.0, ""tau"": 0.00035, ""chosen_gpu"": 0}, {""model"": ""model_3"", ""current_gpu"": 1, ""best_gpu"": 1, ""current_r"": 0.0, ""best_r"": 0.0, ""absolute_delta"": 0.0, ""tau"": 0.00035, ""chosen_gpu"": 1}, {""model"": ""model_6"", ""current_gpu"": 1, ""best_gpu"": 1, ""current_r"": 0.018464747097700594, ""best_r"": 0.018464747097700594, ""absolute_delta"": 0.0, ""tau"": 0.00035, ""chosen_gpu"": 1}, {""model"": ""model_4"", ""current_gpu"": 1, ""best_gpu"": 0, ""current_r"": 0.04385130654013956, ""best_r"": 0.033161913384453824, ""absolute_delta"": 0.010689393155685734, ""tau"": 0.00035, ""chosen_gpu"": 0}]"
steady,4,1,76,1787603576.436427,0.00035,0.059731866089068435,0.02785029298512644,0.059731866089068435,1+3,2+2,"{""model_3"": 1, ""model_4"": 1, ""model_5"": 0, ""model_6"": 1}","{""model_3"": 1, ""model_4"": 0, ""model_5"": 0, ""model_6"": 1}",1,model_4,False,MIGRATE,literal line-8 absolute delta exceeds tau,1,0,,model_4,1,0,0.047447640583877175,4,1,0,0.019597347598750734,"[{""model"": ""model_5"", ""current_gpu"": 0, ""best_gpu"": 0, ""current_r"": 0.0, ""best_r"": 0.0, ""absolute_delta"": 0.0, ""tau"": 0.00035, ""chosen_gpu"": 0}, {""model"": ""model_3"", ""current_gpu"": 1, ""best_gpu"": 1, ""current_r"": 0.0, ""best_r"": 0.0, ""absolute_delta"": 0.0, ""tau"": 0.00035, ""chosen_gpu"": 1}, {""model"": ""model_6"", ""current_gpu"": 1, ""best_gpu"": 1, ""current_r"": 0.023613248468490337, ""best_r"": 0.023613248468490337, ""absolute_delta"": 0.0, ""tau"": 0.00035, ""chosen_gpu"": 1}, {""model"": ""model_4"", ""current_gpu"": 1, ""best_gpu"": 0, ""current_r"": 0.047447640583877175, ""best_r"": 0.02785029298512644, ""absolute_delta"": 0.019597347598750734, ""tau"": 0.00035, ""chosen_gpu"": 0}]"
steady,4,1,77,1787603581.4630136,0.00035,0.0627438442730883,0.030320578812624146,0.0627438442730883,2+2,2+2,"{""model_3"": 1, ""model_4"": 0, ""model_5"": 0, ""model_6"": 1}","{""model_3"": 1, ""model_4"": 1, ""model_5"": 0, ""model_6"": 0}",2,"model_6,model_4",True,,migration cooldown active,2,0,,,,,,4,3,1,0.01786136787850716,"[{""model"": ""model_3"", ""current_gpu"": 1, ""best_gpu"": 0, ""current_r"": 0.0, ""best_r"": 0.0, ""absolute_delta"": 0.0, ""tau"": 0.00035, ""chosen_gpu"": 1}, {""model"": ""model_5"", ""current_gpu"": 0, ""best_gpu"": 0, ""current_r"": 0.0, ""best_r"": 0.0, ""absolute_delta"": 0.0, ""tau"": 0.00035, ""chosen_gpu"": 0}, {""model"": ""model_6"", ""current_gpu"": 1, ""best_gpu"": 0, ""current_r"": 0.03329144917058665, ""best_r"": 0.020112864461060462, ""absolute_delta"": 0.013178584709526188, ""tau"": 0.00035, ""chosen_gpu"": 0}, {""model"": ""model_4"", ""current_gpu"": 0, ""best_gpu"": 1, ""current_r"": 0.05115281704909381, ""best_r"": 0.03329144917058665, ""absolute_delta"": 0.01786136787850716, ""tau"": 0.00035, ""chosen_gpu"": 1}]"
steady,4,1,78,1787603586.4929228,0.00035,0.05943644969331948,0.022978877976581175,0.05943644969331948,2+2,2+2,"{""model_3"": 1, ""model_4"": 0, ""model_5"": 0, ""model_6"": 1}","{""model_3"": 1, ""model_4"": 1, ""model_5"": 0, ""model_6"": 0}",2,"model_6,model_4",True,,migration cooldown active,2,0,,,,,,4,3,1,0.02962561588398726,"[{""model"": ""model_3"", ""current_gpu"": 1, ""best_gpu"": 0, ""current_r"": 0.0, ""best_r"": 0.0, ""absolute_delta"": 0.0, ""tau"": 0.00035, ""chosen_gpu"": 1}, {""model"": ""model_6"", ""current_gpu"": 1, ""best_gpu"": 0, ""current_r"": 0.02962561588398726, ""best_r"": 0.0, ""absolute_delta"": 0.02962561588398726, ""tau"": 0.00035, ""chosen_gpu"": 0}, {""model"": ""model_5"", ""current_gpu"": 0, ""best_gpu"": 0, ""current_r"": 0.020544316395492698, ""best_r"": 0.020544316395492698, ""absolute_delta"": 0.0, ""tau"": 0.00035, ""chosen_gpu"": 0}, {""model"": ""model_4"", ""current_gpu"": 0, ""best_gpu"": 1, ""current_r"": 0.0473031057393869, ""best_r"": 0.02962561588398726, ""absolute_delta"": 0.017677489855399638, ""tau"": 0.00035, ""chosen_gpu"": 1}]"
steady,4,1,79,1787603591.5729952,0.00035,0.046001930214512356,0.023837000913946537,0.046001930214512356,2+2,2+2,"{""model_3"": 1, ""model_4"": 0, ""model_5"": 0, ""model_6"": 1}","{""model_3"": 1, ""model_4"": 1, ""model_5"": 0, ""model_6"": 0}",2,"model_6,model_4",True,,migration cooldown active,2,0,,,,,,4,3,1,0.011489049244705837,"[{""model"": ""model_3"", ""current_gpu"": 1, ""best_gpu"": 0, ""current_r"": 0.0, ""best_r"": 0.0, ""absolute_delta"": 0.0, ""tau"": 0.00035, ""chosen_gpu"": 1}, {""model"": ""model_5"", ""current_gpu"": 0, ""best_gpu"": 0, ""current_r"": 0.0, ""best_r"": 0.0, ""absolute_delta"": 0.0, ""tau"": 0.00035, ""chosen_gpu"": 0}, {""model"": ""model_6"", ""current_gpu"": 1, ""best_gpu"": 0, ""current_r"": 0.027715833320656236, ""best_r"": 0.0162267840759504, ""absolute_delta"": 0.011489049244705837, ""tau"": 0.00035, ""chosen_gpu"": 0}, {""model"": ""model_4"", ""current_gpu"": 0, ""best_gpu"": 1, ""current_r"": 0.034551744496192235, ""best_r"": 0.027715833320656236, ""absolute_delta"": 0.006835911175535999, ""tau"": 0.00035, ""chosen_gpu"": 1}]"
steady,4,1,80,1787603596.9533658,0.00035,0.055675464373321326,0.028156434368945858,0.055675464373321326,2+2,2+2,"{""model_3"": 1, ""model_4"": 0, ""model_5"": 0, ""model_6"": 1}","{""model_3"": 1, ""model_4"": 1, ""model_5"": 0, ""model_6"": 0}",2,"model_6,model_4",True,,migration cooldown active,2,0,,,,,,4,3,1,0.01270960588304407,"[{""model"": ""model_3"", ""current_gpu"": 1, ""best_gpu"": 0, ""current_r"": 0.0, ""best_r"": 0.0, ""absolute_delta"": 0.0, ""tau"": 0.00035, ""chosen_gpu"": 1}, {""model"": ""model_5"", ""current_gpu"": 0, ""best_gpu"": 0, ""current_r"": 0.0, ""best_r"": 0.0, ""absolute_delta"": 0.0, ""tau"": 0.00035, ""chosen_gpu"": 0}, {""model"": ""model_6"", ""current_gpu"": 1, ""best_gpu"": 0, ""current_r"": 0.033734215334440154, ""best_r"": 0.021024609451396083, ""absolute_delta"": 0.01270960588304407, ""tau"": 0.00035, ""chosen_gpu"": 0}, {""model"": ""model_4"", ""current_gpu"": 0, ""best_gpu"": 1, ""current_r"": 0.04332055128237092, ""best_r"": 0.033734215334440154, ""absolute_delta"": 0.009586335947930763, ""tau"": 0.00035, ""chosen_gpu"": 1}]"
steady,4,1,81,1787603601.995946,0.00035,0.06009202506911422,0.026788023680367506,0.06009202506911422,2+2,2+2,"{""model_3"": 1, ""model_4"": 0, ""model_5"": 0, ""model_6"": 1}","{""model_3"": 1, ""model_4"": 1, ""model_5"": 0, ""model_6"": 0}",2,"model_6,model_4",True,,migration cooldown active,2,0,,,,,,4,3,1,0.015087333380977595,"[{""model"": ""model_3"", ""current_gpu"": 1, ""best_gpu"": 0, ""current_r"": 0.0, ""best_r"": 0.0, ""absolute_delta"": 0.0, ""tau"": 0.00035, ""chosen_gpu"": 1}, {""model"": ""model_5"", ""current_gpu"": 0, ""best_gpu"": 0, ""current_r"": 0.0, ""best_r"": 0.0, ""absolute_delta"": 0.0, ""tau"": 0.00035, ""chosen_gpu"": 0}, {""model"": ""model_6"", ""current_gpu"": 1, ""best_gpu"": 0, ""current_r"": 0.035248013473751616, ""best_r"": 0.02016068009277402, ""absolute_delta"": 0.015087333380977595, ""tau"": 0.00035, ""chosen_gpu"": 0}, {""model"": ""model_4"", ""current_gpu"": 0, ""best_gpu"": 1, ""current_r"": 0.04520695330329807, ""best_r"": 0.035248013473751616, ""absolute_delta"": 0.009958939829546452, ""tau"": 0.00035, ""chosen_gpu"": 1}]"
steady,4,1,82,1787603607.0243137,0.00035,0.06823738303962804,0.02609170460119741,0.06823738303962804,2+2,2+2,"{""model_3"": 1, ""model_4"": 0, ""model_5"": 0, ""model_6"": 1}","{""model_3"": 1, ""model_4"": 1, ""model_5"": 0, ""model_6"": 0}",2,"model_6,model_4",False,MIGRATE,literal line-8 absolute delta exceeds tau,2,0,,model_6,1,0,0.058890309174691104,4,3,1,0.02210052065541767,"[{""model"": ""model_3"", ""current_gpu"": 1, ""best_gpu"": 0, ""current_r"": 0.0, ""best_r"": 0.0, ""absolute_delta"": 0.0, ""tau"": 0.00035, ""chosen_gpu"": 1}, {""model"": ""model_5"", ""current_gpu"": 0, ""best_gpu"": 0, ""current_r"": 0.0, ""best_r"": 0.0, ""absolute_delta"": 0.0, ""tau"": 0.00035, ""chosen_gpu"": 0}, {""model"": ""model_6"", ""current_gpu"": 1, ""best_gpu"": 0, ""current_r"": 0.04029501777349891, ""best_r"": 0.018194497118081243, ""absolute_delta"": 0.02210052065541767, ""tau"": 0.00035, ""chosen_gpu"": 0}, {""model"": ""model_4"", ""current_gpu"": 0, ""best_gpu"": 1, ""current_r"": 0.04489509562155746, ""best_r"": 0.04029501777349891, ""absolute_delta"": 0.004600077848058548, ""tau"": 0.00035, ""chosen_gpu"": 1}]"
steady,4,1,83,1787603612.072402,0.00035,0.049649196237605005,0.049649196237605005,0.040122139760622406,1+3,1+3,"{""model_3"": 1, ""model_4"": 0, ""model_5"": 0, ""model_6"": 0}","{""model_3"": 1, ""model_4"": 0, ""model_5"": 0, ""model_6"": 0}",0,,True,,migration cooldown active,0,0,,,,,,4,1,1,0.0,"[{""model"": ""model_3"", ""current_gpu"": 1, ""best_gpu"": 0, ""current_r"": 0.0, ""best_r"": 0.0, ""absolute_delta"": 0.0, ""tau"": 0.00035, ""chosen_gpu"": 1}, {""model"": ""model_5"", ""current_gpu"": 0, ""best_gpu"": 0, ""current_r"": 0.0, ""best_r"": 0.0, ""absolute_delta"": 0.0, ""tau"": 0.00035, ""chosen_gpu"": 0}, {""model"": ""model_6"", ""current_gpu"": 0, ""best_gpu"": 0, ""current_r"": 0.020057254114758758, ""best_r"": 0.020057254114758758, ""absolute_delta"": 0.0, ""tau"": 0.00035, ""chosen_gpu"": 0}, {""model"": ""model_4"", ""current_gpu"": 0, ""best_gpu"": 0, ""current_r"": 0.037327429353145654, ""best_r"": 0.037327429353145654, ""absolute_delta"": 0.0, ""tau"": 0.00035, ""chosen_gpu"": 0}]"
steady,4,1,84,1787603617.1257021,0.00035,0.057513677848664034,0.057513677848664034,0.023756595091795257,1+3,2+2,"{""model_3"": 1, ""model_4"": 0, ""model_5"": 0, ""model_6"": 0}","{""model_3"": 1, ""model_4"": 1, ""model_5"": 0, ""model_6"": 0}",1,model_4,True,,migration cooldown active,1,0,,,,,,4,2,1,0.021082282617202436,"[{""model"": ""model_3"", ""current_gpu"": 1, ""best_gpu"": 0, ""current_r"": 0.0, ""best_r"": 0.0, ""absolute_delta"": 0.0, ""tau"": 0.00035, ""chosen_gpu"": 1}, {""model"": ""model_5"", ""current_gpu"": 0, ""best_gpu"": 0, ""current_r"": 0.0, ""best_r"": 0.0, ""absolute_delta"": 0.0, ""tau"": 0.00035, ""chosen_gpu"": 0}, {""model"": ""model_6"", ""current_gpu"": 0, ""best_gpu"": 0, ""current_r"": 0.01991871360886335, ""best_r"": 0.01991871360886335, ""absolute_delta"": 0.0, ""tau"": 0.00035, ""chosen_gpu"": 0}, {""model"": ""model_4"", ""current_gpu"": 0, ""best_gpu"": 1, ""current_r"": 0.04483887770899769, ""best_r"": 0.023756595091795257, ""absolute_delta"": 0.021082282617202436, ""tau"": 0.00035, ""chosen_gpu"": 1}]"
steady,4,1,85,1787603622.161382,0.00035,0.059614593877755154,0.059614593877755154,0.01811172798347226,1+3,2+2,"{""model_3"": 1, ""model_4"": 0, ""model_5"": 0, ""model_6"": 0}","{""model_3"": 1, ""model_4"": 0, ""model_5"": 0, ""model_6"": 1}",1,model_6,True,,migration cooldown active,1,0,,,,,,4,1,0,0.0027158834346429836,"[{""model"": ""model_5"", ""current_gpu"": 0, ""best_gpu"": 0, ""current_r"": 0.0, ""best_r"": 0.0, ""absolute_delta"": 0.0, ""tau"": 0.00035, ""chosen_gpu"": 0}, {""model"": ""model_3"", ""current_gpu"": 1, ""best_gpu"": 1, ""current_r"": 0.0, ""best_r"": 0.0, ""absolute_delta"": 0.0, ""tau"": 0.00035, ""chosen_gpu"": 1}, {""model"": ""model_6"", ""current_gpu"": 0, ""best_gpu"": 1, ""current_r"": 0.020827611418115243, ""best_r"": 0.01811172798347226, ""absolute_delta"": 0.0027158834346429836, ""tau"": 0.00035, ""chosen_gpu"": 1}, {""model"": ""model_4"", ""current_gpu"": 0, ""best_gpu"": 0, ""current_r"": 0.020827611418115243, ""best_r"": 0.020827611418115243, ""absolute_delta"": 0.0, ""tau"": 0.00035, ""chosen_gpu"": 0}]"
steady,4,1,86,1787603627.1914315,0.00035,0.047224833401761354,0.047224833401761354,0.011355036362387314,1+3,2+2,"{""model_3"": 1, ""model_4"": 0, ""model_5"": 0, ""model_6"": 0}","{""model_3"": 1, ""model_4"": 0, ""model_5"": 0, ""model_6"": 1}",1,model_6,True,,migration cooldown active,1,0,,,,,,4,1,0,0.016136989448151087,"[{""model"": ""model_5"", ""current_gpu"": 0, ""best_gpu"": 0, ""current_r"": 0.0, ""best_r"": 0.0, ""absolute_delta"": 0.0, ""tau"": 0.00035, ""chosen_gpu"": 0}, {""model"": ""model_6"", ""current_gpu"": 0, ""best_gpu"": 1, ""current_r"": 0.016136989448151087, ""best_r"": 0.0, ""absolute_delta"": 0.016136989448151087, ""tau"": 0.00035, ""chosen_gpu"": 1}, {""model"": ""model_3"", ""current_gpu"": 1, ""best_gpu"": 1, ""current_r"": 0.013339077109859654, ""best_r"": 0.013339077109859654, ""absolute_delta"": 0.0, ""tau"": 0.00035, ""chosen_gpu"": 1}, {""model"": ""model_4"", ""current_gpu"": 0, ""best_gpu"": 0, ""current_r"": 0.016136989448151087, ""best_r"": 0.016136989448151087, ""absolute_delta"": 0.0, ""tau"": 0.00035, ""chosen_gpu"": 0}]"
steady,4,1,87,1787603632.2218156,0.00035,0.027677958984847793,0.027677958984847793,0.010657582620301026,1+3,2+2,"{""model_3"": 1, ""model_4"": 0, ""model_5"": 0, ""model_6"": 0}","{""model_3"": 1, ""model_4"": 1, ""model_5"": 0, ""model_6"": 0}",1,model_4,True,,migration cooldown active,1,0,,,,,,4,2,1,0.011341613317927773,"[{""model"": ""model_3"", ""current_gpu"": 1, ""best_gpu"": 0, ""current_r"": 0.0, ""best_r"": 0.0, ""absolute_delta"": 0.0, ""tau"": 0.00035, ""chosen_gpu"": 1}, {""model"": ""model_6"", ""current_gpu"": 0, ""best_gpu"": 0, ""current_r"": 0.0, ""best_r"": 0.0, ""absolute_delta"": 0.0, ""tau"": 0.00035, ""chosen_gpu"": 0}, {""model"": ""model_5"", ""current_gpu"": 0, ""best_gpu"": 0, ""current_r"": 0.009286277988454935, ""best_r"": 0.009286277988454935, ""absolute_delta"": 0.0, ""tau"": 0.00035, ""chosen_gpu"": 0}, {""model"": ""model_4"", ""current_gpu"": 0, ""best_gpu"": 1, ""current_r"": 0.0219991959382288, ""best_r"": 0.010657582620301026, ""absolute_delta"": 0.011341613317927773, ""tau"": 0.00035, ""chosen_gpu"": 1}]"
steady,6,1,1,1787605546.923636,0.00035,0.0011072766122175773,0.0004897114957727801,0.0011072766122175773,2+2,1+3,"{""model_3"": 1, ""model_4"": 0, ""model_5"": 0, ""model_6"": 1}","{""model_3"": 1, ""model_4"": 0, ""model_5"": 0, ""model_6"": 0}",1,model_6,False,MIGRATE,literal line-8 absolute delta exceeds tau,1,0,,model_6,1,0,0.0009022751618624343,4,2,1,0.0003918778613481846,"[{""model"": ""model_3"", ""current_gpu"": 1, ""best_gpu"": 0, ""current_r"": 0.0, ""best_r"": 0.0, ""absolute_delta"": 0.0, ""tau"": 0.00035, ""chosen_gpu"": 1}, {""model"": ""model_5"", ""current_gpu"": 0, ""best_gpu"": 0, ""current_r"": 0.0, ""best_r"": 0.0, ""absolute_delta"": 0.0, ""tau"": 0.00035, ""chosen_gpu"": 0}, {""model"": ""model_6"", ""current_gpu"": 1, ""best_gpu"": 0, ""current_r"": 0.0007387503452361359, ""best_r"": 0.0003468724838879513, ""absolute_delta"": 0.0003918778613481846, ""tau"": 0.00035, ""chosen_gpu"": 0}, {""model"": ""model_4"", ""current_gpu"": 0, ""best_gpu"": 0, ""current_r"": 0.0006702758229385907, ""best_r"": 0.0006702758229385907, ""absolute_delta"": 0.0, ""tau"": 0.00035, ""chosen_gpu"": 0}]"
steady,6,1,2,1787605551.9357774,0.00035,0.011612644969767326,0.011612644969767326,0.0032460170380726326,1+3,2+2,"{""model_3"": 1, ""model_4"": 0, ""model_5"": 0, ""model_6"": 0}","{""model_3"": 1, ""model_4"": 0, ""model_5"": 0, ""model_6"": 1}",1,model_6,True,,migration cooldown active,1,0,,,,,,4,1,0,0.001111728729528552,"[{""model"": ""model_5"", ""current_gpu"": 0, ""best_gpu"": 0, ""current_r"": 0.0, ""best_r"": 0.0, ""absolute_delta"": 0.0, ""tau"": 0.00035, ""chosen_gpu"": 0}, {""model"": ""model_3"", ""current_gpu"": 1, ""best_gpu"": 1, ""current_r"": 0.0, ""best_r"": 0.0, ""absolute_delta"": 0.0, ""tau"": 0.00035, ""chosen_gpu"": 1}, {""model"": ""model_6"", ""current_gpu"": 0, ""best_gpu"": 1, ""current_r"": 0.0043577457676011845, ""best_r"": 0.0032460170380726326, ""absolute_delta"": 0.001111728729528552, ""tau"": 0.00035, ""chosen_gpu"": 1}, {""model"": ""model_4"", ""current_gpu"": 0, ""best_gpu"": 0, ""current_r"": 0.0043577457676011845, ""best_r"": 0.0043577457676011845, ""absolute_delta"": 0.0, ""tau"": 0.00035, ""chosen_gpu"": 0}]"
steady,6,1,3,1787605556.9664679,0.00035,0.045660689197704975,0.045660689197704975,0.014864307869460351,1+3,2+2,"{""model_3"": 1, ""model_4"": 0, ""model_5"": 0, ""model_6"": 0}","{""model_3"": 1, ""model_4"": 0, ""model_5"": 0, ""model_6"": 1}",1,model_6,True,,migration cooldown active,1,0,,,,,,4,1,0,0.003783180288205866,"[{""model"": ""model_5"", ""current_gpu"": 0, ""best_gpu"": 0, ""current_r"": 0.0, ""best_r"": 0.0, ""absolute_delta"": 0.0, ""tau"": 0.00035, ""chosen_gpu"": 0}, {""model"": ""model_3"", ""current_gpu"": 1, ""best_gpu"": 1, ""current_r"": 0.0, ""best_r"": 0.0, ""absolute_delta"": 0.0, ""tau"": 0.00035, ""chosen_gpu"": 1}, {""model"": ""model_6"", ""current_gpu"": 0, ""best_gpu"": 1, ""current_r"": 0.018647488157666217, ""best_r"": 0.014864307869460351, ""absolute_delta"": 0.003783180288205866, ""tau"": 0.00035, ""chosen_gpu"": 1}, {""model"": ""model_4"", ""current_gpu"": 0, ""best_gpu"": 0, ""current_r"": 0.018647488157666217, ""best_r"": 0.018647488157666217, ""absolute_delta"": 0.0, ""tau"": 0.00035, ""chosen_gpu"": 0}]"
steady,6,1,4,1787605561.9755101,0.00035,0.0573988624955409,0.0573988624955409,0.009191062414467623,1+3,2+2,"{""model_3"": 1, ""model_4"": 0, ""model_5"": 0, ""model_6"": 0}","{""model_3"": 1, ""model_4"": 0, ""model_5"": 0, ""model_6"": 1}",1,model_6,True,,migration cooldown active,1,0,,,,,,4,1,0,0.022358544570536418,"[{""model"": ""model_5"", ""current_gpu"": 0, ""best_gpu"": 0, ""current_r"": 0.0, ""best_r"": 0.0, ""absolute_delta"": 0.0, ""tau"": 0.00035, ""chosen_gpu"": 0}, {""model"": ""model_6"", ""current_gpu"": 0, ""best_gpu"": 1, ""current_r"": 0.022358544570536418, ""best_r"": 0.0, ""absolute_delta"": 0.022358544570536418, ""tau"": 0.00035, ""chosen_gpu"": 1}, {""model"": ""model_3"", ""current_gpu"": 1, ""best_gpu"": 1, ""current_r"": 0.013505261601247986, ""best_r"": 0.013505261601247986, ""absolute_delta"": 0.0, ""tau"": 0.00035, ""chosen_gpu"": 1}, {""model"": ""model_4"", ""current_gpu"": 0, ""best_gpu"": 0, ""current_r"": 0.022358544570536418, ""best_r"": 0.022358544570536418, ""absolute_delta"": 0.0, ""tau"": 0.00035, ""chosen_gpu"": 0}]"
steady,6,1,5,1787605567.004667,0.00035,0.07206069447376094,0.07206069447376094,0.015061841045586336,1+3,2+2,"{""model_3"": 1, ""model_4"": 0, ""model_5"": 0, ""model_6"": 0}","{""model_3"": 1, ""model_4"": 0, ""model_5"": 0, ""model_6"": 1}",1,model_6,True,,migration cooldown active,1,0,,,,,,4,1,0,0.012341902378343692,"[{""model"": ""model_5"", ""current_gpu"": 0, ""best_gpu"": 0, ""current_r"": 0.0, ""best_r"": 0.0, ""absolute_delta"": 0.0, ""tau"": 0.00035, ""chosen_gpu"": 0}, {""model"": ""model_3"", ""current_gpu"": 1, ""best_gpu"": 1, ""current_r"": 0.0, ""best_r"": 0.0, ""absolute_delta"": 0.0, ""tau"": 0.00035, ""chosen_gpu"": 1}, {""model"": ""model_6"", ""current_gpu"": 0, ""best_gpu"": 1, ""current_r"": 0.027403743423930028, ""best_r"": 0.015061841045586336, ""absolute_delta"": 0.012341902378343692, ""tau"": 0.00035, ""chosen_gpu"": 1}, {""model"": ""model_4"", ""current_gpu"": 0, ""best_gpu"": 0, ""current_r"": 0.027403743423930028, ""best_r"": 0.027403743423930028, ""absolute_delta"": 0.0, ""tau"": 0.00035, ""chosen_gpu"": 0}]"
steady,6,1,6,1787605572.011181,0.00035,0.08576436290357363,0.08576436290357363,0.028376059174797425,1+3,2+2,"{""model_3"": 1, ""model_4"": 0, ""model_5"": 0, ""model_6"": 0}","{""model_3"": 1, ""model_4"": 0, ""model_5"": 0, ""model_6"": 1}",1,model_6,True,,migration cooldown active,1,0,,,,,,4,2,1,0.002156528703080824,"[{""model"": ""model_3"", ""current_gpu"": 1, ""best_gpu"": 0, ""current_r"": 0.0, ""best_r"": 0.0, ""absolute_delta"": 0.0, ""tau"": 0.00035, ""chosen_gpu"": 1}, {""model"": ""model_5"", ""current_gpu"": 0, ""best_gpu"": 0, ""current_r"": 0.0, ""best_r"": 0.0, ""absolute_delta"": 0.0, ""tau"": 0.00035, ""chosen_gpu"": 0}, {""model"": ""model_6"", ""current_gpu"": 0, ""best_gpu"": 1, ""current_r"": 0.03053258787787825, ""best_r"": 0.028376059174797425, ""absolute_delta"": 0.002156528703080824, ""tau"": 0.00035, ""chosen_gpu"": 1}, {""model"": ""model_4"", ""current_gpu"": 0, ""best_gpu"": 0, ""current_r"": 0.03053258787787825, ""best_r"": 0.03053258787787825, ""absolute_delta"": 0.0, ""tau"": 0.00035, ""chosen_gpu"": 0}]"
steady,6,1,7,1787605577.0206718,0.00035,0.0913781179173042,0.0913781179173042,0.039530558965454876,1+3,2+2,"{""model_3"": 1, ""model_4"": 0, ""model_5"": 0, ""model_6"": 0}","{""model_3"": 1, ""model_4"": 1, ""model_5"": 0, ""model_6"": 0}",1,model_4,False,MIGRATE,literal line-8 absolute delta exceeds tau,1,0,,model_4,0,1,0.07139897238032683,4,2,1,0.031868413414871954,"[{""model"": ""model_3"", ""current_gpu"": 1, ""best_gpu"": 0, ""current_r"": 0.0, ""best_r"": 0.0, ""absolute_delta"": 0.0, ""tau"": 0.00035, ""chosen_gpu"": 1}, {""model"": ""model_5"", ""current_gpu"": 0, ""best_gpu"": 0, ""current_r"": 0.0, ""best_r"": 0.0, ""absolute_delta"": 0.0, ""tau"": 0.00035, ""chosen_gpu"": 0}, {""model"": ""model_6"", ""current_gpu"": 0, ""best_gpu"": 0, ""current_r"": 0.03214367063768796, ""best_r"": 0.03214367063768796, ""absolute_delta"": 0.0, ""tau"": 0.00035, ""chosen_gpu"": 0}, {""model"": ""model_4"", ""current_gpu"": 0, ""best_gpu"": 1, ""current_r"": 0.07139897238032683, ""best_r"": 0.039530558965454876, ""absolute_delta"": 0.031868413414871954, ""tau"": 0.00035, ""chosen_gpu"": 1}]"
steady,6,1,8,1787605582.0257142,0.00035,0.0700192150689546,0.0700192150689546,0.041324443073773386,2+2,2+2,"{""model_3"": 1, ""model_4"": 1, ""model_5"": 0, ""model_6"": 0}","{""model_3"": 1, ""model_4"": 1, ""model_5"": 0, ""model_6"": 0}",0,,True,,migration cooldown active,0,0,,,,,,4,2,2,0.00013511732046940506,"[{""model"": ""model_3"", ""current_gpu"": 1, ""best_gpu"": 0, ""current_r"": 0.0, ""best_r"": 0.0, ""absolute_delta"": 0.0, ""tau"": 0.00035, ""chosen_gpu"": 1}, {""model"": ""model_5"", ""current_gpu"": 0, ""best_gpu"": 0, ""current_r"": 0.0, ""best_r"": 0.0, ""absolute_delta"": 0.0, ""tau"": 0.00035, ""chosen_gpu"": 0}, {""model"": ""model_6"", ""current_gpu"": 0, ""best_gpu"": 1, ""current_r"": 0.031119645725818476, ""best_r"": 0.03098452840534907, ""absolute_delta"": 0.00013511732046940506, ""tau"": 0.00035, ""chosen_gpu"": 0}, {""model"": ""model_4"", ""current_gpu"": 1, ""best_gpu"": 1, ""current_r"": 0.03098452840534907, ""best_r"": 0.03098452840534907, ""absolute_delta"": 0.0, ""tau"": 0.00035, ""chosen_gpu"": 1}]"
steady,6,1,9,1787605587.05786,0.00035,0.07538015513374481,0.07538015513374481,0.0467990442108103,2+2,2+2,"{""model_3"": 1, ""model_4"": 1, ""model_5"": 0, ""model_6"": 0}","{""model_3"": 1, ""model_4"": 1, ""model_5"": 0, ""model_6"": 0}",0,,True,,migration cooldown active,0,0,,,,,,4,1,1,0.0,"[{""model"": ""model_3"", ""current_gpu"": 1, ""best_gpu"": 0, ""current_r"": 0.0, ""best_r"": 0.0, ""absolute_delta"": 0.0, ""tau"": 0.00035, ""chosen_gpu"": 1}, {""model"": ""model_5"", ""current_gpu"": 0, ""best_gpu"": 0, ""current_r"": 0.0, ""best_r"": 0.0, ""absolute_delta"": 0.0, ""tau"": 0.00035, ""chosen_gpu"": 0}, {""model"": ""model_6"", ""current_gpu"": 0, ""best_gpu"": 0, ""current_r"": 0.03443898140873991, ""best_r"": 0.03443898140873991, ""absolute_delta"": 0.0, ""tau"": 0.00035, ""chosen_gpu"": 0}, {""model"": ""model_4"", ""current_gpu"": 1, ""best_gpu"": 1, ""current_r"": 0.03579950347775678, ""best_r"": 0.03579950347775678, ""absolute_delta"": 0.0, ""tau"": 0.00035, ""chosen_gpu"": 1}]"
steady,6,1,10,1787605592.0837562,0.00035,0.08508573562323657,0.08508573562323657,0.054669429541987745,2+2,2+2,"{""model_3"": 1, ""model_4"": 1, ""model_5"": 0, ""model_6"": 0}","{""model_3"": 1, ""model_4"": 1, ""model_5"": 0, ""model_6"": 0}",0,,True,,migration cooldown active,0,0,,,,,,4,1,1,0.0,"[{""model"": ""model_3"", ""current_gpu"": 1, ""best_gpu"": 0, ""current_r"": 0.0, ""best_r"": 0.0, ""absolute_delta"": 0.0, ""tau"": 0.00035, ""chosen_gpu"": 1}, {""model"": ""model_5"", ""current_gpu"": 0, ""best_gpu"": 0, ""current_r"": 0.0, ""best_r"": 0.0, ""absolute_delta"": 0.0, ""tau"": 0.00035, ""chosen_gpu"": 0}, {""model"": ""model_6"", ""current_gpu"": 0, ""best_gpu"": 0, ""current_r"": 0.04141683793737545, ""best_r"": 0.04141683793737545, ""absolute_delta"": 0.0, ""tau"": 0.00035, ""chosen_gpu"": 0}, {""model"": ""model_4"", ""current_gpu"": 1, ""best_gpu"": 1, ""current_r"": 0.04500785700796241, ""best_r"": 0.04500785700796241, ""absolute_delta"": 0.0, ""tau"": 0.00035, ""chosen_gpu"": 1}]"
steady,6,1,11,1787605597.1075015,0.00035,0.0771579877342028,0.0771579877342028,0.050861413286850975,2+2,2+2,"{""model_3"": 1, ""model_4"": 1, ""model_5"": 0, ""model_6"": 0}","{""model_3"": 1, ""model_4"": 1, ""model_5"": 0, ""model_6"": 0}",0,,True,,migration cooldown active,0,0,,,,,,4,1,1,0.0,"[{""model"": ""model_3"", ""current_gpu"": 1, ""best_gpu"": 0, ""current_r"": 0.0, ""best_r"": 0.0, ""absolute_delta"": 0.0, ""tau"": 0.00035, ""chosen_gpu"": 1}, {""model"": ""model_5"", ""current_gpu"": 0, ""best_gpu"": 0, ""current_r"": 0.0, ""best_r"": 0.0, ""absolute_delta"": 0.0, ""tau"": 0.00035, ""chosen_gpu"": 0}, {""model"": ""model_6"", ""current_gpu"": 0, ""best_gpu"": 0, ""current_r"": 0.032313970359817513, ""best_r"": 0.032313970359817513, ""absolute_delta"": 0.0, ""tau"": 0.00035, ""chosen_gpu"": 0}, {""model"": ""model_4"", ""current_gpu"": 1, ""best_gpu"": 1, ""current_r"": 0.041171175142183845, ""best_r"": 0.041171175142183845, ""absolute_delta"": 0.0, ""tau"": 0.00035, ""chosen_gpu"": 1}]"
steady,6,1,12,1787605602.116103,0.00035,0.08612002710934197,0.08612002710934197,0.04373942052087814,2+2,2+2,"{""model_3"": 1, ""model_4"": 1, ""model_5"": 0, ""model_6"": 0}","{""model_3"": 1, ""model_4"": 0, ""model_5"": 0, ""model_6"": 1}",2,"model_6,model_4",True,,migration cooldown active,2,0,,,,,,4,2,0,0.02474405819176747,"[{""model"": ""model_5"", ""current_gpu"": 0, ""best_gpu"": 0, ""current_r"": 0.0, ""best_r"": 0.0, ""absolute_delta"": 0.0, ""tau"": 0.00035, ""chosen_gpu"": 0}, {""model"": ""model_3"", ""current_gpu"": 1, ""best_gpu"": 1, ""current_r"": 0.0, ""best_r"": 0.0, ""absolute_delta"": 0.0, ""tau"": 0.00035, ""chosen_gpu"": 1}, {""model"": ""model_6"", ""current_gpu"": 0, ""best_gpu"": 1, ""current_r"": 0.04320312920275738, ""best_r"": 0.03389387052329112, ""absolute_delta"": 0.009309258679466262, ""tau"": 0.00035, ""chosen_gpu"": 1}, {""model"": ""model_4"", ""current_gpu"": 1, ""best_gpu"": 0, ""current_r"": 0.06794718739452485, ""best_r"": 0.04320312920275738, ""absolute_delta"": 0.02474405819176747, ""tau"": 0.00035, ""chosen_gpu"": 0}]"
steady,6,1,13,1787605607.1518788,0.00035,0.07647371584288003,0.07647371584288003,0.04910985488298763,2+2,2+2,"{""model_3"": 1, ""model_4"": 1, ""model_5"": 0, ""model_6"": 0}","{""model_3"": 1, ""model_4"": 1, ""model_5"": 0, ""model_6"": 0}",0,,False,,line-8 placement unchanged or every candidate blocked,0,0,,,,,,4,2,2,2.87132950484853e-06,"[{""model"": ""model_3"", ""current_gpu"": 1, ""best_gpu"": 0, ""current_r"": 0.0, ""best_r"": 0.0, ""absolute_delta"": 0.0, ""tau"": 0.00035, ""chosen_gpu"": 1}, {""model"": ""model_5"", ""current_gpu"": 0, ""best_gpu"": 0, ""current_r"": 0.0, ""best_r"": 0.0, ""absolute_delta"": 0.0, ""tau"": 0.00035, ""chosen_gpu"": 0}, {""model"": ""model_6"", ""current_gpu"": 0, ""best_gpu"": 1, ""current_r"": 0.035355425115130616, ""best_r"": 0.03535255378562577, ""absolute_delta"": 2.87132950484853e-06, ""tau"": 0.00035, ""chosen_gpu"": 0}, {""model"": ""model_4"", ""current_gpu"": 1, ""best_gpu"": 1, ""current_r"": 0.03535255378562577, ""best_r"": 0.03535255378562577, ""absolute_delta"": 0.0, ""tau"": 0.00035, ""chosen_gpu"": 1}]"
steady,6,1,14,1787605612.1635993,0.00035,0.07696694042951406,0.07696694042951406,0.048553357053959294,2+2,2+2,"{""model_3"": 1, ""model_4"": 1, ""model_5"": 0, ""model_6"": 0}","{""model_3"": 1, ""model_4"": 1, ""model_5"": 0, ""model_6"": 0}",0,,False,,line-8 placement unchanged or every candidate blocked,0,0,,,,,,4,1,1,0.0,"[{""model"": ""model_3"", ""current_gpu"": 1, ""best_gpu"": 0, ""current_r"": 0.0, ""best_r"": 0.0, ""absolute_delta"": 0.0, ""tau"": 0.00035, ""chosen_gpu"": 1}, {""model"": ""model_5"", ""current_gpu"": 0, ""best_gpu"": 0, ""current_r"": 0.0, ""best_r"": 0.0, ""absolute_delta"": 0.0, ""tau"": 0.00035, ""chosen_gpu"": 0}, {""model"": ""model_6"", ""current_gpu"": 0, ""best_gpu"": 0, ""current_r"": 0.03743386668682401, ""best_r"": 0.03743386668682401, ""absolute_delta"": 0.0, ""tau"": 0.00035, ""chosen_gpu"": 0}, {""model"": ""model_4"", ""current_gpu"": 1, ""best_gpu"": 1, ""current_r"": 0.03780321534451498, ""best_r"": 0.03780321534451498, ""absolute_delta"": 0.0, ""tau"": 0.00035, ""chosen_gpu"": 1}]"
steady,6,1,15,1787605617.17258,0.00035,0.07229564793076271,0.07229564793076271,0.040059900538258524,2+2,2+2,"{""model_3"": 1, ""model_4"": 1, ""model_5"": 0, ""model_6"": 0}","{""model_3"": 1, ""model_4"": 0, ""model_5"": 0, ""model_6"": 1}",2,"model_6,model_4",False,MIGRATE,literal line-8 absolute delta exceeds tau,2,0,,model_6,0,1,0.08044237456469377,4,3,1,0.03124711037800002,"[{""model"": ""model_3"", ""current_gpu"": 1, ""best_gpu"": 0, ""current_r"": 0.0, ""best_r"": 0.0, ""absolute_delta"": 0.0, ""tau"": 0.00035, ""chosen_gpu"": 1}, {""model"": ""model_5"", ""current_gpu"": 0, ""best_gpu"": 0, ""current_r"": 0.0, ""best_r"": 0.0, ""absolute_delta"": 0.0, ""tau"": 0.00035, ""chosen_gpu"": 0}, {""model"": ""model_6"", ""current_gpu"": 0, ""best_gpu"": 1, ""current_r"": 0.031684949706732086, ""best_r"": 0.02918132110388743, ""absolute_delta"": 0.002503628602844657, ""tau"": 0.00035, ""chosen_gpu"": 1}, {""model"": ""model_4"", ""current_gpu"": 1, ""best_gpu"": 0, ""current_r"": 0.06293206008473211, ""best_r"": 0.031684949706732086, ""absolute_delta"": 0.03124711037800002, ""tau"": 0.00035, ""chosen_gpu"": 0}]"
steady,6,1,16,1787605622.3594055,0.00035,0.07507354544477897,0.03564475255892408,0.07507354544477897,1+3,2+2,"{""model_3"": 1, ""model_4"": 1, ""model_5"": 0, ""model_6"": 1}","{""model_3"": 1, ""model_4"": 0, ""model_5"": 0, ""model_6"": 1}",1,model_4,True,,migration cooldown active,1,0,,,,,,4,1,0,0.02464870018956508,"[{""model"": ""model_5"", ""current_gpu"": 0, ""best_gpu"": 0, ""current_r"": 0.0, ""best_r"": 0.0, ""absolute_delta"": 0.0, ""tau"": 0.00035, ""chosen_gpu"": 0}, {""model"": ""model_3"", ""current_gpu"": 1, ""best_gpu"": 1, ""current_r"": 0.0, ""best_r"": 0.0, ""absolute_delta"": 0.0, ""tau"": 0.00035, ""chosen_gpu"": 1}, {""model"": ""model_6"", ""current_gpu"": 1, ""best_gpu"": 1, ""current_r"": 0.03118655876834101, ""best_r"": 0.03118655876834101, ""absolute_delta"": 0.0, ""tau"": 0.00035, ""chosen_gpu"": 1}, {""model"": ""model_4"", ""current_gpu"": 1, ""best_gpu"": 0, ""current_r"": 0.060293452748489164, ""best_r"": 0.03564475255892408, ""absolute_delta"": 0.02464870018956508, ""tau"": 0.00035, ""chosen_gpu"": 0}]"
steady,6,1,17,1787605627.3857203,0.00035,0.07136605231914826,0.0422651869197274,0.07136605231914826,1+3,2+2,"{""model_3"": 1, ""model_4"": 1, ""model_5"": 0, ""model_6"": 1}","{""model_3"": 1, ""model_4"": 0, ""model_5"": 0, ""model_6"": 1}",1,model_4,True,,migration cooldown active,1,0,,,,,,4,1,0,0.011005474630547678,"[{""model"": ""model_5"", ""current_gpu"": 0, ""best_gpu"": 0, ""current_r"": 0.0, ""best_r"": 0.0, ""absolute_delta"": 0.0, ""tau"": 0.00035, ""chosen_gpu"": 0}, {""model"": ""model_3"", ""current_gpu"": 1, ""best_gpu"": 1, ""current_r"": 0.0, ""best_r"": 0.0, ""absolute_delta"": 0.0, ""tau"": 0.00035, ""chosen_gpu"": 1}, {""model"": ""model_6"", ""current_gpu"": 1, ""best_gpu"": 1, ""current_r"": 0.02342900701163926, ""best_r"": 0.02342900701163926, ""absolute_delta"": 0.0, ""tau"": 0.00035, ""chosen_gpu"": 1}, {""model"": ""model_4"", ""current_gpu"": 1, ""best_gpu"": 0, ""current_r"": 0.05327066155027508, ""best_r"": 0.0422651869197274, ""absolute_delta"": 0.011005474630547678, ""tau"": 0.00035, ""chosen_gpu"": 0}]"
steady,6,1,18,1787605632.4213889,0.00035,0.06974503878451391,0.024750783913499958,0.06974503878451391,1+3,2+2,"{""model_3"": 1, ""model_4"": 1, ""model_5"": 0, ""model_6"": 1}","{""model_3"": 0, ""model_4"": 1, ""model_5"": 0, ""model_6"": 1}",1,model_3,True,,migration cooldown active,1,0,,,,,,4,2,1,0.0023087356454988515,"[{""model"": ""model_6"", ""current_gpu"": 1, ""best_gpu"": 0, ""current_r"": 0.0, ""best_r"": 0.0, ""absolute_delta"": 0.0, ""tau"": 0.00035, ""chosen_gpu"": 1}, {""model"": ""model_5"", ""current_gpu"": 0, ""best_gpu"": 0, ""current_r"": 0.0, ""best_r"": 0.0, ""absolute_delta"": 0.0, ""tau"": 0.00035, ""chosen_gpu"": 0}, {""model"": ""model_3"", ""current_gpu"": 1, ""best_gpu"": 0, ""current_r"": 0.02705951955899881, ""best_r"": 0.024750783913499958, ""absolute_delta"": 0.0023087356454988515, ""tau"": 0.00035, ""chosen_gpu"": 0}, {""model"": ""model_4"", ""current_gpu"": 1, ""best_gpu"": 1, ""current_r"": 0.02705951955899881, ""best_r"": 0.02705951955899881, ""absolute_delta"": 0.0, ""tau"": 0.00035, ""chosen_gpu"": 1}]"
steady,6,1,19,1787605637.435176,0.00035,0.06316177997841503,0.023319869399453203,0.06316177997841503,1+3,2+2,"{""model_3"": 1, ""model_4"": 1, ""model_5"": 0, ""model_6"": 1}","{""model_3"": 1, ""model_4"": 0, ""model_5"": 0, ""model_6"": 1}",1,model_4,True,,migration cooldown active,1,0,,,,,,4,3,2,0.02642888279404036,"[{""model"": ""model_6"", ""current_gpu"": 1, ""best_gpu"": 0, ""current_r"": 0.0, ""best_r"": 0.0, ""absolute_delta"": 0.0, ""tau"": 0.00035, ""chosen_gpu"": 1}, {""model"": ""model_5"", ""current_gpu"": 0, ""best_gpu"": 0, ""current_r"": 0.0, ""best_r"": 0.0, ""absolute_delta"": 0.0, ""tau"": 0.00035, ""chosen_gpu"": 0}, {""model"": ""model_3"", ""current_gpu"": 1, ""best_gpu"": 0, ""current_r"": 0.023505615404276637, ""best_r"": 0.023319869399453203, ""absolute_delta"": 0.00018574600482343384, ""tau"": 0.00035, ""chosen_gpu"": 1}, {""model"": ""model_4"", ""current_gpu"": 1, ""best_gpu"": 0, ""current_r"": 0.04974875219349356, ""best_r"": 0.023319869399453203, ""absolute_delta"": 0.02642888279404036, ""tau"": 0.00035, ""chosen_gpu"": 0}]"
steady,6,1,20,1787605642.445129,0.00035,0.0652071271291664,0.029354247950404273,0.0652071271291664,1+3,2+2,"{""model_3"": 1, ""model_4"": 1, ""model_5"": 0, ""model_6"": 1}","{""model_3"": 1, ""model_4"": 0, ""model_5"": 0, ""model_6"": 1}",1,model_4,True,,migration cooldown active,1,0,,,,,,4,1,0,0.02305677315358506,"[{""model"": ""model_5"", ""current_gpu"": 0, ""best_gpu"": 0, ""current_r"": 0.0, ""best_r"": 0.0, ""absolute_delta"": 0.0, ""tau"": 0.00035, ""chosen_gpu"": 0}, {""model"": ""model_3"", ""current_gpu"": 1, ""best_gpu"": 1, ""current_r"": 0.0, ""best_r"": 0.0, ""absolute_delta"": 0.0, ""tau"": 0.00035, ""chosen_gpu"": 1}, {""model"": ""model_6"", ""current_gpu"": 1, ""best_gpu"": 1, ""current_r"": 0.022560672160382055, ""best_r"": 0.022560672160382055, ""absolute_delta"": 0.0, ""tau"": 0.00035, ""chosen_gpu"": 1}, {""model"": ""model_4"", ""current_gpu"": 1, ""best_gpu"": 0, ""current_r"": 0.05241102110398933, ""best_r"": 0.029354247950404273, ""absolute_delta"": 0.02305677315358506, ""tau"": 0.00035, ""chosen_gpu"": 0}]"
steady,6,1,21,1787605647.4659128,0.00035,0.07105011537156158,0.03528590837040524,0.07105011537156158,1+3,2+2,"{""model_3"": 1, ""model_4"": 1, ""model_5"": 0, ""model_6"": 1}","{""model_3"": 1, ""model_4"": 0, ""model_5"": 0, ""model_6"": 1}",1,model_4,False,MIGRATE,literal line-8 absolute delta exceeds tau,1,0,,model_4,1,0,0.05769129558118894,4,1,0,0.022405387210783702,"[{""model"": ""model_5"", ""current_gpu"": 0, ""best_gpu"": 0, ""current_r"": 0.0, ""best_r"": 0.0, ""absolute_delta"": 0.0, ""tau"": 0.00035, ""chosen_gpu"": 0}, {""model"": ""model_3"", ""current_gpu"": 1, ""best_gpu"": 1, ""current_r"": 0.0, ""best_r"": 0.0, ""absolute_delta"": 0.0, ""tau"": 0.00035, ""chosen_gpu"": 1}, {""model"": ""model_6"", ""current_gpu"": 1, ""best_gpu"": 1, ""current_r"": 0.023595785816670326, ""best_r"": 0.023595785816670326, ""absolute_delta"": 0.0, ""tau"": 0.00035, ""chosen_gpu"": 1}, {""model"": ""model_4"", ""current_gpu"": 1, ""best_gpu"": 0, ""current_r"": 0.05769129558118894, ""best_r"": 0.03528590837040524, ""absolute_delta"": 0.022405387210783702, ""tau"": 0.00035, ""chosen_gpu"": 0}]"
steady,6,1,22,1787605653.7839282,0.00035,0.06556574127349685,0.02509464604439122,0.06556574127349685,2+2,2+2,"{""model_3"": 1, ""model_4"": 0, ""model_5"": 0, ""model_6"": 1}","{""model_3"": 0, ""model_4"": 1, ""model_5"": 0, ""model_6"": 1}",2,"model_3,model_4",True,,migration cooldown active,2,0,,,,,,4,3,1,0.035371703608791334,"[{""model"": ""model_6"", ""current_gpu"": 1, ""best_gpu"": 0, ""current_r"": 0.0, ""best_r"": 0.0, ""absolute_delta"": 0.0, ""tau"": 0.00035, ""chosen_gpu"": 1}, {""model"": ""model_3"", ""current_gpu"": 1, ""best_gpu"": 0, ""current_r"": 0.035371703608791334, ""best_r"": 0.0, ""absolute_delta"": 0.035371703608791334, ""tau"": 0.00035, ""chosen_gpu"": 0}, {""model"": ""model_5"", ""current_gpu"": 0, ""best_gpu"": 0, ""current_r"": 0.02140905555477158, ""best_r"": 0.02140905555477158, ""absolute_delta"": 0.0, ""tau"": 0.00035, ""chosen_gpu"": 0}, {""model"": ""model_4"", ""current_gpu"": 0, ""best_gpu"": 1, ""current_r"": 0.045391811232871754, ""best_r"": 0.035371703608791334, ""absolute_delta"": 0.01002010762408042, ""tau"": 0.00035, ""chosen_gpu"": 1}]"
steady,6,1,23,1787605658.797162,0.00035,0.07062531141904328,0.037650734218841686,0.07062531141904328,2+2,2+2,"{""model_3"": 1, ""model_4"": 0, ""model_5"": 0, ""model_6"": 1}","{""model_3"": 1, ""model_4"": 1, ""model_5"": 0, ""model_6"": 0}",2,"model_6,model_4",True,,migration cooldown active,2,0,,,,,,4,3,1,0.03842234045830271,"[{""model"": ""model_3"", ""current_gpu"": 1, ""best_gpu"": 0, ""current_r"": 0.0, ""best_r"": 0.0, ""absolute_delta"": 0.0, ""tau"": 0.00035, ""chosen_gpu"": 1}, {""model"": ""model_6"", ""current_gpu"": 1, ""best_gpu"": 0, ""current_r"": 0.03193193940065018, ""best_r"": 0.0, ""absolute_delta"": 0.03193193940065018, ""tau"": 0.00035, ""chosen_gpu"": 0}, {""model"": ""model_5"", ""current_gpu"": 0, ""best_gpu"": 0, ""current_r"": 0.028099449764906054, ""best_r"": 0.028099449764906054, ""absolute_delta"": 0.0, ""tau"": 0.00035, ""chosen_gpu"": 0}, {""model"": ""model_4"", ""current_gpu"": 0, ""best_gpu"": 1, ""current_r"": 0.07035427985895289, ""best_r"": 0.03193193940065018, ""absolute_delta"": 0.03842234045830271, ""tau"": 0.00035, ""chosen_gpu"": 1}]"
steady,6,1,24,1787605663.8115911,0.00035,0.06859039198583533,0.03290600731700276,0.06859039198583533,2+2,2+2,"{""model_3"": 1, ""model_4"": 0, ""model_5"": 0, ""model_6"": 1}","{""model_3"": 1, ""model_4"": 1, ""model_5"": 0, ""model_6"": 0}",2,"model_6,model_4",True,,migration cooldown active,2,0,,,,,,4,3,1,0.033291793560906204,"[{""model"": ""model_3"", ""current_gpu"": 1, ""best_gpu"": 0, ""current_r"": 0.0, ""best_r"": 0.0, ""absolute_delta"": 0.0, ""tau"": 0.00035, ""chosen_gpu"": 1}, {""model"": ""model_6"", ""current_gpu"": 1, ""best_gpu"": 0, ""current_r"": 0.03067919676990679, ""best_r"": 0.0, ""absolute_delta"": 0.03067919676990679, ""tau"": 0.00035, ""chosen_gpu"": 0}, {""model"": ""model_5"", ""current_gpu"": 0, ""best_gpu"": 0, ""current_r"": 0.027664932447552054, ""best_r"": 0.027664932447552054, ""absolute_delta"": 0.0, ""tau"": 0.00035, ""chosen_gpu"": 0}, {""model"": ""model_4"", ""current_gpu"": 0, ""best_gpu"": 1, ""current_r"": 0.063970990330813, ""best_r"": 0.03067919676990679, ""absolute_delta"": 0.033291793560906204, ""tau"": 0.00035, ""chosen_gpu"": 1}]"
steady,6,1,25,1787605668.8365037,0.00035,0.06886588646147511,0.042968856690854366,0.06886588646147511,2+2,2+2,"{""model_3"": 1, ""model_4"": 0, ""model_5"": 0, ""model_6"": 1}","{""model_3"": 1, ""model_4"": 0, ""model_5"": 0, ""model_6"": 1}",0,,True,,migration cooldown active,0,0,,,,,,4,1,1,0.0,"[{""model"": ""model_3"", ""current_gpu"": 1, ""best_gpu"": 0, ""current_r"": 0.0, ""best_r"": 0.0, ""absolute_delta"": 0.0, ""tau"": 0.00035, ""chosen_gpu"": 1}, {""model"": ""model_5"", ""current_gpu"": 0, ""best_gpu"": 0, ""current_r"": 0.0, ""best_r"": 0.0, ""absolute_delta"": 0.0, ""tau"": 0.00035, ""chosen_gpu"": 0}, {""model"": ""model_6"", ""current_gpu"": 1, ""best_gpu"": 1, ""current_r"": 0.031634950084169326, ""best_r"": 0.031634950084169326, ""absolute_delta"": 0.0, ""tau"": 0.00035, ""chosen_gpu"": 1}, {""model"": ""model_4"", ""current_gpu"": 0, ""best_gpu"": 0, ""current_r"": 0.031994976607519834, ""best_r"": 0.031994976607519834, ""absolute_delta"": 0.0, ""tau"": 0.00035, ""chosen_gpu"": 0}]"
steady,6,1,26,1787605673.8796513,0.00035,0.06432207195713081,0.04026273040759641,0.06432207195713081,2+2,2+2,"{""model_3"": 1, ""model_4"": 0, ""model_5"": 0, ""model_6"": 1}","{""model_3"": 1, ""model_4"": 1, ""model_5"": 0, ""model_6"": 0}",2,"model_6,model_4",True,,migration cooldown active,2,0,,,,,,4,3,1,0.03684715348099501,"[{""model"": ""model_3"", ""current_gpu"": 1, ""best_gpu"": 0, ""current_r"": 0.0, ""best_r"": 0.0, ""absolute_delta"": 0.0, ""tau"": 0.00035, ""chosen_gpu"": 1}, {""model"": ""model_5"", ""current_gpu"": 0, ""best_gpu"": 0, ""current_r"": 0.0, ""best_r"": 0.0, ""absolute_delta"": 0.0, ""tau"": 0.00035, ""chosen_gpu"": 0}, {""model"": ""model_6"", ""current_gpu"": 1, ""best_gpu"": 0, ""current_r"": 0.03160731167256254, ""best_r"": 0.03019072280747095, ""absolute_delta"": 0.0014165888650915885, ""tau"": 0.00035, ""chosen_gpu"": 0}, {""model"": ""model_4"", ""current_gpu"": 0, ""best_gpu"": 1, ""current_r"": 0.06845446515355755, ""best_r"": 0.03160731167256254, ""absolute_delta"": 0.03684715348099501, ""tau"": 0.00035, ""chosen_gpu"": 1}]"
steady,6,1,27,1787605678.911793,0.00035,0.07246878954239033,0.047379120778103495,0.07246878954239033,2+2,2+2,"{""model_3"": 1, ""model_4"": 0, ""model_5"": 0, ""model_6"": 1}","{""model_3"": 1, ""model_4"": 1, ""model_5"": 0, ""model_6"": 0}",2,"model_6,model_4",False,MIGRATE,literal line-8 absolute delta exceeds tau,2,0,,model_4,0,1,0.08952143169676374,4,3,1,0.03290606850233204,"[{""model"": ""model_3"", ""current_gpu"": 1, ""best_gpu"": 0, ""current_r"": 0.0, ""best_r"": 0.0, ""absolute_delta"": 0.0, ""tau"": 0.00035, ""chosen_gpu"": 1}, {""model"": ""model_5"", ""current_gpu"": 0, ""best_gpu"": 0, ""current_r"": 0.0, ""best_r"": 0.0, ""absolute_delta"": 0.0, ""tau"": 0.00035, ""chosen_gpu"": 0}, {""model"": ""model_6"", ""current_gpu"": 1, ""best_gpu"": 0, ""current_r"": 0.03989381688923747, ""best_r"": 0.03554182227438186, ""absolute_delta"": 0.004351994614855609, ""tau"": 0.00035, ""chosen_gpu"": 0}, {""model"": ""model_4"", ""current_gpu"": 0, ""best_gpu"": 1, ""current_r"": 0.07279988539156951, ""best_r"": 0.03989381688923747, ""absolute_delta"": 0.03290606850233204, ""tau"": 0.00035, ""chosen_gpu"": 1}]"
steady,6,1,28,1787605683.9563365,0.00035,0.09713062590499413,0.03333987714807462,0.09713062590499413,1+3,2+2,"{""model_3"": 1, ""model_4"": 1, ""model_5"": 0, ""model_6"": 1}","{""model_3"": 1, ""model_4"": 1, ""model_5"": 0, ""model_6"": 0}",1,model_6,True,,migration cooldown active,1,0,,,,,,4,2,1,0.01475423312152415,"[{""model"": ""model_3"", ""current_gpu"": 1, ""best_gpu"": 0, ""current_r"": 0.0, ""best_r"": 0.0, ""absolute_delta"": 0.0, ""tau"": 0.00035, ""chosen_gpu"": 1}, {""model"": ""model_5"", ""current_gpu"": 0, ""best_gpu"": 0, ""current_r"": 0.0, ""best_r"": 0.0, ""absolute_delta"": 0.0, ""tau"": 0.00035, ""chosen_gpu"": 0}, {""model"": ""model_6"", ""current_gpu"": 1, ""best_gpu"": 0, ""current_r"": 0.04809411026959877, ""best_r"": 0.03333987714807462, ""absolute_delta"": 0.01475423312152415, ""tau"": 0.00035, ""chosen_gpu"": 0}, {""model"": ""model_4"", ""current_gpu"": 1, ""best_gpu"": 1, ""current_r"": 0.04809411026959877, ""best_r"": 0.04809411026959877, ""absolute_delta"": 0.0, ""tau"": 0.00035, ""chosen_gpu"": 1}]"
steady,6,1,29,1787605688.9753199,0.00035,0.09246662802023106,0.02319295923509382,0.09246662802023106,1+3,2+2,"{""model_3"": 1, ""model_4"": 1, ""model_5"": 0, ""model_6"": 1}","{""model_3"": 1, ""model_4"": 1, ""model_5"": 0, ""model_6"": 0}",1,model_6,True,,migration cooldown active,1,0,,,,,,4,2,1,0.037247143302520824,"[{""model"": ""model_3"", ""current_gpu"": 1, ""best_gpu"": 0, ""current_r"": 0.0, ""best_r"": 0.0, ""absolute_delta"": 0.0, ""tau"": 0.00035, ""chosen_gpu"": 1}, {""model"": ""model_6"", ""current_gpu"": 1, ""best_gpu"": 0, ""current_r"": 0.037247143302520824, ""best_r"": 0.0, ""absolute_delta"": 0.037247143302520824, ""tau"": 0.00035, ""chosen_gpu"": 0}, {""model"": ""model_5"", ""current_gpu"": 0, ""best_gpu"": 0, ""current_r"": 0.02316814543559249, ""best_r"": 0.02316814543559249, ""absolute_delta"": 0.0, ""tau"": 0.00035, ""chosen_gpu"": 0}, {""model"": ""model_4"", ""current_gpu"": 1, ""best_gpu"": 1, ""current_r"": 0.037247143302520824, ""best_r"": 0.037247143302520824, ""absolute_delta"": 0.0, ""tau"": 0.00035, ""chosen_gpu"": 1}]"
steady,6,1,30,1787605693.9929252,0.00035,0.08433172254404132,0.036549919036206475,0.08433172254404132,1+3,2+2,"{""model_3"": 1, ""model_4"": 1, ""model_5"": 0, ""model_6"": 1}","{""model_3"": 1, ""model_4"": 0, ""model_5"": 0, ""model_6"": 1}",1,model_4,True,,migration cooldown active,1,0,,,,,,4,1,0,0.02799591378823952,"[{""model"": ""model_5"", ""current_gpu"": 0, ""best_gpu"": 0, ""current_r"": 0.0, ""best_r"": 0.0, ""absolute_delta"": 0.0, ""tau"": 0.00035, ""chosen_gpu"": 0}, {""model"": ""model_3"", ""current_gpu"": 1, ""best_gpu"": 1, ""current_r"": 0.0, ""best_r"": 0.0, ""absolute_delta"": 0.0, ""tau"": 0.00035, ""chosen_gpu"": 1}, {""model"": ""model_6"", ""current_gpu"": 1, ""best_gpu"": 1, ""current_r"": 0.03066587396107534, ""best_r"": 0.03066587396107534, ""absolute_delta"": 0.0, ""tau"": 0.00035, ""chosen_gpu"": 1}, {""model"": ""model_4"", ""current_gpu"": 1, ""best_gpu"": 0, ""current_r"": 0.064545832824446, ""best_r"": 0.036549919036206475, ""absolute_delta"": 0.02799591378823952, ""tau"": 0.00035, ""chosen_gpu"": 0}]"
steady,6,1,31,1787605699.0213652,0.00035,0.08923060140136521,0.03203950972017279,0.08923060140136521,1+3,2+2,"{""model_3"": 1, ""model_4"": 1, ""model_5"": 0, ""model_6"": 1}","{""model_3"": 1, ""model_4"": 1, ""model_5"": 0, ""model_6"": 0}",1,model_6,True,,migration cooldown active,1,0,,,,,,4,2,1,0.0036902998371470194,"[{""model"": ""model_3"", ""current_gpu"": 1, ""best_gpu"": 0, ""current_r"": 0.0, ""best_r"": 0.0, ""absolute_delta"": 0.0, ""tau"": 0.00035, ""chosen_gpu"": 1}, {""model"": ""model_5"", ""current_gpu"": 0, ""best_gpu"": 0, ""current_r"": 0.0, ""best_r"": 0.0, ""absolute_delta"": 0.0, ""tau"": 0.00035, ""chosen_gpu"": 0}, {""model"": ""model_6"", ""current_gpu"": 1, ""best_gpu"": 0, ""current_r"": 0.03572980955731981, ""best_r"": 0.03203950972017279, ""absolute_delta"": 0.0036902998371470194, ""tau"": 0.00035, ""chosen_gpu"": 0}, {""model"": ""model_4"", ""current_gpu"": 1, ""best_gpu"": 1, ""current_r"": 0.03572980955731981, ""best_r"": 0.03572980955731981, ""absolute_delta"": 0.0, ""tau"": 0.00035, ""chosen_gpu"": 1}]"
steady,6,1,32,1787605704.039559,0.00035,0.09110510281165558,0.037302735344761744,0.09110510281165558,1+3,2+2,"{""model_3"": 1, ""model_4"": 1, ""model_5"": 0, ""model_6"": 1}","{""model_3"": 1, ""model_4"": 0, ""model_5"": 0, ""model_6"": 1}",1,model_4,True,,migration cooldown active,1,0,,,,,,4,2,1,0.03612479663024528,"[{""model"": ""model_3"", ""current_gpu"": 1, ""best_gpu"": 0, ""current_r"": 0.0, ""best_r"": 0.0, ""absolute_delta"": 0.0, ""tau"": 0.00035, ""chosen_gpu"": 1}, {""model"": ""model_5"", ""current_gpu"": 0, ""best_gpu"": 0, ""current_r"": 0.0, ""best_r"": 0.0, ""absolute_delta"": 0.0, ""tau"": 0.00035, ""chosen_gpu"": 0}, {""model"": ""model_6"", ""current_gpu"": 1, ""best_gpu"": 1, ""current_r"": 0.035772837568216934, ""best_r"": 0.035772837568216934, ""absolute_delta"": 0.0, ""tau"": 0.00035, ""chosen_gpu"": 1}, {""model"": ""model_4"", ""current_gpu"": 1, ""best_gpu"": 0, ""current_r"": 0.07342753197500702, ""best_r"": 0.037302735344761744, ""absolute_delta"": 0.03612479663024528, ""tau"": 0.00035, ""chosen_gpu"": 0}]"
steady,6,1,33,1787605709.0603797,0.00035,0.08236369388109042,0.04469793040594233,0.08236369388109042,1+3,2+2,"{""model_3"": 1, ""model_4"": 1, ""model_5"": 0, ""model_6"": 1}","{""model_3"": 1, ""model_4"": 0, ""model_5"": 0, ""model_6"": 1}",1,model_4,False,MIGRATE,literal line-8 absolute delta exceeds tau,1,0,,model_4,1,0,0.0675271508303245,4,1,0,0.022829220424382166,"[{""model"": ""model_5"", ""current_gpu"": 0, ""best_gpu"": 0, ""current_r"": 0.0, ""best_r"": 0.0, ""absolute_delta"": 0.0, ""tau"": 0.00035, ""chosen_gpu"": 0}, {""model"": ""model_3"", ""current_gpu"": 1, ""best_gpu"": 1, ""current_r"": 0.0, ""best_r"": 0.0, ""absolute_delta"": 0.0, ""tau"": 0.00035, ""chosen_gpu"": 1}, {""model"": ""model_6"", ""current_gpu"": 1, ""best_gpu"": 1, ""current_r"": 0.028972198051787704, ""best_r"": 0.028972198051787704, ""absolute_delta"": 0.0, ""tau"": 0.00035, ""chosen_gpu"": 1}, {""model"": ""model_4"", ""current_gpu"": 1, ""best_gpu"": 0, ""current_r"": 0.0675271508303245, ""best_r"": 0.04469793040594233, ""absolute_delta"": 0.022829220424382166, ""tau"": 0.00035, ""chosen_gpu"": 0}]"
steady,6,1,34,1787605714.0792303,0.00035,0.0650014172467836,0.04318117091037322,0.0650014172467836,2+2,2+2,"{""model_3"": 1, ""model_4"": 0, ""model_5"": 0, ""model_6"": 1}","{""model_3"": 1, ""model_4"": 0, ""model_5"": 0, ""model_6"": 1}",0,,True,,migration cooldown active,0,0,,,,,,4,0,0,0.0,"[{""model"": ""model_5"", ""current_gpu"": 0, ""best_gpu"": 0, ""current_r"": 0.0, ""best_r"": 0.0, ""absolute_delta"": 0.0, ""tau"": 0.00035, ""chosen_gpu"": 0}, {""model"": ""model_6"", ""current_gpu"": 1, ""best_gpu"": 1, ""current_r"": 0.0, ""best_r"": 0.0, ""absolute_delta"": 0.0, ""tau"": 0.00035, ""chosen_gpu"": 1}, {""model"": ""model_3"", ""current_gpu"": 1, ""best_gpu"": 1, ""current_r"": 0.031035703857713936, ""best_r"": 0.031035703857713936, ""absolute_delta"": 0.0, ""tau"": 0.00035, ""chosen_gpu"": 1}, {""model"": ""model_4"", ""current_gpu"": 0, ""best_gpu"": 0, ""current_r"": 0.033783151837832495, ""best_r"": 0.033783151837832495, ""absolute_delta"": 0.0, ""tau"": 0.00035, ""chosen_gpu"": 0}]"
steady,6,1,35,1787605719.1007447,0.00035,0.057755131850084594,0.04720826600358635,0.057755131850084594,2+2,2+2,"{""model_3"": 1, ""model_4"": 0, ""model_5"": 0, ""model_6"": 1}","{""model_3"": 1, ""model_4"": 0, ""model_5"": 0, ""model_6"": 1}",0,,True,,migration cooldown active,0,0,,,,,,4,0,0,0.0,"[{""model"": ""model_5"", ""current_gpu"": 0, ""best_gpu"": 0, ""current_r"": 0.0, ""best_r"": 0.0, ""absolute_delta"": 0.0, ""tau"": 0.00035, ""chosen_gpu"": 0}, {""model"": ""model_6"", ""current_gpu"": 1, ""best_gpu"": 1, ""current_r"": 0.0, ""best_r"": 0.0, ""absolute_delta"": 0.0, ""tau"": 0.00035, ""chosen_gpu"": 1}, {""model"": ""model_3"", ""current_gpu"": 1, ""best_gpu"": 1, ""current_r"": 0.028792069232599346, ""best_r"": 0.028792069232599346, ""absolute_delta"": 0.0, ""tau"": 0.00035, ""chosen_gpu"": 1}, {""model"": ""model_4"", ""current_gpu"": 0, ""best_gpu"": 0, ""current_r"": 0.03834500737655878, ""best_r"": 0.03834500737655878, ""absolute_delta"": 0.0, ""tau"": 0.00035, ""chosen_gpu"": 0}]"
steady,6,1,36,1787605724.1275394,0.00035,0.04579978645309248,0.04070536425482664,0.04579978645309248,2+2,2+2,"{""model_3"": 1, ""model_4"": 0, ""model_5"": 0, ""model_6"": 1}","{""model_3"": 1, ""model_4"": 0, ""model_5"": 0, ""model_6"": 1}",0,,True,,migration cooldown active,0,0,,,,,,4,0,0,0.0,"[{""model"": ""model_5"", ""current_gpu"": 0, ""best_gpu"": 0, ""current_r"": 0.0, ""best_r"": 0.0, ""absolute_delta"": 0.0, ""tau"": 0.00035, ""chosen_gpu"": 0}, {""model"": ""model_6"", ""current_gpu"": 1, ""best_gpu"": 1, ""current_r"": 0.0, ""best_r"": 0.0, ""absolute_delta"": 0.0, ""tau"": 0.00035, ""chosen_gpu"": 1}, {""model"": ""model_3"", ""current_gpu"": 1, ""best_gpu"": 1, ""current_r"": 0.021330718920666614, ""best_r"": 0.021330718920666614, ""absolute_delta"": 0.0, ""tau"": 0.00035, ""chosen_gpu"": 1}, {""model"": ""model_4"", ""current_gpu"": 0, ""best_gpu"": 0, ""current_r"": 0.031341005662663624, ""best_r"": 0.031341005662663624, ""absolute_delta"": 0.0, ""tau"": 0.00035, ""chosen_gpu"": 0}]"
steady,6,1,37,1787605729.1493392,0.00035,0.049148110945671813,0.04319782018510176,0.049148110945671813,2+2,2+2,"{""model_3"": 1, ""model_4"": 0, ""model_5"": 0, ""model_6"": 1}","{""model_3"": 1, ""model_4"": 0, ""model_5"": 0, ""model_6"": 1}",0,,True,,migration cooldown active,0,0,,,,,,4,0,0,0.0,"[{""model"": ""model_5"", ""current_gpu"": 0, ""best_gpu"": 0, ""current_r"": 0.0, ""best_r"": 0.0, ""absolute_delta"": 0.0, ""tau"": 0.00035, ""chosen_gpu"": 0}, {""model"": ""model_3"", ""current_gpu"": 1, ""best_gpu"": 1, ""current_r"": 0.0, ""best_r"": 0.0, ""absolute_delta"": 0.0, ""tau"": 0.00035, ""chosen_gpu"": 1}, {""model"": ""model_6"", ""current_gpu"": 1, ""best_gpu"": 1, ""current_r"": 0.021706992129582204, ""best_r"": 0.021706992129582204, ""absolute_delta"": 0.0, ""tau"": 0.00035, ""chosen_gpu"": 1}, {""model"": ""model_4"", ""current_gpu"": 0, ""best_gpu"": 0, ""current_r"": 0.03258321110828495, ""best_r"": 0.03258321110828495, ""absolute_delta"": 0.0, ""tau"": 0.00035, ""chosen_gpu"": 0}]"
steady,6,1,38,1787605734.1885102,0.00035,0.06232607237662469,0.038108577831996636,0.06232607237662469,2+2,2+2,"{""model_3"": 1, ""model_4"": 0, ""model_5"": 0, ""model_6"": 1}","{""model_3"": 1, ""model_4"": 1, ""model_5"": 0, ""model_6"": 0}",2,"model_6,model_4",True,,migration cooldown active,2,0,,,,,,4,3,1,0.03252057184886864,"[{""model"": ""model_3"", ""current_gpu"": 1, ""best_gpu"": 0, ""current_r"": 0.0, ""best_r"": 0.0, ""absolute_delta"": 0.0, ""tau"": 0.00035, ""chosen_gpu"": 1}, {""model"": ""model_5"", ""current_gpu"": 0, ""best_gpu"": 0, ""current_r"": 0.0, ""best_r"": 0.0, ""absolute_delta"": 0.0, ""tau"": 0.00035, ""chosen_gpu"": 0}, {""model"": ""model_6"", ""current_gpu"": 1, ""best_gpu"": 0, ""current_r"": 0.03055327505917346, ""best_r"": 0.02663872140102734, ""absolute_delta"": 0.003914553658146119, ""tau"": 0.00035, ""chosen_gpu"": 0}, {""model"": ""model_4"", ""current_gpu"": 0, ""best_gpu"": 1, ""current_r"": 0.0630738469080421, ""best_r"": 0.03055327505917346, ""absolute_delta"": 0.03252057184886864, ""tau"": 0.00035, ""chosen_gpu"": 1}]"
steady,6,1,39,1787605739.2167675,0.00035,0.06592515535174127,0.03357603988592432,0.06592515535174127,2+2,2+2,"{""model_3"": 1, ""model_4"": 0, ""model_5"": 0, ""model_6"": 1}","{""model_3"": 1, ""model_4"": 1, ""model_5"": 0, ""model_6"": 0}",2,"model_6,model_4",False,MIGRATE,literal line-8 absolute delta exceeds tau,2,0,,model_6,1,0,0.07926489725890573,4,3,1,0.03214118344258334,"[{""model"": ""model_3"", ""current_gpu"": 1, ""best_gpu"": 0, ""current_r"": 0.0, ""best_r"": 0.0, ""absolute_delta"": 0.0, ""tau"": 0.00035, ""chosen_gpu"": 1}, {""model"": ""model_6"", ""current_gpu"": 1, ""best_gpu"": 0, ""current_r"": 0.03214118344258334, ""best_r"": 0.0, ""absolute_delta"": 0.03214118344258334, ""tau"": 0.00035, ""chosen_gpu"": 0}, {""model"": ""model_5"", ""current_gpu"": 0, ""best_gpu"": 0, ""current_r"": 0.023597455072578256, ""best_r"": 0.023597455072578256, ""absolute_delta"": 0.0, ""tau"": 0.00035, ""chosen_gpu"": 0}, {""model"": ""model_4"", ""current_gpu"": 0, ""best_gpu"": 1, ""current_r"": 0.05874637925733046, ""best_r"": 0.03214118344258334, ""absolute_delta"": 0.026605195814747115, ""tau"": 0.00035, ""chosen_gpu"": 1}]"
steady,6,1,40,1787605744.7077973,0.00035,0.0950024740458808,0.0950024740458808,0.04417927851221369,1+3,2+2,"{""model_3"": 1, ""model_4"": 0, ""model_5"": 0, ""model_6"": 0}","{""model_3"": 1, ""model_4"": 1, ""model_5"": 0, ""model_6"": 0}",1,model_4,True,,migration cooldown active,1,0,,,,,,4,2,1,0.025535251034462705,"[{""model"": ""model_3"", ""current_gpu"": 1, ""best_gpu"": 0, ""current_r"": 0.0, ""best_r"": 0.0, ""absolute_delta"": 0.0, ""tau"": 0.00035, ""chosen_gpu"": 1}, {""model"": ""model_5"", ""current_gpu"": 0, ""best_gpu"": 0, ""current_r"": 0.0, ""best_r"": 0.0, ""absolute_delta"": 0.0, ""tau"": 0.00035, ""chosen_gpu"": 0}, {""model"": ""model_6"", ""current_gpu"": 0, ""best_gpu"": 0, ""current_r"": 0.034994266434128715, ""best_r"": 0.034994266434128715, ""absolute_delta"": 0.0, ""tau"": 0.00035, ""chosen_gpu"": 0}, {""model"": ""model_4"", ""current_gpu"": 0, ""best_gpu"": 1, ""current_r"": 0.0697145295466764, ""best_r"": 0.04417927851221369, ""absolute_delta"": 0.025535251034462705, ""tau"": 0.00035, ""chosen_gpu"": 1}]"
steady,6,1,41,1787605749.7326615,0.00035,0.08108587201993392,0.08108587201993392,0.03243207648929989,1+3,2+2,"{""model_3"": 1, ""model_4"": 0, ""model_5"": 0, ""model_6"": 0}","{""model_3"": 1, ""model_4"": 1, ""model_5"": 0, ""model_6"": 0}",1,model_4,True,,migration cooldown active,1,0,,,,,,4,2,1,0.024606467053194074,"[{""model"": ""model_3"", ""current_gpu"": 1, ""best_gpu"": 0, ""current_r"": 0.0, ""best_r"": 0.0, ""absolute_delta"": 0.0, ""tau"": 0.00035, ""chosen_gpu"": 1}, {""model"": ""model_5"", ""current_gpu"": 0, ""best_gpu"": 0, ""current_r"": 0.0, ""best_r"": 0.0, ""absolute_delta"": 0.0, ""tau"": 0.00035, ""chosen_gpu"": 0}, {""model"": ""model_6"", ""current_gpu"": 0, ""best_gpu"": 0, ""current_r"": 0.02498218969487991, ""best_r"": 0.02498218969487991, ""absolute_delta"": 0.0, ""tau"": 0.00035, ""chosen_gpu"": 0}, {""model"": ""model_4"", ""current_gpu"": 0, ""best_gpu"": 1, ""current_r"": 0.057038543542493964, ""best_r"": 0.03243207648929989, ""absolute_delta"": 0.024606467053194074, ""tau"": 0.00035, ""chosen_gpu"": 1}]"
steady,6,1,42,1787605754.754645,0.00035,0.09033527013081354,0.09033527013081354,0.03276116732231552,1+3,2+2,"{""model_3"": 1, ""model_4"": 0, ""model_5"": 0, ""model_6"": 0}","{""model_3"": 1, ""model_4"": 1, ""model_5"": 0, ""model_6"": 0}",1,model_4,True,,migration cooldown active,1,0,,,,,,4,2,1,0.030706851897937003,"[{""model"": ""model_3"", ""current_gpu"": 1, ""best_gpu"": 0, ""current_r"": 0.0, ""best_r"": 0.0, ""absolute_delta"": 0.0, ""tau"": 0.00035, ""chosen_gpu"": 1}, {""model"": ""model_5"", ""current_gpu"": 0, ""best_gpu"": 0, ""current_r"": 0.0, ""best_r"": 0.0, ""absolute_delta"": 0.0, ""tau"": 0.00035, ""chosen_gpu"": 0}, {""model"": ""model_6"", ""current_gpu"": 0, ""best_gpu"": 0, ""current_r"": 0.02775527783363299, ""best_r"": 0.02775527783363299, ""absolute_delta"": 0.0, ""tau"": 0.00035, ""chosen_gpu"": 0}, {""model"": ""model_4"", ""current_gpu"": 0, ""best_gpu"": 1, ""current_r"": 0.06346801922025253, ""best_r"": 0.03276116732231552, ""absolute_delta"": 0.030706851897937003, ""tau"": 0.00035, ""chosen_gpu"": 1}]"
steady,6,1,43,1787605759.7804203,0.00035,0.09587876530180048,0.09587876530180048,0.032546944531778234,1+3,2+2,"{""model_3"": 1, ""model_4"": 0, ""model_5"": 0, ""model_6"": 0}","{""model_3"": 1, ""model_4"": 1, ""model_5"": 0, ""model_6"": 0}",1,model_4,True,,migration cooldown active,1,0,,,,,,4,2,1,0.035441197293662983,"[{""model"": ""model_3"", ""current_gpu"": 1, ""best_gpu"": 0, ""current_r"": 0.0, ""best_r"": 0.0, ""absolute_delta"": 0.0, ""tau"": 0.00035, ""chosen_gpu"": 1}, {""model"": ""model_5"", ""current_gpu"": 0, ""best_gpu"": 0, ""current_r"": 0.0, ""best_r"": 0.0, ""absolute_delta"": 0.0, ""tau"": 0.00035, ""chosen_gpu"": 0}, {""model"": ""model_6"", ""current_gpu"": 0, ""best_gpu"": 0, ""current_r"": 0.028706653506885338, ""best_r"": 0.028706653506885338, ""absolute_delta"": 0.0, ""tau"": 0.00035, ""chosen_gpu"": 0}, {""model"": ""model_4"", ""current_gpu"": 0, ""best_gpu"": 1, ""current_r"": 0.06798814182544122, ""best_r"": 0.032546944531778234, ""absolute_delta"": 0.035441197293662983, ""tau"": 0.00035, ""chosen_gpu"": 1}]"
steady,6,1,44,1787605764.8059032,0.00035,0.10224944921395003,0.10224944921395003,0.040909712334603325,1+3,2+2,"{""model_3"": 1, ""model_4"": 0, ""model_5"": 0, ""model_6"": 0}","{""model_3"": 1, ""model_4"": 1, ""model_5"": 0, ""model_6"": 0}",1,model_4,True,,migration cooldown active,1,0,,,,,,4,2,1,0.034092666613106705,"[{""model"": ""model_3"", ""current_gpu"": 1, ""best_gpu"": 0, ""current_r"": 0.0, ""best_r"": 0.0, ""absolute_delta"": 0.0, ""tau"": 0.00035, ""chosen_gpu"": 1}, {""model"": ""model_5"", ""current_gpu"": 0, ""best_gpu"": 0, ""current_r"": 0.0, ""best_r"": 0.0, ""absolute_delta"": 0.0, ""tau"": 0.00035, ""chosen_gpu"": 0}, {""model"": ""model_6"", ""current_gpu"": 0, ""best_gpu"": 0, ""current_r"": 0.03594573878275123, ""best_r"": 0.03594573878275123, ""absolute_delta"": 0.0, ""tau"": 0.00035, ""chosen_gpu"": 0}, {""model"": ""model_4"", ""current_gpu"": 0, ""best_gpu"": 1, ""current_r"": 0.07500237894771003, ""best_r"": 0.040909712334603325, ""absolute_delta"": 0.034092666613106705, ""tau"": 0.00035, ""chosen_gpu"": 1}]"
steady,6,1,45,1787605769.8575678,0.00035,0.09661357612133042,0.09661357612133042,0.03477658866194659,1+3,2+2,"{""model_3"": 1, ""model_4"": 0, ""model_5"": 0, ""model_6"": 0}","{""model_3"": 1, ""model_4"": 1, ""model_5"": 0, ""model_6"": 0}",1,model_4,False,MIGRATE,literal line-8 absolute delta exceeds tau,1,0,,model_4,0,1,0.07174877680191595,4,3,2,0.03697218813996936,"[{""model"": ""model_3"", ""current_gpu"": 1, ""best_gpu"": 0, ""current_r"": 0.0, ""best_r"": 0.0, ""absolute_delta"": 0.0, ""tau"": 0.00035, ""chosen_gpu"": 1}, {""model"": ""model_5"", ""current_gpu"": 0, ""best_gpu"": 0, ""current_r"": 0.0, ""best_r"": 0.0, ""absolute_delta"": 0.0, ""tau"": 0.00035, ""chosen_gpu"": 0}, {""model"": ""model_6"", ""current_gpu"": 0, ""best_gpu"": 1, ""current_r"": 0.03499586351700318, ""best_r"": 0.03477658866194659, ""absolute_delta"": 0.0002192748550565865, ""tau"": 0.00035, ""chosen_gpu"": 0}, {""model"": ""model_4"", ""current_gpu"": 0, ""best_gpu"": 1, ""current_r"": 0.07174877680191595, ""best_r"": 0.03477658866194659, ""absolute_delta"": 0.03697218813996936, ""tau"": 0.00035, ""chosen_gpu"": 1}]"
steady,6,1,46,1787605774.8803117,0.00035,0.07024234213107944,0.07024234213107944,0.049327551682618535,2+2,2+2,"{""model_3"": 1, ""model_4"": 1, ""model_5"": 0, ""model_6"": 0}","{""model_3"": 1, ""model_4"": 1, ""model_5"": 0, ""model_6"": 0}",0,,True,,migration cooldown active,0,0,,,,,,4,1,1,0.0,"[{""model"": ""model_3"", ""current_gpu"": 1, ""best_gpu"": 0, ""current_r"": 0.0, ""best_r"": 0.0, ""absolute_delta"": 0.0, ""tau"": 0.00035, ""chosen_gpu"": 1}, {""model"": ""model_5"", ""current_gpu"": 0, ""best_gpu"": 0, ""current_r"": 0.0, ""best_r"": 0.0, ""absolute_delta"": 0.0, ""tau"": 0.00035, ""chosen_gpu"": 0}, {""model"": ""model_6"", ""current_gpu"": 0, ""best_gpu"": 0, ""current_r"": 0.030429486015229715, ""best_r"": 0.030429486015229715, ""absolute_delta"": 0.0, ""tau"": 0.00035, ""chosen_gpu"": 0}, {""model"": ""model_4"", ""current_gpu"": 1, ""best_gpu"": 1, ""current_r"": 0.03198337295211748, ""best_r"": 0.03198337295211748, ""absolute_delta"": 0.0, ""tau"": 0.00035, ""chosen_gpu"": 1}]"
steady,6,1,47,1787605779.915032,0.00035,0.07000170162791551,0.07000170162791551,0.04085739471996578,2+2,2+2,"{""model_3"": 1, ""model_4"": 1, ""model_5"": 0, ""model_6"": 0}","{""model_3"": 1, ""model_4"": 1, ""model_5"": 0, ""model_6"": 0}",0,,True,,migration cooldown active,0,0,,,,,,4,1,1,0.0,"[{""model"": ""model_3"", ""current_gpu"": 1, ""best_gpu"": 0, ""current_r"": 0.0, ""best_r"": 0.0, ""absolute_delta"": 0.0, ""tau"": 0.00035, ""chosen_gpu"": 1}, {""model"": ""model_6"", ""current_gpu"": 0, ""best_gpu"": 0, ""current_r"": 0.0, ""best_r"": 0.0, ""absolute_delta"": 0.0, ""tau"": 0.00035, ""chosen_gpu"": 0}, {""model"": ""model_5"", ""current_gpu"": 0, ""best_gpu"": 0, ""current_r"": 0.02725605692198374, ""best_r"": 0.02725605692198374, ""absolute_delta"": 0.0, ""tau"": 0.00035, ""chosen_gpu"": 0}, {""model"": ""model_4"", ""current_gpu"": 1, ""best_gpu"": 1, ""current_r"": 0.02914892054423234, ""best_r"": 0.02914892054423234, ""absolute_delta"": 0.0, ""tau"": 0.00035, ""chosen_gpu"": 1}]"
steady,6,1,48,1787605784.9646657,0.00035,0.06136607789203994,0.06136607789203994,0.0413507994144166,2+2,2+2,"{""model_3"": 1, ""model_4"": 1, ""model_5"": 0, ""model_6"": 0}","{""model_3"": 1, ""model_4"": 1, ""model_5"": 0, ""model_6"": 0}",0,,True,,migration cooldown active,0,0,,,,,,4,1,1,0.0,"[{""model"": ""model_3"", ""current_gpu"": 1, ""best_gpu"": 0, ""current_r"": 0.0, ""best_r"": 0.0, ""absolute_delta"": 0.0, ""tau"": 0.00035, ""chosen_gpu"": 1}, {""model"": ""model_6"", ""current_gpu"": 0, ""best_gpu"": 0, ""current_r"": 0.0, ""best_r"": 0.0, ""absolute_delta"": 0.0, ""tau"": 0.00035, ""chosen_gpu"": 0}, {""model"": ""model_5"", ""current_gpu"": 0, ""best_gpu"": 0, ""current_r"": 0.026738807005145207, ""best_r"": 0.026738807005145207, ""absolute_delta"": 0.0, ""tau"": 0.00035, ""chosen_gpu"": 0}, {""model"": ""model_4"", ""current_gpu"": 1, ""best_gpu"": 1, ""current_r"": 0.03034535773982021, ""best_r"": 0.03034535773982021, ""absolute_delta"": 0.0, ""tau"": 0.00035, ""chosen_gpu"": 1}]"
steady,6,1,49,1787605790.0281003,0.00035,0.07011646087962702,0.07011646087962702,0.03401344684473588,2+2,2+2,"{""model_3"": 1, ""model_4"": 1, ""model_5"": 0, ""model_6"": 0}","{""model_3"": 1, ""model_4"": 0, ""model_5"": 1, ""model_6"": 0}",2,"model_5,model_4",True,,migration cooldown active,2,0,,,,,,4,2,0,0.029874128497000534,"[{""model"": ""model_6"", ""current_gpu"": 0, ""best_gpu"": 0, ""current_r"": 0.0, ""best_r"": 0.0, ""absolute_delta"": 0.0, ""tau"": 0.00035, ""chosen_gpu"": 0}, {""model"": ""model_3"", ""current_gpu"": 1, ""best_gpu"": 1, ""current_r"": 0.0, ""best_r"": 0.0, ""absolute_delta"": 0.0, ""tau"": 0.00035, ""chosen_gpu"": 1}, {""model"": ""model_5"", ""current_gpu"": 0, ""best_gpu"": 1, ""current_r"": 0.029393536774652566, ""best_r"": 0.025383220444309646, ""absolute_delta"": 0.0040103163303429196, ""tau"": 0.00035, ""chosen_gpu"": 1}, {""model"": ""model_4"", ""current_gpu"": 1, ""best_gpu"": 0, ""current_r"": 0.0592676652716531, ""best_r"": 0.029393536774652566, ""absolute_delta"": 0.029874128497000534, ""tau"": 0.00035, ""chosen_gpu"": 0}]"
steady,6,1,50,1787605795.0838892,0.00035,0.060221428104950195,0.060221428104950195,0.03208441889845782,2+2,2+2,"{""model_3"": 1, ""model_4"": 1, ""model_5"": 0, ""model_6"": 0}","{""model_3"": 1, ""model_4"": 0, ""model_5"": 1, ""model_6"": 0}",2,"model_5,model_4",True,,migration cooldown active,2,0,,,,,,4,2,0,0.024362305117210697,"[{""model"": ""model_6"", ""current_gpu"": 0, ""best_gpu"": 0, ""current_r"": 0.0, ""best_r"": 0.0, ""absolute_delta"": 0.0, ""tau"": 0.00035, ""chosen_gpu"": 0}, {""model"": ""model_3"", ""current_gpu"": 1, ""best_gpu"": 1, ""current_r"": 0.0, ""best_r"": 0.0, ""absolute_delta"": 0.0, ""tau"": 0.00035, ""chosen_gpu"": 1}, {""model"": ""model_5"", ""current_gpu"": 0, ""best_gpu"": 1, ""current_r"": 0.025552825522262738, ""best_r"": 0.02128868946768348, ""absolute_delta"": 0.0042641360545792595, ""tau"": 0.00035, ""chosen_gpu"": 1}, {""model"": ""model_4"", ""current_gpu"": 1, ""best_gpu"": 0, ""current_r"": 0.049915130639473435, ""best_r"": 0.025552825522262738, ""absolute_delta"": 0.024362305117210697, ""tau"": 0.00035, ""chosen_gpu"": 0}]"
steady,6,1,51,1787605800.1221974,0.00035,0.046796557390411136,0.046796557390411136,0.02476690724264265,2+2,2+2,"{""model_3"": 1, ""model_4"": 1, ""model_5"": 0, ""model_6"": 0}","{""model_3"": 1, ""model_4"": 0, ""model_5"": 1, ""model_6"": 0}",2,"model_5,model_4",False,MIGRATE,literal line-8 absolute delta exceeds tau,2,0,,model_5,0,1,0.04716579475004985,4,2,0,0.010631951850616363,"[{""model"": ""model_6"", ""current_gpu"": 0, ""best_gpu"": 0, ""current_r"": 0.0, ""best_r"": 0.0, ""absolute_delta"": 0.0, ""tau"": 0.00035, ""chosen_gpu"": 0}, {""model"": ""model_3"", ""current_gpu"": 1, ""best_gpu"": 1, ""current_r"": 0.0, ""best_r"": 0.0, ""absolute_delta"": 0.0, ""tau"": 0.00035, ""chosen_gpu"": 1}, {""model"": ""model_5"", ""current_gpu"": 0, ""best_gpu"": 1, ""current_r"": 0.02363961982289907, ""best_r"": 0.016311803383683876, ""absolute_delta"": 0.007327816439215193, ""tau"": 0.00035, ""chosen_gpu"": 1}, {""model"": ""model_4"", ""current_gpu"": 1, ""best_gpu"": 0, ""current_r"": 0.03427157167351543, ""best_r"": 0.02363961982289907, ""absolute_delta"": 0.010631951850616363, ""tau"": 0.00035, ""chosen_gpu"": 0}]"
steady,6,1,52,1787605805.1485806,0.00035,0.04873543872115513,0.026911049339487098,0.04873543872115513,1+3,2+2,"{""model_3"": 1, ""model_4"": 1, ""model_5"": 1, ""model_6"": 0}","{""model_3"": 1, ""model_4"": 0, ""model_5"": 1, ""model_6"": 0}",1,model_4,True,,migration cooldown active,1,0,,,,,,4,1,0,0.007078643020448708,"[{""model"": ""model_6"", ""current_gpu"": 0, ""best_gpu"": 0, ""current_r"": 0.0, ""best_r"": 0.0, ""absolute_delta"": 0.0, ""tau"": 0.00035, ""chosen_gpu"": 0}, {""model"": ""model_3"", ""current_gpu"": 1, ""best_gpu"": 1, ""current_r"": 0.0, ""best_r"": 0.0, ""absolute_delta"": 0.0, ""tau"": 0.00035, ""chosen_gpu"": 1}, {""model"": ""model_5"", ""current_gpu"": 1, ""best_gpu"": 1, ""current_r"": 0.018863101555275937, ""best_r"": 0.018863101555275937, ""absolute_delta"": 0.0, ""tau"": 0.00035, ""chosen_gpu"": 1}, {""model"": ""model_4"", ""current_gpu"": 1, ""best_gpu"": 0, ""current_r"": 0.033989692359935805, ""best_r"": 0.026911049339487098, ""absolute_delta"": 0.007078643020448708, ""tau"": 0.00035, ""chosen_gpu"": 0}]"
steady,6,1,53,1787605810.1747026,0.00035,0.06555345088605537,0.019487327918348826,0.06555345088605537,1+3,2+2,"{""model_3"": 1, ""model_4"": 1, ""model_5"": 1, ""model_6"": 0}","{""model_3"": 1, ""model_4"": 1, ""model_5"": 0, ""model_6"": 0}",1,model_5,True,,migration cooldown active,1,0,,,,,,4,2,1,0.007232924233736268,"[{""model"": ""model_3"", ""current_gpu"": 1, ""best_gpu"": 0, ""current_r"": 0.0, ""best_r"": 0.0, ""absolute_delta"": 0.0, ""tau"": 0.00035, ""chosen_gpu"": 1}, {""model"": ""model_6"", ""current_gpu"": 0, ""best_gpu"": 0, ""current_r"": 0.0, ""best_r"": 0.0, ""absolute_delta"": 0.0, ""tau"": 0.00035, ""chosen_gpu"": 0}, {""model"": ""model_5"", ""current_gpu"": 1, ""best_gpu"": 0, ""current_r"": 0.026720252152085094, ""best_r"": 0.019487327918348826, ""absolute_delta"": 0.007232924233736268, ""tau"": 0.00035, ""chosen_gpu"": 0}, {""model"": ""model_4"", ""current_gpu"": 1, ""best_gpu"": 1, ""current_r"": 0.026720252152085094, ""best_r"": 0.026720252152085094, ""absolute_delta"": 0.0, ""tau"": 0.00035, ""chosen_gpu"": 1}]"
steady,6,1,54,1787605815.4500628,0.00035,0.07367554317284516,0.022273226036290304,0.07367554317284516,1+3,2+2,"{""model_3"": 1, ""model_4"": 1, ""model_5"": 1, ""model_6"": 0}","{""model_3"": 1, ""model_4"": 1, ""model_5"": 0, ""model_6"": 0}",1,model_5,True,,migration cooldown active,1,0,,,,,,4,2,1,0.00985534582287892,"[{""model"": ""model_3"", ""current_gpu"": 1, ""best_gpu"": 0, ""current_r"": 0.0, ""best_r"": 0.0, ""absolute_delta"": 0.0, ""tau"": 0.00035, ""chosen_gpu"": 1}, {""model"": ""model_6"", ""current_gpu"": 0, ""best_gpu"": 0, ""current_r"": 0.0, ""best_r"": 0.0, ""absolute_delta"": 0.0, ""tau"": 0.00035, ""chosen_gpu"": 0}, {""model"": ""model_5"", ""current_gpu"": 1, ""best_gpu"": 0, ""current_r"": 0.032128571859169223, ""best_r"": 0.022273226036290304, ""absolute_delta"": 0.00985534582287892, ""tau"": 0.00035, ""chosen_gpu"": 0}, {""model"": ""model_4"", ""current_gpu"": 1, ""best_gpu"": 1, ""current_r"": 0.032128571859169223, ""best_r"": 0.032128571859169223, ""absolute_delta"": 0.0, ""tau"": 0.00035, ""chosen_gpu"": 1}]"
steady,6,1,55,1787605820.4817626,0.00035,0.08874080589858517,0.019532497870095342,0.08874080589858517,1+3,2+2,"{""model_3"": 1, ""model_4"": 1, ""model_5"": 1, ""model_6"": 0}","{""model_3"": 1, ""model_4"": 1, ""model_5"": 0, ""model_6"": 0}",1,model_5,True,,migration cooldown active,1,0,,,,,,4,2,1,0.019822857008036637,"[{""model"": ""model_3"", ""current_gpu"": 1, ""best_gpu"": 0, ""current_r"": 0.0, ""best_r"": 0.0, ""absolute_delta"": 0.0, ""tau"": 0.00035, ""chosen_gpu"": 1}, {""model"": ""model_6"", ""current_gpu"": 0, ""best_gpu"": 0, ""current_r"": 0.0, ""best_r"": 0.0, ""absolute_delta"": 0.0, ""tau"": 0.00035, ""chosen_gpu"": 0}, {""model"": ""model_5"", ""current_gpu"": 1, ""best_gpu"": 0, ""current_r"": 0.03935535487813198, ""best_r"": 0.019532497870095342, ""absolute_delta"": 0.019822857008036637, ""tau"": 0.00035, ""chosen_gpu"": 0}, {""model"": ""model_4"", ""current_gpu"": 1, ""best_gpu"": 1, ""current_r"": 0.03935535487813198, ""best_r"": 0.03935535487813198, ""absolute_delta"": 0.0, ""tau"": 0.00035, ""chosen_gpu"": 1}]"
steady,6,1,56,1787605825.512606,0.00035,0.09878255793275288,0.021189840225119574,0.09878255793275288,1+3,2+2,"{""model_3"": 1, ""model_4"": 1, ""model_5"": 1, ""model_6"": 0}","{""model_3"": 1, ""model_4"": 1, ""model_5"": 0, ""model_6"": 0}",1,model_5,True,,migration cooldown active,1,0,,,,,,4,2,1,0.02442048831158997,"[{""model"": ""model_3"", ""current_gpu"": 1, ""best_gpu"": 0, ""current_r"": 0.0, ""best_r"": 0.0, ""absolute_delta"": 0.0, ""tau"": 0.00035, ""chosen_gpu"": 1}, {""model"": ""model_6"", ""current_gpu"": 0, ""best_gpu"": 0, ""current_r"": 0.0, ""best_r"": 0.0, ""absolute_delta"": 0.0, ""tau"": 0.00035, ""chosen_gpu"": 0}, {""model"": ""model_5"", ""current_gpu"": 1, ""best_gpu"": 0, ""current_r"": 0.04561032853670954, ""best_r"": 0.021189840225119574, ""absolute_delta"": 0.02442048831158997, ""tau"": 0.00035, ""chosen_gpu"": 0}, {""model"": ""model_4"", ""current_gpu"": 1, ""best_gpu"": 1, ""current_r"": 0.04561032853670954, ""best_r"": 0.04561032853670954, ""absolute_delta"": 0.0, ""tau"": 0.00035, ""chosen_gpu"": 1}]"
steady,6,1,57,1787605830.5433865,0.00035,0.09234792343711945,0.027200778193382444,0.09234792343711945,1+3,2+2,"{""model_3"": 1, ""model_4"": 1, ""model_5"": 1, ""model_6"": 0}","{""model_3"": 1, ""model_4"": 1, ""model_5"": 0, ""model_6"": 0}",1,model_5,False,MIGRATE,literal line-8 absolute delta exceeds tau,1,0,,model_5,1,0,0.06398299904960081,4,2,1,0.011332333832790836,"[{""model"": ""model_3"", ""current_gpu"": 1, ""best_gpu"": 0, ""current_r"": 0.0, ""best_r"": 0.0, ""absolute_delta"": 0.0, ""tau"": 0.00035, ""chosen_gpu"": 1}, {""model"": ""model_6"", ""current_gpu"": 0, ""best_gpu"": 0, ""current_r"": 0.0, ""best_r"": 0.0, ""absolute_delta"": 0.0, ""tau"": 0.00035, ""chosen_gpu"": 0}, {""model"": ""model_5"", ""current_gpu"": 1, ""best_gpu"": 0, ""current_r"": 0.03853311202617328, ""best_r"": 0.027200778193382444, ""absolute_delta"": 0.011332333832790836, ""tau"": 0.00035, ""chosen_gpu"": 0}, {""model"": ""model_4"", ""current_gpu"": 1, ""best_gpu"": 1, ""current_r"": 0.03853311202617328, ""best_r"": 0.03853311202617328, ""absolute_delta"": 0.0, ""tau"": 0.00035, ""chosen_gpu"": 1}]"
steady,6,1,58,1787605835.571092,0.00035,0.060681515463944624,0.060681515463944624,0.051903569885103806,2+2,2+2,"{""model_3"": 1, ""model_4"": 1, ""model_5"": 0, ""model_6"": 0}","{""model_3"": 1, ""model_4"": 1, ""model_5"": 0, ""model_6"": 0}",0,,True,,migration cooldown active,0,0,,,,,,4,1,1,0.0,"[{""model"": ""model_3"", ""current_gpu"": 1, ""best_gpu"": 0, ""current_r"": 0.0, ""best_r"": 0.0, ""absolute_delta"": 0.0, ""tau"": 0.00035, ""chosen_gpu"": 1}, {""model"": ""model_6"", ""current_gpu"": 0, ""best_gpu"": 0, ""current_r"": 0.0, ""best_r"": 0.0, ""absolute_delta"": 0.0, ""tau"": 0.00035, ""chosen_gpu"": 0}, {""model"": ""model_5"", ""current_gpu"": 0, ""best_gpu"": 0, ""current_r"": 0.024519607249067234, ""best_r"": 0.024519607249067234, ""absolute_delta"": 0.0, ""tau"": 0.00035, ""chosen_gpu"": 0}, {""model"": ""model_4"", ""current_gpu"": 1, ""best_gpu"": 1, ""current_r"": 0.04274389052302942, ""best_r"": 0.04274389052302942, ""absolute_delta"": 0.0, ""tau"": 0.00035, ""chosen_gpu"": 1}]"
steady,6,1,59,1787605840.6036384,0.00035,0.08172330006874803,0.08172330006874803,0.06273454587131394,2+2,2+2,"{""model_3"": 1, ""model_4"": 1, ""model_5"": 0, ""model_6"": 0}","{""model_3"": 1, ""model_4"": 1, ""model_5"": 0, ""model_6"": 0}",0,,True,,migration cooldown active,0,0,,,,,,4,1,1,0.0,"[{""model"": ""model_3"", ""current_gpu"": 1, ""best_gpu"": 0, ""current_r"": 0.0, ""best_r"": 0.0, ""absolute_delta"": 0.0, ""tau"": 0.00035, ""chosen_gpu"": 1}, {""model"": ""model_5"", ""current_gpu"": 0, ""best_gpu"": 0, ""current_r"": 0.0, ""best_r"": 0.0, ""absolute_delta"": 0.0, ""tau"": 0.00035, ""chosen_gpu"": 0}, {""model"": ""model_6"", ""current_gpu"": 0, ""best_gpu"": 0, ""current_r"": 0.04142859402801855, ""best_r"": 0.04142859402801855, ""absolute_delta"": 0.0, ""tau"": 0.00035, ""chosen_gpu"": 0}, {""model"": ""model_4"", ""current_gpu"": 1, ""best_gpu"": 1, ""current_r"": 0.04979237010844241, ""best_r"": 0.04979237010844241, ""absolute_delta"": 0.0, ""tau"": 0.00035, ""chosen_gpu"": 1}]"
steady,6,1,60,1787605845.636315,0.00035,0.0783054521512284,0.0783054521512284,0.043968492060107965,2+2,2+2,"{""model_3"": 1, ""model_4"": 1, ""model_5"": 0, ""model_6"": 0}","{""model_3"": 1, ""model_4"": 0, ""model_5"": 0, ""model_6"": 1}",2,"model_6,model_4",True,,migration cooldown active,2,1,target memory infeasible,,,,,4,3,1,0.03324112185610256,"[{""model"": ""model_3"", ""current_gpu"": 1, ""best_gpu"": 0, ""current_r"": 0.0, ""best_r"": 0.0, ""absolute_delta"": 0.0, ""tau"": 0.00035, ""chosen_gpu"": 1}, {""model"": ""model_5"", ""current_gpu"": 0, ""best_gpu"": 0, ""current_r"": 0.0, ""best_r"": 0.0, ""absolute_delta"": 0.0, ""tau"": 0.00035, ""chosen_gpu"": 0}, {""model"": ""model_6"", ""current_gpu"": 0, ""best_gpu"": 1, ""current_r"": 0.03644687484340993, ""best_r"": 0.03469857564881269, ""absolute_delta"": 0.001748299194597236, ""tau"": 0.00035, ""chosen_gpu"": 1}, {""model"": ""model_4"", ""current_gpu"": 1, ""best_gpu"": 0, ""current_r"": 0.06968799669951249, ""best_r"": 0.03644687484340993, ""absolute_delta"": 0.03324112185610256, ""tau"": 0.00035, ""chosen_gpu"": 0}]"
steady,6,1,61,1787605850.6669292,0.00035,0.07730994440517293,0.07730994440517293,0.037849263400291475,2+2,2+2,"{""model_3"": 1, ""model_4"": 1, ""model_5"": 0, ""model_6"": 0}","{""model_3"": 1, ""model_4"": 0, ""model_5"": 0, ""model_6"": 1}",2,"model_6,model_4",True,,migration cooldown active,2,1,target memory infeasible,,,,,4,3,1,0.03810949319136467,"[{""model"": ""model_3"", ""current_gpu"": 1, ""best_gpu"": 0, ""current_r"": 0.0, ""best_r"": 0.0, ""absolute_delta"": 0.0, ""tau"": 0.00035, ""chosen_gpu"": 1}, {""model"": ""model_5"", ""current_gpu"": 0, ""best_gpu"": 0, ""current_r"": 0.0, ""best_r"": 0.0, ""absolute_delta"": 0.0, ""tau"": 0.00035, ""chosen_gpu"": 0}, {""model"": ""model_6"", ""current_gpu"": 0, ""best_gpu"": 1, ""current_r"": 0.030720141697840417, ""best_r"": 0.02966873109636239, ""absolute_delta"": 0.0010514106014780263, ""tau"": 0.00035, ""chosen_gpu"": 1}, {""model"": ""model_4"", ""current_gpu"": 1, ""best_gpu"": 0, ""current_r"": 0.06882963488920509, ""best_r"": 0.030720141697840417, ""absolute_delta"": 0.03810949319136467, ""tau"": 0.00035, ""chosen_gpu"": 0}]"
steady,6,1,62,1787605855.703373,0.00035,0.08677705071053463,0.08677705071053463,0.04519114507577608,2+2,2+2,"{""model_3"": 1, ""model_4"": 1, ""model_5"": 0, ""model_6"": 0}","{""model_3"": 1, ""model_4"": 0, ""model_5"": 0, ""model_6"": 1}",2,"model_6,model_4",True,,migration cooldown active,2,1,target memory infeasible,,,,,4,3,1,0.04050748164172054,"[{""model"": ""model_3"", ""current_gpu"": 1, ""best_gpu"": 0, ""current_r"": 0.0, ""best_r"": 0.0, ""absolute_delta"": 0.0, ""tau"": 0.00035, ""chosen_gpu"": 1}, {""model"": ""model_5"", ""current_gpu"": 0, ""best_gpu"": 0, ""current_r"": 0.0, ""best_r"": 0.0, ""absolute_delta"": 0.0, ""tau"": 0.00035, ""chosen_gpu"": 0}, {""model"": ""model_6"", ""current_gpu"": 0, ""best_gpu"": 1, ""current_r"": 0.037222624942996156, ""best_r"": 0.03608256584666899, ""absolute_delta"": 0.0011400590963271673, ""tau"": 0.00035, ""chosen_gpu"": 1}, {""model"": ""model_4"", ""current_gpu"": 1, ""best_gpu"": 0, ""current_r"": 0.0777301065847167, ""best_r"": 0.037222624942996156, ""absolute_delta"": 0.04050748164172054, ""tau"": 0.00035, ""chosen_gpu"": 0}]"
steady,6,1,63,1787605860.784703,0.00035,0.09501548099800808,0.09501548099800808,0.05510785269196649,2+2,2+2,"{""model_3"": 1, ""model_4"": 1, ""model_5"": 0, ""model_6"": 0}","{""model_3"": 1, ""model_4"": 1, ""model_5"": 0, ""model_6"": 0}",0,,False,,line-8 placement unchanged or every candidate blocked,0,0,,,,,,4,1,1,0.0,"[{""model"": ""model_3"", ""current_gpu"": 1, ""best_gpu"": 0, ""current_r"": 0.0, ""best_r"": 0.0, ""absolute_delta"": 0.0, ""tau"": 0.00035, ""chosen_gpu"": 1}, {""model"": ""model_5"", ""current_gpu"": 0, ""best_gpu"": 0, ""current_r"": 0.0, ""best_r"": 0.0, ""absolute_delta"": 0.0, ""tau"": 0.00035, ""chosen_gpu"": 0}, {""model"": ""model_6"", ""current_gpu"": 0, ""best_gpu"": 0, ""current_r"": 0.037002865768168455, ""best_r"": 0.037002865768168455, ""absolute_delta"": 0.0, ""tau"": 0.00035, ""chosen_gpu"": 0}, {""model"": ""model_4"", ""current_gpu"": 1, ""best_gpu"": 1, ""current_r"": 0.0447642503509292, ""best_r"": 0.0447642503509292, ""absolute_delta"": 0.0, ""tau"": 0.00035, ""chosen_gpu"": 1}]"
steady,6,1,64,1787605865.8699474,0.00035,0.08052941881514392,0.08052941881514392,0.046388489413008965,2+2,2+2,"{""model_3"": 1, ""model_4"": 1, ""model_5"": 0, ""model_6"": 0}","{""model_3"": 1, ""model_4"": 1, ""model_5"": 0, ""model_6"": 0}",0,,False,,line-8 placement unchanged or every candidate blocked,0,0,,,,,,4,1,1,0.0,"[{""model"": ""model_3"", ""current_gpu"": 1, ""best_gpu"": 0, ""current_r"": 0.0, ""best_r"": 0.0, ""absolute_delta"": 0.0, ""tau"": 0.00035, ""chosen_gpu"": 1}, {""model"": ""model_5"", ""current_gpu"": 0, ""best_gpu"": 0, ""current_r"": 0.0, ""best_r"": 0.0, ""absolute_delta"": 0.0, ""tau"": 0.00035, ""chosen_gpu"": 0}, {""model"": ""model_6"", ""current_gpu"": 0, ""best_gpu"": 0, ""current_r"": 0.03415587127130355, ""best_r"": 0.03415587127130355, ""absolute_delta"": 0.0, ""tau"": 0.00035, ""chosen_gpu"": 0}, {""model"": ""model_4"", ""current_gpu"": 1, ""best_gpu"": 1, ""current_r"": 0.03778677507904836, ""best_r"": 0.03778677507904836, ""absolute_delta"": 0.0, ""tau"": 0.00035, ""chosen_gpu"": 1}]"
steady,6,1,65,1787605870.9460993,0.00035,0.09150173133182882,0.09150173133182882,0.041983981678698816,2+2,2+2,"{""model_3"": 1, ""model_4"": 1, ""model_5"": 0, ""model_6"": 0}","{""model_3"": 1, ""model_4"": 0, ""model_5"": 0, ""model_6"": 1}",2,"model_6,model_4",False,MIGRATE,literal line-8 absolute delta exceeds tau,2,1,target memory infeasible,model_4,1,0,0.11524540521162953,4,2,0,0.03765314437989639,"[{""model"": ""model_5"", ""current_gpu"": 0, ""best_gpu"": 0, ""current_r"": 0.0, ""best_r"": 0.0, ""absolute_delta"": 0.0, ""tau"": 0.00035, ""chosen_gpu"": 0}, {""model"": ""model_3"", ""current_gpu"": 1, ""best_gpu"": 1, ""current_r"": 0.0, ""best_r"": 0.0, ""absolute_delta"": 0.0, ""tau"": 0.00035, ""chosen_gpu"": 1}, {""model"": ""model_6"", ""current_gpu"": 0, ""best_gpu"": 1, ""current_r"": 0.03786700281539555, ""best_r"": 0.03165030771134911, ""absolute_delta"": 0.006216695104046446, ""tau"": 0.00035, ""chosen_gpu"": 1}, {""model"": ""model_4"", ""current_gpu"": 1, ""best_gpu"": 0, ""current_r"": 0.07552014719529195, ""best_r"": 0.03786700281539555, ""absolute_delta"": 0.03765314437989639, ""tau"": 0.00035, ""chosen_gpu"": 0}]"
steady,6,1,66,1787605876.0838063,0.00035,0.08470086948599226,0.08470086948599226,0.021029545197252048,1+3,2+2,"{""model_3"": 1, ""model_4"": 0, ""model_5"": 0, ""model_6"": 0}","{""model_3"": 1, ""model_4"": 0, ""model_5"": 0, ""model_6"": 1}",1,model_6,True,,migration cooldown active,1,0,,,,,,4,1,0,0.0035434028631474955,"[{""model"": ""model_5"", ""current_gpu"": 0, ""best_gpu"": 0, ""current_r"": 0.0, ""best_r"": 0.0, ""absolute_delta"": 0.0, ""tau"": 0.00035, ""chosen_gpu"": 0}, {""model"": ""model_3"", ""current_gpu"": 1, ""best_gpu"": 1, ""current_r"": 0.0, ""best_r"": 0.0, ""absolute_delta"": 0.0, ""tau"": 0.00035, ""chosen_gpu"": 1}, {""model"": ""model_6"", ""current_gpu"": 0, ""best_gpu"": 1, ""current_r"": 0.024572948060399544, ""best_r"": 0.021029545197252048, ""absolute_delta"": 0.0035434028631474955, ""tau"": 0.00035, ""chosen_gpu"": 1}, {""model"": ""model_4"", ""current_gpu"": 0, ""best_gpu"": 0, ""current_r"": 0.024572948060399544, ""best_r"": 0.024572948060399544, ""absolute_delta"": 0.0, ""tau"": 0.00035, ""chosen_gpu"": 0}]"
steady,6,1,67,1787605881.1296499,0.00035,0.0950508887555839,0.0950508887555839,0.01971386611756354,1+3,2+2,"{""model_3"": 1, ""model_4"": 0, ""model_5"": 0, ""model_6"": 0}","{""model_3"": 1, ""model_4"": 0, ""model_5"": 0, ""model_6"": 1}",1,model_6,True,,migration cooldown active,1,0,,,,,,4,1,0,0.02893988182000076,"[{""model"": ""model_5"", ""current_gpu"": 0, ""best_gpu"": 0, ""current_r"": 0.0, ""best_r"": 0.0, ""absolute_delta"": 0.0, ""tau"": 0.00035, ""chosen_gpu"": 0}, {""model"": ""model_6"", ""current_gpu"": 0, ""best_gpu"": 1, ""current_r"": 0.02893988182000076, ""best_r"": 0.0, ""absolute_delta"": 0.02893988182000076, ""tau"": 0.00035, ""chosen_gpu"": 1}, {""model"": ""model_3"", ""current_gpu"": 1, ""best_gpu"": 1, ""current_r"": 0.026830328330158526, ""best_r"": 0.026830328330158526, ""absolute_delta"": 0.0, ""tau"": 0.00035, ""chosen_gpu"": 1}, {""model"": ""model_4"", ""current_gpu"": 0, ""best_gpu"": 0, ""current_r"": 0.02893988182000076, ""best_r"": 0.02893988182000076, ""absolute_delta"": 0.0, ""tau"": 0.00035, ""chosen_gpu"": 0}]"
steady,6,1,68,1787605886.169306,0.00035,0.09211059907220721,0.09211059907220721,0.027259285711002834,1+3,2+2,"{""model_3"": 1, ""model_4"": 0, ""model_5"": 0, ""model_6"": 0}","{""model_3"": 1, ""model_4"": 0, ""model_5"": 0, ""model_6"": 1}",1,model_6,True,,migration cooldown active,1,0,,,,,,4,2,1,0.0012296255340084813,"[{""model"": ""model_3"", ""current_gpu"": 1, ""best_gpu"": 0, ""current_r"": 0.0, ""best_r"": 0.0, ""absolute_delta"": 0.0, ""tau"": 0.00035, ""chosen_gpu"": 1}, {""model"": ""model_5"", ""current_gpu"": 0, ""best_gpu"": 0, ""current_r"": 0.0, ""best_r"": 0.0, ""absolute_delta"": 0.0, ""tau"": 0.00035, ""chosen_gpu"": 0}, {""model"": ""model_6"", ""current_gpu"": 0, ""best_gpu"": 1, ""current_r"": 0.028488911245011315, ""best_r"": 0.027259285711002834, ""absolute_delta"": 0.0012296255340084813, ""tau"": 0.00035, ""chosen_gpu"": 1}, {""model"": ""model_4"", ""current_gpu"": 0, ""best_gpu"": 0, ""current_r"": 0.028488911245011315, ""best_r"": 0.028488911245011315, ""absolute_delta"": 0.0, ""tau"": 0.00035, ""chosen_gpu"": 0}]"
steady,6,1,69,1787605891.2090244,0.00035,0.08566031036972778,0.08566031036972778,0.018961743582418297,1+3,2+2,"{""model_3"": 1, ""model_4"": 0, ""model_5"": 0, ""model_6"": 0}","{""model_3"": 1, ""model_4"": 0, ""model_5"": 0, ""model_6"": 1}",1,model_6,True,,migration cooldown active,1,0,,,,,,4,1,0,0.02531603618174324,"[{""model"": ""model_5"", ""current_gpu"": 0, ""best_gpu"": 0, ""current_r"": 0.0, ""best_r"": 0.0, ""absolute_delta"": 0.0, ""tau"": 0.00035, ""chosen_gpu"": 0}, {""model"": ""model_6"", ""current_gpu"": 0, ""best_gpu"": 1, ""current_r"": 0.02531603618174324, ""best_r"": 0.0, ""absolute_delta"": 0.02531603618174324, ""tau"": 0.00035, ""chosen_gpu"": 1}, {""model"": ""model_3"", ""current_gpu"": 1, ""best_gpu"": 1, ""current_r"": 0.023738893395830737, ""best_r"": 0.023738893395830737, ""absolute_delta"": 0.0, ""tau"": 0.00035, ""chosen_gpu"": 1}, {""model"": ""model_4"", ""current_gpu"": 0, ""best_gpu"": 0, ""current_r"": 0.02531603618174324, ""best_r"": 0.02531603618174324, ""absolute_delta"": 0.0, ""tau"": 0.00035, ""chosen_gpu"": 0}]"
steady,6,1,70,1787605896.2608023,0.00035,0.07600183227595121,0.07600183227595121,0.023574284729652235,1+3,2+2,"{""model_3"": 1, ""model_4"": 0, ""model_5"": 0, ""model_6"": 0}","{""model_3"": 1, ""model_4"": 1, ""model_5"": 0, ""model_6"": 0}",1,model_4,True,,migration cooldown active,1,0,,,,,,4,3,2,0.03242696022821319,"[{""model"": ""model_3"", ""current_gpu"": 1, ""best_gpu"": 0, ""current_r"": 0.0, ""best_r"": 0.0, ""absolute_delta"": 0.0, ""tau"": 0.00035, ""chosen_gpu"": 1}, {""model"": ""model_6"", ""current_gpu"": 0, ""best_gpu"": 0, ""current_r"": 0.0, ""best_r"": 0.0, ""absolute_delta"": 0.0, ""tau"": 0.00035, ""chosen_gpu"": 0}, {""model"": ""model_5"", ""current_gpu"": 0, ""best_gpu"": 1, ""current_r"": 0.02379888408861168, ""best_r"": 0.023574284729652235, ""absolute_delta"": 0.00022459935895944444, ""tau"": 0.00035, ""chosen_gpu"": 0}, {""model"": ""model_4"", ""current_gpu"": 0, ""best_gpu"": 1, ""current_r"": 0.056001244957865425, ""best_r"": 0.023574284729652235, ""absolute_delta"": 0.03242696022821319, ""tau"": 0.00035, ""chosen_gpu"": 1}]"
steady,6,1,71,1787605901.3025682,0.00035,0.07028733344675875,0.07028733344675875,0.022535163065026224,1+3,2+2,"{""model_3"": 1, ""model_4"": 0, ""model_5"": 0, ""model_6"": 0}","{""model_3"": 1, ""model_4"": 1, ""model_5"": 0, ""model_6"": 0}",1,model_4,False,MIGRATE,literal line-8 absolute delta exceeds tau,1,0,,model_4,0,1,0.04812600427405726,4,2,1,0.02559084120903104,"[{""model"": ""model_3"", ""current_gpu"": 1, ""best_gpu"": 0, ""current_r"": 0.0, ""best_r"": 0.0, ""absolute_delta"": 0.0, ""tau"": 0.00035, ""chosen_gpu"": 1}, {""model"": ""model_6"", ""current_gpu"": 0, ""best_gpu"": 0, ""current_r"": 0.0, ""best_r"": 0.0, ""absolute_delta"": 0.0, ""tau"": 0.00035, ""chosen_gpu"": 0}, {""model"": ""model_5"", ""current_gpu"": 0, ""best_gpu"": 0, ""current_r"": 0.020829814111661293, ""best_r"": 0.020829814111661293, ""absolute_delta"": 0.0, ""tau"": 0.00035, ""chosen_gpu"": 0}, {""model"": ""model_4"", ""current_gpu"": 0, ""best_gpu"": 1, ""current_r"": 0.04812600427405726, ""best_r"": 0.022535163065026224, ""absolute_delta"": 0.02559084120903104, ""tau"": 0.00035, ""chosen_gpu"": 1}]"
steady,6,1,72,1787605906.3566246,0.00035,0.06712978035004859,0.06712978035004859,0.04480427511885498,2+2,2+2,"{""model_3"": 1, ""model_4"": 1, ""model_5"": 0, ""model_6"": 0}","{""model_3"": 1, ""model_4"": 1, ""model_5"": 0, ""model_6"": 0}",0,,True,,migration cooldown active,0,0,,,,,,4,1,1,0.0,"[{""model"": ""model_3"", ""current_gpu"": 1, ""best_gpu"": 0, ""current_r"": 0.0, ""best_r"": 0.0, ""absolute_delta"": 0.0, ""tau"": 0.00035, ""chosen_gpu"": 1}, {""model"": ""model_5"", ""current_gpu"": 0, ""best_gpu"": 0, ""current_r"": 0.0, ""best_r"": 0.0, ""absolute_delta"": 0.0, ""tau"": 0.00035, ""chosen_gpu"": 0}, {""model"": ""model_6"", ""current_gpu"": 0, ""best_gpu"": 0, ""current_r"": 0.029279179540134002, ""best_r"": 0.029279179540134002, ""absolute_delta"": 0.0, ""tau"": 0.00035, ""chosen_gpu"": 0}, {""model"": ""model_4"", ""current_gpu"": 1, ""best_gpu"": 1, ""current_r"": 0.030956212158011833, ""best_r"": 0.030956212158011833, ""absolute_delta"": 0.0, ""tau"": 0.00035, ""chosen_gpu"": 1}]"
steady,6,1,73,1787605911.4089382,0.00035,0.052620078007717876,0.052620078007717876,0.047466498824735345,2+2,2+2,"{""model_3"": 1, ""model_4"": 1, ""model_5"": 0, ""model_6"": 0}","{""model_3"": 1, ""model_4"": 1, ""model_5"": 0, ""model_6"": 0}",0,,True,,migration cooldown active,0,0,,,,,,4,1,1,0.0,"[{""model"": ""model_3"", ""current_gpu"": 1, ""best_gpu"": 0, ""current_r"": 0.0, ""best_r"": 0.0, ""absolute_delta"": 0.0, ""tau"": 0.00035, ""chosen_gpu"": 1}, {""model"": ""model_6"", ""current_gpu"": 0, ""best_gpu"": 0, ""current_r"": 0.0, ""best_r"": 0.0, ""absolute_delta"": 0.0, ""tau"": 0.00035, ""chosen_gpu"": 0}, {""model"": ""model_5"", ""current_gpu"": 0, ""best_gpu"": 0, ""current_r"": 0.022144569938634173, ""best_r"": 0.022144569938634173, ""absolute_delta"": 0.0, ""tau"": 0.00035, ""chosen_gpu"": 0}, {""model"": ""model_4"", ""current_gpu"": 1, ""best_gpu"": 1, ""current_r"": 0.03247805128172225, ""best_r"": 0.03247805128172225, ""absolute_delta"": 0.0, ""tau"": 0.00035, ""chosen_gpu"": 1}]"
steady,6,1,74,1787605916.457435,0.00035,0.06159164338312343,0.06159164338312343,0.026446655004845984,2+2,2+2,"{""model_3"": 1, ""model_4"": 1, ""model_5"": 0, ""model_6"": 0}","{""model_3"": 1, ""model_4"": 0, ""model_5"": 1, ""model_6"": 0}",2,"model_5,model_4",True,,migration cooldown active,2,1,target memory infeasible,,,,,4,2,0,0.024458274404890366,"[{""model"": ""model_6"", ""current_gpu"": 0, ""best_gpu"": 0, ""current_r"": 0.0, ""best_r"": 0.0, ""absolute_delta"": 0.0, ""tau"": 0.00035, ""chosen_gpu"": 0}, {""model"": ""model_5"", ""current_gpu"": 0, ""best_gpu"": 1, ""current_r"": 0.024458274404890366, ""best_r"": 0.0, ""absolute_delta"": 0.024458274404890366, ""tau"": 0.00035, ""chosen_gpu"": 1}, {""model"": ""model_3"", ""current_gpu"": 1, ""best_gpu"": 1, ""current_r"": 0.02312026851694758, ""best_r"": 0.02312026851694758, ""absolute_delta"": 0.0, ""tau"": 0.00035, ""chosen_gpu"": 1}, {""model"": ""model_4"", ""current_gpu"": 1, ""best_gpu"": 0, ""current_r"": 0.04590793100147148, ""best_r"": 0.024458274404890366, ""absolute_delta"": 0.021449656596581115, ""tau"": 0.00035, ""chosen_gpu"": 0}]"
steady,6,1,75,1787605921.517206,0.00035,0.07442333669365288,0.07442333669365288,0.03841003541064628,2+2,2+2,"{""model_3"": 1, ""model_4"": 1, ""model_5"": 0, ""model_6"": 0}","{""model_3"": 1, ""model_4"": 0, ""model_5"": 0, ""model_6"": 1}",2,"model_6,model_4",True,,migration cooldown active,2,1,target memory infeasible,,,,,4,2,0,0.030140361486971495,"[{""model"": ""model_5"", ""current_gpu"": 0, ""best_gpu"": 0, ""current_r"": 0.0, ""best_r"": 0.0, ""absolute_delta"": 0.0, ""tau"": 0.00035, ""chosen_gpu"": 0}, {""model"": ""model_3"", ""current_gpu"": 1, ""best_gpu"": 1, ""current_r"": 0.0, ""best_r"": 0.0, ""absolute_delta"": 0.0, ""tau"": 0.00035, ""chosen_gpu"": 1}, {""model"": ""model_6"", ""current_gpu"": 0, ""best_gpu"": 1, ""current_r"": 0.032168065618372446, ""best_r"": 0.027653466372615638, ""absolute_delta"": 0.004514599245756808, ""tau"": 0.00035, ""chosen_gpu"": 1}, {""model"": ""model_4"", ""current_gpu"": 1, ""best_gpu"": 0, ""current_r"": 0.06230842710534394, ""best_r"": 0.032168065618372446, ""absolute_delta"": 0.030140361486971495, ""tau"": 0.00035, ""chosen_gpu"": 0}]"
steady,6,1,76,1787605926.5600178,0.00035,0.07997686106406207,0.07997686106406207,0.04582571872428292,2+2,2+2,"{""model_3"": 1, ""model_4"": 1, ""model_5"": 0, ""model_6"": 0}","{""model_3"": 1, ""model_4"": 1, ""model_5"": 0, ""model_6"": 0}",0,,True,,migration cooldown active,0,0,,,,,,4,1,1,0.0,"[{""model"": ""model_3"", ""current_gpu"": 1, ""best_gpu"": 0, ""current_r"": 0.0, ""best_r"": 0.0, ""absolute_delta"": 0.0, ""tau"": 0.00035, ""chosen_gpu"": 1}, {""model"": ""model_5"", ""current_gpu"": 0, ""best_gpu"": 0, ""current_r"": 0.0, ""best_r"": 0.0, ""absolute_delta"": 0.0, ""tau"": 0.00035, ""chosen_gpu"": 0}, {""model"": ""model_6"", ""current_gpu"": 0, ""best_gpu"": 0, ""current_r"": 0.03330714873793786, ""best_r"": 0.03330714873793786, ""absolute_delta"": 0.0, ""tau"": 0.00035, ""chosen_gpu"": 0}, {""model"": ""model_4"", ""current_gpu"": 1, ""best_gpu"": 1, ""current_r"": 0.03372807022272443, ""best_r"": 0.03372807022272443, ""absolute_delta"": 0.0, ""tau"": 0.00035, ""chosen_gpu"": 1}]"
steady,6,1,77,1787605931.599463,0.00035,0.07458954983621396,0.07458954983621396,0.044944562593410405,2+2,2+2,"{""model_3"": 1, ""model_4"": 1, ""model_5"": 0, ""model_6"": 0}","{""model_3"": 1, ""model_4"": 0, ""model_5"": 0, ""model_6"": 1}",2,"model_6,model_4",False,MIGRATE,literal line-8 absolute delta exceeds tau,2,1,target memory infeasible,model_4,1,0,0.09690896626027883,4,3,1,0.029348347173539527,"[{""model"": ""model_3"", ""current_gpu"": 1, ""best_gpu"": 0, ""current_r"": 0.0, ""best_r"": 0.0, ""absolute_delta"": 0.0, ""tau"": 0.00035, ""chosen_gpu"": 1}, {""model"": ""model_5"", ""current_gpu"": 0, ""best_gpu"": 0, ""current_r"": 0.0, ""best_r"": 0.0, ""absolute_delta"": 0.0, ""tau"": 0.00035, ""chosen_gpu"": 0}, {""model"": ""model_6"", ""current_gpu"": 0, ""best_gpu"": 1, ""current_r"": 0.03632108157112959, ""best_r"": 0.03388410267507374, ""absolute_delta"": 0.002436978896055854, ""tau"": 0.00035, ""chosen_gpu"": 1}, {""model"": ""model_4"", ""current_gpu"": 1, ""best_gpu"": 0, ""current_r"": 0.06566942874466912, ""best_r"": 0.03632108157112959, ""absolute_delta"": 0.029348347173539527, ""tau"": 0.00035, ""chosen_gpu"": 0}]"
steady,6,1,78,1787605936.640218,0.00035,0.08507624845585575,0.08507624845585575,0.03619857721555497,1+3,2+2,"{""model_3"": 1, ""model_4"": 0, ""model_5"": 0, ""model_6"": 0}","{""model_3"": 1, ""model_4"": 1, ""model_5"": 0, ""model_6"": 0}",1,model_4,True,,migration cooldown active,1,0,,,,,,4,2,1,0.031961638284326827,"[{""model"": ""model_3"", ""current_gpu"": 1, ""best_gpu"": 0, ""current_r"": 0.0, ""best_r"": 0.0, ""absolute_delta"": 0.0, ""tau"": 0.00035, ""chosen_gpu"": 1}, {""model"": ""model_5"", ""current_gpu"": 0, ""best_gpu"": 0, ""current_r"": 0.0, ""best_r"": 0.0, ""absolute_delta"": 0.0, ""tau"": 0.00035, ""chosen_gpu"": 0}, {""model"": ""model_6"", ""current_gpu"": 0, ""best_gpu"": 0, ""current_r"": 0.027567365419618135, ""best_r"": 0.027567365419618135, ""absolute_delta"": 0.0, ""tau"": 0.00035, ""chosen_gpu"": 0}, {""model"": ""model_4"", ""current_gpu"": 0, ""best_gpu"": 1, ""current_r"": 0.0681602154998818, ""best_r"": 0.03619857721555497, ""absolute_delta"": 0.031961638284326827, ""tau"": 0.00035, ""chosen_gpu"": 1}]"
steady,6,1,79,1787605941.681285,0.00035,0.09042674526531379,0.09042674526531379,0.03996955044077613,1+3,2+2,"{""model_3"": 1, ""model_4"": 0, ""model_5"": 0, ""model_6"": 0}","{""model_3"": 1, ""model_4"": 1, ""model_5"": 0, ""model_6"": 0}",1,model_4,True,,migration cooldown active,1,0,,,,,,4,2,1,0.026075795716585,"[{""model"": ""model_3"", ""current_gpu"": 1, ""best_gpu"": 0, ""current_r"": 0.0, ""best_r"": 0.0, ""absolute_delta"": 0.0, ""tau"": 0.00035, ""chosen_gpu"": 1}, {""model"": ""model_5"", ""current_gpu"": 0, ""best_gpu"": 0, ""current_r"": 0.0, ""best_r"": 0.0, ""absolute_delta"": 0.0, ""tau"": 0.00035, ""chosen_gpu"": 0}, {""model"": ""model_6"", ""current_gpu"": 0, ""best_gpu"": 0, ""current_r"": 0.027885799003357244, ""best_r"": 0.027885799003357244, ""absolute_delta"": 0.0, ""tau"": 0.00035, ""chosen_gpu"": 0}, {""model"": ""model_4"", ""current_gpu"": 0, ""best_gpu"": 1, ""current_r"": 0.06604534615736113, ""best_r"": 0.03996955044077613, ""absolute_delta"": 0.026075795716585, ""tau"": 0.00035, ""chosen_gpu"": 1}]"
steady,6,1,80,1787605946.724106,0.00035,0.07953614539260127,0.07953614539260127,0.03752669100070823,1+3,2+2,"{""model_3"": 1, ""model_4"": 0, ""model_5"": 0, ""model_6"": 0}","{""model_3"": 1, ""model_4"": 1, ""model_5"": 0, ""model_6"": 0}",1,model_4,True,,migration cooldown active,1,0,,,,,,4,2,1,0.022456009376087063,"[{""model"": ""model_3"", ""current_gpu"": 1, ""best_gpu"": 0, ""current_r"": 0.0, ""best_r"": 0.0, ""absolute_delta"": 0.0, ""tau"": 0.00035, ""chosen_gpu"": 1}, {""model"": ""model_6"", ""current_gpu"": 0, ""best_gpu"": 0, ""current_r"": 0.0, ""best_r"": 0.0, ""absolute_delta"": 0.0, ""tau"": 0.00035, ""chosen_gpu"": 0}, {""model"": ""model_5"", ""current_gpu"": 0, ""best_gpu"": 0, ""current_r"": 0.023214026584408562, ""best_r"": 0.023214026584408562, ""absolute_delta"": 0.0, ""tau"": 0.00035, ""chosen_gpu"": 0}, {""model"": ""model_4"", ""current_gpu"": 0, ""best_gpu"": 1, ""current_r"": 0.059982700376795296, ""best_r"": 0.03752669100070823, ""absolute_delta"": 0.022456009376087063, ""tau"": 0.00035, ""chosen_gpu"": 1}]"
steady,6,1,81,1787605951.7672808,0.00035,0.08168060126853224,0.08168060126853224,0.040036737845011605,1+3,2+2,"{""model_3"": 1, ""model_4"": 0, ""model_5"": 0, ""model_6"": 0}","{""model_3"": 1, ""model_4"": 1, ""model_5"": 0, ""model_6"": 0}",1,model_4,True,,migration cooldown active,1,0,,,,,,4,2,1,0.021091957455282348,"[{""model"": ""model_3"", ""current_gpu"": 1, ""best_gpu"": 0, ""current_r"": 0.0, ""best_r"": 0.0, ""absolute_delta"": 0.0, ""tau"": 0.00035, ""chosen_gpu"": 1}, {""model"": ""model_5"", ""current_gpu"": 0, ""best_gpu"": 0, ""current_r"": 0.0, ""best_r"": 0.0, ""absolute_delta"": 0.0, ""tau"": 0.00035, ""chosen_gpu"": 0}, {""model"": ""model_6"", ""current_gpu"": 0, ""best_gpu"": 0, ""current_r"": 0.02498570349297957, ""best_r"": 0.02498570349297957, ""absolute_delta"": 0.0, ""tau"": 0.00035, ""chosen_gpu"": 0}, {""model"": ""model_4"", ""current_gpu"": 0, ""best_gpu"": 1, ""current_r"": 0.06112869530029395, ""best_r"": 0.040036737845011605, ""absolute_delta"": 0.021091957455282348, ""tau"": 0.00035, ""chosen_gpu"": 1}]"
steady,6,1,82,1787605956.8114228,0.00035,0.08679902755378688,0.08679902755378688,0.043078981624052076,1+3,2+2,"{""model_3"": 1, ""model_4"": 0, ""model_5"": 0, ""model_6"": 0}","{""model_3"": 1, ""model_4"": 1, ""model_5"": 0, ""model_6"": 0}",1,model_4,True,,migration cooldown active,1,0,,,,,,4,2,1,0.021089831895363245,"[{""model"": ""model_3"", ""current_gpu"": 1, ""best_gpu"": 0, ""current_r"": 0.0, ""best_r"": 0.0, ""absolute_delta"": 0.0, ""tau"": 0.00035, ""chosen_gpu"": 1}, {""model"": ""model_5"", ""current_gpu"": 0, ""best_gpu"": 0, ""current_r"": 0.0, ""best_r"": 0.0, ""absolute_delta"": 0.0, ""tau"": 0.00035, ""chosen_gpu"": 0}, {""model"": ""model_6"", ""current_gpu"": 0, ""best_gpu"": 0, ""current_r"": 0.02829743037688067, ""best_r"": 0.02829743037688067, ""absolute_delta"": 0.0, ""tau"": 0.00035, ""chosen_gpu"": 0}, {""model"": ""model_4"", ""current_gpu"": 0, ""best_gpu"": 1, ""current_r"": 0.06416881351941532, ""best_r"": 0.043078981624052076, ""absolute_delta"": 0.021089831895363245, ""tau"": 0.00035, ""chosen_gpu"": 1}]"
steady,6,1,83,1787605961.8570943,0.00035,0.09222361931753165,0.09222361931753165,0.026540877160557776,1+3,2+2,"{""model_3"": 1, ""model_4"": 0, ""model_5"": 0, ""model_6"": 0}","{""model_3"": 1, ""model_4"": 1, ""model_5"": 0, ""model_6"": 0}",1,model_4,False,MIGRATE,literal line-8 absolute delta exceeds tau,1,0,,model_4,0,1,0.0647232576140405,4,3,2,0.038182380453482725,"[{""model"": ""model_3"", ""current_gpu"": 1, ""best_gpu"": 0, ""current_r"": 0.0, ""best_r"": 0.0, ""absolute_delta"": 0.0, ""tau"": 0.00035, ""chosen_gpu"": 1}, {""model"": ""model_5"", ""current_gpu"": 0, ""best_gpu"": 0, ""current_r"": 0.0, ""best_r"": 0.0, ""absolute_delta"": 0.0, ""tau"": 0.00035, ""chosen_gpu"": 0}, {""model"": ""model_6"", ""current_gpu"": 0, ""best_gpu"": 1, ""current_r"": 0.026610195838116333, ""best_r"": 0.026540877160557776, ""absolute_delta"": 6.931867755855664e-05, ""tau"": 0.00035, ""chosen_gpu"": 0}, {""model"": ""model_4"", ""current_gpu"": 0, ""best_gpu"": 1, ""current_r"": 0.0647232576140405, ""best_r"": 0.026540877160557776, ""absolute_delta"": 0.038182380453482725, ""tau"": 0.00035, ""chosen_gpu"": 1}]"
steady,6,1,84,1787605966.9045136,0.00035,0.08444666297981383,0.08444666297981383,0.03797091102570405,2+2,2+2,"{""model_3"": 1, ""model_4"": 1, ""model_5"": 0, ""model_6"": 0}","{""model_3"": 1, ""model_4"": 0, ""model_5"": 0, ""model_6"": 1}",2,"model_6,model_4",True,,migration cooldown active,2,1,target memory infeasible,,,,,4,2,0,0.02334664920302175,"[{""model"": ""model_5"", ""current_gpu"": 0, ""best_gpu"": 0, ""current_r"": 0.0, ""best_r"": 0.0, ""absolute_delta"": 0.0, ""tau"": 0.00035, ""chosen_gpu"": 0}, {""model"": ""model_3"", ""current_gpu"": 1, ""best_gpu"": 1, ""current_r"": 0.0, ""best_r"": 0.0, ""absolute_delta"": 0.0, ""tau"": 0.00035, ""chosen_gpu"": 1}, {""model"": ""model_6"", ""current_gpu"": 0, ""best_gpu"": 1, ""current_r"": 0.040011208677880813, ""best_r"": 0.028542819035719664, ""absolute_delta"": 0.01146838964216115, ""tau"": 0.00035, ""chosen_gpu"": 1}, {""model"": ""model_4"", ""current_gpu"": 1, ""best_gpu"": 0, ""current_r"": 0.06335785788090256, ""best_r"": 0.040011208677880813, ""absolute_delta"": 0.02334664920302175, ""tau"": 0.00035, ""chosen_gpu"": 0}]"
steady,6,1,85,1787605971.95056,0.00035,0.05888170179577403,0.05888170179577403,0.032930638200405975,2+2,2+2,"{""model_3"": 1, ""model_4"": 1, ""model_5"": 0, ""model_6"": 0}","{""model_3"": 1, ""model_4"": 0, ""model_5"": 0, ""model_6"": 1}",2,"model_6,model_4",True,,migration cooldown active,2,1,target memory infeasible,,,,,4,3,1,0.028432196809896115,"[{""model"": ""model_3"", ""current_gpu"": 1, ""best_gpu"": 0, ""current_r"": 0.0, ""best_r"": 0.0, ""absolute_delta"": 0.0, ""tau"": 0.00035, ""chosen_gpu"": 1}, {""model"": ""model_5"", ""current_gpu"": 0, ""best_gpu"": 0, ""current_r"": 0.0, ""best_r"": 0.0, ""absolute_delta"": 0.0, ""tau"": 0.00035, ""chosen_gpu"": 0}, {""model"": ""model_6"", ""current_gpu"": 0, ""best_gpu"": 1, ""current_r"": 0.023109308619691966, ""best_r"": 0.021634765120083763, ""absolute_delta"": 0.0014745434996082038, ""tau"": 0.00035, ""chosen_gpu"": 1}, {""model"": ""model_4"", ""current_gpu"": 1, ""best_gpu"": 0, ""current_r"": 0.05154150542958808, ""best_r"": 0.023109308619691966, ""absolute_delta"": 0.028432196809896115, ""tau"": 0.00035, ""chosen_gpu"": 0}]"
steady,6,1,86,1787605976.9977758,0.00035,0.03728676637066714,0.03728676637066714,0.02141147397083999,2+2,2+2,"{""model_3"": 1, ""model_4"": 1, ""model_5"": 0, ""model_6"": 0}","{""model_3"": 1, ""model_4"": 0, ""model_5"": 0, ""model_6"": 1}",2,"model_6,model_4",True,,migration cooldown active,2,1,target memory infeasible,,,,,4,3,1,0.018164841453962473,"[{""model"": ""model_3"", ""current_gpu"": 1, ""best_gpu"": 0, ""current_r"": 0.0, ""best_r"": 0.0, ""absolute_delta"": 0.0, ""tau"": 0.00035, ""chosen_gpu"": 1}, {""model"": ""model_5"", ""current_gpu"": 0, ""best_gpu"": 0, ""current_r"": 0.0, ""best_r"": 0.0, ""absolute_delta"": 0.0, ""tau"": 0.00035, ""chosen_gpu"": 0}, {""model"": ""model_6"", ""current_gpu"": 0, ""best_gpu"": 1, ""current_r"": 0.014975512803942123, ""best_r"": 0.0144033374763741, ""absolute_delta"": 0.0005721753275680225, ""tau"": 0.00035, ""chosen_gpu"": 1}, {""model"": ""model_4"", ""current_gpu"": 1, ""best_gpu"": 0, ""current_r"": 0.0331403542579046, ""best_r"": 0.014975512803942123, ""absolute_delta"": 0.018164841453962473, ""tau"": 0.00035, ""chosen_gpu"": 0}]"
bursty,6,1,1,1787593820.8355424,0.00035,0.000349053886393991,0.000349053886393991,7.723882086670506e-05,2+2,2+2,"{""model_3"": 1, ""model_4"": 0, ""model_5"": 0, ""model_6"": 1}","{""model_3"": 1, ""model_4"": 0, ""model_5"": 0, ""model_6"": 1}",0,,False,,line-8 placement unchanged or every candidate blocked,0,0,,,,,,4,1,1,0.00020011521399675907,"[{""model"": ""model_4"", ""current_gpu"": 0, ""best_gpu"": 0, ""current_r"": 0.0, ""best_r"": 0.0, ""absolute_delta"": 0.0, ""tau"": 0.00035, ""chosen_gpu"": 0}, {""model"": ""model_6"", ""current_gpu"": 1, ""best_gpu"": 1, ""current_r"": 0.0, ""best_r"": 0.0, ""absolute_delta"": 0.0, ""tau"": 0.00035, ""chosen_gpu"": 1}, {""model"": ""model_3"", ""current_gpu"": 1, ""best_gpu"": 1, ""current_r"": 7.010541289452834e-05, ""best_r"": 7.010541289452834e-05, ""absolute_delta"": 0.0, ""tau"": 0.00035, ""chosen_gpu"": 1}, {""model"": ""model_5"", ""current_gpu"": 0, ""best_gpu"": 1, ""current_r"": 0.0002773540348634641, ""best_r"": 7.723882086670506e-05, ""absolute_delta"": 0.00020011521399675907, ""tau"": 0.00035, ""chosen_gpu"": 0}]"
bursty,6,1,2,1787593825.8538175,0.00035,0.013537432318229708,0.013537432318229708,0.0,2+2,1+3,"{""model_3"": 1, ""model_4"": 0, ""model_5"": 0, ""model_6"": 1}","{""model_3"": 1, ""model_4"": 0, ""model_5"": 1, ""model_6"": 1}",1,model_5,False,MIGRATE,literal line-8 absolute delta exceeds tau,1,0,,model_5,0,1,0.006837111960846747,4,1,0,0.006837111960846747,"[{""model"": ""model_4"", ""current_gpu"": 0, ""best_gpu"": 0, ""current_r"": 0.0, ""best_r"": 0.0, ""absolute_delta"": 0.0, ""tau"": 0.00035, ""chosen_gpu"": 0}, {""model"": ""model_5"", ""current_gpu"": 0, ""best_gpu"": 1, ""current_r"": 0.006837111960846747, ""best_r"": 0.0, ""absolute_delta"": 0.006837111960846747, ""tau"": 0.00035, ""chosen_gpu"": 1}, {""model"": ""model_3"", ""current_gpu"": 1, ""best_gpu"": 1, ""current_r"": 0.0044842139598526695, ""best_r"": 0.0044842139598526695, ""absolute_delta"": 0.0, ""tau"": 0.00035, ""chosen_gpu"": 1}, {""model"": ""model_6"", ""current_gpu"": 1, ""best_gpu"": 1, ""current_r"": 0.004946745038019818, ""best_r"": 0.004946745038019818, ""absolute_delta"": 0.0, ""tau"": 0.00035, ""chosen_gpu"": 1}]"
bursty,6,1,3,1787593830.8628454,0.00035,0.018598429804364196,0.018598429804364196,0.011644287215663688,1+3,1+3,"{""model_3"": 1, ""model_4"": 0, ""model_5"": 1, ""model_6"": 1}","{""model_3"": 1, ""model_4"": 0, ""model_5"": 1, ""model_6"": 1}",0,,True,,migration cooldown active,0,0,,,,,,4,0,0,0.0,"[{""model"": ""model_4"", ""current_gpu"": 0, ""best_gpu"": 0, ""current_r"": 0.0, ""best_r"": 0.0, ""absolute_delta"": 0.0, ""tau"": 0.00035, ""chosen_gpu"": 0}, {""model"": ""model_5"", ""current_gpu"": 1, ""best_gpu"": 1, ""current_r"": 0.0, ""best_r"": 0.0, ""absolute_delta"": 0.0, ""tau"": 0.00035, ""chosen_gpu"": 1}, {""model"": ""model_3"", ""current_gpu"": 1, ""best_gpu"": 1, ""current_r"": 0.007963679003498297, ""best_r"": 0.007963679003498297, ""absolute_delta"": 0.0, ""tau"": 0.00035, ""chosen_gpu"": 1}, {""model"": ""model_6"", ""current_gpu"": 1, ""best_gpu"": 1, ""current_r"": 0.008785104802678087, ""best_r"": 0.008785104802678087, ""absolute_delta"": 0.0, ""tau"": 0.00035, ""chosen_gpu"": 1}]"
bursty,6,1,4,1787593835.8707128,0.00035,0.04016532551126631,0.018813721373437172,0.04016532551126631,1+3,1+3,"{""model_3"": 1, ""model_4"": 0, ""model_5"": 1, ""model_6"": 1}","{""model_3"": 0, ""model_4"": 0, ""model_5"": 1, ""model_6"": 0}",2,"model_3,model_6",True,,migration cooldown active,2,0,,,,,,4,3,1,0.008655865516559062,"[{""model"": ""model_5"", ""current_gpu"": 1, ""best_gpu"": 0, ""current_r"": 0.0, ""best_r"": 0.0, ""absolute_delta"": 0.0, ""tau"": 0.00035, ""chosen_gpu"": 1}, {""model"": ""model_4"", ""current_gpu"": 0, ""best_gpu"": 0, ""current_r"": 0.0, ""best_r"": 0.0, ""absolute_delta"": 0.0, ""tau"": 0.00035, ""chosen_gpu"": 0}, {""model"": ""model_3"", ""current_gpu"": 1, ""best_gpu"": 0, ""current_r"": 0.027469586889996234, ""best_r"": 0.018813721373437172, ""absolute_delta"": 0.008655865516559062, ""tau"": 0.00035, ""chosen_gpu"": 0}, {""model"": ""model_6"", ""current_gpu"": 1, ""best_gpu"": 0, ""current_r"": 0.027469586889996234, ""best_r"": 0.02048819006528401, ""absolute_delta"": 0.006981396824712223, ""tau"": 0.00035, ""chosen_gpu"": 0}]"
bursty,6,1,5,1787593840.8788686,0.00035,0.02635887032973335,0.022668859438184998,0.02635887032973335,1+3,1+3,"{""model_3"": 1, ""model_4"": 0, ""model_5"": 1, ""model_6"": 1}","{""model_3"": 1, ""model_4"": 0, ""model_5"": 1, ""model_6"": 1}",0,,True,,migration cooldown active,0,0,,,,,,4,0,0,0.0,"[{""model"": ""model_4"", ""current_gpu"": 0, ""best_gpu"": 0, ""current_r"": 0.0, ""best_r"": 0.0, ""absolute_delta"": 0.0, ""tau"": 0.00035, ""chosen_gpu"": 0}, {""model"": ""model_5"", ""current_gpu"": 1, ""best_gpu"": 1, ""current_r"": 0.0, ""best_r"": 0.0, ""absolute_delta"": 0.0, ""tau"": 0.00035, ""chosen_gpu"": 1}, {""model"": ""model_3"", ""current_gpu"": 1, ""best_gpu"": 1, ""current_r"": 0.018027173180549833, ""best_r"": 0.018027173180549833, ""absolute_delta"": 0.0, ""tau"": 0.00035, ""chosen_gpu"": 1}, {""model"": ""model_6"", ""current_gpu"": 1, ""best_gpu"": 1, ""current_r"": 0.019886613412919914, ""best_r"": 0.019886613412919914, ""absolute_delta"": 0.0, ""tau"": 0.00035, ""chosen_gpu"": 1}]"
bursty,6,1,6,1787593845.885784,0.00035,0.043837810515103236,0.026336621628607268,0.043837810515103236,1+3,1+3,"{""model_3"": 1, ""model_4"": 0, ""model_5"": 1, ""model_6"": 1}","{""model_3"": 0, ""model_4"": 0, ""model_5"": 1, ""model_6"": 0}",2,"model_3,model_6",True,,migration cooldown active,2,0,,,,,,4,2,0,0.0036446253719689126,"[{""model"": ""model_4"", ""current_gpu"": 0, ""best_gpu"": 0, ""current_r"": 0.0, ""best_r"": 0.0, ""absolute_delta"": 0.0, ""tau"": 0.00035, ""chosen_gpu"": 0}, {""model"": ""model_5"", ""current_gpu"": 1, ""best_gpu"": 1, ""current_r"": 0.0, ""best_r"": 0.0, ""absolute_delta"": 0.0, ""tau"": 0.00035, ""chosen_gpu"": 1}, {""model"": ""model_3"", ""current_gpu"": 1, ""best_gpu"": 0, ""current_r"": 0.02998124700057618, ""best_r"": 0.026336621628607268, ""absolute_delta"": 0.0036446253719689126, ""tau"": 0.00035, ""chosen_gpu"": 0}, {""model"": ""model_6"", ""current_gpu"": 1, ""best_gpu"": 0, ""current_r"": 0.02998124700057618, ""best_r"": 0.028680647432475243, ""absolute_delta"": 0.0013005995681009373, ""tau"": 0.00035, ""chosen_gpu"": 0}]"
bursty,6,1,7,1787593850.8950915,0.00035,0.05677218241983076,0.03281815275792784,0.05677218241983076,1+3,1+3,"{""model_3"": 1, ""model_4"": 0, ""model_5"": 1, ""model_6"": 1}","{""model_3"": 0, ""model_4"": 0, ""model_5"": 1, ""model_6"": 0}",2,"model_3,model_6",True,,migration cooldown active,2,0,,,,,,4,3,1,0.006009078891889563,"[{""model"": ""model_5"", ""current_gpu"": 1, ""best_gpu"": 0, ""current_r"": 0.0, ""best_r"": 0.0, ""absolute_delta"": 0.0, ""tau"": 0.00035, ""chosen_gpu"": 1}, {""model"": ""model_4"", ""current_gpu"": 0, ""best_gpu"": 0, ""current_r"": 0.0, ""best_r"": 0.0, ""absolute_delta"": 0.0, ""tau"": 0.00035, ""chosen_gpu"": 0}, {""model"": ""model_3"", ""current_gpu"": 1, ""best_gpu"": 0, ""current_r"": 0.038827231649817405, ""best_r"": 0.03281815275792784, ""absolute_delta"": 0.006009078891889563, ""tau"": 0.00035, ""chosen_gpu"": 0}, {""model"": ""model_6"", ""current_gpu"": 1, ""best_gpu"": 0, ""current_r"": 0.038827231649817405, ""best_r"": 0.03573905119299155, ""absolute_delta"": 0.003088180456825858, ""tau"": 0.00035, ""chosen_gpu"": 0}]"
bursty,6,1,8,1787593855.9189851,0.00035,0.04147638896205077,0.03384154221603991,0.04147638896205077,1+3,1+3,"{""model_3"": 1, ""model_4"": 0, ""model_5"": 1, ""model_6"": 1}","{""model_3"": 1, ""model_4"": 0, ""model_5"": 1, ""model_6"": 1}",0,,False,,line-8 placement unchanged or every candidate blocked,0,0,,,,,,4,0,0,0.0,"[{""model"": ""model_4"", ""current_gpu"": 0, ""best_gpu"": 0, ""current_r"": 0.0, ""best_r"": 0.0, ""absolute_delta"": 0.0, ""tau"": 0.00035, ""chosen_gpu"": 0}, {""model"": ""model_5"", ""current_gpu"": 1, ""best_gpu"": 1, ""current_r"": 0.0, ""best_r"": 0.0, ""absolute_delta"": 0.0, ""tau"": 0.00035, ""chosen_gpu"": 1}, {""model"": ""model_3"", ""current_gpu"": 1, ""best_gpu"": 1, ""current_r"": 0.0283662401828849, ""best_r"": 0.0283662401828849, ""absolute_delta"": 0.0, ""tau"": 0.00035, ""chosen_gpu"": 1}, {""model"": ""model_6"", ""current_gpu"": 1, ""best_gpu"": 1, ""current_r"": 0.03129211922719551, ""best_r"": 0.03129211922719551, ""absolute_delta"": 0.0, ""tau"": 0.00035, ""chosen_gpu"": 1}]"
bursty,6,1,9,1787593860.9287362,0.00035,0.05772526991234647,0.02191269245255377,0.05772526991234647,1+3,1+3,"{""model_3"": 1, ""model_4"": 0, ""model_5"": 1, ""model_6"": 1}","{""model_3"": 0, ""model_4"": 0, ""model_5"": 1, ""model_6"": 0}",2,"model_6,model_3",False,MIGRATE,literal line-8 absolute delta exceeds tau,2,0,,model_6,1,0,0.03998022477835075,4,3,1,0.01432929711659002,"[{""model"": ""model_5"", ""current_gpu"": 1, ""best_gpu"": 0, ""current_r"": 0.0, ""best_r"": 0.0, ""absolute_delta"": 0.0, ""tau"": 0.00035, ""chosen_gpu"": 1}, {""model"": ""model_4"", ""current_gpu"": 0, ""best_gpu"": 0, ""current_r"": 0.0, ""best_r"": 0.0, ""absolute_delta"": 0.0, ""tau"": 0.00035, ""chosen_gpu"": 0}, {""model"": ""model_6"", ""current_gpu"": 1, ""best_gpu"": 0, ""current_r"": 0.03624198956914379, ""best_r"": 0.02191269245255377, ""absolute_delta"": 0.01432929711659002, ""tau"": 0.00035, ""chosen_gpu"": 0}, {""model"": ""model_3"", ""current_gpu"": 1, ""best_gpu"": 0, ""current_r"": 0.03624198956914379, ""best_r"": 0.030718710054003444, ""absolute_delta"": 0.005523279515140346, ""tau"": 0.00035, ""chosen_gpu"": 0}]"
bursty,6,1,10,1787593865.9348085,0.00035,0.04289295971275902,0.022853772653901386,0.04289295971275902,2+2,1+3,"{""model_3"": 1, ""model_4"": 0, ""model_5"": 1, ""model_6"": 0}","{""model_3"": 0, ""model_4"": 0, ""model_5"": 1, ""model_6"": 0}",1,model_3,True,,migration cooldown active,1,0,,,,,,4,2,1,0.013753585166022007,"[{""model"": ""model_5"", ""current_gpu"": 1, ""best_gpu"": 0, ""current_r"": 0.0, ""best_r"": 0.0, ""absolute_delta"": 0.0, ""tau"": 0.00035, ""chosen_gpu"": 1}, {""model"": ""model_4"", ""current_gpu"": 0, ""best_gpu"": 0, ""current_r"": 0.0, ""best_r"": 0.0, ""absolute_delta"": 0.0, ""tau"": 0.00035, ""chosen_gpu"": 0}, {""model"": ""model_6"", ""current_gpu"": 0, ""best_gpu"": 0, ""current_r"": 0.012768312724117362, ""best_r"": 0.012768312724117362, ""absolute_delta"": 0.0, ""tau"": 0.00035, ""chosen_gpu"": 0}, {""model"": ""model_3"", ""current_gpu"": 1, ""best_gpu"": 0, ""current_r"": 0.03660735781992339, ""best_r"": 0.022853772653901386, ""absolute_delta"": 0.013753585166022007, ""tau"": 0.00035, ""chosen_gpu"": 0}]"
bursty,6,1,11,1787593870.967842,0.00035,0.10284624786727065,0.03045359353942189,0.10284624786727065,2+2,1+3,"{""model_3"": 1, ""model_4"": 0, ""model_5"": 1, ""model_6"": 0}","{""model_3"": 0, ""model_4"": 0, ""model_5"": 1, ""model_6"": 0}",1,model_3,True,,migration cooldown active,1,0,,,,,,4,2,1,0.05935079842467591,"[{""model"": ""model_5"", ""current_gpu"": 1, ""best_gpu"": 0, ""current_r"": 0.0, ""best_r"": 0.0, ""absolute_delta"": 0.0, ""tau"": 0.00035, ""chosen_gpu"": 1}, {""model"": ""model_6"", ""current_gpu"": 0, ""best_gpu"": 0, ""current_r"": 0.0, ""best_r"": 0.0, ""absolute_delta"": 0.0, ""tau"": 0.00035, ""chosen_gpu"": 0}, {""model"": ""model_4"", ""current_gpu"": 0, ""best_gpu"": 0, ""current_r"": 0.015401865268423425, ""best_r"": 0.015401865268423425, ""absolute_delta"": 0.0, ""tau"": 0.00035, ""chosen_gpu"": 0}, {""model"": ""model_3"", ""current_gpu"": 1, ""best_gpu"": 0, ""current_r"": 0.0898043919640978, ""best_r"": 0.03045359353942189, ""absolute_delta"": 0.05935079842467591, ""tau"": 0.00035, ""chosen_gpu"": 0}]"
bursty,6,1,12,1787593876.0104036,0.00035,0.09528189651887466,0.029041997849771475,0.09528189651887466,2+2,1+3,"{""model_3"": 1, ""model_4"": 0, ""model_5"": 1, ""model_6"": 0}","{""model_3"": 0, ""model_4"": 0, ""model_5"": 1, ""model_6"": 0}",1,model_3,True,,migration cooldown active,1,0,,,,,,4,2,1,0.04880297919976678,"[{""model"": ""model_5"", ""current_gpu"": 1, ""best_gpu"": 0, ""current_r"": 0.0, ""best_r"": 0.0, ""absolute_delta"": 0.0, ""tau"": 0.00035, ""chosen_gpu"": 1}, {""model"": ""model_6"", ""current_gpu"": 0, ""best_gpu"": 0, ""current_r"": 0.0, ""best_r"": 0.0, ""absolute_delta"": 0.0, ""tau"": 0.00035, ""chosen_gpu"": 0}, {""model"": ""model_4"", ""current_gpu"": 0, ""best_gpu"": 0, ""current_r"": 0.01680578597352455, ""best_r"": 0.01680578597352455, ""absolute_delta"": 0.0, ""tau"": 0.00035, ""chosen_gpu"": 0}, {""model"": ""model_3"", ""current_gpu"": 1, ""best_gpu"": 0, ""current_r"": 0.07784497704953826, ""best_r"": 0.029041997849771475, ""absolute_delta"": 0.04880297919976678, ""tau"": 0.00035, ""chosen_gpu"": 0}]"
bursty,6,1,13,1787593881.017695,0.00035,0.09909121562323372,0.02965510862217876,0.09909121562323372,2+2,1+3,"{""model_3"": 1, ""model_4"": 0, ""model_5"": 1, ""model_6"": 0}","{""model_3"": 0, ""model_4"": 0, ""model_5"": 1, ""model_6"": 0}",1,model_3,True,,migration cooldown active,1,0,,,,,,4,2,1,0.0610418804838852,"[{""model"": ""model_5"", ""current_gpu"": 1, ""best_gpu"": 0, ""current_r"": 0.0, ""best_r"": 0.0, ""absolute_delta"": 0.0, ""tau"": 0.00035, ""chosen_gpu"": 1}, {""model"": ""model_6"", ""current_gpu"": 0, ""best_gpu"": 0, ""current_r"": 0.0, ""best_r"": 0.0, ""absolute_delta"": 0.0, ""tau"": 0.00035, ""chosen_gpu"": 0}, {""model"": ""model_3"", ""current_gpu"": 1, ""best_gpu"": 0, ""current_r"": 0.08312965368670329, ""best_r"": 0.022087773202818087, ""absolute_delta"": 0.0610418804838852, ""tau"": 0.00035, ""chosen_gpu"": 0}, {""model"": ""model_4"", ""current_gpu"": 0, ""best_gpu"": 0, ""current_r"": 0.03162246032645888, ""best_r"": 0.03162246032645888, ""absolute_delta"": 0.0, ""tau"": 0.00035, ""chosen_gpu"": 0}]"
bursty,6,1,14,1787593886.0312233,0.00035,0.08880072775239158,0.022259918036182387,0.08880072775239158,2+2,1+3,"{""model_3"": 1, ""model_4"": 0, ""model_5"": 1, ""model_6"": 0}","{""model_3"": 0, ""model_4"": 0, ""model_5"": 1, ""model_6"": 0}",1,model_3,True,,migration cooldown active,1,0,,,,,,4,2,1,0.05517430165450249,"[{""model"": ""model_5"", ""current_gpu"": 1, ""best_gpu"": 0, ""current_r"": 0.0, ""best_r"": 0.0, ""absolute_delta"": 0.0, ""tau"": 0.00035, ""chosen_gpu"": 1}, {""model"": ""model_6"", ""current_gpu"": 0, ""best_gpu"": 0, ""current_r"": 0.0, ""best_r"": 0.0, ""absolute_delta"": 0.0, ""tau"": 0.00035, ""chosen_gpu"": 0}, {""model"": ""model_3"", ""current_gpu"": 1, ""best_gpu"": 0, ""current_r"": 0.0738691182097353, ""best_r"": 0.018694816555232804, ""absolute_delta"": 0.05517430165450249, ""tau"": 0.00035, ""chosen_gpu"": 0}, {""model"": ""model_4"", ""current_gpu"": 0, ""best_gpu"": 0, ""current_r"": 0.027810511475473036, ""best_r"": 0.027810511475473036, ""absolute_delta"": 0.0, ""tau"": 0.00035, ""chosen_gpu"": 0}]"
bursty,6,1,15,1787593891.0439837,0.00035,0.0925839827233997,0.029202438590383604,0.0925839827233997,2+2,1+3,"{""model_3"": 1, ""model_4"": 0, ""model_5"": 1, ""model_6"": 0}","{""model_3"": 0, ""model_4"": 0, ""model_5"": 1, ""model_6"": 0}",1,model_3,False,MIGRATE,literal line-8 absolute delta exceeds tau,1,0,,model_3,1,0,0.07606022941129811,4,2,1,0.04948104231400001,"[{""model"": ""model_5"", ""current_gpu"": 1, ""best_gpu"": 0, ""current_r"": 0.0, ""best_r"": 0.0, ""absolute_delta"": 0.0, ""tau"": 0.00035, ""chosen_gpu"": 1}, {""model"": ""model_6"", ""current_gpu"": 0, ""best_gpu"": 0, ""current_r"": 0.0, ""best_r"": 0.0, ""absolute_delta"": 0.0, ""tau"": 0.00035, ""chosen_gpu"": 0}, {""model"": ""model_3"", ""current_gpu"": 1, ""best_gpu"": 0, ""current_r"": 0.07606022941129811, ""best_r"": 0.026579187097298108, ""absolute_delta"": 0.04948104231400001, ""tau"": 0.00035, ""chosen_gpu"": 0}, {""model"": ""model_4"", ""current_gpu"": 0, ""best_gpu"": 0, ""current_r"": 0.037844813464091055, ""best_r"": 0.037844813464091055, ""absolute_delta"": 0.0, ""tau"": 0.00035, ""chosen_gpu"": 0}]"
bursty,6,1,16,1787593896.052694,0.00035,0.052057746512950934,0.052057746512950934,0.04852141493836029,1+3,1+3,"{""model_3"": 0, ""model_4"": 0, ""model_5"": 1, ""model_6"": 0}","{""model_3"": 0, ""model_4"": 0, ""model_5"": 1, ""model_6"": 0}",0,,True,,migration cooldown active,0,0,,,,,,4,1,1,0.0,"[{""model"": ""model_5"", ""current_gpu"": 1, ""best_gpu"": 0, ""current_r"": 0.0, ""best_r"": 0.0, ""absolute_delta"": 0.0, ""tau"": 0.00035, ""chosen_gpu"": 1}, {""model"": ""model_3"", ""current_gpu"": 0, ""best_gpu"": 0, ""current_r"": 0.0, ""best_r"": 0.0, ""absolute_delta"": 0.0, ""tau"": 0.00035, ""chosen_gpu"": 0}, {""model"": ""model_6"", ""current_gpu"": 0, ""best_gpu"": 0, ""current_r"": 0.02351788176724239, ""best_r"": 0.02351788176724239, ""absolute_delta"": 0.0, ""tau"": 0.00035, ""chosen_gpu"": 0}, {""model"": ""model_4"", ""current_gpu"": 0, ""best_gpu"": 0, ""current_r"": 0.04690557564739314, ""best_r"": 0.04690557564739314, ""absolute_delta"": 0.0, ""tau"": 0.00035, ""chosen_gpu"": 0}]"
bursty,6,1,17,1787593901.4196734,0.00035,0.12665482023486613,0.12665482023486613,0.02968797594617914,1+3,1+3,"{""model_3"": 0, ""model_4"": 0, ""model_5"": 1, ""model_6"": 0}","{""model_3"": 0, ""model_4"": 1, ""model_5"": 1, ""model_6"": 1}",2,"model_6,model_4",True,,migration cooldown active,2,0,,,,,,4,2,0,0.05204023028154181,"[{""model"": ""model_3"", ""current_gpu"": 0, ""best_gpu"": 0, ""current_r"": 0.0, ""best_r"": 0.0, ""absolute_delta"": 0.0, ""tau"": 0.00035, ""chosen_gpu"": 0}, {""model"": ""model_5"", ""current_gpu"": 1, ""best_gpu"": 1, ""current_r"": 0.0, ""best_r"": 0.0, ""absolute_delta"": 0.0, ""tau"": 0.00035, ""chosen_gpu"": 1}, {""model"": ""model_6"", ""current_gpu"": 0, ""best_gpu"": 1, ""current_r"": 0.08172820622772095, ""best_r"": 0.02968797594617914, ""absolute_delta"": 0.05204023028154181, ""tau"": 0.00035, ""chosen_gpu"": 1}, {""model"": ""model_4"", ""current_gpu"": 0, ""best_gpu"": 1, ""current_r"": 0.08172820622772095, ""best_r"": 0.05307541248920011, ""absolute_delta"": 0.028652793738520838, ""tau"": 0.00035, ""chosen_gpu"": 1}]"
bursty,6,1,18,1787593906.4297607,0.00035,0.1341622735396383,0.1341622735396383,0.019438654110585186,1+3,1+3,"{""model_3"": 0, ""model_4"": 0, ""model_5"": 1, ""model_6"": 0}","{""model_3"": 0, ""model_4"": 1, ""model_5"": 1, ""model_6"": 1}",2,"model_6,model_4",True,,migration cooldown active,2,0,,,,,,4,2,0,0.06933146170086787,"[{""model"": ""model_3"", ""current_gpu"": 0, ""best_gpu"": 0, ""current_r"": 0.0, ""best_r"": 0.0, ""absolute_delta"": 0.0, ""tau"": 0.00035, ""chosen_gpu"": 0}, {""model"": ""model_5"", ""current_gpu"": 1, ""best_gpu"": 1, ""current_r"": 0.0, ""best_r"": 0.0, ""absolute_delta"": 0.0, ""tau"": 0.00035, ""chosen_gpu"": 1}, {""model"": ""model_6"", ""current_gpu"": 0, ""best_gpu"": 1, ""current_r"": 0.08877011581145305, ""best_r"": 0.019438654110585186, ""absolute_delta"": 0.06933146170086787, ""tau"": 0.00035, ""chosen_gpu"": 1}, {""model"": ""model_4"", ""current_gpu"": 0, ""best_gpu"": 1, ""current_r"": 0.08877011581145305, ""best_r"": 0.03754739151522125, ""absolute_delta"": 0.05122272429623181, ""tau"": 0.00035, ""chosen_gpu"": 1}]"
bursty,6,1,19,1787593911.445168,0.00035,0.13381806197376955,0.13381806197376955,0.012352764458194073,1+3,1+3,"{""model_3"": 0, ""model_4"": 0, ""model_5"": 1, ""model_6"": 0}","{""model_3"": 0, ""model_4"": 1, ""model_5"": 1, ""model_6"": 1}",2,"model_6,model_4",True,,migration cooldown active,2,0,,,,,,4,2,0,0.07677428205920182,"[{""model"": ""model_3"", ""current_gpu"": 0, ""best_gpu"": 0, ""current_r"": 0.0, ""best_r"": 0.0, ""absolute_delta"": 0.0, ""tau"": 0.00035, ""chosen_gpu"": 0}, {""model"": ""model_5"", ""current_gpu"": 1, ""best_gpu"": 1, ""current_r"": 0.0, ""best_r"": 0.0, ""absolute_delta"": 0.0, ""tau"": 0.00035, ""chosen_gpu"": 1}, {""model"": ""model_6"", ""current_gpu"": 0, ""best_gpu"": 1, ""current_r"": 0.08912704651739589, ""best_r"": 0.012352764458194073, ""absolute_delta"": 0.07677428205920182, ""tau"": 0.00035, ""chosen_gpu"": 1}, {""model"": ""model_4"", ""current_gpu"": 0, ""best_gpu"": 1, ""current_r"": 0.08912704651739589, ""best_r"": 0.027542023954213013, ""absolute_delta"": 0.06158502256318288, ""tau"": 0.00035, ""chosen_gpu"": 1}]"
bursty,6,1,20,1787593916.4589899,0.00035,0.1072902291130164,0.1072902291130164,0.006221030775331473,1+2,1+2,"{""model_3"": 0, ""model_5"": 1, ""model_6"": 0}","{""model_3"": 0, ""model_5"": 1, ""model_6"": 1}",1,model_6,True,,migration cooldown active,1,0,,,,,,3,1,0,0.08045429857007684,"[{""model"": ""model_3"", ""current_gpu"": 0, ""best_gpu"": 0, ""current_r"": 0.0, ""best_r"": 0.0, ""absolute_delta"": 0.0, ""tau"": 0.00035, ""chosen_gpu"": 0}, {""model"": ""model_6"", ""current_gpu"": 0, ""best_gpu"": 1, ""current_r"": 0.08045429857007684, ""best_r"": 0.0, ""absolute_delta"": 0.08045429857007684, ""tau"": 0.00035, ""chosen_gpu"": 1}, {""model"": ""model_5"", ""current_gpu"": 1, ""best_gpu"": 1, ""current_r"": 0.006669235268677122, ""best_r"": 0.006669235268677122, ""absolute_delta"": 0.0, ""tau"": 0.00035, ""chosen_gpu"": 1}]"
bursty,6,1,21,1787593921.4786286,0.00035,0.12761914074715916,0.12761914074715916,0.0,1+2,1+2,"{""model_3"": 0, ""model_5"": 1, ""model_6"": 0}","{""model_3"": 0, ""model_5"": 1, ""model_6"": 1}",1,model_6,False,MIGRATE,literal line-8 absolute delta exceeds tau,1,0,,model_6,0,1,0.09777159866577174,3,1,0,0.09777159866577174,"[{""model"": ""model_3"", ""current_gpu"": 0, ""best_gpu"": 0, ""current_r"": 0.0, ""best_r"": 0.0, ""absolute_delta"": 0.0, ""tau"": 0.00035, ""chosen_gpu"": 0}, {""model"": ""model_6"", ""current_gpu"": 0, ""best_gpu"": 1, ""current_r"": 0.09777159866577174, ""best_r"": 0.0, ""absolute_delta"": 0.09777159866577174, ""tau"": 0.00035, ""chosen_gpu"": 1}, {""model"": ""model_5"", ""current_gpu"": 1, ""best_gpu"": 1, ""current_r"": 0.005595418645971466, ""best_r"": 0.005595418645971466, ""absolute_delta"": 0.0, ""tau"": 0.00035, ""chosen_gpu"": 1}]"
bursty,6,1,22,1787593926.5813572,0.00035,0.08316366163749313,0.08316366163749313,0.007330625180355238,1+2,1+2,"{""model_3"": 0, ""model_5"": 1, ""model_6"": 1}","{""model_3"": 0, ""model_5"": 1, ""model_6"": 1}",0,,True,,migration cooldown active,0,0,,,,,,3,0,0,0.0,"[{""model"": ""model_3"", ""current_gpu"": 0, ""best_gpu"": 0, ""current_r"": 0.0, ""best_r"": 0.0, ""absolute_delta"": 0.0, ""tau"": 0.00035, ""chosen_gpu"": 0}, {""model"": ""model_6"", ""current_gpu"": 1, ""best_gpu"": 1, ""current_r"": 0.0, ""best_r"": 0.0, ""absolute_delta"": 0.0, ""tau"": 0.00035, ""chosen_gpu"": 1}, {""model"": ""model_5"", ""current_gpu"": 1, ""best_gpu"": 1, ""current_r"": 0.00562903573513973, ""best_r"": 0.00562903573513973, ""absolute_delta"": 0.0, ""tau"": 0.00035, ""chosen_gpu"": 1}]"
bursty,6,1,23,1787593931.5934563,0.00035,0.116917353099086,0.116917353099086,0.008469305736331686,1+2,1+2,"{""model_3"": 0, ""model_5"": 1, ""model_6"": 1}","{""model_3"": 0, ""model_5"": 1, ""model_6"": 1}",0,,True,,migration cooldown active,0,0,,,,,,3,0,0,0.0,"[{""model"": ""model_3"", ""current_gpu"": 0, ""best_gpu"": 0, ""current_r"": 0.0, ""best_r"": 0.0, ""absolute_delta"": 0.0, ""tau"": 0.00035, ""chosen_gpu"": 0}, {""model"": ""model_6"", ""current_gpu"": 1, ""best_gpu"": 1, ""current_r"": 0.0, ""best_r"": 0.0, ""absolute_delta"": 0.0, ""tau"": 0.00035, ""chosen_gpu"": 1}, {""model"": ""model_5"", ""current_gpu"": 1, ""best_gpu"": 1, ""current_r"": 0.006503405025998712, ""best_r"": 0.006503405025998712, ""absolute_delta"": 0.0, ""tau"": 0.00035, ""chosen_gpu"": 1}]"
bursty,6,1,24,1787593936.6054926,0.00035,0.11043206836811327,0.11043206836811327,0.007701652518368494,1+2,1+2,"{""model_3"": 0, ""model_5"": 1, ""model_6"": 1}","{""model_3"": 0, ""model_5"": 1, ""model_6"": 1}",0,,True,,migration cooldown active,0,0,,,,,,3,0,0,0.0,"[{""model"": ""model_3"", ""current_gpu"": 0, ""best_gpu"": 0, ""current_r"": 0.0, ""best_r"": 0.0, ""absolute_delta"": 0.0, ""tau"": 0.00035, ""chosen_gpu"": 0}, {""model"": ""model_6"", ""current_gpu"": 1, ""best_gpu"": 1, ""current_r"": 0.0, ""best_r"": 0.0, ""absolute_delta"": 0.0, ""tau"": 0.00035, ""chosen_gpu"": 1}, {""model"": ""model_5"", ""current_gpu"": 1, ""best_gpu"": 1, ""current_r"": 0.005913939968135745, ""best_r"": 0.005913939968135745, ""absolute_delta"": 0.0, ""tau"": 0.00035, ""chosen_gpu"": 1}]"
bursty,6,1,25,1787593941.62231,0.00035,0.10922764236991846,0.10922764236991846,0.004306855301353809,1+2,1+2,"{""model_3"": 0, ""model_5"": 1, ""model_6"": 1}","{""model_3"": 0, ""model_5"": 1, ""model_6"": 1}",0,,True,,migration cooldown active,0,0,,,,,,3,0,0,0.0,"[{""model"": ""model_3"", ""current_gpu"": 0, ""best_gpu"": 0, ""current_r"": 0.0, ""best_r"": 0.0, ""absolute_delta"": 0.0, ""tau"": 0.00035, ""chosen_gpu"": 0}, {""model"": ""model_6"", ""current_gpu"": 1, ""best_gpu"": 1, ""current_r"": 0.0, ""best_r"": 0.0, ""absolute_delta"": 0.0, ""tau"": 0.00035, ""chosen_gpu"": 1}, {""model"": ""model_5"", ""current_gpu"": 1, ""best_gpu"": 1, ""current_r"": 0.0033071452708241947, ""best_r"": 0.0033071452708241947, ""absolute_delta"": 0.0, ""tau"": 0.00035, ""chosen_gpu"": 1}]"
bursty,6,1,26,1787593946.666638,0.00035,0.11737207067857411,0.11737207067857411,0.0052638373106094665,1+1,1+1,"{""model_3"": 0, ""model_6"": 1}","{""model_3"": 0, ""model_6"": 1}",0,,True,,migration cooldown active,0,0,,,,,,2,0,0,0.0,"[{""model"": ""model_3"", ""current_gpu"": 0, ""best_gpu"": 0, ""current_r"": 0.0, ""best_r"": 0.0, ""absolute_delta"": 0.0, ""tau"": 0.00035, ""chosen_gpu"": 0}, {""model"": ""model_6"", ""current_gpu"": 1, ""best_gpu"": 1, ""current_r"": 0.0, ""best_r"": 0.0, ""absolute_delta"": 0.0, ""tau"": 0.00035, ""chosen_gpu"": 1}]"
bursty,6,1,27,1787593951.6840396,0.00035,0.0920641188648091,0.0920641188648091,0.006318198333185798,1+1,1+1,"{""model_3"": 0, ""model_6"": 1}","{""model_3"": 0, ""model_6"": 1}",0,,False,,line-8 placement unchanged or every candidate blocked,0,0,,,,,,2,0,0,0.0,"[{""model"": ""model_3"", ""current_gpu"": 0, ""best_gpu"": 0, ""current_r"": 0.0, ""best_r"": 0.0, ""absolute_delta"": 0.0, ""tau"": 0.00035, ""chosen_gpu"": 0}, {""model"": ""model_6"", ""current_gpu"": 1, ""best_gpu"": 1, ""current_r"": 0.0, ""best_r"": 0.0, ""absolute_delta"": 0.0, ""tau"": 0.00035, ""chosen_gpu"": 1}]"
bursty,6,1,28,1787593956.702727,0.00035,0.12348102109948242,0.12348102109948242,0.0031641397393121252,1+1,1+1,"{""model_3"": 0, ""model_6"": 1}","{""model_3"": 0, ""model_6"": 1}",0,,False,,line-8 placement unchanged or every candidate blocked,0,0,,,,,,2,0,0,0.0,"[{""model"": ""model_3"", ""current_gpu"": 0, ""best_gpu"": 0, ""current_r"": 0.0, ""best_r"": 0.0, ""absolute_delta"": 0.0, ""tau"": 0.00035, ""chosen_gpu"": 0}, {""model"": ""model_6"", ""current_gpu"": 1, ""best_gpu"": 1, ""current_r"": 0.0, ""best_r"": 0.0, ""absolute_delta"": 0.0, ""tau"": 0.00035, ""chosen_gpu"": 1}]"
bursty,6,1,29,1787593961.7490437,0.00035,0.13429743340350028,0.13429743340350028,0.005923932766187947,1+1,1+1,"{""model_3"": 0, ""model_6"": 1}","{""model_3"": 0, ""model_6"": 1}",0,,False,,line-8 placement unchanged or every candidate blocked,0,0,,,,,,2,0,0,0.0,"[{""model"": ""model_3"", ""current_gpu"": 0, ""best_gpu"": 0, ""current_r"": 0.0, ""best_r"": 0.0, ""absolute_delta"": 0.0, ""tau"": 0.00035, ""chosen_gpu"": 0}, {""model"": ""model_6"", ""current_gpu"": 1, ""best_gpu"": 1, ""current_r"": 0.0, ""best_r"": 0.0, ""absolute_delta"": 0.0, ""tau"": 0.00035, ""chosen_gpu"": 1}]"
bursty,6,1,30,1787593966.7656746,0.00035,0.12107878910353834,0.12107878910353834,0.00942800486808602,1+1,1+1,"{""model_3"": 0, ""model_6"": 1}","{""model_3"": 0, ""model_6"": 1}",0,,False,,line-8 placement unchanged or every candidate blocked,0,0,,,,,,2,0,0,0.0,"[{""model"": ""model_3"", ""current_gpu"": 0, ""best_gpu"": 0, ""current_r"": 0.0, ""best_r"": 0.0, ""absolute_delta"": 0.0, ""tau"": 0.00035, ""chosen_gpu"": 0}, {""model"": ""model_6"", ""current_gpu"": 1, ""best_gpu"": 1, ""current_r"": 0.0, ""best_r"": 0.0, ""absolute_delta"": 0.0, ""tau"": 0.00035, ""chosen_gpu"": 1}]"
bursty,6,1,31,1787593971.7943914,0.00035,0.13224412929029977,0.13224412929029977,0.008700064378274225,1+1,1+1,"{""model_3"": 0, ""model_6"": 1}","{""model_3"": 0, ""model_6"": 1}",0,,False,,line-8 placement unchanged or every candidate blocked,0,0,,,,,,2,0,0,0.0,"[{""model"": ""model_3"", ""current_gpu"": 0, ""best_gpu"": 0, ""current_r"": 0.0, ""best_r"": 0.0, ""absolute_delta"": 0.0, ""tau"": 0.00035, ""chosen_gpu"": 0}, {""model"": ""model_6"", ""current_gpu"": 1, ""best_gpu"": 1, ""current_r"": 0.0, ""best_r"": 0.0, ""absolute_delta"": 0.0, ""tau"": 0.00035, ""chosen_gpu"": 1}]"
bursty,6,1,32,1787593976.814389,0.00035,0.09548302887242578,0.09548302887242578,0.006771520102846747,1+1,1+1,"{""model_3"": 0, ""model_6"": 1}","{""model_3"": 0, ""model_6"": 1}",0,,False,,line-8 placement unchanged or every candidate blocked,0,0,,,,,,2,0,0,0.0,"[{""model"": ""model_3"", ""current_gpu"": 0, ""best_gpu"": 0, ""current_r"": 0.0, ""best_r"": 0.0, ""absolute_delta"": 0.0, ""tau"": 0.00035, ""chosen_gpu"": 0}, {""model"": ""model_6"", ""current_gpu"": 1, ""best_gpu"": 1, ""current_r"": 0.0, ""best_r"": 0.0, ""absolute_delta"": 0.0, ""tau"": 0.00035, ""chosen_gpu"": 1}]"
bursty,6,1,33,1787593981.8343828,0.00035,0.06906737742288153,0.06906737742288153,0.017099307030996075,1+2,1+2,"{""model_3"": 0, ""model_4"": 0, ""model_6"": 1}","{""model_3"": 0, ""model_4"": 1, ""model_6"": 1}",1,model_4,False,MIGRATE,literal line-8 absolute delta exceeds tau,1,0,,model_4,0,1,0.055807005893645734,3,1,0,0.03870769886264966,"[{""model"": ""model_3"", ""current_gpu"": 0, ""best_gpu"": 0, ""current_r"": 0.0, ""best_r"": 0.0, ""absolute_delta"": 0.0, ""tau"": 0.00035, ""chosen_gpu"": 0}, {""model"": ""model_6"", ""current_gpu"": 1, ""best_gpu"": 1, ""current_r"": 0.0, ""best_r"": 0.0, ""absolute_delta"": 0.0, ""tau"": 0.00035, ""chosen_gpu"": 1}, {""model"": ""model_4"", ""current_gpu"": 0, ""best_gpu"": 1, ""current_r"": 0.055807005893645734, ""best_r"": 0.017099307030996075, ""absolute_delta"": 0.03870769886264966, ""tau"": 0.00035, ""chosen_gpu"": 1}]"
bursty,6,1,34,1787593986.852983,0.00035,0.044731868730385156,0.044731868730385156,0.029212090381532278,1+2,1+2,"{""model_3"": 0, ""model_4"": 1, ""model_6"": 1}","{""model_3"": 0, ""model_4"": 1, ""model_6"": 1}",0,,True,,migration cooldown active,0,0,,,,,,3,0,0,0.0,"[{""model"": ""model_3"", ""current_gpu"": 0, ""best_gpu"": 0, ""current_r"": 0.0, ""best_r"": 0.0, ""absolute_delta"": 0.0, ""tau"": 0.00035, ""chosen_gpu"": 0}, {""model"": ""model_6"", ""current_gpu"": 1, ""best_gpu"": 1, ""current_r"": 0.0, ""best_r"": 0.0, ""absolute_delta"": 0.0, ""tau"": 0.00035, ""chosen_gpu"": 1}, {""model"": ""model_4"", ""current_gpu"": 1, ""best_gpu"": 1, ""current_r"": 0.020340146033966573, ""best_r"": 0.020340146033966573, ""absolute_delta"": 0.0, ""tau"": 0.00035, ""chosen_gpu"": 1}]"
bursty,6,1,35,1787593991.8739948,0.00035,0.04355924701559227,0.03731972450620993,0.04355924701559227,2+2,2+2,"{""model_3"": 0, ""model_4"": 1, ""model_5"": 0, ""model_6"": 1}","{""model_3"": 0, ""model_4"": 1, ""model_5"": 0, ""model_6"": 1}",0,,True,,migration cooldown active,0,0,,,,,,4,0,0,0.0,"[{""model"": ""model_3"", ""current_gpu"": 0, ""best_gpu"": 0, ""current_r"": 0.0, ""best_r"": 0.0, ""absolute_delta"": 0.0, ""tau"": 0.00035, ""chosen_gpu"": 0}, {""model"": ""model_6"", ""current_gpu"": 1, ""best_gpu"": 1, ""current_r"": 0.0, ""best_r"": 0.0, ""absolute_delta"": 0.0, ""tau"": 0.00035, ""chosen_gpu"": 1}, {""model"": ""model_4"", ""current_gpu"": 1, ""best_gpu"": 1, ""current_r"": 0.023596414673643908, ""best_r"": 0.023596414673643908, ""absolute_delta"": 0.0, ""tau"": 0.00035, ""chosen_gpu"": 1}, {""model"": ""model_5"", ""current_gpu"": 0, ""best_gpu"": 0, ""current_r"": 0.026732667772333712, ""best_r"": 0.026732667772333712, ""absolute_delta"": 0.0, ""tau"": 0.00035, ""chosen_gpu"": 0}]"
bursty,6,1,36,1787593996.8936167,0.00035,0.06374258484565958,0.02476540891720421,0.06374258484565958,2+2,1+3,"{""model_3"": 0, ""model_4"": 1, ""model_5"": 0, ""model_6"": 1}","{""model_3"": 0, ""model_4"": 0, ""model_5"": 0, ""model_6"": 1}",1,model_4,True,,migration cooldown active,1,1,target memory infeasible,,,,,4,1,0,0.020761192768358246,"[{""model"": ""model_6"", ""current_gpu"": 1, ""best_gpu"": 1, ""current_r"": 0.0, ""best_r"": 0.0, ""absolute_delta"": 0.0, ""tau"": 0.00035, ""chosen_gpu"": 1}, {""model"": ""model_3"", ""current_gpu"": 0, ""best_gpu"": 0, ""current_r"": 0.0, ""best_r"": 0.0, ""absolute_delta"": 0.0, ""tau"": 0.00035, ""chosen_gpu"": 0}, {""model"": ""model_4"", ""current_gpu"": 1, ""best_gpu"": 0, ""current_r"": 0.03999929182090507, ""best_r"": 0.019238099052546826, ""absolute_delta"": 0.020761192768358246, ""tau"": 0.00035, ""chosen_gpu"": 0}, {""model"": ""model_5"", ""current_gpu"": 0, ""best_gpu"": 0, ""current_r"": 0.03826675715323123, ""best_r"": 0.03826675715323123, ""absolute_delta"": 0.0, ""tau"": 0.00035, ""chosen_gpu"": 0}]"
bursty,6,1,37,1787594001.913866,0.00035,0.07583500300254832,0.006456846653480739,0.07583500300254832,2+2,1+3,"{""model_3"": 0, ""model_4"": 1, ""model_5"": 0, ""model_6"": 1}","{""model_3"": 0, ""model_4"": 0, ""model_5"": 0, ""model_6"": 1}",1,model_4,True,,migration cooldown active,1,1,target memory infeasible,,,,,4,1,0,0.04639805239179245,"[{""model"": ""model_6"", ""current_gpu"": 1, ""best_gpu"": 1, ""current_r"": 0.0, ""best_r"": 0.0, ""absolute_delta"": 0.0, ""tau"": 0.00035, ""chosen_gpu"": 1}, {""model"": ""model_4"", ""current_gpu"": 1, ""best_gpu"": 0, ""current_r"": 0.04639805239179245, ""best_r"": 0.0, ""absolute_delta"": 0.04639805239179245, ""tau"": 0.00035, ""chosen_gpu"": 0}, {""model"": ""model_3"", ""current_gpu"": 0, ""best_gpu"": 0, ""current_r"": 0.020021419661929066, ""best_r"": 0.020021419661929066, ""absolute_delta"": 0.0, ""tau"": 0.00035, ""chosen_gpu"": 0}, {""model"": ""model_5"", ""current_gpu"": 0, ""best_gpu"": 0, ""current_r"": 0.02598806901358338, ""best_r"": 0.02598806901358338, ""absolute_delta"": 0.0, ""tau"": 0.00035, ""chosen_gpu"": 0}]"
bursty,6,1,38,1787594006.9377172,0.00035,0.071983024935251,0.006695655392735415,0.071983024935251,2+2,1+3,"{""model_3"": 0, ""model_4"": 1, ""model_5"": 0, ""model_6"": 1}","{""model_3"": 0, ""model_4"": 0, ""model_5"": 0, ""model_6"": 1}",1,model_4,True,,migration cooldown active,1,1,target memory infeasible,,,,,4,1,0,0.04574099566611235,"[{""model"": ""model_6"", ""current_gpu"": 1, ""best_gpu"": 1, ""current_r"": 0.0, ""best_r"": 0.0, ""absolute_delta"": 0.0, ""tau"": 0.00035, ""chosen_gpu"": 1}, {""model"": ""model_4"", ""current_gpu"": 1, ""best_gpu"": 0, ""current_r"": 0.04574099566611235, ""best_r"": 0.0, ""absolute_delta"": 0.04574099566611235, ""tau"": 0.00035, ""chosen_gpu"": 0}, {""model"": ""model_5"", ""current_gpu"": 0, ""best_gpu"": 0, ""current_r"": 0.017500325858250034, ""best_r"": 0.017500325858250034, ""absolute_delta"": 0.0, ""tau"": 0.00035, ""chosen_gpu"": 0}, {""model"": ""model_3"", ""current_gpu"": 0, ""best_gpu"": 0, ""current_r"": 0.028701225971049356, ""best_r"": 0.028701225971049356, ""absolute_delta"": 0.0, ""tau"": 0.00035, ""chosen_gpu"": 0}]"
bursty,6,1,39,1787594011.9613101,0.00035,0.07152010624754122,0.010123854518616483,0.07152010624754122,2+2,1+3,"{""model_3"": 0, ""model_4"": 1, ""model_5"": 0, ""model_6"": 1}","{""model_3"": 0, ""model_4"": 0, ""model_5"": 0, ""model_6"": 1}",1,model_4,False,,line-8 placement unchanged or every candidate blocked,1,1,target memory infeasible,,,,,4,1,0,0.04748263174643925,"[{""model"": ""model_6"", ""current_gpu"": 1, ""best_gpu"": 1, ""current_r"": 0.0, ""best_r"": 0.0, ""absolute_delta"": 0.0, ""tau"": 0.00035, ""chosen_gpu"": 1}, {""model"": ""model_4"", ""current_gpu"": 1, ""best_gpu"": 0, ""current_r"": 0.04748263174643925, ""best_r"": 0.0, ""absolute_delta"": 0.04748263174643925, ""tau"": 0.00035, ""chosen_gpu"": 0}, {""model"": ""model_5"", ""current_gpu"": 0, ""best_gpu"": 0, ""current_r"": 0.015586234448693611, ""best_r"": 0.015586234448693611, ""absolute_delta"": 0.0, ""tau"": 0.00035, ""chosen_gpu"": 0}, {""model"": ""model_3"", ""current_gpu"": 0, ""best_gpu"": 0, ""current_r"": 0.029710872859123334, ""best_r"": 0.029710872859123334, ""absolute_delta"": 0.0, ""tau"": 0.00035, ""chosen_gpu"": 0}]"
bursty,6,1,40,1787594016.9840045,0.00035,0.0677621883366128,0.007836295577694842,0.0677621883366128,2+2,1+3,"{""model_3"": 0, ""model_4"": 1, ""model_5"": 0, ""model_6"": 1}","{""model_3"": 0, ""model_4"": 0, ""model_5"": 0, ""model_6"": 1}",1,model_4,False,,line-8 placement unchanged or every candidate blocked,1,1,target memory infeasible,,,,,4,1,0,0.04616771593102416,"[{""model"": ""model_6"", ""current_gpu"": 1, ""best_gpu"": 1, ""current_r"": 0.0, ""best_r"": 0.0, ""absolute_delta"": 0.0, ""tau"": 0.00035, ""chosen_gpu"": 1}, {""model"": ""model_4"", ""current_gpu"": 1, ""best_gpu"": 0, ""current_r"": 0.04616771593102416, ""best_r"": 0.0, ""absolute_delta"": 0.04616771593102416, ""tau"": 0.00035, ""chosen_gpu"": 0}, {""model"": ""model_5"", ""current_gpu"": 0, ""best_gpu"": 0, ""current_r"": 0.013723064088306267, ""best_r"": 0.013723064088306267, ""absolute_delta"": 0.0, ""tau"": 0.00035, ""chosen_gpu"": 0}, {""model"": ""model_3"", ""current_gpu"": 0, ""best_gpu"": 0, ""current_r"": 0.025084921982021325, ""best_r"": 0.025084921982021325, ""absolute_delta"": 0.0, ""tau"": 0.00035, ""chosen_gpu"": 0}]"
bursty,6,1,41,1787594022.0039012,0.00035,0.06115254720913,0.010301815182880012,0.06115254720913,2+2,1+3,"{""model_3"": 0, ""model_4"": 1, ""model_5"": 0, ""model_6"": 1}","{""model_3"": 0, ""model_4"": 0, ""model_5"": 0, ""model_6"": 1}",1,model_4,False,,line-8 placement unchanged or every candidate blocked,1,1,target memory infeasible,,,,,4,1,0,0.041774491863704515,"[{""model"": ""model_6"", ""current_gpu"": 1, ""best_gpu"": 1, ""current_r"": 0.0, ""best_r"": 0.0, ""absolute_delta"": 0.0, ""tau"": 0.00035, ""chosen_gpu"": 1}, {""model"": ""model_4"", ""current_gpu"": 1, ""best_gpu"": 0, ""current_r"": 0.041774491863704515, ""best_r"": 0.0, ""absolute_delta"": 0.041774491863704515, ""tau"": 0.00035, ""chosen_gpu"": 0}, {""model"": ""model_5"", ""current_gpu"": 0, ""best_gpu"": 0, ""current_r"": 0.01228710113665881, ""best_r"": 0.01228710113665881, ""absolute_delta"": 0.0, ""tau"": 0.00035, ""chosen_gpu"": 0}, {""model"": ""model_3"", ""current_gpu"": 0, ""best_gpu"": 0, ""current_r"": 0.025736328139515995, ""best_r"": 0.025736328139515995, ""absolute_delta"": 0.0, ""tau"": 0.00035, ""chosen_gpu"": 0}]"
bursty,6,1,42,1787594027.029479,0.00035,0.05817846217581251,0.005930533023080325,0.05817846217581251,2+2,1+3,"{""model_3"": 0, ""model_4"": 1, ""model_5"": 0, ""model_6"": 1}","{""model_3"": 0, ""model_4"": 0, ""model_5"": 0, ""model_6"": 1}",1,model_4,False,,line-8 placement unchanged or every candidate blocked,1,1,target memory infeasible,,,,,4,1,0,0.03482896840922154,"[{""model"": ""model_6"", ""current_gpu"": 1, ""best_gpu"": 1, ""current_r"": 0.0, ""best_r"": 0.0, ""absolute_delta"": 0.0, ""tau"": 0.00035, ""chosen_gpu"": 1}, {""model"": ""model_4"", ""current_gpu"": 1, ""best_gpu"": 0, ""current_r"": 0.03482896840922154, ""best_r"": 0.0, ""absolute_delta"": 0.03482896840922154, ""tau"": 0.00035, ""chosen_gpu"": 0}, {""model"": ""model_5"", ""current_gpu"": 0, ""best_gpu"": 0, ""current_r"": 0.016037992237924247, ""best_r"": 0.016037992237924247, ""absolute_delta"": 0.0, ""tau"": 0.00035, ""chosen_gpu"": 0}, {""model"": ""model_3"", ""current_gpu"": 0, ""best_gpu"": 0, ""current_r"": 0.026097888419857794, ""best_r"": 0.026097888419857794, ""absolute_delta"": 0.0, ""tau"": 0.00035, ""chosen_gpu"": 0}]"
bursty,6,1,43,1787594032.0502112,0.00035,0.05382705600477916,0.005994166038309011,0.05382705600477916,1+2,1+2,"{""model_4"": 1, ""model_5"": 0, ""model_6"": 1}","{""model_4"": 0, ""model_5"": 0, ""model_6"": 1}",1,model_4,False,MIGRATE,literal line-8 absolute delta exceeds tau,1,0,,model_4,1,0,0.03443009468834359,3,2,1,0.03443009468834359,"[{""model"": ""model_6"", ""current_gpu"": 1, ""best_gpu"": 0, ""current_r"": 0.0, ""best_r"": 0.0, ""absolute_delta"": 0.0, ""tau"": 0.00035, ""chosen_gpu"": 1}, {""model"": ""model_4"", ""current_gpu"": 1, ""best_gpu"": 0, ""current_r"": 0.03443009468834359, ""best_r"": 0.0, ""absolute_delta"": 0.03443009468834359, ""tau"": 0.00035, ""chosen_gpu"": 0}, {""model"": ""model_5"", ""current_gpu"": 0, ""best_gpu"": 0, ""current_r"": 0.012886162261265145, ""best_r"": 0.012886162261265145, ""absolute_delta"": 0.0, ""tau"": 0.00035, ""chosen_gpu"": 0}]"
bursty,6,1,44,1787594037.6911435,0.00035,0.03543746465748873,0.03543746465748873,0.032458639441339227,1+2,1+2,"{""model_4"": 0, ""model_5"": 0, ""model_6"": 1}","{""model_4"": 0, ""model_5"": 0, ""model_6"": 1}",0,,True,,migration cooldown active,0,0,,,,,,3,1,1,0.0,"[{""model"": ""model_6"", ""current_gpu"": 1, ""best_gpu"": 0, ""current_r"": 0.0, ""best_r"": 0.0, ""absolute_delta"": 0.0, ""tau"": 0.00035, ""chosen_gpu"": 1}, {""model"": ""model_4"", ""current_gpu"": 0, ""best_gpu"": 0, ""current_r"": 0.0, ""best_r"": 0.0, ""absolute_delta"": 0.0, ""tau"": 0.00035, ""chosen_gpu"": 0}, {""model"": ""model_5"", ""current_gpu"": 0, ""best_gpu"": 0, ""current_r"": 0.015281882069892205, ""best_r"": 0.015281882069892205, ""absolute_delta"": 0.0, ""tau"": 0.00035, ""chosen_gpu"": 0}]"
bursty,6,1,45,1787594042.7149131,0.00035,0.03913949512720422,0.03913949512720422,0.02867799888179479,1+3,2+2,"{""model_3"": 0, ""model_4"": 0, ""model_5"": 0, ""model_6"": 1}","{""model_3"": 1, ""model_4"": 0, ""model_5"": 0, ""model_6"": 1}",1,model_3,True,,migration cooldown active,1,0,,,,,,4,1,0,0.0015034313784868074,"[{""model"": ""model_6"", ""current_gpu"": 1, ""best_gpu"": 1, ""current_r"": 0.0, ""best_r"": 0.0, ""absolute_delta"": 0.0, ""tau"": 0.00035, ""chosen_gpu"": 1}, {""model"": ""model_5"", ""current_gpu"": 0, ""best_gpu"": 0, ""current_r"": 0.0, ""best_r"": 0.0, ""absolute_delta"": 0.0, ""tau"": 0.00035, ""chosen_gpu"": 0}, {""model"": ""model_4"", ""current_gpu"": 0, ""best_gpu"": 0, ""current_r"": 0.014420099436131355, ""best_r"": 0.014420099436131355, ""absolute_delta"": 0.0, ""tau"": 0.00035, ""chosen_gpu"": 0}, {""model"": ""model_3"", ""current_gpu"": 0, ""best_gpu"": 1, ""current_r"": 0.030181430260281597, ""best_r"": 0.02867799888179479, ""absolute_delta"": 0.0015034313784868074, ""tau"": 0.00035, ""chosen_gpu"": 1}]"
bursty,6,1,46,1787594047.7701948,0.00035,0.054176135640355345,0.054176135640355345,0.03309499275683543,1+3,2+2,"{""model_3"": 0, ""model_4"": 0, ""model_5"": 0, ""model_6"": 1}","{""model_3"": 0, ""model_4"": 1, ""model_5"": 0, ""model_6"": 1}",1,model_4,True,,migration cooldown active,1,0,,,,,,4,1,0,0.004597264941290029,"[{""model"": ""model_6"", ""current_gpu"": 1, ""best_gpu"": 1, ""current_r"": 0.0, ""best_r"": 0.0, ""absolute_delta"": 0.0, ""tau"": 0.00035, ""chosen_gpu"": 1}, {""model"": ""model_5"", ""current_gpu"": 0, ""best_gpu"": 0, ""current_r"": 0.0, ""best_r"": 0.0, ""absolute_delta"": 0.0, ""tau"": 0.00035, ""chosen_gpu"": 0}, {""model"": ""model_3"", ""current_gpu"": 0, ""best_gpu"": 0, ""current_r"": 0.021156695318259817, ""best_r"": 0.021156695318259817, ""absolute_delta"": 0.0, ""tau"": 0.00035, ""chosen_gpu"": 0}, {""model"": ""model_4"", ""current_gpu"": 0, ""best_gpu"": 1, ""current_r"": 0.03769225769812546, ""best_r"": 0.03309499275683543, ""absolute_delta"": 0.004597264941290029, ""tau"": 0.00035, ""chosen_gpu"": 1}]"
bursty,6,1,47,1787594052.8267834,0.00035,0.08735867943508198,0.08735867943508198,0.04143001341208649,1+3,2+2,"{""model_3"": 0, ""model_4"": 0, ""model_5"": 0, ""model_6"": 1}","{""model_3"": 1, ""model_4"": 0, ""model_5"": 0, ""model_6"": 1}",1,model_3,True,,migration cooldown active,1,0,,,,,,4,1,0,0.0014836844473409341,"[{""model"": ""model_5"", ""current_gpu"": 0, ""best_gpu"": 0, ""current_r"": 0.0, ""best_r"": 0.0, ""absolute_delta"": 0.0, ""tau"": 0.00035, ""chosen_gpu"": 0}, {""model"": ""model_6"", ""current_gpu"": 1, ""best_gpu"": 1, ""current_r"": 0.0, ""best_r"": 0.0, ""absolute_delta"": 0.0, ""tau"": 0.00035, ""chosen_gpu"": 1}, {""model"": ""model_3"", ""current_gpu"": 0, ""best_gpu"": 1, ""current_r"": 0.042913697859427426, ""best_r"": 0.04143001341208649, ""absolute_delta"": 0.0014836844473409341, ""tau"": 0.00035, ""chosen_gpu"": 1}, {""model"": ""model_4"", ""current_gpu"": 0, ""best_gpu"": 0, ""current_r"": 0.042913697859427426, ""best_r"": 0.042913697859427426, ""absolute_delta"": 0.0, ""tau"": 0.00035, ""chosen_gpu"": 0}]"
bursty,6,1,48,1787594057.8714845,0.00035,0.09350631360865871,0.09350631360865871,0.02979633575934049,1+3,2+2,"{""model_3"": 0, ""model_4"": 0, ""model_5"": 0, ""model_6"": 1}","{""model_3"": 1, ""model_4"": 0, ""model_5"": 0, ""model_6"": 1}",1,model_3,True,,migration cooldown active,1,0,,,,,,4,1,0,0.04049349392893458,"[{""model"": ""model_5"", ""current_gpu"": 0, ""best_gpu"": 0, ""current_r"": 0.0, ""best_r"": 0.0, ""absolute_delta"": 0.0, ""tau"": 0.00035, ""chosen_gpu"": 0}, {""model"": ""model_3"", ""current_gpu"": 0, ""best_gpu"": 1, ""current_r"": 0.04049349392893458, ""best_r"": 0.0, ""absolute_delta"": 0.04049349392893458, ""tau"": 0.00035, ""chosen_gpu"": 1}, {""model"": ""model_6"", ""current_gpu"": 1, ""best_gpu"": 1, ""current_r"": 0.029147927264140353, ""best_r"": 0.029147927264140353, ""absolute_delta"": 0.0, ""tau"": 0.00035, ""chosen_gpu"": 1}, {""model"": ""model_4"", ""current_gpu"": 0, ""best_gpu"": 0, ""current_r"": 0.04049349392893458, ""best_r"": 0.04049349392893458, ""absolute_delta"": 0.0, ""tau"": 0.00035, ""chosen_gpu"": 0}]"
bursty,6,1,49,1787594062.918241,0.00035,0.09541471683391604,0.09541471683391604,0.03308151524963857,1+3,2+2,"{""model_3"": 0, ""model_4"": 0, ""model_5"": 0, ""model_6"": 1}","{""model_3"": 1, ""model_4"": 0, ""model_5"": 0, ""model_6"": 1}",1,model_3,False,MIGRATE,literal line-8 absolute delta exceeds tau,1,0,,model_3,0,1,0.06634650028026037,4,1,0,0.01663545934303811,"[{""model"": ""model_5"", ""current_gpu"": 0, ""best_gpu"": 0, ""current_r"": 0.0, ""best_r"": 0.0, ""absolute_delta"": 0.0, ""tau"": 0.00035, ""chosen_gpu"": 0}, {""model"": ""model_6"", ""current_gpu"": 1, ""best_gpu"": 1, ""current_r"": 0.0, ""best_r"": 0.0, ""absolute_delta"": 0.0, ""tau"": 0.00035, ""chosen_gpu"": 1}, {""model"": ""model_3"", ""current_gpu"": 0, ""best_gpu"": 1, ""current_r"": 0.04971697459267668, ""best_r"": 0.03308151524963857, ""absolute_delta"": 0.01663545934303811, ""tau"": 0.00035, ""chosen_gpu"": 1}, {""model"": ""model_4"", ""current_gpu"": 0, ""best_gpu"": 0, ""current_r"": 0.04971697459267668, ""best_r"": 0.04971697459267668, ""absolute_delta"": 0.0, ""tau"": 0.00035, ""chosen_gpu"": 0}]"
bursty,6,1,50,1787594067.9491267,0.00035,0.07752768866281501,0.07752768866281501,0.0623349239803234,2+2,1+3,"{""model_3"": 1, ""model_4"": 0, ""model_5"": 0, ""model_6"": 1}","{""model_3"": 1, ""model_4"": 1, ""model_5"": 0, ""model_6"": 1}",1,model_4,True,,migration cooldown active,1,1,target memory infeasible,,,,,4,1,0,0.008141977433278484,"[{""model"": ""model_5"", ""current_gpu"": 0, ""best_gpu"": 0, ""current_r"": 0.0, ""best_r"": 0.0, ""absolute_delta"": 0.0, ""tau"": 0.00035, ""chosen_gpu"": 0}, {""model"": ""model_3"", ""current_gpu"": 1, ""best_gpu"": 1, ""current_r"": 0.0, ""best_r"": 0.0, ""absolute_delta"": 0.0, ""tau"": 0.00035, ""chosen_gpu"": 1}, {""model"": ""model_6"", ""current_gpu"": 1, ""best_gpu"": 1, ""current_r"": 0.02738429657618453, ""best_r"": 0.02738429657618453, ""absolute_delta"": 0.0, ""tau"": 0.00035, ""chosen_gpu"": 1}, {""model"": ""model_4"", ""current_gpu"": 0, ""best_gpu"": 1, ""current_r"": 0.07047690141360188, ""best_r"": 0.0623349239803234, ""absolute_delta"": 0.008141977433278484, ""tau"": 0.00035, ""chosen_gpu"": 1}]"
bursty,6,1,51,1787594072.9781296,0.00035,0.06960943767831539,0.06047672372068234,0.06960943767831539,2+2,2+2,"{""model_3"": 1, ""model_4"": 0, ""model_5"": 0, ""model_6"": 1}","{""model_3"": 1, ""model_4"": 0, ""model_5"": 0, ""model_6"": 1}",0,,True,,migration cooldown active,0,0,,,,,,4,0,0,0.0,"[{""model"": ""model_5"", ""current_gpu"": 0, ""best_gpu"": 0, ""current_r"": 0.0, ""best_r"": 0.0, ""absolute_delta"": 0.0, ""tau"": 0.00035, ""chosen_gpu"": 0}, {""model"": ""model_3"", ""current_gpu"": 1, ""best_gpu"": 1, ""current_r"": 0.0, ""best_r"": 0.0, ""absolute_delta"": 0.0, ""tau"": 0.00035, ""chosen_gpu"": 1}, {""model"": ""model_6"", ""current_gpu"": 1, ""best_gpu"": 1, ""current_r"": 0.02917264970216688, ""best_r"": 0.02917264970216688, ""absolute_delta"": 0.0, ""tau"": 0.00035, ""chosen_gpu"": 1}, {""model"": ""model_4"", ""current_gpu"": 0, ""best_gpu"": 0, ""current_r"": 0.054976643428871805, ""best_r"": 0.054976643428871805, ""absolute_delta"": 0.0, ""tau"": 0.00035, ""chosen_gpu"": 0}]"
bursty,6,1,52,1787594078.0078497,0.00035,0.07506597979093839,0.05917618816528595,0.07506597979093839,2+2,2+2,"{""model_3"": 1, ""model_4"": 0, ""model_5"": 0, ""model_6"": 1}","{""model_3"": 1, ""model_4"": 0, ""model_5"": 0, ""model_6"": 1}",0,,True,,migration cooldown active,0,0,,,,,,4,0,0,0.0,"[{""model"": ""model_5"", ""current_gpu"": 0, ""best_gpu"": 0, ""current_r"": 0.0, ""best_r"": 0.0, ""absolute_delta"": 0.0, ""tau"": 0.00035, ""chosen_gpu"": 0}, {""model"": ""model_3"", ""current_gpu"": 1, ""best_gpu"": 1, ""current_r"": 0.0, ""best_r"": 0.0, ""absolute_delta"": 0.0, ""tau"": 0.00035, ""chosen_gpu"": 1}, {""model"": ""model_6"", ""current_gpu"": 1, ""best_gpu"": 1, ""current_r"": 0.032835969560574135, ""best_r"": 0.032835969560574135, ""absolute_delta"": 0.0, ""tau"": 0.00035, ""chosen_gpu"": 1}, {""model"": ""model_4"", ""current_gpu"": 0, ""best_gpu"": 0, ""current_r"": 0.053794385609717735, ""best_r"": 0.053794385609717735, ""absolute_delta"": 0.0, ""tau"": 0.00035, ""chosen_gpu"": 0}]"
bursty,6,1,53,1787594083.063049,0.00035,0.06585254431052127,0.06499371806569988,0.06585254431052127,2+2,2+2,"{""model_3"": 1, ""model_4"": 0, ""model_5"": 0, ""model_6"": 1}","{""model_3"": 1, ""model_4"": 0, ""model_5"": 0, ""model_6"": 1}",0,,True,,migration cooldown active,0,0,,,,,,4,0,0,0.0,"[{""model"": ""model_5"", ""current_gpu"": 0, ""best_gpu"": 0, ""current_r"": 0.0, ""best_r"": 0.0, ""absolute_delta"": 0.0, ""tau"": 0.00035, ""chosen_gpu"": 0}, {""model"": ""model_3"", ""current_gpu"": 1, ""best_gpu"": 1, ""current_r"": 0.0, ""best_r"": 0.0, ""absolute_delta"": 0.0, ""tau"": 0.00035, ""chosen_gpu"": 1}, {""model"": ""model_6"", ""current_gpu"": 1, ""best_gpu"": 1, ""current_r"": 0.028346382927950057, ""best_r"": 0.028346382927950057, ""absolute_delta"": 0.0, ""tau"": 0.00035, ""chosen_gpu"": 1}, {""model"": ""model_4"", ""current_gpu"": 0, ""best_gpu"": 0, ""current_r"": 0.05908283788185164, ""best_r"": 0.05908283788185164, ""absolute_delta"": 0.0, ""tau"": 0.00035, ""chosen_gpu"": 0}]"
bursty,6,1,54,1787594088.0929708,0.00035,0.05716499153395905,0.04136018710526886,0.05716499153395905,2+2,2+2,"{""model_3"": 1, ""model_4"": 0, ""model_5"": 0, ""model_6"": 1}","{""model_3"": 1, ""model_4"": 0, ""model_5"": 0, ""model_6"": 1}",0,,True,,migration cooldown active,0,0,,,,,,4,0,0,0.0,"[{""model"": ""model_5"", ""current_gpu"": 0, ""best_gpu"": 0, ""current_r"": 0.0, ""best_r"": 0.0, ""absolute_delta"": 0.0, ""tau"": 0.00035, ""chosen_gpu"": 0}, {""model"": ""model_6"", ""current_gpu"": 1, ""best_gpu"": 1, ""current_r"": 0.0, ""best_r"": 0.0, ""absolute_delta"": 0.0, ""tau"": 0.00035, ""chosen_gpu"": 1}, {""model"": ""model_3"", ""current_gpu"": 1, ""best_gpu"": 1, ""current_r"": 0.026881829750258143, ""best_r"": 0.026881829750258143, ""absolute_delta"": 0.0, ""tau"": 0.00035, ""chosen_gpu"": 1}, {""model"": ""model_4"", ""current_gpu"": 0, ""best_gpu"": 0, ""current_r"": 0.037598668028707365, ""best_r"": 0.037598668028707365, ""absolute_delta"": 0.0, ""tau"": 0.00035, ""chosen_gpu"": 0}]"
bursty,6,1,55,1787594093.1220915,0.00035,0.052846991693140485,0.045201908344130085,0.052846991693140485,1+2,1+2,"{""model_3"": 1, ""model_5"": 0, ""model_6"": 1}","{""model_3"": 1, ""model_5"": 0, ""model_6"": 1}",0,,False,,line-8 placement unchanged or every candidate blocked,0,0,,,,,,3,0,0,0.0,"[{""model"": ""model_5"", ""current_gpu"": 0, ""best_gpu"": 0, ""current_r"": 0.0, ""best_r"": 0.0, ""absolute_delta"": 0.0, ""tau"": 0.00035, ""chosen_gpu"": 0}, {""model"": ""model_6"", ""current_gpu"": 1, ""best_gpu"": 1, ""current_r"": 0.0, ""best_r"": 0.0, ""absolute_delta"": 0.0, ""tau"": 0.00035, ""chosen_gpu"": 1}, {""model"": ""model_3"", ""current_gpu"": 1, ""best_gpu"": 1, ""current_r"": 0.02572144204896413, ""best_r"": 0.02572144204896413, ""absolute_delta"": 0.0, ""tau"": 0.00035, ""chosen_gpu"": 1}]"
bursty,6,1,56,1787594098.1515312,0.00035,0.056703645939843235,0.03267405232951326,0.056703645939843235,2+2,2+2,"{""model_3"": 1, ""model_4"": 0, ""model_5"": 0, ""model_6"": 1}","{""model_3"": 0, ""model_4"": 1, ""model_5"": 0, ""model_6"": 1}",2,"model_3,model_4",False,MIGRATE,literal line-8 absolute delta exceeds tau,2,1,target memory infeasible,model_3,1,0,0.060282473995609265,4,3,1,0.01703800686914101,"[{""model"": ""model_6"", ""current_gpu"": 1, ""best_gpu"": 0, ""current_r"": 0.0, ""best_r"": 0.0, ""absolute_delta"": 0.0, ""tau"": 0.00035, ""chosen_gpu"": 1}, {""model"": ""model_5"", ""current_gpu"": 0, ""best_gpu"": 0, ""current_r"": 0.0, ""best_r"": 0.0, ""absolute_delta"": 0.0, ""tau"": 0.00035, ""chosen_gpu"": 0}, {""model"": ""model_3"", ""current_gpu"": 1, ""best_gpu"": 0, ""current_r"": 0.03224445174627854, ""best_r"": 0.025213420714631955, ""absolute_delta"": 0.007031031031646585, ""tau"": 0.00035, ""chosen_gpu"": 0}, {""model"": ""model_4"", ""current_gpu"": 0, ""best_gpu"": 1, ""current_r"": 0.04928245861541955, ""best_r"": 0.03224445174627854, ""absolute_delta"": 0.01703800686914101, ""tau"": 0.00035, ""chosen_gpu"": 1}]"
bursty,6,1,57,1787594103.202812,0.00035,0.06067762023275969,0.06067762023275969,0.056473426310808525,1+3,1+3,"{""model_3"": 0, ""model_4"": 0, ""model_5"": 0, ""model_6"": 1}","{""model_3"": 0, ""model_4"": 0, ""model_5"": 0, ""model_6"": 1}",0,,True,,migration cooldown active,0,0,,,,,,4,0,0,0.0,"[{""model"": ""model_6"", ""current_gpu"": 1, ""best_gpu"": 1, ""current_r"": 0.0, ""best_r"": 0.0, ""absolute_delta"": 0.0, ""tau"": 0.00035, ""chosen_gpu"": 1}, {""model"": ""model_3"", ""current_gpu"": 0, ""best_gpu"": 0, ""current_r"": 0.0, ""best_r"": 0.0, ""absolute_delta"": 0.0, ""tau"": 0.00035, ""chosen_gpu"": 0}, {""model"": ""model_5"", ""current_gpu"": 0, ""best_gpu"": 0, ""current_r"": 0.01825351017434624, ""best_r"": 0.01825351017434624, ""absolute_delta"": 0.0, ""tau"": 0.00035, ""chosen_gpu"": 0}, {""model"": ""model_4"", ""current_gpu"": 0, ""best_gpu"": 0, ""current_r"": 0.04126062063439353, ""best_r"": 0.04126062063439353, ""absolute_delta"": 0.0, ""tau"": 0.00035, ""chosen_gpu"": 0}]"
bursty,6,1,58,1787594108.2719905,0.00035,0.047948001695393094,0.03913144869458697,0.047948001695393094,1+3,1+3,"{""model_3"": 0, ""model_4"": 0, ""model_5"": 0, ""model_6"": 1}","{""model_3"": 0, ""model_4"": 0, ""model_5"": 0, ""model_6"": 1}",0,,True,,migration cooldown active,0,0,,,,,,4,0,0,0.0,"[{""model"": ""model_6"", ""current_gpu"": 1, ""best_gpu"": 1, ""current_r"": 0.0, ""best_r"": 0.0, ""absolute_delta"": 0.0, ""tau"": 0.00035, ""chosen_gpu"": 1}, {""model"": ""model_3"", ""current_gpu"": 0, ""best_gpu"": 0, ""current_r"": 0.0, ""best_r"": 0.0, ""absolute_delta"": 0.0, ""tau"": 0.00035, ""chosen_gpu"": 0}, {""model"": ""model_5"", ""current_gpu"": 0, ""best_gpu"": 0, ""current_r"": 0.010533711053415842, ""best_r"": 0.010533711053415842, ""absolute_delta"": 0.0, ""tau"": 0.00035, ""chosen_gpu"": 0}, {""model"": ""model_4"", ""current_gpu"": 0, ""best_gpu"": 0, ""current_r"": 0.025826067043099116, ""best_r"": 0.025826067043099116, ""absolute_delta"": 0.0, ""tau"": 0.00035, ""chosen_gpu"": 0}]"
bursty,6,1,59,1787594113.3038576,0.00035,0.04625099411516385,0.03181601401265196,0.04625099411516385,1+3,1+3,"{""model_3"": 0, ""model_4"": 0, ""model_5"": 0, ""model_6"": 1}","{""model_3"": 0, ""model_4"": 0, ""model_5"": 0, ""model_6"": 1}",0,,True,,migration cooldown active,0,0,,,,,,4,0,0,0.0,"[{""model"": ""model_6"", ""current_gpu"": 1, ""best_gpu"": 1, ""current_r"": 0.0, ""best_r"": 0.0, ""absolute_delta"": 0.0, ""tau"": 0.00035, ""chosen_gpu"": 1}, {""model"": ""model_4"", ""current_gpu"": 0, ""best_gpu"": 0, ""current_r"": 0.0, ""best_r"": 0.0, ""absolute_delta"": 0.0, ""tau"": 0.00035, ""chosen_gpu"": 0}, {""model"": ""model_3"", ""current_gpu"": 0, ""best_gpu"": 0, ""current_r"": 0.009022807947967296, ""best_r"": 0.009022807947967296, ""absolute_delta"": 0.0, ""tau"": 0.00035, ""chosen_gpu"": 0}, {""model"": ""model_5"", ""current_gpu"": 0, ""best_gpu"": 0, ""current_r"": 0.019458872733763136, ""best_r"": 0.019458872733763136, ""absolute_delta"": 0.0, ""tau"": 0.00035, ""chosen_gpu"": 0}]"
bursty,6,1,60,1787594118.3438323,0.00035,0.043042891215985805,0.043042891215985805,0.04103356477910655,1+3,1+3,"{""model_3"": 0, ""model_4"": 0, ""model_5"": 0, ""model_6"": 1}","{""model_3"": 0, ""model_4"": 0, ""model_5"": 0, ""model_6"": 1}",0,,True,,migration cooldown active,0,0,,,,,,4,0,0,0.0,"[{""model"": ""model_6"", ""current_gpu"": 1, ""best_gpu"": 1, ""current_r"": 0.0, ""best_r"": 0.0, ""absolute_delta"": 0.0, ""tau"": 0.00035, ""chosen_gpu"": 1}, {""model"": ""model_4"", ""current_gpu"": 0, ""best_gpu"": 0, ""current_r"": 0.0, ""best_r"": 0.0, ""absolute_delta"": 0.0, ""tau"": 0.00035, ""chosen_gpu"": 0}, {""model"": ""model_3"", ""current_gpu"": 0, ""best_gpu"": 0, ""current_r"": 0.014078912727625155, ""best_r"": 0.014078912727625155, ""absolute_delta"": 0.0, ""tau"": 0.00035, ""chosen_gpu"": 0}, {""model"": ""model_5"", ""current_gpu"": 0, ""best_gpu"": 0, ""current_r"": 0.02835695527118192, ""best_r"": 0.02835695527118192, ""absolute_delta"": 0.0, ""tau"": 0.00035, ""chosen_gpu"": 0}]"
bursty,6,1,61,1787594123.4050272,0.00035,0.042482895133508856,0.02718451137480412,0.042482895133508856,1+3,1+3,"{""model_3"": 0, ""model_4"": 0, ""model_5"": 0, ""model_6"": 1}","{""model_3"": 0, ""model_4"": 0, ""model_5"": 0, ""model_6"": 1}",0,,True,,migration cooldown active,0,0,,,,,,4,0,0,0.0,"[{""model"": ""model_6"", ""current_gpu"": 1, ""best_gpu"": 1, ""current_r"": 0.0, ""best_r"": 0.0, ""absolute_delta"": 0.0, ""tau"": 0.00035, ""chosen_gpu"": 1}, {""model"": ""model_4"", ""current_gpu"": 0, ""best_gpu"": 0, ""current_r"": 0.0, ""best_r"": 0.0, ""absolute_delta"": 0.0, ""tau"": 0.00035, ""chosen_gpu"": 0}, {""model"": ""model_3"", ""current_gpu"": 0, ""best_gpu"": 0, ""current_r"": 0.01244576421606885, ""best_r"": 0.01244576421606885, ""absolute_delta"": 0.0, ""tau"": 0.00035, ""chosen_gpu"": 0}, {""model"": ""model_5"", ""current_gpu"": 0, ""best_gpu"": 0, ""current_r"": 0.021103494673797334, ""best_r"": 0.021103494673797334, ""absolute_delta"": 0.0, ""tau"": 0.00035, ""chosen_gpu"": 0}]"
bursty,6,1,62,1787594128.4446764,0.00035,0.03728827110513835,0.032224688117612685,0.03728827110513835,1+3,1+3,"{""model_3"": 0, ""model_4"": 0, ""model_5"": 0, ""model_6"": 1}","{""model_3"": 0, ""model_4"": 0, ""model_5"": 0, ""model_6"": 1}",0,,False,,line-8 placement unchanged or every candidate blocked,0,0,,,,,,4,0,0,0.0,"[{""model"": ""model_6"", ""current_gpu"": 1, ""best_gpu"": 1, ""current_r"": 0.0, ""best_r"": 0.0, ""absolute_delta"": 0.0, ""tau"": 0.00035, ""chosen_gpu"": 1}, {""model"": ""model_4"", ""current_gpu"": 0, ""best_gpu"": 0, ""current_r"": 0.0, ""best_r"": 0.0, ""absolute_delta"": 0.0, ""tau"": 0.00035, ""chosen_gpu"": 0}, {""model"": ""model_3"", ""current_gpu"": 0, ""best_gpu"": 0, ""current_r"": 0.01588747383640923, ""best_r"": 0.01588747383640923, ""absolute_delta"": 0.0, ""tau"": 0.00035, ""chosen_gpu"": 0}, {""model"": ""model_5"", ""current_gpu"": 0, ""best_gpu"": 0, ""current_r"": 0.025016213264922794, ""best_r"": 0.025016213264922794, ""absolute_delta"": 0.0, ""tau"": 0.00035, ""chosen_gpu"": 0}]"
bursty,6,1,63,1787594133.4760447,0.00035,0.04612093840369099,0.04612093840369099,0.03727360580890836,1+3,1+3,"{""model_3"": 0, ""model_4"": 0, ""model_5"": 0, ""model_6"": 1}","{""model_3"": 0, ""model_4"": 0, ""model_5"": 0, ""model_6"": 1}",0,,False,,line-8 placement unchanged or every candidate blocked,0,0,,,,,,4,0,0,0.0,"[{""model"": ""model_6"", ""current_gpu"": 1, ""best_gpu"": 1, ""current_r"": 0.0, ""best_r"": 0.0, ""absolute_delta"": 0.0, ""tau"": 0.00035, ""chosen_gpu"": 1}, {""model"": ""model_3"", ""current_gpu"": 0, ""best_gpu"": 0, ""current_r"": 0.0, ""best_r"": 0.0, ""absolute_delta"": 0.0, ""tau"": 0.00035, ""chosen_gpu"": 0}, {""model"": ""model_4"", ""current_gpu"": 0, ""best_gpu"": 0, ""current_r"": 0.01844529529210075, ""best_r"": 0.01844529529210075, ""absolute_delta"": 0.0, ""tau"": 0.00035, ""chosen_gpu"": 0}, {""model"": ""model_5"", ""current_gpu"": 0, ""best_gpu"": 0, ""current_r"": 0.035803953381149965, ""best_r"": 0.035803953381149965, ""absolute_delta"": 0.0, ""tau"": 0.00035, ""chosen_gpu"": 0}]"
bursty,6,1,64,1787594138.5131636,0.00035,0.04070926323276339,0.04070926323276339,0.040507003022421106,1+3,1+3,"{""model_3"": 0, ""model_4"": 0, ""model_5"": 0, ""model_6"": 1}","{""model_3"": 0, ""model_4"": 0, ""model_5"": 0, ""model_6"": 1}",0,,False,,line-8 placement unchanged or every candidate blocked,0,0,,,,,,4,0,0,0.0,"[{""model"": ""model_6"", ""current_gpu"": 1, ""best_gpu"": 1, ""current_r"": 0.0, ""best_r"": 0.0, ""absolute_delta"": 0.0, ""tau"": 0.00035, ""chosen_gpu"": 1}, {""model"": ""model_3"", ""current_gpu"": 0, ""best_gpu"": 0, ""current_r"": 0.0, ""best_r"": 0.0, ""absolute_delta"": 0.0, ""tau"": 0.00035, ""chosen_gpu"": 0}, {""model"": ""model_4"", ""current_gpu"": 0, ""best_gpu"": 0, ""current_r"": 0.015294866128999007, ""best_r"": 0.015294866128999007, ""absolute_delta"": 0.0, ""tau"": 0.00035, ""chosen_gpu"": 0}, {""model"": ""model_5"", ""current_gpu"": 0, ""best_gpu"": 0, ""current_r"": 0.031602838394332776, ""best_r"": 0.031602838394332776, ""absolute_delta"": 0.0, ""tau"": 0.00035, ""chosen_gpu"": 0}]"
bursty,6,1,65,1787594143.5737772,0.00035,0.038070834827093704,0.03588165055497742,0.038070834827093704,1+3,1+3,"{""model_3"": 0, ""model_4"": 0, ""model_5"": 0, ""model_6"": 1}","{""model_3"": 0, ""model_4"": 0, ""model_5"": 0, ""model_6"": 1}",0,,False,,line-8 placement unchanged or every candidate blocked,0,0,,,,,,4,0,0,0.0,"[{""model"": ""model_6"", ""current_gpu"": 1, ""best_gpu"": 1, ""current_r"": 0.0, ""best_r"": 0.0, ""absolute_delta"": 0.0, ""tau"": 0.00035, ""chosen_gpu"": 1}, {""model"": ""model_3"", ""current_gpu"": 0, ""best_gpu"": 0, ""current_r"": 0.0, ""best_r"": 0.0, ""absolute_delta"": 0.0, ""tau"": 0.00035, ""chosen_gpu"": 0}, {""model"": ""model_4"", ""current_gpu"": 0, ""best_gpu"": 0, ""current_r"": 0.01325958098800508, ""best_r"": 0.01325958098800508, ""absolute_delta"": 0.0, ""tau"": 0.00035, ""chosen_gpu"": 0}, {""model"": ""model_5"", ""current_gpu"": 0, ""best_gpu"": 0, ""current_r"": 0.027855134526194127, ""best_r"": 0.027855134526194127, ""absolute_delta"": 0.0, ""tau"": 0.00035, ""chosen_gpu"": 0}]"
bursty,6,1,66,1787594148.6073523,0.00035,0.05287264546420209,0.02313182027181055,0.05287264546420209,1+2,1+2,"{""model_3"": 0, ""model_4"": 0, ""model_6"": 1}","{""model_3"": 0, ""model_4"": 0, ""model_6"": 1}",0,,False,,line-8 placement unchanged or every candidate blocked,0,0,,,,,,3,1,1,0.0,"[{""model"": ""model_6"", ""current_gpu"": 1, ""best_gpu"": 0, ""current_r"": 0.0, ""best_r"": 0.0, ""absolute_delta"": 0.0, ""tau"": 0.00035, ""chosen_gpu"": 1}, {""model"": ""model_4"", ""current_gpu"": 0, ""best_gpu"": 0, ""current_r"": 0.0, ""best_r"": 0.0, ""absolute_delta"": 0.0, ""tau"": 0.00035, ""chosen_gpu"": 0}, {""model"": ""model_3"", ""current_gpu"": 0, ""best_gpu"": 0, ""current_r"": 0.011647372072450776, ""best_r"": 0.011647372072450776, ""absolute_delta"": 0.0, ""tau"": 0.00035, ""chosen_gpu"": 0}]"
bursty,6,1,67,1787594153.643406,0.00035,0.048139181688118864,0.025251241494295792,0.048139181688118864,1+2,1+2,"{""model_3"": 0, ""model_4"": 0, ""model_6"": 1}","{""model_3"": 0, ""model_4"": 0, ""model_6"": 1}",0,,False,,line-8 placement unchanged or every candidate blocked,0,0,,,,,,3,1,1,0.0,"[{""model"": ""model_6"", ""current_gpu"": 1, ""best_gpu"": 0, ""current_r"": 0.0, ""best_r"": 0.0, ""absolute_delta"": 0.0, ""tau"": 0.00035, ""chosen_gpu"": 1}, {""model"": ""model_4"", ""current_gpu"": 0, ""best_gpu"": 0, ""current_r"": 0.0, ""best_r"": 0.0, ""absolute_delta"": 0.0, ""tau"": 0.00035, ""chosen_gpu"": 0}, {""model"": ""model_3"", ""current_gpu"": 0, ""best_gpu"": 0, ""current_r"": 0.013651198194334037, ""best_r"": 0.013651198194334037, ""absolute_delta"": 0.0, ""tau"": 0.00035, ""chosen_gpu"": 0}]"
bursty,6,1,68,1787594158.6761837,0.00035,0.03904589002855145,0.019092107130184537,0.03904589002855145,1+2,1+2,"{""model_3"": 0, ""model_4"": 0, ""model_6"": 1}","{""model_3"": 0, ""model_4"": 0, ""model_6"": 1}",0,,False,,line-8 placement unchanged or every candidate blocked,0,0,,,,,,3,1,1,0.0,"[{""model"": ""model_6"", ""current_gpu"": 1, ""best_gpu"": 0, ""current_r"": 0.0, ""best_r"": 0.0, ""absolute_delta"": 0.0, ""tau"": 0.00035, ""chosen_gpu"": 1}, {""model"": ""model_3"", ""current_gpu"": 0, ""best_gpu"": 0, ""current_r"": 0.0, ""best_r"": 0.0, ""absolute_delta"": 0.0, ""tau"": 0.00035, ""chosen_gpu"": 0}, {""model"": ""model_4"", ""current_gpu"": 0, ""best_gpu"": 0, ""current_r"": 0.010877665657225448, ""best_r"": 0.010877665657225448, ""absolute_delta"": 0.0, ""tau"": 0.00035, ""chosen_gpu"": 0}]"
bursty,6,1,69,1787594163.7305896,0.00035,0.036563926303037016,0.019096758341139757,0.036563926303037016,1+2,1+2,"{""model_3"": 0, ""model_4"": 0, ""model_6"": 1}","{""model_3"": 0, ""model_4"": 0, ""model_6"": 1}",0,,False,,line-8 placement unchanged or every candidate blocked,0,0,,,,,,3,1,1,0.0,"[{""model"": ""model_6"", ""current_gpu"": 1, ""best_gpu"": 0, ""current_r"": 0.0, ""best_r"": 0.0, ""absolute_delta"": 0.0, ""tau"": 0.00035, ""chosen_gpu"": 1}, {""model"": ""model_3"", ""current_gpu"": 0, ""best_gpu"": 0, ""current_r"": 0.0, ""best_r"": 0.0, ""absolute_delta"": 0.0, ""tau"": 0.00035, ""chosen_gpu"": 0}, {""model"": ""model_4"", ""current_gpu"": 0, ""best_gpu"": 0, ""current_r"": 0.013453143439889853, ""best_r"": 0.013453143439889853, ""absolute_delta"": 0.0, ""tau"": 0.00035, ""chosen_gpu"": 0}]"
bursty,6,1,70,1787594168.7667263,0.00035,0.03718715617135218,0.030891989129023623,0.03718715617135218,1+2,1+2,"{""model_3"": 0, ""model_4"": 0, ""model_6"": 1}","{""model_3"": 0, ""model_4"": 0, ""model_6"": 1}",0,,False,,line-8 placement unchanged or every candidate blocked,0,0,,,,,,3,1,1,0.0,"[{""model"": ""model_6"", ""current_gpu"": 1, ""best_gpu"": 0, ""current_r"": 0.0, ""best_r"": 0.0, ""absolute_delta"": 0.0, ""tau"": 0.00035, ""chosen_gpu"": 1}, {""model"": ""model_3"", ""current_gpu"": 0, ""best_gpu"": 0, ""current_r"": 0.0, ""best_r"": 0.0, ""absolute_delta"": 0.0, ""tau"": 0.00035, ""chosen_gpu"": 0}, {""model"": ""model_4"", ""current_gpu"": 0, ""best_gpu"": 0, ""current_r"": 0.024978501737280327, ""best_r"": 0.024978501737280327, ""absolute_delta"": 0.0, ""tau"": 0.00035, ""chosen_gpu"": 0}]"
bursty,6,1,71,1787594173.8029099,0.00035,0.0277486341950566,0.0277486341950566,0.02501098237181927,1+2,1+2,"{""model_3"": 0, ""model_4"": 0, ""model_6"": 1}","{""model_3"": 0, ""model_4"": 0, ""model_6"": 1}",0,,False,,line-8 placement unchanged or every candidate blocked,0,0,,,,,,3,0,0,0.0,"[{""model"": ""model_3"", ""current_gpu"": 0, ""best_gpu"": 0, ""current_r"": 0.0, ""best_r"": 0.0, ""absolute_delta"": 0.0, ""tau"": 0.00035, ""chosen_gpu"": 0}, {""model"": ""model_6"", ""current_gpu"": 1, ""best_gpu"": 1, ""current_r"": 0.0, ""best_r"": 0.0, ""absolute_delta"": 0.0, ""tau"": 0.00035, ""chosen_gpu"": 1}, {""model"": ""model_4"", ""current_gpu"": 0, ""best_gpu"": 0, ""current_r"": 0.023350995070833682, ""best_r"": 0.023350995070833682, ""absolute_delta"": 0.0, ""tau"": 0.00035, ""chosen_gpu"": 0}]"
bursty,6,1,72,1787594178.84095,0.00035,0.03789708535531767,0.03789708535531767,0.024576125781526844,1+2,1+2,"{""model_3"": 0, ""model_4"": 0, ""model_6"": 1}","{""model_3"": 0, ""model_4"": 1, ""model_6"": 1}",1,model_4,False,,line-8 placement unchanged or every candidate blocked,1,1,target memory infeasible,,,,,3,1,0,0.009209673554132661,"[{""model"": ""model_3"", ""current_gpu"": 0, ""best_gpu"": 0, ""current_r"": 0.0, ""best_r"": 0.0, ""absolute_delta"": 0.0, ""tau"": 0.00035, ""chosen_gpu"": 0}, {""model"": ""model_6"", ""current_gpu"": 1, ""best_gpu"": 1, ""current_r"": 0.0, ""best_r"": 0.0, ""absolute_delta"": 0.0, ""tau"": 0.00035, ""chosen_gpu"": 1}, {""model"": ""model_4"", ""current_gpu"": 0, ""best_gpu"": 1, ""current_r"": 0.033785799335659505, ""best_r"": 0.024576125781526844, ""absolute_delta"": 0.009209673554132661, ""tau"": 0.00035, ""chosen_gpu"": 1}]"
bursty,6,1,73,1787594183.8787906,0.00035,0.034446224377119694,0.034446224377119694,0.02464563978920262,1+2,1+2,"{""model_3"": 0, ""model_4"": 0, ""model_6"": 1}","{""model_3"": 0, ""model_4"": 1, ""model_6"": 1}",1,model_4,False,,line-8 placement unchanged or every candidate blocked,1,1,target memory infeasible,,,,,3,1,0,0.007056193016677207,"[{""model"": ""model_3"", ""current_gpu"": 0, ""best_gpu"": 0, ""current_r"": 0.0, ""best_r"": 0.0, ""absolute_delta"": 0.0, ""tau"": 0.00035, ""chosen_gpu"": 0}, {""model"": ""model_6"", ""current_gpu"": 1, ""best_gpu"": 1, ""current_r"": 0.0, ""best_r"": 0.0, ""absolute_delta"": 0.0, ""tau"": 0.00035, ""chosen_gpu"": 1}, {""model"": ""model_4"", ""current_gpu"": 0, ""best_gpu"": 1, ""current_r"": 0.03170183280587983, ""best_r"": 0.02464563978920262, ""absolute_delta"": 0.007056193016677207, ""tau"": 0.00035, ""chosen_gpu"": 1}]"
bursty,6,1,74,1787594188.9178596,0.00035,0.027608963203132966,0.026871240635031622,0.027608963203132966,1+2,1+2,"{""model_3"": 0, ""model_4"": 0, ""model_6"": 1}","{""model_3"": 0, ""model_4"": 0, ""model_6"": 1}",0,,False,,line-8 placement unchanged or every candidate blocked,0,0,,,,,,3,0,0,0.0,"[{""model"": ""model_3"", ""current_gpu"": 0, ""best_gpu"": 0, ""current_r"": 0.0, ""best_r"": 0.0, ""absolute_delta"": 0.0, ""tau"": 0.00035, ""chosen_gpu"": 0}, {""model"": ""model_6"", ""current_gpu"": 1, ""best_gpu"": 1, ""current_r"": 0.0, ""best_r"": 0.0, ""absolute_delta"": 0.0, ""tau"": 0.00035, ""chosen_gpu"": 1}, {""model"": ""model_4"", ""current_gpu"": 0, ""best_gpu"": 0, ""current_r"": 0.02473036140541936, ""best_r"": 0.02473036140541936, ""absolute_delta"": 0.0, ""tau"": 0.00035, ""chosen_gpu"": 0}]"
bursty,6,1,75,1787594193.9562457,0.00035,0.034095380710151106,0.024040503719149793,0.034095380710151106,1+2,1+2,"{""model_3"": 0, ""model_4"": 0, ""model_6"": 1}","{""model_3"": 0, ""model_4"": 0, ""model_6"": 1}",0,,False,,line-8 placement unchanged or every candidate blocked,0,0,,,,,,3,1,1,0.0,"[{""model"": ""model_6"", ""current_gpu"": 1, ""best_gpu"": 0, ""current_r"": 0.0, ""best_r"": 0.0, ""absolute_delta"": 0.0, ""tau"": 0.00035, ""chosen_gpu"": 1}, {""model"": ""model_3"", ""current_gpu"": 0, ""best_gpu"": 0, ""current_r"": 0.0, ""best_r"": 0.0, ""absolute_delta"": 0.0, ""tau"": 0.00035, ""chosen_gpu"": 0}, {""model"": ""model_4"", ""current_gpu"": 0, ""best_gpu"": 0, ""current_r"": 0.022125154302247686, ""best_r"": 0.022125154302247686, ""absolute_delta"": 0.0, ""tau"": 0.00035, ""chosen_gpu"": 0}]"
bursty,6,1,76,1787594199.0054336,0.00035,0.02089540956192963,0.018742019530482237,0.02089540956192963,1+2,1+2,"{""model_3"": 0, ""model_4"": 0, ""model_6"": 1}","{""model_3"": 0, ""model_4"": 0, ""model_6"": 1}",0,,False,,line-8 placement unchanged or every candidate blocked,0,0,,,,,,3,1,1,0.0,"[{""model"": ""model_6"", ""current_gpu"": 1, ""best_gpu"": 0, ""current_r"": 0.0, ""best_r"": 0.0, ""absolute_delta"": 0.0, ""tau"": 0.00035, ""chosen_gpu"": 1}, {""model"": ""model_3"", ""current_gpu"": 0, ""best_gpu"": 0, ""current_r"": 0.0, ""best_r"": 0.0, ""absolute_delta"": 0.0, ""tau"": 0.00035, ""chosen_gpu"": 0}, {""model"": ""model_4"", ""current_gpu"": 0, ""best_gpu"": 0, ""current_r"": 0.017248809712641255, ""best_r"": 0.017248809712641255, ""absolute_delta"": 0.0, ""tau"": 0.00035, ""chosen_gpu"": 0}]"
bursty,6,1,77,1787594204.0711555,0.00035,0.03173401479579729,0.03173401479579729,0.027719871708135193,1+2,1+2,"{""model_3"": 0, ""model_4"": 0, ""model_6"": 1}","{""model_3"": 0, ""model_4"": 1, ""model_6"": 1}",1,model_4,False,,line-8 placement unchanged or every candidate blocked,1,1,target memory infeasible,,,,,3,1,0,0.0014858380469205089,"[{""model"": ""model_3"", ""current_gpu"": 0, ""best_gpu"": 0, ""current_r"": 0.0, ""best_r"": 0.0, ""absolute_delta"": 0.0, ""tau"": 0.00035, ""chosen_gpu"": 0}, {""model"": ""model_6"", ""current_gpu"": 1, ""best_gpu"": 1, ""current_r"": 0.0, ""best_r"": 0.0, ""absolute_delta"": 0.0, ""tau"": 0.00035, ""chosen_gpu"": 1}, {""model"": ""model_4"", ""current_gpu"": 0, ""best_gpu"": 1, ""current_r"": 0.029205709755055702, ""best_r"": 0.027719871708135193, ""absolute_delta"": 0.0014858380469205089, ""tau"": 0.00035, ""chosen_gpu"": 1}]"
bursty,6,1,78,1787594209.110749,0.00035,0.0195325415238577,0.018872015320304997,0.0195325415238577,1+1,1+1,"{""model_3"": 0, ""model_6"": 1}","{""model_3"": 0, ""model_6"": 1}",0,,False,,line-8 placement unchanged or every candidate blocked,0,0,,,,,,2,0,0,0.0,"[{""model"": ""model_3"", ""current_gpu"": 0, ""best_gpu"": 0, ""current_r"": 0.0, ""best_r"": 0.0, ""absolute_delta"": 0.0, ""tau"": 0.00035, ""chosen_gpu"": 0}, {""model"": ""model_6"", ""current_gpu"": 1, ""best_gpu"": 1, ""current_r"": 0.0, ""best_r"": 0.0, ""absolute_delta"": 0.0, ""tau"": 0.00035, ""chosen_gpu"": 1}]"
bursty,6,1,79,1787594214.1511607,0.00035,0.08091814230397652,0.08091814230397652,0.028998447460502945,1+2,1+2,"{""model_3"": 0, ""model_5"": 0, ""model_6"": 1}","{""model_3"": 1, ""model_5"": 0, ""model_6"": 1}",1,model_3,False,,line-8 placement unchanged or every candidate blocked,1,1,target memory infeasible,,,,,3,1,0,0.02082484826282499,"[{""model"": ""model_5"", ""current_gpu"": 0, ""best_gpu"": 0, ""current_r"": 0.0, ""best_r"": 0.0, ""absolute_delta"": 0.0, ""tau"": 0.00035, ""chosen_gpu"": 0}, {""model"": ""model_6"", ""current_gpu"": 1, ""best_gpu"": 1, ""current_r"": 0.0, ""best_r"": 0.0, ""absolute_delta"": 0.0, ""tau"": 0.00035, ""chosen_gpu"": 1}, {""model"": ""model_3"", ""current_gpu"": 0, ""best_gpu"": 1, ""current_r"": 0.049823295723327936, ""best_r"": 0.028998447460502945, ""absolute_delta"": 0.02082484826282499, ""tau"": 0.00035, ""chosen_gpu"": 1}]"
bursty,6,1,80,1787594219.1910849,0.00035,0.12131315939606119,0.12131315939606119,0.029447878677029724,1+2,1+2,"{""model_3"": 0, ""model_5"": 0, ""model_6"": 1}","{""model_3"": 1, ""model_5"": 0, ""model_6"": 1}",1,model_3,False,,line-8 placement unchanged or every candidate blocked,1,1,target memory infeasible,,,,,3,1,0,0.06632084820225202,"[{""model"": ""model_5"", ""current_gpu"": 0, ""best_gpu"": 0, ""current_r"": 0.0, ""best_r"": 0.0, ""absolute_delta"": 0.0, ""tau"": 0.00035, ""chosen_gpu"": 0}, {""model"": ""model_6"", ""current_gpu"": 1, ""best_gpu"": 1, ""current_r"": 0.0, ""best_r"": 0.0, ""absolute_delta"": 0.0, ""tau"": 0.00035, ""chosen_gpu"": 1}, {""model"": ""model_3"", ""current_gpu"": 0, ""best_gpu"": 1, ""current_r"": 0.09576872687928174, ""best_r"": 0.029447878677029724, ""absolute_delta"": 0.06632084820225202, ""tau"": 0.00035, ""chosen_gpu"": 1}]"
bursty,6,1,81,1787594224.2316058,0.00035,0.10880181198263049,0.10880181198263049,0.025425003257264468,1+2,1+2,"{""model_3"": 0, ""model_5"": 0, ""model_6"": 1}","{""model_3"": 1, ""model_5"": 0, ""model_6"": 1}",1,model_3,False,,line-8 placement unchanged or every candidate blocked,1,1,target memory infeasible,,,,,3,1,0,0.061160183326602065,"[{""model"": ""model_5"", ""current_gpu"": 0, ""best_gpu"": 0, ""current_r"": 0.0, ""best_r"": 0.0, ""absolute_delta"": 0.0, ""tau"": 0.00035, ""chosen_gpu"": 0}, {""model"": ""model_6"", ""current_gpu"": 1, ""best_gpu"": 1, ""current_r"": 0.0, ""best_r"": 0.0, ""absolute_delta"": 0.0, ""tau"": 0.00035, ""chosen_gpu"": 1}, {""model"": ""model_3"", ""current_gpu"": 0, ""best_gpu"": 1, ""current_r"": 0.08658518658386653, ""best_r"": 0.025425003257264468, ""absolute_delta"": 0.061160183326602065, ""tau"": 0.00035, ""chosen_gpu"": 1}]"
bursty,6,1,82,1787594229.2743905,0.00035,0.11534552069492549,0.11534552069492549,0.026239584845886836,1+2,1+2,"{""model_3"": 0, ""model_5"": 0, ""model_6"": 1}","{""model_3"": 1, ""model_5"": 0, ""model_6"": 1}",1,model_3,False,,line-8 placement unchanged or every candidate blocked,1,1,target memory infeasible,,,,,3,1,0,0.06840574887917555,"[{""model"": ""model_5"", ""current_gpu"": 0, ""best_gpu"": 0, ""current_r"": 0.0, ""best_r"": 0.0, ""absolute_delta"": 0.0, ""tau"": 0.00035, ""chosen_gpu"": 0}, {""model"": ""model_6"", ""current_gpu"": 1, ""best_gpu"": 1, ""current_r"": 0.0, ""best_r"": 0.0, ""absolute_delta"": 0.0, ""tau"": 0.00035, ""chosen_gpu"": 1}, {""model"": ""model_3"", ""current_gpu"": 0, ""best_gpu"": 1, ""current_r"": 0.09464533372506238, ""best_r"": 0.026239584845886836, ""absolute_delta"": 0.06840574887917555, ""tau"": 0.00035, ""chosen_gpu"": 1}]"
bursty,6,1,83,1787594234.3156877,0.00035,0.07561619925264733,0.07561619925264733,0.018856917858424017,1+2,1+2,"{""model_3"": 0, ""model_5"": 0, ""model_6"": 1}","{""model_3"": 1, ""model_5"": 0, ""model_6"": 1}",1,model_3,False,,line-8 placement unchanged or every candidate blocked,1,1,target memory infeasible,,,,,3,1,0,0.04514260515908189,"[{""model"": ""model_5"", ""current_gpu"": 0, ""best_gpu"": 0, ""current_r"": 0.0, ""best_r"": 0.0, ""absolute_delta"": 0.0, ""tau"": 0.00035, ""chosen_gpu"": 0}, {""model"": ""model_6"", ""current_gpu"": 1, ""best_gpu"": 1, ""current_r"": 0.0, ""best_r"": 0.0, ""absolute_delta"": 0.0, ""tau"": 0.00035, ""chosen_gpu"": 1}, {""model"": ""model_3"", ""current_gpu"": 0, ""best_gpu"": 1, ""current_r"": 0.0639995230175059, ""best_r"": 0.018856917858424017, ""absolute_delta"": 0.04514260515908189, ""tau"": 0.00035, ""chosen_gpu"": 1}]"
bursty,6,1,84,1787594239.3584018,0.00035,0.11517196391082098,0.11517196391082098,0.024138981457069095,1+2,1+2,"{""model_3"": 0, ""model_5"": 0, ""model_6"": 1}","{""model_3"": 1, ""model_5"": 0, ""model_6"": 1}",1,model_3,False,,line-8 placement unchanged or every candidate blocked,1,1,target memory infeasible,,,,,3,1,0,0.07902978860692202,"[{""model"": ""model_5"", ""current_gpu"": 0, ""best_gpu"": 0, ""current_r"": 0.0, ""best_r"": 0.0, ""absolute_delta"": 0.0, ""tau"": 0.00035, ""chosen_gpu"": 0}, {""model"": ""model_6"", ""current_gpu"": 1, ""best_gpu"": 1, ""current_r"": 0.0, ""best_r"": 0.0, ""absolute_delta"": 0.0, ""tau"": 0.00035, ""chosen_gpu"": 1}, {""model"": ""model_3"", ""current_gpu"": 0, ""best_gpu"": 1, ""current_r"": 0.10316877006399111, ""best_r"": 0.024138981457069095, ""absolute_delta"": 0.07902978860692202, ""tau"": 0.00035, ""chosen_gpu"": 1}]"
bursty,6,1,85,1787594244.6210814,0.00035,0.0872269545073456,0.0872269545073456,0.01601505466507502,1+2,1+2,"{""model_3"": 0, ""model_5"": 0, ""model_6"": 1}","{""model_3"": 1, ""model_5"": 0, ""model_6"": 1}",1,model_3,False,,line-8 placement unchanged or every candidate blocked,1,1,target memory infeasible,,,,,3,1,0,0.06305599590878838,"[{""model"": ""model_5"", ""current_gpu"": 0, ""best_gpu"": 0, ""current_r"": 0.0, ""best_r"": 0.0, ""absolute_delta"": 0.0, ""tau"": 0.00035, ""chosen_gpu"": 0}, {""model"": ""model_6"", ""current_gpu"": 1, ""best_gpu"": 1, ""current_r"": 0.0, ""best_r"": 0.0, ""absolute_delta"": 0.0, ""tau"": 0.00035, ""chosen_gpu"": 1}, {""model"": ""model_3"", ""current_gpu"": 0, ""best_gpu"": 1, ""current_r"": 0.0790710505738634, ""best_r"": 0.01601505466507502, ""absolute_delta"": 0.06305599590878838, ""tau"": 0.00035, ""chosen_gpu"": 1}]"
bursty,6,1,86,1787594249.6637259,0.00035,0.08737792899897297,0.08737792899897297,0.012148947151809636,1+2,1+2,"{""model_3"": 0, ""model_5"": 0, ""model_6"": 1}","{""model_3"": 1, ""model_5"": 0, ""model_6"": 1}",1,model_3,False,,line-8 placement unchanged or every candidate blocked,1,1,target memory infeasible,,,,,3,1,0,0.06705896148078405,"[{""model"": ""model_5"", ""current_gpu"": 0, ""best_gpu"": 0, ""current_r"": 0.0, ""best_r"": 0.0, ""absolute_delta"": 0.0, ""tau"": 0.00035, ""chosen_gpu"": 0}, {""model"": ""model_6"", ""current_gpu"": 1, ""best_gpu"": 1, ""current_r"": 0.0, ""best_r"": 0.0, ""absolute_delta"": 0.0, ""tau"": 0.00035, ""chosen_gpu"": 1}, {""model"": ""model_3"", ""current_gpu"": 0, ""best_gpu"": 1, ""current_r"": 0.0792079086325937, ""best_r"": 0.012148947151809636, ""absolute_delta"": 0.06705896148078405, ""tau"": 0.00035, ""chosen_gpu"": 1}]"
bursty,6,1,87,1787594254.7208858,0.00035,0.022927210909466388,0.022927210909466388,0.007789134473565778,1+2,1+2,"{""model_3"": 0, ""model_5"": 0, ""model_6"": 1}","{""model_3"": 1, ""model_5"": 0, ""model_6"": 1}",1,model_3,False,,line-8 placement unchanged or every candidate blocked,1,1,target memory infeasible,,,,,3,1,0,0.011476068538683817,"[{""model"": ""model_5"", ""current_gpu"": 0, ""best_gpu"": 0, ""current_r"": 0.0, ""best_r"": 0.0, ""absolute_delta"": 0.0, ""tau"": 0.00035, ""chosen_gpu"": 0}, {""model"": ""model_6"", ""current_gpu"": 1, ""best_gpu"": 1, ""current_r"": 0.0, ""best_r"": 0.0, ""absolute_delta"": 0.0, ""tau"": 0.00035, ""chosen_gpu"": 1}, {""model"": ""model_3"", ""current_gpu"": 0, ""best_gpu"": 1, ""current_r"": 0.019265203012249595, ""best_r"": 0.007789134473565778, ""absolute_delta"": 0.011476068538683817, ""tau"": 0.00035, ""chosen_gpu"": 1}]"
bursty,6,1,88,1787594259.7652307,0.00035,0.05093726668749703,0.05093726668749703,0.005244014385708468,1+2,1+2,"{""model_3"": 0, ""model_5"": 0, ""model_6"": 1}","{""model_3"": 1, ""model_5"": 0, ""model_6"": 1}",1,model_3,False,,line-8 placement unchanged or every candidate blocked,1,1,target memory infeasible,,,,,3,1,0,0.040930510600169216,"[{""model"": ""model_5"", ""current_gpu"": 0, ""best_gpu"": 0, ""current_r"": 0.0, ""best_r"": 0.0, ""absolute_delta"": 0.0, ""tau"": 0.00035, ""chosen_gpu"": 0}, {""model"": ""model_6"", ""current_gpu"": 1, ""best_gpu"": 1, ""current_r"": 0.0, ""best_r"": 0.0, ""absolute_delta"": 0.0, ""tau"": 0.00035, ""chosen_gpu"": 1}, {""model"": ""model_3"", ""current_gpu"": 0, ""best_gpu"": 1, ""current_r"": 0.04617452498587769, ""best_r"": 0.005244014385708468, ""absolute_delta"": 0.040930510600169216, ""tau"": 0.00035, ""chosen_gpu"": 1}]"
bursty,6,1,89,1787594264.8268046,0.00035,0.008105000990939984,0.008105000990939984,0.002494123538624658,1+2,1+2,"{""model_3"": 0, ""model_5"": 0, ""model_6"": 1}","{""model_3"": 1, ""model_5"": 0, ""model_6"": 1}",1,model_3,False,,line-8 placement unchanged or every candidate blocked,1,1,target memory infeasible,,,,,3,1,0,0.0048530427917309335,"[{""model"": ""model_5"", ""current_gpu"": 0, ""best_gpu"": 0, ""current_r"": 0.0, ""best_r"": 0.0, ""absolute_delta"": 0.0, ""tau"": 0.00035, ""chosen_gpu"": 0}, {""model"": ""model_6"", ""current_gpu"": 1, ""best_gpu"": 1, ""current_r"": 0.0, ""best_r"": 0.0, ""absolute_delta"": 0.0, ""tau"": 0.00035, ""chosen_gpu"": 1}, {""model"": ""model_3"", ""current_gpu"": 0, ""best_gpu"": 1, ""current_r"": 0.007347166330355591, ""best_r"": 0.002494123538624658, ""absolute_delta"": 0.0048530427917309335, ""tau"": 0.00035, ""chosen_gpu"": 1}]"
bursty,6,1,90,1787594269.9205742,0.00035,0.0,0.0,0.0,1+1,1+1,"{""model_5"": 0, ""model_6"": 1}","{""model_5"": 0, ""model_6"": 1}",0,,False,,no measured load,0,0,,,,,,2,0,0,0.0,"[{""model"": ""model_5"", ""current_gpu"": 0, ""best_gpu"": 0, ""current_r"": 0.0, ""best_r"": 0.0, ""absolute_delta"": 0.0, ""tau"": 0.00035, ""chosen_gpu"": 0}, {""model"": ""model_6"", ""current_gpu"": 1, ""best_gpu"": 1, ""current_r"": 0.0, ""best_r"": 0.0, ""absolute_delta"": 0.0, ""tau"": 0.00035, ""chosen_gpu"": 1}]"
bursty,6,1,91,1787594274.9654756,0.00035,0.014712067494217785,0.014712067494217785,0.0,1+2,1+2,"{""model_4"": 0, ""model_5"": 0, ""model_6"": 1}","{""model_4"": 0, ""model_5"": 0, ""model_6"": 1}",0,,False,,line-8 placement unchanged or every candidate blocked,0,0,,,,,,3,0,0,0.0,"[{""model"": ""model_4"", ""current_gpu"": 0, ""best_gpu"": 0, ""current_r"": 0.0, ""best_r"": 0.0, ""absolute_delta"": 0.0, ""tau"": 0.00035, ""chosen_gpu"": 0}, {""model"": ""model_5"", ""current_gpu"": 0, ""best_gpu"": 0, ""current_r"": 0.011690032512914492, ""best_r"": 0.011690032512914492, ""absolute_delta"": 0.0, ""tau"": 0.00035, ""chosen_gpu"": 0}, {""model"": ""model_6"", ""current_gpu"": 1, ""best_gpu"": 1, ""current_r"": 0.0, ""best_r"": 0.0, ""absolute_delta"": 0.0, ""tau"": 0.00035, ""chosen_gpu"": 1}]"
bursty,6,1,92,1787594280.010376,0.00035,0.00012642144122737112,0.00012642144122737112,0.0,1+2,1+2,"{""model_4"": 0, ""model_5"": 0, ""model_6"": 1}","{""model_4"": 0, ""model_5"": 0, ""model_6"": 1}",0,,False,,line-8 placement unchanged or every candidate blocked,0,0,,,,,,3,0,0,0.0,"[{""model"": ""model_4"", ""current_gpu"": 0, ""best_gpu"": 0, ""current_r"": 0.0, ""best_r"": 0.0, ""absolute_delta"": 0.0, ""tau"": 0.00035, ""chosen_gpu"": 0}, {""model"": ""model_5"", ""current_gpu"": 0, ""best_gpu"": 0, ""current_r"": 0.00010045296209103974, ""best_r"": 0.00010045296209103974, ""absolute_delta"": 0.0, ""tau"": 0.00035, ""chosen_gpu"": 0}, {""model"": ""model_6"", ""current_gpu"": 1, ""best_gpu"": 1, ""current_r"": 0.0, ""best_r"": 0.0, ""absolute_delta"": 0.0, ""tau"": 0.00035, ""chosen_gpu"": 1}]"
bursty,8,1,1,1787596187.2422993,0.00035,0.0005751846222998724,0.0005283207248187998,0.0005751846222998724,2+2,2+2,"{""model_3"": 1, ""model_4"": 0, ""model_5"": 0, ""model_6"": 1}","{""model_3"": 1, ""model_4"": 0, ""model_5"": 0, ""model_6"": 1}",0,,False,,line-8 placement unchanged or every candidate blocked,0,0,,,,,,4,0,0,0.0,"[{""model"": ""model_5"", ""current_gpu"": 0, ""best_gpu"": 0, ""current_r"": 0.0, ""best_r"": 0.0, ""absolute_delta"": 0.0, ""tau"": 0.00035, ""chosen_gpu"": 0}, {""model"": ""model_3"", ""current_gpu"": 1, ""best_gpu"": 1, ""current_r"": 0.0, ""best_r"": 0.0, ""absolute_delta"": 0.0, ""tau"": 0.00035, ""chosen_gpu"": 1}, {""model"": ""model_6"", ""current_gpu"": 1, ""best_gpu"": 1, ""current_r"": 0.00031709249638040753, ""best_r"": 0.00031709249638040753, ""absolute_delta"": 0.0, ""tau"": 0.00035, ""chosen_gpu"": 1}, {""model"": ""model_4"", ""current_gpu"": 0, ""best_gpu"": 0, ""current_r"": 0.0003799599379292145, ""best_r"": 0.0003799599379292145, ""absolute_delta"": 0.0, ""tau"": 0.00035, ""chosen_gpu"": 0}]"
bursty,8,1,2,1787596192.2476468,0.00035,0.03189877761239524,0.03189877761239524,0.0,2+2,1+3,"{""model_3"": 1, ""model_4"": 0, ""model_5"": 0, ""model_6"": 1}","{""model_3"": 1, ""model_4"": 1, ""model_5"": 0, ""model_6"": 1}",1,model_4,False,MIGRATE,literal line-8 absolute delta exceeds tau,1,0,,model_4,0,1,0.01846186845623894,4,1,0,0.01846186845623894,"[{""model"": ""model_5"", ""current_gpu"": 0, ""best_gpu"": 0, ""current_r"": 0.0, ""best_r"": 0.0, ""absolute_delta"": 0.0, ""tau"": 0.00035, ""chosen_gpu"": 0}, {""model"": ""model_4"", ""current_gpu"": 0, ""best_gpu"": 1, ""current_r"": 0.01846186845623894, ""best_r"": 0.0, ""absolute_delta"": 0.01846186845623894, ""tau"": 0.00035, ""chosen_gpu"": 1}, {""model"": ""model_3"", ""current_gpu"": 1, ""best_gpu"": 1, ""current_r"": 0.009209204383222883, ""best_r"": 0.009209204383222883, ""absolute_delta"": 0.0, ""tau"": 0.00035, ""chosen_gpu"": 1}, {""model"": ""model_6"", ""current_gpu"": 1, ""best_gpu"": 1, ""current_r"": 0.010028846819210981, ""best_r"": 0.010028846819210981, ""absolute_delta"": 0.0, ""tau"": 0.00035, ""chosen_gpu"": 1}]"
bursty,8,1,3,1787596197.2701473,0.00035,0.020945939670505755,0.017236461321747647,0.020945939670505755,1+3,1+3,"{""model_3"": 1, ""model_4"": 1, ""model_5"": 0, ""model_6"": 1}","{""model_3"": 1, ""model_4"": 1, ""model_5"": 0, ""model_6"": 1}",0,,True,,migration cooldown active,0,0,,,,,,4,1,1,0.0,"[{""model"": ""model_4"", ""current_gpu"": 1, ""best_gpu"": 0, ""current_r"": 0.0, ""best_r"": 0.0, ""absolute_delta"": 0.0, ""tau"": 0.00035, ""chosen_gpu"": 1}, {""model"": ""model_5"", ""current_gpu"": 0, ""best_gpu"": 0, ""current_r"": 0.0, ""best_r"": 0.0, ""absolute_delta"": 0.0, ""tau"": 0.00035, ""chosen_gpu"": 0}, {""model"": ""model_3"", ""current_gpu"": 1, ""best_gpu"": 1, ""current_r"": 0.015158871806781025, ""best_r"": 0.015158871806781025, ""absolute_delta"": 0.0, ""tau"": 0.00035, ""chosen_gpu"": 1}, {""model"": ""model_6"", ""current_gpu"": 1, ""best_gpu"": 1, ""current_r"": 0.01650804966162119, ""best_r"": 0.01650804966162119, ""absolute_delta"": 0.0, ""tau"": 0.00035, ""chosen_gpu"": 1}]"
bursty,8,1,4,1787596202.2911754,0.00035,0.05493194565720539,0.04146568102881545,0.05493194565720539,1+3,2+2,"{""model_3"": 1, ""model_4"": 1, ""model_5"": 0, ""model_6"": 1}","{""model_3"": 1, ""model_4"": 1, ""model_5"": 0, ""model_6"": 0}",1,model_6,True,,migration cooldown active,1,0,,,,,,4,2,1,0.0018276398335341504,"[{""model"": ""model_4"", ""current_gpu"": 1, ""best_gpu"": 0, ""current_r"": 0.0, ""best_r"": 0.0, ""absolute_delta"": 0.0, ""tau"": 0.00035, ""chosen_gpu"": 1}, {""model"": ""model_5"", ""current_gpu"": 0, ""best_gpu"": 0, ""current_r"": 0.0, ""best_r"": 0.0, ""absolute_delta"": 0.0, ""tau"": 0.00035, ""chosen_gpu"": 0}, {""model"": ""model_3"", ""current_gpu"": 1, ""best_gpu"": 1, ""current_r"": 0.039755023427627954, ""best_r"": 0.039755023427627954, ""absolute_delta"": 0.0, ""tau"": 0.00035, ""chosen_gpu"": 1}, {""model"": ""model_6"", ""current_gpu"": 1, ""best_gpu"": 0, ""current_r"": 0.0432933208623496, ""best_r"": 0.04146568102881545, ""absolute_delta"": 0.0018276398335341504, ""tau"": 0.00035, ""chosen_gpu"": 0}]"
bursty,8,1,5,1787596207.2995017,0.00035,0.03684588507906604,0.03601192073966471,0.03684588507906604,1+3,1+3,"{""model_3"": 1, ""model_4"": 1, ""model_5"": 0, ""model_6"": 1}","{""model_3"": 1, ""model_4"": 1, ""model_5"": 0, ""model_6"": 1}",0,,True,,migration cooldown active,0,0,,,,,,4,0,0,0.0,"[{""model"": ""model_5"", ""current_gpu"": 0, ""best_gpu"": 0, ""current_r"": 0.0, ""best_r"": 0.0, ""absolute_delta"": 0.0, ""tau"": 0.00035, ""chosen_gpu"": 0}, {""model"": ""model_4"", ""current_gpu"": 1, ""best_gpu"": 1, ""current_r"": 0.0, ""best_r"": 0.0, ""absolute_delta"": 0.0, ""tau"": 0.00035, ""chosen_gpu"": 1}, {""model"": ""model_3"", ""current_gpu"": 1, ""best_gpu"": 1, ""current_r"": 0.026665886434660075, ""best_r"": 0.026665886434660075, ""absolute_delta"": 0.0, ""tau"": 0.00035, ""chosen_gpu"": 1}, {""model"": ""model_6"", ""current_gpu"": 1, ""best_gpu"": 1, ""current_r"": 0.029039217637397245, ""best_r"": 0.029039217637397245, ""absolute_delta"": 0.0, ""tau"": 0.00035, ""chosen_gpu"": 1}]"
bursty,8,1,6,1787596212.3087037,0.00035,0.04525345837230366,0.036763424232700355,0.04525345837230366,1+3,1+3,"{""model_3"": 1, ""model_4"": 1, ""model_5"": 0, ""model_6"": 1}","{""model_3"": 1, ""model_4"": 1, ""model_5"": 0, ""model_6"": 1}",0,,True,,migration cooldown active,0,0,,,,,,4,1,1,0.0,"[{""model"": ""model_4"", ""current_gpu"": 1, ""best_gpu"": 0, ""current_r"": 0.0, ""best_r"": 0.0, ""absolute_delta"": 0.0, ""tau"": 0.00035, ""chosen_gpu"": 1}, {""model"": ""model_5"", ""current_gpu"": 0, ""best_gpu"": 0, ""current_r"": 0.0, ""best_r"": 0.0, ""absolute_delta"": 0.0, ""tau"": 0.00035, ""chosen_gpu"": 0}, {""model"": ""model_3"", ""current_gpu"": 1, ""best_gpu"": 1, ""current_r"": 0.03275056574545594, ""best_r"": 0.03275056574545594, ""absolute_delta"": 0.0, ""tau"": 0.00035, ""chosen_gpu"": 1}, {""model"": ""model_6"", ""current_gpu"": 1, ""best_gpu"": 1, ""current_r"": 0.035665448765806455, ""best_r"": 0.035665448765806455, ""absolute_delta"": 0.0, ""tau"": 0.00035, ""chosen_gpu"": 1}]"
bursty,8,1,7,1787596217.326575,0.00035,0.05901420964772824,0.04283658275264571,0.05901420964772824,1+3,2+2,"{""model_3"": 1, ""model_4"": 1, ""model_5"": 0, ""model_6"": 1}","{""model_3"": 1, ""model_4"": 1, ""model_5"": 0, ""model_6"": 0}",1,model_6,True,,migration cooldown active,1,0,,,,,,4,2,1,0.0036740784509582958,"[{""model"": ""model_4"", ""current_gpu"": 1, ""best_gpu"": 0, ""current_r"": 0.0, ""best_r"": 0.0, ""absolute_delta"": 0.0, ""tau"": 0.00035, ""chosen_gpu"": 1}, {""model"": ""model_5"", ""current_gpu"": 0, ""best_gpu"": 0, ""current_r"": 0.0, ""best_r"": 0.0, ""absolute_delta"": 0.0, ""tau"": 0.00035, ""chosen_gpu"": 0}, {""model"": ""model_3"", ""current_gpu"": 1, ""best_gpu"": 1, ""current_r"": 0.04270941542374889, ""best_r"": 0.04270941542374889, ""absolute_delta"": 0.0, ""tau"": 0.00035, ""chosen_gpu"": 1}, {""model"": ""model_6"", ""current_gpu"": 1, ""best_gpu"": 0, ""current_r"": 0.046510661203604, ""best_r"": 0.04283658275264571, ""absolute_delta"": 0.0036740784509582958, ""tau"": 0.00035, ""chosen_gpu"": 0}]"
bursty,8,1,8,1787596222.33277,0.00035,0.04467416860171241,0.03457944915114036,0.04467416860171241,1+3,2+2,"{""model_3"": 1, ""model_4"": 1, ""model_5"": 0, ""model_6"": 1}","{""model_3"": 1, ""model_4"": 1, ""model_5"": 0, ""model_6"": 0}",1,model_6,False,MIGRATE,literal line-8 absolute delta exceeds tau,1,0,,model_6,1,0,0.044480034430893295,4,2,1,0.0006294460080090852,"[{""model"": ""model_4"", ""current_gpu"": 1, ""best_gpu"": 0, ""current_r"": 0.0, ""best_r"": 0.0, ""absolute_delta"": 0.0, ""tau"": 0.00035, ""chosen_gpu"": 1}, {""model"": ""model_5"", ""current_gpu"": 0, ""best_gpu"": 0, ""current_r"": 0.0, ""best_r"": 0.0, ""absolute_delta"": 0.0, ""tau"": 0.00035, ""chosen_gpu"": 0}, {""model"": ""model_3"", ""current_gpu"": 1, ""best_gpu"": 1, ""current_r"": 0.03233132557244344, ""best_r"": 0.03233132557244344, ""absolute_delta"": 0.0, ""tau"": 0.00035, ""chosen_gpu"": 1}, {""model"": ""model_6"", ""current_gpu"": 1, ""best_gpu"": 0, ""current_r"": 0.03520889515914945, ""best_r"": 0.03457944915114036, ""absolute_delta"": 0.0006294460080090852, ""tau"": 0.00035, ""chosen_gpu"": 0}]"
bursty,8,1,9,1787596227.3648412,0.00035,0.043788069115845346,0.043788069115845346,0.035953943704201984,2+2,2+2,"{""model_3"": 1, ""model_4"": 1, ""model_5"": 0, ""model_6"": 0}","{""model_3"": 1, ""model_4"": 1, ""model_5"": 0, ""model_6"": 0}",0,,True,,migration cooldown active,0,0,,,,,,4,1,1,0.0,"[{""model"": ""model_4"", ""current_gpu"": 1, ""best_gpu"": 0, ""current_r"": 0.0, ""best_r"": 0.0, ""absolute_delta"": 0.0, ""tau"": 0.00035, ""chosen_gpu"": 1}, {""model"": ""model_5"", ""current_gpu"": 0, ""best_gpu"": 0, ""current_r"": 0.0, ""best_r"": 0.0, ""absolute_delta"": 0.0, ""tau"": 0.00035, ""chosen_gpu"": 0}, {""model"": ""model_6"", ""current_gpu"": 0, ""best_gpu"": 0, ""current_r"": 0.031262255511348605, ""best_r"": 0.031262255511348605, ""absolute_delta"": 0.0, ""tau"": 0.00035, ""chosen_gpu"": 0}, {""model"": ""model_3"", ""current_gpu"": 1, ""best_gpu"": 1, ""current_r"": 0.03301548243020582, ""best_r"": 0.03301548243020582, ""absolute_delta"": 0.0, ""tau"": 0.00035, ""chosen_gpu"": 1}]"
bursty,8,1,10,1787596232.4043741,0.00035,0.0726684499025525,0.0726684499025525,0.025940588556279138,2+2,1+3,"{""model_3"": 1, ""model_4"": 1, ""model_5"": 0, ""model_6"": 0}","{""model_3"": 1, ""model_4"": 1, ""model_5"": 0, ""model_6"": 1}",1,model_6,True,,migration cooldown active,1,0,,,,,,4,1,0,0.02203755703319367,"[{""model"": ""model_5"", ""current_gpu"": 0, ""best_gpu"": 0, ""current_r"": 0.0, ""best_r"": 0.0, ""absolute_delta"": 0.0, ""tau"": 0.00035, ""chosen_gpu"": 0}, {""model"": ""model_4"", ""current_gpu"": 1, ""best_gpu"": 1, ""current_r"": 0.0, ""best_r"": 0.0, ""absolute_delta"": 0.0, ""tau"": 0.00035, ""chosen_gpu"": 1}, {""model"": ""model_6"", ""current_gpu"": 0, ""best_gpu"": 1, ""current_r"": 0.040890827718154756, ""best_r"": 0.018853270684961086, ""absolute_delta"": 0.02203755703319367, ""tau"": 0.00035, ""chosen_gpu"": 1}, {""model"": ""model_3"", ""current_gpu"": 1, ""best_gpu"": 1, ""current_r"": 0.04033971444558335, ""best_r"": 0.04033971444558335, ""absolute_delta"": 0.0, ""tau"": 0.00035, ""chosen_gpu"": 1}]"
bursty,8,1,11,1787596237.4165747,0.00035,0.09494633533309235,0.09494633533309235,0.031231820621750152,2+2,1+3,"{""model_3"": 1, ""model_4"": 1, ""model_5"": 0, ""model_6"": 0}","{""model_3"": 1, ""model_4"": 1, ""model_5"": 0, ""model_6"": 1}",1,model_6,True,,migration cooldown active,1,0,,,,,,4,1,0,0.052253067942543585,"[{""model"": ""model_5"", ""current_gpu"": 0, ""best_gpu"": 0, ""current_r"": 0.0, ""best_r"": 0.0, ""absolute_delta"": 0.0, ""tau"": 0.00035, ""chosen_gpu"": 0}, {""model"": ""model_6"", ""current_gpu"": 0, ""best_gpu"": 1, ""current_r"": 0.052253067942543585, ""best_r"": 0.0, ""absolute_delta"": 0.052253067942543585, ""tau"": 0.00035, ""chosen_gpu"": 1}, {""model"": ""model_4"", ""current_gpu"": 1, ""best_gpu"": 1, ""current_r"": 0.021295195113686105, ""best_r"": 0.021295195113686105, ""absolute_delta"": 0.0, ""tau"": 0.00035, ""chosen_gpu"": 1}, {""model"": ""model_3"", ""current_gpu"": 1, ""best_gpu"": 1, ""current_r"": 0.044573896648893024, ""best_r"": 0.044573896648893024, ""absolute_delta"": 0.0, ""tau"": 0.00035, ""chosen_gpu"": 1}]"
bursty,8,1,12,1787596242.4547842,0.00035,0.13020461943398023,0.13020461943398023,0.022685987407683742,2+2,1+3,"{""model_3"": 1, ""model_4"": 1, ""model_5"": 0, ""model_6"": 0}","{""model_3"": 1, ""model_4"": 1, ""model_5"": 0, ""model_6"": 1}",1,model_6,True,,migration cooldown active,1,0,,,,,,4,1,0,0.07272788311590637,"[{""model"": ""model_5"", ""current_gpu"": 0, ""best_gpu"": 0, ""current_r"": 0.0, ""best_r"": 0.0, ""absolute_delta"": 0.0, ""tau"": 0.00035, ""chosen_gpu"": 0}, {""model"": ""model_6"", ""current_gpu"": 0, ""best_gpu"": 1, ""current_r"": 0.07272788311590637, ""best_r"": 0.0, ""absolute_delta"": 0.07272788311590637, ""tau"": 0.00035, ""chosen_gpu"": 1}, {""model"": ""model_4"", ""current_gpu"": 1, ""best_gpu"": 1, ""current_r"": 0.028145630984019867, ""best_r"": 0.028145630984019867, ""absolute_delta"": 0.0, ""tau"": 0.00035, ""chosen_gpu"": 1}, {""model"": ""model_3"", ""current_gpu"": 1, ""best_gpu"": 1, ""current_r"": 0.047739561164636256, ""best_r"": 0.047739561164636256, ""absolute_delta"": 0.0, ""tau"": 0.00035, ""chosen_gpu"": 1}]"
bursty,8,1,13,1787596247.468335,0.00035,0.14028199525572366,0.14028199525572366,0.016928279756376185,2+2,1+3,"{""model_3"": 1, ""model_4"": 1, ""model_5"": 0, ""model_6"": 0}","{""model_3"": 1, ""model_4"": 1, ""model_5"": 0, ""model_6"": 1}",1,model_6,True,,migration cooldown active,1,0,,,,,,4,1,0,0.07415039539427885,"[{""model"": ""model_5"", ""current_gpu"": 0, ""best_gpu"": 0, ""current_r"": 0.0, ""best_r"": 0.0, ""absolute_delta"": 0.0, ""tau"": 0.00035, ""chosen_gpu"": 0}, {""model"": ""model_6"", ""current_gpu"": 0, ""best_gpu"": 1, ""current_r"": 0.07415039539427885, ""best_r"": 0.0, ""absolute_delta"": 0.07415039539427885, ""tau"": 0.00035, ""chosen_gpu"": 1}, {""model"": ""model_3"", ""current_gpu"": 1, ""best_gpu"": 1, ""current_r"": 0.03447877598351553, ""best_r"": 0.03447877598351553, ""absolute_delta"": 0.0, ""tau"": 0.00035, ""chosen_gpu"": 1}, {""model"": ""model_4"", ""current_gpu"": 1, ""best_gpu"": 1, ""current_r"": 0.04929662670495304, ""best_r"": 0.04929662670495304, ""absolute_delta"": 0.0, ""tau"": 0.00035, ""chosen_gpu"": 1}]"
bursty,8,1,14,1787596252.5059776,0.00035,0.14808085795692166,0.14808085795692166,0.013460486537289502,2+2,1+3,"{""model_3"": 1, ""model_4"": 1, ""model_5"": 0, ""model_6"": 0}","{""model_3"": 1, ""model_4"": 1, ""model_5"": 0, ""model_6"": 1}",1,model_6,False,MIGRATE,literal line-8 absolute delta exceeds tau,1,0,,model_6,0,1,0.07790286024503036,4,1,0,0.07790286024503036,"[{""model"": ""model_5"", ""current_gpu"": 0, ""best_gpu"": 0, ""current_r"": 0.0, ""best_r"": 0.0, ""absolute_delta"": 0.0, ""tau"": 0.00035, ""chosen_gpu"": 0}, {""model"": ""model_6"", ""current_gpu"": 0, ""best_gpu"": 1, ""current_r"": 0.07790286024503036, ""best_r"": 0.0, ""absolute_delta"": 0.07790286024503036, ""tau"": 0.00035, ""chosen_gpu"": 1}, {""model"": ""model_3"", ""current_gpu"": 1, ""best_gpu"": 1, ""current_r"": 0.036760924253706466, ""best_r"": 0.036760924253706466, ""absolute_delta"": 0.0, ""tau"": 0.00035, ""chosen_gpu"": 1}, {""model"": ""model_4"", ""current_gpu"": 1, ""best_gpu"": 1, ""current_r"": 0.0524427239533517, ""best_r"": 0.0524427239533517, ""absolute_delta"": 0.0, ""tau"": 0.00035, ""chosen_gpu"": 1}]"
bursty,8,1,15,1787596258.5832267,0.00035,0.10996236706426638,0.10996236706426638,0.058420551834294863,1+3,1+3,"{""model_3"": 1, ""model_4"": 1, ""model_5"": 0, ""model_6"": 1}","{""model_3"": 1, ""model_4"": 1, ""model_5"": 0, ""model_6"": 1}",0,,True,,migration cooldown active,0,0,,,,,,4,0,0,0.0,"[{""model"": ""model_5"", ""current_gpu"": 0, ""best_gpu"": 0, ""current_r"": 0.0, ""best_r"": 0.0, ""absolute_delta"": 0.0, ""tau"": 0.00035, ""chosen_gpu"": 0}, {""model"": ""model_6"", ""current_gpu"": 1, ""best_gpu"": 1, ""current_r"": 0.0, ""best_r"": 0.0, ""absolute_delta"": 0.0, ""tau"": 0.00035, ""chosen_gpu"": 1}, {""model"": ""model_3"", ""current_gpu"": 1, ""best_gpu"": 1, ""current_r"": 0.034360080133074455, ""best_r"": 0.034360080133074455, ""absolute_delta"": 0.0, ""tau"": 0.00035, ""chosen_gpu"": 1}, {""model"": ""model_4"", ""current_gpu"": 1, ""best_gpu"": 1, ""current_r"": 0.05263865220797158, ""best_r"": 0.05263865220797158, ""absolute_delta"": 0.0, ""tau"": 0.00035, ""chosen_gpu"": 1}]"
bursty,8,1,16,1787596263.5984144,0.00035,0.12403462731778536,0.05978935898054432,0.12403462731778536,1+3,2+2,"{""model_3"": 1, ""model_4"": 1, ""model_5"": 0, ""model_6"": 1}","{""model_3"": 1, ""model_4"": 0, ""model_5"": 0, ""model_6"": 1}",1,model_4,True,,migration cooldown active,1,0,,,,,,4,2,1,0.05196952388049566,"[{""model"": ""model_3"", ""current_gpu"": 1, ""best_gpu"": 0, ""current_r"": 0.0, ""best_r"": 0.0, ""absolute_delta"": 0.0, ""tau"": 0.00035, ""chosen_gpu"": 1}, {""model"": ""model_5"", ""current_gpu"": 0, ""best_gpu"": 0, ""current_r"": 0.0, ""best_r"": 0.0, ""absolute_delta"": 0.0, ""tau"": 0.00035, ""chosen_gpu"": 0}, {""model"": ""model_6"", ""current_gpu"": 1, ""best_gpu"": 1, ""current_r"": 0.05603697228171657, ""best_r"": 0.05603697228171657, ""absolute_delta"": 0.0, ""tau"": 0.00035, ""chosen_gpu"": 1}, {""model"": ""model_4"", ""current_gpu"": 1, ""best_gpu"": 0, ""current_r"": 0.11175888286103998, ""best_r"": 0.05978935898054432, ""absolute_delta"": 0.05196952388049566, ""tau"": 0.00035, ""chosen_gpu"": 0}]"
bursty,8,1,17,1787596268.613835,0.00035,0.16765856327164236,0.03171535067519466,0.16765856327164236,1+3,1+3,"{""model_3"": 1, ""model_4"": 1, ""model_5"": 0, ""model_6"": 1}","{""model_3"": 1, ""model_4"": 0, ""model_5"": 0, ""model_6"": 0}",2,"model_6,model_4",True,,migration cooldown active,2,0,,,,,,4,3,1,0.06429623114529437,"[{""model"": ""model_3"", ""current_gpu"": 1, ""best_gpu"": 0, ""current_r"": 0.0, ""best_r"": 0.0, ""absolute_delta"": 0.0, ""tau"": 0.00035, ""chosen_gpu"": 1}, {""model"": ""model_5"", ""current_gpu"": 0, ""best_gpu"": 0, ""current_r"": 0.0, ""best_r"": 0.0, ""absolute_delta"": 0.0, ""tau"": 0.00035, ""chosen_gpu"": 0}, {""model"": ""model_6"", ""current_gpu"": 1, ""best_gpu"": 0, ""current_r"": 0.09601158182048902, ""best_r"": 0.03171535067519466, ""absolute_delta"": 0.06429623114529437, ""tau"": 0.00035, ""chosen_gpu"": 0}, {""model"": ""model_4"", ""current_gpu"": 1, ""best_gpu"": 0, ""current_r"": 0.09601158182048902, ""best_r"": 0.07838079460591175, ""absolute_delta"": 0.017630787214577268, ""tau"": 0.00035, ""chosen_gpu"": 0}]"
bursty,8,1,18,1787596273.6508,0.00035,0.17272987229370568,0.025047834437518825,0.17272987229370568,1+3,1+3,"{""model_3"": 1, ""model_4"": 1, ""model_5"": 0, ""model_6"": 1}","{""model_3"": 1, ""model_4"": 0, ""model_5"": 0, ""model_6"": 0}",2,"model_6,model_4",True,,migration cooldown active,2,0,,,,,,4,3,1,0.08211868693329183,"[{""model"": ""model_3"", ""current_gpu"": 1, ""best_gpu"": 0, ""current_r"": 0.0, ""best_r"": 0.0, ""absolute_delta"": 0.0, ""tau"": 0.00035, ""chosen_gpu"": 1}, {""model"": ""model_5"", ""current_gpu"": 0, ""best_gpu"": 0, ""current_r"": 0.0, ""best_r"": 0.0, ""absolute_delta"": 0.0, ""tau"": 0.00035, ""chosen_gpu"": 0}, {""model"": ""model_6"", ""current_gpu"": 1, ""best_gpu"": 0, ""current_r"": 0.10716652137081066, ""best_r"": 0.025047834437518825, ""absolute_delta"": 0.08211868693329183, ""tau"": 0.00035, ""chosen_gpu"": 0}, {""model"": ""model_4"", ""current_gpu"": 1, ""best_gpu"": 0, ""current_r"": 0.10716652137081066, ""best_r"": 0.05882625189267833, ""absolute_delta"": 0.04834026947813233, ""tau"": 0.00035, ""chosen_gpu"": 0}]"
bursty,8,1,19,1787596278.6678598,0.00035,0.18436399223799319,0.015163969221103033,0.18436399223799319,1+3,1+3,"{""model_3"": 1, ""model_4"": 1, ""model_5"": 0, ""model_6"": 1}","{""model_3"": 1, ""model_4"": 0, ""model_5"": 0, ""model_6"": 0}",2,"model_6,model_4",True,,migration cooldown active,2,0,,,,,,4,3,1,0.10696426460433826,"[{""model"": ""model_3"", ""current_gpu"": 1, ""best_gpu"": 0, ""current_r"": 0.0, ""best_r"": 0.0, ""absolute_delta"": 0.0, ""tau"": 0.00035, ""chosen_gpu"": 1}, {""model"": ""model_5"", ""current_gpu"": 0, ""best_gpu"": 0, ""current_r"": 0.0, ""best_r"": 0.0, ""absolute_delta"": 0.0, ""tau"": 0.00035, ""chosen_gpu"": 0}, {""model"": ""model_6"", ""current_gpu"": 1, ""best_gpu"": 0, ""current_r"": 0.1221282338254413, ""best_r"": 0.015163969221103033, ""absolute_delta"": 0.10696426460433826, ""tau"": 0.00035, ""chosen_gpu"": 0}, {""model"": ""model_4"", ""current_gpu"": 1, ""best_gpu"": 0, ""current_r"": 0.1221282338254413, ""best_r"": 0.03653447263578588, ""absolute_delta"": 0.08559376118965542, ""tau"": 0.00035, ""chosen_gpu"": 0}]"
bursty,8,1,20,1787596283.68443,0.00035,0.17473175647336933,0.006204494276726126,0.17473175647336933,1+2,1+2,"{""model_3"": 1, ""model_5"": 0, ""model_6"": 1}","{""model_3"": 1, ""model_5"": 0, ""model_6"": 0}",1,model_6,False,MIGRATE,literal line-8 absolute delta exceeds tau,1,0,,model_6,1,0,0.1304727175960199,3,2,1,0.1304727175960199,"[{""model"": ""model_3"", ""current_gpu"": 1, ""best_gpu"": 0, ""current_r"": 0.0, ""best_r"": 0.0, ""absolute_delta"": 0.0, ""tau"": 0.00035, ""chosen_gpu"": 1}, {""model"": ""model_6"", ""current_gpu"": 1, ""best_gpu"": 0, ""current_r"": 0.1304727175960199, ""best_r"": 0.0, ""absolute_delta"": 0.1304727175960199, ""tau"": 0.00035, ""chosen_gpu"": 0}, {""model"": ""model_5"", ""current_gpu"": 0, ""best_gpu"": 0, ""current_r"": 0.011486443267050861, ""best_r"": 0.011486443267050861, ""absolute_delta"": 0.0, ""tau"": 0.00035, ""chosen_gpu"": 0}]"
bursty,8,1,21,1787596288.7057693,0.00035,0.09898728226093274,0.013428605054419052,0.09898728226093274,1+2,1+2,"{""model_3"": 1, ""model_5"": 0, ""model_6"": 0}","{""model_3"": 1, ""model_5"": 0, ""model_6"": 0}",0,,True,,migration cooldown active,0,0,,,,,,3,1,1,0.0,"[{""model"": ""model_3"", ""current_gpu"": 1, ""best_gpu"": 0, ""current_r"": 0.0, ""best_r"": 0.0, ""absolute_delta"": 0.0, ""tau"": 0.00035, ""chosen_gpu"": 1}, {""model"": ""model_6"", ""current_gpu"": 0, ""best_gpu"": 0, ""current_r"": 0.0, ""best_r"": 0.0, ""absolute_delta"": 0.0, ""tau"": 0.00035, ""chosen_gpu"": 0}, {""model"": ""model_5"", ""current_gpu"": 0, ""best_gpu"": 0, ""current_r"": 0.010311548587557137, ""best_r"": 0.010311548587557137, ""absolute_delta"": 0.0, ""tau"": 0.00035, ""chosen_gpu"": 0}]"
bursty,8,1,22,1787596293.7233787,0.00035,0.17423224180387428,0.010531265909142572,0.17423224180387428,1+2,1+2,"{""model_3"": 1, ""model_5"": 0, ""model_6"": 0}","{""model_3"": 1, ""model_5"": 0, ""model_6"": 0}",0,,True,,migration cooldown active,0,0,,,,,,3,1,1,0.0,"[{""model"": ""model_3"", ""current_gpu"": 1, ""best_gpu"": 0, ""current_r"": 0.0, ""best_r"": 0.0, ""absolute_delta"": 0.0, ""tau"": 0.00035, ""chosen_gpu"": 1}, {""model"": ""model_6"", ""current_gpu"": 0, ""best_gpu"": 0, ""current_r"": 0.0, ""best_r"": 0.0, ""absolute_delta"": 0.0, ""tau"": 0.00035, ""chosen_gpu"": 0}, {""model"": ""model_5"", ""current_gpu"": 0, ""best_gpu"": 0, ""current_r"": 0.008086741673504799, ""best_r"": 0.008086741673504799, ""absolute_delta"": 0.0, ""tau"": 0.00035, ""chosen_gpu"": 0}]"
bursty,8,1,23,1787596298.7726908,0.00035,0.12321337244237297,0.009846267229899525,0.12321337244237297,1+2,1+2,"{""model_3"": 1, ""model_5"": 0, ""model_6"": 0}","{""model_3"": 1, ""model_5"": 0, ""model_6"": 0}",0,,True,,migration cooldown active,0,0,,,,,,3,1,1,0.0,"[{""model"": ""model_3"", ""current_gpu"": 1, ""best_gpu"": 0, ""current_r"": 0.0, ""best_r"": 0.0, ""absolute_delta"": 0.0, ""tau"": 0.00035, ""chosen_gpu"": 1}, {""model"": ""model_6"", ""current_gpu"": 0, ""best_gpu"": 0, ""current_r"": 0.0, ""best_r"": 0.0, ""absolute_delta"": 0.0, ""tau"": 0.00035, ""chosen_gpu"": 0}, {""model"": ""model_5"", ""current_gpu"": 0, ""best_gpu"": 0, ""current_r"": 0.007560745329520973, ""best_r"": 0.007560745329520973, ""absolute_delta"": 0.0, ""tau"": 0.00035, ""chosen_gpu"": 0}]"
bursty,8,1,24,1787596303.792266,0.00035,0.18441196298203177,0.010788439184819554,0.18441196298203177,1+2,1+2,"{""model_3"": 1, ""model_5"": 0, ""model_6"": 0}","{""model_3"": 1, ""model_5"": 0, ""model_6"": 0}",0,,True,,migration cooldown active,0,0,,,,,,3,1,1,0.0,"[{""model"": ""model_3"", ""current_gpu"": 1, ""best_gpu"": 0, ""current_r"": 0.0, ""best_r"": 0.0, ""absolute_delta"": 0.0, ""tau"": 0.00035, ""chosen_gpu"": 1}, {""model"": ""model_6"", ""current_gpu"": 0, ""best_gpu"": 0, ""current_r"": 0.0, ""best_r"": 0.0, ""absolute_delta"": 0.0, ""tau"": 0.00035, ""chosen_gpu"": 0}, {""model"": ""model_5"", ""current_gpu"": 0, ""best_gpu"": 0, ""current_r"": 0.00828421972255143, ""best_r"": 0.00828421972255143, ""absolute_delta"": 0.0, ""tau"": 0.00035, ""chosen_gpu"": 0}]"
bursty,8,1,25,1787596308.812992,0.00035,0.15113202454889751,0.006245569981423759,0.15113202454889751,1+2,1+2,"{""model_3"": 1, ""model_5"": 0, ""model_6"": 0}","{""model_3"": 1, ""model_5"": 0, ""model_6"": 0}",0,,True,,migration cooldown active,0,0,,,,,,3,1,1,0.0,"[{""model"": ""model_3"", ""current_gpu"": 1, ""best_gpu"": 0, ""current_r"": 0.0, ""best_r"": 0.0, ""absolute_delta"": 0.0, ""tau"": 0.00035, ""chosen_gpu"": 1}, {""model"": ""model_6"", ""current_gpu"": 0, ""best_gpu"": 0, ""current_r"": 0.0, ""best_r"": 0.0, ""absolute_delta"": 0.0, ""tau"": 0.00035, ""chosen_gpu"": 0}, {""model"": ""model_5"", ""current_gpu"": 0, ""best_gpu"": 0, ""current_r"": 0.004795844248859366, ""best_r"": 0.004795844248859366, ""absolute_delta"": 0.0, ""tau"": 0.00035, ""chosen_gpu"": 0}]"
bursty,8,1,26,1787596313.8332765,0.00035,0.16828174455226014,0.00662258639651841,0.16828174455226014,1+1,1+1,"{""model_3"": 1, ""model_6"": 0}","{""model_3"": 1, ""model_6"": 0}",0,,False,,line-8 placement unchanged or every candidate blocked,0,0,,,,,,2,1,1,0.0,"[{""model"": ""model_3"", ""current_gpu"": 1, ""best_gpu"": 0, ""current_r"": 0.0, ""best_r"": 0.0, ""absolute_delta"": 0.0, ""tau"": 0.00035, ""chosen_gpu"": 1}, {""model"": ""model_6"", ""current_gpu"": 0, ""best_gpu"": 0, ""current_r"": 0.0, ""best_r"": 0.0, ""absolute_delta"": 0.0, ""tau"": 0.00035, ""chosen_gpu"": 0}]"
bursty,8,1,27,1787596318.8538895,0.00035,0.18487335550517328,0.00507166532090339,0.18487335550517328,1+1,1+1,"{""model_3"": 1, ""model_6"": 0}","{""model_3"": 1, ""model_6"": 0}",0,,False,,line-8 placement unchanged or every candidate blocked,0,0,,,,,,2,1,1,0.0,"[{""model"": ""model_3"", ""current_gpu"": 1, ""best_gpu"": 0, ""current_r"": 0.0, ""best_r"": 0.0, ""absolute_delta"": 0.0, ""tau"": 0.00035, ""chosen_gpu"": 1}, {""model"": ""model_6"", ""current_gpu"": 0, ""best_gpu"": 0, ""current_r"": 0.0, ""best_r"": 0.0, ""absolute_delta"": 0.0, ""tau"": 0.00035, ""chosen_gpu"": 0}]"
bursty,8,1,28,1787596323.88521,0.00035,0.15056335700186213,0.007243280295269883,0.15056335700186213,1+1,1+1,"{""model_3"": 1, ""model_6"": 0}","{""model_3"": 1, ""model_6"": 0}",0,,False,,line-8 placement unchanged or every candidate blocked,0,0,,,,,,2,1,1,0.0,"[{""model"": ""model_3"", ""current_gpu"": 1, ""best_gpu"": 0, ""current_r"": 0.0, ""best_r"": 0.0, ""absolute_delta"": 0.0, ""tau"": 0.00035, ""chosen_gpu"": 1}, {""model"": ""model_6"", ""current_gpu"": 0, ""best_gpu"": 0, ""current_r"": 0.0, ""best_r"": 0.0, ""absolute_delta"": 0.0, ""tau"": 0.00035, ""chosen_gpu"": 0}]"
bursty,8,1,29,1787596328.9120953,0.00035,0.16649029755726497,0.007640808854372271,0.16649029755726497,1+1,1+1,"{""model_3"": 1, ""model_6"": 0}","{""model_3"": 1, ""model_6"": 0}",0,,False,,line-8 placement unchanged or every candidate blocked,0,0,,,,,,2,1,1,0.0,"[{""model"": ""model_3"", ""current_gpu"": 1, ""best_gpu"": 0, ""current_r"": 0.0, ""best_r"": 0.0, ""absolute_delta"": 0.0, ""tau"": 0.00035, ""chosen_gpu"": 1}, {""model"": ""model_6"", ""current_gpu"": 0, ""best_gpu"": 0, ""current_r"": 0.0, ""best_r"": 0.0, ""absolute_delta"": 0.0, ""tau"": 0.00035, ""chosen_gpu"": 0}]"
bursty,8,1,30,1787596333.9636204,0.00035,0.1310368243852362,0.0056407110202619185,0.1310368243852362,1+1,1+1,"{""model_3"": 1, ""model_6"": 0}","{""model_3"": 1, ""model_6"": 0}",0,,False,,line-8 placement unchanged or every candidate blocked,0,0,,,,,,2,1,1,0.0,"[{""model"": ""model_3"", ""current_gpu"": 1, ""best_gpu"": 0, ""current_r"": 0.0, ""best_r"": 0.0, ""absolute_delta"": 0.0, ""tau"": 0.00035, ""chosen_gpu"": 1}, {""model"": ""model_6"", ""current_gpu"": 0, ""best_gpu"": 0, ""current_r"": 0.0, ""best_r"": 0.0, ""absolute_delta"": 0.0, ""tau"": 0.00035, ""chosen_gpu"": 0}]"
bursty,8,1,31,1787596339.0240314,0.00035,0.14935520877904576,0.00574532780230095,0.14935520877904576,1+1,1+1,"{""model_3"": 1, ""model_6"": 0}","{""model_3"": 1, ""model_6"": 0}",0,,False,,line-8 placement unchanged or every candidate blocked,0,0,,,,,,2,1,1,0.0,"[{""model"": ""model_3"", ""current_gpu"": 1, ""best_gpu"": 0, ""current_r"": 0.0, ""best_r"": 0.0, ""absolute_delta"": 0.0, ""tau"": 0.00035, ""chosen_gpu"": 1}, {""model"": ""model_6"", ""current_gpu"": 0, ""best_gpu"": 0, ""current_r"": 0.0, ""best_r"": 0.0, ""absolute_delta"": 0.0, ""tau"": 0.00035, ""chosen_gpu"": 0}]"
bursty,8,1,32,1787596344.0488153,0.00035,0.09791729132721838,0.01579326730250152,0.09791729132721838,1+1,1+1,"{""model_3"": 1, ""model_6"": 0}","{""model_3"": 1, ""model_6"": 0}",0,,False,,line-8 placement unchanged or every candidate blocked,0,0,,,,,,2,1,1,0.0,"[{""model"": ""model_3"", ""current_gpu"": 1, ""best_gpu"": 0, ""current_r"": 0.0, ""best_r"": 0.0, ""absolute_delta"": 0.0, ""tau"": 0.00035, ""chosen_gpu"": 1}, {""model"": ""model_6"", ""current_gpu"": 0, ""best_gpu"": 0, ""current_r"": 0.0, ""best_r"": 0.0, ""absolute_delta"": 0.0, ""tau"": 0.00035, ""chosen_gpu"": 0}]"
bursty,8,1,33,1787596349.07299,0.00035,0.08117000315132576,0.03344480189557447,0.08117000315132576,1+2,1+2,"{""model_3"": 1, ""model_4"": 1, ""model_6"": 0}","{""model_3"": 1, ""model_4"": 0, ""model_6"": 0}",1,model_4,False,MIGRATE,literal line-8 absolute delta exceeds tau,1,0,,model_4,1,0,0.061180152814586816,3,2,1,0.027735350919012344,"[{""model"": ""model_3"", ""current_gpu"": 1, ""best_gpu"": 0, ""current_r"": 0.0, ""best_r"": 0.0, ""absolute_delta"": 0.0, ""tau"": 0.00035, ""chosen_gpu"": 1}, {""model"": ""model_6"", ""current_gpu"": 0, ""best_gpu"": 0, ""current_r"": 0.0, ""best_r"": 0.0, ""absolute_delta"": 0.0, ""tau"": 0.00035, ""chosen_gpu"": 0}, {""model"": ""model_4"", ""current_gpu"": 1, ""best_gpu"": 0, ""current_r"": 0.061180152814586816, ""best_r"": 0.03344480189557447, ""absolute_delta"": 0.027735350919012344, ""tau"": 0.00035, ""chosen_gpu"": 0}]"
bursty,8,1,34,1787596354.6832154,0.00035,0.061128618052274215,0.05899131858278656,0.061128618052274215,2+2,2+2,"{""model_3"": 1, ""model_4"": 0, ""model_5"": 1, ""model_6"": 0}","{""model_3"": 1, ""model_4"": 0, ""model_5"": 1, ""model_6"": 0}",0,,True,,migration cooldown active,0,0,,,,,,4,1,1,0.0,"[{""model"": ""model_3"", ""current_gpu"": 1, ""best_gpu"": 0, ""current_r"": 0.0, ""best_r"": 0.0, ""absolute_delta"": 0.0, ""tau"": 0.00035, ""chosen_gpu"": 1}, {""model"": ""model_6"", ""current_gpu"": 0, ""best_gpu"": 0, ""current_r"": 0.0, ""best_r"": 0.0, ""absolute_delta"": 0.0, ""tau"": 0.00035, ""chosen_gpu"": 0}, {""model"": ""model_4"", ""current_gpu"": 0, ""best_gpu"": 0, ""current_r"": 0.03811474738018651, ""best_r"": 0.03811474738018651, ""absolute_delta"": 0.0, ""tau"": 0.00035, ""chosen_gpu"": 0}, {""model"": ""model_5"", ""current_gpu"": 1, ""best_gpu"": 1, ""current_r"": 0.044026767469197044, ""best_r"": 0.044026767469197044, ""absolute_delta"": 0.0, ""tau"": 0.00035, ""chosen_gpu"": 1}]"
bursty,8,1,35,1787596359.711275,0.00035,0.06876404890807616,0.06876404890807616,0.049669685658478374,2+2,2+2,"{""model_3"": 1, ""model_4"": 0, ""model_5"": 1, ""model_6"": 0}","{""model_3"": 1, ""model_4"": 1, ""model_5"": 0, ""model_6"": 0}",2,"model_4,model_5",True,,migration cooldown active,2,0,,,,,,4,2,0,0.02053705730896538,"[{""model"": ""model_6"", ""current_gpu"": 0, ""best_gpu"": 0, ""current_r"": 0.0, ""best_r"": 0.0, ""absolute_delta"": 0.0, ""tau"": 0.00035, ""chosen_gpu"": 0}, {""model"": ""model_3"", ""current_gpu"": 1, ""best_gpu"": 1, ""current_r"": 0.0, ""best_r"": 0.0, ""absolute_delta"": 0.0, ""tau"": 0.00035, ""chosen_gpu"": 1}, {""model"": ""model_4"", ""current_gpu"": 0, ""best_gpu"": 1, ""current_r"": 0.039743920692793706, ""best_r"": 0.03521835496771691, ""absolute_delta"": 0.0045255657250767994, ""tau"": 0.00035, ""chosen_gpu"": 1}, {""model"": ""model_5"", ""current_gpu"": 1, ""best_gpu"": 0, ""current_r"": 0.060280978001759085, ""best_r"": 0.039743920692793706, ""absolute_delta"": 0.02053705730896538, ""tau"": 0.00035, ""chosen_gpu"": 0}]"
bursty,8,1,36,1787596364.7566772,0.00035,0.06823791948344425,0.06823791948344425,0.025876557051148903,2+2,1+3,"{""model_3"": 1, ""model_4"": 0, ""model_5"": 1, ""model_6"": 0}","{""model_3"": 1, ""model_4"": 1, ""model_5"": 1, ""model_6"": 0}",1,model_4,True,,migration cooldown active,1,0,,,,,,4,1,0,0.02395298624820709,"[{""model"": ""model_6"", ""current_gpu"": 0, ""best_gpu"": 0, ""current_r"": 0.0, ""best_r"": 0.0, ""absolute_delta"": 0.0, ""tau"": 0.00035, ""chosen_gpu"": 0}, {""model"": ""model_3"", ""current_gpu"": 1, ""best_gpu"": 1, ""current_r"": 0.0, ""best_r"": 0.0, ""absolute_delta"": 0.0, ""tau"": 0.00035, ""chosen_gpu"": 1}, {""model"": ""model_4"", ""current_gpu"": 0, ""best_gpu"": 1, ""current_r"": 0.042837769918249675, ""best_r"": 0.018884783670042586, ""absolute_delta"": 0.02395298624820709, ""tau"": 0.00035, ""chosen_gpu"": 1}, {""model"": ""model_5"", ""current_gpu"": 1, ""best_gpu"": 1, ""current_r"": 0.03909040876741958, ""best_r"": 0.03909040876741958, ""absolute_delta"": 0.0, ""tau"": 0.00035, ""chosen_gpu"": 1}]"
bursty,8,1,37,1787596369.7867727,0.00035,0.08276597805849392,0.08276597805849392,0.01377595105253581,2+2,1+3,"{""model_3"": 1, ""model_4"": 0, ""model_5"": 1, ""model_6"": 0}","{""model_3"": 1, ""model_4"": 1, ""model_5"": 1, ""model_6"": 0}",1,model_4,True,,migration cooldown active,1,0,,,,,,4,1,0,0.04816164623312822,"[{""model"": ""model_6"", ""current_gpu"": 0, ""best_gpu"": 0, ""current_r"": 0.0, ""best_r"": 0.0, ""absolute_delta"": 0.0, ""tau"": 0.00035, ""chosen_gpu"": 0}, {""model"": ""model_4"", ""current_gpu"": 0, ""best_gpu"": 1, ""current_r"": 0.04816164623312822, ""best_r"": 0.0, ""absolute_delta"": 0.04816164623312822, ""tau"": 0.00035, ""chosen_gpu"": 1}, {""model"": ""model_5"", ""current_gpu"": 1, ""best_gpu"": 1, ""current_r"": 0.024043253882452285, ""best_r"": 0.024043253882452285, ""absolute_delta"": 0.0, ""tau"": 0.00035, ""chosen_gpu"": 1}, {""model"": ""model_3"", ""current_gpu"": 1, ""best_gpu"": 1, ""current_r"": 0.0380901287948911, ""best_r"": 0.0380901287948911, ""absolute_delta"": 0.0, ""tau"": 0.00035, ""chosen_gpu"": 1}]"
bursty,8,1,38,1787596374.8782845,0.00035,0.078391096444794,0.078391096444794,0.005859388517420487,2+2,1+3,"{""model_3"": 1, ""model_4"": 0, ""model_5"": 1, ""model_6"": 0}","{""model_3"": 1, ""model_4"": 1, ""model_5"": 1, ""model_6"": 0}",1,model_4,True,,migration cooldown active,1,0,,,,,,4,1,0,0.04677052796849279,"[{""model"": ""model_6"", ""current_gpu"": 0, ""best_gpu"": 0, ""current_r"": 0.0, ""best_r"": 0.0, ""absolute_delta"": 0.0, ""tau"": 0.00035, ""chosen_gpu"": 0}, {""model"": ""model_4"", ""current_gpu"": 0, ""best_gpu"": 1, ""current_r"": 0.04677052796849279, ""best_r"": 0.0, ""absolute_delta"": 0.04677052796849279, ""tau"": 0.00035, ""chosen_gpu"": 1}, {""model"": ""model_5"", ""current_gpu"": 1, ""best_gpu"": 1, ""current_r"": 0.021750588999221238, ""best_r"": 0.021750588999221238, ""absolute_delta"": 0.0, ""tau"": 0.00035, ""chosen_gpu"": 1}, {""model"": ""model_3"", ""current_gpu"": 1, ""best_gpu"": 1, ""current_r"": 0.03321632598890485, ""best_r"": 0.03321632598890485, ""absolute_delta"": 0.0, ""tau"": 0.00035, ""chosen_gpu"": 1}]"
bursty,8,1,39,1787596379.9384437,0.00035,0.08206738432332301,0.08206738432332301,0.008985616410173269,2+2,1+3,"{""model_3"": 1, ""model_4"": 0, ""model_5"": 1, ""model_6"": 0}","{""model_3"": 1, ""model_4"": 1, ""model_5"": 1, ""model_6"": 0}",1,model_4,False,MIGRATE,literal line-8 absolute delta exceeds tau,1,0,,model_4,0,1,0.050200565026804374,4,1,0,0.050200565026804374,"[{""model"": ""model_6"", ""current_gpu"": 0, ""best_gpu"": 0, ""current_r"": 0.0, ""best_r"": 0.0, ""absolute_delta"": 0.0, ""tau"": 0.00035, ""chosen_gpu"": 0}, {""model"": ""model_4"", ""current_gpu"": 0, ""best_gpu"": 1, ""current_r"": 0.050200565026804374, ""best_r"": 0.0, ""absolute_delta"": 0.050200565026804374, ""tau"": 0.00035, ""chosen_gpu"": 1}, {""model"": ""model_5"", ""current_gpu"": 1, ""best_gpu"": 1, ""current_r"": 0.021676263490543118, ""best_r"": 0.021676263490543118, ""absolute_delta"": 0.0, ""tau"": 0.00035, ""chosen_gpu"": 1}, {""model"": ""model_3"", ""current_gpu"": 1, ""best_gpu"": 1, ""current_r"": 0.0362402217470605, ""best_r"": 0.0362402217470605, ""absolute_delta"": 0.0, ""tau"": 0.00035, ""chosen_gpu"": 1}]"
bursty,8,1,40,1787596384.9810925,0.00035,0.0565800874213092,0.0565800874213092,0.026884923398299895,1+3,1+3,"{""model_3"": 1, ""model_4"": 1, ""model_5"": 1, ""model_6"": 0}","{""model_3"": 1, ""model_4"": 1, ""model_5"": 1, ""model_6"": 0}",0,,True,,migration cooldown active,0,0,,,,,,4,0,0,0.0,"[{""model"": ""model_6"", ""current_gpu"": 0, ""best_gpu"": 0, ""current_r"": 0.0, ""best_r"": 0.0, ""absolute_delta"": 0.0, ""tau"": 0.00035, ""chosen_gpu"": 0}, {""model"": ""model_4"", ""current_gpu"": 1, ""best_gpu"": 1, ""current_r"": 0.0, ""best_r"": 0.0, ""absolute_delta"": 0.0, ""tau"": 0.00035, ""chosen_gpu"": 1}, {""model"": ""model_5"", ""current_gpu"": 1, ""best_gpu"": 1, ""current_r"": 0.013342144170156445, ""best_r"": 0.013342144170156445, ""absolute_delta"": 0.0, ""tau"": 0.00035, ""chosen_gpu"": 1}, {""model"": ""model_3"", ""current_gpu"": 1, ""best_gpu"": 1, ""current_r"": 0.024119636280729766, ""best_r"": 0.024119636280729766, ""absolute_delta"": 0.0, ""tau"": 0.00035, ""chosen_gpu"": 1}]"
bursty,8,1,41,1787596390.0170066,0.00035,0.05314125683355645,0.05314125683355645,0.04571010218952976,1+3,1+3,"{""model_3"": 1, ""model_4"": 1, ""model_5"": 1, ""model_6"": 0}","{""model_3"": 1, ""model_4"": 1, ""model_5"": 1, ""model_6"": 0}",0,,True,,migration cooldown active,0,0,,,,,,4,0,0,0.0,"[{""model"": ""model_6"", ""current_gpu"": 0, ""best_gpu"": 0, ""current_r"": 0.0, ""best_r"": 0.0, ""absolute_delta"": 0.0, ""tau"": 0.00035, ""chosen_gpu"": 0}, {""model"": ""model_4"", ""current_gpu"": 1, ""best_gpu"": 1, ""current_r"": 0.0, ""best_r"": 0.0, ""absolute_delta"": 0.0, ""tau"": 0.00035, ""chosen_gpu"": 1}, {""model"": ""model_5"", ""current_gpu"": 1, ""best_gpu"": 1, ""current_r"": 0.02519086617214954, ""best_r"": 0.02519086617214954, ""absolute_delta"": 0.0, ""tau"": 0.00035, ""chosen_gpu"": 1}, {""model"": ""model_3"", ""current_gpu"": 1, ""best_gpu"": 1, ""current_r"": 0.04100852447421018, ""best_r"": 0.04100852447421018, ""absolute_delta"": 0.0, ""tau"": 0.00035, ""chosen_gpu"": 1}]"
bursty,8,1,42,1787596395.0508564,0.00035,0.04807990643143984,0.04807990643143984,0.0430161073488868,1+3,1+3,"{""model_3"": 1, ""model_4"": 1, ""model_5"": 1, ""model_6"": 0}","{""model_3"": 1, ""model_4"": 1, ""model_5"": 1, ""model_6"": 0}",0,,True,,migration cooldown active,0,0,,,,,,4,0,0,0.0,"[{""model"": ""model_6"", ""current_gpu"": 0, ""best_gpu"": 0, ""current_r"": 0.0, ""best_r"": 0.0, ""absolute_delta"": 0.0, ""tau"": 0.00035, ""chosen_gpu"": 0}, {""model"": ""model_4"", ""current_gpu"": 1, ""best_gpu"": 1, ""current_r"": 0.0, ""best_r"": 0.0, ""absolute_delta"": 0.0, ""tau"": 0.00035, ""chosen_gpu"": 1}, {""model"": ""model_5"", ""current_gpu"": 1, ""best_gpu"": 1, ""current_r"": 0.021028787939989805, ""best_r"": 0.021028787939989805, ""absolute_delta"": 0.0, ""tau"": 0.00035, ""chosen_gpu"": 1}, {""model"": ""model_3"", ""current_gpu"": 1, ""best_gpu"": 1, ""current_r"": 0.038591624312888546, ""best_r"": 0.038591624312888546, ""absolute_delta"": 0.0, ""tau"": 0.00035, ""chosen_gpu"": 1}]"
bursty,8,1,43,1787596400.084277,0.00035,0.04736824438606014,0.04736824438606014,0.030341898915622827,1+2,1+2,"{""model_4"": 1, ""model_5"": 1, ""model_6"": 0}","{""model_4"": 1, ""model_5"": 1, ""model_6"": 0}",0,,True,,migration cooldown active,0,0,,,,,,3,0,0,0.0,"[{""model"": ""model_6"", ""current_gpu"": 0, ""best_gpu"": 0, ""current_r"": 0.0, ""best_r"": 0.0, ""absolute_delta"": 0.0, ""tau"": 0.00035, ""chosen_gpu"": 0}, {""model"": ""model_4"", ""current_gpu"": 1, ""best_gpu"": 1, ""current_r"": 0.0, ""best_r"": 0.0, ""absolute_delta"": 0.0, ""tau"": 0.00035, ""chosen_gpu"": 1}, {""model"": ""model_5"", ""current_gpu"": 1, ""best_gpu"": 1, ""current_r"": 0.01744343144515239, ""best_r"": 0.01744343144515239, ""absolute_delta"": 0.0, ""tau"": 0.00035, ""chosen_gpu"": 1}]"
bursty,8,1,44,1787596405.1343384,0.00035,0.0391875184384396,0.0391875184384396,0.03828596415795106,1+2,1+2,"{""model_4"": 1, ""model_5"": 1, ""model_6"": 0}","{""model_4"": 1, ""model_5"": 1, ""model_6"": 0}",0,,True,,migration cooldown active,0,0,,,,,,3,0,0,0.0,"[{""model"": ""model_6"", ""current_gpu"": 0, ""best_gpu"": 0, ""current_r"": 0.0, ""best_r"": 0.0, ""absolute_delta"": 0.0, ""tau"": 0.00035, ""chosen_gpu"": 0}, {""model"": ""model_4"", ""current_gpu"": 1, ""best_gpu"": 1, ""current_r"": 0.0, ""best_r"": 0.0, ""absolute_delta"": 0.0, ""tau"": 0.00035, ""chosen_gpu"": 1}, {""model"": ""model_5"", ""current_gpu"": 1, ""best_gpu"": 1, ""current_r"": 0.017611204925666524, ""best_r"": 0.017611204925666524, ""absolute_delta"": 0.0, ""tau"": 0.00035, ""chosen_gpu"": 1}]"
bursty,8,1,45,1787596410.1674685,0.00035,0.055830662368583646,0.055830662368583646,0.043225577068263174,2+2,2+2,"{""model_3"": 0, ""model_4"": 1, ""model_5"": 1, ""model_6"": 0}","{""model_3"": 1, ""model_4"": 0, ""model_5"": 1, ""model_6"": 0}",2,"model_3,model_4",False,MIGRATE,literal line-8 absolute delta exceeds tau,2,0,,model_3,0,1,0.06535861876955401,4,2,0,0.010853885670141485,"[{""model"": ""model_6"", ""current_gpu"": 0, ""best_gpu"": 0, ""current_r"": 0.0, ""best_r"": 0.0, ""absolute_delta"": 0.0, ""tau"": 0.00035, ""chosen_gpu"": 0}, {""model"": ""model_5"", ""current_gpu"": 1, ""best_gpu"": 1, ""current_r"": 0.0, ""best_r"": 0.0, ""absolute_delta"": 0.0, ""tau"": 0.00035, ""chosen_gpu"": 1}, {""model"": ""model_3"", ""current_gpu"": 0, ""best_gpu"": 1, ""current_r"": 0.036837267846959766, ""best_r"": 0.02598338217681828, ""absolute_delta"": 0.010853885670141485, ""tau"": 0.00035, ""chosen_gpu"": 1}, {""model"": ""model_4"", ""current_gpu"": 1, ""best_gpu"": 0, ""current_r"": 0.04411742944557111, ""best_r"": 0.036837267846959766, ""absolute_delta"": 0.007280161598611341, ""tau"": 0.00035, ""chosen_gpu"": 0}]"
bursty,8,1,46,1787596415.2016652,0.00035,0.08860537330570721,0.04691179037150998,0.08860537330570721,1+3,2+2,"{""model_3"": 1, ""model_4"": 1, ""model_5"": 1, ""model_6"": 0}","{""model_3"": 1, ""model_4"": 0, ""model_5"": 1, ""model_6"": 0}",1,model_4,True,,migration cooldown active,1,0,,,,,,4,1,0,0.024157788656346886,"[{""model"": ""model_6"", ""current_gpu"": 0, ""best_gpu"": 0, ""current_r"": 0.0, ""best_r"": 0.0, ""absolute_delta"": 0.0, ""tau"": 0.00035, ""chosen_gpu"": 0}, {""model"": ""model_5"", ""current_gpu"": 1, ""best_gpu"": 1, ""current_r"": 0.0, ""best_r"": 0.0, ""absolute_delta"": 0.0, ""tau"": 0.00035, ""chosen_gpu"": 1}, {""model"": ""model_3"", ""current_gpu"": 1, ""best_gpu"": 1, ""current_r"": 0.04070961849896214, ""best_r"": 0.04070961849896214, ""absolute_delta"": 0.0, ""tau"": 0.00035, ""chosen_gpu"": 1}, {""model"": ""model_4"", ""current_gpu"": 1, ""best_gpu"": 0, ""current_r"": 0.07106957902785686, ""best_r"": 0.04691179037150998, ""absolute_delta"": 0.024157788656346886, ""tau"": 0.00035, ""chosen_gpu"": 0}]"
bursty,8,1,47,1787596420.2399154,0.00035,0.11045914611902702,0.0480425487223535,0.11045914611902702,1+3,2+2,"{""model_3"": 1, ""model_4"": 1, ""model_5"": 1, ""model_6"": 0}","{""model_3"": 1, ""model_4"": 0, ""model_5"": 1, ""model_6"": 0}",1,model_4,True,,migration cooldown active,1,0,,,,,,4,1,0,0.045311982567786915,"[{""model"": ""model_6"", ""current_gpu"": 0, ""best_gpu"": 0, ""current_r"": 0.0, ""best_r"": 0.0, ""absolute_delta"": 0.0, ""tau"": 0.00035, ""chosen_gpu"": 0}, {""model"": ""model_5"", ""current_gpu"": 1, ""best_gpu"": 1, ""current_r"": 0.0, ""best_r"": 0.0, ""absolute_delta"": 0.0, ""tau"": 0.00035, ""chosen_gpu"": 1}, {""model"": ""model_3"", ""current_gpu"": 1, ""best_gpu"": 1, ""current_r"": 0.04775171781789407, ""best_r"": 0.04775171781789407, ""absolute_delta"": 0.0, ""tau"": 0.00035, ""chosen_gpu"": 1}, {""model"": ""model_4"", ""current_gpu"": 1, ""best_gpu"": 0, ""current_r"": 0.09335453129014042, ""best_r"": 0.0480425487223535, ""absolute_delta"": 0.045311982567786915, ""tau"": 0.00035, ""chosen_gpu"": 0}]"
bursty,8,1,48,1787596425.2840872,0.00035,0.12294064745749772,0.04009265100855076,0.12294064745749772,1+3,2+2,"{""model_3"": 1, ""model_4"": 1, ""model_5"": 1, ""model_6"": 0}","{""model_3"": 0, ""model_4"": 1, ""model_5"": 1, ""model_6"": 0}",1,model_3,True,,migration cooldown active,1,0,,,,,,4,2,1,0.018345215096269685,"[{""model"": ""model_5"", ""current_gpu"": 1, ""best_gpu"": 0, ""current_r"": 0.0, ""best_r"": 0.0, ""absolute_delta"": 0.0, ""tau"": 0.00035, ""chosen_gpu"": 1}, {""model"": ""model_6"", ""current_gpu"": 0, ""best_gpu"": 0, ""current_r"": 0.0, ""best_r"": 0.0, ""absolute_delta"": 0.0, ""tau"": 0.00035, ""chosen_gpu"": 0}, {""model"": ""model_3"", ""current_gpu"": 1, ""best_gpu"": 0, ""current_r"": 0.05843786610482044, ""best_r"": 0.04009265100855076, ""absolute_delta"": 0.018345215096269685, ""tau"": 0.00035, ""chosen_gpu"": 0}, {""model"": ""model_4"", ""current_gpu"": 1, ""best_gpu"": 1, ""current_r"": 0.05843786610482044, ""best_r"": 0.05843786610482044, ""absolute_delta"": 0.0, ""tau"": 0.00035, ""chosen_gpu"": 1}]"
bursty,8,1,49,1787596430.341597,0.00035,0.12705140062568662,0.044383334011658636,0.12705140062568662,1+3,2+2,"{""model_3"": 1, ""model_4"": 1, ""model_5"": 1, ""model_6"": 0}","{""model_3"": 0, ""model_4"": 1, ""model_5"": 1, ""model_6"": 0}",1,model_3,True,,migration cooldown active,1,0,,,,,,4,2,1,0.015850609700776903,"[{""model"": ""model_5"", ""current_gpu"": 1, ""best_gpu"": 0, ""current_r"": 0.0, ""best_r"": 0.0, ""absolute_delta"": 0.0, ""tau"": 0.00035, ""chosen_gpu"": 1}, {""model"": ""model_6"", ""current_gpu"": 0, ""best_gpu"": 0, ""current_r"": 0.0, ""best_r"": 0.0, ""absolute_delta"": 0.0, ""tau"": 0.00035, ""chosen_gpu"": 0}, {""model"": ""model_3"", ""current_gpu"": 1, ""best_gpu"": 0, ""current_r"": 0.06023394371243554, ""best_r"": 0.044383334011658636, ""absolute_delta"": 0.015850609700776903, ""tau"": 0.00035, ""chosen_gpu"": 0}, {""model"": ""model_4"", ""current_gpu"": 1, ""best_gpu"": 1, ""current_r"": 0.06023394371243554, ""best_r"": 0.06023394371243554, ""absolute_delta"": 0.0, ""tau"": 0.00035, ""chosen_gpu"": 1}]"
bursty,8,1,50,1787596435.3790412,0.00035,0.12464141809554247,0.0440351362681732,0.12464141809554247,1+3,2+2,"{""model_3"": 1, ""model_4"": 1, ""model_5"": 1, ""model_6"": 0}","{""model_3"": 0, ""model_4"": 1, ""model_5"": 1, ""model_6"": 0}",1,model_3,True,,migration cooldown active,1,0,,,,,,4,2,1,0.021069697011792295,"[{""model"": ""model_5"", ""current_gpu"": 1, ""best_gpu"": 0, ""current_r"": 0.0, ""best_r"": 0.0, ""absolute_delta"": 0.0, ""tau"": 0.00035, ""chosen_gpu"": 1}, {""model"": ""model_6"", ""current_gpu"": 0, ""best_gpu"": 0, ""current_r"": 0.0, ""best_r"": 0.0, ""absolute_delta"": 0.0, ""tau"": 0.00035, ""chosen_gpu"": 0}, {""model"": ""model_3"", ""current_gpu"": 1, ""best_gpu"": 0, ""current_r"": 0.0651048332799655, ""best_r"": 0.0440351362681732, ""absolute_delta"": 0.021069697011792295, ""tau"": 0.00035, ""chosen_gpu"": 0}, {""model"": ""model_4"", ""current_gpu"": 1, ""best_gpu"": 1, ""current_r"": 0.0651048332799655, ""best_r"": 0.0651048332799655, ""absolute_delta"": 0.0, ""tau"": 0.00035, ""chosen_gpu"": 1}]"
bursty,8,1,51,1787596440.4194963,0.00035,0.12148986572541025,0.030273404512347047,0.12148986572541025,1+3,2+2,"{""model_3"": 1, ""model_4"": 1, ""model_5"": 1, ""model_6"": 0}","{""model_3"": 0, ""model_4"": 1, ""model_5"": 1, ""model_6"": 0}",1,model_3,False,MIGRATE,literal line-8 absolute delta exceeds tau,1,0,,model_3,1,0,0.08158122969920004,4,2,1,0.054764400345548477,"[{""model"": ""model_5"", ""current_gpu"": 1, ""best_gpu"": 0, ""current_r"": 0.0, ""best_r"": 0.0, ""absolute_delta"": 0.0, ""tau"": 0.00035, ""chosen_gpu"": 1}, {""model"": ""model_3"", ""current_gpu"": 1, ""best_gpu"": 0, ""current_r"": 0.054764400345548477, ""best_r"": 0.0, ""absolute_delta"": 0.054764400345548477, ""tau"": 0.00035, ""chosen_gpu"": 0}, {""model"": ""model_6"", ""current_gpu"": 0, ""best_gpu"": 0, ""current_r"": 0.03882340792987924, ""best_r"": 0.03882340792987924, ""absolute_delta"": 0.0, ""tau"": 0.00035, ""chosen_gpu"": 0}, {""model"": ""model_4"", ""current_gpu"": 1, ""best_gpu"": 1, ""current_r"": 0.054764400345548477, ""best_r"": 0.054764400345548477, ""absolute_delta"": 0.0, ""tau"": 0.00035, ""chosen_gpu"": 1}]"
bursty,8,1,52,1787596445.4598048,0.00035,0.08529228825280485,0.08529228825280485,0.07443009915732003,2+2,2+2,"{""model_3"": 0, ""model_4"": 1, ""model_5"": 1, ""model_6"": 0}","{""model_3"": 0, ""model_4"": 1, ""model_5"": 1, ""model_6"": 0}",0,,True,,migration cooldown active,0,0,,,,,,4,0,0,0.0,"[{""model"": ""model_5"", ""current_gpu"": 1, ""best_gpu"": 1, ""current_r"": 0.0, ""best_r"": 0.0, ""absolute_delta"": 0.0, ""tau"": 0.00035, ""chosen_gpu"": 1}, {""model"": ""model_6"", ""current_gpu"": 0, ""best_gpu"": 0, ""current_r"": 0.0, ""best_r"": 0.0, ""absolute_delta"": 0.0, ""tau"": 0.00035, ""chosen_gpu"": 0}, {""model"": ""model_3"", ""current_gpu"": 0, ""best_gpu"": 0, ""current_r"": 0.038786578096774535, ""best_r"": 0.038786578096774535, ""absolute_delta"": 0.0, ""tau"": 0.00035, ""chosen_gpu"": 0}, {""model"": ""model_4"", ""current_gpu"": 1, ""best_gpu"": 1, ""current_r"": 0.06766102344840097, ""best_r"": 0.06766102344840097, ""absolute_delta"": 0.0, ""tau"": 0.00035, ""chosen_gpu"": 1}]"
bursty,8,1,53,1787596450.5063798,0.00035,0.09076066341626808,0.09076066341626808,0.07402527996348326,2+2,2+2,"{""model_3"": 0, ""model_4"": 1, ""model_5"": 1, ""model_6"": 0}","{""model_3"": 0, ""model_4"": 1, ""model_5"": 1, ""model_6"": 0}",0,,True,,migration cooldown active,0,0,,,,,,4,0,0,0.0,"[{""model"": ""model_5"", ""current_gpu"": 1, ""best_gpu"": 1, ""current_r"": 0.0, ""best_r"": 0.0, ""absolute_delta"": 0.0, ""tau"": 0.00035, ""chosen_gpu"": 1}, {""model"": ""model_3"", ""current_gpu"": 0, ""best_gpu"": 0, ""current_r"": 0.0, ""best_r"": 0.0, ""absolute_delta"": 0.0, ""tau"": 0.00035, ""chosen_gpu"": 0}, {""model"": ""model_6"", ""current_gpu"": 0, ""best_gpu"": 0, ""current_r"": 0.04222745196394436, ""best_r"": 0.04222745196394436, ""absolute_delta"": 0.0, ""tau"": 0.00035, ""chosen_gpu"": 0}, {""model"": ""model_4"", ""current_gpu"": 1, ""best_gpu"": 1, ""current_r"": 0.0672930207011702, ""best_r"": 0.0672930207011702, ""absolute_delta"": 0.0, ""tau"": 0.00035, ""chosen_gpu"": 1}]"
bursty,8,1,54,1787596455.549258,0.00035,0.10311576713633278,0.10311576713633278,0.07710135417443353,2+2,2+2,"{""model_3"": 0, ""model_4"": 1, ""model_5"": 1, ""model_6"": 0}","{""model_3"": 0, ""model_4"": 1, ""model_5"": 1, ""model_6"": 0}",0,,True,,migration cooldown active,0,0,,,,,,4,0,0,0.0,"[{""model"": ""model_5"", ""current_gpu"": 1, ""best_gpu"": 1, ""current_r"": 0.0, ""best_r"": 0.0, ""absolute_delta"": 0.0, ""tau"": 0.00035, ""chosen_gpu"": 1}, {""model"": ""model_3"", ""current_gpu"": 0, ""best_gpu"": 0, ""current_r"": 0.0, ""best_r"": 0.0, ""absolute_delta"": 0.0, ""tau"": 0.00035, ""chosen_gpu"": 0}, {""model"": ""model_6"", ""current_gpu"": 0, ""best_gpu"": 0, ""current_r"": 0.04692140817225591, ""best_r"": 0.04692140817225591, ""absolute_delta"": 0.0, ""tau"": 0.00035, ""chosen_gpu"": 0}, {""model"": ""model_4"", ""current_gpu"": 1, ""best_gpu"": 1, ""current_r"": 0.07008934008905937, ""best_r"": 0.07008934008905937, ""absolute_delta"": 0.0, ""tau"": 0.00035, ""chosen_gpu"": 1}]"
bursty,8,1,55,1787596460.5911794,0.00035,0.08600686397532195,0.08600686397532195,0.054843500778130765,1+2,1+2,"{""model_3"": 0, ""model_5"": 1, ""model_6"": 0}","{""model_3"": 0, ""model_5"": 1, ""model_6"": 0}",0,,True,,migration cooldown active,0,0,,,,,,3,0,0,0.0,"[{""model"": ""model_5"", ""current_gpu"": 1, ""best_gpu"": 1, ""current_r"": 0.0, ""best_r"": 0.0, ""absolute_delta"": 0.0, ""tau"": 0.00035, ""chosen_gpu"": 1}, {""model"": ""model_3"", ""current_gpu"": 0, ""best_gpu"": 0, ""current_r"": 0.0, ""best_r"": 0.0, ""absolute_delta"": 0.0, ""tau"": 0.00035, ""chosen_gpu"": 0}, {""model"": ""model_6"", ""current_gpu"": 0, ""best_gpu"": 0, ""current_r"": 0.03836988088310989, ""best_r"": 0.03836988088310989, ""absolute_delta"": 0.0, ""tau"": 0.00035, ""chosen_gpu"": 0}]"
bursty,8,1,56,1787596465.6340342,0.00035,0.08383618598130164,0.08383618598130164,0.044703869848239965,2+2,2+2,"{""model_3"": 0, ""model_4"": 1, ""model_5"": 1, ""model_6"": 0}","{""model_3"": 1, ""model_4"": 0, ""model_5"": 1, ""model_6"": 0}",2,"model_3,model_4",True,,migration cooldown active,2,0,,,,,,4,2,0,0.019524088728863652,"[{""model"": ""model_6"", ""current_gpu"": 0, ""best_gpu"": 0, ""current_r"": 0.0, ""best_r"": 0.0, ""absolute_delta"": 0.0, ""tau"": 0.00035, ""chosen_gpu"": 0}, {""model"": ""model_5"", ""current_gpu"": 1, ""best_gpu"": 1, ""current_r"": 0.0, ""best_r"": 0.0, ""absolute_delta"": 0.0, ""tau"": 0.00035, ""chosen_gpu"": 1}, {""model"": ""model_3"", ""current_gpu"": 0, ""best_gpu"": 1, ""current_r"": 0.05108785615809222, ""best_r"": 0.03156376742922857, ""absolute_delta"": 0.019524088728863652, ""tau"": 0.00035, ""chosen_gpu"": 1}, {""model"": ""model_4"", ""current_gpu"": 1, ""best_gpu"": 0, ""current_r"": 0.0627468795893615, ""best_r"": 0.05108785615809222, ""absolute_delta"": 0.011659023431269275, ""tau"": 0.00035, ""chosen_gpu"": 0}]"
bursty,8,1,57,1787596470.679863,0.00035,0.08151053761594468,0.08151053761594468,0.03494669485097731,2+2,2+2,"{""model_3"": 0, ""model_4"": 1, ""model_5"": 1, ""model_6"": 0}","{""model_3"": 1, ""model_4"": 0, ""model_5"": 1, ""model_6"": 0}",2,"model_3,model_4",False,MIGRATE,literal line-8 absolute delta exceeds tau,2,0,,model_3,0,1,0.06921388877285965,4,2,0,0.049606220784895745,"[{""model"": ""model_6"", ""current_gpu"": 0, ""best_gpu"": 0, ""current_r"": 0.0, ""best_r"": 0.0, ""absolute_delta"": 0.0, ""tau"": 0.00035, ""chosen_gpu"": 0}, {""model"": ""model_3"", ""current_gpu"": 0, ""best_gpu"": 1, ""current_r"": 0.049606220784895745, ""best_r"": 0.0, ""absolute_delta"": 0.049606220784895745, ""tau"": 0.00035, ""chosen_gpu"": 1}, {""model"": ""model_5"", ""current_gpu"": 1, ""best_gpu"": 1, ""current_r"": 0.021619870777496858, ""best_r"": 0.021619870777496858, ""absolute_delta"": 0.0, ""tau"": 0.00035, ""chosen_gpu"": 1}, {""model"": ""model_4"", ""current_gpu"": 1, ""best_gpu"": 0, ""current_r"": 0.05004563793859529, ""best_r"": 0.049606220784895745, ""absolute_delta"": 0.00043941715369954365, ""tau"": 0.00035, ""chosen_gpu"": 0}]"
bursty,8,1,58,1787596475.7214108,0.00035,0.07296492214677743,0.07296492214677743,0.05876517074695763,1+3,1+3,"{""model_3"": 1, ""model_4"": 1, ""model_5"": 1, ""model_6"": 0}","{""model_3"": 1, ""model_4"": 1, ""model_5"": 1, ""model_6"": 0}",0,,True,,migration cooldown active,0,0,,,,,,4,0,0,0.0,"[{""model"": ""model_6"", ""current_gpu"": 0, ""best_gpu"": 0, ""current_r"": 0.0, ""best_r"": 0.0, ""absolute_delta"": 0.0, ""tau"": 0.00035, ""chosen_gpu"": 0}, {""model"": ""model_3"", ""current_gpu"": 1, ""best_gpu"": 1, ""current_r"": 0.0, ""best_r"": 0.0, ""absolute_delta"": 0.0, ""tau"": 0.00035, ""chosen_gpu"": 1}, {""model"": ""model_5"", ""current_gpu"": 1, ""best_gpu"": 1, ""current_r"": 0.017976745255951776, ""best_r"": 0.017976745255951776, ""absolute_delta"": 0.0, ""tau"": 0.00035, ""chosen_gpu"": 1}, {""model"": ""model_4"", ""current_gpu"": 1, ""best_gpu"": 1, ""current_r"": 0.04083184076944889, ""best_r"": 0.04083184076944889, ""absolute_delta"": 0.0, ""tau"": 0.00035, ""chosen_gpu"": 1}]"
bursty,8,1,59,1787596480.7699935,0.00035,0.05888625781614853,0.05888625781614853,0.04210526908774305,1+3,1+3,"{""model_3"": 1, ""model_4"": 1, ""model_5"": 1, ""model_6"": 0}","{""model_3"": 1, ""model_4"": 1, ""model_5"": 1, ""model_6"": 0}",0,,True,,migration cooldown active,0,0,,,,,,4,0,0,0.0,"[{""model"": ""model_6"", ""current_gpu"": 0, ""best_gpu"": 0, ""current_r"": 0.0, ""best_r"": 0.0, ""absolute_delta"": 0.0, ""tau"": 0.00035, ""chosen_gpu"": 0}, {""model"": ""model_4"", ""current_gpu"": 1, ""best_gpu"": 1, ""current_r"": 0.0, ""best_r"": 0.0, ""absolute_delta"": 0.0, ""tau"": 0.00035, ""chosen_gpu"": 1}, {""model"": ""model_3"", ""current_gpu"": 1, ""best_gpu"": 1, ""current_r"": 0.011935053426674648, ""best_r"": 0.011935053426674648, ""absolute_delta"": 0.0, ""tau"": 0.00035, ""chosen_gpu"": 1}, {""model"": ""model_5"", ""current_gpu"": 1, ""best_gpu"": 1, ""current_r"": 0.02409056073263255, ""best_r"": 0.02409056073263255, ""absolute_delta"": 0.0, ""tau"": 0.00035, ""chosen_gpu"": 1}]"
bursty,8,1,60,1787596485.8154676,0.00035,0.05802245512758058,0.05802245512758058,0.034510295801629974,1+3,1+3,"{""model_3"": 1, ""model_4"": 1, ""model_5"": 1, ""model_6"": 0}","{""model_3"": 1, ""model_4"": 1, ""model_5"": 1, ""model_6"": 0}",0,,True,,migration cooldown active,0,0,,,,,,4,0,0,0.0,"[{""model"": ""model_6"", ""current_gpu"": 0, ""best_gpu"": 0, ""current_r"": 0.0, ""best_r"": 0.0, ""absolute_delta"": 0.0, ""tau"": 0.00035, ""chosen_gpu"": 0}, {""model"": ""model_4"", ""current_gpu"": 1, ""best_gpu"": 1, ""current_r"": 0.0, ""best_r"": 0.0, ""absolute_delta"": 0.0, ""tau"": 0.00035, ""chosen_gpu"": 1}, {""model"": ""model_3"", ""current_gpu"": 1, ""best_gpu"": 1, ""current_r"": 0.012863291643395622, ""best_r"": 0.012863291643395622, ""absolute_delta"": 0.0, ""tau"": 0.00035, ""chosen_gpu"": 1}, {""model"": ""model_5"", ""current_gpu"": 1, ""best_gpu"": 1, ""current_r"": 0.025737489918417726, ""best_r"": 0.025737489918417726, ""absolute_delta"": 0.0, ""tau"": 0.00035, ""chosen_gpu"": 1}]"
bursty,8,1,61,1787596490.8599155,0.00035,0.06223107936249743,0.06223107936249743,0.036168643160095194,1+3,1+3,"{""model_3"": 1, ""model_4"": 1, ""model_5"": 1, ""model_6"": 0}","{""model_3"": 1, ""model_4"": 1, ""model_5"": 1, ""model_6"": 0}",0,,True,,migration cooldown active,0,0,,,,,,4,0,0,0.0,"[{""model"": ""model_6"", ""current_gpu"": 0, ""best_gpu"": 0, ""current_r"": 0.0, ""best_r"": 0.0, ""absolute_delta"": 0.0, ""tau"": 0.00035, ""chosen_gpu"": 0}, {""model"": ""model_4"", ""current_gpu"": 1, ""best_gpu"": 1, ""current_r"": 0.0, ""best_r"": 0.0, ""absolute_delta"": 0.0, ""tau"": 0.00035, ""chosen_gpu"": 1}, {""model"": ""model_3"", ""current_gpu"": 1, ""best_gpu"": 1, ""current_r"": 0.015116282286603966, ""best_r"": 0.015116282286603966, ""absolute_delta"": 0.0, ""tau"": 0.00035, ""chosen_gpu"": 1}, {""model"": ""model_5"", ""current_gpu"": 1, ""best_gpu"": 1, ""current_r"": 0.02807792855879666, ""best_r"": 0.02807792855879666, ""absolute_delta"": 0.0, ""tau"": 0.00035, ""chosen_gpu"": 1}]"
bursty,8,1,62,1787596495.9295387,0.00035,0.055492885270484446,0.055492885270484446,0.04370620440334289,1+3,1+3,"{""model_3"": 1, ""model_4"": 1, ""model_5"": 1, ""model_6"": 0}","{""model_3"": 1, ""model_4"": 1, ""model_5"": 1, ""model_6"": 0}",0,,True,,migration cooldown active,0,0,,,,,,4,0,0,0.0,"[{""model"": ""model_6"", ""current_gpu"": 0, ""best_gpu"": 0, ""current_r"": 0.0, ""best_r"": 0.0, ""absolute_delta"": 0.0, ""tau"": 0.00035, ""chosen_gpu"": 0}, {""model"": ""model_3"", ""current_gpu"": 1, ""best_gpu"": 1, ""current_r"": 0.0, ""best_r"": 0.0, ""absolute_delta"": 0.0, ""tau"": 0.00035, ""chosen_gpu"": 1}, {""model"": ""model_4"", ""current_gpu"": 1, ""best_gpu"": 1, ""current_r"": 0.01646187612824183, ""best_r"": 0.01646187612824183, ""absolute_delta"": 0.0, ""tau"": 0.00035, ""chosen_gpu"": 1}, {""model"": ""model_5"", ""current_gpu"": 1, ""best_gpu"": 1, ""current_r"": 0.0339293812980845, ""best_r"": 0.0339293812980845, ""absolute_delta"": 0.0, ""tau"": 0.00035, ""chosen_gpu"": 1}]"
bursty,8,1,63,1787596500.980855,0.00035,0.05881368463388383,0.05881368463388383,0.05618390604671389,1+3,1+3,"{""model_3"": 1, ""model_4"": 1, ""model_5"": 1, ""model_6"": 0}","{""model_3"": 1, ""model_4"": 1, ""model_5"": 1, ""model_6"": 0}",0,,False,,line-8 placement unchanged or every candidate blocked,0,0,,,,,,4,0,0,0.0,"[{""model"": ""model_6"", ""current_gpu"": 0, ""best_gpu"": 0, ""current_r"": 0.0, ""best_r"": 0.0, ""absolute_delta"": 0.0, ""tau"": 0.00035, ""chosen_gpu"": 0}, {""model"": ""model_3"", ""current_gpu"": 1, ""best_gpu"": 1, ""current_r"": 0.0, ""best_r"": 0.0, ""absolute_delta"": 0.0, ""tau"": 0.00035, ""chosen_gpu"": 1}, {""model"": ""model_4"", ""current_gpu"": 1, ""best_gpu"": 1, ""current_r"": 0.026035520947366674, ""best_r"": 0.026035520947366674, ""absolute_delta"": 0.0, ""tau"": 0.00035, ""chosen_gpu"": 1}, {""model"": ""model_5"", ""current_gpu"": 1, ""best_gpu"": 1, ""current_r"": 0.04361589383243052, ""best_r"": 0.04361589383243052, ""absolute_delta"": 0.0, ""tau"": 0.00035, ""chosen_gpu"": 1}]"
bursty,8,1,64,1787596506.0267375,0.00035,0.05799728375080981,0.05799728375080981,0.04908361851450761,1+3,1+3,"{""model_3"": 1, ""model_4"": 1, ""model_5"": 1, ""model_6"": 0}","{""model_3"": 1, ""model_4"": 1, ""model_5"": 1, ""model_6"": 0}",0,,False,,line-8 placement unchanged or every candidate blocked,0,0,,,,,,4,0,0,0.0,"[{""model"": ""model_6"", ""current_gpu"": 0, ""best_gpu"": 0, ""current_r"": 0.0, ""best_r"": 0.0, ""absolute_delta"": 0.0, ""tau"": 0.00035, ""chosen_gpu"": 0}, {""model"": ""model_3"", ""current_gpu"": 1, ""best_gpu"": 1, ""current_r"": 0.0, ""best_r"": 0.0, ""absolute_delta"": 0.0, ""tau"": 0.00035, ""chosen_gpu"": 1}, {""model"": ""model_4"", ""current_gpu"": 1, ""best_gpu"": 1, ""current_r"": 0.019384423448384144, ""best_r"": 0.019384423448384144, ""absolute_delta"": 0.0, ""tau"": 0.00035, ""chosen_gpu"": 1}, {""model"": ""model_5"", ""current_gpu"": 1, ""best_gpu"": 1, ""current_r"": 0.03810389922445591, ""best_r"": 0.03810389922445591, ""absolute_delta"": 0.0, ""tau"": 0.00035, ""chosen_gpu"": 1}]"
bursty,8,1,65,1787596511.0747788,0.00035,0.051368831739252954,0.051368831739252954,0.04867311961048602,1+3,1+3,"{""model_3"": 1, ""model_4"": 1, ""model_5"": 1, ""model_6"": 0}","{""model_3"": 1, ""model_4"": 1, ""model_5"": 1, ""model_6"": 0}",0,,False,,line-8 placement unchanged or every candidate blocked,0,0,,,,,,4,0,0,0.0,"[{""model"": ""model_6"", ""current_gpu"": 0, ""best_gpu"": 0, ""current_r"": 0.0, ""best_r"": 0.0, ""absolute_delta"": 0.0, ""tau"": 0.00035, ""chosen_gpu"": 0}, {""model"": ""model_3"", ""current_gpu"": 1, ""best_gpu"": 1, ""current_r"": 0.0, ""best_r"": 0.0, ""absolute_delta"": 0.0, ""tau"": 0.00035, ""chosen_gpu"": 1}, {""model"": ""model_4"", ""current_gpu"": 1, ""best_gpu"": 1, ""current_r"": 0.021995419734381037, ""best_r"": 0.021995419734381037, ""absolute_delta"": 0.0, ""tau"": 0.00035, ""chosen_gpu"": 1}, {""model"": ""model_5"", ""current_gpu"": 1, ""best_gpu"": 1, ""current_r"": 0.03778522653193701, ""best_r"": 0.03778522653193701, ""absolute_delta"": 0.0, ""tau"": 0.00035, ""chosen_gpu"": 1}]"
bursty,8,1,66,1787596516.151814,0.00035,0.0631974678261166,0.0631974678261166,0.03876786874440347,1+2,1+2,"{""model_3"": 1, ""model_4"": 1, ""model_6"": 0}","{""model_3"": 1, ""model_4"": 1, ""model_6"": 0}",0,,False,,line-8 placement unchanged or every candidate blocked,0,0,,,,,,3,0,0,0.0,"[{""model"": ""model_6"", ""current_gpu"": 0, ""best_gpu"": 0, ""current_r"": 0.0, ""best_r"": 0.0, ""absolute_delta"": 0.0, ""tau"": 0.00035, ""chosen_gpu"": 0}, {""model"": ""model_3"", ""current_gpu"": 1, ""best_gpu"": 1, ""current_r"": 0.0, ""best_r"": 0.0, ""absolute_delta"": 0.0, ""tau"": 0.00035, ""chosen_gpu"": 1}, {""model"": ""model_4"", ""current_gpu"": 1, ""best_gpu"": 1, ""current_r"": 0.025133290773176626, ""best_r"": 0.025133290773176626, ""absolute_delta"": 0.0, ""tau"": 0.00035, ""chosen_gpu"": 1}]"
bursty,8,1,67,1787596521.1961675,0.00035,0.05161598843293892,0.05161598843293892,0.039489224596826626,1+2,1+2,"{""model_3"": 1, ""model_4"": 1, ""model_6"": 0}","{""model_3"": 1, ""model_4"": 1, ""model_6"": 0}",0,,False,,line-8 placement unchanged or every candidate blocked,0,0,,,,,,3,0,0,0.0,"[{""model"": ""model_6"", ""current_gpu"": 0, ""best_gpu"": 0, ""current_r"": 0.0, ""best_r"": 0.0, ""absolute_delta"": 0.0, ""tau"": 0.00035, ""chosen_gpu"": 0}, {""model"": ""model_3"", ""current_gpu"": 1, ""best_gpu"": 1, ""current_r"": 0.0, ""best_r"": 0.0, ""absolute_delta"": 0.0, ""tau"": 0.00035, ""chosen_gpu"": 1}, {""model"": ""model_4"", ""current_gpu"": 1, ""best_gpu"": 1, ""current_r"": 0.028567517591263376, ""best_r"": 0.028567517591263376, ""absolute_delta"": 0.0, ""tau"": 0.00035, ""chosen_gpu"": 1}]"
bursty,8,1,68,1787596526.2461004,0.00035,0.04581389572655791,0.04581389572655791,0.02658924182926231,1+2,1+2,"{""model_3"": 1, ""model_4"": 1, ""model_6"": 0}","{""model_3"": 1, ""model_4"": 1, ""model_6"": 0}",0,,False,,line-8 placement unchanged or every candidate blocked,0,0,,,,,,3,0,0,0.0,"[{""model"": ""model_6"", ""current_gpu"": 0, ""best_gpu"": 0, ""current_r"": 0.0, ""best_r"": 0.0, ""absolute_delta"": 0.0, ""tau"": 0.00035, ""chosen_gpu"": 0}, {""model"": ""model_3"", ""current_gpu"": 1, ""best_gpu"": 1, ""current_r"": 0.0, ""best_r"": 0.0, ""absolute_delta"": 0.0, ""tau"": 0.00035, ""chosen_gpu"": 1}, {""model"": ""model_4"", ""current_gpu"": 1, ""best_gpu"": 1, ""current_r"": 0.01925504933589007, ""best_r"": 0.01925504933589007, ""absolute_delta"": 0.0, ""tau"": 0.00035, ""chosen_gpu"": 1}]"
bursty,8,1,69,1787596531.304505,0.00035,0.048912663135299926,0.048912663135299926,0.03863713836425137,1+2,1+2,"{""model_3"": 1, ""model_4"": 1, ""model_6"": 0}","{""model_3"": 1, ""model_4"": 1, ""model_6"": 0}",0,,False,,line-8 placement unchanged or every candidate blocked,0,0,,,,,,3,0,0,0.0,"[{""model"": ""model_6"", ""current_gpu"": 0, ""best_gpu"": 0, ""current_r"": 0.0, ""best_r"": 0.0, ""absolute_delta"": 0.0, ""tau"": 0.00035, ""chosen_gpu"": 0}, {""model"": ""model_3"", ""current_gpu"": 1, ""best_gpu"": 1, ""current_r"": 0.0, ""best_r"": 0.0, ""absolute_delta"": 0.0, ""tau"": 0.00035, ""chosen_gpu"": 1}, {""model"": ""model_4"", ""current_gpu"": 1, ""best_gpu"": 1, ""current_r"": 0.030755492895800148, ""best_r"": 0.030755492895800148, ""absolute_delta"": 0.0, ""tau"": 0.00035, ""chosen_gpu"": 1}]"
bursty,8,1,70,1787596536.3575342,0.00035,0.050445480962852146,0.050445480962852146,0.03952753234654589,1+2,1+2,"{""model_3"": 1, ""model_4"": 1, ""model_6"": 0}","{""model_3"": 1, ""model_4"": 1, ""model_6"": 0}",0,,False,,line-8 placement unchanged or every candidate blocked,0,0,,,,,,3,0,0,0.0,"[{""model"": ""model_6"", ""current_gpu"": 0, ""best_gpu"": 0, ""current_r"": 0.0, ""best_r"": 0.0, ""absolute_delta"": 0.0, ""tau"": 0.00035, ""chosen_gpu"": 0}, {""model"": ""model_3"", ""current_gpu"": 1, ""best_gpu"": 1, ""current_r"": 0.0, ""best_r"": 0.0, ""absolute_delta"": 0.0, ""tau"": 0.00035, ""chosen_gpu"": 1}, {""model"": ""model_4"", ""current_gpu"": 1, ""best_gpu"": 1, ""current_r"": 0.03316542681386833, ""best_r"": 0.03316542681386833, ""absolute_delta"": 0.0, ""tau"": 0.00035, ""chosen_gpu"": 1}]"
bursty,8,1,71,1787596541.4118474,0.00035,0.03694805624518536,0.03694805624518536,0.036591927453342894,1+2,1+2,"{""model_3"": 1, ""model_4"": 1, ""model_6"": 0}","{""model_3"": 1, ""model_4"": 1, ""model_6"": 0}",0,,False,,line-8 placement unchanged or every candidate blocked,0,0,,,,,,3,1,1,0.0,"[{""model"": ""model_3"", ""current_gpu"": 1, ""best_gpu"": 0, ""current_r"": 0.0, ""best_r"": 0.0, ""absolute_delta"": 0.0, ""tau"": 0.00035, ""chosen_gpu"": 1}, {""model"": ""model_6"", ""current_gpu"": 0, ""best_gpu"": 0, ""current_r"": 0.0, ""best_r"": 0.0, ""absolute_delta"": 0.0, ""tau"": 0.00035, ""chosen_gpu"": 0}, {""model"": ""model_4"", ""current_gpu"": 1, ""best_gpu"": 1, ""current_r"": 0.0330104893900183, ""best_r"": 0.0330104893900183, ""absolute_delta"": 0.0, ""tau"": 0.00035, ""chosen_gpu"": 1}]"
bursty,8,1,72,1787596546.465191,0.00035,0.03641385001396645,0.030814408139889452,0.03641385001396645,1+2,1+2,"{""model_3"": 1, ""model_4"": 1, ""model_6"": 0}","{""model_3"": 1, ""model_4"": 0, ""model_6"": 0}",1,model_4,False,MIGRATE,literal line-8 absolute delta exceeds tau,1,0,,model_4,1,0,0.03385565774115088,3,2,1,0.002698286091061732,"[{""model"": ""model_3"", ""current_gpu"": 1, ""best_gpu"": 0, ""current_r"": 0.0, ""best_r"": 0.0, ""absolute_delta"": 0.0, ""tau"": 0.00035, ""chosen_gpu"": 1}, {""model"": ""model_6"", ""current_gpu"": 0, ""best_gpu"": 0, ""current_r"": 0.0, ""best_r"": 0.0, ""absolute_delta"": 0.0, ""tau"": 0.00035, ""chosen_gpu"": 0}, {""model"": ""model_4"", ""current_gpu"": 1, ""best_gpu"": 0, ""current_r"": 0.033512694230951184, ""best_r"": 0.030814408139889452, ""absolute_delta"": 0.002698286091061732, ""tau"": 0.00035, ""chosen_gpu"": 0}]"
bursty,8,1,73,1787596551.5180266,0.00035,0.03897849109815779,0.034945949492612434,0.03897849109815779,1+2,1+2,"{""model_3"": 1, ""model_4"": 0, ""model_6"": 0}","{""model_3"": 1, ""model_4"": 0, ""model_6"": 0}",0,,True,,migration cooldown active,0,0,,,,,,3,1,1,0.0,"[{""model"": ""model_3"", ""current_gpu"": 1, ""best_gpu"": 0, ""current_r"": 0.0, ""best_r"": 0.0, ""absolute_delta"": 0.0, ""tau"": 0.00035, ""chosen_gpu"": 1}, {""model"": ""model_6"", ""current_gpu"": 0, ""best_gpu"": 0, ""current_r"": 0.0, ""best_r"": 0.0, ""absolute_delta"": 0.0, ""tau"": 0.00035, ""chosen_gpu"": 0}, {""model"": ""model_4"", ""current_gpu"": 0, ""best_gpu"": 0, ""current_r"": 0.03180675911643701, ""best_r"": 0.03180675911643701, ""absolute_delta"": 0.0, ""tau"": 0.00035, ""chosen_gpu"": 0}]"
bursty,8,1,74,1787596556.587008,0.00035,0.09943912398921569,0.09943912398921569,0.025512778205570644,1+3,2+2,"{""model_3"": 1, ""model_4"": 0, ""model_5"": 0, ""model_6"": 0}","{""model_3"": 1, ""model_4"": 0, ""model_5"": 0, ""model_6"": 1}",1,model_6,True,,migration cooldown active,1,0,,,,,,4,1,0,0.03899471736126833,"[{""model"": ""model_5"", ""current_gpu"": 0, ""best_gpu"": 0, ""current_r"": 0.0, ""best_r"": 0.0, ""absolute_delta"": 0.0, ""tau"": 0.00035, ""chosen_gpu"": 0}, {""model"": ""model_6"", ""current_gpu"": 0, ""best_gpu"": 1, ""current_r"": 0.03899471736126833, ""best_r"": 0.0, ""absolute_delta"": 0.03899471736126833, ""tau"": 0.00035, ""chosen_gpu"": 1}, {""model"": ""model_3"", ""current_gpu"": 1, ""best_gpu"": 1, ""current_r"": 0.02890823502170125, ""best_r"": 0.02890823502170125, ""absolute_delta"": 0.0, ""tau"": 0.00035, ""chosen_gpu"": 1}, {""model"": ""model_4"", ""current_gpu"": 0, ""best_gpu"": 0, ""current_r"": 0.03899471736126833, ""best_r"": 0.03899471736126833, ""absolute_delta"": 0.0, ""tau"": 0.00035, ""chosen_gpu"": 0}]"
bursty,8,1,75,1787596561.6616688,0.00035,0.1317239526796022,0.1317239526796022,0.026909258952301705,1+3,2+2,"{""model_3"": 1, ""model_4"": 0, ""model_5"": 0, ""model_6"": 0}","{""model_3"": 1, ""model_4"": 0, ""model_5"": 0, ""model_6"": 1}",1,model_6,True,,migration cooldown active,1,0,,,,,,4,1,0,0.05919273419819048,"[{""model"": ""model_5"", ""current_gpu"": 0, ""best_gpu"": 0, ""current_r"": 0.0, ""best_r"": 0.0, ""absolute_delta"": 0.0, ""tau"": 0.00035, ""chosen_gpu"": 0}, {""model"": ""model_6"", ""current_gpu"": 0, ""best_gpu"": 1, ""current_r"": 0.05919273419819048, ""best_r"": 0.0, ""absolute_delta"": 0.05919273419819048, ""tau"": 0.00035, ""chosen_gpu"": 1}, {""model"": ""model_3"", ""current_gpu"": 1, ""best_gpu"": 1, ""current_r"": 0.03084867679813877, ""best_r"": 0.03084867679813877, ""absolute_delta"": 0.0, ""tau"": 0.00035, ""chosen_gpu"": 1}, {""model"": ""model_4"", ""current_gpu"": 0, ""best_gpu"": 0, ""current_r"": 0.05919273419819048, ""best_r"": 0.05919273419819048, ""absolute_delta"": 0.0, ""tau"": 0.00035, ""chosen_gpu"": 0}]"
bursty,8,1,76,1787596566.727876,0.00035,0.13529486644640915,0.13529486644640915,0.04673480288890834,1+3,2+2,"{""model_3"": 1, ""model_4"": 0, ""model_5"": 0, ""model_6"": 0}","{""model_3"": 1, ""model_4"": 0, ""model_5"": 0, ""model_6"": 1}",1,model_6,True,,migration cooldown active,1,0,,,,,,4,1,0,0.014120684760881172,"[{""model"": ""model_5"", ""current_gpu"": 0, ""best_gpu"": 0, ""current_r"": 0.0, ""best_r"": 0.0, ""absolute_delta"": 0.0, ""tau"": 0.00035, ""chosen_gpu"": 0}, {""model"": ""model_3"", ""current_gpu"": 1, ""best_gpu"": 1, ""current_r"": 0.0, ""best_r"": 0.0, ""absolute_delta"": 0.0, ""tau"": 0.00035, ""chosen_gpu"": 1}, {""model"": ""model_6"", ""current_gpu"": 0, ""best_gpu"": 1, ""current_r"": 0.060855487649789514, ""best_r"": 0.04673480288890834, ""absolute_delta"": 0.014120684760881172, ""tau"": 0.00035, ""chosen_gpu"": 1}, {""model"": ""model_4"", ""current_gpu"": 0, ""best_gpu"": 0, ""current_r"": 0.060855487649789514, ""best_r"": 0.060855487649789514, ""absolute_delta"": 0.0, ""tau"": 0.00035, ""chosen_gpu"": 0}]"
bursty,8,1,77,1787596571.796184,0.00035,0.17890548694419423,0.17890548694419423,0.038444755236594116,1+2,1+2,"{""model_3"": 1, ""model_5"": 0, ""model_6"": 0}","{""model_3"": 1, ""model_5"": 0, ""model_6"": 1}",1,model_6,True,,migration cooldown active,1,0,,,,,,3,1,0,0.06309703468153398,"[{""model"": ""model_5"", ""current_gpu"": 0, ""best_gpu"": 0, ""current_r"": 0.0, ""best_r"": 0.0, ""absolute_delta"": 0.0, ""tau"": 0.00035, ""chosen_gpu"": 0}, {""model"": ""model_3"", ""current_gpu"": 1, ""best_gpu"": 1, ""current_r"": 0.0, ""best_r"": 0.0, ""absolute_delta"": 0.0, ""tau"": 0.00035, ""chosen_gpu"": 1}, {""model"": ""model_6"", ""current_gpu"": 0, ""best_gpu"": 1, ""current_r"": 0.1015417899181281, ""best_r"": 0.038444755236594116, ""absolute_delta"": 0.06309703468153398, ""tau"": 0.00035, ""chosen_gpu"": 1}]"
bursty,8,1,78,1787596576.8648264,0.00035,0.16011016209805493,0.16011016209805493,0.05469251026119064,1+2,1+2,"{""model_3"": 1, ""model_5"": 0, ""model_6"": 0}","{""model_3"": 1, ""model_5"": 0, ""model_6"": 1}",1,model_6,False,MIGRATE,literal line-8 absolute delta exceeds tau,1,0,,model_6,0,1,0.10945854253968255,3,1,0,0.031627880223096067,"[{""model"": ""model_5"", ""current_gpu"": 0, ""best_gpu"": 0, ""current_r"": 0.0, ""best_r"": 0.0, ""absolute_delta"": 0.0, ""tau"": 0.00035, ""chosen_gpu"": 0}, {""model"": ""model_3"", ""current_gpu"": 1, ""best_gpu"": 1, ""current_r"": 0.0, ""best_r"": 0.0, ""absolute_delta"": 0.0, ""tau"": 0.00035, ""chosen_gpu"": 1}, {""model"": ""model_6"", ""current_gpu"": 0, ""best_gpu"": 1, ""current_r"": 0.0863203904842867, ""best_r"": 0.05469251026119064, ""absolute_delta"": 0.031627880223096067, ""tau"": 0.00035, ""chosen_gpu"": 1}]"
bursty,8,1,79,1787596581.9717922,0.00035,0.13989297006581053,0.13989297006581053,0.06331063584812119,1+2,1+2,"{""model_3"": 1, ""model_5"": 0, ""model_6"": 1}","{""model_3"": 1, ""model_5"": 0, ""model_6"": 1}",0,,True,,migration cooldown active,0,0,,,,,,3,0,0,0.0,"[{""model"": ""model_5"", ""current_gpu"": 0, ""best_gpu"": 0, ""current_r"": 0.0, ""best_r"": 0.0, ""absolute_delta"": 0.0, ""tau"": 0.00035, ""chosen_gpu"": 0}, {""model"": ""model_3"", ""current_gpu"": 1, ""best_gpu"": 1, ""current_r"": 0.0, ""best_r"": 0.0, ""absolute_delta"": 0.0, ""tau"": 0.00035, ""chosen_gpu"": 1}, {""model"": ""model_6"", ""current_gpu"": 1, ""best_gpu"": 1, ""current_r"": 0.031041429399387848, ""best_r"": 0.031041429399387848, ""absolute_delta"": 0.0, ""tau"": 0.00035, ""chosen_gpu"": 1}]"
bursty,8,1,80,1787596587.0271616,0.00035,0.09210699102145435,0.09210699102145435,0.07066505898457805,2+2,1+3,"{""model_3"": 1, ""model_4"": 0, ""model_5"": 0, ""model_6"": 1}","{""model_3"": 1, ""model_4"": 1, ""model_5"": 0, ""model_6"": 1}",1,model_4,True,,migration cooldown active,1,1,target memory infeasible,,,,,4,1,0,0.007634547035629241,"[{""model"": ""model_5"", ""current_gpu"": 0, ""best_gpu"": 0, ""current_r"": 0.0, ""best_r"": 0.0, ""absolute_delta"": 0.0, ""tau"": 0.00035, ""chosen_gpu"": 0}, {""model"": ""model_6"", ""current_gpu"": 1, ""best_gpu"": 1, ""current_r"": 0.0, ""best_r"": 0.0, ""absolute_delta"": 0.0, ""tau"": 0.00035, ""chosen_gpu"": 1}, {""model"": ""model_3"", ""current_gpu"": 1, ""best_gpu"": 1, ""current_r"": 0.036170591250321106, ""best_r"": 0.036170591250321106, ""absolute_delta"": 0.0, ""tau"": 0.00035, ""chosen_gpu"": 1}, {""model"": ""model_4"", ""current_gpu"": 0, ""best_gpu"": 1, ""current_r"": 0.07829960602020729, ""best_r"": 0.07066505898457805, ""absolute_delta"": 0.007634547035629241, ""tau"": 0.00035, ""chosen_gpu"": 1}]"
bursty,8,1,81,1787596592.0848963,0.00035,0.08848757589051787,0.08848757589051787,0.06291710675996165,2+2,1+3,"{""model_3"": 1, ""model_4"": 0, ""model_5"": 0, ""model_6"": 1}","{""model_3"": 1, ""model_4"": 1, ""model_5"": 0, ""model_6"": 1}",1,model_4,True,,migration cooldown active,1,1,target memory infeasible,,,,,4,1,0,0.008096914906462652,"[{""model"": ""model_5"", ""current_gpu"": 0, ""best_gpu"": 0, ""current_r"": 0.0, ""best_r"": 0.0, ""absolute_delta"": 0.0, ""tau"": 0.00035, ""chosen_gpu"": 0}, {""model"": ""model_6"", ""current_gpu"": 1, ""best_gpu"": 1, ""current_r"": 0.0, ""best_r"": 0.0, ""absolute_delta"": 0.0, ""tau"": 0.00035, ""chosen_gpu"": 1}, {""model"": ""model_3"", ""current_gpu"": 1, ""best_gpu"": 1, ""current_r"": 0.039157633789765535, ""best_r"": 0.039157633789765535, ""absolute_delta"": 0.0, ""tau"": 0.00035, ""chosen_gpu"": 1}, {""model"": ""model_4"", ""current_gpu"": 0, ""best_gpu"": 1, ""current_r"": 0.0710140216664243, ""best_r"": 0.06291710675996165, ""absolute_delta"": 0.008096914906462652, ""tau"": 0.00035, ""chosen_gpu"": 1}]"
bursty,8,1,82,1787596597.1438696,0.00035,0.09662212854232119,0.09662212854232119,0.04874018959633296,2+2,1+3,"{""model_3"": 1, ""model_4"": 0, ""model_5"": 0, ""model_6"": 1}","{""model_3"": 1, ""model_4"": 1, ""model_5"": 0, ""model_6"": 1}",1,model_4,True,,migration cooldown active,1,1,target memory infeasible,,,,,4,1,0,0.029687905208873835,"[{""model"": ""model_5"", ""current_gpu"": 0, ""best_gpu"": 0, ""current_r"": 0.0, ""best_r"": 0.0, ""absolute_delta"": 0.0, ""tau"": 0.00035, ""chosen_gpu"": 0}, {""model"": ""model_6"", ""current_gpu"": 1, ""best_gpu"": 1, ""current_r"": 0.0, ""best_r"": 0.0, ""absolute_delta"": 0.0, ""tau"": 0.00035, ""chosen_gpu"": 1}, {""model"": ""model_3"", ""current_gpu"": 1, ""best_gpu"": 1, ""current_r"": 0.03203783668535903, ""best_r"": 0.03203783668535903, ""absolute_delta"": 0.0, ""tau"": 0.00035, ""chosen_gpu"": 1}, {""model"": ""model_4"", ""current_gpu"": 0, ""best_gpu"": 1, ""current_r"": 0.0784280948052068, ""best_r"": 0.04874018959633296, ""absolute_delta"": 0.029687905208873835, ""tau"": 0.00035, ""chosen_gpu"": 1}]"
bursty,8,1,83,1787596602.2344575,0.00035,0.11471912597587797,0.11471912597587797,0.03863100074226484,2+2,1+3,"{""model_3"": 1, ""model_4"": 0, ""model_5"": 0, ""model_6"": 1}","{""model_3"": 1, ""model_4"": 1, ""model_5"": 0, ""model_6"": 1}",1,model_4,True,,migration cooldown active,1,1,target memory infeasible,,,,,4,1,0,0.06616694288788096,"[{""model"": ""model_5"", ""current_gpu"": 0, ""best_gpu"": 0, ""current_r"": 0.0, ""best_r"": 0.0, ""absolute_delta"": 0.0, ""tau"": 0.00035, ""chosen_gpu"": 0}, {""model"": ""model_6"", ""current_gpu"": 1, ""best_gpu"": 1, ""current_r"": 0.0, ""best_r"": 0.0, ""absolute_delta"": 0.0, ""tau"": 0.00035, ""chosen_gpu"": 1}, {""model"": ""model_4"", ""current_gpu"": 0, ""best_gpu"": 1, ""current_r"": 0.09578415149318982, ""best_r"": 0.029617208605308865, ""absolute_delta"": 0.06616694288788096, ""tau"": 0.00035, ""chosen_gpu"": 1}, {""model"": ""model_3"", ""current_gpu"": 1, ""best_gpu"": 1, ""current_r"": 0.04176661271196986, ""best_r"": 0.04176661271196986, ""absolute_delta"": 0.0, ""tau"": 0.00035, ""chosen_gpu"": 1}]"
bursty,8,1,84,1787596607.3166447,0.00035,0.11483449727152306,0.11483449727152306,0.028430238032334347,2+2,1+3,"{""model_3"": 1, ""model_4"": 0, ""model_5"": 0, ""model_6"": 1}","{""model_3"": 1, ""model_4"": 1, ""model_5"": 0, ""model_6"": 1}",1,model_4,False,,line-8 placement unchanged or every candidate blocked,1,1,target memory infeasible,,,,,4,1,0,0.06911457120178865,"[{""model"": ""model_5"", ""current_gpu"": 0, ""best_gpu"": 0, ""current_r"": 0.0, ""best_r"": 0.0, ""absolute_delta"": 0.0, ""tau"": 0.00035, ""chosen_gpu"": 0}, {""model"": ""model_6"", ""current_gpu"": 1, ""best_gpu"": 1, ""current_r"": 0.0, ""best_r"": 0.0, ""absolute_delta"": 0.0, ""tau"": 0.00035, ""chosen_gpu"": 1}, {""model"": ""model_4"", ""current_gpu"": 0, ""best_gpu"": 1, ""current_r"": 0.09491912846433594, ""best_r"": 0.025804557262547278, ""absolute_delta"": 0.06911457120178865, ""tau"": 0.00035, ""chosen_gpu"": 1}, {""model"": ""model_3"", ""current_gpu"": 1, ""best_gpu"": 1, ""current_r"": 0.03863022514696339, ""best_r"": 0.03863022514696339, ""absolute_delta"": 0.0, ""tau"": 0.00035, ""chosen_gpu"": 1}]"
bursty,8,1,85,1787596612.3786764,0.00035,0.09031016253974887,0.09031016253974887,0.025766699872253603,2+2,1+3,"{""model_3"": 1, ""model_4"": 0, ""model_5"": 0, ""model_6"": 1}","{""model_3"": 1, ""model_4"": 1, ""model_5"": 0, ""model_6"": 1}",1,model_4,False,,line-8 placement unchanged or every candidate blocked,1,1,target memory infeasible,,,,,4,1,0,0.05139450036053794,"[{""model"": ""model_5"", ""current_gpu"": 0, ""best_gpu"": 0, ""current_r"": 0.0, ""best_r"": 0.0, ""absolute_delta"": 0.0, ""tau"": 0.00035, ""chosen_gpu"": 0}, {""model"": ""model_6"", ""current_gpu"": 1, ""best_gpu"": 1, ""current_r"": 0.0, ""best_r"": 0.0, ""absolute_delta"": 0.0, ""tau"": 0.00035, ""chosen_gpu"": 1}, {""model"": ""model_4"", ""current_gpu"": 0, ""best_gpu"": 1, ""current_r"": 0.07478151110467009, ""best_r"": 0.023387010744132145, ""absolute_delta"": 0.05139450036053794, ""tau"": 0.00035, ""chosen_gpu"": 1}, {""model"": ""model_3"", ""current_gpu"": 1, ""best_gpu"": 1, ""current_r"": 0.03363397375398045, ""best_r"": 0.03363397375398045, ""absolute_delta"": 0.0, ""tau"": 0.00035, ""chosen_gpu"": 1}]"
bursty,8,1,86,1787596617.4377537,0.00035,0.05295434659353785,0.05295434659353785,0.012973682771539964,2+2,1+3,"{""model_3"": 1, ""model_4"": 0, ""model_5"": 0, ""model_6"": 1}","{""model_3"": 1, ""model_4"": 1, ""model_5"": 0, ""model_6"": 1}",1,model_4,False,,line-8 placement unchanged or every candidate blocked,1,1,target memory infeasible,,,,,4,1,0,0.032190093343068146,"[{""model"": ""model_5"", ""current_gpu"": 0, ""best_gpu"": 0, ""current_r"": 0.0, ""best_r"": 0.0, ""absolute_delta"": 0.0, ""tau"": 0.00035, ""chosen_gpu"": 0}, {""model"": ""model_6"", ""current_gpu"": 1, ""best_gpu"": 1, ""current_r"": 0.0, ""best_r"": 0.0, ""absolute_delta"": 0.0, ""tau"": 0.00035, ""chosen_gpu"": 1}, {""model"": ""model_4"", ""current_gpu"": 0, ""best_gpu"": 1, ""current_r"": 0.04396558884203559, ""best_r"": 0.01177549549896744, ""absolute_delta"": 0.032190093343068146, ""tau"": 0.00035, ""chosen_gpu"": 1}, {""model"": ""model_3"", ""current_gpu"": 1, ""best_gpu"": 1, ""current_r"": 0.017466092248262413, ""best_r"": 0.017466092248262413, ""absolute_delta"": 0.0, ""tau"": 0.00035, ""chosen_gpu"": 1}]"
